Warning: m=xx on .subckt line will override multiplier m hierarchy!



The temperature limiting function received NaN.
Please check your power dissipation and improve your heat sink Rth!
    This message will be shown only once.

Note: Starting dynamic gmin stepping
Note: Dynamic gmin stepping completed

Note: Compatibility modes selected: hs a


Circuit: * sg13g2-bandgap -- bandgap_core open-loop pvt testbench (issues #10, #22)

Doing analysis at TEMP = 125.000000 and TNOM = 27.000000

Using SPARSE 1.3 as Direct Linear Solver
 Reference value :  0.00000e+00Note: Starting dynamic gmin stepping
Note: Dynamic gmin stepping completed

No. of Data Rows : 1
v(vref) = 9.283776e-01
v(fb) = 2.262368e+00
v(sns1) = 5.802243e-01
v(sns2) = 5.622617e-01
v(cb2) = 5.061904e-01
v(cb3) = 5.807505e-01
i(vm1) = 5.081045e-06
i(vm2) = 5.126401e-06
i(vm3) = 5.156180e-06
Doing analysis at TEMP = 125.000000 and TNOM = 27.000000

Using SPARSE 1.3 as Direct Linear Solver

No. of Data Rows : 1
	Node                                  Voltage
	----                                  -------
	----	-------
	n.xr2.nr1#flow(b_re2)            -5.12640e-06
	n.xr2.nr1#flow(b_re1)            5.126401e-06
	n.xr2.nr1#i2                     5.062718e-01
	n.xr2.nr1#i1                     5.621803e-01
	n.xr1.nr1#flow(b_re2)            -5.15618e-06
	n.xr1.nr1#flow(b_re1)            5.156180e-06
	n.xr1.nr1#i2                     5.808323e-01
	n.xr1.nr1#i1                     9.282957e-01
	n.xm0.nsg13_hv_pmos#BS           0.000000e+00
	n.xm0.nsg13_hv_pmos#BI           2.970000e+00
	n.xm0.nsg13_hv_pmos#BP           2.970000e+00
	n.xm0.nsg13_hv_pmos#DI           2.970000e+00
	n.xm0.nsg13_hv_pmos#SI           2.970000e+00
	n.xm0.nsg13_hv_pmos#GP           2.262368e+00
	n.xm0.nsg13_hv_pmos#NOI          0.000000e+00
	n.xm1.nsg13_hv_pmos#BS           0.000000e+00
	n.xm1.nsg13_hv_pmos#BI           2.970000e+00
	n.xm1.nsg13_hv_pmos#BP           2.970000e+00
	n.xm1.nsg13_hv_pmos#DI           2.970000e+00
	n.xm1.nsg13_hv_pmos#SI           2.970000e+00
	n.xm1.nsg13_hv_pmos#GP           2.262368e+00
	n.xm1.nsg13_hv_pmos#NOI          0.000000e+00
	n.xm2a.nsg13_hv_pmos#BS          0.000000e+00
	n.xm2a.nsg13_hv_pmos#BI          2.970000e+00
	n.xm2a.nsg13_hv_pmos#BP          2.970000e+00
	n.xm2a.nsg13_hv_pmos#DI          2.970000e+00
	n.xm2a.nsg13_hv_pmos#SI          2.970000e+00
	n.xm2a.nsg13_hv_pmos#GP          2.262368e+00
	n.xm2a.nsg13_hv_pmos#NOI         0.000000e+00
	n.xm2b.nsg13_hv_pmos#BS          0.000000e+00
	n.xm2b.nsg13_hv_pmos#BI          2.970000e+00
	n.xm2b.nsg13_hv_pmos#BP          2.970000e+00
	n.xm2b.nsg13_hv_pmos#DI          2.970000e+00
	n.xm2b.nsg13_hv_pmos#SI          2.970000e+00
	n.xm2b.nsg13_hv_pmos#GP          2.262368e+00
	n.xm2b.nsg13_hv_pmos#NOI         0.000000e+00
	n.xm3a.nsg13_hv_pmos#BS          0.000000e+00
	n.xm3a.nsg13_hv_pmos#BI          2.970000e+00
	n.xm3a.nsg13_hv_pmos#BP          2.970000e+00
	n.xm3a.nsg13_hv_pmos#DI          2.970000e+00
	n.xm3a.nsg13_hv_pmos#SI          2.970000e+00
	n.xm3a.nsg13_hv_pmos#GP          2.262368e+00
	n.xm3a.nsg13_hv_pmos#NOI         0.000000e+00
	n.xm3b.nsg13_hv_pmos#BS          0.000000e+00
	n.xm3b.nsg13_hv_pmos#BI          2.970000e+00
	n.xm3b.nsg13_hv_pmos#BP          2.970000e+00
	n.xm3b.nsg13_hv_pmos#DI          2.970000e+00
	n.xm3b.nsg13_hv_pmos#SI          2.970000e+00
	n.xm3b.nsg13_hv_pmos#GP          2.262368e+00
	n.xm3b.nsg13_hv_pmos#NOI         0.000000e+00
	n.xm3c.nsg13_hv_pmos#BS          0.000000e+00
	n.xm3c.nsg13_hv_pmos#BI          2.970000e+00
	n.xm3c.nsg13_hv_pmos#BP          2.970000e+00
	n.xm3c.nsg13_hv_pmos#DI          2.970000e+00
	n.xm3c.nsg13_hv_pmos#SI          2.970000e+00
	n.xm3c.nsg13_hv_pmos#GP          2.262368e+00
	n.xm3c.nsg13_hv_pmos#NOI         0.000000e+00
	q.xq1.qnpn13g2#collCI            5.796801e-01
	q.xq1.qnpn13g2#substrate         3.436305e-08
	q.xq2.qnpn13g2#collCI            5.061218e-01
	q.xq2.qnpn13g2#substrate         4.125297e-07
	q.xq3.qnpn13g2#collCI            5.801983e-01
	q.xq3.qnpn13g2#substrate         3.436486e-08
	xq3.t                            3.399276e-02
	xq3.s1                           3.423409e-08
	xr1.dt                           0.000000e+00
	cb3                              5.807505e-01
	xq2.t                            4.533345e-03
	xq2.s1                           4.119576e-07
	xr2.dt                           0.000000e+00
	cb2                              5.061904e-01
	xq1.t                            3.346711e-02
	xq1.s1                           3.423229e-08
	vref                             9.283776e-01
	m3d                              9.283776e-01
	sns2                             5.622617e-01
	m2d                              5.622617e-01
	sns1                             5.802243e-01
	m1d                              5.802243e-01
	fb                               2.262368e+00
	sub!                             0.000000e+00
	vss                              0.000000e+00
	vdd                              2.970000e+00

	Source	Current
	------	-------

	vvdd#branch                      -2.03636e-05
	vvss#branch                      2.036363e-05
	vsub#branch                      0.000000e+00
	vm1#branch                       5.081045e-06
	vm2#branch                       5.126401e-06
	vm3#branch                       5.156180e-06

 Capacitor models (Fixed capacitor)
      model                     C

        cap                     0
         cj                     0
       cjsw                     0
       defw                 1e-05
       defl                     0
     narrow                     0
      short                     0
        del                     0
        tc1                     0
        tc2                     0
         di                     0
      thick                     0
     bv_max                 1e+99

 Resistor models (Simple linear resistor)
      model                     R

        rsh                     0
     narrow                     0
      short                     0
        tc1                     0
        tc2                     0
        tce                     0
       defw                 1e-05
          l                 1e-05
         kf                     0
         af                     0
          r                     0
     bv_max                 1e+99
         lf                     1
         wf                     1
         ef                     1

 VBIC models (Vertical Bipolar Inter-Company Model)
      model   xq3:npn13g2_nx_vbic   xq2:npn13g2_nx_vbic   xq1:npn13g2_nx_vbic

       type                   npn                   npn                   npn
      selft                     0                     0                     0
       tnom                    27                    27                    27
        rcx                    52                   6.5                    52
        rci                  51.6                  6.45                  51.6
         vo                   0.8                   0.8                   0.8
       gamm              2.25e-14              2.25e-14              2.25e-14
       hrcf                  1000                  1000                  1000
        rbx               25.8637               3.58719               25.8637
        rbi               82.1069               11.3879               82.1069
         re                 28.52                 3.565                 28.52
         rs                     1                     1                     1
        rbp                    22                  2.75                    22
         is            1.2025e-17              9.62e-17            1.2025e-17
         nf                 1.018                 1.018                 1.018
         nr                  1.01                  1.01                  1.01
         fc                   0.8                   0.8                   0.8
       cbeo           2.07053e-16           1.57251e-15           2.07053e-16
        cje           2.17872e-15           1.65468e-14           2.17872e-15
         pe                  0.92                  0.92                  0.92
         me                  0.12                  0.12                  0.12
        aje                  -0.5                  -0.5                  -0.5
       cbco               5.9e-16              4.72e-15               5.9e-16
        cjc             3.825e-16              3.06e-15             3.825e-16
        qco                 1e-18                 1e-18                 1e-18
       cjep               8.9e-16              7.12e-15               8.9e-16
         pc                 0.558                 0.558                 0.558
         mc                  0.12                  0.12                  0.12
        ajc                  -0.5                  -0.5                  -0.5
       cjcp           1.50424e-15           7.93942e-15           1.50424e-15
         ps                  0.46                  0.46                  0.46
         ms                  0.23                  0.23                  0.23
        ajs                  -0.5                  -0.5                  -0.5
       ibei              4.75e-20               3.8e-19              4.75e-20
        wbe                     1                     1                     1
        nei                 1.066                 1.066                 1.066
       iben                 1e-16                 8e-16                 1e-16
        nen                     2                     2                     2
       ibci              3.75e-21                 3e-20              3.75e-21
        nci                 1.103                 1.103                 1.103
       ibcn               2.5e-16                 2e-15               2.5e-16
        ncn                  1.96                  1.96                  1.96
       avc1                   2.4                   2.4                   2.4
       avc2                 10.81                 10.81                 10.81
        isp                 1e-20                 8e-20                 1e-20
        wsp                     1                     1                     1
        nfp                  1.04                  1.04                  1.04
      ibeip                 1e-19                 8e-19                 1e-19
      ibenp                 5e-15                 4e-14                 5e-15
      ibcip           7.57858e-16           3.24901e-15           7.57858e-16
       ncip                     1                     1                     1
      ibcnp              1.25e-15                 1e-14              1.25e-15
       ncnp                   1.5                   1.5                   1.5
        vef                   189                   189                   189
        ver                   5.3                   5.3                   5.3
        ikf               0.00225                 0.018               0.00225
        ikr                0.0025                  0.02                0.0025
        ikp                     0                     0                     0
         tf           2.53511e-13           2.53511e-13           2.53511e-13
        qtf                 1e-18                 1e-18                 1e-18
        xtf                    10                    10                    10
        vtf                    20                    20                    20
        itf               0.14625                  1.17               0.14625
         tr               3.5e-13               3.5e-13               3.5e-13
         td                     0                     0                     0
        kfn               2.4e-08                 3e-09               2.4e-08
        afn                   1.8                   1.8                   1.8
        bfn                     1                     1                     1
        xre                 -0.42                 -0.42                 -0.42
       xrbi                     0                     0                     0
       xrci                     0                     0                     0
        xrs                   1.5                   1.5                   1.5
        xvo                   1.5                   1.5                   1.5
         ea                 1.056                 1.056                 1.056
       eaie                 1.056                 1.056                 1.056
       eaic                  1.12                  1.12                  1.12
       eais                  1.12                  1.12                  1.12
       eane                  1.12                  1.12                  1.12
       eanc                  1.12                  1.12                  1.12
       eans                  1.12                  1.12                  1.12
        xis                   2.3                   2.3                   2.3
        xii                   3.3                   3.3                   3.3
        xin                   3.3                   3.3                   3.3
        tnf               0.00015               0.00015               0.00015
       tavc              -0.00188              -0.00188              -0.00188
        rth                 11352               1746.99                 11352
        cth                 1e-12             3.091e-12                 1e-12
        vrt                     0                     0                     0
        art                   0.1                   0.1                   0.1
       ccso                     0                     0                     0
        qbm                     0                     0                     0
        nkf                   0.5                   0.5                   0.5
       xikf                     0                     0                     0
       xrcx                 0.245                 0.245                 0.245
       xrbx                   0.9                   0.9                   0.9
       xrbp                     0                     0                     0
       isrr                     1                     1                     1
       xisr                     0                     0                     0
       dear                     0                     0                     0
        eap                  1.12                  1.12                  1.12
       vbbe                     0                     0                     0
       nbbe                     1                     1                     1
       ibbe                 1e-06                 1e-06                 1e-06
     tvbbe1                     0                     0                     0
     tvbbe2                     0                     0                     0
      tnbbe                     0                     0                     0
       ebbe                     0                     0                     0
      dtemp                     0                     0                     0
       vers                   1.2                   1.2                   1.2
       vref                     0                     0                     0
    vbe_max                   1.6                   1.6                   1.6
    vbc_max                   5.1                   5.1                   5.1
    vce_max                   1.6                   1.6                   1.6
   vsub_max                 1e+99                 1e+99                 1e+99
     vbefwd                   0.2                   0.2                   0.2
     vbcfwd                   0.2                   0.2                   0.2
    vsubfwd                   0.2                   0.2                   0.2

 PSP103VA models (A simulator independent device loaded with OSDI)
      model xm3c:sg13g2_hv_pmos_p xm3b:sg13g2_hv_pmos_p xm3a:sg13g2_hv_pmos_p

      level                   104                   104                   104
       type                    -1                    -1                    -1
         tr                    27                    27                    27
      swgeo                     1                     1                     1
    swigate                     1                     1                     1
   swimpact                     1                     1                     1
     swgidl                     1                     1                     1
   swjuncap                     3                     3                     3
  swjunasym                     0                     0                     0
      swnud                     0                     0                     0
     swedge                     0                     0                     0
  swdelvtac                     0                     0                     0
      swign                     1                     1                     1
        qmc                     1                     1                     1
        vfb                    -1                    -1                    -1
      stvfb                0.0005                0.0005                0.0005
     st2vfb                     0                     0                     0
        tox                 2e-09                 2e-09                 2e-09
     epsrox                   3.9                   3.9                   3.9
       neff                 5e+23                 5e+23                 5e+23
  facneffac                     1                     1                     1
    gfacnud                     1                     1                     1
     vsbnud                     0                     0                     0
    dvsbnud                     1                     1                     1
      vnsub                     0                     0                     0
       nslp                  0.05                  0.05                  0.05
      dnsub                     0                     0                     0
      dphib                     0                     0                     0
    delvtac                     0                     0                     0
         np                 1e+26                 1e+26                 1e+26
      toxov                 2e-09                 2e-09                 2e-09
     toxovd                 2e-09                 2e-09                 2e-09
        nov                 5e+25                 5e+25                 5e+25
       novd                 5e+25                 5e+25                 5e+25
         ct                     0                     0                     0
        ctg                     0                     0                     0
        ctb                     0                     0                     0
       stct                     1                     1                     1
         cf                     0                     0                     0
        cfd                     0                     0                     0
        cfb                     0                     0                     0
       psce                     0                     0                     0
      psceb                     0                     0                     0
      psced                     0                     0                     0
       betn                  0.07                  0.07                  0.07
      stbet                     1                     1                     1
        mue                   0.5                   0.5                   0.5
      stmue                     0                     0                     0
      themu                   1.5                   1.5                   1.5
    stthemu                   1.5                   1.5                   1.5
         cs                     0                     0                     0
       stcs                     0                     0                     0
      thecs                     2                     2                     2
    stthecs                     0                     0                     0
       xcor                     0                     0                     0
     stxcor                     0                     0                     0
       feta                     1                     1                     1
         rs                    30                    30                    30
       strs                     1                     1                     1
        rsb                     0                     0                     0
        rsg                     0                     0                     0
     thesat                     1                     1                     1
   stthesat                     1                     1                     1
    thesatb                     0                     0                     0
    thesatg                     0                     0                     0
         ax                     3                     3                     3
        alp                  0.01                  0.01                  0.01
       alp1                     0                     0                     0
       alp2                     0                     0                     0
         vp                  0.05                  0.05                  0.05
         a1                     1                     1                     1
         a2                    10                    10                    10
       sta2                     0                     0                     0
         a3                     1                     1                     1
         a4                     0                     0                     0
        gco                     0                     0                     0
      iginv                     0                     0                     0
       igov                     0                     0                     0
      igovd                     0                     0                     0
       stig                     2                     2                     2
        gc2                 0.375                 0.375                 0.375
        gc3                 0.063                 0.063                 0.063
       chib                   3.1                   3.1                   3.1
      agidl                     0                     0                     0
     agidld                     0                     0                     0
      bgidl                    41                    41                    41
     bgidld                    41                    41                    41
    stbgidl                     0                     0                     0
   stbgidld                     0                     0                     0
      cgidl                     0                     0                     0
     cgidld                     0                     0                     0
        cox                 1e-14                 1e-14                 1e-14
       cgov                 1e-15                 1e-15                 1e-15
      cgovd                 1e-15                 1e-15                 1e-15
      cgbov                     0                     0                     0
        cfr                     0                     0                     0
       cfrd                     0                     0                     0
        fnt                     1                     1                     1
     fntexc                     0                     0                     0
        nfa                 8e+22                 8e+22                 8e+22
        nfb                 3e+07                 3e+07                 3e+07
        nfc                     0                     0                     0
         ef                     1                     1                     1
    vfbedge                    -1                    -1                    -1
  stvfbedge                0.0005                0.0005                0.0005
  dphibedge                     0                     0                     0
   neffedge                 5e+23                 5e+23                 5e+23
     ctedge                     0                     0                     0
   betnedge                0.0005                0.0005                0.0005
  stbetedge                     1                     1                     1
   psceedge                     0                     0                     0
  pscebedge                     0                     0                     0
  pscededge                     0                     0                     0
     cfedge                     0                     0                     0
    cfdedge                     0                     0                     0
    cfbedge                     0                     0                     0
    fntedge                     1                     1                     1
    nfaedge                 8e+22                 8e+22                 8e+22
    nfbedge                 3e+07                 3e+07                 3e+07
    nfcedge                     0                     0                     0
     efedge                     1                     1                     1
         rg                     0                     0                     0
        rse                     0                     0                     0
        rde                     0                     0                     0
      rbulk                     0                     0                     0
      rwell                     0                     0                     0
      rjuns                     0                     0                     0
      rjund                     0                     0                     0
      povfb                    -1                    -1                    -1
      plvfb                     0                     0                     0
      pwvfb                     0                     0                     0
     plwvfb                     0                     0                     0
    postvfb                0.0005                0.0005                0.0005
    plstvfb                     0                     0                     0
    pwstvfb                     0                     0                     0
   plwstvfb                     0                     0                     0
   post2vfb                     0                     0                     0
      potox                 2e-09                 2e-09                 2e-09
   poepsrox                   3.9                   3.9                   3.9
     poneff                 5e+23                 5e+23                 5e+23
     plneff                     0                     0                     0
     pwneff                     0                     0                     0
    plwneff                     0                     0                     0
pofacneffac                     1                     1                     1
plfacneffac                     0                     0                     0
pwfacneffac                     0                     0                     0
plwfacneffa                     0                     0                     0
  pogfacnud                     1                     1                     1
  plgfacnud                     0                     0                     0
  pwgfacnud                     0                     0                     0
 plwgfacnud                     0                     0                     0
   povsbnud                     0                     0                     0
  podvsbnud                     1                     1                     1
    povnsub                     0                     0                     0
     ponslp                  0.05                  0.05                  0.05
    podnsub                     0                     0                     0
    podphib                     0                     0                     0
    pldphib                     0                     0                     0
    pwdphib                     0                     0                     0
   plwdphib                     0                     0                     0
  podelvtac                     0                     0                     0
  pldelvtac                     0                     0                     0
  pwdelvtac                     0                     0                     0
 plwdelvtac                     0                     0                     0
       ponp                 1e+26                 1e+26                 1e+26
       plnp                     0                     0                     0
       pwnp                     0                     0                     0
      plwnp                     0                     0                     0
    potoxov                 2e-09                 2e-09                 2e-09
   potoxovd                 2e-09                 2e-09                 2e-09
      ponov                 5e+25                 5e+25                 5e+25
      plnov                     0                     0                     0
      pwnov                     0                     0                     0
     plwnov                     0                     0                     0
     ponovd                 5e+25                 5e+25                 5e+25
     plnovd                     0                     0                     0
     pwnovd                     0                     0                     0
    plwnovd                     0                     0                     0
       poct                     0                     0                     0
       plct                     0                     0                     0
       pwct                     0                     0                     0
      plwct                     0                     0                     0
      poctg                     0                     0                     0
      poctb                     0                     0                     0
     postct                     1                     1                     1
       pocf                     0                     0                     0
       plcf                     0                     0                     0
       pwcf                     0                     0                     0
      plwcf                     0                     0                     0
      pocfd                     0                     0                     0
      pocfb                     0                     0                     0
     popsce                     0                     0                     0
     plpsce                     0                     0                     0
     pwpsce                     0                     0                     0
    plwpsce                     0                     0                     0
    popsceb                     0                     0                     0
    popsced                     0                     0                     0
     pobetn                  0.07                  0.07                  0.07
     plbetn                     0                     0                     0
     pwbetn                     0                     0                     0
    plwbetn                     0                     0                     0
    postbet                     1                     1                     1
    plstbet                     0                     0                     0
    pwstbet                     0                     0                     0
   plwstbet                     0                     0                     0
      pomue                   0.5                   0.5                   0.5
      plmue                     0                     0                     0
      pwmue                     0                     0                     0
     plwmue                     0                     0                     0
    postmue                     0                     0                     0
    pothemu                   1.5                   1.5                   1.5
  postthemu                   1.5                   1.5                   1.5
       pocs                     0                     0                     0
       plcs                     0                     0                     0
       pwcs                     0                     0                     0
      plwcs                     0                     0                     0
     postcs                     0                     0                     0
    pothecs                     2                     2                     2
  postthecs                     0                     0                     0
     poxcor                     0                     0                     0
     plxcor                     0                     0                     0
     pwxcor                     0                     0                     0
    plwxcor                     0                     0                     0
   postxcor                     0                     0                     0
     pofeta                     1                     1                     1
       pors                    30                    30                    30
       plrs                     0                     0                     0
       pwrs                     0                     0                     0
      plwrs                     0                     0                     0
     postrs                     1                     1                     1
      porsb                     0                     0                     0
      porsg                     0                     0                     0
   pothesat                     1                     1                     1
   plthesat                     0                     0                     0
   pwthesat                     0                     0                     0
  plwthesat                     0                     0                     0
 postthesat                     1                     1                     1
 plstthesat                     0                     0                     0
 pwstthesat                     0                     0                     0
plwstthesat                     0                     0                     0
  pothesatb                     0                     0                     0
  plthesatb                     0                     0                     0
  pwthesatb                     0                     0                     0
 plwthesatb                     0                     0                     0
  pothesatg                     0                     0                     0
  plthesatg                     0                     0                     0
  pwthesatg                     0                     0                     0
 plwthesatg                     0                     0                     0
       poax                     3                     3                     3
       plax                     0                     0                     0
       pwax                     0                     0                     0
      plwax                     0                     0                     0
      poalp                  0.01                  0.01                  0.01
      plalp                     0                     0                     0
      pwalp                     0                     0                     0
     plwalp                     0                     0                     0
     poalp1                     0                     0                     0
     plalp1                     0                     0                     0
     pwalp1                     0                     0                     0
    plwalp1                     0                     0                     0
     poalp2                     0                     0                     0
     plalp2                     0                     0                     0
     pwalp2                     0                     0                     0
    plwalp2                     0                     0                     0
       povp                  0.05                  0.05                  0.05
       poa1                     1                     1                     1
       pla1                     0                     0                     0
       pwa1                     0                     0                     0
      plwa1                     0                     0                     0
       poa2                    10                    10                    10
     posta2                     0                     0                     0
       poa3                     1                     1                     1
       pla3                     0                     0                     0
       pwa3                     0                     0                     0
      plwa3                     0                     0                     0
       poa4                     0                     0                     0
       pla4                     0                     0                     0
       pwa4                     0                     0                     0
      plwa4                     0                     0                     0
      pogco                     0                     0                     0
    poiginv                     0                     0                     0
    pliginv                     0                     0                     0
    pwiginv                     0                     0                     0
   plwiginv                     0                     0                     0
     poigov                     0                     0                     0
     pligov                     0                     0                     0
     pwigov                     0                     0                     0
    plwigov                     0                     0                     0
    poigovd                     0                     0                     0
    pligovd                     0                     0                     0
    pwigovd                     0                     0                     0
   plwigovd                     0                     0                     0
     postig                     2                     2                     2
      pogc2                 0.375                 0.375                 0.375
      pogc3                 0.063                 0.063                 0.063
     pochib                   3.1                   3.1                   3.1
    poagidl                     0                     0                     0
    plagidl                     0                     0                     0
    pwagidl                     0                     0                     0
   plwagidl                     0                     0                     0
   poagidld                     0                     0                     0
   plagidld                     0                     0                     0
   pwagidld                     0                     0                     0
  plwagidld                     0                     0                     0
    pobgidl                    41                    41                    41
   pobgidld                    41                    41                    41
  postbgidl                     0                     0                     0
 postbgidld                     0                     0                     0
    pocgidl                     0                     0                     0
   pocgidld                     0                     0                     0
      pocox                 1e-14                 1e-14                 1e-14
      plcox                     0                     0                     0
      pwcox                     0                     0                     0
     plwcox                     0                     0                     0
     pocgov                 1e-15                 1e-15                 1e-15
     plcgov                     0                     0                     0
     pwcgov                     0                     0                     0
    plwcgov                     0                     0                     0
    pocgovd                 1e-15                 1e-15                 1e-15
    plcgovd                     0                     0                     0
    pwcgovd                     0                     0                     0
   plwcgovd                     0                     0                     0
    pocgbov                     0                     0                     0
    plcgbov                     0                     0                     0
    pwcgbov                     0                     0                     0
   plwcgbov                     0                     0                     0
      pocfr                     0                     0                     0
      plcfr                     0                     0                     0
      pwcfr                     0                     0                     0
     plwcfr                     0                     0                     0
     pocfrd                     0                     0                     0
     plcfrd                     0                     0                     0
     pwcfrd                     0                     0                     0
    plwcfrd                     0                     0                     0
      pofnt                     1                     1                     1
   pofntexc                     0                     0                     0
   plfntexc                     0                     0                     0
   pwfntexc                     0                     0                     0
  plwfntexc                     0                     0                     0
      ponfa                 8e+22                 8e+22                 8e+22
      plnfa                     0                     0                     0
      pwnfa                     0                     0                     0
     plwnfa                     0                     0                     0
      ponfb                 3e+07                 3e+07                 3e+07
      plnfb                     0                     0                     0
      pwnfb                     0                     0                     0
     plwnfb                     0                     0                     0
      ponfc                     0                     0                     0
      plnfc                     0                     0                     0
      pwnfc                     0                     0                     0
     plwnfc                     0                     0                     0
       poef                     1                     1                     1
  povfbedge                    -1                    -1                    -1
postvfbedge                     0                     0                     0
plstvfbedge                     0                     0                     0
pwstvfbedge                     0                     0                     0
plwstvfbedg                     0                     0                     0
podphibedge                     0                     0                     0
pldphibedge                     0                     0                     0
pwdphibedge                     0                     0                     0
plwdphibedg                     0                     0                     0
 poneffedge                 5e+23                 5e+23                 5e+23
 plneffedge                     0                     0                     0
 pwneffedge                     0                     0                     0
plwneffedge                     0                     0                     0
   poctedge                     0                     0                     0
   plctedge                     0                     0                     0
   pwctedge                     0                     0                     0
  plwctedge                     0                     0                     0
 pobetnedge                0.0005                0.0005                0.0005
 plbetnedge                     0                     0                     0
 pwbetnedge                     0                     0                     0
plwbetnedge                     0                     0                     0
postbetedge                     1                     1                     1
plstbetedge                     0                     0                     0
pwstbetedge                     0                     0                     0
plwstbetedg                     0                     0                     0
 popsceedge                     0                     0                     0
 plpsceedge                     0                     0                     0
 pwpsceedge                     0                     0                     0
plwpsceedge                     0                     0                     0
popscebedge                     0                     0                     0
popscededge                     0                     0                     0
   pocfedge                     0                     0                     0
   plcfedge                     0                     0                     0
   pwcfedge                     0                     0                     0
  plwcfedge                     0                     0                     0
  pocfdedge                     0                     0                     0
  pocfbedge                     0                     0                     0
  pofntedge                     1                     1                     1
  ponfaedge                 8e+22                 8e+22                 8e+22
  plnfaedge                     0                     0                     0
  pwnfaedge                     0                     0                     0
 plwnfaedge                     0                     0                     0
  ponfbedge                 3e+07                 3e+07                 3e+07
  plnfbedge                     0                     0                     0
  pwnfbedge                     0                     0                     0
 plwnfbedge                     0                     0                     0
  ponfcedge                     0                     0                     0
  plnfcedge                     0                     0                     0
  pwnfcedge                     0                     0                     0
 plwnfcedge                     0                     0                     0
   poefedge                     1                     1                     1
  pokvthowe                     0                     0                     0
  plkvthowe                     0                     0                     0
  pwkvthowe                     0                     0                     0
 plwkvthowe                     0                     0                     0
    pokuowe                     0                     0                     0
    plkuowe                     0                     0                     0
    pwkuowe                     0                     0                     0
   plwkuowe                     0                     0                     0
       lmin                     0                     0                     0
       lmax                     1                     1                     1
       wmin                     0                     0                     0
       wmax                     1                     1                     1
      lvaro            -1.735e-09            -1.735e-09            -1.735e-09
      lvarl                     0                     0                     0
      lvarw                     0                     0                     0
        lap             3.471e-08             3.471e-08             3.471e-08
      wvaro                     0                     0                     0
      wvarl                     0                     0                     0
      wvarw                     0                     0                     0
        wot                     0                     0                     0
        dlq             3.537e-08             3.537e-08             3.537e-08
        dwq                 3e-08                 3e-08                 3e-08
       vfbo               -1.0717               -1.0717               -1.0717
       vfbl                 -0.03                 -0.03                 -0.03
       vfbw                     0                     0                     0
      vfblw                     0                     0                     0
     stvfbo            0.00057379            0.00057379            0.00057379
     stvfbl            8.6794e-05            8.6794e-05            8.6794e-05
     stvfbw            4.9309e-05            4.9309e-05            4.9309e-05
    stvfblw           -3.6436e-05           -3.6436e-05           -3.6436e-05
    st2vfbo                     0                     0                     0
       toxo             6.945e-09             6.945e-09             6.945e-09
    epsroxo                   3.9                   3.9                   3.9
      nsubo            4.2268e+23            4.2268e+23            4.2268e+23
      nsubw               0.01112               0.01112               0.01112
       wseg             5.362e-08             5.362e-08             5.362e-08
       npck            8.0711e+23            8.0711e+23            8.0711e+23
      npckw             -0.011403             -0.011403             -0.011403
      wsegp                 1e-06                 1e-06                 1e-06
       lpck            8.3733e-09            8.3733e-09            8.3733e-09
      lpckw              0.077499              0.077499              0.077499
       fol1              0.065253              0.065253              0.065253
       fol2              0.010199              0.010199              0.010199
 facneffaco                     1                     1                     1
 facneffacl                     0                     0                     0
 facneffacw                     0                     0                     0
facneffaclw                     0                     0                     0
   gfacnudo                     1                     1                     1
   gfacnudl                     0                     0                     0
gfacnudlexp                     1                     1                     1
   gfacnudw                     0                     0                     0
  gfacnudlw                     0                     0                     0
    vsbnudo                     0                     0                     0
   dvsbnudo                     1                     1                     1
     vnsubo                     0                     0                     0
      nslpo                  0.05                  0.05                  0.05
     dnsubo               0.03585               0.03585               0.03585
     dphibo            -0.0778848            -0.0778848            -0.0778848
     dphibl            0.00526389            0.00526389            0.00526389
  dphiblexp                2.1893                2.1893                2.1893
     dphibw            -0.0111415            -0.0111415            -0.0111415
    dphiblw          -9.39158e-05          -9.39158e-05          -9.39158e-05
   delvtaco                     0                     0                     0
   delvtacl                     0                     0                     0
delvtaclexp                     1                     1                     1
   delvtacw                     0                     0                     0
  delvtaclw                     0                     0                     0
        npo             1.092e+26             1.092e+26             1.092e+26
        npl                0.2188                0.2188                0.2188
     toxovo             6.945e-09             6.945e-09             6.945e-09
    toxovdo                 2e-09                 2e-09                 2e-09
        lov             3.471e-08             3.471e-08             3.471e-08
       lovd                     0                     0                     0
       novo              1.99e+26              1.99e+26              1.99e+26
      novdo                 5e+25                 5e+25                 5e+25
        cto             -0.006328             -0.006328             -0.006328
        ctl                     0                     0                     0
     ctlexp                     1                     1                     1
        ctw                0.3006                0.3006                0.3006
       ctlw              -0.01196              -0.01196              -0.01196
       ctgo                     0                     0                     0
       ctbo                     0                     0                     0
      stcto                     1                     1                     1
        cfl            0.00045884            0.00045884            0.00045884
     cflexp                2.2055                2.2055                2.2055
        cfw               0.45909               0.45909               0.45909
       cfdo                     0                     0                     0
       cfbo                     1                     1                     1
      pscel                     0                     0                     0
   pscelexp                     2                     2                     2
      pscew                     0                     0                     0
     pscebo                     0                     0                     0
     pscedo                     0                     0                     0
         uo              0.018428              0.018428              0.018428
      fbet1               0.15952               0.15952               0.15952
     fbet1w               -2.1872               -2.1872               -2.1872
        lp1            9.9822e-08            9.9822e-08            9.9822e-08
       lp1w               -1.0871               -1.0871               -1.0871
      fbet2               -2.7066               -2.7066               -2.7066
        lp2            5.8401e-08            5.8401e-08            5.8401e-08
      betw1             -0.097534             -0.097534             -0.097534
      betw2              0.022314              0.022314              0.022314
       wbet            7.9844e-10            7.9844e-10            7.9844e-10
     stbeto                1.6489                1.6489                1.6489
     stbetl              0.029528              0.029528              0.029528
     stbetw              0.037078              0.037078              0.037078
    stbetlw              0.046991              0.046991              0.046991
       mueo               1.74446               1.74446               1.74446
       muew              -0.06367              -0.06367              -0.06367
     stmueo                1.0816                1.0816                1.0816
     themuo                1.0324                1.0324                1.0324
   stthemuo               0.26337               0.26337               0.26337
        cso               0.18648               0.18648               0.18648
        csl               0.21903               0.21903               0.21903
     cslexp                2.0917                2.0917                2.0917
        csw             0.0072837             0.0072837             0.0072837
       cslw                  0.02                  0.02                  0.02
      stcso                     2                     2                     2
     thecso                     2                     2                     2
   stthecso                     0                     0                     0
      xcoro              0.001363              0.001363              0.001363
      xcorl                     8                     8                     8
      xcorw             0.0060537             0.0060537             0.0060537
     xcorlw              0.058951              0.058951              0.058951
    stxcoro            -6.939e-18            -6.939e-18            -6.939e-18
      fetao                1.2853                1.2853                1.2853
       rsw1                  1970                  1970                  1970
       rsw2             -0.057547             -0.057547             -0.057547
      strso              -0.24812              -0.24812              -0.24812
       rsbo              0.074639              0.074639              0.074639
       rsgo               0.23491               0.23491               0.23491
    thesato            8.4917e-05            8.4917e-05            8.4917e-05
    thesatl             0.0067396             0.0067396             0.0067396
 thesatlexp                 2.395                 2.395                 2.395
    thesatw                1.1549                1.1549                1.1549
   thesatlw                 -0.01                 -0.01                 -0.01
  stthesato                3.0405                3.0405                3.0405
  stthesatl              -0.16001              -0.16001              -0.16001
  stthesatw              -0.96988              -0.96988              -0.96988
 stthesatlw               0.36213               0.36213               0.36213
   thesatbo                   0.1                   0.1                   0.1
   thesatgo                0.6304                0.6304                0.6304
        axo                16.822                16.822                16.822
        axl                3.0092                3.0092                3.0092
       alpl             0.0058454             0.0058454             0.0058454
    alplexp               0.47562               0.47562               0.47562
       alpw             -0.065973             -0.065973             -0.065973
     alp1l1            4.4409e-16            4.4409e-16            4.4409e-16
   alp1lexp                 1.347                 1.347                 1.347
     alp1l2                     1                     1                     1
      alp1w                     2                     2                     2
     alp2l1            3.6779e-06            3.6779e-06            3.6779e-06
   alp2lexp                0.2531                0.2531                0.2531
     alp2l2            2.2204e-15            2.2204e-15            2.2204e-15
      alp2w                0.9582                0.9582                0.9582
        vpo            1.8436e-06            1.8436e-06            1.8436e-06
        a1o                47.788                47.788                47.788
        a1l              0.029145              0.029145              0.029145
        a1w               0.01435               0.01435               0.01435
        a2o                38.581                38.581                38.581
      sta2o            -0.0049931            -0.0049931            -0.0049931
        a3o                1.1753                1.1753                1.1753
        a3l             -0.069795             -0.069795             -0.069795
        a3w             0.0032538             0.0032538             0.0032538
        a4o               0.12593               0.12593               0.12593
        a4l                 -0.07                 -0.07                 -0.07
        a4w              -0.04811              -0.04811              -0.04811
       gcoo                     0                     0                     0
    iginvlw                     0                     0                     0
      igovw                     0                     0                     0
     igovdw                     0                     0                     0
      stigo                     2                     2                     2
       gc2o                 0.375                 0.375                 0.375
       gc3o                 0.063                 0.063                 0.063
      chibo                   3.1                   3.1                   3.1
     agidlw                 6e-10                 6e-10                 6e-10
    agidldw                     0                     0                     0
     bgidlo               5.59703               5.59703               5.59703
    bgidldo                    41                    41                    41
   stbgidlo            -0.0049461            -0.0049461            -0.0049461
  stbgidldo                     0                     0                     0
     cgidlo               0.23693               0.23693               0.23693
    cgidldo                     0                     0                     0
     cgbovl            -4.669e-16            -4.669e-16            -4.669e-16
       cfrw                     0                     0                     0
      cfrdw                     0                     0                     0
       fnto                     1                     1                     1
    fntexcl                     0                     0                     0
      nfalw               1.3e+25               1.3e+25               1.3e+25
      nfblw             5.289e+09             5.289e+09             5.289e+09
      nfclw                 2e-07                 2e-07                 2e-07
        efo                 1.152                 1.152                 1.152
    lintnoi               2.5e-08               2.5e-08               2.5e-08
     alpnoi                     2                     2                     2
      wedge                 1e-08                 1e-08                 1e-08
     wedgew                     0                     0                     0
   vfbedgeo                    -1                    -1                    -1
 stvfbedgeo                0.0005                0.0005                0.0005
 stvfbedgel                     0                     0                     0
 stvfbedgew                     0                     0                     0
stvfbedgelw                     0                     0                     0
 dphibedgeo                     0                     0                     0
 dphibedgel                     0                     0                     0
dphibedgele                     1                     1                     1
 dphibedgew                     0                     0                     0
dphibedgelw                     0                     0                     0
  nsubedgeo                 5e+23                 5e+23                 5e+23
  nsubedgel                     0                     0                     0
nsubedgelex                     1                     1                     1
  nsubedgew                     0                     0                     0
 nsubedgelw                     0                     0                     0
    ctedgeo                     0                     0                     0
    ctedgel                     0                     0                     0
 ctedgelexp                     1                     1                     1
   fbetedge                     0                     0                     0
     lpedge                 1e-08                 1e-08                 1e-08
   betedgew                     0                     0                     0
 stbetedgeo                     1                     1                     1
 stbetedgel                     0                     0                     0
 stbetedgew                     0                     0                     0
stbetedgelw                     0                     0                     0
  psceedgel                     0                     0                     0
psceedgelex                     2                     2                     2
  psceedgew                     0                     0                     0
 pscebedgeo                     0                     0                     0
 pscededgeo                     0                     0                     0
    cfedgel                     0                     0                     0
 cfedgelexp                     2                     2                     2
    cfedgew                     0                     0                     0
   cfdedgeo                     0                     0                     0
   cfbedgeo                     0                     0                     0
   fntedgeo                     1                     1                     1
  nfaedgelw                 8e+22                 8e+22                 8e+22
  nfbedgelw                 3e+07                 3e+07                 3e+07
  nfcedgelw                     0                     0                     0
    efedgeo                     1                     1                     1
   kvthoweo                     0                     0                     0
   kvthowel                     0                     0                     0
   kvthowew                     0                     0                     0
  kvthowelw                     0                     0                     0
     kuoweo                     0                     0                     0
     kuowel                     0                     0                     0
     kuowew                     0                     0                     0
    kuowelw                     0                     0                     0
        rgo                    15                    15                    15
       rint                     0                     0                     0
     rvpoly                     0                     0                     0
       rshg                    40                    40                    40
      dlsil                     0                     0                     0
        rsh                     0                     0                     0
       rshd                     0                     0                     0
     rbulko                  2000                  2000                   250
     rwello                  1000                  1000                   125
     rjunso                  5000                  5000                   625
     rjundo                  5000                  5000                   625
      saref                 1e-06                 1e-06                 1e-06
      sbref                 1e-06                 1e-06                 1e-06
       wlod                     0                     0                     0
        kuo                     0                     0                     0
      kvsat                     0                     0                     0
       tkuo                     0                     0                     0
       lkuo                     0                     0                     0
       wkuo                     0                     0                     0
       pkuo                     0                     0                     0
    llodkuo                     0                     0                     0
    wlodkuo                     0                     0                     0
      kvtho                     0                     0                     0
     lkvtho                     0                     0                     0
     wkvtho                     0                     0                     0
     pkvtho                     0                     0                     0
    llodvth                     0                     0                     0
    wlodvth                     0                     0                     0
     stetao                     0                     0                     0
    lodetao                     1                     1                     1
      scref                 1e-06                 1e-06                 1e-06
        web                     0                     0                     0
        wec                     0                     0                     0
      swsoa                     0                     0                     0
    vgs_max                     3                     3                     3
    vgd_max                     3                     3                     3
    vgb_max                     3                     3                     3
    vds_max                     3                     3                     3
    vdb_max                   1.6                   1.6                   1.6
    vsb_max                   1.6                   1.6                   1.6
       imax             0.0024527             0.0024527             0.0024527
        trj                    21                    21                    21
       frev                  1000                  1000                  1000
    cjorbot             0.0008095             0.0008095             0.0008095
    cjorsti            4.2583e-11            4.2583e-11            4.2583e-11
    cjorgat               3.1e-11               3.1e-11               3.1e-11
    vbirbot               0.72606               0.72606               0.72606
    vbirsti               0.69819               0.69819               0.69819
    vbirgat                 1.199                 1.199                 1.199
       pbot               0.33078               0.33078               0.33078
       psti               0.22409               0.22409               0.22409
       pgat                0.4474                0.4474                0.4474
    phigbot                1.0641                1.0641                1.0641
    phigsti                1.3946                1.3946                1.3946
    phiggat                  1.83                  1.83                  1.83
  idsatrbot            3.0606e-08            3.0606e-08            3.0606e-08
  idsatrsti            3.6127e-15            3.6127e-15            3.6127e-15
  idsatrgat                     0                     0                     0
    csrhbot                   100                   100                   100
    csrhsti                0.0001                0.0001                0.0001
    csrhgat                0.0001                0.0001                0.0001
    xjunsti              4.93e-08              4.93e-08              4.93e-08
    xjungat             7.062e-07             7.062e-07             7.062e-07
    ctatbot                   100                   100                   100
    ctatsti                0.0001                0.0001                0.0001
    ctatgat                0.0001                0.0001                0.0001
 mefftatbot                  0.25                  0.25                  0.25
 mefftatsti                  0.25                  0.25                  0.25
 mefftatgat                  0.25                  0.25                  0.25
    cbbtbot                 1e-12                 1e-12                 1e-12
    cbbtsti                 1e-21                 1e-21                 1e-21
    cbbtgat                 1e-18                 1e-18                 1e-18
   fbbtrbot                 1e+09                 1e+09                 1e+09
   fbbtrsti                 1e+09                 1e+09                 1e+09
   fbbtrgat                 1e+09                 1e+09                 1e+09
  stfbbtbot                -0.001                -0.001                -0.001
  stfbbtsti                -0.001                -0.001                -0.001
  stfbbtgat                -0.001                -0.001                -0.001
     vbrbot                    10                    10                    10
     vbrsti                    10                    10                    10
     vbrgat                    10                    10                    10
     pbrbot                     4                     4                     4
     pbrsti                     4                     4                     4
     pbrgat                     4                     4                     4
   cjorbotd                 0.001                 0.001                 0.001
   cjorstid                 1e-09                 1e-09                 1e-09
   cjorgatd                 1e-09                 1e-09                 1e-09
   vbirbotd                     1                     1                     1
   vbirstid                     1                     1                     1
   vbirgatd                     1                     1                     1
      pbotd                   0.5                   0.5                   0.5
      pstid                   0.5                   0.5                   0.5
      pgatd                   0.5                   0.5                   0.5
   phigbotd                  1.16                  1.16                  1.16
   phigstid                  1.16                  1.16                  1.16
   phiggatd                  1.16                  1.16                  1.16
 idsatrbotd                 1e-12                 1e-12                 1e-12
 idsatrstid                 1e-18                 1e-18                 1e-18
 idsatrgatd                 1e-18                 1e-18                 1e-18
   csrhbotd                   100                   100                   100
   csrhstid                0.0001                0.0001                0.0001
   csrhgatd                0.0001                0.0001                0.0001
   xjunstid                 1e-07                 1e-07                 1e-07
   xjungatd                 1e-07                 1e-07                 1e-07
   ctatbotd                   100                   100                   100
   ctatstid                0.0001                0.0001                0.0001
   ctatgatd                0.0001                0.0001                0.0001
mefftatbotd                  0.25                  0.25                  0.25
mefftatstid                  0.25                  0.25                  0.25
mefftatgatd                  0.25                  0.25                  0.25
   cbbtbotd                 1e-12                 1e-12                 1e-12
   cbbtstid                 1e-18                 1e-18                 1e-18
   cbbtgatd                 1e-18                 1e-18                 1e-18
  fbbtrbotd                 1e+09                 1e+09                 1e+09
  fbbtrstid                 1e+09                 1e+09                 1e+09
  fbbtrgatd                 1e+09                 1e+09                 1e+09
 stfbbtbotd                -0.001                -0.001                -0.001
 stfbbtstid                -0.001                -0.001                -0.001
 stfbbtgatd                -0.001                -0.001                -0.001
    vbrbotd                    10                    10                    10
    vbrstid                    10                    10                    10
    vbrgatd                    10                    10                    10
    pbrbotd                     4                     4                     4
    pbrstid                     4                     4                     4
    pbrgatd                     4                     4                     4
   swjunexp                     0                     0                     0
    vjunref                   2.5                   2.5                   2.5
      fjunq                  0.03                  0.03                  0.03
   vjunrefd                   2.5                   2.5                   2.5
     fjunqd                  0.03                  0.03                  0.03

 PSP103VA models (A simulator independent device loaded with OSDI)
      model xm2b:sg13g2_hv_pmos_p xm2a:sg13g2_hv_pmos_p xm1:sg13g2_hv_pmos_ps

      level                   104                   104                   104
       type                    -1                    -1                    -1
         tr                    27                    27                    27
      swgeo                     1                     1                     1
    swigate                     1                     1                     1
   swimpact                     1                     1                     1
     swgidl                     1                     1                     1
   swjuncap                     3                     3                     3
  swjunasym                     0                     0                     0
      swnud                     0                     0                     0
     swedge                     0                     0                     0
  swdelvtac                     0                     0                     0
      swign                     1                     1                     1
        qmc                     1                     1                     1
        vfb                    -1                    -1                    -1
      stvfb                0.0005                0.0005                0.0005
     st2vfb                     0                     0                     0
        tox                 2e-09                 2e-09                 2e-09
     epsrox                   3.9                   3.9                   3.9
       neff                 5e+23                 5e+23                 5e+23
  facneffac                     1                     1                     1
    gfacnud                     1                     1                     1
     vsbnud                     0                     0                     0
    dvsbnud                     1                     1                     1
      vnsub                     0                     0                     0
       nslp                  0.05                  0.05                  0.05
      dnsub                     0                     0                     0
      dphib                     0                     0                     0
    delvtac                     0                     0                     0
         np                 1e+26                 1e+26                 1e+26
      toxov                 2e-09                 2e-09                 2e-09
     toxovd                 2e-09                 2e-09                 2e-09
        nov                 5e+25                 5e+25                 5e+25
       novd                 5e+25                 5e+25                 5e+25
         ct                     0                     0                     0
        ctg                     0                     0                     0
        ctb                     0                     0                     0
       stct                     1                     1                     1
         cf                     0                     0                     0
        cfd                     0                     0                     0
        cfb                     0                     0                     0
       psce                     0                     0                     0
      psceb                     0                     0                     0
      psced                     0                     0                     0
       betn                  0.07                  0.07                  0.07
      stbet                     1                     1                     1
        mue                   0.5                   0.5                   0.5
      stmue                     0                     0                     0
      themu                   1.5                   1.5                   1.5
    stthemu                   1.5                   1.5                   1.5
         cs                     0                     0                     0
       stcs                     0                     0                     0
      thecs                     2                     2                     2
    stthecs                     0                     0                     0
       xcor                     0                     0                     0
     stxcor                     0                     0                     0
       feta                     1                     1                     1
         rs                    30                    30                    30
       strs                     1                     1                     1
        rsb                     0                     0                     0
        rsg                     0                     0                     0
     thesat                     1                     1                     1
   stthesat                     1                     1                     1
    thesatb                     0                     0                     0
    thesatg                     0                     0                     0
         ax                     3                     3                     3
        alp                  0.01                  0.01                  0.01
       alp1                     0                     0                     0
       alp2                     0                     0                     0
         vp                  0.05                  0.05                  0.05
         a1                     1                     1                     1
         a2                    10                    10                    10
       sta2                     0                     0                     0
         a3                     1                     1                     1
         a4                     0                     0                     0
        gco                     0                     0                     0
      iginv                     0                     0                     0
       igov                     0                     0                     0
      igovd                     0                     0                     0
       stig                     2                     2                     2
        gc2                 0.375                 0.375                 0.375
        gc3                 0.063                 0.063                 0.063
       chib                   3.1                   3.1                   3.1
      agidl                     0                     0                     0
     agidld                     0                     0                     0
      bgidl                    41                    41                    41
     bgidld                    41                    41                    41
    stbgidl                     0                     0                     0
   stbgidld                     0                     0                     0
      cgidl                     0                     0                     0
     cgidld                     0                     0                     0
        cox                 1e-14                 1e-14                 1e-14
       cgov                 1e-15                 1e-15                 1e-15
      cgovd                 1e-15                 1e-15                 1e-15
      cgbov                     0                     0                     0
        cfr                     0                     0                     0
       cfrd                     0                     0                     0
        fnt                     1                     1                     1
     fntexc                     0                     0                     0
        nfa                 8e+22                 8e+22                 8e+22
        nfb                 3e+07                 3e+07                 3e+07
        nfc                     0                     0                     0
         ef                     1                     1                     1
    vfbedge                    -1                    -1                    -1
  stvfbedge                0.0005                0.0005                0.0005
  dphibedge                     0                     0                     0
   neffedge                 5e+23                 5e+23                 5e+23
     ctedge                     0                     0                     0
   betnedge                0.0005                0.0005                0.0005
  stbetedge                     1                     1                     1
   psceedge                     0                     0                     0
  pscebedge                     0                     0                     0
  pscededge                     0                     0                     0
     cfedge                     0                     0                     0
    cfdedge                     0                     0                     0
    cfbedge                     0                     0                     0
    fntedge                     1                     1                     1
    nfaedge                 8e+22                 8e+22                 8e+22
    nfbedge                 3e+07                 3e+07                 3e+07
    nfcedge                     0                     0                     0
     efedge                     1                     1                     1
         rg                     0                     0                     0
        rse                     0                     0                     0
        rde                     0                     0                     0
      rbulk                     0                     0                     0
      rwell                     0                     0                     0
      rjuns                     0                     0                     0
      rjund                     0                     0                     0
      povfb                    -1                    -1                    -1
      plvfb                     0                     0                     0
      pwvfb                     0                     0                     0
     plwvfb                     0                     0                     0
    postvfb                0.0005                0.0005                0.0005
    plstvfb                     0                     0                     0
    pwstvfb                     0                     0                     0
   plwstvfb                     0                     0                     0
   post2vfb                     0                     0                     0
      potox                 2e-09                 2e-09                 2e-09
   poepsrox                   3.9                   3.9                   3.9
     poneff                 5e+23                 5e+23                 5e+23
     plneff                     0                     0                     0
     pwneff                     0                     0                     0
    plwneff                     0                     0                     0
pofacneffac                     1                     1                     1
plfacneffac                     0                     0                     0
pwfacneffac                     0                     0                     0
plwfacneffa                     0                     0                     0
  pogfacnud                     1                     1                     1
  plgfacnud                     0                     0                     0
  pwgfacnud                     0                     0                     0
 plwgfacnud                     0                     0                     0
   povsbnud                     0                     0                     0
  podvsbnud                     1                     1                     1
    povnsub                     0                     0                     0
     ponslp                  0.05                  0.05                  0.05
    podnsub                     0                     0                     0
    podphib                     0                     0                     0
    pldphib                     0                     0                     0
    pwdphib                     0                     0                     0
   plwdphib                     0                     0                     0
  podelvtac                     0                     0                     0
  pldelvtac                     0                     0                     0
  pwdelvtac                     0                     0                     0
 plwdelvtac                     0                     0                     0
       ponp                 1e+26                 1e+26                 1e+26
       plnp                     0                     0                     0
       pwnp                     0                     0                     0
      plwnp                     0                     0                     0
    potoxov                 2e-09                 2e-09                 2e-09
   potoxovd                 2e-09                 2e-09                 2e-09
      ponov                 5e+25                 5e+25                 5e+25
      plnov                     0                     0                     0
      pwnov                     0                     0                     0
     plwnov                     0                     0                     0
     ponovd                 5e+25                 5e+25                 5e+25
     plnovd                     0                     0                     0
     pwnovd                     0                     0                     0
    plwnovd                     0                     0                     0
       poct                     0                     0                     0
       plct                     0                     0                     0
       pwct                     0                     0                     0
      plwct                     0                     0                     0
      poctg                     0                     0                     0
      poctb                     0                     0                     0
     postct                     1                     1                     1
       pocf                     0                     0                     0
       plcf                     0                     0                     0
       pwcf                     0                     0                     0
      plwcf                     0                     0                     0
      pocfd                     0                     0                     0
      pocfb                     0                     0                     0
     popsce                     0                     0                     0
     plpsce                     0                     0                     0
     pwpsce                     0                     0                     0
    plwpsce                     0                     0                     0
    popsceb                     0                     0                     0
    popsced                     0                     0                     0
     pobetn                  0.07                  0.07                  0.07
     plbetn                     0                     0                     0
     pwbetn                     0                     0                     0
    plwbetn                     0                     0                     0
    postbet                     1                     1                     1
    plstbet                     0                     0                     0
    pwstbet                     0                     0                     0
   plwstbet                     0                     0                     0
      pomue                   0.5                   0.5                   0.5
      plmue                     0                     0                     0
      pwmue                     0                     0                     0
     plwmue                     0                     0                     0
    postmue                     0                     0                     0
    pothemu                   1.5                   1.5                   1.5
  postthemu                   1.5                   1.5                   1.5
       pocs                     0                     0                     0
       plcs                     0                     0                     0
       pwcs                     0                     0                     0
      plwcs                     0                     0                     0
     postcs                     0                     0                     0
    pothecs                     2                     2                     2
  postthecs                     0                     0                     0
     poxcor                     0                     0                     0
     plxcor                     0                     0                     0
     pwxcor                     0                     0                     0
    plwxcor                     0                     0                     0
   postxcor                     0                     0                     0
     pofeta                     1                     1                     1
       pors                    30                    30                    30
       plrs                     0                     0                     0
       pwrs                     0                     0                     0
      plwrs                     0                     0                     0
     postrs                     1                     1                     1
      porsb                     0                     0                     0
      porsg                     0                     0                     0
   pothesat                     1                     1                     1
   plthesat                     0                     0                     0
   pwthesat                     0                     0                     0
  plwthesat                     0                     0                     0
 postthesat                     1                     1                     1
 plstthesat                     0                     0                     0
 pwstthesat                     0                     0                     0
plwstthesat                     0                     0                     0
  pothesatb                     0                     0                     0
  plthesatb                     0                     0                     0
  pwthesatb                     0                     0                     0
 plwthesatb                     0                     0                     0
  pothesatg                     0                     0                     0
  plthesatg                     0                     0                     0
  pwthesatg                     0                     0                     0
 plwthesatg                     0                     0                     0
       poax                     3                     3                     3
       plax                     0                     0                     0
       pwax                     0                     0                     0
      plwax                     0                     0                     0
      poalp                  0.01                  0.01                  0.01
      plalp                     0                     0                     0
      pwalp                     0                     0                     0
     plwalp                     0                     0                     0
     poalp1                     0                     0                     0
     plalp1                     0                     0                     0
     pwalp1                     0                     0                     0
    plwalp1                     0                     0                     0
     poalp2                     0                     0                     0
     plalp2                     0                     0                     0
     pwalp2                     0                     0                     0
    plwalp2                     0                     0                     0
       povp                  0.05                  0.05                  0.05
       poa1                     1                     1                     1
       pla1                     0                     0                     0
       pwa1                     0                     0                     0
      plwa1                     0                     0                     0
       poa2                    10                    10                    10
     posta2                     0                     0                     0
       poa3                     1                     1                     1
       pla3                     0                     0                     0
       pwa3                     0                     0                     0
      plwa3                     0                     0                     0
       poa4                     0                     0                     0
       pla4                     0                     0                     0
       pwa4                     0                     0                     0
      plwa4                     0                     0                     0
      pogco                     0                     0                     0
    poiginv                     0                     0                     0
    pliginv                     0                     0                     0
    pwiginv                     0                     0                     0
   plwiginv                     0                     0                     0
     poigov                     0                     0                     0
     pligov                     0                     0                     0
     pwigov                     0                     0                     0
    plwigov                     0                     0                     0
    poigovd                     0                     0                     0
    pligovd                     0                     0                     0
    pwigovd                     0                     0                     0
   plwigovd                     0                     0                     0
     postig                     2                     2                     2
      pogc2                 0.375                 0.375                 0.375
      pogc3                 0.063                 0.063                 0.063
     pochib                   3.1                   3.1                   3.1
    poagidl                     0                     0                     0
    plagidl                     0                     0                     0
    pwagidl                     0                     0                     0
   plwagidl                     0                     0                     0
   poagidld                     0                     0                     0
   plagidld                     0                     0                     0
   pwagidld                     0                     0                     0
  plwagidld                     0                     0                     0
    pobgidl                    41                    41                    41
   pobgidld                    41                    41                    41
  postbgidl                     0                     0                     0
 postbgidld                     0                     0                     0
    pocgidl                     0                     0                     0
   pocgidld                     0                     0                     0
      pocox                 1e-14                 1e-14                 1e-14
      plcox                     0                     0                     0
      pwcox                     0                     0                     0
     plwcox                     0                     0                     0
     pocgov                 1e-15                 1e-15                 1e-15
     plcgov                     0                     0                     0
     pwcgov                     0                     0                     0
    plwcgov                     0                     0                     0
    pocgovd                 1e-15                 1e-15                 1e-15
    plcgovd                     0                     0                     0
    pwcgovd                     0                     0                     0
   plwcgovd                     0                     0                     0
    pocgbov                     0                     0                     0
    plcgbov                     0                     0                     0
    pwcgbov                     0                     0                     0
   plwcgbov                     0                     0                     0
      pocfr                     0                     0                     0
      plcfr                     0                     0                     0
      pwcfr                     0                     0                     0
     plwcfr                     0                     0                     0
     pocfrd                     0                     0                     0
     plcfrd                     0                     0                     0
     pwcfrd                     0                     0                     0
    plwcfrd                     0                     0                     0
      pofnt                     1                     1                     1
   pofntexc                     0                     0                     0
   plfntexc                     0                     0                     0
   pwfntexc                     0                     0                     0
  plwfntexc                     0                     0                     0
      ponfa                 8e+22                 8e+22                 8e+22
      plnfa                     0                     0                     0
      pwnfa                     0                     0                     0
     plwnfa                     0                     0                     0
      ponfb                 3e+07                 3e+07                 3e+07
      plnfb                     0                     0                     0
      pwnfb                     0                     0                     0
     plwnfb                     0                     0                     0
      ponfc                     0                     0                     0
      plnfc                     0                     0                     0
      pwnfc                     0                     0                     0
     plwnfc                     0                     0                     0
       poef                     1                     1                     1
  povfbedge                    -1                    -1                    -1
postvfbedge                     0                     0                     0
plstvfbedge                     0                     0                     0
pwstvfbedge                     0                     0                     0
plwstvfbedg                     0                     0                     0
podphibedge                     0                     0                     0
pldphibedge                     0                     0                     0
pwdphibedge                     0                     0                     0
plwdphibedg                     0                     0                     0
 poneffedge                 5e+23                 5e+23                 5e+23
 plneffedge                     0                     0                     0
 pwneffedge                     0                     0                     0
plwneffedge                     0                     0                     0
   poctedge                     0                     0                     0
   plctedge                     0                     0                     0
   pwctedge                     0                     0                     0
  plwctedge                     0                     0                     0
 pobetnedge                0.0005                0.0005                0.0005
 plbetnedge                     0                     0                     0
 pwbetnedge                     0                     0                     0
plwbetnedge                     0                     0                     0
postbetedge                     1                     1                     1
plstbetedge                     0                     0                     0
pwstbetedge                     0                     0                     0
plwstbetedg                     0                     0                     0
 popsceedge                     0                     0                     0
 plpsceedge                     0                     0                     0
 pwpsceedge                     0                     0                     0
plwpsceedge                     0                     0                     0
popscebedge                     0                     0                     0
popscededge                     0                     0                     0
   pocfedge                     0                     0                     0
   plcfedge                     0                     0                     0
   pwcfedge                     0                     0                     0
  plwcfedge                     0                     0                     0
  pocfdedge                     0                     0                     0
  pocfbedge                     0                     0                     0
  pofntedge                     1                     1                     1
  ponfaedge                 8e+22                 8e+22                 8e+22
  plnfaedge                     0                     0                     0
  pwnfaedge                     0                     0                     0
 plwnfaedge                     0                     0                     0
  ponfbedge                 3e+07                 3e+07                 3e+07
  plnfbedge                     0                     0                     0
  pwnfbedge                     0                     0                     0
 plwnfbedge                     0                     0                     0
  ponfcedge                     0                     0                     0
  plnfcedge                     0                     0                     0
  pwnfcedge                     0                     0                     0
 plwnfcedge                     0                     0                     0
   poefedge                     1                     1                     1
  pokvthowe                     0                     0                     0
  plkvthowe                     0                     0                     0
  pwkvthowe                     0                     0                     0
 plwkvthowe                     0                     0                     0
    pokuowe                     0                     0                     0
    plkuowe                     0                     0                     0
    pwkuowe                     0                     0                     0
   plwkuowe                     0                     0                     0
       lmin                     0                     0                     0
       lmax                     1                     1                     1
       wmin                     0                     0                     0
       wmax                     1                     1                     1
      lvaro            -1.735e-09            -1.735e-09            -1.735e-09
      lvarl                     0                     0                     0
      lvarw                     0                     0                     0
        lap             3.471e-08             3.471e-08             3.471e-08
      wvaro                     0                     0                     0
      wvarl                     0                     0                     0
      wvarw                     0                     0                     0
        wot                     0                     0                     0
        dlq             3.537e-08             3.537e-08             3.537e-08
        dwq                 3e-08                 3e-08                 3e-08
       vfbo               -1.0717               -1.0717               -1.0717
       vfbl                 -0.03                 -0.03                 -0.03
       vfbw                     0                     0                     0
      vfblw                     0                     0                     0
     stvfbo            0.00057379            0.00057379            0.00057379
     stvfbl            8.6794e-05            8.6794e-05            8.6794e-05
     stvfbw            4.9309e-05            4.9309e-05            4.9309e-05
    stvfblw           -3.6436e-05           -3.6436e-05           -3.6436e-05
    st2vfbo                     0                     0                     0
       toxo             6.945e-09             6.945e-09             6.945e-09
    epsroxo                   3.9                   3.9                   3.9
      nsubo            4.2268e+23            4.2268e+23            4.2268e+23
      nsubw               0.01112               0.01112               0.01112
       wseg             5.362e-08             5.362e-08             5.362e-08
       npck            8.0711e+23            8.0711e+23            8.0711e+23
      npckw             -0.011403             -0.011403             -0.011403
      wsegp                 1e-06                 1e-06                 1e-06
       lpck            8.3733e-09            8.3733e-09            8.3733e-09
      lpckw              0.077499              0.077499              0.077499
       fol1              0.065253              0.065253              0.065253
       fol2              0.010199              0.010199              0.010199
 facneffaco                     1                     1                     1
 facneffacl                     0                     0                     0
 facneffacw                     0                     0                     0
facneffaclw                     0                     0                     0
   gfacnudo                     1                     1                     1
   gfacnudl                     0                     0                     0
gfacnudlexp                     1                     1                     1
   gfacnudw                     0                     0                     0
  gfacnudlw                     0                     0                     0
    vsbnudo                     0                     0                     0
   dvsbnudo                     1                     1                     1
     vnsubo                     0                     0                     0
      nslpo                  0.05                  0.05                  0.05
     dnsubo               0.03585               0.03585               0.03585
     dphibo            -0.0778848            -0.0778848            -0.0778848
     dphibl            0.00526389            0.00526389            0.00526389
  dphiblexp                2.1893                2.1893                2.1893
     dphibw            -0.0111415            -0.0111415            -0.0111415
    dphiblw          -9.39158e-05          -9.39158e-05          -9.39158e-05
   delvtaco                     0                     0                     0
   delvtacl                     0                     0                     0
delvtaclexp                     1                     1                     1
   delvtacw                     0                     0                     0
  delvtaclw                     0                     0                     0
        npo             1.092e+26             1.092e+26             1.092e+26
        npl                0.2188                0.2188                0.2188
     toxovo             6.945e-09             6.945e-09             6.945e-09
    toxovdo                 2e-09                 2e-09                 2e-09
        lov             3.471e-08             3.471e-08             3.471e-08
       lovd                     0                     0                     0
       novo              1.99e+26              1.99e+26              1.99e+26
      novdo                 5e+25                 5e+25                 5e+25
        cto             -0.006328             -0.006328             -0.006328
        ctl                     0                     0                     0
     ctlexp                     1                     1                     1
        ctw                0.3006                0.3006                0.3006
       ctlw              -0.01196              -0.01196              -0.01196
       ctgo                     0                     0                     0
       ctbo                     0                     0                     0
      stcto                     1                     1                     1
        cfl            0.00045884            0.00045884            0.00045884
     cflexp                2.2055                2.2055                2.2055
        cfw               0.45909               0.45909               0.45909
       cfdo                     0                     0                     0
       cfbo                     1                     1                     1
      pscel                     0                     0                     0
   pscelexp                     2                     2                     2
      pscew                     0                     0                     0
     pscebo                     0                     0                     0
     pscedo                     0                     0                     0
         uo              0.018428              0.018428              0.018428
      fbet1               0.15952               0.15952               0.15952
     fbet1w               -2.1872               -2.1872               -2.1872
        lp1            9.9822e-08            9.9822e-08            9.9822e-08
       lp1w               -1.0871               -1.0871               -1.0871
      fbet2               -2.7066               -2.7066               -2.7066
        lp2            5.8401e-08            5.8401e-08            5.8401e-08
      betw1             -0.097534             -0.097534             -0.097534
      betw2              0.022314              0.022314              0.022314
       wbet            7.9844e-10            7.9844e-10            7.9844e-10
     stbeto                1.6489                1.6489                1.6489
     stbetl              0.029528              0.029528              0.029528
     stbetw              0.037078              0.037078              0.037078
    stbetlw              0.046991              0.046991              0.046991
       mueo               1.74446               1.74446               1.74446
       muew              -0.06367              -0.06367              -0.06367
     stmueo                1.0816                1.0816                1.0816
     themuo                1.0324                1.0324                1.0324
   stthemuo               0.26337               0.26337               0.26337
        cso               0.18648               0.18648               0.18648
        csl               0.21903               0.21903               0.21903
     cslexp                2.0917                2.0917                2.0917
        csw             0.0072837             0.0072837             0.0072837
       cslw                  0.02                  0.02                  0.02
      stcso                     2                     2                     2
     thecso                     2                     2                     2
   stthecso                     0                     0                     0
      xcoro              0.001363              0.001363              0.001363
      xcorl                     8                     8                     8
      xcorw             0.0060537             0.0060537             0.0060537
     xcorlw              0.058951              0.058951              0.058951
    stxcoro            -6.939e-18            -6.939e-18            -6.939e-18
      fetao                1.2853                1.2853                1.2853
       rsw1                  1970                  1970                  1970
       rsw2             -0.057547             -0.057547             -0.057547
      strso              -0.24812              -0.24812              -0.24812
       rsbo              0.074639              0.074639              0.074639
       rsgo               0.23491               0.23491               0.23491
    thesato            8.4917e-05            8.4917e-05            8.4917e-05
    thesatl             0.0067396             0.0067396             0.0067396
 thesatlexp                 2.395                 2.395                 2.395
    thesatw                1.1549                1.1549                1.1549
   thesatlw                 -0.01                 -0.01                 -0.01
  stthesato                3.0405                3.0405                3.0405
  stthesatl              -0.16001              -0.16001              -0.16001
  stthesatw              -0.96988              -0.96988              -0.96988
 stthesatlw               0.36213               0.36213               0.36213
   thesatbo                   0.1                   0.1                   0.1
   thesatgo                0.6304                0.6304                0.6304
        axo                16.822                16.822                16.822
        axl                3.0092                3.0092                3.0092
       alpl             0.0058454             0.0058454             0.0058454
    alplexp               0.47562               0.47562               0.47562
       alpw             -0.065973             -0.065973             -0.065973
     alp1l1            4.4409e-16            4.4409e-16            4.4409e-16
   alp1lexp                 1.347                 1.347                 1.347
     alp1l2                     1                     1                     1
      alp1w                     2                     2                     2
     alp2l1            3.6779e-06            3.6779e-06            3.6779e-06
   alp2lexp                0.2531                0.2531                0.2531
     alp2l2            2.2204e-15            2.2204e-15            2.2204e-15
      alp2w                0.9582                0.9582                0.9582
        vpo            1.8436e-06            1.8436e-06            1.8436e-06
        a1o                47.788                47.788                47.788
        a1l              0.029145              0.029145              0.029145
        a1w               0.01435               0.01435               0.01435
        a2o                38.581                38.581                38.581
      sta2o            -0.0049931            -0.0049931            -0.0049931
        a3o                1.1753                1.1753                1.1753
        a3l             -0.069795             -0.069795             -0.069795
        a3w             0.0032538             0.0032538             0.0032538
        a4o               0.12593               0.12593               0.12593
        a4l                 -0.07                 -0.07                 -0.07
        a4w              -0.04811              -0.04811              -0.04811
       gcoo                     0                     0                     0
    iginvlw                     0                     0                     0
      igovw                     0                     0                     0
     igovdw                     0                     0                     0
      stigo                     2                     2                     2
       gc2o                 0.375                 0.375                 0.375
       gc3o                 0.063                 0.063                 0.063
      chibo                   3.1                   3.1                   3.1
     agidlw                 6e-10                 6e-10                 6e-10
    agidldw                     0                     0                     0
     bgidlo               5.59703               5.59703               5.59703
    bgidldo                    41                    41                    41
   stbgidlo            -0.0049461            -0.0049461            -0.0049461
  stbgidldo                     0                     0                     0
     cgidlo               0.23693               0.23693               0.23693
    cgidldo                     0                     0                     0
     cgbovl            -4.669e-16            -4.669e-16            -4.669e-16
       cfrw                     0                     0                     0
      cfrdw                     0                     0                     0
       fnto                     1                     1                     1
    fntexcl                     0                     0                     0
      nfalw               1.3e+25               1.3e+25               1.3e+25
      nfblw             5.289e+09             5.289e+09             5.289e+09
      nfclw                 2e-07                 2e-07                 2e-07
        efo                 1.152                 1.152                 1.152
    lintnoi               2.5e-08               2.5e-08               2.5e-08
     alpnoi                     2                     2                     2
      wedge                 1e-08                 1e-08                 1e-08
     wedgew                     0                     0                     0
   vfbedgeo                    -1                    -1                    -1
 stvfbedgeo                0.0005                0.0005                0.0005
 stvfbedgel                     0                     0                     0
 stvfbedgew                     0                     0                     0
stvfbedgelw                     0                     0                     0
 dphibedgeo                     0                     0                     0
 dphibedgel                     0                     0                     0
dphibedgele                     1                     1                     1
 dphibedgew                     0                     0                     0
dphibedgelw                     0                     0                     0
  nsubedgeo                 5e+23                 5e+23                 5e+23
  nsubedgel                     0                     0                     0
nsubedgelex                     1                     1                     1
  nsubedgew                     0                     0                     0
 nsubedgelw                     0                     0                     0
    ctedgeo                     0                     0                     0
    ctedgel                     0                     0                     0
 ctedgelexp                     1                     1                     1
   fbetedge                     0                     0                     0
     lpedge                 1e-08                 1e-08                 1e-08
   betedgew                     0                     0                     0
 stbetedgeo                     1                     1                     1
 stbetedgel                     0                     0                     0
 stbetedgew                     0                     0                     0
stbetedgelw                     0                     0                     0
  psceedgel                     0                     0                     0
psceedgelex                     2                     2                     2
  psceedgew                     0                     0                     0
 pscebedgeo                     0                     0                     0
 pscededgeo                     0                     0                     0
    cfedgel                     0                     0                     0
 cfedgelexp                     2                     2                     2
    cfedgew                     0                     0                     0
   cfdedgeo                     0                     0                     0
   cfbedgeo                     0                     0                     0
   fntedgeo                     1                     1                     1
  nfaedgelw                 8e+22                 8e+22                 8e+22
  nfbedgelw                 3e+07                 3e+07                 3e+07
  nfcedgelw                     0                     0                     0
    efedgeo                     1                     1                     1
   kvthoweo                     0                     0                     0
   kvthowel                     0                     0                     0
   kvthowew                     0                     0                     0
  kvthowelw                     0                     0                     0
     kuoweo                     0                     0                     0
     kuowel                     0                     0                     0
     kuowew                     0                     0                     0
    kuowelw                     0                     0                     0
        rgo                    15                    15                    15
       rint                     0                     0                     0
     rvpoly                     0                     0                     0
       rshg                    40                    40                    40
      dlsil                     0                     0                     0
        rsh                     0                     0                     0
       rshd                     0                     0                     0
     rbulko                  2000               222.222                   200
     rwello                  1000               111.111                   100
     rjunso                  5000               555.556                   500
     rjundo                  5000               555.556                   500
      saref                 1e-06                 1e-06                 1e-06
      sbref                 1e-06                 1e-06                 1e-06
       wlod                     0                     0                     0
        kuo                     0                     0                     0
      kvsat                     0                     0                     0
       tkuo                     0                     0                     0
       lkuo                     0                     0                     0
       wkuo                     0                     0                     0
       pkuo                     0                     0                     0
    llodkuo                     0                     0                     0
    wlodkuo                     0                     0                     0
      kvtho                     0                     0                     0
     lkvtho                     0                     0                     0
     wkvtho                     0                     0                     0
     pkvtho                     0                     0                     0
    llodvth                     0                     0                     0
    wlodvth                     0                     0                     0
     stetao                     0                     0                     0
    lodetao                     1                     1                     1
      scref                 1e-06                 1e-06                 1e-06
        web                     0                     0                     0
        wec                     0                     0                     0
      swsoa                     0                     0                     0
    vgs_max                     3                     3                     3
    vgd_max                     3                     3                     3
    vgb_max                     3                     3                     3
    vds_max                     3                     3                     3
    vdb_max                   1.6                   1.6                   1.6
    vsb_max                   1.6                   1.6                   1.6
       imax             0.0024527             0.0024527             0.0024527
        trj                    21                    21                    21
       frev                  1000                  1000                  1000
    cjorbot             0.0008095             0.0008095             0.0008095
    cjorsti            4.2583e-11            4.2583e-11            4.2583e-11
    cjorgat               3.1e-11               3.1e-11               3.1e-11
    vbirbot               0.72606               0.72606               0.72606
    vbirsti               0.69819               0.69819               0.69819
    vbirgat                 1.199                 1.199                 1.199
       pbot               0.33078               0.33078               0.33078
       psti               0.22409               0.22409               0.22409
       pgat                0.4474                0.4474                0.4474
    phigbot                1.0641                1.0641                1.0641
    phigsti                1.3946                1.3946                1.3946
    phiggat                  1.83                  1.83                  1.83
  idsatrbot            3.0606e-08            3.0606e-08            3.0606e-08
  idsatrsti            3.6127e-15            3.6127e-15            3.6127e-15
  idsatrgat                     0                     0                     0
    csrhbot                   100                   100                   100
    csrhsti                0.0001                0.0001                0.0001
    csrhgat                0.0001                0.0001                0.0001
    xjunsti              4.93e-08              4.93e-08              4.93e-08
    xjungat             7.062e-07             7.062e-07             7.062e-07
    ctatbot                   100                   100                   100
    ctatsti                0.0001                0.0001                0.0001
    ctatgat                0.0001                0.0001                0.0001
 mefftatbot                  0.25                  0.25                  0.25
 mefftatsti                  0.25                  0.25                  0.25
 mefftatgat                  0.25                  0.25                  0.25
    cbbtbot                 1e-12                 1e-12                 1e-12
    cbbtsti                 1e-21                 1e-21                 1e-21
    cbbtgat                 1e-18                 1e-18                 1e-18
   fbbtrbot                 1e+09                 1e+09                 1e+09
   fbbtrsti                 1e+09                 1e+09                 1e+09
   fbbtrgat                 1e+09                 1e+09                 1e+09
  stfbbtbot                -0.001                -0.001                -0.001
  stfbbtsti                -0.001                -0.001                -0.001
  stfbbtgat                -0.001                -0.001                -0.001
     vbrbot                    10                    10                    10
     vbrsti                    10                    10                    10
     vbrgat                    10                    10                    10
     pbrbot                     4                     4                     4
     pbrsti                     4                     4                     4
     pbrgat                     4                     4                     4
   cjorbotd                 0.001                 0.001                 0.001
   cjorstid                 1e-09                 1e-09                 1e-09
   cjorgatd                 1e-09                 1e-09                 1e-09
   vbirbotd                     1                     1                     1
   vbirstid                     1                     1                     1
   vbirgatd                     1                     1                     1
      pbotd                   0.5                   0.5                   0.5
      pstid                   0.5                   0.5                   0.5
      pgatd                   0.5                   0.5                   0.5
   phigbotd                  1.16                  1.16                  1.16
   phigstid                  1.16                  1.16                  1.16
   phiggatd                  1.16                  1.16                  1.16
 idsatrbotd                 1e-12                 1e-12                 1e-12
 idsatrstid                 1e-18                 1e-18                 1e-18
 idsatrgatd                 1e-18                 1e-18                 1e-18
   csrhbotd                   100                   100                   100
   csrhstid                0.0001                0.0001                0.0001
   csrhgatd                0.0001                0.0001                0.0001
   xjunstid                 1e-07                 1e-07                 1e-07
   xjungatd                 1e-07                 1e-07                 1e-07
   ctatbotd                   100                   100                   100
   ctatstid                0.0001                0.0001                0.0001
   ctatgatd                0.0001                0.0001                0.0001
mefftatbotd                  0.25                  0.25                  0.25
mefftatstid                  0.25                  0.25                  0.25
mefftatgatd                  0.25                  0.25                  0.25
   cbbtbotd                 1e-12                 1e-12                 1e-12
   cbbtstid                 1e-18                 1e-18                 1e-18
   cbbtgatd                 1e-18                 1e-18                 1e-18
  fbbtrbotd                 1e+09                 1e+09                 1e+09
  fbbtrstid                 1e+09                 1e+09                 1e+09
  fbbtrgatd                 1e+09                 1e+09                 1e+09
 stfbbtbotd                -0.001                -0.001                -0.001
 stfbbtstid                -0.001                -0.001                -0.001
 stfbbtgatd                -0.001                -0.001                -0.001
    vbrbotd                    10                    10                    10
    vbrstid                    10                    10                    10
    vbrgatd                    10                    10                    10
    pbrbotd                     4                     4                     4
    pbrstid                     4                     4                     4
    pbrgatd                     4                     4                     4
   swjunexp                     0                     0                     0
    vjunref                   2.5                   2.5                   2.5
      fjunq                  0.03                  0.03                  0.03
   vjunrefd                   2.5                   2.5                   2.5
     fjunqd                  0.03                  0.03                  0.03

 PSP103VA models (A simulator independent device loaded with OSDI)
      model xm0:sg13g2_hv_pmos_ps

      level                   104
       type                    -1
         tr                    27
      swgeo                     1
    swigate                     1
   swimpact                     1
     swgidl                     1
   swjuncap                     3
  swjunasym                     0
      swnud                     0
     swedge                     0
  swdelvtac                     0
      swign                     1
        qmc                     1
        vfb                    -1
      stvfb                0.0005
     st2vfb                     0
        tox                 2e-09
     epsrox                   3.9
       neff                 5e+23
  facneffac                     1
    gfacnud                     1
     vsbnud                     0
    dvsbnud                     1
      vnsub                     0
       nslp                  0.05
      dnsub                     0
      dphib                     0
    delvtac                     0
         np                 1e+26
      toxov                 2e-09
     toxovd                 2e-09
        nov                 5e+25
       novd                 5e+25
         ct                     0
        ctg                     0
        ctb                     0
       stct                     1
         cf                     0
        cfd                     0
        cfb                     0
       psce                     0
      psceb                     0
      psced                     0
       betn                  0.07
      stbet                     1
        mue                   0.5
      stmue                     0
      themu                   1.5
    stthemu                   1.5
         cs                     0
       stcs                     0
      thecs                     2
    stthecs                     0
       xcor                     0
     stxcor                     0
       feta                     1
         rs                    30
       strs                     1
        rsb                     0
        rsg                     0
     thesat                     1
   stthesat                     1
    thesatb                     0
    thesatg                     0
         ax                     3
        alp                  0.01
       alp1                     0
       alp2                     0
         vp                  0.05
         a1                     1
         a2                    10
       sta2                     0
         a3                     1
         a4                     0
        gco                     0
      iginv                     0
       igov                     0
      igovd                     0
       stig                     2
        gc2                 0.375
        gc3                 0.063
       chib                   3.1
      agidl                     0
     agidld                     0
      bgidl                    41
     bgidld                    41
    stbgidl                     0
   stbgidld                     0
      cgidl                     0
     cgidld                     0
        cox                 1e-14
       cgov                 1e-15
      cgovd                 1e-15
      cgbov                     0
        cfr                     0
       cfrd                     0
        fnt                     1
     fntexc                     0
        nfa                 8e+22
        nfb                 3e+07
        nfc                     0
         ef                     1
    vfbedge                    -1
  stvfbedge                0.0005
  dphibedge                     0
   neffedge                 5e+23
     ctedge                     0
   betnedge                0.0005
  stbetedge                     1
   psceedge                     0
  pscebedge                     0
  pscededge                     0
     cfedge                     0
    cfdedge                     0
    cfbedge                     0
    fntedge                     1
    nfaedge                 8e+22
    nfbedge                 3e+07
    nfcedge                     0
     efedge                     1
         rg                     0
        rse                     0
        rde                     0
      rbulk                     0
      rwell                     0
      rjuns                     0
      rjund                     0
      povfb                    -1
      plvfb                     0
      pwvfb                     0
     plwvfb                     0
    postvfb                0.0005
    plstvfb                     0
    pwstvfb                     0
   plwstvfb                     0
   post2vfb                     0
      potox                 2e-09
   poepsrox                   3.9
     poneff                 5e+23
     plneff                     0
     pwneff                     0
    plwneff                     0
pofacneffac                     1
plfacneffac                     0
pwfacneffac                     0
plwfacneffa                     0
  pogfacnud                     1
  plgfacnud                     0
  pwgfacnud                     0
 plwgfacnud                     0
   povsbnud                     0
  podvsbnud                     1
    povnsub                     0
     ponslp                  0.05
    podnsub                     0
    podphib                     0
    pldphib                     0
    pwdphib                     0
   plwdphib                     0
  podelvtac                     0
  pldelvtac                     0
  pwdelvtac                     0
 plwdelvtac                     0
       ponp                 1e+26
       plnp                     0
       pwnp                     0
      plwnp                     0
    potoxov                 2e-09
   potoxovd                 2e-09
      ponov                 5e+25
      plnov                     0
      pwnov                     0
     plwnov                     0
     ponovd                 5e+25
     plnovd                     0
     pwnovd                     0
    plwnovd                     0
       poct                     0
       plct                     0
       pwct                     0
      plwct                     0
      poctg                     0
      poctb                     0
     postct                     1
       pocf                     0
       plcf                     0
       pwcf                     0
      plwcf                     0
      pocfd                     0
      pocfb                     0
     popsce                     0
     plpsce                     0
     pwpsce                     0
    plwpsce                     0
    popsceb                     0
    popsced                     0
     pobetn                  0.07
     plbetn                     0
     pwbetn                     0
    plwbetn                     0
    postbet                     1
    plstbet                     0
    pwstbet                     0
   plwstbet                     0
      pomue                   0.5
      plmue                     0
      pwmue                     0
     plwmue                     0
    postmue                     0
    pothemu                   1.5
  postthemu                   1.5
       pocs                     0
       plcs                     0
       pwcs                     0
      plwcs                     0
     postcs                     0
    pothecs                     2
  postthecs                     0
     poxcor                     0
     plxcor                     0
     pwxcor                     0
    plwxcor                     0
   postxcor                     0
     pofeta                     1
       pors                    30
       plrs                     0
       pwrs                     0
      plwrs                     0
     postrs                     1
      porsb                     0
      porsg                     0
   pothesat                     1
   plthesat                     0
   pwthesat                     0
  plwthesat                     0
 postthesat                     1
 plstthesat                     0
 pwstthesat                     0
plwstthesat                     0
  pothesatb                     0
  plthesatb                     0
  pwthesatb                     0
 plwthesatb                     0
  pothesatg                     0
  plthesatg                     0
  pwthesatg                     0
 plwthesatg                     0
       poax                     3
       plax                     0
       pwax                     0
      plwax                     0
      poalp                  0.01
      plalp                     0
      pwalp                     0
     plwalp                     0
     poalp1                     0
     plalp1                     0
     pwalp1                     0
    plwalp1                     0
     poalp2                     0
     plalp2                     0
     pwalp2                     0
    plwalp2                     0
       povp                  0.05
       poa1                     1
       pla1                     0
       pwa1                     0
      plwa1                     0
       poa2                    10
     posta2                     0
       poa3                     1
       pla3                     0
       pwa3                     0
      plwa3                     0
       poa4                     0
       pla4                     0
       pwa4                     0
      plwa4                     0
      pogco                     0
    poiginv                     0
    pliginv                     0
    pwiginv                     0
   plwiginv                     0
     poigov                     0
     pligov                     0
     pwigov                     0
    plwigov                     0
    poigovd                     0
    pligovd                     0
    pwigovd                     0
   plwigovd                     0
     postig                     2
      pogc2                 0.375
      pogc3                 0.063
     pochib                   3.1
    poagidl                     0
    plagidl                     0
    pwagidl                     0
   plwagidl                     0
   poagidld                     0
   plagidld                     0
   pwagidld                     0
  plwagidld                     0
    pobgidl                    41
   pobgidld                    41
  postbgidl                     0
 postbgidld                     0
    pocgidl                     0
   pocgidld                     0
      pocox                 1e-14
      plcox                     0
      pwcox                     0
     plwcox                     0
     pocgov                 1e-15
     plcgov                     0
     pwcgov                     0
    plwcgov                     0
    pocgovd                 1e-15
    plcgovd                     0
    pwcgovd                     0
   plwcgovd                     0
    pocgbov                     0
    plcgbov                     0
    pwcgbov                     0
   plwcgbov                     0
      pocfr                     0
      plcfr                     0
      pwcfr                     0
     plwcfr                     0
     pocfrd                     0
     plcfrd                     0
     pwcfrd                     0
    plwcfrd                     0
      pofnt                     1
   pofntexc                     0
   plfntexc                     0
   pwfntexc                     0
  plwfntexc                     0
      ponfa                 8e+22
      plnfa                     0
      pwnfa                     0
     plwnfa                     0
      ponfb                 3e+07
      plnfb                     0
      pwnfb                     0
     plwnfb                     0
      ponfc                     0
      plnfc                     0
      pwnfc                     0
     plwnfc                     0
       poef                     1
  povfbedge                    -1
postvfbedge                     0
plstvfbedge                     0
pwstvfbedge                     0
plwstvfbedg                     0
podphibedge                     0
pldphibedge                     0
pwdphibedge                     0
plwdphibedg                     0
 poneffedge                 5e+23
 plneffedge                     0
 pwneffedge                     0
plwneffedge                     0
   poctedge                     0
   plctedge                     0
   pwctedge                     0
  plwctedge                     0
 pobetnedge                0.0005
 plbetnedge                     0
 pwbetnedge                     0
plwbetnedge                     0
postbetedge                     1
plstbetedge                     0
pwstbetedge                     0
plwstbetedg                     0
 popsceedge                     0
 plpsceedge                     0
 pwpsceedge                     0
plwpsceedge                     0
popscebedge                     0
popscededge                     0
   pocfedge                     0
   plcfedge                     0
   pwcfedge                     0
  plwcfedge                     0
  pocfdedge                     0
  pocfbedge                     0
  pofntedge                     1
  ponfaedge                 8e+22
  plnfaedge                     0
  pwnfaedge                     0
 plwnfaedge                     0
  ponfbedge                 3e+07
  plnfbedge                     0
  pwnfbedge                     0
 plwnfbedge                     0
  ponfcedge                     0
  plnfcedge                     0
  pwnfcedge                     0
 plwnfcedge                     0
   poefedge                     1
  pokvthowe                     0
  plkvthowe                     0
  pwkvthowe                     0
 plwkvthowe                     0
    pokuowe                     0
    plkuowe                     0
    pwkuowe                     0
   plwkuowe                     0
       lmin                     0
       lmax                     1
       wmin                     0
       wmax                     1
      lvaro            -1.735e-09
      lvarl                     0
      lvarw                     0
        lap             3.471e-08
      wvaro                     0
      wvarl                     0
      wvarw                     0
        wot                     0
        dlq             3.537e-08
        dwq                 3e-08
       vfbo               -1.0717
       vfbl                 -0.03
       vfbw                     0
      vfblw                     0
     stvfbo            0.00057379
     stvfbl            8.6794e-05
     stvfbw            4.9309e-05
    stvfblw           -3.6436e-05
    st2vfbo                     0
       toxo             6.945e-09
    epsroxo                   3.9
      nsubo            4.2268e+23
      nsubw               0.01112
       wseg             5.362e-08
       npck            8.0711e+23
      npckw             -0.011403
      wsegp                 1e-06
       lpck            8.3733e-09
      lpckw              0.077499
       fol1              0.065253
       fol2              0.010199
 facneffaco                     1
 facneffacl                     0
 facneffacw                     0
facneffaclw                     0
   gfacnudo                     1
   gfacnudl                     0
gfacnudlexp                     1
   gfacnudw                     0
  gfacnudlw                     0
    vsbnudo                     0
   dvsbnudo                     1
     vnsubo                     0
      nslpo                  0.05
     dnsubo               0.03585
     dphibo            -0.0778848
     dphibl            0.00526389
  dphiblexp                2.1893
     dphibw            -0.0111415
    dphiblw          -9.39158e-05
   delvtaco                     0
   delvtacl                     0
delvtaclexp                     1
   delvtacw                     0
  delvtaclw                     0
        npo             1.092e+26
        npl                0.2188
     toxovo             6.945e-09
    toxovdo                 2e-09
        lov             3.471e-08
       lovd                     0
       novo              1.99e+26
      novdo                 5e+25
        cto             -0.006328
        ctl                     0
     ctlexp                     1
        ctw                0.3006
       ctlw              -0.01196
       ctgo                     0
       ctbo                     0
      stcto                     1
        cfl            0.00045884
     cflexp                2.2055
        cfw               0.45909
       cfdo                     0
       cfbo                     1
      pscel                     0
   pscelexp                     2
      pscew                     0
     pscebo                     0
     pscedo                     0
         uo              0.018428
      fbet1               0.15952
     fbet1w               -2.1872
        lp1            9.9822e-08
       lp1w               -1.0871
      fbet2               -2.7066
        lp2            5.8401e-08
      betw1             -0.097534
      betw2              0.022314
       wbet            7.9844e-10
     stbeto                1.6489
     stbetl              0.029528
     stbetw              0.037078
    stbetlw              0.046991
       mueo               1.74446
       muew              -0.06367
     stmueo                1.0816
     themuo                1.0324
   stthemuo               0.26337
        cso               0.18648
        csl               0.21903
     cslexp                2.0917
        csw             0.0072837
       cslw                  0.02
      stcso                     2
     thecso                     2
   stthecso                     0
      xcoro              0.001363
      xcorl                     8
      xcorw             0.0060537
     xcorlw              0.058951
    stxcoro            -6.939e-18
      fetao                1.2853
       rsw1                  1970
       rsw2             -0.057547
      strso              -0.24812
       rsbo              0.074639
       rsgo               0.23491
    thesato            8.4917e-05
    thesatl             0.0067396
 thesatlexp                 2.395
    thesatw                1.1549
   thesatlw                 -0.01
  stthesato                3.0405
  stthesatl              -0.16001
  stthesatw              -0.96988
 stthesatlw               0.36213
   thesatbo                   0.1
   thesatgo                0.6304
        axo                16.822
        axl                3.0092
       alpl             0.0058454
    alplexp               0.47562
       alpw             -0.065973
     alp1l1            4.4409e-16
   alp1lexp                 1.347
     alp1l2                     1
      alp1w                     2
     alp2l1            3.6779e-06
   alp2lexp                0.2531
     alp2l2            2.2204e-15
      alp2w                0.9582
        vpo            1.8436e-06
        a1o                47.788
        a1l              0.029145
        a1w               0.01435
        a2o                38.581
      sta2o            -0.0049931
        a3o                1.1753
        a3l             -0.069795
        a3w             0.0032538
        a4o               0.12593
        a4l                 -0.07
        a4w              -0.04811
       gcoo                     0
    iginvlw                     0
      igovw                     0
     igovdw                     0
      stigo                     2
       gc2o                 0.375
       gc3o                 0.063
      chibo                   3.1
     agidlw                 6e-10
    agidldw                     0
     bgidlo               5.59703
    bgidldo                    41
   stbgidlo            -0.0049461
  stbgidldo                     0
     cgidlo               0.23693
    cgidldo                     0
     cgbovl            -4.669e-16
       cfrw                     0
      cfrdw                     0
       fnto                     1
    fntexcl                     0
      nfalw               1.3e+25
      nfblw             5.289e+09
      nfclw                 2e-07
        efo                 1.152
    lintnoi               2.5e-08
     alpnoi                     2
      wedge                 1e-08
     wedgew                     0
   vfbedgeo                    -1
 stvfbedgeo                0.0005
 stvfbedgel                     0
 stvfbedgew                     0
stvfbedgelw                     0
 dphibedgeo                     0
 dphibedgel                     0
dphibedgele                     1
 dphibedgew                     0
dphibedgelw                     0
  nsubedgeo                 5e+23
  nsubedgel                     0
nsubedgelex                     1
  nsubedgew                     0
 nsubedgelw                     0
    ctedgeo                     0
    ctedgel                     0
 ctedgelexp                     1
   fbetedge                     0
     lpedge                 1e-08
   betedgew                     0
 stbetedgeo                     1
 stbetedgel                     0
 stbetedgew                     0
stbetedgelw                     0
  psceedgel                     0
psceedgelex                     2
  psceedgew                     0
 pscebedgeo                     0
 pscededgeo                     0
    cfedgel                     0
 cfedgelexp                     2
    cfedgew                     0
   cfdedgeo                     0
   cfbedgeo                     0
   fntedgeo                     1
  nfaedgelw                 8e+22
  nfbedgelw                 3e+07
  nfcedgelw                     0
    efedgeo                     1
   kvthoweo                     0
   kvthowel                     0
   kvthowew                     0
  kvthowelw                     0
     kuoweo                     0
     kuowel                     0
     kuowew                     0
    kuowelw                     0
        rgo                    15
       rint                     0
     rvpoly                     0
       rshg                    40
      dlsil                     0
        rsh                     0
       rshd                     0
     rbulko                   200
     rwello                   100
     rjunso                   500
     rjundo                   500
      saref                 1e-06
      sbref                 1e-06
       wlod                     0
        kuo                     0
      kvsat                     0
       tkuo                     0
       lkuo                     0
       wkuo                     0
       pkuo                     0
    llodkuo                     0
    wlodkuo                     0
      kvtho                     0
     lkvtho                     0
     wkvtho                     0
     pkvtho                     0
    llodvth                     0
    wlodvth                     0
     stetao                     0
    lodetao                     1
      scref                 1e-06
        web                     0
        wec                     0
      swsoa                     0
    vgs_max                     3
    vgd_max                     3
    vgb_max                     3
    vds_max                     3
    vdb_max                   1.6
    vsb_max                   1.6
       imax             0.0024527
        trj                    21
       frev                  1000
    cjorbot             0.0008095
    cjorsti            4.2583e-11
    cjorgat               3.1e-11
    vbirbot               0.72606
    vbirsti               0.69819
    vbirgat                 1.199
       pbot               0.33078
       psti               0.22409
       pgat                0.4474
    phigbot                1.0641
    phigsti                1.3946
    phiggat                  1.83
  idsatrbot            3.0606e-08
  idsatrsti            3.6127e-15
  idsatrgat                     0
    csrhbot                   100
    csrhsti                0.0001
    csrhgat                0.0001
    xjunsti              4.93e-08
    xjungat             7.062e-07
    ctatbot                   100
    ctatsti                0.0001
    ctatgat                0.0001
 mefftatbot                  0.25
 mefftatsti                  0.25
 mefftatgat                  0.25
    cbbtbot                 1e-12
    cbbtsti                 1e-21
    cbbtgat                 1e-18
   fbbtrbot                 1e+09
   fbbtrsti                 1e+09
   fbbtrgat                 1e+09
  stfbbtbot                -0.001
  stfbbtsti                -0.001
  stfbbtgat                -0.001
     vbrbot                    10
     vbrsti                    10
     vbrgat                    10
     pbrbot                     4
     pbrsti                     4
     pbrgat                     4
   cjorbotd                 0.001
   cjorstid                 1e-09
   cjorgatd                 1e-09
   vbirbotd                     1
   vbirstid                     1
   vbirgatd                     1
      pbotd                   0.5
      pstid                   0.5
      pgatd                   0.5
   phigbotd                  1.16
   phigstid                  1.16
   phiggatd                  1.16
 idsatrbotd                 1e-12
 idsatrstid                 1e-18
 idsatrgatd                 1e-18
   csrhbotd                   100
   csrhstid                0.0001
   csrhgatd                0.0001
   xjunstid                 1e-07
   xjungatd                 1e-07
   ctatbotd                   100
   ctatstid                0.0001
   ctatgatd                0.0001
mefftatbotd                  0.25
mefftatstid                  0.25
mefftatgatd                  0.25
   cbbtbotd                 1e-12
   cbbtstid                 1e-18
   cbbtgatd                 1e-18
  fbbtrbotd                 1e+09
  fbbtrstid                 1e+09
  fbbtrgatd                 1e+09
 stfbbtbotd                -0.001
 stfbbtstid                -0.001
 stfbbtgatd                -0.001
    vbrbotd                    10
    vbrstid                    10
    vbrgatd                    10
    pbrbotd                     4
    pbrstid                     4
    pbrgatd                     4
   swjunexp                     0
    vjunref                   2.5
      fjunq                  0.03
   vjunrefd                   2.5
     fjunqd                  0.03

 r3_cmc models (A simulator independent device loaded with OSDI)
      model          xr1:res_rppd          xr2:res_rppd

    version                     1                     1
 subversion                     1                     1
   revision                     2                     2
      level                  1003                  1003
       type                    -1                    -1
      scale                     1                     1
     shrink                     0                     0
       tmin                  -100                  -100
       tmax                   500                   500
    rthresh                 0.001                 0.001
       imax                     1                     1
       tnom                    27                    27
       lmin                     0                     0
       lmax               9.9e+09               9.9e+09
       wmin                     0                     0
       wmax               9.9e+09               9.9e+09
       jmax                   100                   100
       vmax               9.9e+09               9.9e+09
   tminclip                  -100                  -100
   tmaxclip                   500                   500
        rsh                   260                   260
         xw                 0.006                 0.006
       nwxw                     0                     0
       wexw                     0                     0
       fdrw                     1                     1
    fdxwinf                     0                     0
         xl                     0                     0
        xlw                     0                     0
     dxlsat                     0                     0
        nst                     1                     1
        ats                     0                     0
       atsl                     0                     0
      dfinf                0.0001                0.0001
        dfw                     0                     0
        dfl                     0                     0
       dfwl                     0                     0
   sw_dfgeo                     1                     1
         dp                  1000                  1000
        dpw                     0                     0
       dpwe                   0.5                   0.5
        dpl                     0                     0
       dple                     2                     2
       dpwl                     0                     0
      ecrit                  1000                  1000
      ecorn                   0.4                   0.4
   sw_vsatt                     0                     0
   sw_accpo                     0                     0
       grpo                 1e-12                 1e-12
         du                  0.02                  0.02
         rc                  17.5                  17.5
        rcw                     0                     0
         fc                   0.9                   0.9
        isa                     0                     0
         na                     1                     1
         ca                 9e-17                 9e-17
        cja                     0                     0
         pa                  0.75                  0.75
         ma                  0.33                  0.33
        aja                  -0.5                  -0.5
        isp                     0                     0
         np                     1                     1
         cp               2.5e-17               2.5e-17
        cjp                     0                     0
         pp                  0.75                  0.75
         mp                  0.33                  0.33
        ajp                  -0.5                  -0.5
        vbv                     0                     0
        ibv                 1e-06                 1e-06
        nbv                     1                     1
        kfn             4.601e-11             4.601e-11
        afn                 1.886                 1.886
        bfn                0.9963                0.9963
   sw_fngeo                     0                     0
         ea                  1.12                  1.12
        xis                     3                     3
      xvsat                     0                     0
        tc1               0.00017               0.00017
        tc2                 4e-07                 4e-07
       tc1l                     0                     0
       tc2l                     0                     0
       tc1w                     0                     0
       tc2w                     0                     0
      tc1wl                     0                     0
      tc2wl                     0                     0
      tc1rc              -0.00095              -0.00095
      tc2rc                     0                     0
      tc1dp                     0                     0
      tc2dp                     0                     0
     tc1vbv                     0                     0
     tc2vbv                     0                     0
     tc1nbv                     0                     0
     tc1kfn                     0                     0
      tegth                     0                     0
       gth0                 1e-12                 1e-12
       gthp                 2e-06                 2e-06
       gtha                 6e-06                 6e-06
       gthc                 1e-12                 1e-12
       cth0                     0                     0
       cthp                     0                     0
       ctha              5.94e-13              5.94e-13
       cthc                     0                     0
   nsig_rsh                     0                     0
     nsig_w                     0                     0
     nsig_l                     0                     0
    sig_rsh                     0                     0
      sig_w                     0                     0
      sig_l                     0                     0
    smm_rsh                   1.5                   1.5
      smm_w                  0.01                  0.01
      smm_l                  0.01                  0.01
   sw_mmgeo                     0                     0

 Capacitor: Fixed capacitor
     device            c.xq3.csub            c.xq2.csub            c.xq1.csub
      model                     C                     C                     C
capacitance              2.15e-14               1.1e-14              2.15e-14
      dtemp                     0                     0                     0
     bv_max                 1e+99                 1e+99                 1e+99
          i                     0                     0                     0
          p                     0                     0                     0

 Isource: Independent current source
     device                 ibias
         dc                 5e-06
          m                     1
      acmag                     0
      pulse                     -
        sin                     -
        exp                     -
        pwl                     -
       sffm                     -
         am                     -
    trnoise                     -
   trrandom                     -
          v              -2.26237
          p           1.13118e-05
    current                 5e-06

 Resistor: Simple linear resistor
     device              r.xq3.rt            r.xq3.rsub              r.xq2.rt
      model                     R                     R                     R
 resistance                 1e+09                   400                 1e+09
         ac                 1e+09                   400                 1e+09
      dtemp                     0                     0                     0
     bv_max                 1e+99                 1e+99                 1e+99
      noisy                     1                     1                     1
          i           3.39928e-11           8.55852e-11           4.53334e-12
          p           1.15551e-12           2.92993e-18           2.05512e-14

 Resistor: Simple linear resistor
     device            r.xq2.rsub              r.xq1.rt            r.xq1.rsub
      model                     R                     R                     R
 resistance                  1100                 1e+09                   400
         ac                  1100                 1e+09                   400
      dtemp                     0                     0                     0
     bv_max                 1e+99                 1e+99                 1e+99
      noisy                     1                     1                     1
          i           3.74507e-10           3.34671e-11           8.55807e-11
          p           1.54281e-16           1.12005e-12           2.92962e-18

 VBIC: Vertical Bipolar Inter-Company Model
     device        q.xq3.qnpn13g2        q.xq2.qnpn13g2        q.xq1.qnpn13g2
      model   xq3:npn13g2_nx_vbic   xq2:npn13g2_nx_vbic   xq1:npn13g2_nx_vbic
        vbe              0.580619              0.506174              0.580094
        vbc           0.000550988           6.84318e-05           0.000542958
         ic           5.14483e-06           5.11401e-06           5.06985e-06
         ib           1.12658e-08           1.20164e-08           1.11063e-08
         ie          -5.15609e-06          -5.12603e-06          -5.08096e-06
         is           8.55852e-11           3.74507e-10           8.55807e-11
          p           2.99445e-06           2.59493e-06           2.94814e-06
       beta               456.678               425.585               456.487
         gm           0.000143861            0.00014328           0.000141769
         go          -2.43086e-08          -2.46756e-08          -2.39583e-08
        gpi            3.0598e-07           3.23157e-07           3.01635e-07
        gmu           2.45482e-12            1.2111e-11           2.45375e-12
         gx             0.0136198             0.0966271              0.013618
        cbe           2.56516e-15           1.86803e-14           2.56403e-15
       cbex                     0                     0                     0
        cbc           4.05247e-16           3.24136e-15           4.05245e-16
       cbcx           1.46918e-26           1.45505e-26           1.46894e-26
       cbep            9.4284e-16           7.54189e-15           9.42839e-16
       cbcp           1.32602e-15           7.15816e-15           1.32622e-15

 Vsource: Independent voltage source
     device                   vm3                   vm2                   vm1
         dc                     0                     0                     0
      acmag                     0                     0                     0
      pulse                     -                     -                     -
        sin                     -                     -                     -
        exp                     -                     -                     -
        pwl                     -                     -                     -
       sffm                     -                     -                     -
         am                     -                     -                     -
    trnoise                     -                     -                     -
   trrandom                     -                     -                     -
    portnum                     0                     0                     0
         z0                     0                     0                     0
        pwr                     0                     0                     0
       freq                     0                     0                     0
      phase                     0                     0                     0
          i           5.15618e-06            5.1264e-06           5.08105e-06
          p                     0                     0                     0

 Vsource: Independent voltage source
     device                  vsub                  vvss                  vvdd
         dc                     0                     0                  2.97
      acmag                     0                     0                     0
      pulse                     -                     -                     -
        sin                     -                     -                     -
        exp                     -                     -                     -
        pwl                     -                     -                     -
       sffm                     -                     -                     -
         am                     -                     -                     -
    trnoise                     -                     -                     -
   trrandom                     -                     -                     -
    portnum                     0                     0                     0
         z0                     0                     0                     0
        pwr                     0                     0                     0
       freq                     0                     0                     0
      phase                     0                     0                     0
          i                     0           2.03636e-05          -2.03636e-05
          p                     0                     0            -6.048e-05

 PSP103VA: A simulator independent device loaded with OSDI
     device  n.xm3c.nsg13_hv_pmos  n.xm3b.nsg13_hv_pmos  n.xm3a.nsg13_hv_pmos
      model xm3c:sg13g2_hv_pmos_p xm3b:sg13g2_hv_pmos_p xm3a:sg13g2_hv_pmos_p
   _mfactor                     1                     1                     1
          m                     1                     1                     1
          l                 1e-06                 1e-06                 1e-06
          w                 1e-06                 1e-06                 8e-06
         sa                     0                     0                     0
         sb                     0                     0                     0
         sd                     0                     0                     0
        sca                     0                     0                     0
        scb                     0                     0                     0
        scc                     0                     0                     0
         sc                     0                     0                     0
         nf                     1                     1                     1
      ngcon                     2                     2                     2
        xgw                 1e-07                 1e-07                 1e-07
        nrs                     0                     0                     0
        nrd                     0                     0                     0
         jw                 1e-06                 1e-06                 1e-06
     delvto                     0                     0                     0
     factuo                     1                     1                     1
 delvtoedge                     0                     0                     0
 factuoedge                     1                     1                     1
   absource                 1e-12                 1e-12                 1e-12
   lssource                 1e-06                 1e-06                 1e-06
   lgsource                 1e-06                 1e-06                 1e-06
    abdrain                 1e-12                 1e-12                 1e-12
    lsdrain                 1e-06                 1e-06                 1e-06
    lgdrain                 1e-06                 1e-06                 1e-06
         as               3.4e-13               3.4e-13              2.72e-12
         ps              2.68e-06              2.68e-06             1.668e-05
         ad               3.4e-13               3.4e-13              2.72e-12
         pd              2.68e-06              2.68e-06             1.668e-05
       mult                     1                     1                     1
        dta                     0                     0                     0
      ctype                    -1                    -1                    -1
      sdint                     1                     1                     1
        ise          -5.46397e-07          -5.46397e-07          -4.06334e-06
        ige                     0                     0                     0
        ide           5.46402e-07           5.46402e-07           4.06338e-06
        ibe          -4.87703e-12          -4.87703e-12          -3.85068e-11
        ids           5.46397e-07           5.46397e-07           4.06334e-06
        idb           4.87703e-12           4.87703e-12           3.85068e-11
        isb           -3.6315e-20           -3.6315e-20           -2.6753e-19
        igs                     0                     0                     0
        igd                     0                     0                     0
        igb                     0                     0                     0
     idedge                     0                     0                     0
       igcs                     0                     0                     0
       igcd                     0                     0                     0
       iavl           1.21922e-13           1.21922e-13           9.11035e-13
      igisl                     0                     0                     0
      igidl           4.88669e-15           4.88669e-15           3.90935e-14
        ijs            3.6315e-20            3.6315e-20            2.6753e-19
     ijsbot            3.6334e-22            3.6334e-22           2.86877e-21
     ijsgat           2.90865e-20           2.90865e-20           2.29654e-19
     ijssti           6.86521e-21           6.86521e-21           3.50072e-20
        ijd          -4.75022e-12          -4.75022e-12          -3.75567e-11
     ijdbot          -7.04097e-15          -7.04097e-15          -5.63277e-14
     ijdgat          -4.58611e-12          -4.58611e-12          -3.66888e-11
     ijdsti          -1.57073e-13          -1.57073e-13          -8.11546e-13
        vds               2.04162               2.04162               2.04162
        vgs              0.707632              0.707632              0.707632
        vsb          -5.13065e-09          -5.13065e-09          -5.05089e-09
        vto              0.565092              0.565092              0.567192
        vts              0.565085              0.565085              0.567186
        vth              0.563479              0.563479              0.566022
        vgt              0.144153              0.144153               0.14161
       vdss              0.203532              0.203532              0.202542
       vsat               1.83809               1.83809               1.83908
         gm           4.18935e-06           4.18935e-06            3.1527e-05
        gmb           2.24829e-06           2.24829e-06            1.6693e-05
        gds           5.13019e-09           5.13019e-09           3.19377e-08
        gjs          -7.44614e-12          -7.44614e-12          -5.55807e-11
        gjd          -1.70044e-12          -1.70044e-12          -1.34744e-11
        cdd           1.26213e-19           1.26213e-19           2.67751e-18
        cdg           7.93695e-16           7.93695e-16           6.15022e-15
        cds          -1.20809e-15          -1.20809e-15          -9.31125e-15
        cdb            4.1452e-16            4.1452e-16           3.16371e-15
        cgd          -1.64657e-18          -1.64657e-18          -7.36947e-18
        cgg           2.91493e-15           2.91493e-15           2.26032e-14
        cgs           2.11683e-15           2.11683e-15           1.64254e-14
        cgb           7.99748e-16           7.99748e-16           6.18515e-15
        csd           7.49719e-19           7.49719e-19            3.4584e-18
        csg           1.25675e-15           1.25675e-15            9.7599e-15
        css           1.91707e-15           1.91707e-15           1.48081e-14
        csb           6.59576e-16           6.59576e-16            5.0447e-15
        cbd           1.02306e-18           1.02306e-18           6.58858e-18
        cbg           8.64488e-16           8.64488e-16           6.69311e-15
        cbs           1.00833e-15           1.00833e-15           7.69386e-15
        cbb           1.87385e-15           1.87385e-15           1.43936e-14
      cgsol           1.75114e-16           1.75114e-16           1.36521e-15
      cgdol           1.73811e-16           1.73811e-16           1.35505e-15
        cjs           4.22026e-16           4.22026e-16           3.14365e-15
     cjsbot           3.04653e-16           3.04653e-16           2.43722e-15
     cjsgat           3.52914e-17           3.52914e-17           2.82331e-16
     cjssti           8.20823e-17           8.20823e-17           4.24092e-16
        cjd           2.55421e-16           2.55421e-16           1.89019e-15
     cjdbot           1.80672e-16           1.80672e-16           1.44538e-15
     cjdgat           2.06841e-17           2.06841e-17           1.65473e-16
     cjdsti           5.40653e-17           5.40653e-17           2.79337e-16
       weff                 1e-06                 1e-06                 8e-06
       leff           9.28845e-07           9.28845e-07           9.28845e-07
          u               816.606               816.606                987.14
       rout           1.94924e+08           1.94924e+08           3.13109e+07
     vearly               106.507               106.507               127.228
       beff            5.2589e-05            5.2589e-05           0.000405256
        fug           2.04285e+08           2.04285e+08           1.98143e+08
         rg               20.3426               20.3426               43.7165
        sfl           2.18927e-20           2.18927e-20           1.53754e-19
    sqrtsff           1.11687e-06           1.11687e-06           3.93306e-07
    sqrtsfw           7.09997e-08           7.09997e-08           2.58155e-08
        sid           8.84719e-26           8.84719e-26           6.62412e-25
        sig            1.3578e-37            1.3578e-37           1.09109e-36
      cigid              0.468617              0.468617              0.469215
      fknee                247454                247454                232113
       sigs                     0                     0                     0
       sigd                     0                     0                     0
      siavl           3.90686e-32           3.90686e-32            2.9193e-31
        ssi           1.16367e-38           1.16367e-38           8.57269e-38
        sdi           1.52215e-30           1.52215e-30           1.20346e-29
    sfledge                     0                     0                     0
    sidedge                     0                     0                     0
     lp_vfb              -1.03762              -1.03762              -1.03849
   lp_stvfb           0.000677315           0.000677315           0.000668493
  lp_st2vfb                     0                     0                     0
     lp_tox             6.945e-09             6.945e-09             6.945e-09
  lp_epsrox                   3.9                   3.9                   3.9
    lp_neff           4.41295e+23           4.41295e+23           4.31175e+23
lp_facneffa                     1                     1                     1
 lp_gfacnud                     1                     1                     1
  lp_vsbnud                     0                     0                     0
 lp_dvsbnud                     1                     1                     1
   lp_vnsub                     0                     0                     0
    lp_nslp                  0.05                  0.05                  0.05
   lp_dnsub               0.03585               0.03585               0.03585
   lp_dphib            -0.0829403            -0.0829403             -0.073103
 lp_delvtac                     0                     0                     0
      lp_np           1.34923e+26           1.34923e+26           1.34923e+26
   lp_toxov             6.945e-09             6.945e-09             6.945e-09
  lp_toxovd             6.945e-09             6.945e-09             6.945e-09
     lp_nov              1.99e+26              1.99e+26              1.99e+26
    lp_novd              1.99e+26              1.99e+26              1.99e+26
      lp_ct                     0                     0                     0
     lp_ctg                     0                     0                     0
     lp_ctb                     0                     0                     0
    lp_stct                     1                     1                     1
      lp_cf           0.000787852           0.000787852           0.000570947
     lp_cfd                     0                     0                     0
     lp_cfb                     1                     1                     1
    lp_psce                     0                     0                     0
   lp_psceb                     0                     0                     0
   lp_psced                     0                     0                     0
    lp_betn              0.015401              0.015401              0.118656
   lp_stbet               1.76836               1.76836               1.69165
     lp_mue               1.20329               1.20329               1.27488
   lp_stmue                1.0816                1.0816                1.0816
   lp_themu              0.958364              0.958364              0.958364
 lp_stthemu               0.26337               0.26337               0.26337
      lp_cs              0.258515              0.258515              0.252141
    lp_stcs                     2                     2                     2
   lp_thecs                     2                     2                     2
 lp_stthecs                     0                     0                     0
    lp_xcor             0.0140182             0.0140182             0.0132162
  lp_stxcor            -6.939e-18            -6.939e-18            -6.939e-18
    lp_feta                1.2853                1.2853                1.2853
      lp_rs               1991.46               1991.46               262.233
    lp_strs              -0.24812              -0.24812              -0.24812
     lp_rsb              0.074639              0.074639              0.074639
     lp_rsg               0.23491               0.23491               0.23491
  lp_thesat             0.0115858             0.0115858             0.0050741
lp_stthesat               2.28822               2.28822               2.79573
 lp_thesatb                   0.1                   0.1                   0.1
 lp_thesatg                0.6304                0.6304                0.6304
      lp_ax               3.96771               3.96771               3.96771
     lp_alp            0.00565484            0.00565484            0.00600433
    lp_alp1           6.72197e-16           6.72197e-16           2.80082e-16
    lp_alp2           7.33788e-06           7.33788e-06           4.19608e-06
      lp_vp            1.8436e-06            1.8436e-06            1.8436e-06
      lp_a1               49.9948               49.9948               49.3759
      lp_a2               38.5266               38.5266               38.5266
    lp_sta2            -0.0049931            -0.0049931            -0.0049931
      lp_a3               1.09052               1.09052               1.08743
      lp_a4              0.110838              0.110838              0.115739
     lp_gco                     0                     0                     0
   lp_iginv                     0                     0                     0
    lp_igov                     0                     0                     0
   lp_igovd                     0                     0                     0
    lp_stig                     2                     2                     2
     lp_gc2                 0.375                 0.375                 0.375
     lp_gc3                 0.063                 0.063                 0.063
    lp_chib                   3.1                   3.1                   3.1
   lp_agidl            2.0826e-11            2.0826e-11           1.66608e-10
  lp_agidld            2.0826e-11            2.0826e-11           1.66608e-10
   lp_bgidl               2.88405               2.88405               2.88405
  lp_bgidld               2.88405               2.88405               2.88405
 lp_stbgidl            -0.0049461            -0.0049461            -0.0049461
lp_stbgidld            -0.0049461            -0.0049461            -0.0049461
   lp_cgidl               0.23693               0.23693               0.23693
  lp_cgidld               0.23693               0.23693               0.23693
     lp_cox           4.93801e-15           4.93801e-15           3.84973e-14
    lp_cgov            1.7776e-16            1.7776e-16           1.38583e-15
   lp_cgovd            1.7776e-16            1.7776e-16           1.38583e-15
   lp_cgbov                     0                     0                     0
     lp_cfr                     0                     0                     0
    lp_cfrd                     0                     0                     0
     lp_fnt                     1                     1                     1
  lp_fntexc                     0                     0                     0
     lp_nfa           1.56337e+25           1.56337e+25           1.95421e+24
     lp_nfb           6.36051e+09           6.36051e+09           7.95064e+08
     lp_nfc           2.40519e-07           2.40519e-07           3.00648e-08
      lp_ef                 1.152                 1.152                 1.152
 lp_vfbedge                     0                     0                     0
lp_stvfbedg                0.0005                0.0005                0.0005
lp_dphibedg                     0                     0                     0
lp_neffedge                 5e+23                 5e+23                 5e+23
  lp_ctedge                     0                     0                     0
lp_betnedge                     0                     0                     0
lp_stbetedg                     1                     1                     1
lp_psceedge                     0                     0                     0
lp_pscebedg                     0                     0                     0
lp_pscededg                     0                     0                     0
  lp_cfedge                     0                     0                     0
 lp_cfdedge                     0                     0                     0
 lp_cfbedge                     0                     0                     0
 lp_fntedge                     1                     1                     1
 lp_nfaedge           4.30642e+24           4.30642e+24           4.30642e+24
 lp_nfbedge           1.61491e+09           1.61491e+09           1.61491e+09
 lp_nfcedge                     0                     0                     0
  lp_efedge                     1                     1                     1
      lp_rg               20.3426               20.3426               43.7165
     lp_rse                     0                     0                     0
     lp_rde                     0                     0                     0
   lp_rbulk                  2000                  2000                   250
   lp_rwell                  1000                  1000                   125
   lp_rjuns                  5000                  5000                   625
   lp_rjund                  5000                  5000                   625
         tk                398.15                398.15                398.15
    cjosbot           2.99895e-16           2.99895e-16           2.39916e-15
    cjossti           8.08004e-17           8.08004e-17           4.17469e-16
    cjosgat           3.47402e-17           3.47402e-17           2.77922e-16
    vbisbot              0.560131              0.560131              0.560131
    vbissti              0.405556              0.405556              0.405556
    vbisgat              0.929492              0.929492              0.929492
  idsatsbot           2.32836e-15           2.32836e-15           1.86269e-14
  idsatssti           4.09287e-14           4.09287e-14           2.11465e-13
  idsatsgat                     0                     0                     0
   cjosbotd           2.99895e-16           2.99895e-16           2.39916e-15
   cjosstid           8.08004e-17           8.08004e-17           4.17469e-16
   cjosgatd           3.47402e-17           3.47402e-17           2.77922e-16
   vbisbotd              0.560131              0.560131              0.560131
   vbisstid              0.405556              0.405556              0.405556
   vbisgatd              0.929492              0.929492              0.929492
 idsatsbotd           2.32836e-15           2.32836e-15           1.86269e-14
 idsatsstid           4.09287e-14           4.09287e-14           2.11465e-13
 idsatsgatd                     0                     0                     0

 PSP103VA: A simulator independent device loaded with OSDI
     device  n.xm2b.nsg13_hv_pmos  n.xm2a.nsg13_hv_pmos   n.xm1.nsg13_hv_pmos
      model xm2b:sg13g2_hv_pmos_p xm2a:sg13g2_hv_pmos_p xm1:sg13g2_hv_pmos_ps
   _mfactor                     1                     1                     1
          m                     1                     1                     1
          l                 1e-06                 1e-06                 1e-06
          w                 1e-06                 9e-06                 1e-05
         sa                     0                     0                     0
         sb                     0                     0                     0
         sd                     0                     0                     0
        sca                     0                     0                     0
        scb                     0                     0                     0
        scc                     0                     0                     0
         sc                     0                     0                     0
         nf                     1                     1                     1
      ngcon                     2                     2                     2
        xgw                 1e-07                 1e-07                 1e-07
        nrs                     0                     0                     0
        nrd                     0                     0                     0
         jw                 1e-06                 1e-06                 1e-06
     delvto                     0                     0                     0
     factuo                     1                     1                     1
 delvtoedge                     0                     0                     0
 factuoedge                     1                     1                     1
   absource                 1e-12                 1e-12                 1e-12
   lssource                 1e-06                 1e-06                 1e-06
   lgsource                 1e-06                 1e-06                 1e-06
    abdrain                 1e-12                 1e-12                 1e-12
    lsdrain                 1e-06                 1e-06                 1e-06
    lgdrain                 1e-06                 1e-06                 1e-06
         as               3.4e-13              3.06e-12               3.4e-12
         ps              2.68e-06             1.868e-05             2.068e-05
         ad               3.4e-13              3.06e-12               3.4e-12
         pd              2.68e-06             1.868e-05             2.068e-05
       mult                     1                     1                     1
        dta                     0                     0                     0
      ctype                    -1                    -1                    -1
      sdint                     1                     1                     1
        ise          -5.48227e-07          -4.57809e-06          -5.08096e-06
        ige                     0                     0                     0
        ide           5.48236e-07           4.57816e-06           5.08105e-06
        ibe          -8.82829e-12          -7.66572e-11          -8.06709e-11
        ids           5.48227e-07           4.57809e-06           5.08096e-06
        idb           8.82829e-12           7.66572e-11           8.06709e-11
        isb          -6.57367e-20          -5.31976e-19          -5.59319e-19
        igs                     0                     0                     0
        igd                     0                     0                     0
        igb                     0                     0                     0
     idedge                     0                     0                     0
       igcs                     0                     0                     0
       igcd                     0                     0                     0
       iavl           3.42922e-12           2.86289e-11           2.76371e-11
      igisl                     0                     0                     0
      igidl           4.12625e-14           3.71363e-13           3.78246e-13
        ijs           6.57367e-20           5.31976e-19           5.59319e-19
     ijsbot            6.5771e-22           5.71098e-21              6.01e-21
     ijsgat           5.26517e-20           4.57182e-19           4.81119e-19
     ijssti           1.24273e-20           6.90836e-20             7.219e-20
        ijd          -5.35781e-12          -4.76569e-11          -5.26555e-11
     ijdbot          -7.75539e-15          -6.97985e-14          -7.72008e-14
     ijdgat          -5.17606e-12          -4.65845e-11          -5.14775e-11
     ijdsti          -1.73997e-13          -1.00256e-12          -1.10076e-12
        vds               2.40774               2.40774               2.38978
        vgs              0.707632              0.707632              0.707632
        vsb          -1.57692e-08           -1.4962e-08          -1.36702e-08
        vto              0.565092              0.567113              0.567041
        vts              0.565085              0.567106              0.567035
        vth              0.563176              0.565731              0.565677
        vgt              0.144456              0.141901              0.141955
       vdss              0.203651              0.202656              0.202678
       vsat               2.20409               2.20508                2.1871
         gm           4.19982e-06           3.54958e-05           3.93922e-05
        gmb           2.25258e-06           1.87802e-05           2.08366e-05
        gds           4.91321e-09           3.37866e-08           3.74676e-08
        gjs          -7.44614e-12          -6.24571e-11          -6.93335e-11
        gjd          -1.62306e-12          -1.44553e-11          -1.60916e-11
        cdd           1.50511e-21           1.90323e-18           2.19533e-18
        cdg            7.9266e-16           6.90606e-15           7.67203e-15
        cds          -1.20638e-15          -1.04538e-14          -1.16121e-14
        cdb           4.13725e-16           3.54964e-15           3.94228e-15
        cgd          -1.76374e-18           -9.2632e-18          -1.01513e-17
        cgg           2.91421e-15           2.54089e-14           2.82226e-14
        cgs           2.11511e-15           1.84566e-14           2.05031e-14
        cgb            8.0086e-16           6.96162e-15           7.72964e-15
        csd            7.9706e-19           4.27888e-18           4.69511e-18
        csg           1.25679e-15           1.09753e-14           1.21918e-14
        css           1.91679e-15           1.66479e-14           1.84914e-14
        csb           6.59199e-16           5.66836e-15           6.29495e-15
        cbd           9.68181e-19           6.88755e-18           7.65149e-18
        cbg           8.64758e-16           7.52758e-15           8.35877e-15
        cbs           1.00806e-15           8.64515e-15           9.60045e-15
        cbb           1.87378e-15           1.61796e-14           1.79669e-14
      cgsol           1.75114e-16           1.53522e-15           1.70523e-15
      cgdol            1.7354e-16           1.52142e-15           1.69004e-15
        cjs           4.22026e-16           3.53245e-15           3.92125e-15
     cjsbot           3.04653e-16           2.74188e-15           3.04653e-15
     cjsgat           3.52914e-17           3.17622e-16           3.52914e-16
     cjssti           8.20823e-17            4.7295e-16           5.21809e-16
        cjd           2.44964e-16           2.03502e-15           2.26323e-15
     cjdbot           1.72938e-16           1.55644e-15           1.73287e-15
     cjdgat           1.96323e-17           1.76691e-16             1.968e-16
     cjdsti           5.23932e-17           3.01885e-16           3.33552e-16
       weff                 1e-06                 9e-06                 1e-05
       leff           9.28845e-07           9.28845e-07           9.28845e-07
          u                 854.8               1050.59               1051.37
       rout           2.03533e+08           2.95975e+07           2.66897e+07
     vearly               111.584               135.502               135.612
       beff           5.25448e-05           0.000454729           0.000504293
        fug           2.04857e+08           1.98462e+08           1.98288e+08
         rg               20.3426               47.0556               50.3947
        sfl           2.20188e-20           1.73361e-19           1.92178e-19
    sqrtsff           1.11729e-06           3.70935e-07           3.51918e-07
    sqrtsfw           7.09128e-08           2.43288e-08           2.30934e-08
        sid           8.86973e-26           7.45752e-25           8.27552e-25
        sig           1.35594e-37           1.22697e-36           1.36443e-36
      cigid              0.468545              0.469144               0.46913
      fknee                248246                232464                232224
       sigs                     0                     0                     0
       sigd                     0                     0                     0
      siavl           1.09886e-30           9.17387e-30           8.85605e-30
        ssi           2.10646e-38           1.70466e-37           1.79227e-37
        sdi           1.71685e-30           1.52711e-29           1.68728e-29
    sfledge                     0                     0                     0
    sidedge                     0                     0                     0
     lp_vfb              -1.03762               -1.0385              -1.03851
   lp_stvfb           0.000677315           0.000668353           0.000668241
  lp_st2vfb                     0                     0                     0
     lp_tox             6.945e-09             6.945e-09             6.945e-09
  lp_epsrox                   3.9                   3.9                   3.9
    lp_neff           4.41295e+23           4.30919e+23           4.30708e+23
lp_facneffa                     1                     1                     1
 lp_gfacnud                     1                     1                     1
  lp_vsbnud                     0                     0                     0
 lp_dvsbnud                     1                     1                     1
   lp_vnsub                     0                     0                     0
    lp_nslp                  0.05                  0.05                  0.05
   lp_dnsub               0.03585               0.03585               0.03585
   lp_dphib            -0.0829403            -0.0729469             -0.072822
 lp_delvtac                     0                     0                     0
      lp_np           1.34923e+26           1.34923e+26           1.34923e+26
   lp_toxov             6.945e-09             6.945e-09             6.945e-09
  lp_toxovd             6.945e-09             6.945e-09             6.945e-09
     lp_nov              1.99e+26              1.99e+26              1.99e+26
    lp_novd              1.99e+26              1.99e+26              1.99e+26
      lp_ct                     0                     0                     0
     lp_ctg                     0                     0                     0
     lp_ctb                     0                     0                     0
    lp_stct                     1                     1                     1
      lp_cf           0.000787852           0.000567504            0.00056475
     lp_cfd                     0                     0                     0
     lp_cfb                     1                     1                     1
    lp_psce                     0                     0                     0
   lp_psceb                     0                     0                     0
   lp_psced                     0                     0                     0
    lp_betn              0.015401              0.133272              0.147882
   lp_stbet               1.76836               1.69043               1.68946
     lp_mue               1.20329               1.27602               1.27693
   lp_stmue                1.0816                1.0816                1.0816
   lp_themu              0.958364              0.958364              0.958364
 lp_stthemu               0.26337               0.26337               0.26337
      lp_cs              0.258515              0.252041               0.25196
    lp_stcs                     2                     2                     2
   lp_thecs                     2                     2                     2
 lp_stthecs                     0                     0                     0
    lp_xcor             0.0140182             0.0132036             0.0131934
  lp_stxcor            -6.939e-18            -6.939e-18            -6.939e-18
    lp_feta                1.2853                1.2853                1.2853
      lp_rs               1991.46               233.284                210.09
    lp_strs              -0.24812              -0.24812              -0.24812
     lp_rsb              0.074639              0.074639              0.074639
     lp_rsg               0.23491               0.23491               0.23491
  lp_thesat             0.0115858            0.00498265            0.00490977
lp_stthesat               2.28822               2.80379               2.81023
 lp_thesatb                   0.1                   0.1                   0.1
 lp_thesatg                0.6304                0.6304                0.6304
      lp_ax               3.96771               3.96771               3.96771
     lp_alp            0.00565484            0.00600988            0.00601432
    lp_alp1           6.72197e-16           2.73858e-16           2.68879e-16
    lp_alp2           7.33788e-06           4.14621e-06           4.10632e-06
      lp_vp            1.8436e-06            1.8436e-06            1.8436e-06
      lp_a1               49.9948               49.3661               49.3582
      lp_a2               38.5266               38.5266               38.5266
    lp_sta2            -0.0049931            -0.0049931            -0.0049931
      lp_a3               1.09052               1.08738               1.08734
      lp_a4              0.110838              0.115817              0.115879
     lp_gco                     0                     0                     0
   lp_iginv                     0                     0                     0
    lp_igov                     0                     0                     0
   lp_igovd                     0                     0                     0
    lp_stig                     2                     2                     2
     lp_gc2                 0.375                 0.375                 0.375
     lp_gc3                 0.063                 0.063                 0.063
    lp_chib                   3.1                   3.1                   3.1
   lp_agidl            2.0826e-11           1.87434e-10            2.0826e-10
  lp_agidld            2.0826e-11           1.87434e-10            2.0826e-10
   lp_bgidl               2.88405               2.88405               2.88405
  lp_bgidld               2.88405               2.88405               2.88405
 lp_stbgidl            -0.0049461            -0.0049461            -0.0049461
lp_stbgidld            -0.0049461            -0.0049461            -0.0049461
   lp_cgidl               0.23693               0.23693               0.23693
  lp_cgidld               0.23693               0.23693               0.23693
     lp_cox           4.93801e-15           4.32915e-14           4.80857e-14
    lp_cgov            1.7776e-16           1.55842e-15             1.731e-15
   lp_cgovd            1.7776e-16           1.55842e-15             1.731e-15
   lp_cgbov                     0                     0                     0
     lp_cfr                     0                     0                     0
    lp_cfrd                     0                     0                     0
     lp_fnt                     1                     1                     1
  lp_fntexc                     0                     0                     0
     lp_nfa           1.56337e+25           1.73708e+24           1.56337e+24
     lp_nfb           6.36051e+09           7.06724e+08           6.36051e+08
     lp_nfc           2.40519e-07           2.67243e-08           2.40519e-08
      lp_ef                 1.152                 1.152                 1.152
 lp_vfbedge                     0                     0                     0
lp_stvfbedg                0.0005                0.0005                0.0005
lp_dphibedg                     0                     0                     0
lp_neffedge                 5e+23                 5e+23                 5e+23
  lp_ctedge                     0                     0                     0
lp_betnedge                     0                     0                     0
lp_stbetedg                     1                     1                     1
lp_psceedge                     0                     0                     0
lp_pscebedg                     0                     0                     0
lp_pscededg                     0                     0                     0
  lp_cfedge                     0                     0                     0
 lp_cfdedge                     0                     0                     0
 lp_cfbedge                     0                     0                     0
 lp_fntedge                     1                     1                     1
 lp_nfaedge           4.30642e+24           4.30642e+24           4.30642e+24
 lp_nfbedge           1.61491e+09           1.61491e+09           1.61491e+09
 lp_nfcedge                     0                     0                     0
  lp_efedge                     1                     1                     1
      lp_rg               20.3426               47.0556               50.3947
     lp_rse                     0                     0                     0
     lp_rde                     0                     0                     0
   lp_rbulk                  2000               222.222                   200
   lp_rwell                  1000               111.111                   100
   lp_rjuns                  5000               555.556                   500
   lp_rjund                  5000               555.556                   500
         tk                398.15                398.15                398.15
    cjosbot           2.99895e-16           2.69905e-15           2.99895e-15
    cjossti           8.08004e-17           4.65564e-16            5.1366e-16
    cjosgat           3.47402e-17           3.12662e-16           3.47402e-16
    vbisbot              0.560131              0.560131              0.560131
    vbissti              0.405556              0.405556              0.405556
    vbisgat              0.929492              0.929492              0.929492
  idsatsbot           2.32836e-15           2.09552e-14           2.32836e-14
  idsatssti           4.09287e-14           2.35827e-13            2.6019e-13
  idsatsgat                     0                     0                     0
   cjosbotd           2.99895e-16           2.69905e-15           2.99895e-15
   cjosstid           8.08004e-17           4.65564e-16            5.1366e-16
   cjosgatd           3.47402e-17           3.12662e-16           3.47402e-16
   vbisbotd              0.560131              0.560131              0.560131
   vbisstid              0.405556              0.405556              0.405556
   vbisgatd              0.929492              0.929492              0.929492
 idsatsbotd           2.32836e-15           2.09552e-14           2.32836e-14
 idsatsstid           4.09287e-14           2.35827e-13            2.6019e-13
 idsatsgatd                     0                     0                     0

 PSP103VA: A simulator independent device loaded with OSDI
     device   n.xm0.nsg13_hv_pmos
      model xm0:sg13g2_hv_pmos_ps
   _mfactor                     1
          m                     1
          l                 1e-06
          w                 1e-05
         sa                     0
         sb                     0
         sd                     0
        sca                     0
        scb                     0
        scc                     0
         sc                     0
         nf                     1
      ngcon                     2
        xgw                 1e-07
        nrs                     0
        nrd                     0
         jw                 1e-06
     delvto                     0
     factuo                     1
 delvtoedge                     0
 factuoedge                     1
   absource                 1e-12
   lssource                 1e-06
   lgsource                 1e-06
    abdrain                 1e-12
    lsdrain                 1e-06
    lgdrain                 1e-06
         as               3.4e-12
         ps             2.068e-05
         ad               3.4e-12
         pd             2.068e-05
       mult                     1
        dta                     0
      ctype                    -1
      sdint                     1
        ise          -4.99998e-06
        ige                     0
        ide                 5e-06
        ibe          -2.11436e-11
        ids           4.99998e-06
        idb           2.11436e-11
        isb          -1.46596e-19
        igs                     0
        igd                     0
        igb                     0
     idedge                     0
       igcs                     0
       igcd                     0
       iavl            3.3364e-32
      igisl                     0
      igidl                     0
        ijs           1.46596e-19
     ijsbot           1.57521e-21
     ijsgat             1.261e-19
     ijssti           1.89208e-20
        ijd          -2.11436e-11
     ijdbot          -4.37341e-14
     ijdgat          -2.04944e-11
     ijdsti          -6.05542e-13
        vds              0.707632
        vgs              0.707632
        vsb          -2.11436e-09
        vto              0.567041
        vts              0.567035
        vth              0.566672
        vgt               0.14096
       vdss              0.202286
       vsat              0.505346
         gm           3.88536e-05
        gmb           2.05929e-05
        gds            7.7709e-08
        gjs          -6.93335e-11
        gjd          -2.30087e-11
        cdd           2.35083e-17
        cdg           7.78306e-15
        cds          -1.17669e-14
        cdb           4.00739e-15
        cgd           9.86729e-18
        cgg           2.83173e-14
        cgs           2.06477e-14
        cgb           7.65971e-15
        csd           -3.2259e-18
        csg           1.22161e-14
        css           1.85331e-14
        csb           6.32026e-15
        cbd           1.68669e-17
        cbg           8.31811e-15
        cbs           9.65237e-15
        cbb           1.79874e-14
      cgsol           1.70523e-15
      cgdol           1.70124e-15
        cjs           3.92125e-15
     cjsbot           3.04653e-15
     cjsgat           3.52914e-16
     cjssti           5.21809e-16
        cjd           2.97833e-15
     cjdbot           2.29682e-15
     cjdgat           2.70605e-16
     cjdsti           4.10906e-16
       weff                 1e-05
       leff           9.28845e-07
          u               499.989
       rout           1.28685e+07
     vearly               64.3426
       beff           0.000503277
        fug           1.94925e+08
         rg               50.3947
        sfl           1.86634e-19
    sqrtsff           3.51613e-07
    sqrtsfw           2.32611e-08
        sid           8.16814e-25
        sig           1.37726e-36
      cigid              0.469082
      fknee                228491
       sigs                     0
       sigd                     0
      siavl           1.06911e-50
        ssi            4.6975e-38
        sdi           6.77523e-30
    sfledge                     0
    sidedge                     0
     lp_vfb              -1.03851
   lp_stvfb           0.000668241
  lp_st2vfb                     0
     lp_tox             6.945e-09
  lp_epsrox                   3.9
    lp_neff           4.30708e+23
lp_facneffa                     1
 lp_gfacnud                     1
  lp_vsbnud                     0
 lp_dvsbnud                     1
   lp_vnsub                     0
    lp_nslp                  0.05
   lp_dnsub               0.03585
   lp_dphib             -0.072822
 lp_delvtac                     0
      lp_np           1.34923e+26
   lp_toxov             6.945e-09
  lp_toxovd             6.945e-09
     lp_nov              1.99e+26
    lp_novd              1.99e+26
      lp_ct                     0
     lp_ctg                     0
     lp_ctb                     0
    lp_stct                     1
      lp_cf            0.00056475
     lp_cfd                     0
     lp_cfb                     1
    lp_psce                     0
   lp_psceb                     0
   lp_psced                     0
    lp_betn              0.147882
   lp_stbet               1.68946
     lp_mue               1.27693
   lp_stmue                1.0816
   lp_themu              0.958364
 lp_stthemu               0.26337
      lp_cs               0.25196
    lp_stcs                     2
   lp_thecs                     2
 lp_stthecs                     0
    lp_xcor             0.0131934
  lp_stxcor            -6.939e-18
    lp_feta                1.2853
      lp_rs                210.09
    lp_strs              -0.24812
     lp_rsb              0.074639
     lp_rsg               0.23491
  lp_thesat            0.00490977
lp_stthesat               2.81023
 lp_thesatb                   0.1
 lp_thesatg                0.6304
      lp_ax               3.96771
     lp_alp            0.00601432
    lp_alp1           2.68879e-16
    lp_alp2           4.10632e-06
      lp_vp            1.8436e-06
      lp_a1               49.3582
      lp_a2               38.5266
    lp_sta2            -0.0049931
      lp_a3               1.08734
      lp_a4              0.115879
     lp_gco                     0
   lp_iginv                     0
    lp_igov                     0
   lp_igovd                     0
    lp_stig                     2
     lp_gc2                 0.375
     lp_gc3                 0.063
    lp_chib                   3.1
   lp_agidl            2.0826e-10
  lp_agidld            2.0826e-10
   lp_bgidl               2.88405
  lp_bgidld               2.88405
 lp_stbgidl            -0.0049461
lp_stbgidld            -0.0049461
   lp_cgidl               0.23693
  lp_cgidld               0.23693
     lp_cox           4.80857e-14
    lp_cgov             1.731e-15
   lp_cgovd             1.731e-15
   lp_cgbov                     0
     lp_cfr                     0
    lp_cfrd                     0
     lp_fnt                     1
  lp_fntexc                     0
     lp_nfa           1.56337e+24
     lp_nfb           6.36051e+08
     lp_nfc           2.40519e-08
      lp_ef                 1.152
 lp_vfbedge                     0
lp_stvfbedg                0.0005
lp_dphibedg                     0
lp_neffedge                 5e+23
  lp_ctedge                     0
lp_betnedge                     0
lp_stbetedg                     1
lp_psceedge                     0
lp_pscebedg                     0
lp_pscededg                     0
  lp_cfedge                     0
 lp_cfdedge                     0
 lp_cfbedge                     0
 lp_fntedge                     1
 lp_nfaedge           4.30642e+24
 lp_nfbedge           1.61491e+09
 lp_nfcedge                     0
  lp_efedge                     1
      lp_rg               50.3947
     lp_rse                     0
     lp_rde                     0
   lp_rbulk                   200
   lp_rwell                   100
   lp_rjuns                   500
   lp_rjund                   500
         tk                398.15
    cjosbot           2.99895e-15
    cjossti            5.1366e-16
    cjosgat           3.47402e-16
    vbisbot              0.560131
    vbissti              0.405556
    vbisgat              0.929492
  idsatsbot           2.32836e-14
  idsatssti            2.6019e-13
  idsatsgat                     0
   cjosbotd           2.99895e-15
   cjosstid            5.1366e-16
   cjosgatd           3.47402e-16
   vbisbotd              0.560131
   vbisstid              0.405556
   vbisgatd              0.929492
 idsatsbotd           2.32836e-14
 idsatsstid            2.6019e-13
 idsatsgatd                     0

 r3_cmc: A simulator independent device loaded with OSDI
     device             n.xr1.nr1             n.xr2.nr1
      model          xr1:res_rppd          xr2:res_rppd
   _mfactor                     1                     1
          m                     1                     1
          w             2.006e-06             2.006e-06
          l              0.000511              8.27e-05
         wd                     0                     0
         a1            5.1186e-10             8.356e-11
         p1            0.00051386             8.556e-05
         c1                     1                     1
         a2            5.1186e-10             8.356e-11
         p2            0.00051386             8.556e-05
         c2                     1                     1
      trise                     0                     0
   nsmm_rsh                     1                     1
     nsmm_w                     1                     1
     nsmm_l                     1                     1
   sw_noise                     1                     1
      sw_et                     0                     0
     sw_lin                     0                     0
    sw_mman                     0                     0
          v             -0.347627            -0.0560712
      ibody          -5.15618e-06           -5.1264e-06
      power           1.79243e-06           2.87444e-07
    leff_um                   511                  82.7
    weff_um                 2.012                 2.012
         r0                 65825               10653.1
       r_dc               67419.5               10937.7
       r_ac               67387.7                 10906
        rth               121.915               749.512
        cth           6.08889e-10           9.85423e-11
      dt_et                     0                     0


Total analysis time (seconds) = 0.063283

Total elapsed time (seconds) = 0.367 

Total DRAM available = 98304.000 MB.
DRAM currently available = 66570.094 MB.
Maximum ngspice program size =   15.281 MB.
Current ngspice program size =   15.281 MB.

