 1.00000000e+00  4.63856906e+01  1.00000000e+00  1.79999998e+02
 1.00770481e+00  4.63856906e+01  1.00770481e+00  1.79999998e+02
 1.01546899e+00  4.63856906e+01  1.01546899e+00  1.79999998e+02
 1.02329299e+00  4.63856906e+01  1.02329299e+00  1.79999998e+02
 1.03117727e+00  4.63856906e+01  1.03117727e+00  1.79999998e+02
 1.03912230e+00  4.63856906e+01  1.03912230e+00  1.79999998e+02
 1.04712855e+00  4.63856906e+01  1.04712855e+00  1.79999998e+02
 1.05519648e+00  4.63856906e+01  1.05519648e+00  1.79999998e+02
 1.06332657e+00  4.63856906e+01  1.06332657e+00  1.79999998e+02
 1.07151931e+00  4.63856906e+01  1.07151931e+00  1.79999998e+02
 1.07977516e+00  4.63856906e+01  1.07977516e+00  1.79999998e+02
 1.08809463e+00  4.63856906e+01  1.08809463e+00  1.79999998e+02
 1.09647820e+00  4.63856906e+01  1.09647820e+00  1.79999998e+02
 1.10492636e+00  4.63856906e+01  1.10492636e+00  1.79999998e+02
 1.11343961e+00  4.63856906e+01  1.11343961e+00  1.79999998e+02
 1.12201845e+00  4.63856906e+01  1.12201845e+00  1.79999998e+02
 1.13066340e+00  4.63856906e+01  1.13066340e+00  1.79999998e+02
 1.13937495e+00  4.63856906e+01  1.13937495e+00  1.79999998e+02
 1.14815362e+00  4.63856906e+01  1.14815362e+00  1.79999998e+02
 1.15699993e+00  4.63856906e+01  1.15699993e+00  1.79999998e+02
 1.16591440e+00  4.63856906e+01  1.16591440e+00  1.79999998e+02
 1.17489755e+00  4.63856906e+01  1.17489755e+00  1.79999998e+02
 1.18394992e+00  4.63856906e+01  1.18394992e+00  1.79999998e+02
 1.19307204e+00  4.63856906e+01  1.19307204e+00  1.79999998e+02
 1.20226443e+00  4.63856906e+01  1.20226443e+00  1.79999998e+02
 1.21152766e+00  4.63856906e+01  1.21152766e+00  1.79999998e+02
 1.22086225e+00  4.63856906e+01  1.22086225e+00  1.79999998e+02
 1.23026877e+00  4.63856906e+01  1.23026877e+00  1.79999998e+02
 1.23974776e+00  4.63856906e+01  1.23974776e+00  1.79999998e+02
 1.24929979e+00  4.63856906e+01  1.24929979e+00  1.79999998e+02
 1.25892541e+00  4.63856906e+01  1.25892541e+00  1.79999998e+02
 1.26862520e+00  4.63856906e+01  1.26862520e+00  1.79999998e+02
 1.27839972e+00  4.63856906e+01  1.27839972e+00  1.79999998e+02
 1.28824955e+00  4.63856906e+01  1.28824955e+00  1.79999998e+02
 1.29817528e+00  4.63856906e+01  1.29817528e+00  1.79999998e+02
 1.30817747e+00  4.63856906e+01  1.30817747e+00  1.79999998e+02
 1.31825674e+00  4.63856906e+01  1.31825674e+00  1.79999998e+02
 1.32841366e+00  4.63856906e+01  1.32841366e+00  1.79999998e+02
 1.33864884e+00  4.63856906e+01  1.33864884e+00  1.79999998e+02
 1.34896288e+00  4.63856906e+01  1.34896288e+00  1.79999998e+02
 1.35935639e+00  4.63856906e+01  1.35935639e+00  1.79999998e+02
 1.36982998e+00  4.63856906e+01  1.36982998e+00  1.79999998e+02
 1.38038426e+00  4.63856906e+01  1.38038426e+00  1.79999998e+02
 1.39101987e+00  4.63856906e+01  1.39101987e+00  1.79999998e+02
 1.40173742e+00  4.63856906e+01  1.40173742e+00  1.79999998e+02
 1.41253754e+00  4.63856906e+01  1.41253754e+00  1.79999998e+02
 1.42342088e+00  4.63856906e+01  1.42342088e+00  1.79999998e+02
 1.43438808e+00  4.63856906e+01  1.43438808e+00  1.79999998e+02
 1.44543977e+00  4.63856906e+01  1.44543977e+00  1.79999998e+02
 1.45657662e+00  4.63856906e+01  1.45657662e+00  1.79999998e+02
 1.46779927e+00  4.63856906e+01  1.46779927e+00  1.79999998e+02
 1.47910839e+00  4.63856906e+01  1.47910839e+00  1.79999998e+02
 1.49050464e+00  4.63856906e+01  1.49050464e+00  1.79999998e+02
 1.50198870e+00  4.63856906e+01  1.50198870e+00  1.79999998e+02
 1.51356125e+00  4.63856906e+01  1.51356125e+00  1.79999998e+02
 1.52522296e+00  4.63856906e+01  1.52522296e+00  1.79999998e+02
 1.53697452e+00  4.63856906e+01  1.53697452e+00  1.79999998e+02
 1.54881662e+00  4.63856906e+01  1.54881662e+00  1.79999998e+02
 1.56074996e+00  4.63856906e+01  1.56074996e+00  1.79999998e+02
 1.57277525e+00  4.63856906e+01  1.57277525e+00  1.79999997e+02
 1.58489319e+00  4.63856906e+01  1.58489319e+00  1.79999997e+02
 1.59710450e+00  4.63856906e+01  1.59710450e+00  1.79999997e+02
 1.60940989e+00  4.63856906e+01  1.60940989e+00  1.79999997e+02
 1.62181010e+00  4.63856906e+01  1.62181010e+00  1.79999997e+02
 1.63430584e+00  4.63856906e+01  1.63430584e+00  1.79999997e+02
 1.64689787e+00  4.63856906e+01  1.64689787e+00  1.79999997e+02
 1.65958691e+00  4.63856906e+01  1.65958691e+00  1.79999997e+02
 1.67237372e+00  4.63856906e+01  1.67237372e+00  1.79999997e+02
 1.68525904e+00  4.63856906e+01  1.68525904e+00  1.79999997e+02
 1.69824365e+00  4.63856906e+01  1.69824365e+00  1.79999997e+02
 1.71132830e+00  4.63856906e+01  1.71132830e+00  1.79999997e+02
 1.72451377e+00  4.63856906e+01  1.72451377e+00  1.79999997e+02
 1.73780083e+00  4.63856906e+01  1.73780083e+00  1.79999997e+02
 1.75119026e+00  4.63856906e+01  1.75119026e+00  1.79999997e+02
 1.76468286e+00  4.63856906e+01  1.76468286e+00  1.79999997e+02
 1.77827941e+00  4.63856906e+01  1.77827941e+00  1.79999997e+02
 1.79198072e+00  4.63856906e+01  1.79198072e+00  1.79999997e+02
 1.80578760e+00  4.63856906e+01  1.80578760e+00  1.79999997e+02
 1.81970086e+00  4.63856906e+01  1.81970086e+00  1.79999997e+02
 1.83372132e+00  4.63856906e+01  1.83372132e+00  1.79999997e+02
 1.84784980e+00  4.63856906e+01  1.84784980e+00  1.79999997e+02
 1.86208714e+00  4.63856906e+01  1.86208714e+00  1.79999997e+02
 1.87643417e+00  4.63856906e+01  1.87643417e+00  1.79999997e+02
 1.89089175e+00  4.63856906e+01  1.89089175e+00  1.79999997e+02
 1.90546072e+00  4.63856906e+01  1.90546072e+00  1.79999997e+02
 1.92014194e+00  4.63856906e+01  1.92014194e+00  1.79999997e+02
 1.93493628e+00  4.63856906e+01  1.93493628e+00  1.79999997e+02
 1.94984460e+00  4.63856906e+01  1.94984460e+00  1.79999997e+02
 1.96486779e+00  4.63856906e+01  1.96486779e+00  1.79999997e+02
 1.98000673e+00  4.63856906e+01  1.98000673e+00  1.79999997e+02
 1.99526231e+00  4.63856906e+01  1.99526231e+00  1.79999997e+02
 2.01063544e+00  4.63856906e+01  2.01063544e+00  1.79999997e+02
 2.02612701e+00  4.63856906e+01  2.02612701e+00  1.79999997e+02
 2.04173794e+00  4.63856906e+01  2.04173794e+00  1.79999997e+02
 2.05746916e+00  4.63856906e+01  2.05746916e+00  1.79999997e+02
 2.07332157e+00  4.63856906e+01  2.07332157e+00  1.79999997e+02
 2.08929613e+00  4.63856906e+01  2.08929613e+00  1.79999997e+02
 2.10539377e+00  4.63856906e+01  2.10539377e+00  1.79999997e+02
 2.12161544e+00  4.63856906e+01  2.12161544e+00  1.79999997e+02
 2.13796209e+00  4.63856906e+01  2.13796209e+00  1.79999997e+02
 2.15443469e+00  4.63856906e+01  2.15443469e+00  1.79999997e+02
 2.17103421e+00  4.63856906e+01  2.17103421e+00  1.79999997e+02
 2.18776162e+00  4.63856906e+01  2.18776162e+00  1.79999997e+02
 2.20461792e+00  4.63856906e+01  2.20461792e+00  1.79999996e+02
 2.22160409e+00  4.63856906e+01  2.22160409e+00  1.79999996e+02
 2.23872114e+00  4.63856906e+01  2.23872114e+00  1.79999996e+02
 2.25597007e+00  4.63856906e+01  2.25597007e+00  1.79999996e+02
 2.27335190e+00  4.63856906e+01  2.27335190e+00  1.79999996e+02
 2.29086765e+00  4.63856906e+01  2.29086765e+00  1.79999996e+02
 2.30851836e+00  4.63856906e+01  2.30851836e+00  1.79999996e+02
 2.32630507e+00  4.63856906e+01  2.32630507e+00  1.79999996e+02
 2.34422882e+00  4.63856906e+01  2.34422882e+00  1.79999996e+02
 2.36229066e+00  4.63856906e+01  2.36229066e+00  1.79999996e+02
 2.38049167e+00  4.63856906e+01  2.38049167e+00  1.79999996e+02
 2.39883292e+00  4.63856906e+01  2.39883292e+00  1.79999996e+02
 2.41731548e+00  4.63856906e+01  2.41731548e+00  1.79999996e+02
 2.43594045e+00  4.63856906e+01  2.43594045e+00  1.79999996e+02
 2.45470892e+00  4.63856906e+01  2.45470892e+00  1.79999996e+02
 2.47362199e+00  4.63856906e+01  2.47362199e+00  1.79999996e+02
 2.49268079e+00  4.63856906e+01  2.49268079e+00  1.79999996e+02
 2.51188643e+00  4.63856906e+01  2.51188643e+00  1.79999996e+02
 2.53124005e+00  4.63856906e+01  2.53124005e+00  1.79999996e+02
 2.55074278e+00  4.63856906e+01  2.55074278e+00  1.79999996e+02
 2.57039578e+00  4.63856906e+01  2.57039578e+00  1.79999996e+02
 2.59020020e+00  4.63856906e+01  2.59020020e+00  1.79999996e+02
 2.61015722e+00  4.63856906e+01  2.61015722e+00  1.79999996e+02
 2.63026799e+00  4.63856906e+01  2.63026799e+00  1.79999996e+02
 2.65053372e+00  4.63856906e+01  2.65053372e+00  1.79999996e+02
 2.67095559e+00  4.63856906e+01  2.67095559e+00  1.79999996e+02
 2.69153480e+00  4.63856906e+01  2.69153480e+00  1.79999996e+02
 2.71227258e+00  4.63856906e+01  2.71227258e+00  1.79999996e+02
 2.73317014e+00  4.63856906e+01  2.73317014e+00  1.79999996e+02
 2.75422870e+00  4.63856906e+01  2.75422870e+00  1.79999996e+02
 2.77544952e+00  4.63856906e+01  2.77544952e+00  1.79999996e+02
 2.79683385e+00  4.63856906e+01  2.79683385e+00  1.79999996e+02
 2.81838293e+00  4.63856906e+01  2.81838293e+00  1.79999995e+02
 2.84009805e+00  4.63856906e+01  2.84009805e+00  1.79999995e+02
 2.86198048e+00  4.63856906e+01  2.86198048e+00  1.79999995e+02
 2.88403150e+00  4.63856906e+01  2.88403150e+00  1.79999995e+02
 2.90625243e+00  4.63856906e+01  2.90625243e+00  1.79999995e+02
 2.92864456e+00  4.63856906e+01  2.92864456e+00  1.79999995e+02
 2.95120923e+00  4.63856906e+01  2.95120923e+00  1.79999995e+02
 2.97394775e+00  4.63856906e+01  2.97394775e+00  1.79999995e+02
 2.99686146e+00  4.63856906e+01  2.99686146e+00  1.79999995e+02
 3.01995172e+00  4.63856906e+01  3.01995172e+00  1.79999995e+02
 3.04321989e+00  4.63856906e+01  3.04321989e+00  1.79999995e+02
 3.06666733e+00  4.63856906e+01  3.06666733e+00  1.79999995e+02
 3.09029543e+00  4.63856906e+01  3.09029543e+00  1.79999995e+02
 3.11410558e+00  4.63856906e+01  3.11410558e+00  1.79999995e+02
 3.13809919e+00  4.63856906e+01  3.13809919e+00  1.79999995e+02
 3.16227766e+00  4.63856906e+01  3.16227766e+00  1.79999995e+02
 3.18664242e+00  4.63856906e+01  3.18664242e+00  1.79999995e+02
 3.21119491e+00  4.63856906e+01  3.21119491e+00  1.79999995e+02
 3.23593657e+00  4.63856906e+01  3.23593657e+00  1.79999995e+02
 3.26086886e+00  4.63856906e+01  3.26086886e+00  1.79999995e+02
 3.28599325e+00  4.63856906e+01  3.28599325e+00  1.79999995e+02
 3.31131121e+00  4.63856906e+01  3.31131121e+00  1.79999995e+02
 3.33682425e+00  4.63856906e+01  3.33682425e+00  1.79999995e+02
 3.36253386e+00  4.63856906e+01  3.36253386e+00  1.79999995e+02
 3.38844156e+00  4.63856906e+01  3.38844156e+00  1.79999995e+02
 3.41454887e+00  4.63856906e+01  3.41454887e+00  1.79999995e+02
 3.44085734e+00  4.63856906e+01  3.44085734e+00  1.79999995e+02
 3.46736850e+00  4.63856906e+01  3.46736850e+00  1.79999994e+02
 3.49408393e+00  4.63856906e+01  3.49408393e+00  1.79999994e+02
 3.52100520e+00  4.63856906e+01  3.52100520e+00  1.79999994e+02
 3.54813389e+00  4.63856906e+01  3.54813389e+00  1.79999994e+02
 3.57547160e+00  4.63856906e+01  3.57547160e+00  1.79999994e+02
 3.60301995e+00  4.63856906e+01  3.60301995e+00  1.79999994e+02
 3.63078055e+00  4.63856906e+01  3.63078055e+00  1.79999994e+02
 3.65875504e+00  4.63856906e+01  3.65875504e+00  1.79999994e+02
 3.68694506e+00  4.63856906e+01  3.68694506e+00  1.79999994e+02
 3.71535229e+00  4.63856906e+01  3.71535229e+00  1.79999994e+02
 3.74397839e+00  4.63856906e+01  3.74397839e+00  1.79999994e+02
 3.77282505e+00  4.63856906e+01  3.77282505e+00  1.79999994e+02
 3.80189396e+00  4.63856906e+01  3.80189396e+00  1.79999994e+02
 3.83118685e+00  4.63856906e+01  3.83118685e+00  1.79999994e+02
 3.86070543e+00  4.63856906e+01  3.86070543e+00  1.79999994e+02
 3.89045145e+00  4.63856906e+01  3.89045145e+00  1.79999994e+02
 3.92042666e+00  4.63856906e+01  3.92042666e+00  1.79999994e+02
 3.95063281e+00  4.63856906e+01  3.95063281e+00  1.79999994e+02
 3.98107171e+00  4.63856906e+01  3.98107171e+00  1.79999994e+02
 4.01174512e+00  4.63856906e+01  4.01174512e+00  1.79999994e+02
 4.04265487e+00  4.63856906e+01  4.04265487e+00  1.79999994e+02
 4.07380278e+00  4.63856906e+01  4.07380278e+00  1.79999993e+02
 4.10519067e+00  4.63856906e+01  4.10519067e+00  1.79999993e+02
 4.13682040e+00  4.63856906e+01  4.13682040e+00  1.79999993e+02
 4.16869383e+00  4.63856906e+01  4.16869383e+00  1.79999993e+02
 4.20081285e+00  4.63856906e+01  4.20081285e+00  1.79999993e+02
 4.23317933e+00  4.63856906e+01  4.23317933e+00  1.79999993e+02
 4.26579519e+00  4.63856906e+01  4.26579519e+00  1.79999993e+02
 4.29866235e+00  4.63856906e+01  4.29866235e+00  1.79999993e+02
 4.33178274e+00  4.63856906e+01  4.33178274e+00  1.79999993e+02
 4.36515832e+00  4.63856906e+01  4.36515832e+00  1.79999993e+02
 4.39879106e+00  4.63856906e+01  4.39879106e+00  1.79999993e+02
 4.43268292e+00  4.63856906e+01  4.43268292e+00  1.79999993e+02
 4.46683592e+00  4.63856906e+01  4.46683592e+00  1.79999993e+02
 4.50125206e+00  4.63856906e+01  4.50125206e+00  1.79999993e+02
 4.53593337e+00  4.63856906e+01  4.53593337e+00  1.79999993e+02
 4.57088190e+00  4.63856906e+01  4.57088190e+00  1.79999993e+02
 4.60609969e+00  4.63856906e+01  4.60609969e+00  1.79999993e+02
 4.64158883e+00  4.63856906e+01  4.64158883e+00  1.79999993e+02
 4.67735141e+00  4.63856906e+01  4.67735141e+00  1.79999993e+02
 4.71338954e+00  4.63856906e+01  4.71338954e+00  1.79999992e+02
 4.74970533e+00  4.63856906e+01  4.74970533e+00  1.79999992e+02
 4.78630092e+00  4.63856906e+01  4.78630092e+00  1.79999992e+02
 4.82317848e+00  4.63856906e+01  4.82317848e+00  1.79999992e+02
 4.86034018e+00  4.63856906e+01  4.86034018e+00  1.79999992e+02
 4.89778819e+00  4.63856906e+01  4.89778819e+00  1.79999992e+02
 4.93552474e+00  4.63856906e+01  4.93552474e+00  1.79999992e+02
 4.97355204e+00  4.63856906e+01  4.97355204e+00  1.79999992e+02
 5.01187234e+00  4.63856906e+01  5.01187234e+00  1.79999992e+02
 5.05048788e+00  4.63856906e+01  5.05048788e+00  1.79999992e+02
 5.08940095e+00  4.63856906e+01  5.08940095e+00  1.79999992e+02
 5.12861384e+00  4.63856906e+01  5.12861384e+00  1.79999992e+02
 5.16812886e+00  4.63856906e+01  5.16812886e+00  1.79999992e+02
 5.20794833e+00  4.63856906e+01  5.20794833e+00  1.79999992e+02
 5.24807460e+00  4.63856906e+01  5.24807460e+00  1.79999992e+02
 5.28851004e+00  4.63856906e+01  5.28851004e+00  1.79999992e+02
 5.32925703e+00  4.63856906e+01  5.32925703e+00  1.79999991e+02
 5.37031796e+00  4.63856906e+01  5.37031796e+00  1.79999991e+02
 5.41169527e+00  4.63856906e+01  5.41169527e+00  1.79999991e+02
 5.45339137e+00  4.63856906e+01  5.45339137e+00  1.79999991e+02
 5.49540874e+00  4.63856906e+01  5.49540874e+00  1.79999991e+02
 5.53774984e+00  4.63856906e+01  5.53774984e+00  1.79999991e+02
 5.58041717e+00  4.63856906e+01  5.58041717e+00  1.79999991e+02
 5.62341325e+00  4.63856906e+01  5.62341325e+00  1.79999991e+02
 5.66674061e+00  4.63856906e+01  5.66674061e+00  1.79999991e+02
 5.71040179e+00  4.63856906e+01  5.71040179e+00  1.79999991e+02
 5.75439937e+00  4.63856906e+01  5.75439937e+00  1.79999991e+02
 5.79873595e+00  4.63856906e+01  5.79873595e+00  1.79999991e+02
 5.84341413e+00  4.63856906e+01  5.84341413e+00  1.79999991e+02
 5.88843655e+00  4.63856906e+01  5.88843655e+00  1.79999991e+02
 5.93380586e+00  4.63856906e+01  5.93380586e+00  1.79999991e+02
 5.97952473e+00  4.63856906e+01  5.97952473e+00  1.79999990e+02
 6.02559586e+00  4.63856906e+01  6.02559586e+00  1.79999990e+02
 6.07202196e+00  4.63856906e+01  6.07202196e+00  1.79999990e+02
 6.11880576e+00  4.63856906e+01  6.11880576e+00  1.79999990e+02
 6.16595002e+00  4.63856906e+01  6.16595002e+00  1.79999990e+02
 6.21345752e+00  4.63856906e+01  6.21345752e+00  1.79999990e+02
 6.26133105e+00  4.63856906e+01  6.26133105e+00  1.79999990e+02
 6.30957344e+00  4.63856906e+01  6.30957344e+00  1.79999990e+02
 6.35818754e+00  4.63856906e+01  6.35818754e+00  1.79999990e+02
 6.40717619e+00  4.63856906e+01  6.40717619e+00  1.79999990e+02
 6.45654229e+00  4.63856906e+01  6.45654229e+00  1.79999990e+02
 6.50628875e+00  4.63856906e+01  6.50628875e+00  1.79999990e+02
 6.55641849e+00  4.63856906e+01  6.55641849e+00  1.79999990e+02
 6.60693448e+00  4.63856906e+01  6.60693448e+00  1.79999989e+02
 6.65783968e+00  4.63856906e+01  6.65783968e+00  1.79999989e+02
 6.70913710e+00  4.63856906e+01  6.70913710e+00  1.79999989e+02
 6.76082975e+00  4.63856906e+01  6.76082975e+00  1.79999989e+02
 6.81292069e+00  4.63856906e+01  6.81292069e+00  1.79999989e+02
 6.86541298e+00  4.63856906e+01  6.86541298e+00  1.79999989e+02
 6.91830971e+00  4.63856906e+01  6.91830971e+00  1.79999989e+02
 6.97161400e+00  4.63856906e+01  6.97161400e+00  1.79999989e+02
 7.02532899e+00  4.63856906e+01  7.02532899e+00  1.79999989e+02
 7.07945784e+00  4.63856906e+01  7.07945784e+00  1.79999989e+02
 7.13400375e+00  4.63856906e+01  7.13400375e+00  1.79999989e+02
 7.18896992e+00  4.63856906e+01  7.18896992e+00  1.79999989e+02
 7.24435960e+00  4.63856906e+01  7.24435960e+00  1.79999988e+02
 7.30017605e+00  4.63856906e+01  7.30017605e+00  1.79999988e+02
 7.35642254e+00  4.63856906e+01  7.35642254e+00  1.79999988e+02
 7.41310241e+00  4.63856906e+01  7.41310241e+00  1.79999988e+02
 7.47021899e+00  4.63856906e+01  7.47021899e+00  1.79999988e+02
 7.52777564e+00  4.63856906e+01  7.52777564e+00  1.79999988e+02
 7.58577575e+00  4.63856906e+01  7.58577575e+00  1.79999988e+02
 7.64422274e+00  4.63856906e+01  7.64422274e+00  1.79999988e+02
 7.70312006e+00  4.63856906e+01  7.70312006e+00  1.79999988e+02
 7.76247117e+00  4.63856906e+01  7.76247117e+00  1.79999988e+02
 7.82227956e+00  4.63856906e+01  7.82227956e+00  1.79999988e+02
 7.88254877e+00  4.63856906e+01  7.88254877e+00  1.79999987e+02
 7.94328235e+00  4.63856906e+01  7.94328235e+00  1.79999987e+02
 8.00448386e+00  4.63856906e+01  8.00448386e+00  1.79999987e+02
 8.06615692e+00  4.63856906e+01  8.06615692e+00  1.79999987e+02
 8.12830516e+00  4.63856906e+01  8.12830516e+00  1.79999987e+02
 8.19093224e+00  4.63856906e+01  8.19093224e+00  1.79999987e+02
 8.25404185e+00  4.63856906e+01  8.25404185e+00  1.79999987e+02
 8.31763771e+00  4.63856906e+01  8.31763771e+00  1.79999987e+02
 8.38172356e+00  4.63856906e+01  8.38172356e+00  1.79999987e+02
 8.44630319e+00  4.63856906e+01  8.44630319e+00  1.79999987e+02
 8.51138038e+00  4.63856906e+01  8.51138038e+00  1.79999986e+02
 8.57695899e+00  4.63856906e+01  8.57695899e+00  1.79999986e+02
 8.64304286e+00  4.63856906e+01  8.64304286e+00  1.79999986e+02
 8.70963590e+00  4.63856906e+01  8.70963590e+00  1.79999986e+02
 8.77674203e+00  4.63856906e+01  8.77674203e+00  1.79999986e+02
 8.84436519e+00  4.63856906e+01  8.84436519e+00  1.79999986e+02
 8.91250938e+00  4.63856906e+01  8.91250938e+00  1.79999986e+02
 8.98117861e+00  4.63856906e+01  8.98117861e+00  1.79999986e+02
 9.05037692e+00  4.63856906e+01  9.05037692e+00  1.79999986e+02
 9.12010839e+00  4.63856906e+01  9.12010839e+00  1.79999985e+02
 9.19037713e+00  4.63856906e+01  9.19037713e+00  1.79999985e+02
 9.26118728e+00  4.63856906e+01  9.26118728e+00  1.79999985e+02
 9.33254301e+00  4.63856906e+01  9.33254301e+00  1.79999985e+02
 9.40444852e+00  4.63856906e+01  9.40444852e+00  1.79999985e+02
 9.47690805e+00  4.63856906e+01  9.47690805e+00  1.79999985e+02
 9.54992586e+00  4.63856906e+01  9.54992586e+00  1.79999985e+02
 9.62350626e+00  4.63856906e+01  9.62350626e+00  1.79999985e+02
 9.69765359e+00  4.63856906e+01  9.69765359e+00  1.79999985e+02
 9.77237221e+00  4.63856906e+01  9.77237221e+00  1.79999984e+02
 9.84766652e+00  4.63856906e+01  9.84766652e+00  1.79999984e+02
 9.92354096e+00  4.63856906e+01  9.92354096e+00  1.79999984e+02
 1.00000000e+01  4.63856906e+01  1.00000000e+01  1.79999984e+02
 1.00770481e+01  4.63856906e+01  1.00770481e+01  1.79999984e+02
 1.01546899e+01  4.63856906e+01  1.01546899e+01  1.79999984e+02
 1.02329299e+01  4.63856906e+01  1.02329299e+01  1.79999984e+02
 1.03117727e+01  4.63856906e+01  1.03117727e+01  1.79999984e+02
 1.03912230e+01  4.63856906e+01  1.03912230e+01  1.79999983e+02
 1.04712855e+01  4.63856906e+01  1.04712855e+01  1.79999983e+02
 1.05519648e+01  4.63856906e+01  1.05519648e+01  1.79999983e+02
 1.06332657e+01  4.63856906e+01  1.06332657e+01  1.79999983e+02
 1.07151931e+01  4.63856906e+01  1.07151931e+01  1.79999983e+02
 1.07977516e+01  4.63856906e+01  1.07977516e+01  1.79999983e+02
 1.08809463e+01  4.63856906e+01  1.08809463e+01  1.79999983e+02
 1.09647820e+01  4.63856906e+01  1.09647820e+01  1.79999982e+02
 1.10492636e+01  4.63856906e+01  1.10492636e+01  1.79999982e+02
 1.11343961e+01  4.63856906e+01  1.11343961e+01  1.79999982e+02
 1.12201845e+01  4.63856906e+01  1.12201845e+01  1.79999982e+02
 1.13066340e+01  4.63856906e+01  1.13066340e+01  1.79999982e+02
 1.13937495e+01  4.63856906e+01  1.13937495e+01  1.79999982e+02
 1.14815362e+01  4.63856906e+01  1.14815362e+01  1.79999982e+02
 1.15699993e+01  4.63856906e+01  1.15699993e+01  1.79999982e+02
 1.16591440e+01  4.63856906e+01  1.16591440e+01  1.79999981e+02
 1.17489755e+01  4.63856906e+01  1.17489755e+01  1.79999981e+02
 1.18394992e+01  4.63856906e+01  1.18394992e+01  1.79999981e+02
 1.19307204e+01  4.63856906e+01  1.19307204e+01  1.79999981e+02
 1.20226443e+01  4.63856906e+01  1.20226443e+01  1.79999981e+02
 1.21152766e+01  4.63856906e+01  1.21152766e+01  1.79999981e+02
 1.22086225e+01  4.63856906e+01  1.22086225e+01  1.79999981e+02
 1.23026877e+01  4.63856906e+01  1.23026877e+01  1.79999980e+02
 1.23974776e+01  4.63856906e+01  1.23974776e+01  1.79999980e+02
 1.24929979e+01  4.63856906e+01  1.24929979e+01  1.79999980e+02
 1.25892541e+01  4.63856906e+01  1.25892541e+01  1.79999980e+02
 1.26862520e+01  4.63856906e+01  1.26862520e+01  1.79999980e+02
 1.27839972e+01  4.63856906e+01  1.27839972e+01  1.79999980e+02
 1.28824955e+01  4.63856906e+01  1.28824955e+01  1.79999979e+02
 1.29817528e+01  4.63856906e+01  1.29817528e+01  1.79999979e+02
 1.30817747e+01  4.63856906e+01  1.30817747e+01  1.79999979e+02
 1.31825674e+01  4.63856906e+01  1.31825674e+01  1.79999979e+02
 1.32841366e+01  4.63856906e+01  1.32841366e+01  1.79999979e+02
 1.33864884e+01  4.63856906e+01  1.33864884e+01  1.79999979e+02
 1.34896288e+01  4.63856906e+01  1.34896288e+01  1.79999978e+02
 1.35935639e+01  4.63856906e+01  1.35935639e+01  1.79999978e+02
 1.36982998e+01  4.63856906e+01  1.36982998e+01  1.79999978e+02
 1.38038426e+01  4.63856906e+01  1.38038426e+01  1.79999978e+02
 1.39101987e+01  4.63856906e+01  1.39101987e+01  1.79999978e+02
 1.40173742e+01  4.63856906e+01  1.40173742e+01  1.79999978e+02
 1.41253754e+01  4.63856906e+01  1.41253754e+01  1.79999977e+02
 1.42342088e+01  4.63856906e+01  1.42342088e+01  1.79999977e+02
 1.43438808e+01  4.63856906e+01  1.43438808e+01  1.79999977e+02
 1.44543977e+01  4.63856906e+01  1.44543977e+01  1.79999977e+02
 1.45657662e+01  4.63856906e+01  1.45657662e+01  1.79999977e+02
 1.46779927e+01  4.63856906e+01  1.46779927e+01  1.79999977e+02
 1.47910839e+01  4.63856906e+01  1.47910839e+01  1.79999976e+02
 1.49050464e+01  4.63856906e+01  1.49050464e+01  1.79999976e+02
 1.50198870e+01  4.63856906e+01  1.50198870e+01  1.79999976e+02
 1.51356125e+01  4.63856906e+01  1.51356125e+01  1.79999976e+02
 1.52522296e+01  4.63856906e+01  1.52522296e+01  1.79999976e+02
 1.53697452e+01  4.63856906e+01  1.53697452e+01  1.79999975e+02
 1.54881662e+01  4.63856906e+01  1.54881662e+01  1.79999975e+02
 1.56074996e+01  4.63856906e+01  1.56074996e+01  1.79999975e+02
 1.57277525e+01  4.63856906e+01  1.57277525e+01  1.79999975e+02
 1.58489319e+01  4.63856906e+01  1.58489319e+01  1.79999975e+02
 1.59710450e+01  4.63856906e+01  1.59710450e+01  1.79999974e+02
 1.60940989e+01  4.63856906e+01  1.60940989e+01  1.79999974e+02
 1.62181010e+01  4.63856906e+01  1.62181010e+01  1.79999974e+02
 1.63430584e+01  4.63856906e+01  1.63430584e+01  1.79999974e+02
 1.64689787e+01  4.63856906e+01  1.64689787e+01  1.79999974e+02
 1.65958691e+01  4.63856906e+01  1.65958691e+01  1.79999973e+02
 1.67237372e+01  4.63856906e+01  1.67237372e+01  1.79999973e+02
 1.68525904e+01  4.63856906e+01  1.68525904e+01  1.79999973e+02
 1.69824365e+01  4.63856906e+01  1.69824365e+01  1.79999973e+02
 1.71132830e+01  4.63856906e+01  1.71132830e+01  1.79999973e+02
 1.72451377e+01  4.63856906e+01  1.72451377e+01  1.79999972e+02
 1.73780083e+01  4.63856906e+01  1.73780083e+01  1.79999972e+02
 1.75119026e+01  4.63856906e+01  1.75119026e+01  1.79999972e+02
 1.76468286e+01  4.63856906e+01  1.76468286e+01  1.79999972e+02
 1.77827941e+01  4.63856906e+01  1.77827941e+01  1.79999972e+02
 1.79198072e+01  4.63856906e+01  1.79198072e+01  1.79999971e+02
 1.80578760e+01  4.63856906e+01  1.80578760e+01  1.79999971e+02
 1.81970086e+01  4.63856906e+01  1.81970086e+01  1.79999971e+02
 1.83372132e+01  4.63856906e+01  1.83372132e+01  1.79999971e+02
 1.84784980e+01  4.63856906e+01  1.84784980e+01  1.79999970e+02
 1.86208714e+01  4.63856906e+01  1.86208714e+01  1.79999970e+02
 1.87643417e+01  4.63856906e+01  1.87643417e+01  1.79999970e+02
 1.89089175e+01  4.63856906e+01  1.89089175e+01  1.79999970e+02
 1.90546072e+01  4.63856906e+01  1.90546072e+01  1.79999970e+02
 1.92014194e+01  4.63856906e+01  1.92014194e+01  1.79999969e+02
 1.93493628e+01  4.63856906e+01  1.93493628e+01  1.79999969e+02
 1.94984460e+01  4.63856906e+01  1.94984460e+01  1.79999969e+02
 1.96486779e+01  4.63856906e+01  1.96486779e+01  1.79999969e+02
 1.98000673e+01  4.63856906e+01  1.98000673e+01  1.79999968e+02
 1.99526231e+01  4.63856906e+01  1.99526231e+01  1.79999968e+02
 2.01063544e+01  4.63856906e+01  2.01063544e+01  1.79999968e+02
 2.02612701e+01  4.63856906e+01  2.02612701e+01  1.79999968e+02
 2.04173794e+01  4.63856906e+01  2.04173794e+01  1.79999967e+02
 2.05746916e+01  4.63856906e+01  2.05746916e+01  1.79999967e+02
 2.07332157e+01  4.63856906e+01  2.07332157e+01  1.79999967e+02
 2.08929613e+01  4.63856906e+01  2.08929613e+01  1.79999967e+02
 2.10539377e+01  4.63856906e+01  2.10539377e+01  1.79999966e+02
 2.12161544e+01  4.63856906e+01  2.12161544e+01  1.79999966e+02
 2.13796209e+01  4.63856906e+01  2.13796209e+01  1.79999966e+02
 2.15443469e+01  4.63856906e+01  2.15443469e+01  1.79999966e+02
 2.17103421e+01  4.63856906e+01  2.17103421e+01  1.79999965e+02
 2.18776162e+01  4.63856906e+01  2.18776162e+01  1.79999965e+02
 2.20461792e+01  4.63856906e+01  2.20461792e+01  1.79999965e+02
 2.22160409e+01  4.63856906e+01  2.22160409e+01  1.79999965e+02
 2.23872114e+01  4.63856906e+01  2.23872114e+01  1.79999964e+02
 2.25597007e+01  4.63856906e+01  2.25597007e+01  1.79999964e+02
 2.27335190e+01  4.63856906e+01  2.27335190e+01  1.79999964e+02
 2.29086765e+01  4.63856906e+01  2.29086765e+01  1.79999963e+02
 2.30851836e+01  4.63856906e+01  2.30851836e+01  1.79999963e+02
 2.32630507e+01  4.63856906e+01  2.32630507e+01  1.79999963e+02
 2.34422882e+01  4.63856906e+01  2.34422882e+01  1.79999963e+02
 2.36229066e+01  4.63856906e+01  2.36229066e+01  1.79999962e+02
 2.38049167e+01  4.63856906e+01  2.38049167e+01  1.79999962e+02
 2.39883292e+01  4.63856906e+01  2.39883292e+01  1.79999962e+02
 2.41731548e+01  4.63856906e+01  2.41731548e+01  1.79999961e+02
 2.43594045e+01  4.63856906e+01  2.43594045e+01  1.79999961e+02
 2.45470892e+01  4.63856906e+01  2.45470892e+01  1.79999961e+02
 2.47362199e+01  4.63856906e+01  2.47362199e+01  1.79999960e+02
 2.49268079e+01  4.63856906e+01  2.49268079e+01  1.79999960e+02
 2.51188643e+01  4.63856906e+01  2.51188643e+01  1.79999960e+02
 2.53124005e+01  4.63856906e+01  2.53124005e+01  1.79999960e+02
 2.55074278e+01  4.63856906e+01  2.55074278e+01  1.79999959e+02
 2.57039578e+01  4.63856906e+01  2.57039578e+01  1.79999959e+02
 2.59020020e+01  4.63856906e+01  2.59020020e+01  1.79999959e+02
 2.61015722e+01  4.63856906e+01  2.61015722e+01  1.79999958e+02
 2.63026799e+01  4.63856906e+01  2.63026799e+01  1.79999958e+02
 2.65053372e+01  4.63856906e+01  2.65053372e+01  1.79999958e+02
 2.67095559e+01  4.63856906e+01  2.67095559e+01  1.79999957e+02
 2.69153480e+01  4.63856906e+01  2.69153480e+01  1.79999957e+02
 2.71227258e+01  4.63856906e+01  2.71227258e+01  1.79999957e+02
 2.73317014e+01  4.63856906e+01  2.73317014e+01  1.79999956e+02
 2.75422870e+01  4.63856906e+01  2.75422870e+01  1.79999956e+02
 2.77544952e+01  4.63856906e+01  2.77544952e+01  1.79999956e+02
 2.79683385e+01  4.63856906e+01  2.79683385e+01  1.79999955e+02
 2.81838293e+01  4.63856906e+01  2.81838293e+01  1.79999955e+02
 2.84009805e+01  4.63856906e+01  2.84009805e+01  1.79999955e+02
 2.86198048e+01  4.63856906e+01  2.86198048e+01  1.79999954e+02
 2.88403150e+01  4.63856906e+01  2.88403150e+01  1.79999954e+02
 2.90625243e+01  4.63856906e+01  2.90625243e+01  1.79999954e+02
 2.92864456e+01  4.63856906e+01  2.92864456e+01  1.79999953e+02
 2.95120923e+01  4.63856906e+01  2.95120923e+01  1.79999953e+02
 2.97394775e+01  4.63856906e+01  2.97394775e+01  1.79999953e+02
 2.99686146e+01  4.63856906e+01  2.99686146e+01  1.79999952e+02
 3.01995172e+01  4.63856906e+01  3.01995172e+01  1.79999952e+02
 3.04321989e+01  4.63856906e+01  3.04321989e+01  1.79999951e+02
 3.06666733e+01  4.63856906e+01  3.06666733e+01  1.79999951e+02
 3.09029543e+01  4.63856906e+01  3.09029543e+01  1.79999951e+02
 3.11410558e+01  4.63856906e+01  3.11410558e+01  1.79999950e+02
 3.13809919e+01  4.63856906e+01  3.13809919e+01  1.79999950e+02
 3.16227766e+01  4.63856906e+01  3.16227766e+01  1.79999949e+02
 3.18664242e+01  4.63856906e+01  3.18664242e+01  1.79999949e+02
 3.21119491e+01  4.63856906e+01  3.21119491e+01  1.79999949e+02
 3.23593657e+01  4.63856906e+01  3.23593657e+01  1.79999948e+02
 3.26086886e+01  4.63856906e+01  3.26086886e+01  1.79999948e+02
 3.28599325e+01  4.63856906e+01  3.28599325e+01  1.79999948e+02
 3.31131121e+01  4.63856906e+01  3.31131121e+01  1.79999947e+02
 3.33682425e+01  4.63856906e+01  3.33682425e+01  1.79999947e+02
 3.36253386e+01  4.63856906e+01  3.36253386e+01  1.79999946e+02
 3.38844156e+01  4.63856906e+01  3.38844156e+01  1.79999946e+02
 3.41454887e+01  4.63856906e+01  3.41454887e+01  1.79999945e+02
 3.44085734e+01  4.63856906e+01  3.44085734e+01  1.79999945e+02
 3.46736850e+01  4.63856906e+01  3.46736850e+01  1.79999945e+02
 3.49408393e+01  4.63856906e+01  3.49408393e+01  1.79999944e+02
 3.52100520e+01  4.63856906e+01  3.52100520e+01  1.79999944e+02
 3.54813389e+01  4.63856906e+01  3.54813389e+01  1.79999943e+02
 3.57547160e+01  4.63856906e+01  3.57547160e+01  1.79999943e+02
 3.60301995e+01  4.63856906e+01  3.60301995e+01  1.79999942e+02
 3.63078055e+01  4.63856906e+01  3.63078055e+01  1.79999942e+02
 3.65875504e+01  4.63856906e+01  3.65875504e+01  1.79999942e+02
 3.68694506e+01  4.63856906e+01  3.68694506e+01  1.79999941e+02
 3.71535229e+01  4.63856906e+01  3.71535229e+01  1.79999941e+02
 3.74397839e+01  4.63856906e+01  3.74397839e+01  1.79999940e+02
 3.77282505e+01  4.63856906e+01  3.77282505e+01  1.79999940e+02
 3.80189396e+01  4.63856906e+01  3.80189396e+01  1.79999939e+02
 3.83118685e+01  4.63856906e+01  3.83118685e+01  1.79999939e+02
 3.86070543e+01  4.63856906e+01  3.86070543e+01  1.79999938e+02
 3.89045145e+01  4.63856906e+01  3.89045145e+01  1.79999938e+02
 3.92042666e+01  4.63856906e+01  3.92042666e+01  1.79999937e+02
 3.95063281e+01  4.63856906e+01  3.95063281e+01  1.79999937e+02
 3.98107171e+01  4.63856906e+01  3.98107171e+01  1.79999936e+02
 4.01174512e+01  4.63856906e+01  4.01174512e+01  1.79999936e+02
 4.04265487e+01  4.63856906e+01  4.04265487e+01  1.79999935e+02
 4.07380278e+01  4.63856906e+01  4.07380278e+01  1.79999935e+02
 4.10519067e+01  4.63856906e+01  4.10519067e+01  1.79999934e+02
 4.13682040e+01  4.63856906e+01  4.13682040e+01  1.79999934e+02
 4.16869383e+01  4.63856906e+01  4.16869383e+01  1.79999933e+02
 4.20081285e+01  4.63856906e+01  4.20081285e+01  1.79999933e+02
 4.23317933e+01  4.63856906e+01  4.23317933e+01  1.79999932e+02
 4.26579519e+01  4.63856906e+01  4.26579519e+01  1.79999932e+02
 4.29866235e+01  4.63856906e+01  4.29866235e+01  1.79999931e+02
 4.33178274e+01  4.63856906e+01  4.33178274e+01  1.79999931e+02
 4.36515832e+01  4.63856906e+01  4.36515832e+01  1.79999930e+02
 4.39879106e+01  4.63856906e+01  4.39879106e+01  1.79999930e+02
 4.43268292e+01  4.63856906e+01  4.43268292e+01  1.79999929e+02
 4.46683592e+01  4.63856906e+01  4.46683592e+01  1.79999929e+02
 4.50125206e+01  4.63856906e+01  4.50125206e+01  1.79999928e+02
 4.53593337e+01  4.63856906e+01  4.53593337e+01  1.79999928e+02
 4.57088190e+01  4.63856906e+01  4.57088190e+01  1.79999927e+02
 4.60609969e+01  4.63856906e+01  4.60609969e+01  1.79999926e+02
 4.64158883e+01  4.63856906e+01  4.64158883e+01  1.79999926e+02
 4.67735141e+01  4.63856906e+01  4.67735141e+01  1.79999925e+02
 4.71338954e+01  4.63856906e+01  4.71338954e+01  1.79999925e+02
 4.74970533e+01  4.63856906e+01  4.74970533e+01  1.79999924e+02
 4.78630092e+01  4.63856906e+01  4.78630092e+01  1.79999924e+02
 4.82317848e+01  4.63856906e+01  4.82317848e+01  1.79999923e+02
 4.86034018e+01  4.63856906e+01  4.86034018e+01  1.79999922e+02
 4.89778819e+01  4.63856906e+01  4.89778819e+01  1.79999922e+02
 4.93552474e+01  4.63856906e+01  4.93552474e+01  1.79999921e+02
 4.97355204e+01  4.63856906e+01  4.97355204e+01  1.79999921e+02
 5.01187234e+01  4.63856906e+01  5.01187234e+01  1.79999920e+02
 5.05048788e+01  4.63856906e+01  5.05048788e+01  1.79999919e+02
 5.08940095e+01  4.63856906e+01  5.08940095e+01  1.79999919e+02
 5.12861384e+01  4.63856906e+01  5.12861384e+01  1.79999918e+02
 5.16812886e+01  4.63856906e+01  5.16812886e+01  1.79999917e+02
 5.20794833e+01  4.63856906e+01  5.20794833e+01  1.79999917e+02
 5.24807460e+01  4.63856906e+01  5.24807460e+01  1.79999916e+02
 5.28851004e+01  4.63856906e+01  5.28851004e+01  1.79999916e+02
 5.32925703e+01  4.63856906e+01  5.32925703e+01  1.79999915e+02
 5.37031796e+01  4.63856906e+01  5.37031796e+01  1.79999914e+02
 5.41169527e+01  4.63856906e+01  5.41169527e+01  1.79999914e+02
 5.45339137e+01  4.63856906e+01  5.45339137e+01  1.79999913e+02
 5.49540874e+01  4.63856906e+01  5.49540874e+01  1.79999912e+02
 5.53774984e+01  4.63856906e+01  5.53774984e+01  1.79999912e+02
 5.58041717e+01  4.63856906e+01  5.58041717e+01  1.79999911e+02
 5.62341325e+01  4.63856906e+01  5.62341325e+01  1.79999910e+02
 5.66674061e+01  4.63856906e+01  5.66674061e+01  1.79999909e+02
 5.71040179e+01  4.63856906e+01  5.71040179e+01  1.79999909e+02
 5.75439937e+01  4.63856906e+01  5.75439937e+01  1.79999908e+02
 5.79873595e+01  4.63856906e+01  5.79873595e+01  1.79999907e+02
 5.84341413e+01  4.63856906e+01  5.84341413e+01  1.79999907e+02
 5.88843655e+01  4.63856906e+01  5.88843655e+01  1.79999906e+02
 5.93380586e+01  4.63856906e+01  5.93380586e+01  1.79999905e+02
 5.97952473e+01  4.63856906e+01  5.97952473e+01  1.79999905e+02
 6.02559586e+01  4.63856906e+01  6.02559586e+01  1.79999904e+02
 6.07202196e+01  4.63856906e+01  6.07202196e+01  1.79999903e+02
 6.11880576e+01  4.63856906e+01  6.11880576e+01  1.79999902e+02
 6.16595002e+01  4.63856906e+01  6.16595002e+01  1.79999902e+02
 6.21345752e+01  4.63856906e+01  6.21345752e+01  1.79999901e+02
 6.26133105e+01  4.63856906e+01  6.26133105e+01  1.79999900e+02
 6.30957344e+01  4.63856906e+01  6.30957344e+01  1.79999899e+02
 6.35818754e+01  4.63856906e+01  6.35818754e+01  1.79999898e+02
 6.40717619e+01  4.63856906e+01  6.40717619e+01  1.79999898e+02
 6.45654229e+01  4.63856906e+01  6.45654229e+01  1.79999897e+02
 6.50628875e+01  4.63856906e+01  6.50628875e+01  1.79999896e+02
 6.55641849e+01  4.63856906e+01  6.55641849e+01  1.79999895e+02
 6.60693448e+01  4.63856906e+01  6.60693448e+01  1.79999894e+02
 6.65783968e+01  4.63856906e+01  6.65783968e+01  1.79999894e+02
 6.70913710e+01  4.63856906e+01  6.70913710e+01  1.79999893e+02
 6.76082975e+01  4.63856906e+01  6.76082975e+01  1.79999892e+02
 6.81292069e+01  4.63856906e+01  6.81292069e+01  1.79999891e+02
 6.86541298e+01  4.63856906e+01  6.86541298e+01  1.79999890e+02
 6.91830971e+01  4.63856906e+01  6.91830971e+01  1.79999890e+02
 6.97161400e+01  4.63856906e+01  6.97161400e+01  1.79999889e+02
 7.02532899e+01  4.63856906e+01  7.02532899e+01  1.79999888e+02
 7.07945784e+01  4.63856906e+01  7.07945784e+01  1.79999887e+02
 7.13400375e+01  4.63856906e+01  7.13400375e+01  1.79999886e+02
 7.18896992e+01  4.63856906e+01  7.18896992e+01  1.79999885e+02
 7.24435960e+01  4.63856906e+01  7.24435960e+01  1.79999884e+02
 7.30017605e+01  4.63856906e+01  7.30017605e+01  1.79999883e+02
 7.35642254e+01  4.63856906e+01  7.35642254e+01  1.79999883e+02
 7.41310241e+01  4.63856906e+01  7.41310241e+01  1.79999882e+02
 7.47021899e+01  4.63856906e+01  7.47021899e+01  1.79999881e+02
 7.52777564e+01  4.63856906e+01  7.52777564e+01  1.79999880e+02
 7.58577575e+01  4.63856906e+01  7.58577575e+01  1.79999879e+02
 7.64422274e+01  4.63856906e+01  7.64422274e+01  1.79999878e+02
 7.70312006e+01  4.63856906e+01  7.70312006e+01  1.79999877e+02
 7.76247117e+01  4.63856906e+01  7.76247117e+01  1.79999876e+02
 7.82227956e+01  4.63856906e+01  7.82227956e+01  1.79999875e+02
 7.88254877e+01  4.63856906e+01  7.88254877e+01  1.79999874e+02
 7.94328235e+01  4.63856906e+01  7.94328235e+01  1.79999873e+02
 8.00448386e+01  4.63856906e+01  8.00448386e+01  1.79999872e+02
 8.06615692e+01  4.63856906e+01  8.06615692e+01  1.79999871e+02
 8.12830516e+01  4.63856906e+01  8.12830516e+01  1.79999870e+02
 8.19093224e+01  4.63856906e+01  8.19093224e+01  1.79999869e+02
 8.25404185e+01  4.63856906e+01  8.25404185e+01  1.79999868e+02
 8.31763771e+01  4.63856906e+01  8.31763771e+01  1.79999867e+02
 8.38172356e+01  4.63856906e+01  8.38172356e+01  1.79999866e+02
 8.44630319e+01  4.63856906e+01  8.44630319e+01  1.79999865e+02
 8.51138038e+01  4.63856906e+01  8.51138038e+01  1.79999864e+02
 8.57695899e+01  4.63856906e+01  8.57695899e+01  1.79999863e+02
 8.64304286e+01  4.63856906e+01  8.64304286e+01  1.79999862e+02
 8.70963590e+01  4.63856906e+01  8.70963590e+01  1.79999861e+02
 8.77674203e+01  4.63856906e+01  8.77674203e+01  1.79999860e+02
 8.84436519e+01  4.63856906e+01  8.84436519e+01  1.79999859e+02
 8.91250938e+01  4.63856906e+01  8.91250938e+01  1.79999858e+02
 8.98117861e+01  4.63856906e+01  8.98117861e+01  1.79999857e+02
 9.05037692e+01  4.63856906e+01  9.05037692e+01  1.79999855e+02
 9.12010839e+01  4.63856906e+01  9.12010839e+01  1.79999854e+02
 9.19037713e+01  4.63856906e+01  9.19037713e+01  1.79999853e+02
 9.26118728e+01  4.63856906e+01  9.26118728e+01  1.79999852e+02
 9.33254301e+01  4.63856906e+01  9.33254301e+01  1.79999851e+02
 9.40444852e+01  4.63856906e+01  9.40444852e+01  1.79999850e+02
 9.47690805e+01  4.63856906e+01  9.47690805e+01  1.79999849e+02
 9.54992586e+01  4.63856906e+01  9.54992586e+01  1.79999847e+02
 9.62350626e+01  4.63856906e+01  9.62350626e+01  1.79999846e+02
 9.69765359e+01  4.63856906e+01  9.69765359e+01  1.79999845e+02
 9.77237221e+01  4.63856906e+01  9.77237221e+01  1.79999844e+02
 9.84766652e+01  4.63856906e+01  9.84766652e+01  1.79999843e+02
 9.92354096e+01  4.63856906e+01  9.92354096e+01  1.79999842e+02
 1.00000000e+02  4.63856906e+01  1.00000000e+02  1.79999840e+02
 1.00770481e+02  4.63856906e+01  1.00770481e+02  1.79999839e+02
 1.01546899e+02  4.63856906e+01  1.01546899e+02  1.79999838e+02
 1.02329299e+02  4.63856906e+01  1.02329299e+02  1.79999837e+02
 1.03117727e+02  4.63856906e+01  1.03117727e+02  1.79999835e+02
 1.03912230e+02  4.63856906e+01  1.03912230e+02  1.79999834e+02
 1.04712855e+02  4.63856906e+01  1.04712855e+02  1.79999833e+02
 1.05519648e+02  4.63856906e+01  1.05519648e+02  1.79999831e+02
 1.06332657e+02  4.63856906e+01  1.06332657e+02  1.79999830e+02
 1.07151931e+02  4.63856906e+01  1.07151931e+02  1.79999829e+02
 1.07977516e+02  4.63856906e+01  1.07977516e+02  1.79999828e+02
 1.08809463e+02  4.63856906e+01  1.08809463e+02  1.79999826e+02
 1.09647820e+02  4.63856906e+01  1.09647820e+02  1.79999825e+02
 1.10492636e+02  4.63856906e+01  1.10492636e+02  1.79999824e+02
 1.11343961e+02  4.63856906e+01  1.11343961e+02  1.79999822e+02
 1.12201845e+02  4.63856906e+01  1.12201845e+02  1.79999821e+02
 1.13066340e+02  4.63856906e+01  1.13066340e+02  1.79999819e+02
 1.13937495e+02  4.63856906e+01  1.13937495e+02  1.79999818e+02
 1.14815362e+02  4.63856906e+01  1.14815362e+02  1.79999817e+02
 1.15699993e+02  4.63856906e+01  1.15699993e+02  1.79999815e+02
 1.16591440e+02  4.63856906e+01  1.16591440e+02  1.79999814e+02
 1.17489755e+02  4.63856906e+01  1.17489755e+02  1.79999812e+02
 1.18394992e+02  4.63856906e+01  1.18394992e+02  1.79999811e+02
 1.19307204e+02  4.63856906e+01  1.19307204e+02  1.79999809e+02
 1.20226443e+02  4.63856906e+01  1.20226443e+02  1.79999808e+02
 1.21152766e+02  4.63856906e+01  1.21152766e+02  1.79999807e+02
 1.22086225e+02  4.63856906e+01  1.22086225e+02  1.79999805e+02
 1.23026877e+02  4.63856906e+01  1.23026877e+02  1.79999804e+02
 1.23974776e+02  4.63856906e+01  1.23974776e+02  1.79999802e+02
 1.24929979e+02  4.63856906e+01  1.24929979e+02  1.79999800e+02
 1.25892541e+02  4.63856906e+01  1.25892541e+02  1.79999799e+02
 1.26862520e+02  4.63856906e+01  1.26862520e+02  1.79999797e+02
 1.27839972e+02  4.63856906e+01  1.27839972e+02  1.79999796e+02
 1.28824955e+02  4.63856906e+01  1.28824955e+02  1.79999794e+02
 1.29817528e+02  4.63856906e+01  1.29817528e+02  1.79999793e+02
 1.30817747e+02  4.63856906e+01  1.30817747e+02  1.79999791e+02
 1.31825674e+02  4.63856906e+01  1.31825674e+02  1.79999789e+02
 1.32841366e+02  4.63856906e+01  1.32841366e+02  1.79999788e+02
 1.33864884e+02  4.63856906e+01  1.33864884e+02  1.79999786e+02
 1.34896288e+02  4.63856906e+01  1.34896288e+02  1.79999785e+02
 1.35935639e+02  4.63856906e+01  1.35935639e+02  1.79999783e+02
 1.36982998e+02  4.63856906e+01  1.36982998e+02  1.79999781e+02
 1.38038426e+02  4.63856906e+01  1.38038426e+02  1.79999780e+02
 1.39101987e+02  4.63856906e+01  1.39101987e+02  1.79999778e+02
 1.40173742e+02  4.63856906e+01  1.40173742e+02  1.79999776e+02
 1.41253754e+02  4.63856906e+01  1.41253754e+02  1.79999774e+02
 1.42342088e+02  4.63856906e+01  1.42342088e+02  1.79999773e+02
 1.43438808e+02  4.63856906e+01  1.43438808e+02  1.79999771e+02
 1.44543977e+02  4.63856906e+01  1.44543977e+02  1.79999769e+02
 1.45657662e+02  4.63856906e+01  1.45657662e+02  1.79999767e+02
 1.46779927e+02  4.63856906e+01  1.46779927e+02  1.79999766e+02
 1.47910839e+02  4.63856906e+01  1.47910839e+02  1.79999764e+02
 1.49050464e+02  4.63856906e+01  1.49050464e+02  1.79999762e+02
 1.50198870e+02  4.63856906e+01  1.50198870e+02  1.79999760e+02
 1.51356125e+02  4.63856906e+01  1.51356125e+02  1.79999758e+02
 1.52522296e+02  4.63856906e+01  1.52522296e+02  1.79999756e+02
 1.53697452e+02  4.63856906e+01  1.53697452e+02  1.79999755e+02
 1.54881662e+02  4.63856906e+01  1.54881662e+02  1.79999753e+02
 1.56074996e+02  4.63856906e+01  1.56074996e+02  1.79999751e+02
 1.57277525e+02  4.63856906e+01  1.57277525e+02  1.79999749e+02
 1.58489319e+02  4.63856906e+01  1.58489319e+02  1.79999747e+02
 1.59710450e+02  4.63856906e+01  1.59710450e+02  1.79999745e+02
 1.60940989e+02  4.63856906e+01  1.60940989e+02  1.79999743e+02
 1.62181010e+02  4.63856906e+01  1.62181010e+02  1.79999741e+02
 1.63430584e+02  4.63856906e+01  1.63430584e+02  1.79999739e+02
 1.64689787e+02  4.63856906e+01  1.64689787e+02  1.79999737e+02
 1.65958691e+02  4.63856906e+01  1.65958691e+02  1.79999735e+02
 1.67237372e+02  4.63856906e+01  1.67237372e+02  1.79999733e+02
 1.68525904e+02  4.63856906e+01  1.68525904e+02  1.79999731e+02
 1.69824365e+02  4.63856906e+01  1.69824365e+02  1.79999729e+02
 1.71132830e+02  4.63856906e+01  1.71132830e+02  1.79999727e+02
 1.72451377e+02  4.63856906e+01  1.72451377e+02  1.79999725e+02
 1.73780083e+02  4.63856906e+01  1.73780083e+02  1.79999722e+02
 1.75119026e+02  4.63856906e+01  1.75119026e+02  1.79999720e+02
 1.76468286e+02  4.63856906e+01  1.76468286e+02  1.79999718e+02
 1.77827941e+02  4.63856906e+01  1.77827941e+02  1.79999716e+02
 1.79198072e+02  4.63856906e+01  1.79198072e+02  1.79999714e+02
 1.80578760e+02  4.63856906e+01  1.80578760e+02  1.79999712e+02
 1.81970086e+02  4.63856906e+01  1.81970086e+02  1.79999709e+02
 1.83372132e+02  4.63856906e+01  1.83372132e+02  1.79999707e+02
 1.84784980e+02  4.63856906e+01  1.84784980e+02  1.79999705e+02
 1.86208714e+02  4.63856906e+01  1.86208714e+02  1.79999703e+02
 1.87643417e+02  4.63856906e+01  1.87643417e+02  1.79999700e+02
 1.89089175e+02  4.63856906e+01  1.89089175e+02  1.79999698e+02
 1.90546072e+02  4.63856906e+01  1.90546072e+02  1.79999696e+02
 1.92014194e+02  4.63856906e+01  1.92014194e+02  1.79999693e+02
 1.93493628e+02  4.63856906e+01  1.93493628e+02  1.79999691e+02
 1.94984460e+02  4.63856906e+01  1.94984460e+02  1.79999689e+02
 1.96486779e+02  4.63856906e+01  1.96486779e+02  1.79999686e+02
 1.98000673e+02  4.63856906e+01  1.98000673e+02  1.79999684e+02
 1.99526231e+02  4.63856906e+01  1.99526231e+02  1.79999681e+02
 2.01063544e+02  4.63856906e+01  2.01063544e+02  1.79999679e+02
 2.02612701e+02  4.63856906e+01  2.02612701e+02  1.79999676e+02
 2.04173794e+02  4.63856906e+01  2.04173794e+02  1.79999674e+02
 2.05746916e+02  4.63856906e+01  2.05746916e+02  1.79999671e+02
 2.07332157e+02  4.63856906e+01  2.07332157e+02  1.79999669e+02
 2.08929613e+02  4.63856906e+01  2.08929613e+02  1.79999666e+02
 2.10539377e+02  4.63856906e+01  2.10539377e+02  1.79999664e+02
 2.12161544e+02  4.63856906e+01  2.12161544e+02  1.79999661e+02
 2.13796209e+02  4.63856906e+01  2.13796209e+02  1.79999659e+02
 2.15443469e+02  4.63856906e+01  2.15443469e+02  1.79999656e+02
 2.17103421e+02  4.63856906e+01  2.17103421e+02  1.79999653e+02
 2.18776162e+02  4.63856906e+01  2.18776162e+02  1.79999651e+02
 2.20461792e+02  4.63856906e+01  2.20461792e+02  1.79999648e+02
 2.22160409e+02  4.63856906e+01  2.22160409e+02  1.79999645e+02
 2.23872114e+02  4.63856906e+01  2.23872114e+02  1.79999642e+02
 2.25597007e+02  4.63856906e+01  2.25597007e+02  1.79999640e+02
 2.27335190e+02  4.63856906e+01  2.27335190e+02  1.79999637e+02
 2.29086765e+02  4.63856906e+01  2.29086765e+02  1.79999634e+02
 2.30851836e+02  4.63856906e+01  2.30851836e+02  1.79999631e+02
 2.32630507e+02  4.63856906e+01  2.32630507e+02  1.79999628e+02
 2.34422882e+02  4.63856906e+01  2.34422882e+02  1.79999626e+02
 2.36229066e+02  4.63856906e+01  2.36229066e+02  1.79999623e+02
 2.38049167e+02  4.63856906e+01  2.38049167e+02  1.79999620e+02
 2.39883292e+02  4.63856906e+01  2.39883292e+02  1.79999617e+02
 2.41731548e+02  4.63856906e+01  2.41731548e+02  1.79999614e+02
 2.43594045e+02  4.63856906e+01  2.43594045e+02  1.79999611e+02
 2.45470892e+02  4.63856906e+01  2.45470892e+02  1.79999608e+02
 2.47362199e+02  4.63856906e+01  2.47362199e+02  1.79999605e+02
 2.49268079e+02  4.63856906e+01  2.49268079e+02  1.79999602e+02
 2.51188643e+02  4.63856906e+01  2.51188643e+02  1.79999599e+02
 2.53124005e+02  4.63856906e+01  2.53124005e+02  1.79999596e+02
 2.55074278e+02  4.63856906e+01  2.55074278e+02  1.79999593e+02
 2.57039578e+02  4.63856906e+01  2.57039578e+02  1.79999589e+02
 2.59020020e+02  4.63856906e+01  2.59020020e+02  1.79999586e+02
 2.61015722e+02  4.63856906e+01  2.61015722e+02  1.79999583e+02
 2.63026799e+02  4.63856906e+01  2.63026799e+02  1.79999580e+02
 2.65053372e+02  4.63856906e+01  2.65053372e+02  1.79999577e+02
 2.67095559e+02  4.63856906e+01  2.67095559e+02  1.79999573e+02
 2.69153480e+02  4.63856906e+01  2.69153480e+02  1.79999570e+02
 2.71227258e+02  4.63856906e+01  2.71227258e+02  1.79999567e+02
 2.73317014e+02  4.63856906e+01  2.73317014e+02  1.79999563e+02
 2.75422870e+02  4.63856906e+01  2.75422870e+02  1.79999560e+02
 2.77544952e+02  4.63856906e+01  2.77544952e+02  1.79999557e+02
 2.79683385e+02  4.63856906e+01  2.79683385e+02  1.79999553e+02
 2.81838293e+02  4.63856906e+01  2.81838293e+02  1.79999550e+02
 2.84009805e+02  4.63856906e+01  2.84009805e+02  1.79999546e+02
 2.86198048e+02  4.63856906e+01  2.86198048e+02  1.79999543e+02
 2.88403150e+02  4.63856906e+01  2.88403150e+02  1.79999539e+02
 2.90625243e+02  4.63856906e+01  2.90625243e+02  1.79999536e+02
 2.92864456e+02  4.63856906e+01  2.92864456e+02  1.79999532e+02
 2.95120923e+02  4.63856906e+01  2.95120923e+02  1.79999529e+02
 2.97394775e+02  4.63856906e+01  2.97394775e+02  1.79999525e+02
 2.99686146e+02  4.63856906e+01  2.99686146e+02  1.79999521e+02
 3.01995172e+02  4.63856906e+01  3.01995172e+02  1.79999518e+02
 3.04321989e+02  4.63856906e+01  3.04321989e+02  1.79999514e+02
 3.06666733e+02  4.63856906e+01  3.06666733e+02  1.79999510e+02
 3.09029543e+02  4.63856906e+01  3.09029543e+02  1.79999506e+02
 3.11410558e+02  4.63856906e+01  3.11410558e+02  1.79999503e+02
 3.13809919e+02  4.63856906e+01  3.13809919e+02  1.79999499e+02
 3.16227766e+02  4.63856906e+01  3.16227766e+02  1.79999495e+02
 3.18664242e+02  4.63856906e+01  3.18664242e+02  1.79999491e+02
 3.21119491e+02  4.63856906e+01  3.21119491e+02  1.79999487e+02
 3.23593657e+02  4.63856906e+01  3.23593657e+02  1.79999483e+02
 3.26086886e+02  4.63856906e+01  3.26086886e+02  1.79999479e+02
 3.28599325e+02  4.63856906e+01  3.28599325e+02  1.79999475e+02
 3.31131121e+02  4.63856906e+01  3.31131121e+02  1.79999471e+02
 3.33682425e+02  4.63856906e+01  3.33682425e+02  1.79999467e+02
 3.36253386e+02  4.63856906e+01  3.36253386e+02  1.79999463e+02
 3.38844156e+02  4.63856906e+01  3.38844156e+02  1.79999459e+02
 3.41454887e+02  4.63856907e+01  3.41454887e+02  1.79999455e+02
 3.44085734e+02  4.63856907e+01  3.44085734e+02  1.79999450e+02
 3.46736850e+02  4.63856907e+01  3.46736850e+02  1.79999446e+02
 3.49408393e+02  4.63856907e+01  3.49408393e+02  1.79999442e+02
 3.52100520e+02  4.63856907e+01  3.52100520e+02  1.79999438e+02
 3.54813389e+02  4.63856907e+01  3.54813389e+02  1.79999433e+02
 3.57547160e+02  4.63856907e+01  3.57547160e+02  1.79999429e+02
 3.60301995e+02  4.63856907e+01  3.60301995e+02  1.79999425e+02
 3.63078055e+02  4.63856907e+01  3.63078055e+02  1.79999420e+02
 3.65875504e+02  4.63856907e+01  3.65875504e+02  1.79999416e+02
 3.68694506e+02  4.63856907e+01  3.68694506e+02  1.79999411e+02
 3.71535229e+02  4.63856907e+01  3.71535229e+02  1.79999407e+02
 3.74397839e+02  4.63856907e+01  3.74397839e+02  1.79999402e+02
 3.77282505e+02  4.63856907e+01  3.77282505e+02  1.79999397e+02
 3.80189396e+02  4.63856907e+01  3.80189396e+02  1.79999393e+02
 3.83118685e+02  4.63856907e+01  3.83118685e+02  1.79999388e+02
 3.86070543e+02  4.63856907e+01  3.86070543e+02  1.79999383e+02
 3.89045145e+02  4.63856907e+01  3.89045145e+02  1.79999379e+02
 3.92042666e+02  4.63856907e+01  3.92042666e+02  1.79999374e+02
 3.95063281e+02  4.63856907e+01  3.95063281e+02  1.79999369e+02
 3.98107171e+02  4.63856907e+01  3.98107171e+02  1.79999364e+02
 4.01174512e+02  4.63856907e+01  4.01174512e+02  1.79999359e+02
 4.04265487e+02  4.63856907e+01  4.04265487e+02  1.79999354e+02
 4.07380278e+02  4.63856907e+01  4.07380278e+02  1.79999349e+02
 4.10519067e+02  4.63856907e+01  4.10519067e+02  1.79999344e+02
 4.13682040e+02  4.63856907e+01  4.13682040e+02  1.79999339e+02
 4.16869383e+02  4.63856907e+01  4.16869383e+02  1.79999334e+02
 4.20081285e+02  4.63856907e+01  4.20081285e+02  1.79999329e+02
 4.23317933e+02  4.63856907e+01  4.23317933e+02  1.79999324e+02
 4.26579519e+02  4.63856907e+01  4.26579519e+02  1.79999319e+02
 4.29866235e+02  4.63856907e+01  4.29866235e+02  1.79999313e+02
 4.33178274e+02  4.63856907e+01  4.33178274e+02  1.79999308e+02
 4.36515832e+02  4.63856907e+01  4.36515832e+02  1.79999303e+02
 4.39879106e+02  4.63856907e+01  4.39879106e+02  1.79999297e+02
 4.43268292e+02  4.63856907e+01  4.43268292e+02  1.79999292e+02
 4.46683592e+02  4.63856907e+01  4.46683592e+02  1.79999287e+02
 4.50125206e+02  4.63856907e+01  4.50125206e+02  1.79999281e+02
 4.53593337e+02  4.63856907e+01  4.53593337e+02  1.79999276e+02
 4.57088190e+02  4.63856907e+01  4.57088190e+02  1.79999270e+02
 4.60609969e+02  4.63856907e+01  4.60609969e+02  1.79999264e+02
 4.64158883e+02  4.63856907e+01  4.64158883e+02  1.79999259e+02
 4.67735141e+02  4.63856907e+01  4.67735141e+02  1.79999253e+02
 4.71338954e+02  4.63856907e+01  4.71338954e+02  1.79999247e+02
 4.74970533e+02  4.63856907e+01  4.74970533e+02  1.79999241e+02
 4.78630092e+02  4.63856907e+01  4.78630092e+02  1.79999236e+02
 4.82317848e+02  4.63856907e+01  4.82317848e+02  1.79999230e+02
 4.86034018e+02  4.63856907e+01  4.86034018e+02  1.79999224e+02
 4.89778819e+02  4.63856907e+01  4.89778819e+02  1.79999218e+02
 4.93552474e+02  4.63856907e+01  4.93552474e+02  1.79999212e+02
 4.97355204e+02  4.63856908e+01  4.97355204e+02  1.79999206e+02
 5.01187234e+02  4.63856908e+01  5.01187234e+02  1.79999200e+02
 5.05048788e+02  4.63856908e+01  5.05048788e+02  1.79999193e+02
 5.08940095e+02  4.63856908e+01  5.08940095e+02  1.79999187e+02
 5.12861384e+02  4.63856908e+01  5.12861384e+02  1.79999181e+02
 5.16812886e+02  4.63856908e+01  5.16812886e+02  1.79999175e+02
 5.20794833e+02  4.63856908e+01  5.20794833e+02  1.79999168e+02
 5.24807460e+02  4.63856908e+01  5.24807460e+02  1.79999162e+02
 5.28851004e+02  4.63856908e+01  5.28851004e+02  1.79999155e+02
 5.32925703e+02  4.63856908e+01  5.32925703e+02  1.79999149e+02
 5.37031796e+02  4.63856908e+01  5.37031796e+02  1.79999142e+02
 5.41169527e+02  4.63856908e+01  5.41169527e+02  1.79999136e+02
 5.45339137e+02  4.63856908e+01  5.45339137e+02  1.79999129e+02
 5.49540874e+02  4.63856908e+01  5.49540874e+02  1.79999122e+02
 5.53774984e+02  4.63856908e+01  5.53774984e+02  1.79999116e+02
 5.58041717e+02  4.63856908e+01  5.58041717e+02  1.79999109e+02
 5.62341325e+02  4.63856908e+01  5.62341325e+02  1.79999102e+02
 5.66674061e+02  4.63856908e+01  5.66674061e+02  1.79999095e+02
 5.71040179e+02  4.63856908e+01  5.71040179e+02  1.79999088e+02
 5.75439937e+02  4.63856908e+01  5.75439937e+02  1.79999081e+02
 5.79873595e+02  4.63856908e+01  5.79873595e+02  1.79999074e+02
 5.84341413e+02  4.63856908e+01  5.84341413e+02  1.79999067e+02
 5.88843655e+02  4.63856908e+01  5.88843655e+02  1.79999060e+02
 5.93380586e+02  4.63856908e+01  5.93380586e+02  1.79999052e+02
 5.97952473e+02  4.63856908e+01  5.97952473e+02  1.79999045e+02
 6.02559586e+02  4.63856908e+01  6.02559586e+02  1.79999038e+02
 6.07202196e+02  4.63856908e+01  6.07202196e+02  1.79999030e+02
 6.11880576e+02  4.63856909e+01  6.11880576e+02  1.79999023e+02
 6.16595002e+02  4.63856909e+01  6.16595002e+02  1.79999015e+02
 6.21345752e+02  4.63856909e+01  6.21345752e+02  1.79999008e+02
 6.26133105e+02  4.63856909e+01  6.26133105e+02  1.79999000e+02
 6.30957344e+02  4.63856909e+01  6.30957344e+02  1.79998992e+02
 6.35818754e+02  4.63856909e+01  6.35818754e+02  1.79998985e+02
 6.40717619e+02  4.63856909e+01  6.40717619e+02  1.79998977e+02
 6.45654229e+02  4.63856909e+01  6.45654229e+02  1.79998969e+02
 6.50628875e+02  4.63856909e+01  6.50628875e+02  1.79998961e+02
 6.55641849e+02  4.63856909e+01  6.55641849e+02  1.79998953e+02
 6.60693448e+02  4.63856909e+01  6.60693448e+02  1.79998945e+02
 6.65783968e+02  4.63856909e+01  6.65783968e+02  1.79998937e+02
 6.70913710e+02  4.63856909e+01  6.70913710e+02  1.79998928e+02
 6.76082975e+02  4.63856909e+01  6.76082975e+02  1.79998920e+02
 6.81292069e+02  4.63856909e+01  6.81292069e+02  1.79998912e+02
 6.86541298e+02  4.63856909e+01  6.86541298e+02  1.79998904e+02
 6.91830971e+02  4.63856909e+01  6.91830971e+02  1.79998895e+02
 6.97161400e+02  4.63856909e+01  6.97161400e+02  1.79998887e+02
 7.02532899e+02  4.63856909e+01  7.02532899e+02  1.79998878e+02
 7.07945784e+02  4.63856909e+01  7.07945784e+02  1.79998869e+02
 7.13400375e+02  4.63856910e+01  7.13400375e+02  1.79998861e+02
 7.18896992e+02  4.63856910e+01  7.18896992e+02  1.79998852e+02
 7.24435960e+02  4.63856910e+01  7.24435960e+02  1.79998843e+02
 7.30017605e+02  4.63856910e+01  7.30017605e+02  1.79998834e+02
 7.35642254e+02  4.63856910e+01  7.35642254e+02  1.79998825e+02
 7.41310241e+02  4.63856910e+01  7.41310241e+02  1.79998816e+02
 7.47021899e+02  4.63856910e+01  7.47021899e+02  1.79998807e+02
 7.52777564e+02  4.63856910e+01  7.52777564e+02  1.79998798e+02
 7.58577575e+02  4.63856910e+01  7.58577575e+02  1.79998788e+02
 7.64422274e+02  4.63856910e+01  7.64422274e+02  1.79998779e+02
 7.70312006e+02  4.63856910e+01  7.70312006e+02  1.79998770e+02
 7.76247117e+02  4.63856910e+01  7.76247117e+02  1.79998760e+02
 7.82227956e+02  4.63856910e+01  7.82227956e+02  1.79998751e+02
 7.88254877e+02  4.63856910e+01  7.88254877e+02  1.79998741e+02
 7.94328235e+02  4.63856911e+01  7.94328235e+02  1.79998731e+02
 8.00448386e+02  4.63856911e+01  8.00448386e+02  1.79998722e+02
 8.06615692e+02  4.63856911e+01  8.06615692e+02  1.79998712e+02
 8.12830516e+02  4.63856911e+01  8.12830516e+02  1.79998702e+02
 8.19093224e+02  4.63856911e+01  8.19093224e+02  1.79998692e+02
 8.25404185e+02  4.63856911e+01  8.25404185e+02  1.79998682e+02
 8.31763771e+02  4.63856911e+01  8.31763771e+02  1.79998672e+02
 8.38172356e+02  4.63856911e+01  8.38172356e+02  1.79998661e+02
 8.44630319e+02  4.63856911e+01  8.44630319e+02  1.79998651e+02
 8.51138038e+02  4.63856911e+01  8.51138038e+02  1.79998641e+02
 8.57695899e+02  4.63856911e+01  8.57695899e+02  1.79998630e+02
 8.64304286e+02  4.63856911e+01  8.64304286e+02  1.79998620e+02
 8.70963590e+02  4.63856911e+01  8.70963590e+02  1.79998609e+02
 8.77674203e+02  4.63856912e+01  8.77674203e+02  1.79998598e+02
 8.84436519e+02  4.63856912e+01  8.84436519e+02  1.79998587e+02
 8.91250938e+02  4.63856912e+01  8.91250938e+02  1.79998577e+02
 8.98117861e+02  4.63856912e+01  8.98117861e+02  1.79998566e+02
 9.05037692e+02  4.63856912e+01  9.05037692e+02  1.79998555e+02
 9.12010839e+02  4.63856912e+01  9.12010839e+02  1.79998543e+02
 9.19037713e+02  4.63856912e+01  9.19037713e+02  1.79998532e+02
 9.26118728e+02  4.63856912e+01  9.26118728e+02  1.79998521e+02
 9.33254301e+02  4.63856912e+01  9.33254301e+02  1.79998510e+02
 9.40444852e+02  4.63856912e+01  9.40444852e+02  1.79998498e+02
 9.47690805e+02  4.63856913e+01  9.47690805e+02  1.79998486e+02
 9.54992586e+02  4.63856913e+01  9.54992586e+02  1.79998475e+02
 9.62350626e+02  4.63856913e+01  9.62350626e+02  1.79998463e+02
 9.69765359e+02  4.63856913e+01  9.69765359e+02  1.79998451e+02
 9.77237221e+02  4.63856913e+01  9.77237221e+02  1.79998439e+02
 9.84766652e+02  4.63856913e+01  9.84766652e+02  1.79998427e+02
 9.92354096e+02  4.63856913e+01  9.92354096e+02  1.79998415e+02
 1.00000000e+03  4.63856913e+01  1.00000000e+03  1.79998403e+02
 1.00770481e+03  4.63856913e+01  1.00770481e+03  1.79998391e+02
 1.01546899e+03  4.63856914e+01  1.01546899e+03  1.79998378e+02
 1.02329299e+03  4.63856914e+01  1.02329299e+03  1.79998366e+02
 1.03117727e+03  4.63856914e+01  1.03117727e+03  1.79998353e+02
 1.03912230e+03  4.63856914e+01  1.03912230e+03  1.79998340e+02
 1.04712855e+03  4.63856914e+01  1.04712855e+03  1.79998328e+02
 1.05519648e+03  4.63856914e+01  1.05519648e+03  1.79998315e+02
 1.06332657e+03  4.63856914e+01  1.06332657e+03  1.79998302e+02
 1.07151931e+03  4.63856915e+01  1.07151931e+03  1.79998289e+02
 1.07977516e+03  4.63856915e+01  1.07977516e+03  1.79998276e+02
 1.08809463e+03  4.63856915e+01  1.08809463e+03  1.79998262e+02
 1.09647820e+03  4.63856915e+01  1.09647820e+03  1.79998249e+02
 1.10492636e+03  4.63856915e+01  1.10492636e+03  1.79998235e+02
 1.11343961e+03  4.63856915e+01  1.11343961e+03  1.79998222e+02
 1.12201845e+03  4.63856915e+01  1.12201845e+03  1.79998208e+02
 1.13066340e+03  4.63856916e+01  1.13066340e+03  1.79998194e+02
 1.13937495e+03  4.63856916e+01  1.13937495e+03  1.79998180e+02
 1.14815362e+03  4.63856916e+01  1.14815362e+03  1.79998166e+02
 1.15699993e+03  4.63856916e+01  1.15699993e+03  1.79998152e+02
 1.16591440e+03  4.63856916e+01  1.16591440e+03  1.79998138e+02
 1.17489755e+03  4.63856916e+01  1.17489755e+03  1.79998124e+02
 1.18394992e+03  4.63856916e+01  1.18394992e+03  1.79998109e+02
 1.19307204e+03  4.63856917e+01  1.19307204e+03  1.79998095e+02
 1.20226443e+03  4.63856917e+01  1.20226443e+03  1.79998080e+02
 1.21152766e+03  4.63856917e+01  1.21152766e+03  1.79998065e+02
 1.22086225e+03  4.63856917e+01  1.22086225e+03  1.79998050e+02
 1.23026877e+03  4.63856917e+01  1.23026877e+03  1.79998035e+02
 1.23974776e+03  4.63856918e+01  1.23974776e+03  1.79998020e+02
 1.24929979e+03  4.63856918e+01  1.24929979e+03  1.79998005e+02
 1.25892541e+03  4.63856918e+01  1.25892541e+03  1.79997989e+02
 1.26862520e+03  4.63856918e+01  1.26862520e+03  1.79997974e+02
 1.27839972e+03  4.63856918e+01  1.27839972e+03  1.79997958e+02
 1.28824955e+03  4.63856918e+01  1.28824955e+03  1.79997943e+02
 1.29817528e+03  4.63856919e+01  1.29817528e+03  1.79997927e+02
 1.30817747e+03  4.63856919e+01  1.30817747e+03  1.79997911e+02
 1.31825674e+03  4.63856919e+01  1.31825674e+03  1.79997895e+02
 1.32841366e+03  4.63856919e+01  1.32841366e+03  1.79997878e+02
 1.33864884e+03  4.63856920e+01  1.33864884e+03  1.79997862e+02
 1.34896288e+03  4.63856920e+01  1.34896288e+03  1.79997846e+02
 1.35935639e+03  4.63856920e+01  1.35935639e+03  1.79997829e+02
 1.36982998e+03  4.63856920e+01  1.36982998e+03  1.79997812e+02
 1.38038426e+03  4.63856920e+01  1.38038426e+03  1.79997795e+02
 1.39101987e+03  4.63856921e+01  1.39101987e+03  1.79997778e+02
 1.40173742e+03  4.63856921e+01  1.40173742e+03  1.79997761e+02
 1.41253754e+03  4.63856921e+01  1.41253754e+03  1.79997744e+02
 1.42342088e+03  4.63856921e+01  1.42342088e+03  1.79997727e+02
 1.43438808e+03  4.63856922e+01  1.43438808e+03  1.79997709e+02
 1.44543977e+03  4.63856922e+01  1.44543977e+03  1.79997692e+02
 1.45657662e+03  4.63856922e+01  1.45657662e+03  1.79997674e+02
 1.46779927e+03  4.63856922e+01  1.46779927e+03  1.79997656e+02
 1.47910839e+03  4.63856923e+01  1.47910839e+03  1.79997638e+02
 1.49050464e+03  4.63856923e+01  1.49050464e+03  1.79997620e+02
 1.50198870e+03  4.63856923e+01  1.50198870e+03  1.79997601e+02
 1.51356125e+03  4.63856923e+01  1.51356125e+03  1.79997583e+02
 1.52522296e+03  4.63856924e+01  1.52522296e+03  1.79997564e+02
 1.53697452e+03  4.63856924e+01  1.53697452e+03  1.79997545e+02
 1.54881662e+03  4.63856924e+01  1.54881662e+03  1.79997526e+02
 1.56074996e+03  4.63856925e+01  1.56074996e+03  1.79997507e+02
 1.57277525e+03  4.63856925e+01  1.57277525e+03  1.79997488e+02
 1.58489319e+03  4.63856925e+01  1.58489319e+03  1.79997469e+02
 1.59710450e+03  4.63856925e+01  1.59710450e+03  1.79997449e+02
 1.60940989e+03  4.63856926e+01  1.60940989e+03  1.79997430e+02
 1.62181010e+03  4.63856926e+01  1.62181010e+03  1.79997410e+02
 1.63430584e+03  4.63856926e+01  1.63430584e+03  1.79997390e+02
 1.64689787e+03  4.63856927e+01  1.64689787e+03  1.79997370e+02
 1.65958691e+03  4.63856927e+01  1.65958691e+03  1.79997350e+02
 1.67237372e+03  4.63856927e+01  1.67237372e+03  1.79997329e+02
 1.68525904e+03  4.63856928e+01  1.68525904e+03  1.79997309e+02
 1.69824365e+03  4.63856928e+01  1.69824365e+03  1.79997288e+02
 1.71132830e+03  4.63856928e+01  1.71132830e+03  1.79997267e+02
 1.72451377e+03  4.63856929e+01  1.72451377e+03  1.79997246e+02
 1.73780083e+03  4.63856929e+01  1.73780083e+03  1.79997225e+02
 1.75119026e+03  4.63856929e+01  1.75119026e+03  1.79997203e+02
 1.76468286e+03  4.63856930e+01  1.76468286e+03  1.79997182e+02
 1.77827941e+03  4.63856930e+01  1.77827941e+03  1.79997160e+02
 1.79198072e+03  4.63856931e+01  1.79198072e+03  1.79997138e+02
 1.80578760e+03  4.63856931e+01  1.80578760e+03  1.79997116e+02
 1.81970086e+03  4.63856931e+01  1.81970086e+03  1.79997094e+02
 1.83372132e+03  4.63856932e+01  1.83372132e+03  1.79997071e+02
 1.84784980e+03  4.63856932e+01  1.84784980e+03  1.79997049e+02
 1.86208714e+03  4.63856933e+01  1.86208714e+03  1.79997026e+02
 1.87643417e+03  4.63856933e+01  1.87643417e+03  1.79997003e+02
 1.89089175e+03  4.63856933e+01  1.89089175e+03  1.79996980e+02
 1.90546072e+03  4.63856934e+01  1.90546072e+03  1.79996957e+02
 1.92014194e+03  4.63856934e+01  1.92014194e+03  1.79996933e+02
 1.93493628e+03  4.63856935e+01  1.93493628e+03  1.79996910e+02
 1.94984460e+03  4.63856935e+01  1.94984460e+03  1.79996886e+02
 1.96486779e+03  4.63856936e+01  1.96486779e+03  1.79996862e+02
 1.98000673e+03  4.63856936e+01  1.98000673e+03  1.79996838e+02
 1.99526231e+03  4.63856937e+01  1.99526231e+03  1.79996813e+02
 2.01063544e+03  4.63856937e+01  2.01063544e+03  1.79996789e+02
 2.02612701e+03  4.63856937e+01  2.02612701e+03  1.79996764e+02
 2.04173794e+03  4.63856938e+01  2.04173794e+03  1.79996739e+02
 2.05746916e+03  4.63856938e+01  2.05746916e+03  1.79996714e+02
 2.07332157e+03  4.63856939e+01  2.07332157e+03  1.79996689e+02
 2.08929613e+03  4.63856939e+01  2.08929613e+03  1.79996663e+02
 2.10539377e+03  4.63856940e+01  2.10539377e+03  1.79996638e+02
 2.12161544e+03  4.63856941e+01  2.12161544e+03  1.79996612e+02
 2.13796209e+03  4.63856941e+01  2.13796209e+03  1.79996586e+02
 2.15443469e+03  4.63856942e+01  2.15443469e+03  1.79996559e+02
 2.17103421e+03  4.63856942e+01  2.17103421e+03  1.79996533e+02
 2.18776162e+03  4.63856943e+01  2.18776162e+03  1.79996506e+02
 2.20461792e+03  4.63856943e+01  2.20461792e+03  1.79996479e+02
 2.22160409e+03  4.63856944e+01  2.22160409e+03  1.79996452e+02
 2.23872114e+03  4.63856945e+01  2.23872114e+03  1.79996425e+02
 2.25597007e+03  4.63856945e+01  2.25597007e+03  1.79996397e+02
 2.27335190e+03  4.63856946e+01  2.27335190e+03  1.79996369e+02
 2.29086765e+03  4.63856946e+01  2.29086765e+03  1.79996341e+02
 2.30851836e+03  4.63856947e+01  2.30851836e+03  1.79996313e+02
 2.32630507e+03  4.63856948e+01  2.32630507e+03  1.79996285e+02
 2.34422882e+03  4.63856948e+01  2.34422882e+03  1.79996256e+02
 2.36229066e+03  4.63856949e+01  2.36229066e+03  1.79996227e+02
 2.38049167e+03  4.63856950e+01  2.38049167e+03  1.79996198e+02
 2.39883292e+03  4.63856950e+01  2.39883292e+03  1.79996169e+02
 2.41731548e+03  4.63856951e+01  2.41731548e+03  1.79996139e+02
 2.43594045e+03  4.63856952e+01  2.43594045e+03  1.79996110e+02
 2.45470892e+03  4.63856952e+01  2.45470892e+03  1.79996080e+02
 2.47362199e+03  4.63856953e+01  2.47362199e+03  1.79996049e+02
 2.49268079e+03  4.63856954e+01  2.49268079e+03  1.79996019e+02
 2.51188643e+03  4.63856955e+01  2.51188643e+03  1.79995988e+02
 2.53124005e+03  4.63856955e+01  2.53124005e+03  1.79995957e+02
 2.55074278e+03  4.63856956e+01  2.55074278e+03  1.79995926e+02
 2.57039578e+03  4.63856957e+01  2.57039578e+03  1.79995895e+02
 2.59020020e+03  4.63856958e+01  2.59020020e+03  1.79995863e+02
 2.61015722e+03  4.63856958e+01  2.61015722e+03  1.79995831e+02
 2.63026799e+03  4.63856959e+01  2.63026799e+03  1.79995799e+02
 2.65053372e+03  4.63856960e+01  2.65053372e+03  1.79995767e+02
 2.67095559e+03  4.63856961e+01  2.67095559e+03  1.79995734e+02
 2.69153480e+03  4.63856962e+01  2.69153480e+03  1.79995701e+02
 2.71227258e+03  4.63856963e+01  2.71227258e+03  1.79995668e+02
 2.73317014e+03  4.63856964e+01  2.73317014e+03  1.79995635e+02
 2.75422870e+03  4.63856964e+01  2.75422870e+03  1.79995601e+02
 2.77544952e+03  4.63856965e+01  2.77544952e+03  1.79995567e+02
 2.79683385e+03  4.63856966e+01  2.79683385e+03  1.79995533e+02
 2.81838293e+03  4.63856967e+01  2.81838293e+03  1.79995499e+02
 2.84009805e+03  4.63856968e+01  2.84009805e+03  1.79995464e+02
 2.86198048e+03  4.63856969e+01  2.86198048e+03  1.79995429e+02
 2.88403150e+03  4.63856970e+01  2.88403150e+03  1.79995394e+02
 2.90625243e+03  4.63856971e+01  2.90625243e+03  1.79995358e+02
 2.92864456e+03  4.63856972e+01  2.92864456e+03  1.79995323e+02
 2.95120923e+03  4.63856973e+01  2.95120923e+03  1.79995287e+02
 2.97394775e+03  4.63856974e+01  2.97394775e+03  1.79995250e+02
 2.99686146e+03  4.63856975e+01  2.99686146e+03  1.79995214e+02
 3.01995172e+03  4.63856976e+01  3.01995172e+03  1.79995177e+02
 3.04321989e+03  4.63856977e+01  3.04321989e+03  1.79995140e+02
 3.06666733e+03  4.63856979e+01  3.06666733e+03  1.79995102e+02
 3.09029543e+03  4.63856980e+01  3.09029543e+03  1.79995065e+02
 3.11410558e+03  4.63856981e+01  3.11410558e+03  1.79995027e+02
 3.13809919e+03  4.63856982e+01  3.13809919e+03  1.79994988e+02
 3.16227766e+03  4.63856983e+01  3.16227766e+03  1.79994950e+02
 3.18664242e+03  4.63856984e+01  3.18664242e+03  1.79994911e+02
 3.21119491e+03  4.63856986e+01  3.21119491e+03  1.79994871e+02
 3.23593657e+03  4.63856987e+01  3.23593657e+03  1.79994832e+02
 3.26086886e+03  4.63856988e+01  3.26086886e+03  1.79994792e+02
 3.28599325e+03  4.63856989e+01  3.28599325e+03  1.79994752e+02
 3.31131121e+03  4.63856991e+01  3.31131121e+03  1.79994712e+02
 3.33682425e+03  4.63856992e+01  3.33682425e+03  1.79994671e+02
 3.36253386e+03  4.63856993e+01  3.36253386e+03  1.79994630e+02
 3.38844156e+03  4.63856995e+01  3.38844156e+03  1.79994588e+02
 3.41454887e+03  4.63856996e+01  3.41454887e+03  1.79994547e+02
 3.44085734e+03  4.63856997e+01  3.44085734e+03  1.79994505e+02
 3.46736850e+03  4.63856999e+01  3.46736850e+03  1.79994462e+02
 3.49408393e+03  4.63857000e+01  3.49408393e+03  1.79994420e+02
 3.52100520e+03  4.63857002e+01  3.52100520e+03  1.79994377e+02
 3.54813389e+03  4.63857003e+01  3.54813389e+03  1.79994333e+02
 3.57547160e+03  4.63857005e+01  3.57547160e+03  1.79994290e+02
 3.60301995e+03  4.63857006e+01  3.60301995e+03  1.79994246e+02
 3.63078055e+03  4.63857008e+01  3.63078055e+03  1.79994201e+02
 3.65875504e+03  4.63857010e+01  3.65875504e+03  1.79994157e+02
 3.68694506e+03  4.63857011e+01  3.68694506e+03  1.79994112e+02
 3.71535229e+03  4.63857013e+01  3.71535229e+03  1.79994066e+02
 3.74397839e+03  4.63857014e+01  3.74397839e+03  1.79994021e+02
 3.77282505e+03  4.63857016e+01  3.77282505e+03  1.79993974e+02
 3.80189396e+03  4.63857018e+01  3.80189396e+03  1.79993928e+02
 3.83118685e+03  4.63857020e+01  3.83118685e+03  1.79993881e+02
 3.86070543e+03  4.63857021e+01  3.86070543e+03  1.79993834e+02
 3.89045145e+03  4.63857023e+01  3.89045145e+03  1.79993787e+02
 3.92042666e+03  4.63857025e+01  3.92042666e+03  1.79993739e+02
 3.95063281e+03  4.63857027e+01  3.95063281e+03  1.79993691e+02
 3.98107171e+03  4.63857029e+01  3.98107171e+03  1.79993642e+02
 4.01174512e+03  4.63857031e+01  4.01174512e+03  1.79993593e+02
 4.04265487e+03  4.63857032e+01  4.04265487e+03  1.79993544e+02
 4.07380278e+03  4.63857034e+01  4.07380278e+03  1.79993494e+02
 4.10519067e+03  4.63857036e+01  4.10519067e+03  1.79993444e+02
 4.13682040e+03  4.63857038e+01  4.13682040e+03  1.79993393e+02
 4.16869383e+03  4.63857040e+01  4.16869383e+03  1.79993342e+02
 4.20081285e+03  4.63857043e+01  4.20081285e+03  1.79993291e+02
 4.23317933e+03  4.63857045e+01  4.23317933e+03  1.79993239e+02
 4.26579519e+03  4.63857047e+01  4.26579519e+03  1.79993187e+02
 4.29866235e+03  4.63857049e+01  4.29866235e+03  1.79993135e+02
 4.33178274e+03  4.63857051e+01  4.33178274e+03  1.79993082e+02
 4.36515832e+03  4.63857054e+01  4.36515832e+03  1.79993028e+02
 4.39879106e+03  4.63857056e+01  4.39879106e+03  1.79992975e+02
 4.43268292e+03  4.63857058e+01  4.43268292e+03  1.79992921e+02
 4.46683592e+03  4.63857060e+01  4.46683592e+03  1.79992866e+02
 4.50125206e+03  4.63857063e+01  4.50125206e+03  1.79992811e+02
 4.53593337e+03  4.63857065e+01  4.53593337e+03  1.79992756e+02
 4.57088190e+03  4.63857068e+01  4.57088190e+03  1.79992700e+02
 4.60609969e+03  4.63857070e+01  4.60609969e+03  1.79992644e+02
 4.64158883e+03  4.63857073e+01  4.64158883e+03  1.79992587e+02
 4.67735141e+03  4.63857075e+01  4.67735141e+03  1.79992530e+02
 4.71338954e+03  4.63857078e+01  4.71338954e+03  1.79992472e+02
 4.74970533e+03  4.63857081e+01  4.74970533e+03  1.79992414e+02
 4.78630092e+03  4.63857083e+01  4.78630092e+03  1.79992356e+02
 4.82317848e+03  4.63857086e+01  4.82317848e+03  1.79992297e+02
 4.86034018e+03  4.63857089e+01  4.86034018e+03  1.79992238e+02
 4.89778819e+03  4.63857092e+01  4.89778819e+03  1.79992178e+02
 4.93552474e+03  4.63857095e+01  4.93552474e+03  1.79992118e+02
 4.97355204e+03  4.63857098e+01  4.97355204e+03  1.79992057e+02
 5.01187234e+03  4.63857101e+01  5.01187234e+03  1.79991996e+02
 5.05048788e+03  4.63857104e+01  5.05048788e+03  1.79991934e+02
 5.08940095e+03  4.63857107e+01  5.08940095e+03  1.79991872e+02
 5.12861384e+03  4.63857110e+01  5.12861384e+03  1.79991809e+02
 5.16812886e+03  4.63857113e+01  5.16812886e+03  1.79991746e+02
 5.20794833e+03  4.63857116e+01  5.20794833e+03  1.79991682e+02
 5.24807460e+03  4.63857119e+01  5.24807460e+03  1.79991618e+02
 5.28851004e+03  4.63857123e+01  5.28851004e+03  1.79991554e+02
 5.32925703e+03  4.63857126e+01  5.32925703e+03  1.79991489e+02
 5.37031796e+03  4.63857129e+01  5.37031796e+03  1.79991423e+02
 5.41169527e+03  4.63857133e+01  5.41169527e+03  1.79991357e+02
 5.45339137e+03  4.63857136e+01  5.45339137e+03  1.79991290e+02
 5.49540874e+03  4.63857140e+01  5.49540874e+03  1.79991223e+02
 5.53774984e+03  4.63857144e+01  5.53774984e+03  1.79991156e+02
 5.58041717e+03  4.63857147e+01  5.58041717e+03  1.79991088e+02
 5.62341325e+03  4.63857151e+01  5.62341325e+03  1.79991019e+02
 5.66674061e+03  4.63857155e+01  5.66674061e+03  1.79990950e+02
 5.71040179e+03  4.63857159e+01  5.71040179e+03  1.79990880e+02
 5.75439937e+03  4.63857163e+01  5.75439937e+03  1.79990810e+02
 5.79873595e+03  4.63857167e+01  5.79873595e+03  1.79990739e+02
 5.84341413e+03  4.63857171e+01  5.84341413e+03  1.79990668e+02
 5.88843655e+03  4.63857175e+01  5.88843655e+03  1.79990596e+02
 5.93380586e+03  4.63857179e+01  5.93380586e+03  1.79990523e+02
 5.97952473e+03  4.63857183e+01  5.97952473e+03  1.79990450e+02
 6.02559586e+03  4.63857187e+01  6.02559586e+03  1.79990377e+02
 6.07202196e+03  4.63857192e+01  6.07202196e+03  1.79990302e+02
 6.11880576e+03  4.63857196e+01  6.11880576e+03  1.79990228e+02
 6.16595002e+03  4.63857201e+01  6.16595002e+03  1.79990152e+02
 6.21345752e+03  4.63857205e+01  6.21345752e+03  1.79990077e+02
 6.26133105e+03  4.63857210e+01  6.26133105e+03  1.79990000e+02
 6.30957344e+03  4.63857215e+01  6.30957344e+03  1.79989923e+02
 6.35818754e+03  4.63857219e+01  6.35818754e+03  1.79989845e+02
 6.40717619e+03  4.63857224e+01  6.40717619e+03  1.79989767e+02
 6.45654229e+03  4.63857229e+01  6.45654229e+03  1.79989688e+02
 6.50628875e+03  4.63857234e+01  6.50628875e+03  1.79989609e+02
 6.55641849e+03  4.63857239e+01  6.55641849e+03  1.79989529e+02
 6.60693448e+03  4.63857244e+01  6.60693448e+03  1.79989448e+02
 6.65783968e+03  4.63857250e+01  6.65783968e+03  1.79989367e+02
 6.70913710e+03  4.63857255e+01  6.70913710e+03  1.79989285e+02
 6.76082975e+03  4.63857260e+01  6.76082975e+03  1.79989202e+02
 6.81292069e+03  4.63857266e+01  6.81292069e+03  1.79989119e+02
 6.86541298e+03  4.63857271e+01  6.86541298e+03  1.79989035e+02
 6.91830971e+03  4.63857277e+01  6.91830971e+03  1.79988951e+02
 6.97161400e+03  4.63857283e+01  6.97161400e+03  1.79988866e+02
 7.02532899e+03  4.63857289e+01  7.02532899e+03  1.79988780e+02
 7.07945784e+03  4.63857295e+01  7.07945784e+03  1.79988693e+02
 7.13400375e+03  4.63857301e+01  7.13400375e+03  1.79988606e+02
 7.18896992e+03  4.63857307e+01  7.18896992e+03  1.79988519e+02
 7.24435960e+03  4.63857313e+01  7.24435960e+03  1.79988430e+02
 7.30017605e+03  4.63857319e+01  7.30017605e+03  1.79988341e+02
 7.35642254e+03  4.63857326e+01  7.35642254e+03  1.79988251e+02
 7.41310241e+03  4.63857332e+01  7.41310241e+03  1.79988161e+02
 7.47021899e+03  4.63857339e+01  7.47021899e+03  1.79988069e+02
 7.52777564e+03  4.63857345e+01  7.52777564e+03  1.79987977e+02
 7.58577575e+03  4.63857352e+01  7.58577575e+03  1.79987885e+02
 7.64422274e+03  4.63857359e+01  7.64422274e+03  1.79987791e+02
 7.70312006e+03  4.63857366e+01  7.70312006e+03  1.79987697e+02
 7.76247117e+03  4.63857373e+01  7.76247117e+03  1.79987603e+02
 7.82227956e+03  4.63857381e+01  7.82227956e+03  1.79987507e+02
 7.88254877e+03  4.63857388e+01  7.88254877e+03  1.79987411e+02
 7.94328235e+03  4.63857395e+01  7.94328235e+03  1.79987314e+02
 8.00448386e+03  4.63857403e+01  8.00448386e+03  1.79987216e+02
 8.06615692e+03  4.63857411e+01  8.06615692e+03  1.79987118e+02
 8.12830516e+03  4.63857418e+01  8.12830516e+03  1.79987018e+02
 8.19093224e+03  4.63857426e+01  8.19093224e+03  1.79986918e+02
 8.25404185e+03  4.63857434e+01  8.25404185e+03  1.79986818e+02
 8.31763771e+03  4.63857443e+01  8.31763771e+03  1.79986716e+02
 8.38172356e+03  4.63857451e+01  8.38172356e+03  1.79986614e+02
 8.44630319e+03  4.63857459e+01  8.44630319e+03  1.79986510e+02
 8.51138038e+03  4.63857468e+01  8.51138038e+03  1.79986407e+02
 8.57695899e+03  4.63857477e+01  8.57695899e+03  1.79986302e+02
 8.64304286e+03  4.63857485e+01  8.64304286e+03  1.79986196e+02
 8.70963590e+03  4.63857494e+01  8.70963590e+03  1.79986090e+02
 8.77674203e+03  4.63857503e+01  8.77674203e+03  1.79985983e+02
 8.84436519e+03  4.63857513e+01  8.84436519e+03  1.79985875e+02
 8.91250938e+03  4.63857522e+01  8.91250938e+03  1.79985766e+02
 8.98117861e+03  4.63857532e+01  8.98117861e+03  1.79985656e+02
 9.05037692e+03  4.63857541e+01  9.05037692e+03  1.79985546e+02
 9.12010839e+03  4.63857551e+01  9.12010839e+03  1.79985434e+02
 9.19037713e+03  4.63857561e+01  9.19037713e+03  1.79985322e+02
 9.26118728e+03  4.63857571e+01  9.26118728e+03  1.79985209e+02
 9.33254301e+03  4.63857582e+01  9.33254301e+03  1.79985095e+02
 9.40444852e+03  4.63857592e+01  9.40444852e+03  1.79984980e+02
 9.47690805e+03  4.63857603e+01  9.47690805e+03  1.79984864e+02
 9.54992586e+03  4.63857613e+01  9.54992586e+03  1.79984748e+02
 9.62350626e+03  4.63857624e+01  9.62350626e+03  1.79984630e+02
 9.69765359e+03  4.63857636e+01  9.69765359e+03  1.79984512e+02
 9.77237221e+03  4.63857647e+01  9.77237221e+03  1.79984393e+02
 9.84766652e+03  4.63857658e+01  9.84766652e+03  1.79984272e+02
 9.92354096e+03  4.63857670e+01  9.92354096e+03  1.79984151e+02
 1.00000000e+04  4.63857682e+01  1.00000000e+04  1.79984029e+02
 1.00770481e+04  4.63857694e+01  1.00770481e+04  1.79983906e+02
 1.01546899e+04  4.63857706e+01  1.01546899e+04  1.79983782e+02
 1.02329299e+04  4.63857718e+01  1.02329299e+04  1.79983657e+02
 1.03117727e+04  4.63857731e+01  1.03117727e+04  1.79983531e+02
 1.03912230e+04  4.63857744e+01  1.03912230e+04  1.79983404e+02
 1.04712855e+04  4.63857757e+01  1.04712855e+04  1.79983276e+02
 1.05519648e+04  4.63857770e+01  1.05519648e+04  1.79983147e+02
 1.06332657e+04  4.63857783e+01  1.06332657e+04  1.79983018e+02
 1.07151931e+04  4.63857797e+01  1.07151931e+04  1.79982887e+02
 1.07977516e+04  4.63857811e+01  1.07977516e+04  1.79982755e+02
 1.08809463e+04  4.63857825e+01  1.08809463e+04  1.79982622e+02
 1.09647820e+04  4.63857839e+01  1.09647820e+04  1.79982488e+02
 1.10492636e+04  4.63857853e+01  1.10492636e+04  1.79982353e+02
 1.11343961e+04  4.63857868e+01  1.11343961e+04  1.79982217e+02
 1.12201845e+04  4.63857883e+01  1.12201845e+04  1.79982080e+02
 1.13066340e+04  4.63857898e+01  1.13066340e+04  1.79981942e+02
 1.13937495e+04  4.63857913e+01  1.13937495e+04  1.79981803e+02
 1.14815362e+04  4.63857929e+01  1.14815362e+04  1.79981663e+02
 1.15699993e+04  4.63857945e+01  1.15699993e+04  1.79981521e+02
 1.16591440e+04  4.63857961e+01  1.16591440e+04  1.79981379e+02
 1.17489755e+04  4.63857977e+01  1.17489755e+04  1.79981236e+02
 1.18394992e+04  4.63857994e+01  1.18394992e+04  1.79981091e+02
 1.19307204e+04  4.63858010e+01  1.19307204e+04  1.79980945e+02
 1.20226443e+04  4.63858028e+01  1.20226443e+04  1.79980798e+02
 1.21152766e+04  4.63858045e+01  1.21152766e+04  1.79980651e+02
 1.22086225e+04  4.63858062e+01  1.22086225e+04  1.79980501e+02
 1.23026877e+04  4.63858080e+01  1.23026877e+04  1.79980351e+02
 1.23974776e+04  4.63858099e+01  1.23974776e+04  1.79980200e+02
 1.24929979e+04  4.63858117e+01  1.24929979e+04  1.79980047e+02
 1.25892541e+04  4.63858136e+01  1.25892541e+04  1.79979893e+02
 1.26862520e+04  4.63858155e+01  1.26862520e+04  1.79979739e+02
 1.27839972e+04  4.63858174e+01  1.27839972e+04  1.79979582e+02
 1.28824955e+04  4.63858194e+01  1.28824955e+04  1.79979425e+02
 1.29817528e+04  4.63858214e+01  1.29817528e+04  1.79979267e+02
 1.30817747e+04  4.63858234e+01  1.30817747e+04  1.79979107e+02
 1.31825674e+04  4.63858254e+01  1.31825674e+04  1.79978946e+02
 1.32841366e+04  4.63858275e+01  1.32841366e+04  1.79978784e+02
 1.33864884e+04  4.63858297e+01  1.33864884e+04  1.79978620e+02
 1.34896288e+04  4.63858318e+01  1.34896288e+04  1.79978455e+02
 1.35935639e+04  4.63858340e+01  1.35935639e+04  1.79978289e+02
 1.36982998e+04  4.63858362e+01  1.36982998e+04  1.79978122e+02
 1.38038426e+04  4.63858385e+01  1.38038426e+04  1.79977954e+02
 1.39101987e+04  4.63858407e+01  1.39101987e+04  1.79977784e+02
 1.40173742e+04  4.63858431e+01  1.40173742e+04  1.79977612e+02
 1.41253754e+04  4.63858454e+01  1.41253754e+04  1.79977440e+02
 1.42342088e+04  4.63858478e+01  1.42342088e+04  1.79977266e+02
 1.43438808e+04  4.63858503e+01  1.43438808e+04  1.79977091e+02
 1.44543977e+04  4.63858527e+01  1.44543977e+04  1.79976914e+02
 1.45657662e+04  4.63858552e+01  1.45657662e+04  1.79976737e+02
 1.46779927e+04  4.63858578e+01  1.46779927e+04  1.79976557e+02
 1.47910839e+04  4.63858604e+01  1.47910839e+04  1.79976377e+02
 1.49050464e+04  4.63858630e+01  1.49050464e+04  1.79976195e+02
 1.50198870e+04  4.63858657e+01  1.50198870e+04  1.79976011e+02
 1.51356125e+04  4.63858684e+01  1.51356125e+04  1.79975826e+02
 1.52522296e+04  4.63858711e+01  1.52522296e+04  1.79975640e+02
 1.53697452e+04  4.63858739e+01  1.53697452e+04  1.79975452e+02
 1.54881662e+04  4.63858768e+01  1.54881662e+04  1.79975263e+02
 1.56074996e+04  4.63858796e+01  1.56074996e+04  1.79975073e+02
 1.57277525e+04  4.63858826e+01  1.57277525e+04  1.79974881e+02
 1.58489319e+04  4.63858855e+01  1.58489319e+04  1.79974687e+02
 1.59710450e+04  4.63858885e+01  1.59710450e+04  1.79974492e+02
 1.60940989e+04  4.63858916e+01  1.60940989e+04  1.79974295e+02
 1.62181010e+04  4.63858947e+01  1.62181010e+04  1.79974097e+02
 1.63430584e+04  4.63858979e+01  1.63430584e+04  1.79973898e+02
 1.64689787e+04  4.63859011e+01  1.64689787e+04  1.79973697e+02
 1.65958691e+04  4.63859043e+01  1.65958691e+04  1.79973494e+02
 1.67237372e+04  4.63859076e+01  1.67237372e+04  1.79973290e+02
 1.68525904e+04  4.63859110e+01  1.68525904e+04  1.79973084e+02
 1.69824365e+04  4.63859144e+01  1.69824365e+04  1.79972876e+02
 1.71132830e+04  4.63859179e+01  1.71132830e+04  1.79972667e+02
 1.72451377e+04  4.63859214e+01  1.72451377e+04  1.79972457e+02
 1.73780083e+04  4.63859250e+01  1.73780083e+04  1.79972245e+02
 1.75119026e+04  4.63859286e+01  1.75119026e+04  1.79972031e+02
 1.76468286e+04  4.63859323e+01  1.76468286e+04  1.79971815e+02
 1.77827941e+04  4.63859360e+01  1.77827941e+04  1.79971598e+02
 1.79198072e+04  4.63859398e+01  1.79198072e+04  1.79971379e+02
 1.80578760e+04  4.63859437e+01  1.80578760e+04  1.79971159e+02
 1.81970086e+04  4.63859476e+01  1.81970086e+04  1.79970936e+02
 1.83372132e+04  4.63859516e+01  1.83372132e+04  1.79970712e+02
 1.84784980e+04  4.63859556e+01  1.84784980e+04  1.79970487e+02
 1.86208714e+04  4.63859597e+01  1.86208714e+04  1.79970259e+02
 1.87643417e+04  4.63859639e+01  1.87643417e+04  1.79970030e+02
 1.89089175e+04  4.63859681e+01  1.89089175e+04  1.79969799e+02
 1.90546072e+04  4.63859724e+01  1.90546072e+04  1.79969567e+02
 1.92014194e+04  4.63859767e+01  1.92014194e+04  1.79969332e+02
 1.93493628e+04  4.63859812e+01  1.93493628e+04  1.79969096e+02
 1.94984460e+04  4.63859857e+01  1.94984460e+04  1.79968858e+02
 1.96486779e+04  4.63859902e+01  1.96486779e+04  1.79968618e+02
 1.98000673e+04  4.63859949e+01  1.98000673e+04  1.79968376e+02
 1.99526231e+04  4.63859996e+01  1.99526231e+04  1.79968132e+02
 2.01063544e+04  4.63860043e+01  2.01063544e+04  1.79967887e+02
 2.02612701e+04  4.63860092e+01  2.02612701e+04  1.79967639e+02
 2.04173794e+04  4.63860141e+01  2.04173794e+04  1.79967390e+02
 2.05746916e+04  4.63860191e+01  2.05746916e+04  1.79967138e+02
 2.07332157e+04  4.63860242e+01  2.07332157e+04  1.79966885e+02
 2.08929613e+04  4.63860294e+01  2.08929613e+04  1.79966630e+02
 2.10539377e+04  4.63860346e+01  2.10539377e+04  1.79966373e+02
 2.12161544e+04  4.63860399e+01  2.12161544e+04  1.79966114e+02
 2.13796209e+04  4.63860453e+01  2.13796209e+04  1.79965853e+02
 2.15443469e+04  4.63860508e+01  2.15443469e+04  1.79965589e+02
 2.17103421e+04  4.63860564e+01  2.17103421e+04  1.79965324e+02
 2.18776162e+04  4.63860621e+01  2.18776162e+04  1.79965057e+02
 2.20461792e+04  4.63860678e+01  2.20461792e+04  1.79964788e+02
 2.22160409e+04  4.63860736e+01  2.22160409e+04  1.79964516e+02
 2.23872114e+04  4.63860796e+01  2.23872114e+04  1.79964243e+02
 2.25597007e+04  4.63860856e+01  2.25597007e+04  1.79963967e+02
 2.27335190e+04  4.63860917e+01  2.27335190e+04  1.79963690e+02
 2.29086765e+04  4.63860979e+01  2.29086765e+04  1.79963410e+02
 2.30851836e+04  4.63861042e+01  2.30851836e+04  1.79963128e+02
 2.32630507e+04  4.63861106e+01  2.32630507e+04  1.79962844e+02
 2.34422882e+04  4.63861171e+01  2.34422882e+04  1.79962558e+02
 2.36229066e+04  4.63861237e+01  2.36229066e+04  1.79962269e+02
 2.38049167e+04  4.63861304e+01  2.38049167e+04  1.79961978e+02
 2.39883292e+04  4.63861372e+01  2.39883292e+04  1.79961685e+02
 2.41731548e+04  4.63861441e+01  2.41731548e+04  1.79961390e+02
 2.43594045e+04  4.63861511e+01  2.43594045e+04  1.79961092e+02
 2.45470892e+04  4.63861583e+01  2.45470892e+04  1.79960793e+02
 2.47362199e+04  4.63861655e+01  2.47362199e+04  1.79960490e+02
 2.49268079e+04  4.63861728e+01  2.49268079e+04  1.79960186e+02
 2.51188643e+04  4.63861803e+01  2.51188643e+04  1.79959879e+02
 2.53124005e+04  4.63861879e+01  2.53124005e+04  1.79959570e+02
 2.55074278e+04  4.63861956e+01  2.55074278e+04  1.79959258e+02
 2.57039578e+04  4.63862034e+01  2.57039578e+04  1.79958944e+02
 2.59020020e+04  4.63862113e+01  2.59020020e+04  1.79958628e+02
 2.61015722e+04  4.63862194e+01  2.61015722e+04  1.79958309e+02
 2.63026799e+04  4.63862275e+01  2.63026799e+04  1.79957988e+02
 2.65053372e+04  4.63862359e+01  2.65053372e+04  1.79957664e+02
 2.67095559e+04  4.63862443e+01  2.67095559e+04  1.79957338e+02
 2.69153480e+04  4.63862529e+01  2.69153480e+04  1.79957009e+02
 2.71227258e+04  4.63862616e+01  2.71227258e+04  1.79956678e+02
 2.73317014e+04  4.63862704e+01  2.73317014e+04  1.79956344e+02
 2.75422870e+04  4.63862794e+01  2.75422870e+04  1.79956007e+02
 2.77544952e+04  4.63862885e+01  2.77544952e+04  1.79955668e+02
 2.79683385e+04  4.63862977e+01  2.79683385e+04  1.79955327e+02
 2.81838293e+04  4.63863071e+01  2.81838293e+04  1.79954982e+02
 2.84009805e+04  4.63863167e+01  2.84009805e+04  1.79954636e+02
 2.86198048e+04  4.63863263e+01  2.86198048e+04  1.79954286e+02
 2.88403150e+04  4.63863362e+01  2.88403150e+04  1.79953934e+02
 2.90625243e+04  4.63863462e+01  2.90625243e+04  1.79953579e+02
 2.92864456e+04  4.63863563e+01  2.92864456e+04  1.79953221e+02
 2.95120923e+04  4.63863666e+01  2.95120923e+04  1.79952860e+02
 2.97394775e+04  4.63863771e+01  2.97394775e+04  1.79952497e+02
 2.99686146e+04  4.63863877e+01  2.99686146e+04  1.79952131e+02
 3.01995172e+04  4.63863985e+01  3.01995172e+04  1.79951762e+02
 3.04321989e+04  4.63864094e+01  3.04321989e+04  1.79951390e+02
 3.06666733e+04  4.63864205e+01  3.06666733e+04  1.79951015e+02
 3.09029543e+04  4.63864318e+01  3.09029543e+04  1.79950638e+02
 3.11410558e+04  4.63864433e+01  3.11410558e+04  1.79950258e+02
 3.13809919e+04  4.63864549e+01  3.13809919e+04  1.79949874e+02
 3.16227766e+04  4.63864667e+01  3.16227766e+04  1.79949488e+02
 3.18664242e+04  4.63864788e+01  3.18664242e+04  1.79949098e+02
 3.21119491e+04  4.63864910e+01  3.21119491e+04  1.79948706e+02
 3.23593657e+04  4.63865033e+01  3.23593657e+04  1.79948311e+02
 3.26086886e+04  4.63865159e+01  3.26086886e+04  1.79947912e+02
 3.28599325e+04  4.63865287e+01  3.28599325e+04  1.79947511e+02
 3.31131121e+04  4.63865416e+01  3.31131121e+04  1.79947106e+02
 3.33682425e+04  4.63865548e+01  3.33682425e+04  1.79946699e+02
 3.36253386e+04  4.63865682e+01  3.36253386e+04  1.79946288e+02
 3.38844156e+04  4.63865818e+01  3.38844156e+04  1.79945874e+02
 3.41454887e+04  4.63865956e+01  3.41454887e+04  1.79945457e+02
 3.44085734e+04  4.63866095e+01  3.44085734e+04  1.79945036e+02
 3.46736850e+04  4.63866238e+01  3.46736850e+04  1.79944613e+02
 3.49408393e+04  4.63866382e+01  3.49408393e+04  1.79944186e+02
 3.52100520e+04  4.63866529e+01  3.52100520e+04  1.79943756e+02
 3.54813389e+04  4.63866677e+01  3.54813389e+04  1.79943322e+02
 3.57547160e+04  4.63866829e+01  3.57547160e+04  1.79942885e+02
 3.60301995e+04  4.63866982e+01  3.60301995e+04  1.79942445e+02
 3.63078055e+04  4.63867138e+01  3.63078055e+04  1.79942001e+02
 3.65875504e+04  4.63867296e+01  3.65875504e+04  1.79941554e+02
 3.68694506e+04  4.63867457e+01  3.68694506e+04  1.79941104e+02
 3.71535229e+04  4.63867620e+01  3.71535229e+04  1.79940650e+02
 3.74397839e+04  4.63867786e+01  3.74397839e+04  1.79940192e+02
 3.77282505e+04  4.63867954e+01  3.77282505e+04  1.79939731e+02
 3.80189396e+04  4.63868125e+01  3.80189396e+04  1.79939267e+02
 3.83118685e+04  4.63868299e+01  3.83118685e+04  1.79938798e+02
 3.86070543e+04  4.63868475e+01  3.86070543e+04  1.79938327e+02
 3.89045145e+04  4.63868654e+01  3.89045145e+04  1.79937851e+02
 3.92042666e+04  4.63868836e+01  3.92042666e+04  1.79937372e+02
 3.95063281e+04  4.63869020e+01  3.95063281e+04  1.79936889e+02
 3.98107171e+04  4.63869208e+01  3.98107171e+04  1.79936403e+02
 4.01174512e+04  4.63869398e+01  4.01174512e+04  1.79935913e+02
 4.04265487e+04  4.63869591e+01  4.04265487e+04  1.79935419e+02
 4.07380278e+04  4.63869787e+01  4.07380278e+04  1.79934921e+02
 4.10519067e+04  4.63869987e+01  4.10519067e+04  1.79934419e+02
 4.13682040e+04  4.63870189e+01  4.13682040e+04  1.79933913e+02
 4.16869383e+04  4.63870395e+01  4.16869383e+04  1.79933404e+02
 4.20081285e+04  4.63870603e+01  4.20081285e+04  1.79932891e+02
 4.23317933e+04  4.63870815e+01  4.23317933e+04  1.79932373e+02
 4.26579519e+04  4.63871031e+01  4.26579519e+04  1.79931852e+02
 4.29866235e+04  4.63871249e+01  4.29866235e+04  1.79931326e+02
 4.33178274e+04  4.63871471e+01  4.33178274e+04  1.79930797e+02
 4.36515832e+04  4.63871696e+01  4.36515832e+04  1.79930263e+02
 4.39879106e+04  4.63871925e+01  4.39879106e+04  1.79929726e+02
 4.43268292e+04  4.63872158e+01  4.43268292e+04  1.79929184e+02
 4.46683592e+04  4.63872394e+01  4.46683592e+04  1.79928638e+02
 4.50125206e+04  4.63872633e+01  4.50125206e+04  1.79928088e+02
 4.53593337e+04  4.63872877e+01  4.53593337e+04  1.79927533e+02
 4.57088190e+04  4.63873124e+01  4.57088190e+04  1.79926975e+02
 4.60609969e+04  4.63873374e+01  4.60609969e+04  1.79926412e+02
 4.64158883e+04  4.63873629e+01  4.64158883e+04  1.79925844e+02
 4.67735141e+04  4.63873888e+01  4.67735141e+04  1.79925272e+02
 4.71338954e+04  4.63874150e+01  4.71338954e+04  1.79924696e+02
 4.74970533e+04  4.63874418e+01  4.74970533e+04  1.79924116e+02
 4.78630092e+04  4.63874688e+01  4.78630092e+04  1.79923531e+02
 4.82317848e+04  4.63874963e+01  4.82317848e+04  1.79922941e+02
 4.86034018e+04  4.63875243e+01  4.86034018e+04  1.79922347e+02
 4.89778819e+04  4.63875527e+01  4.89778819e+04  1.79921748e+02
 4.93552474e+04  4.63875815e+01  4.93552474e+04  1.79921145e+02
 4.97355204e+04  4.63876107e+01  4.97355204e+04  1.79920537e+02
 5.01187234e+04  4.63876404e+01  5.01187234e+04  1.79919924e+02
 5.05048788e+04  4.63876706e+01  5.05048788e+04  1.79919306e+02
 5.08940095e+04  4.63877012e+01  5.08940095e+04  1.79918684e+02
 5.12861384e+04  4.63877323e+01  5.12861384e+04  1.79918057e+02
 5.16812886e+04  4.63877639e+01  5.16812886e+04  1.79917425e+02
 5.20794833e+04  4.63877960e+01  5.20794833e+04  1.79916788e+02
 5.24807460e+04  4.63878285e+01  5.24807460e+04  1.79916147e+02
 5.28851004e+04  4.63878617e+01  5.28851004e+04  1.79915500e+02
 5.32925703e+04  4.63878952e+01  5.32925703e+04  1.79914848e+02
 5.37031796e+04  4.63879294e+01  5.37031796e+04  1.79914192e+02
 5.41169527e+04  4.63879640e+01  5.41169527e+04  1.79913530e+02
 5.45339137e+04  4.63879991e+01  5.45339137e+04  1.79912863e+02
 5.49540874e+04  4.63880348e+01  5.49540874e+04  1.79912191e+02
 5.53774984e+04  4.63880711e+01  5.53774984e+04  1.79911514e+02
 5.58041717e+04  4.63881079e+01  5.58041717e+04  1.79910831e+02
 5.62341325e+04  4.63881454e+01  5.62341325e+04  1.79910144e+02
 5.66674061e+04  4.63881833e+01  5.66674061e+04  1.79909450e+02
 5.71040179e+04  4.63882219e+01  5.71040179e+04  1.79908752e+02
 5.75439937e+04  4.63882610e+01  5.75439937e+04  1.79908048e+02
 5.79873595e+04  4.63883009e+01  5.79873595e+04  1.79907339e+02
 5.84341413e+04  4.63883412e+01  5.84341413e+04  1.79906624e+02
 5.88843655e+04  4.63883822e+01  5.88843655e+04  1.79905904e+02
 5.93380586e+04  4.63884238e+01  5.93380586e+04  1.79905178e+02
 5.97952473e+04  4.63884661e+01  5.97952473e+04  1.79904447e+02
 6.02559586e+04  4.63885090e+01  6.02559586e+04  1.79903710e+02
 6.07202196e+04  4.63885527e+01  6.07202196e+04  1.79902967e+02
 6.11880576e+04  4.63885970e+01  6.11880576e+04  1.79902218e+02
 6.16595002e+04  4.63886419e+01  6.16595002e+04  1.79901464e+02
 6.21345752e+04  4.63886876e+01  6.21345752e+04  1.79900704e+02
 6.26133105e+04  4.63887340e+01  6.26133105e+04  1.79899938e+02
 6.30957344e+04  4.63887811e+01  6.30957344e+04  1.79899166e+02
 6.35818754e+04  4.63888289e+01  6.35818754e+04  1.79898388e+02
 6.40717619e+04  4.63888774e+01  6.40717619e+04  1.79897604e+02
 6.45654229e+04  4.63889267e+01  6.45654229e+04  1.79896814e+02
 6.50628875e+04  4.63889768e+01  6.50628875e+04  1.79896018e+02
 6.55641849e+04  4.63890276e+01  6.55641849e+04  1.79895216e+02
 6.60693448e+04  4.63890793e+01  6.60693448e+04  1.79894407e+02
 6.65783968e+04  4.63891317e+01  6.65783968e+04  1.79893592e+02
 6.70913710e+04  4.63891849e+01  6.70913710e+04  1.79892771e+02
 6.76082975e+04  4.63892391e+01  6.76082975e+04  1.79891944e+02
 6.81292069e+04  4.63892940e+01  6.81292069e+04  1.79891110e+02
 6.86541298e+04  4.63893497e+01  6.86541298e+04  1.79890270e+02
 6.91830971e+04  4.63894063e+01  6.91830971e+04  1.79889423e+02
 6.97161400e+04  4.63894638e+01  6.97161400e+04  1.79888570e+02
 7.02532899e+04  4.63895221e+01  7.02532899e+04  1.79887710e+02
 7.07945784e+04  4.63895815e+01  7.07945784e+04  1.79886843e+02
 7.13400375e+04  4.63896417e+01  7.13400375e+04  1.79885970e+02
 7.18896992e+04  4.63897028e+01  7.18896992e+04  1.79885090e+02
 7.24435960e+04  4.63897648e+01  7.24435960e+04  1.79884203e+02
 7.30017605e+04  4.63898279e+01  7.30017605e+04  1.79883309e+02
 7.35642254e+04  4.63898919e+01  7.35642254e+04  1.79882409e+02
 7.41310241e+04  4.63899570e+01  7.41310241e+04  1.79881501e+02
 7.47021899e+04  4.63900229e+01  7.47021899e+04  1.79880586e+02
 7.52777564e+04  4.63900899e+01  7.52777564e+04  1.79879665e+02
 7.58577575e+04  4.63901580e+01  7.58577575e+04  1.79878736e+02
 7.64422274e+04  4.63902271e+01  7.64422274e+04  1.79877800e+02
 7.70312006e+04  4.63902974e+01  7.70312006e+04  1.79876856e+02
 7.76247117e+04  4.63903686e+01  7.76247117e+04  1.79875906e+02
 7.82227956e+04  4.63904410e+01  7.82227956e+04  1.79874948e+02
 7.88254877e+04  4.63905145e+01  7.88254877e+04  1.79873982e+02
 7.94328235e+04  4.63905892e+01  7.94328235e+04  1.79873009e+02
 8.00448386e+04  4.63906650e+01  8.00448386e+04  1.79872029e+02
 8.06615692e+04  4.63907418e+01  8.06615692e+04  1.79871041e+02
 8.12830516e+04  4.63908201e+01  8.12830516e+04  1.79870045e+02
 8.19093224e+04  4.63908995e+01  8.19093224e+04  1.79869041e+02
 8.25404185e+04  4.63909800e+01  8.25404185e+04  1.79868030e+02
 8.31763771e+04  4.63910619e+01  8.31763771e+04  1.79867011e+02
 8.38172356e+04  4.63911451e+01  8.38172356e+04  1.79865984e+02
 8.44630319e+04  4.63912295e+01  8.44630319e+04  1.79864949e+02
 8.51138038e+04  4.63913151e+01  8.51138038e+04  1.79863906e+02
 8.57695899e+04  4.63914022e+01  8.57695899e+04  1.79862855e+02
 8.64304286e+04  4.63914907e+01  8.64304286e+04  1.79861796e+02
 8.70963590e+04  4.63915802e+01  8.70963590e+04  1.79860728e+02
 8.77674203e+04  4.63916714e+01  8.77674203e+04  1.79859653e+02
 8.84436519e+04  4.63917639e+01  8.84436519e+04  1.79858569e+02
 8.91250938e+04  4.63918580e+01  8.91250938e+04  1.79857476e+02
 8.98117861e+04  4.63919534e+01  8.98117861e+04  1.79856375e+02
 9.05037692e+04  4.63920502e+01  9.05037692e+04  1.79855265e+02
 9.12010839e+04  4.63921488e+01  9.12010839e+04  1.79854147e+02
 9.19037713e+04  4.63922487e+01  9.19037713e+04  1.79853020e+02
 9.26118728e+04  4.63923502e+01  9.26118728e+04  1.79851885e+02
 9.33254301e+04  4.63924532e+01  9.33254301e+04  1.79850740e+02
 9.40444852e+04  4.63925578e+01  9.40444852e+04  1.79849587e+02
 9.47690805e+04  4.63926642e+01  9.47690805e+04  1.79848425e+02
 9.54992586e+04  4.63927720e+01  9.54992586e+04  1.79847253e+02
 9.62350626e+04  4.63928816e+01  9.62350626e+04  1.79846073e+02
 9.69765359e+04  4.63929929e+01  9.69765359e+04  1.79844883e+02
 9.77237221e+04  4.63931061e+01  9.77237221e+04  1.79843685e+02
 9.84766652e+04  4.63932207e+01  9.84766652e+04  1.79842476e+02
 9.92354096e+04  4.63933372e+01  9.92354096e+04  1.79841259e+02
 1.00000000e+05  4.63934556e+01  1.00000000e+05  1.79840032e+02
 1.00770481e+05  4.63935758e+01  1.00770481e+05  1.79838795e+02
 1.01546899e+05  4.63936978e+01  1.01546899e+05  1.79837549e+02
 1.02329299e+05  4.63938216e+01  1.02329299e+05  1.79836293e+02
 1.03117727e+05  4.63939475e+01  1.03117727e+05  1.79835027e+02
 1.03912230e+05  4.63940753e+01  1.03912230e+05  1.79833752e+02
 1.04712855e+05  4.63942050e+01  1.04712855e+05  1.79832466e+02
 1.05519648e+05  4.63943369e+01  1.05519648e+05  1.79831171e+02
 1.06332657e+05  4.63944708e+01  1.06332657e+05  1.79829865e+02
 1.07151931e+05  4.63946066e+01  1.07151931e+05  1.79828550e+02
 1.07977516e+05  4.63947445e+01  1.07977516e+05  1.79827224e+02
 1.08809463e+05  4.63948847e+01  1.08809463e+05  1.79825887e+02
 1.09647820e+05  4.63950269e+01  1.09647820e+05  1.79824541e+02
 1.10492636e+05  4.63951715e+01  1.10492636e+05  1.79823183e+02
 1.11343961e+05  4.63953182e+01  1.11343961e+05  1.79821815e+02
 1.12201845e+05  4.63954671e+01  1.12201845e+05  1.79820437e+02
 1.13066340e+05  4.63956186e+01  1.13066340e+05  1.79819048e+02
 1.13937495e+05  4.63957722e+01  1.13937495e+05  1.79817648e+02
 1.14815362e+05  4.63959284e+01  1.14815362e+05  1.79816237e+02
 1.15699993e+05  4.63960866e+01  1.15699993e+05  1.79814815e+02
 1.16591440e+05  4.63962478e+01  1.16591440e+05  1.79813382e+02
 1.17489755e+05  4.63964110e+01  1.17489755e+05  1.79811937e+02
 1.18394992e+05  4.63965769e+01  1.18394992e+05  1.79810481e+02
 1.19307204e+05  4.63967454e+01  1.19307204e+05  1.79809015e+02
 1.20226443e+05  4.63969168e+01  1.20226443e+05  1.79807536e+02
 1.21152766e+05  4.63970902e+01  1.21152766e+05  1.79806046e+02
 1.22086225e+05  4.63972668e+01  1.22086225e+05  1.79804545e+02
 1.23026877e+05  4.63974459e+01  1.23026877e+05  1.79803031e+02
 1.23974776e+05  4.63976280e+01  1.23974776e+05  1.79801506e+02
 1.24929979e+05  4.63978131e+01  1.24929979e+05  1.79799969e+02
 1.25892541e+05  4.63980007e+01  1.25892541e+05  1.79798420e+02
 1.26862520e+05  4.63981911e+01  1.26862520e+05  1.79796859e+02
 1.27839972e+05  4.63983843e+01  1.27839972e+05  1.79795285e+02
 1.28824955e+05  4.63985808e+01  1.28824955e+05  1.79793699e+02
 1.29817528e+05  4.63987804e+01  1.29817528e+05  1.79792101e+02
 1.30817747e+05  4.63989832e+01  1.30817747e+05  1.79790490e+02
 1.31825674e+05  4.63991886e+01  1.31825674e+05  1.79788867e+02
 1.32841366e+05  4.63993976e+01  1.32841366e+05  1.79787231e+02
 1.33864884e+05  4.63996101e+01  1.33864884e+05  1.79785582e+02
 1.34896288e+05  4.63998254e+01  1.34896288e+05  1.79783920e+02
 1.35935639e+05  4.64000445e+01  1.35935639e+05  1.79782245e+02
 1.36982998e+05  4.64002667e+01  1.36982998e+05  1.79780557e+02
 1.38038426e+05  4.64004925e+01  1.38038426e+05  1.79778856e+02
 1.39101987e+05  4.64007213e+01  1.39101987e+05  1.79777142e+02
 1.40173742e+05  4.64009543e+01  1.40173742e+05  1.79775413e+02
 1.41253754e+05  4.64011904e+01  1.41253754e+05  1.79773672e+02
 1.42342088e+05  4.64014308e+01  1.42342088e+05  1.79771917e+02
 1.43438808e+05  4.64016744e+01  1.43438808e+05  1.79770147e+02
 1.44543977e+05  4.64019218e+01  1.44543977e+05  1.79768365e+02
 1.45657662e+05  4.64021729e+01  1.45657662e+05  1.79766567e+02
 1.46779927e+05  4.64024281e+01  1.46779927e+05  1.79764756e+02
 1.47910839e+05  4.64026872e+01  1.47910839e+05  1.79762931e+02
 1.49050464e+05  4.64029506e+01  1.49050464e+05  1.79761091e+02
 1.50198870e+05  4.64032181e+01  1.50198870e+05  1.79759237e+02
 1.51356125e+05  4.64034892e+01  1.51356125e+05  1.79757368e+02
 1.52522296e+05  4.64037649e+01  1.52522296e+05  1.79755485e+02
 1.53697452e+05  4.64040444e+01  1.53697452e+05  1.79753586e+02
 1.54881662e+05  4.64043290e+01  1.54881662e+05  1.79751673e+02
 1.56074996e+05  4.64046174e+01  1.56074996e+05  1.79749744e+02
 1.57277525e+05  4.64049107e+01  1.57277525e+05  1.79747801e+02
 1.58489319e+05  4.64052082e+01  1.58489319e+05  1.79745842e+02
 1.59710450e+05  4.64055104e+01  1.59710450e+05  1.79743867e+02
 1.60940989e+05  4.64058175e+01  1.60940989e+05  1.79741877e+02
 1.62181010e+05  4.64061291e+01  1.62181010e+05  1.79739871e+02
 1.63430584e+05  4.64064457e+01  1.63430584e+05  1.79737850e+02
 1.64689787e+05  4.64067673e+01  1.64689787e+05  1.79735812e+02
 1.65958691e+05  4.64070938e+01  1.65958691e+05  1.79733759e+02
 1.67237372e+05  4.64074254e+01  1.67237372e+05  1.79731688e+02
 1.68525904e+05  4.64077617e+01  1.68525904e+05  1.79729602e+02
 1.69824365e+05  4.64081034e+01  1.69824365e+05  1.79727499e+02
 1.71132830e+05  4.64084509e+01  1.71132830e+05  1.79725380e+02
 1.72451377e+05  4.64088032e+01  1.72451377e+05  1.79723243e+02
 1.73780083e+05  4.64091611e+01  1.73780083e+05  1.79721090e+02
 1.75119026e+05  4.64095251e+01  1.75119026e+05  1.79718920e+02
 1.76468286e+05  4.64098936e+01  1.76468286e+05  1.79716732e+02
 1.77827941e+05  4.64102688e+01  1.77827941e+05  1.79714527e+02
 1.79198072e+05  4.64106494e+01  1.79198072e+05  1.79712304e+02
 1.80578760e+05  4.64110362e+01  1.80578760e+05  1.79710064e+02
 1.81970086e+05  4.64114287e+01  1.81970086e+05  1.79707807e+02
 1.83372132e+05  4.64118274e+01  1.83372132e+05  1.79705530e+02
 1.84784980e+05  4.64122322e+01  1.84784980e+05  1.79703237e+02
 1.86208714e+05  4.64126430e+01  1.86208714e+05  1.79700924e+02
 1.87643417e+05  4.64130615e+01  1.87643417e+05  1.79698594e+02
 1.89089175e+05  4.64134848e+01  1.89089175e+05  1.79696244e+02
 1.90546072e+05  4.64139157e+01  1.90546072e+05  1.79693876e+02
 1.92014194e+05  4.64143536e+01  1.92014194e+05  1.79691490e+02
 1.93493628e+05  4.64147977e+01  1.93493628e+05  1.79689083e+02
 1.94984460e+05  4.64152490e+01  1.94984460e+05  1.79686658e+02
 1.96486779e+05  4.64157068e+01  1.96486779e+05  1.79684214e+02
 1.98000673e+05  4.64161711e+01  1.98000673e+05  1.79681749e+02
 1.99526231e+05  4.64166442e+01  1.99526231e+05  1.79679266e+02
 2.01063544e+05  4.64171233e+01  2.01063544e+05  1.79676762e+02
 2.02612701e+05  4.64176103e+01  2.02612701e+05  1.79674238e+02
 2.04173794e+05  4.64181049e+01  2.04173794e+05  1.79671695e+02
 2.05746916e+05  4.64186077e+01  2.05746916e+05  1.79669131e+02
 2.07332157e+05  4.64191185e+01  2.07332157e+05  1.79666545e+02
 2.08929613e+05  4.64196358e+01  2.08929613e+05  1.79663940e+02
 2.10539377e+05  4.64201616e+01  2.10539377e+05  1.79661313e+02
 2.12161544e+05  4.64206960e+01  2.12161544e+05  1.79658665e+02
 2.13796209e+05  4.64212388e+01  2.13796209e+05  1.79655996e+02
 2.15443469e+05  4.64217900e+01  2.15443469e+05  1.79653306e+02
 2.17103421e+05  4.64223495e+01  2.17103421e+05  1.79650593e+02
 2.18776162e+05  4.64229182e+01  2.18776162e+05  1.79647860e+02
 2.20461792e+05  4.64234948e+01  2.20461792e+05  1.79645104e+02
 2.22160409e+05  4.64240814e+01  2.22160409e+05  1.79642325e+02
 2.23872114e+05  4.64246759e+01  2.23872114e+05  1.79639525e+02
 2.25597007e+05  4.64252807e+01  2.25597007e+05  1.79636702e+02
 2.27335190e+05  4.64258940e+01  2.27335190e+05  1.79633855e+02
 2.29086765e+05  4.64265177e+01  2.29086765e+05  1.79630986e+02
 2.30851836e+05  4.64271502e+01  2.30851836e+05  1.79628094e+02
 2.32630507e+05  4.64277927e+01  2.32630507e+05  1.79625177e+02
 2.34422882e+05  4.64284462e+01  2.34422882e+05  1.79622239e+02
 2.36229066e+05  4.64291099e+01  2.36229066e+05  1.79619275e+02
 2.38049167e+05  4.64297828e+01  2.38049167e+05  1.79616288e+02
 2.39883292e+05  4.64304666e+01  2.39883292e+05  1.79613276e+02
 2.41731548e+05  4.64311611e+01  2.41731548e+05  1.79610240e+02
 2.43594045e+05  4.64318663e+01  2.43594045e+05  1.79607178e+02
 2.45470892e+05  4.64325826e+01  2.45470892e+05  1.79604093e+02
 2.47362199e+05  4.64333090e+01  2.47362199e+05  1.79600981e+02
 2.49268079e+05  4.64340470e+01  2.49268079e+05  1.79597845e+02
 2.51188643e+05  4.64347984e+01  2.51188643e+05  1.79594683e+02
 2.53124005e+05  4.64355598e+01  2.53124005e+05  1.79591495e+02
 2.55074278e+05  4.64363342e+01  2.55074278e+05  1.79588280e+02
 2.57039578e+05  4.64371193e+01  2.57039578e+05  1.79585040e+02
 2.59020020e+05  4.64379161e+01  2.59020020e+05  1.79581773e+02
 2.61015722e+05  4.64387284e+01  2.61015722e+05  1.79578480e+02
 2.63026799e+05  4.64395503e+01  2.63026799e+05  1.79575159e+02
 2.65053372e+05  4.64403863e+01  2.65053372e+05  1.79571811e+02
 2.67095559e+05  4.64412352e+01  2.67095559e+05  1.79568436e+02
 2.69153480e+05  4.64420967e+01  2.69153480e+05  1.79565033e+02
 2.71227258e+05  4.64429720e+01  2.71227258e+05  1.79561601e+02
 2.73317014e+05  4.64438613e+01  2.73317014e+05  1.79558140e+02
 2.75422870e+05  4.64447645e+01  2.75422870e+05  1.79554652e+02
 2.77544952e+05  4.64456804e+01  2.77544952e+05  1.79551135e+02
 2.79683385e+05  4.64466110e+01  2.79683385e+05  1.79547588e+02
 2.81838293e+05  4.64475569e+01  2.81838293e+05  1.79544012e+02
 2.84009805e+05  4.64485190e+01  2.84009805e+05  1.79540408e+02
 2.86198048e+05  4.64494923e+01  2.86198048e+05  1.79536770e+02
 2.88403150e+05  4.64504850e+01  2.88403150e+05  1.79533107e+02
 2.90625243e+05  4.64514900e+01  2.90625243e+05  1.79529411e+02
 2.92864456e+05  4.64525098e+01  2.92864456e+05  1.79525681e+02
 2.95120923e+05  4.64535490e+01  2.95120923e+05  1.79521926e+02
 2.97394775e+05  4.64546023e+01  2.97394775e+05  1.79518136e+02
 2.99686146e+05  4.64556739e+01  2.99686146e+05  1.79514315e+02
 3.01995172e+05  4.64567599e+01  3.01995172e+05  1.79510462e+02
 3.04321989e+05  4.64578626e+01  3.04321989e+05  1.79506576e+02
 3.06666733e+05  4.64589843e+01  3.06666733e+05  1.79502657e+02
 3.09029543e+05  4.64601231e+01  3.09029543e+05  1.79498707e+02
 3.11410558e+05  4.64612797e+01  3.11410558e+05  1.79494723e+02
 3.13809919e+05  4.64624532e+01  3.13809919e+05  1.79490705e+02
 3.16227766e+05  4.64636483e+01  3.16227766e+05  1.79486653e+02
 3.18664242e+05  4.64648579e+01  3.18664242e+05  1.79482567e+02
 3.21119491e+05  4.64660886e+01  3.21119491e+05  1.79478446e+02
 3.23593657e+05  4.64673376e+01  3.23593657e+05  1.79474292e+02
 3.26086886e+05  4.64686056e+01  3.26086886e+05  1.79470101e+02
 3.28599325e+05  4.64698957e+01  3.28599325e+05  1.79465874e+02
 3.31131121e+05  4.64712065e+01  3.31131121e+05  1.79461613e+02
 3.33682425e+05  4.64725320e+01  3.33682425e+05  1.79457313e+02
 3.36253386e+05  4.64738826e+01  3.36253386e+05  1.79452978e+02
 3.38844156e+05  4.64752539e+01  3.38844156e+05  1.79448605e+02
 3.41454887e+05  4.64766475e+01  3.41454887e+05  1.79444197e+02
 3.44085734e+05  4.64780605e+01  3.44085734e+05  1.79439748e+02
 3.46736850e+05  4.64794986e+01  3.46736850e+05  1.79435266e+02
 3.49408393e+05  4.64809568e+01  3.49408393e+05  1.79430740e+02
 3.52100520e+05  4.64824388e+01  3.52100520e+05  1.79426177e+02
 3.54813389e+05  4.64839437e+01  3.54813389e+05  1.79421576e+02
 3.57547160e+05  4.64854729e+01  3.57547160e+05  1.79416931e+02
 3.60301995e+05  4.64870230e+01  3.60301995e+05  1.79412251e+02
 3.63078055e+05  4.64886003e+01  3.63078055e+05  1.79407527e+02
 3.65875504e+05  4.64902023e+01  3.65875504e+05  1.79402765e+02
 3.68694506e+05  4.64918286e+01  3.68694506e+05  1.79397958e+02
 3.71535229e+05  4.64934807e+01  3.71535229e+05  1.79393112e+02
 3.74397839e+05  4.64951580e+01  3.74397839e+05  1.79388221e+02
 3.77282505e+05  4.64968638e+01  3.77282505e+05  1.79383293e+02
 3.80189396e+05  4.64985934e+01  3.80189396e+05  1.79378315e+02
 3.83118685e+05  4.65003504e+01  3.83118685e+05  1.79373296e+02
 3.86070543e+05  4.65021341e+01  3.86070543e+05  1.79368231e+02
 3.89045145e+05  4.65039490e+01  3.89045145e+05  1.79363125e+02
 3.92042666e+05  4.65057884e+01  3.92042666e+05  1.79357972e+02
 3.95063281e+05  4.65076624e+01  3.95063281e+05  1.79352774e+02
 3.98107171e+05  4.65095610e+01  3.98107171e+05  1.79347527e+02
 4.01174512e+05  4.65114910e+01  4.01174512e+05  1.79342238e+02
 4.04265487e+05  4.65134507e+01  4.04265487e+05  1.79336901e+02
 4.07380278e+05  4.65154444e+01  4.07380278e+05  1.79331521e+02
 4.10519067e+05  4.65174628e+01  4.10519067e+05  1.79326084e+02
 4.13682040e+05  4.65195177e+01  4.13682040e+05  1.79320601e+02
 4.16869383e+05  4.65216061e+01  4.16869383e+05  1.79315070e+02
 4.20081285e+05  4.65237229e+01  4.20081285e+05  1.79309491e+02
 4.23317933e+05  4.65258753e+01  4.23317933e+05  1.79303862e+02
 4.26579519e+05  4.65280612e+01  4.26579519e+05  1.79298176e+02
 4.29866235e+05  4.65302786e+01  4.29866235e+05  1.79292442e+02
 4.33178274e+05  4.65325332e+01  4.33178274e+05  1.79286661e+02
 4.36515832e+05  4.65348243e+01  4.36515832e+05  1.79280820e+02
 4.39879106e+05  4.65371537e+01  4.39879106e+05  1.79274933e+02
 4.43268292e+05  4.65395143e+01  4.43268292e+05  1.79268982e+02
 4.46683592e+05  4.65419158e+01  4.46683592e+05  1.79262988e+02
 4.50125206e+05  4.65443564e+01  4.50125206e+05  1.79256935e+02
 4.53593337e+05  4.65468330e+01  4.53593337e+05  1.79250828e+02
 4.57088190e+05  4.65493479e+01  4.57088190e+05  1.79244662e+02
 4.60609969e+05  4.65519029e+01  4.60609969e+05  1.79238439e+02
 4.64158883e+05  4.65544985e+01  4.64158883e+05  1.79232159e+02
 4.67735141e+05  4.65571358e+01  4.67735141e+05  1.79225816e+02
 4.71338954e+05  4.65598122e+01  4.71338954e+05  1.79219425e+02
 4.74970533e+05  4.65625310e+01  4.74970533e+05  1.79212967e+02
 4.78630092e+05  4.65652983e+01  4.78630092e+05  1.79206454e+02
 4.82317848e+05  4.65681028e+01  4.82317848e+05  1.79199868e+02
 4.86034018e+05  4.65709558e+01  4.86034018e+05  1.79193233e+02
 4.89778819e+05  4.65738525e+01  4.89778819e+05  1.79186534e+02
 4.93552474e+05  4.65767918e+01  4.93552474e+05  1.79179771e+02
 4.97355204e+05  4.65797812e+01  4.97355204e+05  1.79172930e+02
 5.01187234e+05  4.65828115e+01  5.01187234e+05  1.79166035e+02
 5.05048788e+05  4.65859017e+01  5.05048788e+05  1.79159082e+02
 5.08940095e+05  4.65890295e+01  5.08940095e+05  1.79152047e+02
 5.12861384e+05  4.65922163e+01  5.12861384e+05  1.79144957e+02
 5.16812886e+05  4.65954462e+01  5.16812886e+05  1.79137802e+02
 5.20794833e+05  4.65987338e+01  5.20794833e+05  1.79130571e+02
 5.24807460e+05  4.66020722e+01  5.24807460e+05  1.79123264e+02
 5.28851004e+05  4.66054570e+01  5.28851004e+05  1.79115891e+02
 5.32925703e+05  4.66088969e+01  5.32925703e+05  1.79108453e+02
 5.37031796e+05  4.66123965e+01  5.37031796e+05  1.79100933e+02
 5.41169527e+05  4.66159520e+01  5.41169527e+05  1.79093348e+02
 5.45339137e+05  4.66195592e+01  5.45339137e+05  1.79085683e+02
 5.49540874e+05  4.66232209e+01  5.49540874e+05  1.79077941e+02
 5.53774984e+05  4.66269504e+01  5.53774984e+05  1.79070132e+02
 5.58041717e+05  4.66307332e+01  5.58041717e+05  1.79062233e+02
 5.62341325e+05  4.66345781e+01  5.62341325e+05  1.79054261e+02
 5.66674061e+05  4.66384798e+01  5.66674061e+05  1.79046205e+02
 5.71040179e+05  4.66424478e+01  5.71040179e+05  1.79038080e+02
 5.75439937e+05  4.66464773e+01  5.75439937e+05  1.79029866e+02
 5.79873595e+05  4.66505754e+01  5.79873595e+05  1.79021574e+02
 5.84341413e+05  4.66547360e+01  5.84341413e+05  1.79013185e+02
 5.88843655e+05  4.66589597e+01  5.88843655e+05  1.79004731e+02
 5.93380586e+05  4.66632558e+01  5.93380586e+05  1.78996176e+02
 5.97952473e+05  4.66676171e+01  5.97952473e+05  1.78987547e+02
 6.02559586e+05  4.66720497e+01  6.02559586e+05  1.78978805e+02
 6.07202196e+05  4.66765466e+01  6.07202196e+05  1.78969993e+02
 6.11880576e+05  4.66811281e+01  6.11880576e+05  1.78961084e+02
 6.16595002e+05  4.66857679e+01  6.16595002e+05  1.78952076e+02
 6.21345752e+05  4.66904932e+01  6.21345752e+05  1.78942987e+02
 6.26133105e+05  4.66952914e+01  6.26133105e+05  1.78933799e+02
 6.30957344e+05  4.67001707e+01  6.30957344e+05  1.78924515e+02
 6.35818754e+05  4.67051228e+01  6.35818754e+05  1.78915133e+02
 6.40717619e+05  4.67101542e+01  6.40717619e+05  1.78905665e+02
 6.45654229e+05  4.67152621e+01  6.45654229e+05  1.78896069e+02
 6.50628875e+05  4.67204578e+01  6.50628875e+05  1.78886380e+02
 6.55641849e+05  4.67257355e+01  6.55641849e+05  1.78876592e+02
 6.60693448e+05  4.67310998e+01  6.60693448e+05  1.78866702e+02
 6.65783968e+05  4.67365558e+01  6.65783968e+05  1.78856712e+02
 6.70913710e+05  4.67420871e+01  6.70913710e+05  1.78846597e+02
 6.76082975e+05  4.67477190e+01  6.76082975e+05  1.78836387e+02
 6.81292069e+05  4.67534384e+01  6.81292069e+05  1.78826073e+02
 6.86541298e+05  4.67592326e+01  6.86541298e+05  1.78815605e+02
 6.91830971e+05  4.67651413e+01  6.91830971e+05  1.78805056e+02
 6.97161400e+05  4.67711407e+01  6.97161400e+05  1.78794377e+02
 7.02532899e+05  4.67772435e+01  7.02532899e+05  1.78783592e+02
 7.07945784e+05  4.67834291e+01  7.07945784e+05  1.78772675e+02
 7.13400375e+05  4.67897222e+01  7.13400375e+05  1.78761630e+02
 7.18896992e+05  4.67961177e+01  7.18896992e+05  1.78750480e+02
 7.24435960e+05  4.68026242e+01  7.24435960e+05  1.78739209e+02
 7.30017605e+05  4.68092201e+01  7.30017605e+05  1.78727772e+02
 7.35642254e+05  4.68159426e+01  7.35642254e+05  1.78716250e+02
 7.41310241e+05  4.68227661e+01  7.41310241e+05  1.78704568e+02
 7.47021899e+05  4.68296928e+01  7.47021899e+05  1.78692757e+02
 7.52777564e+05  4.68367389e+01  7.52777564e+05  1.78680819e+02
 7.58577575e+05  4.68438970e+01  7.58577575e+05  1.78668717e+02
 7.64422274e+05  4.68511785e+01  7.64422274e+05  1.78656504e+02
 7.70312006e+05  4.68585624e+01  7.70312006e+05  1.78644129e+02
 7.76247117e+05  4.68660776e+01  7.76247117e+05  1.78631618e+02
 7.82227956e+05  4.68737155e+01  7.82227956e+05  1.78618942e+02
 7.88254877e+05  4.68814838e+01  7.88254877e+05  1.78606134e+02
 7.94328235e+05  4.68893655e+01  7.94328235e+05  1.78593175e+02
 8.00448386e+05  4.68973875e+01  8.00448386e+05  1.78580045e+02
 8.06615692e+05  4.69055449e+01  8.06615692e+05  1.78566749e+02
 8.12830516e+05  4.69138263e+01  8.12830516e+05  1.78553323e+02
 8.19093224e+05  4.69222455e+01  8.19093224e+05  1.78539724e+02
 8.25404185e+05  4.69308024e+01  8.25404185e+05  1.78525935e+02
 8.31763771e+05  4.69394955e+01  8.31763771e+05  1.78511992e+02
 8.38172356e+05  4.69483437e+01  8.38172356e+05  1.78497859e+02
 8.44630319e+05  4.69573250e+01  8.44630319e+05  1.78483594e+02
 8.51138038e+05  4.69664690e+01  8.51138038e+05  1.78469118e+02
 8.57695899e+05  4.69757554e+01  8.57695899e+05  1.78454459e+02
 8.64304286e+05  4.69851930e+01  8.64304286e+05  1.78439595e+02
 8.70963590e+05  4.69947886e+01  8.70963590e+05  1.78424572e+02
 8.77674203e+05  4.70045587e+01  8.77674203e+05  1.78409367e+02
 8.84436519e+05  4.70144696e+01  8.84436519e+05  1.78393957e+02
 8.91250938e+05  4.70245486e+01  8.91250938e+05  1.78378327e+02
 8.98117861e+05  4.70347963e+01  8.98117861e+05  1.78362495e+02
 9.05037692e+05  4.70452266e+01  9.05037692e+05  1.78346460e+02
 9.12010839e+05  4.70558069e+01  9.12010839e+05  1.78330213e+02
 9.19037713e+05  4.70665782e+01  9.19037713e+05  1.78313710e+02
 9.26118728e+05  4.70775371e+01  9.26118728e+05  1.78297082e+02
 9.33254301e+05  4.70886728e+01  9.33254301e+05  1.78280206e+02
 9.40444852e+05  4.70999922e+01  9.40444852e+05  1.78263033e+02
 9.47690805e+05  4.71114977e+01  9.47690805e+05  1.78245673e+02
 9.54992586e+05  4.71232041e+01  9.54992586e+05  1.78228050e+02
 9.62350626e+05  4.71351047e+01  9.62350626e+05  1.78210248e+02
 9.69765359e+05  4.71472101e+01  9.69765359e+05  1.78192160e+02
 9.77237221e+05  4.71595028e+01  9.77237221e+05  1.78173797e+02
 9.84766652e+05  4.71720153e+01  9.84766652e+05  1.78155205e+02
 9.92354096e+05  4.71847401e+01  9.92354096e+05  1.78136358e+02
 1.00000000e+06  4.71976829e+01  1.00000000e+06  1.78117206e+02
 1.00770481e+06  4.72108355e+01  1.00770481e+06  1.78097841e+02
 1.01546899e+06  4.72242233e+01  1.01546899e+06  1.78078179e+02
 1.02329299e+06  4.72378242e+01  1.02329299e+06  1.78058172e+02
 1.03117727e+06  4.72516669e+01  1.03117727e+06  1.78037907e+02
 1.03912230e+06  4.72657406e+01  1.03912230e+06  1.78017363e+02
 1.04712855e+06  4.72800625e+01  1.04712855e+06  1.77996581e+02
 1.05519648e+06  4.72946189e+01  1.05519648e+06  1.77975341e+02
 1.06332657e+06  4.73094510e+01  1.06332657e+06  1.77953878e+02
 1.07151931e+06  4.73244993e+01  1.07151931e+06  1.77932075e+02
 1.07977516e+06  4.73398361e+01  1.07977516e+06  1.77909976e+02
 1.08809463e+06  4.73554202e+01  1.08809463e+06  1.77887471e+02
 1.09647820e+06  4.73712685e+01  1.09647820e+06  1.77864654e+02
 1.10492636e+06  4.73874045e+01  1.10492636e+06  1.77841540e+02
 1.11343961e+06  4.74038138e+01  1.11343961e+06  1.77818017e+02
 1.12201845e+06  4.74204981e+01  1.12201845e+06  1.77794103e+02
 1.13066340e+06  4.74375029e+01  1.13066340e+06  1.77769845e+02
 1.13937495e+06  4.74547682e+01  1.13937495e+06  1.77745105e+02
 1.14815362e+06  4.74723642e+01  1.14815362e+06  1.77720071e+02
 1.15699993e+06  4.74902395e+01  1.15699993e+06  1.77694605e+02
 1.16591440e+06  4.75084425e+01  1.16591440e+06  1.77668748e+02
 1.17489755e+06  4.75269668e+01  1.17489755e+06  1.77642496e+02
 1.18394992e+06  4.75458064e+01  1.18394992e+06  1.77615721e+02
 1.19307204e+06  4.75649940e+01  1.19307204e+06  1.77588538e+02
 1.20226443e+06  4.75844989e+01  1.20226443e+06  1.77560995e+02
 1.21152766e+06  4.76043763e+01  1.21152766e+06  1.77532865e+02
 1.22086225e+06  4.76245851e+01  1.22086225e+06  1.77504237e+02
 1.23026877e+06  4.76451555e+01  1.23026877e+06  1.77475198e+02
 1.23974776e+06  4.76660877e+01  1.23974776e+06  1.77445746e+02
 1.24929979e+06  4.76874165e+01  1.24929979e+06  1.77415630e+02
 1.25892541e+06  4.77091244e+01  1.25892541e+06  1.77385020e+02
 1.26862520e+06  4.77311971e+01  1.26862520e+06  1.77353903e+02
 1.27839972e+06  4.77536695e+01  1.27839972e+06  1.77322094e+02
 1.28824955e+06  4.77765565e+01  1.28824955e+06  1.77289864e+02
 1.29817528e+06  4.77998796e+01  1.29817528e+06  1.77257074e+02
 1.30817747e+06  4.78235802e+01  1.30817747e+06  1.77223640e+02
 1.31825674e+06  4.78477582e+01  1.31825674e+06  1.77189579e+02
 1.32841366e+06  4.78723560e+01  1.32841366e+06  1.77154937e+02
 1.33864884e+06  4.78973887e+01  1.33864884e+06  1.77119632e+02
 1.34896288e+06  4.79228897e+01  1.34896288e+06  1.77083614e+02
 1.35935639e+06  4.79488687e+01  1.35935639e+06  1.77046948e+02
 1.36982998e+06  4.79753023e+01  1.36982998e+06  1.77009548e+02
 1.38038426e+06  4.80022606e+01  1.38038426e+06  1.76971446e+02
 1.39101987e+06  4.80297098e+01  1.39101987e+06  1.76932664e+02
 1.40173742e+06  4.80576528e+01  1.40173742e+06  1.76893107e+02
 1.41253754e+06  4.80861130e+01  1.41253754e+06  1.76852805e+02
 1.42342088e+06  4.81151305e+01  1.42342088e+06  1.76811530e+02
 1.43438808e+06  4.81446374e+01  1.43438808e+06  1.76769565e+02
 1.44543977e+06  4.81747534e+01  1.44543977e+06  1.76726623e+02
 1.45657662e+06  4.82054174e+01  1.45657662e+06  1.76683058e+02
 1.46779927e+06  4.82366661e+01  1.46779927e+06  1.76638220e+02
 1.47910839e+06  4.82684862e+01  1.47910839e+06  1.76592730e+02
 1.49050464e+06  4.83009869e+01  1.49050464e+06  1.76546197e+02
 1.50198870e+06  4.83340544e+01  1.50198870e+06  1.76498637e+02
 1.51356125e+06  4.83677577e+01  1.51356125e+06  1.76450227e+02
 1.52522296e+06  4.84020988e+01  1.52522296e+06  1.76400542e+02
 1.53697452e+06  4.84371451e+01  1.53697452e+06  1.76349932e+02
 1.54881662e+06  4.84728330e+01  1.54881662e+06  1.76298109e+02
 1.56074996e+06  4.85092029e+01  1.56074996e+06  1.76245121e+02
 1.57277525e+06  4.85463392e+01  1.57277525e+06  1.76191140e+02
 1.58489319e+06  4.85842022e+01  1.58489319e+06  1.76135872e+02
 1.59710450e+06  4.86227838e+01  1.59710450e+06  1.76079221e+02
 1.60940989e+06  4.86621602e+01  1.60940989e+06  1.76021239e+02
 1.62181010e+06  4.87022876e+01  1.62181010e+06  1.75962006e+02
 1.63430584e+06  4.87431952e+01  1.63430584e+06  1.75901473e+02
 1.64689787e+06  4.87850097e+01  1.64689787e+06  1.75839104e+02
 1.65958691e+06  4.88276251e+01  1.65958691e+06  1.75775724e+02
 1.67237372e+06  4.88710474e+01  1.67237372e+06  1.75710427e+02
 1.68525904e+06  4.89154230e+01  1.68525904e+06  1.75643815e+02
 1.69824365e+06  4.89606988e+01  1.69824365e+06  1.75575440e+02
 1.71132830e+06  4.90068851e+01  1.71132830e+06  1.75505317e+02
 1.72451377e+06  4.90540383e+01  1.72451377e+06  1.75433516e+02
 1.73780083e+06  4.91021369e+01  1.73780083e+06  1.75359810e+02
 1.75119026e+06  4.91512875e+01  1.75119026e+06  1.75284296e+02
 1.76468286e+06  4.92014260e+01  1.76468286e+06  1.75206553e+02
 1.77827941e+06  4.92526858e+01  1.77827941e+06  1.75126935e+02
 1.79198072e+06  4.93049548e+01  1.79198072e+06  1.75045308e+02
 1.80578760e+06  4.93584334e+01  1.80578760e+06  1.74961230e+02
 1.81970086e+06  4.94129753e+01  1.81970086e+06  1.74874904e+02
 1.83372132e+06  4.94687147e+01  1.83372132e+06  1.74786353e+02
 1.84784980e+06  4.95256290e+01  1.84784980e+06  1.74695081e+02
 1.86208714e+06  4.95838767e+01  1.86208714e+06  1.74601565e+02
 1.87643417e+06  4.96433029e+01  1.87643417e+06  1.74505086e+02
 1.89089175e+06  4.97041277e+01  1.89089175e+06  1.74405785e+02
 1.90546072e+06  4.97662562e+01  1.90546072e+06  1.74303815e+02
 1.92014194e+06  4.98298525e+01  1.92014194e+06  1.74198510e+02
 1.93493628e+06  4.98947824e+01  1.93493628e+06  1.74090149e+02
 1.94984460e+06  4.99612383e+01  1.94984460e+06  1.73978799e+02
 1.96486779e+06  5.00292118e+01  1.96486779e+06  1.73863576e+02
 1.98000673e+06  5.00987056e+01  1.98000673e+06  1.73744969e+02
 1.99526231e+06  5.01698142e+01  1.99526231e+06  1.73622433e+02
 2.01063544e+06  5.02426215e+01  2.01063544e+06  1.73496165e+02
 2.02612701e+06  5.03171401e+01  2.02612701e+06  1.73365773e+02
 2.04173794e+06  5.03934606e+01  2.04173794e+06  1.73230783e+02
 2.05746916e+06  5.04715479e+01  2.05746916e+06  1.73091587e+02
 2.07332157e+06  5.05514697e+01  2.07332157e+06  1.72947565e+02
 2.08929613e+06  5.06332818e+01  2.08929613e+06  1.72798730e+02
 2.10539377e+06  5.07172396e+01  2.10539377e+06  1.72644573e+02
 2.12161544e+06  5.08032344e+01  2.12161544e+06  1.72485141e+02
 2.13796209e+06  5.08913713e+01  2.13796209e+06  1.72319685e+02
 2.15443469e+06  5.09816840e+01  2.15443469e+06  1.72148240e+02
 2.17103421e+06  5.10743541e+01  2.17103421e+06  1.71970434e+02
 2.18776162e+06  5.11693012e+01  2.18776162e+06  1.71785830e+02
 2.20461792e+06  5.12667073e+01  2.20461792e+06  1.71594354e+02
 2.22160409e+06  5.13666428e+01  2.22160409e+06  1.71395406e+02
 2.23872114e+06  5.14692467e+01  2.23872114e+06  1.71188470e+02
 2.25597007e+06  5.15746190e+01  2.25597007e+06  1.70973452e+02
 2.27335190e+06  5.16826961e+01  2.27335190e+06  1.70749411e+02
 2.29086765e+06  5.17937674e+01  2.29086765e+06  1.70516022e+02
 2.30851836e+06  5.19077862e+01  2.30851836e+06  1.70272986e+02
 2.32630507e+06  5.20251033e+01  2.32630507e+06  1.70019361e+02
 2.34422882e+06  5.21455036e+01  2.34422882e+06  1.69754670e+02
 2.36229066e+06  5.22695348e+01  2.36229066e+06  1.69477482e+02
 2.38049167e+06  5.23968446e+01  2.38049167e+06  1.69188673e+02
 2.39883292e+06  5.25280060e+01  2.39883292e+06  1.68885811e+02
 2.41731548e+06  5.26628211e+01  2.41731548e+06  1.68568794e+02
 2.43594045e+06  5.28018075e+01  2.43594045e+06  1.68236163e+02
 2.45470892e+06  5.29447665e+01  2.45470892e+06  1.67887460e+02
 2.47362199e+06  5.30922141e+01  2.47362199e+06  1.67520857e+02
 2.49268079e+06  5.32439893e+01  2.49268079e+06  1.67135844e+02
 2.51188643e+06  5.34006040e+01  2.51188643e+06  1.66729829e+02
 2.53124005e+06  5.35618947e+01  2.53124005e+06  1.66302604e+02
 2.55074278e+06  5.37284679e+01  2.55074278e+06  1.65851709e+02
 2.57039578e+06  5.39002727e+01  2.57039578e+06  1.65375396e+02
 2.59020020e+06  5.40775645e+01  2.59020020e+06  1.64871763e+02
 2.61015722e+06  5.42607130e+01  2.61015722e+06  1.64338112e+02
 2.63026799e+06  5.44499587e+01  2.63026799e+06  1.63772233e+02
 2.65053372e+06  5.46453923e+01  2.65053372e+06  1.63171348e+02
 2.67095559e+06  5.48474549e+01  2.67095559e+06  1.62532404e+02
 2.69153480e+06  5.50562598e+01  2.69153480e+06  1.61851768e+02
 2.71227258e+06  5.52722532e+01  2.71227258e+06  1.61125440e+02
 2.73317014e+06  5.54957241e+01  2.73317014e+06  1.60349248e+02
 2.75422870e+06  5.57268735e+01  2.75422870e+06  1.59518366e+02
 2.77544952e+06  5.59658521e+01  2.77544952e+06  1.58627248e+02
 2.79683385e+06  5.62132213e+01  2.79683385e+06  1.57669654e+02
 2.81838293e+06  5.64692538e+01  2.81838293e+06  1.56638364e+02
 2.84009805e+06  5.67336425e+01  2.84009805e+06  1.55526260e+02
 2.86198048e+06  5.70071502e+01  2.86198048e+06  1.54324140e+02
 2.88403150e+06  5.72895147e+01  2.88403150e+06  1.53022012e+02
 2.90625243e+06  5.75809803e+01  2.90625243e+06  1.51608600e+02
 2.92864456e+06  5.78811118e+01  2.92864456e+06  1.50071677e+02
 2.95120923e+06  5.81897350e+01  2.95120923e+06  1.48396682e+02
 2.97394775e+06  5.85060747e+01  2.97394775e+06  1.46568165e+02
 2.99686146e+06  5.88295677e+01  2.99686146e+06  1.44568147e+02
 3.01995172e+06  5.91583762e+01  3.01995172e+06  1.42378214e+02
 3.04321989e+06  5.94910568e+01  3.04321989e+06  1.39976848e+02
 3.06666733e+06  5.98247041e+01  3.06666733e+06  1.37342937e+02
 3.09029543e+06  6.01557912e+01  3.09029543e+06  1.34454361e+02
 3.11410558e+06  6.04799493e+01  3.11410558e+06  1.31289787e+02
 3.13809919e+06  6.07913503e+01  3.13809919e+06  1.27831055e+02
 3.16227766e+06  6.10833802e+01  3.16227766e+06  1.24064315e+02
 3.18664242e+06  6.13474785e+01  3.18664242e+06  1.19985084e+02
 3.21119491e+06  6.15746223e+01  3.21119491e+06  1.15600111e+02
 3.23593657e+06  6.17552725e+01  3.23593657e+06  1.10931625e+02
 3.26086886e+06  6.18798246e+01  3.26086886e+06  1.06020151e+02
 3.28599325e+06  6.19401030e+01  3.28599325e+06  1.00924245e+02
 3.31131121e+06  6.19302848e+01  3.31131121e+06  9.57185118e+01
 3.33682425e+06  6.18473632e+01  3.33682425e+06  9.04881063e+01
 3.36253386e+06  6.16924262e+01  3.36253386e+06  8.53203616e+01
 3.38844156e+06  6.14691606e+01  3.38844156e+06  8.02970377e+01
 3.41454887e+06  6.11853990e+01  3.41454887e+06  7.54857962e+01
 3.44085734e+06  6.08491907e+01  3.44085734e+06  7.09381980e+01
 3.46736850e+06  6.04711564e+01  3.46736850e+06  6.66862783e+01
 3.49408393e+06  6.00598175e+01  3.49408393e+06  6.27449648e+01
 3.52100520e+06  5.96243768e+01  3.52100520e+06  5.91160999e+01
 3.54813389e+06  5.91727114e+01  3.54813389e+06  5.57905060e+01
 3.57547160e+06  5.87109570e+01  3.57547160e+06  5.27521602e+01
 3.60301995e+06  5.82441952e+01  3.60301995e+06  4.99812981e+01
 3.63078055e+06  5.77765285e+01  3.63078055e+06  4.74560943e+01
 3.65875504e+06  5.73113006e+01  3.65875504e+06  4.51546595e+01
 3.68694506e+06  5.68506082e+01  3.68694506e+06  4.30553626e+01
 3.71535229e+06  5.63958828e+01  3.71535229e+06  4.11387607e+01
 3.74397839e+06  5.59486162e+01  3.74397839e+06  3.93857156e+01
 3.77282505e+06  5.55097866e+01  3.77282505e+06  3.77804979e+01
 3.80189396e+06  5.50792289e+01  3.80189396e+06  3.63060731e+01
 3.83118685e+06  5.46576542e+01  3.83118685e+06  3.49515787e+01
 3.86070543e+06  5.42451553e+01  3.86070543e+06  3.37032244e+01
 3.89045145e+06  5.38414003e+01  3.89045145e+06  3.25507973e+01
 3.92042666e+06  5.34465759e+01  3.92042666e+06  3.14848284e+01
 3.95063281e+06  5.30602522e+01  3.95063281e+06  3.04972763e+01
 3.98107171e+06  5.26824225e+01  3.98107171e+06  2.95801723e+01
 4.01174512e+06  5.23126094e+01  4.01174512e+06  2.87276155e+01
 4.04265487e+06  5.19508857e+01  4.04265487e+06  2.79328173e+01
 4.07380278e+06  5.15966119e+01  4.07380278e+06  2.71918086e+01
 4.10519067e+06  5.12494706e+01  4.10519067e+06  2.64984561e+01
 4.13682040e+06  5.09096036e+01  4.13682040e+06  2.58499555e+01
 4.16869383e+06  5.05763242e+01  4.16869383e+06  2.52422002e+01
 4.20081285e+06  5.02496091e+01  4.20081285e+06  2.46716973e+01
 4.23317933e+06  4.99289794e+01  4.23317933e+06  2.41352615e+01
 4.26579519e+06  4.96141483e+01  4.26579519e+06  2.36297011e+01
 4.29866235e+06  4.93052279e+01  4.29866235e+06  2.31546218e+01
 4.33178274e+06  4.90014004e+01  4.33178274e+06  2.27058795e+01
 4.36515832e+06  4.87030099e+01  4.36515832e+06  2.22824531e+01
 4.39879106e+06  4.84092500e+01  4.39879106e+06  2.18817145e+01
 4.43268292e+06  4.81209516e+01  4.43268292e+06  2.15038284e+01
 4.46683592e+06  4.78366096e+01  4.46683592e+06  2.11459606e+01
 4.50125206e+06  4.75572128e+01  4.50125206e+06  2.08067591e+01
 4.53593337e+06  4.72817622e+01  4.53593337e+06  2.04835284e+01
 4.57088190e+06  4.70099622e+01  4.57088190e+06  2.01785886e+01
 4.60609969e+06  4.67425777e+01  4.60609969e+06  1.98882846e+01
 4.64158883e+06  4.64787930e+01  4.64158883e+06  1.96120139e+01
 4.67735141e+06  4.62189511e+01  4.67735141e+06  1.93508504e+01
 4.71338954e+06  4.59620376e+01  4.71338954e+06  1.91002741e+01
 4.74970533e+06  4.57086644e+01  4.74970533e+06  1.88636919e+01
 4.78630092e+06  4.54582507e+01  4.78630092e+06  1.86367470e+01
 4.82317848e+06  4.52112509e+01  4.82317848e+06  1.84223128e+01
 4.86034018e+06  4.49670657e+01  4.86034018e+06  1.82171511e+01
 4.89778819e+06  4.47262052e+01  4.89778819e+06  1.80215248e+01
 4.93552474e+06  4.44877698e+01  4.93552474e+06  1.78355655e+01
 4.97355204e+06  4.42519337e+01  4.97355204e+06  1.76577594e+01
 5.01187234e+06  4.40183583e+01  5.01187234e+06  1.74873593e+01
 5.05048788e+06  4.37876967e+01  5.05048788e+06  1.73269945e+01
 5.08940095e+06  4.35594222e+01  5.08940095e+06  1.71729040e+01
 5.12861384e+06  4.33330388e+01  5.12861384e+06  1.70261009e+01
 5.16812886e+06  4.31095674e+01  5.16812886e+06  1.68840661e+01
 5.20794833e+06  4.28877851e+01  5.20794833e+06  1.67489546e+01
 5.24807460e+06  4.26681848e+01  5.24807460e+06  1.66231154e+01
 5.28851004e+06  4.24503938e+01  5.28851004e+06  1.65021535e+01
 5.32925703e+06  4.22351214e+01  5.32925703e+06  1.63834468e+01
 5.37031796e+06  4.20214810e+01  5.37031796e+06  1.62712424e+01
 5.41169527e+06  4.18095691e+01  5.41169527e+06  1.61674604e+01
 5.45339137e+06  4.15993271e+01  5.45339137e+06  1.60666417e+01
 5.49540874e+06  4.13912397e+01  5.49540874e+06  1.59705479e+01
 5.53774984e+06  4.11842003e+01  5.53774984e+06  1.58776867e+01
 5.58041717e+06  4.09791157e+01  5.58041717e+06  1.57925436e+01
 5.62341325e+06  4.07758345e+01  5.62341325e+06  1.57095495e+01
 5.66674061e+06  4.05738706e+01  5.66674061e+06  1.56288448e+01
 5.71040179e+06  4.03733317e+01  5.71040179e+06  1.55550946e+01
 5.75439937e+06  4.01741276e+01  5.75439937e+06  1.54838713e+01
 5.79873595e+06  3.99763874e+01  5.79873595e+06  1.54157485e+01
 5.84341413e+06  3.97802177e+01  5.84341413e+06  1.53538966e+01
 5.88843655e+06  3.95851914e+01  5.88843655e+06  1.52925911e+01
 5.93380586e+06  3.93911428e+01  5.93380586e+06  1.52350726e+01
 5.97952473e+06  3.91985510e+01  5.97952473e+06  1.51822597e+01
 6.02559586e+06  3.90074868e+01  6.02559586e+06  1.51317184e+01
 6.07202196e+06  3.88174098e+01  6.07202196e+06  1.50839796e+01
 6.11880576e+06  3.86282303e+01  6.11880576e+06  1.50393680e+01
 6.16595002e+06  3.84402340e+01  6.16595002e+06  1.49978805e+01
 6.21345752e+06  3.82533541e+01  6.21345752e+06  1.49578088e+01
 6.26133105e+06  3.80678197e+01  6.26133105e+06  1.49204981e+01
 6.30957344e+06  3.78828338e+01  6.30957344e+06  1.48863514e+01
 6.35818754e+06  3.76990416e+01  6.35818754e+06  1.48570605e+01
 6.40717619e+06  3.75166774e+01  6.40717619e+06  1.48276980e+01
 6.45654229e+06  3.73346917e+01  6.45654229e+06  1.48007364e+01
 6.50628875e+06  3.71529926e+01  6.50628875e+06  1.47778667e+01
 6.55641849e+06  3.69734207e+01  6.55641849e+06  1.47539685e+01
 6.60693448e+06  3.67939856e+01  6.60693448e+06  1.47370747e+01
 6.65783968e+06  3.66160758e+01  6.65783968e+06  1.47184923e+01
 6.70913710e+06  3.64377343e+01  6.70913710e+06  1.47030196e+01
 6.76082975e+06  3.62608050e+01  6.76082975e+06  1.46888860e+01
 6.81292069e+06  3.60853425e+01  6.81292069e+06  1.46797007e+01
 6.86541298e+06  3.59096652e+01  6.86541298e+06  1.46716944e+01
 6.91830971e+06  3.57355975e+01  6.91830971e+06  1.46628256e+01
 6.97161400e+06  3.55623398e+01  6.97161400e+06  1.46586446e+01
 7.02532899e+06  3.53889512e+01  7.02532899e+06  1.46537360e+01
 7.07945784e+06  3.52164316e+01  7.07945784e+06  1.46557590e+01
 7.13400375e+06  3.50450610e+01  7.13400375e+06  1.46536704e+01
 7.18896992e+06  3.48732575e+01  7.18896992e+06  1.46588264e+01
 7.24435960e+06  3.47034472e+01  7.24435960e+06  1.46596063e+01
 7.30017605e+06  3.45333413e+01  7.30017605e+06  1.46661274e+01
 7.35642254e+06  3.43640544e+01  7.35642254e+06  1.46720353e+01
 7.41310241e+06  3.41953905e+01  7.41310241e+06  1.46840792e+01
 7.47021899e+06  3.40273364e+01  7.47021899e+06  1.46939085e+01
 7.52777564e+06  3.38601191e+01  7.52777564e+06  1.47045790e+01
 7.58577575e+06  3.36926215e+01  7.58577575e+06  1.47177767e+01
 7.64422274e+06  3.35268917e+01  7.64422274e+06  1.47352303e+01
 7.70312006e+06  3.33603275e+01  7.70312006e+06  1.47511566e+01
 7.76247117e+06  3.31952164e+01  7.76247117e+06  1.47720271e+01
 7.82227956e+06  3.30300370e+01  7.82227956e+06  1.47929759e+01
 7.88254877e+06  3.28653500e+01  7.88254877e+06  1.48167700e+01
 7.94328235e+06  3.27011989e+01  7.94328235e+06  1.48380585e+01
 8.00448386e+06  3.25374583e+01  8.00448386e+06  1.48660692e+01
 8.06615692e+06  3.23751365e+01  8.06615692e+06  1.48900508e+01
 8.12830516e+06  3.22121158e+01  8.12830516e+06  1.49162890e+01
 8.19093224e+06  3.20492946e+01  8.19093224e+06  1.49465316e+01
 8.25404185e+06  3.18874396e+01  8.25404185e+06  1.49814597e+01
 8.31763771e+06  3.17272805e+01  8.31763771e+06  1.50100880e+01
 8.38172356e+06  3.15647511e+01  8.38172356e+06  1.50436724e+01
 8.44630319e+06  3.14053409e+01  8.44630319e+06  1.50781213e+01
 8.51138038e+06  3.12441939e+01  8.51138038e+06  1.51184525e+01
 8.57695899e+06  3.10847813e+01  8.57695899e+06  1.51518463e+01
 8.64304286e+06  3.09253861e+01  8.64304286e+06  1.51928997e+01
 8.70963590e+06  3.07653557e+01  8.70963590e+06  1.52335217e+01
 8.77674203e+06  3.06064385e+01  8.77674203e+06  1.52738736e+01
 8.84436519e+06  3.04473110e+01  8.84436519e+06  1.53189049e+01
 8.91250938e+06  3.02892021e+01  8.91250938e+06  1.53633267e+01
 8.98117861e+06  3.01323646e+01  8.98117861e+06  1.54054904e+01
 9.05037692e+06  2.99732296e+01  9.05037692e+06  1.54589256e+01
 9.12010839e+06  2.98163092e+01  9.12010839e+06  1.55058494e+01
 9.19037713e+06  2.96584436e+01  9.19037713e+06  1.55552773e+01
 9.26118728e+06  2.95028992e+01  9.26118728e+06  1.56056941e+01
 9.33254301e+06  2.93456650e+01  9.33254301e+06  1.56558561e+01
 9.40444852e+06  2.91879799e+01  9.40444852e+06  1.57207308e+01
 9.47690805e+06  2.90331489e+01  9.47690805e+06  1.57672999e+01
 9.54992586e+06  2.88757534e+01  9.54992586e+06  1.58338977e+01
 9.62350626e+06  2.87212009e+01  9.62350626e+06  1.58833253e+01
 9.69765359e+06  2.85643524e+01  9.69765359e+06  1.59481362e+01
 9.77237221e+06  2.84091580e+01  9.77237221e+06  1.60098977e+01
 9.84766652e+06  2.82564698e+01  9.84766652e+06  1.60635999e+01
 9.92354096e+06  2.81001593e+01  9.92354096e+06  1.61347287e+01
 1.00000000e+07  2.79468590e+01  1.00000000e+07  1.61948488e+01
 1.00770481e+07  2.77910940e+01  1.00770481e+07  1.62610961e+01
 1.01546899e+07  2.76369824e+01  1.01546899e+07  1.63278641e+01
 1.02329299e+07  2.74826387e+01  1.02329299e+07  1.64000054e+01
 1.03117727e+07  2.73284439e+01  1.03117727e+07  1.64695971e+01
 1.03912230e+07  2.71754667e+01  1.03912230e+07  1.65430262e+01
 1.04712855e+07  2.70221100e+01  1.04712855e+07  1.66159986e+01
 1.05519648e+07  2.68687649e+01  1.05519648e+07  1.66905458e+01
 1.06332657e+07  2.67159359e+01  1.06332657e+07  1.67685293e+01
 1.07151931e+07  2.65609747e+01  1.07151931e+07  1.68429624e+01
 1.07977516e+07  2.64101047e+01  1.07977516e+07  1.69177472e+01
 1.08809463e+07  2.62561941e+01  1.08809463e+07  1.69973773e+01
 1.09647820e+07  2.61031228e+01  1.09647820e+07  1.70856815e+01
 1.10492636e+07  2.59508942e+01  1.10492636e+07  1.71639987e+01
 1.11343961e+07  2.57980260e+01  1.11343961e+07  1.72498134e+01
 1.12201845e+07  2.56447430e+01  1.12201845e+07  1.73355570e+01
 1.13066340e+07  2.54930463e+01  1.13066340e+07  1.74251955e+01
 1.13937495e+07  2.53400212e+01  1.13937495e+07  1.75147922e+01
 1.14815362e+07  2.51870291e+01  1.14815362e+07  1.76053047e+01
 1.15699993e+07  2.50365670e+01  1.15699993e+07  1.76923997e+01
 1.16591440e+07  2.48831630e+01  1.16591440e+07  1.77913701e+01
 1.17489755e+07  2.47306818e+01  1.17489755e+07  1.78891341e+01
 1.18394992e+07  2.45803045e+01  1.18394992e+07  1.79699622e+01
 1.19307204e+07  2.44280586e+01  1.19307204e+07  1.80810008e+01
 1.20226443e+07  2.42762196e+01  1.20226443e+07  1.81815367e+01
 1.21152766e+07  2.41246384e+01  1.21152766e+07  1.82695195e+01
 1.22086225e+07  2.39738148e+01  1.22086225e+07  1.83781212e+01
 1.23026877e+07  2.38212741e+01  1.23026877e+07  1.84884093e+01
 1.23974776e+07  2.36688786e+01  1.23974776e+07  1.85953486e+01
 1.24929979e+07  2.35180895e+01  1.24929979e+07  1.87041625e+01
 1.25892541e+07  2.33653720e+01  1.25892541e+07  1.88162907e+01
 1.26862520e+07  2.32142863e+01  1.26862520e+07  1.89246518e+01
 1.27839972e+07  2.30613576e+01  1.27839972e+07  1.90361981e+01
 1.28824955e+07  2.29110719e+01  1.28824955e+07  1.91445831e+01
 1.29817528e+07  2.27600233e+01  1.29817528e+07  1.92590638e+01
 1.30817747e+07  2.26080160e+01  1.30817747e+07  1.93771646e+01
 1.31825674e+07  2.24544190e+01  1.31825674e+07  1.95077153e+01
 1.32841366e+07  2.23038886e+01  1.32841366e+07  1.96216131e+01
 1.33864884e+07  2.21541741e+01  1.33864884e+07  1.97463359e+01
 1.34896288e+07  2.20006603e+01  1.34896288e+07  1.98767709e+01
 1.35935639e+07  2.18517104e+01  1.35935639e+07  1.99939952e+01
 1.36982998e+07  2.16972183e+01  1.36982998e+07  2.01334821e+01
 1.38038426e+07  2.15458885e+01  1.38038426e+07  2.02554721e+01
 1.39101987e+07  2.13941808e+01  1.39101987e+07  2.03950079e+01
 1.40173742e+07  2.12427454e+01  1.40173742e+07  2.05275873e+01
 1.41253754e+07  2.10905669e+01  1.41253754e+07  2.06665880e+01
 1.42342088e+07  2.09376317e+01  1.42342088e+07  2.08013757e+01
 1.43438808e+07  2.07862752e+01  1.43438808e+07  2.09427486e+01
 1.44543977e+07  2.06338439e+01  1.44543977e+07  2.10901032e+01
 1.45657662e+07  2.04812700e+01  1.45657662e+07  2.12343547e+01
 1.46779927e+07  2.03296463e+01  1.46779927e+07  2.13782748e+01
 1.47910839e+07  2.01768168e+01  1.47910839e+07  2.15226407e+01
 1.49050464e+07  2.00262937e+01  1.49050464e+07  2.16774447e+01
 1.50198870e+07  1.98702796e+01  1.50198870e+07  2.18391170e+01
 1.51356125e+07  1.97227066e+01  1.51356125e+07  2.19692225e+01
 1.52522296e+07  1.95676266e+01  1.52522296e+07  2.21356264e+01
 1.53697452e+07  1.94145618e+01  1.53697452e+07  2.23043618e+01
 1.54881662e+07  1.92615942e+01  1.54881662e+07  2.24700268e+01
 1.56074996e+07  1.91090153e+01  1.56074996e+07  2.26325331e+01
 1.57277525e+07  1.89545159e+01  1.57277525e+07  2.28037726e+01
 1.58489319e+07  1.87999213e+01  1.58489319e+07  2.29726935e+01
 1.59710450e+07  1.86499511e+01  1.59710450e+07  2.31429971e+01
 1.60940989e+07  1.84930737e+01  1.60940989e+07  2.33247458e+01
 1.62181010e+07  1.83417053e+01  1.62181010e+07  2.35054342e+01
 1.63430584e+07  1.81861507e+01  1.63430584e+07  2.36822449e+01
 1.64689787e+07  1.80352461e+01  1.64689787e+07  2.38495348e+01
 1.65958691e+07  1.78806518e+01  1.65958691e+07  2.40405165e+01
 1.67237372e+07  1.77250088e+01  1.67237372e+07  2.42451099e+01
 1.68525904e+07  1.75707322e+01  1.68525904e+07  2.44353404e+01
 1.69824365e+07  1.74169295e+01  1.69824365e+07  2.46217765e+01
 1.71132830e+07  1.72643374e+01  1.71132830e+07  2.48167023e+01
 1.72451377e+07  1.71062424e+01  1.72451377e+07  2.50251088e+01
 1.73780083e+07  1.69524992e+01  1.73780083e+07  2.52316452e+01
 1.75119026e+07  1.67976190e+01  1.75119026e+07  2.54312825e+01
 1.76468286e+07  1.66401363e+01  1.76468286e+07  2.56418797e+01
 1.77827941e+07  1.64857206e+01  1.77827941e+07  2.58439712e+01
 1.79198072e+07  1.63302503e+01  1.79198072e+07  2.60614142e+01
 1.80578760e+07  1.61764601e+01  1.80578760e+07  2.62640922e+01
 1.81970086e+07  1.60203385e+01  1.81970086e+07  2.64676515e+01
 1.83372132e+07  1.58645244e+01  1.83372132e+07  2.67268471e+01
 1.84784980e+07  1.57053752e+01  1.84784980e+07  2.69728109e+01
 1.86208714e+07  1.55507248e+01  1.86208714e+07  2.71816935e+01
 1.87643417e+07  1.53940489e+01  1.87643417e+07  2.74043014e+01
 1.89089175e+07  1.52315110e+01  1.89089175e+07  2.76975920e+01
 1.90546072e+07  1.50718013e+01  1.90546072e+07  2.79372520e+01
 1.92014194e+07  1.49188061e+01  1.92014194e+07  2.81762124e+01
 1.93493628e+07  1.47609591e+01  1.93493628e+07  2.84156289e+01
 1.94984460e+07  1.46014757e+01  1.94984460e+07  2.86702669e+01
 1.96486779e+07  1.44423705e+01  1.96486779e+07  2.89550749e+01
 1.98000673e+07  1.42837744e+01  1.98000673e+07  2.92147782e+01
 1.99526231e+07  1.41229675e+01  1.99526231e+07  2.94908980e+01
 2.01063544e+07  1.39667506e+01  2.01063544e+07  2.97326605e+01
 2.02612701e+07  1.38055486e+01  2.02612701e+07  3.00360222e+01
 2.04173794e+07  1.36456197e+01  2.04173794e+07  3.03144788e+01
 2.05746916e+07  1.34864508e+01  2.05746916e+07  3.06136690e+01
 2.07332157e+07  1.33279203e+01  2.07332157e+07  3.08905095e+01
 2.08929613e+07  1.31677595e+01  2.08929613e+07  3.11820035e+01
 2.10539377e+07  1.30049840e+01  2.10539377e+07  3.15177432e+01
 2.12161544e+07  1.28376183e+01  2.12161544e+07  3.18342038e+01
 2.13796209e+07  1.26830858e+01  2.13796209e+07  3.21175058e+01
 2.15443469e+07  1.25213605e+01  2.15443469e+07  3.24359830e+01
 2.17103421e+07  1.23610310e+01  2.17103421e+07  3.27702330e+01
 2.18776162e+07  1.21958758e+01  2.18776162e+07  3.30843882e+01
 2.20461792e+07  1.20288087e+01  2.20461792e+07  3.34480721e+01
 2.22160409e+07  1.18702687e+01  2.22160409e+07  3.37802261e+01
 2.23872114e+07  1.17060041e+01  2.23872114e+07  3.40803300e+01
 2.25597007e+07  1.15446273e+01  2.25597007e+07  3.44948419e+01
 2.27335190e+07  1.13824645e+01  2.27335190e+07  3.48423512e+01
 2.29086765e+07  1.12130729e+01  2.29086765e+07  3.51820076e+01
 2.30851836e+07  1.10516119e+01  2.30851836e+07  3.56290456e+01
 2.32630507e+07  1.08873731e+01  2.32630507e+07  3.59553055e+01
 2.34422882e+07  1.07300321e+01  2.34422882e+07  3.63134680e+01
 2.36229066e+07  1.05505246e+01  2.36229066e+07  3.67674882e+01
 2.38049167e+07  1.03929941e+01  2.38049167e+07  3.70884877e+01
 2.39883292e+07  1.02247845e+01  2.39883292e+07  3.76229350e+01
 2.41731548e+07  1.00647032e+01  2.41731548e+07  3.79791371e+01
 2.43594045e+07  9.88732597e+00  2.43594045e+07  3.83488089e+01
 2.45470892e+07  9.72913853e+00  2.45470892e+07  3.88705109e+01
 2.47362199e+07  9.56149847e+00  2.47362199e+07  3.92896394e+01
 2.49268079e+07  9.39428444e+00  2.49268079e+07  3.97019700e+01
 2.51188643e+07  9.22301946e+00  2.51188643e+07  4.02095676e+01
 2.53124005e+07  9.05771094e+00  2.53124005e+07  4.06822971e+01
 2.55074278e+07  8.89054748e+00  2.55074278e+07  4.11001547e+01
 2.57039578e+07  8.72392579e+00  2.57039578e+07  4.16463472e+01
 2.59020020e+07  8.55235968e+00  2.59020020e+07  4.21217959e+01
 2.61015722e+07  8.38563703e+00  2.61015722e+07  4.26777097e+01
 2.63026799e+07  8.21458859e+00  2.63026799e+07  4.32439455e+01
 2.65053372e+07  8.04467434e+00  2.65053372e+07  4.36801683e+01
 2.67095559e+07  7.87413924e+00  2.67095559e+07  4.42821519e+01
 2.69153480e+07  7.70403097e+00  2.69153480e+07  4.47889310e+01
 2.71227258e+07  7.54114775e+00  2.71227258e+07  4.53608086e+01
 2.73317014e+07  7.36273489e+00  2.73317014e+07  4.59165980e+01
 2.75422870e+07  7.21335879e+00  2.75422870e+07  4.64350581e+01
 2.77544952e+07  7.02833103e+00  2.77544952e+07  4.70952401e+01
 2.79683385e+07  6.85870754e+00  2.79683385e+07  4.75563562e+01
 2.81838293e+07  6.69110815e+00  2.81838293e+07  4.83757063e+01
 2.84009805e+07  6.52720916e+00  2.84009805e+07  4.90106744e+01
 2.86198048e+07  6.35896791e+00  2.86198048e+07  4.95025027e+01
 2.88403150e+07  6.18109617e+00  2.88403150e+07  5.02667751e+01
 2.90625243e+07  6.02302501e+00  2.90625243e+07  5.10209385e+01
 2.92864456e+07  5.83933203e+00  2.92864456e+07  5.16454997e+01
 2.95120923e+07  5.70542714e+00  2.95120923e+07  5.21873116e+01
 2.97394775e+07  5.50612045e+00  2.97394775e+07  5.31654067e+01
 2.99686146e+07  5.34962250e+00  2.99686146e+07  5.37461422e+01
 3.01995172e+07  5.17761588e+00  3.01995172e+07  5.43679279e+01
 3.04321989e+07  5.01641184e+00  3.04321989e+07  5.52727029e+01
 3.06666733e+07  4.84420283e+00  3.06666733e+07  5.61069394e+01
 3.09029543e+07  4.67692878e+00  3.09029543e+07  5.65152739e+01
 3.11410558e+07  4.52472574e+00  3.11410558e+07  5.78601688e+01
 3.13809919e+07  4.37431503e+00  3.13809919e+07  5.82779915e+01
 3.16227766e+07  4.18896193e+00  3.16227766e+07  5.90810895e+01
 3.18664242e+07  3.98355431e+00  3.18664242e+07  6.03445491e+01
 3.21119491e+07  3.88576636e+00  3.21119491e+07  6.11597507e+01
 3.23593657e+07  3.73516688e+00  3.23593657e+07  6.18384133e+01
 3.26086886e+07  3.57609988e+00  3.26086886e+07  6.27693672e+01
 3.28599325e+07  3.32829781e+00  3.28599325e+07  6.41080540e+01
 3.31131121e+07  3.27789234e+00  3.31131121e+07  6.48504770e+01
 3.33682425e+07  3.11460467e+00  3.33682425e+07  6.57478248e+01
 3.36253386e+07  2.92470196e+00  3.36253386e+07  6.68117967e+01
 3.38844156e+07  2.73640234e+00  3.38844156e+07  6.78139114e+01
 3.41454887e+07  2.66110379e+00  3.41454887e+07  6.88069145e+01
 3.44085734e+07  2.47963726e+00  3.44085734e+07  6.94051984e+01
 3.46736850e+07  2.32917563e+00  3.46736850e+07  7.08382946e+01
 3.49408393e+07  2.12595952e+00  3.49408393e+07  7.19628219e+01
 3.52100520e+07  2.03132859e+00  3.52100520e+07  7.32507553e+01
 3.54813389e+07  1.85582360e+00  3.54813389e+07  7.42663574e+01
 3.57547160e+07  1.84391176e+00  3.57547160e+07  7.47591497e+01
 3.60301995e+07  1.64209991e+00  3.60301995e+07  7.64178461e+01
 3.63078055e+07  1.54468929e+00  3.63078055e+07  7.78068290e+01
 3.65875504e+07  1.45076822e+00  3.65875504e+07  7.88299307e+01
 3.68694506e+07  1.27542419e+00  3.68694506e+07  7.99234575e+01
 3.71535229e+07  1.22071179e+00  3.71535229e+07  8.09848538e+01
 3.74397839e+07  9.98381951e-01  3.74397839e+07  8.20992472e+01
 3.77282505e+07  8.93638601e-01  3.77282505e+07  8.38782688e+01
 3.80189396e+07  7.82913385e-01  3.80189396e+07  8.47626229e+01
 3.83118685e+07  6.06675828e-01  3.83118685e+07  8.59571351e+01
 3.86070543e+07  5.63801315e-01  3.86070543e+07  8.71296187e+01
 3.89045145e+07  4.86302754e-01  3.89045145e+07  8.85393797e+01
 3.92042666e+07  3.54289441e-01  3.92042666e+07  8.95082454e+01
 3.95063281e+07  3.04835343e-01  3.95063281e+07  9.07981490e+01
 3.98107171e+07  2.05271162e-01  3.98107171e+07  9.19545754e+01
 4.01174512e+07  1.15293309e-01  4.01174512e+07  9.39229209e+01
 4.04265487e+07  3.59088731e-02  4.04265487e+07  9.49804336e+01
 4.07380278e+07  8.18068971e-02  4.07380278e+07  9.64536543e+01
 4.10519067e+07  -5.21019159e-02  4.10519067e+07  9.75041199e+01
 4.13682040e+07  -1.19035693e-01  4.13682040e+07  9.94420895e+01
 4.16869383e+07  -6.26580497e-02  4.16869383e+07  1.01072811e+02
 4.20081285e+07  -2.20417937e-01  4.20081285e+07  1.00882565e+02
 4.23317933e+07  -2.54261867e-01  4.23317933e+07  1.02942626e+02
 4.26579519e+07  -3.34884646e-01  4.26579519e+07  1.04217849e+02
 4.29866235e+07  -3.57068451e-01  4.29866235e+07  1.06161221e+02
 4.33178274e+07  -5.00385166e-01  4.33178274e+07  1.07591321e+02
 4.36515832e+07  -4.90273264e-01  4.36515832e+07  1.08231374e+02
 4.39879106e+07  -4.59259391e-01  4.39879106e+07  1.09482818e+02
 4.43268292e+07  -5.18668011e-01  4.43268292e+07  1.10347412e+02
 4.46683592e+07  -5.18269739e-01  4.46683592e+07  1.11474335e+02
 4.50125206e+07  -6.41912746e-01  4.50125206e+07  1.14126137e+02
 4.53593337e+07  -7.25135882e-01  4.53593337e+07  1.14458193e+02
 4.57088190e+07  -5.41556072e-01  4.57088190e+07  1.15824255e+02
 4.60609969e+07  -5.99593155e-01  4.60609969e+07  1.17675370e+02
 4.64158883e+07  -6.73289727e-01  4.64158883e+07  1.19185647e+02
 4.67735141e+07  -7.41173103e-01  4.67735141e+07  1.20267197e+02
 4.71338954e+07  -6.75506167e-01  4.71338954e+07  1.21875033e+02
 4.74970533e+07  -5.34623709e-01  4.74970533e+07  1.20657905e+02
 4.78630092e+07  -7.78192909e-01  4.78630092e+07  1.24069595e+02
 4.82317848e+07  -7.00036975e-01  4.82317848e+07  1.24763399e+02
 4.86034018e+07  -6.09174563e-01  4.86034018e+07  1.26040226e+02
 4.89778819e+07  -5.60844946e-01  4.89778819e+07  1.25200103e+02
 4.93552474e+07  -6.01875483e-01  4.93552474e+07  1.26677210e+02
 4.97355204e+07  -5.91203891e-01  4.97355204e+07  1.29288752e+02
 5.01187234e+07  -5.35794701e-01  5.01187234e+07  1.29278773e+02
 5.05048788e+07  -4.87460890e-01  5.05048788e+07  1.30106761e+02
 5.08940095e+07  -3.90153538e-01  5.08940095e+07  1.32061205e+02
 5.12861384e+07  -5.28710184e-01  5.12861384e+07  1.34262117e+02
 5.16812886e+07  -4.52349593e-01  5.16812886e+07  1.33679752e+02
 5.20794833e+07  -4.07574197e-01  5.20794833e+07  1.34551204e+02
 5.24807460e+07  -4.03069995e-01  5.24807460e+07  1.34885421e+02
 5.28851004e+07  -2.40993119e-01  5.28851004e+07  1.36115297e+02
 5.32925703e+07  -3.39166578e-01  5.32925703e+07  1.36913826e+02
 5.37031796e+07  -4.00891015e-01  5.37031796e+07  1.37363057e+02
 5.41169527e+07  -2.12390486e-01  5.41169527e+07  1.38374253e+02
 5.45339137e+07  -2.16127795e-01  5.45339137e+07  1.40204311e+02
 5.49540874e+07  -1.43608376e-01  5.49540874e+07  1.40673562e+02
 5.53774984e+07  -8.55253594e-02  5.53774984e+07  1.41747211e+02
 5.58041717e+07  -1.03307831e-01  5.58041717e+07  1.42770652e+02
 5.62341325e+07  -7.67165883e-02  5.62341325e+07  1.42197739e+02
 5.66674061e+07  6.75514010e-02  5.66674061e+07  1.44250234e+02
 5.71040179e+07  -5.75832639e-02  5.71040179e+07  1.45108478e+02
 5.75439937e+07  2.57936088e-02  5.75439937e+07  1.45551012e+02
 5.79873595e+07  1.43342606e-01  5.79873595e+07  1.46655642e+02
 5.84341413e+07  1.03165992e-01  5.84341413e+07  1.47260284e+02
 5.88843655e+07  9.69436070e-02  5.88843655e+07  1.46415478e+02
 5.93380586e+07  1.74072196e-01  5.93380586e+07  1.48544050e+02
 5.97952473e+07  3.88922274e-01  5.97952473e+07  1.48877712e+02
 6.02559586e+07  3.51956400e-01  6.02559586e+07  1.49672604e+02
 6.07202196e+07  5.29750772e-01  6.07202196e+07  1.49765424e+02
 6.11880576e+07  2.67190045e-01  6.11880576e+07  1.50885169e+02
 6.16595002e+07  4.55756748e-01  6.16595002e+07  1.51962608e+02
 6.21345752e+07  5.05966456e-01  6.21345752e+07  1.52529187e+02
 6.26133105e+07  5.32418734e-01  6.26133105e+07  1.52617577e+02
 6.30957344e+07  5.16167234e-01  6.30957344e+07  1.53277576e+02
 6.35818754e+07  6.29608279e-01  6.35818754e+07  1.54289019e+02
 6.40717619e+07  7.16110168e-01  6.40717619e+07  1.54265325e+02
 6.45654229e+07  7.50016285e-01  6.45654229e+07  1.54712549e+02
 6.50628875e+07  7.62893819e-01  6.50628875e+07  1.55889847e+02
 6.55641849e+07  9.11228544e-01  6.55641849e+07  1.56009975e+02
 6.60693448e+07  9.19170277e-01  6.60693448e+07  1.57008112e+02
 6.65783968e+07  1.06998526e+00  6.65783968e+07  1.57006116e+02
 6.70913710e+07  9.41250538e-01  6.70913710e+07  1.57775481e+02
 6.76082975e+07  1.03471140e+00  6.76082975e+07  1.58080632e+02
 6.81292069e+07  1.03109409e+00  6.81292069e+07  1.58743955e+02
 6.86541298e+07  1.05774698e+00  6.86541298e+07  1.59398618e+02
 6.91830971e+07  1.12586694e+00  6.91830971e+07  1.59930662e+02
 6.97161400e+07  1.09151912e+00  6.97161400e+07  1.60039744e+02
 7.02532899e+07  1.18145739e+00  7.02532899e+07  1.61080245e+02
 7.07945784e+07  1.24517674e+00  7.07945784e+07  1.61474508e+02
 7.13400375e+07  1.15861895e+00  7.13400375e+07  1.61569507e+02
 7.18896992e+07  1.38451113e+00  7.18896992e+07  1.62006461e+02
 7.24435960e+07  1.36003666e+00  7.24435960e+07  1.62550609e+02
 7.30017605e+07  1.27369484e+00  7.30017605e+07  1.63117664e+02
 7.35642254e+07  1.36740407e+00  7.35642254e+07  1.63894011e+02
 7.41310241e+07  1.49490842e+00  7.41310241e+07  1.63899467e+02
 7.47021899e+07  1.49262475e+00  7.47021899e+07  1.64536324e+02
 7.52777564e+07  1.44090217e+00  7.52777564e+07  1.65034517e+02
 7.58577575e+07  1.48031024e+00  7.58577575e+07  1.65290511e+02
 7.64422274e+07  1.52599124e+00  7.64422274e+07  1.65714395e+02
 7.70312006e+07  1.58576250e+00  7.70312006e+07  1.66323491e+02
 7.76247117e+07  1.62548579e+00  7.76247117e+07  1.66773334e+02
 7.82227956e+07  1.67120624e+00  7.82227956e+07  1.66991196e+02
 7.88254877e+07  1.77861305e+00  7.88254877e+07  1.67534667e+02
 7.94328235e+07  1.75046052e+00  7.94328235e+07  1.67516216e+02
 8.00448386e+07  1.82614950e+00  8.00448386e+07  1.67957954e+02
 8.06615692e+07  1.80968028e+00  8.06615692e+07  1.68409085e+02
 8.12830516e+07  1.93294620e+00  8.12830516e+07  1.68705747e+02
 8.19093224e+07  1.85108412e+00  8.19093224e+07  1.69441536e+02
 8.25404185e+07  2.04739939e+00  8.25404185e+07  1.68988309e+02
 8.31763771e+07  1.99660144e+00  8.31763771e+07  1.69869442e+02
 8.38172356e+07  2.10016495e+00  8.38172356e+07  1.69897874e+02
 8.44630319e+07  2.05609913e+00  8.44630319e+07  1.70249154e+02
 8.51138038e+07  2.04045841e+00  8.51138038e+07  1.70813439e+02
 8.57695899e+07  2.23753258e+00  8.57695899e+07  1.70873231e+02
 8.64304286e+07  2.20107182e+00  8.64304286e+07  1.71672709e+02
 8.70963590e+07  2.07980040e+00  8.70963590e+07  1.72164894e+02
 8.77674203e+07  2.35863141e+00  8.77674203e+07  1.71988445e+02
 8.84436519e+07  2.16881538e+00  8.84436519e+07  1.72610237e+02
 8.91250938e+07  2.33088185e+00  8.91250938e+07  1.72947864e+02
 8.98117861e+07  2.44228676e+00  8.98117861e+07  1.73125841e+02
 9.05037692e+07  2.55370301e+00  9.05037692e+07  1.73228744e+02
 9.12010839e+07  2.29403170e+00  9.12010839e+07  1.73772890e+02
 9.19037713e+07  2.55768060e+00  9.19037713e+07  1.74357649e+02
 9.26118728e+07  2.69716392e+00  9.26118728e+07  1.74464344e+02
 9.33254301e+07  2.66793370e+00  9.33254301e+07  1.74574641e+02
 9.40444852e+07  2.62609912e+00  9.40444852e+07  1.75060047e+02
 9.47690805e+07  2.73937614e+00  9.47690805e+07  1.75030894e+02
 9.54992586e+07  2.70620328e+00  9.54992586e+07  1.75424106e+02
 9.62350626e+07  2.72254156e+00  9.62350626e+07  1.75856711e+02
 9.69765359e+07  2.68524939e+00  9.69765359e+07  1.76245067e+02
 9.77237221e+07  2.73409502e+00  9.77237221e+07  1.76497473e+02
 9.84766652e+07  2.79885449e+00  9.84766652e+07  1.76510565e+02
 9.92354096e+07  2.81684232e+00  9.92354096e+07  1.76841594e+02
 1.00000000e+08  2.87307921e+00  1.00000000e+08  1.76972585e+02
 1.00770481e+08  2.81544968e+00  1.00770481e+08  1.77490751e+02
 1.01546899e+08  2.99449703e+00  1.01546899e+08  1.77707397e+02
 1.02329299e+08  3.03863074e+00  1.02329299e+08  1.78036634e+02
 1.03117727e+08  3.07852179e+00  1.03117727e+08  1.78232855e+02
 1.03912230e+08  3.08383507e+00  1.03912230e+08  1.78303664e+02
 1.04712855e+08  3.16475660e+00  1.04712855e+08  1.78889578e+02
 1.05519648e+08  3.04225925e+00  1.05519648e+08  1.79034777e+02
 1.06332657e+08  3.11227863e+00  1.06332657e+08  1.79432609e+02
 1.07151931e+08  3.17169821e+00  1.07151931e+08  1.79465284e+02
 1.07977516e+08  3.24791674e+00  1.07977516e+08  1.79527604e+02
 1.08809463e+08  3.04307324e+00  1.08809463e+08  1.80323534e+02
 1.09647820e+08  3.20103776e+00  1.09647820e+08  1.80123072e+02
 1.10492636e+08  3.19199637e+00  1.10492636e+08  1.80649261e+02
 1.11343961e+08  3.28487372e+00  1.11343961e+08  1.80559779e+02
 1.12201845e+08  3.56877888e+00  1.12201845e+08  1.80810432e+02
 1.13066340e+08  3.34451539e+00  1.13066340e+08  1.81142409e+02
 1.13937495e+08  3.46113223e+00  1.13937495e+08  1.81272133e+02
 1.14815362e+08  3.35734644e+00  1.14815362e+08  1.81446561e+02
 1.15699993e+08  3.54974292e+00  1.15699993e+08  1.81585752e+02
 1.16591440e+08  3.63937805e+00  1.16591440e+08  1.81817385e+02
 1.17489755e+08  3.43764339e+00  1.17489755e+08  1.82217122e+02
 1.18394992e+08  3.65215087e+00  1.18394992e+08  1.82500869e+02
 1.19307204e+08  3.56421287e+00  1.19307204e+08  1.82648099e+02
 1.20226443e+08  3.78674076e+00  1.20226443e+08  1.82551290e+02
 1.21152766e+08  3.65752128e+00  1.21152766e+08  1.82894464e+02
 1.22086225e+08  3.66637410e+00  1.22086225e+08  1.83220274e+02
 1.23026877e+08  3.81738275e+00  1.23026877e+08  1.83457360e+02
 1.23974776e+08  3.80867072e+00  1.23974776e+08  1.83656363e+02
 1.24929979e+08  3.82161145e+00  1.24929979e+08  1.83775776e+02
 1.25892541e+08  4.08821931e+00  1.25892541e+08  1.83926323e+02
 1.26862520e+08  3.98284966e+00  1.26862520e+08  1.84043732e+02
 1.27839972e+08  3.99522839e+00  1.27839972e+08  1.84266856e+02
 1.28824955e+08  3.90758391e+00  1.28824955e+08  1.84245711e+02
 1.29817528e+08  3.80610573e+00  1.29817528e+08  1.84840063e+02
 1.30817747e+08  4.18304909e+00  1.30817747e+08  1.84714161e+02
 1.31825674e+08  4.10898733e+00  1.31825674e+08  1.85058460e+02
 1.32841366e+08  4.13454302e+00  1.32841366e+08  1.84808112e+02
 1.33864884e+08  4.15237831e+00  1.33864884e+08  1.85185666e+02
 1.34896288e+08  4.21452838e+00  1.34896288e+08  1.85222202e+02
 1.35935639e+08  4.10025483e+00  1.35935639e+08  1.85879391e+02
 1.36982998e+08  4.40054294e+00  1.36982998e+08  1.85624428e+02
 1.38038426e+08  4.31317989e+00  1.38038426e+08  1.85940712e+02
 1.39101987e+08  4.36155205e+00  1.39101987e+08  1.85989283e+02
 1.40173742e+08  4.25494052e+00  1.40173742e+08  1.86256155e+02
 1.41253754e+08  4.14174866e+00  1.41253754e+08  1.86390118e+02
 1.42342088e+08  4.19375329e+00  1.42342088e+08  1.86561653e+02
 1.43438808e+08  4.54696403e+00  1.43438808e+08  1.86855551e+02
 1.44543977e+08  4.63070524e+00  1.44543977e+08  1.86963290e+02
 1.45657662e+08  4.37619220e+00  1.45657662e+08  1.87108779e+02
 1.46779927e+08  4.55364348e+00  1.46779927e+08  1.87322316e+02
 1.47910839e+08  4.61501632e+00  1.47910839e+08  1.87175056e+02
 1.49050464e+08  4.66999971e+00  1.49050464e+08  1.87430048e+02
 1.50198870e+08  4.58316923e+00  1.50198870e+08  1.87388005e+02
 1.51356125e+08  4.81491496e+00  1.51356125e+08  1.87481541e+02
 1.52522296e+08  4.88462851e+00  1.52522296e+08  1.87545290e+02
 1.53697452e+08  4.78110404e+00  1.53697452e+08  1.87709632e+02
 1.54881662e+08  4.53245128e+00  1.54881662e+08  1.88254919e+02
 1.56074996e+08  4.77185807e+00  1.56074996e+08  1.87750483e+02
 1.57277525e+08  4.49853697e+00  1.57277525e+08  1.88285329e+02
 1.58489319e+08  4.75672699e+00  1.58489319e+08  1.88290317e+02
 1.59710450e+08  4.84638658e+00  1.59710450e+08  1.88203252e+02
 1.60940989e+08  4.94189601e+00  1.60940989e+08  1.88474133e+02
 1.62181010e+08  4.83278934e+00  1.62181010e+08  1.88664969e+02
 1.63430584e+08  4.92060749e+00  1.63430584e+08  1.88466871e+02
 1.64689787e+08  5.41665444e+00  1.64689787e+08  1.88667564e+02
 1.65958691e+08  5.12189048e+00  1.65958691e+08  1.88659855e+02
 1.67237372e+08  5.02689703e+00  1.67237372e+08  1.88954843e+02
 1.68525904e+08  5.12014598e+00  1.68525904e+08  1.89123076e+02
 1.69824365e+08  5.22966419e+00  1.69824365e+08  1.88743052e+02
 1.71132830e+08  5.13830421e+00  1.71132830e+08  1.89288466e+02
 1.72451377e+08  5.45301548e+00  1.72451377e+08  1.88884064e+02
 1.73780083e+08  4.95124604e+00  1.73780083e+08  1.89336736e+02
 1.75119026e+08  5.28168847e+00  1.75119026e+08  1.89048962e+02
 1.76468286e+08  5.39585636e+00  1.76468286e+08  1.89181014e+02
 1.77827941e+08  5.28587079e+00  1.77827941e+08  1.89688844e+02
 1.79198072e+08  5.43370875e+00  1.79198072e+08  1.89451729e+02
 1.80578760e+08  5.34058459e+00  1.80578760e+08  1.89226487e+02
 1.81970086e+08  5.23466806e+00  1.81970086e+08  1.89605169e+02
 1.83372132e+08  5.61019528e+00  1.83372132e+08  1.89663017e+02
 1.84784980e+08  5.77026188e+00  1.84784980e+08  1.89620790e+02
 1.86208714e+08  5.66357929e+00  1.86208714e+08  1.89853108e+02
 1.87643417e+08  5.30778228e+00  1.87643417e+08  1.89708926e+02
 1.89089175e+08  5.71497102e+00  1.89089175e+08  1.89666728e+02
 1.90546072e+08  5.63105143e+00  1.90546072e+08  1.89978194e+02
 1.92014194e+08  5.52433312e+00  1.92014194e+08  1.90164644e+02
 1.93493628e+08  5.97162546e+00  1.93493628e+08  1.90275122e+02
 1.94984460e+08  5.86855484e+00  1.94984460e+08  1.89719672e+02
 1.96486779e+08  5.77582405e+00  1.96486779e+08  1.90024841e+02
 1.98000673e+08  5.94937227e+00  1.98000673e+08  1.90115467e+02
 1.99526231e+08  6.14391244e+00  1.99526231e+08  1.90077323e+02
 2.01063544e+08  5.73357013e+00  2.01063544e+08  1.89919694e+02
 2.02612701e+08  5.63303864e+00  2.02612701e+08  1.89972552e+02
 2.04173794e+08  6.14484414e+00  2.04173794e+08  1.89545402e+02
 2.05746916e+08  6.02354620e+00  2.05746916e+08  1.89817373e+02
 2.07332157e+08  6.24875373e+00  2.07332157e+08  1.90086435e+02
 2.08929613e+08  6.14186760e+00  2.08929613e+08  1.89916927e+02
 2.10539377e+08  6.04347306e+00  2.10539377e+08  1.90071080e+02
 2.12161544e+08  6.60397823e+00  2.12161544e+08  1.89825763e+02
 2.13796209e+08  5.83354819e+00  2.13796209e+08  1.90092860e+02
 2.15443469e+08  5.73338216e+00  2.15443469e+08  1.89996777e+02
 2.17103421e+08  5.95761501e+00  2.17103421e+08  1.90072030e+02
 2.18776162e+08  6.18371026e+00  2.18776162e+08  1.89676733e+02
 2.20461792e+08  6.80114066e+00  2.20461792e+08  1.89760760e+02
 2.22160409e+08  6.32871651e+00  2.22160409e+08  1.89558253e+02
 2.23872114e+08  6.24023502e+00  2.23872114e+08  1.90080420e+02
 2.25597007e+08  6.87633417e+00  2.25597007e+08  1.89194309e+02
 2.27335190e+08  6.38102588e+00  2.27335190e+08  1.89965292e+02
 2.29086765e+08  6.66272458e+00  2.29086765e+08  1.89629683e+02
 2.30851836e+08  6.18256965e+00  2.30851836e+08  1.89858227e+02
 2.32630507e+08  6.06992193e+00  2.32630507e+08  1.89541736e+02
 2.34422882e+08  6.76141128e+00  2.34422882e+08  1.89580965e+02
 2.36229066e+08  6.24087065e+00  2.36229066e+08  1.89773143e+02
 2.38049167e+08  6.54224583e+00  2.38049167e+08  1.89493965e+02
 2.39883292e+08  6.42637191e+00  2.39883292e+08  1.89441514e+02
 2.41731548e+08  6.74889149e+00  2.41731548e+08  1.89430679e+02
 2.43594045e+08  6.62625084e+00  2.43594045e+08  1.89384766e+02
 2.45470892e+08  6.52912743e+00  2.45470892e+08  1.89750993e+02
 2.47362199e+08  6.41581925e+00  2.47362199e+08  1.89543728e+02
 2.49268079e+08  6.75676552e+00  2.49268079e+08  1.89198430e+02
 2.51188643e+08  6.20316754e+00  2.51188643e+08  1.89282818e+02
 2.53124005e+08  7.48703662e+00  2.53124005e+08  1.89172783e+02
 2.55074278e+08  6.87555409e+00  2.55074278e+08  1.88841672e+02
 2.57039578e+08  6.77620611e+00  2.57039578e+08  1.88929533e+02
 2.59020020e+08  6.67230648e+00  2.59020020e+08  1.88896505e+02
 2.61015722e+08  6.55747941e+00  2.61015722e+08  1.89362599e+02
 2.63026799e+08  6.92759941e+00  2.63026799e+08  1.89030538e+02
 2.65053372e+08  7.91046364e+00  2.65053372e+08  1.88740790e+02
 2.67095559e+08  7.23456874e+00  2.67095559e+08  1.88929447e+02
 2.69153480e+08  6.60772089e+00  2.69153480e+08  1.88551812e+02
 2.71227258e+08  7.01635895e+00  2.71227258e+08  1.88444777e+02
 2.73317014e+08  6.38402020e+00  2.73317014e+08  1.88722117e+02
 2.75422870e+08  6.79925240e+00  2.75422870e+08  1.88632325e+02
 2.77544952e+08  7.22437464e+00  2.77544952e+08  1.88555566e+02
 2.79683385e+08  7.72061393e+00  2.79683385e+08  1.88211453e+02
 2.81838293e+08  7.57950712e+00  2.81838293e+08  1.87652581e+02
 2.84009805e+08  6.33888285e+00  2.84009805e+08  1.88489452e+02
 2.86198048e+08  6.78485438e+00  2.86198048e+08  1.88008724e+02
 2.88403150e+08  7.25133296e+00  2.88403150e+08  1.87865129e+02
 2.90625243e+08  7.15186547e+00  2.90625243e+08  1.87714619e+02
 2.92864456e+08  6.43216123e+00  2.92864456e+08  1.87833718e+02
 2.95120923e+08  7.55487547e+00  2.95120923e+08  1.88187175e+02
 2.97394775e+08  6.79293627e+00  2.97394775e+08  1.87519412e+02
 2.99686146e+08  8.00609907e+00  2.99686146e+08  1.87576209e+02
 3.01995172e+08  7.20520162e+00  3.01995172e+08  1.88029463e+02
 3.04321989e+08  7.07201563e+00  3.04321989e+08  1.87562173e+02
 3.06666733e+08  6.96718545e+00  3.06666733e+08  1.87553941e+02
 3.09029543e+08  6.22417489e+00  3.09029543e+08  1.87466718e+02
 3.11410558e+08  6.73098007e+00  3.11410558e+08  1.87343156e+02
 3.13809919e+08  7.30121594e+00  3.13809919e+08  1.87088703e+02
 3.16227766e+08  7.16602518e+00  3.16227766e+08  1.86664368e+02
 3.18664242e+08  7.80607517e+00  3.18664242e+08  1.86853852e+02
 3.21119491e+08  7.67341987e+00  3.21119491e+08  1.87104356e+02
 3.23593657e+08  7.54854364e+00  3.23593657e+08  1.86819110e+02
 3.26086886e+08  9.16855054e+00  3.26086886e+08  1.86488575e+02
 3.28599325e+08  6.56947107e+00  3.28599325e+08  1.86481528e+02
 3.31131121e+08  7.19189832e+00  3.31131121e+08  1.86282256e+02
 3.33682425e+08  8.81186013e+00  3.33682425e+08  1.86493021e+02
 3.36253386e+08  6.93816552e+00  3.36253386e+08  1.86173695e+02
 3.38844156e+08  6.82343514e+00  3.38844156e+08  1.86244820e+02
 3.41454887e+08  6.70263082e+00  3.41454887e+08  1.86088832e+02
 3.44085734e+08  5.82080555e+00  3.44085734e+08  1.86339723e+02
 3.46736850e+08  7.29282032e+00  3.46736850e+08  1.85975593e+02
 3.49408393e+08  6.35161757e+00  3.49408393e+08  1.86027337e+02
 3.52100520e+08  7.03075338e+00  3.52100520e+08  1.86039615e+02
 3.54813389e+08  6.91210185e+00  3.54813389e+08  1.86308817e+02
 3.57547160e+08  8.71385263e+00  3.57547160e+08  1.85613889e+02
 3.60301995e+08  6.67442942e+00  3.60301995e+08  1.85686059e+02
 3.63078055e+08  7.42927793e+00  3.63078055e+08  1.85704960e+02
 3.65875504e+08  7.32027380e+00  3.65875504e+08  1.85693635e+02
 3.68694506e+08  8.21733896e+00  3.68694506e+08  1.85272287e+02
 3.71535229e+08  8.08354598e+00  3.71535229e+08  1.85437554e+02
 3.74397839e+08  6.04403968e+00  3.74397839e+08  1.85596262e+02
 3.77282505e+08  7.85369262e+00  3.77282505e+08  1.85314028e+02
 3.80189396e+08  7.70947287e+00  3.80189396e+08  1.85414074e+02
 3.83118685e+08  6.55556947e+00  3.83118685e+08  1.85122254e+02
 3.86070543e+08  8.58435903e+00  3.86070543e+08  1.84977581e+02
 3.89045145e+08  7.31950558e+00  3.89045145e+08  1.85024056e+02
 3.92042666e+08  7.19489297e+00  3.92042666e+08  1.84748451e+02
 3.95063281e+08  7.06215916e+00  3.95063281e+08  1.84587219e+02
 3.98107171e+08  6.94191365e+00  3.98107171e+08  1.84536518e+02
 4.01174512e+08  5.78109753e+00  4.01174512e+08  1.84533622e+02
 4.04265487e+08  6.67278177e+00  4.04265487e+08  1.84545045e+02
 4.07380278e+08  7.71250580e+00  4.07380278e+08  1.84298403e+02
 4.10519067e+08  6.42581426e+00  4.10519067e+08  1.84328699e+02
 4.13682040e+08  7.44517854e+00  4.13682040e+08  1.84344700e+02
 4.16869383e+08  6.15117757e+00  4.16869383e+08  1.84215427e+02
 4.20081285e+08  7.20185980e+00  4.20081285e+08  1.84168018e+02
 4.23317933e+08  8.38331579e+00  4.23317933e+08  1.83946901e+02
 4.26579519e+08  5.76954775e+00  4.26579519e+08  1.84033141e+02
 4.29866235e+08  6.78510082e+00  4.29866235e+08  1.84024523e+02
 4.33178274e+08  5.51553290e+00  4.33178274e+08  1.83960385e+02
 4.36515832e+08  7.87497937e+00  4.36515832e+08  1.84072686e+02
 4.39879106e+08  7.74280475e+00  4.39879106e+08  1.83799146e+02
 4.43268292e+08  7.59299809e+00  4.43268292e+08  1.83502220e+02
 4.46683592e+08  6.13192162e+00  4.46683592e+08  1.83591416e+02
 4.50125206e+08  8.92626834e+00  4.50125206e+08  1.83726421e+02
 4.53593337e+08  7.20778160e+00  4.53593337e+08  1.83434098e+02
 4.57088190e+08  7.10416562e+00  4.57088190e+08  1.83449862e+02
 4.60609969e+08  4.48177937e+00  4.60609969e+08  1.83384403e+02
 4.64158883e+08  6.80758065e+00  4.64158883e+08  1.83505470e+02
 4.67735141e+08  6.67346025e+00  4.67735141e+08  1.83397886e+02
 4.71338954e+08  6.56084550e+00  4.71338954e+08  1.82897090e+02
 4.74970533e+08  6.42934548e+00  4.74970533e+08  1.82979698e+02
 4.78630092e+08  4.95787534e+00  4.78630092e+08  1.83136792e+02
 4.82317848e+08  6.15932261e+00  4.82317848e+08  1.82848887e+02
 4.86034018e+08  4.69839708e+00  4.86034018e+08  1.82986094e+02
 4.89778819e+08  7.46456974e+00  4.89778819e+08  1.83227924e+02
 4.93552474e+08  9.29004833e+00  4.93552474e+08  1.82932070e+02
 4.97355204e+08  7.20759626e+00  4.97355204e+08  1.82933392e+02
 5.01187234e+08  5.49034635e+00  5.01187234e+08  1.82900825e+02
 5.05048788e+08  5.34570931e+00  5.05048788e+08  1.82847713e+02
 5.08940095e+08  5.22649630e+00  5.08940095e+08  1.82744222e+02
 5.12861384e+08  6.65024835e+00  5.12861384e+08  1.82643978e+02
 5.16812886e+08  6.54742006e+00  5.16812886e+08  1.82450690e+02
 5.20794833e+08  6.38222124e+00  5.20794833e+08  1.82578867e+02
 5.24807460e+08  8.20955307e+00  5.24807460e+08  1.82602801e+02
 5.28851004e+08  8.08825405e+00  5.28851004e+08  1.82488883e+02
 5.32925703e+08  5.98348906e+00  5.32925703e+08  1.82491573e+02
 5.37031796e+08  5.86065867e+00  5.37031796e+08  1.82339298e+02
 5.41169527e+08  1.01589888e+01  5.41169527e+08  1.82227528e+02
 5.45339137e+08  7.51513052e+00  5.45339137e+08  1.82418541e+02
 5.49540874e+08  7.40277219e+00  5.49540874e+08  1.82353534e+02
 5.53774984e+08  9.76247158e+00  5.53774984e+08  1.82423148e+02
 5.58041717e+08  7.14179741e+00  5.58041717e+08  1.82176041e+02
 5.62341325e+08  1.30109480e+01  5.62341325e+08  1.81990668e+02
 5.66674061e+08  1.28771172e+01  5.66674061e+08  1.82113089e+02
 5.71040179e+08  6.71505493e+00  5.71040179e+08  1.81917698e+02
 5.75439937e+08  9.09648288e+00  5.75439937e+08  1.81862968e+02
 5.79873595e+08  8.95572091e+00  5.79873595e+08  1.82411588e+02
 5.84341413e+08  8.81299057e+00  5.84341413e+08  1.82049030e+02
 5.88843655e+08  6.20025536e+00  5.88843655e+08  1.81904909e+02
 5.93380586e+08  8.53565468e+00  5.93380586e+08  1.82015616e+02
 5.97952473e+08  1.19303487e+01  5.97952473e+08  1.82114280e+02
 6.02559586e+08  8.28188940e+00  6.02559586e+08  1.81756892e+02
 6.07202196e+08  1.16625146e+01  6.07202196e+08  1.81496545e+02
 6.11880576e+08  1.75344583e+01  6.11880576e+08  1.81320690e+02
 6.16595002e+08  5.37552553e+00  6.16595002e+08  1.81637072e+02
 6.21345752e+08  7.74451101e+00  6.21345752e+08  1.81622615e+02
 6.26133105e+08  7.61581801e+00  6.26133105e+08  1.81094150e+02
 6.30957344e+08  7.46908749e+00  6.30957344e+08  1.81475390e+02
 6.35818754e+08  1.08592489e+01  6.35818754e+08  1.81575691e+02
 6.40717619e+08  7.22016488e+00  6.40717619e+08  1.81013030e+02
 6.45654229e+08  7.07369575e+00  6.45654229e+08  1.81701410e+02
 6.50628875e+08  1.04573507e+01  6.50628875e+08  1.81313536e+02
 6.55641849e+08  1.03187274e+01  6.55641849e+08  1.81382440e+02
 6.60693448e+08  6.65850995e+00  6.60693448e+08  1.81362289e+02
 6.65783968e+08  6.51533422e+00  6.65783968e+08  1.81354554e+02
 6.70913710e+08  9.91041254e+00  6.70913710e+08  1.81333439e+02
 6.76082975e+08  9.77410503e+00  6.76082975e+08  1.80834366e+02
 6.81292069e+08  9.63146474e+00  6.81292069e+08  1.81089282e+02
 6.86541298e+08  9.51457541e+00  6.86541298e+08  1.81229754e+02
 6.91830971e+08  9.36545266e+00  6.91830971e+08  1.81654499e+02
 6.97161400e+08  1.52513039e+01  6.97161400e+08  1.80872227e+02
 7.02532899e+08  9.11093636e+00  7.02532899e+08  1.81440940e+02
 7.07945784e+08  8.96321915e+00  7.07945784e+08  1.80990923e+02
 7.13400375e+08  1.48430021e+01  7.13400375e+08  1.82934392e+02
 7.18896992e+08  5.18786112e+00  7.18896992e+08  1.80837229e+02
 7.24435960e+08  8.55083592e+00  7.24435960e+08  1.81603067e+02
 7.30017605e+08  4.89062179e+00  7.30017605e+08  1.81182065e+02
 7.35642254e+08  4.76866763e+00  7.35642254e+08  1.81130181e+02
 7.41310241e+08  8.15146816e+00  7.41310241e+08  1.81243833e+02
 7.47021899e+08  8.00768668e+00  7.47021899e+08  1.81199094e+02
 7.52777564e+08  7.88971446e+00  7.52777564e+08  1.80651711e+02
 7.58577575e+08  7.76465253e+00  7.58577575e+08  1.80198049e+02
 7.64422274e+08  7.61623506e+00  7.64422274e+08  1.80993369e+02
 7.70312006e+08  7.48118415e+00  7.70312006e+08  1.80646204e+02
 7.76247117e+08  7.35039305e+00  7.76247117e+08  1.80351737e+02
 7.82227956e+08  7.23818115e+00  7.82227956e+08  1.80269958e+02
 7.88254877e+08  3.55948564e+00  7.88254877e+08  1.80451380e+02
 7.94328235e+08  3.42786756e+00  7.94328235e+08  1.80421917e+02
 8.00448386e+08  3.30321644e+00  8.00448386e+08  1.80732414e+02
 8.06615692e+08  6.66401305e+00  8.06615692e+08  1.80699297e+02
 8.12830516e+08  3.01691856e+00  8.12830516e+08  1.80380236e+02
 8.19093224e+08  2.87854405e+00  8.19093224e+08  1.80536576e+02
 8.25404185e+08  2.74941357e+00  8.25404185e+08  1.80376239e+02
 8.31763771e+08  2.62537887e+00  8.31763771e+08  1.80569779e+02
 8.38172356e+08  5.99916115e+00  8.38172356e+08  1.81106370e+02
 8.44630319e+08  2.33958617e+00  8.44630319e+08  1.79876159e+02
 8.51138038e+08  5.72960730e+00  8.51138038e+08  1.80515510e+02
 8.57695899e+08  5.56370610e+01  8.57695899e+08  9.15547453e+01
 8.64304286e+08  5.46419597e+00  8.64304286e+08  1.79983317e+02
 8.70963590e+08  6.69468878e+01  8.70963590e+08  2.71612342e+02
 8.77674203e+08  5.17698856e+01  8.77674203e+08  2.71770692e+02
 8.84436519e+08  1.10618885e+01  8.84436519e+08  1.81081687e+02
 8.91250938e+08  1.09411454e+01  8.91250938e+08  1.80552031e+02
 8.98117861e+08  1.26073363e+00  8.98117861e+08  1.80738525e+02
 9.05037692e+08  4.63928226e+00  9.05037692e+08  1.80401703e+02
 9.12010839e+08  4.50915081e+00  9.12010839e+08  1.81110656e+02
 9.19037713e+08  4.37119986e+00  9.19037713e+08  1.80315810e+02
 9.26118728e+08  4.25424027e+00  9.26118728e+08  1.81009400e+02
 9.33254301e+08  4.10996115e+00  9.33254301e+08  1.81474137e+02
 9.40444852e+08  3.96775333e+00  9.40444852e+08  1.80528576e+02
 9.47690805e+08  3.18504459e-01  9.47690805e+08  1.80436584e+02
 9.54992586e+08  3.70868509e+00  9.54992586e+08  1.79393632e+02
 9.62350626e+08  9.61014880e+00  9.62350626e+08  1.80400305e+02
 9.69765359e+08  9.47718037e+00  9.69765359e+08  1.79469912e+02
 9.77237221e+08  3.29195514e+00  9.77237221e+08  1.79716265e+02
 9.84766652e+08  9.18011730e+00  9.84766652e+08  1.80865872e+02
 9.92354096e+08  9.03791275e+00  9.92354096e+08  1.81078191e+02
 1.00000000e+09  8.89629890e+00  1.00000000e+09  1.78497062e+02
