 1.00000000e+00  4.63856906e+01  1.00000000e+00  1.79999998e+02
 1.00770481e+00  4.63856906e+01  1.00770481e+00  1.79999998e+02
 1.01546899e+00  4.63856906e+01  1.01546899e+00  1.79999998e+02
 1.02329299e+00  4.63856906e+01  1.02329299e+00  1.79999998e+02
 1.03117727e+00  4.63856906e+01  1.03117727e+00  1.79999998e+02
 1.03912230e+00  4.63856906e+01  1.03912230e+00  1.79999998e+02
 1.04712855e+00  4.63856906e+01  1.04712855e+00  1.79999998e+02
 1.05519648e+00  4.63856906e+01  1.05519648e+00  1.79999998e+02
 1.06332657e+00  4.63856906e+01  1.06332657e+00  1.79999998e+02
 1.07151931e+00  4.63856906e+01  1.07151931e+00  1.79999998e+02
 1.07977516e+00  4.63856906e+01  1.07977516e+00  1.79999998e+02
 1.08809463e+00  4.63856906e+01  1.08809463e+00  1.79999998e+02
 1.09647820e+00  4.63856906e+01  1.09647820e+00  1.79999998e+02
 1.10492636e+00  4.63856906e+01  1.10492636e+00  1.79999998e+02
 1.11343961e+00  4.63856906e+01  1.11343961e+00  1.79999998e+02
 1.12201845e+00  4.63856906e+01  1.12201845e+00  1.79999998e+02
 1.13066340e+00  4.63856906e+01  1.13066340e+00  1.79999998e+02
 1.13937495e+00  4.63856906e+01  1.13937495e+00  1.79999998e+02
 1.14815362e+00  4.63856906e+01  1.14815362e+00  1.79999998e+02
 1.15699993e+00  4.63856906e+01  1.15699993e+00  1.79999998e+02
 1.16591440e+00  4.63856906e+01  1.16591440e+00  1.79999998e+02
 1.17489755e+00  4.63856906e+01  1.17489755e+00  1.79999998e+02
 1.18394992e+00  4.63856906e+01  1.18394992e+00  1.79999998e+02
 1.19307204e+00  4.63856906e+01  1.19307204e+00  1.79999998e+02
 1.20226443e+00  4.63856906e+01  1.20226443e+00  1.79999998e+02
 1.21152766e+00  4.63856906e+01  1.21152766e+00  1.79999998e+02
 1.22086225e+00  4.63856906e+01  1.22086225e+00  1.79999998e+02
 1.23026877e+00  4.63856906e+01  1.23026877e+00  1.79999998e+02
 1.23974776e+00  4.63856906e+01  1.23974776e+00  1.79999998e+02
 1.24929979e+00  4.63856906e+01  1.24929979e+00  1.79999998e+02
 1.25892541e+00  4.63856906e+01  1.25892541e+00  1.79999998e+02
 1.26862520e+00  4.63856906e+01  1.26862520e+00  1.79999998e+02
 1.27839972e+00  4.63856906e+01  1.27839972e+00  1.79999998e+02
 1.28824955e+00  4.63856906e+01  1.28824955e+00  1.79999998e+02
 1.29817528e+00  4.63856906e+01  1.29817528e+00  1.79999998e+02
 1.30817747e+00  4.63856906e+01  1.30817747e+00  1.79999998e+02
 1.31825674e+00  4.63856906e+01  1.31825674e+00  1.79999998e+02
 1.32841366e+00  4.63856906e+01  1.32841366e+00  1.79999998e+02
 1.33864884e+00  4.63856906e+01  1.33864884e+00  1.79999998e+02
 1.34896288e+00  4.63856906e+01  1.34896288e+00  1.79999998e+02
 1.35935639e+00  4.63856906e+01  1.35935639e+00  1.79999998e+02
 1.36982998e+00  4.63856906e+01  1.36982998e+00  1.79999998e+02
 1.38038426e+00  4.63856906e+01  1.38038426e+00  1.79999998e+02
 1.39101987e+00  4.63856906e+01  1.39101987e+00  1.79999998e+02
 1.40173742e+00  4.63856906e+01  1.40173742e+00  1.79999998e+02
 1.41253754e+00  4.63856906e+01  1.41253754e+00  1.79999998e+02
 1.42342088e+00  4.63856906e+01  1.42342088e+00  1.79999998e+02
 1.43438808e+00  4.63856906e+01  1.43438808e+00  1.79999998e+02
 1.44543977e+00  4.63856906e+01  1.44543977e+00  1.79999998e+02
 1.45657662e+00  4.63856906e+01  1.45657662e+00  1.79999998e+02
 1.46779927e+00  4.63856906e+01  1.46779927e+00  1.79999998e+02
 1.47910839e+00  4.63856906e+01  1.47910839e+00  1.79999998e+02
 1.49050464e+00  4.63856906e+01  1.49050464e+00  1.79999998e+02
 1.50198870e+00  4.63856906e+01  1.50198870e+00  1.79999998e+02
 1.51356125e+00  4.63856906e+01  1.51356125e+00  1.79999998e+02
 1.52522296e+00  4.63856906e+01  1.52522296e+00  1.79999998e+02
 1.53697452e+00  4.63856906e+01  1.53697452e+00  1.79999998e+02
 1.54881662e+00  4.63856906e+01  1.54881662e+00  1.79999997e+02
 1.56074996e+00  4.63856906e+01  1.56074996e+00  1.79999997e+02
 1.57277525e+00  4.63856906e+01  1.57277525e+00  1.79999997e+02
 1.58489319e+00  4.63856906e+01  1.58489319e+00  1.79999997e+02
 1.59710450e+00  4.63856906e+01  1.59710450e+00  1.79999997e+02
 1.60940989e+00  4.63856906e+01  1.60940989e+00  1.79999997e+02
 1.62181010e+00  4.63856906e+01  1.62181010e+00  1.79999997e+02
 1.63430584e+00  4.63856906e+01  1.63430584e+00  1.79999997e+02
 1.64689787e+00  4.63856906e+01  1.64689787e+00  1.79999997e+02
 1.65958691e+00  4.63856906e+01  1.65958691e+00  1.79999997e+02
 1.67237372e+00  4.63856906e+01  1.67237372e+00  1.79999997e+02
 1.68525904e+00  4.63856906e+01  1.68525904e+00  1.79999997e+02
 1.69824365e+00  4.63856906e+01  1.69824365e+00  1.79999997e+02
 1.71132830e+00  4.63856906e+01  1.71132830e+00  1.79999997e+02
 1.72451377e+00  4.63856906e+01  1.72451377e+00  1.79999997e+02
 1.73780083e+00  4.63856906e+01  1.73780083e+00  1.79999997e+02
 1.75119026e+00  4.63856906e+01  1.75119026e+00  1.79999997e+02
 1.76468286e+00  4.63856906e+01  1.76468286e+00  1.79999997e+02
 1.77827941e+00  4.63856906e+01  1.77827941e+00  1.79999997e+02
 1.79198072e+00  4.63856906e+01  1.79198072e+00  1.79999997e+02
 1.80578760e+00  4.63856906e+01  1.80578760e+00  1.79999997e+02
 1.81970086e+00  4.63856906e+01  1.81970086e+00  1.79999997e+02
 1.83372132e+00  4.63856906e+01  1.83372132e+00  1.79999997e+02
 1.84784980e+00  4.63856906e+01  1.84784980e+00  1.79999997e+02
 1.86208714e+00  4.63856906e+01  1.86208714e+00  1.79999997e+02
 1.87643417e+00  4.63856906e+01  1.87643417e+00  1.79999997e+02
 1.89089175e+00  4.63856906e+01  1.89089175e+00  1.79999997e+02
 1.90546072e+00  4.63856906e+01  1.90546072e+00  1.79999997e+02
 1.92014194e+00  4.63856906e+01  1.92014194e+00  1.79999997e+02
 1.93493628e+00  4.63856906e+01  1.93493628e+00  1.79999997e+02
 1.94984460e+00  4.63856906e+01  1.94984460e+00  1.79999997e+02
 1.96486779e+00  4.63856906e+01  1.96486779e+00  1.79999997e+02
 1.98000673e+00  4.63856906e+01  1.98000673e+00  1.79999997e+02
 1.99526231e+00  4.63856906e+01  1.99526231e+00  1.79999997e+02
 2.01063544e+00  4.63856906e+01  2.01063544e+00  1.79999997e+02
 2.02612701e+00  4.63856906e+01  2.02612701e+00  1.79999997e+02
 2.04173794e+00  4.63856906e+01  2.04173794e+00  1.79999997e+02
 2.05746916e+00  4.63856906e+01  2.05746916e+00  1.79999997e+02
 2.07332157e+00  4.63856906e+01  2.07332157e+00  1.79999997e+02
 2.08929613e+00  4.63856906e+01  2.08929613e+00  1.79999997e+02
 2.10539377e+00  4.63856906e+01  2.10539377e+00  1.79999997e+02
 2.12161544e+00  4.63856906e+01  2.12161544e+00  1.79999997e+02
 2.13796209e+00  4.63856906e+01  2.13796209e+00  1.79999997e+02
 2.15443469e+00  4.63856906e+01  2.15443469e+00  1.79999997e+02
 2.17103421e+00  4.63856906e+01  2.17103421e+00  1.79999996e+02
 2.18776162e+00  4.63856906e+01  2.18776162e+00  1.79999996e+02
 2.20461792e+00  4.63856906e+01  2.20461792e+00  1.79999996e+02
 2.22160409e+00  4.63856906e+01  2.22160409e+00  1.79999996e+02
 2.23872114e+00  4.63856906e+01  2.23872114e+00  1.79999996e+02
 2.25597007e+00  4.63856906e+01  2.25597007e+00  1.79999996e+02
 2.27335190e+00  4.63856906e+01  2.27335190e+00  1.79999996e+02
 2.29086765e+00  4.63856906e+01  2.29086765e+00  1.79999996e+02
 2.30851836e+00  4.63856906e+01  2.30851836e+00  1.79999996e+02
 2.32630507e+00  4.63856906e+01  2.32630507e+00  1.79999996e+02
 2.34422882e+00  4.63856906e+01  2.34422882e+00  1.79999996e+02
 2.36229066e+00  4.63856906e+01  2.36229066e+00  1.79999996e+02
 2.38049167e+00  4.63856906e+01  2.38049167e+00  1.79999996e+02
 2.39883292e+00  4.63856906e+01  2.39883292e+00  1.79999996e+02
 2.41731548e+00  4.63856906e+01  2.41731548e+00  1.79999996e+02
 2.43594045e+00  4.63856906e+01  2.43594045e+00  1.79999996e+02
 2.45470892e+00  4.63856906e+01  2.45470892e+00  1.79999996e+02
 2.47362199e+00  4.63856906e+01  2.47362199e+00  1.79999996e+02
 2.49268079e+00  4.63856906e+01  2.49268079e+00  1.79999996e+02
 2.51188643e+00  4.63856906e+01  2.51188643e+00  1.79999996e+02
 2.53124005e+00  4.63856906e+01  2.53124005e+00  1.79999996e+02
 2.55074278e+00  4.63856906e+01  2.55074278e+00  1.79999996e+02
 2.57039578e+00  4.63856906e+01  2.57039578e+00  1.79999996e+02
 2.59020020e+00  4.63856906e+01  2.59020020e+00  1.79999996e+02
 2.61015722e+00  4.63856906e+01  2.61015722e+00  1.79999996e+02
 2.63026799e+00  4.63856906e+01  2.63026799e+00  1.79999996e+02
 2.65053372e+00  4.63856906e+01  2.65053372e+00  1.79999996e+02
 2.67095559e+00  4.63856906e+01  2.67095559e+00  1.79999996e+02
 2.69153480e+00  4.63856906e+01  2.69153480e+00  1.79999996e+02
 2.71227258e+00  4.63856906e+01  2.71227258e+00  1.79999996e+02
 2.73317014e+00  4.63856906e+01  2.73317014e+00  1.79999996e+02
 2.75422870e+00  4.63856906e+01  2.75422870e+00  1.79999996e+02
 2.77544952e+00  4.63856906e+01  2.77544952e+00  1.79999996e+02
 2.79683385e+00  4.63856906e+01  2.79683385e+00  1.79999995e+02
 2.81838293e+00  4.63856906e+01  2.81838293e+00  1.79999995e+02
 2.84009805e+00  4.63856906e+01  2.84009805e+00  1.79999995e+02
 2.86198048e+00  4.63856906e+01  2.86198048e+00  1.79999995e+02
 2.88403150e+00  4.63856906e+01  2.88403150e+00  1.79999995e+02
 2.90625243e+00  4.63856906e+01  2.90625243e+00  1.79999995e+02
 2.92864456e+00  4.63856906e+01  2.92864456e+00  1.79999995e+02
 2.95120923e+00  4.63856906e+01  2.95120923e+00  1.79999995e+02
 2.97394775e+00  4.63856906e+01  2.97394775e+00  1.79999995e+02
 2.99686146e+00  4.63856906e+01  2.99686146e+00  1.79999995e+02
 3.01995172e+00  4.63856906e+01  3.01995172e+00  1.79999995e+02
 3.04321989e+00  4.63856906e+01  3.04321989e+00  1.79999995e+02
 3.06666733e+00  4.63856906e+01  3.06666733e+00  1.79999995e+02
 3.09029543e+00  4.63856906e+01  3.09029543e+00  1.79999995e+02
 3.11410558e+00  4.63856906e+01  3.11410558e+00  1.79999995e+02
 3.13809919e+00  4.63856906e+01  3.13809919e+00  1.79999995e+02
 3.16227766e+00  4.63856906e+01  3.16227766e+00  1.79999995e+02
 3.18664242e+00  4.63856906e+01  3.18664242e+00  1.79999995e+02
 3.21119491e+00  4.63856906e+01  3.21119491e+00  1.79999995e+02
 3.23593657e+00  4.63856906e+01  3.23593657e+00  1.79999995e+02
 3.26086886e+00  4.63856906e+01  3.26086886e+00  1.79999995e+02
 3.28599325e+00  4.63856906e+01  3.28599325e+00  1.79999995e+02
 3.31131121e+00  4.63856906e+01  3.31131121e+00  1.79999995e+02
 3.33682425e+00  4.63856906e+01  3.33682425e+00  1.79999995e+02
 3.36253386e+00  4.63856906e+01  3.36253386e+00  1.79999995e+02
 3.38844156e+00  4.63856906e+01  3.38844156e+00  1.79999995e+02
 3.41454887e+00  4.63856906e+01  3.41454887e+00  1.79999994e+02
 3.44085734e+00  4.63856906e+01  3.44085734e+00  1.79999994e+02
 3.46736850e+00  4.63856906e+01  3.46736850e+00  1.79999994e+02
 3.49408393e+00  4.63856906e+01  3.49408393e+00  1.79999994e+02
 3.52100520e+00  4.63856906e+01  3.52100520e+00  1.79999994e+02
 3.54813389e+00  4.63856906e+01  3.54813389e+00  1.79999994e+02
 3.57547160e+00  4.63856906e+01  3.57547160e+00  1.79999994e+02
 3.60301995e+00  4.63856906e+01  3.60301995e+00  1.79999994e+02
 3.63078055e+00  4.63856906e+01  3.63078055e+00  1.79999994e+02
 3.65875504e+00  4.63856906e+01  3.65875504e+00  1.79999994e+02
 3.68694506e+00  4.63856906e+01  3.68694506e+00  1.79999994e+02
 3.71535229e+00  4.63856906e+01  3.71535229e+00  1.79999994e+02
 3.74397839e+00  4.63856906e+01  3.74397839e+00  1.79999994e+02
 3.77282505e+00  4.63856906e+01  3.77282505e+00  1.79999994e+02
 3.80189396e+00  4.63856906e+01  3.80189396e+00  1.79999994e+02
 3.83118685e+00  4.63856906e+01  3.83118685e+00  1.79999994e+02
 3.86070543e+00  4.63856906e+01  3.86070543e+00  1.79999994e+02
 3.89045145e+00  4.63856906e+01  3.89045145e+00  1.79999994e+02
 3.92042666e+00  4.63856906e+01  3.92042666e+00  1.79999994e+02
 3.95063281e+00  4.63856906e+01  3.95063281e+00  1.79999994e+02
 3.98107171e+00  4.63856906e+01  3.98107171e+00  1.79999994e+02
 4.01174512e+00  4.63856906e+01  4.01174512e+00  1.79999994e+02
 4.04265487e+00  4.63856906e+01  4.04265487e+00  1.79999993e+02
 4.07380278e+00  4.63856906e+01  4.07380278e+00  1.79999993e+02
 4.10519067e+00  4.63856906e+01  4.10519067e+00  1.79999993e+02
 4.13682040e+00  4.63856906e+01  4.13682040e+00  1.79999993e+02
 4.16869383e+00  4.63856906e+01  4.16869383e+00  1.79999993e+02
 4.20081285e+00  4.63856906e+01  4.20081285e+00  1.79999993e+02
 4.23317933e+00  4.63856906e+01  4.23317933e+00  1.79999993e+02
 4.26579519e+00  4.63856906e+01  4.26579519e+00  1.79999993e+02
 4.29866235e+00  4.63856906e+01  4.29866235e+00  1.79999993e+02
 4.33178274e+00  4.63856906e+01  4.33178274e+00  1.79999993e+02
 4.36515832e+00  4.63856906e+01  4.36515832e+00  1.79999993e+02
 4.39879106e+00  4.63856906e+01  4.39879106e+00  1.79999993e+02
 4.43268292e+00  4.63856906e+01  4.43268292e+00  1.79999993e+02
 4.46683592e+00  4.63856906e+01  4.46683592e+00  1.79999993e+02
 4.50125206e+00  4.63856906e+01  4.50125206e+00  1.79999993e+02
 4.53593337e+00  4.63856906e+01  4.53593337e+00  1.79999993e+02
 4.57088190e+00  4.63856906e+01  4.57088190e+00  1.79999993e+02
 4.60609969e+00  4.63856906e+01  4.60609969e+00  1.79999993e+02
 4.64158883e+00  4.63856906e+01  4.64158883e+00  1.79999992e+02
 4.67735141e+00  4.63856906e+01  4.67735141e+00  1.79999992e+02
 4.71338954e+00  4.63856906e+01  4.71338954e+00  1.79999992e+02
 4.74970533e+00  4.63856906e+01  4.74970533e+00  1.79999992e+02
 4.78630092e+00  4.63856906e+01  4.78630092e+00  1.79999992e+02
 4.82317848e+00  4.63856906e+01  4.82317848e+00  1.79999992e+02
 4.86034018e+00  4.63856906e+01  4.86034018e+00  1.79999992e+02
 4.89778819e+00  4.63856906e+01  4.89778819e+00  1.79999992e+02
 4.93552474e+00  4.63856906e+01  4.93552474e+00  1.79999992e+02
 4.97355204e+00  4.63856906e+01  4.97355204e+00  1.79999992e+02
 5.01187234e+00  4.63856906e+01  5.01187234e+00  1.79999992e+02
 5.05048788e+00  4.63856906e+01  5.05048788e+00  1.79999992e+02
 5.08940095e+00  4.63856906e+01  5.08940095e+00  1.79999992e+02
 5.12861384e+00  4.63856906e+01  5.12861384e+00  1.79999992e+02
 5.16812886e+00  4.63856906e+01  5.16812886e+00  1.79999992e+02
 5.20794833e+00  4.63856906e+01  5.20794833e+00  1.79999992e+02
 5.24807460e+00  4.63856906e+01  5.24807460e+00  1.79999992e+02
 5.28851004e+00  4.63856906e+01  5.28851004e+00  1.79999991e+02
 5.32925703e+00  4.63856906e+01  5.32925703e+00  1.79999991e+02
 5.37031796e+00  4.63856906e+01  5.37031796e+00  1.79999991e+02
 5.41169527e+00  4.63856906e+01  5.41169527e+00  1.79999991e+02
 5.45339137e+00  4.63856906e+01  5.45339137e+00  1.79999991e+02
 5.49540874e+00  4.63856906e+01  5.49540874e+00  1.79999991e+02
 5.53774984e+00  4.63856906e+01  5.53774984e+00  1.79999991e+02
 5.58041717e+00  4.63856906e+01  5.58041717e+00  1.79999991e+02
 5.62341325e+00  4.63856906e+01  5.62341325e+00  1.79999991e+02
 5.66674061e+00  4.63856906e+01  5.66674061e+00  1.79999991e+02
 5.71040179e+00  4.63856906e+01  5.71040179e+00  1.79999991e+02
 5.75439937e+00  4.63856906e+01  5.75439937e+00  1.79999991e+02
 5.79873595e+00  4.63856906e+01  5.79873595e+00  1.79999991e+02
 5.84341413e+00  4.63856906e+01  5.84341413e+00  1.79999991e+02
 5.88843655e+00  4.63856906e+01  5.88843655e+00  1.79999990e+02
 5.93380586e+00  4.63856906e+01  5.93380586e+00  1.79999990e+02
 5.97952473e+00  4.63856906e+01  5.97952473e+00  1.79999990e+02
 6.02559586e+00  4.63856906e+01  6.02559586e+00  1.79999990e+02
 6.07202196e+00  4.63856906e+01  6.07202196e+00  1.79999990e+02
 6.11880576e+00  4.63856906e+01  6.11880576e+00  1.79999990e+02
 6.16595002e+00  4.63856906e+01  6.16595002e+00  1.79999990e+02
 6.21345752e+00  4.63856906e+01  6.21345752e+00  1.79999990e+02
 6.26133105e+00  4.63856906e+01  6.26133105e+00  1.79999990e+02
 6.30957344e+00  4.63856906e+01  6.30957344e+00  1.79999990e+02
 6.35818754e+00  4.63856906e+01  6.35818754e+00  1.79999990e+02
 6.40717619e+00  4.63856906e+01  6.40717619e+00  1.79999990e+02
 6.45654229e+00  4.63856906e+01  6.45654229e+00  1.79999990e+02
 6.50628875e+00  4.63856906e+01  6.50628875e+00  1.79999989e+02
 6.55641849e+00  4.63856906e+01  6.55641849e+00  1.79999989e+02
 6.60693448e+00  4.63856906e+01  6.60693448e+00  1.79999989e+02
 6.65783968e+00  4.63856906e+01  6.65783968e+00  1.79999989e+02
 6.70913710e+00  4.63856906e+01  6.70913710e+00  1.79999989e+02
 6.76082975e+00  4.63856906e+01  6.76082975e+00  1.79999989e+02
 6.81292069e+00  4.63856906e+01  6.81292069e+00  1.79999989e+02
 6.86541298e+00  4.63856906e+01  6.86541298e+00  1.79999989e+02
 6.91830971e+00  4.63856906e+01  6.91830971e+00  1.79999989e+02
 6.97161400e+00  4.63856906e+01  6.97161400e+00  1.79999989e+02
 7.02532899e+00  4.63856906e+01  7.02532899e+00  1.79999989e+02
 7.07945784e+00  4.63856906e+01  7.07945784e+00  1.79999989e+02
 7.13400375e+00  4.63856906e+01  7.13400375e+00  1.79999988e+02
 7.18896992e+00  4.63856906e+01  7.18896992e+00  1.79999988e+02
 7.24435960e+00  4.63856906e+01  7.24435960e+00  1.79999988e+02
 7.30017605e+00  4.63856906e+01  7.30017605e+00  1.79999988e+02
 7.35642254e+00  4.63856906e+01  7.35642254e+00  1.79999988e+02
 7.41310241e+00  4.63856906e+01  7.41310241e+00  1.79999988e+02
 7.47021899e+00  4.63856906e+01  7.47021899e+00  1.79999988e+02
 7.52777564e+00  4.63856906e+01  7.52777564e+00  1.79999988e+02
 7.58577575e+00  4.63856906e+01  7.58577575e+00  1.79999988e+02
 7.64422274e+00  4.63856906e+01  7.64422274e+00  1.79999988e+02
 7.70312006e+00  4.63856906e+01  7.70312006e+00  1.79999988e+02
 7.76247117e+00  4.63856906e+01  7.76247117e+00  1.79999987e+02
 7.82227956e+00  4.63856906e+01  7.82227956e+00  1.79999987e+02
 7.88254877e+00  4.63856906e+01  7.88254877e+00  1.79999987e+02
 7.94328235e+00  4.63856906e+01  7.94328235e+00  1.79999987e+02
 8.00448386e+00  4.63856906e+01  8.00448386e+00  1.79999987e+02
 8.06615692e+00  4.63856906e+01  8.06615692e+00  1.79999987e+02
 8.12830516e+00  4.63856906e+01  8.12830516e+00  1.79999987e+02
 8.19093224e+00  4.63856906e+01  8.19093224e+00  1.79999987e+02
 8.25404185e+00  4.63856906e+01  8.25404185e+00  1.79999987e+02
 8.31763771e+00  4.63856906e+01  8.31763771e+00  1.79999987e+02
 8.38172356e+00  4.63856906e+01  8.38172356e+00  1.79999986e+02
 8.44630319e+00  4.63856906e+01  8.44630319e+00  1.79999986e+02
 8.51138038e+00  4.63856906e+01  8.51138038e+00  1.79999986e+02
 8.57695899e+00  4.63856906e+01  8.57695899e+00  1.79999986e+02
 8.64304286e+00  4.63856906e+01  8.64304286e+00  1.79999986e+02
 8.70963590e+00  4.63856906e+01  8.70963590e+00  1.79999986e+02
 8.77674203e+00  4.63856906e+01  8.77674203e+00  1.79999986e+02
 8.84436519e+00  4.63856906e+01  8.84436519e+00  1.79999986e+02
 8.91250938e+00  4.63856906e+01  8.91250938e+00  1.79999986e+02
 8.98117861e+00  4.63856906e+01  8.98117861e+00  1.79999985e+02
 9.05037692e+00  4.63856906e+01  9.05037692e+00  1.79999985e+02
 9.12010839e+00  4.63856906e+01  9.12010839e+00  1.79999985e+02
 9.19037713e+00  4.63856906e+01  9.19037713e+00  1.79999985e+02
 9.26118728e+00  4.63856906e+01  9.26118728e+00  1.79999985e+02
 9.33254301e+00  4.63856906e+01  9.33254301e+00  1.79999985e+02
 9.40444852e+00  4.63856906e+01  9.40444852e+00  1.79999985e+02
 9.47690805e+00  4.63856906e+01  9.47690805e+00  1.79999985e+02
 9.54992586e+00  4.63856906e+01  9.54992586e+00  1.79999985e+02
 9.62350626e+00  4.63856906e+01  9.62350626e+00  1.79999984e+02
 9.69765359e+00  4.63856906e+01  9.69765359e+00  1.79999984e+02
 9.77237221e+00  4.63856906e+01  9.77237221e+00  1.79999984e+02
 9.84766652e+00  4.63856906e+01  9.84766652e+00  1.79999984e+02
 9.92354096e+00  4.63856906e+01  9.92354096e+00  1.79999984e+02
 1.00000000e+01  4.63856906e+01  1.00000000e+01  1.79999984e+02
 1.00770481e+01  4.63856906e+01  1.00770481e+01  1.79999984e+02
 1.01546899e+01  4.63856906e+01  1.01546899e+01  1.79999984e+02
 1.02329299e+01  4.63856906e+01  1.02329299e+01  1.79999983e+02
 1.03117727e+01  4.63856906e+01  1.03117727e+01  1.79999983e+02
 1.03912230e+01  4.63856906e+01  1.03912230e+01  1.79999983e+02
 1.04712855e+01  4.63856906e+01  1.04712855e+01  1.79999983e+02
 1.05519648e+01  4.63856906e+01  1.05519648e+01  1.79999983e+02
 1.06332657e+01  4.63856906e+01  1.06332657e+01  1.79999983e+02
 1.07151931e+01  4.63856906e+01  1.07151931e+01  1.79999983e+02
 1.07977516e+01  4.63856906e+01  1.07977516e+01  1.79999983e+02
 1.08809463e+01  4.63856906e+01  1.08809463e+01  1.79999982e+02
 1.09647820e+01  4.63856906e+01  1.09647820e+01  1.79999982e+02
 1.10492636e+01  4.63856906e+01  1.10492636e+01  1.79999982e+02
 1.11343961e+01  4.63856906e+01  1.11343961e+01  1.79999982e+02
 1.12201845e+01  4.63856906e+01  1.12201845e+01  1.79999982e+02
 1.13066340e+01  4.63856906e+01  1.13066340e+01  1.79999982e+02
 1.13937495e+01  4.63856906e+01  1.13937495e+01  1.79999982e+02
 1.14815362e+01  4.63856906e+01  1.14815362e+01  1.79999981e+02
 1.15699993e+01  4.63856906e+01  1.15699993e+01  1.79999981e+02
 1.16591440e+01  4.63856906e+01  1.16591440e+01  1.79999981e+02
 1.17489755e+01  4.63856906e+01  1.17489755e+01  1.79999981e+02
 1.18394992e+01  4.63856906e+01  1.18394992e+01  1.79999981e+02
 1.19307204e+01  4.63856906e+01  1.19307204e+01  1.79999981e+02
 1.20226443e+01  4.63856906e+01  1.20226443e+01  1.79999981e+02
 1.21152766e+01  4.63856906e+01  1.21152766e+01  1.79999980e+02
 1.22086225e+01  4.63856906e+01  1.22086225e+01  1.79999980e+02
 1.23026877e+01  4.63856906e+01  1.23026877e+01  1.79999980e+02
 1.23974776e+01  4.63856906e+01  1.23974776e+01  1.79999980e+02
 1.24929979e+01  4.63856906e+01  1.24929979e+01  1.79999980e+02
 1.25892541e+01  4.63856906e+01  1.25892541e+01  1.79999980e+02
 1.26862520e+01  4.63856906e+01  1.26862520e+01  1.79999979e+02
 1.27839972e+01  4.63856906e+01  1.27839972e+01  1.79999979e+02
 1.28824955e+01  4.63856906e+01  1.28824955e+01  1.79999979e+02
 1.29817528e+01  4.63856906e+01  1.29817528e+01  1.79999979e+02
 1.30817747e+01  4.63856906e+01  1.30817747e+01  1.79999979e+02
 1.31825674e+01  4.63856906e+01  1.31825674e+01  1.79999979e+02
 1.32841366e+01  4.63856906e+01  1.32841366e+01  1.79999979e+02
 1.33864884e+01  4.63856906e+01  1.33864884e+01  1.79999978e+02
 1.34896288e+01  4.63856906e+01  1.34896288e+01  1.79999978e+02
 1.35935639e+01  4.63856906e+01  1.35935639e+01  1.79999978e+02
 1.36982998e+01  4.63856906e+01  1.36982998e+01  1.79999978e+02
 1.38038426e+01  4.63856906e+01  1.38038426e+01  1.79999978e+02
 1.39101987e+01  4.63856906e+01  1.39101987e+01  1.79999977e+02
 1.40173742e+01  4.63856906e+01  1.40173742e+01  1.79999977e+02
 1.41253754e+01  4.63856906e+01  1.41253754e+01  1.79999977e+02
 1.42342088e+01  4.63856906e+01  1.42342088e+01  1.79999977e+02
 1.43438808e+01  4.63856906e+01  1.43438808e+01  1.79999977e+02
 1.44543977e+01  4.63856906e+01  1.44543977e+01  1.79999977e+02
 1.45657662e+01  4.63856906e+01  1.45657662e+01  1.79999976e+02
 1.46779927e+01  4.63856906e+01  1.46779927e+01  1.79999976e+02
 1.47910839e+01  4.63856906e+01  1.47910839e+01  1.79999976e+02
 1.49050464e+01  4.63856906e+01  1.49050464e+01  1.79999976e+02
 1.50198870e+01  4.63856906e+01  1.50198870e+01  1.79999976e+02
 1.51356125e+01  4.63856906e+01  1.51356125e+01  1.79999976e+02
 1.52522296e+01  4.63856906e+01  1.52522296e+01  1.79999975e+02
 1.53697452e+01  4.63856906e+01  1.53697452e+01  1.79999975e+02
 1.54881662e+01  4.63856906e+01  1.54881662e+01  1.79999975e+02
 1.56074996e+01  4.63856906e+01  1.56074996e+01  1.79999975e+02
 1.57277525e+01  4.63856906e+01  1.57277525e+01  1.79999975e+02
 1.58489319e+01  4.63856906e+01  1.58489319e+01  1.79999974e+02
 1.59710450e+01  4.63856906e+01  1.59710450e+01  1.79999974e+02
 1.60940989e+01  4.63856906e+01  1.60940989e+01  1.79999974e+02
 1.62181010e+01  4.63856906e+01  1.62181010e+01  1.79999974e+02
 1.63430584e+01  4.63856906e+01  1.63430584e+01  1.79999974e+02
 1.64689787e+01  4.63856906e+01  1.64689787e+01  1.79999973e+02
 1.65958691e+01  4.63856906e+01  1.65958691e+01  1.79999973e+02
 1.67237372e+01  4.63856906e+01  1.67237372e+01  1.79999973e+02
 1.68525904e+01  4.63856906e+01  1.68525904e+01  1.79999973e+02
 1.69824365e+01  4.63856906e+01  1.69824365e+01  1.79999973e+02
 1.71132830e+01  4.63856906e+01  1.71132830e+01  1.79999972e+02
 1.72451377e+01  4.63856906e+01  1.72451377e+01  1.79999972e+02
 1.73780083e+01  4.63856906e+01  1.73780083e+01  1.79999972e+02
 1.75119026e+01  4.63856906e+01  1.75119026e+01  1.79999972e+02
 1.76468286e+01  4.63856906e+01  1.76468286e+01  1.79999971e+02
 1.77827941e+01  4.63856906e+01  1.77827941e+01  1.79999971e+02
 1.79198072e+01  4.63856906e+01  1.79198072e+01  1.79999971e+02
 1.80578760e+01  4.63856906e+01  1.80578760e+01  1.79999971e+02
 1.81970086e+01  4.63856906e+01  1.81970086e+01  1.79999971e+02
 1.83372132e+01  4.63856906e+01  1.83372132e+01  1.79999970e+02
 1.84784980e+01  4.63856906e+01  1.84784980e+01  1.79999970e+02
 1.86208714e+01  4.63856906e+01  1.86208714e+01  1.79999970e+02
 1.87643417e+01  4.63856906e+01  1.87643417e+01  1.79999970e+02
 1.89089175e+01  4.63856906e+01  1.89089175e+01  1.79999969e+02
 1.90546072e+01  4.63856906e+01  1.90546072e+01  1.79999969e+02
 1.92014194e+01  4.63856906e+01  1.92014194e+01  1.79999969e+02
 1.93493628e+01  4.63856906e+01  1.93493628e+01  1.79999969e+02
 1.94984460e+01  4.63856906e+01  1.94984460e+01  1.79999968e+02
 1.96486779e+01  4.63856906e+01  1.96486779e+01  1.79999968e+02
 1.98000673e+01  4.63856906e+01  1.98000673e+01  1.79999968e+02
 1.99526231e+01  4.63856906e+01  1.99526231e+01  1.79999968e+02
 2.01063544e+01  4.63856906e+01  2.01063544e+01  1.79999967e+02
 2.02612701e+01  4.63856906e+01  2.02612701e+01  1.79999967e+02
 2.04173794e+01  4.63856906e+01  2.04173794e+01  1.79999967e+02
 2.05746916e+01  4.63856906e+01  2.05746916e+01  1.79999967e+02
 2.07332157e+01  4.63856906e+01  2.07332157e+01  1.79999966e+02
 2.08929613e+01  4.63856906e+01  2.08929613e+01  1.79999966e+02
 2.10539377e+01  4.63856906e+01  2.10539377e+01  1.79999966e+02
 2.12161544e+01  4.63856906e+01  2.12161544e+01  1.79999966e+02
 2.13796209e+01  4.63856906e+01  2.13796209e+01  1.79999965e+02
 2.15443469e+01  4.63856906e+01  2.15443469e+01  1.79999965e+02
 2.17103421e+01  4.63856906e+01  2.17103421e+01  1.79999965e+02
 2.18776162e+01  4.63856906e+01  2.18776162e+01  1.79999965e+02
 2.20461792e+01  4.63856906e+01  2.20461792e+01  1.79999964e+02
 2.22160409e+01  4.63856906e+01  2.22160409e+01  1.79999964e+02
 2.23872114e+01  4.63856906e+01  2.23872114e+01  1.79999964e+02
 2.25597007e+01  4.63856906e+01  2.25597007e+01  1.79999964e+02
 2.27335190e+01  4.63856906e+01  2.27335190e+01  1.79999963e+02
 2.29086765e+01  4.63856906e+01  2.29086765e+01  1.79999963e+02
 2.30851836e+01  4.63856906e+01  2.30851836e+01  1.79999963e+02
 2.32630507e+01  4.63856906e+01  2.32630507e+01  1.79999962e+02
 2.34422882e+01  4.63856906e+01  2.34422882e+01  1.79999962e+02
 2.36229066e+01  4.63856906e+01  2.36229066e+01  1.79999962e+02
 2.38049167e+01  4.63856906e+01  2.38049167e+01  1.79999961e+02
 2.39883292e+01  4.63856906e+01  2.39883292e+01  1.79999961e+02
 2.41731548e+01  4.63856906e+01  2.41731548e+01  1.79999961e+02
 2.43594045e+01  4.63856906e+01  2.43594045e+01  1.79999961e+02
 2.45470892e+01  4.63856906e+01  2.45470892e+01  1.79999960e+02
 2.47362199e+01  4.63856906e+01  2.47362199e+01  1.79999960e+02
 2.49268079e+01  4.63856906e+01  2.49268079e+01  1.79999960e+02
 2.51188643e+01  4.63856906e+01  2.51188643e+01  1.79999959e+02
 2.53124005e+01  4.63856906e+01  2.53124005e+01  1.79999959e+02
 2.55074278e+01  4.63856906e+01  2.55074278e+01  1.79999959e+02
 2.57039578e+01  4.63856906e+01  2.57039578e+01  1.79999958e+02
 2.59020020e+01  4.63856906e+01  2.59020020e+01  1.79999958e+02
 2.61015722e+01  4.63856906e+01  2.61015722e+01  1.79999958e+02
 2.63026799e+01  4.63856906e+01  2.63026799e+01  1.79999957e+02
 2.65053372e+01  4.63856906e+01  2.65053372e+01  1.79999957e+02
 2.67095559e+01  4.63856906e+01  2.67095559e+01  1.79999957e+02
 2.69153480e+01  4.63856906e+01  2.69153480e+01  1.79999956e+02
 2.71227258e+01  4.63856906e+01  2.71227258e+01  1.79999956e+02
 2.73317014e+01  4.63856906e+01  2.73317014e+01  1.79999956e+02
 2.75422870e+01  4.63856906e+01  2.75422870e+01  1.79999955e+02
 2.77544952e+01  4.63856906e+01  2.77544952e+01  1.79999955e+02
 2.79683385e+01  4.63856906e+01  2.79683385e+01  1.79999955e+02
 2.81838293e+01  4.63856906e+01  2.81838293e+01  1.79999954e+02
 2.84009805e+01  4.63856906e+01  2.84009805e+01  1.79999954e+02
 2.86198048e+01  4.63856906e+01  2.86198048e+01  1.79999954e+02
 2.88403150e+01  4.63856906e+01  2.88403150e+01  1.79999953e+02
 2.90625243e+01  4.63856906e+01  2.90625243e+01  1.79999953e+02
 2.92864456e+01  4.63856906e+01  2.92864456e+01  1.79999953e+02
 2.95120923e+01  4.63856906e+01  2.95120923e+01  1.79999952e+02
 2.97394775e+01  4.63856906e+01  2.97394775e+01  1.79999952e+02
 2.99686146e+01  4.63856906e+01  2.99686146e+01  1.79999952e+02
 3.01995172e+01  4.63856906e+01  3.01995172e+01  1.79999951e+02
 3.04321989e+01  4.63856906e+01  3.04321989e+01  1.79999951e+02
 3.06666733e+01  4.63856906e+01  3.06666733e+01  1.79999950e+02
 3.09029543e+01  4.63856906e+01  3.09029543e+01  1.79999950e+02
 3.11410558e+01  4.63856906e+01  3.11410558e+01  1.79999950e+02
 3.13809919e+01  4.63856906e+01  3.13809919e+01  1.79999949e+02
 3.16227766e+01  4.63856906e+01  3.16227766e+01  1.79999949e+02
 3.18664242e+01  4.63856906e+01  3.18664242e+01  1.79999948e+02
 3.21119491e+01  4.63856906e+01  3.21119491e+01  1.79999948e+02
 3.23593657e+01  4.63856906e+01  3.23593657e+01  1.79999948e+02
 3.26086886e+01  4.63856906e+01  3.26086886e+01  1.79999947e+02
 3.28599325e+01  4.63856906e+01  3.28599325e+01  1.79999947e+02
 3.31131121e+01  4.63856906e+01  3.31131121e+01  1.79999946e+02
 3.33682425e+01  4.63856906e+01  3.33682425e+01  1.79999946e+02
 3.36253386e+01  4.63856906e+01  3.36253386e+01  1.79999946e+02
 3.38844156e+01  4.63856906e+01  3.38844156e+01  1.79999945e+02
 3.41454887e+01  4.63856906e+01  3.41454887e+01  1.79999945e+02
 3.44085734e+01  4.63856906e+01  3.44085734e+01  1.79999944e+02
 3.46736850e+01  4.63856906e+01  3.46736850e+01  1.79999944e+02
 3.49408393e+01  4.63856906e+01  3.49408393e+01  1.79999943e+02
 3.52100520e+01  4.63856906e+01  3.52100520e+01  1.79999943e+02
 3.54813389e+01  4.63856906e+01  3.54813389e+01  1.79999943e+02
 3.57547160e+01  4.63856906e+01  3.57547160e+01  1.79999942e+02
 3.60301995e+01  4.63856906e+01  3.60301995e+01  1.79999942e+02
 3.63078055e+01  4.63856906e+01  3.63078055e+01  1.79999941e+02
 3.65875504e+01  4.63856906e+01  3.65875504e+01  1.79999941e+02
 3.68694506e+01  4.63856906e+01  3.68694506e+01  1.79999940e+02
 3.71535229e+01  4.63856906e+01  3.71535229e+01  1.79999940e+02
 3.74397839e+01  4.63856906e+01  3.74397839e+01  1.79999939e+02
 3.77282505e+01  4.63856906e+01  3.77282505e+01  1.79999939e+02
 3.80189396e+01  4.63856906e+01  3.80189396e+01  1.79999938e+02
 3.83118685e+01  4.63856906e+01  3.83118685e+01  1.79999938e+02
 3.86070543e+01  4.63856906e+01  3.86070543e+01  1.79999938e+02
 3.89045145e+01  4.63856906e+01  3.89045145e+01  1.79999937e+02
 3.92042666e+01  4.63856906e+01  3.92042666e+01  1.79999937e+02
 3.95063281e+01  4.63856906e+01  3.95063281e+01  1.79999936e+02
 3.98107171e+01  4.63856906e+01  3.98107171e+01  1.79999936e+02
 4.01174512e+01  4.63856906e+01  4.01174512e+01  1.79999935e+02
 4.04265487e+01  4.63856906e+01  4.04265487e+01  1.79999935e+02
 4.07380278e+01  4.63856906e+01  4.07380278e+01  1.79999934e+02
 4.10519067e+01  4.63856906e+01  4.10519067e+01  1.79999934e+02
 4.13682040e+01  4.63856906e+01  4.13682040e+01  1.79999933e+02
 4.16869383e+01  4.63856906e+01  4.16869383e+01  1.79999933e+02
 4.20081285e+01  4.63856906e+01  4.20081285e+01  1.79999932e+02
 4.23317933e+01  4.63856906e+01  4.23317933e+01  1.79999932e+02
 4.26579519e+01  4.63856906e+01  4.26579519e+01  1.79999931e+02
 4.29866235e+01  4.63856906e+01  4.29866235e+01  1.79999930e+02
 4.33178274e+01  4.63856906e+01  4.33178274e+01  1.79999930e+02
 4.36515832e+01  4.63856906e+01  4.36515832e+01  1.79999929e+02
 4.39879106e+01  4.63856906e+01  4.39879106e+01  1.79999929e+02
 4.43268292e+01  4.63856906e+01  4.43268292e+01  1.79999928e+02
 4.46683592e+01  4.63856906e+01  4.46683592e+01  1.79999928e+02
 4.50125206e+01  4.63856906e+01  4.50125206e+01  1.79999927e+02
 4.53593337e+01  4.63856906e+01  4.53593337e+01  1.79999927e+02
 4.57088190e+01  4.63856906e+01  4.57088190e+01  1.79999926e+02
 4.60609969e+01  4.63856906e+01  4.60609969e+01  1.79999925e+02
 4.64158883e+01  4.63856906e+01  4.64158883e+01  1.79999925e+02
 4.67735141e+01  4.63856906e+01  4.67735141e+01  1.79999924e+02
 4.71338954e+01  4.63856906e+01  4.71338954e+01  1.79999924e+02
 4.74970533e+01  4.63856906e+01  4.74970533e+01  1.79999923e+02
 4.78630092e+01  4.63856906e+01  4.78630092e+01  1.79999923e+02
 4.82317848e+01  4.63856906e+01  4.82317848e+01  1.79999922e+02
 4.86034018e+01  4.63856906e+01  4.86034018e+01  1.79999921e+02
 4.89778819e+01  4.63856906e+01  4.89778819e+01  1.79999921e+02
 4.93552474e+01  4.63856906e+01  4.93552474e+01  1.79999920e+02
 4.97355204e+01  4.63856906e+01  4.97355204e+01  1.79999920e+02
 5.01187234e+01  4.63856906e+01  5.01187234e+01  1.79999919e+02
 5.05048788e+01  4.63856906e+01  5.05048788e+01  1.79999918e+02
 5.08940095e+01  4.63856906e+01  5.08940095e+01  1.79999918e+02
 5.12861384e+01  4.63856906e+01  5.12861384e+01  1.79999917e+02
 5.16812886e+01  4.63856906e+01  5.16812886e+01  1.79999916e+02
 5.20794833e+01  4.63856906e+01  5.20794833e+01  1.79999916e+02
 5.24807460e+01  4.63856906e+01  5.24807460e+01  1.79999915e+02
 5.28851004e+01  4.63856906e+01  5.28851004e+01  1.79999914e+02
 5.32925703e+01  4.63856906e+01  5.32925703e+01  1.79999914e+02
 5.37031796e+01  4.63856906e+01  5.37031796e+01  1.79999913e+02
 5.41169527e+01  4.63856906e+01  5.41169527e+01  1.79999912e+02
 5.45339137e+01  4.63856906e+01  5.45339137e+01  1.79999912e+02
 5.49540874e+01  4.63856906e+01  5.49540874e+01  1.79999911e+02
 5.53774984e+01  4.63856906e+01  5.53774984e+01  1.79999910e+02
 5.58041717e+01  4.63856906e+01  5.58041717e+01  1.79999910e+02
 5.62341325e+01  4.63856906e+01  5.62341325e+01  1.79999909e+02
 5.66674061e+01  4.63856906e+01  5.66674061e+01  1.79999908e+02
 5.71040179e+01  4.63856906e+01  5.71040179e+01  1.79999908e+02
 5.75439937e+01  4.63856906e+01  5.75439937e+01  1.79999907e+02
 5.79873595e+01  4.63856906e+01  5.79873595e+01  1.79999906e+02
 5.84341413e+01  4.63856906e+01  5.84341413e+01  1.79999905e+02
 5.88843655e+01  4.63856906e+01  5.88843655e+01  1.79999905e+02
 5.93380586e+01  4.63856906e+01  5.93380586e+01  1.79999904e+02
 5.97952473e+01  4.63856906e+01  5.97952473e+01  1.79999903e+02
 6.02559586e+01  4.63856906e+01  6.02559586e+01  1.79999903e+02
 6.07202196e+01  4.63856906e+01  6.07202196e+01  1.79999902e+02
 6.11880576e+01  4.63856906e+01  6.11880576e+01  1.79999901e+02
 6.16595002e+01  4.63856906e+01  6.16595002e+01  1.79999900e+02
 6.21345752e+01  4.63856906e+01  6.21345752e+01  1.79999899e+02
 6.26133105e+01  4.63856906e+01  6.26133105e+01  1.79999899e+02
 6.30957344e+01  4.63856906e+01  6.30957344e+01  1.79999898e+02
 6.35818754e+01  4.63856906e+01  6.35818754e+01  1.79999897e+02
 6.40717619e+01  4.63856906e+01  6.40717619e+01  1.79999896e+02
 6.45654229e+01  4.63856906e+01  6.45654229e+01  1.79999896e+02
 6.50628875e+01  4.63856906e+01  6.50628875e+01  1.79999895e+02
 6.55641849e+01  4.63856906e+01  6.55641849e+01  1.79999894e+02
 6.60693448e+01  4.63856906e+01  6.60693448e+01  1.79999893e+02
 6.65783968e+01  4.63856906e+01  6.65783968e+01  1.79999892e+02
 6.70913710e+01  4.63856906e+01  6.70913710e+01  1.79999891e+02
 6.76082975e+01  4.63856906e+01  6.76082975e+01  1.79999891e+02
 6.81292069e+01  4.63856906e+01  6.81292069e+01  1.79999890e+02
 6.86541298e+01  4.63856906e+01  6.86541298e+01  1.79999889e+02
 6.91830971e+01  4.63856906e+01  6.91830971e+01  1.79999888e+02
 6.97161400e+01  4.63856906e+01  6.97161400e+01  1.79999887e+02
 7.02532899e+01  4.63856906e+01  7.02532899e+01  1.79999886e+02
 7.07945784e+01  4.63856906e+01  7.07945784e+01  1.79999885e+02
 7.13400375e+01  4.63856906e+01  7.13400375e+01  1.79999885e+02
 7.18896992e+01  4.63856906e+01  7.18896992e+01  1.79999884e+02
 7.24435960e+01  4.63856906e+01  7.24435960e+01  1.79999883e+02
 7.30017605e+01  4.63856906e+01  7.30017605e+01  1.79999882e+02
 7.35642254e+01  4.63856906e+01  7.35642254e+01  1.79999881e+02
 7.41310241e+01  4.63856906e+01  7.41310241e+01  1.79999880e+02
 7.47021899e+01  4.63856906e+01  7.47021899e+01  1.79999879e+02
 7.52777564e+01  4.63856906e+01  7.52777564e+01  1.79999878e+02
 7.58577575e+01  4.63856906e+01  7.58577575e+01  1.79999877e+02
 7.64422274e+01  4.63856906e+01  7.64422274e+01  1.79999876e+02
 7.70312006e+01  4.63856906e+01  7.70312006e+01  1.79999875e+02
 7.76247117e+01  4.63856906e+01  7.76247117e+01  1.79999874e+02
 7.82227956e+01  4.63856906e+01  7.82227956e+01  1.79999873e+02
 7.88254877e+01  4.63856906e+01  7.88254877e+01  1.79999872e+02
 7.94328235e+01  4.63856906e+01  7.94328235e+01  1.79999871e+02
 8.00448386e+01  4.63856906e+01  8.00448386e+01  1.79999871e+02
 8.06615692e+01  4.63856906e+01  8.06615692e+01  1.79999870e+02
 8.12830516e+01  4.63856906e+01  8.12830516e+01  1.79999869e+02
 8.19093224e+01  4.63856906e+01  8.19093224e+01  1.79999867e+02
 8.25404185e+01  4.63856906e+01  8.25404185e+01  1.79999866e+02
 8.31763771e+01  4.63856906e+01  8.31763771e+01  1.79999865e+02
 8.38172356e+01  4.63856906e+01  8.38172356e+01  1.79999864e+02
 8.44630319e+01  4.63856906e+01  8.44630319e+01  1.79999863e+02
 8.51138038e+01  4.63856906e+01  8.51138038e+01  1.79999862e+02
 8.57695899e+01  4.63856906e+01  8.57695899e+01  1.79999861e+02
 8.64304286e+01  4.63856906e+01  8.64304286e+01  1.79999860e+02
 8.70963590e+01  4.63856906e+01  8.70963590e+01  1.79999859e+02
 8.77674203e+01  4.63856906e+01  8.77674203e+01  1.79999858e+02
 8.84436519e+01  4.63856906e+01  8.84436519e+01  1.79999857e+02
 8.91250938e+01  4.63856906e+01  8.91250938e+01  1.79999856e+02
 8.98117861e+01  4.63856906e+01  8.98117861e+01  1.79999855e+02
 9.05037692e+01  4.63856906e+01  9.05037692e+01  1.79999854e+02
 9.12010839e+01  4.63856906e+01  9.12010839e+01  1.79999852e+02
 9.19037713e+01  4.63856906e+01  9.19037713e+01  1.79999851e+02
 9.26118728e+01  4.63856906e+01  9.26118728e+01  1.79999850e+02
 9.33254301e+01  4.63856906e+01  9.33254301e+01  1.79999849e+02
 9.40444852e+01  4.63856906e+01  9.40444852e+01  1.79999848e+02
 9.47690805e+01  4.63856906e+01  9.47690805e+01  1.79999847e+02
 9.54992586e+01  4.63856906e+01  9.54992586e+01  1.79999846e+02
 9.62350626e+01  4.63856906e+01  9.62350626e+01  1.79999844e+02
 9.69765359e+01  4.63856906e+01  9.69765359e+01  1.79999843e+02
 9.77237221e+01  4.63856906e+01  9.77237221e+01  1.79999842e+02
 9.84766652e+01  4.63856906e+01  9.84766652e+01  1.79999841e+02
 9.92354096e+01  4.63856906e+01  9.92354096e+01  1.79999839e+02
 1.00000000e+02  4.63856906e+01  1.00000000e+02  1.79999838e+02
 1.00770481e+02  4.63856906e+01  1.00770481e+02  1.79999837e+02
 1.01546899e+02  4.63856906e+01  1.01546899e+02  1.79999836e+02
 1.02329299e+02  4.63856906e+01  1.02329299e+02  1.79999834e+02
 1.03117727e+02  4.63856906e+01  1.03117727e+02  1.79999833e+02
 1.03912230e+02  4.63856906e+01  1.03912230e+02  1.79999832e+02
 1.04712855e+02  4.63856906e+01  1.04712855e+02  1.79999831e+02
 1.05519648e+02  4.63856906e+01  1.05519648e+02  1.79999829e+02
 1.06332657e+02  4.63856906e+01  1.06332657e+02  1.79999828e+02
 1.07151931e+02  4.63856906e+01  1.07151931e+02  1.79999827e+02
 1.07977516e+02  4.63856906e+01  1.07977516e+02  1.79999825e+02
 1.08809463e+02  4.63856906e+01  1.08809463e+02  1.79999824e+02
 1.09647820e+02  4.63856906e+01  1.09647820e+02  1.79999823e+02
 1.10492636e+02  4.63856906e+01  1.10492636e+02  1.79999821e+02
 1.11343961e+02  4.63856906e+01  1.11343961e+02  1.79999820e+02
 1.12201845e+02  4.63856906e+01  1.12201845e+02  1.79999818e+02
 1.13066340e+02  4.63856906e+01  1.13066340e+02  1.79999817e+02
 1.13937495e+02  4.63856906e+01  1.13937495e+02  1.79999816e+02
 1.14815362e+02  4.63856906e+01  1.14815362e+02  1.79999814e+02
 1.15699993e+02  4.63856906e+01  1.15699993e+02  1.79999813e+02
 1.16591440e+02  4.63856906e+01  1.16591440e+02  1.79999811e+02
 1.17489755e+02  4.63856906e+01  1.17489755e+02  1.79999810e+02
 1.18394992e+02  4.63856906e+01  1.18394992e+02  1.79999808e+02
 1.19307204e+02  4.63856906e+01  1.19307204e+02  1.79999807e+02
 1.20226443e+02  4.63856906e+01  1.20226443e+02  1.79999806e+02
 1.21152766e+02  4.63856906e+01  1.21152766e+02  1.79999804e+02
 1.22086225e+02  4.63856906e+01  1.22086225e+02  1.79999802e+02
 1.23026877e+02  4.63856906e+01  1.23026877e+02  1.79999801e+02
 1.23974776e+02  4.63856906e+01  1.23974776e+02  1.79999799e+02
 1.24929979e+02  4.63856906e+01  1.24929979e+02  1.79999798e+02
 1.25892541e+02  4.63856906e+01  1.25892541e+02  1.79999796e+02
 1.26862520e+02  4.63856906e+01  1.26862520e+02  1.79999795e+02
 1.27839972e+02  4.63856906e+01  1.27839972e+02  1.79999793e+02
 1.28824955e+02  4.63856906e+01  1.28824955e+02  1.79999792e+02
 1.29817528e+02  4.63856906e+01  1.29817528e+02  1.79999790e+02
 1.30817747e+02  4.63856906e+01  1.30817747e+02  1.79999788e+02
 1.31825674e+02  4.63856906e+01  1.31825674e+02  1.79999787e+02
 1.32841366e+02  4.63856906e+01  1.32841366e+02  1.79999785e+02
 1.33864884e+02  4.63856906e+01  1.33864884e+02  1.79999783e+02
 1.34896288e+02  4.63856906e+01  1.34896288e+02  1.79999782e+02
 1.35935639e+02  4.63856906e+01  1.35935639e+02  1.79999780e+02
 1.36982998e+02  4.63856906e+01  1.36982998e+02  1.79999778e+02
 1.38038426e+02  4.63856906e+01  1.38038426e+02  1.79999777e+02
 1.39101987e+02  4.63856906e+01  1.39101987e+02  1.79999775e+02
 1.40173742e+02  4.63856906e+01  1.40173742e+02  1.79999773e+02
 1.41253754e+02  4.63856906e+01  1.41253754e+02  1.79999771e+02
 1.42342088e+02  4.63856906e+01  1.42342088e+02  1.79999770e+02
 1.43438808e+02  4.63856906e+01  1.43438808e+02  1.79999768e+02
 1.44543977e+02  4.63856906e+01  1.44543977e+02  1.79999766e+02
 1.45657662e+02  4.63856906e+01  1.45657662e+02  1.79999764e+02
 1.46779927e+02  4.63856906e+01  1.46779927e+02  1.79999763e+02
 1.47910839e+02  4.63856906e+01  1.47910839e+02  1.79999761e+02
 1.49050464e+02  4.63856906e+01  1.49050464e+02  1.79999759e+02
 1.50198870e+02  4.63856906e+01  1.50198870e+02  1.79999757e+02
 1.51356125e+02  4.63856906e+01  1.51356125e+02  1.79999755e+02
 1.52522296e+02  4.63856906e+01  1.52522296e+02  1.79999753e+02
 1.53697452e+02  4.63856906e+01  1.53697452e+02  1.79999751e+02
 1.54881662e+02  4.63856906e+01  1.54881662e+02  1.79999749e+02
 1.56074996e+02  4.63856906e+01  1.56074996e+02  1.79999748e+02
 1.57277525e+02  4.63856906e+01  1.57277525e+02  1.79999746e+02
 1.58489319e+02  4.63856906e+01  1.58489319e+02  1.79999744e+02
 1.59710450e+02  4.63856906e+01  1.59710450e+02  1.79999742e+02
 1.60940989e+02  4.63856906e+01  1.60940989e+02  1.79999740e+02
 1.62181010e+02  4.63856906e+01  1.62181010e+02  1.79999738e+02
 1.63430584e+02  4.63856906e+01  1.63430584e+02  1.79999736e+02
 1.64689787e+02  4.63856906e+01  1.64689787e+02  1.79999734e+02
 1.65958691e+02  4.63856906e+01  1.65958691e+02  1.79999732e+02
 1.67237372e+02  4.63856906e+01  1.67237372e+02  1.79999729e+02
 1.68525904e+02  4.63856906e+01  1.68525904e+02  1.79999727e+02
 1.69824365e+02  4.63856906e+01  1.69824365e+02  1.79999725e+02
 1.71132830e+02  4.63856906e+01  1.71132830e+02  1.79999723e+02
 1.72451377e+02  4.63856906e+01  1.72451377e+02  1.79999721e+02
 1.73780083e+02  4.63856906e+01  1.73780083e+02  1.79999719e+02
 1.75119026e+02  4.63856906e+01  1.75119026e+02  1.79999717e+02
 1.76468286e+02  4.63856906e+01  1.76468286e+02  1.79999715e+02
 1.77827941e+02  4.63856906e+01  1.77827941e+02  1.79999712e+02
 1.79198072e+02  4.63856906e+01  1.79198072e+02  1.79999710e+02
 1.80578760e+02  4.63856906e+01  1.80578760e+02  1.79999708e+02
 1.81970086e+02  4.63856906e+01  1.81970086e+02  1.79999706e+02
 1.83372132e+02  4.63856906e+01  1.83372132e+02  1.79999703e+02
 1.84784980e+02  4.63856906e+01  1.84784980e+02  1.79999701e+02
 1.86208714e+02  4.63856906e+01  1.86208714e+02  1.79999699e+02
 1.87643417e+02  4.63856906e+01  1.87643417e+02  1.79999696e+02
 1.89089175e+02  4.63856906e+01  1.89089175e+02  1.79999694e+02
 1.90546072e+02  4.63856906e+01  1.90546072e+02  1.79999692e+02
 1.92014194e+02  4.63856906e+01  1.92014194e+02  1.79999689e+02
 1.93493628e+02  4.63856906e+01  1.93493628e+02  1.79999687e+02
 1.94984460e+02  4.63856906e+01  1.94984460e+02  1.79999685e+02
 1.96486779e+02  4.63856906e+01  1.96486779e+02  1.79999682e+02
 1.98000673e+02  4.63856906e+01  1.98000673e+02  1.79999680e+02
 1.99526231e+02  4.63856906e+01  1.99526231e+02  1.79999677e+02
 2.01063544e+02  4.63856906e+01  2.01063544e+02  1.79999675e+02
 2.02612701e+02  4.63856906e+01  2.02612701e+02  1.79999672e+02
 2.04173794e+02  4.63856906e+01  2.04173794e+02  1.79999670e+02
 2.05746916e+02  4.63856906e+01  2.05746916e+02  1.79999667e+02
 2.07332157e+02  4.63856906e+01  2.07332157e+02  1.79999665e+02
 2.08929613e+02  4.63856906e+01  2.08929613e+02  1.79999662e+02
 2.10539377e+02  4.63856906e+01  2.10539377e+02  1.79999659e+02
 2.12161544e+02  4.63856906e+01  2.12161544e+02  1.79999657e+02
 2.13796209e+02  4.63856906e+01  2.13796209e+02  1.79999654e+02
 2.15443469e+02  4.63856906e+01  2.15443469e+02  1.79999651e+02
 2.17103421e+02  4.63856906e+01  2.17103421e+02  1.79999649e+02
 2.18776162e+02  4.63856906e+01  2.18776162e+02  1.79999646e+02
 2.20461792e+02  4.63856906e+01  2.20461792e+02  1.79999643e+02
 2.22160409e+02  4.63856906e+01  2.22160409e+02  1.79999641e+02
 2.23872114e+02  4.63856906e+01  2.23872114e+02  1.79999638e+02
 2.25597007e+02  4.63856906e+01  2.25597007e+02  1.79999635e+02
 2.27335190e+02  4.63856906e+01  2.27335190e+02  1.79999632e+02
 2.29086765e+02  4.63856906e+01  2.29086765e+02  1.79999629e+02
 2.30851836e+02  4.63856906e+01  2.30851836e+02  1.79999627e+02
 2.32630507e+02  4.63856906e+01  2.32630507e+02  1.79999624e+02
 2.34422882e+02  4.63856906e+01  2.34422882e+02  1.79999621e+02
 2.36229066e+02  4.63856906e+01  2.36229066e+02  1.79999618e+02
 2.38049167e+02  4.63856906e+01  2.38049167e+02  1.79999615e+02
 2.39883292e+02  4.63856906e+01  2.39883292e+02  1.79999612e+02
 2.41731548e+02  4.63856906e+01  2.41731548e+02  1.79999609e+02
 2.43594045e+02  4.63856906e+01  2.43594045e+02  1.79999606e+02
 2.45470892e+02  4.63856906e+01  2.45470892e+02  1.79999603e+02
 2.47362199e+02  4.63856906e+01  2.47362199e+02  1.79999600e+02
 2.49268079e+02  4.63856906e+01  2.49268079e+02  1.79999597e+02
 2.51188643e+02  4.63856906e+01  2.51188643e+02  1.79999594e+02
 2.53124005e+02  4.63856906e+01  2.53124005e+02  1.79999591e+02
 2.55074278e+02  4.63856906e+01  2.55074278e+02  1.79999587e+02
 2.57039578e+02  4.63856906e+01  2.57039578e+02  1.79999584e+02
 2.59020020e+02  4.63856906e+01  2.59020020e+02  1.79999581e+02
 2.61015722e+02  4.63856906e+01  2.61015722e+02  1.79999578e+02
 2.63026799e+02  4.63856906e+01  2.63026799e+02  1.79999574e+02
 2.65053372e+02  4.63856906e+01  2.65053372e+02  1.79999571e+02
 2.67095559e+02  4.63856906e+01  2.67095559e+02  1.79999568e+02
 2.69153480e+02  4.63856906e+01  2.69153480e+02  1.79999565e+02
 2.71227258e+02  4.63856906e+01  2.71227258e+02  1.79999561e+02
 2.73317014e+02  4.63856906e+01  2.73317014e+02  1.79999558e+02
 2.75422870e+02  4.63856906e+01  2.75422870e+02  1.79999554e+02
 2.77544952e+02  4.63856906e+01  2.77544952e+02  1.79999551e+02
 2.79683385e+02  4.63856906e+01  2.79683385e+02  1.79999548e+02
 2.81838293e+02  4.63856906e+01  2.81838293e+02  1.79999544e+02
 2.84009805e+02  4.63856906e+01  2.84009805e+02  1.79999541e+02
 2.86198048e+02  4.63856906e+01  2.86198048e+02  1.79999537e+02
 2.88403150e+02  4.63856906e+01  2.88403150e+02  1.79999533e+02
 2.90625243e+02  4.63856906e+01  2.90625243e+02  1.79999530e+02
 2.92864456e+02  4.63856906e+01  2.92864456e+02  1.79999526e+02
 2.95120923e+02  4.63856906e+01  2.95120923e+02  1.79999523e+02
 2.97394775e+02  4.63856906e+01  2.97394775e+02  1.79999519e+02
 2.99686146e+02  4.63856906e+01  2.99686146e+02  1.79999515e+02
 3.01995172e+02  4.63856906e+01  3.01995172e+02  1.79999511e+02
 3.04321989e+02  4.63856906e+01  3.04321989e+02  1.79999508e+02
 3.06666733e+02  4.63856906e+01  3.06666733e+02  1.79999504e+02
 3.09029543e+02  4.63856906e+01  3.09029543e+02  1.79999500e+02
 3.11410558e+02  4.63856906e+01  3.11410558e+02  1.79999496e+02
 3.13809919e+02  4.63856906e+01  3.13809919e+02  1.79999492e+02
 3.16227766e+02  4.63856906e+01  3.16227766e+02  1.79999488e+02
 3.18664242e+02  4.63856906e+01  3.18664242e+02  1.79999484e+02
 3.21119491e+02  4.63856906e+01  3.21119491e+02  1.79999481e+02
 3.23593657e+02  4.63856906e+01  3.23593657e+02  1.79999477e+02
 3.26086886e+02  4.63856906e+01  3.26086886e+02  1.79999472e+02
 3.28599325e+02  4.63856906e+01  3.28599325e+02  1.79999468e+02
 3.31131121e+02  4.63856907e+01  3.31131121e+02  1.79999464e+02
 3.33682425e+02  4.63856907e+01  3.33682425e+02  1.79999460e+02
 3.36253386e+02  4.63856907e+01  3.36253386e+02  1.79999456e+02
 3.38844156e+02  4.63856907e+01  3.38844156e+02  1.79999452e+02
 3.41454887e+02  4.63856907e+01  3.41454887e+02  1.79999448e+02
 3.44085734e+02  4.63856907e+01  3.44085734e+02  1.79999443e+02
 3.46736850e+02  4.63856907e+01  3.46736850e+02  1.79999439e+02
 3.49408393e+02  4.63856907e+01  3.49408393e+02  1.79999435e+02
 3.52100520e+02  4.63856907e+01  3.52100520e+02  1.79999430e+02
 3.54813389e+02  4.63856907e+01  3.54813389e+02  1.79999426e+02
 3.57547160e+02  4.63856907e+01  3.57547160e+02  1.79999422e+02
 3.60301995e+02  4.63856907e+01  3.60301995e+02  1.79999417e+02
 3.63078055e+02  4.63856907e+01  3.63078055e+02  1.79999413e+02
 3.65875504e+02  4.63856907e+01  3.65875504e+02  1.79999408e+02
 3.68694506e+02  4.63856907e+01  3.68694506e+02  1.79999404e+02
 3.71535229e+02  4.63856907e+01  3.71535229e+02  1.79999399e+02
 3.74397839e+02  4.63856907e+01  3.74397839e+02  1.79999394e+02
 3.77282505e+02  4.63856907e+01  3.77282505e+02  1.79999390e+02
 3.80189396e+02  4.63856907e+01  3.80189396e+02  1.79999385e+02
 3.83118685e+02  4.63856907e+01  3.83118685e+02  1.79999380e+02
 3.86070543e+02  4.63856907e+01  3.86070543e+02  1.79999375e+02
 3.89045145e+02  4.63856907e+01  3.89045145e+02  1.79999371e+02
 3.92042666e+02  4.63856907e+01  3.92042666e+02  1.79999366e+02
 3.95063281e+02  4.63856907e+01  3.95063281e+02  1.79999361e+02
 3.98107171e+02  4.63856907e+01  3.98107171e+02  1.79999356e+02
 4.01174512e+02  4.63856907e+01  4.01174512e+02  1.79999351e+02
 4.04265487e+02  4.63856907e+01  4.04265487e+02  1.79999346e+02
 4.07380278e+02  4.63856907e+01  4.07380278e+02  1.79999341e+02
 4.10519067e+02  4.63856907e+01  4.10519067e+02  1.79999336e+02
 4.13682040e+02  4.63856907e+01  4.13682040e+02  1.79999331e+02
 4.16869383e+02  4.63856907e+01  4.16869383e+02  1.79999326e+02
 4.20081285e+02  4.63856907e+01  4.20081285e+02  1.79999320e+02
 4.23317933e+02  4.63856907e+01  4.23317933e+02  1.79999315e+02
 4.26579519e+02  4.63856907e+01  4.26579519e+02  1.79999310e+02
 4.29866235e+02  4.63856907e+01  4.29866235e+02  1.79999305e+02
 4.33178274e+02  4.63856907e+01  4.33178274e+02  1.79999299e+02
 4.36515832e+02  4.63856907e+01  4.36515832e+02  1.79999294e+02
 4.39879106e+02  4.63856907e+01  4.39879106e+02  1.79999288e+02
 4.43268292e+02  4.63856907e+01  4.43268292e+02  1.79999283e+02
 4.46683592e+02  4.63856907e+01  4.46683592e+02  1.79999277e+02
 4.50125206e+02  4.63856907e+01  4.50125206e+02  1.79999272e+02
 4.53593337e+02  4.63856907e+01  4.53593337e+02  1.79999266e+02
 4.57088190e+02  4.63856907e+01  4.57088190e+02  1.79999261e+02
 4.60609969e+02  4.63856907e+01  4.60609969e+02  1.79999255e+02
 4.64158883e+02  4.63856907e+01  4.64158883e+02  1.79999249e+02
 4.67735141e+02  4.63856907e+01  4.67735141e+02  1.79999243e+02
 4.71338954e+02  4.63856907e+01  4.71338954e+02  1.79999238e+02
 4.74970533e+02  4.63856907e+01  4.74970533e+02  1.79999232e+02
 4.78630092e+02  4.63856907e+01  4.78630092e+02  1.79999226e+02
 4.82317848e+02  4.63856907e+01  4.82317848e+02  1.79999220e+02
 4.86034018e+02  4.63856907e+01  4.86034018e+02  1.79999214e+02
 4.89778819e+02  4.63856908e+01  4.89778819e+02  1.79999208e+02
 4.93552474e+02  4.63856908e+01  4.93552474e+02  1.79999202e+02
 4.97355204e+02  4.63856908e+01  4.97355204e+02  1.79999195e+02
 5.01187234e+02  4.63856908e+01  5.01187234e+02  1.79999189e+02
 5.05048788e+02  4.63856908e+01  5.05048788e+02  1.79999183e+02
 5.08940095e+02  4.63856908e+01  5.08940095e+02  1.79999177e+02
 5.12861384e+02  4.63856908e+01  5.12861384e+02  1.79999170e+02
 5.16812886e+02  4.63856908e+01  5.16812886e+02  1.79999164e+02
 5.20794833e+02  4.63856908e+01  5.20794833e+02  1.79999157e+02
 5.24807460e+02  4.63856908e+01  5.24807460e+02  1.79999151e+02
 5.28851004e+02  4.63856908e+01  5.28851004e+02  1.79999144e+02
 5.32925703e+02  4.63856908e+01  5.32925703e+02  1.79999138e+02
 5.37031796e+02  4.63856908e+01  5.37031796e+02  1.79999131e+02
 5.41169527e+02  4.63856908e+01  5.41169527e+02  1.79999125e+02
 5.45339137e+02  4.63856908e+01  5.45339137e+02  1.79999118e+02
 5.49540874e+02  4.63856908e+01  5.49540874e+02  1.79999111e+02
 5.53774984e+02  4.63856908e+01  5.53774984e+02  1.79999104e+02
 5.58041717e+02  4.63856908e+01  5.58041717e+02  1.79999097e+02
 5.62341325e+02  4.63856908e+01  5.62341325e+02  1.79999090e+02
 5.66674061e+02  4.63856908e+01  5.66674061e+02  1.79999083e+02
 5.71040179e+02  4.63856908e+01  5.71040179e+02  1.79999076e+02
 5.75439937e+02  4.63856908e+01  5.75439937e+02  1.79999069e+02
 5.79873595e+02  4.63856908e+01  5.79873595e+02  1.79999062e+02
 5.84341413e+02  4.63856908e+01  5.84341413e+02  1.79999055e+02
 5.88843655e+02  4.63856908e+01  5.88843655e+02  1.79999047e+02
 5.93380586e+02  4.63856908e+01  5.93380586e+02  1.79999040e+02
 5.97952473e+02  4.63856908e+01  5.97952473e+02  1.79999033e+02
 6.02559586e+02  4.63856908e+01  6.02559586e+02  1.79999025e+02
 6.07202196e+02  4.63856909e+01  6.07202196e+02  1.79999018e+02
 6.11880576e+02  4.63856909e+01  6.11880576e+02  1.79999010e+02
 6.16595002e+02  4.63856909e+01  6.16595002e+02  1.79999003e+02
 6.21345752e+02  4.63856909e+01  6.21345752e+02  1.79998995e+02
 6.26133105e+02  4.63856909e+01  6.26133105e+02  1.79998987e+02
 6.30957344e+02  4.63856909e+01  6.30957344e+02  1.79998979e+02
 6.35818754e+02  4.63856909e+01  6.35818754e+02  1.79998971e+02
 6.40717619e+02  4.63856909e+01  6.40717619e+02  1.79998963e+02
 6.45654229e+02  4.63856909e+01  6.45654229e+02  1.79998956e+02
 6.50628875e+02  4.63856909e+01  6.50628875e+02  1.79998947e+02
 6.55641849e+02  4.63856909e+01  6.55641849e+02  1.79998939e+02
 6.60693448e+02  4.63856909e+01  6.60693448e+02  1.79998931e+02
 6.65783968e+02  4.63856909e+01  6.65783968e+02  1.79998923e+02
 6.70913710e+02  4.63856909e+01  6.70913710e+02  1.79998915e+02
 6.76082975e+02  4.63856909e+01  6.76082975e+02  1.79998906e+02
 6.81292069e+02  4.63856909e+01  6.81292069e+02  1.79998898e+02
 6.86541298e+02  4.63856909e+01  6.86541298e+02  1.79998889e+02
 6.91830971e+02  4.63856909e+01  6.91830971e+02  1.79998881e+02
 6.97161400e+02  4.63856909e+01  6.97161400e+02  1.79998872e+02
 7.02532899e+02  4.63856909e+01  7.02532899e+02  1.79998863e+02
 7.07945784e+02  4.63856910e+01  7.07945784e+02  1.79998855e+02
 7.13400375e+02  4.63856910e+01  7.13400375e+02  1.79998846e+02
 7.18896992e+02  4.63856910e+01  7.18896992e+02  1.79998837e+02
 7.24435960e+02  4.63856910e+01  7.24435960e+02  1.79998828e+02
 7.30017605e+02  4.63856910e+01  7.30017605e+02  1.79998819e+02
 7.35642254e+02  4.63856910e+01  7.35642254e+02  1.79998810e+02
 7.41310241e+02  4.63856910e+01  7.41310241e+02  1.79998801e+02
 7.47021899e+02  4.63856910e+01  7.47021899e+02  1.79998792e+02
 7.52777564e+02  4.63856910e+01  7.52777564e+02  1.79998782e+02
 7.58577575e+02  4.63856910e+01  7.58577575e+02  1.79998773e+02
 7.64422274e+02  4.63856910e+01  7.64422274e+02  1.79998763e+02
 7.70312006e+02  4.63856910e+01  7.70312006e+02  1.79998754e+02
 7.76247117e+02  4.63856910e+01  7.76247117e+02  1.79998744e+02
 7.82227956e+02  4.63856910e+01  7.82227956e+02  1.79998735e+02
 7.88254877e+02  4.63856910e+01  7.88254877e+02  1.79998725e+02
 7.94328235e+02  4.63856911e+01  7.94328235e+02  1.79998715e+02
 8.00448386e+02  4.63856911e+01  8.00448386e+02  1.79998705e+02
 8.06615692e+02  4.63856911e+01  8.06615692e+02  1.79998695e+02
 8.12830516e+02  4.63856911e+01  8.12830516e+02  1.79998685e+02
 8.19093224e+02  4.63856911e+01  8.19093224e+02  1.79998675e+02
 8.25404185e+02  4.63856911e+01  8.25404185e+02  1.79998665e+02
 8.31763771e+02  4.63856911e+01  8.31763771e+02  1.79998654e+02
 8.38172356e+02  4.63856911e+01  8.38172356e+02  1.79998644e+02
 8.44630319e+02  4.63856911e+01  8.44630319e+02  1.79998634e+02
 8.51138038e+02  4.63856911e+01  8.51138038e+02  1.79998623e+02
 8.57695899e+02  4.63856911e+01  8.57695899e+02  1.79998612e+02
 8.64304286e+02  4.63856911e+01  8.64304286e+02  1.79998602e+02
 8.70963590e+02  4.63856912e+01  8.70963590e+02  1.79998591e+02
 8.77674203e+02  4.63856912e+01  8.77674203e+02  1.79998580e+02
 8.84436519e+02  4.63856912e+01  8.84436519e+02  1.79998569e+02
 8.91250938e+02  4.63856912e+01  8.91250938e+02  1.79998558e+02
 8.98117861e+02  4.63856912e+01  8.98117861e+02  1.79998547e+02
 9.05037692e+02  4.63856912e+01  9.05037692e+02  1.79998536e+02
 9.12010839e+02  4.63856912e+01  9.12010839e+02  1.79998525e+02
 9.19037713e+02  4.63856912e+01  9.19037713e+02  1.79998513e+02
 9.26118728e+02  4.63856912e+01  9.26118728e+02  1.79998502e+02
 9.33254301e+02  4.63856912e+01  9.33254301e+02  1.79998490e+02
 9.40444852e+02  4.63856913e+01  9.40444852e+02  1.79998479e+02
 9.47690805e+02  4.63856913e+01  9.47690805e+02  1.79998467e+02
 9.54992586e+02  4.63856913e+01  9.54992586e+02  1.79998455e+02
 9.62350626e+02  4.63856913e+01  9.62350626e+02  1.79998443e+02
 9.69765359e+02  4.63856913e+01  9.69765359e+02  1.79998431e+02
 9.77237221e+02  4.63856913e+01  9.77237221e+02  1.79998419e+02
 9.84766652e+02  4.63856913e+01  9.84766652e+02  1.79998407e+02
 9.92354096e+02  4.63856913e+01  9.92354096e+02  1.79998395e+02
 1.00000000e+03  4.63856913e+01  1.00000000e+03  1.79998382e+02
 1.00770481e+03  4.63856914e+01  1.00770481e+03  1.79998370e+02
 1.01546899e+03  4.63856914e+01  1.01546899e+03  1.79998357e+02
 1.02329299e+03  4.63856914e+01  1.02329299e+03  1.79998345e+02
 1.03117727e+03  4.63856914e+01  1.03117727e+03  1.79998332e+02
 1.03912230e+03  4.63856914e+01  1.03912230e+03  1.79998319e+02
 1.04712855e+03  4.63856914e+01  1.04712855e+03  1.79998306e+02
 1.05519648e+03  4.63856914e+01  1.05519648e+03  1.79998293e+02
 1.06332657e+03  4.63856914e+01  1.06332657e+03  1.79998280e+02
 1.07151931e+03  4.63856915e+01  1.07151931e+03  1.79998267e+02
 1.07977516e+03  4.63856915e+01  1.07977516e+03  1.79998253e+02
 1.08809463e+03  4.63856915e+01  1.08809463e+03  1.79998240e+02
 1.09647820e+03  4.63856915e+01  1.09647820e+03  1.79998226e+02
 1.10492636e+03  4.63856915e+01  1.10492636e+03  1.79998213e+02
 1.11343961e+03  4.63856915e+01  1.11343961e+03  1.79998199e+02
 1.12201845e+03  4.63856915e+01  1.12201845e+03  1.79998185e+02
 1.13066340e+03  4.63856916e+01  1.13066340e+03  1.79998171e+02
 1.13937495e+03  4.63856916e+01  1.13937495e+03  1.79998157e+02
 1.14815362e+03  4.63856916e+01  1.14815362e+03  1.79998143e+02
 1.15699993e+03  4.63856916e+01  1.15699993e+03  1.79998128e+02
 1.16591440e+03  4.63856916e+01  1.16591440e+03  1.79998114e+02
 1.17489755e+03  4.63856916e+01  1.17489755e+03  1.79998099e+02
 1.18394992e+03  4.63856917e+01  1.18394992e+03  1.79998085e+02
 1.19307204e+03  4.63856917e+01  1.19307204e+03  1.79998070e+02
 1.20226443e+03  4.63856917e+01  1.20226443e+03  1.79998055e+02
 1.21152766e+03  4.63856917e+01  1.21152766e+03  1.79998040e+02
 1.22086225e+03  4.63856917e+01  1.22086225e+03  1.79998025e+02
 1.23026877e+03  4.63856917e+01  1.23026877e+03  1.79998010e+02
 1.23974776e+03  4.63856918e+01  1.23974776e+03  1.79997994e+02
 1.24929979e+03  4.63856918e+01  1.24929979e+03  1.79997979e+02
 1.25892541e+03  4.63856918e+01  1.25892541e+03  1.79997963e+02
 1.26862520e+03  4.63856918e+01  1.26862520e+03  1.79997948e+02
 1.27839972e+03  4.63856918e+01  1.27839972e+03  1.79997932e+02
 1.28824955e+03  4.63856919e+01  1.28824955e+03  1.79997916e+02
 1.29817528e+03  4.63856919e+01  1.29817528e+03  1.79997900e+02
 1.30817747e+03  4.63856919e+01  1.30817747e+03  1.79997884e+02
 1.31825674e+03  4.63856919e+01  1.31825674e+03  1.79997867e+02
 1.32841366e+03  4.63856919e+01  1.32841366e+03  1.79997851e+02
 1.33864884e+03  4.63856920e+01  1.33864884e+03  1.79997834e+02
 1.34896288e+03  4.63856920e+01  1.34896288e+03  1.79997818e+02
 1.35935639e+03  4.63856920e+01  1.35935639e+03  1.79997801e+02
 1.36982998e+03  4.63856920e+01  1.36982998e+03  1.79997784e+02
 1.38038426e+03  4.63856920e+01  1.38038426e+03  1.79997767e+02
 1.39101987e+03  4.63856921e+01  1.39101987e+03  1.79997750e+02
 1.40173742e+03  4.63856921e+01  1.40173742e+03  1.79997732e+02
 1.41253754e+03  4.63856921e+01  1.41253754e+03  1.79997715e+02
 1.42342088e+03  4.63856921e+01  1.42342088e+03  1.79997697e+02
 1.43438808e+03  4.63856922e+01  1.43438808e+03  1.79997680e+02
 1.44543977e+03  4.63856922e+01  1.44543977e+03  1.79997662e+02
 1.45657662e+03  4.63856922e+01  1.45657662e+03  1.79997644e+02
 1.46779927e+03  4.63856922e+01  1.46779927e+03  1.79997625e+02
 1.47910839e+03  4.63856923e+01  1.47910839e+03  1.79997607e+02
 1.49050464e+03  4.63856923e+01  1.49050464e+03  1.79997589e+02
 1.50198870e+03  4.63856923e+01  1.50198870e+03  1.79997570e+02
 1.51356125e+03  4.63856923e+01  1.51356125e+03  1.79997551e+02
 1.52522296e+03  4.63856924e+01  1.52522296e+03  1.79997533e+02
 1.53697452e+03  4.63856924e+01  1.53697452e+03  1.79997514e+02
 1.54881662e+03  4.63856924e+01  1.54881662e+03  1.79997494e+02
 1.56074996e+03  4.63856925e+01  1.56074996e+03  1.79997475e+02
 1.57277525e+03  4.63856925e+01  1.57277525e+03  1.79997456e+02
 1.58489319e+03  4.63856925e+01  1.58489319e+03  1.79997436e+02
 1.59710450e+03  4.63856925e+01  1.59710450e+03  1.79997416e+02
 1.60940989e+03  4.63856926e+01  1.60940989e+03  1.79997396e+02
 1.62181010e+03  4.63856926e+01  1.62181010e+03  1.79997376e+02
 1.63430584e+03  4.63856926e+01  1.63430584e+03  1.79997356e+02
 1.64689787e+03  4.63856927e+01  1.64689787e+03  1.79997336e+02
 1.65958691e+03  4.63856927e+01  1.65958691e+03  1.79997315e+02
 1.67237372e+03  4.63856927e+01  1.67237372e+03  1.79997295e+02
 1.68525904e+03  4.63856928e+01  1.68525904e+03  1.79997274e+02
 1.69824365e+03  4.63856928e+01  1.69824365e+03  1.79997253e+02
 1.71132830e+03  4.63856928e+01  1.71132830e+03  1.79997232e+02
 1.72451377e+03  4.63856929e+01  1.72451377e+03  1.79997210e+02
 1.73780083e+03  4.63856929e+01  1.73780083e+03  1.79997189e+02
 1.75119026e+03  4.63856929e+01  1.75119026e+03  1.79997167e+02
 1.76468286e+03  4.63856930e+01  1.76468286e+03  1.79997145e+02
 1.77827941e+03  4.63856930e+01  1.77827941e+03  1.79997123e+02
 1.79198072e+03  4.63856931e+01  1.79198072e+03  1.79997101e+02
 1.80578760e+03  4.63856931e+01  1.80578760e+03  1.79997079e+02
 1.81970086e+03  4.63856931e+01  1.81970086e+03  1.79997056e+02
 1.83372132e+03  4.63856932e+01  1.83372132e+03  1.79997034e+02
 1.84784980e+03  4.63856932e+01  1.84784980e+03  1.79997011e+02
 1.86208714e+03  4.63856933e+01  1.86208714e+03  1.79996988e+02
 1.87643417e+03  4.63856933e+01  1.87643417e+03  1.79996964e+02
 1.89089175e+03  4.63856933e+01  1.89089175e+03  1.79996941e+02
 1.90546072e+03  4.63856934e+01  1.90546072e+03  1.79996917e+02
 1.92014194e+03  4.63856934e+01  1.92014194e+03  1.79996894e+02
 1.93493628e+03  4.63856935e+01  1.93493628e+03  1.79996870e+02
 1.94984460e+03  4.63856935e+01  1.94984460e+03  1.79996846e+02
 1.96486779e+03  4.63856936e+01  1.96486779e+03  1.79996821e+02
 1.98000673e+03  4.63856936e+01  1.98000673e+03  1.79996797e+02
 1.99526231e+03  4.63856937e+01  1.99526231e+03  1.79996772e+02
 2.01063544e+03  4.63856937e+01  2.01063544e+03  1.79996747e+02
 2.02612701e+03  4.63856937e+01  2.02612701e+03  1.79996722e+02
 2.04173794e+03  4.63856938e+01  2.04173794e+03  1.79996697e+02
 2.05746916e+03  4.63856938e+01  2.05746916e+03  1.79996672e+02
 2.07332157e+03  4.63856939e+01  2.07332157e+03  1.79996646e+02
 2.08929613e+03  4.63856940e+01  2.08929613e+03  1.79996620e+02
 2.10539377e+03  4.63856940e+01  2.10539377e+03  1.79996594e+02
 2.12161544e+03  4.63856941e+01  2.12161544e+03  1.79996568e+02
 2.13796209e+03  4.63856941e+01  2.13796209e+03  1.79996541e+02
 2.15443469e+03  4.63856942e+01  2.15443469e+03  1.79996515e+02
 2.17103421e+03  4.63856942e+01  2.17103421e+03  1.79996488e+02
 2.18776162e+03  4.63856943e+01  2.18776162e+03  1.79996461e+02
 2.20461792e+03  4.63856943e+01  2.20461792e+03  1.79996434e+02
 2.22160409e+03  4.63856944e+01  2.22160409e+03  1.79996406e+02
 2.23872114e+03  4.63856945e+01  2.23872114e+03  1.79996378e+02
 2.25597007e+03  4.63856945e+01  2.25597007e+03  1.79996350e+02
 2.27335190e+03  4.63856946e+01  2.27335190e+03  1.79996322e+02
 2.29086765e+03  4.63856946e+01  2.29086765e+03  1.79996294e+02
 2.30851836e+03  4.63856947e+01  2.30851836e+03  1.79996265e+02
 2.32630507e+03  4.63856948e+01  2.32630507e+03  1.79996237e+02
 2.34422882e+03  4.63856948e+01  2.34422882e+03  1.79996208e+02
 2.36229066e+03  4.63856949e+01  2.36229066e+03  1.79996178e+02
 2.38049167e+03  4.63856950e+01  2.38049167e+03  1.79996149e+02
 2.39883292e+03  4.63856950e+01  2.39883292e+03  1.79996119e+02
 2.41731548e+03  4.63856951e+01  2.41731548e+03  1.79996089e+02
 2.43594045e+03  4.63856952e+01  2.43594045e+03  1.79996059e+02
 2.45470892e+03  4.63856952e+01  2.45470892e+03  1.79996029e+02
 2.47362199e+03  4.63856953e+01  2.47362199e+03  1.79995998e+02
 2.49268079e+03  4.63856954e+01  2.49268079e+03  1.79995968e+02
 2.51188643e+03  4.63856955e+01  2.51188643e+03  1.79995936e+02
 2.53124005e+03  4.63856955e+01  2.53124005e+03  1.79995905e+02
 2.55074278e+03  4.63856956e+01  2.55074278e+03  1.79995874e+02
 2.57039578e+03  4.63856957e+01  2.57039578e+03  1.79995842e+02
 2.59020020e+03  4.63856958e+01  2.59020020e+03  1.79995810e+02
 2.61015722e+03  4.63856958e+01  2.61015722e+03  1.79995777e+02
 2.63026799e+03  4.63856959e+01  2.63026799e+03  1.79995745e+02
 2.65053372e+03  4.63856960e+01  2.65053372e+03  1.79995712e+02
 2.67095559e+03  4.63856961e+01  2.67095559e+03  1.79995679e+02
 2.69153480e+03  4.63856962e+01  2.69153480e+03  1.79995646e+02
 2.71227258e+03  4.63856963e+01  2.71227258e+03  1.79995612e+02
 2.73317014e+03  4.63856964e+01  2.73317014e+03  1.79995578e+02
 2.75422870e+03  4.63856964e+01  2.75422870e+03  1.79995544e+02
 2.77544952e+03  4.63856965e+01  2.77544952e+03  1.79995510e+02
 2.79683385e+03  4.63856966e+01  2.79683385e+03  1.79995475e+02
 2.81838293e+03  4.63856967e+01  2.81838293e+03  1.79995441e+02
 2.84009805e+03  4.63856968e+01  2.84009805e+03  1.79995405e+02
 2.86198048e+03  4.63856969e+01  2.86198048e+03  1.79995370e+02
 2.88403150e+03  4.63856970e+01  2.88403150e+03  1.79995334e+02
 2.90625243e+03  4.63856971e+01  2.90625243e+03  1.79995298e+02
 2.92864456e+03  4.63856972e+01  2.92864456e+03  1.79995262e+02
 2.95120923e+03  4.63856973e+01  2.95120923e+03  1.79995226e+02
 2.97394775e+03  4.63856974e+01  2.97394775e+03  1.79995189e+02
 2.99686146e+03  4.63856975e+01  2.99686146e+03  1.79995152e+02
 3.01995172e+03  4.63856976e+01  3.01995172e+03  1.79995115e+02
 3.04321989e+03  4.63856977e+01  3.04321989e+03  1.79995077e+02
 3.06666733e+03  4.63856979e+01  3.06666733e+03  1.79995039e+02
 3.09029543e+03  4.63856980e+01  3.09029543e+03  1.79995001e+02
 3.11410558e+03  4.63856981e+01  3.11410558e+03  1.79994962e+02
 3.13809919e+03  4.63856982e+01  3.13809919e+03  1.79994923e+02
 3.16227766e+03  4.63856983e+01  3.16227766e+03  1.79994884e+02
 3.18664242e+03  4.63856984e+01  3.18664242e+03  1.79994845e+02
 3.21119491e+03  4.63856986e+01  3.21119491e+03  1.79994805e+02
 3.23593657e+03  4.63856987e+01  3.23593657e+03  1.79994765e+02
 3.26086886e+03  4.63856988e+01  3.26086886e+03  1.79994725e+02
 3.28599325e+03  4.63856989e+01  3.28599325e+03  1.79994684e+02
 3.31131121e+03  4.63856991e+01  3.31131121e+03  1.79994643e+02
 3.33682425e+03  4.63856992e+01  3.33682425e+03  1.79994602e+02
 3.36253386e+03  4.63856993e+01  3.36253386e+03  1.79994560e+02
 3.38844156e+03  4.63856995e+01  3.38844156e+03  1.79994518e+02
 3.41454887e+03  4.63856996e+01  3.41454887e+03  1.79994476e+02
 3.44085734e+03  4.63856997e+01  3.44085734e+03  1.79994434e+02
 3.46736850e+03  4.63856999e+01  3.46736850e+03  1.79994391e+02
 3.49408393e+03  4.63857000e+01  3.49408393e+03  1.79994348e+02
 3.52100520e+03  4.63857002e+01  3.52100520e+03  1.79994304e+02
 3.54813389e+03  4.63857003e+01  3.54813389e+03  1.79994260e+02
 3.57547160e+03  4.63857005e+01  3.57547160e+03  1.79994216e+02
 3.60301995e+03  4.63857006e+01  3.60301995e+03  1.79994171e+02
 3.63078055e+03  4.63857008e+01  3.63078055e+03  1.79994126e+02
 3.65875504e+03  4.63857009e+01  3.65875504e+03  1.79994081e+02
 3.68694506e+03  4.63857011e+01  3.68694506e+03  1.79994036e+02
 3.71535229e+03  4.63857013e+01  3.71535229e+03  1.79993990e+02
 3.74397839e+03  4.63857014e+01  3.74397839e+03  1.79993943e+02
 3.77282505e+03  4.63857016e+01  3.77282505e+03  1.79993897e+02
 3.80189396e+03  4.63857018e+01  3.80189396e+03  1.79993850e+02
 3.83118685e+03  4.63857019e+01  3.83118685e+03  1.79993802e+02
 3.86070543e+03  4.63857021e+01  3.86070543e+03  1.79993754e+02
 3.89045145e+03  4.63857023e+01  3.89045145e+03  1.79993706e+02
 3.92042666e+03  4.63857025e+01  3.92042666e+03  1.79993658e+02
 3.95063281e+03  4.63857027e+01  3.95063281e+03  1.79993609e+02
 3.98107171e+03  4.63857029e+01  3.98107171e+03  1.79993560e+02
 4.01174512e+03  4.63857030e+01  4.01174512e+03  1.79993510e+02
 4.04265487e+03  4.63857032e+01  4.04265487e+03  1.79993460e+02
 4.07380278e+03  4.63857034e+01  4.07380278e+03  1.79993410e+02
 4.10519067e+03  4.63857036e+01  4.10519067e+03  1.79993359e+02
 4.13682040e+03  4.63857038e+01  4.13682040e+03  1.79993308e+02
 4.16869383e+03  4.63857040e+01  4.16869383e+03  1.79993256e+02
 4.20081285e+03  4.63857043e+01  4.20081285e+03  1.79993204e+02
 4.23317933e+03  4.63857045e+01  4.23317933e+03  1.79993152e+02
 4.26579519e+03  4.63857047e+01  4.26579519e+03  1.79993099e+02
 4.29866235e+03  4.63857049e+01  4.29866235e+03  1.79993046e+02
 4.33178274e+03  4.63857051e+01  4.33178274e+03  1.79992992e+02
 4.36515832e+03  4.63857053e+01  4.36515832e+03  1.79992938e+02
 4.39879106e+03  4.63857056e+01  4.39879106e+03  1.79992884e+02
 4.43268292e+03  4.63857058e+01  4.43268292e+03  1.79992829e+02
 4.46683592e+03  4.63857060e+01  4.46683592e+03  1.79992774e+02
 4.50125206e+03  4.63857063e+01  4.50125206e+03  1.79992718e+02
 4.53593337e+03  4.63857065e+01  4.53593337e+03  1.79992662e+02
 4.57088190e+03  4.63857068e+01  4.57088190e+03  1.79992606e+02
 4.60609969e+03  4.63857070e+01  4.60609969e+03  1.79992549e+02
 4.64158883e+03  4.63857073e+01  4.64158883e+03  1.79992491e+02
 4.67735141e+03  4.63857075e+01  4.67735141e+03  1.79992433e+02
 4.71338954e+03  4.63857078e+01  4.71338954e+03  1.79992375e+02
 4.74970533e+03  4.63857081e+01  4.74970533e+03  1.79992316e+02
 4.78630092e+03  4.63857083e+01  4.78630092e+03  1.79992257e+02
 4.82317848e+03  4.63857086e+01  4.82317848e+03  1.79992197e+02
 4.86034018e+03  4.63857089e+01  4.86034018e+03  1.79992137e+02
 4.89778819e+03  4.63857092e+01  4.89778819e+03  1.79992077e+02
 4.93552474e+03  4.63857095e+01  4.93552474e+03  1.79992016e+02
 4.97355204e+03  4.63857097e+01  4.97355204e+03  1.79991954e+02
 5.01187234e+03  4.63857100e+01  5.01187234e+03  1.79991892e+02
 5.05048788e+03  4.63857103e+01  5.05048788e+03  1.79991830e+02
 5.08940095e+03  4.63857107e+01  5.08940095e+03  1.79991767e+02
 5.12861384e+03  4.63857110e+01  5.12861384e+03  1.79991703e+02
 5.16812886e+03  4.63857113e+01  5.16812886e+03  1.79991639e+02
 5.20794833e+03  4.63857116e+01  5.20794833e+03  1.79991575e+02
 5.24807460e+03  4.63857119e+01  5.24807460e+03  1.79991510e+02
 5.28851004e+03  4.63857123e+01  5.28851004e+03  1.79991445e+02
 5.32925703e+03  4.63857126e+01  5.32925703e+03  1.79991379e+02
 5.37031796e+03  4.63857129e+01  5.37031796e+03  1.79991312e+02
 5.41169527e+03  4.63857133e+01  5.41169527e+03  1.79991245e+02
 5.45339137e+03  4.63857136e+01  5.45339137e+03  1.79991178e+02
 5.49540874e+03  4.63857140e+01  5.49540874e+03  1.79991110e+02
 5.53774984e+03  4.63857143e+01  5.53774984e+03  1.79991041e+02
 5.58041717e+03  4.63857147e+01  5.58041717e+03  1.79990972e+02
 5.62341325e+03  4.63857151e+01  5.62341325e+03  1.79990903e+02
 5.66674061e+03  4.63857155e+01  5.66674061e+03  1.79990833e+02
 5.71040179e+03  4.63857159e+01  5.71040179e+03  1.79990762e+02
 5.75439937e+03  4.63857162e+01  5.75439937e+03  1.79990691e+02
 5.79873595e+03  4.63857166e+01  5.79873595e+03  1.79990619e+02
 5.84341413e+03  4.63857170e+01  5.84341413e+03  1.79990547e+02
 5.88843655e+03  4.63857175e+01  5.88843655e+03  1.79990474e+02
 5.93380586e+03  4.63857179e+01  5.93380586e+03  1.79990401e+02
 5.97952473e+03  4.63857183e+01  5.97952473e+03  1.79990327e+02
 6.02559586e+03  4.63857187e+01  6.02559586e+03  1.79990252e+02
 6.07202196e+03  4.63857192e+01  6.07202196e+03  1.79990177e+02
 6.11880576e+03  4.63857196e+01  6.11880576e+03  1.79990101e+02
 6.16595002e+03  4.63857201e+01  6.16595002e+03  1.79990025e+02
 6.21345752e+03  4.63857205e+01  6.21345752e+03  1.79989948e+02
 6.26133105e+03  4.63857210e+01  6.26133105e+03  1.79989871e+02
 6.30957344e+03  4.63857214e+01  6.30957344e+03  1.79989793e+02
 6.35818754e+03  4.63857219e+01  6.35818754e+03  1.79989714e+02
 6.40717619e+03  4.63857224e+01  6.40717619e+03  1.79989635e+02
 6.45654229e+03  4.63857229e+01  6.45654229e+03  1.79989555e+02
 6.50628875e+03  4.63857234e+01  6.50628875e+03  1.79989475e+02
 6.55641849e+03  4.63857239e+01  6.55641849e+03  1.79989393e+02
 6.60693448e+03  4.63857244e+01  6.60693448e+03  1.79989312e+02
 6.65783968e+03  4.63857249e+01  6.65783968e+03  1.79989229e+02
 6.70913710e+03  4.63857255e+01  6.70913710e+03  1.79989146e+02
 6.76082975e+03  4.63857260e+01  6.76082975e+03  1.79989063e+02
 6.81292069e+03  4.63857266e+01  6.81292069e+03  1.79988978e+02
 6.86541298e+03  4.63857271e+01  6.86541298e+03  1.79988894e+02
 6.91830971e+03  4.63857277e+01  6.91830971e+03  1.79988808e+02
 6.97161400e+03  4.63857283e+01  6.97161400e+03  1.79988722e+02
 7.02532899e+03  4.63857288e+01  7.02532899e+03  1.79988635e+02
 7.07945784e+03  4.63857294e+01  7.07945784e+03  1.79988547e+02
 7.13400375e+03  4.63857300e+01  7.13400375e+03  1.79988459e+02
 7.18896992e+03  4.63857306e+01  7.18896992e+03  1.79988370e+02
 7.24435960e+03  4.63857313e+01  7.24435960e+03  1.79988280e+02
 7.30017605e+03  4.63857319e+01  7.30017605e+03  1.79988190e+02
 7.35642254e+03  4.63857325e+01  7.35642254e+03  1.79988099e+02
 7.41310241e+03  4.63857332e+01  7.41310241e+03  1.79988007e+02
 7.47021899e+03  4.63857338e+01  7.47021899e+03  1.79987915e+02
 7.52777564e+03  4.63857345e+01  7.52777564e+03  1.79987822e+02
 7.58577575e+03  4.63857352e+01  7.58577575e+03  1.79987728e+02
 7.64422274e+03  4.63857359e+01  7.64422274e+03  1.79987634e+02
 7.70312006e+03  4.63857366e+01  7.70312006e+03  1.79987538e+02
 7.76247117e+03  4.63857373e+01  7.76247117e+03  1.79987442e+02
 7.82227956e+03  4.63857380e+01  7.82227956e+03  1.79987346e+02
 7.88254877e+03  4.63857388e+01  7.88254877e+03  1.79987248e+02
 7.94328235e+03  4.63857395e+01  7.94328235e+03  1.79987150e+02
 8.00448386e+03  4.63857403e+01  8.00448386e+03  1.79987051e+02
 8.06615692e+03  4.63857410e+01  8.06615692e+03  1.79986951e+02
 8.12830516e+03  4.63857418e+01  8.12830516e+03  1.79986850e+02
 8.19093224e+03  4.63857426e+01  8.19093224e+03  1.79986749e+02
 8.25404185e+03  4.63857434e+01  8.25404185e+03  1.79986647e+02
 8.31763771e+03  4.63857442e+01  8.31763771e+03  1.79986544e+02
 8.38172356e+03  4.63857450e+01  8.38172356e+03  1.79986440e+02
 8.44630319e+03  4.63857459e+01  8.44630319e+03  1.79986336e+02
 8.51138038e+03  4.63857467e+01  8.51138038e+03  1.79986231e+02
 8.57695899e+03  4.63857476e+01  8.57695899e+03  1.79986125e+02
 8.64304286e+03  4.63857485e+01  8.64304286e+03  1.79986018e+02
 8.70963590e+03  4.63857494e+01  8.70963590e+03  1.79985910e+02
 8.77674203e+03  4.63857503e+01  8.77674203e+03  1.79985801e+02
 8.84436519e+03  4.63857512e+01  8.84436519e+03  1.79985692e+02
 8.91250938e+03  4.63857522e+01  8.91250938e+03  1.79985582e+02
 8.98117861e+03  4.63857531e+01  8.98117861e+03  1.79985471e+02
 9.05037692e+03  4.63857541e+01  9.05037692e+03  1.79985359e+02
 9.12010839e+03  4.63857551e+01  9.12010839e+03  1.79985246e+02
 9.19037713e+03  4.63857561e+01  9.19037713e+03  1.79985132e+02
 9.26118728e+03  4.63857571e+01  9.26118728e+03  1.79985018e+02
 9.33254301e+03  4.63857581e+01  9.33254301e+03  1.79984902e+02
 9.40444852e+03  4.63857592e+01  9.40444852e+03  1.79984786e+02
 9.47690805e+03  4.63857602e+01  9.47690805e+03  1.79984669e+02
 9.54992586e+03  4.63857613e+01  9.54992586e+03  1.79984551e+02
 9.62350626e+03  4.63857624e+01  9.62350626e+03  1.79984432e+02
 9.69765359e+03  4.63857635e+01  9.69765359e+03  1.79984312e+02
 9.77237221e+03  4.63857646e+01  9.77237221e+03  1.79984191e+02
 9.84766652e+03  4.63857658e+01  9.84766652e+03  1.79984069e+02
 9.92354096e+03  4.63857669e+01  9.92354096e+03  1.79983946e+02
 1.00000000e+04  4.63857681e+01  1.00000000e+04  1.79983822e+02
 1.00770481e+04  4.63857693e+01  1.00770481e+04  1.79983698e+02
 1.01546899e+04  4.63857705e+01  1.01546899e+04  1.79983572e+02
 1.02329299e+04  4.63857718e+01  1.02329299e+04  1.79983446e+02
 1.03117727e+04  4.63857730e+01  1.03117727e+04  1.79983318e+02
 1.03912230e+04  4.63857743e+01  1.03912230e+04  1.79983190e+02
 1.04712855e+04  4.63857756e+01  1.04712855e+04  1.79983060e+02
 1.05519648e+04  4.63857769e+01  1.05519648e+04  1.79982929e+02
 1.06332657e+04  4.63857783e+01  1.06332657e+04  1.79982798e+02
 1.07151931e+04  4.63857796e+01  1.07151931e+04  1.79982665e+02
 1.07977516e+04  4.63857810e+01  1.07977516e+04  1.79982532e+02
 1.08809463e+04  4.63857824e+01  1.08809463e+04  1.79982397e+02
 1.09647820e+04  4.63857838e+01  1.09647820e+04  1.79982262e+02
 1.10492636e+04  4.63857852e+01  1.10492636e+04  1.79982125e+02
 1.11343961e+04  4.63857867e+01  1.11343961e+04  1.79981987e+02
 1.12201845e+04  4.63857882e+01  1.12201845e+04  1.79981848e+02
 1.13066340e+04  4.63857897e+01  1.13066340e+04  1.79981709e+02
 1.13937495e+04  4.63857912e+01  1.13937495e+04  1.79981568e+02
 1.14815362e+04  4.63857928e+01  1.14815362e+04  1.79981426e+02
 1.15699993e+04  4.63857944e+01  1.15699993e+04  1.79981282e+02
 1.16591440e+04  4.63857960e+01  1.16591440e+04  1.79981138e+02
 1.17489755e+04  4.63857976e+01  1.17489755e+04  1.79980993e+02
 1.18394992e+04  4.63857993e+01  1.18394992e+04  1.79980846e+02
 1.19307204e+04  4.63858010e+01  1.19307204e+04  1.79980699e+02
 1.20226443e+04  4.63858027e+01  1.20226443e+04  1.79980550e+02
 1.21152766e+04  4.63858044e+01  1.21152766e+04  1.79980400e+02
 1.22086225e+04  4.63858062e+01  1.22086225e+04  1.79980249e+02
 1.23026877e+04  4.63858080e+01  1.23026877e+04  1.79980097e+02
 1.23974776e+04  4.63858098e+01  1.23974776e+04  1.79979944e+02
 1.24929979e+04  4.63858116e+01  1.24929979e+04  1.79979789e+02
 1.25892541e+04  4.63858135e+01  1.25892541e+04  1.79979633e+02
 1.26862520e+04  4.63858154e+01  1.26862520e+04  1.79979477e+02
 1.27839972e+04  4.63858173e+01  1.27839972e+04  1.79979318e+02
 1.28824955e+04  4.63858193e+01  1.28824955e+04  1.79979159e+02
 1.29817528e+04  4.63858213e+01  1.29817528e+04  1.79978998e+02
 1.30817747e+04  4.63858233e+01  1.30817747e+04  1.79978837e+02
 1.31825674e+04  4.63858253e+01  1.31825674e+04  1.79978674e+02
 1.32841366e+04  4.63858274e+01  1.32841366e+04  1.79978509e+02
 1.33864884e+04  4.63858295e+01  1.33864884e+04  1.79978344e+02
 1.34896288e+04  4.63858317e+01  1.34896288e+04  1.79978177e+02
 1.35935639e+04  4.63858339e+01  1.35935639e+04  1.79978009e+02
 1.36982998e+04  4.63858361e+01  1.36982998e+04  1.79977839e+02
 1.38038426e+04  4.63858383e+01  1.38038426e+04  1.79977668e+02
 1.39101987e+04  4.63858406e+01  1.39101987e+04  1.79977496e+02
 1.40173742e+04  4.63858430e+01  1.40173742e+04  1.79977323e+02
 1.41253754e+04  4.63858453e+01  1.41253754e+04  1.79977148e+02
 1.42342088e+04  4.63858477e+01  1.42342088e+04  1.79976972e+02
 1.43438808e+04  4.63858501e+01  1.43438808e+04  1.79976795e+02
 1.44543977e+04  4.63858526e+01  1.44543977e+04  1.79976616e+02
 1.45657662e+04  4.63858551e+01  1.45657662e+04  1.79976436e+02
 1.46779927e+04  4.63858577e+01  1.46779927e+04  1.79976254e+02
 1.47910839e+04  4.63858602e+01  1.47910839e+04  1.79976071e+02
 1.49050464e+04  4.63858629e+01  1.49050464e+04  1.79975887e+02
 1.50198870e+04  4.63858655e+01  1.50198870e+04  1.79975701e+02
 1.51356125e+04  4.63858682e+01  1.51356125e+04  1.79975514e+02
 1.52522296e+04  4.63858710e+01  1.52522296e+04  1.79975325e+02
 1.53697452e+04  4.63858738e+01  1.53697452e+04  1.79975135e+02
 1.54881662e+04  4.63858766e+01  1.54881662e+04  1.79974943e+02
 1.56074996e+04  4.63858795e+01  1.56074996e+04  1.79974750e+02
 1.57277525e+04  4.63858824e+01  1.57277525e+04  1.79974556e+02
 1.58489319e+04  4.63858854e+01  1.58489319e+04  1.79974360e+02
 1.59710450e+04  4.63858884e+01  1.59710450e+04  1.79974162e+02
 1.60940989e+04  4.63858914e+01  1.60940989e+04  1.79973963e+02
 1.62181010e+04  4.63858946e+01  1.62181010e+04  1.79973762e+02
 1.63430584e+04  4.63858977e+01  1.63430584e+04  1.79973560e+02
 1.64689787e+04  4.63859009e+01  1.64689787e+04  1.79973356e+02
 1.65958691e+04  4.63859042e+01  1.65958691e+04  1.79973151e+02
 1.67237372e+04  4.63859075e+01  1.67237372e+04  1.79972944e+02
 1.68525904e+04  4.63859108e+01  1.68525904e+04  1.79972736e+02
 1.69824365e+04  4.63859142e+01  1.69824365e+04  1.79972526e+02
 1.71132830e+04  4.63859177e+01  1.71132830e+04  1.79972314e+02
 1.72451377e+04  4.63859212e+01  1.72451377e+04  1.79972101e+02
 1.73780083e+04  4.63859248e+01  1.73780083e+04  1.79971886e+02
 1.75119026e+04  4.63859284e+01  1.75119026e+04  1.79971669e+02
 1.76468286e+04  4.63859321e+01  1.76468286e+04  1.79971451e+02
 1.77827941e+04  4.63859358e+01  1.77827941e+04  1.79971231e+02
 1.79198072e+04  4.63859396e+01  1.79198072e+04  1.79971009e+02
 1.80578760e+04  4.63859435e+01  1.80578760e+04  1.79970786e+02
 1.81970086e+04  4.63859474e+01  1.81970086e+04  1.79970561e+02
 1.83372132e+04  4.63859514e+01  1.83372132e+04  1.79970334e+02
 1.84784980e+04  4.63859554e+01  1.84784980e+04  1.79970105e+02
 1.86208714e+04  4.63859595e+01  1.86208714e+04  1.79969875e+02
 1.87643417e+04  4.63859636e+01  1.87643417e+04  1.79969643e+02
 1.89089175e+04  4.63859679e+01  1.89089175e+04  1.79969409e+02
 1.90546072e+04  4.63859722e+01  1.90546072e+04  1.79969173e+02
 1.92014194e+04  4.63859765e+01  1.92014194e+04  1.79968935e+02
 1.93493628e+04  4.63859809e+01  1.93493628e+04  1.79968696e+02
 1.94984460e+04  4.63859854e+01  1.94984460e+04  1.79968455e+02
 1.96486779e+04  4.63859900e+01  1.96486779e+04  1.79968212e+02
 1.98000673e+04  4.63859946e+01  1.98000673e+04  1.79967967e+02
 1.99526231e+04  4.63859993e+01  1.99526231e+04  1.79967720e+02
 2.01063544e+04  4.63860041e+01  2.01063544e+04  1.79967471e+02
 2.02612701e+04  4.63860090e+01  2.02612701e+04  1.79967221e+02
 2.04173794e+04  4.63860139e+01  2.04173794e+04  1.79966968e+02
 2.05746916e+04  4.63860189e+01  2.05746916e+04  1.79966713e+02
 2.07332157e+04  4.63860240e+01  2.07332157e+04  1.79966457e+02
 2.08929613e+04  4.63860291e+01  2.08929613e+04  1.79966198e+02
 2.10539377e+04  4.63860343e+01  2.10539377e+04  1.79965938e+02
 2.12161544e+04  4.63860397e+01  2.12161544e+04  1.79965676e+02
 2.13796209e+04  4.63860451e+01  2.13796209e+04  1.79965411e+02
 2.15443469e+04  4.63860505e+01  2.15443469e+04  1.79965144e+02
 2.17103421e+04  4.63860561e+01  2.17103421e+04  1.79964876e+02
 2.18776162e+04  4.63860618e+01  2.18776162e+04  1.79964605e+02
 2.20461792e+04  4.63860675e+01  2.20461792e+04  1.79964332e+02
 2.22160409e+04  4.63860733e+01  2.22160409e+04  1.79964058e+02
 2.23872114e+04  4.63860793e+01  2.23872114e+04  1.79963781e+02
 2.25597007e+04  4.63860853e+01  2.25597007e+04  1.79963502e+02
 2.27335190e+04  4.63860914e+01  2.27335190e+04  1.79963220e+02
 2.29086765e+04  4.63860976e+01  2.29086765e+04  1.79962937e+02
 2.30851836e+04  4.63861039e+01  2.30851836e+04  1.79962651e+02
 2.32630507e+04  4.63861103e+01  2.32630507e+04  1.79962363e+02
 2.34422882e+04  4.63861168e+01  2.34422882e+04  1.79962073e+02
 2.36229066e+04  4.63861234e+01  2.36229066e+04  1.79961781e+02
 2.38049167e+04  4.63861301e+01  2.38049167e+04  1.79961487e+02
 2.39883292e+04  4.63861369e+01  2.39883292e+04  1.79961190e+02
 2.41731548e+04  4.63861438e+01  2.41731548e+04  1.79960891e+02
 2.43594045e+04  4.63861508e+01  2.43594045e+04  1.79960589e+02
 2.45470892e+04  4.63861579e+01  2.45470892e+04  1.79960286e+02
 2.47362199e+04  4.63861651e+01  2.47362199e+04  1.79959980e+02
 2.49268079e+04  4.63861725e+01  2.49268079e+04  1.79959671e+02
 2.51188643e+04  4.63861799e+01  2.51188643e+04  1.79959360e+02
 2.53124005e+04  4.63861875e+01  2.53124005e+04  1.79959047e+02
 2.55074278e+04  4.63861952e+01  2.55074278e+04  1.79958732e+02
 2.57039578e+04  4.63862030e+01  2.57039578e+04  1.79958414e+02
 2.59020020e+04  4.63862109e+01  2.59020020e+04  1.79958093e+02
 2.61015722e+04  4.63862190e+01  2.61015722e+04  1.79957770e+02
 2.63026799e+04  4.63862271e+01  2.63026799e+04  1.79957445e+02
 2.65053372e+04  4.63862354e+01  2.65053372e+04  1.79957117e+02
 2.67095559e+04  4.63862439e+01  2.67095559e+04  1.79956786e+02
 2.69153480e+04  4.63862524e+01  2.69153480e+04  1.79956453e+02
 2.71227258e+04  4.63862611e+01  2.71227258e+04  1.79956118e+02
 2.73317014e+04  4.63862699e+01  2.73317014e+04  1.79955779e+02
 2.75422870e+04  4.63862789e+01  2.75422870e+04  1.79955439e+02
 2.77544952e+04  4.63862880e+01  2.77544952e+04  1.79955095e+02
 2.79683385e+04  4.63862972e+01  2.79683385e+04  1.79954749e+02
 2.81838293e+04  4.63863066e+01  2.81838293e+04  1.79954400e+02
 2.84009805e+04  4.63863162e+01  2.84009805e+04  1.79954049e+02
 2.86198048e+04  4.63863258e+01  2.86198048e+04  1.79953695e+02
 2.88403150e+04  4.63863357e+01  2.88403150e+04  1.79953338e+02
 2.90625243e+04  4.63863456e+01  2.90625243e+04  1.79952978e+02
 2.92864456e+04  4.63863558e+01  2.92864456e+04  1.79952616e+02
 2.95120923e+04  4.63863661e+01  2.95120923e+04  1.79952251e+02
 2.97394775e+04  4.63863765e+01  2.97394775e+04  1.79951883e+02
 2.99686146e+04  4.63863871e+01  2.99686146e+04  1.79951512e+02
 3.01995172e+04  4.63863979e+01  3.01995172e+04  1.79951138e+02
 3.04321989e+04  4.63864088e+01  3.04321989e+04  1.79950762e+02
 3.06666733e+04  4.63864200e+01  3.06666733e+04  1.79950382e+02
 3.09029543e+04  4.63864312e+01  3.09029543e+04  1.79950000e+02
 3.11410558e+04  4.63864427e+01  3.11410558e+04  1.79949614e+02
 3.13809919e+04  4.63864543e+01  3.13809919e+04  1.79949226e+02
 3.16227766e+04  4.63864661e+01  3.16227766e+04  1.79948835e+02
 3.18664242e+04  4.63864782e+01  3.18664242e+04  1.79948440e+02
 3.21119491e+04  4.63864903e+01  3.21119491e+04  1.79948043e+02
 3.23593657e+04  4.63865027e+01  3.23593657e+04  1.79947642e+02
 3.26086886e+04  4.63865152e+01  3.26086886e+04  1.79947239e+02
 3.28599325e+04  4.63865280e+01  3.28599325e+04  1.79946832e+02
 3.31131121e+04  4.63865410e+01  3.31131121e+04  1.79946422e+02
 3.33682425e+04  4.63865541e+01  3.33682425e+04  1.79946010e+02
 3.36253386e+04  4.63865675e+01  3.36253386e+04  1.79945593e+02
 3.38844156e+04  4.63865811e+01  3.38844156e+04  1.79945174e+02
 3.41454887e+04  4.63865948e+01  3.41454887e+04  1.79944751e+02
 3.44085734e+04  4.63866088e+01  3.44085734e+04  1.79944326e+02
 3.46736850e+04  4.63866230e+01  3.46736850e+04  1.79943897e+02
 3.49408393e+04  4.63866375e+01  3.49408393e+04  1.79943464e+02
 3.52100520e+04  4.63866521e+01  3.52100520e+04  1.79943028e+02
 3.54813389e+04  4.63866670e+01  3.54813389e+04  1.79942589e+02
 3.57547160e+04  4.63866821e+01  3.57547160e+04  1.79942147e+02
 3.60301995e+04  4.63866974e+01  3.60301995e+04  1.79941701e+02
 3.63078055e+04  4.63867130e+01  3.63078055e+04  1.79941251e+02
 3.65875504e+04  4.63867288e+01  3.65875504e+04  1.79940799e+02
 3.68694506e+04  4.63867449e+01  3.68694506e+04  1.79940342e+02
 3.71535229e+04  4.63867612e+01  3.71535229e+04  1.79939882e+02
 3.74397839e+04  4.63867777e+01  3.74397839e+04  1.79939419e+02
 3.77282505e+04  4.63867946e+01  3.77282505e+04  1.79938952e+02
 3.80189396e+04  4.63868116e+01  3.80189396e+04  1.79938481e+02
 3.83118685e+04  4.63868290e+01  3.83118685e+04  1.79938007e+02
 3.86070543e+04  4.63868466e+01  3.86070543e+04  1.79937529e+02
 3.89045145e+04  4.63868645e+01  3.89045145e+04  1.79937048e+02
 3.92042666e+04  4.63868826e+01  3.92042666e+04  1.79936562e+02
 3.95063281e+04  4.63869011e+01  3.95063281e+04  1.79936073e+02
 3.98107171e+04  4.63869198e+01  3.98107171e+04  1.79935581e+02
 4.01174512e+04  4.63869388e+01  4.01174512e+04  1.79935084e+02
 4.04265487e+04  4.63869581e+01  4.04265487e+04  1.79934584e+02
 4.07380278e+04  4.63869778e+01  4.07380278e+04  1.79934079e+02
 4.10519067e+04  4.63869977e+01  4.10519067e+04  1.79933571e+02
 4.13682040e+04  4.63870179e+01  4.13682040e+04  1.79933059e+02
 4.16869383e+04  4.63870384e+01  4.16869383e+04  1.79932543e+02
 4.20081285e+04  4.63870593e+01  4.20081285e+04  1.79932023e+02
 4.23317933e+04  4.63870804e+01  4.23317933e+04  1.79931499e+02
 4.26579519e+04  4.63871020e+01  4.26579519e+04  1.79930971e+02
 4.29866235e+04  4.63871238e+01  4.29866235e+04  1.79930439e+02
 4.33178274e+04  4.63871460e+01  4.33178274e+04  1.79929902e+02
 4.36515832e+04  4.63871685e+01  4.36515832e+04  1.79929362e+02
 4.39879106e+04  4.63871913e+01  4.39879106e+04  1.79928817e+02
 4.43268292e+04  4.63872146e+01  4.43268292e+04  1.79928269e+02
 4.46683592e+04  4.63872381e+01  4.46683592e+04  1.79927716e+02
 4.50125206e+04  4.63872621e+01  4.50125206e+04  1.79927158e+02
 4.53593337e+04  4.63872864e+01  4.53593337e+04  1.79926597e+02
 4.57088190e+04  4.63873111e+01  4.57088190e+04  1.79926031e+02
 4.60609969e+04  4.63873362e+01  4.60609969e+04  1.79925460e+02
 4.64158883e+04  4.63873616e+01  4.64158883e+04  1.79924886e+02
 4.67735141e+04  4.63873875e+01  4.67735141e+04  1.79924307e+02
 4.71338954e+04  4.63874137e+01  4.71338954e+04  1.79923723e+02
 4.74970533e+04  4.63874403e+01  4.74970533e+04  1.79923135e+02
 4.78630092e+04  4.63874674e+01  4.78630092e+04  1.79922542e+02
 4.82317848e+04  4.63874949e+01  4.82317848e+04  1.79921945e+02
 4.86034018e+04  4.63875228e+01  4.86034018e+04  1.79921343e+02
 4.89778819e+04  4.63875512e+01  4.89778819e+04  1.79920736e+02
 4.93552474e+04  4.63875800e+01  4.93552474e+04  1.79920125e+02
 4.97355204e+04  4.63876092e+01  4.97355204e+04  1.79919509e+02
 5.01187234e+04  4.63876389e+01  5.01187234e+04  1.79918889e+02
 5.05048788e+04  4.63876690e+01  5.05048788e+04  1.79918263e+02
 5.08940095e+04  4.63876996e+01  5.08940095e+04  1.79917633e+02
 5.12861384e+04  4.63877307e+01  5.12861384e+04  1.79916998e+02
 5.16812886e+04  4.63877622e+01  5.16812886e+04  1.79916358e+02
 5.20794833e+04  4.63877943e+01  5.20794833e+04  1.79915713e+02
 5.24807460e+04  4.63878269e+01  5.24807460e+04  1.79915063e+02
 5.28851004e+04  4.63878599e+01  5.28851004e+04  1.79914408e+02
 5.32925703e+04  4.63878935e+01  5.32925703e+04  1.79913748e+02
 5.37031796e+04  4.63879275e+01  5.37031796e+04  1.79913083e+02
 5.41169527e+04  4.63879622e+01  5.41169527e+04  1.79912412e+02
 5.45339137e+04  4.63879973e+01  5.45339137e+04  1.79911737e+02
 5.49540874e+04  4.63880330e+01  5.49540874e+04  1.79911056e+02
 5.53774984e+04  4.63880693e+01  5.53774984e+04  1.79910370e+02
 5.58041717e+04  4.63881060e+01  5.58041717e+04  1.79909679e+02
 5.62341325e+04  4.63881434e+01  5.62341325e+04  1.79908982e+02
 5.66674061e+04  4.63881813e+01  5.66674061e+04  1.79908280e+02
 5.71040179e+04  4.63882199e+01  5.71040179e+04  1.79907573e+02
 5.75439937e+04  4.63882590e+01  5.75439937e+04  1.79906860e+02
 5.79873595e+04  4.63882988e+01  5.79873595e+04  1.79906141e+02
 5.84341413e+04  4.63883391e+01  5.84341413e+04  1.79905418e+02
 5.88843655e+04  4.63883801e+01  5.88843655e+04  1.79904688e+02
 5.93380586e+04  4.63884217e+01  5.93380586e+04  1.79903953e+02
 5.97952473e+04  4.63884639e+01  5.97952473e+04  1.79903212e+02
 6.02559586e+04  4.63885069e+01  6.02559586e+04  1.79902465e+02
 6.07202196e+04  4.63885504e+01  6.07202196e+04  1.79901713e+02
 6.11880576e+04  4.63885947e+01  6.11880576e+04  1.79900955e+02
 6.16595002e+04  4.63886396e+01  6.16595002e+04  1.79900191e+02
 6.21345752e+04  4.63886853e+01  6.21345752e+04  1.79899421e+02
 6.26133105e+04  4.63887316e+01  6.26133105e+04  1.79898645e+02
 6.30957344e+04  4.63887787e+01  6.30957344e+04  1.79897863e+02
 6.35818754e+04  4.63888264e+01  6.35818754e+04  1.79897075e+02
 6.40717619e+04  4.63888749e+01  6.40717619e+04  1.79896281e+02
 6.45654229e+04  4.63889242e+01  6.45654229e+04  1.79895481e+02
 6.50628875e+04  4.63889742e+01  6.50628875e+04  1.79894674e+02
 6.55641849e+04  4.63890250e+01  6.55641849e+04  1.79893862e+02
 6.60693448e+04  4.63890766e+01  6.60693448e+04  1.79893043e+02
 6.65783968e+04  4.63891290e+01  6.65783968e+04  1.79892217e+02
 6.70913710e+04  4.63891822e+01  6.70913710e+04  1.79891386e+02
 6.76082975e+04  4.63892362e+01  6.76082975e+04  1.79890548e+02
 6.81292069e+04  4.63892911e+01  6.81292069e+04  1.79889703e+02
 6.86541298e+04  4.63893468e+01  6.86541298e+04  1.79888852e+02
 6.91830971e+04  4.63894033e+01  6.91830971e+04  1.79887994e+02
 6.97161400e+04  4.63894608e+01  6.97161400e+04  1.79887130e+02
 7.02532899e+04  4.63895192e+01  7.02532899e+04  1.79886259e+02
 7.07945784e+04  4.63895783e+01  7.07945784e+04  1.79885381e+02
 7.13400375e+04  4.63896385e+01  7.13400375e+04  1.79884497e+02
 7.18896992e+04  4.63896996e+01  7.18896992e+04  1.79883605e+02
 7.24435960e+04  4.63897617e+01  7.24435960e+04  1.79882707e+02
 7.30017605e+04  4.63898246e+01  7.30017605e+04  1.79881802e+02
 7.35642254e+04  4.63898886e+01  7.35642254e+04  1.79880889e+02
 7.41310241e+04  4.63899535e+01  7.41310241e+04  1.79879970e+02
 7.47021899e+04  4.63900195e+01  7.47021899e+04  1.79879044e+02
 7.52777564e+04  4.63900865e+01  7.52777564e+04  1.79878110e+02
 7.58577575e+04  4.63901545e+01  7.58577575e+04  1.79877169e+02
 7.64422274e+04  4.63902236e+01  7.64422274e+04  1.79876221e+02
 7.70312006e+04  4.63902938e+01  7.70312006e+04  1.79875266e+02
 7.76247117e+04  4.63903649e+01  7.76247117e+04  1.79874303e+02
 7.82227956e+04  4.63904372e+01  7.82227956e+04  1.79873332e+02
 7.88254877e+04  4.63905106e+01  7.88254877e+04  1.79872354e+02
 7.94328235e+04  4.63905853e+01  7.94328235e+04  1.79871369e+02
 8.00448386e+04  4.63906610e+01  8.00448386e+04  1.79870376e+02
 8.06615692e+04  4.63907379e+01  8.06615692e+04  1.79869375e+02
 8.12830516e+04  4.63908160e+01  8.12830516e+04  1.79868366e+02
 8.19093224e+04  4.63908953e+01  8.19093224e+04  1.79867350e+02
 8.25404185e+04  4.63909759e+01  8.25404185e+04  1.79866326e+02
 8.31763771e+04  4.63910576e+01  8.31763771e+04  1.79865294e+02
 8.38172356e+04  4.63911407e+01  8.38172356e+04  1.79864253e+02
 8.44630319e+04  4.63912251e+01  8.44630319e+04  1.79863205e+02
 8.51138038e+04  4.63913106e+01  8.51138038e+04  1.79862149e+02
 8.57695899e+04  4.63913975e+01  8.57695899e+04  1.79861084e+02
 8.64304286e+04  4.63914860e+01  8.64304286e+04  1.79860011e+02
 8.70963590e+04  4.63915756e+01  8.70963590e+04  1.79858930e+02
 8.77674203e+04  4.63916666e+01  8.77674203e+04  1.79857840e+02
 8.84436519e+04  4.63917591e+01  8.84436519e+04  1.79856742e+02
 8.91250938e+04  4.63918532e+01  8.91250938e+04  1.79855636e+02
 8.98117861e+04  4.63919485e+01  8.98117861e+04  1.79854520e+02
 9.05037692e+04  4.63920453e+01  9.05037692e+04  1.79853397e+02
 9.12010839e+04  4.63921437e+01  9.12010839e+04  1.79852264e+02
 9.19037713e+04  4.63922434e+01  9.19037713e+04  1.79851123e+02
 9.26118728e+04  4.63923448e+01  9.26118728e+04  1.79849972e+02
 9.33254301e+04  4.63924478e+01  9.33254301e+04  1.79848813e+02
 9.40444852e+04  4.63925525e+01  9.40444852e+04  1.79847645e+02
 9.47690805e+04  4.63926586e+01  9.47690805e+04  1.79846468e+02
 9.54992586e+04  4.63927664e+01  9.54992586e+04  1.79845282e+02
 9.62350626e+04  4.63928760e+01  9.62350626e+04  1.79844086e+02
 9.69765359e+04  4.63929871e+01  9.69765359e+04  1.79842881e+02
 9.77237221e+04  4.63931001e+01  9.77237221e+04  1.79841667e+02
 9.84766652e+04  4.63932148e+01  9.84766652e+04  1.79840443e+02
 9.92354096e+04  4.63933311e+01  9.92354096e+04  1.79839210e+02
 1.00000000e+05  4.63934495e+01  1.00000000e+05  1.79837967e+02
 1.00770481e+05  4.63935694e+01  1.00770481e+05  1.79836714e+02
 1.01546899e+05  4.63936915e+01  1.01546899e+05  1.79835452e+02
 1.02329299e+05  4.63938154e+01  1.02329299e+05  1.79834180e+02
 1.03117727e+05  4.63939411e+01  1.03117727e+05  1.79832898e+02
 1.03912230e+05  4.63940686e+01  1.03912230e+05  1.79831606e+02
 1.04712855e+05  4.63941983e+01  1.04712855e+05  1.79830304e+02
 1.05519648e+05  4.63943299e+01  1.05519648e+05  1.79828992e+02
 1.06332657e+05  4.63944637e+01  1.06332657e+05  1.79827670e+02
 1.07151931e+05  4.63945997e+01  1.07151931e+05  1.79826337e+02
 1.07977516e+05  4.63947375e+01  1.07977516e+05  1.79824994e+02
 1.08809463e+05  4.63948774e+01  1.08809463e+05  1.79823641e+02
 1.09647820e+05  4.63950196e+01  1.09647820e+05  1.79822277e+02
 1.10492636e+05  4.63951640e+01  1.10492636e+05  1.79820902e+02
 1.11343961e+05  4.63953107e+01  1.11343961e+05  1.79819517e+02
 1.12201845e+05  4.63954595e+01  1.12201845e+05  1.79818120e+02
 1.13066340e+05  4.63956107e+01  1.13066340e+05  1.79816713e+02
 1.13937495e+05  4.63957642e+01  1.13937495e+05  1.79815295e+02
 1.14815362e+05  4.63959202e+01  1.14815362e+05  1.79813866e+02
 1.15699993e+05  4.63960786e+01  1.15699993e+05  1.79812426e+02
 1.16591440e+05  4.63962392e+01  1.16591440e+05  1.79810974e+02
 1.17489755e+05  4.63964024e+01  1.17489755e+05  1.79809511e+02
 1.18394992e+05  4.63965685e+01  1.18394992e+05  1.79808037e+02
 1.19307204e+05  4.63967366e+01  1.19307204e+05  1.79806551e+02
 1.20226443e+05  4.63969077e+01  1.20226443e+05  1.79805054e+02
 1.21152766e+05  4.63970814e+01  1.21152766e+05  1.79803545e+02
 1.22086225e+05  4.63972578e+01  1.22086225e+05  1.79802024e+02
 1.23026877e+05  4.63974368e+01  1.23026877e+05  1.79800491e+02
 1.23974776e+05  4.63976186e+01  1.23974776e+05  1.79798947e+02
 1.24929979e+05  4.63978033e+01  1.24929979e+05  1.79797390e+02
 1.25892541e+05  4.63979910e+01  1.25892541e+05  1.79795821e+02
 1.26862520e+05  4.63981810e+01  1.26862520e+05  1.79794240e+02
 1.27839972e+05  4.63983745e+01  1.27839972e+05  1.79792646e+02
 1.28824955e+05  4.63985706e+01  1.28824955e+05  1.79791040e+02
 1.29817528e+05  4.63987704e+01  1.29817528e+05  1.79789421e+02
 1.30817747e+05  4.63989725e+01  1.30817747e+05  1.79787790e+02
 1.31825674e+05  4.63991782e+01  1.31825674e+05  1.79786146e+02
 1.32841366e+05  4.63993868e+01  1.32841366e+05  1.79784488e+02
 1.33864884e+05  4.63995991e+01  1.33864884e+05  1.79782819e+02
 1.34896288e+05  4.63998141e+01  1.34896288e+05  1.79781136e+02
 1.35935639e+05  4.64000331e+01  1.35935639e+05  1.79779439e+02
 1.36982998e+05  4.64002549e+01  1.36982998e+05  1.79777730e+02
 1.38038426e+05  4.64004809e+01  1.38038426e+05  1.79776007e+02
 1.39101987e+05  4.64007096e+01  1.39101987e+05  1.79774270e+02
 1.40173742e+05  4.64009420e+01  1.40173742e+05  1.79772520e+02
 1.41253754e+05  4.64011782e+01  1.41253754e+05  1.79770756e+02
 1.42342088e+05  4.64014182e+01  1.42342088e+05  1.79768978e+02
 1.43438808e+05  4.64016616e+01  1.43438808e+05  1.79767187e+02
 1.44543977e+05  4.64019086e+01  1.44543977e+05  1.79765381e+02
 1.45657662e+05  4.64021600e+01  1.45657662e+05  1.79763561e+02
 1.46779927e+05  4.64024144e+01  1.46779927e+05  1.79761727e+02
 1.47910839e+05  4.64026738e+01  1.47910839e+05  1.79759878e+02
 1.49050464e+05  4.64029366e+01  1.49050464e+05  1.79758014e+02
 1.50198870e+05  4.64032041e+01  1.50198870e+05  1.79756137e+02
 1.51356125e+05  4.64034751e+01  1.51356125e+05  1.79754244e+02
 1.52522296e+05  4.64037501e+01  1.52522296e+05  1.79752336e+02
 1.53697452e+05  4.64040299e+01  1.53697452e+05  1.79750414e+02
 1.54881662e+05  4.64043145e+01  1.54881662e+05  1.79748476e+02
 1.56074996e+05  4.64046023e+01  1.56074996e+05  1.79746523e+02
 1.57277525e+05  4.64048954e+01  1.57277525e+05  1.79744554e+02
 1.58489319e+05  4.64051927e+01  1.58489319e+05  1.79742570e+02
 1.59710450e+05  4.64054946e+01  1.59710450e+05  1.79740571e+02
 1.60940989e+05  4.64058012e+01  1.60940989e+05  1.79738555e+02
 1.62181010e+05  4.64061131e+01  1.62181010e+05  1.79736524e+02
 1.63430584e+05  4.64064291e+01  1.63430584e+05  1.79734477e+02
 1.64689787e+05  4.64067502e+01  1.64689787e+05  1.79732413e+02
 1.65958691e+05  4.64070766e+01  1.65958691e+05  1.79730333e+02
 1.67237372e+05  4.64074075e+01  1.67237372e+05  1.79728237e+02
 1.68525904e+05  4.64077440e+01  1.68525904e+05  1.79726124e+02
 1.69824365e+05  4.64080854e+01  1.69824365e+05  1.79723994e+02
 1.71132830e+05  4.64084328e+01  1.71132830e+05  1.79721848e+02
 1.72451377e+05  4.64087851e+01  1.72451377e+05  1.79719685e+02
 1.73780083e+05  4.64091430e+01  1.73780083e+05  1.79717504e+02
 1.75119026e+05  4.64095062e+01  1.75119026e+05  1.79715306e+02
 1.76468286e+05  4.64098746e+01  1.76468286e+05  1.79713090e+02
 1.77827941e+05  4.64102494e+01  1.77827941e+05  1.79710857e+02
 1.79198072e+05  4.64106302e+01  1.79198072e+05  1.79708607e+02
 1.80578760e+05  4.64110160e+01  1.80578760e+05  1.79706338e+02
 1.81970086e+05  4.64114088e+01  1.81970086e+05  1.79704051e+02
 1.83372132e+05  4.64118066e+01  1.83372132e+05  1.79701746e+02
 1.84784980e+05  4.64122116e+01  1.84784980e+05  1.79699423e+02
 1.86208714e+05  4.64126219e+01  1.86208714e+05  1.79697082e+02
 1.87643417e+05  4.64130395e+01  1.87643417e+05  1.79694722e+02
 1.89089175e+05  4.64134639e+01  1.89089175e+05  1.79692343e+02
 1.90546072e+05  4.64138933e+01  1.90546072e+05  1.79689944e+02
 1.92014194e+05  4.64143301e+01  1.92014194e+05  1.79687527e+02
 1.93493628e+05  4.64147739e+01  1.93493628e+05  1.79685091e+02
 1.94984460e+05  4.64152256e+01  1.94984460e+05  1.79682635e+02
 1.96486779e+05  4.64156831e+01  1.96486779e+05  1.79680160e+02
 1.98000673e+05  4.64161470e+01  1.98000673e+05  1.79677664e+02
 1.99526231e+05  4.64166183e+01  1.99526231e+05  1.79675149e+02
 2.01063544e+05  4.64170988e+01  2.01063544e+05  1.79672614e+02
 2.02612701e+05  4.64175849e+01  2.02612701e+05  1.79670059e+02
 2.04173794e+05  4.64180798e+01  2.04173794e+05  1.79667482e+02
 2.05746916e+05  4.64185818e+01  2.05746916e+05  1.79664886e+02
 2.07332157e+05  4.64190920e+01  2.07332157e+05  1.79662268e+02
 2.08929613e+05  4.64196091e+01  2.08929613e+05  1.79659629e+02
 2.10539377e+05  4.64201348e+01  2.10539377e+05  1.79656970e+02
 2.12161544e+05  4.64206687e+01  2.12161544e+05  1.79654289e+02
 2.13796209e+05  4.64212109e+01  2.13796209e+05  1.79651587e+02
 2.15443469e+05  4.64217612e+01  2.15443469e+05  1.79648862e+02
 2.17103421e+05  4.64223205e+01  2.17103421e+05  1.79646116e+02
 2.18776162e+05  4.64228884e+01  2.18776162e+05  1.79643347e+02
 2.20461792e+05  4.64234654e+01  2.20461792e+05  1.79640556e+02
 2.22160409e+05  4.64240504e+01  2.22160409e+05  1.79637744e+02
 2.23872114e+05  4.64246448e+01  2.23872114e+05  1.79634907e+02
 2.25597007e+05  4.64252493e+01  2.25597007e+05  1.79632049e+02
 2.27335190e+05  4.64258625e+01  2.27335190e+05  1.79629166e+02
 2.29086765e+05  4.64264854e+01  2.29086765e+05  1.79626261e+02
 2.30851836e+05  4.64271167e+01  2.30851836e+05  1.79623332e+02
 2.32630507e+05  4.64277600e+01  2.32630507e+05  1.79620381e+02
 2.34422882e+05  4.64284119e+01  2.34422882e+05  1.79617404e+02
 2.36229066e+05  4.64290757e+01  2.36229066e+05  1.79614404e+02
 2.38049167e+05  4.64297476e+01  2.38049167e+05  1.79611378e+02
 2.39883292e+05  4.64304306e+01  2.39883292e+05  1.79608329e+02
 2.41731548e+05  4.64311248e+01  2.41731548e+05  1.79605255e+02
 2.43594045e+05  4.64318291e+01  2.43594045e+05  1.79602155e+02
 2.45470892e+05  4.64325450e+01  2.45470892e+05  1.79599031e+02
 2.47362199e+05  4.64332727e+01  2.47362199e+05  1.79595881e+02
 2.49268079e+05  4.64340106e+01  2.49268079e+05  1.79592706e+02
 2.51188643e+05  4.64347596e+01  2.51188643e+05  1.79589504e+02
 2.53124005e+05  4.64355203e+01  2.53124005e+05  1.79586276e+02
 2.55074278e+05  4.64362940e+01  2.55074278e+05  1.79583022e+02
 2.57039578e+05  4.64370785e+01  2.57039578e+05  1.79579741e+02
 2.59020020e+05  4.64378762e+01  2.59020020e+05  1.79576433e+02
 2.61015722e+05  4.64386850e+01  2.61015722e+05  1.79573099e+02
 2.63026799e+05  4.64395077e+01  2.63026799e+05  1.79569737e+02
 2.65053372e+05  4.64403416e+01  2.65053372e+05  1.79566347e+02
 2.67095559e+05  4.64411907e+01  2.67095559e+05  1.79562929e+02
 2.69153480e+05  4.64420523e+01  2.69153480e+05  1.79559483e+02
 2.71227258e+05  4.64429280e+01  2.71227258e+05  1.79556010e+02
 2.73317014e+05  4.64438151e+01  2.73317014e+05  1.79552507e+02
 2.75422870e+05  4.64447171e+01  2.75422870e+05  1.79548976e+02
 2.77544952e+05  4.64456324e+01  2.77544952e+05  1.79545413e+02
 2.79683385e+05  4.64465639e+01  2.79683385e+05  1.79541824e+02
 2.81838293e+05  4.64475080e+01  2.81838293e+05  1.79538205e+02
 2.84009805e+05  4.64484681e+01  2.84009805e+05  1.79534554e+02
 2.86198048e+05  4.64494421e+01  2.86198048e+05  1.79530874e+02
 2.88403150e+05  4.64504330e+01  2.88403150e+05  1.79527163e+02
 2.90625243e+05  4.64514368e+01  2.90625243e+05  1.79523421e+02
 2.92864456e+05  4.64524604e+01  2.92864456e+05  1.79519648e+02
 2.95120923e+05  4.64534956e+01  2.95120923e+05  1.79515843e+02
 2.97394775e+05  4.64545502e+01  2.97394775e+05  1.79512009e+02
 2.99686146e+05  4.64556186e+01  2.99686146e+05  1.79508139e+02
 3.01995172e+05  4.64567033e+01  3.01995172e+05  1.79504238e+02
 3.04321989e+05  4.64578065e+01  3.04321989e+05  1.79500307e+02
 3.06666733e+05  4.64589275e+01  3.06666733e+05  1.79496339e+02
 3.09029543e+05  4.64600643e+01  3.09029543e+05  1.79492340e+02
 3.11410558e+05  4.64612215e+01  3.11410558e+05  1.79488308e+02
 3.13809919e+05  4.64623933e+01  3.13809919e+05  1.79484241e+02
 3.16227766e+05  4.64635851e+01  3.16227766e+05  1.79480140e+02
 3.18664242e+05  4.64647963e+01  3.18664242e+05  1.79476006e+02
 3.21119491e+05  4.64660252e+01  3.21119491e+05  1.79471833e+02
 3.23593657e+05  4.64672712e+01  3.23593657e+05  1.79467626e+02
 3.26086886e+05  4.64685406e+01  3.26086886e+05  1.79463385e+02
 3.28599325e+05  4.64698282e+01  3.28599325e+05  1.79459105e+02
 3.31131121e+05  4.64711365e+01  3.31131121e+05  1.79454793e+02
 3.33682425e+05  4.64724658e+01  3.33682425e+05  1.79450443e+02
 3.36253386e+05  4.64738148e+01  3.36253386e+05  1.79446057e+02
 3.38844156e+05  4.64751849e+01  3.38844156e+05  1.79441629e+02
 3.41454887e+05  4.64765740e+01  3.41454887e+05  1.79437167e+02
 3.44085734e+05  4.64779886e+01  3.44085734e+05  1.79432665e+02
 3.46736850e+05  4.64794251e+01  3.46736850e+05  1.79428127e+02
 3.49408393e+05  4.64808834e+01  3.49408393e+05  1.79423548e+02
 3.52100520e+05  4.64823625e+01  3.52100520e+05  1.79418929e+02
 3.54813389e+05  4.64838658e+01  3.54813389e+05  1.79414271e+02
 3.57547160e+05  4.64853939e+01  3.57547160e+05  1.79409574e+02
 3.60301995e+05  4.64869440e+01  3.60301995e+05  1.79404834e+02
 3.63078055e+05  4.64885184e+01  3.63078055e+05  1.79400055e+02
 3.65875504e+05  4.64901204e+01  3.65875504e+05  1.79395236e+02
 3.68694506e+05  4.64917436e+01  3.68694506e+05  1.79390372e+02
 3.71535229e+05  4.64933950e+01  3.71535229e+05  1.79385466e+02
 3.74397839e+05  4.64950717e+01  3.74397839e+05  1.79380519e+02
 3.77282505e+05  4.64967762e+01  3.77282505e+05  1.79375528e+02
 3.80189396e+05  4.64985042e+01  3.80189396e+05  1.79370496e+02
 3.83118685e+05  4.65002602e+01  3.83118685e+05  1.79365416e+02
 3.86070543e+05  4.65020437e+01  3.86070543e+05  1.79360292e+02
 3.89045145e+05  4.65038556e+01  3.89045145e+05  1.79355123e+02
 3.92042666e+05  4.65056959e+01  3.92042666e+05  1.79349909e+02
 3.95063281e+05  4.65075664e+01  3.95063281e+05  1.79344649e+02
 3.98107171e+05  4.65094617e+01  3.98107171e+05  1.79339341e+02
 4.01174512e+05  4.65113921e+01  4.01174512e+05  1.79333990e+02
 4.04265487e+05  4.65133486e+01  4.04265487e+05  1.79328590e+02
 4.07380278e+05  4.65153407e+01  4.07380278e+05  1.79323140e+02
 4.10519067e+05  4.65173625e+01  4.10519067e+05  1.79317644e+02
 4.13682040e+05  4.65194119e+01  4.13682040e+05  1.79312095e+02
 4.16869383e+05  4.65214970e+01  4.16869383e+05  1.79306501e+02
 4.20081285e+05  4.65236138e+01  4.20081285e+05  1.79300857e+02
 4.23317933e+05  4.65257635e+01  4.23317933e+05  1.79295159e+02
 4.26579519e+05  4.65279510e+01  4.26579519e+05  1.79289411e+02
 4.29866235e+05  4.65301671e+01  4.29866235e+05  1.79283613e+02
 4.33178274e+05  4.65324197e+01  4.33178274e+05  1.79277755e+02
 4.36515832e+05  4.65347112e+01  4.36515832e+05  1.79271855e+02
 4.39879106e+05  4.65370344e+01  4.39879106e+05  1.79265892e+02
 4.43268292e+05  4.65393949e+01  4.43268292e+05  1.79259880e+02
 4.46683592e+05  4.65417939e+01  4.46683592e+05  1.79253816e+02
 4.50125206e+05  4.65442273e+01  4.50125206e+05  1.79247691e+02
 4.53593337e+05  4.65467030e+01  4.53593337e+05  1.79241511e+02
 4.57088190e+05  4.65492186e+01  4.57088190e+05  1.79235273e+02
 4.60609969e+05  4.65517703e+01  4.60609969e+05  1.79228975e+02
 4.64158883e+05  4.65543662e+01  4.64158883e+05  1.79222628e+02
 4.67735141e+05  4.65570004e+01  4.67735141e+05  1.79216216e+02
 4.71338954e+05  4.65596769e+01  4.71338954e+05  1.79209746e+02
 4.74970533e+05  4.65623945e+01  4.74970533e+05  1.79203220e+02
 4.78630092e+05  4.65651580e+01  4.78630092e+05  1.79196631e+02
 4.82317848e+05  4.65679606e+01  4.82317848e+05  1.79189972e+02
 4.86034018e+05  4.65708111e+01  4.86034018e+05  1.79183263e+02
 4.89778819e+05  4.65737019e+01  4.89778819e+05  1.79176476e+02
 4.93552474e+05  4.65766485e+01  4.93552474e+05  1.79169636e+02
 4.97355204e+05  4.65796318e+01  4.97355204e+05  1.79162735e+02
 5.01187234e+05  4.65826617e+01  5.01187234e+05  1.79155761e+02
 5.05048788e+05  4.65857453e+01  5.05048788e+05  1.79148723e+02
 5.08940095e+05  4.65888735e+01  5.08940095e+05  1.79141620e+02
 5.12861384e+05  4.65920592e+01  5.12861384e+05  1.79134446e+02
 5.16812886e+05  4.65952846e+01  5.16812886e+05  1.79127198e+02
 5.20794833e+05  4.65985677e+01  5.20794833e+05  1.79119885e+02
 5.24807460e+05  4.66018989e+01  5.24807460e+05  1.79112509e+02
 5.28851004e+05  4.66052840e+01  5.28851004e+05  1.79105060e+02
 5.32925703e+05  4.66087306e+01  5.32925703e+05  1.79097531e+02
 5.37031796e+05  4.66122161e+01  5.37031796e+05  1.79089924e+02
 5.41169527e+05  4.66157690e+01  5.41169527e+05  1.79082259e+02
 5.45339137e+05  4.66193787e+01  5.45339137e+05  1.79074509e+02
 5.49540874e+05  4.66230397e+01  5.49540874e+05  1.79066691e+02
 5.53774984e+05  4.66267623e+01  5.53774984e+05  1.79058782e+02
 5.58041717e+05  4.66305419e+01  5.58041717e+05  1.79050801e+02
 5.62341325e+05  4.66343828e+01  5.62341325e+05  1.79042743e+02
 5.66674061e+05  4.66382849e+01  5.66674061e+05  1.79034613e+02
 5.71040179e+05  4.66422498e+01  5.71040179e+05  1.79026389e+02
 5.75439937e+05  4.66462781e+01  5.75439937e+05  1.79018088e+02
 5.79873595e+05  4.66503669e+01  5.79873595e+05  1.79009709e+02
 5.84341413e+05  4.66545288e+01  5.84341413e+05  1.79001229e+02
 5.88843655e+05  4.66587469e+01  5.88843655e+05  1.78992675e+02
 5.93380586e+05  4.66630366e+01  5.93380586e+05  1.78984041e+02
 5.97952473e+05  4.66673969e+01  5.97952473e+05  1.78975305e+02
 6.02559586e+05  4.66718250e+01  6.02559586e+05  1.78966481e+02
 6.07202196e+05  4.66763233e+01  6.07202196e+05  1.78957576e+02
 6.11880576e+05  4.66808971e+01  6.11880576e+05  1.78948576e+02
 6.16595002e+05  4.66855374e+01  6.16595002e+05  1.78939485e+02
 6.21345752e+05  4.66902527e+01  6.21345752e+05  1.78930293e+02
 6.26133105e+05  4.66950502e+01  6.26133105e+05  1.78920997e+02
 6.30957344e+05  4.66999262e+01  6.30957344e+05  1.78911632e+02
 6.35818754e+05  4.67048777e+01  6.35818754e+05  1.78902155e+02
 6.40717619e+05  4.67098955e+01  6.40717619e+05  1.78892556e+02
 6.45654229e+05  4.67150118e+01  6.45654229e+05  1.78882895e+02
 6.50628875e+05  4.67201969e+01  6.50628875e+05  1.78873105e+02
 6.55641849e+05  4.67254755e+01  6.55641849e+05  1.78863214e+02
 6.60693448e+05  4.67308404e+01  6.60693448e+05  1.78853224e+02
 6.65783968e+05  4.67362851e+01  6.65783968e+05  1.78843128e+02
 6.70913710e+05  4.67418176e+01  6.70913710e+05  1.78832911e+02
 6.76082975e+05  4.67474366e+01  6.76082975e+05  1.78822584e+02
 6.81292069e+05  4.67531458e+01  6.81292069e+05  1.78812155e+02
 6.86541298e+05  4.67589494e+01  6.86541298e+05  1.78801616e+02
 6.91830971e+05  4.67648494e+01  6.91830971e+05  1.78790951e+02
 6.97161400e+05  4.67708447e+01  6.97161400e+05  1.78780175e+02
 7.02532899e+05  4.67769310e+01  7.02532899e+05  1.78769271e+02
 7.07945784e+05  4.67831236e+01  7.07945784e+05  1.78758250e+02
 7.13400375e+05  4.67894133e+01  7.13400375e+05  1.78747116e+02
 7.18896992e+05  4.67958065e+01  7.18896992e+05  1.78735839e+02
 7.24435960e+05  4.68022998e+01  7.24435960e+05  1.78724448e+02
 7.30017605e+05  4.68089132e+01  7.30017605e+05  1.78712938e+02
 7.35642254e+05  4.68156096e+01  7.35642254e+05  1.78701275e+02
 7.41310241e+05  4.68224221e+01  7.41310241e+05  1.78689468e+02
 7.47021899e+05  4.68293439e+01  7.47021899e+05  1.78677565e+02
 7.52777564e+05  4.68363851e+01  7.52777564e+05  1.78665494e+02
 7.58577575e+05  4.68435434e+01  7.58577575e+05  1.78653306e+02
 7.64422274e+05  4.68508192e+01  7.64422274e+05  1.78640977e+02
 7.70312006e+05  4.68581995e+01  7.70312006e+05  1.78628481e+02
 7.76247117e+05  4.68657107e+01  7.76247117e+05  1.78615844e+02
 7.82227956e+05  4.68733373e+01  7.82227956e+05  1.78603050e+02
 7.88254877e+05  4.68811003e+01  7.88254877e+05  1.78590141e+02
 7.94328235e+05  4.68889910e+01  7.94328235e+05  1.78577061e+02
 8.00448386e+05  4.68969976e+01  8.00448386e+05  1.78563789e+02
 8.06615692e+05  4.69051421e+01  8.06615692e+05  1.78550398e+02
 8.12830516e+05  4.69134291e+01  8.12830516e+05  1.78536848e+02
 8.19093224e+05  4.69218300e+01  8.19093224e+05  1.78523086e+02
 8.25404185e+05  4.69303837e+01  8.25404185e+05  1.78509206e+02
 8.31763771e+05  4.69390749e+01  8.31763771e+05  1.78495120e+02
 8.38172356e+05  4.69479175e+01  8.38172356e+05  1.78480878e+02
 8.44630319e+05  4.69568936e+01  8.44630319e+05  1.78466463e+02
 8.51138038e+05  4.69660301e+01  8.51138038e+05  1.78451897e+02
 8.57695899e+05  4.69753007e+01  8.57695899e+05  1.78437077e+02
 8.64304286e+05  4.69847502e+01  8.64304286e+05  1.78422132e+02
 8.70963590e+05  4.69943381e+01  8.70963590e+05  1.78406978e+02
 8.77674203e+05  4.70040833e+01  8.77674203e+05  1.78391605e+02
 8.84436519e+05  4.70139895e+01  8.84436519e+05  1.78376073e+02
 8.91250938e+05  4.70240670e+01  8.91250938e+05  1.78360325e+02
 8.98117861e+05  4.70343117e+01  8.98117861e+05  1.78344328e+02
 9.05037692e+05  4.70447227e+01  9.05037692e+05  1.78328182e+02
 9.12010839e+05  4.70553089e+01  9.12010839e+05  1.78311800e+02
 9.19037713e+05  4.70660846e+01  9.19037713e+05  1.78295216e+02
 9.26118728e+05  4.70770084e+01  9.26118728e+05  1.78278396e+02
 9.33254301e+05  4.70881367e+01  9.33254301e+05  1.78261340e+02
 9.40444852e+05  4.70994571e+01  9.40444852e+05  1.78244089e+02
 9.47690805e+05  4.71109653e+01  9.47690805e+05  1.78226590e+02
 9.54992586e+05  4.71226528e+01  9.54992586e+05  1.78208857e+02
 9.62350626e+05  4.71345550e+01  9.62350626e+05  1.78190883e+02
 9.69765359e+05  4.71466368e+01  9.69765359e+05  1.78172639e+02
 9.77237221e+05  4.71589271e+01  9.77237221e+05  1.78154145e+02
 9.84766652e+05  4.71714345e+01  9.84766652e+05  1.78135409e+02
 9.92354096e+05  4.71841489e+01  9.92354096e+05  1.78116400e+02
 1.00000000e+06  4.71970789e+01  1.00000000e+06  1.78097105e+02
 1.00770481e+06  4.72102303e+01  1.00770481e+06  1.78077568e+02
 1.01546899e+06  4.72235988e+01  1.01546899e+06  1.78057778e+02
 1.02329299e+06  4.72371853e+01  1.02329299e+06  1.78037652e+02
 1.03117727e+06  4.72510207e+01  1.03117727e+06  1.78017244e+02
 1.03912230e+06  4.72650989e+01  1.03912230e+06  1.77996583e+02
 1.04712855e+06  4.72793907e+01  1.04712855e+06  1.77975547e+02
 1.05519648e+06  4.72939455e+01  1.05519648e+06  1.77954230e+02
 1.06332657e+06  4.73087624e+01  1.06332657e+06  1.77932590e+02
 1.07151931e+06  4.73238115e+01  1.07151931e+06  1.77910659e+02
 1.07977516e+06  4.73391103e+01  1.07977516e+06  1.77888334e+02
 1.08809463e+06  4.73546989e+01  1.08809463e+06  1.77865715e+02
 1.09647820e+06  4.73705499e+01  1.09647820e+06  1.77842808e+02
 1.10492636e+06  4.73866469e+01  1.10492636e+06  1.77819454e+02
 1.11343961e+06  4.74030553e+01  1.11343961e+06  1.77795739e+02
 1.12201845e+06  4.74197519e+01  1.12201845e+06  1.77771762e+02
 1.13066340e+06  4.74367356e+01  1.13066340e+06  1.77747203e+02
 1.13937495e+06  4.74539855e+01  1.13937495e+06  1.77722445e+02
 1.14815362e+06  4.74715577e+01  1.14815362e+06  1.77697166e+02
 1.15699993e+06  4.74894391e+01  1.15699993e+06  1.77671601e+02
 1.16591440e+06  4.75076265e+01  1.16591440e+06  1.77645515e+02
 1.17489755e+06  4.75261451e+01  1.17489755e+06  1.77619098e+02
 1.18394992e+06  4.75449751e+01  1.18394992e+06  1.77592246e+02
 1.19307204e+06  4.75641362e+01  1.19307204e+06  1.77564918e+02
 1.20226443e+06  4.75836362e+01  1.20226443e+06  1.77536995e+02
 1.21152766e+06  4.76034814e+01  1.21152766e+06  1.77508857e+02
 1.22086225e+06  4.76236813e+01  1.22086225e+06  1.77480073e+02
 1.23026877e+06  4.76442316e+01  1.23026877e+06  1.77450834e+02
 1.23974776e+06  4.76651670e+01  1.23974776e+06  1.77421145e+02
 1.24929979e+06  4.76864836e+01  1.24929979e+06  1.77390904e+02
 1.25892541e+06  4.77081808e+01  1.25892541e+06  1.77360102e+02
 1.26862520e+06  4.77302379e+01  1.26862520e+06  1.77328833e+02
 1.27839972e+06  4.77526930e+01  1.27839972e+06  1.77296910e+02
 1.28824955e+06  4.77755642e+01  1.28824955e+06  1.77264486e+02
 1.29817528e+06  4.77988542e+01  1.29817528e+06  1.77231488e+02
 1.30817747e+06  4.78225615e+01  1.30817747e+06  1.77197866e+02
 1.31825674e+06  4.78467253e+01  1.31825674e+06  1.77163649e+02
 1.32841366e+06  4.78712938e+01  1.32841366e+06  1.77128805e+02
 1.33864884e+06  4.78962959e+01  1.33864884e+06  1.77093245e+02
 1.34896288e+06  4.79218136e+01  1.34896288e+06  1.77057127e+02
 1.35935639e+06  4.79477591e+01  1.35935639e+06  1.77020244e+02
 1.36982998e+06  4.79741604e+01  1.36982998e+06  1.76982655e+02
 1.38038426e+06  4.80011318e+01  1.38038426e+06  1.76944409e+02
 1.39101987e+06  4.80285391e+01  1.39101987e+06  1.76905434e+02
 1.40173742e+06  4.80564722e+01  1.40173742e+06  1.76865675e+02
 1.41253754e+06  4.80849322e+01  1.41253754e+06  1.76825089e+02
 1.42342088e+06  4.81139009e+01  1.42342088e+06  1.76783657e+02
 1.43438808e+06  4.81434186e+01  1.43438808e+06  1.76741418e+02
 1.44543977e+06  4.81735201e+01  1.44543977e+06  1.76698493e+02
 1.45657662e+06  4.82041650e+01  1.45657662e+06  1.76654552e+02
 1.46779927e+06  4.82353918e+01  1.46779927e+06  1.76609705e+02
 1.47910839e+06  4.82671964e+01  1.47910839e+06  1.76563883e+02
 1.49050464e+06  4.82996636e+01  1.49050464e+06  1.76517158e+02
 1.50198870e+06  4.83327231e+01  1.50198870e+06  1.76469531e+02
 1.51356125e+06  4.83663998e+01  1.51356125e+06  1.76420784e+02
 1.52522296e+06  4.84007470e+01  1.52522296e+06  1.76371082e+02
 1.53697452e+06  4.84357108e+01  1.53697452e+06  1.76320105e+02
 1.54881662e+06  4.84713911e+01  1.54881662e+06  1.76268174e+02
 1.56074996e+06  4.85077878e+01  1.56074996e+06  1.76214984e+02
 1.57277525e+06  4.85449292e+01  1.57277525e+06  1.76160656e+02
 1.58489319e+06  4.85827215e+01  1.58489319e+06  1.76105176e+02
 1.59710450e+06  4.86212761e+01  1.59710450e+06  1.76048506e+02
 1.60940989e+06  4.86605998e+01  1.60940989e+06  1.75990207e+02
 1.62181010e+06  4.87007457e+01  1.62181010e+06  1.75930776e+02
 1.63430584e+06  4.87416838e+01  1.63430584e+06  1.75870026e+02
 1.64689787e+06  4.87834257e+01  1.64689787e+06  1.75807548e+02
 1.65958691e+06  4.88259710e+01  1.65958691e+06  1.75743946e+02
 1.67237372e+06  4.88694218e+01  1.67237372e+06  1.75678635e+02
 1.68525904e+06  4.89137557e+01  1.68525904e+06  1.75611483e+02
 1.69824365e+06  4.89589965e+01  1.69824365e+06  1.75543075e+02
 1.71132830e+06  4.90051578e+01  1.71132830e+06  1.75472670e+02
 1.72451377e+06  4.90522793e+01  1.72451377e+06  1.75400585e+02
 1.73780083e+06  4.91003865e+01  1.73780083e+06  1.75326594e+02
 1.75119026e+06  4.91495211e+01  1.75119026e+06  1.75250774e+02
 1.76468286e+06  4.91995999e+01  1.76468286e+06  1.75173119e+02
 1.77827941e+06  4.92508245e+01  1.77827941e+06  1.75093153e+02
 1.79198072e+06  4.93030831e+01  1.79198072e+06  1.75011251e+02
 1.80578760e+06  4.93565238e+01  1.80578760e+06  1.74927079e+02
 1.81970086e+06  4.94110305e+01  1.81970086e+06  1.74840528e+02
 1.83372132e+06  4.94667747e+01  1.83372132e+06  1.74751721e+02
 1.84784980e+06  4.95236781e+01  1.84784980e+06  1.74660321e+02
 1.86208714e+06  4.95818512e+01  1.86208714e+06  1.74566490e+02
 1.87643417e+06  4.96412935e+01  1.87643417e+06  1.74469810e+02
 1.89089175e+06  4.97021037e+01  1.89089175e+06  1.74370291e+02
 1.90546072e+06  4.97641748e+01  1.90546072e+06  1.74267916e+02
 1.92014194e+06  4.98276875e+01  1.92014194e+06  1.74162609e+02
 1.93493628e+06  4.98925851e+01  1.93493628e+06  1.74054207e+02
 1.94984460e+06  4.99590729e+01  1.94984460e+06  1.73942340e+02
 1.96486779e+06  5.00269754e+01  1.96486779e+06  1.73826875e+02
 1.98000673e+06  5.00964675e+01  1.98000673e+06  1.73708115e+02
 1.99526231e+06  5.01675561e+01  1.99526231e+06  1.73585361e+02
 2.01063544e+06  5.02403055e+01  2.01063544e+06  1.73459048e+02
 2.02612701e+06  5.03148400e+01  2.02612701e+06  1.73328206e+02
 2.04173794e+06  5.03909967e+01  2.04173794e+06  1.73193170e+02
 2.05746916e+06  5.04690307e+01  2.05746916e+06  1.73053616e+02
 2.07332157e+06  5.05489560e+01  2.07332157e+06  1.72909677e+02
 2.08929613e+06  5.06308381e+01  2.08929613e+06  1.72760477e+02
 2.10539377e+06  5.07147101e+01  2.10539377e+06  1.72606054e+02
 2.12161544e+06  5.08006484e+01  2.12161544e+06  1.72445806e+02
 2.13796209e+06  5.08887239e+01  2.13796209e+06  1.72280663e+02
 2.15443469e+06  5.09789915e+01  2.15443469e+06  1.72109036e+02
 2.17103421e+06  5.10716787e+01  2.17103421e+06  1.71930862e+02
 2.18776162e+06  5.11665369e+01  2.18776162e+06  1.71746247e+02
 2.20461792e+06  5.12639776e+01  2.20461792e+06  1.71554519e+02
 2.22160409e+06  5.13638624e+01  2.22160409e+06  1.71354988e+02
 2.23872114e+06  5.14664883e+01  2.23872114e+06  1.71148007e+02
 2.25597007e+06  5.15717615e+01  2.25597007e+06  1.70932756e+02
 2.27335190e+06  5.16797582e+01  2.27335190e+06  1.70708781e+02
 2.29086765e+06  5.17907082e+01  2.29086765e+06  1.70475250e+02
 2.30851836e+06  5.19049376e+01  2.30851836e+06  1.70231291e+02
 2.32630507e+06  5.20220966e+01  2.32630507e+06  1.69977609e+02
 2.34422882e+06  5.21425227e+01  2.34422882e+06  1.69712513e+02
 2.36229066e+06  5.22663053e+01  2.36229066e+06  1.69435853e+02
 2.38049167e+06  5.23937230e+01  2.38049167e+06  1.69146405e+02
 2.39883292e+06  5.25246779e+01  2.39883292e+06  1.68843546e+02
 2.41731548e+06  5.26596575e+01  2.41731548e+06  1.68525977e+02
 2.43594045e+06  5.27984357e+01  2.43594045e+06  1.68193424e+02
 2.45470892e+06  5.29414941e+01  2.45470892e+06  1.67844171e+02
 2.47362199e+06  5.30887946e+01  2.47362199e+06  1.67477884e+02
 2.49268079e+06  5.32406136e+01  2.49268079e+06  1.67092013e+02
 2.51188643e+06  5.33970728e+01  2.51188643e+06  1.66686323e+02
 2.53124005e+06  5.35584888e+01  2.53124005e+06  1.66258342e+02
 2.55074278e+06  5.37247884e+01  2.55074278e+06  1.65807791e+02
 2.57039578e+06  5.38966275e+01  2.57039578e+06  1.65330899e+02
 2.59020020e+06  5.40739211e+01  2.59020020e+06  1.64827005e+02
 2.61015722e+06  5.42571323e+01  2.61015722e+06  1.64293163e+02
 2.63026799e+06  5.44460812e+01  2.63026799e+06  1.63727341e+02
 2.65053372e+06  5.46415579e+01  2.65053372e+06  1.63126259e+02
 2.67095559e+06  5.48435928e+01  2.67095559e+06  1.62487001e+02
 2.69153480e+06  5.50522798e+01  2.69153480e+06  1.61806198e+02
 2.71227258e+06  5.52683894e+01  2.71227258e+06  1.61079649e+02
 2.73317014e+06  5.54917567e+01  2.73317014e+06  1.60303017e+02
 2.75422870e+06  5.57227555e+01  2.75422870e+06  1.59471956e+02
 2.77544952e+06  5.59617844e+01  2.77544952e+06  1.58580609e+02
 2.79683385e+06  5.62090619e+01  2.79683385e+06  1.57622641e+02
 2.81838293e+06  5.64648947e+01  2.81838293e+06  1.56591519e+02
 2.84009805e+06  5.67293779e+01  2.84009805e+06  1.55479113e+02
 2.86198048e+06  5.70028120e+01  2.86198048e+06  1.54276687e+02
 2.88403150e+06  5.72851164e+01  2.88403150e+06  1.52974459e+02
 2.90625243e+06  5.75764444e+01  2.90625243e+06  1.51560828e+02
 2.92864456e+06  5.78765092e+01  2.92864456e+06  1.50023718e+02
 2.95120923e+06  5.81851066e+01  2.95120923e+06  1.48348483e+02
 2.97394775e+06  5.85014669e+01  2.97394775e+06  1.46519723e+02
 2.99686146e+06  5.88247594e+01  2.99686146e+06  1.44519678e+02
 3.01995172e+06  5.91536280e+01  3.01995172e+06  1.42329250e+02
 3.04321989e+06  5.94862144e+01  3.04321989e+06  1.39927849e+02
 3.06666733e+06  5.98197615e+01  3.06666733e+06  1.37293712e+02
 3.09029543e+06  6.01507618e+01  3.09029543e+06  1.34404956e+02
 3.11410558e+06  6.04748832e+01  3.11410558e+06  1.31240205e+02
 3.13809919e+06  6.07862505e+01  3.13809919e+06  1.27781232e+02
 3.16227766e+06  6.10781871e+01  3.16227766e+06  1.24014351e+02
 3.18664242e+06  6.13421563e+01  3.18664242e+06  1.19935021e+02
 3.21119491e+06  6.15693959e+01  3.21119491e+06  1.15549746e+02
 3.23593657e+06  6.17499247e+01  3.23593657e+06  1.10881213e+02
 3.26086886e+06  6.18741256e+01  3.26086886e+06  1.05969584e+02
 3.28599325e+06  6.19346038e+01  3.28599325e+06  1.00873271e+02
 3.31131121e+06  6.19246240e+01  3.31131121e+06  9.56675190e+01
 3.33682425e+06  6.18417388e+01  3.33682425e+06  9.04368586e+01
 3.36253386e+06  6.16865972e+01  3.36253386e+06  8.52690971e+01
 3.38844156e+06  6.14634505e+01  3.38844156e+06  8.02454635e+01
 3.41454887e+06  6.11795808e+01  3.41454887e+06  7.54342035e+01
 3.44085734e+06  6.08432717e+01  3.44085734e+06  7.08864287e+01
 3.46736850e+06  6.04649952e+01  3.46736850e+06  6.66340569e+01
 3.49408393e+06  6.00537024e+01  3.49408393e+06  6.26929100e+01
 3.52100520e+06  5.96185064e+01  3.52100520e+06  5.90640796e+01
 3.54813389e+06  5.91665114e+01  3.54813389e+06  5.57381349e+01
 3.57547160e+06  5.87046401e+01  3.57547160e+06  5.26997673e+01
 3.60301995e+06  5.82376582e+01  3.60301995e+06  4.99283657e+01
 3.63078055e+06  5.77700151e+01  3.63078055e+06  4.74032359e+01
 3.65875504e+06  5.73046624e+01  3.65875504e+06  4.51016369e+01
 3.68694506e+06  5.68437986e+01  3.68694506e+06  4.30022989e+01
 3.71535229e+06  5.63890185e+01  3.71535229e+06  4.10855578e+01
 3.74397839e+06  5.59418688e+01  3.74397839e+06  3.93326651e+01
 3.77282505e+06  5.55026205e+01  3.77282505e+06  3.77267886e+01
 3.80189396e+06  5.50724149e+01  3.80189396e+06  3.62531071e+01
 3.83118685e+06  5.46505738e+01  3.83118685e+06  3.48980423e+01
 3.86070543e+06  5.42380359e+01  3.86070543e+06  3.36493738e+01
 3.89045145e+06  5.38339806e+01  3.89045145e+06  3.24969375e+01
 3.92042666e+06  5.34393415e+01  3.92042666e+06  3.14313939e+01
 3.95063281e+06  5.30526985e+01  3.95063281e+06  3.04428977e+01
 3.98107171e+06  5.26749236e+01  3.98107171e+06  2.95258416e+01
 4.01174512e+06  5.23053144e+01  4.01174512e+06  2.86736669e+01
 4.04265487e+06  5.19431244e+01  4.04265487e+06  2.78786728e+01
 4.07380278e+06  5.15891148e+01  4.07380278e+06  2.71373664e+01
 4.10519067e+06  5.12416949e+01  4.10519067e+06  2.64438376e+01
 4.13682040e+06  5.09016588e+01  4.13682040e+06  2.57954166e+01
 4.16869383e+06  5.05683022e+01  4.16869383e+06  2.51875539e+01
 4.20081285e+06  5.02413666e+01  4.20081285e+06  2.46170011e+01
 4.23317933e+06  4.99205044e+01  4.23317933e+06  2.40804483e+01
 4.26579519e+06  4.96058113e+01  4.26579519e+06  2.35758274e+01
 4.29866235e+06  4.92968642e+01  4.29866235e+06  2.31001121e+01
 4.33178274e+06  4.89927170e+01  4.33178274e+06  2.26514543e+01
 4.36515832e+06  4.86944865e+01  4.36515832e+06  2.22282726e+01
 4.39879106e+06  4.84006213e+01  4.39879106e+06  2.18278049e+01
 4.43268292e+06  4.81121232e+01  4.43268292e+06  2.14494876e+01
 4.46683592e+06  4.78279352e+01  4.46683592e+06  2.10903038e+01
 4.50125206e+06  4.75477352e+01  4.50125206e+06  2.07508075e+01
 4.53593337e+06  4.72724148e+01  4.53593337e+06  2.04289383e+01
 4.57088190e+06  4.70010843e+01  4.57088190e+06  2.01241104e+01
 4.60609969e+06  4.67337011e+01  4.60609969e+06  1.98336575e+01
 4.64158883e+06  4.64694711e+01  4.64158883e+06  1.95573450e+01
 4.67735141e+06  4.62094899e+01  4.67735141e+06  1.92949277e+01
 4.71338954e+06  4.59525978e+01  4.71338954e+06  1.90452281e+01
 4.74970533e+06  4.56990419e+01  4.74970533e+06  1.88087418e+01
 4.78630092e+06  4.54485873e+01  4.78630092e+06  1.85829833e+01
 4.82317848e+06  4.52016263e+01  4.82317848e+06  1.83682251e+01
 4.86034018e+06  4.49574570e+01  4.86034018e+06  1.81635699e+01
 4.89778819e+06  4.47161851e+01  4.89778819e+06  1.79671924e+01
 4.93552474e+06  4.44775086e+01  4.93552474e+06  1.77817758e+01
 4.97355204e+06  4.42414068e+01  4.97355204e+06  1.76041098e+01
 5.01187234e+06  4.40081449e+01  5.01187234e+06  1.74339894e+01
 5.05048788e+06  4.37771680e+01  5.05048788e+06  1.72726584e+01
 5.08940095e+06  4.35487711e+01  5.08940095e+06  1.71184053e+01
 5.12861384e+06  4.33229178e+01  5.12861384e+06  1.69718711e+01
 5.16812886e+06  4.30986544e+01  5.16812886e+06  1.68332217e+01
 5.20794833e+06  4.28770777e+01  5.20794833e+06  1.66967984e+01
 5.24807460e+06  4.26570066e+01  5.24807460e+06  1.65698711e+01
 5.28851004e+06  4.24396708e+01  5.28851004e+06  1.64480522e+01
 5.32925703e+06  4.22235964e+01  5.32925703e+06  1.63320520e+01
 5.37031796e+06  4.20099819e+01  5.37031796e+06  1.62214654e+01
 5.41169527e+06  4.17980288e+01  5.41169527e+06  1.61148887e+01
 5.45339137e+06  4.15879001e+01  5.45339137e+06  1.60137492e+01
 5.49540874e+06  4.13795273e+01  5.49540874e+06  1.59192955e+01
 5.53774984e+06  4.11721214e+01  5.53774984e+06  1.58260799e+01
 5.58041717e+06  4.09673295e+01  5.58041717e+06  1.57420331e+01
 5.62341325e+06  4.07636084e+01  5.62341325e+06  1.56588062e+01
 5.66674061e+06  4.05614369e+01  5.66674061e+06  1.55800143e+01
 5.71040179e+06  4.03611700e+01  5.71040179e+06  1.55045014e+01
 5.75439937e+06  4.01621168e+01  5.75439937e+06  1.54340621e+01
 5.79873595e+06  3.99640247e+01  5.79873595e+06  1.53680237e+01
 5.84341413e+06  3.97675903e+01  5.84341413e+06  1.53028611e+01
 5.88843655e+06  3.95724661e+01  5.88843655e+06  1.52435129e+01
 5.93380586e+06  3.93786793e+01  5.93380586e+06  1.51869758e+01
 5.97952473e+06  3.91854748e+01  5.97952473e+06  1.51340391e+01
 6.02559586e+06  3.89941387e+01  6.02559586e+06  1.50828221e+01
 6.07202196e+06  3.88041154e+01  6.07202196e+06  1.50339785e+01
 6.11880576e+06  3.86154052e+01  6.11880576e+06  1.49916814e+01
 6.16595002e+06  3.84270237e+01  6.16595002e+06  1.49509811e+01
 6.21345752e+06  3.82400916e+01  6.21345752e+06  1.49092476e+01
 6.26133105e+06  3.80540462e+01  6.26133105e+06  1.48740290e+01
 6.30957344e+06  3.78691368e+01  6.30957344e+06  1.48414499e+01
 6.35818754e+06  3.76850450e+01  6.35818754e+06  1.48117531e+01
 6.40717619e+06  3.75025892e+01  6.40717619e+06  1.47801629e+01
 6.45654229e+06  3.73202036e+01  6.45654229e+06  1.47535003e+01
 6.50628875e+06  3.71394700e+01  6.50628875e+06  1.47318036e+01
 6.55641849e+06  3.69591513e+01  6.55641849e+06  1.47109108e+01
 6.60693448e+06  3.67797662e+01  6.60693448e+06  1.46917557e+01
 6.65783968e+06  3.66013786e+01  6.65783968e+06  1.46757984e+01
 6.70913710e+06  3.64239264e+01  6.70913710e+06  1.46578182e+01
 6.76082975e+06  3.62469003e+01  6.76082975e+06  1.46465130e+01
 6.81292069e+06  3.60707959e+01  6.81292069e+06  1.46349369e+01
 6.86541298e+06  3.58951138e+01  6.86541298e+06  1.46270371e+01
 6.91830971e+06  3.57202967e+01  6.91830971e+06  1.46231368e+01
 6.97161400e+06  3.55461858e+01  6.97161400e+06  1.46172319e+01
 7.02532899e+06  3.53739461e+01  7.02532899e+06  1.46138510e+01
 7.07945784e+06  3.52012323e+01  7.07945784e+06  1.46130847e+01
 7.13400375e+06  3.50295506e+01  7.13400375e+06  1.46141538e+01
 7.18896992e+06  3.48581768e+01  7.18896992e+06  1.46168597e+01
 7.24435960e+06  3.46878415e+01  7.24435960e+06  1.46222144e+01
 7.30017605e+06  3.45171601e+01  7.30017605e+06  1.46313976e+01
 7.35642254e+06  3.43483064e+01  7.35642254e+06  1.46320498e+01
 7.41310241e+06  3.41792370e+01  7.41310241e+06  1.46486173e+01
 7.47021899e+06  3.40113126e+01  7.47021899e+06  1.46579093e+01
 7.52777564e+06  3.38435484e+01  7.52777564e+06  1.46734101e+01
 7.58577575e+06  3.36764131e+01  7.58577575e+06  1.46865012e+01
 7.64422274e+06  3.35100399e+01  7.64422274e+06  1.47019303e+01
 7.70312006e+06  3.33441067e+01  7.70312006e+06  1.47199325e+01
 7.76247117e+06  3.31782722e+01  7.76247117e+06  1.47394228e+01
 7.82227956e+06  3.30138615e+01  7.82227956e+06  1.47614942e+01
 7.88254877e+06  3.28494146e+01  7.88254877e+06  1.47850069e+01
 7.94328235e+06  3.26848810e+01  7.94328235e+06  1.48094402e+01
 8.00448386e+06  3.25212124e+01  8.00448386e+06  1.48305123e+01
 8.06615692e+06  3.23576978e+01  8.06615692e+06  1.48570401e+01
 8.12830516e+06  3.21953462e+01  8.12830516e+06  1.48888912e+01
 8.19093224e+06  3.20326988e+01  8.19093224e+06  1.49177773e+01
 8.25404185e+06  3.18702413e+01  8.25404185e+06  1.49520953e+01
 8.31763771e+06  3.17098724e+01  8.31763771e+06  1.49833048e+01
 8.38172356e+06  3.15476744e+01  8.38172356e+06  1.50216282e+01
 8.44630319e+06  3.13875776e+01  8.44630319e+06  1.50534278e+01
 8.51138038e+06  3.12267964e+01  8.51138038e+06  1.50913953e+01
 8.57695899e+06  3.10673445e+01  8.57695899e+06  1.51320908e+01
 8.64304286e+06  3.09070175e+01  8.64304286e+06  1.51727548e+01
 8.70963590e+06  3.07471469e+01  8.70963590e+06  1.52089023e+01
 8.77674203e+06  3.05886417e+01  8.77674203e+06  1.52556903e+01
 8.84436519e+06  3.04298342e+01  8.84436519e+06  1.52975410e+01
 8.91250938e+06  3.02711636e+01  8.91250938e+06  1.53418143e+01
 8.98117861e+06  3.01128748e+01  8.98117861e+06  1.53885316e+01
 9.05037692e+06  2.99553531e+01  9.05037692e+06  1.54392455e+01
 9.12010839e+06  2.97978135e+01  9.12010839e+06  1.54878629e+01
 9.19037713e+06  2.96396664e+01  9.19037713e+06  1.55422504e+01
 9.26118728e+06  2.94838088e+01  9.26118728e+06  1.55886958e+01
 9.33254301e+06  2.93265124e+01  9.33254301e+06  1.56437087e+01
 9.40444852e+06  2.91706732e+01  9.40444852e+06  1.56994467e+01
 9.47690805e+06  2.90143246e+01  9.47690805e+06  1.57544532e+01
 9.54992586e+06  2.88565930e+01  9.54992586e+06  1.58207069e+01
 9.62350626e+06  2.87013829e+01  9.62350626e+06  1.58775456e+01
 9.69765359e+06  2.85467606e+01  9.69765359e+06  1.59350024e+01
 9.77237221e+06  2.83908284e+01  9.77237221e+06  1.59961084e+01
 9.84766652e+06  2.82373996e+01  9.84766652e+06  1.60550844e+01
 9.92354096e+06  2.80820348e+01  9.92354096e+06  1.61229706e+01
 1.00000000e+07  2.79266974e+01  1.00000000e+07  1.61906939e+01
 1.00770481e+07  2.77718404e+01  1.00770481e+07  1.62605184e+01
 1.01546899e+07  2.76190844e+01  1.01546899e+07  1.63210689e+01
 1.02329299e+07  2.74630940e+01  1.02329299e+07  1.64020212e+01
 1.03117727e+07  2.73094033e+01  1.03117727e+07  1.64691583e+01
 1.03912230e+07  2.71552208e+01  1.03912230e+07  1.65444077e+01
 1.04712855e+07  2.70007582e+01  1.04712855e+07  1.66182859e+01
 1.05519648e+07  2.68487737e+01  1.05519648e+07  1.66884741e+01
 1.06332657e+07  2.66951420e+01  1.06332657e+07  1.67674417e+01
 1.07151931e+07  2.65411465e+01  1.07151931e+07  1.68475048e+01
 1.07977516e+07  2.63882266e+01  1.07977516e+07  1.69302271e+01
 1.08809463e+07  2.62360108e+01  1.08809463e+07  1.70093363e+01
 1.09647820e+07  2.60831318e+01  1.09647820e+07  1.70893733e+01
 1.10492636e+07  2.59302209e+01  1.10492636e+07  1.71709138e+01
 1.11343961e+07  2.57767089e+01  1.11343961e+07  1.72614629e+01
 1.12201845e+07  2.56237014e+01  1.12201845e+07  1.73493787e+01
 1.13066340e+07  2.54733700e+01  1.13066340e+07  1.74288041e+01
 1.13937495e+07  2.53199501e+01  1.13937495e+07  1.75290773e+01
 1.14815362e+07  2.51668180e+01  1.14815362e+07  1.76213681e+01
 1.15699993e+07  2.50164706e+01  1.15699993e+07  1.77077482e+01
 1.16591440e+07  2.48624065e+01  1.16591440e+07  1.78063745e+01
 1.17489755e+07  2.47109668e+01  1.17489755e+07  1.78970864e+01
 1.18394992e+07  2.45606025e+01  1.18394992e+07  1.79903200e+01
 1.19307204e+07  2.44064407e+01  1.19307204e+07  1.81013203e+01
 1.20226443e+07  2.42548316e+01  1.20226443e+07  1.81956095e+01
 1.21152766e+07  2.41052056e+01  1.21152766e+07  1.82915735e+01
 1.22086225e+07  2.39503216e+01  1.22086225e+07  1.84086845e+01
 1.23026877e+07  2.38010038e+01  1.23026877e+07  1.84993977e+01
 1.23974776e+07  2.36489662e+01  1.23974776e+07  1.86128021e+01
 1.24929979e+07  2.34969361e+01  1.24929979e+07  1.87227679e+01
 1.25892541e+07  2.33445894e+01  1.25892541e+07  1.88382870e+01
 1.26862520e+07  2.31938436e+01  1.26862520e+07  1.89488976e+01
 1.27839972e+07  2.30416317e+01  1.27839972e+07  1.90611191e+01
 1.28824955e+07  2.28902171e+01  1.28824955e+07  1.91702204e+01
 1.29817528e+07  2.27386455e+01  1.29817528e+07  1.92937462e+01
 1.30817747e+07  2.25873129e+01  1.30817747e+07  1.94101358e+01
 1.31825674e+07  2.24341511e+01  1.31825674e+07  1.95344518e+01
 1.32841366e+07  2.22842713e+01  1.32841366e+07  1.96552540e+01
 1.33864884e+07  2.21328892e+01  1.33864884e+07  1.97815345e+01
 1.34896288e+07  2.19807173e+01  1.34896288e+07  1.99058031e+01
 1.35935639e+07  2.18288783e+01  1.35935639e+07  2.00378758e+01
 1.36982998e+07  2.16765756e+01  1.36982998e+07  2.01664242e+01
 1.38038426e+07  2.15250834e+01  1.38038426e+07  2.03036092e+01
 1.39101987e+07  2.13729411e+01  1.39101987e+07  2.04277418e+01
 1.40173742e+07  2.12214694e+01  1.40173742e+07  2.05621933e+01
 1.41253754e+07  2.10695603e+01  1.41253754e+07  2.06995923e+01
 1.42342088e+07  2.09177601e+01  1.42342088e+07  2.08456168e+01
 1.43438808e+07  2.07655520e+01  1.43438808e+07  2.09853176e+01
 1.44543977e+07  2.06124030e+01  1.44543977e+07  2.11272508e+01
 1.45657662e+07  2.04613640e+01  1.45657662e+07  2.12715986e+01
 1.46779927e+07  2.03083068e+01  1.46779927e+07  2.14207649e+01
 1.47910839e+07  2.01548900e+01  1.47910839e+07  2.15740196e+01
 1.49050464e+07  2.00014699e+01  1.49050464e+07  2.17366186e+01
 1.50198870e+07  1.98527530e+01  1.50198870e+07  2.18760883e+01
 1.51356125e+07  1.96984453e+01  1.51356125e+07  2.20445721e+01
 1.52522296e+07  1.95471013e+01  1.52522296e+07  2.21973705e+01
 1.53697452e+07  1.93942476e+01  1.53697452e+07  2.23526876e+01
 1.54881662e+07  1.92394090e+01  1.54881662e+07  2.25299527e+01
 1.56074996e+07  1.90873457e+01  1.56074996e+07  2.26918278e+01
 1.57277525e+07  1.89353170e+01  1.57277525e+07  2.28593980e+01
 1.58489319e+07  1.87832537e+01  1.58489319e+07  2.30185561e+01
 1.59710450e+07  1.86296763e+01  1.59710450e+07  2.32143567e+01
 1.60940989e+07  1.84737146e+01  1.60940989e+07  2.33856358e+01
 1.62181010e+07  1.83170151e+01  1.62181010e+07  2.35648596e+01
 1.63430584e+07  1.81670024e+01  1.63430584e+07  2.37455821e+01
 1.64689787e+07  1.80125287e+01  1.64689787e+07  2.39406267e+01
 1.65958691e+07  1.78570886e+01  1.65958691e+07  2.41259630e+01
 1.67237372e+07  1.77081985e+01  1.67237372e+07  2.42901271e+01
 1.68525904e+07  1.75489895e+01  1.68525904e+07  2.44997291e+01
 1.69824365e+07  1.73980051e+01  1.69824365e+07  2.46846881e+01
 1.71132830e+07  1.72414731e+01  1.71132830e+07  2.49089842e+01
 1.72451377e+07  1.70855335e+01  1.72451377e+07  2.51205771e+01
 1.73780083e+07  1.69306224e+01  1.73780083e+07  2.53082381e+01
 1.75119026e+07  1.67744884e+01  1.75119026e+07  2.55201226e+01
 1.76468286e+07  1.66228795e+01  1.76468286e+07  2.57082688e+01
 1.77827941e+07  1.64649657e+01  1.77827941e+07  2.59231653e+01
 1.79198072e+07  1.63075975e+01  1.79198072e+07  2.61444046e+01
 1.80578760e+07  1.61521088e+01  1.80578760e+07  2.63638952e+01
 1.81970086e+07  1.59909889e+01  1.81970086e+07  2.66214860e+01
 1.83372132e+07  1.58401346e+01  1.83372132e+07  2.68366631e+01
 1.84784980e+07  1.56837132e+01  1.84784980e+07  2.70481604e+01
 1.86208714e+07  1.55254835e+01  1.86208714e+07  2.72962431e+01
 1.87643417e+07  1.53686816e+01  1.87643417e+07  2.75350411e+01
 1.89089175e+07  1.52105167e+01  1.89089175e+07  2.77818538e+01
 1.90546072e+07  1.50499303e+01  1.90546072e+07  2.80438619e+01
 1.92014194e+07  1.48940405e+01  1.92014194e+07  2.82535086e+01
 1.93493628e+07  1.47375380e+01  1.93493628e+07  2.85393379e+01
 1.94984460e+07  1.45783562e+01  1.94984460e+07  2.87795610e+01
 1.96486779e+07  1.44185549e+01  1.96486779e+07  2.90698312e+01
 1.98000673e+07  1.42654848e+01  1.98000673e+07  2.93119981e+01
 1.99526231e+07  1.41047166e+01  1.99526231e+07  2.95955092e+01
 2.01063544e+07  1.39448048e+01  2.01063544e+07  2.98840539e+01
 2.02612701e+07  1.37872526e+01  2.02612701e+07  3.01467102e+01
 2.04173794e+07  1.36270477e+01  2.04173794e+07  3.04208045e+01
 2.05746916e+07  1.34639207e+01  2.05746916e+07  3.07237813e+01
 2.07332157e+07  1.33053517e+01  2.07332157e+07  3.10121245e+01
 2.08929613e+07  1.31436464e+01  2.08929613e+07  3.13302020e+01
 2.10539377e+07  1.29877009e+01  2.10539377e+07  3.15957117e+01
 2.12161544e+07  1.28254892e+01  2.12161544e+07  3.19360715e+01
 2.13796209e+07  1.26588970e+01  2.13796209e+07  3.22624152e+01
 2.15443469e+07  1.25003153e+01  2.15443469e+07  3.25494596e+01
 2.17103421e+07  1.23340189e+01  2.17103421e+07  3.28936323e+01
 2.18776162e+07  1.21737481e+01  2.18776162e+07  3.32377537e+01
 2.20461792e+07  1.20079818e+01  2.20461792e+07  3.35892608e+01
 2.22160409e+07  1.18545753e+01  2.22160409e+07  3.38603552e+01
 2.23872114e+07  1.16874868e+01  2.23872114e+07  3.42611136e+01
 2.25597007e+07  1.15206805e+01  2.25597007e+07  3.46488198e+01
 2.27335190e+07  1.13588120e+01  2.27335190e+07  3.49455849e+01
 2.29086765e+07  1.11963502e+01  2.29086765e+07  3.53733681e+01
 2.30851836e+07  1.10277313e+01  2.30851836e+07  3.57431650e+01
 2.32630507e+07  1.08636389e+01  2.32630507e+07  3.61057876e+01
 2.34422882e+07  1.06952827e+01  2.34422882e+07  3.65327086e+01
 2.36229066e+07  1.05293966e+01  2.36229066e+07  3.69058692e+01
 2.38049167e+07  1.03689606e+01  2.38049167e+07  3.72820508e+01
 2.39883292e+07  1.01973441e+01  2.39883292e+07  3.77492606e+01
 2.41731548e+07  1.00369056e+01  2.41731548e+07  3.81256207e+01
 2.43594045e+07  9.87124734e+00  2.43594045e+07  3.86138895e+01
 2.45470892e+07  9.70993274e+00  2.45470892e+07  3.89625046e+01
 2.47362199e+07  9.54470748e+00  2.47362199e+07  3.94304264e+01
 2.49268079e+07  9.37357648e+00  2.49268079e+07  3.99173412e+01
 2.51188643e+07  9.20116769e+00  2.51188643e+07  4.03938198e+01
 2.53124005e+07  9.02706512e+00  2.53124005e+07  4.08991727e+01
 2.55074278e+07  8.87069146e+00  2.55074278e+07  4.13884643e+01
 2.57039578e+07  8.70283856e+00  2.57039578e+07  4.17574481e+01
 2.59020020e+07  8.52743636e+00  2.59020020e+07  4.23103974e+01
 2.61015722e+07  8.36476356e+00  2.61015722e+07  4.28247084e+01
 2.63026799e+07  8.19527054e+00  2.63026799e+07  4.33317426e+01
 2.65053372e+07  8.03025961e+00  2.65053372e+07  4.38330843e+01
 2.67095559e+07  7.85275604e+00  2.67095559e+07  4.44264956e+01
 2.69153480e+07  7.68718542e+00  2.69153480e+07  4.50239232e+01
 2.71227258e+07  7.51652204e+00  2.71227258e+07  4.55308028e+01
 2.73317014e+07  7.34932323e+00  2.73317014e+07  4.62198209e+01
 2.75422870e+07  7.18556673e+00  2.75422870e+07  4.67602118e+01
 2.77544952e+07  7.00612842e+00  2.77544952e+07  4.71938600e+01
 2.79683385e+07  6.84403115e+00  2.79683385e+07  4.78803513e+01
 2.81838293e+07  6.68830496e+00  2.81838293e+07  4.85373861e+01
 2.84009805e+07  6.51052371e+00  2.84009805e+07  4.90857361e+01
 2.86198048e+07  6.33696481e+00  2.86198048e+07  4.98183817e+01
 2.88403150e+07  6.16907061e+00  2.88403150e+07  5.05816585e+01
 2.90625243e+07  6.00261294e+00  2.90625243e+07  5.11993759e+01
 2.92864456e+07  5.82552417e+00  2.92864456e+07  5.16632104e+01
 2.95120923e+07  5.67076706e+00  2.95120923e+07  5.25362042e+01
 2.97394775e+07  5.51263353e+00  2.97394775e+07  5.30842805e+01
 2.99686146e+07  5.30028625e+00  2.99686146e+07  5.41109462e+01
 3.01995172e+07  5.18790158e+00  3.01995172e+07  5.45347392e+01
 3.04321989e+07  5.00688718e+00  3.04321989e+07  5.57048807e+01
 3.06666733e+07  4.79810164e+00  3.06666733e+07  5.64986506e+01
 3.09029543e+07  4.67481014e+00  3.09029543e+07  5.67533891e+01
 3.11410558e+07  4.51913736e+00  3.11410558e+07  5.78400013e+01
 3.13809919e+07  4.35067590e+00  3.13809919e+07  5.89477623e+01
 3.16227766e+07  4.18122708e+00  3.16227766e+07  5.92653057e+01
 3.18664242e+07  4.00255869e+00  3.18664242e+07  6.04332913e+01
 3.21119491e+07  3.84142655e+00  3.21119491e+07  6.11905894e+01
 3.23593657e+07  3.67468225e+00  3.23593657e+07  6.24140188e+01
 3.26086886e+07  3.56270200e+00  3.26086886e+07  6.31502049e+01
 3.28599325e+07  3.38945107e+00  3.28599325e+07  6.40105271e+01
 3.31131121e+07  3.25010967e+00  3.31131121e+07  6.48456489e+01
 3.33682425e+07  3.13899833e+00  3.33682425e+07  6.61331935e+01
 3.36253386e+07  2.93650796e+00  3.36253386e+07  6.70562293e+01
 3.38844156e+07  2.75051952e+00  3.38844156e+07  6.80961156e+01
 3.41454887e+07  2.61429122e+00  3.41454887e+07  6.92374592e+01
 3.44085734e+07  2.49484696e+00  3.44085734e+07  6.98412157e+01
 3.46736850e+07  2.32653572e+00  3.46736850e+07  7.09647943e+01
 3.49408393e+07  2.15250343e+00  3.49408393e+07  7.24427327e+01
 3.52100520e+07  2.05954620e+00  3.52100520e+07  7.32936557e+01
 3.54813389e+07  1.91683153e+00  3.54813389e+07  7.45388484e+01
 3.57547160e+07  1.71035083e+00  3.57547160e+07  7.51385615e+01
 3.60301995e+07  1.68067573e+00  3.60301995e+07  7.63687846e+01
 3.63078055e+07  1.54689427e+00  3.63078055e+07  7.76895644e+01
 3.65875504e+07  1.35926223e+00  3.65875504e+07  7.92595272e+01
 3.68694506e+07  1.26588702e+00  3.68694506e+07  7.96938717e+01
 3.71535229e+07  1.08871253e+00  3.71535229e+07  8.11463615e+01
 3.74397839e+07  1.06428883e+00  3.74397839e+07  8.24173417e+01
 3.77282505e+07  1.03118127e+00  3.77282505e+07  8.41633426e+01
 3.80189396e+07  8.82560989e-01  3.80189396e+07  8.46305050e+01
 3.83118685e+07  7.66980974e-01  3.83118685e+07  8.67040174e+01
 3.86070543e+07  6.82474702e-01  3.86070543e+07  8.77310090e+01
 3.89045145e+07  5.37821017e-01  3.89045145e+07  8.87109164e+01
 3.92042666e+07  3.53712052e-01  3.92042666e+07  8.99681247e+01
 3.95063281e+07  3.07602449e-01  3.95063281e+07  9.11488099e+01
 3.98107171e+07  3.02315426e-01  3.98107171e+07  9.33167942e+01
 4.01174512e+07  1.29152798e-01  4.01174512e+07  9.35297331e+01
 4.04265487e+07  1.09203043e-01  4.04265487e+07  9.53937911e+01
 4.07380278e+07  -1.74409242e-02  4.07380278e+07  9.62746494e+01
 4.10519067e+07  -5.95913178e-03  4.10519067e+07  9.87026066e+01
 4.13682040e+07  -3.66479694e-02  4.13682040e+07  9.92727137e+01
 4.16869383e+07  -6.65210004e-02  4.16869383e+07  1.00644366e+02
 4.20081285e+07  -1.65737668e-01  4.20081285e+07  1.02600119e+02
 4.23317933e+07  -2.84916390e-01  4.23317933e+07  1.02872061e+02
 4.26579519e+07  -2.69545373e-01  4.26579519e+07  1.04680245e+02
 4.29866235e+07  -2.78316981e-01  4.29866235e+07  1.05695722e+02
 4.33178274e+07  -2.12917050e-01  4.33178274e+07  1.06930520e+02
 4.36515832e+07  -3.84864032e-01  4.36515832e+07  1.08227225e+02
 4.39879106e+07  -5.02951785e-01  4.39879106e+07  1.08871020e+02
 4.43268292e+07  -4.97937153e-01  4.43268292e+07  1.11059155e+02
 4.46683592e+07  -7.36904614e-01  4.46683592e+07  1.12920495e+02
 4.50125206e+07  -5.32292212e-01  4.50125206e+07  1.15483263e+02
 4.53593337e+07  -7.03816301e-01  4.53593337e+07  1.15780349e+02
 4.57088190e+07  -5.14208804e-01  4.57088190e+07  1.15399951e+02
 4.60609969e+07  -5.67438022e-01  4.60609969e+07  1.16296463e+02
 4.64158883e+07  -5.84677252e-01  4.64158883e+07  1.18052444e+02
 4.67735141e+07  -5.63318512e-01  4.67735141e+07  1.20348254e+02
 4.71338954e+07  -5.98589162e-01  4.71338954e+07  1.20788315e+02
 4.74970533e+07  -5.78250441e-01  4.74970533e+07  1.20835983e+02
 4.78630092e+07  -6.27863282e-01  4.78630092e+07  1.24268080e+02
 4.82317848e+07  -6.12885393e-01  4.82317848e+07  1.23785481e+02
 4.86034018e+07  -6.02193812e-01  4.86034018e+07  1.24533025e+02
 4.89778819e+07  -6.11864859e-01  4.89778819e+07  1.27702412e+02
 4.93552474e+07  -5.63604025e-01  4.93552474e+07  1.26554567e+02
 4.97355204e+07  -6.31607290e-01  4.97355204e+07  1.29357056e+02
 5.01187234e+07  -4.22593807e-01  5.01187234e+07  1.29145198e+02
 5.05048788e+07  -3.81705955e-01  5.05048788e+07  1.30240398e+02
 5.08940095e+07  -4.33910432e-01  5.08940095e+07  1.32138130e+02
 5.12861384e+07  -4.98809074e-01  5.12861384e+07  1.32691437e+02
 5.16812886e+07  -2.40792742e-01  5.16812886e+07  1.32353308e+02
 5.20794833e+07  -3.48253381e-01  5.20794833e+07  1.34796384e+02
 5.24807460e+07  -2.93941881e-01  5.24807460e+07  1.36041457e+02
 5.28851004e+07  -3.26536816e-01  5.28851004e+07  1.36863227e+02
 5.32925703e+07  -2.42184524e-01  5.32925703e+07  1.37307179e+02
 5.37031796e+07  -3.09690583e-01  5.37031796e+07  1.37095245e+02
 5.41169527e+07  -1.99102118e-01  5.41169527e+07  1.38333076e+02
 5.45339137e+07  -1.57800168e-01  5.45339137e+07  1.39206544e+02
 5.49540874e+07  -1.45051265e-01  5.49540874e+07  1.40230998e+02
 5.53774984e+07  -1.21799582e-01  5.53774984e+07  1.41194466e+02
 5.58041717e+07  6.94820556e-02  5.58041717e+07  1.41954651e+02
 5.62341325e+07  -2.30781791e-02  5.62341325e+07  1.43673307e+02
 5.66674061e+07  1.83318893e-02  5.66674061e+07  1.43694406e+02
 5.71040179e+07  -2.42656403e-02  5.71040179e+07  1.44546600e+02
 5.75439937e+07  6.99680562e-02  5.75439937e+07  1.45936370e+02
 5.79873595e+07  2.88926209e-01  5.79873595e+07  1.46200387e+02
 5.84341413e+07  3.43669483e-02  5.84341413e+07  1.45662631e+02
 5.88843655e+07  2.59476847e-01  5.88843655e+07  1.47576808e+02
 5.93380586e+07  4.04890673e-01  5.93380586e+07  1.47782319e+02
 5.97952473e+07  3.15241323e-01  5.97952473e+07  1.48795731e+02
 6.02559586e+07  3.08066711e-01  6.02559586e+07  1.49528383e+02
 6.07202196e+07  5.16491006e-01  6.07202196e+07  1.50090331e+02
 6.11880576e+07  3.53285555e-01  6.11880576e+07  1.50916217e+02
 6.16595002e+07  3.77191115e-01  6.16595002e+07  1.51818572e+02
 6.21345752e+07  5.65463076e-01  6.21345752e+07  1.52368054e+02
 6.26133105e+07  6.13314503e-01  6.26133105e+07  1.53199395e+02
 6.30957344e+07  6.16704331e-01  6.30957344e+07  1.53489373e+02
 6.35818754e+07  7.99110296e-01  6.35818754e+07  1.54177815e+02
 6.40717619e+07  6.02614556e-01  6.40717619e+07  1.54473286e+02
 6.45654229e+07  7.93534580e-01  6.45654229e+07  1.54996422e+02
 6.50628875e+07  7.07699960e-01  6.50628875e+07  1.55968328e+02
 6.55641849e+07  8.14370270e-01  6.55641849e+07  1.56022650e+02
 6.60693448e+07  9.08627349e-01  6.60693448e+07  1.56673807e+02
 6.65783968e+07  8.63601910e-01  6.65783968e+07  1.57887352e+02
 6.70913710e+07  9.23861061e-01  6.70913710e+07  1.57689584e+02
 6.76082975e+07  9.32813532e-01  6.76082975e+07  1.58893926e+02
 6.81292069e+07  1.12474453e+00  6.81292069e+07  1.58984771e+02
 6.86541298e+07  1.13921914e+00  6.86541298e+07  1.59635767e+02
 6.91830971e+07  1.12433471e+00  6.91830971e+07  1.59351020e+02
 6.97161400e+07  1.15048528e+00  6.97161400e+07  1.60477649e+02
 7.02532899e+07  1.09817752e+00  7.02532899e+07  1.60454626e+02
 7.07945784e+07  1.22520426e+00  7.07945784e+07  1.61484471e+02
 7.13400375e+07  1.15761104e+00  7.13400375e+07  1.62269652e+02
 7.18896992e+07  1.48410393e+00  7.18896992e+07  1.62160110e+02
 7.24435960e+07  1.34640553e+00  7.24435960e+07  1.62718990e+02
 7.30017605e+07  1.40687617e+00  7.30017605e+07  1.63089553e+02
 7.35642254e+07  1.51329216e+00  7.35642254e+07  1.63483429e+02
 7.41310241e+07  1.48565161e+00  7.41310241e+07  1.64015179e+02
 7.47021899e+07  1.56644816e+00  7.47021899e+07  1.64514454e+02
 7.52777564e+07  1.48153219e+00  7.52777564e+07  1.65067490e+02
 7.58577575e+07  1.42049305e+00  7.58577575e+07  1.65597458e+02
 7.64422274e+07  1.65265930e+00  7.64422274e+07  1.65594935e+02
 7.70312006e+07  1.55753694e+00  7.70312006e+07  1.66127711e+02
 7.76247117e+07  1.67303208e+00  7.76247117e+07  1.66677938e+02
 7.82227956e+07  1.76538487e+00  7.82227956e+07  1.66723951e+02
 7.88254877e+07  1.80066044e+00  7.88254877e+07  1.66972797e+02
 7.94328235e+07  1.89901534e+00  7.94328235e+07  1.67634874e+02
 8.00448386e+07  1.89584311e+00  8.00448386e+07  1.67833513e+02
 8.06615692e+07  1.70134287e+00  8.06615692e+07  1.68507945e+02
 8.12830516e+07  2.06953323e+00  8.12830516e+07  1.68773023e+02
 8.19093224e+07  1.99814253e+00  8.19093224e+07  1.68934601e+02
 8.25404185e+07  1.99506947e+00  8.25404185e+07  1.69513608e+02
 8.31763771e+07  2.06340134e+00  8.31763771e+07  1.69996090e+02
 8.38172356e+07  2.11672951e+00  8.38172356e+07  1.70347763e+02
 8.44630319e+07  2.04239839e+00  8.44630319e+07  1.70580719e+02
 8.51138038e+07  2.09327723e+00  8.51138038e+07  1.70952834e+02
 8.57695899e+07  2.27909972e+00  8.57695899e+07  1.71328528e+02
 8.64304286e+07  2.21524097e+00  8.64304286e+07  1.71234708e+02
 8.70963590e+07  2.19897770e+00  8.70963590e+07  1.71622281e+02
 8.77674203e+07  2.43829396e+00  8.77674203e+07  1.72041626e+02
 8.84436519e+07  2.23249049e+00  8.84436519e+07  1.72507725e+02
 8.91250938e+07  2.46322752e+00  8.91250938e+07  1.72909973e+02
 8.98117861e+07  2.44268000e+00  8.98117861e+07  1.73016829e+02
 9.05037692e+07  2.32730849e+00  9.05037692e+07  1.73521712e+02
 9.12010839e+07  2.36816029e+00  9.12010839e+07  1.73821167e+02
 9.19037713e+07  2.55802377e+00  9.19037713e+07  1.74104261e+02
 9.26118728e+07  2.48432586e+00  9.26118728e+07  1.73843589e+02
 9.33254301e+07  2.54599903e+00  9.33254301e+07  1.74763814e+02
 9.40444852e+07  2.63261718e+00  9.40444852e+07  1.74655924e+02
 9.47690805e+07  2.67169123e+00  9.47690805e+07  1.75548536e+02
 9.54992586e+07  2.60410653e+00  9.54992586e+07  1.75609356e+02
 9.62350626e+07  2.65405772e+00  9.62350626e+07  1.75750903e+02
 9.69765359e+07  2.88172600e+00  9.69765359e+07  1.76002607e+02
 9.77237221e+07  2.75556887e+00  9.77237221e+07  1.76329978e+02
 9.84766652e+07  2.77039567e+00  9.84766652e+07  1.76531557e+02
 9.92354096e+07  2.77371964e+00  9.92354096e+07  1.77237662e+02
 1.00000000e+08  2.88075971e+00  1.00000000e+08  1.77335620e+02
 1.00770481e+08  2.82272735e+00  1.00770481e+08  1.77647970e+02
 1.01546899e+08  3.08519766e+00  1.01546899e+08  1.77456275e+02
 1.02329299e+08  2.94061942e+00  1.02329299e+08  1.78169444e+02
 1.03117727e+08  3.07114099e+00  1.03117727e+08  1.78076650e+02
 1.03912230e+08  3.05575859e+00  1.03912230e+08  1.78353164e+02
 1.04712855e+08  2.96073905e+00  1.04712855e+08  1.78536377e+02
 1.05519648e+08  3.20472392e+00  1.05519648e+08  1.78668993e+02
 1.06332657e+08  3.01585519e+00  1.06332657e+08  1.79321332e+02
 1.07151931e+08  3.34763110e+00  1.07151931e+08  1.79295633e+02
 1.07977516e+08  3.31997126e+00  1.07977516e+08  1.79375180e+02
 1.08809463e+08  3.21416091e+00  1.08809463e+08  1.79881600e+02
 1.09647820e+08  3.29580631e+00  1.09647820e+08  1.80029047e+02
 1.10492636e+08  3.29322302e+00  1.10492636e+08  1.80333021e+02
 1.11343961e+08  3.38990706e+00  1.11343961e+08  1.80587002e+02
 1.12201845e+08  3.27029600e+00  1.12201845e+08  1.80947288e+02
 1.13066340e+08  3.47135769e+00  1.13066340e+08  1.81161220e+02
 1.13937495e+08  3.36035262e+00  1.13937495e+08  1.81173544e+02
 1.14815362e+08  3.44414866e+00  1.14815362e+08  1.81263247e+02
 1.15699993e+08  3.46133211e+00  1.15699993e+08  1.81865269e+02
 1.16591440e+08  3.64616606e+00  1.16591440e+08  1.81827905e+02
 1.17489755e+08  3.64364031e+00  1.17489755e+08  1.82055950e+02
 1.18394992e+08  3.78898491e+00  1.18394992e+08  1.82301252e+02
 1.19307204e+08  3.65251714e+00  1.19307204e+08  1.82549860e+02
 1.20226443e+08  3.55158489e+00  1.20226443e+08  1.82916844e+02
 1.21152766e+08  3.65736919e+00  1.21152766e+08  1.82661347e+02
 1.22086225e+08  3.79006847e+00  1.22086225e+08  1.83234361e+02
 1.23026877e+08  3.57246996e+00  1.23026877e+08  1.83470431e+02
 1.23974776e+08  3.79497983e+00  1.23974776e+08  1.83645146e+02
 1.24929979e+08  3.94753885e+00  1.24929979e+08  1.83749736e+02
 1.25892541e+08  4.20968436e+00  1.25892541e+08  1.83403375e+02
 1.26862520e+08  3.98185132e+00  1.26862520e+08  1.84165557e+02
 1.27839972e+08  3.99605829e+00  1.27839972e+08  1.84278584e+02
 1.28824955e+08  4.01461418e+00  1.28824955e+08  1.84448040e+02
 1.29817528e+08  3.92233597e+00  1.29817528e+08  1.84611006e+02
 1.30817747e+08  4.06624613e+00  1.30817747e+08  1.84917009e+02
 1.31825674e+08  3.96213856e+00  1.31825674e+08  1.85134304e+02
 1.32841366e+08  3.99414028e+00  1.32841366e+08  1.85039977e+02
 1.33864884e+08  4.29900413e+00  1.33864884e+08  1.85016840e+02
 1.34896288e+08  4.34406019e+00  1.34896288e+08  1.85453787e+02
 1.35935639e+08  4.08895829e+00  1.35935639e+08  1.85232618e+02
 1.36982998e+08  3.98647038e+00  1.36982998e+08  1.85710402e+02
 1.38038426e+08  4.30643819e+00  1.38038426e+08  1.85969915e+02
 1.39101987e+08  4.35330608e+00  1.39101987e+08  1.86119333e+02
 1.40173742e+08  4.25082736e+00  1.40173742e+08  1.86312796e+02
 1.41253754e+08  4.28216251e+00  1.41253754e+08  1.86210602e+02
 1.42342088e+08  4.65651988e+00  1.42342088e+08  1.86386497e+02
 1.43438808e+08  4.55173875e+00  1.43438808e+08  1.86854167e+02
 1.44543977e+08  4.45693703e+00  1.44543977e+08  1.86617016e+02
 1.45657662e+08  4.66629528e+00  1.45657662e+08  1.86989000e+02
 1.46779927e+08  4.55176487e+00  1.46779927e+08  1.86689747e+02
 1.47910839e+08  4.46994729e+00  1.47910839e+08  1.86990521e+02
 1.49050464e+08  4.84443440e+00  1.49050464e+08  1.87052915e+02
 1.50198870e+08  4.75487113e+00  1.50198870e+08  1.87092364e+02
 1.51356125e+08  4.63841501e+00  1.51356125e+08  1.87270754e+02
 1.52522296e+08  4.73429429e+00  1.52522296e+08  1.87666473e+02
 1.53697452e+08  4.79075208e+00  1.53697452e+08  1.87621208e+02
 1.54881662e+08  4.69251774e+00  1.54881662e+08  1.88149000e+02
 1.56074996e+08  4.77554326e+00  1.56074996e+08  1.87673376e+02
 1.57277525e+08  5.02295047e+00  1.57277525e+08  1.87665979e+02
 1.58489319e+08  4.77255902e+00  1.58489319e+08  1.88165520e+02
 1.59710450e+08  4.84172908e+00  1.59710450e+08  1.88023750e+02
 1.60940989e+08  4.74477398e+00  1.60940989e+08  1.88872302e+02
 1.62181010e+08  4.81763431e+00  1.62181010e+08  1.88444967e+02
 1.63430584e+08  5.11529680e+00  1.63430584e+08  1.88155339e+02
 1.64689787e+08  5.23132822e+00  1.64689787e+08  1.88650598e+02
 1.65958691e+08  4.92915591e+00  1.65958691e+08  1.88790764e+02
 1.67237372e+08  5.03435247e+00  1.67237372e+08  1.89069590e+02
 1.68525904e+08  5.13271960e+00  1.68525904e+08  1.88771508e+02
 1.69824365e+08  5.23165891e+00  1.69824365e+08  1.88512063e+02
 1.71132830e+08  5.13929146e+00  1.71132830e+08  1.89255929e+02
 1.72451377e+08  5.48695809e+00  1.72451377e+08  1.88911411e+02
 1.73780083e+08  5.15287742e+00  1.73780083e+08  1.89143733e+02
 1.75119026e+08  5.27230095e+00  1.75119026e+08  1.89012615e+02
 1.76468286e+08  5.42551159e+00  1.76468286e+08  1.89167235e+02
 1.77827941e+08  5.30363322e+00  1.77827941e+08  1.89209270e+02
 1.79198072e+08  5.42901622e+00  1.79198072e+08  1.89182673e+02
 1.80578760e+08  5.55581887e+00  1.80578760e+08  1.89179200e+02
 1.81970086e+08  5.22003456e+00  1.81970086e+08  1.89737246e+02
 1.83372132e+08  5.60555627e+00  1.83372132e+08  1.89532838e+02
 1.84784980e+08  5.77761679e+00  1.84784980e+08  1.89576337e+02
 1.86208714e+08  5.67568055e+00  1.86208714e+08  1.89684311e+02
 1.87643417e+08  5.56098278e+00  1.87643417e+08  1.89403188e+02
 1.89089175e+08  5.73685920e+00  1.89089175e+08  1.89733004e+02
 1.90546072e+08  5.88590266e+00  1.90546072e+08  1.89504450e+02
 1.92014194e+08  5.79123066e+00  1.92014194e+08  1.89630289e+02
 1.93493628e+08  5.16408584e+00  1.93493628e+08  1.90080550e+02
 1.94984460e+08  5.86553615e+00  1.94984460e+08  1.89847738e+02
 1.96486779e+08  5.76179025e+00  1.96486779e+08  1.89883906e+02
 1.98000673e+08  5.65947886e+00  1.98000673e+08  1.90032922e+02
 1.99526231e+08  5.55115198e+00  1.99526231e+08  1.89930070e+02
 2.01063544e+08  5.74817403e+00  2.01063544e+08  1.89797502e+02
 2.02612701e+08  5.92747178e+00  2.02612701e+08  1.89804896e+02
 2.04173794e+08  6.13955013e+00  2.04173794e+08  1.89769163e+02
 2.05746916e+08  6.02823775e+00  2.05746916e+08  1.89675325e+02
 2.07332157e+08  5.62723985e+00  2.07332157e+08  1.90039727e+02
 2.08929613e+08  5.82957793e+00  2.08929613e+08  1.89767715e+02
 2.10539377e+08  5.41945825e+00  2.10539377e+08  1.90017848e+02
 2.12161544e+08  5.63189267e+00  2.12161544e+08  1.89903244e+02
 2.13796209e+08  5.51740910e+00  2.13796209e+08  1.89824568e+02
 2.15443469e+08  6.04896667e+00  2.15443469e+08  1.89731566e+02
 2.17103421e+08  6.30383180e+00  2.17103421e+08  1.89920644e+02
 2.18776162e+08  6.18737727e+00  2.18776162e+08  1.89815310e+02
 2.20461792e+08  6.10012613e+00  2.20461792e+08  1.89668782e+02
 2.22160409e+08  5.64624903e+00  2.22160409e+08  1.89985866e+02
 2.23872114e+08  6.22832295e+00  2.23872114e+08  1.89516433e+02
 2.25597007e+08  6.89101972e+00  2.25597007e+08  1.89896911e+02
 2.27335190e+08  5.68094681e+00  2.27335190e+08  1.89986973e+02
 2.29086765e+08  5.91862121e+00  2.29086765e+08  1.89603142e+02
 2.30851836e+08  6.18556724e+00  2.30851836e+08  1.89719799e+02
 2.32630507e+08  6.06752370e+00  2.32630507e+08  1.89556873e+02
 2.34422882e+08  6.75135415e+00  2.34422882e+08  1.89227970e+02
 2.36229066e+08  7.07581278e+00  2.36229066e+08  1.89464861e+02
 2.38049167e+08  6.53894578e+00  2.38049167e+08  1.89433019e+02
 2.39883292e+08  6.43694917e+00  2.39883292e+08  1.89745817e+02
 2.41731548e+08  6.32654095e+00  2.41731548e+08  1.89135613e+02
 2.43594045e+08  6.22196502e+00  2.43594045e+08  1.89448634e+02
 2.45470892e+08  6.96086901e+00  2.45470892e+08  1.89082874e+02
 2.47362199e+08  6.41665901e+00  2.47362199e+08  1.89364069e+02
 2.49268079e+08  6.32547564e+00  2.49268079e+08  1.89406950e+02
 2.51188643e+08  6.20702014e+00  2.51188643e+08  1.89365653e+02
 2.53124005e+08  6.54271485e+00  2.53124005e+08  1.89522867e+02
 2.55074278e+08  6.42324254e+00  2.55074278e+08  1.88858807e+02
 2.57039578e+08  6.77645919e+00  2.57039578e+08  1.88756765e+02
 2.59020020e+08  6.66363648e+00  2.59020020e+08  1.89054206e+02
 2.61015722e+08  6.55983991e+00  2.61015722e+08  1.88865157e+02
 2.63026799e+08  6.46475319e+00  2.63026799e+08  1.88657462e+02
 2.65053372e+08  6.82613941e+00  2.65053372e+08  1.88803104e+02
 2.67095559e+08  6.71759346e+00  2.67095559e+08  1.88899279e+02
 2.69153480e+08  7.12317614e+00  2.69153480e+08  1.88648441e+02
 2.71227258e+08  6.00655449e+00  2.71227258e+08  1.88675540e+02
 2.73317014e+08  6.90761528e+00  2.73317014e+08  1.88523958e+02
 2.75422870e+08  6.79169935e+00  2.75422870e+08  1.88421585e+02
 2.77544952e+08  7.22803558e+00  2.77544952e+08  1.88417931e+02
 2.79683385e+08  7.12112862e+00  2.79683385e+08  1.88209666e+02
 2.81838293e+08  7.59473953e+00  2.81838293e+08  1.87935355e+02
 2.84009805e+08  8.12039643e+00  2.84009805e+08  1.87741061e+02
 2.86198048e+08  7.37898922e+00  2.86198048e+08  1.88175668e+02
 2.88403150e+08  7.88932788e+00  2.88403150e+08  1.87835946e+02
 2.90625243e+08  6.53670162e+00  2.90625243e+08  1.87851719e+02
 2.92864456e+08  6.42954361e+00  2.92864456e+08  1.87688384e+02
 2.95120923e+08  6.90619317e+00  2.95120923e+08  1.87873507e+02
 2.97394775e+08  6.79702822e+00  2.97394775e+08  1.87663365e+02
 2.99686146e+08  6.68647018e+00  2.99686146e+08  1.87950439e+02
 3.01995172e+08  7.20479844e+00  3.01995172e+08  1.87697615e+02
 3.04321989e+08  7.07031054e+00  3.04321989e+08  1.87450828e+02
 3.06666733e+08  6.96578451e+00  3.06666733e+08  1.87592064e+02
 3.09029543e+08  6.84514059e+00  3.09029543e+08  1.87258913e+02
 3.11410558e+08  7.41387231e+00  3.11410558e+08  1.86993303e+02
 3.13809919e+08  8.03618934e+00  3.13809919e+08  1.86803223e+02
 3.16227766e+08  7.91498597e+00  3.16227766e+08  1.86983822e+02
 3.18664242e+08  7.05478670e+00  3.18664242e+08  1.86910104e+02
 3.21119491e+08  6.23923203e+00  3.21119491e+08  1.86763041e+02
 3.23593657e+08  6.12701729e+00  3.23593657e+08  1.86622721e+02
 3.26086886e+08  8.25574638e+00  3.26086886e+08  1.86449432e+02
 3.28599325e+08  5.87137541e+00  3.28599325e+08  1.86631383e+02
 3.31131121e+08  8.01379109e+00  3.31131121e+08  1.86446989e+02
 3.33682425e+08  7.07262772e+00  3.33682425e+08  1.86093663e+02
 3.36253386e+08  6.19621720e+00  3.36253386e+08  1.86268276e+02
 3.38844156e+08  6.07345142e+00  3.38844156e+08  1.86388822e+02
 3.41454887e+08  6.69995041e+00  3.41454887e+08  1.86262160e+02
 3.44085734e+08  6.57055897e+00  3.44085734e+08  1.86213678e+02
 3.46736850e+08  7.29581514e+00  3.46736850e+08  1.86133020e+02
 3.49408393e+08  7.15698959e+00  3.49408393e+08  1.86016250e+02
 3.52100520e+08  7.04051385e+00  3.52100520e+08  1.85651049e+02
 3.54813389e+08  6.09449667e+00  3.54813389e+08  1.85737622e+02
 3.57547160e+08  6.78540305e+00  3.57547160e+08  1.85355199e+02
 3.60301995e+08  7.56727429e+00  3.60301995e+08  1.85412930e+02
 3.63078055e+08  7.44974654e+00  3.63078055e+08  1.85532129e+02
 3.65875504e+08  8.34169322e+00  3.65875504e+08  1.85364790e+02
 3.68694506e+08  7.18727753e+00  3.68694506e+08  1.85339085e+02
 3.71535229e+08  7.04891158e+00  3.71535229e+08  1.85218396e+02
 3.74397839e+08  7.96415118e+00  3.74397839e+08  1.85572180e+02
 3.77282505e+08  7.83784371e+00  3.77282505e+08  1.84996136e+02
 3.80189396e+08  7.71425072e+00  3.80189396e+08  1.85253350e+02
 3.83118685e+08  7.58580221e+00  3.83118685e+08  1.85117551e+02
 3.86070543e+08  7.45876763e+00  3.86070543e+08  1.84828734e+02
 3.89045145e+08  7.31775589e+00  3.89045145e+08  1.84853354e+02
 3.92042666e+08  6.16941668e+00  3.92042666e+08  1.84833004e+02
 3.95063281e+08  6.04634979e+00  3.95063281e+08  1.84645615e+02
 3.98107171e+08  5.94593359e+00  3.98107171e+08  1.84635216e+02
 4.01174512e+08  5.78829627e+00  4.01174512e+08  1.84823476e+02
 4.04265487e+08  7.83686222e+00  4.04265487e+08  1.84428544e+02
 4.07380278e+08  7.70338669e+00  4.07380278e+08  1.84158495e+02
 4.10519067e+08  7.57284355e+00  4.10519067e+08  1.84272750e+02
 4.13682040e+08  6.28829169e+00  4.13682040e+08  1.84227083e+02
 4.16869383e+08  7.30601798e+00  4.16869383e+08  1.84099806e+02
 4.20081285e+08  8.49438033e+00  4.20081285e+08  1.84135491e+02
 4.23317933e+08  8.38178932e+00  4.23317933e+08  1.83891080e+02
 4.26579519e+08  6.94587492e+00  4.26579519e+08  1.83900597e+02
 4.29866235e+08  6.79676652e+00  4.29866235e+08  1.84232657e+02
 4.33178274e+08  7.97921381e+00  4.33178274e+08  1.83835086e+02
 4.36515832e+08  7.86817929e+00  4.36515832e+08  1.83648775e+02
 4.39879106e+08  6.40227047e+00  4.39879106e+08  1.83296574e+02
 4.43268292e+08  7.61584641e+00  4.43268292e+08  1.83771222e+02
 4.46683592e+08  6.15600762e+00  4.46683592e+08  1.83637168e+02
 4.50125206e+08  8.91949113e+00  4.50125206e+08  1.83401831e+02
 4.53593337e+08  7.22015428e+00  4.53593337e+08  1.83408808e+02
 4.57088190e+08  8.65823801e+00  4.57088190e+08  1.83696550e+02
 4.60609969e+08  5.61665397e+00  4.60609969e+08  1.83485881e+02
 4.64158883e+08  6.80881286e+00  4.64158883e+08  1.83342436e+02
 4.67735141e+08  6.69468633e+00  4.67735141e+08  1.83145864e+02
 4.71338954e+08  6.55948057e+00  4.71338954e+08  1.82955061e+02
 4.74970533e+08  9.92094555e+00  4.74970533e+08  1.83000823e+02
 4.78630092e+08  7.86501164e+00  4.78630092e+08  1.83300874e+02
 4.82317848e+08  9.66640136e+00  4.82317848e+08  1.83063545e+02
 4.86034018e+08  6.04027458e+00  4.86034018e+08  1.82521499e+02
 4.89778819e+08  7.48054353e+00  4.89778819e+08  1.83021982e+02
 4.93552474e+08  9.25424327e+00  4.93552474e+08  1.82694869e+02
 4.97355204e+08  4.28450583e+00  4.97355204e+08  1.82783558e+02
 5.01187234e+08  7.07220142e+00  5.01187234e+08  1.82765685e+02
 5.05048788e+08  4.04291002e+00  5.05048788e+08  1.82461369e+02
 5.08940095e+08  8.73680175e+00  5.08940095e+08  1.82307847e+02
 5.12861384e+08  8.60690236e+00  5.12861384e+08  1.82312648e+02
 5.16812886e+08  8.49689631e+00  5.16812886e+08  1.82435786e+02
 5.20794833e+08  8.34379284e+00  5.20794833e+08  1.82598277e+02
 5.24807460e+08  8.20907216e+00  5.24807460e+08  1.82412903e+02
 5.28851004e+08  8.05577507e+00  5.28851004e+08  1.82001115e+02
 5.32925703e+08  7.92098887e+00  5.32925703e+08  1.82014601e+02
 5.37031796e+08  1.02939733e+01  5.37031796e+08  1.82320884e+02
 5.41169527e+08  7.65790688e+00  5.41169527e+08  1.82708957e+02
 5.45339137e+08  5.58164202e+00  5.45339137e+08  1.82321813e+02
 5.49540874e+08  7.38032168e+00  5.49540874e+08  1.82211988e+02
 5.53774984e+08  9.75398527e+00  5.53774984e+08  1.82499759e+02
 5.58041717e+08  7.12863192e+00  5.58041717e+08  1.82442306e+02
 5.62341325e+08  1.90118477e+01  5.62341325e+08  1.82793751e+02
 5.66674061e+08  9.35402582e+00  5.66674061e+08  1.81822955e+02
 5.71040179e+08  9.21293726e+00  5.71040179e+08  1.81683405e+02
 5.75439937e+08  1.25922689e+01  5.75439937e+08  1.81556179e+02
 5.79873595e+08  8.93788540e+00  5.79873595e+08  1.82269399e+02
 5.84341413e+08  6.31112040e+00  5.84341413e+08  1.81850049e+02
 5.88843655e+08  8.67481154e+00  5.88843655e+08  1.82187937e+02
 5.93380586e+08  8.54490143e+00  5.93380586e+08  1.82035319e+02
 5.97952473e+08  1.79420482e+01  5.97952473e+08  1.81690458e+02
 6.02559586e+08  8.29302444e+00  6.02559586e+08  1.82133537e+02
 6.07202196e+08  1.16533610e+01  6.07202196e+08  1.81077096e+02
 6.11880576e+08  8.00470714e+00  6.11880576e+08  1.81505603e+02
 6.16595002e+08  3.44643037e+00  6.16595002e+08  1.81649663e+02
 6.21345752e+08  7.75359805e+00  6.21345752e+08  1.81246168e+02
 6.26133105e+08  7.60469450e+00  6.26133105e+08  1.82209611e+02
 6.30957344e+08  1.09972937e+01  6.30957344e+08  1.82070294e+02
 6.35818754e+08  1.08563804e+01  6.35818754e+08  1.81973311e+02
 6.40717619e+08  1.07341146e+01  6.40717619e+08  1.81161808e+02
 6.45654229e+08  1.05760028e+01  6.45654229e+08  1.81544894e+02
 6.50628875e+08  1.04676888e+01  6.50628875e+08  1.81764520e+02
 6.55641849e+08  1.02978589e+01  6.55641849e+08  1.80569727e+02
 6.60693448e+08  4.18319729e+00  6.60693448e+08  1.81565096e+02
 6.65783968e+08  4.06113592e+00  6.65783968e+08  1.81062098e+02
 6.70913710e+08  6.38710555e+00  6.70913710e+08  1.81490820e+02
 6.76082975e+08  9.76655892e+00  6.76082975e+08  1.81075350e+02
 6.81292069e+08  9.62742448e+00  6.81292069e+08  1.81617685e+02
 6.86541298e+08  5.98660084e+00  6.86541298e+08  1.80914157e+02
 6.91830971e+08  5.86221951e+00  6.91830971e+08  1.81027814e+02
 6.97161400e+08  9.23187877e+00  6.97161400e+08  1.80383315e+02
 7.02532899e+08  9.10579590e+00  7.02532899e+08  1.80833414e+02
 7.07945784e+08  8.97972530e+00  7.07945784e+08  1.81026162e+02
 7.13400375e+08  5.31579906e+00  7.13400375e+08  1.80813296e+02
 7.18896992e+08  8.70755898e+00  7.18896992e+08  1.81479068e+02
 7.24435960e+08  8.55432472e+00  7.24435960e+08  1.81060214e+02
 7.30017605e+08  2.43315050e+00  7.30017605e+08  1.80802819e+02
 7.35642254e+08  4.78337456e+00  7.35642254e+08  1.81256029e+02
 7.41310241e+08  8.15330008e+00  7.41310241e+08  1.81280978e+02
 7.47021899e+08  8.01803127e+00  7.47021899e+08  1.81564435e+02
 7.52777564e+08  7.89303515e+00  7.52777564e+08  1.80602181e+02
 7.58577575e+08  7.74418100e+00  7.58577575e+08  1.80854025e+02
 7.64422274e+08  7.62271962e+00  7.64422274e+08  1.80479859e+02
 7.70312006e+08  7.47962681e+00  7.70312006e+08  1.80919321e+02
 7.76247117e+08  1.33731101e+01  7.76247117e+08  1.81171671e+02
 7.82227956e+08  1.32221600e+01  7.82227956e+08  1.79053529e+02
 7.88254877e+08  1.31013147e+01  7.88254877e+08  1.81068797e+02
 7.94328235e+08  3.41874155e+00  7.94328235e+08  1.80603327e+02
 8.00448386e+08  6.79725229e+00  8.00448386e+08  1.80192894e+02
 8.06615692e+08  6.65767131e+00  8.06615692e+08  1.80460195e+02
 8.12830516e+08  6.54020185e+00  8.12830516e+08  1.80217257e+02
 8.19093224e+08  2.89615723e+00  8.19093224e+08  1.80635940e+02
 8.25404185e+08  2.75303285e+00  8.25404185e+08  1.80903147e+02
 8.31763771e+08  6.12773056e+00  8.31763771e+08  1.80180886e+02
 8.38172356e+08  2.48148167e+00  8.38172356e+08  1.80271058e+02
 8.44630319e+08  2.34598682e+00  8.44630319e+08  1.80186424e+02
 8.51138038e+08  -2.75262581e-01  8.51138038e+08  1.80058270e+02
 8.57695899e+08  1.16073321e+01  8.57695899e+08  1.79283819e+02
 8.64304286e+08  6.15737139e+01  8.64304286e+08  2.71736214e+02
 8.70963590e+08  5.33179477e+00  8.70963590e+08  1.80293091e+02
 8.77674203e+08  5.17854903e+00  8.77674203e+08  1.79781338e+02
 8.84436519e+08  1.10687214e+01  8.84436519e+08  1.79366518e+02
 8.91250938e+08  1.09354684e+01  8.91250938e+08  1.80435206e+02
 8.98117861e+08  4.77821275e+00  8.98117861e+08  1.80788258e+02
 9.05037692e+08  4.63921885e+00  9.05037692e+08  1.81068516e+02
 9.12010839e+08  -1.50606214e+00  9.12010839e+08  1.80154165e+02
 9.19037713e+08  1.03946345e+01  9.19037713e+08  1.80362772e+02
 9.26118728e+08  4.25296301e+00  9.26118728e+08  1.80497016e+02
 9.33254301e+08  1.01241132e+01  9.33254301e+08  1.80912843e+02
 9.40444852e+08  3.97866135e+00  9.40444852e+08  1.81365100e+02
 9.47690805e+08  6.32636469e+01  9.47690805e+08  9.16348683e+01
 9.54992586e+08  3.68393442e+00  9.54992586e+08  1.80687133e+02
 9.62350626e+08  9.57692602e+00  9.62350626e+08  1.80090455e+02
 9.69765359e+08  3.43946594e+00  9.69765359e+08  1.79983646e+02
 9.77237221e+08  9.33541379e+00  9.77237221e+08  1.80263409e+02
 9.84766652e+08  9.18455977e+00  9.84766652e+08  1.80531563e+02
 9.92354096e+08  3.03411769e+00  9.92354096e+08  1.80177081e+02
 1.00000000e+09  8.91173892e+00  1.00000000e+09  1.80267527e+02
