 1.00000000e+00  4.63856906e+01  1.00000000e+00  1.79999998e+02
 1.00770481e+00  4.63856906e+01  1.00770481e+00  1.79999998e+02
 1.01546899e+00  4.63856906e+01  1.01546899e+00  1.79999998e+02
 1.02329299e+00  4.63856906e+01  1.02329299e+00  1.79999998e+02
 1.03117727e+00  4.63856906e+01  1.03117727e+00  1.79999998e+02
 1.03912230e+00  4.63856906e+01  1.03912230e+00  1.79999998e+02
 1.04712855e+00  4.63856906e+01  1.04712855e+00  1.79999998e+02
 1.05519648e+00  4.63856906e+01  1.05519648e+00  1.79999998e+02
 1.06332657e+00  4.63856906e+01  1.06332657e+00  1.79999998e+02
 1.07151931e+00  4.63856906e+01  1.07151931e+00  1.79999998e+02
 1.07977516e+00  4.63856906e+01  1.07977516e+00  1.79999998e+02
 1.08809463e+00  4.63856906e+01  1.08809463e+00  1.79999998e+02
 1.09647820e+00  4.63856906e+01  1.09647820e+00  1.79999998e+02
 1.10492636e+00  4.63856906e+01  1.10492636e+00  1.79999998e+02
 1.11343961e+00  4.63856906e+01  1.11343961e+00  1.79999998e+02
 1.12201845e+00  4.63856906e+01  1.12201845e+00  1.79999998e+02
 1.13066340e+00  4.63856906e+01  1.13066340e+00  1.79999998e+02
 1.13937495e+00  4.63856906e+01  1.13937495e+00  1.79999998e+02
 1.14815362e+00  4.63856906e+01  1.14815362e+00  1.79999998e+02
 1.15699993e+00  4.63856906e+01  1.15699993e+00  1.79999998e+02
 1.16591440e+00  4.63856906e+01  1.16591440e+00  1.79999998e+02
 1.17489755e+00  4.63856906e+01  1.17489755e+00  1.79999998e+02
 1.18394992e+00  4.63856906e+01  1.18394992e+00  1.79999998e+02
 1.19307204e+00  4.63856906e+01  1.19307204e+00  1.79999998e+02
 1.20226443e+00  4.63856906e+01  1.20226443e+00  1.79999998e+02
 1.21152766e+00  4.63856906e+01  1.21152766e+00  1.79999998e+02
 1.22086225e+00  4.63856906e+01  1.22086225e+00  1.79999998e+02
 1.23026877e+00  4.63856906e+01  1.23026877e+00  1.79999998e+02
 1.23974776e+00  4.63856906e+01  1.23974776e+00  1.79999998e+02
 1.24929979e+00  4.63856906e+01  1.24929979e+00  1.79999998e+02
 1.25892541e+00  4.63856906e+01  1.25892541e+00  1.79999998e+02
 1.26862520e+00  4.63856906e+01  1.26862520e+00  1.79999998e+02
 1.27839972e+00  4.63856906e+01  1.27839972e+00  1.79999998e+02
 1.28824955e+00  4.63856906e+01  1.28824955e+00  1.79999998e+02
 1.29817528e+00  4.63856906e+01  1.29817528e+00  1.79999998e+02
 1.30817747e+00  4.63856906e+01  1.30817747e+00  1.79999998e+02
 1.31825674e+00  4.63856906e+01  1.31825674e+00  1.79999998e+02
 1.32841366e+00  4.63856906e+01  1.32841366e+00  1.79999998e+02
 1.33864884e+00  4.63856906e+01  1.33864884e+00  1.79999998e+02
 1.34896288e+00  4.63856906e+01  1.34896288e+00  1.79999998e+02
 1.35935639e+00  4.63856906e+01  1.35935639e+00  1.79999998e+02
 1.36982998e+00  4.63856906e+01  1.36982998e+00  1.79999998e+02
 1.38038426e+00  4.63856906e+01  1.38038426e+00  1.79999998e+02
 1.39101987e+00  4.63856906e+01  1.39101987e+00  1.79999998e+02
 1.40173742e+00  4.63856906e+01  1.40173742e+00  1.79999998e+02
 1.41253754e+00  4.63856906e+01  1.41253754e+00  1.79999998e+02
 1.42342088e+00  4.63856906e+01  1.42342088e+00  1.79999998e+02
 1.43438808e+00  4.63856906e+01  1.43438808e+00  1.79999998e+02
 1.44543977e+00  4.63856906e+01  1.44543977e+00  1.79999998e+02
 1.45657662e+00  4.63856906e+01  1.45657662e+00  1.79999998e+02
 1.46779927e+00  4.63856906e+01  1.46779927e+00  1.79999998e+02
 1.47910839e+00  4.63856906e+01  1.47910839e+00  1.79999998e+02
 1.49050464e+00  4.63856906e+01  1.49050464e+00  1.79999997e+02
 1.50198870e+00  4.63856906e+01  1.50198870e+00  1.79999997e+02
 1.51356125e+00  4.63856906e+01  1.51356125e+00  1.79999997e+02
 1.52522296e+00  4.63856906e+01  1.52522296e+00  1.79999997e+02
 1.53697452e+00  4.63856906e+01  1.53697452e+00  1.79999997e+02
 1.54881662e+00  4.63856906e+01  1.54881662e+00  1.79999997e+02
 1.56074996e+00  4.63856906e+01  1.56074996e+00  1.79999997e+02
 1.57277525e+00  4.63856906e+01  1.57277525e+00  1.79999997e+02
 1.58489319e+00  4.63856906e+01  1.58489319e+00  1.79999997e+02
 1.59710450e+00  4.63856906e+01  1.59710450e+00  1.79999997e+02
 1.60940989e+00  4.63856906e+01  1.60940989e+00  1.79999997e+02
 1.62181010e+00  4.63856906e+01  1.62181010e+00  1.79999997e+02
 1.63430584e+00  4.63856906e+01  1.63430584e+00  1.79999997e+02
 1.64689787e+00  4.63856906e+01  1.64689787e+00  1.79999997e+02
 1.65958691e+00  4.63856906e+01  1.65958691e+00  1.79999997e+02
 1.67237372e+00  4.63856906e+01  1.67237372e+00  1.79999997e+02
 1.68525904e+00  4.63856906e+01  1.68525904e+00  1.79999997e+02
 1.69824365e+00  4.63856906e+01  1.69824365e+00  1.79999997e+02
 1.71132830e+00  4.63856906e+01  1.71132830e+00  1.79999997e+02
 1.72451377e+00  4.63856906e+01  1.72451377e+00  1.79999997e+02
 1.73780083e+00  4.63856906e+01  1.73780083e+00  1.79999997e+02
 1.75119026e+00  4.63856906e+01  1.75119026e+00  1.79999997e+02
 1.76468286e+00  4.63856906e+01  1.76468286e+00  1.79999997e+02
 1.77827941e+00  4.63856906e+01  1.77827941e+00  1.79999997e+02
 1.79198072e+00  4.63856906e+01  1.79198072e+00  1.79999997e+02
 1.80578760e+00  4.63856906e+01  1.80578760e+00  1.79999997e+02
 1.81970086e+00  4.63856906e+01  1.81970086e+00  1.79999997e+02
 1.83372132e+00  4.63856906e+01  1.83372132e+00  1.79999997e+02
 1.84784980e+00  4.63856906e+01  1.84784980e+00  1.79999997e+02
 1.86208714e+00  4.63856906e+01  1.86208714e+00  1.79999997e+02
 1.87643417e+00  4.63856906e+01  1.87643417e+00  1.79999997e+02
 1.89089175e+00  4.63856906e+01  1.89089175e+00  1.79999997e+02
 1.90546072e+00  4.63856906e+01  1.90546072e+00  1.79999997e+02
 1.92014194e+00  4.63856906e+01  1.92014194e+00  1.79999997e+02
 1.93493628e+00  4.63856906e+01  1.93493628e+00  1.79999997e+02
 1.94984460e+00  4.63856906e+01  1.94984460e+00  1.79999997e+02
 1.96486779e+00  4.63856906e+01  1.96486779e+00  1.79999997e+02
 1.98000673e+00  4.63856906e+01  1.98000673e+00  1.79999997e+02
 1.99526231e+00  4.63856906e+01  1.99526231e+00  1.79999997e+02
 2.01063544e+00  4.63856906e+01  2.01063544e+00  1.79999997e+02
 2.02612701e+00  4.63856906e+01  2.02612701e+00  1.79999997e+02
 2.04173794e+00  4.63856906e+01  2.04173794e+00  1.79999997e+02
 2.05746916e+00  4.63856906e+01  2.05746916e+00  1.79999997e+02
 2.07332157e+00  4.63856906e+01  2.07332157e+00  1.79999997e+02
 2.08929613e+00  4.63856906e+01  2.08929613e+00  1.79999996e+02
 2.10539377e+00  4.63856906e+01  2.10539377e+00  1.79999996e+02
 2.12161544e+00  4.63856906e+01  2.12161544e+00  1.79999996e+02
 2.13796209e+00  4.63856906e+01  2.13796209e+00  1.79999996e+02
 2.15443469e+00  4.63856906e+01  2.15443469e+00  1.79999996e+02
 2.17103421e+00  4.63856906e+01  2.17103421e+00  1.79999996e+02
 2.18776162e+00  4.63856906e+01  2.18776162e+00  1.79999996e+02
 2.20461792e+00  4.63856906e+01  2.20461792e+00  1.79999996e+02
 2.22160409e+00  4.63856906e+01  2.22160409e+00  1.79999996e+02
 2.23872114e+00  4.63856906e+01  2.23872114e+00  1.79999996e+02
 2.25597007e+00  4.63856906e+01  2.25597007e+00  1.79999996e+02
 2.27335190e+00  4.63856906e+01  2.27335190e+00  1.79999996e+02
 2.29086765e+00  4.63856906e+01  2.29086765e+00  1.79999996e+02
 2.30851836e+00  4.63856906e+01  2.30851836e+00  1.79999996e+02
 2.32630507e+00  4.63856906e+01  2.32630507e+00  1.79999996e+02
 2.34422882e+00  4.63856906e+01  2.34422882e+00  1.79999996e+02
 2.36229066e+00  4.63856906e+01  2.36229066e+00  1.79999996e+02
 2.38049167e+00  4.63856906e+01  2.38049167e+00  1.79999996e+02
 2.39883292e+00  4.63856906e+01  2.39883292e+00  1.79999996e+02
 2.41731548e+00  4.63856906e+01  2.41731548e+00  1.79999996e+02
 2.43594045e+00  4.63856906e+01  2.43594045e+00  1.79999996e+02
 2.45470892e+00  4.63856906e+01  2.45470892e+00  1.79999996e+02
 2.47362199e+00  4.63856906e+01  2.47362199e+00  1.79999996e+02
 2.49268079e+00  4.63856906e+01  2.49268079e+00  1.79999996e+02
 2.51188643e+00  4.63856906e+01  2.51188643e+00  1.79999996e+02
 2.53124005e+00  4.63856906e+01  2.53124005e+00  1.79999996e+02
 2.55074278e+00  4.63856906e+01  2.55074278e+00  1.79999996e+02
 2.57039578e+00  4.63856906e+01  2.57039578e+00  1.79999996e+02
 2.59020020e+00  4.63856906e+01  2.59020020e+00  1.79999996e+02
 2.61015722e+00  4.63856906e+01  2.61015722e+00  1.79999996e+02
 2.63026799e+00  4.63856906e+01  2.63026799e+00  1.79999996e+02
 2.65053372e+00  4.63856906e+01  2.65053372e+00  1.79999996e+02
 2.67095559e+00  4.63856906e+01  2.67095559e+00  1.79999996e+02
 2.69153480e+00  4.63856906e+01  2.69153480e+00  1.79999995e+02
 2.71227258e+00  4.63856906e+01  2.71227258e+00  1.79999995e+02
 2.73317014e+00  4.63856906e+01  2.73317014e+00  1.79999995e+02
 2.75422870e+00  4.63856906e+01  2.75422870e+00  1.79999995e+02
 2.77544952e+00  4.63856906e+01  2.77544952e+00  1.79999995e+02
 2.79683385e+00  4.63856906e+01  2.79683385e+00  1.79999995e+02
 2.81838293e+00  4.63856906e+01  2.81838293e+00  1.79999995e+02
 2.84009805e+00  4.63856906e+01  2.84009805e+00  1.79999995e+02
 2.86198048e+00  4.63856906e+01  2.86198048e+00  1.79999995e+02
 2.88403150e+00  4.63856906e+01  2.88403150e+00  1.79999995e+02
 2.90625243e+00  4.63856906e+01  2.90625243e+00  1.79999995e+02
 2.92864456e+00  4.63856906e+01  2.92864456e+00  1.79999995e+02
 2.95120923e+00  4.63856906e+01  2.95120923e+00  1.79999995e+02
 2.97394775e+00  4.63856906e+01  2.97394775e+00  1.79999995e+02
 2.99686146e+00  4.63856906e+01  2.99686146e+00  1.79999995e+02
 3.01995172e+00  4.63856906e+01  3.01995172e+00  1.79999995e+02
 3.04321989e+00  4.63856906e+01  3.04321989e+00  1.79999995e+02
 3.06666733e+00  4.63856906e+01  3.06666733e+00  1.79999995e+02
 3.09029543e+00  4.63856906e+01  3.09029543e+00  1.79999995e+02
 3.11410558e+00  4.63856906e+01  3.11410558e+00  1.79999995e+02
 3.13809919e+00  4.63856906e+01  3.13809919e+00  1.79999995e+02
 3.16227766e+00  4.63856906e+01  3.16227766e+00  1.79999995e+02
 3.18664242e+00  4.63856906e+01  3.18664242e+00  1.79999995e+02
 3.21119491e+00  4.63856906e+01  3.21119491e+00  1.79999995e+02
 3.23593657e+00  4.63856906e+01  3.23593657e+00  1.79999995e+02
 3.26086886e+00  4.63856906e+01  3.26086886e+00  1.79999995e+02
 3.28599325e+00  4.63856906e+01  3.28599325e+00  1.79999994e+02
 3.31131121e+00  4.63856906e+01  3.31131121e+00  1.79999994e+02
 3.33682425e+00  4.63856906e+01  3.33682425e+00  1.79999994e+02
 3.36253386e+00  4.63856906e+01  3.36253386e+00  1.79999994e+02
 3.38844156e+00  4.63856906e+01  3.38844156e+00  1.79999994e+02
 3.41454887e+00  4.63856906e+01  3.41454887e+00  1.79999994e+02
 3.44085734e+00  4.63856906e+01  3.44085734e+00  1.79999994e+02
 3.46736850e+00  4.63856906e+01  3.46736850e+00  1.79999994e+02
 3.49408393e+00  4.63856906e+01  3.49408393e+00  1.79999994e+02
 3.52100520e+00  4.63856906e+01  3.52100520e+00  1.79999994e+02
 3.54813389e+00  4.63856906e+01  3.54813389e+00  1.79999994e+02
 3.57547160e+00  4.63856906e+01  3.57547160e+00  1.79999994e+02
 3.60301995e+00  4.63856906e+01  3.60301995e+00  1.79999994e+02
 3.63078055e+00  4.63856906e+01  3.63078055e+00  1.79999994e+02
 3.65875504e+00  4.63856906e+01  3.65875504e+00  1.79999994e+02
 3.68694506e+00  4.63856906e+01  3.68694506e+00  1.79999994e+02
 3.71535229e+00  4.63856906e+01  3.71535229e+00  1.79999994e+02
 3.74397839e+00  4.63856906e+01  3.74397839e+00  1.79999994e+02
 3.77282505e+00  4.63856906e+01  3.77282505e+00  1.79999994e+02
 3.80189396e+00  4.63856906e+01  3.80189396e+00  1.79999994e+02
 3.83118685e+00  4.63856906e+01  3.83118685e+00  1.79999994e+02
 3.86070543e+00  4.63856906e+01  3.86070543e+00  1.79999994e+02
 3.89045145e+00  4.63856906e+01  3.89045145e+00  1.79999993e+02
 3.92042666e+00  4.63856906e+01  3.92042666e+00  1.79999993e+02
 3.95063281e+00  4.63856906e+01  3.95063281e+00  1.79999993e+02
 3.98107171e+00  4.63856906e+01  3.98107171e+00  1.79999993e+02
 4.01174512e+00  4.63856906e+01  4.01174512e+00  1.79999993e+02
 4.04265487e+00  4.63856906e+01  4.04265487e+00  1.79999993e+02
 4.07380278e+00  4.63856906e+01  4.07380278e+00  1.79999993e+02
 4.10519067e+00  4.63856906e+01  4.10519067e+00  1.79999993e+02
 4.13682040e+00  4.63856906e+01  4.13682040e+00  1.79999993e+02
 4.16869383e+00  4.63856906e+01  4.16869383e+00  1.79999993e+02
 4.20081285e+00  4.63856906e+01  4.20081285e+00  1.79999993e+02
 4.23317933e+00  4.63856906e+01  4.23317933e+00  1.79999993e+02
 4.26579519e+00  4.63856906e+01  4.26579519e+00  1.79999993e+02
 4.29866235e+00  4.63856906e+01  4.29866235e+00  1.79999993e+02
 4.33178274e+00  4.63856906e+01  4.33178274e+00  1.79999993e+02
 4.36515832e+00  4.63856906e+01  4.36515832e+00  1.79999993e+02
 4.39879106e+00  4.63856906e+01  4.39879106e+00  1.79999993e+02
 4.43268292e+00  4.63856906e+01  4.43268292e+00  1.79999993e+02
 4.46683592e+00  4.63856906e+01  4.46683592e+00  1.79999992e+02
 4.50125206e+00  4.63856906e+01  4.50125206e+00  1.79999992e+02
 4.53593337e+00  4.63856906e+01  4.53593337e+00  1.79999992e+02
 4.57088190e+00  4.63856906e+01  4.57088190e+00  1.79999992e+02
 4.60609969e+00  4.63856906e+01  4.60609969e+00  1.79999992e+02
 4.64158883e+00  4.63856906e+01  4.64158883e+00  1.79999992e+02
 4.67735141e+00  4.63856906e+01  4.67735141e+00  1.79999992e+02
 4.71338954e+00  4.63856906e+01  4.71338954e+00  1.79999992e+02
 4.74970533e+00  4.63856906e+01  4.74970533e+00  1.79999992e+02
 4.78630092e+00  4.63856906e+01  4.78630092e+00  1.79999992e+02
 4.82317848e+00  4.63856906e+01  4.82317848e+00  1.79999992e+02
 4.86034018e+00  4.63856906e+01  4.86034018e+00  1.79999992e+02
 4.89778819e+00  4.63856906e+01  4.89778819e+00  1.79999992e+02
 4.93552474e+00  4.63856906e+01  4.93552474e+00  1.79999992e+02
 4.97355204e+00  4.63856906e+01  4.97355204e+00  1.79999992e+02
 5.01187234e+00  4.63856906e+01  5.01187234e+00  1.79999992e+02
 5.05048788e+00  4.63856906e+01  5.05048788e+00  1.79999992e+02
 5.08940095e+00  4.63856906e+01  5.08940095e+00  1.79999991e+02
 5.12861384e+00  4.63856906e+01  5.12861384e+00  1.79999991e+02
 5.16812886e+00  4.63856906e+01  5.16812886e+00  1.79999991e+02
 5.20794833e+00  4.63856906e+01  5.20794833e+00  1.79999991e+02
 5.24807460e+00  4.63856906e+01  5.24807460e+00  1.79999991e+02
 5.28851004e+00  4.63856906e+01  5.28851004e+00  1.79999991e+02
 5.32925703e+00  4.63856906e+01  5.32925703e+00  1.79999991e+02
 5.37031796e+00  4.63856906e+01  5.37031796e+00  1.79999991e+02
 5.41169527e+00  4.63856906e+01  5.41169527e+00  1.79999991e+02
 5.45339137e+00  4.63856906e+01  5.45339137e+00  1.79999991e+02
 5.49540874e+00  4.63856906e+01  5.49540874e+00  1.79999991e+02
 5.53774984e+00  4.63856906e+01  5.53774984e+00  1.79999991e+02
 5.58041717e+00  4.63856906e+01  5.58041717e+00  1.79999991e+02
 5.62341325e+00  4.63856906e+01  5.62341325e+00  1.79999991e+02
 5.66674061e+00  4.63856906e+01  5.66674061e+00  1.79999990e+02
 5.71040179e+00  4.63856906e+01  5.71040179e+00  1.79999990e+02
 5.75439937e+00  4.63856906e+01  5.75439937e+00  1.79999990e+02
 5.79873595e+00  4.63856906e+01  5.79873595e+00  1.79999990e+02
 5.84341413e+00  4.63856906e+01  5.84341413e+00  1.79999990e+02
 5.88843655e+00  4.63856906e+01  5.88843655e+00  1.79999990e+02
 5.93380586e+00  4.63856906e+01  5.93380586e+00  1.79999990e+02
 5.97952473e+00  4.63856906e+01  5.97952473e+00  1.79999990e+02
 6.02559586e+00  4.63856906e+01  6.02559586e+00  1.79999990e+02
 6.07202196e+00  4.63856906e+01  6.07202196e+00  1.79999990e+02
 6.11880576e+00  4.63856906e+01  6.11880576e+00  1.79999990e+02
 6.16595002e+00  4.63856906e+01  6.16595002e+00  1.79999990e+02
 6.21345752e+00  4.63856906e+01  6.21345752e+00  1.79999990e+02
 6.26133105e+00  4.63856906e+01  6.26133105e+00  1.79999989e+02
 6.30957344e+00  4.63856906e+01  6.30957344e+00  1.79999989e+02
 6.35818754e+00  4.63856906e+01  6.35818754e+00  1.79999989e+02
 6.40717619e+00  4.63856906e+01  6.40717619e+00  1.79999989e+02
 6.45654229e+00  4.63856906e+01  6.45654229e+00  1.79999989e+02
 6.50628875e+00  4.63856906e+01  6.50628875e+00  1.79999989e+02
 6.55641849e+00  4.63856906e+01  6.55641849e+00  1.79999989e+02
 6.60693448e+00  4.63856906e+01  6.60693448e+00  1.79999989e+02
 6.65783968e+00  4.63856906e+01  6.65783968e+00  1.79999989e+02
 6.70913710e+00  4.63856906e+01  6.70913710e+00  1.79999989e+02
 6.76082975e+00  4.63856906e+01  6.76082975e+00  1.79999989e+02
 6.81292069e+00  4.63856906e+01  6.81292069e+00  1.79999989e+02
 6.86541298e+00  4.63856906e+01  6.86541298e+00  1.79999988e+02
 6.91830971e+00  4.63856906e+01  6.91830971e+00  1.79999988e+02
 6.97161400e+00  4.63856906e+01  6.97161400e+00  1.79999988e+02
 7.02532899e+00  4.63856906e+01  7.02532899e+00  1.79999988e+02
 7.07945784e+00  4.63856906e+01  7.07945784e+00  1.79999988e+02
 7.13400375e+00  4.63856906e+01  7.13400375e+00  1.79999988e+02
 7.18896992e+00  4.63856906e+01  7.18896992e+00  1.79999988e+02
 7.24435960e+00  4.63856906e+01  7.24435960e+00  1.79999988e+02
 7.30017605e+00  4.63856906e+01  7.30017605e+00  1.79999988e+02
 7.35642254e+00  4.63856906e+01  7.35642254e+00  1.79999988e+02
 7.41310241e+00  4.63856906e+01  7.41310241e+00  1.79999988e+02
 7.47021899e+00  4.63856906e+01  7.47021899e+00  1.79999987e+02
 7.52777564e+00  4.63856906e+01  7.52777564e+00  1.79999987e+02
 7.58577575e+00  4.63856906e+01  7.58577575e+00  1.79999987e+02
 7.64422274e+00  4.63856906e+01  7.64422274e+00  1.79999987e+02
 7.70312006e+00  4.63856906e+01  7.70312006e+00  1.79999987e+02
 7.76247117e+00  4.63856906e+01  7.76247117e+00  1.79999987e+02
 7.82227956e+00  4.63856906e+01  7.82227956e+00  1.79999987e+02
 7.88254877e+00  4.63856906e+01  7.88254877e+00  1.79999987e+02
 7.94328235e+00  4.63856906e+01  7.94328235e+00  1.79999987e+02
 8.00448386e+00  4.63856906e+01  8.00448386e+00  1.79999987e+02
 8.06615692e+00  4.63856906e+01  8.06615692e+00  1.79999986e+02
 8.12830516e+00  4.63856906e+01  8.12830516e+00  1.79999986e+02
 8.19093224e+00  4.63856906e+01  8.19093224e+00  1.79999986e+02
 8.25404185e+00  4.63856906e+01  8.25404185e+00  1.79999986e+02
 8.31763771e+00  4.63856906e+01  8.31763771e+00  1.79999986e+02
 8.38172356e+00  4.63856906e+01  8.38172356e+00  1.79999986e+02
 8.44630319e+00  4.63856906e+01  8.44630319e+00  1.79999986e+02
 8.51138038e+00  4.63856906e+01  8.51138038e+00  1.79999986e+02
 8.57695899e+00  4.63856906e+01  8.57695899e+00  1.79999986e+02
 8.64304286e+00  4.63856906e+01  8.64304286e+00  1.79999985e+02
 8.70963590e+00  4.63856906e+01  8.70963590e+00  1.79999985e+02
 8.77674203e+00  4.63856906e+01  8.77674203e+00  1.79999985e+02
 8.84436519e+00  4.63856906e+01  8.84436519e+00  1.79999985e+02
 8.91250938e+00  4.63856906e+01  8.91250938e+00  1.79999985e+02
 8.98117861e+00  4.63856906e+01  8.98117861e+00  1.79999985e+02
 9.05037692e+00  4.63856906e+01  9.05037692e+00  1.79999985e+02
 9.12010839e+00  4.63856906e+01  9.12010839e+00  1.79999985e+02
 9.19037713e+00  4.63856906e+01  9.19037713e+00  1.79999985e+02
 9.26118728e+00  4.63856906e+01  9.26118728e+00  1.79999984e+02
 9.33254301e+00  4.63856906e+01  9.33254301e+00  1.79999984e+02
 9.40444852e+00  4.63856906e+01  9.40444852e+00  1.79999984e+02
 9.47690805e+00  4.63856906e+01  9.47690805e+00  1.79999984e+02
 9.54992586e+00  4.63856906e+01  9.54992586e+00  1.79999984e+02
 9.62350626e+00  4.63856906e+01  9.62350626e+00  1.79999984e+02
 9.69765359e+00  4.63856906e+01  9.69765359e+00  1.79999984e+02
 9.77237221e+00  4.63856906e+01  9.77237221e+00  1.79999984e+02
 9.84766652e+00  4.63856906e+01  9.84766652e+00  1.79999983e+02
 9.92354096e+00  4.63856906e+01  9.92354096e+00  1.79999983e+02
 1.00000000e+01  4.63856906e+01  1.00000000e+01  1.79999983e+02
 1.00770481e+01  4.63856906e+01  1.00770481e+01  1.79999983e+02
 1.01546899e+01  4.63856906e+01  1.01546899e+01  1.79999983e+02
 1.02329299e+01  4.63856906e+01  1.02329299e+01  1.79999983e+02
 1.03117727e+01  4.63856906e+01  1.03117727e+01  1.79999983e+02
 1.03912230e+01  4.63856906e+01  1.03912230e+01  1.79999983e+02
 1.04712855e+01  4.63856906e+01  1.04712855e+01  1.79999982e+02
 1.05519648e+01  4.63856906e+01  1.05519648e+01  1.79999982e+02
 1.06332657e+01  4.63856906e+01  1.06332657e+01  1.79999982e+02
 1.07151931e+01  4.63856906e+01  1.07151931e+01  1.79999982e+02
 1.07977516e+01  4.63856906e+01  1.07977516e+01  1.79999982e+02
 1.08809463e+01  4.63856906e+01  1.08809463e+01  1.79999982e+02
 1.09647820e+01  4.63856906e+01  1.09647820e+01  1.79999982e+02
 1.10492636e+01  4.63856906e+01  1.10492636e+01  1.79999981e+02
 1.11343961e+01  4.63856906e+01  1.11343961e+01  1.79999981e+02
 1.12201845e+01  4.63856906e+01  1.12201845e+01  1.79999981e+02
 1.13066340e+01  4.63856906e+01  1.13066340e+01  1.79999981e+02
 1.13937495e+01  4.63856906e+01  1.13937495e+01  1.79999981e+02
 1.14815362e+01  4.63856906e+01  1.14815362e+01  1.79999981e+02
 1.15699993e+01  4.63856906e+01  1.15699993e+01  1.79999981e+02
 1.16591440e+01  4.63856906e+01  1.16591440e+01  1.79999980e+02
 1.17489755e+01  4.63856906e+01  1.17489755e+01  1.79999980e+02
 1.18394992e+01  4.63856906e+01  1.18394992e+01  1.79999980e+02
 1.19307204e+01  4.63856906e+01  1.19307204e+01  1.79999980e+02
 1.20226443e+01  4.63856906e+01  1.20226443e+01  1.79999980e+02
 1.21152766e+01  4.63856906e+01  1.21152766e+01  1.79999980e+02
 1.22086225e+01  4.63856906e+01  1.22086225e+01  1.79999979e+02
 1.23026877e+01  4.63856906e+01  1.23026877e+01  1.79999979e+02
 1.23974776e+01  4.63856906e+01  1.23974776e+01  1.79999979e+02
 1.24929979e+01  4.63856906e+01  1.24929979e+01  1.79999979e+02
 1.25892541e+01  4.63856906e+01  1.25892541e+01  1.79999979e+02
 1.26862520e+01  4.63856906e+01  1.26862520e+01  1.79999979e+02
 1.27839972e+01  4.63856906e+01  1.27839972e+01  1.79999979e+02
 1.28824955e+01  4.63856906e+01  1.28824955e+01  1.79999978e+02
 1.29817528e+01  4.63856906e+01  1.29817528e+01  1.79999978e+02
 1.30817747e+01  4.63856906e+01  1.30817747e+01  1.79999978e+02
 1.31825674e+01  4.63856906e+01  1.31825674e+01  1.79999978e+02
 1.32841366e+01  4.63856906e+01  1.32841366e+01  1.79999978e+02
 1.33864884e+01  4.63856906e+01  1.33864884e+01  1.79999978e+02
 1.34896288e+01  4.63856906e+01  1.34896288e+01  1.79999977e+02
 1.35935639e+01  4.63856906e+01  1.35935639e+01  1.79999977e+02
 1.36982998e+01  4.63856906e+01  1.36982998e+01  1.79999977e+02
 1.38038426e+01  4.63856906e+01  1.38038426e+01  1.79999977e+02
 1.39101987e+01  4.63856906e+01  1.39101987e+01  1.79999977e+02
 1.40173742e+01  4.63856906e+01  1.40173742e+01  1.79999976e+02
 1.41253754e+01  4.63856906e+01  1.41253754e+01  1.79999976e+02
 1.42342088e+01  4.63856906e+01  1.42342088e+01  1.79999976e+02
 1.43438808e+01  4.63856906e+01  1.43438808e+01  1.79999976e+02
 1.44543977e+01  4.63856906e+01  1.44543977e+01  1.79999976e+02
 1.45657662e+01  4.63856906e+01  1.45657662e+01  1.79999976e+02
 1.46779927e+01  4.63856906e+01  1.46779927e+01  1.79999975e+02
 1.47910839e+01  4.63856906e+01  1.47910839e+01  1.79999975e+02
 1.49050464e+01  4.63856906e+01  1.49050464e+01  1.79999975e+02
 1.50198870e+01  4.63856906e+01  1.50198870e+01  1.79999975e+02
 1.51356125e+01  4.63856906e+01  1.51356125e+01  1.79999975e+02
 1.52522296e+01  4.63856906e+01  1.52522296e+01  1.79999974e+02
 1.53697452e+01  4.63856906e+01  1.53697452e+01  1.79999974e+02
 1.54881662e+01  4.63856906e+01  1.54881662e+01  1.79999974e+02
 1.56074996e+01  4.63856906e+01  1.56074996e+01  1.79999974e+02
 1.57277525e+01  4.63856906e+01  1.57277525e+01  1.79999974e+02
 1.58489319e+01  4.63856906e+01  1.58489319e+01  1.79999973e+02
 1.59710450e+01  4.63856906e+01  1.59710450e+01  1.79999973e+02
 1.60940989e+01  4.63856906e+01  1.60940989e+01  1.79999973e+02
 1.62181010e+01  4.63856906e+01  1.62181010e+01  1.79999973e+02
 1.63430584e+01  4.63856906e+01  1.63430584e+01  1.79999973e+02
 1.64689787e+01  4.63856906e+01  1.64689787e+01  1.79999972e+02
 1.65958691e+01  4.63856906e+01  1.65958691e+01  1.79999972e+02
 1.67237372e+01  4.63856906e+01  1.67237372e+01  1.79999972e+02
 1.68525904e+01  4.63856906e+01  1.68525904e+01  1.79999972e+02
 1.69824365e+01  4.63856906e+01  1.69824365e+01  1.79999971e+02
 1.71132830e+01  4.63856906e+01  1.71132830e+01  1.79999971e+02
 1.72451377e+01  4.63856906e+01  1.72451377e+01  1.79999971e+02
 1.73780083e+01  4.63856906e+01  1.73780083e+01  1.79999971e+02
 1.75119026e+01  4.63856906e+01  1.75119026e+01  1.79999971e+02
 1.76468286e+01  4.63856906e+01  1.76468286e+01  1.79999970e+02
 1.77827941e+01  4.63856906e+01  1.77827941e+01  1.79999970e+02
 1.79198072e+01  4.63856906e+01  1.79198072e+01  1.79999970e+02
 1.80578760e+01  4.63856906e+01  1.80578760e+01  1.79999970e+02
 1.81970086e+01  4.63856906e+01  1.81970086e+01  1.79999969e+02
 1.83372132e+01  4.63856906e+01  1.83372132e+01  1.79999969e+02
 1.84784980e+01  4.63856906e+01  1.84784980e+01  1.79999969e+02
 1.86208714e+01  4.63856906e+01  1.86208714e+01  1.79999969e+02
 1.87643417e+01  4.63856906e+01  1.87643417e+01  1.79999968e+02
 1.89089175e+01  4.63856906e+01  1.89089175e+01  1.79999968e+02
 1.90546072e+01  4.63856906e+01  1.90546072e+01  1.79999968e+02
 1.92014194e+01  4.63856906e+01  1.92014194e+01  1.79999968e+02
 1.93493628e+01  4.63856906e+01  1.93493628e+01  1.79999967e+02
 1.94984460e+01  4.63856906e+01  1.94984460e+01  1.79999967e+02
 1.96486779e+01  4.63856906e+01  1.96486779e+01  1.79999967e+02
 1.98000673e+01  4.63856906e+01  1.98000673e+01  1.79999967e+02
 1.99526231e+01  4.63856906e+01  1.99526231e+01  1.79999966e+02
 2.01063544e+01  4.63856906e+01  2.01063544e+01  1.79999966e+02
 2.02612701e+01  4.63856906e+01  2.02612701e+01  1.79999966e+02
 2.04173794e+01  4.63856906e+01  2.04173794e+01  1.79999966e+02
 2.05746916e+01  4.63856906e+01  2.05746916e+01  1.79999965e+02
 2.07332157e+01  4.63856906e+01  2.07332157e+01  1.79999965e+02
 2.08929613e+01  4.63856906e+01  2.08929613e+01  1.79999965e+02
 2.10539377e+01  4.63856906e+01  2.10539377e+01  1.79999965e+02
 2.12161544e+01  4.63856906e+01  2.12161544e+01  1.79999964e+02
 2.13796209e+01  4.63856906e+01  2.13796209e+01  1.79999964e+02
 2.15443469e+01  4.63856906e+01  2.15443469e+01  1.79999964e+02
 2.17103421e+01  4.63856906e+01  2.17103421e+01  1.79999964e+02
 2.18776162e+01  4.63856906e+01  2.18776162e+01  1.79999963e+02
 2.20461792e+01  4.63856906e+01  2.20461792e+01  1.79999963e+02
 2.22160409e+01  4.63856906e+01  2.22160409e+01  1.79999963e+02
 2.23872114e+01  4.63856906e+01  2.23872114e+01  1.79999962e+02
 2.25597007e+01  4.63856906e+01  2.25597007e+01  1.79999962e+02
 2.27335190e+01  4.63856906e+01  2.27335190e+01  1.79999962e+02
 2.29086765e+01  4.63856906e+01  2.29086765e+01  1.79999962e+02
 2.30851836e+01  4.63856906e+01  2.30851836e+01  1.79999961e+02
 2.32630507e+01  4.63856906e+01  2.32630507e+01  1.79999961e+02
 2.34422882e+01  4.63856906e+01  2.34422882e+01  1.79999961e+02
 2.36229066e+01  4.63856906e+01  2.36229066e+01  1.79999960e+02
 2.38049167e+01  4.63856906e+01  2.38049167e+01  1.79999960e+02
 2.39883292e+01  4.63856906e+01  2.39883292e+01  1.79999960e+02
 2.41731548e+01  4.63856906e+01  2.41731548e+01  1.79999959e+02
 2.43594045e+01  4.63856906e+01  2.43594045e+01  1.79999959e+02
 2.45470892e+01  4.63856906e+01  2.45470892e+01  1.79999959e+02
 2.47362199e+01  4.63856906e+01  2.47362199e+01  1.79999958e+02
 2.49268079e+01  4.63856906e+01  2.49268079e+01  1.79999958e+02
 2.51188643e+01  4.63856906e+01  2.51188643e+01  1.79999958e+02
 2.53124005e+01  4.63856906e+01  2.53124005e+01  1.79999957e+02
 2.55074278e+01  4.63856906e+01  2.55074278e+01  1.79999957e+02
 2.57039578e+01  4.63856906e+01  2.57039578e+01  1.79999957e+02
 2.59020020e+01  4.63856906e+01  2.59020020e+01  1.79999956e+02
 2.61015722e+01  4.63856906e+01  2.61015722e+01  1.79999956e+02
 2.63026799e+01  4.63856906e+01  2.63026799e+01  1.79999956e+02
 2.65053372e+01  4.63856906e+01  2.65053372e+01  1.79999955e+02
 2.67095559e+01  4.63856906e+01  2.67095559e+01  1.79999955e+02
 2.69153480e+01  4.63856906e+01  2.69153480e+01  1.79999955e+02
 2.71227258e+01  4.63856906e+01  2.71227258e+01  1.79999954e+02
 2.73317014e+01  4.63856906e+01  2.73317014e+01  1.79999954e+02
 2.75422870e+01  4.63856906e+01  2.75422870e+01  1.79999954e+02
 2.77544952e+01  4.63856906e+01  2.77544952e+01  1.79999953e+02
 2.79683385e+01  4.63856906e+01  2.79683385e+01  1.79999953e+02
 2.81838293e+01  4.63856906e+01  2.81838293e+01  1.79999953e+02
 2.84009805e+01  4.63856906e+01  2.84009805e+01  1.79999952e+02
 2.86198048e+01  4.63856906e+01  2.86198048e+01  1.79999952e+02
 2.88403150e+01  4.63856906e+01  2.88403150e+01  1.79999952e+02
 2.90625243e+01  4.63856906e+01  2.90625243e+01  1.79999951e+02
 2.92864456e+01  4.63856906e+01  2.92864456e+01  1.79999951e+02
 2.95120923e+01  4.63856906e+01  2.95120923e+01  1.79999950e+02
 2.97394775e+01  4.63856906e+01  2.97394775e+01  1.79999950e+02
 2.99686146e+01  4.63856906e+01  2.99686146e+01  1.79999950e+02
 3.01995172e+01  4.63856906e+01  3.01995172e+01  1.79999949e+02
 3.04321989e+01  4.63856906e+01  3.04321989e+01  1.79999949e+02
 3.06666733e+01  4.63856906e+01  3.06666733e+01  1.79999948e+02
 3.09029543e+01  4.63856906e+01  3.09029543e+01  1.79999948e+02
 3.11410558e+01  4.63856906e+01  3.11410558e+01  1.79999948e+02
 3.13809919e+01  4.63856906e+01  3.13809919e+01  1.79999947e+02
 3.16227766e+01  4.63856906e+01  3.16227766e+01  1.79999947e+02
 3.18664242e+01  4.63856906e+01  3.18664242e+01  1.79999946e+02
 3.21119491e+01  4.63856906e+01  3.21119491e+01  1.79999946e+02
 3.23593657e+01  4.63856906e+01  3.23593657e+01  1.79999946e+02
 3.26086886e+01  4.63856906e+01  3.26086886e+01  1.79999945e+02
 3.28599325e+01  4.63856906e+01  3.28599325e+01  1.79999945e+02
 3.31131121e+01  4.63856906e+01  3.31131121e+01  1.79999944e+02
 3.33682425e+01  4.63856906e+01  3.33682425e+01  1.79999944e+02
 3.36253386e+01  4.63856906e+01  3.36253386e+01  1.79999944e+02
 3.38844156e+01  4.63856906e+01  3.38844156e+01  1.79999943e+02
 3.41454887e+01  4.63856906e+01  3.41454887e+01  1.79999943e+02
 3.44085734e+01  4.63856906e+01  3.44085734e+01  1.79999942e+02
 3.46736850e+01  4.63856906e+01  3.46736850e+01  1.79999942e+02
 3.49408393e+01  4.63856906e+01  3.49408393e+01  1.79999941e+02
 3.52100520e+01  4.63856906e+01  3.52100520e+01  1.79999941e+02
 3.54813389e+01  4.63856906e+01  3.54813389e+01  1.79999940e+02
 3.57547160e+01  4.63856906e+01  3.57547160e+01  1.79999940e+02
 3.60301995e+01  4.63856906e+01  3.60301995e+01  1.79999939e+02
 3.63078055e+01  4.63856906e+01  3.63078055e+01  1.79999939e+02
 3.65875504e+01  4.63856906e+01  3.65875504e+01  1.79999939e+02
 3.68694506e+01  4.63856906e+01  3.68694506e+01  1.79999938e+02
 3.71535229e+01  4.63856906e+01  3.71535229e+01  1.79999938e+02
 3.74397839e+01  4.63856906e+01  3.74397839e+01  1.79999937e+02
 3.77282505e+01  4.63856906e+01  3.77282505e+01  1.79999937e+02
 3.80189396e+01  4.63856906e+01  3.80189396e+01  1.79999936e+02
 3.83118685e+01  4.63856906e+01  3.83118685e+01  1.79999936e+02
 3.86070543e+01  4.63856906e+01  3.86070543e+01  1.79999935e+02
 3.89045145e+01  4.63856906e+01  3.89045145e+01  1.79999935e+02
 3.92042666e+01  4.63856906e+01  3.92042666e+01  1.79999934e+02
 3.95063281e+01  4.63856906e+01  3.95063281e+01  1.79999934e+02
 3.98107171e+01  4.63856906e+01  3.98107171e+01  1.79999933e+02
 4.01174512e+01  4.63856906e+01  4.01174512e+01  1.79999933e+02
 4.04265487e+01  4.63856906e+01  4.04265487e+01  1.79999932e+02
 4.07380278e+01  4.63856906e+01  4.07380278e+01  1.79999932e+02
 4.10519067e+01  4.63856906e+01  4.10519067e+01  1.79999931e+02
 4.13682040e+01  4.63856906e+01  4.13682040e+01  1.79999931e+02
 4.16869383e+01  4.63856906e+01  4.16869383e+01  1.79999930e+02
 4.20081285e+01  4.63856906e+01  4.20081285e+01  1.79999929e+02
 4.23317933e+01  4.63856906e+01  4.23317933e+01  1.79999929e+02
 4.26579519e+01  4.63856906e+01  4.26579519e+01  1.79999928e+02
 4.29866235e+01  4.63856906e+01  4.29866235e+01  1.79999928e+02
 4.33178274e+01  4.63856906e+01  4.33178274e+01  1.79999927e+02
 4.36515832e+01  4.63856906e+01  4.36515832e+01  1.79999927e+02
 4.39879106e+01  4.63856906e+01  4.39879106e+01  1.79999926e+02
 4.43268292e+01  4.63856906e+01  4.43268292e+01  1.79999926e+02
 4.46683592e+01  4.63856906e+01  4.46683592e+01  1.79999925e+02
 4.50125206e+01  4.63856906e+01  4.50125206e+01  1.79999924e+02
 4.53593337e+01  4.63856906e+01  4.53593337e+01  1.79999924e+02
 4.57088190e+01  4.63856906e+01  4.57088190e+01  1.79999923e+02
 4.60609969e+01  4.63856906e+01  4.60609969e+01  1.79999923e+02
 4.64158883e+01  4.63856906e+01  4.64158883e+01  1.79999922e+02
 4.67735141e+01  4.63856906e+01  4.67735141e+01  1.79999921e+02
 4.71338954e+01  4.63856906e+01  4.71338954e+01  1.79999921e+02
 4.74970533e+01  4.63856906e+01  4.74970533e+01  1.79999920e+02
 4.78630092e+01  4.63856906e+01  4.78630092e+01  1.79999920e+02
 4.82317848e+01  4.63856906e+01  4.82317848e+01  1.79999919e+02
 4.86034018e+01  4.63856906e+01  4.86034018e+01  1.79999918e+02
 4.89778819e+01  4.63856906e+01  4.89778819e+01  1.79999918e+02
 4.93552474e+01  4.63856906e+01  4.93552474e+01  1.79999917e+02
 4.97355204e+01  4.63856906e+01  4.97355204e+01  1.79999916e+02
 5.01187234e+01  4.63856906e+01  5.01187234e+01  1.79999916e+02
 5.05048788e+01  4.63856906e+01  5.05048788e+01  1.79999915e+02
 5.08940095e+01  4.63856906e+01  5.08940095e+01  1.79999915e+02
 5.12861384e+01  4.63856906e+01  5.12861384e+01  1.79999914e+02
 5.16812886e+01  4.63856906e+01  5.16812886e+01  1.79999913e+02
 5.20794833e+01  4.63856906e+01  5.20794833e+01  1.79999913e+02
 5.24807460e+01  4.63856906e+01  5.24807460e+01  1.79999912e+02
 5.28851004e+01  4.63856906e+01  5.28851004e+01  1.79999911e+02
 5.32925703e+01  4.63856906e+01  5.32925703e+01  1.79999910e+02
 5.37031796e+01  4.63856906e+01  5.37031796e+01  1.79999910e+02
 5.41169527e+01  4.63856906e+01  5.41169527e+01  1.79999909e+02
 5.45339137e+01  4.63856906e+01  5.45339137e+01  1.79999908e+02
 5.49540874e+01  4.63856906e+01  5.49540874e+01  1.79999908e+02
 5.53774984e+01  4.63856906e+01  5.53774984e+01  1.79999907e+02
 5.58041717e+01  4.63856906e+01  5.58041717e+01  1.79999906e+02
 5.62341325e+01  4.63856906e+01  5.62341325e+01  1.79999906e+02
 5.66674061e+01  4.63856906e+01  5.66674061e+01  1.79999905e+02
 5.71040179e+01  4.63856906e+01  5.71040179e+01  1.79999904e+02
 5.75439937e+01  4.63856906e+01  5.75439937e+01  1.79999903e+02
 5.79873595e+01  4.63856906e+01  5.79873595e+01  1.79999903e+02
 5.84341413e+01  4.63856906e+01  5.84341413e+01  1.79999902e+02
 5.88843655e+01  4.63856906e+01  5.88843655e+01  1.79999901e+02
 5.93380586e+01  4.63856906e+01  5.93380586e+01  1.79999900e+02
 5.97952473e+01  4.63856906e+01  5.97952473e+01  1.79999900e+02
 6.02559586e+01  4.63856906e+01  6.02559586e+01  1.79999899e+02
 6.07202196e+01  4.63856906e+01  6.07202196e+01  1.79999898e+02
 6.11880576e+01  4.63856906e+01  6.11880576e+01  1.79999897e+02
 6.16595002e+01  4.63856906e+01  6.16595002e+01  1.79999896e+02
 6.21345752e+01  4.63856906e+01  6.21345752e+01  1.79999896e+02
 6.26133105e+01  4.63856906e+01  6.26133105e+01  1.79999895e+02
 6.30957344e+01  4.63856906e+01  6.30957344e+01  1.79999894e+02
 6.35818754e+01  4.63856906e+01  6.35818754e+01  1.79999893e+02
 6.40717619e+01  4.63856906e+01  6.40717619e+01  1.79999892e+02
 6.45654229e+01  4.63856906e+01  6.45654229e+01  1.79999892e+02
 6.50628875e+01  4.63856906e+01  6.50628875e+01  1.79999891e+02
 6.55641849e+01  4.63856906e+01  6.55641849e+01  1.79999890e+02
 6.60693448e+01  4.63856906e+01  6.60693448e+01  1.79999889e+02
 6.65783968e+01  4.63856906e+01  6.65783968e+01  1.79999888e+02
 6.70913710e+01  4.63856906e+01  6.70913710e+01  1.79999887e+02
 6.76082975e+01  4.63856906e+01  6.76082975e+01  1.79999886e+02
 6.81292069e+01  4.63856906e+01  6.81292069e+01  1.79999886e+02
 6.86541298e+01  4.63856906e+01  6.86541298e+01  1.79999885e+02
 6.91830971e+01  4.63856906e+01  6.91830971e+01  1.79999884e+02
 6.97161400e+01  4.63856906e+01  6.97161400e+01  1.79999883e+02
 7.02532899e+01  4.63856906e+01  7.02532899e+01  1.79999882e+02
 7.07945784e+01  4.63856906e+01  7.07945784e+01  1.79999881e+02
 7.13400375e+01  4.63856906e+01  7.13400375e+01  1.79999880e+02
 7.18896992e+01  4.63856906e+01  7.18896992e+01  1.79999879e+02
 7.24435960e+01  4.63856906e+01  7.24435960e+01  1.79999878e+02
 7.30017605e+01  4.63856906e+01  7.30017605e+01  1.79999877e+02
 7.35642254e+01  4.63856906e+01  7.35642254e+01  1.79999876e+02
 7.41310241e+01  4.63856906e+01  7.41310241e+01  1.79999875e+02
 7.47021899e+01  4.63856906e+01  7.47021899e+01  1.79999875e+02
 7.52777564e+01  4.63856906e+01  7.52777564e+01  1.79999874e+02
 7.58577575e+01  4.63856906e+01  7.58577575e+01  1.79999873e+02
 7.64422274e+01  4.63856906e+01  7.64422274e+01  1.79999872e+02
 7.70312006e+01  4.63856906e+01  7.70312006e+01  1.79999871e+02
 7.76247117e+01  4.63856906e+01  7.76247117e+01  1.79999870e+02
 7.82227956e+01  4.63856906e+01  7.82227956e+01  1.79999869e+02
 7.88254877e+01  4.63856906e+01  7.88254877e+01  1.79999868e+02
 7.94328235e+01  4.63856906e+01  7.94328235e+01  1.79999867e+02
 8.00448386e+01  4.63856906e+01  8.00448386e+01  1.79999866e+02
 8.06615692e+01  4.63856906e+01  8.06615692e+01  1.79999864e+02
 8.12830516e+01  4.63856906e+01  8.12830516e+01  1.79999863e+02
 8.19093224e+01  4.63856906e+01  8.19093224e+01  1.79999862e+02
 8.25404185e+01  4.63856906e+01  8.25404185e+01  1.79999861e+02
 8.31763771e+01  4.63856906e+01  8.31763771e+01  1.79999860e+02
 8.38172356e+01  4.63856906e+01  8.38172356e+01  1.79999859e+02
 8.44630319e+01  4.63856906e+01  8.44630319e+01  1.79999858e+02
 8.51138038e+01  4.63856906e+01  8.51138038e+01  1.79999857e+02
 8.57695899e+01  4.63856906e+01  8.57695899e+01  1.79999856e+02
 8.64304286e+01  4.63856906e+01  8.64304286e+01  1.79999855e+02
 8.70963590e+01  4.63856906e+01  8.70963590e+01  1.79999854e+02
 8.77674203e+01  4.63856906e+01  8.77674203e+01  1.79999853e+02
 8.84436519e+01  4.63856906e+01  8.84436519e+01  1.79999851e+02
 8.91250938e+01  4.63856906e+01  8.91250938e+01  1.79999850e+02
 8.98117861e+01  4.63856906e+01  8.98117861e+01  1.79999849e+02
 9.05037692e+01  4.63856906e+01  9.05037692e+01  1.79999848e+02
 9.12010839e+01  4.63856906e+01  9.12010839e+01  1.79999847e+02
 9.19037713e+01  4.63856906e+01  9.19037713e+01  1.79999846e+02
 9.26118728e+01  4.63856906e+01  9.26118728e+01  1.79999844e+02
 9.33254301e+01  4.63856906e+01  9.33254301e+01  1.79999843e+02
 9.40444852e+01  4.63856906e+01  9.40444852e+01  1.79999842e+02
 9.47690805e+01  4.63856906e+01  9.47690805e+01  1.79999841e+02
 9.54992586e+01  4.63856906e+01  9.54992586e+01  1.79999840e+02
 9.62350626e+01  4.63856906e+01  9.62350626e+01  1.79999838e+02
 9.69765359e+01  4.63856906e+01  9.69765359e+01  1.79999837e+02
 9.77237221e+01  4.63856906e+01  9.77237221e+01  1.79999836e+02
 9.84766652e+01  4.63856906e+01  9.84766652e+01  1.79999835e+02
 9.92354096e+01  4.63856906e+01  9.92354096e+01  1.79999833e+02
 1.00000000e+02  4.63856906e+01  1.00000000e+02  1.79999832e+02
 1.00770481e+02  4.63856906e+01  1.00770481e+02  1.79999831e+02
 1.01546899e+02  4.63856906e+01  1.01546899e+02  1.79999829e+02
 1.02329299e+02  4.63856906e+01  1.02329299e+02  1.79999828e+02
 1.03117727e+02  4.63856906e+01  1.03117727e+02  1.79999827e+02
 1.03912230e+02  4.63856906e+01  1.03912230e+02  1.79999825e+02
 1.04712855e+02  4.63856906e+01  1.04712855e+02  1.79999824e+02
 1.05519648e+02  4.63856906e+01  1.05519648e+02  1.79999823e+02
 1.06332657e+02  4.63856906e+01  1.06332657e+02  1.79999821e+02
 1.07151931e+02  4.63856906e+01  1.07151931e+02  1.79999820e+02
 1.07977516e+02  4.63856906e+01  1.07977516e+02  1.79999819e+02
 1.08809463e+02  4.63856906e+01  1.08809463e+02  1.79999817e+02
 1.09647820e+02  4.63856906e+01  1.09647820e+02  1.79999816e+02
 1.10492636e+02  4.63856906e+01  1.10492636e+02  1.79999814e+02
 1.11343961e+02  4.63856906e+01  1.11343961e+02  1.79999813e+02
 1.12201845e+02  4.63856906e+01  1.12201845e+02  1.79999812e+02
 1.13066340e+02  4.63856906e+01  1.13066340e+02  1.79999810e+02
 1.13937495e+02  4.63856906e+01  1.13937495e+02  1.79999809e+02
 1.14815362e+02  4.63856906e+01  1.14815362e+02  1.79999807e+02
 1.15699993e+02  4.63856906e+01  1.15699993e+02  1.79999806e+02
 1.16591440e+02  4.63856906e+01  1.16591440e+02  1.79999804e+02
 1.17489755e+02  4.63856906e+01  1.17489755e+02  1.79999803e+02
 1.18394992e+02  4.63856906e+01  1.18394992e+02  1.79999801e+02
 1.19307204e+02  4.63856906e+01  1.19307204e+02  1.79999800e+02
 1.20226443e+02  4.63856906e+01  1.20226443e+02  1.79999798e+02
 1.21152766e+02  4.63856906e+01  1.21152766e+02  1.79999796e+02
 1.22086225e+02  4.63856906e+01  1.22086225e+02  1.79999795e+02
 1.23026877e+02  4.63856906e+01  1.23026877e+02  1.79999793e+02
 1.23974776e+02  4.63856906e+01  1.23974776e+02  1.79999792e+02
 1.24929979e+02  4.63856906e+01  1.24929979e+02  1.79999790e+02
 1.25892541e+02  4.63856906e+01  1.25892541e+02  1.79999789e+02
 1.26862520e+02  4.63856906e+01  1.26862520e+02  1.79999787e+02
 1.27839972e+02  4.63856906e+01  1.27839972e+02  1.79999785e+02
 1.28824955e+02  4.63856906e+01  1.28824955e+02  1.79999784e+02
 1.29817528e+02  4.63856906e+01  1.29817528e+02  1.79999782e+02
 1.30817747e+02  4.63856906e+01  1.30817747e+02  1.79999780e+02
 1.31825674e+02  4.63856906e+01  1.31825674e+02  1.79999779e+02
 1.32841366e+02  4.63856906e+01  1.32841366e+02  1.79999777e+02
 1.33864884e+02  4.63856906e+01  1.33864884e+02  1.79999775e+02
 1.34896288e+02  4.63856906e+01  1.34896288e+02  1.79999773e+02
 1.35935639e+02  4.63856906e+01  1.35935639e+02  1.79999772e+02
 1.36982998e+02  4.63856906e+01  1.36982998e+02  1.79999770e+02
 1.38038426e+02  4.63856906e+01  1.38038426e+02  1.79999768e+02
 1.39101987e+02  4.63856906e+01  1.39101987e+02  1.79999766e+02
 1.40173742e+02  4.63856906e+01  1.40173742e+02  1.79999765e+02
 1.41253754e+02  4.63856906e+01  1.41253754e+02  1.79999763e+02
 1.42342088e+02  4.63856906e+01  1.42342088e+02  1.79999761e+02
 1.43438808e+02  4.63856906e+01  1.43438808e+02  1.79999759e+02
 1.44543977e+02  4.63856906e+01  1.44543977e+02  1.79999757e+02
 1.45657662e+02  4.63856906e+01  1.45657662e+02  1.79999755e+02
 1.46779927e+02  4.63856906e+01  1.46779927e+02  1.79999753e+02
 1.47910839e+02  4.63856906e+01  1.47910839e+02  1.79999752e+02
 1.49050464e+02  4.63856906e+01  1.49050464e+02  1.79999750e+02
 1.50198870e+02  4.63856906e+01  1.50198870e+02  1.79999748e+02
 1.51356125e+02  4.63856906e+01  1.51356125e+02  1.79999746e+02
 1.52522296e+02  4.63856906e+01  1.52522296e+02  1.79999744e+02
 1.53697452e+02  4.63856906e+01  1.53697452e+02  1.79999742e+02
 1.54881662e+02  4.63856906e+01  1.54881662e+02  1.79999740e+02
 1.56074996e+02  4.63856906e+01  1.56074996e+02  1.79999738e+02
 1.57277525e+02  4.63856906e+01  1.57277525e+02  1.79999736e+02
 1.58489319e+02  4.63856906e+01  1.58489319e+02  1.79999734e+02
 1.59710450e+02  4.63856906e+01  1.59710450e+02  1.79999732e+02
 1.60940989e+02  4.63856906e+01  1.60940989e+02  1.79999730e+02
 1.62181010e+02  4.63856906e+01  1.62181010e+02  1.79999728e+02
 1.63430584e+02  4.63856906e+01  1.63430584e+02  1.79999725e+02
 1.64689787e+02  4.63856906e+01  1.64689787e+02  1.79999723e+02
 1.65958691e+02  4.63856906e+01  1.65958691e+02  1.79999721e+02
 1.67237372e+02  4.63856906e+01  1.67237372e+02  1.79999719e+02
 1.68525904e+02  4.63856906e+01  1.68525904e+02  1.79999717e+02
 1.69824365e+02  4.63856906e+01  1.69824365e+02  1.79999715e+02
 1.71132830e+02  4.63856906e+01  1.71132830e+02  1.79999713e+02
 1.72451377e+02  4.63856906e+01  1.72451377e+02  1.79999710e+02
 1.73780083e+02  4.63856906e+01  1.73780083e+02  1.79999708e+02
 1.75119026e+02  4.63856906e+01  1.75119026e+02  1.79999706e+02
 1.76468286e+02  4.63856906e+01  1.76468286e+02  1.79999704e+02
 1.77827941e+02  4.63856906e+01  1.77827941e+02  1.79999701e+02
 1.79198072e+02  4.63856906e+01  1.79198072e+02  1.79999699e+02
 1.80578760e+02  4.63856906e+01  1.80578760e+02  1.79999697e+02
 1.81970086e+02  4.63856906e+01  1.81970086e+02  1.79999694e+02
 1.83372132e+02  4.63856906e+01  1.83372132e+02  1.79999692e+02
 1.84784980e+02  4.63856906e+01  1.84784980e+02  1.79999690e+02
 1.86208714e+02  4.63856906e+01  1.86208714e+02  1.79999687e+02
 1.87643417e+02  4.63856906e+01  1.87643417e+02  1.79999685e+02
 1.89089175e+02  4.63856906e+01  1.89089175e+02  1.79999682e+02
 1.90546072e+02  4.63856906e+01  1.90546072e+02  1.79999680e+02
 1.92014194e+02  4.63856906e+01  1.92014194e+02  1.79999677e+02
 1.93493628e+02  4.63856906e+01  1.93493628e+02  1.79999675e+02
 1.94984460e+02  4.63856906e+01  1.94984460e+02  1.79999672e+02
 1.96486779e+02  4.63856906e+01  1.96486779e+02  1.79999670e+02
 1.98000673e+02  4.63856906e+01  1.98000673e+02  1.79999667e+02
 1.99526231e+02  4.63856906e+01  1.99526231e+02  1.79999665e+02
 2.01063544e+02  4.63856906e+01  2.01063544e+02  1.79999662e+02
 2.02612701e+02  4.63856906e+01  2.02612701e+02  1.79999660e+02
 2.04173794e+02  4.63856906e+01  2.04173794e+02  1.79999657e+02
 2.05746916e+02  4.63856906e+01  2.05746916e+02  1.79999654e+02
 2.07332157e+02  4.63856906e+01  2.07332157e+02  1.79999652e+02
 2.08929613e+02  4.63856906e+01  2.08929613e+02  1.79999649e+02
 2.10539377e+02  4.63856906e+01  2.10539377e+02  1.79999646e+02
 2.12161544e+02  4.63856906e+01  2.12161544e+02  1.79999644e+02
 2.13796209e+02  4.63856906e+01  2.13796209e+02  1.79999641e+02
 2.15443469e+02  4.63856906e+01  2.15443469e+02  1.79999638e+02
 2.17103421e+02  4.63856906e+01  2.17103421e+02  1.79999635e+02
 2.18776162e+02  4.63856906e+01  2.18776162e+02  1.79999632e+02
 2.20461792e+02  4.63856906e+01  2.20461792e+02  1.79999630e+02
 2.22160409e+02  4.63856906e+01  2.22160409e+02  1.79999627e+02
 2.23872114e+02  4.63856906e+01  2.23872114e+02  1.79999624e+02
 2.25597007e+02  4.63856906e+01  2.25597007e+02  1.79999621e+02
 2.27335190e+02  4.63856906e+01  2.27335190e+02  1.79999618e+02
 2.29086765e+02  4.63856906e+01  2.29086765e+02  1.79999615e+02
 2.30851836e+02  4.63856906e+01  2.30851836e+02  1.79999612e+02
 2.32630507e+02  4.63856906e+01  2.32630507e+02  1.79999609e+02
 2.34422882e+02  4.63856906e+01  2.34422882e+02  1.79999606e+02
 2.36229066e+02  4.63856906e+01  2.36229066e+02  1.79999603e+02
 2.38049167e+02  4.63856906e+01  2.38049167e+02  1.79999600e+02
 2.39883292e+02  4.63856906e+01  2.39883292e+02  1.79999597e+02
 2.41731548e+02  4.63856906e+01  2.41731548e+02  1.79999594e+02
 2.43594045e+02  4.63856906e+01  2.43594045e+02  1.79999591e+02
 2.45470892e+02  4.63856906e+01  2.45470892e+02  1.79999588e+02
 2.47362199e+02  4.63856906e+01  2.47362199e+02  1.79999584e+02
 2.49268079e+02  4.63856906e+01  2.49268079e+02  1.79999581e+02
 2.51188643e+02  4.63856906e+01  2.51188643e+02  1.79999578e+02
 2.53124005e+02  4.63856906e+01  2.53124005e+02  1.79999575e+02
 2.55074278e+02  4.63856906e+01  2.55074278e+02  1.79999571e+02
 2.57039578e+02  4.63856906e+01  2.57039578e+02  1.79999568e+02
 2.59020020e+02  4.63856906e+01  2.59020020e+02  1.79999565e+02
 2.61015722e+02  4.63856906e+01  2.61015722e+02  1.79999562e+02
 2.63026799e+02  4.63856906e+01  2.63026799e+02  1.79999558e+02
 2.65053372e+02  4.63856906e+01  2.65053372e+02  1.79999555e+02
 2.67095559e+02  4.63856906e+01  2.67095559e+02  1.79999551e+02
 2.69153480e+02  4.63856906e+01  2.69153480e+02  1.79999548e+02
 2.71227258e+02  4.63856906e+01  2.71227258e+02  1.79999544e+02
 2.73317014e+02  4.63856906e+01  2.73317014e+02  1.79999541e+02
 2.75422870e+02  4.63856906e+01  2.75422870e+02  1.79999537e+02
 2.77544952e+02  4.63856906e+01  2.77544952e+02  1.79999534e+02
 2.79683385e+02  4.63856906e+01  2.79683385e+02  1.79999530e+02
 2.81838293e+02  4.63856906e+01  2.81838293e+02  1.79999527e+02
 2.84009805e+02  4.63856906e+01  2.84009805e+02  1.79999523e+02
 2.86198048e+02  4.63856906e+01  2.86198048e+02  1.79999519e+02
 2.88403150e+02  4.63856906e+01  2.88403150e+02  1.79999516e+02
 2.90625243e+02  4.63856906e+01  2.90625243e+02  1.79999512e+02
 2.92864456e+02  4.63856906e+01  2.92864456e+02  1.79999508e+02
 2.95120923e+02  4.63856906e+01  2.95120923e+02  1.79999504e+02
 2.97394775e+02  4.63856906e+01  2.97394775e+02  1.79999500e+02
 2.99686146e+02  4.63856906e+01  2.99686146e+02  1.79999497e+02
 3.01995172e+02  4.63856906e+01  3.01995172e+02  1.79999493e+02
 3.04321989e+02  4.63856906e+01  3.04321989e+02  1.79999489e+02
 3.06666733e+02  4.63856906e+01  3.06666733e+02  1.79999485e+02
 3.09029543e+02  4.63856906e+01  3.09029543e+02  1.79999481e+02
 3.11410558e+02  4.63856906e+01  3.11410558e+02  1.79999477e+02
 3.13809919e+02  4.63856906e+01  3.13809919e+02  1.79999473e+02
 3.16227766e+02  4.63856906e+01  3.16227766e+02  1.79999469e+02
 3.18664242e+02  4.63856906e+01  3.18664242e+02  1.79999465e+02
 3.21119491e+02  4.63856906e+01  3.21119491e+02  1.79999461e+02
 3.23593657e+02  4.63856906e+01  3.23593657e+02  1.79999456e+02
 3.26086886e+02  4.63856906e+01  3.26086886e+02  1.79999452e+02
 3.28599325e+02  4.63856906e+01  3.28599325e+02  1.79999448e+02
 3.31131121e+02  4.63856906e+01  3.31131121e+02  1.79999444e+02
 3.33682425e+02  4.63856906e+01  3.33682425e+02  1.79999439e+02
 3.36253386e+02  4.63856906e+01  3.36253386e+02  1.79999435e+02
 3.38844156e+02  4.63856906e+01  3.38844156e+02  1.79999431e+02
 3.41454887e+02  4.63856906e+01  3.41454887e+02  1.79999426e+02
 3.44085734e+02  4.63856906e+01  3.44085734e+02  1.79999422e+02
 3.46736850e+02  4.63856906e+01  3.46736850e+02  1.79999418e+02
 3.49408393e+02  4.63856906e+01  3.49408393e+02  1.79999413e+02
 3.52100520e+02  4.63856906e+01  3.52100520e+02  1.79999409e+02
 3.54813389e+02  4.63856906e+01  3.54813389e+02  1.79999404e+02
 3.57547160e+02  4.63856907e+01  3.57547160e+02  1.79999399e+02
 3.60301995e+02  4.63856907e+01  3.60301995e+02  1.79999395e+02
 3.63078055e+02  4.63856907e+01  3.63078055e+02  1.79999390e+02
 3.65875504e+02  4.63856907e+01  3.65875504e+02  1.79999385e+02
 3.68694506e+02  4.63856907e+01  3.68694506e+02  1.79999381e+02
 3.71535229e+02  4.63856907e+01  3.71535229e+02  1.79999376e+02
 3.74397839e+02  4.63856907e+01  3.74397839e+02  1.79999371e+02
 3.77282505e+02  4.63856907e+01  3.77282505e+02  1.79999366e+02
 3.80189396e+02  4.63856907e+01  3.80189396e+02  1.79999361e+02
 3.83118685e+02  4.63856907e+01  3.83118685e+02  1.79999356e+02
 3.86070543e+02  4.63856907e+01  3.86070543e+02  1.79999351e+02
 3.89045145e+02  4.63856907e+01  3.89045145e+02  1.79999346e+02
 3.92042666e+02  4.63856907e+01  3.92042666e+02  1.79999341e+02
 3.95063281e+02  4.63856907e+01  3.95063281e+02  1.79999336e+02
 3.98107171e+02  4.63856907e+01  3.98107171e+02  1.79999331e+02
 4.01174512e+02  4.63856907e+01  4.01174512e+02  1.79999326e+02
 4.04265487e+02  4.63856907e+01  4.04265487e+02  1.79999321e+02
 4.07380278e+02  4.63856907e+01  4.07380278e+02  1.79999316e+02
 4.10519067e+02  4.63856907e+01  4.10519067e+02  1.79999310e+02
 4.13682040e+02  4.63856907e+01  4.13682040e+02  1.79999305e+02
 4.16869383e+02  4.63856907e+01  4.16869383e+02  1.79999300e+02
 4.20081285e+02  4.63856907e+01  4.20081285e+02  1.79999294e+02
 4.23317933e+02  4.63856907e+01  4.23317933e+02  1.79999289e+02
 4.26579519e+02  4.63856907e+01  4.26579519e+02  1.79999283e+02
 4.29866235e+02  4.63856907e+01  4.29866235e+02  1.79999278e+02
 4.33178274e+02  4.63856907e+01  4.33178274e+02  1.79999272e+02
 4.36515832e+02  4.63856907e+01  4.36515832e+02  1.79999267e+02
 4.39879106e+02  4.63856907e+01  4.39879106e+02  1.79999261e+02
 4.43268292e+02  4.63856907e+01  4.43268292e+02  1.79999255e+02
 4.46683592e+02  4.63856907e+01  4.46683592e+02  1.79999250e+02
 4.50125206e+02  4.63856907e+01  4.50125206e+02  1.79999244e+02
 4.53593337e+02  4.63856907e+01  4.53593337e+02  1.79999238e+02
 4.57088190e+02  4.63856907e+01  4.57088190e+02  1.79999232e+02
 4.60609969e+02  4.63856907e+01  4.60609969e+02  1.79999226e+02
 4.64158883e+02  4.63856907e+01  4.64158883e+02  1.79999220e+02
 4.67735141e+02  4.63856907e+01  4.67735141e+02  1.79999214e+02
 4.71338954e+02  4.63856907e+01  4.71338954e+02  1.79999208e+02
 4.74970533e+02  4.63856907e+01  4.74970533e+02  1.79999202e+02
 4.78630092e+02  4.63856907e+01  4.78630092e+02  1.79999196e+02
 4.82317848e+02  4.63856907e+01  4.82317848e+02  1.79999190e+02
 4.86034018e+02  4.63856907e+01  4.86034018e+02  1.79999184e+02
 4.89778819e+02  4.63856907e+01  4.89778819e+02  1.79999177e+02
 4.93552474e+02  4.63856907e+01  4.93552474e+02  1.79999171e+02
 4.97355204e+02  4.63856907e+01  4.97355204e+02  1.79999164e+02
 5.01187234e+02  4.63856907e+01  5.01187234e+02  1.79999158e+02
 5.05048788e+02  4.63856907e+01  5.05048788e+02  1.79999152e+02
 5.08940095e+02  4.63856908e+01  5.08940095e+02  1.79999145e+02
 5.12861384e+02  4.63856908e+01  5.12861384e+02  1.79999138e+02
 5.16812886e+02  4.63856908e+01  5.16812886e+02  1.79999132e+02
 5.20794833e+02  4.63856908e+01  5.20794833e+02  1.79999125e+02
 5.24807460e+02  4.63856908e+01  5.24807460e+02  1.79999118e+02
 5.28851004e+02  4.63856908e+01  5.28851004e+02  1.79999112e+02
 5.32925703e+02  4.63856908e+01  5.32925703e+02  1.79999105e+02
 5.37031796e+02  4.63856908e+01  5.37031796e+02  1.79999098e+02
 5.41169527e+02  4.63856908e+01  5.41169527e+02  1.79999091e+02
 5.45339137e+02  4.63856908e+01  5.45339137e+02  1.79999084e+02
 5.49540874e+02  4.63856908e+01  5.49540874e+02  1.79999077e+02
 5.53774984e+02  4.63856908e+01  5.53774984e+02  1.79999070e+02
 5.58041717e+02  4.63856908e+01  5.58041717e+02  1.79999063e+02
 5.62341325e+02  4.63856908e+01  5.62341325e+02  1.79999055e+02
 5.66674061e+02  4.63856908e+01  5.66674061e+02  1.79999048e+02
 5.71040179e+02  4.63856908e+01  5.71040179e+02  1.79999041e+02
 5.75439937e+02  4.63856908e+01  5.75439937e+02  1.79999033e+02
 5.79873595e+02  4.63856908e+01  5.79873595e+02  1.79999026e+02
 5.84341413e+02  4.63856908e+01  5.84341413e+02  1.79999018e+02
 5.88843655e+02  4.63856908e+01  5.88843655e+02  1.79999011e+02
 5.93380586e+02  4.63856908e+01  5.93380586e+02  1.79999003e+02
 5.97952473e+02  4.63856908e+01  5.97952473e+02  1.79998995e+02
 6.02559586e+02  4.63856908e+01  6.02559586e+02  1.79998988e+02
 6.07202196e+02  4.63856908e+01  6.07202196e+02  1.79998980e+02
 6.11880576e+02  4.63856908e+01  6.11880576e+02  1.79998972e+02
 6.16595002e+02  4.63856908e+01  6.16595002e+02  1.79998964e+02
 6.21345752e+02  4.63856909e+01  6.21345752e+02  1.79998956e+02
 6.26133105e+02  4.63856909e+01  6.26133105e+02  1.79998948e+02
 6.30957344e+02  4.63856909e+01  6.30957344e+02  1.79998940e+02
 6.35818754e+02  4.63856909e+01  6.35818754e+02  1.79998932e+02
 6.40717619e+02  4.63856909e+01  6.40717619e+02  1.79998924e+02
 6.45654229e+02  4.63856909e+01  6.45654229e+02  1.79998915e+02
 6.50628875e+02  4.63856909e+01  6.50628875e+02  1.79998907e+02
 6.55641849e+02  4.63856909e+01  6.55641849e+02  1.79998899e+02
 6.60693448e+02  4.63856909e+01  6.60693448e+02  1.79998890e+02
 6.65783968e+02  4.63856909e+01  6.65783968e+02  1.79998882e+02
 6.70913710e+02  4.63856909e+01  6.70913710e+02  1.79998873e+02
 6.76082975e+02  4.63856909e+01  6.76082975e+02  1.79998864e+02
 6.81292069e+02  4.63856909e+01  6.81292069e+02  1.79998855e+02
 6.86541298e+02  4.63856909e+01  6.86541298e+02  1.79998847e+02
 6.91830971e+02  4.63856909e+01  6.91830971e+02  1.79998838e+02
 6.97161400e+02  4.63856909e+01  6.97161400e+02  1.79998829e+02
 7.02532899e+02  4.63856909e+01  7.02532899e+02  1.79998820e+02
 7.07945784e+02  4.63856909e+01  7.07945784e+02  1.79998811e+02
 7.13400375e+02  4.63856909e+01  7.13400375e+02  1.79998802e+02
 7.18896992e+02  4.63856910e+01  7.18896992e+02  1.79998792e+02
 7.24435960e+02  4.63856910e+01  7.24435960e+02  1.79998783e+02
 7.30017605e+02  4.63856910e+01  7.30017605e+02  1.79998774e+02
 7.35642254e+02  4.63856910e+01  7.35642254e+02  1.79998764e+02
 7.41310241e+02  4.63856910e+01  7.41310241e+02  1.79998755e+02
 7.47021899e+02  4.63856910e+01  7.47021899e+02  1.79998745e+02
 7.52777564e+02  4.63856910e+01  7.52777564e+02  1.79998735e+02
 7.58577575e+02  4.63856910e+01  7.58577575e+02  1.79998726e+02
 7.64422274e+02  4.63856910e+01  7.64422274e+02  1.79998716e+02
 7.70312006e+02  4.63856910e+01  7.70312006e+02  1.79998706e+02
 7.76247117e+02  4.63856910e+01  7.76247117e+02  1.79998696e+02
 7.82227956e+02  4.63856910e+01  7.82227956e+02  1.79998686e+02
 7.88254877e+02  4.63856910e+01  7.88254877e+02  1.79998676e+02
 7.94328235e+02  4.63856910e+01  7.94328235e+02  1.79998666e+02
 8.00448386e+02  4.63856910e+01  8.00448386e+02  1.79998655e+02
 8.06615692e+02  4.63856911e+01  8.06615692e+02  1.79998645e+02
 8.12830516e+02  4.63856911e+01  8.12830516e+02  1.79998635e+02
 8.19093224e+02  4.63856911e+01  8.19093224e+02  1.79998624e+02
 8.25404185e+02  4.63856911e+01  8.25404185e+02  1.79998613e+02
 8.31763771e+02  4.63856911e+01  8.31763771e+02  1.79998603e+02
 8.38172356e+02  4.63856911e+01  8.38172356e+02  1.79998592e+02
 8.44630319e+02  4.63856911e+01  8.44630319e+02  1.79998581e+02
 8.51138038e+02  4.63856911e+01  8.51138038e+02  1.79998570e+02
 8.57695899e+02  4.63856911e+01  8.57695899e+02  1.79998559e+02
 8.64304286e+02  4.63856911e+01  8.64304286e+02  1.79998548e+02
 8.70963590e+02  4.63856911e+01  8.70963590e+02  1.79998537e+02
 8.77674203e+02  4.63856911e+01  8.77674203e+02  1.79998526e+02
 8.84436519e+02  4.63856912e+01  8.84436519e+02  1.79998514e+02
 8.91250938e+02  4.63856912e+01  8.91250938e+02  1.79998503e+02
 8.98117861e+02  4.63856912e+01  8.98117861e+02  1.79998491e+02
 9.05037692e+02  4.63856912e+01  9.05037692e+02  1.79998480e+02
 9.12010839e+02  4.63856912e+01  9.12010839e+02  1.79998468e+02
 9.19037713e+02  4.63856912e+01  9.19037713e+02  1.79998456e+02
 9.26118728e+02  4.63856912e+01  9.26118728e+02  1.79998444e+02
 9.33254301e+02  4.63856912e+01  9.33254301e+02  1.79998432e+02
 9.40444852e+02  4.63856912e+01  9.40444852e+02  1.79998420e+02
 9.47690805e+02  4.63856912e+01  9.47690805e+02  1.79998408e+02
 9.54992586e+02  4.63856913e+01  9.54992586e+02  1.79998396e+02
 9.62350626e+02  4.63856913e+01  9.62350626e+02  1.79998383e+02
 9.69765359e+02  4.63856913e+01  9.69765359e+02  1.79998371e+02
 9.77237221e+02  4.63856913e+01  9.77237221e+02  1.79998358e+02
 9.84766652e+02  4.63856913e+01  9.84766652e+02  1.79998346e+02
 9.92354096e+02  4.63856913e+01  9.92354096e+02  1.79998333e+02
 1.00000000e+03  4.63856913e+01  1.00000000e+03  1.79998320e+02
 1.00770481e+03  4.63856913e+01  1.00770481e+03  1.79998307e+02
 1.01546899e+03  4.63856914e+01  1.01546899e+03  1.79998294e+02
 1.02329299e+03  4.63856914e+01  1.02329299e+03  1.79998281e+02
 1.03117727e+03  4.63856914e+01  1.03117727e+03  1.79998268e+02
 1.03912230e+03  4.63856914e+01  1.03912230e+03  1.79998254e+02
 1.04712855e+03  4.63856914e+01  1.04712855e+03  1.79998241e+02
 1.05519648e+03  4.63856914e+01  1.05519648e+03  1.79998227e+02
 1.06332657e+03  4.63856914e+01  1.06332657e+03  1.79998214e+02
 1.07151931e+03  4.63856914e+01  1.07151931e+03  1.79998200e+02
 1.07977516e+03  4.63856915e+01  1.07977516e+03  1.79998186e+02
 1.08809463e+03  4.63856915e+01  1.08809463e+03  1.79998172e+02
 1.09647820e+03  4.63856915e+01  1.09647820e+03  1.79998158e+02
 1.10492636e+03  4.63856915e+01  1.10492636e+03  1.79998144e+02
 1.11343961e+03  4.63856915e+01  1.11343961e+03  1.79998130e+02
 1.12201845e+03  4.63856915e+01  1.12201845e+03  1.79998115e+02
 1.13066340e+03  4.63856915e+01  1.13066340e+03  1.79998101e+02
 1.13937495e+03  4.63856916e+01  1.13937495e+03  1.79998086e+02
 1.14815362e+03  4.63856916e+01  1.14815362e+03  1.79998071e+02
 1.15699993e+03  4.63856916e+01  1.15699993e+03  1.79998056e+02
 1.16591440e+03  4.63856916e+01  1.16591440e+03  1.79998041e+02
 1.17489755e+03  4.63856916e+01  1.17489755e+03  1.79998026e+02
 1.18394992e+03  4.63856916e+01  1.18394992e+03  1.79998011e+02
 1.19307204e+03  4.63856917e+01  1.19307204e+03  1.79997996e+02
 1.20226443e+03  4.63856917e+01  1.20226443e+03  1.79997980e+02
 1.21152766e+03  4.63856917e+01  1.21152766e+03  1.79997965e+02
 1.22086225e+03  4.63856917e+01  1.22086225e+03  1.79997949e+02
 1.23026877e+03  4.63856917e+01  1.23026877e+03  1.79997933e+02
 1.23974776e+03  4.63856917e+01  1.23974776e+03  1.79997917e+02
 1.24929979e+03  4.63856918e+01  1.24929979e+03  1.79997901e+02
 1.25892541e+03  4.63856918e+01  1.25892541e+03  1.79997885e+02
 1.26862520e+03  4.63856918e+01  1.26862520e+03  1.79997869e+02
 1.27839972e+03  4.63856918e+01  1.27839972e+03  1.79997852e+02
 1.28824955e+03  4.63856918e+01  1.28824955e+03  1.79997836e+02
 1.29817528e+03  4.63856919e+01  1.29817528e+03  1.79997819e+02
 1.30817747e+03  4.63856919e+01  1.30817747e+03  1.79997802e+02
 1.31825674e+03  4.63856919e+01  1.31825674e+03  1.79997785e+02
 1.32841366e+03  4.63856919e+01  1.32841366e+03  1.79997768e+02
 1.33864884e+03  4.63856919e+01  1.33864884e+03  1.79997751e+02
 1.34896288e+03  4.63856920e+01  1.34896288e+03  1.79997734e+02
 1.35935639e+03  4.63856920e+01  1.35935639e+03  1.79997716e+02
 1.36982998e+03  4.63856920e+01  1.36982998e+03  1.79997699e+02
 1.38038426e+03  4.63856920e+01  1.38038426e+03  1.79997681e+02
 1.39101987e+03  4.63856921e+01  1.39101987e+03  1.79997663e+02
 1.40173742e+03  4.63856921e+01  1.40173742e+03  1.79997645e+02
 1.41253754e+03  4.63856921e+01  1.41253754e+03  1.79997627e+02
 1.42342088e+03  4.63856921e+01  1.42342088e+03  1.79997609e+02
 1.43438808e+03  4.63856921e+01  1.43438808e+03  1.79997590e+02
 1.44543977e+03  4.63856922e+01  1.44543977e+03  1.79997572e+02
 1.45657662e+03  4.63856922e+01  1.45657662e+03  1.79997553e+02
 1.46779927e+03  4.63856922e+01  1.46779927e+03  1.79997534e+02
 1.47910839e+03  4.63856922e+01  1.47910839e+03  1.79997515e+02
 1.49050464e+03  4.63856923e+01  1.49050464e+03  1.79997496e+02
 1.50198870e+03  4.63856923e+01  1.50198870e+03  1.79997477e+02
 1.51356125e+03  4.63856923e+01  1.51356125e+03  1.79997457e+02
 1.52522296e+03  4.63856924e+01  1.52522296e+03  1.79997438e+02
 1.53697452e+03  4.63856924e+01  1.53697452e+03  1.79997418e+02
 1.54881662e+03  4.63856924e+01  1.54881662e+03  1.79997398e+02
 1.56074996e+03  4.63856924e+01  1.56074996e+03  1.79997378e+02
 1.57277525e+03  4.63856925e+01  1.57277525e+03  1.79997358e+02
 1.58489319e+03  4.63856925e+01  1.58489319e+03  1.79997338e+02
 1.59710450e+03  4.63856925e+01  1.59710450e+03  1.79997317e+02
 1.60940989e+03  4.63856926e+01  1.60940989e+03  1.79997296e+02
 1.62181010e+03  4.63856926e+01  1.62181010e+03  1.79997276e+02
 1.63430584e+03  4.63856926e+01  1.63430584e+03  1.79997255e+02
 1.64689787e+03  4.63856927e+01  1.64689787e+03  1.79997233e+02
 1.65958691e+03  4.63856927e+01  1.65958691e+03  1.79997212e+02
 1.67237372e+03  4.63856927e+01  1.67237372e+03  1.79997191e+02
 1.68525904e+03  4.63856928e+01  1.68525904e+03  1.79997169e+02
 1.69824365e+03  4.63856928e+01  1.69824365e+03  1.79997147e+02
 1.71132830e+03  4.63856928e+01  1.71132830e+03  1.79997125e+02
 1.72451377e+03  4.63856929e+01  1.72451377e+03  1.79997103e+02
 1.73780083e+03  4.63856929e+01  1.73780083e+03  1.79997081e+02
 1.75119026e+03  4.63856929e+01  1.75119026e+03  1.79997058e+02
 1.76468286e+03  4.63856930e+01  1.76468286e+03  1.79997036e+02
 1.77827941e+03  4.63856930e+01  1.77827941e+03  1.79997013e+02
 1.79198072e+03  4.63856930e+01  1.79198072e+03  1.79996990e+02
 1.80578760e+03  4.63856931e+01  1.80578760e+03  1.79996966e+02
 1.81970086e+03  4.63856931e+01  1.81970086e+03  1.79996943e+02
 1.83372132e+03  4.63856932e+01  1.83372132e+03  1.79996920e+02
 1.84784980e+03  4.63856932e+01  1.84784980e+03  1.79996896e+02
 1.86208714e+03  4.63856932e+01  1.86208714e+03  1.79996872e+02
 1.87643417e+03  4.63856933e+01  1.87643417e+03  1.79996848e+02
 1.89089175e+03  4.63856933e+01  1.89089175e+03  1.79996823e+02
 1.90546072e+03  4.63856934e+01  1.90546072e+03  1.79996799e+02
 1.92014194e+03  4.63856934e+01  1.92014194e+03  1.79996774e+02
 1.93493628e+03  4.63856935e+01  1.93493628e+03  1.79996749e+02
 1.94984460e+03  4.63856935e+01  1.94984460e+03  1.79996724e+02
 1.96486779e+03  4.63856935e+01  1.96486779e+03  1.79996699e+02
 1.98000673e+03  4.63856936e+01  1.98000673e+03  1.79996674e+02
 1.99526231e+03  4.63856936e+01  1.99526231e+03  1.79996648e+02
 2.01063544e+03  4.63856937e+01  2.01063544e+03  1.79996622e+02
 2.02612701e+03  4.63856937e+01  2.02612701e+03  1.79996596e+02
 2.04173794e+03  4.63856938e+01  2.04173794e+03  1.79996570e+02
 2.05746916e+03  4.63856938e+01  2.05746916e+03  1.79996544e+02
 2.07332157e+03  4.63856939e+01  2.07332157e+03  1.79996517e+02
 2.08929613e+03  4.63856939e+01  2.08929613e+03  1.79996490e+02
 2.10539377e+03  4.63856940e+01  2.10539377e+03  1.79996463e+02
 2.12161544e+03  4.63856940e+01  2.12161544e+03  1.79996436e+02
 2.13796209e+03  4.63856941e+01  2.13796209e+03  1.79996408e+02
 2.15443469e+03  4.63856941e+01  2.15443469e+03  1.79996381e+02
 2.17103421e+03  4.63856942e+01  2.17103421e+03  1.79996353e+02
 2.18776162e+03  4.63856943e+01  2.18776162e+03  1.79996325e+02
 2.20461792e+03  4.63856943e+01  2.20461792e+03  1.79996296e+02
 2.22160409e+03  4.63856944e+01  2.22160409e+03  1.79996268e+02
 2.23872114e+03  4.63856944e+01  2.23872114e+03  1.79996239e+02
 2.25597007e+03  4.63856945e+01  2.25597007e+03  1.79996210e+02
 2.27335190e+03  4.63856946e+01  2.27335190e+03  1.79996181e+02
 2.29086765e+03  4.63856946e+01  2.29086765e+03  1.79996152e+02
 2.30851836e+03  4.63856947e+01  2.30851836e+03  1.79996122e+02
 2.32630507e+03  4.63856947e+01  2.32630507e+03  1.79996092e+02
 2.34422882e+03  4.63856948e+01  2.34422882e+03  1.79996062e+02
 2.36229066e+03  4.63856949e+01  2.36229066e+03  1.79996032e+02
 2.38049167e+03  4.63856949e+01  2.38049167e+03  1.79996001e+02
 2.39883292e+03  4.63856950e+01  2.39883292e+03  1.79995970e+02
 2.41731548e+03  4.63856951e+01  2.41731548e+03  1.79995939e+02
 2.43594045e+03  4.63856951e+01  2.43594045e+03  1.79995908e+02
 2.45470892e+03  4.63856952e+01  2.45470892e+03  1.79995876e+02
 2.47362199e+03  4.63856953e+01  2.47362199e+03  1.79995845e+02
 2.49268079e+03  4.63856954e+01  2.49268079e+03  1.79995813e+02
 2.51188643e+03  4.63856954e+01  2.51188643e+03  1.79995780e+02
 2.53124005e+03  4.63856955e+01  2.53124005e+03  1.79995748e+02
 2.55074278e+03  4.63856956e+01  2.55074278e+03  1.79995715e+02
 2.57039578e+03  4.63856957e+01  2.57039578e+03  1.79995682e+02
 2.59020020e+03  4.63856957e+01  2.59020020e+03  1.79995649e+02
 2.61015722e+03  4.63856958e+01  2.61015722e+03  1.79995615e+02
 2.63026799e+03  4.63856959e+01  2.63026799e+03  1.79995581e+02
 2.65053372e+03  4.63856960e+01  2.65053372e+03  1.79995547e+02
 2.67095559e+03  4.63856961e+01  2.67095559e+03  1.79995513e+02
 2.69153480e+03  4.63856962e+01  2.69153480e+03  1.79995478e+02
 2.71227258e+03  4.63856962e+01  2.71227258e+03  1.79995444e+02
 2.73317014e+03  4.63856963e+01  2.73317014e+03  1.79995409e+02
 2.75422870e+03  4.63856964e+01  2.75422870e+03  1.79995373e+02
 2.77544952e+03  4.63856965e+01  2.77544952e+03  1.79995338e+02
 2.79683385e+03  4.63856966e+01  2.79683385e+03  1.79995302e+02
 2.81838293e+03  4.63856967e+01  2.81838293e+03  1.79995265e+02
 2.84009805e+03  4.63856968e+01  2.84009805e+03  1.79995229e+02
 2.86198048e+03  4.63856969e+01  2.86198048e+03  1.79995192e+02
 2.88403150e+03  4.63856970e+01  2.88403150e+03  1.79995155e+02
 2.90625243e+03  4.63856971e+01  2.90625243e+03  1.79995118e+02
 2.92864456e+03  4.63856972e+01  2.92864456e+03  1.79995080e+02
 2.95120923e+03  4.63856973e+01  2.95120923e+03  1.79995042e+02
 2.97394775e+03  4.63856974e+01  2.97394775e+03  1.79995004e+02
 2.99686146e+03  4.63856975e+01  2.99686146e+03  1.79994966e+02
 3.01995172e+03  4.63856976e+01  3.01995172e+03  1.79994927e+02
 3.04321989e+03  4.63856977e+01  3.04321989e+03  1.79994888e+02
 3.06666733e+03  4.63856978e+01  3.06666733e+03  1.79994848e+02
 3.09029543e+03  4.63856979e+01  3.09029543e+03  1.79994809e+02
 3.11410558e+03  4.63856981e+01  3.11410558e+03  1.79994769e+02
 3.13809919e+03  4.63856982e+01  3.13809919e+03  1.79994728e+02
 3.16227766e+03  4.63856983e+01  3.16227766e+03  1.79994688e+02
 3.18664242e+03  4.63856984e+01  3.18664242e+03  1.79994647e+02
 3.21119491e+03  4.63856985e+01  3.21119491e+03  1.79994605e+02
 3.23593657e+03  4.63856987e+01  3.23593657e+03  1.79994564e+02
 3.26086886e+03  4.63856988e+01  3.26086886e+03  1.79994522e+02
 3.28599325e+03  4.63856989e+01  3.28599325e+03  1.79994480e+02
 3.31131121e+03  4.63856990e+01  3.31131121e+03  1.79994437e+02
 3.33682425e+03  4.63856992e+01  3.33682425e+03  1.79994394e+02
 3.36253386e+03  4.63856993e+01  3.36253386e+03  1.79994351e+02
 3.38844156e+03  4.63856994e+01  3.38844156e+03  1.79994308e+02
 3.41454887e+03  4.63856996e+01  3.41454887e+03  1.79994264e+02
 3.44085734e+03  4.63856997e+01  3.44085734e+03  1.79994220e+02
 3.46736850e+03  4.63856999e+01  3.46736850e+03  1.79994175e+02
 3.49408393e+03  4.63857000e+01  3.49408393e+03  1.79994130e+02
 3.52100520e+03  4.63857002e+01  3.52100520e+03  1.79994085e+02
 3.54813389e+03  4.63857003e+01  3.54813389e+03  1.79994039e+02
 3.57547160e+03  4.63857005e+01  3.57547160e+03  1.79993994e+02
 3.60301995e+03  4.63857006e+01  3.60301995e+03  1.79993947e+02
 3.63078055e+03  4.63857008e+01  3.63078055e+03  1.79993901e+02
 3.65875504e+03  4.63857009e+01  3.65875504e+03  1.79993854e+02
 3.68694506e+03  4.63857011e+01  3.68694506e+03  1.79993806e+02
 3.71535229e+03  4.63857012e+01  3.71535229e+03  1.79993759e+02
 3.74397839e+03  4.63857014e+01  3.74397839e+03  1.79993710e+02
 3.77282505e+03  4.63857016e+01  3.77282505e+03  1.79993662e+02
 3.80189396e+03  4.63857017e+01  3.80189396e+03  1.79993613e+02
 3.83118685e+03  4.63857019e+01  3.83118685e+03  1.79993564e+02
 3.86070543e+03  4.63857021e+01  3.86070543e+03  1.79993514e+02
 3.89045145e+03  4.63857023e+01  3.89045145e+03  1.79993464e+02
 3.92042666e+03  4.63857025e+01  3.92042666e+03  1.79993414e+02
 3.95063281e+03  4.63857026e+01  3.95063281e+03  1.79993363e+02
 3.98107171e+03  4.63857028e+01  3.98107171e+03  1.79993312e+02
 4.01174512e+03  4.63857030e+01  4.01174512e+03  1.79993261e+02
 4.04265487e+03  4.63857032e+01  4.04265487e+03  1.79993209e+02
 4.07380278e+03  4.63857034e+01  4.07380278e+03  1.79993156e+02
 4.10519067e+03  4.63857036e+01  4.10519067e+03  1.79993104e+02
 4.13682040e+03  4.63857038e+01  4.13682040e+03  1.79993051e+02
 4.16869383e+03  4.63857040e+01  4.16869383e+03  1.79992997e+02
 4.20081285e+03  4.63857042e+01  4.20081285e+03  1.79992943e+02
 4.23317933e+03  4.63857044e+01  4.23317933e+03  1.79992889e+02
 4.26579519e+03  4.63857046e+01  4.26579519e+03  1.79992834e+02
 4.29866235e+03  4.63857049e+01  4.29866235e+03  1.79992779e+02
 4.33178274e+03  4.63857051e+01  4.33178274e+03  1.79992723e+02
 4.36515832e+03  4.63857053e+01  4.36515832e+03  1.79992667e+02
 4.39879106e+03  4.63857055e+01  4.39879106e+03  1.79992610e+02
 4.43268292e+03  4.63857058e+01  4.43268292e+03  1.79992553e+02
 4.46683592e+03  4.63857060e+01  4.46683592e+03  1.79992496e+02
 4.50125206e+03  4.63857062e+01  4.50125206e+03  1.79992438e+02
 4.53593337e+03  4.63857065e+01  4.53593337e+03  1.79992380e+02
 4.57088190e+03  4.63857067e+01  4.57088190e+03  1.79992321e+02
 4.60609969e+03  4.63857070e+01  4.60609969e+03  1.79992262e+02
 4.64158883e+03  4.63857072e+01  4.64158883e+03  1.79992203e+02
 4.67735141e+03  4.63857075e+01  4.67735141e+03  1.79992142e+02
 4.71338954e+03  4.63857078e+01  4.71338954e+03  1.79992082e+02
 4.74970533e+03  4.63857080e+01  4.74970533e+03  1.79992021e+02
 4.78630092e+03  4.63857083e+01  4.78630092e+03  1.79991959e+02
 4.82317848e+03  4.63857086e+01  4.82317848e+03  1.79991897e+02
 4.86034018e+03  4.63857088e+01  4.86034018e+03  1.79991835e+02
 4.89778819e+03  4.63857091e+01  4.89778819e+03  1.79991772e+02
 4.93552474e+03  4.63857094e+01  4.93552474e+03  1.79991709e+02
 4.97355204e+03  4.63857097e+01  4.97355204e+03  1.79991645e+02
 5.01187234e+03  4.63857100e+01  5.01187234e+03  1.79991581e+02
 5.05048788e+03  4.63857103e+01  5.05048788e+03  1.79991516e+02
 5.08940095e+03  4.63857106e+01  5.08940095e+03  1.79991450e+02
 5.12861384e+03  4.63857109e+01  5.12861384e+03  1.79991384e+02
 5.16812886e+03  4.63857112e+01  5.16812886e+03  1.79991318e+02
 5.20794833e+03  4.63857116e+01  5.20794833e+03  1.79991251e+02
 5.24807460e+03  4.63857119e+01  5.24807460e+03  1.79991184e+02
 5.28851004e+03  4.63857122e+01  5.28851004e+03  1.79991116e+02
 5.32925703e+03  4.63857125e+01  5.32925703e+03  1.79991047e+02
 5.37031796e+03  4.63857129e+01  5.37031796e+03  1.79990978e+02
 5.41169527e+03  4.63857132e+01  5.41169527e+03  1.79990909e+02
 5.45339137e+03  4.63857136e+01  5.45339137e+03  1.79990839e+02
 5.49540874e+03  4.63857139e+01  5.49540874e+03  1.79990768e+02
 5.53774984e+03  4.63857143e+01  5.53774984e+03  1.79990697e+02
 5.58041717e+03  4.63857147e+01  5.58041717e+03  1.79990625e+02
 5.62341325e+03  4.63857150e+01  5.62341325e+03  1.79990553e+02
 5.66674061e+03  4.63857154e+01  5.66674061e+03  1.79990480e+02
 5.71040179e+03  4.63857158e+01  5.71040179e+03  1.79990407e+02
 5.75439937e+03  4.63857162e+01  5.75439937e+03  1.79990333e+02
 5.79873595e+03  4.63857166e+01  5.79873595e+03  1.79990259e+02
 5.84341413e+03  4.63857170e+01  5.84341413e+03  1.79990184e+02
 5.88843655e+03  4.63857174e+01  5.88843655e+03  1.79990108e+02
 5.93380586e+03  4.63857178e+01  5.93380586e+03  1.79990032e+02
 5.97952473e+03  4.63857182e+01  5.97952473e+03  1.79989955e+02
 6.02559586e+03  4.63857187e+01  6.02559586e+03  1.79989878e+02
 6.07202196e+03  4.63857191e+01  6.07202196e+03  1.79989800e+02
 6.11880576e+03  4.63857195e+01  6.11880576e+03  1.79989721e+02
 6.16595002e+03  4.63857200e+01  6.16595002e+03  1.79989642e+02
 6.21345752e+03  4.63857204e+01  6.21345752e+03  1.79989562e+02
 6.26133105e+03  4.63857209e+01  6.26133105e+03  1.79989481e+02
 6.30957344e+03  4.63857214e+01  6.30957344e+03  1.79989400e+02
 6.35818754e+03  4.63857219e+01  6.35818754e+03  1.79989319e+02
 6.40717619e+03  4.63857223e+01  6.40717619e+03  1.79989236e+02
 6.45654229e+03  4.63857228e+01  6.45654229e+03  1.79989154e+02
 6.50628875e+03  4.63857233e+01  6.50628875e+03  1.79989070e+02
 6.55641849e+03  4.63857238e+01  6.55641849e+03  1.79988986e+02
 6.60693448e+03  4.63857244e+01  6.60693448e+03  1.79988901e+02
 6.65783968e+03  4.63857249e+01  6.65783968e+03  1.79988815e+02
 6.70913710e+03  4.63857254e+01  6.70913710e+03  1.79988729e+02
 6.76082975e+03  4.63857259e+01  6.76082975e+03  1.79988642e+02
 6.81292069e+03  4.63857265e+01  6.81292069e+03  1.79988555e+02
 6.86541298e+03  4.63857270e+01  6.86541298e+03  1.79988467e+02
 6.91830971e+03  4.63857276e+01  6.91830971e+03  1.79988378e+02
 6.97161400e+03  4.63857282e+01  6.97161400e+03  1.79988288e+02
 7.02532899e+03  4.63857288e+01  7.02532899e+03  1.79988198e+02
 7.07945784e+03  4.63857294e+01  7.07945784e+03  1.79988107e+02
 7.13400375e+03  4.63857300e+01  7.13400375e+03  1.79988015e+02
 7.18896992e+03  4.63857306e+01  7.18896992e+03  1.79987923e+02
 7.24435960e+03  4.63857312e+01  7.24435960e+03  1.79987830e+02
 7.30017605e+03  4.63857318e+01  7.30017605e+03  1.79987736e+02
 7.35642254e+03  4.63857325e+01  7.35642254e+03  1.79987642e+02
 7.41310241e+03  4.63857331e+01  7.41310241e+03  1.79987547e+02
 7.47021899e+03  4.63857338e+01  7.47021899e+03  1.79987451e+02
 7.52777564e+03  4.63857344e+01  7.52777564e+03  1.79987354e+02
 7.58577575e+03  4.63857351e+01  7.58577575e+03  1.79987257e+02
 7.64422274e+03  4.63857358e+01  7.64422274e+03  1.79987158e+02
 7.70312006e+03  4.63857365e+01  7.70312006e+03  1.79987059e+02
 7.76247117e+03  4.63857372e+01  7.76247117e+03  1.79986960e+02
 7.82227956e+03  4.63857379e+01  7.82227956e+03  1.79986859e+02
 7.88254877e+03  4.63857387e+01  7.88254877e+03  1.79986758e+02
 7.94328235e+03  4.63857394e+01  7.94328235e+03  1.79986656e+02
 8.00448386e+03  4.63857402e+01  8.00448386e+03  1.79986553e+02
 8.06615692e+03  4.63857409e+01  8.06615692e+03  1.79986449e+02
 8.12830516e+03  4.63857417e+01  8.12830516e+03  1.79986345e+02
 8.19093224e+03  4.63857425e+01  8.19093224e+03  1.79986240e+02
 8.25404185e+03  4.63857433e+01  8.25404185e+03  1.79986134e+02
 8.31763771e+03  4.63857441e+01  8.31763771e+03  1.79986027e+02
 8.38172356e+03  4.63857449e+01  8.38172356e+03  1.79985919e+02
 8.44630319e+03  4.63857458e+01  8.44630319e+03  1.79985811e+02
 8.51138038e+03  4.63857466e+01  8.51138038e+03  1.79985702e+02
 8.57695899e+03  4.63857475e+01  8.57695899e+03  1.79985591e+02
 8.64304286e+03  4.63857484e+01  8.64304286e+03  1.79985480e+02
 8.70963590e+03  4.63857493e+01  8.70963590e+03  1.79985368e+02
 8.77674203e+03  4.63857502e+01  8.77674203e+03  1.79985256e+02
 8.84436519e+03  4.63857511e+01  8.84436519e+03  1.79985142e+02
 8.91250938e+03  4.63857521e+01  8.91250938e+03  1.79985028e+02
 8.98117861e+03  4.63857530e+01  8.98117861e+03  1.79984912e+02
 9.05037692e+03  4.63857540e+01  9.05037692e+03  1.79984796e+02
 9.12010839e+03  4.63857550e+01  9.12010839e+03  1.79984679e+02
 9.19037713e+03  4.63857559e+01  9.19037713e+03  1.79984561e+02
 9.26118728e+03  4.63857570e+01  9.26118728e+03  1.79984442e+02
 9.33254301e+03  4.63857580e+01  9.33254301e+03  1.79984322e+02
 9.40444852e+03  4.63857590e+01  9.40444852e+03  1.79984201e+02
 9.47690805e+03  4.63857601e+01  9.47690805e+03  1.79984079e+02
 9.54992586e+03  4.63857612e+01  9.54992586e+03  1.79983957e+02
 9.62350626e+03  4.63857623e+01  9.62350626e+03  1.79983833e+02
 9.69765359e+03  4.63857634e+01  9.69765359e+03  1.79983709e+02
 9.77237221e+03  4.63857645e+01  9.77237221e+03  1.79983583e+02
 9.84766652e+03  4.63857656e+01  9.84766652e+03  1.79983457e+02
 9.92354096e+03  4.63857668e+01  9.92354096e+03  1.79983329e+02
 1.00000000e+04  4.63857680e+01  1.00000000e+04  1.79983201e+02
 1.00770481e+04  4.63857692e+01  1.00770481e+04  1.79983071e+02
 1.01546899e+04  4.63857704e+01  1.01546899e+04  1.79982941e+02
 1.02329299e+04  4.63857716e+01  1.02329299e+04  1.79982809e+02
 1.03117727e+04  4.63857729e+01  1.03117727e+04  1.79982677e+02
 1.03912230e+04  4.63857742e+01  1.03912230e+04  1.79982543e+02
 1.04712855e+04  4.63857754e+01  1.04712855e+04  1.79982409e+02
 1.05519648e+04  4.63857768e+01  1.05519648e+04  1.79982273e+02
 1.06332657e+04  4.63857781e+01  1.06332657e+04  1.79982137e+02
 1.07151931e+04  4.63857794e+01  1.07151931e+04  1.79981999e+02
 1.07977516e+04  4.63857808e+01  1.07977516e+04  1.79981860e+02
 1.08809463e+04  4.63857822e+01  1.08809463e+04  1.79981721e+02
 1.09647820e+04  4.63857836e+01  1.09647820e+04  1.79981580e+02
 1.10492636e+04  4.63857851e+01  1.10492636e+04  1.79981438e+02
 1.11343961e+04  4.63857865e+01  1.11343961e+04  1.79981295e+02
 1.12201845e+04  4.63857880e+01  1.12201845e+04  1.79981151e+02
 1.13066340e+04  4.63857895e+01  1.13066340e+04  1.79981006e+02
 1.13937495e+04  4.63857911e+01  1.13937495e+04  1.79980859e+02
 1.14815362e+04  4.63857926e+01  1.14815362e+04  1.79980712e+02
 1.15699993e+04  4.63857942e+01  1.15699993e+04  1.79980563e+02
 1.16591440e+04  4.63857958e+01  1.16591440e+04  1.79980413e+02
 1.17489755e+04  4.63857974e+01  1.17489755e+04  1.79980262e+02
 1.18394992e+04  4.63857991e+01  1.18394992e+04  1.79980110e+02
 1.19307204e+04  4.63858008e+01  1.19307204e+04  1.79979957e+02
 1.20226443e+04  4.63858025e+01  1.20226443e+04  1.79979803e+02
 1.21152766e+04  4.63858042e+01  1.21152766e+04  1.79979647e+02
 1.22086225e+04  4.63858060e+01  1.22086225e+04  1.79979490e+02
 1.23026877e+04  4.63858077e+01  1.23026877e+04  1.79979332e+02
 1.23974776e+04  4.63858096e+01  1.23974776e+04  1.79979173e+02
 1.24929979e+04  4.63858114e+01  1.24929979e+04  1.79979012e+02
 1.25892541e+04  4.63858133e+01  1.25892541e+04  1.79978851e+02
 1.26862520e+04  4.63858152e+01  1.26862520e+04  1.79978688e+02
 1.27839972e+04  4.63858171e+01  1.27839972e+04  1.79978524e+02
 1.28824955e+04  4.63858191e+01  1.28824955e+04  1.79978358e+02
 1.29817528e+04  4.63858210e+01  1.29817528e+04  1.79978191e+02
 1.30817747e+04  4.63858231e+01  1.30817747e+04  1.79978023e+02
 1.31825674e+04  4.63858251e+01  1.31825674e+04  1.79977854e+02
 1.32841366e+04  4.63858272e+01  1.32841366e+04  1.79977683e+02
 1.33864884e+04  4.63858293e+01  1.33864884e+04  1.79977511e+02
 1.34896288e+04  4.63858314e+01  1.34896288e+04  1.79977338e+02
 1.35935639e+04  4.63858336e+01  1.35935639e+04  1.79977163e+02
 1.36982998e+04  4.63858358e+01  1.36982998e+04  1.79976988e+02
 1.38038426e+04  4.63858381e+01  1.38038426e+04  1.79976810e+02
 1.39101987e+04  4.63858404e+01  1.39101987e+04  1.79976632e+02
 1.40173742e+04  4.63858427e+01  1.40173742e+04  1.79976451e+02
 1.41253754e+04  4.63858450e+01  1.41253754e+04  1.79976270e+02
 1.42342088e+04  4.63858474e+01  1.42342088e+04  1.79976087e+02
 1.43438808e+04  4.63858499e+01  1.43438808e+04  1.79975903e+02
 1.44543977e+04  4.63858523e+01  1.44543977e+04  1.79975717e+02
 1.45657662e+04  4.63858548e+01  1.45657662e+04  1.79975530e+02
 1.46779927e+04  4.63858574e+01  1.46779927e+04  1.79975342e+02
 1.47910839e+04  4.63858599e+01  1.47910839e+04  1.79975152e+02
 1.49050464e+04  4.63858626e+01  1.49050464e+04  1.79974960e+02
 1.50198870e+04  4.63858652e+01  1.50198870e+04  1.79974767e+02
 1.51356125e+04  4.63858679e+01  1.51356125e+04  1.79974573e+02
 1.52522296e+04  4.63858707e+01  1.52522296e+04  1.79974377e+02
 1.53697452e+04  4.63858735e+01  1.53697452e+04  1.79974179e+02
 1.54881662e+04  4.63858763e+01  1.54881662e+04  1.79973980e+02
 1.56074996e+04  4.63858792e+01  1.56074996e+04  1.79973780e+02
 1.57277525e+04  4.63858821e+01  1.57277525e+04  1.79973578e+02
 1.58489319e+04  4.63858850e+01  1.58489319e+04  1.79973374e+02
 1.59710450e+04  4.63858880e+01  1.59710450e+04  1.79973169e+02
 1.60940989e+04  4.63858911e+01  1.60940989e+04  1.79972962e+02
 1.62181010e+04  4.63858942e+01  1.62181010e+04  1.79972754e+02
 1.63430584e+04  4.63858974e+01  1.63430584e+04  1.79972544e+02
 1.64689787e+04  4.63859006e+01  1.64689787e+04  1.79972333e+02
 1.65958691e+04  4.63859038e+01  1.65958691e+04  1.79972119e+02
 1.67237372e+04  4.63859071e+01  1.67237372e+04  1.79971905e+02
 1.68525904e+04  4.63859105e+01  1.68525904e+04  1.79971688e+02
 1.69824365e+04  4.63859139e+01  1.69824365e+04  1.79971470e+02
 1.71132830e+04  4.63859173e+01  1.71132830e+04  1.79971250e+02
 1.72451377e+04  4.63859208e+01  1.72451377e+04  1.79971028e+02
 1.73780083e+04  4.63859244e+01  1.73780083e+04  1.79970805e+02
 1.75119026e+04  4.63859280e+01  1.75119026e+04  1.79970580e+02
 1.76468286e+04  4.63859317e+01  1.76468286e+04  1.79970354e+02
 1.77827941e+04  4.63859354e+01  1.77827941e+04  1.79970125e+02
 1.79198072e+04  4.63859392e+01  1.79198072e+04  1.79969895e+02
 1.80578760e+04  4.63859430e+01  1.80578760e+04  1.79969663e+02
 1.81970086e+04  4.63859469e+01  1.81970086e+04  1.79969429e+02
 1.83372132e+04  4.63859509e+01  1.83372132e+04  1.79969194e+02
 1.84784980e+04  4.63859549e+01  1.84784980e+04  1.79968956e+02
 1.86208714e+04  4.63859590e+01  1.86208714e+04  1.79968717e+02
 1.87643417e+04  4.63859632e+01  1.87643417e+04  1.79968476e+02
 1.89089175e+04  4.63859674e+01  1.89089175e+04  1.79968233e+02
 1.90546072e+04  4.63859717e+01  1.90546072e+04  1.79967988e+02
 1.92014194e+04  4.63859760e+01  1.92014194e+04  1.79967742e+02
 1.93493628e+04  4.63859804e+01  1.93493628e+04  1.79967493e+02
 1.94984460e+04  4.63859849e+01  1.94984460e+04  1.79967243e+02
 1.96486779e+04  4.63859895e+01  1.96486779e+04  1.79966990e+02
 1.98000673e+04  4.63859941e+01  1.98000673e+04  1.79966736e+02
 1.99526231e+04  4.63859988e+01  1.99526231e+04  1.79966479e+02
 2.01063544e+04  4.63860036e+01  2.01063544e+04  1.79966221e+02
 2.02612701e+04  4.63860084e+01  2.02612701e+04  1.79965961e+02
 2.04173794e+04  4.63860133e+01  2.04173794e+04  1.79965699e+02
 2.05746916e+04  4.63860183e+01  2.05746916e+04  1.79965434e+02
 2.07332157e+04  4.63860234e+01  2.07332157e+04  1.79965168e+02
 2.08929613e+04  4.63860285e+01  2.08929613e+04  1.79964899e+02
 2.10539377e+04  4.63860338e+01  2.10539377e+04  1.79964629e+02
 2.12161544e+04  4.63860391e+01  2.12161544e+04  1.79964356e+02
 2.13796209e+04  4.63860445e+01  2.13796209e+04  1.79964082e+02
 2.15443469e+04  4.63860499e+01  2.15443469e+04  1.79963805e+02
 2.17103421e+04  4.63860555e+01  2.17103421e+04  1.79963526e+02
 2.18776162e+04  4.63860611e+01  2.18776162e+04  1.79963245e+02
 2.20461792e+04  4.63860669e+01  2.20461792e+04  1.79962962e+02
 2.22160409e+04  4.63860727e+01  2.22160409e+04  1.79962676e+02
 2.23872114e+04  4.63860786e+01  2.23872114e+04  1.79962389e+02
 2.25597007e+04  4.63860846e+01  2.25597007e+04  1.79962099e+02
 2.27335190e+04  4.63860907e+01  2.27335190e+04  1.79961807e+02
 2.29086765e+04  4.63860969e+01  2.29086765e+04  1.79961513e+02
 2.30851836e+04  4.63861032e+01  2.30851836e+04  1.79961216e+02
 2.32630507e+04  4.63861096e+01  2.32630507e+04  1.79960917e+02
 2.34422882e+04  4.63861161e+01  2.34422882e+04  1.79960616e+02
 2.36229066e+04  4.63861226e+01  2.36229066e+04  1.79960312e+02
 2.38049167e+04  4.63861293e+01  2.38049167e+04  1.79960007e+02
 2.39883292e+04  4.63861361e+01  2.39883292e+04  1.79959698e+02
 2.41731548e+04  4.63861430e+01  2.41731548e+04  1.79959388e+02
 2.43594045e+04  4.63861500e+01  2.43594045e+04  1.79959075e+02
 2.45470892e+04  4.63861571e+01  2.45470892e+04  1.79958759e+02
 2.47362199e+04  4.63861643e+01  2.47362199e+04  1.79958442e+02
 2.49268079e+04  4.63861716e+01  2.49268079e+04  1.79958121e+02
 2.51188643e+04  4.63861791e+01  2.51188643e+04  1.79957799e+02
 2.53124005e+04  4.63861866e+01  2.53124005e+04  1.79957473e+02
 2.55074278e+04  4.63861943e+01  2.55074278e+04  1.79957146e+02
 2.57039578e+04  4.63862021e+01  2.57039578e+04  1.79956815e+02
 2.59020020e+04  4.63862100e+01  2.59020020e+04  1.79956483e+02
 2.61015722e+04  4.63862181e+01  2.61015722e+04  1.79956147e+02
 2.63026799e+04  4.63862262e+01  2.63026799e+04  1.79955809e+02
 2.65053372e+04  4.63862345e+01  2.65053372e+04  1.79955469e+02
 2.67095559e+04  4.63862429e+01  2.67095559e+04  1.79955126e+02
 2.69153480e+04  4.63862515e+01  2.69153480e+04  1.79954780e+02
 2.71227258e+04  4.63862601e+01  2.71227258e+04  1.79954431e+02
 2.73317014e+04  4.63862690e+01  2.73317014e+04  1.79954080e+02
 2.75422870e+04  4.63862779e+01  2.75422870e+04  1.79953726e+02
 2.77544952e+04  4.63862870e+01  2.77544952e+04  1.79953370e+02
 2.79683385e+04  4.63862962e+01  2.79683385e+04  1.79953010e+02
 2.81838293e+04  4.63863056e+01  2.81838293e+04  1.79952648e+02
 2.84009805e+04  4.63863151e+01  2.84009805e+04  1.79952283e+02
 2.86198048e+04  4.63863248e+01  2.86198048e+04  1.79951915e+02
 2.88403150e+04  4.63863346e+01  2.88403150e+04  1.79951545e+02
 2.90625243e+04  4.63863445e+01  2.90625243e+04  1.79951171e+02
 2.92864456e+04  4.63863547e+01  2.92864456e+04  1.79950795e+02
 2.95120923e+04  4.63863649e+01  2.95120923e+04  1.79950416e+02
 2.97394775e+04  4.63863754e+01  2.97394775e+04  1.79950034e+02
 2.99686146e+04  4.63863860e+01  2.99686146e+04  1.79949649e+02
 3.01995172e+04  4.63863967e+01  3.01995172e+04  1.79949261e+02
 3.04321989e+04  4.63864076e+01  3.04321989e+04  1.79948870e+02
 3.06666733e+04  4.63864187e+01  3.06666733e+04  1.79948475e+02
 3.09029543e+04  4.63864300e+01  3.09029543e+04  1.79948078e+02
 3.11410558e+04  4.63864414e+01  3.11410558e+04  1.79947678e+02
 3.13809919e+04  4.63864530e+01  3.13809919e+04  1.79947275e+02
 3.16227766e+04  4.63864648e+01  3.16227766e+04  1.79946869e+02
 3.18664242e+04  4.63864768e+01  3.18664242e+04  1.79946459e+02
 3.21119491e+04  4.63864890e+01  3.21119491e+04  1.79946046e+02
 3.23593657e+04  4.63865013e+01  3.23593657e+04  1.79945631e+02
 3.26086886e+04  4.63865139e+01  3.26086886e+04  1.79945212e+02
 3.28599325e+04  4.63865266e+01  3.28599325e+04  1.79944789e+02
 3.31131121e+04  4.63865395e+01  3.31131121e+04  1.79944364e+02
 3.33682425e+04  4.63865527e+01  3.33682425e+04  1.79943935e+02
 3.36253386e+04  4.63865660e+01  3.36253386e+04  1.79943503e+02
 3.38844156e+04  4.63865795e+01  3.38844156e+04  1.79943067e+02
 3.41454887e+04  4.63865933e+01  3.41454887e+04  1.79942629e+02
 3.44085734e+04  4.63866073e+01  3.44085734e+04  1.79942186e+02
 3.46736850e+04  4.63866215e+01  3.46736850e+04  1.79941741e+02
 3.49408393e+04  4.63866358e+01  3.49408393e+04  1.79941292e+02
 3.52100520e+04  4.63866505e+01  3.52100520e+04  1.79940839e+02
 3.54813389e+04  4.63866653e+01  3.54813389e+04  1.79940383e+02
 3.57547160e+04  4.63866804e+01  3.57547160e+04  1.79939924e+02
 3.60301995e+04  4.63866957e+01  3.60301995e+04  1.79939461e+02
 3.63078055e+04  4.63867113e+01  3.63078055e+04  1.79938994e+02
 3.65875504e+04  4.63867271e+01  3.65875504e+04  1.79938524e+02
 3.68694506e+04  4.63867431e+01  3.68694506e+04  1.79938050e+02
 3.71535229e+04  4.63867594e+01  3.71535229e+04  1.79937572e+02
 3.74397839e+04  4.63867759e+01  3.74397839e+04  1.79937091e+02
 3.77282505e+04  4.63867927e+01  3.77282505e+04  1.79936606e+02
 3.80189396e+04  4.63868098e+01  3.80189396e+04  1.79936118e+02
 3.83118685e+04  4.63868271e+01  3.83118685e+04  1.79935625e+02
 3.86070543e+04  4.63868447e+01  3.86070543e+04  1.79935129e+02
 3.89045145e+04  4.63868625e+01  3.89045145e+04  1.79934629e+02
 3.92042666e+04  4.63868806e+01  3.92042666e+04  1.79934125e+02
 3.95063281e+04  4.63868991e+01  3.95063281e+04  1.79933617e+02
 3.98107171e+04  4.63869178e+01  3.98107171e+04  1.79933105e+02
 4.01174512e+04  4.63869367e+01  4.01174512e+04  1.79932590e+02
 4.04265487e+04  4.63869560e+01  4.04265487e+04  1.79932070e+02
 4.07380278e+04  4.63869756e+01  4.07380278e+04  1.79931547e+02
 4.10519067e+04  4.63869954e+01  4.10519067e+04  1.79931019e+02
 4.13682040e+04  4.63870157e+01  4.13682040e+04  1.79930487e+02
 4.16869383e+04  4.63870362e+01  4.16869383e+04  1.79929951e+02
 4.20081285e+04  4.63870570e+01  4.20081285e+04  1.79929411e+02
 4.23317933e+04  4.63870781e+01  4.23317933e+04  1.79928867e+02
 4.26579519e+04  4.63870996e+01  4.26579519e+04  1.79928319e+02
 4.29866235e+04  4.63871214e+01  4.29866235e+04  1.79927766e+02
 4.33178274e+04  4.63871435e+01  4.33178274e+04  1.79927209e+02
 4.36515832e+04  4.63871660e+01  4.36515832e+04  1.79926648e+02
 4.39879106e+04  4.63871889e+01  4.39879106e+04  1.79926082e+02
 4.43268292e+04  4.63872120e+01  4.43268292e+04  1.79925513e+02
 4.46683592e+04  4.63872355e+01  4.46683592e+04  1.79924938e+02
 4.50125206e+04  4.63872594e+01  4.50125206e+04  1.79924360e+02
 4.53593337e+04  4.63872837e+01  4.53593337e+04  1.79923776e+02
 4.57088190e+04  4.63873083e+01  4.57088190e+04  1.79923189e+02
 4.60609969e+04  4.63873334e+01  4.60609969e+04  1.79922597e+02
 4.64158883e+04  4.63873588e+01  4.64158883e+04  1.79922000e+02
 4.67735141e+04  4.63873846e+01  4.67735141e+04  1.79921398e+02
 4.71338954e+04  4.63874108e+01  4.71338954e+04  1.79920792e+02
 4.74970533e+04  4.63874374e+01  4.74970533e+04  1.79920182e+02
 4.78630092e+04  4.63874644e+01  4.78630092e+04  1.79919566e+02
 4.82317848e+04  4.63874919e+01  4.82317848e+04  1.79918946e+02
 4.86034018e+04  4.63875197e+01  4.86034018e+04  1.79918321e+02
 4.89778819e+04  4.63875481e+01  4.89778819e+04  1.79917691e+02
 4.93552474e+04  4.63875768e+01  4.93552474e+04  1.79917057e+02
 4.97355204e+04  4.63876060e+01  4.97355204e+04  1.79916417e+02
 5.01187234e+04  4.63876356e+01  5.01187234e+04  1.79915773e+02
 5.05048788e+04  4.63876657e+01  5.05048788e+04  1.79915123e+02
 5.08940095e+04  4.63876962e+01  5.08940095e+04  1.79914469e+02
 5.12861384e+04  4.63877273e+01  5.12861384e+04  1.79913809e+02
 5.16812886e+04  4.63877588e+01  5.16812886e+04  1.79913145e+02
 5.20794833e+04  4.63877908e+01  5.20794833e+04  1.79912475e+02
 5.24807460e+04  4.63878233e+01  5.24807460e+04  1.79911800e+02
 5.28851004e+04  4.63878563e+01  5.28851004e+04  1.79911120e+02
 5.32925703e+04  4.63878898e+01  5.32925703e+04  1.79910434e+02
 5.37031796e+04  4.63879238e+01  5.37031796e+04  1.79909744e+02
 5.41169527e+04  4.63879584e+01  5.41169527e+04  1.79909048e+02
 5.45339137e+04  4.63879935e+01  5.45339137e+04  1.79908346e+02
 5.49540874e+04  4.63880291e+01  5.49540874e+04  1.79907639e+02
 5.53774984e+04  4.63880653e+01  5.53774984e+04  1.79906927e+02
 5.58041717e+04  4.63881020e+01  5.58041717e+04  1.79906209e+02
 5.62341325e+04  4.63881393e+01  5.62341325e+04  1.79905486e+02
 5.66674061e+04  4.63881772e+01  5.66674061e+04  1.79904757e+02
 5.71040179e+04  4.63882157e+01  5.71040179e+04  1.79904022e+02
 5.75439937e+04  4.63882547e+01  5.75439937e+04  1.79903282e+02
 5.79873595e+04  4.63882944e+01  5.79873595e+04  1.79902536e+02
 5.84341413e+04  4.63883347e+01  5.84341413e+04  1.79901785e+02
 5.88843655e+04  4.63883756e+01  5.88843655e+04  1.79901027e+02
 5.93380586e+04  4.63884171e+01  5.93380586e+04  1.79900264e+02
 5.97952473e+04  4.63884593e+01  5.97952473e+04  1.79899494e+02
 6.02559586e+04  4.63885021e+01  6.02559586e+04  1.79898719e+02
 6.07202196e+04  4.63885456e+01  6.07202196e+04  1.79897938e+02
 6.11880576e+04  4.63885898e+01  6.11880576e+04  1.79897151e+02
 6.16595002e+04  4.63886346e+01  6.16595002e+04  1.79896357e+02
 6.21345752e+04  4.63886802e+01  6.21345752e+04  1.79895558e+02
 6.26133105e+04  4.63887265e+01  6.26133105e+04  1.79894752e+02
 6.30957344e+04  4.63887735e+01  6.30957344e+04  1.79893940e+02
 6.35818754e+04  4.63888212e+01  6.35818754e+04  1.79893122e+02
 6.40717619e+04  4.63888696e+01  6.40717619e+04  1.79892297e+02
 6.45654229e+04  4.63889187e+01  6.45654229e+04  1.79891467e+02
 6.50628875e+04  4.63889687e+01  6.50628875e+04  1.79890629e+02
 6.55641849e+04  4.63890194e+01  6.55641849e+04  1.79889785e+02
 6.60693448e+04  4.63890709e+01  6.60693448e+04  1.79888935e+02
 6.65783968e+04  4.63891233e+01  6.65783968e+04  1.79888078e+02
 6.70913710e+04  4.63891763e+01  6.70913710e+04  1.79887215e+02
 6.76082975e+04  4.63892303e+01  6.76082975e+04  1.79886345e+02
 6.81292069e+04  4.63892851e+01  6.81292069e+04  1.79885468e+02
 6.86541298e+04  4.63893407e+01  6.86541298e+04  1.79884584e+02
 6.91830971e+04  4.63893971e+01  6.91830971e+04  1.79883693e+02
 6.97161400e+04  4.63894544e+01  6.97161400e+04  1.79882796e+02
 7.02532899e+04  4.63895128e+01  7.02532899e+04  1.79881891e+02
 7.07945784e+04  4.63895719e+01  7.07945784e+04  1.79880980e+02
 7.13400375e+04  4.63896319e+01  7.13400375e+04  1.79880062e+02
 7.18896992e+04  4.63896929e+01  7.18896992e+04  1.79879136e+02
 7.24435960e+04  4.63897549e+01  7.24435960e+04  1.79878203e+02
 7.30017605e+04  4.63898178e+01  7.30017605e+04  1.79877263e+02
 7.35642254e+04  4.63898816e+01  7.35642254e+04  1.79876316e+02
 7.41310241e+04  4.63899464e+01  7.41310241e+04  1.79875361e+02
 7.47021899e+04  4.63900122e+01  7.47021899e+04  1.79874399e+02
 7.52777564e+04  4.63900791e+01  7.52777564e+04  1.79873430e+02
 7.58577575e+04  4.63901471e+01  7.58577575e+04  1.79872453e+02
 7.64422274e+04  4.63902160e+01  7.64422274e+04  1.79871469e+02
 7.70312006e+04  4.63902860e+01  7.70312006e+04  1.79870477e+02
 7.76247117e+04  4.63903571e+01  7.76247117e+04  1.79869477e+02
 7.82227956e+04  4.63904293e+01  7.82227956e+04  1.79868469e+02
 7.88254877e+04  4.63905027e+01  7.88254877e+04  1.79867454e+02
 7.94328235e+04  4.63905772e+01  7.94328235e+04  1.79866431e+02
 8.00448386e+04  4.63906527e+01  8.00448386e+04  1.79865399e+02
 8.06615692e+04  4.63907295e+01  8.06615692e+04  1.79864360e+02
 8.12830516e+04  4.63908075e+01  8.12830516e+04  1.79863313e+02
 8.19093224e+04  4.63908867e+01  8.19093224e+04  1.79862258e+02
 8.25404185e+04  4.63909670e+01  8.25404185e+04  1.79861194e+02
 8.31763771e+04  4.63910487e+01  8.31763771e+04  1.79860123e+02
 8.38172356e+04  4.63911316e+01  8.38172356e+04  1.79859043e+02
 8.44630319e+04  4.63912159e+01  8.44630319e+04  1.79857954e+02
 8.51138038e+04  4.63913012e+01  8.51138038e+04  1.79856857e+02
 8.57695899e+04  4.63913882e+01  8.57695899e+04  1.79855752e+02
 8.64304286e+04  4.63914763e+01  8.64304286e+04  1.79854638e+02
 8.70963590e+04  4.63915658e+01  8.70963590e+04  1.79853515e+02
 8.77674203e+04  4.63916568e+01  8.77674203e+04  1.79852384e+02
 8.84436519e+04  4.63917491e+01  8.84436519e+04  1.79851244e+02
 8.91250938e+04  4.63918428e+01  8.91250938e+04  1.79850095e+02
 8.98117861e+04  4.63919381e+01  8.98117861e+04  1.79848937e+02
 9.05037692e+04  4.63920348e+01  9.05037692e+04  1.79847770e+02
 9.12010839e+04  4.63921327e+01  9.12010839e+04  1.79846594e+02
 9.19037713e+04  4.63922326e+01  9.19037713e+04  1.79845409e+02
 9.26118728e+04  4.63923337e+01  9.26118728e+04  1.79844215e+02
 9.33254301e+04  4.63924367e+01  9.33254301e+04  1.79843012e+02
 9.40444852e+04  4.63925409e+01  9.40444852e+04  1.79841799e+02
 9.47690805e+04  4.63926470e+01  9.47690805e+04  1.79840576e+02
 9.54992586e+04  4.63927546e+01  9.54992586e+04  1.79839345e+02
 9.62350626e+04  4.63928640e+01  9.62350626e+04  1.79838103e+02
 9.69765359e+04  4.63929749e+01  9.69765359e+04  1.79836852e+02
 9.77237221e+04  4.63930878e+01  9.77237221e+04  1.79835592e+02
 9.84766652e+04  4.63932022e+01  9.84766652e+04  1.79834321e+02
 9.92354096e+04  4.63933185e+01  9.92354096e+04  1.79833041e+02
 1.00000000e+05  4.63934366e+01  1.00000000e+05  1.79831750e+02
 1.00770481e+05  4.63935565e+01  1.00770481e+05  1.79830450e+02
 1.01546899e+05  4.63936781e+01  1.01546899e+05  1.79829140e+02
 1.02329299e+05  4.63938016e+01  1.02329299e+05  1.79827819e+02
 1.03117727e+05  4.63939272e+01  1.03117727e+05  1.79826488e+02
 1.03912230e+05  4.63940546e+01  1.03912230e+05  1.79825147e+02
 1.04712855e+05  4.63941842e+01  1.04712855e+05  1.79823795e+02
 1.05519648e+05  4.63943157e+01  1.05519648e+05  1.79822433e+02
 1.06332657e+05  4.63944491e+01  1.06332657e+05  1.79821060e+02
 1.07151931e+05  4.63945847e+01  1.07151931e+05  1.79819676e+02
 1.07977516e+05  4.63947225e+01  1.07977516e+05  1.79818282e+02
 1.08809463e+05  4.63948621e+01  1.08809463e+05  1.79816877e+02
 1.09647820e+05  4.63950042e+01  1.09647820e+05  1.79815461e+02
 1.10492636e+05  4.63951481e+01  1.10492636e+05  1.79814033e+02
 1.11343961e+05  4.63952947e+01  1.11343961e+05  1.79812595e+02
 1.12201845e+05  4.63954433e+01  1.12201845e+05  1.79811146e+02
 1.13066340e+05  4.63955943e+01  1.13066340e+05  1.79809685e+02
 1.13937495e+05  4.63957474e+01  1.13937495e+05  1.79808213e+02
 1.14815362e+05  4.63959030e+01  1.14815362e+05  1.79806729e+02
 1.15699993e+05  4.63960612e+01  1.15699993e+05  1.79805234e+02
 1.16591440e+05  4.63962218e+01  1.16591440e+05  1.79803727e+02
 1.17489755e+05  4.63963846e+01  1.17489755e+05  1.79802208e+02
 1.18394992e+05  4.63965502e+01  1.18394992e+05  1.79800678e+02
 1.19307204e+05  4.63967184e+01  1.19307204e+05  1.79799135e+02
 1.20226443e+05  4.63968889e+01  1.20226443e+05  1.79797581e+02
 1.21152766e+05  4.63970624e+01  1.21152766e+05  1.79796014e+02
 1.22086225e+05  4.63972382e+01  1.22086225e+05  1.79794435e+02
 1.23026877e+05  4.63974169e+01  1.23026877e+05  1.79792844e+02
 1.23974776e+05  4.63975986e+01  1.23974776e+05  1.79791240e+02
 1.24929979e+05  4.63977831e+01  1.24929979e+05  1.79789624e+02
 1.25892541e+05  4.63979704e+01  1.25892541e+05  1.79787995e+02
 1.26862520e+05  4.63981604e+01  1.26862520e+05  1.79786354e+02
 1.27839972e+05  4.63983533e+01  1.27839972e+05  1.79784699e+02
 1.28824955e+05  4.63985492e+01  1.28824955e+05  1.79783032e+02
 1.29817528e+05  4.63987485e+01  1.29817528e+05  1.79781352e+02
 1.30817747e+05  4.63989502e+01  1.30817747e+05  1.79779658e+02
 1.31825674e+05  4.63991558e+01  1.31825674e+05  1.79777951e+02
 1.32841366e+05  4.63993643e+01  1.32841366e+05  1.79776231e+02
 1.33864884e+05  4.63995762e+01  1.33864884e+05  1.79774498e+02
 1.34896288e+05  4.63997908e+01  1.34896288e+05  1.79772751e+02
 1.35935639e+05  4.64000092e+01  1.35935639e+05  1.79770990e+02
 1.36982998e+05  4.64002309e+01  1.36982998e+05  1.79769215e+02
 1.38038426e+05  4.64004563e+01  1.38038426e+05  1.79767426e+02
 1.39101987e+05  4.64006846e+01  1.39101987e+05  1.79765624e+02
 1.40173742e+05  4.64009169e+01  1.40173742e+05  1.79763807e+02
 1.41253754e+05  4.64011525e+01  1.41253754e+05  1.79761976e+02
 1.42342088e+05  4.64013919e+01  1.42342088e+05  1.79760131e+02
 1.43438808e+05  4.64016350e+01  1.43438808e+05  1.79758271e+02
 1.44543977e+05  4.64018818e+01  1.44543977e+05  1.79756397e+02
 1.45657662e+05  4.64021326e+01  1.45657662e+05  1.79754507e+02
 1.46779927e+05  4.64023872e+01  1.46779927e+05  1.79752603e+02
 1.47910839e+05  4.64026457e+01  1.47910839e+05  1.79750684e+02
 1.49050464e+05  4.64029083e+01  1.49050464e+05  1.79748751e+02
 1.50198870e+05  4.64031746e+01  1.50198870e+05  1.79746801e+02
 1.51356125e+05  4.64034455e+01  1.51356125e+05  1.79744837e+02
 1.52522296e+05  4.64037206e+01  1.52522296e+05  1.79742857e+02
 1.53697452e+05  4.64039996e+01  1.53697452e+05  1.79740861e+02
 1.54881662e+05  4.64042833e+01  1.54881662e+05  1.79738850e+02
 1.56074996e+05  4.64045710e+01  1.56074996e+05  1.79736822e+02
 1.57277525e+05  4.64048636e+01  1.57277525e+05  1.79734779e+02
 1.58489319e+05  4.64051605e+01  1.58489319e+05  1.79732720e+02
 1.59710450e+05  4.64054616e+01  1.59710450e+05  1.79730644e+02
 1.60940989e+05  4.64057683e+01  1.60940989e+05  1.79728553e+02
 1.62181010e+05  4.64060791e+01  1.62181010e+05  1.79726444e+02
 1.63430584e+05  4.64063950e+01  1.63430584e+05  1.79724319e+02
 1.64689787e+05  4.64067155e+01  1.64689787e+05  1.79722178e+02
 1.65958691e+05  4.64070415e+01  1.65958691e+05  1.79720019e+02
 1.67237372e+05  4.64073714e+01  1.67237372e+05  1.79717843e+02
 1.68525904e+05  4.64077075e+01  1.68525904e+05  1.79715650e+02
 1.69824365e+05  4.64080481e+01  1.69824365e+05  1.79713440e+02
 1.71132830e+05  4.64083949e+01  1.71132830e+05  1.79711212e+02
 1.72451377e+05  4.64087467e+01  1.72451377e+05  1.79708967e+02
 1.73780083e+05  4.64091039e+01  1.73780083e+05  1.79706704e+02
 1.75119026e+05  4.64094665e+01  1.75119026e+05  1.79704423e+02
 1.76468286e+05  4.64098344e+01  1.76468286e+05  1.79702123e+02
 1.77827941e+05  4.64102086e+01  1.77827941e+05  1.79699806e+02
 1.79198072e+05  4.64105885e+01  1.79198072e+05  1.79697470e+02
 1.80578760e+05  4.64109737e+01  1.80578760e+05  1.79695116e+02
 1.81970086e+05  4.64113657e+01  1.81970086e+05  1.79692743e+02
 1.83372132e+05  4.64117632e+01  1.83372132e+05  1.79690351e+02
 1.84784980e+05  4.64121673e+01  1.84784980e+05  1.79687941e+02
 1.86208714e+05  4.64125777e+01  1.86208714e+05  1.79685510e+02
 1.87643417e+05  4.64129946e+01  1.87643417e+05  1.79683061e+02
 1.89089175e+05  4.64134175e+01  1.89089175e+05  1.79680592e+02
 1.90546072e+05  4.64138472e+01  1.90546072e+05  1.79678104e+02
 1.92014194e+05  4.64142829e+01  1.92014194e+05  1.79675596e+02
 1.93493628e+05  4.64147260e+01  1.93493628e+05  1.79673067e+02
 1.94984460e+05  4.64151765e+01  1.94984460e+05  1.79670519e+02
 1.96486779e+05  4.64156325e+01  1.96486779e+05  1.79667950e+02
 1.98000673e+05  4.64160966e+01  1.98000673e+05  1.79665361e+02
 1.99526231e+05  4.64165683e+01  1.99526231e+05  1.79662751e+02
 2.01063544e+05  4.64170457e+01  2.01063544e+05  1.79660120e+02
 2.02612701e+05  4.64175323e+01  2.02612701e+05  1.79657469e+02
 2.04173794e+05  4.64180262e+01  2.04173794e+05  1.79654796e+02
 2.05746916e+05  4.64185268e+01  2.05746916e+05  1.79652101e+02
 2.07332157e+05  4.64190362e+01  2.07332157e+05  1.79649386e+02
 2.08929613e+05  4.64195524e+01  2.08929613e+05  1.79646647e+02
 2.10539377e+05  4.64200769e+01  2.10539377e+05  1.79643888e+02
 2.12161544e+05  4.64206096e+01  2.12161544e+05  1.79641106e+02
 2.13796209e+05  4.64211514e+01  2.13796209e+05  1.79638303e+02
 2.15443469e+05  4.64217014e+01  2.15443469e+05  1.79635475e+02
 2.17103421e+05  4.64222600e+01  2.17103421e+05  1.79632627e+02
 2.18776162e+05  4.64228264e+01  2.18776162e+05  1.79629754e+02
 2.20461792e+05  4.64234024e+01  2.20461792e+05  1.79626859e+02
 2.22160409e+05  4.64239860e+01  2.22160409e+05  1.79623940e+02
 2.23872114e+05  4.64245798e+01  2.23872114e+05  1.79620998e+02
 2.25597007e+05  4.64251839e+01  2.25597007e+05  1.79618033e+02
 2.27335190e+05  4.64257955e+01  2.27335190e+05  1.79615043e+02
 2.29086765e+05  4.64264177e+01  2.29086765e+05  1.79612029e+02
 2.30851836e+05  4.64270487e+01  2.30851836e+05  1.79608991e+02
 2.32630507e+05  4.64276899e+01  2.32630507e+05  1.79605927e+02
 2.34422882e+05  4.64283414e+01  2.34422882e+05  1.79602840e+02
 2.36229066e+05  4.64290029e+01  2.36229066e+05  1.79599728e+02
 2.38049167e+05  4.64296747e+01  2.38049167e+05  1.79596590e+02
 2.39883292e+05  4.64303567e+01  2.39883292e+05  1.79593427e+02
 2.41731548e+05  4.64310496e+01  2.41731548e+05  1.79590238e+02
 2.43594045e+05  4.64317528e+01  2.43594045e+05  1.79587023e+02
 2.45470892e+05  4.64324673e+01  2.45470892e+05  1.79583782e+02
 2.47362199e+05  4.64331933e+01  2.47362199e+05  1.79580514e+02
 2.49268079e+05  4.64339293e+01  2.49268079e+05  1.79577221e+02
 2.51188643e+05  4.64346783e+01  2.51188643e+05  1.79573901e+02
 2.53124005e+05  4.64354378e+01  2.53124005e+05  1.79570553e+02
 2.55074278e+05  4.64362096e+01  2.55074278e+05  1.79567177e+02
 2.57039578e+05  4.64369934e+01  2.57039578e+05  1.79563775e+02
 2.59020020e+05  4.64377889e+01  2.59020020e+05  1.79560344e+02
 2.61015722e+05  4.64385978e+01  2.61015722e+05  1.79556886e+02
 2.63026799e+05  4.64394177e+01  2.63026799e+05  1.79553399e+02
 2.65053372e+05  4.64402518e+01  2.65053372e+05  1.79549883e+02
 2.67095559e+05  4.64410987e+01  2.67095559e+05  1.79546340e+02
 2.69153480e+05  4.64419581e+01  2.69153480e+05  1.79542766e+02
 2.71227258e+05  4.64428318e+01  2.71227258e+05  1.79539164e+02
 2.73317014e+05  4.64437192e+01  2.73317014e+05  1.79535533e+02
 2.75422870e+05  4.64446199e+01  2.75422870e+05  1.79531870e+02
 2.77544952e+05  4.64455337e+01  2.77544952e+05  1.79528178e+02
 2.79683385e+05  4.64464625e+01  2.79683385e+05  1.79524454e+02
 2.81838293e+05  4.64474063e+01  2.81838293e+05  1.79520701e+02
 2.84009805e+05  4.64483645e+01  2.84009805e+05  1.79516917e+02
 2.86198048e+05  4.64493366e+01  2.86198048e+05  1.79513100e+02
 2.88403150e+05  4.64503252e+01  2.88403150e+05  1.79509252e+02
 2.90625243e+05  4.64513282e+01  2.90625243e+05  1.79505373e+02
 2.92864456e+05  4.64523479e+01  2.92864456e+05  1.79501462e+02
 2.95120923e+05  4.64533834e+01  2.95120923e+05  1.79497517e+02
 2.97394775e+05  4.64544345e+01  2.97394775e+05  1.79493540e+02
 2.99686146e+05  4.64555029e+01  2.99686146e+05  1.79489532e+02
 3.01995172e+05  4.64565867e+01  3.01995172e+05  1.79485488e+02
 3.04321989e+05  4.64576871e+01  3.04321989e+05  1.79481411e+02
 3.06666733e+05  4.64588052e+01  3.06666733e+05  1.79477298e+02
 3.09029543e+05  4.64599413e+01  3.09029543e+05  1.79473153e+02
 3.11410558e+05  4.64610946e+01  3.11410558e+05  1.79468972e+02
 3.13809919e+05  4.64622668e+01  3.13809919e+05  1.79464759e+02
 3.16227766e+05  4.64634572e+01  3.16227766e+05  1.79460506e+02
 3.18664242e+05  4.64646648e+01  3.18664242e+05  1.79456221e+02
 3.21119491e+05  4.64658916e+01  3.21119491e+05  1.79451896e+02
 3.23593657e+05  4.64671368e+01  3.23593657e+05  1.79447537e+02
 3.26086886e+05  4.64684026e+01  3.26086886e+05  1.79443142e+02
 3.28599325e+05  4.64696884e+01  3.28599325e+05  1.79438708e+02
 3.31131121e+05  4.64709958e+01  3.31131121e+05  1.79434238e+02
 3.33682425e+05  4.64723202e+01  3.33682425e+05  1.79429728e+02
 3.36253386e+05  4.64736684e+01  3.36253386e+05  1.79425182e+02
 3.38844156e+05  4.64750365e+01  3.38844156e+05  1.79420597e+02
 3.41454887e+05  4.64764257e+01  3.41454887e+05  1.79415973e+02
 3.44085734e+05  4.64778344e+01  3.44085734e+05  1.79411310e+02
 3.46736850e+05  4.64792685e+01  3.46736850e+05  1.79406605e+02
 3.49408393e+05  4.64807262e+01  3.49408393e+05  1.79401862e+02
 3.52100520e+05  4.64822011e+01  3.52100520e+05  1.79397076e+02
 3.54813389e+05  4.64837021e+01  3.54813389e+05  1.79392250e+02
 3.57547160e+05  4.64852285e+01  3.57547160e+05  1.79387383e+02
 3.60301995e+05  4.64867749e+01  3.60301995e+05  1.79382473e+02
 3.63078055e+05  4.64883495e+01  3.63078055e+05  1.79377523e+02
 3.65875504e+05  4.64899454e+01  3.65875504e+05  1.79372528e+02
 3.68694506e+05  4.64915692e+01  3.68694506e+05  1.79367492e+02
 3.71535229e+05  4.64932166e+01  3.71535229e+05  1.79362412e+02
 3.74397839e+05  4.64948890e+01  3.74397839e+05  1.79357288e+02
 3.77282505e+05  4.64965918e+01  3.77282505e+05  1.79352117e+02
 3.80189396e+05  4.64983162e+01  3.80189396e+05  1.79346903e+02
 3.83118685e+05  4.65000700e+01  3.83118685e+05  1.79341644e+02
 3.86070543e+05  4.65018510e+01  3.86070543e+05  1.79336339e+02
 3.89045145e+05  4.65036597e+01  3.89045145e+05  1.79330985e+02
 3.92042666e+05  4.65054969e+01  3.92042666e+05  1.79325590e+02
 3.95063281e+05  4.65073637e+01  3.95063281e+05  1.79320142e+02
 3.98107171e+05  4.65092598e+01  3.98107171e+05  1.79314646e+02
 4.01174512e+05  4.65111856e+01  4.01174512e+05  1.79309108e+02
 4.04265487e+05  4.65131391e+01  4.04265487e+05  1.79303515e+02
 4.07380278e+05  4.65151261e+01  4.07380278e+05  1.79297872e+02
 4.10519067e+05  4.65171430e+01  4.10519067e+05  1.79292181e+02
 4.13682040e+05  4.65191903e+01  4.13682040e+05  1.79286436e+02
 4.16869383e+05  4.65212738e+01  4.16869383e+05  1.79280648e+02
 4.20081285e+05  4.65233881e+01  4.20081285e+05  1.79274802e+02
 4.23317933e+05  4.65255352e+01  4.23317933e+05  1.79268911e+02
 4.26579519e+05  4.65277132e+01  4.26579519e+05  1.79262955e+02
 4.29866235e+05  4.65299296e+01  4.29866235e+05  1.79256959e+02
 4.33178274e+05  4.65321778e+01  4.33178274e+05  1.79250897e+02
 4.36515832e+05  4.65344644e+01  4.36515832e+05  1.79244786e+02
 4.39879106e+05  4.65367870e+01  4.39879106e+05  1.79238620e+02
 4.43268292e+05  4.65391416e+01  4.43268292e+05  1.79232399e+02
 4.46683592e+05  4.65415344e+01  4.46683592e+05  1.79226117e+02
 4.50125206e+05  4.65439696e+01  4.50125206e+05  1.79219788e+02
 4.53593337e+05  4.65464408e+01  4.53593337e+05  1.79213389e+02
 4.57088190e+05  4.65489506e+01  4.57088190e+05  1.79206939e+02
 4.60609969e+05  4.65514971e+01  4.60609969e+05  1.79200425e+02
 4.64158883e+05  4.65540897e+01  4.64158883e+05  1.79193861e+02
 4.67735141e+05  4.65567168e+01  4.67735141e+05  1.79187231e+02
 4.71338954e+05  4.65593872e+01  4.71338954e+05  1.79180533e+02
 4.74970533e+05  4.65621040e+01  4.74970533e+05  1.79173783e+02
 4.78630092e+05  4.65648605e+01  4.78630092e+05  1.79166964e+02
 4.82317848e+05  4.65676611e+01  4.82317848e+05  1.79160087e+02
 4.86034018e+05  4.65705047e+01  4.86034018e+05  1.79153143e+02
 4.89778819e+05  4.65733965e+01  4.89778819e+05  1.79146136e+02
 4.93552474e+05  4.65763288e+01  4.93552474e+05  1.79139061e+02
 4.97355204e+05  4.65793150e+01  4.97355204e+05  1.79131925e+02
 5.01187234e+05  4.65823381e+01  5.01187234e+05  1.79124706e+02
 5.05048788e+05  4.65854174e+01  5.05048788e+05  1.79117435e+02
 5.08940095e+05  4.65885393e+01  5.08940095e+05  1.79110092e+02
 5.12861384e+05  4.65917153e+01  5.12861384e+05  1.79102677e+02
 5.16812886e+05  4.65949382e+01  5.16812886e+05  1.79095189e+02
 5.20794833e+05  4.65982155e+01  5.20794833e+05  1.79087637e+02
 5.24807460e+05  4.66015434e+01  5.24807460e+05  1.79080007e+02
 5.28851004e+05  4.66049254e+01  5.28851004e+05  1.79072302e+02
 5.32925703e+05  4.66083585e+01  5.32925703e+05  1.79064532e+02
 5.37031796e+05  4.66118459e+01  5.37031796e+05  1.79056681e+02
 5.41169527e+05  4.66153955e+01  5.41169527e+05  1.79048749e+02
 5.45339137e+05  4.66189913e+01  5.45339137e+05  1.79040741e+02
 5.49540874e+05  4.66226467e+01  5.49540874e+05  1.79032659e+02
 5.53774984e+05  4.66263643e+01  5.53774984e+05  1.79024505e+02
 5.58041717e+05  4.66301445e+01  5.58041717e+05  1.79016257e+02
 5.62341325e+05  4.66339745e+01  5.62341325e+05  1.79007938e+02
 5.66674061e+05  4.66378713e+01  5.66674061e+05  1.78999540e+02
 5.71040179e+05  4.66418269e+01  5.71040179e+05  1.78991047e+02
 5.75439937e+05  4.66458482e+01  5.75439937e+05  1.78982473e+02
 5.79873595e+05  4.66499373e+01  5.79873595e+05  1.78973823e+02
 5.84341413e+05  4.66540868e+01  5.84341413e+05  1.78965087e+02
 5.88843655e+05  4.66582991e+01  5.88843655e+05  1.78956249e+02
 5.93380586e+05  4.66625870e+01  5.93380586e+05  1.78947329e+02
 5.97952473e+05  4.66669396e+01  5.97952473e+05  1.78938316e+02
 6.02559586e+05  4.66713591e+01  6.02559586e+05  1.78929216e+02
 6.07202196e+05  4.66758502e+01  6.07202196e+05  1.78920022e+02
 6.11880576e+05  4.66804184e+01  6.11880576e+05  1.78910742e+02
 6.16595002e+05  4.66850489e+01  6.16595002e+05  1.78901351e+02
 6.21345752e+05  4.66897607e+01  6.21345752e+05  1.78891883e+02
 6.26133105e+05  4.66945461e+01  6.26133105e+05  1.78882290e+02
 6.30957344e+05  4.66994090e+01  6.30957344e+05  1.78872624e+02
 6.35818754e+05  4.67043511e+01  6.35818754e+05  1.78862848e+02
 6.40717619e+05  4.67093712e+01  6.40717619e+05  1.78852972e+02
 6.45654229e+05  4.67144730e+01  6.45654229e+05  1.78842987e+02
 6.50628875e+05  4.67196569e+01  6.50628875e+05  1.78832900e+02
 6.55641849e+05  4.67249212e+01  6.55641849e+05  1.78822703e+02
 6.60693448e+05  4.67302783e+01  6.60693448e+05  1.78812409e+02
 6.65783968e+05  4.67357018e+01  6.65783968e+05  1.78801982e+02
 6.70913710e+05  4.67412342e+01  6.70913710e+05  1.78791472e+02
 6.76082975e+05  4.67468486e+01  6.76082975e+05  1.78780836e+02
 6.81292069e+05  4.67525482e+01  6.81292069e+05  1.78770073e+02
 6.86541298e+05  4.67583507e+01  6.86541298e+05  1.78759233e+02
 6.91830971e+05  4.67642349e+01  6.91830971e+05  1.78748239e+02
 6.97161400e+05  4.67702279e+01  6.97161400e+05  1.78737132e+02
 7.02532899e+05  4.67763070e+01  7.02532899e+05  1.78725912e+02
 7.07945784e+05  4.67824781e+01  7.07945784e+05  1.78714557e+02
 7.13400375e+05  4.67887595e+01  7.13400375e+05  1.78703072e+02
 7.18896992e+05  4.67951459e+01  7.18896992e+05  1.78691485e+02
 7.24435960e+05  4.68016263e+01  7.24435960e+05  1.78679749e+02
 7.30017605e+05  4.68082144e+01  7.30017605e+05  1.78667887e+02
 7.35642254e+05  4.68149185e+01  7.35642254e+05  1.78655905e+02
 7.41310241e+05  4.68217188e+01  7.41310241e+05  1.78643748e+02
 7.47021899e+05  4.68286309e+01  7.47021899e+05  1.78631478e+02
 7.52777564e+05  4.68356600e+01  7.52777564e+05  1.78619087e+02
 7.58577575e+05  4.68428032e+01  7.58577575e+05  1.78606524e+02
 7.64422274e+05  4.68500629e+01  7.64422274e+05  1.78593850e+02
 7.70312006e+05  4.68574427e+01  7.70312006e+05  1.78580994e+02
 7.76247117e+05  4.68649400e+01  7.76247117e+05  1.78568001e+02
 7.82227956e+05  4.68725550e+01  7.82227956e+05  1.78554834e+02
 7.88254877e+05  4.68803080e+01  7.88254877e+05  1.78541563e+02
 7.94328235e+05  4.68881691e+01  7.94328235e+05  1.78528097e+02
 8.00448386e+05  4.68961802e+01  8.00448386e+05  1.78514475e+02
 8.06615692e+05  4.69043114e+01  8.06615692e+05  1.78500717e+02
 8.12830516e+05  4.69125699e+01  8.12830516e+05  1.78486743e+02
 8.19093224e+05  4.69209711e+01  8.19093224e+05  1.78472675e+02
 8.25404185e+05  4.69295159e+01  8.25404185e+05  1.78458408e+02
 8.31763771e+05  4.69381973e+01  8.31763771e+05  1.78443947e+02
 8.38172356e+05  4.69470196e+01  8.38172356e+05  1.78429286e+02
 8.44630319e+05  4.69559823e+01  8.44630319e+05  1.78414475e+02
 8.51138038e+05  4.69650945e+01  8.51138038e+05  1.78399524e+02
 8.57695899e+05  4.69743663e+01  8.57695899e+05  1.78384317e+02
 8.64304286e+05  4.69837820e+01  8.64304286e+05  1.78368987e+02
 8.70963590e+05  4.69933590e+01  8.70963590e+05  1.78353379e+02
 8.77674203e+05  4.70030939e+01  8.77674203e+05  1.78337596e+02
 8.84436519e+05  4.70129927e+01  8.84436519e+05  1.78321701e+02
 8.91250938e+05  4.70230383e+01  8.91250938e+05  1.78305497e+02
 8.98117861e+05  4.70332807e+01  8.98117861e+05  1.78289123e+02
 9.05037692e+05  4.70436686e+01  9.05037692e+05  1.78272562e+02
 9.12010839e+05  4.70542433e+01  9.12010839e+05  1.78255783e+02
 9.19037713e+05  4.70649968e+01  9.19037713e+05  1.78238787e+02
 9.26118728e+05  4.70759165e+01  9.26118728e+05  1.78221504e+02
 9.33254301e+05  4.70870273e+01  9.33254301e+05  1.78204091e+02
 9.40444852e+05  4.70983229e+01  9.40444852e+05  1.78186357e+02
 9.47690805e+05  4.71097975e+01  9.47690805e+05  1.78168389e+02
 9.54992586e+05  4.71214792e+01  9.54992586e+05  1.78150255e+02
 9.62350626e+05  4.71333633e+01  9.62350626e+05  1.78131813e+02
 9.69765359e+05  4.71454241e+01  9.69765359e+05  1.78113131e+02
 9.77237221e+05  4.71577031e+01  9.77237221e+05  1.78094163e+02
 9.84766652e+05  4.71701900e+01  9.84766652e+05  1.78075057e+02
 9.92354096e+05  4.71828888e+01  9.92354096e+05  1.78055597e+02
 1.00000000e+06  4.71958060e+01  1.00000000e+06  1.78035825e+02
 1.00770481e+06  4.72089243e+01  1.00770481e+06  1.78015838e+02
 1.01546899e+06  4.72222732e+01  1.01546899e+06  1.77995523e+02
 1.02329299e+06  4.72358614e+01  1.02329299e+06  1.77974985e+02
 1.03117727e+06  4.72496826e+01  1.03117727e+06  1.77954115e+02
 1.03912230e+06  4.72637134e+01  1.03912230e+06  1.77932925e+02
 1.04712855e+06  4.72779974e+01  1.04712855e+06  1.77911429e+02
 1.05519648e+06  4.72925130e+01  1.05519648e+06  1.77889627e+02
 1.06332657e+06  4.73073033e+01  1.06332657e+06  1.77867502e+02
 1.07151931e+06  4.73223521e+01  1.07151931e+06  1.77845095e+02
 1.07977516e+06  4.73376368e+01  1.07977516e+06  1.77822320e+02
 1.08809463e+06  4.73531896e+01  1.08809463e+06  1.77799204e+02
 1.09647820e+06  4.73690150e+01  1.09647820e+06  1.77775774e+02
 1.10492636e+06  4.73851156e+01  1.10492636e+06  1.77751918e+02
 1.11343961e+06  4.74014892e+01  1.11343961e+06  1.77727784e+02
 1.12201845e+06  4.74181326e+01  1.12201845e+06  1.77703202e+02
 1.13066340e+06  4.74350937e+01  1.13066340e+06  1.77678250e+02
 1.13937495e+06  4.74523415e+01  1.13937495e+06  1.77652901e+02
 1.14815362e+06  4.74698751e+01  1.14815362e+06  1.77627166e+02
 1.15699993e+06  4.74877329e+01  1.15699993e+06  1.77601036e+02
 1.16591440e+06  4.75058865e+01  1.16591440e+06  1.77574436e+02
 1.17489755e+06  4.75243819e+01  1.17489755e+06  1.77547452e+02
 1.18394992e+06  4.75431571e+01  1.18394992e+06  1.77520021e+02
 1.19307204e+06  4.75623209e+01  1.19307204e+06  1.77492157e+02
 1.20226443e+06  4.75818058e+01  1.20226443e+06  1.77463839e+02
 1.21152766e+06  4.76016269e+01  1.21152766e+06  1.77434978e+02
 1.22086225e+06  4.76217938e+01  1.22086225e+06  1.77405782e+02
 1.23026877e+06  4.76423302e+01  1.23026877e+06  1.77376098e+02
 1.23974776e+06  4.76632261e+01  1.23974776e+06  1.77345706e+02
 1.24929979e+06  4.76844946e+01  1.24929979e+06  1.77314911e+02
 1.25892541e+06  4.77061326e+01  1.25892541e+06  1.77283576e+02
 1.26862520e+06  4.77281990e+01  1.26862520e+06  1.77251713e+02
 1.27839972e+06  4.77506358e+01  1.27839972e+06  1.77219286e+02
 1.28824955e+06  4.77734820e+01  1.28824955e+06  1.77186295e+02
 1.29817528e+06  4.77967252e+01  1.29817528e+06  1.77152734e+02
 1.30817747e+06  4.78203801e+01  1.30817747e+06  1.77118493e+02
 1.31825674e+06  4.78445100e+01  1.31825674e+06  1.77083707e+02
 1.32841366e+06  4.78690663e+01  1.32841366e+06  1.77048154e+02
 1.33864884e+06  4.78940529e+01  1.33864884e+06  1.77012270e+02
 1.34896288e+06  4.79195032e+01  1.34896288e+06  1.76975368e+02
 1.35935639e+06  4.79454081e+01  1.35935639e+06  1.76937956e+02
 1.36982998e+06  4.79718106e+01  1.36982998e+06  1.76899878e+02
 1.38038426e+06  4.79987053e+01  1.38038426e+06  1.76860953e+02
 1.39101987e+06  4.80260895e+01  1.39101987e+06  1.76821284e+02
 1.40173742e+06  4.80539865e+01  1.40173742e+06  1.76780919e+02
 1.41253754e+06  4.80823914e+01  1.41253754e+06  1.76739661e+02
 1.42342088e+06  4.81113278e+01  1.42342088e+06  1.76697685e+02
 1.43438808e+06  4.81408395e+01  1.43438808e+06  1.76654988e+02
 1.44543977e+06  4.81708652e+01  1.44543977e+06  1.76611198e+02
 1.45657662e+06  4.82014851e+01  1.45657662e+06  1.76566623e+02
 1.46779927e+06  4.82326550e+01  1.46779927e+06  1.76521180e+02
 1.47910839e+06  4.82644332e+01  1.47910839e+06  1.76474916e+02
 1.49050464e+06  4.82968289e+01  1.49050464e+06  1.76427393e+02
 1.50198870e+06  4.83298537e+01  1.50198870e+06  1.76379040e+02
 1.51356125e+06  4.83634990e+01  1.51356125e+06  1.76329649e+02
 1.52522296e+06  4.83978142e+01  1.52522296e+06  1.76279182e+02
 1.53697452e+06  4.84327573e+01  1.53697452e+06  1.76227639e+02
 1.54881662e+06  4.84683864e+01  1.54881662e+06  1.76175161e+02
 1.56074996e+06  4.85047316e+01  1.56074996e+06  1.76121161e+02
 1.57277525e+06  4.85417826e+01  1.57277525e+06  1.76066294e+02
 1.58489319e+06  4.85795591e+01  1.58489319e+06  1.76010065e+02
 1.59710450e+06  4.86180533e+01  1.59710450e+06  1.75952678e+02
 1.60940989e+06  4.86573352e+01  1.60940989e+06  1.75893815e+02
 1.62181010e+06  4.86974245e+01  1.62181010e+06  1.75833597e+02
 1.63430584e+06  4.87383081e+01  1.63430584e+06  1.75771999e+02
 1.64689787e+06  4.87799880e+01  1.64689787e+06  1.75709160e+02
 1.65958691e+06  4.88225034e+01  1.65958691e+06  1.75644669e+02
 1.67237372e+06  4.88659348e+01  1.67237372e+06  1.75578573e+02
 1.68525904e+06  4.89102141e+01  1.68525904e+06  1.75510940e+02
 1.69824365e+06  4.89554009e+01  1.69824365e+06  1.75441599e+02
 1.71132830e+06  4.90014568e+01  1.71132830e+06  1.75370764e+02
 1.72451377e+06  4.90485728e+01  1.72451377e+06  1.75297899e+02
 1.73780083e+06  4.90966141e+01  1.73780083e+06  1.75223288e+02
 1.75119026e+06  4.91456430e+01  1.75119026e+06  1.75146604e+02
 1.76468286e+06  4.91956995e+01  1.76468286e+06  1.75068168e+02
 1.77827941e+06  4.92468754e+01  1.77827941e+06  1.74987426e+02
 1.79198072e+06  4.92990515e+01  1.79198072e+06  1.74904715e+02
 1.80578760e+06  4.93524366e+01  1.80578760e+06  1.74819752e+02
 1.81970086e+06  4.94068989e+01  1.81970086e+06  1.74732589e+02
 1.83372132e+06  4.94625565e+01  1.83372132e+06  1.74643039e+02
 1.84784980e+06  4.95194129e+01  1.84784980e+06  1.74550765e+02
 1.86208714e+06  4.95775450e+01  1.86208714e+06  1.74456230e+02
 1.87643417e+06  4.96368898e+01  1.87643417e+06  1.74358892e+02
 1.89089175e+06  4.96975914e+01  1.89089175e+06  1.74258746e+02
 1.90546072e+06  4.97596221e+01  1.90546072e+06  1.74155681e+02
 1.92014194e+06  4.98230735e+01  1.92014194e+06  1.74049430e+02
 1.93493628e+06  4.98879659e+01  1.93493628e+06  1.73940091e+02
 1.94984460e+06  4.99543217e+01  1.94984460e+06  1.73827302e+02
 1.96486779e+06  5.00221703e+01  1.96486779e+06  1.73711286e+02
 1.98000673e+06  5.00916213e+01  1.98000673e+06  1.73591551e+02
 1.99526231e+06  5.01625417e+01  1.99526231e+06  1.73468438e+02
 2.01063544e+06  5.02352821e+01  2.01063544e+06  1.73340817e+02
 2.02612701e+06  5.03096514e+01  2.02612701e+06  1.73209408e+02
 2.04173794e+06  5.03858213e+01  2.04173794e+06  1.73073547e+02
 2.05746916e+06  5.04638406e+01  2.05746916e+06  1.72933502e+02
 2.07332157e+06  5.05437134e+01  2.07332157e+06  1.72788106e+02
 2.08929613e+06  5.06254443e+01  2.08929613e+06  1.72638393e+02
 2.10539377e+06  5.07093191e+01  2.10539377e+06  1.72482964e+02
 2.12161544e+06  5.07951532e+01  2.12161544e+06  1.72322257e+02
 2.13796209e+06  5.08831301e+01  2.13796209e+06  1.72156096e+02
 2.15443469e+06  5.09732850e+01  2.15443469e+06  1.71983400e+02
 2.17103421e+06  5.10658179e+01  2.17103421e+06  1.71804607e+02
 2.18776162e+06  5.11606575e+01  2.18776162e+06  1.71619063e+02
 2.20461792e+06  5.12579495e+01  2.20461792e+06  1.71426583e+02
 2.22160409e+06  5.13577980e+01  2.22160409e+06  1.71226392e+02
 2.23872114e+06  5.14602213e+01  2.23872114e+06  1.71018584e+02
 2.25597007e+06  5.15654191e+01  2.25597007e+06  1.70802346e+02
 2.27335190e+06  5.16733961e+01  2.27335190e+06  1.70577308e+02
 2.29086765e+06  5.17843464e+01  2.29086765e+06  1.70342791e+02
 2.30851836e+06  5.18983037e+01  2.30851836e+06  1.70098453e+02
 2.32630507e+06  5.20153898e+01  2.32630507e+06  1.69843599e+02
 2.34422882e+06  5.21357591e+01  2.34422882e+06  1.69577978e+02
 2.36229066e+06  5.22595593e+01  2.36229066e+06  1.69299986e+02
 2.38049167e+06  5.23867989e+01  2.38049167e+06  1.69009562e+02
 2.39883292e+06  5.25177632e+01  2.39883292e+06  1.68705714e+02
 2.41731548e+06  5.26524817e+01  2.41731548e+06  1.68387821e+02
 2.43594045e+06  5.27912419e+01  2.43594045e+06  1.68054183e+02
 2.45470892e+06  5.29341598e+01  2.45470892e+06  1.67704080e+02
 2.47362199e+06  5.30814643e+01  2.47362199e+06  1.67336375e+02
 2.49268079e+06  5.32329957e+01  2.49268079e+06  1.66950277e+02
 2.51188643e+06  5.33894789e+01  2.51188643e+06  1.66543337e+02
 2.53124005e+06  5.35506378e+01  2.53124005e+06  1.66114881e+02
 2.55074278e+06  5.37169259e+01  2.55074278e+06  1.65663025e+02
 2.57039578e+06  5.38887298e+01  2.57039578e+06  1.65185249e+02
 2.59020020e+06  5.40658701e+01  2.59020020e+06  1.64680334e+02
 2.61015722e+06  5.42488378e+01  2.61015722e+06  1.64145755e+02
 2.63026799e+06  5.44377854e+01  2.63026799e+06  1.63578824e+02
 2.65053372e+06  5.46330902e+01  2.65053372e+06  1.62976921e+02
 2.67095559e+06  5.48349511e+01  2.67095559e+06  1.62336779e+02
 2.69153480e+06  5.50436139e+01  2.69153480e+06  1.61655033e+02
 2.71227258e+06  5.52594238e+01  2.71227258e+06  1.60927670e+02
 2.73317014e+06  5.54827160e+01  2.73317014e+06  1.60150211e+02
 2.75422870e+06  5.57136563e+01  2.75422870e+06  1.59318050e+02
 2.77544952e+06  5.59524984e+01  2.77544952e+06  1.58425785e+02
 2.79683385e+06  5.61996255e+01  2.79683385e+06  1.57467105e+02
 2.81838293e+06  5.64553495e+01  2.81838293e+06  1.56434878e+02
 2.84009805e+06  5.67196512e+01  2.84009805e+06  1.55321568e+02
 2.86198048e+06  5.69930255e+01  2.86198048e+06  1.54118147e+02
 2.88403150e+06  5.72751778e+01  2.88403150e+06  1.52814906e+02
 2.90625243e+06  5.75663922e+01  2.90625243e+06  1.51400420e+02
 2.92864456e+06  5.78663008e+01  2.92864456e+06  1.49862292e+02
 2.95120923e+06  5.81746709e+01  2.95120923e+06  1.48186258e+02
 2.97394775e+06  5.84909629e+01  2.97394775e+06  1.46356393e+02
 2.99686146e+06  5.88141957e+01  2.99686146e+06  1.44355341e+02
 3.01995172e+06  5.91429200e+01  3.01995172e+06  1.42163962e+02
 3.04321989e+06  5.94753357e+01  3.04321989e+06  1.39761498e+02
 3.06666733e+06  5.98085866e+01  3.06666733e+06  1.37126730e+02
 3.09029543e+06  6.01395053e+01  3.09029543e+06  1.34236898e+02
 3.11410558e+06  6.04633724e+01  3.11410558e+06  1.31071320e+02
 3.13809919e+06  6.07746760e+01  3.13809919e+06  1.27611260e+02
 3.16227766e+06  6.10663560e+01  3.16227766e+06  1.23843577e+02
 3.18664242e+06  6.13303692e+01  3.18664242e+06  1.19763001e+02
 3.21119491e+06  6.15573041e+01  3.21119491e+06  1.15376898e+02
 3.23593657e+06  6.17375728e+01  3.23593657e+06  1.10707427e+02
 3.26086886e+06  6.18619451e+01  3.26086886e+06  1.05794713e+02
 3.28599325e+06  6.19219031e+01  3.28599325e+06  1.00697766e+02
 3.31131121e+06  6.19118930e+01  3.31131121e+06  9.54908974e+01
 3.33682425e+06  6.18287496e+01  3.33682425e+06  9.02592882e+01
 3.36253386e+06  6.16735942e+01  3.36253386e+06  8.50905326e+01
 3.38844156e+06  6.14502005e+01  3.38844156e+06  8.00660545e+01
 3.41454887e+06  6.11660008e+01  3.41454887e+06  7.52538691e+01
 3.44085734e+06  6.08298522e+01  3.44085734e+06  7.07050789e+01
 3.46736850e+06  6.04513190e+01  3.46736850e+06  6.64519678e+01
 3.49408393e+06  6.00397992e+01  3.49408393e+06  6.25095947e+01
 3.52100520e+06  5.96041705e+01  3.52100520e+06  5.88796781e+01
 3.54813389e+06  5.91521142e+01  3.54813389e+06  5.55530286e+01
 3.57547160e+06  5.86900584e+01  3.57547160e+06  5.25135544e+01
 3.60301995e+06  5.82229309e+01  3.60301995e+06  4.97416195e+01
 3.63078055e+06  5.77551748e+01  3.63078055e+06  4.72155174e+01
 3.65875504e+06  5.72894461e+01  3.65875504e+06  4.49126098e+01
 3.68694506e+06  5.68284980e+01  3.68694506e+06  4.28126517e+01
 3.71535229e+06  5.63735310e+01  3.71535229e+06  4.08948790e+01
 3.74397839e+06  5.59261479e+01  3.74397839e+06  3.91409303e+01
 3.77282505e+06  5.54868263e+01  3.77282505e+06  3.75342901e+01
 3.80189396e+06  5.50559771e+01  3.80189396e+06  3.60593516e+01
 3.83118685e+06  5.46341191e+01  3.83118685e+06  3.47037196e+01
 3.86070543e+06  5.42213524e+01  3.86070543e+06  3.34545663e+01
 3.89045145e+06  5.38172490e+01  3.89045145e+06  3.23007466e+01
 3.92042666e+06  5.34220736e+01  3.92042666e+06  3.12337645e+01
 3.95063281e+06  5.30357541e+01  3.95063281e+06  3.02455882e+01
 3.98107171e+06  5.26573700e+01  3.98107171e+06  2.93274366e+01
 4.01174512e+06  5.22871924e+01  4.01174512e+06  2.84732786e+01
 4.04265487e+06  5.19250314e+01  4.04265487e+06  2.76778924e+01
 4.07380278e+06  5.15706653e+01  4.07380278e+06  2.69361565e+01
 4.10519067e+06  5.12234774e+01  4.10519067e+06  2.62423371e+01
 4.13682040e+06  5.08829394e+01  4.13682040e+06  2.55926852e+01
 4.16869383e+06  5.05493032e+01  4.16869383e+06  2.49837693e+01
 4.20081285e+06  5.02219349e+01  4.20081285e+06  2.44118606e+01
 4.23317933e+06  4.99011750e+01  4.23317933e+06  2.38753383e+01
 4.26579519e+06  4.95861405e+01  4.26579519e+06  2.33692811e+01
 4.29866235e+06  4.92765310e+01  4.29866235e+06  2.28926012e+01
 4.33178274e+06  4.89724997e+01  4.33178274e+06  2.24430322e+01
 4.36515832e+06  4.86736099e+01  4.36515832e+06  2.20191518e+01
 4.39879106e+06  4.83798870e+01  4.39879106e+06  2.16178336e+01
 4.43268292e+06  4.80909547e+01  4.43268292e+06  2.12392829e+01
 4.46683592e+06  4.78064785e+01  4.46683592e+06  2.08794546e+01
 4.50125206e+06  4.75265503e+01  4.50125206e+06  2.05391612e+01
 4.53593337e+06  4.72506150e+01  4.53593337e+06  2.02161388e+01
 4.57088190e+06  4.69786459e+01  4.57088190e+06  1.99090758e+01
 4.60609969e+06  4.67108384e+01  4.60609969e+06  1.96188787e+01
 4.64158883e+06  4.64466508e+01  4.64158883e+06  1.93422832e+01
 4.67735141e+06  4.61861536e+01  4.67735141e+06  1.90789695e+01
 4.71338954e+06  4.59293588e+01  4.71338954e+06  1.88298101e+01
 4.74970533e+06  4.56755661e+01  4.74970533e+06  1.85924538e+01
 4.78630092e+06  4.54248550e+01  4.78630092e+06  1.83653561e+01
 4.82317848e+06  4.51772929e+01  4.82317848e+06  1.81496882e+01
 4.86034018e+06  4.49326879e+01  4.86034018e+06  1.79445082e+01
 4.89778819e+06  4.46913278e+01  4.89778819e+06  1.77487470e+01
 4.93552474e+06  4.44523757e+01  4.93552474e+06  1.75616669e+01
 4.97355204e+06  4.42161032e+01  4.97355204e+06  1.73829080e+01
 5.01187234e+06  4.39826541e+01  5.01187234e+06  1.72132182e+01
 5.05048788e+06  4.37512579e+01  5.05048788e+06  1.70507157e+01
 5.08940095e+06  4.35224372e+01  5.08940095e+06  1.68952290e+01
 5.12861384e+06  4.32958474e+01  5.12861384e+06  1.67478792e+01
 5.16812886e+06  4.30718379e+01  5.16812886e+06  1.66077876e+01
 5.20794833e+06  4.28498720e+01  5.20794833e+06  1.64722347e+01
 5.24807460e+06  4.26293870e+01  5.24807460e+06  1.63450246e+01
 5.28851004e+06  4.24114526e+01  5.28851004e+06  1.62218850e+01
 5.32925703e+06  4.21953078e+01  5.32925703e+06  1.61061148e+01
 5.37031796e+06  4.19811623e+01  5.37031796e+06  1.59956188e+01
 5.41169527e+06  4.17689697e+01  5.41169527e+06  1.58901356e+01
 5.45339137e+06  4.15585712e+01  5.45339137e+06  1.57878798e+01
 5.49540874e+06  4.13495184e+01  5.49540874e+06  1.56905810e+01
 5.53774984e+06  4.11425827e+01  5.53774984e+06  1.56006476e+01
 5.58041717e+06  4.09370514e+01  5.58041717e+06  1.55124737e+01
 5.62341325e+06  4.07331284e+01  5.62341325e+06  1.54290923e+01
 5.66674061e+06  4.05307854e+01  5.66674061e+06  1.53515355e+01
 5.71040179e+06  4.03296507e+01  5.71040179e+06  1.52764698e+01
 5.75439937e+06  4.01301942e+01  5.75439937e+06  1.52042612e+01
 5.79873595e+06  3.99319500e+01  5.79873595e+06  1.51387846e+01
 5.84341413e+06  3.97349382e+01  5.84341413e+06  1.50744561e+01
 5.88843655e+06  3.95398849e+01  5.88843655e+06  1.50110611e+01
 5.93380586e+06  3.93453182e+01  5.93380586e+06  1.49571073e+01
 5.97952473e+06  3.91524737e+01  5.97952473e+06  1.49032880e+01
 6.02559586e+06  3.89605277e+01  6.02559586e+06  1.48522601e+01
 6.07202196e+06  3.87701878e+01  6.07202196e+06  1.48052809e+01
 6.11880576e+06  3.85801086e+01  6.11880576e+06  1.47609685e+01
 6.16595002e+06  3.83923796e+01  6.16595002e+06  1.47188654e+01
 6.21345752e+06  3.82048191e+01  6.21345752e+06  1.46804463e+01
 6.26133105e+06  3.80183513e+01  6.26133105e+06  1.46470251e+01
 6.30957344e+06  3.78331907e+01  6.30957344e+06  1.46112719e+01
 6.35818754e+06  3.76490551e+01  6.35818754e+06  1.45778953e+01
 6.40717619e+06  3.74657301e+01  6.40717619e+06  1.45482802e+01
 6.45654229e+06  3.72831067e+01  6.45654229e+06  1.45249941e+01
 6.50628875e+06  3.71011809e+01  6.50628875e+06  1.45022333e+01
 6.55641849e+06  3.69208405e+01  6.55641849e+06  1.44825714e+01
 6.60693448e+06  3.67408227e+01  6.60693448e+06  1.44607132e+01
 6.65783968e+06  3.65619617e+01  6.65783968e+06  1.44437839e+01
 6.70913710e+06  3.63843973e+01  6.70913710e+06  1.44310769e+01
 6.76082975e+06  3.62074085e+01  6.76082975e+06  1.44193447e+01
 6.81292069e+06  3.60309651e+01  6.81292069e+06  1.44088008e+01
 6.86541298e+06  3.58547516e+01  6.86541298e+06  1.43996287e+01
 6.91830971e+06  3.56799433e+01  6.91830971e+06  1.43908315e+01
 6.97161400e+06  3.55055382e+01  6.97161400e+06  1.43881324e+01
 7.02532899e+06  3.53324288e+01  7.02532899e+06  1.43861748e+01
 7.07945784e+06  3.51596171e+01  7.07945784e+06  1.43859100e+01
 7.13400375e+06  3.49864505e+01  7.13400375e+06  1.43866458e+01
 7.18896992e+06  3.48149127e+01  7.18896992e+06  1.43915790e+01
 7.24435960e+06  3.46444478e+01  7.24435960e+06  1.43974205e+01
 7.30017605e+06  3.44738396e+01  7.30017605e+06  1.44043154e+01
 7.35642254e+06  3.43041636e+01  7.35642254e+06  1.44093568e+01
 7.41310241e+06  3.41343479e+01  7.41310241e+06  1.44250947e+01
 7.47021899e+06  3.39667572e+01  7.47021899e+06  1.44355852e+01
 7.52777564e+06  3.37979038e+01  7.52777564e+06  1.44504858e+01
 7.58577575e+06  3.36304915e+01  7.58577575e+06  1.44648387e+01
 7.64422274e+06  3.34634741e+01  7.64422274e+06  1.44799995e+01
 7.70312006e+06  3.32973665e+01  7.70312006e+06  1.44983727e+01
 7.76247117e+06  3.31312332e+01  7.76247117e+06  1.45169793e+01
 7.82227956e+06  3.29661955e+01  7.82227956e+06  1.45415407e+01
 7.88254877e+06  3.28011342e+01  7.88254877e+06  1.45648262e+01
 7.94328235e+06  3.26363934e+01  7.94328235e+06  1.45888806e+01
 8.00448386e+06  3.24713842e+01  8.00448386e+06  1.46195373e+01
 8.06615692e+06  3.23084594e+01  8.06615692e+06  1.46465168e+01
 8.12830516e+06  3.21455450e+01  8.12830516e+06  1.46754456e+01
 8.19093224e+06  3.19826407e+01  8.19093224e+06  1.47072469e+01
 8.25404185e+06  3.18197908e+01  8.25404185e+06  1.47376968e+01
 8.31763771e+06  3.16588773e+01  8.31763771e+06  1.47707093e+01
 8.38172356e+06  3.14966452e+01  8.38172356e+06  1.48089393e+01
 8.44630319e+06  3.13352871e+01  8.44630319e+06  1.48482380e+01
 8.51138038e+06  3.11749595e+01  8.51138038e+06  1.48814257e+01
 8.57695899e+06  3.10139791e+01  8.57695899e+06  1.49229428e+01
 8.64304286e+06  3.08536564e+01  8.64304286e+06  1.49651015e+01
 8.70963590e+06  3.06940390e+01  8.70963590e+06  1.50056580e+01
 8.77674203e+06  3.05338773e+01  8.77674203e+06  1.50517840e+01
 8.84436519e+06  3.03749621e+01  8.84436519e+06  1.50971302e+01
 8.91250938e+06  3.02156479e+01  8.91250938e+06  1.51487347e+01
 8.98117861e+06  3.00585817e+01  8.98117861e+06  1.51932043e+01
 9.05037692e+06  2.98985373e+01  9.05037692e+06  1.52477228e+01
 9.12010839e+06  2.97414108e+01  9.12010839e+06  1.52947424e+01
 9.19037713e+06  2.95834843e+01  9.19037713e+06  1.53510792e+01
 9.26118728e+06  2.94266641e+01  9.26118728e+06  1.54039838e+01
 9.33254301e+06  2.92689456e+01  9.33254301e+06  1.54600419e+01
 9.40444852e+06  2.91125307e+01  9.40444852e+06  1.55125500e+01
 9.47690805e+06  2.89567559e+01  9.47690805e+06  1.55649093e+01
 9.54992586e+06  2.87986110e+01  9.54992586e+06  1.56323068e+01
 9.62350626e+06  2.86432396e+01  9.62350626e+06  1.56948421e+01
 9.69765359e+06  2.84859771e+01  9.69765359e+06  1.57623435e+01
 9.77237221e+06  2.83300678e+01  9.77237221e+06  1.58231996e+01
 9.84766652e+06  2.81756972e+01  9.84766652e+06  1.58832227e+01
 9.92354096e+06  2.80206550e+01  9.92354096e+06  1.59487097e+01
 1.00000000e+07  2.78660204e+01  1.00000000e+07  1.60161747e+01
 1.00770481e+07  2.77103042e+01  1.00770481e+07  1.60886621e+01
 1.01546899e+07  2.75559454e+01  1.01546899e+07  1.61593251e+01
 1.02329299e+07  2.74005601e+01  1.02329299e+07  1.62326741e+01
 1.03117727e+07  2.72467878e+01  1.03117727e+07  1.63037787e+01
 1.03912230e+07  2.70922243e+01  1.03912230e+07  1.63811821e+01
 1.04712855e+07  2.69380932e+01  1.04712855e+07  1.64598890e+01
 1.05519648e+07  2.67850291e+01  1.05519648e+07  1.65347342e+01
 1.06332657e+07  2.66308776e+01  1.06332657e+07  1.66096341e+01
 1.07151931e+07  2.64768986e+01  1.07151931e+07  1.66966798e+01
 1.07977516e+07  2.63223866e+01  1.07977516e+07  1.67813975e+01
 1.08809463e+07  2.61709097e+01  1.08809463e+07  1.68570555e+01
 1.09647820e+07  2.60162617e+01  1.09647820e+07  1.69468414e+01
 1.10492636e+07  2.58639019e+01  1.10492636e+07  1.70339290e+01
 1.11343961e+07  2.57109568e+01  1.11343961e+07  1.71240027e+01
 1.12201845e+07  2.55569757e+01  1.12201845e+07  1.72152131e+01
 1.13066340e+07  2.54044944e+01  1.13066340e+07  1.73065746e+01
 1.13937495e+07  2.52505585e+01  1.13937495e+07  1.74009612e+01
 1.14815362e+07  2.50973364e+01  1.14815362e+07  1.74993225e+01
 1.15699993e+07  2.49474230e+01  1.15699993e+07  1.75830572e+01
 1.16591440e+07  2.47939926e+01  1.16591440e+07  1.76854162e+01
 1.17489755e+07  2.46429421e+01  1.17489755e+07  1.77817960e+01
 1.18394992e+07  2.44902396e+01  1.18394992e+07  1.78794581e+01
 1.19307204e+07  2.43370151e+01  1.19307204e+07  1.79885979e+01
 1.20226443e+07  2.41852576e+01  1.20226443e+07  1.80900972e+01
 1.21152766e+07  2.40322446e+01  1.21152766e+07  1.81981528e+01
 1.22086225e+07  2.38807107e+01  1.22086225e+07  1.83090608e+01
 1.23026877e+07  2.37301308e+01  1.23026877e+07  1.84009863e+01
 1.23974776e+07  2.35758040e+01  1.23974776e+07  1.85205298e+01
 1.24929979e+07  2.34245946e+01  1.24929979e+07  1.86425896e+01
 1.25892541e+07  2.32735965e+01  1.25892541e+07  1.87444507e+01
 1.26862520e+07  2.31204052e+01  1.26862520e+07  1.88564402e+01
 1.27839972e+07  2.29679283e+01  1.27839972e+07  1.89849642e+01
 1.28824955e+07  2.28173603e+01  1.28824955e+07  1.90962108e+01
 1.29817528e+07  2.26644642e+01  1.29817528e+07  1.92212378e+01
 1.30817747e+07  2.25130086e+01  1.30817747e+07  1.93392392e+01
 1.31825674e+07  2.23587399e+01  1.31825674e+07  1.94753110e+01
 1.32841366e+07  2.22106536e+01  1.32841366e+07  1.95908821e+01
 1.33864884e+07  2.20554607e+01  1.33864884e+07  1.97323816e+01
 1.34896288e+07  2.19057524e+01  1.34896288e+07  1.98468554e+01
 1.35935639e+07  2.17535614e+01  1.35935639e+07  1.99830954e+01
 1.36982998e+07  2.16015727e+01  1.36982998e+07  2.01183734e+01
 1.38038426e+07  2.14495216e+01  1.38038426e+07  2.02586938e+01
 1.39101987e+07  2.12965528e+01  1.39101987e+07  2.03924359e+01
 1.40173742e+07  2.11438002e+01  1.40173742e+07  2.05236111e+01
 1.41253754e+07  2.09922568e+01  1.41253754e+07  2.06705041e+01
 1.42342088e+07  2.08395388e+01  1.42342088e+07  2.08244257e+01
 1.43438808e+07  2.06883877e+01  1.43438808e+07  2.09594598e+01
 1.44543977e+07  2.05371838e+01  1.44543977e+07  2.11070974e+01
 1.45657662e+07  2.03823237e+01  1.45657662e+07  2.12652614e+01
 1.46779927e+07  2.02306141e+01  1.46779927e+07  2.14115674e+01
 1.47910839e+07  2.00779939e+01  1.47910839e+07  2.15675432e+01
 1.49050464e+07  1.99238159e+01  1.49050464e+07  2.17327103e+01
 1.50198870e+07  1.97725143e+01  1.50198870e+07  2.18930561e+01
 1.51356125e+07  1.96208420e+01  1.51356125e+07  2.20384727e+01
 1.52522296e+07  1.94681273e+01  1.52522296e+07  2.22123557e+01
 1.53697452e+07  1.93137752e+01  1.53697452e+07  2.23836373e+01
 1.54881662e+07  1.91588367e+01  1.54881662e+07  2.25471958e+01
 1.56074996e+07  1.90055954e+01  1.56074996e+07  2.27227147e+01
 1.57277525e+07  1.88529649e+01  1.57277525e+07  2.29141388e+01
 1.58489319e+07  1.87052233e+01  1.58489319e+07  2.30598412e+01
 1.59710450e+07  1.85480427e+01  1.59710450e+07  2.32459031e+01
 1.60940989e+07  1.83947497e+01  1.60940989e+07  2.34347363e+01
 1.62181010e+07  1.82389495e+01  1.62181010e+07  2.36134260e+01
 1.63430584e+07  1.80874198e+01  1.63430584e+07  2.38091300e+01
 1.64689787e+07  1.79322484e+01  1.64689787e+07  2.39869387e+01
 1.65958691e+07  1.77786763e+01  1.65958691e+07  2.41746217e+01
 1.67237372e+07  1.76276136e+01  1.67237372e+07  2.43751131e+01
 1.68525904e+07  1.74716593e+01  1.68525904e+07  2.45711847e+01
 1.69824365e+07  1.73158230e+01  1.69824365e+07  2.47595647e+01
 1.71132830e+07  1.71651676e+01  1.71132830e+07  2.49609568e+01
 1.72451377e+07  1.70061291e+01  1.72451377e+07  2.51880240e+01
 1.73780083e+07  1.68504202e+01  1.73780083e+07  2.53826821e+01
 1.75119026e+07  1.66972028e+01  1.75119026e+07  2.55969564e+01
 1.76468286e+07  1.65372387e+01  1.76468286e+07  2.58404436e+01
 1.77827941e+07  1.63800250e+01  1.77827941e+07  2.60572981e+01
 1.79198072e+07  1.62293042e+01  1.79198072e+07  2.62684478e+01
 1.80578760e+07  1.60753451e+01  1.80578760e+07  2.64870487e+01
 1.81970086e+07  1.59161787e+01  1.81970086e+07  2.67136771e+01
 1.83372132e+07  1.57572481e+01  1.83372132e+07  2.69693040e+01
 1.84784980e+07  1.56012437e+01  1.84784980e+07  2.71968718e+01
 1.86208714e+07  1.54455610e+01  1.86208714e+07  2.74386254e+01
 1.87643417e+07  1.52941886e+01  1.87643417e+07  2.76716911e+01
 1.89089175e+07  1.51313326e+01  1.89089175e+07  2.79510134e+01
 1.90546072e+07  1.49741363e+01  1.90546072e+07  2.81732822e+01
 1.92014194e+07  1.48172873e+01  1.92014194e+07  2.84367334e+01
 1.93493628e+07  1.46610521e+01  1.93493628e+07  2.87010016e+01
 1.94984460e+07  1.45007139e+01  1.94984460e+07  2.89669461e+01
 1.96486779e+07  1.43411342e+01  1.96486779e+07  2.92335873e+01
 1.98000673e+07  1.41837317e+01  1.98000673e+07  2.94948642e+01
 1.99526231e+07  1.40281137e+01  1.99526231e+07  2.97795187e+01
 2.01063544e+07  1.38651239e+01  2.01063544e+07  3.00907970e+01
 2.02612701e+07  1.37054342e+01  2.02612701e+07  3.03619629e+01
 2.04173794e+07  1.35488064e+01  2.04173794e+07  3.06128138e+01
 2.05746916e+07  1.33837860e+01  2.05746916e+07  3.09287146e+01
 2.07332157e+07  1.32275070e+01  2.07332157e+07  3.12252275e+01
 2.08929613e+07  1.30641093e+01  2.08929613e+07  3.15675882e+01
 2.10539377e+07  1.29073457e+01  2.10539377e+07  3.18504218e+01
 2.12161544e+07  1.27435417e+01  2.12161544e+07  3.21508203e+01
 2.13796209e+07  1.25804555e+01  2.13796209e+07  3.25219284e+01
 2.15443469e+07  1.24149555e+01  2.15443469e+07  3.28495769e+01
 2.17103421e+07  1.22618052e+01  2.17103421e+07  3.31450997e+01
 2.18776162e+07  1.20955489e+01  2.18776162e+07  3.34896429e+01
 2.20461792e+07  1.19354138e+01  2.20461792e+07  3.38412269e+01
 2.22160409e+07  1.17741937e+01  2.22160409e+07  3.41488953e+01
 2.23872114e+07  1.16093400e+01  2.23872114e+07  3.45344716e+01
 2.25597007e+07  1.14498817e+01  2.25597007e+07  3.48767051e+01
 2.27335190e+07  1.12808519e+01  2.27335190e+07  3.52627505e+01
 2.29086765e+07  1.11232602e+01  2.29086765e+07  3.56243329e+01
 2.30851836e+07  1.09580445e+01  2.30851836e+07  3.60464046e+01
 2.32630507e+07  1.07988345e+01  2.32630507e+07  3.64537244e+01
 2.34422882e+07  1.06263946e+01  2.34422882e+07  3.68173995e+01
 2.36229066e+07  1.04686884e+01  2.36229066e+07  3.71839507e+01
 2.38049167e+07  1.03016001e+01  2.38049167e+07  3.75744345e+01
 2.39883292e+07  1.01293360e+01  2.39883292e+07  3.80423745e+01
 2.41731548e+07  9.96847076e+00  2.41731548e+07  3.85270481e+01
 2.43594045e+07  9.79728298e+00  2.43594045e+07  3.89132268e+01
 2.45470892e+07  9.64164712e+00  2.45470892e+07  3.93325098e+01
 2.47362199e+07  9.47421604e+00  2.47362199e+07  3.98297039e+01
 2.49268079e+07  9.30257711e+00  2.49268079e+07  4.03754588e+01
 2.51188643e+07  9.12695022e+00  2.51188643e+07  4.06963780e+01
 2.53124005e+07  8.97287735e+00  2.53124005e+07  4.13213714e+01
 2.55074278e+07  8.80539965e+00  2.55074278e+07  4.17022060e+01
 2.57039578e+07  8.63095567e+00  2.57039578e+07  4.21767693e+01
 2.59020020e+07  8.47295686e+00  2.59020020e+07  4.26424479e+01
 2.61015722e+07  8.29330155e+00  2.61015722e+07  4.32763322e+01
 2.63026799e+07  8.13575724e+00  2.63026799e+07  4.37191524e+01
 2.65053372e+07  7.96249681e+00  2.65053372e+07  4.43712798e+01
 2.67095559e+07  7.80156117e+00  2.67095559e+07  4.48861712e+01
 2.69153480e+07  7.63949738e+00  2.69153480e+07  4.53354707e+01
 2.71227258e+07  7.47470779e+00  2.71227258e+07  4.58984507e+01
 2.73317014e+07  7.29318182e+00  2.73317014e+07  4.65213108e+01
 2.75422870e+07  7.13208935e+00  2.75422870e+07  4.71717386e+01
 2.77544952e+07  6.95188345e+00  2.77544952e+07  4.77645180e+01
 2.79683385e+07  6.79552206e+00  2.79683385e+07  4.84111773e+01
 2.81838293e+07  6.62404011e+00  2.81838293e+07  4.90510038e+01
 2.84009805e+07  6.47626959e+00  2.84009805e+07  4.97886072e+01
 2.86198048e+07  6.28836963e+00  2.86198048e+07  5.01852379e+01
 2.88403150e+07  6.12076921e+00  2.88403150e+07  5.10153317e+01
 2.90625243e+07  5.94595026e+00  2.90625243e+07  5.16417578e+01
 2.92864456e+07  5.77694570e+00  2.92864456e+07  5.23279302e+01
 2.95120923e+07  5.60460135e+00  2.95120923e+07  5.29000961e+01
 2.97394775e+07  5.46142073e+00  2.97394775e+07  5.38495939e+01
 2.99686146e+07  5.28140103e+00  2.99686146e+07  5.46646234e+01
 3.01995172e+07  5.13330028e+00  3.01995172e+07  5.51848676e+01
 3.04321989e+07  4.93627710e+00  3.04321989e+07  5.61835392e+01
 3.06666733e+07  4.82065040e+00  3.06666733e+07  5.67343090e+01
 3.09029543e+07  4.63508195e+00  3.09029543e+07  5.76738174e+01
 3.11410558e+07  4.47910194e+00  3.11410558e+07  5.82705747e+01
 3.13809919e+07  4.29831430e+00  3.13809919e+07  5.93381136e+01
 3.16227766e+07  4.16724423e+00  3.16227766e+07  5.98589745e+01
 3.18664242e+07  3.99607644e+00  3.18664242e+07  6.11004275e+01
 3.21119491e+07  3.82857809e+00  3.21119491e+07  6.19079938e+01
 3.23593657e+07  3.73665011e+00  3.23593657e+07  6.27410774e+01
 3.26086886e+07  3.55248124e+00  3.26086886e+07  6.34518812e+01
 3.28599325e+07  3.33879179e+00  3.28599325e+07  6.43946998e+01
 3.31131121e+07  3.22338479e+00  3.31131121e+07  6.54901792e+01
 3.33682425e+07  3.08719329e+00  3.33682425e+07  6.64150173e+01
 3.36253386e+07  2.90079349e+00  3.36253386e+07  6.75880293e+01
 3.38844156e+07  2.69049504e+00  3.38844156e+07  6.87793443e+01
 3.41454887e+07  2.62947582e+00  3.41454887e+07  6.97850192e+01
 3.44085734e+07  2.45608244e+00  3.44085734e+07  7.03824405e+01
 3.46736850e+07  2.41401146e+00  3.46736850e+07  7.17604834e+01
 3.49408393e+07  2.12562417e+00  3.49408393e+07  7.22816188e+01
 3.52100520e+07  2.06867357e+00  3.52100520e+07  7.38152430e+01
 3.54813389e+07  1.99502320e+00  3.54813389e+07  7.49301404e+01
 3.57547160e+07  1.79515433e+00  3.57547160e+07  7.59949527e+01
 3.60301995e+07  1.57430734e+00  3.60301995e+07  7.68175962e+01
 3.63078055e+07  1.46254525e+00  3.63078055e+07  7.80338670e+01
 3.65875504e+07  1.33264624e+00  3.65875504e+07  7.87964478e+01
 3.68694506e+07  1.31001061e+00  3.68694506e+07  8.03326394e+01
 3.71535229e+07  1.15607425e+00  3.71535229e+07  8.21287838e+01
 3.74397839e+07  1.09245215e+00  3.74397839e+07  8.25884847e+01
 3.77282505e+07  1.02079091e+00  3.77282505e+07  8.46830567e+01
 3.80189396e+07  8.27903916e-01  3.80189396e+07  8.54878576e+01
 3.83118685e+07  7.10702724e-01  3.83118685e+07  8.69351538e+01
 3.86070543e+07  6.75910630e-01  3.86070543e+07  8.85113667e+01
 3.89045145e+07  4.92516142e-01  3.89045145e+07  8.89716848e+01
 3.92042666e+07  3.65657825e-01  3.92042666e+07  9.04149195e+01
 3.95063281e+07  3.35706664e-01  3.95063281e+07  9.18070704e+01
 3.98107171e+07  3.49606881e-01  3.98107171e+07  9.31206661e+01
 4.01174512e+07  2.55984645e-01  4.01174512e+07  9.44514651e+01
 4.04265487e+07  1.12089216e-02  4.04265487e+07  9.52718670e+01
 4.07380278e+07  1.62475483e-01  4.07380278e+07  9.71396553e+01
 4.10519067e+07  3.22671038e-02  4.10519067e+07  9.79668457e+01
 4.13682040e+07  -1.79032247e-01  4.13682040e+07  9.86498784e+01
 4.16869383e+07  1.51624418e-03  4.16869383e+07  1.01427408e+02
 4.20081285e+07  -3.45257987e-01  4.20081285e+07  1.01573266e+02
 4.23317933e+07  -2.69651851e-01  4.23317933e+07  1.03578704e+02
 4.26579519e+07  -2.12785933e-01  4.26579519e+07  1.05631885e+02
 4.29866235e+07  -3.33098034e-01  4.29866235e+07  1.05732466e+02
 4.33178274e+07  -4.07118678e-01  4.33178274e+07  1.07227665e+02
 4.36515832e+07  -3.17351474e-01  4.36515832e+07  1.08590875e+02
 4.39879106e+07  -4.79640584e-01  4.39879106e+07  1.08715189e+02
 4.43268292e+07  -4.93859092e-01  4.43268292e+07  1.12323233e+02
 4.46683592e+07  -5.07129809e-01  4.46683592e+07  1.13631101e+02
 4.50125206e+07  -3.67537640e-01  4.50125206e+07  1.13442701e+02
 4.53593337e+07  -5.17810398e-01  4.53593337e+07  1.15050824e+02
 4.57088190e+07  -5.71089242e-01  4.57088190e+07  1.15718934e+02
 4.60609969e+07  -4.88106780e-01  4.60609969e+07  1.17039349e+02
 4.64158883e+07  -3.13960184e-01  4.64158883e+07  1.17593055e+02
 4.67735141e+07  -5.96329281e-01  4.67735141e+07  1.19795058e+02
 4.71338954e+07  -4.17045268e-01  4.71338954e+07  1.20671947e+02
 4.74970533e+07  -6.29608086e-01  4.74970533e+07  1.22244430e+02
 4.78630092e+07  -5.82040676e-01  4.78630092e+07  1.22643222e+02
 4.82317848e+07  -6.71153457e-01  4.82317848e+07  1.25255061e+02
 4.86034018e+07  -5.51137411e-01  4.86034018e+07  1.24480443e+02
 4.89778819e+07  -4.53669143e-01  4.89778819e+07  1.26243554e+02
 4.93552474e+07  -5.53424636e-01  4.93552474e+07  1.27202285e+02
 4.97355204e+07  -4.50091466e-01  4.97355204e+07  1.27904568e+02
 5.01187234e+07  -5.19991894e-01  5.01187234e+07  1.29615137e+02
 5.05048788e+07  -4.77142855e-01  5.05048788e+07  1.30262824e+02
 5.08940095e+07  -3.06613576e-01  5.08940095e+07  1.30847982e+02
 5.12861384e+07  -4.33737853e-01  5.12861384e+07  1.32627871e+02
 5.16812886e+07  -3.92733988e-01  5.16812886e+07  1.32823294e+02
 5.20794833e+07  -5.15557697e-01  5.20794833e+07  1.35017783e+02
 5.24807460e+07  -2.62967792e-01  5.24807460e+07  1.35609330e+02
 5.28851004e+07  -1.12307945e-01  5.28851004e+07  1.37427012e+02
 5.32925703e+07  -2.24922965e-01  5.32925703e+07  1.36972017e+02
 5.37031796e+07  -1.79083828e-01  5.37031796e+07  1.38440256e+02
 5.41169527e+07  -3.09819988e-01  5.41169527e+07  1.39214134e+02
 5.45339137e+07  -7.46774608e-02  5.45339137e+07  1.38894317e+02
 5.49540874e+07  7.62117522e-02  5.49540874e+07  1.41120403e+02
 5.53774984e+07  -7.39959123e-02  5.53774984e+07  1.41417888e+02
 5.58041717e+07  3.23238323e-02  5.58041717e+07  1.41621597e+02
 5.62341325e+07  -5.31458578e-02  5.62341325e+07  1.42559053e+02
 5.66674061e+07  1.25444346e-01  5.66674061e+07  1.43967654e+02
 5.71040179e+07  9.67878114e-02  5.71040179e+07  1.45627992e+02
 5.75439937e+07  1.12880839e-01  5.75439937e+07  1.45498086e+02
 5.79873595e+07  1.33444782e-01  5.79873595e+07  1.46348334e+02
 5.84341413e+07  -1.70364428e-02  5.84341413e+07  1.46026902e+02
 5.88843655e+07  3.09912594e-01  5.88843655e+07  1.46969594e+02
 5.93380586e+07  2.06946143e-01  5.93380586e+07  1.47087922e+02
 5.97952473e+07  4.40571578e-01  5.97952473e+07  1.48790164e+02
 6.02559586e+07  2.62151126e-01  6.02559586e+07  1.50122510e+02
 6.07202196e+07  3.57876727e-01  6.07202196e+07  1.49847829e+02
 6.11880576e+07  6.40416073e-01  6.11880576e+07  1.51088883e+02
 6.16595002e+07  5.11844474e-01  6.16595002e+07  1.51340165e+02
 6.21345752e+07  5.57396737e-01  6.21345752e+07  1.51870026e+02
 6.26133105e+07  6.10125342e-01  6.26133105e+07  1.52563449e+02
 6.30957344e+07  7.11093895e-01  6.30957344e+07  1.53078727e+02
 6.35818754e+07  6.34108750e-01  6.35818754e+07  1.54256822e+02
 6.40717619e+07  6.25076518e-01  6.40717619e+07  1.55423249e+02
 6.45654229e+07  6.95539722e-01  6.45654229e+07  1.55068545e+02
 6.50628875e+07  7.98950129e-01  6.50628875e+07  1.56288671e+02
 6.55641849e+07  8.68249899e-01  6.55641849e+07  1.56209321e+02
 6.60693448e+07  9.50299717e-01  6.60693448e+07  1.56775110e+02
 6.65783968e+07  9.41130765e-01  6.65783968e+07  1.57154093e+02
 6.70913710e+07  8.14546861e-01  6.70913710e+07  1.57652915e+02
 6.76082975e+07  9.66347652e-01  6.76082975e+07  1.58156858e+02
 6.81292069e+07  1.03439601e+00  6.81292069e+07  1.59195032e+02
 6.86541298e+07  9.84087003e-01  6.86541298e+07  1.59692822e+02
 6.91830971e+07  1.15471707e+00  6.91830971e+07  1.59911440e+02
 6.97161400e+07  1.06707674e+00  6.97161400e+07  1.60482820e+02
 7.02532899e+07  1.15742348e+00  7.02532899e+07  1.60817481e+02
 7.07945784e+07  1.21363171e+00  7.07945784e+07  1.61511663e+02
 7.13400375e+07  1.39649289e+00  7.13400375e+07  1.61549025e+02
 7.18896992e+07  1.44625794e+00  7.18896992e+07  1.62131806e+02
 7.24435960e+07  1.44137522e+00  7.24435960e+07  1.62250900e+02
 7.30017605e+07  1.35478806e+00  7.30017605e+07  1.63273487e+02
 7.35642254e+07  1.50485670e+00  7.35642254e+07  1.63224761e+02
 7.41310241e+07  1.48687099e+00  7.41310241e+07  1.64007669e+02
 7.47021899e+07  1.39521782e+00  7.47021899e+07  1.64340014e+02
 7.52777564e+07  1.46136570e+00  7.52777564e+07  1.64961960e+02
 7.58577575e+07  1.69341568e+00  7.58577575e+07  1.65392058e+02
 7.64422274e+07  1.64379089e+00  7.64422274e+07  1.65656807e+02
 7.70312006e+07  1.60698494e+00  7.70312006e+07  1.66056420e+02
 7.76247117e+07  1.69650199e+00  7.76247117e+07  1.66431026e+02
 7.82227956e+07  1.76509356e+00  7.82227956e+07  1.66949034e+02
 7.88254877e+07  1.80466605e+00  7.88254877e+07  1.67253461e+02
 7.94328235e+07  1.62680924e+00  7.94328235e+07  1.67435110e+02
 8.00448386e+07  1.89557799e+00  8.00448386e+07  1.68101229e+02
 8.06615692e+07  1.91351164e+00  8.06615692e+07  1.68654395e+02
 8.12830516e+07  1.74105468e+00  8.12830516e+07  1.69000653e+02
 8.19093224e+07  1.88021673e+00  8.19093224e+07  1.69683878e+02
 8.25404185e+07  1.98014801e+00  8.25404185e+07  1.69713040e+02
 8.31763771e+07  2.08585316e+00  8.31763771e+07  1.70107661e+02
 8.38172356e+07  2.05843342e+00  8.38172356e+07  1.70097968e+02
 8.44630319e+07  2.16986013e+00  8.44630319e+07  1.70451452e+02
 8.51138038e+07  2.05621304e+00  8.51138038e+07  1.70581377e+02
 8.57695899e+07  2.17296705e+00  8.57695899e+07  1.71071975e+02
 8.64304286e+07  2.26290470e+00  8.64304286e+07  1.71379205e+02
 8.70963590e+07  2.12248645e+00  8.70963590e+07  1.72010131e+02
 8.77674203e+07  2.40866759e+00  8.77674203e+07  1.72143319e+02
 8.84436519e+07  2.38466301e+00  8.84436519e+07  1.72185753e+02
 8.91250938e+07  2.43681170e+00  8.91250938e+07  1.72674133e+02
 8.98117861e+07  2.40750892e+00  8.98117861e+07  1.73062317e+02
 9.05037692e+07  2.44637031e+00  9.05037692e+07  1.73487673e+02
 9.12010839e+07  2.52027826e+00  9.12010839e+07  1.73937309e+02
 9.19037713e+07  2.47362848e+00  9.19037713e+07  1.74128691e+02
 9.26118728e+07  2.58322327e+00  9.26118728e+07  1.73954947e+02
 9.33254301e+07  2.60289644e+00  9.33254301e+07  1.74493893e+02
 9.40444852e+07  2.62547419e+00  9.40444852e+07  1.74867933e+02
 9.47690805e+07  2.68645116e+00  9.47690805e+07  1.75289286e+02
 9.54992586e+07  2.54411674e+00  9.54992586e+07  1.75811649e+02
 9.62350626e+07  2.66843987e+00  9.62350626e+07  1.76023758e+02
 9.69765359e+07  2.77603927e+00  9.69765359e+07  1.76023217e+02
 9.77237221e+07  2.83242669e+00  9.77237221e+07  1.76198365e+02
 9.84766652e+07  2.72145939e+00  9.84766652e+07  1.76610682e+02
 9.92354096e+07  2.81703334e+00  9.92354096e+07  1.76791673e+02
 1.00000000e+08  2.97583354e+00  1.00000000e+08  1.77233078e+02
 1.00770481e+08  2.85070986e+00  1.00770481e+08  1.77414749e+02
 1.01546899e+08  2.94022646e+00  1.01546899e+08  1.77854546e+02
 1.02329299e+08  2.97550016e+00  1.02329299e+08  1.77973696e+02
 1.03117727e+08  2.85907369e+00  1.03117727e+08  1.78313852e+02
 1.03912230e+08  3.00470477e+00  1.03912230e+08  1.78500463e+02
 1.04712855e+08  2.95518309e+00  1.04712855e+08  1.78958838e+02
 1.05519648e+08  3.02858383e+00  1.05519648e+08  1.79163321e+02
 1.06332657e+08  3.18682958e+00  1.06332657e+08  1.78894824e+02
 1.07151931e+08  2.99204290e+00  1.07151931e+08  1.79711567e+02
 1.07977516e+08  2.96138468e+00  1.07977516e+08  1.80105122e+02
 1.08809463e+08  3.06351783e+00  1.08809463e+08  1.80043188e+02
 1.09647820e+08  3.30443775e+00  1.09647820e+08  1.80223294e+02
 1.10492636e+08  3.28576146e+00  1.10492636e+08  1.80142534e+02
 1.11343961e+08  3.27907583e+00  1.11343961e+08  1.80883536e+02
 1.12201845e+08  3.19418525e+00  1.12201845e+08  1.80998865e+02
 1.13066340e+08  3.25773692e+00  1.13066340e+08  1.81176361e+02
 1.13937495e+08  3.36711506e+00  1.13937495e+08  1.81340630e+02
 1.14815362e+08  3.64653920e+00  1.14815362e+08  1.81120521e+02
 1.15699993e+08  3.55640325e+00  1.15699993e+08  1.81463385e+02
 1.16591440e+08  3.56532092e+00  1.16591440e+08  1.81618074e+02
 1.17489755e+08  3.74606445e+00  1.17489755e+08  1.82022287e+02
 1.18394992e+08  3.43300349e+00  1.18394992e+08  1.82406893e+02
 1.19307204e+08  3.78604925e+00  1.19307204e+08  1.82593118e+02
 1.20226443e+08  3.64185660e+00  1.20226443e+08  1.82746884e+02
 1.21152766e+08  3.78348190e+00  1.21152766e+08  1.83223496e+02
 1.22086225e+08  3.66071045e+00  1.22086225e+08  1.83128479e+02
 1.23026877e+08  3.91580268e+00  1.23026877e+08  1.83286068e+02
 1.23974776e+08  3.81500131e+00  1.23974776e+08  1.83543254e+02
 1.24929979e+08  3.83185156e+00  1.24929979e+08  1.84079269e+02
 1.25892541e+08  3.73273474e+00  1.25892541e+08  1.83920128e+02
 1.26862520e+08  3.96848677e+00  1.26862520e+08  1.83910250e+02
 1.27839972e+08  3.75381439e+00  1.27839972e+08  1.84655626e+02
 1.28824955e+08  3.78965490e+00  1.28824955e+08  1.84411221e+02
 1.29817528e+08  3.79191079e+00  1.29817528e+08  1.84876393e+02
 1.30817747e+08  4.07867471e+00  1.30817747e+08  1.84705448e+02
 1.31825674e+08  4.49647411e+00  1.31825674e+08  1.84562779e+02
 1.32841366e+08  4.13001904e+00  1.32841366e+08  1.85246388e+02
 1.33864884e+08  4.30391295e+00  1.33864884e+08  1.84917609e+02
 1.34896288e+08  4.21344365e+00  1.34896288e+08  1.85507485e+02
 1.35935639e+08  4.37319937e+00  1.35935639e+08  1.85207140e+02
 1.36982998e+08  4.27935278e+00  1.36982998e+08  1.85906559e+02
 1.38038426e+08  4.18518181e+00  1.38038426e+08  1.85989610e+02
 1.39101987e+08  4.49479590e+00  1.39101987e+08  1.85818955e+02
 1.40173742e+08  4.55984947e+00  1.40173742e+08  1.85944785e+02
 1.41253754e+08  4.59135407e+00  1.41253754e+08  1.86123419e+02
 1.42342088e+08  4.33164022e+00  1.42342088e+08  1.86555657e+02
 1.43438808e+08  4.53955125e+00  1.43438808e+08  1.86563415e+02
 1.44543977e+08  4.76828282e+00  1.44543977e+08  1.86614148e+02
 1.45657662e+08  4.49262748e+00  1.45657662e+08  1.86866278e+02
 1.46779927e+08  4.55218010e+00  1.46779927e+08  1.87014288e+02
 1.47910839e+08  4.77473345e+00  1.47910839e+08  1.87067697e+02
 1.49050464e+08  4.85168324e+00  1.49050464e+08  1.86913248e+02
 1.50198870e+08  4.92134855e+00  1.50198870e+08  1.87821535e+02
 1.51356125e+08  4.82860376e+00  1.51356125e+08  1.87504800e+02
 1.52522296e+08  4.55328986e+00  1.52522296e+08  1.87646928e+02
 1.53697452e+08  4.62386382e+00  1.53697452e+08  1.87865753e+02
 1.54881662e+08  4.68737790e+00  1.54881662e+08  1.88307978e+02
 1.56074996e+08  4.77807118e+00  1.56074996e+08  1.87983178e+02
 1.57277525e+08  4.48215203e+00  1.57277525e+08  1.88302604e+02
 1.58489319e+08  4.94005274e+00  1.58489319e+08  1.88122853e+02
 1.59710450e+08  4.65534003e+00  1.59710450e+08  1.88528950e+02
 1.60940989e+08  4.92876180e+00  1.60940989e+08  1.88013757e+02
 1.62181010e+08  4.63105000e+00  1.62181010e+08  1.88384682e+02
 1.63430584e+08  4.74420102e+00  1.63430584e+08  1.88887830e+02
 1.64689787e+08  5.20976646e+00  1.64689787e+08  1.88615141e+02
 1.65958691e+08  5.12146328e+00  1.65958691e+08  1.88607404e+02
 1.67237372e+08  5.00939060e+00  1.67237372e+08  1.89009150e+02
 1.68525904e+08  5.33662947e+00  1.68525904e+08  1.88838807e+02
 1.69824365e+08  5.24307385e+00  1.69824365e+08  1.88740058e+02
 1.71132830e+08  5.35702511e+00  1.71132830e+08  1.89444753e+02
 1.72451377e+08  5.24193474e+00  1.72451377e+08  1.89147704e+02
 1.73780083e+08  5.13560321e+00  1.73780083e+08  1.89133278e+02
 1.75119026e+08  5.27616043e+00  1.75119026e+08  1.89295892e+02
 1.76468286e+08  5.41104960e+00  1.76468286e+08  1.89586702e+02
 1.77827941e+08  5.06861161e+00  1.77827941e+08  1.89695210e+02
 1.79198072e+08  5.42676599e+00  1.79198072e+08  1.89408870e+02
 1.80578760e+08  5.11244586e+00  1.80578760e+08  1.89706364e+02
 1.81970086e+08  5.47798899e+00  1.81970086e+08  1.89549638e+02
 1.83372132e+08  5.61291507e+00  1.83372132e+08  1.89654756e+02
 1.84784980e+08  5.77454786e+00  1.84784980e+08  1.89915319e+02
 1.86208714e+08  5.67036193e+00  1.86208714e+08  1.89543917e+02
 1.87643417e+08  5.31324420e+00  1.87643417e+08  1.89764068e+02
 1.89089175e+08  5.73491306e+00  1.89089175e+08  1.89993131e+02
 1.90546072e+08  5.61919569e+00  1.90546072e+08  1.89578361e+02
 1.92014194e+08  5.25217165e+00  1.92014194e+08  1.89885798e+02
 1.93493628e+08  5.69257119e+00  1.93493628e+08  1.89818330e+02
 1.94984460e+08  5.59355626e+00  1.94984460e+08  1.89757420e+02
 1.96486779e+08  5.23120186e+00  1.96486779e+08  1.90086023e+02
 1.98000673e+08  5.67004981e+00  1.98000673e+08  1.90013372e+02
 1.99526231e+08  5.85461556e+00  1.99526231e+08  1.89928617e+02
 2.01063544e+08  5.45704052e+00  2.01063544e+08  1.90171664e+02
 2.02612701e+08  5.92532549e+00  2.02612701e+08  1.90211989e+02
 2.04173794e+08  5.54475145e+00  2.04173794e+08  1.90447897e+02
 2.05746916e+08  6.04131903e+00  2.05746916e+08  1.89863627e+02
 2.07332157e+08  6.24282451e+00  2.07332157e+08  1.89759560e+02
 2.08929613e+08  5.83514642e+00  2.08929613e+08  1.90017480e+02
 2.10539377e+08  6.03099344e+00  2.10539377e+08  1.89881800e+02
 2.12161544e+08  6.27193205e+00  2.12161544e+08  1.89997659e+02
 2.13796209e+08  6.50259396e+00  2.13796209e+08  1.89737616e+02
 2.15443469e+08  5.72875258e+00  2.15443469e+08  1.89879263e+02
 2.17103421e+08  6.28618352e+00  2.17103421e+08  1.89779688e+02
 2.18776162e+08  6.19664911e+00  2.18776162e+08  1.90312746e+02
 2.20461792e+08  6.81419960e+00  2.20461792e+08  1.90206235e+02
 2.22160409e+08  5.64114580e+00  2.22160409e+08  1.90161895e+02
 2.23872114e+08  5.53611899e+00  2.23872114e+08  1.89804440e+02
 2.25597007e+08  6.51442117e+00  2.25597007e+08  1.89690960e+02
 2.27335190e+08  6.38922913e+00  2.27335190e+08  1.89883304e+02
 2.29086765e+08  7.06263620e+00  2.29086765e+08  1.89381255e+02
 2.30851836e+08  6.95619516e+00  2.30851836e+08  1.89651863e+02
 2.32630507e+08  6.08732709e+00  2.32630507e+08  1.89753110e+02
 2.34422882e+08  5.96992935e+00  2.34422882e+08  1.89718014e+02
 2.36229066e+08  5.49878728e+00  2.36229066e+08  1.89528041e+02
 2.38049167e+08  6.96653960e+00  2.38049167e+08  1.89419734e+02
 2.39883292e+08  6.85566527e+00  2.39883292e+08  1.89229861e+02
 2.41731548e+08  6.32838669e+00  2.41731548e+08  1.89575375e+02
 2.43594045e+08  6.21749705e+00  2.43594045e+08  1.89531076e+02
 2.45470892e+08  7.43669458e+00  2.45470892e+08  1.89361523e+02
 2.47362199e+08  6.00167048e+00  2.47362199e+08  1.89488614e+02
 2.49268079e+08  6.32911791e+00  2.49268079e+08  1.89834230e+02
 2.51188643e+08  6.64879560e+00  2.51188643e+08  1.89080668e+02
 2.53124005e+08  7.00790752e+00  2.53124005e+08  1.88916967e+02
 2.55074278e+08  7.37288943e+00  2.55074278e+08  1.89058859e+02
 2.57039578e+08  6.77743912e+00  2.57039578e+08  1.88488937e+02
 2.59020020e+08  6.19911066e+00  2.59020020e+08  1.89154280e+02
 2.61015722e+08  7.56194118e+00  2.61015722e+08  1.88932155e+02
 2.63026799e+08  6.45063363e+00  2.63026799e+08  1.88831893e+02
 2.65053372e+08  6.82580953e+00  2.65053372e+08  1.88936743e+02
 2.67095559e+08  7.22805390e+00  2.67095559e+08  1.88777320e+02
 2.69153480e+08  6.10403508e+00  2.69153480e+08  1.88621558e+02
 2.71227258e+08  7.00961873e+00  2.71227258e+08  1.88552597e+02
 2.73317014e+08  6.38101028e+00  2.73317014e+08  1.88499641e+02
 2.75422870e+08  7.36164399e+00  2.75422870e+08  1.88678595e+02
 2.77544952e+08  6.67752415e+00  2.77544952e+08  1.88409392e+02
 2.79683385e+08  7.70472264e+00  2.79683385e+08  1.88597254e+02
 2.81838293e+08  7.58765361e+00  2.81838293e+08  1.88100623e+02
 2.84009805e+08  7.49232899e+00  2.84009805e+08  1.88468069e+02
 2.86198048e+08  6.22234544e+00  2.86198048e+08  1.88329734e+02
 2.88403150e+08  7.90680968e+00  2.88403150e+08  1.87482291e+02
 2.90625243e+08  5.99719250e+00  2.90625243e+08  1.88253696e+02
 2.92864456e+08  9.09570510e+00  2.92864456e+08  1.87701065e+02
 2.95120923e+08  6.91143664e+00  2.95120923e+08  1.87980928e+02
 2.97394775e+08  7.42878983e+00  2.97394775e+08  1.87228170e+02
 2.99686146e+08  6.07430198e+00  2.99686146e+08  1.87517237e+02
 3.01995172e+08  7.19976874e+00  3.01995172e+08  1.87504238e+02
 3.04321989e+08  7.08710757e+00  3.04321989e+08  1.87887739e+02
 3.06666733e+08  7.64573652e+00  3.06666733e+08  1.87632575e+02
 3.09029543e+08  7.53246808e+00  3.09029543e+08  1.87182003e+02
 3.11410558e+08  8.14818032e+00  3.11410558e+08  1.86938245e+02
 3.13809919e+08  8.05765369e+00  3.13809919e+08  1.86987219e+02
 3.16227766e+08  7.91300383e+00  3.16227766e+08  1.87188632e+02
 3.18664242e+08  7.80221578e+00  3.18664242e+08  1.87615104e+02
 3.21119491e+08  6.93348007e+00  3.21119491e+08  1.86893027e+02
 3.23593657e+08  6.12800257e+00  3.23593657e+08  1.86488626e+02
 3.26086886e+08  6.68347843e+00  3.26086886e+08  1.86641162e+02
 3.28599325e+08  9.05120149e+00  3.28599325e+08  1.86693809e+02
 3.31131121e+08  8.01276622e+00  3.31131121e+08  1.86710114e+02
 3.33682425e+08  8.80101595e+00  3.33682425e+08  1.86410673e+02
 3.36253386e+08  6.18557895e+00  3.36253386e+08  1.86266631e+02
 3.38844156e+08  6.82427607e+00  3.38844156e+08  1.85971704e+02
 3.41454887e+08  5.27300049e+00  3.41454887e+08  1.86134964e+02
 3.44085734e+08  6.56899424e+00  3.44085734e+08  1.85606313e+02
 3.46736850e+08  7.28821568e+00  3.46736850e+08  1.85971364e+02
 3.49408393e+08  9.08492537e+00  3.49408393e+08  1.85837187e+02
 3.52100520e+08  7.05482181e+00  3.52100520e+08  1.86092404e+02
 3.54813389e+08  6.07824487e+00  3.54813389e+08  1.86026574e+02
 3.57547160e+08  6.79142256e+00  3.57547160e+08  1.85455760e+02
 3.60301995e+08  9.72739907e+00  3.60301995e+08  1.85664451e+02
 3.63078055e+08  7.44350820e+00  3.63078055e+08  1.85531933e+02
 3.65875504e+08  9.47756668e+00  3.65875504e+08  1.85390041e+02
 3.68694506e+08  6.29005137e+00  3.68694506e+08  1.85449363e+02
 3.71535229e+08  8.07152439e+00  3.71535229e+08  1.85301539e+02
 3.74397839e+08  6.02227584e+00  3.74397839e+08  1.85030916e+02
 3.77282505e+08  7.83325034e+00  3.77282505e+08  1.85387484e+02
 3.80189396e+08  5.76963842e+00  3.80189396e+08  1.85215057e+02
 3.83118685e+08  6.57288739e+00  3.83118685e+08  1.85086003e+02
 3.86070543e+08  7.46861356e+00  3.86070543e+08  1.84643543e+02
 3.89045145e+08  5.40128940e+00  3.89045145e+08  1.84726325e+02
 3.92042666e+08  6.17934086e+00  3.92042666e+08  1.84685216e+02
 3.95063281e+08  6.04389319e+00  3.95063281e+08  1.84519758e+02
 3.98107171e+08  8.09013384e+00  3.98107171e+08  1.84621728e+02
 4.01174512e+08  5.77549514e+00  4.01174512e+08  1.84477837e+02
 4.04265487e+08  6.68723108e+00  4.04265487e+08  1.84575127e+02
 4.07380278e+08  6.53920142e+00  4.07380278e+08  1.84086893e+02
 4.10519067e+08  6.43533103e+00  4.10519067e+08  1.84515635e+02
 4.13682040e+08  6.30765494e+00  4.13682040e+08  1.84140298e+02
 4.16869383e+08  5.14088421e+00  4.16869383e+08  1.84043206e+02
 4.20081285e+08  6.03608888e+00  4.20081285e+08  1.84106965e+02
 4.23317933e+08  8.40413499e+00  4.23317933e+08  1.83668433e+02
 4.26579519e+08  6.93015265e+00  4.26579519e+08  1.84089548e+02
 4.29866235e+08  4.62170890e+00  4.29866235e+08  1.83997007e+02
 4.33178274e+08  5.49743653e+00  4.33178274e+08  1.83618927e+02
 4.36515832e+08  7.85284470e+00  4.36515832e+08  1.83596419e+02
 4.39879106e+08  7.74826730e+00  4.39879106e+08  1.83749559e+02
 4.43268292e+08  6.26888473e+00  4.43268292e+08  1.83838544e+02
 4.46683592e+08  7.45505397e+00  4.46683592e+08  1.83325131e+02
 4.50125206e+08  7.35048690e+00  4.50125206e+08  1.83731696e+02
 4.53593337e+08  7.20499934e+00  4.53593337e+08  1.83535279e+02
 4.57088190e+08  5.76055987e+00  4.57088190e+08  1.83359186e+02
 4.60609969e+08  6.94929394e+00  4.60609969e+08  1.83535511e+02
 4.64158883e+08  8.39828058e+00  4.64158883e+08  1.83546697e+02
 4.67735141e+08  6.67589364e+00  4.67735141e+08  1.83383681e+02
 4.71338954e+08  1.25553902e+01  4.71338954e+08  1.82877811e+02
 4.74970533e+08  6.42478353e+00  4.74970533e+08  1.82993628e+02
 4.78630092e+08  4.95248754e+00  4.78630092e+08  1.83040708e+02
 4.82317848e+08  4.81677724e+00  4.82317848e+08  1.82789145e+02
 4.86034018e+08  4.69721909e+00  4.86034018e+08  1.82836917e+02
 4.89778819e+08  7.46735920e+00  4.89778819e+08  1.82988592e+02
 4.93552474e+08  9.26918339e+00  4.93552474e+08  1.82869709e+02
 4.97355204e+08  7.19249232e+00  4.97355204e+08  1.82978242e+02
 5.01187234e+08  8.99374116e+00  5.01187234e+08  1.82877084e+02
 5.05048788e+08  8.86622636e+00  5.05048788e+08  1.83229120e+02
 5.08940095e+08  8.74195714e+00  5.08940095e+08  1.82640297e+02
 5.12861384e+08  8.59107868e+00  5.12861384e+08  1.82808188e+02
 5.16812886e+08  6.56326767e+00  5.16812886e+08  1.82434845e+02
 5.20794833e+08  6.39598431e+00  5.20794833e+08  1.82552949e+02
 5.24807460e+08  3.37874774e+00  5.24807460e+08  1.82064901e+02
 5.28851004e+08  8.06812649e+00  5.28851004e+08  1.82595125e+02
 5.32925703e+08  7.93576457e+00  5.32925703e+08  1.82003682e+02
 5.37031796e+08  5.86139201e+00  5.37031796e+08  1.82387201e+02
 5.41169527e+08  7.67326184e+00  5.41169527e+08  1.82074425e+02
 5.45339137e+08  1.35234058e+01  5.45339137e+08  1.82825109e+02
 5.49540874e+08  3.88996165e+00  5.49540874e+08  1.82214526e+02
 5.53774984e+08  9.74553753e+00  5.53774984e+08  1.82379614e+02
 5.58041717e+08  1.31378490e+01  5.58041717e+08  1.83195358e+02
 5.62341325e+08  7.00239546e+00  5.62341325e+08  1.82037565e+02
 5.66674061e+08  9.36048514e+00  5.66674061e+08  1.82015460e+02
 5.71040179e+08  6.74018745e+00  5.71040179e+08  1.81731494e+02
 5.75439937e+08  9.08558000e+00  5.75439937e+08  1.81899462e+02
 5.79873595e+08  8.94681721e+00  5.79873595e+08  1.82426746e+02
 5.84341413e+08  4.39857710e+00  5.84341413e+08  1.81766129e+02
 5.88843655e+08  6.18860279e+00  5.88843655e+08  1.81830718e+02
 5.93380586e+08  6.04684081e+00  5.93380586e+08  1.81690071e+02
 5.97952473e+08  5.93522608e+00  5.97952473e+08  1.81849844e+02
 6.02559586e+08  1.78014597e+01  6.02559586e+08  1.81682135e+02
 6.07202196e+08  1.76756718e+01  6.07202196e+08  1.80438825e+02
 6.11880576e+08  8.00817600e+00  6.11880576e+08  1.81211604e+02
 6.16595002e+08  3.45095377e+00  6.16595002e+08  1.81484182e+02
 6.21345752e+08  5.24811676e+00  6.21345752e+08  1.81509055e+02
 6.26133105e+08  1.11050561e+01  6.26133105e+08  1.81935245e+02
 6.30957344e+08  7.46191594e+00  6.30957344e+08  1.81445738e+02
 6.35818754e+08  1.08479962e+01  6.35818754e+08  1.81799807e+02
 6.40717619e+08  7.19803388e+00  6.40717619e+08  1.81550512e+02
 6.45654229e+08  1.05795477e+01  6.45654229e+08  1.81060065e+02
 6.50628875e+08  1.64722114e+01  6.50628875e+08  1.81641712e+02
 6.55641849e+08  1.03232584e+01  6.55641849e+08  1.81182354e+02
 6.60693448e+08  6.66415596e+00  6.60693448e+08  1.81736983e+02
 6.65783968e+08  1.00345605e+01  6.65783968e+08  1.82272778e+02
 6.70913710e+08  1.96853065e+00  6.70913710e+08  1.81041753e+02
 6.76082975e+08  9.76857320e+00  6.76082975e+08  1.82188268e+02
 6.81292069e+08  9.63854021e+00  6.81292069e+08  1.80898401e+02
 6.86541298e+08  9.49741830e+00  6.86541298e+08  1.80958014e+02
 6.91830971e+08  1.53812286e+01  6.91830971e+08  1.82106815e+02
 6.97161400e+08  1.52571977e+01  6.97161400e+08  1.81702205e+02
 7.02532899e+08  9.11234916e+00  7.02532899e+08  1.81666595e+02
 7.07945784e+08  1.49758000e+01  7.07945784e+08  1.81532839e+02
 7.13400375e+08  8.83741962e+00  7.13400375e+08  1.81554641e+02
 7.18896992e+08  8.71080822e+00  7.18896992e+08  1.81025504e+02
 7.24435960e+08  8.57996545e+00  7.24435960e+08  1.81384839e+02
 7.30017605e+08  4.91097987e+00  7.30017605e+08  1.80942417e+02
 7.35642254e+08  1.42963855e+01  7.35642254e+08  1.82251396e+02
 7.41310241e+08  8.13830473e+00  7.41310241e+08  1.81122323e+02
 7.47021899e+08  8.01304001e+00  7.47021899e+08  1.81439963e+02
 7.52777564e+08  1.39070856e+01  7.52777564e+08  1.81314399e+02
 7.58577575e+08  4.24950605e+00  7.58577575e+08  1.80684375e+02
 7.64422274e+08  7.61674444e+00  7.64422274e+08  1.80638976e+02
 7.70312006e+08  1.34901806e+01  7.70312006e+08  1.79720134e+02
 7.76247117e+08  1.33693503e+01  7.76247117e+08  1.80179626e+02
 7.82227956e+08  5.34517234e+01  7.82227956e+08  9.18572004e+01
 7.88254877e+08  7.07795986e+00  7.88254877e+08  1.80538739e+02
 7.94328235e+08  3.43633967e+00  7.94328235e+08  1.80615525e+02
 8.00448386e+08  3.30191334e+00  8.00448386e+08  1.80798463e+02
 8.06615692e+08  3.15741848e+00  8.06615692e+08  1.80265712e+02
 8.12830516e+08  6.52736008e+00  8.12830516e+08  1.80380324e+02
 8.19093224e+08  6.40628902e+00  8.19093224e+08  1.80532134e+02
 8.25404185e+08  2.74964363e+00  8.25404185e+08  1.80643156e+02
 8.31763771e+08  2.61834585e+00  8.31763771e+08  1.80820408e+02
 8.38172356e+08  -9.31172915e-03  8.38172356e+08  1.80345782e+02
 8.44630319e+08  5.86603258e+00  8.44630319e+08  1.80237082e+02
 8.51138038e+08  5.74439636e+00  8.51138038e+08  1.81007033e+02
 8.57695899e+08  5.77668292e+01  8.57695899e+08  2.71724827e+02
 8.64304286e+08  5.46073982e+00  8.64304286e+08  1.80115419e+02
 8.70963590e+08  1.13486738e+01  8.70963590e+08  1.79378912e+02
 8.77674203e+08  5.17790656e+00  8.77674203e+08  1.80217460e+02
 8.84436519e+08  5.05778043e+00  8.84436519e+08  1.80305604e+02
 8.91250938e+08  1.09168821e+01  8.91250938e+08  1.79427709e+02
 8.98117861e+08  1.08104236e+01  8.98117861e+08  1.81888940e+02
 9.05037692e+08  1.13547232e+00  9.05037692e+08  1.80165580e+02
 9.12010839e+08  1.00162024e+00  9.12010839e+08  1.79832683e+02
 9.19037713e+08  4.36057398e+00  9.19037713e+08  1.80479333e+02
 9.26118728e+08  4.18573933e+01  9.26118728e+08  2.71849676e+02
 9.33254301e+08  6.47920264e+01  9.33254301e+08  2.71623840e+02
 9.40444852e+08  4.85504794e+01  9.40444852e+08  2.71667188e+02
 9.47690805e+08  2.98817654e-01  9.47690805e+08  1.79720842e+02
 9.54992586e+08  9.74175868e+00  9.54992586e+08  1.80233021e+02
 9.62350626e+08  9.57809023e+00  9.62350626e+08  1.80762084e+02
 9.69765359e+08  7.15016202e+01  9.69765359e+08  9.15774194e+01
 9.77237221e+08  9.33402685e+00  9.77237221e+08  1.79956582e+02
 9.84766652e+08  3.17738621e+00  9.84766652e+08  1.79671012e+02
 9.92354096e+08  3.02266098e+00  9.92354096e+08  1.81164630e+02
 1.00000000e+09  8.90870148e+00  1.00000000e+09  1.80223996e+02
