 1.00000000e+00  4.63856905e+01  1.00000000e+00  1.79999998e+02
 1.00770481e+00  4.63856905e+01  1.00770481e+00  1.79999998e+02
 1.01546899e+00  4.63856905e+01  1.01546899e+00  1.79999998e+02
 1.02329299e+00  4.63856905e+01  1.02329299e+00  1.79999998e+02
 1.03117727e+00  4.63856905e+01  1.03117727e+00  1.79999998e+02
 1.03912230e+00  4.63856905e+01  1.03912230e+00  1.79999998e+02
 1.04712855e+00  4.63856905e+01  1.04712855e+00  1.79999998e+02
 1.05519648e+00  4.63856905e+01  1.05519648e+00  1.79999998e+02
 1.06332657e+00  4.63856905e+01  1.06332657e+00  1.79999998e+02
 1.07151931e+00  4.63856905e+01  1.07151931e+00  1.79999998e+02
 1.07977516e+00  4.63856905e+01  1.07977516e+00  1.79999998e+02
 1.08809463e+00  4.63856905e+01  1.08809463e+00  1.79999998e+02
 1.09647820e+00  4.63856905e+01  1.09647820e+00  1.79999998e+02
 1.10492636e+00  4.63856905e+01  1.10492636e+00  1.79999998e+02
 1.11343961e+00  4.63856905e+01  1.11343961e+00  1.79999998e+02
 1.12201845e+00  4.63856905e+01  1.12201845e+00  1.79999998e+02
 1.13066340e+00  4.63856905e+01  1.13066340e+00  1.79999998e+02
 1.13937495e+00  4.63856905e+01  1.13937495e+00  1.79999998e+02
 1.14815362e+00  4.63856905e+01  1.14815362e+00  1.79999998e+02
 1.15699993e+00  4.63856905e+01  1.15699993e+00  1.79999998e+02
 1.16591440e+00  4.63856905e+01  1.16591440e+00  1.79999998e+02
 1.17489755e+00  4.63856905e+01  1.17489755e+00  1.79999998e+02
 1.18394992e+00  4.63856905e+01  1.18394992e+00  1.79999998e+02
 1.19307204e+00  4.63856905e+01  1.19307204e+00  1.79999998e+02
 1.20226443e+00  4.63856905e+01  1.20226443e+00  1.79999998e+02
 1.21152766e+00  4.63856905e+01  1.21152766e+00  1.79999998e+02
 1.22086225e+00  4.63856905e+01  1.22086225e+00  1.79999998e+02
 1.23026877e+00  4.63856905e+01  1.23026877e+00  1.79999998e+02
 1.23974776e+00  4.63856905e+01  1.23974776e+00  1.79999998e+02
 1.24929979e+00  4.63856905e+01  1.24929979e+00  1.79999998e+02
 1.25892541e+00  4.63856905e+01  1.25892541e+00  1.79999998e+02
 1.26862520e+00  4.63856905e+01  1.26862520e+00  1.79999998e+02
 1.27839972e+00  4.63856905e+01  1.27839972e+00  1.79999998e+02
 1.28824955e+00  4.63856905e+01  1.28824955e+00  1.79999998e+02
 1.29817528e+00  4.63856905e+01  1.29817528e+00  1.79999998e+02
 1.30817747e+00  4.63856905e+01  1.30817747e+00  1.79999998e+02
 1.31825674e+00  4.63856905e+01  1.31825674e+00  1.79999998e+02
 1.32841366e+00  4.63856905e+01  1.32841366e+00  1.79999998e+02
 1.33864884e+00  4.63856905e+01  1.33864884e+00  1.79999998e+02
 1.34896288e+00  4.63856905e+01  1.34896288e+00  1.79999998e+02
 1.35935639e+00  4.63856905e+01  1.35935639e+00  1.79999998e+02
 1.36982998e+00  4.63856905e+01  1.36982998e+00  1.79999998e+02
 1.38038426e+00  4.63856905e+01  1.38038426e+00  1.79999998e+02
 1.39101987e+00  4.63856905e+01  1.39101987e+00  1.79999998e+02
 1.40173742e+00  4.63856905e+01  1.40173742e+00  1.79999998e+02
 1.41253754e+00  4.63856905e+01  1.41253754e+00  1.79999998e+02
 1.42342088e+00  4.63856905e+01  1.42342088e+00  1.79999998e+02
 1.43438808e+00  4.63856905e+01  1.43438808e+00  1.79999998e+02
 1.44543977e+00  4.63856905e+01  1.44543977e+00  1.79999998e+02
 1.45657662e+00  4.63856905e+01  1.45657662e+00  1.79999998e+02
 1.46779927e+00  4.63856905e+01  1.46779927e+00  1.79999998e+02
 1.47910839e+00  4.63856905e+01  1.47910839e+00  1.79999998e+02
 1.49050464e+00  4.63856905e+01  1.49050464e+00  1.79999998e+02
 1.50198870e+00  4.63856905e+01  1.50198870e+00  1.79999998e+02
 1.51356125e+00  4.63856905e+01  1.51356125e+00  1.79999997e+02
 1.52522296e+00  4.63856905e+01  1.52522296e+00  1.79999997e+02
 1.53697452e+00  4.63856905e+01  1.53697452e+00  1.79999997e+02
 1.54881662e+00  4.63856905e+01  1.54881662e+00  1.79999997e+02
 1.56074996e+00  4.63856905e+01  1.56074996e+00  1.79999997e+02
 1.57277525e+00  4.63856905e+01  1.57277525e+00  1.79999997e+02
 1.58489319e+00  4.63856905e+01  1.58489319e+00  1.79999997e+02
 1.59710450e+00  4.63856905e+01  1.59710450e+00  1.79999997e+02
 1.60940989e+00  4.63856905e+01  1.60940989e+00  1.79999997e+02
 1.62181010e+00  4.63856905e+01  1.62181010e+00  1.79999997e+02
 1.63430584e+00  4.63856905e+01  1.63430584e+00  1.79999997e+02
 1.64689787e+00  4.63856905e+01  1.64689787e+00  1.79999997e+02
 1.65958691e+00  4.63856905e+01  1.65958691e+00  1.79999997e+02
 1.67237372e+00  4.63856905e+01  1.67237372e+00  1.79999997e+02
 1.68525904e+00  4.63856905e+01  1.68525904e+00  1.79999997e+02
 1.69824365e+00  4.63856905e+01  1.69824365e+00  1.79999997e+02
 1.71132830e+00  4.63856905e+01  1.71132830e+00  1.79999997e+02
 1.72451377e+00  4.63856905e+01  1.72451377e+00  1.79999997e+02
 1.73780083e+00  4.63856905e+01  1.73780083e+00  1.79999997e+02
 1.75119026e+00  4.63856905e+01  1.75119026e+00  1.79999997e+02
 1.76468286e+00  4.63856905e+01  1.76468286e+00  1.79999997e+02
 1.77827941e+00  4.63856905e+01  1.77827941e+00  1.79999997e+02
 1.79198072e+00  4.63856905e+01  1.79198072e+00  1.79999997e+02
 1.80578760e+00  4.63856905e+01  1.80578760e+00  1.79999997e+02
 1.81970086e+00  4.63856905e+01  1.81970086e+00  1.79999997e+02
 1.83372132e+00  4.63856905e+01  1.83372132e+00  1.79999997e+02
 1.84784980e+00  4.63856905e+01  1.84784980e+00  1.79999997e+02
 1.86208714e+00  4.63856905e+01  1.86208714e+00  1.79999997e+02
 1.87643417e+00  4.63856905e+01  1.87643417e+00  1.79999997e+02
 1.89089175e+00  4.63856905e+01  1.89089175e+00  1.79999997e+02
 1.90546072e+00  4.63856905e+01  1.90546072e+00  1.79999997e+02
 1.92014194e+00  4.63856905e+01  1.92014194e+00  1.79999997e+02
 1.93493628e+00  4.63856905e+01  1.93493628e+00  1.79999997e+02
 1.94984460e+00  4.63856905e+01  1.94984460e+00  1.79999997e+02
 1.96486779e+00  4.63856905e+01  1.96486779e+00  1.79999997e+02
 1.98000673e+00  4.63856905e+01  1.98000673e+00  1.79999997e+02
 1.99526231e+00  4.63856905e+01  1.99526231e+00  1.79999997e+02
 2.01063544e+00  4.63856905e+01  2.01063544e+00  1.79999997e+02
 2.02612701e+00  4.63856905e+01  2.02612701e+00  1.79999997e+02
 2.04173794e+00  4.63856905e+01  2.04173794e+00  1.79999997e+02
 2.05746916e+00  4.63856905e+01  2.05746916e+00  1.79999997e+02
 2.07332157e+00  4.63856905e+01  2.07332157e+00  1.79999997e+02
 2.08929613e+00  4.63856905e+01  2.08929613e+00  1.79999997e+02
 2.10539377e+00  4.63856905e+01  2.10539377e+00  1.79999997e+02
 2.12161544e+00  4.63856905e+01  2.12161544e+00  1.79999996e+02
 2.13796209e+00  4.63856905e+01  2.13796209e+00  1.79999996e+02
 2.15443469e+00  4.63856905e+01  2.15443469e+00  1.79999996e+02
 2.17103421e+00  4.63856905e+01  2.17103421e+00  1.79999996e+02
 2.18776162e+00  4.63856905e+01  2.18776162e+00  1.79999996e+02
 2.20461792e+00  4.63856905e+01  2.20461792e+00  1.79999996e+02
 2.22160409e+00  4.63856905e+01  2.22160409e+00  1.79999996e+02
 2.23872114e+00  4.63856905e+01  2.23872114e+00  1.79999996e+02
 2.25597007e+00  4.63856905e+01  2.25597007e+00  1.79999996e+02
 2.27335190e+00  4.63856905e+01  2.27335190e+00  1.79999996e+02
 2.29086765e+00  4.63856905e+01  2.29086765e+00  1.79999996e+02
 2.30851836e+00  4.63856905e+01  2.30851836e+00  1.79999996e+02
 2.32630507e+00  4.63856905e+01  2.32630507e+00  1.79999996e+02
 2.34422882e+00  4.63856905e+01  2.34422882e+00  1.79999996e+02
 2.36229066e+00  4.63856905e+01  2.36229066e+00  1.79999996e+02
 2.38049167e+00  4.63856905e+01  2.38049167e+00  1.79999996e+02
 2.39883292e+00  4.63856905e+01  2.39883292e+00  1.79999996e+02
 2.41731548e+00  4.63856905e+01  2.41731548e+00  1.79999996e+02
 2.43594045e+00  4.63856905e+01  2.43594045e+00  1.79999996e+02
 2.45470892e+00  4.63856905e+01  2.45470892e+00  1.79999996e+02
 2.47362199e+00  4.63856905e+01  2.47362199e+00  1.79999996e+02
 2.49268079e+00  4.63856905e+01  2.49268079e+00  1.79999996e+02
 2.51188643e+00  4.63856905e+01  2.51188643e+00  1.79999996e+02
 2.53124005e+00  4.63856905e+01  2.53124005e+00  1.79999996e+02
 2.55074278e+00  4.63856905e+01  2.55074278e+00  1.79999996e+02
 2.57039578e+00  4.63856905e+01  2.57039578e+00  1.79999996e+02
 2.59020020e+00  4.63856905e+01  2.59020020e+00  1.79999996e+02
 2.61015722e+00  4.63856905e+01  2.61015722e+00  1.79999996e+02
 2.63026799e+00  4.63856905e+01  2.63026799e+00  1.79999996e+02
 2.65053372e+00  4.63856905e+01  2.65053372e+00  1.79999996e+02
 2.67095559e+00  4.63856905e+01  2.67095559e+00  1.79999996e+02
 2.69153480e+00  4.63856905e+01  2.69153480e+00  1.79999996e+02
 2.71227258e+00  4.63856905e+01  2.71227258e+00  1.79999995e+02
 2.73317014e+00  4.63856905e+01  2.73317014e+00  1.79999995e+02
 2.75422870e+00  4.63856905e+01  2.75422870e+00  1.79999995e+02
 2.77544952e+00  4.63856905e+01  2.77544952e+00  1.79999995e+02
 2.79683385e+00  4.63856905e+01  2.79683385e+00  1.79999995e+02
 2.81838293e+00  4.63856905e+01  2.81838293e+00  1.79999995e+02
 2.84009805e+00  4.63856905e+01  2.84009805e+00  1.79999995e+02
 2.86198048e+00  4.63856905e+01  2.86198048e+00  1.79999995e+02
 2.88403150e+00  4.63856905e+01  2.88403150e+00  1.79999995e+02
 2.90625243e+00  4.63856905e+01  2.90625243e+00  1.79999995e+02
 2.92864456e+00  4.63856905e+01  2.92864456e+00  1.79999995e+02
 2.95120923e+00  4.63856905e+01  2.95120923e+00  1.79999995e+02
 2.97394775e+00  4.63856905e+01  2.97394775e+00  1.79999995e+02
 2.99686146e+00  4.63856905e+01  2.99686146e+00  1.79999995e+02
 3.01995172e+00  4.63856905e+01  3.01995172e+00  1.79999995e+02
 3.04321989e+00  4.63856905e+01  3.04321989e+00  1.79999995e+02
 3.06666733e+00  4.63856905e+01  3.06666733e+00  1.79999995e+02
 3.09029543e+00  4.63856905e+01  3.09029543e+00  1.79999995e+02
 3.11410558e+00  4.63856905e+01  3.11410558e+00  1.79999995e+02
 3.13809919e+00  4.63856905e+01  3.13809919e+00  1.79999995e+02
 3.16227766e+00  4.63856905e+01  3.16227766e+00  1.79999995e+02
 3.18664242e+00  4.63856905e+01  3.18664242e+00  1.79999995e+02
 3.21119491e+00  4.63856905e+01  3.21119491e+00  1.79999995e+02
 3.23593657e+00  4.63856905e+01  3.23593657e+00  1.79999995e+02
 3.26086886e+00  4.63856905e+01  3.26086886e+00  1.79999995e+02
 3.28599325e+00  4.63856905e+01  3.28599325e+00  1.79999995e+02
 3.31131121e+00  4.63856905e+01  3.31131121e+00  1.79999995e+02
 3.33682425e+00  4.63856905e+01  3.33682425e+00  1.79999994e+02
 3.36253386e+00  4.63856905e+01  3.36253386e+00  1.79999994e+02
 3.38844156e+00  4.63856905e+01  3.38844156e+00  1.79999994e+02
 3.41454887e+00  4.63856905e+01  3.41454887e+00  1.79999994e+02
 3.44085734e+00  4.63856905e+01  3.44085734e+00  1.79999994e+02
 3.46736850e+00  4.63856905e+01  3.46736850e+00  1.79999994e+02
 3.49408393e+00  4.63856905e+01  3.49408393e+00  1.79999994e+02
 3.52100520e+00  4.63856905e+01  3.52100520e+00  1.79999994e+02
 3.54813389e+00  4.63856905e+01  3.54813389e+00  1.79999994e+02
 3.57547160e+00  4.63856905e+01  3.57547160e+00  1.79999994e+02
 3.60301995e+00  4.63856905e+01  3.60301995e+00  1.79999994e+02
 3.63078055e+00  4.63856905e+01  3.63078055e+00  1.79999994e+02
 3.65875504e+00  4.63856905e+01  3.65875504e+00  1.79999994e+02
 3.68694506e+00  4.63856905e+01  3.68694506e+00  1.79999994e+02
 3.71535229e+00  4.63856905e+01  3.71535229e+00  1.79999994e+02
 3.74397839e+00  4.63856905e+01  3.74397839e+00  1.79999994e+02
 3.77282505e+00  4.63856905e+01  3.77282505e+00  1.79999994e+02
 3.80189396e+00  4.63856905e+01  3.80189396e+00  1.79999994e+02
 3.83118685e+00  4.63856905e+01  3.83118685e+00  1.79999994e+02
 3.86070543e+00  4.63856905e+01  3.86070543e+00  1.79999994e+02
 3.89045145e+00  4.63856905e+01  3.89045145e+00  1.79999994e+02
 3.92042666e+00  4.63856905e+01  3.92042666e+00  1.79999993e+02
 3.95063281e+00  4.63856905e+01  3.95063281e+00  1.79999993e+02
 3.98107171e+00  4.63856905e+01  3.98107171e+00  1.79999993e+02
 4.01174512e+00  4.63856905e+01  4.01174512e+00  1.79999993e+02
 4.04265487e+00  4.63856905e+01  4.04265487e+00  1.79999993e+02
 4.07380278e+00  4.63856905e+01  4.07380278e+00  1.79999993e+02
 4.10519067e+00  4.63856905e+01  4.10519067e+00  1.79999993e+02
 4.13682040e+00  4.63856905e+01  4.13682040e+00  1.79999993e+02
 4.16869383e+00  4.63856905e+01  4.16869383e+00  1.79999993e+02
 4.20081285e+00  4.63856905e+01  4.20081285e+00  1.79999993e+02
 4.23317933e+00  4.63856905e+01  4.23317933e+00  1.79999993e+02
 4.26579519e+00  4.63856905e+01  4.26579519e+00  1.79999993e+02
 4.29866235e+00  4.63856905e+01  4.29866235e+00  1.79999993e+02
 4.33178274e+00  4.63856905e+01  4.33178274e+00  1.79999993e+02
 4.36515832e+00  4.63856905e+01  4.36515832e+00  1.79999993e+02
 4.39879106e+00  4.63856905e+01  4.39879106e+00  1.79999993e+02
 4.43268292e+00  4.63856905e+01  4.43268292e+00  1.79999993e+02
 4.46683592e+00  4.63856905e+01  4.46683592e+00  1.79999993e+02
 4.50125206e+00  4.63856905e+01  4.50125206e+00  1.79999993e+02
 4.53593337e+00  4.63856905e+01  4.53593337e+00  1.79999992e+02
 4.57088190e+00  4.63856905e+01  4.57088190e+00  1.79999992e+02
 4.60609969e+00  4.63856905e+01  4.60609969e+00  1.79999992e+02
 4.64158883e+00  4.63856905e+01  4.64158883e+00  1.79999992e+02
 4.67735141e+00  4.63856905e+01  4.67735141e+00  1.79999992e+02
 4.71338954e+00  4.63856905e+01  4.71338954e+00  1.79999992e+02
 4.74970533e+00  4.63856905e+01  4.74970533e+00  1.79999992e+02
 4.78630092e+00  4.63856905e+01  4.78630092e+00  1.79999992e+02
 4.82317848e+00  4.63856905e+01  4.82317848e+00  1.79999992e+02
 4.86034018e+00  4.63856905e+01  4.86034018e+00  1.79999992e+02
 4.89778819e+00  4.63856905e+01  4.89778819e+00  1.79999992e+02
 4.93552474e+00  4.63856905e+01  4.93552474e+00  1.79999992e+02
 4.97355204e+00  4.63856905e+01  4.97355204e+00  1.79999992e+02
 5.01187234e+00  4.63856905e+01  5.01187234e+00  1.79999992e+02
 5.05048788e+00  4.63856905e+01  5.05048788e+00  1.79999992e+02
 5.08940095e+00  4.63856905e+01  5.08940095e+00  1.79999992e+02
 5.12861384e+00  4.63856905e+01  5.12861384e+00  1.79999991e+02
 5.16812886e+00  4.63856905e+01  5.16812886e+00  1.79999991e+02
 5.20794833e+00  4.63856905e+01  5.20794833e+00  1.79999991e+02
 5.24807460e+00  4.63856905e+01  5.24807460e+00  1.79999991e+02
 5.28851004e+00  4.63856905e+01  5.28851004e+00  1.79999991e+02
 5.32925703e+00  4.63856905e+01  5.32925703e+00  1.79999991e+02
 5.37031796e+00  4.63856905e+01  5.37031796e+00  1.79999991e+02
 5.41169527e+00  4.63856905e+01  5.41169527e+00  1.79999991e+02
 5.45339137e+00  4.63856905e+01  5.45339137e+00  1.79999991e+02
 5.49540874e+00  4.63856905e+01  5.49540874e+00  1.79999991e+02
 5.53774984e+00  4.63856905e+01  5.53774984e+00  1.79999991e+02
 5.58041717e+00  4.63856905e+01  5.58041717e+00  1.79999991e+02
 5.62341325e+00  4.63856905e+01  5.62341325e+00  1.79999991e+02
 5.66674061e+00  4.63856905e+01  5.66674061e+00  1.79999991e+02
 5.71040179e+00  4.63856905e+01  5.71040179e+00  1.79999991e+02
 5.75439937e+00  4.63856905e+01  5.75439937e+00  1.79999990e+02
 5.79873595e+00  4.63856905e+01  5.79873595e+00  1.79999990e+02
 5.84341413e+00  4.63856905e+01  5.84341413e+00  1.79999990e+02
 5.88843655e+00  4.63856905e+01  5.88843655e+00  1.79999990e+02
 5.93380586e+00  4.63856905e+01  5.93380586e+00  1.79999990e+02
 5.97952473e+00  4.63856905e+01  5.97952473e+00  1.79999990e+02
 6.02559586e+00  4.63856905e+01  6.02559586e+00  1.79999990e+02
 6.07202196e+00  4.63856905e+01  6.07202196e+00  1.79999990e+02
 6.11880576e+00  4.63856905e+01  6.11880576e+00  1.79999990e+02
 6.16595002e+00  4.63856905e+01  6.16595002e+00  1.79999990e+02
 6.21345752e+00  4.63856905e+01  6.21345752e+00  1.79999990e+02
 6.26133105e+00  4.63856905e+01  6.26133105e+00  1.79999990e+02
 6.30957344e+00  4.63856905e+01  6.30957344e+00  1.79999990e+02
 6.35818754e+00  4.63856905e+01  6.35818754e+00  1.79999989e+02
 6.40717619e+00  4.63856905e+01  6.40717619e+00  1.79999989e+02
 6.45654229e+00  4.63856905e+01  6.45654229e+00  1.79999989e+02
 6.50628875e+00  4.63856905e+01  6.50628875e+00  1.79999989e+02
 6.55641849e+00  4.63856905e+01  6.55641849e+00  1.79999989e+02
 6.60693448e+00  4.63856905e+01  6.60693448e+00  1.79999989e+02
 6.65783968e+00  4.63856905e+01  6.65783968e+00  1.79999989e+02
 6.70913710e+00  4.63856905e+01  6.70913710e+00  1.79999989e+02
 6.76082975e+00  4.63856905e+01  6.76082975e+00  1.79999989e+02
 6.81292069e+00  4.63856905e+01  6.81292069e+00  1.79999989e+02
 6.86541298e+00  4.63856905e+01  6.86541298e+00  1.79999989e+02
 6.91830971e+00  4.63856905e+01  6.91830971e+00  1.79999989e+02
 6.97161400e+00  4.63856905e+01  6.97161400e+00  1.79999988e+02
 7.02532899e+00  4.63856905e+01  7.02532899e+00  1.79999988e+02
 7.07945784e+00  4.63856905e+01  7.07945784e+00  1.79999988e+02
 7.13400375e+00  4.63856905e+01  7.13400375e+00  1.79999988e+02
 7.18896992e+00  4.63856905e+01  7.18896992e+00  1.79999988e+02
 7.24435960e+00  4.63856905e+01  7.24435960e+00  1.79999988e+02
 7.30017605e+00  4.63856905e+01  7.30017605e+00  1.79999988e+02
 7.35642254e+00  4.63856905e+01  7.35642254e+00  1.79999988e+02
 7.41310241e+00  4.63856905e+01  7.41310241e+00  1.79999988e+02
 7.47021899e+00  4.63856905e+01  7.47021899e+00  1.79999988e+02
 7.52777564e+00  4.63856905e+01  7.52777564e+00  1.79999988e+02
 7.58577575e+00  4.63856905e+01  7.58577575e+00  1.79999987e+02
 7.64422274e+00  4.63856905e+01  7.64422274e+00  1.79999987e+02
 7.70312006e+00  4.63856905e+01  7.70312006e+00  1.79999987e+02
 7.76247117e+00  4.63856905e+01  7.76247117e+00  1.79999987e+02
 7.82227956e+00  4.63856905e+01  7.82227956e+00  1.79999987e+02
 7.88254877e+00  4.63856905e+01  7.88254877e+00  1.79999987e+02
 7.94328235e+00  4.63856905e+01  7.94328235e+00  1.79999987e+02
 8.00448386e+00  4.63856905e+01  8.00448386e+00  1.79999987e+02
 8.06615692e+00  4.63856905e+01  8.06615692e+00  1.79999987e+02
 8.12830516e+00  4.63856905e+01  8.12830516e+00  1.79999987e+02
 8.19093224e+00  4.63856905e+01  8.19093224e+00  1.79999986e+02
 8.25404185e+00  4.63856905e+01  8.25404185e+00  1.79999986e+02
 8.31763771e+00  4.63856905e+01  8.31763771e+00  1.79999986e+02
 8.38172356e+00  4.63856905e+01  8.38172356e+00  1.79999986e+02
 8.44630319e+00  4.63856905e+01  8.44630319e+00  1.79999986e+02
 8.51138038e+00  4.63856905e+01  8.51138038e+00  1.79999986e+02
 8.57695899e+00  4.63856905e+01  8.57695899e+00  1.79999986e+02
 8.64304286e+00  4.63856905e+01  8.64304286e+00  1.79999986e+02
 8.70963590e+00  4.63856905e+01  8.70963590e+00  1.79999986e+02
 8.77674203e+00  4.63856905e+01  8.77674203e+00  1.79999985e+02
 8.84436519e+00  4.63856905e+01  8.84436519e+00  1.79999985e+02
 8.91250938e+00  4.63856905e+01  8.91250938e+00  1.79999985e+02
 8.98117861e+00  4.63856905e+01  8.98117861e+00  1.79999985e+02
 9.05037692e+00  4.63856905e+01  9.05037692e+00  1.79999985e+02
 9.12010839e+00  4.63856905e+01  9.12010839e+00  1.79999985e+02
 9.19037713e+00  4.63856905e+01  9.19037713e+00  1.79999985e+02
 9.26118728e+00  4.63856905e+01  9.26118728e+00  1.79999985e+02
 9.33254301e+00  4.63856905e+01  9.33254301e+00  1.79999985e+02
 9.40444852e+00  4.63856905e+01  9.40444852e+00  1.79999984e+02
 9.47690805e+00  4.63856905e+01  9.47690805e+00  1.79999984e+02
 9.54992586e+00  4.63856905e+01  9.54992586e+00  1.79999984e+02
 9.62350626e+00  4.63856905e+01  9.62350626e+00  1.79999984e+02
 9.69765359e+00  4.63856905e+01  9.69765359e+00  1.79999984e+02
 9.77237221e+00  4.63856905e+01  9.77237221e+00  1.79999984e+02
 9.84766652e+00  4.63856905e+01  9.84766652e+00  1.79999984e+02
 9.92354096e+00  4.63856905e+01  9.92354096e+00  1.79999984e+02
 1.00000000e+01  4.63856905e+01  1.00000000e+01  1.79999983e+02
 1.00770481e+01  4.63856905e+01  1.00770481e+01  1.79999983e+02
 1.01546899e+01  4.63856905e+01  1.01546899e+01  1.79999983e+02
 1.02329299e+01  4.63856905e+01  1.02329299e+01  1.79999983e+02
 1.03117727e+01  4.63856905e+01  1.03117727e+01  1.79999983e+02
 1.03912230e+01  4.63856905e+01  1.03912230e+01  1.79999983e+02
 1.04712855e+01  4.63856905e+01  1.04712855e+01  1.79999983e+02
 1.05519648e+01  4.63856905e+01  1.05519648e+01  1.79999982e+02
 1.06332657e+01  4.63856905e+01  1.06332657e+01  1.79999982e+02
 1.07151931e+01  4.63856905e+01  1.07151931e+01  1.79999982e+02
 1.07977516e+01  4.63856905e+01  1.07977516e+01  1.79999982e+02
 1.08809463e+01  4.63856905e+01  1.08809463e+01  1.79999982e+02
 1.09647820e+01  4.63856905e+01  1.09647820e+01  1.79999982e+02
 1.10492636e+01  4.63856905e+01  1.10492636e+01  1.79999982e+02
 1.11343961e+01  4.63856905e+01  1.11343961e+01  1.79999982e+02
 1.12201845e+01  4.63856905e+01  1.12201845e+01  1.79999981e+02
 1.13066340e+01  4.63856905e+01  1.13066340e+01  1.79999981e+02
 1.13937495e+01  4.63856905e+01  1.13937495e+01  1.79999981e+02
 1.14815362e+01  4.63856905e+01  1.14815362e+01  1.79999981e+02
 1.15699993e+01  4.63856905e+01  1.15699993e+01  1.79999981e+02
 1.16591440e+01  4.63856905e+01  1.16591440e+01  1.79999981e+02
 1.17489755e+01  4.63856905e+01  1.17489755e+01  1.79999981e+02
 1.18394992e+01  4.63856905e+01  1.18394992e+01  1.79999980e+02
 1.19307204e+01  4.63856905e+01  1.19307204e+01  1.79999980e+02
 1.20226443e+01  4.63856905e+01  1.20226443e+01  1.79999980e+02
 1.21152766e+01  4.63856905e+01  1.21152766e+01  1.79999980e+02
 1.22086225e+01  4.63856905e+01  1.22086225e+01  1.79999980e+02
 1.23026877e+01  4.63856905e+01  1.23026877e+01  1.79999980e+02
 1.23974776e+01  4.63856905e+01  1.23974776e+01  1.79999979e+02
 1.24929979e+01  4.63856905e+01  1.24929979e+01  1.79999979e+02
 1.25892541e+01  4.63856905e+01  1.25892541e+01  1.79999979e+02
 1.26862520e+01  4.63856905e+01  1.26862520e+01  1.79999979e+02
 1.27839972e+01  4.63856905e+01  1.27839972e+01  1.79999979e+02
 1.28824955e+01  4.63856905e+01  1.28824955e+01  1.79999979e+02
 1.29817528e+01  4.63856905e+01  1.29817528e+01  1.79999978e+02
 1.30817747e+01  4.63856905e+01  1.30817747e+01  1.79999978e+02
 1.31825674e+01  4.63856905e+01  1.31825674e+01  1.79999978e+02
 1.32841366e+01  4.63856905e+01  1.32841366e+01  1.79999978e+02
 1.33864884e+01  4.63856905e+01  1.33864884e+01  1.79999978e+02
 1.34896288e+01  4.63856905e+01  1.34896288e+01  1.79999978e+02
 1.35935639e+01  4.63856905e+01  1.35935639e+01  1.79999977e+02
 1.36982998e+01  4.63856905e+01  1.36982998e+01  1.79999977e+02
 1.38038426e+01  4.63856905e+01  1.38038426e+01  1.79999977e+02
 1.39101987e+01  4.63856905e+01  1.39101987e+01  1.79999977e+02
 1.40173742e+01  4.63856905e+01  1.40173742e+01  1.79999977e+02
 1.41253754e+01  4.63856905e+01  1.41253754e+01  1.79999977e+02
 1.42342088e+01  4.63856905e+01  1.42342088e+01  1.79999976e+02
 1.43438808e+01  4.63856905e+01  1.43438808e+01  1.79999976e+02
 1.44543977e+01  4.63856905e+01  1.44543977e+01  1.79999976e+02
 1.45657662e+01  4.63856905e+01  1.45657662e+01  1.79999976e+02
 1.46779927e+01  4.63856905e+01  1.46779927e+01  1.79999976e+02
 1.47910839e+01  4.63856905e+01  1.47910839e+01  1.79999975e+02
 1.49050464e+01  4.63856905e+01  1.49050464e+01  1.79999975e+02
 1.50198870e+01  4.63856905e+01  1.50198870e+01  1.79999975e+02
 1.51356125e+01  4.63856905e+01  1.51356125e+01  1.79999975e+02
 1.52522296e+01  4.63856905e+01  1.52522296e+01  1.79999975e+02
 1.53697452e+01  4.63856905e+01  1.53697452e+01  1.79999974e+02
 1.54881662e+01  4.63856905e+01  1.54881662e+01  1.79999974e+02
 1.56074996e+01  4.63856905e+01  1.56074996e+01  1.79999974e+02
 1.57277525e+01  4.63856905e+01  1.57277525e+01  1.79999974e+02
 1.58489319e+01  4.63856905e+01  1.58489319e+01  1.79999974e+02
 1.59710450e+01  4.63856905e+01  1.59710450e+01  1.79999974e+02
 1.60940989e+01  4.63856905e+01  1.60940989e+01  1.79999973e+02
 1.62181010e+01  4.63856905e+01  1.62181010e+01  1.79999973e+02
 1.63430584e+01  4.63856905e+01  1.63430584e+01  1.79999973e+02
 1.64689787e+01  4.63856905e+01  1.64689787e+01  1.79999973e+02
 1.65958691e+01  4.63856905e+01  1.65958691e+01  1.79999972e+02
 1.67237372e+01  4.63856905e+01  1.67237372e+01  1.79999972e+02
 1.68525904e+01  4.63856905e+01  1.68525904e+01  1.79999972e+02
 1.69824365e+01  4.63856905e+01  1.69824365e+01  1.79999972e+02
 1.71132830e+01  4.63856905e+01  1.71132830e+01  1.79999972e+02
 1.72451377e+01  4.63856905e+01  1.72451377e+01  1.79999971e+02
 1.73780083e+01  4.63856905e+01  1.73780083e+01  1.79999971e+02
 1.75119026e+01  4.63856905e+01  1.75119026e+01  1.79999971e+02
 1.76468286e+01  4.63856905e+01  1.76468286e+01  1.79999971e+02
 1.77827941e+01  4.63856905e+01  1.77827941e+01  1.79999970e+02
 1.79198072e+01  4.63856905e+01  1.79198072e+01  1.79999970e+02
 1.80578760e+01  4.63856905e+01  1.80578760e+01  1.79999970e+02
 1.81970086e+01  4.63856905e+01  1.81970086e+01  1.79999970e+02
 1.83372132e+01  4.63856905e+01  1.83372132e+01  1.79999970e+02
 1.84784980e+01  4.63856905e+01  1.84784980e+01  1.79999969e+02
 1.86208714e+01  4.63856905e+01  1.86208714e+01  1.79999969e+02
 1.87643417e+01  4.63856905e+01  1.87643417e+01  1.79999969e+02
 1.89089175e+01  4.63856905e+01  1.89089175e+01  1.79999969e+02
 1.90546072e+01  4.63856905e+01  1.90546072e+01  1.79999968e+02
 1.92014194e+01  4.63856905e+01  1.92014194e+01  1.79999968e+02
 1.93493628e+01  4.63856905e+01  1.93493628e+01  1.79999968e+02
 1.94984460e+01  4.63856905e+01  1.94984460e+01  1.79999968e+02
 1.96486779e+01  4.63856905e+01  1.96486779e+01  1.79999967e+02
 1.98000673e+01  4.63856905e+01  1.98000673e+01  1.79999967e+02
 1.99526231e+01  4.63856905e+01  1.99526231e+01  1.79999967e+02
 2.01063544e+01  4.63856905e+01  2.01063544e+01  1.79999967e+02
 2.02612701e+01  4.63856905e+01  2.02612701e+01  1.79999966e+02
 2.04173794e+01  4.63856905e+01  2.04173794e+01  1.79999966e+02
 2.05746916e+01  4.63856905e+01  2.05746916e+01  1.79999966e+02
 2.07332157e+01  4.63856905e+01  2.07332157e+01  1.79999966e+02
 2.08929613e+01  4.63856905e+01  2.08929613e+01  1.79999965e+02
 2.10539377e+01  4.63856905e+01  2.10539377e+01  1.79999965e+02
 2.12161544e+01  4.63856905e+01  2.12161544e+01  1.79999965e+02
 2.13796209e+01  4.63856905e+01  2.13796209e+01  1.79999965e+02
 2.15443469e+01  4.63856905e+01  2.15443469e+01  1.79999964e+02
 2.17103421e+01  4.63856905e+01  2.17103421e+01  1.79999964e+02
 2.18776162e+01  4.63856905e+01  2.18776162e+01  1.79999964e+02
 2.20461792e+01  4.63856905e+01  2.20461792e+01  1.79999963e+02
 2.22160409e+01  4.63856905e+01  2.22160409e+01  1.79999963e+02
 2.23872114e+01  4.63856905e+01  2.23872114e+01  1.79999963e+02
 2.25597007e+01  4.63856905e+01  2.25597007e+01  1.79999963e+02
 2.27335190e+01  4.63856905e+01  2.27335190e+01  1.79999962e+02
 2.29086765e+01  4.63856905e+01  2.29086765e+01  1.79999962e+02
 2.30851836e+01  4.63856905e+01  2.30851836e+01  1.79999962e+02
 2.32630507e+01  4.63856905e+01  2.32630507e+01  1.79999961e+02
 2.34422882e+01  4.63856905e+01  2.34422882e+01  1.79999961e+02
 2.36229066e+01  4.63856905e+01  2.36229066e+01  1.79999961e+02
 2.38049167e+01  4.63856905e+01  2.38049167e+01  1.79999961e+02
 2.39883292e+01  4.63856905e+01  2.39883292e+01  1.79999960e+02
 2.41731548e+01  4.63856905e+01  2.41731548e+01  1.79999960e+02
 2.43594045e+01  4.63856905e+01  2.43594045e+01  1.79999960e+02
 2.45470892e+01  4.63856905e+01  2.45470892e+01  1.79999959e+02
 2.47362199e+01  4.63856905e+01  2.47362199e+01  1.79999959e+02
 2.49268079e+01  4.63856905e+01  2.49268079e+01  1.79999959e+02
 2.51188643e+01  4.63856905e+01  2.51188643e+01  1.79999958e+02
 2.53124005e+01  4.63856905e+01  2.53124005e+01  1.79999958e+02
 2.55074278e+01  4.63856905e+01  2.55074278e+01  1.79999958e+02
 2.57039578e+01  4.63856905e+01  2.57039578e+01  1.79999957e+02
 2.59020020e+01  4.63856905e+01  2.59020020e+01  1.79999957e+02
 2.61015722e+01  4.63856905e+01  2.61015722e+01  1.79999957e+02
 2.63026799e+01  4.63856905e+01  2.63026799e+01  1.79999956e+02
 2.65053372e+01  4.63856905e+01  2.65053372e+01  1.79999956e+02
 2.67095559e+01  4.63856905e+01  2.67095559e+01  1.79999956e+02
 2.69153480e+01  4.63856905e+01  2.69153480e+01  1.79999955e+02
 2.71227258e+01  4.63856905e+01  2.71227258e+01  1.79999955e+02
 2.73317014e+01  4.63856905e+01  2.73317014e+01  1.79999955e+02
 2.75422870e+01  4.63856905e+01  2.75422870e+01  1.79999954e+02
 2.77544952e+01  4.63856905e+01  2.77544952e+01  1.79999954e+02
 2.79683385e+01  4.63856905e+01  2.79683385e+01  1.79999954e+02
 2.81838293e+01  4.63856905e+01  2.81838293e+01  1.79999953e+02
 2.84009805e+01  4.63856905e+01  2.84009805e+01  1.79999953e+02
 2.86198048e+01  4.63856905e+01  2.86198048e+01  1.79999953e+02
 2.88403150e+01  4.63856905e+01  2.88403150e+01  1.79999952e+02
 2.90625243e+01  4.63856905e+01  2.90625243e+01  1.79999952e+02
 2.92864456e+01  4.63856905e+01  2.92864456e+01  1.79999951e+02
 2.95120923e+01  4.63856905e+01  2.95120923e+01  1.79999951e+02
 2.97394775e+01  4.63856905e+01  2.97394775e+01  1.79999951e+02
 2.99686146e+01  4.63856905e+01  2.99686146e+01  1.79999950e+02
 3.01995172e+01  4.63856905e+01  3.01995172e+01  1.79999950e+02
 3.04321989e+01  4.63856905e+01  3.04321989e+01  1.79999950e+02
 3.06666733e+01  4.63856905e+01  3.06666733e+01  1.79999949e+02
 3.09029543e+01  4.63856905e+01  3.09029543e+01  1.79999949e+02
 3.11410558e+01  4.63856905e+01  3.11410558e+01  1.79999948e+02
 3.13809919e+01  4.63856905e+01  3.13809919e+01  1.79999948e+02
 3.16227766e+01  4.63856905e+01  3.16227766e+01  1.79999948e+02
 3.18664242e+01  4.63856905e+01  3.18664242e+01  1.79999947e+02
 3.21119491e+01  4.63856905e+01  3.21119491e+01  1.79999947e+02
 3.23593657e+01  4.63856905e+01  3.23593657e+01  1.79999946e+02
 3.26086886e+01  4.63856905e+01  3.26086886e+01  1.79999946e+02
 3.28599325e+01  4.63856905e+01  3.28599325e+01  1.79999945e+02
 3.31131121e+01  4.63856905e+01  3.31131121e+01  1.79999945e+02
 3.33682425e+01  4.63856905e+01  3.33682425e+01  1.79999945e+02
 3.36253386e+01  4.63856905e+01  3.36253386e+01  1.79999944e+02
 3.38844156e+01  4.63856905e+01  3.38844156e+01  1.79999944e+02
 3.41454887e+01  4.63856905e+01  3.41454887e+01  1.79999943e+02
 3.44085734e+01  4.63856905e+01  3.44085734e+01  1.79999943e+02
 3.46736850e+01  4.63856905e+01  3.46736850e+01  1.79999942e+02
 3.49408393e+01  4.63856905e+01  3.49408393e+01  1.79999942e+02
 3.52100520e+01  4.63856905e+01  3.52100520e+01  1.79999942e+02
 3.54813389e+01  4.63856905e+01  3.54813389e+01  1.79999941e+02
 3.57547160e+01  4.63856905e+01  3.57547160e+01  1.79999941e+02
 3.60301995e+01  4.63856905e+01  3.60301995e+01  1.79999940e+02
 3.63078055e+01  4.63856905e+01  3.63078055e+01  1.79999940e+02
 3.65875504e+01  4.63856905e+01  3.65875504e+01  1.79999939e+02
 3.68694506e+01  4.63856905e+01  3.68694506e+01  1.79999939e+02
 3.71535229e+01  4.63856905e+01  3.71535229e+01  1.79999938e+02
 3.74397839e+01  4.63856905e+01  3.74397839e+01  1.79999938e+02
 3.77282505e+01  4.63856905e+01  3.77282505e+01  1.79999937e+02
 3.80189396e+01  4.63856905e+01  3.80189396e+01  1.79999937e+02
 3.83118685e+01  4.63856905e+01  3.83118685e+01  1.79999936e+02
 3.86070543e+01  4.63856905e+01  3.86070543e+01  1.79999936e+02
 3.89045145e+01  4.63856905e+01  3.89045145e+01  1.79999935e+02
 3.92042666e+01  4.63856905e+01  3.92042666e+01  1.79999935e+02
 3.95063281e+01  4.63856905e+01  3.95063281e+01  1.79999934e+02
 3.98107171e+01  4.63856905e+01  3.98107171e+01  1.79999934e+02
 4.01174512e+01  4.63856905e+01  4.01174512e+01  1.79999933e+02
 4.04265487e+01  4.63856905e+01  4.04265487e+01  1.79999933e+02
 4.07380278e+01  4.63856905e+01  4.07380278e+01  1.79999932e+02
 4.10519067e+01  4.63856905e+01  4.10519067e+01  1.79999932e+02
 4.13682040e+01  4.63856905e+01  4.13682040e+01  1.79999931e+02
 4.16869383e+01  4.63856905e+01  4.16869383e+01  1.79999931e+02
 4.20081285e+01  4.63856905e+01  4.20081285e+01  1.79999930e+02
 4.23317933e+01  4.63856905e+01  4.23317933e+01  1.79999930e+02
 4.26579519e+01  4.63856905e+01  4.26579519e+01  1.79999929e+02
 4.29866235e+01  4.63856905e+01  4.29866235e+01  1.79999929e+02
 4.33178274e+01  4.63856905e+01  4.33178274e+01  1.79999928e+02
 4.36515832e+01  4.63856905e+01  4.36515832e+01  1.79999928e+02
 4.39879106e+01  4.63856905e+01  4.39879106e+01  1.79999927e+02
 4.43268292e+01  4.63856905e+01  4.43268292e+01  1.79999926e+02
 4.46683592e+01  4.63856905e+01  4.46683592e+01  1.79999926e+02
 4.50125206e+01  4.63856905e+01  4.50125206e+01  1.79999925e+02
 4.53593337e+01  4.63856905e+01  4.53593337e+01  1.79999925e+02
 4.57088190e+01  4.63856905e+01  4.57088190e+01  1.79999924e+02
 4.60609969e+01  4.63856905e+01  4.60609969e+01  1.79999924e+02
 4.64158883e+01  4.63856906e+01  4.64158883e+01  1.79999923e+02
 4.67735141e+01  4.63856906e+01  4.67735141e+01  1.79999922e+02
 4.71338954e+01  4.63856906e+01  4.71338954e+01  1.79999922e+02
 4.74970533e+01  4.63856906e+01  4.74970533e+01  1.79999921e+02
 4.78630092e+01  4.63856906e+01  4.78630092e+01  1.79999921e+02
 4.82317848e+01  4.63856906e+01  4.82317848e+01  1.79999920e+02
 4.86034018e+01  4.63856906e+01  4.86034018e+01  1.79999919e+02
 4.89778819e+01  4.63856906e+01  4.89778819e+01  1.79999919e+02
 4.93552474e+01  4.63856906e+01  4.93552474e+01  1.79999918e+02
 4.97355204e+01  4.63856906e+01  4.97355204e+01  1.79999917e+02
 5.01187234e+01  4.63856906e+01  5.01187234e+01  1.79999917e+02
 5.05048788e+01  4.63856906e+01  5.05048788e+01  1.79999916e+02
 5.08940095e+01  4.63856906e+01  5.08940095e+01  1.79999916e+02
 5.12861384e+01  4.63856906e+01  5.12861384e+01  1.79999915e+02
 5.16812886e+01  4.63856906e+01  5.16812886e+01  1.79999914e+02
 5.20794833e+01  4.63856906e+01  5.20794833e+01  1.79999914e+02
 5.24807460e+01  4.63856906e+01  5.24807460e+01  1.79999913e+02
 5.28851004e+01  4.63856906e+01  5.28851004e+01  1.79999912e+02
 5.32925703e+01  4.63856906e+01  5.32925703e+01  1.79999912e+02
 5.37031796e+01  4.63856906e+01  5.37031796e+01  1.79999911e+02
 5.41169527e+01  4.63856906e+01  5.41169527e+01  1.79999910e+02
 5.45339137e+01  4.63856906e+01  5.45339137e+01  1.79999910e+02
 5.49540874e+01  4.63856906e+01  5.49540874e+01  1.79999909e+02
 5.53774984e+01  4.63856906e+01  5.53774984e+01  1.79999908e+02
 5.58041717e+01  4.63856906e+01  5.58041717e+01  1.79999907e+02
 5.62341325e+01  4.63856906e+01  5.62341325e+01  1.79999907e+02
 5.66674061e+01  4.63856906e+01  5.66674061e+01  1.79999906e+02
 5.71040179e+01  4.63856906e+01  5.71040179e+01  1.79999905e+02
 5.75439937e+01  4.63856906e+01  5.75439937e+01  1.79999905e+02
 5.79873595e+01  4.63856906e+01  5.79873595e+01  1.79999904e+02
 5.84341413e+01  4.63856906e+01  5.84341413e+01  1.79999903e+02
 5.88843655e+01  4.63856906e+01  5.88843655e+01  1.79999902e+02
 5.93380586e+01  4.63856906e+01  5.93380586e+01  1.79999902e+02
 5.97952473e+01  4.63856906e+01  5.97952473e+01  1.79999901e+02
 6.02559586e+01  4.63856906e+01  6.02559586e+01  1.79999900e+02
 6.07202196e+01  4.63856906e+01  6.07202196e+01  1.79999899e+02
 6.11880576e+01  4.63856906e+01  6.11880576e+01  1.79999898e+02
 6.16595002e+01  4.63856906e+01  6.16595002e+01  1.79999898e+02
 6.21345752e+01  4.63856906e+01  6.21345752e+01  1.79999897e+02
 6.26133105e+01  4.63856906e+01  6.26133105e+01  1.79999896e+02
 6.30957344e+01  4.63856906e+01  6.30957344e+01  1.79999895e+02
 6.35818754e+01  4.63856906e+01  6.35818754e+01  1.79999895e+02
 6.40717619e+01  4.63856906e+01  6.40717619e+01  1.79999894e+02
 6.45654229e+01  4.63856906e+01  6.45654229e+01  1.79999893e+02
 6.50628875e+01  4.63856906e+01  6.50628875e+01  1.79999892e+02
 6.55641849e+01  4.63856906e+01  6.55641849e+01  1.79999891e+02
 6.60693448e+01  4.63856906e+01  6.60693448e+01  1.79999890e+02
 6.65783968e+01  4.63856906e+01  6.65783968e+01  1.79999890e+02
 6.70913710e+01  4.63856906e+01  6.70913710e+01  1.79999889e+02
 6.76082975e+01  4.63856906e+01  6.76082975e+01  1.79999888e+02
 6.81292069e+01  4.63856906e+01  6.81292069e+01  1.79999887e+02
 6.86541298e+01  4.63856906e+01  6.86541298e+01  1.79999886e+02
 6.91830971e+01  4.63856906e+01  6.91830971e+01  1.79999885e+02
 6.97161400e+01  4.63856906e+01  6.97161400e+01  1.79999884e+02
 7.02532899e+01  4.63856906e+01  7.02532899e+01  1.79999883e+02
 7.07945784e+01  4.63856906e+01  7.07945784e+01  1.79999883e+02
 7.13400375e+01  4.63856906e+01  7.13400375e+01  1.79999882e+02
 7.18896992e+01  4.63856906e+01  7.18896992e+01  1.79999881e+02
 7.24435960e+01  4.63856906e+01  7.24435960e+01  1.79999880e+02
 7.30017605e+01  4.63856906e+01  7.30017605e+01  1.79999879e+02
 7.35642254e+01  4.63856906e+01  7.35642254e+01  1.79999878e+02
 7.41310241e+01  4.63856906e+01  7.41310241e+01  1.79999877e+02
 7.47021899e+01  4.63856906e+01  7.47021899e+01  1.79999876e+02
 7.52777564e+01  4.63856906e+01  7.52777564e+01  1.79999875e+02
 7.58577575e+01  4.63856906e+01  7.58577575e+01  1.79999874e+02
 7.64422274e+01  4.63856906e+01  7.64422274e+01  1.79999873e+02
 7.70312006e+01  4.63856906e+01  7.70312006e+01  1.79999872e+02
 7.76247117e+01  4.63856906e+01  7.76247117e+01  1.79999871e+02
 7.82227956e+01  4.63856906e+01  7.82227956e+01  1.79999870e+02
 7.88254877e+01  4.63856906e+01  7.88254877e+01  1.79999869e+02
 7.94328235e+01  4.63856906e+01  7.94328235e+01  1.79999868e+02
 8.00448386e+01  4.63856906e+01  8.00448386e+01  1.79999867e+02
 8.06615692e+01  4.63856906e+01  8.06615692e+01  1.79999866e+02
 8.12830516e+01  4.63856906e+01  8.12830516e+01  1.79999865e+02
 8.19093224e+01  4.63856906e+01  8.19093224e+01  1.79999864e+02
 8.25404185e+01  4.63856906e+01  8.25404185e+01  1.79999863e+02
 8.31763771e+01  4.63856906e+01  8.31763771e+01  1.79999862e+02
 8.38172356e+01  4.63856906e+01  8.38172356e+01  1.79999861e+02
 8.44630319e+01  4.63856906e+01  8.44630319e+01  1.79999860e+02
 8.51138038e+01  4.63856906e+01  8.51138038e+01  1.79999859e+02
 8.57695899e+01  4.63856906e+01  8.57695899e+01  1.79999858e+02
 8.64304286e+01  4.63856906e+01  8.64304286e+01  1.79999857e+02
 8.70963590e+01  4.63856906e+01  8.70963590e+01  1.79999855e+02
 8.77674203e+01  4.63856906e+01  8.77674203e+01  1.79999854e+02
 8.84436519e+01  4.63856906e+01  8.84436519e+01  1.79999853e+02
 8.91250938e+01  4.63856906e+01  8.91250938e+01  1.79999852e+02
 8.98117861e+01  4.63856906e+01  8.98117861e+01  1.79999851e+02
 9.05037692e+01  4.63856906e+01  9.05037692e+01  1.79999850e+02
 9.12010839e+01  4.63856906e+01  9.12010839e+01  1.79999849e+02
 9.19037713e+01  4.63856906e+01  9.19037713e+01  1.79999848e+02
 9.26118728e+01  4.63856906e+01  9.26118728e+01  1.79999846e+02
 9.33254301e+01  4.63856906e+01  9.33254301e+01  1.79999845e+02
 9.40444852e+01  4.63856906e+01  9.40444852e+01  1.79999844e+02
 9.47690805e+01  4.63856906e+01  9.47690805e+01  1.79999843e+02
 9.54992586e+01  4.63856906e+01  9.54992586e+01  1.79999842e+02
 9.62350626e+01  4.63856906e+01  9.62350626e+01  1.79999840e+02
 9.69765359e+01  4.63856906e+01  9.69765359e+01  1.79999839e+02
 9.77237221e+01  4.63856906e+01  9.77237221e+01  1.79999838e+02
 9.84766652e+01  4.63856906e+01  9.84766652e+01  1.79999837e+02
 9.92354096e+01  4.63856906e+01  9.92354096e+01  1.79999835e+02
 1.00000000e+02  4.63856906e+01  1.00000000e+02  1.79999834e+02
 1.00770481e+02  4.63856906e+01  1.00770481e+02  1.79999833e+02
 1.01546899e+02  4.63856906e+01  1.01546899e+02  1.79999832e+02
 1.02329299e+02  4.63856906e+01  1.02329299e+02  1.79999830e+02
 1.03117727e+02  4.63856906e+01  1.03117727e+02  1.79999829e+02
 1.03912230e+02  4.63856906e+01  1.03912230e+02  1.79999828e+02
 1.04712855e+02  4.63856906e+01  1.04712855e+02  1.79999826e+02
 1.05519648e+02  4.63856906e+01  1.05519648e+02  1.79999825e+02
 1.06332657e+02  4.63856906e+01  1.06332657e+02  1.79999824e+02
 1.07151931e+02  4.63856906e+01  1.07151931e+02  1.79999822e+02
 1.07977516e+02  4.63856906e+01  1.07977516e+02  1.79999821e+02
 1.08809463e+02  4.63856906e+01  1.08809463e+02  1.79999819e+02
 1.09647820e+02  4.63856906e+01  1.09647820e+02  1.79999818e+02
 1.10492636e+02  4.63856906e+01  1.10492636e+02  1.79999817e+02
 1.11343961e+02  4.63856906e+01  1.11343961e+02  1.79999815e+02
 1.12201845e+02  4.63856906e+01  1.12201845e+02  1.79999814e+02
 1.13066340e+02  4.63856906e+01  1.13066340e+02  1.79999812e+02
 1.13937495e+02  4.63856906e+01  1.13937495e+02  1.79999811e+02
 1.14815362e+02  4.63856906e+01  1.14815362e+02  1.79999810e+02
 1.15699993e+02  4.63856906e+01  1.15699993e+02  1.79999808e+02
 1.16591440e+02  4.63856906e+01  1.16591440e+02  1.79999807e+02
 1.17489755e+02  4.63856906e+01  1.17489755e+02  1.79999805e+02
 1.18394992e+02  4.63856906e+01  1.18394992e+02  1.79999804e+02
 1.19307204e+02  4.63856906e+01  1.19307204e+02  1.79999802e+02
 1.20226443e+02  4.63856906e+01  1.20226443e+02  1.79999801e+02
 1.21152766e+02  4.63856906e+01  1.21152766e+02  1.79999799e+02
 1.22086225e+02  4.63856906e+01  1.22086225e+02  1.79999797e+02
 1.23026877e+02  4.63856906e+01  1.23026877e+02  1.79999796e+02
 1.23974776e+02  4.63856906e+01  1.23974776e+02  1.79999794e+02
 1.24929979e+02  4.63856906e+01  1.24929979e+02  1.79999793e+02
 1.25892541e+02  4.63856906e+01  1.25892541e+02  1.79999791e+02
 1.26862520e+02  4.63856906e+01  1.26862520e+02  1.79999790e+02
 1.27839972e+02  4.63856906e+01  1.27839972e+02  1.79999788e+02
 1.28824955e+02  4.63856906e+01  1.28824955e+02  1.79999786e+02
 1.29817528e+02  4.63856906e+01  1.29817528e+02  1.79999785e+02
 1.30817747e+02  4.63856906e+01  1.30817747e+02  1.79999783e+02
 1.31825674e+02  4.63856906e+01  1.31825674e+02  1.79999781e+02
 1.32841366e+02  4.63856906e+01  1.32841366e+02  1.79999780e+02
 1.33864884e+02  4.63856906e+01  1.33864884e+02  1.79999778e+02
 1.34896288e+02  4.63856906e+01  1.34896288e+02  1.79999776e+02
 1.35935639e+02  4.63856906e+01  1.35935639e+02  1.79999774e+02
 1.36982998e+02  4.63856906e+01  1.36982998e+02  1.79999773e+02
 1.38038426e+02  4.63856906e+01  1.38038426e+02  1.79999771e+02
 1.39101987e+02  4.63856906e+01  1.39101987e+02  1.79999769e+02
 1.40173742e+02  4.63856906e+01  1.40173742e+02  1.79999767e+02
 1.41253754e+02  4.63856906e+01  1.41253754e+02  1.79999766e+02
 1.42342088e+02  4.63856906e+01  1.42342088e+02  1.79999764e+02
 1.43438808e+02  4.63856906e+01  1.43438808e+02  1.79999762e+02
 1.44543977e+02  4.63856906e+01  1.44543977e+02  1.79999760e+02
 1.45657662e+02  4.63856906e+01  1.45657662e+02  1.79999758e+02
 1.46779927e+02  4.63856906e+01  1.46779927e+02  1.79999756e+02
 1.47910839e+02  4.63856906e+01  1.47910839e+02  1.79999755e+02
 1.49050464e+02  4.63856906e+01  1.49050464e+02  1.79999753e+02
 1.50198870e+02  4.63856906e+01  1.50198870e+02  1.79999751e+02
 1.51356125e+02  4.63856906e+01  1.51356125e+02  1.79999749e+02
 1.52522296e+02  4.63856906e+01  1.52522296e+02  1.79999747e+02
 1.53697452e+02  4.63856906e+01  1.53697452e+02  1.79999745e+02
 1.54881662e+02  4.63856906e+01  1.54881662e+02  1.79999743e+02
 1.56074996e+02  4.63856906e+01  1.56074996e+02  1.79999741e+02
 1.57277525e+02  4.63856906e+01  1.57277525e+02  1.79999739e+02
 1.58489319e+02  4.63856906e+01  1.58489319e+02  1.79999737e+02
 1.59710450e+02  4.63856906e+01  1.59710450e+02  1.79999735e+02
 1.60940989e+02  4.63856906e+01  1.60940989e+02  1.79999733e+02
 1.62181010e+02  4.63856906e+01  1.62181010e+02  1.79999731e+02
 1.63430584e+02  4.63856906e+01  1.63430584e+02  1.79999729e+02
 1.64689787e+02  4.63856906e+01  1.64689787e+02  1.79999727e+02
 1.65958691e+02  4.63856906e+01  1.65958691e+02  1.79999725e+02
 1.67237372e+02  4.63856906e+01  1.67237372e+02  1.79999723e+02
 1.68525904e+02  4.63856906e+01  1.68525904e+02  1.79999720e+02
 1.69824365e+02  4.63856906e+01  1.69824365e+02  1.79999718e+02
 1.71132830e+02  4.63856906e+01  1.71132830e+02  1.79999716e+02
 1.72451377e+02  4.63856906e+01  1.72451377e+02  1.79999714e+02
 1.73780083e+02  4.63856906e+01  1.73780083e+02  1.79999712e+02
 1.75119026e+02  4.63856906e+01  1.75119026e+02  1.79999709e+02
 1.76468286e+02  4.63856906e+01  1.76468286e+02  1.79999707e+02
 1.77827941e+02  4.63856906e+01  1.77827941e+02  1.79999705e+02
 1.79198072e+02  4.63856906e+01  1.79198072e+02  1.79999703e+02
 1.80578760e+02  4.63856906e+01  1.80578760e+02  1.79999700e+02
 1.81970086e+02  4.63856906e+01  1.81970086e+02  1.79999698e+02
 1.83372132e+02  4.63856906e+01  1.83372132e+02  1.79999696e+02
 1.84784980e+02  4.63856906e+01  1.84784980e+02  1.79999693e+02
 1.86208714e+02  4.63856906e+01  1.86208714e+02  1.79999691e+02
 1.87643417e+02  4.63856906e+01  1.87643417e+02  1.79999689e+02
 1.89089175e+02  4.63856906e+01  1.89089175e+02  1.79999686e+02
 1.90546072e+02  4.63856906e+01  1.90546072e+02  1.79999684e+02
 1.92014194e+02  4.63856906e+01  1.92014194e+02  1.79999681e+02
 1.93493628e+02  4.63856906e+01  1.93493628e+02  1.79999679e+02
 1.94984460e+02  4.63856906e+01  1.94984460e+02  1.79999676e+02
 1.96486779e+02  4.63856906e+01  1.96486779e+02  1.79999674e+02
 1.98000673e+02  4.63856906e+01  1.98000673e+02  1.79999671e+02
 1.99526231e+02  4.63856906e+01  1.99526231e+02  1.79999669e+02
 2.01063544e+02  4.63856906e+01  2.01063544e+02  1.79999666e+02
 2.02612701e+02  4.63856906e+01  2.02612701e+02  1.79999664e+02
 2.04173794e+02  4.63856906e+01  2.04173794e+02  1.79999661e+02
 2.05746916e+02  4.63856906e+01  2.05746916e+02  1.79999659e+02
 2.07332157e+02  4.63856906e+01  2.07332157e+02  1.79999656e+02
 2.08929613e+02  4.63856906e+01  2.08929613e+02  1.79999653e+02
 2.10539377e+02  4.63856906e+01  2.10539377e+02  1.79999651e+02
 2.12161544e+02  4.63856906e+01  2.12161544e+02  1.79999648e+02
 2.13796209e+02  4.63856906e+01  2.13796209e+02  1.79999645e+02
 2.15443469e+02  4.63856906e+01  2.15443469e+02  1.79999643e+02
 2.17103421e+02  4.63856906e+01  2.17103421e+02  1.79999640e+02
 2.18776162e+02  4.63856906e+01  2.18776162e+02  1.79999637e+02
 2.20461792e+02  4.63856906e+01  2.20461792e+02  1.79999634e+02
 2.22160409e+02  4.63856906e+01  2.22160409e+02  1.79999631e+02
 2.23872114e+02  4.63856906e+01  2.23872114e+02  1.79999629e+02
 2.25597007e+02  4.63856906e+01  2.25597007e+02  1.79999626e+02
 2.27335190e+02  4.63856906e+01  2.27335190e+02  1.79999623e+02
 2.29086765e+02  4.63856906e+01  2.29086765e+02  1.79999620e+02
 2.30851836e+02  4.63856906e+01  2.30851836e+02  1.79999617e+02
 2.32630507e+02  4.63856906e+01  2.32630507e+02  1.79999614e+02
 2.34422882e+02  4.63856906e+01  2.34422882e+02  1.79999611e+02
 2.36229066e+02  4.63856906e+01  2.36229066e+02  1.79999608e+02
 2.38049167e+02  4.63856906e+01  2.38049167e+02  1.79999605e+02
 2.39883292e+02  4.63856906e+01  2.39883292e+02  1.79999602e+02
 2.41731548e+02  4.63856906e+01  2.41731548e+02  1.79999599e+02
 2.43594045e+02  4.63856906e+01  2.43594045e+02  1.79999596e+02
 2.45470892e+02  4.63856906e+01  2.45470892e+02  1.79999593e+02
 2.47362199e+02  4.63856906e+01  2.47362199e+02  1.79999590e+02
 2.49268079e+02  4.63856906e+01  2.49268079e+02  1.79999586e+02
 2.51188643e+02  4.63856906e+01  2.51188643e+02  1.79999583e+02
 2.53124005e+02  4.63856906e+01  2.53124005e+02  1.79999580e+02
 2.55074278e+02  4.63856906e+01  2.55074278e+02  1.79999577e+02
 2.57039578e+02  4.63856906e+01  2.57039578e+02  1.79999574e+02
 2.59020020e+02  4.63856906e+01  2.59020020e+02  1.79999570e+02
 2.61015722e+02  4.63856906e+01  2.61015722e+02  1.79999567e+02
 2.63026799e+02  4.63856906e+01  2.63026799e+02  1.79999564e+02
 2.65053372e+02  4.63856906e+01  2.65053372e+02  1.79999560e+02
 2.67095559e+02  4.63856906e+01  2.67095559e+02  1.79999557e+02
 2.69153480e+02  4.63856906e+01  2.69153480e+02  1.79999553e+02
 2.71227258e+02  4.63856906e+01  2.71227258e+02  1.79999550e+02
 2.73317014e+02  4.63856906e+01  2.73317014e+02  1.79999547e+02
 2.75422870e+02  4.63856906e+01  2.75422870e+02  1.79999543e+02
 2.77544952e+02  4.63856906e+01  2.77544952e+02  1.79999540e+02
 2.79683385e+02  4.63856906e+01  2.79683385e+02  1.79999536e+02
 2.81838293e+02  4.63856906e+01  2.81838293e+02  1.79999532e+02
 2.84009805e+02  4.63856906e+01  2.84009805e+02  1.79999529e+02
 2.86198048e+02  4.63856906e+01  2.86198048e+02  1.79999525e+02
 2.88403150e+02  4.63856906e+01  2.88403150e+02  1.79999521e+02
 2.90625243e+02  4.63856906e+01  2.90625243e+02  1.79999518e+02
 2.92864456e+02  4.63856906e+01  2.92864456e+02  1.79999514e+02
 2.95120923e+02  4.63856906e+01  2.95120923e+02  1.79999510e+02
 2.97394775e+02  4.63856906e+01  2.97394775e+02  1.79999507e+02
 2.99686146e+02  4.63856906e+01  2.99686146e+02  1.79999503e+02
 3.01995172e+02  4.63856906e+01  3.01995172e+02  1.79999499e+02
 3.04321989e+02  4.63856906e+01  3.04321989e+02  1.79999495e+02
 3.06666733e+02  4.63856906e+01  3.06666733e+02  1.79999491e+02
 3.09029543e+02  4.63856906e+01  3.09029543e+02  1.79999487e+02
 3.11410558e+02  4.63856906e+01  3.11410558e+02  1.79999483e+02
 3.13809919e+02  4.63856906e+01  3.13809919e+02  1.79999479e+02
 3.16227766e+02  4.63856906e+01  3.16227766e+02  1.79999475e+02
 3.18664242e+02  4.63856906e+01  3.18664242e+02  1.79999471e+02
 3.21119491e+02  4.63856906e+01  3.21119491e+02  1.79999467e+02
 3.23593657e+02  4.63856906e+01  3.23593657e+02  1.79999463e+02
 3.26086886e+02  4.63856906e+01  3.26086886e+02  1.79999459e+02
 3.28599325e+02  4.63856906e+01  3.28599325e+02  1.79999455e+02
 3.31131121e+02  4.63856906e+01  3.31131121e+02  1.79999451e+02
 3.33682425e+02  4.63856906e+01  3.33682425e+02  1.79999446e+02
 3.36253386e+02  4.63856906e+01  3.36253386e+02  1.79999442e+02
 3.38844156e+02  4.63856906e+01  3.38844156e+02  1.79999438e+02
 3.41454887e+02  4.63856906e+01  3.41454887e+02  1.79999433e+02
 3.44085734e+02  4.63856906e+01  3.44085734e+02  1.79999429e+02
 3.46736850e+02  4.63856906e+01  3.46736850e+02  1.79999425e+02
 3.49408393e+02  4.63856906e+01  3.49408393e+02  1.79999420e+02
 3.52100520e+02  4.63856906e+01  3.52100520e+02  1.79999416e+02
 3.54813389e+02  4.63856906e+01  3.54813389e+02  1.79999411e+02
 3.57547160e+02  4.63856906e+01  3.57547160e+02  1.79999407e+02
 3.60301995e+02  4.63856906e+01  3.60301995e+02  1.79999402e+02
 3.63078055e+02  4.63856906e+01  3.63078055e+02  1.79999398e+02
 3.65875504e+02  4.63856907e+01  3.65875504e+02  1.79999393e+02
 3.68694506e+02  4.63856907e+01  3.68694506e+02  1.79999388e+02
 3.71535229e+02  4.63856907e+01  3.71535229e+02  1.79999384e+02
 3.74397839e+02  4.63856907e+01  3.74397839e+02  1.79999379e+02
 3.77282505e+02  4.63856907e+01  3.77282505e+02  1.79999374e+02
 3.80189396e+02  4.63856907e+01  3.80189396e+02  1.79999369e+02
 3.83118685e+02  4.63856907e+01  3.83118685e+02  1.79999364e+02
 3.86070543e+02  4.63856907e+01  3.86070543e+02  1.79999359e+02
 3.89045145e+02  4.63856907e+01  3.89045145e+02  1.79999355e+02
 3.92042666e+02  4.63856907e+01  3.92042666e+02  1.79999350e+02
 3.95063281e+02  4.63856907e+01  3.95063281e+02  1.79999345e+02
 3.98107171e+02  4.63856907e+01  3.98107171e+02  1.79999339e+02
 4.01174512e+02  4.63856907e+01  4.01174512e+02  1.79999334e+02
 4.04265487e+02  4.63856907e+01  4.04265487e+02  1.79999329e+02
 4.07380278e+02  4.63856907e+01  4.07380278e+02  1.79999324e+02
 4.10519067e+02  4.63856907e+01  4.10519067e+02  1.79999319e+02
 4.13682040e+02  4.63856907e+01  4.13682040e+02  1.79999314e+02
 4.16869383e+02  4.63856907e+01  4.16869383e+02  1.79999308e+02
 4.20081285e+02  4.63856907e+01  4.20081285e+02  1.79999303e+02
 4.23317933e+02  4.63856907e+01  4.23317933e+02  1.79999298e+02
 4.26579519e+02  4.63856907e+01  4.26579519e+02  1.79999292e+02
 4.29866235e+02  4.63856907e+01  4.29866235e+02  1.79999287e+02
 4.33178274e+02  4.63856907e+01  4.33178274e+02  1.79999281e+02
 4.36515832e+02  4.63856907e+01  4.36515832e+02  1.79999276e+02
 4.39879106e+02  4.63856907e+01  4.39879106e+02  1.79999270e+02
 4.43268292e+02  4.63856907e+01  4.43268292e+02  1.79999265e+02
 4.46683592e+02  4.63856907e+01  4.46683592e+02  1.79999259e+02
 4.50125206e+02  4.63856907e+01  4.50125206e+02  1.79999253e+02
 4.53593337e+02  4.63856907e+01  4.53593337e+02  1.79999247e+02
 4.57088190e+02  4.63856907e+01  4.57088190e+02  1.79999242e+02
 4.60609969e+02  4.63856907e+01  4.60609969e+02  1.79999236e+02
 4.64158883e+02  4.63856907e+01  4.64158883e+02  1.79999230e+02
 4.67735141e+02  4.63856907e+01  4.67735141e+02  1.79999224e+02
 4.71338954e+02  4.63856907e+01  4.71338954e+02  1.79999218e+02
 4.74970533e+02  4.63856907e+01  4.74970533e+02  1.79999212e+02
 4.78630092e+02  4.63856907e+01  4.78630092e+02  1.79999206e+02
 4.82317848e+02  4.63856907e+01  4.82317848e+02  1.79999200e+02
 4.86034018e+02  4.63856907e+01  4.86034018e+02  1.79999194e+02
 4.89778819e+02  4.63856907e+01  4.89778819e+02  1.79999187e+02
 4.93552474e+02  4.63856907e+01  4.93552474e+02  1.79999181e+02
 4.97355204e+02  4.63856907e+01  4.97355204e+02  1.79999175e+02
 5.01187234e+02  4.63856907e+01  5.01187234e+02  1.79999168e+02
 5.05048788e+02  4.63856907e+01  5.05048788e+02  1.79999162e+02
 5.08940095e+02  4.63856907e+01  5.08940095e+02  1.79999156e+02
 5.12861384e+02  4.63856908e+01  5.12861384e+02  1.79999149e+02
 5.16812886e+02  4.63856908e+01  5.16812886e+02  1.79999143e+02
 5.20794833e+02  4.63856908e+01  5.20794833e+02  1.79999136e+02
 5.24807460e+02  4.63856908e+01  5.24807460e+02  1.79999129e+02
 5.28851004e+02  4.63856908e+01  5.28851004e+02  1.79999123e+02
 5.32925703e+02  4.63856908e+01  5.32925703e+02  1.79999116e+02
 5.37031796e+02  4.63856908e+01  5.37031796e+02  1.79999109e+02
 5.41169527e+02  4.63856908e+01  5.41169527e+02  1.79999102e+02
 5.45339137e+02  4.63856908e+01  5.45339137e+02  1.79999095e+02
 5.49540874e+02  4.63856908e+01  5.49540874e+02  1.79999088e+02
 5.53774984e+02  4.63856908e+01  5.53774984e+02  1.79999081e+02
 5.58041717e+02  4.63856908e+01  5.58041717e+02  1.79999074e+02
 5.62341325e+02  4.63856908e+01  5.62341325e+02  1.79999067e+02
 5.66674061e+02  4.63856908e+01  5.66674061e+02  1.79999060e+02
 5.71040179e+02  4.63856908e+01  5.71040179e+02  1.79999053e+02
 5.75439937e+02  4.63856908e+01  5.75439937e+02  1.79999045e+02
 5.79873595e+02  4.63856908e+01  5.79873595e+02  1.79999038e+02
 5.84341413e+02  4.63856908e+01  5.84341413e+02  1.79999030e+02
 5.88843655e+02  4.63856908e+01  5.88843655e+02  1.79999023e+02
 5.93380586e+02  4.63856908e+01  5.93380586e+02  1.79999016e+02
 5.97952473e+02  4.63856908e+01  5.97952473e+02  1.79999008e+02
 6.02559586e+02  4.63856908e+01  6.02559586e+02  1.79999000e+02
 6.07202196e+02  4.63856908e+01  6.07202196e+02  1.79998993e+02
 6.11880576e+02  4.63856908e+01  6.11880576e+02  1.79998985e+02
 6.16595002e+02  4.63856908e+01  6.16595002e+02  1.79998977e+02
 6.21345752e+02  4.63856908e+01  6.21345752e+02  1.79998969e+02
 6.26133105e+02  4.63856909e+01  6.26133105e+02  1.79998961e+02
 6.30957344e+02  4.63856909e+01  6.30957344e+02  1.79998953e+02
 6.35818754e+02  4.63856909e+01  6.35818754e+02  1.79998945e+02
 6.40717619e+02  4.63856909e+01  6.40717619e+02  1.79998937e+02
 6.45654229e+02  4.63856909e+01  6.45654229e+02  1.79998929e+02
 6.50628875e+02  4.63856909e+01  6.50628875e+02  1.79998921e+02
 6.55641849e+02  4.63856909e+01  6.55641849e+02  1.79998912e+02
 6.60693448e+02  4.63856909e+01  6.60693448e+02  1.79998904e+02
 6.65783968e+02  4.63856909e+01  6.65783968e+02  1.79998895e+02
 6.70913710e+02  4.63856909e+01  6.70913710e+02  1.79998887e+02
 6.76082975e+02  4.63856909e+01  6.76082975e+02  1.79998878e+02
 6.81292069e+02  4.63856909e+01  6.81292069e+02  1.79998870e+02
 6.86541298e+02  4.63856909e+01  6.86541298e+02  1.79998861e+02
 6.91830971e+02  4.63856909e+01  6.91830971e+02  1.79998852e+02
 6.97161400e+02  4.63856909e+01  6.97161400e+02  1.79998843e+02
 7.02532899e+02  4.63856909e+01  7.02532899e+02  1.79998834e+02
 7.07945784e+02  4.63856909e+01  7.07945784e+02  1.79998825e+02
 7.13400375e+02  4.63856909e+01  7.13400375e+02  1.79998816e+02
 7.18896992e+02  4.63856910e+01  7.18896992e+02  1.79998807e+02
 7.24435960e+02  4.63856910e+01  7.24435960e+02  1.79998798e+02
 7.30017605e+02  4.63856910e+01  7.30017605e+02  1.79998789e+02
 7.35642254e+02  4.63856910e+01  7.35642254e+02  1.79998779e+02
 7.41310241e+02  4.63856910e+01  7.41310241e+02  1.79998770e+02
 7.47021899e+02  4.63856910e+01  7.47021899e+02  1.79998761e+02
 7.52777564e+02  4.63856910e+01  7.52777564e+02  1.79998751e+02
 7.58577575e+02  4.63856910e+01  7.58577575e+02  1.79998741e+02
 7.64422274e+02  4.63856910e+01  7.64422274e+02  1.79998732e+02
 7.70312006e+02  4.63856910e+01  7.70312006e+02  1.79998722e+02
 7.76247117e+02  4.63856910e+01  7.76247117e+02  1.79998712e+02
 7.82227956e+02  4.63856910e+01  7.82227956e+02  1.79998702e+02
 7.88254877e+02  4.63856910e+01  7.88254877e+02  1.79998692e+02
 7.94328235e+02  4.63856910e+01  7.94328235e+02  1.79998682e+02
 8.00448386e+02  4.63856910e+01  8.00448386e+02  1.79998672e+02
 8.06615692e+02  4.63856911e+01  8.06615692e+02  1.79998662e+02
 8.12830516e+02  4.63856911e+01  8.12830516e+02  1.79998651e+02
 8.19093224e+02  4.63856911e+01  8.19093224e+02  1.79998641e+02
 8.25404185e+02  4.63856911e+01  8.25404185e+02  1.79998631e+02
 8.31763771e+02  4.63856911e+01  8.31763771e+02  1.79998620e+02
 8.38172356e+02  4.63856911e+01  8.38172356e+02  1.79998609e+02
 8.44630319e+02  4.63856911e+01  8.44630319e+02  1.79998599e+02
 8.51138038e+02  4.63856911e+01  8.51138038e+02  1.79998588e+02
 8.57695899e+02  4.63856911e+01  8.57695899e+02  1.79998577e+02
 8.64304286e+02  4.63856911e+01  8.64304286e+02  1.79998566e+02
 8.70963590e+02  4.63856911e+01  8.70963590e+02  1.79998555e+02
 8.77674203e+02  4.63856911e+01  8.77674203e+02  1.79998544e+02
 8.84436519e+02  4.63856912e+01  8.84436519e+02  1.79998533e+02
 8.91250938e+02  4.63856912e+01  8.91250938e+02  1.79998521e+02
 8.98117861e+02  4.63856912e+01  8.98117861e+02  1.79998510e+02
 9.05037692e+02  4.63856912e+01  9.05037692e+02  1.79998498e+02
 9.12010839e+02  4.63856912e+01  9.12010839e+02  1.79998487e+02
 9.19037713e+02  4.63856912e+01  9.19037713e+02  1.79998475e+02
 9.26118728e+02  4.63856912e+01  9.26118728e+02  1.79998463e+02
 9.33254301e+02  4.63856912e+01  9.33254301e+02  1.79998452e+02
 9.40444852e+02  4.63856912e+01  9.40444852e+02  1.79998440e+02
 9.47690805e+02  4.63856912e+01  9.47690805e+02  1.79998428e+02
 9.54992586e+02  4.63856912e+01  9.54992586e+02  1.79998416e+02
 9.62350626e+02  4.63856913e+01  9.62350626e+02  1.79998403e+02
 9.69765359e+02  4.63856913e+01  9.69765359e+02  1.79998391e+02
 9.77237221e+02  4.63856913e+01  9.77237221e+02  1.79998379e+02
 9.84766652e+02  4.63856913e+01  9.84766652e+02  1.79998366e+02
 9.92354096e+02  4.63856913e+01  9.92354096e+02  1.79998354e+02
 1.00000000e+03  4.63856913e+01  1.00000000e+03  1.79998341e+02
 1.00770481e+03  4.63856913e+01  1.00770481e+03  1.79998328e+02
 1.01546899e+03  4.63856914e+01  1.01546899e+03  1.79998315e+02
 1.02329299e+03  4.63856914e+01  1.02329299e+03  1.79998302e+02
 1.03117727e+03  4.63856914e+01  1.03117727e+03  1.79998289e+02
 1.03912230e+03  4.63856914e+01  1.03912230e+03  1.79998276e+02
 1.04712855e+03  4.63856914e+01  1.04712855e+03  1.79998263e+02
 1.05519648e+03  4.63856914e+01  1.05519648e+03  1.79998249e+02
 1.06332657e+03  4.63856914e+01  1.06332657e+03  1.79998236e+02
 1.07151931e+03  4.63856914e+01  1.07151931e+03  1.79998222e+02
 1.07977516e+03  4.63856915e+01  1.07977516e+03  1.79998208e+02
 1.08809463e+03  4.63856915e+01  1.08809463e+03  1.79998195e+02
 1.09647820e+03  4.63856915e+01  1.09647820e+03  1.79998181e+02
 1.10492636e+03  4.63856915e+01  1.10492636e+03  1.79998167e+02
 1.11343961e+03  4.63856915e+01  1.11343961e+03  1.79998153e+02
 1.12201845e+03  4.63856915e+01  1.12201845e+03  1.79998138e+02
 1.13066340e+03  4.63856915e+01  1.13066340e+03  1.79998124e+02
 1.13937495e+03  4.63856916e+01  1.13937495e+03  1.79998110e+02
 1.14815362e+03  4.63856916e+01  1.14815362e+03  1.79998095e+02
 1.15699993e+03  4.63856916e+01  1.15699993e+03  1.79998080e+02
 1.16591440e+03  4.63856916e+01  1.16591440e+03  1.79998066e+02
 1.17489755e+03  4.63856916e+01  1.17489755e+03  1.79998051e+02
 1.18394992e+03  4.63856916e+01  1.18394992e+03  1.79998036e+02
 1.19307204e+03  4.63856917e+01  1.19307204e+03  1.79998021e+02
 1.20226443e+03  4.63856917e+01  1.20226443e+03  1.79998005e+02
 1.21152766e+03  4.63856917e+01  1.21152766e+03  1.79997990e+02
 1.22086225e+03  4.63856917e+01  1.22086225e+03  1.79997974e+02
 1.23026877e+03  4.63856917e+01  1.23026877e+03  1.79997959e+02
 1.23974776e+03  4.63856917e+01  1.23974776e+03  1.79997943e+02
 1.24929979e+03  4.63856917e+01  1.24929979e+03  1.79997927e+02
 1.25892541e+03  4.63856918e+01  1.25892541e+03  1.79997911e+02
 1.26862520e+03  4.63856918e+01  1.26862520e+03  1.79997895e+02
 1.27839972e+03  4.63856918e+01  1.27839972e+03  1.79997879e+02
 1.28824955e+03  4.63856918e+01  1.28824955e+03  1.79997863e+02
 1.29817528e+03  4.63856918e+01  1.29817528e+03  1.79997846e+02
 1.30817747e+03  4.63856919e+01  1.30817747e+03  1.79997830e+02
 1.31825674e+03  4.63856919e+01  1.31825674e+03  1.79997813e+02
 1.32841366e+03  4.63856919e+01  1.32841366e+03  1.79997796e+02
 1.33864884e+03  4.63856919e+01  1.33864884e+03  1.79997779e+02
 1.34896288e+03  4.63856920e+01  1.34896288e+03  1.79997762e+02
 1.35935639e+03  4.63856920e+01  1.35935639e+03  1.79997745e+02
 1.36982998e+03  4.63856920e+01  1.36982998e+03  1.79997727e+02
 1.38038426e+03  4.63856920e+01  1.38038426e+03  1.79997710e+02
 1.39101987e+03  4.63856920e+01  1.39101987e+03  1.79997692e+02
 1.40173742e+03  4.63856921e+01  1.40173742e+03  1.79997674e+02
 1.41253754e+03  4.63856921e+01  1.41253754e+03  1.79997656e+02
 1.42342088e+03  4.63856921e+01  1.42342088e+03  1.79997638e+02
 1.43438808e+03  4.63856921e+01  1.43438808e+03  1.79997620e+02
 1.44543977e+03  4.63856922e+01  1.44543977e+03  1.79997602e+02
 1.45657662e+03  4.63856922e+01  1.45657662e+03  1.79997583e+02
 1.46779927e+03  4.63856922e+01  1.46779927e+03  1.79997565e+02
 1.47910839e+03  4.63856922e+01  1.47910839e+03  1.79997546e+02
 1.49050464e+03  4.63856923e+01  1.49050464e+03  1.79997527e+02
 1.50198870e+03  4.63856923e+01  1.50198870e+03  1.79997508e+02
 1.51356125e+03  4.63856923e+01  1.51356125e+03  1.79997489e+02
 1.52522296e+03  4.63856924e+01  1.52522296e+03  1.79997469e+02
 1.53697452e+03  4.63856924e+01  1.53697452e+03  1.79997450e+02
 1.54881662e+03  4.63856924e+01  1.54881662e+03  1.79997430e+02
 1.56074996e+03  4.63856924e+01  1.56074996e+03  1.79997410e+02
 1.57277525e+03  4.63856925e+01  1.57277525e+03  1.79997391e+02
 1.58489319e+03  4.63856925e+01  1.58489319e+03  1.79997370e+02
 1.59710450e+03  4.63856925e+01  1.59710450e+03  1.79997350e+02
 1.60940989e+03  4.63856926e+01  1.60940989e+03  1.79997330e+02
 1.62181010e+03  4.63856926e+01  1.62181010e+03  1.79997309e+02
 1.63430584e+03  4.63856926e+01  1.63430584e+03  1.79997288e+02
 1.64689787e+03  4.63856926e+01  1.64689787e+03  1.79997268e+02
 1.65958691e+03  4.63856927e+01  1.65958691e+03  1.79997247e+02
 1.67237372e+03  4.63856927e+01  1.67237372e+03  1.79997225e+02
 1.68525904e+03  4.63856927e+01  1.68525904e+03  1.79997204e+02
 1.69824365e+03  4.63856928e+01  1.69824365e+03  1.79997182e+02
 1.71132830e+03  4.63856928e+01  1.71132830e+03  1.79997161e+02
 1.72451377e+03  4.63856929e+01  1.72451377e+03  1.79997139e+02
 1.73780083e+03  4.63856929e+01  1.73780083e+03  1.79997117e+02
 1.75119026e+03  4.63856929e+01  1.75119026e+03  1.79997095e+02
 1.76468286e+03  4.63856930e+01  1.76468286e+03  1.79997072e+02
 1.77827941e+03  4.63856930e+01  1.77827941e+03  1.79997050e+02
 1.79198072e+03  4.63856930e+01  1.79198072e+03  1.79997027e+02
 1.80578760e+03  4.63856931e+01  1.80578760e+03  1.79997004e+02
 1.81970086e+03  4.63856931e+01  1.81970086e+03  1.79996981e+02
 1.83372132e+03  4.63856932e+01  1.83372132e+03  1.79996958e+02
 1.84784980e+03  4.63856932e+01  1.84784980e+03  1.79996934e+02
 1.86208714e+03  4.63856932e+01  1.86208714e+03  1.79996911e+02
 1.87643417e+03  4.63856933e+01  1.87643417e+03  1.79996887e+02
 1.89089175e+03  4.63856933e+01  1.89089175e+03  1.79996863e+02
 1.90546072e+03  4.63856934e+01  1.90546072e+03  1.79996839e+02
 1.92014194e+03  4.63856934e+01  1.92014194e+03  1.79996814e+02
 1.93493628e+03  4.63856934e+01  1.93493628e+03  1.79996790e+02
 1.94984460e+03  4.63856935e+01  1.94984460e+03  1.79996765e+02
 1.96486779e+03  4.63856935e+01  1.96486779e+03  1.79996740e+02
 1.98000673e+03  4.63856936e+01  1.98000673e+03  1.79996715e+02
 1.99526231e+03  4.63856936e+01  1.99526231e+03  1.79996690e+02
 2.01063544e+03  4.63856936e+01  2.01063544e+03  1.79996664e+02
 2.02612701e+03  4.63856937e+01  2.02612701e+03  1.79996638e+02
 2.04173794e+03  4.63856938e+01  2.04173794e+03  1.79996612e+02
 2.05746916e+03  4.63856938e+01  2.05746916e+03  1.79996586e+02
 2.07332157e+03  4.63856939e+01  2.07332157e+03  1.79996560e+02
 2.08929613e+03  4.63856939e+01  2.08929613e+03  1.79996534e+02
 2.10539377e+03  4.63856940e+01  2.10539377e+03  1.79996507e+02
 2.12161544e+03  4.63856940e+01  2.12161544e+03  1.79996480e+02
 2.13796209e+03  4.63856941e+01  2.13796209e+03  1.79996453e+02
 2.15443469e+03  4.63856941e+01  2.15443469e+03  1.79996425e+02
 2.17103421e+03  4.63856941e+01  2.17103421e+03  1.79996398e+02
 2.18776162e+03  4.63856943e+01  2.18776162e+03  1.79996370e+02
 2.20461792e+03  4.63856943e+01  2.20461792e+03  1.79996342e+02
 2.22160409e+03  4.63856944e+01  2.22160409e+03  1.79996314e+02
 2.23872114e+03  4.63856944e+01  2.23872114e+03  1.79996286e+02
 2.25597007e+03  4.63856945e+01  2.25597007e+03  1.79996257e+02
 2.27335190e+03  4.63856946e+01  2.27335190e+03  1.79996228e+02
 2.29086765e+03  4.63856946e+01  2.29086765e+03  1.79996199e+02
 2.30851836e+03  4.63856947e+01  2.30851836e+03  1.79996170e+02
 2.32630507e+03  4.63856947e+01  2.32630507e+03  1.79996140e+02
 2.34422882e+03  4.63856948e+01  2.34422882e+03  1.79996111e+02
 2.36229066e+03  4.63856948e+01  2.36229066e+03  1.79996081e+02
 2.38049167e+03  4.63856949e+01  2.38049167e+03  1.79996050e+02
 2.39883292e+03  4.63856950e+01  2.39883292e+03  1.79996020e+02
 2.41731548e+03  4.63856951e+01  2.41731548e+03  1.79995989e+02
 2.43594045e+03  4.63856951e+01  2.43594045e+03  1.79995958e+02
 2.45470892e+03  4.63856952e+01  2.45470892e+03  1.79995927e+02
 2.47362199e+03  4.63856953e+01  2.47362199e+03  1.79995896e+02
 2.49268079e+03  4.63856954e+01  2.49268079e+03  1.79995864e+02
 2.51188643e+03  4.63856954e+01  2.51188643e+03  1.79995832e+02
 2.53124005e+03  4.63856955e+01  2.53124005e+03  1.79995800e+02
 2.55074278e+03  4.63856956e+01  2.55074278e+03  1.79995768e+02
 2.57039578e+03  4.63856957e+01  2.57039578e+03  1.79995735e+02
 2.59020020e+03  4.63856957e+01  2.59020020e+03  1.79995703e+02
 2.61015722e+03  4.63856959e+01  2.61015722e+03  1.79995669e+02
 2.63026799e+03  4.63856959e+01  2.63026799e+03  1.79995636e+02
 2.65053372e+03  4.63856960e+01  2.65053372e+03  1.79995602e+02
 2.67095559e+03  4.63856961e+01  2.67095559e+03  1.79995568e+02
 2.69153480e+03  4.63856961e+01  2.69153480e+03  1.79995534e+02
 2.71227258e+03  4.63856962e+01  2.71227258e+03  1.79995500e+02
 2.73317014e+03  4.63856963e+01  2.73317014e+03  1.79995465e+02
 2.75422870e+03  4.63856964e+01  2.75422870e+03  1.79995430e+02
 2.77544952e+03  4.63856965e+01  2.77544952e+03  1.79995395e+02
 2.79683385e+03  4.63856967e+01  2.79683385e+03  1.79995360e+02
 2.81838293e+03  4.63856967e+01  2.81838293e+03  1.79995324e+02
 2.84009805e+03  4.63856968e+01  2.84009805e+03  1.79995288e+02
 2.86198048e+03  4.63856969e+01  2.86198048e+03  1.79995252e+02
 2.88403150e+03  4.63856971e+01  2.88403150e+03  1.79995215e+02
 2.90625243e+03  4.63856971e+01  2.90625243e+03  1.79995178e+02
 2.92864456e+03  4.63856972e+01  2.92864456e+03  1.79995141e+02
 2.95120923e+03  4.63856973e+01  2.95120923e+03  1.79995104e+02
 2.97394775e+03  4.63856974e+01  2.97394775e+03  1.79995066e+02
 2.99686146e+03  4.63856975e+01  2.99686146e+03  1.79995028e+02
 3.01995172e+03  4.63856976e+01  3.01995172e+03  1.79994989e+02
 3.04321989e+03  4.63856978e+01  3.04321989e+03  1.79994951e+02
 3.06666733e+03  4.63856978e+01  3.06666733e+03  1.79994912e+02
 3.09029543e+03  4.63856979e+01  3.09029543e+03  1.79994873e+02
 3.11410558e+03  4.63856981e+01  3.11410558e+03  1.79994833e+02
 3.13809919e+03  4.63856981e+01  3.13809919e+03  1.79994793e+02
 3.16227766e+03  4.63856983e+01  3.16227766e+03  1.79994753e+02
 3.18664242e+03  4.63856984e+01  3.18664242e+03  1.79994713e+02
 3.21119491e+03  4.63856985e+01  3.21119491e+03  1.79994672e+02
 3.23593657e+03  4.63856987e+01  3.23593657e+03  1.79994631e+02
 3.26086886e+03  4.63856988e+01  3.26086886e+03  1.79994590e+02
 3.28599325e+03  4.63856989e+01  3.28599325e+03  1.79994548e+02
 3.31131121e+03  4.63856990e+01  3.31131121e+03  1.79994506e+02
 3.33682425e+03  4.63856992e+01  3.33682425e+03  1.79994464e+02
 3.36253386e+03  4.63856993e+01  3.36253386e+03  1.79994421e+02
 3.38844156e+03  4.63856994e+01  3.38844156e+03  1.79994378e+02
 3.41454887e+03  4.63856995e+01  3.41454887e+03  1.79994335e+02
 3.44085734e+03  4.63856996e+01  3.44085734e+03  1.79994291e+02
 3.46736850e+03  4.63856999e+01  3.46736850e+03  1.79994247e+02
 3.49408393e+03  4.63857000e+01  3.49408393e+03  1.79994203e+02
 3.52100520e+03  4.63857001e+01  3.52100520e+03  1.79994158e+02
 3.54813389e+03  4.63857004e+01  3.54813389e+03  1.79994113e+02
 3.57547160e+03  4.63857004e+01  3.57547160e+03  1.79994068e+02
 3.60301995e+03  4.63857007e+01  3.60301995e+03  1.79994022e+02
 3.63078055e+03  4.63857008e+01  3.63078055e+03  1.79993976e+02
 3.65875504e+03  4.63857009e+01  3.65875504e+03  1.79993930e+02
 3.68694506e+03  4.63857011e+01  3.68694506e+03  1.79993883e+02
 3.71535229e+03  4.63857012e+01  3.71535229e+03  1.79993836e+02
 3.74397839e+03  4.63857014e+01  3.74397839e+03  1.79993788e+02
 3.77282505e+03  4.63857017e+01  3.77282505e+03  1.79993740e+02
 3.80189396e+03  4.63857017e+01  3.80189396e+03  1.79993692e+02
 3.83118685e+03  4.63857019e+01  3.83118685e+03  1.79993643e+02
 3.86070543e+03  4.63857021e+01  3.86070543e+03  1.79993595e+02
 3.89045145e+03  4.63857023e+01  3.89045145e+03  1.79993545e+02
 3.92042666e+03  4.63857024e+01  3.92042666e+03  1.79993495e+02
 3.95063281e+03  4.63857026e+01  3.95063281e+03  1.79993445e+02
 3.98107171e+03  4.63857027e+01  3.98107171e+03  1.79993395e+02
 4.01174512e+03  4.63857030e+01  4.01174512e+03  1.79993344e+02
 4.04265487e+03  4.63857032e+01  4.04265487e+03  1.79993293e+02
 4.07380278e+03  4.63857034e+01  4.07380278e+03  1.79993241e+02
 4.10519067e+03  4.63857035e+01  4.10519067e+03  1.79993189e+02
 4.13682040e+03  4.63857038e+01  4.13682040e+03  1.79993136e+02
 4.16869383e+03  4.63857041e+01  4.16869383e+03  1.79993083e+02
 4.20081285e+03  4.63857042e+01  4.20081285e+03  1.79993030e+02
 4.23317933e+03  4.63857044e+01  4.23317933e+03  1.79992977e+02
 4.26579519e+03  4.63857045e+01  4.26579519e+03  1.79992922e+02
 4.29866235e+03  4.63857048e+01  4.29866235e+03  1.79992868e+02
 4.33178274e+03  4.63857051e+01  4.33178274e+03  1.79992813e+02
 4.36515832e+03  4.63857052e+01  4.36515832e+03  1.79992758e+02
 4.39879106e+03  4.63857054e+01  4.39879106e+03  1.79992702e+02
 4.43268292e+03  4.63857058e+01  4.43268292e+03  1.79992646e+02
 4.46683592e+03  4.63857060e+01  4.46683592e+03  1.79992589e+02
 4.50125206e+03  4.63857062e+01  4.50125206e+03  1.79992532e+02
 4.53593337e+03  4.63857065e+01  4.53593337e+03  1.79992474e+02
 4.57088190e+03  4.63857067e+01  4.57088190e+03  1.79992416e+02
 4.60609969e+03  4.63857071e+01  4.60609969e+03  1.79992358e+02
 4.64158883e+03  4.63857071e+01  4.64158883e+03  1.79992299e+02
 4.67735141e+03  4.63857074e+01  4.67735141e+03  1.79992240e+02
 4.71338954e+03  4.63857076e+01  4.71338954e+03  1.79992180e+02
 4.74970533e+03  4.63857080e+01  4.74970533e+03  1.79992120e+02
 4.78630092e+03  4.63857083e+01  4.78630092e+03  1.79992059e+02
 4.82317848e+03  4.63857086e+01  4.82317848e+03  1.79991998e+02
 4.86034018e+03  4.63857090e+01  4.86034018e+03  1.79991936e+02
 4.89778819e+03  4.63857093e+01  4.89778819e+03  1.79991874e+02
 4.93552474e+03  4.63857094e+01  4.93552474e+03  1.79991811e+02
 4.97355204e+03  4.63857097e+01  4.97355204e+03  1.79991748e+02
 5.01187234e+03  4.63857100e+01  5.01187234e+03  1.79991685e+02
 5.05048788e+03  4.63857103e+01  5.05048788e+03  1.79991620e+02
 5.08940095e+03  4.63857106e+01  5.08940095e+03  1.79991556e+02
 5.12861384e+03  4.63857108e+01  5.12861384e+03  1.79991491e+02
 5.16812886e+03  4.63857112e+01  5.16812886e+03  1.79991425e+02
 5.20794833e+03  4.63857116e+01  5.20794833e+03  1.79991359e+02
 5.24807460e+03  4.63857119e+01  5.24807460e+03  1.79991293e+02
 5.28851004e+03  4.63857125e+01  5.28851004e+03  1.79991225e+02
 5.32925703e+03  4.63857124e+01  5.32925703e+03  1.79991158e+02
 5.37031796e+03  4.63857129e+01  5.37031796e+03  1.79991090e+02
 5.41169527e+03  4.63857132e+01  5.41169527e+03  1.79991021e+02
 5.45339137e+03  4.63857136e+01  5.45339137e+03  1.79990952e+02
 5.49540874e+03  4.63857139e+01  5.49540874e+03  1.79990882e+02
 5.53774984e+03  4.63857143e+01  5.53774984e+03  1.79990812e+02
 5.58041717e+03  4.63857147e+01  5.58041717e+03  1.79990741e+02
 5.62341325e+03  4.63857150e+01  5.62341325e+03  1.79990670e+02
 5.66674061e+03  4.63857154e+01  5.66674061e+03  1.79990598e+02
 5.71040179e+03  4.63857160e+01  5.71040179e+03  1.79990525e+02
 5.75439937e+03  4.63857162e+01  5.75439937e+03  1.79990453e+02
 5.79873595e+03  4.63857166e+01  5.79873595e+03  1.79990379e+02
 5.84341413e+03  4.63857172e+01  5.84341413e+03  1.79990305e+02
 5.88843655e+03  4.63857174e+01  5.88843655e+03  1.79990230e+02
 5.93380586e+03  4.63857178e+01  5.93380586e+03  1.79990155e+02
 5.97952473e+03  4.63857182e+01  5.97952473e+03  1.79990079e+02
 6.02559586e+03  4.63857187e+01  6.02559586e+03  1.79990003e+02
 6.07202196e+03  4.63857191e+01  6.07202196e+03  1.79989926e+02
 6.11880576e+03  4.63857198e+01  6.11880576e+03  1.79989848e+02
 6.16595002e+03  4.63857202e+01  6.16595002e+03  1.79989770e+02
 6.21345752e+03  4.63857204e+01  6.21345752e+03  1.79989691e+02
 6.26133105e+03  4.63857211e+01  6.26133105e+03  1.79989611e+02
 6.30957344e+03  4.63857214e+01  6.30957344e+03  1.79989531e+02
 6.35818754e+03  4.63857219e+01  6.35818754e+03  1.79989451e+02
 6.40717619e+03  4.63857223e+01  6.40717619e+03  1.79989369e+02
 6.45654229e+03  4.63857231e+01  6.45654229e+03  1.79989287e+02
 6.50628875e+03  4.63857236e+01  6.50628875e+03  1.79989205e+02
 6.55641849e+03  4.63857241e+01  6.55641849e+03  1.79989122e+02
 6.60693448e+03  4.63857246e+01  6.60693448e+03  1.79989038e+02
 6.65783968e+03  4.63857249e+01  6.65783968e+03  1.79988954e+02
 6.70913710e+03  4.63857254e+01  6.70913710e+03  1.79988868e+02
 6.76082975e+03  4.63857259e+01  6.76082975e+03  1.79988783e+02
 6.81292069e+03  4.63857265e+01  6.81292069e+03  1.79988696e+02
 6.86541298e+03  4.63857273e+01  6.86541298e+03  1.79988609e+02
 6.91830971e+03  4.63857273e+01  6.91830971e+03  1.79988522e+02
 6.97161400e+03  4.63857282e+01  6.97161400e+03  1.79988433e+02
 7.02532899e+03  4.63857285e+01  7.02532899e+03  1.79988344e+02
 7.07945784e+03  4.63857296e+01  7.07945784e+03  1.79988254e+02
 7.13400375e+03  4.63857300e+01  7.13400375e+03  1.79988164e+02
 7.18896992e+03  4.63857306e+01  7.18896992e+03  1.79988072e+02
 7.24435960e+03  4.63857312e+01  7.24435960e+03  1.79987980e+02
 7.30017605e+03  4.63857315e+01  7.30017605e+03  1.79987888e+02
 7.35642254e+03  4.63857325e+01  7.35642254e+03  1.79987795e+02
 7.41310241e+03  4.63857334e+01  7.41310241e+03  1.79987700e+02
 7.47021899e+03  4.63857334e+01  7.47021899e+03  1.79987606e+02
 7.52777564e+03  4.63857344e+01  7.52777564e+03  1.79987510e+02
 7.58577575e+03  4.63857351e+01  7.58577575e+03  1.79987414e+02
 7.64422274e+03  4.63857361e+01  7.64422274e+03  1.79987317e+02
 7.70312006e+03  4.63857365e+01  7.70312006e+03  1.79987219e+02
 7.76247117e+03  4.63857376e+01  7.76247117e+03  1.79987121e+02
 7.82227956e+03  4.63857379e+01  7.82227956e+03  1.79987022e+02
 7.88254877e+03  4.63857387e+01  7.88254877e+03  1.79986922e+02
 7.94328235e+03  4.63857398e+01  7.94328235e+03  1.79986821e+02
 8.00448386e+03  4.63857402e+01  8.00448386e+03  1.79986719e+02
 8.06615692e+03  4.63857406e+01  8.06615692e+03  1.79986617e+02
 8.12830516e+03  4.63857417e+01  8.12830516e+03  1.79986514e+02
 8.19093224e+03  4.63857425e+01  8.19093224e+03  1.79986410e+02
 8.25404185e+03  4.63857433e+01  8.25404185e+03  1.79986305e+02
 8.31763771e+03  4.63857445e+01  8.31763771e+03  1.79986200e+02
 8.38172356e+03  4.63857445e+01  8.38172356e+03  1.79986093e+02
 8.44630319e+03  4.63857458e+01  8.44630319e+03  1.79985986e+02
 8.51138038e+03  4.63857462e+01  8.51138038e+03  1.79985878e+02
 8.57695899e+03  4.63857479e+01  8.57695899e+03  1.79985769e+02
 8.64304286e+03  4.63857484e+01  8.64304286e+03  1.79985660e+02
 8.70963590e+03  4.63857497e+01  8.70963590e+03  1.79985549e+02
 8.77674203e+03  4.63857498e+01  8.77674203e+03  1.79985438e+02
 8.84436519e+03  4.63857511e+01  8.84436519e+03  1.79985326e+02
 8.91250938e+03  4.63857521e+01  8.91250938e+03  1.79985213e+02
 8.98117861e+03  4.63857525e+01  8.98117861e+03  1.79985099e+02
 9.05037692e+03  4.63857535e+01  9.05037692e+03  1.79984984e+02
 9.12010839e+03  4.63857545e+01  9.12010839e+03  1.79984868e+02
 9.19037713e+03  4.63857555e+01  9.19037713e+03  1.79984752e+02
 9.26118728e+03  4.63857575e+01  9.26118728e+03  1.79984634e+02
 9.33254301e+03  4.63857575e+01  9.33254301e+03  1.79984516e+02
 9.40444852e+03  4.63857595e+01  9.40444852e+03  1.79984396e+02
 9.47690805e+03  4.63857596e+01  9.47690805e+03  1.79984276e+02
 9.54992586e+03  4.63857612e+01  9.54992586e+03  1.79984155e+02
 9.62350626e+03  4.63857623e+01  9.62350626e+03  1.79984033e+02
 9.69765359e+03  4.63857628e+01  9.69765359e+03  1.79983910e+02
 9.77237221e+03  4.63857640e+01  9.77237221e+03  1.79983786e+02
 9.84766652e+03  4.63857656e+01  9.84766652e+03  1.79983661e+02
 9.92354096e+03  4.63857674e+01  9.92354096e+03  1.79983535e+02
 1.00000000e+04  4.63857680e+01  1.00000000e+04  1.79983408e+02
 1.00770481e+04  4.63857698e+01  1.00770481e+04  1.79983280e+02
 1.01546899e+04  4.63857698e+01  1.01546899e+04  1.79983152e+02
 1.02329299e+04  4.63857710e+01  1.02329299e+04  1.79983022e+02
 1.03117727e+04  4.63857729e+01  1.03117727e+04  1.79982891e+02
 1.03912230e+04  4.63857748e+01  1.03912230e+04  1.79982759e+02
 1.04712855e+04  4.63857761e+01  1.04712855e+04  1.79982626e+02
 1.05519648e+04  4.63857768e+01  1.05519648e+04  1.79982492e+02
 1.06332657e+04  4.63857781e+01  1.06332657e+04  1.79982358e+02
 1.07151931e+04  4.63857788e+01  1.07151931e+04  1.79982222e+02
 1.07977516e+04  4.63857808e+01  1.07977516e+04  1.79982085e+02
 1.08809463e+04  4.63857816e+01  1.08809463e+04  1.79981947e+02
 1.09647820e+04  4.63857830e+01  1.09647820e+04  1.79981808e+02
 1.10492636e+04  4.63857837e+01  1.10492636e+04  1.79981668e+02
 1.11343961e+04  4.63857866e+01  1.11343961e+04  1.79981526e+02
 1.12201845e+04  4.63857880e+01  1.12201845e+04  1.79981384e+02
 1.13066340e+04  4.63857895e+01  1.13066340e+04  1.79981240e+02
 1.13937495e+04  4.63857918e+01  1.13937495e+04  1.79981096e+02
 1.14815362e+04  4.63857934e+01  1.14815362e+04  1.79980950e+02
 1.15699993e+04  4.63857942e+01  1.15699993e+04  1.79980803e+02
 1.16591440e+04  4.63857958e+01  1.16591440e+04  1.79980655e+02
 1.17489755e+04  4.63857967e+01  1.17489755e+04  1.79980506e+02
 1.18394992e+04  4.63857983e+01  1.18394992e+04  1.79980356e+02
 1.19307204e+04  4.63858008e+01  1.19307204e+04  1.79980205e+02
 1.20226443e+04  4.63858025e+01  1.20226443e+04  1.79980052e+02
 1.21152766e+04  4.63858042e+01  1.21152766e+04  1.79979899e+02
 1.22086225e+04  4.63858068e+01  1.22086225e+04  1.79979743e+02
 1.23026877e+04  4.63858078e+01  1.23026877e+04  1.79979588e+02
 1.23974776e+04  4.63858105e+01  1.23974776e+04  1.79979430e+02
 1.24929979e+04  4.63858114e+01  1.24929979e+04  1.79979272e+02
 1.25892541e+04  4.63858124e+01  1.25892541e+04  1.79979112e+02
 1.26862520e+04  4.63858143e+01  1.26862520e+04  1.79978951e+02
 1.27839972e+04  4.63858162e+01  1.27839972e+04  1.79978789e+02
 1.28824955e+04  4.63858191e+01  1.28824955e+04  1.79978626e+02
 1.29817528e+04  4.63858201e+01  1.29817528e+04  1.79978461e+02
 1.30817747e+04  4.63858211e+01  1.30817747e+04  1.79978295e+02
 1.31825674e+04  4.63858251e+01  1.31825674e+04  1.79978128e+02
 1.32841366e+04  4.63858272e+01  1.32841366e+04  1.79977959e+02
 1.33864884e+04  4.63858303e+01  1.33864884e+04  1.79977789e+02
 1.34896288e+04  4.63858315e+01  1.34896288e+04  1.79977618e+02
 1.35935639e+04  4.63858336e+01  1.35935639e+04  1.79977446e+02
 1.36982998e+04  4.63858359e+01  1.36982998e+04  1.79977272e+02
 1.38038426e+04  4.63858381e+01  1.38038426e+04  1.79977097e+02
 1.39101987e+04  4.63858404e+01  1.39101987e+04  1.79976920e+02
 1.40173742e+04  4.63858438e+01  1.40173742e+04  1.79976742e+02
 1.41253754e+04  4.63858451e+01  1.41253754e+04  1.79976563e+02
 1.42342088e+04  4.63858486e+01  1.42342088e+04  1.79976382e+02
 1.43438808e+04  4.63858511e+01  1.43438808e+04  1.79976200e+02
 1.44543977e+04  4.63858523e+01  1.44543977e+04  1.79976017e+02
 1.45657662e+04  4.63858548e+01  1.45657662e+04  1.79975832e+02
 1.46779927e+04  4.63858574e+01  1.46779927e+04  1.79975646e+02
 1.47910839e+04  4.63858612e+01  1.47910839e+04  1.79975458e+02
 1.49050464e+04  4.63858626e+01  1.49050464e+04  1.79975269e+02
 1.50198870e+04  4.63858640e+01  1.50198870e+04  1.79975079e+02
 1.51356125e+04  4.63858693e+01  1.51356125e+04  1.79974887e+02
 1.52522296e+04  4.63858694e+01  1.52522296e+04  1.79974694e+02
 1.53697452e+04  4.63858735e+01  1.53697452e+04  1.79974498e+02
 1.54881662e+04  4.63858777e+01  1.54881662e+04  1.79974302e+02
 1.56074996e+04  4.63858778e+01  1.56074996e+04  1.79974104e+02
 1.57277525e+04  4.63858821e+01  1.57277525e+04  1.79973904e+02
 1.58489319e+04  4.63858865e+01  1.58489319e+04  1.79973703e+02
 1.59710450e+04  4.63858895e+01  1.59710450e+04  1.79973500e+02
 1.60940989e+04  4.63858911e+01  1.60940989e+04  1.79973296e+02
 1.62181010e+04  4.63858942e+01  1.62181010e+04  1.79973091e+02
 1.63430584e+04  4.63858989e+01  1.63430584e+04  1.79972883e+02
 1.64689787e+04  4.63858990e+01  1.64689787e+04  1.79972675e+02
 1.65958691e+04  4.63859022e+01  1.65958691e+04  1.79972464e+02
 1.67237372e+04  4.63859071e+01  1.67237372e+04  1.79972252e+02
 1.68525904e+04  4.63859105e+01  1.68525904e+04  1.79972038e+02
 1.69824365e+04  4.63859139e+01  1.69824365e+04  1.79971822e+02
 1.71132830e+04  4.63859190e+01  1.71132830e+04  1.79971605e+02
 1.72451377e+04  4.63859209e+01  1.72451377e+04  1.79971386e+02
 1.73780083e+04  4.63859244e+01  1.73780083e+04  1.79971166e+02
 1.75119026e+04  4.63859280e+01  1.75119026e+04  1.79970944e+02
 1.76468286e+04  4.63859317e+01  1.76468286e+04  1.79970720e+02
 1.77827941e+04  4.63859336e+01  1.77827941e+04  1.79970495e+02
 1.79198072e+04  4.63859411e+01  1.79198072e+04  1.79970267e+02
 1.80578760e+04  4.63859431e+01  1.80578760e+04  1.79970038e+02
 1.81970086e+04  4.63859451e+01  1.81970086e+04  1.79969807e+02
 1.83372132e+04  4.63859509e+01  1.83372132e+04  1.79969574e+02
 1.84784980e+04  4.63859569e+01  1.84784980e+04  1.79969340e+02
 1.86208714e+04  4.63859591e+01  1.86208714e+04  1.79969104e+02
 1.87643417e+04  4.63859632e+01  1.87643417e+04  1.79968866e+02
 1.89089175e+04  4.63859695e+01  1.89089175e+04  1.79968625e+02
 1.90546072e+04  4.63859717e+01  1.90546072e+04  1.79968384e+02
 1.92014194e+04  4.63859739e+01  1.92014194e+04  1.79968140e+02
 1.93493628e+04  4.63859826e+01  1.93493628e+04  1.79967894e+02
 1.94984460e+04  4.63859872e+01  1.94984460e+04  1.79967647e+02
 1.96486779e+04  4.63859873e+01  1.96486779e+04  1.79967398e+02
 1.98000673e+04  4.63859942e+01  1.98000673e+04  1.79967147e+02
 1.99526231e+04  4.63859988e+01  1.99526231e+04  1.79966894e+02
 2.01063544e+04  4.63860059e+01  2.01063544e+04  1.79966638e+02
 2.02612701e+04  4.63860061e+01  2.02612701e+04  1.79966382e+02
 2.04173794e+04  4.63860158e+01  2.04173794e+04  1.79966122e+02
 2.05746916e+04  4.63860159e+01  2.05746916e+04  1.79965862e+02
 2.07332157e+04  4.63860210e+01  2.07332157e+04  1.79965599e+02
 2.08929613e+04  4.63860286e+01  2.08929613e+04  1.79965333e+02
 2.10539377e+04  4.63860313e+01  2.10539377e+04  1.79965066e+02
 2.12161544e+04  4.63860417e+01  2.12161544e+04  1.79964796e+02
 2.13796209e+04  4.63860419e+01  2.13796209e+04  1.79964526e+02
 2.15443469e+04  4.63860500e+01  2.15443469e+04  1.79964252e+02
 2.17103421e+04  4.63860556e+01  2.17103421e+04  1.79963977e+02
 2.18776162e+04  4.63860640e+01  2.18776162e+04  1.79963699e+02
 2.20461792e+04  4.63860697e+01  2.20461792e+04  1.79963419e+02
 2.22160409e+04  4.63860699e+01  2.22160409e+04  1.79963138e+02
 2.23872114e+04  4.63860787e+01  2.23872114e+04  1.79962853e+02
 2.25597007e+04  4.63860876e+01  2.25597007e+04  1.79962567e+02
 2.27335190e+04  4.63860908e+01  2.27335190e+04  1.79962279e+02
 2.29086765e+04  4.63861000e+01  2.29086765e+04  1.79961988e+02
 2.30851836e+04  4.63861002e+01  2.30851836e+04  1.79961695e+02
 2.32630507e+04  4.63861096e+01  2.32630507e+04  1.79961400e+02
 2.34422882e+04  4.63861161e+01  2.34422882e+04  1.79961102e+02
 2.36229066e+04  4.63861227e+01  2.36229066e+04  1.79960803e+02
 2.38049167e+04  4.63861294e+01  2.38049167e+04  1.79960501e+02
 2.39883292e+04  4.63861362e+01  2.39883292e+04  1.79960196e+02
 2.41731548e+04  4.63861397e+01  2.41731548e+04  1.79959890e+02
 2.43594045e+04  4.63861501e+01  2.43594045e+04  1.79959580e+02
 2.45470892e+04  4.63861572e+01  2.45470892e+04  1.79959269e+02
 2.47362199e+04  4.63861644e+01  2.47362199e+04  1.79958955e+02
 2.49268079e+04  4.63861717e+01  2.49268079e+04  1.79958639e+02
 2.51188643e+04  4.63861792e+01  2.51188643e+04  1.79958320e+02
 2.53124005e+04  4.63861867e+01  2.53124005e+04  1.79957999e+02
 2.55074278e+04  4.63861907e+01  2.55074278e+04  1.79957676e+02
 2.57039578e+04  4.63862022e+01  2.57039578e+04  1.79957349e+02
 2.59020020e+04  4.63862101e+01  2.59020020e+04  1.79957020e+02
 2.61015722e+04  4.63862182e+01  2.61015722e+04  1.79956689e+02
 2.63026799e+04  4.63862303e+01  2.63026799e+04  1.79956355e+02
 2.65053372e+04  4.63862346e+01  2.65053372e+04  1.79956019e+02
 2.67095559e+04  4.63862389e+01  2.67095559e+04  1.79955680e+02
 2.69153480e+04  4.63862516e+01  2.69153480e+04  1.79955338e+02
 2.71227258e+04  4.63862560e+01  2.71227258e+04  1.79954995e+02
 2.73317014e+04  4.63862690e+01  2.73317014e+04  1.79954647e+02
 2.75422870e+04  4.63862736e+01  2.75422870e+04  1.79954298e+02
 2.77544952e+04  4.63862871e+01  2.77544952e+04  1.79953946e+02
 2.79683385e+04  4.63862963e+01  2.79683385e+04  1.79953591e+02
 2.81838293e+04  4.63863011e+01  2.81838293e+04  1.79953234e+02
 2.84009805e+04  4.63863106e+01  2.84009805e+04  1.79952873e+02
 2.86198048e+04  4.63863249e+01  2.86198048e+04  1.79952509e+02
 2.88403150e+04  4.63863347e+01  2.88403150e+04  1.79952143e+02
 2.90625243e+04  4.63863446e+01  2.90625243e+04  1.79951775e+02
 2.92864456e+04  4.63863498e+01  2.92864456e+04  1.79951403e+02
 2.95120923e+04  4.63863600e+01  2.95120923e+04  1.79951029e+02
 2.97394775e+04  4.63863755e+01  2.97394775e+04  1.79950651e+02
 2.99686146e+04  4.63863861e+01  2.99686146e+04  1.79950271e+02
 3.01995172e+04  4.63863968e+01  3.01995172e+04  1.79949887e+02
 3.04321989e+04  4.63864131e+01  3.04321989e+04  1.79949501e+02
 3.06666733e+04  4.63864189e+01  3.06666733e+04  1.79949112e+02
 3.09029543e+04  4.63864246e+01  3.09029543e+04  1.79948720e+02
 3.11410558e+04  4.63864416e+01  3.11410558e+04  1.79948325e+02
 3.13809919e+04  4.63864532e+01  3.13809919e+04  1.79947926e+02
 3.16227766e+04  4.63864650e+01  3.16227766e+04  1.79947525e+02
 3.18664242e+04  4.63864769e+01  3.18664242e+04  1.79947121e+02
 3.21119491e+04  4.63864832e+01  3.21119491e+04  1.79946713e+02
 3.23593657e+04  4.63865015e+01  3.23593657e+04  1.79946302e+02
 3.26086886e+04  4.63865140e+01  3.26086886e+04  1.79945888e+02
 3.28599325e+04  4.63865205e+01  3.28599325e+04  1.79945472e+02
 3.31131121e+04  4.63865460e+01  3.31131121e+04  1.79945051e+02
 3.33682425e+04  4.63865528e+01  3.33682425e+04  1.79944628e+02
 3.36253386e+04  4.63865662e+01  3.36253386e+04  1.79944201e+02
 3.38844156e+04  4.63865797e+01  3.38844156e+04  1.79943771e+02
 3.41454887e+04  4.63865935e+01  3.41454887e+04  1.79943337e+02
 3.44085734e+04  4.63866074e+01  3.44085734e+04  1.79942901e+02
 3.46736850e+04  4.63866147e+01  3.46736850e+04  1.79942461e+02
 3.49408393e+04  4.63866290e+01  3.49408393e+04  1.79942018e+02
 3.52100520e+04  4.63866506e+01  3.52100520e+04  1.79941570e+02
 3.54813389e+04  4.63866727e+01  3.54813389e+04  1.79941119e+02
 3.57547160e+04  4.63866806e+01  3.57547160e+04  1.79940666e+02
 3.60301995e+04  4.63867034e+01  3.60301995e+04  1.79940208e+02
 3.63078055e+04  4.63867114e+01  3.63078055e+04  1.79939748e+02
 3.65875504e+04  4.63867195e+01  3.65875504e+04  1.79939284e+02
 3.68694506e+04  4.63867433e+01  3.68694506e+04  1.79938815e+02
 3.71535229e+04  4.63867516e+01  3.71535229e+04  1.79938344e+02
 3.74397839e+04  4.63867761e+01  3.74397839e+04  1.79937868e+02
 3.77282505e+04  4.63867929e+01  3.77282505e+04  1.79937389e+02
 3.80189396e+04  4.63868099e+01  3.80189396e+04  1.79936907e+02
 3.83118685e+04  4.63868273e+01  3.83118685e+04  1.79936420e+02
 3.86070543e+04  4.63868448e+01  3.86070543e+04  1.79935930e+02
 3.89045145e+04  4.63868714e+01  3.89045145e+04  1.79935436e+02
 3.92042666e+04  4.63868808e+01  3.92042666e+04  1.79934939e+02
 3.95063281e+04  4.63868903e+01  3.95063281e+04  1.79934438e+02
 3.98107171e+04  4.63869271e+01  3.98107171e+04  1.79933931e+02
 4.01174512e+04  4.63869462e+01  4.01174512e+04  1.79933422e+02
 4.04265487e+04  4.63869468e+01  4.04265487e+04  1.79932910e+02
 4.07380278e+04  4.63869758e+01  4.07380278e+04  1.79932392e+02
 4.10519067e+04  4.63869957e+01  4.10519067e+04  1.79931871e+02
 4.13682040e+04  4.63870257e+01  4.13682040e+04  1.79931345e+02
 4.16869383e+04  4.63870364e+01  4.16869383e+04  1.79930817e+02
 4.20081285e+04  4.63870572e+01  4.20081285e+04  1.79930283e+02
 4.23317933e+04  4.63870680e+01  4.23317933e+04  1.79929746e+02
 4.26579519e+04  4.63870893e+01  4.26579519e+04  1.79929205e+02
 4.29866235e+04  4.63871216e+01  4.29866235e+04  1.79928658e+02
 4.33178274e+04  4.63871330e+01  4.33178274e+04  1.79928109e+02
 4.36515832e+04  4.63871663e+01  4.36515832e+04  1.79927554e+02
 4.39879106e+04  4.63872002e+01  4.39879106e+04  1.79926995e+02
 4.43268292e+04  4.63872123e+01  4.43268292e+04  1.79926433e+02
 4.46683592e+04  4.63872243e+01  4.46683592e+04  1.79925866e+02
 4.50125206e+04  4.63872480e+01  4.50125206e+04  1.79925295e+02
 4.53593337e+04  4.63872722e+01  4.53593337e+04  1.79924719e+02
 4.57088190e+04  4.63873086e+01  4.57088190e+04  1.79924138e+02
 4.60609969e+04  4.63873337e+01  4.60609969e+04  1.79923553e+02
 4.64158883e+04  4.63873715e+01  4.64158883e+04  1.79922963e+02
 4.67735141e+04  4.63873975e+01  4.67735141e+04  1.79922369e+02
 4.71338954e+04  4.63874111e+01  4.71338954e+04  1.79921771e+02
 4.74970533e+04  4.63874377e+01  4.74970533e+04  1.79921168e+02
 4.78630092e+04  4.63874647e+01  4.78630092e+04  1.79920560e+02
 4.82317848e+04  4.63874922e+01  4.82317848e+04  1.79919947e+02
 4.86034018e+04  4.63875201e+01  4.86034018e+04  1.79919330e+02
 4.89778819e+04  4.63875484e+01  4.89778819e+04  1.79918708e+02
 4.93552474e+04  4.63875912e+01  4.93552474e+04  1.79918080e+02
 4.97355204e+04  4.63876063e+01  4.97355204e+04  1.79917450e+02
 5.01187234e+04  4.63876359e+01  5.01187234e+04  1.79916813e+02
 5.05048788e+04  4.63876367e+01  5.05048788e+04  1.79916173e+02
 5.08940095e+04  4.63877115e+01  5.08940095e+04  1.79915524e+02
 5.12861384e+04  4.63877276e+01  5.12861384e+04  1.79914874e+02
 5.16812886e+04  4.63877592e+01  5.16812886e+04  1.79914217e+02
 5.20794833e+04  4.63877911e+01  5.20794833e+04  1.79913556e+02
 5.24807460e+04  4.63878078e+01  5.24807460e+04  1.79912890e+02
 5.28851004e+04  4.63878406e+01  5.28851004e+04  1.79912218e+02
 5.32925703e+04  4.63879065e+01  5.32925703e+04  1.79911540e+02
 5.37031796e+04  4.63879242e+01  5.37031796e+04  1.79910858e+02
 5.41169527e+04  4.63879419e+01  5.41169527e+04  1.79910172e+02
 5.45339137e+04  4.63879938e+01  5.45339137e+04  1.79909478e+02
 5.49540874e+04  4.63880295e+01  5.49540874e+04  1.79908780e+02
 5.53774984e+04  4.63880833e+01  5.53774984e+04  1.79908076e+02
 5.58041717e+04  4.63881203e+01  5.58041717e+04  1.79907367e+02
 5.62341325e+04  4.63881397e+01  5.62341325e+04  1.79906653e+02
 5.66674061e+04  4.63881776e+01  5.66674061e+04  1.79905933e+02
 5.71040179e+04  4.63882161e+01  5.71040179e+04  1.79905208e+02
 5.75439937e+04  4.63882552e+01  5.75439937e+04  1.79904477e+02
 5.79873595e+04  4.63883142e+01  5.79873595e+04  1.79903739e+02
 5.84341413e+04  4.63883547e+01  5.84341413e+04  1.79902996e+02
 5.88843655e+04  4.63883760e+01  5.88843655e+04  1.79902249e+02
 5.93380586e+04  4.63884176e+01  5.93380586e+04  1.79901495e+02
 5.97952473e+04  4.63884598e+01  5.97952473e+04  1.79900736e+02
 6.02559586e+04  4.63885026e+01  6.02559586e+04  1.79899970e+02
 6.07202196e+04  4.63885461e+01  6.07202196e+04  1.79899198e+02
 6.11880576e+04  4.63885688e+01  6.11880576e+04  1.79898422e+02
 6.16595002e+04  4.63886133e+01  6.16595002e+04  1.79897638e+02
 6.21345752e+04  4.63887029e+01  6.21345752e+04  1.79896846e+02
 6.26133105e+04  4.63887270e+01  6.26133105e+04  1.79896052e+02
 6.30957344e+04  4.63887968e+01  6.30957344e+04  1.79895249e+02
 6.35818754e+04  4.63888449e+01  6.35818754e+04  1.79894441e+02
 6.40717619e+04  4.63888701e+01  6.40717619e+04  1.79893627e+02
 6.45654229e+04  4.63889193e+01  6.45654229e+04  1.79892807e+02
 6.50628875e+04  4.63889936e+01  6.50628875e+04  1.79891978e+02
 6.55641849e+04  4.63890200e+01  6.55641849e+04  1.79891146e+02
 6.60693448e+04  4.63890715e+01  6.60693448e+04  1.79890307e+02
 6.65783968e+04  4.63891239e+01  6.65783968e+04  1.79889460e+02
 6.70913710e+04  4.63892029e+01  6.70913710e+04  1.79888606e+02
 6.76082975e+04  4.63892309e+01  6.76082975e+04  1.79887748e+02
 6.81292069e+04  4.63892857e+01  6.81292069e+04  1.79886882e+02
 6.86541298e+04  4.63893142e+01  6.86541298e+04  1.79886010e+02
 6.91830971e+04  4.63893978e+01  6.91830971e+04  1.79885129e+02
 6.97161400e+04  4.63894831e+01  6.97161400e+04  1.79884241e+02
 7.02532899e+04  4.63895417e+01  7.02532899e+04  1.79883348e+02
 7.07945784e+04  4.63896014e+01  7.07945784e+04  1.79882448e+02
 7.13400375e+04  4.63896326e+01  7.13400375e+04  1.79881542e+02
 7.18896992e+04  4.63896639e+01  7.18896992e+04  1.79880629e+02
 7.24435960e+04  4.63897555e+01  7.24435960e+04  1.79879707e+02
 7.30017605e+04  4.63897878e+01  7.30017605e+04  1.79878780e+02
 7.35642254e+04  4.63899134e+01  7.35642254e+04  1.79877841e+02
 7.41310241e+04  4.63899155e+01  7.41310241e+04  1.79876901e+02
 7.47021899e+04  4.63900130e+01  7.47021899e+04  1.79875950e+02
 7.52777564e+04  4.63900799e+01  7.52777564e+04  1.79874993e+02
 7.58577575e+04  4.63901478e+01  7.58577575e+04  1.79874028e+02
 7.64422274e+04  4.63902168e+01  7.64422274e+04  1.79873055e+02
 7.70312006e+04  4.63902527e+01  7.70312006e+04  1.79872077e+02
 7.76247117e+04  4.63903579e+01  7.76247117e+04  1.79871088e+02
 7.82227956e+04  4.63903950e+01  7.82227956e+04  1.79870094e+02
 7.88254877e+04  4.63905035e+01  7.88254877e+04  1.79869090e+02
 7.94328235e+04  4.63906142e+01  7.94328235e+04  1.79868078e+02
 8.00448386e+04  4.63906535e+01  8.00448386e+04  1.79867061e+02
 8.06615692e+04  4.63907303e+01  8.06615692e+04  1.79866035e+02
 8.12830516e+04  4.63908463e+01  8.12830516e+04  1.79864999e+02
 8.19093224e+04  4.63908875e+01  8.19093224e+04  1.79863958e+02
 8.25404185e+04  4.63909287e+01  8.25404185e+04  1.79862909e+02
 8.31763771e+04  4.63910098e+01  8.31763771e+04  1.79861850e+02
 8.38172356e+04  4.63911326e+01  8.38172356e+04  1.79860782e+02
 8.44630319e+04  4.63911346e+01  8.44630319e+04  1.79859708e+02
 8.51138038e+04  4.63913023e+01  8.51138038e+04  1.79858624e+02
 8.57695899e+04  4.63913891e+01  8.57695899e+04  1.79857532e+02
 8.64304286e+04  4.63913913e+01  8.64304286e+04  1.79856433e+02
 8.70963590e+04  4.63915232e+01  8.70963590e+04  1.79855324e+02
 8.77674203e+04  4.63916577e+01  8.77674203e+04  1.79854206e+02
 8.84436519e+04  4.63917051e+01  8.84436519e+04  1.79853081e+02
 8.91250938e+04  4.63917982e+01  8.91250938e+04  1.79851946e+02
 8.98117861e+04  4.63919390e+01  8.98117861e+04  1.79850801e+02
 9.05037692e+04  4.63920358e+01  9.05037692e+04  1.79849649e+02
 9.12010839e+04  4.63921340e+01  9.12010839e+04  1.79848488e+02
 9.19037713e+04  4.63922337e+01  9.19037713e+04  1.79847317e+02
 9.26118728e+04  4.63923349e+01  9.26118728e+04  1.79846138e+02
 9.33254301e+04  4.63924377e+01  9.33254301e+04  1.79844949e+02
 9.40444852e+04  4.63925931e+01  9.40444852e+04  1.79843749e+02
 9.47690805e+04  4.63926482e+01  9.47690805e+04  1.79842544e+02
 9.54992586e+04  4.63928082e+01  9.54992586e+04  1.79841325e+02
 9.62350626e+04  4.63929185e+01  9.62350626e+04  1.79840098e+02
 9.69765359e+04  4.63929222e+01  9.69765359e+04  1.79838866e+02
 9.77237221e+04  4.63930889e+01  9.77237221e+04  1.79837620e+02
 9.84766652e+04  4.63932035e+01  9.84766652e+04  1.79836365e+02
 9.92354096e+04  4.63933764e+01  9.92354096e+04  1.79835098e+02
 1.00000000e+05  4.63934952e+01  1.00000000e+05  1.79833824e+02
 1.00770481e+05  4.63934993e+01  1.00770481e+05  1.79832543e+02
 1.01546899e+05  4.63936794e+01  1.01546899e+05  1.79831247e+02
 1.02329299e+05  4.63938030e+01  1.02329299e+05  1.79829943e+02
 1.03117727e+05  4.63938674e+01  1.03117727e+05  1.79828629e+02
 1.03912230e+05  4.63939940e+01  1.03912230e+05  1.79827305e+02
 1.04712855e+05  4.63941856e+01  1.04712855e+05  1.79825968e+02
 1.05519648e+05  4.63943810e+01  1.05519648e+05  1.79824620e+02
 1.06332657e+05  4.63944506e+01  1.06332657e+05  1.79823267e+02
 1.07151931e+05  4.63945861e+01  1.07151931e+05  1.79821900e+02
 1.07977516e+05  4.63946568e+01  1.07977516e+05  1.79820524e+02
 1.08809463e+05  4.63948637e+01  1.08809463e+05  1.79819135e+02
 1.09647820e+05  4.63950055e+01  1.09647820e+05  1.79817737e+02
 1.10492636e+05  4.63951498e+01  1.10492636e+05  1.79816327e+02
 1.11343961e+05  4.63952962e+01  1.11343961e+05  1.79814906e+02
 1.12201845e+05  4.63954448e+01  1.12201845e+05  1.79813475e+02
 1.13066340e+05  4.63955959e+01  1.13066340e+05  1.79812032e+02
 1.13937495e+05  4.63956744e+01  1.13937495e+05  1.79810579e+02
 1.14815362e+05  4.63959048e+01  1.14815362e+05  1.79809112e+02
 1.15699993e+05  4.63961400e+01  1.15699993e+05  1.79807632e+02
 1.16591440e+05  4.63962234e+01  1.16591440e+05  1.79806147e+02
 1.17489755e+05  4.63964659e+01  1.17489755e+05  1.79804643e+02
 1.18394992e+05  4.63964715e+01  1.18394992e+05  1.79803136e+02
 1.19307204e+05  4.63967202e+01  1.19307204e+05  1.79801612e+02
 1.20226443e+05  4.63968909e+01  1.20226443e+05  1.79800076e+02
 1.21152766e+05  4.63970642e+01  1.21152766e+05  1.79798529e+02
 1.22086225e+05  4.63972404e+01  1.22086225e+05  1.79796969e+02
 1.23026877e+05  4.63973321e+01  1.23026877e+05  1.79795399e+02
 1.23974776e+05  4.63976006e+01  1.23974776e+05  1.79793814e+02
 1.24929979e+05  4.63977850e+01  1.24929979e+05  1.79792217e+02
 1.25892541e+05  4.63980634e+01  1.25892541e+05  1.79790604e+02
 1.26862520e+05  4.63981623e+01  1.26862520e+05  1.79788987e+02
 1.27839972e+05  4.63982615e+01  1.27839972e+05  1.79787354e+02
 1.28824955e+05  4.63984560e+01  1.28824955e+05  1.79785707e+02
 1.29817528e+05  4.63988475e+01  1.29817528e+05  1.79784042e+02
 1.30817747e+05  4.63989528e+01  1.30817747e+05  1.79782374e+02
 1.31825674e+05  4.63990580e+01  1.31825674e+05  1.79780689e+02
 1.32841366e+05  4.63992651e+01  1.32841366e+05  1.79778990e+02
 1.33864884e+05  4.63995783e+01  1.33864884e+05  1.79777276e+02
 1.34896288e+05  4.63997934e+01  1.34896288e+05  1.79775551e+02
 1.35935639e+05  4.64000115e+01  1.35935639e+05  1.79773811e+02
 1.36982998e+05  4.64002333e+01  1.36982998e+05  1.79772059e+02
 1.38038426e+05  4.64003489e+01  1.38038426e+05  1.79770293e+02
 1.39101987e+05  4.64007985e+01  1.39101987e+05  1.79768506e+02
 1.40173742e+05  4.64009192e+01  1.40173742e+05  1.79766717e+02
 1.41253754e+05  4.64011550e+01  1.41253754e+05  1.79764908e+02
 1.42342088e+05  4.64015109e+01  1.42342088e+05  1.79763080e+02
 1.43438808e+05  4.64016376e+01  1.43438808e+05  1.79761248e+02
 1.44543977e+05  4.64018847e+01  1.44543977e+05  1.79759397e+02
 1.45657662e+05  4.64021354e+01  1.45657662e+05  1.79757531e+02
 1.46779927e+05  4.64022661e+01  1.46779927e+05  1.79755651e+02
 1.47910839e+05  4.64025227e+01  1.47910839e+05  1.79753755e+02
 1.49050464e+05  4.64030389e+01  1.49050464e+05  1.79751838e+02
 1.50198870e+05  4.64033074e+01  1.50198870e+05  1.79749913e+02
 1.51356125e+05  4.64033167e+01  1.51356125e+05  1.79747979e+02
 1.52522296e+05  4.64037234e+01  1.52522296e+05  1.79746023e+02
 1.53697452e+05  4.64040027e+01  1.53697452e+05  1.79744051e+02
 1.54881662e+05  4.64042862e+01  1.54881662e+05  1.79742065e+02
 1.56074996e+05  4.64047143e+01  1.56074996e+05  1.79740055e+02
 1.57277525e+05  4.64048668e+01  1.57277525e+05  1.79738044e+02
 1.58489319e+05  4.64051635e+01  1.58489319e+05  1.79736010e+02
 1.59710450e+05  4.64054656e+01  1.59710450e+05  1.79733960e+02
 1.60940989e+05  4.64054735e+01  1.60940989e+05  1.79731887e+02
 1.62181010e+05  4.64060824e+01  1.62181010e+05  1.79729811e+02
 1.63430584e+05  4.64062443e+01  1.63430584e+05  1.79727712e+02
 1.64689787e+05  4.64065625e+01  1.64689787e+05  1.79725596e+02
 1.65958691e+05  4.64072031e+01  1.65958691e+05  1.79723456e+02
 1.67237372e+05  4.64073750e+01  1.67237372e+05  1.79721315e+02
 1.68525904e+05  4.64077111e+01  1.68525904e+05  1.79719148e+02
 1.69824365e+05  4.64080523e+01  1.69824365e+05  1.79716965e+02
 1.71132830e+05  4.64082304e+01  1.71132830e+05  1.79714765e+02
 1.72451377e+05  4.64085793e+01  1.72451377e+05  1.79712547e+02
 1.73780083e+05  4.64091071e+01  1.73780083e+05  1.79710311e+02
 1.75119026e+05  4.64092936e+01  1.75119026e+05  1.79708058e+02
 1.76468286e+05  4.64100176e+01  1.76468286e+05  1.79705777e+02
 1.77827941e+05  4.64100309e+01  1.77827941e+05  1.79703497e+02
 1.79198072e+05  4.64104075e+01  1.79198072e+05  1.79701190e+02
 1.80578760e+05  4.64109782e+01  1.80578760e+05  1.79698864e+02
 1.81970086e+05  4.64111797e+01  1.81970086e+05  1.79696520e+02
 1.83372132e+05  4.64117680e+01  1.83372132e+05  1.79694157e+02
 1.84784980e+05  4.64121717e+01  1.84784980e+05  1.79691776e+02
 1.86208714e+05  4.64123825e+01  1.86208714e+05  1.79689375e+02
 1.87643417e+05  4.64129989e+01  1.87643417e+05  1.79686956e+02
 1.89089175e+05  4.64134220e+01  1.89089175e+05  1.79684517e+02
 1.90546072e+05  4.64138517e+01  1.90546072e+05  1.79682059e+02
 1.92014194e+05  4.64142875e+01  1.92014194e+05  1.79679581e+02
 1.93493628e+05  4.64147312e+01  1.93493628e+05  1.79677084e+02
 1.94984460e+05  4.64149620e+01  1.94984460e+05  1.79674566e+02
 1.96486779e+05  4.64158597e+01  1.96486779e+05  1.79672017e+02
 1.98000673e+05  4.64161019e+01  1.98000673e+05  1.79669471e+02
 1.99526231e+05  4.64168022e+01  1.99526231e+05  1.79666880e+02
 2.01063544e+05  4.64170519e+01  2.01063544e+05  1.79664294e+02
 2.02612701e+05  4.64177738e+01  2.02612701e+05  1.79661662e+02
 2.04173794e+05  4.64180311e+01  2.04173794e+05  1.79659034e+02
 2.05746916e+05  4.64187760e+01  2.05746916e+05  1.79656359e+02
 2.07332157e+05  4.64190415e+01  2.07332157e+05  1.79653689e+02
 2.08929613e+05  4.64195584e+01  2.08929613e+05  1.79650984e+02
 2.10539377e+05  4.64200832e+01  2.10539377e+05  1.79648258e+02
 2.12161544e+05  4.64203570e+01  2.12161544e+05  1.79645509e+02
 2.13796209e+05  4.64208944e+01  2.13796209e+05  1.79642739e+02
 2.15443469e+05  4.64222411e+01  2.15443469e+05  1.79639901e+02
 2.17103421e+05  4.64222655e+01  2.17103421e+05  1.79637133e+02
 2.18776162e+05  4.64228327e+01  2.18776162e+05  1.79634295e+02
 2.20461792e+05  4.64236877e+01  2.20461792e+05  1.79631419e+02
 2.22160409e+05  4.64239933e+01  2.22160409e+05  1.79628552e+02
 2.23872114e+05  4.64245869e+01  2.23872114e+05  1.79625645e+02
 2.25597007e+05  4.64251899e+01  2.25597007e+05  1.79622715e+02
 2.27335190e+05  4.64260998e+01  2.27335190e+05  1.79619744e+02
 2.29086765e+05  4.64264242e+01  2.29086765e+05  1.79616784e+02
 2.30851836e+05  4.64273627e+01  2.30851836e+05  1.79613764e+02
 2.32630507e+05  4.64276972e+01  2.32630507e+05  1.79610756e+02
 2.34422882e+05  4.64283484e+01  2.34422882e+05  1.79607706e+02
 2.36229066e+05  4.64293307e+01  2.36229066e+05  1.79604612e+02
 2.38049167e+05  4.64296823e+01  2.38049167e+05  1.79601531e+02
 2.39883292e+05  4.64300331e+01  2.39883292e+05  1.79598403e+02
 2.41731548e+05  4.64310572e+01  2.41731548e+05  1.79595255e+02
 2.43594045e+05  4.64321020e+01  2.43594045e+05  1.79592059e+02
 2.45470892e+05  4.64324748e+01  2.45470892e+05  1.79588877e+02
 2.47362199e+05  4.64332006e+01  2.47362199e+05  1.79585649e+02
 2.49268079e+05  4.64335803e+01  2.49268079e+05  1.79582391e+02
 2.51188643e+05  4.64346861e+01  2.51188643e+05  1.79579114e+02
 2.53124005e+05  4.64350779e+01  2.53124005e+05  1.79575803e+02
 2.55074278e+05  4.64362181e+01  2.55074278e+05  1.79572472e+02
 2.57039578e+05  4.64373813e+01  2.57039578e+05  1.79569087e+02
 2.59020020e+05  4.64377987e+01  2.59020020e+05  1.79565721e+02
 2.61015722e+05  4.64382140e+01  2.61015722e+05  1.79562299e+02
 2.63026799e+05  4.64394277e+01  2.63026799e+05  1.79558859e+02
 2.65053372e+05  4.64398570e+01  2.65053372e+05  1.79555381e+02
 2.67095559e+05  4.64411083e+01  2.67095559e+05  1.79551884e+02
 2.69153480e+05  4.64419678e+01  2.69153480e+05  1.79548353e+02
 2.71227258e+05  4.64424188e+01  2.71227258e+05  1.79544788e+02
 2.73317014e+05  4.64437288e+01  2.73317014e+05  1.79541205e+02
 2.75422870e+05  4.64446288e+01  2.75422870e+05  1.79537586e+02
 2.77544952e+05  4.64451010e+01  2.77544952e+05  1.79533932e+02
 2.79683385e+05  4.64469224e+01  2.79683385e+05  1.79530230e+02
 2.81838293e+05  4.64469598e+01  2.81838293e+05  1.79526544e+02
 2.84009805e+05  4.64483751e+01  2.84009805e+05  1.79522811e+02
 2.86198048e+05  4.64498194e+01  2.86198048e+05  1.79519009e+02
 2.88403150e+05  4.64503362e+01  2.88403150e+05  1.79515239e+02
 2.90625243e+05  4.64513402e+01  2.90625243e+05  1.79511406e+02
 2.92864456e+05  4.64518657e+01  2.92864456e+05  1.79507533e+02
 2.95120923e+05  4.64528927e+01  2.95120923e+05  1.79503635e+02
 2.97394775e+05  4.64539368e+01  2.97394775e+05  1.79499705e+02
 2.99686146e+05  4.64555137e+01  2.99686146e+05  1.79495751e+02
 3.01995172e+05  4.64571232e+01  3.01995172e+05  1.79491719e+02
 3.04321989e+05  4.64571668e+01  3.04321989e+05  1.79487717e+02
 3.06666733e+05  4.64593584e+01  3.06666733e+05  1.79483626e+02
 3.09029543e+05  4.64599544e+01  3.09029543e+05  1.79479567e+02
 3.11410558e+05  4.64611073e+01  3.11410558e+05  1.79475436e+02
 3.13809919e+05  4.64628461e+01  3.13809919e+05  1.79471230e+02
 3.16227766e+05  4.64628947e+01  3.16227766e+05  1.79467059e+02
 3.18664242e+05  4.64640941e+01  3.18664242e+05  1.79462823e+02
 3.21119491e+05  4.64653127e+01  3.21119491e+05  1.79458551e+02
 3.23593657e+05  4.64671515e+01  3.23593657e+05  1.79454254e+02
 3.26086886e+05  4.64678053e+01  3.26086886e+05  1.79449898e+02
 3.28599325e+05  4.64697032e+01  3.28599325e+05  1.79445529e+02
 3.31131121e+05  4.64697478e+01  3.31131121e+05  1.79441025e+02
 3.33682425e+05  4.64723352e+01  3.33682425e+05  1.79436655e+02
 3.36253386e+05  4.64736831e+01  3.36253386e+05  1.79432162e+02
 3.38844156e+05  4.64743891e+01  3.38844156e+05  1.79427616e+02
 3.41454887e+05  4.64764406e+01  3.41454887e+05  1.79423060e+02
 3.44085734e+05  4.64778518e+01  3.44085734e+05  1.79418450e+02
 3.46736850e+05  4.64792844e+01  3.46736850e+05  1.79413802e+02
 3.49408393e+05  4.64800375e+01  3.49408393e+05  1.79409097e+02
 3.52100520e+05  4.64829310e+01  3.52100520e+05  1.79404328e+02
 3.54813389e+05  4.64844437e+01  3.54813389e+05  1.79399558e+02
 3.57547160e+05  4.64852449e+01  3.57547160e+05  1.79394805e+02
 3.60301995e+05  4.64867935e+01  3.60301995e+05  1.79389953e+02
 3.63078055e+05  4.64891262e+01  3.63078055e+05  1.79384998e+02
 3.65875504e+05  4.64899649e+01  3.65875504e+05  1.79380123e+02
 3.68694506e+05  4.64915874e+01  3.68694506e+05  1.79375145e+02
 3.71535229e+05  4.64940288e+01  3.71535229e+05  1.79370058e+02
 3.74397839e+05  4.64949093e+01  3.74397839e+05  1.79365058e+02
 3.77282505e+05  4.64966102e+01  3.77282505e+05  1.79359949e+02
 3.80189396e+05  4.64975030e+01  3.80189396e+05  1.79354773e+02
 3.83118685e+05  4.65009342e+01  3.83118685e+05  1.79349525e+02
 3.86070543e+05  4.65018717e+01  3.86070543e+05  1.79344351e+02
 3.89045145e+05  4.65045513e+01  3.89045145e+05  1.79338987e+02
 3.92042666e+05  4.65046330e+01  3.92042666e+05  1.79333701e+02
 3.95063281e+05  4.65073848e+01  3.95063281e+05  1.79328341e+02
 3.98107171e+05  4.65092798e+01  3.98107171e+05  1.79322910e+02
 4.01174512e+05  4.65112047e+01  4.01174512e+05  1.79317431e+02
 4.04265487e+05  4.65131598e+01  4.04265487e+05  1.79311904e+02
 4.07380278e+05  4.65151475e+01  4.07380278e+05  1.79306327e+02
 4.10519067e+05  4.65171658e+01  4.10519067e+05  1.79300701e+02
 4.13682040e+05  4.65192139e+01  4.13682040e+05  1.79295025e+02
 4.16869383e+05  4.65222944e+01  4.16869383e+05  1.79289209e+02
 4.20081285e+05  4.65244244e+01  4.20081285e+05  1.79283429e+02
 4.23317933e+05  4.65255558e+01  4.23317933e+05  1.79277692e+02
 4.26579519e+05  4.65277367e+01  4.26579519e+05  1.79271811e+02
 4.29866235e+05  4.65288898e+01  4.29866235e+05  1.79265844e+02
 4.33178274e+05  4.65332827e+01  4.33178274e+05  1.79259787e+02
 4.36515832e+05  4.65344878e+01  4.36515832e+05  1.79253846e+02
 4.39879106e+05  4.65368091e+01  4.39879106e+05  1.79247750e+02
 4.43268292e+05  4.65391675e+01  4.43268292e+05  1.79241598e+02
 4.46683592e+05  4.65415651e+01  4.46683592e+05  1.79235390e+02
 4.50125206e+05  4.65428304e+01  4.50125206e+05  1.79229088e+02
 4.53593337e+05  4.65464671e+01  4.53593337e+05  1.79222805e+02
 4.57088190e+05  4.65477742e+01  4.57088190e+05  1.79216386e+02
 4.60609969e+05  4.65515267e+01  4.60609969e+05  1.79209988e+02
 4.64158883e+05  4.65541169e+01  4.64158883e+05  1.79203491e+02
 4.67735141e+05  4.65567468e+01  4.67735141e+05  1.79196935e+02
 4.71338954e+05  4.65581413e+01  4.71338954e+05  1.79190273e+02
 4.74970533e+05  4.65621320e+01  4.74970533e+05  1.79183639e+02
 4.78630092e+05  4.65662097e+01  4.78630092e+05  1.79176764e+02
 4.82317848e+05  4.65676904e+01  4.82317848e+05  1.79170095e+02
 4.86034018e+05  4.65691764e+01  4.86034018e+05  1.79163179e+02
 4.89778819e+05  4.65734264e+01  4.89778819e+05  1.79156298e+02
 4.93552474e+05  4.65777633e+01  4.93552474e+05  1.79149154e+02
 4.97355204e+05  4.65807671e+01  4.97355204e+05  1.79142089e+02
 5.01187234e+05  4.65823723e+01  5.01187234e+05  1.79135112e+02
 5.05048788e+05  4.65869155e+01  5.05048788e+05  1.79127759e+02
 5.08940095e+05  4.65885741e+01  5.08940095e+05  1.79120652e+02
 5.12861384e+05  4.65917522e+01  5.12861384e+05  1.79113319e+02
 5.16812886e+05  4.65949772e+01  5.16812886e+05  1.79105916e+02
 5.20794833e+05  4.65982504e+01  5.20794833e+05  1.79098443e+02
 5.24807460e+05  4.66031636e+01  5.24807460e+05  1.79090721e+02
 5.28851004e+05  4.66049632e+01  5.28851004e+05  1.79083279e+02
 5.32925703e+05  4.66083980e+01  5.32925703e+05  1.79075588e+02
 5.37031796e+05  4.66118881e+01  5.37031796e+05  1.79067822e+02
 5.41169527e+05  4.66154320e+01  5.41169527e+05  1.79059981e+02
 5.45339137e+05  4.66190319e+01  5.45339137e+05  1.79052063e+02
 5.49540874e+05  4.66226885e+01  5.49540874e+05  1.79044069e+02
 5.53774984e+05  4.66246404e+01  5.53774984e+05  1.79035921e+02
 5.58041717e+05  4.66301808e+01  5.58041717e+05  1.79027843e+02
 5.62341325e+05  4.66321966e+01  5.62341325e+05  1.79019532e+02
 5.66674061e+05  4.66416059e+01  5.66674061e+05  1.79010555e+02
 5.71040179e+05  4.66418709e+01  5.71040179e+05  1.79002900e+02
 5.75439937e+05  4.66439861e+01  5.75439937e+05  1.78994335e+02
 5.79873595e+05  4.66519139e+01  5.79873595e+05  1.78985619e+02
 5.84341413e+05  4.66580580e+01  5.84341413e+05  1.78976392e+02
 5.88843655e+05  4.66583442e+01  5.88843655e+05  1.78968467e+02
 5.93380586e+05  4.66626325e+01  5.93380586e+05  1.78959641e+02
 5.97952473e+05  4.66649269e+01  5.97952473e+05  1.78950630e+02
 6.02559586e+05  4.66714022e+01  6.02559586e+05  1.78941721e+02
 6.07202196e+05  4.66758971e+01  6.07202196e+05  1.78932623e+02
 6.11880576e+05  4.66804602e+01  6.11880576e+05  1.78923432e+02
 6.16595002e+05  4.66872890e+01  6.16595002e+05  1.78913864e+02
 6.21345752e+05  4.66920333e+01  6.21345752e+05  1.78904477e+02
 6.26133105e+05  4.66946000e+01  6.26133105e+05  1.78895289e+02
 6.30957344e+05  4.66971721e+01  6.30957344e+05  1.78885600e+02
 6.35818754e+05  4.67044048e+01  6.35818754e+05  1.78876037e+02
 6.40717619e+05  4.67070624e+01  6.40717619e+05  1.78866141e+02
 6.45654229e+05  4.67169259e+01  6.45654229e+05  1.78856056e+02
 6.50628875e+05  4.67197079e+01  6.50628875e+05  1.78846396e+02
 6.55641849e+05  4.67249756e+01  6.55641849e+05  1.78836307e+02
 6.60693448e+05  4.67278169e+01  6.60693448e+05  1.78825978e+02
 6.65783968e+05  4.67357709e+01  6.65783968e+05  1.78815804e+02
 6.70913710e+05  4.67438790e+01  6.70913710e+05  1.78805025e+02
 6.76082975e+05  4.67495344e+01  6.76082975e+05  1.78794489e+02
 6.81292069e+05  4.67526098e+01  6.81292069e+05  1.78784217e+02
 6.86541298e+05  4.67584087e+01  6.86541298e+05  1.78773460e+02
 6.91830971e+05  4.67587922e+01  6.91830971e+05  1.78761736e+02
 6.97161400e+05  4.67702849e+01  6.97161400e+05  1.78751592e+02
 7.02532899e+05  4.67763699e+01  7.02532899e+05  1.78740477e+02
 7.07945784e+05  4.67825443e+01  7.07945784e+05  1.78729241e+02
 7.13400375e+05  4.67946741e+01  7.13400375e+05  1.78716411e+02
 7.18896992e+05  4.67922347e+01  7.18896992e+05  1.78706222e+02
 7.24435960e+05  4.68016958e+01  7.24435960e+05  1.78694775e+02
 7.30017605e+05  4.68113518e+01  7.30017605e+05  1.78682563e+02
 7.35642254e+05  4.68181000e+01  7.35642254e+05  1.78670671e+02
 7.41310241e+05  4.68217871e+01  7.41310241e+05  1.78659135e+02
 7.47021899e+05  4.68254958e+01  7.47021899e+05  1.78646794e+02
 7.52777564e+05  4.68357389e+01  7.52777564e+05  1.78634695e+02
 7.58577575e+05  4.68428795e+01  7.58577575e+05  1.78622264e+02
 7.64422274e+05  4.68501390e+01  7.64422274e+05  1.78609689e+02
 7.70312006e+05  4.68609278e+01  7.70312006e+05  1.78596424e+02
 7.76247117e+05  4.68650235e+01  7.76247117e+05  1.78584100e+02
 7.82227956e+05  4.68726381e+01  7.82227956e+05  1.78571080e+02
 7.88254877e+05  4.68768129e+01  7.88254877e+05  1.78557683e+02
 7.94328235e+05  4.68882569e+01  7.94328235e+05  1.78544579e+02
 8.00448386e+05  4.68962582e+01  8.00448386e+05  1.78531092e+02
 8.06615692e+05  4.69043948e+01  8.06615692e+05  1.78517443e+02
 8.12830516e+05  4.69126618e+01  8.12830516e+05  1.78503632e+02
 8.19093224e+05  4.69287707e+01  8.19093224e+05  1.78487432e+02
 8.25404185e+05  4.69335206e+01  8.25404185e+05  1.78474832e+02
 8.31763771e+05  4.69343102e+01  8.31763771e+05  1.78460918e+02
 8.38172356e+05  4.69430652e+01  8.38172356e+05  1.78446415e+02
 8.44630319e+05  4.69519712e+01  8.44630319e+05  1.78431733e+02
 8.51138038e+05  4.69651934e+01  8.51138038e+05  1.78417151e+02
 8.57695899e+05  4.69744660e+01  8.57695899e+05  1.78402108e+02
 8.64304286e+05  4.69838798e+01  8.64304286e+05  1.78386878e+02
 8.70963590e+05  4.69934571e+01  8.70963590e+05  1.78371454e+02
 8.77674203e+05  4.70031916e+01  8.77674203e+05  1.78355836e+02
 8.84436519e+05  4.70130902e+01  8.84436519e+05  1.78340018e+02
 8.91250938e+05  4.70231498e+01  8.91250938e+05  1.78323998e+02
 8.98117861e+05  4.70380130e+01  8.98117861e+05  1.78306908e+02
 9.05037692e+05  4.70484869e+01  9.05037692e+05  1.78290449e+02
 9.12010839e+05  4.70543550e+01  9.12010839e+05  1.78274682e+02
 9.19037713e+05  4.70651014e+01  9.19037713e+05  1.78257812e+02
 9.26118728e+05  4.70809636e+01  9.26118728e+05  1.78239771e+02
 9.33254301e+05  4.70821282e+01  9.33254301e+05  1.78223029e+02
 9.40444852e+05  4.70984368e+01  9.40444852e+05  1.78205855e+02
 9.47690805e+05  4.71099267e+01  9.47690805e+05  1.78188067e+02
 9.54992586e+05  4.71216056e+01  9.54992586e+05  1.78170042e+02
 9.62350626e+05  4.71334687e+01  9.62350626e+05  1.78151774e+02
 9.69765359e+05  4.71401452e+01  9.69765359e+05  1.78132833e+02
 9.77237221e+05  4.71578331e+01  9.77237221e+05  1.78114477e+02
 9.84766652e+05  4.71703101e+01  9.84766652e+05  1.78095445e+02
 9.92354096e+05  4.71830176e+01  9.92354096e+05  1.78076144e+02
 1.00000000e+06  4.71959331e+01  1.00000000e+06  1.78056573e+02
 1.00770481e+06  4.72149000e+01  1.00770481e+06  1.78035505e+02
 1.01546899e+06  4.72164862e+01  1.01546899e+06  1.78016123e+02
 1.02329299e+06  4.72360044e+01  1.02329299e+06  1.77996185e+02
 1.03117727e+06  4.72498077e+01  1.03117727e+06  1.77975479e+02
 1.03912230e+06  4.72638581e+01  1.03912230e+06  1.77954472e+02
 1.04712855e+06  4.72718399e+01  1.04712855e+06  1.77932633e+02
 1.05519648e+06  4.72862644e+01  1.05519648e+06  1.77910993e+02
 1.06332657e+06  4.73074600e+01  1.06332657e+06  1.77889584e+02
 1.07151931e+06  4.73290838e+01  1.07151931e+06  1.77865842e+02
 1.07977516e+06  4.73377833e+01  1.07977516e+06  1.77844710e+02
 1.08809463e+06  4.73533340e+01  1.08809463e+06  1.77821767e+02
 1.09647820e+06  4.73691692e+01  1.09647820e+06  1.77798472e+02
 1.10492636e+06  4.73852687e+01  1.10492636e+06  1.77774824e+02
 1.11343961e+06  4.74087620e+01  1.11343961e+06  1.77749158e+02
 1.12201845e+06  4.74183145e+01  1.12201845e+06  1.77726426e+02
 1.13066340e+06  4.74352577e+01  1.13066340e+06  1.77701664e+02
 1.13937495e+06  4.74524991e+01  1.13937495e+06  1.77676512e+02
 1.14815362e+06  4.74548960e+01  1.14815362e+06  1.77647087e+02
 1.15699993e+06  4.74802008e+01  1.15699993e+06  1.77624304e+02
 1.16591440e+06  4.75138942e+01  1.16591440e+06  1.77596720e+02
 1.17489755e+06  4.75324944e+01  1.17489755e+06  1.77569879e+02
 1.18394992e+06  4.75514070e+01  1.18394992e+06  1.77542604e+02
 1.19307204e+06  4.75543167e+01  1.19307204e+06  1.77516146e+02
 1.20226443e+06  4.75819912e+01  1.20226443e+06  1.77488768e+02
 1.21152766e+06  4.75933555e+01  1.21152766e+06  1.77459362e+02
 1.22086225e+06  4.76305688e+01  1.22086225e+06  1.77428874e+02
 1.23026877e+06  4.76425311e+01  1.23026877e+06  1.77401491e+02
 1.23974776e+06  4.76722480e+01  1.23974776e+06  1.77369115e+02
 1.24929979e+06  4.76936774e+01  1.24929979e+06  1.77338450e+02
 1.25892541e+06  4.77063702e+01  1.25892541e+06  1.77309677e+02
 1.26862520e+06  4.77191323e+01  1.26862520e+06  1.77277093e+02
 1.27839972e+06  4.77414298e+01  1.27839972e+06  1.77244844e+02
 1.28824955e+06  4.77736768e+01  1.28824955e+06  1.77212977e+02
 1.29817528e+06  4.77872558e+01  1.29817528e+06  1.77178620e+02
 1.30817747e+06  4.78304623e+01  1.30817747e+06  1.77142894e+02
 1.31825674e+06  4.78347379e+01  1.31825674e+06  1.77109989e+02
 1.32841366e+06  4.78692831e+01  1.32841366e+06  1.77075771e+02
 1.33864884e+06  4.78839720e+01  1.33864884e+06  1.77038826e+02
 1.34896288e+06  4.79197431e+01  1.34896288e+06  1.77003335e+02
 1.35935639e+06  4.79456499e+01  1.35935639e+06  1.76966102e+02
 1.36982998e+06  4.79612644e+01  1.36982998e+06  1.76927031e+02
 1.38038426e+06  4.79879988e+01  1.38038426e+06  1.76888342e+02
 1.39101987e+06  4.80374419e+01  1.39101987e+06  1.76846826e+02
 1.40173742e+06  4.80542435e+01  1.40173742e+06  1.76809919e+02
 1.41253754e+06  4.80826666e+01  1.41253754e+06  1.76768964e+02
 1.42342088e+06  4.81232397e+01  1.42342088e+06  1.76723687e+02
 1.43438808e+06  4.81529060e+01  1.43438808e+06  1.76681009e+02
 1.44543977e+06  4.81711570e+01  1.44543977e+06  1.76641153e+02
 1.45657662e+06  4.82017604e+01  1.45657662e+06  1.76596827e+02
 1.46779927e+06  4.82453417e+01  1.46779927e+06  1.76547717e+02
 1.47910839e+06  4.82521573e+01  1.47910839e+06  1.76504027e+02
 1.49050464e+06  4.82843580e+01  1.49050464e+06  1.76456870e+02
 1.50198870e+06  4.83431078e+01  1.50198870e+06  1.76406013e+02
 1.51356125e+06  4.83638112e+01  1.51356125e+06  1.76361025e+02
 1.52522296e+06  4.83980995e+01  1.52522296e+06  1.76310843e+02
 1.53697452e+06  4.84330954e+01  1.53697452e+06  1.76259557e+02
 1.54881662e+06  4.84687268e+01  1.54881662e+06  1.76207169e+02
 1.56074996e+06  4.84910242e+01  1.56074996e+06  1.76152022e+02
 1.57277525e+06  4.85421057e+01  1.57277525e+06  1.76098888e+02
 1.58489319e+06  4.85798810e+01  1.58489319e+06  1.76042927e+02
 1.59710450e+06  4.86330591e+01  1.59710450e+06  1.75980662e+02
 1.60940989e+06  4.86577062e+01  1.60940989e+06  1.75927151e+02
 1.62181010e+06  4.87128574e+01  1.62181010e+06  1.75861982e+02
 1.63430584e+06  4.87539522e+01  1.63430584e+06  1.75800567e+02
 1.64689787e+06  4.87647267e+01  1.64689787e+06  1.75741386e+02
 1.65958691e+06  4.88228859e+01  1.65958691e+06  1.75678991e+02
 1.67237372e+06  4.88502005e+01  1.67237372e+06  1.75611301e+02
 1.68525904e+06  4.89268587e+01  1.68525904e+06  1.75539878e+02
 1.69824365e+06  4.89391391e+01  1.69824365e+06  1.75474817e+02
 1.71132830e+06  4.90186758e+01  1.71132830e+06  1.75399793e+02
 1.72451377e+06  4.90660098e+01  1.72451377e+06  1.75327104e+02
 1.73780083e+06  4.90970141e+01  1.73780083e+06  1.75259155e+02
 1.75119026e+06  4.91460681e+01  1.75119026e+06  1.75182873e+02
 1.76468286e+06  4.91961453e+01  1.76468286e+06  1.75104614e+02
 1.77827941e+06  4.92473046e+01  1.77827941e+06  1.75024307e+02
 1.79198072e+06  4.93179249e+01  1.79198072e+06  1.74934620e+02
 1.80578760e+06  4.93340838e+01  1.80578760e+06  1.74854915e+02
 1.81970086e+06  4.94263397e+01  1.81970086e+06  1.74762644e+02
 1.83372132e+06  4.94823135e+01  1.83372132e+06  1.74673097e+02
 1.84784980e+06  4.95002287e+01  1.84784980e+06  1.74586669e+02
 1.86208714e+06  4.95978888e+01  1.86208714e+06  1.74486468e+02
 1.87643417e+06  4.96373895e+01  1.87643417e+06  1.74397593e+02
 1.89089175e+06  4.96981177e+01  1.89089175e+06  1.74297698e+02
 1.90546072e+06  4.97601783e+01  1.90546072e+06  1.74194880e+02
 1.92014194e+06  4.98236112e+01  1.92014194e+06  1.74089048e+02
 1.93493628e+06  4.99310569e+01  1.93493628e+06  1.73949733e+02
 1.94984460e+06  4.99548237e+01  1.94984460e+06  1.73867724e+02
 1.96486779e+06  5.00226931e+01  1.96486779e+06  1.73751974e+02
 1.98000673e+06  5.00921001e+01  1.98000673e+06  1.73632616e+02
 1.99526231e+06  5.01402329e+01  1.99526231e+06  1.73506668e+02
 2.01063544e+06  5.02125816e+01  2.01063544e+06  1.73379560e+02
 2.02612701e+06  5.02866410e+01  2.02612701e+06  1.73248351e+02
 2.04173794e+06  5.04103015e+01  2.04173794e+06  1.73104664e+02
 2.05746916e+06  5.04643567e+01  2.05746916e+06  1.72975822e+02
 2.07332157e+06  5.05442395e+01  2.07332157e+06  1.72831090e+02
 2.08929613e+06  5.06260636e+01  2.08929613e+06  1.72681411e+02
 2.10539377e+06  5.07098390e+01  2.10539377e+06  1.72526535e+02
 2.12161544e+06  5.07698289e+01  2.12161544e+06  1.72363067e+02
 2.13796209e+06  5.09099092e+01  2.13796209e+06  1.72187140e+02
 2.15443469e+06  5.10005048e+01  2.15443469e+06  1.72014668e+02
 2.17103421e+06  5.10933984e+01  2.17103421e+06  1.71835834e+02
 2.18776162e+06  5.11887399e+01  2.18776162e+06  1.71650233e+02
 2.20461792e+06  5.12586604e+01  2.20461792e+06  1.71472024e+02
 2.22160409e+06  5.13300777e+01  2.22160409e+06  1.71269037e+02
 2.23872114e+06  5.14896200e+01  2.23872114e+06  1.71049543e+02
 2.25597007e+06  5.15661286e+01  2.25597007e+06  1.70848845e+02
 2.27335190e+06  5.16741173e+01  2.27335190e+06  1.70624150e+02
 2.29086765e+06  5.17549127e+01  2.29086765e+06  1.70386739e+02
 2.30851836e+06  5.19591364e+01  2.30851836e+06  1.70092776e+02
 2.32630507e+06  5.19850256e+01  2.32630507e+06  1.69888424e+02
 2.34422882e+06  5.21364768e+01  2.34422882e+06  1.69626262e+02
 2.36229066e+06  5.22920494e+01  2.36229066e+06  1.69330498e+02
 2.38049167e+06  5.23550215e+01  2.38049167e+06  1.69055484e+02
 2.39883292e+06  5.25185126e+01  2.39883292e+06  1.68755355e+02
 2.41731548e+06  5.25865901e+01  2.41731548e+06  1.68407747e+02
 2.43594045e+06  5.28258371e+01  2.43594045e+06  1.68083820e+02
 2.45470892e+06  5.29004480e+01  2.45470892e+06  1.67751555e+02
 2.47362199e+06  5.30471148e+01  2.47362199e+06  1.67384424e+02
 2.49268079e+06  5.32692339e+01  2.49268079e+06  1.66979141e+02
 2.51188643e+06  5.33902297e+01  2.51188643e+06  1.66595222e+02
 2.53124005e+06  5.35514880e+01  2.53124005e+06  1.66167087e+02
 2.55074278e+06  5.37548098e+01  2.55074278e+06  1.65690972e+02
 2.57039578e+06  5.38895613e+01  2.57039578e+06  1.65238294e+02
 2.59020020e+06  5.41047208e+01  2.59020020e+06  1.64707960e+02
 2.61015722e+06  5.42497407e+01  2.61015722e+06  1.64199584e+02
 2.63026799e+06  5.44778808e+01  2.63026799e+06  1.63605556e+02
 2.65053372e+06  5.46340048e+01  2.65053372e+06  1.63031582e+02
 2.67095559e+06  5.48760753e+01  2.67095559e+06  1.62362654e+02
 2.69153480e+06  5.50854637e+01  2.69153480e+06  1.61680206e+02
 2.71227258e+06  5.52605009e+01  2.71227258e+06  1.60983361e+02
 2.73317014e+06  5.55257121e+01  2.73317014e+06  1.60174350e+02
 2.75422870e+06  5.57146197e+01  2.75422870e+06  1.59374819e+02
 2.77544952e+06  5.59967386e+01  2.77544952e+06  1.58448636e+02
 2.79683385e+06  5.62008075e+01  2.79683385e+06  1.57524456e+02
 2.81838293e+06  5.64564812e+01  2.81838293e+06  1.56492766e+02
 2.84009805e+06  5.66753034e+01  2.84009805e+06  1.55380682e+02
 2.86198048e+06  5.69940801e+01  2.86198048e+06  1.54177031e+02
 2.88403150e+06  5.72762953e+01  2.88403150e+06  1.52874205e+02
 2.90625243e+06  5.75202262e+01  2.90625243e+06  1.51462378e+02
 2.92864456e+06  5.78675572e+01  2.92864456e+06  1.49922395e+02
 2.95120923e+06  5.81759075e+01  2.95120923e+06  1.48246849e+02
 2.97394775e+06  5.85403766e+01  2.97394775e+06  1.46372170e+02
 2.99686146e+06  5.88153699e+01  2.99686146e+06  1.44416948e+02
 3.01995172e+06  5.91442196e+01  3.01995172e+06  1.42225967e+02
 3.04321989e+06  5.95262012e+01  3.04321989e+06  1.39775221e+02
 3.06666733e+06  5.98099390e+01  3.06666733e+06  1.37189633e+02
 3.09029543e+06  6.01408231e+01  3.09029543e+06  1.34300355e+02
 3.11410558e+06  6.05156448e+01  3.11410558e+06  1.31084219e+02
 3.13809919e+06  6.08272590e+01  3.13809919e+06  1.27624632e+02
 3.16227766e+06  6.10151204e+01  3.16227766e+06  1.23911793e+02
 3.18664242e+06  6.12788000e+01  3.18664242e+06  1.19830125e+02
 3.21119491e+06  6.15585859e+01  3.21119491e+06  1.15442935e+02
 3.23593657e+06  6.17388854e+01  3.23593657e+06  1.10773939e+02
 3.26086886e+06  6.19164425e+01  3.26086886e+06  1.05819503e+02
 3.28599325e+06  6.19234575e+01  3.28599325e+06  1.00765039e+02
 3.31131121e+06  6.19678153e+01  3.31131121e+06  9.55244243e+01
 3.33682425e+06  6.18302538e+01  3.33682425e+06  9.03278145e+01
 3.36253386e+06  6.17312538e+01  3.36253386e+06  8.51340023e+01
 3.38844156e+06  6.14517088e+01  3.38844156e+06  8.01354194e+01
 3.41454887e+06  6.11675944e+01  3.41454887e+06  7.53238114e+01
 3.44085734e+06  6.08313282e+01  3.44085734e+06  7.07755567e+01
 3.46736850e+06  6.05144400e+01  3.46736850e+06  6.65104103e+01
 3.49408393e+06  6.00413194e+01  3.49408393e+06  6.25812740e+01
 3.52100520e+06  5.96056372e+01  3.52100520e+06  5.89518606e+01
 3.54813389e+06  5.90875631e+01  3.54813389e+06  5.55672787e+01
 3.57547160e+06  5.86239258e+01  3.57547160e+06  5.25262047e+01
 3.60301995e+06  5.82246508e+01  3.60301995e+06  4.98153936e+01
 3.63078055e+06  5.77569125e+01  3.63078055e+06  4.72897334e+01
 3.65875504e+06  5.72912710e+01  3.65875504e+06  4.49877324e+01
 3.68694506e+06  5.68302372e+01  3.68694506e+06  4.28880944e+01
 3.71535229e+06  5.64506264e+01  3.71535229e+06  4.09582082e+01
 3.74397839e+06  5.59279407e+01  3.74397839e+06  3.92176001e+01
 3.77282505e+06  5.54102123e+01  3.77282505e+06  3.75419071e+01
 3.80189396e+06  5.50577874e+01  3.80189396e+06  3.61374536e+01
 3.83118685e+06  5.46360930e+01  3.83118685e+06  3.47819899e+01
 3.86070543e+06  5.43057690e+01  3.86070543e+06  3.35134177e+01
 3.89045145e+06  5.37349079e+01  3.89045145e+06  3.23075982e+01
 3.92042666e+06  5.33382624e+01  3.92042666e+06  3.12405744e+01
 3.95063281e+06  5.30375744e+01  3.95063281e+06  3.03261064e+01
 3.98107171e+06  5.26594581e+01  3.98107171e+06  2.94087906e+01
 4.01174512e+06  5.21990248e+01  4.01174512e+06  2.84795850e+01
 4.04265487e+06  5.19272758e+01  4.04265487e+06  2.77607582e+01
 4.07380278e+06  5.14791757e+01  4.07380278e+06  2.69411636e+01
 4.10519067e+06  5.13201622e+01  4.10519067e+06  2.62926295e+01
 4.13682040e+06  5.09814544e+01  4.13682040e+06  2.56418940e+01
 4.16869383e+06  5.05516237e+01  4.16869383e+06  2.50687271e+01
 4.20081285e+06  5.03240045e+01  4.20081285e+06  2.44590386e+01
 4.23317933e+06  4.99034488e+01  4.23317933e+06  2.39611137e+01
 4.26579519e+06  4.95884808e+01  4.26579519e+06  2.34561952e+01
 4.29866235e+06  4.92789694e+01  4.29866235e+06  2.29805086e+01
 4.33178274e+06  4.90810940e+01  4.33178274e+06  2.24856016e+01
 4.36515832e+06  4.86763325e+01  4.36515832e+06  2.21080297e+01
 4.39879106e+06  4.83825125e+01  4.39879106e+06  2.17076225e+01
 4.43268292e+06  4.82046287e+01  4.43268292e+06  2.12771028e+01
 4.46683592e+06  4.78091717e+01  4.46683592e+06  2.09704549e+01
 4.50125206e+06  4.75290494e+01  4.50125206e+06  2.06305916e+01
 4.53593337e+06  4.72531987e+01  4.53593337e+06  2.03086334e+01
 4.57088190e+06  4.72105593e+01  4.57088190e+06  1.97404872e+01
 4.60609969e+06  4.65924542e+01  4.60609969e+06  1.96151806e+01
 4.64158883e+06  4.65718296e+01  4.64158883e+06  1.93723252e+01
 4.67735141e+06  4.61890754e+01  4.67735141e+06  1.91749060e+01
 4.71338954e+06  4.59320913e+01  4.71338954e+06  1.89256567e+01
 4.74970533e+06  4.56784772e+01  4.74970533e+06  1.86882285e+01
 4.78630092e+06  4.52965171e+01  4.78630092e+06  1.83562667e+01
 4.82317848e+06  4.51802461e+01  4.82317848e+06  1.82472801e+01
 4.86034018e+06  4.49358660e+01  4.86034018e+06  1.80423544e+01
 4.89778819e+06  4.46943207e+01  4.89778819e+06  1.78471702e+01
 4.93552474e+06  4.43153975e+01  4.93552474e+06  1.75471421e+01
 4.97355204e+06  4.42194682e+01  4.97355204e+06  1.74836144e+01
 5.01187234e+06  4.38412224e+01  5.01187234e+06  1.71961742e+01
 5.05048788e+06  4.38992500e+01  5.05048788e+06  1.70616970e+01
 5.08940095e+06  4.36728273e+01  5.08940095e+06  1.69049001e+01
 5.12861384e+06  4.32993361e+01  5.12861384e+06  1.68520755e+01
 5.16812886e+06  4.32269876e+01  5.16812886e+06  1.66121955e+01
 5.20794833e+06  4.28530992e+01  5.20794833e+06  1.65783164e+01
 5.24807460e+06  4.24743776e+01  5.24807460e+06  1.63188511e+01
 5.28851004e+06  4.25740029e+01  5.28851004e+06  1.62208663e+01
 5.32925703e+06  4.21990833e+01  5.32925703e+06  1.62137526e+01
 5.37031796e+06  4.19851662e+01  5.37031796e+06  1.61029379e+01
 5.41169527e+06  4.19391749e+01  5.41169527e+06  1.58796935e+01
 5.45339137e+06  4.13906133e+01  5.45339137e+06  1.57524433e+01
 5.49540874e+06  4.11792766e+01  5.49540874e+06  1.56539704e+01
 5.53774984e+06  4.11463733e+01  5.53774984e+06  1.57114278e+01
 5.58041717e+06  4.07612158e+01  5.58041717e+06  1.54708898e+01
 5.62341325e+06  4.03840601e+01  5.62341325e+06  1.49440340e+01
 5.66674061e+06  4.05348764e+01  5.66674061e+06  1.54648212e+01
 5.71040179e+06  4.03337819e+01  5.71040179e+06  1.53906132e+01
 5.75439937e+06  4.03223008e+01  5.75439937e+06  1.51738292e+01
 5.79873595e+06  4.01270851e+01  5.79873595e+06  1.51037984e+01
 5.84341413e+06  3.97394206e+01  5.84341413e+06  1.51910209e+01
 5.88843655e+06  3.95441676e+01  5.88843655e+06  1.51318151e+01
 5.93380586e+06  3.95494182e+01  5.93380586e+06  1.49131981e+01
 5.97952473e+06  3.91569418e+01  5.97952473e+06  1.50227534e+01
 6.02559586e+06  3.91710808e+01  6.02559586e+06  1.48019089e+01
 6.07202196e+06  3.87747753e+01  6.07202196e+06  1.49267353e+01
 6.11880576e+06  3.85853869e+01  6.11880576e+06  1.48825810e+01
 6.16595002e+06  3.83968771e+01  6.16595002e+06  1.48421871e+01
 6.21345752e+06  3.84283473e+01  6.21345752e+06  1.46143618e+01
 6.26133105e+06  3.80231520e+01  6.26133105e+06  1.47692494e+01
 6.30957344e+06  3.78380647e+01  6.30957344e+06  1.47362039e+01
 6.35818754e+06  3.76538823e+01  6.35818754e+06  1.47061268e+01
 6.40717619e+06  3.74707075e+01  6.40717619e+06  1.46792193e+01
 6.45654229e+06  3.72885909e+01  6.45654229e+06  1.46531980e+01
 6.50628875e+06  3.71071237e+01  6.50628875e+06  1.46309628e+01
 6.55641849e+06  3.69266368e+01  6.55641849e+06  1.46108058e+01
 6.60693448e+06  3.67466527e+01  6.60693448e+06  1.45931271e+01
 6.65783968e+06  3.63097763e+01  6.65783968e+06  1.43290566e+01
 6.70913710e+06  3.63901000e+01  6.70913710e+06  1.45636152e+01
 6.76082975e+06  3.62131189e+01  6.76082975e+06  1.45521341e+01
 6.81292069e+06  3.60360018e+01  6.81292069e+06  1.45431031e+01
 6.86541298e+06  3.61275055e+01  6.86541298e+06  1.42720278e+01
 6.91830971e+06  3.56858369e+01  6.91830971e+06  1.45300118e+01
 6.97161400e+06  3.57864439e+01  6.97161400e+06  1.42506724e+01
 7.02532899e+06  3.53383540e+01  7.02532899e+06  1.45254854e+01
 7.07945784e+06  3.54486919e+01  7.07945784e+06  1.42355796e+01
 7.13400375e+06  3.49933991e+01  7.13400375e+06  1.45283697e+01
 7.18896992e+06  3.45195700e+01  7.18896992e+06  1.42250397e+01
 7.24435960e+06  3.46507917e+01  7.24435960e+06  1.45391854e+01
 7.30017605e+06  3.44806669e+01  7.30017605e+06  1.45472828e+01
 7.35642254e+06  3.43110110e+01  7.35642254e+06  1.45563662e+01
 7.41310241e+06  3.38198253e+01  7.41310241e+06  1.42325521e+01
 7.47021899e+06  3.39734641e+01  7.47021899e+06  1.45811066e+01
 7.52777564e+06  3.38056970e+01  7.52777564e+06  1.45953881e+01
 7.58577575e+06  3.39624407e+01  7.58577575e+06  1.42519066e+01
 7.64422274e+06  3.34710142e+01  7.64422274e+06  1.46307768e+01
 7.70312006e+06  3.33046872e+01  7.70312006e+06  1.46503956e+01
 7.76247117e+06  3.27854584e+01  7.76247117e+06  1.42886811e+01
 7.82227956e+06  3.29733604e+01  7.82227956e+06  1.46951664e+01
 7.88254877e+06  3.24436411e+01  7.88254877e+06  1.43184141e+01
 7.94328235e+06  3.29990462e+01  7.94328235e+06  1.43294189e+01
 8.00448386e+06  3.24802919e+01  8.00448386e+06  1.47731716e+01
 8.06615692e+06  3.23167937e+01  8.06615692e+06  1.48021582e+01
 8.12830516e+06  3.21537413e+01  8.12830516e+06  1.48332789e+01
 8.19093224e+06  3.19910150e+01  8.19093224e+06  1.48647848e+01
 8.25404185e+06  3.18291686e+01  8.25404185e+06  1.48974796e+01
 8.31763771e+06  3.16667147e+01  8.31763771e+06  1.49344828e+01
 8.38172356e+06  3.15059350e+01  8.38172356e+06  1.49698855e+01
 8.44630319e+06  3.13445052e+01  8.44630319e+06  1.50095920e+01
 8.51138038e+06  3.11832632e+01  8.51138038e+06  1.50489834e+01
 8.57695899e+06  3.10235450e+01  8.57695899e+06  1.50888177e+01
 8.64304286e+06  3.04214238e+01  8.64304286e+06  1.46092839e+01
 8.70963590e+06  3.07033283e+01  8.70963590e+06  1.51763060e+01
 8.77674203e+06  3.05435239e+01  8.77674203e+06  1.52222094e+01
 8.84436519e+06  3.03854418e+01  8.84436519e+06  1.52664154e+01
 8.91250938e+06  3.02256394e+01  8.91250938e+06  1.53171308e+01
 8.98117861e+06  3.00678755e+01  8.98117861e+06  1.53653901e+01
 9.05037692e+06  2.99091241e+01  9.05037692e+06  1.54179438e+01
 9.12010839e+06  2.97510725e+01  9.12010839e+06  1.54699208e+01
 9.19037713e+06  2.95947104e+01  9.19037713e+06  1.55236496e+01
 9.26118728e+06  2.94368872e+01  9.26118728e+06  1.55771599e+01
 9.33254301e+06  2.87627725e+01  9.33254301e+06  1.49797842e+01
 9.40444852e+06  2.91228828e+01  9.40444852e+06  1.56937656e+01
 9.47690805e+06  2.89669937e+01  9.47690805e+06  1.57516553e+01
 9.54992586e+06  2.93196621e+01  9.54992586e+06  1.50772687e+01
 9.62350626e+06  2.86545031e+01  9.62350626e+06  1.58745055e+01
 9.69765359e+06  2.84992118e+01  9.69765359e+06  1.59391146e+01
 9.77237221e+06  2.83435460e+01  9.77237221e+06  1.60042014e+01
 9.84766652e+06  2.76076819e+01  9.84766652e+06  1.53025015e+01
 9.92354096e+06  2.69703764e+01  9.92354096e+06  1.30589302e+01
 1.00000000e+07  2.78779797e+01  1.00000000e+07  1.62065585e+01
 1.00770481e+07  2.71138749e+01  1.00770481e+07  1.54538411e+01
 1.01546899e+07  2.75684244e+01  1.01546899e+07  1.63509474e+01
 1.02329299e+07  2.62881784e+01  1.02329299e+07  1.30521936e+01
 1.03117727e+07  2.78506253e+01  1.03117727e+07  1.55697253e+01
 1.03912230e+07  2.71055675e+01  1.03912230e+07  1.65750393e+01
 1.04712855e+07  2.62913694e+01  1.04712855e+07  1.57301951e+01
 1.05519648e+07  2.61281389e+01  1.05519648e+07  1.57856021e+01
 1.06332657e+07  2.66448148e+01  1.06332657e+07  1.68123527e+01
 1.07151931e+07  2.57983920e+01  1.07151931e+07  1.59065129e+01
 1.07977516e+07  2.69839570e+01  1.07977516e+07  1.59101828e+01
 1.08809463e+07  2.61848649e+01  1.08809463e+07  1.70640732e+01
 1.09647820e+07  2.66973181e+01  1.09647820e+07  1.60289721e+01
 1.10492636e+07  2.51400055e+01  1.10492636e+07  1.61514435e+01
 1.11343961e+07  2.49753018e+01  1.11343961e+07  1.62164040e+01
 1.12201845e+07  2.48085935e+01  1.12201845e+07  1.62834992e+01
 1.13066340e+07  2.54201715e+01  1.13066340e+07  1.75105396e+01
 1.13937495e+07  2.59850701e+01  1.13937495e+07  1.63468727e+01
 1.14815362e+07  2.51150025e+01  1.14815362e+07  1.77038031e+01
 1.15699993e+07  2.41486835e+01  1.15699993e+07  1.65513469e+01
 1.16591440e+07  2.48109464e+01  1.16591440e+07  1.78971170e+01
 1.17489755e+07  2.32024377e+01  1.17489755e+07  1.29319659e+01
 1.18394992e+07  2.36510489e+01  1.18394992e+07  1.67611249e+01
 1.19307204e+07  2.43544119e+01  1.19307204e+07  1.82030385e+01
 1.20226443e+07  2.49964550e+01  1.20226443e+07  1.68322758e+01
 1.21152766e+07  2.48574494e+01  1.21152766e+07  1.69006416e+01
 1.22086225e+07  2.47165966e+01  1.22086225e+07  1.69777046e+01
 1.23026877e+07  2.51021600e+01  1.23026877e+07  1.39450377e+01
 1.23974776e+07  2.26497548e+01  1.23974776e+07  1.72068372e+01
 1.24929979e+07  2.34434832e+01  1.24929979e+07  1.88567284e+01
 1.25892541e+07  2.32926660e+01  1.25892541e+07  1.89716715e+01
 1.26862520e+07  2.40205492e+01  1.26862520e+07  1.73574983e+01
 1.27839972e+07  2.29882815e+01  1.27839972e+07  1.92065379e+01
 1.28824955e+07  2.28374123e+01  1.28824955e+07  1.93287829e+01
 1.29817528e+07  2.26853175e+01  1.29817528e+07  1.94489292e+01
 1.30817747e+07  2.25334463e+01  1.30817747e+07  1.95744863e+01
 1.31825674e+07  2.23818819e+01  1.31825674e+07  1.96999344e+01
 1.32841366e+07  2.22306757e+01  1.32841366e+07  1.98256386e+01
 1.33864884e+07  2.30541804e+01  1.33864884e+07  1.79201287e+01
 1.34896288e+07  2.19275864e+01  1.34896288e+07  2.00868121e+01
 1.35935639e+07  2.17749769e+01  1.35935639e+07  2.02228574e+01
 1.36982998e+07  2.04490169e+01  1.36982998e+07  1.82685906e+01
 1.38038426e+07  2.14710954e+01  1.38038426e+07  2.04961963e+01
 1.39101987e+07  2.23687349e+01  1.39101987e+07  1.83547336e+01
 1.40173742e+07  2.22338664e+01  1.40173742e+07  1.84335182e+01
 1.41253754e+07  2.10162356e+01  1.41253754e+07  2.09169261e+01
 1.42342088e+07  2.08651269e+01  1.42342088e+07  2.10634667e+01
 1.43438808e+07  1.94127204e+01  1.43438808e+07  1.87981569e+01
 1.44543977e+07  2.05610087e+01  1.44543977e+07  2.13631219e+01
 1.45657662e+07  2.15535940e+01  1.45657662e+07  1.88918747e+01
 1.46779927e+07  2.02565342e+01  1.46779927e+07  2.16715819e+01
 1.47910839e+07  1.87133271e+01  1.47910839e+07  1.91683941e+01
 1.49050464e+07  1.99523189e+01  1.49050464e+07  2.19761007e+01
 1.50198870e+07  2.10123601e+01  1.50198870e+07  1.92632954e+01
 1.51356125e+07  1.96477894e+01  1.51356125e+07  2.22995714e+01
 1.52522296e+07  1.94957015e+01  1.52522296e+07  2.24669899e+01
 1.53697452e+07  1.93417580e+01  1.53697452e+07  2.26318452e+01
 1.54881662e+07  1.91904846e+01  1.54881662e+07  2.28040992e+01
 1.56074996e+07  1.90373597e+01  1.56074996e+07  2.29751816e+01
 1.57277525e+07  2.02068251e+01  1.57277525e+07  1.98562988e+01
 1.58489319e+07  2.00717993e+01  1.58489319e+07  1.99580844e+01
 1.59710450e+07  1.85782618e+01  1.59710450e+07  2.35072276e+01
 1.60940989e+07  1.98044381e+01  1.60940989e+07  2.01727337e+01
 1.62181010e+07  1.96714908e+01  1.62181010e+07  2.02650425e+01
 1.63430584e+07  1.95385228e+01  1.63430584e+07  2.03712471e+01
 1.64689787e+07  1.61856722e+01  1.64689787e+07  2.05383404e+01
 1.65958691e+07  1.78113697e+01  1.65958691e+07  2.44432490e+01
 1.67237372e+07  1.58112754e+01  1.67237372e+07  2.07422740e+01
 1.68525904e+07  1.56266241e+01  1.68525904e+07  2.08392703e+01
 1.69824365e+07  1.88746144e+01  1.69824365e+07  2.09022502e+01
 1.71132830e+07  1.71944450e+01  1.71132830e+07  2.52483890e+01
 1.72451377e+07  1.70399674e+01  1.72451377e+07  2.54546031e+01
 1.73780083e+07  1.68879442e+01  1.73780083e+07  2.56657540e+01
 1.75119026e+07  1.46725446e+01  1.75119026e+07  2.13626559e+01
 1.76468286e+07  1.44808606e+01  1.76468286e+07  2.14645955e+01
 1.77827941e+07  1.64209586e+01  1.77827941e+07  2.63121109e+01
 1.79198072e+07  1.40901400e+01  1.79198072e+07  2.16726252e+01
 1.80578760e+07  1.61111903e+01  1.80578760e+07  2.67686280e+01
 1.81970086e+07  1.84042956e+01  1.81970086e+07  1.48126416e+01
 1.83372132e+07  1.57985547e+01  1.83372132e+07  2.72315130e+01
 1.84784980e+07  1.56418937e+01  1.84784980e+07  2.74701792e+01
 1.86208714e+07  1.31066383e+01  1.86208714e+07  2.21977888e+01
 1.87643417e+07  1.53319614e+01  1.87643417e+07  2.79432213e+01
 1.89089175e+07  1.51705344e+01  1.89089175e+07  2.82208112e+01
 1.90546072e+07  1.50153016e+01  1.90546072e+07  2.84590089e+01
 1.92014194e+07  1.22842294e+01  1.92014194e+07  2.26304130e+01
 1.93493628e+07  1.47033533e+01  1.93493628e+07  2.89829882e+01
 1.94984460e+07  1.18675618e+01  1.94984460e+07  2.28335745e+01
 1.96486779e+07  1.16645456e+01  1.96486779e+07  2.29435450e+01
 1.98000673e+07  1.42275786e+01  1.98000673e+07  2.97910450e+01
 1.99526231e+07  1.40713793e+01  1.99526231e+07  3.00457686e+01
 2.01063544e+07  1.59880791e+01  2.01063544e+07  2.34869390e+01
 2.02612701e+07  1.37519892e+01  2.02612701e+07  3.06414708e+01
 2.04173794e+07  1.35929886e+01  2.04173794e+07  3.09281453e+01
 2.05746916e+07  1.34363708e+01  2.05746916e+07  3.12143258e+01
 2.07332157e+07  1.32757817e+01  2.07332157e+07  3.15309709e+01
 2.08929613e+07  1.31157951e+01  2.08929613e+07  3.18189420e+01
 2.10539377e+07  9.69428601e+00  2.10539377e+07  2.38670353e+01
 2.12161544e+07  1.50792479e+01  2.12161544e+07  2.43958751e+01
 2.13796209e+07  1.49530879e+01  2.13796209e+07  2.45126038e+01
 2.15443469e+07  1.48212713e+01  2.15443469e+07  2.46541030e+01
 2.17103421e+07  1.23130543e+01  2.17103421e+07  3.34384746e+01
 2.18776162e+07  1.45620915e+01  2.18776162e+07  2.49359228e+01
 2.20461792e+07  1.44335078e+01  2.20461792e+07  2.50536887e+01
 2.22160409e+07  1.18292931e+01  2.22160409e+07  3.44711747e+01
 2.23872114e+07  1.41760347e+01  2.23872114e+07  2.53459989e+01
 2.25597007e+07  1.15041575e+01  2.25597007e+07  3.51989002e+01
 2.27335190e+07  1.39201713e+01  2.27335190e+07  2.56226853e+01
 2.29086765e+07  1.11780341e+01  2.29086765e+07  3.59313482e+01
 2.30851836e+07  1.10168733e+01  2.30851836e+07  3.63088126e+01
 2.32630507e+07  1.08544524e+01  2.32630507e+07  3.67148170e+01
 2.34422882e+07  1.34041539e+01  2.34422882e+07  2.61804618e+01
 2.36229066e+07  6.02649358e+00  2.36229066e+07  2.52065159e+01
 2.38049167e+07  1.03631154e+01  2.38049167e+07  3.79501592e+01
 2.39883292e+07  1.01984065e+01  2.39883292e+07  3.83388220e+01
 2.41731548e+07  1.00346588e+01  2.41731548e+07  3.87570455e+01
 2.43594045e+07  9.87148654e+00  2.43594045e+07  3.91952987e+01
 2.45470892e+07  9.70085226e+00  2.45470892e+07  3.96663538e+01
 2.47362199e+07  9.53938203e+00  2.47362199e+07  4.00469081e+01
 2.49268079e+07  9.37534096e+00  2.49268079e+07  4.05100909e+01
 2.51188643e+07  1.22512508e+01  2.51188643e+07  2.75394752e+01
 2.53124005e+07  9.04205766e+00  2.53124005e+07  4.14835931e+01
 2.55074278e+07  3.15888378e+00  2.55074278e+07  2.57359460e+01
 2.57039578e+07  1.18697957e+01  2.57039578e+07  2.79874795e+01
 2.59020020e+07  2.52564002e+00  2.59020020e+07  2.57487707e+01
 2.61015722e+07  8.38249600e+00  2.61015722e+07  4.34739224e+01
 2.63026799e+07  1.87446006e+00  2.63026799e+07  2.57402591e+01
 2.65053372e+07  8.04344914e+00  2.65053372e+07  4.45760936e+01
 2.67095559e+07  7.87845060e+00  2.67095559e+07  4.50858143e+01
 2.69153480e+07  7.71206848e+00  2.69153480e+07  4.56486372e+01
 2.71227258e+07  1.09797250e+01  2.71227258e+07  2.91309099e+01
 2.73317014e+07  7.37964581e+00  2.73317014e+07  4.67825600e+01
 2.75422870e+07  7.21170337e+00  2.75422870e+07  4.73238001e+01
 2.77544952e+07  7.04621316e+00  2.77544952e+07  4.79658767e+01
 2.79683385e+07  6.88078283e+00  2.79683385e+07  4.85615117e+01
 2.81838293e+07  -1.45729256e+00  2.81838293e+07  2.50754411e+01
 2.84009805e+07  6.54839512e+00  2.84009805e+07  4.98688341e+01
 2.86198048e+07  6.38066269e+00  2.86198048e+07  5.04992555e+01
 2.88403150e+07  6.21370369e+00  2.88403150e+07  5.11783749e+01
 2.90625243e+07  6.04605915e+00  2.90625243e+07  5.18510152e+01
 2.92864456e+07  9.70480801e+00  2.92864456e+07  3.08507754e+01
 2.95120923e+07  5.72096271e+00  2.95120923e+07  5.32371028e+01
 2.97394775e+07  5.55453241e+00  2.97394775e+07  5.39487347e+01
 2.99686146e+07  9.33032619e+00  2.99686146e+07  3.13544324e+01
 3.01995172e+07  5.23201777e+00  3.01995172e+07  5.53859613e+01
 3.04321989e+07  9.07475676e+00  3.04321989e+07  3.17561964e+01
 3.06666733e+07  -6.95865763e+00  3.06666733e+07  2.06495619e+01
 3.09029543e+07  4.73192488e+00  3.09029543e+07  5.77479279e+01
 3.11410558e+07  4.57044448e+00  3.11410558e+07  5.85528925e+01
 3.13809919e+07  4.41161893e+00  3.13809919e+07  5.93464367e+01
 3.16227766e+07  -9.73489495e+00  3.16227766e+07  1.61609973e+01
 3.18664242e+07  4.10354617e+00  3.18664242e+07  6.11779588e+01
 3.21119491e+07  3.94339904e+00  3.21119491e+07  6.19798389e+01
 3.23593657e+07  3.77778662e+00  3.23593657e+07  6.28675174e+01
 3.26086886e+07  3.62572948e+00  3.26086886e+07  6.37381187e+01
 3.28599325e+07  -1.42415048e+01  3.28599325e+07  3.07106104e+00
 3.31131121e+07  7.67967476e+00  3.31131121e+07  3.39106700e+01
 3.33682425e+07  3.16926782e+00  3.33682425e+07  6.66207532e+01
 3.36253386e+07  3.02438492e+00  3.36253386e+07  6.76082197e+01
 3.38844156e+07  2.87460013e+00  3.38844156e+07  6.86365495e+01
 3.41454887e+07  2.73563352e+00  3.41454887e+07  6.95573505e+01
 3.44085734e+07  -1.95325241e+01  3.44085734e+07  -4.96568669e+01
 3.46736850e+07  2.44677572e+00  3.46736850e+07  7.16238817e+01
 3.49408393e+07  -1.89102400e+01  3.49408393e+07  -7.30729687e+01
 3.52100520e+07  2.16411405e+00  3.52100520e+07  7.38376557e+01
 3.54813389e+07  2.04003827e+00  3.54813389e+07  7.48420507e+01
 3.57547160e+07  -1.64038988e+01  3.57547160e+07  -9.72460696e+01
 3.60301995e+07  1.77874853e+00  3.60301995e+07  7.71506114e+01
 3.63078055e+07  1.64893005e+00  3.63078055e+07  7.82278036e+01
 3.65875504e+07  -1.39661990e+01  3.65875504e+07  2.50977787e+02
 3.68694506e+07  -1.31497848e+01  3.68694506e+07  2.47848073e+02
 3.71535229e+07  -1.24515393e+01  3.71535229e+07  2.45584286e+02
 3.74397839e+07  -1.18794014e+01  3.74397839e+07  2.44159900e+02
 3.77282505e+07  -1.12962027e+01  3.77282505e+07  2.42585767e+02
 3.80189396e+07  5.73645956e+00  3.80189396e+07  3.76254596e+02
 3.83118685e+07  -1.02956716e+01  3.83118685e+07  2.40471987e+02
 3.86070543e+07  7.43287960e-01  3.86070543e+07  8.76731931e+01
 3.89045145e+07  6.48704904e-01  3.89045145e+07  8.88932997e+01
 3.92042666e+07  4.92175088e+00  3.92042666e+07  3.87721516e+01
 3.95063281e+07  4.56481823e-01  3.95063281e+07  9.14542030e+01
 3.98107171e+07  3.87391460e-01  3.98107171e+07  9.27495717e+01
 4.01174512e+07  3.10645564e-01  4.01174512e+07  9.41465807e+01
 4.04265487e+07  2.17248552e-01  4.04265487e+07  9.53118235e+01
 4.07380278e+07  1.40856038e-01  4.07380278e+07  9.65702055e+01
 4.10519067e+07  8.71846727e-02  4.10519067e+07  9.78798658e+01
 4.13682040e+07  4.04354293e+00  4.13682040e+07  4.05863390e+01
 4.16869383e+07  -3.44970645e-02  4.16869383e+07  1.00412804e+02
 4.20081285e+07  -1.19928842e-01  4.20081285e+07  1.01676797e+02
 4.23317933e+07  -1.60765080e-01  4.23317933e+07  1.03020251e+02
 4.26579519e+07  3.52911135e+00  4.26579519e+07  4.16505139e+01
 4.29866235e+07  -2.48812043e-01  4.29866235e+07  1.05561191e+02
 4.33178274e+07  -2.35864187e-01  4.33178274e+07  1.07015111e+02
 4.36515832e+07  -3.19925318e-01  4.36515832e+07  1.08204274e+02
 4.39879106e+07  -5.06157067e+00  4.39879106e+07  2.34882069e+02
 4.43268292e+07  -3.93455256e-01  4.43268292e+07  1.10480696e+02
 4.46683592e+07  -4.73379800e+00  4.46683592e+07  2.34984965e+02
 4.50125206e+07  2.66577425e+00  4.50125206e+07  4.03725520e+02
 4.53593337e+07  2.53910049e+00  4.53593337e+07  4.04057860e+02
 4.57088190e+07  -4.37244399e-01  4.57088190e+07  4.75526207e+02
 4.60609969e+07  -4.61331945e-01  4.60609969e+07  4.76759360e+02
 4.64158883e+07  -4.87061275e-01  4.64158883e+07  4.77846882e+02
 4.67735141e+07  -4.94143519e-01  4.67735141e+07  4.79015861e+02
 4.71338954e+07  -5.23969794e-01  4.71338954e+07  4.80078180e+02
 4.74970533e+07  -4.82346809e-01  4.74970533e+07  4.81342099e+02
 4.78630092e+07  -4.73259299e-01  4.78630092e+07  4.82468553e+02
 4.82317848e+07  -4.77975685e-01  4.82317848e+07  4.83600763e+02
 4.86034018e+07  -4.55786506e-01  4.86034018e+07  4.84677898e+02
 4.89778819e+07  -4.47689761e-01  4.89778819e+07  4.85760060e+02
 4.93552474e+07  1.19160598e+00  4.93552474e+07  4.07554720e+02
 4.97355204e+07  -4.29060381e-01  4.97355204e+07  4.87810643e+02
 5.01187234e+07  -4.01468265e-01  5.01187234e+07  4.88895609e+02
 5.05048788e+07  8.19133588e-01  5.05048788e+07  4.08598613e+02
 5.08940095e+07  -3.72814439e-01  5.08940095e+07  4.90921903e+02
 5.12861384e+07  5.92819624e-01  5.12861384e+07  4.09335889e+02
 5.16812886e+07  -2.66345618e+00  5.16812886e+07  2.36630364e+02
 5.20794833e+07  3.46385782e-01  5.20794833e+07  4.09972015e+02
 5.24807460e+07  -2.52958436e+00  5.24807460e+07  2.36911053e+02
 5.28851004e+07  -2.47395075e+00  5.28851004e+07  2.37060390e+02
 5.32925703e+07  -2.41680180e-01  5.32925703e+07  1.36535865e+02
 5.37031796e+07  -1.41716205e-01  5.37031796e+07  5.16298880e+01
 5.41169527e+07  -1.16315819e-01  5.41169527e+07  1.38337982e+02
 5.45339137e+07  -9.29734383e-02  5.45339137e+07  1.39232120e+02
 5.49540874e+07  -5.03160078e-01  5.49540874e+07  5.27543978e+01
 5.53774984e+07  -2.16867183e+00  5.53774984e+07  -1.21952409e+02
 5.58041717e+07  4.42948382e-02  5.58041717e+07  -2.18295293e+02
 5.62341325e+07  3.24924939e-02  5.62341325e+07  -2.17556343e+02
 5.66674061e+07  1.01757940e-01  5.66674061e+07  -2.16727220e+02
 5.71040179e+07  1.52024282e-01  5.71040179e+07  -2.15975694e+02
 5.75439937e+07  -1.18674773e+00  5.75439937e+07  -3.04772764e+02
 5.79873595e+07  1.90059513e-01  5.79873595e+07  -2.14477013e+02
 5.84341413e+07  -1.89829859e+00  5.84341413e+07  -1.20742715e+02
 5.88843655e+07  -1.86439086e+00  5.88843655e+07  -1.20517914e+02
 5.93380586e+07  -1.83114285e+00  5.93380586e+07  -1.20347448e+02
 5.97952473e+07  -1.80054686e+00  5.97952473e+07  -1.20187435e+02
 6.02559586e+07  3.89088001e-01  6.02559586e+07  -2.10974250e+02
 6.07202196e+07  4.42235837e-01  6.07202196e+07  -2.10313638e+02
 6.11880576e+07  4.92528664e-01  6.11880576e+07  -2.09653868e+02
 6.16595002e+07  -2.17184015e+00  6.16595002e+07  -3.00760882e+02
 6.21345752e+07  -1.73090252e+00  6.21345752e+07  -4.79329162e+02
 6.26133105e+07  6.14563131e-01  6.26133105e+07  -5.67762347e+02
 6.30957344e+07  -2.51892326e+00  6.30957344e+07  -6.59237326e+02
 6.35818754e+07  6.83888901e-01  6.35818754e+07  -5.66551183e+02
 6.40717619e+07  -2.72625483e+00  6.40717619e+07  -6.58246195e+02
 6.45654229e+07  7.32537250e-01  6.45654229e+07  -5.65377016e+02
 6.50628875e+07  -1.64552901e+00  6.50628875e+07  -4.78070047e+02
 6.55641849e+07  7.88978177e-01  6.55641849e+07  -5.64240150e+02
 6.60693448e+07  -1.64114393e+00  6.60693448e+07  -4.77734028e+02
 6.65783968e+07  -3.24950119e+00  6.65783968e+07  -6.55679929e+02
 6.70913710e+07  9.49348500e-01  6.70913710e+07  -5.62617610e+02
 6.76082975e+07  -1.62537270e+00  6.76082975e+07  -4.77145217e+02
 6.81292069e+07  1.03015403e+00  6.81292069e+07  -5.61589687e+02
 6.86541298e+07  -1.62441617e+00  6.86541298e+07  -4.76767020e+02
 6.91830971e+07  -1.59787001e+00  6.91830971e+07  -4.76507631e+02
 6.97161400e+07  1.16807466e+00  6.97161400e+07  -5.60089429e+02
 7.02532899e+07  -1.59851213e+00  7.02532899e+07  -4.76078550e+02
 7.07945784e+07  1.28148056e+00  7.07945784e+07  -5.59141193e+02
 7.13400375e+07  1.27516051e+00  7.13400375e+07  -5.58658841e+02
 7.18896992e+07  1.28604529e+00  7.18896992e+07  -5.58190426e+02
 7.24435960e+07  1.35927633e+00  7.24435960e+07  -5.57735613e+02
 7.30017605e+07  1.43845479e+00  7.30017605e+07  -5.57312148e+02
 7.35642254e+07  -1.64121197e+00  7.35642254e+07  -4.75075063e+02
 7.41310241e+07  -1.64366217e+00  7.41310241e+07  -4.74753216e+02
 7.47021899e+07  -4.66051096e+00  7.47021899e+07  -6.47634786e+02
 7.52777564e+07  1.57404608e+00  7.52777564e+07  -5.55539291e+02
 7.58577575e+07  1.58756823e+00  7.58577575e+07  -5.55135677e+02
 7.64422274e+07  -4.90238051e+00  7.64422274e+07  -6.45853147e+02
 7.70312006e+07  1.63585455e+00  7.70312006e+07  -5.54304552e+02
 7.76247117e+07  -4.37699019e+00  7.76247117e+07  -4.47661978e+02
 7.82227956e+07  1.75977088e+00  7.82227956e+07  -5.53537616e+02
 7.88254877e+07  -1.73271442e+00  7.88254877e+07  -4.73264094e+02
 7.94328235e+07  1.82055661e+00  7.94328235e+07  -5.52751135e+02
 8.00448386e+07  -5.38150991e+00  8.00448386e+07  -6.42444653e+02
 8.06615692e+07  -1.77571171e+00  8.06615692e+07  -4.72529370e+02
 8.12830516e+07  -1.79681832e+00  8.12830516e+07  -4.72335236e+02
 8.19093224e+07  2.00448354e+00  8.19093224e+07  -5.51284642e+02
 8.25404185e+07  -1.83636927e+00  8.25404185e+07  -4.71948534e+02
 8.31763771e+07  -1.86939085e+00  8.31763771e+07  -4.71881253e+02
 8.38172356e+07  2.10958029e+00  8.38172356e+07  -5.50234734e+02
 8.44630319e+07  -5.89201746e+00  8.44630319e+07  -6.38328007e+02
 8.51138038e+07  -1.92154009e+00  8.51138038e+07  -4.71220767e+02
 8.57695899e+07  2.17145630e+00  8.57695899e+07  -5.49128177e+02
 8.64304286e+07  -1.96920280e+00  8.64304286e+07  -4.70724808e+02
 8.70963590e+07  -6.15899930e+00  8.70963590e+07  -6.35871372e+02
 8.77674203e+07  2.34105311e+00  8.77674203e+07  -5.48197774e+02
 8.84436519e+07  2.34414825e+00  8.84436519e+07  -5.47867339e+02
 8.91250938e+07  2.34919234e+00  8.91250938e+07  -5.47509965e+02
 8.98117861e+07  -6.33766938e+00  8.98117861e+07  -6.33921959e+02
 9.05037692e+07  -6.41450646e+00  9.05037692e+07  -6.33115016e+02
 9.12010839e+07  2.44112029e+00  9.12010839e+07  -5.46623578e+02
 9.19037713e+07  2.50063774e+00  9.19037713e+07  -5.46272396e+02
 9.26118728e+07  -6.57178246e+00  9.26118728e+07  -6.31345246e+02
 9.33254301e+07  2.55740154e+00  9.33254301e+07  -5.45670413e+02
 9.40444852e+07  2.61532964e+00  9.40444852e+07  -5.45431919e+02
 9.47690805e+07  2.63681229e+00  9.47690805e+07  -5.45098050e+02
 9.54992586e+07  -6.74084851e+00  9.54992586e+07  -6.29295820e+02
 9.62350626e+07  -2.31455502e+00  9.62350626e+07  -4.68100225e+02
 9.69765359e+07  2.75798620e+00  9.69765359e+07  -5.44268457e+02
 9.77237221e+07  2.80526954e+00  9.77237221e+07  -5.43976602e+02
 9.84766652e+07  -6.91162626e+00  9.84766652e+07  -6.27162419e+02
 9.92354096e+07  2.84199556e+00  9.92354096e+07  -5.43430132e+02
 1.00000000e+08  2.79345059e+00  1.00000000e+08  -5.43082565e+02
 1.00770481e+08  2.87869868e+00  1.00770481e+08  -5.42868698e+02
 1.01546899e+08  2.86374750e+00  1.01546899e+08  -5.42571927e+02
 1.02329299e+08  -7.08718183e+00  1.02329299e+08  -6.24600352e+02
 1.03117727e+08  3.01479657e+00  1.03117727e+08  -5.42113199e+02
 1.03912230e+08  2.99110174e+00  1.03912230e+08  -5.41796995e+02
 1.04712855e+08  -7.18926982e+00  1.04712855e+08  -6.23105453e+02
 1.05519648e+08  3.09413643e+00  1.05519648e+08  -5.41352637e+02
 1.06332657e+08  3.09636348e+00  1.06332657e+08  -5.41091776e+02
 1.07151931e+08  3.10749337e+00  1.07151931e+08  -5.40853278e+02
 1.07977516e+08  3.09234502e+00  1.07977516e+08  -5.40547970e+02
 1.08809463e+08  -7.34332613e+00  1.08809463e+08  -6.20686429e+02
 1.09647820e+08  -2.86027857e+00  1.09647820e+08  -4.64933421e+02
 1.10492636e+08  3.35366686e+00  1.10492636e+08  -5.39964050e+02
 1.11343961e+08  3.25836144e+00  1.11343961e+08  -5.39610609e+02
 1.12201845e+08  -2.99648737e+00  1.12201845e+08  -4.64632740e+02
 1.13066340e+08  3.34426726e+00  1.13066340e+08  -5.39229543e+02
 1.13937495e+08  -7.47168649e+00  1.13937495e+08  -6.18018744e+02
 1.14815362e+08  3.51641481e+00  1.14815362e+08  -5.38834156e+02
 1.15699993e+08  3.36014236e+00  1.15699993e+08  -5.38571491e+02
 1.16591440e+08  3.61384254e+00  1.16591440e+08  -5.38433495e+02
 1.17489755e+08  -3.19233965e+00  1.17489755e+08  -4.63478514e+02
 1.18394992e+08  -3.22664408e+00  1.18394992e+08  -4.63165920e+02
 1.19307204e+08  3.69584187e+00  1.19307204e+08  -5.37837461e+02
 1.20226443e+08  -3.32732914e+00  1.20226443e+08  -4.63183032e+02
 1.21152766e+08  -3.34498392e+00  1.21152766e+08  -4.62885192e+02
 1.22086225e+08  -3.38859930e+00  1.22086225e+08  -4.62762069e+02
 1.23026877e+08  -3.41999592e+00  1.23026877e+08  -4.62399005e+02
 1.23974776e+08  3.82057370e+00  1.23974776e+08  -5.36819931e+02
 1.24929979e+08  -3.48978460e+00  1.24929979e+08  -4.62158064e+02
 1.25892541e+08  3.87315793e+00  1.25892541e+08  -5.36417017e+02
 1.26862520e+08  3.84493353e+00  1.26862520e+08  -5.36203329e+02
 1.27839972e+08  -3.60629499e+00  1.27839972e+08  -4.61677760e+02
 1.28824955e+08  -7.73157509e+00  1.28824955e+08  -6.12121105e+02
 1.29817528e+08  -7.75139125e+00  1.29817528e+08  -6.11617448e+02
 1.30817747e+08  4.04978339e+00  1.30817747e+08  -5.35613202e+02
 1.31825674e+08  -7.75218157e+00  1.31825674e+08  -6.11411441e+02
 1.32841366e+08  4.29999175e+00  1.32841366e+08  -5.35324832e+02
 1.33864884e+08  3.99064874e+00  1.33864884e+08  -5.34941441e+02
 1.34896288e+08  -3.89751286e+00  1.34896288e+08  -4.60749935e+02
 1.35935639e+08  -3.92845596e+00  1.35935639e+08  -4.60558897e+02
 1.36982998e+08  4.16448740e+00  1.36982998e+08  -5.34534274e+02
 1.38038426e+08  4.16271604e+00  1.38038426e+08  -5.34296763e+02
 1.39101987e+08  4.19414008e+00  1.39101987e+08  -5.34232926e+02
 1.40173742e+08  -7.83280242e+00  1.40173742e+08  -6.09040176e+02
 1.41253754e+08  4.23283474e+00  1.41253754e+08  -5.33916835e+02
 1.42342088e+08  4.55958051e+00  1.42342088e+08  -5.33846566e+02
 1.43438808e+08  4.44131589e+00  1.43438808e+08  -5.33673012e+02
 1.44543977e+08  4.46475046e+00  1.44543977e+08  -5.33497493e+02
 1.45657662e+08  -7.90031536e+00  1.45657662e+08  -6.07423363e+02
 1.46779927e+08  -4.36317858e+00  1.46779927e+08  -4.59589567e+02
 1.47910839e+08  4.45305756e+00  1.47910839e+08  -5.33112526e+02
 1.49050464e+08  -7.87666701e+00  1.49050464e+08  -6.07810929e+02
 1.50198870e+08  4.71261532e+00  1.50198870e+08  -5.32857378e+02
 1.51356125e+08  -7.92254092e+00  1.51356125e+08  -6.06724442e+02
 1.52522296e+08  -7.93631426e+00  1.52522296e+08  -6.06401190e+02
 1.53697452e+08  -4.57826473e+00  1.53697452e+08  -4.58372451e+02
 1.54881662e+08  -1.59572283e+01  1.54881662e+08  -6.15918205e+02
 1.56074996e+08  -4.65196461e+00  1.56074996e+08  -4.57936372e+02
 1.57277525e+08  -7.93786863e+00  1.57277525e+08  -6.06535716e+02
 1.58489319e+08  -4.74898749e+00  1.58489319e+08  -4.58004507e+02
 1.59710450e+08  -4.79083147e+00  1.59710450e+08  -4.57892933e+02
 1.60940989e+08  -7.97408892e+00  1.60940989e+08  -6.05786751e+02
 1.62181010e+08  -4.86240516e+00  1.62181010e+08  -4.57296739e+02
 1.63430584e+08  4.77355799e+00  1.63430584e+08  -5.31752953e+02
 1.64689787e+08  5.06872581e+00  1.64689787e+08  -5.31662750e+02
 1.65958691e+08  -4.99565111e+00  1.65958691e+08  -4.57236814e+02
 1.67237372e+08  4.91517206e+00  1.67237372e+08  -5.31461504e+02
 1.68525904e+08  -8.02117144e+00  1.68525904e+08  -6.05177354e+02
 1.69824365e+08  -8.02668189e+00  1.69824365e+08  -6.05177290e+02
 1.71132830e+08  -8.03899881e+00  1.71132830e+08  -6.04935256e+02
 1.72451377e+08  -8.04694314e+00  1.72451377e+08  -6.04797483e+02
 1.73780083e+08  -5.26215480e+00  1.73780083e+08  -4.56886245e+02
 1.75119026e+08  -8.05976501e+00  1.75119026e+08  -6.04822852e+02
 1.76468286e+08  -5.34469991e+00  1.76468286e+08  -4.56510135e+02
 1.77827941e+08  5.24544639e+00  1.77827941e+08  -5.30934366e+02
 1.79198072e+08  -5.43258427e+00  1.79198072e+08  -4.56528521e+02
 1.80578760e+08  5.61281020e+00  1.80578760e+08  -5.30876086e+02
 1.81970086e+08  5.56025081e+00  1.81970086e+08  -5.30810476e+02
 1.83372132e+08  5.27597702e+00  1.83372132e+08  -5.30700150e+02
 1.84784980e+08  5.48239429e+00  1.84784980e+08  -5.30693920e+02
 1.86208714e+08  5.69557703e+00  1.86208714e+08  -5.30687139e+02
 1.87643417e+08  -5.68749939e+00  1.87643417e+08  -4.55784177e+02
 1.89089175e+08  5.37224458e+00  1.89089175e+08  -5.30486153e+02
 1.90546072e+08  -5.79631441e+00  1.90546072e+08  -4.56061522e+02
 1.92014194e+08  5.57489774e+00  1.92014194e+08  -5.30504198e+02
 1.93493628e+08  -8.20933766e+00  1.93493628e+08  -6.04181788e+02
 1.94984460e+08  5.79882207e+00  1.94984460e+08  -5.30491725e+02
 1.96486779e+08  5.78279677e+00  1.96486779e+08  -5.30462213e+02
 1.98000673e+08  -8.25863339e+00  1.98000673e+08  -6.03747219e+02
 1.99526231e+08  5.75284109e+00  1.99526231e+08  -5.30357019e+02
 2.01063544e+08  6.04428704e+00  2.01063544e+08  -5.30446335e+02
 2.02612701e+08  6.03705465e+00  2.02612701e+08  -5.30374943e+02
 2.04173794e+08  6.04732901e+00  2.04173794e+08  -5.30419310e+02
 2.05746916e+08  -8.32570811e+00  2.05746916e+08  -6.04069631e+02
 2.07332157e+08  6.05832855e+00  2.07332157e+08  -5.30407655e+02
 2.08929613e+08  6.07203037e+00  2.08929613e+08  -5.30461508e+02
 2.10539377e+08  -6.40235985e+00  2.10539377e+08  -4.55636329e+02
 2.12161544e+08  6.10785115e+00  2.12161544e+08  -5.30469909e+02
 2.13796209e+08  6.12255055e+00  2.13796209e+08  -5.30476123e+02
 2.15443469e+08  -6.52514964e+00  2.15443469e+08  -4.54994086e+02
 2.17103421e+08  5.84530276e+00  2.17103421e+08  -5.30397889e+02
 2.18776162e+08  6.21878746e+00  2.18776162e+08  -5.30471709e+02
 2.20461792e+08  6.24820285e+00  2.20461792e+08  -5.30539481e+02
 2.22160409e+08  -6.73322131e+00  2.22160409e+08  -4.55134875e+02
 2.23872114e+08  6.33691556e+00  2.23872114e+08  -5.30543312e+02
 2.25597007e+08  6.01854642e+00  2.25597007e+08  -5.30510911e+02
 2.27335190e+08  6.43456397e+00  2.27335190e+08  -5.30596147e+02
 2.29086765e+08  6.49440021e+00  2.29086765e+08  -5.30632159e+02
 2.30851836e+08  6.55712788e+00  2.30851836e+08  -5.30725003e+02
 2.32630507e+08  6.23777364e+00  2.32630507e+08  -5.30712110e+02
 2.34422882e+08  6.70981506e+00  2.34422882e+08  -5.30766916e+02
 2.36229066e+08  6.38796104e+00  2.36229066e+08  -5.30754570e+02
 2.38049167e+08  6.06414329e+00  2.38049167e+08  -5.30696291e+02
 2.39883292e+08  6.97259913e+00  2.39883292e+08  -5.30969295e+02
 2.41731548e+08  6.63961899e+00  2.41731548e+08  -5.30917874e+02
 2.43594045e+08  6.31350891e+00  2.43594045e+08  -5.30919753e+02
 2.45470892e+08  6.83934374e+00  2.45470892e+08  -5.31085414e+02
 2.47362199e+08  6.50269693e+00  2.47362199e+08  -5.31030810e+02
 2.49268079e+08  6.62102189e+00  2.49268079e+08  -5.31121963e+02
 2.51188643e+08  6.73486190e+00  2.51188643e+08  -5.31122748e+02
 2.53124005e+08  -7.60585838e+00  2.53124005e+08  -4.54663003e+02
 2.55074278e+08  6.97716046e+00  2.55074278e+08  -5.31314215e+02
 2.57039578e+08  6.62955817e+00  2.57039578e+08  -5.31313261e+02
 2.59020020e+08  6.77876953e+00  2.59020020e+08  -5.31402786e+02
 2.61015722e+08  -7.84273279e+00  2.61015722e+08  -4.55531830e+02
 2.63026799e+08  6.57309449e+00  2.63026799e+08  -5.31485376e+02
 2.65053372e+08  6.25467975e+00  2.65053372e+08  -5.31501319e+02
 2.67095559e+08  -9.09189963e+00  2.67095559e+08  -6.07390644e+02
 2.69153480e+08  -8.07615236e+00  2.69153480e+08  -4.55830021e+02
 2.71227258e+08  7.22965468e+00  2.71227258e+08  -5.31849240e+02
 2.73317014e+08  6.87232003e+00  2.73317014e+08  -5.31848623e+02
 2.75422870e+08  -9.22314298e+00  2.75422870e+08  -6.07760512e+02
 2.77544952e+08  -9.26571760e+00  2.77544952e+08  -6.07473337e+02
 2.79683385e+08  6.89618035e+00  2.79683385e+08  -5.32126587e+02
 2.81838293e+08  7.11738910e+00  2.81838293e+08  -5.32208260e+02
 2.84009805e+08  6.74911802e+00  2.84009805e+08  -5.32282170e+02
 2.86198048e+08  -8.53627064e+00  2.86198048e+08  -4.55595145e+02
 2.88403150e+08  7.19969640e+00  2.88403150e+08  -5.32443934e+02
 2.90625243e+08  6.83336969e+00  2.90625243e+08  -5.32481758e+02
 2.92864456e+08  6.46854697e+00  2.92864456e+08  -5.32496223e+02
 2.95120923e+08  6.69925284e+00  2.95120923e+08  -5.32531633e+02
 2.97394775e+08  -9.57609573e+00  2.97394775e+08  -6.09436916e+02
 2.99686146e+08  -8.89507512e+00  2.99686146e+08  -4.55347140e+02
 3.01995172e+08  6.85828921e+00  3.01995172e+08  -5.32833338e+02
 3.04321989e+08  7.11787600e+00  3.04321989e+08  -5.32988541e+02
 3.06666733e+08  7.40244102e+00  3.06666733e+08  -5.33131850e+02
 3.09029543e+08  7.03151144e+00  3.09029543e+08  -5.33142720e+02
 3.11410558e+08  7.31907487e+00  3.11410558e+08  -5.33247948e+02
 3.13809919e+08  -9.29021345e+00  3.13809919e+08  -4.56181634e+02
 3.16227766e+08  -9.34140985e+00  3.16227766e+08  -4.55917636e+02
 3.18664242e+08  6.90881800e+00  3.18664242e+08  -5.33481099e+02
 3.21119491e+08  7.24587048e+00  3.21119491e+08  -5.33595393e+02
 3.23593657e+08  -9.55289627e+00  3.23593657e+08  -4.56602336e+02
 3.26086886e+08  -1.00705376e+01  3.26086886e+08  -6.11203681e+02
 3.28599325e+08  6.81618725e+00  3.28599325e+08  -5.33783887e+02
 3.31131121e+08  -9.75323900e+00  3.31131121e+08  -4.56588744e+02
 3.33682425e+08  -9.80029341e+00  3.33682425e+08  -4.56218373e+02
 3.36253386e+08  6.42206921e+00  3.36253386e+08  -5.34000335e+02
 3.38844156e+08  7.61304221e+00  3.38844156e+08  -5.34182784e+02
 3.41454887e+08  -1.03474068e+01  3.41454887e+08  -6.11647425e+02
 3.44085734e+08  -1.03889528e+01  3.44085734e+08  -6.12236052e+02
 3.46736850e+08  -1.01357624e+01  3.46736850e+08  -4.56221539e+02
 3.49408393e+08  -1.04797386e+01  3.49408393e+08  -6.12632801e+02
 3.52100520e+08  7.31282449e+00  3.52100520e+08  -5.34562719e+02
 3.54813389e+08  6.91288197e+00  3.54813389e+08  -5.34611818e+02
 3.57547160e+08  -1.04174595e+01  3.57547160e+08  -4.56418291e+02
 3.60301995e+08  7.94860412e+00  3.60301995e+08  -5.34916588e+02
 3.63078055e+08  7.52486932e+00  3.63078055e+08  -5.34959257e+02
 3.65875504e+08  8.09195859e+00  3.65875504e+08  -5.35173686e+02
 3.68694506e+08  -1.06921936e+01  3.68694506e+08  -4.56480469e+02
 3.71535229e+08  7.26232583e+00  3.71535229e+08  -5.35239185e+02
 3.74397839e+08  -1.09156587e+01  3.74397839e+08  -6.14320497e+02
 3.77282505e+08  7.40947478e+00  3.77282505e+08  -5.35273979e+02
 3.80189396e+08  8.02879656e+00  3.80189396e+08  -5.35456182e+02
 3.83118685e+08  -1.69301468e+01  3.83118685e+08  -4.57892668e+02
 3.86070543e+08  7.20546013e+00  3.86070543e+08  -5.35555497e+02
 3.89045145e+08  -1.11799437e+01  3.89045145e+08  -6.14374198e+02
 3.92042666e+08  7.44174086e+00  3.92042666e+08  -5.35722531e+02
 3.95063281e+08  7.02456617e+00  3.95063281e+08  -5.35765683e+02
 3.98107171e+08  6.63101563e+00  3.98107171e+08  -5.35884678e+02
 4.01174512e+08  7.29482731e+00  4.01174512e+08  -5.35930155e+02
 4.04265487e+08  -1.15510321e+01  4.04265487e+08  -4.56948263e+02
 4.07380278e+08  6.49819111e+00  4.07380278e+08  -5.36007241e+02
 4.10519067e+08  6.07751739e+00  4.10519067e+08  -5.36151301e+02
 4.13682040e+08  7.96951768e+00  4.13682040e+08  -5.36265099e+02
 4.16869383e+08  6.36336544e+00  4.16869383e+08  -5.36310841e+02
 4.20081285e+08  7.11580889e+00  4.20081285e+08  -5.36304345e+02
 4.23317933e+08  7.99336367e+00  4.23317933e+08  -5.36561245e+02
 4.26579519e+08  7.53733822e+00  4.26579519e+08  -5.36494641e+02
 4.29866235e+08  7.10876338e+00  4.29866235e+08  -5.36531873e+02
 4.33178274e+08  -1.22030597e+01  4.33178274e+08  -4.56462195e+02
 4.36515832e+08  -1.19860282e+01  4.36515832e+08  -6.16619223e+02
 4.39879106e+08  7.15798013e+00  4.39879106e+08  -5.36826103e+02
 4.43268292e+08  6.73536514e+00  4.43268292e+08  -5.36793374e+02
 4.46683592e+08  -1.25026737e+01  4.46683592e+08  -4.56791687e+02
 4.50125206e+08  5.95829205e+00  4.50125206e+08  -5.36870439e+02
 4.53593337e+08  8.31832980e+00  4.53593337e+08  -5.37127338e+02
 4.57088190e+08  6.42834921e+00  4.57088190e+08  -5.37120430e+02
 4.60609969e+08  9.04780733e+00  4.60609969e+08  -5.37294822e+02
 4.64158883e+08  6.98410806e+00  4.64158883e+08  -5.37159582e+02
 4.67735141e+08  -1.29493624e+01  4.67735141e+08  -4.56690878e+02
 4.71338954e+08  -1.25578738e+01  4.71338954e+08  -6.18116119e+02
 4.74970533e+08  -1.31124630e+01  4.74970533e+08  -4.57241694e+02
 4.78630092e+08  -1.31814209e+01  4.78630092e+08  -4.57591614e+02
 4.82317848e+08  -1.32559491e+01  4.82317848e+08  -4.56809769e+02
 4.86034018e+08  7.55578702e+00  4.86034018e+08  -5.37645127e+02
 4.89778819e+08  -1.28533941e+01  4.89778819e+08  -6.18456200e+02
 4.93552474e+08  8.47049015e+00  4.93552474e+08  -5.37934678e+02
 4.97355204e+08  -1.29652674e+01  4.97355204e+08  -6.19285265e+02
 5.01187234e+08  7.52759468e+00  5.01187234e+08  -5.38094747e+02
 5.05048788e+08  -1.30860147e+01  5.05048788e+08  -6.19056096e+02
 5.08940095e+08  -1.31477298e+01  5.08940095e+08  -6.18929635e+02
 5.12861384e+08  6.29364527e+00  5.12861384e+08  -5.38033061e+02
 5.16812886e+08  -1.32618528e+01  5.16812886e+08  -6.19774501e+02
 5.20794833e+08  -1.40064379e+01  5.20794833e+08  -4.57375112e+02
 5.24807460e+08  -1.33848866e+01  5.24807460e+08  -6.19523763e+02
 5.28851004e+08  8.32140780e+00  5.28851004e+08  -5.38366295e+02
 5.32925703e+08  5.93891616e+00  5.32925703e+08  -5.38162541e+02
 5.37031796e+08  -1.43079653e+01  5.37031796e+08  -4.57302936e+02
 5.41169527e+08  6.99036952e+00  5.41169527e+08  -5.38416569e+02
 5.45339137e+08  -1.36883883e+01  5.45339137e+08  -6.20032891e+02
 5.49540874e+08  -1.45392333e+01  5.49540874e+08  -4.56830732e+02
 5.53774984e+08  7.71480274e+00  5.53774984e+08  -5.38355426e+02
 5.58041717e+08  7.30846619e+00  5.58041717e+08  -5.38587885e+02
 5.62341325e+08  -1.47944675e+01  5.62341325e+08  -4.57551104e+02
 5.66674061e+08  8.80922117e+00  5.66674061e+08  -5.38939131e+02
 5.71040179e+08  6.07234592e+00  5.71040179e+08  -5.38648100e+02
 5.75439937e+08  -1.49950351e+01  5.75439937e+08  -4.56998103e+02
 5.79873595e+08  7.37185214e+00  5.79873595e+08  -5.38573347e+02
 5.84341413e+08  -1.42270740e+01  5.84341413e+08  -6.21382313e+02
 5.88843655e+08  -1.43011148e+01  5.88843655e+08  -6.20086573e+02
 5.93380586e+08  8.57184874e+00  5.93380586e+08  -5.38862250e+02
 5.97952473e+08  5.73299730e+00  5.97952473e+08  -5.38735521e+02
 6.02559586e+08  -1.54506512e+01  6.02559586e+08  -4.55641639e+02
 6.07202196e+08  -1.55546433e+01  6.07202196e+08  -4.58473821e+02
 6.11880576e+08  -1.45958121e+01  6.11880576e+08  -6.22047450e+02
 6.16595002e+08  -1.46672660e+01  6.16595002e+08  -6.22029857e+02
 6.21345752e+08  -1.57584355e+01  6.21345752e+08  -4.55092386e+02
 6.26133105e+08  8.19799623e+00  6.26133105e+08  -5.39261139e+02
 6.30957344e+08  5.16399775e+00  6.30957344e+08  -5.39325858e+02
 6.35818754e+08  -1.59936422e+01  6.35818754e+08  -4.57100174e+02
 6.40717619e+08  -1.60805652e+01  6.40717619e+08  -4.57191296e+02
 6.45654229e+08  6.41402285e+00  6.45654229e+08  -5.39167827e+02
 6.50628875e+08  -1.62321298e+01  6.50628875e+08  -4.57601393e+02
 6.55641849e+08  8.57674063e+00  6.55641849e+08  -5.39367412e+02
 6.60693448e+08  -1.63976921e+01  6.60693448e+08  -4.57944280e+02
 6.65783968e+08  -1.64523127e+01  6.65783968e+08  -4.56619220e+02
 6.70913710e+08  -1.65237610e+01  6.70913710e+08  -4.56902842e+02
 6.76082975e+08  1.04542506e+01  6.76082975e+08  -5.39554307e+02
 6.81292069e+08  6.36360332e+00  6.81292069e+08  -5.39672303e+02
 6.86541298e+08  -1.67387436e+01  6.86541298e+08  -4.55856243e+02
 6.91830971e+08  -1.68580770e+01  6.91830971e+08  -4.57569179e+02
 6.97161400e+08  1.35355776e+01  6.97161400e+08  -5.40612891e+02
 7.02532899e+08  7.89195663e+00  7.02532899e+08  -5.39513648e+02
 7.07945784e+08  -1.57907401e+01  7.07945784e+08  -6.23068294e+02
 7.13400375e+08  -1.71485037e+01  7.13400375e+08  -4.56618788e+02
 7.18896992e+08  -1.59094971e+01  7.18896992e+08  -6.24444849e+02
 7.24435960e+08  1.02633991e+01  7.24435960e+08  -5.39769783e+02
 7.30017605e+08  9.71519392e+00  7.30017605e+08  -5.40217954e+02
 7.35642254e+08  -1.61093305e+01  7.35642254e+08  -6.24063834e+02
 7.41310241e+08  -1.75068899e+01  7.41310241e+08  -4.54097857e+02
 7.47021899e+08  4.61502375e+00  7.47021899e+08  -5.39790946e+02
 7.52777564e+08  7.67818116e+00  7.52777564e+08  -5.39903460e+02
 7.58577575e+08  7.24968498e+00  7.58577575e+08  -5.40136970e+02
 7.64422274e+08  1.20883849e+01  7.64422274e+08  -5.40729154e+02
 7.70312006e+08  -1.78871927e+01  7.70312006e+08  -4.54765231e+02
 7.76247117e+08  1.07830184e+01  7.76247117e+08  -5.40975009e+02
 7.82227956e+08  1.02174223e+01  7.82227956e+08  -5.39878223e+02
 7.88254877e+08  -1.81250049e+01  7.88254877e+08  -4.55082034e+02
 7.94328235e+08  9.16182887e+00  7.94328235e+08  -5.40004190e+02
 8.00448386e+08  -1.68077699e+01  8.00448386e+08  -6.24799220e+02
 8.06615692e+08  8.14895286e+00  8.06615692e+08  -5.40195093e+02
 8.12830516e+08  3.78975044e+00  8.12830516e+08  -5.40010849e+02
 8.19093224e+08  7.23322931e+00  8.19093224e+08  -5.40632257e+02
 8.25404185e+08  6.80732242e+00  8.25404185e+08  -5.40379558e+02
 8.31763771e+08  1.25961445e+01  8.31763771e+08  -5.41030933e+02
 8.38172356e+08  1.19098251e+01  8.38172356e+08  -5.40916346e+02
 8.44630319e+08  5.53959770e+00  8.44630319e+08  -5.39782843e+02
 8.51138038e+08  5.16996620e+00  8.51138038e+08  -5.40130472e+02
 8.57695899e+08  -1.73694496e+01  8.57695899e+08  -6.25949396e+02
 8.64304286e+08  9.55545780e+00  8.64304286e+08  -5.40817399e+02
 8.70963590e+08  9.02795282e+00  8.70963590e+08  -5.40756998e+02
 8.77674203e+08  -1.91755268e+01  8.77674203e+08  -4.54829234e+02
 8.84436519e+08  8.01496603e+00  8.84436519e+08  -5.41108664e+02
 8.91250938e+08  -1.76833841e+01  8.91250938e+08  -6.27495428e+02
 8.98117861e+08  7.06368173e+00  8.98117861e+08  -5.40899849e+02
 9.05037692e+08  -1.78305144e+01  9.05037692e+08  -6.25437131e+02
 9.12010839e+08  6.22943276e+00  9.12010839e+08  -5.40723743e+02
 9.19037713e+08  -1.96277956e+01  9.19037713e+08  -4.53324204e+02
 9.26118728e+08  5.47192903e+00  9.26118728e+08  -5.40470806e+02
 9.33254301e+08  -1.97790060e+01  9.33254301e+08  -4.53482817e+02
 9.40444852e+08  4.68393603e+00  9.40444852e+08  -5.39795238e+02
 9.47690805e+08  -1.98971096e+01  9.47690805e+08  -4.51610399e+02
 9.54992586e+08  -1.82566562e+01  9.54992586e+08  -6.29023835e+02
 9.62350626e+08  -1.83311831e+01  9.62350626e+08  -6.26847757e+02
 9.69765359e+08  9.16700263e+00  9.69765359e+08  -5.41398915e+02
 9.77237221e+08  8.68023603e+00  9.77237221e+08  -5.41554922e+02
 9.84766652e+08  -1.85369268e+01  9.84766652e+08  -6.26822580e+02
 9.92354096e+08  7.71870798e+00  9.92354096e+08  -5.41406405e+02
 1.00000000e+09  -1.86618311e+01  1.00000000e+09  -6.26640076e+02
