 1.00000000e+00  4.63856906e+01  1.00000000e+00  1.79999998e+02
 1.00770481e+00  4.63856906e+01  1.00770481e+00  1.79999998e+02
 1.01546899e+00  4.63856906e+01  1.01546899e+00  1.79999998e+02
 1.02329299e+00  4.63856906e+01  1.02329299e+00  1.79999998e+02
 1.03117727e+00  4.63856906e+01  1.03117727e+00  1.79999998e+02
 1.03912230e+00  4.63856906e+01  1.03912230e+00  1.79999998e+02
 1.04712855e+00  4.63856906e+01  1.04712855e+00  1.79999998e+02
 1.05519648e+00  4.63856906e+01  1.05519648e+00  1.79999998e+02
 1.06332657e+00  4.63856906e+01  1.06332657e+00  1.79999998e+02
 1.07151931e+00  4.63856906e+01  1.07151931e+00  1.79999998e+02
 1.07977516e+00  4.63856906e+01  1.07977516e+00  1.79999998e+02
 1.08809463e+00  4.63856906e+01  1.08809463e+00  1.79999998e+02
 1.09647820e+00  4.63856906e+01  1.09647820e+00  1.79999998e+02
 1.10492636e+00  4.63856906e+01  1.10492636e+00  1.79999998e+02
 1.11343961e+00  4.63856906e+01  1.11343961e+00  1.79999998e+02
 1.12201845e+00  4.63856906e+01  1.12201845e+00  1.79999998e+02
 1.13066340e+00  4.63856906e+01  1.13066340e+00  1.79999998e+02
 1.13937495e+00  4.63856906e+01  1.13937495e+00  1.79999998e+02
 1.14815362e+00  4.63856906e+01  1.14815362e+00  1.79999998e+02
 1.15699993e+00  4.63856906e+01  1.15699993e+00  1.79999998e+02
 1.16591440e+00  4.63856906e+01  1.16591440e+00  1.79999998e+02
 1.17489755e+00  4.63856906e+01  1.17489755e+00  1.79999998e+02
 1.18394992e+00  4.63856906e+01  1.18394992e+00  1.79999998e+02
 1.19307204e+00  4.63856906e+01  1.19307204e+00  1.79999998e+02
 1.20226443e+00  4.63856906e+01  1.20226443e+00  1.79999998e+02
 1.21152766e+00  4.63856906e+01  1.21152766e+00  1.79999998e+02
 1.22086225e+00  4.63856906e+01  1.22086225e+00  1.79999998e+02
 1.23026877e+00  4.63856906e+01  1.23026877e+00  1.79999998e+02
 1.23974776e+00  4.63856906e+01  1.23974776e+00  1.79999998e+02
 1.24929979e+00  4.63856906e+01  1.24929979e+00  1.79999998e+02
 1.25892541e+00  4.63856906e+01  1.25892541e+00  1.79999998e+02
 1.26862520e+00  4.63856906e+01  1.26862520e+00  1.79999998e+02
 1.27839972e+00  4.63856906e+01  1.27839972e+00  1.79999998e+02
 1.28824955e+00  4.63856906e+01  1.28824955e+00  1.79999998e+02
 1.29817528e+00  4.63856906e+01  1.29817528e+00  1.79999998e+02
 1.30817747e+00  4.63856906e+01  1.30817747e+00  1.79999998e+02
 1.31825674e+00  4.63856906e+01  1.31825674e+00  1.79999998e+02
 1.32841366e+00  4.63856906e+01  1.32841366e+00  1.79999998e+02
 1.33864884e+00  4.63856906e+01  1.33864884e+00  1.79999998e+02
 1.34896288e+00  4.63856906e+01  1.34896288e+00  1.79999998e+02
 1.35935639e+00  4.63856906e+01  1.35935639e+00  1.79999998e+02
 1.36982998e+00  4.63856906e+01  1.36982998e+00  1.79999998e+02
 1.38038426e+00  4.63856906e+01  1.38038426e+00  1.79999998e+02
 1.39101987e+00  4.63856906e+01  1.39101987e+00  1.79999998e+02
 1.40173742e+00  4.63856906e+01  1.40173742e+00  1.79999998e+02
 1.41253754e+00  4.63856906e+01  1.41253754e+00  1.79999998e+02
 1.42342088e+00  4.63856906e+01  1.42342088e+00  1.79999998e+02
 1.43438808e+00  4.63856906e+01  1.43438808e+00  1.79999998e+02
 1.44543977e+00  4.63856906e+01  1.44543977e+00  1.79999998e+02
 1.45657662e+00  4.63856906e+01  1.45657662e+00  1.79999998e+02
 1.46779927e+00  4.63856906e+01  1.46779927e+00  1.79999998e+02
 1.47910839e+00  4.63856906e+01  1.47910839e+00  1.79999998e+02
 1.49050464e+00  4.63856906e+01  1.49050464e+00  1.79999998e+02
 1.50198870e+00  4.63856906e+01  1.50198870e+00  1.79999998e+02
 1.51356125e+00  4.63856906e+01  1.51356125e+00  1.79999998e+02
 1.52522296e+00  4.63856906e+01  1.52522296e+00  1.79999998e+02
 1.53697452e+00  4.63856906e+01  1.53697452e+00  1.79999997e+02
 1.54881662e+00  4.63856906e+01  1.54881662e+00  1.79999997e+02
 1.56074996e+00  4.63856906e+01  1.56074996e+00  1.79999997e+02
 1.57277525e+00  4.63856906e+01  1.57277525e+00  1.79999997e+02
 1.58489319e+00  4.63856906e+01  1.58489319e+00  1.79999997e+02
 1.59710450e+00  4.63856906e+01  1.59710450e+00  1.79999997e+02
 1.60940989e+00  4.63856906e+01  1.60940989e+00  1.79999997e+02
 1.62181010e+00  4.63856906e+01  1.62181010e+00  1.79999997e+02
 1.63430584e+00  4.63856906e+01  1.63430584e+00  1.79999997e+02
 1.64689787e+00  4.63856906e+01  1.64689787e+00  1.79999997e+02
 1.65958691e+00  4.63856906e+01  1.65958691e+00  1.79999997e+02
 1.67237372e+00  4.63856906e+01  1.67237372e+00  1.79999997e+02
 1.68525904e+00  4.63856906e+01  1.68525904e+00  1.79999997e+02
 1.69824365e+00  4.63856906e+01  1.69824365e+00  1.79999997e+02
 1.71132830e+00  4.63856906e+01  1.71132830e+00  1.79999997e+02
 1.72451377e+00  4.63856906e+01  1.72451377e+00  1.79999997e+02
 1.73780083e+00  4.63856906e+01  1.73780083e+00  1.79999997e+02
 1.75119026e+00  4.63856906e+01  1.75119026e+00  1.79999997e+02
 1.76468286e+00  4.63856906e+01  1.76468286e+00  1.79999997e+02
 1.77827941e+00  4.63856906e+01  1.77827941e+00  1.79999997e+02
 1.79198072e+00  4.63856906e+01  1.79198072e+00  1.79999997e+02
 1.80578760e+00  4.63856906e+01  1.80578760e+00  1.79999997e+02
 1.81970086e+00  4.63856906e+01  1.81970086e+00  1.79999997e+02
 1.83372132e+00  4.63856906e+01  1.83372132e+00  1.79999997e+02
 1.84784980e+00  4.63856906e+01  1.84784980e+00  1.79999997e+02
 1.86208714e+00  4.63856906e+01  1.86208714e+00  1.79999997e+02
 1.87643417e+00  4.63856906e+01  1.87643417e+00  1.79999997e+02
 1.89089175e+00  4.63856906e+01  1.89089175e+00  1.79999997e+02
 1.90546072e+00  4.63856906e+01  1.90546072e+00  1.79999997e+02
 1.92014194e+00  4.63856906e+01  1.92014194e+00  1.79999997e+02
 1.93493628e+00  4.63856906e+01  1.93493628e+00  1.79999997e+02
 1.94984460e+00  4.63856906e+01  1.94984460e+00  1.79999997e+02
 1.96486779e+00  4.63856906e+01  1.96486779e+00  1.79999997e+02
 1.98000673e+00  4.63856906e+01  1.98000673e+00  1.79999997e+02
 1.99526231e+00  4.63856906e+01  1.99526231e+00  1.79999997e+02
 2.01063544e+00  4.63856906e+01  2.01063544e+00  1.79999997e+02
 2.02612701e+00  4.63856906e+01  2.02612701e+00  1.79999997e+02
 2.04173794e+00  4.63856906e+01  2.04173794e+00  1.79999997e+02
 2.05746916e+00  4.63856906e+01  2.05746916e+00  1.79999997e+02
 2.07332157e+00  4.63856906e+01  2.07332157e+00  1.79999997e+02
 2.08929613e+00  4.63856906e+01  2.08929613e+00  1.79999997e+02
 2.10539377e+00  4.63856906e+01  2.10539377e+00  1.79999997e+02
 2.12161544e+00  4.63856906e+01  2.12161544e+00  1.79999997e+02
 2.13796209e+00  4.63856906e+01  2.13796209e+00  1.79999996e+02
 2.15443469e+00  4.63856906e+01  2.15443469e+00  1.79999996e+02
 2.17103421e+00  4.63856906e+01  2.17103421e+00  1.79999996e+02
 2.18776162e+00  4.63856906e+01  2.18776162e+00  1.79999996e+02
 2.20461792e+00  4.63856906e+01  2.20461792e+00  1.79999996e+02
 2.22160409e+00  4.63856906e+01  2.22160409e+00  1.79999996e+02
 2.23872114e+00  4.63856906e+01  2.23872114e+00  1.79999996e+02
 2.25597007e+00  4.63856906e+01  2.25597007e+00  1.79999996e+02
 2.27335190e+00  4.63856906e+01  2.27335190e+00  1.79999996e+02
 2.29086765e+00  4.63856906e+01  2.29086765e+00  1.79999996e+02
 2.30851836e+00  4.63856906e+01  2.30851836e+00  1.79999996e+02
 2.32630507e+00  4.63856906e+01  2.32630507e+00  1.79999996e+02
 2.34422882e+00  4.63856906e+01  2.34422882e+00  1.79999996e+02
 2.36229066e+00  4.63856906e+01  2.36229066e+00  1.79999996e+02
 2.38049167e+00  4.63856906e+01  2.38049167e+00  1.79999996e+02
 2.39883292e+00  4.63856906e+01  2.39883292e+00  1.79999996e+02
 2.41731548e+00  4.63856906e+01  2.41731548e+00  1.79999996e+02
 2.43594045e+00  4.63856906e+01  2.43594045e+00  1.79999996e+02
 2.45470892e+00  4.63856906e+01  2.45470892e+00  1.79999996e+02
 2.47362199e+00  4.63856906e+01  2.47362199e+00  1.79999996e+02
 2.49268079e+00  4.63856906e+01  2.49268079e+00  1.79999996e+02
 2.51188643e+00  4.63856906e+01  2.51188643e+00  1.79999996e+02
 2.53124005e+00  4.63856906e+01  2.53124005e+00  1.79999996e+02
 2.55074278e+00  4.63856906e+01  2.55074278e+00  1.79999996e+02
 2.57039578e+00  4.63856906e+01  2.57039578e+00  1.79999996e+02
 2.59020020e+00  4.63856906e+01  2.59020020e+00  1.79999996e+02
 2.61015722e+00  4.63856906e+01  2.61015722e+00  1.79999996e+02
 2.63026799e+00  4.63856906e+01  2.63026799e+00  1.79999996e+02
 2.65053372e+00  4.63856906e+01  2.65053372e+00  1.79999996e+02
 2.67095559e+00  4.63856906e+01  2.67095559e+00  1.79999996e+02
 2.69153480e+00  4.63856906e+01  2.69153480e+00  1.79999996e+02
 2.71227258e+00  4.63856906e+01  2.71227258e+00  1.79999996e+02
 2.73317014e+00  4.63856906e+01  2.73317014e+00  1.79999996e+02
 2.75422870e+00  4.63856906e+01  2.75422870e+00  1.79999995e+02
 2.77544952e+00  4.63856906e+01  2.77544952e+00  1.79999995e+02
 2.79683385e+00  4.63856906e+01  2.79683385e+00  1.79999995e+02
 2.81838293e+00  4.63856906e+01  2.81838293e+00  1.79999995e+02
 2.84009805e+00  4.63856906e+01  2.84009805e+00  1.79999995e+02
 2.86198048e+00  4.63856906e+01  2.86198048e+00  1.79999995e+02
 2.88403150e+00  4.63856906e+01  2.88403150e+00  1.79999995e+02
 2.90625243e+00  4.63856906e+01  2.90625243e+00  1.79999995e+02
 2.92864456e+00  4.63856906e+01  2.92864456e+00  1.79999995e+02
 2.95120923e+00  4.63856906e+01  2.95120923e+00  1.79999995e+02
 2.97394775e+00  4.63856906e+01  2.97394775e+00  1.79999995e+02
 2.99686146e+00  4.63856906e+01  2.99686146e+00  1.79999995e+02
 3.01995172e+00  4.63856906e+01  3.01995172e+00  1.79999995e+02
 3.04321989e+00  4.63856906e+01  3.04321989e+00  1.79999995e+02
 3.06666733e+00  4.63856906e+01  3.06666733e+00  1.79999995e+02
 3.09029543e+00  4.63856906e+01  3.09029543e+00  1.79999995e+02
 3.11410558e+00  4.63856906e+01  3.11410558e+00  1.79999995e+02
 3.13809919e+00  4.63856906e+01  3.13809919e+00  1.79999995e+02
 3.16227766e+00  4.63856906e+01  3.16227766e+00  1.79999995e+02
 3.18664242e+00  4.63856906e+01  3.18664242e+00  1.79999995e+02
 3.21119491e+00  4.63856906e+01  3.21119491e+00  1.79999995e+02
 3.23593657e+00  4.63856906e+01  3.23593657e+00  1.79999995e+02
 3.26086886e+00  4.63856906e+01  3.26086886e+00  1.79999995e+02
 3.28599325e+00  4.63856906e+01  3.28599325e+00  1.79999995e+02
 3.31131121e+00  4.63856906e+01  3.31131121e+00  1.79999995e+02
 3.33682425e+00  4.63856906e+01  3.33682425e+00  1.79999995e+02
 3.36253386e+00  4.63856906e+01  3.36253386e+00  1.79999994e+02
 3.38844156e+00  4.63856906e+01  3.38844156e+00  1.79999994e+02
 3.41454887e+00  4.63856906e+01  3.41454887e+00  1.79999994e+02
 3.44085734e+00  4.63856906e+01  3.44085734e+00  1.79999994e+02
 3.46736850e+00  4.63856906e+01  3.46736850e+00  1.79999994e+02
 3.49408393e+00  4.63856906e+01  3.49408393e+00  1.79999994e+02
 3.52100520e+00  4.63856906e+01  3.52100520e+00  1.79999994e+02
 3.54813389e+00  4.63856906e+01  3.54813389e+00  1.79999994e+02
 3.57547160e+00  4.63856906e+01  3.57547160e+00  1.79999994e+02
 3.60301995e+00  4.63856906e+01  3.60301995e+00  1.79999994e+02
 3.63078055e+00  4.63856906e+01  3.63078055e+00  1.79999994e+02
 3.65875504e+00  4.63856906e+01  3.65875504e+00  1.79999994e+02
 3.68694506e+00  4.63856906e+01  3.68694506e+00  1.79999994e+02
 3.71535229e+00  4.63856906e+01  3.71535229e+00  1.79999994e+02
 3.74397839e+00  4.63856906e+01  3.74397839e+00  1.79999994e+02
 3.77282505e+00  4.63856906e+01  3.77282505e+00  1.79999994e+02
 3.80189396e+00  4.63856906e+01  3.80189396e+00  1.79999994e+02
 3.83118685e+00  4.63856906e+01  3.83118685e+00  1.79999994e+02
 3.86070543e+00  4.63856906e+01  3.86070543e+00  1.79999994e+02
 3.89045145e+00  4.63856906e+01  3.89045145e+00  1.79999994e+02
 3.92042666e+00  4.63856906e+01  3.92042666e+00  1.79999994e+02
 3.95063281e+00  4.63856906e+01  3.95063281e+00  1.79999994e+02
 3.98107171e+00  4.63856906e+01  3.98107171e+00  1.79999993e+02
 4.01174512e+00  4.63856906e+01  4.01174512e+00  1.79999993e+02
 4.04265487e+00  4.63856906e+01  4.04265487e+00  1.79999993e+02
 4.07380278e+00  4.63856906e+01  4.07380278e+00  1.79999993e+02
 4.10519067e+00  4.63856906e+01  4.10519067e+00  1.79999993e+02
 4.13682040e+00  4.63856906e+01  4.13682040e+00  1.79999993e+02
 4.16869383e+00  4.63856906e+01  4.16869383e+00  1.79999993e+02
 4.20081285e+00  4.63856906e+01  4.20081285e+00  1.79999993e+02
 4.23317933e+00  4.63856906e+01  4.23317933e+00  1.79999993e+02
 4.26579519e+00  4.63856906e+01  4.26579519e+00  1.79999993e+02
 4.29866235e+00  4.63856906e+01  4.29866235e+00  1.79999993e+02
 4.33178274e+00  4.63856906e+01  4.33178274e+00  1.79999993e+02
 4.36515832e+00  4.63856906e+01  4.36515832e+00  1.79999993e+02
 4.39879106e+00  4.63856906e+01  4.39879106e+00  1.79999993e+02
 4.43268292e+00  4.63856906e+01  4.43268292e+00  1.79999993e+02
 4.46683592e+00  4.63856906e+01  4.46683592e+00  1.79999993e+02
 4.50125206e+00  4.63856906e+01  4.50125206e+00  1.79999993e+02
 4.53593337e+00  4.63856906e+01  4.53593337e+00  1.79999993e+02
 4.57088190e+00  4.63856906e+01  4.57088190e+00  1.79999993e+02
 4.60609969e+00  4.63856906e+01  4.60609969e+00  1.79999992e+02
 4.64158883e+00  4.63856906e+01  4.64158883e+00  1.79999992e+02
 4.67735141e+00  4.63856906e+01  4.67735141e+00  1.79999992e+02
 4.71338954e+00  4.63856906e+01  4.71338954e+00  1.79999992e+02
 4.74970533e+00  4.63856906e+01  4.74970533e+00  1.79999992e+02
 4.78630092e+00  4.63856906e+01  4.78630092e+00  1.79999992e+02
 4.82317848e+00  4.63856906e+01  4.82317848e+00  1.79999992e+02
 4.86034018e+00  4.63856906e+01  4.86034018e+00  1.79999992e+02
 4.89778819e+00  4.63856906e+01  4.89778819e+00  1.79999992e+02
 4.93552474e+00  4.63856906e+01  4.93552474e+00  1.79999992e+02
 4.97355204e+00  4.63856906e+01  4.97355204e+00  1.79999992e+02
 5.01187234e+00  4.63856906e+01  5.01187234e+00  1.79999992e+02
 5.05048788e+00  4.63856906e+01  5.05048788e+00  1.79999992e+02
 5.08940095e+00  4.63856906e+01  5.08940095e+00  1.79999992e+02
 5.12861384e+00  4.63856906e+01  5.12861384e+00  1.79999992e+02
 5.16812886e+00  4.63856906e+01  5.16812886e+00  1.79999992e+02
 5.20794833e+00  4.63856906e+01  5.20794833e+00  1.79999991e+02
 5.24807460e+00  4.63856906e+01  5.24807460e+00  1.79999991e+02
 5.28851004e+00  4.63856906e+01  5.28851004e+00  1.79999991e+02
 5.32925703e+00  4.63856906e+01  5.32925703e+00  1.79999991e+02
 5.37031796e+00  4.63856906e+01  5.37031796e+00  1.79999991e+02
 5.41169527e+00  4.63856906e+01  5.41169527e+00  1.79999991e+02
 5.45339137e+00  4.63856906e+01  5.45339137e+00  1.79999991e+02
 5.49540874e+00  4.63856906e+01  5.49540874e+00  1.79999991e+02
 5.53774984e+00  4.63856906e+01  5.53774984e+00  1.79999991e+02
 5.58041717e+00  4.63856906e+01  5.58041717e+00  1.79999991e+02
 5.62341325e+00  4.63856906e+01  5.62341325e+00  1.79999991e+02
 5.66674061e+00  4.63856906e+01  5.66674061e+00  1.79999991e+02
 5.71040179e+00  4.63856906e+01  5.71040179e+00  1.79999991e+02
 5.75439937e+00  4.63856906e+01  5.75439937e+00  1.79999991e+02
 5.79873595e+00  4.63856906e+01  5.79873595e+00  1.79999990e+02
 5.84341413e+00  4.63856906e+01  5.84341413e+00  1.79999990e+02
 5.88843655e+00  4.63856906e+01  5.88843655e+00  1.79999990e+02
 5.93380586e+00  4.63856906e+01  5.93380586e+00  1.79999990e+02
 5.97952473e+00  4.63856906e+01  5.97952473e+00  1.79999990e+02
 6.02559586e+00  4.63856906e+01  6.02559586e+00  1.79999990e+02
 6.07202196e+00  4.63856906e+01  6.07202196e+00  1.79999990e+02
 6.11880576e+00  4.63856906e+01  6.11880576e+00  1.79999990e+02
 6.16595002e+00  4.63856906e+01  6.16595002e+00  1.79999990e+02
 6.21345752e+00  4.63856906e+01  6.21345752e+00  1.79999990e+02
 6.26133105e+00  4.63856906e+01  6.26133105e+00  1.79999990e+02
 6.30957344e+00  4.63856906e+01  6.30957344e+00  1.79999990e+02
 6.35818754e+00  4.63856906e+01  6.35818754e+00  1.79999990e+02
 6.40717619e+00  4.63856906e+01  6.40717619e+00  1.79999990e+02
 6.45654229e+00  4.63856906e+01  6.45654229e+00  1.79999989e+02
 6.50628875e+00  4.63856906e+01  6.50628875e+00  1.79999989e+02
 6.55641849e+00  4.63856906e+01  6.55641849e+00  1.79999989e+02
 6.60693448e+00  4.63856906e+01  6.60693448e+00  1.79999989e+02
 6.65783968e+00  4.63856906e+01  6.65783968e+00  1.79999989e+02
 6.70913710e+00  4.63856906e+01  6.70913710e+00  1.79999989e+02
 6.76082975e+00  4.63856906e+01  6.76082975e+00  1.79999989e+02
 6.81292069e+00  4.63856906e+01  6.81292069e+00  1.79999989e+02
 6.86541298e+00  4.63856906e+01  6.86541298e+00  1.79999989e+02
 6.91830971e+00  4.63856906e+01  6.91830971e+00  1.79999989e+02
 6.97161400e+00  4.63856906e+01  6.97161400e+00  1.79999989e+02
 7.02532899e+00  4.63856906e+01  7.02532899e+00  1.79999988e+02
 7.07945784e+00  4.63856906e+01  7.07945784e+00  1.79999988e+02
 7.13400375e+00  4.63856906e+01  7.13400375e+00  1.79999988e+02
 7.18896992e+00  4.63856906e+01  7.18896992e+00  1.79999988e+02
 7.24435960e+00  4.63856906e+01  7.24435960e+00  1.79999988e+02
 7.30017605e+00  4.63856906e+01  7.30017605e+00  1.79999988e+02
 7.35642254e+00  4.63856906e+01  7.35642254e+00  1.79999988e+02
 7.41310241e+00  4.63856906e+01  7.41310241e+00  1.79999988e+02
 7.47021899e+00  4.63856906e+01  7.47021899e+00  1.79999988e+02
 7.52777564e+00  4.63856906e+01  7.52777564e+00  1.79999988e+02
 7.58577575e+00  4.63856906e+01  7.58577575e+00  1.79999988e+02
 7.64422274e+00  4.63856906e+01  7.64422274e+00  1.79999987e+02
 7.70312006e+00  4.63856906e+01  7.70312006e+00  1.79999987e+02
 7.76247117e+00  4.63856906e+01  7.76247117e+00  1.79999987e+02
 7.82227956e+00  4.63856906e+01  7.82227956e+00  1.79999987e+02
 7.88254877e+00  4.63856906e+01  7.88254877e+00  1.79999987e+02
 7.94328235e+00  4.63856906e+01  7.94328235e+00  1.79999987e+02
 8.00448386e+00  4.63856906e+01  8.00448386e+00  1.79999987e+02
 8.06615692e+00  4.63856906e+01  8.06615692e+00  1.79999987e+02
 8.12830516e+00  4.63856906e+01  8.12830516e+00  1.79999987e+02
 8.19093224e+00  4.63856906e+01  8.19093224e+00  1.79999987e+02
 8.25404185e+00  4.63856906e+01  8.25404185e+00  1.79999986e+02
 8.31763771e+00  4.63856906e+01  8.31763771e+00  1.79999986e+02
 8.38172356e+00  4.63856906e+01  8.38172356e+00  1.79999986e+02
 8.44630319e+00  4.63856906e+01  8.44630319e+00  1.79999986e+02
 8.51138038e+00  4.63856906e+01  8.51138038e+00  1.79999986e+02
 8.57695899e+00  4.63856906e+01  8.57695899e+00  1.79999986e+02
 8.64304286e+00  4.63856906e+01  8.64304286e+00  1.79999986e+02
 8.70963590e+00  4.63856906e+01  8.70963590e+00  1.79999986e+02
 8.77674203e+00  4.63856906e+01  8.77674203e+00  1.79999986e+02
 8.84436519e+00  4.63856906e+01  8.84436519e+00  1.79999986e+02
 8.91250938e+00  4.63856906e+01  8.91250938e+00  1.79999985e+02
 8.98117861e+00  4.63856906e+01  8.98117861e+00  1.79999985e+02
 9.05037692e+00  4.63856906e+01  9.05037692e+00  1.79999985e+02
 9.12010839e+00  4.63856906e+01  9.12010839e+00  1.79999985e+02
 9.19037713e+00  4.63856906e+01  9.19037713e+00  1.79999985e+02
 9.26118728e+00  4.63856906e+01  9.26118728e+00  1.79999985e+02
 9.33254301e+00  4.63856906e+01  9.33254301e+00  1.79999985e+02
 9.40444852e+00  4.63856906e+01  9.40444852e+00  1.79999985e+02
 9.47690805e+00  4.63856906e+01  9.47690805e+00  1.79999984e+02
 9.54992586e+00  4.63856906e+01  9.54992586e+00  1.79999984e+02
 9.62350626e+00  4.63856906e+01  9.62350626e+00  1.79999984e+02
 9.69765359e+00  4.63856906e+01  9.69765359e+00  1.79999984e+02
 9.77237221e+00  4.63856906e+01  9.77237221e+00  1.79999984e+02
 9.84766652e+00  4.63856906e+01  9.84766652e+00  1.79999984e+02
 9.92354096e+00  4.63856906e+01  9.92354096e+00  1.79999984e+02
 1.00000000e+01  4.63856906e+01  1.00000000e+01  1.79999984e+02
 1.00770481e+01  4.63856906e+01  1.00770481e+01  1.79999983e+02
 1.01546899e+01  4.63856906e+01  1.01546899e+01  1.79999983e+02
 1.02329299e+01  4.63856906e+01  1.02329299e+01  1.79999983e+02
 1.03117727e+01  4.63856906e+01  1.03117727e+01  1.79999983e+02
 1.03912230e+01  4.63856906e+01  1.03912230e+01  1.79999983e+02
 1.04712855e+01  4.63856906e+01  1.04712855e+01  1.79999983e+02
 1.05519648e+01  4.63856906e+01  1.05519648e+01  1.79999983e+02
 1.06332657e+01  4.63856906e+01  1.06332657e+01  1.79999983e+02
 1.07151931e+01  4.63856906e+01  1.07151931e+01  1.79999982e+02
 1.07977516e+01  4.63856906e+01  1.07977516e+01  1.79999982e+02
 1.08809463e+01  4.63856906e+01  1.08809463e+01  1.79999982e+02
 1.09647820e+01  4.63856906e+01  1.09647820e+01  1.79999982e+02
 1.10492636e+01  4.63856906e+01  1.10492636e+01  1.79999982e+02
 1.11343961e+01  4.63856906e+01  1.11343961e+01  1.79999982e+02
 1.12201845e+01  4.63856906e+01  1.12201845e+01  1.79999982e+02
 1.13066340e+01  4.63856906e+01  1.13066340e+01  1.79999981e+02
 1.13937495e+01  4.63856906e+01  1.13937495e+01  1.79999981e+02
 1.14815362e+01  4.63856906e+01  1.14815362e+01  1.79999981e+02
 1.15699993e+01  4.63856906e+01  1.15699993e+01  1.79999981e+02
 1.16591440e+01  4.63856906e+01  1.16591440e+01  1.79999981e+02
 1.17489755e+01  4.63856906e+01  1.17489755e+01  1.79999981e+02
 1.18394992e+01  4.63856906e+01  1.18394992e+01  1.79999981e+02
 1.19307204e+01  4.63856906e+01  1.19307204e+01  1.79999980e+02
 1.20226443e+01  4.63856906e+01  1.20226443e+01  1.79999980e+02
 1.21152766e+01  4.63856906e+01  1.21152766e+01  1.79999980e+02
 1.22086225e+01  4.63856906e+01  1.22086225e+01  1.79999980e+02
 1.23026877e+01  4.63856906e+01  1.23026877e+01  1.79999980e+02
 1.23974776e+01  4.63856906e+01  1.23974776e+01  1.79999980e+02
 1.24929979e+01  4.63856906e+01  1.24929979e+01  1.79999980e+02
 1.25892541e+01  4.63856906e+01  1.25892541e+01  1.79999979e+02
 1.26862520e+01  4.63856906e+01  1.26862520e+01  1.79999979e+02
 1.27839972e+01  4.63856906e+01  1.27839972e+01  1.79999979e+02
 1.28824955e+01  4.63856906e+01  1.28824955e+01  1.79999979e+02
 1.29817528e+01  4.63856906e+01  1.29817528e+01  1.79999979e+02
 1.30817747e+01  4.63856906e+01  1.30817747e+01  1.79999979e+02
 1.31825674e+01  4.63856906e+01  1.31825674e+01  1.79999978e+02
 1.32841366e+01  4.63856906e+01  1.32841366e+01  1.79999978e+02
 1.33864884e+01  4.63856906e+01  1.33864884e+01  1.79999978e+02
 1.34896288e+01  4.63856906e+01  1.34896288e+01  1.79999978e+02
 1.35935639e+01  4.63856906e+01  1.35935639e+01  1.79999978e+02
 1.36982998e+01  4.63856906e+01  1.36982998e+01  1.79999978e+02
 1.38038426e+01  4.63856906e+01  1.38038426e+01  1.79999977e+02
 1.39101987e+01  4.63856906e+01  1.39101987e+01  1.79999977e+02
 1.40173742e+01  4.63856906e+01  1.40173742e+01  1.79999977e+02
 1.41253754e+01  4.63856906e+01  1.41253754e+01  1.79999977e+02
 1.42342088e+01  4.63856906e+01  1.42342088e+01  1.79999977e+02
 1.43438808e+01  4.63856906e+01  1.43438808e+01  1.79999976e+02
 1.44543977e+01  4.63856906e+01  1.44543977e+01  1.79999976e+02
 1.45657662e+01  4.63856906e+01  1.45657662e+01  1.79999976e+02
 1.46779927e+01  4.63856906e+01  1.46779927e+01  1.79999976e+02
 1.47910839e+01  4.63856906e+01  1.47910839e+01  1.79999976e+02
 1.49050464e+01  4.63856906e+01  1.49050464e+01  1.79999976e+02
 1.50198870e+01  4.63856906e+01  1.50198870e+01  1.79999975e+02
 1.51356125e+01  4.63856906e+01  1.51356125e+01  1.79999975e+02
 1.52522296e+01  4.63856906e+01  1.52522296e+01  1.79999975e+02
 1.53697452e+01  4.63856906e+01  1.53697452e+01  1.79999975e+02
 1.54881662e+01  4.63856906e+01  1.54881662e+01  1.79999975e+02
 1.56074996e+01  4.63856906e+01  1.56074996e+01  1.79999974e+02
 1.57277525e+01  4.63856906e+01  1.57277525e+01  1.79999974e+02
 1.58489319e+01  4.63856906e+01  1.58489319e+01  1.79999974e+02
 1.59710450e+01  4.63856906e+01  1.59710450e+01  1.79999974e+02
 1.60940989e+01  4.63856906e+01  1.60940989e+01  1.79999974e+02
 1.62181010e+01  4.63856906e+01  1.62181010e+01  1.79999973e+02
 1.63430584e+01  4.63856906e+01  1.63430584e+01  1.79999973e+02
 1.64689787e+01  4.63856906e+01  1.64689787e+01  1.79999973e+02
 1.65958691e+01  4.63856906e+01  1.65958691e+01  1.79999973e+02
 1.67237372e+01  4.63856906e+01  1.67237372e+01  1.79999973e+02
 1.68525904e+01  4.63856906e+01  1.68525904e+01  1.79999972e+02
 1.69824365e+01  4.63856906e+01  1.69824365e+01  1.79999972e+02
 1.71132830e+01  4.63856906e+01  1.71132830e+01  1.79999972e+02
 1.72451377e+01  4.63856906e+01  1.72451377e+01  1.79999972e+02
 1.73780083e+01  4.63856906e+01  1.73780083e+01  1.79999972e+02
 1.75119026e+01  4.63856906e+01  1.75119026e+01  1.79999971e+02
 1.76468286e+01  4.63856906e+01  1.76468286e+01  1.79999971e+02
 1.77827941e+01  4.63856906e+01  1.77827941e+01  1.79999971e+02
 1.79198072e+01  4.63856906e+01  1.79198072e+01  1.79999971e+02
 1.80578760e+01  4.63856906e+01  1.80578760e+01  1.79999970e+02
 1.81970086e+01  4.63856906e+01  1.81970086e+01  1.79999970e+02
 1.83372132e+01  4.63856906e+01  1.83372132e+01  1.79999970e+02
 1.84784980e+01  4.63856906e+01  1.84784980e+01  1.79999970e+02
 1.86208714e+01  4.63856906e+01  1.86208714e+01  1.79999969e+02
 1.87643417e+01  4.63856906e+01  1.87643417e+01  1.79999969e+02
 1.89089175e+01  4.63856906e+01  1.89089175e+01  1.79999969e+02
 1.90546072e+01  4.63856906e+01  1.90546072e+01  1.79999969e+02
 1.92014194e+01  4.63856906e+01  1.92014194e+01  1.79999969e+02
 1.93493628e+01  4.63856906e+01  1.93493628e+01  1.79999968e+02
 1.94984460e+01  4.63856906e+01  1.94984460e+01  1.79999968e+02
 1.96486779e+01  4.63856906e+01  1.96486779e+01  1.79999968e+02
 1.98000673e+01  4.63856906e+01  1.98000673e+01  1.79999968e+02
 1.99526231e+01  4.63856906e+01  1.99526231e+01  1.79999967e+02
 2.01063544e+01  4.63856906e+01  2.01063544e+01  1.79999967e+02
 2.02612701e+01  4.63856906e+01  2.02612701e+01  1.79999967e+02
 2.04173794e+01  4.63856906e+01  2.04173794e+01  1.79999967e+02
 2.05746916e+01  4.63856906e+01  2.05746916e+01  1.79999966e+02
 2.07332157e+01  4.63856906e+01  2.07332157e+01  1.79999966e+02
 2.08929613e+01  4.63856906e+01  2.08929613e+01  1.79999966e+02
 2.10539377e+01  4.63856906e+01  2.10539377e+01  1.79999966e+02
 2.12161544e+01  4.63856906e+01  2.12161544e+01  1.79999965e+02
 2.13796209e+01  4.63856906e+01  2.13796209e+01  1.79999965e+02
 2.15443469e+01  4.63856906e+01  2.15443469e+01  1.79999965e+02
 2.17103421e+01  4.63856906e+01  2.17103421e+01  1.79999964e+02
 2.18776162e+01  4.63856906e+01  2.18776162e+01  1.79999964e+02
 2.20461792e+01  4.63856906e+01  2.20461792e+01  1.79999964e+02
 2.22160409e+01  4.63856906e+01  2.22160409e+01  1.79999964e+02
 2.23872114e+01  4.63856906e+01  2.23872114e+01  1.79999963e+02
 2.25597007e+01  4.63856906e+01  2.25597007e+01  1.79999963e+02
 2.27335190e+01  4.63856906e+01  2.27335190e+01  1.79999963e+02
 2.29086765e+01  4.63856906e+01  2.29086765e+01  1.79999962e+02
 2.30851836e+01  4.63856906e+01  2.30851836e+01  1.79999962e+02
 2.32630507e+01  4.63856906e+01  2.32630507e+01  1.79999962e+02
 2.34422882e+01  4.63856906e+01  2.34422882e+01  1.79999962e+02
 2.36229066e+01  4.63856906e+01  2.36229066e+01  1.79999961e+02
 2.38049167e+01  4.63856906e+01  2.38049167e+01  1.79999961e+02
 2.39883292e+01  4.63856906e+01  2.39883292e+01  1.79999961e+02
 2.41731548e+01  4.63856906e+01  2.41731548e+01  1.79999960e+02
 2.43594045e+01  4.63856906e+01  2.43594045e+01  1.79999960e+02
 2.45470892e+01  4.63856906e+01  2.45470892e+01  1.79999960e+02
 2.47362199e+01  4.63856906e+01  2.47362199e+01  1.79999959e+02
 2.49268079e+01  4.63856906e+01  2.49268079e+01  1.79999959e+02
 2.51188643e+01  4.63856906e+01  2.51188643e+01  1.79999959e+02
 2.53124005e+01  4.63856906e+01  2.53124005e+01  1.79999959e+02
 2.55074278e+01  4.63856906e+01  2.55074278e+01  1.79999958e+02
 2.57039578e+01  4.63856906e+01  2.57039578e+01  1.79999958e+02
 2.59020020e+01  4.63856906e+01  2.59020020e+01  1.79999958e+02
 2.61015722e+01  4.63856906e+01  2.61015722e+01  1.79999957e+02
 2.63026799e+01  4.63856906e+01  2.63026799e+01  1.79999957e+02
 2.65053372e+01  4.63856906e+01  2.65053372e+01  1.79999957e+02
 2.67095559e+01  4.63856906e+01  2.67095559e+01  1.79999956e+02
 2.69153480e+01  4.63856906e+01  2.69153480e+01  1.79999956e+02
 2.71227258e+01  4.63856906e+01  2.71227258e+01  1.79999956e+02
 2.73317014e+01  4.63856906e+01  2.73317014e+01  1.79999955e+02
 2.75422870e+01  4.63856906e+01  2.75422870e+01  1.79999955e+02
 2.77544952e+01  4.63856906e+01  2.77544952e+01  1.79999955e+02
 2.79683385e+01  4.63856906e+01  2.79683385e+01  1.79999954e+02
 2.81838293e+01  4.63856906e+01  2.81838293e+01  1.79999954e+02
 2.84009805e+01  4.63856906e+01  2.84009805e+01  1.79999953e+02
 2.86198048e+01  4.63856906e+01  2.86198048e+01  1.79999953e+02
 2.88403150e+01  4.63856906e+01  2.88403150e+01  1.79999953e+02
 2.90625243e+01  4.63856906e+01  2.90625243e+01  1.79999952e+02
 2.92864456e+01  4.63856906e+01  2.92864456e+01  1.79999952e+02
 2.95120923e+01  4.63856906e+01  2.95120923e+01  1.79999952e+02
 2.97394775e+01  4.63856906e+01  2.97394775e+01  1.79999951e+02
 2.99686146e+01  4.63856906e+01  2.99686146e+01  1.79999951e+02
 3.01995172e+01  4.63856906e+01  3.01995172e+01  1.79999951e+02
 3.04321989e+01  4.63856906e+01  3.04321989e+01  1.79999950e+02
 3.06666733e+01  4.63856906e+01  3.06666733e+01  1.79999950e+02
 3.09029543e+01  4.63856906e+01  3.09029543e+01  1.79999949e+02
 3.11410558e+01  4.63856906e+01  3.11410558e+01  1.79999949e+02
 3.13809919e+01  4.63856906e+01  3.13809919e+01  1.79999949e+02
 3.16227766e+01  4.63856906e+01  3.16227766e+01  1.79999948e+02
 3.18664242e+01  4.63856906e+01  3.18664242e+01  1.79999948e+02
 3.21119491e+01  4.63856906e+01  3.21119491e+01  1.79999947e+02
 3.23593657e+01  4.63856906e+01  3.23593657e+01  1.79999947e+02
 3.26086886e+01  4.63856906e+01  3.26086886e+01  1.79999947e+02
 3.28599325e+01  4.63856906e+01  3.28599325e+01  1.79999946e+02
 3.31131121e+01  4.63856906e+01  3.31131121e+01  1.79999946e+02
 3.33682425e+01  4.63856906e+01  3.33682425e+01  1.79999945e+02
 3.36253386e+01  4.63856906e+01  3.36253386e+01  1.79999945e+02
 3.38844156e+01  4.63856906e+01  3.38844156e+01  1.79999944e+02
 3.41454887e+01  4.63856906e+01  3.41454887e+01  1.79999944e+02
 3.44085734e+01  4.63856906e+01  3.44085734e+01  1.79999944e+02
 3.46736850e+01  4.63856906e+01  3.46736850e+01  1.79999943e+02
 3.49408393e+01  4.63856906e+01  3.49408393e+01  1.79999943e+02
 3.52100520e+01  4.63856906e+01  3.52100520e+01  1.79999942e+02
 3.54813389e+01  4.63856906e+01  3.54813389e+01  1.79999942e+02
 3.57547160e+01  4.63856906e+01  3.57547160e+01  1.79999941e+02
 3.60301995e+01  4.63856906e+01  3.60301995e+01  1.79999941e+02
 3.63078055e+01  4.63856906e+01  3.63078055e+01  1.79999941e+02
 3.65875504e+01  4.63856906e+01  3.65875504e+01  1.79999940e+02
 3.68694506e+01  4.63856906e+01  3.68694506e+01  1.79999940e+02
 3.71535229e+01  4.63856906e+01  3.71535229e+01  1.79999939e+02
 3.74397839e+01  4.63856906e+01  3.74397839e+01  1.79999939e+02
 3.77282505e+01  4.63856906e+01  3.77282505e+01  1.79999938e+02
 3.80189396e+01  4.63856906e+01  3.80189396e+01  1.79999938e+02
 3.83118685e+01  4.63856906e+01  3.83118685e+01  1.79999937e+02
 3.86070543e+01  4.63856906e+01  3.86070543e+01  1.79999937e+02
 3.89045145e+01  4.63856906e+01  3.89045145e+01  1.79999936e+02
 3.92042666e+01  4.63856906e+01  3.92042666e+01  1.79999936e+02
 3.95063281e+01  4.63856906e+01  3.95063281e+01  1.79999935e+02
 3.98107171e+01  4.63856906e+01  3.98107171e+01  1.79999935e+02
 4.01174512e+01  4.63856906e+01  4.01174512e+01  1.79999934e+02
 4.04265487e+01  4.63856906e+01  4.04265487e+01  1.79999934e+02
 4.07380278e+01  4.63856906e+01  4.07380278e+01  1.79999933e+02
 4.10519067e+01  4.63856906e+01  4.10519067e+01  1.79999933e+02
 4.13682040e+01  4.63856906e+01  4.13682040e+01  1.79999932e+02
 4.16869383e+01  4.63856906e+01  4.16869383e+01  1.79999932e+02
 4.20081285e+01  4.63856906e+01  4.20081285e+01  1.79999931e+02
 4.23317933e+01  4.63856906e+01  4.23317933e+01  1.79999931e+02
 4.26579519e+01  4.63856906e+01  4.26579519e+01  1.79999930e+02
 4.29866235e+01  4.63856906e+01  4.29866235e+01  1.79999930e+02
 4.33178274e+01  4.63856906e+01  4.33178274e+01  1.79999929e+02
 4.36515832e+01  4.63856906e+01  4.36515832e+01  1.79999928e+02
 4.39879106e+01  4.63856906e+01  4.39879106e+01  1.79999928e+02
 4.43268292e+01  4.63856906e+01  4.43268292e+01  1.79999927e+02
 4.46683592e+01  4.63856906e+01  4.46683592e+01  1.79999927e+02
 4.50125206e+01  4.63856906e+01  4.50125206e+01  1.79999926e+02
 4.53593337e+01  4.63856906e+01  4.53593337e+01  1.79999926e+02
 4.57088190e+01  4.63856906e+01  4.57088190e+01  1.79999925e+02
 4.60609969e+01  4.63856906e+01  4.60609969e+01  1.79999925e+02
 4.64158883e+01  4.63856906e+01  4.64158883e+01  1.79999924e+02
 4.67735141e+01  4.63856906e+01  4.67735141e+01  1.79999923e+02
 4.71338954e+01  4.63856906e+01  4.71338954e+01  1.79999923e+02
 4.74970533e+01  4.63856906e+01  4.74970533e+01  1.79999922e+02
 4.78630092e+01  4.63856906e+01  4.78630092e+01  1.79999922e+02
 4.82317848e+01  4.63856906e+01  4.82317848e+01  1.79999921e+02
 4.86034018e+01  4.63856906e+01  4.86034018e+01  1.79999920e+02
 4.89778819e+01  4.63856906e+01  4.89778819e+01  1.79999920e+02
 4.93552474e+01  4.63856906e+01  4.93552474e+01  1.79999919e+02
 4.97355204e+01  4.63856906e+01  4.97355204e+01  1.79999919e+02
 5.01187234e+01  4.63856906e+01  5.01187234e+01  1.79999918e+02
 5.05048788e+01  4.63856906e+01  5.05048788e+01  1.79999917e+02
 5.08940095e+01  4.63856906e+01  5.08940095e+01  1.79999917e+02
 5.12861384e+01  4.63856906e+01  5.12861384e+01  1.79999916e+02
 5.16812886e+01  4.63856906e+01  5.16812886e+01  1.79999915e+02
 5.20794833e+01  4.63856906e+01  5.20794833e+01  1.79999915e+02
 5.24807460e+01  4.63856906e+01  5.24807460e+01  1.79999914e+02
 5.28851004e+01  4.63856906e+01  5.28851004e+01  1.79999913e+02
 5.32925703e+01  4.63856906e+01  5.32925703e+01  1.79999913e+02
 5.37031796e+01  4.63856906e+01  5.37031796e+01  1.79999912e+02
 5.41169527e+01  4.63856906e+01  5.41169527e+01  1.79999911e+02
 5.45339137e+01  4.63856906e+01  5.45339137e+01  1.79999911e+02
 5.49540874e+01  4.63856906e+01  5.49540874e+01  1.79999910e+02
 5.53774984e+01  4.63856906e+01  5.53774984e+01  1.79999909e+02
 5.58041717e+01  4.63856906e+01  5.58041717e+01  1.79999909e+02
 5.62341325e+01  4.63856906e+01  5.62341325e+01  1.79999908e+02
 5.66674061e+01  4.63856906e+01  5.66674061e+01  1.79999907e+02
 5.71040179e+01  4.63856906e+01  5.71040179e+01  1.79999906e+02
 5.75439937e+01  4.63856906e+01  5.75439937e+01  1.79999906e+02
 5.79873595e+01  4.63856906e+01  5.79873595e+01  1.79999905e+02
 5.84341413e+01  4.63856906e+01  5.84341413e+01  1.79999904e+02
 5.88843655e+01  4.63856906e+01  5.88843655e+01  1.79999904e+02
 5.93380586e+01  4.63856906e+01  5.93380586e+01  1.79999903e+02
 5.97952473e+01  4.63856906e+01  5.97952473e+01  1.79999902e+02
 6.02559586e+01  4.63856906e+01  6.02559586e+01  1.79999901e+02
 6.07202196e+01  4.63856906e+01  6.07202196e+01  1.79999901e+02
 6.11880576e+01  4.63856906e+01  6.11880576e+01  1.79999900e+02
 6.16595002e+01  4.63856906e+01  6.16595002e+01  1.79999899e+02
 6.21345752e+01  4.63856906e+01  6.21345752e+01  1.79999898e+02
 6.26133105e+01  4.63856906e+01  6.26133105e+01  1.79999897e+02
 6.30957344e+01  4.63856906e+01  6.30957344e+01  1.79999897e+02
 6.35818754e+01  4.63856906e+01  6.35818754e+01  1.79999896e+02
 6.40717619e+01  4.63856906e+01  6.40717619e+01  1.79999895e+02
 6.45654229e+01  4.63856906e+01  6.45654229e+01  1.79999894e+02
 6.50628875e+01  4.63856906e+01  6.50628875e+01  1.79999893e+02
 6.55641849e+01  4.63856906e+01  6.55641849e+01  1.79999893e+02
 6.60693448e+01  4.63856906e+01  6.60693448e+01  1.79999892e+02
 6.65783968e+01  4.63856906e+01  6.65783968e+01  1.79999891e+02
 6.70913710e+01  4.63856906e+01  6.70913710e+01  1.79999890e+02
 6.76082975e+01  4.63856906e+01  6.76082975e+01  1.79999889e+02
 6.81292069e+01  4.63856906e+01  6.81292069e+01  1.79999888e+02
 6.86541298e+01  4.63856906e+01  6.86541298e+01  1.79999888e+02
 6.91830971e+01  4.63856906e+01  6.91830971e+01  1.79999887e+02
 6.97161400e+01  4.63856906e+01  6.97161400e+01  1.79999886e+02
 7.02532899e+01  4.63856906e+01  7.02532899e+01  1.79999885e+02
 7.07945784e+01  4.63856906e+01  7.07945784e+01  1.79999884e+02
 7.13400375e+01  4.63856906e+01  7.13400375e+01  1.79999883e+02
 7.18896992e+01  4.63856906e+01  7.18896992e+01  1.79999882e+02
 7.24435960e+01  4.63856906e+01  7.24435960e+01  1.79999881e+02
 7.30017605e+01  4.63856906e+01  7.30017605e+01  1.79999880e+02
 7.35642254e+01  4.63856906e+01  7.35642254e+01  1.79999879e+02
 7.41310241e+01  4.63856906e+01  7.41310241e+01  1.79999879e+02
 7.47021899e+01  4.63856906e+01  7.47021899e+01  1.79999878e+02
 7.52777564e+01  4.63856906e+01  7.52777564e+01  1.79999877e+02
 7.58577575e+01  4.63856906e+01  7.58577575e+01  1.79999876e+02
 7.64422274e+01  4.63856906e+01  7.64422274e+01  1.79999875e+02
 7.70312006e+01  4.63856906e+01  7.70312006e+01  1.79999874e+02
 7.76247117e+01  4.63856906e+01  7.76247117e+01  1.79999873e+02
 7.82227956e+01  4.63856906e+01  7.82227956e+01  1.79999872e+02
 7.88254877e+01  4.63856906e+01  7.88254877e+01  1.79999871e+02
 7.94328235e+01  4.63856906e+01  7.94328235e+01  1.79999870e+02
 8.00448386e+01  4.63856906e+01  8.00448386e+01  1.79999869e+02
 8.06615692e+01  4.63856906e+01  8.06615692e+01  1.79999868e+02
 8.12830516e+01  4.63856906e+01  8.12830516e+01  1.79999867e+02
 8.19093224e+01  4.63856906e+01  8.19093224e+01  1.79999866e+02
 8.25404185e+01  4.63856906e+01  8.25404185e+01  1.79999865e+02
 8.31763771e+01  4.63856906e+01  8.31763771e+01  1.79999864e+02
 8.38172356e+01  4.63856906e+01  8.38172356e+01  1.79999863e+02
 8.44630319e+01  4.63856906e+01  8.44630319e+01  1.79999862e+02
 8.51138038e+01  4.63856906e+01  8.51138038e+01  1.79999861e+02
 8.57695899e+01  4.63856906e+01  8.57695899e+01  1.79999859e+02
 8.64304286e+01  4.63856906e+01  8.64304286e+01  1.79999858e+02
 8.70963590e+01  4.63856906e+01  8.70963590e+01  1.79999857e+02
 8.77674203e+01  4.63856906e+01  8.77674203e+01  1.79999856e+02
 8.84436519e+01  4.63856906e+01  8.84436519e+01  1.79999855e+02
 8.91250938e+01  4.63856906e+01  8.91250938e+01  1.79999854e+02
 8.98117861e+01  4.63856906e+01  8.98117861e+01  1.79999853e+02
 9.05037692e+01  4.63856906e+01  9.05037692e+01  1.79999852e+02
 9.12010839e+01  4.63856906e+01  9.12010839e+01  1.79999851e+02
 9.19037713e+01  4.63856906e+01  9.19037713e+01  1.79999849e+02
 9.26118728e+01  4.63856906e+01  9.26118728e+01  1.79999848e+02
 9.33254301e+01  4.63856906e+01  9.33254301e+01  1.79999847e+02
 9.40444852e+01  4.63856906e+01  9.40444852e+01  1.79999846e+02
 9.47690805e+01  4.63856906e+01  9.47690805e+01  1.79999845e+02
 9.54992586e+01  4.63856906e+01  9.54992586e+01  1.79999844e+02
 9.62350626e+01  4.63856906e+01  9.62350626e+01  1.79999842e+02
 9.69765359e+01  4.63856906e+01  9.69765359e+01  1.79999841e+02
 9.77237221e+01  4.63856906e+01  9.77237221e+01  1.79999840e+02
 9.84766652e+01  4.63856906e+01  9.84766652e+01  1.79999839e+02
 9.92354096e+01  4.63856906e+01  9.92354096e+01  1.79999837e+02
 1.00000000e+02  4.63856906e+01  1.00000000e+02  1.79999836e+02
 1.00770481e+02  4.63856906e+01  1.00770481e+02  1.79999835e+02
 1.01546899e+02  4.63856906e+01  1.01546899e+02  1.79999834e+02
 1.02329299e+02  4.63856906e+01  1.02329299e+02  1.79999832e+02
 1.03117727e+02  4.63856906e+01  1.03117727e+02  1.79999831e+02
 1.03912230e+02  4.63856906e+01  1.03912230e+02  1.79999830e+02
 1.04712855e+02  4.63856906e+01  1.04712855e+02  1.79999828e+02
 1.05519648e+02  4.63856906e+01  1.05519648e+02  1.79999827e+02
 1.06332657e+02  4.63856906e+01  1.06332657e+02  1.79999826e+02
 1.07151931e+02  4.63856906e+01  1.07151931e+02  1.79999824e+02
 1.07977516e+02  4.63856906e+01  1.07977516e+02  1.79999823e+02
 1.08809463e+02  4.63856906e+01  1.08809463e+02  1.79999822e+02
 1.09647820e+02  4.63856906e+01  1.09647820e+02  1.79999820e+02
 1.10492636e+02  4.63856906e+01  1.10492636e+02  1.79999819e+02
 1.11343961e+02  4.63856906e+01  1.11343961e+02  1.79999818e+02
 1.12201845e+02  4.63856906e+01  1.12201845e+02  1.79999816e+02
 1.13066340e+02  4.63856906e+01  1.13066340e+02  1.79999815e+02
 1.13937495e+02  4.63856906e+01  1.13937495e+02  1.79999813e+02
 1.14815362e+02  4.63856906e+01  1.14815362e+02  1.79999812e+02
 1.15699993e+02  4.63856906e+01  1.15699993e+02  1.79999810e+02
 1.16591440e+02  4.63856906e+01  1.16591440e+02  1.79999809e+02
 1.17489755e+02  4.63856906e+01  1.17489755e+02  1.79999808e+02
 1.18394992e+02  4.63856906e+01  1.18394992e+02  1.79999806e+02
 1.19307204e+02  4.63856906e+01  1.19307204e+02  1.79999805e+02
 1.20226443e+02  4.63856906e+01  1.20226443e+02  1.79999803e+02
 1.21152766e+02  4.63856906e+01  1.21152766e+02  1.79999802e+02
 1.22086225e+02  4.63856906e+01  1.22086225e+02  1.79999800e+02
 1.23026877e+02  4.63856906e+01  1.23026877e+02  1.79999798e+02
 1.23974776e+02  4.63856906e+01  1.23974776e+02  1.79999797e+02
 1.24929979e+02  4.63856906e+01  1.24929979e+02  1.79999795e+02
 1.25892541e+02  4.63856906e+01  1.25892541e+02  1.79999794e+02
 1.26862520e+02  4.63856906e+01  1.26862520e+02  1.79999792e+02
 1.27839972e+02  4.63856906e+01  1.27839972e+02  1.79999791e+02
 1.28824955e+02  4.63856906e+01  1.28824955e+02  1.79999789e+02
 1.29817528e+02  4.63856906e+01  1.29817528e+02  1.79999787e+02
 1.30817747e+02  4.63856906e+01  1.30817747e+02  1.79999786e+02
 1.31825674e+02  4.63856906e+01  1.31825674e+02  1.79999784e+02
 1.32841366e+02  4.63856906e+01  1.32841366e+02  1.79999782e+02
 1.33864884e+02  4.63856906e+01  1.33864884e+02  1.79999781e+02
 1.34896288e+02  4.63856906e+01  1.34896288e+02  1.79999779e+02
 1.35935639e+02  4.63856906e+01  1.35935639e+02  1.79999777e+02
 1.36982998e+02  4.63856906e+01  1.36982998e+02  1.79999776e+02
 1.38038426e+02  4.63856906e+01  1.38038426e+02  1.79999774e+02
 1.39101987e+02  4.63856906e+01  1.39101987e+02  1.79999772e+02
 1.40173742e+02  4.63856906e+01  1.40173742e+02  1.79999770e+02
 1.41253754e+02  4.63856906e+01  1.41253754e+02  1.79999769e+02
 1.42342088e+02  4.63856906e+01  1.42342088e+02  1.79999767e+02
 1.43438808e+02  4.63856906e+01  1.43438808e+02  1.79999765e+02
 1.44543977e+02  4.63856906e+01  1.44543977e+02  1.79999763e+02
 1.45657662e+02  4.63856906e+01  1.45657662e+02  1.79999761e+02
 1.46779927e+02  4.63856906e+01  1.46779927e+02  1.79999760e+02
 1.47910839e+02  4.63856906e+01  1.47910839e+02  1.79999758e+02
 1.49050464e+02  4.63856906e+01  1.49050464e+02  1.79999756e+02
 1.50198870e+02  4.63856906e+01  1.50198870e+02  1.79999754e+02
 1.51356125e+02  4.63856906e+01  1.51356125e+02  1.79999752e+02
 1.52522296e+02  4.63856906e+01  1.52522296e+02  1.79999750e+02
 1.53697452e+02  4.63856906e+01  1.53697452e+02  1.79999748e+02
 1.54881662e+02  4.63856906e+01  1.54881662e+02  1.79999746e+02
 1.56074996e+02  4.63856906e+01  1.56074996e+02  1.79999744e+02
 1.57277525e+02  4.63856906e+01  1.57277525e+02  1.79999742e+02
 1.58489319e+02  4.63856906e+01  1.58489319e+02  1.79999740e+02
 1.59710450e+02  4.63856906e+01  1.59710450e+02  1.79999738e+02
 1.60940989e+02  4.63856906e+01  1.60940989e+02  1.79999736e+02
 1.62181010e+02  4.63856906e+01  1.62181010e+02  1.79999734e+02
 1.63430584e+02  4.63856906e+01  1.63430584e+02  1.79999732e+02
 1.64689787e+02  4.63856906e+01  1.64689787e+02  1.79999730e+02
 1.65958691e+02  4.63856906e+01  1.65958691e+02  1.79999728e+02
 1.67237372e+02  4.63856906e+01  1.67237372e+02  1.79999726e+02
 1.68525904e+02  4.63856906e+01  1.68525904e+02  1.79999724e+02
 1.69824365e+02  4.63856906e+01  1.69824365e+02  1.79999722e+02
 1.71132830e+02  4.63856906e+01  1.71132830e+02  1.79999720e+02
 1.72451377e+02  4.63856906e+01  1.72451377e+02  1.79999717e+02
 1.73780083e+02  4.63856906e+01  1.73780083e+02  1.79999715e+02
 1.75119026e+02  4.63856906e+01  1.75119026e+02  1.79999713e+02
 1.76468286e+02  4.63856906e+01  1.76468286e+02  1.79999711e+02
 1.77827941e+02  4.63856906e+01  1.77827941e+02  1.79999709e+02
 1.79198072e+02  4.63856906e+01  1.79198072e+02  1.79999706e+02
 1.80578760e+02  4.63856906e+01  1.80578760e+02  1.79999704e+02
 1.81970086e+02  4.63856906e+01  1.81970086e+02  1.79999702e+02
 1.83372132e+02  4.63856906e+01  1.83372132e+02  1.79999700e+02
 1.84784980e+02  4.63856906e+01  1.84784980e+02  1.79999697e+02
 1.86208714e+02  4.63856906e+01  1.86208714e+02  1.79999695e+02
 1.87643417e+02  4.63856906e+01  1.87643417e+02  1.79999693e+02
 1.89089175e+02  4.63856906e+01  1.89089175e+02  1.79999690e+02
 1.90546072e+02  4.63856906e+01  1.90546072e+02  1.79999688e+02
 1.92014194e+02  4.63856906e+01  1.92014194e+02  1.79999685e+02
 1.93493628e+02  4.63856906e+01  1.93493628e+02  1.79999683e+02
 1.94984460e+02  4.63856906e+01  1.94984460e+02  1.79999681e+02
 1.96486779e+02  4.63856906e+01  1.96486779e+02  1.79999678e+02
 1.98000673e+02  4.63856906e+01  1.98000673e+02  1.79999676e+02
 1.99526231e+02  4.63856906e+01  1.99526231e+02  1.79999673e+02
 2.01063544e+02  4.63856906e+01  2.01063544e+02  1.79999671e+02
 2.02612701e+02  4.63856906e+01  2.02612701e+02  1.79999668e+02
 2.04173794e+02  4.63856906e+01  2.04173794e+02  1.79999665e+02
 2.05746916e+02  4.63856906e+01  2.05746916e+02  1.79999663e+02
 2.07332157e+02  4.63856906e+01  2.07332157e+02  1.79999660e+02
 2.08929613e+02  4.63856906e+01  2.08929613e+02  1.79999658e+02
 2.10539377e+02  4.63856906e+01  2.10539377e+02  1.79999655e+02
 2.12161544e+02  4.63856906e+01  2.12161544e+02  1.79999652e+02
 2.13796209e+02  4.63856906e+01  2.13796209e+02  1.79999650e+02
 2.15443469e+02  4.63856906e+01  2.15443469e+02  1.79999647e+02
 2.17103421e+02  4.63856906e+01  2.17103421e+02  1.79999644e+02
 2.18776162e+02  4.63856906e+01  2.18776162e+02  1.79999642e+02
 2.20461792e+02  4.63856906e+01  2.20461792e+02  1.79999639e+02
 2.22160409e+02  4.63856906e+01  2.22160409e+02  1.79999636e+02
 2.23872114e+02  4.63856906e+01  2.23872114e+02  1.79999633e+02
 2.25597007e+02  4.63856906e+01  2.25597007e+02  1.79999630e+02
 2.27335190e+02  4.63856906e+01  2.27335190e+02  1.79999628e+02
 2.29086765e+02  4.63856906e+01  2.29086765e+02  1.79999625e+02
 2.30851836e+02  4.63856906e+01  2.30851836e+02  1.79999622e+02
 2.32630507e+02  4.63856906e+01  2.32630507e+02  1.79999619e+02
 2.34422882e+02  4.63856906e+01  2.34422882e+02  1.79999616e+02
 2.36229066e+02  4.63856906e+01  2.36229066e+02  1.79999613e+02
 2.38049167e+02  4.63856906e+01  2.38049167e+02  1.79999610e+02
 2.39883292e+02  4.63856906e+01  2.39883292e+02  1.79999607e+02
 2.41731548e+02  4.63856906e+01  2.41731548e+02  1.79999604e+02
 2.43594045e+02  4.63856906e+01  2.43594045e+02  1.79999601e+02
 2.45470892e+02  4.63856906e+01  2.45470892e+02  1.79999598e+02
 2.47362199e+02  4.63856906e+01  2.47362199e+02  1.79999595e+02
 2.49268079e+02  4.63856906e+01  2.49268079e+02  1.79999592e+02
 2.51188643e+02  4.63856906e+01  2.51188643e+02  1.79999588e+02
 2.53124005e+02  4.63856906e+01  2.53124005e+02  1.79999585e+02
 2.55074278e+02  4.63856906e+01  2.55074278e+02  1.79999582e+02
 2.57039578e+02  4.63856906e+01  2.57039578e+02  1.79999579e+02
 2.59020020e+02  4.63856906e+01  2.59020020e+02  1.79999576e+02
 2.61015722e+02  4.63856906e+01  2.61015722e+02  1.79999572e+02
 2.63026799e+02  4.63856906e+01  2.63026799e+02  1.79999569e+02
 2.65053372e+02  4.63856906e+01  2.65053372e+02  1.79999566e+02
 2.67095559e+02  4.63856906e+01  2.67095559e+02  1.79999562e+02
 2.69153480e+02  4.63856906e+01  2.69153480e+02  1.79999559e+02
 2.71227258e+02  4.63856906e+01  2.71227258e+02  1.79999556e+02
 2.73317014e+02  4.63856906e+01  2.73317014e+02  1.79999552e+02
 2.75422870e+02  4.63856906e+01  2.75422870e+02  1.79999549e+02
 2.77544952e+02  4.63856906e+01  2.77544952e+02  1.79999545e+02
 2.79683385e+02  4.63856906e+01  2.79683385e+02  1.79999542e+02
 2.81838293e+02  4.63856906e+01  2.81838293e+02  1.79999538e+02
 2.84009805e+02  4.63856906e+01  2.84009805e+02  1.79999535e+02
 2.86198048e+02  4.63856906e+01  2.86198048e+02  1.79999531e+02
 2.88403150e+02  4.63856906e+01  2.88403150e+02  1.79999527e+02
 2.90625243e+02  4.63856906e+01  2.90625243e+02  1.79999524e+02
 2.92864456e+02  4.63856906e+01  2.92864456e+02  1.79999520e+02
 2.95120923e+02  4.63856906e+01  2.95120923e+02  1.79999516e+02
 2.97394775e+02  4.63856906e+01  2.97394775e+02  1.79999513e+02
 2.99686146e+02  4.63856906e+01  2.99686146e+02  1.79999509e+02
 3.01995172e+02  4.63856906e+01  3.01995172e+02  1.79999505e+02
 3.04321989e+02  4.63856906e+01  3.04321989e+02  1.79999501e+02
 3.06666733e+02  4.63856906e+01  3.06666733e+02  1.79999498e+02
 3.09029543e+02  4.63856906e+01  3.09029543e+02  1.79999494e+02
 3.11410558e+02  4.63856906e+01  3.11410558e+02  1.79999490e+02
 3.13809919e+02  4.63856906e+01  3.13809919e+02  1.79999486e+02
 3.16227766e+02  4.63856906e+01  3.16227766e+02  1.79999482e+02
 3.18664242e+02  4.63856906e+01  3.18664242e+02  1.79999478e+02
 3.21119491e+02  4.63856906e+01  3.21119491e+02  1.79999474e+02
 3.23593657e+02  4.63856906e+01  3.23593657e+02  1.79999470e+02
 3.26086886e+02  4.63856906e+01  3.26086886e+02  1.79999466e+02
 3.28599325e+02  4.63856906e+01  3.28599325e+02  1.79999462e+02
 3.31131121e+02  4.63856906e+01  3.31131121e+02  1.79999457e+02
 3.33682425e+02  4.63856906e+01  3.33682425e+02  1.79999453e+02
 3.36253386e+02  4.63856906e+01  3.36253386e+02  1.79999449e+02
 3.38844156e+02  4.63856906e+01  3.38844156e+02  1.79999445e+02
 3.41454887e+02  4.63856906e+01  3.41454887e+02  1.79999441e+02
 3.44085734e+02  4.63856906e+01  3.44085734e+02  1.79999436e+02
 3.46736850e+02  4.63856907e+01  3.46736850e+02  1.79999432e+02
 3.49408393e+02  4.63856907e+01  3.49408393e+02  1.79999428e+02
 3.52100520e+02  4.63856907e+01  3.52100520e+02  1.79999423e+02
 3.54813389e+02  4.63856907e+01  3.54813389e+02  1.79999419e+02
 3.57547160e+02  4.63856907e+01  3.57547160e+02  1.79999414e+02
 3.60301995e+02  4.63856907e+01  3.60301995e+02  1.79999410e+02
 3.63078055e+02  4.63856907e+01  3.63078055e+02  1.79999405e+02
 3.65875504e+02  4.63856907e+01  3.65875504e+02  1.79999401e+02
 3.68694506e+02  4.63856907e+01  3.68694506e+02  1.79999396e+02
 3.71535229e+02  4.63856907e+01  3.71535229e+02  1.79999391e+02
 3.74397839e+02  4.63856907e+01  3.74397839e+02  1.79999387e+02
 3.77282505e+02  4.63856907e+01  3.77282505e+02  1.79999382e+02
 3.80189396e+02  4.63856907e+01  3.80189396e+02  1.79999377e+02
 3.83118685e+02  4.63856907e+01  3.83118685e+02  1.79999372e+02
 3.86070543e+02  4.63856907e+01  3.86070543e+02  1.79999367e+02
 3.89045145e+02  4.63856907e+01  3.89045145e+02  1.79999363e+02
 3.92042666e+02  4.63856907e+01  3.92042666e+02  1.79999358e+02
 3.95063281e+02  4.63856907e+01  3.95063281e+02  1.79999353e+02
 3.98107171e+02  4.63856907e+01  3.98107171e+02  1.79999348e+02
 4.01174512e+02  4.63856907e+01  4.01174512e+02  1.79999343e+02
 4.04265487e+02  4.63856907e+01  4.04265487e+02  1.79999338e+02
 4.07380278e+02  4.63856907e+01  4.07380278e+02  1.79999333e+02
 4.10519067e+02  4.63856907e+01  4.10519067e+02  1.79999327e+02
 4.13682040e+02  4.63856907e+01  4.13682040e+02  1.79999322e+02
 4.16869383e+02  4.63856907e+01  4.16869383e+02  1.79999317e+02
 4.20081285e+02  4.63856907e+01  4.20081285e+02  1.79999312e+02
 4.23317933e+02  4.63856907e+01  4.23317933e+02  1.79999306e+02
 4.26579519e+02  4.63856907e+01  4.26579519e+02  1.79999301e+02
 4.29866235e+02  4.63856907e+01  4.29866235e+02  1.79999296e+02
 4.33178274e+02  4.63856907e+01  4.33178274e+02  1.79999290e+02
 4.36515832e+02  4.63856907e+01  4.36515832e+02  1.79999285e+02
 4.39879106e+02  4.63856907e+01  4.39879106e+02  1.79999279e+02
 4.43268292e+02  4.63856907e+01  4.43268292e+02  1.79999274e+02
 4.46683592e+02  4.63856907e+01  4.46683592e+02  1.79999268e+02
 4.50125206e+02  4.63856907e+01  4.50125206e+02  1.79999262e+02
 4.53593337e+02  4.63856907e+01  4.53593337e+02  1.79999257e+02
 4.57088190e+02  4.63856907e+01  4.57088190e+02  1.79999251e+02
 4.60609969e+02  4.63856907e+01  4.60609969e+02  1.79999245e+02
 4.64158883e+02  4.63856907e+01  4.64158883e+02  1.79999240e+02
 4.67735141e+02  4.63856907e+01  4.67735141e+02  1.79999234e+02
 4.71338954e+02  4.63856907e+01  4.71338954e+02  1.79999228e+02
 4.74970533e+02  4.63856907e+01  4.74970533e+02  1.79999222e+02
 4.78630092e+02  4.63856907e+01  4.78630092e+02  1.79999216e+02
 4.82317848e+02  4.63856907e+01  4.82317848e+02  1.79999210e+02
 4.86034018e+02  4.63856907e+01  4.86034018e+02  1.79999204e+02
 4.89778819e+02  4.63856907e+01  4.89778819e+02  1.79999198e+02
 4.93552474e+02  4.63856907e+01  4.93552474e+02  1.79999191e+02
 4.97355204e+02  4.63856907e+01  4.97355204e+02  1.79999185e+02
 5.01187234e+02  4.63856908e+01  5.01187234e+02  1.79999179e+02
 5.05048788e+02  4.63856908e+01  5.05048788e+02  1.79999173e+02
 5.08940095e+02  4.63856908e+01  5.08940095e+02  1.79999166e+02
 5.12861384e+02  4.63856908e+01  5.12861384e+02  1.79999160e+02
 5.16812886e+02  4.63856908e+01  5.16812886e+02  1.79999153e+02
 5.20794833e+02  4.63856908e+01  5.20794833e+02  1.79999147e+02
 5.24807460e+02  4.63856908e+01  5.24807460e+02  1.79999140e+02
 5.28851004e+02  4.63856908e+01  5.28851004e+02  1.79999134e+02
 5.32925703e+02  4.63856908e+01  5.32925703e+02  1.79999127e+02
 5.37031796e+02  4.63856908e+01  5.37031796e+02  1.79999120e+02
 5.41169527e+02  4.63856908e+01  5.41169527e+02  1.79999113e+02
 5.45339137e+02  4.63856908e+01  5.45339137e+02  1.79999107e+02
 5.49540874e+02  4.63856908e+01  5.49540874e+02  1.79999100e+02
 5.53774984e+02  4.63856908e+01  5.53774984e+02  1.79999093e+02
 5.58041717e+02  4.63856908e+01  5.58041717e+02  1.79999086e+02
 5.62341325e+02  4.63856908e+01  5.62341325e+02  1.79999079e+02
 5.66674061e+02  4.63856908e+01  5.66674061e+02  1.79999072e+02
 5.71040179e+02  4.63856908e+01  5.71040179e+02  1.79999064e+02
 5.75439937e+02  4.63856908e+01  5.75439937e+02  1.79999057e+02
 5.79873595e+02  4.63856908e+01  5.79873595e+02  1.79999050e+02
 5.84341413e+02  4.63856908e+01  5.84341413e+02  1.79999043e+02
 5.88843655e+02  4.63856908e+01  5.88843655e+02  1.79999035e+02
 5.93380586e+02  4.63856908e+01  5.93380586e+02  1.79999028e+02
 5.97952473e+02  4.63856908e+01  5.97952473e+02  1.79999020e+02
 6.02559586e+02  4.63856908e+01  6.02559586e+02  1.79999013e+02
 6.07202196e+02  4.63856908e+01  6.07202196e+02  1.79999005e+02
 6.11880576e+02  4.63856908e+01  6.11880576e+02  1.79998997e+02
 6.16595002e+02  4.63856909e+01  6.16595002e+02  1.79998990e+02
 6.21345752e+02  4.63856909e+01  6.21345752e+02  1.79998982e+02
 6.26133105e+02  4.63856909e+01  6.26133105e+02  1.79998974e+02
 6.30957344e+02  4.63856909e+01  6.30957344e+02  1.79998966e+02
 6.35818754e+02  4.63856909e+01  6.35818754e+02  1.79998958e+02
 6.40717619e+02  4.63856909e+01  6.40717619e+02  1.79998950e+02
 6.45654229e+02  4.63856909e+01  6.45654229e+02  1.79998942e+02
 6.50628875e+02  4.63856909e+01  6.50628875e+02  1.79998934e+02
 6.55641849e+02  4.63856909e+01  6.55641849e+02  1.79998926e+02
 6.60693448e+02  4.63856909e+01  6.60693448e+02  1.79998918e+02
 6.65783968e+02  4.63856909e+01  6.65783968e+02  1.79998909e+02
 6.70913710e+02  4.63856909e+01  6.70913710e+02  1.79998901e+02
 6.76082975e+02  4.63856909e+01  6.76082975e+02  1.79998892e+02
 6.81292069e+02  4.63856909e+01  6.81292069e+02  1.79998884e+02
 6.86541298e+02  4.63856909e+01  6.86541298e+02  1.79998875e+02
 6.91830971e+02  4.63856909e+01  6.91830971e+02  1.79998866e+02
 6.97161400e+02  4.63856909e+01  6.97161400e+02  1.79998858e+02
 7.02532899e+02  4.63856909e+01  7.02532899e+02  1.79998849e+02
 7.07945784e+02  4.63856909e+01  7.07945784e+02  1.79998840e+02
 7.13400375e+02  4.63856909e+01  7.13400375e+02  1.79998831e+02
 7.18896992e+02  4.63856910e+01  7.18896992e+02  1.79998822e+02
 7.24435960e+02  4.63856910e+01  7.24435960e+02  1.79998813e+02
 7.30017605e+02  4.63856910e+01  7.30017605e+02  1.79998804e+02
 7.35642254e+02  4.63856910e+01  7.35642254e+02  1.79998795e+02
 7.41310241e+02  4.63856910e+01  7.41310241e+02  1.79998785e+02
 7.47021899e+02  4.63856910e+01  7.47021899e+02  1.79998776e+02
 7.52777564e+02  4.63856910e+01  7.52777564e+02  1.79998767e+02
 7.58577575e+02  4.63856910e+01  7.58577575e+02  1.79998757e+02
 7.64422274e+02  4.63856910e+01  7.64422274e+02  1.79998748e+02
 7.70312006e+02  4.63856910e+01  7.70312006e+02  1.79998738e+02
 7.76247117e+02  4.63856910e+01  7.76247117e+02  1.79998728e+02
 7.82227956e+02  4.63856910e+01  7.82227956e+02  1.79998718e+02
 7.88254877e+02  4.63856910e+01  7.88254877e+02  1.79998709e+02
 7.94328235e+02  4.63856911e+01  7.94328235e+02  1.79998699e+02
 8.00448386e+02  4.63856911e+01  8.00448386e+02  1.79998689e+02
 8.06615692e+02  4.63856911e+01  8.06615692e+02  1.79998678e+02
 8.12830516e+02  4.63856911e+01  8.12830516e+02  1.79998668e+02
 8.19093224e+02  4.63856911e+01  8.19093224e+02  1.79998658e+02
 8.25404185e+02  4.63856911e+01  8.25404185e+02  1.79998648e+02
 8.31763771e+02  4.63856911e+01  8.31763771e+02  1.79998637e+02
 8.38172356e+02  4.63856911e+01  8.38172356e+02  1.79998627e+02
 8.44630319e+02  4.63856911e+01  8.44630319e+02  1.79998616e+02
 8.51138038e+02  4.63856911e+01  8.51138038e+02  1.79998605e+02
 8.57695899e+02  4.63856911e+01  8.57695899e+02  1.79998595e+02
 8.64304286e+02  4.63856911e+01  8.64304286e+02  1.79998584e+02
 8.70963590e+02  4.63856911e+01  8.70963590e+02  1.79998573e+02
 8.77674203e+02  4.63856912e+01  8.77674203e+02  1.79998562e+02
 8.84436519e+02  4.63856912e+01  8.84436519e+02  1.79998551e+02
 8.91250938e+02  4.63856912e+01  8.91250938e+02  1.79998540e+02
 8.98117861e+02  4.63856912e+01  8.98117861e+02  1.79998529e+02
 9.05037692e+02  4.63856912e+01  9.05037692e+02  1.79998517e+02
 9.12010839e+02  4.63856912e+01  9.12010839e+02  1.79998506e+02
 9.19037713e+02  4.63856912e+01  9.19037713e+02  1.79998494e+02
 9.26118728e+02  4.63856912e+01  9.26118728e+02  1.79998483e+02
 9.33254301e+02  4.63856912e+01  9.33254301e+02  1.79998471e+02
 9.40444852e+02  4.63856912e+01  9.40444852e+02  1.79998459e+02
 9.47690805e+02  4.63856912e+01  9.47690805e+02  1.79998447e+02
 9.54992586e+02  4.63856913e+01  9.54992586e+02  1.79998435e+02
 9.62350626e+02  4.63856913e+01  9.62350626e+02  1.79998423e+02
 9.69765359e+02  4.63856913e+01  9.69765359e+02  1.79998411e+02
 9.77237221e+02  4.63856913e+01  9.77237221e+02  1.79998399e+02
 9.84766652e+02  4.63856913e+01  9.84766652e+02  1.79998387e+02
 9.92354096e+02  4.63856913e+01  9.92354096e+02  1.79998374e+02
 1.00000000e+03  4.63856913e+01  1.00000000e+03  1.79998362e+02
 1.00770481e+03  4.63856913e+01  1.00770481e+03  1.79998349e+02
 1.01546899e+03  4.63856914e+01  1.01546899e+03  1.79998336e+02
 1.02329299e+03  4.63856914e+01  1.02329299e+03  1.79998323e+02
 1.03117727e+03  4.63856914e+01  1.03117727e+03  1.79998310e+02
 1.03912230e+03  4.63856914e+01  1.03912230e+03  1.79998297e+02
 1.04712855e+03  4.63856914e+01  1.04712855e+03  1.79998284e+02
 1.05519648e+03  4.63856914e+01  1.05519648e+03  1.79998271e+02
 1.06332657e+03  4.63856914e+01  1.06332657e+03  1.79998258e+02
 1.07151931e+03  4.63856914e+01  1.07151931e+03  1.79998244e+02
 1.07977516e+03  4.63856915e+01  1.07977516e+03  1.79998231e+02
 1.08809463e+03  4.63856915e+01  1.08809463e+03  1.79998217e+02
 1.09647820e+03  4.63856915e+01  1.09647820e+03  1.79998204e+02
 1.10492636e+03  4.63856915e+01  1.10492636e+03  1.79998190e+02
 1.11343961e+03  4.63856915e+01  1.11343961e+03  1.79998176e+02
 1.12201845e+03  4.63856915e+01  1.12201845e+03  1.79998162e+02
 1.13066340e+03  4.63856916e+01  1.13066340e+03  1.79998147e+02
 1.13937495e+03  4.63856916e+01  1.13937495e+03  1.79998133e+02
 1.14815362e+03  4.63856916e+01  1.14815362e+03  1.79998119e+02
 1.15699993e+03  4.63856916e+01  1.15699993e+03  1.79998104e+02
 1.16591440e+03  4.63856916e+01  1.16591440e+03  1.79998090e+02
 1.17489755e+03  4.63856916e+01  1.17489755e+03  1.79998075e+02
 1.18394992e+03  4.63856916e+01  1.18394992e+03  1.79998060e+02
 1.19307204e+03  4.63856917e+01  1.19307204e+03  1.79998045e+02
 1.20226443e+03  4.63856917e+01  1.20226443e+03  1.79998030e+02
 1.21152766e+03  4.63856917e+01  1.21152766e+03  1.79998015e+02
 1.22086225e+03  4.63856917e+01  1.22086225e+03  1.79998000e+02
 1.23026877e+03  4.63856917e+01  1.23026877e+03  1.79997984e+02
 1.23974776e+03  4.63856918e+01  1.23974776e+03  1.79997969e+02
 1.24929979e+03  4.63856918e+01  1.24929979e+03  1.79997953e+02
 1.25892541e+03  4.63856918e+01  1.25892541e+03  1.79997937e+02
 1.26862520e+03  4.63856918e+01  1.26862520e+03  1.79997921e+02
 1.27839972e+03  4.63856918e+01  1.27839972e+03  1.79997905e+02
 1.28824955e+03  4.63856918e+01  1.28824955e+03  1.79997889e+02
 1.29817528e+03  4.63856919e+01  1.29817528e+03  1.79997873e+02
 1.30817747e+03  4.63856919e+01  1.30817747e+03  1.79997857e+02
 1.31825674e+03  4.63856919e+01  1.31825674e+03  1.79997840e+02
 1.32841366e+03  4.63856919e+01  1.32841366e+03  1.79997824e+02
 1.33864884e+03  4.63856920e+01  1.33864884e+03  1.79997807e+02
 1.34896288e+03  4.63856920e+01  1.34896288e+03  1.79997790e+02
 1.35935639e+03  4.63856920e+01  1.35935639e+03  1.79997773e+02
 1.36982998e+03  4.63856920e+01  1.36982998e+03  1.79997756e+02
 1.38038426e+03  4.63856920e+01  1.38038426e+03  1.79997738e+02
 1.39101987e+03  4.63856921e+01  1.39101987e+03  1.79997721e+02
 1.40173742e+03  4.63856921e+01  1.40173742e+03  1.79997703e+02
 1.41253754e+03  4.63856921e+01  1.41253754e+03  1.79997686e+02
 1.42342088e+03  4.63856921e+01  1.42342088e+03  1.79997668e+02
 1.43438808e+03  4.63856922e+01  1.43438808e+03  1.79997650e+02
 1.44543977e+03  4.63856922e+01  1.44543977e+03  1.79997632e+02
 1.45657662e+03  4.63856922e+01  1.45657662e+03  1.79997613e+02
 1.46779927e+03  4.63856922e+01  1.46779927e+03  1.79997595e+02
 1.47910839e+03  4.63856922e+01  1.47910839e+03  1.79997577e+02
 1.49050464e+03  4.63856923e+01  1.49050464e+03  1.79997558e+02
 1.50198870e+03  4.63856923e+01  1.50198870e+03  1.79997539e+02
 1.51356125e+03  4.63856923e+01  1.51356125e+03  1.79997520e+02
 1.52522296e+03  4.63856924e+01  1.52522296e+03  1.79997501e+02
 1.53697452e+03  4.63856924e+01  1.53697452e+03  1.79997482e+02
 1.54881662e+03  4.63856924e+01  1.54881662e+03  1.79997462e+02
 1.56074996e+03  4.63856924e+01  1.56074996e+03  1.79997443e+02
 1.57277525e+03  4.63856925e+01  1.57277525e+03  1.79997423e+02
 1.58489319e+03  4.63856925e+01  1.58489319e+03  1.79997403e+02
 1.59710450e+03  4.63856925e+01  1.59710450e+03  1.79997383e+02
 1.60940989e+03  4.63856926e+01  1.60940989e+03  1.79997363e+02
 1.62181010e+03  4.63856926e+01  1.62181010e+03  1.79997343e+02
 1.63430584e+03  4.63856926e+01  1.63430584e+03  1.79997322e+02
 1.64689787e+03  4.63856927e+01  1.64689787e+03  1.79997302e+02
 1.65958691e+03  4.63856927e+01  1.65958691e+03  1.79997281e+02
 1.67237372e+03  4.63856927e+01  1.67237372e+03  1.79997260e+02
 1.68525904e+03  4.63856928e+01  1.68525904e+03  1.79997239e+02
 1.69824365e+03  4.63856928e+01  1.69824365e+03  1.79997218e+02
 1.71132830e+03  4.63856928e+01  1.71132830e+03  1.79997196e+02
 1.72451377e+03  4.63856929e+01  1.72451377e+03  1.79997175e+02
 1.73780083e+03  4.63856929e+01  1.73780083e+03  1.79997153e+02
 1.75119026e+03  4.63856929e+01  1.75119026e+03  1.79997131e+02
 1.76468286e+03  4.63856930e+01  1.76468286e+03  1.79997109e+02
 1.77827941e+03  4.63856930e+01  1.77827941e+03  1.79997086e+02
 1.79198072e+03  4.63856930e+01  1.79198072e+03  1.79997064e+02
 1.80578760e+03  4.63856931e+01  1.80578760e+03  1.79997041e+02
 1.81970086e+03  4.63856931e+01  1.81970086e+03  1.79997019e+02
 1.83372132e+03  4.63856932e+01  1.83372132e+03  1.79996996e+02
 1.84784980e+03  4.63856932e+01  1.84784980e+03  1.79996972e+02
 1.86208714e+03  4.63856933e+01  1.86208714e+03  1.79996949e+02
 1.87643417e+03  4.63856933e+01  1.87643417e+03  1.79996926e+02
 1.89089175e+03  4.63856933e+01  1.89089175e+03  1.79996902e+02
 1.90546072e+03  4.63856934e+01  1.90546072e+03  1.79996878e+02
 1.92014194e+03  4.63856934e+01  1.92014194e+03  1.79996854e+02
 1.93493628e+03  4.63856934e+01  1.93493628e+03  1.79996830e+02
 1.94984460e+03  4.63856935e+01  1.94984460e+03  1.79996805e+02
 1.96486779e+03  4.63856936e+01  1.96486779e+03  1.79996781e+02
 1.98000673e+03  4.63856936e+01  1.98000673e+03  1.79996756e+02
 1.99526231e+03  4.63856936e+01  1.99526231e+03  1.79996731e+02
 2.01063544e+03  4.63856937e+01  2.01063544e+03  1.79996706e+02
 2.02612701e+03  4.63856937e+01  2.02612701e+03  1.79996680e+02
 2.04173794e+03  4.63856938e+01  2.04173794e+03  1.79996655e+02
 2.05746916e+03  4.63856939e+01  2.05746916e+03  1.79996629e+02
 2.07332157e+03  4.63856939e+01  2.07332157e+03  1.79996603e+02
 2.08929613e+03  4.63856939e+01  2.08929613e+03  1.79996577e+02
 2.10539377e+03  4.63856940e+01  2.10539377e+03  1.79996550e+02
 2.12161544e+03  4.63856940e+01  2.12161544e+03  1.79996524e+02
 2.13796209e+03  4.63856941e+01  2.13796209e+03  1.79996497e+02
 2.15443469e+03  4.63856942e+01  2.15443469e+03  1.79996470e+02
 2.17103421e+03  4.63856942e+01  2.17103421e+03  1.79996443e+02
 2.18776162e+03  4.63856943e+01  2.18776162e+03  1.79996416e+02
 2.20461792e+03  4.63856943e+01  2.20461792e+03  1.79996388e+02
 2.22160409e+03  4.63856944e+01  2.22160409e+03  1.79996360e+02
 2.23872114e+03  4.63856945e+01  2.23872114e+03  1.79996332e+02
 2.25597007e+03  4.63856945e+01  2.25597007e+03  1.79996304e+02
 2.27335190e+03  4.63856946e+01  2.27335190e+03  1.79996275e+02
 2.29086765e+03  4.63856946e+01  2.29086765e+03  1.79996247e+02
 2.30851836e+03  4.63856947e+01  2.30851836e+03  1.79996218e+02
 2.32630507e+03  4.63856947e+01  2.32630507e+03  1.79996189e+02
 2.34422882e+03  4.63856949e+01  2.34422882e+03  1.79996159e+02
 2.36229066e+03  4.63856949e+01  2.36229066e+03  1.79996130e+02
 2.38049167e+03  4.63856950e+01  2.38049167e+03  1.79996100e+02
 2.39883292e+03  4.63856950e+01  2.39883292e+03  1.79996070e+02
 2.41731548e+03  4.63856951e+01  2.41731548e+03  1.79996039e+02
 2.43594045e+03  4.63856951e+01  2.43594045e+03  1.79996009e+02
 2.45470892e+03  4.63856952e+01  2.45470892e+03  1.79995978e+02
 2.47362199e+03  4.63856953e+01  2.47362199e+03  1.79995947e+02
 2.49268079e+03  4.63856954e+01  2.49268079e+03  1.79995916e+02
 2.51188643e+03  4.63856954e+01  2.51188643e+03  1.79995885e+02
 2.53124005e+03  4.63856955e+01  2.53124005e+03  1.79995853e+02
 2.55074278e+03  4.63856956e+01  2.55074278e+03  1.79995821e+02
 2.57039578e+03  4.63856957e+01  2.57039578e+03  1.79995789e+02
 2.59020020e+03  4.63856957e+01  2.59020020e+03  1.79995756e+02
 2.61015722e+03  4.63856958e+01  2.61015722e+03  1.79995724e+02
 2.63026799e+03  4.63856959e+01  2.63026799e+03  1.79995691e+02
 2.65053372e+03  4.63856960e+01  2.65053372e+03  1.79995657e+02
 2.67095559e+03  4.63856961e+01  2.67095559e+03  1.79995624e+02
 2.69153480e+03  4.63856961e+01  2.69153480e+03  1.79995590e+02
 2.71227258e+03  4.63856962e+01  2.71227258e+03  1.79995556e+02
 2.73317014e+03  4.63856964e+01  2.73317014e+03  1.79995522e+02
 2.75422870e+03  4.63856964e+01  2.75422870e+03  1.79995487e+02
 2.77544952e+03  4.63856965e+01  2.77544952e+03  1.79995453e+02
 2.79683385e+03  4.63856966e+01  2.79683385e+03  1.79995418e+02
 2.81838293e+03  4.63856967e+01  2.81838293e+03  1.79995382e+02
 2.84009805e+03  4.63856968e+01  2.84009805e+03  1.79995347e+02
 2.86198048e+03  4.63856970e+01  2.86198048e+03  1.79995311e+02
 2.88403150e+03  4.63856970e+01  2.88403150e+03  1.79995275e+02
 2.90625243e+03  4.63856971e+01  2.90625243e+03  1.79995238e+02
 2.92864456e+03  4.63856972e+01  2.92864456e+03  1.79995202e+02
 2.95120923e+03  4.63856973e+01  2.95120923e+03  1.79995165e+02
 2.97394775e+03  4.63856974e+01  2.97394775e+03  1.79995127e+02
 2.99686146e+03  4.63856975e+01  2.99686146e+03  1.79995090e+02
 3.01995172e+03  4.63856977e+01  3.01995172e+03  1.79995052e+02
 3.04321989e+03  4.63856977e+01  3.04321989e+03  1.79995014e+02
 3.06666733e+03  4.63856978e+01  3.06666733e+03  1.79994976e+02
 3.09029543e+03  4.63856980e+01  3.09029543e+03  1.79994937e+02
 3.11410558e+03  4.63856981e+01  3.11410558e+03  1.79994898e+02
 3.13809919e+03  4.63856981e+01  3.13809919e+03  1.79994859e+02
 3.16227766e+03  4.63856984e+01  3.16227766e+03  1.79994819e+02
 3.18664242e+03  4.63856985e+01  3.18664242e+03  1.79994779e+02
 3.21119491e+03  4.63856986e+01  3.21119491e+03  1.79994739e+02
 3.23593657e+03  4.63856987e+01  3.23593657e+03  1.79994698e+02
 3.26086886e+03  4.63856989e+01  3.26086886e+03  1.79994657e+02
 3.28599325e+03  4.63856989e+01  3.28599325e+03  1.79994616e+02
 3.31131121e+03  4.63856991e+01  3.31131121e+03  1.79994575e+02
 3.33682425e+03  4.63856991e+01  3.33682425e+03  1.79994533e+02
 3.36253386e+03  4.63856994e+01  3.36253386e+03  1.79994491e+02
 3.38844156e+03  4.63856995e+01  3.38844156e+03  1.79994448e+02
 3.41454887e+03  4.63856997e+01  3.41454887e+03  1.79994405e+02
 3.44085734e+03  4.63856998e+01  3.44085734e+03  1.79994362e+02
 3.46736850e+03  4.63856999e+01  3.46736850e+03  1.79994319e+02
 3.49408393e+03  4.63857001e+01  3.49408393e+03  1.79994275e+02
 3.52100520e+03  4.63857002e+01  3.52100520e+03  1.79994231e+02
 3.54813389e+03  4.63857003e+01  3.54813389e+03  1.79994187e+02
 3.57547160e+03  4.63857005e+01  3.57547160e+03  1.79994142e+02
 3.60301995e+03  4.63857007e+01  3.60301995e+03  1.79994097e+02
 3.63078055e+03  4.63857007e+01  3.63078055e+03  1.79994051e+02
 3.65875504e+03  4.63857009e+01  3.65875504e+03  1.79994005e+02
 3.68694506e+03  4.63857011e+01  3.68694506e+03  1.79993959e+02
 3.71535229e+03  4.63857013e+01  3.71535229e+03  1.79993913e+02
 3.74397839e+03  4.63857013e+01  3.74397839e+03  1.79993866e+02
 3.77282505e+03  4.63857017e+01  3.77282505e+03  1.79993818e+02
 3.80189396e+03  4.63857018e+01  3.80189396e+03  1.79993771e+02
 3.83118685e+03  4.63857019e+01  3.83118685e+03  1.79993723e+02
 3.86070543e+03  4.63857020e+01  3.86070543e+03  1.79993675e+02
 3.89045145e+03  4.63857023e+01  3.89045145e+03  1.79993626e+02
 3.92042666e+03  4.63857025e+01  3.92042666e+03  1.79993577e+02
 3.95063281e+03  4.63857027e+01  3.95063281e+03  1.79993527e+02
 3.98107171e+03  4.63857028e+01  3.98107171e+03  1.79993477e+02
 4.01174512e+03  4.63857030e+01  4.01174512e+03  1.79993427e+02
 4.04265487e+03  4.63857031e+01  4.04265487e+03  1.79993376e+02
 4.07380278e+03  4.63857034e+01  4.07380278e+03  1.79993325e+02
 4.10519067e+03  4.63857036e+01  4.10519067e+03  1.79993274e+02
 4.13682040e+03  4.63857038e+01  4.13682040e+03  1.79993222e+02
 4.16869383e+03  4.63857040e+01  4.16869383e+03  1.79993170e+02
 4.20081285e+03  4.63857041e+01  4.20081285e+03  1.79993117e+02
 4.23317933e+03  4.63857045e+01  4.23317933e+03  1.79993064e+02
 4.26579519e+03  4.63857047e+01  4.26579519e+03  1.79993011e+02
 4.29866235e+03  4.63857048e+01  4.29866235e+03  1.79992957e+02
 4.33178274e+03  4.63857051e+01  4.33178274e+03  1.79992903e+02
 4.36515832e+03  4.63857053e+01  4.36515832e+03  1.79992848e+02
 4.39879106e+03  4.63857054e+01  4.39879106e+03  1.79992793e+02
 4.43268292e+03  4.63857059e+01  4.43268292e+03  1.79992737e+02
 4.46683592e+03  4.63857059e+01  4.46683592e+03  1.79992681e+02
 4.50125206e+03  4.63857063e+01  4.50125206e+03  1.79992625e+02
 4.53593337e+03  4.63857063e+01  4.53593337e+03  1.79992568e+02
 4.57088190e+03  4.63857069e+01  4.57088190e+03  1.79992511e+02
 4.60609969e+03  4.63857073e+01  4.60609969e+03  1.79992453e+02
 4.64158883e+03  4.63857074e+01  4.64158883e+03  1.79992395e+02
 4.67735141e+03  4.63857075e+01  4.67735141e+03  1.79992337e+02
 4.71338954e+03  4.63857077e+01  4.71338954e+03  1.79992278e+02
 4.74970533e+03  4.63857080e+01  4.74970533e+03  1.79992218e+02
 4.78630092e+03  4.63857083e+01  4.78630092e+03  1.79992158e+02
 4.82317848e+03  4.63857086e+01  4.82317848e+03  1.79992098e+02
 4.86034018e+03  4.63857090e+01  4.86034018e+03  1.79992037e+02
 4.89778819e+03  4.63857093e+01  4.89778819e+03  1.79991975e+02
 4.93552474e+03  4.63857094e+01  4.93552474e+03  1.79991914e+02
 4.97355204e+03  4.63857096e+01  4.97355204e+03  1.79991851e+02
 5.01187234e+03  4.63857100e+01  5.01187234e+03  1.79991788e+02
 5.05048788e+03  4.63857105e+01  5.05048788e+03  1.79991725e+02
 5.08940095e+03  4.63857106e+01  5.08940095e+03  1.79991661e+02
 5.12861384e+03  4.63857111e+01  5.12861384e+03  1.79991597e+02
 5.16812886e+03  4.63857113e+01  5.16812886e+03  1.79991532e+02
 5.20794833e+03  4.63857114e+01  5.20794833e+03  1.79991467e+02
 5.24807460e+03  4.63857119e+01  5.24807460e+03  1.79991401e+02
 5.28851004e+03  4.63857122e+01  5.28851004e+03  1.79991335e+02
 5.32925703e+03  4.63857126e+01  5.32925703e+03  1.79991268e+02
 5.37031796e+03  4.63857128e+01  5.37031796e+03  1.79991201e+02
 5.41169527e+03  4.63857134e+01  5.41169527e+03  1.79991133e+02
 5.45339137e+03  4.63857136e+01  5.45339137e+03  1.79991065e+02
 5.49540874e+03  4.63857140e+01  5.49540874e+03  1.79990996e+02
 5.53774984e+03  4.63857143e+01  5.53774984e+03  1.79990927e+02
 5.58041717e+03  4.63857149e+01  5.58041717e+03  1.79990857e+02
 5.62341325e+03  4.63857151e+01  5.62341325e+03  1.79990786e+02
 5.66674061e+03  4.63857155e+01  5.66674061e+03  1.79990715e+02
 5.71040179e+03  4.63857160e+01  5.71040179e+03  1.79990644e+02
 5.75439937e+03  4.63857162e+01  5.75439937e+03  1.79990572e+02
 5.79873595e+03  4.63857166e+01  5.79873595e+03  1.79990499e+02
 5.84341413e+03  4.63857170e+01  5.84341413e+03  1.79990426e+02
 5.88843655e+03  4.63857174e+01  5.88843655e+03  1.79990352e+02
 5.93380586e+03  4.63857179e+01  5.93380586e+03  1.79990278e+02
 5.97952473e+03  4.63857181e+01  5.97952473e+03  1.79990203e+02
 6.02559586e+03  4.63857187e+01  6.02559586e+03  1.79990127e+02
 6.07202196e+03  4.63857191e+01  6.07202196e+03  1.79990051e+02
 6.11880576e+03  4.63857198e+01  6.11880576e+03  1.79989975e+02
 6.16595002e+03  4.63857203e+01  6.16595002e+03  1.79989897e+02
 6.21345752e+03  4.63857207e+01  6.21345752e+03  1.79989820e+02
 6.26133105e+03  4.63857210e+01  6.26133105e+03  1.79989741e+02
 6.30957344e+03  4.63857214e+01  6.30957344e+03  1.79989662e+02
 6.35818754e+03  4.63857217e+01  6.35818754e+03  1.79989583e+02
 6.40717619e+03  4.63857221e+01  6.40717619e+03  1.79989502e+02
 6.45654229e+03  4.63857229e+01  6.45654229e+03  1.79989421e+02
 6.50628875e+03  4.63857234e+01  6.50628875e+03  1.79989340e+02
 6.55641849e+03  4.63857239e+01  6.55641849e+03  1.79989258e+02
 6.60693448e+03  4.63857241e+01  6.60693448e+03  1.79989175e+02
 6.65783968e+03  4.63857252e+01  6.65783968e+03  1.79989091e+02
 6.70913710e+03  4.63857255e+01  6.70913710e+03  1.79989008e+02
 6.76082975e+03  4.63857260e+01  6.76082975e+03  1.79988923e+02
 6.81292069e+03  4.63857265e+01  6.81292069e+03  1.79988837e+02
 6.86541298e+03  4.63857274e+01  6.86541298e+03  1.79988751e+02
 6.91830971e+03  4.63857277e+01  6.91830971e+03  1.79988665e+02
 6.97161400e+03  4.63857280e+01  6.97161400e+03  1.79988578e+02
 7.02532899e+03  4.63857288e+01  7.02532899e+03  1.79988489e+02
 7.07945784e+03  4.63857294e+01  7.07945784e+03  1.79988401e+02
 7.13400375e+03  4.63857297e+01  7.13400375e+03  1.79988312e+02
 7.18896992e+03  4.63857303e+01  7.18896992e+03  1.79988221e+02
 7.24435960e+03  4.63857312e+01  7.24435960e+03  1.79988131e+02
 7.30017605e+03  4.63857313e+01  7.30017605e+03  1.79988039e+02
 7.35642254e+03  4.63857328e+01  7.35642254e+03  1.79987947e+02
 7.41310241e+03  4.63857332e+01  7.41310241e+03  1.79987854e+02
 7.47021899e+03  4.63857335e+01  7.47021899e+03  1.79987761e+02
 7.52777564e+03  4.63857348e+01  7.52777564e+03  1.79987666e+02
 7.58577575e+03  4.63857355e+01  7.58577575e+03  1.79987571e+02
 7.64422274e+03  4.63857359e+01  7.64422274e+03  1.79987475e+02
 7.70312006e+03  4.63857369e+01  7.70312006e+03  1.79987379e+02
 7.76247117e+03  4.63857373e+01  7.76247117e+03  1.79987282e+02
 7.82227956e+03  4.63857380e+01  7.82227956e+03  1.79987184e+02
 7.88254877e+03  4.63857387e+01  7.88254877e+03  1.79987085e+02
 7.94328235e+03  4.63857395e+01  7.94328235e+03  1.79986985e+02
 8.00448386e+03  4.63857399e+01  8.00448386e+03  1.79986885e+02
 8.06615692e+03  4.63857410e+01  8.06615692e+03  1.79986784e+02
 8.12830516e+03  4.63857418e+01  8.12830516e+03  1.79986682e+02
 8.19093224e+03  4.63857430e+01  8.19093224e+03  1.79986580e+02
 8.25404185e+03  4.63857434e+01  8.25404185e+03  1.79986476e+02
 8.31763771e+03  4.63857438e+01  8.31763771e+03  1.79986372e+02
 8.38172356e+03  4.63857450e+01  8.38172356e+03  1.79986267e+02
 8.44630319e+03  4.63857459e+01  8.44630319e+03  1.79986161e+02
 8.51138038e+03  4.63857463e+01  8.51138038e+03  1.79986055e+02
 8.57695899e+03  4.63857480e+01  8.57695899e+03  1.79985947e+02
 8.64304286e+03  4.63857485e+01  8.64304286e+03  1.79985839e+02
 8.70963590e+03  4.63857498e+01  8.70963590e+03  1.79985730e+02
 8.77674203e+03  4.63857503e+01  8.77674203e+03  1.79985620e+02
 8.84436519e+03  4.63857508e+01  8.84436519e+03  1.79985509e+02
 8.91250938e+03  4.63857521e+01  8.91250938e+03  1.79985397e+02
 8.98117861e+03  4.63857526e+01  8.98117861e+03  1.79985285e+02
 9.05037692e+03  4.63857536e+01  9.05037692e+03  1.79985172e+02
 9.12010839e+03  4.63857550e+01  9.12010839e+03  1.79985057e+02
 9.19037713e+03  4.63857556e+01  9.19037713e+03  1.79984942e+02
 9.26118728e+03  4.63857571e+01  9.26118728e+03  1.79984826e+02
 9.33254301e+03  4.63857586e+01  9.33254301e+03  1.79984709e+02
 9.40444852e+03  4.63857596e+01  9.40444852e+03  1.79984591e+02
 9.47690805e+03  4.63857602e+01  9.47690805e+03  1.79984473e+02
 9.54992586e+03  4.63857613e+01  9.54992586e+03  1.79984353e+02
 9.62350626e+03  4.63857629e+01  9.62350626e+03  1.79984232e+02
 9.69765359e+03  4.63857635e+01  9.69765359e+03  1.79984111e+02
 9.77237221e+03  4.63857640e+01  9.77237221e+03  1.79983989e+02
 9.84766652e+03  4.63857657e+01  9.84766652e+03  1.79983865e+02
 9.92354096e+03  4.63857663e+01  9.92354096e+03  1.79983741e+02
 1.00000000e+04  4.63857681e+01  1.00000000e+04  1.79983616e+02
 1.00770481e+04  4.63857693e+01  1.00770481e+04  1.79983489e+02
 1.01546899e+04  4.63857711e+01  1.01546899e+04  1.79983362e+02
 1.02329299e+04  4.63857717e+01  1.02329299e+04  1.79983234e+02
 1.03117727e+04  4.63857730e+01  1.03117727e+04  1.79983105e+02
 1.03912230e+04  4.63857736e+01  1.03912230e+04  1.79982975e+02
 1.04712855e+04  4.63857756e+01  1.04712855e+04  1.79982843e+02
 1.05519648e+04  4.63857762e+01  1.05519648e+04  1.79982711e+02
 1.06332657e+04  4.63857782e+01  1.06332657e+04  1.79982578e+02
 1.07151931e+04  4.63857789e+01  1.07151931e+04  1.79982444e+02
 1.07977516e+04  4.63857810e+01  1.07977516e+04  1.79982308e+02
 1.08809463e+04  4.63857824e+01  1.08809463e+04  1.79982172e+02
 1.09647820e+04  4.63857838e+01  1.09647820e+04  1.79982035e+02
 1.10492636e+04  4.63857859e+01  1.10492636e+04  1.79981896e+02
 1.11343961e+04  4.63857860e+01  1.11343961e+04  1.79981757e+02
 1.12201845e+04  4.63857882e+01  1.12201845e+04  1.79981616e+02
 1.13066340e+04  4.63857897e+01  1.13066340e+04  1.79981475e+02
 1.13937495e+04  4.63857905e+01  1.13937495e+04  1.79981332e+02
 1.14815362e+04  4.63857935e+01  1.14815362e+04  1.79981188e+02
 1.15699993e+04  4.63857936e+01  1.15699993e+04  1.79981043e+02
 1.16591440e+04  4.63857960e+01  1.16591440e+04  1.79980897e+02
 1.17489755e+04  4.63857976e+01  1.17489755e+04  1.79980750e+02
 1.18394992e+04  4.63857984e+01  1.18394992e+04  1.79980602e+02
 1.19307204e+04  4.63858018e+01  1.19307204e+04  1.79980452e+02
 1.20226443e+04  4.63858026e+01  1.20226443e+04  1.79980301e+02
 1.21152766e+04  4.63858044e+01  1.21152766e+04  1.79980150e+02
 1.22086225e+04  4.63858070e+01  1.22086225e+04  1.79979996e+02
 1.23026877e+04  4.63858079e+01  1.23026877e+04  1.79979843e+02
 1.23974776e+04  4.63858097e+01  1.23974776e+04  1.79979687e+02
 1.24929979e+04  4.63858125e+01  1.24929979e+04  1.79979531e+02
 1.25892541e+04  4.63858134e+01  1.25892541e+04  1.79979373e+02
 1.26862520e+04  4.63858153e+01  1.26862520e+04  1.79979214e+02
 1.27839972e+04  4.63858173e+01  1.27839972e+04  1.79979054e+02
 1.28824955e+04  4.63858192e+01  1.28824955e+04  1.79978892e+02
 1.29817528e+04  4.63858212e+01  1.29817528e+04  1.79978730e+02
 1.30817747e+04  4.63858232e+01  1.30817747e+04  1.79978566e+02
 1.31825674e+04  4.63858253e+01  1.31825674e+04  1.79978401e+02
 1.32841366e+04  4.63858274e+01  1.32841366e+04  1.79978234e+02
 1.33864884e+04  4.63858285e+01  1.33864884e+04  1.79978067e+02
 1.34896288e+04  4.63858316e+01  1.34896288e+04  1.79977898e+02
 1.35935639e+04  4.63858338e+01  1.35935639e+04  1.79977727e+02
 1.36982998e+04  4.63858360e+01  1.36982998e+04  1.79977556e+02
 1.38038426e+04  4.63858383e+01  1.38038426e+04  1.79977383e+02
 1.39101987e+04  4.63858406e+01  1.39101987e+04  1.79977209e+02
 1.40173742e+04  4.63858429e+01  1.40173742e+04  1.79977033e+02
 1.41253754e+04  4.63858441e+01  1.41253754e+04  1.79976856e+02
 1.42342088e+04  4.63858465e+01  1.42342088e+04  1.79976678e+02
 1.43438808e+04  4.63858501e+01  1.43438808e+04  1.79976498e+02
 1.44543977e+04  4.63858513e+01  1.44543977e+04  1.79976317e+02
 1.45657662e+04  4.63858563e+01  1.45657662e+04  1.79976134e+02
 1.46779927e+04  4.63858576e+01  1.46779927e+04  1.79975950e+02
 1.47910839e+04  4.63858589e+01  1.47910839e+04  1.79975765e+02
 1.49050464e+04  4.63858615e+01  1.49050464e+04  1.79975579e+02
 1.50198870e+04  4.63858642e+01  1.50198870e+04  1.79975390e+02
 1.51356125e+04  4.63858695e+01  1.51356125e+04  1.79975200e+02
 1.52522296e+04  4.63858696e+01  1.52522296e+04  1.79975010e+02
 1.53697452e+04  4.63858723e+01  1.53697452e+04  1.79974817e+02
 1.54881662e+04  4.63858766e+01  1.54881662e+04  1.79974623e+02
 1.56074996e+04  4.63858780e+01  1.56074996e+04  1.79974428e+02
 1.57277525e+04  4.63858824e+01  1.57277525e+04  1.79974230e+02
 1.58489319e+04  4.63858868e+01  1.58489319e+04  1.79974031e+02
 1.59710450e+04  4.63858898e+01  1.59710450e+04  1.79973831e+02
 1.60940989e+04  4.63858929e+01  1.60940989e+04  1.79973630e+02
 1.62181010e+04  4.63858960e+01  1.62181010e+04  1.79973427e+02
 1.63430584e+04  4.63858992e+01  1.63430584e+04  1.79973222e+02
 1.64689787e+04  4.63859009e+01  1.64689787e+04  1.79973016e+02
 1.65958691e+04  4.63859041e+01  1.65958691e+04  1.79972808e+02
 1.67237372e+04  4.63859090e+01  1.67237372e+04  1.79972598e+02
 1.68525904e+04  4.63859108e+01  1.68525904e+04  1.79972387e+02
 1.69824365e+04  4.63859142e+01  1.69824365e+04  1.79972174e+02
 1.71132830e+04  4.63859193e+01  1.71132830e+04  1.79971960e+02
 1.72451377e+04  4.63859211e+01  1.72451377e+04  1.79971744e+02
 1.73780083e+04  4.63859247e+01  1.73780083e+04  1.79971526e+02
 1.75119026e+04  4.63859283e+01  1.75119026e+04  1.79971307e+02
 1.76468286e+04  4.63859320e+01  1.76468286e+04  1.79971086e+02
 1.77827941e+04  4.63859357e+01  1.77827941e+04  1.79970863e+02
 1.79198072e+04  4.63859395e+01  1.79198072e+04  1.79970638e+02
 1.80578760e+04  4.63859434e+01  1.80578760e+04  1.79970412e+02
 1.81970086e+04  4.63859473e+01  1.81970086e+04  1.79970184e+02
 1.83372132e+04  4.63859513e+01  1.83372132e+04  1.79969954e+02
 1.84784980e+04  4.63859553e+01  1.84784980e+04  1.79969723e+02
 1.86208714e+04  4.63859574e+01  1.86208714e+04  1.79969490e+02
 1.87643417e+04  4.63859656e+01  1.87643417e+04  1.79969254e+02
 1.89089175e+04  4.63859678e+01  1.89089175e+04  1.79969017e+02
 1.90546072e+04  4.63859721e+01  1.90546072e+04  1.79968779e+02
 1.92014194e+04  4.63859764e+01  1.92014194e+04  1.79968538e+02
 1.93493628e+04  4.63859787e+01  1.93493628e+04  1.79968296e+02
 1.94984460e+04  4.63859853e+01  1.94984460e+04  1.79968051e+02
 1.96486779e+04  4.63859877e+01  1.96486779e+04  1.79967806e+02
 1.98000673e+04  4.63859923e+01  1.98000673e+04  1.79967557e+02
 1.99526231e+04  4.63859992e+01  1.99526231e+04  1.79967307e+02
 2.01063544e+04  4.63860064e+01  2.01063544e+04  1.79967055e+02
 2.02612701e+04  4.63860089e+01  2.02612701e+04  1.79966801e+02
 2.04173794e+04  4.63860138e+01  2.04173794e+04  1.79966546e+02
 2.05746916e+04  4.63860188e+01  2.05746916e+04  1.79966288e+02
 2.07332157e+04  4.63860264e+01  2.07332157e+04  1.79966028e+02
 2.08929613e+04  4.63860316e+01  2.08929613e+04  1.79965766e+02
 2.10539377e+04  4.63860317e+01  2.10539377e+04  1.79965503e+02
 2.12161544e+04  4.63860369e+01  2.12161544e+04  1.79965237e+02
 2.13796209e+04  4.63860450e+01  2.13796209e+04  1.79964969e+02
 2.15443469e+04  4.63860532e+01  2.15443469e+04  1.79964698e+02
 2.17103421e+04  4.63860560e+01  2.17103421e+04  1.79964427e+02
 2.18776162e+04  4.63860645e+01  2.18776162e+04  1.79964152e+02
 2.20461792e+04  4.63860702e+01  2.20461792e+04  1.79963876e+02
 2.22160409e+04  4.63860704e+01  2.22160409e+04  1.79963598e+02
 2.23872114e+04  4.63860792e+01  2.23872114e+04  1.79963317e+02
 2.25597007e+04  4.63860852e+01  2.25597007e+04  1.79963035e+02
 2.27335190e+04  4.63860943e+01  2.27335190e+04  1.79962750e+02
 2.29086765e+04  4.63861005e+01  2.29086765e+04  1.79962462e+02
 2.30851836e+04  4.63861038e+01  2.30851836e+04  1.79962174e+02
 2.32630507e+04  4.63861102e+01  2.32630507e+04  1.79961882e+02
 2.34422882e+04  4.63861198e+01  2.34422882e+04  1.79961588e+02
 2.36229066e+04  4.63861200e+01  2.36229066e+04  1.79961293e+02
 2.38049167e+04  4.63861332e+01  2.38049167e+04  1.79960994e+02
 2.39883292e+04  4.63861367e+01  2.39883292e+04  1.79960693e+02
 2.41731548e+04  4.63861436e+01  2.41731548e+04  1.79960391e+02
 2.43594045e+04  4.63861506e+01  2.43594045e+04  1.79960085e+02
 2.45470892e+04  4.63861578e+01  2.45470892e+04  1.79959778e+02
 2.47362199e+04  4.63861650e+01  2.47362199e+04  1.79959468e+02
 2.49268079e+04  4.63861759e+01  2.49268079e+04  1.79959155e+02
 2.51188643e+04  4.63861798e+01  2.51188643e+04  1.79958841e+02
 2.53124005e+04  4.63861873e+01  2.53124005e+04  1.79958523e+02
 2.55074278e+04  4.63861950e+01  2.55074278e+04  1.79958204e+02
 2.57039578e+04  4.63861990e+01  2.57039578e+04  1.79957882e+02
 2.59020020e+04  4.63862069e+01  2.59020020e+04  1.79957558e+02
 2.61015722e+04  4.63862188e+01  2.61015722e+04  1.79957230e+02
 2.63026799e+04  4.63862270e+01  2.63026799e+04  1.79956900e+02
 2.65053372e+04  4.63862312e+01  2.65053372e+04  1.79956569e+02
 2.67095559e+04  4.63862437e+01  2.67095559e+04  1.79956234e+02
 2.69153480e+04  4.63862523e+01  2.69153480e+04  1.79955896e+02
 2.71227258e+04  4.63862609e+01  2.71227258e+04  1.79955556e+02
 2.73317014e+04  4.63862654e+01  2.73317014e+04  1.79955214e+02
 2.75422870e+04  4.63862787e+01  2.75422870e+04  1.79954869e+02
 2.77544952e+04  4.63862923e+01  2.77544952e+04  1.79954520e+02
 2.79683385e+04  4.63862971e+01  2.79683385e+04  1.79954170e+02
 2.81838293e+04  4.63863065e+01  2.81838293e+04  1.79953817e+02
 2.84009805e+04  4.63863207e+01  2.84009805e+04  1.79953461e+02
 2.86198048e+04  4.63863257e+01  2.86198048e+04  1.79953103e+02
 2.88403150e+04  4.63863355e+01  2.88403150e+04  1.79952741e+02
 2.90625243e+04  4.63863405e+01  2.90625243e+04  1.79952377e+02
 2.92864456e+04  4.63863506e+01  2.92864456e+04  1.79952010e+02
 2.95120923e+04  4.63863709e+01  2.95120923e+04  1.79951640e+02
 2.97394775e+04  4.63863763e+01  2.97394775e+04  1.79951267e+02
 2.99686146e+04  4.63863869e+01  2.99686146e+04  1.79950892e+02
 3.01995172e+04  4.63863924e+01  3.01995172e+04  1.79950514e+02
 3.04321989e+04  4.63864086e+01  3.04321989e+04  1.79950132e+02
 3.06666733e+04  4.63864198e+01  3.06666733e+04  1.79949748e+02
 3.09029543e+04  4.63864421e+01  3.09029543e+04  1.79949359e+02
 3.11410558e+04  4.63864425e+01  3.11410558e+04  1.79948970e+02
 3.13809919e+04  4.63864541e+01  3.13809919e+04  1.79948577e+02
 3.16227766e+04  4.63864718e+01  3.16227766e+04  1.79948180e+02
 3.18664242e+04  4.63864779e+01  3.18664242e+04  1.79947781e+02
 3.21119491e+04  4.63864901e+01  3.21119491e+04  1.79947379e+02
 3.23593657e+04  4.63865025e+01  3.23593657e+04  1.79946973e+02
 3.26086886e+04  4.63865088e+01  3.26086886e+04  1.79946565e+02
 3.28599325e+04  4.63865215e+01  3.28599325e+04  1.79946153e+02
 3.31131121e+04  4.63865471e+01  3.31131121e+04  1.79945737e+02
 3.33682425e+04  4.63865604e+01  3.33682425e+04  1.79945319e+02
 3.36253386e+04  4.63865738e+01  3.36253386e+04  1.79944897e+02
 3.38844156e+04  4.63865808e+01  3.38844156e+04  1.79944473e+02
 3.41454887e+04  4.63865946e+01  3.41454887e+04  1.79944045e+02
 3.44085734e+04  4.63866086e+01  3.44085734e+04  1.79943614e+02
 3.46736850e+04  4.63866228e+01  3.46736850e+04  1.79943179e+02
 3.49408393e+04  4.63866301e+01  3.49408393e+04  1.79942742e+02
 3.52100520e+04  4.63866446e+01  3.52100520e+04  1.79942300e+02
 3.54813389e+04  4.63866740e+01  3.54813389e+04  1.79941854e+02
 3.57547160e+04  4.63866893e+01  3.57547160e+04  1.79941406e+02
 3.60301995e+04  4.63867047e+01  3.60301995e+04  1.79940955e+02
 3.63078055e+04  4.63867127e+01  3.63078055e+04  1.79940500e+02
 3.65875504e+04  4.63867285e+01  3.65875504e+04  1.79940041e+02
 3.68694506e+04  4.63867367e+01  3.68694506e+04  1.79939580e+02
 3.71535229e+04  4.63867609e+01  3.71535229e+04  1.79939114e+02
 3.74397839e+04  4.63867774e+01  3.74397839e+04  1.79938644e+02
 3.77282505e+04  4.63868025e+01  3.77282505e+04  1.79938171e+02
 3.80189396e+04  4.63868197e+01  3.80189396e+04  1.79937694e+02
 3.83118685e+04  4.63868287e+01  3.83118685e+04  1.79937214e+02
 3.86070543e+04  4.63868636e+01  3.86070543e+04  1.79936729e+02
 3.89045145e+04  4.63868642e+01  3.89045145e+04  1.79936243e+02
 3.92042666e+04  4.63869002e+01  3.92042666e+04  1.79935750e+02
 3.95063281e+04  4.63868917e+01  3.95063281e+04  1.79935257e+02
 3.98107171e+04  4.63869287e+01  3.98107171e+04  1.79934756e+02
 4.01174512e+04  4.63869479e+01  4.01174512e+04  1.79934253e+02
 4.04265487e+04  4.63869483e+01  4.04265487e+04  1.79933748e+02
 4.07380278e+04  4.63869774e+01  4.07380278e+04  1.79933236e+02
 4.10519067e+04  4.63869973e+01  4.10519067e+04  1.79932722e+02
 4.13682040e+04  4.63870175e+01  4.13682040e+04  1.79932203e+02
 4.16869383e+04  4.63870380e+01  4.16869383e+04  1.79931680e+02
 4.20081285e+04  4.63870486e+01  4.20081285e+04  1.79931154e+02
 4.23317933e+04  4.63870801e+01  4.23317933e+04  1.79930623e+02
 4.26579519e+04  4.63871122e+01  4.26579519e+04  1.79930087e+02
 4.29866235e+04  4.63871126e+01  4.29866235e+04  1.79929550e+02
 4.33178274e+04  4.63871346e+01  4.33178274e+04  1.79929007e+02
 4.36515832e+04  4.63871681e+01  4.36515832e+04  1.79928459e+02
 4.39879106e+04  4.63872022e+01  4.39879106e+04  1.79927906e+02
 4.43268292e+04  4.63872027e+01  4.43268292e+04  1.79927352e+02
 4.46683592e+04  4.63872261e+01  4.46683592e+04  1.79926792e+02
 4.50125206e+04  4.63872498e+01  4.50125206e+04  1.79926228e+02
 4.53593337e+04  4.63872859e+01  4.53593337e+04  1.79925658e+02
 4.57088190e+04  4.63873228e+01  4.57088190e+04  1.79925084e+02
 4.60609969e+04  4.63873357e+01  4.60609969e+04  1.79924507e+02
 4.64158883e+04  4.63873486e+01  4.64158883e+04  1.79923926e+02
 4.67735141e+04  4.63873870e+01  4.67735141e+04  1.79923339e+02
 4.71338954e+04  4.63874132e+01  4.71338954e+04  1.79922748e+02
 4.74970533e+04  4.63874267e+01  4.74970533e+04  1.79922153e+02
 4.78630092e+04  4.63874803e+01  4.78630092e+04  1.79921551e+02
 4.82317848e+04  4.63874944e+01  4.82317848e+04  1.79920947e+02
 4.86034018e+04  4.63875086e+01  4.86034018e+04  1.79920338e+02
 4.89778819e+04  4.63875367e+01  4.89778819e+04  1.79919724e+02
 4.93552474e+04  4.63875794e+01  4.93552474e+04  1.79919104e+02
 4.97355204e+04  4.63876087e+01  4.97355204e+04  1.79918480e+02
 5.01187234e+04  4.63876383e+01  5.01187234e+04  1.79917852e+02
 5.05048788e+04  4.63876536e+01  5.05048788e+04  1.79917219e+02
 5.08940095e+04  4.63876991e+01  5.08940095e+04  1.79916580e+02
 5.12861384e+04  4.63877301e+01  5.12861384e+04  1.79915937e+02
 5.16812886e+04  4.63877617e+01  5.16812886e+04  1.79915288e+02
 5.20794833e+04  4.63877937e+01  5.20794833e+04  1.79914635e+02
 5.24807460e+04  4.63878103e+01  5.24807460e+04  1.79913978e+02
 5.28851004e+04  4.63878430e+01  5.28851004e+04  1.79913314e+02
 5.32925703e+04  4.63879094e+01  5.32925703e+04  1.79912644e+02
 5.37031796e+04  4.63879270e+01  5.37031796e+04  1.79911971e+02
 5.41169527e+04  4.63879615e+01  5.41169527e+04  1.79911293e+02
 5.45339137e+04  4.63879794e+01  5.45339137e+04  1.79910609e+02
 5.49540874e+04  4.63880499e+01  5.49540874e+04  1.79909918e+02
 5.53774984e+04  4.63880686e+01  5.53774984e+04  1.79909224e+02
 5.58041717e+04  4.63880873e+01  5.58041717e+04  1.79908525e+02
 5.62341325e+04  4.63881427e+01  5.62341325e+04  1.79907819e+02
 5.66674061e+04  4.63881807e+01  5.66674061e+04  1.79907108e+02
 5.71040179e+04  4.63882192e+01  5.71040179e+04  1.79906391e+02
 5.75439937e+04  4.63882583e+01  5.75439937e+04  1.79905669e+02
 5.79873595e+04  4.63883176e+01  5.79873595e+04  1.79904941e+02
 5.84341413e+04  4.63883384e+01  5.84341413e+04  1.79904208e+02
 5.88843655e+04  4.63883793e+01  5.88843655e+04  1.79903470e+02
 5.93380586e+04  4.63884414e+01  5.93380586e+04  1.79902724e+02
 5.97952473e+04  4.63884840e+01  5.97952473e+04  1.79901973e+02
 6.02559586e+04  4.63884849e+01  6.02559586e+04  1.79901219e+02
 6.07202196e+04  4.63885497e+01  6.07202196e+04  1.79900457e+02
 6.11880576e+04  4.63886157e+01  6.11880576e+04  1.79899687e+02
 6.16595002e+04  4.63886166e+01  6.16595002e+04  1.79898916e+02
 6.21345752e+04  4.63886844e+01  6.21345752e+04  1.79898135e+02
 6.26133105e+04  4.63887079e+01  6.26133105e+04  1.79897350e+02
 6.30957344e+04  4.63887778e+01  6.30957344e+04  1.79896557e+02
 6.35818754e+04  4.63888255e+01  6.35818754e+04  1.79895759e+02
 6.40717619e+04  4.63888502e+01  6.40717619e+04  1.79894956e+02
 6.45654229e+04  4.63889233e+01  6.45654229e+04  1.79894145e+02
 6.50628875e+04  4.63889486e+01  6.50628875e+04  1.79893329e+02
 6.55641849e+04  4.63890241e+01  6.55641849e+04  1.79892505e+02
 6.60693448e+04  4.63890757e+01  6.60693448e+04  1.79891676e+02
 6.65783968e+04  4.63891538e+01  6.65783968e+04  1.79890839e+02
 6.70913710e+04  4.63892074e+01  6.70913710e+04  1.79889996e+02
 6.76082975e+04  4.63892619e+01  6.76082975e+04  1.79889147e+02
 6.81292069e+04  4.63892631e+01  6.81292069e+04  1.79888294e+02
 6.86541298e+04  4.63893458e+01  6.86541298e+04  1.79887432e+02
 6.91830971e+04  4.63894302e+01  6.91830971e+04  1.79886561e+02
 6.97161400e+04  4.63894598e+01  6.97161400e+04  1.79885688e+02
 7.02532899e+04  4.63895468e+01  7.02532899e+04  1.79884804e+02
 7.07945784e+04  4.63895773e+01  7.07945784e+04  1.79883917e+02
 7.13400375e+04  4.63896374e+01  7.13400375e+04  1.79883021e+02
 7.18896992e+04  4.63896684e+01  7.18896992e+04  1.79882119e+02
 7.24435960e+04  4.63897910e+01  7.24435960e+04  1.79881207e+02
 7.30017605e+04  4.63898235e+01  7.30017605e+04  1.79880291e+02
 7.35642254e+04  4.63898874e+01  7.35642254e+04  1.79879367e+02
 7.41310241e+04  4.63898884e+01  7.41310241e+04  1.79878438e+02
 7.47021899e+04  4.63900508e+01  7.47021899e+04  1.79877496e+02
 7.52777564e+04  4.63900853e+01  7.52777564e+04  1.79876553e+02
 7.58577575e+04  4.63901198e+01  7.58577575e+04  1.79875601e+02
 7.64422274e+04  4.63902564e+01  7.64422274e+04  1.79874638e+02
 7.70312006e+04  4.63902925e+01  7.70312006e+04  1.79873672e+02
 7.76247117e+04  4.63903637e+01  7.76247117e+04  1.79872697e+02
 7.82227956e+04  4.63904004e+01  7.82227956e+04  1.79871715e+02
 7.88254877e+04  4.63905456e+01  7.88254877e+04  1.79870722e+02
 7.94328235e+04  4.63905472e+01  7.94328235e+04  1.79869726e+02
 8.00448386e+04  4.63906596e+01  8.00448386e+04  1.79868720e+02
 8.06615692e+04  4.63907366e+01  8.06615692e+04  1.79867706e+02
 8.12830516e+04  4.63907377e+01  8.12830516e+04  1.79866686e+02
 8.19093224e+04  4.63908940e+01  8.19093224e+04  1.79865655e+02
 8.25404185e+04  4.63909744e+01  8.25404185e+04  1.79864618e+02
 8.31763771e+04  4.63910561e+01  8.31763771e+04  1.79863573e+02
 8.38172356e+04  4.63911392e+01  8.38172356e+04  1.79862519e+02
 8.44630319e+04  4.63912236e+01  8.44630319e+04  1.79861457e+02
 8.51138038e+04  4.63912669e+01  8.51138038e+04  1.79860389e+02
 8.57695899e+04  4.63913961e+01  8.57695899e+04  1.79859309e+02
 8.64304286e+04  4.63914844e+01  8.64304286e+04  1.79858223e+02
 8.70963590e+04  4.63916182e+01  8.70963590e+04  1.79857126e+02
 8.77674203e+04  4.63916651e+01  8.77674203e+04  1.79856024e+02
 8.84436519e+04  4.63917576e+01  8.84436519e+04  1.79854912e+02
 8.91250938e+04  4.63918052e+01  8.91250938e+04  1.79853793e+02
 8.98117861e+04  4.63919467e+01  8.98117861e+04  1.79852662e+02
 9.05037692e+04  4.63920436e+01  9.05037692e+04  1.79851524e+02
 9.12010839e+04  4.63921419e+01  9.12010839e+04  1.79850377e+02
 9.19037713e+04  4.63921925e+01  9.19037713e+04  1.79849222e+02
 9.26118728e+04  4.63923930e+01  9.26118728e+04  1.79848054e+02
 9.33254301e+04  4.63923953e+01  9.33254301e+04  1.79846884e+02
 9.40444852e+04  4.63925506e+01  9.40444852e+04  1.79845699e+02
 9.47690805e+04  4.63926045e+01  9.47690805e+04  1.79844508e+02
 9.54992586e+04  4.63928177e+01  9.54992586e+04  1.79843303e+02
 9.62350626e+04  4.63928201e+01  9.62350626e+04  1.79842096e+02
 9.69765359e+04  4.63929304e+01  9.69765359e+04  1.79840876e+02
 9.77237221e+04  4.63930981e+01  9.77237221e+04  1.79839645e+02
 9.84766652e+04  4.63932127e+01  9.84766652e+04  1.79838406e+02
 9.92354096e+04  4.63933864e+01  9.92354096e+04  1.79837154e+02
 1.00000000e+05  4.63933890e+01  1.00000000e+05  1.79835899e+02
 1.00770481e+05  4.63935082e+01  1.00770481e+05  1.79834631e+02
 1.01546899e+05  4.63937493e+01  1.01546899e+05  1.79833348e+02
 1.02329299e+05  4.63937521e+01  1.02329299e+05  1.79832064e+02
 1.03117727e+05  4.63939387e+01  1.03117727e+05  1.79830765e+02
 1.03912230e+05  4.63941292e+01  1.03912230e+05  1.79829453e+02
 1.04712855e+05  4.63941960e+01  1.04712855e+05  1.79828138e+02
 1.05519648e+05  4.63942629e+01  1.05519648e+05  1.79826810e+02
 1.06332657e+05  4.63944614e+01  1.06332657e+05  1.79825470e+02
 1.07151931e+05  4.63945970e+01  1.07151931e+05  1.79824120e+02
 1.07977516e+05  4.63947349e+01  1.07977516e+05  1.79822760e+02
 1.08809463e+05  4.63948749e+01  1.08809463e+05  1.79821389e+02
 1.09647820e+05  4.63950171e+01  1.09647820e+05  1.79820008e+02
 1.10492636e+05  4.63950904e+01  1.10492636e+05  1.79818617e+02
 1.11343961e+05  4.63953080e+01  1.11343961e+05  1.79817213e+02
 1.12201845e+05  4.63954569e+01  1.12201845e+05  1.79815799e+02
 1.13066340e+05  4.63956079e+01  1.13066340e+05  1.79814374e+02
 1.13937495e+05  4.63956859e+01  1.13937495e+05  1.79812939e+02
 1.14815362e+05  4.63959942e+01  1.14815362e+05  1.79811487e+02
 1.15699993e+05  4.63961535e+01  1.15699993e+05  1.79810028e+02
 1.16591440e+05  4.63962364e+01  1.16591440e+05  1.79808562e+02
 1.17489755e+05  4.63964800e+01  1.17489755e+05  1.79807077e+02
 1.18394992e+05  4.63964838e+01  1.18394992e+05  1.79805589e+02
 1.19307204e+05  4.63967337e+01  1.19307204e+05  1.79804083e+02
 1.20226443e+05  4.63969046e+01  1.20226443e+05  1.79802567e+02
 1.21152766e+05  4.63970783e+01  1.21152766e+05  1.79801038e+02
 1.22086225e+05  4.63973413e+01  1.22086225e+05  1.79799494e+02
 1.23026877e+05  4.63973454e+01  1.23026877e+05  1.79797947e+02
 1.23974776e+05  4.63976153e+01  1.23974776e+05  1.79796382e+02
 1.24929979e+05  4.63978908e+01  1.24929979e+05  1.79794801e+02
 1.25892541e+05  4.63979873e+01  1.25892541e+05  1.79793216e+02
 1.26862520e+05  4.63981777e+01  1.26862520e+05  1.79791615e+02
 1.27839972e+05  4.63984660e+01  1.27839972e+05  1.79789996e+02
 1.28824955e+05  4.63986640e+01  1.28824955e+05  1.79788370e+02
 1.29817528e+05  4.63987665e+01  1.29817528e+05  1.79786735e+02
 1.30817747e+05  4.63989692e+01  1.30817747e+05  1.79785083e+02
 1.31825674e+05  4.63991747e+01  1.31825674e+05  1.79783418e+02
 1.32841366e+05  4.63992806e+01  1.32841366e+05  1.79781742e+02
 1.33864884e+05  4.63995953e+01  1.33864884e+05  1.79780049e+02
 1.34896288e+05  4.63998107e+01  1.34896288e+05  1.79778345e+02
 1.35935639e+05  4.64000293e+01  1.35935639e+05  1.79776627e+02
 1.36982998e+05  4.64001418e+01  1.36982998e+05  1.79774897e+02
 1.38038426e+05  4.64003658e+01  1.38038426e+05  1.79773152e+02
 1.39101987e+05  4.64008182e+01  1.39101987e+05  1.79771387e+02
 1.40173742e+05  4.64009383e+01  1.40173742e+05  1.79769620e+02
 1.41253754e+05  4.64011740e+01  1.41253754e+05  1.79767834e+02
 1.42342088e+05  4.64014139e+01  1.42342088e+05  1.79766034e+02
 1.43438808e+05  4.64018969e+01  1.43438808e+05  1.79764202e+02
 1.44543977e+05  4.64020260e+01  1.44543977e+05  1.79762384e+02
 1.45657662e+05  4.64022792e+01  1.45657662e+05  1.79760541e+02
 1.46779927e+05  4.64024104e+01  1.46779927e+05  1.79758690e+02
 1.47910839e+05  4.64026693e+01  1.47910839e+05  1.79756818e+02
 1.49050464e+05  4.64029325e+01  1.49050464e+05  1.79754931e+02
 1.50198870e+05  4.64031994e+01  1.50198870e+05  1.79753029e+02
 1.51356125e+05  4.64034705e+01  1.51356125e+05  1.79751113e+02
 1.52522296e+05  4.64036101e+01  1.52522296e+05  1.79749182e+02
 1.53697452e+05  4.64040253e+01  1.53697452e+05  1.79747234e+02
 1.54881662e+05  4.64041695e+01  1.54881662e+05  1.79745273e+02
 1.56074996e+05  4.64047393e+01  1.56074996e+05  1.79743287e+02
 1.57277525e+05  4.64047461e+01  1.57277525e+05  1.79741302e+02
 1.58489319e+05  4.64051877e+01  1.58489319e+05  1.79739292e+02
 1.59710450e+05  4.64054897e+01  1.59710450e+05  1.79737267e+02
 1.60940989e+05  4.64056452e+01  1.60940989e+05  1.79735227e+02
 1.62181010e+05  4.64059545e+01  1.62181010e+05  1.79733170e+02
 1.63430584e+05  4.64064234e+01  1.63430584e+05  1.79731096e+02
 1.64689787e+05  4.64067446e+01  1.64689787e+05  1.79729006e+02
 1.65958691e+05  4.64073912e+01  1.65958691e+05  1.79726875e+02
 1.67237372e+05  4.64075647e+01  1.67237372e+05  1.79724769e+02
 1.68525904e+05  4.64079033e+01  1.68525904e+05  1.79722629e+02
 1.69824365e+05  4.64080796e+01  1.69824365e+05  1.79720481e+02
 1.71132830e+05  4.64085970e+01  1.71132830e+05  1.79718298e+02
 1.72451377e+05  4.64086054e+01  1.72451377e+05  1.79716118e+02
 1.73780083e+05  4.64091360e+01  1.73780083e+05  1.79713909e+02
 1.75119026e+05  4.64094990e+01  1.75119026e+05  1.79711683e+02
 1.76468286e+05  4.64098680e+01  1.76468286e+05  1.79709440e+02
 1.77827941e+05  4.64102427e+01  1.77827941e+05  1.79707179e+02
 1.79198072e+05  4.64106229e+01  1.79198072e+05  1.79704900e+02
 1.80578760e+05  4.64110094e+01  1.80578760e+05  1.79702603e+02
 1.81970086e+05  4.64112087e+01  1.81970086e+05  1.79700288e+02
 1.83372132e+05  4.64118000e+01  1.83372132e+05  1.79697953e+02
 1.84784980e+05  4.64122046e+01  1.84784980e+05  1.79695601e+02
 1.86208714e+05  4.64124132e+01  1.86208714e+05  1.79693231e+02
 1.87643417e+05  4.64130324e+01  1.87643417e+05  1.79690840e+02
 1.89089175e+05  4.64132480e+01  1.89089175e+05  1.79688432e+02
 1.90546072e+05  4.64136747e+01  1.90546072e+05  1.79686004e+02
 1.92014194e+05  4.64143229e+01  1.92014194e+05  1.79683556e+02
 1.93493628e+05  4.64147665e+01  1.93493628e+05  1.79681089e+02
 1.94984460e+05  4.64149958e+01  1.94984460e+05  1.79678602e+02
 1.96486779e+05  4.64156746e+01  1.96486779e+05  1.79676095e+02
 1.98000673e+05  4.64161395e+01  1.98000673e+05  1.79673569e+02
 1.99526231e+05  4.64168430e+01  1.99526231e+05  1.79671009e+02
 2.01063544e+05  4.64173254e+01  2.01063544e+05  1.79668441e+02
 2.02612701e+05  4.64175770e+01  2.02612701e+05  1.79665867e+02
 2.04173794e+05  4.64178283e+01  2.04173794e+05  1.79663259e+02
 2.05746916e+05  4.64185725e+01  2.05746916e+05  1.79660630e+02
 2.07332157e+05  4.64190820e+01  2.07332157e+05  1.79657980e+02
 2.08929613e+05  4.64195998e+01  2.08929613e+05  1.79655308e+02
 2.10539377e+05  4.64201255e+01  2.10539377e+05  1.79652615e+02
 2.12161544e+05  4.64206593e+01  2.12161544e+05  1.79649900e+02
 2.13796209e+05  4.64209350e+01  2.13796209e+05  1.79647164e+02
 2.15443469e+05  4.64217519e+01  2.15443469e+05  1.79644406e+02
 2.17103421e+05  4.64220363e+01  2.17103421e+05  1.79641625e+02
 2.18776162e+05  4.64228783e+01  2.18776162e+05  1.79638822e+02
 2.20461792e+05  4.64234544e+01  2.20461792e+05  1.79635996e+02
 2.22160409e+05  4.64240401e+01  2.22160409e+05  1.79633148e+02
 2.23872114e+05  4.64246345e+01  2.23872114e+05  1.79630277e+02
 2.25597007e+05  4.64255347e+01  2.25597007e+05  1.79627364e+02
 2.27335190e+05  4.64264535e+01  2.27335190e+05  1.79624407e+02
 2.29086765e+05  4.64264745e+01  2.29086765e+05  1.79621523e+02
 2.30851836e+05  4.64271064e+01  2.30851836e+05  1.79618558e+02
 2.32630507e+05  4.64277488e+01  2.32630507e+05  1.79615569e+02
 2.34422882e+05  4.64284009e+01  2.34422882e+05  1.79612555e+02
 2.36229066e+05  4.64293886e+01  2.36229066e+05  1.79609496e+02
 2.38049167e+05  4.64297361e+01  2.38049167e+05  1.79606455e+02
 2.39883292e+05  4.64300838e+01  2.39883292e+05  1.79603366e+02
 2.41731548e+05  4.64314531e+01  2.41731548e+05  1.79600233e+02
 2.43594045e+05  4.64314716e+01  2.43594045e+05  1.79597116e+02
 2.45470892e+05  4.64328830e+01  2.45470892e+05  1.79593931e+02
 2.47362199e+05  4.64332589e+01  2.47362199e+05  1.79590765e+02
 2.49268079e+05  4.64336353e+01  2.49268079e+05  1.79587548e+02
 2.51188643e+05  4.64347459e+01  2.51188643e+05  1.79584309e+02
 2.53124005e+05  4.64351341e+01  2.53124005e+05  1.79581039e+02
 2.55074278e+05  4.64366582e+01  2.55074278e+05  1.79577721e+02
 2.57039578e+05  4.64374494e+01  2.57039578e+05  1.79574399e+02
 2.59020020e+05  4.64378614e+01  2.59020020e+05  1.79571077e+02
 2.61015722e+05  4.64382738e+01  2.61015722e+05  1.79567698e+02
 2.63026799e+05  4.64394930e+01  2.63026799e+05  1.79564297e+02
 2.65053372e+05  4.64403285e+01  2.65053372e+05  1.79560865e+02
 2.67095559e+05  4.64415912e+01  2.67095559e+05  1.79557376e+02
 2.69153480e+05  4.64420371e+01  2.69153480e+05  1.79553917e+02
 2.71227258e+05  4.64424828e+01  2.71227258e+05  1.79550398e+02
 2.73317014e+05  4.64433646e+01  2.73317014e+05  1.79546852e+02
 2.75422870e+05  4.64447006e+01  2.75422870e+05  1.79543280e+02
 2.77544952e+05  4.64456177e+01  2.77544952e+05  1.79539675e+02
 2.79683385e+05  4.64470027e+01  2.79683385e+05  1.79536007e+02
 2.81838293e+05  4.64474922e+01  2.81838293e+05  1.79532376e+02
 2.84009805e+05  4.64484518e+01  2.84009805e+05  1.79528681e+02
 2.86198048e+05  4.64494258e+01  2.86198048e+05  1.79524955e+02
 2.88403150e+05  4.64504143e+01  2.88403150e+05  1.79521199e+02
 2.90625243e+05  4.64514204e+01  2.90625243e+05  1.79517411e+02
 2.92864456e+05  4.64524410e+01  2.92864456e+05  1.79513592e+02
 2.95120923e+05  4.64529706e+01  2.95120923e+05  1.79509737e+02
 2.97394775e+05  4.64540150e+01  2.97394775e+05  1.79505853e+02
 2.99686146e+05  4.64555992e+01  2.99686146e+05  1.79501943e+02
 3.01995172e+05  4.64556229e+01  3.01995172e+05  1.79497938e+02
 3.04321989e+05  4.64577873e+01  3.04321989e+05  1.79494013e+02
 3.06666733e+05  4.64589071e+01  3.06666733e+05  1.79489999e+02
 3.09029543e+05  4.64594894e+01  3.09029543e+05  1.79485945e+02
 3.11410558e+05  4.64606347e+01  3.11410558e+05  1.79481863e+02
 3.13809919e+05  4.64629463e+01  3.13809919e+05  1.79477706e+02
 3.16227766e+05  4.64629820e+01  3.16227766e+05  1.79473594e+02
 3.18664242e+05  4.64647747e+01  3.18664242e+05  1.79469415e+02
 3.21119491e+05  4.64660034e+01  3.21119491e+05  1.79465193e+02
 3.23593657e+05  4.64678606e+01  3.23593657e+05  1.79460886e+02
 3.26086886e+05  4.64678998e+01  3.26086886e+05  1.79456636e+02
 3.28599325e+05  4.64698057e+01  3.28599325e+05  1.79452313e+02
 3.31131121e+05  4.64711141e+01  3.31131121e+05  1.79447947e+02
 3.33682425e+05  4.64724413e+01  3.33682425e+05  1.79443544e+02
 3.36253386e+05  4.64744491e+01  3.36253386e+05  1.79439048e+02
 3.38844156e+05  4.64744913e+01  3.38844156e+05  1.79434616e+02
 3.41454887e+05  4.64765512e+01  3.41454887e+05  1.79430107e+02
 3.44085734e+05  4.64772750e+01  3.44085734e+05  1.79425543e+02
 3.46736850e+05  4.64807974e+01  3.46736850e+05  1.79420767e+02
 3.49408393e+05  4.64801451e+01  3.49408393e+05  1.79416314e+02
 3.52100520e+05  4.64830572e+01  3.52100520e+05  1.79411587e+02
 3.54813389e+05  4.64838388e+01  3.54813389e+05  1.79406936e+02
 3.57547160e+05  4.64853669e+01  3.57547160e+05  1.79402182e+02
 3.60301995e+05  4.64869180e+01  3.60301995e+05  1.79397386e+02
 3.63078055e+05  4.64892590e+01  3.63078055e+05  1.79392481e+02
 3.65875504e+05  4.64900921e+01  3.65875504e+05  1.79387671e+02
 3.68694506e+05  4.64917148e+01  3.68694506e+05  1.79382750e+02
 3.71535229e+05  4.64941698e+01  3.71535229e+05  1.79377713e+02
 3.74397839e+05  4.64950427e+01  3.74397839e+05  1.79372779e+02
 3.77282505e+05  4.64959157e+01  3.77282505e+05  1.79367716e+02
 3.80189396e+05  4.64984728e+01  3.80189396e+05  1.79362634e+02
 3.83118685e+05  4.65010844e+01  3.83118685e+05  1.79357415e+02
 3.86070543e+05  4.65020122e+01  3.86070543e+05  1.79352311e+02
 3.89045145e+05  4.65038238e+01  3.89045145e+05  1.79347081e+02
 3.92042666e+05  4.65047693e+01  3.92042666e+05  1.79341790e+02
 3.95063281e+05  4.65075330e+01  3.95063281e+05  1.79336484e+02
 3.98107171e+05  4.65103521e+01  3.98107171e+05  1.79331026e+02
 4.01174512e+05  4.65122945e+01  4.01174512e+05  1.79325607e+02
 4.04265487e+05  4.65133153e+01  4.04265487e+05  1.79320234e+02
 4.07380278e+05  4.65153058e+01  4.07380278e+05  1.79314721e+02
 4.10519067e+05  4.65173251e+01  4.10519067e+05  1.79309159e+02
 4.13682040e+05  4.65193769e+01  4.13682040e+05  1.79303548e+02
 4.16869383e+05  4.65214613e+01  4.16869383e+05  1.79297886e+02
 4.20081285e+05  4.65235771e+01  4.20081285e+05  1.79292174e+02
 4.23317933e+05  4.65267701e+01  4.23317933e+05  1.79286304e+02
 4.26579519e+05  4.65279107e+01  4.26579519e+05  1.79280595e+02
 4.29866235e+05  4.65312038e+01  4.29866235e+05  1.79274616e+02
 4.33178274e+05  4.65323818e+01  4.33178274e+05  1.79268807e+02
 4.36515832e+05  4.65346693e+01  4.36515832e+05  1.79262833e+02
 4.39879106e+05  4.65369913e+01  4.39879106e+05  1.79256805e+02
 4.43268292e+05  4.65393536e+01  4.43268292e+05  1.79250722e+02
 4.46683592e+05  4.65417535e+01  4.46683592e+05  1.79244583e+02
 4.50125206e+05  4.65430078e+01  4.50125206e+05  1.79238364e+02
 4.53593337e+05  4.65454631e+01  4.53593337e+05  1.79232112e+02
 4.57088190e+05  4.65491764e+01  4.57088190e+05  1.79225830e+02
 4.60609969e+05  4.65517278e+01  4.60609969e+05  1.79219464e+02
 4.64158883e+05  4.65543200e+01  4.64158883e+05  1.79213039e+02
 4.67735141e+05  4.65569553e+01  4.67735141e+05  1.79206554e+02
 4.71338954e+05  4.65596295e+01  4.71338954e+05  1.79200010e+02
 4.74970533e+05  4.65610344e+01  4.74970533e+05  1.79193374e+02
 4.78630092e+05  4.65664406e+01  4.78630092e+05  1.79186586e+02
 4.82317848e+05  4.65679112e+01  4.82317848e+05  1.79180010e+02
 4.86034018e+05  4.65693852e+01  4.86034018e+05  1.79173185e+02
 4.89778819e+05  4.65750499e+01  4.89778819e+05  1.79166200e+02
 4.93552474e+05  4.65765936e+01  4.93552474e+05  1.79159443e+02
 4.97355204e+05  4.65810189e+01  4.97355204e+05  1.79152288e+02
 5.01187234e+05  4.65840733e+01  5.01187234e+05  1.79145233e+02
 5.05048788e+05  4.65871761e+01  5.05048788e+05  1.79138112e+02
 5.08940095e+05  4.65888233e+01  5.08940095e+05  1.79131104e+02
 5.12861384e+05  4.65919986e+01  5.12861384e+05  1.79123850e+02
 5.16812886e+05  4.65952295e+01  5.16812886e+05  1.79116527e+02
 5.20794833e+05  4.65985094e+01  5.20794833e+05  1.79109133e+02
 5.24807460e+05  4.66034452e+01  5.24807460e+05  1.79101469e+02
 5.28851004e+05  4.66068512e+01  5.28851004e+05  1.79093929e+02
 5.32925703e+05  4.66086663e+01  5.32925703e+05  1.79086523e+02
 5.37031796e+05  4.66138399e+01  5.37031796e+05  1.79078626e+02
 5.41169527e+05  4.66157116e+01  5.41169527e+05  1.79071081e+02
 5.45339137e+05  4.66175820e+01  5.45339137e+05  1.79063199e+02
 5.49540874e+05  4.66229748e+01  5.49540874e+05  1.79055338e+02
 5.53774984e+05  4.66284840e+01  5.53774984e+05  1.79047116e+02
 5.58041717e+05  4.66286633e+01  5.58041717e+05  1.79039230e+02
 5.62341325e+05  4.66324771e+01  5.62341325e+05  1.79031082e+02
 5.66674061e+05  4.66419563e+01  5.66674061e+05  1.79022105e+02
 5.71040179e+05  4.66402800e+01  5.71040179e+05  1.79014543e+02
 5.75439937e+05  4.66481345e+01  5.75439937e+05  1.79005946e+02
 5.79873595e+05  4.66522541e+01  5.79873595e+05  1.78997464e+02
 5.84341413e+05  4.66544540e+01  5.84341413e+05  1.78989170e+02
 5.88843655e+05  4.66586760e+01  5.88843655e+05  1.78980522e+02
 5.93380586e+05  4.66650147e+01  5.93380586e+05  1.78971501e+02
 5.97952473e+05  4.66652422e+01  5.97952473e+05  1.78962897e+02
 6.02559586e+05  4.66696375e+01  6.02559586e+05  1.78953982e+02
 6.07202196e+05  4.66762458e+01  6.07202196e+05  1.78945045e+02
 6.11880576e+05  4.66808185e+01  6.11880576e+05  1.78935947e+02
 6.16595002e+05  4.66876748e+01  6.16595002e+05  1.78926435e+02
 6.21345752e+05  4.66901807e+01  6.21345752e+05  1.78917469e+02
 6.26133105e+05  4.66972536e+01  6.26133105e+05  1.78907752e+02
 6.30957344e+05  4.66975235e+01  6.30957344e+05  1.78898529e+02
 6.35818754e+05  4.67024332e+01  6.35818754e+05  1.78888948e+02
 6.40717619e+05  4.67074235e+01  6.40717619e+05  1.78879266e+02
 6.45654229e+05  4.67173510e+01  6.45654229e+05  1.78869198e+02
 6.50628875e+05  4.67176499e+01  6.50628875e+05  1.78859594e+02
 6.55641849e+05  4.67228763e+01  6.55641849e+05  1.78849602e+02
 6.60693448e+05  4.67282024e+01  6.60693448e+05  1.78839502e+02
 6.65783968e+05  4.67336074e+01  6.65783968e+05  1.78829295e+02
 6.70913710e+05  4.67443402e+01  6.70913710e+05  1.78818662e+02
 6.76082975e+05  4.67500007e+01  6.76082975e+05  1.78808226e+02
 6.81292069e+05  4.67503476e+01  6.81292069e+05  1.78798008e+02
 6.86541298e+05  4.67588537e+01  6.86541298e+05  1.78787454e+02
 6.91830971e+05  4.67675359e+01  6.91830971e+05  1.78776234e+02
 6.97161400e+05  4.67735693e+01  6.97161400e+05  1.78765336e+02
 7.02532899e+05  4.67768343e+01  7.02532899e+05  1.78754786e+02
 7.07945784e+05  4.67830257e+01  7.07945784e+05  1.78743655e+02
 7.13400375e+05  4.67893056e+01  7.13400375e+05  1.78732402e+02
 7.18896992e+05  4.67926904e+01  7.18896992e+05  1.78720904e+02
 7.24435960e+05  4.68021905e+01  7.24435960e+05  1.78709514e+02
 7.30017605e+05  4.68056891e+01  7.30017605e+05  1.78697753e+02
 7.35642254e+05  4.68186395e+01  7.35642254e+05  1.78685568e+02
 7.41310241e+05  4.68223083e+01  7.41310241e+05  1.78674203e+02
 7.47021899e+05  4.68292291e+01  7.47021899e+05  1.78662166e+02
 7.52777564e+05  4.68362719e+01  7.52777564e+05  1.78649987e+02
 7.58577575e+05  4.68434257e+01  7.58577575e+05  1.78637669e+02
 7.64422274e+05  4.68506931e+01  7.64422274e+05  1.78625208e+02
 7.70312006e+05  4.68546200e+01  7.70312006e+05  1.78612457e+02
 7.76247117e+05  4.68690924e+01  7.76247117e+05  1.78599215e+02
 7.82227956e+05  4.68732200e+01  7.82227956e+05  1.78586945e+02
 7.88254877e+05  4.68809757e+01  7.88254877e+05  1.78573890e+02
 7.94328235e+05  4.68888543e+01  7.94328235e+05  1.78560679e+02
 8.00448386e+05  4.68968674e+01  8.00448386e+05  1.78547310e+02
 8.06615692e+05  4.69125693e+01  8.06615692e+05  1.78531484e+02
 8.12830516e+05  4.69132850e+01  8.12830516e+05  1.78520089e+02
 8.19093224e+05  4.69255987e+01  8.19093224e+05  1.78505487e+02
 8.25404185e+05  4.69342092e+01  8.25404185e+05  1.78491442e+02
 8.31763771e+05  4.69389396e+01  8.31763771e+05  1.78478004e+02
 8.38172356e+05  4.69477753e+01  8.38172356e+05  1.78463630e+02
 8.44630319e+05  4.69567462e+01  8.44630319e+05  1.78449079e+02
 8.51138038e+05  4.69700876e+01  8.51138038e+05  1.78433512e+02
 8.57695899e+05  4.69794331e+01  8.57695899e+05  1.78418574e+02
 8.64304286e+05  4.69802433e+01  8.64304286e+05  1.78404116e+02
 8.70963590e+05  4.69985839e+01  8.70963590e+05  1.78388133e+02
 8.77674203e+05  4.70084085e+01  8.77674203e+05  1.78372620e+02
 8.84436519e+05  4.70183768e+01  8.84436519e+05  1.78356913e+02
 8.91250938e+05  4.70238994e+01  8.91250938e+05  1.78341957e+02
 8.98117861e+05  4.70341353e+01  8.98117861e+05  1.78325862e+02
 9.05037692e+05  4.70445502e+01  9.05037692e+05  1.78309555e+02
 9.12010839e+05  4.70599729e+01  9.12010839e+05  1.78292010e+02
 9.19037713e+05  4.70609808e+01  9.19037713e+05  1.78276050e+02
 9.26118728e+05  4.70818257e+01  9.26118728e+05  1.78258266e+02
 9.33254301e+05  4.70879571e+01  9.33254301e+05  1.78242157e+02
 9.40444852e+05  4.70992716e+01  9.40444852e+05  1.78224743e+02
 9.47690805e+05  4.71107660e+01  9.47690805e+05  1.78207094e+02
 9.54992586e+05  4.71224606e+01  9.54992586e+05  1.78189206e+02
 9.62350626e+05  4.71343387e+01  9.62350626e+05  1.78171075e+02
 9.69765359e+05  4.71464344e+01  9.69765359e+05  1.78152694e+02
 9.77237221e+05  4.71642826e+01  9.77237221e+05  1.78132796e+02
 9.84766652e+05  4.71768696e+01  9.84766652e+05  1.78113872e+02
 9.92354096e+05  4.71839421e+01  9.92354096e+05  1.78096005e+02
 1.00000000e+06  4.71968675e+01  1.00000000e+06  1.78076577e+02
 1.00770481e+06  4.72100115e+01  1.00770481e+06  1.78056875e+02
 1.01546899e+06  4.72233835e+01  1.01546899e+06  1.78036891e+02
 1.02329299e+06  4.72369779e+01  1.02329299e+06  1.78016621e+02
 1.03117727e+06  4.72508051e+01  1.03117727e+06  1.77996058e+02
 1.03912230e+06  4.72585907e+01  1.03912230e+06  1.77974839e+02
 1.04712855e+06  4.72727920e+01  1.04712855e+06  1.77953664e+02
 1.05519648e+06  4.72872415e+01  1.05519648e+06  1.77932179e+02
 1.06332657e+06  4.73085201e+01  1.06332657e+06  1.77910756e+02
 1.07151931e+06  4.73235763e+01  1.07151931e+06  1.77888632e+02
 1.07977516e+06  4.73320971e+01  1.07977516e+06  1.77865781e+02
 1.08809463e+06  4.73544520e+01  1.08809463e+06  1.77843387e+02
 1.09647820e+06  4.73702938e+01  1.09647820e+06  1.77820247e+02
 1.10492636e+06  4.73793043e+01  1.10492636e+06  1.77796324e+02
 1.11343961e+06  4.74100037e+01  1.11343961e+06  1.77771022e+02
 1.12201845e+06  4.74194891e+01  1.12201845e+06  1.77748664e+02
 1.13066340e+06  4.74364545e+01  1.13066340e+06  1.77724056e+02
 1.13937495e+06  4.74537332e+01  1.13937495e+06  1.77699058e+02
 1.14815362e+06  4.74635989e+01  1.14815362e+06  1.77673192e+02
 1.15699993e+06  4.74891627e+01  1.15699993e+06  1.77647869e+02
 1.16591440e+06  4.75073463e+01  1.16591440e+06  1.77621652e+02
 1.17489755e+06  4.75258540e+01  1.17489755e+06  1.77595010e+02
 1.18394992e+06  4.75446840e+01  1.18394992e+06  1.77567933e+02
 1.19307204e+06  4.75555624e+01  1.19307204e+06  1.77539884e+02
 1.20226443e+06  4.75917453e+01  1.20226443e+06  1.77510070e+02
 1.21152766e+06  4.76031692e+01  1.21152766e+06  1.77483995e+02
 1.22086225e+06  4.76234042e+01  1.22086225e+06  1.77455062e+02
 1.23026877e+06  4.76439419e+01  1.23026877e+06  1.77425650e+02
 1.23974776e+06  4.76738040e+01  1.23974776e+06  1.77393132e+02
 1.24929979e+06  4.76861703e+01  1.24929979e+06  1.77365292e+02
 1.25892541e+06  4.76986004e+01  1.25892541e+06  1.77333715e+02
 1.26862520e+06  4.77299161e+01  1.26862520e+06  1.77302827e+02
 1.27839972e+06  4.77523717e+01  1.27839972e+06  1.77270771e+02
 1.28824955e+06  4.77752431e+01  1.28824955e+06  1.77238142e+02
 1.29817528e+06  4.77985130e+01  1.29817528e+06  1.77204927e+02
 1.30817747e+06  4.78321612e+01  1.30817747e+06  1.77168053e+02
 1.31825674e+06  4.78664791e+01  1.31825674e+06  1.77126624e+02
 1.32841366e+06  4.78709428e+01  1.32841366e+06  1.77101619e+02
 1.33864884e+06  4.79063734e+01  1.33864884e+06  1.77062622e+02
 1.34896288e+06  4.79214306e+01  1.34896288e+06  1.77029533e+02
 1.35935639e+06  4.79473750e+01  1.35935639e+06  1.76992476e+02
 1.36982998e+06  4.79738090e+01  1.36982998e+06  1.76954709e+02
 1.38038426e+06  4.80117867e+01  1.38038426e+06  1.76912617e+02
 1.39101987e+06  4.80281469e+01  1.39101987e+06  1.76876992e+02
 1.40173742e+06  4.80674698e+01  1.40173742e+06  1.76833220e+02
 1.41253754e+06  4.80729101e+01  1.41253754e+06  1.76795381e+02
 1.42342088e+06  4.81252408e+01  1.42342088e+06  1.76750679e+02
 1.43438808e+06  4.81430016e+01  1.43438808e+06  1.76712224e+02
 1.44543977e+06  4.81730955e+01  1.44543977e+06  1.76668953e+02
 1.45657662e+06  4.82037263e+01  1.45657662e+06  1.76624809e+02
 1.46779927e+06  4.82474811e+01  1.46779927e+06  1.76575380e+02
 1.47910839e+06  4.82667604e+01  1.47910839e+06  1.76533764e+02
 1.49050464e+06  4.83121073e+01  1.49050464e+06  1.76482240e+02
 1.50198870e+06  4.83453294e+01  1.50198870e+06  1.76434205e+02
 1.51356125e+06  4.83659407e+01  1.51356125e+06  1.76389922e+02
 1.52522296e+06  4.84002771e+01  1.52522296e+06  1.76339916e+02
 1.53697452e+06  4.84489954e+01  1.53697452e+06  1.76283791e+02
 1.54881662e+06  4.84709347e+01  1.54881662e+06  1.76236623e+02
 1.56074996e+06  4.85072959e+01  1.56074996e+06  1.76183257e+02
 1.57277525e+06  4.85443967e+01  1.57277525e+06  1.76128714e+02
 1.58489319e+06  4.85822224e+01  1.58489319e+06  1.76072935e+02
 1.59710450e+06  4.86059274e+01  1.59710450e+06  1.76014746e+02
 1.60940989e+06  4.86450206e+01  1.60940989e+06  1.75956370e+02
 1.62181010e+06  4.87002010e+01  1.62181010e+06  1.75897837e+02
 1.63430584e+06  4.87255873e+01  1.63430584e+06  1.75835519e+02
 1.64689787e+06  4.87828725e+01  1.64689787e+06  1.75774168e+02
 1.65958691e+06  4.88254075e+01  1.65958691e+06  1.75710150e+02
 1.67237372e+06  4.88688777e+01  1.67237372e+06  1.75644546e+02
 1.68525904e+06  4.89131895e+01  1.68525904e+06  1.75577361e+02
 1.69824365e+06  4.89416361e+01  1.69824365e+06  1.75507210e+02
 1.71132830e+06  4.90215631e+01  1.71132830e+06  1.75430915e+02
 1.72451377e+06  4.90689354e+01  1.72451377e+06  1.75358418e+02
 1.73780083e+06  4.90822109e+01  1.73780083e+06  1.75290056e+02
 1.75119026e+06  4.91666227e+01  1.75119026e+06  1.75207818e+02
 1.76468286e+06  4.92170639e+01  1.76468286e+06  1.75129547e+02
 1.77827941e+06  4.92502108e+01  1.77827941e+06  1.75057178e+02
 1.79198072e+06  4.92837847e+01  1.79198072e+06  1.74973457e+02
 1.80578760e+06  4.93558723e+01  1.80578760e+06  1.74890469e+02
 1.81970086e+06  4.94295682e+01  1.81970086e+06  1.74795174e+02
 1.83372132e+06  4.94855489e+01  1.83372132e+06  1.74705819e+02
 1.84784980e+06  4.95031482e+01  1.84784980e+06  1.74621377e+02
 1.86208714e+06  4.95811540e+01  1.86208714e+06  1.74528731e+02
 1.87643417e+06  4.96406038e+01  1.87643417e+06  1.74431825e+02
 1.89089175e+06  4.97013823e+01  1.89089175e+06  1.74332115e+02
 1.90546072e+06  4.97844279e+01  1.90546072e+06  1.74219650e+02
 1.92014194e+06  4.98269742e+01  1.92014194e+06  1.74123848e+02
 1.93493628e+06  4.99135530e+01  1.93493628e+06  1.74004648e+02
 1.94984460e+06  4.99583098e+01  1.94984460e+06  1.73902906e+02
 1.96486779e+06  5.00262060e+01  1.96486779e+06  1.73787344e+02
 1.98000673e+06  5.00728942e+01  1.98000673e+06  1.73666436e+02
 1.99526231e+06  5.01667889e+01  1.99526231e+06  1.73545254e+02
 2.01063544e+06  5.02395172e+01  2.01063544e+06  1.73418397e+02
 2.02612701e+06  5.03139649e+01  2.02612701e+06  1.73287414e+02
 2.04173794e+06  5.03902031e+01  2.04173794e+06  1.73152118e+02
 2.05746916e+06  5.04682114e+01  2.05746916e+06  1.73012347e+02
 2.07332157e+06  5.05231891e+01  2.07332157e+06  1.72865987e+02
 2.08929613e+06  5.06299987e+01  2.08929613e+06  1.72718325e+02
 2.10539377e+06  5.07138548e+01  2.10539377e+06  1.72563644e+02
 2.12161544e+06  5.07997731e+01  2.12161544e+06  1.72403505e+02
 2.13796209e+06  5.09142738e+01  2.13796209e+06  1.72223154e+02
 2.15443469e+06  5.09781555e+01  2.15443469e+06  1.72065623e+02
 2.17103421e+06  5.10434076e+01  2.17103421e+06  1.71885447e+02
 2.18776162e+06  5.11656133e+01  2.18776162e+06  1.71702314e+02
 2.20461792e+06  5.12630060e+01  2.20461792e+06  1.71510258e+02
 2.22160409e+06  5.13058216e+01  2.22160409e+06  1.71288814e+02
 2.23872114e+06  5.14654883e+01  2.23872114e+06  1.71103322e+02
 2.25597007e+06  5.15707029e+01  2.25597007e+06  1.70887607e+02
 2.27335190e+06  5.16487433e+01  2.27335190e+06  1.70661318e+02
 2.29086765e+06  5.18495718e+01  2.29086765e+06  1.70373390e+02
 2.30851836e+06  5.19344802e+01  2.30851836e+06  1.70166763e+02
 2.32630507e+06  5.19896039e+01  2.32630507e+06  1.69929583e+02
 2.34422882e+06  5.21414402e+01  2.34422882e+06  1.69665867e+02
 2.36229066e+06  5.22972867e+01  2.36229066e+06  1.69368396e+02
 2.38049167e+06  5.23926183e+01  2.38049167e+06  1.69098810e+02
 2.39883292e+06  5.24903161e+01  2.39883292e+06  1.68794016e+02
 2.41731548e+06  5.26247167e+01  2.41731548e+06  1.68476430e+02
 2.43594045e+06  5.28314989e+01  2.43594045e+06  1.68122122e+02
 2.45470892e+06  5.29403384e+01  2.45470892e+06  1.67795439e+02
 2.47362199e+06  5.30875922e+01  2.47362199e+06  1.67428426e+02
 2.49268079e+06  5.32750511e+01  2.49268079e+06  1.67017871e+02
 2.51188643e+06  5.33959068e+01  2.51188643e+06  1.66636321e+02
 2.53124005e+06  5.35571634e+01  2.53124005e+06  1.66208374e+02
 2.55074278e+06  5.37608062e+01  2.55074278e+06  1.65730064e+02
 2.57039578e+06  5.38954045e+01  2.57039578e+06  1.65279916e+02
 2.59020020e+06  5.41109494e+01  2.59020020e+06  1.64747226e+02
 2.61015722e+06  5.42557899e+01  2.61015722e+06  1.64241474e+02
 2.63026799e+06  5.44448318e+01  2.63026799e+06  1.63675128e+02
 2.65053372e+06  5.46402075e+01  2.65053372e+06  1.63073769e+02
 2.67095559e+06  5.48827553e+01  2.67095559e+06  1.62402155e+02
 2.69153480e+06  5.50921648e+01  2.69153480e+06  1.61719849e+02
 2.71227258e+06  5.52669256e+01  2.71227258e+06  1.61025989e+02
 2.73317014e+06  5.54473528e+01  2.73317014e+06  1.60250854e+02
 2.75422870e+06  5.57212563e+01  2.75422870e+06  1.59417697e+02
 2.77544952e+06  5.59161312e+01  2.77544952e+06  1.58528257e+02
 2.79683385e+06  5.62516646e+01  2.79683385e+06  1.57529207e+02
 2.81838293e+06  5.65079767e+01  2.81838293e+06  1.56496440e+02
 2.84009805e+06  5.67730761e+01  2.84009805e+06  1.55382374e+02
 2.86198048e+06  5.70012313e+01  2.86198048e+06  1.54220454e+02
 2.88403150e+06  5.72834965e+01  2.88403150e+06  1.52917760e+02
 2.90625243e+06  5.75748257e+01  2.90625243e+06  1.51503841e+02
 2.92864456e+06  5.78748505e+01  2.92864456e+06  1.49966272e+02
 2.95120923e+06  5.81834194e+01  2.95120923e+06  1.48290689e+02
 2.97394775e+06  5.84997967e+01  2.97394775e+06  1.46461461e+02
 2.99686146e+06  5.88230963e+01  2.99686146e+06  1.44460989e+02
 3.01995172e+06  5.91519733e+01  3.01995172e+06  1.42270167e+02
 3.04321989e+06  5.94845236e+01  3.04321989e+06  1.39868292e+02
 3.06666733e+06  5.98179765e+01  3.06666733e+06  1.37233849e+02
 3.09029543e+06  6.01998660e+01  3.09029543e+06  1.34290015e+02
 3.11410558e+06  6.05243250e+01  3.11410558e+06  1.31124343e+02
 3.13809919e+06  6.07843328e+01  3.13809919e+06  1.27720180e+02
 3.16227766e+06  6.10232704e+01  3.16227766e+06  1.23960194e+02
 3.18664242e+06  6.13401758e+01  3.18664242e+06  1.19873142e+02
 3.21119491e+06  6.15672672e+01  3.21119491e+06  1.15487560e+02
 3.23593657e+06  6.17479437e+01  3.23593657e+06  1.10818375e+02
 3.26086886e+06  6.19258400e+01  3.26086886e+06  1.05859404e+02
 3.28599325e+06  6.19326423e+01  3.28599325e+06  1.00809649e+02
 3.31131121e+06  6.19226441e+01  3.31131121e+06  9.56034371e+01
 3.33682425e+06  6.18953484e+01  3.33682425e+06  9.03375041e+01
 3.36253386e+06  6.16845019e+01  3.36253386e+06  8.52041644e+01
 3.38844156e+06  6.14613177e+01  3.38844156e+06  8.01801146e+01
 3.41454887e+06  6.11773388e+01  3.41454887e+06  7.53684878e+01
 3.44085734e+06  6.08412504e+01  3.44085734e+06  7.08201845e+01
 3.46736850e+06  6.04627856e+01  3.46736850e+06  6.65674930e+01
 3.49408393e+06  5.99877175e+01  3.49408393e+06  6.25783994e+01
 3.52100520e+06  5.95508281e+01  3.52100520e+06  5.89458850e+01
 3.54813389e+06  5.90974145e+01  3.54813389e+06  5.56171010e+01
 3.57547160e+06  5.86338706e+01  3.57547160e+06  5.25760639e+01
 3.60301995e+06  5.82353833e+01  3.60301995e+06  4.98597278e+01
 3.63078055e+06  5.77677712e+01  3.63078055e+06  4.73339745e+01
 3.65875504e+06  5.72294160e+01  3.65875504e+06  4.49722760e+01
 3.68694506e+06  5.67670771e+01  3.68694506e+06  4.28715854e+01
 3.71535229e+06  5.63108273e+01  3.71535229e+06  4.09533062e+01
 3.74397839e+06  5.60164806e+01  3.74397839e+06  3.92407450e+01
 3.77282505e+06  5.55001921e+01  3.77282505e+06  3.76551703e+01
 3.80189396e+06  5.51495744e+01  3.80189396e+06  3.61573353e+01
 3.83118685e+06  5.46479806e+01  3.83118685e+06  3.48253618e+01
 3.86070543e+06  5.42352301e+01  3.86070543e+06  3.35764131e+01
 3.89045145e+06  5.37464586e+01  3.89045145e+06  3.23577221e+01
 3.92042666e+06  5.34365185e+01  3.92042666e+06  3.13569559e+01
 3.95063281e+06  5.30501703e+01  3.95063281e+06  3.03687431e+01
 3.98107171e+06  5.26721603e+01  3.98107171e+06  2.94512777e+01
 4.01174512e+06  5.23022900e+01  4.01174512e+06  2.85979221e+01
 4.04265487e+06  5.18476896e+01  4.04265487e+06  2.77336518e+01
 4.07380278e+06  5.15859386e+01  4.07380278e+06  2.70608281e+01
 4.10519067e+06  5.13338377e+01  4.10519067e+06  2.63257529e+01
 4.13682040e+06  5.08986557e+01  4.13682040e+06  2.57182190e+01
 4.16869383e+06  5.05654290e+01  4.16869383e+06  2.51096808e+01
 4.20081285e+06  5.03381114e+01  4.20081285e+06  2.44908611e+01
 4.23317933e+06  4.99175378e+01  4.23317933e+06  2.40014638e+01
 4.26579519e+06  4.96026205e+01  4.26579519e+06  2.34962007e+01
 4.29866235e+06  4.92936660e+01  4.29866235e+06  2.30200016e+01
 4.33178274e+06  4.88823170e+01  4.33178274e+06  2.24939848e+01
 4.36515832e+06  4.86909704e+01  4.36515832e+06  2.21471972e+01
 4.39879106e+06  4.82866800e+01  4.39879106e+06  2.16671276e+01
 4.43268292e+06  4.81087853e+01  4.43268292e+06  2.13672080e+01
 4.46683592e+06  4.78245042e+01  4.46683592e+06  2.10083420e+01
 4.50125206e+06  4.75445861e+01  4.50125206e+06  2.06681613e+01
 4.53593337e+06  4.72691111e+01  4.53593337e+06  2.03456440e+01
 4.57088190e+06  4.69973875e+01  4.57088190e+06  2.00394919e+01
 4.60609969e+06  4.67299429e+01  4.60609969e+06  1.97489073e+01
 4.64158883e+06  4.65882048e+01  4.64158883e+06  1.93967712e+01
 4.67735141e+06  4.62056800e+01  4.67735141e+06  1.92100280e+01
 4.71338954e+06  4.59487094e+01  4.71338954e+06  1.89602357e+01
 4.74970533e+06  4.56951465e+01  4.74970533e+06  1.87223942e+01
 4.78630092e+06  4.54449472e+01  4.78630092e+06  1.84959085e+01
 4.82317848e+06  4.51976045e+01  4.82317848e+06  1.82801983e+01
 4.86034018e+06  4.48174350e+01  4.86034018e+06  1.79772587e+01
 4.89778819e+06  4.47120496e+01  4.89778819e+06  1.78788651e+01
 4.93552474e+06  4.44732504e+01  4.93552474e+06  1.76921236e+01
 4.97355204e+06  4.43775072e+01  4.97355204e+06  1.74151541e+01
 5.01187234e+06  4.40040324e+01  5.01187234e+06  1.73438028e+01
 5.05048788e+06  4.37731330e+01  5.05048788e+06  1.71819450e+01
 5.08940095e+06  4.35447606e+01  5.08940095e+06  1.70270234e+01
 5.12861384e+06  4.33182554e+01  5.12861384e+06  1.68796883e+01
 5.16812886e+06  4.29400497e+01  5.16812886e+06  1.66263839e+01
 5.20794833e+06  4.28725038e+01  5.20794833e+06  1.66043065e+01
 5.24807460e+06  4.24936945e+01  5.24807460e+06  1.63593113e+01
 5.28851004e+06  4.25939319e+01  5.28851004e+06  1.62297294e+01
 5.32925703e+06  4.23800994e+01  5.32925703e+06  1.61105956e+01
 5.37031796e+06  4.20056764e+01  5.37031796e+06  1.61254779e+01
 5.41169527e+06  4.19593561e+01  5.41169527e+06  1.58856201e+01
 5.45339137e+06  4.15833991e+01  5.45339137e+06  1.59180962e+01
 5.49540874e+06  4.11996889e+01  5.49540874e+06  1.56910407e+01
 5.53774984e+06  4.11678149e+01  5.53774984e+06  1.57300455e+01
 5.58041717e+06  4.09627574e+01  5.58041717e+06  1.56426550e+01
 5.62341325e+06  4.07588779e+01  5.62341325e+06  1.55594989e+01
 5.66674061e+06  4.05567759e+01  5.66674061e+06  1.54805542e+01
 5.71040179e+06  4.07055633e+01  5.71040179e+06  1.48241954e+01
 5.75439937e+06  4.01569172e+01  5.75439937e+06  1.53337218e+01
 5.79873595e+06  3.99589028e+01  5.79873595e+06  1.52662679e+01
 5.84341413e+06  3.97622464e+01  5.84341413e+06  1.52024725e+01
 5.88843655e+06  3.93661105e+01  5.88843655e+06  1.49846293e+01
 5.93380586e+06  3.93731869e+01  5.93380586e+06  1.50842149e+01
 5.97952473e+06  3.91805499e+01  5.97952473e+06  1.50305317e+01
 6.02559586e+06  3.89889831e+01  6.02559586e+06  1.49793663e+01
 6.07202196e+06  3.87985821e+01  6.07202196e+06  1.49317842e+01
 6.11880576e+06  3.83921763e+01  6.11880576e+06  1.47114910e+01
 6.16595002e+06  3.86360791e+01  6.16595002e+06  1.46384372e+01
 6.21345752e+06  3.84523320e+01  6.21345752e+06  1.45942415e+01
 6.26133105e+06  3.78209111e+01  6.26133105e+06  1.45819843e+01
 6.30957344e+06  3.78636349e+01  6.30957344e+06  1.47337288e+01
 6.35818754e+06  3.74447753e+01  6.35818754e+06  1.45080747e+01
 6.40717619e+06  3.74967181e+01  6.40717619e+06  1.46734167e+01
 6.45654229e+06  3.75491146e+01  6.45654229e+06  1.44096750e+01
 6.50628875e+06  3.71332315e+01  6.50628875e+06  1.46226558e+01
 6.55641849e+06  3.69529605e+01  6.55641849e+06  1.46008411e+01
 6.60693448e+06  3.67734755e+01  6.60693448e+06  1.45815237e+01
 6.65783968e+06  3.65953158e+01  6.65783968e+06  1.45635547e+01
 6.70913710e+06  3.64173549e+01  6.70913710e+06  1.45482234e+01
 6.76082975e+06  3.62403116e+01  6.76082975e+06  1.45352572e+01
 6.81292069e+06  3.60646384e+01  6.81292069e+06  1.45237780e+01
 6.86541298e+06  3.58890369e+01  6.86541298e+06  1.45143762e+01
 6.91830971e+06  3.59829313e+01  6.91830971e+06  1.42136170e+01
 6.97161400e+06  3.55402288e+01  6.97161400e+06  1.45027649e+01
 7.02532899e+06  3.53668939e+01  7.02532899e+06  1.44995387e+01
 7.07945784e+06  3.54756873e+01  7.07945784e+06  1.41817544e+01
 7.13400375e+06  3.50226565e+01  7.13400375e+06  1.44979995e+01
 7.18896992e+06  3.48508810e+01  7.18896992e+06  1.45008823e+01
 7.24435960e+06  3.46806827e+01  7.24435960e+06  1.45042057e+01
 7.30017605e+06  3.45108338e+01  7.30017605e+06  1.45101603e+01
 7.35642254e+06  3.46439177e+01  7.35642254e+06  1.41639062e+01
 7.41310241e+06  3.41723624e+01  7.41310241e+06  1.45269741e+01
 7.47021899e+06  3.40044712e+01  7.47021899e+06  1.45374317e+01
 7.52777564e+06  3.38362911e+01  7.52777564e+06  1.45501039e+01
 7.58577575e+06  3.36694943e+01  7.58577575e+06  1.45641037e+01
 7.64422274e+06  3.38290400e+01  7.64422274e+06  1.41825176e+01
 7.70312006e+06  3.29896475e+01  7.70312006e+06  1.42584292e+01
 7.76247117e+06  3.31708524e+01  7.76247117e+06  1.46159953e+01
 7.82227956e+06  3.26477125e+01  7.82227956e+06  1.42826985e+01
 7.88254877e+06  3.24781897e+01  7.88254877e+06  1.42967648e+01
 7.94328235e+06  3.26771973e+01  7.94328235e+06  1.46813806e+01
 8.00448386e+06  3.21390474e+01  8.00448386e+06  1.43274458e+01
 8.06615692e+06  3.19693145e+01  8.06615692e+06  1.43451127e+01
 8.12830516e+06  3.21873431e+01  8.12830516e+06  1.47613422e+01
 8.19093224e+06  3.16316506e+01  8.19093224e+06  1.43841720e+01
 8.25404185e+06  3.18623754e+01  8.25404185e+06  1.48219555e+01
 8.31763771e+06  3.17009332e+01  8.31763771e+06  1.48533936e+01
 8.38172356e+06  3.19305791e+01  8.38172356e+06  1.43632962e+01
 8.44630319e+06  3.13791977e+01  8.44630319e+06  1.49224796e+01
 8.51138038e+06  3.12180769e+01  8.51138038e+06  1.49594642e+01
 8.57695899e+06  3.14660569e+01  8.57695899e+06  1.44373637e+01
 8.64304286e+06  3.04604670e+01  8.64304286e+06  1.45588663e+01
 8.70963590e+06  3.07392250e+01  8.70963590e+06  1.50780690e+01
 8.77674203e+06  3.01277959e+01  8.77674203e+06  1.46190113e+01
 8.84436519e+06  3.08536620e+01  8.84436519e+06  1.45511172e+01
 8.91250938e+06  3.02615097e+01  8.91250938e+06  1.52088938e+01
 8.98117861e+06  3.01040715e+01  8.98117861e+06  1.52540436e+01
 9.05037692e+06  2.99461041e+01  9.05037692e+06  1.53020586e+01
 9.12010839e+06  2.97885129e+01  9.12010839e+06  1.53524761e+01
 9.19037713e+06  2.96320025e+01  9.19037713e+06  1.54010049e+01
 9.26118728e+06  2.99473224e+01  9.26118728e+06  1.47518597e+01
 9.33254301e+06  2.93179092e+01  9.33254301e+06  1.55057588e+01
 9.40444852e+06  2.86397422e+01  9.40444852e+06  1.49413645e+01
 9.47690805e+06  2.90041410e+01  9.47690805e+06  1.56158750e+01
 9.54992586e+06  2.83100989e+01  9.54992586e+06  1.50254456e+01
 9.62350626e+06  2.86926461e+01  9.62350626e+06  1.57311290e+01
 9.69765359e+06  2.79811697e+01  9.69765359e+06  1.51106987e+01
 9.77237221e+06  2.78173384e+01  9.77237221e+06  1.51557488e+01
 9.84766652e+06  2.82266029e+01  9.84766652e+06  1.59153545e+01
 9.92354096e+06  2.80713104e+01  9.92354096e+06  1.59787214e+01
 1.00000000e+07  2.84649371e+01  1.00000000e+07  1.51657515e+01
 1.00770481e+07  2.83188673e+01  1.00770481e+07  1.52120586e+01
 1.01546899e+07  2.76075460e+01  1.01546899e+07  1.61789171e+01
 1.02329299e+07  2.74527604e+01  1.02329299e+07  1.62469983e+01
 1.03117727e+07  2.66682447e+01  1.03117727e+07  1.54969645e+01
 1.03912230e+07  2.65041385e+01  1.03912230e+07  1.55484959e+01
 1.04712855e+07  2.63396201e+01  1.04712855e+07  1.56000548e+01
 1.05519648e+07  2.74455208e+01  1.05519648e+07  1.55139968e+01
 1.06332657e+07  2.66843949e+01  1.06332657e+07  1.66150966e+01
 1.07151931e+07  2.58471609e+01  1.07151931e+07  1.57645216e+01
 1.07977516e+07  2.63779382e+01  1.07977516e+07  1.67720941e+01
 1.08809463e+07  2.62242449e+01  1.08809463e+07  1.68517073e+01
 1.09647820e+07  2.67259433e+01  1.09647820e+07  1.57901013e+01
 1.10492636e+07  2.59189842e+01  1.10492636e+07  1.70170608e+01
 1.11343961e+07  2.50254377e+01  1.11343961e+07  1.60564329e+01
 1.12201845e+07  2.62961010e+01  1.12201845e+07  1.59694867e+01
 1.13066340e+07  2.46967604e+01  1.13066340e+07  1.61778691e+01
 1.13937495e+07  2.45305845e+01  1.13937495e+07  1.62412952e+01
 1.14815362e+07  2.51554964e+01  1.14815362e+07  1.74550957e+01
 1.15699993e+07  2.42007512e+01  1.15699993e+07  1.63680503e+01
 1.16591440e+07  2.48512711e+01  1.16591440e+07  1.76405742e+01
 1.17489755e+07  2.46995094e+01  1.17489755e+07  1.77346678e+01
 1.18394992e+07  2.45461300e+01  1.18394992e+07  1.78379627e+01
 1.19307204e+07  2.51642579e+01  1.19307204e+07  1.64730367e+01
 1.20226443e+07  2.42427088e+01  1.20226443e+07  1.80314467e+01
 1.21152766e+07  2.40917153e+01  1.21152766e+07  1.81293914e+01
 1.22086225e+07  2.39393592e+01  1.22086225e+07  1.82339473e+01
 1.23026877e+07  2.46034063e+01  1.23026877e+07  1.67464338e+01
 1.23974776e+07  2.36353358e+01  1.23974776e+07  1.84454782e+01
 1.24929979e+07  2.34835682e+01  1.24929979e+07  1.85561164e+01
 1.25892541e+07  2.33317881e+01  1.25892541e+07  1.86643234e+01
 1.26862520e+07  2.31801596e+01  1.26862520e+07  1.87764060e+01
 1.27839972e+07  2.20353328e+01  1.27839972e+07  1.72708101e+01
 1.28824955e+07  2.28762464e+01  1.28824955e+07  1.90033376e+01
 1.29817528e+07  2.36279003e+01  1.29817528e+07  1.72591488e+01
 1.30817747e+07  2.15306293e+01  1.30817747e+07  1.74964519e+01
 1.31825674e+07  2.13602892e+01  1.31825674e+07  1.75736141e+01
 1.32841366e+07  2.22705062e+01  1.32841366e+07  1.94766480e+01
 1.33864884e+07  2.21177320e+01  1.33864884e+07  1.96013929e+01
 1.34896288e+07  2.08514968e+01  1.34896288e+07  1.78094317e+01
 1.35935639e+07  2.27993867e+01  1.35935639e+07  1.77317373e+01
 1.36982998e+07  2.05086333e+01  1.36982998e+07  1.79683281e+01
 1.38038426e+07  2.15106012e+01  1.38038426e+07  2.01111143e+01
 1.39101987e+07  2.01673873e+01  1.39101987e+07  1.81312774e+01
 1.40173742e+07  2.22518588e+01  1.40173742e+07  1.80609019e+01
 1.41253754e+07  2.10552699e+01  1.41253754e+07  2.05127545e+01
 1.42342088e+07  1.96494814e+01  1.42342088e+07  1.83787794e+01
 1.43438808e+07  2.07499878e+01  1.43438808e+07  2.07966849e+01
 1.44543977e+07  2.05982093e+01  1.44543977e+07  2.09372974e+01
 1.45657662e+07  1.91272450e+01  1.45657662e+07  1.86317975e+01
 1.46779927e+07  2.02918642e+01  1.46779927e+07  2.12396319e+01
 1.47910839e+07  2.01418628e+01  1.47910839e+07  2.13783712e+01
 1.49050464e+07  1.99880471e+01  1.49050464e+07  2.15326624e+01
 1.50198870e+07  1.84240271e+01  1.50198870e+07  1.89780613e+01
 1.51356125e+07  1.82467240e+01  1.51356125e+07  1.90628663e+01
 1.52522296e+07  1.95314565e+01  1.52522296e+07  2.19995452e+01
 1.53697452e+07  2.06210957e+01  1.53697452e+07  1.91318309e+01
 1.54881662e+07  1.92245290e+01  1.54881662e+07  2.23227657e+01
 1.56074996e+07  2.03516905e+01  1.56074996e+07  1.93178908e+01
 1.57277525e+07  2.02164634e+01  1.57277525e+07  1.94201716e+01
 1.58489319e+07  1.87636436e+01  1.58489319e+07  2.28289312e+01
 1.59710450e+07  1.69868682e+01  1.59710450e+07  1.96917270e+01
 1.60940989e+07  1.68069853e+01  1.60940989e+07  1.97817791e+01
 1.62181010e+07  1.66252551e+01  1.62181010e+07  1.98697260e+01
 1.63430584e+07  1.81458450e+01  1.63430584e+07  2.35388323e+01
 1.64689787e+07  1.79956730e+01  1.64689787e+07  2.37185371e+01
 1.65958691e+07  1.78395875e+01  1.65958691e+07  2.39000253e+01
 1.67237372e+07  1.58842377e+01  1.67237372e+07  2.02465439e+01
 1.68525904e+07  1.75330249e+01  1.68525904e+07  2.42737049e+01
 1.69824365e+07  1.73774174e+01  1.69824365e+07  2.44763818e+01
 1.71132830e+07  1.72215653e+01  1.71132830e+07  2.46701692e+01
 1.72451377e+07  1.70674229e+01  1.72451377e+07  2.48746936e+01
 1.73780083e+07  1.84760440e+01  1.73780083e+07  2.07655731e+01
 1.75119026e+07  1.67587443e+01  1.75119026e+07  2.52847408e+01
 1.76468286e+07  1.66022918e+01  1.76468286e+07  2.54991121e+01
 1.77827941e+07  1.64467100e+01  1.77827941e+07  2.57054094e+01
 1.79198072e+07  1.62890423e+01  1.79198072e+07  2.59370053e+01
 1.80578760e+07  1.61341780e+01  1.80578760e+07  2.61503950e+01
 1.81970086e+07  1.59741725e+01  1.81970086e+07  2.63715227e+01
 1.83372132e+07  1.35808122e+01  1.83372132e+07  2.13744340e+01
 1.84784980e+07  1.74178582e+01  1.84784980e+07  2.16459032e+01
 1.86208714e+07  1.55029450e+01  1.86208714e+07  2.70542849e+01
 1.87643417e+07  1.71534087e+01  1.87643417e+07  2.18699562e+01
 1.89089175e+07  1.51903965e+01  1.89089175e+07  2.75445585e+01
 1.90546072e+07  1.50336839e+01  1.90546072e+07  2.77795309e+01
 1.92014194e+07  1.23672984e+01  1.92014194e+07  2.19444360e+01
 1.93493628e+07  1.21593470e+01  1.93493628e+07  2.20367825e+01
 1.94984460e+07  1.19482970e+01  1.94984460e+07  2.21307334e+01
 1.96486779e+07  1.17405535e+01  1.96486779e+07  2.22183083e+01
 1.98000673e+07  1.42418183e+01  1.98000673e+07  2.90544277e+01
 1.99526231e+07  1.61017418e+01  1.99526231e+07  2.28332218e+01
 2.01063544e+07  1.39208198e+01  2.01063544e+07  2.96091999e+01
 2.02612701e+07  1.08837329e+01  2.02612701e+07  2.25855777e+01
 2.04173794e+07  1.36015720e+01  2.04173794e+07  3.01775663e+01
 2.05746916e+07  1.04512757e+01  2.05746916e+07  2.27579519e+01
 2.07332157e+07  1.32811033e+01  2.07332157e+07  3.07477610e+01
 2.08929613e+07  1.31215732e+01  2.08929613e+07  3.10617957e+01
 2.10539377e+07  1.29616122e+01  2.10539377e+07  3.13565897e+01
 2.12161544e+07  1.50553562e+01  2.12161544e+07  2.38715613e+01
 2.13796209e+07  1.26371045e+01  2.13796209e+07  3.19645367e+01
 2.15443469e+07  1.55399825e+01  2.15443469e+07  1.46916184e+01
 2.17103421e+07  1.23082552e+01  2.17103421e+07  3.26379249e+01
 2.18776162e+07  1.45343578e+01  2.18776162e+07  2.44076625e+01
 2.20461792e+07  1.44053977e+01  2.20461792e+07  2.45358206e+01
 2.22160409e+07  1.18230855e+01  2.22160409e+07  3.36399359e+01
 2.23872114e+07  1.16632377e+01  2.23872114e+07  3.39547710e+01
 2.25597007e+07  1.14929595e+01  2.25597007e+07  3.43520637e+01
 2.27335190e+07  1.13314879e+01  2.27335190e+07  3.46946593e+01
 2.29086765e+07  1.11651868e+01  2.29086765e+07  3.50786555e+01
 2.30851836e+07  1.36267380e+01  2.30851836e+07  2.53777543e+01
 2.32630507e+07  6.65299281e+00  2.32630507e+07  2.39491192e+01
 2.34422882e+07  1.06692490e+01  2.34422882e+07  3.62153386e+01
 2.36229066e+07  1.05076387e+01  2.36229066e+07  3.66026313e+01
 2.38049167e+07  5.85253910e+00  2.38049167e+07  2.41021073e+01
 2.39883292e+07  5.58260856e+00  2.39883292e+07  2.41527294e+01
 2.41731548e+07  1.28505527e+01  2.41731548e+07  2.62489828e+01
 2.43594045e+07  9.83970593e+00  2.43594045e+07  3.82485892e+01
 2.45470892e+07  9.67273760e+00  2.45470892e+07  3.87121822e+01
 2.47362199e+07  9.50622431e+00  2.47362199e+07  3.91563526e+01
 2.49268079e+07  1.23343144e+01  2.49268079e+07  2.68688281e+01
 2.51188643e+07  1.22079181e+01  2.51188643e+07  2.70071237e+01
 2.53124005e+07  3.58841983e+00  2.53124005e+07  2.42693694e+01
 2.55074278e+07  3.27852129e+00  2.55074278e+07  2.42593124e+01
 2.57039578e+07  2.97958517e+00  2.57039578e+07  2.42262014e+01
 2.59020020e+07  8.49731871e+00  2.59020020e+07  4.20060919e+01
 2.61015722e+07  2.34808354e+00  2.61015722e+07  2.41549098e+01
 2.63026799e+07  2.01362796e+00  2.63026799e+07  2.40914954e+01
 2.65053372e+07  7.99092294e+00  2.65053372e+07  4.35412977e+01
 2.67095559e+07  7.81888420e+00  2.67095559e+07  4.40839221e+01
 2.69153480e+07  7.64869327e+00  2.69153480e+07  4.46152311e+01
 2.71227258e+07  7.47620924e+00  2.71227258e+07  4.52409938e+01
 2.73317014e+07  7.31272728e+00  2.73317014e+07  4.57250963e+01
 2.75422870e+07  -1.02643483e-01  2.75422870e+07  2.34943411e+01
 2.77544952e+07  -4.79449258e-01  2.77544952e+07  2.33157281e+01
 2.79683385e+07  6.80408774e+00  2.79683385e+07  4.75670198e+01
 2.81838293e+07  6.62823247e+00  2.81838293e+07  4.82344378e+01
 2.84009805e+07  6.45978911e+00  2.84009805e+07  4.88861098e+01
 2.86198048e+07  6.29079162e+00  2.86198048e+07  4.95174281e+01
 2.88403150e+07  6.12840773e+00  2.88403150e+07  5.01260599e+01
 2.90625243e+07  5.95468696e+00  2.90625243e+07  5.07454421e+01
 2.92864456e+07  9.63931262e+00  2.92864456e+07  3.03568971e+01
 2.95120923e+07  5.61502539e+00  2.95120923e+07  5.21821647e+01
 2.97394775e+07  5.45305885e+00  2.97394775e+07  5.29133191e+01
 2.99686146e+07  9.25551829e+00  2.99686146e+07  3.09171837e+01
 3.01995172e+07  5.11435847e+00  3.01995172e+07  5.43943044e+01
 3.04321989e+07  4.95037862e+00  3.04321989e+07  5.51032035e+01
 3.06666733e+07  4.77670254e+00  3.06666733e+07  5.59923301e+01
 3.09029543e+07  4.61781616e+00  3.09029543e+07  5.67460824e+01
 3.11410558e+07  8.62068433e+00  3.11410558e+07  3.18476555e+01
 3.13809919e+07  8.49914388e+00  3.13809919e+07  3.20013957e+01
 3.16227766e+07  -9.24141478e+00  3.16227766e+07  1.20264007e+01
 3.18664242e+07  3.95672257e+00  3.18664242e+07  6.01798283e+01
 3.21119491e+07  -1.06641958e+01  3.21119491e+07  7.97756039e+00
 3.23593657e+07  7.98738272e+00  3.23593657e+07  3.28328919e+01
 3.26086886e+07  3.48461061e+00  3.26086886e+07  6.27407547e+01
 3.28599325e+07  3.32475935e+00  3.28599325e+07  6.36822004e+01
 3.31131121e+07  3.16382651e+00  3.31131121e+07  6.46101659e+01
 3.33682425e+07  3.01126922e+00  3.33682425e+07  6.56570385e+01
 3.36253386e+07  -1.58857448e+01  3.36253386e+07  -1.91874844e+01
 3.38844156e+07  2.70574326e+00  3.38844156e+07  6.76171571e+01
 3.41454887e+07  7.09485050e+00  3.41454887e+07  3.43359416e+01
 3.44085734e+07  -1.75499236e+01  3.44085734e+07  -4.65052122e+01
 3.46736850e+07  -1.75728039e+01  3.46736850e+07  -5.62169406e+01
 3.49408393e+07  2.11596929e+00  3.49408393e+07  7.18183058e+01
 3.52100520e+07  1.97693955e+00  3.52100520e+07  7.29023155e+01
 3.54813389e+07  1.83390061e+00  3.54813389e+07  7.40246559e+01
 3.57547160e+07  1.69408286e+00  3.57547160e+07  7.51199527e+01
 3.60301995e+07  1.56897460e+00  3.60301995e+07  7.63490070e+01
 3.63078055e+07  6.07937696e+00  3.63078055e+07  3.60570627e+01
 3.65875504e+07  1.31265652e+00  3.65875504e+07  7.86220207e+01
 3.68694506e+07  -1.29125337e+01  3.68694506e+07  2.54170246e+02
 3.71535229e+07  -1.41182340e+00  3.71535229e+07  3.02440315e+02
 3.74397839e+07  9.46829823e-01  3.74397839e+07  4.42241973e+02
 3.77282505e+07  8.43706533e-01  3.77282505e+07  4.43657786e+02
 3.80189396e+07  5.31555805e+00  3.80189396e+07  3.97446724e+02
 3.83118685e+07  6.35316354e-01  3.83118685e+07  4.46129128e+02
 3.86070543e+07  5.06373982e+00  3.86070543e+07  3.98005404e+02
 3.89045145e+07  5.25878603e+00  3.89045145e+07  3.76117914e+02
 3.92042666e+07  3.16637772e-01  3.92042666e+07  4.49753473e+02
 3.95063281e+07  4.69181335e+00  3.95063281e+07  3.98718301e+02
 3.98107171e+07  -8.22662250e+00  3.98107171e+07  2.40248423e+02
 4.01174512e+07  7.71282302e-02  4.01174512e+07  9.38750927e+01
 4.04265487e+07  -5.97416915e-03  4.04265487e+07  9.51109471e+01
 4.07380278e+07  -7.23574175e-02  4.07380278e+07  9.65533024e+01
 4.10519067e+07  -1.43893378e-01  4.10519067e+07  9.77576114e+01
 4.13682040e+07  -2.35432783e-01  4.13682040e+07  9.89505445e+01
 4.16869383e+07  -2.81989464e-01  4.16869383e+07  1.00336702e+02
 4.20081285e+07  -3.33483312e-01  4.20081285e+07  1.01697337e+02
 4.23317933e+07  -3.93191540e-01  4.23317933e+07  1.02938384e+02
 4.26579519e+07  3.43679152e+00  4.26579519e+07  4.14198678e+01
 4.29866235e+07  3.30554595e+00  4.29866235e+07  4.17382114e+01
 4.33178274e+07  3.27705335e+00  4.33178274e+07  1.68206920e+01
 4.36515832e+07  -5.23705583e+00  4.36515832e+07  -1.23198197e+02
 4.39879106e+07  -5.64960833e-01  4.39879106e+07  -2.50371967e+02
 4.43268292e+07  -6.06323138e-01  4.43268292e+07  -2.49281792e+02
 4.46683592e+07  -6.35031308e-01  4.46683592e+07  -2.47948959e+02
 4.50125206e+07  -2.07166749e+00  4.50125206e+07  -7.30419542e+01
 4.53593337e+07  2.42475881e+00  4.53593337e+07  4.38303534e+01
 4.57088190e+07  2.31464465e+00  4.57088190e+07  4.41298492e+01
 4.60609969e+07  -6.69691582e-01  4.60609969e+07  1.17070199e+02
 4.64158883e+07  -6.75824995e-01  4.64158883e+07  1.18268760e+02
 4.67735141e+07  -7.15777956e-01  4.67735141e+07  1.19415087e+02
 4.71338954e+07  -6.73356321e-01  4.71338954e+07  1.20712522e+02
 4.74970533e+07  -3.67029876e+00  4.74970533e+07  2.36731553e+02
 4.78630092e+07  -6.60697563e-01  4.78630092e+07  1.22981475e+02
 4.82317848e+07  -3.42418515e+00  4.82317848e+07  2.36763897e+02
 4.86034018e+07  -3.32091178e+00  4.86034018e+07  2.36874141e+02
 4.89778819e+07  -6.11698604e-01  4.89778819e+07  1.26362339e+02
 4.93552474e+07  1.07879041e+00  4.93552474e+07  4.75465125e+01
 4.97355204e+07  -3.07100605e+00  4.97355204e+07  -1.22786499e+02
 5.01187234e+07  -5.75545266e-01  5.01187234e+07  -2.30497244e+02
 5.05048788e+07  7.13402795e-01  5.05048788e+07  -3.11538297e+02
 5.08940095e+07  -5.49698569e-01  5.08940095e+07  -2.28466326e+02
 5.12861384e+07  -4.81338269e-01  5.12861384e+07  -2.27442346e+02
 5.16812886e+07  -2.66465673e+00  5.16812886e+07  -1.22286209e+02
 5.20794833e+07  2.34896409e-01  5.20794833e+07  5.00522316e+01
 5.24807460e+07  -2.54476948e+00  5.24807460e+07  -1.22048001e+02
 5.28851004e+07  -2.46857754e+00  5.28851004e+07  -1.21871158e+02
 5.32925703e+07  -3.62714741e-01  5.32925703e+07  -2.22744157e+02
 5.37031796e+07  -3.30876562e-01  5.37031796e+07  -2.21840598e+02
 5.41169527e+07  -3.72795493e-01  5.41169527e+07  -3.08116683e+02
 5.45339137e+07  -2.25234180e+00  5.45339137e+07  -4.81268980e+02
 5.49540874e+07  -2.11100693e-01  5.49540874e+07  -5.79248830e+02
 5.53774984e+07  -1.80802116e-01  5.53774984e+07  -5.78428185e+02
 5.58041717e+07  -1.02680305e-01  5.58041717e+07  -5.77610090e+02
 5.62341325e+07  -1.01174111e-01  5.62341325e+07  -5.76825255e+02
 5.66674061e+07  -2.81718356e-02  5.66674061e+07  -5.76033680e+02
 5.71040179e+07  -1.18604572e+00  5.71040179e+07  -6.65113523e+02
 5.75439937e+07  3.22315197e-02  5.75439937e+07  -5.74499622e+02
 5.79873595e+07  7.79014575e-02  5.79873595e+07  -5.73757627e+02
 5.84341413e+07  -1.90464484e+00  5.84341413e+07  -4.79976443e+02
 5.88843655e+07  -1.90185121e+00  5.88843655e+07  -4.79832465e+02
 5.93380586e+07  1.96613495e-01  5.93380586e+07  -5.71616721e+02
 5.97952473e+07  2.56244092e-01  5.97952473e+07  -5.70938828e+02
 6.02559586e+07  -1.79699415e+00  6.02559586e+07  -4.79244762e+02
 6.07202196e+07  -1.75040978e+00  6.07202196e+07  -4.79000742e+02
 6.11880576e+07  -1.76957840e+00  6.11880576e+07  -4.78935658e+02
 6.16595002e+07  -2.33354143e+00  6.16595002e+07  -3.00485188e+02
 6.21345752e+07  4.83632800e-01  6.21345752e+07  -2.07664023e+02
 6.26133105e+07  -2.51254779e+00  6.26133105e+07  -2.99598342e+02
 6.30957344e+07  5.31408777e-01  6.30957344e+07  -2.06443837e+02
 6.35818754e+07  5.92620826e-01  6.35818754e+07  -2.05848151e+02
 6.40717619e+07  -1.66278854e+00  6.40717619e+07  -1.17829169e+02
 6.45654229e+07  6.85005782e-01  6.45654229e+07  -2.04684630e+02
 6.50628875e+07  7.03479407e-01  6.50628875e+07  -2.04119609e+02
 6.55641849e+07  -3.14115806e+00  6.55641849e+07  -2.96453238e+02
 6.60693448e+07  7.78669957e-01  6.60693448e+07  -2.03011429e+02
 6.65783968e+07  -3.38706642e+00  6.65783968e+07  -2.95403800e+02
 6.70913710e+07  -1.64179820e+00  6.70913710e+07  -1.16710798e+02
 6.76082975e+07  8.82558742e-01  6.76082975e+07  -2.01424097e+02
 6.81292069e+07  9.72398845e-01  6.81292069e+07  -2.00917406e+02
 6.86541298e+07  -1.60256987e+00  6.86541298e+07  -1.16128319e+02
 6.91830971e+07  -1.59209749e+00  6.91830971e+07  -1.15887543e+02
 6.97161400e+07  1.09852733e+00  6.97161400e+07  -1.99438842e+02
 7.02532899e+07  -1.61347042e+00  7.02532899e+07  -1.15585644e+02
 7.07945784e+07  -4.12492603e+00  7.07945784e+07  -2.91140916e+02
 7.13400375e+07  -1.60776655e+00  7.13400375e+07  -1.15276647e+02
 7.18896992e+07  -1.62121404e+00  7.18896992e+07  -1.14985002e+02
 7.24435960e+07  1.35427871e+00  7.24435960e+07  -1.97154471e+02
 7.30017605e+07  -7.29987404e+00  7.30017605e+07  -3.31210315e+02
 7.35642254e+07  -4.59604517e+00  7.35642254e+07  -2.88457907e+02
 7.41310241e+07  -1.65062558e+00  7.41310241e+07  -1.14231135e+02
 7.47021899e+07  1.48848748e+00  7.47021899e+07  -1.95370456e+02
 7.52777564e+07  1.51104878e+00  7.52777564e+07  -1.94946902e+02
 7.58577575e+07  1.49660896e+00  7.58577575e+07  -1.94493680e+02
 7.64422274e+07  1.56359947e+00  7.64422274e+07  -1.94122943e+02
 7.70312006e+07  1.65499807e+00  7.70312006e+07  -1.93753970e+02
 7.76247117e+07  1.65636535e+00  7.76247117e+07  -1.93356887e+02
 7.82227956e+07  -1.72713557e+00  7.82227956e+07  -1.12978147e+02
 7.88254877e+07  1.78230503e+00  7.88254877e+07  -1.92563535e+02
 7.94328235e+07  1.74432941e+00  7.94328235e+07  -1.92183537e+02
 8.00448386e+07  1.86115716e+00  8.00448386e+07  -1.91815719e+02
 8.06615692e+07  -1.79468729e+00  8.06615692e+07  -1.12117437e+02
 8.12830516e+07  -1.82492874e+00  8.12830516e+07  -1.12072781e+02
 8.19093224e+07  2.01728140e+00  8.19093224e+07  -1.90768622e+02
 8.25404185e+07  -1.83540133e+00  8.25404185e+07  -1.11448474e+02
 8.31763771e+07  1.97365979e+00  8.31763771e+07  -1.89988550e+02
 8.38172356e+07  -1.88879671e+00  8.38172356e+07  -1.11179988e+02
 8.44630319e+07  -1.90591190e+00  8.44630319e+07  -1.11114233e+02
 8.51138038e+07  2.10611052e+00  8.51138038e+07  -1.89005733e+02
 8.57695899e+07  -6.07062266e+00  8.57695899e+07  -2.76784144e+02
 8.64304286e+07  -1.97252260e+00  8.64304286e+07  -1.10401112e+02
 8.70963590e+07  -6.18831745e+00  8.70963590e+07  -2.75659187e+02
 8.77674203e+07  2.30137577e+00  8.77674203e+07  -1.87703068e+02
 8.84436519e+07  -6.30303198e+00  8.84436519e+07  -2.74549418e+02
 8.91250938e+07  2.31789150e+00  8.91250938e+07  -1.87034192e+02
 8.98117861e+07  -2.10471009e+00  8.98117861e+07  -1.09483533e+02
 9.05037692e+07  -6.47114093e+00  9.05037692e+07  -2.72685621e+02
 9.12010839e+07  2.42453393e+00  9.12010839e+07  -1.86102857e+02
 9.19037713e+07  -2.18581636e+00  9.19037713e+07  -1.09020354e+02
 9.26118728e+07  2.51862294e+00  9.26118728e+07  -1.85470485e+02
 9.33254301e+07  -2.22519995e+00  9.33254301e+07  -1.08497175e+02
 9.40444852e+07  2.59995263e+00  9.40444852e+07  -1.84922490e+02
 9.47690805e+07  2.57530745e+00  9.47690805e+07  -1.84612720e+02
 9.54992586e+07  -6.82032067e+00  9.54992586e+07  -2.68579189e+02
 9.62350626e+07  -2.33685643e+00  9.62350626e+07  -1.07854868e+02
 9.69765359e+07  2.76288001e+00  9.69765359e+07  -1.83801306e+02
 9.77237221e+07  2.72312510e+00  9.77237221e+07  -1.83465174e+02
 9.84766652e+07  2.80148548e+00  9.84766652e+07  -1.83263394e+02
 9.92354096e+07  -2.45761320e+00  9.92354096e+07  -1.07036379e+02
 1.00000000e+08  2.84350029e+00  1.00000000e+08  -1.82735560e+02
 1.00770481e+08  2.90337215e+00  1.00770481e+08  -1.82474445e+02
 1.01546899e+08  2.88596374e+00  1.01546899e+08  -1.82189909e+02
 1.02329299e+08  2.93134858e+00  1.02329299e+08  -1.81880307e+02
 1.03117727e+08  -7.17482029e+00  1.03117727e+08  -2.63586809e+02
 1.03912230e+08  3.02528931e+00  1.03912230e+08  -1.81439877e+02
 1.04712855e+08  -2.66476093e+00  1.04712855e+08  -1.05664064e+02
 1.05519648e+08  -7.25689109e+00  1.05519648e+08  -2.62163534e+02
 1.06332657e+08  3.09247622e+00  1.06332657e+08  -1.80643274e+02
 1.07151931e+08  -7.31568411e+00  1.07151931e+08  -2.61167270e+02
 1.07977516e+08  3.31064985e+00  1.07977516e+08  -1.80262208e+02
 1.08809463e+08  3.15069790e+00  1.08809463e+08  -1.79995856e+02
 1.09647820e+08  3.27120134e+00  1.09647820e+08  -1.79802316e+02
 1.10492636e+08  3.25745637e+00  1.10492636e+08  -1.79490673e+02
 1.11343961e+08  3.27791941e+00  1.11343961e+08  -1.79233786e+02
 1.12201845e+08  3.41511831e+00  1.12201845e+08  -1.79087817e+02
 1.13066340e+08  3.35332819e+00  1.13066340e+08  -1.78853555e+02
 1.13937495e+08  3.39281754e+00  1.13937495e+08  -1.78654866e+02
 1.14815362e+08  3.43115278e+00  1.14815362e+08  -1.78441452e+02
 1.15699993e+08  3.44160428e+00  1.15699993e+08  -1.78138312e+02
 1.16591440e+08  -7.57016977e+00  1.16591440e+08  -2.56239485e+02
 1.17489755e+08  -3.21122107e+00  1.17489755e+08  -1.03373037e+02
 1.18394992e+08  -3.23015579e+00  1.18394992e+08  -1.02849138e+02
 1.19307204e+08  3.70428471e+00  1.19307204e+08  -1.77476957e+02
 1.20226443e+08  3.63534870e+00  1.20226443e+08  -1.77174565e+02
 1.21152766e+08  3.73376394e+00  1.21152766e+08  -1.77086110e+02
 1.22086225e+08  -3.39297195e+00  1.22086225e+08  -1.02437286e+02
 1.23026877e+08  -7.66781057e+00  1.23026877e+08  -2.53776134e+02
 1.23974776e+08  -7.69339369e+00  1.23974776e+08  -2.53336713e+02
 1.24929979e+08  3.79345940e+00  1.24929979e+08  -1.76256013e+02
 1.25892541e+08  -7.70402547e+00  1.25892541e+08  -2.52751782e+02
 1.26862520e+08  3.85913757e+00  1.26862520e+08  -1.75876829e+02
 1.27839972e+08  -3.61898500e+00  1.27839972e+08  -1.01327481e+02
 1.28824955e+08  -7.75384363e+00  1.28824955e+08  -2.51549112e+02
 1.29817528e+08  3.90715772e+00  1.29817528e+08  -1.75274315e+02
 1.30817747e+08  3.90189332e+00  1.30817747e+08  -1.75130403e+02
 1.31825674e+08  4.02875537e+00  1.31825674e+08  -1.75028594e+02
 1.32841366e+08  4.14944336e+00  1.32841366e+08  -1.74859201e+02
 1.33864884e+08  4.02198834e+00  1.33864884e+08  -1.74694178e+02
 1.34896288e+08  -3.90054286e+00  1.34896288e+08  -1.00430924e+02
 1.35935639e+08  4.17075844e+00  1.35935639e+08  -1.74444689e+02
 1.36982998e+08  4.16485260e+00  1.36982998e+08  -1.74204869e+02
 1.38038426e+08  4.34385273e+00  1.38038426e+08  -1.74144081e+02
 1.39101987e+08  4.20305229e+00  1.39101987e+08  -1.73918946e+02
 1.40173742e+08  -7.84781280e+00  1.40173742e+08  -2.48810021e+02
 1.41253754e+08  4.24157570e+00  1.41253754e+08  -1.73605485e+02
 1.42342088e+08  4.41871717e+00  1.42342088e+08  -1.73508684e+02
 1.43438808e+08  -4.23670415e+00  1.43438808e+08  -9.96732190e+01
 1.44543977e+08  4.48991726e+00  1.44543977e+08  -1.73252834e+02
 1.45657662e+08  -1.61247662e+01  1.45657662e+08  -2.59509894e+02
 1.46779927e+08  4.41285394e+00  1.46779927e+08  -1.72926236e+02
 1.47910839e+08  4.45915474e+00  1.47910839e+08  -1.72796015e+02
 1.49050464e+08  -4.41405417e+00  1.49050464e+08  -9.86523138e+01
 1.50198870e+08  4.40579246e+00  1.50198870e+08  -1.72541397e+02
 1.51356125e+08  -7.92708856e+00  1.51356125e+08  -2.46539905e+02
 1.52522296e+08  -4.55338574e+00  1.52522296e+08  -9.84447711e+01
 1.53697452e+08  -4.59429172e+00  1.53697452e+08  -9.83682045e+01
 1.54881662e+08  -7.94519975e+00  1.54881662e+08  -2.46051994e+02
 1.56074996e+08  -4.67805443e+00  1.56074996e+08  -9.82244757e+01
 1.57277525e+08  -4.70708327e+00  1.57277525e+08  -9.77743675e+01
 1.58489319e+08  4.92699657e+00  1.58489319e+08  -1.71858372e+02
 1.59710450e+08  -4.80831274e+00  1.59710450e+08  -9.78754680e+01
 1.60940989e+08  -4.85107758e+00  1.60940989e+08  -9.77079482e+01
 1.62181010e+08  4.85001379e+00  1.62181010e+08  -1.71521715e+02
 1.63430584e+08  4.96017042e+00  1.63430584e+08  -1.71470745e+02
 1.64689787e+08  5.07530152e+00  1.64689787e+08  -1.71384140e+02
 1.65958691e+08  -4.99739718e+00  1.65958691e+08  -9.69012766e+01
 1.67237372e+08  -8.01282552e+00  1.67237372e+08  -2.45031442e+02
 1.68525904e+08  -8.03427478e+00  1.68525904e+08  -2.44485478e+02
 1.69824365e+08  5.19876952e+00  1.69824365e+08  -1.71122596e+02
 1.71132830e+08  -8.03379724e+00  1.71132830e+08  -2.44810139e+02
 1.72451377e+08  5.04751935e+00  1.72451377e+08  -1.70837109e+02
 1.73780083e+08  5.20371428e+00  1.73780083e+08  -1.70854338e+02
 1.75119026e+08  -8.07586720e+00  1.75119026e+08  -2.44105596e+02
 1.76468286e+08  -8.07656161e+00  1.76468286e+08  -2.44359942e+02
 1.77827941e+08  5.25084367e+00  1.77827941e+08  -1.70678957e+02
 1.79198072e+08  5.43261194e+00  1.79198072e+08  -1.70700277e+02
 1.80578760e+08  5.38031841e+00  1.80578760e+08  -1.70561316e+02
 1.81970086e+08  5.57168187e+00  1.81970086e+08  -1.70558943e+02
 1.83372132e+08  5.28697622e+00  1.83372132e+08  -1.70455781e+02
 1.84784980e+08  -8.14375924e+00  1.84784980e+08  -2.43879299e+02
 1.86208714e+08  5.69039376e+00  1.86208714e+08  -1.70381374e+02
 1.87643417e+08  -5.69760509e+00  1.87643417e+08  -9.58364158e+01
 1.89089175e+08  -5.75250565e+00  1.89089175e+08  -9.59259261e+01
 1.90546072e+08  5.60444637e+00  1.90546072e+08  -1.70302606e+02
 1.92014194e+08  -8.19807335e+00  1.92014194e+08  -2.43708783e+02
 1.93493628e+08  5.82375786e+00  1.93493628e+08  -1.70273744e+02
 1.94984460e+08  -5.92560247e+00  1.94984460e+08  -9.55447718e+01
 1.96486779e+08  -5.97948823e+00  1.96486779e+08  -9.56814372e+01
 1.98000673e+08  -8.25082993e+00  1.98000673e+08  -2.43768023e+02
 1.99526231e+08  5.76548738e+00  1.99526231e+08  -1.70171033e+02
 2.01063544e+08  5.75584878e+00  2.01063544e+08  -1.70159101e+02
 2.02612701e+08  5.75124817e+00  2.02612701e+08  -1.70145533e+02
 2.04173794e+08  6.04886713e+00  2.04173794e+08  -1.70181027e+02
 2.05746916e+08  6.05644694e+00  2.05746916e+08  -1.70171242e+02
 2.07332157e+08  6.05943859e+00  2.07332157e+08  -1.70174163e+02
 2.08929613e+08  6.07092760e+00  2.08929613e+08  -1.70174011e+02
 2.10539377e+08  -8.36088372e+00  2.10539377e+08  -2.44264346e+02
 2.12161544e+08  -6.44487559e+00  2.12161544e+08  -9.52532126e+01
 2.13796209e+08  6.13341240e+00  2.13796209e+08  -1.70196100e+02
 2.15443469e+08  6.15157214e+00  2.15443469e+08  -1.70256965e+02
 2.17103421e+08  6.18143073e+00  2.17103421e+08  -1.70222699e+02
 2.18776162e+08  -8.45003843e+00  2.18776162e+08  -2.44514425e+02
 2.20461792e+08  -6.68837961e+00  2.20461792e+08  -9.51420060e+01
 2.22160409e+08  -6.73727430e+00  2.22160409e+08  -9.51774159e+01
 2.23872114e+08  -6.79288927e+00  2.23872114e+08  -9.51870700e+01
 2.25597007e+08  -8.52627008e+00  2.25597007e+08  -2.44638120e+02
 2.27335190e+08  6.44294251e+00  2.27335190e+08  -1.70433819e+02
 2.29086765e+08  6.50143379e+00  2.29086765e+08  -1.70419336e+02
 2.30851836e+08  -8.58378986e+00  2.30851836e+08  -2.45286103e+02
 2.32630507e+08  -8.60420784e+00  2.32630507e+08  -2.45512832e+02
 2.34422882e+08  5.94861126e+00  2.34422882e+08  -1.70409603e+02
 2.36229066e+08  -7.14569124e+00  2.36229066e+08  -9.53007673e+01
 2.38049167e+08  6.07064915e+00  2.38049167e+08  -1.70548387e+02
 2.39883292e+08  6.56032623e+00  2.39883292e+08  -1.70711544e+02
 2.41731548e+08  6.22821612e+00  2.41731548e+08  -1.70656062e+02
 2.43594045e+08  -7.36226299e+00  2.43594045e+08  -9.53410844e+01
 2.45470892e+08  -8.78518891e+00  2.45470892e+08  -2.45655947e+02
 2.47362199e+08  -8.80643129e+00  2.47362199e+08  -2.45950373e+02
 2.49268079e+08  -7.50209689e+00  2.49268079e+08  -9.47431872e+01
 2.51188643e+08  -8.86068559e+00  2.51188643e+08  -2.45988121e+02
 2.53124005e+08  -7.61030877e+00  2.53124005e+08  -9.47173095e+01
 2.55074278e+08  6.51790862e+00  2.55074278e+08  -1.71060105e+02
 2.57039578e+08  6.63145248e+00  2.57039578e+08  -1.71115478e+02
 2.59020020e+08  -8.96530701e+00  2.59020020e+08  -2.46675354e+02
 2.61015722e+08  6.92476855e+00  2.61015722e+08  -1.71281685e+02
 2.63026799e+08  6.58728949e+00  2.63026799e+08  -1.71323115e+02
 2.65053372e+08  -9.05765766e+00  2.65053372e+08  -2.47087121e+02
 2.67095559e+08  -9.07952275e+00  2.67095559e+08  -2.47460323e+02
 2.69153480e+08  -8.08176280e+00  2.69153480e+08  -9.58317673e+01
 2.71227258e+08  -8.12269073e+00  2.71227258e+08  -9.51940395e+01
 2.73317014e+08  6.36244477e+00  2.73317014e+08  -1.71629859e+02
 2.75422870e+08  6.54497622e+00  2.75422870e+08  -1.71733906e+02
 2.77544952e+08  -9.24535088e+00  2.77544952e+08  -2.48073725e+02
 2.79683385e+08  6.89762823e+00  2.79683385e+08  -1.71880188e+02
 2.81838293e+08  -8.43236592e+00  2.81838293e+08  -9.59161073e+01
 2.84009805e+08  -8.47796064e+00  2.84009805e+08  -9.57287398e+01
 2.86198048e+08  -9.39195501e+00  2.86198048e+08  -2.48556371e+02
 2.88403150e+08  6.61331258e+00  2.88403150e+08  -1.72198955e+02
 2.90625243e+08  -9.45274551e+00  2.90625243e+08  -2.49360322e+02
 2.92864456e+08  6.47860283e+00  2.92864456e+08  -1.72285705e+02
 2.95120923e+08  6.71339173e+00  2.95120923e+08  -1.72380136e+02
 2.97394775e+08  -9.57530875e+00  2.97394775e+08  -2.48789603e+02
 2.99686146e+08  7.19825377e+00  2.99686146e+08  -1.72660704e+02
 3.01995172e+08  -9.64798685e+00  3.01995172e+08  -2.49674905e+02
 3.04321989e+08  -9.03642356e+00  3.04321989e+08  -9.62252903e+01
 3.06666733e+08  7.38995132e+00  3.06666733e+08  -1.72929110e+02
 3.09029543e+08  7.04392413e+00  3.09029543e+08  -1.72934403e+02
 3.11410558e+08  6.65149048e+00  3.11410558e+08  -1.72989987e+02
 3.13809919e+08  -1.48870060e+01  3.13809919e+08  -9.56073131e+01
 3.16227766e+08  -9.33301251e+00  3.16227766e+08  -9.52582198e+01
 3.18664242e+08  6.91856815e+00  3.18664242e+08  -1.73346265e+02
 3.21119491e+08  -1.51195727e+01  3.21119491e+08  -9.62262046e+01
 3.23593657e+08  7.60244960e+00  3.23593657e+08  -1.73498116e+02
 3.26086886e+08  -9.60884941e+00  3.26086886e+08  -9.63615059e+01
 3.28599325e+08  -1.00978164e+01  3.28599325e+08  -2.51779091e+02
 3.31131121e+08  -9.73517989e+00  3.31131121e+08  -9.59063370e+01
 3.33682425e+08  7.57492598e+00  3.33682425e+08  -1.73873648e+02
 3.36253386e+08  -1.02452521e+01  3.36253386e+08  -2.51261900e+02
 3.38844156e+08  6.80887746e+00  3.38844156e+08  -1.73998274e+02
 3.41454887e+08  -1.57282448e+01  3.41454887e+08  -9.68229505e+01
 3.44085734e+08  -1.00727660e+01  3.44085734e+08  -9.65600578e+01
 3.46736850e+08  -1.58841329e+01  3.46736850e+08  -9.66914099e+01
 3.49408393e+08  6.85440965e+00  3.49408393e+08  -1.74293610e+02
 3.52100520e+08  7.31325295e+00  3.52100520e+08  -1.74406814e+02
 3.54813389e+08  6.09385167e+00  3.54813389e+08  -1.74430251e+02
 3.57547160e+08  7.39360776e+00  3.57547160e+08  -1.74648972e+02
 3.60301995e+08  -1.04691563e+01  3.60301995e+08  -9.60501251e+01
 3.63078055e+08  7.54395135e+00  3.63078055e+08  -1.74751761e+02
 3.65875504e+08  -1.06083963e+01  3.65875504e+08  -9.60798892e+01
 3.68694506e+08  7.68041709e+00  3.68694506e+08  -1.75032638e+02
 3.71535229e+08  7.27038871e+00  3.71535229e+08  -1.75005387e+02
 3.74397839e+08  6.83573262e+00  3.74397839e+08  -1.74987660e+02
 3.77282505e+08  7.40971788e+00  3.77282505e+08  -1.75129692e+02
 3.80189396e+08  -1.09787479e+01  3.80189396e+08  -9.72629441e+01
 3.83118685e+08  -1.10470925e+01  3.83118685e+08  -9.68434140e+01
 3.86070543e+08  -1.11026684e+01  3.86070543e+08  -2.54515227e+02
 3.89045145e+08  7.87277013e+00  3.89045145e+08  -1.75531785e+02
 3.92042666e+08  -1.12253803e+01  3.92042666e+08  -2.54212847e+02
 3.95063281e+08  8.17850945e+00  3.95063281e+08  -1.75780204e+02
 3.98107171e+08  7.73300597e+00  3.98107171e+08  -1.75659711e+02
 4.01174512e+08  -1.14703105e+01  4.01174512e+08  -9.66101595e+01
 4.04265487e+08  -1.15462466e+01  4.04265487e+08  -9.69534505e+01
 4.07380278e+08  6.47545483e+00  4.07380278e+08  -1.75848765e+02
 4.10519067e+08  -1.15423322e+01  4.10519067e+08  -2.55026844e+02
 4.13682040e+08  6.75305086e+00  4.13682040e+08  -1.76057635e+02
 4.16869383e+08  6.37043693e+00  4.16869383e+08  -1.76052904e+02
 4.20081285e+08  8.43013080e+00  4.20081285e+08  -1.76254274e+02
 4.23317933e+08  6.73416454e+00  4.23317933e+08  -1.76415892e+02
 4.26579519e+08  7.52606533e+00  4.26579519e+08  -1.76459222e+02
 4.29866235e+08  7.12923937e+00  4.29866235e+08  -1.76528057e+02
 4.33178274e+08  8.03756116e+00  4.33178274e+08  -1.76624553e+02
 4.36515832e+08  7.58612748e+00  4.36515832e+08  -1.76595202e+02
 4.39879106e+08  8.57946168e+00  4.39879106e+08  -1.76759430e+02
 4.43268292e+08  -1.20812994e+01  4.43268292e+08  -2.57287618e+02
 4.46683592e+08  -1.24929680e+01  4.46683592e+08  -9.68150558e+01
 4.50125206e+08  5.96950699e+00  4.50125206e+08  -1.76852547e+02
 4.53593337e+08  -1.26562958e+01  4.53593337e+08  -9.74778427e+01
 4.57088190e+08  -1.23200357e+01  4.57088190e+08  -2.56731505e+02
 4.60609969e+08  9.12409001e+00  4.60609969e+08  -1.77250982e+02
 4.64158883e+08  -1.28694477e+01  4.64158883e+08  -9.74036393e+01
 4.67735141e+08  1.00132632e+01  4.67735141e+08  -1.77509108e+02
 4.71338954e+08  7.67129609e+00  4.71338954e+08  -1.77315643e+02
 4.74970533e+08  -1.30938325e+01  4.74970533e+08  -9.72950697e+01
 4.78630092e+08  -1.31698091e+01  4.78630092e+08  -9.75743243e+01
 4.82317848e+08  -1.27226243e+01  4.82317848e+08  -2.57758076e+02
 4.86034018e+08  7.53625719e+00  4.86034018e+08  -1.77365699e+02
 4.89778819e+08  -1.28353291e+01  4.89778819e+08  -2.58541378e+02
 4.93552474e+08  -1.28889697e+01  4.93552474e+08  -2.59435567e+02
 4.97355204e+08  6.28269904e+00  4.97355204e+08  -1.77622243e+02
 5.01187234e+08  9.56471852e+00  5.01187234e+08  -1.77796983e+02
 5.05048788e+08  7.09099585e+00  5.05048788e+08  -1.77728719e+02
 5.08940095e+08  -1.31359854e+01  5.08940095e+08  -2.58911187e+02
 5.12861384e+08  8.08492939e+00  5.12861384e+08  -1.77917896e+02
 5.16812886e+08  -1.32510417e+01  5.16812886e+08  -2.59725677e+02
 5.20794833e+08  -1.33090228e+01  5.20794833e+08  -2.59688084e+02
 5.24807460e+08  -1.33627505e+01  5.24807460e+08  -2.59564355e+02
 5.28851004e+08  8.32137660e+00  5.28851004e+08  -1.78252378e+02
 5.32925703e+08  7.86877926e+00  5.32925703e+08  -1.78116195e+02
 5.37031796e+08  7.41136795e+00  5.37031796e+08  -1.78445813e+02
 5.41169527e+08  -1.36138607e+01  5.41169527e+08  -2.60130427e+02
 5.45339137e+08  6.57871074e+00  5.45339137e+08  -1.78495159e+02
 5.49540874e+08  6.12902532e+00  5.49540874e+08  -1.78334746e+02
 5.53774984e+08  7.75928881e+00  5.53774984e+08  -1.78479852e+02
 5.58041717e+08  -1.38444521e+01  5.58041717e+08  -2.60866199e+02
 5.62341325e+08  4.94514425e+00  5.62341325e+08  -1.78386108e+02
 5.66674061e+08  8.78191048e+00  5.66674061e+08  -1.78867383e+02
 5.71040179e+08  -1.40414002e+01  5.71040179e+08  -2.60518548e+02
 5.75439937e+08  7.81967387e+00  5.75439937e+08  -1.78863574e+02
 5.79873595e+08  7.38435857e+00  5.79873595e+08  -1.78695761e+02
 5.84341413e+08  9.66028753e+00  5.84341413e+08  -1.79171291e+02
 5.88843655e+08  6.50934941e+00  5.88843655e+08  -1.78523239e+02
 5.93380586e+08  8.57180581e+00  5.93380586e+08  -1.78767529e+02
 5.97952473e+08  -1.43938606e+01  5.97952473e+08  -2.62391372e+02
 6.02559586e+08  -1.54637343e+01  6.02559586e+08  -9.69267609e+01
 6.07202196e+08  -2.20270212e+01  6.07202196e+08  -9.79101528e+01
 6.11880576e+08  -1.46018681e+01  6.11880576e+08  -2.60742259e+02
 6.16595002e+08  -2.01600143e+01  6.16595002e+08  -2.61168493e+02
 6.21345752e+08  -1.57348990e+01  6.21345752e+08  -9.50694134e+01
 6.26133105e+08  -1.47824067e+01  6.26133105e+08  -2.61692084e+02
 6.30957344e+08  -1.59158305e+01  6.30957344e+08  -9.67838500e+01
 6.35818754e+08  -1.49093980e+01  6.35818754e+08  -2.61513465e+02
 6.40717619e+08  6.83760446e+00  6.40717619e+08  -1.79177791e+02
 6.45654229e+08  4.08411399e+00  6.45654229e+08  -1.78998327e+02
 6.50628875e+08  -1.62261835e+01  6.50628875e+08  -9.75690237e+01
 6.55641849e+08  -1.51539906e+01  6.55641849e+08  -2.62469125e+02
 6.60693448e+08  -1.63675743e+01  6.60693448e+08  -9.64083274e+01
 6.65783968e+08  -1.64261278e+01  6.65783968e+08  -9.51363637e+01
 6.70913710e+08  7.17541444e+00  6.70913710e+08  -1.79273708e+02
 6.76082975e+08  -1.65881114e+01  6.76082975e+08  -9.55022828e+01
 6.81292069e+08  -1.54636107e+01  6.81292069e+08  -2.63447674e+02
 6.86541298e+08  -1.55367808e+01  6.86541298e+08  -2.63378372e+02
 6.91830971e+08  -1.55916757e+01  6.91830971e+08  -2.63263926e+02
 6.97161400e+08  8.34253581e+00  6.97161400e+08  -1.79759506e+02
 7.02532899e+08  7.89191227e+00  7.02532899e+08  -1.79451821e+02
 7.07945784e+08  -1.70564021e+01  7.07945784e+08  -9.64610603e+01
 7.13400375e+08  4.04822235e+00  7.13400375e+08  -1.79315393e+02
 7.18896992e+08  -1.59030467e+01  7.18896992e+08  -2.64318550e+02
 7.24435960e+08  1.02753001e+01  7.24435960e+08  -1.80190628e+02
 7.30017605e+08  -1.60388294e+01  7.30017605e+08  -2.64063073e+02
 7.35642254e+08  5.38971820e+00  7.35642254e+08  -1.79886445e+02
 7.41310241e+08  8.64546955e+00  7.41310241e+08  -1.80329790e+02
 7.47021899e+08  -1.75635662e+01  7.47021899e+08  -9.41757109e+01
 7.52777564e+08  -1.76462051e+01  7.52777564e+08  -9.43498967e+01
 7.58577575e+08  7.25605714e+00  7.58577575e+08  -1.79988148e+02
 7.64422274e+08  1.20334762e+01  7.64422274e+08  -1.80525366e+02
 7.70312006e+08  -1.78726222e+01  7.70312006e+08  -9.47630289e+01
 7.76247117e+08  5.99292134e+00  7.76247117e+08  -1.80319017e+02
 7.82227956e+08  5.58876473e+00  7.82227956e+08  -1.79933434e+02
 7.88254877e+08  -1.66663036e+01  7.88254877e+08  -2.65003616e+02
 7.94328235e+08  -1.81742587e+01  7.94328235e+08  -9.52104833e+01
 8.00448386e+08  4.48624399e+00  8.00448386e+08  -1.80067130e+02
 8.06615692e+08  8.13900857e+00  8.06615692e+08  -1.80238682e+02
 8.12830516e+08  -1.69268604e+01  8.12830516e+08  -2.64712702e+02
 8.19093224e+08  1.41084349e+01  8.19093224e+08  -1.80232246e+02
 8.25404185e+08  -1.85531048e+01  8.25404185e+08  -9.58750149e+01
 8.31763771e+08  1.25425367e+01  8.31763771e+08  -1.81707207e+02
 8.38172356e+08  -1.71796717e+01  8.38172356e+08  -2.66060280e+02
 8.44630319e+08  5.55462344e+00  8.44630319e+08  -1.80107096e+02
 8.51138038e+08  -1.72927433e+01  8.51138038e+08  -2.67714896e+02
 8.57695899e+08  -1.73646185e+01  8.57695899e+08  -2.65906699e+02
 8.64304286e+08  -1.90074627e+01  8.64304286e+08  -9.46288287e+01
 8.70963590e+08  -1.74852441e+01  8.70963590e+08  -2.65817651e+02
 8.77674203e+08  8.49540263e+00  8.77674203e+08  -1.80454279e+02
 8.84436519e+08  -1.76307946e+01  8.84436519e+08  -2.65769390e+02
 8.91250938e+08  7.54778002e+00  8.91250938e+08  -1.80378765e+02
 8.98117861e+08  7.08548295e+00  8.98117861e+08  -1.80444725e+02
 9.05037692e+08  2.41471220e+00  9.05037692e+08  -1.80530527e+02
 9.12010839e+08  1.43987850e+01  9.12010839e+08  -1.81651089e+02
 9.19037713e+08  -1.79311662e+01  9.19037713e+08  -2.67171878e+02
 9.26118728e+08  -1.96852100e+01  9.26118728e+08  -9.34456428e+01
 9.33254301e+08  -1.97521762e+01  9.33254301e+08  -9.34717313e+01
 9.40444852e+08  -1.81251459e+01  9.40444852e+08  -2.69061067e+02
 9.47690805e+08  4.35212490e+00  9.47690805e+08  -1.80648619e+02
 9.54992586e+08  -1.82579813e+01  9.54992586e+08  -2.67149456e+02
 9.62350626e+08  3.64391064e+00  9.62350626e+08  -1.79946916e+02
 9.69765359e+08  9.21399434e+00  9.69765359e+08  -1.81502154e+02
 9.77237221e+08  8.63053809e+00  9.77237221e+08  -1.82279857e+02
 9.84766652e+08  8.19355507e+00  9.84766652e+08  -1.80572209e+02
 9.92354096e+08  2.47313531e+01  9.92354096e+08  -1.86130940e+02
 1.00000000e+09  7.25161996e+00  1.00000000e+09  -1.78945006e+02
