 1.00000000e+00  4.63856906e+01  1.00000000e+00  1.79999998e+02
 1.00770481e+00  4.63856906e+01  1.00770481e+00  1.79999998e+02
 1.01546899e+00  4.63856906e+01  1.01546899e+00  1.79999998e+02
 1.02329299e+00  4.63856906e+01  1.02329299e+00  1.79999998e+02
 1.03117727e+00  4.63856906e+01  1.03117727e+00  1.79999998e+02
 1.03912230e+00  4.63856906e+01  1.03912230e+00  1.79999998e+02
 1.04712855e+00  4.63856906e+01  1.04712855e+00  1.79999998e+02
 1.05519648e+00  4.63856906e+01  1.05519648e+00  1.79999998e+02
 1.06332657e+00  4.63856906e+01  1.06332657e+00  1.79999998e+02
 1.07151931e+00  4.63856906e+01  1.07151931e+00  1.79999998e+02
 1.07977516e+00  4.63856906e+01  1.07977516e+00  1.79999998e+02
 1.08809463e+00  4.63856906e+01  1.08809463e+00  1.79999998e+02
 1.09647820e+00  4.63856906e+01  1.09647820e+00  1.79999998e+02
 1.10492636e+00  4.63856906e+01  1.10492636e+00  1.79999998e+02
 1.11343961e+00  4.63856906e+01  1.11343961e+00  1.79999998e+02
 1.12201845e+00  4.63856906e+01  1.12201845e+00  1.79999998e+02
 1.13066340e+00  4.63856906e+01  1.13066340e+00  1.79999998e+02
 1.13937495e+00  4.63856906e+01  1.13937495e+00  1.79999998e+02
 1.14815362e+00  4.63856906e+01  1.14815362e+00  1.79999998e+02
 1.15699993e+00  4.63856906e+01  1.15699993e+00  1.79999998e+02
 1.16591440e+00  4.63856906e+01  1.16591440e+00  1.79999998e+02
 1.17489755e+00  4.63856906e+01  1.17489755e+00  1.79999998e+02
 1.18394992e+00  4.63856906e+01  1.18394992e+00  1.79999998e+02
 1.19307204e+00  4.63856906e+01  1.19307204e+00  1.79999998e+02
 1.20226443e+00  4.63856906e+01  1.20226443e+00  1.79999998e+02
 1.21152766e+00  4.63856906e+01  1.21152766e+00  1.79999998e+02
 1.22086225e+00  4.63856906e+01  1.22086225e+00  1.79999998e+02
 1.23026877e+00  4.63856906e+01  1.23026877e+00  1.79999998e+02
 1.23974776e+00  4.63856906e+01  1.23974776e+00  1.79999998e+02
 1.24929979e+00  4.63856906e+01  1.24929979e+00  1.79999998e+02
 1.25892541e+00  4.63856906e+01  1.25892541e+00  1.79999998e+02
 1.26862520e+00  4.63856906e+01  1.26862520e+00  1.79999998e+02
 1.27839972e+00  4.63856906e+01  1.27839972e+00  1.79999998e+02
 1.28824955e+00  4.63856906e+01  1.28824955e+00  1.79999998e+02
 1.29817528e+00  4.63856906e+01  1.29817528e+00  1.79999998e+02
 1.30817747e+00  4.63856906e+01  1.30817747e+00  1.79999998e+02
 1.31825674e+00  4.63856906e+01  1.31825674e+00  1.79999998e+02
 1.32841366e+00  4.63856906e+01  1.32841366e+00  1.79999998e+02
 1.33864884e+00  4.63856906e+01  1.33864884e+00  1.79999998e+02
 1.34896288e+00  4.63856906e+01  1.34896288e+00  1.79999998e+02
 1.35935639e+00  4.63856906e+01  1.35935639e+00  1.79999998e+02
 1.36982998e+00  4.63856906e+01  1.36982998e+00  1.79999998e+02
 1.38038426e+00  4.63856906e+01  1.38038426e+00  1.79999998e+02
 1.39101987e+00  4.63856906e+01  1.39101987e+00  1.79999998e+02
 1.40173742e+00  4.63856906e+01  1.40173742e+00  1.79999998e+02
 1.41253754e+00  4.63856906e+01  1.41253754e+00  1.79999998e+02
 1.42342088e+00  4.63856906e+01  1.42342088e+00  1.79999998e+02
 1.43438808e+00  4.63856906e+01  1.43438808e+00  1.79999998e+02
 1.44543977e+00  4.63856906e+01  1.44543977e+00  1.79999998e+02
 1.45657662e+00  4.63856906e+01  1.45657662e+00  1.79999998e+02
 1.46779927e+00  4.63856906e+01  1.46779927e+00  1.79999998e+02
 1.47910839e+00  4.63856906e+01  1.47910839e+00  1.79999998e+02
 1.49050464e+00  4.63856906e+01  1.49050464e+00  1.79999998e+02
 1.50198870e+00  4.63856906e+01  1.50198870e+00  1.79999998e+02
 1.51356125e+00  4.63856906e+01  1.51356125e+00  1.79999998e+02
 1.52522296e+00  4.63856906e+01  1.52522296e+00  1.79999998e+02
 1.53697452e+00  4.63856906e+01  1.53697452e+00  1.79999998e+02
 1.54881662e+00  4.63856906e+01  1.54881662e+00  1.79999998e+02
 1.56074996e+00  4.63856906e+01  1.56074996e+00  1.79999998e+02
 1.57277525e+00  4.63856906e+01  1.57277525e+00  1.79999998e+02
 1.58489319e+00  4.63856906e+01  1.58489319e+00  1.79999998e+02
 1.59710450e+00  4.63856906e+01  1.59710450e+00  1.79999998e+02
 1.60940989e+00  4.63856906e+01  1.60940989e+00  1.79999997e+02
 1.62181010e+00  4.63856906e+01  1.62181010e+00  1.79999997e+02
 1.63430584e+00  4.63856906e+01  1.63430584e+00  1.79999997e+02
 1.64689787e+00  4.63856906e+01  1.64689787e+00  1.79999997e+02
 1.65958691e+00  4.63856906e+01  1.65958691e+00  1.79999997e+02
 1.67237372e+00  4.63856906e+01  1.67237372e+00  1.79999997e+02
 1.68525904e+00  4.63856906e+01  1.68525904e+00  1.79999997e+02
 1.69824365e+00  4.63856906e+01  1.69824365e+00  1.79999997e+02
 1.71132830e+00  4.63856906e+01  1.71132830e+00  1.79999997e+02
 1.72451377e+00  4.63856906e+01  1.72451377e+00  1.79999997e+02
 1.73780083e+00  4.63856906e+01  1.73780083e+00  1.79999997e+02
 1.75119026e+00  4.63856906e+01  1.75119026e+00  1.79999997e+02
 1.76468286e+00  4.63856906e+01  1.76468286e+00  1.79999997e+02
 1.77827941e+00  4.63856906e+01  1.77827941e+00  1.79999997e+02
 1.79198072e+00  4.63856906e+01  1.79198072e+00  1.79999997e+02
 1.80578760e+00  4.63856906e+01  1.80578760e+00  1.79999997e+02
 1.81970086e+00  4.63856906e+01  1.81970086e+00  1.79999997e+02
 1.83372132e+00  4.63856906e+01  1.83372132e+00  1.79999997e+02
 1.84784980e+00  4.63856906e+01  1.84784980e+00  1.79999997e+02
 1.86208714e+00  4.63856906e+01  1.86208714e+00  1.79999997e+02
 1.87643417e+00  4.63856906e+01  1.87643417e+00  1.79999997e+02
 1.89089175e+00  4.63856906e+01  1.89089175e+00  1.79999997e+02
 1.90546072e+00  4.63856906e+01  1.90546072e+00  1.79999997e+02
 1.92014194e+00  4.63856906e+01  1.92014194e+00  1.79999997e+02
 1.93493628e+00  4.63856906e+01  1.93493628e+00  1.79999997e+02
 1.94984460e+00  4.63856906e+01  1.94984460e+00  1.79999997e+02
 1.96486779e+00  4.63856906e+01  1.96486779e+00  1.79999997e+02
 1.98000673e+00  4.63856906e+01  1.98000673e+00  1.79999997e+02
 1.99526231e+00  4.63856906e+01  1.99526231e+00  1.79999997e+02
 2.01063544e+00  4.63856906e+01  2.01063544e+00  1.79999997e+02
 2.02612701e+00  4.63856906e+01  2.02612701e+00  1.79999997e+02
 2.04173794e+00  4.63856906e+01  2.04173794e+00  1.79999997e+02
 2.05746916e+00  4.63856906e+01  2.05746916e+00  1.79999997e+02
 2.07332157e+00  4.63856906e+01  2.07332157e+00  1.79999997e+02
 2.08929613e+00  4.63856906e+01  2.08929613e+00  1.79999997e+02
 2.10539377e+00  4.63856906e+01  2.10539377e+00  1.79999997e+02
 2.12161544e+00  4.63856906e+01  2.12161544e+00  1.79999997e+02
 2.13796209e+00  4.63856906e+01  2.13796209e+00  1.79999997e+02
 2.15443469e+00  4.63856906e+01  2.15443469e+00  1.79999997e+02
 2.17103421e+00  4.63856906e+01  2.17103421e+00  1.79999997e+02
 2.18776162e+00  4.63856906e+01  2.18776162e+00  1.79999997e+02
 2.20461792e+00  4.63856906e+01  2.20461792e+00  1.79999997e+02
 2.22160409e+00  4.63856906e+01  2.22160409e+00  1.79999997e+02
 2.23872114e+00  4.63856906e+01  2.23872114e+00  1.79999997e+02
 2.25597007e+00  4.63856906e+01  2.25597007e+00  1.79999996e+02
 2.27335190e+00  4.63856906e+01  2.27335190e+00  1.79999996e+02
 2.29086765e+00  4.63856906e+01  2.29086765e+00  1.79999996e+02
 2.30851836e+00  4.63856906e+01  2.30851836e+00  1.79999996e+02
 2.32630507e+00  4.63856906e+01  2.32630507e+00  1.79999996e+02
 2.34422882e+00  4.63856906e+01  2.34422882e+00  1.79999996e+02
 2.36229066e+00  4.63856906e+01  2.36229066e+00  1.79999996e+02
 2.38049167e+00  4.63856906e+01  2.38049167e+00  1.79999996e+02
 2.39883292e+00  4.63856906e+01  2.39883292e+00  1.79999996e+02
 2.41731548e+00  4.63856906e+01  2.41731548e+00  1.79999996e+02
 2.43594045e+00  4.63856906e+01  2.43594045e+00  1.79999996e+02
 2.45470892e+00  4.63856906e+01  2.45470892e+00  1.79999996e+02
 2.47362199e+00  4.63856906e+01  2.47362199e+00  1.79999996e+02
 2.49268079e+00  4.63856906e+01  2.49268079e+00  1.79999996e+02
 2.51188643e+00  4.63856906e+01  2.51188643e+00  1.79999996e+02
 2.53124005e+00  4.63856906e+01  2.53124005e+00  1.79999996e+02
 2.55074278e+00  4.63856906e+01  2.55074278e+00  1.79999996e+02
 2.57039578e+00  4.63856906e+01  2.57039578e+00  1.79999996e+02
 2.59020020e+00  4.63856906e+01  2.59020020e+00  1.79999996e+02
 2.61015722e+00  4.63856906e+01  2.61015722e+00  1.79999996e+02
 2.63026799e+00  4.63856906e+01  2.63026799e+00  1.79999996e+02
 2.65053372e+00  4.63856906e+01  2.65053372e+00  1.79999996e+02
 2.67095559e+00  4.63856906e+01  2.67095559e+00  1.79999996e+02
 2.69153480e+00  4.63856906e+01  2.69153480e+00  1.79999996e+02
 2.71227258e+00  4.63856906e+01  2.71227258e+00  1.79999996e+02
 2.73317014e+00  4.63856906e+01  2.73317014e+00  1.79999996e+02
 2.75422870e+00  4.63856906e+01  2.75422870e+00  1.79999996e+02
 2.77544952e+00  4.63856906e+01  2.77544952e+00  1.79999996e+02
 2.79683385e+00  4.63856906e+01  2.79683385e+00  1.79999996e+02
 2.81838293e+00  4.63856906e+01  2.81838293e+00  1.79999996e+02
 2.84009805e+00  4.63856906e+01  2.84009805e+00  1.79999996e+02
 2.86198048e+00  4.63856906e+01  2.86198048e+00  1.79999996e+02
 2.88403150e+00  4.63856906e+01  2.88403150e+00  1.79999996e+02
 2.90625243e+00  4.63856906e+01  2.90625243e+00  1.79999995e+02
 2.92864456e+00  4.63856906e+01  2.92864456e+00  1.79999995e+02
 2.95120923e+00  4.63856906e+01  2.95120923e+00  1.79999995e+02
 2.97394775e+00  4.63856906e+01  2.97394775e+00  1.79999995e+02
 2.99686146e+00  4.63856906e+01  2.99686146e+00  1.79999995e+02
 3.01995172e+00  4.63856906e+01  3.01995172e+00  1.79999995e+02
 3.04321989e+00  4.63856906e+01  3.04321989e+00  1.79999995e+02
 3.06666733e+00  4.63856906e+01  3.06666733e+00  1.79999995e+02
 3.09029543e+00  4.63856906e+01  3.09029543e+00  1.79999995e+02
 3.11410558e+00  4.63856906e+01  3.11410558e+00  1.79999995e+02
 3.13809919e+00  4.63856906e+01  3.13809919e+00  1.79999995e+02
 3.16227766e+00  4.63856906e+01  3.16227766e+00  1.79999995e+02
 3.18664242e+00  4.63856906e+01  3.18664242e+00  1.79999995e+02
 3.21119491e+00  4.63856906e+01  3.21119491e+00  1.79999995e+02
 3.23593657e+00  4.63856906e+01  3.23593657e+00  1.79999995e+02
 3.26086886e+00  4.63856906e+01  3.26086886e+00  1.79999995e+02
 3.28599325e+00  4.63856906e+01  3.28599325e+00  1.79999995e+02
 3.31131121e+00  4.63856906e+01  3.31131121e+00  1.79999995e+02
 3.33682425e+00  4.63856906e+01  3.33682425e+00  1.79999995e+02
 3.36253386e+00  4.63856906e+01  3.36253386e+00  1.79999995e+02
 3.38844156e+00  4.63856906e+01  3.38844156e+00  1.79999995e+02
 3.41454887e+00  4.63856906e+01  3.41454887e+00  1.79999995e+02
 3.44085734e+00  4.63856906e+01  3.44085734e+00  1.79999995e+02
 3.46736850e+00  4.63856906e+01  3.46736850e+00  1.79999995e+02
 3.49408393e+00  4.63856906e+01  3.49408393e+00  1.79999995e+02
 3.52100520e+00  4.63856906e+01  3.52100520e+00  1.79999995e+02
 3.54813389e+00  4.63856906e+01  3.54813389e+00  1.79999994e+02
 3.57547160e+00  4.63856906e+01  3.57547160e+00  1.79999994e+02
 3.60301995e+00  4.63856906e+01  3.60301995e+00  1.79999994e+02
 3.63078055e+00  4.63856906e+01  3.63078055e+00  1.79999994e+02
 3.65875504e+00  4.63856906e+01  3.65875504e+00  1.79999994e+02
 3.68694506e+00  4.63856906e+01  3.68694506e+00  1.79999994e+02
 3.71535229e+00  4.63856906e+01  3.71535229e+00  1.79999994e+02
 3.74397839e+00  4.63856906e+01  3.74397839e+00  1.79999994e+02
 3.77282505e+00  4.63856906e+01  3.77282505e+00  1.79999994e+02
 3.80189396e+00  4.63856906e+01  3.80189396e+00  1.79999994e+02
 3.83118685e+00  4.63856906e+01  3.83118685e+00  1.79999994e+02
 3.86070543e+00  4.63856906e+01  3.86070543e+00  1.79999994e+02
 3.89045145e+00  4.63856906e+01  3.89045145e+00  1.79999994e+02
 3.92042666e+00  4.63856906e+01  3.92042666e+00  1.79999994e+02
 3.95063281e+00  4.63856906e+01  3.95063281e+00  1.79999994e+02
 3.98107171e+00  4.63856906e+01  3.98107171e+00  1.79999994e+02
 4.01174512e+00  4.63856906e+01  4.01174512e+00  1.79999994e+02
 4.04265487e+00  4.63856906e+01  4.04265487e+00  1.79999994e+02
 4.07380278e+00  4.63856906e+01  4.07380278e+00  1.79999994e+02
 4.10519067e+00  4.63856906e+01  4.10519067e+00  1.79999994e+02
 4.13682040e+00  4.63856906e+01  4.13682040e+00  1.79999994e+02
 4.16869383e+00  4.63856906e+01  4.16869383e+00  1.79999994e+02
 4.20081285e+00  4.63856906e+01  4.20081285e+00  1.79999993e+02
 4.23317933e+00  4.63856906e+01  4.23317933e+00  1.79999993e+02
 4.26579519e+00  4.63856906e+01  4.26579519e+00  1.79999993e+02
 4.29866235e+00  4.63856906e+01  4.29866235e+00  1.79999993e+02
 4.33178274e+00  4.63856906e+01  4.33178274e+00  1.79999993e+02
 4.36515832e+00  4.63856906e+01  4.36515832e+00  1.79999993e+02
 4.39879106e+00  4.63856906e+01  4.39879106e+00  1.79999993e+02
 4.43268292e+00  4.63856906e+01  4.43268292e+00  1.79999993e+02
 4.46683592e+00  4.63856906e+01  4.46683592e+00  1.79999993e+02
 4.50125206e+00  4.63856906e+01  4.50125206e+00  1.79999993e+02
 4.53593337e+00  4.63856906e+01  4.53593337e+00  1.79999993e+02
 4.57088190e+00  4.63856906e+01  4.57088190e+00  1.79999993e+02
 4.60609969e+00  4.63856906e+01  4.60609969e+00  1.79999993e+02
 4.64158883e+00  4.63856906e+01  4.64158883e+00  1.79999993e+02
 4.67735141e+00  4.63856906e+01  4.67735141e+00  1.79999993e+02
 4.71338954e+00  4.63856906e+01  4.71338954e+00  1.79999993e+02
 4.74970533e+00  4.63856906e+01  4.74970533e+00  1.79999993e+02
 4.78630092e+00  4.63856906e+01  4.78630092e+00  1.79999993e+02
 4.82317848e+00  4.63856906e+01  4.82317848e+00  1.79999992e+02
 4.86034018e+00  4.63856906e+01  4.86034018e+00  1.79999992e+02
 4.89778819e+00  4.63856906e+01  4.89778819e+00  1.79999992e+02
 4.93552474e+00  4.63856906e+01  4.93552474e+00  1.79999992e+02
 4.97355204e+00  4.63856906e+01  4.97355204e+00  1.79999992e+02
 5.01187234e+00  4.63856906e+01  5.01187234e+00  1.79999992e+02
 5.05048788e+00  4.63856906e+01  5.05048788e+00  1.79999992e+02
 5.08940095e+00  4.63856906e+01  5.08940095e+00  1.79999992e+02
 5.12861384e+00  4.63856906e+01  5.12861384e+00  1.79999992e+02
 5.16812886e+00  4.63856906e+01  5.16812886e+00  1.79999992e+02
 5.20794833e+00  4.63856906e+01  5.20794833e+00  1.79999992e+02
 5.24807460e+00  4.63856906e+01  5.24807460e+00  1.79999992e+02
 5.28851004e+00  4.63856906e+01  5.28851004e+00  1.79999992e+02
 5.32925703e+00  4.63856906e+01  5.32925703e+00  1.79999992e+02
 5.37031796e+00  4.63856906e+01  5.37031796e+00  1.79999992e+02
 5.41169527e+00  4.63856906e+01  5.41169527e+00  1.79999992e+02
 5.45339137e+00  4.63856906e+01  5.45339137e+00  1.79999992e+02
 5.49540874e+00  4.63856906e+01  5.49540874e+00  1.79999991e+02
 5.53774984e+00  4.63856906e+01  5.53774984e+00  1.79999991e+02
 5.58041717e+00  4.63856906e+01  5.58041717e+00  1.79999991e+02
 5.62341325e+00  4.63856906e+01  5.62341325e+00  1.79999991e+02
 5.66674061e+00  4.63856906e+01  5.66674061e+00  1.79999991e+02
 5.71040179e+00  4.63856906e+01  5.71040179e+00  1.79999991e+02
 5.75439937e+00  4.63856906e+01  5.75439937e+00  1.79999991e+02
 5.79873595e+00  4.63856906e+01  5.79873595e+00  1.79999991e+02
 5.84341413e+00  4.63856906e+01  5.84341413e+00  1.79999991e+02
 5.88843655e+00  4.63856906e+01  5.88843655e+00  1.79999991e+02
 5.93380586e+00  4.63856906e+01  5.93380586e+00  1.79999991e+02
 5.97952473e+00  4.63856906e+01  5.97952473e+00  1.79999991e+02
 6.02559586e+00  4.63856906e+01  6.02559586e+00  1.79999991e+02
 6.07202196e+00  4.63856906e+01  6.07202196e+00  1.79999991e+02
 6.11880576e+00  4.63856906e+01  6.11880576e+00  1.79999990e+02
 6.16595002e+00  4.63856906e+01  6.16595002e+00  1.79999990e+02
 6.21345752e+00  4.63856906e+01  6.21345752e+00  1.79999990e+02
 6.26133105e+00  4.63856906e+01  6.26133105e+00  1.79999990e+02
 6.30957344e+00  4.63856906e+01  6.30957344e+00  1.79999990e+02
 6.35818754e+00  4.63856906e+01  6.35818754e+00  1.79999990e+02
 6.40717619e+00  4.63856906e+01  6.40717619e+00  1.79999990e+02
 6.45654229e+00  4.63856906e+01  6.45654229e+00  1.79999990e+02
 6.50628875e+00  4.63856906e+01  6.50628875e+00  1.79999990e+02
 6.55641849e+00  4.63856906e+01  6.55641849e+00  1.79999990e+02
 6.60693448e+00  4.63856906e+01  6.60693448e+00  1.79999990e+02
 6.65783968e+00  4.63856906e+01  6.65783968e+00  1.79999990e+02
 6.70913710e+00  4.63856906e+01  6.70913710e+00  1.79999990e+02
 6.76082975e+00  4.63856906e+01  6.76082975e+00  1.79999989e+02
 6.81292069e+00  4.63856906e+01  6.81292069e+00  1.79999989e+02
 6.86541298e+00  4.63856906e+01  6.86541298e+00  1.79999989e+02
 6.91830971e+00  4.63856906e+01  6.91830971e+00  1.79999989e+02
 6.97161400e+00  4.63856906e+01  6.97161400e+00  1.79999989e+02
 7.02532899e+00  4.63856906e+01  7.02532899e+00  1.79999989e+02
 7.07945784e+00  4.63856906e+01  7.07945784e+00  1.79999989e+02
 7.13400375e+00  4.63856906e+01  7.13400375e+00  1.79999989e+02
 7.18896992e+00  4.63856906e+01  7.18896992e+00  1.79999989e+02
 7.24435960e+00  4.63856906e+01  7.24435960e+00  1.79999989e+02
 7.30017605e+00  4.63856906e+01  7.30017605e+00  1.79999989e+02
 7.35642254e+00  4.63856906e+01  7.35642254e+00  1.79999989e+02
 7.41310241e+00  4.63856906e+01  7.41310241e+00  1.79999988e+02
 7.47021899e+00  4.63856906e+01  7.47021899e+00  1.79999988e+02
 7.52777564e+00  4.63856906e+01  7.52777564e+00  1.79999988e+02
 7.58577575e+00  4.63856906e+01  7.58577575e+00  1.79999988e+02
 7.64422274e+00  4.63856906e+01  7.64422274e+00  1.79999988e+02
 7.70312006e+00  4.63856906e+01  7.70312006e+00  1.79999988e+02
 7.76247117e+00  4.63856906e+01  7.76247117e+00  1.79999988e+02
 7.82227956e+00  4.63856906e+01  7.82227956e+00  1.79999988e+02
 7.88254877e+00  4.63856906e+01  7.88254877e+00  1.79999988e+02
 7.94328235e+00  4.63856906e+01  7.94328235e+00  1.79999988e+02
 8.00448386e+00  4.63856906e+01  8.00448386e+00  1.79999988e+02
 8.06615692e+00  4.63856906e+01  8.06615692e+00  1.79999987e+02
 8.12830516e+00  4.63856906e+01  8.12830516e+00  1.79999987e+02
 8.19093224e+00  4.63856906e+01  8.19093224e+00  1.79999987e+02
 8.25404185e+00  4.63856906e+01  8.25404185e+00  1.79999987e+02
 8.31763771e+00  4.63856906e+01  8.31763771e+00  1.79999987e+02
 8.38172356e+00  4.63856906e+01  8.38172356e+00  1.79999987e+02
 8.44630319e+00  4.63856906e+01  8.44630319e+00  1.79999987e+02
 8.51138038e+00  4.63856906e+01  8.51138038e+00  1.79999987e+02
 8.57695899e+00  4.63856906e+01  8.57695899e+00  1.79999987e+02
 8.64304286e+00  4.63856906e+01  8.64304286e+00  1.79999987e+02
 8.70963590e+00  4.63856906e+01  8.70963590e+00  1.79999986e+02
 8.77674203e+00  4.63856906e+01  8.77674203e+00  1.79999986e+02
 8.84436519e+00  4.63856906e+01  8.84436519e+00  1.79999986e+02
 8.91250938e+00  4.63856906e+01  8.91250938e+00  1.79999986e+02
 8.98117861e+00  4.63856906e+01  8.98117861e+00  1.79999986e+02
 9.05037692e+00  4.63856906e+01  9.05037692e+00  1.79999986e+02
 9.12010839e+00  4.63856906e+01  9.12010839e+00  1.79999986e+02
 9.19037713e+00  4.63856906e+01  9.19037713e+00  1.79999986e+02
 9.26118728e+00  4.63856906e+01  9.26118728e+00  1.79999986e+02
 9.33254301e+00  4.63856906e+01  9.33254301e+00  1.79999985e+02
 9.40444852e+00  4.63856906e+01  9.40444852e+00  1.79999985e+02
 9.47690805e+00  4.63856906e+01  9.47690805e+00  1.79999985e+02
 9.54992586e+00  4.63856906e+01  9.54992586e+00  1.79999985e+02
 9.62350626e+00  4.63856906e+01  9.62350626e+00  1.79999985e+02
 9.69765359e+00  4.63856906e+01  9.69765359e+00  1.79999985e+02
 9.77237221e+00  4.63856906e+01  9.77237221e+00  1.79999985e+02
 9.84766652e+00  4.63856906e+01  9.84766652e+00  1.79999985e+02
 9.92354096e+00  4.63856906e+01  9.92354096e+00  1.79999985e+02
 1.00000000e+01  4.63856906e+01  1.00000000e+01  1.79999984e+02
 1.00770481e+01  4.63856906e+01  1.00770481e+01  1.79999984e+02
 1.01546899e+01  4.63856906e+01  1.01546899e+01  1.79999984e+02
 1.02329299e+01  4.63856906e+01  1.02329299e+01  1.79999984e+02
 1.03117727e+01  4.63856906e+01  1.03117727e+01  1.79999984e+02
 1.03912230e+01  4.63856906e+01  1.03912230e+01  1.79999984e+02
 1.04712855e+01  4.63856906e+01  1.04712855e+01  1.79999984e+02
 1.05519648e+01  4.63856906e+01  1.05519648e+01  1.79999984e+02
 1.06332657e+01  4.63856906e+01  1.06332657e+01  1.79999983e+02
 1.07151931e+01  4.63856906e+01  1.07151931e+01  1.79999983e+02
 1.07977516e+01  4.63856906e+01  1.07977516e+01  1.79999983e+02
 1.08809463e+01  4.63856906e+01  1.08809463e+01  1.79999983e+02
 1.09647820e+01  4.63856906e+01  1.09647820e+01  1.79999983e+02
 1.10492636e+01  4.63856906e+01  1.10492636e+01  1.79999983e+02
 1.11343961e+01  4.63856906e+01  1.11343961e+01  1.79999983e+02
 1.12201845e+01  4.63856906e+01  1.12201845e+01  1.79999983e+02
 1.13066340e+01  4.63856906e+01  1.13066340e+01  1.79999982e+02
 1.13937495e+01  4.63856906e+01  1.13937495e+01  1.79999982e+02
 1.14815362e+01  4.63856906e+01  1.14815362e+01  1.79999982e+02
 1.15699993e+01  4.63856906e+01  1.15699993e+01  1.79999982e+02
 1.16591440e+01  4.63856906e+01  1.16591440e+01  1.79999982e+02
 1.17489755e+01  4.63856906e+01  1.17489755e+01  1.79999982e+02
 1.18394992e+01  4.63856906e+01  1.18394992e+01  1.79999982e+02
 1.19307204e+01  4.63856906e+01  1.19307204e+01  1.79999981e+02
 1.20226443e+01  4.63856906e+01  1.20226443e+01  1.79999981e+02
 1.21152766e+01  4.63856906e+01  1.21152766e+01  1.79999981e+02
 1.22086225e+01  4.63856906e+01  1.22086225e+01  1.79999981e+02
 1.23026877e+01  4.63856906e+01  1.23026877e+01  1.79999981e+02
 1.23974776e+01  4.63856906e+01  1.23974776e+01  1.79999981e+02
 1.24929979e+01  4.63856906e+01  1.24929979e+01  1.79999981e+02
 1.25892541e+01  4.63856906e+01  1.25892541e+01  1.79999980e+02
 1.26862520e+01  4.63856906e+01  1.26862520e+01  1.79999980e+02
 1.27839972e+01  4.63856906e+01  1.27839972e+01  1.79999980e+02
 1.28824955e+01  4.63856906e+01  1.28824955e+01  1.79999980e+02
 1.29817528e+01  4.63856906e+01  1.29817528e+01  1.79999980e+02
 1.30817747e+01  4.63856906e+01  1.30817747e+01  1.79999980e+02
 1.31825674e+01  4.63856906e+01  1.31825674e+01  1.79999979e+02
 1.32841366e+01  4.63856906e+01  1.32841366e+01  1.79999979e+02
 1.33864884e+01  4.63856906e+01  1.33864884e+01  1.79999979e+02
 1.34896288e+01  4.63856906e+01  1.34896288e+01  1.79999979e+02
 1.35935639e+01  4.63856906e+01  1.35935639e+01  1.79999979e+02
 1.36982998e+01  4.63856906e+01  1.36982998e+01  1.79999979e+02
 1.38038426e+01  4.63856906e+01  1.38038426e+01  1.79999979e+02
 1.39101987e+01  4.63856906e+01  1.39101987e+01  1.79999978e+02
 1.40173742e+01  4.63856906e+01  1.40173742e+01  1.79999978e+02
 1.41253754e+01  4.63856906e+01  1.41253754e+01  1.79999978e+02
 1.42342088e+01  4.63856906e+01  1.42342088e+01  1.79999978e+02
 1.43438808e+01  4.63856906e+01  1.43438808e+01  1.79999978e+02
 1.44543977e+01  4.63856906e+01  1.44543977e+01  1.79999978e+02
 1.45657662e+01  4.63856906e+01  1.45657662e+01  1.79999977e+02
 1.46779927e+01  4.63856906e+01  1.46779927e+01  1.79999977e+02
 1.47910839e+01  4.63856906e+01  1.47910839e+01  1.79999977e+02
 1.49050464e+01  4.63856906e+01  1.49050464e+01  1.79999977e+02
 1.50198870e+01  4.63856906e+01  1.50198870e+01  1.79999977e+02
 1.51356125e+01  4.63856906e+01  1.51356125e+01  1.79999976e+02
 1.52522296e+01  4.63856906e+01  1.52522296e+01  1.79999976e+02
 1.53697452e+01  4.63856906e+01  1.53697452e+01  1.79999976e+02
 1.54881662e+01  4.63856906e+01  1.54881662e+01  1.79999976e+02
 1.56074996e+01  4.63856906e+01  1.56074996e+01  1.79999976e+02
 1.57277525e+01  4.63856906e+01  1.57277525e+01  1.79999976e+02
 1.58489319e+01  4.63856906e+01  1.58489319e+01  1.79999975e+02
 1.59710450e+01  4.63856906e+01  1.59710450e+01  1.79999975e+02
 1.60940989e+01  4.63856906e+01  1.60940989e+01  1.79999975e+02
 1.62181010e+01  4.63856906e+01  1.62181010e+01  1.79999975e+02
 1.63430584e+01  4.63856906e+01  1.63430584e+01  1.79999975e+02
 1.64689787e+01  4.63856906e+01  1.64689787e+01  1.79999974e+02
 1.65958691e+01  4.63856906e+01  1.65958691e+01  1.79999974e+02
 1.67237372e+01  4.63856906e+01  1.67237372e+01  1.79999974e+02
 1.68525904e+01  4.63856906e+01  1.68525904e+01  1.79999974e+02
 1.69824365e+01  4.63856906e+01  1.69824365e+01  1.79999974e+02
 1.71132830e+01  4.63856906e+01  1.71132830e+01  1.79999973e+02
 1.72451377e+01  4.63856906e+01  1.72451377e+01  1.79999973e+02
 1.73780083e+01  4.63856906e+01  1.73780083e+01  1.79999973e+02
 1.75119026e+01  4.63856906e+01  1.75119026e+01  1.79999973e+02
 1.76468286e+01  4.63856906e+01  1.76468286e+01  1.79999973e+02
 1.77827941e+01  4.63856906e+01  1.77827941e+01  1.79999972e+02
 1.79198072e+01  4.63856906e+01  1.79198072e+01  1.79999972e+02
 1.80578760e+01  4.63856906e+01  1.80578760e+01  1.79999972e+02
 1.81970086e+01  4.63856906e+01  1.81970086e+01  1.79999972e+02
 1.83372132e+01  4.63856906e+01  1.83372132e+01  1.79999971e+02
 1.84784980e+01  4.63856906e+01  1.84784980e+01  1.79999971e+02
 1.86208714e+01  4.63856906e+01  1.86208714e+01  1.79999971e+02
 1.87643417e+01  4.63856906e+01  1.87643417e+01  1.79999971e+02
 1.89089175e+01  4.63856906e+01  1.89089175e+01  1.79999971e+02
 1.90546072e+01  4.63856906e+01  1.90546072e+01  1.79999970e+02
 1.92014194e+01  4.63856906e+01  1.92014194e+01  1.79999970e+02
 1.93493628e+01  4.63856906e+01  1.93493628e+01  1.79999970e+02
 1.94984460e+01  4.63856906e+01  1.94984460e+01  1.79999970e+02
 1.96486779e+01  4.63856906e+01  1.96486779e+01  1.79999969e+02
 1.98000673e+01  4.63856906e+01  1.98000673e+01  1.79999969e+02
 1.99526231e+01  4.63856906e+01  1.99526231e+01  1.79999969e+02
 2.01063544e+01  4.63856906e+01  2.01063544e+01  1.79999969e+02
 2.02612701e+01  4.63856906e+01  2.02612701e+01  1.79999968e+02
 2.04173794e+01  4.63856906e+01  2.04173794e+01  1.79999968e+02
 2.05746916e+01  4.63856906e+01  2.05746916e+01  1.79999968e+02
 2.07332157e+01  4.63856906e+01  2.07332157e+01  1.79999968e+02
 2.08929613e+01  4.63856906e+01  2.08929613e+01  1.79999967e+02
 2.10539377e+01  4.63856906e+01  2.10539377e+01  1.79999967e+02
 2.12161544e+01  4.63856906e+01  2.12161544e+01  1.79999967e+02
 2.13796209e+01  4.63856906e+01  2.13796209e+01  1.79999967e+02
 2.15443469e+01  4.63856906e+01  2.15443469e+01  1.79999966e+02
 2.17103421e+01  4.63856906e+01  2.17103421e+01  1.79999966e+02
 2.18776162e+01  4.63856906e+01  2.18776162e+01  1.79999966e+02
 2.20461792e+01  4.63856906e+01  2.20461792e+01  1.79999966e+02
 2.22160409e+01  4.63856906e+01  2.22160409e+01  1.79999965e+02
 2.23872114e+01  4.63856906e+01  2.23872114e+01  1.79999965e+02
 2.25597007e+01  4.63856906e+01  2.25597007e+01  1.79999965e+02
 2.27335190e+01  4.63856906e+01  2.27335190e+01  1.79999965e+02
 2.29086765e+01  4.63856906e+01  2.29086765e+01  1.79999964e+02
 2.30851836e+01  4.63856906e+01  2.30851836e+01  1.79999964e+02
 2.32630507e+01  4.63856906e+01  2.32630507e+01  1.79999964e+02
 2.34422882e+01  4.63856906e+01  2.34422882e+01  1.79999964e+02
 2.36229066e+01  4.63856906e+01  2.36229066e+01  1.79999963e+02
 2.38049167e+01  4.63856906e+01  2.38049167e+01  1.79999963e+02
 2.39883292e+01  4.63856906e+01  2.39883292e+01  1.79999963e+02
 2.41731548e+01  4.63856906e+01  2.41731548e+01  1.79999962e+02
 2.43594045e+01  4.63856906e+01  2.43594045e+01  1.79999962e+02
 2.45470892e+01  4.63856906e+01  2.45470892e+01  1.79999962e+02
 2.47362199e+01  4.63856906e+01  2.47362199e+01  1.79999961e+02
 2.49268079e+01  4.63856906e+01  2.49268079e+01  1.79999961e+02
 2.51188643e+01  4.63856906e+01  2.51188643e+01  1.79999961e+02
 2.53124005e+01  4.63856906e+01  2.53124005e+01  1.79999961e+02
 2.55074278e+01  4.63856906e+01  2.55074278e+01  1.79999960e+02
 2.57039578e+01  4.63856906e+01  2.57039578e+01  1.79999960e+02
 2.59020020e+01  4.63856906e+01  2.59020020e+01  1.79999960e+02
 2.61015722e+01  4.63856906e+01  2.61015722e+01  1.79999959e+02
 2.63026799e+01  4.63856906e+01  2.63026799e+01  1.79999959e+02
 2.65053372e+01  4.63856906e+01  2.65053372e+01  1.79999959e+02
 2.67095559e+01  4.63856906e+01  2.67095559e+01  1.79999958e+02
 2.69153480e+01  4.63856906e+01  2.69153480e+01  1.79999958e+02
 2.71227258e+01  4.63856906e+01  2.71227258e+01  1.79999958e+02
 2.73317014e+01  4.63856906e+01  2.73317014e+01  1.79999957e+02
 2.75422870e+01  4.63856906e+01  2.75422870e+01  1.79999957e+02
 2.77544952e+01  4.63856906e+01  2.77544952e+01  1.79999957e+02
 2.79683385e+01  4.63856906e+01  2.79683385e+01  1.79999956e+02
 2.81838293e+01  4.63856906e+01  2.81838293e+01  1.79999956e+02
 2.84009805e+01  4.63856906e+01  2.84009805e+01  1.79999956e+02
 2.86198048e+01  4.63856906e+01  2.86198048e+01  1.79999955e+02
 2.88403150e+01  4.63856906e+01  2.88403150e+01  1.79999955e+02
 2.90625243e+01  4.63856906e+01  2.90625243e+01  1.79999955e+02
 2.92864456e+01  4.63856906e+01  2.92864456e+01  1.79999954e+02
 2.95120923e+01  4.63856906e+01  2.95120923e+01  1.79999954e+02
 2.97394775e+01  4.63856906e+01  2.97394775e+01  1.79999954e+02
 2.99686146e+01  4.63856906e+01  2.99686146e+01  1.79999953e+02
 3.01995172e+01  4.63856906e+01  3.01995172e+01  1.79999953e+02
 3.04321989e+01  4.63856906e+01  3.04321989e+01  1.79999953e+02
 3.06666733e+01  4.63856906e+01  3.06666733e+01  1.79999952e+02
 3.09029543e+01  4.63856906e+01  3.09029543e+01  1.79999952e+02
 3.11410558e+01  4.63856906e+01  3.11410558e+01  1.79999952e+02
 3.13809919e+01  4.63856906e+01  3.13809919e+01  1.79999951e+02
 3.16227766e+01  4.63856906e+01  3.16227766e+01  1.79999951e+02
 3.18664242e+01  4.63856906e+01  3.18664242e+01  1.79999950e+02
 3.21119491e+01  4.63856906e+01  3.21119491e+01  1.79999950e+02
 3.23593657e+01  4.63856906e+01  3.23593657e+01  1.79999950e+02
 3.26086886e+01  4.63856906e+01  3.26086886e+01  1.79999949e+02
 3.28599325e+01  4.63856906e+01  3.28599325e+01  1.79999949e+02
 3.31131121e+01  4.63856906e+01  3.31131121e+01  1.79999948e+02
 3.33682425e+01  4.63856906e+01  3.33682425e+01  1.79999948e+02
 3.36253386e+01  4.63856906e+01  3.36253386e+01  1.79999948e+02
 3.38844156e+01  4.63856906e+01  3.38844156e+01  1.79999947e+02
 3.41454887e+01  4.63856906e+01  3.41454887e+01  1.79999947e+02
 3.44085734e+01  4.63856906e+01  3.44085734e+01  1.79999946e+02
 3.46736850e+01  4.63856906e+01  3.46736850e+01  1.79999946e+02
 3.49408393e+01  4.63856906e+01  3.49408393e+01  1.79999946e+02
 3.52100520e+01  4.63856906e+01  3.52100520e+01  1.79999945e+02
 3.54813389e+01  4.63856906e+01  3.54813389e+01  1.79999945e+02
 3.57547160e+01  4.63856906e+01  3.57547160e+01  1.79999944e+02
 3.60301995e+01  4.63856906e+01  3.60301995e+01  1.79999944e+02
 3.63078055e+01  4.63856906e+01  3.63078055e+01  1.79999943e+02
 3.65875504e+01  4.63856906e+01  3.65875504e+01  1.79999943e+02
 3.68694506e+01  4.63856906e+01  3.68694506e+01  1.79999943e+02
 3.71535229e+01  4.63856906e+01  3.71535229e+01  1.79999942e+02
 3.74397839e+01  4.63856906e+01  3.74397839e+01  1.79999942e+02
 3.77282505e+01  4.63856906e+01  3.77282505e+01  1.79999941e+02
 3.80189396e+01  4.63856906e+01  3.80189396e+01  1.79999941e+02
 3.83118685e+01  4.63856906e+01  3.83118685e+01  1.79999940e+02
 3.86070543e+01  4.63856906e+01  3.86070543e+01  1.79999940e+02
 3.89045145e+01  4.63856906e+01  3.89045145e+01  1.79999939e+02
 3.92042666e+01  4.63856906e+01  3.92042666e+01  1.79999939e+02
 3.95063281e+01  4.63856906e+01  3.95063281e+01  1.79999939e+02
 3.98107171e+01  4.63856906e+01  3.98107171e+01  1.79999938e+02
 4.01174512e+01  4.63856906e+01  4.01174512e+01  1.79999938e+02
 4.04265487e+01  4.63856906e+01  4.04265487e+01  1.79999937e+02
 4.07380278e+01  4.63856906e+01  4.07380278e+01  1.79999937e+02
 4.10519067e+01  4.63856906e+01  4.10519067e+01  1.79999936e+02
 4.13682040e+01  4.63856906e+01  4.13682040e+01  1.79999936e+02
 4.16869383e+01  4.63856906e+01  4.16869383e+01  1.79999935e+02
 4.20081285e+01  4.63856906e+01  4.20081285e+01  1.79999935e+02
 4.23317933e+01  4.63856906e+01  4.23317933e+01  1.79999934e+02
 4.26579519e+01  4.63856906e+01  4.26579519e+01  1.79999934e+02
 4.29866235e+01  4.63856906e+01  4.29866235e+01  1.79999933e+02
 4.33178274e+01  4.63856906e+01  4.33178274e+01  1.79999933e+02
 4.36515832e+01  4.63856906e+01  4.36515832e+01  1.79999932e+02
 4.39879106e+01  4.63856906e+01  4.39879106e+01  1.79999932e+02
 4.43268292e+01  4.63856906e+01  4.43268292e+01  1.79999931e+02
 4.46683592e+01  4.63856906e+01  4.46683592e+01  1.79999930e+02
 4.50125206e+01  4.63856906e+01  4.50125206e+01  1.79999930e+02
 4.53593337e+01  4.63856906e+01  4.53593337e+01  1.79999929e+02
 4.57088190e+01  4.63856906e+01  4.57088190e+01  1.79999929e+02
 4.60609969e+01  4.63856906e+01  4.60609969e+01  1.79999928e+02
 4.64158883e+01  4.63856906e+01  4.64158883e+01  1.79999928e+02
 4.67735141e+01  4.63856906e+01  4.67735141e+01  1.79999927e+02
 4.71338954e+01  4.63856906e+01  4.71338954e+01  1.79999927e+02
 4.74970533e+01  4.63856906e+01  4.74970533e+01  1.79999926e+02
 4.78630092e+01  4.63856906e+01  4.78630092e+01  1.79999925e+02
 4.82317848e+01  4.63856906e+01  4.82317848e+01  1.79999925e+02
 4.86034018e+01  4.63856906e+01  4.86034018e+01  1.79999924e+02
 4.89778819e+01  4.63856906e+01  4.89778819e+01  1.79999924e+02
 4.93552474e+01  4.63856906e+01  4.93552474e+01  1.79999923e+02
 4.97355204e+01  4.63856906e+01  4.97355204e+01  1.79999923e+02
 5.01187234e+01  4.63856906e+01  5.01187234e+01  1.79999922e+02
 5.05048788e+01  4.63856906e+01  5.05048788e+01  1.79999921e+02
 5.08940095e+01  4.63856906e+01  5.08940095e+01  1.79999921e+02
 5.12861384e+01  4.63856906e+01  5.12861384e+01  1.79999920e+02
 5.16812886e+01  4.63856906e+01  5.16812886e+01  1.79999920e+02
 5.20794833e+01  4.63856906e+01  5.20794833e+01  1.79999919e+02
 5.24807460e+01  4.63856906e+01  5.24807460e+01  1.79999918e+02
 5.28851004e+01  4.63856906e+01  5.28851004e+01  1.79999918e+02
 5.32925703e+01  4.63856906e+01  5.32925703e+01  1.79999917e+02
 5.37031796e+01  4.63856906e+01  5.37031796e+01  1.79999916e+02
 5.41169527e+01  4.63856906e+01  5.41169527e+01  1.79999916e+02
 5.45339137e+01  4.63856906e+01  5.45339137e+01  1.79999915e+02
 5.49540874e+01  4.63856906e+01  5.49540874e+01  1.79999914e+02
 5.53774984e+01  4.63856906e+01  5.53774984e+01  1.79999914e+02
 5.58041717e+01  4.63856906e+01  5.58041717e+01  1.79999913e+02
 5.62341325e+01  4.63856906e+01  5.62341325e+01  1.79999912e+02
 5.66674061e+01  4.63856906e+01  5.66674061e+01  1.79999912e+02
 5.71040179e+01  4.63856906e+01  5.71040179e+01  1.79999911e+02
 5.75439937e+01  4.63856906e+01  5.75439937e+01  1.79999910e+02
 5.79873595e+01  4.63856906e+01  5.79873595e+01  1.79999910e+02
 5.84341413e+01  4.63856906e+01  5.84341413e+01  1.79999909e+02
 5.88843655e+01  4.63856906e+01  5.88843655e+01  1.79999908e+02
 5.93380586e+01  4.63856906e+01  5.93380586e+01  1.79999908e+02
 5.97952473e+01  4.63856906e+01  5.97952473e+01  1.79999907e+02
 6.02559586e+01  4.63856906e+01  6.02559586e+01  1.79999906e+02
 6.07202196e+01  4.63856906e+01  6.07202196e+01  1.79999905e+02
 6.11880576e+01  4.63856906e+01  6.11880576e+01  1.79999905e+02
 6.16595002e+01  4.63856906e+01  6.16595002e+01  1.79999904e+02
 6.21345752e+01  4.63856906e+01  6.21345752e+01  1.79999903e+02
 6.26133105e+01  4.63856906e+01  6.26133105e+01  1.79999903e+02
 6.30957344e+01  4.63856906e+01  6.30957344e+01  1.79999902e+02
 6.35818754e+01  4.63856906e+01  6.35818754e+01  1.79999901e+02
 6.40717619e+01  4.63856906e+01  6.40717619e+01  1.79999900e+02
 6.45654229e+01  4.63856906e+01  6.45654229e+01  1.79999900e+02
 6.50628875e+01  4.63856906e+01  6.50628875e+01  1.79999899e+02
 6.55641849e+01  4.63856906e+01  6.55641849e+01  1.79999898e+02
 6.60693448e+01  4.63856906e+01  6.60693448e+01  1.79999897e+02
 6.65783968e+01  4.63856906e+01  6.65783968e+01  1.79999896e+02
 6.70913710e+01  4.63856906e+01  6.70913710e+01  1.79999896e+02
 6.76082975e+01  4.63856906e+01  6.76082975e+01  1.79999895e+02
 6.81292069e+01  4.63856906e+01  6.81292069e+01  1.79999894e+02
 6.86541298e+01  4.63856906e+01  6.86541298e+01  1.79999893e+02
 6.91830971e+01  4.63856906e+01  6.91830971e+01  1.79999892e+02
 6.97161400e+01  4.63856906e+01  6.97161400e+01  1.79999891e+02
 7.02532899e+01  4.63856906e+01  7.02532899e+01  1.79999891e+02
 7.07945784e+01  4.63856906e+01  7.07945784e+01  1.79999890e+02
 7.13400375e+01  4.63856906e+01  7.13400375e+01  1.79999889e+02
 7.18896992e+01  4.63856906e+01  7.18896992e+01  1.79999888e+02
 7.24435960e+01  4.63856906e+01  7.24435960e+01  1.79999887e+02
 7.30017605e+01  4.63856906e+01  7.30017605e+01  1.79999886e+02
 7.35642254e+01  4.63856906e+01  7.35642254e+01  1.79999885e+02
 7.41310241e+01  4.63856906e+01  7.41310241e+01  1.79999885e+02
 7.47021899e+01  4.63856906e+01  7.47021899e+01  1.79999884e+02
 7.52777564e+01  4.63856906e+01  7.52777564e+01  1.79999883e+02
 7.58577575e+01  4.63856906e+01  7.58577575e+01  1.79999882e+02
 7.64422274e+01  4.63856906e+01  7.64422274e+01  1.79999881e+02
 7.70312006e+01  4.63856906e+01  7.70312006e+01  1.79999880e+02
 7.76247117e+01  4.63856906e+01  7.76247117e+01  1.79999879e+02
 7.82227956e+01  4.63856906e+01  7.82227956e+01  1.79999878e+02
 7.88254877e+01  4.63856906e+01  7.88254877e+01  1.79999877e+02
 7.94328235e+01  4.63856906e+01  7.94328235e+01  1.79999876e+02
 8.00448386e+01  4.63856906e+01  8.00448386e+01  1.79999875e+02
 8.06615692e+01  4.63856906e+01  8.06615692e+01  1.79999874e+02
 8.12830516e+01  4.63856906e+01  8.12830516e+01  1.79999873e+02
 8.19093224e+01  4.63856906e+01  8.19093224e+01  1.79999873e+02
 8.25404185e+01  4.63856906e+01  8.25404185e+01  1.79999872e+02
 8.31763771e+01  4.63856906e+01  8.31763771e+01  1.79999871e+02
 8.38172356e+01  4.63856906e+01  8.38172356e+01  1.79999870e+02
 8.44630319e+01  4.63856906e+01  8.44630319e+01  1.79999869e+02
 8.51138038e+01  4.63856906e+01  8.51138038e+01  1.79999868e+02
 8.57695899e+01  4.63856906e+01  8.57695899e+01  1.79999866e+02
 8.64304286e+01  4.63856906e+01  8.64304286e+01  1.79999865e+02
 8.70963590e+01  4.63856906e+01  8.70963590e+01  1.79999864e+02
 8.77674203e+01  4.63856906e+01  8.77674203e+01  1.79999863e+02
 8.84436519e+01  4.63856906e+01  8.84436519e+01  1.79999862e+02
 8.91250938e+01  4.63856906e+01  8.91250938e+01  1.79999861e+02
 8.98117861e+01  4.63856906e+01  8.98117861e+01  1.79999860e+02
 9.05037692e+01  4.63856906e+01  9.05037692e+01  1.79999859e+02
 9.12010839e+01  4.63856906e+01  9.12010839e+01  1.79999858e+02
 9.19037713e+01  4.63856906e+01  9.19037713e+01  1.79999857e+02
 9.26118728e+01  4.63856906e+01  9.26118728e+01  1.79999856e+02
 9.33254301e+01  4.63856906e+01  9.33254301e+01  1.79999855e+02
 9.40444852e+01  4.63856906e+01  9.40444852e+01  1.79999854e+02
 9.47690805e+01  4.63856906e+01  9.47690805e+01  1.79999852e+02
 9.54992586e+01  4.63856906e+01  9.54992586e+01  1.79999851e+02
 9.62350626e+01  4.63856906e+01  9.62350626e+01  1.79999850e+02
 9.69765359e+01  4.63856906e+01  9.69765359e+01  1.79999849e+02
 9.77237221e+01  4.63856906e+01  9.77237221e+01  1.79999848e+02
 9.84766652e+01  4.63856906e+01  9.84766652e+01  1.79999847e+02
 9.92354096e+01  4.63856906e+01  9.92354096e+01  1.79999846e+02
 1.00000000e+02  4.63856906e+01  1.00000000e+02  1.79999844e+02
 1.00770481e+02  4.63856906e+01  1.00770481e+02  1.79999843e+02
 1.01546899e+02  4.63856906e+01  1.01546899e+02  1.79999842e+02
 1.02329299e+02  4.63856906e+01  1.02329299e+02  1.79999841e+02
 1.03117727e+02  4.63856906e+01  1.03117727e+02  1.79999839e+02
 1.03912230e+02  4.63856906e+01  1.03912230e+02  1.79999838e+02
 1.04712855e+02  4.63856906e+01  1.04712855e+02  1.79999837e+02
 1.05519648e+02  4.63856906e+01  1.05519648e+02  1.79999836e+02
 1.06332657e+02  4.63856906e+01  1.06332657e+02  1.79999834e+02
 1.07151931e+02  4.63856906e+01  1.07151931e+02  1.79999833e+02
 1.07977516e+02  4.63856906e+01  1.07977516e+02  1.79999832e+02
 1.08809463e+02  4.63856906e+01  1.08809463e+02  1.79999831e+02
 1.09647820e+02  4.63856906e+01  1.09647820e+02  1.79999829e+02
 1.10492636e+02  4.63856906e+01  1.10492636e+02  1.79999828e+02
 1.11343961e+02  4.63856906e+01  1.11343961e+02  1.79999827e+02
 1.12201845e+02  4.63856906e+01  1.12201845e+02  1.79999825e+02
 1.13066340e+02  4.63856906e+01  1.13066340e+02  1.79999824e+02
 1.13937495e+02  4.63856906e+01  1.13937495e+02  1.79999823e+02
 1.14815362e+02  4.63856906e+01  1.14815362e+02  1.79999821e+02
 1.15699993e+02  4.63856906e+01  1.15699993e+02  1.79999820e+02
 1.16591440e+02  4.63856906e+01  1.16591440e+02  1.79999819e+02
 1.17489755e+02  4.63856906e+01  1.17489755e+02  1.79999817e+02
 1.18394992e+02  4.63856906e+01  1.18394992e+02  1.79999816e+02
 1.19307204e+02  4.63856906e+01  1.19307204e+02  1.79999814e+02
 1.20226443e+02  4.63856906e+01  1.20226443e+02  1.79999813e+02
 1.21152766e+02  4.63856906e+01  1.21152766e+02  1.79999811e+02
 1.22086225e+02  4.63856906e+01  1.22086225e+02  1.79999810e+02
 1.23026877e+02  4.63856906e+01  1.23026877e+02  1.79999809e+02
 1.23974776e+02  4.63856906e+01  1.23974776e+02  1.79999807e+02
 1.24929979e+02  4.63856906e+01  1.24929979e+02  1.79999806e+02
 1.25892541e+02  4.63856906e+01  1.25892541e+02  1.79999804e+02
 1.26862520e+02  4.63856906e+01  1.26862520e+02  1.79999803e+02
 1.27839972e+02  4.63856906e+01  1.27839972e+02  1.79999801e+02
 1.28824955e+02  4.63856906e+01  1.28824955e+02  1.79999799e+02
 1.29817528e+02  4.63856906e+01  1.29817528e+02  1.79999798e+02
 1.30817747e+02  4.63856906e+01  1.30817747e+02  1.79999796e+02
 1.31825674e+02  4.63856906e+01  1.31825674e+02  1.79999795e+02
 1.32841366e+02  4.63856906e+01  1.32841366e+02  1.79999793e+02
 1.33864884e+02  4.63856906e+01  1.33864884e+02  1.79999792e+02
 1.34896288e+02  4.63856906e+01  1.34896288e+02  1.79999790e+02
 1.35935639e+02  4.63856906e+01  1.35935639e+02  1.79999788e+02
 1.36982998e+02  4.63856906e+01  1.36982998e+02  1.79999787e+02
 1.38038426e+02  4.63856906e+01  1.38038426e+02  1.79999785e+02
 1.39101987e+02  4.63856906e+01  1.39101987e+02  1.79999783e+02
 1.40173742e+02  4.63856906e+01  1.40173742e+02  1.79999782e+02
 1.41253754e+02  4.63856906e+01  1.41253754e+02  1.79999780e+02
 1.42342088e+02  4.63856906e+01  1.42342088e+02  1.79999778e+02
 1.43438808e+02  4.63856906e+01  1.43438808e+02  1.79999777e+02
 1.44543977e+02  4.63856906e+01  1.44543977e+02  1.79999775e+02
 1.45657662e+02  4.63856906e+01  1.45657662e+02  1.79999773e+02
 1.46779927e+02  4.63856906e+01  1.46779927e+02  1.79999772e+02
 1.47910839e+02  4.63856906e+01  1.47910839e+02  1.79999770e+02
 1.49050464e+02  4.63856906e+01  1.49050464e+02  1.79999768e+02
 1.50198870e+02  4.63856906e+01  1.50198870e+02  1.79999766e+02
 1.51356125e+02  4.63856906e+01  1.51356125e+02  1.79999764e+02
 1.52522296e+02  4.63856906e+01  1.52522296e+02  1.79999763e+02
 1.53697452e+02  4.63856906e+01  1.53697452e+02  1.79999761e+02
 1.54881662e+02  4.63856906e+01  1.54881662e+02  1.79999759e+02
 1.56074996e+02  4.63856906e+01  1.56074996e+02  1.79999757e+02
 1.57277525e+02  4.63856906e+01  1.57277525e+02  1.79999755e+02
 1.58489319e+02  4.63856906e+01  1.58489319e+02  1.79999753e+02
 1.59710450e+02  4.63856906e+01  1.59710450e+02  1.79999751e+02
 1.60940989e+02  4.63856906e+01  1.60940989e+02  1.79999749e+02
 1.62181010e+02  4.63856906e+01  1.62181010e+02  1.79999748e+02
 1.63430584e+02  4.63856906e+01  1.63430584e+02  1.79999746e+02
 1.64689787e+02  4.63856906e+01  1.64689787e+02  1.79999744e+02
 1.65958691e+02  4.63856906e+01  1.65958691e+02  1.79999742e+02
 1.67237372e+02  4.63856906e+01  1.67237372e+02  1.79999740e+02
 1.68525904e+02  4.63856906e+01  1.68525904e+02  1.79999738e+02
 1.69824365e+02  4.63856906e+01  1.69824365e+02  1.79999736e+02
 1.71132830e+02  4.63856906e+01  1.71132830e+02  1.79999734e+02
 1.72451377e+02  4.63856906e+01  1.72451377e+02  1.79999732e+02
 1.73780083e+02  4.63856906e+01  1.73780083e+02  1.79999730e+02
 1.75119026e+02  4.63856906e+01  1.75119026e+02  1.79999727e+02
 1.76468286e+02  4.63856906e+01  1.76468286e+02  1.79999725e+02
 1.77827941e+02  4.63856906e+01  1.77827941e+02  1.79999723e+02
 1.79198072e+02  4.63856906e+01  1.79198072e+02  1.79999721e+02
 1.80578760e+02  4.63856906e+01  1.80578760e+02  1.79999719e+02
 1.81970086e+02  4.63856906e+01  1.81970086e+02  1.79999717e+02
 1.83372132e+02  4.63856906e+01  1.83372132e+02  1.79999715e+02
 1.84784980e+02  4.63856906e+01  1.84784980e+02  1.79999712e+02
 1.86208714e+02  4.63856906e+01  1.86208714e+02  1.79999710e+02
 1.87643417e+02  4.63856906e+01  1.87643417e+02  1.79999708e+02
 1.89089175e+02  4.63856906e+01  1.89089175e+02  1.79999706e+02
 1.90546072e+02  4.63856906e+01  1.90546072e+02  1.79999703e+02
 1.92014194e+02  4.63856906e+01  1.92014194e+02  1.79999701e+02
 1.93493628e+02  4.63856906e+01  1.93493628e+02  1.79999699e+02
 1.94984460e+02  4.63856906e+01  1.94984460e+02  1.79999697e+02
 1.96486779e+02  4.63856906e+01  1.96486779e+02  1.79999694e+02
 1.98000673e+02  4.63856906e+01  1.98000673e+02  1.79999692e+02
 1.99526231e+02  4.63856906e+01  1.99526231e+02  1.79999689e+02
 2.01063544e+02  4.63856906e+01  2.01063544e+02  1.79999687e+02
 2.02612701e+02  4.63856906e+01  2.02612701e+02  1.79999685e+02
 2.04173794e+02  4.63856906e+01  2.04173794e+02  1.79999682e+02
 2.05746916e+02  4.63856906e+01  2.05746916e+02  1.79999680e+02
 2.07332157e+02  4.63856906e+01  2.07332157e+02  1.79999677e+02
 2.08929613e+02  4.63856906e+01  2.08929613e+02  1.79999675e+02
 2.10539377e+02  4.63856906e+01  2.10539377e+02  1.79999672e+02
 2.12161544e+02  4.63856906e+01  2.12161544e+02  1.79999670e+02
 2.13796209e+02  4.63856906e+01  2.13796209e+02  1.79999667e+02
 2.15443469e+02  4.63856906e+01  2.15443469e+02  1.79999665e+02
 2.17103421e+02  4.63856906e+01  2.17103421e+02  1.79999662e+02
 2.18776162e+02  4.63856906e+01  2.18776162e+02  1.79999659e+02
 2.20461792e+02  4.63856906e+01  2.20461792e+02  1.79999657e+02
 2.22160409e+02  4.63856906e+01  2.22160409e+02  1.79999654e+02
 2.23872114e+02  4.63856906e+01  2.23872114e+02  1.79999652e+02
 2.25597007e+02  4.63856906e+01  2.25597007e+02  1.79999649e+02
 2.27335190e+02  4.63856906e+01  2.27335190e+02  1.79999646e+02
 2.29086765e+02  4.63856906e+01  2.29086765e+02  1.79999643e+02
 2.30851836e+02  4.63856906e+01  2.30851836e+02  1.79999641e+02
 2.32630507e+02  4.63856906e+01  2.32630507e+02  1.79999638e+02
 2.34422882e+02  4.63856906e+01  2.34422882e+02  1.79999635e+02
 2.36229066e+02  4.63856906e+01  2.36229066e+02  1.79999632e+02
 2.38049167e+02  4.63856906e+01  2.38049167e+02  1.79999629e+02
 2.39883292e+02  4.63856906e+01  2.39883292e+02  1.79999627e+02
 2.41731548e+02  4.63856906e+01  2.41731548e+02  1.79999624e+02
 2.43594045e+02  4.63856906e+01  2.43594045e+02  1.79999621e+02
 2.45470892e+02  4.63856906e+01  2.45470892e+02  1.79999618e+02
 2.47362199e+02  4.63856906e+01  2.47362199e+02  1.79999615e+02
 2.49268079e+02  4.63856906e+01  2.49268079e+02  1.79999612e+02
 2.51188643e+02  4.63856906e+01  2.51188643e+02  1.79999609e+02
 2.53124005e+02  4.63856906e+01  2.53124005e+02  1.79999606e+02
 2.55074278e+02  4.63856906e+01  2.55074278e+02  1.79999603e+02
 2.57039578e+02  4.63856906e+01  2.57039578e+02  1.79999600e+02
 2.59020020e+02  4.63856906e+01  2.59020020e+02  1.79999597e+02
 2.61015722e+02  4.63856906e+01  2.61015722e+02  1.79999594e+02
 2.63026799e+02  4.63856906e+01  2.63026799e+02  1.79999591e+02
 2.65053372e+02  4.63856906e+01  2.65053372e+02  1.79999587e+02
 2.67095559e+02  4.63856906e+01  2.67095559e+02  1.79999584e+02
 2.69153480e+02  4.63856906e+01  2.69153480e+02  1.79999581e+02
 2.71227258e+02  4.63856906e+01  2.71227258e+02  1.79999578e+02
 2.73317014e+02  4.63856906e+01  2.73317014e+02  1.79999575e+02
 2.75422870e+02  4.63856906e+01  2.75422870e+02  1.79999571e+02
 2.77544952e+02  4.63856906e+01  2.77544952e+02  1.79999568e+02
 2.79683385e+02  4.63856906e+01  2.79683385e+02  1.79999565e+02
 2.81838293e+02  4.63856906e+01  2.81838293e+02  1.79999561e+02
 2.84009805e+02  4.63856906e+01  2.84009805e+02  1.79999558e+02
 2.86198048e+02  4.63856906e+01  2.86198048e+02  1.79999555e+02
 2.88403150e+02  4.63856906e+01  2.88403150e+02  1.79999551e+02
 2.90625243e+02  4.63856906e+01  2.90625243e+02  1.79999548e+02
 2.92864456e+02  4.63856906e+01  2.92864456e+02  1.79999544e+02
 2.95120923e+02  4.63856906e+01  2.95120923e+02  1.79999541e+02
 2.97394775e+02  4.63856906e+01  2.97394775e+02  1.79999537e+02
 2.99686146e+02  4.63856906e+01  2.99686146e+02  1.79999534e+02
 3.01995172e+02  4.63856906e+01  3.01995172e+02  1.79999530e+02
 3.04321989e+02  4.63856906e+01  3.04321989e+02  1.79999526e+02
 3.06666733e+02  4.63856906e+01  3.06666733e+02  1.79999523e+02
 3.09029543e+02  4.63856906e+01  3.09029543e+02  1.79999519e+02
 3.11410558e+02  4.63856906e+01  3.11410558e+02  1.79999515e+02
 3.13809919e+02  4.63856906e+01  3.13809919e+02  1.79999512e+02
 3.16227766e+02  4.63856906e+01  3.16227766e+02  1.79999508e+02
 3.18664242e+02  4.63856906e+01  3.18664242e+02  1.79999504e+02
 3.21119491e+02  4.63856906e+01  3.21119491e+02  1.79999500e+02
 3.23593657e+02  4.63856906e+01  3.23593657e+02  1.79999496e+02
 3.26086886e+02  4.63856906e+01  3.26086886e+02  1.79999492e+02
 3.28599325e+02  4.63856906e+01  3.28599325e+02  1.79999489e+02
 3.31131121e+02  4.63856906e+01  3.31131121e+02  1.79999485e+02
 3.33682425e+02  4.63856906e+01  3.33682425e+02  1.79999481e+02
 3.36253386e+02  4.63856906e+01  3.36253386e+02  1.79999477e+02
 3.38844156e+02  4.63856906e+01  3.38844156e+02  1.79999473e+02
 3.41454887e+02  4.63856907e+01  3.41454887e+02  1.79999469e+02
 3.44085734e+02  4.63856907e+01  3.44085734e+02  1.79999464e+02
 3.46736850e+02  4.63856907e+01  3.46736850e+02  1.79999460e+02
 3.49408393e+02  4.63856907e+01  3.49408393e+02  1.79999456e+02
 3.52100520e+02  4.63856907e+01  3.52100520e+02  1.79999452e+02
 3.54813389e+02  4.63856907e+01  3.54813389e+02  1.79999448e+02
 3.57547160e+02  4.63856907e+01  3.57547160e+02  1.79999443e+02
 3.60301995e+02  4.63856907e+01  3.60301995e+02  1.79999439e+02
 3.63078055e+02  4.63856907e+01  3.63078055e+02  1.79999435e+02
 3.65875504e+02  4.63856907e+01  3.65875504e+02  1.79999431e+02
 3.68694506e+02  4.63856907e+01  3.68694506e+02  1.79999426e+02
 3.71535229e+02  4.63856907e+01  3.71535229e+02  1.79999422e+02
 3.74397839e+02  4.63856907e+01  3.74397839e+02  1.79999417e+02
 3.77282505e+02  4.63856907e+01  3.77282505e+02  1.79999413e+02
 3.80189396e+02  4.63856907e+01  3.80189396e+02  1.79999408e+02
 3.83118685e+02  4.63856907e+01  3.83118685e+02  1.79999404e+02
 3.86070543e+02  4.63856907e+01  3.86070543e+02  1.79999399e+02
 3.89045145e+02  4.63856907e+01  3.89045145e+02  1.79999394e+02
 3.92042666e+02  4.63856907e+01  3.92042666e+02  1.79999390e+02
 3.95063281e+02  4.63856907e+01  3.95063281e+02  1.79999385e+02
 3.98107171e+02  4.63856907e+01  3.98107171e+02  1.79999380e+02
 4.01174512e+02  4.63856907e+01  4.01174512e+02  1.79999376e+02
 4.04265487e+02  4.63856907e+01  4.04265487e+02  1.79999371e+02
 4.07380278e+02  4.63856907e+01  4.07380278e+02  1.79999366e+02
 4.10519067e+02  4.63856907e+01  4.10519067e+02  1.79999361e+02
 4.13682040e+02  4.63856907e+01  4.13682040e+02  1.79999356e+02
 4.16869383e+02  4.63856907e+01  4.16869383e+02  1.79999351e+02
 4.20081285e+02  4.63856907e+01  4.20081285e+02  1.79999346e+02
 4.23317933e+02  4.63856907e+01  4.23317933e+02  1.79999341e+02
 4.26579519e+02  4.63856907e+01  4.26579519e+02  1.79999336e+02
 4.29866235e+02  4.63856907e+01  4.29866235e+02  1.79999331e+02
 4.33178274e+02  4.63856907e+01  4.33178274e+02  1.79999326e+02
 4.36515832e+02  4.63856907e+01  4.36515832e+02  1.79999321e+02
 4.39879106e+02  4.63856907e+01  4.39879106e+02  1.79999315e+02
 4.43268292e+02  4.63856907e+01  4.43268292e+02  1.79999310e+02
 4.46683592e+02  4.63856907e+01  4.46683592e+02  1.79999305e+02
 4.50125206e+02  4.63856907e+01  4.50125206e+02  1.79999299e+02
 4.53593337e+02  4.63856907e+01  4.53593337e+02  1.79999294e+02
 4.57088190e+02  4.63856907e+01  4.57088190e+02  1.79999289e+02
 4.60609969e+02  4.63856907e+01  4.60609969e+02  1.79999283e+02
 4.64158883e+02  4.63856907e+01  4.64158883e+02  1.79999278e+02
 4.67735141e+02  4.63856907e+01  4.67735141e+02  1.79999272e+02
 4.71338954e+02  4.63856907e+01  4.71338954e+02  1.79999266e+02
 4.74970533e+02  4.63856907e+01  4.74970533e+02  1.79999261e+02
 4.78630092e+02  4.63856907e+01  4.78630092e+02  1.79999255e+02
 4.82317848e+02  4.63856907e+01  4.82317848e+02  1.79999249e+02
 4.86034018e+02  4.63856907e+01  4.86034018e+02  1.79999243e+02
 4.89778819e+02  4.63856907e+01  4.89778819e+02  1.79999238e+02
 4.93552474e+02  4.63856907e+01  4.93552474e+02  1.79999232e+02
 4.97355204e+02  4.63856908e+01  4.97355204e+02  1.79999226e+02
 5.01187234e+02  4.63856908e+01  5.01187234e+02  1.79999220e+02
 5.05048788e+02  4.63856908e+01  5.05048788e+02  1.79999214e+02
 5.08940095e+02  4.63856908e+01  5.08940095e+02  1.79999208e+02
 5.12861384e+02  4.63856908e+01  5.12861384e+02  1.79999202e+02
 5.16812886e+02  4.63856908e+01  5.16812886e+02  1.79999196e+02
 5.20794833e+02  4.63856908e+01  5.20794833e+02  1.79999189e+02
 5.24807460e+02  4.63856908e+01  5.24807460e+02  1.79999183e+02
 5.28851004e+02  4.63856908e+01  5.28851004e+02  1.79999177e+02
 5.32925703e+02  4.63856908e+01  5.32925703e+02  1.79999170e+02
 5.37031796e+02  4.63856908e+01  5.37031796e+02  1.79999164e+02
 5.41169527e+02  4.63856908e+01  5.41169527e+02  1.79999158e+02
 5.45339137e+02  4.63856908e+01  5.45339137e+02  1.79999151e+02
 5.49540874e+02  4.63856908e+01  5.49540874e+02  1.79999145e+02
 5.53774984e+02  4.63856908e+01  5.53774984e+02  1.79999138e+02
 5.58041717e+02  4.63856908e+01  5.58041717e+02  1.79999131e+02
 5.62341325e+02  4.63856908e+01  5.62341325e+02  1.79999125e+02
 5.66674061e+02  4.63856908e+01  5.66674061e+02  1.79999118e+02
 5.71040179e+02  4.63856908e+01  5.71040179e+02  1.79999111e+02
 5.75439937e+02  4.63856908e+01  5.75439937e+02  1.79999104e+02
 5.79873595e+02  4.63856908e+01  5.79873595e+02  1.79999097e+02
 5.84341413e+02  4.63856908e+01  5.84341413e+02  1.79999090e+02
 5.88843655e+02  4.63856908e+01  5.88843655e+02  1.79999083e+02
 5.93380586e+02  4.63856908e+01  5.93380586e+02  1.79999076e+02
 5.97952473e+02  4.63856908e+01  5.97952473e+02  1.79999069e+02
 6.02559586e+02  4.63856908e+01  6.02559586e+02  1.79999062e+02
 6.07202196e+02  4.63856908e+01  6.07202196e+02  1.79999055e+02
 6.11880576e+02  4.63856909e+01  6.11880576e+02  1.79999048e+02
 6.16595002e+02  4.63856909e+01  6.16595002e+02  1.79999040e+02
 6.21345752e+02  4.63856909e+01  6.21345752e+02  1.79999033e+02
 6.26133105e+02  4.63856909e+01  6.26133105e+02  1.79999025e+02
 6.30957344e+02  4.63856909e+01  6.30957344e+02  1.79999018e+02
 6.35818754e+02  4.63856909e+01  6.35818754e+02  1.79999010e+02
 6.40717619e+02  4.63856909e+01  6.40717619e+02  1.79999003e+02
 6.45654229e+02  4.63856909e+01  6.45654229e+02  1.79998995e+02
 6.50628875e+02  4.63856909e+01  6.50628875e+02  1.79998987e+02
 6.55641849e+02  4.63856909e+01  6.55641849e+02  1.79998979e+02
 6.60693448e+02  4.63856909e+01  6.60693448e+02  1.79998972e+02
 6.65783968e+02  4.63856909e+01  6.65783968e+02  1.79998964e+02
 6.70913710e+02  4.63856909e+01  6.70913710e+02  1.79998956e+02
 6.76082975e+02  4.63856909e+01  6.76082975e+02  1.79998948e+02
 6.81292069e+02  4.63856909e+01  6.81292069e+02  1.79998940e+02
 6.86541298e+02  4.63856909e+01  6.86541298e+02  1.79998931e+02
 6.91830971e+02  4.63856909e+01  6.91830971e+02  1.79998923e+02
 6.97161400e+02  4.63856909e+01  6.97161400e+02  1.79998915e+02
 7.02532899e+02  4.63856909e+01  7.02532899e+02  1.79998906e+02
 7.07945784e+02  4.63856909e+01  7.07945784e+02  1.79998898e+02
 7.13400375e+02  4.63856910e+01  7.13400375e+02  1.79998890e+02
 7.18896992e+02  4.63856910e+01  7.18896992e+02  1.79998881e+02
 7.24435960e+02  4.63856910e+01  7.24435960e+02  1.79998872e+02
 7.30017605e+02  4.63856910e+01  7.30017605e+02  1.79998864e+02
 7.35642254e+02  4.63856910e+01  7.35642254e+02  1.79998855e+02
 7.41310241e+02  4.63856910e+01  7.41310241e+02  1.79998846e+02
 7.47021899e+02  4.63856910e+01  7.47021899e+02  1.79998837e+02
 7.52777564e+02  4.63856910e+01  7.52777564e+02  1.79998828e+02
 7.58577575e+02  4.63856910e+01  7.58577575e+02  1.79998819e+02
 7.64422274e+02  4.63856910e+01  7.64422274e+02  1.79998810e+02
 7.70312006e+02  4.63856910e+01  7.70312006e+02  1.79998801e+02
 7.76247117e+02  4.63856910e+01  7.76247117e+02  1.79998792e+02
 7.82227956e+02  4.63856910e+01  7.82227956e+02  1.79998782e+02
 7.88254877e+02  4.63856910e+01  7.88254877e+02  1.79998773e+02
 7.94328235e+02  4.63856911e+01  7.94328235e+02  1.79998764e+02
 8.00448386e+02  4.63856911e+01  8.00448386e+02  1.79998754e+02
 8.06615692e+02  4.63856911e+01  8.06615692e+02  1.79998744e+02
 8.12830516e+02  4.63856911e+01  8.12830516e+02  1.79998735e+02
 8.19093224e+02  4.63856911e+01  8.19093224e+02  1.79998725e+02
 8.25404185e+02  4.63856911e+01  8.25404185e+02  1.79998715e+02
 8.31763771e+02  4.63856911e+01  8.31763771e+02  1.79998705e+02
 8.38172356e+02  4.63856911e+01  8.38172356e+02  1.79998695e+02
 8.44630319e+02  4.63856911e+01  8.44630319e+02  1.79998685e+02
 8.51138038e+02  4.63856911e+01  8.51138038e+02  1.79998675e+02
 8.57695899e+02  4.63856911e+01  8.57695899e+02  1.79998665e+02
 8.64304286e+02  4.63856911e+01  8.64304286e+02  1.79998655e+02
 8.70963590e+02  4.63856911e+01  8.70963590e+02  1.79998644e+02
 8.77674203e+02  4.63856912e+01  8.77674203e+02  1.79998634e+02
 8.84436519e+02  4.63856912e+01  8.84436519e+02  1.79998623e+02
 8.91250938e+02  4.63856912e+01  8.91250938e+02  1.79998613e+02
 8.98117861e+02  4.63856912e+01  8.98117861e+02  1.79998602e+02
 9.05037692e+02  4.63856912e+01  9.05037692e+02  1.79998591e+02
 9.12010839e+02  4.63856912e+01  9.12010839e+02  1.79998580e+02
 9.19037713e+02  4.63856912e+01  9.19037713e+02  1.79998569e+02
 9.26118728e+02  4.63856912e+01  9.26118728e+02  1.79998558e+02
 9.33254301e+02  4.63856912e+01  9.33254301e+02  1.79998547e+02
 9.40444852e+02  4.63856912e+01  9.40444852e+02  1.79998536e+02
 9.47690805e+02  4.63856913e+01  9.47690805e+02  1.79998525e+02
 9.54992586e+02  4.63856913e+01  9.54992586e+02  1.79998514e+02
 9.62350626e+02  4.63856913e+01  9.62350626e+02  1.79998502e+02
 9.69765359e+02  4.63856913e+01  9.69765359e+02  1.79998491e+02
 9.77237221e+02  4.63856913e+01  9.77237221e+02  1.79998479e+02
 9.84766652e+02  4.63856913e+01  9.84766652e+02  1.79998467e+02
 9.92354096e+02  4.63856913e+01  9.92354096e+02  1.79998455e+02
 1.00000000e+03  4.63856913e+01  1.00000000e+03  1.79998443e+02
 1.00770481e+03  4.63856913e+01  1.00770481e+03  1.79998431e+02
 1.01546899e+03  4.63856914e+01  1.01546899e+03  1.79998419e+02
 1.02329299e+03  4.63856914e+01  1.02329299e+03  1.79998407e+02
 1.03117727e+03  4.63856914e+01  1.03117727e+03  1.79998395e+02
 1.03912230e+03  4.63856914e+01  1.03912230e+03  1.79998383e+02
 1.04712855e+03  4.63856914e+01  1.04712855e+03  1.79998370e+02
 1.05519648e+03  4.63856914e+01  1.05519648e+03  1.79998358e+02
 1.06332657e+03  4.63856914e+01  1.06332657e+03  1.79998345e+02
 1.07151931e+03  4.63856915e+01  1.07151931e+03  1.79998332e+02
 1.07977516e+03  4.63856915e+01  1.07977516e+03  1.79998319e+02
 1.08809463e+03  4.63856915e+01  1.08809463e+03  1.79998306e+02
 1.09647820e+03  4.63856915e+01  1.09647820e+03  1.79998293e+02
 1.10492636e+03  4.63856915e+01  1.10492636e+03  1.79998280e+02
 1.11343961e+03  4.63856915e+01  1.11343961e+03  1.79998267e+02
 1.12201845e+03  4.63856915e+01  1.12201845e+03  1.79998254e+02
 1.13066340e+03  4.63856916e+01  1.13066340e+03  1.79998240e+02
 1.13937495e+03  4.63856916e+01  1.13937495e+03  1.79998227e+02
 1.14815362e+03  4.63856916e+01  1.14815362e+03  1.79998213e+02
 1.15699993e+03  4.63856916e+01  1.15699993e+03  1.79998199e+02
 1.16591440e+03  4.63856916e+01  1.16591440e+03  1.79998185e+02
 1.17489755e+03  4.63856916e+01  1.17489755e+03  1.79998171e+02
 1.18394992e+03  4.63856916e+01  1.18394992e+03  1.79998157e+02
 1.19307204e+03  4.63856917e+01  1.19307204e+03  1.79998143e+02
 1.20226443e+03  4.63856917e+01  1.20226443e+03  1.79998129e+02
 1.21152766e+03  4.63856917e+01  1.21152766e+03  1.79998114e+02
 1.22086225e+03  4.63856917e+01  1.22086225e+03  1.79998100e+02
 1.23026877e+03  4.63856917e+01  1.23026877e+03  1.79998085e+02
 1.23974776e+03  4.63856918e+01  1.23974776e+03  1.79998070e+02
 1.24929979e+03  4.63856918e+01  1.24929979e+03  1.79998055e+02
 1.25892541e+03  4.63856918e+01  1.25892541e+03  1.79998040e+02
 1.26862520e+03  4.63856918e+01  1.26862520e+03  1.79998025e+02
 1.27839972e+03  4.63856918e+01  1.27839972e+03  1.79998010e+02
 1.28824955e+03  4.63856918e+01  1.28824955e+03  1.79997995e+02
 1.29817528e+03  4.63856919e+01  1.29817528e+03  1.79997979e+02
 1.30817747e+03  4.63856919e+01  1.30817747e+03  1.79997964e+02
 1.31825674e+03  4.63856919e+01  1.31825674e+03  1.79997948e+02
 1.32841366e+03  4.63856919e+01  1.32841366e+03  1.79997932e+02
 1.33864884e+03  4.63856920e+01  1.33864884e+03  1.79997916e+02
 1.34896288e+03  4.63856920e+01  1.34896288e+03  1.79997900e+02
 1.35935639e+03  4.63856920e+01  1.35935639e+03  1.79997884e+02
 1.36982998e+03  4.63856920e+01  1.36982998e+03  1.79997868e+02
 1.38038426e+03  4.63856920e+01  1.38038426e+03  1.79997851e+02
 1.39101987e+03  4.63856921e+01  1.39101987e+03  1.79997835e+02
 1.40173742e+03  4.63856921e+01  1.40173742e+03  1.79997818e+02
 1.41253754e+03  4.63856921e+01  1.41253754e+03  1.79997801e+02
 1.42342088e+03  4.63856921e+01  1.42342088e+03  1.79997784e+02
 1.43438808e+03  4.63856922e+01  1.43438808e+03  1.79997767e+02
 1.44543977e+03  4.63856922e+01  1.44543977e+03  1.79997750e+02
 1.45657662e+03  4.63856922e+01  1.45657662e+03  1.79997733e+02
 1.46779927e+03  4.63856922e+01  1.46779927e+03  1.79997715e+02
 1.47910839e+03  4.63856923e+01  1.47910839e+03  1.79997698e+02
 1.49050464e+03  4.63856923e+01  1.49050464e+03  1.79997680e+02
 1.50198870e+03  4.63856923e+01  1.50198870e+03  1.79997662e+02
 1.51356125e+03  4.63856923e+01  1.51356125e+03  1.79997644e+02
 1.52522296e+03  4.63856924e+01  1.52522296e+03  1.79997626e+02
 1.53697452e+03  4.63856924e+01  1.53697452e+03  1.79997608e+02
 1.54881662e+03  4.63856924e+01  1.54881662e+03  1.79997589e+02
 1.56074996e+03  4.63856925e+01  1.56074996e+03  1.79997571e+02
 1.57277525e+03  4.63856925e+01  1.57277525e+03  1.79997552e+02
 1.58489319e+03  4.63856925e+01  1.58489319e+03  1.79997533e+02
 1.59710450e+03  4.63856925e+01  1.59710450e+03  1.79997514e+02
 1.60940989e+03  4.63856926e+01  1.60940989e+03  1.79997495e+02
 1.62181010e+03  4.63856926e+01  1.62181010e+03  1.79997476e+02
 1.63430584e+03  4.63856926e+01  1.63430584e+03  1.79997456e+02
 1.64689787e+03  4.63856927e+01  1.64689787e+03  1.79997437e+02
 1.65958691e+03  4.63856927e+01  1.65958691e+03  1.79997417e+02
 1.67237372e+03  4.63856927e+01  1.67237372e+03  1.79997397e+02
 1.68525904e+03  4.63856928e+01  1.68525904e+03  1.79997377e+02
 1.69824365e+03  4.63856928e+01  1.69824365e+03  1.79997357e+02
 1.71132830e+03  4.63856928e+01  1.71132830e+03  1.79997336e+02
 1.72451377e+03  4.63856929e+01  1.72451377e+03  1.79997316e+02
 1.73780083e+03  4.63856929e+01  1.73780083e+03  1.79997295e+02
 1.75119026e+03  4.63856929e+01  1.75119026e+03  1.79997274e+02
 1.76468286e+03  4.63856930e+01  1.76468286e+03  1.79997253e+02
 1.77827941e+03  4.63856930e+01  1.77827941e+03  1.79997232e+02
 1.79198072e+03  4.63856931e+01  1.79198072e+03  1.79997211e+02
 1.80578760e+03  4.63856931e+01  1.80578760e+03  1.79997189e+02
 1.81970086e+03  4.63856931e+01  1.81970086e+03  1.79997168e+02
 1.83372132e+03  4.63856932e+01  1.83372132e+03  1.79997146e+02
 1.84784980e+03  4.63856932e+01  1.84784980e+03  1.79997124e+02
 1.86208714e+03  4.63856933e+01  1.86208714e+03  1.79997102e+02
 1.87643417e+03  4.63856933e+01  1.87643417e+03  1.79997079e+02
 1.89089175e+03  4.63856933e+01  1.89089175e+03  1.79997057e+02
 1.90546072e+03  4.63856934e+01  1.90546072e+03  1.79997034e+02
 1.92014194e+03  4.63856934e+01  1.92014194e+03  1.79997011e+02
 1.93493628e+03  4.63856935e+01  1.93493628e+03  1.79996988e+02
 1.94984460e+03  4.63856935e+01  1.94984460e+03  1.79996965e+02
 1.96486779e+03  4.63856936e+01  1.96486779e+03  1.79996942e+02
 1.98000673e+03  4.63856936e+01  1.98000673e+03  1.79996918e+02
 1.99526231e+03  4.63856937e+01  1.99526231e+03  1.79996894e+02
 2.01063544e+03  4.63856937e+01  2.01063544e+03  1.79996870e+02
 2.02612701e+03  4.63856937e+01  2.02612701e+03  1.79996846e+02
 2.04173794e+03  4.63856938e+01  2.04173794e+03  1.79996822e+02
 2.05746916e+03  4.63856938e+01  2.05746916e+03  1.79996797e+02
 2.07332157e+03  4.63856939e+01  2.07332157e+03  1.79996773e+02
 2.08929613e+03  4.63856940e+01  2.08929613e+03  1.79996748e+02
 2.10539377e+03  4.63856940e+01  2.10539377e+03  1.79996723e+02
 2.12161544e+03  4.63856941e+01  2.12161544e+03  1.79996698e+02
 2.13796209e+03  4.63856941e+01  2.13796209e+03  1.79996672e+02
 2.15443469e+03  4.63856942e+01  2.15443469e+03  1.79996647e+02
 2.17103421e+03  4.63856942e+01  2.17103421e+03  1.79996621e+02
 2.18776162e+03  4.63856943e+01  2.18776162e+03  1.79996595e+02
 2.20461792e+03  4.63856943e+01  2.20461792e+03  1.79996568e+02
 2.22160409e+03  4.63856944e+01  2.22160409e+03  1.79996542e+02
 2.23872114e+03  4.63856945e+01  2.23872114e+03  1.79996515e+02
 2.25597007e+03  4.63856945e+01  2.25597007e+03  1.79996489e+02
 2.27335190e+03  4.63856946e+01  2.27335190e+03  1.79996461e+02
 2.29086765e+03  4.63856946e+01  2.29086765e+03  1.79996434e+02
 2.30851836e+03  4.63856947e+01  2.30851836e+03  1.79996407e+02
 2.32630507e+03  4.63856948e+01  2.32630507e+03  1.79996379e+02
 2.34422882e+03  4.63856948e+01  2.34422882e+03  1.79996351e+02
 2.36229066e+03  4.63856949e+01  2.36229066e+03  1.79996323e+02
 2.38049167e+03  4.63856950e+01  2.38049167e+03  1.79996295e+02
 2.39883292e+03  4.63856950e+01  2.39883292e+03  1.79996266e+02
 2.41731548e+03  4.63856951e+01  2.41731548e+03  1.79996237e+02
 2.43594045e+03  4.63856952e+01  2.43594045e+03  1.79996208e+02
 2.45470892e+03  4.63856952e+01  2.45470892e+03  1.79996179e+02
 2.47362199e+03  4.63856953e+01  2.47362199e+03  1.79996150e+02
 2.49268079e+03  4.63856954e+01  2.49268079e+03  1.79996120e+02
 2.51188643e+03  4.63856955e+01  2.51188643e+03  1.79996090e+02
 2.53124005e+03  4.63856955e+01  2.53124005e+03  1.79996060e+02
 2.55074278e+03  4.63856956e+01  2.55074278e+03  1.79996030e+02
 2.57039578e+03  4.63856957e+01  2.57039578e+03  1.79995999e+02
 2.59020020e+03  4.63856958e+01  2.59020020e+03  1.79995968e+02
 2.61015722e+03  4.63856959e+01  2.61015722e+03  1.79995937e+02
 2.63026799e+03  4.63856959e+01  2.63026799e+03  1.79995906e+02
 2.65053372e+03  4.63856960e+01  2.65053372e+03  1.79995874e+02
 2.67095559e+03  4.63856961e+01  2.67095559e+03  1.79995843e+02
 2.69153480e+03  4.63856962e+01  2.69153480e+03  1.79995811e+02
 2.71227258e+03  4.63856963e+01  2.71227258e+03  1.79995778e+02
 2.73317014e+03  4.63856964e+01  2.73317014e+03  1.79995746e+02
 2.75422870e+03  4.63856965e+01  2.75422870e+03  1.79995713e+02
 2.77544952e+03  4.63856965e+01  2.77544952e+03  1.79995680e+02
 2.79683385e+03  4.63856966e+01  2.79683385e+03  1.79995647e+02
 2.81838293e+03  4.63856967e+01  2.81838293e+03  1.79995613e+02
 2.84009805e+03  4.63856968e+01  2.84009805e+03  1.79995579e+02
 2.86198048e+03  4.63856969e+01  2.86198048e+03  1.79995545e+02
 2.88403150e+03  4.63856970e+01  2.88403150e+03  1.79995511e+02
 2.90625243e+03  4.63856971e+01  2.90625243e+03  1.79995476e+02
 2.92864456e+03  4.63856972e+01  2.92864456e+03  1.79995441e+02
 2.95120923e+03  4.63856973e+01  2.95120923e+03  1.79995406e+02
 2.97394775e+03  4.63856974e+01  2.97394775e+03  1.79995371e+02
 2.99686146e+03  4.63856975e+01  2.99686146e+03  1.79995335e+02
 3.01995172e+03  4.63856976e+01  3.01995172e+03  1.79995299e+02
 3.04321989e+03  4.63856978e+01  3.04321989e+03  1.79995263e+02
 3.06666733e+03  4.63856979e+01  3.06666733e+03  1.79995227e+02
 3.09029543e+03  4.63856980e+01  3.09029543e+03  1.79995190e+02
 3.11410558e+03  4.63856981e+01  3.11410558e+03  1.79995153e+02
 3.13809919e+03  4.63856982e+01  3.13809919e+03  1.79995115e+02
 3.16227766e+03  4.63856983e+01  3.16227766e+03  1.79995078e+02
 3.18664242e+03  4.63856984e+01  3.18664242e+03  1.79995040e+02
 3.21119491e+03  4.63856986e+01  3.21119491e+03  1.79995002e+02
 3.23593657e+03  4.63856987e+01  3.23593657e+03  1.79994963e+02
 3.26086886e+03  4.63856988e+01  3.26086886e+03  1.79994924e+02
 3.28599325e+03  4.63856989e+01  3.28599325e+03  1.79994885e+02
 3.31131121e+03  4.63856991e+01  3.31131121e+03  1.79994846e+02
 3.33682425e+03  4.63856992e+01  3.33682425e+03  1.79994806e+02
 3.36253386e+03  4.63856993e+01  3.36253386e+03  1.79994766e+02
 3.38844156e+03  4.63856995e+01  3.38844156e+03  1.79994726e+02
 3.41454887e+03  4.63856996e+01  3.41454887e+03  1.79994685e+02
 3.44085734e+03  4.63856998e+01  3.44085734e+03  1.79994644e+02
 3.46736850e+03  4.63856999e+01  3.46736850e+03  1.79994603e+02
 3.49408393e+03  4.63857000e+01  3.49408393e+03  1.79994561e+02
 3.52100520e+03  4.63857002e+01  3.52100520e+03  1.79994519e+02
 3.54813389e+03  4.63857003e+01  3.54813389e+03  1.79994477e+02
 3.57547160e+03  4.63857005e+01  3.57547160e+03  1.79994435e+02
 3.60301995e+03  4.63857006e+01  3.60301995e+03  1.79994392e+02
 3.63078055e+03  4.63857008e+01  3.63078055e+03  1.79994349e+02
 3.65875504e+03  4.63857010e+01  3.65875504e+03  1.79994305e+02
 3.68694506e+03  4.63857011e+01  3.68694506e+03  1.79994261e+02
 3.71535229e+03  4.63857013e+01  3.71535229e+03  1.79994217e+02
 3.74397839e+03  4.63857014e+01  3.74397839e+03  1.79994172e+02
 3.77282505e+03  4.63857016e+01  3.77282505e+03  1.79994127e+02
 3.80189396e+03  4.63857018e+01  3.80189396e+03  1.79994082e+02
 3.83118685e+03  4.63857020e+01  3.83118685e+03  1.79994037e+02
 3.86070543e+03  4.63857021e+01  3.86070543e+03  1.79993991e+02
 3.89045145e+03  4.63857023e+01  3.89045145e+03  1.79993944e+02
 3.92042666e+03  4.63857025e+01  3.92042666e+03  1.79993898e+02
 3.95063281e+03  4.63857027e+01  3.95063281e+03  1.79993851e+02
 3.98107171e+03  4.63857029e+01  3.98107171e+03  1.79993803e+02
 4.01174512e+03  4.63857031e+01  4.01174512e+03  1.79993756e+02
 4.04265487e+03  4.63857033e+01  4.04265487e+03  1.79993707e+02
 4.07380278e+03  4.63857034e+01  4.07380278e+03  1.79993659e+02
 4.10519067e+03  4.63857036e+01  4.10519067e+03  1.79993610e+02
 4.13682040e+03  4.63857039e+01  4.13682040e+03  1.79993561e+02
 4.16869383e+03  4.63857041e+01  4.16869383e+03  1.79993511e+02
 4.20081285e+03  4.63857043e+01  4.20081285e+03  1.79993461e+02
 4.23317933e+03  4.63857045e+01  4.23317933e+03  1.79993411e+02
 4.26579519e+03  4.63857047e+01  4.26579519e+03  1.79993360e+02
 4.29866235e+03  4.63857049e+01  4.29866235e+03  1.79993309e+02
 4.33178274e+03  4.63857051e+01  4.33178274e+03  1.79993257e+02
 4.36515832e+03  4.63857054e+01  4.36515832e+03  1.79993205e+02
 4.39879106e+03  4.63857056e+01  4.39879106e+03  1.79993153e+02
 4.43268292e+03  4.63857058e+01  4.43268292e+03  1.79993100e+02
 4.46683592e+03  4.63857061e+01  4.46683592e+03  1.79993047e+02
 4.50125206e+03  4.63857063e+01  4.50125206e+03  1.79992994e+02
 4.53593337e+03  4.63857065e+01  4.53593337e+03  1.79992940e+02
 4.57088190e+03  4.63857068e+01  4.57088190e+03  1.79992885e+02
 4.60609969e+03  4.63857070e+01  4.60609969e+03  1.79992830e+02
 4.64158883e+03  4.63857073e+01  4.64158883e+03  1.79992775e+02
 4.67735141e+03  4.63857076e+01  4.67735141e+03  1.79992720e+02
 4.71338954e+03  4.63857078e+01  4.71338954e+03  1.79992663e+02
 4.74970533e+03  4.63857081e+01  4.74970533e+03  1.79992607e+02
 4.78630092e+03  4.63857084e+01  4.78630092e+03  1.79992550e+02
 4.82317848e+03  4.63857086e+01  4.82317848e+03  1.79992493e+02
 4.86034018e+03  4.63857089e+01  4.86034018e+03  1.79992435e+02
 4.89778819e+03  4.63857092e+01  4.89778819e+03  1.79992376e+02
 4.93552474e+03  4.63857095e+01  4.93552474e+03  1.79992318e+02
 4.97355204e+03  4.63857098e+01  4.97355204e+03  1.79992258e+02
 5.01187234e+03  4.63857101e+01  5.01187234e+03  1.79992199e+02
 5.05048788e+03  4.63857104e+01  5.05048788e+03  1.79992139e+02
 5.08940095e+03  4.63857107e+01  5.08940095e+03  1.79992078e+02
 5.12861384e+03  4.63857110e+01  5.12861384e+03  1.79992017e+02
 5.16812886e+03  4.63857113e+01  5.16812886e+03  1.79991956e+02
 5.20794833e+03  4.63857116e+01  5.20794833e+03  1.79991894e+02
 5.24807460e+03  4.63857120e+01  5.24807460e+03  1.79991831e+02
 5.28851004e+03  4.63857123e+01  5.28851004e+03  1.79991768e+02
 5.32925703e+03  4.63857126e+01  5.32925703e+03  1.79991705e+02
 5.37031796e+03  4.63857130e+01  5.37031796e+03  1.79991641e+02
 5.41169527e+03  4.63857133e+01  5.41169527e+03  1.79991576e+02
 5.45339137e+03  4.63857137e+01  5.45339137e+03  1.79991512e+02
 5.49540874e+03  4.63857140e+01  5.49540874e+03  1.79991446e+02
 5.53774984e+03  4.63857144e+01  5.53774984e+03  1.79991380e+02
 5.58041717e+03  4.63857147e+01  5.58041717e+03  1.79991314e+02
 5.62341325e+03  4.63857151e+01  5.62341325e+03  1.79991247e+02
 5.66674061e+03  4.63857155e+01  5.66674061e+03  1.79991179e+02
 5.71040179e+03  4.63857159e+01  5.71040179e+03  1.79991112e+02
 5.75439937e+03  4.63857163e+01  5.75439937e+03  1.79991043e+02
 5.79873595e+03  4.63857167e+01  5.79873595e+03  1.79990974e+02
 5.84341413e+03  4.63857171e+01  5.84341413e+03  1.79990904e+02
 5.88843655e+03  4.63857175e+01  5.88843655e+03  1.79990834e+02
 5.93380586e+03  4.63857179e+01  5.93380586e+03  1.79990764e+02
 5.97952473e+03  4.63857183e+01  5.97952473e+03  1.79990693e+02
 6.02559586e+03  4.63857188e+01  6.02559586e+03  1.79990621e+02
 6.07202196e+03  4.63857192e+01  6.07202196e+03  1.79990549e+02
 6.11880576e+03  4.63857196e+01  6.11880576e+03  1.79990476e+02
 6.16595002e+03  4.63857201e+01  6.16595002e+03  1.79990402e+02
 6.21345752e+03  4.63857205e+01  6.21345752e+03  1.79990328e+02
 6.26133105e+03  4.63857210e+01  6.26133105e+03  1.79990254e+02
 6.30957344e+03  4.63857215e+01  6.30957344e+03  1.79990179e+02
 6.35818754e+03  4.63857220e+01  6.35818754e+03  1.79990103e+02
 6.40717619e+03  4.63857224e+01  6.40717619e+03  1.79990027e+02
 6.45654229e+03  4.63857229e+01  6.45654229e+03  1.79989950e+02
 6.50628875e+03  4.63857234e+01  6.50628875e+03  1.79989873e+02
 6.55641849e+03  4.63857239e+01  6.55641849e+03  1.79989795e+02
 6.60693448e+03  4.63857245e+01  6.60693448e+03  1.79989716e+02
 6.65783968e+03  4.63857250e+01  6.65783968e+03  1.79989637e+02
 6.70913710e+03  4.63857255e+01  6.70913710e+03  1.79989557e+02
 6.76082975e+03  4.63857261e+01  6.76082975e+03  1.79989476e+02
 6.81292069e+03  4.63857266e+01  6.81292069e+03  1.79989395e+02
 6.86541298e+03  4.63857272e+01  6.86541298e+03  1.79989314e+02
 6.91830971e+03  4.63857277e+01  6.91830971e+03  1.79989231e+02
 6.97161400e+03  4.63857283e+01  6.97161400e+03  1.79989148e+02
 7.02532899e+03  4.63857289e+01  7.02532899e+03  1.79989065e+02
 7.07945784e+03  4.63857295e+01  7.07945784e+03  1.79988980e+02
 7.13400375e+03  4.63857301e+01  7.13400375e+03  1.79988896e+02
 7.18896992e+03  4.63857307e+01  7.18896992e+03  1.79988810e+02
 7.24435960e+03  4.63857313e+01  7.24435960e+03  1.79988724e+02
 7.30017605e+03  4.63857319e+01  7.30017605e+03  1.79988637e+02
 7.35642254e+03  4.63857326e+01  7.35642254e+03  1.79988549e+02
 7.41310241e+03  4.63857332e+01  7.41310241e+03  1.79988461e+02
 7.47021899e+03  4.63857339e+01  7.47021899e+03  1.79988372e+02
 7.52777564e+03  4.63857346e+01  7.52777564e+03  1.79988283e+02
 7.58577575e+03  4.63857353e+01  7.58577575e+03  1.79988192e+02
 7.64422274e+03  4.63857359e+01  7.64422274e+03  1.79988101e+02
 7.70312006e+03  4.63857366e+01  7.70312006e+03  1.79988010e+02
 7.76247117e+03  4.63857374e+01  7.76247117e+03  1.79987917e+02
 7.82227956e+03  4.63857381e+01  7.82227956e+03  1.79987824e+02
 7.88254877e+03  4.63857388e+01  7.88254877e+03  1.79987730e+02
 7.94328235e+03  4.63857396e+01  7.94328235e+03  1.79987636e+02
 8.00448386e+03  4.63857403e+01  8.00448386e+03  1.79987541e+02
 8.06615692e+03  4.63857411e+01  8.06615692e+03  1.79987445e+02
 8.12830516e+03  4.63857419e+01  8.12830516e+03  1.79987348e+02
 8.19093224e+03  4.63857427e+01  8.19093224e+03  1.79987250e+02
 8.25404185e+03  4.63857435e+01  8.25404185e+03  1.79987152e+02
 8.31763771e+03  4.63857443e+01  8.31763771e+03  1.79987053e+02
 8.38172356e+03  4.63857451e+01  8.38172356e+03  1.79986953e+02
 8.44630319e+03  4.63857460e+01  8.44630319e+03  1.79986853e+02
 8.51138038e+03  4.63857468e+01  8.51138038e+03  1.79986752e+02
 8.57695899e+03  4.63857477e+01  8.57695899e+03  1.79986650e+02
 8.64304286e+03  4.63857486e+01  8.64304286e+03  1.79986547e+02
 8.70963590e+03  4.63857495e+01  8.70963590e+03  1.79986443e+02
 8.77674203e+03  4.63857504e+01  8.77674203e+03  1.79986339e+02
 8.84436519e+03  4.63857513e+01  8.84436519e+03  1.79986233e+02
 8.91250938e+03  4.63857522e+01  8.91250938e+03  1.79986127e+02
 8.98117861e+03  4.63857532e+01  8.98117861e+03  1.79986020e+02
 9.05037692e+03  4.63857542e+01  9.05037692e+03  1.79985913e+02
 9.12010839e+03  4.63857552e+01  9.12010839e+03  1.79985804e+02
 9.19037713e+03  4.63857562e+01  9.19037713e+03  1.79985695e+02
 9.26118728e+03  4.63857572e+01  9.26118728e+03  1.79985584e+02
 9.33254301e+03  4.63857582e+01  9.33254301e+03  1.79985473e+02
 9.40444852e+03  4.63857592e+01  9.40444852e+03  1.79985361e+02
 9.47690805e+03  4.63857603e+01  9.47690805e+03  1.79985249e+02
 9.54992586e+03  4.63857614e+01  9.54992586e+03  1.79985135e+02
 9.62350626e+03  4.63857625e+01  9.62350626e+03  1.79985020e+02
 9.69765359e+03  4.63857636e+01  9.69765359e+03  1.79984905e+02
 9.77237221e+03  4.63857647e+01  9.77237221e+03  1.79984789e+02
 9.84766652e+03  4.63857659e+01  9.84766652e+03  1.79984672e+02
 9.92354096e+03  4.63857670e+01  9.92354096e+03  1.79984553e+02
 1.00000000e+04  4.63857682e+01  1.00000000e+04  1.79984434e+02
 1.00770481e+04  4.63857694e+01  1.00770481e+04  1.79984314e+02
 1.01546899e+04  4.63857706e+01  1.01546899e+04  1.79984194e+02
 1.02329299e+04  4.63857719e+01  1.02329299e+04  1.79984072e+02
 1.03117727e+04  4.63857731e+01  1.03117727e+04  1.79983949e+02
 1.03912230e+04  4.63857744e+01  1.03912230e+04  1.79983825e+02
 1.04712855e+04  4.63857757e+01  1.04712855e+04  1.79983701e+02
 1.05519648e+04  4.63857770e+01  1.05519648e+04  1.79983575e+02
 1.06332657e+04  4.63857784e+01  1.06332657e+04  1.79983449e+02
 1.07151931e+04  4.63857797e+01  1.07151931e+04  1.79983321e+02
 1.07977516e+04  4.63857811e+01  1.07977516e+04  1.79983193e+02
 1.08809463e+04  4.63857825e+01  1.08809463e+04  1.79983063e+02
 1.09647820e+04  4.63857839e+01  1.09647820e+04  1.79982933e+02
 1.10492636e+04  4.63857854e+01  1.10492636e+04  1.79982801e+02
 1.11343961e+04  4.63857868e+01  1.11343961e+04  1.79982669e+02
 1.12201845e+04  4.63857883e+01  1.12201845e+04  1.79982535e+02
 1.13066340e+04  4.63857898e+01  1.13066340e+04  1.79982400e+02
 1.13937495e+04  4.63857914e+01  1.13937495e+04  1.79982265e+02
 1.14815362e+04  4.63857929e+01  1.14815362e+04  1.79982128e+02
 1.15699993e+04  4.63857945e+01  1.15699993e+04  1.79981991e+02
 1.16591440e+04  4.63857961e+01  1.16591440e+04  1.79981852e+02
 1.17489755e+04  4.63857978e+01  1.17489755e+04  1.79981712e+02
 1.18394992e+04  4.63857994e+01  1.18394992e+04  1.79981571e+02
 1.19307204e+04  4.63858011e+01  1.19307204e+04  1.79981429e+02
 1.20226443e+04  4.63858028e+01  1.20226443e+04  1.79981286e+02
 1.21152766e+04  4.63858046e+01  1.21152766e+04  1.79981142e+02
 1.22086225e+04  4.63858063e+01  1.22086225e+04  1.79980996e+02
 1.23026877e+04  4.63858081e+01  1.23026877e+04  1.79980850e+02
 1.23974776e+04  4.63858099e+01  1.23974776e+04  1.79980702e+02
 1.24929979e+04  4.63858118e+01  1.24929979e+04  1.79980554e+02
 1.25892541e+04  4.63858136e+01  1.25892541e+04  1.79980404e+02
 1.26862520e+04  4.63858156e+01  1.26862520e+04  1.79980253e+02
 1.27839972e+04  4.63858175e+01  1.27839972e+04  1.79980101e+02
 1.28824955e+04  4.63858195e+01  1.28824955e+04  1.79979947e+02
 1.29817528e+04  4.63858214e+01  1.29817528e+04  1.79979793e+02
 1.30817747e+04  4.63858235e+01  1.30817747e+04  1.79979637e+02
 1.31825674e+04  4.63858255e+01  1.31825674e+04  1.79979480e+02
 1.32841366e+04  4.63858276e+01  1.32841366e+04  1.79979322e+02
 1.33864884e+04  4.63858297e+01  1.33864884e+04  1.79979163e+02
 1.34896288e+04  4.63858319e+01  1.34896288e+04  1.79979002e+02
 1.35935639e+04  4.63858341e+01  1.35935639e+04  1.79978841e+02
 1.36982998e+04  4.63858363e+01  1.36982998e+04  1.79978677e+02
 1.38038426e+04  4.63858385e+01  1.38038426e+04  1.79978513e+02
 1.39101987e+04  4.63858408e+01  1.39101987e+04  1.79978348e+02
 1.40173742e+04  4.63858432e+01  1.40173742e+04  1.79978181e+02
 1.41253754e+04  4.63858455e+01  1.41253754e+04  1.79978013e+02
 1.42342088e+04  4.63858479e+01  1.42342088e+04  1.79977843e+02
 1.43438808e+04  4.63858504e+01  1.43438808e+04  1.79977673e+02
 1.44543977e+04  4.63858528e+01  1.44543977e+04  1.79977500e+02
 1.45657662e+04  4.63858553e+01  1.45657662e+04  1.79977327e+02
 1.46779927e+04  4.63858579e+01  1.46779927e+04  1.79977152e+02
 1.47910839e+04  4.63858605e+01  1.47910839e+04  1.79976976e+02
 1.49050464e+04  4.63858631e+01  1.49050464e+04  1.79976799e+02
 1.50198870e+04  4.63858658e+01  1.50198870e+04  1.79976620e+02
 1.51356125e+04  4.63858685e+01  1.51356125e+04  1.79976440e+02
 1.52522296e+04  4.63858712e+01  1.52522296e+04  1.79976258e+02
 1.53697452e+04  4.63858740e+01  1.53697452e+04  1.79976076e+02
 1.54881662e+04  4.63858769e+01  1.54881662e+04  1.79975891e+02
 1.56074996e+04  4.63858797e+01  1.56074996e+04  1.79975705e+02
 1.57277525e+04  4.63858827e+01  1.57277525e+04  1.79975518e+02
 1.58489319e+04  4.63858856e+01  1.58489319e+04  1.79975330e+02
 1.59710450e+04  4.63858887e+01  1.59710450e+04  1.79975139e+02
 1.60940989e+04  4.63858917e+01  1.60940989e+04  1.79974948e+02
 1.62181010e+04  4.63858948e+01  1.62181010e+04  1.79974755e+02
 1.63430584e+04  4.63858980e+01  1.63430584e+04  1.79974560e+02
 1.64689787e+04  4.63859012e+01  1.64689787e+04  1.79974364e+02
 1.65958691e+04  4.63859045e+01  1.65958691e+04  1.79974167e+02
 1.67237372e+04  4.63859078e+01  1.67237372e+04  1.79973968e+02
 1.68525904e+04  4.63859111e+01  1.68525904e+04  1.79973767e+02
 1.69824365e+04  4.63859145e+01  1.69824365e+04  1.79973565e+02
 1.71132830e+04  4.63859180e+01  1.71132830e+04  1.79973361e+02
 1.72451377e+04  4.63859215e+01  1.72451377e+04  1.79973156e+02
 1.73780083e+04  4.63859251e+01  1.73780083e+04  1.79972949e+02
 1.75119026e+04  4.63859287e+01  1.75119026e+04  1.79972741e+02
 1.76468286e+04  4.63859324e+01  1.76468286e+04  1.79972531e+02
 1.77827941e+04  4.63859362e+01  1.77827941e+04  1.79972319e+02
 1.79198072e+04  4.63859400e+01  1.79198072e+04  1.79972106e+02
 1.80578760e+04  4.63859438e+01  1.80578760e+04  1.79971891e+02
 1.81970086e+04  4.63859477e+01  1.81970086e+04  1.79971674e+02
 1.83372132e+04  4.63859517e+01  1.83372132e+04  1.79971456e+02
 1.84784980e+04  4.63859557e+01  1.84784980e+04  1.79971236e+02
 1.86208714e+04  4.63859598e+01  1.86208714e+04  1.79971014e+02
 1.87643417e+04  4.63859640e+01  1.87643417e+04  1.79970791e+02
 1.89089175e+04  4.63859682e+01  1.89089175e+04  1.79970566e+02
 1.90546072e+04  4.63859725e+01  1.90546072e+04  1.79970339e+02
 1.92014194e+04  4.63859769e+01  1.92014194e+04  1.79970111e+02
 1.93493628e+04  4.63859813e+01  1.93493628e+04  1.79969880e+02
 1.94984460e+04  4.63859858e+01  1.94984460e+04  1.79969648e+02
 1.96486779e+04  4.63859904e+01  1.96486779e+04  1.79969414e+02
 1.98000673e+04  4.63859950e+01  1.98000673e+04  1.79969179e+02
 1.99526231e+04  4.63859997e+01  1.99526231e+04  1.79968941e+02
 2.01063544e+04  4.63860045e+01  2.01063544e+04  1.79968702e+02
 2.02612701e+04  4.63860094e+01  2.02612701e+04  1.79968460e+02
 2.04173794e+04  4.63860143e+01  2.04173794e+04  1.79968217e+02
 2.05746916e+04  4.63860193e+01  2.05746916e+04  1.79967973e+02
 2.07332157e+04  4.63860244e+01  2.07332157e+04  1.79967726e+02
 2.08929613e+04  4.63860296e+01  2.08929613e+04  1.79967477e+02
 2.10539377e+04  4.63860348e+01  2.10539377e+04  1.79967226e+02
 2.12161544e+04  4.63860401e+01  2.12161544e+04  1.79966974e+02
 2.13796209e+04  4.63860456e+01  2.13796209e+04  1.79966719e+02
 2.15443469e+04  4.63860510e+01  2.15443469e+04  1.79966463e+02
 2.17103421e+04  4.63860566e+01  2.17103421e+04  1.79966204e+02
 2.18776162e+04  4.63860623e+01  2.18776162e+04  1.79965944e+02
 2.20461792e+04  4.63860680e+01  2.20461792e+04  1.79965682e+02
 2.22160409e+04  4.63860739e+01  2.22160409e+04  1.79965417e+02
 2.23872114e+04  4.63860798e+01  2.23872114e+04  1.79965151e+02
 2.25597007e+04  4.63860858e+01  2.25597007e+04  1.79964882e+02
 2.27335190e+04  4.63860919e+01  2.27335190e+04  1.79964611e+02
 2.29086765e+04  4.63860982e+01  2.29086765e+04  1.79964339e+02
 2.30851836e+04  4.63861044e+01  2.30851836e+04  1.79964064e+02
 2.32630507e+04  4.63861109e+01  2.32630507e+04  1.79963787e+02
 2.34422882e+04  4.63861174e+01  2.34422882e+04  1.79963508e+02
 2.36229066e+04  4.63861240e+01  2.36229066e+04  1.79963227e+02
 2.38049167e+04  4.63861307e+01  2.38049167e+04  1.79962943e+02
 2.39883292e+04  4.63861375e+01  2.39883292e+04  1.79962658e+02
 2.41731548e+04  4.63861444e+01  2.41731548e+04  1.79962370e+02
 2.43594045e+04  4.63861514e+01  2.43594045e+04  1.79962080e+02
 2.45470892e+04  4.63861585e+01  2.45470892e+04  1.79961788e+02
 2.47362199e+04  4.63861658e+01  2.47362199e+04  1.79961493e+02
 2.49268079e+04  4.63861731e+01  2.49268079e+04  1.79961197e+02
 2.51188643e+04  4.63861806e+01  2.51188643e+04  1.79960898e+02
 2.53124005e+04  4.63861882e+01  2.53124005e+04  1.79960596e+02
 2.55074278e+04  4.63861959e+01  2.55074278e+04  1.79960293e+02
 2.57039578e+04  4.63862037e+01  2.57039578e+04  1.79959987e+02
 2.59020020e+04  4.63862116e+01  2.59020020e+04  1.79959678e+02
 2.61015722e+04  4.63862197e+01  2.61015722e+04  1.79959367e+02
 2.63026799e+04  4.63862279e+01  2.63026799e+04  1.79959054e+02
 2.65053372e+04  4.63862362e+01  2.65053372e+04  1.79958739e+02
 2.67095559e+04  4.63862446e+01  2.67095559e+04  1.79958421e+02
 2.69153480e+04  4.63862532e+01  2.69153480e+04  1.79958100e+02
 2.71227258e+04  4.63862619e+01  2.71227258e+04  1.79957777e+02
 2.73317014e+04  4.63862707e+01  2.73317014e+04  1.79957452e+02
 2.75422870e+04  4.63862797e+01  2.75422870e+04  1.79957124e+02
 2.77544952e+04  4.63862888e+01  2.77544952e+04  1.79956794e+02
 2.79683385e+04  4.63862981e+01  2.79683385e+04  1.79956461e+02
 2.81838293e+04  4.63863075e+01  2.81838293e+04  1.79956125e+02
 2.84009805e+04  4.63863170e+01  2.84009805e+04  1.79955787e+02
 2.86198048e+04  4.63863267e+01  2.86198048e+04  1.79955446e+02
 2.88403150e+04  4.63863366e+01  2.88403150e+04  1.79955103e+02
 2.90625243e+04  4.63863465e+01  2.90625243e+04  1.79954757e+02
 2.92864456e+04  4.63863567e+01  2.92864456e+04  1.79954408e+02
 2.95120923e+04  4.63863670e+01  2.95120923e+04  1.79954057e+02
 2.97394775e+04  4.63863775e+01  2.97394775e+04  1.79953703e+02
 2.99686146e+04  4.63863881e+01  2.99686146e+04  1.79953346e+02
 3.01995172e+04  4.63863989e+01  3.01995172e+04  1.79952986e+02
 3.04321989e+04  4.63864098e+01  3.04321989e+04  1.79952624e+02
 3.06666733e+04  4.63864210e+01  3.06666733e+04  1.79952259e+02
 3.09029543e+04  4.63864323e+01  3.09029543e+04  1.79951891e+02
 3.11410558e+04  4.63864437e+01  3.11410558e+04  1.79951520e+02
 3.13809919e+04  4.63864554e+01  3.13809919e+04  1.79951146e+02
 3.16227766e+04  4.63864672e+01  3.16227766e+04  1.79950770e+02
 3.18664242e+04  4.63864792e+01  3.18664242e+04  1.79950390e+02
 3.21119491e+04  4.63864914e+01  3.21119491e+04  1.79950008e+02
 3.23593657e+04  4.63865038e+01  3.23593657e+04  1.79949623e+02
 3.26086886e+04  4.63865164e+01  3.26086886e+04  1.79949234e+02
 3.28599325e+04  4.63865292e+01  3.28599325e+04  1.79948843e+02
 3.31131121e+04  4.63865421e+01  3.31131121e+04  1.79948449e+02
 3.33682425e+04  4.63865553e+01  3.33682425e+04  1.79948052e+02
 3.36253386e+04  4.63865687e+01  3.36253386e+04  1.79947651e+02
 3.38844156e+04  4.63865823e+01  3.38844156e+04  1.79947248e+02
 3.41454887e+04  4.63865961e+01  3.41454887e+04  1.79946841e+02
 3.44085734e+04  4.63866101e+01  3.44085734e+04  1.79946431e+02
 3.46736850e+04  4.63866243e+01  3.46736850e+04  1.79946018e+02
 3.49408393e+04  4.63866387e+01  3.49408393e+04  1.79945602e+02
 3.52100520e+04  4.63866534e+01  3.52100520e+04  1.79945183e+02
 3.54813389e+04  4.63866683e+01  3.54813389e+04  1.79944760e+02
 3.57547160e+04  4.63866834e+01  3.57547160e+04  1.79944335e+02
 3.60301995e+04  4.63866988e+01  3.60301995e+04  1.79943906e+02
 3.63078055e+04  4.63867144e+01  3.63078055e+04  1.79943473e+02
 3.65875504e+04  4.63867303e+01  3.65875504e+04  1.79943037e+02
 3.68694506e+04  4.63867463e+01  3.68694506e+04  1.79942598e+02
 3.71535229e+04  4.63867627e+01  3.71535229e+04  1.79942156e+02
 3.74397839e+04  4.63867793e+01  3.74397839e+04  1.79941710e+02
 3.77282505e+04  4.63867961e+01  3.77282505e+04  1.79941261e+02
 3.80189396e+04  4.63868132e+01  3.80189396e+04  1.79940808e+02
 3.83118685e+04  4.63868305e+01  3.83118685e+04  1.79940352e+02
 3.86070543e+04  4.63868482e+01  3.86070543e+04  1.79939892e+02
 3.89045145e+04  4.63868661e+01  3.89045145e+04  1.79939428e+02
 3.92042666e+04  4.63868843e+01  3.92042666e+04  1.79938962e+02
 3.95063281e+04  4.63869027e+01  3.95063281e+04  1.79938491e+02
 3.98107171e+04  4.63869215e+01  3.98107171e+04  1.79938017e+02
 4.01174512e+04  4.63869405e+01  4.01174512e+04  1.79937539e+02
 4.04265487e+04  4.63869599e+01  4.04265487e+04  1.79937058e+02
 4.07380278e+04  4.63869795e+01  4.07380278e+04  1.79936572e+02
 4.10519067e+04  4.63869995e+01  4.10519067e+04  1.79936083e+02
 4.13682040e+04  4.63870197e+01  4.13682040e+04  1.79935591e+02
 4.16869383e+04  4.63870403e+01  4.16869383e+04  1.79935094e+02
 4.20081285e+04  4.63870611e+01  4.20081285e+04  1.79934594e+02
 4.23317933e+04  4.63870823e+01  4.23317933e+04  1.79934089e+02
 4.26579519e+04  4.63871039e+01  4.26579519e+04  1.79933581e+02
 4.29866235e+04  4.63871258e+01  4.29866235e+04  1.79933069e+02
 4.33178274e+04  4.63871480e+01  4.33178274e+04  1.79932553e+02
 4.36515832e+04  4.63871705e+01  4.36515832e+04  1.79932033e+02
 4.39879106e+04  4.63871934e+01  4.39879106e+04  1.79931509e+02
 4.43268292e+04  4.63872167e+01  4.43268292e+04  1.79930981e+02
 4.46683592e+04  4.63872403e+01  4.46683592e+04  1.79930449e+02
 4.50125206e+04  4.63872642e+01  4.50125206e+04  1.79929913e+02
 4.53593337e+04  4.63872886e+01  4.53593337e+04  1.79929372e+02
 4.57088190e+04  4.63873133e+01  4.57088190e+04  1.79928828e+02
 4.60609969e+04  4.63873384e+01  4.60609969e+04  1.79928279e+02
 4.64158883e+04  4.63873639e+01  4.64158883e+04  1.79927726e+02
 4.67735141e+04  4.63873898e+01  4.67735141e+04  1.79927169e+02
 4.71338954e+04  4.63874160e+01  4.71338954e+04  1.79926607e+02
 4.74970533e+04  4.63874428e+01  4.74970533e+04  1.79926041e+02
 4.78630092e+04  4.63874699e+01  4.78630092e+04  1.79925471e+02
 4.82317848e+04  4.63874974e+01  4.82317848e+04  1.79924896e+02
 4.86034018e+04  4.63875253e+01  4.86034018e+04  1.79924317e+02
 4.89778819e+04  4.63875538e+01  4.89778819e+04  1.79923734e+02
 4.93552474e+04  4.63875826e+01  4.93552474e+04  1.79923146e+02
 4.97355204e+04  4.63876118e+01  4.97355204e+04  1.79922553e+02
 5.01187234e+04  4.63876416e+01  5.01187234e+04  1.79921956e+02
 5.05048788e+04  4.63876717e+01  5.05048788e+04  1.79921354e+02
 5.08940095e+04  4.63877024e+01  5.08940095e+04  1.79920747e+02
 5.12861384e+04  4.63877335e+01  5.12861384e+04  1.79920136e+02
 5.16812886e+04  4.63877651e+01  5.16812886e+04  1.79919520e+02
 5.20794833e+04  4.63877972e+01  5.20794833e+04  1.79918900e+02
 5.24807460e+04  4.63878298e+01  5.24807460e+04  1.79918274e+02
 5.28851004e+04  4.63878629e+01  5.28851004e+04  1.79917644e+02
 5.32925703e+04  4.63878965e+01  5.32925703e+04  1.79917009e+02
 5.37031796e+04  4.63879307e+01  5.37031796e+04  1.79916369e+02
 5.41169527e+04  4.63879653e+01  5.41169527e+04  1.79915724e+02
 5.45339137e+04  4.63880005e+01  5.45339137e+04  1.79915074e+02
 5.49540874e+04  4.63880363e+01  5.49540874e+04  1.79914419e+02
 5.53774984e+04  4.63880725e+01  5.53774984e+04  1.79913759e+02
 5.58041717e+04  4.63881094e+01  5.58041717e+04  1.79913094e+02
 5.62341325e+04  4.63881468e+01  5.62341325e+04  1.79912423e+02
 5.66674061e+04  4.63881848e+01  5.66674061e+04  1.79911748e+02
 5.71040179e+04  4.63882234e+01  5.71040179e+04  1.79911067e+02
 5.75439937e+04  4.63882625e+01  5.75439937e+04  1.79910381e+02
 5.79873595e+04  4.63883024e+01  5.79873595e+04  1.79909690e+02
 5.84341413e+04  4.63883428e+01  5.84341413e+04  1.79908993e+02
 5.88843655e+04  4.63883838e+01  5.88843655e+04  1.79908291e+02
 5.93380586e+04  4.63884255e+01  5.93380586e+04  1.79907584e+02
 5.97952473e+04  4.63884677e+01  5.97952473e+04  1.79906871e+02
 6.02559586e+04  4.63885107e+01  6.02559586e+04  1.79906153e+02
 6.07202196e+04  4.63885544e+01  6.07202196e+04  1.79905429e+02
 6.11880576e+04  4.63885987e+01  6.11880576e+04  1.79904699e+02
 6.16595002e+04  4.63886436e+01  6.16595002e+04  1.79903964e+02
 6.21345752e+04  4.63886894e+01  6.21345752e+04  1.79903223e+02
 6.26133105e+04  4.63887358e+01  6.26133105e+04  1.79902476e+02
 6.30957344e+04  4.63887829e+01  6.30957344e+04  1.79901724e+02
 6.35818754e+04  4.63888307e+01  6.35818754e+04  1.79900966e+02
 6.40717619e+04  4.63888793e+01  6.40717619e+04  1.79900202e+02
 6.45654229e+04  4.63889287e+01  6.45654229e+04  1.79899432e+02
 6.50628875e+04  4.63889787e+01  6.50628875e+04  1.79898656e+02
 6.55641849e+04  4.63890296e+01  6.55641849e+04  1.79897874e+02
 6.60693448e+04  4.63890813e+01  6.60693448e+04  1.79897086e+02
 6.65783968e+04  4.63891337e+01  6.65783968e+04  1.79896292e+02
 6.70913710e+04  4.63891870e+01  6.70913710e+04  1.79895491e+02
 6.76082975e+04  4.63892412e+01  6.76082975e+04  1.79894685e+02
 6.81292069e+04  4.63892961e+01  6.81292069e+04  1.79893872e+02
 6.86541298e+04  4.63893518e+01  6.86541298e+04  1.79893053e+02
 6.91830971e+04  4.63894085e+01  6.91830971e+04  1.79892228e+02
 6.97161400e+04  4.63894660e+01  6.97161400e+04  1.79891396e+02
 7.02532899e+04  4.63895244e+01  7.02532899e+04  1.79890558e+02
 7.07945784e+04  4.63895837e+01  7.07945784e+04  1.79889713e+02
 7.13400375e+04  4.63896440e+01  7.13400375e+04  1.79888862e+02
 7.18896992e+04  4.63897051e+01  7.18896992e+04  1.79888004e+02
 7.24435960e+04  4.63897673e+01  7.24435960e+04  1.79887140e+02
 7.30017605e+04  4.63898303e+01  7.30017605e+04  1.79886269e+02
 7.35642254e+04  4.63898944e+01  7.35642254e+04  1.79885391e+02
 7.41310241e+04  4.63899595e+01  7.41310241e+04  1.79884506e+02
 7.47021899e+04  4.63900255e+01  7.47021899e+04  1.79883615e+02
 7.52777564e+04  4.63900925e+01  7.52777564e+04  1.79882716e+02
 7.58577575e+04  4.63901606e+01  7.58577575e+04  1.79881811e+02
 7.64422274e+04  4.63902298e+01  7.64422274e+04  1.79880899e+02
 7.70312006e+04  4.63903001e+01  7.70312006e+04  1.79879979e+02
 7.76247117e+04  4.63903714e+01  7.76247117e+04  1.79879053e+02
 7.82227956e+04  4.63904439e+01  7.82227956e+04  1.79878119e+02
 7.88254877e+04  4.63905173e+01  7.88254877e+04  1.79877178e+02
 7.94328235e+04  4.63905920e+01  7.94328235e+04  1.79876229e+02
 8.00448386e+04  4.63906679e+01  8.00448386e+04  1.79875274e+02
 8.06615692e+04  4.63907448e+01  8.06615692e+04  1.79874311e+02
 8.12830516e+04  4.63908232e+01  8.12830516e+04  1.79873340e+02
 8.19093224e+04  4.63909027e+01  8.19093224e+04  1.79872362e+02
 8.25404185e+04  4.63909832e+01  8.25404185e+04  1.79871376e+02
 8.31763771e+04  4.63910651e+01  8.31763771e+04  1.79870383e+02
 8.38172356e+04  4.63911483e+01  8.38172356e+04  1.79869382e+02
 8.44630319e+04  4.63912328e+01  8.44630319e+04  1.79868373e+02
 8.51138038e+04  4.63913185e+01  8.51138038e+04  1.79867357e+02
 8.57695899e+04  4.63914056e+01  8.57695899e+04  1.79866332e+02
 8.64304286e+04  4.63914940e+01  8.64304286e+04  1.79865300e+02
 8.70963590e+04  4.63915836e+01  8.70963590e+04  1.79864259e+02
 8.77674203e+04  4.63916750e+01  8.77674203e+04  1.79863211e+02
 8.84436519e+04  4.63917675e+01  8.84436519e+04  1.79862154e+02
 8.91250938e+04  4.63918616e+01  8.91250938e+04  1.79861089e+02
 8.98117861e+04  4.63919570e+01  8.98117861e+04  1.79860016e+02
 9.05037692e+04  4.63920540e+01  9.05037692e+04  1.79858934e+02
 9.12010839e+04  4.63921525e+01  9.12010839e+04  1.79857845e+02
 9.19037713e+04  4.63922525e+01  9.19037713e+04  1.79856746e+02
 9.26118728e+04  4.63923541e+01  9.26118728e+04  1.79855639e+02
 9.33254301e+04  4.63924572e+01  9.33254301e+04  1.79854524e+02
 9.40444852e+04  4.63925618e+01  9.40444852e+04  1.79853400e+02
 9.47690805e+04  4.63926683e+01  9.47690805e+04  1.79852267e+02
 9.54992586e+04  4.63927761e+01  9.54992586e+04  1.79851125e+02
 9.62350626e+04  4.63928858e+01  9.62350626e+04  1.79849974e+02
 9.69765359e+04  4.63929972e+01  9.69765359e+04  1.79848815e+02
 9.77237221e+04  4.63931104e+01  9.77237221e+04  1.79847646e+02
 9.84766652e+04  4.63932251e+01  9.84766652e+04  1.79846469e+02
 9.92354096e+04  4.63933417e+01  9.92354096e+04  1.79845282e+02
 1.00000000e+05  4.63934602e+01  1.00000000e+05  1.79844086e+02
 1.00770481e+05  4.63935804e+01  1.00770481e+05  1.79842880e+02
 1.01546899e+05  4.63937025e+01  1.01546899e+05  1.79841666e+02
 1.02329299e+05  4.63938265e+01  1.02329299e+05  1.79840441e+02
 1.03117727e+05  4.63939524e+01  1.03117727e+05  1.79839208e+02
 1.03912230e+05  4.63940802e+01  1.03912230e+05  1.79837964e+02
 1.04712855e+05  4.63942101e+01  1.04712855e+05  1.79836711e+02
 1.05519648e+05  4.63943420e+01  1.05519648e+05  1.79835449e+02
 1.06332657e+05  4.63944759e+01  1.06332657e+05  1.79834176e+02
 1.07151931e+05  4.63946118e+01  1.07151931e+05  1.79832893e+02
 1.07977516e+05  4.63947499e+01  1.07977516e+05  1.79831601e+02
 1.08809463e+05  4.63948903e+01  1.08809463e+05  1.79830298e+02
 1.09647820e+05  4.63950326e+01  1.09647820e+05  1.79828986e+02
 1.10492636e+05  4.63951769e+01  1.10492636e+05  1.79827662e+02
 1.11343961e+05  4.63953238e+01  1.11343961e+05  1.79826329e+02
 1.12201845e+05  4.63954731e+01  1.12201845e+05  1.79824985e+02
 1.13066340e+05  4.63956244e+01  1.13066340e+05  1.79823631e+02
 1.13937495e+05  4.63957781e+01  1.13937495e+05  1.79822266e+02
 1.14815362e+05  4.63959344e+01  1.14815362e+05  1.79820891e+02
 1.15699993e+05  4.63960928e+01  1.15699993e+05  1.79819505e+02
 1.16591440e+05  4.63962539e+01  1.16591440e+05  1.79818108e+02
 1.17489755e+05  4.63964174e+01  1.17489755e+05  1.79816700e+02
 1.18394992e+05  4.63965836e+01  1.18394992e+05  1.79815281e+02
 1.19307204e+05  4.63967520e+01  1.19307204e+05  1.79813851e+02
 1.20226443e+05  4.63969232e+01  1.20226443e+05  1.79812410e+02
 1.21152766e+05  4.63970970e+01  1.21152766e+05  1.79810957e+02
 1.22086225e+05  4.63972737e+01  1.22086225e+05  1.79809494e+02
 1.23026877e+05  4.63974528e+01  1.23026877e+05  1.79808018e+02
 1.23974776e+05  4.63976350e+01  1.23974776e+05  1.79806532e+02
 1.24929979e+05  4.63978201e+01  1.24929979e+05  1.79805033e+02
 1.25892541e+05  4.63980079e+01  1.25892541e+05  1.79803523e+02
 1.26862520e+05  4.63981984e+01  1.26862520e+05  1.79802001e+02
 1.27839972e+05  4.63983920e+01  1.27839972e+05  1.79800467e+02
 1.28824955e+05  4.63985885e+01  1.28824955e+05  1.79798922e+02
 1.29817528e+05  4.63987882e+01  1.29817528e+05  1.79797363e+02
 1.30817747e+05  4.63989911e+01  1.30817747e+05  1.79795793e+02
 1.31825674e+05  4.63991967e+01  1.31825674e+05  1.79794211e+02
 1.32841366e+05  4.63994058e+01  1.32841366e+05  1.79792616e+02
 1.33864884e+05  4.63996185e+01  1.33864884e+05  1.79791009e+02
 1.34896288e+05  4.63998340e+01  1.34896288e+05  1.79789389e+02
 1.35935639e+05  4.64000531e+01  1.35935639e+05  1.79787756e+02
 1.36982998e+05  4.64002751e+01  1.36982998e+05  1.79786110e+02
 1.38038426e+05  4.64005013e+01  1.38038426e+05  1.79784452e+02
 1.39101987e+05  4.64007302e+01  1.39101987e+05  1.79782780e+02
 1.40173742e+05  4.64009632e+01  1.40173742e+05  1.79781096e+02
 1.41253754e+05  4.64011996e+01  1.41253754e+05  1.79779398e+02
 1.42342088e+05  4.64014400e+01  1.42342088e+05  1.79777687e+02
 1.43438808e+05  4.64016836e+01  1.43438808e+05  1.79775962e+02
 1.44543977e+05  4.64019310e+01  1.44543977e+05  1.79774224e+02
 1.45657662e+05  4.64021827e+01  1.45657662e+05  1.79772472e+02
 1.46779927e+05  4.64024380e+01  1.46779927e+05  1.79770706e+02
 1.47910839e+05  4.64026970e+01  1.47910839e+05  1.79768926e+02
 1.49050464e+05  4.64029608e+01  1.49050464e+05  1.79767133e+02
 1.50198870e+05  4.64032282e+01  1.50198870e+05  1.79765325e+02
 1.51356125e+05  4.64034998e+01  1.51356125e+05  1.79763503e+02
 1.52522296e+05  4.64037754e+01  1.52522296e+05  1.79761667e+02
 1.53697452e+05  4.64040556e+01  1.53697452e+05  1.79759816e+02
 1.54881662e+05  4.64043399e+01  1.54881662e+05  1.79757951e+02
 1.56074996e+05  4.64046287e+01  1.56074996e+05  1.79756071e+02
 1.57277525e+05  4.64049222e+01  1.57277525e+05  1.79754176e+02
 1.58489319e+05  4.64052196e+01  1.58489319e+05  1.79752266e+02
 1.59710450e+05  4.64055219e+01  1.59710450e+05  1.79750341e+02
 1.60940989e+05  4.64058290e+01  1.60940989e+05  1.79748401e+02
 1.62181010e+05  4.64061413e+01  1.62181010e+05  1.79746445e+02
 1.63430584e+05  4.64064580e+01  1.63430584e+05  1.79744474e+02
 1.64689787e+05  4.64067798e+01  1.64689787e+05  1.79742488e+02
 1.65958691e+05  4.64071066e+01  1.65958691e+05  1.79740485e+02
 1.67237372e+05  4.64074382e+01  1.67237372e+05  1.79738467e+02
 1.68525904e+05  4.64077747e+01  1.68525904e+05  1.79736433e+02
 1.69824365e+05  4.64081166e+01  1.69824365e+05  1.79734383e+02
 1.71132830e+05  4.64084641e+01  1.71132830e+05  1.79732316e+02
 1.72451377e+05  4.64088168e+01  1.72451377e+05  1.79730233e+02
 1.73780083e+05  4.64091750e+01  1.73780083e+05  1.79728134e+02
 1.75119026e+05  4.64095392e+01  1.75119026e+05  1.79726018e+02
 1.76468286e+05  4.64099081e+01  1.76468286e+05  1.79723884e+02
 1.77827941e+05  4.64102833e+01  1.77827941e+05  1.79721735e+02
 1.79198072e+05  4.64106642e+01  1.79198072e+05  1.79719568e+02
 1.80578760e+05  4.64110509e+01  1.80578760e+05  1.79717383e+02
 1.81970086e+05  4.64114437e+01  1.81970086e+05  1.79715182e+02
 1.83372132e+05  4.64118427e+01  1.83372132e+05  1.79712963e+02
 1.84784980e+05  4.64122478e+01  1.84784980e+05  1.79710726e+02
 1.86208714e+05  4.64126591e+01  1.86208714e+05  1.79708471e+02
 1.87643417e+05  4.64130776e+01  1.87643417e+05  1.79706199e+02
 1.89089175e+05  4.64135009e+01  1.89089175e+05  1.79703908e+02
 1.90546072e+05  4.64139321e+01  1.90546072e+05  1.79701599e+02
 1.92014194e+05  4.64143705e+01  1.92014194e+05  1.79699272e+02
 1.93493628e+05  4.64148148e+01  1.93493628e+05  1.79696926e+02
 1.94984460e+05  4.64152661e+01  1.94984460e+05  1.79694561e+02
 1.96486779e+05  4.64157246e+01  1.96486779e+05  1.79692177e+02
 1.98000673e+05  4.64161889e+01  1.98000673e+05  1.79689774e+02
 1.99526231e+05  4.64166622e+01  1.99526231e+05  1.79687352e+02
 2.01063544e+05  4.64171420e+01  2.01063544e+05  1.79684911e+02
 2.02612701e+05  4.64176294e+01  2.02612701e+05  1.79682450e+02
 2.04173794e+05  4.64181245e+01  2.04173794e+05  1.79679970e+02
 2.05746916e+05  4.64186273e+01  2.05746916e+05  1.79677469e+02
 2.07332157e+05  4.64191382e+01  2.07332157e+05  1.79674948e+02
 2.08929613e+05  4.64196555e+01  2.08929613e+05  1.79672407e+02
 2.10539377e+05  4.64201821e+01  2.10539377e+05  1.79669846e+02
 2.12161544e+05  4.64207169e+01  2.12161544e+05  1.79667264e+02
 2.13796209e+05  4.64212599e+01  2.13796209e+05  1.79664661e+02
 2.15443469e+05  4.64218112e+01  2.15443469e+05  1.79662037e+02
 2.17103421e+05  4.64223710e+01  2.17103421e+05  1.79659392e+02
 2.18776162e+05  4.64229397e+01  2.18776162e+05  1.79656725e+02
 2.20461792e+05  4.64235167e+01  2.20461792e+05  1.79654038e+02
 2.22160409e+05  4.64241039e+01  2.22160409e+05  1.79651329e+02
 2.23872114e+05  4.64246993e+01  2.23872114e+05  1.79648597e+02
 2.25597007e+05  4.64253035e+01  2.25597007e+05  1.79645844e+02
 2.27335190e+05  4.64259173e+01  2.27335190e+05  1.79643067e+02
 2.29086765e+05  4.64265417e+01  2.29086765e+05  1.79640269e+02
 2.30851836e+05  4.64271743e+01  2.30851836e+05  1.79637448e+02
 2.32630507e+05  4.64278174e+01  2.32630507e+05  1.79634604e+02
 2.34422882e+05  4.64284713e+01  2.34422882e+05  1.79631739e+02
 2.36229066e+05  4.64291351e+01  2.36229066e+05  1.79628848e+02
 2.38049167e+05  4.64298083e+01  2.38049167e+05  1.79625934e+02
 2.39883292e+05  4.64304932e+01  2.39883292e+05  1.79622996e+02
 2.41731548e+05  4.64311871e+01  2.41731548e+05  1.79620035e+02
 2.43594045e+05  4.64318935e+01  2.43594045e+05  1.79617049e+02
 2.45470892e+05  4.64326098e+01  2.45470892e+05  1.79614040e+02
 2.47362199e+05  4.64333370e+01  2.47362199e+05  1.79611005e+02
 2.49268079e+05  4.64340760e+01  2.49268079e+05  1.79607946e+02
 2.51188643e+05  4.64348269e+01  2.51188643e+05  1.79604861e+02
 2.53124005e+05  4.64355894e+01  2.53124005e+05  1.79601752e+02
 2.55074278e+05  4.64363632e+01  2.55074278e+05  1.79598616e+02
 2.57039578e+05  4.64371503e+01  2.57039578e+05  1.79595456e+02
 2.59020020e+05  4.64379465e+01  2.59020020e+05  1.79592269e+02
 2.61015722e+05  4.64387600e+01  2.61015722e+05  1.79589056e+02
 2.63026799e+05  4.64395820e+01  2.63026799e+05  1.79585817e+02
 2.65053372e+05  4.64404190e+01  2.65053372e+05  1.79582550e+02
 2.67095559e+05  4.64412680e+01  2.67095559e+05  1.79579258e+02
 2.69153480e+05  4.64421296e+01  2.69153480e+05  1.79575938e+02
 2.71227258e+05  4.64430061e+01  2.71227258e+05  1.79572591e+02
 2.73317014e+05  4.64438960e+01  2.73317014e+05  1.79569215e+02
 2.75422870e+05  4.64447995e+01  2.75422870e+05  1.79565811e+02
 2.77544952e+05  4.64457155e+01  2.77544952e+05  1.79562380e+02
 2.79683385e+05  4.64466470e+01  2.79683385e+05  1.79558920e+02
 2.81838293e+05  4.64475929e+01  2.81838293e+05  1.79555431e+02
 2.84009805e+05  4.64485556e+01  2.84009805e+05  1.79551914e+02
 2.86198048e+05  4.64495293e+01  2.86198048e+05  1.79548366e+02
 2.88403150e+05  4.64505230e+01  2.88403150e+05  1.79544791e+02
 2.90625243e+05  4.64515297e+01  2.90625243e+05  1.79541185e+02
 2.92864456e+05  4.64525494e+01  2.92864456e+05  1.79537547e+02
 2.95120923e+05  4.64535888e+01  2.95120923e+05  1.79533882e+02
 2.97394775e+05  4.64546441e+01  2.97394775e+05  1.79530184e+02
 2.99686146e+05  4.64557143e+01  2.99686146e+05  1.79526455e+02
 3.01995172e+05  4.64568005e+01  3.01995172e+05  1.79522695e+02
 3.04321989e+05  4.64579064e+01  3.04321989e+05  1.79518905e+02
 3.06666733e+05  4.64590263e+01  3.06666733e+05  1.79515080e+02
 3.09029543e+05  4.64601665e+01  3.09029543e+05  1.79511225e+02
 3.11410558e+05  4.64613242e+01  3.11410558e+05  1.79507339e+02
 3.13809919e+05  4.64624984e+01  3.13809919e+05  1.79503416e+02
 3.16227766e+05  4.64636949e+01  3.16227766e+05  1.79499463e+02
 3.18664242e+05  4.64649045e+01  3.18664242e+05  1.79495475e+02
 3.21119491e+05  4.64661348e+01  3.21119491e+05  1.79491454e+02
 3.23593657e+05  4.64673851e+01  3.23593657e+05  1.79487398e+02
 3.26086886e+05  4.64686546e+01  3.26086886e+05  1.79483309e+02
 3.28599325e+05  4.64699460e+01  3.28599325e+05  1.79479185e+02
 3.31131121e+05  4.64712549e+01  3.31131121e+05  1.79475024e+02
 3.33682425e+05  4.64725827e+01  3.33682425e+05  1.79470828e+02
 3.36253386e+05  4.64739352e+01  3.36253386e+05  1.79466599e+02
 3.38844156e+05  4.64753059e+01  3.38844156e+05  1.79462330e+02
 3.41454887e+05  4.64767019e+01  3.41454887e+05  1.79458028e+02
 3.44085734e+05  4.64781136e+01  3.44085734e+05  1.79453684e+02
 3.46736850e+05  4.64795530e+01  3.46736850e+05  1.79449308e+02
 3.49408393e+05  4.64810135e+01  3.49408393e+05  1.79444891e+02
 3.52100520e+05  4.64824954e+01  3.52100520e+05  1.79440437e+02
 3.54813389e+05  4.64840023e+01  3.54813389e+05  1.79435945e+02
 3.57547160e+05  4.64855316e+01  3.57547160e+05  1.79431412e+02
 3.60301995e+05  4.64870824e+01  3.60301995e+05  1.79426842e+02
 3.63078055e+05  4.64886595e+01  3.63078055e+05  1.79422231e+02
 3.65875504e+05  4.64902632e+01  3.65875504e+05  1.79417581e+02
 3.68694506e+05  4.64918908e+01  3.68694506e+05  1.79412889e+02
 3.71535229e+05  4.64935446e+01  3.71535229e+05  1.79408158e+02
 3.74397839e+05  4.64952207e+01  3.74397839e+05  1.79403380e+02
 3.77282505e+05  4.64969302e+01  3.77282505e+05  1.79398570e+02
 3.80189396e+05  4.64986584e+01  3.80189396e+05  1.79393711e+02
 3.83118685e+05  4.65004191e+01  3.83118685e+05  1.79388811e+02
 3.86070543e+05  4.65022030e+01  3.86070543e+05  1.79383865e+02
 3.89045145e+05  4.65040196e+01  3.89045145e+05  1.79378878e+02
 3.92042666e+05  4.65058601e+01  3.92042666e+05  1.79373847e+02
 3.95063281e+05  4.65077312e+01  3.95063281e+05  1.79368769e+02
 3.98107171e+05  4.65096331e+01  3.98107171e+05  1.79363647e+02
 4.01174512e+05  4.65115630e+01  4.01174512e+05  1.79358481e+02
 4.04265487e+05  4.65135248e+01  4.04265487e+05  1.79353267e+02
 4.07380278e+05  4.65155182e+01  4.07380278e+05  1.79348013e+02
 4.10519067e+05  4.65175413e+01  4.10519067e+05  1.79342705e+02
 4.13682040e+05  4.65195957e+01  4.13682040e+05  1.79337347e+02
 4.16869383e+05  4.65216846e+01  4.16869383e+05  1.79331943e+02
 4.20081285e+05  4.65238032e+01  4.20081285e+05  1.79326495e+02
 4.23317933e+05  4.65259564e+01  4.23317933e+05  1.79320996e+02
 4.26579519e+05  4.65281440e+01  4.26579519e+05  1.79315442e+02
 4.29866235e+05  4.65303632e+01  4.29866235e+05  1.79309840e+02
 4.33178274e+05  4.65326199e+01  4.33178274e+05  1.79304194e+02
 4.36515832e+05  4.65349132e+01  4.36515832e+05  1.79298490e+02
 4.39879106e+05  4.65372428e+01  4.39879106e+05  1.79292737e+02
 4.43268292e+05  4.65396038e+01  4.43268292e+05  1.79286925e+02
 4.46683592e+05  4.65420081e+01  4.46683592e+05  1.79281069e+02
 4.50125206e+05  4.65444478e+01  4.50125206e+05  1.79275148e+02
 4.53593337e+05  4.65469269e+01  4.53593337e+05  1.79269184e+02
 4.57088190e+05  4.65494417e+01  4.57088190e+05  1.79263161e+02
 4.60609969e+05  4.65519996e+01  4.60609969e+05  1.79257080e+02
 4.64158883e+05  4.65545976e+01  4.64158883e+05  1.79250942e+02
 4.67735141e+05  4.65572353e+01  4.67735141e+05  1.79244749e+02
 4.71338954e+05  4.65599150e+01  4.71338954e+05  1.79238498e+02
 4.74970533e+05  4.65626334e+01  4.74970533e+05  1.79232186e+02
 4.78630092e+05  4.65654007e+01  4.78630092e+05  1.79225821e+02
 4.82317848e+05  4.65682102e+01  4.82317848e+05  1.79219383e+02
 4.86034018e+05  4.65710632e+01  4.86034018e+05  1.79212895e+02
 4.89778819e+05  4.65739613e+01  4.89778819e+05  1.79206351e+02
 4.93552474e+05  4.65769018e+01  4.93552474e+05  1.79199736e+02
 4.97355204e+05  4.65798949e+01  4.97355204e+05  1.79193051e+02
 5.01187234e+05  4.65829277e+01  5.01187234e+05  1.79186315e+02
 5.05048788e+05  4.65860180e+01  5.05048788e+05  1.79179516e+02
 5.08940095e+05  4.65891507e+01  5.08940095e+05  1.79172639e+02
 5.12861384e+05  4.65923375e+01  5.12861384e+05  1.79165708e+02
 5.16812886e+05  4.65955683e+01  5.16812886e+05  1.79158702e+02
 5.20794833e+05  4.65988579e+01  5.20794833e+05  1.79151642e+02
 5.24807460e+05  4.66021966e+01  5.24807460e+05  1.79144495e+02
 5.28851004e+05  4.66055849e+01  5.28851004e+05  1.79137284e+02
 5.32925703e+05  4.66090264e+01  5.32925703e+05  1.79130003e+02
 5.37031796e+05  4.66125277e+01  5.37031796e+05  1.79122651e+02
 5.41169527e+05  4.66160853e+01  5.41169527e+05  1.79115234e+02
 5.45339137e+05  4.66196963e+01  5.45339137e+05  1.79107732e+02
 5.49540874e+05  4.66233590e+01  5.49540874e+05  1.79100158e+02
 5.53774984e+05  4.66270916e+01  5.53774984e+05  1.79092523e+02
 5.58041717e+05  4.66308766e+01  5.58041717e+05  1.79084798e+02
 5.62341325e+05  4.66347228e+01  5.62341325e+05  1.79076995e+02
 5.66674061e+05  4.66386292e+01  5.66674061e+05  1.79069119e+02
 5.71040179e+05  4.66425980e+01  5.71040179e+05  1.79061171e+02
 5.75439937e+05  4.66466275e+01  5.75439937e+05  1.79053129e+02
 5.79873595e+05  4.66507301e+01  5.79873595e+05  1.79045017e+02
 5.84341413e+05  4.66548901e+01  5.84341413e+05  1.79036805e+02
 5.88843655e+05  4.66591142e+01  5.88843655e+05  1.79028529e+02
 5.93380586e+05  4.66634171e+01  5.93380586e+05  1.79020157e+02
 5.97952473e+05  4.66677802e+01  5.97952473e+05  1.79011710e+02
 6.02559586e+05  4.66722111e+01  6.02559586e+05  1.79003161e+02
 6.07202196e+05  4.66767142e+01  6.07202196e+05  1.78994527e+02
 6.11880576e+05  4.66812983e+01  6.11880576e+05  1.78985809e+02
 6.16595002e+05  4.66859392e+01  6.16595002e+05  1.78976993e+02
 6.21345752e+05  4.66906726e+01  6.21345752e+05  1.78968108e+02
 6.26133105e+05  4.66954728e+01  6.26133105e+05  1.78959094e+02
 6.30957344e+05  4.67003529e+01  6.30957344e+05  1.78950016e+02
 6.35818754e+05  4.67053088e+01  6.35818754e+05  1.78940828e+02
 6.40717619e+05  4.67103397e+01  6.40717619e+05  1.78931544e+02
 6.45654229e+05  4.67154534e+01  6.45654229e+05  1.78922160e+02
 6.50628875e+05  4.67206482e+01  6.50628875e+05  1.78912655e+02
 6.55641849e+05  4.67259314e+01  6.55641849e+05  1.78903081e+02
 6.60693448e+05  4.67312997e+01  6.60693448e+05  1.78893397e+02
 6.65783968e+05  4.67367561e+01  6.65783968e+05  1.78883609e+02
 6.70913710e+05  4.67422966e+01  6.70913710e+05  1.78873696e+02
 6.76082975e+05  4.67479223e+01  6.76082975e+05  1.78863693e+02
 6.81292069e+05  4.67536460e+01  6.81292069e+05  1.78853575e+02
 6.86541298e+05  4.67594477e+01  6.86541298e+05  1.78843327e+02
 6.91830971e+05  4.67653620e+01  6.91830971e+05  1.78832999e+02
 6.97161400e+05  4.67713643e+01  6.97161400e+05  1.78822529e+02
 7.02532899e+05  4.67774641e+01  7.02532899e+05  1.78811960e+02
 7.07945784e+05  4.67836584e+01  7.07945784e+05  1.78801260e+02
 7.13400375e+05  4.67899565e+01  7.13400375e+05  1.78790445e+02
 7.18896992e+05  4.67963498e+01  7.18896992e+05  1.78779499e+02
 7.24435960e+05  4.68028607e+01  7.24435960e+05  1.78768449e+02
 7.30017605e+05  4.68094667e+01  7.30017605e+05  1.78757240e+02
 7.35642254e+05  4.68161884e+01  7.35642254e+05  1.78745931e+02
 7.41310241e+05  4.68230141e+01  7.41310241e+05  1.78734487e+02
 7.47021899e+05  4.68299465e+01  7.47021899e+05  1.78722894e+02
 7.52777564e+05  4.68369969e+01  7.52777564e+05  1.78711190e+02
 7.58577575e+05  4.68441545e+01  7.58577575e+05  1.78699317e+02
 7.64422274e+05  4.68514442e+01  7.64422274e+05  1.78687337e+02
 7.70312006e+05  4.68588394e+01  7.70312006e+05  1.78675216e+02
 7.76247117e+05  4.68663507e+01  7.76247117e+05  1.78662930e+02
 7.82227956e+05  4.68739911e+01  7.82227956e+05  1.78650498e+02
 7.88254877e+05  4.68817650e+01  7.88254877e+05  1.78637935e+02
 7.94328235e+05  4.68896534e+01  7.94328235e+05  1.78625220e+02
 8.00448386e+05  4.68976806e+01  8.00448386e+05  1.78612321e+02
 8.06615692e+05  4.69058377e+01  8.06615692e+05  1.78599277e+02
 8.12830516e+05  4.69141250e+01  8.12830516e+05  1.78586079e+02
 8.19093224e+05  4.69225455e+01  8.19093224e+05  1.78572741e+02
 8.25404185e+05  4.69311121e+01  8.25404185e+05  1.78559190e+02
 8.31763771e+05  4.69398121e+01  8.31763771e+05  1.78545526e+02
 8.38172356e+05  4.69486661e+01  8.38172356e+05  1.78531653e+02
 8.44630319e+05  4.69576521e+01  8.44630319e+05  1.78517631e+02
 8.51138038e+05  4.69667973e+01  8.51138038e+05  1.78503432e+02
 8.57695899e+05  4.69760824e+01  8.57695899e+05  1.78489014e+02
 8.64304286e+05  4.69855273e+01  8.64304286e+05  1.78474416e+02
 8.70963590e+05  4.69951320e+01  8.70963590e+05  1.78459661e+02
 8.77674203e+05  4.70049025e+01  8.77674203e+05  1.78444720e+02
 8.84436519e+05  4.70148179e+01  8.84436519e+05  1.78429567e+02
 8.91250938e+05  4.70249088e+01  8.91250938e+05  1.78414205e+02
 8.98117861e+05  4.70351677e+01  8.98117861e+05  1.78398654e+02
 9.05037692e+05  4.70455890e+01  9.05037692e+05  1.78382873e+02
 9.12010839e+05  4.70561840e+01  9.12010839e+05  1.78366948e+02
 9.19037713e+05  4.70669602e+01  9.19037713e+05  1.78350713e+02
 9.26118728e+05  4.70779236e+01  9.26118728e+05  1.78334352e+02
 9.33254301e+05  4.70890643e+01  9.33254301e+05  1.78317775e+02
 9.40444852e+05  4.71003894e+01  9.40444852e+05  1.78300903e+02
 9.47690805e+05  4.71119074e+01  9.47690805e+05  1.78283821e+02
 9.54992586e+05  4.71236210e+01  9.54992586e+05  1.78266476e+02
 9.62350626e+05  4.71355223e+01  9.62350626e+05  1.78248939e+02
 9.69765359e+05  4.71476279e+01  9.69765359e+05  1.78231184e+02
 9.77237221e+05  4.71599327e+01  9.77237221e+05  1.78213124e+02
 9.84766652e+05  4.71724524e+01  9.84766652e+05  1.78194800e+02
 9.92354096e+05  4.71851889e+01  9.92354096e+05  1.78176267e+02
 1.00000000e+06  4.71981353e+01  1.00000000e+06  1.78157400e+02
 1.00770481e+06  4.72112990e+01  1.00770481e+06  1.78138353e+02
 1.01546899e+06  4.72246971e+01  1.01546899e+06  1.78119002e+02
 1.02329299e+06  4.72383007e+01  1.02329299e+06  1.78099287e+02
 1.03117727e+06  4.72521476e+01  1.03117727e+06  1.78079354e+02
 1.03912230e+06  4.72662258e+01  1.03912230e+06  1.78059088e+02
 1.04712855e+06  4.72805500e+01  1.04712855e+06  1.78038641e+02
 1.05519648e+06  4.72951223e+01  1.05519648e+06  1.78017740e+02
 1.06332657e+06  4.73099416e+01  1.06332657e+06  1.77996562e+02
 1.07151931e+06  4.73250216e+01  1.07151931e+06  1.77975129e+02
 1.07977516e+06  4.73403521e+01  1.07977516e+06  1.77953328e+02
 1.08809463e+06  4.73559501e+01  1.08809463e+06  1.77931158e+02
 1.09647820e+06  4.73717933e+01  1.09647820e+06  1.77908635e+02
 1.10492636e+06  4.73879490e+01  1.10492636e+06  1.77885839e+02
 1.11343961e+06  4.74043721e+01  1.11343961e+06  1.77862691e+02
 1.12201845e+06  4.74210691e+01  1.12201845e+06  1.77839146e+02
 1.13066340e+06  4.74380725e+01  1.13066340e+06  1.77815141e+02
 1.13937495e+06  4.74553482e+01  1.13937495e+06  1.77790811e+02
 1.14815362e+06  4.74729320e+01  1.14815362e+06  1.77766063e+02
 1.15699993e+06  4.74908329e+01  1.15699993e+06  1.77740988e+02
 1.16591440e+06  4.75090427e+01  1.16591440e+06  1.77715486e+02
 1.17489755e+06  4.75275897e+01  1.17489755e+06  1.77689573e+02
 1.18394992e+06  4.75464247e+01  1.18394992e+06  1.77663175e+02
 1.19307204e+06  4.75656421e+01  1.19307204e+06  1.77636405e+02
 1.20226443e+06  4.75851520e+01  1.20226443e+06  1.77609139e+02
 1.21152766e+06  4.76050394e+01  1.21152766e+06  1.77581381e+02
 1.22086225e+06  4.76252582e+01  1.22086225e+06  1.77553106e+02
 1.23026877e+06  4.76458301e+01  1.23026877e+06  1.77524485e+02
 1.23974776e+06  4.76667649e+01  1.23974776e+06  1.77495369e+02
 1.24929979e+06  4.76881295e+01  1.24929979e+06  1.77465640e+02
 1.25892541e+06  4.77098132e+01  1.25892541e+06  1.77435377e+02
 1.26862520e+06  4.77319196e+01  1.26862520e+06  1.77404640e+02
 1.27839972e+06  4.77544023e+01  1.27839972e+06  1.77373253e+02
 1.28824955e+06  4.77772915e+01  1.28824955e+06  1.77341377e+02
 1.29817528e+06  4.78006327e+01  1.29817528e+06  1.77308992e+02
 1.30817747e+06  4.78243364e+01  1.30817747e+06  1.77275924e+02
 1.31825674e+06  4.78485107e+01  1.31825674e+06  1.77242256e+02
 1.32841366e+06  4.78731322e+01  1.32841366e+06  1.77208056e+02
 1.33864884e+06  4.78981948e+01  1.33864884e+06  1.77173129e+02
 1.34896288e+06  4.79236899e+01  1.34896288e+06  1.77137475e+02
 1.35935639e+06  4.79497030e+01  1.35935639e+06  1.77101255e+02
 1.36982998e+06  4.79761476e+01  1.36982998e+06  1.77064287e+02
 1.38038426e+06  4.80031008e+01  1.38038426e+06  1.77026551e+02
 1.39101987e+06  4.80305689e+01  1.39101987e+06  1.76988154e+02
 1.40173742e+06  4.80585175e+01  1.40173742e+06  1.76948997e+02
 1.41253754e+06  4.80869985e+01  1.41253754e+06  1.76909144e+02
 1.42342088e+06  4.81160179e+01  1.42342088e+06  1.76868208e+02
 1.43438808e+06  4.81455672e+01  1.43438808e+06  1.76826769e+02
 1.44543977e+06  4.81756838e+01  1.44543977e+06  1.76784117e+02
 1.45657662e+06  4.82063655e+01  1.45657662e+06  1.76741085e+02
 1.46779927e+06  4.82376170e+01  1.46779927e+06  1.76696683e+02
 1.47910839e+06  4.82694585e+01  1.47910839e+06  1.76651612e+02
 1.49050464e+06  4.83019575e+01  1.49050464e+06  1.76605507e+02
 1.50198870e+06  4.83350403e+01  1.50198870e+06  1.76558357e+02
 1.51356125e+06  4.83687636e+01  1.51356125e+06  1.76510397e+02
 1.52522296e+06  4.84031180e+01  1.52522296e+06  1.76461146e+02
 1.53697452e+06  4.84381590e+01  1.53697452e+06  1.76411053e+02
 1.54881662e+06  4.84738867e+01  1.54881662e+06  1.76359692e+02
 1.56074996e+06  4.85102913e+01  1.56074996e+06  1.76307100e+02
 1.57277525e+06  4.85474287e+01  1.57277525e+06  1.76253663e+02
 1.58489319e+06  4.85853044e+01  1.58489319e+06  1.76198808e+02
 1.59710450e+06  4.86239256e+01  1.59710450e+06  1.76142602e+02
 1.60940989e+06  4.86632985e+01  1.60940989e+06  1.76085103e+02
 1.62181010e+06  4.87034386e+01  1.62181010e+06  1.76026258e+02
 1.63430584e+06  4.87443672e+01  1.63430584e+06  1.75966218e+02
 1.64689787e+06  4.87862255e+01  1.64689787e+06  1.75904478e+02
 1.65958691e+06  4.88288326e+01  1.65958691e+06  1.75841450e+02
 1.67237372e+06  4.88722650e+01  1.67237372e+06  1.75776732e+02
 1.68525904e+06  4.89166699e+01  1.68525904e+06  1.75710562e+02
 1.69824365e+06  4.89619681e+01  1.69824365e+06  1.75642727e+02
 1.71132830e+06  4.90081744e+01  1.71132830e+06  1.75573146e+02
 1.72451377e+06  4.90553081e+01  1.72451377e+06  1.75501816e+02
 1.73780083e+06  4.91034513e+01  1.73780083e+06  1.75428622e+02
 1.75119026e+06  4.91526170e+01  1.75119026e+06  1.75353477e+02
 1.76468286e+06  4.92028099e+01  1.76468286e+06  1.75276239e+02
 1.77827941e+06  4.92540734e+01  1.77827941e+06  1.75197132e+02
 1.79198072e+06  4.93063857e+01  1.79198072e+06  1.75115965e+02
 1.80578760e+06  4.93598468e+01  1.80578760e+06  1.75032408e+02
 1.81970086e+06  4.94144012e+01  1.81970086e+06  1.74946522e+02
 1.83372132e+06  4.94701601e+01  1.83372132e+06  1.74858613e+02
 1.84784980e+06  4.95271242e+01  1.84784980e+06  1.74767970e+02
 1.86208714e+06  4.95854050e+01  1.86208714e+06  1.74674999e+02
 1.87643417e+06  4.96448653e+01  1.87643417e+06  1.74578916e+02
 1.89089175e+06  4.97056663e+01  1.89089175e+06  1.74480260e+02
 1.90546072e+06  4.97678614e+01  1.90546072e+06  1.74378803e+02
 1.92014194e+06  4.98314228e+01  1.92014194e+06  1.74274124e+02
 1.93493628e+06  4.98963773e+01  1.93493628e+06  1.74166314e+02
 1.94984460e+06  4.99628634e+01  1.94984460e+06  1.74055447e+02
 1.96486779e+06  5.00308675e+01  1.96486779e+06  1.73940843e+02
 1.98000673e+06  5.01003640e+01  1.98000673e+06  1.73822720e+02
 1.99526231e+06  5.01715640e+01  1.99526231e+06  1.73700736e+02
 2.01063544e+06  5.02443681e+01  2.01063544e+06  1.73575179e+02
 2.02612701e+06  5.03189350e+01  2.02612701e+06  1.73445095e+02
 2.04173794e+06  5.03951711e+01  2.04173794e+06  1.73310942e+02
 2.05746916e+06  5.04733291e+01  2.05746916e+06  1.73172136e+02
 2.07332157e+06  5.05533328e+01  2.07332157e+06  1.73028697e+02
 2.08929613e+06  5.06351949e+01  2.08929613e+06  1.72880461e+02
 2.10539377e+06  5.07191871e+01  2.10539377e+06  1.72726820e+02
 2.12161544e+06  5.08052049e+01  2.12161544e+06  1.72567967e+02
 2.13796209e+06  5.08932999e+01  2.13796209e+06  1.72403116e+02
 2.15443469e+06  5.09836599e+01  2.15443469e+06  1.72232306e+02
 2.17103421e+06  5.10763341e+01  2.17103421e+06  1.72055174e+02
 2.18776162e+06  5.11713333e+01  2.18776162e+06  1.71871240e+02
 2.20461792e+06  5.12688078e+01  2.20461792e+06  1.71680228e+02
 2.22160409e+06  5.13687617e+01  2.22160409e+06  1.71481984e+02
 2.23872114e+06  5.14713756e+01  2.23872114e+06  1.71275599e+02
 2.25597007e+06  5.15767539e+01  2.25597007e+06  1.71061304e+02
 2.27335190e+06  5.16848870e+01  2.27335190e+06  1.70837795e+02
 2.29086765e+06  5.17960226e+01  2.29086765e+06  1.70604922e+02
 2.30851836e+06  5.19100767e+01  2.30851836e+06  1.70362489e+02
 2.32630507e+06  5.20273660e+01  2.32630507e+06  1.70109467e+02
 2.34422882e+06  5.21478422e+01  2.34422882e+06  1.69845464e+02
 2.36229066e+06  5.22718873e+01  2.36229066e+06  1.69569045e+02
 2.38049167e+06  5.23992364e+01  2.38049167e+06  1.69280740e+02
 2.39883292e+06  5.25303763e+01  2.39883292e+06  1.68978552e+02
 2.41731548e+06  5.26653574e+01  2.41731548e+06  1.68662302e+02
 2.43594045e+06  5.28042810e+01  2.43594045e+06  1.68330436e+02
 2.45470892e+06  5.29474212e+01  2.45470892e+06  1.67981996e+02
 2.47362199e+06  5.30948045e+01  2.47362199e+06  1.67616431e+02
 2.49268079e+06  5.32466171e+01  2.49268079e+06  1.67231974e+02
 2.51188643e+06  5.34032258e+01  2.51188643e+06  1.66826768e+02
 2.53124005e+06  5.35646257e+01  2.53124005e+06  1.66399985e+02
 2.55074278e+06  5.37312301e+01  2.55074278e+06  1.65949774e+02
 2.57039578e+06  5.39030490e+01  2.57039578e+06  1.65474276e+02
 2.59020020e+06  5.40804421e+01  2.59020020e+06  1.64971256e+02
 2.61015722e+06  5.42636150e+01  2.61015722e+06  1.64438269e+02
 2.63026799e+06  5.44527891e+01  2.63026799e+06  1.63873217e+02
 2.65053372e+06  5.46483428e+01  2.65053372e+06  1.63273033e+02
 2.67095559e+06  5.48504462e+01  2.67095559e+06  1.62634738e+02
 2.69153480e+06  5.50592839e+01  2.69153480e+06  1.61954778e+02
 2.71227258e+06  5.52753142e+01  2.71227258e+06  1.61229330e+02
 2.73317014e+06  5.54988861e+01  2.73317014e+06  1.60453687e+02
 2.75422870e+06  5.57299271e+01  2.75422870e+06  1.59623671e+02
 2.77544952e+06  5.59690349e+01  2.77544952e+06  1.58733173e+02
 2.79683385e+06  5.62164781e+01  2.79683385e+06  1.57776311e+02
 2.81838293e+06  5.64725180e+01  2.81838293e+06  1.56745653e+02
 2.84009805e+06  5.67369545e+01  2.84009805e+06  1.55634315e+02
 2.86198048e+06  5.70104640e+01  2.86198048e+06  1.54433014e+02
 2.88403150e+06  5.72929363e+01  2.88403150e+06  1.53131605e+02
 2.90625243e+06  5.75844035e+01  2.90625243e+06  1.51718915e+02
 2.92864456e+06  5.78845111e+01  2.92864456e+06  1.50182767e+02
 2.95120923e+06  5.81931920e+01  2.95120923e+06  1.48508599e+02
 2.97394775e+06  5.85096723e+01  2.97394775e+06  1.46680690e+02
 2.99686146e+06  5.88332063e+01  2.99686146e+06  1.44681474e+02
 3.01995172e+06  5.91621021e+01  3.01995172e+06  1.42492275e+02
 3.04321989e+06  5.94947562e+01  3.04321989e+06  1.40091756e+02
 3.06666733e+06  5.98284391e+01  3.06666733e+06  1.37458598e+02
 3.09029543e+06  6.01596079e+01  3.09029543e+06  1.34570732e+02
 3.11410558e+06  6.04838543e+01  3.11410558e+06  1.31407012e+02
 3.13809919e+06  6.07952831e+01  3.13809919e+06  1.27948959e+02
 3.16227766e+06  6.10872282e+01  3.16227766e+06  1.24183138e+02
 3.18664242e+06  6.13515676e+01  3.18664242e+06  1.20104551e+02
 3.21119491e+06  6.15787071e+01  3.21119491e+06  1.15720471e+02
 3.23593657e+06  6.17594206e+01  3.23593657e+06  1.11052824e+02
 3.26086886e+06  6.18839353e+01  3.26086886e+06  1.06142129e+02
 3.28599325e+06  6.19443565e+01  3.28599325e+06  1.01046989e+02
 3.31131121e+06  6.19345609e+01  3.31131121e+06  9.58420840e+01
 3.33682425e+06  6.18518023e+01  3.33682425e+06  9.06124943e+01
 3.36253386e+06  6.16968783e+01  3.36253386e+06  8.54455935e+01
 3.38844156e+06  6.14736326e+01  3.38844156e+06  8.04230375e+01
 3.41454887e+06  6.11899912e+01  3.41454887e+06  7.56126963e+01
 3.44085734e+06  6.08538179e+01  3.44085734e+06  7.10657566e+01
 3.46736850e+06  6.04756904e+01  3.46736850e+06  6.68146459e+01
 3.49408393e+06  6.00645617e+01  3.49408393e+06  6.28743122e+01
 3.52100520e+06  5.96292281e+01  3.52100520e+06  5.92462721e+01
 3.54813389e+06  5.91775396e+01  3.54813389e+06  5.59213941e+01
 3.57547160e+06  5.87159654e+01  3.57547160e+06  5.28840227e+01
 3.60301995e+06  5.82490984e+01  3.60301995e+06  5.01138288e+01
 3.63078055e+06  5.77815426e+01  3.63078055e+06  4.75897642e+01
 3.65875504e+06  5.73163735e+01  3.65875504e+06  4.52889286e+01
 3.68694506e+06  5.68558586e+01  3.68694506e+06  4.31907247e+01
 3.71535229e+06  5.64011100e+01  3.71535229e+06  4.12748805e+01
 3.74397839e+06  5.59539323e+01  3.74397839e+06  3.95227180e+01
 3.77282505e+06  5.55151174e+01  3.77282505e+06  3.79183131e+01
 3.80189396e+06  5.50846621e+01  3.80189396e+06  3.64449466e+01
 3.83118685e+06  5.46632543e+01  3.83118685e+06  3.50910942e+01
 3.86070543e+06  5.42507063e+01  3.86070543e+06  3.38434649e+01
 3.89045145e+06  5.38470343e+01  3.89045145e+06  3.26922362e+01
 3.92042666e+06  5.34525285e+01  3.92042666e+06  3.16272623e+01
 3.95063281e+06  5.30660992e+01  3.95063281e+06  3.06403838e+01
 3.98107171e+06  5.26885058e+01  3.98107171e+06  2.97242585e+01
 4.01174512e+06  5.23185831e+01  4.01174512e+06  2.88726319e+01
 4.04265487e+06  5.19569858e+01  4.04265487e+06  2.80785997e+01
 4.07380278e+06  5.16027136e+01  4.07380278e+06  2.73387280e+01
 4.10519067e+06  5.12557414e+01  4.10519067e+06  2.66461034e+01
 4.13682040e+06  5.09159105e+01  4.13682040e+06  2.59987975e+01
 4.16869383e+06  5.05825140e+01  4.16869383e+06  2.53914651e+01
 4.20081285e+06  5.02560940e+01  4.20081285e+06  2.48227779e+01
 4.23317933e+06  4.99353730e+01  4.23317933e+06  2.42862457e+01
 4.26579519e+06  4.96207641e+01  4.26579519e+06  2.37823592e+01
 4.29866235e+06  4.93118603e+01  4.29866235e+06  2.33083040e+01
 4.33178274e+06  4.90079788e+01  4.33178274e+06  2.28599233e+01
 4.36515832e+06  4.87097532e+01  4.36515832e+06  2.24373121e+01
 4.39879106e+06  4.84162257e+01  4.39879106e+06  2.20374859e+01
 4.43268292e+06  4.81280250e+01  4.43268292e+06  2.16615188e+01
 4.46683592e+06  4.78437699e+01  4.46683592e+06  2.13036276e+01
 4.50125206e+06  4.75644051e+01  4.50125206e+06  2.09653445e+01
 4.53593337e+06  4.72889476e+01  4.53593337e+06  2.06432963e+01
 4.57088190e+06  4.70172398e+01  4.57088190e+06  2.03384183e+01
 4.60609969e+06  4.67499453e+01  4.60609969e+06  2.00496947e+01
 4.64158883e+06  4.64863375e+01  4.64158883e+06  1.97749970e+01
 4.67735141e+06  4.62265289e+01  4.67735141e+06  1.95150019e+01
 4.71338954e+06  4.59698787e+01  4.71338954e+06  1.92660111e+01
 4.74970533e+06  4.57164791e+01  4.74970533e+06  1.90290142e+01
 4.78630092e+06  4.54662929e+01  4.78630092e+06  1.88033806e+01
 4.82317848e+06  4.52193544e+01  4.82317848e+06  1.85898060e+01
 4.86034018e+06  4.49749946e+01  4.86034018e+06  1.83855899e+01
 4.89778819e+06  4.47344375e+01  4.89778819e+06  1.81907257e+01
 4.93552474e+06  4.44957513e+01  4.93552474e+06  1.80053972e+01
 4.97355204e+06  4.42601467e+01  4.97355204e+06  1.78296693e+01
 5.01187234e+06  4.40268132e+01  5.01187234e+06  1.76591875e+01
 5.05048788e+06  4.37961981e+01  5.05048788e+06  1.74993840e+01
 5.08940095e+06  4.35680792e+01  5.08940095e+06  1.73470818e+01
 5.12861384e+06  4.33417696e+01  5.12861384e+06  1.72001906e+01
 5.16812886e+06  4.31181981e+01  5.16812886e+06  1.70601771e+01
 5.20794833e+06  4.28967720e+01  5.20794833e+06  1.69266762e+01
 5.24807460e+06  4.26772211e+01  5.24807460e+06  1.68001104e+01
 5.28851004e+06  4.24595521e+01  5.28851004e+06  1.66808982e+01
 5.32925703e+06  4.22443637e+01  5.32925703e+06  1.65638202e+01
 5.37031796e+06  4.20307264e+01  5.37031796e+06  1.64535634e+01
 5.41169527e+06  4.18189373e+01  5.41169527e+06  1.63497529e+01
 5.45339137e+06  4.16087314e+01  5.45339137e+06  1.62505876e+01
 5.49540874e+06  4.14007400e+01  5.49540874e+06  1.61551250e+01
 5.53774984e+06  4.11939324e+01  5.53774984e+06  1.60625471e+01
 5.58041717e+06  4.09887326e+01  5.58041717e+06  1.59786063e+01
 5.62341325e+06  4.07855675e+01  5.62341325e+06  1.58957550e+01
 5.66674061e+06  4.05838973e+01  5.66674061e+06  1.58180316e+01
 5.71040179e+06  4.03835316e+01  5.71040179e+06  1.57446440e+01
 5.75439937e+06  4.01843812e+01  5.75439937e+06  1.56743899e+01
 5.79873595e+06  3.99867828e+01  5.79873595e+06  1.56074651e+01
 5.84341413e+06  3.97906540e+01  5.84341413e+06  1.55465602e+01
 5.88843655e+06  3.95957809e+01  5.88843655e+06  1.54858184e+01
 5.93380586e+06  3.94020008e+01  5.93380586e+06  1.54297888e+01
 5.97952473e+06  3.92093583e+01  5.97952473e+06  1.53775053e+01
 6.02559586e+06  3.90181650e+01  6.02559586e+06  1.53300051e+01
 6.07202196e+06  3.88283189e+01  6.07202196e+06  1.52822359e+01
 6.11880576e+06  3.86392483e+01  6.11880576e+06  1.52383783e+01
 6.16595002e+06  3.84517127e+01  6.16595002e+06  1.51993655e+01
 6.21345752e+06  3.82646076e+01  6.21345752e+06  1.51587720e+01
 6.26133105e+06  3.80792999e+01  6.26133105e+06  1.51237687e+01
 6.30957344e+06  3.78944250e+01  6.30957344e+06  1.50897556e+01
 6.35818754e+06  3.77106703e+01  6.35818754e+06  1.50610951e+01
 6.40717619e+06  3.75284151e+01  6.40717619e+06  1.50335931e+01
 6.45654229e+06  3.73464953e+01  6.45654229e+06  1.50076790e+01
 6.50628875e+06  3.71650762e+01  6.50628875e+06  1.49846572e+01
 6.55641849e+06  3.69854935e+01  6.55641849e+06  1.49655292e+01
 6.60693448e+06  3.68061460e+01  6.60693448e+06  1.49466820e+01
 6.65783968e+06  3.66287181e+01  6.65783968e+06  1.49299658e+01
 6.70913710e+06  3.64502144e+01  6.70913710e+06  1.49163129e+01
 6.76082975e+06  3.62736137e+01  6.76082975e+06  1.49012368e+01
 6.81292069e+06  3.60980477e+01  6.81292069e+06  1.48941102e+01
 6.86541298e+06  3.59229695e+01  6.86541298e+06  1.48854267e+01
 6.91830971e+06  3.57486846e+01  6.91830971e+06  1.48781989e+01
 6.97161400e+06  3.55753929e+01  6.97161400e+06  1.48775271e+01
 7.02532899e+06  3.54023648e+01  7.02532899e+06  1.48755450e+01
 7.07945784e+06  3.52298581e+01  7.07945784e+06  1.48764220e+01
 7.13400375e+06  3.50583001e+01  7.13400375e+06  1.48765223e+01
 7.18896992e+06  3.48871701e+01  7.18896992e+06  1.48799573e+01
 7.24435960e+06  3.47173524e+01  7.24435960e+06  1.48830451e+01
 7.30017605e+06  3.45472086e+01  7.30017605e+06  1.48899797e+01
 7.35642254e+06  3.43779029e+01  7.35642254e+06  1.48993751e+01
 7.41310241e+06  3.42094217e+01  7.41310241e+06  1.49113380e+01
 7.47021899e+06  3.40418673e+01  7.47021899e+06  1.49239407e+01
 7.52777564e+06  3.38745037e+01  7.52777564e+06  1.49356929e+01
 7.58577575e+06  3.37075197e+01  7.58577575e+06  1.49494998e+01
 7.64422274e+06  3.35412319e+01  7.64422274e+06  1.49682594e+01
 7.70312006e+06  3.33752549e+01  7.70312006e+06  1.49835946e+01
 7.76247117e+06  3.32106436e+01  7.76247117e+06  1.50054297e+01
 7.82227956e+06  3.30452750e+01  7.82227956e+06  1.50285502e+01
 7.88254877e+06  3.28810733e+01  7.88254877e+06  1.50530605e+01
 7.94328235e+06  3.27165102e+01  7.94328235e+06  1.50772344e+01
 8.00448386e+06  3.25532205e+01  8.00448386e+06  1.51070184e+01
 8.06615692e+06  3.23910612e+01  8.06615692e+06  1.51304038e+01
 8.12830516e+06  3.22279840e+01  8.12830516e+06  1.51576989e+01
 8.19093224e+06  3.20657400e+01  8.19093224e+06  1.51897128e+01
 8.25404185e+06  3.19031562e+01  8.25404185e+06  1.52266210e+01
 8.31763771e+06  3.17434875e+01  8.31763771e+06  1.52557326e+01
 8.38172356e+06  3.15809366e+01  8.38172356e+06  1.52914901e+01
 8.44630319e+06  3.14217121e+01  8.44630319e+06  1.53274086e+01
 8.51138038e+06  3.12606692e+01  8.51138038e+06  1.53684797e+01
 8.57695899e+06  3.11010284e+01  8.57695899e+06  1.54066913e+01
 8.64304286e+06  3.09423561e+01  8.64304286e+06  1.54446980e+01
 8.70963590e+06  3.07823022e+01  8.70963590e+06  1.54860367e+01
 8.77674203e+06  3.06242879e+01  8.77674203e+06  1.55281346e+01
 8.84436519e+06  3.04640987e+01  8.84436519e+06  1.55781229e+01
 8.91250938e+06  3.03072879e+01  8.91250938e+06  1.56180354e+01
 8.98117861e+06  3.01497830e+01  8.98117861e+06  1.56639988e+01
 9.05037692e+06  2.99908575e+01  9.05037692e+06  1.57215460e+01
 9.12010839e+06  2.98344181e+01  9.12010839e+06  1.57667796e+01
 9.19037713e+06  2.96766681e+01  9.19037713e+06  1.58196014e+01
 9.26118728e+06  2.95205683e+01  9.26118728e+06  1.58733134e+01
 9.33254301e+06  2.93641124e+01  9.33254301e+06  1.59241684e+01
 9.40444852e+06  2.92069071e+01  9.40444852e+06  1.59848456e+01
 9.47690805e+06  2.90524020e+01  9.47690805e+06  1.60375436e+01
 9.54992586e+06  2.88949478e+01  9.54992586e+06  1.61030989e+01
 9.62350626e+06  2.87400335e+01  9.62350626e+06  1.61558239e+01
 9.69765359e+06  2.85833615e+01  9.69765359e+06  1.62259719e+01
 9.77237221e+06  2.84284753e+01  9.77237221e+06  1.62847124e+01
 9.84766652e+06  2.82756130e+01  9.84766652e+06  1.63431662e+01
 9.92354096e+06  2.81202371e+01  9.92354096e+06  1.64118475e+01
 1.00000000e+07  2.79670178e+01  1.00000000e+07  1.64751365e+01
 1.00770481e+07  2.78105727e+01  1.00770481e+07  1.65464083e+01
 1.01546899e+07  2.76578513e+01  1.01546899e+07  1.66116188e+01
 1.02329299e+07  2.75022452e+01  1.02329299e+07  1.66875345e+01
 1.03117727e+07  2.73495310e+01  1.03117727e+07  1.67551784e+01
 1.03912230e+07  2.71960994e+01  1.03912230e+07  1.68283451e+01
 1.04712855e+07  2.70422432e+01  1.04712855e+07  1.69073453e+01
 1.05519648e+07  2.68894199e+01  1.05519648e+07  1.69807994e+01
 1.06332657e+07  2.67369900e+01  1.06332657e+07  1.70591875e+01
 1.07151931e+07  2.65814329e+01  1.07151931e+07  1.71394786e+01
 1.07977516e+07  2.64315509e+01  1.07977516e+07  1.72146267e+01
 1.08809463e+07  2.62779563e+01  1.08809463e+07  1.72970113e+01
 1.09647820e+07  2.61253706e+01  1.09647820e+07  1.73814482e+01
 1.10492636e+07  2.59731837e+01  1.10492636e+07  1.74655299e+01
 1.11343961e+07  2.58203364e+01  1.11343961e+07  1.75545891e+01
 1.12201845e+07  2.56666869e+01  1.12201845e+07  1.76408558e+01
 1.13066340e+07  2.55153075e+01  1.13066340e+07  1.77284955e+01
 1.13937495e+07  2.53634302e+01  1.13937495e+07  1.78222698e+01
 1.14815362e+07  2.52109628e+01  1.14815362e+07  1.79103134e+01
 1.15699993e+07  2.50599352e+01  1.15699993e+07  1.80025188e+01
 1.16591440e+07  2.49057994e+01  1.16591440e+07  1.81081731e+01
 1.17489755e+07  2.47538452e+01  1.17489755e+07  1.82049552e+01
 1.18394992e+07  2.46034741e+01  1.18394992e+07  1.82917760e+01
 1.19307204e+07  2.44528169e+01  1.19307204e+07  1.83996990e+01
 1.20226443e+07  2.42991621e+01  1.20226443e+07  1.85036828e+01
 1.21152766e+07  2.41496310e+01  1.21152766e+07  1.85943610e+01
 1.22086225e+07  2.39977322e+01  1.22086225e+07  1.87047252e+01
 1.23026877e+07  2.38464941e+01  1.23026877e+07  1.88171470e+01
 1.23974776e+07  2.36937348e+01  1.23974776e+07  1.89286913e+01
 1.24929979e+07  2.35425563e+01  1.24929979e+07  1.90321496e+01
 1.25892541e+07  2.33909056e+01  1.25892541e+07  1.91456442e+01
 1.26862520e+07  2.32406166e+01  1.26862520e+07  1.92583266e+01
 1.27839972e+07  2.30867695e+01  1.27839972e+07  1.93735704e+01
 1.28824955e+07  2.29381966e+01  1.28824955e+07  1.94835887e+01
 1.29817528e+07  2.27863122e+01  1.29817528e+07  1.95996468e+01
 1.30817747e+07  2.26347768e+01  1.30817747e+07  1.97173969e+01
 1.31825674e+07  2.24816657e+01  1.31825674e+07  1.98520642e+01
 1.32841366e+07  2.23308380e+01  1.32841366e+07  1.99711696e+01
 1.33864884e+07  2.21807784e+01  1.33864884e+07  2.00836546e+01
 1.34896288e+07  2.20269191e+01  1.34896288e+07  2.02206736e+01
 1.35935639e+07  2.18790192e+01  1.35935639e+07  2.03556671e+01
 1.36982998e+07  2.17267016e+01  1.36982998e+07  2.04830992e+01
 1.38038426e+07  2.15745959e+01  1.38038426e+07  2.06174802e+01
 1.39101987e+07  2.14211577e+01  1.39101987e+07  2.07568494e+01
 1.40173742e+07  2.12719481e+01  1.40173742e+07  2.08922379e+01
 1.41253754e+07  2.11203314e+01  1.41253754e+07  2.10295297e+01
 1.42342088e+07  2.09660986e+01  1.42342088e+07  2.11758333e+01
 1.43438808e+07  2.08150947e+01  1.43438808e+07  2.13181072e+01
 1.44543977e+07  2.06627386e+01  1.44543977e+07  2.14657912e+01
 1.45657662e+07  2.05106544e+01  1.45657662e+07  2.16162519e+01
 1.46779927e+07  2.03609926e+01  1.46779927e+07  2.17527266e+01
 1.47910839e+07  2.02069484e+01  1.47910839e+07  2.19008793e+01
 1.49050464e+07  2.00571392e+01  1.49050464e+07  2.20545373e+01
 1.50198870e+07  1.99025014e+01  1.50198870e+07  2.22294973e+01
 1.51356125e+07  1.97549924e+01  1.51356125e+07  2.23574748e+01
 1.52522296e+07  1.95991294e+01  1.52522296e+07  2.25371942e+01
 1.53697452e+07  1.94474155e+01  1.53697452e+07  2.26915627e+01
 1.54881662e+07  1.92930446e+01  1.54881662e+07  2.28683359e+01
 1.56074996e+07  1.91430456e+01  1.56074996e+07  2.30248312e+01
 1.57277525e+07  1.89880574e+01  1.57277525e+07  2.32005469e+01
 1.58489319e+07  1.88363340e+01  1.58489319e+07  2.33823381e+01
 1.59710450e+07  1.86848334e+01  1.59710450e+07  2.35433635e+01
 1.60940989e+07  1.85290746e+01  1.60940989e+07  2.37304147e+01
 1.62181010e+07  1.83739595e+01  1.62181010e+07  2.39217571e+01
 1.63430584e+07  1.82227381e+01  1.63430584e+07  2.40843317e+01
 1.64689787e+07  1.80714659e+01  1.64689787e+07  2.42596831e+01
 1.65958691e+07  1.79152884e+01  1.65958691e+07  2.44622073e+01
 1.67237372e+07  1.77630546e+01  1.67237372e+07  2.46618816e+01
 1.68525904e+07  1.76061678e+01  1.68525904e+07  2.48539325e+01
 1.69824365e+07  1.74518536e+01  1.69824365e+07  2.50527839e+01
 1.71132830e+07  1.73003995e+01  1.71132830e+07  2.52403605e+01
 1.72451377e+07  1.71416235e+01  1.72451377e+07  2.54740913e+01
 1.73780083e+07  1.69890162e+01  1.73780083e+07  2.56638094e+01
 1.75119026e+07  1.68348393e+01  1.75119026e+07  2.58620074e+01
 1.76468286e+07  1.66772904e+01  1.76468286e+07  2.60924751e+01
 1.77827941e+07  1.65240173e+01  1.77827941e+07  2.62975327e+01
 1.79198072e+07  1.63682015e+01  1.79198072e+07  2.65238323e+01
 1.80578760e+07  1.62179103e+01  1.80578760e+07  2.67212389e+01
 1.81970086e+07  1.60610680e+01  1.81970086e+07  2.69493803e+01
 1.83372132e+07  1.59022944e+01  1.83372132e+07  2.72081009e+01
 1.84784980e+07  1.57455986e+01  1.84784980e+07  2.74352882e+01
 1.86208714e+07  1.55918497e+01  1.86208714e+07  2.76462379e+01
 1.87643417e+07  1.54388103e+01  1.87643417e+07  2.78970881e+01
 1.89089175e+07  1.52731146e+01  1.89089175e+07  2.81726148e+01
 1.90546072e+07  1.51150724e+01  1.90546072e+07  2.84254756e+01
 1.92014194e+07  1.49587595e+01  1.92014194e+07  2.86676904e+01
 1.93493628e+07  1.48060295e+01  1.93493628e+07  2.89049175e+01
 1.94984460e+07  1.46447900e+01  1.94984460e+07  2.91833541e+01
 1.96486779e+07  1.44870937e+01  1.96486779e+07  2.94383003e+01
 1.98000673e+07  1.43275000e+01  1.98000673e+07  2.97134066e+01
 1.99526231e+07  1.41707505e+01  1.99526231e+07  2.99832216e+01
 2.01063544e+07  1.40153621e+01  2.01063544e+07  3.02314261e+01
 2.02612701e+07  1.38551966e+01  2.02612701e+07  3.05533378e+01
 2.04173794e+07  1.36930160e+01  2.04173794e+07  3.08253541e+01
 2.05746916e+07  1.35367693e+01  2.05746916e+07  3.11050477e+01
 2.07332157e+07  1.33787831e+01  2.07332157e+07  3.14176061e+01
 2.08929613e+07  1.32142018e+01  2.08929613e+07  3.17319746e+01
 2.10539377e+07  1.30529499e+01  2.10539377e+07  3.20414448e+01
 2.12161544e+07  1.28910613e+01  2.12161544e+07  3.23543420e+01
 2.13796209e+07  1.27306886e+01  2.13796209e+07  3.26729170e+01
 2.15443469e+07  1.25713918e+01  2.15443469e+07  3.29670628e+01
 2.17103421e+07  1.24126748e+01  2.17103421e+07  3.32816361e+01
 2.18776162e+07  1.22538886e+01  2.18776162e+07  3.36308476e+01
 2.20461792e+07  1.20851050e+01  2.20461792e+07  3.40152284e+01
 2.22160409e+07  1.19278699e+01  2.22160409e+07  3.43510045e+01
 2.23872114e+07  1.17609595e+01  2.23872114e+07  3.46294496e+01
 2.25597007e+07  1.15978801e+01  2.25597007e+07  3.50563912e+01
 2.27335190e+07  1.14364939e+01  2.27335190e+07  3.54205662e+01
 2.29086765e+07  1.12738675e+01  2.29086765e+07  3.57623105e+01
 2.30851836e+07  1.11130380e+01  2.30851836e+07  3.62132339e+01
 2.32630507e+07  1.09499586e+01  2.32630507e+07  3.65091796e+01
 2.34422882e+07  1.07914742e+01  2.34422882e+07  3.68945693e+01
 2.36229066e+07  1.06186440e+01  2.36229066e+07  3.73331846e+01
 2.38049167e+07  1.04624760e+01  2.38049167e+07  3.76937984e+01
 2.39883292e+07  1.02866505e+01  2.39883292e+07  3.82236802e+01
 2.41731548e+07  1.01243407e+01  2.41731548e+07  3.85528578e+01
 2.43594045e+07  9.95895984e+00  2.43594045e+07  3.90124507e+01
 2.45470892e+07  9.79736791e+00  2.45470892e+07  3.94446564e+01
 2.47362199e+07  9.63179571e+00  2.47362199e+07  3.98758560e+01
 2.49268079e+07  9.46744626e+00  2.49268079e+07  4.03623673e+01
 2.51188643e+07  9.29454472e+00  2.51188643e+07  4.08244366e+01
 2.53124005e+07  9.12616599e+00  2.53124005e+07  4.12876128e+01
 2.55074278e+07  8.96728322e+00  2.55074278e+07  4.18237503e+01
 2.57039578e+07  8.80145308e+00  2.57039578e+07  4.23512657e+01
 2.59020020e+07  8.63252070e+00  2.59020020e+07  4.27582972e+01
 2.61015722e+07  8.46401427e+00  2.61015722e+07  4.33091430e+01
 2.63026799e+07  8.29632360e+00  2.63026799e+07  4.38810512e+01
 2.65053372e+07  8.13017452e+00  2.65053372e+07  4.43060024e+01
 2.67095559e+07  7.95131681e+00  2.67095559e+07  4.48666069e+01
 2.69153480e+07  7.79244051e+00  2.69153480e+07  4.54054329e+01
 2.71227258e+07  7.62429528e+00  2.71227258e+07  4.59861155e+01
 2.73317014e+07  7.46361557e+00  2.73317014e+07  4.66281172e+01
 2.75422870e+07  7.28884004e+00  2.75422870e+07  4.71624969e+01
 2.77544952e+07  7.12170005e+00  2.77544952e+07  4.77547597e+01
 2.79683385e+07  6.95590984e+00  2.79683385e+07  4.83673883e+01
 2.81838293e+07  6.78646131e+00  2.81838293e+07  4.90002067e+01
 2.84009805e+07  6.61506410e+00  2.84009805e+07  4.96648918e+01
 2.86198048e+07  6.45992468e+00  2.86198048e+07  5.02652512e+01
 2.88403150e+07  6.28704433e+00  2.88403150e+07  5.08143804e+01
 2.90625243e+07  6.12549825e+00  2.90625243e+07  5.15484568e+01
 2.92864456e+07  5.96689569e+00  2.92864456e+07  5.23069635e+01
 2.95120923e+07  5.80201456e+00  2.95120923e+07  5.31679644e+01
 2.97394775e+07  5.63742374e+00  2.97394775e+07  5.37859593e+01
 2.99686146e+07  5.48144101e+00  2.99686146e+07  5.44229627e+01
 3.01995172e+07  5.29590230e+00  3.01995172e+07  5.50903677e+01
 3.04321989e+07  5.14183958e+00  3.04321989e+07  5.59916560e+01
 3.06666733e+07  4.94853751e+00  3.06666733e+07  5.67130337e+01
 3.09029543e+07  4.79405436e+00  3.09029543e+07  5.73979612e+01
 3.11410558e+07  4.68968811e+00  3.11410558e+07  5.83361676e+01
 3.13809919e+07  4.52160655e+00  3.13809919e+07  5.89718597e+01
 3.16227766e+07  4.32211327e+00  3.16227766e+07  5.95240761e+01
 3.18664242e+07  4.12450763e+00  3.18664242e+07  6.10835591e+01
 3.21119491e+07  3.96780238e+00  3.21119491e+07  6.17872807e+01
 3.23593657e+07  3.89608159e+00  3.23593657e+07  6.25635861e+01
 3.26086886e+07  3.72531524e+00  3.26086886e+07  6.34616766e+01
 3.28599325e+07  3.53249889e+00  3.28599325e+07  6.44673982e+01
 3.31131121e+07  3.40718377e+00  3.31131121e+07  6.54691804e+01
 3.33682425e+07  3.27126754e+00  3.33682425e+07  6.63978997e+01
 3.36253386e+07  3.09629637e+00  3.36253386e+07  6.72631358e+01
 3.38844156e+07  2.93381944e+00  3.38844156e+07  6.82977075e+01
 3.41454887e+07  2.80358245e+00  3.41454887e+07  6.96990476e+01
 3.44085734e+07  2.71079831e+00  3.44085734e+07  7.01520470e+01
 3.46736850e+07  2.56251731e+00  3.46736850e+07  7.11176648e+01
 3.49408393e+07  2.33203979e+00  3.49408393e+07  7.26016533e+01
 3.52100520e+07  2.25075397e+00  3.52100520e+07  7.34297405e+01
 3.54813389e+07  2.05112792e+00  3.54813389e+07  7.42529574e+01
 3.57547160e+07  1.96887083e+00  3.57547160e+07  7.57937505e+01
 3.60301995e+07  1.80057472e+00  3.60301995e+07  7.66641070e+01
 3.63078055e+07  1.59379136e+00  3.63078055e+07  7.80925939e+01
 3.65875504e+07  1.60733280e+00  3.65875504e+07  7.94550692e+01
 3.68694506e+07  1.39209970e+00  3.68694506e+07  8.04506116e+01
 3.71535229e+07  1.36137924e+00  3.71535229e+07  8.16946716e+01
 3.74397839e+07  1.23913631e+00  3.74397839e+07  8.21301867e+01
 3.77282505e+07  9.91750205e-01  3.77282505e+07  8.38987387e+01
 3.80189396e+07  1.01960208e+00  3.80189396e+07  8.56305316e+01
 3.83118685e+07  8.87335967e-01  3.83118685e+07  8.60418194e+01
 3.86070543e+07  7.35258782e-01  3.86070543e+07  8.74686914e+01
 3.89045145e+07  6.21522651e-01  3.89045145e+07  8.90527979e+01
 3.92042666e+07  6.11959947e-01  3.92042666e+07  8.97807946e+01
 3.95063281e+07  5.20077893e-01  3.95063281e+07  9.09515153e+01
 3.98107171e+07  4.43263743e-01  3.98107171e+07  9.24671668e+01
 4.01174512e+07  3.51604113e-01  4.01174512e+07  9.45304468e+01
 4.04265487e+07  1.55287686e-01  4.04265487e+07  9.39774703e+01
 4.07380278e+07  9.74802783e-02  4.07380278e+07  9.66203421e+01
 4.10519067e+07  8.26396079e-02  4.10519067e+07  9.80641810e+01
 4.13682040e+07  -3.13243519e-02  4.13682040e+07  9.85227287e+01
 4.16869383e+07  5.53128047e-02  4.16869383e+07  1.01242735e+02
 4.20081285e+07  -8.81127525e-02  4.20081285e+07  1.00385586e+02
 4.23317933e+07  -1.13380308e-01  4.23317933e+07  1.02992613e+02
 4.26579519e+07  -3.02758226e-01  4.26579519e+07  1.04506251e+02
 4.29866235e+07  -6.63622229e-02  4.29866235e+07  1.05124706e+02
 4.33178274e+07  -3.25240920e-01  4.33178274e+07  1.07202338e+02
 4.36515832e+07  -3.11371416e-01  4.36515832e+07  1.08357829e+02
 4.39879106e+07  -2.91316798e-01  4.39879106e+07  1.09111093e+02
 4.43268292e+07  -2.39377973e-01  4.43268292e+07  1.11364330e+02
 4.46683592e+07  -2.84072433e-01  4.46683592e+07  1.11262540e+02
 4.50125206e+07  -3.59312958e-01  4.50125206e+07  1.14492297e+02
 4.53593337e+07  -4.81442275e-01  4.53593337e+07  1.13977191e+02
 4.57088190e+07  -3.72543005e-01  4.57088190e+07  1.15650080e+02
 4.60609969e+07  -6.24509689e-01  4.60609969e+07  1.16678953e+02
 4.64158883e+07  -4.75923236e-01  4.64158883e+07  1.18442921e+02
 4.67735141e+07  -3.37356283e-01  4.67735141e+07  1.18325621e+02
 4.71338954e+07  -2.62254427e-01  4.71338954e+07  1.17519718e+02
 4.74970533e+07  -2.96650085e-01  4.74970533e+07  1.19491775e+02
 4.78630092e+07  -3.00173283e-01  4.78630092e+07  1.22357944e+02
 4.82317848e+07  -5.14854385e-01  4.82317848e+07  1.25123909e+02
 4.86034018e+07  -4.16110122e-01  4.86034018e+07  1.24609225e+02
 4.89778819e+07  -3.24583470e-01  4.89778819e+07  1.23917665e+02
 4.93552474e+07  -3.53704947e-01  4.93552474e+07  1.26269999e+02
 4.97355204e+07  -3.43679122e-01  4.97355204e+07  1.27567338e+02
 5.01187234e+07  -3.40892916e-01  5.01187234e+07  1.28515529e+02
 5.05048788e+07  -3.15730916e-01  5.05048788e+07  1.29564428e+02
 5.08940095e+07  -2.30372099e-01  5.08940095e+07  1.30242730e+02
 5.12861384e+07  -2.17067978e-01  5.12861384e+07  1.30810396e+02
 5.16812886e+07  -2.01868665e-01  5.16812886e+07  1.33150243e+02
 5.20794833e+07  -1.89274215e-01  5.20794833e+07  1.33886311e+02
 5.24807460e+07  -1.59510052e-01  5.24807460e+07  1.35047681e+02
 5.28851004e+07  -1.73528931e-01  5.28851004e+07  1.35375330e+02
 5.32925703e+07  -2.13328516e-01  5.32925703e+07  1.36917564e+02
 5.37031796e+07  -2.58425320e-01  5.37031796e+07  1.37199964e+02
 5.41169527e+07  -3.84526047e-02  5.41169527e+07  1.38247404e+02
 5.45339137e+07  -2.16127795e-01  5.45339137e+07  1.40204311e+02
 5.49540874e+07  1.61458935e-02  5.49540874e+07  1.39991067e+02
 5.53774984e+07  -5.36009286e-02  5.53774984e+07  1.41290715e+02
 5.58041717e+07  1.92728498e-02  5.58041717e+07  1.41524205e+02
 5.62341325e+07  4.88945988e-02  5.62341325e+07  1.42441315e+02
 5.66674061e+07  4.14108995e-02  5.66674061e+07  1.42368577e+02
 5.71040179e+07  1.88002644e-01  5.71040179e+07  1.43809657e+02
 5.75439937e+07  1.36854193e-01  5.75439937e+07  1.44396561e+02
 5.79873595e+07  1.92140276e-01  5.79873595e+07  1.45013309e+02
 5.84341413e+07  2.64557405e-01  5.84341413e+07  1.46498703e+02
 5.88843655e+07  1.89128596e-01  5.88843655e+07  1.47030218e+02
 5.93380586e+07  2.56921702e-01  5.93380586e+07  1.47709872e+02
 5.97952473e+07  3.84446940e-01  5.97952473e+07  1.48004401e+02
 6.02559586e+07  3.41248237e-01  6.02559586e+07  1.48666476e+02
 6.07202196e+07  5.38580337e-01  6.07202196e+07  1.49325238e+02
 6.11880576e+07  5.60621367e-01  6.11880576e+07  1.50439149e+02
 6.16595002e+07  4.66116711e-01  6.16595002e+07  1.51151421e+02
 6.21345752e+07  4.98589900e-01  6.21345752e+07  1.51566538e+02
 6.26133105e+07  6.38698762e-01  6.26133105e+07  1.52177385e+02
 6.30957344e+07  7.22370256e-01  6.30957344e+07  1.52556272e+02
 6.35818754e+07  6.96733106e-01  6.35818754e+07  1.53618436e+02
 6.40717619e+07  7.89548325e-01  6.40717619e+07  1.54155417e+02
 6.45654229e+07  7.89832143e-01  6.45654229e+07  1.54298352e+02
 6.50628875e+07  7.56201077e-01  6.50628875e+07  1.54671238e+02
 6.55641849e+07  9.11969157e-01  6.55641849e+07  1.55682312e+02
 6.60693448e+07  9.99908803e-01  6.60693448e+07  1.56680363e+02
 6.65783968e+07  1.11991722e+00  6.65783968e+07  1.56705909e+02
 6.70913710e+07  9.37000638e-01  6.70913710e+07  1.57632525e+02
 6.76082975e+07  9.94166885e-01  6.76082975e+07  1.57445577e+02
 6.81292069e+07  1.08336140e+00  6.81292069e+07  1.58266646e+02
 6.86541298e+07  1.15289305e+00  6.86541298e+07  1.58926264e+02
 6.91830971e+07  1.23385127e+00  6.91830971e+07  1.59153781e+02
 6.97161400e+07  1.23301700e+00  6.97161400e+07  1.59472322e+02
 7.02532899e+07  1.18122637e+00  7.02532899e+07  1.60114926e+02
 7.07945784e+07  1.18651453e+00  7.07945784e+07  1.61130576e+02
 7.13400375e+07  1.30411572e+00  7.13400375e+07  1.60923220e+02
 7.18896992e+07  1.34609087e+00  7.18896992e+07  1.61856426e+02
 7.24435960e+07  1.41694431e+00  7.24435960e+07  1.62082449e+02
 7.30017605e+07  1.64649221e+00  7.30017605e+07  1.62434943e+02
 7.35642254e+07  1.45689291e+00  7.35642254e+07  1.63121334e+02
 7.41310241e+07  1.54080205e+00  7.41310241e+07  1.63611768e+02
 7.47021899e+07  1.59667146e+00  7.47021899e+07  1.63694548e+02
 7.52777564e+07  1.54568020e+00  7.52777564e+07  1.64697020e+02
 7.58577575e+07  1.73821376e+00  7.58577575e+07  1.65064231e+02
 7.64422274e+07  1.76583319e+00  7.64422274e+07  1.65068581e+02
 7.70312006e+07  1.75423512e+00  7.70312006e+07  1.65481710e+02
 7.76247117e+07  1.79047658e+00  7.76247117e+07  1.65751453e+02
 7.82227956e+07  1.72538926e+00  7.82227956e+07  1.66751441e+02
 7.88254877e+07  1.83462933e+00  7.88254877e+07  1.67120543e+02
 7.94328235e+07  1.91731770e+00  7.94328235e+07  1.67001451e+02
 8.00448386e+07  1.88510679e+00  8.00448386e+07  1.67424550e+02
 8.06615692e+07  2.05315303e+00  8.06615692e+07  1.67665945e+02
 8.12830516e+07  1.99047355e+00  8.12830516e+07  1.68549874e+02
 8.19093224e+07  1.96742001e+00  8.19093224e+07  1.68835958e+02
 8.25404185e+07  2.06231880e+00  8.25404185e+07  1.69020957e+02
 8.31763771e+07  2.11581684e+00  8.31763771e+07  1.69220086e+02
 8.38172356e+07  2.24935258e+00  8.38172356e+07  1.69624198e+02
 8.44630319e+07  2.15617601e+00  8.44630319e+07  1.69784896e+02
 8.51138038e+07  2.22666445e+00  8.51138038e+07  1.70362258e+02
 8.57695899e+07  2.22984663e+00  8.57695899e+07  1.70640750e+02
 8.64304286e+07  2.32945949e+00  8.64304286e+07  1.70857592e+02
 8.70963590e+07  2.26275639e+00  8.70963590e+07  1.71362201e+02
 8.77674203e+07  2.28593494e+00  8.77674203e+07  1.71443148e+02
 8.84436519e+07  2.43724431e+00  8.84436519e+07  1.71871645e+02
 8.91250938e+07  2.30990292e+00  8.91250938e+07  1.72395368e+02
 8.98117861e+07  2.36812280e+00  8.98117861e+07  1.72640597e+02
 9.05037692e+07  2.39542216e+00  9.05037692e+07  1.73249597e+02
 9.12010839e+07  2.49994253e+00  9.12010839e+07  1.73227739e+02
 9.19037713e+07  2.61303511e+00  9.19037713e+07  1.73829574e+02
 9.26118728e+07  2.47636721e+00  9.26118728e+07  1.73750478e+02
 9.33254301e+07  2.50960019e+00  9.33254301e+07  1.74445969e+02
 9.40444852e+07  2.78619680e+00  9.40444852e+07  1.74369713e+02
 9.47690805e+07  2.73171764e+00  9.47690805e+07  1.74462700e+02
 9.54992586e+07  2.70599529e+00  9.54992586e+07  1.75253116e+02
 9.62350626e+07  2.73632620e+00  9.62350626e+07  1.75512407e+02
 9.69765359e+07  2.73909947e+00  9.69765359e+07  1.75611920e+02
 9.77237221e+07  2.88210400e+00  9.77237221e+07  1.76022771e+02
 9.84766652e+07  2.79125134e+00  9.84766652e+07  1.76315111e+02
 9.92354096e+07  2.75158935e+00  9.92354096e+07  1.76924246e+02
 1.00000000e+08  2.85839461e+00  1.00000000e+08  1.76759528e+02
 1.00770481e+08  2.91752119e+00  1.00770481e+08  1.77049295e+02
 1.01546899e+08  2.80767720e+00  1.01546899e+08  1.77567454e+02
 1.02329299e+08  3.03017186e+00  1.02329299e+08  1.77508551e+02
 1.03117727e+08  2.91432660e+00  1.03117727e+08  1.77898258e+02
 1.03912230e+08  3.06876866e+00  1.03912230e+08  1.78001872e+02
 1.04712855e+08  3.24516062e+00  1.04712855e+08  1.78479193e+02
 1.05519648e+08  3.12319479e+00  1.05519648e+08  1.78820800e+02
 1.06332657e+08  3.29066008e+00  1.06332657e+08  1.78522242e+02
 1.07151931e+08  3.16384194e+00  1.07151931e+08  1.79166652e+02
 1.07977516e+08  3.14835502e+00  1.07977516e+08  1.79436900e+02
 1.08809463e+08  3.30635230e+00  1.08809463e+08  1.79481111e+02
 1.09647820e+08  3.39005168e+00  1.09647820e+08  1.79590681e+02
 1.10492636e+08  3.38303065e+00  1.10492636e+08  1.80150439e+02
 1.11343961e+08  3.37317576e+00  1.11343961e+08  1.79975747e+02
 1.12201845e+08  3.36011327e+00  1.12201845e+08  1.80508324e+02
 1.13066340e+08  3.44321584e+00  1.13066340e+08  1.80738339e+02
 1.13937495e+08  3.35209401e+00  1.13937495e+08  1.80978286e+02
 1.14815362e+08  3.65979366e+00  1.14815362e+08  1.80960602e+02
 1.15699993e+08  3.54140789e+00  1.15699993e+08  1.81227954e+02
 1.16591440e+08  3.63916224e+00  1.16591440e+08  1.81616075e+02
 1.17489755e+08  3.55054589e+00  1.17489755e+08  1.81886668e+02
 1.18394992e+08  3.65105693e+00  1.18394992e+08  1.82151637e+02
 1.19307204e+08  3.65952879e+00  1.19307204e+08  1.82365416e+02
 1.20226443e+08  3.65912147e+00  1.20226443e+08  1.82282659e+02
 1.21152766e+08  3.64173233e+00  1.21152766e+08  1.82447095e+02
 1.22086225e+08  3.66501764e+00  1.22086225e+08  1.82953887e+02
 1.23026877e+08  3.91295293e+00  1.23026877e+08  1.82795786e+02
 1.23974776e+08  3.81419397e+00  1.23974776e+08  1.83261875e+02
 1.24929979e+08  3.93182707e+00  1.24929979e+08  1.83122505e+02
 1.25892541e+08  3.82736368e+00  1.25892541e+08  1.83691609e+02
 1.26862520e+08  3.97317689e+00  1.26862520e+08  1.83461460e+02
 1.27839972e+08  4.11419611e+00  1.27839972e+08  1.83978908e+02
 1.28824955e+08  4.01305352e+00  1.28824955e+08  1.83748167e+02
 1.29817528e+08  4.06073042e+00  1.29817528e+08  1.84368768e+02
 1.30817747e+08  4.04910652e+00  1.30817747e+08  1.84553890e+02
 1.31825674e+08  4.11439567e+00  1.31825674e+08  1.84680459e+02
 1.32841366e+08  4.12754397e+00  1.32841366e+08  1.84698305e+02
 1.33864884e+08  4.15183022e+00  1.33864884e+08  1.85027418e+02
 1.34896288e+08  4.19882125e+00  1.34896288e+08  1.84868424e+02
 1.35935639e+08  4.24518876e+00  1.35935639e+08  1.85336367e+02
 1.36982998e+08  4.12381257e+00  1.36982998e+08  1.85647257e+02
 1.38038426e+08  4.31469626e+00  1.38038426e+08  1.85976727e+02
 1.39101987e+08  4.22132901e+00  1.39101987e+08  1.85659970e+02
 1.40173742e+08  4.25401298e+00  1.40173742e+08  1.86103985e+02
 1.41253754e+08  4.58765720e+00  1.41253754e+08  1.85933416e+02
 1.42342088e+08  4.48265523e+00  1.42342088e+08  1.86260227e+02
 1.43438808e+08  4.38481645e+00  1.43438808e+08  1.86334188e+02
 1.44543977e+08  4.31879981e+00  1.44543977e+08  1.86930270e+02
 1.45657662e+08  4.36419623e+00  1.45657662e+08  1.86532681e+02
 1.46779927e+08  4.55381872e+00  1.46779927e+08  1.86918941e+02
 1.47910839e+08  4.45467508e+00  1.47910839e+08  1.86974663e+02
 1.49050464e+08  4.67387033e+00  1.49050464e+08  1.86780241e+02
 1.50198870e+08  4.74388271e+00  1.50198870e+08  1.87008885e+02
 1.51356125e+08  4.81450820e+00  1.51356125e+08  1.87365767e+02
 1.52522296e+08  5.05409230e+00  1.52522296e+08  1.86966132e+02
 1.53697452e+08  4.77638872e+00  1.53697452e+08  1.87445488e+02
 1.54881662e+08  4.87395740e+00  1.54881662e+08  1.87454715e+02
 1.56074996e+08  4.95285794e+00  1.56074996e+08  1.87795626e+02
 1.57277525e+08  4.85225767e+00  1.57277525e+08  1.87854553e+02
 1.58489319e+08  5.12526854e+00  1.58489319e+08  1.87839564e+02
 1.59710450e+08  4.66436370e+00  1.59710450e+08  1.87954065e+02
 1.60940989e+08  4.74654805e+00  1.60940989e+08  1.88237912e+02
 1.62181010e+08  5.02083128e+00  1.62181010e+08  1.88164808e+02
 1.63430584e+08  5.10938746e+00  1.63430584e+08  1.88110533e+02
 1.64689787e+08  4.81424450e+00  1.64689787e+08  1.88341510e+02
 1.65958691e+08  4.91353499e+00  1.65958691e+08  1.88339539e+02
 1.67237372e+08  5.43635522e+00  1.67237372e+08  1.88412143e+02
 1.68525904e+08  5.12530392e+00  1.68525904e+08  1.88918714e+02
 1.69824365e+08  5.02407923e+00  1.69824365e+08  1.88964965e+02
 1.71132830e+08  5.35040343e+00  1.71132830e+08  1.88965697e+02
 1.72451377e+08  5.23667175e+00  1.72451377e+08  1.89026726e+02
 1.73780083e+08  4.95200549e+00  1.73780083e+08  1.89066516e+02
 1.75119026e+08  5.49078241e+00  1.75119026e+08  1.88420745e+02
 1.76468286e+08  5.39081574e+00  1.76468286e+08  1.88832050e+02
 1.77827941e+08  5.52309686e+00  1.77827941e+08  1.89050885e+02
 1.79198072e+08  5.20911797e+00  1.79198072e+08  1.89260067e+02
 1.80578760e+08  5.57465661e+00  1.80578760e+08  1.89086726e+02
 1.81970086e+08  5.23020805e+00  1.81970086e+08  1.89183319e+02
 1.83372132e+08  5.36149682e+00  1.83372132e+08  1.89093838e+02
 1.84784980e+08  5.51624480e+00  1.84784980e+08  1.89345276e+02
 1.86208714e+08  5.65454575e+00  1.86208714e+08  1.89291755e+02
 1.87643417e+08  5.30285558e+00  1.87643417e+08  1.89466367e+02
 1.89089175e+08  5.71716280e+00  1.89089175e+08  1.89359265e+02
 1.90546072e+08  5.62807005e+00  1.90546072e+08  1.89501681e+02
 1.92014194e+08  5.78071625e+00  1.92014194e+08  1.89526566e+02
 1.93493628e+08  5.41313647e+00  1.93493628e+08  1.89283285e+02
 1.94984460e+08  5.86607764e+00  1.94984460e+08  1.89696297e+02
 1.96486779e+08  5.49878387e+00  1.96486779e+08  1.89736057e+02
 1.98000673e+08  5.65346037e+00  1.98000673e+08  1.89592618e+02
 1.99526231e+08  5.85143207e+00  1.99526231e+08  1.89759121e+02
 2.01063544e+08  5.74303700e+00  2.01063544e+08  1.89769272e+02
 2.02612701e+08  5.93007819e+00  2.02612701e+08  1.89515836e+02
 2.04173794e+08  6.45085151e+00  2.04173794e+08  1.89368452e+02
 2.05746916e+08  5.42953542e+00  2.05746916e+08  1.89639651e+02
 2.07332157e+08  5.62972696e+00  2.07332157e+08  1.89414621e+02
 2.08929613e+08  5.82896057e+00  2.08929613e+08  1.89701242e+02
 2.10539377e+08  6.36453483e+00  2.10539377e+08  1.89647388e+02
 2.12161544e+08  6.59816898e+00  2.12161544e+08  1.89530437e+02
 2.13796209e+08  6.15313663e+00  2.13796209e+08  1.89610338e+02
 2.15443469e+08  5.73571120e+00  2.15443469e+08  1.89804182e+02
 2.17103421e+08  6.30060960e+00  2.17103421e+08  1.89639034e+02
 2.18776162e+08  6.17950358e+00  2.18776162e+08  1.89456527e+02
 2.20461792e+08  5.74131076e+00  2.20461792e+08  1.89637010e+02
 2.22160409e+08  6.34429145e+00  2.22160409e+08  1.89683050e+02
 2.23872114e+08  6.23815016e+00  2.23872114e+08  1.89724483e+02
 2.25597007e+08  6.87159724e+00  2.25597007e+08  1.89163630e+02
 2.27335190e+08  7.16155896e+00  2.27335190e+08  1.89554890e+02
 2.29086765e+08  6.66029172e+00  2.29086765e+08  1.89120160e+02
 2.30851836e+08  6.18172390e+00  2.30851836e+08  1.89564515e+02
 2.32630507e+08  6.45078310e+00  2.32630507e+08  1.89240834e+02
 2.34422882e+08  5.97331811e+00  2.34422882e+08  1.89436973e+02
 2.36229066e+08  6.23997364e+00  2.36229066e+08  1.89458926e+02
 2.38049167e+08  6.96140353e+00  2.38049167e+08  1.89259934e+02
 2.39883292e+08  6.42444083e+00  2.39883292e+08  1.89466546e+02
 2.41731548e+08  6.33097891e+00  2.41731548e+08  1.89160171e+02
 2.43594045e+08  6.62696423e+00  2.43594045e+08  1.88986292e+02
 2.45470892e+08  6.96541757e+00  2.45470892e+08  1.89331092e+02
 2.47362199e+08  6.41137890e+00  2.47362199e+08  1.89109112e+02
 2.49268079e+08  6.73795070e+00  2.49268079e+08  1.88852747e+02
 2.51188643e+08  6.20495274e+00  2.51188643e+08  1.88991144e+02
 2.53124005e+08  6.99451347e+00  2.53124005e+08  1.88829516e+02
 2.55074278e+08  6.41768614e+00  2.55074278e+08  1.88958337e+02
 2.57039578e+08  6.30991236e+00  2.57039578e+08  1.88476443e+02
 2.59020020e+08  6.67191456e+00  2.59020020e+08  1.88756138e+02
 2.61015722e+08  7.57011072e+00  2.61015722e+08  1.88454783e+02
 2.63026799e+08  6.43289205e+00  2.63026799e+08  1.88430285e+02
 2.65053372e+08  5.88139813e+00  2.65053372e+08  1.88802079e+02
 2.67095559e+08  7.23361451e+00  2.67095559e+08  1.88205197e+02
 2.69153480e+08  6.60944732e+00  2.69153480e+08  1.88600076e+02
 2.71227258e+08  6.00242077e+00  2.71227258e+08  1.88539445e+02
 2.73317014e+08  7.46060831e+00  2.73317014e+08  1.88129289e+02
 2.75422870e+08  7.35201432e+00  2.75422870e+08  1.88203648e+02
 2.77544952e+08  6.15462227e+00  2.77544952e+08  1.88033187e+02
 2.79683385e+08  7.12108690e+00  2.79683385e+08  1.88050541e+02
 2.81838293e+08  7.00168784e+00  2.81838293e+08  1.88111674e+02
 2.84009805e+08  6.33833772e+00  2.84009805e+08  1.88229692e+02
 2.86198048e+08  7.38212624e+00  2.86198048e+08  1.87882952e+02
 2.88403150e+08  6.66080309e+00  2.88403150e+08  1.87431915e+02
 2.90625243e+08  7.15186547e+00  2.90625243e+08  1.87714619e+02
 2.92864456e+08  6.43023979e+00  2.92864456e+08  1.87676908e+02
 2.95120923e+08  6.91145647e+00  2.95120923e+08  1.87410424e+02
 2.97394775e+08  7.42809851e+00  2.97394775e+08  1.87619643e+02
 2.99686146e+08  6.67071900e+00  2.99686146e+08  1.87235867e+02
 3.01995172e+08  6.56699723e+00  3.01995172e+08  1.87678096e+02
 3.04321989e+08  6.44155188e+00  3.04321989e+08  1.87322407e+02
 3.06666733e+08  6.96862223e+00  3.06666733e+08  1.87118034e+02
 3.09029543e+08  6.85621153e+00  3.09029543e+08  1.86913787e+02
 3.11410558e+08  7.41941894e+00  3.11410558e+08  1.86839691e+02
 3.13809919e+08  7.30243508e+00  3.13809919e+08  1.86927593e+02
 3.16227766e+08  6.48096989e+00  3.16227766e+08  1.86536206e+02
 3.18664242e+08  7.80482240e+00  3.18664242e+08  1.86265371e+02
 3.21119491e+08  7.66988762e+00  3.21119491e+08  1.86293860e+02
 3.23593657e+08  6.79739387e+00  3.23593657e+08  1.86568944e+02
 3.26086886e+08  8.25608907e+00  3.26086886e+08  1.86440735e+02
 3.28599325e+08  8.14325341e+00  3.28599325e+08  1.86400502e+02
 3.31131121e+08  7.19189832e+00  3.31131121e+08  1.86282256e+02
 3.33682425e+08  6.32689235e+00  3.33682425e+08  1.86292764e+02
 3.36253386e+08  6.18870012e+00  3.36253386e+08  1.85953194e+02
 3.38844156e+08  8.55939387e+00  3.38844156e+08  1.85838322e+02
 3.41454887e+08  7.52727013e+00  3.41454887e+08  1.85707567e+02
 3.44085734e+08  7.39347567e+00  3.44085734e+08  1.85819224e+02
 3.46736850e+08  8.20092463e+00  3.46736850e+08  1.85814415e+02
 3.49408393e+08  7.17123735e+00  3.49408393e+08  1.85766435e+02
 3.52100520e+08  7.03449361e+00  3.52100520e+08  1.85473939e+02
 3.54813389e+08  6.09945615e+00  3.54813389e+08  1.85462564e+02
 3.57547160e+08  6.78167219e+00  3.57547160e+08  1.85210237e+02
 3.60301995e+08  7.58037223e+00  3.60301995e+08  1.85310300e+02
 3.63078055e+08  7.42787487e+00  3.63078055e+08  1.85118052e+02
 3.65875504e+08  7.31944170e+00  3.65875504e+08  1.85409363e+02
 3.68694506e+08  8.22506434e+00  3.68694506e+08  1.85187413e+02
 3.71535229e+08  8.08223247e+00  3.71535229e+08  1.84998867e+02
 3.74397839e+08  6.95355907e+00  3.74397839e+08  1.85178209e+02
 3.77282505e+08  9.00565840e+00  3.77282505e+08  1.84882394e+02
 3.80189396e+08  6.69065508e+00  3.80189396e+08  1.84802352e+02
 3.83118685e+08  7.56852546e+00  3.83118685e+08  1.84593958e+02
 3.86070543e+08  7.44438944e+00  3.86070543e+08  1.84660366e+02
 3.89045145e+08  7.30593342e+00  3.89045145e+08  1.84516990e+02
 3.92042666e+08  8.34213358e+00  3.92042666e+08  1.85178610e+02
 3.95063281e+08  8.20844319e+00  3.95063281e+08  1.84629613e+02
 3.98107171e+08  5.92781864e+00  3.98107171e+08  1.84637091e+02
 4.01174512e+08  7.94876210e+00  4.01174512e+08  1.84395847e+02
 4.04265487e+08  6.68018748e+00  4.04265487e+08  1.84082690e+02
 4.07380278e+08  6.54927879e+00  4.07380278e+08  1.84087782e+02
 4.10519067e+08  7.57551937e+00  4.10519067e+08  1.83950652e+02
 4.13682040e+08  7.44508161e+00  4.13682040e+08  1.84038605e+02
 4.16869383e+08  6.15084752e+00  4.16869383e+08  1.84093823e+02
 4.20081285e+08  7.20008056e+00  4.20081285e+08  1.83604647e+02
 4.23317933e+08  9.94618983e+00  4.23317933e+08  1.83391814e+02
 4.26579519e+08  9.82655131e+00  4.26579519e+08  1.83959564e+02
 4.29866235e+08  6.79138124e+00  4.29866235e+08  1.83930541e+02
 4.33178274e+08  5.51835769e+00  4.33178274e+08  1.83774361e+02
 4.36515832e+08  7.87489198e+00  4.36515832e+08  1.83693400e+02
 4.39879106e+08  6.42257969e+00  4.39879106e+08  1.83326063e+02
 4.43268292e+08  6.25698882e+00  4.43268292e+08  1.83494280e+02
 4.46683592e+08  9.05413445e+00  4.46683592e+08  1.83370723e+02
 4.50125206e+08  8.92461614e+00  4.50125206e+08  1.83088100e+02
 4.53593337e+08  7.20725361e+00  4.53593337e+08  1.83267581e+02
 4.57088190e+08  7.09341305e+00  4.57088190e+08  1.82959019e+02
 4.60609969e+08  6.95268370e+00  4.60609969e+08  1.82935111e+02
 4.64158883e+08  5.48433267e+00  4.64158883e+08  1.82966024e+02
 4.67735141e+08  6.67178393e+00  4.67735141e+08  1.82750315e+02
 4.71338954e+08  6.55054511e+00  4.71338954e+08  1.83031676e+02
 4.74970533e+08  6.42820884e+00  4.74970533e+08  1.82611431e+02
 4.78630092e+08  7.85183881e+00  4.78630092e+08  1.83052837e+02
 4.82317848e+08  6.15812787e+00  4.82317848e+08  1.82374846e+02
 4.86034018e+08  6.02556612e+00  4.86034018e+08  1.82636258e+02
 4.89778819e+08  7.46313241e+00  4.89778819e+08  1.82511183e+02
 4.93552474e+08  7.35350793e+00  4.93552474e+08  1.82185016e+02
 4.97355204e+08  7.20712749e+00  4.97355204e+08  1.82588055e+02
 5.01187234e+08  7.06168753e+00  5.01187234e+08  1.82535644e+02
 5.05048788e+08  6.93256071e+00  5.05048788e+08  1.82557021e+02
 5.08940095e+08  8.73248013e+00  5.08940095e+08  1.82610616e+02
 5.12861384e+08  6.65908928e+00  5.12861384e+08  1.81718703e+02
 5.16812886e+08  6.54742006e+00  5.16812886e+08  1.82450690e+02
 5.20794833e+08  8.32301758e+00  5.20794833e+08  1.81999547e+02
 5.24807460e+08  8.20193466e+00  5.24807460e+08  1.82670260e+02
 5.28851004e+08  8.08713603e+00  5.28851004e+08  1.82005208e+02
 5.32925703e+08  4.41198972e+00  5.32925703e+08  1.82373304e+02
 5.37031796e+08  7.80691853e+00  5.37031796e+08  1.82300193e+02
 5.41169527e+08  5.72529390e+00  5.41169527e+08  1.81907826e+02
 5.45339137e+08  7.53801893e+00  5.45339137e+08  1.81566967e+02
 5.49540874e+08  5.46732399e+00  5.49540874e+08  1.81723579e+02
 5.53774984e+08  7.27548023e+00  5.53774984e+08  1.82016721e+02
 5.58041717e+08  7.14013569e+00  5.58041717e+08  1.81489799e+02
 5.62341325e+08  1.30088891e+01  5.62341325e+08  1.81295349e+02
 5.66674061e+08  9.36763883e+00  5.66674061e+08  1.81992869e+02
 5.71040179e+08  1.27221363e+01  5.71040179e+08  1.81572120e+02
 5.75439937e+08  9.09488406e+00  5.75439937e+08  1.81271352e+02
 5.79873595e+08  6.46033550e+00  5.79873595e+08  1.82267101e+02
 5.84341413e+08  6.31856132e+00  5.84341413e+08  1.81872149e+02
 5.88843655e+08  1.82159242e+01  5.88843655e+08  1.82402582e+02
 5.93380586e+08  6.04563352e+00  5.93380586e+08  1.81583055e+02
 5.97952473e+08  1.19288133e+01  5.97952473e+08  1.81378536e+02
 6.02559586e+08  1.17890434e+01  6.02559586e+08  1.81298804e+02
 6.07202196e+08  8.14426967e+00  6.07202196e+08  1.81260951e+02
 6.11880576e+08  1.15278084e+01  6.11880576e+08  1.81831527e+02
 6.16595002e+08  7.87558040e+00  6.16595002e+08  1.81587480e+02
 6.21345752e+08  7.74203927e+00  6.21345752e+08  1.80729024e+02
 6.26133105e+08  7.61669608e+00  6.26133105e+08  1.81475916e+02
 6.30957344e+08  7.46854569e+00  6.30957344e+08  1.80937830e+02
 6.35818754e+08  4.85008699e+00  6.35818754e+08  1.81634053e+02
 6.40717619e+08  1.07258419e+01  6.40717619e+08  1.80537562e+02
 6.45654229e+08  1.05963791e+01  6.45654229e+08  1.81967080e+02
 6.50628875e+08  4.45027355e+00  6.50628875e+08  1.81179408e+02
 6.55641849e+08  1.03182713e+01  6.55641849e+08  1.81182559e+02
 6.60693448e+08  1.01775785e+01  6.60693448e+08  1.81397158e+02
 6.65783968e+08  6.51808700e+00  6.65783968e+08  1.80772971e+02
 6.70913710e+08  6.38365124e+00  6.70913710e+08  1.80747484e+02
 6.76082975e+08  6.25209786e+00  6.76082975e+08  1.81040335e+02
 6.81292069e+08  9.63175339e+00  6.81292069e+08  1.80945381e+02
 6.86541298e+08  9.51220299e+00  6.86541298e+08  1.80392668e+02
 6.91830971e+08  9.36480164e+00  6.91830971e+08  1.81232622e+02
 6.97161400e+08  4.57443832e+01  6.97161400e+08  9.21304183e+01
 7.02532899e+08  9.11745994e+00  7.02532899e+08  1.80489525e+02
 7.07945784e+08  1.49764722e+01  7.07945784e+08  1.82287467e+02
 7.13400375e+08  5.33529128e+00  7.13400375e+08  1.80943786e+02
 7.18896992e+08  2.71139690e+00  7.18896992e+08  1.80186735e+02
 7.24435960e+08  5.03694980e+00  7.24435960e+08  1.80388155e+02
 7.30017605e+08  4.89062179e+00  7.30017605e+08  1.81182065e+02
 7.35642254e+08  1.43062622e+01  7.35642254e+08  1.80468901e+02
 7.41310241e+08  1.41614826e+01  7.41310241e+08  1.81202809e+02
 7.47021899e+08  4.49400688e+00  7.47021899e+08  1.81015546e+02
 7.52777564e+08  7.89385016e+00  7.52777564e+08  1.80635897e+02
 7.58577575e+08  7.76196231e+00  7.58577575e+08  1.80676219e+02
 7.64422274e+08  7.61570879e+00  7.64422274e+08  1.80760325e+02
 7.70312006e+08  7.48464794e+00  7.70312006e+08  1.80395658e+02
 7.76247117e+08  1.33616452e+01  7.76247117e+08  1.80104674e+02
 7.82227956e+08  1.32315891e+01  7.82227956e+08  1.79128071e+02
 7.88254877e+08  3.55849600e+00  7.88254877e+08  1.80131029e+02
 7.94328235e+08  3.43020181e+00  7.94328235e+08  1.80204076e+02
 8.00448386e+08  6.81644896e+00  8.00448386e+08  1.80234491e+02
 8.06615692e+08  6.66338113e+00  8.06615692e+08  1.80453405e+02
 8.12830516e+08  6.53530542e+00  8.12830516e+08  1.80538012e+02
 8.19093224e+08  6.38805787e+00  8.19093224e+08  1.81324817e+02
 8.25404185e+08  2.74890792e+00  8.25404185e+08  1.80208511e+02
 8.31763771e+08  1.21607676e+01  8.31763771e+08  1.81005722e+02
 8.38172356e+08  1.20133757e+01  8.38172356e+08  1.80208148e+02
 8.44630319e+08  1.18705032e+01  8.44630319e+08  1.80179106e+02
 8.51138038e+08  5.72862211e+00  8.51138038e+08  1.80134985e+02
 8.57695899e+08  5.60120882e+00  8.57695899e+08  1.80579839e+02
 8.64304286e+08  5.46189803e+00  8.64304286e+08  1.79456649e+02
 8.70963590e+08  1.13301140e+01  8.70963590e+08  1.80253448e+02
 8.77674203e+08  1.12033683e+01  8.77674203e+08  1.78345133e+02
 8.84436519e+08  5.04850799e+00  8.84436519e+08  1.80085825e+02
 8.91250938e+08  3.94547750e+01  8.91250938e+08  9.15515402e+01
 8.98117861e+08  4.79369000e+00  8.98117861e+08  1.80883418e+02
 9.05037692e+08  1.12466226e+00  9.05037692e+08  1.80308947e+02
 9.12010839e+08  9.90865164e-01  9.12010839e+08  1.81199619e+02
 9.19037713e+08  1.03902108e+01  9.19037713e+08  1.81816095e+02
 9.26118728e+08  4.25331049e+00  9.26118728e+08  1.80444665e+02
 9.33254301e+08  1.01318047e+01  9.33254301e+08  1.81106016e+02
 9.40444852e+08  9.98601913e+00  9.40444852e+08  1.81218066e+02
 9.47690805e+08  9.85598354e+00  9.47690805e+08  1.80534222e+02
 9.54992586e+08  9.73234421e+00  9.54992586e+08  1.81662303e+02
 9.62350626e+08  9.60604115e+00  9.62350626e+08  1.80345178e+02
 9.69765359e+08  9.48075784e+00  9.69765359e+08  1.80652248e+02
 9.77237221e+08  9.31329492e+00  9.77237221e+08  1.82434225e+02
 9.84766652e+08  9.18344661e+00  9.84766652e+08  1.81008896e+02
 9.92354096e+08  9.03498519e+00  9.92354096e+08  1.79868142e+02
 1.00000000e+09  8.87878926e+00  1.00000000e+09  1.76674947e+02
