 1.00000000e+00  4.63856905e+01  1.00000000e+00  1.79999998e+02
 1.00770481e+00  4.63856905e+01  1.00770481e+00  1.79999998e+02
 1.01546899e+00  4.63856905e+01  1.01546899e+00  1.79999998e+02
 1.02329299e+00  4.63856905e+01  1.02329299e+00  1.79999998e+02
 1.03117727e+00  4.63856905e+01  1.03117727e+00  1.79999998e+02
 1.03912230e+00  4.63856905e+01  1.03912230e+00  1.79999998e+02
 1.04712855e+00  4.63856905e+01  1.04712855e+00  1.79999998e+02
 1.05519648e+00  4.63856905e+01  1.05519648e+00  1.79999998e+02
 1.06332657e+00  4.63856905e+01  1.06332657e+00  1.79999998e+02
 1.07151931e+00  4.63856905e+01  1.07151931e+00  1.79999998e+02
 1.07977516e+00  4.63856905e+01  1.07977516e+00  1.79999998e+02
 1.08809463e+00  4.63856905e+01  1.08809463e+00  1.79999998e+02
 1.09647820e+00  4.63856905e+01  1.09647820e+00  1.79999998e+02
 1.10492636e+00  4.63856905e+01  1.10492636e+00  1.79999998e+02
 1.11343961e+00  4.63856905e+01  1.11343961e+00  1.79999998e+02
 1.12201845e+00  4.63856905e+01  1.12201845e+00  1.79999998e+02
 1.13066340e+00  4.63856905e+01  1.13066340e+00  1.79999998e+02
 1.13937495e+00  4.63856905e+01  1.13937495e+00  1.79999998e+02
 1.14815362e+00  4.63856905e+01  1.14815362e+00  1.79999998e+02
 1.15699993e+00  4.63856905e+01  1.15699993e+00  1.79999998e+02
 1.16591440e+00  4.63856905e+01  1.16591440e+00  1.79999998e+02
 1.17489755e+00  4.63856905e+01  1.17489755e+00  1.79999998e+02
 1.18394992e+00  4.63856905e+01  1.18394992e+00  1.79999998e+02
 1.19307204e+00  4.63856905e+01  1.19307204e+00  1.79999998e+02
 1.20226443e+00  4.63856905e+01  1.20226443e+00  1.79999998e+02
 1.21152766e+00  4.63856905e+01  1.21152766e+00  1.79999998e+02
 1.22086225e+00  4.63856905e+01  1.22086225e+00  1.79999998e+02
 1.23026877e+00  4.63856905e+01  1.23026877e+00  1.79999998e+02
 1.23974776e+00  4.63856905e+01  1.23974776e+00  1.79999998e+02
 1.24929979e+00  4.63856905e+01  1.24929979e+00  1.79999998e+02
 1.25892541e+00  4.63856905e+01  1.25892541e+00  1.79999998e+02
 1.26862520e+00  4.63856905e+01  1.26862520e+00  1.79999998e+02
 1.27839972e+00  4.63856905e+01  1.27839972e+00  1.79999998e+02
 1.28824955e+00  4.63856905e+01  1.28824955e+00  1.79999998e+02
 1.29817528e+00  4.63856905e+01  1.29817528e+00  1.79999998e+02
 1.30817747e+00  4.63856905e+01  1.30817747e+00  1.79999998e+02
 1.31825674e+00  4.63856905e+01  1.31825674e+00  1.79999998e+02
 1.32841366e+00  4.63856905e+01  1.32841366e+00  1.79999998e+02
 1.33864884e+00  4.63856905e+01  1.33864884e+00  1.79999998e+02
 1.34896288e+00  4.63856905e+01  1.34896288e+00  1.79999998e+02
 1.35935639e+00  4.63856905e+01  1.35935639e+00  1.79999998e+02
 1.36982998e+00  4.63856905e+01  1.36982998e+00  1.79999998e+02
 1.38038426e+00  4.63856905e+01  1.38038426e+00  1.79999998e+02
 1.39101987e+00  4.63856905e+01  1.39101987e+00  1.79999998e+02
 1.40173742e+00  4.63856905e+01  1.40173742e+00  1.79999998e+02
 1.41253754e+00  4.63856905e+01  1.41253754e+00  1.79999998e+02
 1.42342088e+00  4.63856905e+01  1.42342088e+00  1.79999998e+02
 1.43438808e+00  4.63856905e+01  1.43438808e+00  1.79999998e+02
 1.44543977e+00  4.63856905e+01  1.44543977e+00  1.79999998e+02
 1.45657662e+00  4.63856905e+01  1.45657662e+00  1.79999998e+02
 1.46779927e+00  4.63856905e+01  1.46779927e+00  1.79999998e+02
 1.47910839e+00  4.63856905e+01  1.47910839e+00  1.79999998e+02
 1.49050464e+00  4.63856905e+01  1.49050464e+00  1.79999998e+02
 1.50198870e+00  4.63856905e+01  1.50198870e+00  1.79999998e+02
 1.51356125e+00  4.63856905e+01  1.51356125e+00  1.79999998e+02
 1.52522296e+00  4.63856905e+01  1.52522296e+00  1.79999998e+02
 1.53697452e+00  4.63856905e+01  1.53697452e+00  1.79999998e+02
 1.54881662e+00  4.63856905e+01  1.54881662e+00  1.79999998e+02
 1.56074996e+00  4.63856905e+01  1.56074996e+00  1.79999998e+02
 1.57277525e+00  4.63856905e+01  1.57277525e+00  1.79999998e+02
 1.58489319e+00  4.63856905e+01  1.58489319e+00  1.79999998e+02
 1.59710450e+00  4.63856905e+01  1.59710450e+00  1.79999998e+02
 1.60940989e+00  4.63856905e+01  1.60940989e+00  1.79999997e+02
 1.62181010e+00  4.63856905e+01  1.62181010e+00  1.79999997e+02
 1.63430584e+00  4.63856905e+01  1.63430584e+00  1.79999997e+02
 1.64689787e+00  4.63856905e+01  1.64689787e+00  1.79999997e+02
 1.65958691e+00  4.63856905e+01  1.65958691e+00  1.79999997e+02
 1.67237372e+00  4.63856905e+01  1.67237372e+00  1.79999997e+02
 1.68525904e+00  4.63856905e+01  1.68525904e+00  1.79999997e+02
 1.69824365e+00  4.63856905e+01  1.69824365e+00  1.79999997e+02
 1.71132830e+00  4.63856905e+01  1.71132830e+00  1.79999997e+02
 1.72451377e+00  4.63856905e+01  1.72451377e+00  1.79999997e+02
 1.73780083e+00  4.63856905e+01  1.73780083e+00  1.79999997e+02
 1.75119026e+00  4.63856905e+01  1.75119026e+00  1.79999997e+02
 1.76468286e+00  4.63856905e+01  1.76468286e+00  1.79999997e+02
 1.77827941e+00  4.63856905e+01  1.77827941e+00  1.79999997e+02
 1.79198072e+00  4.63856905e+01  1.79198072e+00  1.79999997e+02
 1.80578760e+00  4.63856905e+01  1.80578760e+00  1.79999997e+02
 1.81970086e+00  4.63856905e+01  1.81970086e+00  1.79999997e+02
 1.83372132e+00  4.63856905e+01  1.83372132e+00  1.79999997e+02
 1.84784980e+00  4.63856905e+01  1.84784980e+00  1.79999997e+02
 1.86208714e+00  4.63856905e+01  1.86208714e+00  1.79999997e+02
 1.87643417e+00  4.63856905e+01  1.87643417e+00  1.79999997e+02
 1.89089175e+00  4.63856905e+01  1.89089175e+00  1.79999997e+02
 1.90546072e+00  4.63856905e+01  1.90546072e+00  1.79999997e+02
 1.92014194e+00  4.63856905e+01  1.92014194e+00  1.79999997e+02
 1.93493628e+00  4.63856905e+01  1.93493628e+00  1.79999997e+02
 1.94984460e+00  4.63856905e+01  1.94984460e+00  1.79999997e+02
 1.96486779e+00  4.63856905e+01  1.96486779e+00  1.79999997e+02
 1.98000673e+00  4.63856905e+01  1.98000673e+00  1.79999997e+02
 1.99526231e+00  4.63856905e+01  1.99526231e+00  1.79999997e+02
 2.01063544e+00  4.63856905e+01  2.01063544e+00  1.79999997e+02
 2.02612701e+00  4.63856905e+01  2.02612701e+00  1.79999997e+02
 2.04173794e+00  4.63856905e+01  2.04173794e+00  1.79999997e+02
 2.05746916e+00  4.63856905e+01  2.05746916e+00  1.79999997e+02
 2.07332157e+00  4.63856905e+01  2.07332157e+00  1.79999997e+02
 2.08929613e+00  4.63856905e+01  2.08929613e+00  1.79999997e+02
 2.10539377e+00  4.63856905e+01  2.10539377e+00  1.79999997e+02
 2.12161544e+00  4.63856905e+01  2.12161544e+00  1.79999997e+02
 2.13796209e+00  4.63856905e+01  2.13796209e+00  1.79999997e+02
 2.15443469e+00  4.63856905e+01  2.15443469e+00  1.79999997e+02
 2.17103421e+00  4.63856905e+01  2.17103421e+00  1.79999997e+02
 2.18776162e+00  4.63856905e+01  2.18776162e+00  1.79999997e+02
 2.20461792e+00  4.63856905e+01  2.20461792e+00  1.79999997e+02
 2.22160409e+00  4.63856905e+01  2.22160409e+00  1.79999997e+02
 2.23872114e+00  4.63856905e+01  2.23872114e+00  1.79999997e+02
 2.25597007e+00  4.63856905e+01  2.25597007e+00  1.79999996e+02
 2.27335190e+00  4.63856905e+01  2.27335190e+00  1.79999996e+02
 2.29086765e+00  4.63856905e+01  2.29086765e+00  1.79999996e+02
 2.30851836e+00  4.63856905e+01  2.30851836e+00  1.79999996e+02
 2.32630507e+00  4.63856905e+01  2.32630507e+00  1.79999996e+02
 2.34422882e+00  4.63856905e+01  2.34422882e+00  1.79999996e+02
 2.36229066e+00  4.63856905e+01  2.36229066e+00  1.79999996e+02
 2.38049167e+00  4.63856905e+01  2.38049167e+00  1.79999996e+02
 2.39883292e+00  4.63856905e+01  2.39883292e+00  1.79999996e+02
 2.41731548e+00  4.63856905e+01  2.41731548e+00  1.79999996e+02
 2.43594045e+00  4.63856905e+01  2.43594045e+00  1.79999996e+02
 2.45470892e+00  4.63856905e+01  2.45470892e+00  1.79999996e+02
 2.47362199e+00  4.63856905e+01  2.47362199e+00  1.79999996e+02
 2.49268079e+00  4.63856905e+01  2.49268079e+00  1.79999996e+02
 2.51188643e+00  4.63856905e+01  2.51188643e+00  1.79999996e+02
 2.53124005e+00  4.63856905e+01  2.53124005e+00  1.79999996e+02
 2.55074278e+00  4.63856905e+01  2.55074278e+00  1.79999996e+02
 2.57039578e+00  4.63856905e+01  2.57039578e+00  1.79999996e+02
 2.59020020e+00  4.63856905e+01  2.59020020e+00  1.79999996e+02
 2.61015722e+00  4.63856905e+01  2.61015722e+00  1.79999996e+02
 2.63026799e+00  4.63856905e+01  2.63026799e+00  1.79999996e+02
 2.65053372e+00  4.63856905e+01  2.65053372e+00  1.79999996e+02
 2.67095559e+00  4.63856905e+01  2.67095559e+00  1.79999996e+02
 2.69153480e+00  4.63856905e+01  2.69153480e+00  1.79999996e+02
 2.71227258e+00  4.63856905e+01  2.71227258e+00  1.79999996e+02
 2.73317014e+00  4.63856905e+01  2.73317014e+00  1.79999996e+02
 2.75422870e+00  4.63856905e+01  2.75422870e+00  1.79999996e+02
 2.77544952e+00  4.63856905e+01  2.77544952e+00  1.79999996e+02
 2.79683385e+00  4.63856905e+01  2.79683385e+00  1.79999996e+02
 2.81838293e+00  4.63856905e+01  2.81838293e+00  1.79999996e+02
 2.84009805e+00  4.63856905e+01  2.84009805e+00  1.79999996e+02
 2.86198048e+00  4.63856905e+01  2.86198048e+00  1.79999996e+02
 2.88403150e+00  4.63856905e+01  2.88403150e+00  1.79999996e+02
 2.90625243e+00  4.63856905e+01  2.90625243e+00  1.79999995e+02
 2.92864456e+00  4.63856905e+01  2.92864456e+00  1.79999995e+02
 2.95120923e+00  4.63856905e+01  2.95120923e+00  1.79999995e+02
 2.97394775e+00  4.63856905e+01  2.97394775e+00  1.79999995e+02
 2.99686146e+00  4.63856905e+01  2.99686146e+00  1.79999995e+02
 3.01995172e+00  4.63856905e+01  3.01995172e+00  1.79999995e+02
 3.04321989e+00  4.63856905e+01  3.04321989e+00  1.79999995e+02
 3.06666733e+00  4.63856905e+01  3.06666733e+00  1.79999995e+02
 3.09029543e+00  4.63856905e+01  3.09029543e+00  1.79999995e+02
 3.11410558e+00  4.63856905e+01  3.11410558e+00  1.79999995e+02
 3.13809919e+00  4.63856905e+01  3.13809919e+00  1.79999995e+02
 3.16227766e+00  4.63856905e+01  3.16227766e+00  1.79999995e+02
 3.18664242e+00  4.63856905e+01  3.18664242e+00  1.79999995e+02
 3.21119491e+00  4.63856905e+01  3.21119491e+00  1.79999995e+02
 3.23593657e+00  4.63856905e+01  3.23593657e+00  1.79999995e+02
 3.26086886e+00  4.63856905e+01  3.26086886e+00  1.79999995e+02
 3.28599325e+00  4.63856905e+01  3.28599325e+00  1.79999995e+02
 3.31131121e+00  4.63856905e+01  3.31131121e+00  1.79999995e+02
 3.33682425e+00  4.63856905e+01  3.33682425e+00  1.79999995e+02
 3.36253386e+00  4.63856905e+01  3.36253386e+00  1.79999995e+02
 3.38844156e+00  4.63856905e+01  3.38844156e+00  1.79999995e+02
 3.41454887e+00  4.63856905e+01  3.41454887e+00  1.79999995e+02
 3.44085734e+00  4.63856905e+01  3.44085734e+00  1.79999995e+02
 3.46736850e+00  4.63856905e+01  3.46736850e+00  1.79999995e+02
 3.49408393e+00  4.63856905e+01  3.49408393e+00  1.79999995e+02
 3.52100520e+00  4.63856905e+01  3.52100520e+00  1.79999995e+02
 3.54813389e+00  4.63856905e+01  3.54813389e+00  1.79999994e+02
 3.57547160e+00  4.63856905e+01  3.57547160e+00  1.79999994e+02
 3.60301995e+00  4.63856905e+01  3.60301995e+00  1.79999994e+02
 3.63078055e+00  4.63856905e+01  3.63078055e+00  1.79999994e+02
 3.65875504e+00  4.63856905e+01  3.65875504e+00  1.79999994e+02
 3.68694506e+00  4.63856905e+01  3.68694506e+00  1.79999994e+02
 3.71535229e+00  4.63856905e+01  3.71535229e+00  1.79999994e+02
 3.74397839e+00  4.63856905e+01  3.74397839e+00  1.79999994e+02
 3.77282505e+00  4.63856905e+01  3.77282505e+00  1.79999994e+02
 3.80189396e+00  4.63856905e+01  3.80189396e+00  1.79999994e+02
 3.83118685e+00  4.63856905e+01  3.83118685e+00  1.79999994e+02
 3.86070543e+00  4.63856905e+01  3.86070543e+00  1.79999994e+02
 3.89045145e+00  4.63856905e+01  3.89045145e+00  1.79999994e+02
 3.92042666e+00  4.63856905e+01  3.92042666e+00  1.79999994e+02
 3.95063281e+00  4.63856905e+01  3.95063281e+00  1.79999994e+02
 3.98107171e+00  4.63856905e+01  3.98107171e+00  1.79999994e+02
 4.01174512e+00  4.63856905e+01  4.01174512e+00  1.79999994e+02
 4.04265487e+00  4.63856905e+01  4.04265487e+00  1.79999994e+02
 4.07380278e+00  4.63856905e+01  4.07380278e+00  1.79999994e+02
 4.10519067e+00  4.63856905e+01  4.10519067e+00  1.79999994e+02
 4.13682040e+00  4.63856905e+01  4.13682040e+00  1.79999994e+02
 4.16869383e+00  4.63856905e+01  4.16869383e+00  1.79999994e+02
 4.20081285e+00  4.63856905e+01  4.20081285e+00  1.79999993e+02
 4.23317933e+00  4.63856905e+01  4.23317933e+00  1.79999993e+02
 4.26579519e+00  4.63856905e+01  4.26579519e+00  1.79999993e+02
 4.29866235e+00  4.63856905e+01  4.29866235e+00  1.79999993e+02
 4.33178274e+00  4.63856905e+01  4.33178274e+00  1.79999993e+02
 4.36515832e+00  4.63856905e+01  4.36515832e+00  1.79999993e+02
 4.39879106e+00  4.63856905e+01  4.39879106e+00  1.79999993e+02
 4.43268292e+00  4.63856905e+01  4.43268292e+00  1.79999993e+02
 4.46683592e+00  4.63856905e+01  4.46683592e+00  1.79999993e+02
 4.50125206e+00  4.63856905e+01  4.50125206e+00  1.79999993e+02
 4.53593337e+00  4.63856905e+01  4.53593337e+00  1.79999993e+02
 4.57088190e+00  4.63856905e+01  4.57088190e+00  1.79999993e+02
 4.60609969e+00  4.63856905e+01  4.60609969e+00  1.79999993e+02
 4.64158883e+00  4.63856905e+01  4.64158883e+00  1.79999993e+02
 4.67735141e+00  4.63856905e+01  4.67735141e+00  1.79999993e+02
 4.71338954e+00  4.63856905e+01  4.71338954e+00  1.79999993e+02
 4.74970533e+00  4.63856905e+01  4.74970533e+00  1.79999993e+02
 4.78630092e+00  4.63856905e+01  4.78630092e+00  1.79999993e+02
 4.82317848e+00  4.63856905e+01  4.82317848e+00  1.79999992e+02
 4.86034018e+00  4.63856905e+01  4.86034018e+00  1.79999992e+02
 4.89778819e+00  4.63856905e+01  4.89778819e+00  1.79999992e+02
 4.93552474e+00  4.63856905e+01  4.93552474e+00  1.79999992e+02
 4.97355204e+00  4.63856905e+01  4.97355204e+00  1.79999992e+02
 5.01187234e+00  4.63856905e+01  5.01187234e+00  1.79999992e+02
 5.05048788e+00  4.63856905e+01  5.05048788e+00  1.79999992e+02
 5.08940095e+00  4.63856905e+01  5.08940095e+00  1.79999992e+02
 5.12861384e+00  4.63856905e+01  5.12861384e+00  1.79999992e+02
 5.16812886e+00  4.63856905e+01  5.16812886e+00  1.79999992e+02
 5.20794833e+00  4.63856905e+01  5.20794833e+00  1.79999992e+02
 5.24807460e+00  4.63856905e+01  5.24807460e+00  1.79999992e+02
 5.28851004e+00  4.63856905e+01  5.28851004e+00  1.79999992e+02
 5.32925703e+00  4.63856905e+01  5.32925703e+00  1.79999992e+02
 5.37031796e+00  4.63856905e+01  5.37031796e+00  1.79999992e+02
 5.41169527e+00  4.63856905e+01  5.41169527e+00  1.79999992e+02
 5.45339137e+00  4.63856905e+01  5.45339137e+00  1.79999992e+02
 5.49540874e+00  4.63856905e+01  5.49540874e+00  1.79999991e+02
 5.53774984e+00  4.63856905e+01  5.53774984e+00  1.79999991e+02
 5.58041717e+00  4.63856905e+01  5.58041717e+00  1.79999991e+02
 5.62341325e+00  4.63856905e+01  5.62341325e+00  1.79999991e+02
 5.66674061e+00  4.63856905e+01  5.66674061e+00  1.79999991e+02
 5.71040179e+00  4.63856905e+01  5.71040179e+00  1.79999991e+02
 5.75439937e+00  4.63856905e+01  5.75439937e+00  1.79999991e+02
 5.79873595e+00  4.63856905e+01  5.79873595e+00  1.79999991e+02
 5.84341413e+00  4.63856905e+01  5.84341413e+00  1.79999991e+02
 5.88843655e+00  4.63856905e+01  5.88843655e+00  1.79999991e+02
 5.93380586e+00  4.63856905e+01  5.93380586e+00  1.79999991e+02
 5.97952473e+00  4.63856905e+01  5.97952473e+00  1.79999991e+02
 6.02559586e+00  4.63856905e+01  6.02559586e+00  1.79999991e+02
 6.07202196e+00  4.63856905e+01  6.07202196e+00  1.79999991e+02
 6.11880576e+00  4.63856905e+01  6.11880576e+00  1.79999990e+02
 6.16595002e+00  4.63856905e+01  6.16595002e+00  1.79999990e+02
 6.21345752e+00  4.63856905e+01  6.21345752e+00  1.79999990e+02
 6.26133105e+00  4.63856905e+01  6.26133105e+00  1.79999990e+02
 6.30957344e+00  4.63856905e+01  6.30957344e+00  1.79999990e+02
 6.35818754e+00  4.63856905e+01  6.35818754e+00  1.79999990e+02
 6.40717619e+00  4.63856905e+01  6.40717619e+00  1.79999990e+02
 6.45654229e+00  4.63856905e+01  6.45654229e+00  1.79999990e+02
 6.50628875e+00  4.63856905e+01  6.50628875e+00  1.79999990e+02
 6.55641849e+00  4.63856905e+01  6.55641849e+00  1.79999990e+02
 6.60693448e+00  4.63856905e+01  6.60693448e+00  1.79999990e+02
 6.65783968e+00  4.63856905e+01  6.65783968e+00  1.79999990e+02
 6.70913710e+00  4.63856905e+01  6.70913710e+00  1.79999990e+02
 6.76082975e+00  4.63856905e+01  6.76082975e+00  1.79999989e+02
 6.81292069e+00  4.63856905e+01  6.81292069e+00  1.79999989e+02
 6.86541298e+00  4.63856905e+01  6.86541298e+00  1.79999989e+02
 6.91830971e+00  4.63856905e+01  6.91830971e+00  1.79999989e+02
 6.97161400e+00  4.63856905e+01  6.97161400e+00  1.79999989e+02
 7.02532899e+00  4.63856905e+01  7.02532899e+00  1.79999989e+02
 7.07945784e+00  4.63856905e+01  7.07945784e+00  1.79999989e+02
 7.13400375e+00  4.63856905e+01  7.13400375e+00  1.79999989e+02
 7.18896992e+00  4.63856905e+01  7.18896992e+00  1.79999989e+02
 7.24435960e+00  4.63856905e+01  7.24435960e+00  1.79999989e+02
 7.30017605e+00  4.63856905e+01  7.30017605e+00  1.79999989e+02
 7.35642254e+00  4.63856905e+01  7.35642254e+00  1.79999989e+02
 7.41310241e+00  4.63856905e+01  7.41310241e+00  1.79999988e+02
 7.47021899e+00  4.63856905e+01  7.47021899e+00  1.79999988e+02
 7.52777564e+00  4.63856905e+01  7.52777564e+00  1.79999988e+02
 7.58577575e+00  4.63856905e+01  7.58577575e+00  1.79999988e+02
 7.64422274e+00  4.63856905e+01  7.64422274e+00  1.79999988e+02
 7.70312006e+00  4.63856905e+01  7.70312006e+00  1.79999988e+02
 7.76247117e+00  4.63856905e+01  7.76247117e+00  1.79999988e+02
 7.82227956e+00  4.63856905e+01  7.82227956e+00  1.79999988e+02
 7.88254877e+00  4.63856905e+01  7.88254877e+00  1.79999988e+02
 7.94328235e+00  4.63856905e+01  7.94328235e+00  1.79999988e+02
 8.00448386e+00  4.63856905e+01  8.00448386e+00  1.79999988e+02
 8.06615692e+00  4.63856905e+01  8.06615692e+00  1.79999987e+02
 8.12830516e+00  4.63856905e+01  8.12830516e+00  1.79999987e+02
 8.19093224e+00  4.63856905e+01  8.19093224e+00  1.79999987e+02
 8.25404185e+00  4.63856905e+01  8.25404185e+00  1.79999987e+02
 8.31763771e+00  4.63856905e+01  8.31763771e+00  1.79999987e+02
 8.38172356e+00  4.63856905e+01  8.38172356e+00  1.79999987e+02
 8.44630319e+00  4.63856905e+01  8.44630319e+00  1.79999987e+02
 8.51138038e+00  4.63856905e+01  8.51138038e+00  1.79999987e+02
 8.57695899e+00  4.63856905e+01  8.57695899e+00  1.79999987e+02
 8.64304286e+00  4.63856905e+01  8.64304286e+00  1.79999987e+02
 8.70963590e+00  4.63856905e+01  8.70963590e+00  1.79999986e+02
 8.77674203e+00  4.63856905e+01  8.77674203e+00  1.79999986e+02
 8.84436519e+00  4.63856905e+01  8.84436519e+00  1.79999986e+02
 8.91250938e+00  4.63856905e+01  8.91250938e+00  1.79999986e+02
 8.98117861e+00  4.63856905e+01  8.98117861e+00  1.79999986e+02
 9.05037692e+00  4.63856905e+01  9.05037692e+00  1.79999986e+02
 9.12010839e+00  4.63856905e+01  9.12010839e+00  1.79999986e+02
 9.19037713e+00  4.63856905e+01  9.19037713e+00  1.79999986e+02
 9.26118728e+00  4.63856905e+01  9.26118728e+00  1.79999986e+02
 9.33254301e+00  4.63856905e+01  9.33254301e+00  1.79999985e+02
 9.40444852e+00  4.63856905e+01  9.40444852e+00  1.79999985e+02
 9.47690805e+00  4.63856905e+01  9.47690805e+00  1.79999985e+02
 9.54992586e+00  4.63856905e+01  9.54992586e+00  1.79999985e+02
 9.62350626e+00  4.63856905e+01  9.62350626e+00  1.79999985e+02
 9.69765359e+00  4.63856905e+01  9.69765359e+00  1.79999985e+02
 9.77237221e+00  4.63856905e+01  9.77237221e+00  1.79999985e+02
 9.84766652e+00  4.63856905e+01  9.84766652e+00  1.79999985e+02
 9.92354096e+00  4.63856905e+01  9.92354096e+00  1.79999985e+02
 1.00000000e+01  4.63856905e+01  1.00000000e+01  1.79999984e+02
 1.00770481e+01  4.63856905e+01  1.00770481e+01  1.79999984e+02
 1.01546899e+01  4.63856905e+01  1.01546899e+01  1.79999984e+02
 1.02329299e+01  4.63856905e+01  1.02329299e+01  1.79999984e+02
 1.03117727e+01  4.63856905e+01  1.03117727e+01  1.79999984e+02
 1.03912230e+01  4.63856905e+01  1.03912230e+01  1.79999984e+02
 1.04712855e+01  4.63856905e+01  1.04712855e+01  1.79999984e+02
 1.05519648e+01  4.63856905e+01  1.05519648e+01  1.79999984e+02
 1.06332657e+01  4.63856905e+01  1.06332657e+01  1.79999983e+02
 1.07151931e+01  4.63856905e+01  1.07151931e+01  1.79999983e+02
 1.07977516e+01  4.63856905e+01  1.07977516e+01  1.79999983e+02
 1.08809463e+01  4.63856905e+01  1.08809463e+01  1.79999983e+02
 1.09647820e+01  4.63856905e+01  1.09647820e+01  1.79999983e+02
 1.10492636e+01  4.63856905e+01  1.10492636e+01  1.79999983e+02
 1.11343961e+01  4.63856905e+01  1.11343961e+01  1.79999983e+02
 1.12201845e+01  4.63856905e+01  1.12201845e+01  1.79999983e+02
 1.13066340e+01  4.63856905e+01  1.13066340e+01  1.79999982e+02
 1.13937495e+01  4.63856905e+01  1.13937495e+01  1.79999982e+02
 1.14815362e+01  4.63856905e+01  1.14815362e+01  1.79999982e+02
 1.15699993e+01  4.63856905e+01  1.15699993e+01  1.79999982e+02
 1.16591440e+01  4.63856905e+01  1.16591440e+01  1.79999982e+02
 1.17489755e+01  4.63856905e+01  1.17489755e+01  1.79999982e+02
 1.18394992e+01  4.63856905e+01  1.18394992e+01  1.79999982e+02
 1.19307204e+01  4.63856905e+01  1.19307204e+01  1.79999981e+02
 1.20226443e+01  4.63856905e+01  1.20226443e+01  1.79999981e+02
 1.21152766e+01  4.63856905e+01  1.21152766e+01  1.79999981e+02
 1.22086225e+01  4.63856905e+01  1.22086225e+01  1.79999981e+02
 1.23026877e+01  4.63856905e+01  1.23026877e+01  1.79999981e+02
 1.23974776e+01  4.63856905e+01  1.23974776e+01  1.79999981e+02
 1.24929979e+01  4.63856905e+01  1.24929979e+01  1.79999981e+02
 1.25892541e+01  4.63856905e+01  1.25892541e+01  1.79999980e+02
 1.26862520e+01  4.63856905e+01  1.26862520e+01  1.79999980e+02
 1.27839972e+01  4.63856905e+01  1.27839972e+01  1.79999980e+02
 1.28824955e+01  4.63856905e+01  1.28824955e+01  1.79999980e+02
 1.29817528e+01  4.63856905e+01  1.29817528e+01  1.79999980e+02
 1.30817747e+01  4.63856905e+01  1.30817747e+01  1.79999980e+02
 1.31825674e+01  4.63856905e+01  1.31825674e+01  1.79999979e+02
 1.32841366e+01  4.63856905e+01  1.32841366e+01  1.79999979e+02
 1.33864884e+01  4.63856905e+01  1.33864884e+01  1.79999979e+02
 1.34896288e+01  4.63856905e+01  1.34896288e+01  1.79999979e+02
 1.35935639e+01  4.63856905e+01  1.35935639e+01  1.79999979e+02
 1.36982998e+01  4.63856905e+01  1.36982998e+01  1.79999979e+02
 1.38038426e+01  4.63856905e+01  1.38038426e+01  1.79999979e+02
 1.39101987e+01  4.63856905e+01  1.39101987e+01  1.79999978e+02
 1.40173742e+01  4.63856905e+01  1.40173742e+01  1.79999978e+02
 1.41253754e+01  4.63856905e+01  1.41253754e+01  1.79999978e+02
 1.42342088e+01  4.63856905e+01  1.42342088e+01  1.79999978e+02
 1.43438808e+01  4.63856905e+01  1.43438808e+01  1.79999978e+02
 1.44543977e+01  4.63856905e+01  1.44543977e+01  1.79999978e+02
 1.45657662e+01  4.63856905e+01  1.45657662e+01  1.79999977e+02
 1.46779927e+01  4.63856905e+01  1.46779927e+01  1.79999977e+02
 1.47910839e+01  4.63856905e+01  1.47910839e+01  1.79999977e+02
 1.49050464e+01  4.63856905e+01  1.49050464e+01  1.79999977e+02
 1.50198870e+01  4.63856905e+01  1.50198870e+01  1.79999977e+02
 1.51356125e+01  4.63856905e+01  1.51356125e+01  1.79999976e+02
 1.52522296e+01  4.63856905e+01  1.52522296e+01  1.79999976e+02
 1.53697452e+01  4.63856905e+01  1.53697452e+01  1.79999976e+02
 1.54881662e+01  4.63856905e+01  1.54881662e+01  1.79999976e+02
 1.56074996e+01  4.63856905e+01  1.56074996e+01  1.79999976e+02
 1.57277525e+01  4.63856905e+01  1.57277525e+01  1.79999976e+02
 1.58489319e+01  4.63856905e+01  1.58489319e+01  1.79999975e+02
 1.59710450e+01  4.63856905e+01  1.59710450e+01  1.79999975e+02
 1.60940989e+01  4.63856905e+01  1.60940989e+01  1.79999975e+02
 1.62181010e+01  4.63856905e+01  1.62181010e+01  1.79999975e+02
 1.63430584e+01  4.63856905e+01  1.63430584e+01  1.79999975e+02
 1.64689787e+01  4.63856905e+01  1.64689787e+01  1.79999974e+02
 1.65958691e+01  4.63856905e+01  1.65958691e+01  1.79999974e+02
 1.67237372e+01  4.63856905e+01  1.67237372e+01  1.79999974e+02
 1.68525904e+01  4.63856905e+01  1.68525904e+01  1.79999974e+02
 1.69824365e+01  4.63856905e+01  1.69824365e+01  1.79999974e+02
 1.71132830e+01  4.63856905e+01  1.71132830e+01  1.79999973e+02
 1.72451377e+01  4.63856905e+01  1.72451377e+01  1.79999973e+02
 1.73780083e+01  4.63856905e+01  1.73780083e+01  1.79999973e+02
 1.75119026e+01  4.63856905e+01  1.75119026e+01  1.79999973e+02
 1.76468286e+01  4.63856905e+01  1.76468286e+01  1.79999973e+02
 1.77827941e+01  4.63856905e+01  1.77827941e+01  1.79999972e+02
 1.79198072e+01  4.63856905e+01  1.79198072e+01  1.79999972e+02
 1.80578760e+01  4.63856905e+01  1.80578760e+01  1.79999972e+02
 1.81970086e+01  4.63856905e+01  1.81970086e+01  1.79999972e+02
 1.83372132e+01  4.63856905e+01  1.83372132e+01  1.79999971e+02
 1.84784980e+01  4.63856905e+01  1.84784980e+01  1.79999971e+02
 1.86208714e+01  4.63856905e+01  1.86208714e+01  1.79999971e+02
 1.87643417e+01  4.63856905e+01  1.87643417e+01  1.79999971e+02
 1.89089175e+01  4.63856905e+01  1.89089175e+01  1.79999971e+02
 1.90546072e+01  4.63856905e+01  1.90546072e+01  1.79999970e+02
 1.92014194e+01  4.63856905e+01  1.92014194e+01  1.79999970e+02
 1.93493628e+01  4.63856905e+01  1.93493628e+01  1.79999970e+02
 1.94984460e+01  4.63856905e+01  1.94984460e+01  1.79999970e+02
 1.96486779e+01  4.63856905e+01  1.96486779e+01  1.79999969e+02
 1.98000673e+01  4.63856905e+01  1.98000673e+01  1.79999969e+02
 1.99526231e+01  4.63856905e+01  1.99526231e+01  1.79999969e+02
 2.01063544e+01  4.63856905e+01  2.01063544e+01  1.79999969e+02
 2.02612701e+01  4.63856905e+01  2.02612701e+01  1.79999968e+02
 2.04173794e+01  4.63856905e+01  2.04173794e+01  1.79999968e+02
 2.05746916e+01  4.63856905e+01  2.05746916e+01  1.79999968e+02
 2.07332157e+01  4.63856905e+01  2.07332157e+01  1.79999968e+02
 2.08929613e+01  4.63856905e+01  2.08929613e+01  1.79999967e+02
 2.10539377e+01  4.63856905e+01  2.10539377e+01  1.79999967e+02
 2.12161544e+01  4.63856905e+01  2.12161544e+01  1.79999967e+02
 2.13796209e+01  4.63856905e+01  2.13796209e+01  1.79999967e+02
 2.15443469e+01  4.63856905e+01  2.15443469e+01  1.79999966e+02
 2.17103421e+01  4.63856905e+01  2.17103421e+01  1.79999966e+02
 2.18776162e+01  4.63856905e+01  2.18776162e+01  1.79999966e+02
 2.20461792e+01  4.63856905e+01  2.20461792e+01  1.79999966e+02
 2.22160409e+01  4.63856905e+01  2.22160409e+01  1.79999965e+02
 2.23872114e+01  4.63856905e+01  2.23872114e+01  1.79999965e+02
 2.25597007e+01  4.63856905e+01  2.25597007e+01  1.79999965e+02
 2.27335190e+01  4.63856905e+01  2.27335190e+01  1.79999965e+02
 2.29086765e+01  4.63856905e+01  2.29086765e+01  1.79999964e+02
 2.30851836e+01  4.63856905e+01  2.30851836e+01  1.79999964e+02
 2.32630507e+01  4.63856905e+01  2.32630507e+01  1.79999964e+02
 2.34422882e+01  4.63856905e+01  2.34422882e+01  1.79999964e+02
 2.36229066e+01  4.63856905e+01  2.36229066e+01  1.79999963e+02
 2.38049167e+01  4.63856905e+01  2.38049167e+01  1.79999963e+02
 2.39883292e+01  4.63856905e+01  2.39883292e+01  1.79999963e+02
 2.41731548e+01  4.63856905e+01  2.41731548e+01  1.79999962e+02
 2.43594045e+01  4.63856905e+01  2.43594045e+01  1.79999962e+02
 2.45470892e+01  4.63856905e+01  2.45470892e+01  1.79999962e+02
 2.47362199e+01  4.63856905e+01  2.47362199e+01  1.79999961e+02
 2.49268079e+01  4.63856905e+01  2.49268079e+01  1.79999961e+02
 2.51188643e+01  4.63856905e+01  2.51188643e+01  1.79999961e+02
 2.53124005e+01  4.63856905e+01  2.53124005e+01  1.79999961e+02
 2.55074278e+01  4.63856905e+01  2.55074278e+01  1.79999960e+02
 2.57039578e+01  4.63856905e+01  2.57039578e+01  1.79999960e+02
 2.59020020e+01  4.63856905e+01  2.59020020e+01  1.79999960e+02
 2.61015722e+01  4.63856905e+01  2.61015722e+01  1.79999959e+02
 2.63026799e+01  4.63856905e+01  2.63026799e+01  1.79999959e+02
 2.65053372e+01  4.63856905e+01  2.65053372e+01  1.79999959e+02
 2.67095559e+01  4.63856905e+01  2.67095559e+01  1.79999958e+02
 2.69153480e+01  4.63856905e+01  2.69153480e+01  1.79999958e+02
 2.71227258e+01  4.63856905e+01  2.71227258e+01  1.79999958e+02
 2.73317014e+01  4.63856905e+01  2.73317014e+01  1.79999957e+02
 2.75422870e+01  4.63856905e+01  2.75422870e+01  1.79999957e+02
 2.77544952e+01  4.63856905e+01  2.77544952e+01  1.79999957e+02
 2.79683385e+01  4.63856905e+01  2.79683385e+01  1.79999956e+02
 2.81838293e+01  4.63856905e+01  2.81838293e+01  1.79999956e+02
 2.84009805e+01  4.63856905e+01  2.84009805e+01  1.79999956e+02
 2.86198048e+01  4.63856905e+01  2.86198048e+01  1.79999955e+02
 2.88403150e+01  4.63856905e+01  2.88403150e+01  1.79999955e+02
 2.90625243e+01  4.63856905e+01  2.90625243e+01  1.79999955e+02
 2.92864456e+01  4.63856905e+01  2.92864456e+01  1.79999954e+02
 2.95120923e+01  4.63856905e+01  2.95120923e+01  1.79999954e+02
 2.97394775e+01  4.63856905e+01  2.97394775e+01  1.79999954e+02
 2.99686146e+01  4.63856905e+01  2.99686146e+01  1.79999953e+02
 3.01995172e+01  4.63856905e+01  3.01995172e+01  1.79999953e+02
 3.04321989e+01  4.63856905e+01  3.04321989e+01  1.79999953e+02
 3.06666733e+01  4.63856905e+01  3.06666733e+01  1.79999952e+02
 3.09029543e+01  4.63856905e+01  3.09029543e+01  1.79999952e+02
 3.11410558e+01  4.63856905e+01  3.11410558e+01  1.79999952e+02
 3.13809919e+01  4.63856905e+01  3.13809919e+01  1.79999951e+02
 3.16227766e+01  4.63856905e+01  3.16227766e+01  1.79999951e+02
 3.18664242e+01  4.63856905e+01  3.18664242e+01  1.79999950e+02
 3.21119491e+01  4.63856905e+01  3.21119491e+01  1.79999950e+02
 3.23593657e+01  4.63856905e+01  3.23593657e+01  1.79999950e+02
 3.26086886e+01  4.63856905e+01  3.26086886e+01  1.79999949e+02
 3.28599325e+01  4.63856905e+01  3.28599325e+01  1.79999949e+02
 3.31131121e+01  4.63856905e+01  3.31131121e+01  1.79999948e+02
 3.33682425e+01  4.63856905e+01  3.33682425e+01  1.79999948e+02
 3.36253386e+01  4.63856905e+01  3.36253386e+01  1.79999948e+02
 3.38844156e+01  4.63856905e+01  3.38844156e+01  1.79999947e+02
 3.41454887e+01  4.63856905e+01  3.41454887e+01  1.79999947e+02
 3.44085734e+01  4.63856905e+01  3.44085734e+01  1.79999946e+02
 3.46736850e+01  4.63856905e+01  3.46736850e+01  1.79999946e+02
 3.49408393e+01  4.63856905e+01  3.49408393e+01  1.79999946e+02
 3.52100520e+01  4.63856905e+01  3.52100520e+01  1.79999945e+02
 3.54813389e+01  4.63856905e+01  3.54813389e+01  1.79999945e+02
 3.57547160e+01  4.63856905e+01  3.57547160e+01  1.79999944e+02
 3.60301995e+01  4.63856905e+01  3.60301995e+01  1.79999944e+02
 3.63078055e+01  4.63856905e+01  3.63078055e+01  1.79999943e+02
 3.65875504e+01  4.63856905e+01  3.65875504e+01  1.79999943e+02
 3.68694506e+01  4.63856905e+01  3.68694506e+01  1.79999943e+02
 3.71535229e+01  4.63856905e+01  3.71535229e+01  1.79999942e+02
 3.74397839e+01  4.63856905e+01  3.74397839e+01  1.79999942e+02
 3.77282505e+01  4.63856905e+01  3.77282505e+01  1.79999941e+02
 3.80189396e+01  4.63856905e+01  3.80189396e+01  1.79999941e+02
 3.83118685e+01  4.63856905e+01  3.83118685e+01  1.79999940e+02
 3.86070543e+01  4.63856905e+01  3.86070543e+01  1.79999940e+02
 3.89045145e+01  4.63856905e+01  3.89045145e+01  1.79999939e+02
 3.92042666e+01  4.63856905e+01  3.92042666e+01  1.79999939e+02
 3.95063281e+01  4.63856905e+01  3.95063281e+01  1.79999939e+02
 3.98107171e+01  4.63856905e+01  3.98107171e+01  1.79999938e+02
 4.01174512e+01  4.63856905e+01  4.01174512e+01  1.79999938e+02
 4.04265487e+01  4.63856905e+01  4.04265487e+01  1.79999937e+02
 4.07380278e+01  4.63856905e+01  4.07380278e+01  1.79999937e+02
 4.10519067e+01  4.63856905e+01  4.10519067e+01  1.79999936e+02
 4.13682040e+01  4.63856905e+01  4.13682040e+01  1.79999936e+02
 4.16869383e+01  4.63856905e+01  4.16869383e+01  1.79999935e+02
 4.20081285e+01  4.63856905e+01  4.20081285e+01  1.79999935e+02
 4.23317933e+01  4.63856905e+01  4.23317933e+01  1.79999934e+02
 4.26579519e+01  4.63856905e+01  4.26579519e+01  1.79999934e+02
 4.29866235e+01  4.63856905e+01  4.29866235e+01  1.79999933e+02
 4.33178274e+01  4.63856905e+01  4.33178274e+01  1.79999933e+02
 4.36515832e+01  4.63856905e+01  4.36515832e+01  1.79999932e+02
 4.39879106e+01  4.63856905e+01  4.39879106e+01  1.79999932e+02
 4.43268292e+01  4.63856905e+01  4.43268292e+01  1.79999931e+02
 4.46683592e+01  4.63856905e+01  4.46683592e+01  1.79999930e+02
 4.50125206e+01  4.63856905e+01  4.50125206e+01  1.79999930e+02
 4.53593337e+01  4.63856905e+01  4.53593337e+01  1.79999929e+02
 4.57088190e+01  4.63856905e+01  4.57088190e+01  1.79999929e+02
 4.60609969e+01  4.63856905e+01  4.60609969e+01  1.79999928e+02
 4.64158883e+01  4.63856905e+01  4.64158883e+01  1.79999928e+02
 4.67735141e+01  4.63856905e+01  4.67735141e+01  1.79999927e+02
 4.71338954e+01  4.63856905e+01  4.71338954e+01  1.79999927e+02
 4.74970533e+01  4.63856905e+01  4.74970533e+01  1.79999926e+02
 4.78630092e+01  4.63856905e+01  4.78630092e+01  1.79999925e+02
 4.82317848e+01  4.63856905e+01  4.82317848e+01  1.79999925e+02
 4.86034018e+01  4.63856905e+01  4.86034018e+01  1.79999924e+02
 4.89778819e+01  4.63856905e+01  4.89778819e+01  1.79999924e+02
 4.93552474e+01  4.63856905e+01  4.93552474e+01  1.79999923e+02
 4.97355204e+01  4.63856905e+01  4.97355204e+01  1.79999923e+02
 5.01187234e+01  4.63856905e+01  5.01187234e+01  1.79999922e+02
 5.05048788e+01  4.63856905e+01  5.05048788e+01  1.79999921e+02
 5.08940095e+01  4.63856905e+01  5.08940095e+01  1.79999921e+02
 5.12861384e+01  4.63856905e+01  5.12861384e+01  1.79999920e+02
 5.16812886e+01  4.63856905e+01  5.16812886e+01  1.79999920e+02
 5.20794833e+01  4.63856905e+01  5.20794833e+01  1.79999919e+02
 5.24807460e+01  4.63856905e+01  5.24807460e+01  1.79999918e+02
 5.28851004e+01  4.63856905e+01  5.28851004e+01  1.79999918e+02
 5.32925703e+01  4.63856905e+01  5.32925703e+01  1.79999917e+02
 5.37031796e+01  4.63856905e+01  5.37031796e+01  1.79999916e+02
 5.41169527e+01  4.63856905e+01  5.41169527e+01  1.79999916e+02
 5.45339137e+01  4.63856905e+01  5.45339137e+01  1.79999915e+02
 5.49540874e+01  4.63856905e+01  5.49540874e+01  1.79999914e+02
 5.53774984e+01  4.63856905e+01  5.53774984e+01  1.79999914e+02
 5.58041717e+01  4.63856905e+01  5.58041717e+01  1.79999913e+02
 5.62341325e+01  4.63856906e+01  5.62341325e+01  1.79999912e+02
 5.66674061e+01  4.63856906e+01  5.66674061e+01  1.79999912e+02
 5.71040179e+01  4.63856906e+01  5.71040179e+01  1.79999911e+02
 5.75439937e+01  4.63856906e+01  5.75439937e+01  1.79999910e+02
 5.79873595e+01  4.63856906e+01  5.79873595e+01  1.79999910e+02
 5.84341413e+01  4.63856906e+01  5.84341413e+01  1.79999909e+02
 5.88843655e+01  4.63856906e+01  5.88843655e+01  1.79999908e+02
 5.93380586e+01  4.63856906e+01  5.93380586e+01  1.79999908e+02
 5.97952473e+01  4.63856906e+01  5.97952473e+01  1.79999907e+02
 6.02559586e+01  4.63856906e+01  6.02559586e+01  1.79999906e+02
 6.07202196e+01  4.63856906e+01  6.07202196e+01  1.79999905e+02
 6.11880576e+01  4.63856906e+01  6.11880576e+01  1.79999905e+02
 6.16595002e+01  4.63856906e+01  6.16595002e+01  1.79999904e+02
 6.21345752e+01  4.63856906e+01  6.21345752e+01  1.79999903e+02
 6.26133105e+01  4.63856906e+01  6.26133105e+01  1.79999903e+02
 6.30957344e+01  4.63856906e+01  6.30957344e+01  1.79999902e+02
 6.35818754e+01  4.63856906e+01  6.35818754e+01  1.79999901e+02
 6.40717619e+01  4.63856906e+01  6.40717619e+01  1.79999900e+02
 6.45654229e+01  4.63856906e+01  6.45654229e+01  1.79999900e+02
 6.50628875e+01  4.63856906e+01  6.50628875e+01  1.79999899e+02
 6.55641849e+01  4.63856906e+01  6.55641849e+01  1.79999898e+02
 6.60693448e+01  4.63856906e+01  6.60693448e+01  1.79999897e+02
 6.65783968e+01  4.63856906e+01  6.65783968e+01  1.79999896e+02
 6.70913710e+01  4.63856906e+01  6.70913710e+01  1.79999896e+02
 6.76082975e+01  4.63856906e+01  6.76082975e+01  1.79999895e+02
 6.81292069e+01  4.63856906e+01  6.81292069e+01  1.79999894e+02
 6.86541298e+01  4.63856906e+01  6.86541298e+01  1.79999893e+02
 6.91830971e+01  4.63856906e+01  6.91830971e+01  1.79999892e+02
 6.97161400e+01  4.63856906e+01  6.97161400e+01  1.79999891e+02
 7.02532899e+01  4.63856906e+01  7.02532899e+01  1.79999891e+02
 7.07945784e+01  4.63856906e+01  7.07945784e+01  1.79999890e+02
 7.13400375e+01  4.63856906e+01  7.13400375e+01  1.79999889e+02
 7.18896992e+01  4.63856906e+01  7.18896992e+01  1.79999888e+02
 7.24435960e+01  4.63856906e+01  7.24435960e+01  1.79999887e+02
 7.30017605e+01  4.63856906e+01  7.30017605e+01  1.79999886e+02
 7.35642254e+01  4.63856906e+01  7.35642254e+01  1.79999885e+02
 7.41310241e+01  4.63856906e+01  7.41310241e+01  1.79999885e+02
 7.47021899e+01  4.63856906e+01  7.47021899e+01  1.79999884e+02
 7.52777564e+01  4.63856906e+01  7.52777564e+01  1.79999883e+02
 7.58577575e+01  4.63856906e+01  7.58577575e+01  1.79999882e+02
 7.64422274e+01  4.63856906e+01  7.64422274e+01  1.79999881e+02
 7.70312006e+01  4.63856906e+01  7.70312006e+01  1.79999880e+02
 7.76247117e+01  4.63856906e+01  7.76247117e+01  1.79999879e+02
 7.82227956e+01  4.63856906e+01  7.82227956e+01  1.79999878e+02
 7.88254877e+01  4.63856906e+01  7.88254877e+01  1.79999877e+02
 7.94328235e+01  4.63856906e+01  7.94328235e+01  1.79999876e+02
 8.00448386e+01  4.63856906e+01  8.00448386e+01  1.79999875e+02
 8.06615692e+01  4.63856906e+01  8.06615692e+01  1.79999874e+02
 8.12830516e+01  4.63856906e+01  8.12830516e+01  1.79999873e+02
 8.19093224e+01  4.63856906e+01  8.19093224e+01  1.79999873e+02
 8.25404185e+01  4.63856906e+01  8.25404185e+01  1.79999872e+02
 8.31763771e+01  4.63856906e+01  8.31763771e+01  1.79999871e+02
 8.38172356e+01  4.63856906e+01  8.38172356e+01  1.79999870e+02
 8.44630319e+01  4.63856906e+01  8.44630319e+01  1.79999869e+02
 8.51138038e+01  4.63856906e+01  8.51138038e+01  1.79999868e+02
 8.57695899e+01  4.63856906e+01  8.57695899e+01  1.79999866e+02
 8.64304286e+01  4.63856906e+01  8.64304286e+01  1.79999865e+02
 8.70963590e+01  4.63856906e+01  8.70963590e+01  1.79999864e+02
 8.77674203e+01  4.63856906e+01  8.77674203e+01  1.79999863e+02
 8.84436519e+01  4.63856906e+01  8.84436519e+01  1.79999862e+02
 8.91250938e+01  4.63856906e+01  8.91250938e+01  1.79999861e+02
 8.98117861e+01  4.63856906e+01  8.98117861e+01  1.79999860e+02
 9.05037692e+01  4.63856906e+01  9.05037692e+01  1.79999859e+02
 9.12010839e+01  4.63856906e+01  9.12010839e+01  1.79999858e+02
 9.19037713e+01  4.63856906e+01  9.19037713e+01  1.79999857e+02
 9.26118728e+01  4.63856906e+01  9.26118728e+01  1.79999856e+02
 9.33254301e+01  4.63856906e+01  9.33254301e+01  1.79999855e+02
 9.40444852e+01  4.63856906e+01  9.40444852e+01  1.79999854e+02
 9.47690805e+01  4.63856906e+01  9.47690805e+01  1.79999852e+02
 9.54992586e+01  4.63856906e+01  9.54992586e+01  1.79999851e+02
 9.62350626e+01  4.63856906e+01  9.62350626e+01  1.79999850e+02
 9.69765359e+01  4.63856906e+01  9.69765359e+01  1.79999849e+02
 9.77237221e+01  4.63856906e+01  9.77237221e+01  1.79999848e+02
 9.84766652e+01  4.63856906e+01  9.84766652e+01  1.79999847e+02
 9.92354096e+01  4.63856906e+01  9.92354096e+01  1.79999846e+02
 1.00000000e+02  4.63856906e+01  1.00000000e+02  1.79999844e+02
 1.00770481e+02  4.63856906e+01  1.00770481e+02  1.79999843e+02
 1.01546899e+02  4.63856906e+01  1.01546899e+02  1.79999842e+02
 1.02329299e+02  4.63856906e+01  1.02329299e+02  1.79999841e+02
 1.03117727e+02  4.63856906e+01  1.03117727e+02  1.79999839e+02
 1.03912230e+02  4.63856906e+01  1.03912230e+02  1.79999838e+02
 1.04712855e+02  4.63856906e+01  1.04712855e+02  1.79999837e+02
 1.05519648e+02  4.63856906e+01  1.05519648e+02  1.79999836e+02
 1.06332657e+02  4.63856906e+01  1.06332657e+02  1.79999834e+02
 1.07151931e+02  4.63856906e+01  1.07151931e+02  1.79999833e+02
 1.07977516e+02  4.63856906e+01  1.07977516e+02  1.79999832e+02
 1.08809463e+02  4.63856906e+01  1.08809463e+02  1.79999831e+02
 1.09647820e+02  4.63856906e+01  1.09647820e+02  1.79999829e+02
 1.10492636e+02  4.63856906e+01  1.10492636e+02  1.79999828e+02
 1.11343961e+02  4.63856906e+01  1.11343961e+02  1.79999827e+02
 1.12201845e+02  4.63856906e+01  1.12201845e+02  1.79999825e+02
 1.13066340e+02  4.63856906e+01  1.13066340e+02  1.79999824e+02
 1.13937495e+02  4.63856906e+01  1.13937495e+02  1.79999823e+02
 1.14815362e+02  4.63856906e+01  1.14815362e+02  1.79999821e+02
 1.15699993e+02  4.63856906e+01  1.15699993e+02  1.79999820e+02
 1.16591440e+02  4.63856906e+01  1.16591440e+02  1.79999819e+02
 1.17489755e+02  4.63856906e+01  1.17489755e+02  1.79999817e+02
 1.18394992e+02  4.63856906e+01  1.18394992e+02  1.79999816e+02
 1.19307204e+02  4.63856906e+01  1.19307204e+02  1.79999814e+02
 1.20226443e+02  4.63856906e+01  1.20226443e+02  1.79999813e+02
 1.21152766e+02  4.63856906e+01  1.21152766e+02  1.79999811e+02
 1.22086225e+02  4.63856906e+01  1.22086225e+02  1.79999810e+02
 1.23026877e+02  4.63856906e+01  1.23026877e+02  1.79999809e+02
 1.23974776e+02  4.63856906e+01  1.23974776e+02  1.79999807e+02
 1.24929979e+02  4.63856906e+01  1.24929979e+02  1.79999806e+02
 1.25892541e+02  4.63856906e+01  1.25892541e+02  1.79999804e+02
 1.26862520e+02  4.63856906e+01  1.26862520e+02  1.79999803e+02
 1.27839972e+02  4.63856906e+01  1.27839972e+02  1.79999801e+02
 1.28824955e+02  4.63856906e+01  1.28824955e+02  1.79999799e+02
 1.29817528e+02  4.63856906e+01  1.29817528e+02  1.79999798e+02
 1.30817747e+02  4.63856906e+01  1.30817747e+02  1.79999796e+02
 1.31825674e+02  4.63856906e+01  1.31825674e+02  1.79999795e+02
 1.32841366e+02  4.63856906e+01  1.32841366e+02  1.79999793e+02
 1.33864884e+02  4.63856906e+01  1.33864884e+02  1.79999792e+02
 1.34896288e+02  4.63856906e+01  1.34896288e+02  1.79999790e+02
 1.35935639e+02  4.63856906e+01  1.35935639e+02  1.79999788e+02
 1.36982998e+02  4.63856906e+01  1.36982998e+02  1.79999787e+02
 1.38038426e+02  4.63856906e+01  1.38038426e+02  1.79999785e+02
 1.39101987e+02  4.63856906e+01  1.39101987e+02  1.79999783e+02
 1.40173742e+02  4.63856906e+01  1.40173742e+02  1.79999782e+02
 1.41253754e+02  4.63856906e+01  1.41253754e+02  1.79999780e+02
 1.42342088e+02  4.63856906e+01  1.42342088e+02  1.79999778e+02
 1.43438808e+02  4.63856906e+01  1.43438808e+02  1.79999777e+02
 1.44543977e+02  4.63856906e+01  1.44543977e+02  1.79999775e+02
 1.45657662e+02  4.63856906e+01  1.45657662e+02  1.79999773e+02
 1.46779927e+02  4.63856906e+01  1.46779927e+02  1.79999772e+02
 1.47910839e+02  4.63856906e+01  1.47910839e+02  1.79999770e+02
 1.49050464e+02  4.63856906e+01  1.49050464e+02  1.79999768e+02
 1.50198870e+02  4.63856906e+01  1.50198870e+02  1.79999766e+02
 1.51356125e+02  4.63856906e+01  1.51356125e+02  1.79999764e+02
 1.52522296e+02  4.63856906e+01  1.52522296e+02  1.79999763e+02
 1.53697452e+02  4.63856906e+01  1.53697452e+02  1.79999761e+02
 1.54881662e+02  4.63856906e+01  1.54881662e+02  1.79999759e+02
 1.56074996e+02  4.63856906e+01  1.56074996e+02  1.79999757e+02
 1.57277525e+02  4.63856906e+01  1.57277525e+02  1.79999755e+02
 1.58489319e+02  4.63856906e+01  1.58489319e+02  1.79999753e+02
 1.59710450e+02  4.63856906e+01  1.59710450e+02  1.79999751e+02
 1.60940989e+02  4.63856906e+01  1.60940989e+02  1.79999749e+02
 1.62181010e+02  4.63856906e+01  1.62181010e+02  1.79999748e+02
 1.63430584e+02  4.63856906e+01  1.63430584e+02  1.79999746e+02
 1.64689787e+02  4.63856906e+01  1.64689787e+02  1.79999744e+02
 1.65958691e+02  4.63856906e+01  1.65958691e+02  1.79999742e+02
 1.67237372e+02  4.63856906e+01  1.67237372e+02  1.79999740e+02
 1.68525904e+02  4.63856906e+01  1.68525904e+02  1.79999738e+02
 1.69824365e+02  4.63856906e+01  1.69824365e+02  1.79999736e+02
 1.71132830e+02  4.63856906e+01  1.71132830e+02  1.79999734e+02
 1.72451377e+02  4.63856906e+01  1.72451377e+02  1.79999732e+02
 1.73780083e+02  4.63856906e+01  1.73780083e+02  1.79999730e+02
 1.75119026e+02  4.63856906e+01  1.75119026e+02  1.79999727e+02
 1.76468286e+02  4.63856906e+01  1.76468286e+02  1.79999725e+02
 1.77827941e+02  4.63856906e+01  1.77827941e+02  1.79999723e+02
 1.79198072e+02  4.63856906e+01  1.79198072e+02  1.79999721e+02
 1.80578760e+02  4.63856906e+01  1.80578760e+02  1.79999719e+02
 1.81970086e+02  4.63856906e+01  1.81970086e+02  1.79999717e+02
 1.83372132e+02  4.63856906e+01  1.83372132e+02  1.79999715e+02
 1.84784980e+02  4.63856906e+01  1.84784980e+02  1.79999712e+02
 1.86208714e+02  4.63856906e+01  1.86208714e+02  1.79999710e+02
 1.87643417e+02  4.63856906e+01  1.87643417e+02  1.79999708e+02
 1.89089175e+02  4.63856906e+01  1.89089175e+02  1.79999706e+02
 1.90546072e+02  4.63856906e+01  1.90546072e+02  1.79999703e+02
 1.92014194e+02  4.63856906e+01  1.92014194e+02  1.79999701e+02
 1.93493628e+02  4.63856906e+01  1.93493628e+02  1.79999699e+02
 1.94984460e+02  4.63856906e+01  1.94984460e+02  1.79999697e+02
 1.96486779e+02  4.63856906e+01  1.96486779e+02  1.79999694e+02
 1.98000673e+02  4.63856906e+01  1.98000673e+02  1.79999692e+02
 1.99526231e+02  4.63856906e+01  1.99526231e+02  1.79999689e+02
 2.01063544e+02  4.63856906e+01  2.01063544e+02  1.79999687e+02
 2.02612701e+02  4.63856906e+01  2.02612701e+02  1.79999685e+02
 2.04173794e+02  4.63856906e+01  2.04173794e+02  1.79999682e+02
 2.05746916e+02  4.63856906e+01  2.05746916e+02  1.79999680e+02
 2.07332157e+02  4.63856906e+01  2.07332157e+02  1.79999677e+02
 2.08929613e+02  4.63856906e+01  2.08929613e+02  1.79999675e+02
 2.10539377e+02  4.63856906e+01  2.10539377e+02  1.79999672e+02
 2.12161544e+02  4.63856906e+01  2.12161544e+02  1.79999670e+02
 2.13796209e+02  4.63856906e+01  2.13796209e+02  1.79999667e+02
 2.15443469e+02  4.63856906e+01  2.15443469e+02  1.79999665e+02
 2.17103421e+02  4.63856906e+01  2.17103421e+02  1.79999662e+02
 2.18776162e+02  4.63856906e+01  2.18776162e+02  1.79999659e+02
 2.20461792e+02  4.63856906e+01  2.20461792e+02  1.79999657e+02
 2.22160409e+02  4.63856906e+01  2.22160409e+02  1.79999654e+02
 2.23872114e+02  4.63856906e+01  2.23872114e+02  1.79999652e+02
 2.25597007e+02  4.63856906e+01  2.25597007e+02  1.79999649e+02
 2.27335190e+02  4.63856906e+01  2.27335190e+02  1.79999646e+02
 2.29086765e+02  4.63856906e+01  2.29086765e+02  1.79999643e+02
 2.30851836e+02  4.63856906e+01  2.30851836e+02  1.79999641e+02
 2.32630507e+02  4.63856906e+01  2.32630507e+02  1.79999638e+02
 2.34422882e+02  4.63856906e+01  2.34422882e+02  1.79999635e+02
 2.36229066e+02  4.63856906e+01  2.36229066e+02  1.79999632e+02
 2.38049167e+02  4.63856906e+01  2.38049167e+02  1.79999629e+02
 2.39883292e+02  4.63856906e+01  2.39883292e+02  1.79999627e+02
 2.41731548e+02  4.63856906e+01  2.41731548e+02  1.79999624e+02
 2.43594045e+02  4.63856906e+01  2.43594045e+02  1.79999621e+02
 2.45470892e+02  4.63856906e+01  2.45470892e+02  1.79999618e+02
 2.47362199e+02  4.63856906e+01  2.47362199e+02  1.79999615e+02
 2.49268079e+02  4.63856906e+01  2.49268079e+02  1.79999612e+02
 2.51188643e+02  4.63856906e+01  2.51188643e+02  1.79999609e+02
 2.53124005e+02  4.63856906e+01  2.53124005e+02  1.79999606e+02
 2.55074278e+02  4.63856906e+01  2.55074278e+02  1.79999603e+02
 2.57039578e+02  4.63856906e+01  2.57039578e+02  1.79999600e+02
 2.59020020e+02  4.63856906e+01  2.59020020e+02  1.79999597e+02
 2.61015722e+02  4.63856906e+01  2.61015722e+02  1.79999594e+02
 2.63026799e+02  4.63856906e+01  2.63026799e+02  1.79999591e+02
 2.65053372e+02  4.63856906e+01  2.65053372e+02  1.79999587e+02
 2.67095559e+02  4.63856906e+01  2.67095559e+02  1.79999584e+02
 2.69153480e+02  4.63856906e+01  2.69153480e+02  1.79999581e+02
 2.71227258e+02  4.63856906e+01  2.71227258e+02  1.79999578e+02
 2.73317014e+02  4.63856906e+01  2.73317014e+02  1.79999575e+02
 2.75422870e+02  4.63856906e+01  2.75422870e+02  1.79999571e+02
 2.77544952e+02  4.63856906e+01  2.77544952e+02  1.79999568e+02
 2.79683385e+02  4.63856906e+01  2.79683385e+02  1.79999565e+02
 2.81838293e+02  4.63856906e+01  2.81838293e+02  1.79999561e+02
 2.84009805e+02  4.63856906e+01  2.84009805e+02  1.79999558e+02
 2.86198048e+02  4.63856906e+01  2.86198048e+02  1.79999555e+02
 2.88403150e+02  4.63856906e+01  2.88403150e+02  1.79999551e+02
 2.90625243e+02  4.63856906e+01  2.90625243e+02  1.79999548e+02
 2.92864456e+02  4.63856906e+01  2.92864456e+02  1.79999544e+02
 2.95120923e+02  4.63856906e+01  2.95120923e+02  1.79999541e+02
 2.97394775e+02  4.63856906e+01  2.97394775e+02  1.79999537e+02
 2.99686146e+02  4.63856906e+01  2.99686146e+02  1.79999534e+02
 3.01995172e+02  4.63856906e+01  3.01995172e+02  1.79999530e+02
 3.04321989e+02  4.63856906e+01  3.04321989e+02  1.79999526e+02
 3.06666733e+02  4.63856906e+01  3.06666733e+02  1.79999523e+02
 3.09029543e+02  4.63856906e+01  3.09029543e+02  1.79999519e+02
 3.11410558e+02  4.63856906e+01  3.11410558e+02  1.79999515e+02
 3.13809919e+02  4.63856906e+01  3.13809919e+02  1.79999512e+02
 3.16227766e+02  4.63856906e+01  3.16227766e+02  1.79999508e+02
 3.18664242e+02  4.63856906e+01  3.18664242e+02  1.79999504e+02
 3.21119491e+02  4.63856906e+01  3.21119491e+02  1.79999500e+02
 3.23593657e+02  4.63856906e+01  3.23593657e+02  1.79999496e+02
 3.26086886e+02  4.63856906e+01  3.26086886e+02  1.79999492e+02
 3.28599325e+02  4.63856906e+01  3.28599325e+02  1.79999489e+02
 3.31131121e+02  4.63856906e+01  3.31131121e+02  1.79999485e+02
 3.33682425e+02  4.63856906e+01  3.33682425e+02  1.79999481e+02
 3.36253386e+02  4.63856906e+01  3.36253386e+02  1.79999477e+02
 3.38844156e+02  4.63856906e+01  3.38844156e+02  1.79999473e+02
 3.41454887e+02  4.63856906e+01  3.41454887e+02  1.79999469e+02
 3.44085734e+02  4.63856906e+01  3.44085734e+02  1.79999464e+02
 3.46736850e+02  4.63856906e+01  3.46736850e+02  1.79999460e+02
 3.49408393e+02  4.63856906e+01  3.49408393e+02  1.79999456e+02
 3.52100520e+02  4.63856906e+01  3.52100520e+02  1.79999452e+02
 3.54813389e+02  4.63856906e+01  3.54813389e+02  1.79999448e+02
 3.57547160e+02  4.63856906e+01  3.57547160e+02  1.79999443e+02
 3.60301995e+02  4.63856906e+01  3.60301995e+02  1.79999439e+02
 3.63078055e+02  4.63856907e+01  3.63078055e+02  1.79999435e+02
 3.65875504e+02  4.63856907e+01  3.65875504e+02  1.79999431e+02
 3.68694506e+02  4.63856907e+01  3.68694506e+02  1.79999426e+02
 3.71535229e+02  4.63856907e+01  3.71535229e+02  1.79999422e+02
 3.74397839e+02  4.63856907e+01  3.74397839e+02  1.79999417e+02
 3.77282505e+02  4.63856907e+01  3.77282505e+02  1.79999413e+02
 3.80189396e+02  4.63856907e+01  3.80189396e+02  1.79999408e+02
 3.83118685e+02  4.63856907e+01  3.83118685e+02  1.79999404e+02
 3.86070543e+02  4.63856907e+01  3.86070543e+02  1.79999399e+02
 3.89045145e+02  4.63856907e+01  3.89045145e+02  1.79999394e+02
 3.92042666e+02  4.63856907e+01  3.92042666e+02  1.79999390e+02
 3.95063281e+02  4.63856907e+01  3.95063281e+02  1.79999385e+02
 3.98107171e+02  4.63856907e+01  3.98107171e+02  1.79999380e+02
 4.01174512e+02  4.63856907e+01  4.01174512e+02  1.79999376e+02
 4.04265487e+02  4.63856907e+01  4.04265487e+02  1.79999371e+02
 4.07380278e+02  4.63856907e+01  4.07380278e+02  1.79999366e+02
 4.10519067e+02  4.63856907e+01  4.10519067e+02  1.79999361e+02
 4.13682040e+02  4.63856907e+01  4.13682040e+02  1.79999356e+02
 4.16869383e+02  4.63856907e+01  4.16869383e+02  1.79999351e+02
 4.20081285e+02  4.63856907e+01  4.20081285e+02  1.79999346e+02
 4.23317933e+02  4.63856907e+01  4.23317933e+02  1.79999341e+02
 4.26579519e+02  4.63856907e+01  4.26579519e+02  1.79999336e+02
 4.29866235e+02  4.63856907e+01  4.29866235e+02  1.79999331e+02
 4.33178274e+02  4.63856907e+01  4.33178274e+02  1.79999326e+02
 4.36515832e+02  4.63856907e+01  4.36515832e+02  1.79999321e+02
 4.39879106e+02  4.63856907e+01  4.39879106e+02  1.79999315e+02
 4.43268292e+02  4.63856907e+01  4.43268292e+02  1.79999310e+02
 4.46683592e+02  4.63856907e+01  4.46683592e+02  1.79999305e+02
 4.50125206e+02  4.63856907e+01  4.50125206e+02  1.79999299e+02
 4.53593337e+02  4.63856907e+01  4.53593337e+02  1.79999294e+02
 4.57088190e+02  4.63856907e+01  4.57088190e+02  1.79999289e+02
 4.60609969e+02  4.63856907e+01  4.60609969e+02  1.79999283e+02
 4.64158883e+02  4.63856907e+01  4.64158883e+02  1.79999278e+02
 4.67735141e+02  4.63856907e+01  4.67735141e+02  1.79999272e+02
 4.71338954e+02  4.63856907e+01  4.71338954e+02  1.79999266e+02
 4.74970533e+02  4.63856907e+01  4.74970533e+02  1.79999261e+02
 4.78630092e+02  4.63856907e+01  4.78630092e+02  1.79999255e+02
 4.82317848e+02  4.63856907e+01  4.82317848e+02  1.79999249e+02
 4.86034018e+02  4.63856907e+01  4.86034018e+02  1.79999243e+02
 4.89778819e+02  4.63856907e+01  4.89778819e+02  1.79999238e+02
 4.93552474e+02  4.63856907e+01  4.93552474e+02  1.79999232e+02
 4.97355204e+02  4.63856907e+01  4.97355204e+02  1.79999226e+02
 5.01187234e+02  4.63856907e+01  5.01187234e+02  1.79999220e+02
 5.05048788e+02  4.63856907e+01  5.05048788e+02  1.79999214e+02
 5.08940095e+02  4.63856907e+01  5.08940095e+02  1.79999208e+02
 5.12861384e+02  4.63856908e+01  5.12861384e+02  1.79999202e+02
 5.16812886e+02  4.63856908e+01  5.16812886e+02  1.79999196e+02
 5.20794833e+02  4.63856908e+01  5.20794833e+02  1.79999189e+02
 5.24807460e+02  4.63856908e+01  5.24807460e+02  1.79999183e+02
 5.28851004e+02  4.63856908e+01  5.28851004e+02  1.79999177e+02
 5.32925703e+02  4.63856908e+01  5.32925703e+02  1.79999170e+02
 5.37031796e+02  4.63856908e+01  5.37031796e+02  1.79999164e+02
 5.41169527e+02  4.63856908e+01  5.41169527e+02  1.79999158e+02
 5.45339137e+02  4.63856908e+01  5.45339137e+02  1.79999151e+02
 5.49540874e+02  4.63856908e+01  5.49540874e+02  1.79999145e+02
 5.53774984e+02  4.63856908e+01  5.53774984e+02  1.79999138e+02
 5.58041717e+02  4.63856908e+01  5.58041717e+02  1.79999131e+02
 5.62341325e+02  4.63856908e+01  5.62341325e+02  1.79999125e+02
 5.66674061e+02  4.63856908e+01  5.66674061e+02  1.79999118e+02
 5.71040179e+02  4.63856908e+01  5.71040179e+02  1.79999111e+02
 5.75439937e+02  4.63856908e+01  5.75439937e+02  1.79999104e+02
 5.79873595e+02  4.63856908e+01  5.79873595e+02  1.79999097e+02
 5.84341413e+02  4.63856908e+01  5.84341413e+02  1.79999090e+02
 5.88843655e+02  4.63856908e+01  5.88843655e+02  1.79999083e+02
 5.93380586e+02  4.63856908e+01  5.93380586e+02  1.79999076e+02
 5.97952473e+02  4.63856908e+01  5.97952473e+02  1.79999069e+02
 6.02559586e+02  4.63856908e+01  6.02559586e+02  1.79999062e+02
 6.07202196e+02  4.63856908e+01  6.07202196e+02  1.79999055e+02
 6.11880576e+02  4.63856908e+01  6.11880576e+02  1.79999048e+02
 6.16595002e+02  4.63856908e+01  6.16595002e+02  1.79999040e+02
 6.21345752e+02  4.63856908e+01  6.21345752e+02  1.79999033e+02
 6.26133105e+02  4.63856909e+01  6.26133105e+02  1.79999025e+02
 6.30957344e+02  4.63856909e+01  6.30957344e+02  1.79999018e+02
 6.35818754e+02  4.63856909e+01  6.35818754e+02  1.79999010e+02
 6.40717619e+02  4.63856909e+01  6.40717619e+02  1.79999003e+02
 6.45654229e+02  4.63856909e+01  6.45654229e+02  1.79998995e+02
 6.50628875e+02  4.63856909e+01  6.50628875e+02  1.79998987e+02
 6.55641849e+02  4.63856909e+01  6.55641849e+02  1.79998979e+02
 6.60693448e+02  4.63856909e+01  6.60693448e+02  1.79998972e+02
 6.65783968e+02  4.63856909e+01  6.65783968e+02  1.79998964e+02
 6.70913710e+02  4.63856909e+01  6.70913710e+02  1.79998956e+02
 6.76082975e+02  4.63856909e+01  6.76082975e+02  1.79998948e+02
 6.81292069e+02  4.63856909e+01  6.81292069e+02  1.79998940e+02
 6.86541298e+02  4.63856909e+01  6.86541298e+02  1.79998931e+02
 6.91830971e+02  4.63856909e+01  6.91830971e+02  1.79998923e+02
 6.97161400e+02  4.63856909e+01  6.97161400e+02  1.79998915e+02
 7.02532899e+02  4.63856909e+01  7.02532899e+02  1.79998906e+02
 7.07945784e+02  4.63856909e+01  7.07945784e+02  1.79998898e+02
 7.13400375e+02  4.63856909e+01  7.13400375e+02  1.79998890e+02
 7.18896992e+02  4.63856909e+01  7.18896992e+02  1.79998881e+02
 7.24435960e+02  4.63856910e+01  7.24435960e+02  1.79998872e+02
 7.30017605e+02  4.63856910e+01  7.30017605e+02  1.79998864e+02
 7.35642254e+02  4.63856910e+01  7.35642254e+02  1.79998855e+02
 7.41310241e+02  4.63856910e+01  7.41310241e+02  1.79998846e+02
 7.47021899e+02  4.63856910e+01  7.47021899e+02  1.79998837e+02
 7.52777564e+02  4.63856910e+01  7.52777564e+02  1.79998828e+02
 7.58577575e+02  4.63856910e+01  7.58577575e+02  1.79998819e+02
 7.64422274e+02  4.63856910e+01  7.64422274e+02  1.79998810e+02
 7.70312006e+02  4.63856910e+01  7.70312006e+02  1.79998801e+02
 7.76247117e+02  4.63856910e+01  7.76247117e+02  1.79998792e+02
 7.82227956e+02  4.63856910e+01  7.82227956e+02  1.79998782e+02
 7.88254877e+02  4.63856910e+01  7.88254877e+02  1.79998773e+02
 7.94328235e+02  4.63856910e+01  7.94328235e+02  1.79998764e+02
 8.00448386e+02  4.63856910e+01  8.00448386e+02  1.79998754e+02
 8.06615692e+02  4.63856911e+01  8.06615692e+02  1.79998744e+02
 8.12830516e+02  4.63856911e+01  8.12830516e+02  1.79998735e+02
 8.19093224e+02  4.63856911e+01  8.19093224e+02  1.79998725e+02
 8.25404185e+02  4.63856911e+01  8.25404185e+02  1.79998715e+02
 8.31763771e+02  4.63856911e+01  8.31763771e+02  1.79998705e+02
 8.38172356e+02  4.63856911e+01  8.38172356e+02  1.79998695e+02
 8.44630319e+02  4.63856911e+01  8.44630319e+02  1.79998685e+02
 8.51138038e+02  4.63856911e+01  8.51138038e+02  1.79998675e+02
 8.57695899e+02  4.63856911e+01  8.57695899e+02  1.79998665e+02
 8.64304286e+02  4.63856911e+01  8.64304286e+02  1.79998655e+02
 8.70963590e+02  4.63856911e+01  8.70963590e+02  1.79998644e+02
 8.77674203e+02  4.63856911e+01  8.77674203e+02  1.79998634e+02
 8.84436519e+02  4.63856912e+01  8.84436519e+02  1.79998623e+02
 8.91250938e+02  4.63856912e+01  8.91250938e+02  1.79998613e+02
 8.98117861e+02  4.63856912e+01  8.98117861e+02  1.79998602e+02
 9.05037692e+02  4.63856912e+01  9.05037692e+02  1.79998591e+02
 9.12010839e+02  4.63856912e+01  9.12010839e+02  1.79998580e+02
 9.19037713e+02  4.63856912e+01  9.19037713e+02  1.79998569e+02
 9.26118728e+02  4.63856912e+01  9.26118728e+02  1.79998558e+02
 9.33254301e+02  4.63856912e+01  9.33254301e+02  1.79998547e+02
 9.40444852e+02  4.63856912e+01  9.40444852e+02  1.79998536e+02
 9.47690805e+02  4.63856912e+01  9.47690805e+02  1.79998525e+02
 9.54992586e+02  4.63856913e+01  9.54992586e+02  1.79998514e+02
 9.62350626e+02  4.63856913e+01  9.62350626e+02  1.79998502e+02
 9.69765359e+02  4.63856913e+01  9.69765359e+02  1.79998491e+02
 9.77237221e+02  4.63856913e+01  9.77237221e+02  1.79998479e+02
 9.84766652e+02  4.63856913e+01  9.84766652e+02  1.79998467e+02
 9.92354096e+02  4.63856913e+01  9.92354096e+02  1.79998455e+02
 1.00000000e+03  4.63856913e+01  1.00000000e+03  1.79998443e+02
 1.00770481e+03  4.63856913e+01  1.00770481e+03  1.79998431e+02
 1.01546899e+03  4.63856913e+01  1.01546899e+03  1.79998419e+02
 1.02329299e+03  4.63856914e+01  1.02329299e+03  1.79998407e+02
 1.03117727e+03  4.63856914e+01  1.03117727e+03  1.79998395e+02
 1.03912230e+03  4.63856914e+01  1.03912230e+03  1.79998383e+02
 1.04712855e+03  4.63856914e+01  1.04712855e+03  1.79998370e+02
 1.05519648e+03  4.63856914e+01  1.05519648e+03  1.79998358e+02
 1.06332657e+03  4.63856914e+01  1.06332657e+03  1.79998345e+02
 1.07151931e+03  4.63856914e+01  1.07151931e+03  1.79998332e+02
 1.07977516e+03  4.63856915e+01  1.07977516e+03  1.79998319e+02
 1.08809463e+03  4.63856915e+01  1.08809463e+03  1.79998306e+02
 1.09647820e+03  4.63856915e+01  1.09647820e+03  1.79998293e+02
 1.10492636e+03  4.63856915e+01  1.10492636e+03  1.79998280e+02
 1.11343961e+03  4.63856915e+01  1.11343961e+03  1.79998267e+02
 1.12201845e+03  4.63856915e+01  1.12201845e+03  1.79998254e+02
 1.13066340e+03  4.63856915e+01  1.13066340e+03  1.79998240e+02
 1.13937495e+03  4.63856916e+01  1.13937495e+03  1.79998227e+02
 1.14815362e+03  4.63856916e+01  1.14815362e+03  1.79998213e+02
 1.15699993e+03  4.63856916e+01  1.15699993e+03  1.79998199e+02
 1.16591440e+03  4.63856916e+01  1.16591440e+03  1.79998185e+02
 1.17489755e+03  4.63856916e+01  1.17489755e+03  1.79998171e+02
 1.18394992e+03  4.63856916e+01  1.18394992e+03  1.79998157e+02
 1.19307204e+03  4.63856917e+01  1.19307204e+03  1.79998143e+02
 1.20226443e+03  4.63856917e+01  1.20226443e+03  1.79998129e+02
 1.21152766e+03  4.63856917e+01  1.21152766e+03  1.79998114e+02
 1.22086225e+03  4.63856917e+01  1.22086225e+03  1.79998100e+02
 1.23026877e+03  4.63856917e+01  1.23026877e+03  1.79998085e+02
 1.23974776e+03  4.63856917e+01  1.23974776e+03  1.79998070e+02
 1.24929979e+03  4.63856918e+01  1.24929979e+03  1.79998055e+02
 1.25892541e+03  4.63856918e+01  1.25892541e+03  1.79998040e+02
 1.26862520e+03  4.63856918e+01  1.26862520e+03  1.79998025e+02
 1.27839972e+03  4.63856918e+01  1.27839972e+03  1.79998010e+02
 1.28824955e+03  4.63856918e+01  1.28824955e+03  1.79997995e+02
 1.29817528e+03  4.63856919e+01  1.29817528e+03  1.79997979e+02
 1.30817747e+03  4.63856919e+01  1.30817747e+03  1.79997964e+02
 1.31825674e+03  4.63856919e+01  1.31825674e+03  1.79997948e+02
 1.32841366e+03  4.63856919e+01  1.32841366e+03  1.79997932e+02
 1.33864884e+03  4.63856919e+01  1.33864884e+03  1.79997916e+02
 1.34896288e+03  4.63856920e+01  1.34896288e+03  1.79997900e+02
 1.35935639e+03  4.63856920e+01  1.35935639e+03  1.79997884e+02
 1.36982998e+03  4.63856920e+01  1.36982998e+03  1.79997868e+02
 1.38038426e+03  4.63856920e+01  1.38038426e+03  1.79997851e+02
 1.39101987e+03  4.63856921e+01  1.39101987e+03  1.79997835e+02
 1.40173742e+03  4.63856921e+01  1.40173742e+03  1.79997818e+02
 1.41253754e+03  4.63856921e+01  1.41253754e+03  1.79997801e+02
 1.42342088e+03  4.63856921e+01  1.42342088e+03  1.79997784e+02
 1.43438808e+03  4.63856921e+01  1.43438808e+03  1.79997767e+02
 1.44543977e+03  4.63856922e+01  1.44543977e+03  1.79997750e+02
 1.45657662e+03  4.63856922e+01  1.45657662e+03  1.79997733e+02
 1.46779927e+03  4.63856922e+01  1.46779927e+03  1.79997715e+02
 1.47910839e+03  4.63856922e+01  1.47910839e+03  1.79997698e+02
 1.49050464e+03  4.63856923e+01  1.49050464e+03  1.79997680e+02
 1.50198870e+03  4.63856923e+01  1.50198870e+03  1.79997662e+02
 1.51356125e+03  4.63856923e+01  1.51356125e+03  1.79997644e+02
 1.52522296e+03  4.63856924e+01  1.52522296e+03  1.79997626e+02
 1.53697452e+03  4.63856924e+01  1.53697452e+03  1.79997608e+02
 1.54881662e+03  4.63856924e+01  1.54881662e+03  1.79997589e+02
 1.56074996e+03  4.63856924e+01  1.56074996e+03  1.79997571e+02
 1.57277525e+03  4.63856925e+01  1.57277525e+03  1.79997552e+02
 1.58489319e+03  4.63856925e+01  1.58489319e+03  1.79997533e+02
 1.59710450e+03  4.63856925e+01  1.59710450e+03  1.79997514e+02
 1.60940989e+03  4.63856926e+01  1.60940989e+03  1.79997495e+02
 1.62181010e+03  4.63856926e+01  1.62181010e+03  1.79997476e+02
 1.63430584e+03  4.63856926e+01  1.63430584e+03  1.79997456e+02
 1.64689787e+03  4.63856927e+01  1.64689787e+03  1.79997437e+02
 1.65958691e+03  4.63856927e+01  1.65958691e+03  1.79997417e+02
 1.67237372e+03  4.63856927e+01  1.67237372e+03  1.79997397e+02
 1.68525904e+03  4.63856928e+01  1.68525904e+03  1.79997377e+02
 1.69824365e+03  4.63856928e+01  1.69824365e+03  1.79997357e+02
 1.71132830e+03  4.63856928e+01  1.71132830e+03  1.79997336e+02
 1.72451377e+03  4.63856929e+01  1.72451377e+03  1.79997316e+02
 1.73780083e+03  4.63856929e+01  1.73780083e+03  1.79997295e+02
 1.75119026e+03  4.63856929e+01  1.75119026e+03  1.79997274e+02
 1.76468286e+03  4.63856930e+01  1.76468286e+03  1.79997253e+02
 1.77827941e+03  4.63856930e+01  1.77827941e+03  1.79997232e+02
 1.79198072e+03  4.63856930e+01  1.79198072e+03  1.79997211e+02
 1.80578760e+03  4.63856931e+01  1.80578760e+03  1.79997189e+02
 1.81970086e+03  4.63856931e+01  1.81970086e+03  1.79997168e+02
 1.83372132e+03  4.63856932e+01  1.83372132e+03  1.79997146e+02
 1.84784980e+03  4.63856932e+01  1.84784980e+03  1.79997124e+02
 1.86208714e+03  4.63856932e+01  1.86208714e+03  1.79997102e+02
 1.87643417e+03  4.63856933e+01  1.87643417e+03  1.79997079e+02
 1.89089175e+03  4.63856933e+01  1.89089175e+03  1.79997057e+02
 1.90546072e+03  4.63856934e+01  1.90546072e+03  1.79997034e+02
 1.92014194e+03  4.63856934e+01  1.92014194e+03  1.79997011e+02
 1.93493628e+03  4.63856935e+01  1.93493628e+03  1.79996988e+02
 1.94984460e+03  4.63856935e+01  1.94984460e+03  1.79996965e+02
 1.96486779e+03  4.63856935e+01  1.96486779e+03  1.79996942e+02
 1.98000673e+03  4.63856936e+01  1.98000673e+03  1.79996918e+02
 1.99526231e+03  4.63856936e+01  1.99526231e+03  1.79996894e+02
 2.01063544e+03  4.63856937e+01  2.01063544e+03  1.79996870e+02
 2.02612701e+03  4.63856937e+01  2.02612701e+03  1.79996846e+02
 2.04173794e+03  4.63856938e+01  2.04173794e+03  1.79996822e+02
 2.05746916e+03  4.63856938e+01  2.05746916e+03  1.79996797e+02
 2.07332157e+03  4.63856939e+01  2.07332157e+03  1.79996773e+02
 2.08929613e+03  4.63856939e+01  2.08929613e+03  1.79996748e+02
 2.10539377e+03  4.63856940e+01  2.10539377e+03  1.79996723e+02
 2.12161544e+03  4.63856940e+01  2.12161544e+03  1.79996698e+02
 2.13796209e+03  4.63856941e+01  2.13796209e+03  1.79996672e+02
 2.15443469e+03  4.63856942e+01  2.15443469e+03  1.79996647e+02
 2.17103421e+03  4.63856942e+01  2.17103421e+03  1.79996621e+02
 2.18776162e+03  4.63856943e+01  2.18776162e+03  1.79996595e+02
 2.20461792e+03  4.63856943e+01  2.20461792e+03  1.79996568e+02
 2.22160409e+03  4.63856944e+01  2.22160409e+03  1.79996542e+02
 2.23872114e+03  4.63856944e+01  2.23872114e+03  1.79996515e+02
 2.25597007e+03  4.63856945e+01  2.25597007e+03  1.79996489e+02
 2.27335190e+03  4.63856946e+01  2.27335190e+03  1.79996461e+02
 2.29086765e+03  4.63856946e+01  2.29086765e+03  1.79996434e+02
 2.30851836e+03  4.63856947e+01  2.30851836e+03  1.79996407e+02
 2.32630507e+03  4.63856948e+01  2.32630507e+03  1.79996379e+02
 2.34422882e+03  4.63856948e+01  2.34422882e+03  1.79996351e+02
 2.36229066e+03  4.63856949e+01  2.36229066e+03  1.79996323e+02
 2.38049167e+03  4.63856949e+01  2.38049167e+03  1.79996295e+02
 2.39883292e+03  4.63856950e+01  2.39883292e+03  1.79996266e+02
 2.41731548e+03  4.63856951e+01  2.41731548e+03  1.79996237e+02
 2.43594045e+03  4.63856952e+01  2.43594045e+03  1.79996208e+02
 2.45470892e+03  4.63856952e+01  2.45470892e+03  1.79996179e+02
 2.47362199e+03  4.63856953e+01  2.47362199e+03  1.79996150e+02
 2.49268079e+03  4.63856954e+01  2.49268079e+03  1.79996120e+02
 2.51188643e+03  4.63856954e+01  2.51188643e+03  1.79996090e+02
 2.53124005e+03  4.63856955e+01  2.53124005e+03  1.79996060e+02
 2.55074278e+03  4.63856956e+01  2.55074278e+03  1.79996030e+02
 2.57039578e+03  4.63856957e+01  2.57039578e+03  1.79995999e+02
 2.59020020e+03  4.63856958e+01  2.59020020e+03  1.79995968e+02
 2.61015722e+03  4.63856958e+01  2.61015722e+03  1.79995937e+02
 2.63026799e+03  4.63856959e+01  2.63026799e+03  1.79995906e+02
 2.65053372e+03  4.63856960e+01  2.65053372e+03  1.79995874e+02
 2.67095559e+03  4.63856961e+01  2.67095559e+03  1.79995843e+02
 2.69153480e+03  4.63856962e+01  2.69153480e+03  1.79995811e+02
 2.71227258e+03  4.63856963e+01  2.71227258e+03  1.79995778e+02
 2.73317014e+03  4.63856963e+01  2.73317014e+03  1.79995746e+02
 2.75422870e+03  4.63856964e+01  2.75422870e+03  1.79995713e+02
 2.77544952e+03  4.63856965e+01  2.77544952e+03  1.79995680e+02
 2.79683385e+03  4.63856966e+01  2.79683385e+03  1.79995647e+02
 2.81838293e+03  4.63856967e+01  2.81838293e+03  1.79995613e+02
 2.84009805e+03  4.63856968e+01  2.84009805e+03  1.79995579e+02
 2.86198048e+03  4.63856969e+01  2.86198048e+03  1.79995545e+02
 2.88403150e+03  4.63856970e+01  2.88403150e+03  1.79995511e+02
 2.90625243e+03  4.63856971e+01  2.90625243e+03  1.79995476e+02
 2.92864456e+03  4.63856972e+01  2.92864456e+03  1.79995441e+02
 2.95120923e+03  4.63856973e+01  2.95120923e+03  1.79995406e+02
 2.97394775e+03  4.63856974e+01  2.97394775e+03  1.79995371e+02
 2.99686146e+03  4.63856975e+01  2.99686146e+03  1.79995335e+02
 3.01995172e+03  4.63856976e+01  3.01995172e+03  1.79995299e+02
 3.04321989e+03  4.63856977e+01  3.04321989e+03  1.79995263e+02
 3.06666733e+03  4.63856979e+01  3.06666733e+03  1.79995227e+02
 3.09029543e+03  4.63856980e+01  3.09029543e+03  1.79995190e+02
 3.11410558e+03  4.63856981e+01  3.11410558e+03  1.79995153e+02
 3.13809919e+03  4.63856982e+01  3.13809919e+03  1.79995115e+02
 3.16227766e+03  4.63856983e+01  3.16227766e+03  1.79995078e+02
 3.18664242e+03  4.63856984e+01  3.18664242e+03  1.79995040e+02
 3.21119491e+03  4.63856986e+01  3.21119491e+03  1.79995002e+02
 3.23593657e+03  4.63856987e+01  3.23593657e+03  1.79994963e+02
 3.26086886e+03  4.63856988e+01  3.26086886e+03  1.79994924e+02
 3.28599325e+03  4.63856989e+01  3.28599325e+03  1.79994885e+02
 3.31131121e+03  4.63856991e+01  3.31131121e+03  1.79994846e+02
 3.33682425e+03  4.63856992e+01  3.33682425e+03  1.79994806e+02
 3.36253386e+03  4.63856993e+01  3.36253386e+03  1.79994766e+02
 3.38844156e+03  4.63856995e+01  3.38844156e+03  1.79994726e+02
 3.41454887e+03  4.63856996e+01  3.41454887e+03  1.79994685e+02
 3.44085734e+03  4.63856997e+01  3.44085734e+03  1.79994644e+02
 3.46736850e+03  4.63856999e+01  3.46736850e+03  1.79994603e+02
 3.49408393e+03  4.63857000e+01  3.49408393e+03  1.79994561e+02
 3.52100520e+03  4.63857002e+01  3.52100520e+03  1.79994519e+02
 3.54813389e+03  4.63857003e+01  3.54813389e+03  1.79994477e+02
 3.57547160e+03  4.63857005e+01  3.57547160e+03  1.79994435e+02
 3.60301995e+03  4.63857006e+01  3.60301995e+03  1.79994392e+02
 3.63078055e+03  4.63857008e+01  3.63078055e+03  1.79994349e+02
 3.65875504e+03  4.63857009e+01  3.65875504e+03  1.79994305e+02
 3.68694506e+03  4.63857011e+01  3.68694506e+03  1.79994261e+02
 3.71535229e+03  4.63857013e+01  3.71535229e+03  1.79994217e+02
 3.74397839e+03  4.63857014e+01  3.74397839e+03  1.79994172e+02
 3.77282505e+03  4.63857016e+01  3.77282505e+03  1.79994127e+02
 3.80189396e+03  4.63857018e+01  3.80189396e+03  1.79994082e+02
 3.83118685e+03  4.63857019e+01  3.83118685e+03  1.79994037e+02
 3.86070543e+03  4.63857021e+01  3.86070543e+03  1.79993991e+02
 3.89045145e+03  4.63857023e+01  3.89045145e+03  1.79993944e+02
 3.92042666e+03  4.63857025e+01  3.92042666e+03  1.79993898e+02
 3.95063281e+03  4.63857027e+01  3.95063281e+03  1.79993851e+02
 3.98107171e+03  4.63857029e+01  3.98107171e+03  1.79993803e+02
 4.01174512e+03  4.63857030e+01  4.01174512e+03  1.79993756e+02
 4.04265487e+03  4.63857032e+01  4.04265487e+03  1.79993707e+02
 4.07380278e+03  4.63857034e+01  4.07380278e+03  1.79993659e+02
 4.10519067e+03  4.63857036e+01  4.10519067e+03  1.79993610e+02
 4.13682040e+03  4.63857038e+01  4.13682040e+03  1.79993561e+02
 4.16869383e+03  4.63857040e+01  4.16869383e+03  1.79993511e+02
 4.20081285e+03  4.63857043e+01  4.20081285e+03  1.79993461e+02
 4.23317933e+03  4.63857045e+01  4.23317933e+03  1.79993411e+02
 4.26579519e+03  4.63857047e+01  4.26579519e+03  1.79993360e+02
 4.29866235e+03  4.63857049e+01  4.29866235e+03  1.79993309e+02
 4.33178274e+03  4.63857051e+01  4.33178274e+03  1.79993257e+02
 4.36515832e+03  4.63857053e+01  4.36515832e+03  1.79993205e+02
 4.39879106e+03  4.63857056e+01  4.39879106e+03  1.79993153e+02
 4.43268292e+03  4.63857058e+01  4.43268292e+03  1.79993100e+02
 4.46683592e+03  4.63857060e+01  4.46683592e+03  1.79993047e+02
 4.50125206e+03  4.63857063e+01  4.50125206e+03  1.79992994e+02
 4.53593337e+03  4.63857065e+01  4.53593337e+03  1.79992940e+02
 4.57088190e+03  4.63857068e+01  4.57088190e+03  1.79992885e+02
 4.60609969e+03  4.63857070e+01  4.60609969e+03  1.79992830e+02
 4.64158883e+03  4.63857073e+01  4.64158883e+03  1.79992775e+02
 4.67735141e+03  4.63857075e+01  4.67735141e+03  1.79992720e+02
 4.71338954e+03  4.63857078e+01  4.71338954e+03  1.79992663e+02
 4.74970533e+03  4.63857081e+01  4.74970533e+03  1.79992607e+02
 4.78630092e+03  4.63857083e+01  4.78630092e+03  1.79992550e+02
 4.82317848e+03  4.63857086e+01  4.82317848e+03  1.79992493e+02
 4.86034018e+03  4.63857089e+01  4.86034018e+03  1.79992435e+02
 4.89778819e+03  4.63857092e+01  4.89778819e+03  1.79992376e+02
 4.93552474e+03  4.63857095e+01  4.93552474e+03  1.79992318e+02
 4.97355204e+03  4.63857098e+01  4.97355204e+03  1.79992258e+02
 5.01187234e+03  4.63857101e+01  5.01187234e+03  1.79992199e+02
 5.05048788e+03  4.63857104e+01  5.05048788e+03  1.79992139e+02
 5.08940095e+03  4.63857107e+01  5.08940095e+03  1.79992078e+02
 5.12861384e+03  4.63857110e+01  5.12861384e+03  1.79992017e+02
 5.16812886e+03  4.63857113e+01  5.16812886e+03  1.79991956e+02
 5.20794833e+03  4.63857116e+01  5.20794833e+03  1.79991894e+02
 5.24807460e+03  4.63857119e+01  5.24807460e+03  1.79991831e+02
 5.28851004e+03  4.63857123e+01  5.28851004e+03  1.79991768e+02
 5.32925703e+03  4.63857126e+01  5.32925703e+03  1.79991705e+02
 5.37031796e+03  4.63857129e+01  5.37031796e+03  1.79991641e+02
 5.41169527e+03  4.63857133e+01  5.41169527e+03  1.79991576e+02
 5.45339137e+03  4.63857136e+01  5.45339137e+03  1.79991512e+02
 5.49540874e+03  4.63857140e+01  5.49540874e+03  1.79991446e+02
 5.53774984e+03  4.63857144e+01  5.53774984e+03  1.79991380e+02
 5.58041717e+03  4.63857147e+01  5.58041717e+03  1.79991314e+02
 5.62341325e+03  4.63857151e+01  5.62341325e+03  1.79991247e+02
 5.66674061e+03  4.63857155e+01  5.66674061e+03  1.79991179e+02
 5.71040179e+03  4.63857159e+01  5.71040179e+03  1.79991112e+02
 5.75439937e+03  4.63857163e+01  5.75439937e+03  1.79991043e+02
 5.79873595e+03  4.63857167e+01  5.79873595e+03  1.79990974e+02
 5.84341413e+03  4.63857171e+01  5.84341413e+03  1.79990904e+02
 5.88843655e+03  4.63857175e+01  5.88843655e+03  1.79990834e+02
 5.93380586e+03  4.63857179e+01  5.93380586e+03  1.79990764e+02
 5.97952473e+03  4.63857183e+01  5.97952473e+03  1.79990693e+02
 6.02559586e+03  4.63857187e+01  6.02559586e+03  1.79990621e+02
 6.07202196e+03  4.63857192e+01  6.07202196e+03  1.79990549e+02
 6.11880576e+03  4.63857196e+01  6.11880576e+03  1.79990476e+02
 6.16595002e+03  4.63857201e+01  6.16595002e+03  1.79990402e+02
 6.21345752e+03  4.63857205e+01  6.21345752e+03  1.79990328e+02
 6.26133105e+03  4.63857210e+01  6.26133105e+03  1.79990254e+02
 6.30957344e+03  4.63857215e+01  6.30957344e+03  1.79990179e+02
 6.35818754e+03  4.63857219e+01  6.35818754e+03  1.79990103e+02
 6.40717619e+03  4.63857224e+01  6.40717619e+03  1.79990027e+02
 6.45654229e+03  4.63857229e+01  6.45654229e+03  1.79989950e+02
 6.50628875e+03  4.63857234e+01  6.50628875e+03  1.79989873e+02
 6.55641849e+03  4.63857239e+01  6.55641849e+03  1.79989795e+02
 6.60693448e+03  4.63857244e+01  6.60693448e+03  1.79989716e+02
 6.65783968e+03  4.63857250e+01  6.65783968e+03  1.79989637e+02
 6.70913710e+03  4.63857255e+01  6.70913710e+03  1.79989557e+02
 6.76082975e+03  4.63857260e+01  6.76082975e+03  1.79989476e+02
 6.81292069e+03  4.63857266e+01  6.81292069e+03  1.79989395e+02
 6.86541298e+03  4.63857272e+01  6.86541298e+03  1.79989314e+02
 6.91830971e+03  4.63857277e+01  6.91830971e+03  1.79989231e+02
 6.97161400e+03  4.63857283e+01  6.97161400e+03  1.79989148e+02
 7.02532899e+03  4.63857289e+01  7.02532899e+03  1.79989065e+02
 7.07945784e+03  4.63857295e+01  7.07945784e+03  1.79988980e+02
 7.13400375e+03  4.63857301e+01  7.13400375e+03  1.79988896e+02
 7.18896992e+03  4.63857307e+01  7.18896992e+03  1.79988810e+02
 7.24435960e+03  4.63857313e+01  7.24435960e+03  1.79988724e+02
 7.30017605e+03  4.63857319e+01  7.30017605e+03  1.79988637e+02
 7.35642254e+03  4.63857326e+01  7.35642254e+03  1.79988549e+02
 7.41310241e+03  4.63857332e+01  7.41310241e+03  1.79988461e+02
 7.47021899e+03  4.63857339e+01  7.47021899e+03  1.79988372e+02
 7.52777564e+03  4.63857346e+01  7.52777564e+03  1.79988283e+02
 7.58577575e+03  4.63857352e+01  7.58577575e+03  1.79988192e+02
 7.64422274e+03  4.63857359e+01  7.64422274e+03  1.79988101e+02
 7.70312006e+03  4.63857366e+01  7.70312006e+03  1.79988010e+02
 7.76247117e+03  4.63857373e+01  7.76247117e+03  1.79987917e+02
 7.82227956e+03  4.63857381e+01  7.82227956e+03  1.79987824e+02
 7.88254877e+03  4.63857388e+01  7.88254877e+03  1.79987730e+02
 7.94328235e+03  4.63857395e+01  7.94328235e+03  1.79987636e+02
 8.00448386e+03  4.63857403e+01  8.00448386e+03  1.79987541e+02
 8.06615692e+03  4.63857411e+01  8.06615692e+03  1.79987445e+02
 8.12830516e+03  4.63857419e+01  8.12830516e+03  1.79987348e+02
 8.19093224e+03  4.63857427e+01  8.19093224e+03  1.79987250e+02
 8.25404185e+03  4.63857435e+01  8.25404185e+03  1.79987152e+02
 8.31763771e+03  4.63857443e+01  8.31763771e+03  1.79987053e+02
 8.38172356e+03  4.63857451e+01  8.38172356e+03  1.79986953e+02
 8.44630319e+03  4.63857460e+01  8.44630319e+03  1.79986853e+02
 8.51138038e+03  4.63857468e+01  8.51138038e+03  1.79986752e+02
 8.57695899e+03  4.63857477e+01  8.57695899e+03  1.79986650e+02
 8.64304286e+03  4.63857486e+01  8.64304286e+03  1.79986547e+02
 8.70963590e+03  4.63857495e+01  8.70963590e+03  1.79986443e+02
 8.77674203e+03  4.63857504e+01  8.77674203e+03  1.79986339e+02
 8.84436519e+03  4.63857513e+01  8.84436519e+03  1.79986233e+02
 8.91250938e+03  4.63857522e+01  8.91250938e+03  1.79986127e+02
 8.98117861e+03  4.63857532e+01  8.98117861e+03  1.79986020e+02
 9.05037692e+03  4.63857542e+01  9.05037692e+03  1.79985913e+02
 9.12010839e+03  4.63857551e+01  9.12010839e+03  1.79985804e+02
 9.19037713e+03  4.63857561e+01  9.19037713e+03  1.79985695e+02
 9.26118728e+03  4.63857572e+01  9.26118728e+03  1.79985584e+02
 9.33254301e+03  4.63857582e+01  9.33254301e+03  1.79985473e+02
 9.40444852e+03  4.63857592e+01  9.40444852e+03  1.79985361e+02
 9.47690805e+03  4.63857603e+01  9.47690805e+03  1.79985249e+02
 9.54992586e+03  4.63857614e+01  9.54992586e+03  1.79985135e+02
 9.62350626e+03  4.63857625e+01  9.62350626e+03  1.79985020e+02
 9.69765359e+03  4.63857636e+01  9.69765359e+03  1.79984905e+02
 9.77237221e+03  4.63857647e+01  9.77237221e+03  1.79984789e+02
 9.84766652e+03  4.63857659e+01  9.84766652e+03  1.79984672e+02
 9.92354096e+03  4.63857670e+01  9.92354096e+03  1.79984553e+02
 1.00000000e+04  4.63857682e+01  1.00000000e+04  1.79984434e+02
 1.00770481e+04  4.63857694e+01  1.00770481e+04  1.79984314e+02
 1.01546899e+04  4.63857706e+01  1.01546899e+04  1.79984194e+02
 1.02329299e+04  4.63857719e+01  1.02329299e+04  1.79984072e+02
 1.03117727e+04  4.63857731e+01  1.03117727e+04  1.79983949e+02
 1.03912230e+04  4.63857744e+01  1.03912230e+04  1.79983825e+02
 1.04712855e+04  4.63857757e+01  1.04712855e+04  1.79983701e+02
 1.05519648e+04  4.63857770e+01  1.05519648e+04  1.79983575e+02
 1.06332657e+04  4.63857784e+01  1.06332657e+04  1.79983449e+02
 1.07151931e+04  4.63857797e+01  1.07151931e+04  1.79983321e+02
 1.07977516e+04  4.63857811e+01  1.07977516e+04  1.79983193e+02
 1.08809463e+04  4.63857825e+01  1.08809463e+04  1.79983063e+02
 1.09647820e+04  4.63857839e+01  1.09647820e+04  1.79982933e+02
 1.10492636e+04  4.63857854e+01  1.10492636e+04  1.79982801e+02
 1.11343961e+04  4.63857868e+01  1.11343961e+04  1.79982669e+02
 1.12201845e+04  4.63857883e+01  1.12201845e+04  1.79982535e+02
 1.13066340e+04  4.63857898e+01  1.13066340e+04  1.79982400e+02
 1.13937495e+04  4.63857914e+01  1.13937495e+04  1.79982265e+02
 1.14815362e+04  4.63857929e+01  1.14815362e+04  1.79982128e+02
 1.15699993e+04  4.63857945e+01  1.15699993e+04  1.79981991e+02
 1.16591440e+04  4.63857961e+01  1.16591440e+04  1.79981852e+02
 1.17489755e+04  4.63857978e+01  1.17489755e+04  1.79981712e+02
 1.18394992e+04  4.63857994e+01  1.18394992e+04  1.79981571e+02
 1.19307204e+04  4.63858011e+01  1.19307204e+04  1.79981429e+02
 1.20226443e+04  4.63858028e+01  1.20226443e+04  1.79981286e+02
 1.21152766e+04  4.63858045e+01  1.21152766e+04  1.79981142e+02
 1.22086225e+04  4.63858063e+01  1.22086225e+04  1.79980996e+02
 1.23026877e+04  4.63858081e+01  1.23026877e+04  1.79980850e+02
 1.23974776e+04  4.63858099e+01  1.23974776e+04  1.79980702e+02
 1.24929979e+04  4.63858118e+01  1.24929979e+04  1.79980554e+02
 1.25892541e+04  4.63858136e+01  1.25892541e+04  1.79980404e+02
 1.26862520e+04  4.63858155e+01  1.26862520e+04  1.79980253e+02
 1.27839972e+04  4.63858175e+01  1.27839972e+04  1.79980101e+02
 1.28824955e+04  4.63858194e+01  1.28824955e+04  1.79979947e+02
 1.29817528e+04  4.63858214e+01  1.29817528e+04  1.79979793e+02
 1.30817747e+04  4.63858235e+01  1.30817747e+04  1.79979637e+02
 1.31825674e+04  4.63858255e+01  1.31825674e+04  1.79979480e+02
 1.32841366e+04  4.63858276e+01  1.32841366e+04  1.79979322e+02
 1.33864884e+04  4.63858297e+01  1.33864884e+04  1.79979163e+02
 1.34896288e+04  4.63858319e+01  1.34896288e+04  1.79979002e+02
 1.35935639e+04  4.63858341e+01  1.35935639e+04  1.79978841e+02
 1.36982998e+04  4.63858363e+01  1.36982998e+04  1.79978677e+02
 1.38038426e+04  4.63858385e+01  1.38038426e+04  1.79978513e+02
 1.39101987e+04  4.63858408e+01  1.39101987e+04  1.79978348e+02
 1.40173742e+04  4.63858431e+01  1.40173742e+04  1.79978181e+02
 1.41253754e+04  4.63858455e+01  1.41253754e+04  1.79978013e+02
 1.42342088e+04  4.63858479e+01  1.42342088e+04  1.79977843e+02
 1.43438808e+04  4.63858503e+01  1.43438808e+04  1.79977673e+02
 1.44543977e+04  4.63858528e+01  1.44543977e+04  1.79977500e+02
 1.45657662e+04  4.63858553e+01  1.45657662e+04  1.79977327e+02
 1.46779927e+04  4.63858579e+01  1.46779927e+04  1.79977152e+02
 1.47910839e+04  4.63858605e+01  1.47910839e+04  1.79976976e+02
 1.49050464e+04  4.63858631e+01  1.49050464e+04  1.79976799e+02
 1.50198870e+04  4.63858658e+01  1.50198870e+04  1.79976620e+02
 1.51356125e+04  4.63858685e+01  1.51356125e+04  1.79976440e+02
 1.52522296e+04  4.63858712e+01  1.52522296e+04  1.79976258e+02
 1.53697452e+04  4.63858740e+01  1.53697452e+04  1.79976076e+02
 1.54881662e+04  4.63858768e+01  1.54881662e+04  1.79975891e+02
 1.56074996e+04  4.63858797e+01  1.56074996e+04  1.79975705e+02
 1.57277525e+04  4.63858827e+01  1.57277525e+04  1.79975518e+02
 1.58489319e+04  4.63858856e+01  1.58489319e+04  1.79975330e+02
 1.59710450e+04  4.63858886e+01  1.59710450e+04  1.79975139e+02
 1.60940989e+04  4.63858917e+01  1.60940989e+04  1.79974948e+02
 1.62181010e+04  4.63858948e+01  1.62181010e+04  1.79974755e+02
 1.63430584e+04  4.63858980e+01  1.63430584e+04  1.79974560e+02
 1.64689787e+04  4.63859012e+01  1.64689787e+04  1.79974364e+02
 1.65958691e+04  4.63859044e+01  1.65958691e+04  1.79974167e+02
 1.67237372e+04  4.63859078e+01  1.67237372e+04  1.79973968e+02
 1.68525904e+04  4.63859111e+01  1.68525904e+04  1.79973767e+02
 1.69824365e+04  4.63859145e+01  1.69824365e+04  1.79973565e+02
 1.71132830e+04  4.63859180e+01  1.71132830e+04  1.79973361e+02
 1.72451377e+04  4.63859215e+01  1.72451377e+04  1.79973156e+02
 1.73780083e+04  4.63859251e+01  1.73780083e+04  1.79972949e+02
 1.75119026e+04  4.63859287e+01  1.75119026e+04  1.79972741e+02
 1.76468286e+04  4.63859324e+01  1.76468286e+04  1.79972531e+02
 1.77827941e+04  4.63859361e+01  1.77827941e+04  1.79972319e+02
 1.79198072e+04  4.63859399e+01  1.79198072e+04  1.79972106e+02
 1.80578760e+04  4.63859438e+01  1.80578760e+04  1.79971891e+02
 1.81970086e+04  4.63859477e+01  1.81970086e+04  1.79971674e+02
 1.83372132e+04  4.63859517e+01  1.83372132e+04  1.79971456e+02
 1.84784980e+04  4.63859557e+01  1.84784980e+04  1.79971236e+02
 1.86208714e+04  4.63859598e+01  1.86208714e+04  1.79971014e+02
 1.87643417e+04  4.63859640e+01  1.87643417e+04  1.79970791e+02
 1.89089175e+04  4.63859682e+01  1.89089175e+04  1.79970566e+02
 1.90546072e+04  4.63859725e+01  1.90546072e+04  1.79970339e+02
 1.92014194e+04  4.63859769e+01  1.92014194e+04  1.79970111e+02
 1.93493628e+04  4.63859813e+01  1.93493628e+04  1.79969880e+02
 1.94984460e+04  4.63859858e+01  1.94984460e+04  1.79969648e+02
 1.96486779e+04  4.63859904e+01  1.96486779e+04  1.79969414e+02
 1.98000673e+04  4.63859950e+01  1.98000673e+04  1.79969179e+02
 1.99526231e+04  4.63859997e+01  1.99526231e+04  1.79968941e+02
 2.01063544e+04  4.63860045e+01  2.01063544e+04  1.79968702e+02
 2.02612701e+04  4.63860094e+01  2.02612701e+04  1.79968460e+02
 2.04173794e+04  4.63860143e+01  2.04173794e+04  1.79968217e+02
 2.05746916e+04  4.63860193e+01  2.05746916e+04  1.79967973e+02
 2.07332157e+04  4.63860244e+01  2.07332157e+04  1.79967726e+02
 2.08929613e+04  4.63860296e+01  2.08929613e+04  1.79967477e+02
 2.10539377e+04  4.63860348e+01  2.10539377e+04  1.79967226e+02
 2.12161544e+04  4.63860401e+01  2.12161544e+04  1.79966974e+02
 2.13796209e+04  4.63860455e+01  2.13796209e+04  1.79966719e+02
 2.15443469e+04  4.63860510e+01  2.15443469e+04  1.79966463e+02
 2.17103421e+04  4.63860566e+01  2.17103421e+04  1.79966204e+02
 2.18776162e+04  4.63860623e+01  2.18776162e+04  1.79965944e+02
 2.20461792e+04  4.63860680e+01  2.20461792e+04  1.79965682e+02
 2.22160409e+04  4.63860739e+01  2.22160409e+04  1.79965417e+02
 2.23872114e+04  4.63860798e+01  2.23872114e+04  1.79965151e+02
 2.25597007e+04  4.63860858e+01  2.25597007e+04  1.79964882e+02
 2.27335190e+04  4.63860919e+01  2.27335190e+04  1.79964611e+02
 2.29086765e+04  4.63860981e+01  2.29086765e+04  1.79964339e+02
 2.30851836e+04  4.63861044e+01  2.30851836e+04  1.79964064e+02
 2.32630507e+04  4.63861108e+01  2.32630507e+04  1.79963787e+02
 2.34422882e+04  4.63861173e+01  2.34422882e+04  1.79963508e+02
 2.36229066e+04  4.63861239e+01  2.36229066e+04  1.79963227e+02
 2.38049167e+04  4.63861307e+01  2.38049167e+04  1.79962943e+02
 2.39883292e+04  4.63861375e+01  2.39883292e+04  1.79962658e+02
 2.41731548e+04  4.63861444e+01  2.41731548e+04  1.79962370e+02
 2.43594045e+04  4.63861514e+01  2.43594045e+04  1.79962080e+02
 2.45470892e+04  4.63861585e+01  2.45470892e+04  1.79961788e+02
 2.47362199e+04  4.63861658e+01  2.47362199e+04  1.79961493e+02
 2.49268079e+04  4.63861731e+01  2.49268079e+04  1.79961197e+02
 2.51188643e+04  4.63861806e+01  2.51188643e+04  1.79960898e+02
 2.53124005e+04  4.63861881e+01  2.53124005e+04  1.79960596e+02
 2.55074278e+04  4.63861958e+01  2.55074278e+04  1.79960293e+02
 2.57039578e+04  4.63862037e+01  2.57039578e+04  1.79959987e+02
 2.59020020e+04  4.63862116e+01  2.59020020e+04  1.79959678e+02
 2.61015722e+04  4.63862197e+01  2.61015722e+04  1.79959367e+02
 2.63026799e+04  4.63862279e+01  2.63026799e+04  1.79959054e+02
 2.65053372e+04  4.63862362e+01  2.65053372e+04  1.79958739e+02
 2.67095559e+04  4.63862446e+01  2.67095559e+04  1.79958421e+02
 2.69153480e+04  4.63862532e+01  2.69153480e+04  1.79958100e+02
 2.71227258e+04  4.63862619e+01  2.71227258e+04  1.79957777e+02
 2.73317014e+04  4.63862707e+01  2.73317014e+04  1.79957452e+02
 2.75422870e+04  4.63862797e+01  2.75422870e+04  1.79957124e+02
 2.77544952e+04  4.63862888e+01  2.77544952e+04  1.79956794e+02
 2.79683385e+04  4.63862981e+01  2.79683385e+04  1.79956461e+02
 2.81838293e+04  4.63863075e+01  2.81838293e+04  1.79956125e+02
 2.84009805e+04  4.63863170e+01  2.84009805e+04  1.79955787e+02
 2.86198048e+04  4.63863267e+01  2.86198048e+04  1.79955446e+02
 2.88403150e+04  4.63863365e+01  2.88403150e+04  1.79955103e+02
 2.90625243e+04  4.63863465e+01  2.90625243e+04  1.79954757e+02
 2.92864456e+04  4.63863567e+01  2.92864456e+04  1.79954408e+02
 2.95120923e+04  4.63863670e+01  2.95120923e+04  1.79954057e+02
 2.97394775e+04  4.63863774e+01  2.97394775e+04  1.79953703e+02
 2.99686146e+04  4.63863881e+01  2.99686146e+04  1.79953346e+02
 3.01995172e+04  4.63863988e+01  3.01995172e+04  1.79952986e+02
 3.04321989e+04  4.63864098e+01  3.04321989e+04  1.79952624e+02
 3.06666733e+04  4.63864210e+01  3.06666733e+04  1.79952259e+02
 3.09029543e+04  4.63864323e+01  3.09029543e+04  1.79951891e+02
 3.11410558e+04  4.63864437e+01  3.11410558e+04  1.79951520e+02
 3.13809919e+04  4.63864554e+01  3.13809919e+04  1.79951146e+02
 3.16227766e+04  4.63864672e+01  3.16227766e+04  1.79950770e+02
 3.18664242e+04  4.63864792e+01  3.18664242e+04  1.79950390e+02
 3.21119491e+04  4.63864914e+01  3.21119491e+04  1.79950008e+02
 3.23593657e+04  4.63865038e+01  3.23593657e+04  1.79949623e+02
 3.26086886e+04  4.63865164e+01  3.26086886e+04  1.79949234e+02
 3.28599325e+04  4.63865292e+01  3.28599325e+04  1.79948843e+02
 3.31131121e+04  4.63865421e+01  3.31131121e+04  1.79948449e+02
 3.33682425e+04  4.63865553e+01  3.33682425e+04  1.79948052e+02
 3.36253386e+04  4.63865687e+01  3.36253386e+04  1.79947651e+02
 3.38844156e+04  4.63865823e+01  3.38844156e+04  1.79947248e+02
 3.41454887e+04  4.63865961e+01  3.41454887e+04  1.79946841e+02
 3.44085734e+04  4.63866101e+01  3.44085734e+04  1.79946431e+02
 3.46736850e+04  4.63866243e+01  3.46736850e+04  1.79946018e+02
 3.49408393e+04  4.63866387e+01  3.49408393e+04  1.79945602e+02
 3.52100520e+04  4.63866534e+01  3.52100520e+04  1.79945183e+02
 3.54813389e+04  4.63866683e+01  3.54813389e+04  1.79944760e+02
 3.57547160e+04  4.63866834e+01  3.57547160e+04  1.79944335e+02
 3.60301995e+04  4.63866988e+01  3.60301995e+04  1.79943906e+02
 3.63078055e+04  4.63867144e+01  3.63078055e+04  1.79943473e+02
 3.65875504e+04  4.63867303e+01  3.65875504e+04  1.79943037e+02
 3.68694506e+04  4.63867463e+01  3.68694506e+04  1.79942598e+02
 3.71535229e+04  4.63867626e+01  3.71535229e+04  1.79942156e+02
 3.74397839e+04  4.63867792e+01  3.74397839e+04  1.79941710e+02
 3.77282505e+04  4.63867961e+01  3.77282505e+04  1.79941261e+02
 3.80189396e+04  4.63868132e+01  3.80189396e+04  1.79940808e+02
 3.83118685e+04  4.63868305e+01  3.83118685e+04  1.79940352e+02
 3.86070543e+04  4.63868482e+01  3.86070543e+04  1.79939892e+02
 3.89045145e+04  4.63868661e+01  3.89045145e+04  1.79939428e+02
 3.92042666e+04  4.63868843e+01  3.92042666e+04  1.79938962e+02
 3.95063281e+04  4.63869027e+01  3.95063281e+04  1.79938491e+02
 3.98107171e+04  4.63869215e+01  3.98107171e+04  1.79938017e+02
 4.01174512e+04  4.63869405e+01  4.01174512e+04  1.79937539e+02
 4.04265487e+04  4.63869599e+01  4.04265487e+04  1.79937058e+02
 4.07380278e+04  4.63869795e+01  4.07380278e+04  1.79936572e+02
 4.10519067e+04  4.63869995e+01  4.10519067e+04  1.79936083e+02
 4.13682040e+04  4.63870197e+01  4.13682040e+04  1.79935591e+02
 4.16869383e+04  4.63870403e+01  4.16869383e+04  1.79935094e+02
 4.20081285e+04  4.63870611e+01  4.20081285e+04  1.79934594e+02
 4.23317933e+04  4.63870823e+01  4.23317933e+04  1.79934089e+02
 4.26579519e+04  4.63871039e+01  4.26579519e+04  1.79933581e+02
 4.29866235e+04  4.63871257e+01  4.29866235e+04  1.79933069e+02
 4.33178274e+04  4.63871479e+01  4.33178274e+04  1.79932553e+02
 4.36515832e+04  4.63871705e+01  4.36515832e+04  1.79932033e+02
 4.39879106e+04  4.63871934e+01  4.39879106e+04  1.79931509e+02
 4.43268292e+04  4.63872166e+01  4.43268292e+04  1.79930981e+02
 4.46683592e+04  4.63872403e+01  4.46683592e+04  1.79930449e+02
 4.50125206e+04  4.63872642e+01  4.50125206e+04  1.79929913e+02
 4.53593337e+04  4.63872886e+01  4.53593337e+04  1.79929372e+02
 4.57088190e+04  4.63873132e+01  4.57088190e+04  1.79928828e+02
 4.60609969e+04  4.63873384e+01  4.60609969e+04  1.79928279e+02
 4.64158883e+04  4.63873639e+01  4.64158883e+04  1.79927726e+02
 4.67735141e+04  4.63873898e+01  4.67735141e+04  1.79927169e+02
 4.71338954e+04  4.63874161e+01  4.71338954e+04  1.79926607e+02
 4.74970533e+04  4.63874428e+01  4.74970533e+04  1.79926041e+02
 4.78630092e+04  4.63874698e+01  4.78630092e+04  1.79925471e+02
 4.82317848e+04  4.63874974e+01  4.82317848e+04  1.79924896e+02
 4.86034018e+04  4.63875253e+01  4.86034018e+04  1.79924317e+02
 4.89778819e+04  4.63875537e+01  4.89778819e+04  1.79923734e+02
 4.93552474e+04  4.63875825e+01  4.93552474e+04  1.79923146e+02
 4.97355204e+04  4.63876118e+01  4.97355204e+04  1.79922553e+02
 5.01187234e+04  4.63876416e+01  5.01187234e+04  1.79921956e+02
 5.05048788e+04  4.63876717e+01  5.05048788e+04  1.79921354e+02
 5.08940095e+04  4.63877024e+01  5.08940095e+04  1.79920747e+02
 5.12861384e+04  4.63877335e+01  5.12861384e+04  1.79920136e+02
 5.16812886e+04  4.63877651e+01  5.16812886e+04  1.79919520e+02
 5.20794833e+04  4.63877972e+01  5.20794833e+04  1.79918900e+02
 5.24807460e+04  4.63878298e+01  5.24807460e+04  1.79918274e+02
 5.28851004e+04  4.63878629e+01  5.28851004e+04  1.79917644e+02
 5.32925703e+04  4.63878965e+01  5.32925703e+04  1.79917009e+02
 5.37031796e+04  4.63879306e+01  5.37031796e+04  1.79916369e+02
 5.41169527e+04  4.63879653e+01  5.41169527e+04  1.79915724e+02
 5.45339137e+04  4.63880005e+01  5.45339137e+04  1.79915074e+02
 5.49540874e+04  4.63880362e+01  5.49540874e+04  1.79914419e+02
 5.53774984e+04  4.63880725e+01  5.53774984e+04  1.79913759e+02
 5.58041717e+04  4.63881094e+01  5.58041717e+04  1.79913094e+02
 5.62341325e+04  4.63881468e+01  5.62341325e+04  1.79912423e+02
 5.66674061e+04  4.63881848e+01  5.66674061e+04  1.79911748e+02
 5.71040179e+04  4.63882233e+01  5.71040179e+04  1.79911067e+02
 5.75439937e+04  4.63882626e+01  5.75439937e+04  1.79910381e+02
 5.79873595e+04  4.63883023e+01  5.79873595e+04  1.79909690e+02
 5.84341413e+04  4.63883427e+01  5.84341413e+04  1.79908993e+02
 5.88843655e+04  4.63883838e+01  5.88843655e+04  1.79908291e+02
 5.93380586e+04  4.63884255e+01  5.93380586e+04  1.79907584e+02
 5.97952473e+04  4.63884678e+01  5.97952473e+04  1.79906871e+02
 6.02559586e+04  4.63885107e+01  6.02559586e+04  1.79906153e+02
 6.07202196e+04  4.63885544e+01  6.07202196e+04  1.79905429e+02
 6.11880576e+04  4.63885987e+01  6.11880576e+04  1.79904699e+02
 6.16595002e+04  4.63886437e+01  6.16595002e+04  1.79903964e+02
 6.21345752e+04  4.63886894e+01  6.21345752e+04  1.79903223e+02
 6.26133105e+04  4.63887357e+01  6.26133105e+04  1.79902476e+02
 6.30957344e+04  4.63887828e+01  6.30957344e+04  1.79901724e+02
 6.35818754e+04  4.63888307e+01  6.35818754e+04  1.79900966e+02
 6.40717619e+04  4.63888793e+01  6.40717619e+04  1.79900202e+02
 6.45654229e+04  4.63889286e+01  6.45654229e+04  1.79899432e+02
 6.50628875e+04  4.63889788e+01  6.50628875e+04  1.79898656e+02
 6.55641849e+04  4.63890296e+01  6.55641849e+04  1.79897874e+02
 6.60693448e+04  4.63890813e+01  6.60693448e+04  1.79897086e+02
 6.65783968e+04  4.63891338e+01  6.65783968e+04  1.79896292e+02
 6.70913710e+04  4.63891870e+01  6.70913710e+04  1.79895491e+02
 6.76082975e+04  4.63892411e+01  6.76082975e+04  1.79894685e+02
 6.81292069e+04  4.63892960e+01  6.81292069e+04  1.79893872e+02
 6.86541298e+04  4.63893518e+01  6.86541298e+04  1.79893053e+02
 6.91830971e+04  4.63894084e+01  6.91830971e+04  1.79892228e+02
 6.97161400e+04  4.63894661e+01  6.97161400e+04  1.79891396e+02
 7.02532899e+04  4.63895244e+01  7.02532899e+04  1.79890558e+02
 7.07945784e+04  4.63895837e+01  7.07945784e+04  1.79889713e+02
 7.13400375e+04  4.63896440e+01  7.13400375e+04  1.79888862e+02
 7.18896992e+04  4.63897051e+01  7.18896992e+04  1.79888004e+02
 7.24435960e+04  4.63897673e+01  7.24435960e+04  1.79887140e+02
 7.30017605e+04  4.63898304e+01  7.30017605e+04  1.79886269e+02
 7.35642254e+04  4.63898943e+01  7.35642254e+04  1.79885391e+02
 7.41310241e+04  4.63899594e+01  7.41310241e+04  1.79884506e+02
 7.47021899e+04  4.63900255e+01  7.47021899e+04  1.79883615e+02
 7.52777564e+04  4.63900926e+01  7.52777564e+04  1.79882716e+02
 7.58577575e+04  4.63901606e+01  7.58577575e+04  1.79881811e+02
 7.64422274e+04  4.63902299e+01  7.64422274e+04  1.79880899e+02
 7.70312006e+04  4.63903002e+01  7.70312006e+04  1.79879979e+02
 7.76247117e+04  4.63903714e+01  7.76247117e+04  1.79879053e+02
 7.82227956e+04  4.63904438e+01  7.82227956e+04  1.79878119e+02
 7.88254877e+04  4.63905174e+01  7.88254877e+04  1.79877178e+02
 7.94328235e+04  4.63905921e+01  7.94328235e+04  1.79876229e+02
 8.00448386e+04  4.63906678e+01  8.00448386e+04  1.79875274e+02
 8.06615692e+04  4.63907449e+01  8.06615692e+04  1.79874311e+02
 8.12830516e+04  4.63908231e+01  8.12830516e+04  1.79873340e+02
 8.19093224e+04  4.63909025e+01  8.19093224e+04  1.79872362e+02
 8.25404185e+04  4.63909832e+01  8.25404185e+04  1.79871376e+02
 8.31763771e+04  4.63910650e+01  8.31763771e+04  1.79870383e+02
 8.38172356e+04  4.63911483e+01  8.38172356e+04  1.79869382e+02
 8.44630319e+04  4.63912327e+01  8.44630319e+04  1.79868373e+02
 8.51138038e+04  4.63913183e+01  8.51138038e+04  1.79867357e+02
 8.57695899e+04  4.63914055e+01  8.57695899e+04  1.79866332e+02
 8.64304286e+04  4.63914940e+01  8.64304286e+04  1.79865300e+02
 8.70963590e+04  4.63915838e+01  8.70963590e+04  1.79864259e+02
 8.77674203e+04  4.63916750e+01  8.77674203e+04  1.79863211e+02
 8.84436519e+04  4.63917675e+01  8.84436519e+04  1.79862154e+02
 8.91250938e+04  4.63918615e+01  8.91250938e+04  1.79861089e+02
 8.98117861e+04  4.63919572e+01  8.98117861e+04  1.79860016e+02
 9.05037692e+04  4.63920540e+01  9.05037692e+04  1.79858934e+02
 9.12010839e+04  4.63921526e+01  9.12010839e+04  1.79857845e+02
 9.19037713e+04  4.63922526e+01  9.19037713e+04  1.79856746e+02
 9.26118728e+04  4.63923541e+01  9.26118728e+04  1.79855639e+02
 9.33254301e+04  4.63924571e+01  9.33254301e+04  1.79854524e+02
 9.40444852e+04  4.63925618e+01  9.40444852e+04  1.79853400e+02
 9.47690805e+04  4.63926682e+01  9.47690805e+04  1.79852267e+02
 9.54992586e+04  4.63927761e+01  9.54992586e+04  1.79851125e+02
 9.62350626e+04  4.63928858e+01  9.62350626e+04  1.79849974e+02
 9.69765359e+04  4.63929972e+01  9.69765359e+04  1.79848815e+02
 9.77237221e+04  4.63931104e+01  9.77237221e+04  1.79847646e+02
 9.84766652e+04  4.63932252e+01  9.84766652e+04  1.79846469e+02
 9.92354096e+04  4.63933419e+01  9.92354096e+04  1.79845282e+02
 1.00000000e+05  4.63934600e+01  1.00000000e+05  1.79844086e+02
 1.00770481e+05  4.63935804e+01  1.00770481e+05  1.79842880e+02
 1.01546899e+05  4.63937025e+01  1.01546899e+05  1.79841666e+02
 1.02329299e+05  4.63938265e+01  1.02329299e+05  1.79840441e+02
 1.03117727e+05  4.63939523e+01  1.03117727e+05  1.79839208e+02
 1.03912230e+05  4.63940803e+01  1.03912230e+05  1.79837964e+02
 1.04712855e+05  4.63942100e+01  1.04712855e+05  1.79836711e+02
 1.05519648e+05  4.63943420e+01  1.05519648e+05  1.79835449e+02
 1.06332657e+05  4.63944759e+01  1.06332657e+05  1.79834176e+02
 1.07151931e+05  4.63946119e+01  1.07151931e+05  1.79832893e+02
 1.07977516e+05  4.63947499e+01  1.07977516e+05  1.79831601e+02
 1.08809463e+05  4.63948900e+01  1.08809463e+05  1.79830298e+02
 1.09647820e+05  4.63950324e+01  1.09647820e+05  1.79828985e+02
 1.10492636e+05  4.63951771e+01  1.10492636e+05  1.79827662e+02
 1.11343961e+05  4.63953239e+01  1.11343961e+05  1.79826329e+02
 1.12201845e+05  4.63954729e+01  1.12201845e+05  1.79824985e+02
 1.13066340e+05  4.63956244e+01  1.13066340e+05  1.79823631e+02
 1.13937495e+05  4.63957780e+01  1.13937495e+05  1.79822266e+02
 1.14815362e+05  4.63959344e+01  1.14815362e+05  1.79820891e+02
 1.15699993e+05  4.63960929e+01  1.15699993e+05  1.79819505e+02
 1.16591440e+05  4.63962538e+01  1.16591440e+05  1.79818108e+02
 1.17489755e+05  4.63964173e+01  1.17489755e+05  1.79816700e+02
 1.18394992e+05  4.63965833e+01  1.18394992e+05  1.79815281e+02
 1.19307204e+05  4.63967522e+01  1.19307204e+05  1.79813851e+02
 1.20226443e+05  4.63969231e+01  1.20226443e+05  1.79812410e+02
 1.21152766e+05  4.63970969e+01  1.21152766e+05  1.79810957e+02
 1.22086225e+05  4.63972736e+01  1.22086225e+05  1.79809494e+02
 1.23026877e+05  4.63974529e+01  1.23026877e+05  1.79808018e+02
 1.23974776e+05  4.63976349e+01  1.23974776e+05  1.79806532e+02
 1.24929979e+05  4.63978200e+01  1.24929979e+05  1.79805033e+02
 1.25892541e+05  4.63980075e+01  1.25892541e+05  1.79803523e+02
 1.26862520e+05  4.63981983e+01  1.26862520e+05  1.79802001e+02
 1.27839972e+05  4.63983918e+01  1.27839972e+05  1.79800467e+02
 1.28824955e+05  4.63985883e+01  1.28824955e+05  1.79798921e+02
 1.29817528e+05  4.63987883e+01  1.29817528e+05  1.79797364e+02
 1.30817747e+05  4.63989910e+01  1.30817747e+05  1.79795793e+02
 1.31825674e+05  4.63991970e+01  1.31825674e+05  1.79794211e+02
 1.32841366e+05  4.63994059e+01  1.32841366e+05  1.79792616e+02
 1.33864884e+05  4.63996182e+01  1.33864884e+05  1.79791008e+02
 1.34896288e+05  4.63998336e+01  1.34896288e+05  1.79789389e+02
 1.35935639e+05  4.64000532e+01  1.35935639e+05  1.79787756e+02
 1.36982998e+05  4.64002754e+01  1.36982998e+05  1.79786110e+02
 1.38038426e+05  4.64005013e+01  1.38038426e+05  1.79784452e+02
 1.39101987e+05  4.64007302e+01  1.39101987e+05  1.79782780e+02
 1.40173742e+05  4.64009632e+01  1.40173742e+05  1.79781096e+02
 1.41253754e+05  4.64011997e+01  1.41253754e+05  1.79779398e+02
 1.42342088e+05  4.64014402e+01  1.42342088e+05  1.79777687e+02
 1.43438808e+05  4.64016835e+01  1.43438808e+05  1.79775962e+02
 1.44543977e+05  4.64019312e+01  1.44543977e+05  1.79774224e+02
 1.45657662e+05  4.64021826e+01  1.45657662e+05  1.79772472e+02
 1.46779927e+05  4.64024380e+01  1.46779927e+05  1.79770706e+02
 1.47910839e+05  4.64026972e+01  1.47910839e+05  1.79768927e+02
 1.49050464e+05  4.64029608e+01  1.49050464e+05  1.79767133e+02
 1.50198870e+05  4.64032283e+01  1.50198870e+05  1.79765325e+02
 1.51356125e+05  4.64034998e+01  1.51356125e+05  1.79763503e+02
 1.52522296e+05  4.64037755e+01  1.52522296e+05  1.79761667e+02
 1.53697452e+05  4.64040552e+01  1.53697452e+05  1.79759816e+02
 1.54881662e+05  4.64043396e+01  1.54881662e+05  1.79757951e+02
 1.56074996e+05  4.64046286e+01  1.56074996e+05  1.79756071e+02
 1.57277525e+05  4.64049219e+01  1.57277525e+05  1.79754176e+02
 1.58489319e+05  4.64052195e+01  1.58489319e+05  1.79752266e+02
 1.59710450e+05  4.64055220e+01  1.59710450e+05  1.79750341e+02
 1.60940989e+05  4.64058292e+01  1.60940989e+05  1.79748401e+02
 1.62181010e+05  4.64061414e+01  1.62181010e+05  1.79746445e+02
 1.63430584e+05  4.64064582e+01  1.63430584e+05  1.79744474e+02
 1.64689787e+05  4.64067795e+01  1.64689787e+05  1.79742487e+02
 1.65958691e+05  4.64071063e+01  1.65958691e+05  1.79740485e+02
 1.67237372e+05  4.64074375e+01  1.67237372e+05  1.79738467e+02
 1.68525904e+05  4.64077746e+01  1.68525904e+05  1.79736433e+02
 1.69824365e+05  4.64081169e+01  1.69824365e+05  1.79734383e+02
 1.71132830e+05  4.64084639e+01  1.71132830e+05  1.79732316e+02
 1.72451377e+05  4.64088163e+01  1.72451377e+05  1.79730233e+02
 1.73780083e+05  4.64091753e+01  1.73780083e+05  1.79728134e+02
 1.75119026e+05  4.64095391e+01  1.75119026e+05  1.79726018e+02
 1.76468286e+05  4.64099080e+01  1.76468286e+05  1.79723884e+02
 1.77827941e+05  4.64102836e+01  1.77827941e+05  1.79721735e+02
 1.79198072e+05  4.64106642e+01  1.79198072e+05  1.79719568e+02
 1.80578760e+05  4.64110510e+01  1.80578760e+05  1.79717383e+02
 1.81970086e+05  4.64114442e+01  1.81970086e+05  1.79715182e+02
 1.83372132e+05  4.64118430e+01  1.83372132e+05  1.79712963e+02
 1.84784980e+05  4.64122481e+01  1.84784980e+05  1.79710726e+02
 1.86208714e+05  4.64126600e+01  1.86208714e+05  1.79708472e+02
 1.87643417e+05  4.64130779e+01  1.87643417e+05  1.79706199e+02
 1.89089175e+05  4.64135017e+01  1.89089175e+05  1.79703908e+02
 1.90546072e+05  4.64139327e+01  1.90546072e+05  1.79701599e+02
 1.92014194e+05  4.64143702e+01  1.92014194e+05  1.79699272e+02
 1.93493628e+05  4.64148146e+01  1.93493628e+05  1.79696926e+02
 1.94984460e+05  4.64152665e+01  1.94984460e+05  1.79694561e+02
 1.96486779e+05  4.64157236e+01  1.96486779e+05  1.79692177e+02
 1.98000673e+05  4.64161894e+01  1.98000673e+05  1.79689775e+02
 1.99526231e+05  4.64166620e+01  1.99526231e+05  1.79687352e+02
 2.01063544e+05  4.64171424e+01  2.01063544e+05  1.79684911e+02
 2.02612701e+05  4.64176296e+01  2.02612701e+05  1.79682450e+02
 2.04173794e+05  4.64181240e+01  2.04173794e+05  1.79679969e+02
 2.05746916e+05  4.64186265e+01  2.05746916e+05  1.79677469e+02
 2.07332157e+05  4.64191376e+01  2.07332157e+05  1.79674948e+02
 2.08929613e+05  4.64196557e+01  2.08929613e+05  1.79672407e+02
 2.10539377e+05  4.64201819e+01  2.10539377e+05  1.79669846e+02
 2.12161544e+05  4.64207170e+01  2.12161544e+05  1.79667264e+02
 2.13796209e+05  4.64212593e+01  2.13796209e+05  1.79664661e+02
 2.15443469e+05  4.64218099e+01  2.15443469e+05  1.79662037e+02
 2.17103421e+05  4.64223711e+01  2.17103421e+05  1.79659393e+02
 2.18776162e+05  4.64229396e+01  2.18776162e+05  1.79656726e+02
 2.20461792e+05  4.64235165e+01  2.20461792e+05  1.79654038e+02
 2.22160409e+05  4.64241027e+01  2.22160409e+05  1.79651328e+02
 2.23872114e+05  4.64246993e+01  2.23872114e+05  1.79648598e+02
 2.25597007e+05  4.64253042e+01  2.25597007e+05  1.79645844e+02
 2.27335190e+05  4.64259176e+01  2.27335190e+05  1.79643068e+02
 2.29086765e+05  4.64265411e+01  2.29086765e+05  1.79640270e+02
 2.30851836e+05  4.64271752e+01  2.30851836e+05  1.79637449e+02
 2.32630507e+05  4.64278172e+01  2.32630507e+05  1.79634605e+02
 2.34422882e+05  4.64284714e+01  2.34422882e+05  1.79631738e+02
 2.36229066e+05  4.64291360e+01  2.36229066e+05  1.79628848e+02
 2.38049167e+05  4.64298078e+01  2.38049167e+05  1.79625934e+02
 2.39883292e+05  4.64304932e+01  2.39883292e+05  1.79622996e+02
 2.41731548e+05  4.64311868e+01  2.41731548e+05  1.79620035e+02
 2.43594045e+05  4.64318941e+01  2.43594045e+05  1.79617049e+02
 2.45470892e+05  4.64326099e+01  2.45470892e+05  1.79614040e+02
 2.47362199e+05  4.64333377e+01  2.47362199e+05  1.79611005e+02
 2.49268079e+05  4.64340770e+01  2.49268079e+05  1.79607946e+02
 2.51188643e+05  4.64348276e+01  2.51188643e+05  1.79604861e+02
 2.53124005e+05  4.64355894e+01  2.53124005e+05  1.79601752e+02
 2.55074278e+05  4.64363637e+01  2.55074278e+05  1.79598616e+02
 2.57039578e+05  4.64371492e+01  2.57039578e+05  1.79595455e+02
 2.59020020e+05  4.64379472e+01  2.59020020e+05  1.79592269e+02
 2.61015722e+05  4.64387595e+01  2.61015722e+05  1.79589056e+02
 2.63026799e+05  4.64395816e+01  2.63026799e+05  1.79585816e+02
 2.65053372e+05  4.64404184e+01  2.65053372e+05  1.79582550e+02
 2.67095559e+05  4.64412668e+01  2.67095559e+05  1.79579258e+02
 2.69153480e+05  4.64421300e+01  2.69153480e+05  1.79575937e+02
 2.71227258e+05  4.64430055e+01  2.71227258e+05  1.79572590e+02
 2.73317014e+05  4.64438956e+01  2.73317014e+05  1.79569215e+02
 2.75422870e+05  4.64447985e+01  2.75422870e+05  1.79565811e+02
 2.77544952e+05  4.64457159e+01  2.77544952e+05  1.79562380e+02
 2.79683385e+05  4.64466482e+01  2.79683385e+05  1.79558920e+02
 2.81838293e+05  4.64475933e+01  2.81838293e+05  1.79555431e+02
 2.84009805e+05  4.64485555e+01  2.84009805e+05  1.79551914e+02
 2.86198048e+05  4.64495298e+01  2.86198048e+05  1.79548366e+02
 2.88403150e+05  4.64505218e+01  2.88403150e+05  1.79544790e+02
 2.90625243e+05  4.64515289e+01  2.90625243e+05  1.79541184e+02
 2.92864456e+05  4.64525504e+01  2.92864456e+05  1.79537546e+02
 2.95120923e+05  4.64535888e+01  2.95120923e+05  1.79533880e+02
 2.97394775e+05  4.64546434e+01  2.97394775e+05  1.79530184e+02
 2.99686146e+05  4.64557144e+01  2.99686146e+05  1.79526455e+02
 3.01995172e+05  4.64568014e+01  3.01995172e+05  1.79522695e+02
 3.04321989e+05  4.64579054e+01  3.04321989e+05  1.79518904e+02
 3.06666733e+05  4.64590282e+01  3.06666733e+05  1.79515080e+02
 3.09029543e+05  4.64601657e+01  3.09029543e+05  1.79511224e+02
 3.11410558e+05  4.64613244e+01  3.11410558e+05  1.79507338e+02
 3.13809919e+05  4.64624997e+01  3.13809919e+05  1.79503419e+02
 3.16227766e+05  4.64636916e+01  3.16227766e+05  1.79499463e+02
 3.18664242e+05  4.64649050e+01  3.18664242e+05  1.79495476e+02
 3.21119491e+05  4.64661342e+01  3.21119491e+05  1.79491455e+02
 3.23593657e+05  4.64673849e+01  3.23593657e+05  1.79487399e+02
 3.26086886e+05  4.64686542e+01  3.26086886e+05  1.79483309e+02
 3.28599325e+05  4.64699438e+01  3.28599325e+05  1.79479182e+02
 3.31131121e+05  4.64712518e+01  3.31131121e+05  1.79475024e+02
 3.33682425e+05  4.64725845e+01  3.33682425e+05  1.79470830e+02
 3.36253386e+05  4.64739338e+01  3.36253386e+05  1.79466598e+02
 3.38844156e+05  4.64753064e+01  3.38844156e+05  1.79462331e+02
 3.41454887e+05  4.64767001e+01  3.41454887e+05  1.79458026e+02
 3.44085734e+05  4.64781157e+01  3.44085734e+05  1.79453686e+02
 3.46736850e+05  4.64795518e+01  3.46736850e+05  1.79449307e+02
 3.49408393e+05  4.64810127e+01  3.49408393e+05  1.79444890e+02
 3.52100520e+05  4.64824945e+01  3.52100520e+05  1.79440436e+02
 3.54813389e+05  4.64840001e+01  3.54813389e+05  1.79435945e+02
 3.57547160e+05  4.64855289e+01  3.57547160e+05  1.79431411e+02
 3.60301995e+05  4.64870840e+01  3.60301995e+05  1.79426844e+02
 3.63078055e+05  4.64886592e+01  3.63078055e+05  1.79422230e+02
 3.65875504e+05  4.64902627e+01  3.65875504e+05  1.79417581e+02
 3.68694506e+05  4.64918878e+01  3.68694506e+05  1.79412887e+02
 3.71535229e+05  4.64935416e+01  3.71535229e+05  1.79408156e+02
 3.74397839e+05  4.64952241e+01  3.74397839e+05  1.79403385e+02
 3.77282505e+05  4.64969273e+01  3.77282505e+05  1.79398567e+02
 3.80189396e+05  4.64986587e+01  3.80189396e+05  1.79393710e+02
 3.83118685e+05  4.65004161e+01  3.83118685e+05  1.79388808e+02
 3.86070543e+05  4.65022012e+01  3.86070543e+05  1.79383865e+02
 3.89045145e+05  4.65040191e+01  3.89045145e+05  1.79378879e+02
 3.92042666e+05  4.65058610e+01  3.92042666e+05  1.79373847e+02
 3.95063281e+05  4.65077332e+01  3.95063281e+05  1.79368773e+02
 3.98107171e+05  4.65096338e+01  3.98107171e+05  1.79363648e+02
 4.01174512e+05  4.65115644e+01  4.01174512e+05  1.79358481e+02
 4.04265487e+05  4.65135236e+01  4.04265487e+05  1.79353266e+02
 4.07380278e+05  4.65155178e+01  4.07380278e+05  1.79348012e+02
 4.10519067e+05  4.65175384e+01  4.10519067e+05  1.79342703e+02
 4.13682040e+05  4.65195967e+01  4.13682040e+05  1.79337350e+02
 4.16869383e+05  4.65216834e+01  4.16869383e+05  1.79331948e+02
 4.20081285e+05  4.65237996e+01  4.20081285e+05  1.79326491e+02
 4.23317933e+05  4.65259566e+01  4.23317933e+05  1.79320992e+02
 4.26579519e+05  4.65281453e+01  4.26579519e+05  1.79315449e+02
 4.29866235e+05  4.65303635e+01  4.29866235e+05  1.79309845e+02
 4.33178274e+05  4.65326203e+01  4.33178274e+05  1.79304194e+02
 4.36515832e+05  4.65349136e+01  4.36515832e+05  1.79298493e+02
 4.39879106e+05  4.65372412e+01  4.39879106e+05  1.79292732e+02
 4.43268292e+05  4.65396081e+01  4.43268292e+05  1.79286933e+02
 4.46683592e+05  4.65420051e+01  4.46683592e+05  1.79281068e+02
 4.50125206e+05  4.65444455e+01  4.50125206e+05  1.79275156e+02
 4.53593337e+05  4.65469242e+01  4.53593337e+05  1.79269181e+02
 4.57088190e+05  4.65494410e+01  4.57088190e+05  1.79263156e+02
 4.60609969e+05  4.65519990e+01  4.60609969e+05  1.79257072e+02
 4.64158883e+05  4.65545993e+01  4.64158883e+05  1.79250945e+02
 4.67735141e+05  4.65572362e+01  4.67735141e+05  1.79244751e+02
 4.71338954e+05  4.65599142e+01  4.71338954e+05  1.79238494e+02
 4.74970533e+05  4.65626396e+01  4.74970533e+05  1.79232182e+02
 4.78630092e+05  4.65654027e+01  4.78630092e+05  1.79225823e+02
 4.82317848e+05  4.65682118e+01  4.82317848e+05  1.79219388e+02
 4.86034018e+05  4.65710631e+01  4.86034018e+05  1.79212898e+02
 4.89778819e+05  4.65739564e+01  4.89778819e+05  1.79206342e+02
 4.93552474e+05  4.65769041e+01  4.93552474e+05  1.79199730e+02
 4.97355204e+05  4.65798955e+01  4.97355204e+05  1.79193058e+02
 5.01187234e+05  4.65829317e+01  5.01187234e+05  1.79186320e+02
 5.05048788e+05  4.65860195e+01  5.05048788e+05  1.79179512e+02
 5.08940095e+05  4.65891498e+01  5.08940095e+05  1.79172646e+02
 5.12861384e+05  4.65923377e+01  5.12861384e+05  1.79165709e+02
 5.16812886e+05  4.65955708e+01  5.16812886e+05  1.79158707e+02
 5.20794833e+05  4.65988574e+01  5.20794833e+05  1.79151629e+02
 5.24807460e+05  4.66021973e+01  5.24807460e+05  1.79144497e+02
 5.28851004e+05  4.66055826e+01  5.28851004e+05  1.79137280e+02
 5.32925703e+05  4.66090270e+01  5.32925703e+05  1.79130002e+02
 5.37031796e+05  4.66125252e+01  5.37031796e+05  1.79122648e+02
 5.41169527e+05  4.66160825e+01  5.41169527e+05  1.79115232e+02
 5.45339137e+05  4.66196951e+01  5.45339137e+05  1.79107732e+02
 5.49540874e+05  4.66233572e+01  5.49540874e+05  1.79100157e+02
 5.53774984e+05  4.66270893e+01  5.53774984e+05  1.79092517e+02
 5.58041717e+05  4.66308822e+01  5.58041717e+05  1.79084801e+02
 5.62341325e+05  4.66347216e+01  5.62341325e+05  1.79077004e+02
 5.66674061e+05  4.66386306e+01  5.66674061e+05  1.79069124e+02
 5.71040179e+05  4.66425950e+01  5.71040179e+05  1.79061163e+02
 5.75439937e+05  4.66466300e+01  5.75439937e+05  1.79053132e+02
 5.79873595e+05  4.66507288e+01  5.79873595e+05  1.79045012e+02
 5.84341413e+05  4.66548925e+01  5.84341413e+05  1.79036806e+02
 5.88843655e+05  4.66591179e+01  5.88843655e+05  1.79028522e+02
 5.93380586e+05  4.66634159e+01  5.93380586e+05  1.79020165e+02
 5.97952473e+05  4.66677810e+01  5.97952473e+05  1.79011704e+02
 6.02559586e+05  4.66722166e+01  6.02559586e+05  1.79003161e+02
 6.07202196e+05  4.66767126e+01  6.07202196e+05  1.78994523e+02
 6.11880576e+05  4.66812969e+01  6.11880576e+05  1.78985817e+02
 6.16595002e+05  4.66859415e+01  6.16595002e+05  1.78976995e+02
 6.21345752e+05  4.66906641e+01  6.21345752e+05  1.78968093e+02
 6.26133105e+05  4.66954695e+01  6.26133105e+05  1.78959099e+02
 6.30957344e+05  4.67003493e+01  6.30957344e+05  1.78950007e+02
 6.35818754e+05  4.67052982e+01  6.35818754e+05  1.78940820e+02
 6.40717619e+05  4.67103365e+01  6.40717619e+05  1.78931532e+02
 6.45654229e+05  4.67154500e+01  6.45654229e+05  1.78922163e+02
 6.50628875e+05  4.67206472e+01  6.50628875e+05  1.78912659e+02
 6.55641849e+05  4.67259334e+01  6.55641849e+05  1.78903092e+02
 6.60693448e+05  4.67312939e+01  6.60693448e+05  1.78893385e+02
 6.65783968e+05  4.67367477e+01  6.65783968e+05  1.78883591e+02
 6.70913710e+05  4.67422872e+01  6.70913710e+05  1.78873689e+02
 6.76082975e+05  4.67479267e+01  6.76082975e+05  1.78863691e+02
 6.81292069e+05  4.67536450e+01  6.81292069e+05  1.78853557e+02
 6.86541298e+05  4.67594605e+01  6.86541298e+05  1.78843341e+02
 6.91830971e+05  4.67653630e+01  6.91830971e+05  1.78832990e+02
 6.97161400e+05  4.67713662e+01  6.97161400e+05  1.78822524e+02
 7.02532899e+05  4.67774679e+01  7.02532899e+05  1.78811950e+02
 7.07945784e+05  4.67836552e+01  7.07945784e+05  1.78801252e+02
 7.13400375e+05  4.67899558e+01  7.13400375e+05  1.78790447e+02
 7.18896992e+05  4.67963532e+01  7.18896992e+05  1.78779498e+02
 7.24435960e+05  4.68028600e+01  7.24435960e+05  1.78768425e+02
 7.30017605e+05  4.68094727e+01  7.30017605e+05  1.78757262e+02
 7.35642254e+05  4.68161860e+01  7.35642254e+05  1.78745931e+02
 7.41310241e+05  4.68230068e+01  7.41310241e+05  1.78734481e+02
 7.47021899e+05  4.68299427e+01  7.47021899e+05  1.78722902e+02
 7.52777564e+05  4.68369985e+01  7.52777564e+05  1.78711182e+02
 7.58577575e+05  4.68441654e+01  7.58577575e+05  1.78699347e+02
 7.64422274e+05  4.68514441e+01  7.64422274e+05  1.78687343e+02
 7.70312006e+05  4.68588262e+01  7.70312006e+05  1.78675183e+02
 7.76247117e+05  4.68663568e+01  7.76247117e+05  1.78662945e+02
 7.82227956e+05  4.68740024e+01  7.82227956e+05  1.78650522e+02
 7.88254877e+05  4.68817628e+01  7.88254877e+05  1.78637936e+02
 7.94328235e+05  4.68896515e+01  7.94328235e+05  1.78625203e+02
 8.00448386e+05  4.68976876e+01  8.00448386e+05  1.78612344e+02
 8.06615692e+05  4.69058349e+01  8.06615692e+05  1.78599279e+02
 8.12830516e+05  4.69141337e+01  8.12830516e+05  1.78586095e+02
 8.19093224e+05  4.69225433e+01  8.19093224e+05  1.78572707e+02
 8.25404185e+05  4.69311058e+01  8.25404185e+05  1.78559199e+02
 8.31763771e+05  4.69398245e+01  8.31763771e+05  1.78545528e+02
 8.38172356e+05  4.69486584e+01  8.38172356e+05  1.78531638e+02
 8.44630319e+05  4.69576477e+01  8.44630319e+05  1.78517613e+02
 8.51138038e+05  4.69667813e+01  8.51138038e+05  1.78503363e+02
 8.57695899e+05  4.69760942e+01  8.57695899e+05  1.78488991e+02
 8.64304286e+05  4.69855393e+01  8.64304286e+05  1.78474444e+02
 8.70963590e+05  4.69951357e+01  8.70963590e+05  1.78459683e+02
 8.77674203e+05  4.70048951e+01  8.77674203e+05  1.78444711e+02
 8.84436519e+05  4.70148185e+01  8.84436519e+05  1.78429562e+02
 8.91250938e+05  4.70249135e+01  8.91250938e+05  1.78414210e+02
 8.98117861e+05  4.70351739e+01  8.98117861e+05  1.78398683e+02
 9.05037692e+05  4.70455889e+01  9.05037692e+05  1.78382889e+02
 9.12010839e+05  4.70561871e+01  9.12010839e+05  1.78366937e+02
 9.19037713e+05  4.70669710e+01  9.19037713e+05  1.78350754e+02
 9.26118728e+05  4.70779181e+01  9.26118728e+05  1.78334371e+02
 9.33254301e+05  4.70890581e+01  9.33254301e+05  1.78317697e+02
 9.40444852e+05  4.71003885e+01  9.40444852e+05  1.78300871e+02
 9.47690805e+05  4.71119009e+01  9.47690805e+05  1.78283818e+02
 9.54992586e+05  4.71236226e+01  9.54992586e+05  1.78266510e+02
 9.62350626e+05  4.71355231e+01  9.62350626e+05  1.78248977e+02
 9.69765359e+05  4.71476337e+01  9.69765359e+05  1.78231188e+02
 9.77237221e+05  4.71599311e+01  9.77237221e+05  1.78213092e+02
 9.84766652e+05  4.71724667e+01  9.84766652e+05  1.78194817e+02
 9.92354096e+05  4.71851776e+01  9.92354096e+05  1.78176268e+02
 1.00000000e+06  4.71981334e+01  1.00000000e+06  1.78157438e+02
 1.00770481e+06  4.72112913e+01  1.00770481e+06  1.78138377e+02
 1.01546899e+06  4.72246827e+01  1.01546899e+06  1.78118956e+02
 1.02329299e+06  4.72382971e+01  1.02329299e+06  1.78099301e+02
 1.03117727e+06  4.72521556e+01  1.03117727e+06  1.78079348e+02
 1.03912230e+06  4.72662393e+01  1.03912230e+06  1.78059124e+02
 1.04712855e+06  4.72805532e+01  1.04712855e+06  1.78038568e+02
 1.05519648e+06  4.72951151e+01  1.05519648e+06  1.78017692e+02
 1.06332657e+06  4.73099497e+01  1.06332657e+06  1.77996602e+02
 1.07151931e+06  4.73250352e+01  1.07151931e+06  1.77975087e+02
 1.07977516e+06  4.73403373e+01  1.07977516e+06  1.77953244e+02
 1.08809463e+06  4.73559474e+01  1.08809463e+06  1.77931192e+02
 1.09647820e+06  4.73717918e+01  1.09647820e+06  1.77908641e+02
 1.10492636e+06  4.73879361e+01  1.10492636e+06  1.77885763e+02
 1.11343961e+06  4.74043784e+01  1.11343961e+06  1.77862636e+02
 1.12201845e+06  4.74210560e+01  1.12201845e+06  1.77839048e+02
 1.13066340e+06  4.74380710e+01  1.13066340e+06  1.77815130e+02
 1.13937495e+06  4.74553494e+01  1.13937495e+06  1.77790811e+02
 1.14815362e+06  4.74729273e+01  1.14815362e+06  1.77766075e+02
 1.15699993e+06  4.74908263e+01  1.15699993e+06  1.77741001e+02
 1.16591440e+06  4.75090656e+01  1.16591440e+06  1.77715487e+02
 1.17489755e+06  4.75275996e+01  1.17489755e+06  1.77689474e+02
 1.18394992e+06  4.75464270e+01  1.18394992e+06  1.77663192e+02
 1.19307204e+06  4.75656377e+01  1.19307204e+06  1.77636351e+02
 1.20226443e+06  4.75851484e+01  1.20226443e+06  1.77609071e+02
 1.21152766e+06  4.76050110e+01  1.21152766e+06  1.77581354e+02
 1.22086225e+06  4.76252547e+01  1.22086225e+06  1.77553211e+02
 1.23026877e+06  4.76458206e+01  1.23026877e+06  1.77524509e+02
 1.23974776e+06  4.76667991e+01  1.23974776e+06  1.77495316e+02
 1.24929979e+06  4.76881177e+01  1.24929979e+06  1.77465599e+02
 1.25892541e+06  4.77098283e+01  1.25892541e+06  1.77435418e+02
 1.26862520e+06  4.77319248e+01  1.26862520e+06  1.77404639e+02
 1.27839972e+06  4.77544187e+01  1.27839972e+06  1.77373363e+02
 1.28824955e+06  4.77773064e+01  1.28824955e+06  1.77341448e+02
 1.29817528e+06  4.78006214e+01  1.29817528e+06  1.77308909e+02
 1.30817747e+06  4.78243455e+01  1.30817747e+06  1.77275888e+02
 1.31825674e+06  4.78485380e+01  1.31825674e+06  1.77242375e+02
 1.32841366e+06  4.78731346e+01  1.32841366e+06  1.77208018e+02
 1.33864884e+06  4.78981854e+01  1.33864884e+06  1.77173135e+02
 1.34896288e+06  4.79237006e+01  1.34896288e+06  1.77137407e+02
 1.35935639e+06  4.79496962e+01  1.35935639e+06  1.77101166e+02
 1.36982998e+06  4.79761299e+01  1.36982998e+06  1.77064187e+02
 1.38038426e+06  4.80031237e+01  1.38038426e+06  1.77026576e+02
 1.39101987e+06  4.80305704e+01  1.39101987e+06  1.76988195e+02
 1.40173742e+06  4.80585142e+01  1.40173742e+06  1.76949107e+02
 1.41253754e+06  4.80869779e+01  1.41253754e+06  1.76908923e+02
 1.42342088e+06  4.81160217e+01  1.42342088e+06  1.76868288e+02
 1.43438808e+06  4.81455628e+01  1.43438808e+06  1.76826664e+02
 1.44543977e+06  4.81757095e+01  1.44543977e+06  1.76784134e+02
 1.45657662e+06  4.82063594e+01  1.45657662e+06  1.76740928e+02
 1.46779927e+06  4.82376223e+01  1.46779927e+06  1.76696679e+02
 1.47910839e+06  4.82694713e+01  1.47910839e+06  1.76651495e+02
 1.49050464e+06  4.83019565e+01  1.49050464e+06  1.76605511e+02
 1.50198870e+06  4.83350487e+01  1.50198870e+06  1.76558471e+02
 1.51356125e+06  4.83687690e+01  1.51356125e+06  1.76510311e+02
 1.52522296e+06  4.84031606e+01  1.52522296e+06  1.76461226e+02
 1.53697452e+06  4.84381770e+01  1.53697452e+06  1.76410982e+02
 1.54881662e+06  4.84738952e+01  1.54881662e+06  1.76359681e+02
 1.56074996e+06  4.85103014e+01  1.56074996e+06  1.76307369e+02
 1.57277525e+06  4.85474287e+01  1.57277525e+06  1.76253468e+02
 1.58489319e+06  4.85853121e+01  1.58489319e+06  1.76198725e+02
 1.59710450e+06  4.86239112e+01  1.59710450e+06  1.76142608e+02
 1.60940989e+06  4.86632659e+01  1.60940989e+06  1.76085082e+02
 1.62181010e+06  4.87034309e+01  1.62181010e+06  1.76026358e+02
 1.63430584e+06  4.87444063e+01  1.63430584e+06  1.75966129e+02
 1.64689787e+06  4.87861616e+01  1.64689787e+06  1.75904549e+02
 1.65958691e+06  4.88287833e+01  1.65958691e+06  1.75841410e+02
 1.67237372e+06  4.88722616e+01  1.67237372e+06  1.75776868e+02
 1.68525904e+06  4.89166704e+01  1.68525904e+06  1.75710386e+02
 1.69824365e+06  4.89619624e+01  1.69824365e+06  1.75642631e+02
 1.71132830e+06  4.90081810e+01  1.71132830e+06  1.75572974e+02
 1.72451377e+06  4.90553280e+01  1.72451377e+06  1.75501571e+02
 1.73780083e+06  4.91035060e+01  1.73780083e+06  1.75428553e+02
 1.75119026e+06  4.91526352e+01  1.75119026e+06  1.75353512e+02
 1.76468286e+06  4.92027832e+01  1.76468286e+06  1.75276349e+02
 1.77827941e+06  4.92540193e+01  1.77827941e+06  1.75197209e+02
 1.79198072e+06  4.93063644e+01  1.79198072e+06  1.75116054e+02
 1.80578760e+06  4.93598440e+01  1.80578760e+06  1.75032527e+02
 1.81970086e+06  4.94144183e+01  1.81970086e+06  1.74946696e+02
 1.83372132e+06  4.94701634e+01  1.83372132e+06  1.74858653e+02
 1.84784980e+06  4.95271419e+01  1.84784980e+06  1.74768073e+02
 1.86208714e+06  4.95853764e+01  1.86208714e+06  1.74674911e+02
 1.87643417e+06  4.96449175e+01  1.87643417e+06  1.74578835e+02
 1.89089175e+06  4.97056985e+01  1.89089175e+06  1.74480251e+02
 1.90546072e+06  4.97678303e+01  1.90546072e+06  1.74378745e+02
 1.92014194e+06  4.98313907e+01  1.92014194e+06  1.74274142e+02
 1.93493628e+06  4.98963954e+01  1.93493628e+06  1.74166380e+02
 1.94984460e+06  4.99628990e+01  1.94984460e+06  1.74055095e+02
 1.96486779e+06  5.00308590e+01  1.96486779e+06  1.73940861e+02
 1.98000673e+06  5.01004180e+01  1.98000673e+06  1.73822556e+02
 1.99526231e+06  5.01715893e+01  1.99526231e+06  1.73700715e+02
 2.01063544e+06  5.02443396e+01  2.01063544e+06  1.73575058e+02
 2.02612701e+06  5.03188988e+01  2.02612701e+06  1.73445061e+02
 2.04173794e+06  5.03951514e+01  2.04173794e+06  1.73310912e+02
 2.05746916e+06  5.04732878e+01  2.05746916e+06  1.73172445e+02
 2.07332157e+06  5.05532803e+01  2.07332157e+06  1.73028709e+02
 2.08929613e+06  5.06352413e+01  2.08929613e+06  1.72880422e+02
 2.10539377e+06  5.07192198e+01  2.10539377e+06  1.72726757e+02
 2.12161544e+06  5.08051542e+01  2.12161544e+06  1.72567861e+02
 2.13796209e+06  5.08933084e+01  2.13796209e+06  1.72403312e+02
 2.15443469e+06  5.09836969e+01  2.15443469e+06  1.72232207e+02
 2.17103421e+06  5.10763614e+01  2.17103421e+06  1.72055066e+02
 2.18776162e+06  5.11712213e+01  2.18776162e+06  1.71871243e+02
 2.20461792e+06  5.12687888e+01  2.20461792e+06  1.71680405e+02
 2.22160409e+06  5.13688042e+01  2.22160409e+06  1.71481704e+02
 2.23872114e+06  5.14713602e+01  2.23872114e+06  1.71275730e+02
 2.25597007e+06  5.15767385e+01  2.25597007e+06  1.71060985e+02
 2.27335190e+06  5.16849196e+01  2.27335190e+06  1.70837755e+02
 2.29086765e+06  5.17959511e+01  2.29086765e+06  1.70605140e+02
 2.30851836e+06  5.19100415e+01  2.30851836e+06  1.70362517e+02
 2.32630507e+06  5.20273006e+01  2.32630507e+06  1.70109746e+02
 2.34422882e+06  5.21478850e+01  2.34422882e+06  1.69845084e+02
 2.36229066e+06  5.22718284e+01  2.36229066e+06  1.69569135e+02
 2.38049167e+06  5.23992563e+01  2.38049167e+06  1.69280594e+02
 2.39883292e+06  5.25304844e+01  2.39883292e+06  1.68978450e+02
 2.41731548e+06  5.26653674e+01  2.41731548e+06  1.68662278e+02
 2.43594045e+06  5.28042759e+01  2.43594045e+06  1.68330449e+02
 2.45470892e+06  5.29472438e+01  2.45470892e+06  1.67982398e+02
 2.47362199e+06  5.30947440e+01  2.47362199e+06  1.67616433e+02
 2.49268079e+06  5.32465990e+01  2.49268079e+06  1.67231874e+02
 2.51188643e+06  5.34031300e+01  2.51188643e+06  1.66826985e+02
 2.53124005e+06  5.35646363e+01  2.53124005e+06  1.66400050e+02
 2.55074278e+06  5.37311391e+01  2.55074278e+06  1.65949965e+02
 2.57039578e+06  5.39030158e+01  2.57039578e+06  1.65474278e+02
 2.59020020e+06  5.40804343e+01  2.59020020e+06  1.64971121e+02
 2.61015722e+06  5.42635691e+01  2.61015722e+06  1.64438373e+02
 2.63026799e+06  5.44528145e+01  2.63026799e+06  1.63873284e+02
 2.65053372e+06  5.46482884e+01  2.65053372e+06  1.63273016e+02
 2.67095559e+06  5.48503645e+01  2.67095559e+06  1.62635014e+02
 2.69153480e+06  5.50591961e+01  2.69153480e+06  1.61954970e+02
 2.71227258e+06  5.52753385e+01  2.71227258e+06  1.61229237e+02
 2.73317014e+06  5.54987520e+01  2.73317014e+06  1.60453894e+02
 2.75422870e+06  5.57299378e+01  2.75422870e+06  1.59623565e+02
 2.77544952e+06  5.59690620e+01  2.77544952e+06  1.58733181e+02
 2.79683385e+06  5.62164479e+01  2.79683385e+06  1.57776278e+02
 2.81838293e+06  5.64723220e+01  2.81838293e+06  1.56746013e+02
 2.84009805e+06  5.67369581e+01  2.84009805e+06  1.55634365e+02
 2.86198048e+06  5.70104798e+01  2.86198048e+06  1.54432998e+02
 2.88403150e+06  5.72928624e+01  2.88403150e+06  1.53131744e+02
 2.90625243e+06  5.75843172e+01  2.90625243e+06  1.51719124e+02
 2.92864456e+06  5.78844996e+01  2.92864456e+06  1.50182866e+02
 2.95120923e+06  5.81931743e+01  2.95120923e+06  1.48508551e+02
 2.97394775e+06  5.85097072e+01  2.97394775e+06  1.46680706e+02
 2.99686146e+06  5.88331702e+01  2.99686146e+06  1.44681558e+02
 3.01995172e+06  5.91622412e+01  3.01995172e+06  1.42492017e+02
 3.04321989e+06  5.94947665e+01  3.04321989e+06  1.40091725e+02
 3.06666733e+06  5.98283810e+01  3.06666733e+06  1.37458620e+02
 3.09029543e+06  6.01594879e+01  3.09029543e+06  1.34570928e+02
 3.11410558e+06  6.04837249e+01  3.11410558e+06  1.31407082e+02
 3.13809919e+06  6.07952683e+01  3.13809919e+06  1.27948987e+02
 3.16227766e+06  6.10871765e+01  3.16227766e+06  1.24183240e+02
 3.18664242e+06  6.13514978e+01  3.18664242e+06  1.20104593e+02
 3.21119491e+06  6.15787207e+01  3.21119491e+06  1.15720400e+02
 3.23593657e+06  6.17592950e+01  3.23593657e+06  1.11052937e+02
 3.26086886e+06  6.18839850e+01  3.26086886e+06  1.06142112e+02
 3.28599325e+06  6.19442890e+01  3.28599325e+06  1.01046959e+02
 3.31131121e+06  6.19346003e+01  3.31131121e+06  9.58420363e+01
 3.33682425e+06  6.18517113e+01  3.33682425e+06  9.06124580e+01
 3.36253386e+06  6.16965936e+01  3.36253386e+06  8.54455778e+01
 3.38844156e+06  6.14737951e+01  3.38844156e+06  8.04229317e+01
 3.41454887e+06  6.11900341e+01  3.41454887e+06  7.56126276e+01
 3.44085734e+06  6.08539630e+01  3.44085734e+06  7.10659734e+01
 3.46736850e+06  6.04757912e+01  3.46736850e+06  6.68147050e+01
 3.49408393e+06  6.00644146e+01  3.49408393e+06  6.28743043e+01
 3.52100520e+06  5.96292976e+01  3.52100520e+06  5.92463157e+01
 3.54813389e+06  5.91775919e+01  3.54813389e+06  5.59214261e+01
 3.57547160e+06  5.87158516e+01  3.57547160e+06  5.28840243e+01
 3.60301995e+06  5.82494045e+01  3.60301995e+06  5.01142193e+01
 3.63078055e+06  5.77818122e+01  3.63078055e+06  4.75898482e+01
 3.65875504e+06  5.73165560e+01  3.65875504e+06  4.52892139e+01
 3.68694506e+06  5.68556756e+01  3.68694506e+06  4.31907746e+01
 3.71535229e+06  5.64011547e+01  3.71535229e+06  4.12749964e+01
 3.74397839e+06  5.59541512e+01  3.74397839e+06  3.95231435e+01
 3.77282505e+06  5.55151938e+01  3.77282505e+06  3.79182542e+01
 3.80189396e+06  5.50847121e+01  3.80189396e+06  3.64450808e+01
 3.83118685e+06  5.46631047e+01  3.83118685e+06  3.50911425e+01
 3.86070543e+06  5.42509064e+01  3.86070543e+06  3.38438736e+01
 3.89045145e+06  5.38470976e+01  3.89045145e+06  3.26921269e+01
 3.92042666e+06  5.34522522e+01  3.92042666e+06  3.16266907e+01
 3.95063281e+06  5.30662571e+01  3.95063281e+06  3.06408021e+01
 3.98107171e+06  5.26884034e+01  3.98107171e+06  2.97238965e+01
 4.01174512e+06  5.23187357e+01  4.01174512e+06  2.88722946e+01
 4.04265487e+06  5.19571888e+01  4.04265487e+06  2.80792897e+01
 4.07380278e+06  5.16028347e+01  4.07380278e+06  2.73384018e+01
 4.10519067e+06  5.12558294e+01  4.10519067e+06  2.66465018e+01
 4.13682040e+06  5.09159573e+01  4.13682040e+06  2.59984268e+01
 4.16869383e+06  5.05828356e+01  4.16869383e+06  2.53914415e+01
 4.20081285e+06  5.02559555e+01  4.20081285e+06  2.48216696e+01
 4.23317933e+06  4.99355716e+01  4.23317933e+06  2.42864858e+01
 4.26579519e+06  4.96206253e+01  4.26579519e+06  2.37817008e+01
 4.29866235e+06  4.93115203e+01  4.29866235e+06  2.33067497e+01
 4.33178274e+06  4.90080340e+01  4.33178274e+06  2.28604261e+01
 4.36515832e+06  4.87097989e+01  4.36515832e+06  2.24380795e+01
 4.39879106e+06  4.84163058e+01  4.39879106e+06  2.20379880e+01
 4.43268292e+06  4.81276569e+01  4.43268292e+06  2.16602103e+01
 4.46683592e+06  4.78439170e+01  4.46683592e+06  2.13023959e+01
 4.50125206e+06  4.75639514e+01  4.50125206e+06  2.09633219e+01
 4.53593337e+06  4.72888559e+01  4.53593337e+06  2.06435907e+01
 4.57088190e+06  4.70175375e+01  4.57088190e+06  2.03392408e+01
 4.60609969e+06  4.67497540e+01  4.60609969e+06  2.00496714e+01
 4.64158883e+06  4.64862122e+01  4.64158883e+06  1.97747203e+01
 4.67735141e+06  4.62263316e+01  4.67735141e+06  1.95133344e+01
 4.71338954e+06  4.59700383e+01  4.71338954e+06  1.92655712e+01
 4.74970533e+06  4.57165089e+01  4.74970533e+06  1.90297094e+01
 4.78630092e+06  4.54661015e+01  4.78630092e+06  1.88029304e+01
 4.82317848e+06  4.52194462e+01  4.82317848e+06  1.85899294e+01
 4.86034018e+06  4.49752086e+01  4.86034018e+06  1.83859412e+01
 4.89778819e+06  4.47343306e+01  4.89778819e+06  1.81904309e+01
 4.93552474e+06  4.44956696e+01  4.93552474e+06  1.80049263e+01
 4.97355204e+06  4.42600319e+01  4.97355204e+06  1.78300562e+01
 5.01187234e+06  4.40267759e+01  5.01187234e+06  1.76601555e+01
 5.05048788e+06  4.37961612e+01  5.05048788e+06  1.74997932e+01
 5.08940095e+06  4.35676000e+01  5.08940095e+06  1.73452020e+01
 5.12861384e+06  4.33419783e+01  5.12861384e+06  1.71999511e+01
 5.16812886e+06  4.31182938e+01  5.16812886e+06  1.70596388e+01
 5.20794833e+06  4.28967070e+01  5.20794833e+06  1.69272397e+01
 5.24807460e+06  4.26769911e+01  5.24807460e+06  1.68007325e+01
 5.28851004e+06  4.24598574e+01  5.28851004e+06  1.66810334e+01
 5.32925703e+06  4.22441857e+01  5.32925703e+06  1.65642158e+01
 5.37031796e+06  4.20305478e+01  5.37031796e+06  1.64547698e+01
 5.41169527e+06  4.18192357e+01  5.41169527e+06  1.63521666e+01
 5.45339137e+06  4.16091021e+01  5.45339137e+06  1.62497705e+01
 5.49540874e+06  4.14009774e+01  5.49540874e+06  1.61547579e+01
 5.53774984e+06  4.11940929e+01  5.53774984e+06  1.60654979e+01
 5.58041717e+06  4.09892139e+01  5.58041717e+06  1.59775729e+01
 5.62341325e+06  4.07852873e+01  5.62341325e+06  1.58956701e+01
 5.66674061e+06  4.05836790e+01  5.66674061e+06  1.58198593e+01
 5.71040179e+06  4.03836433e+01  5.71040179e+06  1.57451485e+01
 5.75439937e+06  4.01846328e+01  5.75439937e+06  1.56759305e+01
 5.79873595e+06  3.99866839e+01  5.79873595e+06  1.56093918e+01
 5.84341413e+06  3.97904109e+01  5.84341413e+06  1.55459764e+01
 5.88843655e+06  3.95956754e+01  5.88843655e+06  1.54869687e+01
 5.93380586e+06  3.94020524e+01  5.93380586e+06  1.54302650e+01
 5.97952473e+06  3.92093087e+01  5.97952473e+06  1.53791359e+01
 6.02559586e+06  3.90184665e+01  6.02559586e+06  1.53287873e+01
 6.07202196e+06  3.88281709e+01  6.07202196e+06  1.52810289e+01
 6.11880576e+06  3.86395779e+01  6.11880576e+06  1.52396067e+01
 6.16595002e+06  3.84517098e+01  6.16595002e+06  1.51981863e+01
 6.21345752e+06  3.82647784e+01  6.21345752e+06  1.51590676e+01
 6.26133105e+06  3.80794083e+01  6.26133105e+06  1.51248825e+01
 6.30957344e+06  3.78944331e+01  6.30957344e+06  1.50907995e+01
 6.35818754e+06  3.77109023e+01  6.35818754e+06  1.50606791e+01
 6.40717619e+06  3.75275942e+01  6.40717619e+06  1.50321870e+01
 6.45654229e+06  3.73466598e+01  6.45654229e+06  1.50047698e+01
 6.50628875e+06  3.71653769e+01  6.50628875e+06  1.49821780e+01
 6.55641849e+06  3.69850732e+01  6.55641849e+06  1.49671338e+01
 6.60693448e+06  3.68059666e+01  6.60693448e+06  1.49469591e+01
 6.65783968e+06  3.66284362e+01  6.65783968e+06  1.49278485e+01
 6.70913710e+06  3.64511995e+01  6.70913710e+06  1.49156393e+01
 6.76082975e+06  3.62742619e+01  6.76082975e+06  1.49045226e+01
 6.81292069e+06  3.60981322e+01  6.81292069e+06  1.48955421e+01
 6.86541298e+06  3.59225930e+01  6.86541298e+06  1.48849679e+01
 6.91830971e+06  3.57489627e+01  6.91830971e+06  1.48798056e+01
 6.97161400e+06  3.55750002e+01  6.97161400e+06  1.48753512e+01
 7.02532899e+06  3.54013575e+01  7.02532899e+06  1.48753647e+01
 7.07945784e+06  3.52296203e+01  7.07945784e+06  1.48730930e+01
 7.13400375e+06  3.50581509e+01  7.13400375e+06  1.48749105e+01
 7.18896992e+06  3.48869819e+01  7.18896992e+06  1.48800785e+01
 7.24435960e+06  3.47173891e+01  7.24435960e+06  1.48827989e+01
 7.30017605e+06  3.45478460e+01  7.30017605e+06  1.48922757e+01
 7.35642254e+06  3.43780766e+01  7.35642254e+06  1.48984856e+01
 7.41310241e+06  3.42096888e+01  7.41310241e+06  1.49122042e+01
 7.47021899e+06  3.40419406e+01  7.47021899e+06  1.49221754e+01
 7.52777564e+06  3.38745669e+01  7.52777564e+06  1.49349206e+01
 7.58577575e+06  3.37075517e+01  7.58577575e+06  1.49517796e+01
 7.64422274e+06  3.35413181e+01  7.64422274e+06  1.49668650e+01
 7.70312006e+06  3.33757274e+01  7.70312006e+06  1.49864886e+01
 7.76247117e+06  3.32099000e+01  7.76247117e+06  1.50074656e+01
 7.82227956e+06  3.30450898e+01  7.82227956e+06  1.50291967e+01
 7.88254877e+06  3.28809231e+01  7.88254877e+06  1.50547036e+01
 7.94328235e+06  3.27162086e+01  7.94328235e+06  1.50792710e+01
 8.00448386e+06  3.25539940e+01  8.00448386e+06  1.51051912e+01
 8.06615692e+06  3.23910962e+01  8.06615692e+06  1.51314144e+01
 8.12830516e+06  3.22279794e+01  8.12830516e+06  1.51596449e+01
 8.19093224e+06  3.20665860e+01  8.19093224e+06  1.51874464e+01
 8.25404185e+06  3.19039233e+01  8.25404185e+06  1.52233608e+01
 8.31763771e+06  3.17429862e+01  8.31763771e+06  1.52543456e+01
 8.38172356e+06  3.15821681e+01  8.38172356e+06  1.52902817e+01
 8.44630319e+06  3.14210216e+01  8.44630319e+06  1.53286439e+01
 8.51138038e+06  3.12612304e+01  8.51138038e+06  1.53679806e+01
 8.57695899e+06  3.11009018e+01  8.57695899e+06  1.54037798e+01
 8.64304286e+06  3.09424898e+01  8.64304286e+06  1.54440107e+01
 8.70963590e+06  3.07818533e+01  8.70963590e+06  1.54860077e+01
 8.77674203e+06  3.06238680e+01  8.77674203e+06  1.55300827e+01
 8.84436519e+06  3.04656626e+01  8.84436519e+06  1.55751855e+01
 8.91250938e+06  3.03062053e+01  8.91250938e+06  1.56217300e+01
 8.98117861e+06  3.01495196e+01  8.98117861e+06  1.56726302e+01
 9.05037692e+06  2.99914356e+01  9.05037692e+06  1.57176936e+01
 9.12010839e+06  2.98333231e+01  9.12010839e+06  1.57715846e+01
 9.19037713e+06  2.96768354e+01  9.19037713e+06  1.58193004e+01
 9.26118728e+06  2.95214017e+01  9.26118728e+06  1.58742374e+01
 9.33254301e+06  2.93639762e+01  9.33254301e+06  1.59258509e+01
 9.40444852e+06  2.92080553e+01  9.40444852e+06  1.59835717e+01
 9.47690805e+06  2.90512609e+01  9.47690805e+06  1.60406273e+01
 9.54992586e+06  2.88961325e+01  9.54992586e+06  1.60979940e+01
 9.62350626e+06  2.87396876e+01  9.62350626e+06  1.61606704e+01
 9.69765359e+06  2.85848449e+01  9.69765359e+06  1.62196316e+01
 9.77237221e+06  2.84288651e+01  9.77237221e+06  1.62821623e+01
 9.84766652e+06  2.82754439e+01  9.84766652e+06  1.63425799e+01
 9.92354096e+06  2.81207411e+01  9.92354096e+06  1.64080896e+01
 1.00000000e+07  2.79659318e+01  1.00000000e+07  1.64763751e+01
 1.00770481e+07  2.78119019e+01  1.00770481e+07  1.65416089e+01
 1.01546899e+07  2.76581816e+01  1.01546899e+07  1.66106615e+01
 1.02329299e+07  2.75023443e+01  1.02329299e+07  1.66809100e+01
 1.03117727e+07  2.73494527e+01  1.03117727e+07  1.67526508e+01
 1.03912230e+07  2.71963569e+01  1.03912230e+07  1.68272485e+01
 1.04712855e+07  2.70417838e+01  1.04712855e+07  1.69068826e+01
 1.05519648e+07  2.68898296e+01  1.05519648e+07  1.69784980e+01
 1.06332657e+07  2.67356696e+01  1.06332657e+07  1.70620956e+01
 1.07151931e+07  2.65822860e+01  1.07151931e+07  1.71378065e+01
 1.07977516e+07  2.64310010e+01  1.07977516e+07  1.72203063e+01
 1.08809463e+07  2.62778399e+01  1.08809463e+07  1.72956123e+01
 1.09647820e+07  2.61249474e+01  1.09647820e+07  1.73830771e+01
 1.10492636e+07  2.59725821e+01  1.10492636e+07  1.74668021e+01
 1.11343961e+07  2.58206430e+01  1.11343961e+07  1.75534281e+01
 1.12201845e+07  2.56664639e+01  1.12201845e+07  1.76410677e+01
 1.13066340e+07  2.55151331e+01  1.13066340e+07  1.77335769e+01
 1.13937495e+07  2.53634388e+01  1.13937495e+07  1.78230866e+01
 1.14815362e+07  2.52093503e+01  1.14815362e+07  1.79160949e+01
 1.15699993e+07  2.50588749e+01  1.15699993e+07  1.80114769e+01
 1.16591440e+07  2.49062520e+01  1.16591440e+07  1.81087231e+01
 1.17489755e+07  2.47561885e+01  1.17489755e+07  1.81929239e+01
 1.18394992e+07  2.46029396e+01  1.18394992e+07  1.83057263e+01
 1.19307204e+07  2.44538366e+01  1.19307204e+07  1.83935910e+01
 1.20226443e+07  2.43008640e+01  1.20226443e+07  1.84958244e+01
 1.21152766e+07  2.41486077e+01  1.21152766e+07  1.86047719e+01
 1.22086225e+07  2.39975141e+01  1.22086225e+07  1.87082286e+01
 1.23026877e+07  2.38464341e+01  1.23026877e+07  1.88064288e+01
 1.23974776e+07  2.36927241e+01  1.23974776e+07  1.89239807e+01
 1.24929979e+07  2.35414076e+01  1.24929979e+07  1.90374602e+01
 1.25892541e+07  2.33920793e+01  1.25892541e+07  1.91400894e+01
 1.26862520e+07  2.32413637e+01  1.26862520e+07  1.92563064e+01
 1.27839972e+07  2.30884325e+01  1.27839972e+07  1.93688584e+01
 1.28824955e+07  2.29378885e+01  1.28824955e+07  1.94869002e+01
 1.29817528e+07  2.27858426e+01  1.29817528e+07  1.96098719e+01
 1.30817747e+07  2.26328578e+01  1.30817747e+07  1.97209677e+01
 1.31825674e+07  2.24819953e+01  1.31825674e+07  1.98454150e+01
 1.32841366e+07  2.23321331e+01  1.32841366e+07  1.99727514e+01
 1.33864884e+07  2.21796663e+01  1.33864884e+07  2.00915099e+01
 1.34896288e+07  2.20274587e+01  1.34896288e+07  2.02248519e+01
 1.35935639e+07  2.18778737e+01  1.35935639e+07  2.03489605e+01
 1.36982998e+07  2.17250838e+01  1.36982998e+07  2.04834158e+01
 1.38038426e+07  2.15740591e+01  1.38038426e+07  2.06090267e+01
 1.39101987e+07  2.14232124e+01  1.39101987e+07  2.07509471e+01
 1.40173742e+07  2.12726209e+01  1.40173742e+07  2.08820616e+01
 1.41253754e+07  2.11194561e+01  1.41253754e+07  2.10283180e+01
 1.42342088e+07  2.09673953e+01  1.42342088e+07  2.11780755e+01
 1.43438808e+07  2.08161634e+01  1.43438808e+07  2.13193479e+01
 1.44543977e+07  2.06661193e+01  1.44543977e+07  2.14499190e+01
 1.45657662e+07  2.05130315e+01  1.45657662e+07  2.16091454e+01
 1.46779927e+07  2.03612645e+01  1.46779927e+07  2.17516894e+01
 1.47910839e+07  2.02105567e+01  1.47910839e+07  2.18971273e+01
 1.49050464e+07  2.00563884e+01  1.49050464e+07  2.20572906e+01
 1.50198870e+07  1.99031395e+01  1.50198870e+07  2.22176378e+01
 1.51356125e+07  1.97517350e+01  1.51356125e+07  2.23649288e+01
 1.52522296e+07  1.96010214e+01  1.52522296e+07  2.25297162e+01
 1.53697452e+07  1.94480381e+01  1.53697452e+07  2.26863704e+01
 1.54881662e+07  1.92929599e+01  1.54881662e+07  2.28645903e+01
 1.56074996e+07  1.91411026e+01  1.56074996e+07  2.30349734e+01
 1.57277525e+07  1.89895889e+01  1.57277525e+07  2.31981203e+01
 1.58489319e+07  1.88358478e+01  1.58489319e+07  2.33729261e+01
 1.59710450e+07  1.86816272e+01  1.59710450e+07  2.35568422e+01
 1.60940989e+07  1.85258156e+01  1.60940989e+07  2.37419727e+01
 1.62181010e+07  1.83721670e+01  1.62181010e+07  2.39172652e+01
 1.63430584e+07  1.82211004e+01  1.63430584e+07  2.40921703e+01
 1.64689787e+07  1.80699425e+01  1.64689787e+07  2.42631352e+01
 1.65958691e+07  1.79147705e+01  1.65958691e+07  2.44573024e+01
 1.67237372e+07  1.77631069e+01  1.67237372e+07  2.46425226e+01
 1.68525904e+07  1.76066705e+01  1.68525904e+07  2.48454248e+01
 1.69824365e+07  1.74530506e+01  1.69824365e+07  2.50510120e+01
 1.71132830e+07  1.73007969e+01  1.71132830e+07  2.52487319e+01
 1.72451377e+07  1.71440469e+01  1.72451377e+07  2.54545051e+01
 1.73780083e+07  1.69916245e+01  1.73780083e+07  2.56548486e+01
 1.75119026e+07  1.68367398e+01  1.75119026e+07  2.58691358e+01
 1.76468286e+07  1.66807523e+01  1.76468286e+07  2.60779749e+01
 1.77827941e+07  1.65220456e+01  1.77827941e+07  2.63064069e+01
 1.79198072e+07  1.63658770e+01  1.79198072e+07  2.65338814e+01
 1.80578760e+07  1.62137235e+01  1.80578760e+07  2.67192118e+01
 1.81970086e+07  1.60563968e+01  1.81970086e+07  2.69726526e+01
 1.83372132e+07  1.59016642e+01  1.83372132e+07  2.71977626e+01
 1.84784980e+07  1.57493441e+01  1.84784980e+07  2.74073563e+01
 1.86208714e+07  1.55887114e+01  1.86208714e+07  2.76727445e+01
 1.87643417e+07  1.54296201e+01  1.87643417e+07  2.79199495e+01
 1.89089175e+07  1.52766586e+01  1.89089175e+07  2.81611236e+01
 1.90546072e+07  1.51156144e+01  1.90546072e+07  2.84004523e+01
 1.92014194e+07  1.49615659e+01  1.92014194e+07  2.86382605e+01
 1.93493628e+07  1.48055870e+01  1.93493628e+07  2.89181457e+01
 1.94984460e+07  1.46465162e+01  1.94984460e+07  2.91780264e+01
 1.96486779e+07  1.44836727e+01  1.96486779e+07  2.94645535e+01
 1.98000673e+07  1.43269610e+01  1.98000673e+07  2.97308392e+01
 1.99526231e+07  1.41740630e+01  1.99526231e+07  2.99624835e+01
 2.01063544e+07  1.40142794e+01  2.01063544e+07  3.02341128e+01
 2.02612701e+07  1.38544022e+01  2.02612701e+07  3.05254136e+01
 2.04173794e+07  1.36914923e+01  2.04173794e+07  3.08475421e+01
 2.05746916e+07  1.35344484e+01  2.05746916e+07  3.11440492e+01
 2.07332157e+07  1.33745956e+01  2.07332157e+07  3.14252401e+01
 2.08929613e+07  1.32141320e+01  2.08929613e+07  3.17253061e+01
 2.10539377e+07  1.30556533e+01  2.10539377e+07  3.20216211e+01
 2.12161544e+07  1.28910142e+01  2.12161544e+07  3.23574782e+01
 2.13796209e+07  1.27273443e+01  2.13796209e+07  3.26744308e+01
 2.15443469e+07  1.25691721e+01  2.15443469e+07  3.29869090e+01
 2.17103421e+07  1.24131985e+01  2.17103421e+07  3.33257717e+01
 2.18776162e+07  1.22534836e+01  2.18776162e+07  3.35805975e+01
 2.20461792e+07  1.20928490e+01  2.20461792e+07  3.40025012e+01
 2.22160409e+07  1.19254983e+01  2.22160409e+07  3.43445633e+01
 2.23872114e+07  1.17700975e+01  2.23872114e+07  3.46811415e+01
 2.25597007e+07  1.15994394e+01  2.25597007e+07  3.50993593e+01
 2.27335190e+07  1.14322624e+01  2.27335190e+07  3.54270802e+01
 2.29086765e+07  1.12678156e+01  2.29086765e+07  3.58073309e+01
 2.30851836e+07  1.11127308e+01  2.30851836e+07  3.61753893e+01
 2.32630507e+07  1.09533400e+01  2.32630507e+07  3.65525964e+01
 2.34422882e+07  1.07793488e+01  2.34422882e+07  3.69296763e+01
 2.36229066e+07  1.06224671e+01  2.36229066e+07  3.73481565e+01
 2.38049167e+07  1.04534718e+01  2.38049167e+07  3.77543121e+01
 2.39883292e+07  1.03011792e+01  2.39883292e+07  3.81134075e+01
 2.41731548e+07  1.01231666e+01  2.41731548e+07  3.86104112e+01
 2.43594045e+07  9.96195853e+00  2.43594045e+07  3.89937219e+01
 2.45470892e+07  9.80258759e+00  2.45470892e+07  3.93401716e+01
 2.47362199e+07  9.62868066e+00  2.47362199e+07  3.99111065e+01
 2.49268079e+07  9.46921051e+00  2.49268079e+07  4.03496831e+01
 2.51188643e+07  9.30278629e+00  2.51188643e+07  4.08010780e+01
 2.53124005e+07  9.12456033e+00  2.53124005e+07  4.13153441e+01
 2.55074278e+07  8.96371301e+00  2.55074278e+07  4.17443119e+01
 2.57039578e+07  8.80338539e+00  2.57039578e+07  4.23631505e+01
 2.59020020e+07  8.62938448e+00  2.59020020e+07  4.28199357e+01
 2.61015722e+07  8.45888772e+00  2.61015722e+07  4.32663322e+01
 2.63026799e+07  8.29441305e+00  2.63026799e+07  4.37534850e+01
 2.65053372e+07  8.12398453e+00  2.65053372e+07  4.43821949e+01
 2.67095559e+07  7.96270102e+00  2.67095559e+07  4.48482320e+01
 2.69153480e+07  7.80052685e+00  2.69153480e+07  4.54483388e+01
 2.71227258e+07  7.62047871e+00  2.71227258e+07  4.60124207e+01
 2.73317014e+07  7.46687709e+00  2.73317014e+07  4.65724017e+01
 2.75422870e+07  7.29188170e+00  2.75422870e+07  4.71930127e+01
 2.77544952e+07  7.14777736e+00  2.77544952e+07  4.77938243e+01
 2.79683385e+07  6.97679185e+00  2.79683385e+07  4.83291642e+01
 2.81838293e+07  6.79600802e+00  2.81838293e+07  4.90336761e+01
 2.84009805e+07  6.63991059e+00  2.84009805e+07  4.94903248e+01
 2.86198048e+07  6.45308424e+00  2.86198048e+07  5.01708331e+01
 2.88403150e+07  6.29374532e+00  2.88403150e+07  5.09814591e+01
 2.90625243e+07  6.12869298e+00  2.90625243e+07  5.16782789e+01
 2.92864456e+07  5.94019765e+00  2.92864456e+07  5.22792641e+01
 2.95120923e+07  5.79117266e+00  2.95120923e+07  5.32064135e+01
 2.97394775e+07  5.62511091e+00  2.97394775e+07  5.36987806e+01
 2.99686146e+07  5.47705697e+00  2.99686146e+07  5.46631836e+01
 3.01995172e+07  5.27144762e+00  3.01995172e+07  5.49624363e+01
 3.04321989e+07  5.13662387e+00  3.04321989e+07  5.59195528e+01
 3.06666733e+07  4.99181489e+00  3.06666733e+07  5.68282010e+01
 3.09029543e+07  4.81541160e+00  3.09029543e+07  5.73885845e+01
 3.11410558e+07  4.65475819e+00  3.11410558e+07  5.85404580e+01
 3.13809919e+07  4.44835930e+00  3.13809919e+07  5.92944312e+01
 3.16227766e+07  4.35993033e+00  3.16227766e+07  5.98009921e+01
 3.18664242e+07  4.13221322e+00  3.18664242e+07  6.09444581e+01
 3.21119491e+07  3.94338321e+00  3.21119491e+07  6.20136797e+01
 3.23593657e+07  3.84713944e+00  3.23593657e+07  6.25880608e+01
 3.26086886e+07  3.67741316e+00  3.26086886e+07  6.36113177e+01
 3.28599325e+07  3.58618634e+00  3.28599325e+07  6.41434063e+01
 3.31131121e+07  3.39017817e+00  3.31131121e+07  6.51169027e+01
 3.33682425e+07  3.24202006e+00  3.33682425e+07  6.63852971e+01
 3.36253386e+07  3.07486488e+00  3.36253386e+07  6.73515116e+01
 3.38844156e+07  2.97125019e+00  3.38844156e+07  6.81998466e+01
 3.41454887e+07  2.76523528e+00  3.41454887e+07  6.94063831e+01
 3.44085734e+07  2.61317887e+00  3.44085734e+07  7.02802416e+01
 3.46736850e+07  2.48377795e+00  3.46736850e+07  7.17227053e+01
 3.49408393e+07  2.44770378e+00  3.49408393e+07  7.22184698e+01
 3.52100520e+07  2.24330523e+00  3.52100520e+07  7.32031948e+01
 3.54813389e+07  2.14486109e+00  3.54813389e+07  7.46538678e+01
 3.57547160e+07  1.94895372e+00  3.57547160e+07  7.55046466e+01
 3.60301995e+07  1.84768777e+00  3.60301995e+07  7.65373146e+01
 3.63078055e+07  1.75614662e+00  3.63078055e+07  7.70387257e+01
 3.65875504e+07  1.59696477e+00  3.65875504e+07  7.91569204e+01
 3.68694506e+07  1.42346644e+00  3.68694506e+07  8.03606483e+01
 3.71535229e+07  1.34667466e+00  3.71535229e+07  8.12618198e+01
 3.74397839e+07  1.15242146e+00  3.74397839e+07  8.28320733e+01
 3.77282505e+07  1.07674699e+00  3.77282505e+07  8.33524383e+01
 3.80189396e+07  1.05612216e+00  3.80189396e+07  8.54135031e+01
 3.83118685e+07  8.95607422e-01  3.83118685e+07  8.67578423e+01
 3.86070543e+07  8.29575356e-01  3.86070543e+07  8.82877556e+01
 3.89045145e+07  7.97561483e-01  3.89045145e+07  8.83047474e+01
 3.92042666e+07  5.95378366e-01  3.92042666e+07  9.07578153e+01
 3.95063281e+07  5.65956010e-01  3.95063281e+07  9.11372454e+01
 3.98107171e+07  4.94051851e-01  3.98107171e+07  9.20160738e+01
 4.01174512e+07  4.74727658e-01  4.01174512e+07  9.38276460e+01
 4.04265487e+07  3.27392679e-01  4.04265487e+07  9.48815931e+01
 4.07380278e+07  2.50802707e-01  4.07380278e+07  9.63300517e+01
 4.10519067e+07  1.47627928e-01  4.10519067e+07  9.75177082e+01
 4.13682040e+07  7.65712125e-02  4.13682040e+07  9.93918625e+01
 4.16869383e+07  1.67181250e-01  4.16869383e+07  1.00716039e+02
 4.20081285e+07  7.87354713e-03  4.20081285e+07  1.01771268e+02
 4.23317933e+07  -1.80924831e-02  4.23317933e+07  1.02728030e+02
 4.26579519e+07  -2.79048142e-01  4.26579519e+07  1.04336716e+02
 4.29866235e+07  -1.91403507e-01  4.29866235e+07  1.05413147e+02
 4.33178274e+07  -1.61902110e-01  4.33178274e+07  1.07382549e+02
 4.36515832e+07  -3.46571299e-01  4.36515832e+07  1.08242723e+02
 4.39879106e+07  -1.62016755e-01  4.39879106e+07  1.09341651e+02
 4.43268292e+07  -2.25252841e-01  4.43268292e+07  1.11601728e+02
 4.46683592e+07  -3.04041530e-01  4.46683592e+07  1.10879708e+02
 4.50125206e+07  -2.99304812e-01  4.50125206e+07  1.13586096e+02
 4.53593337e+07  -4.17174209e-01  4.53593337e+07  1.14488274e+02
 4.57088190e+07  -5.11847095e-01  4.57088190e+07  1.15156368e+02
 4.60609969e+07  -4.53807514e-01  4.60609969e+07  1.17442871e+02
 4.64158883e+07  -5.82052086e-01  4.64158883e+07  1.18389228e+02
 4.67735141e+07  -5.24129381e-01  4.67735141e+07  1.19538138e+02
 4.71338954e+07  -2.57978086e-01  4.71338954e+07  1.19290012e+02
 4.74970533e+07  -4.79748021e-01  4.74970533e+07  1.21646510e+02
 4.78630092e+07  -2.65022542e-01  4.78630092e+07  1.21061247e+02
 4.82317848e+07  -4.79344241e-01  4.82317848e+07  1.24029647e+02
 4.86034018e+07  -3.75202647e-01  4.86034018e+07  1.23847123e+02
 4.89778819e+07  -3.64935608e-01  4.89778819e+07  1.24116703e+02
 4.93552474e+07  -4.00531741e-01  4.93552474e+07  1.26055691e+02
 4.97355204e+07  -4.27706159e-01  4.97355204e+07  1.29276723e+02
 5.01187234e+07  -3.30221595e-01  5.01187234e+07  1.29232842e+02
 5.05048788e+07  -3.71637341e-01  5.05048788e+07  1.31124648e+02
 5.08940095e+07  -3.28159853e-01  5.08940095e+07  1.30476677e+02
 5.12861384e+07  -2.87146781e-01  5.12861384e+07  1.32757503e+02
 5.16812886e+07  -2.94405372e-01  5.16812886e+07  1.33489492e+02
 5.20794833e+07  -1.54141164e-01  5.20794833e+07  1.34590462e+02
 5.24807460e+07  -1.69162533e-01  5.24807460e+07  1.33900605e+02
 5.28851004e+07  -1.52986249e-01  5.28851004e+07  1.35008251e+02
 5.32925703e+07  -6.07193471e-02  5.32925703e+07  1.36252430e+02
 5.37031796e+07  -1.68760118e-01  5.37031796e+07  1.36316016e+02
 5.41169527e+07  -7.79090568e-02  5.41169527e+07  1.38116245e+02
 5.45339137e+07  -1.68262094e-01  5.45339137e+07  1.39758082e+02
 5.49540874e+07  -1.62380123e-01  5.49540874e+07  1.39560971e+02
 5.53774984e+07  4.44343652e-02  5.53774984e+07  1.41168548e+02
 5.58041717e+07  -9.22927378e-02  5.58041717e+07  1.41298455e+02
 5.62341325e+07  1.16544969e-01  5.62341325e+07  1.42570646e+02
 5.66674061e+07  1.11523740e-01  5.66674061e+07  1.43764614e+02
 5.71040179e+07  1.51222394e-01  5.71040179e+07  1.44025525e+02
 5.75439937e+07  1.25637475e-01  5.75439937e+07  1.45207626e+02
 5.79873595e+07  1.86763846e-01  5.79873595e+07  1.44625546e+02
 5.84341413e+07  1.91045687e-01  5.84341413e+07  1.46642863e+02
 5.88843655e+07  3.04135337e-01  5.88843655e+07  1.47214340e+02
 5.93380586e+07  4.72389806e-01  5.93380586e+07  1.47548342e+02
 5.97952473e+07  4.85434167e-01  5.97952473e+07  1.48138985e+02
 6.02559586e+07  4.18727851e-01  6.02559586e+07  1.48171003e+02
 6.07202196e+07  4.75585551e-01  6.07202196e+07  1.49565345e+02
 6.11880576e+07  6.43328017e-01  6.11880576e+07  1.50511466e+02
 6.16595002e+07  4.41758170e-01  6.16595002e+07  1.51161508e+02
 6.21345752e+07  6.72392597e-01  6.21345752e+07  1.51228441e+02
 6.26133105e+07  6.77735398e-01  6.26133105e+07  1.51737416e+02
 6.30957344e+07  6.92847276e-01  6.30957344e+07  1.52489261e+02
 6.35818754e+07  6.82689663e-01  6.35818754e+07  1.53075983e+02
 6.40717619e+07  7.22516158e-01  6.40717619e+07  1.53919875e+02
 6.45654229e+07  8.92090887e-01  6.45654229e+07  1.54668471e+02
 6.50628875e+07  8.48831560e-01  6.50628875e+07  1.55711409e+02
 6.55641849e+07  9.48192708e-01  6.55641849e+07  1.55612231e+02
 6.60693448e+07  8.64054074e-01  6.60693448e+07  1.56230809e+02
 6.65783968e+07  1.04156506e+00  6.65783968e+07  1.56922640e+02
 6.70913710e+07  9.91350138e-01  6.70913710e+07  1.57465074e+02
 6.76082975e+07  1.16914567e+00  6.76082975e+07  1.57650725e+02
 6.81292069e+07  1.04130899e+00  6.81292069e+07  1.58265355e+02
 6.86541298e+07  1.17612870e+00  6.86541298e+07  1.58719267e+02
 6.91830971e+07  1.12531844e+00  6.91830971e+07  1.59128932e+02
 6.97161400e+07  1.28779288e+00  6.97161400e+07  1.59964636e+02
 7.02532899e+07  1.30156021e+00  7.02532899e+07  1.60208171e+02
 7.07945784e+07  1.28958969e+00  7.07945784e+07  1.60860821e+02
 7.13400375e+07  1.40223446e+00  7.13400375e+07  1.61541844e+02
 7.18896992e+07  1.37494615e+00  7.18896992e+07  1.61850728e+02
 7.24435960e+07  1.34052196e+00  7.24435960e+07  1.62346990e+02
 7.30017605e+07  1.55160155e+00  7.30017605e+07  1.62662882e+02
 7.35642254e+07  1.50742387e+00  7.35642254e+07  1.63553333e+02
 7.41310241e+07  1.59019063e+00  7.41310241e+07  1.63426856e+02
 7.47021899e+07  1.53222414e+00  7.47021899e+07  1.63950124e+02
 7.52777564e+07  1.62761503e+00  7.52777564e+07  1.63837370e+02
 7.58577575e+07  1.56739881e+00  7.58577575e+07  1.64601314e+02
 7.64422274e+07  1.70484410e+00  7.64422274e+07  1.65083067e+02
 7.70312006e+07  1.64319889e+00  7.70312006e+07  1.65741283e+02
 7.76247117e+07  1.66105612e+00  7.76247117e+07  1.66282053e+02
 7.82227956e+07  1.81570205e+00  7.82227956e+07  1.66180425e+02
 7.88254877e+07  1.80111231e+00  7.88254877e+07  1.66762893e+02
 7.94328235e+07  1.78241555e+00  7.94328235e+07  1.67226500e+02
 8.00448386e+07  1.68449600e+00  8.00448386e+07  1.67844863e+02
 8.06615692e+07  1.91746536e+00  8.06615692e+07  1.67840484e+02
 8.12830516e+07  1.98773925e+00  8.12830516e+07  1.68035531e+02
 8.19093224e+07  2.12565762e+00  8.19093224e+07  1.68938881e+02
 8.25404185e+07  2.12061952e+00  8.25404185e+07  1.68943040e+02
 8.31763771e+07  2.03439323e+00  8.31763771e+07  1.69539493e+02
 8.38172356e+07  1.97784690e+00  8.38172356e+07  1.69884327e+02
 8.44630319e+07  2.05662581e+00  8.44630319e+07  1.70196533e+02
 8.51138038e+07  2.09472490e+00  8.51138038e+07  1.70386190e+02
 8.57695899e+07  2.13141508e+00  8.57695899e+07  1.71549759e+02
 8.64304286e+07  2.34193035e+00  8.64304286e+07  1.71180593e+02
 8.70963590e+07  2.27655343e+00  8.70963590e+07  1.71366657e+02
 8.77674203e+07  2.34326327e+00  8.77674203e+07  1.71678368e+02
 8.84436519e+07  2.21838570e+00  8.84436519e+07  1.72110572e+02
 8.91250938e+07  2.24521669e+00  8.91250938e+07  1.72607375e+02
 8.98117861e+07  2.47550924e+00  8.98117861e+07  1.72802329e+02
 9.05037692e+07  2.47191311e+00  9.05037692e+07  1.72933250e+02
 9.12010839e+07  2.52080949e+00  9.12010839e+07  1.73421709e+02
 9.19037713e+07  2.62082318e+00  9.19037713e+07  1.73633310e+02
 9.26118728e+07  2.63948409e+00  9.26118728e+07  1.73815400e+02
 9.33254301e+07  2.66849995e+00  9.33254301e+07  1.74136831e+02
 9.40444852e+07  2.53111401e+00  9.40444852e+07  1.74409255e+02
 9.47690805e+07  2.71711768e+00  9.47690805e+07  1.74501111e+02
 9.54992586e+07  2.83564572e+00  9.54992586e+07  1.75081537e+02
 9.62350626e+07  2.74365374e+00  9.62350626e+07  1.75426220e+02
 9.69765359e+07  2.72131988e+00  9.69765359e+07  1.75972896e+02
 9.77237221e+07  2.89596436e+00  9.77237221e+07  1.75687447e+02
 9.84766652e+07  3.02835813e+00  9.84766652e+07  1.76144999e+02
 9.92354096e+07  2.81628514e+00  9.92354096e+07  1.76632353e+02
 1.00000000e+08  2.96005207e+00  1.00000000e+08  1.76515582e+02
 1.00770481e+08  2.93143047e+00  1.00770481e+08  1.76815267e+02
 1.01546899e+08  3.00745326e+00  1.01546899e+08  1.77118973e+02
 1.02329299e+08  2.97424875e+00  1.02329299e+08  1.77508817e+02
 1.03117727e+08  3.01264889e+00  1.03117727e+08  1.77696679e+02
 1.03912230e+08  3.14921013e+00  1.03912230e+08  1.78153614e+02
 1.04712855e+08  2.88120721e+00  1.04712855e+08  1.78476708e+02
 1.05519648e+08  3.13678082e+00  1.05519648e+08  1.78645675e+02
 1.06332657e+08  3.10444772e+00  1.06332657e+08  1.78997554e+02
 1.07151931e+08  3.27570226e+00  1.07151931e+08  1.79002331e+02
 1.07977516e+08  3.05647503e+00  1.07977516e+08  1.79470412e+02
 1.08809463e+08  3.20657445e+00  1.08809463e+08  1.79770592e+02
 1.09647820e+08  3.32920268e+00  1.09647820e+08  1.79621607e+02
 1.10492636e+08  3.28434945e+00  1.10492636e+08  1.79841345e+02
 1.11343961e+08  3.26535515e+00  1.11343961e+08  1.80623538e+02
 1.12201845e+08  3.46013567e+00  1.12201845e+08  1.80393999e+02
 1.13066340e+08  3.43605159e+00  1.13066340e+08  1.80620307e+02
 1.13937495e+08  3.65853992e+00  1.13937495e+08  1.80588222e+02
 1.14815362e+08  3.56225927e+00  1.14815362e+08  1.81065207e+02
 1.15699993e+08  3.34216015e+00  1.15699993e+08  1.81542609e+02
 1.16591440e+08  3.65823807e+00  1.16591440e+08  1.81502449e+02
 1.17489755e+08  3.56369124e+00  1.17489755e+08  1.81802425e+02
 1.18394992e+08  3.76835290e+00  1.18394992e+08  1.82048751e+02
 1.19307204e+08  3.54224321e+00  1.19307204e+08  1.82477513e+02
 1.20226443e+08  3.64767258e+00  1.20226443e+08  1.82433214e+02
 1.21152766e+08  3.65779373e+00  1.21152766e+08  1.82603283e+02
 1.22086225e+08  3.68338176e+00  1.22086225e+08  1.82718567e+02
 1.23026877e+08  3.80203420e+00  1.23026877e+08  1.82724908e+02
 1.23974776e+08  3.79890941e+00  1.23974776e+08  1.83069600e+02
 1.24929979e+08  3.69676417e+00  1.24929979e+08  1.82983419e+02
 1.25892541e+08  3.70373153e+00  1.25892541e+08  1.83513845e+02
 1.26862520e+08  3.98663750e+00  1.26862520e+08  1.83809004e+02
 1.27839972e+08  3.86628619e+00  1.27839972e+08  1.83757997e+02
 1.28824955e+08  4.00335348e+00  1.28824955e+08  1.84227467e+02
 1.29817528e+08  4.04574257e+00  1.29817528e+08  1.84409406e+02
 1.30817747e+08  4.07587474e+00  1.30817747e+08  1.84222982e+02
 1.31825674e+08  4.09643058e+00  1.31825674e+08  1.84509488e+02
 1.32841366e+08  4.12794472e+00  1.32841366e+08  1.84662167e+02
 1.33864884e+08  4.01758418e+00  1.33864884e+08  1.85083066e+02
 1.34896288e+08  4.18979092e+00  1.34896288e+08  1.85215203e+02
 1.35935639e+08  4.65571047e+00  1.35935639e+08  1.84948668e+02
 1.36982998e+08  4.26336906e+00  1.36982998e+08  1.85206192e+02
 1.38038426e+08  4.44473930e+00  1.38038426e+08  1.85383025e+02
 1.39101987e+08  4.20719604e+00  1.39101987e+08  1.85720784e+02
 1.40173742e+08  4.10031609e+00  1.40173742e+08  1.85949946e+02
 1.41253754e+08  4.44056321e+00  1.41253754e+08  1.86129532e+02
 1.42342088e+08  4.18180282e+00  1.42342088e+08  1.86256530e+02
 1.43438808e+08  4.53715100e+00  1.43438808e+08  1.86541849e+02
 1.44543977e+08  4.29485702e+00  1.44543977e+08  1.86509109e+02
 1.45657662e+08  4.50928975e+00  1.45657662e+08  1.86498771e+02
 1.46779927e+08  4.56800500e+00  1.46779927e+08  1.86420960e+02
 1.47910839e+08  4.62028393e+00  1.47910839e+08  1.86877370e+02
 1.49050464e+08  4.53365287e+00  1.49050464e+08  1.86859319e+02
 1.50198870e+08  4.41849787e+00  1.50198870e+08  1.87255335e+02
 1.51356125e+08  4.82354958e+00  1.51356125e+08  1.87273730e+02
 1.52522296e+08  4.88804187e+00  1.52522296e+08  1.87296160e+02
 1.53697452e+08  4.79177120e+00  1.53697452e+08  1.87455690e+02
 1.54881662e+08  4.85474232e+00  1.54881662e+08  1.87305008e+02
 1.56074996e+08  4.96344838e+00  1.56074996e+08  1.87875392e+02
 1.57277525e+08  5.02931224e+00  1.57277525e+08  1.87507731e+02
 1.58489319e+08  4.93803265e+00  1.58489319e+08  1.87946670e+02
 1.59710450e+08  4.84014002e+00  1.59710450e+08  1.87908491e+02
 1.60940989e+08  4.93306655e+00  1.60940989e+08  1.87957811e+02
 1.62181010e+08  4.83177352e+00  1.62181010e+08  1.88176556e+02
 1.63430584e+08  4.92424091e+00  1.63430584e+08  1.88582620e+02
 1.64689787e+08  5.21971843e+00  1.64689787e+08  1.88164969e+02
 1.65958691e+08  5.32163399e+00  1.65958691e+08  1.88205099e+02
 1.67237372e+08  4.81076018e+00  1.67237372e+08  1.88324188e+02
 1.68525904e+08  5.11384575e+00  1.68525904e+08  1.88585316e+02
 1.69824365e+08  5.02422202e+00  1.69824365e+08  1.88664793e+02
 1.71132830e+08  5.12677665e+00  1.71132830e+08  1.88853192e+02
 1.72451377e+08  5.02975662e+00  1.72451377e+08  1.88648498e+02
 1.73780083e+08  4.94411071e+00  1.73780083e+08  1.89002349e+02
 1.75119026e+08  5.03781267e+00  1.75119026e+08  1.88981900e+02
 1.76468286e+08  5.40156630e+00  1.76468286e+08  1.88820130e+02
 1.77827941e+08  5.29743899e+00  1.77827941e+08  1.89209181e+02
 1.79198072e+08  5.65908130e+00  1.79198072e+08  1.88987425e+02
 1.80578760e+08  5.32799786e+00  1.80578760e+08  1.89154413e+02
 1.81970086e+08  5.23404498e+00  1.81970086e+08  1.89413297e+02
 1.83372132e+08  5.37378825e+00  1.83372132e+08  1.89183067e+02
 1.84784980e+08  5.77159268e+00  1.84784980e+08  1.89204781e+02
 1.86208714e+08  5.66743385e+00  1.86208714e+08  1.89404162e+02
 1.87643417e+08  5.30323783e+00  1.87643417e+08  1.89360471e+02
 1.89089175e+08  5.99056032e+00  1.89089175e+08  1.89287429e+02
 1.90546072e+08  5.87822294e+00  1.90546072e+08  1.89262103e+02
 1.92014194e+08  5.51257704e+00  1.92014194e+08  1.89319746e+02
 1.93493628e+08  5.15537819e+00  1.93493628e+08  1.89633330e+02
 1.94984460e+08  5.86518648e+00  1.94984460e+08  1.89490712e+02
 1.96486779e+08  5.76704662e+00  1.96486779e+08  1.89497377e+02
 1.98000673e+08  5.65510981e+00  1.98000673e+08  1.89290825e+02
 1.99526231e+08  6.12818929e+00  1.99526231e+08  1.89391568e+02
 2.01063544e+08  6.33052968e+00  2.01063544e+08  1.89336174e+02
 2.02612701e+08  5.92798453e+00  2.02612701e+08  1.89678390e+02
 2.04173794e+08  5.82559650e+00  2.04173794e+08  1.89695239e+02
 2.05746916e+08  5.74769330e+00  2.05746916e+08  1.89644369e+02
 2.07332157e+08  6.23512531e+00  2.07332157e+08  1.89523158e+02
 2.08929613e+08  5.82246554e+00  2.08929613e+08  1.89360789e+02
 2.10539377e+08  6.03970593e+00  2.10539377e+08  1.89661854e+02
 2.12161544e+08  6.27879469e+00  2.12161544e+08  1.89946580e+02
 2.13796209e+08  5.52790309e+00  2.13796209e+08  1.89913060e+02
 2.15443469e+08  5.73733692e+00  2.15443469e+08  1.89694151e+02
 2.17103421e+08  6.29325866e+00  2.17103421e+08  1.89374575e+02
 2.18776162e+08  6.51953945e+00  2.18776162e+08  1.89145526e+02
 2.20461792e+08  5.75213064e+00  2.20461792e+08  1.89468525e+02
 2.22160409e+08  6.69433129e+00  2.22160409e+08  1.89538779e+02
 2.23872114e+08  6.22956132e+00  2.23872114e+08  1.89530393e+02
 2.25597007e+08  6.88658332e+00  2.25597007e+08  1.89524387e+02
 2.27335190e+08  6.38452985e+00  2.27335190e+08  1.89406587e+02
 2.29086765e+08  6.28893433e+00  2.29086765e+08  1.89327817e+02
 2.30851836e+08  6.55287611e+00  2.30851836e+08  1.89128272e+02
 2.32630507e+08  6.45401443e+00  2.32630507e+08  1.89378838e+02
 2.34422882e+08  6.34600704e+00  2.34422882e+08  1.89362937e+02
 2.36229066e+08  6.24167436e+00  2.36229066e+08  1.89541228e+02
 2.38049167e+08  6.54651291e+00  2.38049167e+08  1.89644604e+02
 2.39883292e+08  6.43447873e+00  2.39883292e+08  1.89300230e+02
 2.41731548e+08  6.74830818e+00  2.41731548e+08  1.89188230e+02
 2.43594045e+08  6.63393345e+00  2.43594045e+08  1.88863375e+02
 2.45470892e+08  6.09629212e+00  2.45470892e+08  1.88947533e+02
 2.47362199e+08  6.85697934e+00  2.47362199e+08  1.88729828e+02
 2.49268079e+08  7.21203921e+00  2.49268079e+08  1.88723714e+02
 2.51188643e+08  7.10663234e+00  2.51188643e+08  1.88425557e+02
 2.53124005e+08  7.00120965e+00  2.53124005e+08  1.88435355e+02
 2.55074278e+08  6.87662394e+00  2.55074278e+08  1.88372335e+02
 2.57039578e+08  6.76520955e+00  2.57039578e+08  1.88420125e+02
 2.59020020e+08  6.19077561e+00  2.59020020e+08  1.88410626e+02
 2.61015722e+08  6.56755109e+00  2.61015722e+08  1.88729720e+02
 2.63026799e+08  6.45202355e+00  2.63026799e+08  1.88607371e+02
 2.65053372e+08  6.83235341e+00  2.65053372e+08  1.88295441e+02
 2.67095559e+08  6.21052086e+00  2.67095559e+08  1.88315285e+02
 2.69153480e+08  6.59725316e+00  2.69153480e+08  1.88417199e+02
 2.71227258e+08  6.47171803e+00  2.71227258e+08  1.87916329e+02
 2.73317014e+08  6.89924945e+00  2.73317014e+08  1.88090151e+02
 2.75422870e+08  6.79073355e+00  2.75422870e+08  1.88025489e+02
 2.77544952e+08  6.68841670e+00  2.77544952e+08  1.88163680e+02
 2.79683385e+08  7.71708145e+00  2.79683385e+08  1.88273353e+02
 2.81838293e+08  7.59415985e+00  2.81838293e+08  1.87930180e+02
 2.84009805e+08  6.34240356e+00  2.84009805e+08  1.88201247e+02
 2.86198048e+08  7.37276604e+00  2.86198048e+08  1.87541541e+02
 2.88403150e+08  7.26600345e+00  2.88403150e+08  1.87639735e+02
 2.90625243e+08  6.53590794e+00  2.90625243e+08  1.87542586e+02
 2.92864456e+08  7.02021647e+00  2.92864456e+08  1.87302042e+02
 2.95120923e+08  7.53745595e+00  2.95120923e+08  1.87807343e+02
 2.97394775e+08  6.20040888e+00  2.97394775e+08  1.87099796e+02
 2.99686146e+08  7.99021368e+00  2.99686146e+08  1.87265360e+02
 3.01995172e+08  7.19519366e+00  3.01995172e+08  1.87462675e+02
 3.04321989e+08  6.45080016e+00  3.04321989e+08  1.87388568e+02
 3.06666733e+08  7.63768106e+00  3.06666733e+08  1.87064647e+02
 3.09029543e+08  7.53892477e+00  3.09029543e+08  1.86800996e+02
 3.11410558e+08  7.41041926e+00  3.11410558e+08  1.86821382e+02
 3.13809919e+08  8.03032045e+00  3.13809919e+08  1.86665404e+02
 3.16227766e+08  5.84324573e+00  3.16227766e+08  1.86828828e+02
 3.18664242e+08  7.80630692e+00  3.18664242e+08  1.86692347e+02
 3.21119491e+08  6.24520889e+00  3.21119491e+08  1.86820418e+02
 3.23593657e+08  7.55108073e+00  3.23593657e+08  1.86422213e+02
 3.26086886e+08  8.25286313e+00  3.26086886e+08  1.86558839e+02
 3.28599325e+08  5.86053359e+00  3.28599325e+08  1.86160122e+02
 3.31131121e+08  8.00531823e+00  3.31131121e+08  1.86107081e+02
 3.33682425e+08  7.90168358e+00  3.33682425e+08  1.85973637e+02
 3.36253386e+08  7.76013040e+00  3.36253386e+08  1.86247494e+02
 3.38844156e+08  8.56190634e+00  3.38844156e+08  1.85511830e+02
 3.41454887e+08  7.52236258e+00  3.41454887e+08  1.86083549e+02
 3.44085734e+08  6.57507343e+00  3.44085734e+08  1.86053216e+02
 3.46736850e+08  7.29271388e+00  3.46736850e+08  1.85796186e+02
 3.49408393e+08  7.15523580e+00  3.49408393e+08  1.85516534e+02
 3.52100520e+08  7.04406603e+00  3.52100520e+08  1.85787297e+02
 3.54813389e+08  6.91188556e+00  3.54813389e+08  1.85481270e+02
 3.57547160e+08  6.78818331e+00  3.57547160e+08  1.85317503e+02
 3.60301995e+08  7.56715241e+00  3.60301995e+08  1.85214024e+02
 3.63078055e+08  7.44108939e+00  3.63078055e+08  1.85097635e+02
 3.65875504e+08  8.33758951e+00  3.65875504e+08  1.84932157e+02
 3.68694506e+08  7.19354283e+00  3.68694506e+08  1.85221862e+02
 3.71535229e+08  7.05912009e+00  3.71535229e+08  1.85263150e+02
 3.74397839e+08  6.94726438e+00  3.74397839e+08  1.85327511e+02
 3.77282505e+08  7.83401052e+00  3.77282505e+08  1.84963340e+02
 3.80189396e+08  5.76931857e+00  3.80189396e+08  1.84813560e+02
 3.83118685e+08  8.72358750e+00  3.83118685e+08  1.84741616e+02
 3.86070543e+08  7.44497785e+00  3.86070543e+08  1.84624171e+02
 3.89045145e+08  8.47885441e+00  3.89045145e+08  1.84503698e+02
 3.92042666e+08  6.17087619e+00  3.92042666e+08  1.84575400e+02
 3.95063281e+08  7.06838242e+00  3.95063281e+08  1.84021891e+02
 3.98107171e+08  8.10737111e+00  3.98107171e+08  1.84104196e+02
 4.01174512e+08  6.80412745e+00  4.01174512e+08  1.84266312e+02
 4.04265487e+08  7.82165069e+00  4.04265487e+08  1.84250117e+02
 4.07380278e+08  6.55040184e+00  4.07380278e+08  1.84299685e+02
 4.10519067e+08  7.56946980e+00  4.10519067e+08  1.84028122e+02
 4.13682040e+08  6.28326514e+00  4.13682040e+08  1.84278708e+02
 4.16869383e+08  7.31321548e+00  4.16869383e+08  1.84073068e+02
 4.20081285e+08  7.18107908e+00  4.20081285e+08  1.83828175e+02
 4.23317933e+08  4.89196096e+00  4.23317933e+08  1.83503507e+02
 4.26579519e+08  6.94531851e+00  4.26579519e+08  1.83286625e+02
 4.29866235e+08  6.78619296e+00  4.29866235e+08  1.83623305e+02
 4.33178274e+08  7.99950493e+00  4.33178274e+08  1.83656357e+02
 4.36515832e+08  7.88149477e+00  4.36515832e+08  1.83359815e+02
 4.39879106e+08  7.73308949e+00  4.39879106e+08  1.83639097e+02
 4.43268292e+08  6.26021845e+00  4.43268292e+08  1.83111136e+02
 4.46683592e+08  6.12828513e+00  4.46683592e+08  1.83488882e+02
 4.50125206e+08  6.01937439e+00  4.50125206e+08  1.83361862e+02
 4.53593337e+08  5.86693871e+00  4.53593337e+08  1.82912811e+02
 4.57088190e+08  8.65309526e+00  4.57088190e+08  1.82885787e+02
 4.60609969e+08  5.61988353e+00  4.60609969e+08  1.82963814e+02
 4.64158883e+08  6.82847737e+00  4.64158883e+08  1.82974519e+02
 4.67735141e+08  5.37121830e+00  4.67735141e+08  1.83015305e+02
 4.71338954e+08  6.53975216e+00  4.71338954e+08  1.82896901e+02
 4.74970533e+08  1.24198904e+01  4.74970533e+08  1.83154254e+02
 4.78630092e+08  7.88263707e+00  4.78630092e+08  1.82842761e+02
 4.82317848e+08  7.72067609e+00  4.82317848e+08  1.82764621e+02
 4.86034018e+08  6.02078817e+00  4.86034018e+08  1.82473507e+02
 4.89778819e+08  5.86637221e+00  4.89778819e+08  1.82992196e+02
 4.93552474e+08  7.32476162e+00  4.93552474e+08  1.82691996e+02
 4.97355204e+08  5.61621266e+00  4.97355204e+08  1.82679510e+02
 5.01187234e+08  7.07177998e+00  5.01187234e+08  1.82867752e+02
 5.05048788e+08  8.85229346e+00  5.05048788e+08  1.82630968e+02
 5.08940095e+08  8.73027370e+00  5.08940095e+08  1.82217673e+02
 5.12861384e+08  6.67084713e+00  5.12861384e+08  1.82121908e+02
 5.16812886e+08  1.09490739e+01  5.16812886e+08  1.82267535e+02
 5.20794833e+08  8.32359350e+00  5.20794833e+08  1.82341538e+02
 5.24807460e+08  8.20345654e+00  5.24807460e+08  1.82074391e+02
 5.28851004e+08  6.12873193e+00  5.28851004e+08  1.82070891e+02
 5.32925703e+08  1.04287970e+01  5.32925703e+08  1.82057625e+02
 5.37031796e+08  5.86865180e+00  5.37031796e+08  1.82185873e+02
 5.41169527e+08  5.76501111e+00  5.41169527e+08  1.81812945e+02
 5.45339137e+08  7.53294640e+00  5.45339137e+08  1.82024488e+02
 5.49540874e+08  7.39046362e+00  5.49540874e+08  1.82443657e+02
 5.53774984e+08  7.25849119e+00  5.53774984e+08  1.82020146e+02
 5.58041717e+08  7.14542063e+00  5.58041717e+08  1.81570637e+02
 5.62341325e+08  5.08209464e+00  5.62341325e+08  1.82040612e+02
 5.66674061e+08  6.86784102e+00  5.66674061e+08  1.81664067e+02
 5.71040179e+08  9.22629563e+00  5.71040179e+08  1.81563851e+02
 5.75439937e+08  9.07062677e+00  5.75439937e+08  1.82496867e+02
 5.79873595e+08  6.45132096e+00  5.79873595e+08  1.81818566e+02
 5.84341413e+08  8.80115306e+00  5.84341413e+08  1.81604454e+02
 5.88843655e+08  4.27447756e+00  5.88843655e+08  1.81749522e+02
 5.93380586e+08  4.13077675e+00  5.93380586e+08  1.81065608e+02
 5.97952473e+08  1.19305786e+01  5.97952473e+08  1.80681064e+02
 6.02559586e+08  5.78996656e+00  6.02559586e+08  1.81541174e+02
 6.07202196e+08  1.76690237e+01  6.07202196e+08  1.79726339e+02
 6.11880576e+08  1.75360546e+01  6.11880576e+08  1.80281132e+02
 6.16595002e+08  5.36913208e+00  6.16595002e+08  1.81593215e+02
 6.21345752e+08  5.25243687e+00  6.21345752e+08  1.80999606e+02
 6.26133105e+08  7.61287408e+00  6.26133105e+08  1.80916279e+02
 6.30957344e+08  7.47458816e+00  6.30957344e+08  1.81689123e+02
 6.35818754e+08  7.34533133e+00  6.35818754e+08  1.81263493e+02
 6.40717619e+08  1.07387430e+01  6.40717619e+08  1.81373778e+02
 6.45654229e+08  1.05713268e+01  6.45654229e+08  1.81627674e+02
 6.50628875e+08  1.04428014e+01  6.50628875e+08  1.80704944e+02
 6.55641849e+08  1.03184459e+01  6.55641849e+08  1.82013349e+02
 6.60693448e+08  6.66311799e+00  6.60693448e+08  1.81081766e+02
 6.65783968e+08  6.51571121e+00  6.65783968e+08  1.81095436e+02
 6.70913710e+08  3.90433309e+00  6.70913710e+08  1.80921950e+02
 6.76082975e+08  9.77934251e+00  6.76082975e+08  1.80817863e+02
 6.81292069e+08  9.64582049e+00  6.81292069e+08  1.82193409e+02
 6.86541298e+08  1.55094913e+01  6.86541298e+08  1.82204730e+02
 6.91830971e+08  5.85662610e+00  6.91830971e+08  1.80655593e+02
 6.97161400e+08  1.52604135e+01  6.97161400e+08  1.81350960e+02
 7.02532899e+08  1.51150303e+01  7.02532899e+08  1.83070917e+02
 7.07945784e+08  8.96102769e+00  7.07945784e+08  1.80374912e+02
 7.13400375e+08  5.30949104e+00  7.13400375e+08  1.80403875e+02
 7.18896992e+08  8.67575083e+00  7.18896992e+08  1.82188500e+02
 7.24435960e+08  8.57473962e+00  7.24435960e+08  1.82141163e+02
 7.30017605e+08  8.42238294e+00  7.30017605e+08  1.81165767e+02
 7.35642254e+08  4.76461899e+00  7.35642254e+08  1.80644631e+02
 7.41310241e+08  4.64661260e+00  7.41310241e+08  1.80724796e+02
 7.47021899e+08  4.50070754e+00  7.47021899e+08  1.80715316e+02
 7.52777564e+08  1.39107330e+01  7.52777564e+08  1.80561389e+02
 7.58577575e+08  1.37881969e+01  7.58577575e+08  1.81102802e+02
 7.64422274e+08  7.63442765e+00  7.64422274e+08  1.80702461e+02
 7.70312006e+08  7.50833748e+00  7.70312006e+08  1.80212435e+02
 7.76247117e+08  7.34909672e+00  7.76247117e+08  1.80541301e+02
 7.82227956e+08  7.20582528e+00  7.82227956e+08  1.80402384e+02
 7.88254877e+08  7.08237471e+00  7.88254877e+08  1.80208190e+02
 7.94328235e+08  6.95613602e+00  7.94328235e+08  1.80753459e+02
 8.00448386e+08  7.73627345e-01  8.00448386e+08  1.80593511e+02
 8.06615692e+08  6.67533381e+00  8.06615692e+08  1.80500838e+02
 8.12830516e+08  3.02542676e+00  8.12830516e+08  1.80617876e+02
 8.19093224e+08  6.40594642e+00  8.19093224e+08  1.81060108e+02
 8.25404185e+08  6.27084047e+00  8.25404185e+08  1.80743422e+02
 8.31763771e+08  2.59925603e+00  8.31763771e+08  1.79981813e+02
 8.38172356e+08  2.48575796e+00  8.38172356e+08  1.79616714e+02
 8.44630319e+08  1.18623974e+01  8.44630319e+08  1.79631313e+02
 8.51138038e+08  5.73894901e+00  8.51138038e+08  1.81247291e+02
 8.57695899e+08  4.24905781e+01  8.57695899e+08  9.16322455e+01
 8.64304286e+08  5.46397032e+00  8.64304286e+08  1.80646341e+02
 8.70963590e+08  1.13309532e+01  8.70963590e+08  1.80153789e+02
 8.77674203e+08  1.67658528e+00  8.77674203e+08  1.79438704e+02
 8.84436519e+08  5.05690783e+00  8.84436519e+08  1.79854264e+02
 8.91250938e+08  4.93630911e+00  8.91250938e+08  1.80147561e+02
 8.98117861e+08  1.07869123e+01  8.98117861e+08  1.82096525e+02
 9.05037692e+08  1.12363833e+00  9.05037692e+08  1.79941106e+02
 9.12010839e+08  -1.49696722e+00  9.12010839e+08  1.79814609e+02
 9.19037713e+08  4.36145286e+00  9.19037713e+08  1.80332955e+02
 9.26118728e+08  4.24540352e+00  9.26118728e+08  1.81492982e+02
 9.33254301e+08  6.03683679e-01  9.33254301e+08  1.80455961e+02
 9.40444852e+08  4.70528802e-01  9.40444852e+08  1.80071942e+02
 9.47690805e+08  9.85850711e+00  9.47690805e+08  1.81066183e+02
 9.54992586e+08  3.68828810e+00  9.54992586e+08  1.79841241e+02
 9.62350626e+08  9.58883043e+00  9.62350626e+08  1.79370822e+02
 9.69765359e+08  9.45655750e+00  9.69765359e+08  1.81808720e+02
 9.77237221e+08  9.31597492e+00  9.77237221e+08  1.78042936e+02
 9.84766652e+08  9.17850367e+00  9.84766652e+08  1.80162663e+02
 9.92354096e+08  3.02097966e+00  9.92354096e+08  1.79462690e+02
 1.00000000e+09  -5.95498974e-01  1.00000000e+09  1.80545292e+02
