 1.00000000e+00  4.63856905e+01  1.00000000e+00  1.79999998e+02
 1.00770481e+00  4.63856905e+01  1.00770481e+00  1.79999998e+02
 1.01546899e+00  4.63856905e+01  1.01546899e+00  1.79999998e+02
 1.02329299e+00  4.63856905e+01  1.02329299e+00  1.79999998e+02
 1.03117727e+00  4.63856905e+01  1.03117727e+00  1.79999998e+02
 1.03912230e+00  4.63856905e+01  1.03912230e+00  1.79999998e+02
 1.04712855e+00  4.63856905e+01  1.04712855e+00  1.79999998e+02
 1.05519648e+00  4.63856905e+01  1.05519648e+00  1.79999998e+02
 1.06332657e+00  4.63856905e+01  1.06332657e+00  1.79999998e+02
 1.07151931e+00  4.63856905e+01  1.07151931e+00  1.79999998e+02
 1.07977516e+00  4.63856905e+01  1.07977516e+00  1.79999998e+02
 1.08809463e+00  4.63856905e+01  1.08809463e+00  1.79999998e+02
 1.09647820e+00  4.63856905e+01  1.09647820e+00  1.79999998e+02
 1.10492636e+00  4.63856905e+01  1.10492636e+00  1.79999998e+02
 1.11343961e+00  4.63856905e+01  1.11343961e+00  1.79999998e+02
 1.12201845e+00  4.63856905e+01  1.12201845e+00  1.79999998e+02
 1.13066340e+00  4.63856905e+01  1.13066340e+00  1.79999998e+02
 1.13937495e+00  4.63856905e+01  1.13937495e+00  1.79999998e+02
 1.14815362e+00  4.63856905e+01  1.14815362e+00  1.79999998e+02
 1.15699993e+00  4.63856905e+01  1.15699993e+00  1.79999998e+02
 1.16591440e+00  4.63856905e+01  1.16591440e+00  1.79999998e+02
 1.17489755e+00  4.63856905e+01  1.17489755e+00  1.79999998e+02
 1.18394992e+00  4.63856905e+01  1.18394992e+00  1.79999998e+02
 1.19307204e+00  4.63856905e+01  1.19307204e+00  1.79999998e+02
 1.20226443e+00  4.63856905e+01  1.20226443e+00  1.79999998e+02
 1.21152766e+00  4.63856905e+01  1.21152766e+00  1.79999998e+02
 1.22086225e+00  4.63856905e+01  1.22086225e+00  1.79999998e+02
 1.23026877e+00  4.63856905e+01  1.23026877e+00  1.79999998e+02
 1.23974776e+00  4.63856905e+01  1.23974776e+00  1.79999998e+02
 1.24929979e+00  4.63856905e+01  1.24929979e+00  1.79999998e+02
 1.25892541e+00  4.63856905e+01  1.25892541e+00  1.79999998e+02
 1.26862520e+00  4.63856905e+01  1.26862520e+00  1.79999998e+02
 1.27839972e+00  4.63856905e+01  1.27839972e+00  1.79999998e+02
 1.28824955e+00  4.63856905e+01  1.28824955e+00  1.79999998e+02
 1.29817528e+00  4.63856905e+01  1.29817528e+00  1.79999998e+02
 1.30817747e+00  4.63856905e+01  1.30817747e+00  1.79999998e+02
 1.31825674e+00  4.63856905e+01  1.31825674e+00  1.79999998e+02
 1.32841366e+00  4.63856905e+01  1.32841366e+00  1.79999998e+02
 1.33864884e+00  4.63856905e+01  1.33864884e+00  1.79999998e+02
 1.34896288e+00  4.63856905e+01  1.34896288e+00  1.79999998e+02
 1.35935639e+00  4.63856905e+01  1.35935639e+00  1.79999998e+02
 1.36982998e+00  4.63856905e+01  1.36982998e+00  1.79999998e+02
 1.38038426e+00  4.63856905e+01  1.38038426e+00  1.79999998e+02
 1.39101987e+00  4.63856905e+01  1.39101987e+00  1.79999998e+02
 1.40173742e+00  4.63856905e+01  1.40173742e+00  1.79999998e+02
 1.41253754e+00  4.63856905e+01  1.41253754e+00  1.79999998e+02
 1.42342088e+00  4.63856905e+01  1.42342088e+00  1.79999998e+02
 1.43438808e+00  4.63856905e+01  1.43438808e+00  1.79999998e+02
 1.44543977e+00  4.63856905e+01  1.44543977e+00  1.79999998e+02
 1.45657662e+00  4.63856905e+01  1.45657662e+00  1.79999998e+02
 1.46779927e+00  4.63856905e+01  1.46779927e+00  1.79999998e+02
 1.47910839e+00  4.63856905e+01  1.47910839e+00  1.79999998e+02
 1.49050464e+00  4.63856905e+01  1.49050464e+00  1.79999998e+02
 1.50198870e+00  4.63856905e+01  1.50198870e+00  1.79999998e+02
 1.51356125e+00  4.63856905e+01  1.51356125e+00  1.79999998e+02
 1.52522296e+00  4.63856905e+01  1.52522296e+00  1.79999998e+02
 1.53697452e+00  4.63856905e+01  1.53697452e+00  1.79999997e+02
 1.54881662e+00  4.63856905e+01  1.54881662e+00  1.79999997e+02
 1.56074996e+00  4.63856905e+01  1.56074996e+00  1.79999997e+02
 1.57277525e+00  4.63856905e+01  1.57277525e+00  1.79999997e+02
 1.58489319e+00  4.63856905e+01  1.58489319e+00  1.79999997e+02
 1.59710450e+00  4.63856905e+01  1.59710450e+00  1.79999997e+02
 1.60940989e+00  4.63856905e+01  1.60940989e+00  1.79999997e+02
 1.62181010e+00  4.63856905e+01  1.62181010e+00  1.79999997e+02
 1.63430584e+00  4.63856905e+01  1.63430584e+00  1.79999997e+02
 1.64689787e+00  4.63856905e+01  1.64689787e+00  1.79999997e+02
 1.65958691e+00  4.63856905e+01  1.65958691e+00  1.79999997e+02
 1.67237372e+00  4.63856905e+01  1.67237372e+00  1.79999997e+02
 1.68525904e+00  4.63856905e+01  1.68525904e+00  1.79999997e+02
 1.69824365e+00  4.63856905e+01  1.69824365e+00  1.79999997e+02
 1.71132830e+00  4.63856905e+01  1.71132830e+00  1.79999997e+02
 1.72451377e+00  4.63856905e+01  1.72451377e+00  1.79999997e+02
 1.73780083e+00  4.63856905e+01  1.73780083e+00  1.79999997e+02
 1.75119026e+00  4.63856905e+01  1.75119026e+00  1.79999997e+02
 1.76468286e+00  4.63856905e+01  1.76468286e+00  1.79999997e+02
 1.77827941e+00  4.63856905e+01  1.77827941e+00  1.79999997e+02
 1.79198072e+00  4.63856905e+01  1.79198072e+00  1.79999997e+02
 1.80578760e+00  4.63856905e+01  1.80578760e+00  1.79999997e+02
 1.81970086e+00  4.63856905e+01  1.81970086e+00  1.79999997e+02
 1.83372132e+00  4.63856905e+01  1.83372132e+00  1.79999997e+02
 1.84784980e+00  4.63856905e+01  1.84784980e+00  1.79999997e+02
 1.86208714e+00  4.63856905e+01  1.86208714e+00  1.79999997e+02
 1.87643417e+00  4.63856905e+01  1.87643417e+00  1.79999997e+02
 1.89089175e+00  4.63856905e+01  1.89089175e+00  1.79999997e+02
 1.90546072e+00  4.63856905e+01  1.90546072e+00  1.79999997e+02
 1.92014194e+00  4.63856905e+01  1.92014194e+00  1.79999997e+02
 1.93493628e+00  4.63856905e+01  1.93493628e+00  1.79999997e+02
 1.94984460e+00  4.63856905e+01  1.94984460e+00  1.79999997e+02
 1.96486779e+00  4.63856905e+01  1.96486779e+00  1.79999997e+02
 1.98000673e+00  4.63856905e+01  1.98000673e+00  1.79999997e+02
 1.99526231e+00  4.63856905e+01  1.99526231e+00  1.79999997e+02
 2.01063544e+00  4.63856905e+01  2.01063544e+00  1.79999997e+02
 2.02612701e+00  4.63856905e+01  2.02612701e+00  1.79999997e+02
 2.04173794e+00  4.63856905e+01  2.04173794e+00  1.79999997e+02
 2.05746916e+00  4.63856905e+01  2.05746916e+00  1.79999997e+02
 2.07332157e+00  4.63856905e+01  2.07332157e+00  1.79999997e+02
 2.08929613e+00  4.63856905e+01  2.08929613e+00  1.79999997e+02
 2.10539377e+00  4.63856905e+01  2.10539377e+00  1.79999997e+02
 2.12161544e+00  4.63856905e+01  2.12161544e+00  1.79999997e+02
 2.13796209e+00  4.63856905e+01  2.13796209e+00  1.79999996e+02
 2.15443469e+00  4.63856905e+01  2.15443469e+00  1.79999996e+02
 2.17103421e+00  4.63856905e+01  2.17103421e+00  1.79999996e+02
 2.18776162e+00  4.63856905e+01  2.18776162e+00  1.79999996e+02
 2.20461792e+00  4.63856905e+01  2.20461792e+00  1.79999996e+02
 2.22160409e+00  4.63856905e+01  2.22160409e+00  1.79999996e+02
 2.23872114e+00  4.63856905e+01  2.23872114e+00  1.79999996e+02
 2.25597007e+00  4.63856905e+01  2.25597007e+00  1.79999996e+02
 2.27335190e+00  4.63856905e+01  2.27335190e+00  1.79999996e+02
 2.29086765e+00  4.63856905e+01  2.29086765e+00  1.79999996e+02
 2.30851836e+00  4.63856905e+01  2.30851836e+00  1.79999996e+02
 2.32630507e+00  4.63856905e+01  2.32630507e+00  1.79999996e+02
 2.34422882e+00  4.63856905e+01  2.34422882e+00  1.79999996e+02
 2.36229066e+00  4.63856905e+01  2.36229066e+00  1.79999996e+02
 2.38049167e+00  4.63856905e+01  2.38049167e+00  1.79999996e+02
 2.39883292e+00  4.63856905e+01  2.39883292e+00  1.79999996e+02
 2.41731548e+00  4.63856905e+01  2.41731548e+00  1.79999996e+02
 2.43594045e+00  4.63856905e+01  2.43594045e+00  1.79999996e+02
 2.45470892e+00  4.63856905e+01  2.45470892e+00  1.79999996e+02
 2.47362199e+00  4.63856905e+01  2.47362199e+00  1.79999996e+02
 2.49268079e+00  4.63856905e+01  2.49268079e+00  1.79999996e+02
 2.51188643e+00  4.63856905e+01  2.51188643e+00  1.79999996e+02
 2.53124005e+00  4.63856905e+01  2.53124005e+00  1.79999996e+02
 2.55074278e+00  4.63856905e+01  2.55074278e+00  1.79999996e+02
 2.57039578e+00  4.63856905e+01  2.57039578e+00  1.79999996e+02
 2.59020020e+00  4.63856905e+01  2.59020020e+00  1.79999996e+02
 2.61015722e+00  4.63856905e+01  2.61015722e+00  1.79999996e+02
 2.63026799e+00  4.63856905e+01  2.63026799e+00  1.79999996e+02
 2.65053372e+00  4.63856905e+01  2.65053372e+00  1.79999996e+02
 2.67095559e+00  4.63856905e+01  2.67095559e+00  1.79999996e+02
 2.69153480e+00  4.63856905e+01  2.69153480e+00  1.79999996e+02
 2.71227258e+00  4.63856905e+01  2.71227258e+00  1.79999996e+02
 2.73317014e+00  4.63856905e+01  2.73317014e+00  1.79999996e+02
 2.75422870e+00  4.63856905e+01  2.75422870e+00  1.79999995e+02
 2.77544952e+00  4.63856905e+01  2.77544952e+00  1.79999995e+02
 2.79683385e+00  4.63856905e+01  2.79683385e+00  1.79999995e+02
 2.81838293e+00  4.63856905e+01  2.81838293e+00  1.79999995e+02
 2.84009805e+00  4.63856905e+01  2.84009805e+00  1.79999995e+02
 2.86198048e+00  4.63856905e+01  2.86198048e+00  1.79999995e+02
 2.88403150e+00  4.63856905e+01  2.88403150e+00  1.79999995e+02
 2.90625243e+00  4.63856905e+01  2.90625243e+00  1.79999995e+02
 2.92864456e+00  4.63856905e+01  2.92864456e+00  1.79999995e+02
 2.95120923e+00  4.63856905e+01  2.95120923e+00  1.79999995e+02
 2.97394775e+00  4.63856905e+01  2.97394775e+00  1.79999995e+02
 2.99686146e+00  4.63856905e+01  2.99686146e+00  1.79999995e+02
 3.01995172e+00  4.63856905e+01  3.01995172e+00  1.79999995e+02
 3.04321989e+00  4.63856905e+01  3.04321989e+00  1.79999995e+02
 3.06666733e+00  4.63856905e+01  3.06666733e+00  1.79999995e+02
 3.09029543e+00  4.63856905e+01  3.09029543e+00  1.79999995e+02
 3.11410558e+00  4.63856905e+01  3.11410558e+00  1.79999995e+02
 3.13809919e+00  4.63856905e+01  3.13809919e+00  1.79999995e+02
 3.16227766e+00  4.63856905e+01  3.16227766e+00  1.79999995e+02
 3.18664242e+00  4.63856905e+01  3.18664242e+00  1.79999995e+02
 3.21119491e+00  4.63856905e+01  3.21119491e+00  1.79999995e+02
 3.23593657e+00  4.63856905e+01  3.23593657e+00  1.79999995e+02
 3.26086886e+00  4.63856905e+01  3.26086886e+00  1.79999995e+02
 3.28599325e+00  4.63856905e+01  3.28599325e+00  1.79999995e+02
 3.31131121e+00  4.63856905e+01  3.31131121e+00  1.79999995e+02
 3.33682425e+00  4.63856905e+01  3.33682425e+00  1.79999995e+02
 3.36253386e+00  4.63856905e+01  3.36253386e+00  1.79999994e+02
 3.38844156e+00  4.63856905e+01  3.38844156e+00  1.79999994e+02
 3.41454887e+00  4.63856905e+01  3.41454887e+00  1.79999994e+02
 3.44085734e+00  4.63856905e+01  3.44085734e+00  1.79999994e+02
 3.46736850e+00  4.63856905e+01  3.46736850e+00  1.79999994e+02
 3.49408393e+00  4.63856905e+01  3.49408393e+00  1.79999994e+02
 3.52100520e+00  4.63856905e+01  3.52100520e+00  1.79999994e+02
 3.54813389e+00  4.63856905e+01  3.54813389e+00  1.79999994e+02
 3.57547160e+00  4.63856905e+01  3.57547160e+00  1.79999994e+02
 3.60301995e+00  4.63856905e+01  3.60301995e+00  1.79999994e+02
 3.63078055e+00  4.63856905e+01  3.63078055e+00  1.79999994e+02
 3.65875504e+00  4.63856905e+01  3.65875504e+00  1.79999994e+02
 3.68694506e+00  4.63856905e+01  3.68694506e+00  1.79999994e+02
 3.71535229e+00  4.63856905e+01  3.71535229e+00  1.79999994e+02
 3.74397839e+00  4.63856905e+01  3.74397839e+00  1.79999994e+02
 3.77282505e+00  4.63856905e+01  3.77282505e+00  1.79999994e+02
 3.80189396e+00  4.63856905e+01  3.80189396e+00  1.79999994e+02
 3.83118685e+00  4.63856905e+01  3.83118685e+00  1.79999994e+02
 3.86070543e+00  4.63856905e+01  3.86070543e+00  1.79999994e+02
 3.89045145e+00  4.63856905e+01  3.89045145e+00  1.79999994e+02
 3.92042666e+00  4.63856905e+01  3.92042666e+00  1.79999994e+02
 3.95063281e+00  4.63856905e+01  3.95063281e+00  1.79999994e+02
 3.98107171e+00  4.63856905e+01  3.98107171e+00  1.79999993e+02
 4.01174512e+00  4.63856905e+01  4.01174512e+00  1.79999993e+02
 4.04265487e+00  4.63856905e+01  4.04265487e+00  1.79999993e+02
 4.07380278e+00  4.63856905e+01  4.07380278e+00  1.79999993e+02
 4.10519067e+00  4.63856905e+01  4.10519067e+00  1.79999993e+02
 4.13682040e+00  4.63856905e+01  4.13682040e+00  1.79999993e+02
 4.16869383e+00  4.63856905e+01  4.16869383e+00  1.79999993e+02
 4.20081285e+00  4.63856905e+01  4.20081285e+00  1.79999993e+02
 4.23317933e+00  4.63856905e+01  4.23317933e+00  1.79999993e+02
 4.26579519e+00  4.63856905e+01  4.26579519e+00  1.79999993e+02
 4.29866235e+00  4.63856905e+01  4.29866235e+00  1.79999993e+02
 4.33178274e+00  4.63856905e+01  4.33178274e+00  1.79999993e+02
 4.36515832e+00  4.63856905e+01  4.36515832e+00  1.79999993e+02
 4.39879106e+00  4.63856905e+01  4.39879106e+00  1.79999993e+02
 4.43268292e+00  4.63856905e+01  4.43268292e+00  1.79999993e+02
 4.46683592e+00  4.63856905e+01  4.46683592e+00  1.79999993e+02
 4.50125206e+00  4.63856905e+01  4.50125206e+00  1.79999993e+02
 4.53593337e+00  4.63856905e+01  4.53593337e+00  1.79999993e+02
 4.57088190e+00  4.63856905e+01  4.57088190e+00  1.79999993e+02
 4.60609969e+00  4.63856905e+01  4.60609969e+00  1.79999992e+02
 4.64158883e+00  4.63856905e+01  4.64158883e+00  1.79999992e+02
 4.67735141e+00  4.63856905e+01  4.67735141e+00  1.79999992e+02
 4.71338954e+00  4.63856905e+01  4.71338954e+00  1.79999992e+02
 4.74970533e+00  4.63856905e+01  4.74970533e+00  1.79999992e+02
 4.78630092e+00  4.63856905e+01  4.78630092e+00  1.79999992e+02
 4.82317848e+00  4.63856905e+01  4.82317848e+00  1.79999992e+02
 4.86034018e+00  4.63856905e+01  4.86034018e+00  1.79999992e+02
 4.89778819e+00  4.63856905e+01  4.89778819e+00  1.79999992e+02
 4.93552474e+00  4.63856905e+01  4.93552474e+00  1.79999992e+02
 4.97355204e+00  4.63856905e+01  4.97355204e+00  1.79999992e+02
 5.01187234e+00  4.63856905e+01  5.01187234e+00  1.79999992e+02
 5.05048788e+00  4.63856905e+01  5.05048788e+00  1.79999992e+02
 5.08940095e+00  4.63856905e+01  5.08940095e+00  1.79999992e+02
 5.12861384e+00  4.63856905e+01  5.12861384e+00  1.79999992e+02
 5.16812886e+00  4.63856905e+01  5.16812886e+00  1.79999992e+02
 5.20794833e+00  4.63856905e+01  5.20794833e+00  1.79999991e+02
 5.24807460e+00  4.63856905e+01  5.24807460e+00  1.79999991e+02
 5.28851004e+00  4.63856905e+01  5.28851004e+00  1.79999991e+02
 5.32925703e+00  4.63856905e+01  5.32925703e+00  1.79999991e+02
 5.37031796e+00  4.63856905e+01  5.37031796e+00  1.79999991e+02
 5.41169527e+00  4.63856905e+01  5.41169527e+00  1.79999991e+02
 5.45339137e+00  4.63856905e+01  5.45339137e+00  1.79999991e+02
 5.49540874e+00  4.63856905e+01  5.49540874e+00  1.79999991e+02
 5.53774984e+00  4.63856905e+01  5.53774984e+00  1.79999991e+02
 5.58041717e+00  4.63856905e+01  5.58041717e+00  1.79999991e+02
 5.62341325e+00  4.63856905e+01  5.62341325e+00  1.79999991e+02
 5.66674061e+00  4.63856905e+01  5.66674061e+00  1.79999991e+02
 5.71040179e+00  4.63856905e+01  5.71040179e+00  1.79999991e+02
 5.75439937e+00  4.63856905e+01  5.75439937e+00  1.79999991e+02
 5.79873595e+00  4.63856905e+01  5.79873595e+00  1.79999990e+02
 5.84341413e+00  4.63856905e+01  5.84341413e+00  1.79999990e+02
 5.88843655e+00  4.63856905e+01  5.88843655e+00  1.79999990e+02
 5.93380586e+00  4.63856905e+01  5.93380586e+00  1.79999990e+02
 5.97952473e+00  4.63856905e+01  5.97952473e+00  1.79999990e+02
 6.02559586e+00  4.63856905e+01  6.02559586e+00  1.79999990e+02
 6.07202196e+00  4.63856905e+01  6.07202196e+00  1.79999990e+02
 6.11880576e+00  4.63856905e+01  6.11880576e+00  1.79999990e+02
 6.16595002e+00  4.63856905e+01  6.16595002e+00  1.79999990e+02
 6.21345752e+00  4.63856905e+01  6.21345752e+00  1.79999990e+02
 6.26133105e+00  4.63856905e+01  6.26133105e+00  1.79999990e+02
 6.30957344e+00  4.63856905e+01  6.30957344e+00  1.79999990e+02
 6.35818754e+00  4.63856905e+01  6.35818754e+00  1.79999990e+02
 6.40717619e+00  4.63856905e+01  6.40717619e+00  1.79999990e+02
 6.45654229e+00  4.63856905e+01  6.45654229e+00  1.79999989e+02
 6.50628875e+00  4.63856905e+01  6.50628875e+00  1.79999989e+02
 6.55641849e+00  4.63856905e+01  6.55641849e+00  1.79999989e+02
 6.60693448e+00  4.63856905e+01  6.60693448e+00  1.79999989e+02
 6.65783968e+00  4.63856905e+01  6.65783968e+00  1.79999989e+02
 6.70913710e+00  4.63856905e+01  6.70913710e+00  1.79999989e+02
 6.76082975e+00  4.63856905e+01  6.76082975e+00  1.79999989e+02
 6.81292069e+00  4.63856905e+01  6.81292069e+00  1.79999989e+02
 6.86541298e+00  4.63856905e+01  6.86541298e+00  1.79999989e+02
 6.91830971e+00  4.63856905e+01  6.91830971e+00  1.79999989e+02
 6.97161400e+00  4.63856905e+01  6.97161400e+00  1.79999989e+02
 7.02532899e+00  4.63856905e+01  7.02532899e+00  1.79999988e+02
 7.07945784e+00  4.63856905e+01  7.07945784e+00  1.79999988e+02
 7.13400375e+00  4.63856905e+01  7.13400375e+00  1.79999988e+02
 7.18896992e+00  4.63856905e+01  7.18896992e+00  1.79999988e+02
 7.24435960e+00  4.63856905e+01  7.24435960e+00  1.79999988e+02
 7.30017605e+00  4.63856905e+01  7.30017605e+00  1.79999988e+02
 7.35642254e+00  4.63856905e+01  7.35642254e+00  1.79999988e+02
 7.41310241e+00  4.63856905e+01  7.41310241e+00  1.79999988e+02
 7.47021899e+00  4.63856905e+01  7.47021899e+00  1.79999988e+02
 7.52777564e+00  4.63856905e+01  7.52777564e+00  1.79999988e+02
 7.58577575e+00  4.63856905e+01  7.58577575e+00  1.79999988e+02
 7.64422274e+00  4.63856905e+01  7.64422274e+00  1.79999987e+02
 7.70312006e+00  4.63856905e+01  7.70312006e+00  1.79999987e+02
 7.76247117e+00  4.63856905e+01  7.76247117e+00  1.79999987e+02
 7.82227956e+00  4.63856905e+01  7.82227956e+00  1.79999987e+02
 7.88254877e+00  4.63856905e+01  7.88254877e+00  1.79999987e+02
 7.94328235e+00  4.63856905e+01  7.94328235e+00  1.79999987e+02
 8.00448386e+00  4.63856905e+01  8.00448386e+00  1.79999987e+02
 8.06615692e+00  4.63856905e+01  8.06615692e+00  1.79999987e+02
 8.12830516e+00  4.63856905e+01  8.12830516e+00  1.79999987e+02
 8.19093224e+00  4.63856905e+01  8.19093224e+00  1.79999987e+02
 8.25404185e+00  4.63856905e+01  8.25404185e+00  1.79999986e+02
 8.31763771e+00  4.63856905e+01  8.31763771e+00  1.79999986e+02
 8.38172356e+00  4.63856905e+01  8.38172356e+00  1.79999986e+02
 8.44630319e+00  4.63856905e+01  8.44630319e+00  1.79999986e+02
 8.51138038e+00  4.63856905e+01  8.51138038e+00  1.79999986e+02
 8.57695899e+00  4.63856905e+01  8.57695899e+00  1.79999986e+02
 8.64304286e+00  4.63856905e+01  8.64304286e+00  1.79999986e+02
 8.70963590e+00  4.63856905e+01  8.70963590e+00  1.79999986e+02
 8.77674203e+00  4.63856905e+01  8.77674203e+00  1.79999986e+02
 8.84436519e+00  4.63856905e+01  8.84436519e+00  1.79999986e+02
 8.91250938e+00  4.63856905e+01  8.91250938e+00  1.79999985e+02
 8.98117861e+00  4.63856905e+01  8.98117861e+00  1.79999985e+02
 9.05037692e+00  4.63856905e+01  9.05037692e+00  1.79999985e+02
 9.12010839e+00  4.63856905e+01  9.12010839e+00  1.79999985e+02
 9.19037713e+00  4.63856905e+01  9.19037713e+00  1.79999985e+02
 9.26118728e+00  4.63856905e+01  9.26118728e+00  1.79999985e+02
 9.33254301e+00  4.63856905e+01  9.33254301e+00  1.79999985e+02
 9.40444852e+00  4.63856905e+01  9.40444852e+00  1.79999985e+02
 9.47690805e+00  4.63856905e+01  9.47690805e+00  1.79999984e+02
 9.54992586e+00  4.63856905e+01  9.54992586e+00  1.79999984e+02
 9.62350626e+00  4.63856905e+01  9.62350626e+00  1.79999984e+02
 9.69765359e+00  4.63856905e+01  9.69765359e+00  1.79999984e+02
 9.77237221e+00  4.63856905e+01  9.77237221e+00  1.79999984e+02
 9.84766652e+00  4.63856905e+01  9.84766652e+00  1.79999984e+02
 9.92354096e+00  4.63856905e+01  9.92354096e+00  1.79999984e+02
 1.00000000e+01  4.63856905e+01  1.00000000e+01  1.79999984e+02
 1.00770481e+01  4.63856905e+01  1.00770481e+01  1.79999983e+02
 1.01546899e+01  4.63856905e+01  1.01546899e+01  1.79999983e+02
 1.02329299e+01  4.63856905e+01  1.02329299e+01  1.79999983e+02
 1.03117727e+01  4.63856905e+01  1.03117727e+01  1.79999983e+02
 1.03912230e+01  4.63856905e+01  1.03912230e+01  1.79999983e+02
 1.04712855e+01  4.63856905e+01  1.04712855e+01  1.79999983e+02
 1.05519648e+01  4.63856905e+01  1.05519648e+01  1.79999983e+02
 1.06332657e+01  4.63856905e+01  1.06332657e+01  1.79999983e+02
 1.07151931e+01  4.63856905e+01  1.07151931e+01  1.79999982e+02
 1.07977516e+01  4.63856905e+01  1.07977516e+01  1.79999982e+02
 1.08809463e+01  4.63856905e+01  1.08809463e+01  1.79999982e+02
 1.09647820e+01  4.63856905e+01  1.09647820e+01  1.79999982e+02
 1.10492636e+01  4.63856905e+01  1.10492636e+01  1.79999982e+02
 1.11343961e+01  4.63856905e+01  1.11343961e+01  1.79999982e+02
 1.12201845e+01  4.63856905e+01  1.12201845e+01  1.79999982e+02
 1.13066340e+01  4.63856905e+01  1.13066340e+01  1.79999981e+02
 1.13937495e+01  4.63856905e+01  1.13937495e+01  1.79999981e+02
 1.14815362e+01  4.63856905e+01  1.14815362e+01  1.79999981e+02
 1.15699993e+01  4.63856905e+01  1.15699993e+01  1.79999981e+02
 1.16591440e+01  4.63856905e+01  1.16591440e+01  1.79999981e+02
 1.17489755e+01  4.63856905e+01  1.17489755e+01  1.79999981e+02
 1.18394992e+01  4.63856905e+01  1.18394992e+01  1.79999981e+02
 1.19307204e+01  4.63856905e+01  1.19307204e+01  1.79999980e+02
 1.20226443e+01  4.63856905e+01  1.20226443e+01  1.79999980e+02
 1.21152766e+01  4.63856905e+01  1.21152766e+01  1.79999980e+02
 1.22086225e+01  4.63856905e+01  1.22086225e+01  1.79999980e+02
 1.23026877e+01  4.63856905e+01  1.23026877e+01  1.79999980e+02
 1.23974776e+01  4.63856905e+01  1.23974776e+01  1.79999980e+02
 1.24929979e+01  4.63856905e+01  1.24929979e+01  1.79999980e+02
 1.25892541e+01  4.63856905e+01  1.25892541e+01  1.79999979e+02
 1.26862520e+01  4.63856905e+01  1.26862520e+01  1.79999979e+02
 1.27839972e+01  4.63856905e+01  1.27839972e+01  1.79999979e+02
 1.28824955e+01  4.63856905e+01  1.28824955e+01  1.79999979e+02
 1.29817528e+01  4.63856905e+01  1.29817528e+01  1.79999979e+02
 1.30817747e+01  4.63856905e+01  1.30817747e+01  1.79999979e+02
 1.31825674e+01  4.63856905e+01  1.31825674e+01  1.79999978e+02
 1.32841366e+01  4.63856905e+01  1.32841366e+01  1.79999978e+02
 1.33864884e+01  4.63856905e+01  1.33864884e+01  1.79999978e+02
 1.34896288e+01  4.63856905e+01  1.34896288e+01  1.79999978e+02
 1.35935639e+01  4.63856905e+01  1.35935639e+01  1.79999978e+02
 1.36982998e+01  4.63856905e+01  1.36982998e+01  1.79999978e+02
 1.38038426e+01  4.63856905e+01  1.38038426e+01  1.79999977e+02
 1.39101987e+01  4.63856905e+01  1.39101987e+01  1.79999977e+02
 1.40173742e+01  4.63856905e+01  1.40173742e+01  1.79999977e+02
 1.41253754e+01  4.63856905e+01  1.41253754e+01  1.79999977e+02
 1.42342088e+01  4.63856905e+01  1.42342088e+01  1.79999977e+02
 1.43438808e+01  4.63856905e+01  1.43438808e+01  1.79999976e+02
 1.44543977e+01  4.63856905e+01  1.44543977e+01  1.79999976e+02
 1.45657662e+01  4.63856905e+01  1.45657662e+01  1.79999976e+02
 1.46779927e+01  4.63856905e+01  1.46779927e+01  1.79999976e+02
 1.47910839e+01  4.63856905e+01  1.47910839e+01  1.79999976e+02
 1.49050464e+01  4.63856905e+01  1.49050464e+01  1.79999976e+02
 1.50198870e+01  4.63856905e+01  1.50198870e+01  1.79999975e+02
 1.51356125e+01  4.63856905e+01  1.51356125e+01  1.79999975e+02
 1.52522296e+01  4.63856905e+01  1.52522296e+01  1.79999975e+02
 1.53697452e+01  4.63856905e+01  1.53697452e+01  1.79999975e+02
 1.54881662e+01  4.63856905e+01  1.54881662e+01  1.79999975e+02
 1.56074996e+01  4.63856905e+01  1.56074996e+01  1.79999974e+02
 1.57277525e+01  4.63856905e+01  1.57277525e+01  1.79999974e+02
 1.58489319e+01  4.63856905e+01  1.58489319e+01  1.79999974e+02
 1.59710450e+01  4.63856905e+01  1.59710450e+01  1.79999974e+02
 1.60940989e+01  4.63856905e+01  1.60940989e+01  1.79999974e+02
 1.62181010e+01  4.63856905e+01  1.62181010e+01  1.79999973e+02
 1.63430584e+01  4.63856905e+01  1.63430584e+01  1.79999973e+02
 1.64689787e+01  4.63856905e+01  1.64689787e+01  1.79999973e+02
 1.65958691e+01  4.63856905e+01  1.65958691e+01  1.79999973e+02
 1.67237372e+01  4.63856905e+01  1.67237372e+01  1.79999973e+02
 1.68525904e+01  4.63856905e+01  1.68525904e+01  1.79999972e+02
 1.69824365e+01  4.63856905e+01  1.69824365e+01  1.79999972e+02
 1.71132830e+01  4.63856905e+01  1.71132830e+01  1.79999972e+02
 1.72451377e+01  4.63856905e+01  1.72451377e+01  1.79999972e+02
 1.73780083e+01  4.63856905e+01  1.73780083e+01  1.79999972e+02
 1.75119026e+01  4.63856905e+01  1.75119026e+01  1.79999971e+02
 1.76468286e+01  4.63856905e+01  1.76468286e+01  1.79999971e+02
 1.77827941e+01  4.63856905e+01  1.77827941e+01  1.79999971e+02
 1.79198072e+01  4.63856905e+01  1.79198072e+01  1.79999971e+02
 1.80578760e+01  4.63856905e+01  1.80578760e+01  1.79999970e+02
 1.81970086e+01  4.63856905e+01  1.81970086e+01  1.79999970e+02
 1.83372132e+01  4.63856905e+01  1.83372132e+01  1.79999970e+02
 1.84784980e+01  4.63856905e+01  1.84784980e+01  1.79999970e+02
 1.86208714e+01  4.63856905e+01  1.86208714e+01  1.79999969e+02
 1.87643417e+01  4.63856905e+01  1.87643417e+01  1.79999969e+02
 1.89089175e+01  4.63856905e+01  1.89089175e+01  1.79999969e+02
 1.90546072e+01  4.63856905e+01  1.90546072e+01  1.79999969e+02
 1.92014194e+01  4.63856905e+01  1.92014194e+01  1.79999969e+02
 1.93493628e+01  4.63856905e+01  1.93493628e+01  1.79999968e+02
 1.94984460e+01  4.63856905e+01  1.94984460e+01  1.79999968e+02
 1.96486779e+01  4.63856905e+01  1.96486779e+01  1.79999968e+02
 1.98000673e+01  4.63856905e+01  1.98000673e+01  1.79999968e+02
 1.99526231e+01  4.63856905e+01  1.99526231e+01  1.79999967e+02
 2.01063544e+01  4.63856905e+01  2.01063544e+01  1.79999967e+02
 2.02612701e+01  4.63856905e+01  2.02612701e+01  1.79999967e+02
 2.04173794e+01  4.63856905e+01  2.04173794e+01  1.79999967e+02
 2.05746916e+01  4.63856905e+01  2.05746916e+01  1.79999966e+02
 2.07332157e+01  4.63856905e+01  2.07332157e+01  1.79999966e+02
 2.08929613e+01  4.63856905e+01  2.08929613e+01  1.79999966e+02
 2.10539377e+01  4.63856905e+01  2.10539377e+01  1.79999966e+02
 2.12161544e+01  4.63856905e+01  2.12161544e+01  1.79999965e+02
 2.13796209e+01  4.63856905e+01  2.13796209e+01  1.79999965e+02
 2.15443469e+01  4.63856905e+01  2.15443469e+01  1.79999965e+02
 2.17103421e+01  4.63856905e+01  2.17103421e+01  1.79999964e+02
 2.18776162e+01  4.63856905e+01  2.18776162e+01  1.79999964e+02
 2.20461792e+01  4.63856905e+01  2.20461792e+01  1.79999964e+02
 2.22160409e+01  4.63856905e+01  2.22160409e+01  1.79999964e+02
 2.23872114e+01  4.63856905e+01  2.23872114e+01  1.79999963e+02
 2.25597007e+01  4.63856905e+01  2.25597007e+01  1.79999963e+02
 2.27335190e+01  4.63856905e+01  2.27335190e+01  1.79999963e+02
 2.29086765e+01  4.63856905e+01  2.29086765e+01  1.79999962e+02
 2.30851836e+01  4.63856905e+01  2.30851836e+01  1.79999962e+02
 2.32630507e+01  4.63856905e+01  2.32630507e+01  1.79999962e+02
 2.34422882e+01  4.63856905e+01  2.34422882e+01  1.79999962e+02
 2.36229066e+01  4.63856905e+01  2.36229066e+01  1.79999961e+02
 2.38049167e+01  4.63856905e+01  2.38049167e+01  1.79999961e+02
 2.39883292e+01  4.63856905e+01  2.39883292e+01  1.79999961e+02
 2.41731548e+01  4.63856905e+01  2.41731548e+01  1.79999960e+02
 2.43594045e+01  4.63856905e+01  2.43594045e+01  1.79999960e+02
 2.45470892e+01  4.63856905e+01  2.45470892e+01  1.79999960e+02
 2.47362199e+01  4.63856905e+01  2.47362199e+01  1.79999959e+02
 2.49268079e+01  4.63856905e+01  2.49268079e+01  1.79999959e+02
 2.51188643e+01  4.63856905e+01  2.51188643e+01  1.79999959e+02
 2.53124005e+01  4.63856905e+01  2.53124005e+01  1.79999959e+02
 2.55074278e+01  4.63856905e+01  2.55074278e+01  1.79999958e+02
 2.57039578e+01  4.63856905e+01  2.57039578e+01  1.79999958e+02
 2.59020020e+01  4.63856905e+01  2.59020020e+01  1.79999958e+02
 2.61015722e+01  4.63856905e+01  2.61015722e+01  1.79999957e+02
 2.63026799e+01  4.63856905e+01  2.63026799e+01  1.79999957e+02
 2.65053372e+01  4.63856905e+01  2.65053372e+01  1.79999957e+02
 2.67095559e+01  4.63856905e+01  2.67095559e+01  1.79999956e+02
 2.69153480e+01  4.63856905e+01  2.69153480e+01  1.79999956e+02
 2.71227258e+01  4.63856905e+01  2.71227258e+01  1.79999956e+02
 2.73317014e+01  4.63856905e+01  2.73317014e+01  1.79999955e+02
 2.75422870e+01  4.63856905e+01  2.75422870e+01  1.79999955e+02
 2.77544952e+01  4.63856905e+01  2.77544952e+01  1.79999955e+02
 2.79683385e+01  4.63856905e+01  2.79683385e+01  1.79999954e+02
 2.81838293e+01  4.63856905e+01  2.81838293e+01  1.79999954e+02
 2.84009805e+01  4.63856905e+01  2.84009805e+01  1.79999953e+02
 2.86198048e+01  4.63856905e+01  2.86198048e+01  1.79999953e+02
 2.88403150e+01  4.63856905e+01  2.88403150e+01  1.79999953e+02
 2.90625243e+01  4.63856905e+01  2.90625243e+01  1.79999952e+02
 2.92864456e+01  4.63856905e+01  2.92864456e+01  1.79999952e+02
 2.95120923e+01  4.63856905e+01  2.95120923e+01  1.79999952e+02
 2.97394775e+01  4.63856905e+01  2.97394775e+01  1.79999951e+02
 2.99686146e+01  4.63856905e+01  2.99686146e+01  1.79999951e+02
 3.01995172e+01  4.63856905e+01  3.01995172e+01  1.79999951e+02
 3.04321989e+01  4.63856905e+01  3.04321989e+01  1.79999950e+02
 3.06666733e+01  4.63856905e+01  3.06666733e+01  1.79999950e+02
 3.09029543e+01  4.63856905e+01  3.09029543e+01  1.79999949e+02
 3.11410558e+01  4.63856905e+01  3.11410558e+01  1.79999949e+02
 3.13809919e+01  4.63856905e+01  3.13809919e+01  1.79999949e+02
 3.16227766e+01  4.63856905e+01  3.16227766e+01  1.79999948e+02
 3.18664242e+01  4.63856905e+01  3.18664242e+01  1.79999948e+02
 3.21119491e+01  4.63856905e+01  3.21119491e+01  1.79999947e+02
 3.23593657e+01  4.63856905e+01  3.23593657e+01  1.79999947e+02
 3.26086886e+01  4.63856905e+01  3.26086886e+01  1.79999947e+02
 3.28599325e+01  4.63856905e+01  3.28599325e+01  1.79999946e+02
 3.31131121e+01  4.63856905e+01  3.31131121e+01  1.79999946e+02
 3.33682425e+01  4.63856905e+01  3.33682425e+01  1.79999945e+02
 3.36253386e+01  4.63856905e+01  3.36253386e+01  1.79999945e+02
 3.38844156e+01  4.63856905e+01  3.38844156e+01  1.79999944e+02
 3.41454887e+01  4.63856905e+01  3.41454887e+01  1.79999944e+02
 3.44085734e+01  4.63856905e+01  3.44085734e+01  1.79999944e+02
 3.46736850e+01  4.63856905e+01  3.46736850e+01  1.79999943e+02
 3.49408393e+01  4.63856905e+01  3.49408393e+01  1.79999943e+02
 3.52100520e+01  4.63856905e+01  3.52100520e+01  1.79999942e+02
 3.54813389e+01  4.63856905e+01  3.54813389e+01  1.79999942e+02
 3.57547160e+01  4.63856905e+01  3.57547160e+01  1.79999941e+02
 3.60301995e+01  4.63856905e+01  3.60301995e+01  1.79999941e+02
 3.63078055e+01  4.63856905e+01  3.63078055e+01  1.79999941e+02
 3.65875504e+01  4.63856905e+01  3.65875504e+01  1.79999940e+02
 3.68694506e+01  4.63856905e+01  3.68694506e+01  1.79999940e+02
 3.71535229e+01  4.63856905e+01  3.71535229e+01  1.79999939e+02
 3.74397839e+01  4.63856905e+01  3.74397839e+01  1.79999939e+02
 3.77282505e+01  4.63856905e+01  3.77282505e+01  1.79999938e+02
 3.80189396e+01  4.63856905e+01  3.80189396e+01  1.79999938e+02
 3.83118685e+01  4.63856905e+01  3.83118685e+01  1.79999937e+02
 3.86070543e+01  4.63856905e+01  3.86070543e+01  1.79999937e+02
 3.89045145e+01  4.63856905e+01  3.89045145e+01  1.79999936e+02
 3.92042666e+01  4.63856905e+01  3.92042666e+01  1.79999936e+02
 3.95063281e+01  4.63856905e+01  3.95063281e+01  1.79999935e+02
 3.98107171e+01  4.63856905e+01  3.98107171e+01  1.79999935e+02
 4.01174512e+01  4.63856905e+01  4.01174512e+01  1.79999934e+02
 4.04265487e+01  4.63856905e+01  4.04265487e+01  1.79999934e+02
 4.07380278e+01  4.63856905e+01  4.07380278e+01  1.79999933e+02
 4.10519067e+01  4.63856905e+01  4.10519067e+01  1.79999933e+02
 4.13682040e+01  4.63856905e+01  4.13682040e+01  1.79999932e+02
 4.16869383e+01  4.63856905e+01  4.16869383e+01  1.79999932e+02
 4.20081285e+01  4.63856905e+01  4.20081285e+01  1.79999931e+02
 4.23317933e+01  4.63856905e+01  4.23317933e+01  1.79999931e+02
 4.26579519e+01  4.63856905e+01  4.26579519e+01  1.79999930e+02
 4.29866235e+01  4.63856905e+01  4.29866235e+01  1.79999930e+02
 4.33178274e+01  4.63856905e+01  4.33178274e+01  1.79999929e+02
 4.36515832e+01  4.63856905e+01  4.36515832e+01  1.79999928e+02
 4.39879106e+01  4.63856905e+01  4.39879106e+01  1.79999928e+02
 4.43268292e+01  4.63856905e+01  4.43268292e+01  1.79999927e+02
 4.46683592e+01  4.63856905e+01  4.46683592e+01  1.79999927e+02
 4.50125206e+01  4.63856905e+01  4.50125206e+01  1.79999926e+02
 4.53593337e+01  4.63856905e+01  4.53593337e+01  1.79999926e+02
 4.57088190e+01  4.63856905e+01  4.57088190e+01  1.79999925e+02
 4.60609969e+01  4.63856905e+01  4.60609969e+01  1.79999925e+02
 4.64158883e+01  4.63856905e+01  4.64158883e+01  1.79999924e+02
 4.67735141e+01  4.63856905e+01  4.67735141e+01  1.79999923e+02
 4.71338954e+01  4.63856905e+01  4.71338954e+01  1.79999923e+02
 4.74970533e+01  4.63856905e+01  4.74970533e+01  1.79999922e+02
 4.78630092e+01  4.63856905e+01  4.78630092e+01  1.79999922e+02
 4.82317848e+01  4.63856905e+01  4.82317848e+01  1.79999921e+02
 4.86034018e+01  4.63856905e+01  4.86034018e+01  1.79999920e+02
 4.89778819e+01  4.63856905e+01  4.89778819e+01  1.79999920e+02
 4.93552474e+01  4.63856905e+01  4.93552474e+01  1.79999919e+02
 4.97355204e+01  4.63856905e+01  4.97355204e+01  1.79999919e+02
 5.01187234e+01  4.63856905e+01  5.01187234e+01  1.79999918e+02
 5.05048788e+01  4.63856905e+01  5.05048788e+01  1.79999917e+02
 5.08940095e+01  4.63856905e+01  5.08940095e+01  1.79999917e+02
 5.12861384e+01  4.63856905e+01  5.12861384e+01  1.79999916e+02
 5.16812886e+01  4.63856905e+01  5.16812886e+01  1.79999915e+02
 5.20794833e+01  4.63856905e+01  5.20794833e+01  1.79999915e+02
 5.24807460e+01  4.63856905e+01  5.24807460e+01  1.79999914e+02
 5.28851004e+01  4.63856905e+01  5.28851004e+01  1.79999913e+02
 5.32925703e+01  4.63856905e+01  5.32925703e+01  1.79999913e+02
 5.37031796e+01  4.63856905e+01  5.37031796e+01  1.79999912e+02
 5.41169527e+01  4.63856905e+01  5.41169527e+01  1.79999911e+02
 5.45339137e+01  4.63856905e+01  5.45339137e+01  1.79999911e+02
 5.49540874e+01  4.63856905e+01  5.49540874e+01  1.79999910e+02
 5.53774984e+01  4.63856905e+01  5.53774984e+01  1.79999909e+02
 5.58041717e+01  4.63856905e+01  5.58041717e+01  1.79999909e+02
 5.62341325e+01  4.63856905e+01  5.62341325e+01  1.79999908e+02
 5.66674061e+01  4.63856905e+01  5.66674061e+01  1.79999907e+02
 5.71040179e+01  4.63856905e+01  5.71040179e+01  1.79999906e+02
 5.75439937e+01  4.63856905e+01  5.75439937e+01  1.79999906e+02
 5.79873595e+01  4.63856906e+01  5.79873595e+01  1.79999905e+02
 5.84341413e+01  4.63856906e+01  5.84341413e+01  1.79999904e+02
 5.88843655e+01  4.63856906e+01  5.88843655e+01  1.79999904e+02
 5.93380586e+01  4.63856906e+01  5.93380586e+01  1.79999903e+02
 5.97952473e+01  4.63856906e+01  5.97952473e+01  1.79999902e+02
 6.02559586e+01  4.63856906e+01  6.02559586e+01  1.79999901e+02
 6.07202196e+01  4.63856906e+01  6.07202196e+01  1.79999901e+02
 6.11880576e+01  4.63856906e+01  6.11880576e+01  1.79999900e+02
 6.16595002e+01  4.63856906e+01  6.16595002e+01  1.79999899e+02
 6.21345752e+01  4.63856906e+01  6.21345752e+01  1.79999898e+02
 6.26133105e+01  4.63856906e+01  6.26133105e+01  1.79999897e+02
 6.30957344e+01  4.63856906e+01  6.30957344e+01  1.79999897e+02
 6.35818754e+01  4.63856906e+01  6.35818754e+01  1.79999896e+02
 6.40717619e+01  4.63856906e+01  6.40717619e+01  1.79999895e+02
 6.45654229e+01  4.63856906e+01  6.45654229e+01  1.79999894e+02
 6.50628875e+01  4.63856906e+01  6.50628875e+01  1.79999893e+02
 6.55641849e+01  4.63856906e+01  6.55641849e+01  1.79999893e+02
 6.60693448e+01  4.63856906e+01  6.60693448e+01  1.79999892e+02
 6.65783968e+01  4.63856906e+01  6.65783968e+01  1.79999891e+02
 6.70913710e+01  4.63856906e+01  6.70913710e+01  1.79999890e+02
 6.76082975e+01  4.63856906e+01  6.76082975e+01  1.79999889e+02
 6.81292069e+01  4.63856906e+01  6.81292069e+01  1.79999888e+02
 6.86541298e+01  4.63856906e+01  6.86541298e+01  1.79999888e+02
 6.91830971e+01  4.63856906e+01  6.91830971e+01  1.79999887e+02
 6.97161400e+01  4.63856906e+01  6.97161400e+01  1.79999886e+02
 7.02532899e+01  4.63856906e+01  7.02532899e+01  1.79999885e+02
 7.07945784e+01  4.63856906e+01  7.07945784e+01  1.79999884e+02
 7.13400375e+01  4.63856906e+01  7.13400375e+01  1.79999883e+02
 7.18896992e+01  4.63856906e+01  7.18896992e+01  1.79999882e+02
 7.24435960e+01  4.63856906e+01  7.24435960e+01  1.79999881e+02
 7.30017605e+01  4.63856906e+01  7.30017605e+01  1.79999880e+02
 7.35642254e+01  4.63856906e+01  7.35642254e+01  1.79999879e+02
 7.41310241e+01  4.63856906e+01  7.41310241e+01  1.79999879e+02
 7.47021899e+01  4.63856906e+01  7.47021899e+01  1.79999878e+02
 7.52777564e+01  4.63856906e+01  7.52777564e+01  1.79999877e+02
 7.58577575e+01  4.63856906e+01  7.58577575e+01  1.79999876e+02
 7.64422274e+01  4.63856906e+01  7.64422274e+01  1.79999875e+02
 7.70312006e+01  4.63856906e+01  7.70312006e+01  1.79999874e+02
 7.76247117e+01  4.63856906e+01  7.76247117e+01  1.79999873e+02
 7.82227956e+01  4.63856906e+01  7.82227956e+01  1.79999872e+02
 7.88254877e+01  4.63856906e+01  7.88254877e+01  1.79999871e+02
 7.94328235e+01  4.63856906e+01  7.94328235e+01  1.79999870e+02
 8.00448386e+01  4.63856906e+01  8.00448386e+01  1.79999869e+02
 8.06615692e+01  4.63856906e+01  8.06615692e+01  1.79999868e+02
 8.12830516e+01  4.63856906e+01  8.12830516e+01  1.79999867e+02
 8.19093224e+01  4.63856906e+01  8.19093224e+01  1.79999866e+02
 8.25404185e+01  4.63856906e+01  8.25404185e+01  1.79999865e+02
 8.31763771e+01  4.63856906e+01  8.31763771e+01  1.79999864e+02
 8.38172356e+01  4.63856906e+01  8.38172356e+01  1.79999863e+02
 8.44630319e+01  4.63856906e+01  8.44630319e+01  1.79999862e+02
 8.51138038e+01  4.63856906e+01  8.51138038e+01  1.79999861e+02
 8.57695899e+01  4.63856906e+01  8.57695899e+01  1.79999859e+02
 8.64304286e+01  4.63856906e+01  8.64304286e+01  1.79999858e+02
 8.70963590e+01  4.63856906e+01  8.70963590e+01  1.79999857e+02
 8.77674203e+01  4.63856906e+01  8.77674203e+01  1.79999856e+02
 8.84436519e+01  4.63856906e+01  8.84436519e+01  1.79999855e+02
 8.91250938e+01  4.63856906e+01  8.91250938e+01  1.79999854e+02
 8.98117861e+01  4.63856906e+01  8.98117861e+01  1.79999853e+02
 9.05037692e+01  4.63856906e+01  9.05037692e+01  1.79999852e+02
 9.12010839e+01  4.63856906e+01  9.12010839e+01  1.79999851e+02
 9.19037713e+01  4.63856906e+01  9.19037713e+01  1.79999849e+02
 9.26118728e+01  4.63856906e+01  9.26118728e+01  1.79999848e+02
 9.33254301e+01  4.63856906e+01  9.33254301e+01  1.79999847e+02
 9.40444852e+01  4.63856906e+01  9.40444852e+01  1.79999846e+02
 9.47690805e+01  4.63856906e+01  9.47690805e+01  1.79999845e+02
 9.54992586e+01  4.63856906e+01  9.54992586e+01  1.79999844e+02
 9.62350626e+01  4.63856906e+01  9.62350626e+01  1.79999842e+02
 9.69765359e+01  4.63856906e+01  9.69765359e+01  1.79999841e+02
 9.77237221e+01  4.63856906e+01  9.77237221e+01  1.79999840e+02
 9.84766652e+01  4.63856906e+01  9.84766652e+01  1.79999839e+02
 9.92354096e+01  4.63856906e+01  9.92354096e+01  1.79999837e+02
 1.00000000e+02  4.63856906e+01  1.00000000e+02  1.79999836e+02
 1.00770481e+02  4.63856906e+01  1.00770481e+02  1.79999835e+02
 1.01546899e+02  4.63856906e+01  1.01546899e+02  1.79999834e+02
 1.02329299e+02  4.63856906e+01  1.02329299e+02  1.79999832e+02
 1.03117727e+02  4.63856906e+01  1.03117727e+02  1.79999831e+02
 1.03912230e+02  4.63856906e+01  1.03912230e+02  1.79999830e+02
 1.04712855e+02  4.63856906e+01  1.04712855e+02  1.79999828e+02
 1.05519648e+02  4.63856906e+01  1.05519648e+02  1.79999827e+02
 1.06332657e+02  4.63856906e+01  1.06332657e+02  1.79999826e+02
 1.07151931e+02  4.63856906e+01  1.07151931e+02  1.79999824e+02
 1.07977516e+02  4.63856906e+01  1.07977516e+02  1.79999823e+02
 1.08809463e+02  4.63856906e+01  1.08809463e+02  1.79999822e+02
 1.09647820e+02  4.63856906e+01  1.09647820e+02  1.79999820e+02
 1.10492636e+02  4.63856906e+01  1.10492636e+02  1.79999819e+02
 1.11343961e+02  4.63856906e+01  1.11343961e+02  1.79999818e+02
 1.12201845e+02  4.63856906e+01  1.12201845e+02  1.79999816e+02
 1.13066340e+02  4.63856906e+01  1.13066340e+02  1.79999815e+02
 1.13937495e+02  4.63856906e+01  1.13937495e+02  1.79999813e+02
 1.14815362e+02  4.63856906e+01  1.14815362e+02  1.79999812e+02
 1.15699993e+02  4.63856906e+01  1.15699993e+02  1.79999810e+02
 1.16591440e+02  4.63856906e+01  1.16591440e+02  1.79999809e+02
 1.17489755e+02  4.63856906e+01  1.17489755e+02  1.79999808e+02
 1.18394992e+02  4.63856906e+01  1.18394992e+02  1.79999806e+02
 1.19307204e+02  4.63856906e+01  1.19307204e+02  1.79999805e+02
 1.20226443e+02  4.63856906e+01  1.20226443e+02  1.79999803e+02
 1.21152766e+02  4.63856906e+01  1.21152766e+02  1.79999802e+02
 1.22086225e+02  4.63856906e+01  1.22086225e+02  1.79999800e+02
 1.23026877e+02  4.63856906e+01  1.23026877e+02  1.79999798e+02
 1.23974776e+02  4.63856906e+01  1.23974776e+02  1.79999797e+02
 1.24929979e+02  4.63856906e+01  1.24929979e+02  1.79999795e+02
 1.25892541e+02  4.63856906e+01  1.25892541e+02  1.79999794e+02
 1.26862520e+02  4.63856906e+01  1.26862520e+02  1.79999792e+02
 1.27839972e+02  4.63856906e+01  1.27839972e+02  1.79999791e+02
 1.28824955e+02  4.63856906e+01  1.28824955e+02  1.79999789e+02
 1.29817528e+02  4.63856906e+01  1.29817528e+02  1.79999787e+02
 1.30817747e+02  4.63856906e+01  1.30817747e+02  1.79999786e+02
 1.31825674e+02  4.63856906e+01  1.31825674e+02  1.79999784e+02
 1.32841366e+02  4.63856906e+01  1.32841366e+02  1.79999782e+02
 1.33864884e+02  4.63856906e+01  1.33864884e+02  1.79999781e+02
 1.34896288e+02  4.63856906e+01  1.34896288e+02  1.79999779e+02
 1.35935639e+02  4.63856906e+01  1.35935639e+02  1.79999777e+02
 1.36982998e+02  4.63856906e+01  1.36982998e+02  1.79999776e+02
 1.38038426e+02  4.63856906e+01  1.38038426e+02  1.79999774e+02
 1.39101987e+02  4.63856906e+01  1.39101987e+02  1.79999772e+02
 1.40173742e+02  4.63856906e+01  1.40173742e+02  1.79999770e+02
 1.41253754e+02  4.63856906e+01  1.41253754e+02  1.79999769e+02
 1.42342088e+02  4.63856906e+01  1.42342088e+02  1.79999767e+02
 1.43438808e+02  4.63856906e+01  1.43438808e+02  1.79999765e+02
 1.44543977e+02  4.63856906e+01  1.44543977e+02  1.79999763e+02
 1.45657662e+02  4.63856906e+01  1.45657662e+02  1.79999761e+02
 1.46779927e+02  4.63856906e+01  1.46779927e+02  1.79999760e+02
 1.47910839e+02  4.63856906e+01  1.47910839e+02  1.79999758e+02
 1.49050464e+02  4.63856906e+01  1.49050464e+02  1.79999756e+02
 1.50198870e+02  4.63856906e+01  1.50198870e+02  1.79999754e+02
 1.51356125e+02  4.63856906e+01  1.51356125e+02  1.79999752e+02
 1.52522296e+02  4.63856906e+01  1.52522296e+02  1.79999750e+02
 1.53697452e+02  4.63856906e+01  1.53697452e+02  1.79999748e+02
 1.54881662e+02  4.63856906e+01  1.54881662e+02  1.79999746e+02
 1.56074996e+02  4.63856906e+01  1.56074996e+02  1.79999744e+02
 1.57277525e+02  4.63856906e+01  1.57277525e+02  1.79999742e+02
 1.58489319e+02  4.63856906e+01  1.58489319e+02  1.79999740e+02
 1.59710450e+02  4.63856906e+01  1.59710450e+02  1.79999738e+02
 1.60940989e+02  4.63856906e+01  1.60940989e+02  1.79999736e+02
 1.62181010e+02  4.63856906e+01  1.62181010e+02  1.79999734e+02
 1.63430584e+02  4.63856906e+01  1.63430584e+02  1.79999732e+02
 1.64689787e+02  4.63856906e+01  1.64689787e+02  1.79999730e+02
 1.65958691e+02  4.63856906e+01  1.65958691e+02  1.79999728e+02
 1.67237372e+02  4.63856906e+01  1.67237372e+02  1.79999726e+02
 1.68525904e+02  4.63856906e+01  1.68525904e+02  1.79999724e+02
 1.69824365e+02  4.63856906e+01  1.69824365e+02  1.79999722e+02
 1.71132830e+02  4.63856906e+01  1.71132830e+02  1.79999720e+02
 1.72451377e+02  4.63856906e+01  1.72451377e+02  1.79999717e+02
 1.73780083e+02  4.63856906e+01  1.73780083e+02  1.79999715e+02
 1.75119026e+02  4.63856906e+01  1.75119026e+02  1.79999713e+02
 1.76468286e+02  4.63856906e+01  1.76468286e+02  1.79999711e+02
 1.77827941e+02  4.63856906e+01  1.77827941e+02  1.79999709e+02
 1.79198072e+02  4.63856906e+01  1.79198072e+02  1.79999706e+02
 1.80578760e+02  4.63856906e+01  1.80578760e+02  1.79999704e+02
 1.81970086e+02  4.63856906e+01  1.81970086e+02  1.79999702e+02
 1.83372132e+02  4.63856906e+01  1.83372132e+02  1.79999700e+02
 1.84784980e+02  4.63856906e+01  1.84784980e+02  1.79999697e+02
 1.86208714e+02  4.63856906e+01  1.86208714e+02  1.79999695e+02
 1.87643417e+02  4.63856906e+01  1.87643417e+02  1.79999693e+02
 1.89089175e+02  4.63856906e+01  1.89089175e+02  1.79999690e+02
 1.90546072e+02  4.63856906e+01  1.90546072e+02  1.79999688e+02
 1.92014194e+02  4.63856906e+01  1.92014194e+02  1.79999685e+02
 1.93493628e+02  4.63856906e+01  1.93493628e+02  1.79999683e+02
 1.94984460e+02  4.63856906e+01  1.94984460e+02  1.79999681e+02
 1.96486779e+02  4.63856906e+01  1.96486779e+02  1.79999678e+02
 1.98000673e+02  4.63856906e+01  1.98000673e+02  1.79999676e+02
 1.99526231e+02  4.63856906e+01  1.99526231e+02  1.79999673e+02
 2.01063544e+02  4.63856906e+01  2.01063544e+02  1.79999671e+02
 2.02612701e+02  4.63856906e+01  2.02612701e+02  1.79999668e+02
 2.04173794e+02  4.63856906e+01  2.04173794e+02  1.79999665e+02
 2.05746916e+02  4.63856906e+01  2.05746916e+02  1.79999663e+02
 2.07332157e+02  4.63856906e+01  2.07332157e+02  1.79999660e+02
 2.08929613e+02  4.63856906e+01  2.08929613e+02  1.79999658e+02
 2.10539377e+02  4.63856906e+01  2.10539377e+02  1.79999655e+02
 2.12161544e+02  4.63856906e+01  2.12161544e+02  1.79999652e+02
 2.13796209e+02  4.63856906e+01  2.13796209e+02  1.79999650e+02
 2.15443469e+02  4.63856906e+01  2.15443469e+02  1.79999647e+02
 2.17103421e+02  4.63856906e+01  2.17103421e+02  1.79999644e+02
 2.18776162e+02  4.63856906e+01  2.18776162e+02  1.79999642e+02
 2.20461792e+02  4.63856906e+01  2.20461792e+02  1.79999639e+02
 2.22160409e+02  4.63856906e+01  2.22160409e+02  1.79999636e+02
 2.23872114e+02  4.63856906e+01  2.23872114e+02  1.79999633e+02
 2.25597007e+02  4.63856906e+01  2.25597007e+02  1.79999630e+02
 2.27335190e+02  4.63856906e+01  2.27335190e+02  1.79999628e+02
 2.29086765e+02  4.63856906e+01  2.29086765e+02  1.79999625e+02
 2.30851836e+02  4.63856906e+01  2.30851836e+02  1.79999622e+02
 2.32630507e+02  4.63856906e+01  2.32630507e+02  1.79999619e+02
 2.34422882e+02  4.63856906e+01  2.34422882e+02  1.79999616e+02
 2.36229066e+02  4.63856906e+01  2.36229066e+02  1.79999613e+02
 2.38049167e+02  4.63856906e+01  2.38049167e+02  1.79999610e+02
 2.39883292e+02  4.63856906e+01  2.39883292e+02  1.79999607e+02
 2.41731548e+02  4.63856906e+01  2.41731548e+02  1.79999604e+02
 2.43594045e+02  4.63856906e+01  2.43594045e+02  1.79999601e+02
 2.45470892e+02  4.63856906e+01  2.45470892e+02  1.79999598e+02
 2.47362199e+02  4.63856906e+01  2.47362199e+02  1.79999595e+02
 2.49268079e+02  4.63856906e+01  2.49268079e+02  1.79999592e+02
 2.51188643e+02  4.63856906e+01  2.51188643e+02  1.79999588e+02
 2.53124005e+02  4.63856906e+01  2.53124005e+02  1.79999585e+02
 2.55074278e+02  4.63856906e+01  2.55074278e+02  1.79999582e+02
 2.57039578e+02  4.63856906e+01  2.57039578e+02  1.79999579e+02
 2.59020020e+02  4.63856906e+01  2.59020020e+02  1.79999576e+02
 2.61015722e+02  4.63856906e+01  2.61015722e+02  1.79999572e+02
 2.63026799e+02  4.63856906e+01  2.63026799e+02  1.79999569e+02
 2.65053372e+02  4.63856906e+01  2.65053372e+02  1.79999566e+02
 2.67095559e+02  4.63856906e+01  2.67095559e+02  1.79999562e+02
 2.69153480e+02  4.63856906e+01  2.69153480e+02  1.79999559e+02
 2.71227258e+02  4.63856906e+01  2.71227258e+02  1.79999556e+02
 2.73317014e+02  4.63856906e+01  2.73317014e+02  1.79999552e+02
 2.75422870e+02  4.63856906e+01  2.75422870e+02  1.79999549e+02
 2.77544952e+02  4.63856906e+01  2.77544952e+02  1.79999545e+02
 2.79683385e+02  4.63856906e+01  2.79683385e+02  1.79999542e+02
 2.81838293e+02  4.63856906e+01  2.81838293e+02  1.79999538e+02
 2.84009805e+02  4.63856906e+01  2.84009805e+02  1.79999535e+02
 2.86198048e+02  4.63856906e+01  2.86198048e+02  1.79999531e+02
 2.88403150e+02  4.63856906e+01  2.88403150e+02  1.79999527e+02
 2.90625243e+02  4.63856906e+01  2.90625243e+02  1.79999524e+02
 2.92864456e+02  4.63856906e+01  2.92864456e+02  1.79999520e+02
 2.95120923e+02  4.63856906e+01  2.95120923e+02  1.79999516e+02
 2.97394775e+02  4.63856906e+01  2.97394775e+02  1.79999513e+02
 2.99686146e+02  4.63856906e+01  2.99686146e+02  1.79999509e+02
 3.01995172e+02  4.63856906e+01  3.01995172e+02  1.79999505e+02
 3.04321989e+02  4.63856906e+01  3.04321989e+02  1.79999501e+02
 3.06666733e+02  4.63856906e+01  3.06666733e+02  1.79999498e+02
 3.09029543e+02  4.63856906e+01  3.09029543e+02  1.79999494e+02
 3.11410558e+02  4.63856906e+01  3.11410558e+02  1.79999490e+02
 3.13809919e+02  4.63856906e+01  3.13809919e+02  1.79999486e+02
 3.16227766e+02  4.63856906e+01  3.16227766e+02  1.79999482e+02
 3.18664242e+02  4.63856906e+01  3.18664242e+02  1.79999478e+02
 3.21119491e+02  4.63856906e+01  3.21119491e+02  1.79999474e+02
 3.23593657e+02  4.63856906e+01  3.23593657e+02  1.79999470e+02
 3.26086886e+02  4.63856906e+01  3.26086886e+02  1.79999466e+02
 3.28599325e+02  4.63856906e+01  3.28599325e+02  1.79999462e+02
 3.31131121e+02  4.63856906e+01  3.31131121e+02  1.79999457e+02
 3.33682425e+02  4.63856906e+01  3.33682425e+02  1.79999453e+02
 3.36253386e+02  4.63856906e+01  3.36253386e+02  1.79999449e+02
 3.38844156e+02  4.63856906e+01  3.38844156e+02  1.79999445e+02
 3.41454887e+02  4.63856906e+01  3.41454887e+02  1.79999441e+02
 3.44085734e+02  4.63856906e+01  3.44085734e+02  1.79999436e+02
 3.46736850e+02  4.63856906e+01  3.46736850e+02  1.79999432e+02
 3.49408393e+02  4.63856906e+01  3.49408393e+02  1.79999428e+02
 3.52100520e+02  4.63856906e+01  3.52100520e+02  1.79999423e+02
 3.54813389e+02  4.63856906e+01  3.54813389e+02  1.79999419e+02
 3.57547160e+02  4.63856906e+01  3.57547160e+02  1.79999414e+02
 3.60301995e+02  4.63856906e+01  3.60301995e+02  1.79999410e+02
 3.63078055e+02  4.63856906e+01  3.63078055e+02  1.79999405e+02
 3.65875504e+02  4.63856907e+01  3.65875504e+02  1.79999401e+02
 3.68694506e+02  4.63856907e+01  3.68694506e+02  1.79999396e+02
 3.71535229e+02  4.63856907e+01  3.71535229e+02  1.79999391e+02
 3.74397839e+02  4.63856907e+01  3.74397839e+02  1.79999387e+02
 3.77282505e+02  4.63856907e+01  3.77282505e+02  1.79999382e+02
 3.80189396e+02  4.63856907e+01  3.80189396e+02  1.79999377e+02
 3.83118685e+02  4.63856907e+01  3.83118685e+02  1.79999372e+02
 3.86070543e+02  4.63856907e+01  3.86070543e+02  1.79999367e+02
 3.89045145e+02  4.63856907e+01  3.89045145e+02  1.79999363e+02
 3.92042666e+02  4.63856907e+01  3.92042666e+02  1.79999358e+02
 3.95063281e+02  4.63856907e+01  3.95063281e+02  1.79999353e+02
 3.98107171e+02  4.63856907e+01  3.98107171e+02  1.79999348e+02
 4.01174512e+02  4.63856907e+01  4.01174512e+02  1.79999343e+02
 4.04265487e+02  4.63856907e+01  4.04265487e+02  1.79999338e+02
 4.07380278e+02  4.63856907e+01  4.07380278e+02  1.79999333e+02
 4.10519067e+02  4.63856907e+01  4.10519067e+02  1.79999327e+02
 4.13682040e+02  4.63856907e+01  4.13682040e+02  1.79999322e+02
 4.16869383e+02  4.63856907e+01  4.16869383e+02  1.79999317e+02
 4.20081285e+02  4.63856907e+01  4.20081285e+02  1.79999312e+02
 4.23317933e+02  4.63856907e+01  4.23317933e+02  1.79999306e+02
 4.26579519e+02  4.63856907e+01  4.26579519e+02  1.79999301e+02
 4.29866235e+02  4.63856907e+01  4.29866235e+02  1.79999296e+02
 4.33178274e+02  4.63856907e+01  4.33178274e+02  1.79999290e+02
 4.36515832e+02  4.63856907e+01  4.36515832e+02  1.79999285e+02
 4.39879106e+02  4.63856907e+01  4.39879106e+02  1.79999279e+02
 4.43268292e+02  4.63856907e+01  4.43268292e+02  1.79999274e+02
 4.46683592e+02  4.63856907e+01  4.46683592e+02  1.79999268e+02
 4.50125206e+02  4.63856907e+01  4.50125206e+02  1.79999263e+02
 4.53593337e+02  4.63856907e+01  4.53593337e+02  1.79999257e+02
 4.57088190e+02  4.63856907e+01  4.57088190e+02  1.79999251e+02
 4.60609969e+02  4.63856907e+01  4.60609969e+02  1.79999245e+02
 4.64158883e+02  4.63856907e+01  4.64158883e+02  1.79999240e+02
 4.67735141e+02  4.63856907e+01  4.67735141e+02  1.79999234e+02
 4.71338954e+02  4.63856907e+01  4.71338954e+02  1.79999228e+02
 4.74970533e+02  4.63856907e+01  4.74970533e+02  1.79999222e+02
 4.78630092e+02  4.63856907e+01  4.78630092e+02  1.79999216e+02
 4.82317848e+02  4.63856907e+01  4.82317848e+02  1.79999210e+02
 4.86034018e+02  4.63856907e+01  4.86034018e+02  1.79999204e+02
 4.89778819e+02  4.63856907e+01  4.89778819e+02  1.79999198e+02
 4.93552474e+02  4.63856907e+01  4.93552474e+02  1.79999191e+02
 4.97355204e+02  4.63856907e+01  4.97355204e+02  1.79999185e+02
 5.01187234e+02  4.63856907e+01  5.01187234e+02  1.79999179e+02
 5.05048788e+02  4.63856907e+01  5.05048788e+02  1.79999173e+02
 5.08940095e+02  4.63856907e+01  5.08940095e+02  1.79999166e+02
 5.12861384e+02  4.63856908e+01  5.12861384e+02  1.79999160e+02
 5.16812886e+02  4.63856908e+01  5.16812886e+02  1.79999153e+02
 5.20794833e+02  4.63856908e+01  5.20794833e+02  1.79999147e+02
 5.24807460e+02  4.63856908e+01  5.24807460e+02  1.79999140e+02
 5.28851004e+02  4.63856908e+01  5.28851004e+02  1.79999134e+02
 5.32925703e+02  4.63856908e+01  5.32925703e+02  1.79999127e+02
 5.37031796e+02  4.63856908e+01  5.37031796e+02  1.79999120e+02
 5.41169527e+02  4.63856908e+01  5.41169527e+02  1.79999113e+02
 5.45339137e+02  4.63856908e+01  5.45339137e+02  1.79999107e+02
 5.49540874e+02  4.63856908e+01  5.49540874e+02  1.79999100e+02
 5.53774984e+02  4.63856908e+01  5.53774984e+02  1.79999093e+02
 5.58041717e+02  4.63856908e+01  5.58041717e+02  1.79999086e+02
 5.62341325e+02  4.63856908e+01  5.62341325e+02  1.79999079e+02
 5.66674061e+02  4.63856908e+01  5.66674061e+02  1.79999072e+02
 5.71040179e+02  4.63856908e+01  5.71040179e+02  1.79999064e+02
 5.75439937e+02  4.63856908e+01  5.75439937e+02  1.79999057e+02
 5.79873595e+02  4.63856908e+01  5.79873595e+02  1.79999050e+02
 5.84341413e+02  4.63856908e+01  5.84341413e+02  1.79999043e+02
 5.88843655e+02  4.63856908e+01  5.88843655e+02  1.79999035e+02
 5.93380586e+02  4.63856908e+01  5.93380586e+02  1.79999028e+02
 5.97952473e+02  4.63856908e+01  5.97952473e+02  1.79999020e+02
 6.02559586e+02  4.63856908e+01  6.02559586e+02  1.79999013e+02
 6.07202196e+02  4.63856908e+01  6.07202196e+02  1.79999005e+02
 6.11880576e+02  4.63856908e+01  6.11880576e+02  1.79998997e+02
 6.16595002e+02  4.63856908e+01  6.16595002e+02  1.79998990e+02
 6.21345752e+02  4.63856908e+01  6.21345752e+02  1.79998982e+02
 6.26133105e+02  4.63856909e+01  6.26133105e+02  1.79998974e+02
 6.30957344e+02  4.63856909e+01  6.30957344e+02  1.79998966e+02
 6.35818754e+02  4.63856909e+01  6.35818754e+02  1.79998958e+02
 6.40717619e+02  4.63856909e+01  6.40717619e+02  1.79998950e+02
 6.45654229e+02  4.63856909e+01  6.45654229e+02  1.79998942e+02
 6.50628875e+02  4.63856909e+01  6.50628875e+02  1.79998934e+02
 6.55641849e+02  4.63856909e+01  6.55641849e+02  1.79998926e+02
 6.60693448e+02  4.63856909e+01  6.60693448e+02  1.79998918e+02
 6.65783968e+02  4.63856909e+01  6.65783968e+02  1.79998909e+02
 6.70913710e+02  4.63856909e+01  6.70913710e+02  1.79998901e+02
 6.76082975e+02  4.63856909e+01  6.76082975e+02  1.79998892e+02
 6.81292069e+02  4.63856909e+01  6.81292069e+02  1.79998884e+02
 6.86541298e+02  4.63856909e+01  6.86541298e+02  1.79998875e+02
 6.91830971e+02  4.63856909e+01  6.91830971e+02  1.79998866e+02
 6.97161400e+02  4.63856909e+01  6.97161400e+02  1.79998858e+02
 7.02532899e+02  4.63856909e+01  7.02532899e+02  1.79998849e+02
 7.07945784e+02  4.63856909e+01  7.07945784e+02  1.79998840e+02
 7.13400375e+02  4.63856909e+01  7.13400375e+02  1.79998831e+02
 7.18896992e+02  4.63856909e+01  7.18896992e+02  1.79998822e+02
 7.24435960e+02  4.63856910e+01  7.24435960e+02  1.79998813e+02
 7.30017605e+02  4.63856910e+01  7.30017605e+02  1.79998804e+02
 7.35642254e+02  4.63856910e+01  7.35642254e+02  1.79998795e+02
 7.41310241e+02  4.63856910e+01  7.41310241e+02  1.79998785e+02
 7.47021899e+02  4.63856910e+01  7.47021899e+02  1.79998776e+02
 7.52777564e+02  4.63856910e+01  7.52777564e+02  1.79998767e+02
 7.58577575e+02  4.63856910e+01  7.58577575e+02  1.79998757e+02
 7.64422274e+02  4.63856910e+01  7.64422274e+02  1.79998748e+02
 7.70312006e+02  4.63856910e+01  7.70312006e+02  1.79998738e+02
 7.76247117e+02  4.63856910e+01  7.76247117e+02  1.79998728e+02
 7.82227956e+02  4.63856910e+01  7.82227956e+02  1.79998718e+02
 7.88254877e+02  4.63856910e+01  7.88254877e+02  1.79998709e+02
 7.94328235e+02  4.63856910e+01  7.94328235e+02  1.79998699e+02
 8.00448386e+02  4.63856910e+01  8.00448386e+02  1.79998689e+02
 8.06615692e+02  4.63856911e+01  8.06615692e+02  1.79998678e+02
 8.12830516e+02  4.63856911e+01  8.12830516e+02  1.79998668e+02
 8.19093224e+02  4.63856911e+01  8.19093224e+02  1.79998658e+02
 8.25404185e+02  4.63856911e+01  8.25404185e+02  1.79998648e+02
 8.31763771e+02  4.63856911e+01  8.31763771e+02  1.79998637e+02
 8.38172356e+02  4.63856911e+01  8.38172356e+02  1.79998627e+02
 8.44630319e+02  4.63856911e+01  8.44630319e+02  1.79998616e+02
 8.51138038e+02  4.63856911e+01  8.51138038e+02  1.79998605e+02
 8.57695899e+02  4.63856911e+01  8.57695899e+02  1.79998595e+02
 8.64304286e+02  4.63856911e+01  8.64304286e+02  1.79998584e+02
 8.70963590e+02  4.63856911e+01  8.70963590e+02  1.79998573e+02
 8.77674203e+02  4.63856911e+01  8.77674203e+02  1.79998562e+02
 8.84436519e+02  4.63856912e+01  8.84436519e+02  1.79998551e+02
 8.91250938e+02  4.63856912e+01  8.91250938e+02  1.79998540e+02
 8.98117861e+02  4.63856912e+01  8.98117861e+02  1.79998529e+02
 9.05037692e+02  4.63856912e+01  9.05037692e+02  1.79998517e+02
 9.12010839e+02  4.63856912e+01  9.12010839e+02  1.79998506e+02
 9.19037713e+02  4.63856912e+01  9.19037713e+02  1.79998494e+02
 9.26118728e+02  4.63856912e+01  9.26118728e+02  1.79998483e+02
 9.33254301e+02  4.63856912e+01  9.33254301e+02  1.79998471e+02
 9.40444852e+02  4.63856912e+01  9.40444852e+02  1.79998459e+02
 9.47690805e+02  4.63856912e+01  9.47690805e+02  1.79998447e+02
 9.54992586e+02  4.63856913e+01  9.54992586e+02  1.79998435e+02
 9.62350626e+02  4.63856913e+01  9.62350626e+02  1.79998423e+02
 9.69765359e+02  4.63856913e+01  9.69765359e+02  1.79998411e+02
 9.77237221e+02  4.63856913e+01  9.77237221e+02  1.79998399e+02
 9.84766652e+02  4.63856913e+01  9.84766652e+02  1.79998387e+02
 9.92354096e+02  4.63856913e+01  9.92354096e+02  1.79998374e+02
 1.00000000e+03  4.63856913e+01  1.00000000e+03  1.79998362e+02
 1.00770481e+03  4.63856913e+01  1.00770481e+03  1.79998349e+02
 1.01546899e+03  4.63856913e+01  1.01546899e+03  1.79998336e+02
 1.02329299e+03  4.63856914e+01  1.02329299e+03  1.79998323e+02
 1.03117727e+03  4.63856914e+01  1.03117727e+03  1.79998310e+02
 1.03912230e+03  4.63856914e+01  1.03912230e+03  1.79998297e+02
 1.04712855e+03  4.63856914e+01  1.04712855e+03  1.79998284e+02
 1.05519648e+03  4.63856914e+01  1.05519648e+03  1.79998271e+02
 1.06332657e+03  4.63856914e+01  1.06332657e+03  1.79998258e+02
 1.07151931e+03  4.63856914e+01  1.07151931e+03  1.79998244e+02
 1.07977516e+03  4.63856915e+01  1.07977516e+03  1.79998231e+02
 1.08809463e+03  4.63856915e+01  1.08809463e+03  1.79998217e+02
 1.09647820e+03  4.63856915e+01  1.09647820e+03  1.79998204e+02
 1.10492636e+03  4.63856915e+01  1.10492636e+03  1.79998190e+02
 1.11343961e+03  4.63856915e+01  1.11343961e+03  1.79998176e+02
 1.12201845e+03  4.63856915e+01  1.12201845e+03  1.79998162e+02
 1.13066340e+03  4.63856915e+01  1.13066340e+03  1.79998147e+02
 1.13937495e+03  4.63856916e+01  1.13937495e+03  1.79998133e+02
 1.14815362e+03  4.63856916e+01  1.14815362e+03  1.79998119e+02
 1.15699993e+03  4.63856916e+01  1.15699993e+03  1.79998104e+02
 1.16591440e+03  4.63856916e+01  1.16591440e+03  1.79998090e+02
 1.17489755e+03  4.63856916e+01  1.17489755e+03  1.79998075e+02
 1.18394992e+03  4.63856916e+01  1.18394992e+03  1.79998060e+02
 1.19307204e+03  4.63856917e+01  1.19307204e+03  1.79998045e+02
 1.20226443e+03  4.63856917e+01  1.20226443e+03  1.79998030e+02
 1.21152766e+03  4.63856917e+01  1.21152766e+03  1.79998015e+02
 1.22086225e+03  4.63856917e+01  1.22086225e+03  1.79998000e+02
 1.23026877e+03  4.63856917e+01  1.23026877e+03  1.79997984e+02
 1.23974776e+03  4.63856917e+01  1.23974776e+03  1.79997969e+02
 1.24929979e+03  4.63856918e+01  1.24929979e+03  1.79997953e+02
 1.25892541e+03  4.63856918e+01  1.25892541e+03  1.79997937e+02
 1.26862520e+03  4.63856918e+01  1.26862520e+03  1.79997921e+02
 1.27839972e+03  4.63856918e+01  1.27839972e+03  1.79997905e+02
 1.28824955e+03  4.63856918e+01  1.28824955e+03  1.79997889e+02
 1.29817528e+03  4.63856919e+01  1.29817528e+03  1.79997873e+02
 1.30817747e+03  4.63856919e+01  1.30817747e+03  1.79997857e+02
 1.31825674e+03  4.63856919e+01  1.31825674e+03  1.79997840e+02
 1.32841366e+03  4.63856919e+01  1.32841366e+03  1.79997823e+02
 1.33864884e+03  4.63856919e+01  1.33864884e+03  1.79997807e+02
 1.34896288e+03  4.63856920e+01  1.34896288e+03  1.79997790e+02
 1.35935639e+03  4.63856920e+01  1.35935639e+03  1.79997773e+02
 1.36982998e+03  4.63856920e+01  1.36982998e+03  1.79997756e+02
 1.38038426e+03  4.63856920e+01  1.38038426e+03  1.79997738e+02
 1.39101987e+03  4.63856920e+01  1.39101987e+03  1.79997721e+02
 1.40173742e+03  4.63856921e+01  1.40173742e+03  1.79997703e+02
 1.41253754e+03  4.63856921e+01  1.41253754e+03  1.79997686e+02
 1.42342088e+03  4.63856921e+01  1.42342088e+03  1.79997668e+02
 1.43438808e+03  4.63856921e+01  1.43438808e+03  1.79997650e+02
 1.44543977e+03  4.63856922e+01  1.44543977e+03  1.79997632e+02
 1.45657662e+03  4.63856922e+01  1.45657662e+03  1.79997614e+02
 1.46779927e+03  4.63856922e+01  1.46779927e+03  1.79997595e+02
 1.47910839e+03  4.63856922e+01  1.47910839e+03  1.79997577e+02
 1.49050464e+03  4.63856923e+01  1.49050464e+03  1.79997558e+02
 1.50198870e+03  4.63856923e+01  1.50198870e+03  1.79997539e+02
 1.51356125e+03  4.63856923e+01  1.51356125e+03  1.79997520e+02
 1.52522296e+03  4.63856924e+01  1.52522296e+03  1.79997501e+02
 1.53697452e+03  4.63856924e+01  1.53697452e+03  1.79997482e+02
 1.54881662e+03  4.63856924e+01  1.54881662e+03  1.79997462e+02
 1.56074996e+03  4.63856924e+01  1.56074996e+03  1.79997443e+02
 1.57277525e+03  4.63856925e+01  1.57277525e+03  1.79997423e+02
 1.58489319e+03  4.63856925e+01  1.58489319e+03  1.79997403e+02
 1.59710450e+03  4.63856925e+01  1.59710450e+03  1.79997383e+02
 1.60940989e+03  4.63856926e+01  1.60940989e+03  1.79997363e+02
 1.62181010e+03  4.63856926e+01  1.62181010e+03  1.79997343e+02
 1.63430584e+03  4.63856926e+01  1.63430584e+03  1.79997322e+02
 1.64689787e+03  4.63856926e+01  1.64689787e+03  1.79997302e+02
 1.65958691e+03  4.63856927e+01  1.65958691e+03  1.79997281e+02
 1.67237372e+03  4.63856927e+01  1.67237372e+03  1.79997260e+02
 1.68525904e+03  4.63856927e+01  1.68525904e+03  1.79997239e+02
 1.69824365e+03  4.63856928e+01  1.69824365e+03  1.79997218e+02
 1.71132830e+03  4.63856928e+01  1.71132830e+03  1.79997196e+02
 1.72451377e+03  4.63856929e+01  1.72451377e+03  1.79997175e+02
 1.73780083e+03  4.63856929e+01  1.73780083e+03  1.79997153e+02
 1.75119026e+03  4.63856929e+01  1.75119026e+03  1.79997131e+02
 1.76468286e+03  4.63856930e+01  1.76468286e+03  1.79997109e+02
 1.77827941e+03  4.63856930e+01  1.77827941e+03  1.79997086e+02
 1.79198072e+03  4.63856930e+01  1.79198072e+03  1.79997064e+02
 1.80578760e+03  4.63856931e+01  1.80578760e+03  1.79997041e+02
 1.81970086e+03  4.63856931e+01  1.81970086e+03  1.79997019e+02
 1.83372132e+03  4.63856932e+01  1.83372132e+03  1.79996996e+02
 1.84784980e+03  4.63856932e+01  1.84784980e+03  1.79996972e+02
 1.86208714e+03  4.63856932e+01  1.86208714e+03  1.79996949e+02
 1.87643417e+03  4.63856933e+01  1.87643417e+03  1.79996926e+02
 1.89089175e+03  4.63856933e+01  1.89089175e+03  1.79996902e+02
 1.90546072e+03  4.63856934e+01  1.90546072e+03  1.79996878e+02
 1.92014194e+03  4.63856934e+01  1.92014194e+03  1.79996854e+02
 1.93493628e+03  4.63856935e+01  1.93493628e+03  1.79996830e+02
 1.94984460e+03  4.63856935e+01  1.94984460e+03  1.79996805e+02
 1.96486779e+03  4.63856935e+01  1.96486779e+03  1.79996781e+02
 1.98000673e+03  4.63856936e+01  1.98000673e+03  1.79996756e+02
 1.99526231e+03  4.63856936e+01  1.99526231e+03  1.79996731e+02
 2.01063544e+03  4.63856937e+01  2.01063544e+03  1.79996706e+02
 2.02612701e+03  4.63856937e+01  2.02612701e+03  1.79996680e+02
 2.04173794e+03  4.63856938e+01  2.04173794e+03  1.79996655e+02
 2.05746916e+03  4.63856938e+01  2.05746916e+03  1.79996629e+02
 2.07332157e+03  4.63856939e+01  2.07332157e+03  1.79996603e+02
 2.08929613e+03  4.63856939e+01  2.08929613e+03  1.79996577e+02
 2.10539377e+03  4.63856940e+01  2.10539377e+03  1.79996550e+02
 2.12161544e+03  4.63856940e+01  2.12161544e+03  1.79996524e+02
 2.13796209e+03  4.63856941e+01  2.13796209e+03  1.79996497e+02
 2.15443469e+03  4.63856941e+01  2.15443469e+03  1.79996470e+02
 2.17103421e+03  4.63856942e+01  2.17103421e+03  1.79996443e+02
 2.18776162e+03  4.63856943e+01  2.18776162e+03  1.79996416e+02
 2.20461792e+03  4.63856943e+01  2.20461792e+03  1.79996388e+02
 2.22160409e+03  4.63856944e+01  2.22160409e+03  1.79996360e+02
 2.23872114e+03  4.63856944e+01  2.23872114e+03  1.79996332e+02
 2.25597007e+03  4.63856945e+01  2.25597007e+03  1.79996304e+02
 2.27335190e+03  4.63856946e+01  2.27335190e+03  1.79996275e+02
 2.29086765e+03  4.63856946e+01  2.29086765e+03  1.79996247e+02
 2.30851836e+03  4.63856947e+01  2.30851836e+03  1.79996218e+02
 2.32630507e+03  4.63856947e+01  2.32630507e+03  1.79996189e+02
 2.34422882e+03  4.63856948e+01  2.34422882e+03  1.79996159e+02
 2.36229066e+03  4.63856949e+01  2.36229066e+03  1.79996130e+02
 2.38049167e+03  4.63856949e+01  2.38049167e+03  1.79996100e+02
 2.39883292e+03  4.63856950e+01  2.39883292e+03  1.79996070e+02
 2.41731548e+03  4.63856951e+01  2.41731548e+03  1.79996039e+02
 2.43594045e+03  4.63856951e+01  2.43594045e+03  1.79996009e+02
 2.45470892e+03  4.63856952e+01  2.45470892e+03  1.79995978e+02
 2.47362199e+03  4.63856953e+01  2.47362199e+03  1.79995947e+02
 2.49268079e+03  4.63856954e+01  2.49268079e+03  1.79995916e+02
 2.51188643e+03  4.63856954e+01  2.51188643e+03  1.79995884e+02
 2.53124005e+03  4.63856955e+01  2.53124005e+03  1.79995853e+02
 2.55074278e+03  4.63856956e+01  2.55074278e+03  1.79995821e+02
 2.57039578e+03  4.63856957e+01  2.57039578e+03  1.79995789e+02
 2.59020020e+03  4.63856957e+01  2.59020020e+03  1.79995756e+02
 2.61015722e+03  4.63856958e+01  2.61015722e+03  1.79995723e+02
 2.63026799e+03  4.63856959e+01  2.63026799e+03  1.79995691e+02
 2.65053372e+03  4.63856960e+01  2.65053372e+03  1.79995657e+02
 2.67095559e+03  4.63856961e+01  2.67095559e+03  1.79995624e+02
 2.69153480e+03  4.63856962e+01  2.69153480e+03  1.79995590e+02
 2.71227258e+03  4.63856963e+01  2.71227258e+03  1.79995556e+02
 2.73317014e+03  4.63856963e+01  2.73317014e+03  1.79995522e+02
 2.75422870e+03  4.63856964e+01  2.75422870e+03  1.79995487e+02
 2.77544952e+03  4.63856965e+01  2.77544952e+03  1.79995453e+02
 2.79683385e+03  4.63856966e+01  2.79683385e+03  1.79995418e+02
 2.81838293e+03  4.63856967e+01  2.81838293e+03  1.79995382e+02
 2.84009805e+03  4.63856968e+01  2.84009805e+03  1.79995347e+02
 2.86198048e+03  4.63856969e+01  2.86198048e+03  1.79995311e+02
 2.88403150e+03  4.63856970e+01  2.88403150e+03  1.79995275e+02
 2.90625243e+03  4.63856971e+01  2.90625243e+03  1.79995238e+02
 2.92864456e+03  4.63856972e+01  2.92864456e+03  1.79995202e+02
 2.95120923e+03  4.63856973e+01  2.95120923e+03  1.79995165e+02
 2.97394775e+03  4.63856974e+01  2.97394775e+03  1.79995127e+02
 2.99686146e+03  4.63856975e+01  2.99686146e+03  1.79995090e+02
 3.01995172e+03  4.63856976e+01  3.01995172e+03  1.79995052e+02
 3.04321989e+03  4.63856977e+01  3.04321989e+03  1.79995014e+02
 3.06666733e+03  4.63856978e+01  3.06666733e+03  1.79994976e+02
 3.09029543e+03  4.63856980e+01  3.09029543e+03  1.79994937e+02
 3.11410558e+03  4.63856981e+01  3.11410558e+03  1.79994898e+02
 3.13809919e+03  4.63856982e+01  3.13809919e+03  1.79994858e+02
 3.16227766e+03  4.63856983e+01  3.16227766e+03  1.79994819e+02
 3.18664242e+03  4.63856984e+01  3.18664242e+03  1.79994779e+02
 3.21119491e+03  4.63856985e+01  3.21119491e+03  1.79994739e+02
 3.23593657e+03  4.63856987e+01  3.23593657e+03  1.79994698e+02
 3.26086886e+03  4.63856988e+01  3.26086886e+03  1.79994657e+02
 3.28599325e+03  4.63856989e+01  3.28599325e+03  1.79994616e+02
 3.31131121e+03  4.63856990e+01  3.31131121e+03  1.79994575e+02
 3.33682425e+03  4.63856992e+01  3.33682425e+03  1.79994533e+02
 3.36253386e+03  4.63856993e+01  3.36253386e+03  1.79994491e+02
 3.38844156e+03  4.63856994e+01  3.38844156e+03  1.79994448e+02
 3.41454887e+03  4.63856996e+01  3.41454887e+03  1.79994406e+02
 3.44085734e+03  4.63856997e+01  3.44085734e+03  1.79994362e+02
 3.46736850e+03  4.63856999e+01  3.46736850e+03  1.79994319e+02
 3.49408393e+03  4.63857000e+01  3.49408393e+03  1.79994275e+02
 3.52100520e+03  4.63857002e+01  3.52100520e+03  1.79994231e+02
 3.54813389e+03  4.63857003e+01  3.54813389e+03  1.79994187e+02
 3.57547160e+03  4.63857005e+01  3.57547160e+03  1.79994142e+02
 3.60301995e+03  4.63857006e+01  3.60301995e+03  1.79994097e+02
 3.63078055e+03  4.63857008e+01  3.63078055e+03  1.79994051e+02
 3.65875504e+03  4.63857009e+01  3.65875504e+03  1.79994005e+02
 3.68694506e+03  4.63857011e+01  3.68694506e+03  1.79993959e+02
 3.71535229e+03  4.63857012e+01  3.71535229e+03  1.79993913e+02
 3.74397839e+03  4.63857014e+01  3.74397839e+03  1.79993866e+02
 3.77282505e+03  4.63857016e+01  3.77282505e+03  1.79993819e+02
 3.80189396e+03  4.63857018e+01  3.80189396e+03  1.79993771e+02
 3.83118685e+03  4.63857019e+01  3.83118685e+03  1.79993723e+02
 3.86070543e+03  4.63857021e+01  3.86070543e+03  1.79993675e+02
 3.89045145e+03  4.63857023e+01  3.89045145e+03  1.79993626e+02
 3.92042666e+03  4.63857025e+01  3.92042666e+03  1.79993577e+02
 3.95063281e+03  4.63857026e+01  3.95063281e+03  1.79993527e+02
 3.98107171e+03  4.63857028e+01  3.98107171e+03  1.79993477e+02
 4.01174512e+03  4.63857030e+01  4.01174512e+03  1.79993427e+02
 4.04265487e+03  4.63857032e+01  4.04265487e+03  1.79993376e+02
 4.07380278e+03  4.63857034e+01  4.07380278e+03  1.79993325e+02
 4.10519067e+03  4.63857036e+01  4.10519067e+03  1.79993274e+02
 4.13682040e+03  4.63857038e+01  4.13682040e+03  1.79993222e+02
 4.16869383e+03  4.63857040e+01  4.16869383e+03  1.79993170e+02
 4.20081285e+03  4.63857042e+01  4.20081285e+03  1.79993117e+02
 4.23317933e+03  4.63857044e+01  4.23317933e+03  1.79993064e+02
 4.26579519e+03  4.63857047e+01  4.26579519e+03  1.79993011e+02
 4.29866235e+03  4.63857049e+01  4.29866235e+03  1.79992957e+02
 4.33178274e+03  4.63857051e+01  4.33178274e+03  1.79992903e+02
 4.36515832e+03  4.63857053e+01  4.36515832e+03  1.79992848e+02
 4.39879106e+03  4.63857055e+01  4.39879106e+03  1.79992793e+02
 4.43268292e+03  4.63857058e+01  4.43268292e+03  1.79992737e+02
 4.46683592e+03  4.63857060e+01  4.46683592e+03  1.79992681e+02
 4.50125206e+03  4.63857063e+01  4.50125206e+03  1.79992625e+02
 4.53593337e+03  4.63857065e+01  4.53593337e+03  1.79992568e+02
 4.57088190e+03  4.63857067e+01  4.57088190e+03  1.79992511e+02
 4.60609969e+03  4.63857070e+01  4.60609969e+03  1.79992453e+02
 4.64158883e+03  4.63857073e+01  4.64158883e+03  1.79992395e+02
 4.67735141e+03  4.63857075e+01  4.67735141e+03  1.79992337e+02
 4.71338954e+03  4.63857078e+01  4.71338954e+03  1.79992277e+02
 4.74970533e+03  4.63857080e+01  4.74970533e+03  1.79992218e+02
 4.78630092e+03  4.63857083e+01  4.78630092e+03  1.79992158e+02
 4.82317848e+03  4.63857086e+01  4.82317848e+03  1.79992098e+02
 4.86034018e+03  4.63857089e+01  4.86034018e+03  1.79992037e+02
 4.89778819e+03  4.63857091e+01  4.89778819e+03  1.79991975e+02
 4.93552474e+03  4.63857094e+01  4.93552474e+03  1.79991914e+02
 4.97355204e+03  4.63857097e+01  4.97355204e+03  1.79991851e+02
 5.01187234e+03  4.63857100e+01  5.01187234e+03  1.79991788e+02
 5.05048788e+03  4.63857103e+01  5.05048788e+03  1.79991725e+02
 5.08940095e+03  4.63857106e+01  5.08940095e+03  1.79991661e+02
 5.12861384e+03  4.63857109e+01  5.12861384e+03  1.79991597e+02
 5.16812886e+03  4.63857113e+01  5.16812886e+03  1.79991532e+02
 5.20794833e+03  4.63857116e+01  5.20794833e+03  1.79991467e+02
 5.24807460e+03  4.63857119e+01  5.24807460e+03  1.79991401e+02
 5.28851004e+03  4.63857122e+01  5.28851004e+03  1.79991335e+02
 5.32925703e+03  4.63857126e+01  5.32925703e+03  1.79991268e+02
 5.37031796e+03  4.63857129e+01  5.37031796e+03  1.79991201e+02
 5.41169527e+03  4.63857133e+01  5.41169527e+03  1.79991133e+02
 5.45339137e+03  4.63857136e+01  5.45339137e+03  1.79991065e+02
 5.49540874e+03  4.63857140e+01  5.49540874e+03  1.79990996e+02
 5.53774984e+03  4.63857143e+01  5.53774984e+03  1.79990927e+02
 5.58041717e+03  4.63857147e+01  5.58041717e+03  1.79990857e+02
 5.62341325e+03  4.63857151e+01  5.62341325e+03  1.79990786e+02
 5.66674061e+03  4.63857154e+01  5.66674061e+03  1.79990715e+02
 5.71040179e+03  4.63857158e+01  5.71040179e+03  1.79990644e+02
 5.75439937e+03  4.63857162e+01  5.75439937e+03  1.79990572e+02
 5.79873595e+03  4.63857166e+01  5.79873595e+03  1.79990499e+02
 5.84341413e+03  4.63857170e+01  5.84341413e+03  1.79990426e+02
 5.88843655e+03  4.63857174e+01  5.88843655e+03  1.79990352e+02
 5.93380586e+03  4.63857178e+01  5.93380586e+03  1.79990278e+02
 5.97952473e+03  4.63857183e+01  5.97952473e+03  1.79990203e+02
 6.02559586e+03  4.63857187e+01  6.02559586e+03  1.79990127e+02
 6.07202196e+03  4.63857191e+01  6.07202196e+03  1.79990051e+02
 6.11880576e+03  4.63857196e+01  6.11880576e+03  1.79989975e+02
 6.16595002e+03  4.63857200e+01  6.16595002e+03  1.79989898e+02
 6.21345752e+03  4.63857205e+01  6.21345752e+03  1.79989820e+02
 6.26133105e+03  4.63857209e+01  6.26133105e+03  1.79989741e+02
 6.30957344e+03  4.63857214e+01  6.30957344e+03  1.79989662e+02
 6.35818754e+03  4.63857219e+01  6.35818754e+03  1.79989583e+02
 6.40717619e+03  4.63857224e+01  6.40717619e+03  1.79989502e+02
 6.45654229e+03  4.63857229e+01  6.45654229e+03  1.79989421e+02
 6.50628875e+03  4.63857234e+01  6.50628875e+03  1.79989340e+02
 6.55641849e+03  4.63857239e+01  6.55641849e+03  1.79989258e+02
 6.60693448e+03  4.63857244e+01  6.60693448e+03  1.79989175e+02
 6.65783968e+03  4.63857249e+01  6.65783968e+03  1.79989092e+02
 6.70913710e+03  4.63857254e+01  6.70913710e+03  1.79989008e+02
 6.76082975e+03  4.63857260e+01  6.76082975e+03  1.79988923e+02
 6.81292069e+03  4.63857265e+01  6.81292069e+03  1.79988837e+02
 6.86541298e+03  4.63857271e+01  6.86541298e+03  1.79988751e+02
 6.91830971e+03  4.63857277e+01  6.91830971e+03  1.79988665e+02
 6.97161400e+03  4.63857282e+01  6.97161400e+03  1.79988577e+02
 7.02532899e+03  4.63857288e+01  7.02532899e+03  1.79988489e+02
 7.07945784e+03  4.63857294e+01  7.07945784e+03  1.79988401e+02
 7.13400375e+03  4.63857300e+01  7.13400375e+03  1.79988311e+02
 7.18896992e+03  4.63857306e+01  7.18896992e+03  1.79988221e+02
 7.24435960e+03  4.63857312e+01  7.24435960e+03  1.79988131e+02
 7.30017605e+03  4.63857319e+01  7.30017605e+03  1.79988039e+02
 7.35642254e+03  4.63857325e+01  7.35642254e+03  1.79987947e+02
 7.41310241e+03  4.63857332e+01  7.41310241e+03  1.79987854e+02
 7.47021899e+03  4.63857338e+01  7.47021899e+03  1.79987761e+02
 7.52777564e+03  4.63857345e+01  7.52777564e+03  1.79987666e+02
 7.58577575e+03  4.63857352e+01  7.58577575e+03  1.79987571e+02
 7.64422274e+03  4.63857359e+01  7.64422274e+03  1.79987475e+02
 7.70312006e+03  4.63857366e+01  7.70312006e+03  1.79987379e+02
 7.76247117e+03  4.63857373e+01  7.76247117e+03  1.79987282e+02
 7.82227956e+03  4.63857380e+01  7.82227956e+03  1.79987184e+02
 7.88254877e+03  4.63857387e+01  7.88254877e+03  1.79987085e+02
 7.94328235e+03  4.63857395e+01  7.94328235e+03  1.79986985e+02
 8.00448386e+03  4.63857402e+01  8.00448386e+03  1.79986885e+02
 8.06615692e+03  4.63857410e+01  8.06615692e+03  1.79986784e+02
 8.12830516e+03  4.63857418e+01  8.12830516e+03  1.79986682e+02
 8.19093224e+03  4.63857426e+01  8.19093224e+03  1.79986580e+02
 8.25404185e+03  4.63857434e+01  8.25404185e+03  1.79986476e+02
 8.31763771e+03  4.63857442e+01  8.31763771e+03  1.79986372e+02
 8.38172356e+03  4.63857450e+01  8.38172356e+03  1.79986267e+02
 8.44630319e+03  4.63857459e+01  8.44630319e+03  1.79986161e+02
 8.51138038e+03  4.63857467e+01  8.51138038e+03  1.79986055e+02
 8.57695899e+03  4.63857476e+01  8.57695899e+03  1.79985947e+02
 8.64304286e+03  4.63857485e+01  8.64304286e+03  1.79985839e+02
 8.70963590e+03  4.63857494e+01  8.70963590e+03  1.79985730e+02
 8.77674203e+03  4.63857503e+01  8.77674203e+03  1.79985620e+02
 8.84436519e+03  4.63857512e+01  8.84436519e+03  1.79985509e+02
 8.91250938e+03  4.63857521e+01  8.91250938e+03  1.79985397e+02
 8.98117861e+03  4.63857531e+01  8.98117861e+03  1.79985285e+02
 9.05037692e+03  4.63857541e+01  9.05037692e+03  1.79985171e+02
 9.12010839e+03  4.63857550e+01  9.12010839e+03  1.79985057e+02
 9.19037713e+03  4.63857560e+01  9.19037713e+03  1.79984942e+02
 9.26118728e+03  4.63857570e+01  9.26118728e+03  1.79984826e+02
 9.33254301e+03  4.63857581e+01  9.33254301e+03  1.79984709e+02
 9.40444852e+03  4.63857591e+01  9.40444852e+03  1.79984591e+02
 9.47690805e+03  4.63857602e+01  9.47690805e+03  1.79984473e+02
 9.54992586e+03  4.63857613e+01  9.54992586e+03  1.79984353e+02
 9.62350626e+03  4.63857624e+01  9.62350626e+03  1.79984232e+02
 9.69765359e+03  4.63857635e+01  9.69765359e+03  1.79984111e+02
 9.77237221e+03  4.63857646e+01  9.77237221e+03  1.79983989e+02
 9.84766652e+03  4.63857657e+01  9.84766652e+03  1.79983865e+02
 9.92354096e+03  4.63857669e+01  9.92354096e+03  1.79983741e+02
 1.00000000e+04  4.63857681e+01  1.00000000e+04  1.79983616e+02
 1.00770481e+04  4.63857693e+01  1.00770481e+04  1.79983489e+02
 1.01546899e+04  4.63857705e+01  1.01546899e+04  1.79983362e+02
 1.02329299e+04  4.63857717e+01  1.02329299e+04  1.79983234e+02
 1.03117727e+04  4.63857730e+01  1.03117727e+04  1.79983105e+02
 1.03912230e+04  4.63857743e+01  1.03912230e+04  1.79982975e+02
 1.04712855e+04  4.63857756e+01  1.04712855e+04  1.79982843e+02
 1.05519648e+04  4.63857769e+01  1.05519648e+04  1.79982711e+02
 1.06332657e+04  4.63857782e+01  1.06332657e+04  1.79982578e+02
 1.07151931e+04  4.63857796e+01  1.07151931e+04  1.79982444e+02
 1.07977516e+04  4.63857809e+01  1.07977516e+04  1.79982308e+02
 1.08809463e+04  4.63857823e+01  1.08809463e+04  1.79982172e+02
 1.09647820e+04  4.63857838e+01  1.09647820e+04  1.79982035e+02
 1.10492636e+04  4.63857852e+01  1.10492636e+04  1.79981896e+02
 1.11343961e+04  4.63857867e+01  1.11343961e+04  1.79981757e+02
 1.12201845e+04  4.63857882e+01  1.12201845e+04  1.79981616e+02
 1.13066340e+04  4.63857897e+01  1.13066340e+04  1.79981475e+02
 1.13937495e+04  4.63857912e+01  1.13937495e+04  1.79981332e+02
 1.14815362e+04  4.63857928e+01  1.14815362e+04  1.79981188e+02
 1.15699993e+04  4.63857943e+01  1.15699993e+04  1.79981043e+02
 1.16591440e+04  4.63857959e+01  1.16591440e+04  1.79980897e+02
 1.17489755e+04  4.63857976e+01  1.17489755e+04  1.79980750e+02
 1.18394992e+04  4.63857992e+01  1.18394992e+04  1.79980601e+02
 1.19307204e+04  4.63858009e+01  1.19307204e+04  1.79980452e+02
 1.20226443e+04  4.63858026e+01  1.20226443e+04  1.79980301e+02
 1.21152766e+04  4.63858044e+01  1.21152766e+04  1.79980150e+02
 1.22086225e+04  4.63858061e+01  1.22086225e+04  1.79979997e+02
 1.23026877e+04  4.63858079e+01  1.23026877e+04  1.79979843e+02
 1.23974776e+04  4.63858097e+01  1.23974776e+04  1.79979687e+02
 1.24929979e+04  4.63858116e+01  1.24929979e+04  1.79979531e+02
 1.25892541e+04  4.63858134e+01  1.25892541e+04  1.79979373e+02
 1.26862520e+04  4.63858153e+01  1.26862520e+04  1.79979214e+02
 1.27839972e+04  4.63858173e+01  1.27839972e+04  1.79979054e+02
 1.28824955e+04  4.63858192e+01  1.28824955e+04  1.79978892e+02
 1.29817528e+04  4.63858212e+01  1.29817528e+04  1.79978730e+02
 1.30817747e+04  4.63858232e+01  1.30817747e+04  1.79978566e+02
 1.31825674e+04  4.63858253e+01  1.31825674e+04  1.79978401e+02
 1.32841366e+04  4.63858274e+01  1.32841366e+04  1.79978234e+02
 1.33864884e+04  4.63858295e+01  1.33864884e+04  1.79978067e+02
 1.34896288e+04  4.63858316e+01  1.34896288e+04  1.79977898e+02
 1.35935639e+04  4.63858338e+01  1.35935639e+04  1.79977727e+02
 1.36982998e+04  4.63858360e+01  1.36982998e+04  1.79977556e+02
 1.38038426e+04  4.63858383e+01  1.38038426e+04  1.79977383e+02
 1.39101987e+04  4.63858406e+01  1.39101987e+04  1.79977209e+02
 1.40173742e+04  4.63858429e+01  1.40173742e+04  1.79977033e+02
 1.41253754e+04  4.63858452e+01  1.41253754e+04  1.79976856e+02
 1.42342088e+04  4.63858476e+01  1.42342088e+04  1.79976678e+02
 1.43438808e+04  4.63858501e+01  1.43438808e+04  1.79976498e+02
 1.44543977e+04  4.63858525e+01  1.44543977e+04  1.79976317e+02
 1.45657662e+04  4.63858550e+01  1.45657662e+04  1.79976134e+02
 1.46779927e+04  4.63858576e+01  1.46779927e+04  1.79975950e+02
 1.47910839e+04  4.63858602e+01  1.47910839e+04  1.79975765e+02
 1.49050464e+04  4.63858628e+01  1.49050464e+04  1.79975578e+02
 1.50198870e+04  4.63858655e+01  1.50198870e+04  1.79975390e+02
 1.51356125e+04  4.63858682e+01  1.51356125e+04  1.79975201e+02
 1.52522296e+04  4.63858709e+01  1.52522296e+04  1.79975010e+02
 1.53697452e+04  4.63858737e+01  1.53697452e+04  1.79974817e+02
 1.54881662e+04  4.63858765e+01  1.54881662e+04  1.79974623e+02
 1.56074996e+04  4.63858794e+01  1.56074996e+04  1.79974427e+02
 1.57277525e+04  4.63858823e+01  1.57277525e+04  1.79974230e+02
 1.58489319e+04  4.63858853e+01  1.58489319e+04  1.79974032e+02
 1.59710450e+04  4.63858883e+01  1.59710450e+04  1.79973832e+02
 1.60940989e+04  4.63858914e+01  1.60940989e+04  1.79973630e+02
 1.62181010e+04  4.63858945e+01  1.62181010e+04  1.79973427e+02
 1.63430584e+04  4.63858976e+01  1.63430584e+04  1.79973222e+02
 1.64689787e+04  4.63859008e+01  1.64689787e+04  1.79973016e+02
 1.65958691e+04  4.63859041e+01  1.65958691e+04  1.79972808e+02
 1.67237372e+04  4.63859074e+01  1.67237372e+04  1.79972598e+02
 1.68525904e+04  4.63859108e+01  1.68525904e+04  1.79972387e+02
 1.69824365e+04  4.63859142e+01  1.69824365e+04  1.79972174e+02
 1.71132830e+04  4.63859176e+01  1.71132830e+04  1.79971960e+02
 1.72451377e+04  4.63859211e+01  1.72451377e+04  1.79971744e+02
 1.73780083e+04  4.63859247e+01  1.73780083e+04  1.79971526e+02
 1.75119026e+04  4.63859283e+01  1.75119026e+04  1.79971307e+02
 1.76468286e+04  4.63859320e+01  1.76468286e+04  1.79971086e+02
 1.77827941e+04  4.63859357e+01  1.77827941e+04  1.79970863e+02
 1.79198072e+04  4.63859395e+01  1.79198072e+04  1.79970638e+02
 1.80578760e+04  4.63859434e+01  1.80578760e+04  1.79970412e+02
 1.81970086e+04  4.63859473e+01  1.81970086e+04  1.79970184e+02
 1.83372132e+04  4.63859513e+01  1.83372132e+04  1.79969954e+02
 1.84784980e+04  4.63859553e+01  1.84784980e+04  1.79969723e+02
 1.86208714e+04  4.63859594e+01  1.86208714e+04  1.79969490e+02
 1.87643417e+04  4.63859635e+01  1.87643417e+04  1.79969254e+02
 1.89089175e+04  4.63859678e+01  1.89089175e+04  1.79969017e+02
 1.90546072e+04  4.63859721e+01  1.90546072e+04  1.79968779e+02
 1.92014194e+04  4.63859764e+01  1.92014194e+04  1.79968538e+02
 1.93493628e+04  4.63859808e+01  1.93493628e+04  1.79968296e+02
 1.94984460e+04  4.63859853e+01  1.94984460e+04  1.79968051e+02
 1.96486779e+04  4.63859899e+01  1.96486779e+04  1.79967805e+02
 1.98000673e+04  4.63859945e+01  1.98000673e+04  1.79967557e+02
 1.99526231e+04  4.63859992e+01  1.99526231e+04  1.79967307e+02
 2.01063544e+04  4.63860040e+01  2.01063544e+04  1.79967055e+02
 2.02612701e+04  4.63860088e+01  2.02612701e+04  1.79966801e+02
 2.04173794e+04  4.63860138e+01  2.04173794e+04  1.79966546e+02
 2.05746916e+04  4.63860188e+01  2.05746916e+04  1.79966288e+02
 2.07332157e+04  4.63860238e+01  2.07332157e+04  1.79966028e+02
 2.08929613e+04  4.63860290e+01  2.08929613e+04  1.79965766e+02
 2.10539377e+04  4.63860342e+01  2.10539377e+04  1.79965502e+02
 2.12161544e+04  4.63860396e+01  2.12161544e+04  1.79965237e+02
 2.13796209e+04  4.63860450e+01  2.13796209e+04  1.79964969e+02
 2.15443469e+04  4.63860504e+01  2.15443469e+04  1.79964699e+02
 2.17103421e+04  4.63860560e+01  2.17103421e+04  1.79964427e+02
 2.18776162e+04  4.63860617e+01  2.18776162e+04  1.79964153e+02
 2.20461792e+04  4.63860674e+01  2.20461792e+04  1.79963876e+02
 2.22160409e+04  4.63860732e+01  2.22160409e+04  1.79963598e+02
 2.23872114e+04  4.63860791e+01  2.23872114e+04  1.79963317e+02
 2.25597007e+04  4.63860852e+01  2.25597007e+04  1.79963035e+02
 2.27335190e+04  4.63860913e+01  2.27335190e+04  1.79962750e+02
 2.29086765e+04  4.63860975e+01  2.29086765e+04  1.79962463e+02
 2.30851836e+04  4.63861037e+01  2.30851836e+04  1.79962174e+02
 2.32630507e+04  4.63861101e+01  2.32630507e+04  1.79961882e+02
 2.34422882e+04  4.63861166e+01  2.34422882e+04  1.79961588e+02
 2.36229066e+04  4.63861232e+01  2.36229066e+04  1.79961292e+02
 2.38049167e+04  4.63861299e+01  2.38049167e+04  1.79960994e+02
 2.39883292e+04  4.63861367e+01  2.39883292e+04  1.79960693e+02
 2.41731548e+04  4.63861436e+01  2.41731548e+04  1.79960391e+02
 2.43594045e+04  4.63861506e+01  2.43594045e+04  1.79960085e+02
 2.45470892e+04  4.63861577e+01  2.45470892e+04  1.79959778e+02
 2.47362199e+04  4.63861650e+01  2.47362199e+04  1.79959468e+02
 2.49268079e+04  4.63861723e+01  2.49268079e+04  1.79959155e+02
 2.51188643e+04  4.63861798e+01  2.51188643e+04  1.79958841e+02
 2.53124005e+04  4.63861873e+01  2.53124005e+04  1.79958523e+02
 2.55074278e+04  4.63861950e+01  2.55074278e+04  1.79958204e+02
 2.57039578e+04  4.63862028e+01  2.57039578e+04  1.79957882e+02
 2.59020020e+04  4.63862107e+01  2.59020020e+04  1.79957557e+02
 2.61015722e+04  4.63862188e+01  2.61015722e+04  1.79957230e+02
 2.63026799e+04  4.63862270e+01  2.63026799e+04  1.79956900e+02
 2.65053372e+04  4.63862353e+01  2.65053372e+04  1.79956568e+02
 2.67095559e+04  4.63862437e+01  2.67095559e+04  1.79956234e+02
 2.69153480e+04  4.63862522e+01  2.69153480e+04  1.79955896e+02
 2.71227258e+04  4.63862609e+01  2.71227258e+04  1.79955556e+02
 2.73317014e+04  4.63862698e+01  2.73317014e+04  1.79955214e+02
 2.75422870e+04  4.63862787e+01  2.75422870e+04  1.79954869e+02
 2.77544952e+04  4.63862878e+01  2.77544952e+04  1.79954521e+02
 2.79683385e+04  4.63862971e+01  2.79683385e+04  1.79954170e+02
 2.81838293e+04  4.63863064e+01  2.81838293e+04  1.79953817e+02
 2.84009805e+04  4.63863160e+01  2.84009805e+04  1.79953461e+02
 2.86198048e+04  4.63863256e+01  2.86198048e+04  1.79953103e+02
 2.88403150e+04  4.63863355e+01  2.88403150e+04  1.79952741e+02
 2.90625243e+04  4.63863454e+01  2.90625243e+04  1.79952377e+02
 2.92864456e+04  4.63863556e+01  2.92864456e+04  1.79952010e+02
 2.95120923e+04  4.63863659e+01  2.95120923e+04  1.79951640e+02
 2.97394775e+04  4.63863763e+01  2.97394775e+04  1.79951267e+02
 2.99686146e+04  4.63863869e+01  2.99686146e+04  1.79950892e+02
 3.01995172e+04  4.63863977e+01  3.01995172e+04  1.79950513e+02
 3.04321989e+04  4.63864086e+01  3.04321989e+04  1.79950132e+02
 3.06666733e+04  4.63864197e+01  3.06666733e+04  1.79949748e+02
 3.09029543e+04  4.63864310e+01  3.09029543e+04  1.79949360e+02
 3.11410558e+04  4.63864425e+01  3.11410558e+04  1.79948970e+02
 3.13809919e+04  4.63864541e+01  3.13809919e+04  1.79948577e+02
 3.16227766e+04  4.63864659e+01  3.16227766e+04  1.79948180e+02
 3.18664242e+04  4.63864779e+01  3.18664242e+04  1.79947781e+02
 3.21119491e+04  4.63864901e+01  3.21119491e+04  1.79947379e+02
 3.23593657e+04  4.63865025e+01  3.23593657e+04  1.79946973e+02
 3.26086886e+04  4.63865150e+01  3.26086886e+04  1.79946564e+02
 3.28599325e+04  4.63865278e+01  3.28599325e+04  1.79946152e+02
 3.31131121e+04  4.63865407e+01  3.31131121e+04  1.79945737e+02
 3.33682425e+04  4.63865539e+01  3.33682425e+04  1.79945319e+02
 3.36253386e+04  4.63865672e+01  3.36253386e+04  1.79944898e+02
 3.38844156e+04  4.63865808e+01  3.38844156e+04  1.79944473e+02
 3.41454887e+04  4.63865946e+01  3.41454887e+04  1.79944045e+02
 3.44085734e+04  4.63866086e+01  3.44085734e+04  1.79943614e+02
 3.46736850e+04  4.63866227e+01  3.46736850e+04  1.79943179e+02
 3.49408393e+04  4.63866372e+01  3.49408393e+04  1.79942741e+02
 3.52100520e+04  4.63866518e+01  3.52100520e+04  1.79942300e+02
 3.54813389e+04  4.63866667e+01  3.54813389e+04  1.79941855e+02
 3.57547160e+04  4.63866818e+01  3.57547160e+04  1.79941407e+02
 3.60301995e+04  4.63866971e+01  3.60301995e+04  1.79940955e+02
 3.63078055e+04  4.63867127e+01  3.63078055e+04  1.79940500e+02
 3.65875504e+04  4.63867285e+01  3.65875504e+04  1.79940041e+02
 3.68694506e+04  4.63867446e+01  3.68694506e+04  1.79939579e+02
 3.71535229e+04  4.63867609e+01  3.71535229e+04  1.79939114e+02
 3.74397839e+04  4.63867774e+01  3.74397839e+04  1.79938644e+02
 3.77282505e+04  4.63867943e+01  3.77282505e+04  1.79938171e+02
 3.80189396e+04  4.63868113e+01  3.80189396e+04  1.79937695e+02
 3.83118685e+04  4.63868287e+01  3.83118685e+04  1.79937214e+02
 3.86070543e+04  4.63868463e+01  3.86070543e+04  1.79936730e+02
 3.89045145e+04  4.63868641e+01  3.89045145e+04  1.79936243e+02
 3.92042666e+04  4.63868823e+01  3.92042666e+04  1.79935751e+02
 3.95063281e+04  4.63869007e+01  3.95063281e+04  1.79935256e+02
 3.98107171e+04  4.63869195e+01  3.98107171e+04  1.79934757e+02
 4.01174512e+04  4.63869385e+01  4.01174512e+04  1.79934254e+02
 4.04265487e+04  4.63869578e+01  4.04265487e+04  1.79933747e+02
 4.07380278e+04  4.63869774e+01  4.07380278e+04  1.79933236e+02
 4.10519067e+04  4.63869973e+01  4.10519067e+04  1.79932722e+02
 4.13682040e+04  4.63870175e+01  4.13682040e+04  1.79932203e+02
 4.16869383e+04  4.63870380e+01  4.16869383e+04  1.79931680e+02
 4.20081285e+04  4.63870589e+01  4.20081285e+04  1.79931154e+02
 4.23317933e+04  4.63870800e+01  4.23317933e+04  1.79930623e+02
 4.26579519e+04  4.63871015e+01  4.26579519e+04  1.79930088e+02
 4.29866235e+04  4.63871234e+01  4.29866235e+04  1.79929549e+02
 4.33178274e+04  4.63871455e+01  4.33178274e+04  1.79929006e+02
 4.36515832e+04  4.63871681e+01  4.36515832e+04  1.79928459e+02
 4.39879106e+04  4.63871909e+01  4.39879106e+04  1.79927907e+02
 4.43268292e+04  4.63872141e+01  4.43268292e+04  1.79927351e+02
 4.46683592e+04  4.63872377e+01  4.46683592e+04  1.79926791e+02
 4.50125206e+04  4.63872616e+01  4.50125206e+04  1.79926227e+02
 4.53593337e+04  4.63872859e+01  4.53593337e+04  1.79925658e+02
 4.57088190e+04  4.63873106e+01  4.57088190e+04  1.79925085e+02
 4.60609969e+04  4.63873357e+01  4.60609969e+04  1.79924507e+02
 4.64158883e+04  4.63873611e+01  4.64158883e+04  1.79923925e+02
 4.67735141e+04  4.63873869e+01  4.67735141e+04  1.79923339e+02
 4.71338954e+04  4.63874132e+01  4.71338954e+04  1.79922748e+02
 4.74970533e+04  4.63874399e+01  4.74970533e+04  1.79922152e+02
 4.78630092e+04  4.63874669e+01  4.78630092e+04  1.79921552e+02
 4.82317848e+04  4.63874944e+01  4.82317848e+04  1.79920947e+02
 4.86034018e+04  4.63875223e+01  4.86034018e+04  1.79920337e+02
 4.89778819e+04  4.63875507e+01  4.89778819e+04  1.79919723e+02
 4.93552474e+04  4.63875794e+01  4.93552474e+04  1.79919104e+02
 4.97355204e+04  4.63876087e+01  4.97355204e+04  1.79918480e+02
 5.01187234e+04  4.63876383e+01  5.01187234e+04  1.79917852e+02
 5.05048788e+04  4.63876685e+01  5.05048788e+04  1.79917218e+02
 5.08940095e+04  4.63876991e+01  5.08940095e+04  1.79916580e+02
 5.12861384e+04  4.63877301e+01  5.12861384e+04  1.79915937e+02
 5.16812886e+04  4.63877617e+01  5.16812886e+04  1.79915288e+02
 5.20794833e+04  4.63877937e+01  5.20794833e+04  1.79914635e+02
 5.24807460e+04  4.63878262e+01  5.24807460e+04  1.79913977e+02
 5.28851004e+04  4.63878593e+01  5.28851004e+04  1.79913314e+02
 5.32925703e+04  4.63878928e+01  5.32925703e+04  1.79912645e+02
 5.37031796e+04  4.63879269e+01  5.37031796e+04  1.79911971e+02
 5.41169527e+04  4.63879615e+01  5.41169527e+04  1.79911293e+02
 5.45339137e+04  4.63879967e+01  5.45339137e+04  1.79910608e+02
 5.49540874e+04  4.63880323e+01  5.49540874e+04  1.79909919e+02
 5.53774984e+04  4.63880686e+01  5.53774984e+04  1.79909224e+02
 5.58041717e+04  4.63881053e+01  5.58041717e+04  1.79908524e+02
 5.62341325e+04  4.63881427e+01  5.62341325e+04  1.79907819e+02
 5.66674061e+04  4.63881806e+01  5.66674061e+04  1.79907108e+02
 5.71040179e+04  4.63882192e+01  5.71040179e+04  1.79906391e+02
 5.75439937e+04  4.63882583e+01  5.75439937e+04  1.79905669e+02
 5.79873595e+04  4.63882980e+01  5.79873595e+04  1.79904942e+02
 5.84341413e+04  4.63883383e+01  5.84341413e+04  1.79904208e+02
 5.88843655e+04  4.63883793e+01  5.88843655e+04  1.79903470e+02
 5.93380586e+04  4.63884209e+01  5.93380586e+04  1.79902725e+02
 5.97952473e+04  4.63884631e+01  5.97952473e+04  1.79901975e+02
 6.02559586e+04  4.63885061e+01  6.02559586e+04  1.79901219e+02
 6.07202196e+04  4.63885496e+01  6.07202196e+04  1.79900457e+02
 6.11880576e+04  4.63885938e+01  6.11880576e+04  1.79899689e+02
 6.16595002e+04  4.63886388e+01  6.16595002e+04  1.79898915e+02
 6.21345752e+04  4.63886844e+01  6.21345752e+04  1.79898135e+02
 6.26133105e+04  4.63887307e+01  6.26133105e+04  1.79897349e+02
 6.30957344e+04  4.63887778e+01  6.30957344e+04  1.79896557e+02
 6.35818754e+04  4.63888255e+01  6.35818754e+04  1.79895759e+02
 6.40717619e+04  4.63888740e+01  6.40717619e+04  1.79894955e+02
 6.45654229e+04  4.63889232e+01  6.45654229e+04  1.79894145e+02
 6.50628875e+04  4.63889733e+01  6.50628875e+04  1.79893328e+02
 6.55641849e+04  4.63890241e+01  6.55641849e+04  1.79892505e+02
 6.60693448e+04  4.63890757e+01  6.60693448e+04  1.79891676e+02
 6.65783968e+04  4.63891281e+01  6.65783968e+04  1.79890840e+02
 6.70913710e+04  4.63891811e+01  6.70913710e+04  1.79889998e+02
 6.76082975e+04  4.63892352e+01  6.76082975e+04  1.79889149e+02
 6.81292069e+04  4.63892900e+01  6.81292069e+04  1.79888294e+02
 6.86541298e+04  4.63893458e+01  6.86541298e+04  1.79887432e+02
 6.91830971e+04  4.63894024e+01  6.91830971e+04  1.79886563e+02
 6.97161400e+04  4.63894597e+01  6.97161400e+04  1.79885688e+02
 7.02532899e+04  4.63895181e+01  7.02532899e+04  1.79884806e+02
 7.07945784e+04  4.63895773e+01  7.07945784e+04  1.79883917e+02
 7.13400375e+04  4.63896374e+01  7.13400375e+04  1.79883021e+02
 7.18896992e+04  4.63896986e+01  7.18896992e+04  1.79882118e+02
 7.24435960e+04  4.63897605e+01  7.24435960e+04  1.79881208e+02
 7.30017605e+04  4.63898235e+01  7.30017605e+04  1.79880291e+02
 7.35642254e+04  4.63898874e+01  7.35642254e+04  1.79879367e+02
 7.41310241e+04  4.63899523e+01  7.41310241e+04  1.79878436e+02
 7.47021899e+04  4.63900182e+01  7.47021899e+04  1.79877498e+02
 7.52777564e+04  4.63900851e+01  7.52777564e+04  1.79876553e+02
 7.58577575e+04  4.63901532e+01  7.58577575e+04  1.79875600e+02
 7.64422274e+04  4.63902223e+01  7.64422274e+04  1.79874639e+02
 7.70312006e+04  4.63902924e+01  7.70312006e+04  1.79873672e+02
 7.76247117e+04  4.63903636e+01  7.76247117e+04  1.79872697e+02
 7.82227956e+04  4.63904360e+01  7.82227956e+04  1.79871714e+02
 7.88254877e+04  4.63905093e+01  7.88254877e+04  1.79870723e+02
 7.94328235e+04  4.63905839e+01  7.94328235e+04  1.79869725e+02
 8.00448386e+04  4.63906597e+01  8.00448386e+04  1.79868720e+02
 8.06615692e+04  4.63907366e+01  8.06615692e+04  1.79867706e+02
 8.12830516e+04  4.63908147e+01  8.12830516e+04  1.79866685e+02
 8.19093224e+04  4.63908938e+01  8.19093224e+04  1.79865655e+02
 8.25404185e+04  4.63909744e+01  8.25404185e+04  1.79864618e+02
 8.31763771e+04  4.63910562e+01  8.31763771e+04  1.79863573e+02
 8.38172356e+04  4.63911392e+01  8.38172356e+04  1.79862519e+02
 8.44630319e+04  4.63912235e+01  8.44630319e+04  1.79861457e+02
 8.51138038e+04  4.63913092e+01  8.51138038e+04  1.79860388e+02
 8.57695899e+04  4.63913960e+01  8.57695899e+04  1.79859309e+02
 8.64304286e+04  4.63914843e+01  8.64304286e+04  1.79858223e+02
 8.70963590e+04  4.63915740e+01  8.70963590e+04  1.79857128e+02
 8.77674203e+04  4.63916652e+01  8.77674203e+04  1.79856024e+02
 8.84436519e+04  4.63917575e+01  8.84436519e+04  1.79854912e+02
 8.91250938e+04  4.63918514e+01  8.91250938e+04  1.79853792e+02
 8.98117861e+04  4.63919467e+01  8.98117861e+04  1.79852662e+02
 9.05037692e+04  4.63920436e+01  9.05037692e+04  1.79851524e+02
 9.12010839e+04  4.63921419e+01  9.12010839e+04  1.79850377e+02
 9.19037713e+04  4.63922417e+01  9.19037713e+04  1.79849221e+02
 9.26118728e+04  4.63923430e+01  9.26118728e+04  1.79848056e+02
 9.33254301e+04  4.63924460e+01  9.33254301e+04  1.79846882e+02
 9.40444852e+04  4.63925506e+01  9.40444852e+04  1.79845699e+02
 9.47690805e+04  4.63926567e+01  9.47690805e+04  1.79844507e+02
 9.54992586e+04  4.63927646e+01  9.54992586e+04  1.79843306e+02
 9.62350626e+04  4.63928741e+01  9.62350626e+04  1.79842095e+02
 9.69765359e+04  4.63929850e+01  9.69765359e+04  1.79840875e+02
 9.77237221e+04  4.63930981e+01  9.77237221e+04  1.79839645e+02
 9.84766652e+04  4.63932127e+01  9.84766652e+04  1.79838406e+02
 9.92354096e+04  4.63933292e+01  9.92354096e+04  1.79837157e+02
 1.00000000e+05  4.63934472e+01  1.00000000e+05  1.79835898e+02
 1.00770481e+05  4.63935672e+01  1.00770481e+05  1.79834630e+02
 1.01546899e+05  4.63936892e+01  1.01546899e+05  1.79833351e+02
 1.02329299e+05  4.63938130e+01  1.02329299e+05  1.79832063e+02
 1.03117727e+05  4.63939386e+01  1.03117727e+05  1.79830765e+02
 1.03912230e+05  4.63940663e+01  1.03912230e+05  1.79829456e+02
 1.04712855e+05  4.63941959e+01  1.04712855e+05  1.79828138e+02
 1.05519648e+05  4.63943276e+01  1.05519648e+05  1.79826809e+02
 1.06332657e+05  4.63944613e+01  1.06332657e+05  1.79825470e+02
 1.07151931e+05  4.63945970e+01  1.07151931e+05  1.79824120e+02
 1.07977516e+05  4.63947349e+01  1.07977516e+05  1.79822760e+02
 1.08809463e+05  4.63948748e+01  1.08809463e+05  1.79821389e+02
 1.09647820e+05  4.63950168e+01  1.09647820e+05  1.79820008e+02
 1.10492636e+05  4.63951613e+01  1.10492636e+05  1.79818616e+02
 1.11343961e+05  4.63953079e+01  1.11343961e+05  1.79817213e+02
 1.12201845e+05  4.63954569e+01  1.12201845e+05  1.79815799e+02
 1.13066340e+05  4.63956081e+01  1.13066340e+05  1.79814374e+02
 1.13937495e+05  4.63957615e+01  1.13937495e+05  1.79812938e+02
 1.14815362e+05  4.63959174e+01  1.14815362e+05  1.79811491e+02
 1.15699993e+05  4.63960757e+01  1.15699993e+05  1.79810032e+02
 1.16591440e+05  4.63962363e+01  1.16591440e+05  1.79808562e+02
 1.17489755e+05  4.63963996e+01  1.17489755e+05  1.79807081e+02
 1.18394992e+05  4.63965653e+01  1.18394992e+05  1.79805588e+02
 1.19307204e+05  4.63967339e+01  1.19307204e+05  1.79804083e+02
 1.20226443e+05  4.63969047e+01  1.20226443e+05  1.79802567e+02
 1.21152766e+05  4.63970782e+01  1.21152766e+05  1.79801038e+02
 1.22086225e+05  4.63972545e+01  1.22086225e+05  1.79799498e+02
 1.23026877e+05  4.63974334e+01  1.23026877e+05  1.79797946e+02
 1.23974776e+05  4.63976151e+01  1.23974776e+05  1.79796382e+02
 1.24929979e+05  4.63977999e+01  1.24929979e+05  1.79794805e+02
 1.25892541e+05  4.63979873e+01  1.25892541e+05  1.79793216e+02
 1.26862520e+05  4.63981777e+01  1.26862520e+05  1.79791615e+02
 1.27839972e+05  4.63983709e+01  1.27839972e+05  1.79790001e+02
 1.28824955e+05  4.63985672e+01  1.28824955e+05  1.79788375e+02
 1.29817528e+05  4.63987665e+01  1.29817528e+05  1.79786735e+02
 1.30817747e+05  4.63989691e+01  1.30817747e+05  1.79785083e+02
 1.31825674e+05  4.63991743e+01  1.31825674e+05  1.79783418e+02
 1.32841366e+05  4.63993831e+01  1.32841366e+05  1.79781740e+02
 1.33864884e+05  4.63995948e+01  1.33864884e+05  1.79780049e+02
 1.34896288e+05  4.63998102e+01  1.34896288e+05  1.79778345e+02
 1.35935639e+05  4.64000291e+01  1.35935639e+05  1.79776627e+02
 1.36982998e+05  4.64002513e+01  1.36982998e+05  1.79774896e+02
 1.38038426e+05  4.64004768e+01  1.38038426e+05  1.79773151e+02
 1.39101987e+05  4.64007053e+01  1.39101987e+05  1.79771392e+02
 1.40173742e+05  4.64009381e+01  1.40173742e+05  1.79769620e+02
 1.41253754e+05  4.64011738e+01  1.41253754e+05  1.79767834e+02
 1.42342088e+05  4.64014140e+01  1.42342088e+05  1.79766033e+02
 1.43438808e+05  4.64016572e+01  1.43438808e+05  1.79764219e+02
 1.44543977e+05  4.64019039e+01  1.44543977e+05  1.79762390e+02
 1.45657662e+05  4.64021553e+01  1.45657662e+05  1.79760547e+02
 1.46779927e+05  4.64024104e+01  1.46779927e+05  1.79758690e+02
 1.47910839e+05  4.64026691e+01  1.47910839e+05  1.79756818e+02
 1.49050464e+05  4.64029320e+01  1.49050464e+05  1.79754931e+02
 1.50198870e+05  4.64031992e+01  1.50198870e+05  1.79753029e+02
 1.51356125e+05  4.64034705e+01  1.51356125e+05  1.79751113e+02
 1.52522296e+05  4.64037455e+01  1.52522296e+05  1.79749181e+02
 1.53697452e+05  4.64040248e+01  1.53697452e+05  1.79747234e+02
 1.54881662e+05  4.64043088e+01  1.54881662e+05  1.79745272e+02
 1.56074996e+05  4.64045975e+01  1.56074996e+05  1.79743294e+02
 1.57277525e+05  4.64048901e+01  1.57277525e+05  1.79741301e+02
 1.58489319e+05  4.64051873e+01  1.58489319e+05  1.79739292e+02
 1.59710450e+05  4.64054893e+01  1.59710450e+05  1.79737267e+02
 1.60940989e+05  4.64057956e+01  1.60940989e+05  1.79735226e+02
 1.62181010e+05  4.64061070e+01  1.62181010e+05  1.79733169e+02
 1.63430584e+05  4.64064237e+01  1.63430584e+05  1.79731096e+02
 1.64689787e+05  4.64067446e+01  1.64689787e+05  1.79729006e+02
 1.65958691e+05  4.64070706e+01  1.65958691e+05  1.79726900e+02
 1.67237372e+05  4.64074019e+01  1.67237372e+05  1.79724777e+02
 1.68525904e+05  4.64077383e+01  1.68525904e+05  1.79722638e+02
 1.69824365e+05  4.64080794e+01  1.69824365e+05  1.79720481e+02
 1.71132830e+05  4.64084267e+01  1.71132830e+05  1.79718308e+02
 1.72451377e+05  4.64087786e+01  1.72451377e+05  1.79716117e+02
 1.73780083e+05  4.64091361e+01  1.73780083e+05  1.79713909e+02
 1.75119026e+05  4.64094991e+01  1.75119026e+05  1.79711683e+02
 1.76468286e+05  4.64098682e+01  1.76468286e+05  1.79709440e+02
 1.77827941e+05  4.64102423e+01  1.77827941e+05  1.79707179e+02
 1.79198072e+05  4.64106228e+01  1.79198072e+05  1.79704900e+02
 1.80578760e+05  4.64110094e+01  1.80578760e+05  1.79702603e+02
 1.81970086e+05  4.64114011e+01  1.81970086e+05  1.79700287e+02
 1.83372132e+05  4.64117996e+01  1.83372132e+05  1.79697953e+02
 1.84784980e+05  4.64122039e+01  1.84784980e+05  1.79695601e+02
 1.86208714e+05  4.64126151e+01  1.86208714e+05  1.79693230e+02
 1.87643417e+05  4.64130323e+01  1.87643417e+05  1.79690840e+02
 1.89089175e+05  4.64134556e+01  1.89089175e+05  1.79688431e+02
 1.90546072e+05  4.64138859e+01  1.90546072e+05  1.79686003e+02
 1.92014194e+05  4.64143226e+01  1.92014194e+05  1.79683555e+02
 1.93493628e+05  4.64147665e+01  1.93493628e+05  1.79681089e+02
 1.94984460e+05  4.64152169e+01  1.94984460e+05  1.79678602e+02
 1.96486779e+05  4.64156746e+01  1.96486779e+05  1.79676096e+02
 1.98000673e+05  4.64161391e+01  1.98000673e+05  1.79673569e+02
 1.99526231e+05  4.64166113e+01  1.99526231e+05  1.79671022e+02
 2.01063544e+05  4.64170897e+01  2.01063544e+05  1.79668455e+02
 2.02612701e+05  4.64175762e+01  2.02612701e+05  1.79665867e+02
 2.04173794e+05  4.64180711e+01  2.04173794e+05  1.79663259e+02
 2.05746916e+05  4.64185721e+01  2.05746916e+05  1.79660630e+02
 2.07332157e+05  4.64190821e+01  2.07332157e+05  1.79657979e+02
 2.08929613e+05  4.64195997e+01  2.08929613e+05  1.79655308e+02
 2.10539377e+05  4.64201258e+01  2.10539377e+05  1.79652615e+02
 2.12161544e+05  4.64206588e+01  2.12161544e+05  1.79649900e+02
 2.13796209e+05  4.64212010e+01  2.13796209e+05  1.79647164e+02
 2.15443469e+05  4.64217511e+01  2.15443469e+05  1.79644406e+02
 2.17103421e+05  4.64223105e+01  2.17103421e+05  1.79641625e+02
 2.18776162e+05  4.64228785e+01  2.18776162e+05  1.79638822e+02
 2.20461792e+05  4.64234540e+01  2.20461792e+05  1.79635996e+02
 2.22160409e+05  4.64240399e+01  2.22160409e+05  1.79633148e+02
 2.23872114e+05  4.64246350e+01  2.23872114e+05  1.79630277e+02
 2.25597007e+05  4.64252380e+01  2.25597007e+05  1.79627382e+02
 2.27335190e+05  4.64258507e+01  2.27335190e+05  1.79624464e+02
 2.29086765e+05  4.64264746e+01  2.29086765e+05  1.79621523e+02
 2.30851836e+05  4.64271066e+01  2.30851836e+05  1.79618558e+02
 2.32630507e+05  4.64277488e+01  2.32630507e+05  1.79615569e+02
 2.34422882e+05  4.64284007e+01  2.34422882e+05  1.79612555e+02
 2.36229066e+05  4.64290626e+01  2.36229066e+05  1.79609517e+02
 2.38049167e+05  4.64297361e+01  2.38049167e+05  1.79606455e+02
 2.39883292e+05  4.64304192e+01  2.39883292e+05  1.79603368e+02
 2.41731548e+05  4.64311122e+01  2.41731548e+05  1.79600255e+02
 2.43594045e+05  4.64318164e+01  2.43594045e+05  1.79597118e+02
 2.45470892e+05  4.64325316e+01  2.45470892e+05  1.79593954e+02
 2.47362199e+05  4.64332594e+01  2.47362199e+05  1.79590764e+02
 2.49268079e+05  4.64339965e+01  2.49268079e+05  1.79587551e+02
 2.51188643e+05  4.64347463e+01  2.51188643e+05  1.79584309e+02
 2.53124005e+05  4.64355072e+01  2.53124005e+05  1.79581041e+02
 2.55074278e+05  4.64362797e+01  2.55074278e+05  1.79577747e+02
 2.57039578e+05  4.64370649e+01  2.57039578e+05  1.79574426e+02
 2.59020020e+05  4.64378600e+01  2.59020020e+05  1.79571076e+02
 2.61015722e+05  4.64386715e+01  2.61015722e+05  1.79567701e+02
 2.63026799e+05  4.64394919e+01  2.63026799e+05  1.79564297e+02
 2.65053372e+05  4.64403276e+01  2.65053372e+05  1.79560865e+02
 2.67095559e+05  4.64411764e+01  2.67095559e+05  1.79557406e+02
 2.69153480e+05  4.64420359e+01  2.69153480e+05  1.79553917e+02
 2.71227258e+05  4.64429115e+01  2.71227258e+05  1.79550401e+02
 2.73317014e+05  4.64437997e+01  2.73317014e+05  1.79546854e+02
 2.75422870e+05  4.64447008e+01  2.75422870e+05  1.79543280e+02
 2.77544952e+05  4.64456163e+01  2.77544952e+05  1.79539675e+02
 2.79683385e+05  4.64465467e+01  2.79683385e+05  1.79536040e+02
 2.81838293e+05  4.64474918e+01  2.81838293e+05  1.79532375e+02
 2.84009805e+05  4.64484509e+01  2.84009805e+05  1.79528681e+02
 2.86198048e+05  4.64494255e+01  2.86198048e+05  1.79524956e+02
 2.88403150e+05  4.64504159e+01  2.88403150e+05  1.79521200e+02
 2.90625243e+05  4.64514196e+01  2.90625243e+05  1.79517411e+02
 2.92864456e+05  4.64524409e+01  2.92864456e+05  1.79513593e+02
 2.95120923e+05  4.64534771e+01  2.95120923e+05  1.79509741e+02
 2.97394775e+05  4.64545305e+01  2.97394775e+05  1.79505859e+02
 2.99686146e+05  4.64555989e+01  2.99686146e+05  1.79501943e+02
 3.01995172e+05  4.64566846e+01  3.01995172e+05  1.79497994e+02
 3.04321989e+05  4.64577861e+01  3.04321989e+05  1.79494013e+02
 3.06666733e+05  4.64589092e+01  3.06666733e+05  1.79490001e+02
 3.09029543e+05  4.64600444e+01  3.09029543e+05  1.79485950e+02
 3.11410558e+05  4.64612004e+01  3.11410558e+05  1.79481869e+02
 3.13809919e+05  4.64623726e+01  3.13809919e+05  1.79477752e+02
 3.16227766e+05  4.64635645e+01  3.16227766e+05  1.79473600e+02
 3.18664242e+05  4.64647723e+01  3.18664242e+05  1.79469414e+02
 3.21119491e+05  4.64660016e+01  3.21119491e+05  1.79465192e+02
 3.23593657e+05  4.64672504e+01  3.23593657e+05  1.79460936e+02
 3.26086886e+05  4.64685178e+01  3.26086886e+05  1.79456642e+02
 3.28599325e+05  4.64698066e+01  3.28599325e+05  1.79452314e+02
 3.31131121e+05  4.64711139e+01  3.31131121e+05  1.79447948e+02
 3.33682425e+05  4.64724411e+01  3.33682425e+05  1.79443543e+02
 3.36253386e+05  4.64737907e+01  3.36253386e+05  1.79439103e+02
 3.38844156e+05  4.64751612e+01  3.38844156e+05  1.79434625e+02
 3.41454887e+05  4.64765500e+01  3.41454887e+05  1.79430108e+02
 3.44085734e+05  4.64779636e+01  3.44085734e+05  1.79425552e+02
 3.46736850e+05  4.64793970e+01  3.46736850e+05  1.79420957e+02
 3.49408393e+05  4.64808548e+01  3.49408393e+05  1.79416322e+02
 3.52100520e+05  4.64823333e+01  3.52100520e+05  1.79411650e+02
 3.54813389e+05  4.64838410e+01  3.54813389e+05  1.79406937e+02
 3.57547160e+05  4.64853659e+01  3.57547160e+05  1.79402182e+02
 3.60301995e+05  4.64869161e+01  3.60301995e+05  1.79397386e+02
 3.63078055e+05  4.64884919e+01  3.63078055e+05  1.79392549e+02
 3.65875504e+05  4.64900894e+01  3.65875504e+05  1.79387670e+02
 3.68694506e+05  4.64917165e+01  3.68694506e+05  1.79382750e+02
 3.71535229e+05  4.64933659e+01  3.71535229e+05  1.79377786e+02
 3.74397839e+05  4.64950419e+01  3.74397839e+05  1.79372781e+02
 3.77282505e+05  4.64967451e+01  3.77282505e+05  1.79367729e+02
 3.80189396e+05  4.64984730e+01  3.80189396e+05  1.79362635e+02
 3.83118685e+05  4.65002281e+01  3.83118685e+05  1.79357495e+02
 3.86070543e+05  4.65020106e+01  3.86070543e+05  1.79352310e+02
 3.89045145e+05  4.65038232e+01  3.89045145e+05  1.79347080e+02
 3.92042666e+05  4.65056614e+01  3.92042666e+05  1.79341806e+02
 3.95063281e+05  4.65075312e+01  3.95063281e+05  1.79336480e+02
 3.98107171e+05  4.65094288e+01  3.98107171e+05  1.79331113e+02
 4.01174512e+05  4.65113577e+01  4.01174512e+05  1.79325696e+02
 4.04265487e+05  4.65133147e+01  4.04265487e+05  1.79320233e+02
 4.07380278e+05  4.65153054e+01  4.07380278e+05  1.79314719e+02
 4.10519067e+05  4.65173248e+01  4.10519067e+05  1.79309161e+02
 4.13682040e+05  4.65193777e+01  4.13682040e+05  1.79303548e+02
 4.16869383e+05  4.65214611e+01  4.16869383e+05  1.79297884e+02
 4.20081285e+05  4.65235755e+01  4.20081285e+05  1.79292174e+02
 4.23317933e+05  4.65257246e+01  4.23317933e+05  1.79286411e+02
 4.26579519e+05  4.65279116e+01  4.26579519e+05  1.79280599e+02
 4.29866235e+05  4.65301279e+01  4.29866235e+05  1.79274730e+02
 4.33178274e+05  4.65323794e+01  4.33178274e+05  1.79268809e+02
 4.36515832e+05  4.65346689e+01  4.36515832e+05  1.79262833e+02
 4.39879106e+05  4.65369924e+01  4.39879106e+05  1.79256804e+02
 4.43268292e+05  4.65393550e+01  4.43268292e+05  1.79250722e+02
 4.46683592e+05  4.65417513e+01  4.46683592e+05  1.79244583e+02
 4.50125206e+05  4.65441844e+01  4.50125206e+05  1.79238388e+02
 4.53593337e+05  4.65466604e+01  4.53593337e+05  1.79232137e+02
 4.57088190e+05  4.65491776e+01  4.57088190e+05  1.79225832e+02
 4.60609969e+05  4.65517283e+01  4.60609969e+05  1.79219465e+02
 4.64158883e+05  4.65543194e+01  4.64158883e+05  1.79213036e+02
 4.67735141e+05  4.65569541e+01  4.67735141e+05  1.79206556e+02
 4.71338954e+05  4.65596278e+01  4.71338954e+05  1.79200007e+02
 4.74970533e+05  4.65623478e+01  4.74970533e+05  1.79193409e+02
 4.78630092e+05  4.65651066e+01  4.78630092e+05  1.79186742e+02
 4.82317848e+05  4.65679128e+01  4.82317848e+05  1.79180015e+02
 4.86034018e+05  4.65707595e+01  4.86034018e+05  1.79173215e+02
 4.89778819e+05  4.65736524e+01  4.89778819e+05  1.79166357e+02
 4.93552474e+05  4.65765917e+01  4.93552474e+05  1.79159445e+02
 4.97355204e+05  4.65795760e+01  4.97355204e+05  1.79152459e+02
 5.01187234e+05  4.65826115e+01  5.01187234e+05  1.79145407e+02
 5.05048788e+05  4.65856932e+01  5.05048788e+05  1.79138291e+02
 5.08940095e+05  4.65888178e+01  5.08940095e+05  1.79131111e+02
 5.12861384e+05  4.65919985e+01  5.12861384e+05  1.79123852e+02
 5.16812886e+05  4.65952230e+01  5.16812886e+05  1.79116528e+02
 5.20794833e+05  4.65985084e+01  5.20794833e+05  1.79109130e+02
 5.24807460e+05  4.66018392e+01  5.24807460e+05  1.79101669e+02
 5.28851004e+05  4.66052291e+01  5.28851004e+05  1.79094136e+02
 5.32925703e+05  4.66086671e+01  5.32925703e+05  1.79086522e+02
 5.37031796e+05  4.66121592e+01  5.37031796e+05  1.79078840e+02
 5.41169527e+05  4.66157087e+01  5.41169527e+05  1.79071079e+02
 5.45339137e+05  4.66193107e+01  5.45339137e+05  1.79063245e+02
 5.49540874e+05  4.66229732e+01  5.49540874e+05  1.79055341e+02
 5.53774984e+05  4.66266964e+01  5.53774984e+05  1.79047361e+02
 5.58041717e+05  4.66304795e+01  5.58041717e+05  1.79039279e+02
 5.62341325e+05  4.66343145e+01  5.62341325e+05  1.79031135e+02
 5.66674061e+05  4.66382194e+01  5.66674061e+05  1.79022907e+02
 5.71040179e+05  4.66421796e+01  5.71040179e+05  1.79014597e+02
 5.75439937e+05  4.66462069e+01  5.75439937e+05  1.79006213e+02
 5.79873595e+05  4.66502976e+01  5.79873595e+05  1.78997730e+02
 5.84341413e+05  4.66544513e+01  5.84341413e+05  1.78989178e+02
 5.88843655e+05  4.66586753e+01  5.88843655e+05  1.78980519e+02
 5.93380586e+05  4.66629627e+01  5.93380586e+05  1.78971790e+02
 5.97952473e+05  4.66673207e+01  5.97952473e+05  1.78962957e+02
 6.02559586e+05  4.66717498e+01  6.02559586e+05  1.78954050e+02
 6.07202196e+05  4.66762410e+01  6.07202196e+05  1.78945038e+02
 6.11880576e+05  4.66808143e+01  6.11880576e+05  1.78935945e+02
 6.16595002e+05  4.66854502e+01  6.16595002e+05  1.78926756e+02
 6.21345752e+05  4.66901747e+01  6.21345752e+05  1.78917463e+02
 6.26133105e+05  4.66949737e+01  6.26133105e+05  1.78908089e+02
 6.30957344e+05  4.66998395e+01  6.30957344e+05  1.78898608e+02
 6.35818754e+05  4.67047866e+01  6.35818754e+05  1.78889039e+02
 6.40717619e+05  4.67098162e+01  6.40717619e+05  1.78879350e+02
 6.45654229e+05  4.67149149e+01  6.45654229e+05  1.78869554e+02
 6.50628875e+05  4.67201099e+01  6.50628875e+05  1.78859686e+02
 6.55641849e+05  4.67253826e+01  6.55641849e+05  1.78849685e+02
 6.60693448e+05  4.67307396e+01  6.60693448e+05  1.78839589e+02
 6.65783968e+05  4.67361886e+01  6.65783968e+05  1.78829391e+02
 6.70913710e+05  4.67417167e+01  6.70913710e+05  1.78819068e+02
 6.76082975e+05  4.67473437e+01  6.76082975e+05  1.78808652e+02
 6.81292069e+05  4.67530476e+01  6.81292069e+05  1.78798100e+02
 6.86541298e+05  4.67588576e+01  6.86541298e+05  1.78787468e+02
 6.91830971e+05  4.67647432e+01  6.91830971e+05  1.78776676e+02
 6.97161400e+05  4.67707445e+01  6.97161400e+05  1.78765795e+02
 7.02532899e+05  4.67768383e+01  7.02532899e+05  1.78754793e+02
 7.07945784e+05  4.67830146e+01  7.07945784e+05  1.78743652e+02
 7.13400375e+05  4.67893091e+01  7.13400375e+05  1.78732404e+02
 7.18896992e+05  4.67956985e+01  7.18896992e+05  1.78721012e+02
 7.24435960e+05  4.68021838e+01  7.24435960e+05  1.78709509e+02
 7.30017605e+05  4.68087872e+01  7.30017605e+05  1.78697874e+02
 7.35642254e+05  4.68154871e+01  7.35642254e+05  1.78686105e+02
 7.41310241e+05  4.68223143e+01  7.41310241e+05  1.78674209e+02
 7.47021899e+05  4.68292263e+01  7.47021899e+05  1.78662155e+02
 7.52777564e+05  4.68362702e+01  7.52777564e+05  1.78649999e+02
 7.58577575e+05  4.68434210e+01  7.58577575e+05  1.78637659e+02
 7.64422274e+05  4.68506883e+01  7.64422274e+05  1.78625212e+02
 7.70312006e+05  4.68580701e+01  7.70312006e+05  1.78612599e+02
 7.76247117e+05  4.68655864e+01  7.76247117e+05  1.78599874e+02
 7.82227956e+05  4.68732212e+01  7.82227956e+05  1.78586939e+02
 7.88254877e+05  4.68809674e+01  7.88254877e+05  1.78573882e+02
 7.94328235e+05  4.68888521e+01  7.94328235e+05  1.78560680e+02
 8.00448386e+05  4.68968642e+01  8.00448386e+05  1.78547302e+02
 8.06615692e+05  4.69050104e+01  8.06615692e+05  1.78533787e+02
 8.12830516e+05  4.69132813e+01  8.12830516e+05  1.78520093e+02
 8.19093224e+05  4.69216911e+01  8.19093224e+05  1.78506222e+02
 8.25404185e+05  4.69302406e+01  8.25404185e+05  1.78492215e+02
 8.31763771e+05  4.69389331e+01  8.31763771e+05  1.78478016e+02
 8.38172356e+05  4.69477714e+01  8.38172356e+05  1.78463608e+02
 8.44630319e+05  4.69567443e+01  8.44630319e+05  1.78449073e+02
 8.51138038e+05  4.69658744e+01  8.51138038e+05  1.78434332e+02
 8.57695899e+05  4.69751544e+01  8.57695899e+05  1.78419419e+02
 8.64304286e+05  4.69845822e+01  8.64304286e+05  1.78404332e+02
 8.70963590e+05  4.69941755e+01  8.70963590e+05  1.78389024e+02
 8.77674203e+05  4.70039257e+01  8.77674203e+05  1.78373532e+02
 8.84436519e+05  4.70138255e+01  8.84436519e+05  1.78357849e+02
 8.91250938e+05  4.70239020e+01  8.91250938e+05  1.78341995e+02
 8.98117861e+05  4.70341410e+01  8.98117861e+05  1.78325891e+02
 9.05037692e+05  4.70445581e+01  9.05037692e+05  1.78309572e+02
 9.12010839e+05  4.70551369e+01  9.12010839e+05  1.78293046e+02
 9.19037713e+05  4.70658925e+01  9.19037713e+05  1.78276298e+02
 9.26118728e+05  4.70768291e+01  9.26118728e+05  1.78259353e+02
 9.33254301e+05  4.70879519e+01  9.33254301e+05  1.78242174e+02
 9.40444852e+05  4.70992597e+01  9.40444852e+05  1.78224729e+02
 9.47690805e+05  4.71107663e+01  9.47690805e+05  1.78207132e+02
 9.54992586e+05  4.71224596e+01  9.54992586e+05  1.78189195e+02
 9.62350626e+05  4.71343567e+01  9.62350626e+05  1.78171098e+02
 9.69765359e+05  4.71464333e+01  9.69765359e+05  1.78152681e+02
 9.77237221e+05  4.71587326e+01  9.77237221e+05  1.78134074e+02
 9.84766652e+05  4.71712192e+01  9.84766652e+05  1.78115107e+02
 9.92354096e+05  4.71839303e+01  9.92354096e+05  1.78095986e+02
 1.00000000e+06  4.71968690e+01  1.00000000e+06  1.78076553e+02
 1.00770481e+06  4.72099991e+01  1.00770481e+06  1.78056909e+02
 1.01546899e+06  4.72233685e+01  1.01546899e+06  1.78036882e+02
 1.02329299e+06  4.72369635e+01  1.02329299e+06  1.78016615e+02
 1.03117727e+06  4.72508126e+01  1.03117727e+06  1.77996088e+02
 1.03912230e+06  4.72648620e+01  1.03912230e+06  1.77975202e+02
 1.04712855e+06  4.72791820e+01  1.04712855e+06  1.77954012e+02
 1.05519648e+06  4.72937318e+01  1.05519648e+06  1.77932559e+02
 1.06332657e+06  4.73085292e+01  1.06332657e+06  1.77910769e+02
 1.07151931e+06  4.73235669e+01  1.07151931e+06  1.77888635e+02
 1.07977516e+06  4.73388755e+01  1.07977516e+06  1.77866187e+02
 1.08809463e+06  4.73544560e+01  1.08809463e+06  1.77843419e+02
 1.09647820e+06  4.73702802e+01  1.09647820e+06  1.77820273e+02
 1.10492636e+06  4.73864041e+01  1.10492636e+06  1.77796773e+02
 1.11343961e+06  4.74028023e+01  1.11343961e+06  1.77772898e+02
 1.12201845e+06  4.74194768e+01  1.12201845e+06  1.77748672e+02
 1.13066340e+06  4.74364670e+01  1.13066340e+06  1.77724031e+02
 1.13937495e+06  4.74536971e+01  1.13937495e+06  1.77699079e+02
 1.14815362e+06  4.74712919e+01  1.14815362e+06  1.77673665e+02
 1.15699993e+06  4.74891682e+01  1.15699993e+06  1.77647868e+02
 1.16591440e+06  4.75073526e+01  1.16591440e+06  1.77621608e+02
 1.17489755e+06  4.75258463e+01  1.17489755e+06  1.77595037e+02
 1.18394992e+06  4.75446740e+01  1.18394992e+06  1.77567934e+02
 1.19307204e+06  4.75638432e+01  1.19307204e+06  1.77540344e+02
 1.20226443e+06  4.75833171e+01  1.20226443e+06  1.77512456e+02
 1.21152766e+06  4.76031814e+01  1.21152766e+06  1.77484006e+02
 1.22086225e+06  4.76233880e+01  1.22086225e+06  1.77455066e+02
 1.23026877e+06  4.76439096e+01  1.23026877e+06  1.77425620e+02
 1.23974776e+06  4.76648602e+01  1.23974776e+06  1.77395745e+02
 1.24929979e+06  4.76861597e+01  1.24929979e+06  1.77365323e+02
 1.25892541e+06  4.77078478e+01  1.25892541e+06  1.77334302e+02
 1.26862520e+06  4.77298855e+01  1.26862520e+06  1.77302906e+02
 1.27839972e+06  4.77523628e+01  1.27839972e+06  1.77270785e+02
 1.28824955e+06  4.77752240e+01  1.28824955e+06  1.77238185e+02
 1.29817528e+06  4.77984984e+01  1.29817528e+06  1.77204958e+02
 1.30817747e+06  4.78222101e+01  1.30817747e+06  1.77171084e+02
 1.31825674e+06  4.78463430e+01  1.31825674e+06  1.77136641e+02
 1.32841366e+06  4.78709205e+01  1.32841366e+06  1.77101621e+02
 1.33864884e+06  4.78959361e+01  1.33864884e+06  1.77065866e+02
 1.34896288e+06  4.79214278e+01  1.34896288e+06  1.77029566e+02
 1.35935639e+06  4.79473688e+01  1.35935639e+06  1.76992411e+02
 1.36982998e+06  4.79737753e+01  1.36982998e+06  1.76954739e+02
 1.38038426e+06  4.80007031e+01  1.38038426e+06  1.76916216e+02
 1.39101987e+06  4.80281226e+01  1.39101987e+06  1.76876973e+02
 1.40173742e+06  4.80560370e+01  1.40173742e+06  1.76837032e+02
 1.41253754e+06  4.80845305e+01  1.41253754e+06  1.76796289e+02
 1.42342088e+06  4.81135056e+01  1.42342088e+06  1.76754684e+02
 1.43438808e+06  4.81430186e+01  1.43438808e+06  1.76712292e+02
 1.44543977e+06  4.81730724e+01  1.44543977e+06  1.76668926e+02
 1.45657662e+06  4.82037240e+01  1.45657662e+06  1.76624693e+02
 1.46779927e+06  4.82349471e+01  1.46779927e+06  1.76579799e+02
 1.47910839e+06  4.82667629e+01  1.47910839e+06  1.76533741e+02
 1.49050464e+06  4.82992090e+01  1.49050464e+06  1.76486872e+02
 1.50198870e+06  4.83322329e+01  1.50198870e+06  1.76438912e+02
 1.51356125e+06  4.83659263e+01  1.51356125e+06  1.76390004e+02
 1.52522296e+06  4.84002629e+01  1.52522296e+06  1.76339968e+02
 1.53697452e+06  4.84352323e+01  1.53697452e+06  1.76288726e+02
 1.54881662e+06  4.84709142e+01  1.54881662e+06  1.76236673e+02
 1.56074996e+06  4.85072864e+01  1.56074996e+06  1.76183192e+02
 1.57277525e+06  4.85443510e+01  1.57277525e+06  1.76128689e+02
 1.58489319e+06  4.85821736e+01  1.58489319e+06  1.76072930e+02
 1.59710450e+06  4.86207588e+01  1.59710450e+06  1.76015840e+02
 1.60940989e+06  4.86600411e+01  1.60940989e+06  1.75957618e+02
 1.62181010e+06  4.87001912e+01  1.62181010e+06  1.75897783e+02
 1.63430584e+06  4.87410978e+01  1.63430584e+06  1.75836741e+02
 1.64689787e+06  4.87828195e+01  1.64689787e+06  1.75773993e+02
 1.65958691e+06  4.88254071e+01  1.65958691e+06  1.75710115e+02
 1.67237372e+06  4.88688343e+01  1.67237372e+06  1.75644569e+02
 1.68525904e+06  4.89131524e+01  1.68525904e+06  1.75577416e+02
 1.69824365e+06  4.89583977e+01  1.69824365e+06  1.75508391e+02
 1.71132830e+06  4.90045458e+01  1.71132830e+06  1.75437894e+02
 1.72451377e+06  4.90516565e+01  1.72451377e+06  1.75365670e+02
 1.73780083e+06  4.90997597e+01  1.73780083e+06  1.75291586e+02
 1.75119026e+06  4.91488373e+01  1.75119026e+06  1.75215433e+02
 1.76468286e+06  4.91989704e+01  1.76468286e+06  1.75137321e+02
 1.77827941e+06  4.92501510e+01  1.77827941e+06  1.75057286e+02
 1.79198072e+06  4.93024405e+01  1.79198072e+06  1.74975051e+02
 1.80578760e+06  4.93558497e+01  1.80578760e+06  1.74890453e+02
 1.81970086e+06  4.94103446e+01  1.81970086e+06  1.74803869e+02
 1.83372132e+06  4.94660968e+01  1.83372132e+06  1.74714451e+02
 1.84784980e+06  4.95229897e+01  1.84784980e+06  1.74623017e+02
 1.86208714e+06  4.95811377e+01  1.86208714e+06  1.74528689e+02
 1.87643417e+06  4.96405886e+01  1.87643417e+06  1.74431922e+02
 1.89089175e+06  4.97013396e+01  1.89089175e+06  1.74332128e+02
 1.90546072e+06  4.97634498e+01  1.90546072e+06  1.74229582e+02
 1.92014194e+06  4.98269932e+01  1.92014194e+06  1.74123827e+02
 1.93493628e+06  4.98918196e+01  1.93493628e+06  1.74015205e+02
 1.94984460e+06  4.99582584e+01  1.94984460e+06  1.73902983e+02
 1.96486779e+06  5.00261798e+01  1.96486779e+06  1.73787349e+02
 1.98000673e+06  5.00956744e+01  1.98000673e+06  1.73668229e+02
 1.99526231e+06  5.01667883e+01  1.99526231e+06  1.73545235e+02
 2.01063544e+06  5.02394462e+01  2.01063544e+06  1.73418490e+02
 2.02612701e+06  5.03139254e+01  2.02612701e+06  1.73287392e+02
 2.04173794e+06  5.03901670e+01  2.04173794e+06  1.73152037e+02
 2.05746916e+06  5.04682495e+01  2.05746916e+06  1.73012160e+02
 2.07332157e+06  5.05481198e+01  2.07332157e+06  1.72867797e+02
 2.08929613e+06  5.06299492e+01  2.08929613e+06  1.72718218e+02
 2.10539377e+06  5.07138403e+01  2.10539377e+06  1.72563641e+02
 2.12161544e+06  5.07997196e+01  2.12161544e+06  1.72403507e+02
 2.13796209e+06  5.08878924e+01  2.13796209e+06  1.72237395e+02
 2.15443469e+06  5.09780636e+01  2.15443469e+06  1.72065858e+02
 2.17103421e+06  5.10706777e+01  2.17103421e+06  1.71887260e+02
 2.18776162e+06  5.11656121e+01  2.18776162e+06  1.71702105e+02
 2.20461792e+06  5.12629359e+01  2.20461792e+06  1.71510118e+02
 2.22160409e+06  5.13628755e+01  2.22160409e+06  1.71310503e+02
 2.23872114e+06  5.14654008e+01  2.23872114e+06  1.71103520e+02
 2.25597007e+06  5.15706434e+01  2.25597007e+06  1.70887718e+02
 2.27335190e+06  5.16787399e+01  2.27335190e+06  1.70663190e+02
 2.29086765e+06  5.17897892e+01  2.29086765e+06  1.70428881e+02
 2.30851836e+06  5.19038211e+01  2.30851836e+06  1.70185287e+02
 2.32630507e+06  5.20209475e+01  2.32630507e+06  1.69931462e+02
 2.34422882e+06  5.21413362e+01  2.34422882e+06  1.69665977e+02
 2.36229066e+06  5.22652651e+01  2.36229066e+06  1.69388722e+02
 2.38049167e+06  5.23925722e+01  2.38049167e+06  1.69098937e+02
 2.39883292e+06  5.25236736e+01  2.39883292e+06  1.68795374e+02
 2.41731548e+06  5.26583799e+01  2.41731548e+06  1.68477989e+02
 2.43594045e+06  5.27972760e+01  2.43594045e+06  1.68144739e+02
 2.45470892e+06  5.29402959e+01  2.45470892e+06  1.67795551e+02
 2.47362199e+06  5.30875830e+01  2.47362199e+06  1.67428372e+02
 2.49268079e+06  5.32393420e+01  2.49268079e+06  1.67042490e+02
 2.51188643e+06  5.33958470e+01  2.51188643e+06  1.66636307e+02
 2.53124005e+06  5.35571051e+01  2.53124005e+06  1.66208418e+02
 2.55074278e+06  5.37234977e+01  2.55074278e+06  1.65756866e+02
 2.57039578e+06  5.38952855e+01  2.57039578e+06  1.65279969e+02
 2.59020020e+06  5.40726085e+01  2.59020020e+06  1.64775464e+02
 2.61015722e+06  5.42556779e+01  2.61015722e+06  1.64241626e+02
 2.63026799e+06  5.44447402e+01  2.63026799e+06  1.63675267e+02
 2.65053372e+06  5.46402001e+01  2.65053372e+06  1.63073761e+02
 2.67095559e+06  5.48421591e+01  2.67095559e+06  1.62434095e+02
 2.69153480e+06  5.50509230e+01  2.69153480e+06  1.61752719e+02
 2.71227258e+06  5.52668895e+01  2.71227258e+06  1.61025939e+02
 2.73317014e+06  5.54902727e+01  2.73317014e+06  1.60249039e+02
 2.75422870e+06  5.57213595e+01  2.75422870e+06  1.59417567e+02
 2.77544952e+06  5.59602314e+01  2.77544952e+06  1.58525894e+02
 2.79683385e+06  5.62075277e+01  2.79683385e+06  1.57567705e+02
 2.81838293e+06  5.64633124e+01  2.81838293e+06  1.56535953e+02
 2.84009805e+06  5.67277921e+01  2.84009805e+06  1.55423248e+02
 2.86198048e+06  5.70011155e+01  2.86198048e+06  1.54220550e+02
 2.88403150e+06  5.72833976e+01  2.88403150e+06  1.52917851e+02
 2.90625243e+06  5.75748008e+01  2.90625243e+06  1.51503835e+02
 2.92864456e+06  5.78747246e+01  2.92864456e+06  1.49966399e+02
 2.95120923e+06  5.81834135e+01  2.95120923e+06  1.48290656e+02
 2.97394775e+06  5.84997466e+01  2.97394775e+06  1.46461378e+02
 2.99686146e+06  5.88231301e+01  2.99686146e+06  1.44460802e+02
 3.01995172e+06  5.91518489e+01  3.01995172e+06  1.42270272e+02
 3.04321989e+06  5.94843335e+01  3.04321989e+06  1.39868468e+02
 3.06666733e+06  5.98179004e+01  3.06666733e+06  1.37233934e+02
 3.09029543e+06  6.01488648e+01  3.09029543e+06  1.34344814e+02
 3.11410558e+06  6.04729837e+01  3.11410558e+06  1.31179576e+02
 3.13809919e+06  6.07843333e+01  3.13809919e+06  1.27720126e+02
 3.16227766e+06  6.10762538e+01  3.16227766e+06  1.23952920e+02
 3.18664242e+06  6.13400602e+01  3.18664242e+06  1.19873166e+02
 3.21119491e+06  6.15674082e+01  3.21119491e+06  1.15487390e+02
 3.23593657e+06  6.17477329e+01  3.23593657e+06  1.10818470e+02
 3.26086886e+06  6.18722835e+01  3.26086886e+06  1.05906239e+02
 3.28599325e+06  6.19323578e+01  3.28599325e+06  1.00809866e+02
 3.31131121e+06  6.19225805e+01  3.31131121e+06  9.56034122e+01
 3.33682425e+06  6.18395821e+01  3.33682425e+06  9.03724232e+01
 3.36253386e+06  6.16845081e+01  3.36253386e+06  8.52041884e+01
 3.38844156e+06  6.14614271e+01  3.38844156e+06  8.01800871e+01
 3.41454887e+06  6.11772801e+01  3.41454887e+06  7.53684204e+01
 3.44085734e+06  6.08411155e+01  3.44085734e+06  7.08201580e+01
 3.46736850e+06  6.04628215e+01  3.46736850e+06  6.65674290e+01
 3.49408393e+06  6.00514484e+01  3.49408393e+06  6.26258657e+01
 3.52100520e+06  5.96161300e+01  3.52100520e+06  5.89964266e+01
 3.54813389e+06  5.91641841e+01  3.54813389e+06  5.56701782e+01
 3.57547160e+06  5.87022677e+01  3.57547160e+06  5.26312033e+01
 3.60301995e+06  5.82355042e+01  3.60301995e+06  4.98595932e+01
 3.63078055e+06  5.77675312e+01  3.63078055e+06  4.73337445e+01
 3.65875504e+06  5.73023236e+01  3.65875504e+06  4.50318199e+01
 3.68694506e+06  5.68414441e+01  3.68694506e+06  4.29321302e+01
 3.71535229e+06  5.63867671e+01  3.71535229e+06  4.10151398e+01
 3.74397839e+06  5.59393400e+01  3.74397839e+06  3.92612715e+01
 3.77282505e+06  5.55001199e+01  3.77282505e+06  3.76547820e+01
 3.80189396e+06  5.50696873e+01  3.80189396e+06  3.61809355e+01
 3.83118685e+06  5.46478163e+01  3.83118685e+06  3.48254625e+01
 3.86070543e+06  5.42351978e+01  3.86070543e+06  3.35763557e+01
 3.89045145e+06  5.38313370e+01  3.89045145e+06  3.24233740e+01
 3.92042666e+06  5.34364419e+01  3.92042666e+06  3.13572321e+01
 3.95063281e+06  5.30499895e+01  3.95063281e+06  3.03687282e+01
 3.98107171e+06  5.26719987e+01  3.98107171e+06  2.94512053e+01
 4.01174512e+06  5.23022859e+01  4.01174512e+06  2.85983712e+01
 4.04265487e+06  5.19405460e+01  4.04265487e+06  2.78033006e+01
 4.07380278e+06  5.15858785e+01  4.07380278e+06  2.70609368e+01
 4.10519067e+06  5.12390113e+01  4.10519067e+06  2.63677877e+01
 4.13682040e+06  5.08984785e+01  4.13682040e+06  2.57180535e+01
 4.16869383e+06  5.05651997e+01  4.16869383e+06  2.51094297e+01
 4.20081285e+06  5.02382421e+01  4.20081285e+06  2.45385950e+01
 4.23317933e+06  4.99173704e+01  4.23317933e+06  2.40014851e+01
 4.26579519e+06  4.96026730e+01  4.26579519e+06  2.34962461e+01
 4.29866235e+06  4.92933178e+01  4.29866235e+06  2.30200335e+01
 4.33178274e+06  4.89896430e+01  4.33178274e+06  2.25713823e+01
 4.36515832e+06  4.86908745e+01  4.36515832e+06  2.21473355e+01
 4.39879106e+06  4.83972335e+01  4.39879106e+06  2.17468297e+01
 4.43268292e+06  4.81084438e+01  4.43268292e+06  2.13667050e+01
 4.46683592e+06  4.78243825e+01  4.46683592e+06  2.10085312e+01
 4.50125206e+06  4.75445192e+01  4.50125206e+06  2.06679705e+01
 4.53593337e+06  4.72688932e+01  4.53593337e+06  2.03460708e+01
 4.57088190e+06  4.69974371e+01  4.57088190e+06  2.00401455e+01
 4.60609969e+06  4.67295940e+01  4.60609969e+06  1.97482715e+01
 4.64158883e+06  4.64658184e+01  4.64158883e+06  1.94721630e+01
 4.67735141e+06  4.62057727e+01  4.67735141e+06  1.92105144e+01
 4.71338954e+06  4.59487638e+01  4.71338954e+06  1.89603288e+01
 4.74970533e+06  4.56950040e+01  4.74970533e+06  1.87217705e+01
 4.78630092e+06  4.54448237e+01  4.78630092e+06  1.84960348e+01
 4.82317848e+06  4.51978335e+01  4.82317848e+06  1.82804476e+01
 4.86034018e+06  4.49531987e+01  4.86034018e+06  1.80747274e+01
 4.89778819e+06  4.47122600e+01  4.89778819e+06  1.78787902e+01
 4.93552474e+06  4.44731085e+01  4.93552474e+06  1.76913783e+01
 4.97355204e+06  4.42372352e+01  4.97355204e+06  1.75138728e+01
 5.01187234e+06  4.40038449e+01  5.01187234e+06  1.73437149e+01
 5.05048788e+06  4.37729466e+01  5.05048788e+06  1.71816414e+01
 5.08940095e+06  4.35443044e+01  5.08940095e+06  1.70260311e+01
 5.12861384e+06  4.33185006e+01  5.12861384e+06  1.68788073e+01
 5.16812886e+06  4.30940659e+01  5.16812886e+06  1.67394265e+01
 5.20794833e+06  4.28725876e+01  5.20794833e+06  1.66040619e+01
 5.24807460e+06  4.26525681e+01  5.24807460e+06  1.64761713e+01
 5.28851004e+06  4.24351731e+01  5.28851004e+06  1.63552376e+01
 5.32925703e+06  4.22194424e+01  5.32925703e+06  1.62371298e+01
 5.37031796e+06  4.20050144e+01  5.37031796e+06  1.61254161e+01
 5.41169527e+06  4.17934195e+01  5.41169527e+06  1.60185744e+01
 5.45339137e+06  4.15828943e+01  5.45339137e+06  1.59195451e+01
 5.49540874e+06  4.13745955e+01  5.49540874e+06  1.58221989e+01
 5.53774984e+06  4.11672389e+01  5.53774984e+06  1.57308147e+01
 5.58041717e+06  4.09625605e+01  5.58041717e+06  1.56423427e+01
 5.62341325e+06  4.07587952e+01  5.62341325e+06  1.55603608e+01
 5.66674061e+06  4.05563958e+01  5.66674061e+06  1.54791510e+01
 5.71040179e+06  4.03560201e+01  5.71040179e+06  1.54054984e+01
 5.75439937e+06  4.01567016e+01  5.75439937e+06  1.53342133e+01
 5.79873595e+06  3.99587387e+01  5.79873595e+06  1.52670432e+01
 5.84341413e+06  3.97620946e+01  5.84341413e+06  1.52015346e+01
 5.88843655e+06  3.95670537e+01  5.88843655e+06  1.51415763e+01
 5.93380586e+06  3.93731928e+01  5.93380586e+06  1.50849072e+01
 5.97952473e+06  3.91802729e+01  5.97952473e+06  1.50309028e+01
 6.02559586e+06  3.89889175e+01  6.02559586e+06  1.49795717e+01
 6.07202196e+06  3.87985122e+01  6.07202196e+06  1.49318797e+01
 6.11880576e+06  3.86091791e+01  6.11880576e+06  1.48867001e+01
 6.16595002e+06  3.84213944e+01  6.16595002e+06  1.48451597e+01
 6.21345752e+06  3.82342615e+01  6.21345752e+06  1.48041775e+01
 6.26133105e+06  3.80485745e+01  6.26133105e+06  1.47677023e+01
 6.30957344e+06  3.78632152e+01  6.30957344e+06  1.47339295e+01
 6.35818754e+06  3.76791295e+01  6.35818754e+06  1.47006873e+01
 6.40717619e+06  3.74963549e+01  6.40717619e+06  1.46728519e+01
 6.45654229e+06  3.73141149e+01  6.45654229e+06  1.46479344e+01
 6.50628875e+06  3.71330919e+01  6.50628875e+06  1.46236025e+01
 6.55641849e+06  3.69527679e+01  6.55641849e+06  1.45991158e+01
 6.60693448e+06  3.67733761e+01  6.60693448e+06  1.45823708e+01
 6.65783968e+06  3.65943851e+01  6.65783968e+06  1.45631052e+01
 6.70913710e+06  3.64174349e+01  6.70913710e+06  1.45478741e+01
 6.76082975e+06  3.62402013e+01  6.76082975e+06  1.45345340e+01
 6.81292069e+06  3.60643037e+01  6.81292069e+06  1.45247784e+01
 6.86541298e+06  3.58888676e+01  6.86541298e+06  1.45128502e+01
 6.91830971e+06  3.57131278e+01  6.91830971e+06  1.45089940e+01
 6.97161400e+06  3.55398340e+01  6.97161400e+06  1.45019569e+01
 7.02532899e+06  3.53673035e+01  7.02532899e+06  1.44985060e+01
 7.07945784e+06  3.51938694e+01  7.07945784e+06  1.44964937e+01
 7.13400375e+06  3.50228621e+01  7.13400375e+06  1.44983112e+01
 7.18896992e+06  3.48507113e+01  7.18896992e+06  1.45024143e+01
 7.24435960e+06  3.46804877e+01  7.24435960e+06  1.45034935e+01
 7.30017605e+06  3.45101569e+01  7.30017605e+06  1.45085958e+01
 7.35642254e+06  3.43411654e+01  7.35642254e+06  1.45176356e+01
 7.41310241e+06  3.41720924e+01  7.41310241e+06  1.45288172e+01
 7.47021899e+06  3.40035662e+01  7.47021899e+06  1.45356658e+01
 7.52777564e+06  3.38359988e+01  7.52777564e+06  1.45505528e+01
 7.58577575e+06  3.36686441e+01  7.58577575e+06  1.45620227e+01
 7.64422274e+06  3.35022300e+01  7.64422274e+06  1.45818849e+01
 7.70312006e+06  3.33361253e+01  7.70312006e+06  1.45976985e+01
 7.76247117e+06  3.31705368e+01  7.76247117e+06  1.46173711e+01
 7.82227956e+06  3.30057479e+01  7.82227956e+06  1.46360761e+01
 7.88254877e+06  3.28408899e+01  7.88254877e+06  1.46585557e+01
 7.94328235e+06  3.26762122e+01  7.94328235e+06  1.46839185e+01
 8.00448386e+06  3.25129004e+01  8.00448386e+06  1.47079882e+01
 8.06615692e+06  3.23490797e+01  8.06615692e+06  1.47329406e+01
 8.12830516e+06  3.21866920e+01  8.12830516e+06  1.47623235e+01
 8.19093224e+06  3.20247074e+01  8.19093224e+06  1.47906709e+01
 8.25404185e+06  3.18616151e+01  8.25404185e+06  1.48223333e+01
 8.31763771e+06  3.17017120e+01  8.31763771e+06  1.48535149e+01
 8.38172356e+06  3.15394914e+01  8.38172356e+06  1.48871784e+01
 8.44630319e+06  3.13791695e+01  8.44630319e+06  1.49202711e+01
 8.51138038e+06  3.12175430e+01  8.51138038e+06  1.49572336e+01
 8.57695899e+06  3.10572542e+01  8.57695899e+06  1.49992784e+01
 8.64304286e+06  3.08979608e+01  8.64304286e+06  1.50348789e+01
 8.70963590e+06  3.07386694e+01  8.70963590e+06  1.50790337e+01
 8.77674203e+06  3.05785176e+01  8.77674203e+06  1.51205096e+01
 8.84436519e+06  3.04208395e+01  8.84436519e+06  1.51635115e+01
 8.91250938e+06  3.02615420e+01  8.91250938e+06  1.52078932e+01
 8.98117861e+06  3.01042293e+01  8.98117861e+06  1.52562698e+01
 9.05037692e+06  2.99454649e+01  9.05037692e+06  1.53020221e+01
 9.12010839e+06  2.97880560e+01  9.12010839e+06  1.53525344e+01
 9.19037713e+06  2.96303177e+01  9.19037713e+06  1.54022130e+01
 9.26118728e+06  2.94737506e+01  9.26118728e+06  1.54506990e+01
 9.33254301e+06  2.93167285e+01  9.33254301e+06  1.55056336e+01
 9.40444852e+06  2.91601541e+01  9.40444852e+06  1.55577169e+01
 9.47690805e+06  2.90046847e+01  9.47690805e+06  1.56147097e+01
 9.54992586e+06  2.88475415e+01  9.54992586e+06  1.56692599e+01
 9.62350626e+06  2.86911304e+01  9.62350626e+06  1.57360532e+01
 9.69765359e+06  2.85372486e+01  9.69765359e+06  1.57905130e+01
 9.77237221e+06  2.83805068e+01  9.77237221e+06  1.58569622e+01
 9.84766652e+06  2.82262093e+01  9.84766652e+06  1.59151061e+01
 9.92354096e+06  2.80710454e+01  9.92354096e+06  1.59775903e+01
 1.00000000e+07  2.79164722e+01  1.00000000e+07  1.60409517e+01
 1.00770481e+07  2.77606544e+01  1.00770481e+07  1.61118163e+01
 1.01546899e+07  2.76065612e+01  1.01546899e+07  1.61842409e+01
 1.02329299e+07  2.74517766e+01  1.02329299e+07  1.62469336e+01
 1.03117727e+07  2.72977064e+01  1.03117727e+07  1.63199638e+01
 1.03912230e+07  2.71447259e+01  1.03912230e+07  1.63871013e+01
 1.04712855e+07  2.69904817e+01  1.04712855e+07  1.64634334e+01
 1.05519648e+07  2.68379943e+01  1.05519648e+07  1.65364372e+01
 1.06332657e+07  2.66840959e+01  1.06332657e+07  1.66117690e+01
 1.07151931e+07  2.65301266e+01  1.07151931e+07  1.66919952e+01
 1.07977516e+07  2.63771662e+01  1.07977516e+07  1.67717620e+01
 1.08809463e+07  2.62255565e+01  1.08809463e+07  1.68499406e+01
 1.09647820e+07  2.60706903e+01  1.09647820e+07  1.69298784e+01
 1.10492636e+07  2.59177354e+01  1.10492636e+07  1.70163420e+01
 1.11343961e+07  2.57652770e+01  1.11343961e+07  1.70996880e+01
 1.12201845e+07  2.56118742e+01  1.12201845e+07  1.71883803e+01
 1.13066340e+07  2.54600740e+01  1.13066340e+07  1.72744888e+01
 1.13937495e+07  2.53075138e+01  1.13937495e+07  1.73668658e+01
 1.14815362e+07  2.51540992e+01  1.14815362e+07  1.74549057e+01
 1.15699993e+07  2.50033697e+01  1.15699993e+07  1.75447154e+01
 1.16591440e+07  2.48509181e+01  1.16591440e+07  1.76396284e+01
 1.17489755e+07  2.46969082e+01  1.17489755e+07  1.77410367e+01
 1.18394992e+07  2.45452679e+01  1.18394992e+07  1.78381469e+01
 1.19307204e+07  2.43946094e+01  1.19307204e+07  1.79295729e+01
 1.20226443e+07  2.42417909e+01  1.20226443e+07  1.80291696e+01
 1.21152766e+07  2.40897065e+01  1.21152766e+07  1.81368117e+01
 1.22086225e+07  2.39384558e+01  1.22086225e+07  1.82338356e+01
 1.23026877e+07  2.37874225e+01  1.23026877e+07  1.83346367e+01
 1.23974776e+07  2.36326947e+01  1.23974776e+07  1.84479968e+01
 1.24929979e+07  2.34828133e+01  1.24929979e+07  1.85502938e+01
 1.25892541e+07  2.33310664e+01  1.25892541e+07  1.86586690e+01
 1.26862520e+07  2.31799676e+01  1.26862520e+07  1.87741499e+01
 1.27839972e+07  2.30256508e+01  1.27839972e+07  1.88921935e+01
 1.28824955e+07  2.28763187e+01  1.28824955e+07  1.90021465e+01
 1.29817528e+07  2.27242187e+01  1.29817528e+07  1.91147000e+01
 1.30817747e+07  2.25714339e+01  1.30817747e+07  1.92422917e+01
 1.31825674e+07  2.24205514e+01  1.31825674e+07  1.93557215e+01
 1.32841366e+07  2.22692778e+01  1.32841366e+07  1.94764128e+01
 1.33864884e+07  2.21160618e+01  1.33864884e+07  1.96116309e+01
 1.34896288e+07  2.19629803e+01  1.34896288e+07  1.97325476e+01
 1.35935639e+07  2.18131524e+01  1.35935639e+07  1.98565501e+01
 1.36982998e+07  2.16609064e+01  1.36982998e+07  1.99846405e+01
 1.38038426e+07  2.15111736e+01  1.38038426e+07  2.01075898e+01
 1.39101987e+07  2.13593435e+01  1.39101987e+07  2.02439731e+01
 1.40173742e+07  2.12059140e+01  1.40173742e+07  2.03801570e+01
 1.41253754e+07  2.10526385e+01  1.41253754e+07  2.05187295e+01
 1.42342088e+07  2.09008024e+01  1.42342088e+07  2.06658972e+01
 1.43438808e+07  2.07475883e+01  1.43438808e+07  2.08091553e+01
 1.44543977e+07  2.05962119e+01  1.44543977e+07  2.09512686e+01
 1.45657662e+07  2.04446141e+01  1.45657662e+07  2.10837985e+01
 1.46779927e+07  2.02923736e+01  1.46779927e+07  2.12280216e+01
 1.47910839e+07  2.01398320e+01  1.47910839e+07  2.13800741e+01
 1.49050464e+07  1.99867324e+01  1.49050464e+07  2.15276410e+01
 1.50198870e+07  1.98355969e+01  1.50198870e+07  2.16803465e+01
 1.51356125e+07  1.96820359e+01  1.51356125e+07  2.18437268e+01
 1.52522296e+07  1.95297323e+01  1.52522296e+07  2.19973266e+01
 1.53697452e+07  1.93774945e+01  1.53697452e+07  2.21566475e+01
 1.54881662e+07  1.92222177e+01  1.54881662e+07  2.23346967e+01
 1.56074996e+07  1.90706008e+01  1.56074996e+07  2.24726703e+01
 1.57277525e+07  1.89158179e+01  1.57277525e+07  2.26640051e+01
 1.58489319e+07  1.87615443e+01  1.58489319e+07  2.28338091e+01
 1.59710450e+07  1.86118556e+01  1.59710450e+07  2.29852039e+01
 1.60940989e+07  1.84563460e+01  1.60940989e+07  2.31588086e+01
 1.62181010e+07  1.83048188e+01  1.62181010e+07  2.33414484e+01
 1.63430584e+07  1.81464464e+01  1.63430584e+07  2.35434278e+01
 1.64689787e+07  1.79934645e+01  1.64689787e+07  2.37123368e+01
 1.65958691e+07  1.78371812e+01  1.65958691e+07  2.38986539e+01
 1.67237372e+07  1.76834720e+01  1.67237372e+07  2.40895690e+01
 1.68525904e+07  1.75310917e+01  1.68525904e+07  2.42685405e+01
 1.69824365e+07  1.73770820e+01  1.69824365e+07  2.44822981e+01
 1.71132830e+07  1.72239664e+01  1.71132830e+07  2.46620331e+01
 1.72451377e+07  1.70636877e+01  1.72451377e+07  2.48782979e+01
 1.73780083e+07  1.69106212e+01  1.73780083e+07  2.50763575e+01
 1.75119026e+07  1.67559762e+01  1.75119026e+07  2.52687778e+01
 1.76468286e+07  1.65974328e+01  1.76468286e+07  2.54935106e+01
 1.77827941e+07  1.64463751e+01  1.77827941e+07  2.56838851e+01
 1.79198072e+07  1.62858427e+01  1.79198072e+07  2.59298687e+01
 1.80578760e+07  1.61291422e+01  1.80578760e+07  2.61507366e+01
 1.81970086e+07  1.59764120e+01  1.81970086e+07  2.63576340e+01
 1.83372132e+07  1.58183648e+01  1.83372132e+07  2.65887126e+01
 1.84784980e+07  1.56642563e+01  1.84784980e+07  2.68255759e+01
 1.86208714e+07  1.55040678e+01  1.86208714e+07  2.70567124e+01
 1.87643417e+07  1.53468577e+01  1.87643417e+07  2.72947709e+01
 1.89089175e+07  1.51917286e+01  1.89089175e+07  2.75344297e+01
 1.90546072e+07  1.50293447e+01  1.90546072e+07  2.77892795e+01
 1.92014194e+07  1.48710259e+01  1.92014194e+07  2.80293945e+01
 1.93493628e+07  1.47173784e+01  1.93493628e+07  2.82853737e+01
 1.94984460e+07  1.45577507e+01  1.94984460e+07  2.85482513e+01
 1.96486779e+07  1.43921228e+01  1.96486779e+07  2.88125956e+01
 1.98000673e+07  1.42351867e+01  1.98000673e+07  2.90753144e+01
 1.99526231e+07  1.40788469e+01  1.99526231e+07  2.93311534e+01
 2.01063544e+07  1.39189285e+01  2.01063544e+07  2.96433106e+01
 2.02612701e+07  1.37603756e+01  2.02612701e+07  2.98905690e+01
 2.04173794e+07  1.36002424e+01  2.04173794e+07  3.01737092e+01
 2.05746916e+07  1.34387692e+01  2.05746916e+07  3.04757588e+01
 2.07332157e+07  1.32777300e+01  2.07332157e+07  3.07667231e+01
 2.08929613e+07  1.31198653e+01  2.08929613e+07  3.10285376e+01
 2.10539377e+07  1.29537659e+01  2.10539377e+07  3.13609764e+01
 2.12161544e+07  1.27934034e+01  2.12161544e+07  3.16660331e+01
 2.13796209e+07  1.26327834e+01  2.13796209e+07  3.19674885e+01
 2.15443469e+07  1.24671668e+01  2.15443469e+07  3.22970890e+01
 2.17103421e+07  1.23058946e+01  2.17103421e+07  3.26595249e+01
 2.18776162e+07  1.21459082e+01  2.18776162e+07  3.29631872e+01
 2.20461792e+07  1.19805125e+01  2.20461792e+07  3.32750335e+01
 2.22160409e+07  1.18153087e+01  2.22160409e+07  3.36466984e+01
 2.23872114e+07  1.16510856e+01  2.23872114e+07  3.40191804e+01
 2.25597007e+07  1.14885565e+01  2.25597007e+07  3.43662115e+01
 2.27335190e+07  1.13296974e+01  2.27335190e+07  3.46722392e+01
 2.29086765e+07  1.11582451e+01  2.29086765e+07  3.50993225e+01
 2.30851836e+07  1.09970962e+01  2.30851836e+07  3.54466688e+01
 2.32630507e+07  1.08303248e+01  2.32630507e+07  3.58141024e+01
 2.34422882e+07  1.06666052e+01  2.34422882e+07  3.61901094e+01
 2.36229066e+07  1.05042895e+01  2.36229066e+07  3.65799053e+01
 2.38049167e+07  1.03334972e+01  2.38049167e+07  3.70246598e+01
 2.39883292e+07  1.01674059e+01  2.39883292e+07  3.74334615e+01
 2.41731548e+07  1.00053680e+01  2.41731548e+07  3.78543917e+01
 2.43594045e+07  9.83527114e+00  2.43594045e+07  3.82817592e+01
 2.45470892e+07  9.66567832e+00  2.45470892e+07  3.87658163e+01
 2.47362199e+07  9.50433836e+00  2.47362199e+07  3.91401197e+01
 2.49268079e+07  9.33506857e+00  2.49268079e+07  3.95999097e+01
 2.51188643e+07  9.16667597e+00  2.51188643e+07  4.00625591e+01
 2.53124005e+07  8.99708785e+00  2.53124005e+07  4.05446341e+01
 2.55074278e+07  8.83564757e+00  2.55074278e+07  4.10225067e+01
 2.57039578e+07  8.66587704e+00  2.57039578e+07  4.14357717e+01
 2.59020020e+07  8.49594747e+00  2.59020020e+07  4.19962313e+01
 2.61015722e+07  8.32463400e+00  2.61015722e+07  4.25701460e+01
 2.63026799e+07  8.15162958e+00  2.63026799e+07  4.30690066e+01
 2.65053372e+07  7.98354399e+00  2.65053372e+07  4.35329337e+01
 2.67095559e+07  7.81921440e+00  2.67095559e+07  4.41270497e+01
 2.69153480e+07  7.65097240e+00  2.69153480e+07  4.46594482e+01
 2.71227258e+07  7.47371857e+00  2.71227258e+07  4.52287019e+01
 2.73317014e+07  7.30916606e+00  2.73317014e+07  4.57967087e+01
 2.75422870e+07  7.13202106e+00  2.75422870e+07  4.64095561e+01
 2.77544952e+07  6.96863103e+00  2.77544952e+07  4.69550608e+01
 2.79683385e+07  6.80218552e+00  2.79683385e+07  4.76500651e+01
 2.81838293e+07  6.62436626e+00  2.81838293e+07  4.82559159e+01
 2.84009805e+07  6.46350658e+00  2.84009805e+07  4.88868086e+01
 2.86198048e+07  6.29616405e+00  2.86198048e+07  4.95388756e+01
 2.88403150e+07  6.12012946e+00  2.88403150e+07  5.00941106e+01
 2.90625243e+07  5.94296961e+00  2.90625243e+07  5.08771260e+01
 2.92864456e+07  5.77778210e+00  2.92864456e+07  5.14856754e+01
 2.95120923e+07  5.61673463e+00  2.95120923e+07  5.22493762e+01
 2.97394775e+07  5.44581785e+00  2.97394775e+07  5.28862106e+01
 2.99686146e+07  5.27612387e+00  2.99686146e+07  5.36357450e+01
 3.01995172e+07  5.12059303e+00  3.01995172e+07  5.44645817e+01
 3.04321989e+07  4.94467454e+00  3.04321989e+07  5.51678606e+01
 3.06666733e+07  4.77355935e+00  3.06666733e+07  5.59793941e+01
 3.09029543e+07  4.60938231e+00  3.09029543e+07  5.67726629e+01
 3.11410558e+07  4.44714368e+00  3.11410558e+07  5.76193941e+01
 3.13809919e+07  4.29129788e+00  3.13809919e+07  5.85511475e+01
 3.16227766e+07  4.10827095e+00  3.16227766e+07  5.90361959e+01
 3.18664242e+07  3.94812550e+00  3.18664242e+07  6.01385220e+01
 3.21119491e+07  3.79024031e+00  3.21119491e+07  6.09854634e+01
 3.23593657e+07  3.61743554e+00  3.23593657e+07  6.19545395e+01
 3.26086886e+07  3.48202170e+00  3.26086886e+07  6.27191174e+01
 3.28599325e+07  3.32795607e+00  3.28599325e+07  6.38703778e+01
 3.31131121e+07  3.15257333e+00  3.31131121e+07  6.45135098e+01
 3.33682425e+07  2.99705582e+00  3.33682425e+07  6.56297592e+01
 3.36253386e+07  2.84262250e+00  3.36253386e+07  6.66959366e+01
 3.38844156e+07  2.68776214e+00  3.38844156e+07  6.76412830e+01
 3.41454887e+07  2.56452685e+00  3.41454887e+07  6.87842875e+01
 3.44085734e+07  2.40239686e+00  3.44085734e+07  6.98941159e+01
 3.46736850e+07  2.25220901e+00  3.46736850e+07  7.06732341e+01
 3.49408393e+07  2.12369520e+00  3.49408393e+07  7.19770351e+01
 3.52100520e+07  1.96501145e+00  3.52100520e+07  7.29328818e+01
 3.54813389e+07  1.85454408e+00  3.54813389e+07  7.41179487e+01
 3.57547160e+07  1.67729497e+00  3.57547160e+07  7.50422411e+01
 3.60301995e+07  1.57630132e+00  3.60301995e+07  7.65853401e+01
 3.63078055e+07  1.43381710e+00  3.63078055e+07  7.75211070e+01
 3.65875504e+07  1.27256775e+00  3.65875504e+07  7.86692966e+01
 3.68694506e+07  1.18342391e+00  3.68694506e+07  7.98869217e+01
 3.71535229e+07  1.06520593e+00  3.71535229e+07  8.11127534e+01
 3.74397839e+07  9.66346184e-01  3.74397839e+07  8.25565561e+01
 3.77282505e+07  8.71547220e-01  3.77282505e+07  8.36859793e+01
 3.80189396e+07  7.25167526e-01  3.80189396e+07  8.50315563e+01
 3.83118685e+07  6.10788005e-01  3.83118685e+07  8.60325503e+01
 3.86070543e+07  4.75268695e-01  3.86070543e+07  8.72619540e+01
 3.89045145e+07  3.69399156e-01  3.89045145e+07  8.83942709e+01
 3.92042666e+07  3.08452700e-01  3.92042666e+07  8.98577104e+01
 3.95063281e+07  2.42920150e-01  3.95063281e+07  9.10871031e+01
 3.98107171e+07  1.99602510e-01  3.98107171e+07  9.28711556e+01
 4.01174512e+07  5.72146047e-02  4.01174512e+07  9.42071809e+01
 4.04265487e+07  -4.62165651e-02  4.04265487e+07  9.49973309e+01
 4.07380278e+07  -9.69772411e-02  4.07380278e+07  9.61656201e+01
 4.10519067e+07  -1.97417623e-01  4.10519067e+07  9.79370904e+01
 4.13682040e+07  -2.38960853e-01  4.13682040e+07  9.89394766e+01
 4.16869383e+07  -1.98613474e-01  4.16869383e+07  1.01029717e+02
 4.20081285e+07  -3.02042151e-01  4.20081285e+07  1.02186967e+02
 4.23317933e+07  -3.77645516e-01  4.23317933e+07  1.03608887e+02
 4.26579519e+07  -3.73987860e-01  4.26579519e+07  1.04508258e+02
 4.29866235e+07  -4.38653237e-01  4.29866235e+07  1.06253349e+02
 4.33178274e+07  -5.59373568e-01  4.33178274e+07  1.07303221e+02
 4.36515832e+07  -6.40559730e-01  4.36515832e+07  1.08265826e+02
 4.39879106e+07  -5.69131449e-01  4.39879106e+07  1.09433668e+02
 4.43268292e+07  -8.14522597e-01  4.43268292e+07  1.11477791e+02
 4.46683592e+07  -6.34207177e-01  4.46683592e+07  1.12446091e+02
 4.50125206e+07  -6.38877233e-01  4.50125206e+07  1.13300811e+02
 4.53593337e+07  -7.17545574e-01  4.53593337e+07  1.14740535e+02
 4.57088190e+07  -6.38571008e-01  4.57088190e+07  1.16554051e+02
 4.60609969e+07  -7.10950436e-01  4.60609969e+07  1.17344450e+02
 4.64158883e+07  -7.03835311e-01  4.64158883e+07  1.18158814e+02
 4.67735141e+07  -7.30116462e-01  4.67735141e+07  1.19720142e+02
 4.71338954e+07  -6.72534194e-01  4.71338954e+07  1.19053700e+02
 4.74970533e+07  -7.12799855e-01  4.74970533e+07  1.22396838e+02
 4.78630092e+07  -6.32548760e-01  4.78630092e+07  1.22722986e+02
 4.82317848e+07  -6.53612541e-01  4.82317848e+07  1.25073484e+02
 4.86034018e+07  -5.44136803e-01  4.86034018e+07  1.24814525e+02
 4.89778819e+07  -6.91044716e-01  4.89778819e+07  1.26222051e+02
 4.93552474e+07  -6.07107030e-01  4.93552474e+07  1.25880877e+02
 4.97355204e+07  -5.37340674e-01  4.97355204e+07  1.27898632e+02
 5.01187234e+07  -7.04277399e-01  5.01187234e+07  1.29724723e+02
 5.05048788e+07  -4.41466789e-01  5.05048788e+07  1.29233206e+02
 5.08940095e+07  -5.58427698e-01  5.08940095e+07  1.32547378e+02
 5.12861384e+07  -5.08257685e-01  5.12861384e+07  1.32066822e+02
 5.16812886e+07  -4.01509238e-01  5.16812886e+07  1.33965809e+02
 5.20794833e+07  -4.49665759e-01  5.20794833e+07  1.33926014e+02
 5.24807460e+07  -4.26159593e-01  5.24807460e+07  1.35176017e+02
 5.28851004e+07  -3.35154237e-01  5.28851004e+07  1.35785932e+02
 5.32925703e+07  -4.45619797e-01  5.32925703e+07  1.37745921e+02
 5.37031796e+07  -2.98105230e-01  5.37031796e+07  1.38578694e+02
 5.41169527e+07  -2.80845825e-01  5.41169527e+07  1.39128902e+02
 5.45339137e+07  -1.89771519e-01  5.45339137e+07  1.39776494e+02
 5.49540874e+07  -2.33635619e-01  5.49540874e+07  1.40545594e+02
 5.53774984e+07  -2.19460269e-01  5.53774984e+07  1.41372505e+02
 5.58041717e+07  -1.15038251e-01  5.58041717e+07  1.43178777e+02
 5.62341325e+07  -1.01343606e-01  5.62341325e+07  1.42162575e+02
 5.66674061e+07  -4.48049006e-02  5.66674061e+07  1.44529926e+02
 5.71040179e+07  -8.62358374e-02  5.71040179e+07  1.45154777e+02
 5.75439937e+07  3.27018224e-02  5.75439937e+07  1.45916895e+02
 5.79873595e+07  3.63835531e-02  5.79873595e+07  1.47229104e+02
 5.84341413e+07  2.14447091e-01  5.84341413e+07  1.47704418e+02
 5.88843655e+07  3.05529653e-01  5.88843655e+07  1.47581525e+02
 5.93380586e+07  1.66227024e-01  5.93380586e+07  1.49892323e+02
 5.97952473e+07  2.07264043e-01  5.97952473e+07  1.49620224e+02
 6.02559586e+07  2.60002898e-01  6.02559586e+07  1.49510688e+02
 6.07202196e+07  2.44403254e-01  6.07202196e+07  1.51277063e+02
 6.11880576e+07  3.63659815e-01  6.11880576e+07  1.51260989e+02
 6.16595002e+07  4.38117677e-01  6.16595002e+07  1.51859281e+02
 6.21345752e+07  4.55607771e-01  6.21345752e+07  1.52697139e+02
 6.26133105e+07  5.64179588e-01  6.26133105e+07  1.53190969e+02
 6.30957344e+07  4.32057707e-01  6.30957344e+07  1.53931086e+02
 6.35818754e+07  5.90697238e-01  6.35818754e+07  1.54080376e+02
 6.40717619e+07  6.94241947e-01  6.40717619e+07  1.53985446e+02
 6.45654229e+07  6.98485737e-01  6.45654229e+07  1.55290301e+02
 6.50628875e+07  7.42061489e-01  6.50628875e+07  1.55627622e+02
 6.55641849e+07  7.93602720e-01  6.55641849e+07  1.57235306e+02
 6.60693448e+07  8.57202484e-01  6.60693448e+07  1.56353258e+02
 6.65783968e+07  8.13779087e-01  6.65783968e+07  1.57959224e+02
 6.70913710e+07  8.93975574e-01  6.70913710e+07  1.57970764e+02
 6.76082975e+07  7.91594597e-01  6.76082975e+07  1.58665892e+02
 6.81292069e+07  8.91150899e-01  6.81292069e+07  1.59424258e+02
 6.86541298e+07  9.20825504e-01  6.86541298e+07  1.60710387e+02
 6.91830971e+07  1.10406951e+00  6.91830971e+07  1.60081595e+02
 6.97161400e+07  1.08511199e+00  6.97161400e+07  1.60531787e+02
 7.02532899e+07  1.12833530e+00  7.02532899e+07  1.61234681e+02
 7.07945784e+07  1.36223332e+00  7.07945784e+07  1.61448785e+02
 7.13400375e+07  1.11292129e+00  7.13400375e+07  1.62824367e+02
 7.18896992e+07  1.24227109e+00  7.18896992e+07  1.61743228e+02
 7.24435960e+07  1.29937394e+00  7.24435960e+07  1.62719965e+02
 7.30017605e+07  1.27052225e+00  7.30017605e+07  1.63134497e+02
 7.35642254e+07  1.53254331e+00  7.35642254e+07  1.64721977e+02
 7.41310241e+07  1.43938057e+00  7.41310241e+07  1.64163571e+02
 7.47021899e+07  1.45522084e+00  7.47021899e+07  1.64870569e+02
 7.52777564e+07  1.37544582e+00  7.52777564e+07  1.65081055e+02
 7.58577575e+07  1.53859959e+00  7.58577575e+07  1.65770771e+02
 7.64422274e+07  1.66358243e+00  7.64422274e+07  1.65948070e+02
 7.70312006e+07  1.67413508e+00  7.70312006e+07  1.66568000e+02
 7.76247117e+07  1.75421690e+00  7.76247117e+07  1.67098433e+02
 7.82227956e+07  1.72526239e+00  7.82227956e+07  1.67565465e+02
 7.88254877e+07  1.63554742e+00  7.88254877e+07  1.67912140e+02
 7.94328235e+07  1.76559181e+00  7.94328235e+07  1.68030295e+02
 8.00448386e+07  1.90476067e+00  8.00448386e+07  1.68185425e+02
 8.06615692e+07  1.88384274e+00  8.06615692e+07  1.68622613e+02
 8.12830516e+07  2.00687213e+00  8.12830516e+07  1.68494907e+02
 8.19093224e+07  1.89179070e+00  8.19093224e+07  1.69664211e+02
 8.25404185e+07  2.02014838e+00  8.25404185e+07  1.69562725e+02
 8.31763771e+07  2.00111056e+00  8.31763771e+07  1.70520694e+02
 8.38172356e+07  2.02757134e+00  8.38172356e+07  1.70930858e+02
 8.44630319e+07  2.10813568e+00  8.44630319e+07  1.70878638e+02
 8.51138038e+07  2.02696182e+00  8.51138038e+07  1.71579476e+02
 8.57695899e+07  2.27524475e+00  8.57695899e+07  1.71415525e+02
 8.64304286e+07  2.05294888e+00  8.64304286e+07  1.72336790e+02
 8.70963590e+07  2.26981288e+00  8.70963590e+07  1.71850536e+02
 8.77674203e+07  2.37390261e+00  8.77674203e+07  1.72310138e+02
 8.84436519e+07  2.31131791e+00  8.84436519e+07  1.72878648e+02
 8.91250938e+07  2.31830249e+00  8.91250938e+07  1.72799064e+02
 8.98117861e+07  2.24743245e+00  8.98117861e+07  1.73139748e+02
 9.05037692e+07  2.42721206e+00  9.05037692e+07  1.73829184e+02
 9.12010839e+07  2.44434672e+00  9.12010839e+07  1.73705862e+02
 9.19037713e+07  2.55859837e+00  9.19037713e+07  1.73873645e+02
 9.26118728e+07  2.50063429e+00  9.26118728e+07  1.74878275e+02
 9.33254301e+07  2.46936835e+00  9.33254301e+07  1.74936292e+02
 9.40444852e+07  2.50175558e+00  9.40444852e+07  1.75529416e+02
 9.47690805e+07  2.59571542e+00  9.47690805e+07  1.75466835e+02
 9.54992586e+07  2.53869981e+00  9.54992586e+07  1.75636679e+02
 9.62350626e+07  2.73870608e+00  9.62350626e+07  1.76046886e+02
 9.69765359e+07  2.76421667e+00  9.69765359e+07  1.76023258e+02
 9.77237221e+07  2.67796365e+00  9.77237221e+07  1.76739396e+02
 9.84766652e+07  2.77289528e+00  9.84766652e+07  1.76824484e+02
 9.92354096e+07  2.76629681e+00  9.92354096e+07  1.77071041e+02
 1.00000000e+08  2.73030298e+00  1.00000000e+08  1.77301102e+02
 1.00770481e+08  2.68419150e+00  1.00770481e+08  1.77941107e+02
 1.01546899e+08  2.90101292e+00  1.01546899e+08  1.78188204e+02
 1.02329299e+08  3.03879709e+00  1.02329299e+08  1.78052442e+02
 1.03117727e+08  3.03180208e+00  1.03117727e+08  1.78568083e+02
 1.03912230e+08  3.02104593e+00  1.03912230e+08  1.78510294e+02
 1.04712855e+08  3.05757533e+00  1.04712855e+08  1.78890100e+02
 1.05519648e+08  3.21096662e+00  1.05519648e+08  1.79382139e+02
 1.06332657e+08  3.18995450e+00  1.06332657e+08  1.79296594e+02
 1.07151931e+08  3.17012329e+00  1.07151931e+08  1.79626406e+02
 1.07977516e+08  3.15857996e+00  1.07977516e+08  1.79958633e+02
 1.08809463e+08  3.23992539e+00  1.08809463e+08  1.80146454e+02
 1.09647820e+08  3.21938078e+00  1.09647820e+08  1.80272351e+02
 1.10492636e+08  3.39121292e+00  1.10492636e+08  1.80354370e+02
 1.11343961e+08  3.28570538e+00  1.11343961e+08  1.80919696e+02
 1.12201845e+08  3.28944666e+00  1.12201845e+08  1.81257952e+02
 1.13066340e+08  3.35639085e+00  1.13066340e+08  1.81402220e+02
 1.13937495e+08  3.36854056e+00  1.13937495e+08  1.81349255e+02
 1.14815362e+08  3.44380145e+00  1.14815362e+08  1.81910407e+02
 1.15699993e+08  3.35682179e+00  1.15699993e+08  1.81981672e+02
 1.16591440e+08  3.65183118e+00  1.16591440e+08  1.81843866e+02
 1.17489755e+08  3.43787587e+00  1.17489755e+08  1.82459591e+02
 1.18394992e+08  3.53678977e+00  1.18394992e+08  1.82469727e+02
 1.19307204e+08  3.54183553e+00  1.19307204e+08  1.82901786e+02
 1.20226443e+08  3.65213551e+00  1.20226443e+08  1.83017536e+02
 1.21152766e+08  3.66877673e+00  1.21152766e+08  1.83534578e+02
 1.22086225e+08  3.67476382e+00  1.22086225e+08  1.83517733e+02
 1.23026877e+08  3.57683079e+00  1.23026877e+08  1.83534315e+02
 1.23974776e+08  3.81412562e+00  1.23974776e+08  1.83686669e+02
 1.24929979e+08  3.82541128e+00  1.24929979e+08  1.84216185e+02
 1.25892541e+08  3.72837046e+00  1.25892541e+08  1.84022718e+02
 1.26862520e+08  3.86336060e+00  1.26862520e+08  1.84304869e+02
 1.27839972e+08  3.86915176e+00  1.27839972e+08  1.84559955e+02
 1.28824955e+08  3.90557931e+00  1.28824955e+08  1.84423580e+02
 1.29817528e+08  4.04761645e+00  1.29817528e+08  1.84606596e+02
 1.30817747e+08  4.18649098e+00  1.30817747e+08  1.84711304e+02
 1.31825674e+08  4.11871928e+00  1.31825674e+08  1.85341723e+02
 1.32841366e+08  4.00507000e+00  1.32841366e+08  1.85635741e+02
 1.33864884e+08  4.03772720e+00  1.33864884e+08  1.85317702e+02
 1.34896288e+08  4.18878863e+00  1.34896288e+08  1.85967454e+02
 1.35935639e+08  4.24232604e+00  1.35935639e+08  1.85657416e+02
 1.36982998e+08  4.13715478e+00  1.36982998e+08  1.85943298e+02
 1.38038426e+08  4.18092401e+00  1.38038426e+08  1.86257780e+02
 1.39101987e+08  4.37394688e+00  1.39101987e+08  1.86005686e+02
 1.40173742e+08  4.41208229e+00  1.40173742e+08  1.86224905e+02
 1.41253754e+08  4.58904984e+00  1.41253754e+08  1.86408489e+02
 1.42342088e+08  4.50625913e+00  1.42342088e+08  1.86499845e+02
 1.43438808e+08  4.25110295e+00  1.43438808e+08  1.87196178e+02
 1.44543977e+08  4.44392512e+00  1.44543977e+08  1.86692482e+02
 1.45657662e+08  4.19527293e+00  1.45657662e+08  1.87124620e+02
 1.46779927e+08  4.56513410e+00  1.46779927e+08  1.87133263e+02
 1.47910839e+08  4.45204234e+00  1.47910839e+08  1.87124292e+02
 1.49050464e+08  4.69220166e+00  1.49050464e+08  1.87383691e+02
 1.50198870e+08  4.76130503e+00  1.50198870e+08  1.87643778e+02
 1.51356125e+08  4.64963435e+00  1.51356125e+08  1.87824766e+02
 1.52522296e+08  4.56600220e+00  1.52522296e+08  1.87867577e+02
 1.53697452e+08  4.79808830e+00  1.53697452e+08  1.88196502e+02
 1.54881662e+08  4.88248462e+00  1.54881662e+08  1.87997640e+02
 1.56074996e+08  4.61001076e+00  1.56074996e+08  1.88498997e+02
 1.57277525e+08  5.04371148e+00  1.57277525e+08  1.87927385e+02
 1.58489319e+08  5.12934548e+00  1.58489319e+08  1.87901152e+02
 1.59710450e+08  4.84722508e+00  1.59710450e+08  1.88494555e+02
 1.60940989e+08  4.93753031e+00  1.60940989e+08  1.88511046e+02
 1.62181010e+08  5.01941378e+00  1.62181010e+08  1.88419859e+02
 1.63430584e+08  5.11527579e+00  1.63430584e+08  1.88077124e+02
 1.64689787e+08  5.21777457e+00  1.64689787e+08  1.88656738e+02
 1.65958691e+08  4.73050344e+00  1.65958691e+08  1.89204863e+02
 1.67237372e+08  5.02012427e+00  1.67237372e+08  1.88961667e+02
 1.68525904e+08  5.13387132e+00  1.68525904e+08  1.88729654e+02
 1.69824365e+08  5.02995010e+00  1.69824365e+08  1.89219667e+02
 1.71132830e+08  5.35238876e+00  1.71132830e+08  1.89208511e+02
 1.72451377e+08  5.04130861e+00  1.72451377e+08  1.89535411e+02
 1.73780083e+08  4.94185260e+00  1.73780083e+08  1.89426207e+02
 1.75119026e+08  5.26309988e+00  1.75119026e+08  1.88965684e+02
 1.76468286e+08  5.40963279e+00  1.76468286e+08  1.89324872e+02
 1.77827941e+08  5.07711979e+00  1.77827941e+08  1.89926443e+02
 1.79198072e+08  5.43364599e+00  1.79198072e+08  1.89497130e+02
 1.80578760e+08  5.32212030e+00  1.80578760e+08  1.89354444e+02
 1.81970086e+08  4.99645410e+00  1.81970086e+08  1.89885932e+02
 1.83372132e+08  5.37071217e+00  1.83372132e+08  1.89956934e+02
 1.84784980e+08  5.76117930e+00  1.84784980e+08  1.89484792e+02
 1.86208714e+08  5.67054395e+00  1.86208714e+08  1.90037814e+02
 1.87643417e+08  5.57273133e+00  1.87643417e+08  1.89762861e+02
 1.89089175e+08  5.98366527e+00  1.89089175e+08  1.89446947e+02
 1.90546072e+08  5.62374670e+00  1.90546072e+08  1.89700796e+02
 1.92014194e+08  5.79512802e+00  1.92014194e+08  1.89855459e+02
 1.93493628e+08  5.97271125e+00  1.93493628e+08  1.89927958e+02
 1.94984460e+08  5.58914125e+00  1.94984460e+08  1.89645460e+02
 1.96486779e+08  5.76873136e+00  1.96486779e+08  1.89836839e+02
 1.98000673e+08  5.66424074e+00  1.98000673e+08  1.90081009e+02
 1.99526231e+08  5.84002077e+00  1.99526231e+08  1.90028619e+02
 2.01063544e+08  6.04499517e+00  2.01063544e+08  1.89763073e+02
 2.02612701e+08  5.93344042e+00  2.02612701e+08  1.89847471e+02
 2.04173794e+08  6.14480235e+00  2.04173794e+08  1.90500280e+02
 2.05746916e+08  6.35615068e+00  2.05746916e+08  1.90149948e+02
 2.07332157e+08  5.92910158e+00  2.07332157e+08  1.89997879e+02
 2.08929613e+08  5.83552075e+00  2.08929613e+08  1.89956771e+02
 2.10539377e+08  6.04491381e+00  2.10539377e+08  1.89765055e+02
 2.12161544e+08  5.93088495e+00  2.12161544e+08  1.89929290e+02
 2.13796209e+08  6.49254642e+00  2.13796209e+08  1.89988067e+02
 2.15443469e+08  6.06529253e+00  2.15443469e+08  1.90071881e+02
 2.17103421e+08  5.95627252e+00  2.17103421e+08  1.89702889e+02
 2.18776162e+08  5.85432483e+00  2.18776162e+08  1.90237266e+02
 2.20461792e+08  6.08949694e+00  2.20461792e+08  1.90168661e+02
 2.22160409e+08  6.70206947e+00  2.22160409e+08  1.89945801e+02
 2.23872114e+08  6.22397305e+00  2.23872114e+08  1.89588203e+02
 2.25597007e+08  7.26474536e+00  2.25597007e+08  1.89427156e+02
 2.27335190e+08  6.38571248e+00  2.27335190e+08  1.89925518e+02
 2.29086765e+08  6.66499528e+00  2.29086765e+08  1.89604317e+02
 2.30851836e+08  5.81457101e+00  2.30851836e+08  1.89812770e+02
 2.32630507e+08  6.07076704e+00  2.32630507e+08  1.89875665e+02
 2.34422882e+08  6.35148363e+00  2.34422882e+08  1.89670768e+02
 2.36229066e+08  7.06190649e+00  2.36229066e+08  1.89428617e+02
 2.38049167e+08  6.95367695e+00  2.38049167e+08  1.89570767e+02
 2.39883292e+08  6.02814098e+00  2.39883292e+08  1.89762522e+02
 2.41731548e+08  7.18500832e+00  2.41731548e+08  1.89401168e+02
 2.43594045e+08  6.21202345e+00  2.43594045e+08  1.89299151e+02
 2.45470892e+08  6.97427247e+00  2.45470892e+08  1.89799337e+02
 2.47362199e+08  6.86082275e+00  2.47362199e+08  1.89146611e+02
 2.49268079e+08  6.32347151e+00  2.49268079e+08  1.89543259e+02
 2.51188643e+08  6.20847532e+00  2.51188643e+08  1.89582563e+02
 2.53124005e+08  6.54474325e+00  2.53124005e+08  1.89309347e+02
 2.55074278e+08  6.42703917e+00  2.55074278e+08  1.89187194e+02
 2.57039578e+08  6.31977003e+00  2.57039578e+08  1.89708680e+02
 2.59020020e+08  5.76576118e+00  2.59020020e+08  1.89205485e+02
 2.61015722e+08  6.56870410e+00  2.61015722e+08  1.89230352e+02
 2.63026799e+08  6.44827959e+00  2.63026799e+08  1.88813849e+02
 2.65053372e+08  6.83090983e+00  2.65053372e+08  1.89068210e+02
 2.67095559e+08  6.22754423e+00  2.67095559e+08  1.88850518e+02
 2.69153480e+08  6.59990909e+00  2.69153480e+08  1.88574978e+02
 2.71227258e+08  6.49586922e+00  2.71227258e+08  1.88627940e+02
 2.73317014e+08  6.37795221e+00  2.73317014e+08  1.88747710e+02
 2.75422870e+08  6.26138989e+00  2.75422870e+08  1.88356468e+02
 2.77544952e+08  6.68069583e+00  2.77544952e+08  1.88499172e+02
 2.79683385e+08  7.12090298e+00  2.79683385e+08  1.88496025e+02
 2.81838293e+08  5.94087807e+00  2.81838293e+08  1.88432688e+02
 2.84009805e+08  6.34155283e+00  2.84009805e+08  1.88492862e+02
 2.86198048e+08  7.36513334e+00  2.86198048e+08  1.88574365e+02
 2.88403150e+08  6.66960608e+00  2.88403150e+08  1.88080560e+02
 2.90625243e+08  5.97047788e+00  2.90625243e+08  1.88313648e+02
 2.92864456e+08  6.42404491e+00  2.92864456e+08  1.88219054e+02
 2.95120923e+08  7.54273394e+00  2.95120923e+08  1.88131475e+02
 2.97394775e+08  6.79790295e+00  2.97394775e+08  1.87635673e+02
 2.99686146e+08  6.08388967e+00  2.99686146e+08  1.87651041e+02
 3.01995172e+08  6.57969983e+00  3.01995172e+08  1.87919257e+02
 3.04321989e+08  6.45460037e+00  3.04321989e+08  1.87946472e+02
 3.06666733e+08  7.64863665e+00  3.06666733e+08  1.87723404e+02
 3.09029543e+08  7.52664635e+00  3.09029543e+08  1.87206065e+02
 3.11410558e+08  7.41534504e+00  3.11410558e+08  1.87114942e+02
 3.13809919e+08  6.60269762e+00  3.13809919e+08  1.87683436e+02
 3.16227766e+08  6.48143868e+00  3.16227766e+08  1.87222739e+02
 3.18664242e+08  7.80502617e+00  3.18664242e+08  1.86766167e+02
 3.21119491e+08  6.93480574e+00  3.21119491e+08  1.86799404e+02
 3.23593657e+08  6.80929099e+00  3.23593657e+08  1.87040408e+02
 3.26086886e+08  7.45021535e+00  3.26086886e+08  1.86868833e+02
 3.28599325e+08  6.57858622e+00  3.28599325e+08  1.86877210e+02
 3.31131121e+08  7.19730482e+00  3.31131121e+08  1.86992721e+02
 3.33682425e+08  7.90327691e+00  3.33682425e+08  1.86455022e+02
 3.36253386e+08  6.94250448e+00  3.36253386e+08  1.86595861e+02
 3.38844156e+08  7.65115081e+00  3.38844156e+08  1.86286866e+02
 3.41454887e+08  6.70638716e+00  3.41454887e+08  1.86322866e+02
 3.44085734e+08  6.57511858e+00  3.44085734e+08  1.86362803e+02
 3.46736850e+08  7.29121094e+00  3.46736850e+08  1.86200094e+02
 3.49408393e+08  7.16977689e+00  3.49408393e+08  1.85871027e+02
 3.52100520e+08  7.04704976e+00  3.52100520e+08  1.85967872e+02
 3.54813389e+08  7.81177168e+00  3.54813389e+08  1.85613990e+02
 3.57547160e+08  7.69200413e+00  3.57547160e+08  1.85534248e+02
 3.60301995e+08  7.58165365e+00  3.60301995e+08  1.85763665e+02
 3.63078055e+08  7.43278958e+00  3.63078055e+08  1.85891838e+02
 3.65875504e+08  9.48349902e+00  3.65875504e+08  1.85570484e+02
 3.68694506e+08  8.20915039e+00  3.68694506e+08  1.85718215e+02
 3.71535229e+08  8.07944830e+00  3.71535229e+08  1.85521855e+02
 3.74397839e+08  6.94750495e+00  3.74397839e+08  1.85316309e+02
 3.77282505e+08  6.82259542e+00  3.77282505e+08  1.85513234e+02
 3.80189396e+08  5.77739250e+00  3.80189396e+08  1.85309082e+02
 3.83118685e+08  7.56323820e+00  3.83118685e+08  1.84980610e+02
 3.86070543e+08  7.45811140e+00  3.86070543e+08  1.84791645e+02
 3.89045145e+08  5.40415921e+00  3.89045145e+08  1.84772890e+02
 3.92042666e+08  7.18429327e+00  3.92042666e+08  1.85122886e+02
 3.95063281e+08  8.20710965e+00  3.95063281e+08  1.85122419e+02
 3.98107171e+08  6.93097377e+00  3.98107171e+08  1.84585165e+02
 4.01174512e+08  6.80775035e+00  4.01174512e+08  1.84717736e+02
 4.04265487e+08  6.66685175e+00  4.04265487e+08  1.84711397e+02
 4.07380278e+08  6.54834354e+00  4.07380278e+08  1.84494548e+02
 4.10519067e+08  6.41863161e+00  4.10519067e+08  1.84549057e+02
 4.13682040e+08  6.28983273e+00  4.13682040e+08  1.84384714e+02
 4.16869383e+08  7.31123299e+00  4.16869383e+08  1.84178604e+02
 4.20081285e+08  6.03968373e+00  4.20081285e+08  1.84265945e+02
 4.23317933e+08  9.95099053e+00  4.23317933e+08  1.84160987e+02
 4.26579519e+08  6.90735324e+00  4.26579519e+08  1.84026634e+02
 4.29866235e+08  6.80064535e+00  4.29866235e+08  1.84255393e+02
 4.33178274e+08  6.66783416e+00  4.33178274e+08  1.83927667e+02
 4.36515832e+08  9.45120932e+00  4.36515832e+08  1.84062694e+02
 4.39879106e+08  1.12632970e+01  4.39879106e+08  1.84217062e+02
 4.43268292e+08  7.60954458e+00  4.43268292e+08  1.83878062e+02
 4.46683592e+08  7.47625312e+00  4.46683592e+08  1.83796254e+02
 4.50125206e+08  6.02354000e+00  4.50125206e+08  1.83807908e+02
 4.53593337e+08  7.22330470e+00  4.53593337e+08  1.83407525e+02
 4.57088190e+08  8.65164938e+00  4.57088190e+08  1.83486123e+02
 4.60609969e+08  8.51769493e+00  4.60609969e+08  1.83401412e+02
 4.64158883e+08  6.81810197e+00  4.64158883e+08  1.83378116e+02
 4.67735141e+08  8.28202860e+00  4.67735141e+08  1.83234195e+02
 4.71338954e+08  6.55964400e+00  4.71338954e+08  1.83092892e+02
 4.74970533e+08  6.42907234e+00  4.74970533e+08  1.83233653e+02
 4.78630092e+08  6.29808137e+00  4.78630092e+08  1.83008900e+02
 4.82317848e+08  7.73695572e+00  4.82317848e+08  1.82964478e+02
 4.86034018e+08  7.59310585e+00  4.86034018e+08  1.83220240e+02
 4.89778819e+08  9.39558786e+00  4.89778819e+08  1.83307781e+02
 4.93552474e+08  9.26222470e+00  4.93552474e+08  1.82806779e+02
 4.97355204e+08  7.19186549e+00  4.97355204e+08  1.82856349e+02
 5.01187234e+08  9.00101377e+00  5.01187234e+08  1.82853769e+02
 5.05048788e+08  5.36561177e+00  5.05048788e+08  1.82634744e+02
 5.08940095e+08  6.81971110e+00  5.08940095e+08  1.82668681e+02
 5.12861384e+08  6.67065198e+00  5.12861384e+08  1.82631638e+02
 5.16812886e+08  8.47720721e+00  5.16812886e+08  1.82424424e+02
 5.20794833e+08  8.32949564e+00  5.20794833e+08  1.82700194e+02
 5.24807460e+08  6.26729455e+00  5.24807460e+08  1.82589486e+02
 5.28851004e+08  8.06060359e+00  5.28851004e+08  1.82640627e+02
 5.32925703e+08  7.94119444e+00  5.32925703e+08  1.82513383e+02
 5.37031796e+08  1.02753991e+01  5.37031796e+08  1.82423196e+02
 5.41169527e+08  1.01739763e+01  5.41169527e+08  1.81861903e+02
 5.45339137e+08  7.54184882e+00  5.45339137e+08  1.82145896e+02
 5.49540874e+08  7.38952441e+00  5.49540874e+08  1.82251324e+02
 5.53774984e+08  5.33012186e+00  5.53774984e+08  1.82233137e+02
 5.58041717e+08  9.61516334e+00  5.58041717e+08  1.82362555e+02
 5.62341325e+08  5.06993615e+00  5.62341325e+08  1.82182693e+02
 5.66674061e+08  6.86614213e+00  5.66674061e+08  1.81944731e+02
 5.71040179e+08  9.21580214e+00  5.71040179e+08  1.82311167e+02
 5.75439937e+08  9.08264785e+00  5.75439937e+08  1.82308011e+02
 5.79873595e+08  8.94332396e+00  5.79873595e+08  1.82284718e+02
 5.84341413e+08  8.82378659e+00  5.84341413e+08  1.82151997e+02
 5.88843655e+08  6.17964427e+00  5.88843655e+08  1.81983579e+02
 5.93380586e+08  6.06862213e+00  5.93380586e+08  1.81821046e+02
 5.97952473e+08  1.19267103e+01  5.97952473e+08  1.82187299e+02
 6.02559586e+08  8.29616769e+00  6.02559586e+08  1.81886556e+02
 6.07202196e+08  1.16659987e+01  6.07202196e+08  1.81687155e+02
 6.11880576e+08  1.15175944e+01  6.11880576e+08  1.81575380e+02
 6.16595002e+08  7.86529814e+00  6.16595002e+08  1.81882837e+02
 6.21345752e+08  7.73059282e+00  6.21345752e+08  1.82148513e+02
 6.26133105e+08  7.59276638e+00  6.26133105e+08  1.81881555e+02
 6.30957344e+08  7.47433568e+00  6.30957344e+08  1.81521543e+02
 6.35818754e+08  4.84589224e+00  6.35818754e+08  1.81740604e+02
 6.40717619e+08  7.21587911e+00  6.40717619e+08  1.81290253e+02
 6.45654229e+08  1.05873434e+01  6.45654229e+08  1.81076420e+02
 6.50628875e+08  1.04427439e+01  6.50628875e+08  1.81432567e+02
 6.55641849e+08  1.63251915e+01  6.55641849e+08  1.80880094e+02
 6.60693448e+08  1.01796069e+01  6.60693448e+08  1.81248257e+02
 6.65783968e+08  6.51642229e+00  6.65783968e+08  1.81524089e+02
 6.70913710e+08  6.39172142e+00  6.70913710e+08  1.81553624e+02
 6.76082975e+08  6.25470449e+00  6.76082975e+08  1.81400900e+02
 6.81292069e+08  9.62611113e+00  6.81292069e+08  1.81709459e+02
 6.86541298e+08  9.49639246e+00  6.86541298e+08  1.81133774e+02
 6.91830971e+08  9.38686192e+00  6.91830971e+08  1.81089992e+02
 6.97161400e+08  9.24761396e+00  6.97161400e+08  1.81132680e+02
 7.02532899e+08  9.10673117e+00  7.02532899e+08  1.80913651e+02
 7.07945784e+08  5.45339202e+00  7.07945784e+08  1.80877120e+02
 7.13400375e+08  8.84443549e+00  7.13400375e+08  1.81148756e+02
 7.18896992e+08  5.18110668e+00  7.18896992e+08  1.80951318e+02
 7.24435960e+08  5.04795987e+00  7.24435960e+08  1.81041768e+02
 7.30017605e+08  8.41407605e+00  7.30017605e+08  1.81447760e+02
 7.35642254e+08  8.30289215e+00  7.35642254e+08  1.81731433e+02
 7.41310241e+08  8.14924180e+00  7.41310241e+08  1.81095741e+02
 7.47021899e+08  8.02113255e+00  7.47021899e+08  1.81100417e+02
 7.52777564e+08  7.89053648e+00  7.52777564e+08  1.80978209e+02
 7.58577575e+08  7.75656166e+00  7.58577575e+08  1.81238673e+02
 7.64422274e+08  1.36383074e+01  7.64422274e+08  1.80816460e+02
 7.70312006e+08  1.35101109e+01  7.70312006e+08  1.80898803e+02
 7.76247117e+08  1.33691185e+01  7.76247117e+08  1.79754079e+02
 7.82227956e+08  1.32339453e+01  7.82227956e+08  1.80233865e+02
 7.88254877e+08  1.31114929e+01  7.88254877e+08  1.80129059e+02
 7.94328235e+08  3.42400741e+00  7.94328235e+08  1.80780103e+02
 8.00448386e+08  1.28025342e+01  8.00448386e+08  1.80852674e+02
 8.06615692e+08  6.66900466e+00  8.06615692e+08  1.81202883e+02
 8.12830516e+08  6.53770027e+00  8.12830516e+08  1.80314295e+02
 8.19093224e+08  6.41507240e+00  8.19093224e+08  1.80672814e+02
 8.25404185e+08  2.76179277e+00  8.25404185e+08  1.80302450e+02
 8.31763771e+08  1.21396209e+01  8.31763771e+08  1.80771010e+02
 8.38172356e+08  5.99145538e+00  8.38172356e+08  1.81193782e+02
 8.44630319e+08  5.87362743e+00  8.44630319e+08  1.80151968e+02
 8.51138038e+08  4.89551928e+01  8.51138038e+08  2.71627497e+02
 8.57695899e+08  5.59563549e+00  8.57695899e+08  1.80220690e+02
 8.64304286e+08  1.14945335e+01  8.64304286e+08  1.80097160e+02
 8.70963590e+08  5.31215057e+00  8.70963590e+08  1.80698733e+02
 8.77674203e+08  1.12065881e+01  8.77674203e+08  1.78929377e+02
 8.84436519e+08  5.06241731e+00  8.84436519e+08  1.79497375e+02
 8.91250938e+08  1.09363455e+01  8.91250938e+08  1.80531621e+02
 8.98117861e+08  4.79208549e+00  8.98117861e+08  1.80465322e+02
 9.05037692e+08  1.12603186e+00  9.05037692e+08  1.80286871e+02
 9.12010839e+08  4.52081968e+00  9.12010839e+08  1.80778194e+02
 9.19037713e+08  4.36449435e+00  9.19037713e+08  1.80079856e+02
 9.26118728e+08  5.74445299e+01  9.26118728e+08  9.15777612e+01
 9.33254301e+08  4.10439460e+00  9.33254301e+08  1.80651896e+02
 9.40444852e+08  9.99332959e+00  9.40444852e+08  1.80764869e+02
 9.47690805e+08  3.03499419e-01  9.47690805e+08  1.79493479e+02
 9.54992586e+08  9.71546690e+00  9.54992586e+08  1.80684587e+02
 9.62350626e+08  9.58867556e+00  9.62350626e+08  1.81436278e+02
 9.69765359e+08  5.28642895e+01  9.69765359e+08  2.71711579e+02
 9.77237221e+08  3.29846327e+00  9.77237221e+08  1.80216599e+02
 9.84766652e+08  9.16369277e+00  9.84766652e+08  1.81738774e+02
 9.92354096e+08  3.02311197e+00  9.92354096e+08  1.80561067e+02
 1.00000000e+09  8.92640933e+00  1.00000000e+09  1.79350384e+02
