 1.00000000e+00  4.65219097e+01  1.00000000e+00  1.79999998e+02
 1.00770481e+00  4.65219097e+01  1.00770481e+00  1.79999998e+02
 1.01546899e+00  4.65219097e+01  1.01546899e+00  1.79999998e+02
 1.02329299e+00  4.65219097e+01  1.02329299e+00  1.79999998e+02
 1.03117727e+00  4.65219097e+01  1.03117727e+00  1.79999998e+02
 1.03912230e+00  4.65219097e+01  1.03912230e+00  1.79999998e+02
 1.04712855e+00  4.65219097e+01  1.04712855e+00  1.79999998e+02
 1.05519648e+00  4.65219097e+01  1.05519648e+00  1.79999998e+02
 1.06332657e+00  4.65219097e+01  1.06332657e+00  1.79999998e+02
 1.07151931e+00  4.65219097e+01  1.07151931e+00  1.79999998e+02
 1.07977516e+00  4.65219097e+01  1.07977516e+00  1.79999998e+02
 1.08809463e+00  4.65219097e+01  1.08809463e+00  1.79999998e+02
 1.09647820e+00  4.65219097e+01  1.09647820e+00  1.79999998e+02
 1.10492636e+00  4.65219097e+01  1.10492636e+00  1.79999998e+02
 1.11343961e+00  4.65219097e+01  1.11343961e+00  1.79999998e+02
 1.12201845e+00  4.65219097e+01  1.12201845e+00  1.79999998e+02
 1.13066340e+00  4.65219097e+01  1.13066340e+00  1.79999998e+02
 1.13937495e+00  4.65219097e+01  1.13937495e+00  1.79999998e+02
 1.14815362e+00  4.65219097e+01  1.14815362e+00  1.79999998e+02
 1.15699993e+00  4.65219097e+01  1.15699993e+00  1.79999998e+02
 1.16591440e+00  4.65219097e+01  1.16591440e+00  1.79999998e+02
 1.17489755e+00  4.65219097e+01  1.17489755e+00  1.79999998e+02
 1.18394992e+00  4.65219097e+01  1.18394992e+00  1.79999998e+02
 1.19307204e+00  4.65219097e+01  1.19307204e+00  1.79999998e+02
 1.20226443e+00  4.65219097e+01  1.20226443e+00  1.79999998e+02
 1.21152766e+00  4.65219097e+01  1.21152766e+00  1.79999998e+02
 1.22086225e+00  4.65219097e+01  1.22086225e+00  1.79999998e+02
 1.23026877e+00  4.65219097e+01  1.23026877e+00  1.79999998e+02
 1.23974776e+00  4.65219097e+01  1.23974776e+00  1.79999998e+02
 1.24929979e+00  4.65219097e+01  1.24929979e+00  1.79999998e+02
 1.25892541e+00  4.65219097e+01  1.25892541e+00  1.79999998e+02
 1.26862520e+00  4.65219097e+01  1.26862520e+00  1.79999998e+02
 1.27839972e+00  4.65219097e+01  1.27839972e+00  1.79999998e+02
 1.28824955e+00  4.65219097e+01  1.28824955e+00  1.79999998e+02
 1.29817528e+00  4.65219097e+01  1.29817528e+00  1.79999998e+02
 1.30817747e+00  4.65219097e+01  1.30817747e+00  1.79999998e+02
 1.31825674e+00  4.65219097e+01  1.31825674e+00  1.79999998e+02
 1.32841366e+00  4.65219097e+01  1.32841366e+00  1.79999998e+02
 1.33864884e+00  4.65219097e+01  1.33864884e+00  1.79999998e+02
 1.34896288e+00  4.65219097e+01  1.34896288e+00  1.79999998e+02
 1.35935639e+00  4.65219097e+01  1.35935639e+00  1.79999997e+02
 1.36982998e+00  4.65219097e+01  1.36982998e+00  1.79999997e+02
 1.38038426e+00  4.65219097e+01  1.38038426e+00  1.79999997e+02
 1.39101987e+00  4.65219097e+01  1.39101987e+00  1.79999997e+02
 1.40173742e+00  4.65219097e+01  1.40173742e+00  1.79999997e+02
 1.41253754e+00  4.65219097e+01  1.41253754e+00  1.79999997e+02
 1.42342088e+00  4.65219097e+01  1.42342088e+00  1.79999997e+02
 1.43438808e+00  4.65219097e+01  1.43438808e+00  1.79999997e+02
 1.44543977e+00  4.65219097e+01  1.44543977e+00  1.79999997e+02
 1.45657662e+00  4.65219097e+01  1.45657662e+00  1.79999997e+02
 1.46779927e+00  4.65219097e+01  1.46779927e+00  1.79999997e+02
 1.47910839e+00  4.65219097e+01  1.47910839e+00  1.79999997e+02
 1.49050464e+00  4.65219097e+01  1.49050464e+00  1.79999997e+02
 1.50198870e+00  4.65219097e+01  1.50198870e+00  1.79999997e+02
 1.51356125e+00  4.65219097e+01  1.51356125e+00  1.79999997e+02
 1.52522296e+00  4.65219097e+01  1.52522296e+00  1.79999997e+02
 1.53697452e+00  4.65219097e+01  1.53697452e+00  1.79999997e+02
 1.54881662e+00  4.65219097e+01  1.54881662e+00  1.79999997e+02
 1.56074996e+00  4.65219097e+01  1.56074996e+00  1.79999997e+02
 1.57277525e+00  4.65219097e+01  1.57277525e+00  1.79999997e+02
 1.58489319e+00  4.65219097e+01  1.58489319e+00  1.79999997e+02
 1.59710450e+00  4.65219097e+01  1.59710450e+00  1.79999997e+02
 1.60940989e+00  4.65219097e+01  1.60940989e+00  1.79999997e+02
 1.62181010e+00  4.65219097e+01  1.62181010e+00  1.79999997e+02
 1.63430584e+00  4.65219097e+01  1.63430584e+00  1.79999997e+02
 1.64689787e+00  4.65219097e+01  1.64689787e+00  1.79999997e+02
 1.65958691e+00  4.65219097e+01  1.65958691e+00  1.79999997e+02
 1.67237372e+00  4.65219097e+01  1.67237372e+00  1.79999997e+02
 1.68525904e+00  4.65219097e+01  1.68525904e+00  1.79999997e+02
 1.69824365e+00  4.65219097e+01  1.69824365e+00  1.79999997e+02
 1.71132830e+00  4.65219097e+01  1.71132830e+00  1.79999997e+02
 1.72451377e+00  4.65219097e+01  1.72451377e+00  1.79999997e+02
 1.73780083e+00  4.65219097e+01  1.73780083e+00  1.79999997e+02
 1.75119026e+00  4.65219097e+01  1.75119026e+00  1.79999997e+02
 1.76468286e+00  4.65219097e+01  1.76468286e+00  1.79999997e+02
 1.77827941e+00  4.65219097e+01  1.77827941e+00  1.79999997e+02
 1.79198072e+00  4.65219097e+01  1.79198072e+00  1.79999997e+02
 1.80578760e+00  4.65219097e+01  1.80578760e+00  1.79999997e+02
 1.81970086e+00  4.65219097e+01  1.81970086e+00  1.79999997e+02
 1.83372132e+00  4.65219097e+01  1.83372132e+00  1.79999997e+02
 1.84784980e+00  4.65219097e+01  1.84784980e+00  1.79999997e+02
 1.86208714e+00  4.65219097e+01  1.86208714e+00  1.79999997e+02
 1.87643417e+00  4.65219097e+01  1.87643417e+00  1.79999997e+02
 1.89089175e+00  4.65219097e+01  1.89089175e+00  1.79999997e+02
 1.90546072e+00  4.65219097e+01  1.90546072e+00  1.79999996e+02
 1.92014194e+00  4.65219097e+01  1.92014194e+00  1.79999996e+02
 1.93493628e+00  4.65219097e+01  1.93493628e+00  1.79999996e+02
 1.94984460e+00  4.65219097e+01  1.94984460e+00  1.79999996e+02
 1.96486779e+00  4.65219097e+01  1.96486779e+00  1.79999996e+02
 1.98000673e+00  4.65219097e+01  1.98000673e+00  1.79999996e+02
 1.99526231e+00  4.65219097e+01  1.99526231e+00  1.79999996e+02
 2.01063544e+00  4.65219097e+01  2.01063544e+00  1.79999996e+02
 2.02612701e+00  4.65219097e+01  2.02612701e+00  1.79999996e+02
 2.04173794e+00  4.65219097e+01  2.04173794e+00  1.79999996e+02
 2.05746916e+00  4.65219097e+01  2.05746916e+00  1.79999996e+02
 2.07332157e+00  4.65219097e+01  2.07332157e+00  1.79999996e+02
 2.08929613e+00  4.65219097e+01  2.08929613e+00  1.79999996e+02
 2.10539377e+00  4.65219097e+01  2.10539377e+00  1.79999996e+02
 2.12161544e+00  4.65219097e+01  2.12161544e+00  1.79999996e+02
 2.13796209e+00  4.65219097e+01  2.13796209e+00  1.79999996e+02
 2.15443469e+00  4.65219097e+01  2.15443469e+00  1.79999996e+02
 2.17103421e+00  4.65219097e+01  2.17103421e+00  1.79999996e+02
 2.18776162e+00  4.65219097e+01  2.18776162e+00  1.79999996e+02
 2.20461792e+00  4.65219097e+01  2.20461792e+00  1.79999996e+02
 2.22160409e+00  4.65219097e+01  2.22160409e+00  1.79999996e+02
 2.23872114e+00  4.65219097e+01  2.23872114e+00  1.79999996e+02
 2.25597007e+00  4.65219097e+01  2.25597007e+00  1.79999996e+02
 2.27335190e+00  4.65219097e+01  2.27335190e+00  1.79999996e+02
 2.29086765e+00  4.65219097e+01  2.29086765e+00  1.79999996e+02
 2.30851836e+00  4.65219097e+01  2.30851836e+00  1.79999996e+02
 2.32630507e+00  4.65219097e+01  2.32630507e+00  1.79999996e+02
 2.34422882e+00  4.65219097e+01  2.34422882e+00  1.79999996e+02
 2.36229066e+00  4.65219097e+01  2.36229066e+00  1.79999996e+02
 2.38049167e+00  4.65219097e+01  2.38049167e+00  1.79999996e+02
 2.39883292e+00  4.65219097e+01  2.39883292e+00  1.79999996e+02
 2.41731548e+00  4.65219097e+01  2.41731548e+00  1.79999996e+02
 2.43594045e+00  4.65219097e+01  2.43594045e+00  1.79999996e+02
 2.45470892e+00  4.65219097e+01  2.45470892e+00  1.79999995e+02
 2.47362199e+00  4.65219097e+01  2.47362199e+00  1.79999995e+02
 2.49268079e+00  4.65219097e+01  2.49268079e+00  1.79999995e+02
 2.51188643e+00  4.65219097e+01  2.51188643e+00  1.79999995e+02
 2.53124005e+00  4.65219097e+01  2.53124005e+00  1.79999995e+02
 2.55074278e+00  4.65219097e+01  2.55074278e+00  1.79999995e+02
 2.57039578e+00  4.65219097e+01  2.57039578e+00  1.79999995e+02
 2.59020020e+00  4.65219097e+01  2.59020020e+00  1.79999995e+02
 2.61015722e+00  4.65219097e+01  2.61015722e+00  1.79999995e+02
 2.63026799e+00  4.65219097e+01  2.63026799e+00  1.79999995e+02
 2.65053372e+00  4.65219097e+01  2.65053372e+00  1.79999995e+02
 2.67095559e+00  4.65219097e+01  2.67095559e+00  1.79999995e+02
 2.69153480e+00  4.65219097e+01  2.69153480e+00  1.79999995e+02
 2.71227258e+00  4.65219097e+01  2.71227258e+00  1.79999995e+02
 2.73317014e+00  4.65219097e+01  2.73317014e+00  1.79999995e+02
 2.75422870e+00  4.65219097e+01  2.75422870e+00  1.79999995e+02
 2.77544952e+00  4.65219097e+01  2.77544952e+00  1.79999995e+02
 2.79683385e+00  4.65219097e+01  2.79683385e+00  1.79999995e+02
 2.81838293e+00  4.65219097e+01  2.81838293e+00  1.79999995e+02
 2.84009805e+00  4.65219097e+01  2.84009805e+00  1.79999995e+02
 2.86198048e+00  4.65219097e+01  2.86198048e+00  1.79999995e+02
 2.88403150e+00  4.65219097e+01  2.88403150e+00  1.79999995e+02
 2.90625243e+00  4.65219097e+01  2.90625243e+00  1.79999995e+02
 2.92864456e+00  4.65219097e+01  2.92864456e+00  1.79999995e+02
 2.95120923e+00  4.65219097e+01  2.95120923e+00  1.79999995e+02
 2.97394775e+00  4.65219097e+01  2.97394775e+00  1.79999995e+02
 2.99686146e+00  4.65219097e+01  2.99686146e+00  1.79999994e+02
 3.01995172e+00  4.65219097e+01  3.01995172e+00  1.79999994e+02
 3.04321989e+00  4.65219097e+01  3.04321989e+00  1.79999994e+02
 3.06666733e+00  4.65219097e+01  3.06666733e+00  1.79999994e+02
 3.09029543e+00  4.65219097e+01  3.09029543e+00  1.79999994e+02
 3.11410558e+00  4.65219097e+01  3.11410558e+00  1.79999994e+02
 3.13809919e+00  4.65219097e+01  3.13809919e+00  1.79999994e+02
 3.16227766e+00  4.65219097e+01  3.16227766e+00  1.79999994e+02
 3.18664242e+00  4.65219097e+01  3.18664242e+00  1.79999994e+02
 3.21119491e+00  4.65219097e+01  3.21119491e+00  1.79999994e+02
 3.23593657e+00  4.65219097e+01  3.23593657e+00  1.79999994e+02
 3.26086886e+00  4.65219097e+01  3.26086886e+00  1.79999994e+02
 3.28599325e+00  4.65219097e+01  3.28599325e+00  1.79999994e+02
 3.31131121e+00  4.65219097e+01  3.31131121e+00  1.79999994e+02
 3.33682425e+00  4.65219097e+01  3.33682425e+00  1.79999994e+02
 3.36253386e+00  4.65219097e+01  3.36253386e+00  1.79999994e+02
 3.38844156e+00  4.65219097e+01  3.38844156e+00  1.79999994e+02
 3.41454887e+00  4.65219097e+01  3.41454887e+00  1.79999994e+02
 3.44085734e+00  4.65219097e+01  3.44085734e+00  1.79999994e+02
 3.46736850e+00  4.65219097e+01  3.46736850e+00  1.79999994e+02
 3.49408393e+00  4.65219097e+01  3.49408393e+00  1.79999994e+02
 3.52100520e+00  4.65219097e+01  3.52100520e+00  1.79999994e+02
 3.54813389e+00  4.65219097e+01  3.54813389e+00  1.79999993e+02
 3.57547160e+00  4.65219097e+01  3.57547160e+00  1.79999993e+02
 3.60301995e+00  4.65219097e+01  3.60301995e+00  1.79999993e+02
 3.63078055e+00  4.65219097e+01  3.63078055e+00  1.79999993e+02
 3.65875504e+00  4.65219097e+01  3.65875504e+00  1.79999993e+02
 3.68694506e+00  4.65219097e+01  3.68694506e+00  1.79999993e+02
 3.71535229e+00  4.65219097e+01  3.71535229e+00  1.79999993e+02
 3.74397839e+00  4.65219097e+01  3.74397839e+00  1.79999993e+02
 3.77282505e+00  4.65219097e+01  3.77282505e+00  1.79999993e+02
 3.80189396e+00  4.65219097e+01  3.80189396e+00  1.79999993e+02
 3.83118685e+00  4.65219097e+01  3.83118685e+00  1.79999993e+02
 3.86070543e+00  4.65219097e+01  3.86070543e+00  1.79999993e+02
 3.89045145e+00  4.65219097e+01  3.89045145e+00  1.79999993e+02
 3.92042666e+00  4.65219097e+01  3.92042666e+00  1.79999993e+02
 3.95063281e+00  4.65219097e+01  3.95063281e+00  1.79999993e+02
 3.98107171e+00  4.65219097e+01  3.98107171e+00  1.79999993e+02
 4.01174512e+00  4.65219097e+01  4.01174512e+00  1.79999993e+02
 4.04265487e+00  4.65219097e+01  4.04265487e+00  1.79999993e+02
 4.07380278e+00  4.65219097e+01  4.07380278e+00  1.79999993e+02
 4.10519067e+00  4.65219097e+01  4.10519067e+00  1.79999992e+02
 4.13682040e+00  4.65219097e+01  4.13682040e+00  1.79999992e+02
 4.16869383e+00  4.65219097e+01  4.16869383e+00  1.79999992e+02
 4.20081285e+00  4.65219097e+01  4.20081285e+00  1.79999992e+02
 4.23317933e+00  4.65219097e+01  4.23317933e+00  1.79999992e+02
 4.26579519e+00  4.65219097e+01  4.26579519e+00  1.79999992e+02
 4.29866235e+00  4.65219097e+01  4.29866235e+00  1.79999992e+02
 4.33178274e+00  4.65219097e+01  4.33178274e+00  1.79999992e+02
 4.36515832e+00  4.65219097e+01  4.36515832e+00  1.79999992e+02
 4.39879106e+00  4.65219097e+01  4.39879106e+00  1.79999992e+02
 4.43268292e+00  4.65219097e+01  4.43268292e+00  1.79999992e+02
 4.46683592e+00  4.65219097e+01  4.46683592e+00  1.79999992e+02
 4.50125206e+00  4.65219097e+01  4.50125206e+00  1.79999992e+02
 4.53593337e+00  4.65219097e+01  4.53593337e+00  1.79999992e+02
 4.57088190e+00  4.65219097e+01  4.57088190e+00  1.79999992e+02
 4.60609969e+00  4.65219097e+01  4.60609969e+00  1.79999992e+02
 4.64158883e+00  4.65219097e+01  4.64158883e+00  1.79999991e+02
 4.67735141e+00  4.65219097e+01  4.67735141e+00  1.79999991e+02
 4.71338954e+00  4.65219097e+01  4.71338954e+00  1.79999991e+02
 4.74970533e+00  4.65219097e+01  4.74970533e+00  1.79999991e+02
 4.78630092e+00  4.65219097e+01  4.78630092e+00  1.79999991e+02
 4.82317848e+00  4.65219097e+01  4.82317848e+00  1.79999991e+02
 4.86034018e+00  4.65219097e+01  4.86034018e+00  1.79999991e+02
 4.89778819e+00  4.65219097e+01  4.89778819e+00  1.79999991e+02
 4.93552474e+00  4.65219097e+01  4.93552474e+00  1.79999991e+02
 4.97355204e+00  4.65219097e+01  4.97355204e+00  1.79999991e+02
 5.01187234e+00  4.65219097e+01  5.01187234e+00  1.79999991e+02
 5.05048788e+00  4.65219097e+01  5.05048788e+00  1.79999991e+02
 5.08940095e+00  4.65219097e+01  5.08940095e+00  1.79999991e+02
 5.12861384e+00  4.65219097e+01  5.12861384e+00  1.79999991e+02
 5.16812886e+00  4.65219097e+01  5.16812886e+00  1.79999990e+02
 5.20794833e+00  4.65219097e+01  5.20794833e+00  1.79999990e+02
 5.24807460e+00  4.65219097e+01  5.24807460e+00  1.79999990e+02
 5.28851004e+00  4.65219097e+01  5.28851004e+00  1.79999990e+02
 5.32925703e+00  4.65219097e+01  5.32925703e+00  1.79999990e+02
 5.37031796e+00  4.65219097e+01  5.37031796e+00  1.79999990e+02
 5.41169527e+00  4.65219097e+01  5.41169527e+00  1.79999990e+02
 5.45339137e+00  4.65219097e+01  5.45339137e+00  1.79999990e+02
 5.49540874e+00  4.65219097e+01  5.49540874e+00  1.79999990e+02
 5.53774984e+00  4.65219097e+01  5.53774984e+00  1.79999990e+02
 5.58041717e+00  4.65219097e+01  5.58041717e+00  1.79999990e+02
 5.62341325e+00  4.65219097e+01  5.62341325e+00  1.79999990e+02
 5.66674061e+00  4.65219097e+01  5.66674061e+00  1.79999990e+02
 5.71040179e+00  4.65219097e+01  5.71040179e+00  1.79999989e+02
 5.75439937e+00  4.65219097e+01  5.75439937e+00  1.79999989e+02
 5.79873595e+00  4.65219097e+01  5.79873595e+00  1.79999989e+02
 5.84341413e+00  4.65219097e+01  5.84341413e+00  1.79999989e+02
 5.88843655e+00  4.65219097e+01  5.88843655e+00  1.79999989e+02
 5.93380586e+00  4.65219097e+01  5.93380586e+00  1.79999989e+02
 5.97952473e+00  4.65219097e+01  5.97952473e+00  1.79999989e+02
 6.02559586e+00  4.65219097e+01  6.02559586e+00  1.79999989e+02
 6.07202196e+00  4.65219097e+01  6.07202196e+00  1.79999989e+02
 6.11880576e+00  4.65219097e+01  6.11880576e+00  1.79999989e+02
 6.16595002e+00  4.65219097e+01  6.16595002e+00  1.79999989e+02
 6.21345752e+00  4.65219097e+01  6.21345752e+00  1.79999989e+02
 6.26133105e+00  4.65219097e+01  6.26133105e+00  1.79999988e+02
 6.30957344e+00  4.65219097e+01  6.30957344e+00  1.79999988e+02
 6.35818754e+00  4.65219097e+01  6.35818754e+00  1.79999988e+02
 6.40717619e+00  4.65219097e+01  6.40717619e+00  1.79999988e+02
 6.45654229e+00  4.65219097e+01  6.45654229e+00  1.79999988e+02
 6.50628875e+00  4.65219097e+01  6.50628875e+00  1.79999988e+02
 6.55641849e+00  4.65219097e+01  6.55641849e+00  1.79999988e+02
 6.60693448e+00  4.65219097e+01  6.60693448e+00  1.79999988e+02
 6.65783968e+00  4.65219097e+01  6.65783968e+00  1.79999988e+02
 6.70913710e+00  4.65219097e+01  6.70913710e+00  1.79999988e+02
 6.76082975e+00  4.65219097e+01  6.76082975e+00  1.79999988e+02
 6.81292069e+00  4.65219097e+01  6.81292069e+00  1.79999987e+02
 6.86541298e+00  4.65219097e+01  6.86541298e+00  1.79999987e+02
 6.91830971e+00  4.65219097e+01  6.91830971e+00  1.79999987e+02
 6.97161400e+00  4.65219097e+01  6.97161400e+00  1.79999987e+02
 7.02532899e+00  4.65219097e+01  7.02532899e+00  1.79999987e+02
 7.07945784e+00  4.65219097e+01  7.07945784e+00  1.79999987e+02
 7.13400375e+00  4.65219097e+01  7.13400375e+00  1.79999987e+02
 7.18896992e+00  4.65219097e+01  7.18896992e+00  1.79999987e+02
 7.24435960e+00  4.65219097e+01  7.24435960e+00  1.79999987e+02
 7.30017605e+00  4.65219097e+01  7.30017605e+00  1.79999987e+02
 7.35642254e+00  4.65219097e+01  7.35642254e+00  1.79999986e+02
 7.41310241e+00  4.65219097e+01  7.41310241e+00  1.79999986e+02
 7.47021899e+00  4.65219097e+01  7.47021899e+00  1.79999986e+02
 7.52777564e+00  4.65219097e+01  7.52777564e+00  1.79999986e+02
 7.58577575e+00  4.65219097e+01  7.58577575e+00  1.79999986e+02
 7.64422274e+00  4.65219097e+01  7.64422274e+00  1.79999986e+02
 7.70312006e+00  4.65219097e+01  7.70312006e+00  1.79999986e+02
 7.76247117e+00  4.65219097e+01  7.76247117e+00  1.79999986e+02
 7.82227956e+00  4.65219097e+01  7.82227956e+00  1.79999986e+02
 7.88254877e+00  4.65219097e+01  7.88254877e+00  1.79999986e+02
 7.94328235e+00  4.65219097e+01  7.94328235e+00  1.79999985e+02
 8.00448386e+00  4.65219097e+01  8.00448386e+00  1.79999985e+02
 8.06615692e+00  4.65219097e+01  8.06615692e+00  1.79999985e+02
 8.12830516e+00  4.65219097e+01  8.12830516e+00  1.79999985e+02
 8.19093224e+00  4.65219097e+01  8.19093224e+00  1.79999985e+02
 8.25404185e+00  4.65219097e+01  8.25404185e+00  1.79999985e+02
 8.31763771e+00  4.65219097e+01  8.31763771e+00  1.79999985e+02
 8.38172356e+00  4.65219097e+01  8.38172356e+00  1.79999985e+02
 8.44630319e+00  4.65219097e+01  8.44630319e+00  1.79999984e+02
 8.51138038e+00  4.65219097e+01  8.51138038e+00  1.79999984e+02
 8.57695899e+00  4.65219097e+01  8.57695899e+00  1.79999984e+02
 8.64304286e+00  4.65219097e+01  8.64304286e+00  1.79999984e+02
 8.70963590e+00  4.65219097e+01  8.70963590e+00  1.79999984e+02
 8.77674203e+00  4.65219097e+01  8.77674203e+00  1.79999984e+02
 8.84436519e+00  4.65219097e+01  8.84436519e+00  1.79999984e+02
 8.91250938e+00  4.65219097e+01  8.91250938e+00  1.79999984e+02
 8.98117861e+00  4.65219097e+01  8.98117861e+00  1.79999983e+02
 9.05037692e+00  4.65219097e+01  9.05037692e+00  1.79999983e+02
 9.12010839e+00  4.65219097e+01  9.12010839e+00  1.79999983e+02
 9.19037713e+00  4.65219097e+01  9.19037713e+00  1.79999983e+02
 9.26118728e+00  4.65219097e+01  9.26118728e+00  1.79999983e+02
 9.33254301e+00  4.65219097e+01  9.33254301e+00  1.79999983e+02
 9.40444852e+00  4.65219097e+01  9.40444852e+00  1.79999983e+02
 9.47690805e+00  4.65219097e+01  9.47690805e+00  1.79999983e+02
 9.54992586e+00  4.65219097e+01  9.54992586e+00  1.79999982e+02
 9.62350626e+00  4.65219097e+01  9.62350626e+00  1.79999982e+02
 9.69765359e+00  4.65219097e+01  9.69765359e+00  1.79999982e+02
 9.77237221e+00  4.65219097e+01  9.77237221e+00  1.79999982e+02
 9.84766652e+00  4.65219097e+01  9.84766652e+00  1.79999982e+02
 9.92354096e+00  4.65219097e+01  9.92354096e+00  1.79999982e+02
 1.00000000e+01  4.65219097e+01  1.00000000e+01  1.79999982e+02
 1.00770481e+01  4.65219097e+01  1.00770481e+01  1.79999981e+02
 1.01546899e+01  4.65219097e+01  1.01546899e+01  1.79999981e+02
 1.02329299e+01  4.65219097e+01  1.02329299e+01  1.79999981e+02
 1.03117727e+01  4.65219097e+01  1.03117727e+01  1.79999981e+02
 1.03912230e+01  4.65219097e+01  1.03912230e+01  1.79999981e+02
 1.04712855e+01  4.65219097e+01  1.04712855e+01  1.79999981e+02
 1.05519648e+01  4.65219097e+01  1.05519648e+01  1.79999981e+02
 1.06332657e+01  4.65219097e+01  1.06332657e+01  1.79999980e+02
 1.07151931e+01  4.65219097e+01  1.07151931e+01  1.79999980e+02
 1.07977516e+01  4.65219097e+01  1.07977516e+01  1.79999980e+02
 1.08809463e+01  4.65219097e+01  1.08809463e+01  1.79999980e+02
 1.09647820e+01  4.65219097e+01  1.09647820e+01  1.79999980e+02
 1.10492636e+01  4.65219097e+01  1.10492636e+01  1.79999980e+02
 1.11343961e+01  4.65219097e+01  1.11343961e+01  1.79999980e+02
 1.12201845e+01  4.65219097e+01  1.12201845e+01  1.79999979e+02
 1.13066340e+01  4.65219097e+01  1.13066340e+01  1.79999979e+02
 1.13937495e+01  4.65219097e+01  1.13937495e+01  1.79999979e+02
 1.14815362e+01  4.65219097e+01  1.14815362e+01  1.79999979e+02
 1.15699993e+01  4.65219097e+01  1.15699993e+01  1.79999979e+02
 1.16591440e+01  4.65219097e+01  1.16591440e+01  1.79999979e+02
 1.17489755e+01  4.65219097e+01  1.17489755e+01  1.79999978e+02
 1.18394992e+01  4.65219097e+01  1.18394992e+01  1.79999978e+02
 1.19307204e+01  4.65219097e+01  1.19307204e+01  1.79999978e+02
 1.20226443e+01  4.65219097e+01  1.20226443e+01  1.79999978e+02
 1.21152766e+01  4.65219097e+01  1.21152766e+01  1.79999978e+02
 1.22086225e+01  4.65219097e+01  1.22086225e+01  1.79999978e+02
 1.23026877e+01  4.65219097e+01  1.23026877e+01  1.79999977e+02
 1.23974776e+01  4.65219097e+01  1.23974776e+01  1.79999977e+02
 1.24929979e+01  4.65219097e+01  1.24929979e+01  1.79999977e+02
 1.25892541e+01  4.65219097e+01  1.25892541e+01  1.79999977e+02
 1.26862520e+01  4.65219097e+01  1.26862520e+01  1.79999977e+02
 1.27839972e+01  4.65219097e+01  1.27839972e+01  1.79999976e+02
 1.28824955e+01  4.65219097e+01  1.28824955e+01  1.79999976e+02
 1.29817528e+01  4.65219097e+01  1.29817528e+01  1.79999976e+02
 1.30817747e+01  4.65219097e+01  1.30817747e+01  1.79999976e+02
 1.31825674e+01  4.65219097e+01  1.31825674e+01  1.79999976e+02
 1.32841366e+01  4.65219097e+01  1.32841366e+01  1.79999976e+02
 1.33864884e+01  4.65219097e+01  1.33864884e+01  1.79999975e+02
 1.34896288e+01  4.65219097e+01  1.34896288e+01  1.79999975e+02
 1.35935639e+01  4.65219097e+01  1.35935639e+01  1.79999975e+02
 1.36982998e+01  4.65219097e+01  1.36982998e+01  1.79999975e+02
 1.38038426e+01  4.65219097e+01  1.38038426e+01  1.79999975e+02
 1.39101987e+01  4.65219097e+01  1.39101987e+01  1.79999974e+02
 1.40173742e+01  4.65219097e+01  1.40173742e+01  1.79999974e+02
 1.41253754e+01  4.65219097e+01  1.41253754e+01  1.79999974e+02
 1.42342088e+01  4.65219097e+01  1.42342088e+01  1.79999974e+02
 1.43438808e+01  4.65219097e+01  1.43438808e+01  1.79999974e+02
 1.44543977e+01  4.65219097e+01  1.44543977e+01  1.79999973e+02
 1.45657662e+01  4.65219097e+01  1.45657662e+01  1.79999973e+02
 1.46779927e+01  4.65219097e+01  1.46779927e+01  1.79999973e+02
 1.47910839e+01  4.65219097e+01  1.47910839e+01  1.79999973e+02
 1.49050464e+01  4.65219097e+01  1.49050464e+01  1.79999973e+02
 1.50198870e+01  4.65219097e+01  1.50198870e+01  1.79999972e+02
 1.51356125e+01  4.65219097e+01  1.51356125e+01  1.79999972e+02
 1.52522296e+01  4.65219097e+01  1.52522296e+01  1.79999972e+02
 1.53697452e+01  4.65219097e+01  1.53697452e+01  1.79999972e+02
 1.54881662e+01  4.65219097e+01  1.54881662e+01  1.79999972e+02
 1.56074996e+01  4.65219097e+01  1.56074996e+01  1.79999971e+02
 1.57277525e+01  4.65219097e+01  1.57277525e+01  1.79999971e+02
 1.58489319e+01  4.65219097e+01  1.58489319e+01  1.79999971e+02
 1.59710450e+01  4.65219097e+01  1.59710450e+01  1.79999971e+02
 1.60940989e+01  4.65219097e+01  1.60940989e+01  1.79999970e+02
 1.62181010e+01  4.65219097e+01  1.62181010e+01  1.79999970e+02
 1.63430584e+01  4.65219097e+01  1.63430584e+01  1.79999970e+02
 1.64689787e+01  4.65219097e+01  1.64689787e+01  1.79999970e+02
 1.65958691e+01  4.65219097e+01  1.65958691e+01  1.79999969e+02
 1.67237372e+01  4.65219097e+01  1.67237372e+01  1.79999969e+02
 1.68525904e+01  4.65219097e+01  1.68525904e+01  1.79999969e+02
 1.69824365e+01  4.65219097e+01  1.69824365e+01  1.79999969e+02
 1.71132830e+01  4.65219097e+01  1.71132830e+01  1.79999969e+02
 1.72451377e+01  4.65219097e+01  1.72451377e+01  1.79999968e+02
 1.73780083e+01  4.65219097e+01  1.73780083e+01  1.79999968e+02
 1.75119026e+01  4.65219097e+01  1.75119026e+01  1.79999968e+02
 1.76468286e+01  4.65219097e+01  1.76468286e+01  1.79999968e+02
 1.77827941e+01  4.65219097e+01  1.77827941e+01  1.79999967e+02
 1.79198072e+01  4.65219097e+01  1.79198072e+01  1.79999967e+02
 1.80578760e+01  4.65219097e+01  1.80578760e+01  1.79999967e+02
 1.81970086e+01  4.65219097e+01  1.81970086e+01  1.79999967e+02
 1.83372132e+01  4.65219097e+01  1.83372132e+01  1.79999966e+02
 1.84784980e+01  4.65219097e+01  1.84784980e+01  1.79999966e+02
 1.86208714e+01  4.65219097e+01  1.86208714e+01  1.79999966e+02
 1.87643417e+01  4.65219097e+01  1.87643417e+01  1.79999965e+02
 1.89089175e+01  4.65219097e+01  1.89089175e+01  1.79999965e+02
 1.90546072e+01  4.65219097e+01  1.90546072e+01  1.79999965e+02
 1.92014194e+01  4.65219097e+01  1.92014194e+01  1.79999965e+02
 1.93493628e+01  4.65219097e+01  1.93493628e+01  1.79999964e+02
 1.94984460e+01  4.65219097e+01  1.94984460e+01  1.79999964e+02
 1.96486779e+01  4.65219097e+01  1.96486779e+01  1.79999964e+02
 1.98000673e+01  4.65219097e+01  1.98000673e+01  1.79999964e+02
 1.99526231e+01  4.65219097e+01  1.99526231e+01  1.79999963e+02
 2.01063544e+01  4.65219097e+01  2.01063544e+01  1.79999963e+02
 2.02612701e+01  4.65219097e+01  2.02612701e+01  1.79999963e+02
 2.04173794e+01  4.65219097e+01  2.04173794e+01  1.79999962e+02
 2.05746916e+01  4.65219097e+01  2.05746916e+01  1.79999962e+02
 2.07332157e+01  4.65219097e+01  2.07332157e+01  1.79999962e+02
 2.08929613e+01  4.65219097e+01  2.08929613e+01  1.79999962e+02
 2.10539377e+01  4.65219097e+01  2.10539377e+01  1.79999961e+02
 2.12161544e+01  4.65219097e+01  2.12161544e+01  1.79999961e+02
 2.13796209e+01  4.65219097e+01  2.13796209e+01  1.79999961e+02
 2.15443469e+01  4.65219097e+01  2.15443469e+01  1.79999960e+02
 2.17103421e+01  4.65219097e+01  2.17103421e+01  1.79999960e+02
 2.18776162e+01  4.65219097e+01  2.18776162e+01  1.79999960e+02
 2.20461792e+01  4.65219097e+01  2.20461792e+01  1.79999959e+02
 2.22160409e+01  4.65219097e+01  2.22160409e+01  1.79999959e+02
 2.23872114e+01  4.65219097e+01  2.23872114e+01  1.79999959e+02
 2.25597007e+01  4.65219097e+01  2.25597007e+01  1.79999959e+02
 2.27335190e+01  4.65219097e+01  2.27335190e+01  1.79999958e+02
 2.29086765e+01  4.65219097e+01  2.29086765e+01  1.79999958e+02
 2.30851836e+01  4.65219097e+01  2.30851836e+01  1.79999958e+02
 2.32630507e+01  4.65219097e+01  2.32630507e+01  1.79999957e+02
 2.34422882e+01  4.65219097e+01  2.34422882e+01  1.79999957e+02
 2.36229066e+01  4.65219097e+01  2.36229066e+01  1.79999957e+02
 2.38049167e+01  4.65219097e+01  2.38049167e+01  1.79999956e+02
 2.39883292e+01  4.65219097e+01  2.39883292e+01  1.79999956e+02
 2.41731548e+01  4.65219097e+01  2.41731548e+01  1.79999956e+02
 2.43594045e+01  4.65219097e+01  2.43594045e+01  1.79999955e+02
 2.45470892e+01  4.65219097e+01  2.45470892e+01  1.79999955e+02
 2.47362199e+01  4.65219097e+01  2.47362199e+01  1.79999954e+02
 2.49268079e+01  4.65219097e+01  2.49268079e+01  1.79999954e+02
 2.51188643e+01  4.65219097e+01  2.51188643e+01  1.79999954e+02
 2.53124005e+01  4.65219097e+01  2.53124005e+01  1.79999953e+02
 2.55074278e+01  4.65219097e+01  2.55074278e+01  1.79999953e+02
 2.57039578e+01  4.65219097e+01  2.57039578e+01  1.79999953e+02
 2.59020020e+01  4.65219097e+01  2.59020020e+01  1.79999952e+02
 2.61015722e+01  4.65219097e+01  2.61015722e+01  1.79999952e+02
 2.63026799e+01  4.65219097e+01  2.63026799e+01  1.79999952e+02
 2.65053372e+01  4.65219097e+01  2.65053372e+01  1.79999951e+02
 2.67095559e+01  4.65219097e+01  2.67095559e+01  1.79999951e+02
 2.69153480e+01  4.65219097e+01  2.69153480e+01  1.79999950e+02
 2.71227258e+01  4.65219097e+01  2.71227258e+01  1.79999950e+02
 2.73317014e+01  4.65219097e+01  2.73317014e+01  1.79999950e+02
 2.75422870e+01  4.65219097e+01  2.75422870e+01  1.79999949e+02
 2.77544952e+01  4.65219097e+01  2.77544952e+01  1.79999949e+02
 2.79683385e+01  4.65219097e+01  2.79683385e+01  1.79999949e+02
 2.81838293e+01  4.65219097e+01  2.81838293e+01  1.79999948e+02
 2.84009805e+01  4.65219097e+01  2.84009805e+01  1.79999948e+02
 2.86198048e+01  4.65219097e+01  2.86198048e+01  1.79999947e+02
 2.88403150e+01  4.65219097e+01  2.88403150e+01  1.79999947e+02
 2.90625243e+01  4.65219097e+01  2.90625243e+01  1.79999947e+02
 2.92864456e+01  4.65219097e+01  2.92864456e+01  1.79999946e+02
 2.95120923e+01  4.65219097e+01  2.95120923e+01  1.79999946e+02
 2.97394775e+01  4.65219097e+01  2.97394775e+01  1.79999945e+02
 2.99686146e+01  4.65219097e+01  2.99686146e+01  1.79999945e+02
 3.01995172e+01  4.65219097e+01  3.01995172e+01  1.79999944e+02
 3.04321989e+01  4.65219097e+01  3.04321989e+01  1.79999944e+02
 3.06666733e+01  4.65219097e+01  3.06666733e+01  1.79999944e+02
 3.09029543e+01  4.65219097e+01  3.09029543e+01  1.79999943e+02
 3.11410558e+01  4.65219097e+01  3.11410558e+01  1.79999943e+02
 3.13809919e+01  4.65219097e+01  3.13809919e+01  1.79999942e+02
 3.16227766e+01  4.65219097e+01  3.16227766e+01  1.79999942e+02
 3.18664242e+01  4.65219097e+01  3.18664242e+01  1.79999941e+02
 3.21119491e+01  4.65219097e+01  3.21119491e+01  1.79999941e+02
 3.23593657e+01  4.65219097e+01  3.23593657e+01  1.79999940e+02
 3.26086886e+01  4.65219097e+01  3.26086886e+01  1.79999940e+02
 3.28599325e+01  4.65219097e+01  3.28599325e+01  1.79999940e+02
 3.31131121e+01  4.65219097e+01  3.31131121e+01  1.79999939e+02
 3.33682425e+01  4.65219097e+01  3.33682425e+01  1.79999939e+02
 3.36253386e+01  4.65219097e+01  3.36253386e+01  1.79999938e+02
 3.38844156e+01  4.65219097e+01  3.38844156e+01  1.79999938e+02
 3.41454887e+01  4.65219097e+01  3.41454887e+01  1.79999937e+02
 3.44085734e+01  4.65219097e+01  3.44085734e+01  1.79999937e+02
 3.46736850e+01  4.65219097e+01  3.46736850e+01  1.79999936e+02
 3.49408393e+01  4.65219097e+01  3.49408393e+01  1.79999936e+02
 3.52100520e+01  4.65219097e+01  3.52100520e+01  1.79999935e+02
 3.54813389e+01  4.65219097e+01  3.54813389e+01  1.79999935e+02
 3.57547160e+01  4.65219097e+01  3.57547160e+01  1.79999934e+02
 3.60301995e+01  4.65219097e+01  3.60301995e+01  1.79999934e+02
 3.63078055e+01  4.65219097e+01  3.63078055e+01  1.79999933e+02
 3.65875504e+01  4.65219097e+01  3.65875504e+01  1.79999933e+02
 3.68694506e+01  4.65219097e+01  3.68694506e+01  1.79999932e+02
 3.71535229e+01  4.65219097e+01  3.71535229e+01  1.79999932e+02
 3.74397839e+01  4.65219097e+01  3.74397839e+01  1.79999931e+02
 3.77282505e+01  4.65219097e+01  3.77282505e+01  1.79999931e+02
 3.80189396e+01  4.65219097e+01  3.80189396e+01  1.79999930e+02
 3.83118685e+01  4.65219097e+01  3.83118685e+01  1.79999930e+02
 3.86070543e+01  4.65219097e+01  3.86070543e+01  1.79999929e+02
 3.89045145e+01  4.65219097e+01  3.89045145e+01  1.79999928e+02
 3.92042666e+01  4.65219097e+01  3.92042666e+01  1.79999928e+02
 3.95063281e+01  4.65219097e+01  3.95063281e+01  1.79999927e+02
 3.98107171e+01  4.65219097e+01  3.98107171e+01  1.79999927e+02
 4.01174512e+01  4.65219097e+01  4.01174512e+01  1.79999926e+02
 4.04265487e+01  4.65219097e+01  4.04265487e+01  1.79999926e+02
 4.07380278e+01  4.65219097e+01  4.07380278e+01  1.79999925e+02
 4.10519067e+01  4.65219097e+01  4.10519067e+01  1.79999924e+02
 4.13682040e+01  4.65219097e+01  4.13682040e+01  1.79999924e+02
 4.16869383e+01  4.65219097e+01  4.16869383e+01  1.79999923e+02
 4.20081285e+01  4.65219097e+01  4.20081285e+01  1.79999923e+02
 4.23317933e+01  4.65219097e+01  4.23317933e+01  1.79999922e+02
 4.26579519e+01  4.65219097e+01  4.26579519e+01  1.79999922e+02
 4.29866235e+01  4.65219097e+01  4.29866235e+01  1.79999921e+02
 4.33178274e+01  4.65219097e+01  4.33178274e+01  1.79999920e+02
 4.36515832e+01  4.65219097e+01  4.36515832e+01  1.79999920e+02
 4.39879106e+01  4.65219097e+01  4.39879106e+01  1.79999919e+02
 4.43268292e+01  4.65219097e+01  4.43268292e+01  1.79999918e+02
 4.46683592e+01  4.65219097e+01  4.46683592e+01  1.79999918e+02
 4.50125206e+01  4.65219097e+01  4.50125206e+01  1.79999917e+02
 4.53593337e+01  4.65219097e+01  4.53593337e+01  1.79999917e+02
 4.57088190e+01  4.65219097e+01  4.57088190e+01  1.79999916e+02
 4.60609969e+01  4.65219097e+01  4.60609969e+01  1.79999915e+02
 4.64158883e+01  4.65219097e+01  4.64158883e+01  1.79999915e+02
 4.67735141e+01  4.65219097e+01  4.67735141e+01  1.79999914e+02
 4.71338954e+01  4.65219097e+01  4.71338954e+01  1.79999913e+02
 4.74970533e+01  4.65219097e+01  4.74970533e+01  1.79999913e+02
 4.78630092e+01  4.65219097e+01  4.78630092e+01  1.79999912e+02
 4.82317848e+01  4.65219097e+01  4.82317848e+01  1.79999911e+02
 4.86034018e+01  4.65219097e+01  4.86034018e+01  1.79999911e+02
 4.89778819e+01  4.65219097e+01  4.89778819e+01  1.79999910e+02
 4.93552474e+01  4.65219097e+01  4.93552474e+01  1.79999909e+02
 4.97355204e+01  4.65219097e+01  4.97355204e+01  1.79999909e+02
 5.01187234e+01  4.65219097e+01  5.01187234e+01  1.79999908e+02
 5.05048788e+01  4.65219097e+01  5.05048788e+01  1.79999907e+02
 5.08940095e+01  4.65219097e+01  5.08940095e+01  1.79999906e+02
 5.12861384e+01  4.65219097e+01  5.12861384e+01  1.79999906e+02
 5.16812886e+01  4.65219097e+01  5.16812886e+01  1.79999905e+02
 5.20794833e+01  4.65219097e+01  5.20794833e+01  1.79999904e+02
 5.24807460e+01  4.65219097e+01  5.24807460e+01  1.79999903e+02
 5.28851004e+01  4.65219097e+01  5.28851004e+01  1.79999903e+02
 5.32925703e+01  4.65219097e+01  5.32925703e+01  1.79999902e+02
 5.37031796e+01  4.65219097e+01  5.37031796e+01  1.79999901e+02
 5.41169527e+01  4.65219097e+01  5.41169527e+01  1.79999900e+02
 5.45339137e+01  4.65219097e+01  5.45339137e+01  1.79999900e+02
 5.49540874e+01  4.65219097e+01  5.49540874e+01  1.79999899e+02
 5.53774984e+01  4.65219097e+01  5.53774984e+01  1.79999898e+02
 5.58041717e+01  4.65219097e+01  5.58041717e+01  1.79999897e+02
 5.62341325e+01  4.65219097e+01  5.62341325e+01  1.79999897e+02
 5.66674061e+01  4.65219097e+01  5.66674061e+01  1.79999896e+02
 5.71040179e+01  4.65219097e+01  5.71040179e+01  1.79999895e+02
 5.75439937e+01  4.65219097e+01  5.75439937e+01  1.79999894e+02
 5.79873595e+01  4.65219097e+01  5.79873595e+01  1.79999893e+02
 5.84341413e+01  4.65219097e+01  5.84341413e+01  1.79999893e+02
 5.88843655e+01  4.65219097e+01  5.88843655e+01  1.79999892e+02
 5.93380586e+01  4.65219097e+01  5.93380586e+01  1.79999891e+02
 5.97952473e+01  4.65219097e+01  5.97952473e+01  1.79999890e+02
 6.02559586e+01  4.65219097e+01  6.02559586e+01  1.79999889e+02
 6.07202196e+01  4.65219097e+01  6.07202196e+01  1.79999888e+02
 6.11880576e+01  4.65219097e+01  6.11880576e+01  1.79999887e+02
 6.16595002e+01  4.65219097e+01  6.16595002e+01  1.79999887e+02
 6.21345752e+01  4.65219097e+01  6.21345752e+01  1.79999886e+02
 6.26133105e+01  4.65219097e+01  6.26133105e+01  1.79999885e+02
 6.30957344e+01  4.65219097e+01  6.30957344e+01  1.79999884e+02
 6.35818754e+01  4.65219097e+01  6.35818754e+01  1.79999883e+02
 6.40717619e+01  4.65219097e+01  6.40717619e+01  1.79999882e+02
 6.45654229e+01  4.65219097e+01  6.45654229e+01  1.79999881e+02
 6.50628875e+01  4.65219097e+01  6.50628875e+01  1.79999880e+02
 6.55641849e+01  4.65219097e+01  6.55641849e+01  1.79999879e+02
 6.60693448e+01  4.65219097e+01  6.60693448e+01  1.79999878e+02
 6.65783968e+01  4.65219097e+01  6.65783968e+01  1.79999878e+02
 6.70913710e+01  4.65219097e+01  6.70913710e+01  1.79999877e+02
 6.76082975e+01  4.65219097e+01  6.76082975e+01  1.79999876e+02
 6.81292069e+01  4.65219097e+01  6.81292069e+01  1.79999875e+02
 6.86541298e+01  4.65219097e+01  6.86541298e+01  1.79999874e+02
 6.91830971e+01  4.65219097e+01  6.91830971e+01  1.79999873e+02
 6.97161400e+01  4.65219097e+01  6.97161400e+01  1.79999872e+02
 7.02532899e+01  4.65219097e+01  7.02532899e+01  1.79999871e+02
 7.07945784e+01  4.65219097e+01  7.07945784e+01  1.79999870e+02
 7.13400375e+01  4.65219097e+01  7.13400375e+01  1.79999869e+02
 7.18896992e+01  4.65219097e+01  7.18896992e+01  1.79999868e+02
 7.24435960e+01  4.65219097e+01  7.24435960e+01  1.79999867e+02
 7.30017605e+01  4.65219097e+01  7.30017605e+01  1.79999866e+02
 7.35642254e+01  4.65219097e+01  7.35642254e+01  1.79999865e+02
 7.41310241e+01  4.65219097e+01  7.41310241e+01  1.79999864e+02
 7.47021899e+01  4.65219097e+01  7.47021899e+01  1.79999863e+02
 7.52777564e+01  4.65219097e+01  7.52777564e+01  1.79999862e+02
 7.58577575e+01  4.65219097e+01  7.58577575e+01  1.79999860e+02
 7.64422274e+01  4.65219097e+01  7.64422274e+01  1.79999859e+02
 7.70312006e+01  4.65219097e+01  7.70312006e+01  1.79999858e+02
 7.76247117e+01  4.65219097e+01  7.76247117e+01  1.79999857e+02
 7.82227956e+01  4.65219097e+01  7.82227956e+01  1.79999856e+02
 7.88254877e+01  4.65219097e+01  7.88254877e+01  1.79999855e+02
 7.94328235e+01  4.65219097e+01  7.94328235e+01  1.79999854e+02
 8.00448386e+01  4.65219097e+01  8.00448386e+01  1.79999853e+02
 8.06615692e+01  4.65219097e+01  8.06615692e+01  1.79999852e+02
 8.12830516e+01  4.65219097e+01  8.12830516e+01  1.79999850e+02
 8.19093224e+01  4.65219097e+01  8.19093224e+01  1.79999849e+02
 8.25404185e+01  4.65219097e+01  8.25404185e+01  1.79999848e+02
 8.31763771e+01  4.65219097e+01  8.31763771e+01  1.79999847e+02
 8.38172356e+01  4.65219097e+01  8.38172356e+01  1.79999846e+02
 8.44630319e+01  4.65219097e+01  8.44630319e+01  1.79999845e+02
 8.51138038e+01  4.65219097e+01  8.51138038e+01  1.79999843e+02
 8.57695899e+01  4.65219097e+01  8.57695899e+01  1.79999842e+02
 8.64304286e+01  4.65219097e+01  8.64304286e+01  1.79999841e+02
 8.70963590e+01  4.65219097e+01  8.70963590e+01  1.79999840e+02
 8.77674203e+01  4.65219097e+01  8.77674203e+01  1.79999839e+02
 8.84436519e+01  4.65219097e+01  8.84436519e+01  1.79999837e+02
 8.91250938e+01  4.65219097e+01  8.91250938e+01  1.79999836e+02
 8.98117861e+01  4.65219097e+01  8.98117861e+01  1.79999835e+02
 9.05037692e+01  4.65219097e+01  9.05037692e+01  1.79999834e+02
 9.12010839e+01  4.65219097e+01  9.12010839e+01  1.79999832e+02
 9.19037713e+01  4.65219097e+01  9.19037713e+01  1.79999831e+02
 9.26118728e+01  4.65219097e+01  9.26118728e+01  1.79999830e+02
 9.33254301e+01  4.65219097e+01  9.33254301e+01  1.79999828e+02
 9.40444852e+01  4.65219097e+01  9.40444852e+01  1.79999827e+02
 9.47690805e+01  4.65219097e+01  9.47690805e+01  1.79999826e+02
 9.54992586e+01  4.65219097e+01  9.54992586e+01  1.79999824e+02
 9.62350626e+01  4.65219097e+01  9.62350626e+01  1.79999823e+02
 9.69765359e+01  4.65219097e+01  9.69765359e+01  1.79999822e+02
 9.77237221e+01  4.65219097e+01  9.77237221e+01  1.79999820e+02
 9.84766652e+01  4.65219097e+01  9.84766652e+01  1.79999819e+02
 9.92354096e+01  4.65219097e+01  9.92354096e+01  1.79999817e+02
 1.00000000e+02  4.65219097e+01  1.00000000e+02  1.79999816e+02
 1.00770481e+02  4.65219097e+01  1.00770481e+02  1.79999815e+02
 1.01546899e+02  4.65219097e+01  1.01546899e+02  1.79999813e+02
 1.02329299e+02  4.65219097e+01  1.02329299e+02  1.79999812e+02
 1.03117727e+02  4.65219097e+01  1.03117727e+02  1.79999810e+02
 1.03912230e+02  4.65219097e+01  1.03912230e+02  1.79999809e+02
 1.04712855e+02  4.65219097e+01  1.04712855e+02  1.79999807e+02
 1.05519648e+02  4.65219097e+01  1.05519648e+02  1.79999806e+02
 1.06332657e+02  4.65219097e+01  1.06332657e+02  1.79999804e+02
 1.07151931e+02  4.65219097e+01  1.07151931e+02  1.79999803e+02
 1.07977516e+02  4.65219097e+01  1.07977516e+02  1.79999801e+02
 1.08809463e+02  4.65219097e+01  1.08809463e+02  1.79999800e+02
 1.09647820e+02  4.65219097e+01  1.09647820e+02  1.79999798e+02
 1.10492636e+02  4.65219097e+01  1.10492636e+02  1.79999797e+02
 1.11343961e+02  4.65219097e+01  1.11343961e+02  1.79999795e+02
 1.12201845e+02  4.65219097e+01  1.12201845e+02  1.79999794e+02
 1.13066340e+02  4.65219097e+01  1.13066340e+02  1.79999792e+02
 1.13937495e+02  4.65219097e+01  1.13937495e+02  1.79999790e+02
 1.14815362e+02  4.65219097e+01  1.14815362e+02  1.79999789e+02
 1.15699993e+02  4.65219097e+01  1.15699993e+02  1.79999787e+02
 1.16591440e+02  4.65219097e+01  1.16591440e+02  1.79999786e+02
 1.17489755e+02  4.65219097e+01  1.17489755e+02  1.79999784e+02
 1.18394992e+02  4.65219097e+01  1.18394992e+02  1.79999782e+02
 1.19307204e+02  4.65219097e+01  1.19307204e+02  1.79999781e+02
 1.20226443e+02  4.65219097e+01  1.20226443e+02  1.79999779e+02
 1.21152766e+02  4.65219097e+01  1.21152766e+02  1.79999777e+02
 1.22086225e+02  4.65219097e+01  1.22086225e+02  1.79999775e+02
 1.23026877e+02  4.65219097e+01  1.23026877e+02  1.79999774e+02
 1.23974776e+02  4.65219097e+01  1.23974776e+02  1.79999772e+02
 1.24929979e+02  4.65219097e+01  1.24929979e+02  1.79999770e+02
 1.25892541e+02  4.65219097e+01  1.25892541e+02  1.79999768e+02
 1.26862520e+02  4.65219097e+01  1.26862520e+02  1.79999767e+02
 1.27839972e+02  4.65219097e+01  1.27839972e+02  1.79999765e+02
 1.28824955e+02  4.65219097e+01  1.28824955e+02  1.79999763e+02
 1.29817528e+02  4.65219097e+01  1.29817528e+02  1.79999761e+02
 1.30817747e+02  4.65219097e+01  1.30817747e+02  1.79999759e+02
 1.31825674e+02  4.65219097e+01  1.31825674e+02  1.79999758e+02
 1.32841366e+02  4.65219097e+01  1.32841366e+02  1.79999756e+02
 1.33864884e+02  4.65219097e+01  1.33864884e+02  1.79999754e+02
 1.34896288e+02  4.65219097e+01  1.34896288e+02  1.79999752e+02
 1.35935639e+02  4.65219097e+01  1.35935639e+02  1.79999750e+02
 1.36982998e+02  4.65219097e+01  1.36982998e+02  1.79999748e+02
 1.38038426e+02  4.65219097e+01  1.38038426e+02  1.79999746e+02
 1.39101987e+02  4.65219097e+01  1.39101987e+02  1.79999744e+02
 1.40173742e+02  4.65219097e+01  1.40173742e+02  1.79999742e+02
 1.41253754e+02  4.65219097e+01  1.41253754e+02  1.79999740e+02
 1.42342088e+02  4.65219097e+01  1.42342088e+02  1.79999738e+02
 1.43438808e+02  4.65219097e+01  1.43438808e+02  1.79999736e+02
 1.44543977e+02  4.65219097e+01  1.44543977e+02  1.79999734e+02
 1.45657662e+02  4.65219097e+01  1.45657662e+02  1.79999732e+02
 1.46779927e+02  4.65219097e+01  1.46779927e+02  1.79999730e+02
 1.47910839e+02  4.65219097e+01  1.47910839e+02  1.79999728e+02
 1.49050464e+02  4.65219097e+01  1.49050464e+02  1.79999726e+02
 1.50198870e+02  4.65219097e+01  1.50198870e+02  1.79999724e+02
 1.51356125e+02  4.65219097e+01  1.51356125e+02  1.79999722e+02
 1.52522296e+02  4.65219097e+01  1.52522296e+02  1.79999719e+02
 1.53697452e+02  4.65219097e+01  1.53697452e+02  1.79999717e+02
 1.54881662e+02  4.65219097e+01  1.54881662e+02  1.79999715e+02
 1.56074996e+02  4.65219097e+01  1.56074996e+02  1.79999713e+02
 1.57277525e+02  4.65219097e+01  1.57277525e+02  1.79999711e+02
 1.58489319e+02  4.65219097e+01  1.58489319e+02  1.79999708e+02
 1.59710450e+02  4.65219097e+01  1.59710450e+02  1.79999706e+02
 1.60940989e+02  4.65219097e+01  1.60940989e+02  1.79999704e+02
 1.62181010e+02  4.65219097e+01  1.62181010e+02  1.79999702e+02
 1.63430584e+02  4.65219097e+01  1.63430584e+02  1.79999699e+02
 1.64689787e+02  4.65219097e+01  1.64689787e+02  1.79999697e+02
 1.65958691e+02  4.65219097e+01  1.65958691e+02  1.79999695e+02
 1.67237372e+02  4.65219097e+01  1.67237372e+02  1.79999692e+02
 1.68525904e+02  4.65219097e+01  1.68525904e+02  1.79999690e+02
 1.69824365e+02  4.65219097e+01  1.69824365e+02  1.79999688e+02
 1.71132830e+02  4.65219097e+01  1.71132830e+02  1.79999685e+02
 1.72451377e+02  4.65219097e+01  1.72451377e+02  1.79999683e+02
 1.73780083e+02  4.65219097e+01  1.73780083e+02  1.79999680e+02
 1.75119026e+02  4.65219097e+01  1.75119026e+02  1.79999678e+02
 1.76468286e+02  4.65219097e+01  1.76468286e+02  1.79999675e+02
 1.77827941e+02  4.65219097e+01  1.77827941e+02  1.79999673e+02
 1.79198072e+02  4.65219097e+01  1.79198072e+02  1.79999670e+02
 1.80578760e+02  4.65219097e+01  1.80578760e+02  1.79999668e+02
 1.81970086e+02  4.65219097e+01  1.81970086e+02  1.79999665e+02
 1.83372132e+02  4.65219097e+01  1.83372132e+02  1.79999663e+02
 1.84784980e+02  4.65219097e+01  1.84784980e+02  1.79999660e+02
 1.86208714e+02  4.65219097e+01  1.86208714e+02  1.79999657e+02
 1.87643417e+02  4.65219097e+01  1.87643417e+02  1.79999655e+02
 1.89089175e+02  4.65219097e+01  1.89089175e+02  1.79999652e+02
 1.90546072e+02  4.65219097e+01  1.90546072e+02  1.79999649e+02
 1.92014194e+02  4.65219097e+01  1.92014194e+02  1.79999647e+02
 1.93493628e+02  4.65219097e+01  1.93493628e+02  1.79999644e+02
 1.94984460e+02  4.65219097e+01  1.94984460e+02  1.79999641e+02
 1.96486779e+02  4.65219097e+01  1.96486779e+02  1.79999639e+02
 1.98000673e+02  4.65219097e+01  1.98000673e+02  1.79999636e+02
 1.99526231e+02  4.65219097e+01  1.99526231e+02  1.79999633e+02
 2.01063544e+02  4.65219097e+01  2.01063544e+02  1.79999630e+02
 2.02612701e+02  4.65219097e+01  2.02612701e+02  1.79999627e+02
 2.04173794e+02  4.65219097e+01  2.04173794e+02  1.79999624e+02
 2.05746916e+02  4.65219097e+01  2.05746916e+02  1.79999622e+02
 2.07332157e+02  4.65219097e+01  2.07332157e+02  1.79999619e+02
 2.08929613e+02  4.65219097e+01  2.08929613e+02  1.79999616e+02
 2.10539377e+02  4.65219097e+01  2.10539377e+02  1.79999613e+02
 2.12161544e+02  4.65219097e+01  2.12161544e+02  1.79999610e+02
 2.13796209e+02  4.65219097e+01  2.13796209e+02  1.79999607e+02
 2.15443469e+02  4.65219097e+01  2.15443469e+02  1.79999604e+02
 2.17103421e+02  4.65219097e+01  2.17103421e+02  1.79999601e+02
 2.18776162e+02  4.65219097e+01  2.18776162e+02  1.79999598e+02
 2.20461792e+02  4.65219097e+01  2.20461792e+02  1.79999594e+02
 2.22160409e+02  4.65219097e+01  2.22160409e+02  1.79999591e+02
 2.23872114e+02  4.65219097e+01  2.23872114e+02  1.79999588e+02
 2.25597007e+02  4.65219097e+01  2.25597007e+02  1.79999585e+02
 2.27335190e+02  4.65219097e+01  2.27335190e+02  1.79999582e+02
 2.29086765e+02  4.65219097e+01  2.29086765e+02  1.79999579e+02
 2.30851836e+02  4.65219097e+01  2.30851836e+02  1.79999575e+02
 2.32630507e+02  4.65219097e+01  2.32630507e+02  1.79999572e+02
 2.34422882e+02  4.65219097e+01  2.34422882e+02  1.79999569e+02
 2.36229066e+02  4.65219097e+01  2.36229066e+02  1.79999565e+02
 2.38049167e+02  4.65219097e+01  2.38049167e+02  1.79999562e+02
 2.39883292e+02  4.65219097e+01  2.39883292e+02  1.79999559e+02
 2.41731548e+02  4.65219097e+01  2.41731548e+02  1.79999555e+02
 2.43594045e+02  4.65219097e+01  2.43594045e+02  1.79999552e+02
 2.45470892e+02  4.65219097e+01  2.45470892e+02  1.79999548e+02
 2.47362199e+02  4.65219097e+01  2.47362199e+02  1.79999545e+02
 2.49268079e+02  4.65219097e+01  2.49268079e+02  1.79999541e+02
 2.51188643e+02  4.65219097e+01  2.51188643e+02  1.79999538e+02
 2.53124005e+02  4.65219097e+01  2.53124005e+02  1.79999534e+02
 2.55074278e+02  4.65219097e+01  2.55074278e+02  1.79999531e+02
 2.57039578e+02  4.65219097e+01  2.57039578e+02  1.79999527e+02
 2.59020020e+02  4.65219097e+01  2.59020020e+02  1.79999524e+02
 2.61015722e+02  4.65219097e+01  2.61015722e+02  1.79999520e+02
 2.63026799e+02  4.65219097e+01  2.63026799e+02  1.79999516e+02
 2.65053372e+02  4.65219097e+01  2.65053372e+02  1.79999512e+02
 2.67095559e+02  4.65219097e+01  2.67095559e+02  1.79999509e+02
 2.69153480e+02  4.65219097e+01  2.69153480e+02  1.79999505e+02
 2.71227258e+02  4.65219097e+01  2.71227258e+02  1.79999501e+02
 2.73317014e+02  4.65219097e+01  2.73317014e+02  1.79999497e+02
 2.75422870e+02  4.65219097e+01  2.75422870e+02  1.79999493e+02
 2.77544952e+02  4.65219097e+01  2.77544952e+02  1.79999489e+02
 2.79683385e+02  4.65219097e+01  2.79683385e+02  1.79999486e+02
 2.81838293e+02  4.65219097e+01  2.81838293e+02  1.79999482e+02
 2.84009805e+02  4.65219097e+01  2.84009805e+02  1.79999478e+02
 2.86198048e+02  4.65219097e+01  2.86198048e+02  1.79999474e+02
 2.88403150e+02  4.65219097e+01  2.88403150e+02  1.79999469e+02
 2.90625243e+02  4.65219097e+01  2.90625243e+02  1.79999465e+02
 2.92864456e+02  4.65219097e+01  2.92864456e+02  1.79999461e+02
 2.95120923e+02  4.65219097e+01  2.95120923e+02  1.79999457e+02
 2.97394775e+02  4.65219097e+01  2.97394775e+02  1.79999453e+02
 2.99686146e+02  4.65219097e+01  2.99686146e+02  1.79999449e+02
 3.01995172e+02  4.65219097e+01  3.01995172e+02  1.79999444e+02
 3.04321989e+02  4.65219098e+01  3.04321989e+02  1.79999440e+02
 3.06666733e+02  4.65219098e+01  3.06666733e+02  1.79999436e+02
 3.09029543e+02  4.65219098e+01  3.09029543e+02  1.79999432e+02
 3.11410558e+02  4.65219098e+01  3.11410558e+02  1.79999427e+02
 3.13809919e+02  4.65219098e+01  3.13809919e+02  1.79999423e+02
 3.16227766e+02  4.65219098e+01  3.16227766e+02  1.79999418e+02
 3.18664242e+02  4.65219098e+01  3.18664242e+02  1.79999414e+02
 3.21119491e+02  4.65219098e+01  3.21119491e+02  1.79999409e+02
 3.23593657e+02  4.65219098e+01  3.23593657e+02  1.79999405e+02
 3.26086886e+02  4.65219098e+01  3.26086886e+02  1.79999400e+02
 3.28599325e+02  4.65219098e+01  3.28599325e+02  1.79999396e+02
 3.31131121e+02  4.65219098e+01  3.31131121e+02  1.79999391e+02
 3.33682425e+02  4.65219098e+01  3.33682425e+02  1.79999386e+02
 3.36253386e+02  4.65219098e+01  3.36253386e+02  1.79999381e+02
 3.38844156e+02  4.65219098e+01  3.38844156e+02  1.79999377e+02
 3.41454887e+02  4.65219098e+01  3.41454887e+02  1.79999372e+02
 3.44085734e+02  4.65219098e+01  3.44085734e+02  1.79999367e+02
 3.46736850e+02  4.65219098e+01  3.46736850e+02  1.79999362e+02
 3.49408393e+02  4.65219098e+01  3.49408393e+02  1.79999357e+02
 3.52100520e+02  4.65219098e+01  3.52100520e+02  1.79999352e+02
 3.54813389e+02  4.65219098e+01  3.54813389e+02  1.79999347e+02
 3.57547160e+02  4.65219098e+01  3.57547160e+02  1.79999342e+02
 3.60301995e+02  4.65219098e+01  3.60301995e+02  1.79999337e+02
 3.63078055e+02  4.65219098e+01  3.63078055e+02  1.79999332e+02
 3.65875504e+02  4.65219098e+01  3.65875504e+02  1.79999327e+02
 3.68694506e+02  4.65219098e+01  3.68694506e+02  1.79999322e+02
 3.71535229e+02  4.65219098e+01  3.71535229e+02  1.79999317e+02
 3.74397839e+02  4.65219098e+01  3.74397839e+02  1.79999311e+02
 3.77282505e+02  4.65219098e+01  3.77282505e+02  1.79999306e+02
 3.80189396e+02  4.65219098e+01  3.80189396e+02  1.79999301e+02
 3.83118685e+02  4.65219098e+01  3.83118685e+02  1.79999295e+02
 3.86070543e+02  4.65219098e+01  3.86070543e+02  1.79999290e+02
 3.89045145e+02  4.65219098e+01  3.89045145e+02  1.79999284e+02
 3.92042666e+02  4.65219098e+01  3.92042666e+02  1.79999279e+02
 3.95063281e+02  4.65219098e+01  3.95063281e+02  1.79999273e+02
 3.98107171e+02  4.65219098e+01  3.98107171e+02  1.79999268e+02
 4.01174512e+02  4.65219098e+01  4.01174512e+02  1.79999262e+02
 4.04265487e+02  4.65219098e+01  4.04265487e+02  1.79999256e+02
 4.07380278e+02  4.65219098e+01  4.07380278e+02  1.79999251e+02
 4.10519067e+02  4.65219098e+01  4.10519067e+02  1.79999245e+02
 4.13682040e+02  4.65219098e+01  4.13682040e+02  1.79999239e+02
 4.16869383e+02  4.65219098e+01  4.16869383e+02  1.79999233e+02
 4.20081285e+02  4.65219098e+01  4.20081285e+02  1.79999227e+02
 4.23317933e+02  4.65219098e+01  4.23317933e+02  1.79999221e+02
 4.26579519e+02  4.65219098e+01  4.26579519e+02  1.79999215e+02
 4.29866235e+02  4.65219098e+01  4.29866235e+02  1.79999209e+02
 4.33178274e+02  4.65219098e+01  4.33178274e+02  1.79999203e+02
 4.36515832e+02  4.65219098e+01  4.36515832e+02  1.79999197e+02
 4.39879106e+02  4.65219098e+01  4.39879106e+02  1.79999191e+02
 4.43268292e+02  4.65219098e+01  4.43268292e+02  1.79999185e+02
 4.46683592e+02  4.65219098e+01  4.46683592e+02  1.79999178e+02
 4.50125206e+02  4.65219098e+01  4.50125206e+02  1.79999172e+02
 4.53593337e+02  4.65219098e+01  4.53593337e+02  1.79999166e+02
 4.57088190e+02  4.65219098e+01  4.57088190e+02  1.79999159e+02
 4.60609969e+02  4.65219098e+01  4.60609969e+02  1.79999153e+02
 4.64158883e+02  4.65219098e+01  4.64158883e+02  1.79999146e+02
 4.67735141e+02  4.65219098e+01  4.67735141e+02  1.79999140e+02
 4.71338954e+02  4.65219098e+01  4.71338954e+02  1.79999133e+02
 4.74970533e+02  4.65219099e+01  4.74970533e+02  1.79999126e+02
 4.78630092e+02  4.65219099e+01  4.78630092e+02  1.79999120e+02
 4.82317848e+02  4.65219099e+01  4.82317848e+02  1.79999113e+02
 4.86034018e+02  4.65219099e+01  4.86034018e+02  1.79999106e+02
 4.89778819e+02  4.65219099e+01  4.89778819e+02  1.79999099e+02
 4.93552474e+02  4.65219099e+01  4.93552474e+02  1.79999092e+02
 4.97355204e+02  4.65219099e+01  4.97355204e+02  1.79999085e+02
 5.01187234e+02  4.65219099e+01  5.01187234e+02  1.79999078e+02
 5.05048788e+02  4.65219099e+01  5.05048788e+02  1.79999071e+02
 5.08940095e+02  4.65219099e+01  5.08940095e+02  1.79999064e+02
 5.12861384e+02  4.65219099e+01  5.12861384e+02  1.79999057e+02
 5.16812886e+02  4.65219099e+01  5.16812886e+02  1.79999049e+02
 5.20794833e+02  4.65219099e+01  5.20794833e+02  1.79999042e+02
 5.24807460e+02  4.65219099e+01  5.24807460e+02  1.79999035e+02
 5.28851004e+02  4.65219099e+01  5.28851004e+02  1.79999027e+02
 5.32925703e+02  4.65219099e+01  5.32925703e+02  1.79999020e+02
 5.37031796e+02  4.65219099e+01  5.37031796e+02  1.79999012e+02
 5.41169527e+02  4.65219099e+01  5.41169527e+02  1.79999005e+02
 5.45339137e+02  4.65219099e+01  5.45339137e+02  1.79998997e+02
 5.49540874e+02  4.65219099e+01  5.49540874e+02  1.79998989e+02
 5.53774984e+02  4.65219099e+01  5.53774984e+02  1.79998981e+02
 5.58041717e+02  4.65219099e+01  5.58041717e+02  1.79998974e+02
 5.62341325e+02  4.65219099e+01  5.62341325e+02  1.79998966e+02
 5.66674061e+02  4.65219099e+01  5.66674061e+02  1.79998958e+02
 5.71040179e+02  4.65219099e+01  5.71040179e+02  1.79998950e+02
 5.75439937e+02  4.65219099e+01  5.75439937e+02  1.79998942e+02
 5.79873595e+02  4.65219099e+01  5.79873595e+02  1.79998933e+02
 5.84341413e+02  4.65219099e+01  5.84341413e+02  1.79998925e+02
 5.88843655e+02  4.65219099e+01  5.88843655e+02  1.79998917e+02
 5.93380586e+02  4.65219099e+01  5.93380586e+02  1.79998909e+02
 5.97952473e+02  4.65219100e+01  5.97952473e+02  1.79998900e+02
 6.02559586e+02  4.65219100e+01  6.02559586e+02  1.79998892e+02
 6.07202196e+02  4.65219100e+01  6.07202196e+02  1.79998883e+02
 6.11880576e+02  4.65219100e+01  6.11880576e+02  1.79998874e+02
 6.16595002e+02  4.65219100e+01  6.16595002e+02  1.79998866e+02
 6.21345752e+02  4.65219100e+01  6.21345752e+02  1.79998857e+02
 6.26133105e+02  4.65219100e+01  6.26133105e+02  1.79998848e+02
 6.30957344e+02  4.65219100e+01  6.30957344e+02  1.79998839e+02
 6.35818754e+02  4.65219100e+01  6.35818754e+02  1.79998830e+02
 6.40717619e+02  4.65219100e+01  6.40717619e+02  1.79998821e+02
 6.45654229e+02  4.65219100e+01  6.45654229e+02  1.79998812e+02
 6.50628875e+02  4.65219100e+01  6.50628875e+02  1.79998803e+02
 6.55641849e+02  4.65219100e+01  6.55641849e+02  1.79998794e+02
 6.60693448e+02  4.65219100e+01  6.60693448e+02  1.79998785e+02
 6.65783968e+02  4.65219100e+01  6.65783968e+02  1.79998775e+02
 6.70913710e+02  4.65219100e+01  6.70913710e+02  1.79998766e+02
 6.76082975e+02  4.65219100e+01  6.76082975e+02  1.79998756e+02
 6.81292069e+02  4.65219100e+01  6.81292069e+02  1.79998747e+02
 6.86541298e+02  4.65219100e+01  6.86541298e+02  1.79998737e+02
 6.91830971e+02  4.65219100e+01  6.91830971e+02  1.79998727e+02
 6.97161400e+02  4.65219100e+01  6.97161400e+02  1.79998718e+02
 7.02532899e+02  4.65219101e+01  7.02532899e+02  1.79998708e+02
 7.07945784e+02  4.65219101e+01  7.07945784e+02  1.79998698e+02
 7.13400375e+02  4.65219101e+01  7.13400375e+02  1.79998688e+02
 7.18896992e+02  4.65219101e+01  7.18896992e+02  1.79998678e+02
 7.24435960e+02  4.65219101e+01  7.24435960e+02  1.79998667e+02
 7.30017605e+02  4.65219101e+01  7.30017605e+02  1.79998657e+02
 7.35642254e+02  4.65219101e+01  7.35642254e+02  1.79998647e+02
 7.41310241e+02  4.65219101e+01  7.41310241e+02  1.79998636e+02
 7.47021899e+02  4.65219101e+01  7.47021899e+02  1.79998626e+02
 7.52777564e+02  4.65219101e+01  7.52777564e+02  1.79998615e+02
 7.58577575e+02  4.65219101e+01  7.58577575e+02  1.79998605e+02
 7.64422274e+02  4.65219101e+01  7.64422274e+02  1.79998594e+02
 7.70312006e+02  4.65219101e+01  7.70312006e+02  1.79998583e+02
 7.76247117e+02  4.65219101e+01  7.76247117e+02  1.79998572e+02
 7.82227956e+02  4.65219101e+01  7.82227956e+02  1.79998561e+02
 7.88254877e+02  4.65219101e+01  7.88254877e+02  1.79998550e+02
 7.94328235e+02  4.65219102e+01  7.94328235e+02  1.79998539e+02
 8.00448386e+02  4.65219102e+01  8.00448386e+02  1.79998528e+02
 8.06615692e+02  4.65219102e+01  8.06615692e+02  1.79998516e+02
 8.12830516e+02  4.65219102e+01  8.12830516e+02  1.79998505e+02
 8.19093224e+02  4.65219102e+01  8.19093224e+02  1.79998493e+02
 8.25404185e+02  4.65219102e+01  8.25404185e+02  1.79998482e+02
 8.31763771e+02  4.65219102e+01  8.31763771e+02  1.79998470e+02
 8.38172356e+02  4.65219102e+01  8.38172356e+02  1.79998458e+02
 8.44630319e+02  4.65219102e+01  8.44630319e+02  1.79998446e+02
 8.51138038e+02  4.65219102e+01  8.51138038e+02  1.79998434e+02
 8.57695899e+02  4.65219102e+01  8.57695899e+02  1.79998422e+02
 8.64304286e+02  4.65219102e+01  8.64304286e+02  1.79998410e+02
 8.70963590e+02  4.65219103e+01  8.70963590e+02  1.79998398e+02
 8.77674203e+02  4.65219103e+01  8.77674203e+02  1.79998386e+02
 8.84436519e+02  4.65219103e+01  8.84436519e+02  1.79998373e+02
 8.91250938e+02  4.65219103e+01  8.91250938e+02  1.79998361e+02
 8.98117861e+02  4.65219103e+01  8.98117861e+02  1.79998348e+02
 9.05037692e+02  4.65219103e+01  9.05037692e+02  1.79998335e+02
 9.12010839e+02  4.65219103e+01  9.12010839e+02  1.79998322e+02
 9.19037713e+02  4.65219103e+01  9.19037713e+02  1.79998309e+02
 9.26118728e+02  4.65219103e+01  9.26118728e+02  1.79998296e+02
 9.33254301e+02  4.65219103e+01  9.33254301e+02  1.79998283e+02
 9.40444852e+02  4.65219103e+01  9.40444852e+02  1.79998270e+02
 9.47690805e+02  4.65219104e+01  9.47690805e+02  1.79998257e+02
 9.54992586e+02  4.65219104e+01  9.54992586e+02  1.79998243e+02
 9.62350626e+02  4.65219104e+01  9.62350626e+02  1.79998230e+02
 9.69765359e+02  4.65219104e+01  9.69765359e+02  1.79998216e+02
 9.77237221e+02  4.65219104e+01  9.77237221e+02  1.79998202e+02
 9.84766652e+02  4.65219104e+01  9.84766652e+02  1.79998189e+02
 9.92354096e+02  4.65219104e+01  9.92354096e+02  1.79998175e+02
 1.00000000e+03  4.65219104e+01  1.00000000e+03  1.79998161e+02
 1.00770481e+03  4.65219104e+01  1.00770481e+03  1.79998146e+02
 1.01546899e+03  4.65219105e+01  1.01546899e+03  1.79998132e+02
 1.02329299e+03  4.65219105e+01  1.02329299e+03  1.79998118e+02
 1.03117727e+03  4.65219105e+01  1.03117727e+03  1.79998103e+02
 1.03912230e+03  4.65219105e+01  1.03912230e+03  1.79998089e+02
 1.04712855e+03  4.65219105e+01  1.04712855e+03  1.79998074e+02
 1.05519648e+03  4.65219105e+01  1.05519648e+03  1.79998059e+02
 1.06332657e+03  4.65219105e+01  1.06332657e+03  1.79998044e+02
 1.07151931e+03  4.65219105e+01  1.07151931e+03  1.79998029e+02
 1.07977516e+03  4.65219106e+01  1.07977516e+03  1.79998014e+02
 1.08809463e+03  4.65219106e+01  1.08809463e+03  1.79997999e+02
 1.09647820e+03  4.65219106e+01  1.09647820e+03  1.79997983e+02
 1.10492636e+03  4.65219106e+01  1.10492636e+03  1.79997968e+02
 1.11343961e+03  4.65219106e+01  1.11343961e+03  1.79997952e+02
 1.12201845e+03  4.65219106e+01  1.12201845e+03  1.79997936e+02
 1.13066340e+03  4.65219106e+01  1.13066340e+03  1.79997920e+02
 1.13937495e+03  4.65219107e+01  1.13937495e+03  1.79997904e+02
 1.14815362e+03  4.65219107e+01  1.14815362e+03  1.79997888e+02
 1.15699993e+03  4.65219107e+01  1.15699993e+03  1.79997872e+02
 1.16591440e+03  4.65219107e+01  1.16591440e+03  1.79997855e+02
 1.17489755e+03  4.65219107e+01  1.17489755e+03  1.79997839e+02
 1.18394992e+03  4.65219107e+01  1.18394992e+03  1.79997822e+02
 1.19307204e+03  4.65219108e+01  1.19307204e+03  1.79997805e+02
 1.20226443e+03  4.65219108e+01  1.20226443e+03  1.79997788e+02
 1.21152766e+03  4.65219108e+01  1.21152766e+03  1.79997771e+02
 1.22086225e+03  4.65219108e+01  1.22086225e+03  1.79997754e+02
 1.23026877e+03  4.65219108e+01  1.23026877e+03  1.79997737e+02
 1.23974776e+03  4.65219108e+01  1.23974776e+03  1.79997720e+02
 1.24929979e+03  4.65219109e+01  1.24929979e+03  1.79997702e+02
 1.25892541e+03  4.65219109e+01  1.25892541e+03  1.79997684e+02
 1.26862520e+03  4.65219109e+01  1.26862520e+03  1.79997666e+02
 1.27839972e+03  4.65219109e+01  1.27839972e+03  1.79997648e+02
 1.28824955e+03  4.65219109e+01  1.28824955e+03  1.79997630e+02
 1.29817528e+03  4.65219110e+01  1.29817528e+03  1.79997612e+02
 1.30817747e+03  4.65219110e+01  1.30817747e+03  1.79997594e+02
 1.31825674e+03  4.65219110e+01  1.31825674e+03  1.79997575e+02
 1.32841366e+03  4.65219110e+01  1.32841366e+03  1.79997556e+02
 1.33864884e+03  4.65219110e+01  1.33864884e+03  1.79997538e+02
 1.34896288e+03  4.65219111e+01  1.34896288e+03  1.79997519e+02
 1.35935639e+03  4.65219111e+01  1.35935639e+03  1.79997500e+02
 1.36982998e+03  4.65219111e+01  1.36982998e+03  1.79997480e+02
 1.38038426e+03  4.65219111e+01  1.38038426e+03  1.79997461e+02
 1.39101987e+03  4.65219111e+01  1.39101987e+03  1.79997441e+02
 1.40173742e+03  4.65219112e+01  1.40173742e+03  1.79997422e+02
 1.41253754e+03  4.65219112e+01  1.41253754e+03  1.79997402e+02
 1.42342088e+03  4.65219112e+01  1.42342088e+03  1.79997382e+02
 1.43438808e+03  4.65219112e+01  1.43438808e+03  1.79997362e+02
 1.44543977e+03  4.65219113e+01  1.44543977e+03  1.79997341e+02
 1.45657662e+03  4.65219113e+01  1.45657662e+03  1.79997321e+02
 1.46779927e+03  4.65219113e+01  1.46779927e+03  1.79997300e+02
 1.47910839e+03  4.65219113e+01  1.47910839e+03  1.79997279e+02
 1.49050464e+03  4.65219114e+01  1.49050464e+03  1.79997258e+02
 1.50198870e+03  4.65219114e+01  1.50198870e+03  1.79997237e+02
 1.51356125e+03  4.65219114e+01  1.51356125e+03  1.79997216e+02
 1.52522296e+03  4.65219114e+01  1.52522296e+03  1.79997194e+02
 1.53697452e+03  4.65219115e+01  1.53697452e+03  1.79997173e+02
 1.54881662e+03  4.65219115e+01  1.54881662e+03  1.79997151e+02
 1.56074996e+03  4.65219115e+01  1.56074996e+03  1.79997129e+02
 1.57277525e+03  4.65219115e+01  1.57277525e+03  1.79997107e+02
 1.58489319e+03  4.65219116e+01  1.58489319e+03  1.79997085e+02
 1.59710450e+03  4.65219116e+01  1.59710450e+03  1.79997062e+02
 1.60940989e+03  4.65219116e+01  1.60940989e+03  1.79997040e+02
 1.62181010e+03  4.65219117e+01  1.62181010e+03  1.79997017e+02
 1.63430584e+03  4.65219117e+01  1.63430584e+03  1.79996994e+02
 1.64689787e+03  4.65219117e+01  1.64689787e+03  1.79996971e+02
 1.65958691e+03  4.65219118e+01  1.65958691e+03  1.79996947e+02
 1.67237372e+03  4.65219118e+01  1.67237372e+03  1.79996924e+02
 1.68525904e+03  4.65219118e+01  1.68525904e+03  1.79996900e+02
 1.69824365e+03  4.65219119e+01  1.69824365e+03  1.79996876e+02
 1.71132830e+03  4.65219119e+01  1.71132830e+03  1.79996852e+02
 1.72451377e+03  4.65219119e+01  1.72451377e+03  1.79996828e+02
 1.73780083e+03  4.65219120e+01  1.73780083e+03  1.79996803e+02
 1.75119026e+03  4.65219120e+01  1.75119026e+03  1.79996779e+02
 1.76468286e+03  4.65219120e+01  1.76468286e+03  1.79996754e+02
 1.77827941e+03  4.65219121e+01  1.77827941e+03  1.79996729e+02
 1.79198072e+03  4.65219121e+01  1.79198072e+03  1.79996704e+02
 1.80578760e+03  4.65219121e+01  1.80578760e+03  1.79996678e+02
 1.81970086e+03  4.65219122e+01  1.81970086e+03  1.79996653e+02
 1.83372132e+03  4.65219122e+01  1.83372132e+03  1.79996627e+02
 1.84784980e+03  4.65219123e+01  1.84784980e+03  1.79996601e+02
 1.86208714e+03  4.65219123e+01  1.86208714e+03  1.79996575e+02
 1.87643417e+03  4.65219123e+01  1.87643417e+03  1.79996548e+02
 1.89089175e+03  4.65219124e+01  1.89089175e+03  1.79996522e+02
 1.90546072e+03  4.65219124e+01  1.90546072e+03  1.79996495e+02
 1.92014194e+03  4.65219125e+01  1.92014194e+03  1.79996468e+02
 1.93493628e+03  4.65219125e+01  1.93493628e+03  1.79996441e+02
 1.94984460e+03  4.65219126e+01  1.94984460e+03  1.79996413e+02
 1.96486779e+03  4.65219126e+01  1.96486779e+03  1.79996386e+02
 1.98000673e+03  4.65219126e+01  1.98000673e+03  1.79996358e+02
 1.99526231e+03  4.65219127e+01  1.99526231e+03  1.79996330e+02
 2.01063544e+03  4.65219127e+01  2.01063544e+03  1.79996302e+02
 2.02612701e+03  4.65219128e+01  2.02612701e+03  1.79996273e+02
 2.04173794e+03  4.65219128e+01  2.04173794e+03  1.79996244e+02
 2.05746916e+03  4.65219129e+01  2.05746916e+03  1.79996215e+02
 2.07332157e+03  4.65219129e+01  2.07332157e+03  1.79996186e+02
 2.08929613e+03  4.65219130e+01  2.08929613e+03  1.79996157e+02
 2.10539377e+03  4.65219130e+01  2.10539377e+03  1.79996127e+02
 2.12161544e+03  4.65219131e+01  2.12161544e+03  1.79996097e+02
 2.13796209e+03  4.65219131e+01  2.13796209e+03  1.79996067e+02
 2.15443469e+03  4.65219132e+01  2.15443469e+03  1.79996037e+02
 2.17103421e+03  4.65219132e+01  2.17103421e+03  1.79996006e+02
 2.18776162e+03  4.65219133e+01  2.18776162e+03  1.79995976e+02
 2.20461792e+03  4.65219134e+01  2.20461792e+03  1.79995945e+02
 2.22160409e+03  4.65219134e+01  2.22160409e+03  1.79995913e+02
 2.23872114e+03  4.65219135e+01  2.23872114e+03  1.79995882e+02
 2.25597007e+03  4.65219135e+01  2.25597007e+03  1.79995850e+02
 2.27335190e+03  4.65219136e+01  2.27335190e+03  1.79995818e+02
 2.29086765e+03  4.65219136e+01  2.29086765e+03  1.79995786e+02
 2.30851836e+03  4.65219137e+01  2.30851836e+03  1.79995754e+02
 2.32630507e+03  4.65219138e+01  2.32630507e+03  1.79995721e+02
 2.34422882e+03  4.65219138e+01  2.34422882e+03  1.79995688e+02
 2.36229066e+03  4.65219139e+01  2.36229066e+03  1.79995655e+02
 2.38049167e+03  4.65219140e+01  2.38049167e+03  1.79995621e+02
 2.39883292e+03  4.65219140e+01  2.39883292e+03  1.79995587e+02
 2.41731548e+03  4.65219141e+01  2.41731548e+03  1.79995553e+02
 2.43594045e+03  4.65219142e+01  2.43594045e+03  1.79995519e+02
 2.45470892e+03  4.65219142e+01  2.45470892e+03  1.79995485e+02
 2.47362199e+03  4.65219143e+01  2.47362199e+03  1.79995450e+02
 2.49268079e+03  4.65219144e+01  2.49268079e+03  1.79995415e+02
 2.51188643e+03  4.65219144e+01  2.51188643e+03  1.79995380e+02
 2.53124005e+03  4.65219145e+01  2.53124005e+03  1.79995344e+02
 2.55074278e+03  4.65219146e+01  2.55074278e+03  1.79995308e+02
 2.57039578e+03  4.65219147e+01  2.57039578e+03  1.79995272e+02
 2.59020020e+03  4.65219147e+01  2.59020020e+03  1.79995235e+02
 2.61015722e+03  4.65219148e+01  2.61015722e+03  1.79995199e+02
 2.63026799e+03  4.65219149e+01  2.63026799e+03  1.79995162e+02
 2.65053372e+03  4.65219150e+01  2.65053372e+03  1.79995124e+02
 2.67095559e+03  4.65219151e+01  2.67095559e+03  1.79995087e+02
 2.69153480e+03  4.65219152e+01  2.69153480e+03  1.79995049e+02
 2.71227258e+03  4.65219152e+01  2.71227258e+03  1.79995011e+02
 2.73317014e+03  4.65219153e+01  2.73317014e+03  1.79994972e+02
 2.75422870e+03  4.65219154e+01  2.75422870e+03  1.79994934e+02
 2.77544952e+03  4.65219155e+01  2.77544952e+03  1.79994895e+02
 2.79683385e+03  4.65219156e+01  2.79683385e+03  1.79994855e+02
 2.81838293e+03  4.65219157e+01  2.81838293e+03  1.79994816e+02
 2.84009805e+03  4.65219158e+01  2.84009805e+03  1.79994776e+02
 2.86198048e+03  4.65219159e+01  2.86198048e+03  1.79994736e+02
 2.88403150e+03  4.65219160e+01  2.88403150e+03  1.79994695e+02
 2.90625243e+03  4.65219161e+01  2.90625243e+03  1.79994654e+02
 2.92864456e+03  4.65219162e+01  2.92864456e+03  1.79994613e+02
 2.95120923e+03  4.65219163e+01  2.95120923e+03  1.79994571e+02
 2.97394775e+03  4.65219164e+01  2.97394775e+03  1.79994530e+02
 2.99686146e+03  4.65219165e+01  2.99686146e+03  1.79994487e+02
 3.01995172e+03  4.65219166e+01  3.01995172e+03  1.79994445e+02
 3.04321989e+03  4.65219167e+01  3.04321989e+03  1.79994402e+02
 3.06666733e+03  4.65219168e+01  3.06666733e+03  1.79994359e+02
 3.09029543e+03  4.65219169e+01  3.09029543e+03  1.79994316e+02
 3.11410558e+03  4.65219170e+01  3.11410558e+03  1.79994272e+02
 3.13809919e+03  4.65219171e+01  3.13809919e+03  1.79994228e+02
 3.16227766e+03  4.65219172e+01  3.16227766e+03  1.79994183e+02
 3.18664242e+03  4.65219173e+01  3.18664242e+03  1.79994138e+02
 3.21119491e+03  4.65219175e+01  3.21119491e+03  1.79994093e+02
 3.23593657e+03  4.65219176e+01  3.23593657e+03  1.79994048e+02
 3.26086886e+03  4.65219177e+01  3.26086886e+03  1.79994002e+02
 3.28599325e+03  4.65219178e+01  3.28599325e+03  1.79993956e+02
 3.31131121e+03  4.65219180e+01  3.31131121e+03  1.79993909e+02
 3.33682425e+03  4.65219181e+01  3.33682425e+03  1.79993862e+02
 3.36253386e+03  4.65219182e+01  3.36253386e+03  1.79993815e+02
 3.38844156e+03  4.65219184e+01  3.38844156e+03  1.79993767e+02
 3.41454887e+03  4.65219185e+01  3.41454887e+03  1.79993719e+02
 3.44085734e+03  4.65219186e+01  3.44085734e+03  1.79993671e+02
 3.46736850e+03  4.65219188e+01  3.46736850e+03  1.79993622e+02
 3.49408393e+03  4.65219189e+01  3.49408393e+03  1.79993573e+02
 3.52100520e+03  4.65219190e+01  3.52100520e+03  1.79993523e+02
 3.54813389e+03  4.65219192e+01  3.54813389e+03  1.79993473e+02
 3.57547160e+03  4.65219193e+01  3.57547160e+03  1.79993423e+02
 3.60301995e+03  4.65219195e+01  3.60301995e+03  1.79993372e+02
 3.63078055e+03  4.65219196e+01  3.63078055e+03  1.79993321e+02
 3.65875504e+03  4.65219198e+01  3.65875504e+03  1.79993270e+02
 3.68694506e+03  4.65219199e+01  3.68694506e+03  1.79993218e+02
 3.71535229e+03  4.65219201e+01  3.71535229e+03  1.79993166e+02
 3.74397839e+03  4.65219203e+01  3.74397839e+03  1.79993113e+02
 3.77282505e+03  4.65219204e+01  3.77282505e+03  1.79993060e+02
 3.80189396e+03  4.65219206e+01  3.80189396e+03  1.79993007e+02
 3.83118685e+03  4.65219208e+01  3.83118685e+03  1.79992953e+02
 3.86070543e+03  4.65219209e+01  3.86070543e+03  1.79992898e+02
 3.89045145e+03  4.65219211e+01  3.89045145e+03  1.79992844e+02
 3.92042666e+03  4.65219213e+01  3.92042666e+03  1.79992789e+02
 3.95063281e+03  4.65219215e+01  3.95063281e+03  1.79992733e+02
 3.98107171e+03  4.65219217e+01  3.98107171e+03  1.79992677e+02
 4.01174512e+03  4.65219218e+01  4.01174512e+03  1.79992621e+02
 4.04265487e+03  4.65219220e+01  4.04265487e+03  1.79992564e+02
 4.07380278e+03  4.65219222e+01  4.07380278e+03  1.79992506e+02
 4.10519067e+03  4.65219224e+01  4.10519067e+03  1.79992449e+02
 4.13682040e+03  4.65219226e+01  4.13682040e+03  1.79992391e+02
 4.16869383e+03  4.65219228e+01  4.16869383e+03  1.79992332e+02
 4.20081285e+03  4.65219230e+01  4.20081285e+03  1.79992273e+02
 4.23317933e+03  4.65219232e+01  4.23317933e+03  1.79992213e+02
 4.26579519e+03  4.65219234e+01  4.26579519e+03  1.79992153e+02
 4.29866235e+03  4.65219236e+01  4.29866235e+03  1.79992093e+02
 4.33178274e+03  4.65219239e+01  4.33178274e+03  1.79992032e+02
 4.36515832e+03  4.65219241e+01  4.36515832e+03  1.79991970e+02
 4.39879106e+03  4.65219243e+01  4.39879106e+03  1.79991909e+02
 4.43268292e+03  4.65219245e+01  4.43268292e+03  1.79991846e+02
 4.46683592e+03  4.65219248e+01  4.46683592e+03  1.79991783e+02
 4.50125206e+03  4.65219250e+01  4.50125206e+03  1.79991720e+02
 4.53593337e+03  4.65219252e+01  4.53593337e+03  1.79991656e+02
 4.57088190e+03  4.65219255e+01  4.57088190e+03  1.79991592e+02
 4.60609969e+03  4.65219257e+01  4.60609969e+03  1.79991527e+02
 4.64158883e+03  4.65219260e+01  4.64158883e+03  1.79991462e+02
 4.67735141e+03  4.65219262e+01  4.67735141e+03  1.79991396e+02
 4.71338954e+03  4.65219265e+01  4.71338954e+03  1.79991330e+02
 4.74970533e+03  4.65219267e+01  4.74970533e+03  1.79991263e+02
 4.78630092e+03  4.65219270e+01  4.78630092e+03  1.79991196e+02
 4.82317848e+03  4.65219273e+01  4.82317848e+03  1.79991128e+02
 4.86034018e+03  4.65219275e+01  4.86034018e+03  1.79991060e+02
 4.89778819e+03  4.65219278e+01  4.89778819e+03  1.79990991e+02
 4.93552474e+03  4.65219281e+01  4.93552474e+03  1.79990921e+02
 4.97355204e+03  4.65219284e+01  4.97355204e+03  1.79990851e+02
 5.01187234e+03  4.65219287e+01  5.01187234e+03  1.79990781e+02
 5.05048788e+03  4.65219289e+01  5.05048788e+03  1.79990710e+02
 5.08940095e+03  4.65219292e+01  5.08940095e+03  1.79990638e+02
 5.12861384e+03  4.65219295e+01  5.12861384e+03  1.79990566e+02
 5.16812886e+03  4.65219299e+01  5.16812886e+03  1.79990493e+02
 5.20794833e+03  4.65219302e+01  5.20794833e+03  1.79990420e+02
 5.24807460e+03  4.65219305e+01  5.24807460e+03  1.79990346e+02
 5.28851004e+03  4.65219308e+01  5.28851004e+03  1.79990272e+02
 5.32925703e+03  4.65219311e+01  5.32925703e+03  1.79990197e+02
 5.37031796e+03  4.65219315e+01  5.37031796e+03  1.79990122e+02
 5.41169527e+03  4.65219318e+01  5.41169527e+03  1.79990045e+02
 5.45339137e+03  4.65219321e+01  5.45339137e+03  1.79989969e+02
 5.49540874e+03  4.65219325e+01  5.49540874e+03  1.79989891e+02
 5.53774984e+03  4.65219328e+01  5.53774984e+03  1.79989814e+02
 5.58041717e+03  4.65219332e+01  5.58041717e+03  1.79989735e+02
 5.62341325e+03  4.65219336e+01  5.62341325e+03  1.79989656e+02
 5.66674061e+03  4.65219339e+01  5.66674061e+03  1.79989576e+02
 5.71040179e+03  4.65219343e+01  5.71040179e+03  1.79989496e+02
 5.75439937e+03  4.65219347e+01  5.75439937e+03  1.79989415e+02
 5.79873595e+03  4.65219351e+01  5.79873595e+03  1.79989333e+02
 5.84341413e+03  4.65219355e+01  5.84341413e+03  1.79989251e+02
 5.88843655e+03  4.65219359e+01  5.88843655e+03  1.79989168e+02
 5.93380586e+03  4.65219363e+01  5.93380586e+03  1.79989085e+02
 5.97952473e+03  4.65219367e+01  5.97952473e+03  1.79989001e+02
 6.02559586e+03  4.65219371e+01  6.02559586e+03  1.79988916e+02
 6.07202196e+03  4.65219375e+01  6.07202196e+03  1.79988831e+02
 6.11880576e+03  4.65219380e+01  6.11880576e+03  1.79988745e+02
 6.16595002e+03  4.65219384e+01  6.16595002e+03  1.79988658e+02
 6.21345752e+03  4.65219388e+01  6.21345752e+03  1.79988571e+02
 6.26133105e+03  4.65219393e+01  6.26133105e+03  1.79988483e+02
 6.30957344e+03  4.65219397e+01  6.30957344e+03  1.79988394e+02
 6.35818754e+03  4.65219402e+01  6.35818754e+03  1.79988304e+02
 6.40717619e+03  4.65219407e+01  6.40717619e+03  1.79988214e+02
 6.45654229e+03  4.65219412e+01  6.45654229e+03  1.79988123e+02
 6.50628875e+03  4.65219417e+01  6.50628875e+03  1.79988032e+02
 6.55641849e+03  4.65219421e+01  6.55641849e+03  1.79987940e+02
 6.60693448e+03  4.65219426e+01  6.60693448e+03  1.79987847e+02
 6.65783968e+03  4.65219432e+01  6.65783968e+03  1.79987753e+02
 6.70913710e+03  4.65219437e+01  6.70913710e+03  1.79987659e+02
 6.76082975e+03  4.65219442e+01  6.76082975e+03  1.79987564e+02
 6.81292069e+03  4.65219447e+01  6.81292069e+03  1.79987468e+02
 6.86541298e+03  4.65219453e+01  6.86541298e+03  1.79987371e+02
 6.91830971e+03  4.65219458e+01  6.91830971e+03  1.79987274e+02
 6.97161400e+03  4.65219464e+01  6.97161400e+03  1.79987176e+02
 7.02532899e+03  4.65219470e+01  7.02532899e+03  1.79987077e+02
 7.07945784e+03  4.65219475e+01  7.07945784e+03  1.79986978e+02
 7.13400375e+03  4.65219481e+01  7.13400375e+03  1.79986877e+02
 7.18896992e+03  4.65219487e+01  7.18896992e+03  1.79986776e+02
 7.24435960e+03  4.65219493e+01  7.24435960e+03  1.79986674e+02
 7.30017605e+03  4.65219499e+01  7.30017605e+03  1.79986572e+02
 7.35642254e+03  4.65219506e+01  7.35642254e+03  1.79986468e+02
 7.41310241e+03  4.65219512e+01  7.41310241e+03  1.79986364e+02
 7.47021899e+03  4.65219518e+01  7.47021899e+03  1.79986259e+02
 7.52777564e+03  4.65219525e+01  7.52777564e+03  1.79986153e+02
 7.58577575e+03  4.65219531e+01  7.58577575e+03  1.79986046e+02
 7.64422274e+03  4.65219538e+01  7.64422274e+03  1.79985939e+02
 7.70312006e+03  4.65219545e+01  7.70312006e+03  1.79985830e+02
 7.76247117e+03  4.65219552e+01  7.76247117e+03  1.79985721e+02
 7.82227956e+03  4.65219559e+01  7.82227956e+03  1.79985611e+02
 7.88254877e+03  4.65219566e+01  7.88254877e+03  1.79985500e+02
 7.94328235e+03  4.65219573e+01  7.94328235e+03  1.79985389e+02
 8.00448386e+03  4.65219581e+01  8.00448386e+03  1.79985276e+02
 8.06615692e+03  4.65219588e+01  8.06615692e+03  1.79985163e+02
 8.12830516e+03  4.65219596e+01  8.12830516e+03  1.79985048e+02
 8.19093224e+03  4.65219604e+01  8.19093224e+03  1.79984933e+02
 8.25404185e+03  4.65219611e+01  8.25404185e+03  1.79984817e+02
 8.31763771e+03  4.65219619e+01  8.31763771e+03  1.79984700e+02
 8.38172356e+03  4.65219627e+01  8.38172356e+03  1.79984582e+02
 8.44630319e+03  4.65219636e+01  8.44630319e+03  1.79984463e+02
 8.51138038e+03  4.65219644e+01  8.51138038e+03  1.79984344e+02
 8.57695899e+03  4.65219652e+01  8.57695899e+03  1.79984223e+02
 8.64304286e+03  4.65219661e+01  8.64304286e+03  1.79984101e+02
 8.70963590e+03  4.65219670e+01  8.70963590e+03  1.79983979e+02
 8.77674203e+03  4.65219679e+01  8.77674203e+03  1.79983855e+02
 8.84436519e+03  4.65219688e+01  8.84436519e+03  1.79983731e+02
 8.91250938e+03  4.65219697e+01  8.91250938e+03  1.79983606e+02
 8.98117861e+03  4.65219706e+01  8.98117861e+03  1.79983479e+02
 9.05037692e+03  4.65219715e+01  9.05037692e+03  1.79983352e+02
 9.12010839e+03  4.65219725e+01  9.12010839e+03  1.79983224e+02
 9.19037713e+03  4.65219735e+01  9.19037713e+03  1.79983095e+02
 9.26118728e+03  4.65219745e+01  9.26118728e+03  1.79982964e+02
 9.33254301e+03  4.65219755e+01  9.33254301e+03  1.79982833e+02
 9.40444852e+03  4.65219765e+01  9.40444852e+03  1.79982701e+02
 9.47690805e+03  4.65219775e+01  9.47690805e+03  1.79982567e+02
 9.54992586e+03  4.65219786e+01  9.54992586e+03  1.79982433e+02
 9.62350626e+03  4.65219796e+01  9.62350626e+03  1.79982298e+02
 9.69765359e+03  4.65219807e+01  9.69765359e+03  1.79982161e+02
 9.77237221e+03  4.65219818e+01  9.77237221e+03  1.79982024e+02
 9.84766652e+03  4.65219829e+01  9.84766652e+03  1.79981885e+02
 9.92354096e+03  4.65219841e+01  9.92354096e+03  1.79981746e+02
 1.00000000e+04  4.65219852e+01  1.00000000e+04  1.79981605e+02
 1.00770481e+04  4.65219864e+01  1.00770481e+04  1.79981464e+02
 1.01546899e+04  4.65219876e+01  1.01546899e+04  1.79981321e+02
 1.02329299e+04  4.65219888e+01  1.02329299e+04  1.79981177e+02
 1.03117727e+04  4.65219900e+01  1.03117727e+04  1.79981032e+02
 1.03912230e+04  4.65219912e+01  1.03912230e+04  1.79980886e+02
 1.04712855e+04  4.65219925e+01  1.04712855e+04  1.79980738e+02
 1.05519648e+04  4.65219938e+01  1.05519648e+04  1.79980590e+02
 1.06332657e+04  4.65219951e+01  1.06332657e+04  1.79980440e+02
 1.07151931e+04  4.65219964e+01  1.07151931e+04  1.79980290e+02
 1.07977516e+04  4.65219977e+01  1.07977516e+04  1.79980138e+02
 1.08809463e+04  4.65219991e+01  1.08809463e+04  1.79979985e+02
 1.09647820e+04  4.65220005e+01  1.09647820e+04  1.79979830e+02
 1.10492636e+04  4.65220019e+01  1.10492636e+04  1.79979675e+02
 1.11343961e+04  4.65220033e+01  1.11343961e+04  1.79979518e+02
 1.12201845e+04  4.65220048e+01  1.12201845e+04  1.79979361e+02
 1.13066340e+04  4.65220062e+01  1.13066340e+04  1.79979202e+02
 1.13937495e+04  4.65220077e+01  1.13937495e+04  1.79979041e+02
 1.14815362e+04  4.65220092e+01  1.14815362e+04  1.79978880e+02
 1.15699993e+04  4.65220108e+01  1.15699993e+04  1.79978717e+02
 1.16591440e+04  4.65220124e+01  1.16591440e+04  1.79978553e+02
 1.17489755e+04  4.65220139e+01  1.17489755e+04  1.79978388e+02
 1.18394992e+04  4.65220156e+01  1.18394992e+04  1.79978221e+02
 1.19307204e+04  4.65220172e+01  1.19307204e+04  1.79978054e+02
 1.20226443e+04  4.65220189e+01  1.20226443e+04  1.79977884e+02
 1.21152766e+04  4.65220205e+01  1.21152766e+04  1.79977714e+02
 1.22086225e+04  4.65220223e+01  1.22086225e+04  1.79977542e+02
 1.23026877e+04  4.65220240e+01  1.23026877e+04  1.79977369e+02
 1.23974776e+04  4.65220258e+01  1.23974776e+04  1.79977195e+02
 1.24929979e+04  4.65220276e+01  1.24929979e+04  1.79977019e+02
 1.25892541e+04  4.65220294e+01  1.25892541e+04  1.79976842e+02
 1.26862520e+04  4.65220312e+01  1.26862520e+04  1.79976664e+02
 1.27839972e+04  4.65220331e+01  1.27839972e+04  1.79976484e+02
 1.28824955e+04  4.65220350e+01  1.28824955e+04  1.79976303e+02
 1.29817528e+04  4.65220370e+01  1.29817528e+04  1.79976120e+02
 1.30817747e+04  4.65220389e+01  1.30817747e+04  1.79975936e+02
 1.31825674e+04  4.65220409e+01  1.31825674e+04  1.79975751e+02
 1.32841366e+04  4.65220430e+01  1.32841366e+04  1.79975564e+02
 1.33864884e+04  4.65220450e+01  1.33864884e+04  1.79975376e+02
 1.34896288e+04  4.65220471e+01  1.34896288e+04  1.79975186e+02
 1.35935639e+04  4.65220492e+01  1.35935639e+04  1.79974995e+02
 1.36982998e+04  4.65220514e+01  1.36982998e+04  1.79974802e+02
 1.38038426e+04  4.65220536e+01  1.38038426e+04  1.79974608e+02
 1.39101987e+04  4.65220558e+01  1.39101987e+04  1.79974412e+02
 1.40173742e+04  4.65220581e+01  1.40173742e+04  1.79974215e+02
 1.41253754e+04  4.65220604e+01  1.41253754e+04  1.79974016e+02
 1.42342088e+04  4.65220627e+01  1.42342088e+04  1.79973816e+02
 1.43438808e+04  4.65220651e+01  1.43438808e+04  1.79973614e+02
 1.44543977e+04  4.65220675e+01  1.44543977e+04  1.79973411e+02
 1.45657662e+04  4.65220699e+01  1.45657662e+04  1.79973206e+02
 1.46779927e+04  4.65220724e+01  1.46779927e+04  1.79973000e+02
 1.47910839e+04  4.65220749e+01  1.47910839e+04  1.79972792e+02
 1.49050464e+04  4.65220775e+01  1.49050464e+04  1.79972582e+02
 1.50198870e+04  4.65220801e+01  1.50198870e+04  1.79972371e+02
 1.51356125e+04  4.65220827e+01  1.51356125e+04  1.79972158e+02
 1.52522296e+04  4.65220854e+01  1.52522296e+04  1.79971943e+02
 1.53697452e+04  4.65220881e+01  1.53697452e+04  1.79971727e+02
 1.54881662e+04  4.65220909e+01  1.54881662e+04  1.79971509e+02
 1.56074996e+04  4.65220937e+01  1.56074996e+04  1.79971290e+02
 1.57277525e+04  4.65220965e+01  1.57277525e+04  1.79971069e+02
 1.58489319e+04  4.65220994e+01  1.58489319e+04  1.79970846e+02
 1.59710450e+04  4.65221023e+01  1.59710450e+04  1.79970621e+02
 1.60940989e+04  4.65221053e+01  1.60940989e+04  1.79970395e+02
 1.62181010e+04  4.65221083e+01  1.62181010e+04  1.79970166e+02
 1.63430584e+04  4.65221114e+01  1.63430584e+04  1.79969937e+02
 1.64689787e+04  4.65221145e+01  1.64689787e+04  1.79969705e+02
 1.65958691e+04  4.65221177e+01  1.65958691e+04  1.79969472e+02
 1.67237372e+04  4.65221209e+01  1.67237372e+04  1.79969236e+02
 1.68525904e+04  4.65221242e+01  1.68525904e+04  1.79968999e+02
 1.69824365e+04  4.65221275e+01  1.69824365e+04  1.79968760e+02
 1.71132830e+04  4.65221309e+01  1.71132830e+04  1.79968520e+02
 1.72451377e+04  4.65221343e+01  1.72451377e+04  1.79968277e+02
 1.73780083e+04  4.65221378e+01  1.73780083e+04  1.79968033e+02
 1.75119026e+04  4.65221413e+01  1.75119026e+04  1.79967786e+02
 1.76468286e+04  4.65221449e+01  1.76468286e+04  1.79967538e+02
 1.77827941e+04  4.65221485e+01  1.77827941e+04  1.79967288e+02
 1.79198072e+04  4.65221522e+01  1.79198072e+04  1.79967036e+02
 1.80578760e+04  4.65221560e+01  1.80578760e+04  1.79966782e+02
 1.81970086e+04  4.65221598e+01  1.81970086e+04  1.79966526e+02
 1.83372132e+04  4.65221636e+01  1.83372132e+04  1.79966268e+02
 1.84784980e+04  4.65221676e+01  1.84784980e+04  1.79966008e+02
 1.86208714e+04  4.65221716e+01  1.86208714e+04  1.79965746e+02
 1.87643417e+04  4.65221756e+01  1.87643417e+04  1.79965482e+02
 1.89089175e+04  4.65221797e+01  1.89089175e+04  1.79965216e+02
 1.90546072e+04  4.65221839e+01  1.90546072e+04  1.79964948e+02
 1.92014194e+04  4.65221882e+01  1.92014194e+04  1.79964678e+02
 1.93493628e+04  4.65221925e+01  1.93493628e+04  1.79964406e+02
 1.94984460e+04  4.65221968e+01  1.94984460e+04  1.79964132e+02
 1.96486779e+04  4.65222013e+01  1.96486779e+04  1.79963855e+02
 1.98000673e+04  4.65222058e+01  1.98000673e+04  1.79963577e+02
 1.99526231e+04  4.65222104e+01  1.99526231e+04  1.79963296e+02
 2.01063544e+04  4.65222150e+01  2.01063544e+04  1.79963013e+02
 2.02612701e+04  4.65222198e+01  2.02612701e+04  1.79962728e+02
 2.04173794e+04  4.65222245e+01  2.04173794e+04  1.79962441e+02
 2.05746916e+04  4.65222294e+01  2.05746916e+04  1.79962152e+02
 2.07332157e+04  4.65222344e+01  2.07332157e+04  1.79961860e+02
 2.08929613e+04  4.65222394e+01  2.08929613e+04  1.79961566e+02
 2.10539377e+04  4.65222445e+01  2.10539377e+04  1.79961270e+02
 2.12161544e+04  4.65222497e+01  2.12161544e+04  1.79960971e+02
 2.13796209e+04  4.65222549e+01  2.13796209e+04  1.79960671e+02
 2.15443469e+04  4.65222603e+01  2.15443469e+04  1.79960368e+02
 2.17103421e+04  4.65222657e+01  2.17103421e+04  1.79960062e+02
 2.18776162e+04  4.65222712e+01  2.18776162e+04  1.79959754e+02
 2.20461792e+04  4.65222768e+01  2.20461792e+04  1.79959444e+02
 2.22160409e+04  4.65222825e+01  2.22160409e+04  1.79959132e+02
 2.23872114e+04  4.65222882e+01  2.23872114e+04  1.79958817e+02
 2.25597007e+04  4.65222941e+01  2.25597007e+04  1.79958500e+02
 2.27335190e+04  4.65223000e+01  2.27335190e+04  1.79958180e+02
 2.29086765e+04  4.65223061e+01  2.29086765e+04  1.79957857e+02
 2.30851836e+04  4.65223122e+01  2.30851836e+04  1.79957533e+02
 2.32630507e+04  4.65223184e+01  2.32630507e+04  1.79957206e+02
 2.34422882e+04  4.65223248e+01  2.34422882e+04  1.79956876e+02
 2.36229066e+04  4.65223312e+01  2.36229066e+04  1.79956543e+02
 2.38049167e+04  4.65223377e+01  2.38049167e+04  1.79956209e+02
 2.39883292e+04  4.65223443e+01  2.39883292e+04  1.79955871e+02
 2.41731548e+04  4.65223510e+01  2.41731548e+04  1.79955531e+02
 2.43594045e+04  4.65223579e+01  2.43594045e+04  1.79955188e+02
 2.45470892e+04  4.65223648e+01  2.45470892e+04  1.79954843e+02
 2.47362199e+04  4.65223718e+01  2.47362199e+04  1.79954495e+02
 2.49268079e+04  4.65223790e+01  2.49268079e+04  1.79954144e+02
 2.51188643e+04  4.65223863e+01  2.51188643e+04  1.79953791e+02
 2.53124005e+04  4.65223936e+01  2.53124005e+04  1.79953435e+02
 2.55074278e+04  4.65224011e+01  2.55074278e+04  1.79953076e+02
 2.57039578e+04  4.65224087e+01  2.57039578e+04  1.79952714e+02
 2.59020020e+04  4.65224164e+01  2.59020020e+04  1.79952350e+02
 2.61015722e+04  4.65224243e+01  2.61015722e+04  1.79951983e+02
 2.63026799e+04  4.65224322e+01  2.63026799e+04  1.79951613e+02
 2.65053372e+04  4.65224403e+01  2.65053372e+04  1.79951240e+02
 2.67095559e+04  4.65224485e+01  2.67095559e+04  1.79950864e+02
 2.69153480e+04  4.65224569e+01  2.69153480e+04  1.79950485e+02
 2.71227258e+04  4.65224653e+01  2.71227258e+04  1.79950104e+02
 2.73317014e+04  4.65224739e+01  2.73317014e+04  1.79949719e+02
 2.75422870e+04  4.65224826e+01  2.75422870e+04  1.79949332e+02
 2.77544952e+04  4.65224915e+01  2.77544952e+04  1.79948941e+02
 2.79683385e+04  4.65225005e+01  2.79683385e+04  1.79948548e+02
 2.81838293e+04  4.65225096e+01  2.81838293e+04  1.79948151e+02
 2.84009805e+04  4.65225189e+01  2.84009805e+04  1.79947752e+02
 2.86198048e+04  4.65225284e+01  2.86198048e+04  1.79947349e+02
 2.88403150e+04  4.65225379e+01  2.88403150e+04  1.79946943e+02
 2.90625243e+04  4.65225476e+01  2.90625243e+04  1.79946535e+02
 2.92864456e+04  4.65225575e+01  2.92864456e+04  1.79946123e+02
 2.95120923e+04  4.65225675e+01  2.95120923e+04  1.79945707e+02
 2.97394775e+04  4.65225777e+01  2.97394775e+04  1.79945289e+02
 2.99686146e+04  4.65225880e+01  2.99686146e+04  1.79944867e+02
 3.01995172e+04  4.65225985e+01  3.01995172e+04  1.79944442e+02
 3.04321989e+04  4.65226092e+01  3.04321989e+04  1.79944014e+02
 3.06666733e+04  4.65226200e+01  3.06666733e+04  1.79943583e+02
 3.09029543e+04  4.65226310e+01  3.09029543e+04  1.79943148e+02
 3.11410558e+04  4.65226422e+01  3.11410558e+04  1.79942710e+02
 3.13809919e+04  4.65226535e+01  3.13809919e+04  1.79942268e+02
 3.16227766e+04  4.65226650e+01  3.16227766e+04  1.79941823e+02
 3.18664242e+04  4.65226767e+01  3.18664242e+04  1.79941375e+02
 3.21119491e+04  4.65226885e+01  3.21119491e+04  1.79940923e+02
 3.23593657e+04  4.65227006e+01  3.23593657e+04  1.79940468e+02
 3.26086886e+04  4.65227128e+01  3.26086886e+04  1.79940009e+02
 3.28599325e+04  4.65227253e+01  3.28599325e+04  1.79939547e+02
 3.31131121e+04  4.65227379e+01  3.31131121e+04  1.79939081e+02
 3.33682425e+04  4.65227507e+01  3.33682425e+04  1.79938611e+02
 3.36253386e+04  4.65227637e+01  3.36253386e+04  1.79938138e+02
 3.38844156e+04  4.65227769e+01  3.38844156e+04  1.79937661e+02
 3.41454887e+04  4.65227903e+01  3.41454887e+04  1.79937181e+02
 3.44085734e+04  4.65228039e+01  3.44085734e+04  1.79936697e+02
 3.46736850e+04  4.65228178e+01  3.46736850e+04  1.79936209e+02
 3.49408393e+04  4.65228318e+01  3.49408393e+04  1.79935717e+02
 3.52100520e+04  4.65228461e+01  3.52100520e+04  1.79935222e+02
 3.54813389e+04  4.65228606e+01  3.54813389e+04  1.79934722e+02
 3.57547160e+04  4.65228753e+01  3.57547160e+04  1.79934219e+02
 3.60301995e+04  4.65228902e+01  3.60301995e+04  1.79933712e+02
 3.63078055e+04  4.65229054e+01  3.63078055e+04  1.79933201e+02
 3.65875504e+04  4.65229208e+01  3.65875504e+04  1.79932686e+02
 3.68694506e+04  4.65229364e+01  3.68694506e+04  1.79932167e+02
 3.71535229e+04  4.65229523e+01  3.71535229e+04  1.79931645e+02
 3.74397839e+04  4.65229685e+01  3.74397839e+04  1.79931118e+02
 3.77282505e+04  4.65229848e+01  3.77282505e+04  1.79930587e+02
 3.80189396e+04  4.65230015e+01  3.80189396e+04  1.79930052e+02
 3.83118685e+04  4.65230184e+01  3.83118685e+04  1.79929513e+02
 3.86070543e+04  4.65230355e+01  3.86070543e+04  1.79928969e+02
 3.89045145e+04  4.65230529e+01  3.89045145e+04  1.79928422e+02
 3.92042666e+04  4.65230706e+01  3.92042666e+04  1.79927870e+02
 3.95063281e+04  4.65230886e+01  3.95063281e+04  1.79927314e+02
 3.98107171e+04  4.65231068e+01  3.98107171e+04  1.79926754e+02
 4.01174512e+04  4.65231253e+01  4.01174512e+04  1.79926189e+02
 4.04265487e+04  4.65231441e+01  4.04265487e+04  1.79925620e+02
 4.07380278e+04  4.65231632e+01  4.07380278e+04  1.79925047e+02
 4.10519067e+04  4.65231826e+01  4.10519067e+04  1.79924469e+02
 4.13682040e+04  4.65232023e+01  4.13682040e+04  1.79923887e+02
 4.16869383e+04  4.65232223e+01  4.16869383e+04  1.79923300e+02
 4.20081285e+04  4.65232426e+01  4.20081285e+04  1.79922709e+02
 4.23317933e+04  4.65232633e+01  4.23317933e+04  1.79922113e+02
 4.26579519e+04  4.65232842e+01  4.26579519e+04  1.79921513e+02
 4.29866235e+04  4.65233055e+01  4.29866235e+04  1.79920908e+02
 4.33178274e+04  4.65233270e+01  4.33178274e+04  1.79920298e+02
 4.36515832e+04  4.65233490e+01  4.36515832e+04  1.79919683e+02
 4.39879106e+04  4.65233712e+01  4.39879106e+04  1.79919064e+02
 4.43268292e+04  4.65233939e+01  4.43268292e+04  1.79918440e+02
 4.46683592e+04  4.65234168e+01  4.46683592e+04  1.79917812e+02
 4.50125206e+04  4.65234401e+01  4.50125206e+04  1.79917178e+02
 4.53593337e+04  4.65234638e+01  4.53593337e+04  1.79916539e+02
 4.57088190e+04  4.65234878e+01  4.57088190e+04  1.79915896e+02
 4.60609969e+04  4.65235123e+01  4.60609969e+04  1.79915248e+02
 4.64158883e+04  4.65235371e+01  4.64158883e+04  1.79914594e+02
 4.67735141e+04  4.65235622e+01  4.67735141e+04  1.79913936e+02
 4.71338954e+04  4.65235878e+01  4.71338954e+04  1.79913272e+02
 4.74970533e+04  4.65236138e+01  4.74970533e+04  1.79912604e+02
 4.78630092e+04  4.65236401e+01  4.78630092e+04  1.79911930e+02
 4.82317848e+04  4.65236669e+01  4.82317848e+04  1.79911251e+02
 4.86034018e+04  4.65236941e+01  4.86034018e+04  1.79910567e+02
 4.89778819e+04  4.65237217e+01  4.89778819e+04  1.79909877e+02
 4.93552474e+04  4.65237497e+01  4.93552474e+04  1.79909182e+02
 4.97355204e+04  4.65237782e+01  4.97355204e+04  1.79908482e+02
 5.01187234e+04  4.65238071e+01  5.01187234e+04  1.79907776e+02
 5.05048788e+04  4.65238364e+01  5.05048788e+04  1.79907065e+02
 5.08940095e+04  4.65238663e+01  5.08940095e+04  1.79906349e+02
 5.12861384e+04  4.65238965e+01  5.12861384e+04  1.79905627e+02
 5.16812886e+04  4.65239272e+01  5.16812886e+04  1.79904899e+02
 5.20794833e+04  4.65239585e+01  5.20794833e+04  1.79904166e+02
 5.24807460e+04  4.65239901e+01  5.24807460e+04  1.79903427e+02
 5.28851004e+04  4.65240223e+01  5.28851004e+04  1.79902682e+02
 5.32925703e+04  4.65240551e+01  5.32925703e+04  1.79901932e+02
 5.37031796e+04  4.65240883e+01  5.37031796e+04  1.79901175e+02
 5.41169527e+04  4.65241220e+01  5.41169527e+04  1.79900413e+02
 5.45339137e+04  4.65241561e+01  5.45339137e+04  1.79899645e+02
 5.49540874e+04  4.65241909e+01  5.49540874e+04  1.79898872e+02
 5.53774984e+04  4.65242262e+01  5.53774984e+04  1.79898092e+02
 5.58041717e+04  4.65242621e+01  5.58041717e+04  1.79897306e+02
 5.62341325e+04  4.65242984e+01  5.62341325e+04  1.79896514e+02
 5.66674061e+04  4.65243354e+01  5.66674061e+04  1.79895716e+02
 5.71040179e+04  4.65243729e+01  5.71040179e+04  1.79894912e+02
 5.75439937e+04  4.65244110e+01  5.75439937e+04  1.79894101e+02
 5.79873595e+04  4.65244497e+01  5.79873595e+04  1.79893284e+02
 5.84341413e+04  4.65244890e+01  5.84341413e+04  1.79892461e+02
 5.88843655e+04  4.65245289e+01  5.88843655e+04  1.79891632e+02
 5.93380586e+04  4.65245694e+01  5.93380586e+04  1.79890796e+02
 5.97952473e+04  4.65246106e+01  5.97952473e+04  1.79889954e+02
 6.02559586e+04  4.65246524e+01  6.02559586e+04  1.79889105e+02
 6.07202196e+04  4.65246948e+01  6.07202196e+04  1.79888250e+02
 6.11880576e+04  4.65247379e+01  6.11880576e+04  1.79887388e+02
 6.16595002e+04  4.65247817e+01  6.16595002e+04  1.79886519e+02
 6.21345752e+04  4.65248261e+01  6.21345752e+04  1.79885644e+02
 6.26133105e+04  4.65248712e+01  6.26133105e+04  1.79884762e+02
 6.30957344e+04  4.65249171e+01  6.30957344e+04  1.79883873e+02
 6.35818754e+04  4.65249636e+01  6.35818754e+04  1.79882977e+02
 6.40717619e+04  4.65250108e+01  6.40717619e+04  1.79882075e+02
 6.45654229e+04  4.65250588e+01  6.45654229e+04  1.79881165e+02
 6.50628875e+04  4.65251076e+01  6.50628875e+04  1.79880248e+02
 6.55641849e+04  4.65251570e+01  6.55641849e+04  1.79879325e+02
 6.60693448e+04  4.65252072e+01  6.60693448e+04  1.79878394e+02
 6.65783968e+04  4.65252582e+01  6.65783968e+04  1.79877456e+02
 6.70913710e+04  4.65253100e+01  6.70913710e+04  1.79876510e+02
 6.76082975e+04  4.65253627e+01  6.76082975e+04  1.79875558e+02
 6.81292069e+04  4.65254161e+01  6.81292069e+04  1.79874598e+02
 6.86541298e+04  4.65254704e+01  6.86541298e+04  1.79873630e+02
 6.91830971e+04  4.65255255e+01  6.91830971e+04  1.79872655e+02
 6.97161400e+04  4.65255814e+01  6.97161400e+04  1.79871673e+02
 7.02532899e+04  4.65256383e+01  7.02532899e+04  1.79870682e+02
 7.07945784e+04  4.65256959e+01  7.07945784e+04  1.79869685e+02
 7.13400375e+04  4.65257544e+01  7.13400375e+04  1.79868679e+02
 7.18896992e+04  4.65258139e+01  7.18896992e+04  1.79867666e+02
 7.24435960e+04  4.65258744e+01  7.24435960e+04  1.79866645e+02
 7.30017605e+04  4.65259357e+01  7.30017605e+04  1.79865616e+02
 7.35642254e+04  4.65259980e+01  7.35642254e+04  1.79864579e+02
 7.41310241e+04  4.65260613e+01  7.41310241e+04  1.79863534e+02
 7.47021899e+04  4.65261254e+01  7.47021899e+04  1.79862481e+02
 7.52777564e+04  4.65261907e+01  7.52777564e+04  1.79861419e+02
 7.58577575e+04  4.65262569e+01  7.58577575e+04  1.79860350e+02
 7.64422274e+04  4.65263242e+01  7.64422274e+04  1.79859272e+02
 7.70312006e+04  4.65263926e+01  7.70312006e+04  1.79858186e+02
 7.76247117e+04  4.65264619e+01  7.76247117e+04  1.79857092e+02
 7.82227956e+04  4.65265324e+01  7.82227956e+04  1.79855989e+02
 7.88254877e+04  4.65266039e+01  7.88254877e+04  1.79854877e+02
 7.94328235e+04  4.65266766e+01  7.94328235e+04  1.79853757e+02
 8.00448386e+04  4.65267504e+01  8.00448386e+04  1.79852628e+02
 8.06615692e+04  4.65268251e+01  8.06615692e+04  1.79851491e+02
 8.12830516e+04  4.65269012e+01  8.12830516e+04  1.79850344e+02
 8.19093224e+04  4.65269785e+01  8.19093224e+04  1.79849189e+02
 8.25404185e+04  4.65270569e+01  8.25404185e+04  1.79848025e+02
 8.31763771e+04  4.65271366e+01  8.31763771e+04  1.79846852e+02
 8.38172356e+04  4.65272174e+01  8.38172356e+04  1.79845669e+02
 8.44630319e+04  4.65272996e+01  8.44630319e+04  1.79844478e+02
 8.51138038e+04  4.65273829e+01  8.51138038e+04  1.79843277e+02
 8.57695899e+04  4.65274676e+01  8.57695899e+04  1.79842067e+02
 8.64304286e+04  4.65275536e+01  8.64304286e+04  1.79840848e+02
 8.70963590e+04  4.65276410e+01  8.70963590e+04  1.79839619e+02
 8.77674203e+04  4.65277297e+01  8.77674203e+04  1.79838380e+02
 8.84436519e+04  4.65278197e+01  8.84436519e+04  1.79837132e+02
 8.91250938e+04  4.65279113e+01  8.91250938e+04  1.79835875e+02
 8.98117861e+04  4.65280041e+01  8.98117861e+04  1.79834607e+02
 9.05037692e+04  4.65280984e+01  9.05037692e+04  1.79833330e+02
 9.12010839e+04  4.65281939e+01  9.12010839e+04  1.79832043e+02
 9.19037713e+04  4.65282913e+01  9.19037713e+04  1.79830746e+02
 9.26118728e+04  4.65283900e+01  9.26118728e+04  1.79829438e+02
 9.33254301e+04  4.65284903e+01  9.33254301e+04  1.79828121e+02
 9.40444852e+04  4.65285922e+01  9.40444852e+04  1.79826794e+02
 9.47690805e+04  4.65286956e+01  9.47690805e+04  1.79825456e+02
 9.54992586e+04  4.65288006e+01  9.54992586e+04  1.79824107e+02
 9.62350626e+04  4.65289074e+01  9.62350626e+04  1.79822749e+02
 9.69765359e+04  4.65290156e+01  9.69765359e+04  1.79821379e+02
 9.77237221e+04  4.65291254e+01  9.77237221e+04  1.79819999e+02
 9.84766652e+04  4.65292372e+01  9.84766652e+04  1.79818609e+02
 9.92354096e+04  4.65293506e+01  9.92354096e+04  1.79817207e+02
 1.00000000e+05  4.65294659e+01  1.00000000e+05  1.79815795e+02
 1.00770481e+05  4.65295827e+01  1.00770481e+05  1.79814372e+02
 1.01546899e+05  4.65297015e+01  1.01546899e+05  1.79812937e+02
 1.02329299e+05  4.65298221e+01  1.02329299e+05  1.79811492e+02
 1.03117727e+05  4.65299446e+01  1.03117727e+05  1.79810035e+02
 1.03912230e+05  4.65300689e+01  1.03912230e+05  1.79808567e+02
 1.04712855e+05  4.65301951e+01  1.04712855e+05  1.79807087e+02
 1.05519648e+05  4.65303233e+01  1.05519648e+05  1.79805596e+02
 1.06332657e+05  4.65304536e+01  1.06332657e+05  1.79804094e+02
 1.07151931e+05  4.65305857e+01  1.07151931e+05  1.79802579e+02
 1.07977516e+05  4.65307200e+01  1.07977516e+05  1.79801053e+02
 1.08809463e+05  4.65308564e+01  1.08809463e+05  1.79799515e+02
 1.09647820e+05  4.65309949e+01  1.09647820e+05  1.79797965e+02
 1.10492636e+05  4.65311355e+01  1.10492636e+05  1.79796403e+02
 1.11343961e+05  4.65312782e+01  1.11343961e+05  1.79794829e+02
 1.12201845e+05  4.65314234e+01  1.12201845e+05  1.79793243e+02
 1.13066340e+05  4.65315706e+01  1.13066340e+05  1.79791644e+02
 1.13937495e+05  4.65317199e+01  1.13937495e+05  1.79790033e+02
 1.14815362e+05  4.65318719e+01  1.14815362e+05  1.79788409e+02
 1.15699993e+05  4.65320260e+01  1.15699993e+05  1.79786773e+02
 1.16591440e+05  4.65321825e+01  1.16591440e+05  1.79785124e+02
 1.17489755e+05  4.65323417e+01  1.17489755e+05  1.79783462e+02
 1.18394992e+05  4.65325033e+01  1.18394992e+05  1.79781787e+02
 1.19307204e+05  4.65326671e+01  1.19307204e+05  1.79780098e+02
 1.20226443e+05  4.65328335e+01  1.20226443e+05  1.79778397e+02
 1.21152766e+05  4.65330027e+01  1.21152766e+05  1.79776683e+02
 1.22086225e+05  4.65331744e+01  1.22086225e+05  1.79774955e+02
 1.23026877e+05  4.65333488e+01  1.23026877e+05  1.79773214e+02
 1.23974776e+05  4.65335260e+01  1.23974776e+05  1.79771459e+02
 1.24929979e+05  4.65337055e+01  1.24929979e+05  1.79769690e+02
 1.25892541e+05  4.65338882e+01  1.25892541e+05  1.79767908e+02
 1.26862520e+05  4.65340737e+01  1.26862520e+05  1.79766111e+02
 1.27839972e+05  4.65342619e+01  1.27839972e+05  1.79764301e+02
 1.28824955e+05  4.65344532e+01  1.28824955e+05  1.79762477e+02
 1.29817528e+05  4.65346472e+01  1.29817528e+05  1.79760638e+02
 1.30817747e+05  4.65348446e+01  1.30817747e+05  1.79758785e+02
 1.31825674e+05  4.65350447e+01  1.31825674e+05  1.79756917e+02
 1.32841366e+05  4.65352480e+01  1.32841366e+05  1.79755035e+02
 1.33864884e+05  4.65354544e+01  1.33864884e+05  1.79753138e+02
 1.34896288e+05  4.65356645e+01  1.34896288e+05  1.79751226e+02
 1.35935639e+05  4.65358773e+01  1.35935639e+05  1.79749299e+02
 1.36982998e+05  4.65360933e+01  1.36982998e+05  1.79747357e+02
 1.38038426e+05  4.65363131e+01  1.38038426e+05  1.79745401e+02
 1.39101987e+05  4.65365362e+01  1.39101987e+05  1.79743428e+02
 1.40173742e+05  4.65367622e+01  1.40173742e+05  1.79741440e+02
 1.41253754e+05  4.65369925e+01  1.41253754e+05  1.79739437e+02
 1.42342088e+05  4.65372258e+01  1.42342088e+05  1.79737418e+02
 1.43438808e+05  4.65374630e+01  1.43438808e+05  1.79735383e+02
 1.44543977e+05  4.65377043e+01  1.44543977e+05  1.79733332e+02
 1.45657662e+05  4.65379484e+01  1.45657662e+05  1.79731265e+02
 1.46779927e+05  4.65381969e+01  1.46779927e+05  1.79729182e+02
 1.47910839e+05  4.65384489e+01  1.47910839e+05  1.79727083e+02
 1.49050464e+05  4.65387047e+01  1.49050464e+05  1.79724967e+02
 1.50198870e+05  4.65389649e+01  1.50198870e+05  1.79722834e+02
 1.51356125e+05  4.65392293e+01  1.51356125e+05  1.79720685e+02
 1.52522296e+05  4.65394972e+01  1.52522296e+05  1.79718519e+02
 1.53697452e+05  4.65397693e+01  1.53697452e+05  1.79716335e+02
 1.54881662e+05  4.65400461e+01  1.54881662e+05  1.79714135e+02
 1.56074996e+05  4.65403269e+01  1.56074996e+05  1.79711918e+02
 1.57277525e+05  4.65406123e+01  1.57277525e+05  1.79709683e+02
 1.58489319e+05  4.65409017e+01  1.58489319e+05  1.79707430e+02
 1.59710450e+05  4.65411962e+01  1.59710450e+05  1.79705160e+02
 1.60940989e+05  4.65414948e+01  1.60940989e+05  1.79702871e+02
 1.62181010e+05  4.65417982e+01  1.62181010e+05  1.79700565e+02
 1.63430584e+05  4.65421058e+01  1.63430584e+05  1.79698241e+02
 1.64689787e+05  4.65424190e+01  1.64689787e+05  1.79695898e+02
 1.65958691e+05  4.65427365e+01  1.65958691e+05  1.79693537e+02
 1.67237372e+05  4.65430590e+01  1.67237372e+05  1.79691157e+02
 1.68525904e+05  4.65433865e+01  1.68525904e+05  1.79688758e+02
 1.69824365e+05  4.65437189e+01  1.69824365e+05  1.79686340e+02
 1.71132830e+05  4.65440570e+01  1.71132830e+05  1.79683904e+02
 1.72451377e+05  4.65443999e+01  1.72451377e+05  1.79681448e+02
 1.73780083e+05  4.65447479e+01  1.73780083e+05  1.79678973e+02
 1.75119026e+05  4.65451022e+01  1.75119026e+05  1.79676478e+02
 1.76468286e+05  4.65454608e+01  1.76468286e+05  1.79673963e+02
 1.77827941e+05  4.65458258e+01  1.77827941e+05  1.79671429e+02
 1.79198072e+05  4.65461963e+01  1.79198072e+05  1.79668875e+02
 1.80578760e+05  4.65465725e+01  1.80578760e+05  1.79666300e+02
 1.81970086e+05  4.65469550e+01  1.81970086e+05  1.79663705e+02
 1.83372132e+05  4.65473431e+01  1.83372132e+05  1.79661089e+02
 1.84784980e+05  4.65477368e+01  1.84784980e+05  1.79658453e+02
 1.86208714e+05  4.65481371e+01  1.86208714e+05  1.79655795e+02
 1.87643417e+05  4.65485434e+01  1.87643417e+05  1.79653117e+02
 1.89089175e+05  4.65489560e+01  1.89089175e+05  1.79650417e+02
 1.90546072e+05  4.65493750e+01  1.90546072e+05  1.79647697e+02
 1.92014194e+05  4.65498005e+01  1.92014194e+05  1.79644954e+02
 1.93493628e+05  4.65502324e+01  1.93493628e+05  1.79642189e+02
 1.94984460e+05  4.65506715e+01  1.94984460e+05  1.79639403e+02
 1.96486779e+05  4.65511165e+01  1.96486779e+05  1.79636594e+02
 1.98000673e+05  4.65515699e+01  1.98000673e+05  1.79633764e+02
 1.99526231e+05  4.65520290e+01  1.99526231e+05  1.79630910e+02
 2.01063544e+05  4.65524955e+01  2.01063544e+05  1.79628034e+02
 2.02612701e+05  4.65529704e+01  2.02612701e+05  1.79625135e+02
 2.04173794e+05  4.65534519e+01  2.04173794e+05  1.79622213e+02
 2.05746916e+05  4.65539397e+01  2.05746916e+05  1.79619267e+02
 2.07332157e+05  4.65544361e+01  2.07332157e+05  1.79616298e+02
 2.08929613e+05  4.65549406e+01  2.08929613e+05  1.79613305e+02
 2.10539377e+05  4.65554519e+01  2.10539377e+05  1.79610289e+02
 2.12161544e+05  4.65559722e+01  2.12161544e+05  1.79607248e+02
 2.13796209e+05  4.65565001e+01  2.13796209e+05  1.79604183e+02
 2.15443469e+05  4.65570365e+01  2.15443469e+05  1.79601093e+02
 2.17103421e+05  4.65575808e+01  2.17103421e+05  1.79597979e+02
 2.18776162e+05  4.65581341e+01  2.18776162e+05  1.79594840e+02
 2.20461792e+05  4.65586950e+01  2.20461792e+05  1.79591675e+02
 2.22160409e+05  4.65592651e+01  2.22160409e+05  1.79588486e+02
 2.23872114e+05  4.65598448e+01  2.23872114e+05  1.79585270e+02
 2.25597007e+05  4.65604327e+01  2.25597007e+05  1.79582028e+02
 2.27335190e+05  4.65610300e+01  2.27335190e+05  1.79578762e+02
 2.29086765e+05  4.65616363e+01  2.29086765e+05  1.79575468e+02
 2.30851836e+05  4.65622525e+01  2.30851836e+05  1.79572148e+02
 2.32630507e+05  4.65628776e+01  2.32630507e+05  1.79568800e+02
 2.34422882e+05  4.65635132e+01  2.34422882e+05  1.79565427e+02
 2.36229066e+05  4.65641579e+01  2.36229066e+05  1.79562026e+02
 2.38049167e+05  4.65648136e+01  2.38049167e+05  1.79558598e+02
 2.39883292e+05  4.65654788e+01  2.39883292e+05  1.79555141e+02
 2.41731548e+05  4.65661534e+01  2.41731548e+05  1.79551656e+02
 2.43594045e+05  4.65668401e+01  2.43594045e+05  1.79548145e+02
 2.45470892e+05  4.65675367e+01  2.45470892e+05  1.79544604e+02
 2.47362199e+05  4.65682448e+01  2.47362199e+05  1.79541035e+02
 2.49268079e+05  4.65689641e+01  2.49268079e+05  1.79537437e+02
 2.51188643e+05  4.65696932e+01  2.51188643e+05  1.79533809e+02
 2.53124005e+05  4.65704344e+01  2.53124005e+05  1.79530152e+02
 2.55074278e+05  4.65711885e+01  2.55074278e+05  1.79526467e+02
 2.57039578e+05  4.65719519e+01  2.57039578e+05  1.79522750e+02
 2.59020020e+05  4.65727279e+01  2.59020020e+05  1.79519002e+02
 2.61015722e+05  4.65735168e+01  2.61015722e+05  1.79515226e+02
 2.63026799e+05  4.65743175e+01  2.63026799e+05  1.79511418e+02
 2.65053372e+05  4.65751299e+01  2.65053372e+05  1.79507579e+02
 2.67095559e+05  4.65759559e+01  2.67095559e+05  1.79503709e+02
 2.69153480e+05  4.65767938e+01  2.69153480e+05  1.79499806e+02
 2.71227258e+05  4.65776466e+01  2.71227258e+05  1.79495873e+02
 2.73317014e+05  4.65785108e+01  2.73317014e+05  1.79491906e+02
 2.75422870e+05  4.65793890e+01  2.75422870e+05  1.79487907e+02
 2.77544952e+05  4.65802819e+01  2.77544952e+05  1.79483876e+02
 2.79683385e+05  4.65811878e+01  2.79683385e+05  1.79479813e+02
 2.81838293e+05  4.65821082e+01  2.81838293e+05  1.79475714e+02
 2.84009805e+05  4.65830422e+01  2.84009805e+05  1.79471583e+02
 2.86198048e+05  4.65839913e+01  2.86198048e+05  1.79467417e+02
 2.88403150e+05  4.65849556e+01  2.88403150e+05  1.79463218e+02
 2.90625243e+05  4.65859345e+01  2.90625243e+05  1.79458984e+02
 2.92864456e+05  4.65869273e+01  2.92864456e+05  1.79454713e+02
 2.95120923e+05  4.65879377e+01  2.95120923e+05  1.79450410e+02
 2.97394775e+05  4.65889621e+01  2.97394775e+05  1.79446069e+02
 2.99686146e+05  4.65900024e+01  2.99686146e+05  1.79441694e+02
 3.01995172e+05  4.65910621e+01  3.01995172e+05  1.79437282e+02
 3.04321989e+05  4.65921359e+01  3.04321989e+05  1.79432831e+02
 3.06666733e+05  4.65932259e+01  3.06666733e+05  1.79428345e+02
 3.09029543e+05  4.65943339e+01  3.09029543e+05  1.79423823e+02
 3.11410558e+05  4.65954578e+01  3.11410558e+05  1.79419261e+02
 3.13809919e+05  4.65966008e+01  3.13809919e+05  1.79414663e+02
 3.16227766e+05  4.65977609e+01  3.16227766e+05  1.79410023e+02
 3.18664242e+05  4.65989400e+01  3.18664242e+05  1.79405349e+02
 3.21119491e+05  4.66001367e+01  3.21119491e+05  1.79400634e+02
 3.23593657e+05  4.66013517e+01  3.23593657e+05  1.79395879e+02
 3.26086886e+05  4.66025881e+01  3.26086886e+05  1.79391085e+02
 3.28599325e+05  4.66038418e+01  3.28599325e+05  1.79386250e+02
 3.31131121e+05  4.66051139e+01  3.31131121e+05  1.79381375e+02
 3.33682425e+05  4.66064071e+01  3.33682425e+05  1.79376459e+02
 3.36253386e+05  4.66077199e+01  3.36253386e+05  1.79371500e+02
 3.38844156e+05  4.66090539e+01  3.38844156e+05  1.79366500e+02
 3.41454887e+05  4.66104085e+01  3.41454887e+05  1.79361457e+02
 3.44085734e+05  4.66117855e+01  3.44085734e+05  1.79356376e+02
 3.46736850e+05  4.66131823e+01  3.46736850e+05  1.79351247e+02
 3.49408393e+05  4.66146022e+01  3.49408393e+05  1.79346078e+02
 3.52100520e+05  4.66160417e+01  3.52100520e+05  1.79340860e+02
 3.54813389e+05  4.66175078e+01  3.54813389e+05  1.79335602e+02
 3.57547160e+05  4.66189951e+01  3.57547160e+05  1.79330297e+02
 3.60301995e+05  4.66205032e+01  3.60301995e+05  1.79324947e+02
 3.63078055e+05  4.66220383e+01  3.63078055e+05  1.79319552e+02
 3.65875504e+05  4.66235947e+01  3.65875504e+05  1.79314114e+02
 3.68694506e+05  4.66251779e+01  3.68694506e+05  1.79308626e+02
 3.71535229e+05  4.66267862e+01  3.71535229e+05  1.79303091e+02
 3.74397839e+05  4.66284155e+01  3.74397839e+05  1.79297508e+02
 3.77282505e+05  4.66300752e+01  3.77282505e+05  1.79291878e+02
 3.80189396e+05  4.66317582e+01  3.80189396e+05  1.79286199e+02
 3.83118685e+05  4.66334674e+01  3.83118685e+05  1.79280470e+02
 3.86070543e+05  4.66352047e+01  3.86070543e+05  1.79274690e+02
 3.89045145e+05  4.66369684e+01  3.89045145e+05  1.79268865e+02
 3.92042666e+05  4.66387614e+01  3.92042666e+05  1.79262988e+02
 3.95063281e+05  4.66405799e+01  3.95063281e+05  1.79257057e+02
 3.98107171e+05  4.66424272e+01  3.98107171e+05  1.79251077e+02
 4.01174512e+05  4.66443047e+01  4.01174512e+05  1.79245043e+02
 4.04265487e+05  4.66462113e+01  4.04265487e+05  1.79238955e+02
 4.07380278e+05  4.66481477e+01  4.07380278e+05  1.79232816e+02
 4.10519067e+05  4.66501168e+01  4.10519067e+05  1.79226628e+02
 4.13682040e+05  4.66521128e+01  4.13682040e+05  1.79220376e+02
 4.16869383e+05  4.66541422e+01  4.16869383e+05  1.79214075e+02
 4.20081285e+05  4.66562025e+01  4.20081285e+05  1.79207720e+02
 4.23317933e+05  4.66582971e+01  4.23317933e+05  1.79201302e+02
 4.26579519e+05  4.66604246e+01  4.26579519e+05  1.79194837e+02
 4.29866235e+05  4.66625829e+01  4.29866235e+05  1.79188302e+02
 4.33178274e+05  4.66647742e+01  4.33178274e+05  1.79181716e+02
 4.36515832e+05  4.66670030e+01  4.36515832e+05  1.79175072e+02
 4.39879106e+05  4.66692695e+01  4.39879106e+05  1.79168366e+02
 4.43268292e+05  4.66715667e+01  4.43268292e+05  1.79161603e+02
 4.46683592e+05  4.66739023e+01  4.46683592e+05  1.79154778e+02
 4.50125206e+05  4.66762734e+01  4.50125206e+05  1.79147892e+02
 4.53593337e+05  4.66786840e+01  4.53593337e+05  1.79140947e+02
 4.57088190e+05  4.66811319e+01  4.57088190e+05  1.79133934e+02
 4.60609969e+05  4.66836168e+01  4.60609969e+05  1.79126861e+02
 4.64158883e+05  4.66861416e+01  4.64158883e+05  1.79119720e+02
 4.67735141e+05  4.66887069e+01  4.67735141e+05  1.79112518e+02
 4.71338954e+05  4.66913079e+01  4.71338954e+05  1.79105247e+02
 4.74970533e+05  4.66939562e+01  4.74970533e+05  1.79097916e+02
 4.78630092e+05  4.66966432e+01  4.78630092e+05  1.79090513e+02
 4.82317848e+05  4.66993766e+01  4.82317848e+05  1.79083047e+02
 4.86034018e+05  4.67021446e+01  4.86034018e+05  1.79075501e+02
 4.89778819e+05  4.67049659e+01  4.89778819e+05  1.79067893e+02
 4.93552474e+05  4.67078247e+01  4.93552474e+05  1.79060216e+02
 4.97355204e+05  4.67107297e+01  4.97355204e+05  1.79052462e+02
 5.01187234e+05  4.67136856e+01  5.01187234e+05  1.79044644e+02
 5.05048788e+05  4.67166805e+01  5.05048788e+05  1.79036750e+02
 5.08940095e+05  4.67197264e+01  5.08940095e+05  1.79028777e+02
 5.12861384e+05  4.67228233e+01  5.12861384e+05  1.79020736e+02
 5.16812886e+05  4.67259669e+01  5.16812886e+05  1.79012621e+02
 5.20794833e+05  4.67291649e+01  5.20794833e+05  1.79004432e+02
 5.24807460e+05  4.67324098e+01  5.24807460e+05  1.78996166e+02
 5.28851004e+05  4.67357010e+01  5.28851004e+05  1.78987806e+02
 5.32925703e+05  4.67390490e+01  5.32925703e+05  1.78979383e+02
 5.37031796e+05  4.67424512e+01  5.37031796e+05  1.78970875e+02
 5.41169527e+05  4.67459028e+01  5.41169527e+05  1.78962281e+02
 5.45339137e+05  4.67494158e+01  5.45339137e+05  1.78953611e+02
 5.49540874e+05  4.67529817e+01  5.49540874e+05  1.78944853e+02
 5.53774984e+05  4.67566040e+01  5.53774984e+05  1.78936017e+02
 5.58041717e+05  4.67602798e+01  5.58041717e+05  1.78927089e+02
 5.62341325e+05  4.67640188e+01  5.62341325e+05  1.78918077e+02
 5.66674061e+05  4.67678176e+01  5.66674061e+05  1.78908980e+02
 5.71040179e+05  4.67716800e+01  5.71040179e+05  1.78899804e+02
 5.75439937e+05  4.67755942e+01  5.75439937e+05  1.78890522e+02
 5.79873595e+05  4.67795760e+01  5.79873595e+05  1.78881154e+02
 5.84341413e+05  4.67836202e+01  5.84341413e+05  1.78871694e+02
 5.88843655e+05  4.67877305e+01  5.88843655e+05  1.78862151e+02
 5.93380586e+05  4.67919077e+01  5.93380586e+05  1.78852503e+02
 5.97952473e+05  4.67961470e+01  5.97952473e+05  1.78842753e+02
 6.02559586e+05  4.68004586e+01  6.02559586e+05  1.78832922e+02
 6.07202196e+05  4.68048321e+01  6.07202196e+05  1.78822974e+02
 6.11880576e+05  4.68092792e+01  6.11880576e+05  1.78812945e+02
 6.16595002e+05  4.68138062e+01  6.16595002e+05  1.78802807e+02
 6.21345752e+05  4.68183924e+01  6.21345752e+05  1.78792558e+02
 6.26133105e+05  4.68230596e+01  6.26133105e+05  1.78782219e+02
 6.30957344e+05  4.68278010e+01  6.30957344e+05  1.78771767e+02
 6.35818754e+05  4.68326159e+01  6.35818754e+05  1.78761219e+02
 6.40717619e+05  4.68375028e+01  6.40717619e+05  1.78750548e+02
 6.45654229e+05  4.68424736e+01  6.45654229e+05  1.78739780e+02
 6.50628875e+05  4.68475340e+01  6.50628875e+05  1.78728895e+02
 6.55641849e+05  4.68526545e+01  6.55641849e+05  1.78717892e+02
 6.60693448e+05  4.68578733e+01  6.60693448e+05  1.78706792e+02
 6.65783968e+05  4.68631704e+01  6.65783968e+05  1.78695566e+02
 6.70913710e+05  4.68685475e+01  6.70913710e+05  1.78684211e+02
 6.76082975e+05  4.68740264e+01  6.76082975e+05  1.78672753e+02
 6.81292069e+05  4.68795816e+01  6.81292069e+05  1.78661175e+02
 6.86541298e+05  4.68852289e+01  6.86541298e+05  1.78649457e+02
 6.91830971e+05  4.68909666e+01  6.91830971e+05  1.78637620e+02
 6.97161400e+05  4.68967954e+01  6.97161400e+05  1.78625677e+02
 7.02532899e+05  4.69027244e+01  7.02532899e+05  1.78613594e+02
 7.07945784e+05  4.69087401e+01  7.07945784e+05  1.78601370e+02
 7.13400375e+05  4.69148633e+01  7.13400375e+05  1.78589015e+02
 7.18896992e+05  4.69210758e+01  7.18896992e+05  1.78576536e+02
 7.24435960e+05  4.69273974e+01  7.24435960e+05  1.78563928e+02
 7.30017605e+05  4.69338116e+01  7.30017605e+05  1.78551147e+02
 7.35642254e+05  4.69403372e+01  7.35642254e+05  1.78538260e+02
 7.41310241e+05  4.69469677e+01  7.41310241e+05  1.78525234e+02
 7.47021899e+05  4.69537071e+01  7.47021899e+05  1.78512040e+02
 7.52777564e+05  4.69605515e+01  7.52777564e+05  1.78498714e+02
 7.58577575e+05  4.69675119e+01  7.58577575e+05  1.78485236e+02
 7.64422274e+05  4.69745836e+01  7.64422274e+05  1.78471599e+02
 7.70312006e+05  4.69817684e+01  7.70312006e+05  1.78457815e+02
 7.76247117e+05  4.69890764e+01  7.76247117e+05  1.78443865e+02
 7.82227956e+05  4.69965021e+01  7.82227956e+05  1.78429785e+02
 7.88254877e+05  4.70040289e+01  7.88254877e+05  1.78415494e+02
 7.94328235e+05  4.70117062e+01  7.94328235e+05  1.78401068e+02
 8.00448386e+05  4.70195034e+01  8.00448386e+05  1.78386486e+02
 8.06615692e+05  4.70274191e+01  8.06615692e+05  1.78371722e+02
 8.12830516e+05  4.70354674e+01  8.12830516e+05  1.78356776e+02
 8.19093224e+05  4.70436481e+01  8.19093224e+05  1.78341687e+02
 8.25404185e+05  4.70519628e+01  8.25404185e+05  1.78326392e+02
 8.31763771e+05  4.70604201e+01  8.31763771e+05  1.78310928e+02
 8.38172356e+05  4.70690037e+01  8.38172356e+05  1.78295261e+02
 8.44630319e+05  4.70777508e+01  8.44630319e+05  1.78279429e+02
 8.51138038e+05  4.70866196e+01  8.51138038e+05  1.78263355e+02
 8.57695899e+05  4.70956351e+01  8.57695899e+05  1.78247147e+02
 8.64304286e+05  4.71048166e+01  8.64304286e+05  1.78230756e+02
 8.70963590e+05  4.71141334e+01  8.70963590e+05  1.78214075e+02
 8.77674203e+05  4.71236105e+01  8.77674203e+05  1.78197248e+02
 8.84436519e+05  4.71332419e+01  8.84436519e+05  1.78180217e+02
 8.91250938e+05  4.71430423e+01  8.91250938e+05  1.78162995e+02
 8.98117861e+05  4.71529973e+01  8.98117861e+05  1.78145510e+02
 9.05037692e+05  4.71631035e+01  9.05037692e+05  1.78127823e+02
 9.12010839e+05  4.71733970e+01  9.12010839e+05  1.78109916e+02
 9.19037713e+05  4.71838617e+01  9.19037713e+05  1.78091779e+02
 9.26118728e+05  4.71945057e+01  9.26118728e+05  1.78073418e+02
 9.33254301e+05  4.72053181e+01  9.33254301e+05  1.78054791e+02
 9.40444852e+05  4.72163058e+01  9.40444852e+05  1.78035913e+02
 9.47690805e+05  4.72274793e+01  9.47690805e+05  1.78016852e+02
 9.54992586e+05  4.72388673e+01  9.54992586e+05  1.77997544e+02
 9.62350626e+05  4.72504265e+01  9.62350626e+05  1.77977951e+02
 9.69765359e+05  4.72621535e+01  9.69765359e+05  1.77958050e+02
 9.77237221e+05  4.72740999e+01  9.77237221e+05  1.77937933e+02
 9.84766652e+05  4.72862699e+01  9.84766652e+05  1.77917588e+02
 9.92354096e+05  4.72986080e+01  9.92354096e+05  1.77896920e+02
 1.00000000e+06  4.73111809e+01  1.00000000e+06  1.77875963e+02
 1.00770481e+06  4.73239525e+01  1.00770481e+06  1.77854729e+02
 1.01546899e+06  4.73369348e+01  1.01546899e+06  1.77833150e+02
 1.02329299e+06  4.73501333e+01  1.02329299e+06  1.77811372e+02
 1.03117727e+06  4.73635804e+01  1.03117727e+06  1.77789256e+02
 1.03912230e+06  4.73772626e+01  1.03912230e+06  1.77766841e+02
 1.04712855e+06  4.73911610e+01  1.04712855e+06  1.77744137e+02
 1.05519648e+06  4.74052691e+01  1.05519648e+06  1.77720977e+02
 1.06332657e+06  4.74196423e+01  1.06332657e+06  1.77697584e+02
 1.07151931e+06  4.74342836e+01  1.07151931e+06  1.77673861e+02
 1.07977516e+06  4.74491410e+01  1.07977516e+06  1.77649804e+02
 1.08809463e+06  4.74642797e+01  1.08809463e+06  1.77625346e+02
 1.09647820e+06  4.74796577e+01  1.09647820e+06  1.77600561e+02
 1.10492636e+06  4.74953117e+01  1.10492636e+06  1.77575466e+02
 1.11343961e+06  4.75112439e+01  1.11343961e+06  1.77549863e+02
 1.12201845e+06  4.75274363e+01  1.12201845e+06  1.77523952e+02
 1.13066340e+06  4.75439262e+01  1.13066340e+06  1.77497672e+02
 1.13937495e+06  4.75606737e+01  1.13937495e+06  1.77470952e+02
 1.14815362e+06  4.75777328e+01  1.14815362e+06  1.77443869e+02
 1.15699993e+06  4.75950881e+01  1.15699993e+06  1.77416354e+02
 1.16591440e+06  4.76127320e+01  1.16591440e+06  1.77388405e+02
 1.17489755e+06  4.76306987e+01  1.17489755e+06  1.77359973e+02
 1.18394992e+06  4.76489668e+01  1.18394992e+06  1.77331106e+02
 1.19307204e+06  4.76675919e+01  1.19307204e+06  1.77301854e+02
 1.20226443e+06  4.76864991e+01  1.20226443e+06  1.77272073e+02
 1.21152766e+06  4.77057711e+01  1.21152766e+06  1.77241823e+02
 1.22086225e+06  4.77253720e+01  1.22086225e+06  1.77211122e+02
 1.23026877e+06  4.77453261e+01  1.23026877e+06  1.77179843e+02
 1.23974776e+06  4.77656176e+01  1.23974776e+06  1.77148090e+02
 1.24929979e+06  4.77862944e+01  1.24929979e+06  1.77115876e+02
 1.25892541e+06  4.78073298e+01  1.25892541e+06  1.77083044e+02
 1.26862520e+06  4.78287267e+01  1.26862520e+06  1.77049641e+02
 1.27839972e+06  4.78505290e+01  1.27839972e+06  1.77015807e+02
 1.28824955e+06  4.78727070e+01  1.28824955e+06  1.76981265e+02
 1.29817528e+06  4.78952709e+01  1.29817528e+06  1.76946172e+02
 1.30817747e+06  4.79182567e+01  1.30817747e+06  1.76910385e+02
 1.31825674e+06  4.79416710e+01  1.31825674e+06  1.76874053e+02
 1.32841366e+06  4.79654973e+01  1.32841366e+06  1.76837088e+02
 1.33864884e+06  4.79897536e+01  1.33864884e+06  1.76799405e+02
 1.34896288e+06  4.80144779e+01  1.34896288e+06  1.76761113e+02
 1.35935639e+06  4.80396212e+01  1.35935639e+06  1.76722018e+02
 1.36982998e+06  4.80652596e+01  1.36982998e+06  1.76682373e+02
 1.38038426e+06  4.80913374e+01  1.38038426e+06  1.76641929e+02
 1.39101987e+06  4.81179069e+01  1.39101987e+06  1.76600850e+02
 1.40173742e+06  4.81449593e+01  1.40173742e+06  1.76558725e+02
 1.41253754e+06  4.81725174e+01  1.41253754e+06  1.76515965e+02
 1.42342088e+06  4.82005802e+01  1.42342088e+06  1.76472348e+02
 1.43438808e+06  4.82292072e+01  1.43438808e+06  1.76427862e+02
 1.44543977e+06  4.82583385e+01  1.44543977e+06  1.76382669e+02
 1.45657662e+06  4.82880112e+01  1.45657662e+06  1.76336442e+02
 1.46779927e+06  4.83182473e+01  1.46779927e+06  1.76289402e+02
 1.47910839e+06  4.83490644e+01  1.47910839e+06  1.76241381e+02
 1.49050464e+06  4.83804799e+01  1.49050464e+06  1.76192402e+02
 1.50198870e+06  4.84124415e+01  1.50198870e+06  1.76142410e+02
 1.51356125e+06  4.84450691e+01  1.51356125e+06  1.76091400e+02
 1.52522296e+06  4.84782821e+01  1.52522296e+06  1.76039419e+02
 1.53697452e+06  4.85121435e+01  1.53697452e+06  1.75986148e+02
 1.54881662e+06  4.85466837e+01  1.54881662e+06  1.75931945e+02
 1.56074996e+06  4.85818934e+01  1.56074996e+06  1.75876572e+02
 1.57277525e+06  4.86177368e+01  1.57277525e+06  1.75819857e+02
 1.58489319e+06  4.86543345e+01  1.58489319e+06  1.75762108e+02
 1.59710450e+06  4.86915845e+01  1.59710450e+06  1.75702994e+02
 1.60940989e+06  4.87296627e+01  1.60940989e+06  1.75642573e+02
 1.62181010e+06  4.87684058e+01  1.62181010e+06  1.75580773e+02
 1.63430584e+06  4.88079633e+01  1.63430584e+06  1.75517571e+02
 1.64689787e+06  4.88483127e+01  1.64689787e+06  1.75453111e+02
 1.65958691e+06  4.88894643e+01  1.65958691e+06  1.75386934e+02
 1.67237372e+06  4.89314199e+01  1.67237372e+06  1.75319206e+02
 1.68525904e+06  4.89742102e+01  1.68525904e+06  1.75250230e+02
 1.69824365e+06  4.90179258e+01  1.69824365e+06  1.75179397e+02
 1.71132830e+06  4.90625150e+01  1.71132830e+06  1.75106649e+02
 1.72451377e+06  4.91079845e+01  1.72451377e+06  1.75032478e+02
 1.73780083e+06  4.91544315e+01  1.73780083e+06  1.74956430e+02
 1.75119026e+06  4.92017995e+01  1.75119026e+06  1.74878392e+02
 1.76468286e+06  4.92501927e+01  1.76468286e+06  1.74798403e+02
 1.77827941e+06  4.92995869e+01  1.77827941e+06  1.74716467e+02
 1.79198072e+06  4.93499685e+01  1.79198072e+06  1.74632112e+02
 1.80578760e+06  4.94014838e+01  1.80578760e+06  1.74545740e+02
 1.81970086e+06  4.94540521e+01  1.81970086e+06  1.74457386e+02
 1.83372132e+06  4.95077495e+01  1.83372132e+06  1.74366550e+02
 1.84784980e+06  4.95625892e+01  1.84784980e+06  1.74273219e+02
 1.86208714e+06  4.96185963e+01  1.86208714e+06  1.74177355e+02
 1.87643417e+06  4.96758595e+01  1.87643417e+06  1.74078797e+02
 1.89089175e+06  4.97343885e+01  1.89089175e+06  1.73977567e+02
 1.90546072e+06  4.97941874e+01  1.90546072e+06  1.73873406e+02
 1.92014194e+06  4.98552890e+01  1.92014194e+06  1.73766333e+02
 1.93493628e+06  4.99177921e+01  1.93493628e+06  1.73656281e+02
 1.94984460e+06  4.99816375e+01  1.94984460e+06  1.73543046e+02
 1.96486779e+06  5.00469339e+01  1.96486779e+06  1.73426175e+02
 1.98000673e+06  5.01137576e+01  1.98000673e+06  1.73305820e+02
 1.99526231e+06  5.01820501e+01  1.99526231e+06  1.73181939e+02
 2.01063544e+06  5.02519813e+01  2.01063544e+06  1.73053949e+02
 2.02612701e+06  5.03234537e+01  2.02612701e+06  1.72922308e+02
 2.04173794e+06  5.03966382e+01  2.04173794e+06  1.72786481e+02
 2.05746916e+06  5.04715518e+01  2.05746916e+06  1.72646243e+02
 2.07332157e+06  5.05483246e+01  2.07332157e+06  1.72501255e+02
 2.08929613e+06  5.06268120e+01  2.08929613e+06  1.72351795e+02
 2.10539377e+06  5.07071843e+01  2.10539377e+06  1.72197102e+02
 2.12161544e+06  5.07895213e+01  2.12161544e+06  1.72037326e+02
 2.13796209e+06  5.08739148e+01  2.13796209e+06  1.71871774e+02
 2.15443469e+06  5.09604094e+01  2.15443469e+06  1.71700403e+02
 2.17103421e+06  5.10489420e+01  2.17103421e+06  1.71523208e+02
 2.18776162e+06  5.11397540e+01  2.18776162e+06  1.71339443e+02
 2.20461792e+06  5.12328560e+01  2.20461792e+06  1.71148893e+02
 2.22160409e+06  5.13284321e+01  2.22160409e+06  1.70951224e+02
 2.23872114e+06  5.14263366e+01  2.23872114e+06  1.70745992e+02
 2.25597007e+06  5.15268100e+01  2.25597007e+06  1.70533094e+02
 2.27335190e+06  5.16300196e+01  2.27335190e+06  1.70311602e+02
 2.29086765e+06  5.17358318e+01  2.29086765e+06  1.70081251e+02
 2.30851836e+06  5.18445686e+01  2.30851836e+06  1.69841704e+02
 2.32630507e+06  5.19561894e+01  2.32630507e+06  1.69592106e+02
 2.34422882e+06  5.20708352e+01  2.34422882e+06  1.69332280e+02
 2.36229066e+06  5.21887308e+01  2.36229066e+06  1.69061073e+02
 2.38049167e+06  5.23097763e+01  2.38049167e+06  1.68778236e+02
 2.39883292e+06  5.24343155e+01  2.39883292e+06  1.68482398e+02
 2.41731548e+06  5.25624404e+01  2.41731548e+06  1.68173413e+02
 2.43594045e+06  5.26941766e+01  2.43594045e+06  1.67850166e+02
 2.45470892e+06  5.28297011e+01  2.45470892e+06  1.67511606e+02
 2.47362199e+06  5.29692941e+01  2.47362199e+06  1.67156917e+02
 2.49268079e+06  5.31129137e+01  2.49268079e+06  1.66784458e+02
 2.51188643e+06  5.32608087e+01  2.51188643e+06  1.66393635e+02
 2.53124005e+06  5.34133196e+01  2.53124005e+06  1.65982361e+02
 2.55074278e+06  5.35705503e+01  2.55074278e+06  1.65549792e+02
 2.57039578e+06  5.37325745e+01  2.57039578e+06  1.65093868e+02
 2.59020020e+06  5.38995969e+01  2.59020020e+06  1.64613019e+02
 2.61015722e+06  5.40719954e+01  2.61015722e+06  1.64105296e+02
 2.63026799e+06  5.42498079e+01  2.63026799e+06  1.63568371e+02
 2.65053372e+06  5.44333596e+01  2.65053372e+06  1.62999904e+02
 2.67095559e+06  5.46228554e+01  2.67095559e+06  1.62397030e+02
 2.69153480e+06  5.48185770e+01  2.69153480e+06  1.61756975e+02
 2.71227258e+06  5.50207794e+01  2.71227258e+06  1.61076425e+02
 2.73317014e+06  5.52297800e+01  2.73317014e+06  1.60351543e+02
 2.75422870e+06  5.54456356e+01  2.75422870e+06  1.59578525e+02
 2.77544952e+06  5.56688457e+01  2.77544952e+06  1.58752379e+02
 2.79683385e+06  5.58994347e+01  2.79683385e+06  1.57868265e+02
 2.81838293e+06  5.61376883e+01  2.81838293e+06  1.56920292e+02
 2.84009805e+06  5.63840002e+01  2.84009805e+06  1.55902217e+02
 2.86198048e+06  5.66382253e+01  2.86198048e+06  1.54806799e+02
 2.88403150e+06  5.69006883e+01  2.88403150e+06  1.53625740e+02
 2.90625243e+06  5.71715422e+01  2.90625243e+06  1.52350058e+02
 2.92864456e+06  5.74506568e+01  2.92864456e+06  1.50969411e+02
 2.95120923e+06  5.77378066e+01  2.95120923e+06  1.49472512e+02
 2.97394775e+06  5.80326153e+01  2.97394775e+06  1.47846533e+02
 2.99686146e+06  5.83346854e+01  2.99686146e+06  1.46077359e+02
 3.01995172e+06  5.86430559e+01  3.01995172e+06  1.44149358e+02
 3.04321989e+06  5.89566408e+01  3.04321989e+06  1.42045235e+02
 3.06666733e+06  5.92736536e+01  3.06666733e+06  1.39746954e+02
 3.09029543e+06  5.95918036e+01  3.09029543e+06  1.37235189e+02
 3.11410558e+06  5.99081727e+01  3.11410558e+06  1.34490226e+02
 3.13809919e+06  6.02185897e+01  3.13809919e+06  1.31493350e+02
 3.16227766e+06  6.05185011e+01  3.16227766e+06  1.28227136e+02
 3.18664242e+06  6.08017431e+01  3.18664242e+06  1.24678915e+02
 3.21119491e+06  6.10615807e+01  3.21119491e+06  1.20841784e+02
 3.23593657e+06  6.12900221e+01  3.23593657e+06  1.16718625e+02
 3.26086886e+06  6.14784045e+01  3.26086886e+06  1.12324379e+02
 3.28599325e+06  6.16184218e+01  3.28599325e+06  1.07688750e+02
 3.31131121e+06  6.17019447e+01  3.31131121e+06  1.02857532e+02
 3.33682425e+06  6.17227848e+01  3.33682425e+06  9.78912558e+01
 3.36253386e+06  6.16769625e+01  3.36253386e+06  9.28619197e+01
 3.38844156e+06  6.15635341e+01  3.38844156e+06  8.78470017e+01
 3.41454887e+06  6.13846470e+01  3.41454887e+06  8.29230336e+01
 3.44085734e+06  6.11451748e+01  3.44085734e+06  7.81581789e+01
 3.46736850e+06  6.08520160e+01  3.46736850e+06  7.36079651e+01
 3.49408393e+06  6.05134757e+01  3.49408393e+06  6.93123263e+01
 3.52100520e+06  6.01379722e+01  3.52100520e+06  6.52951494e+01
 3.54813389e+06  5.97341960e+01  3.54813389e+06  6.15669187e+01
 3.57547160e+06  5.93094336e+01  3.57547160e+06  5.81264202e+01
 3.60301995e+06  5.88703261e+01  3.60301995e+06  5.49641252e+01
 3.63078055e+06  5.84226785e+01  3.63078055e+06  5.20656538e+01
 3.65875504e+06  5.79707565e+01  3.65875504e+06  4.94131433e+01
 3.68694506e+06  5.75183409e+01  3.68694506e+06  4.69870494e+01
 3.71535229e+06  5.70678172e+01  3.71535229e+06  4.47679064e+01
 3.74397839e+06  5.66213049e+01  3.74397839e+06  4.27363694e+01
 3.77282505e+06  5.61805109e+01  3.77282505e+06  4.08748468e+01
 3.80189396e+06  5.57463319e+01  3.80189396e+06  3.91668730e+01
 3.83118685e+06  5.53196731e+01  3.83118685e+06  3.75973663e+01
 3.86070543e+06  5.49009522e+01  3.86070543e+06  3.61525977e+01
 3.89045145e+06  5.44900618e+01  3.89045145e+06  3.48195886e+01
 3.92042666e+06  5.40877692e+01  3.92042666e+06  3.35889268e+01
 3.95063281e+06  5.36936090e+01  3.95063281e+06  3.24497662e+01
 3.98107171e+06  5.33077394e+01  3.98107171e+06  3.13928510e+01
 4.01174512e+06  5.29296839e+01  4.01174512e+06  3.04122595e+01
 4.04265487e+06  5.25597833e+01  4.04265487e+06  2.94990860e+01
 4.07380278e+06  5.21971923e+01  4.07380278e+06  2.86484797e+01
 4.10519067e+06  5.18420798e+01  4.10519067e+06  2.78541716e+01
 4.13682040e+06  5.14941770e+01  4.13682040e+06  2.71114343e+01
 4.16869383e+06  5.11530956e+01  4.16869383e+06  2.64157161e+01
 4.20081285e+06  5.08182773e+01  4.20081285e+06  2.57636617e+01
 4.23317933e+06  5.04902761e+01  4.23317933e+06  2.51514499e+01
 4.26579519e+06  5.01682830e+01  4.26579519e+06  2.45751058e+01
 4.29866235e+06  4.98523111e+01  4.29866235e+06  2.40332159e+01
 4.33178274e+06  4.95416851e+01  4.33178274e+06  2.35227097e+01
 4.36515832e+06  4.92363786e+01  4.36515832e+06  2.30397290e+01
 4.39879106e+06  4.89362002e+01  4.39879106e+06  2.25847333e+01
 4.43268292e+06  4.86415496e+01  4.43268292e+06  2.21546123e+01
 4.46683592e+06  4.83516693e+01  4.46683592e+06  2.17470678e+01
 4.50125206e+06  4.80658367e+01  4.50125206e+06  2.13607024e+01
 4.53593337e+06  4.77845511e+01  4.53593337e+06  2.09953358e+01
 4.57088190e+06  4.75076040e+01  4.57088190e+06  2.06469502e+01
 4.60609969e+06  4.72348286e+01  4.60609969e+06  2.03179689e+01
 4.64158883e+06  4.69659776e+01  4.64158883e+06  2.00044008e+01
 4.67735141e+06  4.67007020e+01  4.67735141e+06  1.97067714e+01
 4.71338954e+06  4.64390461e+01  4.71338954e+06  1.94225846e+01
 4.74970533e+06  4.61809385e+01  4.74970533e+06  1.91525304e+01
 4.78630092e+06  4.59259830e+01  4.78630092e+06  1.88948356e+01
 4.82317848e+06  4.56743938e+01  4.82317848e+06  1.86501779e+01
 4.86034018e+06  4.54262211e+01  4.86034018e+06  1.84174858e+01
 4.89778819e+06  4.51810262e+01  4.89778819e+06  1.81939604e+01
 4.93552474e+06  4.49379025e+01  4.93552474e+06  1.79806993e+01
 4.97355204e+06  4.46981129e+01  4.97355204e+06  1.77778371e+01
 5.01187234e+06  4.44609613e+01  5.01187234e+06  1.75846280e+01
 5.05048788e+06  4.42266617e+01  5.05048788e+06  1.73998211e+01
 5.08940095e+06  4.39943436e+01  5.08940095e+06  1.72217294e+01
 5.12861384e+06  4.37645295e+01  5.12861384e+06  1.70528855e+01
 5.16812886e+06  4.35374495e+01  5.16812886e+06  1.68907510e+01
 5.20794833e+06  4.33123889e+01  5.20794833e+06  1.67375652e+01
 5.24807460e+06  4.30892310e+01  5.24807460e+06  1.65886244e+01
 5.28851004e+06  4.28688389e+01  5.28851004e+06  1.64469051e+01
 5.32925703e+06  4.26500407e+01  5.32925703e+06  1.63136702e+01
 5.37031796e+06  4.24333059e+01  5.37031796e+06  1.61854593e+01
 5.41169527e+06  4.22181889e+01  5.41169527e+06  1.60605952e+01
 5.45339137e+06  4.20049557e+01  5.45339137e+06  1.59434832e+01
 5.49540874e+06  4.17940987e+01  5.49540874e+06  1.58314152e+01
 5.53774984e+06  4.15845574e+01  5.53774984e+06  1.57241197e+01
 5.58041717e+06  4.13767892e+01  5.58041717e+06  1.56198999e+01
 5.62341325e+06  4.11702585e+01  5.62341325e+06  1.55218555e+01
 5.66674061e+06  4.09656762e+01  5.66674061e+06  1.54299365e+01
 5.71040179e+06  4.07623858e+01  5.71040179e+06  1.53394646e+01
 5.75439937e+06  4.05611087e+01  5.75439937e+06  1.52552546e+01
 5.79873595e+06  4.03607945e+01  5.79873595e+06  1.51733597e+01
 5.84341413e+06  4.01618778e+01  5.84341413e+06  1.50971916e+01
 5.88843655e+06  3.99649702e+01  5.88843655e+06  1.50226730e+01
 5.93380586e+06  3.97686710e+01  5.93380586e+06  1.49513956e+01
 5.97952473e+06  3.95738893e+01  5.97952473e+06  1.48866377e+01
 6.02559586e+06  3.93801668e+01  6.02559586e+06  1.48228095e+01
 6.07202196e+06  3.91877616e+01  6.07202196e+06  1.47640025e+01
 6.11880576e+06  3.89966622e+01  6.11880576e+06  1.47072493e+01
 6.16595002e+06  3.88065382e+01  6.16595002e+06  1.46540787e+01
 6.21345752e+06  3.86176794e+01  6.21345752e+06  1.46036126e+01
 6.26133105e+06  3.84294744e+01  6.26133105e+06  1.45560305e+01
 6.30957344e+06  3.82432357e+01  6.30957344e+06  1.45110104e+01
 6.35818754e+06  3.80572172e+01  6.35818754e+06  1.44668276e+01
 6.40717619e+06  3.78725979e+01  6.40717619e+06  1.44286316e+01
 6.45654229e+06  3.76883363e+01  6.45654229e+06  1.43920824e+01
 6.50628875e+06  3.75058333e+01  6.50628875e+06  1.43583782e+01
 6.55641849e+06  3.73239708e+01  6.55641849e+06  1.43263060e+01
 6.60693448e+06  3.71428441e+01  6.60693448e+06  1.42950619e+01
 6.65783968e+06  3.69626248e+01  6.65783968e+06  1.42687419e+01
 6.70913710e+06  3.67828177e+01  6.70913710e+06  1.42423610e+01
 6.76082975e+06  3.66052020e+01  6.76082975e+06  1.42247147e+01
 6.81292069e+06  3.64270766e+01  6.81292069e+06  1.42036582e+01
 6.86541298e+06  3.62503188e+01  6.86541298e+06  1.41830051e+01
 6.91830971e+06  3.60733239e+01  6.91830971e+06  1.41684449e+01
 6.97161400e+06  3.58989894e+01  6.97161400e+06  1.41539636e+01
 7.02532899e+06  3.57237486e+01  7.02532899e+06  1.41424053e+01
 7.07945784e+06  3.55494684e+01  7.07945784e+06  1.41315901e+01
 7.13400375e+06  3.53761149e+01  7.13400375e+06  1.41242777e+01
 7.18896992e+06  3.52033718e+01  7.18896992e+06  1.41166408e+01
 7.24435960e+06  3.50315900e+01  7.24435960e+06  1.41102233e+01
 7.30017605e+06  3.48602026e+01  7.30017605e+06  1.41113433e+01
 7.35642254e+06  3.46892963e+01  7.35642254e+06  1.41086535e+01
 7.41310241e+06  3.45191342e+01  7.41310241e+06  1.41106680e+01
 7.47021899e+06  3.43494786e+01  7.47021899e+06  1.41134415e+01
 7.52777564e+06  3.41805932e+01  7.52777564e+06  1.41164903e+01
 7.58577575e+06  3.40120843e+01  7.58577575e+06  1.41251503e+01
 7.64422274e+06  3.38447720e+01  7.64422274e+06  1.41326352e+01
 7.70312006e+06  3.36776317e+01  7.70312006e+06  1.41416198e+01
 7.76247117e+06  3.35098152e+01  7.76247117e+06  1.41521599e+01
 7.82227956e+06  3.33439770e+01  7.82227956e+06  1.41645545e+01
 7.88254877e+06  3.31775519e+01  7.88254877e+06  1.41807933e+01
 7.94328235e+06  3.30122913e+01  7.94328235e+06  1.41982716e+01
 8.00448386e+06  3.28473671e+01  8.00448386e+06  1.42127968e+01
 8.06615692e+06  3.26833859e+01  8.06615692e+06  1.42348317e+01
 8.12830516e+06  3.25191659e+01  8.12830516e+06  1.42550013e+01
 8.19093224e+06  3.23548697e+01  8.19093224e+06  1.42794646e+01
 8.25404185e+06  3.21929347e+01  8.25404185e+06  1.43008505e+01
 8.31763771e+06  3.20294946e+01  8.31763771e+06  1.43282903e+01
 8.38172356e+06  3.18664281e+01  8.38172356e+06  1.43499599e+01
 8.44630319e+06  3.17052003e+01  8.44630319e+06  1.43812138e+01
 8.51138038e+06  3.15435814e+01  8.51138038e+06  1.44101165e+01
 8.57695899e+06  3.13832276e+01  8.57695899e+06  1.44417902e+01
 8.64304286e+06  3.12215848e+01  8.64304286e+06  1.44743734e+01
 8.70963590e+06  3.10607384e+01  8.70963590e+06  1.45104345e+01
 8.77674203e+06  3.09005030e+01  8.77674203e+06  1.45402887e+01
 8.84436519e+06  3.07401172e+01  8.84436519e+06  1.45774693e+01
 8.91250938e+06  3.05814978e+01  8.91250938e+06  1.46147447e+01
 8.98117861e+06  3.04228530e+01  8.98117861e+06  1.46579622e+01
 9.05037692e+06  3.02632543e+01  9.05037692e+06  1.46944037e+01
 9.12010839e+06  3.01045055e+01  9.12010839e+06  1.47406629e+01
 9.19037713e+06  2.99459760e+01  9.19037713e+06  1.47814861e+01
 9.26118728e+06  2.97881894e+01  9.26118728e+06  1.48284787e+01
 9.33254301e+06  2.96299256e+01  9.33254301e+06  1.48776696e+01
 9.40444852e+06  2.94722488e+01  9.40444852e+06  1.49254332e+01
 9.47690805e+06  2.93148045e+01  9.47690805e+06  1.49764728e+01
 9.54992586e+06  2.91586883e+01  9.54992586e+06  1.50221462e+01
 9.62350626e+06  2.90012100e+01  9.62350626e+06  1.50758178e+01
 9.69765359e+06  2.88445365e+01  9.69765359e+06  1.51333599e+01
 9.77237221e+06  2.86883545e+01  9.77237221e+06  1.51823274e+01
 9.84766652e+06  2.85329178e+01  9.84766652e+06  1.52424257e+01
 9.92354096e+06  2.83753373e+01  9.92354096e+06  1.53009177e+01
 1.00000000e+07  2.82201268e+01  1.00000000e+07  1.53581544e+01
 1.00770481e+07  2.80652549e+01  1.00770481e+07  1.54211361e+01
 1.01546899e+07  2.79100329e+01  1.01546899e+07  1.54736560e+01
 1.02329299e+07  2.77542689e+01  1.02329299e+07  1.55407273e+01
 1.03117727e+07  2.75987676e+01  1.03117727e+07  1.56077712e+01
 1.03912230e+07  2.74451472e+01  1.03912230e+07  1.56708980e+01
 1.04712855e+07  2.72895342e+01  1.04712855e+07  1.57395144e+01
 1.05519648e+07  2.71351941e+01  1.05519648e+07  1.58056769e+01
 1.06332657e+07  2.69808715e+01  1.06332657e+07  1.58775650e+01
 1.07151931e+07  2.68253481e+01  1.07151931e+07  1.59532887e+01
 1.07977516e+07  2.66723413e+01  1.07977516e+07  1.60224837e+01
 1.08809463e+07  2.65167523e+01  1.08809463e+07  1.60997440e+01
 1.09647820e+07  2.63645491e+01  1.09647820e+07  1.61712800e+01
 1.10492636e+07  2.62114138e+01  1.10492636e+07  1.62420354e+01
 1.11343961e+07  2.60578633e+01  1.11343961e+07  1.63269005e+01
 1.12201845e+07  2.59033484e+01  1.12201845e+07  1.64092404e+01
 1.13066340e+07  2.57496284e+01  1.13066340e+07  1.64900666e+01
 1.13937495e+07  2.55965199e+01  1.13937495e+07  1.65677465e+01
 1.14815362e+07  2.54433461e+01  1.14815362e+07  1.66549160e+01
 1.15699993e+07  2.52895835e+01  1.15699993e+07  1.67463964e+01
 1.16591440e+07  2.51376350e+01  1.16591440e+07  1.68230026e+01
 1.17489755e+07  2.49834643e+01  1.17489755e+07  1.69188066e+01
 1.18394992e+07  2.48319993e+01  1.18394992e+07  1.70045488e+01
 1.19307204e+07  2.46793884e+01  1.19307204e+07  1.70997014e+01
 1.20226443e+07  2.45267333e+01  1.20226443e+07  1.71896887e+01
 1.21152766e+07  2.43742046e+01  1.21152766e+07  1.72769396e+01
 1.22086225e+07  2.42177923e+01  1.22086225e+07  1.73921593e+01
 1.23026877e+07  2.40646275e+01  1.23026877e+07  1.74891034e+01
 1.23974776e+07  2.39147582e+01  1.23974776e+07  1.75884360e+01
 1.24929979e+07  2.37623914e+01  1.24929979e+07  1.76883974e+01
 1.25892541e+07  2.36099903e+01  1.25892541e+07  1.77882528e+01
 1.26862520e+07  2.34571549e+01  1.26862520e+07  1.78924805e+01
 1.27839972e+07  2.33039207e+01  1.27839972e+07  1.80020751e+01
 1.28824955e+07  2.31507364e+01  1.28824955e+07  1.81104136e+01
 1.29817528e+07  2.29986619e+01  1.29817528e+07  1.82205848e+01
 1.30817747e+07  2.28460118e+01  1.30817747e+07  1.83298766e+01
 1.31825674e+07  2.26934687e+01  1.31825674e+07  1.84419575e+01
 1.32841366e+07  2.25426681e+01  1.32841366e+07  1.85565627e+01
 1.33864884e+07  2.23889202e+01  1.33864884e+07  1.86730538e+01
 1.34896288e+07  2.22344477e+01  1.34896288e+07  1.87986888e+01
 1.35935639e+07  2.20831840e+01  1.35935639e+07  1.89144766e+01
 1.36982998e+07  2.19301933e+01  1.36982998e+07  1.90441601e+01
 1.38038426e+07  2.17764672e+01  1.38038426e+07  1.91667127e+01
 1.39101987e+07  2.16237215e+01  1.39101987e+07  1.92914344e+01
 1.40173742e+07  2.14740169e+01  1.40173742e+07  1.94183127e+01
 1.41253754e+07  2.13182100e+01  1.41253754e+07  1.95476269e+01
 1.42342088e+07  2.11662515e+01  1.42342088e+07  1.96788837e+01
 1.43438808e+07  2.10148453e+01  1.43438808e+07  1.98088417e+01
 1.44543977e+07  2.08609853e+01  1.44543977e+07  1.99476473e+01
 1.45657662e+07  2.07068544e+01  1.45657662e+07  2.00936183e+01
 1.46779927e+07  2.05528106e+01  1.46779927e+07  2.02280458e+01
 1.47910839e+07  2.04027317e+01  1.47910839e+07  2.03610513e+01
 1.49050464e+07  2.02485555e+01  1.49050464e+07  2.05099524e+01
 1.50198870e+07  2.00931262e+01  1.50198870e+07  2.06649441e+01
 1.51356125e+07  1.99399679e+01  1.51356125e+07  2.08085796e+01
 1.52522296e+07  1.97870848e+01  1.52522296e+07  2.09603601e+01
 1.53697452e+07  1.96324437e+01  1.53697452e+07  2.11143240e+01
 1.54881662e+07  1.94777369e+01  1.54881662e+07  2.12605350e+01
 1.56074996e+07  1.93242783e+01  1.56074996e+07  2.14295494e+01
 1.57277525e+07  1.91708438e+01  1.57277525e+07  2.15847817e+01
 1.58489319e+07  1.90181608e+01  1.58489319e+07  2.17472834e+01
 1.59710450e+07  1.88595001e+01  1.59710450e+07  2.19248573e+01
 1.60940989e+07  1.87065161e+01  1.60940989e+07  2.20902097e+01
 1.62181010e+07  1.85520819e+01  1.62181010e+07  2.22495051e+01
 1.63430584e+07  1.83974169e+01  1.63430584e+07  2.24353055e+01
 1.64689787e+07  1.82405837e+01  1.64689787e+07  2.26151224e+01
 1.65958691e+07  1.80881751e+01  1.65958691e+07  2.27662229e+01
 1.67237372e+07  1.79324390e+01  1.67237372e+07  2.29611777e+01
 1.68525904e+07  1.77810778e+01  1.68525904e+07  2.31452057e+01
 1.69824365e+07  1.76259897e+01  1.69824365e+07  2.33206442e+01
 1.71132830e+07  1.74679027e+01  1.71132830e+07  2.35068884e+01
 1.72451377e+07  1.73108861e+01  1.72451377e+07  2.37215195e+01
 1.73780083e+07  1.71547201e+01  1.73780083e+07  2.38941998e+01
 1.75119026e+07  1.69978765e+01  1.75119026e+07  2.41162788e+01
 1.76468286e+07  1.68397051e+01  1.76468286e+07  2.43148592e+01
 1.77827941e+07  1.66897032e+01  1.77827941e+07  2.45041088e+01
 1.79198072e+07  1.65319284e+01  1.79198072e+07  2.47112817e+01
 1.80578760e+07  1.63701793e+01  1.80578760e+07  2.49443245e+01
 1.81970086e+07  1.62153935e+01  1.81970086e+07  2.51333834e+01
 1.83372132e+07  1.60526361e+01  1.83372132e+07  2.53846053e+01
 1.84784980e+07  1.58983346e+01  1.84784980e+07  2.55965926e+01
 1.86208714e+07  1.57453543e+01  1.86208714e+07  2.57901730e+01
 1.87643417e+07  1.55812673e+01  1.87643417e+07  2.60415819e+01
 1.89089175e+07  1.54245398e+01  1.89089175e+07  2.62641911e+01
 1.90546072e+07  1.52642704e+01  1.90546072e+07  2.64929584e+01
 1.92014194e+07  1.51054675e+01  1.92014194e+07  2.67364868e+01
 1.93493628e+07  1.49422700e+01  1.93493628e+07  2.70090444e+01
 1.94984460e+07  1.47879639e+01  1.94984460e+07  2.72217477e+01
 1.96486779e+07  1.46253649e+01  1.96486779e+07  2.74894497e+01
 1.98000673e+07  1.44631704e+01  1.98000673e+07  2.77537038e+01
 1.99526231e+07  1.43047411e+01  1.99526231e+07  2.80065652e+01
 2.01063544e+07  1.41483935e+01  2.01063544e+07  2.82545593e+01
 2.02612701e+07  1.39846791e+01  2.02612701e+07  2.85498666e+01
 2.04173794e+07  1.38276435e+01  2.04173794e+07  2.87720441e+01
 2.05746916e+07  1.36605640e+01  2.05746916e+07  2.90695668e+01
 2.07332157e+07  1.35033725e+01  2.07332157e+07  2.93492728e+01
 2.08929613e+07  1.33414324e+01  2.08929613e+07  2.96342959e+01
 2.10539377e+07  1.31729865e+01  2.10539377e+07  2.99455416e+01
 2.12161544e+07  1.30127046e+01  2.12161544e+07  3.02401783e+01
 2.13796209e+07  1.28504026e+01  2.13796209e+07  3.05430666e+01
 2.15443469e+07  1.26865898e+01  2.15443469e+07  3.08593879e+01
 2.17103421e+07  1.25232553e+01  2.17103421e+07  3.11347406e+01
 2.18776162e+07  1.23623302e+01  2.18776162e+07  3.14568734e+01
 2.20461792e+07  1.21990638e+01  2.20461792e+07  3.18088795e+01
 2.22160409e+07  1.20299499e+01  2.22160409e+07  3.21299447e+01
 2.23872114e+07  1.18633747e+01  2.23872114e+07  3.24648658e+01
 2.25597007e+07  1.17005721e+01  2.25597007e+07  3.28115945e+01
 2.27335190e+07  1.15384292e+01  2.27335190e+07  3.31462350e+01
 2.29086765e+07  1.13726355e+01  2.29086765e+07  3.34908648e+01
 2.30851836e+07  1.12010597e+01  2.30851836e+07  3.38832887e+01
 2.32630507e+07  1.10388033e+01  2.32630507e+07  3.42234410e+01
 2.34422882e+07  1.08681980e+01  2.34422882e+07  3.46586673e+01
 2.36229066e+07  1.06988584e+01  2.36229066e+07  3.50128916e+01
 2.38049167e+07  1.05339763e+01  2.38049167e+07  3.53961684e+01
 2.39883292e+07  1.03660771e+01  2.39883292e+07  3.58108291e+01
 2.41731548e+07  1.01915954e+01  2.41731548e+07  3.62484396e+01
 2.43594045e+07  1.00249842e+01  2.43594045e+07  3.66435825e+01
 2.45470892e+07  9.86258185e+00  2.45470892e+07  3.69983572e+01
 2.47362199e+07  9.68988490e+00  2.47362199e+07  3.74248492e+01
 2.49268079e+07  9.52658425e+00  2.49268079e+07  3.78978375e+01
 2.51188643e+07  9.35085842e+00  2.51188643e+07  3.83013762e+01
 2.53124005e+07  9.18203696e+00  2.53124005e+07  3.87946411e+01
 2.55074278e+07  9.01609300e+00  2.55074278e+07  3.92010472e+01
 2.57039578e+07  8.83432617e+00  2.57039578e+07  3.97701645e+01
 2.59020020e+07  8.67555853e+00  2.59020020e+07  4.01534828e+01
 2.61015722e+07  8.49882025e+00  2.61015722e+07  4.07134212e+01
 2.63026799e+07  8.32620341e+00  2.63026799e+07  4.12138565e+01
 2.65053372e+07  8.15537190e+00  2.65053372e+07  4.17331741e+01
 2.67095559e+07  7.97653804e+00  2.67095559e+07  4.21725252e+01
 2.69153480e+07  7.80800081e+00  2.69153480e+07  4.27445805e+01
 2.71227258e+07  7.63097152e+00  2.71227258e+07  4.33735942e+01
 2.73317014e+07  7.46585605e+00  2.73317014e+07  4.39315962e+01
 2.75422870e+07  7.29037191e+00  2.75422870e+07  4.44242138e+01
 2.77544952e+07  7.12352118e+00  2.77544952e+07  4.50475822e+01
 2.79683385e+07  6.93849823e+00  2.79683385e+07  4.56201710e+01
 2.81838293e+07  6.77887540e+00  2.81838293e+07  4.62480111e+01
 2.84009805e+07  6.60548862e+00  2.84009805e+07  4.68195564e+01
 2.86198048e+07  6.43281701e+00  2.86198048e+07  4.75112591e+01
 2.88403150e+07  6.25559145e+00  2.88403150e+07  4.80741056e+01
 2.90625243e+07  6.07854170e+00  2.90625243e+07  4.86542705e+01
 2.92864456e+07  5.90779278e+00  2.92864456e+07  4.94706693e+01
 2.95120923e+07  5.73498412e+00  2.95120923e+07  5.01764222e+01
 2.97394775e+07  5.55925649e+00  2.97394775e+07  5.08804364e+01
 2.99686146e+07  5.39020708e+00  2.99686146e+07  5.15129554e+01
 3.01995172e+07  5.22521724e+00  3.01995172e+07  5.23278541e+01
 3.04321989e+07  5.05243788e+00  3.04321989e+07  5.30401064e+01
 3.06666733e+07  4.88139536e+00  3.06666733e+07  5.38696597e+01
 3.09029543e+07  4.70136799e+00  3.09029543e+07  5.46190324e+01
 3.11410558e+07  4.53460055e+00  3.11410558e+07  5.54141396e+01
 3.13809919e+07  4.37027219e+00  3.13809919e+07  5.61268005e+01
 3.16227766e+07  4.19665187e+00  3.16227766e+07  5.71136822e+01
 3.18664242e+07  4.02204970e+00  3.18664242e+07  5.78538988e+01
 3.21119491e+07  3.85495504e+00  3.21119491e+07  5.88351429e+01
 3.23593657e+07  3.70356330e+00  3.23593657e+07  5.96380655e+01
 3.26086886e+07  3.53628273e+00  3.26086886e+07  6.04693202e+01
 3.28599325e+07  3.35847005e+00  3.28599325e+07  6.12950886e+01
 3.31131121e+07  3.20719799e+00  3.31131121e+07  6.22796826e+01
 3.33682425e+07  3.05206082e+00  3.33682425e+07  6.32299666e+01
 3.36253386e+07  2.88644743e+00  3.36253386e+07  6.44828479e+01
 3.38844156e+07  2.70814373e+00  3.38844156e+07  6.51703710e+01
 3.41454887e+07  2.56521217e+00  3.41454887e+07  6.64345651e+01
 3.44085734e+07  2.38942134e+00  3.44085734e+07  6.73556519e+01
 3.46736850e+07  2.24920057e+00  3.46736850e+07  6.85957100e+01
 3.49408393e+07  2.10883834e+00  3.49408393e+07  6.95094627e+01
 3.52100520e+07  1.95565972e+00  3.52100520e+07  7.06953882e+01
 3.54813389e+07  1.81198969e+00  3.54813389e+07  7.18705585e+01
 3.57547160e+07  1.66111475e+00  3.57547160e+07  7.27882604e+01
 3.60301995e+07  1.52252785e+00  3.60301995e+07  7.38578500e+01
 3.63078055e+07  1.37460833e+00  3.63078055e+07  7.52014228e+01
 3.65875504e+07  1.25140740e+00  3.65875504e+07  7.65556683e+01
 3.68694506e+07  1.12329197e+00  3.68694506e+07  7.77003769e+01
 3.71535229e+07  9.87106584e-01  3.71535229e+07  7.88957327e+01
 3.74397839e+07  8.40801596e-01  3.74397839e+07  7.99676035e+01
 3.77282505e+07  7.64853205e-01  3.77282505e+07  8.14099292e+01
 3.80189396e+07  6.36479260e-01  3.80189396e+07  8.27181459e+01
 3.83118685e+07  5.12330016e-01  3.83118685e+07  8.36994138e+01
 3.86070543e+07  3.74669561e-01  3.86070543e+07  8.53226381e+01
 3.89045145e+07  3.16627195e-01  3.89045145e+07  8.65075667e+01
 3.92042666e+07  1.97120255e-01  3.92042666e+07  8.76874612e+01
 3.95063281e+07  1.16727931e-01  3.95063281e+07  8.93661753e+01
 3.98107171e+07  -4.08015826e-03  3.98107171e+07  9.06572766e+01
 4.01174512e+07  -4.15405091e-02  4.01174512e+07  9.18934177e+01
 4.04265487e+07  -1.22230117e-01  4.04265487e+07  9.35415063e+01
 4.07380278e+07  -2.07844111e-01  4.07380278e+07  9.45543584e+01
 4.10519067e+07  -2.85536009e-01  4.10519067e+07  9.60492410e+01
 4.13682040e+07  -3.64795163e-01  4.13682040e+07  9.73704090e+01
 4.16869383e+07  -4.00901993e-01  4.16869383e+07  9.81801696e+01
 4.20081285e+07  -5.00944474e-01  4.20081285e+07  9.98631662e+01
 4.23317933e+07  -4.88877136e-01  4.23317933e+07  1.01604916e+02
 4.26579519e+07  -6.57277758e-01  4.26579519e+07  1.02456236e+02
 4.29866235e+07  -6.89320066e-01  4.29866235e+07  1.04192194e+02
 4.33178274e+07  -7.59116040e-01  4.33178274e+07  1.05296587e+02
 4.36515832e+07  -7.67007031e-01  4.36515832e+07  1.06659413e+02
 4.39879106e+07  -7.69044372e-01  4.39879106e+07  1.08790855e+02
 4.43268292e+07  -7.65923952e-01  4.43268292e+07  1.09685086e+02
 4.46683592e+07  -7.88685000e-01  4.46683592e+07  1.10709054e+02
 4.50125206e+07  -9.62500849e-01  4.50125206e+07  1.11841921e+02
 4.53593337e+07  -8.54548249e-01  4.53593337e+07  1.13372688e+02
 4.57088190e+07  -9.71017897e-01  4.57088190e+07  1.16043307e+02
 4.60609969e+07  -8.97305972e-01  4.60609969e+07  1.16705099e+02
 4.64158883e+07  -8.81429399e-01  4.64158883e+07  1.17507750e+02
 4.67735141e+07  -8.80760322e-01  4.67735141e+07  1.17323605e+02
 4.71338954e+07  -8.78938224e-01  4.71338954e+07  1.19957308e+02
 4.74970533e+07  -1.00236988e+00  4.74970533e+07  1.21502078e+02
 4.78630092e+07  -8.77714787e-01  4.78630092e+07  1.21447138e+02
 4.82317848e+07  -9.02197488e-01  4.82317848e+07  1.22747558e+02
 4.86034018e+07  -9.22370684e-01  4.86034018e+07  1.24873422e+02
 4.89778819e+07  -7.33387571e-01  4.89778819e+07  1.23789353e+02
 4.93552474e+07  -8.08903350e-01  4.93552474e+07  1.27275992e+02
 4.97355204e+07  -7.39454460e-01  4.97355204e+07  1.27937949e+02
 5.01187234e+07  -6.05264653e-01  5.01187234e+07  1.28818742e+02
 5.05048788e+07  -7.47059169e-01  5.05048788e+07  1.30189501e+02
 5.08940095e+07  -6.36966835e-01  5.08940095e+07  1.28852447e+02
 5.12861384e+07  -6.44471646e-01  5.12861384e+07  1.32465142e+02
 5.16812886e+07  -6.24058011e-01  5.16812886e+07  1.32895455e+02
 5.20794833e+07  -6.45368585e-01  5.20794833e+07  1.33425697e+02
 5.24807460e+07  -7.13755168e-01  5.24807460e+07  1.36550500e+02
 5.28851004e+07  -5.00784957e-01  5.28851004e+07  1.35618531e+02
 5.32925703e+07  -6.69194349e-01  5.32925703e+07  1.37270906e+02
 5.37031796e+07  -5.01959645e-01  5.37031796e+07  1.38194658e+02
 5.41169527e+07  -3.68075268e-01  5.41169527e+07  1.38190195e+02
 5.45339137e+07  -3.83780976e-01  5.45339137e+07  1.39689295e+02
 5.49540874e+07  -3.67294964e-01  5.49540874e+07  1.41351181e+02
 5.53774984e+07  -3.59123781e-01  5.53774984e+07  1.41476187e+02
 5.58041717e+07  -3.16694534e-01  5.58041717e+07  1.42111310e+02
 5.62341325e+07  -2.55615841e-01  5.62341325e+07  1.43668385e+02
 5.66674061e+07  -2.50824377e-01  5.66674061e+07  1.45048170e+02
 5.71040179e+07  -8.30581865e-02  5.71040179e+07  1.44898394e+02
 5.75439937e+07  -2.48056313e-02  5.75439937e+07  1.45519750e+02
 5.79873595e+07  -6.73530591e-02  5.79873595e+07  1.46265114e+02
 5.84341413e+07  -1.47318816e-01  5.84341413e+07  1.45646014e+02
 5.88843655e+07  1.66065800e-01  5.88843655e+07  1.48496080e+02
 5.93380586e+07  7.22403803e-02  5.93380586e+07  1.48791889e+02
 5.97952473e+07  1.39020633e-01  5.97952473e+07  1.49852045e+02
 6.02559586e+07  1.07707846e-01  6.02559586e+07  1.49985236e+02
 6.07202196e+07  2.71102359e-01  6.07202196e+07  1.51404025e+02
 6.11880576e+07  7.61995148e-02  6.11880576e+07  1.51789508e+02
 6.16595002e+07  3.23804527e-01  6.16595002e+07  1.52234190e+02
 6.21345752e+07  3.49531438e-01  6.21345752e+07  1.51349138e+02
 6.26133105e+07  4.06173282e-01  6.26133105e+07  1.52059913e+02
 6.30957344e+07  4.62499972e-01  6.30957344e+07  1.54133818e+02
 6.35818754e+07  4.73195111e-01  6.35818754e+07  1.55104691e+02
 6.40717619e+07  3.94094617e-01  6.40717619e+07  1.55507971e+02
 6.45654229e+07  6.88341590e-01  6.45654229e+07  1.54872577e+02
 6.50628875e+07  5.74170201e-01  6.50628875e+07  1.56372723e+02
 6.55641849e+07  6.84212943e-01  6.55641849e+07  1.56906292e+02
 6.60693448e+07  6.72270258e-01  6.60693448e+07  1.57131942e+02
 6.65783968e+07  7.95667028e-01  6.65783968e+07  1.57088286e+02
 6.70913710e+07  8.05820353e-01  6.70913710e+07  1.59195147e+02
 6.76082975e+07  9.19777021e-01  6.76082975e+07  1.59366351e+02
 6.81292069e+07  9.14529537e-01  6.81292069e+07  1.58602578e+02
 6.86541298e+07  9.78055619e-01  6.86541298e+07  1.60397402e+02
 6.91830971e+07  9.07511882e-01  6.91830971e+07  1.60011055e+02
 6.97161400e+07  1.04321534e+00  6.97161400e+07  1.60861503e+02
 7.02532899e+07  1.14420018e+00  7.02532899e+07  1.61115761e+02
 7.07945784e+07  1.14455868e+00  7.07945784e+07  1.61869109e+02
 7.13400375e+07  1.02192312e+00  7.13400375e+07  1.62276633e+02
 7.18896992e+07  1.26966899e+00  7.18896992e+07  1.62873697e+02
 7.24435960e+07  1.26901867e+00  7.24435960e+07  1.63477981e+02
 7.30017605e+07  1.31969960e+00  7.30017605e+07  1.63850406e+02
 7.35642254e+07  1.16190079e+00  7.35642254e+07  1.64330269e+02
 7.41310241e+07  1.39465532e+00  7.41310241e+07  1.64528519e+02
 7.47021899e+07  1.44456761e+00  7.47021899e+07  1.64794973e+02
 7.52777564e+07  1.59466058e+00  7.52777564e+07  1.65030537e+02
 7.58577575e+07  1.35956200e+00  7.58577575e+07  1.64869745e+02
 7.64422274e+07  1.46813326e+00  7.64422274e+07  1.66451481e+02
 7.70312006e+07  1.78525526e+00  7.70312006e+07  1.65780316e+02
 7.76247117e+07  1.54445464e+00  7.76247117e+07  1.67119705e+02
 7.82227956e+07  1.60372209e+00  7.82227956e+07  1.66897637e+02
 7.88254877e+07  1.63905775e+00  7.88254877e+07  1.67379690e+02
 7.94328235e+07  1.77502295e+00  7.94328235e+07  1.67727716e+02
 8.00448386e+07  1.85693881e+00  8.00448386e+07  1.68351965e+02
 8.06615692e+07  1.76086626e+00  8.06615692e+07  1.68036074e+02
 8.12830516e+07  1.77041411e+00  8.12830516e+07  1.69511195e+02
 8.19093224e+07  1.84675676e+00  8.19093224e+07  1.69167500e+02
 8.25404185e+07  1.90628630e+00  8.25404185e+07  1.69608495e+02
 8.31763771e+07  2.02118480e+00  8.31763771e+07  1.70427385e+02
 8.38172356e+07  2.06527855e+00  8.38172356e+07  1.69870366e+02
 8.44630319e+07  2.13491870e+00  8.44630319e+07  1.71237596e+02
 8.51138038e+07  2.15869682e+00  8.51138038e+07  1.71134580e+02
 8.57695899e+07  1.95556775e+00  8.57695899e+07  1.71421399e+02
 8.64304286e+07  2.23677168e+00  8.64304286e+07  1.71856287e+02
 8.70963590e+07  2.33179599e+00  8.70963590e+07  1.72316847e+02
 8.77674203e+07  2.22597205e+00  8.77674203e+07  1.72014015e+02
 8.84436519e+07  2.31335363e+00  8.84436519e+07  1.72953952e+02
 8.91250938e+07  2.25696674e+00  8.91250938e+07  1.72998726e+02
 8.98117861e+07  2.36701514e+00  8.98117861e+07  1.73236687e+02
 9.05037692e+07  2.39858541e+00  9.05037692e+07  1.74143882e+02
 9.12010839e+07  2.51874970e+00  9.12010839e+07  1.74306014e+02
 9.19037713e+07  2.52503721e+00  9.19037713e+07  1.74932721e+02
 9.26118728e+07  2.59974537e+00  9.26118728e+07  1.74270523e+02
 9.33254301e+07  2.54709388e+00  9.33254301e+07  1.75131850e+02
 9.40444852e+07  2.59833755e+00  9.40444852e+07  1.75168356e+02
 9.47690805e+07  2.44400472e+00  9.47690805e+07  1.75534877e+02
 9.54992586e+07  2.66003585e+00  9.54992586e+07  1.76295919e+02
 9.62350626e+07  2.56189601e+00  9.62350626e+07  1.76099831e+02
 9.69765359e+07  2.56792157e+00  9.69765359e+07  1.76629289e+02
 9.77237221e+07  2.68612227e+00  9.77237221e+07  1.76676988e+02
 9.84766652e+07  2.66024510e+00  9.84766652e+07  1.77122613e+02
 9.92354096e+07  2.96564125e+00  9.92354096e+07  1.77338014e+02
 1.00000000e+08  2.70801560e+00  1.00000000e+08  1.77897691e+02
 1.00770481e+08  2.97127706e+00  1.00770481e+08  1.77748334e+02
 1.01546899e+08  2.84266519e+00  1.01546899e+08  1.78125108e+02
 1.02329299e+08  2.95069173e+00  1.02329299e+08  1.78696858e+02
 1.03117727e+08  2.99607847e+00  1.03117727e+08  1.78461306e+02
 1.03912230e+08  2.89506044e+00  1.03912230e+08  1.79028368e+02
 1.04712855e+08  3.04064233e+00  1.04712855e+08  1.78886985e+02
 1.05519648e+08  3.18811623e+00  1.05519648e+08  1.79237204e+02
 1.06332657e+08  3.07382396e+00  1.06332657e+08  1.79644932e+02
 1.07151931e+08  3.05250691e+00  1.07151931e+08  1.79415685e+02
 1.07977516e+08  3.31928121e+00  1.07977516e+08  1.80154265e+02
 1.08809463e+08  3.11576509e+00  1.08809463e+08  1.80478599e+02
 1.09647820e+08  3.11952463e+00  1.09647820e+08  1.80646410e+02
 1.10492636e+08  3.17608658e+00  1.10492636e+08  1.81185119e+02
 1.11343961e+08  3.44868796e+00  1.11343961e+08  1.80953566e+02
 1.12201845e+08  3.24544188e+00  1.12201845e+08  1.81069394e+02
 1.13066340e+08  3.44934504e+00  1.13066340e+08  1.81451767e+02
 1.13937495e+08  3.34108846e+00  1.13937495e+08  1.81692799e+02
 1.14815362e+08  3.33248886e+00  1.14815362e+08  1.81627299e+02
 1.15699993e+08  3.52554400e+00  1.15699993e+08  1.82105691e+02
 1.16591440e+08  3.64982328e+00  1.16591440e+08  1.82141534e+02
 1.17489755e+08  3.62516709e+00  1.17489755e+08  1.82319881e+02
 1.18394992e+08  3.64019350e+00  1.18394992e+08  1.82365717e+02
 1.19307204e+08  3.53157608e+00  1.19307204e+08  1.82988404e+02
 1.20226443e+08  3.53373652e+00  1.20226443e+08  1.82901963e+02
 1.21152766e+08  3.65086421e+00  1.21152766e+08  1.83437263e+02
 1.22086225e+08  3.76595721e+00  1.22086225e+08  1.83222859e+02
 1.23026877e+08  3.54145655e+00  1.23026877e+08  1.83836888e+02
 1.23974776e+08  3.79893361e+00  1.23974776e+08  1.83422233e+02
 1.24929979e+08  3.81555737e+00  1.24929979e+08  1.83999115e+02
 1.25892541e+08  3.70567616e+00  1.25892541e+08  1.84474695e+02
 1.26862520e+08  3.73023781e+00  1.26862520e+08  1.84543737e+02
 1.27839972e+08  3.75154800e+00  1.27839972e+08  1.84680783e+02
 1.28824955e+08  3.89002693e+00  1.28824955e+08  1.84655514e+02
 1.29817528e+08  3.89578067e+00  1.29817528e+08  1.84998491e+02
 1.30817747e+08  3.80822157e+00  1.30817747e+08  1.85203616e+02
 1.31825674e+08  3.70395994e+00  1.31825674e+08  1.85489222e+02
 1.32841366e+08  4.00034306e+00  1.32841366e+08  1.85463863e+02
 1.33864884e+08  4.30167630e+00  1.33864884e+08  1.85594414e+02
 1.34896288e+08  4.17760712e+00  1.34896288e+08  1.85656819e+02
 1.35935639e+08  4.48809798e+00  1.35935639e+08  1.85468305e+02
 1.36982998e+08  3.97097230e+00  1.36982998e+08  1.86633222e+02
 1.38038426e+08  4.42666632e+00  1.38038426e+08  1.86357525e+02
 1.39101987e+08  4.47741707e+00  1.39101987e+08  1.86447346e+02
 1.40173742e+08  4.23326709e+00  1.40173742e+08  1.86444294e+02
 1.41253754e+08  4.43815950e+00  1.41253754e+08  1.86834960e+02
 1.42342088e+08  4.47617808e+00  1.42342088e+08  1.86639124e+02
 1.43438808e+08  4.10242593e+00  1.43438808e+08  1.87297780e+02
 1.44543977e+08  4.44684103e+00  1.44543977e+08  1.87058167e+02
 1.45657662e+08  4.34419376e+00  1.45657662e+08  1.87043813e+02
 1.46779927e+08  4.39213931e+00  1.46779927e+08  1.87205830e+02
 1.47910839e+08  4.44716865e+00  1.47910839e+08  1.87747801e+02
 1.49050464e+08  4.66237330e+00  1.49050464e+08  1.87584872e+02
 1.50198870e+08  4.56822432e+00  1.50198870e+08  1.87746968e+02
 1.51356125e+08  4.64984259e+00  1.51356125e+08  1.87991685e+02
 1.52522296e+08  4.53565578e+00  1.52522296e+08  1.88296796e+02
 1.53697452e+08  4.79078684e+00  1.53697452e+08  1.88459813e+02
 1.54881662e+08  4.86170446e+00  1.54881662e+08  1.87901972e+02
 1.56074996e+08  4.77021989e+00  1.56074996e+08  1.88356784e+02
 1.57277525e+08  5.02633869e+00  1.57277525e+08  1.88068675e+02
 1.58489319e+08  5.10408646e+00  1.58489319e+08  1.88342854e+02
 1.59710450e+08  4.83493292e+00  1.59710450e+08  1.88358440e+02
 1.60940989e+08  4.91781882e+00  1.60940989e+08  1.88583790e+02
 1.62181010e+08  4.82906556e+00  1.62181010e+08  1.89028884e+02
 1.63430584e+08  4.92015121e+00  1.63430584e+08  1.89007995e+02
 1.64689787e+08  5.00065696e+00  1.64689787e+08  1.88660650e+02
 1.65958691e+08  5.10965091e+00  1.65958691e+08  1.89090426e+02
 1.67237372e+08  4.81475987e+00  1.67237372e+08  1.89388371e+02
 1.68525904e+08  5.11782594e+00  1.68525904e+08  1.89502559e+02
 1.69824365e+08  5.22504960e+00  1.69824365e+08  1.89456831e+02
 1.71132830e+08  5.55960903e+00  1.71132830e+08  1.89356385e+02
 1.72451377e+08  5.03099590e+00  1.72451377e+08  1.89704051e+02
 1.73780083e+08  4.93405934e+00  1.73780083e+08  1.89540749e+02
 1.75119026e+08  5.26633590e+00  1.75119026e+08  1.90074730e+02
 1.76468286e+08  5.62862456e+00  1.76468286e+08  1.89746209e+02
 1.77827941e+08  5.07429845e+00  1.77827941e+08  1.90099128e+02
 1.79198072e+08  5.19093303e+00  1.79198072e+08  1.89995147e+02
 1.80578760e+08  5.55937668e+00  1.80578760e+08  1.89724915e+02
 1.81970086e+08  5.22722856e+00  1.81970086e+08  1.89934250e+02
 1.83372132e+08  5.61510663e+00  1.83372132e+08  1.89676731e+02
 1.84784980e+08  5.49764366e+00  1.84784980e+08  1.89759825e+02
 1.86208714e+08  5.65543485e+00  1.86208714e+08  1.89518394e+02
 1.87643417e+08  5.29780818e+00  1.87643417e+08  1.89811084e+02
 1.89089175e+08  5.46204799e+00  1.89089175e+08  1.90389054e+02
 1.90546072e+08  5.88355288e+00  1.90546072e+08  1.90396317e+02
 1.92014194e+08  6.05822185e+00  1.92014194e+08  1.89505238e+02
 1.93493628e+08  5.68794122e+00  1.93493628e+08  1.90409146e+02
 1.94984460e+08  6.14142467e+00  1.94984460e+08  1.89996596e+02
 1.96486779e+08  5.75986145e+00  1.96486779e+08  1.90278726e+02
 1.98000673e+08  5.66163558e+00  1.98000673e+08  1.90229679e+02
 1.99526231e+08  6.13261459e+00  1.99526231e+08  1.90497214e+02
 2.01063544e+08  5.47005136e+00  2.01063544e+08  1.90462158e+02
 2.02612701e+08  5.93167936e+00  2.02612701e+08  1.90176279e+02
 2.04173794e+08  6.13912966e+00  2.04173794e+08  1.90033953e+02
 2.05746916e+08  5.16395499e+00  2.05746916e+08  1.90796940e+02
 2.07332157e+08  5.63024855e+00  2.07332157e+08  1.90387167e+02
 2.08929613e+08  5.83151573e+00  2.08929613e+08  1.90266357e+02
 2.10539377e+08  6.04170412e+00  2.10539377e+08  1.90001433e+02
 2.12161544e+08  6.25993025e+00  2.12161544e+08  1.90190115e+02
 2.13796209e+08  6.50574154e+00  2.13796209e+08  1.90478201e+02
 2.15443469e+08  5.73702020e+00  2.15443469e+08  1.90543204e+02
 2.17103421e+08  5.96745657e+00  2.17103421e+08  1.90233299e+02
 2.18776162e+08  5.85768326e+00  2.18776162e+08  1.90040626e+02
 2.20461792e+08  6.43690974e+00  2.20461792e+08  1.89998085e+02
 2.22160409e+08  6.34448349e+00  2.22160409e+08  1.90355619e+02
 2.23872114e+08  5.88294172e+00  2.23872114e+08  1.90093972e+02
 2.25597007e+08  6.12838214e+00  2.25597007e+08  1.90024986e+02
 2.27335190e+08  6.40141783e+00  2.27335190e+08  1.90081579e+02
 2.29086765e+08  6.28025080e+00  2.29086765e+08  1.89898645e+02
 2.30851836e+08  6.56322918e+00  2.30851836e+08  1.90082614e+02
 2.32630507e+08  6.07101747e+00  2.32630507e+08  1.89784285e+02
 2.34422882e+08  6.75040876e+00  2.34422882e+08  1.90013079e+02
 2.36229066e+08  7.07493942e+00  2.36229066e+08  1.90048473e+02
 2.38049167e+08  6.54668632e+00  2.38049167e+08  1.90296068e+02
 2.39883292e+08  6.45052195e+00  2.39883292e+08  1.89499987e+02
 2.41731548e+08  6.75308854e+00  2.41731548e+08  1.89833895e+02
 2.43594045e+08  6.22957697e+00  2.43594045e+08  1.89914755e+02
 2.45470892e+08  6.97489494e+00  2.45470892e+08  1.89503345e+02
 2.47362199e+08  6.87489372e+00  2.47362199e+08  1.89609155e+02
 2.49268079e+08  6.76518840e+00  2.49268079e+08  1.89506999e+02
 2.51188643e+08  6.21935554e+00  2.51188643e+08  1.89648773e+02
 2.53124005e+08  7.50257998e+00  2.53124005e+08  1.89458492e+02
 2.55074278e+08  6.01372700e+00  2.55074278e+08  1.90080978e+02
 2.57039578e+08  5.90109133e+00  2.57039578e+08  1.89427111e+02
 2.59020020e+08  6.23347743e+00  2.59020020e+08  1.89674349e+02
 2.61015722e+08  5.68275604e+00  2.61015722e+08  1.89495665e+02
 2.63026799e+08  6.95815085e+00  2.63026799e+08  1.89414278e+02
 2.65053372e+08  6.85108709e+00  2.65053372e+08  1.89681715e+02
 2.67095559e+08  5.78006622e+00  2.67095559e+08  1.88971231e+02
 2.69153480e+08  6.63366729e+00  2.69153480e+08  1.88750271e+02
 2.71227258e+08  7.03412768e+00  2.71227258e+08  1.88666186e+02
 2.73317014e+08  6.93068933e+00  2.73317014e+08  1.89134426e+02
 2.75422870e+08  6.81236411e+00  2.75422870e+08  1.88310955e+02
 2.77544952e+08  7.25916448e+00  2.77544952e+08  1.88325903e+02
 2.79683385e+08  7.73393273e+00  2.79683385e+08  1.88978925e+02
 2.81838293e+08  7.61823302e+00  2.81838293e+08  1.88668966e+02
 2.84009805e+08  6.35290591e+00  2.84009805e+08  1.88583818e+02
 2.86198048e+08  5.71213502e+00  2.86198048e+08  1.88503293e+02
 2.88403150e+08  6.12636647e+00  2.88403150e+08  1.88270690e+02
 2.90625243e+08  7.79253696e+00  2.90625243e+08  1.88500767e+02
 2.92864456e+08  7.03704378e+00  2.92864456e+08  1.88126359e+02
 2.95120923e+08  6.93924113e+00  2.95120923e+08  1.88097575e+02
 2.97394775e+08  5.67013087e+00  2.97394775e+08  1.88022405e+02
 2.99686146e+08  5.54491677e+00  2.99686146e+08  1.87792739e+02
 3.01995172e+08  7.22470087e+00  3.01995172e+08  1.87832107e+02
 3.04321989e+08  7.10911315e+00  3.04321989e+08  1.87730880e+02
 3.06666733e+08  7.67993074e+00  3.06666733e+08  1.87926995e+02
 3.09029543e+08  7.56688318e+00  3.09029543e+08  1.87806463e+02
 3.11410558e+08  7.43457415e+00  3.11410558e+08  1.87869138e+02
 3.13809919e+08  7.33119970e+00  3.13809919e+08  1.87608938e+02
 3.16227766e+08  7.20256949e+00  3.16227766e+08  1.87546628e+02
 3.18664242e+08  7.07228811e+00  3.18664242e+08  1.87266913e+02
 3.21119491e+08  6.26336244e+00  3.21119491e+08  1.87013128e+02
 3.23593657e+08  6.83813247e+00  3.23593657e+08  1.87081618e+02
 3.26086886e+08  7.46488963e+00  3.26086886e+08  1.87261107e+02
 3.28599325e+08  7.33819298e+00  3.28599325e+08  1.87106302e+02
 3.31131121e+08  5.78815718e+00  3.31131121e+08  1.87115945e+02
 3.33682425e+08  7.92236416e+00  3.33682425e+08  1.86726938e+02
 3.36253386e+08  6.22185225e+00  3.36253386e+08  1.86604559e+02
 3.38844156e+08  6.11402457e+00  3.38844156e+08  1.86614446e+02
 3.41454887e+08  6.73873765e+00  3.41454887e+08  1.86342520e+02
 3.44085734e+08  6.60836239e+00  3.44085734e+08  1.86604777e+02
 3.46736850e+08  7.30213897e+00  3.46736850e+08  1.86106268e+02
 3.49408393e+08  6.37169612e+00  3.49408393e+08  1.86518988e+02
 3.52100520e+08  7.06868452e+00  3.52100520e+08  1.86158791e+02
 3.54813389e+08  6.13605632e+00  3.54813389e+08  1.86144995e+02
 3.57547160e+08  7.71974612e+00  3.57547160e+08  1.85938559e+02
 3.60301995e+08  6.70025707e+00  3.60301995e+08  1.85936654e+02
 3.63078055e+08  7.47974764e+00  3.63078055e+08  1.85709255e+02
 3.65875504e+08  8.36288410e+00  3.65875504e+08  1.85821429e+02
 3.68694506e+08  7.23637264e+00  3.68694506e+08  1.85644253e+02
 3.71535229e+08  7.11142377e+00  3.71535229e+08  1.85645772e+02
 3.74397839e+08  6.07235926e+00  3.74397839e+08  1.85425241e+02
 3.77282505e+08  5.94027681e+00  3.77282505e+08  1.85540108e+02
 3.80189396e+08  5.81864255e+00  3.80189396e+08  1.85611267e+02
 3.83118685e+08  6.59489404e+00  3.83118685e+08  1.85331142e+02
 3.86070543e+08  6.48011715e+00  3.86070543e+08  1.85279242e+02
 3.89045145e+08  8.50827097e+00  3.89045145e+08  1.84858306e+02
 3.92042666e+08  6.21235573e+00  3.92042666e+08  1.85046670e+02
 3.95063281e+08  6.08348778e+00  3.95063281e+08  1.85025653e+02
 3.98107171e+08  6.98243674e+00  3.98107171e+08  1.84862254e+02
 4.01174512e+08  5.83861610e+00  4.01174512e+08  1.84662436e+02
 4.04265487e+08  6.71541592e+00  4.04265487e+08  1.84799822e+02
 4.07380278e+08  6.58198153e+00  4.07380278e+08  1.84470917e+02
 4.10519067e+08  6.45570870e+00  4.10519067e+08  1.84552710e+02
 4.13682040e+08  6.34525994e+00  4.13682040e+08  1.84758617e+02
 4.16869383e+08  7.33637848e+00  4.16869383e+08  1.84331048e+02
 4.20081285e+08  7.20504391e+00  4.20081285e+08  1.84205424e+02
 4.23317933e+08  7.09657747e+00  4.23317933e+08  1.84361858e+02
 4.26579519e+08  8.28358944e+00  4.26579519e+08  1.83720812e+02
 4.29866235e+08  6.81421371e+00  4.29866235e+08  1.84064681e+02
 4.33178274e+08  8.04994864e+00  4.33178274e+08  1.84100940e+02
 4.36515832e+08  5.44873592e+00  4.36515832e+08  1.83907778e+02
 4.39879106e+08  9.33973747e+00  4.39879106e+08  1.84100202e+02
 4.43268292e+08  6.31555953e+00  4.43268292e+08  1.83895079e+02
 4.46683592e+08  7.50085884e+00  4.46683592e+08  1.83643143e+02
 4.50125206e+08  7.37911697e+00  4.50125206e+08  1.83870992e+02
 4.53593337e+08  7.25093205e+00  4.53593337e+08  1.83771306e+02
 4.57088190e+08  8.70246591e+00  4.57088190e+08  1.83278603e+02
 4.60609969e+08  8.54591105e+00  4.60609969e+08  1.83436887e+02
 4.64158883e+08  8.43019357e+00  4.64158883e+08  1.83431628e+02
 4.67735141e+08  5.40382729e+00  4.67735141e+08  1.83455073e+02
 4.71338954e+08  6.60062204e+00  4.71338954e+08  1.83178547e+02
 4.74970533e+08  6.47079318e+00  4.74970533e+08  1.83450750e+02
 4.78630092e+08  7.88846324e+00  4.78630092e+08  1.83543997e+02
 4.82317848e+08  7.76283210e+00  4.82317848e+08  1.83462164e+02
 4.86034018e+08  7.64351365e+00  4.86034018e+08  1.83051373e+02
 4.89778819e+08  5.92487468e+00  4.89778819e+08  1.83070414e+02
 4.93552474e+08  9.31974475e+00  4.93552474e+08  1.83225069e+02
 4.97355204e+08  5.64274278e+00  4.97355204e+08  1.83212400e+02
 5.01187234e+08  5.53581101e+00  5.01187234e+08  1.82885233e+02
 5.05048788e+08  6.97799148e+00  5.05048788e+08  1.82944325e+02
 5.08940095e+08  8.77072402e+00  5.08940095e+08  1.82950753e+02
 5.12861384e+08  6.71183745e+00  5.12861384e+08  1.82686468e+02
 5.16812886e+08  6.58807317e+00  5.16812886e+08  1.82695655e+02
 5.20794833e+08  8.37319915e+00  5.20794833e+08  1.82782441e+02
 5.24807460e+08  6.30641615e+00  5.24807460e+08  1.82530083e+02
 5.28851004e+08  8.10344960e+00  5.28851004e+08  1.82611367e+02
 5.32925703e+08  7.96428016e+00  5.32925703e+08  1.82662519e+02
 5.37031796e+08  1.03363507e+01  5.37031796e+08  1.82760125e+02
 5.41169527e+08  7.71200170e+00  5.41169527e+08  1.82202086e+02
 5.45339137e+08  1.35592711e+01  5.45339137e+08  1.82675607e+02
 5.49540874e+08  5.51340520e+00  5.49540874e+08  1.82301440e+02
 5.53774984e+08  7.28374599e+00  5.53774984e+08  1.82289637e+02
 5.58041717e+08  7.17469301e+00  5.58041717e+08  1.82087057e+02
 5.62341325e+08  7.04157778e+00  5.62341325e+08  1.81992106e+02
 5.66674061e+08  9.39368748e+00  5.66674061e+08  1.82439765e+02
 5.71040179e+08  6.76334358e+00  5.71040179e+08  1.82061789e+02
 5.75439937e+08  6.63220606e+00  5.75439937e+08  1.81828188e+02
 5.79873595e+08  4.57187214e+00  5.79873595e+08  1.82060694e+02
 5.84341413e+08  8.85857368e+00  5.84341413e+08  1.81881389e+02
 5.88843655e+08  1.22338149e+01  5.88843655e+08  1.82438797e+02
 5.93380586e+08  1.20933258e+01  5.93380586e+08  1.82034437e+02
 5.97952473e+08  5.97513051e+00  5.97952473e+08  1.81870196e+02
 6.02559586e+08  5.83799334e+00  6.02559586e+08  1.81691571e+02
 6.07202196e+08  1.17017267e+01  6.07202196e+08  1.81387903e+02
 6.11880576e+08  8.06148475e+00  6.11880576e+08  1.81775162e+02
 6.16595002e+08  7.90506701e+00  6.16595002e+08  1.81788262e+02
 6.21345752e+08  7.77616151e+00  6.21345752e+08  1.81799876e+02
 6.26133105e+08  7.64681253e+00  6.26133105e+08  1.81651189e+02
 6.30957344e+08  7.51701645e+00  6.30957344e+08  1.81690787e+02
 6.35818754e+08  4.89564176e+00  6.35818754e+08  1.81538181e+02
 6.40717619e+08  1.07586696e+01  6.40717619e+08  1.81736487e+02
 6.45654229e+08  7.58157071e+01  6.45654229e+08  2.72377351e+02
 6.50628875e+08  6.97827507e+00  6.50628875e+08  1.81555974e+02
 6.55641849e+08  1.03635419e+01  6.55641849e+08  1.81502102e+02
 6.60693448e+08  6.69841888e+00  6.60693448e+08  1.81430770e+02
 6.65783968e+08  6.56295239e+00  6.65783968e+08  1.81804946e+02
 6.70913710e+08  9.93956838e+00  6.70913710e+08  1.81913789e+02
 6.76082975e+08  1.58168951e+01  6.76082975e+08  1.82502655e+02
 6.81292069e+08  9.68160830e+00  6.81292069e+08  1.81354068e+02
 6.86541298e+08  6.03945721e+00  6.86541298e+08  1.81004802e+02
 6.91830971e+08  5.88790402e+00  6.91830971e+08  1.80939547e+02
 6.97161400e+08  9.28993197e+00  6.97161400e+08  1.81024028e+02
 7.02532899e+08  1.51471355e+01  7.02532899e+08  1.82072617e+02
 7.07945784e+08  5.50076095e+00  7.07945784e+08  1.81035097e+02
 7.13400375e+08  8.87210058e+00  7.13400375e+08  1.81368149e+02
 7.18896992e+08  5.23213161e+00  7.18896992e+08  1.81204696e+02
 7.24435960e+08  5.09107077e+00  7.24435960e+08  1.81171307e+02
 7.30017605e+08  2.44381147e+00  7.30017605e+08  1.80894810e+02
 7.35642254e+08  1.43334310e+01  7.35642254e+08  1.82059663e+02
 7.41310241e+08  8.17706698e+00  7.41310241e+08  1.81922196e+02
 7.47021899e+08  8.05422623e+00  7.47021899e+08  1.81125457e+02
 7.52777564e+08  1.39289958e+01  7.52777564e+08  1.81539224e+02
 7.58577575e+08  1.38174920e+01  7.58577575e+08  1.81341892e+02
 7.64422274e+08  7.63409138e+01  7.64422274e+08  2.71911735e+02
 7.70312006e+08  7.51782381e+00  7.70312006e+08  1.80609970e+02
 7.76247117e+08  7.38710516e+00  7.76247117e+08  1.81067442e+02
 7.82227956e+08  6.97404104e+01  7.82227956e+08  9.19510665e+01
 7.88254877e+08  7.12002755e+00  7.88254877e+08  1.80340552e+02
 7.94328235e+08  3.47755075e+00  7.94328235e+08  1.80905755e+02
 8.00448386e+08  6.86151371e+00  8.00448386e+08  1.81099835e+02
 8.06615692e+08  6.71546933e+00  8.06615692e+08  1.81079848e+02
 8.12830516e+08  3.04872343e+00  8.12830516e+08  1.80070755e+02
 8.19093224e+08  6.44027108e+00  8.19093224e+08  1.80304867e+02
 8.25404185e+08  2.79096487e+00  8.25404185e+08  1.80468940e+02
 8.31763771e+08  2.64092654e+00  8.31763771e+08  1.80436617e+02
 8.38172356e+08  6.01869301e+00  8.38172356e+08  1.80165392e+02
 8.44630319e+08  5.90741784e+00  8.44630319e+08  1.80865599e+02
 8.51138038e+08  5.77766160e+00  8.51138038e+08  1.80651178e+02
 8.57695899e+08  5.63910598e+00  8.57695899e+08  1.79987739e+02
 8.64304286e+08  5.49036616e+00  8.64304286e+08  1.80726766e+02
 8.70963590e+08  5.35591540e+00  8.70963590e+08  1.80216288e+02
 8.77674203e+08  1.12243751e+01  8.77674203e+08  1.79668324e+02
 8.84436519e+08  1.11070720e+01  8.84436519e+08  1.80599910e+02
 8.91250938e+08  1.44692574e+00  8.91250938e+08  1.79793442e+02
 8.98117861e+08  4.81979110e+00  8.98117861e+08  1.80880788e+02
 9.05037692e+08  4.66253647e+00  9.05037692e+08  1.81259425e+02
 9.12010839e+08  1.01937157e+00  9.12010839e+08  1.80650333e+02
 9.19037713e+08  9.04884041e-01  9.19037713e+08  1.80067616e+02
 9.26118728e+08  4.29752508e+00  9.26118728e+08  1.80714877e+02
 9.33254301e+08  4.15531223e+00  9.33254301e+08  1.80166127e+02
 9.40444852e+08  1.00353054e+01  9.40444852e+08  1.79616530e+02
 9.47690805e+08  9.89168205e+00  9.47690805e+08  1.79314409e+02
 9.54992586e+08  9.76340193e+00  9.54992586e+08  1.80584163e+02
 9.62350626e+08  7.70128812e-02  9.62350626e+08  1.80214760e+02
 9.69765359e+08  9.49230957e+00  9.69765359e+08  1.80559268e+02
 9.77237221e+08  9.35905748e+00  9.77237221e+08  1.80786276e+02
 9.84766652e+08  9.22240036e+00  9.84766652e+08  1.80822819e+02
 9.92354096e+08  9.08914920e+00  9.92354096e+08  1.79260141e+02
 1.00000000e+09  8.94104655e+00  1.00000000e+09  1.79238102e+02
