 1.00000000e+00  4.63856905e+01  1.00000000e+00  1.79999998e+02
 1.00770481e+00  4.63856905e+01  1.00770481e+00  1.79999998e+02
 1.01546899e+00  4.63856905e+01  1.01546899e+00  1.79999998e+02
 1.02329299e+00  4.63856905e+01  1.02329299e+00  1.79999998e+02
 1.03117727e+00  4.63856905e+01  1.03117727e+00  1.79999998e+02
 1.03912230e+00  4.63856905e+01  1.03912230e+00  1.79999998e+02
 1.04712855e+00  4.63856905e+01  1.04712855e+00  1.79999998e+02
 1.05519648e+00  4.63856905e+01  1.05519648e+00  1.79999998e+02
 1.06332657e+00  4.63856905e+01  1.06332657e+00  1.79999998e+02
 1.07151931e+00  4.63856905e+01  1.07151931e+00  1.79999998e+02
 1.07977516e+00  4.63856905e+01  1.07977516e+00  1.79999998e+02
 1.08809463e+00  4.63856905e+01  1.08809463e+00  1.79999998e+02
 1.09647820e+00  4.63856905e+01  1.09647820e+00  1.79999998e+02
 1.10492636e+00  4.63856905e+01  1.10492636e+00  1.79999998e+02
 1.11343961e+00  4.63856905e+01  1.11343961e+00  1.79999998e+02
 1.12201845e+00  4.63856905e+01  1.12201845e+00  1.79999998e+02
 1.13066340e+00  4.63856905e+01  1.13066340e+00  1.79999998e+02
 1.13937495e+00  4.63856905e+01  1.13937495e+00  1.79999998e+02
 1.14815362e+00  4.63856905e+01  1.14815362e+00  1.79999998e+02
 1.15699993e+00  4.63856905e+01  1.15699993e+00  1.79999998e+02
 1.16591440e+00  4.63856905e+01  1.16591440e+00  1.79999998e+02
 1.17489755e+00  4.63856905e+01  1.17489755e+00  1.79999998e+02
 1.18394992e+00  4.63856905e+01  1.18394992e+00  1.79999998e+02
 1.19307204e+00  4.63856905e+01  1.19307204e+00  1.79999998e+02
 1.20226443e+00  4.63856905e+01  1.20226443e+00  1.79999998e+02
 1.21152766e+00  4.63856905e+01  1.21152766e+00  1.79999998e+02
 1.22086225e+00  4.63856905e+01  1.22086225e+00  1.79999998e+02
 1.23026877e+00  4.63856905e+01  1.23026877e+00  1.79999998e+02
 1.23974776e+00  4.63856905e+01  1.23974776e+00  1.79999998e+02
 1.24929979e+00  4.63856905e+01  1.24929979e+00  1.79999998e+02
 1.25892541e+00  4.63856905e+01  1.25892541e+00  1.79999998e+02
 1.26862520e+00  4.63856905e+01  1.26862520e+00  1.79999998e+02
 1.27839972e+00  4.63856905e+01  1.27839972e+00  1.79999998e+02
 1.28824955e+00  4.63856905e+01  1.28824955e+00  1.79999998e+02
 1.29817528e+00  4.63856905e+01  1.29817528e+00  1.79999998e+02
 1.30817747e+00  4.63856905e+01  1.30817747e+00  1.79999998e+02
 1.31825674e+00  4.63856905e+01  1.31825674e+00  1.79999998e+02
 1.32841366e+00  4.63856905e+01  1.32841366e+00  1.79999998e+02
 1.33864884e+00  4.63856905e+01  1.33864884e+00  1.79999998e+02
 1.34896288e+00  4.63856905e+01  1.34896288e+00  1.79999998e+02
 1.35935639e+00  4.63856905e+01  1.35935639e+00  1.79999998e+02
 1.36982998e+00  4.63856905e+01  1.36982998e+00  1.79999998e+02
 1.38038426e+00  4.63856905e+01  1.38038426e+00  1.79999998e+02
 1.39101987e+00  4.63856905e+01  1.39101987e+00  1.79999998e+02
 1.40173742e+00  4.63856905e+01  1.40173742e+00  1.79999998e+02
 1.41253754e+00  4.63856905e+01  1.41253754e+00  1.79999998e+02
 1.42342088e+00  4.63856905e+01  1.42342088e+00  1.79999998e+02
 1.43438808e+00  4.63856905e+01  1.43438808e+00  1.79999998e+02
 1.44543977e+00  4.63856905e+01  1.44543977e+00  1.79999998e+02
 1.45657662e+00  4.63856905e+01  1.45657662e+00  1.79999998e+02
 1.46779927e+00  4.63856905e+01  1.46779927e+00  1.79999998e+02
 1.47910839e+00  4.63856905e+01  1.47910839e+00  1.79999997e+02
 1.49050464e+00  4.63856905e+01  1.49050464e+00  1.79999997e+02
 1.50198870e+00  4.63856905e+01  1.50198870e+00  1.79999997e+02
 1.51356125e+00  4.63856905e+01  1.51356125e+00  1.79999997e+02
 1.52522296e+00  4.63856905e+01  1.52522296e+00  1.79999997e+02
 1.53697452e+00  4.63856905e+01  1.53697452e+00  1.79999997e+02
 1.54881662e+00  4.63856905e+01  1.54881662e+00  1.79999997e+02
 1.56074996e+00  4.63856905e+01  1.56074996e+00  1.79999997e+02
 1.57277525e+00  4.63856905e+01  1.57277525e+00  1.79999997e+02
 1.58489319e+00  4.63856905e+01  1.58489319e+00  1.79999997e+02
 1.59710450e+00  4.63856905e+01  1.59710450e+00  1.79999997e+02
 1.60940989e+00  4.63856905e+01  1.60940989e+00  1.79999997e+02
 1.62181010e+00  4.63856905e+01  1.62181010e+00  1.79999997e+02
 1.63430584e+00  4.63856905e+01  1.63430584e+00  1.79999997e+02
 1.64689787e+00  4.63856905e+01  1.64689787e+00  1.79999997e+02
 1.65958691e+00  4.63856905e+01  1.65958691e+00  1.79999997e+02
 1.67237372e+00  4.63856905e+01  1.67237372e+00  1.79999997e+02
 1.68525904e+00  4.63856905e+01  1.68525904e+00  1.79999997e+02
 1.69824365e+00  4.63856905e+01  1.69824365e+00  1.79999997e+02
 1.71132830e+00  4.63856905e+01  1.71132830e+00  1.79999997e+02
 1.72451377e+00  4.63856905e+01  1.72451377e+00  1.79999997e+02
 1.73780083e+00  4.63856905e+01  1.73780083e+00  1.79999997e+02
 1.75119026e+00  4.63856905e+01  1.75119026e+00  1.79999997e+02
 1.76468286e+00  4.63856905e+01  1.76468286e+00  1.79999997e+02
 1.77827941e+00  4.63856905e+01  1.77827941e+00  1.79999997e+02
 1.79198072e+00  4.63856905e+01  1.79198072e+00  1.79999997e+02
 1.80578760e+00  4.63856905e+01  1.80578760e+00  1.79999997e+02
 1.81970086e+00  4.63856905e+01  1.81970086e+00  1.79999997e+02
 1.83372132e+00  4.63856905e+01  1.83372132e+00  1.79999997e+02
 1.84784980e+00  4.63856905e+01  1.84784980e+00  1.79999997e+02
 1.86208714e+00  4.63856905e+01  1.86208714e+00  1.79999997e+02
 1.87643417e+00  4.63856905e+01  1.87643417e+00  1.79999997e+02
 1.89089175e+00  4.63856905e+01  1.89089175e+00  1.79999997e+02
 1.90546072e+00  4.63856905e+01  1.90546072e+00  1.79999997e+02
 1.92014194e+00  4.63856905e+01  1.92014194e+00  1.79999997e+02
 1.93493628e+00  4.63856905e+01  1.93493628e+00  1.79999997e+02
 1.94984460e+00  4.63856905e+01  1.94984460e+00  1.79999997e+02
 1.96486779e+00  4.63856905e+01  1.96486779e+00  1.79999997e+02
 1.98000673e+00  4.63856905e+01  1.98000673e+00  1.79999997e+02
 1.99526231e+00  4.63856905e+01  1.99526231e+00  1.79999997e+02
 2.01063544e+00  4.63856905e+01  2.01063544e+00  1.79999997e+02
 2.02612701e+00  4.63856905e+01  2.02612701e+00  1.79999997e+02
 2.04173794e+00  4.63856905e+01  2.04173794e+00  1.79999997e+02
 2.05746916e+00  4.63856905e+01  2.05746916e+00  1.79999997e+02
 2.07332157e+00  4.63856905e+01  2.07332157e+00  1.79999996e+02
 2.08929613e+00  4.63856905e+01  2.08929613e+00  1.79999996e+02
 2.10539377e+00  4.63856905e+01  2.10539377e+00  1.79999996e+02
 2.12161544e+00  4.63856905e+01  2.12161544e+00  1.79999996e+02
 2.13796209e+00  4.63856905e+01  2.13796209e+00  1.79999996e+02
 2.15443469e+00  4.63856905e+01  2.15443469e+00  1.79999996e+02
 2.17103421e+00  4.63856905e+01  2.17103421e+00  1.79999996e+02
 2.18776162e+00  4.63856905e+01  2.18776162e+00  1.79999996e+02
 2.20461792e+00  4.63856905e+01  2.20461792e+00  1.79999996e+02
 2.22160409e+00  4.63856905e+01  2.22160409e+00  1.79999996e+02
 2.23872114e+00  4.63856905e+01  2.23872114e+00  1.79999996e+02
 2.25597007e+00  4.63856905e+01  2.25597007e+00  1.79999996e+02
 2.27335190e+00  4.63856905e+01  2.27335190e+00  1.79999996e+02
 2.29086765e+00  4.63856905e+01  2.29086765e+00  1.79999996e+02
 2.30851836e+00  4.63856905e+01  2.30851836e+00  1.79999996e+02
 2.32630507e+00  4.63856905e+01  2.32630507e+00  1.79999996e+02
 2.34422882e+00  4.63856905e+01  2.34422882e+00  1.79999996e+02
 2.36229066e+00  4.63856905e+01  2.36229066e+00  1.79999996e+02
 2.38049167e+00  4.63856905e+01  2.38049167e+00  1.79999996e+02
 2.39883292e+00  4.63856905e+01  2.39883292e+00  1.79999996e+02
 2.41731548e+00  4.63856905e+01  2.41731548e+00  1.79999996e+02
 2.43594045e+00  4.63856905e+01  2.43594045e+00  1.79999996e+02
 2.45470892e+00  4.63856905e+01  2.45470892e+00  1.79999996e+02
 2.47362199e+00  4.63856905e+01  2.47362199e+00  1.79999996e+02
 2.49268079e+00  4.63856905e+01  2.49268079e+00  1.79999996e+02
 2.51188643e+00  4.63856905e+01  2.51188643e+00  1.79999996e+02
 2.53124005e+00  4.63856905e+01  2.53124005e+00  1.79999996e+02
 2.55074278e+00  4.63856905e+01  2.55074278e+00  1.79999996e+02
 2.57039578e+00  4.63856905e+01  2.57039578e+00  1.79999996e+02
 2.59020020e+00  4.63856905e+01  2.59020020e+00  1.79999996e+02
 2.61015722e+00  4.63856905e+01  2.61015722e+00  1.79999996e+02
 2.63026799e+00  4.63856905e+01  2.63026799e+00  1.79999996e+02
 2.65053372e+00  4.63856905e+01  2.65053372e+00  1.79999995e+02
 2.67095559e+00  4.63856905e+01  2.67095559e+00  1.79999995e+02
 2.69153480e+00  4.63856905e+01  2.69153480e+00  1.79999995e+02
 2.71227258e+00  4.63856905e+01  2.71227258e+00  1.79999995e+02
 2.73317014e+00  4.63856905e+01  2.73317014e+00  1.79999995e+02
 2.75422870e+00  4.63856905e+01  2.75422870e+00  1.79999995e+02
 2.77544952e+00  4.63856905e+01  2.77544952e+00  1.79999995e+02
 2.79683385e+00  4.63856905e+01  2.79683385e+00  1.79999995e+02
 2.81838293e+00  4.63856905e+01  2.81838293e+00  1.79999995e+02
 2.84009805e+00  4.63856905e+01  2.84009805e+00  1.79999995e+02
 2.86198048e+00  4.63856905e+01  2.86198048e+00  1.79999995e+02
 2.88403150e+00  4.63856905e+01  2.88403150e+00  1.79999995e+02
 2.90625243e+00  4.63856905e+01  2.90625243e+00  1.79999995e+02
 2.92864456e+00  4.63856905e+01  2.92864456e+00  1.79999995e+02
 2.95120923e+00  4.63856905e+01  2.95120923e+00  1.79999995e+02
 2.97394775e+00  4.63856905e+01  2.97394775e+00  1.79999995e+02
 2.99686146e+00  4.63856905e+01  2.99686146e+00  1.79999995e+02
 3.01995172e+00  4.63856905e+01  3.01995172e+00  1.79999995e+02
 3.04321989e+00  4.63856905e+01  3.04321989e+00  1.79999995e+02
 3.06666733e+00  4.63856905e+01  3.06666733e+00  1.79999995e+02
 3.09029543e+00  4.63856905e+01  3.09029543e+00  1.79999995e+02
 3.11410558e+00  4.63856905e+01  3.11410558e+00  1.79999995e+02
 3.13809919e+00  4.63856905e+01  3.13809919e+00  1.79999995e+02
 3.16227766e+00  4.63856905e+01  3.16227766e+00  1.79999995e+02
 3.18664242e+00  4.63856905e+01  3.18664242e+00  1.79999995e+02
 3.21119491e+00  4.63856905e+01  3.21119491e+00  1.79999995e+02
 3.23593657e+00  4.63856905e+01  3.23593657e+00  1.79999994e+02
 3.26086886e+00  4.63856905e+01  3.26086886e+00  1.79999994e+02
 3.28599325e+00  4.63856905e+01  3.28599325e+00  1.79999994e+02
 3.31131121e+00  4.63856905e+01  3.31131121e+00  1.79999994e+02
 3.33682425e+00  4.63856905e+01  3.33682425e+00  1.79999994e+02
 3.36253386e+00  4.63856905e+01  3.36253386e+00  1.79999994e+02
 3.38844156e+00  4.63856905e+01  3.38844156e+00  1.79999994e+02
 3.41454887e+00  4.63856905e+01  3.41454887e+00  1.79999994e+02
 3.44085734e+00  4.63856905e+01  3.44085734e+00  1.79999994e+02
 3.46736850e+00  4.63856905e+01  3.46736850e+00  1.79999994e+02
 3.49408393e+00  4.63856905e+01  3.49408393e+00  1.79999994e+02
 3.52100520e+00  4.63856905e+01  3.52100520e+00  1.79999994e+02
 3.54813389e+00  4.63856905e+01  3.54813389e+00  1.79999994e+02
 3.57547160e+00  4.63856905e+01  3.57547160e+00  1.79999994e+02
 3.60301995e+00  4.63856905e+01  3.60301995e+00  1.79999994e+02
 3.63078055e+00  4.63856905e+01  3.63078055e+00  1.79999994e+02
 3.65875504e+00  4.63856905e+01  3.65875504e+00  1.79999994e+02
 3.68694506e+00  4.63856905e+01  3.68694506e+00  1.79999994e+02
 3.71535229e+00  4.63856905e+01  3.71535229e+00  1.79999994e+02
 3.74397839e+00  4.63856905e+01  3.74397839e+00  1.79999994e+02
 3.77282505e+00  4.63856905e+01  3.77282505e+00  1.79999994e+02
 3.80189396e+00  4.63856905e+01  3.80189396e+00  1.79999994e+02
 3.83118685e+00  4.63856905e+01  3.83118685e+00  1.79999993e+02
 3.86070543e+00  4.63856905e+01  3.86070543e+00  1.79999993e+02
 3.89045145e+00  4.63856905e+01  3.89045145e+00  1.79999993e+02
 3.92042666e+00  4.63856905e+01  3.92042666e+00  1.79999993e+02
 3.95063281e+00  4.63856905e+01  3.95063281e+00  1.79999993e+02
 3.98107171e+00  4.63856905e+01  3.98107171e+00  1.79999993e+02
 4.01174512e+00  4.63856905e+01  4.01174512e+00  1.79999993e+02
 4.04265487e+00  4.63856905e+01  4.04265487e+00  1.79999993e+02
 4.07380278e+00  4.63856905e+01  4.07380278e+00  1.79999993e+02
 4.10519067e+00  4.63856905e+01  4.10519067e+00  1.79999993e+02
 4.13682040e+00  4.63856905e+01  4.13682040e+00  1.79999993e+02
 4.16869383e+00  4.63856905e+01  4.16869383e+00  1.79999993e+02
 4.20081285e+00  4.63856905e+01  4.20081285e+00  1.79999993e+02
 4.23317933e+00  4.63856905e+01  4.23317933e+00  1.79999993e+02
 4.26579519e+00  4.63856905e+01  4.26579519e+00  1.79999993e+02
 4.29866235e+00  4.63856905e+01  4.29866235e+00  1.79999993e+02
 4.33178274e+00  4.63856905e+01  4.33178274e+00  1.79999993e+02
 4.36515832e+00  4.63856905e+01  4.36515832e+00  1.79999993e+02
 4.39879106e+00  4.63856905e+01  4.39879106e+00  1.79999993e+02
 4.43268292e+00  4.63856905e+01  4.43268292e+00  1.79999992e+02
 4.46683592e+00  4.63856905e+01  4.46683592e+00  1.79999992e+02
 4.50125206e+00  4.63856905e+01  4.50125206e+00  1.79999992e+02
 4.53593337e+00  4.63856905e+01  4.53593337e+00  1.79999992e+02
 4.57088190e+00  4.63856905e+01  4.57088190e+00  1.79999992e+02
 4.60609969e+00  4.63856905e+01  4.60609969e+00  1.79999992e+02
 4.64158883e+00  4.63856905e+01  4.64158883e+00  1.79999992e+02
 4.67735141e+00  4.63856905e+01  4.67735141e+00  1.79999992e+02
 4.71338954e+00  4.63856905e+01  4.71338954e+00  1.79999992e+02
 4.74970533e+00  4.63856905e+01  4.74970533e+00  1.79999992e+02
 4.78630092e+00  4.63856905e+01  4.78630092e+00  1.79999992e+02
 4.82317848e+00  4.63856905e+01  4.82317848e+00  1.79999992e+02
 4.86034018e+00  4.63856905e+01  4.86034018e+00  1.79999992e+02
 4.89778819e+00  4.63856905e+01  4.89778819e+00  1.79999992e+02
 4.93552474e+00  4.63856905e+01  4.93552474e+00  1.79999992e+02
 4.97355204e+00  4.63856905e+01  4.97355204e+00  1.79999992e+02
 5.01187234e+00  4.63856905e+01  5.01187234e+00  1.79999991e+02
 5.05048788e+00  4.63856905e+01  5.05048788e+00  1.79999991e+02
 5.08940095e+00  4.63856905e+01  5.08940095e+00  1.79999991e+02
 5.12861384e+00  4.63856905e+01  5.12861384e+00  1.79999991e+02
 5.16812886e+00  4.63856905e+01  5.16812886e+00  1.79999991e+02
 5.20794833e+00  4.63856905e+01  5.20794833e+00  1.79999991e+02
 5.24807460e+00  4.63856905e+01  5.24807460e+00  1.79999991e+02
 5.28851004e+00  4.63856905e+01  5.28851004e+00  1.79999991e+02
 5.32925703e+00  4.63856905e+01  5.32925703e+00  1.79999991e+02
 5.37031796e+00  4.63856905e+01  5.37031796e+00  1.79999991e+02
 5.41169527e+00  4.63856905e+01  5.41169527e+00  1.79999991e+02
 5.45339137e+00  4.63856905e+01  5.45339137e+00  1.79999991e+02
 5.49540874e+00  4.63856905e+01  5.49540874e+00  1.79999991e+02
 5.53774984e+00  4.63856905e+01  5.53774984e+00  1.79999991e+02
 5.58041717e+00  4.63856905e+01  5.58041717e+00  1.79999991e+02
 5.62341325e+00  4.63856905e+01  5.62341325e+00  1.79999990e+02
 5.66674061e+00  4.63856905e+01  5.66674061e+00  1.79999990e+02
 5.71040179e+00  4.63856905e+01  5.71040179e+00  1.79999990e+02
 5.75439937e+00  4.63856905e+01  5.75439937e+00  1.79999990e+02
 5.79873595e+00  4.63856905e+01  5.79873595e+00  1.79999990e+02
 5.84341413e+00  4.63856905e+01  5.84341413e+00  1.79999990e+02
 5.88843655e+00  4.63856905e+01  5.88843655e+00  1.79999990e+02
 5.93380586e+00  4.63856905e+01  5.93380586e+00  1.79999990e+02
 5.97952473e+00  4.63856905e+01  5.97952473e+00  1.79999990e+02
 6.02559586e+00  4.63856905e+01  6.02559586e+00  1.79999990e+02
 6.07202196e+00  4.63856905e+01  6.07202196e+00  1.79999990e+02
 6.11880576e+00  4.63856905e+01  6.11880576e+00  1.79999990e+02
 6.16595002e+00  4.63856905e+01  6.16595002e+00  1.79999990e+02
 6.21345752e+00  4.63856905e+01  6.21345752e+00  1.79999989e+02
 6.26133105e+00  4.63856905e+01  6.26133105e+00  1.79999989e+02
 6.30957344e+00  4.63856905e+01  6.30957344e+00  1.79999989e+02
 6.35818754e+00  4.63856905e+01  6.35818754e+00  1.79999989e+02
 6.40717619e+00  4.63856905e+01  6.40717619e+00  1.79999989e+02
 6.45654229e+00  4.63856905e+01  6.45654229e+00  1.79999989e+02
 6.50628875e+00  4.63856905e+01  6.50628875e+00  1.79999989e+02
 6.55641849e+00  4.63856905e+01  6.55641849e+00  1.79999989e+02
 6.60693448e+00  4.63856905e+01  6.60693448e+00  1.79999989e+02
 6.65783968e+00  4.63856905e+01  6.65783968e+00  1.79999989e+02
 6.70913710e+00  4.63856905e+01  6.70913710e+00  1.79999989e+02
 6.76082975e+00  4.63856905e+01  6.76082975e+00  1.79999989e+02
 6.81292069e+00  4.63856905e+01  6.81292069e+00  1.79999988e+02
 6.86541298e+00  4.63856905e+01  6.86541298e+00  1.79999988e+02
 6.91830971e+00  4.63856905e+01  6.91830971e+00  1.79999988e+02
 6.97161400e+00  4.63856905e+01  6.97161400e+00  1.79999988e+02
 7.02532899e+00  4.63856905e+01  7.02532899e+00  1.79999988e+02
 7.07945784e+00  4.63856905e+01  7.07945784e+00  1.79999988e+02
 7.13400375e+00  4.63856905e+01  7.13400375e+00  1.79999988e+02
 7.18896992e+00  4.63856905e+01  7.18896992e+00  1.79999988e+02
 7.24435960e+00  4.63856905e+01  7.24435960e+00  1.79999988e+02
 7.30017605e+00  4.63856905e+01  7.30017605e+00  1.79999988e+02
 7.35642254e+00  4.63856905e+01  7.35642254e+00  1.79999987e+02
 7.41310241e+00  4.63856905e+01  7.41310241e+00  1.79999987e+02
 7.47021899e+00  4.63856905e+01  7.47021899e+00  1.79999987e+02
 7.52777564e+00  4.63856905e+01  7.52777564e+00  1.79999987e+02
 7.58577575e+00  4.63856905e+01  7.58577575e+00  1.79999987e+02
 7.64422274e+00  4.63856905e+01  7.64422274e+00  1.79999987e+02
 7.70312006e+00  4.63856905e+01  7.70312006e+00  1.79999987e+02
 7.76247117e+00  4.63856905e+01  7.76247117e+00  1.79999987e+02
 7.82227956e+00  4.63856905e+01  7.82227956e+00  1.79999987e+02
 7.88254877e+00  4.63856905e+01  7.88254877e+00  1.79999987e+02
 7.94328235e+00  4.63856905e+01  7.94328235e+00  1.79999986e+02
 8.00448386e+00  4.63856905e+01  8.00448386e+00  1.79999986e+02
 8.06615692e+00  4.63856905e+01  8.06615692e+00  1.79999986e+02
 8.12830516e+00  4.63856905e+01  8.12830516e+00  1.79999986e+02
 8.19093224e+00  4.63856905e+01  8.19093224e+00  1.79999986e+02
 8.25404185e+00  4.63856905e+01  8.25404185e+00  1.79999986e+02
 8.31763771e+00  4.63856905e+01  8.31763771e+00  1.79999986e+02
 8.38172356e+00  4.63856905e+01  8.38172356e+00  1.79999986e+02
 8.44630319e+00  4.63856905e+01  8.44630319e+00  1.79999986e+02
 8.51138038e+00  4.63856905e+01  8.51138038e+00  1.79999986e+02
 8.57695899e+00  4.63856905e+01  8.57695899e+00  1.79999985e+02
 8.64304286e+00  4.63856905e+01  8.64304286e+00  1.79999985e+02
 8.70963590e+00  4.63856905e+01  8.70963590e+00  1.79999985e+02
 8.77674203e+00  4.63856905e+01  8.77674203e+00  1.79999985e+02
 8.84436519e+00  4.63856905e+01  8.84436519e+00  1.79999985e+02
 8.91250938e+00  4.63856905e+01  8.91250938e+00  1.79999985e+02
 8.98117861e+00  4.63856905e+01  8.98117861e+00  1.79999985e+02
 9.05037692e+00  4.63856905e+01  9.05037692e+00  1.79999985e+02
 9.12010839e+00  4.63856905e+01  9.12010839e+00  1.79999984e+02
 9.19037713e+00  4.63856905e+01  9.19037713e+00  1.79999984e+02
 9.26118728e+00  4.63856905e+01  9.26118728e+00  1.79999984e+02
 9.33254301e+00  4.63856905e+01  9.33254301e+00  1.79999984e+02
 9.40444852e+00  4.63856905e+01  9.40444852e+00  1.79999984e+02
 9.47690805e+00  4.63856905e+01  9.47690805e+00  1.79999984e+02
 9.54992586e+00  4.63856905e+01  9.54992586e+00  1.79999984e+02
 9.62350626e+00  4.63856905e+01  9.62350626e+00  1.79999984e+02
 9.69765359e+00  4.63856905e+01  9.69765359e+00  1.79999984e+02
 9.77237221e+00  4.63856905e+01  9.77237221e+00  1.79999983e+02
 9.84766652e+00  4.63856905e+01  9.84766652e+00  1.79999983e+02
 9.92354096e+00  4.63856905e+01  9.92354096e+00  1.79999983e+02
 1.00000000e+01  4.63856905e+01  1.00000000e+01  1.79999983e+02
 1.00770481e+01  4.63856905e+01  1.00770481e+01  1.79999983e+02
 1.01546899e+01  4.63856905e+01  1.01546899e+01  1.79999983e+02
 1.02329299e+01  4.63856905e+01  1.02329299e+01  1.79999983e+02
 1.03117727e+01  4.63856905e+01  1.03117727e+01  1.79999982e+02
 1.03912230e+01  4.63856905e+01  1.03912230e+01  1.79999982e+02
 1.04712855e+01  4.63856905e+01  1.04712855e+01  1.79999982e+02
 1.05519648e+01  4.63856905e+01  1.05519648e+01  1.79999982e+02
 1.06332657e+01  4.63856905e+01  1.06332657e+01  1.79999982e+02
 1.07151931e+01  4.63856905e+01  1.07151931e+01  1.79999982e+02
 1.07977516e+01  4.63856905e+01  1.07977516e+01  1.79999982e+02
 1.08809463e+01  4.63856905e+01  1.08809463e+01  1.79999981e+02
 1.09647820e+01  4.63856905e+01  1.09647820e+01  1.79999981e+02
 1.10492636e+01  4.63856905e+01  1.10492636e+01  1.79999981e+02
 1.11343961e+01  4.63856905e+01  1.11343961e+01  1.79999981e+02
 1.12201845e+01  4.63856905e+01  1.12201845e+01  1.79999981e+02
 1.13066340e+01  4.63856905e+01  1.13066340e+01  1.79999981e+02
 1.13937495e+01  4.63856905e+01  1.13937495e+01  1.79999981e+02
 1.14815362e+01  4.63856905e+01  1.14815362e+01  1.79999980e+02
 1.15699993e+01  4.63856905e+01  1.15699993e+01  1.79999980e+02
 1.16591440e+01  4.63856905e+01  1.16591440e+01  1.79999980e+02
 1.17489755e+01  4.63856905e+01  1.17489755e+01  1.79999980e+02
 1.18394992e+01  4.63856905e+01  1.18394992e+01  1.79999980e+02
 1.19307204e+01  4.63856905e+01  1.19307204e+01  1.79999980e+02
 1.20226443e+01  4.63856905e+01  1.20226443e+01  1.79999980e+02
 1.21152766e+01  4.63856905e+01  1.21152766e+01  1.79999979e+02
 1.22086225e+01  4.63856905e+01  1.22086225e+01  1.79999979e+02
 1.23026877e+01  4.63856905e+01  1.23026877e+01  1.79999979e+02
 1.23974776e+01  4.63856905e+01  1.23974776e+01  1.79999979e+02
 1.24929979e+01  4.63856905e+01  1.24929979e+01  1.79999979e+02
 1.25892541e+01  4.63856905e+01  1.25892541e+01  1.79999979e+02
 1.26862520e+01  4.63856905e+01  1.26862520e+01  1.79999978e+02
 1.27839972e+01  4.63856905e+01  1.27839972e+01  1.79999978e+02
 1.28824955e+01  4.63856905e+01  1.28824955e+01  1.79999978e+02
 1.29817528e+01  4.63856905e+01  1.29817528e+01  1.79999978e+02
 1.30817747e+01  4.63856905e+01  1.30817747e+01  1.79999978e+02
 1.31825674e+01  4.63856905e+01  1.31825674e+01  1.79999978e+02
 1.32841366e+01  4.63856905e+01  1.32841366e+01  1.79999977e+02
 1.33864884e+01  4.63856905e+01  1.33864884e+01  1.79999977e+02
 1.34896288e+01  4.63856905e+01  1.34896288e+01  1.79999977e+02
 1.35935639e+01  4.63856905e+01  1.35935639e+01  1.79999977e+02
 1.36982998e+01  4.63856905e+01  1.36982998e+01  1.79999977e+02
 1.38038426e+01  4.63856905e+01  1.38038426e+01  1.79999977e+02
 1.39101987e+01  4.63856905e+01  1.39101987e+01  1.79999976e+02
 1.40173742e+01  4.63856905e+01  1.40173742e+01  1.79999976e+02
 1.41253754e+01  4.63856905e+01  1.41253754e+01  1.79999976e+02
 1.42342088e+01  4.63856905e+01  1.42342088e+01  1.79999976e+02
 1.43438808e+01  4.63856905e+01  1.43438808e+01  1.79999976e+02
 1.44543977e+01  4.63856905e+01  1.44543977e+01  1.79999975e+02
 1.45657662e+01  4.63856905e+01  1.45657662e+01  1.79999975e+02
 1.46779927e+01  4.63856905e+01  1.46779927e+01  1.79999975e+02
 1.47910839e+01  4.63856905e+01  1.47910839e+01  1.79999975e+02
 1.49050464e+01  4.63856905e+01  1.49050464e+01  1.79999975e+02
 1.50198870e+01  4.63856905e+01  1.50198870e+01  1.79999974e+02
 1.51356125e+01  4.63856905e+01  1.51356125e+01  1.79999974e+02
 1.52522296e+01  4.63856905e+01  1.52522296e+01  1.79999974e+02
 1.53697452e+01  4.63856905e+01  1.53697452e+01  1.79999974e+02
 1.54881662e+01  4.63856905e+01  1.54881662e+01  1.79999974e+02
 1.56074996e+01  4.63856905e+01  1.56074996e+01  1.79999973e+02
 1.57277525e+01  4.63856905e+01  1.57277525e+01  1.79999973e+02
 1.58489319e+01  4.63856905e+01  1.58489319e+01  1.79999973e+02
 1.59710450e+01  4.63856905e+01  1.59710450e+01  1.79999973e+02
 1.60940989e+01  4.63856905e+01  1.60940989e+01  1.79999973e+02
 1.62181010e+01  4.63856905e+01  1.62181010e+01  1.79999972e+02
 1.63430584e+01  4.63856905e+01  1.63430584e+01  1.79999972e+02
 1.64689787e+01  4.63856905e+01  1.64689787e+01  1.79999972e+02
 1.65958691e+01  4.63856905e+01  1.65958691e+01  1.79999972e+02
 1.67237372e+01  4.63856905e+01  1.67237372e+01  1.79999972e+02
 1.68525904e+01  4.63856905e+01  1.68525904e+01  1.79999971e+02
 1.69824365e+01  4.63856905e+01  1.69824365e+01  1.79999971e+02
 1.71132830e+01  4.63856905e+01  1.71132830e+01  1.79999971e+02
 1.72451377e+01  4.63856905e+01  1.72451377e+01  1.79999971e+02
 1.73780083e+01  4.63856905e+01  1.73780083e+01  1.79999970e+02
 1.75119026e+01  4.63856905e+01  1.75119026e+01  1.79999970e+02
 1.76468286e+01  4.63856905e+01  1.76468286e+01  1.79999970e+02
 1.77827941e+01  4.63856905e+01  1.77827941e+01  1.79999970e+02
 1.79198072e+01  4.63856905e+01  1.79198072e+01  1.79999970e+02
 1.80578760e+01  4.63856905e+01  1.80578760e+01  1.79999969e+02
 1.81970086e+01  4.63856905e+01  1.81970086e+01  1.79999969e+02
 1.83372132e+01  4.63856905e+01  1.83372132e+01  1.79999969e+02
 1.84784980e+01  4.63856905e+01  1.84784980e+01  1.79999969e+02
 1.86208714e+01  4.63856905e+01  1.86208714e+01  1.79999968e+02
 1.87643417e+01  4.63856905e+01  1.87643417e+01  1.79999968e+02
 1.89089175e+01  4.63856905e+01  1.89089175e+01  1.79999968e+02
 1.90546072e+01  4.63856905e+01  1.90546072e+01  1.79999968e+02
 1.92014194e+01  4.63856905e+01  1.92014194e+01  1.79999967e+02
 1.93493628e+01  4.63856905e+01  1.93493628e+01  1.79999967e+02
 1.94984460e+01  4.63856905e+01  1.94984460e+01  1.79999967e+02
 1.96486779e+01  4.63856905e+01  1.96486779e+01  1.79999967e+02
 1.98000673e+01  4.63856905e+01  1.98000673e+01  1.79999966e+02
 1.99526231e+01  4.63856905e+01  1.99526231e+01  1.79999966e+02
 2.01063544e+01  4.63856905e+01  2.01063544e+01  1.79999966e+02
 2.02612701e+01  4.63856905e+01  2.02612701e+01  1.79999966e+02
 2.04173794e+01  4.63856905e+01  2.04173794e+01  1.79999965e+02
 2.05746916e+01  4.63856905e+01  2.05746916e+01  1.79999965e+02
 2.07332157e+01  4.63856905e+01  2.07332157e+01  1.79999965e+02
 2.08929613e+01  4.63856905e+01  2.08929613e+01  1.79999964e+02
 2.10539377e+01  4.63856905e+01  2.10539377e+01  1.79999964e+02
 2.12161544e+01  4.63856905e+01  2.12161544e+01  1.79999964e+02
 2.13796209e+01  4.63856905e+01  2.13796209e+01  1.79999964e+02
 2.15443469e+01  4.63856905e+01  2.15443469e+01  1.79999963e+02
 2.17103421e+01  4.63856905e+01  2.17103421e+01  1.79999963e+02
 2.18776162e+01  4.63856905e+01  2.18776162e+01  1.79999963e+02
 2.20461792e+01  4.63856905e+01  2.20461792e+01  1.79999963e+02
 2.22160409e+01  4.63856905e+01  2.22160409e+01  1.79999962e+02
 2.23872114e+01  4.63856905e+01  2.23872114e+01  1.79999962e+02
 2.25597007e+01  4.63856905e+01  2.25597007e+01  1.79999962e+02
 2.27335190e+01  4.63856905e+01  2.27335190e+01  1.79999961e+02
 2.29086765e+01  4.63856905e+01  2.29086765e+01  1.79999961e+02
 2.30851836e+01  4.63856905e+01  2.30851836e+01  1.79999961e+02
 2.32630507e+01  4.63856905e+01  2.32630507e+01  1.79999960e+02
 2.34422882e+01  4.63856905e+01  2.34422882e+01  1.79999960e+02
 2.36229066e+01  4.63856905e+01  2.36229066e+01  1.79999960e+02
 2.38049167e+01  4.63856905e+01  2.38049167e+01  1.79999960e+02
 2.39883292e+01  4.63856905e+01  2.39883292e+01  1.79999959e+02
 2.41731548e+01  4.63856905e+01  2.41731548e+01  1.79999959e+02
 2.43594045e+01  4.63856905e+01  2.43594045e+01  1.79999959e+02
 2.45470892e+01  4.63856905e+01  2.45470892e+01  1.79999958e+02
 2.47362199e+01  4.63856905e+01  2.47362199e+01  1.79999958e+02
 2.49268079e+01  4.63856905e+01  2.49268079e+01  1.79999958e+02
 2.51188643e+01  4.63856905e+01  2.51188643e+01  1.79999957e+02
 2.53124005e+01  4.63856905e+01  2.53124005e+01  1.79999957e+02
 2.55074278e+01  4.63856905e+01  2.55074278e+01  1.79999957e+02
 2.57039578e+01  4.63856905e+01  2.57039578e+01  1.79999956e+02
 2.59020020e+01  4.63856905e+01  2.59020020e+01  1.79999956e+02
 2.61015722e+01  4.63856905e+01  2.61015722e+01  1.79999956e+02
 2.63026799e+01  4.63856905e+01  2.63026799e+01  1.79999955e+02
 2.65053372e+01  4.63856905e+01  2.65053372e+01  1.79999955e+02
 2.67095559e+01  4.63856905e+01  2.67095559e+01  1.79999955e+02
 2.69153480e+01  4.63856905e+01  2.69153480e+01  1.79999954e+02
 2.71227258e+01  4.63856905e+01  2.71227258e+01  1.79999954e+02
 2.73317014e+01  4.63856905e+01  2.73317014e+01  1.79999954e+02
 2.75422870e+01  4.63856905e+01  2.75422870e+01  1.79999953e+02
 2.77544952e+01  4.63856905e+01  2.77544952e+01  1.79999953e+02
 2.79683385e+01  4.63856905e+01  2.79683385e+01  1.79999952e+02
 2.81838293e+01  4.63856905e+01  2.81838293e+01  1.79999952e+02
 2.84009805e+01  4.63856905e+01  2.84009805e+01  1.79999952e+02
 2.86198048e+01  4.63856905e+01  2.86198048e+01  1.79999951e+02
 2.88403150e+01  4.63856905e+01  2.88403150e+01  1.79999951e+02
 2.90625243e+01  4.63856905e+01  2.90625243e+01  1.79999951e+02
 2.92864456e+01  4.63856905e+01  2.92864456e+01  1.79999950e+02
 2.95120923e+01  4.63856905e+01  2.95120923e+01  1.79999950e+02
 2.97394775e+01  4.63856905e+01  2.97394775e+01  1.79999949e+02
 2.99686146e+01  4.63856905e+01  2.99686146e+01  1.79999949e+02
 3.01995172e+01  4.63856905e+01  3.01995172e+01  1.79999949e+02
 3.04321989e+01  4.63856905e+01  3.04321989e+01  1.79999948e+02
 3.06666733e+01  4.63856905e+01  3.06666733e+01  1.79999948e+02
 3.09029543e+01  4.63856905e+01  3.09029543e+01  1.79999947e+02
 3.11410558e+01  4.63856905e+01  3.11410558e+01  1.79999947e+02
 3.13809919e+01  4.63856905e+01  3.13809919e+01  1.79999947e+02
 3.16227766e+01  4.63856905e+01  3.16227766e+01  1.79999946e+02
 3.18664242e+01  4.63856905e+01  3.18664242e+01  1.79999946e+02
 3.21119491e+01  4.63856905e+01  3.21119491e+01  1.79999945e+02
 3.23593657e+01  4.63856905e+01  3.23593657e+01  1.79999945e+02
 3.26086886e+01  4.63856905e+01  3.26086886e+01  1.79999945e+02
 3.28599325e+01  4.63856905e+01  3.28599325e+01  1.79999944e+02
 3.31131121e+01  4.63856905e+01  3.31131121e+01  1.79999944e+02
 3.33682425e+01  4.63856905e+01  3.33682425e+01  1.79999943e+02
 3.36253386e+01  4.63856905e+01  3.36253386e+01  1.79999943e+02
 3.38844156e+01  4.63856905e+01  3.38844156e+01  1.79999942e+02
 3.41454887e+01  4.63856905e+01  3.41454887e+01  1.79999942e+02
 3.44085734e+01  4.63856905e+01  3.44085734e+01  1.79999941e+02
 3.46736850e+01  4.63856905e+01  3.46736850e+01  1.79999941e+02
 3.49408393e+01  4.63856905e+01  3.49408393e+01  1.79999941e+02
 3.52100520e+01  4.63856905e+01  3.52100520e+01  1.79999940e+02
 3.54813389e+01  4.63856905e+01  3.54813389e+01  1.79999940e+02
 3.57547160e+01  4.63856905e+01  3.57547160e+01  1.79999939e+02
 3.60301995e+01  4.63856905e+01  3.60301995e+01  1.79999939e+02
 3.63078055e+01  4.63856905e+01  3.63078055e+01  1.79999938e+02
 3.65875504e+01  4.63856905e+01  3.65875504e+01  1.79999938e+02
 3.68694506e+01  4.63856905e+01  3.68694506e+01  1.79999937e+02
 3.71535229e+01  4.63856905e+01  3.71535229e+01  1.79999937e+02
 3.74397839e+01  4.63856905e+01  3.74397839e+01  1.79999936e+02
 3.77282505e+01  4.63856905e+01  3.77282505e+01  1.79999936e+02
 3.80189396e+01  4.63856905e+01  3.80189396e+01  1.79999935e+02
 3.83118685e+01  4.63856905e+01  3.83118685e+01  1.79999935e+02
 3.86070543e+01  4.63856905e+01  3.86070543e+01  1.79999934e+02
 3.89045145e+01  4.63856905e+01  3.89045145e+01  1.79999934e+02
 3.92042666e+01  4.63856905e+01  3.92042666e+01  1.79999933e+02
 3.95063281e+01  4.63856905e+01  3.95063281e+01  1.79999933e+02
 3.98107171e+01  4.63856905e+01  3.98107171e+01  1.79999932e+02
 4.01174512e+01  4.63856905e+01  4.01174512e+01  1.79999932e+02
 4.04265487e+01  4.63856905e+01  4.04265487e+01  1.79999931e+02
 4.07380278e+01  4.63856905e+01  4.07380278e+01  1.79999931e+02
 4.10519067e+01  4.63856905e+01  4.10519067e+01  1.79999930e+02
 4.13682040e+01  4.63856905e+01  4.13682040e+01  1.79999930e+02
 4.16869383e+01  4.63856905e+01  4.16869383e+01  1.79999929e+02
 4.20081285e+01  4.63856905e+01  4.20081285e+01  1.79999929e+02
 4.23317933e+01  4.63856905e+01  4.23317933e+01  1.79999928e+02
 4.26579519e+01  4.63856905e+01  4.26579519e+01  1.79999927e+02
 4.29866235e+01  4.63856905e+01  4.29866235e+01  1.79999927e+02
 4.33178274e+01  4.63856905e+01  4.33178274e+01  1.79999926e+02
 4.36515832e+01  4.63856905e+01  4.36515832e+01  1.79999926e+02
 4.39879106e+01  4.63856905e+01  4.39879106e+01  1.79999925e+02
 4.43268292e+01  4.63856905e+01  4.43268292e+01  1.79999925e+02
 4.46683592e+01  4.63856905e+01  4.46683592e+01  1.79999924e+02
 4.50125206e+01  4.63856905e+01  4.50125206e+01  1.79999923e+02
 4.53593337e+01  4.63856905e+01  4.53593337e+01  1.79999923e+02
 4.57088190e+01  4.63856905e+01  4.57088190e+01  1.79999922e+02
 4.60609969e+01  4.63856905e+01  4.60609969e+01  1.79999922e+02
 4.64158883e+01  4.63856905e+01  4.64158883e+01  1.79999921e+02
 4.67735141e+01  4.63856905e+01  4.67735141e+01  1.79999920e+02
 4.71338954e+01  4.63856905e+01  4.71338954e+01  1.79999920e+02
 4.74970533e+01  4.63856905e+01  4.74970533e+01  1.79999919e+02
 4.78630092e+01  4.63856905e+01  4.78630092e+01  1.79999919e+02
 4.82317848e+01  4.63856905e+01  4.82317848e+01  1.79999918e+02
 4.86034018e+01  4.63856905e+01  4.86034018e+01  1.79999917e+02
 4.89778819e+01  4.63856905e+01  4.89778819e+01  1.79999917e+02
 4.93552474e+01  4.63856905e+01  4.93552474e+01  1.79999916e+02
 4.97355204e+01  4.63856905e+01  4.97355204e+01  1.79999915e+02
 5.01187234e+01  4.63856905e+01  5.01187234e+01  1.79999915e+02
 5.05048788e+01  4.63856905e+01  5.05048788e+01  1.79999914e+02
 5.08940095e+01  4.63856905e+01  5.08940095e+01  1.79999913e+02
 5.12861384e+01  4.63856905e+01  5.12861384e+01  1.79999913e+02
 5.16812886e+01  4.63856905e+01  5.16812886e+01  1.79999912e+02
 5.20794833e+01  4.63856905e+01  5.20794833e+01  1.79999911e+02
 5.24807460e+01  4.63856905e+01  5.24807460e+01  1.79999911e+02
 5.28851004e+01  4.63856905e+01  5.28851004e+01  1.79999910e+02
 5.32925703e+01  4.63856905e+01  5.32925703e+01  1.79999909e+02
 5.37031796e+01  4.63856905e+01  5.37031796e+01  1.79999909e+02
 5.41169527e+01  4.63856905e+01  5.41169527e+01  1.79999908e+02
 5.45339137e+01  4.63856905e+01  5.45339137e+01  1.79999907e+02
 5.49540874e+01  4.63856905e+01  5.49540874e+01  1.79999907e+02
 5.53774984e+01  4.63856905e+01  5.53774984e+01  1.79999906e+02
 5.58041717e+01  4.63856905e+01  5.58041717e+01  1.79999905e+02
 5.62341325e+01  4.63856905e+01  5.62341325e+01  1.79999904e+02
 5.66674061e+01  4.63856905e+01  5.66674061e+01  1.79999904e+02
 5.71040179e+01  4.63856905e+01  5.71040179e+01  1.79999903e+02
 5.75439937e+01  4.63856905e+01  5.75439937e+01  1.79999902e+02
 5.79873595e+01  4.63856905e+01  5.79873595e+01  1.79999901e+02
 5.84341413e+01  4.63856905e+01  5.84341413e+01  1.79999901e+02
 5.88843655e+01  4.63856905e+01  5.88843655e+01  1.79999900e+02
 5.93380586e+01  4.63856905e+01  5.93380586e+01  1.79999899e+02
 5.97952473e+01  4.63856905e+01  5.97952473e+01  1.79999898e+02
 6.02559586e+01  4.63856905e+01  6.02559586e+01  1.79999898e+02
 6.07202196e+01  4.63856905e+01  6.07202196e+01  1.79999897e+02
 6.11880576e+01  4.63856905e+01  6.11880576e+01  1.79999896e+02
 6.16595002e+01  4.63856905e+01  6.16595002e+01  1.79999895e+02
 6.21345752e+01  4.63856905e+01  6.21345752e+01  1.79999894e+02
 6.26133105e+01  4.63856905e+01  6.26133105e+01  1.79999894e+02
 6.30957344e+01  4.63856905e+01  6.30957344e+01  1.79999893e+02
 6.35818754e+01  4.63856905e+01  6.35818754e+01  1.79999892e+02
 6.40717619e+01  4.63856905e+01  6.40717619e+01  1.79999891e+02
 6.45654229e+01  4.63856905e+01  6.45654229e+01  1.79999890e+02
 6.50628875e+01  4.63856905e+01  6.50628875e+01  1.79999889e+02
 6.55641849e+01  4.63856905e+01  6.55641849e+01  1.79999888e+02
 6.60693448e+01  4.63856905e+01  6.60693448e+01  1.79999888e+02
 6.65783968e+01  4.63856905e+01  6.65783968e+01  1.79999887e+02
 6.70913710e+01  4.63856905e+01  6.70913710e+01  1.79999886e+02
 6.76082975e+01  4.63856905e+01  6.76082975e+01  1.79999885e+02
 6.81292069e+01  4.63856905e+01  6.81292069e+01  1.79999884e+02
 6.86541298e+01  4.63856905e+01  6.86541298e+01  1.79999883e+02
 6.91830971e+01  4.63856905e+01  6.91830971e+01  1.79999882e+02
 6.97161400e+01  4.63856905e+01  6.97161400e+01  1.79999881e+02
 7.02532899e+01  4.63856905e+01  7.02532899e+01  1.79999881e+02
 7.07945784e+01  4.63856905e+01  7.07945784e+01  1.79999880e+02
 7.13400375e+01  4.63856905e+01  7.13400375e+01  1.79999879e+02
 7.18896992e+01  4.63856905e+01  7.18896992e+01  1.79999878e+02
 7.24435960e+01  4.63856905e+01  7.24435960e+01  1.79999877e+02
 7.30017605e+01  4.63856905e+01  7.30017605e+01  1.79999876e+02
 7.35642254e+01  4.63856905e+01  7.35642254e+01  1.79999875e+02
 7.41310241e+01  4.63856905e+01  7.41310241e+01  1.79999874e+02
 7.47021899e+01  4.63856905e+01  7.47021899e+01  1.79999873e+02
 7.52777564e+01  4.63856905e+01  7.52777564e+01  1.79999872e+02
 7.58577575e+01  4.63856905e+01  7.58577575e+01  1.79999871e+02
 7.64422274e+01  4.63856905e+01  7.64422274e+01  1.79999870e+02
 7.70312006e+01  4.63856905e+01  7.70312006e+01  1.79999869e+02
 7.76247117e+01  4.63856905e+01  7.76247117e+01  1.79999868e+02
 7.82227956e+01  4.63856905e+01  7.82227956e+01  1.79999867e+02
 7.88254877e+01  4.63856905e+01  7.88254877e+01  1.79999866e+02
 7.94328235e+01  4.63856905e+01  7.94328235e+01  1.79999865e+02
 8.00448386e+01  4.63856905e+01  8.00448386e+01  1.79999864e+02
 8.06615692e+01  4.63856905e+01  8.06615692e+01  1.79999863e+02
 8.12830516e+01  4.63856905e+01  8.12830516e+01  1.79999862e+02
 8.19093224e+01  4.63856905e+01  8.19093224e+01  1.79999861e+02
 8.25404185e+01  4.63856905e+01  8.25404185e+01  1.79999860e+02
 8.31763771e+01  4.63856905e+01  8.31763771e+01  1.79999859e+02
 8.38172356e+01  4.63856905e+01  8.38172356e+01  1.79999857e+02
 8.44630319e+01  4.63856905e+01  8.44630319e+01  1.79999856e+02
 8.51138038e+01  4.63856905e+01  8.51138038e+01  1.79999855e+02
 8.57695899e+01  4.63856905e+01  8.57695899e+01  1.79999854e+02
 8.64304286e+01  4.63856905e+01  8.64304286e+01  1.79999853e+02
 8.70963590e+01  4.63856905e+01  8.70963590e+01  1.79999852e+02
 8.77674203e+01  4.63856905e+01  8.77674203e+01  1.79999851e+02
 8.84436519e+01  4.63856905e+01  8.84436519e+01  1.79999850e+02
 8.91250938e+01  4.63856905e+01  8.91250938e+01  1.79999848e+02
 8.98117861e+01  4.63856905e+01  8.98117861e+01  1.79999847e+02
 9.05037692e+01  4.63856905e+01  9.05037692e+01  1.79999846e+02
 9.12010839e+01  4.63856905e+01  9.12010839e+01  1.79999845e+02
 9.19037713e+01  4.63856905e+01  9.19037713e+01  1.79999844e+02
 9.26118728e+01  4.63856905e+01  9.26118728e+01  1.79999842e+02
 9.33254301e+01  4.63856905e+01  9.33254301e+01  1.79999841e+02
 9.40444852e+01  4.63856905e+01  9.40444852e+01  1.79999840e+02
 9.47690805e+01  4.63856905e+01  9.47690805e+01  1.79999839e+02
 9.54992586e+01  4.63856905e+01  9.54992586e+01  1.79999838e+02
 9.62350626e+01  4.63856905e+01  9.62350626e+01  1.79999836e+02
 9.69765359e+01  4.63856905e+01  9.69765359e+01  1.79999835e+02
 9.77237221e+01  4.63856905e+01  9.77237221e+01  1.79999834e+02
 9.84766652e+01  4.63856905e+01  9.84766652e+01  1.79999833e+02
 9.92354096e+01  4.63856905e+01  9.92354096e+01  1.79999831e+02
 1.00000000e+02  4.63856905e+01  1.00000000e+02  1.79999830e+02
 1.00770481e+02  4.63856905e+01  1.00770481e+02  1.79999829e+02
 1.01546899e+02  4.63856905e+01  1.01546899e+02  1.79999827e+02
 1.02329299e+02  4.63856905e+01  1.02329299e+02  1.79999826e+02
 1.03117727e+02  4.63856905e+01  1.03117727e+02  1.79999825e+02
 1.03912230e+02  4.63856905e+01  1.03912230e+02  1.79999823e+02
 1.04712855e+02  4.63856905e+01  1.04712855e+02  1.79999822e+02
 1.05519648e+02  4.63856905e+01  1.05519648e+02  1.79999821e+02
 1.06332657e+02  4.63856905e+01  1.06332657e+02  1.79999819e+02
 1.07151931e+02  4.63856905e+01  1.07151931e+02  1.79999818e+02
 1.07977516e+02  4.63856905e+01  1.07977516e+02  1.79999816e+02
 1.08809463e+02  4.63856905e+01  1.08809463e+02  1.79999815e+02
 1.09647820e+02  4.63856905e+01  1.09647820e+02  1.79999814e+02
 1.10492636e+02  4.63856905e+01  1.10492636e+02  1.79999812e+02
 1.11343961e+02  4.63856905e+01  1.11343961e+02  1.79999811e+02
 1.12201845e+02  4.63856905e+01  1.12201845e+02  1.79999809e+02
 1.13066340e+02  4.63856905e+01  1.13066340e+02  1.79999808e+02
 1.13937495e+02  4.63856905e+01  1.13937495e+02  1.79999806e+02
 1.14815362e+02  4.63856905e+01  1.14815362e+02  1.79999805e+02
 1.15699993e+02  4.63856905e+01  1.15699993e+02  1.79999803e+02
 1.16591440e+02  4.63856905e+01  1.16591440e+02  1.79999802e+02
 1.17489755e+02  4.63856905e+01  1.17489755e+02  1.79999800e+02
 1.18394992e+02  4.63856905e+01  1.18394992e+02  1.79999799e+02
 1.19307204e+02  4.63856905e+01  1.19307204e+02  1.79999797e+02
 1.20226443e+02  4.63856905e+01  1.20226443e+02  1.79999796e+02
 1.21152766e+02  4.63856905e+01  1.21152766e+02  1.79999794e+02
 1.22086225e+02  4.63856905e+01  1.22086225e+02  1.79999792e+02
 1.23026877e+02  4.63856905e+01  1.23026877e+02  1.79999791e+02
 1.23974776e+02  4.63856905e+01  1.23974776e+02  1.79999789e+02
 1.24929979e+02  4.63856905e+01  1.24929979e+02  1.79999788e+02
 1.25892541e+02  4.63856905e+01  1.25892541e+02  1.79999786e+02
 1.26862520e+02  4.63856905e+01  1.26862520e+02  1.79999784e+02
 1.27839972e+02  4.63856905e+01  1.27839972e+02  1.79999783e+02
 1.28824955e+02  4.63856905e+01  1.28824955e+02  1.79999781e+02
 1.29817528e+02  4.63856906e+01  1.29817528e+02  1.79999779e+02
 1.30817747e+02  4.63856906e+01  1.30817747e+02  1.79999778e+02
 1.31825674e+02  4.63856906e+01  1.31825674e+02  1.79999776e+02
 1.32841366e+02  4.63856906e+01  1.32841366e+02  1.79999774e+02
 1.33864884e+02  4.63856906e+01  1.33864884e+02  1.79999772e+02
 1.34896288e+02  4.63856906e+01  1.34896288e+02  1.79999771e+02
 1.35935639e+02  4.63856906e+01  1.35935639e+02  1.79999769e+02
 1.36982998e+02  4.63856906e+01  1.36982998e+02  1.79999767e+02
 1.38038426e+02  4.63856906e+01  1.38038426e+02  1.79999765e+02
 1.39101987e+02  4.63856906e+01  1.39101987e+02  1.79999763e+02
 1.40173742e+02  4.63856906e+01  1.40173742e+02  1.79999762e+02
 1.41253754e+02  4.63856906e+01  1.41253754e+02  1.79999760e+02
 1.42342088e+02  4.63856906e+01  1.42342088e+02  1.79999758e+02
 1.43438808e+02  4.63856906e+01  1.43438808e+02  1.79999756e+02
 1.44543977e+02  4.63856906e+01  1.44543977e+02  1.79999754e+02
 1.45657662e+02  4.63856906e+01  1.45657662e+02  1.79999752e+02
 1.46779927e+02  4.63856906e+01  1.46779927e+02  1.79999750e+02
 1.47910839e+02  4.63856906e+01  1.47910839e+02  1.79999748e+02
 1.49050464e+02  4.63856906e+01  1.49050464e+02  1.79999747e+02
 1.50198870e+02  4.63856906e+01  1.50198870e+02  1.79999745e+02
 1.51356125e+02  4.63856906e+01  1.51356125e+02  1.79999743e+02
 1.52522296e+02  4.63856906e+01  1.52522296e+02  1.79999741e+02
 1.53697452e+02  4.63856906e+01  1.53697452e+02  1.79999739e+02
 1.54881662e+02  4.63856906e+01  1.54881662e+02  1.79999737e+02
 1.56074996e+02  4.63856906e+01  1.56074996e+02  1.79999735e+02
 1.57277525e+02  4.63856906e+01  1.57277525e+02  1.79999733e+02
 1.58489319e+02  4.63856906e+01  1.58489319e+02  1.79999730e+02
 1.59710450e+02  4.63856906e+01  1.59710450e+02  1.79999728e+02
 1.60940989e+02  4.63856906e+01  1.60940989e+02  1.79999726e+02
 1.62181010e+02  4.63856906e+01  1.62181010e+02  1.79999724e+02
 1.63430584e+02  4.63856906e+01  1.63430584e+02  1.79999722e+02
 1.64689787e+02  4.63856906e+01  1.64689787e+02  1.79999720e+02
 1.65958691e+02  4.63856906e+01  1.65958691e+02  1.79999718e+02
 1.67237372e+02  4.63856906e+01  1.67237372e+02  1.79999716e+02
 1.68525904e+02  4.63856906e+01  1.68525904e+02  1.79999713e+02
 1.69824365e+02  4.63856906e+01  1.69824365e+02  1.79999711e+02
 1.71132830e+02  4.63856906e+01  1.71132830e+02  1.79999709e+02
 1.72451377e+02  4.63856906e+01  1.72451377e+02  1.79999707e+02
 1.73780083e+02  4.63856906e+01  1.73780083e+02  1.79999704e+02
 1.75119026e+02  4.63856906e+01  1.75119026e+02  1.79999702e+02
 1.76468286e+02  4.63856906e+01  1.76468286e+02  1.79999700e+02
 1.77827941e+02  4.63856906e+01  1.77827941e+02  1.79999698e+02
 1.79198072e+02  4.63856906e+01  1.79198072e+02  1.79999695e+02
 1.80578760e+02  4.63856906e+01  1.80578760e+02  1.79999693e+02
 1.81970086e+02  4.63856906e+01  1.81970086e+02  1.79999691e+02
 1.83372132e+02  4.63856906e+01  1.83372132e+02  1.79999688e+02
 1.84784980e+02  4.63856906e+01  1.84784980e+02  1.79999686e+02
 1.86208714e+02  4.63856906e+01  1.86208714e+02  1.79999683e+02
 1.87643417e+02  4.63856906e+01  1.87643417e+02  1.79999681e+02
 1.89089175e+02  4.63856906e+01  1.89089175e+02  1.79999678e+02
 1.90546072e+02  4.63856906e+01  1.90546072e+02  1.79999676e+02
 1.92014194e+02  4.63856906e+01  1.92014194e+02  1.79999673e+02
 1.93493628e+02  4.63856906e+01  1.93493628e+02  1.79999671e+02
 1.94984460e+02  4.63856906e+01  1.94984460e+02  1.79999668e+02
 1.96486779e+02  4.63856906e+01  1.96486779e+02  1.79999666e+02
 1.98000673e+02  4.63856906e+01  1.98000673e+02  1.79999663e+02
 1.99526231e+02  4.63856906e+01  1.99526231e+02  1.79999661e+02
 2.01063544e+02  4.63856906e+01  2.01063544e+02  1.79999658e+02
 2.02612701e+02  4.63856906e+01  2.02612701e+02  1.79999655e+02
 2.04173794e+02  4.63856906e+01  2.04173794e+02  1.79999653e+02
 2.05746916e+02  4.63856906e+01  2.05746916e+02  1.79999650e+02
 2.07332157e+02  4.63856906e+01  2.07332157e+02  1.79999647e+02
 2.08929613e+02  4.63856906e+01  2.08929613e+02  1.79999645e+02
 2.10539377e+02  4.63856906e+01  2.10539377e+02  1.79999642e+02
 2.12161544e+02  4.63856906e+01  2.12161544e+02  1.79999639e+02
 2.13796209e+02  4.63856906e+01  2.13796209e+02  1.79999636e+02
 2.15443469e+02  4.63856906e+01  2.15443469e+02  1.79999634e+02
 2.17103421e+02  4.63856906e+01  2.17103421e+02  1.79999631e+02
 2.18776162e+02  4.63856906e+01  2.18776162e+02  1.79999628e+02
 2.20461792e+02  4.63856906e+01  2.20461792e+02  1.79999625e+02
 2.22160409e+02  4.63856906e+01  2.22160409e+02  1.79999622e+02
 2.23872114e+02  4.63856906e+01  2.23872114e+02  1.79999619e+02
 2.25597007e+02  4.63856906e+01  2.25597007e+02  1.79999616e+02
 2.27335190e+02  4.63856906e+01  2.27335190e+02  1.79999613e+02
 2.29086765e+02  4.63856906e+01  2.29086765e+02  1.79999610e+02
 2.30851836e+02  4.63856906e+01  2.30851836e+02  1.79999607e+02
 2.32630507e+02  4.63856906e+01  2.32630507e+02  1.79999604e+02
 2.34422882e+02  4.63856906e+01  2.34422882e+02  1.79999601e+02
 2.36229066e+02  4.63856906e+01  2.36229066e+02  1.79999598e+02
 2.38049167e+02  4.63856906e+01  2.38049167e+02  1.79999595e+02
 2.39883292e+02  4.63856906e+01  2.39883292e+02  1.79999592e+02
 2.41731548e+02  4.63856906e+01  2.41731548e+02  1.79999589e+02
 2.43594045e+02  4.63856906e+01  2.43594045e+02  1.79999586e+02
 2.45470892e+02  4.63856906e+01  2.45470892e+02  1.79999583e+02
 2.47362199e+02  4.63856906e+01  2.47362199e+02  1.79999579e+02
 2.49268079e+02  4.63856906e+01  2.49268079e+02  1.79999576e+02
 2.51188643e+02  4.63856906e+01  2.51188643e+02  1.79999573e+02
 2.53124005e+02  4.63856906e+01  2.53124005e+02  1.79999570e+02
 2.55074278e+02  4.63856906e+01  2.55074278e+02  1.79999566e+02
 2.57039578e+02  4.63856906e+01  2.57039578e+02  1.79999563e+02
 2.59020020e+02  4.63856906e+01  2.59020020e+02  1.79999559e+02
 2.61015722e+02  4.63856906e+01  2.61015722e+02  1.79999556e+02
 2.63026799e+02  4.63856906e+01  2.63026799e+02  1.79999553e+02
 2.65053372e+02  4.63856906e+01  2.65053372e+02  1.79999549e+02
 2.67095559e+02  4.63856906e+01  2.67095559e+02  1.79999546e+02
 2.69153480e+02  4.63856906e+01  2.69153480e+02  1.79999542e+02
 2.71227258e+02  4.63856906e+01  2.71227258e+02  1.79999539e+02
 2.73317014e+02  4.63856906e+01  2.73317014e+02  1.79999535e+02
 2.75422870e+02  4.63856906e+01  2.75422870e+02  1.79999532e+02
 2.77544952e+02  4.63856906e+01  2.77544952e+02  1.79999528e+02
 2.79683385e+02  4.63856906e+01  2.79683385e+02  1.79999524e+02
 2.81838293e+02  4.63856906e+01  2.81838293e+02  1.79999521e+02
 2.84009805e+02  4.63856906e+01  2.84009805e+02  1.79999517e+02
 2.86198048e+02  4.63856906e+01  2.86198048e+02  1.79999513e+02
 2.88403150e+02  4.63856906e+01  2.88403150e+02  1.79999510e+02
 2.90625243e+02  4.63856906e+01  2.90625243e+02  1.79999506e+02
 2.92864456e+02  4.63856906e+01  2.92864456e+02  1.79999502e+02
 2.95120923e+02  4.63856906e+01  2.95120923e+02  1.79999498e+02
 2.97394775e+02  4.63856906e+01  2.97394775e+02  1.79999494e+02
 2.99686146e+02  4.63856906e+01  2.99686146e+02  1.79999490e+02
 3.01995172e+02  4.63856906e+01  3.01995172e+02  1.79999486e+02
 3.04321989e+02  4.63856906e+01  3.04321989e+02  1.79999482e+02
 3.06666733e+02  4.63856906e+01  3.06666733e+02  1.79999478e+02
 3.09029543e+02  4.63856906e+01  3.09029543e+02  1.79999474e+02
 3.11410558e+02  4.63856906e+01  3.11410558e+02  1.79999470e+02
 3.13809919e+02  4.63856906e+01  3.13809919e+02  1.79999466e+02
 3.16227766e+02  4.63856906e+01  3.16227766e+02  1.79999462e+02
 3.18664242e+02  4.63856906e+01  3.18664242e+02  1.79999458e+02
 3.21119491e+02  4.63856906e+01  3.21119491e+02  1.79999454e+02
 3.23593657e+02  4.63856906e+01  3.23593657e+02  1.79999450e+02
 3.26086886e+02  4.63856906e+01  3.26086886e+02  1.79999445e+02
 3.28599325e+02  4.63856906e+01  3.28599325e+02  1.79999441e+02
 3.31131121e+02  4.63856906e+01  3.31131121e+02  1.79999437e+02
 3.33682425e+02  4.63856906e+01  3.33682425e+02  1.79999433e+02
 3.36253386e+02  4.63856906e+01  3.36253386e+02  1.79999428e+02
 3.38844156e+02  4.63856906e+01  3.38844156e+02  1.79999424e+02
 3.41454887e+02  4.63856906e+01  3.41454887e+02  1.79999419e+02
 3.44085734e+02  4.63856906e+01  3.44085734e+02  1.79999415e+02
 3.46736850e+02  4.63856906e+01  3.46736850e+02  1.79999410e+02
 3.49408393e+02  4.63856906e+01  3.49408393e+02  1.79999406e+02
 3.52100520e+02  4.63856906e+01  3.52100520e+02  1.79999401e+02
 3.54813389e+02  4.63856906e+01  3.54813389e+02  1.79999397e+02
 3.57547160e+02  4.63856906e+01  3.57547160e+02  1.79999392e+02
 3.60301995e+02  4.63856906e+01  3.60301995e+02  1.79999387e+02
 3.63078055e+02  4.63856906e+01  3.63078055e+02  1.79999383e+02
 3.65875504e+02  4.63856906e+01  3.65875504e+02  1.79999378e+02
 3.68694506e+02  4.63856906e+01  3.68694506e+02  1.79999373e+02
 3.71535229e+02  4.63856906e+01  3.71535229e+02  1.79999368e+02
 3.74397839e+02  4.63856906e+01  3.74397839e+02  1.79999363e+02
 3.77282505e+02  4.63856906e+01  3.77282505e+02  1.79999358e+02
 3.80189396e+02  4.63856906e+01  3.80189396e+02  1.79999353e+02
 3.83118685e+02  4.63856906e+01  3.83118685e+02  1.79999348e+02
 3.86070543e+02  4.63856907e+01  3.86070543e+02  1.79999343e+02
 3.89045145e+02  4.63856907e+01  3.89045145e+02  1.79999338e+02
 3.92042666e+02  4.63856907e+01  3.92042666e+02  1.79999333e+02
 3.95063281e+02  4.63856907e+01  3.95063281e+02  1.79999328e+02
 3.98107171e+02  4.63856907e+01  3.98107171e+02  1.79999323e+02
 4.01174512e+02  4.63856907e+01  4.01174512e+02  1.79999318e+02
 4.04265487e+02  4.63856907e+01  4.04265487e+02  1.79999312e+02
 4.07380278e+02  4.63856907e+01  4.07380278e+02  1.79999307e+02
 4.10519067e+02  4.63856907e+01  4.10519067e+02  1.79999302e+02
 4.13682040e+02  4.63856907e+01  4.13682040e+02  1.79999296e+02
 4.16869383e+02  4.63856907e+01  4.16869383e+02  1.79999291e+02
 4.20081285e+02  4.63856907e+01  4.20081285e+02  1.79999286e+02
 4.23317933e+02  4.63856907e+01  4.23317933e+02  1.79999280e+02
 4.26579519e+02  4.63856907e+01  4.26579519e+02  1.79999275e+02
 4.29866235e+02  4.63856907e+01  4.29866235e+02  1.79999269e+02
 4.33178274e+02  4.63856907e+01  4.33178274e+02  1.79999263e+02
 4.36515832e+02  4.63856907e+01  4.36515832e+02  1.79999258e+02
 4.39879106e+02  4.63856907e+01  4.39879106e+02  1.79999252e+02
 4.43268292e+02  4.63856907e+01  4.43268292e+02  1.79999246e+02
 4.46683592e+02  4.63856907e+01  4.46683592e+02  1.79999240e+02
 4.50125206e+02  4.63856907e+01  4.50125206e+02  1.79999234e+02
 4.53593337e+02  4.63856907e+01  4.53593337e+02  1.79999229e+02
 4.57088190e+02  4.63856907e+01  4.57088190e+02  1.79999223e+02
 4.60609969e+02  4.63856907e+01  4.60609969e+02  1.79999217e+02
 4.64158883e+02  4.63856907e+01  4.64158883e+02  1.79999211e+02
 4.67735141e+02  4.63856907e+01  4.67735141e+02  1.79999205e+02
 4.71338954e+02  4.63856907e+01  4.71338954e+02  1.79999198e+02
 4.74970533e+02  4.63856907e+01  4.74970533e+02  1.79999192e+02
 4.78630092e+02  4.63856907e+01  4.78630092e+02  1.79999186e+02
 4.82317848e+02  4.63856907e+01  4.82317848e+02  1.79999180e+02
 4.86034018e+02  4.63856907e+01  4.86034018e+02  1.79999173e+02
 4.89778819e+02  4.63856907e+01  4.89778819e+02  1.79999167e+02
 4.93552474e+02  4.63856907e+01  4.93552474e+02  1.79999161e+02
 4.97355204e+02  4.63856907e+01  4.97355204e+02  1.79999154e+02
 5.01187234e+02  4.63856907e+01  5.01187234e+02  1.79999148e+02
 5.05048788e+02  4.63856907e+01  5.05048788e+02  1.79999141e+02
 5.08940095e+02  4.63856907e+01  5.08940095e+02  1.79999134e+02
 5.12861384e+02  4.63856907e+01  5.12861384e+02  1.79999128e+02
 5.16812886e+02  4.63856907e+01  5.16812886e+02  1.79999121e+02
 5.20794833e+02  4.63856907e+01  5.20794833e+02  1.79999114e+02
 5.24807460e+02  4.63856907e+01  5.24807460e+02  1.79999107e+02
 5.28851004e+02  4.63856908e+01  5.28851004e+02  1.79999101e+02
 5.32925703e+02  4.63856908e+01  5.32925703e+02  1.79999094e+02
 5.37031796e+02  4.63856908e+01  5.37031796e+02  1.79999087e+02
 5.41169527e+02  4.63856908e+01  5.41169527e+02  1.79999080e+02
 5.45339137e+02  4.63856908e+01  5.45339137e+02  1.79999073e+02
 5.49540874e+02  4.63856908e+01  5.49540874e+02  1.79999065e+02
 5.53774984e+02  4.63856908e+01  5.53774984e+02  1.79999058e+02
 5.58041717e+02  4.63856908e+01  5.58041717e+02  1.79999051e+02
 5.62341325e+02  4.63856908e+01  5.62341325e+02  1.79999044e+02
 5.66674061e+02  4.63856908e+01  5.66674061e+02  1.79999036e+02
 5.71040179e+02  4.63856908e+01  5.71040179e+02  1.79999029e+02
 5.75439937e+02  4.63856908e+01  5.75439937e+02  1.79999021e+02
 5.79873595e+02  4.63856908e+01  5.79873595e+02  1.79999014e+02
 5.84341413e+02  4.63856908e+01  5.84341413e+02  1.79999006e+02
 5.88843655e+02  4.63856908e+01  5.88843655e+02  1.79998999e+02
 5.93380586e+02  4.63856908e+01  5.93380586e+02  1.79998991e+02
 5.97952473e+02  4.63856908e+01  5.97952473e+02  1.79998983e+02
 6.02559586e+02  4.63856908e+01  6.02559586e+02  1.79998975e+02
 6.07202196e+02  4.63856908e+01  6.07202196e+02  1.79998967e+02
 6.11880576e+02  4.63856908e+01  6.11880576e+02  1.79998959e+02
 6.16595002e+02  4.63856908e+01  6.16595002e+02  1.79998951e+02
 6.21345752e+02  4.63856908e+01  6.21345752e+02  1.79998943e+02
 6.26133105e+02  4.63856908e+01  6.26133105e+02  1.79998935e+02
 6.30957344e+02  4.63856908e+01  6.30957344e+02  1.79998927e+02
 6.35818754e+02  4.63856908e+01  6.35818754e+02  1.79998919e+02
 6.40717619e+02  4.63856909e+01  6.40717619e+02  1.79998910e+02
 6.45654229e+02  4.63856909e+01  6.45654229e+02  1.79998902e+02
 6.50628875e+02  4.63856909e+01  6.50628875e+02  1.79998893e+02
 6.55641849e+02  4.63856909e+01  6.55641849e+02  1.79998885e+02
 6.60693448e+02  4.63856909e+01  6.60693448e+02  1.79998876e+02
 6.65783968e+02  4.63856909e+01  6.65783968e+02  1.79998868e+02
 6.70913710e+02  4.63856909e+01  6.70913710e+02  1.79998859e+02
 6.76082975e+02  4.63856909e+01  6.76082975e+02  1.79998850e+02
 6.81292069e+02  4.63856909e+01  6.81292069e+02  1.79998841e+02
 6.86541298e+02  4.63856909e+01  6.86541298e+02  1.79998832e+02
 6.91830971e+02  4.63856909e+01  6.91830971e+02  1.79998823e+02
 6.97161400e+02  4.63856909e+01  6.97161400e+02  1.79998814e+02
 7.02532899e+02  4.63856909e+01  7.02532899e+02  1.79998805e+02
 7.07945784e+02  4.63856909e+01  7.07945784e+02  1.79998796e+02
 7.13400375e+02  4.63856909e+01  7.13400375e+02  1.79998787e+02
 7.18896992e+02  4.63856909e+01  7.18896992e+02  1.79998777e+02
 7.24435960e+02  4.63856909e+01  7.24435960e+02  1.79998768e+02
 7.30017605e+02  4.63856909e+01  7.30017605e+02  1.79998758e+02
 7.35642254e+02  4.63856910e+01  7.35642254e+02  1.79998749e+02
 7.41310241e+02  4.63856910e+01  7.41310241e+02  1.79998739e+02
 7.47021899e+02  4.63856910e+01  7.47021899e+02  1.79998730e+02
 7.52777564e+02  4.63856910e+01  7.52777564e+02  1.79998720e+02
 7.58577575e+02  4.63856910e+01  7.58577575e+02  1.79998710e+02
 7.64422274e+02  4.63856910e+01  7.64422274e+02  1.79998700e+02
 7.70312006e+02  4.63856910e+01  7.70312006e+02  1.79998690e+02
 7.76247117e+02  4.63856910e+01  7.76247117e+02  1.79998680e+02
 7.82227956e+02  4.63856910e+01  7.82227956e+02  1.79998670e+02
 7.88254877e+02  4.63856910e+01  7.88254877e+02  1.79998659e+02
 7.94328235e+02  4.63856910e+01  7.94328235e+02  1.79998649e+02
 8.00448386e+02  4.63856910e+01  8.00448386e+02  1.79998639e+02
 8.06615692e+02  4.63856910e+01  8.06615692e+02  1.79998628e+02
 8.12830516e+02  4.63856910e+01  8.12830516e+02  1.79998618e+02
 8.19093224e+02  4.63856911e+01  8.19093224e+02  1.79998607e+02
 8.25404185e+02  4.63856911e+01  8.25404185e+02  1.79998596e+02
 8.31763771e+02  4.63856911e+01  8.31763771e+02  1.79998585e+02
 8.38172356e+02  4.63856911e+01  8.38172356e+02  1.79998575e+02
 8.44630319e+02  4.63856911e+01  8.44630319e+02  1.79998564e+02
 8.51138038e+02  4.63856911e+01  8.51138038e+02  1.79998552e+02
 8.57695899e+02  4.63856911e+01  8.57695899e+02  1.79998541e+02
 8.64304286e+02  4.63856911e+01  8.64304286e+02  1.79998530e+02
 8.70963590e+02  4.63856911e+01  8.70963590e+02  1.79998519e+02
 8.77674203e+02  4.63856911e+01  8.77674203e+02  1.79998507e+02
 8.84436519e+02  4.63856911e+01  8.84436519e+02  1.79998496e+02
 8.91250938e+02  4.63856911e+01  8.91250938e+02  1.79998484e+02
 8.98117861e+02  4.63856912e+01  8.98117861e+02  1.79998473e+02
 9.05037692e+02  4.63856912e+01  9.05037692e+02  1.79998461e+02
 9.12010839e+02  4.63856912e+01  9.12010839e+02  1.79998449e+02
 9.19037713e+02  4.63856912e+01  9.19037713e+02  1.79998437e+02
 9.26118728e+02  4.63856912e+01  9.26118728e+02  1.79998425e+02
 9.33254301e+02  4.63856912e+01  9.33254301e+02  1.79998413e+02
 9.40444852e+02  4.63856912e+01  9.40444852e+02  1.79998401e+02
 9.47690805e+02  4.63856912e+01  9.47690805e+02  1.79998388e+02
 9.54992586e+02  4.63856912e+01  9.54992586e+02  1.79998376e+02
 9.62350626e+02  4.63856913e+01  9.62350626e+02  1.79998363e+02
 9.69765359e+02  4.63856913e+01  9.69765359e+02  1.79998351e+02
 9.77237221e+02  4.63856913e+01  9.77237221e+02  1.79998338e+02
 9.84766652e+02  4.63856913e+01  9.84766652e+02  1.79998325e+02
 9.92354096e+02  4.63856913e+01  9.92354096e+02  1.79998312e+02
 1.00000000e+03  4.63856913e+01  1.00000000e+03  1.79998299e+02
 1.00770481e+03  4.63856913e+01  1.00770481e+03  1.79998286e+02
 1.01546899e+03  4.63856913e+01  1.01546899e+03  1.79998273e+02
 1.02329299e+03  4.63856913e+01  1.02329299e+03  1.79998260e+02
 1.03117727e+03  4.63856914e+01  1.03117727e+03  1.79998246e+02
 1.03912230e+03  4.63856914e+01  1.03912230e+03  1.79998233e+02
 1.04712855e+03  4.63856914e+01  1.04712855e+03  1.79998219e+02
 1.05519648e+03  4.63856914e+01  1.05519648e+03  1.79998205e+02
 1.06332657e+03  4.63856914e+01  1.06332657e+03  1.79998192e+02
 1.07151931e+03  4.63856914e+01  1.07151931e+03  1.79998178e+02
 1.07977516e+03  4.63856914e+01  1.07977516e+03  1.79998164e+02
 1.08809463e+03  4.63856915e+01  1.08809463e+03  1.79998149e+02
 1.09647820e+03  4.63856915e+01  1.09647820e+03  1.79998135e+02
 1.10492636e+03  4.63856915e+01  1.10492636e+03  1.79998121e+02
 1.11343961e+03  4.63856915e+01  1.11343961e+03  1.79998106e+02
 1.12201845e+03  4.63856915e+01  1.12201845e+03  1.79998092e+02
 1.13066340e+03  4.63856915e+01  1.13066340e+03  1.79998077e+02
 1.13937495e+03  4.63856915e+01  1.13937495e+03  1.79998062e+02
 1.14815362e+03  4.63856916e+01  1.14815362e+03  1.79998047e+02
 1.15699993e+03  4.63856916e+01  1.15699993e+03  1.79998032e+02
 1.16591440e+03  4.63856916e+01  1.16591440e+03  1.79998017e+02
 1.17489755e+03  4.63856916e+01  1.17489755e+03  1.79998002e+02
 1.18394992e+03  4.63856916e+01  1.18394992e+03  1.79997986e+02
 1.19307204e+03  4.63856916e+01  1.19307204e+03  1.79997971e+02
 1.20226443e+03  4.63856917e+01  1.20226443e+03  1.79997955e+02
 1.21152766e+03  4.63856917e+01  1.21152766e+03  1.79997940e+02
 1.22086225e+03  4.63856917e+01  1.22086225e+03  1.79997924e+02
 1.23026877e+03  4.63856917e+01  1.23026877e+03  1.79997908e+02
 1.23974776e+03  4.63856917e+01  1.23974776e+03  1.79997892e+02
 1.24929979e+03  4.63856917e+01  1.24929979e+03  1.79997875e+02
 1.25892541e+03  4.63856918e+01  1.25892541e+03  1.79997859e+02
 1.26862520e+03  4.63856918e+01  1.26862520e+03  1.79997842e+02
 1.27839972e+03  4.63856918e+01  1.27839972e+03  1.79997826e+02
 1.28824955e+03  4.63856918e+01  1.28824955e+03  1.79997809e+02
 1.29817528e+03  4.63856918e+01  1.29817528e+03  1.79997792e+02
 1.30817747e+03  4.63856919e+01  1.30817747e+03  1.79997775e+02
 1.31825674e+03  4.63856919e+01  1.31825674e+03  1.79997758e+02
 1.32841366e+03  4.63856919e+01  1.32841366e+03  1.79997741e+02
 1.33864884e+03  4.63856919e+01  1.33864884e+03  1.79997723e+02
 1.34896288e+03  4.63856919e+01  1.34896288e+03  1.79997706e+02
 1.35935639e+03  4.63856919e+01  1.35935639e+03  1.79997688e+02
 1.36982998e+03  4.63856920e+01  1.36982998e+03  1.79997670e+02
 1.38038426e+03  4.63856920e+01  1.38038426e+03  1.79997652e+02
 1.39101987e+03  4.63856920e+01  1.39101987e+03  1.79997634e+02
 1.40173742e+03  4.63856921e+01  1.40173742e+03  1.79997616e+02
 1.41253754e+03  4.63856921e+01  1.41253754e+03  1.79997598e+02
 1.42342088e+03  4.63856921e+01  1.42342088e+03  1.79997579e+02
 1.43438808e+03  4.63856921e+01  1.43438808e+03  1.79997561e+02
 1.44543977e+03  4.63856922e+01  1.44543977e+03  1.79997542e+02
 1.45657662e+03  4.63856922e+01  1.45657662e+03  1.79997523e+02
 1.46779927e+03  4.63856922e+01  1.46779927e+03  1.79997504e+02
 1.47910839e+03  4.63856922e+01  1.47910839e+03  1.79997485e+02
 1.49050464e+03  4.63856923e+01  1.49050464e+03  1.79997465e+02
 1.50198870e+03  4.63856923e+01  1.50198870e+03  1.79997446e+02
 1.51356125e+03  4.63856923e+01  1.51356125e+03  1.79997426e+02
 1.52522296e+03  4.63856923e+01  1.52522296e+03  1.79997406e+02
 1.53697452e+03  4.63856924e+01  1.53697452e+03  1.79997386e+02
 1.54881662e+03  4.63856924e+01  1.54881662e+03  1.79997366e+02
 1.56074996e+03  4.63856924e+01  1.56074996e+03  1.79997346e+02
 1.57277525e+03  4.63856925e+01  1.57277525e+03  1.79997325e+02
 1.58489319e+03  4.63856925e+01  1.58489319e+03  1.79997305e+02
 1.59710450e+03  4.63856925e+01  1.59710450e+03  1.79997284e+02
 1.60940989e+03  4.63856925e+01  1.60940989e+03  1.79997263e+02
 1.62181010e+03  4.63856926e+01  1.62181010e+03  1.79997242e+02
 1.63430584e+03  4.63856926e+01  1.63430584e+03  1.79997221e+02
 1.64689787e+03  4.63856926e+01  1.64689787e+03  1.79997199e+02
 1.65958691e+03  4.63856927e+01  1.65958691e+03  1.79997178e+02
 1.67237372e+03  4.63856927e+01  1.67237372e+03  1.79997156e+02
 1.68525904e+03  4.63856927e+01  1.68525904e+03  1.79997134e+02
 1.69824365e+03  4.63856928e+01  1.69824365e+03  1.79997112e+02
 1.71132830e+03  4.63856928e+01  1.71132830e+03  1.79997090e+02
 1.72451377e+03  4.63856929e+01  1.72451377e+03  1.79997067e+02
 1.73780083e+03  4.63856929e+01  1.73780083e+03  1.79997045e+02
 1.75119026e+03  4.63856929e+01  1.75119026e+03  1.79997022e+02
 1.76468286e+03  4.63856929e+01  1.76468286e+03  1.79996999e+02
 1.77827941e+03  4.63856930e+01  1.77827941e+03  1.79996976e+02
 1.79198072e+03  4.63856930e+01  1.79198072e+03  1.79996952e+02
 1.80578760e+03  4.63856931e+01  1.80578760e+03  1.79996929e+02
 1.81970086e+03  4.63856931e+01  1.81970086e+03  1.79996905e+02
 1.83372132e+03  4.63856931e+01  1.83372132e+03  1.79996881e+02
 1.84784980e+03  4.63856932e+01  1.84784980e+03  1.79996857e+02
 1.86208714e+03  4.63856932e+01  1.86208714e+03  1.79996833e+02
 1.87643417e+03  4.63856933e+01  1.87643417e+03  1.79996809e+02
 1.89089175e+03  4.63856933e+01  1.89089175e+03  1.79996784e+02
 1.90546072e+03  4.63856933e+01  1.90546072e+03  1.79996759e+02
 1.92014194e+03  4.63856934e+01  1.92014194e+03  1.79996734e+02
 1.93493628e+03  4.63856934e+01  1.93493628e+03  1.79996709e+02
 1.94984460e+03  4.63856935e+01  1.94984460e+03  1.79996684e+02
 1.96486779e+03  4.63856935e+01  1.96486779e+03  1.79996658e+02
 1.98000673e+03  4.63856936e+01  1.98000673e+03  1.79996633e+02
 1.99526231e+03  4.63856936e+01  1.99526231e+03  1.79996607e+02
 2.01063544e+03  4.63856936e+01  2.01063544e+03  1.79996581e+02
 2.02612701e+03  4.63856937e+01  2.02612701e+03  1.79996554e+02
 2.04173794e+03  4.63856938e+01  2.04173794e+03  1.79996528e+02
 2.05746916e+03  4.63856938e+01  2.05746916e+03  1.79996501e+02
 2.07332157e+03  4.63856938e+01  2.07332157e+03  1.79996474e+02
 2.08929613e+03  4.63856939e+01  2.08929613e+03  1.79996447e+02
 2.10539377e+03  4.63856940e+01  2.10539377e+03  1.79996419e+02
 2.12161544e+03  4.63856940e+01  2.12161544e+03  1.79996392e+02
 2.13796209e+03  4.63856940e+01  2.13796209e+03  1.79996364e+02
 2.15443469e+03  4.63856941e+01  2.15443469e+03  1.79996336e+02
 2.17103421e+03  4.63856942e+01  2.17103421e+03  1.79996308e+02
 2.18776162e+03  4.63856942e+01  2.18776162e+03  1.79996279e+02
 2.20461792e+03  4.63856943e+01  2.20461792e+03  1.79996251e+02
 2.22160409e+03  4.63856944e+01  2.22160409e+03  1.79996222e+02
 2.23872114e+03  4.63856944e+01  2.23872114e+03  1.79996193e+02
 2.25597007e+03  4.63856945e+01  2.25597007e+03  1.79996163e+02
 2.27335190e+03  4.63856945e+01  2.27335190e+03  1.79996134e+02
 2.29086765e+03  4.63856946e+01  2.29086765e+03  1.79996104e+02
 2.30851836e+03  4.63856947e+01  2.30851836e+03  1.79996074e+02
 2.32630507e+03  4.63856947e+01  2.32630507e+03  1.79996044e+02
 2.34422882e+03  4.63856948e+01  2.34422882e+03  1.79996013e+02
 2.36229066e+03  4.63856949e+01  2.36229066e+03  1.79995982e+02
 2.38049167e+03  4.63856949e+01  2.38049167e+03  1.79995952e+02
 2.39883292e+03  4.63856950e+01  2.39883292e+03  1.79995920e+02
 2.41731548e+03  4.63856950e+01  2.41731548e+03  1.79995889e+02
 2.43594045e+03  4.63856951e+01  2.43594045e+03  1.79995857e+02
 2.45470892e+03  4.63856952e+01  2.45470892e+03  1.79995825e+02
 2.47362199e+03  4.63856953e+01  2.47362199e+03  1.79995793e+02
 2.49268079e+03  4.63856953e+01  2.49268079e+03  1.79995761e+02
 2.51188643e+03  4.63856954e+01  2.51188643e+03  1.79995728e+02
 2.53124005e+03  4.63856955e+01  2.53124005e+03  1.79995695e+02
 2.55074278e+03  4.63856956e+01  2.55074278e+03  1.79995662e+02
 2.57039578e+03  4.63856957e+01  2.57039578e+03  1.79995629e+02
 2.59020020e+03  4.63856957e+01  2.59020020e+03  1.79995595e+02
 2.61015722e+03  4.63856958e+01  2.61015722e+03  1.79995561e+02
 2.63026799e+03  4.63856959e+01  2.63026799e+03  1.79995527e+02
 2.65053372e+03  4.63856960e+01  2.65053372e+03  1.79995492e+02
 2.67095559e+03  4.63856961e+01  2.67095559e+03  1.79995457e+02
 2.69153480e+03  4.63856961e+01  2.69153480e+03  1.79995423e+02
 2.71227258e+03  4.63856962e+01  2.71227258e+03  1.79995387e+02
 2.73317014e+03  4.63856963e+01  2.73317014e+03  1.79995352e+02
 2.75422870e+03  4.63856964e+01  2.75422870e+03  1.79995316e+02
 2.77544952e+03  4.63856965e+01  2.77544952e+03  1.79995280e+02
 2.79683385e+03  4.63856966e+01  2.79683385e+03  1.79995243e+02
 2.81838293e+03  4.63856967e+01  2.81838293e+03  1.79995207e+02
 2.84009805e+03  4.63856967e+01  2.84009805e+03  1.79995170e+02
 2.86198048e+03  4.63856969e+01  2.86198048e+03  1.79995133e+02
 2.88403150e+03  4.63856970e+01  2.88403150e+03  1.79995095e+02
 2.90625243e+03  4.63856971e+01  2.90625243e+03  1.79995057e+02
 2.92864456e+03  4.63856972e+01  2.92864456e+03  1.79995019e+02
 2.95120923e+03  4.63856973e+01  2.95120923e+03  1.79994981e+02
 2.97394775e+03  4.63856974e+01  2.97394775e+03  1.79994942e+02
 2.99686146e+03  4.63856975e+01  2.99686146e+03  1.79994903e+02
 3.01995172e+03  4.63856975e+01  3.01995172e+03  1.79994864e+02
 3.04321989e+03  4.63856977e+01  3.04321989e+03  1.79994824e+02
 3.06666733e+03  4.63856978e+01  3.06666733e+03  1.79994785e+02
 3.09029543e+03  4.63856979e+01  3.09029543e+03  1.79994744e+02
 3.11410558e+03  4.63856980e+01  3.11410558e+03  1.79994704e+02
 3.13809919e+03  4.63856981e+01  3.13809919e+03  1.79994663e+02
 3.16227766e+03  4.63856983e+01  3.16227766e+03  1.79994622e+02
 3.18664242e+03  4.63856984e+01  3.18664242e+03  1.79994580e+02
 3.21119491e+03  4.63856985e+01  3.21119491e+03  1.79994539e+02
 3.23593657e+03  4.63856986e+01  3.23593657e+03  1.79994497e+02
 3.26086886e+03  4.63856988e+01  3.26086886e+03  1.79994454e+02
 3.28599325e+03  4.63856990e+01  3.28599325e+03  1.79994411e+02
 3.31131121e+03  4.63856990e+01  3.31131121e+03  1.79994368e+02
 3.33682425e+03  4.63856992e+01  3.33682425e+03  1.79994325e+02
 3.36253386e+03  4.63856993e+01  3.36253386e+03  1.79994281e+02
 3.38844156e+03  4.63856994e+01  3.38844156e+03  1.79994237e+02
 3.41454887e+03  4.63856995e+01  3.41454887e+03  1.79994193e+02
 3.44085734e+03  4.63856997e+01  3.44085734e+03  1.79994148e+02
 3.46736850e+03  4.63856999e+01  3.46736850e+03  1.79994103e+02
 3.49408393e+03  4.63857001e+01  3.49408393e+03  1.79994058e+02
 3.52100520e+03  4.63857001e+01  3.52100520e+03  1.79994012e+02
 3.54813389e+03  4.63857004e+01  3.54813389e+03  1.79993966e+02
 3.57547160e+03  4.63857004e+01  3.57547160e+03  1.79993919e+02
 3.60301995e+03  4.63857005e+01  3.60301995e+03  1.79993872e+02
 3.63078055e+03  4.63857007e+01  3.63078055e+03  1.79993825e+02
 3.65875504e+03  4.63857008e+01  3.65875504e+03  1.79993778e+02
 3.68694506e+03  4.63857011e+01  3.68694506e+03  1.79993730e+02
 3.71535229e+03  4.63857012e+01  3.71535229e+03  1.79993681e+02
 3.74397839e+03  4.63857013e+01  3.74397839e+03  1.79993633e+02
 3.77282505e+03  4.63857016e+01  3.77282505e+03  1.79993584e+02
 3.80189396e+03  4.63857017e+01  3.80189396e+03  1.79993534e+02
 3.83118685e+03  4.63857019e+01  3.83118685e+03  1.79993484e+02
 3.86070543e+03  4.63857020e+01  3.86070543e+03  1.79993434e+02
 3.89045145e+03  4.63857023e+01  3.89045145e+03  1.79993383e+02
 3.92042666e+03  4.63857025e+01  3.92042666e+03  1.79993332e+02
 3.95063281e+03  4.63857026e+01  3.95063281e+03  1.79993281e+02
 3.98107171e+03  4.63857029e+01  3.98107171e+03  1.79993229e+02
 4.01174512e+03  4.63857030e+01  4.01174512e+03  1.79993177e+02
 4.04265487e+03  4.63857031e+01  4.04265487e+03  1.79993125e+02
 4.07380278e+03  4.63857033e+01  4.07380278e+03  1.79993072e+02
 4.10519067e+03  4.63857037e+01  4.10519067e+03  1.79993018e+02
 4.13682040e+03  4.63857037e+01  4.13682040e+03  1.79992965e+02
 4.16869383e+03  4.63857040e+01  4.16869383e+03  1.79992910e+02
 4.20081285e+03  4.63857043e+01  4.20081285e+03  1.79992856e+02
 4.23317933e+03  4.63857044e+01  4.23317933e+03  1.79992801e+02
 4.26579519e+03  4.63857045e+01  4.26579519e+03  1.79992745e+02
 4.29866235e+03  4.63857047e+01  4.29866235e+03  1.79992689e+02
 4.33178274e+03  4.63857051e+01  4.33178274e+03  1.79992633e+02
 4.36515832e+03  4.63857054e+01  4.36515832e+03  1.79992576e+02
 4.39879106e+03  4.63857054e+01  4.39879106e+03  1.79992519e+02
 4.43268292e+03  4.63857057e+01  4.43268292e+03  1.79992461e+02
 4.46683592e+03  4.63857060e+01  4.46683592e+03  1.79992403e+02
 4.50125206e+03  4.63857062e+01  4.50125206e+03  1.79992345e+02
 4.53593337e+03  4.63857065e+01  4.53593337e+03  1.79992286e+02
 4.57088190e+03  4.63857067e+01  4.57088190e+03  1.79992226e+02
 4.60609969e+03  4.63857070e+01  4.60609969e+03  1.79992166e+02
 4.64158883e+03  4.63857073e+01  4.64158883e+03  1.79992106e+02
 4.67735141e+03  4.63857073e+01  4.67735141e+03  1.79992045e+02
 4.71338954e+03  4.63857077e+01  4.71338954e+03  1.79991984e+02
 4.74970533e+03  4.63857081e+01  4.74970533e+03  1.79991922e+02
 4.78630092e+03  4.63857083e+01  4.78630092e+03  1.79991860e+02
 4.82317848e+03  4.63857084e+01  4.82317848e+03  1.79991797e+02
 4.86034018e+03  4.63857086e+01  4.86034018e+03  1.79991734e+02
 4.89778819e+03  4.63857090e+01  4.89778819e+03  1.79991670e+02
 4.93552474e+03  4.63857094e+01  4.93552474e+03  1.79991606e+02
 4.97355204e+03  4.63857095e+01  4.97355204e+03  1.79991542e+02
 5.01187234e+03  4.63857100e+01  5.01187234e+03  1.79991476e+02
 5.05048788e+03  4.63857103e+01  5.05048788e+03  1.79991411e+02
 5.08940095e+03  4.63857107e+01  5.08940095e+03  1.79991344e+02
 5.12861384e+03  4.63857110e+01  5.12861384e+03  1.79991278e+02
 5.16812886e+03  4.63857112e+01  5.16812886e+03  1.79991211e+02
 5.20794833e+03  4.63857115e+01  5.20794833e+03  1.79991143e+02
 5.24807460e+03  4.63857119e+01  5.24807460e+03  1.79991075e+02
 5.28851004e+03  4.63857123e+01  5.28851004e+03  1.79991006e+02
 5.32925703e+03  4.63857124e+01  5.32925703e+03  1.79990937e+02
 5.37031796e+03  4.63857129e+01  5.37031796e+03  1.79990867e+02
 5.41169527e+03  4.63857134e+01  5.41169527e+03  1.79990796e+02
 5.45339137e+03  4.63857134e+01  5.45339137e+03  1.79990725e+02
 5.49540874e+03  4.63857141e+01  5.49540874e+03  1.79990654e+02
 5.53774984e+03  4.63857141e+01  5.53774984e+03  1.79990582e+02
 5.58041717e+03  4.63857146e+01  5.58041717e+03  1.79990509e+02
 5.62341325e+03  4.63857150e+01  5.62341325e+03  1.79990436e+02
 5.66674061e+03  4.63857154e+01  5.66674061e+03  1.79990363e+02
 5.71040179e+03  4.63857156e+01  5.71040179e+03  1.79990288e+02
 5.75439937e+03  4.63857160e+01  5.75439937e+03  1.79990214e+02
 5.79873595e+03  4.63857166e+01  5.79873595e+03  1.79990138e+02
 5.84341413e+03  4.63857168e+01  5.84341413e+03  1.79990062e+02
 5.88843655e+03  4.63857176e+01  5.88843655e+03  1.79989985e+02
 5.93380586e+03  4.63857178e+01  5.93380586e+03  1.79989908e+02
 5.97952473e+03  4.63857182e+01  5.97952473e+03  1.79989831e+02
 6.02559586e+03  4.63857186e+01  6.02559586e+03  1.79989752e+02
 6.07202196e+03  4.63857193e+01  6.07202196e+03  1.79989673e+02
 6.11880576e+03  4.63857195e+01  6.11880576e+03  1.79989594e+02
 6.16595002e+03  4.63857202e+01  6.16595002e+03  1.79989513e+02
 6.21345752e+03  4.63857204e+01  6.21345752e+03  1.79989433e+02
 6.26133105e+03  4.63857209e+01  6.26133105e+03  1.79989351e+02
 6.30957344e+03  4.63857214e+01  6.30957344e+03  1.79989269e+02
 6.35818754e+03  4.63857216e+01  6.35818754e+03  1.79989187e+02
 6.40717619e+03  4.63857223e+01  6.40717619e+03  1.79989103e+02
 6.45654229e+03  4.63857228e+01  6.45654229e+03  1.79989019e+02
 6.50628875e+03  4.63857233e+01  6.50628875e+03  1.79988935e+02
 6.55641849e+03  4.63857238e+01  6.55641849e+03  1.79988849e+02
 6.60693448e+03  4.63857243e+01  6.60693448e+03  1.79988764e+02
 6.65783968e+03  4.63857249e+01  6.65783968e+03  1.79988677e+02
 6.70913710e+03  4.63857254e+01  6.70913710e+03  1.79988590e+02
 6.76082975e+03  4.63857259e+01  6.76082975e+03  1.79988502e+02
 6.81292069e+03  4.63857265e+01  6.81292069e+03  1.79988413e+02
 6.86541298e+03  4.63857273e+01  6.86541298e+03  1.79988324e+02
 6.91830971e+03  4.63857279e+01  6.91830971e+03  1.79988234e+02
 6.97161400e+03  4.63857279e+01  6.97161400e+03  1.79988143e+02
 7.02532899e+03  4.63857287e+01  7.02532899e+03  1.79988052e+02
 7.07945784e+03  4.63857293e+01  7.07945784e+03  1.79987960e+02
 7.13400375e+03  4.63857302e+01  7.13400375e+03  1.79987867e+02
 7.18896992e+03  4.63857308e+01  7.18896992e+03  1.79987774e+02
 7.24435960e+03  4.63857312e+01  7.24435960e+03  1.79987679e+02
 7.30017605e+03  4.63857315e+01  7.30017605e+03  1.79987585e+02
 7.35642254e+03  4.63857324e+01  7.35642254e+03  1.79987489e+02
 7.41310241e+03  4.63857331e+01  7.41310241e+03  1.79987392e+02
 7.47021899e+03  4.63857334e+01  7.47021899e+03  1.79987295e+02
 7.52777564e+03  4.63857341e+01  7.52777564e+03  1.79987198e+02
 7.58577575e+03  4.63857354e+01  7.58577575e+03  1.79987099e+02
 7.64422274e+03  4.63857358e+01  7.64422274e+03  1.79986999e+02
 7.70312006e+03  4.63857368e+01  7.70312006e+03  1.79986899e+02
 7.76247117e+03  4.63857375e+01  7.76247117e+03  1.79986798e+02
 7.82227956e+03  4.63857379e+01  7.82227956e+03  1.79986697e+02
 7.88254877e+03  4.63857386e+01  7.88254877e+03  1.79986594e+02
 7.94328235e+03  4.63857390e+01  7.94328235e+03  1.79986491e+02
 8.00448386e+03  4.63857398e+01  8.00448386e+03  1.79986387e+02
 8.06615692e+03  4.63857409e+01  8.06615692e+03  1.79986282e+02
 8.12830516e+03  4.63857413e+01  8.12830516e+03  1.79986176e+02
 8.19093224e+03  4.63857425e+01  8.19093224e+03  1.79986070e+02
 8.25404185e+03  4.63857437e+01  8.25404185e+03  1.79985962e+02
 8.31763771e+03  4.63857441e+01  8.31763771e+03  1.79985854e+02
 8.38172356e+03  4.63857449e+01  8.38172356e+03  1.79985745e+02
 8.44630319e+03  4.63857454e+01  8.44630319e+03  1.79985635e+02
 8.51138038e+03  4.63857466e+01  8.51138038e+03  1.79985525e+02
 8.57695899e+03  4.63857475e+01  8.57695899e+03  1.79985413e+02
 8.64304286e+03  4.63857484e+01  8.64304286e+03  1.79985301e+02
 8.70963590e+03  4.63857497e+01  8.70963590e+03  1.79985187e+02
 8.77674203e+03  4.63857497e+01  8.77674203e+03  1.79985073e+02
 8.84436519e+03  4.63857511e+01  8.84436519e+03  1.79984958e+02
 8.91250938e+03  4.63857520e+01  8.91250938e+03  1.79984842e+02
 8.98117861e+03  4.63857525e+01  8.98117861e+03  1.79984726e+02
 9.05037692e+03  4.63857535e+01  9.05037692e+03  1.79984608e+02
 9.12010839e+03  4.63857554e+01  9.12010839e+03  1.79984489e+02
 9.19037713e+03  4.63857554e+01  9.19037713e+03  1.79984370e+02
 9.26118728e+03  4.63857574e+01  9.26118728e+03  1.79984249e+02
 9.33254301e+03  4.63857580e+01  9.33254301e+03  1.79984128e+02
 9.40444852e+03  4.63857590e+01  9.40444852e+03  1.79984006e+02
 9.47690805e+03  4.63857596e+01  9.47690805e+03  1.79983883e+02
 9.54992586e+03  4.63857616e+01  9.54992586e+03  1.79983758e+02
 9.62350626e+03  4.63857622e+01  9.62350626e+03  1.79983633e+02
 9.69765359e+03  4.63857633e+01  9.69765359e+03  1.79983507e+02
 9.77237221e+03  4.63857645e+01  9.77237221e+03  1.79983380e+02
 9.84766652e+03  4.63857656e+01  9.84766652e+03  1.79983252e+02
 9.92354096e+03  4.63857668e+01  9.92354096e+03  1.79983123e+02
 1.00000000e+04  4.63857691e+01  1.00000000e+04  1.79982992e+02
 1.00770481e+04  4.63857697e+01  1.00770481e+04  1.79982862e+02
 1.01546899e+04  4.63857709e+01  1.01546899e+04  1.79982730e+02
 1.02329299e+04  4.63857710e+01  1.02329299e+04  1.79982597e+02
 1.03117727e+04  4.63857723e+01  1.03117727e+04  1.79982463e+02
 1.03912230e+04  4.63857729e+01  1.03912230e+04  1.79982328e+02
 1.04712855e+04  4.63857760e+01  1.04712855e+04  1.79982191e+02
 1.05519648e+04  4.63857767e+01  1.05519648e+04  1.79982054e+02
 1.06332657e+04  4.63857781e+01  1.06332657e+04  1.79981916e+02
 1.07151931e+04  4.63857788e+01  1.07151931e+04  1.79981777e+02
 1.07977516e+04  4.63857808e+01  1.07977516e+04  1.79981636e+02
 1.08809463e+04  4.63857815e+01  1.08809463e+04  1.79981495e+02
 1.09647820e+04  4.63857836e+01  1.09647820e+04  1.79981352e+02
 1.10492636e+04  4.63857850e+01  1.10492636e+04  1.79981208e+02
 1.11343961e+04  4.63857858e+01  1.11343961e+04  1.79981064e+02
 1.12201845e+04  4.63857887e+01  1.12201845e+04  1.79980917e+02
 1.13066340e+04  4.63857895e+01  1.13066340e+04  1.79980771e+02
 1.13937495e+04  4.63857910e+01  1.13937495e+04  1.79980622e+02
 1.14815362e+04  4.63857926e+01  1.14815362e+04  1.79980473e+02
 1.15699993e+04  4.63857934e+01  1.15699993e+04  1.79980323e+02
 1.16591440e+04  4.63857958e+01  1.16591440e+04  1.79980171e+02
 1.17489755e+04  4.63857974e+01  1.17489755e+04  1.79980018e+02
 1.18394992e+04  4.63857983e+01  1.18394992e+04  1.79979864e+02
 1.19307204e+04  4.63858007e+01  1.19307204e+04  1.79979709e+02
 1.20226443e+04  4.63858024e+01  1.20226443e+04  1.79979553e+02
 1.21152766e+04  4.63858042e+01  1.21152766e+04  1.79979395e+02
 1.22086225e+04  4.63858059e+01  1.22086225e+04  1.79979236e+02
 1.23026877e+04  4.63858069e+01  1.23026877e+04  1.79979077e+02
 1.23974776e+04  4.63858104e+01  1.23974776e+04  1.79978915e+02
 1.24929979e+04  4.63858122e+01  1.24929979e+04  1.79978753e+02
 1.25892541e+04  4.63858141e+01  1.25892541e+04  1.79978589e+02
 1.26862520e+04  4.63858151e+01  1.26862520e+04  1.79978424e+02
 1.27839972e+04  4.63858180e+01  1.27839972e+04  1.79978258e+02
 1.28824955e+04  4.63858181e+01  1.28824955e+04  1.79978090e+02
 1.29817528e+04  4.63858210e+01  1.29817528e+04  1.79977921e+02
 1.30817747e+04  4.63858230e+01  1.30817747e+04  1.79977751e+02
 1.31825674e+04  4.63858241e+01  1.31825674e+04  1.79977580e+02
 1.32841366e+04  4.63858271e+01  1.32841366e+04  1.79977407e+02
 1.33864884e+04  4.63858303e+01  1.33864884e+04  1.79977233e+02
 1.34896288e+04  4.63858314e+01  1.34896288e+04  1.79977058e+02
 1.35935639e+04  4.63858336e+01  1.35935639e+04  1.79976881e+02
 1.36982998e+04  4.63858358e+01  1.36982998e+04  1.79976703e+02
 1.38038426e+04  4.63858370e+01  1.38038426e+04  1.79976523e+02
 1.39101987e+04  4.63858403e+01  1.39101987e+04  1.79976342e+02
 1.40173742e+04  4.63858426e+01  1.40173742e+04  1.79976160e+02
 1.41253754e+04  4.63858450e+01  1.41253754e+04  1.79975976e+02
 1.42342088e+04  4.63858474e+01  1.42342088e+04  1.79975791e+02
 1.43438808e+04  4.63858510e+01  1.43438808e+04  1.79975604e+02
 1.44543977e+04  4.63858523e+01  1.44543977e+04  1.79975417e+02
 1.45657662e+04  4.63858560e+01  1.45657662e+04  1.79975227e+02
 1.46779927e+04  4.63858585e+01  1.46779927e+04  1.79975036e+02
 1.47910839e+04  4.63858599e+01  1.47910839e+04  1.79974844e+02
 1.49050464e+04  4.63858613e+01  1.49050464e+04  1.79974650e+02
 1.50198870e+04  4.63858652e+01  1.50198870e+04  1.79974455e+02
 1.51356125e+04  4.63858692e+01  1.51356125e+04  1.79974258e+02
 1.52522296e+04  4.63858693e+01  1.52522296e+04  1.79974060e+02
 1.53697452e+04  4.63858734e+01  1.53697452e+04  1.79973860e+02
 1.54881662e+04  4.63858762e+01  1.54881662e+04  1.79973658e+02
 1.56074996e+04  4.63858791e+01  1.56074996e+04  1.79973455e+02
 1.57277525e+04  4.63858820e+01  1.57277525e+04  1.79973251e+02
 1.58489319e+04  4.63858850e+01  1.58489319e+04  1.79973045e+02
 1.59710450e+04  4.63858880e+01  1.59710450e+04  1.79972837e+02
 1.60940989e+04  4.63858925e+01  1.60940989e+04  1.79972628e+02
 1.62181010e+04  4.63858941e+01  1.62181010e+04  1.79972417e+02
 1.63430584e+04  4.63858988e+01  1.63430584e+04  1.79972204e+02
 1.64689787e+04  4.63859020e+01  1.64689787e+04  1.79971990e+02
 1.65958691e+04  4.63859022e+01  1.65958691e+04  1.79971775e+02
 1.67237372e+04  4.63859070e+01  1.67237372e+04  1.79971557e+02
 1.68525904e+04  4.63859088e+01  1.68525904e+04  1.79971338e+02
 1.69824365e+04  4.63859138e+01  1.69824365e+04  1.79971117e+02
 1.71132830e+04  4.63859156e+01  1.71132830e+04  1.79970895e+02
 1.72451377e+04  4.63859224e+01  1.72451377e+04  1.79970670e+02
 1.73780083e+04  4.63859260e+01  1.73780083e+04  1.79970444e+02
 1.75119026e+04  4.63859279e+01  1.75119026e+04  1.79970216e+02
 1.76468286e+04  4.63859316e+01  1.76468286e+04  1.79969987e+02
 1.77827941e+04  4.63859353e+01  1.77827941e+04  1.79969755e+02
 1.79198072e+04  4.63859391e+01  1.79198072e+04  1.79969522e+02
 1.80578760e+04  4.63859448e+01  1.80578760e+04  1.79969287e+02
 1.81970086e+04  4.63859469e+01  1.81970086e+04  1.79969051e+02
 1.83372132e+04  4.63859508e+01  1.83372132e+04  1.79968812e+02
 1.84784980e+04  4.63859549e+01  1.84784980e+04  1.79968572e+02
 1.86208714e+04  4.63859589e+01  1.86208714e+04  1.79968330e+02
 1.87643417e+04  4.63859651e+01  1.87643417e+04  1.79968086e+02
 1.89089175e+04  4.63859693e+01  1.89089175e+04  1.79967840e+02
 1.90546072e+04  4.63859736e+01  1.90546072e+04  1.79967592e+02
 1.92014194e+04  4.63859739e+01  1.92014194e+04  1.79967343e+02
 1.93493628e+04  4.63859825e+01  1.93493628e+04  1.79967090e+02
 1.94984460e+04  4.63859827e+01  1.94984460e+04  1.79966837e+02
 1.96486779e+04  4.63859872e+01  1.96486779e+04  1.79966582e+02
 1.98000673e+04  4.63859918e+01  1.98000673e+04  1.79966324e+02
 1.99526231e+04  4.63860009e+01  1.99526231e+04  1.79966064e+02
 2.01063544e+04  4.63860035e+01  2.01063544e+04  1.79965803e+02
 2.02612701e+04  4.63860060e+01  2.02612701e+04  1.79965540e+02
 2.04173794e+04  4.63860156e+01  2.04173794e+04  1.79965274e+02
 2.05746916e+04  4.63860182e+01  2.05746916e+04  1.79965007e+02
 2.07332157e+04  4.63860209e+01  2.07332157e+04  1.79964737e+02
 2.08929613e+04  4.63860309e+01  2.08929613e+04  1.79964465e+02
 2.10539377e+04  4.63860312e+01  2.10539377e+04  1.79964192e+02
 2.12161544e+04  4.63860365e+01  2.12161544e+04  1.79963916e+02
 2.13796209e+04  4.63860418e+01  2.13796209e+04  1.79963638e+02
 2.15443469e+04  4.63860499e+01  2.15443469e+04  1.79963357e+02
 2.17103421e+04  4.63860528e+01  2.17103421e+04  1.79963075e+02
 2.18776162e+04  4.63860611e+01  2.18776162e+04  1.79962790e+02
 2.20461792e+04  4.63860641e+01  2.20461792e+04  1.79962504e+02
 2.22160409e+04  4.63860726e+01  2.22160409e+04  1.79962214e+02
 2.23872114e+04  4.63860785e+01  2.23872114e+04  1.79961923e+02
 2.25597007e+04  4.63860874e+01  2.25597007e+04  1.79961630e+02
 2.27335190e+04  4.63860906e+01  2.27335190e+04  1.79961334e+02
 2.29086765e+04  4.63860968e+01  2.29086765e+04  1.79961036e+02
 2.30851836e+04  4.63861031e+01  2.30851836e+04  1.79960736e+02
 2.32630507e+04  4.63861095e+01  2.32630507e+04  1.79960433e+02
 2.34422882e+04  4.63861159e+01  2.34422882e+04  1.79960129e+02
 2.36229066e+04  4.63861225e+01  2.36229066e+04  1.79959821e+02
 2.38049167e+04  4.63861324e+01  2.38049167e+04  1.79959511e+02
 2.39883292e+04  4.63861392e+01  2.39883292e+04  1.79959199e+02
 2.41731548e+04  4.63861396e+01  2.41731548e+04  1.79958886e+02
 2.43594045e+04  4.63861499e+01  2.43594045e+04  1.79958568e+02
 2.45470892e+04  4.63861570e+01  2.45470892e+04  1.79958249e+02
 2.47362199e+04  4.63861642e+01  2.47362199e+04  1.79957927e+02
 2.49268079e+04  4.63861715e+01  2.49268079e+04  1.79957603e+02
 2.51188643e+04  4.63861790e+01  2.51188643e+04  1.79957276e+02
 2.53124005e+04  4.63861829e+01  2.53124005e+04  1.79956948e+02
 2.55074278e+04  4.63861869e+01  2.55074278e+04  1.79956616e+02
 2.57039578e+04  4.63862020e+01  2.57039578e+04  1.79956281e+02
 2.59020020e+04  4.63862099e+01  2.59020020e+04  1.79955944e+02
 2.61015722e+04  4.63862179e+01  2.61015722e+04  1.79955605e+02
 2.63026799e+04  4.63862300e+01  2.63026799e+04  1.79955262e+02
 2.65053372e+04  4.63862344e+01  2.65053372e+04  1.79954918e+02
 2.67095559e+04  4.63862388e+01  2.67095559e+04  1.79954571e+02
 2.69153480e+04  4.63862554e+01  2.69153480e+04  1.79954220e+02
 2.71227258e+04  4.63862600e+01  2.71227258e+04  1.79953867e+02
 2.73317014e+04  4.63862646e+01  2.73317014e+04  1.79953512e+02
 2.75422870e+04  4.63862778e+01  2.75422870e+04  1.79953154e+02
 2.77544952e+04  4.63862868e+01  2.77544952e+04  1.79952793e+02
 2.79683385e+04  4.63863005e+01  2.79683385e+04  1.79952428e+02
 2.81838293e+04  4.63863054e+01  2.81838293e+04  1.79952062e+02
 2.84009805e+04  4.63863104e+01  2.84009805e+04  1.79951693e+02
 2.86198048e+04  4.63863200e+01  2.86198048e+04  1.79951321e+02
 2.88403150e+04  4.63863298e+01  2.88403150e+04  1.79950946e+02
 2.90625243e+04  4.63863396e+01  2.90625243e+04  1.79950568e+02
 2.92864456e+04  4.63863593e+01  2.92864456e+04  1.79950186e+02
 2.95120923e+04  4.63863599e+01  2.95120923e+04  1.79949803e+02
 2.97394775e+04  4.63863752e+01  2.97394775e+04  1.79949415e+02
 2.99686146e+04  4.63863858e+01  2.99686146e+04  1.79949026e+02
 3.01995172e+04  4.63863965e+01  3.01995172e+04  1.79948633e+02
 3.04321989e+04  4.63864075e+01  3.04321989e+04  1.79948237e+02
 3.06666733e+04  4.63864186e+01  3.06666733e+04  1.79947838e+02
 3.09029543e+04  4.63864298e+01  3.09029543e+04  1.79947436e+02
 3.11410558e+04  4.63864358e+01  3.11410558e+04  1.79947031e+02
 3.13809919e+04  4.63864529e+01  3.13809919e+04  1.79946623e+02
 3.16227766e+04  4.63864647e+01  3.16227766e+04  1.79946211e+02
 3.18664242e+04  4.63864766e+01  3.18664242e+04  1.79945797e+02
 3.21119491e+04  4.63864888e+01  3.21119491e+04  1.79945379e+02
 3.23593657e+04  4.63865011e+01  3.23593657e+04  1.79944958e+02
 3.26086886e+04  4.63865137e+01  3.26086886e+04  1.79944534e+02
 3.28599325e+04  4.63865264e+01  3.28599325e+04  1.79944106e+02
 3.31131121e+04  4.63865455e+01  3.31131121e+04  1.79943675e+02
 3.33682425e+04  4.63865588e+01  3.33682425e+04  1.79943241e+02
 3.36253386e+04  4.63865722e+01  3.36253386e+04  1.79942803e+02
 3.38844156e+04  4.63865794e+01  3.38844156e+04  1.79942363e+02
 3.41454887e+04  4.63865931e+01  3.41454887e+04  1.79941919e+02
 3.44085734e+04  4.63866071e+01  3.44085734e+04  1.79941471e+02
 3.46736850e+04  4.63866213e+01  3.46736850e+04  1.79941020e+02
 3.49408393e+04  4.63866288e+01  3.49408393e+04  1.79940566e+02
 3.52100520e+04  4.63866503e+01  3.52100520e+04  1.79940107e+02
 3.54813389e+04  4.63866651e+01  3.54813389e+04  1.79939646e+02
 3.57547160e+04  4.63866874e+01  3.57547160e+04  1.79939180e+02
 3.60301995e+04  4.63867028e+01  3.60301995e+04  1.79938711e+02
 3.63078055e+04  4.63867185e+01  3.63078055e+04  1.79938239e+02
 3.65875504e+04  4.63867268e+01  3.65875504e+04  1.79937763e+02
 3.68694506e+04  4.63867352e+01  3.68694506e+04  1.79937284e+02
 3.71535229e+04  4.63867592e+01  3.71535229e+04  1.79936800e+02
 3.74397839e+04  4.63867757e+01  3.74397839e+04  1.79936313e+02
 3.77282505e+04  4.63867925e+01  3.77282505e+04  1.79935822e+02
 3.80189396e+04  4.63868095e+01  3.80189396e+04  1.79935327e+02
 3.83118685e+04  4.63868268e+01  3.83118685e+04  1.79934829e+02
 3.86070543e+04  4.63868360e+01  3.86070543e+04  1.79934327e+02
 3.89045145e+04  4.63868622e+01  3.89045145e+04  1.79933820e+02
 3.92042666e+04  4.63868976e+01  3.92042666e+04  1.79933309e+02
 3.95063281e+04  4.63868900e+01  3.95063281e+04  1.79932796e+02
 3.98107171e+04  4.63869264e+01  3.98107171e+04  1.79932277e+02
 4.01174512e+04  4.63869455e+01  4.01174512e+04  1.79931755e+02
 4.04265487e+04  4.63869557e+01  4.04265487e+04  1.79931230e+02
 4.07380278e+04  4.63869753e+01  4.07380278e+04  1.79930700e+02
 4.10519067e+04  4.63869952e+01  4.10519067e+04  1.79930165e+02
 4.13682040e+04  4.63870250e+01  4.13682040e+04  1.79929626e+02
 4.16869383e+04  4.63870359e+01  4.16869383e+04  1.79929085e+02
 4.20081285e+04  4.63870468e+01  4.20081285e+04  1.79928538e+02
 4.23317933e+04  4.63870778e+01  4.23317933e+04  1.79927987e+02
 4.26579519e+04  4.63871095e+01  4.26579519e+04  1.79927431e+02
 4.29866235e+04  4.63871314e+01  4.29866235e+04  1.79926872e+02
 4.33178274e+04  4.63871537e+01  4.33178274e+04  1.79926308e+02
 4.36515832e+04  4.63871657e+01  4.36515832e+04  1.79925741e+02
 4.39879106e+04  4.63871994e+01  4.39879106e+04  1.79925167e+02
 4.43268292e+04  4.63872227e+01  4.43268292e+04  1.79924590e+02
 4.46683592e+04  4.63872240e+01  4.46683592e+04  1.79924010e+02
 4.50125206e+04  4.63872477e+01  4.50125206e+04  1.79923425e+02
 4.53593337e+04  4.63872718e+01  4.53593337e+04  1.79922834e+02
 4.57088190e+04  4.63872963e+01  4.57088190e+04  1.79922239e+02
 4.60609969e+04  4.63873330e+01  4.60609969e+04  1.79921639e+02
 4.64158883e+04  4.63873705e+01  4.64158883e+04  1.79921034e+02
 4.67735141e+04  4.63873965e+01  4.67735141e+04  1.79920425e+02
 4.71338954e+04  4.63874104e+01  4.71338954e+04  1.79919813e+02
 4.74970533e+04  4.63874370e+01  4.74970533e+04  1.79919194e+02
 4.78630092e+04  4.63874769e+01  4.78630092e+04  1.79918570e+02
 4.82317848e+04  4.63875046e+01  4.82317848e+04  1.79917943e+02
 4.86034018e+04  4.63875193e+01  4.86034018e+04  1.79917311e+02
 4.89778819e+04  4.63875477e+01  4.89778819e+04  1.79916673e+02
 4.93552474e+04  4.63875901e+01  4.93552474e+04  1.79916030e+02
 4.97355204e+04  4.63876056e+01  4.97355204e+04  1.79915383e+02
 5.01187234e+04  4.63876352e+01  5.01187234e+04  1.79914731e+02
 5.05048788e+04  4.63876653e+01  5.05048788e+04  1.79914073e+02
 5.08940095e+04  4.63876958e+01  5.08940095e+04  1.79913411e+02
 5.12861384e+04  4.63877416e+01  5.12861384e+04  1.79912742e+02
 5.16812886e+04  4.63877584e+01  5.16812886e+04  1.79912070e+02
 5.20794833e+04  4.63877903e+01  5.20794833e+04  1.79911392e+02
 5.24807460e+04  4.63878228e+01  5.24807460e+04  1.79910709e+02
 5.28851004e+04  4.63878558e+01  5.28851004e+04  1.79910020e+02
 5.32925703e+04  4.63878893e+01  5.32925703e+04  1.79909326e+02
 5.37031796e+04  4.63879233e+01  5.37031796e+04  1.79908627e+02
 5.41169527e+04  4.63879414e+01  5.41169527e+04  1.79907923e+02
 5.45339137e+04  4.63879929e+01  5.45339137e+04  1.79907213e+02
 5.49540874e+04  4.63880286e+01  5.49540874e+04  1.79906497e+02
 5.53774984e+04  4.63880475e+01  5.53774984e+04  1.79905777e+02
 5.58041717e+04  4.63881190e+01  5.58041717e+04  1.79905048e+02
 5.62341325e+04  4.63881210e+01  5.62341325e+04  1.79904318e+02
 5.66674061e+04  4.63881586e+01  5.66674061e+04  1.79903580e+02
 5.71040179e+04  4.63882151e+01  5.71040179e+04  1.79902835e+02
 5.75439937e+04  4.63882542e+01  5.75439937e+04  1.79902086e+02
 5.79873595e+04  4.63883127e+01  5.79873595e+04  1.79901330e+02
 5.84341413e+04  4.63883533e+01  5.84341413e+04  1.79900569e+02
 5.88843655e+04  4.63883750e+01  5.88843655e+04  1.79899803e+02
 5.93380586e+04  4.63884165e+01  5.93380586e+04  1.79899030e+02
 5.97952473e+04  4.63884386e+01  5.97952473e+04  1.79898252e+02
 6.02559586e+04  4.63885016e+01  6.02559586e+04  1.79897466e+02
 6.07202196e+04  4.63885451e+01  6.07202196e+04  1.79896676e+02
 6.11880576e+04  4.63886102e+01  6.11880576e+04  1.79895877e+02
 6.16595002e+04  4.63886126e+01  6.16595002e+04  1.79895076e+02
 6.21345752e+04  4.63886796e+01  6.21345752e+04  1.79894266e+02
 6.26133105e+04  4.63887038e+01  6.26133105e+04  1.79893451e+02
 6.30957344e+04  4.63887952e+01  6.30957344e+04  1.79892627e+02
 6.35818754e+04  4.63887978e+01  6.35818754e+04  1.79891801e+02
 6.40717619e+04  4.63888689e+01  6.40717619e+04  1.79890965e+02
 6.45654229e+04  4.63889181e+01  6.45654229e+04  1.79890124e+02
 6.50628875e+04  4.63889443e+01  6.50628875e+04  1.79889277e+02
 6.55641849e+04  4.63890429e+01  6.55641849e+04  1.79888421e+02
 6.60693448e+04  4.63890702e+01  6.60693448e+04  1.79887562e+02
 6.65783968e+04  4.63891225e+01  6.65783968e+04  1.79886694e+02
 6.70913710e+04  4.63892009e+01  6.70913710e+04  1.79885819e+02
 6.76082975e+04  4.63892295e+01  6.76082975e+04  1.79884939e+02
 6.81292069e+04  4.63892843e+01  6.81292069e+04  1.79884051e+02
 6.86541298e+04  4.63893399e+01  6.86541298e+04  1.79883157e+02
 6.91830971e+04  4.63893963e+01  6.91830971e+04  1.79882255e+02
 6.97161400e+04  4.63894810e+01  6.97161400e+04  1.79881345e+02
 7.02532899e+04  4.63895119e+01  7.02532899e+04  1.79880431e+02
 7.07945784e+04  4.63895710e+01  7.07945784e+04  1.79879508e+02
 7.13400375e+04  4.63896311e+01  7.13400375e+04  1.79878578e+02
 7.18896992e+04  4.63896630e+01  7.18896992e+04  1.79877642e+02
 7.24435960e+04  4.63897244e+01  7.24435960e+04  1.79876698e+02
 7.30017605e+04  4.63897869e+01  7.30017605e+04  1.79875747e+02
 7.35642254e+04  4.63899111e+01  7.35642254e+04  1.79874785e+02
 7.41310241e+04  4.63899455e+01  7.41310241e+04  1.79873820e+02
 7.47021899e+04  4.63900113e+01  7.47021899e+04  1.79872847e+02
 7.52777564e+04  4.63900782e+01  7.52777564e+04  1.79871865e+02
 7.58577575e+04  4.63900815e+01  7.58577575e+04  1.79870877e+02
 7.64422274e+04  4.63902150e+01  7.64422274e+04  1.79869880e+02
 7.70312006e+04  4.63902517e+01  7.70312006e+04  1.79868876e+02
 7.76247117e+04  4.63903561e+01  7.76247117e+04  1.79867863e+02
 7.82227956e+04  4.63903939e+01  7.82227956e+04  1.79866844e+02
 7.88254877e+04  4.63905017e+01  7.88254877e+04  1.79865815e+02
 7.94328235e+04  4.63905761e+01  7.94328235e+04  1.79864779e+02
 8.00448386e+04  4.63906517e+01  8.00448386e+04  1.79863735e+02
 8.06615692e+04  4.63907284e+01  8.06615692e+04  1.79862683e+02
 8.12830516e+04  4.63907692e+01  8.12830516e+04  1.79861624e+02
 8.19093224e+04  4.63908855e+01  8.19093224e+04  1.79860555e+02
 8.25404185e+04  4.63909277e+01  8.25404185e+04  1.79859479e+02
 8.31763771e+04  4.63910476e+01  8.31763771e+04  1.79858393e+02
 8.38172356e+04  4.63910515e+01  8.38172356e+04  1.79857301e+02
 8.44630319e+04  4.63912146e+01  8.44630319e+04  1.79856198e+02
 8.51138038e+04  4.63912594e+01  8.51138038e+04  1.79855089e+02
 8.57695899e+04  4.63913869e+01  8.57695899e+04  1.79853969e+02
 8.64304286e+04  4.63914751e+01  8.64304286e+04  1.79852841e+02
 8.70963590e+04  4.63915220e+01  8.70963590e+04  1.79851706e+02
 8.77674203e+04  4.63916555e+01  8.77674203e+04  1.79850559e+02
 8.84436519e+04  4.63917917e+01  8.84436519e+04  1.79849403e+02
 8.91250938e+04  4.63918861e+01  8.91250938e+04  1.79848240e+02
 8.98117861e+04  4.63919367e+01  8.98117861e+04  1.79847070e+02
 9.05037692e+04  4.63920333e+01  9.05037692e+04  1.79845889e+02
 9.12010839e+04  4.63921315e+01  9.12010839e+04  1.79844698e+02
 9.19037713e+04  4.63921837e+01  9.19037713e+04  1.79843500e+02
 9.26118728e+04  4.63923324e+01  9.26118728e+04  1.79842290e+02
 9.33254301e+04  4.63924352e+01  9.33254301e+04  1.79841071e+02
 9.40444852e+04  4.63925395e+01  9.40444852e+04  1.79839844e+02
 9.47690805e+04  4.63926456e+01  9.47690805e+04  1.79838606e+02
 9.54992586e+04  4.63928044e+01  9.54992586e+04  1.79837357e+02
 9.62350626e+04  4.63928624e+01  9.62350626e+04  1.79836103e+02
 9.69765359e+04  4.63929734e+01  9.69765359e+04  1.79834836e+02
 9.77237221e+04  4.63930862e+01  9.77237221e+04  1.79833560e+02
 9.84766652e+04  4.63931461e+01  9.84766652e+04  1.79832275e+02
 9.92354096e+04  4.63933169e+01  9.92354096e+04  1.79830978e+02
 1.00000000e+05  4.63934348e+01  1.00000000e+05  1.79829672e+02
 1.00770481e+05  4.63935546e+01  1.00770481e+05  1.79828355e+02
 1.01546899e+05  4.63936763e+01  1.01546899e+05  1.79827029e+02
 1.02329299e+05  4.63938588e+01  1.02329299e+05  1.79825689e+02
 1.03117727e+05  4.63939254e+01  1.03117727e+05  1.79824344e+02
 1.03912230e+05  4.63939923e+01  1.03912230e+05  1.79822987e+02
 1.04712855e+05  4.63941823e+01  1.04712855e+05  1.79821618e+02
 1.05519648e+05  4.63942512e+01  1.05519648e+05  1.79820240e+02
 1.06332657e+05  4.63943838e+01  1.06332657e+05  1.79818850e+02
 1.07151931e+05  4.63945183e+01  1.07151931e+05  1.79817450e+02
 1.07977516e+05  4.63947204e+01  1.07977516e+05  1.79816037e+02
 1.08809463e+05  4.63948601e+01  1.08809463e+05  1.79814615e+02
 1.09647820e+05  4.63950021e+01  1.09647820e+05  1.79813181e+02
 1.10492636e+05  4.63951462e+01  1.10492636e+05  1.79811736e+02
 1.11343961e+05  4.63952925e+01  1.11343961e+05  1.79810280e+02
 1.12201845e+05  4.63954411e+01  1.12201845e+05  1.79808813e+02
 1.13066340e+05  4.63955921e+01  1.13066340e+05  1.79807334e+02
 1.13937495e+05  4.63956724e+01  1.13937495e+05  1.79805845e+02
 1.14815362e+05  4.63959749e+01  1.14815362e+05  1.79804339e+02
 1.15699993e+05  4.63961342e+01  1.15699993e+05  1.79802825e+02
 1.16591440e+05  4.63962195e+01  1.16591440e+05  1.79801303e+02
 1.17489755e+05  4.63963048e+01  1.17489755e+05  1.79799766e+02
 1.18394992e+05  4.63964693e+01  1.18394992e+05  1.79798217e+02
 1.19307204e+05  4.63967159e+01  1.19307204e+05  1.79796655e+02
 1.20226443e+05  4.63968866e+01  1.20226443e+05  1.79795081e+02
 1.21152766e+05  4.63970600e+01  1.21152766e+05  1.79793495e+02
 1.22086225e+05  4.63973197e+01  1.22086225e+05  1.79791893e+02
 1.23026877e+05  4.63974146e+01  1.23026877e+05  1.79790286e+02
 1.23974776e+05  4.63975961e+01  1.23974776e+05  1.79788663e+02
 1.24929979e+05  4.63977803e+01  1.24929979e+05  1.79787027e+02
 1.25892541e+05  4.63980565e+01  1.25892541e+05  1.79785374e+02
 1.26862520e+05  4.63981577e+01  1.26862520e+05  1.79783716e+02
 1.27839972e+05  4.63982587e+01  1.27839972e+05  1.79782043e+02
 1.28824955e+05  4.63985465e+01  1.28824955e+05  1.79780354e+02
 1.29817528e+05  4.63987455e+01  1.29817528e+05  1.79778653e+02
 1.30817747e+05  4.63989477e+01  1.30817747e+05  1.79776939e+02
 1.31825674e+05  4.63992506e+01  1.31825674e+05  1.79775206e+02
 1.32841366e+05  4.63993614e+01  1.32841366e+05  1.79773470e+02
 1.33864884e+05  4.63995730e+01  1.33864884e+05  1.79771715e+02
 1.34896288e+05  4.63996859e+01  1.34896288e+05  1.79769947e+02
 1.35935639e+05  4.63999023e+01  1.35935639e+05  1.79768164e+02
 1.36982998e+05  4.64002278e+01  1.36982998e+05  1.79766367e+02
 1.38038426e+05  4.64003457e+01  1.38038426e+05  1.79764558e+02
 1.39101987e+05  4.64005728e+01  1.39101987e+05  1.79762733e+02
 1.40173742e+05  4.64010240e+01  1.40173742e+05  1.79760888e+02
 1.41253754e+05  4.64010372e+01  1.41253754e+05  1.79759040e+02
 1.42342088e+05  4.64013885e+01  1.42342088e+05  1.79757172e+02
 1.43438808e+05  4.64017473e+01  1.43438808e+05  1.79755284e+02
 1.44543977e+05  4.64019958e+01  1.44543977e+05  1.79753386e+02
 1.45657662e+05  4.64021290e+01  1.45657662e+05  1.79751479e+02
 1.46779927e+05  4.64025046e+01  1.46779927e+05  1.79749546e+02
 1.47910839e+05  4.64027650e+01  1.47910839e+05  1.79747604e+02
 1.49050464e+05  4.64027798e+01  1.49050464e+05  1.79745652e+02
 1.50198870e+05  4.64032979e+01  1.50198870e+05  1.79743673e+02
 1.51356125e+05  4.64033131e+01  1.51356125e+05  1.79741691e+02
 1.52522296e+05  4.64037166e+01  1.52522296e+05  1.79739686e+02
 1.53697452e+05  4.64039957e+01  1.53697452e+05  1.79737666e+02
 1.54881662e+05  4.64041447e+01  1.54881662e+05  1.79735630e+02
 1.56074996e+05  4.64044302e+01  1.56074996e+05  1.79733578e+02
 1.57277525e+05  4.64048593e+01  1.57277525e+05  1.79731510e+02
 1.58489319e+05  4.64051564e+01  1.58489319e+05  1.79729425e+02
 1.59710450e+05  4.64056011e+01  1.59710450e+05  1.79727318e+02
 1.60940989e+05  4.64056183e+01  1.60940989e+05  1.79725207e+02
 1.62181010e+05  4.64062224e+01  1.62181010e+05  1.79723066e+02
 1.63430584e+05  4.64062403e+01  1.63430584e+05  1.79720922e+02
 1.64689787e+05  4.64067110e+01  1.64689787e+05  1.79718754e+02
 1.65958691e+05  4.64071910e+01  1.65958691e+05  1.79716561e+02
 1.67237372e+05  4.64073670e+01  1.67237372e+05  1.79714367e+02
 1.68525904e+05  4.64078623e+01  1.68525904e+05  1.79712139e+02
 1.69824365e+05  4.64080439e+01  1.69824365e+05  1.79709910e+02
 1.71132830e+05  4.64083898e+01  1.71132830e+05  1.79707655e+02
 1.72451377e+05  4.64085744e+01  1.72451377e+05  1.79705382e+02
 1.73780083e+05  4.64089289e+01  1.73780083e+05  1.79703091e+02
 1.75119026e+05  4.64094609e+01  1.75119026e+05  1.79700782e+02
 1.76468286e+05  4.64100043e+01  1.76468286e+05  1.79698446e+02
 1.77827941e+05  4.64102033e+01  1.77827941e+05  1.79696109e+02
 1.79198072e+05  4.64105832e+01  1.79198072e+05  1.79693745e+02
 1.80578760e+05  4.64109688e+01  1.80578760e+05  1.79691362e+02
 1.81970086e+05  4.64111746e+01  1.81970086e+05  1.79688960e+02
 1.83372132e+05  4.64117581e+01  1.83372132e+05  1.79686539e+02
 1.84784980e+05  4.64123540e+01  1.84784980e+05  1.79684089e+02
 1.86208714e+05  4.64123771e+01  1.86208714e+05  1.79681639e+02
 1.87643417e+05  4.64129885e+01  1.87643417e+05  1.79679160e+02
 1.89089175e+05  4.64134113e+01  1.89089175e+05  1.79676661e+02
 1.90546072e+05  4.64138410e+01  1.90546072e+05  1.79674143e+02
 1.92014194e+05  4.64140700e+01  1.92014194e+05  1.79671603e+02
 1.93493628e+05  4.64147202e+01  1.93493628e+05  1.79669045e+02
 1.94984460e+05  4.64151695e+01  1.94984460e+05  1.79666466e+02
 1.96486779e+05  4.64156264e+01  1.96486779e+05  1.79663866e+02
 1.98000673e+05  4.64160905e+01  1.98000673e+05  1.79661245e+02
 1.99526231e+05  4.64165618e+01  1.99526231e+05  1.79658603e+02
 2.01063544e+05  4.64170399e+01  2.01063544e+05  1.79655941e+02
 2.02612701e+05  4.64172947e+01  2.02612701e+05  1.79653255e+02
 2.04173794e+05  4.64180192e+01  2.04173794e+05  1.79650551e+02
 2.05746916e+05  4.64187576e+01  2.05746916e+05  1.79647812e+02
 2.07332157e+05  4.64190289e+01  2.07332157e+05  1.79645075e+02
 2.08929613e+05  4.64195454e+01  2.08929613e+05  1.79642304e+02
 2.10539377e+05  4.64198212e+01  2.10539377e+05  1.79639510e+02
 2.12161544e+05  4.64206029e+01  2.12161544e+05  1.79636696e+02
 2.13796209e+05  4.64208871e+01  2.13796209e+05  1.79633856e+02
 2.15443469e+05  4.64216936e+01  2.15443469e+05  1.79630997e+02
 2.17103421e+05  4.64222517e+01  2.17103421e+05  1.79628113e+02
 2.18776162e+05  4.64228185e+01  2.18776162e+05  1.79625206e+02
 2.20461792e+05  4.64233941e+01  2.20461792e+05  1.79622276e+02
 2.22160409e+05  4.64242558e+01  2.22160409e+05  1.79619307e+02
 2.23872114e+05  4.64248538e+01  2.23872114e+05  1.79616329e+02
 2.25597007e+05  4.64251749e+01  2.25597007e+05  1.79613343e+02
 2.27335190e+05  4.64257872e+01  2.27335190e+05  1.79610317e+02
 2.29086765e+05  4.64261142e+01  2.29086765e+05  1.79607263e+02
 2.30851836e+05  4.64270401e+01  2.30851836e+05  1.79604192e+02
 2.32630507e+05  4.64276811e+01  2.32630507e+05  1.79601092e+02
 2.34422882e+05  4.64286408e+01  2.34422882e+05  1.79597950e+02
 2.36229066e+05  4.64293073e+01  2.36229066e+05  1.79594799e+02
 2.38049167e+05  4.64296650e+01  2.38049167e+05  1.79591641e+02
 2.39883292e+05  4.64303471e+01  2.39883292e+05  1.79588440e+02
 2.41731548e+05  4.64310396e+01  2.41731548e+05  1.79585213e+02
 2.43594045e+05  4.64314100e+01  2.43594045e+05  1.79581955e+02
 2.45470892e+05  4.64327957e+01  2.45470892e+05  1.79578660e+02
 2.47362199e+05  4.64331827e+01  2.47362199e+05  1.79575373e+02
 2.49268079e+05  4.64335701e+01  2.49268079e+05  1.79572035e+02
 2.51188643e+05  4.64346676e+01  2.51188643e+05  1.79568679e+02
 2.53124005e+05  4.64354274e+01  2.53124005e+05  1.79565291e+02
 2.55074278e+05  4.64361985e+01  2.55074278e+05  1.79561875e+02
 2.57039578e+05  4.64373537e+01  2.57039578e+05  1.79558410e+02
 2.59020020e+05  4.64377780e+01  2.59020020e+05  1.79554960e+02
 2.61015722e+05  4.64385865e+01  2.61015722e+05  1.79551460e+02
 2.63026799e+05  4.64394070e+01  2.63026799e+05  1.79547932e+02
 2.65053372e+05  4.64402399e+01  2.65053372e+05  1.79544374e+02
 2.67095559e+05  4.64406863e+01  2.67095559e+05  1.79540781e+02
 2.69153480e+05  4.64419465e+01  2.69153480e+05  1.79537172e+02
 2.71227258e+05  4.64424070e+01  2.71227258e+05  1.79533519e+02
 2.73317014e+05  4.64437058e+01  2.73317014e+05  1.79529850e+02
 2.75422870e+05  4.64446063e+01  2.75422870e+05  1.79526144e+02
 2.77544952e+05  4.64455207e+01  2.77544952e+05  1.79522408e+02
 2.79683385e+05  4.64468892e+01  2.79683385e+05  1.79518613e+02
 2.81838293e+05  4.64473922e+01  2.81838293e+05  1.79514842e+02
 2.84009805e+05  4.64483518e+01  2.84009805e+05  1.79511013e+02
 2.86198048e+05  4.64493237e+01  2.86198048e+05  1.79507151e+02
 2.88403150e+05  4.64498443e+01  2.88403150e+05  1.79503249e+02
 2.90625243e+05  4.64513158e+01  2.90625243e+05  1.79499332e+02
 2.92864456e+05  4.64523341e+01  2.92864456e+05  1.79495374e+02
 2.95120923e+05  4.64523906e+01  2.95120923e+05  1.79491323e+02
 2.97394775e+05  4.64539227e+01  2.97394775e+05  1.79487349e+02
 2.99686146e+05  4.64554875e+01  2.99686146e+05  1.79483301e+02
 3.01995172e+05  4.64560592e+01  3.01995172e+05  1.79479200e+02
 3.04321989e+05  4.64571526e+01  3.04321989e+05  1.79475074e+02
 3.06666733e+05  4.64593194e+01  3.06666733e+05  1.79470889e+02
 3.09029543e+05  4.64593891e+01  3.09029543e+05  1.79466718e+02
 3.11410558e+05  4.64610788e+01  3.11410558e+05  1.79462500e+02
 3.13809919e+05  4.64628043e+01  3.13809919e+05  1.79458196e+02
 3.16227766e+05  4.64628789e+01  3.16227766e+05  1.79453921e+02
 3.18664242e+05  4.64646474e+01  3.18664242e+05  1.79449596e+02
 3.21119491e+05  4.64652962e+01  3.21119491e+05  1.79445209e+02
 3.23593657e+05  4.64671209e+01  3.23593657e+05  1.79440811e+02
 3.26086886e+05  4.64677894e+01  3.26086886e+05  1.79436350e+02
 3.28599325e+05  4.64696723e+01  3.28599325e+05  1.79431878e+02
 3.31131121e+05  4.64703609e+01  3.31131121e+05  1.79427340e+02
 3.33682425e+05  4.64723028e+01  3.33682425e+05  1.79422793e+02
 3.36253386e+05  4.64742847e+01  3.36253386e+05  1.79418147e+02
 3.38844156e+05  4.64743713e+01  3.38844156e+05  1.79413538e+02
 3.41454887e+05  4.64764058e+01  3.41454887e+05  1.79408875e+02
 3.44085734e+05  4.64778176e+01  3.44085734e+05  1.79404156e+02
 3.46736850e+05  4.64785734e+01  3.46736850e+05  1.79399380e+02
 3.49408393e+05  4.64807038e+01  3.49408393e+05  1.79394598e+02
 3.52100520e+05  4.64814865e+01  3.52100520e+05  1.79389739e+02
 3.54813389e+05  4.64836826e+01  3.54813389e+05  1.79384876e+02
 3.57547160e+05  4.64844902e+01  3.57547160e+05  1.79379932e+02
 3.60301995e+05  4.64867554e+01  3.60301995e+05  1.79374986e+02
 3.63078055e+05  4.64883279e+01  3.63078055e+05  1.79369977e+02
 3.65875504e+05  4.64899245e+01  3.65875504e+05  1.79364925e+02
 3.68694506e+05  4.64915469e+01  3.68694506e+05  1.79359829e+02
 3.71535229e+05  4.64939695e+01  3.71535229e+05  1.79354629e+02
 3.74397839e+05  4.64940811e+01  3.74397839e+05  1.79349482e+02
 3.77282505e+05  4.64965662e+01  3.77282505e+05  1.79344276e+02
 3.80189396e+05  4.64982932e+01  3.80189396e+05  1.79339001e+02
 3.83118685e+05  4.65000475e+01  3.83118685e+05  1.79333681e+02
 3.86070543e+05  4.65026643e+01  3.86070543e+05  1.79328246e+02
 3.89045145e+05  4.65044859e+01  3.89045145e+05  1.79322831e+02
 3.92042666e+05  4.65054735e+01  3.92042666e+05  1.79317439e+02
 3.95063281e+05  4.65073381e+01  3.95063281e+05  1.79311930e+02
 3.98107171e+05  4.65101218e+01  3.98107171e+05  1.79306299e+02
 4.01174512e+05  4.65111582e+01  4.01174512e+05  1.79300766e+02
 4.04265487e+05  4.65121945e+01  4.04265487e+05  1.79295081e+02
 4.07380278e+05  4.65141669e+01  4.07380278e+05  1.79289374e+02
 4.10519067e+05  4.65171147e+01  4.10519067e+05  1.79283649e+02
 4.13682040e+05  4.65191628e+01  4.13682040e+05  1.79277841e+02
 4.16869383e+05  4.65222192e+01  4.16869383e+05  1.79271899e+02
 4.20081285e+05  4.65243479e+01  4.20081285e+05  1.79265986e+02
 4.23317933e+05  4.65265098e+01  4.23317933e+05  1.79260020e+02
 4.26579519e+05  4.65287056e+01  4.26579519e+05  1.79254001e+02
 4.29866235e+05  4.65309349e+01  4.29866235e+05  1.79247929e+02
 4.33178274e+05  4.65310924e+01  4.33178274e+05  1.79241857e+02
 4.36515832e+05  4.65344323e+01  4.36515832e+05  1.79235714e+02
 4.39879106e+05  4.65367527e+01  4.39879106e+05  1.79229478e+02
 4.43268292e+05  4.65391081e+01  4.43268292e+05  1.79223186e+02
 4.46683592e+05  4.65426246e+01  4.46683592e+05  1.79216734e+02
 4.50125206e+05  4.65439346e+01  4.50125206e+05  1.79210429e+02
 4.53593337e+05  4.65452499e+01  4.53593337e+05  1.79203920e+02
 4.57088190e+05  4.65489150e+01  4.57088190e+05  1.79197440e+02
 4.60609969e+05  4.65514650e+01  4.60609969e+05  1.79190856e+02
 4.64158883e+05  4.65552623e+01  4.64158883e+05  1.79184097e+02
 4.67735141e+05  4.65566819e+01  4.67735141e+05  1.79177506e+02
 4.71338954e+05  4.65606012e+01  4.71338954e+05  1.79170620e+02
 4.74970533e+05  4.65608017e+01  4.74970533e+05  1.79163859e+02
 4.78630092e+05  4.65648226e+01  4.78630092e+05  1.79157018e+02
 4.82317848e+05  4.65663151e+01  4.82317848e+05  1.79150008e+02
 4.86034018e+05  4.65704670e+01  4.86034018e+05  1.79143041e+02
 4.89778819e+05  4.65733553e+01  4.89778819e+05  1.79135954e+02
 4.93552474e+05  4.65776592e+01  4.93552474e+05  1.79128665e+02
 4.97355204e+05  4.65806596e+01  4.97355204e+05  1.79121442e+02
 5.01187234e+05  4.65822990e+01  5.01187234e+05  1.79114295e+02
 5.05048788e+05  4.65868061e+01  5.05048788e+05  1.79106793e+02
 5.08940095e+05  4.65884985e+01  5.08940095e+05  1.79099513e+02
 5.12861384e+05  4.65916711e+01  5.12861384e+05  1.79092018e+02
 5.16812886e+05  4.65948940e+01  5.16812886e+05  1.79084451e+02
 5.20794833e+05  4.65996957e+01  5.20794833e+05  1.79076652e+02
 5.24807460e+05  4.66030452e+01  5.24807460e+05  1.79068937e+02
 5.28851004e+05  4.66048784e+01  5.28851004e+05  1.79061314e+02
 5.32925703e+05  4.66083107e+01  5.32925703e+05  1.79053454e+02
 5.37031796e+05  4.66134213e+01  5.37031796e+05  1.79045343e+02
 5.41169527e+05  4.66153426e+01  5.41169527e+05  1.79037505e+02
 5.45339137e+05  4.66206148e+01  5.45339137e+05  1.79029231e+02
 5.49540874e+05  4.66226027e+01  5.49540874e+05  1.79021244e+02
 5.53774984e+05  4.66280375e+01  5.53774984e+05  1.79012805e+02
 5.58041717e+05  4.66300879e+01  5.58041717e+05  1.79004667e+02
 5.62341325e+05  4.66356955e+01  5.62341325e+05  1.78996056e+02
 5.66674061e+05  4.66396205e+01  5.66674061e+05  1.78987557e+02
 5.71040179e+05  4.66399440e+01  5.71040179e+05  1.78979092e+02
 5.75439937e+05  4.66476560e+01  5.75439937e+05  1.78970307e+02
 5.79873595e+05  4.66517676e+01  5.79873595e+05  1.78961554e+02
 5.84341413e+05  4.66540260e+01  5.84341413e+05  1.78952936e+02
 5.88843655e+05  4.66582466e+01  5.88843655e+05  1.78944011e+02
 5.93380586e+05  4.66645042e+01  5.93380586e+05  1.78934764e+02
 5.97952473e+05  4.66668803e+01  5.97952473e+05  1.78925892e+02
 6.02559586e+05  4.66692603e+01  6.02559586e+05  1.78916587e+02
 6.07202196e+05  4.66737210e+01  6.07202196e+05  1.78907294e+02
 6.11880576e+05  4.66824541e+01  6.11880576e+05  1.78897765e+02
 6.16595002e+05  4.66871235e+01  6.16595002e+05  1.78888279e+02
 6.21345752e+05  4.66896960e+01  6.21345752e+05  1.78878963e+02
 6.26133105e+05  4.66944831e+01  6.26133105e+05  1.78869286e+02
 6.30957344e+05  4.66993464e+01  6.30957344e+05  1.78859510e+02
 6.35818754e+05  4.67020159e+01  6.35818754e+05  1.78849504e+02
 6.40717619e+05  4.67093062e+01  6.40717619e+05  1.78839652e+02
 6.45654229e+05  4.67167480e+01  6.45654229e+05  1.78829267e+02
 6.50628875e+05  4.67195842e+01  6.50628875e+05  1.78819377e+02
 6.55641849e+05  4.67248519e+01  6.55641849e+05  1.78809079e+02
 6.60693448e+05  4.67326561e+01  6.60693448e+05  1.78798351e+02
 6.65783968e+05  4.67381234e+01  6.65783968e+05  1.78787829e+02
 6.70913710e+05  4.67436867e+01  6.70913710e+05  1.78777192e+02
 6.76082975e+05  4.67442017e+01  6.76082975e+05  1.78766629e+02
 6.81292069e+05  4.67524750e+01  6.81292069e+05  1.78755927e+02
 6.86541298e+05  4.67609149e+01  6.86541298e+05  1.78744593e+02
 6.91830971e+05  4.67668403e+01  6.91830971e+05  1.78733491e+02
 6.97161400e+05  4.67701421e+01  6.97161400e+05  1.78722642e+02
 7.02532899e+05  4.67762197e+01  7.02532899e+05  1.78711306e+02
 7.07945784e+05  4.67852101e+01  7.07945784e+05  1.78699452e+02
 7.13400375e+05  4.67943832e+01  7.13400375e+05  1.78686868e+02
 7.18896992e+05  4.67921535e+01  7.18896992e+05  1.78676353e+02
 7.24435960e+05  4.68015399e+01  7.24435960e+05  1.78664695e+02
 7.30017605e+05  4.68111213e+01  7.30017605e+05  1.78652285e+02
 7.35642254e+05  4.68148236e+01  7.35642254e+05  1.78640604e+02
 7.41310241e+05  4.68247125e+01  7.41310241e+05  1.78627904e+02
 7.47021899e+05  4.68285398e+01  7.47021899e+05  1.78615968e+02
 7.52777564e+05  4.68355657e+01  7.52777564e+05  1.78603440e+02
 7.58577575e+05  4.68427111e+01  7.58577575e+05  1.78590768e+02
 7.64422274e+05  4.68499704e+01  7.64422274e+05  1.78577951e+02
 7.70312006e+05  4.68540073e+01  7.70312006e+05  1.78564754e+02
 7.76247117e+05  4.68682226e+01  7.76247117e+05  1.78551354e+02
 7.82227956e+05  4.68724606e+01  7.82227956e+05  1.78538604e+02
 7.88254877e+05  4.68767129e+01  7.88254877e+05  1.78524932e+02
 7.94328235e+05  4.68916150e+01  7.94328235e+05  1.78511047e+02
 8.00448386e+05  4.68960714e+01  8.00448386e+05  1.78497860e+02
 8.06615692e+05  4.69042025e+01  8.06615692e+05  1.78483957e+02
 8.12830516e+05  4.69124678e+01  8.12830516e+05  1.78469886e+02
 8.19093224e+05  4.69246356e+01  8.19093224e+05  1.78455039e+02
 8.25404185e+05  4.69293985e+01  8.25404185e+05  1.78441237e+02
 8.31763771e+05  4.69380800e+01  8.31763771e+05  1.78426652e+02
 8.38172356e+05  4.69429540e+01  8.38172356e+05  1.78411590e+02
 8.44630319e+05  4.69518516e+01  8.44630319e+05  1.78396639e+02
 8.51138038e+05  4.69649800e+01  8.51138038e+05  1.78381819e+02
 8.57695899e+05  4.69783721e+01  8.57695899e+05  1.78365807e+02
 8.64304286e+05  4.69794652e+01  8.64304286e+05  1.78350671e+02
 8.70963590e+05  4.69932359e+01  8.70963590e+05  1.78335300e+02
 8.77674203e+05  4.70072862e+01  8.77674203e+05  1.78318657e+02
 8.84436519e+05  4.70128660e+01  8.84436519e+05  1.78303305e+02
 8.91250938e+05  4.70229225e+01  8.91250938e+05  1.78287002e+02
 8.98117861e+05  4.70331404e+01  8.98117861e+05  1.78270492e+02
 9.05037692e+05  4.70435381e+01  9.05037692e+05  1.78253767e+02
 9.12010839e+05  4.70541108e+01  9.12010839e+05  1.78236827e+02
 9.19037713e+05  4.70601096e+01  9.19037713e+05  1.78219271e+02
 9.26118728e+05  4.70805939e+01  9.26118728e+05  1.78201401e+02
 9.33254301e+05  4.70917747e+01  9.33254301e+05  1.78183768e+02
 9.40444852e+05  4.70932018e+01  9.40444852e+05  1.78166396e+02
 9.47690805e+05  4.71046152e+01  9.47690805e+05  1.78148301e+02
 9.54992586e+05  4.71264488e+01  9.54992586e+05  1.78129445e+02
 9.62350626e+05  4.71332098e+01  9.62350626e+05  1.78111831e+02
 9.69765359e+05  4.71452718e+01  9.69765359e+05  1.78093005e+02
 9.77237221e+05  4.71629146e+01  9.77237221e+05  1.78072888e+02
 9.84766652e+05  4.71700296e+01  9.84766652e+05  1.78054575e+02
 9.92354096e+05  4.71827340e+01  9.92354096e+05  1.78034961e+02
 1.00000000e+06  4.71956282e+01  1.00000000e+06  1.78015076e+02
 1.00770481e+06  4.72144543e+01  1.00770481e+06  1.77993781e+02
 1.01546899e+06  4.72221124e+01  1.01546899e+06  1.77974462e+02
 1.02329299e+06  4.72474259e+01  1.02329299e+06  1.77949625e+02
 1.03117727e+06  4.72614096e+01  1.03117727e+06  1.77928498e+02
 1.03912230e+06  4.72635403e+01  1.03912230e+06  1.77911352e+02
 1.04712855e+06  4.72778248e+01  1.04712855e+06  1.77889706e+02
 1.05519648e+06  4.72860848e+01  1.05519648e+06  1.77867152e+02
 1.06332657e+06  4.73007701e+01  1.06332657e+06  1.77844855e+02
 1.07151931e+06  4.73221568e+01  1.07151931e+06  1.77822852e+02
 1.07977516e+06  4.73439785e+01  1.07977516e+06  1.77798514e+02
 1.08809463e+06  4.73463286e+01  1.08809463e+06  1.77775969e+02
 1.09647820e+06  4.73620616e+01  1.09647820e+06  1.77752310e+02
 1.10492636e+06  4.73849020e+01  1.10492636e+06  1.77728982e+02
 1.11343961e+06  4.74012764e+01  1.11343961e+06  1.77704617e+02
 1.12201845e+06  4.74108554e+01  1.12201845e+06  1.77679166e+02
 1.13066340e+06  4.74348770e+01  1.13066340e+06  1.77654757e+02
 1.13937495e+06  4.74521218e+01  1.13937495e+06  1.77629244e+02
 1.14815362e+06  4.74696603e+01  1.14815362e+06  1.77603332e+02
 1.15699993e+06  4.74875076e+01  1.15699993e+06  1.77577009e+02
 1.16591440e+06  4.75056638e+01  1.16591440e+06  1.77550265e+02
 1.17489755e+06  4.75318931e+01  1.17489755e+06  1.77521288e+02
 1.18394992e+06  4.75508170e+01  1.18394992e+06  1.77493638e+02
 1.19307204e+06  4.75541035e+01  1.19307204e+06  1.77466574e+02
 1.20226443e+06  4.75896819e+01  1.20226443e+06  1.77436960e+02
 1.21152766e+06  4.75848982e+01  1.21152766e+06  1.77405260e+02
 1.22086225e+06  4.76215590e+01  1.22086225e+06  1.77380433e+02
 1.23026877e+06  4.76335684e+01  1.23026877e+06  1.77349535e+02
 1.23974776e+06  4.76629726e+01  1.23974776e+06  1.77319991e+02
 1.24929979e+06  4.76842595e+01  1.24929979e+06  1.77288991e+02
 1.25892541e+06  4.76969789e+01  1.25892541e+06  1.77256474e+02
 1.26862520e+06  4.77279221e+01  1.26862520e+06  1.77225395e+02
 1.27839972e+06  4.77411700e+01  1.27839972e+06  1.77191724e+02
 1.28824955e+06  4.77732029e+01  1.28824955e+06  1.77159555e+02
 1.29817528e+06  4.77869845e+01  1.29817528e+06  1.77124679e+02
 1.30817747e+06  4.78201269e+01  1.30817747e+06  1.77091359e+02
 1.31825674e+06  4.78344514e+01  1.31825674e+06  1.77055212e+02
 1.32841366e+06  4.78687529e+01  1.32841366e+06  1.77020692e+02
 1.33864884e+06  4.79037880e+01  1.33864884e+06  1.76981697e+02
 1.34896288e+06  4.79192187e+01  1.34896288e+06  1.76947405e+02
 1.35935639e+06  4.79451181e+01  1.35935639e+06  1.76909742e+02
 1.36982998e+06  4.79715037e+01  1.36982998e+06  1.76871371e+02
 1.38038426e+06  4.80090884e+01  1.38038426e+06  1.76829303e+02
 1.39101987e+06  4.80257694e+01  1.39101987e+06  1.76792428e+02
 1.40173742e+06  4.80536632e+01  1.40173742e+06  1.76751812e+02
 1.41253754e+06  4.80820763e+01  1.41253754e+06  1.76710410e+02
 1.42342088e+06  4.81223614e+01  1.42342088e+06  1.76664944e+02
 1.43438808e+06  4.81404957e+01  1.43438808e+06  1.76625151e+02
 1.44543977e+06  4.81705375e+01  1.44543977e+06  1.76581245e+02
 1.45657662e+06  4.81773565e+01  1.45657662e+06  1.76528493e+02
 1.46779927e+06  4.82202285e+01  1.46779927e+06  1.76489237e+02
 1.47910839e+06  4.82641030e+01  1.47910839e+06  1.76444122e+02
 1.49050464e+06  4.82964821e+01  1.49050464e+06  1.76396522e+02
 1.50198870e+06  4.83295024e+01  1.50198870e+06  1.76347928e+02
 1.51356125e+06  4.83631355e+01  1.51356125e+06  1.76298310e+02
 1.52522296e+06  4.83974313e+01  1.52522296e+06  1.76247638e+02
 1.53697452e+06  4.84456375e+01  1.53697452e+06  1.76191729e+02
 1.54881662e+06  4.84545243e+01  1.54881662e+06  1.76141239e+02
 1.56074996e+06  4.85179840e+01  1.56074996e+06  1.76084626e+02
 1.57277525e+06  4.85274708e+01  1.57277525e+06  1.76031897e+02
 1.58489319e+06  4.85932347e+01  1.58489319e+06  1.75972707e+02
 1.59710450e+06  4.86176687e+01  1.59710450e+06  1.75919529e+02
 1.60940989e+06  4.86714726e+01  1.60940989e+06  1.75855696e+02
 1.62181010e+06  4.87117568e+01  1.62181010e+06  1.75795177e+02
 1.63430584e+06  4.87228466e+01  1.63430584e+06  1.75736252e+02
 1.64689787e+06  4.87795448e+01  1.64689787e+06  1.75675013e+02
 1.65958691e+06  4.88220793e+01  1.65958691e+06  1.75610253e+02
 1.67237372e+06  4.88654435e+01  1.67237372e+06  1.75543965e+02
 1.68525904e+06  4.88937731e+01  1.68525904e+06  1.75473859e+02
 1.69824365e+06  4.89549116e+01  1.69824365e+06  1.75406476e+02
 1.71132830e+06  4.90010210e+01  1.71132830e+06  1.75335188e+02
 1.72451377e+06  4.90313687e+01  1.72451377e+06  1.75259795e+02
 1.73780083e+06  4.90961212e+01  1.73780083e+06  1.75187202e+02
 1.75119026e+06  4.91623379e+01  1.75119026e+06  1.75104114e+02
 1.76468286e+06  4.92126705e+01  1.76468286e+06  1.75025147e+02
 1.77827941e+06  4.92463701e+01  1.77827941e+06  1.74950691e+02
 1.79198072e+06  4.92805043e+01  1.79198072e+06  1.74865149e+02
 1.80578760e+06  4.93519140e+01  1.80578760e+06  1.74782464e+02
 1.81970086e+06  4.94063492e+01  1.81970086e+06  1.74694950e+02
 1.83372132e+06  4.94808755e+01  1.83372132e+06  1.74597754e+02
 1.84784980e+06  4.95188932e+01  1.84784980e+06  1.74512624e+02
 1.86208714e+06  4.95574916e+01  1.86208714e+06  1.74414854e+02
 1.87643417e+06  4.96363611e+01  1.87643417e+06  1.74319954e+02
 1.89089175e+06  4.97170353e+01  1.89089175e+06  1.74211459e+02
 1.90546072e+06  4.97793899e+01  1.90546072e+06  1.74107840e+02
 1.92014194e+06  4.98225131e+01  1.92014194e+06  1.74009616e+02
 1.93493628e+06  4.99083330e+01  1.93493628e+06  1.73891331e+02
 1.94984460e+06  4.99749444e+01  1.94984460e+06  1.73778214e+02
 1.96486779e+06  5.00431534e+01  1.96486779e+06  1.73661595e+02
 1.98000673e+06  5.00909527e+01  1.98000673e+06  1.73550722e+02
 1.99526231e+06  5.01619577e+01  1.99526231e+06  1.73426976e+02
 2.01063544e+06  5.02346670e+01  2.01063544e+06  1.73299289e+02
 2.02612701e+06  5.03319734e+01  2.02612701e+06  1.73157404e+02
 2.04173794e+06  5.03851590e+01  2.04173794e+06  1.73031370e+02
 2.05746916e+06  5.04631745e+01  2.05746916e+06  1.72890720e+02
 2.07332157e+06  5.05669983e+01  2.07332157e+06  1.72734487e+02
 2.08929613e+06  5.06247410e+01  2.08929613e+06  1.72595045e+02
 2.10539377e+06  5.07333574e+01  2.10539377e+06  1.72428000e+02
 2.12161544e+06  5.07944145e+01  2.12161544e+06  1.72278495e+02
 2.13796209e+06  5.08823838e+01  2.13796209e+06  1.72111745e+02
 2.15443469e+06  5.09725434e+01  2.15443469e+06  1.71938953e+02
 2.17103421e+06  5.10914075e+01  2.17103421e+06  1.71747013e+02
 2.18776162e+06  5.11599238e+01  2.18776162e+06  1.71573890e+02
 2.20461792e+06  5.12572078e+01  2.20461792e+06  1.71380944e+02
 2.22160409e+06  5.13293115e+01  2.22160409e+06  1.71176718e+02
 2.23872114e+06  5.14594902e+01  2.23872114e+06  1.70972263e+02
 2.25597007e+06  5.15646442e+01  2.25597007e+06  1.70755667e+02
 2.27335190e+06  5.16435914e+01  2.27335190e+06  1.70526313e+02
 2.29086765e+06  5.17540785e+01  2.29086765e+06  1.70291551e+02
 2.30851836e+06  5.18975094e+01  2.30851836e+06  1.70050835e+02
 2.32630507e+06  5.20145084e+01  2.32630507e+06  1.69795752e+02
 2.34422882e+06  5.21654710e+01  2.34422882e+06  1.69512760e+02
 2.36229066e+06  5.22897492e+01  2.36229066e+06  1.69234072e+02
 2.38049167e+06  5.23541046e+01  2.38049167e+06  1.68956561e+02
 2.39883292e+06  5.25168493e+01  2.39883292e+06  1.68656315e+02
 2.41731548e+06  5.26189046e+01  2.41731548e+06  1.68333774e+02
 2.43594045e+06  5.28233353e+01  2.43594045e+06  1.67984566e+02
 2.45470892e+06  5.28994336e+01  2.45470892e+06  1.67649556e+02
 2.47362199e+06  5.30461318e+01  2.47362199e+06  1.67281651e+02
 2.49268079e+06  5.32665796e+01  2.49268079e+06  1.66877667e+02
 2.51188643e+06  5.33884384e+01  2.51188643e+06  1.66491569e+02
 2.53124005e+06  5.35496270e+01  2.53124005e+06  1.66062670e+02
 2.55074278e+06  5.37520411e+01  2.55074278e+06  1.65587214e+02
 2.57039578e+06  5.38876049e+01  2.57039578e+06  1.65132324e+02
 2.59020020e+06  5.40647767e+01  2.59020020e+06  1.64627026e+02
 2.61015722e+06  5.42477099e+01  2.61015722e+06  1.64092022e+02
 2.63026799e+06  5.44367310e+01  2.63026799e+06  1.63524669e+02
 2.65053372e+06  5.46319550e+01  2.65053372e+06  1.62922316e+02
 2.67095559e+06  5.48338519e+01  2.67095559e+06  1.62281723e+02
 2.69153480e+06  5.50425662e+01  2.69153480e+06  1.61599422e+02
 2.71227258e+06  5.52174102e+01  2.71227258e+06  1.60869309e+02
 2.73317014e+06  5.54399669e+01  2.73317014e+06  1.60091848e+02
 2.75422870e+06  5.57124374e+01  2.75422870e+06  1.59261369e+02
 2.77544952e+06  5.59934682e+01  2.77544952e+06  1.58336227e+02
 2.79683385e+06  5.61985310e+01  2.79683385e+06  1.57409294e+02
 2.81838293e+06  5.64540650e+01  2.81838293e+06  1.56376760e+02
 2.84009805e+06  5.66740832e+01  2.84009805e+06  1.55262631e+02
 2.86198048e+06  5.70361184e+01  2.86198048e+06  1.54022372e+02
 2.88403150e+06  5.72738438e+01  2.88403150e+06  1.52755529e+02
 2.90625243e+06  5.75650185e+01  2.90625243e+06  1.51340670e+02
 2.92864456e+06  5.79110320e+01  2.92864456e+06  1.49761459e+02
 2.95120923e+06  5.81260772e+01  2.95120923e+06  1.48127442e+02
 2.97394775e+06  5.84895438e+01  2.97394775e+06  1.46295216e+02
 2.99686146e+06  5.88127709e+01  2.99686146e+06  1.44293666e+02
 3.01995172e+06  5.91414342e+01  3.01995172e+06  1.42101852e+02
 3.04321989e+06  5.94737573e+01  3.04321989e+06  1.39699102e+02
 3.06666733e+06  5.98560539e+01  3.06666733e+06  1.37016234e+02
 3.09029543e+06  6.01380658e+01  3.09029543e+06  1.34173318e+02
 3.11410558e+06  6.05115619e+01  3.11410558e+06  1.30958835e+02
 3.13809919e+06  6.07731336e+01  3.13809919e+06  1.27546749e+02
 3.16227766e+06  6.10647402e+01  3.16227766e+06  1.23778586e+02
 3.18664242e+06  6.13286697e+01  3.18664242e+06  1.19697715e+02
 3.21119491e+06  6.15555653e+01  3.21119491e+06  1.15311078e+02
 3.23593657e+06  6.17359218e+01  3.23593657e+06  1.10641021e+02
 3.26086886e+06  6.19615101e+01  3.26086886e+06  1.05603538e+02
 3.28599325e+06  6.19203083e+01  3.28599325e+06  1.00630216e+02
 3.31131121e+06  6.19631496e+01  3.31131121e+06  9.53918185e+01
 3.33682425e+06  6.18269845e+01  3.33682425e+06  9.01909726e+01
 3.36253386e+06  6.16716785e+01  3.36253386e+06  8.50215836e+01
 3.38844156e+06  6.15043712e+01  3.38844156e+06  7.99783957e+01
 3.41454887e+06  6.12215145e+01  3.41454887e+06  7.51693951e+01
 3.44085734e+06  6.07691502e+01  3.44085734e+06  7.05877871e+01
 3.46736850e+06  6.04492357e+01  3.46736850e+06  6.63809089e+01
 3.49408393e+06  6.00377278e+01  3.49408393e+06  6.24381012e+01
 3.52100520e+06  5.96651679e+01  3.52100520e+06  5.88017156e+01
 3.54813389e+06  5.91499451e+01  3.54813389e+06  5.54803821e+01
 3.57547160e+06  5.86879262e+01  3.57547160e+06  5.24404086e+01
 3.60301995e+06  5.82885409e+01  3.60301995e+06  4.96627683e+01
 3.63078055e+06  5.77530520e+01  3.63078055e+06  4.71411515e+01
 3.65875504e+06  5.72873188e+01  3.65875504e+06  4.48380216e+01
 3.68694506e+06  5.67542967e+01  3.68694506e+06  4.26681375e+01
 3.71535229e+06  5.63713496e+01  3.71535229e+06  4.08189699e+01
 3.74397839e+06  5.58488916e+01  3.74397839e+06  3.89932402e+01
 3.77282505e+06  5.54842928e+01  3.77282505e+06  3.74571801e+01
 3.80189396e+06  5.49758829e+01  3.80189396e+06  3.59089857e+01
 3.83118685e+06  5.45523168e+01  3.83118685e+06  3.45514720e+01
 3.86070543e+06  5.42187994e+01  3.86070543e+06  3.33754772e+01
 3.89045145e+06  5.37325944e+01  3.89045145e+06  3.21458298e+01
 3.92042666e+06  5.33357845e+01  3.92042666e+06  3.10774647e+01
 3.95063281e+06  5.30330557e+01  3.95063281e+06  3.01648974e+01
 3.98107171e+06  5.27413706e+01  3.98107171e+06  2.92254946e+01
 4.01174512e+06  5.21966053e+01  4.01174512e+06  2.83127335e+01
 4.04265487e+06  5.19223879e+01  4.04265487e+06  2.75959411e+01
 4.07380278e+06  5.16587556e+01  4.07380278e+06  2.68275430e+01
 4.10519067e+06  5.13131988e+01  4.10519067e+06  2.61312425e+01
 4.13682040e+06  5.08802888e+01  4.13682040e+06  2.55083863e+01
 4.16869383e+06  5.05466218e+01  4.16869383e+06  2.48989728e+01
 4.20081285e+06  5.02194238e+01  4.20081285e+06  2.43266334e+01
 4.23317933e+06  4.99969912e+01  4.23317933e+06  2.37549846e+01
 4.26579519e+06  4.95831361e+01  4.26579519e+06  2.32825829e+01
 4.29866235e+06  4.92735419e+01  4.29866235e+06  2.28055205e+01
 4.33178274e+06  4.89694864e+01  4.33178274e+06  2.23555025e+01
 4.36515832e+06  4.85647566e+01  4.36515832e+06  2.18388687e+01
 4.39879106e+06  4.83769444e+01  4.39879106e+06  2.15289011e+01
 4.43268292e+06  4.80877545e+01  4.43268292e+06  2.11488722e+01
 4.46683592e+06  4.78032750e+01  4.46683592e+06  2.07891041e+01
 4.50125206e+06  4.75232828e+01  4.50125206e+06  2.04480477e+01
 4.53593337e+06  4.72473465e+01  4.53593337e+06  2.01246506e+01
 4.57088190e+06  4.70912545e+01  4.57088190e+06  1.97655408e+01
 4.60609969e+06  4.67073828e+01  4.60609969e+06  1.95260314e+01
 4.64158883e+06  4.65627856e+01  4.64158883e+06  1.91928204e+01
 4.67735141e+06  4.61825569e+01  4.67735141e+06  1.89854051e+01
 4.71338954e+06  4.56837152e+01  4.71338954e+06  1.83559925e+01
 4.74970533e+06  4.56719206e+01  4.74970533e+06  1.84958880e+01
 4.78630092e+06  4.52929165e+01  4.78630092e+06  1.81571756e+01
 4.82317848e+06  4.53027731e+01  4.82317848e+06  1.79858874e+01
 4.86034018e+06  4.49290564e+01  4.86034018e+06  1.78459503e+01
 4.89778819e+06  4.48205361e+01  4.89778819e+06  1.75783446e+01
 4.93552474e+06  4.44483204e+01  4.93552474e+06  1.74615562e+01
 4.97355204e+06  4.42122766e+01  4.97355204e+06  1.72827065e+01
 5.01187234e+06  4.38372110e+01  5.01187234e+06  1.69874842e+01
 5.05048788e+06  4.37471550e+01  5.05048788e+06  1.69490954e+01
 5.08940095e+06  4.35181960e+01  5.08940095e+06  1.67936591e+01
 5.12861384e+06  4.31438982e+01  5.12861384e+06  1.65137688e+01
 5.16812886e+06  4.32158131e+01  5.16812886e+06  1.64157694e+01
 5.20794833e+06  4.29960693e+01  5.20794833e+06  1.62779010e+01
 5.24807460e+06  4.26249989e+01  5.24807460e+06  1.62395895e+01
 5.28851004e+06  4.25624883e+01  5.28851004e+06  1.60205430e+01
 5.32925703e+06  4.21910667e+01  5.32925703e+06  1.59990844e+01
 5.37031796e+06  4.19769486e+01  5.37031796e+06  1.58871712e+01
 5.41169527e+06  4.19270815e+01  5.41169527e+06  1.56757962e+01
 5.45339137e+06  4.15535386e+01  5.45339137e+06  1.56788669e+01
 5.49540874e+06  4.13446753e+01  5.49540874e+06  1.55816003e+01
 5.53774984e+06  4.11375905e+01  5.53774984e+06  1.54893868e+01
 5.58041717e+06  4.09321487e+01  5.58041717e+06  1.54011355e+01
 5.62341325e+06  4.07281563e+01  5.62341325e+06  1.53174966e+01
 5.66674061e+06  4.05253170e+01  5.66674061e+06  1.52376864e+01
 5.71040179e+06  4.01401233e+01  5.71040179e+06  1.49890982e+01
 5.75439937e+06  4.01248033e+01  5.75439937e+06  1.50900313e+01
 5.79873595e+06  3.99264022e+01  5.79873595e+06  1.50222605e+01
 5.84341413e+06  3.97295081e+01  5.84341413e+06  1.49576665e+01
 5.88843655e+06  3.93375642e+01  5.88843655e+06  1.47087643e+01
 5.93380586e+06  3.93396528e+01  5.93380586e+06  1.48387323e+01
 5.97952473e+06  3.91465515e+01  5.97952473e+06  1.47840793e+01
 6.02559586e+06  3.87490338e+01  6.02559586e+06  1.45331894e+01
 6.07202196e+06  3.87639511e+01  6.07202196e+06  1.46845578e+01
 6.11880576e+06  3.85742412e+01  6.11880576e+06  1.46392461e+01
 6.16595002e+06  3.83859471e+01  6.16595002e+06  1.45967004e+01
 6.21345752e+06  3.84130948e+01  6.21345752e+06  1.43865368e+01
 6.26133105e+06  3.80118659e+01  6.26133105e+06  1.45202646e+01
 6.30957344e+06  3.78265768e+01  6.30957344e+06  1.44857488e+01
 6.35818754e+06  3.76422294e+01  6.35818754e+06  1.44540547e+01
 6.40717619e+06  3.72255612e+01  6.40717619e+06  1.41881446e+01
 6.45654229e+06  3.77102025e+01  6.45654229e+06  1.36513460e+01
 6.50628875e+06  3.70945799e+01  6.50628875e+06  1.43738298e+01
 6.55641849e+06  3.69140905e+01  6.55641849e+06  1.43514917e+01
 6.60693448e+06  3.64857987e+01  6.60693448e+06  1.40744364e+01
 6.65783968e+06  3.65554139e+01  6.65783968e+06  1.43138630e+01
 6.70913710e+06  3.63771363e+01  6.70913710e+06  1.42985723e+01
 6.76082975e+06  3.61997419e+01  6.76082975e+06  1.42855484e+01
 6.81292069e+06  3.60227863e+01  6.81292069e+06  1.42743339e+01
 6.86541298e+06  3.61090132e+01  6.86541298e+06  1.40277468e+01
 6.91830971e+06  3.56723094e+01  6.91830971e+06  1.42581059e+01
 6.97161400e+06  3.54978196e+01  6.97161400e+06  1.42531513e+01
 7.02532899e+06  3.50422937e+01  7.02532899e+06  1.39435136e+01
 7.07945784e+06  3.54291611e+01  7.07945784e+06  1.39861596e+01
 7.13400375e+06  3.49783804e+01  7.13400375e+06  1.42493018e+01
 7.18896992e+06  3.48070171e+01  7.18896992e+06  1.42512440e+01
 7.24435960e+06  3.46358054e+01  7.24435960e+06  1.42557434e+01
 7.30017605e+06  3.44653931e+01  7.30017605e+06  1.42613613e+01
 7.35642254e+06  3.45954383e+01  7.35642254e+06  1.39724352e+01
 7.41310241e+06  3.41260996e+01  7.41310241e+06  1.42791580e+01
 7.47021899e+06  3.39575200e+01  7.47021899e+06  1.42895861e+01
 7.52777564e+06  3.37890812e+01  7.52777564e+06  1.43025026e+01
 7.58577575e+06  3.32914812e+01  7.58577575e+06  1.39363301e+01
 7.64422274e+06  3.37777843e+01  7.64422274e+06  1.39995250e+01
 7.70312006e+06  3.36162016e+01  7.70312006e+06  1.40088340e+01
 7.76247117e+06  3.27756938e+01  7.76247117e+06  1.39638201e+01
 7.82227956e+06  3.29563632e+01  7.82227956e+06  1.43914964e+01
 7.88254877e+06  3.27908205e+01  7.88254877e+06  1.44145064e+01
 7.94328235e+06  3.29756570e+01  7.94328235e+06  1.40595922e+01
 8.00448386e+06  3.24623169e+01  8.00448386e+06  1.44631715e+01
 8.06615692e+06  3.22982081e+01  8.06615692e+06  1.44908433e+01
 8.12830516e+06  3.21347678e+01  8.12830516e+06  1.45193216e+01
 8.19093224e+06  3.15851699e+01  8.19093224e+06  1.40751457e+01
 8.25404185e+06  3.18096650e+01  8.25404185e+06  1.45814997e+01
 8.31763771e+06  3.16467826e+01  8.31763771e+06  1.46145905e+01
 8.38172356e+06  3.14853945e+01  8.38172356e+06  1.46497528e+01
 8.44630319e+06  3.13244910e+01  8.44630319e+06  1.46843930e+01
 8.51138038e+06  3.11626658e+01  8.51138038e+06  1.47234015e+01
 8.57695899e+06  3.10014632e+01  8.57695899e+06  1.47627845e+01
 8.64304286e+06  3.04094876e+01  8.64304286e+06  1.42467333e+01
 8.70963590e+06  3.06817368e+01  8.70963590e+06  1.48454812e+01
 8.77674203e+06  3.05218969e+01  8.77674203e+06  1.48882075e+01
 8.84436519e+06  3.07946240e+01  8.84436519e+06  1.44023852e+01
 8.91250938e+06  2.97428385e+01  8.91250938e+06  1.43692838e+01
 8.98117861e+06  3.00448040e+01  8.98117861e+06  1.50251446e+01
 9.05037692e+06  2.94110136e+01  9.05037692e+06  1.44378009e+01
 9.12010839e+06  2.97284277e+01  9.12010839e+06  1.51242586e+01
 9.19037713e+06  2.90791007e+01  9.19037713e+06  1.45106503e+01
 9.26118728e+06  2.94130859e+01  9.26118728e+06  1.52296424e+01
 9.33254301e+06  2.87486385e+01  9.33254301e+06  1.45864506e+01
 9.40444852e+06  2.85833731e+01  9.40444852e+06  1.46266055e+01
 9.47690805e+06  2.89418088e+01  9.47690805e+06  1.53973053e+01
 9.54992586e+06  2.82539680e+01  9.54992586e+06  1.47101231e+01
 9.62350626e+06  2.80885944e+01  9.62350626e+06  1.47529289e+01
 9.69765359e+06  2.84730576e+01  9.69765359e+06  1.55768859e+01
 9.77237221e+06  2.83166723e+01  9.77237221e+06  1.56393406e+01
 9.84766652e+06  2.75937905e+01  9.84766652e+06  1.48870355e+01
 9.92354096e+06  2.80054200e+01  9.92354096e+06  1.57694773e+01
 1.00000000e+07  2.83987029e+01  1.00000000e+07  1.50614793e+01
 1.00770481e+07  2.82527155e+01  1.00770481e+07  1.51093720e+01
 1.01546899e+07  2.75386300e+01  1.01546899e+07  1.59769039e+01
 1.02329299e+07  2.73850023e+01  1.02329299e+07  1.60460086e+01
 1.03117727e+07  2.66037120e+01  1.03117727e+07  1.51811698e+01
 1.03912230e+07  2.70760414e+01  1.03912230e+07  1.61930530e+01
 1.04712855e+07  2.57772402e+01  1.04712855e+07  1.25943695e+01
 1.05519648e+07  2.73774725e+01  1.05519648e+07  1.54297637e+01
 1.06332657e+07  2.72330970e+01  1.06332657e+07  1.54878228e+01
 1.07151931e+07  2.57817044e+01  1.07151931e+07  1.54519200e+01
 1.07977516e+07  2.63051511e+01  1.07977516e+07  1.65859470e+01
 1.08809463e+07  2.54513837e+01  1.08809463e+07  1.55665213e+01
 1.09647820e+07  2.66555307e+01  1.09647820e+07  1.57249604e+01
 1.10492636e+07  2.51202159e+01  1.10492636e+07  1.56831030e+01
 1.11343961e+07  2.63693203e+01  1.11343961e+07  1.58475652e+01
 1.12201845e+07  2.47901381e+01  1.12201845e+07  1.58074126e+01
 1.13066340e+07  2.53846550e+01  1.13066340e+07  1.71040820e+01
 1.13937495e+07  2.59398429e+01  1.13937495e+07  1.60419474e+01
 1.14815362e+07  2.50792228e+01  1.14815362e+07  1.72906763e+01
 1.15699993e+07  2.49251621e+01  1.15699993e+07  1.73878471e+01
 1.16591440e+07  2.47733829e+01  1.16591440e+07  1.74818615e+01
 1.17489755e+07  2.46195759e+01  1.17489755e+07  1.75830311e+01
 1.18394992e+07  2.44673231e+01  1.18394992e+07  1.76831849e+01
 1.19307204e+07  2.50912842e+01  1.19307204e+07  1.64484669e+01
 1.20226443e+07  2.49492303e+01  1.20226443e+07  1.65232674e+01
 1.21152766e+07  2.48094091e+01  1.21152766e+07  1.65896348e+01
 1.22086225e+07  2.46695806e+01  1.22086225e+07  1.66641016e+01
 1.23026877e+07  2.37061201e+01  1.23026877e+07  1.82012417e+01
 1.23974776e+07  2.26273193e+01  1.23974776e+07  1.66756610e+01
 1.24929979e+07  2.34007770e+01  1.24929979e+07  1.84251992e+01
 1.25892541e+07  2.32478709e+01  1.25892541e+07  1.85368592e+01
 1.26862520e+07  2.30959310e+01  1.26862520e+07  1.86502795e+01
 1.27839972e+07  2.29445749e+01  1.27839972e+07  1.87644461e+01
 1.28824955e+07  2.36906774e+01  1.28824955e+07  1.72024766e+01
 1.29817528e+07  2.26391808e+01  1.29817528e+07  1.90061045e+01
 1.30817747e+07  2.14467442e+01  1.30817747e+07  1.71968718e+01
 1.31825674e+07  2.32756495e+01  1.31825674e+07  1.74416970e+01
 1.32841366e+07  2.21824651e+01  1.32841366e+07  1.93767172e+01
 1.33864884e+07  2.20292507e+01  1.33864884e+07  1.95041478e+01
 1.34896288e+07  2.18777716e+01  1.34896288e+07  1.96356474e+01
 1.35935639e+07  2.17246115e+01  1.35935639e+07  1.97639828e+01
 1.36982998e+07  2.04217473e+01  1.36982998e+07  1.76710964e+01
 1.38038426e+07  2.02491025e+01  1.38038426e+07  1.77555374e+01
 1.39101987e+07  2.12662954e+01  1.39101987e+07  2.01757657e+01
 1.40173742e+07  2.21737403e+01  1.40173742e+07  1.81357932e+01
 1.41253754e+07  2.09619265e+01  1.41253754e+07  2.04513646e+01
 1.42342088e+07  2.08103941e+01  1.42342088e+07  2.05930490e+01
 1.43438808e+07  2.06565027e+01  1.43438808e+07  2.07397858e+01
 1.44543977e+07  1.92055629e+01  1.44543977e+07  1.82607896e+01
 1.45657662e+07  2.03518571e+01  1.45657662e+07  2.10392498e+01
 1.46779927e+07  2.01970618e+01  1.46779927e+07  2.11935435e+01
 1.47910839e+07  1.86773010e+01  1.47910839e+07  1.85179338e+01
 1.49050464e+07  1.98936340e+01  1.49050464e+07  2.15019347e+01
 1.50198870e+07  1.97397381e+01  1.50198870e+07  2.16596611e+01
 1.51356125e+07  1.95866885e+01  1.51356125e+07  2.18164224e+01
 1.52522296e+07  1.94335021e+01  1.52522296e+07  2.19846188e+01
 1.53697452e+07  1.92789247e+01  1.53697452e+07  2.21497638e+01
 1.54881662e+07  1.91253105e+01  1.54881662e+07  2.23144539e+01
 1.56074996e+07  1.89714770e+01  1.56074996e+07  2.24879403e+01
 1.57277525e+07  1.88181127e+01  1.57277525e+07  2.26608490e+01
 1.58489319e+07  1.70648989e+01  1.58489319e+07  1.93225904e+01
 1.59710450e+07  1.68809321e+01  1.59710450e+07  1.94219572e+01
 1.60940989e+07  1.83552766e+01  1.60940989e+07  2.32020112e+01
 1.62181010e+07  1.82009094e+01  1.62181010e+07  2.33824224e+01
 1.63430584e+07  1.94667536e+01  1.63430584e+07  2.00952047e+01
 1.64689787e+07  1.61466306e+01  1.64689787e+07  1.97847046e+01
 1.65958691e+07  1.77395311e+01  1.65958691e+07  2.39387148e+01
 1.67237372e+07  1.57698764e+01  1.67237372e+07  1.99797908e+01
 1.68525904e+07  1.74288247e+01  1.68525904e+07  2.43373735e+01
 1.69824365e+07  1.72728000e+01  1.69824365e+07  2.45466136e+01
 1.71132830e+07  1.52069870e+01  1.71132830e+07  2.02630299e+01
 1.72451377e+07  1.85334323e+01  1.72451377e+07  2.08611052e+01
 1.73780083e+07  1.48227185e+01  1.73780083e+07  2.04570925e+01
 1.75119026e+07  1.66492297e+01  1.75119026e+07  2.53800137e+01
 1.76468286e+07  1.44345547e+01  1.76468286e+07  2.06453522e+01
 1.77827941e+07  1.63357267e+01  1.77827941e+07  2.58242385e+01
 1.79198072e+07  1.40447796e+01  1.79198072e+07  2.08376382e+01
 1.80578760e+07  1.60213218e+01  1.80578760e+07  2.62773418e+01
 1.81970086e+07  1.58687536e+01  1.81970086e+07  2.64850402e+01
 1.83372132e+07  1.34508691e+01  1.83372132e+07  2.11232331e+01
 1.84784980e+07  1.32508726e+01  1.84784980e+07  2.12207529e+01
 1.86208714e+07  1.53965329e+01  1.86208714e+07  2.72082293e+01
 1.87643417e+07  1.52386536e+01  1.87643417e+07  2.74456884e+01
 1.89089175e+07  1.50808542e+01  1.89089175e+07  2.76991653e+01
 1.90546072e+07  1.49247522e+01  1.90546072e+07  2.79461224e+01
 1.92014194e+07  1.22294428e+01  1.92014194e+07  2.16993125e+01
 1.93493628e+07  1.20226701e+01  1.93493628e+07  2.17963239e+01
 1.94984460e+07  1.18116719e+01  1.94984460e+07  2.18909625e+01
 1.96486779e+07  1.42876292e+01  1.96486779e+07  2.90147211e+01
 1.98000673e+07  1.69160241e+01  1.98000673e+07  1.48729503e+01
 1.99526231e+07  1.60319690e+01  1.99526231e+07  2.31461435e+01
 2.01063544e+07  1.59012591e+01  2.01063544e+07  2.32835644e+01
 2.02612701e+07  1.36474977e+01  2.02612701e+07  3.01527584e+01
 2.04173794e+07  1.34886359e+01  2.04173794e+07  3.04305016e+01
 2.05746916e+07  1.02943730e+01  2.05746916e+07  2.25309097e+01
 2.07332157e+07  1.31663387e+01  2.07332157e+07  3.10092348e+01
 2.08929613e+07  1.30037528e+01  2.08929613e+07  3.13386816e+01
 2.10539377e+07  1.28404127e+01  2.10539377e+07  3.16655365e+01
 2.12161544e+07  1.26834426e+01  2.12161544e+07  3.19449590e+01
 2.13796209e+07  1.48567508e+01  2.13796209e+07  2.43653531e+01
 2.15443469e+07  1.54970612e+01  2.15443469e+07  1.50189898e+01
 2.17103421e+07  1.45959137e+01  2.17103421e+07  2.46415306e+01
 2.18776162e+07  1.20285012e+01  2.18776162e+07  3.32931081e+01
 2.20461792e+07  8.21447141e+00  2.20461792e+07  2.32708289e+01
 2.22160409e+07  1.42101285e+01  2.22160409e+07  2.50697703e+01
 2.23872114e+07  1.15439159e+01  2.23872114e+07  3.43461794e+01
 2.25597007e+07  1.47217743e+01  2.25597007e+07  1.50911914e+01
 2.27335190e+07  1.12127376e+01  2.27335190e+07  3.50944492e+01
 2.29086765e+07  1.10522655e+01  2.29086765e+07  3.54593815e+01
 2.30851836e+07  1.08840386e+01  2.30851836e+07  3.58727369e+01
 2.32630507e+07  1.07183870e+01  2.32630507e+07  3.62586363e+01
 2.34422882e+07  1.05509505e+01  2.34422882e+07  3.66633919e+01
 2.36229066e+07  1.03866745e+01  2.36229066e+07  3.70890694e+01
 2.38049167e+07  1.02226754e+01  2.38049167e+07  3.74731970e+01
 2.39883292e+07  5.37944160e+00  2.39883292e+07  2.39103806e+01
 2.41731548e+07  1.27915902e+01  2.41731548e+07  2.66924668e+01
 2.43594045e+07  9.72025129e+00  2.43594045e+07  3.88206774e+01
 2.45470892e+07  9.55233624e+00  2.45470892e+07  3.92584236e+01
 2.47362199e+07  9.39007472e+00  2.47362199e+07  3.96567207e+01
 2.49268079e+07  1.22780697e+01  2.49268079e+07  2.73247014e+01
 2.51188643e+07  1.21520850e+01  2.51188643e+07  2.74859069e+01
 2.53124005e+07  8.88844072e+00  2.53124005e+07  4.11174209e+01
 2.55074278e+07  3.03310637e+00  2.55074278e+07  2.40186743e+01
 2.57039578e+07  8.54813854e+00  2.57039578e+07  4.21010041e+01
 2.59020020e+07  8.38395416e+00  2.59020020e+07  4.26350783e+01
 2.61015722e+07  2.08262424e+00  2.61015722e+07  2.39319585e+01
 2.63026799e+07  1.74483003e+00  2.63026799e+07  2.38818761e+01
 2.65053372e+07  7.87301796e+00  2.65053372e+07  4.42424072e+01
 2.67095559e+07  7.70701935e+00  2.67095559e+07  4.47766031e+01
 2.69153480e+07  6.97600464e-01  2.69153480e+07  2.36233142e+01
 2.71227258e+07  1.08742328e+01  2.71227258e+07  2.91319178e+01
 2.73317014e+07  -4.12454196e-02  2.73317014e+07  2.33647784e+01
 2.75422870e+07  7.03424586e+00  2.75422870e+07  4.70796450e+01
 2.77544952e+07  -8.09407316e-01  2.77544952e+07  2.30118070e+01
 2.79683385e+07  6.69621131e+00  2.79683385e+07  4.82969132e+01
 2.81838293e+07  6.52443017e+00  2.81838293e+07  4.90474748e+01
 2.84009805e+07  6.36130428e+00  2.84009805e+07  4.96676829e+01
 2.86198048e+07  6.19202399e+00  2.86198048e+07  5.02628422e+01
 2.88403150e+07  -2.95062856e+00  2.88403150e+07  2.16448784e+01
 2.90625243e+07  9.73144696e+00  2.90625243e+07  3.06965726e+01
 2.92864456e+07  9.60106382e+00  2.92864456e+07  3.09104053e+01
 2.95120923e+07  5.51774208e+00  2.95120923e+07  5.30840426e+01
 2.97394775e+07  -4.89465270e+00  2.97394775e+07  1.97212809e+01
 2.99686146e+07  9.22172667e+00  2.99686146e+07  3.14630902e+01
 3.01995172e+07  5.02322535e+00  3.01995172e+07  5.53921828e+01
 3.04321989e+07  8.97013151e+00  3.04321989e+07  3.18036162e+01
 3.06666733e+07  4.68546032e+00  3.06666733e+07  5.69860338e+01
 3.09029543e+07  8.71584238e+00  3.09029543e+07  3.22363673e+01
 3.11410558e+07  4.35778724e+00  3.11410558e+07  5.85634564e+01
 3.13809919e+07  8.46307572e+00  3.13809919e+07  3.25791587e+01
 3.16227766e+07  4.04203454e+00  3.16227766e+07  6.03505289e+01
 3.18664242e+07  -1.06340157e+01  3.18664242e+07  8.36489536e+00
 3.21119491e+07  8.08529433e+00  3.21119491e+07  3.32254922e+01
 3.23593657e+07  3.56289538e+00  3.23593657e+07  6.29284242e+01
 3.26086886e+07  3.40307493e+00  3.26086886e+07  6.39040916e+01
 3.28599325e+07  3.25322429e+00  3.28599325e+07  6.49711559e+01
 3.31131121e+07  3.10486947e+00  3.31131121e+07  6.58633444e+01
 3.33682425e+07  2.94485387e+00  3.33682425e+07  6.69014348e+01
 3.36253386e+07  -1.67239583e+01  3.36253386e+07  -2.64622792e+01
 3.38844156e+07  -1.73514654e+01  3.38844156e+07  -3.58732639e+01
 3.41454887e+07  2.50879990e+00  3.41454887e+07  6.99039137e+01
 3.44085734e+07  -1.77680776e+01  3.44085734e+07  -5.65012242e+01
 3.46736850e+07  2.22508056e+00  3.46736850e+07  7.21557797e+01
 3.49408393e+07  2.08188470e+00  3.49408393e+07  7.31236127e+01
 3.52100520e+07  1.94682601e+00  3.52100520e+07  7.43465863e+01
 3.54813389e+07  -1.57610628e+01  3.54813389e+07  -9.02282839e+01
 3.57547160e+07  1.69064903e+00  3.57547160e+07  7.65224190e+01
 3.60301995e+07  1.55135403e+00  3.60301995e+07  7.76315823e+01
 3.63078055e+07  6.06372246e+00  3.63078055e+07  3.66752154e+01
 3.65875504e+07  1.30235093e+00  3.65875504e+07  8.00529189e+01
 3.68694506e+07  1.18980144e+00  3.68694506e+07  8.12308381e+01
 3.71535229e+07  -1.16919952e+01  3.71535229e+07  2.48151221e+02
 3.74397839e+07  -1.11688835e+01  3.74397839e+07  2.46463219e+02
 3.77282505e+07  -1.06879965e+01  3.77282505e+07  2.45172615e+02
 3.80189396e+07  5.32082026e+00  3.80189396e+07  3.98039484e+02
 3.83118685e+07  -9.74932857e+00  3.83118685e+07  2.42681335e+02
 3.86070543e+07  5.32557662e-01  3.86070543e+07  8.85518638e+01
 3.89045145e+07  4.47280156e-01  3.89045145e+07  8.99483758e+01
 3.92042666e+07  3.48625275e-01  3.92042666e+07  9.10834133e+01
 3.95063281e+07  2.74559774e-01  3.95063281e+07  9.24573146e+01
 3.98107171e+07  1.96427907e-01  3.98107171e+07  9.37854556e+01
 4.01174512e+07  1.52431790e-01  4.01174512e+07  9.52772986e+01
 4.04265487e+07  5.03497726e-02  4.04265487e+07  9.63582199e+01
 4.07380278e+07  -6.99246097e+00  4.07380278e+07  2.37705150e+02
 4.10519067e+07  -7.23935167e-02  4.10519067e+07  9.89822205e+01
 4.13682040e+07  3.94317056e+00  4.13682040e+07  4.09076198e+01
 4.16869383e+07  -1.93743502e-01  4.16869383e+07  1.01630228e+02
 4.20081285e+07  -2.48414211e-01  4.20081285e+07  1.02903036e+02
 4.23317933e+07  -2.93366312e-01  4.23317933e+07  1.04231148e+02
 4.26579519e+07  3.56167387e+00  4.26579519e+07  1.71561751e+01
 4.29866235e+07  3.32653313e+00  4.29866235e+07  4.23342053e+01
 4.33178274e+07  -5.20606939e+00  4.33178274e+07  -1.23861646e+02
 4.36515832e+07  -4.34714183e-01  4.36515832e+07  -2.50630103e+02
 4.39879106e+07  -4.48696524e-01  4.39879106e+07  -2.49274610e+02
 4.43268292e+07  2.82287617e+00  4.43268292e+07  -3.16467152e+02
 4.46683592e+07  -4.55190990e+00  4.46683592e+07  -4.83986133e+02
 4.50125206e+07  -2.01610359e+00  4.50125206e+07  -4.33641279e+02
 4.53593337e+07  -5.54045272e-01  4.53593337e+07  -6.04462357e+02
 4.57088190e+07  -4.09121078e+00  4.57088190e+07  -4.84054230e+02
 4.60609969e+07  -5.30298754e-01  4.60609969e+07  -6.01935579e+02
 4.64158883e+07  -5.46892688e-01  4.64158883e+07  -6.00791445e+02
 4.67735141e+07  1.95913866e+00  4.67735141e+07  -6.74319167e+02
 4.71338954e+07  -5.44115044e-01  4.71338954e+07  -5.98499697e+02
 4.74970533e+07  -3.48965595e+00  4.74970533e+07  -4.83809013e+02
 4.78630092e+07  -5.43242972e-01  4.78630092e+07  -5.96294538e+02
 4.82317848e+07  -3.28346114e+00  4.82317848e+07  -4.83686743e+02
 4.86034018e+07  -4.97196923e-01  4.86034018e+07  -5.94058681e+02
 4.89778819e+07  -4.85794418e-01  4.89778819e+07  -5.92986442e+02
 4.93552474e+07  1.10248846e+00  4.93552474e+07  -6.71877914e+02
 4.97355204e+07  -2.91032411e+00  4.97355204e+07  -8.43334538e+02
 5.01187234e+07  -2.84893952e+00  5.01187234e+07  -8.43158541e+02
 5.05048788e+07  -4.33663838e-01  5.05048788e+07  -9.48929201e+02
 5.08940095e+07  -3.62972755e-01  5.08940095e+07  -9.47831519e+02
 5.12861384e+07  -3.62891822e-01  5.12861384e+07  -9.46936296e+02
 5.16812886e+07  -2.54374723e+00  5.16812886e+07  -8.42758546e+02
 5.20794833e+07  2.74091518e-01  5.20794833e+07  -6.69415026e+02
 5.24807460e+07  -2.43576322e+00  5.24807460e+07  -8.42456129e+02
 5.28851004e+07  -2.37761476e+00  5.28851004e+07  -8.42338592e+02
 5.32925703e+07  -1.98758512e-01  5.32925703e+07  -9.42321692e+02
 5.37031796e+07  -1.68791988e-01  5.37031796e+07  -9.41441964e+02
 5.41169527e+07  -1.36969740e-01  5.41169527e+07  -9.40595967e+02
 5.45339137e+07  -1.24461627e-01  5.45339137e+07  -9.39759797e+02
 5.49540874e+07  -6.54238887e-02  5.49540874e+07  -9.38923744e+02
 5.53774984e+07  -3.68241557e-02  5.53774984e+07  -9.38122238e+02
 5.58041717e+07  -5.48121308e-03  5.58041717e+07  -9.37355689e+02
 5.62341325e+07  -8.94072543e-01  5.62341325e+07  -1.02541305e+03
 5.66674061e+07  6.54228547e-02  5.66674061e+07  -9.35817904e+02
 5.71040179e+07  1.49946502e-01  5.71040179e+07  -9.35026235e+02
 5.75439937e+07  -1.22552068e+00  5.75439937e+07  -1.02415210e+03
 5.79873595e+07  2.12642572e-01  5.79873595e+07  -9.33576244e+02
 5.84341413e+07  -1.80891241e+00  5.84341413e+07  -8.40303539e+02
 5.88843655e+07  2.83758961e-01  5.88843655e+07  -9.32151718e+02
 5.93380586e+07  3.13115900e-01  5.93380586e+07  -9.31466432e+02
 5.97952473e+07  -1.71760422e+00  5.97952473e+07  -8.39697634e+02
 6.02559586e+07  -1.71759031e+00  6.02559586e+07  -8.39553467e+02
 6.07202196e+07  -1.69455355e+00  6.07202196e+07  -8.39399396e+02
 6.11880576e+07  5.14285723e-01  6.11880576e+07  -9.28839966e+02
 6.16595002e+07  5.11735871e-01  6.16595002e+07  -9.28220481e+02
 6.21345752e+07  -2.34779318e+00  6.21345752e+07  -1.01953681e+03
 6.26133105e+07  6.35518682e-01  6.26133105e+07  -9.26993661e+02
 6.30957344e+07  6.63371519e-01  6.30957344e+07  -9.26395123e+02
 6.35818754e+07  7.14375085e-01  6.35818754e+07  -9.25814673e+02
 6.40717619e+07  -2.75946207e+00  6.40717619e+07  -1.01766464e+03
 6.45654229e+07  8.13136090e-01  6.45654229e+07  -9.24684291e+02
 6.50628875e+07  7.98058888e-01  6.50628875e+07  -9.24108778e+02
 6.55641849e+07  8.81498365e-01  6.55641849e+07  -9.23569324e+02
 6.60693448e+07  9.24423691e-01  6.60693448e+07  -9.23032768e+02
 6.65783968e+07  -3.28916061e+00  6.65783968e+07  -1.01508394e+03
 6.70913710e+07  9.75620735e-01  6.70913710e+07  -9.21975674e+02
 6.76082975e+07  -3.46266336e+00  6.76082975e+07  -1.01412218e+03
 6.81292069e+07  1.06826247e+00  6.81292069e+07  -9.20967469e+02
 6.86541298e+07  -1.53788094e+00  6.86541298e+07  -8.36450344e+02
 6.91830971e+07  1.16309935e+00  6.91830971e+07  -9.19985988e+02
 6.97161400e+07  1.21485462e+00  6.97161400e+07  -9.19509137e+02
 7.02532899e+07  -1.54954379e+00  7.02532899e+07  -8.35979717e+02
 7.07945784e+07  1.31222268e+00  7.07945784e+07  -9.18584364e+02
 7.13400375e+07  -1.54689131e+00  7.13400375e+07  -8.35542996e+02
 7.18896992e+07  1.38775949e+00  7.18896992e+07  -9.17681183e+02
 7.24435960e+07  -3.93335877e+00  7.24435960e+07  -8.06832766e+02
 7.30017605e+07  -4.42999792e+00  7.30017605e+07  -6.48655614e+02
 7.35642254e+07  -4.49601292e+00  7.35642254e+07  -6.48109031e+02
 7.41310241e+07  1.50288976e+00  7.41310241e+07  -5.55910971e+02
 7.47021899e+07  -4.66583672e+00  7.47021899e+07  -6.47000584e+02
 7.52777564e+07  1.59496331e+00  7.52777564e+07  -5.55071134e+02
 7.58577575e+07  1.63113981e+00  7.58577575e+07  -5.54640682e+02
 7.64422274e+07  1.68909327e+00  7.64422274e+07  -5.54261623e+02
 7.70312006e+07  -1.64900825e+00  7.70312006e+07  -4.73563374e+02
 7.76247117e+07  -1.67143775e+00  7.76247117e+07  -4.73431804e+02
 7.82227956e+07  1.81690878e+00  7.82227956e+07  -5.53122960e+02
 7.88254877e+07  1.84621537e+00  7.88254877e+07  -5.52736776e+02
 7.94328235e+07  -5.29430940e+00  7.94328235e+07  -6.42492031e+02
 8.00448386e+07  -5.36678141e+00  8.00448386e+07  -6.41932349e+02
 8.06615692e+07  2.00053834e+00  8.06615692e+07  -5.51623073e+02
 8.12830516e+07  1.91566584e+00  8.12830516e+07  -5.51219314e+02
 8.19093224e+07  -1.77485492e+00  8.19093224e+07  -4.72055865e+02
 8.25404185e+07  -4.70693361e+00  8.25404185e+07  -4.48023578e+02
 8.31763771e+07  2.05838979e+00  8.31763771e+07  -5.50177808e+02
 8.38172356e+07  2.09668305e+00  8.38172356e+07  -5.49813812e+02
 8.44630319e+07  -1.85005606e+00  8.44630319e+07  -4.71216257e+02
 8.51138038e+07  2.19182749e+00  8.51138038e+07  -5.49194096e+02
 8.57695899e+07  2.18581070e+00  8.57695899e+07  -5.48764363e+02
 8.64304286e+07  2.22423658e+00  8.64304286e+07  -5.48505393e+02
 8.70963590e+07  -6.09644267e+00  8.70963590e+07  -6.35606414e+02
 8.77674203e+07  -1.94819205e+00  8.77674203e+07  -4.70132132e+02
 8.84436519e+07  -5.13656591e+00  8.84436519e+07  -4.48327984e+02
 8.91250938e+07  -6.27466609e+00  8.91250938e+07  -2.73875454e+02
 8.98117861e+07  -2.05927232e+00  8.98117861e+07  -1.09694059e+02
 9.05037692e+07  -6.38121374e+00  9.05037692e+07  -2.72674705e+02
 9.12010839e+07  -2.08943551e+00  9.12010839e+07  -1.09232302e+02
 9.19037713e+07  -6.48537483e+00  9.19037713e+07  -2.71500281e+02
 9.26118728e+07  -6.53899950e+00  9.26118728e+07  -2.71053167e+02
 9.33254301e+07  2.58092765e+00  9.33254301e+07  -1.85405252e+02
 9.40444852e+07  2.60673332e+00  9.40444852e+07  -1.85100777e+02
 9.47690805e+07  -6.66686588e+00  9.47690805e+07  -2.69387978e+02
 9.54992586e+07  2.68302710e+00  9.54992586e+07  -1.84542529e+02
 9.62350626e+07  2.75971064e+00  9.62350626e+07  -1.84334428e+02
 9.69765359e+07  -2.31220439e+00  9.69765359e+07  -1.07768323e+02
 9.77237221e+07  2.74847645e+00  9.77237221e+07  -1.83715862e+02
 9.84766652e+07  2.78356894e+00  9.84766652e+07  -1.83429403e+02
 9.92354096e+07  -2.41121102e+00  9.92354096e+07  -1.07158289e+02
 1.00000000e+08  2.91502338e+00  1.00000000e+08  -1.82952123e+02
 1.00770481e+08  2.92204403e+00  1.00770481e+08  -1.82705303e+02
 1.01546899e+08  2.93581769e+00  1.01546899e+08  -1.82352110e+02
 1.02329299e+08  -7.07328366e+00  1.02329299e+08  -2.64120654e+02
 1.03117727e+08  3.02911005e+00  1.03117727e+08  -1.81921548e+02
 1.03912230e+08  -7.13563016e+00  1.03912230e+08  -2.63232671e+02
 1.04712855e+08  3.18956404e+00  1.04712855e+08  -1.81446896e+02
 1.05519648e+08  3.11525680e+00  1.05519648e+08  -1.81185060e+02
 1.06332657e+08  3.18414919e+00  1.06332657e+08  -1.80899788e+02
 1.07151931e+08  -7.24489154e+00  1.07151931e+08  -2.61286827e+02
 1.07977516e+08  3.19134923e+00  1.07977516e+08  -1.80389195e+02
 1.08809463e+08  -7.28950377e+00  1.08809463e+08  -2.60418688e+02
 1.09647820e+08  3.45920647e+00  1.09647820e+08  -1.80103313e+02
 1.10492636e+08  3.26041718e+00  1.10492636e+08  -1.79733846e+02
 1.11343961e+08  3.29367033e+00  1.11343961e+08  -1.79508943e+02
 1.12201845e+08  3.42053326e+00  1.12201845e+08  -1.79340679e+02
 1.13066340e+08  3.44691712e+00  1.13066340e+08  -1.79101973e+02
 1.13937495e+08  3.48761312e+00  1.13937495e+08  -1.78903107e+02
 1.14815362e+08  3.52718163e+00  1.14815362e+08  -1.78690844e+02
 1.15699993e+08  3.47513127e+00  1.15699993e+08  -1.78461826e+02
 1.16591440e+08  -7.49869337e+00  1.16591440e+08  -2.56474161e+02
 1.17489755e+08  -3.16992582e+00  1.17489755e+08  -1.03339444e+02
 1.18394992e+08  3.62043049e+00  1.18394992e+08  -1.77850874e+02
 1.19307204e+08  3.68781454e+00  1.19307204e+08  -1.77671885e+02
 1.20226443e+08  3.74101670e+00  1.20226443e+08  -1.77455543e+02
 1.21152766e+08  3.70290526e+00  1.21152766e+08  -1.77256122e+02
 1.22086225e+08  3.77612325e+00  1.22086225e+08  -1.77077875e+02
 1.23026877e+08  3.73770452e+00  1.23026877e+08  -1.76845477e+02
 1.23974776e+08  -7.62750189e+00  1.23974776e+08  -2.53500391e+02
 1.24929979e+08  3.80655690e+00  1.24929979e+08  -1.76538753e+02
 1.25892541e+08  -7.66184012e+00  1.25892541e+08  -2.52723126e+02
 1.26862520e+08  3.83432543e+00  1.26862520e+08  -1.76038778e+02
 1.27839972e+08  -3.57670890e+00  1.27839972e+08  -1.01510548e+02
 1.28824955e+08  3.92157484e+00  1.28824955e+08  -1.75717088e+02
 1.29817528e+08  -7.70569932e+00  1.29817528e+08  -2.51762490e+02
 1.30817747e+08  4.05187159e+00  1.30817747e+08  -1.75507174e+02
 1.31825674e+08  4.02440095e+00  1.31825674e+08  -1.75273735e+02
 1.32841366e+08  -7.95926967e+00  1.32841366e+08  -8.93309813e+01
 1.33864884e+08  -7.74005660e+00  1.33864884e+08  -2.50596224e+02
 1.34896288e+08  4.28445383e+00  1.34896288e+08  -1.74818740e+02
 1.35935639e+08  -3.91274404e+00  1.35935639e+08  -1.00646868e+02
 1.36982998e+08  4.30910588e+00  1.36982998e+08  -1.74498805e+02
 1.38038426e+08  -7.75740144e+00  1.38038426e+08  -2.49911929e+02
 1.39101987e+08  -7.79470916e+00  1.39101987e+08  -2.49280711e+02
 1.40173742e+08  -7.80094596e+00  1.40173742e+08  -2.48922136e+02
 1.41253754e+08  -7.80628572e+00  1.41253754e+08  -2.48767169e+02
 1.42342088e+08  -4.15775354e+00  1.42342088e+08  -9.97832394e+01
 1.43438808e+08  -7.81548783e+00  1.43438808e+08  -2.48572966e+02
 1.44543977e+08  4.46778005e+00  1.44543977e+08  -1.73439797e+02
 1.45657662e+08  4.35537617e+00  1.45657662e+08  -1.73240662e+02
 1.46779927e+08  4.54962774e+00  1.46779927e+08  -1.73154787e+02
 1.47910839e+08  -4.35968581e+00  1.47910839e+08  -9.90726406e+01
 1.49050464e+08  -8.79814769e+00  1.49050464e+08  -8.95645097e+01
 1.50198870e+08  -7.88878735e+00  1.50198870e+08  -2.46896162e+02
 1.51356125e+08  4.61706226e+00  1.51356125e+08  -1.72659905e+02
 1.52522296e+08  -7.89855757e+00  1.52522296e+08  -2.46610472e+02
 1.53697452e+08  4.76447142e+00  1.53697452e+08  -1.72519482e+02
 1.54881662e+08  4.82459740e+00  1.54881662e+08  -1.72341110e+02
 1.56074996e+08  4.75175768e+00  1.56074996e+08  -1.72339202e+02
 1.57277525e+08  4.82950301e+00  1.57277525e+08  -1.72189308e+02
 1.58489319e+08  -4.71859423e+00  1.58489319e+08  -9.77601276e+01
 1.59710450e+08  -4.77565048e+00  1.59710450e+08  -9.79544897e+01
 1.60940989e+08  -7.94639411e+00  1.60940989e+08  -2.45763335e+02
 1.62181010e+08  5.03638175e+00  1.62181010e+08  -1.71816075e+02
 1.63430584e+08  4.94731304e+00  1.63430584e+08  -1.71712482e+02
 1.64689787e+08  -7.96965648e+00  1.64689787e+08  -2.45426406e+02
 1.65958691e+08  5.40603454e+00  1.65958691e+08  -1.71680778e+02
 1.67237372e+08  4.91012864e+00  1.67237372e+08  -1.71376098e+02
 1.68525904e+08  -8.01514510e+00  1.68525904e+08  -2.44529752e+02
 1.69824365e+08  5.18651141e+00  1.69824365e+08  -1.71379060e+02
 1.71132830e+08  5.32173521e+00  1.71132830e+08  -1.71212052e+02
 1.72451377e+08  5.04681003e+00  1.72451377e+08  -1.71137690e+02
 1.73780083e+08  -8.01474975e+00  1.73780083e+08  -2.45377079e+02
 1.75119026e+08  -8.03284265e+00  1.75119026e+08  -2.44901898e+02
 1.76468286e+08  5.54181019e+00  1.76468286e+08  -1.71076346e+02
 1.77827941e+08  5.25314813e+00  1.77827941e+08  -1.70907104e+02
 1.79198072e+08  -5.41486159e+00  1.79198072e+08  -9.65443628e+01
 1.80578760e+08  -5.47150007e+00  1.80578760e+08  -9.66572087e+01
 1.81970086e+08  -5.50838702e+00  1.81970086e+08  -9.64179370e+01
 1.83372132e+08  5.28353224e+00  1.83372132e+08  -1.70687706e+02
 1.84784980e+08  5.47314387e+00  1.84784980e+08  -1.70631039e+02
 1.86208714e+08  5.69649772e+00  1.86208714e+08  -1.70679197e+02
 1.87643417e+08  -8.13989419e+00  1.87643417e+08  -2.44116593e+02
 1.89089175e+08  5.62858683e+00  1.89089175e+08  -1.70593035e+02
 1.90546072e+08  5.60092754e+00  1.90546072e+08  -1.70545416e+02
 1.92014194e+08  5.84039074e+00  1.92014194e+08  -1.70560137e+02
 1.93493628e+08  -8.19248747e+00  1.93493628e+08  -2.44091570e+02
 1.94984460e+08  -8.20096888e+00  1.94984460e+08  -2.44080617e+02
 1.96486779e+08  5.79128650e+00  1.96486779e+08  -1.70465298e+02
 1.98000673e+08  -8.22950360e+00  1.98000673e+08  -2.44235715e+02
 1.99526231e+08  5.76086398e+00  1.99526231e+08  -1.70419080e+02
 2.01063544e+08  -8.25267402e+00  2.01063544e+08  -2.44218330e+02
 2.02612701e+08  6.04255157e+00  2.02612701e+08  -1.70440646e+02
 2.04173794e+08  6.03965247e+00  2.04173794e+08  -1.70428031e+02
 2.05746916e+08  6.05197982e+00  2.05746916e+08  -1.70423112e+02
 2.07332157e+08  -8.32397590e+00  2.07332157e+08  -2.44145062e+02
 2.08929613e+08  6.07218157e+00  2.08929613e+08  -1.70420554e+02
 2.10539377e+08  6.08452188e+00  2.10539377e+08  -1.70423024e+02
 2.12161544e+08  -6.42706245e+00  2.12161544e+08  -9.53402909e+01
 2.13796209e+08  6.12526418e+00  2.13796209e+08  -1.70439944e+02
 2.15443469e+08  -6.52752656e+00  2.15443469e+08  -9.54518047e+01
 2.17103421e+08  6.17479610e+00  2.17103421e+08  -1.70409572e+02
 2.18776162e+08  6.20460158e+00  2.18776162e+08  -1.70428665e+02
 2.20461792e+08  -6.67022228e+00  2.20461792e+08  -9.51656065e+01
 2.22160409e+08  6.27931938e+00  2.22160409e+08  -1.70525724e+02
 2.23872114e+08  -6.76888854e+00  2.23872114e+08  -9.51669202e+01
 2.25597007e+08  -8.51585633e+00  2.25597007e+08  -2.45214632e+02
 2.27335190e+08  6.06456336e+00  2.27335190e+08  -1.70617133e+02
 2.29086765e+08  -6.93951137e+00  2.29086765e+08  -9.57767262e+01
 2.30851836e+08  6.57157986e+00  2.30851836e+08  -1.70717062e+02
 2.32630507e+08  -7.02907943e+00  2.32630507e+08  -9.53524996e+01
 2.34422882e+08  -7.09526889e+00  2.34422882e+08  -9.58031302e+01
 2.36229066e+08  6.38934518e+00  2.36229066e+08  -1.70790803e+02
 2.38049167e+08  6.46822973e+00  2.38049167e+08  -1.70842715e+02
 2.39883292e+08  6.54092283e+00  2.39883292e+08  -1.70881338e+02
 2.41731548e+08  -7.29074097e+00  2.41731548e+08  -9.53278972e+01
 2.43594045e+08  -8.76038956e+00  2.43594045e+08  -2.45404384e+02
 2.45470892e+08  -7.39549841e+00  2.45470892e+08  -9.53460627e+01
 2.47362199e+08  -7.44728564e+00  2.47362199e+08  -9.52734836e+01
 2.49268079e+08  -7.50328459e+00  2.49268079e+08  -9.52688299e+01
 2.51188643e+08  6.72427126e+00  2.51188643e+08  -1.71189422e+02
 2.53124005e+08  -7.59693557e+00  2.53124005e+08  -9.46863284e+01
 2.55074278e+08  6.97787852e+00  2.55074278e+08  -1.71332819e+02
 2.57039578e+08  -7.73001869e+00  2.57039578e+08  -9.56402752e+01
 2.59020020e+08  6.78223573e+00  2.59020020e+08  -1.71386248e+02
 2.61015722e+08  6.92235179e+00  2.61015722e+08  -1.71509706e+02
 2.63026799e+08  -9.03246200e+00  2.63026799e+08  -2.46784882e+02
 2.65053372e+08  6.72738030e+00  2.65053372e+08  -1.71612812e+02
 2.67095559e+08  6.89802525e+00  2.67095559e+08  -1.71675441e+02
 2.69153480e+08  -8.07249595e+00  2.69153480e+08  -9.58410840e+01
 2.71227258e+08  6.70452902e+00  2.71227258e+08  -1.71874226e+02
 2.73317014e+08  -9.18361711e+00  2.73317014e+08  -2.47959948e+02
 2.75422870e+08  6.52266269e+00  2.75422870e+08  -1.71909317e+02
 2.77544952e+08  -9.25390561e+00  2.77544952e+08  -2.48131768e+02
 2.79683385e+08  -8.35925903e+00  2.79683385e+08  -9.59400192e+01
 2.81838293e+08  7.71586411e+00  2.81838293e+08  -1.72311158e+02
 2.84009805e+08  7.32990833e+00  2.84009805e+08  -1.72378102e+02
 2.86198048e+08  -8.53132414e+00  2.86198048e+08  -9.56721477e+01
 2.88403150e+08  -8.59925726e+00  2.88403150e+08  -9.60877778e+01
 2.90625243e+08  -9.45464403e+00  2.90625243e+08  -2.49357857e+02
 2.92864456e+08  -9.50800201e+00  2.92864456e+08  -2.48484936e+02
 2.95120923e+08  -8.78237870e+00  2.95120923e+08  -9.62298213e+01
 2.97394775e+08  6.96625006e+00  2.97394775e+08  -1.72713869e+02
 2.99686146e+08  -8.88569198e+00  2.99686146e+08  -9.53188453e+01
 3.01995172e+08  6.83663326e+00  3.01995172e+08  -1.72810912e+02
 3.04321989e+08  7.12593843e+00  3.04321989e+08  -1.73055063e+02
 3.06666733e+08  7.41350172e+00  3.06666733e+08  -1.73132164e+02
 3.09029543e+08  -9.77804803e+00  3.09029543e+08  -2.49769761e+02
 3.11410558e+08  7.33072915e+00  3.11410558e+08  -1.73247795e+02
 3.13809919e+08  -9.85984844e+00  3.13809919e+08  -2.50070557e+02
 3.16227766e+08  -9.34048490e+00  3.16227766e+08  -9.59587571e+01
 3.18664242e+08  6.89597605e+00  3.18664242e+08  -1.73489628e+02
 3.21119491e+08  -9.98021792e+00  3.21119491e+08  -2.50898919e+02
 3.23593657e+08  6.17087488e+00  3.23593657e+08  -1.73612367e+02
 3.26086886e+08  -1.00745684e+01  3.26086886e+08  -2.50526420e+02
 3.28599325e+08  7.58461880e+00  3.28599325e+08  -1.73884672e+02
 3.31131121e+08  -1.01627448e+01  3.31131121e+08  -2.50919796e+02
 3.33682425e+08  7.57643118e+00  3.33682425e+08  -1.74025058e+02
 3.36253386e+08  7.20538657e+00  3.36253386e+08  -1.74043871e+02
 3.38844156e+08  6.81325107e+00  3.38844156e+08  -1.74117019e+02
 3.41454887e+08  -1.03449344e+01  3.41454887e+08  -2.51646490e+02
 3.44085734e+08  -1.64138293e+01  3.44085734e+08  -2.51532732e+02
 3.46736850e+08  -1.04241235e+01  3.46736850e+08  -2.52799997e+02
 3.49408393e+08  6.86507378e+00  3.49408393e+08  -1.74499449e+02
 3.52100520e+08  -1.02840576e+01  3.52100520e+08  -9.70845661e+01
 3.54813389e+08  6.89607775e+00  3.54813389e+08  -1.74662802e+02
 3.57547160e+08  7.39892689e+00  3.57547160e+08  -1.74793428e+02
 3.60301995e+08  6.99439997e+00  3.60301995e+08  -1.74838924e+02
 3.63078055e+08  -1.07168752e+01  3.63078055e+08  -2.53363967e+02
 3.65875504e+08  8.07987817e+00  3.65875504e+08  -1.75179729e+02
 3.68694506e+08  7.64959830e+00  3.68694506e+08  -1.75176710e+02
 3.71535229e+08  7.28070407e+00  3.71535229e+08  -1.75213184e+02
 3.74397839e+08  -1.09213601e+01  3.74397839e+08  -2.53543136e+02
 3.77282505e+08  7.40930597e+00  3.77282505e+08  -1.75301630e+02
 3.80189396e+08  8.04046549e+00  3.80189396e+08  -1.75564004e+02
 3.83118685e+08  7.61528485e+00  3.83118685e+08  -1.75512580e+02
 3.86070543e+08  7.21655205e+00  3.86070543e+08  -1.75656487e+02
 3.89045145e+08  7.87237374e+00  3.89045145e+08  -1.75711078e+02
 3.92042666e+08  7.44302363e+00  3.92042666e+08  -1.75800487e+02
 3.95063281e+08  -1.12808362e+01  3.95063281e+08  -2.54910842e+02
 3.98107171e+08  6.63813710e+00  3.98107171e+08  -1.75777575e+02
 4.01174512e+08  7.29470078e+00  4.01174512e+08  -1.75956807e+02
 4.04265487e+08  -1.15540142e+01  4.04265487e+08  -9.69531840e+01
 4.07380278e+08  -1.16272522e+01  4.07380278e+08  -9.72881651e+01
 4.10519067e+08  8.45032261e+00  4.10519067e+08  -1.76255198e+02
 4.13682040e+08  -1.16021625e+01  4.13682040e+08  -2.55757722e+02
 4.16869383e+08  7.55149696e+00  4.16869383e+08  -1.76321969e+02
 4.20081285e+08  7.14701492e+00  4.20081285e+08  -1.76353825e+02
 4.23317933e+08  -1.19882269e+01  4.23317933e+08  -9.72741062e+01
 4.26579519e+08  7.51706483e+00  4.26579519e+08  -1.76590627e+02
 4.29866235e+08  7.13268276e+00  4.29866235e+08  -1.76749514e+02
 4.33178274e+08  -1.19294309e+01  4.33178274e+08  -2.56744080e+02
 4.36515832e+08  7.59859190e+00  4.36515832e+08  -1.76850551e+02
 4.39879106e+08  -1.23480362e+01  4.39879106e+08  -9.71219986e+01
 4.43268292e+08  6.74370781e+00  4.43268292e+08  -1.76952474e+02
 4.46683592e+08  9.29527119e+00  4.46683592e+08  -1.77117291e+02
 4.50125206e+08  7.24704596e+00  4.50125206e+08  -1.77011153e+02
 4.53593337e+08  6.82418387e+00  4.53593337e+08  -1.77043001e+02
 4.57088190e+08  6.42137757e+00  4.57088190e+08  -1.77108033e+02
 4.60609969e+08  7.41972598e+00  4.60609969e+08  -1.77234045e+02
 4.64158883e+08  6.98936251e+00  4.64158883e+08  -1.77262315e+02
 4.67735141e+08  8.12772930e+00  4.67735141e+08  -1.77435949e+02
 4.71338954e+08  6.16885478e+00  4.71338954e+08  -1.77325561e+02
 4.74970533e+08  8.97763186e+00  4.74970533e+08  -1.77732587e+02
 4.78630092e+08  6.81800844e+00  4.78630092e+08  -1.77390757e+02
 4.82317848e+08  -1.27295698e+01  4.82317848e+08  -2.57757370e+02
 4.86034018e+08  -1.28003536e+01  4.86034018e+08  -2.57599128e+02
 4.89778819e+08  -1.28527694e+01  4.89778819e+08  -2.58485548e+02
 4.93552474e+08  -1.29081660e+01  4.93552474e+08  -2.59357452e+02
 4.97355204e+08  -1.29659645e+01  4.97355204e+08  -2.59284280e+02
 5.01187234e+08  5.88566302e+00  5.01187234e+08  -1.77826211e+02
 5.05048788e+08  -1.30868205e+01  5.05048788e+08  -2.59055139e+02
 5.08940095e+08  6.66664784e+00  5.08940095e+08  -1.77872530e+02
 5.12861384e+08  -1.31919390e+01  5.12861384e+08  -2.59922229e+02
 5.16812886e+08  7.61180546e+00  5.16812886e+08  -1.77894538e+02
 5.20794833e+08  5.46967927e+00  5.20794833e+08  -1.77950406e+02
 5.24807460e+08  8.82440418e+00  5.24807460e+08  -1.78578396e+02
 5.28851004e+08  -1.34425002e+01  5.28851004e+08  -2.60477870e+02
 5.32925703e+08  5.93081999e+00  5.32925703e+08  -1.78103351e+02
 5.37031796e+08  5.56269879e+00  5.37031796e+08  -1.78421516e+02
 5.41169527e+08  6.96138406e+00  5.41169527e+08  -1.78410475e+02
 5.45339137e+08  6.57445547e+00  5.45339137e+08  -1.78520494e+02
 5.49540874e+08  -1.37432646e+01  5.49540874e+08  -2.61082124e+02
 5.53774984e+08  7.75931887e+00  5.53774984e+08  -1.78597177e+02
 5.58041717e+08  7.33354407e+00  5.58041717e+08  -1.78514974e+02
 5.62341325e+08  6.87315076e+00  5.62341325e+08  -1.78613138e+02
 5.66674061e+08  8.77436350e+00  5.66674061e+08  -1.78919861e+02
 5.71040179e+08  -1.40576794e+01  5.71040179e+08  -2.60485369e+02
 5.75439937e+08  7.83923904e+00  5.75439937e+08  -1.78798083e+02
 5.79873595e+08  5.26422139e+00  5.79873595e+08  -1.78667844e+02
 5.84341413e+08  -1.42352545e+01  5.84341413e+08  -2.61467418e+02
 5.88843655e+08  -1.43028339e+01  5.88843655e+08  -2.60023421e+02
 5.93380586e+08  -1.53075771e+01  5.93380586e+08  -9.64914156e+01
 5.97952473e+08  8.11918643e+00  5.97952473e+08  -1.78829311e+02
 6.02559586e+08  1.08966435e+01  6.02559586e+08  -1.79885649e+02
 6.07202196e+08  1.02676840e+01  6.07202196e+08  -1.79765742e+02
 6.11880576e+08  -1.56350047e+01  6.11880576e+08  -9.73392255e+01
 6.16595002e+08  4.24420035e+00  6.16595002e+08  -1.78815118e+02
 6.21345752e+08  -1.57604410e+01  6.21345752e+08  -9.63828469e+01
 6.26133105e+08  -1.47976490e+01  6.26133105e+08  -2.61751661e+02
 6.30957344e+08  1.13743595e+01  6.30957344e+08  -1.79928418e+02
 6.35818754e+08  4.80236946e+00  6.35818754e+08  -1.79118349e+02
 6.40717619e+08  6.86858056e+00  6.40717619e+08  -1.79219752e+02
 6.45654229e+08  -1.50404658e+01  6.45654229e+08  -2.62735688e+02
 6.50628875e+08  -1.62469043e+01  6.50628875e+08  -9.75378410e+01
 6.55641849e+08  8.62670986e+00  6.55641849e+08  -1.79766286e+02
 6.60693448e+08  8.10341935e+00  6.60693448e+08  -1.79683982e+02
 6.65783968e+08  7.60164572e+00  6.65783968e+08  -1.79524948e+02
 6.70913710e+08  7.18693644e+00  6.70913710e+08  -1.79564941e+02
 6.76082975e+08  -1.65959310e+01  6.76082975e+08  -9.55412834e+01
 6.81292069e+08  -1.54789864e+01  6.81292069e+08  -2.63403768e+02
 6.86541298e+08  9.41017735e+00  6.86541298e+08  -1.80384054e+02
 6.91830971e+08  -1.68591080e+01  6.91830971e+08  -9.74935727e+01
 6.97161400e+08  -1.69029001e+01  6.97161400e+08  -9.45938844e+01
 7.02532899e+08  7.90252346e+00  7.02532899e+08  -1.79885835e+02
 7.07945784e+08  -1.57917229e+01  7.07945784e+08  -2.62982184e+02
 7.13400375e+08  4.04830986e+00  7.13400375e+08  -1.79367629e+02
 7.18896992e+08  -1.72049747e+01  7.18896992e+08  -9.51389819e+01
 7.24435960e+08  6.15516527e+00  7.24435960e+08  -1.79820250e+02
 7.30017605e+08  9.71517877e+00  7.30017605e+08  -1.80226863e+02
 7.35642254e+08  5.35877423e+00  7.35642254e+08  -1.79890644e+02
 7.41310241e+08  -1.75150727e+01  7.41310241e+08  -9.40520968e+01
 7.47021899e+08  -1.75925063e+01  7.47021899e+08  -9.58491613e+01
 7.52777564e+08  -1.76775478e+01  7.52777564e+08  -9.61172224e+01
 7.58577575e+08  7.27763400e+00  7.58577575e+08  -1.79801190e+02
 7.64422274e+08  1.20436698e+01  7.64422274e+08  -1.81314673e+02
 7.70312006e+08  1.14521850e+01  7.70312006e+08  -1.81206499e+02
 7.76247117e+08  -1.79656082e+01  7.76247117e+08  -9.48900191e+01
 7.82227956e+08  1.02266640e+01  7.82227956e+08  -1.80491413e+02
 7.88254877e+08  9.66871937e+00  7.88254877e+08  -1.80430706e+02
 7.94328235e+08  -1.67493237e+01  7.94328235e+08  -2.63231731e+02
 8.00448386e+08  8.63425261e+00  8.00448386e+08  -1.80879604e+02
 8.06615692e+08  8.10161782e+00  8.06615692e+08  -1.79583970e+02
 8.12830516e+08  7.66954415e+00  8.12830516e+08  -1.80261294e+02
 8.19093224e+08  1.40552217e+01  8.19093224e+08  -1.82198242e+02
 8.25404185e+08  -1.70675147e+01  8.25404185e+08  -2.66199948e+02
 8.31763771e+08  1.26016746e+01  8.31763771e+08  -1.81953172e+02
 8.38172356e+08  5.95072068e+00  8.38172356e+08  -1.80164956e+02
 8.44630319e+08  5.55901991e+00  8.44630319e+08  -1.80603355e+02
 8.51138038e+08  -1.88648791e+01  8.51138038e+08  -9.44905040e+01
 8.57695899e+08  4.79177545e+00  8.57695899e+08  -1.79682690e+02
 8.64304286e+08  9.50908485e+00  8.64304286e+08  -1.80703184e+02
 8.70963590e+08  -1.75294492e+01  8.70963590e+08  -2.64011856e+02
 8.77674203e+08  -1.75747602e+01  8.77674203e+08  -2.65714816e+02
 8.84436519e+08  -1.92313130e+01  8.84436519e+08  -9.30091581e+01
 8.91250938e+08  3.06279243e+00  8.91250938e+08  -1.80082467e+02
 8.98117861e+08  7.10334286e+00  8.98117861e+08  -1.81627644e+02
 9.05037692e+08  2.41269690e+00  9.05037692e+08  -1.80164997e+02
 9.12010839e+08  1.43940294e+01  9.12010839e+08  -1.83120482e+02
 9.19037713e+08  -1.96041253e+01  9.19037713e+08  -9.33365619e+01
 9.26118728e+08  1.28652886e+01  9.26118728e+08  -1.81258790e+02
 9.33254301e+08  -1.97550462e+01  9.33254301e+08  -9.34991444e+01
 9.40444852e+08  -1.81438770e+01  9.40444852e+08  -2.67078055e+02
 9.47690805e+08  -1.99259006e+01  9.47690805e+08  -9.37211679e+01
 9.54992586e+08  4.00251370e+00  9.54992586e+08  -1.80404247e+02
 9.62350626e+08  3.67225251e+00  9.62350626e+08  -1.80298444e+02
 9.69765359e+08  3.74353440e+01  9.69765359e+08  -2.08686006e+02
 9.77237221e+08  -2.72770925e+01  9.77237221e+08  -9.31683414e+01
 9.84766652e+08  8.19348815e+00  9.84766652e+08  -1.80597761e+02
 9.92354096e+08  2.46854934e+01  9.92354096e+08  -1.80879244e+02
 1.00000000e+09  7.24822216e+00  1.00000000e+09  -1.80614338e+02
