 1.00000000e+00  4.63856905e+01  1.00000000e+00  1.79999998e+02
 1.00770481e+00  4.63856905e+01  1.00770481e+00  1.79999998e+02
 1.01546899e+00  4.63856905e+01  1.01546899e+00  1.79999998e+02
 1.02329299e+00  4.63856905e+01  1.02329299e+00  1.79999998e+02
 1.03117727e+00  4.63856905e+01  1.03117727e+00  1.79999998e+02
 1.03912230e+00  4.63856905e+01  1.03912230e+00  1.79999998e+02
 1.04712855e+00  4.63856905e+01  1.04712855e+00  1.79999998e+02
 1.05519648e+00  4.63856905e+01  1.05519648e+00  1.79999998e+02
 1.06332657e+00  4.63856905e+01  1.06332657e+00  1.79999998e+02
 1.07151931e+00  4.63856905e+01  1.07151931e+00  1.79999998e+02
 1.07977516e+00  4.63856905e+01  1.07977516e+00  1.79999998e+02
 1.08809463e+00  4.63856905e+01  1.08809463e+00  1.79999998e+02
 1.09647820e+00  4.63856905e+01  1.09647820e+00  1.79999998e+02
 1.10492636e+00  4.63856905e+01  1.10492636e+00  1.79999998e+02
 1.11343961e+00  4.63856905e+01  1.11343961e+00  1.79999998e+02
 1.12201845e+00  4.63856905e+01  1.12201845e+00  1.79999998e+02
 1.13066340e+00  4.63856905e+01  1.13066340e+00  1.79999998e+02
 1.13937495e+00  4.63856905e+01  1.13937495e+00  1.79999998e+02
 1.14815362e+00  4.63856905e+01  1.14815362e+00  1.79999998e+02
 1.15699993e+00  4.63856905e+01  1.15699993e+00  1.79999998e+02
 1.16591440e+00  4.63856905e+01  1.16591440e+00  1.79999998e+02
 1.17489755e+00  4.63856905e+01  1.17489755e+00  1.79999998e+02
 1.18394992e+00  4.63856905e+01  1.18394992e+00  1.79999998e+02
 1.19307204e+00  4.63856905e+01  1.19307204e+00  1.79999998e+02
 1.20226443e+00  4.63856905e+01  1.20226443e+00  1.79999998e+02
 1.21152766e+00  4.63856905e+01  1.21152766e+00  1.79999998e+02
 1.22086225e+00  4.63856905e+01  1.22086225e+00  1.79999998e+02
 1.23026877e+00  4.63856905e+01  1.23026877e+00  1.79999998e+02
 1.23974776e+00  4.63856905e+01  1.23974776e+00  1.79999998e+02
 1.24929979e+00  4.63856905e+01  1.24929979e+00  1.79999998e+02
 1.25892541e+00  4.63856905e+01  1.25892541e+00  1.79999998e+02
 1.26862520e+00  4.63856905e+01  1.26862520e+00  1.79999998e+02
 1.27839972e+00  4.63856905e+01  1.27839972e+00  1.79999998e+02
 1.28824955e+00  4.63856905e+01  1.28824955e+00  1.79999998e+02
 1.29817528e+00  4.63856905e+01  1.29817528e+00  1.79999998e+02
 1.30817747e+00  4.63856905e+01  1.30817747e+00  1.79999998e+02
 1.31825674e+00  4.63856905e+01  1.31825674e+00  1.79999998e+02
 1.32841366e+00  4.63856905e+01  1.32841366e+00  1.79999998e+02
 1.33864884e+00  4.63856905e+01  1.33864884e+00  1.79999998e+02
 1.34896288e+00  4.63856905e+01  1.34896288e+00  1.79999998e+02
 1.35935639e+00  4.63856905e+01  1.35935639e+00  1.79999998e+02
 1.36982998e+00  4.63856905e+01  1.36982998e+00  1.79999998e+02
 1.38038426e+00  4.63856905e+01  1.38038426e+00  1.79999998e+02
 1.39101987e+00  4.63856905e+01  1.39101987e+00  1.79999998e+02
 1.40173742e+00  4.63856905e+01  1.40173742e+00  1.79999998e+02
 1.41253754e+00  4.63856905e+01  1.41253754e+00  1.79999998e+02
 1.42342088e+00  4.63856905e+01  1.42342088e+00  1.79999998e+02
 1.43438808e+00  4.63856905e+01  1.43438808e+00  1.79999998e+02
 1.44543977e+00  4.63856905e+01  1.44543977e+00  1.79999998e+02
 1.45657662e+00  4.63856905e+01  1.45657662e+00  1.79999998e+02
 1.46779927e+00  4.63856905e+01  1.46779927e+00  1.79999998e+02
 1.47910839e+00  4.63856905e+01  1.47910839e+00  1.79999998e+02
 1.49050464e+00  4.63856905e+01  1.49050464e+00  1.79999997e+02
 1.50198870e+00  4.63856905e+01  1.50198870e+00  1.79999997e+02
 1.51356125e+00  4.63856905e+01  1.51356125e+00  1.79999997e+02
 1.52522296e+00  4.63856905e+01  1.52522296e+00  1.79999997e+02
 1.53697452e+00  4.63856905e+01  1.53697452e+00  1.79999997e+02
 1.54881662e+00  4.63856905e+01  1.54881662e+00  1.79999997e+02
 1.56074996e+00  4.63856905e+01  1.56074996e+00  1.79999997e+02
 1.57277525e+00  4.63856905e+01  1.57277525e+00  1.79999997e+02
 1.58489319e+00  4.63856905e+01  1.58489319e+00  1.79999997e+02
 1.59710450e+00  4.63856905e+01  1.59710450e+00  1.79999997e+02
 1.60940989e+00  4.63856905e+01  1.60940989e+00  1.79999997e+02
 1.62181010e+00  4.63856905e+01  1.62181010e+00  1.79999997e+02
 1.63430584e+00  4.63856905e+01  1.63430584e+00  1.79999997e+02
 1.64689787e+00  4.63856905e+01  1.64689787e+00  1.79999997e+02
 1.65958691e+00  4.63856905e+01  1.65958691e+00  1.79999997e+02
 1.67237372e+00  4.63856905e+01  1.67237372e+00  1.79999997e+02
 1.68525904e+00  4.63856905e+01  1.68525904e+00  1.79999997e+02
 1.69824365e+00  4.63856905e+01  1.69824365e+00  1.79999997e+02
 1.71132830e+00  4.63856905e+01  1.71132830e+00  1.79999997e+02
 1.72451377e+00  4.63856905e+01  1.72451377e+00  1.79999997e+02
 1.73780083e+00  4.63856905e+01  1.73780083e+00  1.79999997e+02
 1.75119026e+00  4.63856905e+01  1.75119026e+00  1.79999997e+02
 1.76468286e+00  4.63856905e+01  1.76468286e+00  1.79999997e+02
 1.77827941e+00  4.63856905e+01  1.77827941e+00  1.79999997e+02
 1.79198072e+00  4.63856905e+01  1.79198072e+00  1.79999997e+02
 1.80578760e+00  4.63856905e+01  1.80578760e+00  1.79999997e+02
 1.81970086e+00  4.63856905e+01  1.81970086e+00  1.79999997e+02
 1.83372132e+00  4.63856905e+01  1.83372132e+00  1.79999997e+02
 1.84784980e+00  4.63856905e+01  1.84784980e+00  1.79999997e+02
 1.86208714e+00  4.63856905e+01  1.86208714e+00  1.79999997e+02
 1.87643417e+00  4.63856905e+01  1.87643417e+00  1.79999997e+02
 1.89089175e+00  4.63856905e+01  1.89089175e+00  1.79999997e+02
 1.90546072e+00  4.63856905e+01  1.90546072e+00  1.79999997e+02
 1.92014194e+00  4.63856905e+01  1.92014194e+00  1.79999997e+02
 1.93493628e+00  4.63856905e+01  1.93493628e+00  1.79999997e+02
 1.94984460e+00  4.63856905e+01  1.94984460e+00  1.79999997e+02
 1.96486779e+00  4.63856905e+01  1.96486779e+00  1.79999997e+02
 1.98000673e+00  4.63856905e+01  1.98000673e+00  1.79999997e+02
 1.99526231e+00  4.63856905e+01  1.99526231e+00  1.79999997e+02
 2.01063544e+00  4.63856905e+01  2.01063544e+00  1.79999997e+02
 2.02612701e+00  4.63856905e+01  2.02612701e+00  1.79999997e+02
 2.04173794e+00  4.63856905e+01  2.04173794e+00  1.79999997e+02
 2.05746916e+00  4.63856905e+01  2.05746916e+00  1.79999997e+02
 2.07332157e+00  4.63856905e+01  2.07332157e+00  1.79999997e+02
 2.08929613e+00  4.63856905e+01  2.08929613e+00  1.79999996e+02
 2.10539377e+00  4.63856905e+01  2.10539377e+00  1.79999996e+02
 2.12161544e+00  4.63856905e+01  2.12161544e+00  1.79999996e+02
 2.13796209e+00  4.63856905e+01  2.13796209e+00  1.79999996e+02
 2.15443469e+00  4.63856905e+01  2.15443469e+00  1.79999996e+02
 2.17103421e+00  4.63856905e+01  2.17103421e+00  1.79999996e+02
 2.18776162e+00  4.63856905e+01  2.18776162e+00  1.79999996e+02
 2.20461792e+00  4.63856905e+01  2.20461792e+00  1.79999996e+02
 2.22160409e+00  4.63856905e+01  2.22160409e+00  1.79999996e+02
 2.23872114e+00  4.63856905e+01  2.23872114e+00  1.79999996e+02
 2.25597007e+00  4.63856905e+01  2.25597007e+00  1.79999996e+02
 2.27335190e+00  4.63856905e+01  2.27335190e+00  1.79999996e+02
 2.29086765e+00  4.63856905e+01  2.29086765e+00  1.79999996e+02
 2.30851836e+00  4.63856905e+01  2.30851836e+00  1.79999996e+02
 2.32630507e+00  4.63856905e+01  2.32630507e+00  1.79999996e+02
 2.34422882e+00  4.63856905e+01  2.34422882e+00  1.79999996e+02
 2.36229066e+00  4.63856905e+01  2.36229066e+00  1.79999996e+02
 2.38049167e+00  4.63856905e+01  2.38049167e+00  1.79999996e+02
 2.39883292e+00  4.63856905e+01  2.39883292e+00  1.79999996e+02
 2.41731548e+00  4.63856905e+01  2.41731548e+00  1.79999996e+02
 2.43594045e+00  4.63856905e+01  2.43594045e+00  1.79999996e+02
 2.45470892e+00  4.63856905e+01  2.45470892e+00  1.79999996e+02
 2.47362199e+00  4.63856905e+01  2.47362199e+00  1.79999996e+02
 2.49268079e+00  4.63856905e+01  2.49268079e+00  1.79999996e+02
 2.51188643e+00  4.63856905e+01  2.51188643e+00  1.79999996e+02
 2.53124005e+00  4.63856905e+01  2.53124005e+00  1.79999996e+02
 2.55074278e+00  4.63856905e+01  2.55074278e+00  1.79999996e+02
 2.57039578e+00  4.63856905e+01  2.57039578e+00  1.79999996e+02
 2.59020020e+00  4.63856905e+01  2.59020020e+00  1.79999996e+02
 2.61015722e+00  4.63856905e+01  2.61015722e+00  1.79999996e+02
 2.63026799e+00  4.63856905e+01  2.63026799e+00  1.79999996e+02
 2.65053372e+00  4.63856905e+01  2.65053372e+00  1.79999996e+02
 2.67095559e+00  4.63856905e+01  2.67095559e+00  1.79999996e+02
 2.69153480e+00  4.63856905e+01  2.69153480e+00  1.79999995e+02
 2.71227258e+00  4.63856905e+01  2.71227258e+00  1.79999995e+02
 2.73317014e+00  4.63856905e+01  2.73317014e+00  1.79999995e+02
 2.75422870e+00  4.63856905e+01  2.75422870e+00  1.79999995e+02
 2.77544952e+00  4.63856905e+01  2.77544952e+00  1.79999995e+02
 2.79683385e+00  4.63856905e+01  2.79683385e+00  1.79999995e+02
 2.81838293e+00  4.63856905e+01  2.81838293e+00  1.79999995e+02
 2.84009805e+00  4.63856905e+01  2.84009805e+00  1.79999995e+02
 2.86198048e+00  4.63856905e+01  2.86198048e+00  1.79999995e+02
 2.88403150e+00  4.63856905e+01  2.88403150e+00  1.79999995e+02
 2.90625243e+00  4.63856905e+01  2.90625243e+00  1.79999995e+02
 2.92864456e+00  4.63856905e+01  2.92864456e+00  1.79999995e+02
 2.95120923e+00  4.63856905e+01  2.95120923e+00  1.79999995e+02
 2.97394775e+00  4.63856905e+01  2.97394775e+00  1.79999995e+02
 2.99686146e+00  4.63856905e+01  2.99686146e+00  1.79999995e+02
 3.01995172e+00  4.63856905e+01  3.01995172e+00  1.79999995e+02
 3.04321989e+00  4.63856905e+01  3.04321989e+00  1.79999995e+02
 3.06666733e+00  4.63856905e+01  3.06666733e+00  1.79999995e+02
 3.09029543e+00  4.63856905e+01  3.09029543e+00  1.79999995e+02
 3.11410558e+00  4.63856905e+01  3.11410558e+00  1.79999995e+02
 3.13809919e+00  4.63856905e+01  3.13809919e+00  1.79999995e+02
 3.16227766e+00  4.63856905e+01  3.16227766e+00  1.79999995e+02
 3.18664242e+00  4.63856905e+01  3.18664242e+00  1.79999995e+02
 3.21119491e+00  4.63856905e+01  3.21119491e+00  1.79999995e+02
 3.23593657e+00  4.63856905e+01  3.23593657e+00  1.79999995e+02
 3.26086886e+00  4.63856905e+01  3.26086886e+00  1.79999995e+02
 3.28599325e+00  4.63856905e+01  3.28599325e+00  1.79999994e+02
 3.31131121e+00  4.63856905e+01  3.31131121e+00  1.79999994e+02
 3.33682425e+00  4.63856905e+01  3.33682425e+00  1.79999994e+02
 3.36253386e+00  4.63856905e+01  3.36253386e+00  1.79999994e+02
 3.38844156e+00  4.63856905e+01  3.38844156e+00  1.79999994e+02
 3.41454887e+00  4.63856905e+01  3.41454887e+00  1.79999994e+02
 3.44085734e+00  4.63856905e+01  3.44085734e+00  1.79999994e+02
 3.46736850e+00  4.63856905e+01  3.46736850e+00  1.79999994e+02
 3.49408393e+00  4.63856905e+01  3.49408393e+00  1.79999994e+02
 3.52100520e+00  4.63856905e+01  3.52100520e+00  1.79999994e+02
 3.54813389e+00  4.63856905e+01  3.54813389e+00  1.79999994e+02
 3.57547160e+00  4.63856905e+01  3.57547160e+00  1.79999994e+02
 3.60301995e+00  4.63856905e+01  3.60301995e+00  1.79999994e+02
 3.63078055e+00  4.63856905e+01  3.63078055e+00  1.79999994e+02
 3.65875504e+00  4.63856905e+01  3.65875504e+00  1.79999994e+02
 3.68694506e+00  4.63856905e+01  3.68694506e+00  1.79999994e+02
 3.71535229e+00  4.63856905e+01  3.71535229e+00  1.79999994e+02
 3.74397839e+00  4.63856905e+01  3.74397839e+00  1.79999994e+02
 3.77282505e+00  4.63856905e+01  3.77282505e+00  1.79999994e+02
 3.80189396e+00  4.63856905e+01  3.80189396e+00  1.79999994e+02
 3.83118685e+00  4.63856905e+01  3.83118685e+00  1.79999994e+02
 3.86070543e+00  4.63856905e+01  3.86070543e+00  1.79999994e+02
 3.89045145e+00  4.63856905e+01  3.89045145e+00  1.79999993e+02
 3.92042666e+00  4.63856905e+01  3.92042666e+00  1.79999993e+02
 3.95063281e+00  4.63856905e+01  3.95063281e+00  1.79999993e+02
 3.98107171e+00  4.63856905e+01  3.98107171e+00  1.79999993e+02
 4.01174512e+00  4.63856905e+01  4.01174512e+00  1.79999993e+02
 4.04265487e+00  4.63856905e+01  4.04265487e+00  1.79999993e+02
 4.07380278e+00  4.63856905e+01  4.07380278e+00  1.79999993e+02
 4.10519067e+00  4.63856905e+01  4.10519067e+00  1.79999993e+02
 4.13682040e+00  4.63856905e+01  4.13682040e+00  1.79999993e+02
 4.16869383e+00  4.63856905e+01  4.16869383e+00  1.79999993e+02
 4.20081285e+00  4.63856905e+01  4.20081285e+00  1.79999993e+02
 4.23317933e+00  4.63856905e+01  4.23317933e+00  1.79999993e+02
 4.26579519e+00  4.63856905e+01  4.26579519e+00  1.79999993e+02
 4.29866235e+00  4.63856905e+01  4.29866235e+00  1.79999993e+02
 4.33178274e+00  4.63856905e+01  4.33178274e+00  1.79999993e+02
 4.36515832e+00  4.63856905e+01  4.36515832e+00  1.79999993e+02
 4.39879106e+00  4.63856905e+01  4.39879106e+00  1.79999993e+02
 4.43268292e+00  4.63856905e+01  4.43268292e+00  1.79999993e+02
 4.46683592e+00  4.63856905e+01  4.46683592e+00  1.79999992e+02
 4.50125206e+00  4.63856905e+01  4.50125206e+00  1.79999992e+02
 4.53593337e+00  4.63856905e+01  4.53593337e+00  1.79999992e+02
 4.57088190e+00  4.63856905e+01  4.57088190e+00  1.79999992e+02
 4.60609969e+00  4.63856905e+01  4.60609969e+00  1.79999992e+02
 4.64158883e+00  4.63856905e+01  4.64158883e+00  1.79999992e+02
 4.67735141e+00  4.63856905e+01  4.67735141e+00  1.79999992e+02
 4.71338954e+00  4.63856905e+01  4.71338954e+00  1.79999992e+02
 4.74970533e+00  4.63856905e+01  4.74970533e+00  1.79999992e+02
 4.78630092e+00  4.63856905e+01  4.78630092e+00  1.79999992e+02
 4.82317848e+00  4.63856905e+01  4.82317848e+00  1.79999992e+02
 4.86034018e+00  4.63856905e+01  4.86034018e+00  1.79999992e+02
 4.89778819e+00  4.63856905e+01  4.89778819e+00  1.79999992e+02
 4.93552474e+00  4.63856905e+01  4.93552474e+00  1.79999992e+02
 4.97355204e+00  4.63856905e+01  4.97355204e+00  1.79999992e+02
 5.01187234e+00  4.63856905e+01  5.01187234e+00  1.79999992e+02
 5.05048788e+00  4.63856905e+01  5.05048788e+00  1.79999992e+02
 5.08940095e+00  4.63856905e+01  5.08940095e+00  1.79999991e+02
 5.12861384e+00  4.63856905e+01  5.12861384e+00  1.79999991e+02
 5.16812886e+00  4.63856905e+01  5.16812886e+00  1.79999991e+02
 5.20794833e+00  4.63856905e+01  5.20794833e+00  1.79999991e+02
 5.24807460e+00  4.63856905e+01  5.24807460e+00  1.79999991e+02
 5.28851004e+00  4.63856905e+01  5.28851004e+00  1.79999991e+02
 5.32925703e+00  4.63856905e+01  5.32925703e+00  1.79999991e+02
 5.37031796e+00  4.63856905e+01  5.37031796e+00  1.79999991e+02
 5.41169527e+00  4.63856905e+01  5.41169527e+00  1.79999991e+02
 5.45339137e+00  4.63856905e+01  5.45339137e+00  1.79999991e+02
 5.49540874e+00  4.63856905e+01  5.49540874e+00  1.79999991e+02
 5.53774984e+00  4.63856905e+01  5.53774984e+00  1.79999991e+02
 5.58041717e+00  4.63856905e+01  5.58041717e+00  1.79999991e+02
 5.62341325e+00  4.63856905e+01  5.62341325e+00  1.79999991e+02
 5.66674061e+00  4.63856905e+01  5.66674061e+00  1.79999990e+02
 5.71040179e+00  4.63856905e+01  5.71040179e+00  1.79999990e+02
 5.75439937e+00  4.63856905e+01  5.75439937e+00  1.79999990e+02
 5.79873595e+00  4.63856905e+01  5.79873595e+00  1.79999990e+02
 5.84341413e+00  4.63856905e+01  5.84341413e+00  1.79999990e+02
 5.88843655e+00  4.63856905e+01  5.88843655e+00  1.79999990e+02
 5.93380586e+00  4.63856905e+01  5.93380586e+00  1.79999990e+02
 5.97952473e+00  4.63856905e+01  5.97952473e+00  1.79999990e+02
 6.02559586e+00  4.63856905e+01  6.02559586e+00  1.79999990e+02
 6.07202196e+00  4.63856905e+01  6.07202196e+00  1.79999990e+02
 6.11880576e+00  4.63856905e+01  6.11880576e+00  1.79999990e+02
 6.16595002e+00  4.63856905e+01  6.16595002e+00  1.79999990e+02
 6.21345752e+00  4.63856905e+01  6.21345752e+00  1.79999990e+02
 6.26133105e+00  4.63856905e+01  6.26133105e+00  1.79999989e+02
 6.30957344e+00  4.63856905e+01  6.30957344e+00  1.79999989e+02
 6.35818754e+00  4.63856905e+01  6.35818754e+00  1.79999989e+02
 6.40717619e+00  4.63856905e+01  6.40717619e+00  1.79999989e+02
 6.45654229e+00  4.63856905e+01  6.45654229e+00  1.79999989e+02
 6.50628875e+00  4.63856905e+01  6.50628875e+00  1.79999989e+02
 6.55641849e+00  4.63856905e+01  6.55641849e+00  1.79999989e+02
 6.60693448e+00  4.63856905e+01  6.60693448e+00  1.79999989e+02
 6.65783968e+00  4.63856905e+01  6.65783968e+00  1.79999989e+02
 6.70913710e+00  4.63856905e+01  6.70913710e+00  1.79999989e+02
 6.76082975e+00  4.63856905e+01  6.76082975e+00  1.79999989e+02
 6.81292069e+00  4.63856905e+01  6.81292069e+00  1.79999989e+02
 6.86541298e+00  4.63856905e+01  6.86541298e+00  1.79999988e+02
 6.91830971e+00  4.63856905e+01  6.91830971e+00  1.79999988e+02
 6.97161400e+00  4.63856905e+01  6.97161400e+00  1.79999988e+02
 7.02532899e+00  4.63856905e+01  7.02532899e+00  1.79999988e+02
 7.07945784e+00  4.63856905e+01  7.07945784e+00  1.79999988e+02
 7.13400375e+00  4.63856905e+01  7.13400375e+00  1.79999988e+02
 7.18896992e+00  4.63856905e+01  7.18896992e+00  1.79999988e+02
 7.24435960e+00  4.63856905e+01  7.24435960e+00  1.79999988e+02
 7.30017605e+00  4.63856905e+01  7.30017605e+00  1.79999988e+02
 7.35642254e+00  4.63856905e+01  7.35642254e+00  1.79999988e+02
 7.41310241e+00  4.63856905e+01  7.41310241e+00  1.79999988e+02
 7.47021899e+00  4.63856905e+01  7.47021899e+00  1.79999987e+02
 7.52777564e+00  4.63856905e+01  7.52777564e+00  1.79999987e+02
 7.58577575e+00  4.63856905e+01  7.58577575e+00  1.79999987e+02
 7.64422274e+00  4.63856905e+01  7.64422274e+00  1.79999987e+02
 7.70312006e+00  4.63856905e+01  7.70312006e+00  1.79999987e+02
 7.76247117e+00  4.63856905e+01  7.76247117e+00  1.79999987e+02
 7.82227956e+00  4.63856905e+01  7.82227956e+00  1.79999987e+02
 7.88254877e+00  4.63856905e+01  7.88254877e+00  1.79999987e+02
 7.94328235e+00  4.63856905e+01  7.94328235e+00  1.79999987e+02
 8.00448386e+00  4.63856905e+01  8.00448386e+00  1.79999987e+02
 8.06615692e+00  4.63856905e+01  8.06615692e+00  1.79999986e+02
 8.12830516e+00  4.63856905e+01  8.12830516e+00  1.79999986e+02
 8.19093224e+00  4.63856905e+01  8.19093224e+00  1.79999986e+02
 8.25404185e+00  4.63856905e+01  8.25404185e+00  1.79999986e+02
 8.31763771e+00  4.63856905e+01  8.31763771e+00  1.79999986e+02
 8.38172356e+00  4.63856905e+01  8.38172356e+00  1.79999986e+02
 8.44630319e+00  4.63856905e+01  8.44630319e+00  1.79999986e+02
 8.51138038e+00  4.63856905e+01  8.51138038e+00  1.79999986e+02
 8.57695899e+00  4.63856905e+01  8.57695899e+00  1.79999986e+02
 8.64304286e+00  4.63856905e+01  8.64304286e+00  1.79999985e+02
 8.70963590e+00  4.63856905e+01  8.70963590e+00  1.79999985e+02
 8.77674203e+00  4.63856905e+01  8.77674203e+00  1.79999985e+02
 8.84436519e+00  4.63856905e+01  8.84436519e+00  1.79999985e+02
 8.91250938e+00  4.63856905e+01  8.91250938e+00  1.79999985e+02
 8.98117861e+00  4.63856905e+01  8.98117861e+00  1.79999985e+02
 9.05037692e+00  4.63856905e+01  9.05037692e+00  1.79999985e+02
 9.12010839e+00  4.63856905e+01  9.12010839e+00  1.79999985e+02
 9.19037713e+00  4.63856905e+01  9.19037713e+00  1.79999985e+02
 9.26118728e+00  4.63856905e+01  9.26118728e+00  1.79999984e+02
 9.33254301e+00  4.63856905e+01  9.33254301e+00  1.79999984e+02
 9.40444852e+00  4.63856905e+01  9.40444852e+00  1.79999984e+02
 9.47690805e+00  4.63856905e+01  9.47690805e+00  1.79999984e+02
 9.54992586e+00  4.63856905e+01  9.54992586e+00  1.79999984e+02
 9.62350626e+00  4.63856905e+01  9.62350626e+00  1.79999984e+02
 9.69765359e+00  4.63856905e+01  9.69765359e+00  1.79999984e+02
 9.77237221e+00  4.63856905e+01  9.77237221e+00  1.79999984e+02
 9.84766652e+00  4.63856905e+01  9.84766652e+00  1.79999983e+02
 9.92354096e+00  4.63856905e+01  9.92354096e+00  1.79999983e+02
 1.00000000e+01  4.63856905e+01  1.00000000e+01  1.79999983e+02
 1.00770481e+01  4.63856905e+01  1.00770481e+01  1.79999983e+02
 1.01546899e+01  4.63856905e+01  1.01546899e+01  1.79999983e+02
 1.02329299e+01  4.63856905e+01  1.02329299e+01  1.79999983e+02
 1.03117727e+01  4.63856905e+01  1.03117727e+01  1.79999983e+02
 1.03912230e+01  4.63856905e+01  1.03912230e+01  1.79999983e+02
 1.04712855e+01  4.63856905e+01  1.04712855e+01  1.79999982e+02
 1.05519648e+01  4.63856905e+01  1.05519648e+01  1.79999982e+02
 1.06332657e+01  4.63856905e+01  1.06332657e+01  1.79999982e+02
 1.07151931e+01  4.63856905e+01  1.07151931e+01  1.79999982e+02
 1.07977516e+01  4.63856905e+01  1.07977516e+01  1.79999982e+02
 1.08809463e+01  4.63856905e+01  1.08809463e+01  1.79999982e+02
 1.09647820e+01  4.63856905e+01  1.09647820e+01  1.79999982e+02
 1.10492636e+01  4.63856905e+01  1.10492636e+01  1.79999981e+02
 1.11343961e+01  4.63856905e+01  1.11343961e+01  1.79999981e+02
 1.12201845e+01  4.63856905e+01  1.12201845e+01  1.79999981e+02
 1.13066340e+01  4.63856905e+01  1.13066340e+01  1.79999981e+02
 1.13937495e+01  4.63856905e+01  1.13937495e+01  1.79999981e+02
 1.14815362e+01  4.63856905e+01  1.14815362e+01  1.79999981e+02
 1.15699993e+01  4.63856905e+01  1.15699993e+01  1.79999981e+02
 1.16591440e+01  4.63856905e+01  1.16591440e+01  1.79999980e+02
 1.17489755e+01  4.63856905e+01  1.17489755e+01  1.79999980e+02
 1.18394992e+01  4.63856905e+01  1.18394992e+01  1.79999980e+02
 1.19307204e+01  4.63856905e+01  1.19307204e+01  1.79999980e+02
 1.20226443e+01  4.63856905e+01  1.20226443e+01  1.79999980e+02
 1.21152766e+01  4.63856905e+01  1.21152766e+01  1.79999980e+02
 1.22086225e+01  4.63856905e+01  1.22086225e+01  1.79999979e+02
 1.23026877e+01  4.63856905e+01  1.23026877e+01  1.79999979e+02
 1.23974776e+01  4.63856905e+01  1.23974776e+01  1.79999979e+02
 1.24929979e+01  4.63856905e+01  1.24929979e+01  1.79999979e+02
 1.25892541e+01  4.63856905e+01  1.25892541e+01  1.79999979e+02
 1.26862520e+01  4.63856905e+01  1.26862520e+01  1.79999979e+02
 1.27839972e+01  4.63856905e+01  1.27839972e+01  1.79999979e+02
 1.28824955e+01  4.63856905e+01  1.28824955e+01  1.79999978e+02
 1.29817528e+01  4.63856905e+01  1.29817528e+01  1.79999978e+02
 1.30817747e+01  4.63856905e+01  1.30817747e+01  1.79999978e+02
 1.31825674e+01  4.63856905e+01  1.31825674e+01  1.79999978e+02
 1.32841366e+01  4.63856905e+01  1.32841366e+01  1.79999978e+02
 1.33864884e+01  4.63856905e+01  1.33864884e+01  1.79999978e+02
 1.34896288e+01  4.63856905e+01  1.34896288e+01  1.79999977e+02
 1.35935639e+01  4.63856905e+01  1.35935639e+01  1.79999977e+02
 1.36982998e+01  4.63856905e+01  1.36982998e+01  1.79999977e+02
 1.38038426e+01  4.63856905e+01  1.38038426e+01  1.79999977e+02
 1.39101987e+01  4.63856905e+01  1.39101987e+01  1.79999977e+02
 1.40173742e+01  4.63856905e+01  1.40173742e+01  1.79999976e+02
 1.41253754e+01  4.63856905e+01  1.41253754e+01  1.79999976e+02
 1.42342088e+01  4.63856905e+01  1.42342088e+01  1.79999976e+02
 1.43438808e+01  4.63856905e+01  1.43438808e+01  1.79999976e+02
 1.44543977e+01  4.63856905e+01  1.44543977e+01  1.79999976e+02
 1.45657662e+01  4.63856905e+01  1.45657662e+01  1.79999976e+02
 1.46779927e+01  4.63856905e+01  1.46779927e+01  1.79999975e+02
 1.47910839e+01  4.63856905e+01  1.47910839e+01  1.79999975e+02
 1.49050464e+01  4.63856905e+01  1.49050464e+01  1.79999975e+02
 1.50198870e+01  4.63856905e+01  1.50198870e+01  1.79999975e+02
 1.51356125e+01  4.63856905e+01  1.51356125e+01  1.79999975e+02
 1.52522296e+01  4.63856905e+01  1.52522296e+01  1.79999974e+02
 1.53697452e+01  4.63856905e+01  1.53697452e+01  1.79999974e+02
 1.54881662e+01  4.63856905e+01  1.54881662e+01  1.79999974e+02
 1.56074996e+01  4.63856905e+01  1.56074996e+01  1.79999974e+02
 1.57277525e+01  4.63856905e+01  1.57277525e+01  1.79999974e+02
 1.58489319e+01  4.63856905e+01  1.58489319e+01  1.79999973e+02
 1.59710450e+01  4.63856905e+01  1.59710450e+01  1.79999973e+02
 1.60940989e+01  4.63856905e+01  1.60940989e+01  1.79999973e+02
 1.62181010e+01  4.63856905e+01  1.62181010e+01  1.79999973e+02
 1.63430584e+01  4.63856905e+01  1.63430584e+01  1.79999973e+02
 1.64689787e+01  4.63856905e+01  1.64689787e+01  1.79999972e+02
 1.65958691e+01  4.63856905e+01  1.65958691e+01  1.79999972e+02
 1.67237372e+01  4.63856905e+01  1.67237372e+01  1.79999972e+02
 1.68525904e+01  4.63856905e+01  1.68525904e+01  1.79999972e+02
 1.69824365e+01  4.63856905e+01  1.69824365e+01  1.79999971e+02
 1.71132830e+01  4.63856905e+01  1.71132830e+01  1.79999971e+02
 1.72451377e+01  4.63856905e+01  1.72451377e+01  1.79999971e+02
 1.73780083e+01  4.63856905e+01  1.73780083e+01  1.79999971e+02
 1.75119026e+01  4.63856905e+01  1.75119026e+01  1.79999971e+02
 1.76468286e+01  4.63856905e+01  1.76468286e+01  1.79999970e+02
 1.77827941e+01  4.63856905e+01  1.77827941e+01  1.79999970e+02
 1.79198072e+01  4.63856905e+01  1.79198072e+01  1.79999970e+02
 1.80578760e+01  4.63856905e+01  1.80578760e+01  1.79999970e+02
 1.81970086e+01  4.63856905e+01  1.81970086e+01  1.79999969e+02
 1.83372132e+01  4.63856905e+01  1.83372132e+01  1.79999969e+02
 1.84784980e+01  4.63856905e+01  1.84784980e+01  1.79999969e+02
 1.86208714e+01  4.63856905e+01  1.86208714e+01  1.79999969e+02
 1.87643417e+01  4.63856905e+01  1.87643417e+01  1.79999968e+02
 1.89089175e+01  4.63856905e+01  1.89089175e+01  1.79999968e+02
 1.90546072e+01  4.63856905e+01  1.90546072e+01  1.79999968e+02
 1.92014194e+01  4.63856905e+01  1.92014194e+01  1.79999968e+02
 1.93493628e+01  4.63856905e+01  1.93493628e+01  1.79999967e+02
 1.94984460e+01  4.63856905e+01  1.94984460e+01  1.79999967e+02
 1.96486779e+01  4.63856905e+01  1.96486779e+01  1.79999967e+02
 1.98000673e+01  4.63856905e+01  1.98000673e+01  1.79999967e+02
 1.99526231e+01  4.63856905e+01  1.99526231e+01  1.79999966e+02
 2.01063544e+01  4.63856905e+01  2.01063544e+01  1.79999966e+02
 2.02612701e+01  4.63856905e+01  2.02612701e+01  1.79999966e+02
 2.04173794e+01  4.63856905e+01  2.04173794e+01  1.79999966e+02
 2.05746916e+01  4.63856905e+01  2.05746916e+01  1.79999965e+02
 2.07332157e+01  4.63856905e+01  2.07332157e+01  1.79999965e+02
 2.08929613e+01  4.63856905e+01  2.08929613e+01  1.79999965e+02
 2.10539377e+01  4.63856905e+01  2.10539377e+01  1.79999965e+02
 2.12161544e+01  4.63856905e+01  2.12161544e+01  1.79999964e+02
 2.13796209e+01  4.63856905e+01  2.13796209e+01  1.79999964e+02
 2.15443469e+01  4.63856905e+01  2.15443469e+01  1.79999964e+02
 2.17103421e+01  4.63856905e+01  2.17103421e+01  1.79999964e+02
 2.18776162e+01  4.63856905e+01  2.18776162e+01  1.79999963e+02
 2.20461792e+01  4.63856905e+01  2.20461792e+01  1.79999963e+02
 2.22160409e+01  4.63856905e+01  2.22160409e+01  1.79999963e+02
 2.23872114e+01  4.63856905e+01  2.23872114e+01  1.79999962e+02
 2.25597007e+01  4.63856905e+01  2.25597007e+01  1.79999962e+02
 2.27335190e+01  4.63856905e+01  2.27335190e+01  1.79999962e+02
 2.29086765e+01  4.63856905e+01  2.29086765e+01  1.79999962e+02
 2.30851836e+01  4.63856905e+01  2.30851836e+01  1.79999961e+02
 2.32630507e+01  4.63856905e+01  2.32630507e+01  1.79999961e+02
 2.34422882e+01  4.63856905e+01  2.34422882e+01  1.79999961e+02
 2.36229066e+01  4.63856905e+01  2.36229066e+01  1.79999960e+02
 2.38049167e+01  4.63856905e+01  2.38049167e+01  1.79999960e+02
 2.39883292e+01  4.63856905e+01  2.39883292e+01  1.79999960e+02
 2.41731548e+01  4.63856905e+01  2.41731548e+01  1.79999959e+02
 2.43594045e+01  4.63856905e+01  2.43594045e+01  1.79999959e+02
 2.45470892e+01  4.63856905e+01  2.45470892e+01  1.79999959e+02
 2.47362199e+01  4.63856905e+01  2.47362199e+01  1.79999958e+02
 2.49268079e+01  4.63856905e+01  2.49268079e+01  1.79999958e+02
 2.51188643e+01  4.63856905e+01  2.51188643e+01  1.79999958e+02
 2.53124005e+01  4.63856905e+01  2.53124005e+01  1.79999957e+02
 2.55074278e+01  4.63856905e+01  2.55074278e+01  1.79999957e+02
 2.57039578e+01  4.63856905e+01  2.57039578e+01  1.79999957e+02
 2.59020020e+01  4.63856905e+01  2.59020020e+01  1.79999956e+02
 2.61015722e+01  4.63856905e+01  2.61015722e+01  1.79999956e+02
 2.63026799e+01  4.63856905e+01  2.63026799e+01  1.79999956e+02
 2.65053372e+01  4.63856905e+01  2.65053372e+01  1.79999955e+02
 2.67095559e+01  4.63856905e+01  2.67095559e+01  1.79999955e+02
 2.69153480e+01  4.63856905e+01  2.69153480e+01  1.79999955e+02
 2.71227258e+01  4.63856905e+01  2.71227258e+01  1.79999954e+02
 2.73317014e+01  4.63856905e+01  2.73317014e+01  1.79999954e+02
 2.75422870e+01  4.63856905e+01  2.75422870e+01  1.79999954e+02
 2.77544952e+01  4.63856905e+01  2.77544952e+01  1.79999953e+02
 2.79683385e+01  4.63856905e+01  2.79683385e+01  1.79999953e+02
 2.81838293e+01  4.63856905e+01  2.81838293e+01  1.79999953e+02
 2.84009805e+01  4.63856905e+01  2.84009805e+01  1.79999952e+02
 2.86198048e+01  4.63856905e+01  2.86198048e+01  1.79999952e+02
 2.88403150e+01  4.63856905e+01  2.88403150e+01  1.79999952e+02
 2.90625243e+01  4.63856905e+01  2.90625243e+01  1.79999951e+02
 2.92864456e+01  4.63856905e+01  2.92864456e+01  1.79999951e+02
 2.95120923e+01  4.63856905e+01  2.95120923e+01  1.79999950e+02
 2.97394775e+01  4.63856905e+01  2.97394775e+01  1.79999950e+02
 2.99686146e+01  4.63856905e+01  2.99686146e+01  1.79999950e+02
 3.01995172e+01  4.63856905e+01  3.01995172e+01  1.79999949e+02
 3.04321989e+01  4.63856905e+01  3.04321989e+01  1.79999949e+02
 3.06666733e+01  4.63856905e+01  3.06666733e+01  1.79999948e+02
 3.09029543e+01  4.63856905e+01  3.09029543e+01  1.79999948e+02
 3.11410558e+01  4.63856905e+01  3.11410558e+01  1.79999948e+02
 3.13809919e+01  4.63856905e+01  3.13809919e+01  1.79999947e+02
 3.16227766e+01  4.63856905e+01  3.16227766e+01  1.79999947e+02
 3.18664242e+01  4.63856905e+01  3.18664242e+01  1.79999946e+02
 3.21119491e+01  4.63856905e+01  3.21119491e+01  1.79999946e+02
 3.23593657e+01  4.63856905e+01  3.23593657e+01  1.79999946e+02
 3.26086886e+01  4.63856905e+01  3.26086886e+01  1.79999945e+02
 3.28599325e+01  4.63856905e+01  3.28599325e+01  1.79999945e+02
 3.31131121e+01  4.63856905e+01  3.31131121e+01  1.79999944e+02
 3.33682425e+01  4.63856905e+01  3.33682425e+01  1.79999944e+02
 3.36253386e+01  4.63856905e+01  3.36253386e+01  1.79999944e+02
 3.38844156e+01  4.63856905e+01  3.38844156e+01  1.79999943e+02
 3.41454887e+01  4.63856905e+01  3.41454887e+01  1.79999943e+02
 3.44085734e+01  4.63856905e+01  3.44085734e+01  1.79999942e+02
 3.46736850e+01  4.63856905e+01  3.46736850e+01  1.79999942e+02
 3.49408393e+01  4.63856905e+01  3.49408393e+01  1.79999941e+02
 3.52100520e+01  4.63856905e+01  3.52100520e+01  1.79999941e+02
 3.54813389e+01  4.63856905e+01  3.54813389e+01  1.79999940e+02
 3.57547160e+01  4.63856905e+01  3.57547160e+01  1.79999940e+02
 3.60301995e+01  4.63856905e+01  3.60301995e+01  1.79999939e+02
 3.63078055e+01  4.63856905e+01  3.63078055e+01  1.79999939e+02
 3.65875504e+01  4.63856905e+01  3.65875504e+01  1.79999939e+02
 3.68694506e+01  4.63856905e+01  3.68694506e+01  1.79999938e+02
 3.71535229e+01  4.63856905e+01  3.71535229e+01  1.79999938e+02
 3.74397839e+01  4.63856905e+01  3.74397839e+01  1.79999937e+02
 3.77282505e+01  4.63856905e+01  3.77282505e+01  1.79999937e+02
 3.80189396e+01  4.63856905e+01  3.80189396e+01  1.79999936e+02
 3.83118685e+01  4.63856905e+01  3.83118685e+01  1.79999936e+02
 3.86070543e+01  4.63856905e+01  3.86070543e+01  1.79999935e+02
 3.89045145e+01  4.63856905e+01  3.89045145e+01  1.79999935e+02
 3.92042666e+01  4.63856905e+01  3.92042666e+01  1.79999934e+02
 3.95063281e+01  4.63856905e+01  3.95063281e+01  1.79999934e+02
 3.98107171e+01  4.63856905e+01  3.98107171e+01  1.79999933e+02
 4.01174512e+01  4.63856905e+01  4.01174512e+01  1.79999933e+02
 4.04265487e+01  4.63856905e+01  4.04265487e+01  1.79999932e+02
 4.07380278e+01  4.63856905e+01  4.07380278e+01  1.79999932e+02
 4.10519067e+01  4.63856905e+01  4.10519067e+01  1.79999931e+02
 4.13682040e+01  4.63856905e+01  4.13682040e+01  1.79999931e+02
 4.16869383e+01  4.63856905e+01  4.16869383e+01  1.79999930e+02
 4.20081285e+01  4.63856905e+01  4.20081285e+01  1.79999929e+02
 4.23317933e+01  4.63856905e+01  4.23317933e+01  1.79999929e+02
 4.26579519e+01  4.63856905e+01  4.26579519e+01  1.79999928e+02
 4.29866235e+01  4.63856905e+01  4.29866235e+01  1.79999928e+02
 4.33178274e+01  4.63856905e+01  4.33178274e+01  1.79999927e+02
 4.36515832e+01  4.63856905e+01  4.36515832e+01  1.79999927e+02
 4.39879106e+01  4.63856905e+01  4.39879106e+01  1.79999926e+02
 4.43268292e+01  4.63856905e+01  4.43268292e+01  1.79999926e+02
 4.46683592e+01  4.63856905e+01  4.46683592e+01  1.79999925e+02
 4.50125206e+01  4.63856905e+01  4.50125206e+01  1.79999924e+02
 4.53593337e+01  4.63856905e+01  4.53593337e+01  1.79999924e+02
 4.57088190e+01  4.63856905e+01  4.57088190e+01  1.79999923e+02
 4.60609969e+01  4.63856905e+01  4.60609969e+01  1.79999923e+02
 4.64158883e+01  4.63856905e+01  4.64158883e+01  1.79999922e+02
 4.67735141e+01  4.63856905e+01  4.67735141e+01  1.79999921e+02
 4.71338954e+01  4.63856905e+01  4.71338954e+01  1.79999921e+02
 4.74970533e+01  4.63856905e+01  4.74970533e+01  1.79999920e+02
 4.78630092e+01  4.63856905e+01  4.78630092e+01  1.79999920e+02
 4.82317848e+01  4.63856905e+01  4.82317848e+01  1.79999919e+02
 4.86034018e+01  4.63856905e+01  4.86034018e+01  1.79999918e+02
 4.89778819e+01  4.63856905e+01  4.89778819e+01  1.79999918e+02
 4.93552474e+01  4.63856905e+01  4.93552474e+01  1.79999917e+02
 4.97355204e+01  4.63856905e+01  4.97355204e+01  1.79999916e+02
 5.01187234e+01  4.63856905e+01  5.01187234e+01  1.79999916e+02
 5.05048788e+01  4.63856905e+01  5.05048788e+01  1.79999915e+02
 5.08940095e+01  4.63856905e+01  5.08940095e+01  1.79999915e+02
 5.12861384e+01  4.63856905e+01  5.12861384e+01  1.79999914e+02
 5.16812886e+01  4.63856905e+01  5.16812886e+01  1.79999913e+02
 5.20794833e+01  4.63856905e+01  5.20794833e+01  1.79999913e+02
 5.24807460e+01  4.63856905e+01  5.24807460e+01  1.79999912e+02
 5.28851004e+01  4.63856905e+01  5.28851004e+01  1.79999911e+02
 5.32925703e+01  4.63856905e+01  5.32925703e+01  1.79999910e+02
 5.37031796e+01  4.63856905e+01  5.37031796e+01  1.79999910e+02
 5.41169527e+01  4.63856905e+01  5.41169527e+01  1.79999909e+02
 5.45339137e+01  4.63856905e+01  5.45339137e+01  1.79999908e+02
 5.49540874e+01  4.63856905e+01  5.49540874e+01  1.79999908e+02
 5.53774984e+01  4.63856905e+01  5.53774984e+01  1.79999907e+02
 5.58041717e+01  4.63856905e+01  5.58041717e+01  1.79999906e+02
 5.62341325e+01  4.63856905e+01  5.62341325e+01  1.79999906e+02
 5.66674061e+01  4.63856905e+01  5.66674061e+01  1.79999905e+02
 5.71040179e+01  4.63856905e+01  5.71040179e+01  1.79999904e+02
 5.75439937e+01  4.63856905e+01  5.75439937e+01  1.79999903e+02
 5.79873595e+01  4.63856905e+01  5.79873595e+01  1.79999903e+02
 5.84341413e+01  4.63856906e+01  5.84341413e+01  1.79999902e+02
 5.88843655e+01  4.63856906e+01  5.88843655e+01  1.79999901e+02
 5.93380586e+01  4.63856906e+01  5.93380586e+01  1.79999900e+02
 5.97952473e+01  4.63856906e+01  5.97952473e+01  1.79999900e+02
 6.02559586e+01  4.63856906e+01  6.02559586e+01  1.79999899e+02
 6.07202196e+01  4.63856906e+01  6.07202196e+01  1.79999898e+02
 6.11880576e+01  4.63856906e+01  6.11880576e+01  1.79999897e+02
 6.16595002e+01  4.63856906e+01  6.16595002e+01  1.79999896e+02
 6.21345752e+01  4.63856906e+01  6.21345752e+01  1.79999896e+02
 6.26133105e+01  4.63856906e+01  6.26133105e+01  1.79999895e+02
 6.30957344e+01  4.63856906e+01  6.30957344e+01  1.79999894e+02
 6.35818754e+01  4.63856906e+01  6.35818754e+01  1.79999893e+02
 6.40717619e+01  4.63856906e+01  6.40717619e+01  1.79999892e+02
 6.45654229e+01  4.63856906e+01  6.45654229e+01  1.79999892e+02
 6.50628875e+01  4.63856906e+01  6.50628875e+01  1.79999891e+02
 6.55641849e+01  4.63856906e+01  6.55641849e+01  1.79999890e+02
 6.60693448e+01  4.63856906e+01  6.60693448e+01  1.79999889e+02
 6.65783968e+01  4.63856906e+01  6.65783968e+01  1.79999888e+02
 6.70913710e+01  4.63856906e+01  6.70913710e+01  1.79999887e+02
 6.76082975e+01  4.63856906e+01  6.76082975e+01  1.79999886e+02
 6.81292069e+01  4.63856906e+01  6.81292069e+01  1.79999886e+02
 6.86541298e+01  4.63856906e+01  6.86541298e+01  1.79999885e+02
 6.91830971e+01  4.63856906e+01  6.91830971e+01  1.79999884e+02
 6.97161400e+01  4.63856906e+01  6.97161400e+01  1.79999883e+02
 7.02532899e+01  4.63856906e+01  7.02532899e+01  1.79999882e+02
 7.07945784e+01  4.63856906e+01  7.07945784e+01  1.79999881e+02
 7.13400375e+01  4.63856906e+01  7.13400375e+01  1.79999880e+02
 7.18896992e+01  4.63856906e+01  7.18896992e+01  1.79999879e+02
 7.24435960e+01  4.63856906e+01  7.24435960e+01  1.79999878e+02
 7.30017605e+01  4.63856906e+01  7.30017605e+01  1.79999877e+02
 7.35642254e+01  4.63856906e+01  7.35642254e+01  1.79999876e+02
 7.41310241e+01  4.63856906e+01  7.41310241e+01  1.79999875e+02
 7.47021899e+01  4.63856906e+01  7.47021899e+01  1.79999875e+02
 7.52777564e+01  4.63856906e+01  7.52777564e+01  1.79999874e+02
 7.58577575e+01  4.63856906e+01  7.58577575e+01  1.79999873e+02
 7.64422274e+01  4.63856906e+01  7.64422274e+01  1.79999872e+02
 7.70312006e+01  4.63856906e+01  7.70312006e+01  1.79999871e+02
 7.76247117e+01  4.63856906e+01  7.76247117e+01  1.79999870e+02
 7.82227956e+01  4.63856906e+01  7.82227956e+01  1.79999869e+02
 7.88254877e+01  4.63856906e+01  7.88254877e+01  1.79999868e+02
 7.94328235e+01  4.63856906e+01  7.94328235e+01  1.79999867e+02
 8.00448386e+01  4.63856906e+01  8.00448386e+01  1.79999866e+02
 8.06615692e+01  4.63856906e+01  8.06615692e+01  1.79999864e+02
 8.12830516e+01  4.63856906e+01  8.12830516e+01  1.79999863e+02
 8.19093224e+01  4.63856906e+01  8.19093224e+01  1.79999862e+02
 8.25404185e+01  4.63856906e+01  8.25404185e+01  1.79999861e+02
 8.31763771e+01  4.63856906e+01  8.31763771e+01  1.79999860e+02
 8.38172356e+01  4.63856906e+01  8.38172356e+01  1.79999859e+02
 8.44630319e+01  4.63856906e+01  8.44630319e+01  1.79999858e+02
 8.51138038e+01  4.63856906e+01  8.51138038e+01  1.79999857e+02
 8.57695899e+01  4.63856906e+01  8.57695899e+01  1.79999856e+02
 8.64304286e+01  4.63856906e+01  8.64304286e+01  1.79999855e+02
 8.70963590e+01  4.63856906e+01  8.70963590e+01  1.79999854e+02
 8.77674203e+01  4.63856906e+01  8.77674203e+01  1.79999853e+02
 8.84436519e+01  4.63856906e+01  8.84436519e+01  1.79999851e+02
 8.91250938e+01  4.63856906e+01  8.91250938e+01  1.79999850e+02
 8.98117861e+01  4.63856906e+01  8.98117861e+01  1.79999849e+02
 9.05037692e+01  4.63856906e+01  9.05037692e+01  1.79999848e+02
 9.12010839e+01  4.63856906e+01  9.12010839e+01  1.79999847e+02
 9.19037713e+01  4.63856906e+01  9.19037713e+01  1.79999846e+02
 9.26118728e+01  4.63856906e+01  9.26118728e+01  1.79999844e+02
 9.33254301e+01  4.63856906e+01  9.33254301e+01  1.79999843e+02
 9.40444852e+01  4.63856906e+01  9.40444852e+01  1.79999842e+02
 9.47690805e+01  4.63856906e+01  9.47690805e+01  1.79999841e+02
 9.54992586e+01  4.63856906e+01  9.54992586e+01  1.79999840e+02
 9.62350626e+01  4.63856906e+01  9.62350626e+01  1.79999838e+02
 9.69765359e+01  4.63856906e+01  9.69765359e+01  1.79999837e+02
 9.77237221e+01  4.63856906e+01  9.77237221e+01  1.79999836e+02
 9.84766652e+01  4.63856906e+01  9.84766652e+01  1.79999835e+02
 9.92354096e+01  4.63856906e+01  9.92354096e+01  1.79999833e+02
 1.00000000e+02  4.63856906e+01  1.00000000e+02  1.79999832e+02
 1.00770481e+02  4.63856906e+01  1.00770481e+02  1.79999831e+02
 1.01546899e+02  4.63856906e+01  1.01546899e+02  1.79999829e+02
 1.02329299e+02  4.63856906e+01  1.02329299e+02  1.79999828e+02
 1.03117727e+02  4.63856906e+01  1.03117727e+02  1.79999827e+02
 1.03912230e+02  4.63856906e+01  1.03912230e+02  1.79999825e+02
 1.04712855e+02  4.63856906e+01  1.04712855e+02  1.79999824e+02
 1.05519648e+02  4.63856906e+01  1.05519648e+02  1.79999823e+02
 1.06332657e+02  4.63856906e+01  1.06332657e+02  1.79999821e+02
 1.07151931e+02  4.63856906e+01  1.07151931e+02  1.79999820e+02
 1.07977516e+02  4.63856906e+01  1.07977516e+02  1.79999819e+02
 1.08809463e+02  4.63856906e+01  1.08809463e+02  1.79999817e+02
 1.09647820e+02  4.63856906e+01  1.09647820e+02  1.79999816e+02
 1.10492636e+02  4.63856906e+01  1.10492636e+02  1.79999814e+02
 1.11343961e+02  4.63856906e+01  1.11343961e+02  1.79999813e+02
 1.12201845e+02  4.63856906e+01  1.12201845e+02  1.79999812e+02
 1.13066340e+02  4.63856906e+01  1.13066340e+02  1.79999810e+02
 1.13937495e+02  4.63856906e+01  1.13937495e+02  1.79999809e+02
 1.14815362e+02  4.63856906e+01  1.14815362e+02  1.79999807e+02
 1.15699993e+02  4.63856906e+01  1.15699993e+02  1.79999806e+02
 1.16591440e+02  4.63856906e+01  1.16591440e+02  1.79999804e+02
 1.17489755e+02  4.63856906e+01  1.17489755e+02  1.79999803e+02
 1.18394992e+02  4.63856906e+01  1.18394992e+02  1.79999801e+02
 1.19307204e+02  4.63856906e+01  1.19307204e+02  1.79999800e+02
 1.20226443e+02  4.63856906e+01  1.20226443e+02  1.79999798e+02
 1.21152766e+02  4.63856906e+01  1.21152766e+02  1.79999796e+02
 1.22086225e+02  4.63856906e+01  1.22086225e+02  1.79999795e+02
 1.23026877e+02  4.63856906e+01  1.23026877e+02  1.79999793e+02
 1.23974776e+02  4.63856906e+01  1.23974776e+02  1.79999792e+02
 1.24929979e+02  4.63856906e+01  1.24929979e+02  1.79999790e+02
 1.25892541e+02  4.63856906e+01  1.25892541e+02  1.79999789e+02
 1.26862520e+02  4.63856906e+01  1.26862520e+02  1.79999787e+02
 1.27839972e+02  4.63856906e+01  1.27839972e+02  1.79999785e+02
 1.28824955e+02  4.63856906e+01  1.28824955e+02  1.79999784e+02
 1.29817528e+02  4.63856906e+01  1.29817528e+02  1.79999782e+02
 1.30817747e+02  4.63856906e+01  1.30817747e+02  1.79999780e+02
 1.31825674e+02  4.63856906e+01  1.31825674e+02  1.79999779e+02
 1.32841366e+02  4.63856906e+01  1.32841366e+02  1.79999777e+02
 1.33864884e+02  4.63856906e+01  1.33864884e+02  1.79999775e+02
 1.34896288e+02  4.63856906e+01  1.34896288e+02  1.79999773e+02
 1.35935639e+02  4.63856906e+01  1.35935639e+02  1.79999772e+02
 1.36982998e+02  4.63856906e+01  1.36982998e+02  1.79999770e+02
 1.38038426e+02  4.63856906e+01  1.38038426e+02  1.79999768e+02
 1.39101987e+02  4.63856906e+01  1.39101987e+02  1.79999766e+02
 1.40173742e+02  4.63856906e+01  1.40173742e+02  1.79999765e+02
 1.41253754e+02  4.63856906e+01  1.41253754e+02  1.79999763e+02
 1.42342088e+02  4.63856906e+01  1.42342088e+02  1.79999761e+02
 1.43438808e+02  4.63856906e+01  1.43438808e+02  1.79999759e+02
 1.44543977e+02  4.63856906e+01  1.44543977e+02  1.79999757e+02
 1.45657662e+02  4.63856906e+01  1.45657662e+02  1.79999755e+02
 1.46779927e+02  4.63856906e+01  1.46779927e+02  1.79999753e+02
 1.47910839e+02  4.63856906e+01  1.47910839e+02  1.79999752e+02
 1.49050464e+02  4.63856906e+01  1.49050464e+02  1.79999750e+02
 1.50198870e+02  4.63856906e+01  1.50198870e+02  1.79999748e+02
 1.51356125e+02  4.63856906e+01  1.51356125e+02  1.79999746e+02
 1.52522296e+02  4.63856906e+01  1.52522296e+02  1.79999744e+02
 1.53697452e+02  4.63856906e+01  1.53697452e+02  1.79999742e+02
 1.54881662e+02  4.63856906e+01  1.54881662e+02  1.79999740e+02
 1.56074996e+02  4.63856906e+01  1.56074996e+02  1.79999738e+02
 1.57277525e+02  4.63856906e+01  1.57277525e+02  1.79999736e+02
 1.58489319e+02  4.63856906e+01  1.58489319e+02  1.79999734e+02
 1.59710450e+02  4.63856906e+01  1.59710450e+02  1.79999732e+02
 1.60940989e+02  4.63856906e+01  1.60940989e+02  1.79999730e+02
 1.62181010e+02  4.63856906e+01  1.62181010e+02  1.79999728e+02
 1.63430584e+02  4.63856906e+01  1.63430584e+02  1.79999725e+02
 1.64689787e+02  4.63856906e+01  1.64689787e+02  1.79999723e+02
 1.65958691e+02  4.63856906e+01  1.65958691e+02  1.79999721e+02
 1.67237372e+02  4.63856906e+01  1.67237372e+02  1.79999719e+02
 1.68525904e+02  4.63856906e+01  1.68525904e+02  1.79999717e+02
 1.69824365e+02  4.63856906e+01  1.69824365e+02  1.79999715e+02
 1.71132830e+02  4.63856906e+01  1.71132830e+02  1.79999713e+02
 1.72451377e+02  4.63856906e+01  1.72451377e+02  1.79999710e+02
 1.73780083e+02  4.63856906e+01  1.73780083e+02  1.79999708e+02
 1.75119026e+02  4.63856906e+01  1.75119026e+02  1.79999706e+02
 1.76468286e+02  4.63856906e+01  1.76468286e+02  1.79999704e+02
 1.77827941e+02  4.63856906e+01  1.77827941e+02  1.79999701e+02
 1.79198072e+02  4.63856906e+01  1.79198072e+02  1.79999699e+02
 1.80578760e+02  4.63856906e+01  1.80578760e+02  1.79999697e+02
 1.81970086e+02  4.63856906e+01  1.81970086e+02  1.79999694e+02
 1.83372132e+02  4.63856906e+01  1.83372132e+02  1.79999692e+02
 1.84784980e+02  4.63856906e+01  1.84784980e+02  1.79999690e+02
 1.86208714e+02  4.63856906e+01  1.86208714e+02  1.79999687e+02
 1.87643417e+02  4.63856906e+01  1.87643417e+02  1.79999685e+02
 1.89089175e+02  4.63856906e+01  1.89089175e+02  1.79999682e+02
 1.90546072e+02  4.63856906e+01  1.90546072e+02  1.79999680e+02
 1.92014194e+02  4.63856906e+01  1.92014194e+02  1.79999677e+02
 1.93493628e+02  4.63856906e+01  1.93493628e+02  1.79999675e+02
 1.94984460e+02  4.63856906e+01  1.94984460e+02  1.79999672e+02
 1.96486779e+02  4.63856906e+01  1.96486779e+02  1.79999670e+02
 1.98000673e+02  4.63856906e+01  1.98000673e+02  1.79999667e+02
 1.99526231e+02  4.63856906e+01  1.99526231e+02  1.79999665e+02
 2.01063544e+02  4.63856906e+01  2.01063544e+02  1.79999662e+02
 2.02612701e+02  4.63856906e+01  2.02612701e+02  1.79999660e+02
 2.04173794e+02  4.63856906e+01  2.04173794e+02  1.79999657e+02
 2.05746916e+02  4.63856906e+01  2.05746916e+02  1.79999654e+02
 2.07332157e+02  4.63856906e+01  2.07332157e+02  1.79999652e+02
 2.08929613e+02  4.63856906e+01  2.08929613e+02  1.79999649e+02
 2.10539377e+02  4.63856906e+01  2.10539377e+02  1.79999646e+02
 2.12161544e+02  4.63856906e+01  2.12161544e+02  1.79999644e+02
 2.13796209e+02  4.63856906e+01  2.13796209e+02  1.79999641e+02
 2.15443469e+02  4.63856906e+01  2.15443469e+02  1.79999638e+02
 2.17103421e+02  4.63856906e+01  2.17103421e+02  1.79999635e+02
 2.18776162e+02  4.63856906e+01  2.18776162e+02  1.79999632e+02
 2.20461792e+02  4.63856906e+01  2.20461792e+02  1.79999630e+02
 2.22160409e+02  4.63856906e+01  2.22160409e+02  1.79999627e+02
 2.23872114e+02  4.63856906e+01  2.23872114e+02  1.79999624e+02
 2.25597007e+02  4.63856906e+01  2.25597007e+02  1.79999621e+02
 2.27335190e+02  4.63856906e+01  2.27335190e+02  1.79999618e+02
 2.29086765e+02  4.63856906e+01  2.29086765e+02  1.79999615e+02
 2.30851836e+02  4.63856906e+01  2.30851836e+02  1.79999612e+02
 2.32630507e+02  4.63856906e+01  2.32630507e+02  1.79999609e+02
 2.34422882e+02  4.63856906e+01  2.34422882e+02  1.79999606e+02
 2.36229066e+02  4.63856906e+01  2.36229066e+02  1.79999603e+02
 2.38049167e+02  4.63856906e+01  2.38049167e+02  1.79999600e+02
 2.39883292e+02  4.63856906e+01  2.39883292e+02  1.79999597e+02
 2.41731548e+02  4.63856906e+01  2.41731548e+02  1.79999594e+02
 2.43594045e+02  4.63856906e+01  2.43594045e+02  1.79999591e+02
 2.45470892e+02  4.63856906e+01  2.45470892e+02  1.79999588e+02
 2.47362199e+02  4.63856906e+01  2.47362199e+02  1.79999584e+02
 2.49268079e+02  4.63856906e+01  2.49268079e+02  1.79999581e+02
 2.51188643e+02  4.63856906e+01  2.51188643e+02  1.79999578e+02
 2.53124005e+02  4.63856906e+01  2.53124005e+02  1.79999575e+02
 2.55074278e+02  4.63856906e+01  2.55074278e+02  1.79999571e+02
 2.57039578e+02  4.63856906e+01  2.57039578e+02  1.79999568e+02
 2.59020020e+02  4.63856906e+01  2.59020020e+02  1.79999565e+02
 2.61015722e+02  4.63856906e+01  2.61015722e+02  1.79999562e+02
 2.63026799e+02  4.63856906e+01  2.63026799e+02  1.79999558e+02
 2.65053372e+02  4.63856906e+01  2.65053372e+02  1.79999555e+02
 2.67095559e+02  4.63856906e+01  2.67095559e+02  1.79999551e+02
 2.69153480e+02  4.63856906e+01  2.69153480e+02  1.79999548e+02
 2.71227258e+02  4.63856906e+01  2.71227258e+02  1.79999544e+02
 2.73317014e+02  4.63856906e+01  2.73317014e+02  1.79999541e+02
 2.75422870e+02  4.63856906e+01  2.75422870e+02  1.79999537e+02
 2.77544952e+02  4.63856906e+01  2.77544952e+02  1.79999534e+02
 2.79683385e+02  4.63856906e+01  2.79683385e+02  1.79999530e+02
 2.81838293e+02  4.63856906e+01  2.81838293e+02  1.79999527e+02
 2.84009805e+02  4.63856906e+01  2.84009805e+02  1.79999523e+02
 2.86198048e+02  4.63856906e+01  2.86198048e+02  1.79999519e+02
 2.88403150e+02  4.63856906e+01  2.88403150e+02  1.79999516e+02
 2.90625243e+02  4.63856906e+01  2.90625243e+02  1.79999512e+02
 2.92864456e+02  4.63856906e+01  2.92864456e+02  1.79999508e+02
 2.95120923e+02  4.63856906e+01  2.95120923e+02  1.79999504e+02
 2.97394775e+02  4.63856906e+01  2.97394775e+02  1.79999500e+02
 2.99686146e+02  4.63856906e+01  2.99686146e+02  1.79999497e+02
 3.01995172e+02  4.63856906e+01  3.01995172e+02  1.79999493e+02
 3.04321989e+02  4.63856906e+01  3.04321989e+02  1.79999489e+02
 3.06666733e+02  4.63856906e+01  3.06666733e+02  1.79999485e+02
 3.09029543e+02  4.63856906e+01  3.09029543e+02  1.79999481e+02
 3.11410558e+02  4.63856906e+01  3.11410558e+02  1.79999477e+02
 3.13809919e+02  4.63856906e+01  3.13809919e+02  1.79999473e+02
 3.16227766e+02  4.63856906e+01  3.16227766e+02  1.79999469e+02
 3.18664242e+02  4.63856906e+01  3.18664242e+02  1.79999465e+02
 3.21119491e+02  4.63856906e+01  3.21119491e+02  1.79999461e+02
 3.23593657e+02  4.63856906e+01  3.23593657e+02  1.79999456e+02
 3.26086886e+02  4.63856906e+01  3.26086886e+02  1.79999452e+02
 3.28599325e+02  4.63856906e+01  3.28599325e+02  1.79999448e+02
 3.31131121e+02  4.63856906e+01  3.31131121e+02  1.79999444e+02
 3.33682425e+02  4.63856906e+01  3.33682425e+02  1.79999439e+02
 3.36253386e+02  4.63856906e+01  3.36253386e+02  1.79999435e+02
 3.38844156e+02  4.63856906e+01  3.38844156e+02  1.79999431e+02
 3.41454887e+02  4.63856906e+01  3.41454887e+02  1.79999426e+02
 3.44085734e+02  4.63856906e+01  3.44085734e+02  1.79999422e+02
 3.46736850e+02  4.63856906e+01  3.46736850e+02  1.79999418e+02
 3.49408393e+02  4.63856906e+01  3.49408393e+02  1.79999413e+02
 3.52100520e+02  4.63856906e+01  3.52100520e+02  1.79999409e+02
 3.54813389e+02  4.63856906e+01  3.54813389e+02  1.79999404e+02
 3.57547160e+02  4.63856906e+01  3.57547160e+02  1.79999399e+02
 3.60301995e+02  4.63856906e+01  3.60301995e+02  1.79999395e+02
 3.63078055e+02  4.63856906e+01  3.63078055e+02  1.79999390e+02
 3.65875504e+02  4.63856907e+01  3.65875504e+02  1.79999385e+02
 3.68694506e+02  4.63856907e+01  3.68694506e+02  1.79999381e+02
 3.71535229e+02  4.63856907e+01  3.71535229e+02  1.79999376e+02
 3.74397839e+02  4.63856907e+01  3.74397839e+02  1.79999371e+02
 3.77282505e+02  4.63856907e+01  3.77282505e+02  1.79999366e+02
 3.80189396e+02  4.63856907e+01  3.80189396e+02  1.79999361e+02
 3.83118685e+02  4.63856907e+01  3.83118685e+02  1.79999356e+02
 3.86070543e+02  4.63856907e+01  3.86070543e+02  1.79999351e+02
 3.89045145e+02  4.63856907e+01  3.89045145e+02  1.79999346e+02
 3.92042666e+02  4.63856907e+01  3.92042666e+02  1.79999341e+02
 3.95063281e+02  4.63856907e+01  3.95063281e+02  1.79999336e+02
 3.98107171e+02  4.63856907e+01  3.98107171e+02  1.79999331e+02
 4.01174512e+02  4.63856907e+01  4.01174512e+02  1.79999326e+02
 4.04265487e+02  4.63856907e+01  4.04265487e+02  1.79999321e+02
 4.07380278e+02  4.63856907e+01  4.07380278e+02  1.79999316e+02
 4.10519067e+02  4.63856907e+01  4.10519067e+02  1.79999310e+02
 4.13682040e+02  4.63856907e+01  4.13682040e+02  1.79999305e+02
 4.16869383e+02  4.63856907e+01  4.16869383e+02  1.79999300e+02
 4.20081285e+02  4.63856907e+01  4.20081285e+02  1.79999294e+02
 4.23317933e+02  4.63856907e+01  4.23317933e+02  1.79999289e+02
 4.26579519e+02  4.63856907e+01  4.26579519e+02  1.79999283e+02
 4.29866235e+02  4.63856907e+01  4.29866235e+02  1.79999278e+02
 4.33178274e+02  4.63856907e+01  4.33178274e+02  1.79999272e+02
 4.36515832e+02  4.63856907e+01  4.36515832e+02  1.79999267e+02
 4.39879106e+02  4.63856907e+01  4.39879106e+02  1.79999261e+02
 4.43268292e+02  4.63856907e+01  4.43268292e+02  1.79999255e+02
 4.46683592e+02  4.63856907e+01  4.46683592e+02  1.79999250e+02
 4.50125206e+02  4.63856907e+01  4.50125206e+02  1.79999244e+02
 4.53593337e+02  4.63856907e+01  4.53593337e+02  1.79999238e+02
 4.57088190e+02  4.63856907e+01  4.57088190e+02  1.79999232e+02
 4.60609969e+02  4.63856907e+01  4.60609969e+02  1.79999226e+02
 4.64158883e+02  4.63856907e+01  4.64158883e+02  1.79999220e+02
 4.67735141e+02  4.63856907e+01  4.67735141e+02  1.79999214e+02
 4.71338954e+02  4.63856907e+01  4.71338954e+02  1.79999208e+02
 4.74970533e+02  4.63856907e+01  4.74970533e+02  1.79999202e+02
 4.78630092e+02  4.63856907e+01  4.78630092e+02  1.79999196e+02
 4.82317848e+02  4.63856907e+01  4.82317848e+02  1.79999190e+02
 4.86034018e+02  4.63856907e+01  4.86034018e+02  1.79999184e+02
 4.89778819e+02  4.63856907e+01  4.89778819e+02  1.79999177e+02
 4.93552474e+02  4.63856907e+01  4.93552474e+02  1.79999171e+02
 4.97355204e+02  4.63856907e+01  4.97355204e+02  1.79999164e+02
 5.01187234e+02  4.63856907e+01  5.01187234e+02  1.79999158e+02
 5.05048788e+02  4.63856907e+01  5.05048788e+02  1.79999152e+02
 5.08940095e+02  4.63856907e+01  5.08940095e+02  1.79999145e+02
 5.12861384e+02  4.63856908e+01  5.12861384e+02  1.79999138e+02
 5.16812886e+02  4.63856908e+01  5.16812886e+02  1.79999132e+02
 5.20794833e+02  4.63856908e+01  5.20794833e+02  1.79999125e+02
 5.24807460e+02  4.63856908e+01  5.24807460e+02  1.79999118e+02
 5.28851004e+02  4.63856908e+01  5.28851004e+02  1.79999112e+02
 5.32925703e+02  4.63856908e+01  5.32925703e+02  1.79999105e+02
 5.37031796e+02  4.63856908e+01  5.37031796e+02  1.79999098e+02
 5.41169527e+02  4.63856908e+01  5.41169527e+02  1.79999091e+02
 5.45339137e+02  4.63856908e+01  5.45339137e+02  1.79999084e+02
 5.49540874e+02  4.63856908e+01  5.49540874e+02  1.79999077e+02
 5.53774984e+02  4.63856908e+01  5.53774984e+02  1.79999070e+02
 5.58041717e+02  4.63856908e+01  5.58041717e+02  1.79999063e+02
 5.62341325e+02  4.63856908e+01  5.62341325e+02  1.79999055e+02
 5.66674061e+02  4.63856908e+01  5.66674061e+02  1.79999048e+02
 5.71040179e+02  4.63856908e+01  5.71040179e+02  1.79999041e+02
 5.75439937e+02  4.63856908e+01  5.75439937e+02  1.79999033e+02
 5.79873595e+02  4.63856908e+01  5.79873595e+02  1.79999026e+02
 5.84341413e+02  4.63856908e+01  5.84341413e+02  1.79999018e+02
 5.88843655e+02  4.63856908e+01  5.88843655e+02  1.79999011e+02
 5.93380586e+02  4.63856908e+01  5.93380586e+02  1.79999003e+02
 5.97952473e+02  4.63856908e+01  5.97952473e+02  1.79998995e+02
 6.02559586e+02  4.63856908e+01  6.02559586e+02  1.79998988e+02
 6.07202196e+02  4.63856908e+01  6.07202196e+02  1.79998980e+02
 6.11880576e+02  4.63856908e+01  6.11880576e+02  1.79998972e+02
 6.16595002e+02  4.63856908e+01  6.16595002e+02  1.79998964e+02
 6.21345752e+02  4.63856908e+01  6.21345752e+02  1.79998956e+02
 6.26133105e+02  4.63856909e+01  6.26133105e+02  1.79998948e+02
 6.30957344e+02  4.63856909e+01  6.30957344e+02  1.79998940e+02
 6.35818754e+02  4.63856909e+01  6.35818754e+02  1.79998932e+02
 6.40717619e+02  4.63856909e+01  6.40717619e+02  1.79998924e+02
 6.45654229e+02  4.63856909e+01  6.45654229e+02  1.79998915e+02
 6.50628875e+02  4.63856909e+01  6.50628875e+02  1.79998907e+02
 6.55641849e+02  4.63856909e+01  6.55641849e+02  1.79998899e+02
 6.60693448e+02  4.63856909e+01  6.60693448e+02  1.79998890e+02
 6.65783968e+02  4.63856909e+01  6.65783968e+02  1.79998882e+02
 6.70913710e+02  4.63856909e+01  6.70913710e+02  1.79998873e+02
 6.76082975e+02  4.63856909e+01  6.76082975e+02  1.79998864e+02
 6.81292069e+02  4.63856909e+01  6.81292069e+02  1.79998856e+02
 6.86541298e+02  4.63856909e+01  6.86541298e+02  1.79998847e+02
 6.91830971e+02  4.63856909e+01  6.91830971e+02  1.79998838e+02
 6.97161400e+02  4.63856909e+01  6.97161400e+02  1.79998829e+02
 7.02532899e+02  4.63856909e+01  7.02532899e+02  1.79998820e+02
 7.07945784e+02  4.63856909e+01  7.07945784e+02  1.79998811e+02
 7.13400375e+02  4.63856909e+01  7.13400375e+02  1.79998802e+02
 7.18896992e+02  4.63856909e+01  7.18896992e+02  1.79998792e+02
 7.24435960e+02  4.63856910e+01  7.24435960e+02  1.79998783e+02
 7.30017605e+02  4.63856910e+01  7.30017605e+02  1.79998774e+02
 7.35642254e+02  4.63856910e+01  7.35642254e+02  1.79998764e+02
 7.41310241e+02  4.63856910e+01  7.41310241e+02  1.79998755e+02
 7.47021899e+02  4.63856910e+01  7.47021899e+02  1.79998745e+02
 7.52777564e+02  4.63856910e+01  7.52777564e+02  1.79998735e+02
 7.58577575e+02  4.63856910e+01  7.58577575e+02  1.79998726e+02
 7.64422274e+02  4.63856910e+01  7.64422274e+02  1.79998716e+02
 7.70312006e+02  4.63856910e+01  7.70312006e+02  1.79998706e+02
 7.76247117e+02  4.63856910e+01  7.76247117e+02  1.79998696e+02
 7.82227956e+02  4.63856910e+01  7.82227956e+02  1.79998686e+02
 7.88254877e+02  4.63856910e+01  7.88254877e+02  1.79998676e+02
 7.94328235e+02  4.63856910e+01  7.94328235e+02  1.79998666e+02
 8.00448386e+02  4.63856910e+01  8.00448386e+02  1.79998655e+02
 8.06615692e+02  4.63856911e+01  8.06615692e+02  1.79998645e+02
 8.12830516e+02  4.63856911e+01  8.12830516e+02  1.79998635e+02
 8.19093224e+02  4.63856911e+01  8.19093224e+02  1.79998624e+02
 8.25404185e+02  4.63856911e+01  8.25404185e+02  1.79998613e+02
 8.31763771e+02  4.63856911e+01  8.31763771e+02  1.79998603e+02
 8.38172356e+02  4.63856911e+01  8.38172356e+02  1.79998592e+02
 8.44630319e+02  4.63856911e+01  8.44630319e+02  1.79998581e+02
 8.51138038e+02  4.63856911e+01  8.51138038e+02  1.79998570e+02
 8.57695899e+02  4.63856911e+01  8.57695899e+02  1.79998559e+02
 8.64304286e+02  4.63856911e+01  8.64304286e+02  1.79998548e+02
 8.70963590e+02  4.63856911e+01  8.70963590e+02  1.79998537e+02
 8.77674203e+02  4.63856911e+01  8.77674203e+02  1.79998526e+02
 8.84436519e+02  4.63856912e+01  8.84436519e+02  1.79998514e+02
 8.91250938e+02  4.63856912e+01  8.91250938e+02  1.79998503e+02
 8.98117861e+02  4.63856912e+01  8.98117861e+02  1.79998491e+02
 9.05037692e+02  4.63856912e+01  9.05037692e+02  1.79998480e+02
 9.12010839e+02  4.63856912e+01  9.12010839e+02  1.79998468e+02
 9.19037713e+02  4.63856912e+01  9.19037713e+02  1.79998456e+02
 9.26118728e+02  4.63856912e+01  9.26118728e+02  1.79998444e+02
 9.33254301e+02  4.63856912e+01  9.33254301e+02  1.79998432e+02
 9.40444852e+02  4.63856912e+01  9.40444852e+02  1.79998420e+02
 9.47690805e+02  4.63856912e+01  9.47690805e+02  1.79998408e+02
 9.54992586e+02  4.63856912e+01  9.54992586e+02  1.79998396e+02
 9.62350626e+02  4.63856913e+01  9.62350626e+02  1.79998383e+02
 9.69765359e+02  4.63856913e+01  9.69765359e+02  1.79998371e+02
 9.77237221e+02  4.63856913e+01  9.77237221e+02  1.79998358e+02
 9.84766652e+02  4.63856913e+01  9.84766652e+02  1.79998346e+02
 9.92354096e+02  4.63856913e+01  9.92354096e+02  1.79998333e+02
 1.00000000e+03  4.63856913e+01  1.00000000e+03  1.79998320e+02
 1.00770481e+03  4.63856913e+01  1.00770481e+03  1.79998307e+02
 1.01546899e+03  4.63856913e+01  1.01546899e+03  1.79998294e+02
 1.02329299e+03  4.63856914e+01  1.02329299e+03  1.79998281e+02
 1.03117727e+03  4.63856914e+01  1.03117727e+03  1.79998268e+02
 1.03912230e+03  4.63856914e+01  1.03912230e+03  1.79998254e+02
 1.04712855e+03  4.63856914e+01  1.04712855e+03  1.79998241e+02
 1.05519648e+03  4.63856914e+01  1.05519648e+03  1.79998227e+02
 1.06332657e+03  4.63856914e+01  1.06332657e+03  1.79998214e+02
 1.07151931e+03  4.63856914e+01  1.07151931e+03  1.79998200e+02
 1.07977516e+03  4.63856915e+01  1.07977516e+03  1.79998186e+02
 1.08809463e+03  4.63856915e+01  1.08809463e+03  1.79998172e+02
 1.09647820e+03  4.63856915e+01  1.09647820e+03  1.79998158e+02
 1.10492636e+03  4.63856915e+01  1.10492636e+03  1.79998144e+02
 1.11343961e+03  4.63856915e+01  1.11343961e+03  1.79998130e+02
 1.12201845e+03  4.63856915e+01  1.12201845e+03  1.79998115e+02
 1.13066340e+03  4.63856915e+01  1.13066340e+03  1.79998101e+02
 1.13937495e+03  4.63856916e+01  1.13937495e+03  1.79998086e+02
 1.14815362e+03  4.63856916e+01  1.14815362e+03  1.79998071e+02
 1.15699993e+03  4.63856916e+01  1.15699993e+03  1.79998056e+02
 1.16591440e+03  4.63856916e+01  1.16591440e+03  1.79998041e+02
 1.17489755e+03  4.63856916e+01  1.17489755e+03  1.79998026e+02
 1.18394992e+03  4.63856916e+01  1.18394992e+03  1.79998011e+02
 1.19307204e+03  4.63856917e+01  1.19307204e+03  1.79997996e+02
 1.20226443e+03  4.63856917e+01  1.20226443e+03  1.79997980e+02
 1.21152766e+03  4.63856917e+01  1.21152766e+03  1.79997965e+02
 1.22086225e+03  4.63856917e+01  1.22086225e+03  1.79997949e+02
 1.23026877e+03  4.63856917e+01  1.23026877e+03  1.79997933e+02
 1.23974776e+03  4.63856917e+01  1.23974776e+03  1.79997917e+02
 1.24929979e+03  4.63856918e+01  1.24929979e+03  1.79997901e+02
 1.25892541e+03  4.63856918e+01  1.25892541e+03  1.79997885e+02
 1.26862520e+03  4.63856918e+01  1.26862520e+03  1.79997869e+02
 1.27839972e+03  4.63856918e+01  1.27839972e+03  1.79997852e+02
 1.28824955e+03  4.63856918e+01  1.28824955e+03  1.79997836e+02
 1.29817528e+03  4.63856919e+01  1.29817528e+03  1.79997819e+02
 1.30817747e+03  4.63856919e+01  1.30817747e+03  1.79997802e+02
 1.31825674e+03  4.63856919e+01  1.31825674e+03  1.79997785e+02
 1.32841366e+03  4.63856919e+01  1.32841366e+03  1.79997768e+02
 1.33864884e+03  4.63856919e+01  1.33864884e+03  1.79997751e+02
 1.34896288e+03  4.63856919e+01  1.34896288e+03  1.79997734e+02
 1.35935639e+03  4.63856920e+01  1.35935639e+03  1.79997716e+02
 1.36982998e+03  4.63856920e+01  1.36982998e+03  1.79997699e+02
 1.38038426e+03  4.63856920e+01  1.38038426e+03  1.79997681e+02
 1.39101987e+03  4.63856920e+01  1.39101987e+03  1.79997663e+02
 1.40173742e+03  4.63856921e+01  1.40173742e+03  1.79997645e+02
 1.41253754e+03  4.63856921e+01  1.41253754e+03  1.79997627e+02
 1.42342088e+03  4.63856921e+01  1.42342088e+03  1.79997609e+02
 1.43438808e+03  4.63856921e+01  1.43438808e+03  1.79997590e+02
 1.44543977e+03  4.63856922e+01  1.44543977e+03  1.79997572e+02
 1.45657662e+03  4.63856922e+01  1.45657662e+03  1.79997553e+02
 1.46779927e+03  4.63856922e+01  1.46779927e+03  1.79997534e+02
 1.47910839e+03  4.63856923e+01  1.47910839e+03  1.79997515e+02
 1.49050464e+03  4.63856923e+01  1.49050464e+03  1.79997496e+02
 1.50198870e+03  4.63856923e+01  1.50198870e+03  1.79997477e+02
 1.51356125e+03  4.63856923e+01  1.51356125e+03  1.79997457e+02
 1.52522296e+03  4.63856923e+01  1.52522296e+03  1.79997438e+02
 1.53697452e+03  4.63856924e+01  1.53697452e+03  1.79997418e+02
 1.54881662e+03  4.63856924e+01  1.54881662e+03  1.79997398e+02
 1.56074996e+03  4.63856924e+01  1.56074996e+03  1.79997378e+02
 1.57277525e+03  4.63856925e+01  1.57277525e+03  1.79997358e+02
 1.58489319e+03  4.63856925e+01  1.58489319e+03  1.79997338e+02
 1.59710450e+03  4.63856925e+01  1.59710450e+03  1.79997317e+02
 1.60940989e+03  4.63856926e+01  1.60940989e+03  1.79997296e+02
 1.62181010e+03  4.63856926e+01  1.62181010e+03  1.79997275e+02
 1.63430584e+03  4.63856926e+01  1.63430584e+03  1.79997254e+02
 1.64689787e+03  4.63856926e+01  1.64689787e+03  1.79997233e+02
 1.65958691e+03  4.63856927e+01  1.65958691e+03  1.79997212e+02
 1.67237372e+03  4.63856927e+01  1.67237372e+03  1.79997191e+02
 1.68525904e+03  4.63856928e+01  1.68525904e+03  1.79997169e+02
 1.69824365e+03  4.63856928e+01  1.69824365e+03  1.79997147e+02
 1.71132830e+03  4.63856928e+01  1.71132830e+03  1.79997125e+02
 1.72451377e+03  4.63856929e+01  1.72451377e+03  1.79997103e+02
 1.73780083e+03  4.63856929e+01  1.73780083e+03  1.79997081e+02
 1.75119026e+03  4.63856929e+01  1.75119026e+03  1.79997058e+02
 1.76468286e+03  4.63856930e+01  1.76468286e+03  1.79997035e+02
 1.77827941e+03  4.63856930e+01  1.77827941e+03  1.79997013e+02
 1.79198072e+03  4.63856930e+01  1.79198072e+03  1.79996990e+02
 1.80578760e+03  4.63856931e+01  1.80578760e+03  1.79996966e+02
 1.81970086e+03  4.63856931e+01  1.81970086e+03  1.79996943e+02
 1.83372132e+03  4.63856932e+01  1.83372132e+03  1.79996920e+02
 1.84784980e+03  4.63856932e+01  1.84784980e+03  1.79996896e+02
 1.86208714e+03  4.63856932e+01  1.86208714e+03  1.79996872e+02
 1.87643417e+03  4.63856933e+01  1.87643417e+03  1.79996848e+02
 1.89089175e+03  4.63856933e+01  1.89089175e+03  1.79996823e+02
 1.90546072e+03  4.63856933e+01  1.90546072e+03  1.79996799e+02
 1.92014194e+03  4.63856934e+01  1.92014194e+03  1.79996774e+02
 1.93493628e+03  4.63856934e+01  1.93493628e+03  1.79996750e+02
 1.94984460e+03  4.63856935e+01  1.94984460e+03  1.79996724e+02
 1.96486779e+03  4.63856935e+01  1.96486779e+03  1.79996699e+02
 1.98000673e+03  4.63856936e+01  1.98000673e+03  1.79996674e+02
 1.99526231e+03  4.63856936e+01  1.99526231e+03  1.79996648e+02
 2.01063544e+03  4.63856937e+01  2.01063544e+03  1.79996622e+02
 2.02612701e+03  4.63856937e+01  2.02612701e+03  1.79996596e+02
 2.04173794e+03  4.63856938e+01  2.04173794e+03  1.79996570e+02
 2.05746916e+03  4.63856938e+01  2.05746916e+03  1.79996544e+02
 2.07332157e+03  4.63856939e+01  2.07332157e+03  1.79996517e+02
 2.08929613e+03  4.63856939e+01  2.08929613e+03  1.79996490e+02
 2.10539377e+03  4.63856940e+01  2.10539377e+03  1.79996463e+02
 2.12161544e+03  4.63856940e+01  2.12161544e+03  1.79996436e+02
 2.13796209e+03  4.63856941e+01  2.13796209e+03  1.79996408e+02
 2.15443469e+03  4.63856941e+01  2.15443469e+03  1.79996381e+02
 2.17103421e+03  4.63856942e+01  2.17103421e+03  1.79996353e+02
 2.18776162e+03  4.63856943e+01  2.18776162e+03  1.79996325e+02
 2.20461792e+03  4.63856943e+01  2.20461792e+03  1.79996296e+02
 2.22160409e+03  4.63856944e+01  2.22160409e+03  1.79996268e+02
 2.23872114e+03  4.63856944e+01  2.23872114e+03  1.79996239e+02
 2.25597007e+03  4.63856945e+01  2.25597007e+03  1.79996210e+02
 2.27335190e+03  4.63856946e+01  2.27335190e+03  1.79996181e+02
 2.29086765e+03  4.63856946e+01  2.29086765e+03  1.79996152e+02
 2.30851836e+03  4.63856946e+01  2.30851836e+03  1.79996122e+02
 2.32630507e+03  4.63856947e+01  2.32630507e+03  1.79996092e+02
 2.34422882e+03  4.63856948e+01  2.34422882e+03  1.79996062e+02
 2.36229066e+03  4.63856949e+01  2.36229066e+03  1.79996032e+02
 2.38049167e+03  4.63856949e+01  2.38049167e+03  1.79996001e+02
 2.39883292e+03  4.63856950e+01  2.39883292e+03  1.79995970e+02
 2.41731548e+03  4.63856950e+01  2.41731548e+03  1.79995939e+02
 2.43594045e+03  4.63856951e+01  2.43594045e+03  1.79995908e+02
 2.45470892e+03  4.63856952e+01  2.45470892e+03  1.79995876e+02
 2.47362199e+03  4.63856953e+01  2.47362199e+03  1.79995845e+02
 2.49268079e+03  4.63856954e+01  2.49268079e+03  1.79995813e+02
 2.51188643e+03  4.63856954e+01  2.51188643e+03  1.79995780e+02
 2.53124005e+03  4.63856955e+01  2.53124005e+03  1.79995748e+02
 2.55074278e+03  4.63856956e+01  2.55074278e+03  1.79995715e+02
 2.57039578e+03  4.63856957e+01  2.57039578e+03  1.79995682e+02
 2.59020020e+03  4.63856957e+01  2.59020020e+03  1.79995649e+02
 2.61015722e+03  4.63856958e+01  2.61015722e+03  1.79995615e+02
 2.63026799e+03  4.63856959e+01  2.63026799e+03  1.79995581e+02
 2.65053372e+03  4.63856960e+01  2.65053372e+03  1.79995547e+02
 2.67095559e+03  4.63856961e+01  2.67095559e+03  1.79995513e+02
 2.69153480e+03  4.63856962e+01  2.69153480e+03  1.79995478e+02
 2.71227258e+03  4.63856962e+01  2.71227258e+03  1.79995444e+02
 2.73317014e+03  4.63856964e+01  2.73317014e+03  1.79995408e+02
 2.75422870e+03  4.63856965e+01  2.75422870e+03  1.79995373e+02
 2.77544952e+03  4.63856964e+01  2.77544952e+03  1.79995338e+02
 2.79683385e+03  4.63856966e+01  2.79683385e+03  1.79995302e+02
 2.81838293e+03  4.63856967e+01  2.81838293e+03  1.79995265e+02
 2.84009805e+03  4.63856968e+01  2.84009805e+03  1.79995229e+02
 2.86198048e+03  4.63856969e+01  2.86198048e+03  1.79995192e+02
 2.88403150e+03  4.63856970e+01  2.88403150e+03  1.79995155e+02
 2.90625243e+03  4.63856971e+01  2.90625243e+03  1.79995118e+02
 2.92864456e+03  4.63856972e+01  2.92864456e+03  1.79995080e+02
 2.95120923e+03  4.63856973e+01  2.95120923e+03  1.79995042e+02
 2.97394775e+03  4.63856974e+01  2.97394775e+03  1.79995004e+02
 2.99686146e+03  4.63856975e+01  2.99686146e+03  1.79994966e+02
 3.01995172e+03  4.63856976e+01  3.01995172e+03  1.79994927e+02
 3.04321989e+03  4.63856978e+01  3.04321989e+03  1.79994888e+02
 3.06666733e+03  4.63856978e+01  3.06666733e+03  1.79994848e+02
 3.09029543e+03  4.63856979e+01  3.09029543e+03  1.79994809e+02
 3.11410558e+03  4.63856980e+01  3.11410558e+03  1.79994769e+02
 3.13809919e+03  4.63856981e+01  3.13809919e+03  1.79994728e+02
 3.16227766e+03  4.63856983e+01  3.16227766e+03  1.79994688e+02
 3.18664242e+03  4.63856984e+01  3.18664242e+03  1.79994647e+02
 3.21119491e+03  4.63856985e+01  3.21119491e+03  1.79994605e+02
 3.23593657e+03  4.63856987e+01  3.23593657e+03  1.79994564e+02
 3.26086886e+03  4.63856988e+01  3.26086886e+03  1.79994522e+02
 3.28599325e+03  4.63856989e+01  3.28599325e+03  1.79994480e+02
 3.31131121e+03  4.63856990e+01  3.31131121e+03  1.79994437e+02
 3.33682425e+03  4.63856992e+01  3.33682425e+03  1.79994394e+02
 3.36253386e+03  4.63856993e+01  3.36253386e+03  1.79994351e+02
 3.38844156e+03  4.63856994e+01  3.38844156e+03  1.79994308e+02
 3.41454887e+03  4.63856995e+01  3.41454887e+03  1.79994264e+02
 3.44085734e+03  4.63856996e+01  3.44085734e+03  1.79994220e+02
 3.46736850e+03  4.63856999e+01  3.46736850e+03  1.79994175e+02
 3.49408393e+03  4.63857001e+01  3.49408393e+03  1.79994130e+02
 3.52100520e+03  4.63857001e+01  3.52100520e+03  1.79994085e+02
 3.54813389e+03  4.63857004e+01  3.54813389e+03  1.79994039e+02
 3.57547160e+03  4.63857004e+01  3.57547160e+03  1.79993994e+02
 3.60301995e+03  4.63857006e+01  3.60301995e+03  1.79993947e+02
 3.63078055e+03  4.63857007e+01  3.63078055e+03  1.79993901e+02
 3.65875504e+03  4.63857008e+01  3.65875504e+03  1.79993854e+02
 3.68694506e+03  4.63857011e+01  3.68694506e+03  1.79993806e+02
 3.71535229e+03  4.63857012e+01  3.71535229e+03  1.79993759e+02
 3.74397839e+03  4.63857014e+01  3.74397839e+03  1.79993710e+02
 3.77282505e+03  4.63857016e+01  3.77282505e+03  1.79993662e+02
 3.80189396e+03  4.63857017e+01  3.80189396e+03  1.79993613e+02
 3.83118685e+03  4.63857020e+01  3.83118685e+03  1.79993564e+02
 3.86070543e+03  4.63857020e+01  3.86070543e+03  1.79993514e+02
 3.89045145e+03  4.63857022e+01  3.89045145e+03  1.79993464e+02
 3.92042666e+03  4.63857025e+01  3.92042666e+03  1.79993414e+02
 3.95063281e+03  4.63857027e+01  3.95063281e+03  1.79993363e+02
 3.98107171e+03  4.63857027e+01  3.98107171e+03  1.79993312e+02
 4.01174512e+03  4.63857030e+01  4.01174512e+03  1.79993261e+02
 4.04265487e+03  4.63857032e+01  4.04265487e+03  1.79993209e+02
 4.07380278e+03  4.63857033e+01  4.07380278e+03  1.79993156e+02
 4.10519067e+03  4.63857036e+01  4.10519067e+03  1.79993104e+02
 4.13682040e+03  4.63857038e+01  4.13682040e+03  1.79993051e+02
 4.16869383e+03  4.63857040e+01  4.16869383e+03  1.79992997e+02
 4.20081285e+03  4.63857042e+01  4.20081285e+03  1.79992943e+02
 4.23317933e+03  4.63857045e+01  4.23317933e+03  1.79992889e+02
 4.26579519e+03  4.63857045e+01  4.26579519e+03  1.79992834e+02
 4.29866235e+03  4.63857049e+01  4.29866235e+03  1.79992779e+02
 4.33178274e+03  4.63857051e+01  4.33178274e+03  1.79992723e+02
 4.36515832e+03  4.63857053e+01  4.36515832e+03  1.79992667e+02
 4.39879106e+03  4.63857055e+01  4.39879106e+03  1.79992610e+02
 4.43268292e+03  4.63857058e+01  4.43268292e+03  1.79992553e+02
 4.46683592e+03  4.63857060e+01  4.46683592e+03  1.79992496e+02
 4.50125206e+03  4.63857062e+01  4.50125206e+03  1.79992438e+02
 4.53593337e+03  4.63857064e+01  4.53593337e+03  1.79992380e+02
 4.57088190e+03  4.63857067e+01  4.57088190e+03  1.79992321e+02
 4.60609969e+03  4.63857069e+01  4.60609969e+03  1.79992262e+02
 4.64158883e+03  4.63857072e+01  4.64158883e+03  1.79992203e+02
 4.67735141e+03  4.63857074e+01  4.67735141e+03  1.79992143e+02
 4.71338954e+03  4.63857076e+01  4.71338954e+03  1.79992082e+02
 4.74970533e+03  4.63857081e+01  4.74970533e+03  1.79992021e+02
 4.78630092e+03  4.63857084e+01  4.78630092e+03  1.79991959e+02
 4.82317848e+03  4.63857086e+01  4.82317848e+03  1.79991897e+02
 4.86034018e+03  4.63857088e+01  4.86034018e+03  1.79991835e+02
 4.89778819e+03  4.63857093e+01  4.89778819e+03  1.79991772e+02
 4.93552474e+03  4.63857094e+01  4.93552474e+03  1.79991709e+02
 4.97355204e+03  4.63857097e+01  4.97355204e+03  1.79991645e+02
 5.01187234e+03  4.63857100e+01  5.01187234e+03  1.79991581e+02
 5.05048788e+03  4.63857103e+01  5.05048788e+03  1.79991516e+02
 5.08940095e+03  4.63857106e+01  5.08940095e+03  1.79991450e+02
 5.12861384e+03  4.63857111e+01  5.12861384e+03  1.79991384e+02
 5.16812886e+03  4.63857112e+01  5.16812886e+03  1.79991318e+02
 5.20794833e+03  4.63857115e+01  5.20794833e+03  1.79991251e+02
 5.24807460e+03  4.63857119e+01  5.24807460e+03  1.79991184e+02
 5.28851004e+03  4.63857124e+01  5.28851004e+03  1.79991116e+02
 5.32925703e+03  4.63857125e+01  5.32925703e+03  1.79991047e+02
 5.37031796e+03  4.63857127e+01  5.37031796e+03  1.79990978e+02
 5.41169527e+03  4.63857132e+01  5.41169527e+03  1.79990909e+02
 5.45339137e+03  4.63857136e+01  5.45339137e+03  1.79990839e+02
 5.49540874e+03  4.63857139e+01  5.49540874e+03  1.79990768e+02
 5.53774984e+03  4.63857141e+01  5.53774984e+03  1.79990697e+02
 5.58041717e+03  4.63857147e+01  5.58041717e+03  1.79990625e+02
 5.62341325e+03  4.63857152e+01  5.62341325e+03  1.79990553e+02
 5.66674061e+03  4.63857154e+01  5.66674061e+03  1.79990480e+02
 5.71040179e+03  4.63857158e+01  5.71040179e+03  1.79990407e+02
 5.75439937e+03  4.63857160e+01  5.75439937e+03  1.79990333e+02
 5.79873595e+03  4.63857166e+01  5.79873595e+03  1.79990259e+02
 5.84341413e+03  4.63857170e+01  5.84341413e+03  1.79990184e+02
 5.88843655e+03  4.63857174e+01  5.88843655e+03  1.79990108e+02
 5.93380586e+03  4.63857176e+01  5.93380586e+03  1.79990032e+02
 5.97952473e+03  4.63857182e+01  5.97952473e+03  1.79989955e+02
 6.02559586e+03  4.63857187e+01  6.02559586e+03  1.79989878e+02
 6.07202196e+03  4.63857193e+01  6.07202196e+03  1.79989799e+02
 6.11880576e+03  4.63857195e+01  6.11880576e+03  1.79989721e+02
 6.16595002e+03  4.63857202e+01  6.16595002e+03  1.79989642e+02
 6.21345752e+03  4.63857207e+01  6.21345752e+03  1.79989562e+02
 6.26133105e+03  4.63857209e+01  6.26133105e+03  1.79989481e+02
 6.30957344e+03  4.63857214e+01  6.30957344e+03  1.79989400e+02
 6.35818754e+03  4.63857221e+01  6.35818754e+03  1.79989319e+02
 6.40717619e+03  4.63857221e+01  6.40717619e+03  1.79989237e+02
 6.45654229e+03  4.63857228e+01  6.45654229e+03  1.79989154e+02
 6.50628875e+03  4.63857233e+01  6.50628875e+03  1.79989070e+02
 6.55641849e+03  4.63857241e+01  6.55641849e+03  1.79988986e+02
 6.60693448e+03  4.63857243e+01  6.60693448e+03  1.79988901e+02
 6.65783968e+03  4.63857249e+01  6.65783968e+03  1.79988815e+02
 6.70913710e+03  4.63857254e+01  6.70913710e+03  1.79988729e+02
 6.76082975e+03  4.63857259e+01  6.76082975e+03  1.79988642e+02
 6.81292069e+03  4.63857265e+01  6.81292069e+03  1.79988555e+02
 6.86541298e+03  4.63857270e+01  6.86541298e+03  1.79988467e+02
 6.91830971e+03  4.63857276e+01  6.91830971e+03  1.79988378e+02
 6.97161400e+03  4.63857282e+01  6.97161400e+03  1.79988288e+02
 7.02532899e+03  4.63857288e+01  7.02532899e+03  1.79988198e+02
 7.07945784e+03  4.63857291e+01  7.07945784e+03  1.79988107e+02
 7.13400375e+03  4.63857297e+01  7.13400375e+03  1.79988016e+02
 7.18896992e+03  4.63857306e+01  7.18896992e+03  1.79987923e+02
 7.24435960e+03  4.63857315e+01  7.24435960e+03  1.79987830e+02
 7.30017605e+03  4.63857318e+01  7.30017605e+03  1.79987736e+02
 7.35642254e+03  4.63857328e+01  7.35642254e+03  1.79987642e+02
 7.41310241e+03  4.63857334e+01  7.41310241e+03  1.79987546e+02
 7.47021899e+03  4.63857334e+01  7.47021899e+03  1.79987451e+02
 7.52777564e+03  4.63857344e+01  7.52777564e+03  1.79987354e+02
 7.58577575e+03  4.63857354e+01  7.58577575e+03  1.79987256e+02
 7.64422274e+03  4.63857358e+01  7.64422274e+03  1.79987158e+02
 7.70312006e+03  4.63857362e+01  7.70312006e+03  1.79987059e+02
 7.76247117e+03  4.63857372e+01  7.76247117e+03  1.79986960e+02
 7.82227956e+03  4.63857379e+01  7.82227956e+03  1.79986859e+02
 7.88254877e+03  4.63857387e+01  7.88254877e+03  1.79986758e+02
 7.94328235e+03  4.63857394e+01  7.94328235e+03  1.79986656e+02
 8.00448386e+03  4.63857402e+01  8.00448386e+03  1.79986553e+02
 8.06615692e+03  4.63857406e+01  8.06615692e+03  1.79986450e+02
 8.12830516e+03  4.63857417e+01  8.12830516e+03  1.79986345e+02
 8.19093224e+03  4.63857421e+01  8.19093224e+03  1.79986240e+02
 8.25404185e+03  4.63857433e+01  8.25404185e+03  1.79986134e+02
 8.31763771e+03  4.63857441e+01  8.31763771e+03  1.79986027e+02
 8.38172356e+03  4.63857449e+01  8.38172356e+03  1.79985919e+02
 8.44630319e+03  4.63857458e+01  8.44630319e+03  1.79985811e+02
 8.51138038e+03  4.63857462e+01  8.51138038e+03  1.79985702e+02
 8.57695899e+03  4.63857475e+01  8.57695899e+03  1.79985591e+02
 8.64304286e+03  4.63857484e+01  8.64304286e+03  1.79985480e+02
 8.70963590e+03  4.63857493e+01  8.70963590e+03  1.79985368e+02
 8.77674203e+03  4.63857502e+01  8.77674203e+03  1.79985256e+02
 8.84436519e+03  4.63857507e+01  8.84436519e+03  1.79985142e+02
 8.91250938e+03  4.63857525e+01  8.91250938e+03  1.79985028e+02
 8.98117861e+03  4.63857530e+01  8.98117861e+03  1.79984912e+02
 9.05037692e+03  4.63857540e+01  9.05037692e+03  1.79984796e+02
 9.12010839e+03  4.63857549e+01  9.12010839e+03  1.79984679e+02
 9.19037713e+03  4.63857550e+01  9.19037713e+03  1.79984561e+02
 9.26118728e+03  4.63857570e+01  9.26118728e+03  1.79984442e+02
 9.33254301e+03  4.63857580e+01  9.33254301e+03  1.79984322e+02
 9.40444852e+03  4.63857585e+01  9.40444852e+03  1.79984201e+02
 9.47690805e+03  4.63857601e+01  9.47690805e+03  1.79984079e+02
 9.54992586e+03  4.63857617e+01  9.54992586e+03  1.79983957e+02
 9.62350626e+03  4.63857623e+01  9.62350626e+03  1.79983833e+02
 9.69765359e+03  4.63857634e+01  9.69765359e+03  1.79983709e+02
 9.77237221e+03  4.63857645e+01  9.77237221e+03  1.79983583e+02
 9.84766652e+03  4.63857656e+01  9.84766652e+03  1.79983457e+02
 9.92354096e+03  4.63857668e+01  9.92354096e+03  1.79983329e+02
 1.00000000e+04  4.63857674e+01  1.00000000e+04  1.79983201e+02
 1.00770481e+04  4.63857692e+01  1.00770481e+04  1.79983071e+02
 1.01546899e+04  4.63857710e+01  1.01546899e+04  1.79982941e+02
 1.02329299e+04  4.63857716e+01  1.02329299e+04  1.79982809e+02
 1.03117727e+04  4.63857723e+01  1.03117727e+04  1.79982677e+02
 1.03912230e+04  4.63857748e+01  1.03912230e+04  1.79982543e+02
 1.04712855e+04  4.63857754e+01  1.04712855e+04  1.79982409e+02
 1.05519648e+04  4.63857774e+01  1.05519648e+04  1.79982273e+02
 1.06332657e+04  4.63857781e+01  1.06332657e+04  1.79982137e+02
 1.07151931e+04  4.63857794e+01  1.07151931e+04  1.79981999e+02
 1.07977516e+04  4.63857815e+01  1.07977516e+04  1.79981860e+02
 1.08809463e+04  4.63857815e+01  1.08809463e+04  1.79981721e+02
 1.09647820e+04  4.63857836e+01  1.09647820e+04  1.79981580e+02
 1.10492636e+04  4.63857837e+01  1.10492636e+04  1.79981438e+02
 1.11343961e+04  4.63857858e+01  1.11343961e+04  1.79981295e+02
 1.12201845e+04  4.63857880e+01  1.12201845e+04  1.79981151e+02
 1.13066340e+04  4.63857895e+01  1.13066340e+04  1.79981006e+02
 1.13937495e+04  4.63857911e+01  1.13937495e+04  1.79980859e+02
 1.14815362e+04  4.63857919e+01  1.14815362e+04  1.79980712e+02
 1.15699993e+04  4.63857942e+01  1.15699993e+04  1.79980563e+02
 1.16591440e+04  4.63857958e+01  1.16591440e+04  1.79980413e+02
 1.17489755e+04  4.63857974e+01  1.17489755e+04  1.79980262e+02
 1.18394992e+04  4.63857991e+01  1.18394992e+04  1.79980110e+02
 1.19307204e+04  4.63858008e+01  1.19307204e+04  1.79979957e+02
 1.20226443e+04  4.63858025e+01  1.20226443e+04  1.79979803e+02
 1.21152766e+04  4.63858042e+01  1.21152766e+04  1.79979647e+02
 1.22086225e+04  4.63858060e+01  1.22086225e+04  1.79979490e+02
 1.23026877e+04  4.63858069e+01  1.23026877e+04  1.79979332e+02
 1.23974776e+04  4.63858087e+01  1.23974776e+04  1.79979173e+02
 1.24929979e+04  4.63858105e+01  1.24929979e+04  1.79979013e+02
 1.25892541e+04  4.63858133e+01  1.25892541e+04  1.79978851e+02
 1.26862520e+04  4.63858142e+01  1.26862520e+04  1.79978688e+02
 1.27839972e+04  4.63858171e+01  1.27839972e+04  1.79978524e+02
 1.28824955e+04  4.63858190e+01  1.28824955e+04  1.79978358e+02
 1.29817528e+04  4.63858210e+01  1.29817528e+04  1.79978191e+02
 1.30817747e+04  4.63858230e+01  1.30817747e+04  1.79978023e+02
 1.31825674e+04  4.63858251e+01  1.31825674e+04  1.79977854e+02
 1.32841366e+04  4.63858272e+01  1.32841366e+04  1.79977683e+02
 1.33864884e+04  4.63858303e+01  1.33864884e+04  1.79977511e+02
 1.34896288e+04  4.63858304e+01  1.34896288e+04  1.79977338e+02
 1.35935639e+04  4.63858336e+01  1.35935639e+04  1.79977163e+02
 1.36982998e+04  4.63858358e+01  1.36982998e+04  1.79976988e+02
 1.38038426e+04  4.63858381e+01  1.38038426e+04  1.79976810e+02
 1.39101987e+04  4.63858404e+01  1.39101987e+04  1.79976632e+02
 1.40173742e+04  4.63858427e+01  1.40173742e+04  1.79976451e+02
 1.41253754e+04  4.63858439e+01  1.41253754e+04  1.79976270e+02
 1.42342088e+04  4.63858474e+01  1.42342088e+04  1.79976087e+02
 1.43438808e+04  4.63858499e+01  1.43438808e+04  1.79975903e+02
 1.44543977e+04  4.63858511e+01  1.44543977e+04  1.79975717e+02
 1.45657662e+04  4.63858548e+01  1.45657662e+04  1.79975530e+02
 1.46779927e+04  4.63858586e+01  1.46779927e+04  1.79975341e+02
 1.47910839e+04  4.63858587e+01  1.47910839e+04  1.79975152e+02
 1.49050464e+04  4.63858613e+01  1.49050464e+04  1.79974960e+02
 1.50198870e+04  4.63858665e+01  1.50198870e+04  1.79974767e+02
 1.51356125e+04  4.63858692e+01  1.51356125e+04  1.79974572e+02
 1.52522296e+04  4.63858693e+01  1.52522296e+04  1.79974377e+02
 1.53697452e+04  4.63858735e+01  1.53697452e+04  1.79974179e+02
 1.54881662e+04  4.63858763e+01  1.54881662e+04  1.79973980e+02
 1.56074996e+04  4.63858778e+01  1.56074996e+04  1.79973780e+02
 1.57277525e+04  4.63858821e+01  1.57277525e+04  1.79973578e+02
 1.58489319e+04  4.63858850e+01  1.58489319e+04  1.79973374e+02
 1.59710450e+04  4.63858880e+01  1.59710450e+04  1.79973169e+02
 1.60940989e+04  4.63858926e+01  1.60940989e+04  1.79972962e+02
 1.62181010e+04  4.63858942e+01  1.62181010e+04  1.79972754e+02
 1.63430584e+04  4.63858974e+01  1.63430584e+04  1.79972544e+02
 1.64689787e+04  4.63859021e+01  1.64689787e+04  1.79972332e+02
 1.65958691e+04  4.63859038e+01  1.65958691e+04  1.79972119e+02
 1.67237372e+04  4.63859071e+01  1.67237372e+04  1.79971905e+02
 1.68525904e+04  4.63859121e+01  1.68525904e+04  1.79971688e+02
 1.69824365e+04  4.63859138e+01  1.69824365e+04  1.79971470e+02
 1.71132830e+04  4.63859173e+01  1.71132830e+04  1.79971250e+02
 1.72451377e+04  4.63859208e+01  1.72451377e+04  1.79971028e+02
 1.73780083e+04  4.63859261e+01  1.73780083e+04  1.79970805e+02
 1.75119026e+04  4.63859262e+01  1.75119026e+04  1.79970581e+02
 1.76468286e+04  4.63859299e+01  1.76468286e+04  1.79970354e+02
 1.77827941e+04  4.63859354e+01  1.77827941e+04  1.79970125e+02
 1.79198072e+04  4.63859410e+01  1.79198072e+04  1.79969895e+02
 1.80578760e+04  4.63859430e+01  1.80578760e+04  1.79969663e+02
 1.81970086e+04  4.63859469e+01  1.81970086e+04  1.79969429e+02
 1.83372132e+04  4.63859509e+01  1.83372132e+04  1.79969194e+02
 1.84784980e+04  4.63859569e+01  1.84784980e+04  1.79968956e+02
 1.86208714e+04  4.63859590e+01  1.86208714e+04  1.79968717e+02
 1.87643417e+04  4.63859652e+01  1.87643417e+04  1.79968476e+02
 1.89089175e+04  4.63859694e+01  1.89089175e+04  1.79968233e+02
 1.90546072e+04  4.63859737e+01  1.90546072e+04  1.79967988e+02
 1.92014194e+04  4.63859718e+01  1.92014194e+04  1.79967742e+02
 1.93493628e+04  4.63859826e+01  1.93493628e+04  1.79967493e+02
 1.94984460e+04  4.63859849e+01  1.94984460e+04  1.79967243e+02
 1.96486779e+04  4.63859873e+01  1.96486779e+04  1.79966990e+02
 1.98000673e+04  4.63859963e+01  1.98000673e+04  1.79966735e+02
 1.99526231e+04  4.63859988e+01  1.99526231e+04  1.79966479e+02
 2.01063544e+04  4.63860036e+01  2.01063544e+04  1.79966221e+02
 2.02612701e+04  4.63860107e+01  2.02612701e+04  1.79965961e+02
 2.04173794e+04  4.63860157e+01  2.04173794e+04  1.79965698e+02
 2.05746916e+04  4.63860183e+01  2.05746916e+04  1.79965434e+02
 2.07332157e+04  4.63860209e+01  2.07332157e+04  1.79965168e+02
 2.08929613e+04  4.63860310e+01  2.08929613e+04  1.79964899e+02
 2.10539377e+04  4.63860338e+01  2.10539377e+04  1.79964629e+02
 2.12161544e+04  4.63860391e+01  2.12161544e+04  1.79964356e+02
 2.13796209e+04  4.63860445e+01  2.13796209e+04  1.79964082e+02
 2.15443469e+04  4.63860473e+01  2.15443469e+04  1.79963805e+02
 2.17103421e+04  4.63860555e+01  2.17103421e+04  1.79963526e+02
 2.18776162e+04  4.63860611e+01  2.18776162e+04  1.79963245e+02
 2.20461792e+04  4.63860696e+01  2.20461792e+04  1.79962961e+02
 2.22160409e+04  4.63860699e+01  2.22160409e+04  1.79962677e+02
 2.23872114e+04  4.63860786e+01  2.23872114e+04  1.79962389e+02
 2.25597007e+04  4.63860875e+01  2.25597007e+04  1.79962099e+02
 2.27335190e+04  4.63860907e+01  2.27335190e+04  1.79961807e+02
 2.29086765e+04  4.63860999e+01  2.29086765e+04  1.79961512e+02
 2.30851836e+04  4.63861002e+01  2.30851836e+04  1.79961216e+02
 2.32630507e+04  4.63861096e+01  2.32630507e+04  1.79960917e+02
 2.34422882e+04  4.63861129e+01  2.34422882e+04  1.79960616e+02
 2.36229066e+04  4.63861226e+01  2.36229066e+04  1.79960312e+02
 2.38049167e+04  4.63861261e+01  2.38049167e+04  1.79960007e+02
 2.39883292e+04  4.63861361e+01  2.39883292e+04  1.79959698e+02
 2.41731548e+04  4.63861397e+01  2.41731548e+04  1.79959388e+02
 2.43594045e+04  4.63861500e+01  2.43594045e+04  1.79959075e+02
 2.45470892e+04  4.63861605e+01  2.45470892e+04  1.79958759e+02
 2.47362199e+04  4.63861643e+01  2.47362199e+04  1.79958442e+02
 2.49268079e+04  4.63861752e+01  2.49268079e+04  1.79958121e+02
 2.51188643e+04  4.63861791e+01  2.51188643e+04  1.79957799e+02
 2.53124005e+04  4.63861830e+01  2.53124005e+04  1.79957474e+02
 2.55074278e+04  4.63861980e+01  2.55074278e+04  1.79957145e+02
 2.57039578e+04  4.63862021e+01  2.57039578e+04  1.79956815e+02
 2.59020020e+04  4.63862062e+01  2.59020020e+04  1.79956483e+02
 2.61015722e+04  4.63862142e+01  2.61015722e+04  1.79956148e+02
 2.63026799e+04  4.63862262e+01  2.63026799e+04  1.79955809e+02
 2.65053372e+04  4.63862345e+01  2.65053372e+04  1.79955469e+02
 2.67095559e+04  4.63862470e+01  2.67095559e+04  1.79955125e+02
 2.69153480e+04  4.63862515e+01  2.69153480e+04  1.79954780e+02
 2.71227258e+04  4.63862601e+01  2.71227258e+04  1.79954431e+02
 2.73317014e+04  4.63862647e+01  2.73317014e+04  1.79954080e+02
 2.75422870e+04  4.63862736e+01  2.75422870e+04  1.79953727e+02
 2.77544952e+04  4.63862870e+01  2.77544952e+04  1.79953370e+02
 2.79683385e+04  4.63863007e+01  2.79683385e+04  1.79953010e+02
 2.81838293e+04  4.63863056e+01  2.81838293e+04  1.79952648e+02
 2.84009805e+04  4.63863151e+01  2.84009805e+04  1.79952283e+02
 2.86198048e+04  4.63863248e+01  2.86198048e+04  1.79951915e+02
 2.88403150e+04  4.63863346e+01  2.88403150e+04  1.79951545e+02
 2.90625243e+04  4.63863445e+01  2.90625243e+04  1.79951171e+02
 2.92864456e+04  4.63863547e+01  2.92864456e+04  1.79950795e+02
 2.95120923e+04  4.63863699e+01  2.95120923e+04  1.79950415e+02
 2.97394775e+04  4.63863754e+01  2.97394775e+04  1.79950034e+02
 2.99686146e+04  4.63863859e+01  2.99686146e+04  1.79949649e+02
 3.01995172e+04  4.63863967e+01  3.01995172e+04  1.79949261e+02
 3.04321989e+04  4.63864076e+01  3.04321989e+04  1.79948870e+02
 3.06666733e+04  4.63864187e+01  3.06666733e+04  1.79948475e+02
 3.09029543e+04  4.63864300e+01  3.09029543e+04  1.79948078e+02
 3.11410558e+04  4.63864414e+01  3.11410558e+04  1.79947678e+02
 3.13809919e+04  4.63864530e+01  3.13809919e+04  1.79947275e+02
 3.16227766e+04  4.63864648e+01  3.16227766e+04  1.79946869e+02
 3.18664242e+04  4.63864768e+01  3.18664242e+04  1.79946459e+02
 3.21119491e+04  4.63864890e+01  3.21119491e+04  1.79946046e+02
 3.23593657e+04  4.63864954e+01  3.23593657e+04  1.79945631e+02
 3.26086886e+04  4.63865139e+01  3.26086886e+04  1.79945212e+02
 3.28599325e+04  4.63865266e+01  3.28599325e+04  1.79944789e+02
 3.31131121e+04  4.63865458e+01  3.31131121e+04  1.79944363e+02
 3.33682425e+04  4.63865590e+01  3.33682425e+04  1.79943934e+02
 3.36253386e+04  4.63865660e+01  3.36253386e+04  1.79943503e+02
 3.38844156e+04  4.63865861e+01  3.38844156e+04  1.79943067e+02
 3.41454887e+04  4.63865867e+01  3.41454887e+04  1.79942629e+02
 3.44085734e+04  4.63866140e+01  3.44085734e+04  1.79942186e+02
 3.46736850e+04  4.63866146e+01  3.46736850e+04  1.79941741e+02
 3.49408393e+04  4.63866289e+01  3.49408393e+04  1.79941292e+02
 3.52100520e+04  4.63866505e+01  3.52100520e+04  1.79940839e+02
 3.54813389e+04  4.63866725e+01  3.54813389e+04  1.79940383e+02
 3.57547160e+04  4.63866877e+01  3.57547160e+04  1.79939923e+02
 3.60301995e+04  4.63866957e+01  3.60301995e+04  1.79939461e+02
 3.63078055e+04  4.63867038e+01  3.63078055e+04  1.79938995e+02
 3.65875504e+04  4.63867195e+01  3.65875504e+04  1.79938524e+02
 3.68694506e+04  4.63867354e+01  3.68694506e+04  1.79938050e+02
 3.71535229e+04  4.63867515e+01  3.71535229e+04  1.79937573e+02
 3.74397839e+04  4.63867839e+01  3.74397839e+04  1.79937091e+02
 3.77282505e+04  4.63867846e+01  3.77282505e+04  1.79936607e+02
 3.80189396e+04  4.63868098e+01  3.80189396e+04  1.79936118e+02
 3.83118685e+04  4.63868271e+01  3.83118685e+04  1.79935625e+02
 3.86070543e+04  4.63868362e+01  3.86070543e+04  1.79935130e+02
 3.89045145e+04  4.63868711e+01  3.89045145e+04  1.79934628e+02
 3.92042666e+04  4.63868981e+01  3.92042666e+04  1.79934124e+02
 3.95063281e+04  4.63868990e+01  3.95063281e+04  1.79933617e+02
 3.98107171e+04  4.63869178e+01  3.98107171e+04  1.79933105e+02
 4.01174512e+04  4.63869459e+01  4.01174512e+04  1.79932589e+02
 4.04265487e+04  4.63869467e+01  4.04265487e+04  1.79932071e+02
 4.07380278e+04  4.63869756e+01  4.07380278e+04  1.79931547e+02
 4.10519067e+04  4.63869955e+01  4.10519067e+04  1.79931019e+02
 4.13682040e+04  4.63870254e+01  4.13682040e+04  1.79930486e+02
 4.16869383e+04  4.63870362e+01  4.16869383e+04  1.79929951e+02
 4.20081285e+04  4.63870470e+01  4.20081285e+04  1.79929412e+02
 4.23317933e+04  4.63870781e+01  4.23317933e+04  1.79928867e+02
 4.26579519e+04  4.63870892e+01  4.26579519e+04  1.79928319e+02
 4.29866235e+04  4.63871214e+01  4.29866235e+04  1.79927766e+02
 4.33178274e+04  4.63871542e+01  4.33178274e+04  1.79927208e+02
 4.36515832e+04  4.63871660e+01  4.36515832e+04  1.79926648e+02
 4.39879106e+04  4.63871778e+01  4.39879106e+04  1.79926083e+02
 4.43268292e+04  4.63872120e+01  4.43268292e+04  1.79925513e+02
 4.46683592e+04  4.63872469e+01  4.46683592e+04  1.79924938e+02
 4.50125206e+04  4.63872594e+01  4.50125206e+04  1.79924360e+02
 4.53593337e+04  4.63872720e+01  4.53593337e+04  1.79923777e+02
 4.57088190e+04  4.63873083e+01  4.57088190e+04  1.79923189e+02
 4.60609969e+04  4.63873334e+01  4.60609969e+04  1.79922597e+02
 4.64158883e+04  4.63873588e+01  4.64158883e+04  1.79922000e+02
 4.67735141e+04  4.63873846e+01  4.67735141e+04  1.79921398e+02
 4.71338954e+04  4.63874234e+01  4.71338954e+04  1.79920792e+02
 4.74970533e+04  4.63874374e+01  4.74970533e+04  1.79920182e+02
 4.78630092e+04  4.63874645e+01  4.78630092e+04  1.79919566e+02
 4.82317848e+04  4.63874919e+01  4.82317848e+04  1.79918946e+02
 4.86034018e+04  4.63875198e+01  4.86034018e+04  1.79918321e+02
 4.89778819e+04  4.63875481e+01  4.89778819e+04  1.79917691e+02
 4.93552474e+04  4.63875768e+01  4.93552474e+04  1.79917057e+02
 4.97355204e+04  4.63876200e+01  4.97355204e+04  1.79916416e+02
 5.01187234e+04  4.63876356e+01  5.01187234e+04  1.79915773e+02
 5.05048788e+04  4.63876512e+01  5.05048788e+04  1.79915124e+02
 5.08940095e+04  4.63876963e+01  5.08940095e+04  1.79914469e+02
 5.12861384e+04  4.63877423e+01  5.12861384e+04  1.79913808e+02
 5.16812886e+04  4.63877588e+01  5.16812886e+04  1.79913145e+02
 5.20794833e+04  4.63877754e+01  5.20794833e+04  1.79912476e+02
 5.24807460e+04  4.63878077e+01  5.24807460e+04  1.79911801e+02
 5.28851004e+04  4.63878563e+01  5.28851004e+04  1.79911120e+02
 5.32925703e+04  4.63878898e+01  5.32925703e+04  1.79910434e+02
 5.37031796e+04  4.63879238e+01  5.37031796e+04  1.79909744e+02
 5.41169527e+04  4.63879417e+01  5.41169527e+04  1.79909048e+02
 5.45339137e+04  4.63879934e+01  5.45339137e+04  1.79908346e+02
 5.49540874e+04  4.63880291e+01  5.49540874e+04  1.79907639e+02
 5.53774984e+04  4.63880827e+01  5.53774984e+04  1.79906926e+02
 5.58041717e+04  4.63881197e+01  5.58041717e+04  1.79906208e+02
 5.62341325e+04  4.63881393e+01  5.62341325e+04  1.79905486e+02
 5.66674061e+04  4.63881589e+01  5.66674061e+04  1.79904758e+02
 5.71040179e+04  4.63882157e+01  5.71040179e+04  1.79904022e+02
 5.75439937e+04  4.63882736e+01  5.75439937e+04  1.79903281e+02
 5.79873595e+04  4.63883135e+01  5.79873595e+04  1.79902535e+02
 5.84341413e+04  4.63883347e+01  5.84341413e+04  1.79901785e+02
 5.88843655e+04  4.63883559e+01  5.88843655e+04  1.79901028e+02
 5.93380586e+04  4.63884171e+01  5.93380586e+04  1.79900264e+02
 5.97952473e+04  4.63884390e+01  5.97952473e+04  1.79899495e+02
 6.02559586e+04  4.63885021e+01  6.02559586e+04  1.79898719e+02
 6.07202196e+04  4.63885457e+01  6.07202196e+04  1.79897938e+02
 6.11880576e+04  4.63885899e+01  6.11880576e+04  1.79897151e+02
 6.16595002e+04  4.63886131e+01  6.16595002e+04  1.79896358e+02
 6.21345752e+04  4.63886802e+01  6.21345752e+04  1.79895558e+02
 6.26133105e+04  4.63887042e+01  6.26133105e+04  1.79894753e+02
 6.30957344e+04  4.63887508e+01  6.30957344e+04  1.79893941e+02
 6.35818754e+04  4.63887982e+01  6.35818754e+04  1.79893123e+02
 6.40717619e+04  4.63888929e+01  6.40717619e+04  1.79892296e+02
 6.45654229e+04  4.63888951e+01  6.45654229e+04  1.79891467e+02
 6.50628875e+04  4.63889928e+01  6.50628875e+04  1.79890628e+02
 6.55641849e+04  4.63890194e+01  6.55641849e+04  1.79889785e+02
 6.60693448e+04  4.63890709e+01  6.60693448e+04  1.79888935e+02
 6.65783968e+04  4.63891232e+01  6.65783968e+04  1.79888078e+02
 6.70913710e+04  4.63891764e+01  6.70913710e+04  1.79887215e+02
 6.76082975e+04  4.63892043e+01  6.76082975e+04  1.79886345e+02
 6.81292069e+04  4.63892851e+01  6.81292069e+04  1.79885468e+02
 6.86541298e+04  4.63893139e+01  6.86541298e+04  1.79884585e+02
 6.91830971e+04  4.63893972e+01  6.91830971e+04  1.79883693e+02
 6.97161400e+04  4.63894821e+01  6.97161400e+04  1.79882794e+02
 7.02532899e+04  4.63894847e+01  7.02532899e+04  1.79881892e+02
 7.07945784e+04  4.63895719e+01  7.07945784e+04  1.79880980e+02
 7.13400375e+04  4.63896030e+01  7.13400375e+04  1.79880062e+02
 7.18896992e+04  4.63896929e+01  7.18896992e+04  1.79879136e+02
 7.24435960e+04  4.63897847e+01  7.24435960e+04  1.79878202e+02
 7.30017605e+04  4.63898178e+01  7.30017605e+04  1.79877263e+02
 7.35642254e+04  4.63899123e+01  7.35642254e+04  1.79876314e+02
 7.41310241e+04  4.63899152e+01  7.41310241e+04  1.79875362e+02
 7.47021899e+04  4.63900123e+01  7.47021899e+04  1.79874399e+02
 7.52777564e+04  4.63901114e+01  7.52777564e+04  1.79873428e+02
 7.58577575e+04  4.63901144e+01  7.58577575e+04  1.79872454e+02
 7.64422274e+04  4.63902492e+01  7.64422274e+04  1.79871467e+02
 7.70312006e+04  4.63902524e+01  7.70312006e+04  1.79870477e+02
 7.76247117e+04  4.63903571e+01  7.76247117e+04  1.79869477e+02
 7.82227956e+04  4.63904294e+01  7.82227956e+04  1.79868469e+02
 7.88254877e+04  4.63905381e+01  7.88254877e+04  1.79867452e+02
 7.94328235e+04  4.63906130e+01  7.94328235e+04  1.79866429e+02
 8.00448386e+04  4.63906892e+01  8.00448386e+04  1.79865398e+02
 8.06615692e+04  4.63907296e+01  8.06615692e+04  1.79864360e+02
 8.12830516e+04  4.63907699e+01  8.12830516e+04  1.79863314e+02
 8.19093224e+04  4.63908866e+01  8.19093224e+04  1.79862258e+02
 8.25404185e+04  4.63909670e+01  8.25404185e+04  1.79861194e+02
 8.31763771e+04  4.63910487e+01  8.31763771e+04  1.79860123e+02
 8.38172356e+04  4.63911715e+01  8.38172356e+04  1.79859041e+02
 8.44630319e+04  4.63912158e+01  8.44630319e+04  1.79857954e+02
 8.51138038e+04  4.63913013e+01  8.51138038e+04  1.79856857e+02
 8.57695899e+04  4.63913882e+01  8.57695899e+04  1.79855752e+02
 8.64304286e+04  4.63914763e+01  8.64304286e+04  1.79854638e+02
 8.70963590e+04  4.63916090e+01  8.70963590e+04  1.79853513e+02
 8.77674203e+04  4.63916568e+01  8.77674203e+04  1.79852384e+02
 8.84436519e+04  4.63917491e+01  8.84436519e+04  1.79851244e+02
 8.91250938e+04  4.63918880e+01  8.91250938e+04  1.79850093e+02
 8.98117861e+04  4.63919381e+01  8.98117861e+04  1.79848937e+02
 9.05037692e+04  4.63920348e+01  9.05037692e+04  1.79847770e+02
 9.12010839e+04  4.63921802e+01  9.12010839e+04  1.79846592e+02
 9.19037713e+04  4.63921846e+01  9.19037713e+04  1.79845410e+02
 9.26118728e+04  4.63923825e+01  9.26118728e+04  1.79844213e+02
 9.33254301e+04  4.63923871e+01  9.33254301e+04  1.79843013e+02
 9.40444852e+04  4.63925411e+01  9.40444852e+04  1.79841799e+02
 9.47690805e+04  4.63926470e+01  9.47690805e+04  1.79840576e+02
 9.54992586e+04  4.63927547e+01  9.54992586e+04  1.79839345e+02
 9.62350626e+04  4.63928640e+01  9.62350626e+04  1.79838103e+02
 9.69765359e+04  4.63929751e+01  9.69765359e+04  1.79836852e+02
 9.77237221e+04  4.63930877e+01  9.77237221e+04  1.79835592e+02
 9.84766652e+04  4.63931471e+01  9.84766652e+04  1.79834322e+02
 9.92354096e+04  4.63933186e+01  9.92354096e+04  1.79833041e+02
 1.00000000e+05  4.63934364e+01  1.00000000e+05  1.79831750e+02
 1.00770481e+05  4.63936141e+01  1.00770481e+05  1.79830447e+02
 1.01546899e+05  4.63936782e+01  1.01546899e+05  1.79829140e+02
 1.02329299e+05  4.63938017e+01  1.02329299e+05  1.79827819e+02
 1.03117727e+05  4.63938668e+01  1.03117727e+05  1.79826489e+02
 1.03912230e+05  4.63940548e+01  1.03912230e+05  1.79825147e+02
 1.04712855e+05  4.63942466e+01  1.04712855e+05  1.79823792e+02
 1.05519648e+05  4.63942523e+01  1.05519648e+05  1.79822434e+02
 1.06332657e+05  4.63945135e+01  1.06332657e+05  1.79821057e+02
 1.07151931e+05  4.63945847e+01  1.07151931e+05  1.79819676e+02
 1.07977516e+05  4.63947223e+01  1.07977516e+05  1.79818282e+02
 1.08809463e+05  4.63948620e+01  1.08809463e+05  1.79816877e+02
 1.09647820e+05  4.63950041e+01  1.09647820e+05  1.79815460e+02
 1.10492636e+05  4.63951482e+01  1.10492636e+05  1.79814033e+02
 1.11343961e+05  4.63952946e+01  1.11343961e+05  1.79812595e+02
 1.12201845e+05  4.63954433e+01  1.12201845e+05  1.79811146e+02
 1.13066340e+05  4.63955943e+01  1.13066340e+05  1.79809685e+02
 1.13937495e+05  4.63957474e+01  1.13937495e+05  1.79808213e+02
 1.14815362e+05  4.63959032e+01  1.14815362e+05  1.79806729e+02
 1.15699993e+05  4.63961374e+01  1.15699993e+05  1.79805230e+02
 1.16591440e+05  4.63962218e+01  1.16591440e+05  1.79803727e+02
 1.17489755e+05  4.63963847e+01  1.17489755e+05  1.79802208e+02
 1.18394992e+05  4.63965502e+01  1.18394992e+05  1.79800678e+02
 1.19307204e+05  4.63967184e+01  1.19307204e+05  1.79799135e+02
 1.20226443e+05  4.63968890e+01  1.20226443e+05  1.79797581e+02
 1.21152766e+05  4.63970624e+01  1.21152766e+05  1.79796014e+02
 1.22086225e+05  4.63972386e+01  1.22086225e+05  1.79794435e+02
 1.23026877e+05  4.63973312e+01  1.23026877e+05  1.79792845e+02
 1.23974776e+05  4.63975113e+01  1.23974776e+05  1.79791241e+02
 1.24929979e+05  4.63977830e+01  1.24929979e+05  1.79789624e+02
 1.25892541e+05  4.63979701e+01  1.25892541e+05  1.79787995e+02
 1.26862520e+05  4.63981603e+01  1.26862520e+05  1.79786354e+02
 1.27839972e+05  4.63982603e+01  1.27839972e+05  1.79784700e+02
 1.28824955e+05  4.63986435e+01  1.28824955e+05  1.79783028e+02
 1.29817528e+05  4.63986527e+01  1.29817528e+05  1.79781353e+02
 1.30817747e+05  4.63988534e+01  1.30817747e+05  1.79779659e+02
 1.31825674e+05  4.63990570e+01  1.31825674e+05  1.79777952e+02
 1.32841366e+05  4.63994646e+01  1.32841366e+05  1.79776227e+02
 1.33864884e+05  4.63995759e+01  1.33864884e+05  1.79774498e+02
 1.34896288e+05  4.63997910e+01  1.34896288e+05  1.79772751e+02
 1.35935639e+05  4.64001143e+01  1.35935639e+05  1.79770985e+02
 1.36982998e+05  4.64002308e+01  1.36982998e+05  1.79769215e+02
 1.38038426e+05  4.64003478e+01  1.38038426e+05  1.79767427e+02
 1.39101987e+05  4.64006846e+01  1.39101987e+05  1.79765624e+02
 1.40173742e+05  4.64010284e+01  1.40173742e+05  1.79763802e+02
 1.41253754e+05  4.64010389e+01  1.41253754e+05  1.79761977e+02
 1.42342088e+05  4.64013917e+01  1.42342088e+05  1.79760131e+02
 1.43438808e+05  4.64016349e+01  1.43438808e+05  1.79758271e+02
 1.44543977e+05  4.64020006e+01  1.44543977e+05  1.79756391e+02
 1.45657662e+05  4.64020121e+01  1.45657662e+05  1.79754508e+02
 1.46779927e+05  4.64022648e+01  1.46779927e+05  1.79752604e+02
 1.47910839e+05  4.64026456e+01  1.47910839e+05  1.79750684e+02
 1.49050464e+05  4.64029081e+01  1.49050464e+05  1.79748750e+02
 1.50198870e+05  4.64031751e+01  1.50198870e+05  1.79746801e+02
 1.51356125e+05  4.64034455e+01  1.51356125e+05  1.79744837e+02
 1.52522296e+05  4.64037207e+01  1.52522296e+05  1.79742857e+02
 1.53697452e+05  4.64039998e+01  1.53697452e+05  1.79740861e+02
 1.54881662e+05  4.64041469e+01  1.54881662e+05  1.79738850e+02
 1.56074996e+05  4.64045711e+01  1.56074996e+05  1.79736822e+02
 1.57277525e+05  4.64048634e+01  1.57277525e+05  1.79734779e+02
 1.58489319e+05  4.64051605e+01  1.58489319e+05  1.79732720e+02
 1.59710450e+05  4.64054620e+01  1.59710450e+05  1.79730645e+02
 1.60940989e+05  4.64056209e+01  1.60940989e+05  1.79728553e+02
 1.62181010e+05  4.64060793e+01  1.62181010e+05  1.79726444e+02
 1.63430584e+05  4.64062430e+01  1.63430584e+05  1.79724320e+02
 1.64689787e+05  4.64065612e+01  1.64689787e+05  1.79722178e+02
 1.65958691e+05  4.64071979e+01  1.65958691e+05  1.79720011e+02
 1.67237372e+05  4.64075306e+01  1.67237372e+05  1.79717835e+02
 1.68525904e+05  4.64077077e+01  1.68525904e+05  1.79715650e+02
 1.69824365e+05  4.64078844e+01  1.69824365e+05  1.79713440e+02
 1.71132830e+05  4.64082283e+01  1.71132830e+05  1.79711212e+02
 1.72451377e+05  4.64087462e+01  1.72451377e+05  1.79708967e+02
 1.73780083e+05  4.64091036e+01  1.73780083e+05  1.79706704e+02
 1.75119026e+05  4.64092919e+01  1.75119026e+05  1.79704422e+02
 1.76468286e+05  4.64100114e+01  1.76468286e+05  1.79702115e+02
 1.77827941e+05  4.64103885e+01  1.77827941e+05  1.79699797e+02
 1.79198072e+05  4.64105883e+01  1.79198072e+05  1.79697470e+02
 1.80578760e+05  4.64109739e+01  1.80578760e+05  1.79695116e+02
 1.81970086e+05  4.64115540e+01  1.81970086e+05  1.79692733e+02
 1.83372132e+05  4.64117637e+01  1.83372132e+05  1.79690351e+02
 1.84784980e+05  4.64123615e+01  1.84784980e+05  1.79687930e+02
 1.86208714e+05  4.64123804e+01  1.86208714e+05  1.79685510e+02
 1.87643417e+05  4.64129943e+01  1.87643417e+05  1.79683061e+02
 1.89089175e+05  4.64134173e+01  1.89089175e+05  1.79680592e+02
 1.90546072e+05  4.64138469e+01  1.90546072e+05  1.79678104e+02
 1.92014194e+05  4.64140736e+01  1.92014194e+05  1.79675595e+02
 1.93493628e+05  4.64147261e+01  1.93493628e+05  1.79673067e+02
 1.94984460e+05  4.64151763e+01  1.94984460e+05  1.79670519e+02
 1.96486779e+05  4.64156327e+01  1.96486779e+05  1.79667950e+02
 1.98000673e+05  4.64160969e+01  1.98000673e+05  1.79665361e+02
 1.99526231e+05  4.64167946e+01  1.99526231e+05  1.79662739e+02
 2.01063544e+05  4.64170463e+01  2.01063544e+05  1.79660120e+02
 2.02612701e+05  4.64172987e+01  2.02612701e+05  1.79657467e+02
 2.04173794e+05  4.64177886e+01  2.04173794e+05  1.79654794e+02
 2.05746916e+05  4.64187678e+01  2.05746916e+05  1.79652088e+02
 2.07332157e+05  4.64190362e+01  2.07332157e+05  1.79649385e+02
 2.08929613e+05  4.64195527e+01  2.08929613e+05  1.79646648e+02
 2.10539377e+05  4.64200776e+01  2.10539377e+05  1.79643888e+02
 2.12161544e+05  4.64206108e+01  2.12161544e+05  1.79641106e+02
 2.13796209e+05  4.64208918e+01  2.13796209e+05  1.79638300e+02
 2.15443469e+05  4.64217013e+01  2.15443469e+05  1.79635476e+02
 2.17103421e+05  4.64222593e+01  2.17103421e+05  1.79632626e+02
 2.18776162e+05  4.64230986e+01  2.18776162e+05  1.79629739e+02
 2.20461792e+05  4.64234020e+01  2.20461792e+05  1.79626859e+02
 2.22160409e+05  4.64239868e+01  2.22160409e+05  1.79623940e+02
 2.23872114e+05  4.64245805e+01  2.23872114e+05  1.79620998e+02
 2.25597007e+05  4.64248938e+01  2.25597007e+05  1.79618030e+02
 2.27335190e+05  4.64257961e+01  2.27335190e+05  1.79615043e+02
 2.29086765e+05  4.64261193e+01  2.29086765e+05  1.79612026e+02
 2.30851836e+05  4.64270489e+01  2.30851836e+05  1.79608990e+02
 2.32630507e+05  4.64276902e+01  2.32630507e+05  1.79605928e+02
 2.34422882e+05  4.64283414e+01  2.34422882e+05  1.79602840e+02
 2.36229066e+05  4.64293206e+01  2.36229066e+05  1.79599709e+02
 2.38049167e+05  4.64296745e+01  2.38049167e+05  1.79596590e+02
 2.39883292e+05  4.64303565e+01  2.39883292e+05  1.79593427e+02
 2.41731548e+05  4.64313815e+01  2.41731548e+05  1.79590218e+02
 2.43594045e+05  4.64317528e+01  2.43594045e+05  1.79587023e+02
 2.45470892e+05  4.64324674e+01  2.45470892e+05  1.79583782e+02
 2.47362199e+05  4.64335408e+01  2.47362199e+05  1.79580494e+02
 2.49268079e+05  4.64335768e+01  2.49268079e+05  1.79577217e+02
 2.51188643e+05  4.64346774e+01  2.51188643e+05  1.79573900e+02
 2.53124005e+05  4.64354379e+01  2.53124005e+05  1.79570553e+02
 2.55074278e+05  4.64358394e+01  2.55074278e+05  1.79567173e+02
 2.57039578e+05  4.64373694e+01  2.57039578e+05  1.79563752e+02
 2.59020020e+05  4.64377890e+01  2.59020020e+05  1.79560345e+02
 2.61015722e+05  4.64389850e+01  2.61015722e+05  1.79556862e+02
 2.63026799e+05  4.64394190e+01  2.63026799e+05  1.79553399e+02
 2.65053372e+05  4.64398526e+01  2.65053372e+05  1.79549878e+02
 2.67095559e+05  4.64410993e+01  2.67095559e+05  1.79546340e+02
 2.69153480e+05  4.64419589e+01  2.69153480e+05  1.79542767e+02
 2.71227258e+05  4.64428323e+01  2.71227258e+05  1.79539164e+02
 2.73317014e+05  4.64432936e+01  2.73317014e+05  1.79535525e+02
 2.75422870e+05  4.64437568e+01  2.75422870e+05  1.79531822e+02
 2.77544952e+05  4.64455345e+01  2.77544952e+05  1.79528177e+02
 2.79683385e+05  4.64469078e+01  2.79683385e+05  1.79524426e+02
 2.81838293e+05  4.64474065e+01  2.81838293e+05  1.79520701e+02
 2.84009805e+05  4.64488234e+01  2.84009805e+05  1.79516886e+02
 2.86198048e+05  4.64498025e+01  2.86198048e+05  1.79513070e+02
 2.88403150e+05  4.64498524e+01  2.88403150e+05  1.79509245e+02
 2.90625243e+05  4.64513292e+01  2.90625243e+05  1.79505374e+02
 2.92864456e+05  4.64518608e+01  2.92864456e+05  1.79501453e+02
 2.95120923e+05  4.64533832e+01  2.95120923e+05  1.79497518e+02
 2.97394775e+05  4.64539321e+01  2.97394775e+05  1.79493532e+02
 2.99686146e+05  4.64555025e+01  2.99686146e+05  1.79489531e+02
 3.01995172e+05  4.64571048e+01  3.01995172e+05  1.79485452e+02
 3.04321989e+05  4.64571601e+01  3.04321989e+05  1.79481400e+02
 3.06666733e+05  4.64598757e+01  3.06666733e+05  1.79477178e+02
 3.09029543e+05  4.64599419e+01  3.09029543e+05  1.79473153e+02
 3.11410558e+05  4.64610951e+01  3.11410558e+05  1.79468973e+02
 3.13809919e+05  4.64628274e+01  3.13809919e+05  1.79464718e+02
 3.16227766e+05  4.64634563e+01  3.16227766e+05  1.79460506e+02
 3.18664242e+05  4.64646639e+01  3.18664242e+05  1.79456220e+02
 3.21119491e+05  4.64653060e+01  3.21119491e+05  1.79451885e+02
 3.23593657e+05  4.64671381e+01  3.23593657e+05  1.79447538e+02
 3.26086886e+05  4.64684042e+01  3.26086886e+05  1.79443142e+02
 3.28599325e+05  4.64703048e+01  3.28599325e+05  1.79438664e+02
 3.31131121e+05  4.64703717e+01  3.31131121e+05  1.79434224e+02
 3.33682425e+05  4.64723214e+01  3.33682425e+05  1.79429729e+02
 3.36253386e+05  4.64723833e+01  3.36253386e+05  1.79425091e+02
 3.38844156e+05  4.64743823e+01  3.38844156e+05  1.79420582e+02
 3.41454887e+05  4.64764257e+01  3.41454887e+05  1.79415973e+02
 3.44085734e+05  4.64785086e+01  3.44085734e+05  1.79411258e+02
 3.46736850e+05  4.64792683e+01  3.46736850e+05  1.79406605e+02
 3.49408393e+05  4.64807233e+01  3.49408393e+05  1.79401861e+02
 3.52100520e+05  4.64814973e+01  3.52100520e+05  1.79397059e+02
 3.54813389e+05  4.64837028e+01  3.54813389e+05  1.79392251e+02
 3.57547160e+05  4.64852282e+01  3.57547160e+05  1.79387384e+02
 3.60301995e+05  4.64860381e+01  3.60301995e+05  1.79382456e+02
 3.63078055e+05  4.64890992e+01  3.63078055e+05  1.79377465e+02
 3.65875504e+05  4.64899465e+01  3.65875504e+05  1.79372530e+02
 3.68694506e+05  4.64907975e+01  3.68694506e+05  1.79367472e+02
 3.71535229e+05  4.64932175e+01  3.71535229e+05  1.79362412e+02
 3.74397839e+05  4.64956870e+01  3.74397839e+05  1.79357223e+02
 3.77282505e+05  4.64957828e+01  3.77282505e+05  1.79352096e+02
 3.80189396e+05  4.64983174e+01  3.80189396e+05  1.79346904e+02
 3.83118685e+05  4.65009043e+01  3.83118685e+05  1.79341576e+02
 3.86070543e+05  4.65026991e+01  3.86070543e+05  1.79336268e+02
 3.89045145e+05  4.65036614e+01  3.89045145e+05  1.79330987e+02
 3.92042666e+05  4.65054986e+01  3.92042666e+05  1.79325588e+02
 3.95063281e+05  4.65073640e+01  3.95063281e+05  1.79320141e+02
 3.98107171e+05  4.65092586e+01  3.98107171e+05  1.79314647e+02
 4.01174512e+05  4.65111852e+01  4.01174512e+05  1.79309105e+02
 4.04265487e+05  4.65122091e+01  4.04265487e+05  1.79303485e+02
 4.07380278e+05  4.65151248e+01  4.07380278e+05  1.79297872e+02
 4.10519067e+05  4.65171427e+01  4.10519067e+05  1.79292181e+02
 4.13682040e+05  4.65191922e+01  4.13682040e+05  1.79286440e+02
 4.16869383e+05  4.65222595e+01  4.16869383e+05  1.79280560e+02
 4.20081285e+05  4.65223836e+01  4.20081285e+05  1.79274771e+02
 4.23317933e+05  4.65265511e+01  4.23317933e+05  1.79268815e+02
 4.26579519e+05  4.65287478e+01  4.26579519e+05  1.79262864e+02
 4.29866235e+05  4.65299302e+01  4.29866235e+05  1.79256955e+02
 4.33178274e+05  4.65321797e+01  4.33178274e+05  1.79250898e+02
 4.36515832e+05  4.65344641e+01  4.36515832e+05  1.79244787e+02
 4.39879106e+05  4.65367858e+01  4.39879106e+05  1.79238621e+02
 4.43268292e+05  4.65391424e+01  4.43268292e+05  1.79232399e+02
 4.46683592e+05  4.65415389e+01  4.46683592e+05  1.79226120e+02
 4.50125206e+05  4.65428171e+01  4.50125206e+05  1.79219744e+02
 4.53593337e+05  4.65452704e+01  4.53593337e+05  1.79213350e+02
 4.57088190e+05  4.65501391e+01  4.57088190e+05  1.79206826e+02
 4.60609969e+05  4.65502927e+01  4.60609969e+05  1.79200386e+02
 4.64158883e+05  4.65540880e+01  4.64158883e+05  1.79193859e+02
 4.67735141e+05  4.65579630e+01  4.67735141e+05  1.79187106e+02
 4.71338954e+05  4.65606548e+01  4.71338954e+05  1.79180411e+02
 4.74970533e+05  4.65633864e+01  4.74970533e+05  1.79173655e+02
 4.78630092e+05  4.65661650e+01  4.78630092e+05  1.79166835e+02
 4.82317848e+05  4.65689837e+01  4.82317848e+05  1.79159953e+02
 4.86034018e+05  4.65705056e+01  4.86034018e+05  1.79153142e+02
 4.89778819e+05  4.65747573e+01  4.89778819e+05  1.79145994e+02
 4.93552474e+05  4.65763308e+01  4.93552474e+05  1.79139059e+02
 4.97355204e+05  4.65793123e+01  4.97355204e+05  1.79131918e+02
 5.01187234e+05  4.65837676e+01  5.01187234e+05  1.79124562e+02
 5.05048788e+05  4.65868684e+01  5.05048788e+05  1.79117282e+02
 5.08940095e+05  4.65885426e+01  5.08940095e+05  1.79110090e+02
 5.12861384e+05  4.65902222e+01  5.12861384e+05  1.79102614e+02
 5.16812886e+05  4.65934235e+01  5.16812886e+05  1.79095128e+02
 5.20794833e+05  4.65982151e+01  5.20794833e+05  1.79087635e+02
 5.24807460e+05  4.66031108e+01  5.24807460e+05  1.79079836e+02
 5.28851004e+05  4.66049238e+01  5.28851004e+05  1.79072305e+02
 5.32925703e+05  4.66083597e+01  5.32925703e+05  1.79064529e+02
 5.37031796e+05  4.66118489e+01  5.37031796e+05  1.79056678e+02
 5.41169527e+05  4.66170575e+01  5.41169527e+05  1.79048565e+02
 5.45339137e+05  4.66206837e+01  5.45339137e+05  1.79040557e+02
 5.49540874e+05  4.66226530e+01  5.49540874e+05  1.79032665e+02
 5.53774984e+05  4.66281081e+01  5.53774984e+05  1.79024306e+02
 5.58041717e+05  4.66283725e+01  5.58041717e+05  1.79016183e+02
 5.62341325e+05  4.66339760e+01  5.62341325e+05  1.79007941e+02
 5.66674061e+05  4.66396972e+01  5.66674061e+05  1.78999324e+02
 5.71040179e+05  4.66399730e+01  5.71040179e+05  1.78990964e+02
 5.75439937e+05  4.66458532e+01  5.75439937e+05  1.78982479e+02
 5.79873595e+05  4.66480227e+01  5.79873595e+05  1.78973731e+02
 5.84341413e+05  4.66560268e+01  5.84341413e+05  1.78964846e+02
 5.88843655e+05  4.66583032e+01  5.88843655e+05  1.78956247e+02
 5.93380586e+05  4.66645844e+01  5.93380586e+05  1.78947085e+02
 5.97952473e+05  4.66649060e+01  5.97952473e+05  1.78938218e+02
 6.02559586e+05  4.66713598e+01  6.02559586e+05  1.78929217e+02
 6.07202196e+05  4.66758517e+01  6.07202196e+05  1.78920023e+02
 6.11880576e+05  4.66804135e+01  6.11880576e+05  1.78910736e+02
 6.16595002e+05  4.66872113e+01  6.16595002e+05  1.78901080e+02
 6.21345752e+05  4.66941468e+01  6.21345752e+05  1.78890925e+02
 6.26133105e+05  4.66967778e+01  6.26133105e+05  1.78882011e+02
 6.30957344e+05  4.66948867e+01  6.30957344e+05  1.78871973e+02
 6.35818754e+05  4.67020578e+01  6.35818754e+05  1.78862722e+02
 6.40717619e+05  4.67093775e+01  6.40717619e+05  1.78852965e+02
 6.45654229e+05  4.67168494e+01  6.45654229e+05  1.78842670e+02
 6.50628875e+05  4.67220643e+01  6.50628875e+05  1.78832576e+02
 6.55641849e+05  4.67224792e+01  6.55641849e+05  1.78822569e+02
 6.60693448e+05  4.67327573e+01  6.60693448e+05  1.78812066e+02
 6.65783968e+05  4.67331915e+01  6.65783968e+05  1.78801849e+02
 6.70913710e+05  4.67437930e+01  6.70913710e+05  1.78791117e+02
 6.76082975e+05  4.67442496e+01  6.76082975e+05  1.78780684e+02
 6.81292069e+05  4.67525505e+01  6.81292069e+05  1.78770082e+02
 6.86541298e+05  4.67583447e+01  6.86541298e+05  1.78759216e+02
 6.91830971e+05  4.67669553e+01  6.91830971e+05  1.78747849e+02
 6.97161400e+05  4.67702298e+01  6.97161400e+05  1.78737127e+02
 7.02532899e+05  4.67763043e+01  7.02532899e+05  1.78725902e+02
 7.07945784e+05  4.67824860e+01  7.07945784e+05  1.78714553e+02
 7.13400375e+05  4.67945420e+01  7.13400375e+05  1.78701646e+02
 7.18896992e+05  4.67951402e+01  7.18896992e+05  1.78691477e+02
 7.24435960e+05  4.68046127e+01  7.24435960e+05  1.78679306e+02
 7.30017605e+05  4.68082158e+01  7.30017605e+05  1.78667883e+02
 7.35642254e+05  4.68149139e+01  7.35642254e+05  1.78655887e+02
 7.41310241e+05  4.68185977e+01  7.41310241e+05  1.78643560e+02
 7.47021899e+05  4.68286352e+01  7.47021899e+05  1.78631487e+02
 7.52777564e+05  4.68420933e+01  7.52777564e+05  1.78617399e+02
 7.58577575e+05  4.68428025e+01  7.58577575e+05  1.78606528e+02
 7.64422274e+05  4.68500608e+01  7.64422274e+05  1.78593832e+02
 7.70312006e+05  4.68540643e+01  7.70312006e+05  1.78580769e+02
 7.76247117e+05  4.68649417e+01  7.76247117e+05  1.78567997e+02
 7.82227956e+05  4.68725603e+01  7.82227956e+05  1.78554854e+02
 7.88254877e+05  4.68838339e+01  7.88254877e+05  1.78540992e+02
 7.94328235e+05  4.68881813e+01  7.94328235e+05  1.78528102e+02
 8.00448386e+05  4.68961816e+01  8.00448386e+05  1.78514487e+02
 8.06615692e+05  4.69006107e+01  8.06615692e+05  1.78500459e+02
 8.12830516e+05  4.69125736e+01  8.12830516e+05  1.78486771e+02
 8.19093224e+05  4.69209717e+01  8.19093224e+05  1.78472662e+02
 8.25404185e+05  4.69295112e+01  8.25404185e+05  1.78458382e+02
 8.31763771e+05  4.69381890e+01  8.31763771e+05  1.78443930e+02
 8.38172356e+05  4.69470182e+01  8.38172356e+05  1.78429299e+02
 8.44630319e+05  4.69600389e+01  8.44630319e+05  1.78413795e+02
 8.51138038e+05  4.69651025e+01  8.51138038e+05  1.78399497e+02
 8.57695899e+05  4.69785518e+01  8.57695899e+05  1.78383590e+02
 8.64304286e+05  4.69795350e+01  8.64304286e+05  1.78368640e+02
 8.70963590e+05  4.69933693e+01  8.70963590e+05  1.78353388e+02
 8.77674203e+05  4.70074694e+01  8.77674203e+05  1.78336853e+02
 8.84436519e+05  4.70129915e+01  8.84436519e+05  1.78321674e+02
 8.91250938e+05  4.70230524e+01  8.91250938e+05  1.78305512e+02
 8.98117861e+05  4.70332807e+01  8.98117861e+05  1.78289143e+02
 9.05037692e+05  4.70436698e+01  9.05037692e+05  1.78272564e+02
 9.12010839e+05  4.70542479e+01  9.12010839e+05  1.78255767e+02
 9.19037713e+05  4.70649911e+01  9.19037713e+05  1.78238753e+02
 9.26118728e+05  4.70807942e+01  9.26118728e+05  1.78220598e+02
 9.33254301e+05  4.70870299e+01  9.33254301e+05  1.78204048e+02
 9.40444852e+05  4.70983226e+01  9.40444852e+05  1.78186350e+02
 9.47690805e+05  4.71098132e+01  9.47690805e+05  1.78168414e+02
 9.54992586e+05  4.71266702e+01  9.54992586e+05  1.78149233e+02
 9.62350626e+05  4.71333609e+01  9.62350626e+05  1.78131814e+02
 9.69765359e+05  4.71454299e+01  9.69765359e+05  1.78113143e+02
 9.77237221e+05  4.71577096e+01  9.77237221e+05  1.78094212e+02
 9.84766652e+05  4.71701930e+01  9.84766652e+05  1.78075022e+02
 9.92354096e+05  4.71884855e+01  9.92354096e+05  1.78054439e+02
 1.00000000e+06  4.72071368e+01  1.00000000e+06  1.78031907e+02
 1.00770481e+06  4.72089296e+01  1.00770481e+06  1.78015834e+02
 1.01546899e+06  4.72222772e+01  1.01546899e+06  1.77995548e+02
 1.02329299e+06  4.72418064e+01  1.02329299e+06  1.77973733e+02
 1.03117727e+06  4.72496684e+01  1.03117727e+06  1.77954099e+02
 1.03912230e+06  4.72637144e+01  1.03912230e+06  1.77932927e+02
 1.04712855e+06  4.72717601e+01  1.04712855e+06  1.77910896e+02
 1.05519648e+06  4.72925351e+01  1.05519648e+06  1.77889653e+02
 1.06332657e+06  4.73073064e+01  1.06332657e+06  1.77867541e+02
 1.07151931e+06  4.73288606e+01  1.07151931e+06  1.77843677e+02
 1.07977516e+06  4.73442496e+01  1.07977516e+06  1.77820870e+02
 1.08809463e+06  4.73464546e+01  1.08809463e+06  1.77798589e+02
 1.09647820e+06  4.73621839e+01  1.09647820e+06  1.77775109e+02
 1.10492636e+06  4.73851062e+01  1.10492636e+06  1.77751919e+02
 1.11343961e+06  4.74085222e+01  1.11343961e+06  1.77726133e+02
 1.12201845e+06  4.74181495e+01  1.12201845e+06  1.77703166e+02
 1.13066340e+06  4.74350874e+01  1.13066340e+06  1.77678226e+02
 1.13937495e+06  4.74523368e+01  1.13937495e+06  1.77652893e+02
 1.14815362e+06  4.74623781e+01  1.14815362e+06  1.77626443e+02
 1.15699993e+06  4.74877225e+01  1.15699993e+06  1.77601026e+02
 1.16591440e+06  4.75058987e+01  1.16591440e+06  1.77574463e+02
 1.17489755e+06  4.75322243e+01  1.17489755e+06  1.77545592e+02
 1.18394992e+06  4.75431845e+01  1.18394992e+06  1.77520056e+02
 1.19307204e+06  4.75704173e+01  1.19307204e+06  1.77490208e+02
 1.20226443e+06  4.75900110e+01  1.20226443e+06  1.77461834e+02
 1.21152766e+06  4.75849522e+01  1.21152766e+06  1.77430465e+02
 1.22086225e+06  4.76302757e+01  1.22086225e+06  1.77403648e+02
 1.23026877e+06  4.76423298e+01  1.23026877e+06  1.77375995e+02
 1.23974776e+06  4.76632373e+01  1.23974776e+06  1.77345711e+02
 1.24929979e+06  4.76845085e+01  1.24929979e+06  1.77314916e+02
 1.25892541e+06  4.76971286e+01  1.25892541e+06  1.77282651e+02
 1.26862520e+06  4.77373338e+01  1.26862520e+06  1.77249336e+02
 1.27839972e+06  4.77506354e+01  1.27839972e+06  1.77219286e+02
 1.28824955e+06  4.77734739e+01  1.28824955e+06  1.77186283e+02
 1.29817528e+06  4.77967340e+01  1.29817528e+06  1.77152693e+02
 1.30817747e+06  4.78204100e+01  1.30817747e+06  1.77118496e+02
 1.31825674e+06  4.78641891e+01  1.31825674e+06  1.77074621e+02
 1.32841366e+06  4.78790779e+01  1.32841366e+06  1.77045505e+02
 1.33864884e+06  4.79042490e+01  1.33864884e+06  1.77009337e+02
 1.34896288e+06  4.79401090e+01  1.34896288e+06  1.76965660e+02
 1.35935639e+06  4.79454288e+01  1.35935639e+06  1.76937937e+02
 1.36982998e+06  4.79718314e+01  1.36982998e+06  1.76899782e+02
 1.38038426e+06  4.80202606e+01  1.38038426e+06  1.76850477e+02
 1.39101987e+06  4.80041089e+01  1.39101987e+06  1.76814399e+02
 1.40173742e+06  4.80651416e+01  1.40173742e+06  1.76777641e+02
 1.41253754e+06  4.80823766e+01  1.41253754e+06  1.76739707e+02
 1.42342088e+06  4.80998010e+01  1.42342088e+06  1.76696397e+02
 1.43438808e+06  4.81525174e+01  1.43438808e+06  1.76651417e+02
 1.44543977e+06  4.81708690e+01  1.44543977e+06  1.76611215e+02
 1.45657662e+06  4.81894210e+01  1.45657662e+06  1.76565258e+02
 1.46779927e+06  4.82326739e+01  1.46779927e+06  1.76521189e+02
 1.47910839e+06  4.82644632e+01  1.47910839e+06  1.76474793e+02
 1.49050464e+06  4.83094683e+01  1.49050464e+06  1.76423503e+02
 1.50198870e+06  4.83298626e+01  1.50198870e+06  1.76379066e+02
 1.51356125e+06  4.83635207e+01  1.51356125e+06  1.76329687e+02
 1.52522296e+06  4.83845904e+01  1.52522296e+06  1.76277667e+02
 1.53697452e+06  4.84327607e+01  1.53697452e+06  1.76227739e+02
 1.54881662e+06  4.84684036e+01  1.54881662e+06  1.76175101e+02
 1.56074996e+06  4.85185535e+01  1.56074996e+06  1.76116792e+02
 1.57277525e+06  4.85417821e+01  1.57277525e+06  1.76066330e+02
 1.58489319e+06  4.85795509e+01  1.58489319e+06  1.76010120e+02
 1.59710450e+06  4.86325652e+01  1.59710450e+06  1.75947759e+02
 1.60940989e+06  4.86426457e+01  1.60940989e+06  1.75892007e+02
 1.62181010e+06  4.86974489e+01  1.62181010e+06  1.75833677e+02
 1.63430584e+06  4.87383284e+01  1.63430584e+06  1.75772132e+02
 1.64689787e+06  4.87799925e+01  1.64689787e+06  1.75709140e+02
 1.65958691e+06  4.88225338e+01  1.65958691e+06  1.75644637e+02
 1.67237372e+06  4.88659222e+01  1.67237372e+06  1.75578609e+02
 1.68525904e+06  4.89102169e+01  1.68525904e+06  1.75510956e+02
 1.69824365e+06  4.89717470e+01  1.69824365e+06  1.75435751e+02
 1.71132830e+06  4.89848323e+01  1.71132830e+06  1.75368494e+02
 1.72451377e+06  4.90654322e+01  1.72451377e+06  1.75291628e+02
 1.73780083e+06  4.91137372e+01  1.73780083e+06  1.75216852e+02
 1.75119026e+06  4.91456837e+01  1.75119026e+06  1.75146641e+02
 1.76468286e+06  4.92134073e+01  1.76468286e+06  1.75061430e+02
 1.77827941e+06  4.92468809e+01  1.77827941e+06  1.74987519e+02
 1.79198072e+06  4.92626737e+01  1.79198072e+06  1.74890635e+02
 1.80578760e+06  4.93338897e+01  1.80578760e+06  1.74817440e+02
 1.81970086e+06  4.94069444e+01  1.81970086e+06  1.74732610e+02
 1.83372132e+06  4.94625785e+01  1.83372132e+06  1.74642993e+02
 1.84784980e+06  4.95387910e+01  1.84784980e+06  1.74543140e+02
 1.86208714e+06  4.95775558e+01  1.86208714e+06  1.74456176e+02
 1.87643417e+06  4.96369384e+01  1.87643417e+06  1.74358787e+02
 1.89089175e+06  4.96773145e+01  1.89089175e+06  1.74255905e+02
 1.90546072e+06  4.97596743e+01  1.90546072e+06  1.74155493e+02
 1.92014194e+06  4.98231191e+01  1.92014194e+06  1.74049351e+02
 1.93493628e+06  4.98880192e+01  1.93493628e+06  1.73940026e+02
 1.94984460e+06  4.99970411e+01  1.94984460e+06  1.73797141e+02
 1.96486779e+06  5.00221605e+01  1.96486779e+06  1.73711362e+02
 1.98000673e+06  5.00916175e+01  1.98000673e+06  1.73591682e+02
 1.99526231e+06  5.01851680e+01  1.99526231e+06  1.73458290e+02
 2.01063544e+06  5.02353161e+01  2.01063544e+06  1.73340877e+02
 2.02612701e+06  5.03096911e+01  2.02612701e+06  1.73209387e+02
 2.04173794e+06  5.04094781e+01  2.04173794e+06  1.73062832e+02
 2.05746916e+06  5.04878019e+01  2.05746916e+06  1.72922275e+02
 2.07332157e+06  5.05680430e+01  2.07332157e+06  1.72776909e+02
 2.08929613e+06  5.06501921e+01  2.08929613e+06  1.72626628e+02
 2.10539377e+06  5.07092802e+01  2.10539377e+06  1.72483038e+02
 2.12161544e+06  5.07951811e+01  2.12161544e+06  1.72322356e+02
 2.13796209e+06  5.08571946e+01  2.13796209e+06  1.72152552e+02
 2.15443469e+06  5.09733868e+01  2.15443469e+06  1.71983457e+02
 2.17103421e+06  5.10390483e+01  2.17103421e+06  1.71801179e+02
 2.18776162e+06  5.11607246e+01  2.18776162e+06  1.71619095e+02
 2.20461792e+06  5.12580446e+01  2.20461792e+06  1.71426494e+02
 2.22160409e+06  5.13298101e+01  2.22160409e+06  1.71222920e+02
 2.23872114e+06  5.14602615e+01  2.23872114e+06  1.71018536e+02
 2.25597007e+06  5.15654972e+01  2.25597007e+06  1.70802257e+02
 2.27335190e+06  5.16441249e+01  2.27335190e+06  1.70573599e+02
 2.29086765e+06  5.18140087e+01  2.29086765e+06  1.70326853e+02
 2.30851836e+06  5.18681426e+01  2.30851836e+06  1.70094905e+02
 2.32630507e+06  5.19847464e+01  2.32630507e+06  1.69840142e+02
 2.34422882e+06  5.21045577e+01  2.34422882e+06  1.69574215e+02
 2.36229066e+06  5.22596048e+01  2.36229066e+06  1.69300057e+02
 2.38049167e+06  5.23546795e+01  2.38049167e+06  1.69006084e+02
 2.39883292e+06  5.25178103e+01  2.39883292e+06  1.68705833e+02
 2.41731548e+06  5.26854785e+01  2.41731548e+06  1.68368246e+02
 2.43594045e+06  5.27913487e+01  2.43594045e+06  1.68054060e+02
 2.45470892e+06  5.29000801e+01  2.45470892e+06  1.67700585e+02
 2.47362199e+06  5.30813967e+01  2.47362199e+06  1.67336574e+02
 2.49268079e+06  5.32331261e+01  2.49268079e+06  1.66950069e+02
 2.51188643e+06  5.33894669e+01  2.51188643e+06  1.66543392e+02
 2.53124005e+06  5.35507153e+01  2.53124005e+06  1.66114876e+02
 2.55074278e+06  5.37535496e+01  2.55074278e+06  1.65639030e+02
 2.57039578e+06  5.38887430e+01  2.57039578e+06  1.65185309e+02
 2.59020020e+06  5.40658997e+01  2.59020020e+06  1.64680422e+02
 2.61015722e+06  5.42488791e+01  2.61015722e+06  1.64145796e+02
 2.63026799e+06  5.44765253e+01  2.63026799e+06  1.63552107e+02
 2.65053372e+06  5.46331585e+01  2.65053372e+06  1.62976935e+02
 2.67095559e+06  5.48350091e+01  2.67095559e+06  1.62336766e+02
 2.69153480e+06  5.50436089e+01  2.69153480e+06  1.61654962e+02
 2.71227258e+06  5.52595876e+01  2.71227258e+06  1.60927469e+02
 2.73317014e+06  5.54407998e+01  2.73317014e+06  1.60148683e+02
 2.75422870e+06  5.57136840e+01  2.75422870e+06  1.59318070e+02
 2.77544952e+06  5.59952738e+01  2.77544952e+06  1.58392320e+02
 2.79683385e+06  5.62429647e+01  2.79683385e+06  1.57432518e+02
 2.81838293e+06  5.64555206e+01  2.81838293e+06  1.56434709e+02
 2.84009805e+06  5.68069582e+01  2.84009805e+06  1.55213372e+02
 2.86198048e+06  5.70379882e+01  2.86198048e+06  1.54080184e+02
 2.88403150e+06  5.72753606e+01  2.88403150e+06  1.52814773e+02
 2.90625243e+06  5.75664493e+01  2.90625243e+06  1.51400430e+02
 2.92864456e+06  5.78190346e+01  2.92864456e+06  1.49864447e+02
 2.95120923e+06  5.81269234e+01  2.95120923e+06  1.48188831e+02
 2.97394775e+06  5.85387542e+01  2.97394775e+06  1.46311977e+02
 2.99686146e+06  5.88624118e+01  2.99686146e+06  1.44309793e+02
 3.01995172e+06  5.91429031e+01  3.01995172e+06  1.42164049e+02
 3.04321989e+06  5.95244526e+01  3.04321989e+06  1.39713826e+02
 3.06666733e+06  5.98086244e+01  3.06666733e+06  1.37126688e+02
 3.09029543e+06  6.01895875e+01  3.09029543e+06  1.34187349e+02
 3.11410558e+06  6.04635892e+01  3.11410558e+06  1.31071117e+02
 3.13809919e+06  6.07747770e+01  3.13809919e+06  1.27611198e+02
 3.16227766e+06  6.10664431e+01  3.16227766e+06  1.23843488e+02
 3.18664242e+06  6.13302567e+01  3.18664242e+06  1.19763125e+02
 3.21119491e+06  6.15572883e+01  3.21119491e+06  1.15376975e+02
 3.23593657e+06  6.17376501e+01  3.23593657e+06  1.10707420e+02
 3.26086886e+06  6.19144157e+01  3.26086886e+06  1.05753943e+02
 3.28599325e+06  6.19750763e+01  3.28599325e+06  1.00660643e+02
 3.31131121e+06  6.19118951e+01  3.31131121e+06  9.54908633e+01
 3.33682425e+06  6.18288756e+01  3.33682425e+06  9.02592886e+01
 3.36253386e+06  6.16175818e+01  3.36253386e+06  8.50606519e+01
 3.38844156e+06  6.14502380e+01  3.38844156e+06  8.00659567e+01
 3.41454887e+06  6.11660733e+01  3.41454887e+06  7.52538051e+01
 3.44085734e+06  6.08893347e+01  3.44085734e+06  7.06917211e+01
 3.46736850e+06  6.04512166e+01  3.46736850e+06  6.64518785e+01
 3.49408393e+06  5.99773844e+01  3.49408393e+06  6.24560904e+01
 3.52100520e+06  5.95403020e+01  3.52100520e+06  5.88229354e+01
 3.54813389e+06  5.91521538e+01  3.54813389e+06  5.55529852e+01
 3.57547160e+06  5.87569586e+01  3.57547160e+06  5.25064663e+01
 3.60301995e+06  5.82230782e+01  3.60301995e+06  4.97416447e+01
 3.63078055e+06  5.77551813e+01  3.63078055e+06  4.72154594e+01
 3.65875504e+06  5.72896260e+01  3.65875504e+06  4.49128623e+01
 3.68694506e+06  5.67556089e+01  3.68694506e+06  4.27449179e+01
 3.71535229e+06  5.64480074e+01  3.71535229e+06  4.08842958e+01
 3.74397839e+06  5.59261482e+01  3.74397839e+06  3.91410084e+01
 3.77282505e+06  5.54868560e+01  3.77282505e+06  3.75343462e+01
 3.80189396e+06  5.49770748e+01  3.80189396e+06  3.59880022e+01
 3.83118685e+06  5.46342760e+01  3.83118685e+06  3.47036903e+01
 3.86070543e+06  5.42213186e+01  3.86070543e+06  3.34543277e+01
 3.89045145e+06  5.37340392e+01  3.89045145e+06  3.22268173e+01
 3.92042666e+06  5.34222144e+01  3.92042666e+06  3.12341251e+01
 3.95063281e+06  5.30356025e+01  3.95063281e+06  3.02453689e+01
 3.98107171e+06  5.25695991e+01  3.98107171e+06  2.92508198e+01
 4.01174512e+06  5.22873303e+01  4.01174512e+06  2.84737118e+01
 4.04265487e+06  5.18344227e+01  4.04265487e+06  2.75999715e+01
 4.07380278e+06  5.15705232e+01  4.07380278e+06  2.69360080e+01
 4.10519067e+06  5.12233441e+01  4.10519067e+06  2.62420429e+01
 4.13682040e+06  5.08829605e+01  4.13682040e+06  2.55925814e+01
 4.16869383e+06  5.04522421e+01  4.16869383e+06  2.49013601e+01
 4.20081285e+06  5.03206155e+01  4.20081285e+06  2.43764378e+01
 4.23317933e+06  5.00010842e+01  4.23317933e+06  2.38375792e+01
 4.26579519e+06  4.95861138e+01  4.26579519e+06  2.33692585e+01
 4.29866235e+06  4.92767061e+01  4.29866235e+06  2.28928676e+01
 4.33178274e+06  4.89727288e+01  4.33178274e+06  2.24434492e+01
 4.36515832e+06  4.86739904e+01  4.36515832e+06  2.20192174e+01
 4.39879106e+06  4.82711165e+01  4.39879106e+06  2.15273712e+01
 4.43268292e+06  4.82008733e+01  4.43268292e+06  2.11904699e+01
 4.46683592e+06  4.78065818e+01  4.46683592e+06  2.08795845e+01
 4.50125206e+06  4.75264273e+01  4.50125206e+06  2.05391901e+01
 4.53593337e+06  4.73658361e+01  4.53593337e+06  2.01623464e+01
 4.57088190e+06  4.69790519e+01  4.57088190e+06  1.99099150e+01
 4.60609969e+06  4.64773576e+01  4.60609969e+06  1.92657618e+01
 4.64158883e+06  4.64470446e+01  4.64158883e+06  1.93426264e+01
 4.67735141e+06  4.60625796e+01  4.67735141e+06  1.89768509e+01
 4.71338954e+06  4.59292534e+01  4.71338954e+06  1.88299418e+01
 4.74970533e+06  4.58021140e+01  4.74970533e+06  1.85250429e+01
 4.78630092e+06  4.55535522e+01  4.78630092e+06  1.82962519e+01
 4.82317848e+06  4.53080671e+01  4.82317848e+06  1.80781418e+01
 4.86034018e+06  4.50655211e+01  4.86034018e+06  1.78702012e+01
 4.89778819e+06  4.46915319e+01  4.89778819e+06  1.77478258e+01
 4.93552474e+06  4.45891765e+01  4.93552474e+06  1.74824972e+01
 4.97355204e+06  4.42162867e+01  4.97355204e+06  1.73828638e+01
 5.01187234e+06  4.39826316e+01  5.01187234e+06  1.72128892e+01
 5.05048788e+06  4.38944112e+01  5.05048788e+06  1.69649203e+01
 5.08940095e+06  4.32367802e+01  5.08940095e+06  1.64372649e+01
 5.12861384e+06  4.32960738e+01  5.12861384e+06  1.67484343e+01
 5.16812886e+06  4.32219315e+01  5.16812886e+06  1.65131583e+01
 5.20794833e+06  4.28497606e+01  5.20794833e+06  1.64731500e+01
 5.24807460e+06  4.26296494e+01  5.24807460e+06  1.63449911e+01
 5.28851004e+06  4.25688059e+01  5.28851004e+06  1.61201444e+01
 5.32925703e+06  4.21955957e+01  5.32925703e+06  1.61061255e+01
 5.37031796e+06  4.19813847e+01  5.37031796e+06  1.59947993e+01
 5.41169527e+06  4.19336106e+01  5.41169527e+06  1.57769656e+01
 5.45339137e+06  4.15586196e+01  5.45339137e+06  1.57878755e+01
 5.49540874e+06  4.13496268e+01  5.49540874e+06  1.56918507e+01
 5.53774984e+06  4.09675271e+01  5.53774984e+06  1.54447995e+01
 5.58041717e+06  4.09371427e+01  5.58041717e+06  1.55126742e+01
 5.62341325e+06  4.09104493e+01  5.62341325e+06  1.53021990e+01
 5.66674061e+06  4.05308494e+01  5.66674061e+06  1.53510416e+01
 5.71040179e+06  4.01431934e+01  5.71040179e+06  1.51082286e+01
 5.75439937e+06  4.04832627e+01  5.75439937e+06  1.46599839e+01
 5.79873595e+06  3.99320282e+01  5.79873595e+06  1.51375264e+01
 5.84341413e+06  3.97352172e+01  5.84341413e+06  1.50742491e+01
 5.88843655e+06  3.93411070e+01  5.88843655e+06  1.48316972e+01
 5.93380586e+06  3.93454263e+01  5.93380586e+06  1.49569529e+01
 5.97952473e+06  3.89476663e+01  5.97952473e+06  1.47136722e+01
 6.02559586e+06  3.91642911e+01  6.02559586e+06  1.46900068e+01
 6.07202196e+06  3.87701190e+01  6.07202196e+06  1.48050380e+01
 6.11880576e+06  3.85806579e+01  6.11880576e+06  1.47605039e+01
 6.16595002e+06  3.83922140e+01  6.16595002e+06  1.47186512e+01
 6.21345752e+06  3.82047341e+01  6.21345752e+06  1.46801677e+01
 6.26133105e+06  3.80184990e+01  6.26133105e+06  1.46440611e+01
 6.30957344e+06  3.78332056e+01  6.30957344e+06  1.46105043e+01
 6.35818754e+06  3.74165838e+01  6.35818754e+06  1.43555177e+01
 6.40717619e+06  3.72294037e+01  6.40717619e+06  1.43224585e+01
 6.45654229e+06  3.75170514e+01  6.45654229e+06  1.43202747e+01
 6.50628875e+06  3.71017077e+01  6.50628875e+06  1.45019280e+01
 6.55641849e+06  3.69211312e+01  6.55641849e+06  1.44804456e+01
 6.60693448e+06  3.64903464e+01  6.60693448e+06  1.42123212e+01
 6.65783968e+06  3.63070820e+01  6.65783968e+06  1.41907207e+01
 6.70913710e+06  3.68545977e+01  6.70913710e+06  1.35648834e+01
 6.76082975e+06  3.62070662e+01  6.76082975e+06  1.44184882e+01
 6.81292069e+06  3.60308684e+01  6.81292069e+06  1.44076410e+01
 6.86541298e+06  3.61189564e+01  6.86541298e+06  1.41491889e+01
 6.91830971e+06  3.56799476e+01  6.91830971e+06  1.43936352e+01
 6.97161400e+06  3.55058926e+01  6.97161400e+06  1.43892692e+01
 7.02532899e+06  3.53323976e+01  7.02532899e+06  1.43865216e+01
 7.07945784e+06  3.51589242e+01  7.07945784e+06  1.43865695e+01
 7.13400375e+06  3.46930298e+01  7.13400375e+06  1.40789523e+01
 7.18896992e+06  3.48155138e+01  7.18896992e+06  1.43914125e+01
 7.24435960e+06  3.43405789e+01  7.24435960e+06  1.40734030e+01
 7.30017605e+06  3.47722877e+01  7.30017605e+06  1.40979620e+01
 7.35642254e+06  3.43043709e+01  7.35642254e+06  1.44116930e+01
 7.41310241e+06  3.41352494e+01  7.41310241e+06  1.44229025e+01
 7.47021899e+06  3.39668840e+01  7.47021899e+06  1.44346540e+01
 7.52777564e+06  3.34698371e+01  7.52777564e+06  1.40882209e+01
 7.58577575e+06  3.36308179e+01  7.58577575e+06  1.44637668e+01
 7.64422274e+06  3.31250028e+01  7.64422274e+06  1.41046608e+01
 7.70312006e+06  3.32975214e+01  7.70312006e+06  1.44998894e+01
 7.76247117e+06  3.31318800e+01  7.76247117e+06  1.45201924e+01
 7.82227956e+06  3.26109840e+01  7.82227956e+06  1.41401355e+01
 7.88254877e+06  3.28013174e+01  7.88254877e+06  1.45654274e+01
 7.94328235e+06  3.29886783e+01  7.94328235e+06  1.41910541e+01
 8.00448386e+06  3.24729262e+01  8.00448386e+06  1.46167872e+01
 8.06615692e+06  3.23090978e+01  8.06615692e+06  1.46457261e+01
 8.12830516e+06  3.21455241e+01  8.12830516e+06  1.46747080e+01
 8.19093224e+06  3.15919222e+01  8.19093224e+06  1.42461635e+01
 8.25404185e+06  3.18200762e+01  8.25404185e+06  1.47390264e+01
 8.31763771e+06  3.16583796e+01  8.31763771e+06  1.47729202e+01
 8.38172356e+06  3.14969164e+01  8.38172356e+06  1.48081321e+01
 8.44630319e+06  3.13358034e+01  8.44630319e+06  1.48455367e+01
 8.51138038e+06  3.11750365e+01  8.51138038e+06  1.48828636e+01
 8.57695899e+06  3.10140414e+01  8.57695899e+06  1.49248246e+01
 8.64304286e+06  3.08539813e+01  8.64304286e+06  1.49660376e+01
 8.70963590e+06  3.02504601e+01  8.70963590e+06  1.44589204e+01
 8.77674203e+06  3.00840625e+01  8.77674203e+06  1.44896609e+01
 8.84436519e+06  2.99172559e+01  8.84436519e+06  1.45222432e+01
 8.91250938e+06  2.97511526e+01  8.91250938e+06  1.45568185e+01
 8.98117861e+06  3.05063153e+01  8.98117861e+06  1.46095778e+01
 9.05037692e+06  3.03548803e+01  9.05037692e+06  1.46447176e+01
 9.12010839e+06  2.92532048e+01  9.12010839e+06  1.46663677e+01
 9.19037713e+06  2.90880076e+01  9.19037713e+06  1.47029940e+01
 9.26118728e+06  2.94266025e+01  9.26118728e+06  1.54020722e+01
 9.33254301e+06  2.92697979e+01  9.33254301e+06  1.54568132e+01
 9.40444852e+06  2.91130973e+01  9.40444852e+06  1.55138749e+01
 9.47690805e+06  2.89564592e+01  9.47690805e+06  1.55719038e+01
 9.54992586e+06  2.82616491e+01  9.54992586e+06  1.49114754e+01
 9.62350626e+06  2.86424651e+01  9.62350626e+06  1.56942538e+01
 9.69765359e+06  2.84877256e+01  9.69765359e+06  1.57553523e+01
 9.77237221e+06  2.83313458e+01  9.77237221e+06  1.58202440e+01
 9.84766652e+06  2.81755099e+01  9.84766652e+06  1.58863612e+01
 9.92354096e+06  2.80213748e+01  9.92354096e+06  1.59511874e+01
 1.00000000e+07  2.84182670e+01  1.00000000e+07  1.52066895e+01
 1.00770481e+07  2.71092111e+01  1.00770481e+07  1.52421229e+01
 1.01546899e+07  2.75561414e+01  1.01546899e+07  1.61595454e+01
 1.02329299e+07  2.74012754e+01  1.02329299e+07  1.62327821e+01
 1.03117727e+07  2.66163754e+01  1.03117727e+07  1.54005290e+01
 1.03912230e+07  2.70932241e+01  1.03912230e+07  1.63807885e+01
 1.04712855e+07  2.69384984e+01  1.04712855e+07  1.64586995e+01
 1.05519648e+07  2.73976612e+01  1.05519648e+07  1.55799265e+01
 1.06332657e+07  2.66317777e+01  1.06332657e+07  1.66139919e+01
 1.07151931e+07  2.75535812e+01  1.07151931e+07  1.34955450e+01
 1.07977516e+07  2.63248368e+01  1.07977516e+07  1.67762675e+01
 1.08809463e+07  2.61708228e+01  1.08809463e+07  1.68618079e+01
 1.09647820e+07  2.66780717e+01  1.09647820e+07  1.58715786e+01
 1.10492636e+07  2.58644650e+01  1.10492636e+07  1.70341998e+01
 1.11343961e+07  2.49684580e+01  1.11343961e+07  1.59812350e+01
 1.12201845e+07  2.48029907e+01  1.12201845e+07  1.60446291e+01
 1.13066340e+07  2.54054378e+01  1.13066340e+07  1.73044156e+01
 1.13937495e+07  2.59641385e+01  1.13937495e+07  1.61895833e+01
 1.14815362e+07  2.43070310e+01  1.14815362e+07  1.62391699e+01
 1.15699993e+07  2.49476407e+01  1.15699993e+07  1.75871236e+01
 1.16591440e+07  2.47945711e+01  1.16591440e+07  1.76844996e+01
 1.17489755e+07  2.38092349e+01  1.17489755e+07  1.64409237e+01
 1.18394992e+07  2.44904727e+01  1.18394992e+07  1.78862623e+01
 1.19307204e+07  2.43372954e+01  1.19307204e+07  1.79876313e+01
 1.20226443e+07  2.41870020e+01  1.20226443e+07  1.80887827e+01
 1.21152766e+07  2.48359485e+01  1.21152766e+07  1.67351327e+01
 1.22086225e+07  2.46961876e+01  1.22086225e+07  1.68089501e+01
 1.23026877e+07  2.37295490e+01  1.23026877e+07  1.84123131e+01
 1.23974776e+07  2.44161998e+01  1.23974776e+07  1.69618222e+01
 1.24929979e+07  2.24749861e+01  1.24929979e+07  1.70147387e+01
 1.25892541e+07  2.32740001e+01  1.25892541e+07  1.87454723e+01
 1.26862520e+07  2.31213786e+01  1.26862520e+07  1.88652254e+01
 1.27839972e+07  2.19704347e+01  1.27839972e+07  1.72434864e+01
 1.28824955e+07  2.28172206e+01  1.28824955e+07  1.91010727e+01
 1.29817528e+07  2.26655643e+01  1.29817528e+07  1.92213347e+01
 1.30817747e+07  2.14637604e+01  1.30817747e+07  1.74816776e+01
 1.31825674e+07  2.12929811e+01  1.31825674e+07  1.75580079e+01
 1.32841366e+07  2.11241847e+01  1.32841366e+07  1.76419818e+01
 1.33864884e+07  2.09538179e+01  1.33864884e+07  1.77233112e+01
 1.34896288e+07  2.19067065e+01  1.34896288e+07  1.98534713e+01
 1.35935639e+07  2.27544941e+01  1.35935639e+07  1.79216649e+01
 1.36982998e+07  2.16009024e+01  1.36982998e+07  2.01223677e+01
 1.38038426e+07  2.14497117e+01  1.38038426e+07  2.02561585e+01
 1.39101987e+07  2.00961220e+01  1.39101987e+07  1.81422521e+01
 1.40173742e+07  2.22068976e+01  1.40173742e+07  1.82717473e+01
 1.41253754e+07  2.20708635e+01  1.41253754e+07  1.83598170e+01
 1.42342088e+07  2.19337853e+01  1.42342088e+07  1.84499208e+01
 1.43438808e+07  2.17978036e+01  1.43438808e+07  1.85426909e+01
 1.44543977e+07  1.84472075e+01  1.44543977e+07  1.16794728e+01
 1.45657662e+07  2.15260657e+01  1.45657662e+07  1.87255732e+01
 1.46779927e+07  1.88775539e+01  1.46779927e+07  1.87541080e+01
 1.47910839e+07  2.00784652e+01  1.47910839e+07  2.15730903e+01
 1.49050464e+07  1.99284270e+01  1.49050464e+07  2.17276337e+01
 1.50198870e+07  2.09838463e+01  1.50198870e+07  1.91050552e+01
 1.51356125e+07  1.81698616e+01  1.51356125e+07  1.91155599e+01
 1.52522296e+07  1.94678891e+01  1.52522296e+07  2.22190582e+01
 1.53697452e+07  1.93162319e+01  1.53697452e+07  2.23729036e+01
 1.54881662e+07  1.91622389e+01  1.54881662e+07  2.25543935e+01
 1.56074996e+07  1.90098117e+01  1.56074996e+07  2.27180750e+01
 1.57277525e+07  1.88571075e+01  1.57277525e+07  2.28889962e+01
 1.58489319e+07  1.70925283e+01  1.58489319e+07  1.96789330e+01
 1.59710450e+07  1.85477611e+01  1.59710450e+07  2.32511999e+01
 1.60940989e+07  1.83940462e+01  1.60940989e+07  2.34306851e+01
 1.62181010e+07  1.96416284e+01  1.62181010e+07  2.01030614e+01
 1.63430584e+07  1.80886501e+01  1.63430584e+07  2.37987427e+01
 1.64689787e+07  1.79352648e+01  1.64689787e+07  2.39922714e+01
 1.65958691e+07  1.77818015e+01  1.65958691e+07  2.41748026e+01
 1.67237372e+07  1.76261576e+01  1.67237372e+07  2.43791934e+01
 1.68525904e+07  1.74720944e+01  1.68525904e+07  2.45742929e+01
 1.69824365e+07  1.73184881e+01  1.69824365e+07  2.47639028e+01
 1.71132830e+07  1.52350629e+01  1.71132830e+07  2.06569827e+01
 1.72451377e+07  1.85764005e+01  1.72451377e+07  2.09652738e+01
 1.73780083e+07  1.68522162e+01  1.73780083e+07  2.53942445e+01
 1.75119026e+07  1.66942168e+01  1.75119026e+07  2.56196469e+01
 1.76468286e+07  1.65438715e+01  1.76468286e+07  2.58214504e+01
 1.77827941e+07  1.63847228e+01  1.77827941e+07  2.60506711e+01
 1.79198072e+07  1.62297711e+01  1.79198072e+07  2.62696641e+01
 1.80578760e+07  1.38796814e+01  1.80578760e+07  2.13586979e+01
 1.81970086e+07  1.59182928e+01  1.81970086e+07  2.67167089e+01
 1.83372132e+07  1.34841895e+01  1.83372132e+07  2.15632419e+01
 1.84784980e+07  1.56079059e+01  1.84784980e+07  2.71803444e+01
 1.86208714e+07  1.54521249e+01  1.86208714e+07  2.74307306e+01
 1.87643417e+07  1.71232436e+01  1.87643417e+07  2.22449909e+01
 1.89089175e+07  1.51337965e+01  1.89089175e+07  2.79193131e+01
 1.90546072e+07  1.75998626e+01  1.90546072e+07  1.48165167e+01
 1.92014194e+07  1.48167879e+01  1.92014194e+07  2.84526965e+01
 1.93493628e+07  1.20624817e+01  1.93493628e+07  2.22598341e+01
 1.94984460e+07  1.18491428e+01  1.94984460e+07  2.23664546e+01
 1.96486779e+07  1.43484404e+01  1.96486779e+07  2.92195850e+01
 1.98000673e+07  1.62089644e+01  1.98000673e+07  2.30997537e+01
 1.99526231e+07  1.60807678e+01  1.99526231e+07  2.32078627e+01
 2.01063544e+07  1.38698576e+01  2.01063544e+07  3.00574488e+01
 2.02612701e+07  1.37066502e+01  2.02612701e+07  3.03600614e+01
 2.04173794e+07  1.35504397e+01  2.04173794e+07  3.06456983e+01
 2.05746916e+07  1.03488968e+01  2.05746916e+07  2.30375490e+01
 2.07332157e+07  1.32307134e+01  2.07332157e+07  3.12318287e+01
 2.08929613e+07  1.30693406e+01  2.08929613e+07  3.15483174e+01
 2.10539377e+07  9.67394144e+00  2.10539377e+07  2.33317679e+01
 2.12161544e+07  1.50387999e+01  2.12161544e+07  2.42548086e+01
 2.13796209e+07  1.49109866e+01  2.13796209e+07  2.43850498e+01
 2.15443469e+07  8.98205284e+00  2.15443469e+07  2.35865559e+01
 2.17103421e+07  1.22653297e+01  2.17103421e+07  3.31485026e+01
 2.18776162e+07  1.21028641e+01  2.18776162e+07  3.34627041e+01
 2.20461792e+07  8.26776328e+00  2.20461792e+07  2.38634994e+01
 2.22160409e+07  1.17810022e+01  2.22160409e+07  3.41746713e+01
 2.23872114e+07  1.16154696e+01  2.23872114e+07  3.45117154e+01
 2.25597007e+07  1.14501924e+01  2.25597007e+07  3.49025743e+01
 2.27335190e+07  1.12900352e+01  2.27335190e+07  3.52746062e+01
 2.29086765e+07  1.11223275e+01  2.29086765e+07  3.56511794e+01
 2.30851836e+07  1.36183580e+01  2.30851836e+07  2.57992263e+01
 2.32630507e+07  1.07982661e+01  2.32630507e+07  3.64190386e+01
 2.34422882e+07  1.06353292e+01  2.34422882e+07  3.68031685e+01
 2.36229066e+07  6.00019463e+00  2.36229066e+07  2.45116469e+01
 2.38049167e+07  5.73179639e+00  2.38049167e+07  2.45629390e+01
 2.39883292e+07  1.01376815e+01  2.39883292e+07  3.80635453e+01
 2.41731548e+07  1.28475144e+01  2.41731548e+07  2.66870507e+01
 2.43594045e+07  9.81011033e+00  2.43594045e+07  3.89124542e+01
 2.45470892e+07  9.64198690e+00  2.45470892e+07  3.93750311e+01
 2.47362199e+07  1.24633680e+01  2.47362199e+07  2.71156501e+01
 2.49268079e+07  9.30821108e+00  2.49268079e+07  4.02725833e+01
 2.51188643e+07  1.22076738e+01  2.51188643e+07  2.74488371e+01
 2.53124005e+07  8.97887958e+00  2.53124005e+07  4.12180791e+01
 2.55074278e+07  3.12178909e+00  2.55074278e+07  2.48804097e+01
 2.57039578e+07  8.64296635e+00  2.57039578e+07  4.22116828e+01
 2.59020020e+07  8.47544264e+00  2.59020020e+07  4.27022319e+01
 2.61015722e+07  2.17186225e+00  2.61015722e+07  2.48330271e+01
 2.63026799e+07  1.82997444e+00  2.63026799e+07  2.48176165e+01
 2.65053372e+07  7.97743990e+00  2.65053372e+07  4.42854820e+01
 2.67095559e+07  7.80393014e+00  2.67095559e+07  4.48235922e+01
 2.69153480e+07  7.64071570e+00  2.69153480e+07  4.53886817e+01
 2.71227258e+07  1.09305305e+01  2.71227258e+07  2.90609050e+01
 2.73317014e+07  1.08022017e+01  2.73317014e+07  2.92297575e+01
 2.75422870e+07  -2.95699421e-01  2.75422870e+07  2.43159859e+01
 2.77544952e+07  -7.03762239e-01  2.77544952e+07  2.42128895e+01
 2.79683385e+07  6.79780882e+00  2.79683385e+07  4.83477245e+01
 2.81838293e+07  6.62929100e+00  2.81838293e+07  4.90074866e+01
 2.84009805e+07  1.01669571e+01  2.84009805e+07  3.00866559e+01
 2.86198048e+07  6.29859546e+00  2.86198048e+07  5.01995664e+01
 2.88403150e+07  -2.78561224e+00  2.88403150e+07  2.30631171e+01
 2.90625243e+07  5.96325810e+00  2.90625243e+07  5.16094844e+01
 2.92864456e+07  9.66096928e+00  2.92864456e+07  3.07794972e+01
 2.95120923e+07  5.63038340e+00  2.95120923e+07  5.30253080e+01
 2.97394775e+07  5.46539427e+00  2.97394775e+07  5.37410820e+01
 2.99686146e+07  9.28135333e+00  2.99686146e+07  3.13009456e+01
 3.01995172e+07  9.15289952e+00  3.01995172e+07  3.14871853e+01
 3.04321989e+07  -6.39183670e+00  3.04321989e+07  1.94879502e+01
 3.06666733e+07  -7.01175088e+00  3.06666733e+07  1.86047798e+01
 3.09029543e+07  -7.60927109e+00  3.09029543e+07  1.76069269e+01
 3.11410558e+07  4.47978739e+00  3.11410558e+07  5.84043013e+01
 3.13809919e+07  8.51648081e+00  3.13809919e+07  3.24750777e+01
 3.16227766e+07  -9.74029259e+00  3.16227766e+07  1.34701368e+01
 3.18664242e+07  3.99621363e+00  3.18664242e+07  6.09599379e+01
 3.21119491e+07  8.14477691e+00  3.21119491e+07  3.30341243e+01
 3.23593657e+07  8.01289069e+00  3.23593657e+07  3.32430655e+01
 3.26086886e+07  3.53334448e+00  3.26086886e+07  6.36429043e+01
 3.28599325e+07  3.37350333e+00  3.28599325e+07  6.46380582e+01
 3.31131121e+07  3.21681575e+00  3.31131121e+07  6.55121392e+01
 3.33682425e+07  3.06642335e+00  3.33682425e+07  6.64469036e+01
 3.36253386e+07  -1.68664471e+01  3.36253386e+07  -1.94873945e+01
 3.38844156e+07  -1.77033247e+01  3.38844156e+07  -2.88364268e+01
 3.41454887e+07  -1.83195128e+01  3.41454887e+07  -4.01053126e+01
 3.44085734e+07  2.47848258e+00  3.44085734e+07  7.04970784e+01
 3.46736850e+07  2.33845558e+00  3.46736850e+07  7.16489139e+01
 3.49408393e+07  2.20611534e+00  3.49408393e+07  7.26566601e+01
 3.52100520e+07  2.07129142e+00  3.52100520e+07  7.38577261e+01
 3.54813389e+07  6.49621451e+00  3.54813389e+07  3.57534367e+01
 3.57547160e+07  -1.57768083e+01  3.57547160e+07  -9.54211777e+01
 3.60301995e+07  1.67954853e+00  3.60301995e+07  7.71129961e+01
 3.63078055e+07  1.52673296e+00  3.63078055e+07  7.82385624e+01
 3.65875504e+07  1.40986554e+00  3.65875504e+07  7.93951071e+01
 3.68694506e+07  1.30270158e+00  3.68694506e+07  8.05848649e+01
 3.71535229e+07  -1.45768690e+00  3.71535229e+07  -5.81865828e+01
 3.74397839e+07  1.07128861e+00  3.74397839e+07  8.30717028e+01
 3.77282505e+07  9.47440693e-01  3.77282505e+07  8.41900428e+01
 3.80189396e+07  8.26099373e-01  3.80189396e+07  8.53028669e+01
 3.83118685e+07  7.51137270e-01  3.83118685e+07  8.67978019e+01
 3.86070543e+07  6.35760982e-01  3.86070543e+07  8.79006173e+01
 3.89045145e+07  5.45966862e-01  3.89045145e+07  8.90978930e+01
 3.92042666e+07  5.14963249e+00  3.92042666e+07  1.63657852e+01
 3.95063281e+07  3.52922749e-01  3.95063281e+07  9.17217797e+01
 3.98107171e+07  2.78018206e-01  3.98107171e+07  9.29951730e+01
 4.01174512e+07  2.03123129e-01  4.01174512e+07  9.42962305e+01
 4.04265487e+07  1.17739468e-01  4.04265487e+07  9.56206529e+01
 4.07380278e+07  4.23983121e+00  4.07380278e+07  4.00615338e+01
 4.10519067e+07  -8.21507684e-04  4.10519067e+07  9.82509605e+01
 4.13682040e+07  3.98695217e+00  4.13682040e+07  4.05711391e+01
 4.16869383e+07  -1.27696040e-01  4.16869383e+07  1.00774078e+02
 4.20081285e+07  -6.22069931e+00  4.20081285e+07  2.36205309e+02
 4.23317933e+07  -2.55475941e-01  4.23317933e+07  1.03333541e+02
 4.26579519e+07  3.48017179e+00  4.26579519e+07  4.17520785e+01
 4.29866235e+07  -3.30931145e-01  4.29866235e+07  1.05928012e+02
 4.33178274e+07  -3.63221014e-01  4.33178274e+07  1.07233883e+02
 4.36515832e+07  -3.88401480e-01  4.36515832e+07  1.08517018e+02
 4.39879106e+07  -4.19657527e-01  4.39879106e+07  1.09778941e+02
 4.43268292e+07  2.86697531e+00  4.43268292e+07  4.31716390e+01
 4.46683592e+07  -4.68982347e-01  4.46683592e+07  1.12276008e+02
 4.50125206e+07  -4.50502671e+00  4.50125206e+07  2.35559870e+02
 4.53593337e+07  -5.50073759e-01  4.53593337e+07  1.14605792e+02
 4.57088190e+07  -5.34611709e-01  4.57088190e+07  1.15873196e+02
 4.60609969e+07  -5.41574285e-01  4.60609969e+07  1.17106978e+02
 4.64158883e+07  -5.39149802e-01  4.64158883e+07  1.18302953e+02
 4.67735141e+07  -3.85099984e+00  4.67735141e+07  2.35787795e+02
 4.71338954e+07  -5.83318027e-01  4.71338954e+07  1.20521290e+02
 4.74970533e+07  1.75455093e+00  4.74970533e+07  4.58913094e+01
 4.78630092e+07  1.64108641e+00  4.78630092e+07  4.62487979e+01
 4.82317848e+07  -5.21049049e-01  4.82317848e+07  1.24072520e+02
 4.86034018e+07  -3.29348850e+00  4.86034018e+07  2.36108050e+02
 4.89778819e+07  -5.19776478e-01  4.89778819e+07  1.26172600e+02
 4.93552474e+07  1.13289772e+00  4.93552474e+07  4.76421124e+01
 4.97355204e+07  -3.03943735e+00  4.97355204e+07  -1.23509655e+02
 5.01187234e+07  -4.57794122e-01  5.01187234e+07  -2.30675628e+02
 5.05048788e+07  -4.62272689e-01  5.05048788e+07  -2.29702275e+02
 5.08940095e+07  -4.10559288e-01  5.08940095e+07  -2.28692379e+02
 5.12861384e+07  5.35483003e-01  5.12861384e+07  -3.10574829e+02
 5.16812886e+07  -2.66328529e+00  5.16812886e+07  -4.82911363e+02
 5.20794833e+07  -3.36243173e-01  5.20794833e+07  -5.85753708e+02
 5.24807460e+07  -2.53103150e+00  5.24807460e+07  -4.40382909e+02
 5.28851004e+07  -2.80732220e-01  5.28851004e+07  -5.83914152e+02
 5.32925703e+07  -2.19742336e-01  5.32925703e+07  -5.82960921e+02
 5.37031796e+07  -2.59461780e-01  5.37031796e+07  -5.82164107e+02
 5.41169527e+07  -2.29646582e+00  5.41169527e+07  -4.81993536e+02
 5.45339137e+07  -1.59223219e-01  5.45339137e+07  -5.80405756e+02
 5.49540874e+07  -1.11996160e-01  5.49540874e+07  -5.79588143e+02
 5.53774984e+07  -2.15324077e+00  5.53774984e+07  -4.81523193e+02
 5.58041717e+07  -6.34328760e-02  5.58041717e+07  -5.77958521e+02
 5.62341325e+07  3.27197285e-03  5.62341325e+07  -5.77121920e+02
 5.66674061e+07  -2.02223084e+00  5.66674061e+07  -4.81028585e+02
 5.71040179e+07  6.74611577e-02  5.71040179e+07  -5.75579481e+02
 5.75439937e+07  9.78899885e-02  5.75439937e+07  -5.74831658e+02
 5.79873595e+07  1.66539285e-01  5.79873595e+07  -5.74102927e+02
 5.84341413e+07  -1.86681162e+00  5.84341413e+07  -4.80384961e+02
 5.88843655e+07  -1.85946303e+00  5.88843655e+07  -4.80237893e+02
 5.93380586e+07  2.77113454e-01  5.93380586e+07  -5.71956403e+02
 5.97952473e+07  -1.81038355e+00  5.97952473e+07  -4.79846914e+02
 6.02559586e+07  3.53895927e-01  6.02559586e+07  -5.70605115e+02
 6.07202196e+07  -2.01077742e+00  6.07202196e+07  -6.61379354e+02
 6.11880576e+07  -1.74179004e+00  6.11880576e+07  -8.39264229e+02
 6.16595002e+07  -2.22331866e+00  6.16595002e+07  -6.60444806e+02
 6.21345752e+07  -1.72538942e+00  6.21345752e+07  -8.39014320e+02
 6.26133105e+07  -1.68648275e+00  6.26133105e+07  -8.38753701e+02
 6.30957344e+07  6.19620435e-01  6.30957344e+07  -9.26798526e+02
 6.35818754e+07  6.50463009e-01  6.35818754e+07  -9.26200095e+02
 6.40717619e+07  6.64286049e-01  6.40717619e+07  -9.25605025e+02
 6.45654229e+07  7.30107385e-01  6.45654229e+07  -9.25038338e+02
 6.50628875e+07  -3.00665566e+00  6.50628875e+07  -1.01710428e+03
 6.55641849e+07  -1.60827941e+00  6.55641849e+07  -8.37581150e+02
 6.60693448e+07  -1.61435795e+00  6.60693448e+07  -8.37464257e+02
 6.65783968e+07  -3.29545390e+00  6.65783968e+07  -1.01553195e+03
 6.70913710e+07  9.26650515e-01  6.70913710e+07  -9.22296091e+02
 6.76082975e+07  9.76959096e-01  6.76082975e+07  -9.21782805e+02
 6.81292069e+07  1.02082772e+00  6.81292069e+07  -9.21269567e+02
 6.86541298e+07  1.07735749e+00  6.86541298e+07  -9.20773645e+02
 6.91830971e+07  1.07204351e+00  6.91830971e+07  -9.20257769e+02
 6.97161400e+07  1.16961911e+00  6.97161400e+07  -9.19786226e+02
 7.02532899e+07  -3.96859327e+00  7.02532899e+07  -1.01188347e+03
 7.07945784e+07  -1.59557118e+00  7.07945784e+07  -8.35692787e+02
 7.13400375e+07  -1.59181795e+00  7.13400375e+07  -8.35409086e+02
 7.18896992e+07  -4.23494759e+00  7.18896992e+07  -1.01023221e+03
 7.24435960e+07  1.36405765e+00  7.24435960e+07  -9.17472241e+02
 7.30017605e+07  1.33618278e+00  7.30017605e+07  -9.16973157e+02
 7.35642254e+07  -4.53649643e+00  7.35642254e+07  -1.00843368e+03
 7.41310241e+07  -1.64229308e+00  7.41310241e+07  -8.34547642e+02
 7.47021899e+07  -1.65814911e+00  7.47021899e+07  -8.34444827e+02
 7.52777564e+07  1.55759605e+00  7.52777564e+07  -9.15273452e+02
 7.58577575e+07  -1.67490848e+00  7.58577575e+07  -8.33993019e+02
 7.64422274e+07  1.61004904e+00  7.64422274e+07  -9.14445031e+02
 7.70312006e+07  1.64901322e+00  7.70312006e+07  -9.14054982e+02
 7.76247117e+07  1.71178346e+00  7.76247117e+07  -9.13687560e+02
 7.82227956e+07  1.75338818e+00  7.82227956e+07  -9.13265992e+02
 7.88254877e+07  -5.26214068e+00  7.88254877e+07  -1.00346380e+03
 7.94328235e+07  1.75307955e+00  7.94328235e+07  -9.12451764e+02
 8.00448386e+07  1.81471589e+00  8.00448386e+07  -9.12061282e+02
 8.06615692e+07  1.92001380e+00  8.06615692e+07  -9.11776220e+02
 8.12830516e+07  -1.81213592e+00  8.12830516e+07  -8.32320343e+02
 8.19093224e+07  -1.81965780e+00  8.19093224e+07  -8.32010566e+02
 8.25404185e+07  -1.83668827e+00  8.25404185e+07  -8.31808927e+02
 8.31763771e+07  -5.76455716e+00  8.31763771e+07  -9.99325251e+02
 8.38172356e+07  2.04687920e+00  8.38172356e+07  -9.09962561e+02
 8.44630319e+07  -5.90944456e+00  8.44630319e+07  -9.98125252e+02
 8.51138038e+07  -1.92994191e+00  8.51138038e+07  -8.31092264e+02
 8.57695899e+07  -6.04526203e+00  8.57695899e+07  -9.96952796e+02
 8.64304286e+07  2.19423267e+00  8.64304286e+07  -9.08580684e+02
 8.70963590e+07  -6.15911989e+00  8.70963590e+07  -9.95968424e+02
 8.77674203e+07  2.28979415e+00  8.77674203e+07  -9.07966267e+02
 8.84436519e+07  2.27882678e+00  8.84436519e+07  -9.07597349e+02
 8.91250938e+07  -6.32332218e+00  8.91250938e+07  -9.94128558e+02
 8.98117861e+07  2.31696332e+00  8.98117861e+07  -9.06976145e+02
 9.05037692e+07  2.37475667e+00  9.05037692e+07  -9.06631434e+02
 9.12010839e+07  2.52279478e+00  9.12010839e+07  -9.06455691e+02
 9.19037713e+07  2.43704745e+00  9.19037713e+07  -9.06036780e+02
 9.26118728e+07  2.54028918e+00  9.26118728e+07  -9.05778252e+02
 9.33254301e+07  2.57024097e+00  9.33254301e+07  -9.05482008e+02
 9.40444852e+07  2.66890534e+00  9.40444852e+07  -9.05201038e+02
 9.47690805e+07  -6.74346907e+00  9.47690805e+07  -9.89531776e+02
 9.54992586e+07  -6.76701613e+00  9.54992586e+07  -9.89044611e+02
 9.62350626e+07  -2.32059138e+00  9.62350626e+07  -8.27818208e+02
 9.69765359e+07  2.77260429e+00  9.69765359e+07  -9.04080820e+02
 9.77237221e+07  2.75760155e+00  9.77237221e+07  -9.03808857e+02
 9.84766652e+07  2.87349019e+00  9.84766652e+07  -9.03539482e+02
 9.92354096e+07  2.86439169e+00  9.92354096e+07  -9.03277777e+02
 1.00000000e+08  2.80546976e+00  1.00000000e+08  -9.02911218e+02
 1.00770481e+08  2.90084606e+00  1.00770481e+08  -9.02719838e+02
 1.01546899e+08  -2.54813861e+00  1.01546899e+08  -8.26649911e+02
 1.02329299e+08  -7.14670375e+00  1.02329299e+08  -9.84041737e+02
 1.03117727e+08  -7.14585746e+00  1.03117727e+08  -9.83869745e+02
 1.03912230e+08  -7.16286759e+00  1.03912230e+08  -9.83497413e+02
 1.04712855e+08  -2.68483508e+00  1.04712855e+08  -8.26131074e+02
 1.05519648e+08  -2.70970551e+00  1.05519648e+08  -8.25779674e+02
 1.06332657e+08  3.08008634e+00  1.06332657e+08  -9.00853622e+02
 1.07151931e+08  3.11282507e+00  1.07151931e+08  -9.00677245e+02
 1.07977516e+08  3.24171010e+00  1.07977516e+08  -9.00529846e+02
 1.08809463e+08  -7.36469908e+00  1.08809463e+08  -9.80408303e+02
 1.09647820e+08  3.24116419e+00  1.09647820e+08  -8.99971454e+02
 1.10492636e+08  3.25292985e+00  1.10492636e+08  -8.99723237e+02
 1.11343961e+08  -7.43983450e+00  1.11343961e+08  -9.78974153e+02
 1.12201845e+08  3.40853268e+00  1.12201845e+08  -8.99306782e+02
 1.13066340e+08  3.43276483e+00  1.13066340e+08  -8.99071733e+02
 1.13937495e+08  3.38635300e+00  1.13937495e+08  -8.98867797e+02
 1.14815362e+08  -7.50836444e+00  1.14815362e+08  -9.77441436e+02
 1.15699993e+08  3.36765220e+00  1.15699993e+08  -8.98402650e+02
 1.16591440e+08  3.50905832e+00  1.16591440e+08  -8.98217819e+02
 1.17489755e+08  -3.20085651e+00  1.17489755e+08  -8.23450048e+02
 1.18394992e+08  3.51158542e+00  1.18394992e+08  -8.97778308e+02
 1.19307204e+08  3.55138414e+00  1.19307204e+08  -8.97521595e+02
 1.20226443e+08  -3.31179683e+00  1.20226443e+08  -8.22952286e+02
 1.21152766e+08  -3.34670421e+00  1.21152766e+08  -8.22586318e+02
 1.22086225e+08  -3.37958686e+00  1.22086225e+08  -8.22500141e+02
 1.23026877e+08  3.73455506e+00  1.23026877e+08  -8.96802118e+02
 1.23974776e+08  3.80302277e+00  1.23974776e+08  -8.96583967e+02
 1.24929979e+08  -3.52085984e+00  1.24929979e+08  -8.22305313e+02
 1.25892541e+08  -3.56223164e+00  1.25892541e+08  -8.22150971e+02
 1.26862520e+08  3.97634175e+00  1.26862520e+08  -8.96127469e+02
 1.27839972e+08  -3.60189264e+00  1.27839972e+08  -8.21399910e+02
 1.28824955e+08  -7.75120817e+00  1.28824955e+08  -9.71778242e+02
 1.29817528e+08  -7.76134103e+00  1.29817528e+08  -9.71488944e+02
 1.30817747e+08  4.03111112e+00  1.30817747e+08  -8.95388341e+02
 1.31825674e+08  4.02323532e+00  1.31825674e+08  -8.95213084e+02
 1.32841366e+08  -3.81507060e+00  1.32841366e+08  -8.20926073e+02
 1.33864884e+08  -1.61931018e+01  1.33864884e+08  -9.87944470e+02
 1.34896288e+08  4.14672834e+00  1.34896288e+08  -8.94714636e+02
 1.35935639e+08  -3.91913005e+00  1.35935639e+08  -8.20275168e+02
 1.36982998e+08  -3.97988185e+00  1.36982998e+08  -8.20244604e+02
 1.38038426e+08  4.18152974e+00  1.38038426e+08  -8.94240068e+02
 1.39101987e+08  4.19526144e+00  1.39101987e+08  -8.94076385e+02
 1.40173742e+08  4.35829264e+00  1.40173742e+08  -8.93955424e+02
 1.41253754e+08  -4.15531999e+00  1.41253754e+08  -8.19962162e+02
 1.42342088e+08  4.41133952e+00  1.42342088e+08  -8.93665046e+02
 1.43438808e+08  4.44751581e+00  1.43438808e+08  -8.93549188e+02
 1.44543977e+08  -7.88108444e+00  1.44543977e+08  -9.67881015e+02
 1.45657662e+08  4.53105790e+00  1.45657662e+08  -8.93275456e+02
 1.46779927e+08  -7.88150319e+00  1.46779927e+08  -9.67725490e+02
 1.47910839e+08  -4.38143570e+00  1.47910839e+08  -8.18996713e+02
 1.49050464e+08  -4.40640057e+00  1.49050464e+08  -8.18675996e+02
 1.50198870e+08  -1.60393655e+01  1.50198870e+08  -9.77826821e+02
 1.51356125e+08  -1.60319131e+01  1.51356125e+08  -9.76921956e+02
 1.52522296e+08  -7.94549831e+00  1.52522296e+08  -9.66236609e+02
 1.53697452e+08  -4.58729566e+00  1.53697452e+08  -8.18388732e+02
 1.54881662e+08  4.65656421e+00  1.54881662e+08  -8.92199904e+02
 1.56074996e+08  -4.66882387e+00  1.56074996e+08  -8.18230957e+02
 1.57277525e+08  4.83121421e+00  1.57277525e+08  -8.92094075e+02
 1.58489319e+08  4.91434026e+00  1.58489319e+08  -8.91992108e+02
 1.59710450e+08  5.03426170e+00  1.59710450e+08  -8.91985203e+02
 1.60940989e+08  4.91749058e+00  1.60940989e+08  -8.91722265e+02
 1.62181010e+08  4.85570522e+00  1.62181010e+08  -8.91775215e+02
 1.63430584e+08  4.96251416e+00  1.63430584e+08  -8.91672470e+02
 1.64689787e+08  5.07174822e+00  1.64689787e+08  -8.91534289e+02
 1.65958691e+08  5.18797497e+00  1.65958691e+08  -8.91457761e+02
 1.67237372e+08  4.91228196e+00  1.67237372e+08  -8.91273114e+02
 1.68525904e+08  -8.04032918e+00  1.68525904e+08  -9.64546967e+02
 1.69824365e+08  -5.12392063e+00  1.69824365e+08  -8.16753076e+02
 1.71132830e+08  5.31742343e+00  1.71132830e+08  -8.91115716e+02
 1.72451377e+08  5.05575994e+00  1.72451377e+08  -8.91037607e+02
 1.73780083e+08  5.20075062e+00  1.73780083e+08  -8.90984971e+02
 1.75119026e+08  5.13563762e+00  1.75119026e+08  -8.90847511e+02
 1.76468286e+08  5.31543469e+00  1.76468286e+08  -8.90915030e+02
 1.77827941e+08  5.25517800e+00  1.77827941e+08  -8.90803444e+02
 1.79198072e+08  -5.43735469e+00  1.79198072e+08  -8.16495278e+02
 1.80578760e+08  5.37752012e+00  1.80578760e+08  -8.90698589e+02
 1.81970086e+08  5.56278557e+00  1.81970086e+08  -8.90687945e+02
 1.83372132e+08  5.28520481e+00  1.83372132e+08  -8.90579609e+02
 1.84784980e+08  5.24295971e+00  1.84784980e+08  -8.90521631e+02
 1.86208714e+08  5.69207680e+00  1.86208714e+08  -8.90559674e+02
 1.87643417e+08  -5.71328967e+00  1.87643417e+08  -8.16125157e+02
 1.89089175e+08  5.63240043e+00  1.89089175e+08  -8.90468234e+02
 1.90546072e+08  -5.80036856e+00  1.90546072e+08  -8.16031896e+02
 1.92014194e+08  5.31711368e+00  1.92014194e+08  -8.90281557e+02
 1.93493628e+08  5.82146706e+00  1.93493628e+08  -8.90402345e+02
 1.94984460e+08  -8.22046728e+00  1.94984460e+08  -9.64167503e+02
 1.96486779e+08  5.77976595e+00  1.96486779e+08  -8.90283921e+02
 1.98000673e+08  5.77398420e+00  1.98000673e+08  -8.90260116e+02
 1.99526231e+08  -8.27104489e+00  1.99526231e+08  -9.63716762e+02
 2.01063544e+08  6.03786320e+00  2.01063544e+08  -8.90275151e+02
 2.02612701e+08  5.74929310e+00  2.02612701e+08  -8.90266049e+02
 2.04173794e+08  5.74463681e+00  2.04173794e+08  -8.90196036e+02
 2.05746916e+08  6.05451989e+00  2.05746916e+08  -8.90294199e+02
 2.07332157e+08  5.75325248e+00  2.07332157e+08  -8.90191094e+02
 2.08929613e+08  -8.35319267e+00  2.08929613e+08  -9.64241110e+02
 2.10539377e+08  6.08120498e+00  2.10539377e+08  -8.90294941e+02
 2.12161544e+08  6.09838258e+00  2.12161544e+08  -8.90297681e+02
 2.13796209e+08  -8.38810378e+00  2.13796209e+08  -9.65028655e+02
 2.15443469e+08  6.14638124e+00  2.15443469e+08  -8.90319529e+02
 2.17103421e+08  6.18044032e+00  2.17103421e+08  -8.90284921e+02
 2.18776162e+08  -6.64864756e+00  2.18776162e+08  -8.15498337e+02
 2.20461792e+08  -6.70057139e+00  2.20461792e+08  -8.15587978e+02
 2.22160409e+08  -6.73998399e+00  2.22160409e+08  -8.15190204e+02
 2.23872114e+08  6.33718787e+00  2.23872114e+08  -8.90482883e+02
 2.25597007e+08  -8.53963558e+00  2.25597007e+08  -9.64725675e+02
 2.27335190e+08  6.07246600e+00  2.27335190e+08  -8.90440915e+02
 2.29086765e+08  -6.94188206e+00  2.29086765e+08  -8.15231120e+02
 2.30851836e+08  6.55998910e+00  2.30851836e+08  -8.90510925e+02
 2.32630507e+08  -7.04996908e+00  2.32630507e+08  -8.15309217e+02
 2.34422882e+08  -8.62996360e+00  2.34422882e+08  -9.65732445e+02
 2.36229066e+08  -7.14947463e+00  2.36229066e+08  -8.15312093e+02
 2.38049167e+08  6.47033643e+00  2.38049167e+08  -8.90707862e+02
 2.39883292e+08  6.54214538e+00  2.39883292e+08  -8.90796781e+02
 2.41731548e+08  6.64097632e+00  2.41731548e+08  -8.90808709e+02
 2.43594045e+08  6.30976746e+00  2.43594045e+08  -8.90804882e+02
 2.45470892e+08  6.83511486e+00  2.45470892e+08  -8.90922157e+02
 2.47362199e+08  -8.81711922e+00  2.47362199e+08  -9.65947273e+02
 2.49268079e+08  -7.51836675e+00  2.49268079e+08  -8.15262228e+02
 2.51188643e+08  -8.87321358e+00  2.51188643e+08  -9.65993775e+02
 2.53124005e+08  6.84728593e+00  2.53124005e+08  -8.91132878e+02
 2.55074278e+08  6.51004193e+00  2.55074278e+08  -8.91149719e+02
 2.57039578e+08  7.11214873e+00  2.57039578e+08  -8.91265099e+02
 2.59020020e+08  6.31458190e+00  2.59020020e+08  -8.91200536e+02
 2.61015722e+08  6.92403418e+00  2.61015722e+08  -8.91376106e+02
 2.63026799e+08  6.57409780e+00  2.63026799e+08  -8.91385621e+02
 2.65053372e+08  -9.06329495e+00  2.65053372e+08  -9.67121816e+02
 2.67095559e+08  6.39988344e+00  2.67095559e+08  -8.91483800e+02
 2.69153480e+08  -8.06829373e+00  2.69153480e+08  -8.15264941e+02
 2.71227258e+08  7.22368101e+00  2.71227258e+08  -8.91721754e+02
 2.73317014e+08  -9.18297229e+00  2.73317014e+08  -9.67980230e+02
 2.75422870e+08  6.53773161e+00  2.75422870e+08  -8.91822640e+02
 2.77544952e+08  6.20967701e+00  2.77544952e+08  -8.91876606e+02
 2.79683385e+08  6.89781784e+00  2.79683385e+08  -8.91991176e+02
 2.81838293e+08  7.11051337e+00  2.81838293e+08  -8.92143085e+02
 2.84009805e+08  -8.47929159e+00  2.84009805e+08  -8.15719405e+02
 2.86198048e+08  7.57667521e+00  2.86198048e+08  -8.92303257e+02
 2.88403150e+08  -8.60064840e+00  2.88403150e+08  -8.15487273e+02
 2.90625243e+08  6.83413441e+00  2.90625243e+08  -8.92381762e+02
 2.92864456e+08  -8.72804757e+00  2.92864456e+08  -8.15834011e+02
 2.95120923e+08  -9.54394627e+00  2.95120923e+08  -9.68964376e+02
 2.97394775e+08  6.95748798e+00  2.97394775e+08  -8.92622059e+02
 2.99686146e+08  6.57025200e+00  2.99686146e+08  -8.92686203e+02
 3.01995172e+08  6.83548923e+00  3.01995172e+08  -8.92752975e+02
 3.04321989e+08  7.10148162e+00  3.04321989e+08  -8.92826228e+02
 3.06666733e+08  -9.09748142e+00  3.06666733e+08  -8.16080637e+02
 3.09029543e+08  7.02346642e+00  3.09029543e+08  -8.93012226e+02
 3.11410558e+08  6.65124549e+00  3.11410558e+08  -8.93062941e+02
 3.13809919e+08  -9.87083188e+00  3.13809919e+08  -9.70085250e+02
 3.16227766e+08  8.00855799e+00  3.16227766e+08  -8.93390426e+02
 3.18664242e+08  6.90943826e+00  3.18664242e+08  -8.93334032e+02
 3.21119491e+08  7.23365801e+00  3.21119491e+08  -8.93476565e+02
 3.23593657e+08  6.18416405e+00  3.23593657e+08  -8.93463482e+02
 3.26086886e+08  -1.61721947e+01  3.26086886e+08  -9.70070328e+02
 3.28599325e+08  6.81665445e+00  3.28599325e+08  -8.93692011e+02
 3.31131121e+08  -1.01650008e+01  3.31131121e+08  -9.70893894e+02
 3.33682425e+08  -1.62788781e+01  3.33682425e+08  -9.70456130e+02
 3.36253386e+08  -1.02509969e+01  3.36253386e+08  -9.71265707e+02
 3.38844156e+08  6.79913498e+00  3.38844156e+08  -8.94023883e+02
 3.41454887e+08  7.23693590e+00  3.41454887e+08  -8.94137549e+02
 3.44085734e+08  -1.64144450e+01  3.44085734e+08  -9.71531908e+02
 3.46736850e+08  -1.58970290e+01  3.46736850e+08  -8.17118442e+02
 3.49408393e+08  6.86029823e+00  3.49408393e+08  -8.94285770e+02
 3.52100520e+08  -1.65319815e+01  3.52100520e+08  -9.71194893e+02
 3.54813389e+08  6.90298149e+00  3.54813389e+08  -8.94473639e+02
 3.57547160e+08  -1.04279493e+01  3.57547160e+08  -8.17171477e+02
 3.60301995e+08  7.92577896e+00  3.60301995e+08  -8.94732361e+02
 3.63078055e+08  -1.07133209e+01  3.63078055e+08  -9.73388021e+02
 3.65875504e+08  8.09234862e+00  3.65875504e+08  -8.95073624e+02
 3.68694506e+08  7.65785547e+00  3.68694506e+08  -8.94974254e+02
 3.71535229e+08  -1.08578006e+01  3.71535229e+08  -9.73655866e+02
 3.74397839e+08  6.86481099e+00  3.74397839e+08  -8.95084642e+02
 3.77282505e+08  7.42097589e+00  3.77282505e+08  -8.95254174e+02
 3.80189396e+08  8.04096049e+00  3.80189396e+08  -8.95435632e+02
 3.83118685e+08  -1.10579272e+01  3.83118685e+08  -8.16891184e+02
 3.86070543e+08  -1.11404163e+01  3.86070543e+08  -8.18061781e+02
 3.89045145e+08  7.87276761e+00  3.89045145e+08  -8.95592386e+02
 3.92042666e+08  7.44194634e+00  3.92042666e+08  -8.95636423e+02
 3.95063281e+08  -1.13386049e+01  3.95063281e+08  -8.17497964e+02
 3.98107171e+08  7.71119909e+00  3.98107171e+08  -8.95724064e+02
 4.01174512e+08  -1.13793760e+01  4.01174512e+08  -9.75471894e+02
 4.04265487e+08  -1.15387258e+01  4.04265487e+08  -8.16079883e+02
 4.07380278e+08  8.91649352e+00  4.07380278e+08  -8.96269185e+02
 4.10519067e+08  6.09777633e+00  4.10519067e+08  -8.96062070e+02
 4.13682040e+08  6.78602401e+00  4.13682040e+08  -8.96178320e+02
 4.16869383e+08  6.37050102e+00  4.16869383e+08  -8.96098557e+02
 4.20081285e+08  7.12472596e+00  4.20081285e+08  -8.96256970e+02
 4.23317933e+08  7.99352243e+00  4.23317933e+08  -8.96473677e+02
 4.26579519e+08  7.52861692e+00  4.26579519e+08  -8.96383444e+02
 4.29866235e+08  -1.18676478e+01  4.29866235e+08  -9.76858069e+02
 4.33178274e+08  -1.19362263e+01  4.33178274e+08  -9.75791610e+02
 4.36515832e+08  7.57773060e+00  4.36515832e+08  -8.96610855e+02
 4.39879106e+08  7.14585737e+00  4.39879106e+08  -8.96649217e+02
 4.43268292e+08  8.13222601e+00  4.43268292e+08  -8.96768168e+02
 4.46683592e+08  -1.21516387e+01  4.46683592e+08  -9.77089446e+02
 4.50125206e+08  7.24718557e+00  4.50125206e+08  -8.96910146e+02
 4.53593337e+08  8.32669786e+00  4.53593337e+08  -8.97078229e+02
 4.57088190e+08  -1.23211580e+01  4.57088190e+08  -9.77660741e+02
 4.60609969e+08  9.07747746e+00  4.60609969e+08  -8.97219649e+02
 4.64158883e+08  7.00178873e+00  4.64158883e+08  -8.97279354e+02
 4.67735141e+08  6.59742071e+00  4.67735141e+08  -8.97205784e+02
 4.71338954e+08  -1.30171609e+01  4.71338954e+08  -8.15940482e+02
 4.74970533e+08  8.96332593e+00  4.74970533e+08  -8.97472117e+02
 4.78630092e+08  6.80466888e+00  4.78630092e+08  -8.97419116e+02
 4.82317848e+08  8.00304837e+00  4.82317848e+08  -8.97512548e+02
 4.86034018e+08  7.54937304e+00  4.86034018e+08  -8.97537075e+02
 4.89778819e+08  -1.34095767e+01  4.89778819e+08  -8.17408526e+02
 4.93552474e+08  -1.34701812e+01  4.93552474e+08  -8.16625216e+02
 4.97355204e+08  6.27736427e+00  4.97355204e+08  -8.97623113e+02
 5.01187234e+08  9.55355410e+00  5.01187234e+08  -8.98034484e+02
 5.05048788e+08  7.10368290e+00  5.05048788e+08  -8.97906030e+02
 5.08940095e+08  -1.31413894e+01  5.08940095e+08  -9.78932605e+02
 5.12861384e+08  6.28669538e+00  5.12861384e+08  -8.97867748e+02
 5.16812886e+08  7.64913213e+00  5.16812886e+08  -8.97956462e+02
 5.20794833e+08  5.48083889e+00  5.20794833e+08  -8.98007991e+02
 5.24807460e+08  8.81019598e+00  5.24807460e+08  -8.98285610e+02
 5.28851004e+08  -1.34440567e+01  5.28851004e+08  -9.79354883e+02
 5.32925703e+08  7.83809783e+00  5.32925703e+08  -8.98126636e+02
 5.37031796e+08  -1.35571622e+01  5.37031796e+08  -9.80273028e+02
 5.41169527e+08  9.22040733e+00  5.41169527e+08  -8.98504033e+02
 5.45339137e+08  -1.36652086e+01  5.45339137e+08  -9.81200198e+02
 5.49540874e+08  -1.45450900e+01  5.49540874e+08  -8.16858997e+02
 5.53774984e+08  -1.46205979e+01  5.53774984e+08  -8.17051179e+02
 5.58041717e+08  7.32630714e+00  5.58041717e+08  -8.98364792e+02
 5.62341325e+08  -1.47795751e+01  5.62341325e+08  -8.17522421e+02
 5.66674061e+08  -1.39926782e+01  5.66674061e+08  -9.80656901e+02
 5.71040179e+08  6.03279186e+00  5.71040179e+08  -8.98392855e+02
 5.75439937e+08  -1.49798138e+01  5.75439937e+08  -8.16970889e+02
 5.79873595e+08  7.37181124e+00  5.79873595e+08  -8.98518505e+02
 5.84341413e+08  -1.42373033e+01  5.84341413e+08  -9.80198111e+02
 5.88843655e+08  -1.42920700e+01  5.88843655e+08  -9.81268929e+02
 5.93380586e+08  -2.17807086e+01  5.93380586e+08  -8.18329106e+02
 5.97952473e+08  5.71558891e+00  5.97952473e+08  -8.98849163e+02
 6.02559586e+08  7.64898949e+00  6.02559586e+08  -8.99269612e+02
 6.07202196e+08  1.02679627e+01  6.07202196e+08  -8.99656184e+02
 6.11880576e+08  -1.45967869e+01  6.11880576e+08  -9.82073575e+02
 6.16595002e+08  -1.46521555e+01  6.16595002e+08  -9.81946904e+02
 6.21345752e+08  -1.57607650e+01  6.21345752e+08  -8.14994520e+02
 6.26133105e+08  8.19541677e+00  6.26133105e+08  -8.99118727e+02
 6.30957344e+08  7.70357081e+00  6.30957344e+08  -8.99334151e+02
 6.35818754e+08  4.80096486e+00  6.35818754e+08  -8.98985820e+02
 6.40717619e+08  4.43904646e+00  6.40717619e+08  -8.99079880e+02
 6.45654229e+08  6.40312024e+00  6.45654229e+08  -8.98873493e+02
 6.50628875e+08  6.00502992e+00  6.50628875e+08  -8.99125920e+02
 6.55641849e+08  -1.51698644e+01  6.55641849e+08  -9.82453839e+02
 6.60693448e+08  5.20384054e+00  6.60693448e+08  -8.99334673e+02
 6.65783968e+08  7.63640115e+00  6.65783968e+08  -8.99598596e+02
 6.70913710e+08  7.18696586e+00  6.70913710e+08  -8.99500971e+02
 6.76082975e+08  6.71884459e+00  6.76082975e+08  -8.99527256e+02
 6.81292069e+08  6.32029485e+00  6.81292069e+08  -8.99377520e+02
 6.86541298e+08  9.39834183e+00  6.86541298e+08  -8.99908505e+02
 6.91830971e+08  -1.68218369e+01  6.91830971e+08  -8.15948062e+02
 6.97161400e+08  8.38074092e+00  6.97161400e+08  -8.99847502e+02
 7.02532899e+08  -1.69850542e+01  7.02532899e+08  -8.16302976e+02
 7.07945784e+08  -1.57832001e+01  7.07945784e+08  -9.83027221e+02
 7.13400375e+08  4.05103667e+00  7.13400375e+08  -8.99244953e+02
 7.18896992e+08  -1.59091537e+01  7.18896992e+08  -9.84274295e+02
 7.24435960e+08  -2.13741413e+01  7.24435960e+08  -9.84630516e+02
 7.30017605e+08  9.67156214e+00  7.30017605e+08  -9.00076391e+02
 7.35642254e+08  9.17548886e+00  7.35642254e+08  -9.00213454e+02
 7.41310241e+08  4.99150652e+00  7.41310241e+08  -9.00059718e+02
 7.47021899e+08  8.18039914e+00  7.47021899e+08  -9.00051357e+02
 7.52777564e+08  -1.76503536e+01  7.52777564e+08  -8.14465283e+02
 7.58577575e+08  -1.63599461e+01  7.58577575e+08  -9.83724911e+02
 7.64422274e+08  -1.78184320e+01  7.64422274e+08  -8.16347057e+02
 7.70312006e+08  -1.78922848e+01  7.70312006e+08  -8.14758979e+02
 7.76247117e+08  5.98591235e+00  7.76247117e+08  -8.99955558e+02
 7.82227956e+08  -1.80334606e+01  7.82227956e+08  -8.15011774e+02
 7.88254877e+08  5.22777718e+00  7.88254877e+08  -9.00090996e+02
 7.94328235e+08  -1.67243576e+01  7.94328235e+08  -9.84854155e+02
 8.00448386e+08  8.66900989e+00  8.00448386e+08  -9.00380333e+02
 8.06615692e+08  8.14900953e+00  8.06615692e+08  -9.00155246e+02
 8.12830516e+08  -1.69196146e+01  8.12830516e+08  -9.84677807e+02
 8.19093224e+08  7.21744150e+00  8.19093224e+08  -9.00191990e+02
 8.25404185e+08  -1.85893030e+01  8.25404185e+08  -8.15824161e+02
 8.31763771e+08  -1.86568115e+01  8.31763771e+08  -8.15917326e+02
 8.38172356e+08  5.95074607e+00  8.38172356e+08  -9.00130311e+02
 8.44630319e+08  -1.72437098e+01  8.44630319e+08  -9.86095197e+02
 8.51138038e+08  -1.73059216e+01  8.51138038e+08  -9.85973029e+02
 8.57695899e+08  -1.73632242e+01  8.57695899e+08  -9.87708219e+02
 8.64304286e+08  -1.74285708e+01  8.64304286e+08  -9.87665209e+02
 8.70963590e+08  8.97913516e+00  8.70963590e+08  -8.99919116e+02
 8.77674203e+08  8.51351941e+00  8.77674203e+08  -9.01032024e+02
 8.84436519e+08  7.98887759e+00  8.84436519e+08  -9.00864068e+02
 8.91250938e+08  -1.93244902e+01  8.91250938e+08  -8.15117710e+02
 8.98117861e+08  7.06524800e+00  8.98117861e+08  -9.01477610e+02
 9.05037692e+08  -1.78274382e+01  9.05037692e+08  -9.85504518e+02
 9.12010839e+08  -1.95492358e+01  9.12010839e+08  -8.15322408e+02
 9.19037713e+08  1.36177895e+01  9.19037713e+08  -9.01364156e+02
 9.26118728e+08  1.28921880e+01  9.26118728e+08  -9.01101887e+02
 9.33254301e+08  -1.97530225e+01  9.33254301e+08  -8.13549848e+02
 9.40444852e+08  4.69959768e+00  9.40444852e+08  -9.00768596e+02
 9.47690805e+08  1.08770078e+01  9.47690805e+08  -9.01940702e+02
 9.54992586e+08  4.00211166e+00  9.54992586e+08  -8.99859262e+02
 9.62350626e+08  -1.83279541e+01  9.62350626e+08  -9.86916995e+02
 9.69765359e+08  9.19499656e+00  9.69765359e+08  -9.00678030e+02
 9.77237221e+08  -1.84528902e+01  9.77237221e+08  -9.86738856e+02
 9.84766652e+08  -1.85079625e+01  9.84766652e+08  -9.86727192e+02
 9.92354096e+08  7.71883312e+00  9.92354096e+08  -9.01379171e+02
 1.00000000e+09  -2.04287779e+01  1.00000000e+09  -8.14342823e+02
