 1.00000000e+00  4.63856905e+01  1.00000000e+00  1.79999998e+02
 1.00770481e+00  4.63856905e+01  1.00770481e+00  1.79999998e+02
 1.01546899e+00  4.63856905e+01  1.01546899e+00  1.79999998e+02
 1.02329299e+00  4.63856905e+01  1.02329299e+00  1.79999998e+02
 1.03117727e+00  4.63856905e+01  1.03117727e+00  1.79999998e+02
 1.03912230e+00  4.63856905e+01  1.03912230e+00  1.79999998e+02
 1.04712855e+00  4.63856905e+01  1.04712855e+00  1.79999998e+02
 1.05519648e+00  4.63856905e+01  1.05519648e+00  1.79999998e+02
 1.06332657e+00  4.63856905e+01  1.06332657e+00  1.79999998e+02
 1.07151931e+00  4.63856905e+01  1.07151931e+00  1.79999998e+02
 1.07977516e+00  4.63856905e+01  1.07977516e+00  1.79999998e+02
 1.08809463e+00  4.63856905e+01  1.08809463e+00  1.79999998e+02
 1.09647820e+00  4.63856905e+01  1.09647820e+00  1.79999998e+02
 1.10492636e+00  4.63856905e+01  1.10492636e+00  1.79999998e+02
 1.11343961e+00  4.63856905e+01  1.11343961e+00  1.79999998e+02
 1.12201845e+00  4.63856905e+01  1.12201845e+00  1.79999998e+02
 1.13066340e+00  4.63856905e+01  1.13066340e+00  1.79999998e+02
 1.13937495e+00  4.63856905e+01  1.13937495e+00  1.79999998e+02
 1.14815362e+00  4.63856905e+01  1.14815362e+00  1.79999998e+02
 1.15699993e+00  4.63856905e+01  1.15699993e+00  1.79999998e+02
 1.16591440e+00  4.63856905e+01  1.16591440e+00  1.79999998e+02
 1.17489755e+00  4.63856905e+01  1.17489755e+00  1.79999998e+02
 1.18394992e+00  4.63856905e+01  1.18394992e+00  1.79999998e+02
 1.19307204e+00  4.63856905e+01  1.19307204e+00  1.79999998e+02
 1.20226443e+00  4.63856905e+01  1.20226443e+00  1.79999998e+02
 1.21152766e+00  4.63856905e+01  1.21152766e+00  1.79999998e+02
 1.22086225e+00  4.63856905e+01  1.22086225e+00  1.79999998e+02
 1.23026877e+00  4.63856905e+01  1.23026877e+00  1.79999998e+02
 1.23974776e+00  4.63856905e+01  1.23974776e+00  1.79999998e+02
 1.24929979e+00  4.63856905e+01  1.24929979e+00  1.79999998e+02
 1.25892541e+00  4.63856905e+01  1.25892541e+00  1.79999998e+02
 1.26862520e+00  4.63856905e+01  1.26862520e+00  1.79999998e+02
 1.27839972e+00  4.63856905e+01  1.27839972e+00  1.79999998e+02
 1.28824955e+00  4.63856905e+01  1.28824955e+00  1.79999998e+02
 1.29817528e+00  4.63856905e+01  1.29817528e+00  1.79999998e+02
 1.30817747e+00  4.63856905e+01  1.30817747e+00  1.79999998e+02
 1.31825674e+00  4.63856905e+01  1.31825674e+00  1.79999998e+02
 1.32841366e+00  4.63856905e+01  1.32841366e+00  1.79999998e+02
 1.33864884e+00  4.63856905e+01  1.33864884e+00  1.79999998e+02
 1.34896288e+00  4.63856905e+01  1.34896288e+00  1.79999998e+02
 1.35935639e+00  4.63856905e+01  1.35935639e+00  1.79999998e+02
 1.36982998e+00  4.63856905e+01  1.36982998e+00  1.79999998e+02
 1.38038426e+00  4.63856905e+01  1.38038426e+00  1.79999998e+02
 1.39101987e+00  4.63856905e+01  1.39101987e+00  1.79999998e+02
 1.40173742e+00  4.63856905e+01  1.40173742e+00  1.79999998e+02
 1.41253754e+00  4.63856905e+01  1.41253754e+00  1.79999998e+02
 1.42342088e+00  4.63856905e+01  1.42342088e+00  1.79999998e+02
 1.43438808e+00  4.63856905e+01  1.43438808e+00  1.79999998e+02
 1.44543977e+00  4.63856905e+01  1.44543977e+00  1.79999998e+02
 1.45657662e+00  4.63856905e+01  1.45657662e+00  1.79999998e+02
 1.46779927e+00  4.63856905e+01  1.46779927e+00  1.79999998e+02
 1.47910839e+00  4.63856905e+01  1.47910839e+00  1.79999998e+02
 1.49050464e+00  4.63856905e+01  1.49050464e+00  1.79999998e+02
 1.50198870e+00  4.63856905e+01  1.50198870e+00  1.79999998e+02
 1.51356125e+00  4.63856905e+01  1.51356125e+00  1.79999998e+02
 1.52522296e+00  4.63856905e+01  1.52522296e+00  1.79999998e+02
 1.53697452e+00  4.63856905e+01  1.53697452e+00  1.79999998e+02
 1.54881662e+00  4.63856905e+01  1.54881662e+00  1.79999998e+02
 1.56074996e+00  4.63856905e+01  1.56074996e+00  1.79999998e+02
 1.57277525e+00  4.63856905e+01  1.57277525e+00  1.79999997e+02
 1.58489319e+00  4.63856905e+01  1.58489319e+00  1.79999997e+02
 1.59710450e+00  4.63856905e+01  1.59710450e+00  1.79999997e+02
 1.60940989e+00  4.63856905e+01  1.60940989e+00  1.79999997e+02
 1.62181010e+00  4.63856905e+01  1.62181010e+00  1.79999997e+02
 1.63430584e+00  4.63856905e+01  1.63430584e+00  1.79999997e+02
 1.64689787e+00  4.63856905e+01  1.64689787e+00  1.79999997e+02
 1.65958691e+00  4.63856905e+01  1.65958691e+00  1.79999997e+02
 1.67237372e+00  4.63856905e+01  1.67237372e+00  1.79999997e+02
 1.68525904e+00  4.63856905e+01  1.68525904e+00  1.79999997e+02
 1.69824365e+00  4.63856905e+01  1.69824365e+00  1.79999997e+02
 1.71132830e+00  4.63856905e+01  1.71132830e+00  1.79999997e+02
 1.72451377e+00  4.63856905e+01  1.72451377e+00  1.79999997e+02
 1.73780083e+00  4.63856905e+01  1.73780083e+00  1.79999997e+02
 1.75119026e+00  4.63856905e+01  1.75119026e+00  1.79999997e+02
 1.76468286e+00  4.63856905e+01  1.76468286e+00  1.79999997e+02
 1.77827941e+00  4.63856905e+01  1.77827941e+00  1.79999997e+02
 1.79198072e+00  4.63856905e+01  1.79198072e+00  1.79999997e+02
 1.80578760e+00  4.63856905e+01  1.80578760e+00  1.79999997e+02
 1.81970086e+00  4.63856905e+01  1.81970086e+00  1.79999997e+02
 1.83372132e+00  4.63856905e+01  1.83372132e+00  1.79999997e+02
 1.84784980e+00  4.63856905e+01  1.84784980e+00  1.79999997e+02
 1.86208714e+00  4.63856905e+01  1.86208714e+00  1.79999997e+02
 1.87643417e+00  4.63856905e+01  1.87643417e+00  1.79999997e+02
 1.89089175e+00  4.63856905e+01  1.89089175e+00  1.79999997e+02
 1.90546072e+00  4.63856905e+01  1.90546072e+00  1.79999997e+02
 1.92014194e+00  4.63856905e+01  1.92014194e+00  1.79999997e+02
 1.93493628e+00  4.63856905e+01  1.93493628e+00  1.79999997e+02
 1.94984460e+00  4.63856905e+01  1.94984460e+00  1.79999997e+02
 1.96486779e+00  4.63856905e+01  1.96486779e+00  1.79999997e+02
 1.98000673e+00  4.63856905e+01  1.98000673e+00  1.79999997e+02
 1.99526231e+00  4.63856905e+01  1.99526231e+00  1.79999997e+02
 2.01063544e+00  4.63856905e+01  2.01063544e+00  1.79999997e+02
 2.02612701e+00  4.63856905e+01  2.02612701e+00  1.79999997e+02
 2.04173794e+00  4.63856905e+01  2.04173794e+00  1.79999997e+02
 2.05746916e+00  4.63856905e+01  2.05746916e+00  1.79999997e+02
 2.07332157e+00  4.63856905e+01  2.07332157e+00  1.79999997e+02
 2.08929613e+00  4.63856905e+01  2.08929613e+00  1.79999997e+02
 2.10539377e+00  4.63856905e+01  2.10539377e+00  1.79999997e+02
 2.12161544e+00  4.63856905e+01  2.12161544e+00  1.79999997e+02
 2.13796209e+00  4.63856905e+01  2.13796209e+00  1.79999997e+02
 2.15443469e+00  4.63856905e+01  2.15443469e+00  1.79999997e+02
 2.17103421e+00  4.63856905e+01  2.17103421e+00  1.79999997e+02
 2.18776162e+00  4.63856905e+01  2.18776162e+00  1.79999997e+02
 2.20461792e+00  4.63856905e+01  2.20461792e+00  1.79999996e+02
 2.22160409e+00  4.63856905e+01  2.22160409e+00  1.79999996e+02
 2.23872114e+00  4.63856905e+01  2.23872114e+00  1.79999996e+02
 2.25597007e+00  4.63856905e+01  2.25597007e+00  1.79999996e+02
 2.27335190e+00  4.63856905e+01  2.27335190e+00  1.79999996e+02
 2.29086765e+00  4.63856905e+01  2.29086765e+00  1.79999996e+02
 2.30851836e+00  4.63856905e+01  2.30851836e+00  1.79999996e+02
 2.32630507e+00  4.63856905e+01  2.32630507e+00  1.79999996e+02
 2.34422882e+00  4.63856905e+01  2.34422882e+00  1.79999996e+02
 2.36229066e+00  4.63856905e+01  2.36229066e+00  1.79999996e+02
 2.38049167e+00  4.63856905e+01  2.38049167e+00  1.79999996e+02
 2.39883292e+00  4.63856905e+01  2.39883292e+00  1.79999996e+02
 2.41731548e+00  4.63856905e+01  2.41731548e+00  1.79999996e+02
 2.43594045e+00  4.63856905e+01  2.43594045e+00  1.79999996e+02
 2.45470892e+00  4.63856905e+01  2.45470892e+00  1.79999996e+02
 2.47362199e+00  4.63856905e+01  2.47362199e+00  1.79999996e+02
 2.49268079e+00  4.63856905e+01  2.49268079e+00  1.79999996e+02
 2.51188643e+00  4.63856905e+01  2.51188643e+00  1.79999996e+02
 2.53124005e+00  4.63856905e+01  2.53124005e+00  1.79999996e+02
 2.55074278e+00  4.63856905e+01  2.55074278e+00  1.79999996e+02
 2.57039578e+00  4.63856905e+01  2.57039578e+00  1.79999996e+02
 2.59020020e+00  4.63856905e+01  2.59020020e+00  1.79999996e+02
 2.61015722e+00  4.63856905e+01  2.61015722e+00  1.79999996e+02
 2.63026799e+00  4.63856905e+01  2.63026799e+00  1.79999996e+02
 2.65053372e+00  4.63856905e+01  2.65053372e+00  1.79999996e+02
 2.67095559e+00  4.63856905e+01  2.67095559e+00  1.79999996e+02
 2.69153480e+00  4.63856905e+01  2.69153480e+00  1.79999996e+02
 2.71227258e+00  4.63856905e+01  2.71227258e+00  1.79999996e+02
 2.73317014e+00  4.63856905e+01  2.73317014e+00  1.79999996e+02
 2.75422870e+00  4.63856905e+01  2.75422870e+00  1.79999996e+02
 2.77544952e+00  4.63856905e+01  2.77544952e+00  1.79999996e+02
 2.79683385e+00  4.63856905e+01  2.79683385e+00  1.79999996e+02
 2.81838293e+00  4.63856905e+01  2.81838293e+00  1.79999995e+02
 2.84009805e+00  4.63856905e+01  2.84009805e+00  1.79999995e+02
 2.86198048e+00  4.63856905e+01  2.86198048e+00  1.79999995e+02
 2.88403150e+00  4.63856905e+01  2.88403150e+00  1.79999995e+02
 2.90625243e+00  4.63856905e+01  2.90625243e+00  1.79999995e+02
 2.92864456e+00  4.63856905e+01  2.92864456e+00  1.79999995e+02
 2.95120923e+00  4.63856905e+01  2.95120923e+00  1.79999995e+02
 2.97394775e+00  4.63856905e+01  2.97394775e+00  1.79999995e+02
 2.99686146e+00  4.63856905e+01  2.99686146e+00  1.79999995e+02
 3.01995172e+00  4.63856905e+01  3.01995172e+00  1.79999995e+02
 3.04321989e+00  4.63856905e+01  3.04321989e+00  1.79999995e+02
 3.06666733e+00  4.63856905e+01  3.06666733e+00  1.79999995e+02
 3.09029543e+00  4.63856905e+01  3.09029543e+00  1.79999995e+02
 3.11410558e+00  4.63856905e+01  3.11410558e+00  1.79999995e+02
 3.13809919e+00  4.63856905e+01  3.13809919e+00  1.79999995e+02
 3.16227766e+00  4.63856905e+01  3.16227766e+00  1.79999995e+02
 3.18664242e+00  4.63856905e+01  3.18664242e+00  1.79999995e+02
 3.21119491e+00  4.63856905e+01  3.21119491e+00  1.79999995e+02
 3.23593657e+00  4.63856905e+01  3.23593657e+00  1.79999995e+02
 3.26086886e+00  4.63856905e+01  3.26086886e+00  1.79999995e+02
 3.28599325e+00  4.63856905e+01  3.28599325e+00  1.79999995e+02
 3.31131121e+00  4.63856905e+01  3.31131121e+00  1.79999995e+02
 3.33682425e+00  4.63856905e+01  3.33682425e+00  1.79999995e+02
 3.36253386e+00  4.63856905e+01  3.36253386e+00  1.79999995e+02
 3.38844156e+00  4.63856905e+01  3.38844156e+00  1.79999995e+02
 3.41454887e+00  4.63856905e+01  3.41454887e+00  1.79999995e+02
 3.44085734e+00  4.63856905e+01  3.44085734e+00  1.79999995e+02
 3.46736850e+00  4.63856905e+01  3.46736850e+00  1.79999994e+02
 3.49408393e+00  4.63856905e+01  3.49408393e+00  1.79999994e+02
 3.52100520e+00  4.63856905e+01  3.52100520e+00  1.79999994e+02
 3.54813389e+00  4.63856905e+01  3.54813389e+00  1.79999994e+02
 3.57547160e+00  4.63856905e+01  3.57547160e+00  1.79999994e+02
 3.60301995e+00  4.63856905e+01  3.60301995e+00  1.79999994e+02
 3.63078055e+00  4.63856905e+01  3.63078055e+00  1.79999994e+02
 3.65875504e+00  4.63856905e+01  3.65875504e+00  1.79999994e+02
 3.68694506e+00  4.63856905e+01  3.68694506e+00  1.79999994e+02
 3.71535229e+00  4.63856905e+01  3.71535229e+00  1.79999994e+02
 3.74397839e+00  4.63856905e+01  3.74397839e+00  1.79999994e+02
 3.77282505e+00  4.63856905e+01  3.77282505e+00  1.79999994e+02
 3.80189396e+00  4.63856905e+01  3.80189396e+00  1.79999994e+02
 3.83118685e+00  4.63856905e+01  3.83118685e+00  1.79999994e+02
 3.86070543e+00  4.63856905e+01  3.86070543e+00  1.79999994e+02
 3.89045145e+00  4.63856905e+01  3.89045145e+00  1.79999994e+02
 3.92042666e+00  4.63856905e+01  3.92042666e+00  1.79999994e+02
 3.95063281e+00  4.63856905e+01  3.95063281e+00  1.79999994e+02
 3.98107171e+00  4.63856905e+01  3.98107171e+00  1.79999994e+02
 4.01174512e+00  4.63856905e+01  4.01174512e+00  1.79999994e+02
 4.04265487e+00  4.63856905e+01  4.04265487e+00  1.79999994e+02
 4.07380278e+00  4.63856905e+01  4.07380278e+00  1.79999993e+02
 4.10519067e+00  4.63856905e+01  4.10519067e+00  1.79999993e+02
 4.13682040e+00  4.63856905e+01  4.13682040e+00  1.79999993e+02
 4.16869383e+00  4.63856905e+01  4.16869383e+00  1.79999993e+02
 4.20081285e+00  4.63856905e+01  4.20081285e+00  1.79999993e+02
 4.23317933e+00  4.63856905e+01  4.23317933e+00  1.79999993e+02
 4.26579519e+00  4.63856905e+01  4.26579519e+00  1.79999993e+02
 4.29866235e+00  4.63856905e+01  4.29866235e+00  1.79999993e+02
 4.33178274e+00  4.63856905e+01  4.33178274e+00  1.79999993e+02
 4.36515832e+00  4.63856905e+01  4.36515832e+00  1.79999993e+02
 4.39879106e+00  4.63856905e+01  4.39879106e+00  1.79999993e+02
 4.43268292e+00  4.63856905e+01  4.43268292e+00  1.79999993e+02
 4.46683592e+00  4.63856905e+01  4.46683592e+00  1.79999993e+02
 4.50125206e+00  4.63856905e+01  4.50125206e+00  1.79999993e+02
 4.53593337e+00  4.63856905e+01  4.53593337e+00  1.79999993e+02
 4.57088190e+00  4.63856905e+01  4.57088190e+00  1.79999993e+02
 4.60609969e+00  4.63856905e+01  4.60609969e+00  1.79999993e+02
 4.64158883e+00  4.63856905e+01  4.64158883e+00  1.79999993e+02
 4.67735141e+00  4.63856905e+01  4.67735141e+00  1.79999993e+02
 4.71338954e+00  4.63856905e+01  4.71338954e+00  1.79999992e+02
 4.74970533e+00  4.63856905e+01  4.74970533e+00  1.79999992e+02
 4.78630092e+00  4.63856905e+01  4.78630092e+00  1.79999992e+02
 4.82317848e+00  4.63856905e+01  4.82317848e+00  1.79999992e+02
 4.86034018e+00  4.63856905e+01  4.86034018e+00  1.79999992e+02
 4.89778819e+00  4.63856905e+01  4.89778819e+00  1.79999992e+02
 4.93552474e+00  4.63856905e+01  4.93552474e+00  1.79999992e+02
 4.97355204e+00  4.63856905e+01  4.97355204e+00  1.79999992e+02
 5.01187234e+00  4.63856905e+01  5.01187234e+00  1.79999992e+02
 5.05048788e+00  4.63856905e+01  5.05048788e+00  1.79999992e+02
 5.08940095e+00  4.63856905e+01  5.08940095e+00  1.79999992e+02
 5.12861384e+00  4.63856905e+01  5.12861384e+00  1.79999992e+02
 5.16812886e+00  4.63856905e+01  5.16812886e+00  1.79999992e+02
 5.20794833e+00  4.63856905e+01  5.20794833e+00  1.79999992e+02
 5.24807460e+00  4.63856905e+01  5.24807460e+00  1.79999992e+02
 5.28851004e+00  4.63856905e+01  5.28851004e+00  1.79999992e+02
 5.32925703e+00  4.63856905e+01  5.32925703e+00  1.79999991e+02
 5.37031796e+00  4.63856905e+01  5.37031796e+00  1.79999991e+02
 5.41169527e+00  4.63856905e+01  5.41169527e+00  1.79999991e+02
 5.45339137e+00  4.63856905e+01  5.45339137e+00  1.79999991e+02
 5.49540874e+00  4.63856905e+01  5.49540874e+00  1.79999991e+02
 5.53774984e+00  4.63856905e+01  5.53774984e+00  1.79999991e+02
 5.58041717e+00  4.63856905e+01  5.58041717e+00  1.79999991e+02
 5.62341325e+00  4.63856905e+01  5.62341325e+00  1.79999991e+02
 5.66674061e+00  4.63856905e+01  5.66674061e+00  1.79999991e+02
 5.71040179e+00  4.63856905e+01  5.71040179e+00  1.79999991e+02
 5.75439937e+00  4.63856905e+01  5.75439937e+00  1.79999991e+02
 5.79873595e+00  4.63856905e+01  5.79873595e+00  1.79999991e+02
 5.84341413e+00  4.63856905e+01  5.84341413e+00  1.79999991e+02
 5.88843655e+00  4.63856905e+01  5.88843655e+00  1.79999991e+02
 5.93380586e+00  4.63856905e+01  5.93380586e+00  1.79999991e+02
 5.97952473e+00  4.63856905e+01  5.97952473e+00  1.79999990e+02
 6.02559586e+00  4.63856905e+01  6.02559586e+00  1.79999990e+02
 6.07202196e+00  4.63856905e+01  6.07202196e+00  1.79999990e+02
 6.11880576e+00  4.63856905e+01  6.11880576e+00  1.79999990e+02
 6.16595002e+00  4.63856905e+01  6.16595002e+00  1.79999990e+02
 6.21345752e+00  4.63856905e+01  6.21345752e+00  1.79999990e+02
 6.26133105e+00  4.63856905e+01  6.26133105e+00  1.79999990e+02
 6.30957344e+00  4.63856905e+01  6.30957344e+00  1.79999990e+02
 6.35818754e+00  4.63856905e+01  6.35818754e+00  1.79999990e+02
 6.40717619e+00  4.63856905e+01  6.40717619e+00  1.79999990e+02
 6.45654229e+00  4.63856905e+01  6.45654229e+00  1.79999990e+02
 6.50628875e+00  4.63856905e+01  6.50628875e+00  1.79999990e+02
 6.55641849e+00  4.63856905e+01  6.55641849e+00  1.79999990e+02
 6.60693448e+00  4.63856905e+01  6.60693448e+00  1.79999989e+02
 6.65783968e+00  4.63856905e+01  6.65783968e+00  1.79999989e+02
 6.70913710e+00  4.63856905e+01  6.70913710e+00  1.79999989e+02
 6.76082975e+00  4.63856905e+01  6.76082975e+00  1.79999989e+02
 6.81292069e+00  4.63856905e+01  6.81292069e+00  1.79999989e+02
 6.86541298e+00  4.63856905e+01  6.86541298e+00  1.79999989e+02
 6.91830971e+00  4.63856905e+01  6.91830971e+00  1.79999989e+02
 6.97161400e+00  4.63856905e+01  6.97161400e+00  1.79999989e+02
 7.02532899e+00  4.63856905e+01  7.02532899e+00  1.79999989e+02
 7.07945784e+00  4.63856905e+01  7.07945784e+00  1.79999989e+02
 7.13400375e+00  4.63856905e+01  7.13400375e+00  1.79999989e+02
 7.18896992e+00  4.63856905e+01  7.18896992e+00  1.79999989e+02
 7.24435960e+00  4.63856905e+01  7.24435960e+00  1.79999988e+02
 7.30017605e+00  4.63856905e+01  7.30017605e+00  1.79999988e+02
 7.35642254e+00  4.63856905e+01  7.35642254e+00  1.79999988e+02
 7.41310241e+00  4.63856905e+01  7.41310241e+00  1.79999988e+02
 7.47021899e+00  4.63856905e+01  7.47021899e+00  1.79999988e+02
 7.52777564e+00  4.63856905e+01  7.52777564e+00  1.79999988e+02
 7.58577575e+00  4.63856905e+01  7.58577575e+00  1.79999988e+02
 7.64422274e+00  4.63856905e+01  7.64422274e+00  1.79999988e+02
 7.70312006e+00  4.63856905e+01  7.70312006e+00  1.79999988e+02
 7.76247117e+00  4.63856905e+01  7.76247117e+00  1.79999988e+02
 7.82227956e+00  4.63856905e+01  7.82227956e+00  1.79999988e+02
 7.88254877e+00  4.63856905e+01  7.88254877e+00  1.79999987e+02
 7.94328235e+00  4.63856905e+01  7.94328235e+00  1.79999987e+02
 8.00448386e+00  4.63856905e+01  8.00448386e+00  1.79999987e+02
 8.06615692e+00  4.63856905e+01  8.06615692e+00  1.79999987e+02
 8.12830516e+00  4.63856905e+01  8.12830516e+00  1.79999987e+02
 8.19093224e+00  4.63856905e+01  8.19093224e+00  1.79999987e+02
 8.25404185e+00  4.63856905e+01  8.25404185e+00  1.79999987e+02
 8.31763771e+00  4.63856905e+01  8.31763771e+00  1.79999987e+02
 8.38172356e+00  4.63856905e+01  8.38172356e+00  1.79999987e+02
 8.44630319e+00  4.63856905e+01  8.44630319e+00  1.79999987e+02
 8.51138038e+00  4.63856905e+01  8.51138038e+00  1.79999986e+02
 8.57695899e+00  4.63856905e+01  8.57695899e+00  1.79999986e+02
 8.64304286e+00  4.63856905e+01  8.64304286e+00  1.79999986e+02
 8.70963590e+00  4.63856905e+01  8.70963590e+00  1.79999986e+02
 8.77674203e+00  4.63856905e+01  8.77674203e+00  1.79999986e+02
 8.84436519e+00  4.63856905e+01  8.84436519e+00  1.79999986e+02
 8.91250938e+00  4.63856905e+01  8.91250938e+00  1.79999986e+02
 8.98117861e+00  4.63856905e+01  8.98117861e+00  1.79999986e+02
 9.05037692e+00  4.63856905e+01  9.05037692e+00  1.79999986e+02
 9.12010839e+00  4.63856905e+01  9.12010839e+00  1.79999985e+02
 9.19037713e+00  4.63856905e+01  9.19037713e+00  1.79999985e+02
 9.26118728e+00  4.63856905e+01  9.26118728e+00  1.79999985e+02
 9.33254301e+00  4.63856905e+01  9.33254301e+00  1.79999985e+02
 9.40444852e+00  4.63856905e+01  9.40444852e+00  1.79999985e+02
 9.47690805e+00  4.63856905e+01  9.47690805e+00  1.79999985e+02
 9.54992586e+00  4.63856905e+01  9.54992586e+00  1.79999985e+02
 9.62350626e+00  4.63856905e+01  9.62350626e+00  1.79999985e+02
 9.69765359e+00  4.63856905e+01  9.69765359e+00  1.79999985e+02
 9.77237221e+00  4.63856905e+01  9.77237221e+00  1.79999984e+02
 9.84766652e+00  4.63856905e+01  9.84766652e+00  1.79999984e+02
 9.92354096e+00  4.63856905e+01  9.92354096e+00  1.79999984e+02
 1.00000000e+01  4.63856905e+01  1.00000000e+01  1.79999984e+02
 1.00770481e+01  4.63856905e+01  1.00770481e+01  1.79999984e+02
 1.01546899e+01  4.63856905e+01  1.01546899e+01  1.79999984e+02
 1.02329299e+01  4.63856905e+01  1.02329299e+01  1.79999984e+02
 1.03117727e+01  4.63856905e+01  1.03117727e+01  1.79999984e+02
 1.03912230e+01  4.63856905e+01  1.03912230e+01  1.79999983e+02
 1.04712855e+01  4.63856905e+01  1.04712855e+01  1.79999983e+02
 1.05519648e+01  4.63856905e+01  1.05519648e+01  1.79999983e+02
 1.06332657e+01  4.63856905e+01  1.06332657e+01  1.79999983e+02
 1.07151931e+01  4.63856905e+01  1.07151931e+01  1.79999983e+02
 1.07977516e+01  4.63856905e+01  1.07977516e+01  1.79999983e+02
 1.08809463e+01  4.63856905e+01  1.08809463e+01  1.79999983e+02
 1.09647820e+01  4.63856905e+01  1.09647820e+01  1.79999982e+02
 1.10492636e+01  4.63856905e+01  1.10492636e+01  1.79999982e+02
 1.11343961e+01  4.63856905e+01  1.11343961e+01  1.79999982e+02
 1.12201845e+01  4.63856905e+01  1.12201845e+01  1.79999982e+02
 1.13066340e+01  4.63856905e+01  1.13066340e+01  1.79999982e+02
 1.13937495e+01  4.63856905e+01  1.13937495e+01  1.79999982e+02
 1.14815362e+01  4.63856905e+01  1.14815362e+01  1.79999982e+02
 1.15699993e+01  4.63856905e+01  1.15699993e+01  1.79999982e+02
 1.16591440e+01  4.63856905e+01  1.16591440e+01  1.79999981e+02
 1.17489755e+01  4.63856905e+01  1.17489755e+01  1.79999981e+02
 1.18394992e+01  4.63856905e+01  1.18394992e+01  1.79999981e+02
 1.19307204e+01  4.63856905e+01  1.19307204e+01  1.79999981e+02
 1.20226443e+01  4.63856905e+01  1.20226443e+01  1.79999981e+02
 1.21152766e+01  4.63856905e+01  1.21152766e+01  1.79999981e+02
 1.22086225e+01  4.63856905e+01  1.22086225e+01  1.79999981e+02
 1.23026877e+01  4.63856905e+01  1.23026877e+01  1.79999980e+02
 1.23974776e+01  4.63856905e+01  1.23974776e+01  1.79999980e+02
 1.24929979e+01  4.63856905e+01  1.24929979e+01  1.79999980e+02
 1.25892541e+01  4.63856905e+01  1.25892541e+01  1.79999980e+02
 1.26862520e+01  4.63856905e+01  1.26862520e+01  1.79999980e+02
 1.27839972e+01  4.63856905e+01  1.27839972e+01  1.79999980e+02
 1.28824955e+01  4.63856905e+01  1.28824955e+01  1.79999979e+02
 1.29817528e+01  4.63856905e+01  1.29817528e+01  1.79999979e+02
 1.30817747e+01  4.63856905e+01  1.30817747e+01  1.79999979e+02
 1.31825674e+01  4.63856905e+01  1.31825674e+01  1.79999979e+02
 1.32841366e+01  4.63856905e+01  1.32841366e+01  1.79999979e+02
 1.33864884e+01  4.63856905e+01  1.33864884e+01  1.79999979e+02
 1.34896288e+01  4.63856905e+01  1.34896288e+01  1.79999978e+02
 1.35935639e+01  4.63856905e+01  1.35935639e+01  1.79999978e+02
 1.36982998e+01  4.63856905e+01  1.36982998e+01  1.79999978e+02
 1.38038426e+01  4.63856905e+01  1.38038426e+01  1.79999978e+02
 1.39101987e+01  4.63856905e+01  1.39101987e+01  1.79999978e+02
 1.40173742e+01  4.63856905e+01  1.40173742e+01  1.79999978e+02
 1.41253754e+01  4.63856905e+01  1.41253754e+01  1.79999977e+02
 1.42342088e+01  4.63856905e+01  1.42342088e+01  1.79999977e+02
 1.43438808e+01  4.63856905e+01  1.43438808e+01  1.79999977e+02
 1.44543977e+01  4.63856905e+01  1.44543977e+01  1.79999977e+02
 1.45657662e+01  4.63856905e+01  1.45657662e+01  1.79999977e+02
 1.46779927e+01  4.63856905e+01  1.46779927e+01  1.79999977e+02
 1.47910839e+01  4.63856905e+01  1.47910839e+01  1.79999976e+02
 1.49050464e+01  4.63856905e+01  1.49050464e+01  1.79999976e+02
 1.50198870e+01  4.63856905e+01  1.50198870e+01  1.79999976e+02
 1.51356125e+01  4.63856905e+01  1.51356125e+01  1.79999976e+02
 1.52522296e+01  4.63856905e+01  1.52522296e+01  1.79999976e+02
 1.53697452e+01  4.63856905e+01  1.53697452e+01  1.79999975e+02
 1.54881662e+01  4.63856905e+01  1.54881662e+01  1.79999975e+02
 1.56074996e+01  4.63856905e+01  1.56074996e+01  1.79999975e+02
 1.57277525e+01  4.63856905e+01  1.57277525e+01  1.79999975e+02
 1.58489319e+01  4.63856905e+01  1.58489319e+01  1.79999975e+02
 1.59710450e+01  4.63856905e+01  1.59710450e+01  1.79999974e+02
 1.60940989e+01  4.63856905e+01  1.60940989e+01  1.79999974e+02
 1.62181010e+01  4.63856905e+01  1.62181010e+01  1.79999974e+02
 1.63430584e+01  4.63856905e+01  1.63430584e+01  1.79999974e+02
 1.64689787e+01  4.63856905e+01  1.64689787e+01  1.79999974e+02
 1.65958691e+01  4.63856905e+01  1.65958691e+01  1.79999973e+02
 1.67237372e+01  4.63856905e+01  1.67237372e+01  1.79999973e+02
 1.68525904e+01  4.63856905e+01  1.68525904e+01  1.79999973e+02
 1.69824365e+01  4.63856905e+01  1.69824365e+01  1.79999973e+02
 1.71132830e+01  4.63856905e+01  1.71132830e+01  1.79999973e+02
 1.72451377e+01  4.63856905e+01  1.72451377e+01  1.79999972e+02
 1.73780083e+01  4.63856905e+01  1.73780083e+01  1.79999972e+02
 1.75119026e+01  4.63856905e+01  1.75119026e+01  1.79999972e+02
 1.76468286e+01  4.63856905e+01  1.76468286e+01  1.79999972e+02
 1.77827941e+01  4.63856905e+01  1.77827941e+01  1.79999972e+02
 1.79198072e+01  4.63856905e+01  1.79198072e+01  1.79999971e+02
 1.80578760e+01  4.63856905e+01  1.80578760e+01  1.79999971e+02
 1.81970086e+01  4.63856905e+01  1.81970086e+01  1.79999971e+02
 1.83372132e+01  4.63856905e+01  1.83372132e+01  1.79999971e+02
 1.84784980e+01  4.63856905e+01  1.84784980e+01  1.79999970e+02
 1.86208714e+01  4.63856905e+01  1.86208714e+01  1.79999970e+02
 1.87643417e+01  4.63856905e+01  1.87643417e+01  1.79999970e+02
 1.89089175e+01  4.63856905e+01  1.89089175e+01  1.79999970e+02
 1.90546072e+01  4.63856905e+01  1.90546072e+01  1.79999970e+02
 1.92014194e+01  4.63856905e+01  1.92014194e+01  1.79999969e+02
 1.93493628e+01  4.63856905e+01  1.93493628e+01  1.79999969e+02
 1.94984460e+01  4.63856905e+01  1.94984460e+01  1.79999969e+02
 1.96486779e+01  4.63856905e+01  1.96486779e+01  1.79999969e+02
 1.98000673e+01  4.63856905e+01  1.98000673e+01  1.79999968e+02
 1.99526231e+01  4.63856905e+01  1.99526231e+01  1.79999968e+02
 2.01063544e+01  4.63856905e+01  2.01063544e+01  1.79999968e+02
 2.02612701e+01  4.63856905e+01  2.02612701e+01  1.79999968e+02
 2.04173794e+01  4.63856905e+01  2.04173794e+01  1.79999967e+02
 2.05746916e+01  4.63856905e+01  2.05746916e+01  1.79999967e+02
 2.07332157e+01  4.63856905e+01  2.07332157e+01  1.79999967e+02
 2.08929613e+01  4.63856905e+01  2.08929613e+01  1.79999967e+02
 2.10539377e+01  4.63856905e+01  2.10539377e+01  1.79999966e+02
 2.12161544e+01  4.63856905e+01  2.12161544e+01  1.79999966e+02
 2.13796209e+01  4.63856905e+01  2.13796209e+01  1.79999966e+02
 2.15443469e+01  4.63856905e+01  2.15443469e+01  1.79999966e+02
 2.17103421e+01  4.63856905e+01  2.17103421e+01  1.79999965e+02
 2.18776162e+01  4.63856905e+01  2.18776162e+01  1.79999965e+02
 2.20461792e+01  4.63856905e+01  2.20461792e+01  1.79999965e+02
 2.22160409e+01  4.63856905e+01  2.22160409e+01  1.79999965e+02
 2.23872114e+01  4.63856905e+01  2.23872114e+01  1.79999964e+02
 2.25597007e+01  4.63856905e+01  2.25597007e+01  1.79999964e+02
 2.27335190e+01  4.63856905e+01  2.27335190e+01  1.79999964e+02
 2.29086765e+01  4.63856905e+01  2.29086765e+01  1.79999963e+02
 2.30851836e+01  4.63856905e+01  2.30851836e+01  1.79999963e+02
 2.32630507e+01  4.63856905e+01  2.32630507e+01  1.79999963e+02
 2.34422882e+01  4.63856905e+01  2.34422882e+01  1.79999963e+02
 2.36229066e+01  4.63856905e+01  2.36229066e+01  1.79999962e+02
 2.38049167e+01  4.63856905e+01  2.38049167e+01  1.79999962e+02
 2.39883292e+01  4.63856905e+01  2.39883292e+01  1.79999962e+02
 2.41731548e+01  4.63856905e+01  2.41731548e+01  1.79999961e+02
 2.43594045e+01  4.63856905e+01  2.43594045e+01  1.79999961e+02
 2.45470892e+01  4.63856905e+01  2.45470892e+01  1.79999961e+02
 2.47362199e+01  4.63856905e+01  2.47362199e+01  1.79999960e+02
 2.49268079e+01  4.63856905e+01  2.49268079e+01  1.79999960e+02
 2.51188643e+01  4.63856905e+01  2.51188643e+01  1.79999960e+02
 2.53124005e+01  4.63856905e+01  2.53124005e+01  1.79999960e+02
 2.55074278e+01  4.63856905e+01  2.55074278e+01  1.79999959e+02
 2.57039578e+01  4.63856905e+01  2.57039578e+01  1.79999959e+02
 2.59020020e+01  4.63856905e+01  2.59020020e+01  1.79999959e+02
 2.61015722e+01  4.63856905e+01  2.61015722e+01  1.79999958e+02
 2.63026799e+01  4.63856905e+01  2.63026799e+01  1.79999958e+02
 2.65053372e+01  4.63856905e+01  2.65053372e+01  1.79999958e+02
 2.67095559e+01  4.63856905e+01  2.67095559e+01  1.79999957e+02
 2.69153480e+01  4.63856905e+01  2.69153480e+01  1.79999957e+02
 2.71227258e+01  4.63856905e+01  2.71227258e+01  1.79999957e+02
 2.73317014e+01  4.63856905e+01  2.73317014e+01  1.79999956e+02
 2.75422870e+01  4.63856905e+01  2.75422870e+01  1.79999956e+02
 2.77544952e+01  4.63856905e+01  2.77544952e+01  1.79999956e+02
 2.79683385e+01  4.63856905e+01  2.79683385e+01  1.79999955e+02
 2.81838293e+01  4.63856905e+01  2.81838293e+01  1.79999955e+02
 2.84009805e+01  4.63856905e+01  2.84009805e+01  1.79999955e+02
 2.86198048e+01  4.63856905e+01  2.86198048e+01  1.79999954e+02
 2.88403150e+01  4.63856905e+01  2.88403150e+01  1.79999954e+02
 2.90625243e+01  4.63856905e+01  2.90625243e+01  1.79999954e+02
 2.92864456e+01  4.63856905e+01  2.92864456e+01  1.79999953e+02
 2.95120923e+01  4.63856905e+01  2.95120923e+01  1.79999953e+02
 2.97394775e+01  4.63856905e+01  2.97394775e+01  1.79999953e+02
 2.99686146e+01  4.63856905e+01  2.99686146e+01  1.79999952e+02
 3.01995172e+01  4.63856905e+01  3.01995172e+01  1.79999952e+02
 3.04321989e+01  4.63856905e+01  3.04321989e+01  1.79999951e+02
 3.06666733e+01  4.63856905e+01  3.06666733e+01  1.79999951e+02
 3.09029543e+01  4.63856905e+01  3.09029543e+01  1.79999951e+02
 3.11410558e+01  4.63856905e+01  3.11410558e+01  1.79999950e+02
 3.13809919e+01  4.63856905e+01  3.13809919e+01  1.79999950e+02
 3.16227766e+01  4.63856905e+01  3.16227766e+01  1.79999949e+02
 3.18664242e+01  4.63856905e+01  3.18664242e+01  1.79999949e+02
 3.21119491e+01  4.63856905e+01  3.21119491e+01  1.79999949e+02
 3.23593657e+01  4.63856905e+01  3.23593657e+01  1.79999948e+02
 3.26086886e+01  4.63856905e+01  3.26086886e+01  1.79999948e+02
 3.28599325e+01  4.63856905e+01  3.28599325e+01  1.79999948e+02
 3.31131121e+01  4.63856905e+01  3.31131121e+01  1.79999947e+02
 3.33682425e+01  4.63856905e+01  3.33682425e+01  1.79999947e+02
 3.36253386e+01  4.63856905e+01  3.36253386e+01  1.79999946e+02
 3.38844156e+01  4.63856905e+01  3.38844156e+01  1.79999946e+02
 3.41454887e+01  4.63856905e+01  3.41454887e+01  1.79999945e+02
 3.44085734e+01  4.63856905e+01  3.44085734e+01  1.79999945e+02
 3.46736850e+01  4.63856905e+01  3.46736850e+01  1.79999945e+02
 3.49408393e+01  4.63856905e+01  3.49408393e+01  1.79999944e+02
 3.52100520e+01  4.63856905e+01  3.52100520e+01  1.79999944e+02
 3.54813389e+01  4.63856905e+01  3.54813389e+01  1.79999943e+02
 3.57547160e+01  4.63856905e+01  3.57547160e+01  1.79999943e+02
 3.60301995e+01  4.63856905e+01  3.60301995e+01  1.79999942e+02
 3.63078055e+01  4.63856905e+01  3.63078055e+01  1.79999942e+02
 3.65875504e+01  4.63856905e+01  3.65875504e+01  1.79999942e+02
 3.68694506e+01  4.63856905e+01  3.68694506e+01  1.79999941e+02
 3.71535229e+01  4.63856905e+01  3.71535229e+01  1.79999941e+02
 3.74397839e+01  4.63856905e+01  3.74397839e+01  1.79999940e+02
 3.77282505e+01  4.63856905e+01  3.77282505e+01  1.79999940e+02
 3.80189396e+01  4.63856905e+01  3.80189396e+01  1.79999939e+02
 3.83118685e+01  4.63856905e+01  3.83118685e+01  1.79999939e+02
 3.86070543e+01  4.63856905e+01  3.86070543e+01  1.79999938e+02
 3.89045145e+01  4.63856905e+01  3.89045145e+01  1.79999938e+02
 3.92042666e+01  4.63856905e+01  3.92042666e+01  1.79999937e+02
 3.95063281e+01  4.63856905e+01  3.95063281e+01  1.79999937e+02
 3.98107171e+01  4.63856905e+01  3.98107171e+01  1.79999936e+02
 4.01174512e+01  4.63856905e+01  4.01174512e+01  1.79999936e+02
 4.04265487e+01  4.63856905e+01  4.04265487e+01  1.79999935e+02
 4.07380278e+01  4.63856905e+01  4.07380278e+01  1.79999935e+02
 4.10519067e+01  4.63856905e+01  4.10519067e+01  1.79999934e+02
 4.13682040e+01  4.63856905e+01  4.13682040e+01  1.79999934e+02
 4.16869383e+01  4.63856905e+01  4.16869383e+01  1.79999933e+02
 4.20081285e+01  4.63856905e+01  4.20081285e+01  1.79999933e+02
 4.23317933e+01  4.63856905e+01  4.23317933e+01  1.79999932e+02
 4.26579519e+01  4.63856905e+01  4.26579519e+01  1.79999932e+02
 4.29866235e+01  4.63856905e+01  4.29866235e+01  1.79999931e+02
 4.33178274e+01  4.63856905e+01  4.33178274e+01  1.79999931e+02
 4.36515832e+01  4.63856905e+01  4.36515832e+01  1.79999930e+02
 4.39879106e+01  4.63856905e+01  4.39879106e+01  1.79999930e+02
 4.43268292e+01  4.63856905e+01  4.43268292e+01  1.79999929e+02
 4.46683592e+01  4.63856905e+01  4.46683592e+01  1.79999929e+02
 4.50125206e+01  4.63856905e+01  4.50125206e+01  1.79999928e+02
 4.53593337e+01  4.63856905e+01  4.53593337e+01  1.79999928e+02
 4.57088190e+01  4.63856905e+01  4.57088190e+01  1.79999927e+02
 4.60609969e+01  4.63856905e+01  4.60609969e+01  1.79999926e+02
 4.64158883e+01  4.63856905e+01  4.64158883e+01  1.79999926e+02
 4.67735141e+01  4.63856905e+01  4.67735141e+01  1.79999925e+02
 4.71338954e+01  4.63856905e+01  4.71338954e+01  1.79999925e+02
 4.74970533e+01  4.63856905e+01  4.74970533e+01  1.79999924e+02
 4.78630092e+01  4.63856905e+01  4.78630092e+01  1.79999924e+02
 4.82317848e+01  4.63856905e+01  4.82317848e+01  1.79999923e+02
 4.86034018e+01  4.63856905e+01  4.86034018e+01  1.79999922e+02
 4.89778819e+01  4.63856905e+01  4.89778819e+01  1.79999922e+02
 4.93552474e+01  4.63856905e+01  4.93552474e+01  1.79999921e+02
 4.97355204e+01  4.63856905e+01  4.97355204e+01  1.79999921e+02
 5.01187234e+01  4.63856905e+01  5.01187234e+01  1.79999920e+02
 5.05048788e+01  4.63856905e+01  5.05048788e+01  1.79999919e+02
 5.08940095e+01  4.63856905e+01  5.08940095e+01  1.79999919e+02
 5.12861384e+01  4.63856905e+01  5.12861384e+01  1.79999918e+02
 5.16812886e+01  4.63856905e+01  5.16812886e+01  1.79999917e+02
 5.20794833e+01  4.63856905e+01  5.20794833e+01  1.79999917e+02
 5.24807460e+01  4.63856905e+01  5.24807460e+01  1.79999916e+02
 5.28851004e+01  4.63856905e+01  5.28851004e+01  1.79999916e+02
 5.32925703e+01  4.63856905e+01  5.32925703e+01  1.79999915e+02
 5.37031796e+01  4.63856905e+01  5.37031796e+01  1.79999914e+02
 5.41169527e+01  4.63856906e+01  5.41169527e+01  1.79999914e+02
 5.45339137e+01  4.63856906e+01  5.45339137e+01  1.79999913e+02
 5.49540874e+01  4.63856906e+01  5.49540874e+01  1.79999912e+02
 5.53774984e+01  4.63856906e+01  5.53774984e+01  1.79999912e+02
 5.58041717e+01  4.63856906e+01  5.58041717e+01  1.79999911e+02
 5.62341325e+01  4.63856906e+01  5.62341325e+01  1.79999910e+02
 5.66674061e+01  4.63856906e+01  5.66674061e+01  1.79999909e+02
 5.71040179e+01  4.63856906e+01  5.71040179e+01  1.79999909e+02
 5.75439937e+01  4.63856906e+01  5.75439937e+01  1.79999908e+02
 5.79873595e+01  4.63856906e+01  5.79873595e+01  1.79999907e+02
 5.84341413e+01  4.63856906e+01  5.84341413e+01  1.79999907e+02
 5.88843655e+01  4.63856906e+01  5.88843655e+01  1.79999906e+02
 5.93380586e+01  4.63856906e+01  5.93380586e+01  1.79999905e+02
 5.97952473e+01  4.63856906e+01  5.97952473e+01  1.79999905e+02
 6.02559586e+01  4.63856906e+01  6.02559586e+01  1.79999904e+02
 6.07202196e+01  4.63856906e+01  6.07202196e+01  1.79999903e+02
 6.11880576e+01  4.63856906e+01  6.11880576e+01  1.79999902e+02
 6.16595002e+01  4.63856906e+01  6.16595002e+01  1.79999902e+02
 6.21345752e+01  4.63856906e+01  6.21345752e+01  1.79999901e+02
 6.26133105e+01  4.63856906e+01  6.26133105e+01  1.79999900e+02
 6.30957344e+01  4.63856906e+01  6.30957344e+01  1.79999899e+02
 6.35818754e+01  4.63856906e+01  6.35818754e+01  1.79999898e+02
 6.40717619e+01  4.63856906e+01  6.40717619e+01  1.79999898e+02
 6.45654229e+01  4.63856906e+01  6.45654229e+01  1.79999897e+02
 6.50628875e+01  4.63856906e+01  6.50628875e+01  1.79999896e+02
 6.55641849e+01  4.63856906e+01  6.55641849e+01  1.79999895e+02
 6.60693448e+01  4.63856906e+01  6.60693448e+01  1.79999894e+02
 6.65783968e+01  4.63856906e+01  6.65783968e+01  1.79999894e+02
 6.70913710e+01  4.63856906e+01  6.70913710e+01  1.79999893e+02
 6.76082975e+01  4.63856906e+01  6.76082975e+01  1.79999892e+02
 6.81292069e+01  4.63856906e+01  6.81292069e+01  1.79999891e+02
 6.86541298e+01  4.63856906e+01  6.86541298e+01  1.79999890e+02
 6.91830971e+01  4.63856906e+01  6.91830971e+01  1.79999890e+02
 6.97161400e+01  4.63856906e+01  6.97161400e+01  1.79999889e+02
 7.02532899e+01  4.63856906e+01  7.02532899e+01  1.79999888e+02
 7.07945784e+01  4.63856906e+01  7.07945784e+01  1.79999887e+02
 7.13400375e+01  4.63856906e+01  7.13400375e+01  1.79999886e+02
 7.18896992e+01  4.63856906e+01  7.18896992e+01  1.79999885e+02
 7.24435960e+01  4.63856906e+01  7.24435960e+01  1.79999884e+02
 7.30017605e+01  4.63856906e+01  7.30017605e+01  1.79999883e+02
 7.35642254e+01  4.63856906e+01  7.35642254e+01  1.79999883e+02
 7.41310241e+01  4.63856906e+01  7.41310241e+01  1.79999882e+02
 7.47021899e+01  4.63856906e+01  7.47021899e+01  1.79999881e+02
 7.52777564e+01  4.63856906e+01  7.52777564e+01  1.79999880e+02
 7.58577575e+01  4.63856906e+01  7.58577575e+01  1.79999879e+02
 7.64422274e+01  4.63856906e+01  7.64422274e+01  1.79999878e+02
 7.70312006e+01  4.63856906e+01  7.70312006e+01  1.79999877e+02
 7.76247117e+01  4.63856906e+01  7.76247117e+01  1.79999876e+02
 7.82227956e+01  4.63856906e+01  7.82227956e+01  1.79999875e+02
 7.88254877e+01  4.63856906e+01  7.88254877e+01  1.79999874e+02
 7.94328235e+01  4.63856906e+01  7.94328235e+01  1.79999873e+02
 8.00448386e+01  4.63856906e+01  8.00448386e+01  1.79999872e+02
 8.06615692e+01  4.63856906e+01  8.06615692e+01  1.79999871e+02
 8.12830516e+01  4.63856906e+01  8.12830516e+01  1.79999870e+02
 8.19093224e+01  4.63856906e+01  8.19093224e+01  1.79999869e+02
 8.25404185e+01  4.63856906e+01  8.25404185e+01  1.79999868e+02
 8.31763771e+01  4.63856906e+01  8.31763771e+01  1.79999867e+02
 8.38172356e+01  4.63856906e+01  8.38172356e+01  1.79999866e+02
 8.44630319e+01  4.63856906e+01  8.44630319e+01  1.79999865e+02
 8.51138038e+01  4.63856906e+01  8.51138038e+01  1.79999864e+02
 8.57695899e+01  4.63856906e+01  8.57695899e+01  1.79999863e+02
 8.64304286e+01  4.63856906e+01  8.64304286e+01  1.79999862e+02
 8.70963590e+01  4.63856906e+01  8.70963590e+01  1.79999861e+02
 8.77674203e+01  4.63856906e+01  8.77674203e+01  1.79999860e+02
 8.84436519e+01  4.63856906e+01  8.84436519e+01  1.79999859e+02
 8.91250938e+01  4.63856906e+01  8.91250938e+01  1.79999858e+02
 8.98117861e+01  4.63856906e+01  8.98117861e+01  1.79999857e+02
 9.05037692e+01  4.63856906e+01  9.05037692e+01  1.79999855e+02
 9.12010839e+01  4.63856906e+01  9.12010839e+01  1.79999854e+02
 9.19037713e+01  4.63856906e+01  9.19037713e+01  1.79999853e+02
 9.26118728e+01  4.63856906e+01  9.26118728e+01  1.79999852e+02
 9.33254301e+01  4.63856906e+01  9.33254301e+01  1.79999851e+02
 9.40444852e+01  4.63856906e+01  9.40444852e+01  1.79999850e+02
 9.47690805e+01  4.63856906e+01  9.47690805e+01  1.79999849e+02
 9.54992586e+01  4.63856906e+01  9.54992586e+01  1.79999847e+02
 9.62350626e+01  4.63856906e+01  9.62350626e+01  1.79999846e+02
 9.69765359e+01  4.63856906e+01  9.69765359e+01  1.79999845e+02
 9.77237221e+01  4.63856906e+01  9.77237221e+01  1.79999844e+02
 9.84766652e+01  4.63856906e+01  9.84766652e+01  1.79999843e+02
 9.92354096e+01  4.63856906e+01  9.92354096e+01  1.79999842e+02
 1.00000000e+02  4.63856906e+01  1.00000000e+02  1.79999840e+02
 1.00770481e+02  4.63856906e+01  1.00770481e+02  1.79999839e+02
 1.01546899e+02  4.63856906e+01  1.01546899e+02  1.79999838e+02
 1.02329299e+02  4.63856906e+01  1.02329299e+02  1.79999837e+02
 1.03117727e+02  4.63856906e+01  1.03117727e+02  1.79999835e+02
 1.03912230e+02  4.63856906e+01  1.03912230e+02  1.79999834e+02
 1.04712855e+02  4.63856906e+01  1.04712855e+02  1.79999833e+02
 1.05519648e+02  4.63856906e+01  1.05519648e+02  1.79999831e+02
 1.06332657e+02  4.63856906e+01  1.06332657e+02  1.79999830e+02
 1.07151931e+02  4.63856906e+01  1.07151931e+02  1.79999829e+02
 1.07977516e+02  4.63856906e+01  1.07977516e+02  1.79999828e+02
 1.08809463e+02  4.63856906e+01  1.08809463e+02  1.79999826e+02
 1.09647820e+02  4.63856906e+01  1.09647820e+02  1.79999825e+02
 1.10492636e+02  4.63856906e+01  1.10492636e+02  1.79999824e+02
 1.11343961e+02  4.63856906e+01  1.11343961e+02  1.79999822e+02
 1.12201845e+02  4.63856906e+01  1.12201845e+02  1.79999821e+02
 1.13066340e+02  4.63856906e+01  1.13066340e+02  1.79999819e+02
 1.13937495e+02  4.63856906e+01  1.13937495e+02  1.79999818e+02
 1.14815362e+02  4.63856906e+01  1.14815362e+02  1.79999817e+02
 1.15699993e+02  4.63856906e+01  1.15699993e+02  1.79999815e+02
 1.16591440e+02  4.63856906e+01  1.16591440e+02  1.79999814e+02
 1.17489755e+02  4.63856906e+01  1.17489755e+02  1.79999812e+02
 1.18394992e+02  4.63856906e+01  1.18394992e+02  1.79999811e+02
 1.19307204e+02  4.63856906e+01  1.19307204e+02  1.79999809e+02
 1.20226443e+02  4.63856906e+01  1.20226443e+02  1.79999808e+02
 1.21152766e+02  4.63856906e+01  1.21152766e+02  1.79999807e+02
 1.22086225e+02  4.63856906e+01  1.22086225e+02  1.79999805e+02
 1.23026877e+02  4.63856906e+01  1.23026877e+02  1.79999804e+02
 1.23974776e+02  4.63856906e+01  1.23974776e+02  1.79999802e+02
 1.24929979e+02  4.63856906e+01  1.24929979e+02  1.79999800e+02
 1.25892541e+02  4.63856906e+01  1.25892541e+02  1.79999799e+02
 1.26862520e+02  4.63856906e+01  1.26862520e+02  1.79999797e+02
 1.27839972e+02  4.63856906e+01  1.27839972e+02  1.79999796e+02
 1.28824955e+02  4.63856906e+01  1.28824955e+02  1.79999794e+02
 1.29817528e+02  4.63856906e+01  1.29817528e+02  1.79999793e+02
 1.30817747e+02  4.63856906e+01  1.30817747e+02  1.79999791e+02
 1.31825674e+02  4.63856906e+01  1.31825674e+02  1.79999789e+02
 1.32841366e+02  4.63856906e+01  1.32841366e+02  1.79999788e+02
 1.33864884e+02  4.63856906e+01  1.33864884e+02  1.79999786e+02
 1.34896288e+02  4.63856906e+01  1.34896288e+02  1.79999785e+02
 1.35935639e+02  4.63856906e+01  1.35935639e+02  1.79999783e+02
 1.36982998e+02  4.63856906e+01  1.36982998e+02  1.79999781e+02
 1.38038426e+02  4.63856906e+01  1.38038426e+02  1.79999780e+02
 1.39101987e+02  4.63856906e+01  1.39101987e+02  1.79999778e+02
 1.40173742e+02  4.63856906e+01  1.40173742e+02  1.79999776e+02
 1.41253754e+02  4.63856906e+01  1.41253754e+02  1.79999774e+02
 1.42342088e+02  4.63856906e+01  1.42342088e+02  1.79999773e+02
 1.43438808e+02  4.63856906e+01  1.43438808e+02  1.79999771e+02
 1.44543977e+02  4.63856906e+01  1.44543977e+02  1.79999769e+02
 1.45657662e+02  4.63856906e+01  1.45657662e+02  1.79999767e+02
 1.46779927e+02  4.63856906e+01  1.46779927e+02  1.79999766e+02
 1.47910839e+02  4.63856906e+01  1.47910839e+02  1.79999764e+02
 1.49050464e+02  4.63856906e+01  1.49050464e+02  1.79999762e+02
 1.50198870e+02  4.63856906e+01  1.50198870e+02  1.79999760e+02
 1.51356125e+02  4.63856906e+01  1.51356125e+02  1.79999758e+02
 1.52522296e+02  4.63856906e+01  1.52522296e+02  1.79999756e+02
 1.53697452e+02  4.63856906e+01  1.53697452e+02  1.79999755e+02
 1.54881662e+02  4.63856906e+01  1.54881662e+02  1.79999753e+02
 1.56074996e+02  4.63856906e+01  1.56074996e+02  1.79999751e+02
 1.57277525e+02  4.63856906e+01  1.57277525e+02  1.79999749e+02
 1.58489319e+02  4.63856906e+01  1.58489319e+02  1.79999747e+02
 1.59710450e+02  4.63856906e+01  1.59710450e+02  1.79999745e+02
 1.60940989e+02  4.63856906e+01  1.60940989e+02  1.79999743e+02
 1.62181010e+02  4.63856906e+01  1.62181010e+02  1.79999741e+02
 1.63430584e+02  4.63856906e+01  1.63430584e+02  1.79999739e+02
 1.64689787e+02  4.63856906e+01  1.64689787e+02  1.79999737e+02
 1.65958691e+02  4.63856906e+01  1.65958691e+02  1.79999735e+02
 1.67237372e+02  4.63856906e+01  1.67237372e+02  1.79999733e+02
 1.68525904e+02  4.63856906e+01  1.68525904e+02  1.79999731e+02
 1.69824365e+02  4.63856906e+01  1.69824365e+02  1.79999729e+02
 1.71132830e+02  4.63856906e+01  1.71132830e+02  1.79999727e+02
 1.72451377e+02  4.63856906e+01  1.72451377e+02  1.79999725e+02
 1.73780083e+02  4.63856906e+01  1.73780083e+02  1.79999722e+02
 1.75119026e+02  4.63856906e+01  1.75119026e+02  1.79999720e+02
 1.76468286e+02  4.63856906e+01  1.76468286e+02  1.79999718e+02
 1.77827941e+02  4.63856906e+01  1.77827941e+02  1.79999716e+02
 1.79198072e+02  4.63856906e+01  1.79198072e+02  1.79999714e+02
 1.80578760e+02  4.63856906e+01  1.80578760e+02  1.79999712e+02
 1.81970086e+02  4.63856906e+01  1.81970086e+02  1.79999709e+02
 1.83372132e+02  4.63856906e+01  1.83372132e+02  1.79999707e+02
 1.84784980e+02  4.63856906e+01  1.84784980e+02  1.79999705e+02
 1.86208714e+02  4.63856906e+01  1.86208714e+02  1.79999703e+02
 1.87643417e+02  4.63856906e+01  1.87643417e+02  1.79999700e+02
 1.89089175e+02  4.63856906e+01  1.89089175e+02  1.79999698e+02
 1.90546072e+02  4.63856906e+01  1.90546072e+02  1.79999696e+02
 1.92014194e+02  4.63856906e+01  1.92014194e+02  1.79999693e+02
 1.93493628e+02  4.63856906e+01  1.93493628e+02  1.79999691e+02
 1.94984460e+02  4.63856906e+01  1.94984460e+02  1.79999689e+02
 1.96486779e+02  4.63856906e+01  1.96486779e+02  1.79999686e+02
 1.98000673e+02  4.63856906e+01  1.98000673e+02  1.79999684e+02
 1.99526231e+02  4.63856906e+01  1.99526231e+02  1.79999681e+02
 2.01063544e+02  4.63856906e+01  2.01063544e+02  1.79999679e+02
 2.02612701e+02  4.63856906e+01  2.02612701e+02  1.79999676e+02
 2.04173794e+02  4.63856906e+01  2.04173794e+02  1.79999674e+02
 2.05746916e+02  4.63856906e+01  2.05746916e+02  1.79999671e+02
 2.07332157e+02  4.63856906e+01  2.07332157e+02  1.79999669e+02
 2.08929613e+02  4.63856906e+01  2.08929613e+02  1.79999666e+02
 2.10539377e+02  4.63856906e+01  2.10539377e+02  1.79999664e+02
 2.12161544e+02  4.63856906e+01  2.12161544e+02  1.79999661e+02
 2.13796209e+02  4.63856906e+01  2.13796209e+02  1.79999659e+02
 2.15443469e+02  4.63856906e+01  2.15443469e+02  1.79999656e+02
 2.17103421e+02  4.63856906e+01  2.17103421e+02  1.79999653e+02
 2.18776162e+02  4.63856906e+01  2.18776162e+02  1.79999651e+02
 2.20461792e+02  4.63856906e+01  2.20461792e+02  1.79999648e+02
 2.22160409e+02  4.63856906e+01  2.22160409e+02  1.79999645e+02
 2.23872114e+02  4.63856906e+01  2.23872114e+02  1.79999642e+02
 2.25597007e+02  4.63856906e+01  2.25597007e+02  1.79999640e+02
 2.27335190e+02  4.63856906e+01  2.27335190e+02  1.79999637e+02
 2.29086765e+02  4.63856906e+01  2.29086765e+02  1.79999634e+02
 2.30851836e+02  4.63856906e+01  2.30851836e+02  1.79999631e+02
 2.32630507e+02  4.63856906e+01  2.32630507e+02  1.79999628e+02
 2.34422882e+02  4.63856906e+01  2.34422882e+02  1.79999626e+02
 2.36229066e+02  4.63856906e+01  2.36229066e+02  1.79999623e+02
 2.38049167e+02  4.63856906e+01  2.38049167e+02  1.79999620e+02
 2.39883292e+02  4.63856906e+01  2.39883292e+02  1.79999617e+02
 2.41731548e+02  4.63856906e+01  2.41731548e+02  1.79999614e+02
 2.43594045e+02  4.63856906e+01  2.43594045e+02  1.79999611e+02
 2.45470892e+02  4.63856906e+01  2.45470892e+02  1.79999608e+02
 2.47362199e+02  4.63856906e+01  2.47362199e+02  1.79999605e+02
 2.49268079e+02  4.63856906e+01  2.49268079e+02  1.79999602e+02
 2.51188643e+02  4.63856906e+01  2.51188643e+02  1.79999599e+02
 2.53124005e+02  4.63856906e+01  2.53124005e+02  1.79999596e+02
 2.55074278e+02  4.63856906e+01  2.55074278e+02  1.79999593e+02
 2.57039578e+02  4.63856906e+01  2.57039578e+02  1.79999589e+02
 2.59020020e+02  4.63856906e+01  2.59020020e+02  1.79999586e+02
 2.61015722e+02  4.63856906e+01  2.61015722e+02  1.79999583e+02
 2.63026799e+02  4.63856906e+01  2.63026799e+02  1.79999580e+02
 2.65053372e+02  4.63856906e+01  2.65053372e+02  1.79999577e+02
 2.67095559e+02  4.63856906e+01  2.67095559e+02  1.79999573e+02
 2.69153480e+02  4.63856906e+01  2.69153480e+02  1.79999570e+02
 2.71227258e+02  4.63856906e+01  2.71227258e+02  1.79999567e+02
 2.73317014e+02  4.63856906e+01  2.73317014e+02  1.79999563e+02
 2.75422870e+02  4.63856906e+01  2.75422870e+02  1.79999560e+02
 2.77544952e+02  4.63856906e+01  2.77544952e+02  1.79999557e+02
 2.79683385e+02  4.63856906e+01  2.79683385e+02  1.79999553e+02
 2.81838293e+02  4.63856906e+01  2.81838293e+02  1.79999550e+02
 2.84009805e+02  4.63856906e+01  2.84009805e+02  1.79999546e+02
 2.86198048e+02  4.63856906e+01  2.86198048e+02  1.79999543e+02
 2.88403150e+02  4.63856906e+01  2.88403150e+02  1.79999539e+02
 2.90625243e+02  4.63856906e+01  2.90625243e+02  1.79999536e+02
 2.92864456e+02  4.63856906e+01  2.92864456e+02  1.79999532e+02
 2.95120923e+02  4.63856906e+01  2.95120923e+02  1.79999529e+02
 2.97394775e+02  4.63856906e+01  2.97394775e+02  1.79999525e+02
 2.99686146e+02  4.63856906e+01  2.99686146e+02  1.79999521e+02
 3.01995172e+02  4.63856906e+01  3.01995172e+02  1.79999518e+02
 3.04321989e+02  4.63856906e+01  3.04321989e+02  1.79999514e+02
 3.06666733e+02  4.63856906e+01  3.06666733e+02  1.79999510e+02
 3.09029543e+02  4.63856906e+01  3.09029543e+02  1.79999506e+02
 3.11410558e+02  4.63856906e+01  3.11410558e+02  1.79999503e+02
 3.13809919e+02  4.63856906e+01  3.13809919e+02  1.79999499e+02
 3.16227766e+02  4.63856906e+01  3.16227766e+02  1.79999495e+02
 3.18664242e+02  4.63856906e+01  3.18664242e+02  1.79999491e+02
 3.21119491e+02  4.63856906e+01  3.21119491e+02  1.79999487e+02
 3.23593657e+02  4.63856906e+01  3.23593657e+02  1.79999483e+02
 3.26086886e+02  4.63856906e+01  3.26086886e+02  1.79999479e+02
 3.28599325e+02  4.63856906e+01  3.28599325e+02  1.79999475e+02
 3.31131121e+02  4.63856906e+01  3.31131121e+02  1.79999471e+02
 3.33682425e+02  4.63856906e+01  3.33682425e+02  1.79999467e+02
 3.36253386e+02  4.63856906e+01  3.36253386e+02  1.79999463e+02
 3.38844156e+02  4.63856906e+01  3.38844156e+02  1.79999459e+02
 3.41454887e+02  4.63856906e+01  3.41454887e+02  1.79999455e+02
 3.44085734e+02  4.63856906e+01  3.44085734e+02  1.79999450e+02
 3.46736850e+02  4.63856906e+01  3.46736850e+02  1.79999446e+02
 3.49408393e+02  4.63856906e+01  3.49408393e+02  1.79999442e+02
 3.52100520e+02  4.63856906e+01  3.52100520e+02  1.79999438e+02
 3.54813389e+02  4.63856906e+01  3.54813389e+02  1.79999433e+02
 3.57547160e+02  4.63856906e+01  3.57547160e+02  1.79999429e+02
 3.60301995e+02  4.63856906e+01  3.60301995e+02  1.79999425e+02
 3.63078055e+02  4.63856906e+01  3.63078055e+02  1.79999420e+02
 3.65875504e+02  4.63856907e+01  3.65875504e+02  1.79999416e+02
 3.68694506e+02  4.63856907e+01  3.68694506e+02  1.79999411e+02
 3.71535229e+02  4.63856907e+01  3.71535229e+02  1.79999407e+02
 3.74397839e+02  4.63856907e+01  3.74397839e+02  1.79999402e+02
 3.77282505e+02  4.63856907e+01  3.77282505e+02  1.79999397e+02
 3.80189396e+02  4.63856907e+01  3.80189396e+02  1.79999393e+02
 3.83118685e+02  4.63856907e+01  3.83118685e+02  1.79999388e+02
 3.86070543e+02  4.63856907e+01  3.86070543e+02  1.79999383e+02
 3.89045145e+02  4.63856907e+01  3.89045145e+02  1.79999379e+02
 3.92042666e+02  4.63856907e+01  3.92042666e+02  1.79999374e+02
 3.95063281e+02  4.63856907e+01  3.95063281e+02  1.79999369e+02
 3.98107171e+02  4.63856907e+01  3.98107171e+02  1.79999364e+02
 4.01174512e+02  4.63856907e+01  4.01174512e+02  1.79999359e+02
 4.04265487e+02  4.63856907e+01  4.04265487e+02  1.79999354e+02
 4.07380278e+02  4.63856907e+01  4.07380278e+02  1.79999349e+02
 4.10519067e+02  4.63856907e+01  4.10519067e+02  1.79999344e+02
 4.13682040e+02  4.63856907e+01  4.13682040e+02  1.79999339e+02
 4.16869383e+02  4.63856907e+01  4.16869383e+02  1.79999334e+02
 4.20081285e+02  4.63856907e+01  4.20081285e+02  1.79999329e+02
 4.23317933e+02  4.63856907e+01  4.23317933e+02  1.79999324e+02
 4.26579519e+02  4.63856907e+01  4.26579519e+02  1.79999319e+02
 4.29866235e+02  4.63856907e+01  4.29866235e+02  1.79999313e+02
 4.33178274e+02  4.63856907e+01  4.33178274e+02  1.79999308e+02
 4.36515832e+02  4.63856907e+01  4.36515832e+02  1.79999303e+02
 4.39879106e+02  4.63856907e+01  4.39879106e+02  1.79999297e+02
 4.43268292e+02  4.63856907e+01  4.43268292e+02  1.79999292e+02
 4.46683592e+02  4.63856907e+01  4.46683592e+02  1.79999287e+02
 4.50125206e+02  4.63856907e+01  4.50125206e+02  1.79999281e+02
 4.53593337e+02  4.63856907e+01  4.53593337e+02  1.79999276e+02
 4.57088190e+02  4.63856907e+01  4.57088190e+02  1.79999270e+02
 4.60609969e+02  4.63856907e+01  4.60609969e+02  1.79999264e+02
 4.64158883e+02  4.63856907e+01  4.64158883e+02  1.79999259e+02
 4.67735141e+02  4.63856907e+01  4.67735141e+02  1.79999253e+02
 4.71338954e+02  4.63856907e+01  4.71338954e+02  1.79999247e+02
 4.74970533e+02  4.63856907e+01  4.74970533e+02  1.79999241e+02
 4.78630092e+02  4.63856907e+01  4.78630092e+02  1.79999236e+02
 4.82317848e+02  4.63856907e+01  4.82317848e+02  1.79999230e+02
 4.86034018e+02  4.63856907e+01  4.86034018e+02  1.79999224e+02
 4.89778819e+02  4.63856907e+01  4.89778819e+02  1.79999218e+02
 4.93552474e+02  4.63856907e+01  4.93552474e+02  1.79999212e+02
 4.97355204e+02  4.63856907e+01  4.97355204e+02  1.79999206e+02
 5.01187234e+02  4.63856907e+01  5.01187234e+02  1.79999200e+02
 5.05048788e+02  4.63856907e+01  5.05048788e+02  1.79999193e+02
 5.08940095e+02  4.63856907e+01  5.08940095e+02  1.79999187e+02
 5.12861384e+02  4.63856908e+01  5.12861384e+02  1.79999181e+02
 5.16812886e+02  4.63856908e+01  5.16812886e+02  1.79999175e+02
 5.20794833e+02  4.63856908e+01  5.20794833e+02  1.79999168e+02
 5.24807460e+02  4.63856908e+01  5.24807460e+02  1.79999162e+02
 5.28851004e+02  4.63856908e+01  5.28851004e+02  1.79999155e+02
 5.32925703e+02  4.63856908e+01  5.32925703e+02  1.79999149e+02
 5.37031796e+02  4.63856908e+01  5.37031796e+02  1.79999142e+02
 5.41169527e+02  4.63856908e+01  5.41169527e+02  1.79999136e+02
 5.45339137e+02  4.63856908e+01  5.45339137e+02  1.79999129e+02
 5.49540874e+02  4.63856908e+01  5.49540874e+02  1.79999122e+02
 5.53774984e+02  4.63856908e+01  5.53774984e+02  1.79999116e+02
 5.58041717e+02  4.63856908e+01  5.58041717e+02  1.79999109e+02
 5.62341325e+02  4.63856908e+01  5.62341325e+02  1.79999102e+02
 5.66674061e+02  4.63856908e+01  5.66674061e+02  1.79999095e+02
 5.71040179e+02  4.63856908e+01  5.71040179e+02  1.79999088e+02
 5.75439937e+02  4.63856908e+01  5.75439937e+02  1.79999081e+02
 5.79873595e+02  4.63856908e+01  5.79873595e+02  1.79999074e+02
 5.84341413e+02  4.63856908e+01  5.84341413e+02  1.79999067e+02
 5.88843655e+02  4.63856908e+01  5.88843655e+02  1.79999060e+02
 5.93380586e+02  4.63856908e+01  5.93380586e+02  1.79999052e+02
 5.97952473e+02  4.63856908e+01  5.97952473e+02  1.79999045e+02
 6.02559586e+02  4.63856908e+01  6.02559586e+02  1.79999038e+02
 6.07202196e+02  4.63856908e+01  6.07202196e+02  1.79999030e+02
 6.11880576e+02  4.63856908e+01  6.11880576e+02  1.79999023e+02
 6.16595002e+02  4.63856908e+01  6.16595002e+02  1.79999015e+02
 6.21345752e+02  4.63856908e+01  6.21345752e+02  1.79999008e+02
 6.26133105e+02  4.63856909e+01  6.26133105e+02  1.79999000e+02
 6.30957344e+02  4.63856909e+01  6.30957344e+02  1.79998992e+02
 6.35818754e+02  4.63856909e+01  6.35818754e+02  1.79998985e+02
 6.40717619e+02  4.63856909e+01  6.40717619e+02  1.79998977e+02
 6.45654229e+02  4.63856909e+01  6.45654229e+02  1.79998969e+02
 6.50628875e+02  4.63856909e+01  6.50628875e+02  1.79998961e+02
 6.55641849e+02  4.63856909e+01  6.55641849e+02  1.79998953e+02
 6.60693448e+02  4.63856909e+01  6.60693448e+02  1.79998945e+02
 6.65783968e+02  4.63856909e+01  6.65783968e+02  1.79998937e+02
 6.70913710e+02  4.63856909e+01  6.70913710e+02  1.79998928e+02
 6.76082975e+02  4.63856909e+01  6.76082975e+02  1.79998920e+02
 6.81292069e+02  4.63856909e+01  6.81292069e+02  1.79998912e+02
 6.86541298e+02  4.63856909e+01  6.86541298e+02  1.79998904e+02
 6.91830971e+02  4.63856909e+01  6.91830971e+02  1.79998895e+02
 6.97161400e+02  4.63856909e+01  6.97161400e+02  1.79998887e+02
 7.02532899e+02  4.63856909e+01  7.02532899e+02  1.79998878e+02
 7.07945784e+02  4.63856909e+01  7.07945784e+02  1.79998869e+02
 7.13400375e+02  4.63856909e+01  7.13400375e+02  1.79998861e+02
 7.18896992e+02  4.63856910e+01  7.18896992e+02  1.79998852e+02
 7.24435960e+02  4.63856910e+01  7.24435960e+02  1.79998843e+02
 7.30017605e+02  4.63856910e+01  7.30017605e+02  1.79998834e+02
 7.35642254e+02  4.63856910e+01  7.35642254e+02  1.79998825e+02
 7.41310241e+02  4.63856910e+01  7.41310241e+02  1.79998816e+02
 7.47021899e+02  4.63856910e+01  7.47021899e+02  1.79998807e+02
 7.52777564e+02  4.63856910e+01  7.52777564e+02  1.79998798e+02
 7.58577575e+02  4.63856910e+01  7.58577575e+02  1.79998788e+02
 7.64422274e+02  4.63856910e+01  7.64422274e+02  1.79998779e+02
 7.70312006e+02  4.63856910e+01  7.70312006e+02  1.79998770e+02
 7.76247117e+02  4.63856910e+01  7.76247117e+02  1.79998760e+02
 7.82227956e+02  4.63856910e+01  7.82227956e+02  1.79998751e+02
 7.88254877e+02  4.63856910e+01  7.88254877e+02  1.79998741e+02
 7.94328235e+02  4.63856910e+01  7.94328235e+02  1.79998731e+02
 8.00448386e+02  4.63856910e+01  8.00448386e+02  1.79998722e+02
 8.06615692e+02  4.63856910e+01  8.06615692e+02  1.79998712e+02
 8.12830516e+02  4.63856911e+01  8.12830516e+02  1.79998702e+02
 8.19093224e+02  4.63856911e+01  8.19093224e+02  1.79998692e+02
 8.25404185e+02  4.63856911e+01  8.25404185e+02  1.79998682e+02
 8.31763771e+02  4.63856911e+01  8.31763771e+02  1.79998672e+02
 8.38172356e+02  4.63856911e+01  8.38172356e+02  1.79998661e+02
 8.44630319e+02  4.63856911e+01  8.44630319e+02  1.79998651e+02
 8.51138038e+02  4.63856911e+01  8.51138038e+02  1.79998641e+02
 8.57695899e+02  4.63856911e+01  8.57695899e+02  1.79998630e+02
 8.64304286e+02  4.63856911e+01  8.64304286e+02  1.79998620e+02
 8.70963590e+02  4.63856911e+01  8.70963590e+02  1.79998609e+02
 8.77674203e+02  4.63856911e+01  8.77674203e+02  1.79998598e+02
 8.84436519e+02  4.63856912e+01  8.84436519e+02  1.79998587e+02
 8.91250938e+02  4.63856912e+01  8.91250938e+02  1.79998577e+02
 8.98117861e+02  4.63856912e+01  8.98117861e+02  1.79998566e+02
 9.05037692e+02  4.63856912e+01  9.05037692e+02  1.79998555e+02
 9.12010839e+02  4.63856912e+01  9.12010839e+02  1.79998543e+02
 9.19037713e+02  4.63856912e+01  9.19037713e+02  1.79998532e+02
 9.26118728e+02  4.63856912e+01  9.26118728e+02  1.79998521e+02
 9.33254301e+02  4.63856912e+01  9.33254301e+02  1.79998510e+02
 9.40444852e+02  4.63856912e+01  9.40444852e+02  1.79998498e+02
 9.47690805e+02  4.63856912e+01  9.47690805e+02  1.79998486e+02
 9.54992586e+02  4.63856913e+01  9.54992586e+02  1.79998475e+02
 9.62350626e+02  4.63856913e+01  9.62350626e+02  1.79998463e+02
 9.69765359e+02  4.63856913e+01  9.69765359e+02  1.79998451e+02
 9.77237221e+02  4.63856913e+01  9.77237221e+02  1.79998439e+02
 9.84766652e+02  4.63856913e+01  9.84766652e+02  1.79998427e+02
 9.92354096e+02  4.63856913e+01  9.92354096e+02  1.79998415e+02
 1.00000000e+03  4.63856913e+01  1.00000000e+03  1.79998403e+02
 1.00770481e+03  4.63856913e+01  1.00770481e+03  1.79998391e+02
 1.01546899e+03  4.63856913e+01  1.01546899e+03  1.79998378e+02
 1.02329299e+03  4.63856914e+01  1.02329299e+03  1.79998366e+02
 1.03117727e+03  4.63856914e+01  1.03117727e+03  1.79998353e+02
 1.03912230e+03  4.63856914e+01  1.03912230e+03  1.79998340e+02
 1.04712855e+03  4.63856914e+01  1.04712855e+03  1.79998328e+02
 1.05519648e+03  4.63856914e+01  1.05519648e+03  1.79998315e+02
 1.06332657e+03  4.63856914e+01  1.06332657e+03  1.79998302e+02
 1.07151931e+03  4.63856914e+01  1.07151931e+03  1.79998289e+02
 1.07977516e+03  4.63856915e+01  1.07977516e+03  1.79998276e+02
 1.08809463e+03  4.63856915e+01  1.08809463e+03  1.79998262e+02
 1.09647820e+03  4.63856915e+01  1.09647820e+03  1.79998249e+02
 1.10492636e+03  4.63856915e+01  1.10492636e+03  1.79998235e+02
 1.11343961e+03  4.63856915e+01  1.11343961e+03  1.79998222e+02
 1.12201845e+03  4.63856915e+01  1.12201845e+03  1.79998208e+02
 1.13066340e+03  4.63856915e+01  1.13066340e+03  1.79998194e+02
 1.13937495e+03  4.63856916e+01  1.13937495e+03  1.79998180e+02
 1.14815362e+03  4.63856916e+01  1.14815362e+03  1.79998166e+02
 1.15699993e+03  4.63856916e+01  1.15699993e+03  1.79998152e+02
 1.16591440e+03  4.63856916e+01  1.16591440e+03  1.79998138e+02
 1.17489755e+03  4.63856916e+01  1.17489755e+03  1.79998124e+02
 1.18394992e+03  4.63856916e+01  1.18394992e+03  1.79998109e+02
 1.19307204e+03  4.63856917e+01  1.19307204e+03  1.79998095e+02
 1.20226443e+03  4.63856917e+01  1.20226443e+03  1.79998080e+02
 1.21152766e+03  4.63856917e+01  1.21152766e+03  1.79998065e+02
 1.22086225e+03  4.63856917e+01  1.22086225e+03  1.79998050e+02
 1.23026877e+03  4.63856917e+01  1.23026877e+03  1.79998035e+02
 1.23974776e+03  4.63856917e+01  1.23974776e+03  1.79998020e+02
 1.24929979e+03  4.63856918e+01  1.24929979e+03  1.79998005e+02
 1.25892541e+03  4.63856918e+01  1.25892541e+03  1.79997989e+02
 1.26862520e+03  4.63856918e+01  1.26862520e+03  1.79997974e+02
 1.27839972e+03  4.63856918e+01  1.27839972e+03  1.79997958e+02
 1.28824955e+03  4.63856918e+01  1.28824955e+03  1.79997943e+02
 1.29817528e+03  4.63856919e+01  1.29817528e+03  1.79997927e+02
 1.30817747e+03  4.63856919e+01  1.30817747e+03  1.79997911e+02
 1.31825674e+03  4.63856919e+01  1.31825674e+03  1.79997895e+02
 1.32841366e+03  4.63856919e+01  1.32841366e+03  1.79997878e+02
 1.33864884e+03  4.63856919e+01  1.33864884e+03  1.79997862e+02
 1.34896288e+03  4.63856920e+01  1.34896288e+03  1.79997846e+02
 1.35935639e+03  4.63856920e+01  1.35935639e+03  1.79997829e+02
 1.36982998e+03  4.63856920e+01  1.36982998e+03  1.79997812e+02
 1.38038426e+03  4.63856920e+01  1.38038426e+03  1.79997795e+02
 1.39101987e+03  4.63856921e+01  1.39101987e+03  1.79997778e+02
 1.40173742e+03  4.63856921e+01  1.40173742e+03  1.79997761e+02
 1.41253754e+03  4.63856921e+01  1.41253754e+03  1.79997744e+02
 1.42342088e+03  4.63856921e+01  1.42342088e+03  1.79997727e+02
 1.43438808e+03  4.63856921e+01  1.43438808e+03  1.79997709e+02
 1.44543977e+03  4.63856922e+01  1.44543977e+03  1.79997692e+02
 1.45657662e+03  4.63856922e+01  1.45657662e+03  1.79997674e+02
 1.46779927e+03  4.63856922e+01  1.46779927e+03  1.79997656e+02
 1.47910839e+03  4.63856922e+01  1.47910839e+03  1.79997638e+02
 1.49050464e+03  4.63856923e+01  1.49050464e+03  1.79997620e+02
 1.50198870e+03  4.63856923e+01  1.50198870e+03  1.79997601e+02
 1.51356125e+03  4.63856923e+01  1.51356125e+03  1.79997583e+02
 1.52522296e+03  4.63856924e+01  1.52522296e+03  1.79997564e+02
 1.53697452e+03  4.63856924e+01  1.53697452e+03  1.79997545e+02
 1.54881662e+03  4.63856924e+01  1.54881662e+03  1.79997526e+02
 1.56074996e+03  4.63856925e+01  1.56074996e+03  1.79997507e+02
 1.57277525e+03  4.63856925e+01  1.57277525e+03  1.79997488e+02
 1.58489319e+03  4.63856925e+01  1.58489319e+03  1.79997469e+02
 1.59710450e+03  4.63856925e+01  1.59710450e+03  1.79997449e+02
 1.60940989e+03  4.63856926e+01  1.60940989e+03  1.79997430e+02
 1.62181010e+03  4.63856926e+01  1.62181010e+03  1.79997410e+02
 1.63430584e+03  4.63856926e+01  1.63430584e+03  1.79997390e+02
 1.64689787e+03  4.63856926e+01  1.64689787e+03  1.79997370e+02
 1.65958691e+03  4.63856927e+01  1.65958691e+03  1.79997350e+02
 1.67237372e+03  4.63856927e+01  1.67237372e+03  1.79997329e+02
 1.68525904e+03  4.63856928e+01  1.68525904e+03  1.79997309e+02
 1.69824365e+03  4.63856928e+01  1.69824365e+03  1.79997288e+02
 1.71132830e+03  4.63856928e+01  1.71132830e+03  1.79997267e+02
 1.72451377e+03  4.63856929e+01  1.72451377e+03  1.79997246e+02
 1.73780083e+03  4.63856929e+01  1.73780083e+03  1.79997225e+02
 1.75119026e+03  4.63856929e+01  1.75119026e+03  1.79997203e+02
 1.76468286e+03  4.63856930e+01  1.76468286e+03  1.79997182e+02
 1.77827941e+03  4.63856930e+01  1.77827941e+03  1.79997160e+02
 1.79198072e+03  4.63856930e+01  1.79198072e+03  1.79997138e+02
 1.80578760e+03  4.63856931e+01  1.80578760e+03  1.79997116e+02
 1.81970086e+03  4.63856931e+01  1.81970086e+03  1.79997094e+02
 1.83372132e+03  4.63856932e+01  1.83372132e+03  1.79997071e+02
 1.84784980e+03  4.63856932e+01  1.84784980e+03  1.79997049e+02
 1.86208714e+03  4.63856932e+01  1.86208714e+03  1.79997026e+02
 1.87643417e+03  4.63856933e+01  1.87643417e+03  1.79997003e+02
 1.89089175e+03  4.63856933e+01  1.89089175e+03  1.79996980e+02
 1.90546072e+03  4.63856933e+01  1.90546072e+03  1.79996957e+02
 1.92014194e+03  4.63856934e+01  1.92014194e+03  1.79996933e+02
 1.93493628e+03  4.63856935e+01  1.93493628e+03  1.79996910e+02
 1.94984460e+03  4.63856935e+01  1.94984460e+03  1.79996886e+02
 1.96486779e+03  4.63856935e+01  1.96486779e+03  1.79996862e+02
 1.98000673e+03  4.63856936e+01  1.98000673e+03  1.79996838e+02
 1.99526231e+03  4.63856936e+01  1.99526231e+03  1.79996813e+02
 2.01063544e+03  4.63856937e+01  2.01063544e+03  1.79996789e+02
 2.02612701e+03  4.63856937e+01  2.02612701e+03  1.79996764e+02
 2.04173794e+03  4.63856938e+01  2.04173794e+03  1.79996739e+02
 2.05746916e+03  4.63856939e+01  2.05746916e+03  1.79996714e+02
 2.07332157e+03  4.63856939e+01  2.07332157e+03  1.79996689e+02
 2.08929613e+03  4.63856939e+01  2.08929613e+03  1.79996663e+02
 2.10539377e+03  4.63856940e+01  2.10539377e+03  1.79996638e+02
 2.12161544e+03  4.63856940e+01  2.12161544e+03  1.79996612e+02
 2.13796209e+03  4.63856941e+01  2.13796209e+03  1.79996586e+02
 2.15443469e+03  4.63856941e+01  2.15443469e+03  1.79996559e+02
 2.17103421e+03  4.63856942e+01  2.17103421e+03  1.79996533e+02
 2.18776162e+03  4.63856943e+01  2.18776162e+03  1.79996506e+02
 2.20461792e+03  4.63856943e+01  2.20461792e+03  1.79996479e+02
 2.22160409e+03  4.63856944e+01  2.22160409e+03  1.79996452e+02
 2.23872114e+03  4.63856944e+01  2.23872114e+03  1.79996425e+02
 2.25597007e+03  4.63856945e+01  2.25597007e+03  1.79996397e+02
 2.27335190e+03  4.63856945e+01  2.27335190e+03  1.79996369e+02
 2.29086765e+03  4.63856946e+01  2.29086765e+03  1.79996341e+02
 2.30851836e+03  4.63856947e+01  2.30851836e+03  1.79996313e+02
 2.32630507e+03  4.63856947e+01  2.32630507e+03  1.79996285e+02
 2.34422882e+03  4.63856948e+01  2.34422882e+03  1.79996256e+02
 2.36229066e+03  4.63856949e+01  2.36229066e+03  1.79996227e+02
 2.38049167e+03  4.63856950e+01  2.38049167e+03  1.79996198e+02
 2.39883292e+03  4.63856950e+01  2.39883292e+03  1.79996169e+02
 2.41731548e+03  4.63856951e+01  2.41731548e+03  1.79996139e+02
 2.43594045e+03  4.63856951e+01  2.43594045e+03  1.79996110e+02
 2.45470892e+03  4.63856952e+01  2.45470892e+03  1.79996080e+02
 2.47362199e+03  4.63856953e+01  2.47362199e+03  1.79996049e+02
 2.49268079e+03  4.63856953e+01  2.49268079e+03  1.79996019e+02
 2.51188643e+03  4.63856955e+01  2.51188643e+03  1.79995988e+02
 2.53124005e+03  4.63856956e+01  2.53124005e+03  1.79995957e+02
 2.55074278e+03  4.63856956e+01  2.55074278e+03  1.79995926e+02
 2.57039578e+03  4.63856956e+01  2.57039578e+03  1.79995895e+02
 2.59020020e+03  4.63856957e+01  2.59020020e+03  1.79995863e+02
 2.61015722e+03  4.63856958e+01  2.61015722e+03  1.79995831e+02
 2.63026799e+03  4.63856959e+01  2.63026799e+03  1.79995799e+02
 2.65053372e+03  4.63856960e+01  2.65053372e+03  1.79995767e+02
 2.67095559e+03  4.63856961e+01  2.67095559e+03  1.79995734e+02
 2.69153480e+03  4.63856962e+01  2.69153480e+03  1.79995701e+02
 2.71227258e+03  4.63856962e+01  2.71227258e+03  1.79995668e+02
 2.73317014e+03  4.63856963e+01  2.73317014e+03  1.79995635e+02
 2.75422870e+03  4.63856964e+01  2.75422870e+03  1.79995601e+02
 2.77544952e+03  4.63856965e+01  2.77544952e+03  1.79995567e+02
 2.79683385e+03  4.63856967e+01  2.79683385e+03  1.79995533e+02
 2.81838293e+03  4.63856967e+01  2.81838293e+03  1.79995499e+02
 2.84009805e+03  4.63856968e+01  2.84009805e+03  1.79995464e+02
 2.86198048e+03  4.63856969e+01  2.86198048e+03  1.79995429e+02
 2.88403150e+03  4.63856970e+01  2.88403150e+03  1.79995394e+02
 2.90625243e+03  4.63856972e+01  2.90625243e+03  1.79995358e+02
 2.92864456e+03  4.63856972e+01  2.92864456e+03  1.79995323e+02
 2.95120923e+03  4.63856974e+01  2.95120923e+03  1.79995287e+02
 2.97394775e+03  4.63856974e+01  2.97394775e+03  1.79995250e+02
 2.99686146e+03  4.63856975e+01  2.99686146e+03  1.79995214e+02
 3.01995172e+03  4.63856977e+01  3.01995172e+03  1.79995177e+02
 3.04321989e+03  4.63856977e+01  3.04321989e+03  1.79995140e+02
 3.06666733e+03  4.63856978e+01  3.06666733e+03  1.79995102e+02
 3.09029543e+03  4.63856980e+01  3.09029543e+03  1.79995065e+02
 3.11410558e+03  4.63856980e+01  3.11410558e+03  1.79995027e+02
 3.13809919e+03  4.63856982e+01  3.13809919e+03  1.79994988e+02
 3.16227766e+03  4.63856983e+01  3.16227766e+03  1.79994950e+02
 3.18664242e+03  4.63856984e+01  3.18664242e+03  1.79994911e+02
 3.21119491e+03  4.63856986e+01  3.21119491e+03  1.79994871e+02
 3.23593657e+03  4.63856986e+01  3.23593657e+03  1.79994832e+02
 3.26086886e+03  4.63856988e+01  3.26086886e+03  1.79994792e+02
 3.28599325e+03  4.63856989e+01  3.28599325e+03  1.79994752e+02
 3.31131121e+03  4.63856991e+01  3.31131121e+03  1.79994712e+02
 3.33682425e+03  4.63856992e+01  3.33682425e+03  1.79994671e+02
 3.36253386e+03  4.63856994e+01  3.36253386e+03  1.79994630e+02
 3.38844156e+03  4.63856995e+01  3.38844156e+03  1.79994588e+02
 3.41454887e+03  4.63856995e+01  3.41454887e+03  1.79994547e+02
 3.44085734e+03  4.63856997e+01  3.44085734e+03  1.79994505e+02
 3.46736850e+03  4.63856999e+01  3.46736850e+03  1.79994462e+02
 3.49408393e+03  4.63857000e+01  3.49408393e+03  1.79994420e+02
 3.52100520e+03  4.63857002e+01  3.52100520e+03  1.79994377e+02
 3.54813389e+03  4.63857004e+01  3.54813389e+03  1.79994333e+02
 3.57547160e+03  4.63857005e+01  3.57547160e+03  1.79994290e+02
 3.60301995e+03  4.63857007e+01  3.60301995e+03  1.79994246e+02
 3.63078055e+03  4.63857007e+01  3.63078055e+03  1.79994201e+02
 3.65875504e+03  4.63857009e+01  3.65875504e+03  1.79994157e+02
 3.68694506e+03  4.63857011e+01  3.68694506e+03  1.79994112e+02
 3.71535229e+03  4.63857013e+01  3.71535229e+03  1.79994066e+02
 3.74397839e+03  4.63857014e+01  3.74397839e+03  1.79994021e+02
 3.77282505e+03  4.63857016e+01  3.77282505e+03  1.79993974e+02
 3.80189396e+03  4.63857018e+01  3.80189396e+03  1.79993928e+02
 3.83118685e+03  4.63857020e+01  3.83118685e+03  1.79993881e+02
 3.86070543e+03  4.63857020e+01  3.86070543e+03  1.79993834e+02
 3.89045145e+03  4.63857024e+01  3.89045145e+03  1.79993787e+02
 3.92042666e+03  4.63857026e+01  3.92042666e+03  1.79993739e+02
 3.95063281e+03  4.63857027e+01  3.95063281e+03  1.79993691e+02
 3.98107171e+03  4.63857029e+01  3.98107171e+03  1.79993642e+02
 4.01174512e+03  4.63857029e+01  4.01174512e+03  1.79993593e+02
 4.04265487e+03  4.63857032e+01  4.04265487e+03  1.79993544e+02
 4.07380278e+03  4.63857035e+01  4.07380278e+03  1.79993494e+02
 4.10519067e+03  4.63857036e+01  4.10519067e+03  1.79993444e+02
 4.13682040e+03  4.63857038e+01  4.13682040e+03  1.79993393e+02
 4.16869383e+03  4.63857040e+01  4.16869383e+03  1.79993342e+02
 4.20081285e+03  4.63857042e+01  4.20081285e+03  1.79993291e+02
 4.23317933e+03  4.63857046e+01  4.23317933e+03  1.79993239e+02
 4.26579519e+03  4.63857046e+01  4.26579519e+03  1.79993187e+02
 4.29866235e+03  4.63857050e+01  4.29866235e+03  1.79993135e+02
 4.33178274e+03  4.63857052e+01  4.33178274e+03  1.79993082e+02
 4.36515832e+03  4.63857055e+01  4.36515832e+03  1.79993028e+02
 4.39879106e+03  4.63857055e+01  4.39879106e+03  1.79992975e+02
 4.43268292e+03  4.63857058e+01  4.43268292e+03  1.79992921e+02
 4.46683592e+03  4.63857058e+01  4.46683592e+03  1.79992866e+02
 4.50125206e+03  4.63857063e+01  4.50125206e+03  1.79992811e+02
 4.53593337e+03  4.63857066e+01  4.53593337e+03  1.79992756e+02
 4.57088190e+03  4.63857068e+01  4.57088190e+03  1.79992700e+02
 4.60609969e+03  4.63857071e+01  4.60609969e+03  1.79992644e+02
 4.64158883e+03  4.63857073e+01  4.64158883e+03  1.79992587e+02
 4.67735141e+03  4.63857074e+01  4.67735141e+03  1.79992530e+02
 4.71338954e+03  4.63857078e+01  4.71338954e+03  1.79992472e+02
 4.74970533e+03  4.63857082e+01  4.74970533e+03  1.79992414e+02
 4.78630092e+03  4.63857085e+01  4.78630092e+03  1.79992356e+02
 4.82317848e+03  4.63857086e+01  4.82317848e+03  1.79992297e+02
 4.86034018e+03  4.63857086e+01  4.86034018e+03  1.79992238e+02
 4.89778819e+03  4.63857093e+01  4.89778819e+03  1.79992178e+02
 4.93552474e+03  4.63857093e+01  4.93552474e+03  1.79992118e+02
 4.97355204e+03  4.63857096e+01  4.97355204e+03  1.79992057e+02
 5.01187234e+03  4.63857100e+01  5.01187234e+03  1.79991996e+02
 5.05048788e+03  4.63857103e+01  5.05048788e+03  1.79991934e+02
 5.08940095e+03  4.63857107e+01  5.08940095e+03  1.79991872e+02
 5.12861384e+03  4.63857111e+01  5.12861384e+03  1.79991809e+02
 5.16812886e+03  4.63857113e+01  5.16812886e+03  1.79991746e+02
 5.20794833e+03  4.63857116e+01  5.20794833e+03  1.79991682e+02
 5.24807460e+03  4.63857116e+01  5.24807460e+03  1.79991619e+02
 5.28851004e+03  4.63857124e+01  5.28851004e+03  1.79991554e+02
 5.32925703e+03  4.63857124e+01  5.32925703e+03  1.79991489e+02
 5.37031796e+03  4.63857129e+01  5.37031796e+03  1.79991423e+02
 5.41169527e+03  4.63857133e+01  5.41169527e+03  1.79991357e+02
 5.45339137e+03  4.63857138e+01  5.45339137e+03  1.79991290e+02
 5.49540874e+03  4.63857140e+01  5.49540874e+03  1.79991223e+02
 5.53774984e+03  4.63857147e+01  5.53774984e+03  1.79991156e+02
 5.58041717e+03  4.63857147e+01  5.58041717e+03  1.79991088e+02
 5.62341325e+03  4.63857151e+01  5.62341325e+03  1.79991019e+02
 5.66674061e+03  4.63857153e+01  5.66674061e+03  1.79990950e+02
 5.71040179e+03  4.63857157e+01  5.71040179e+03  1.79990880e+02
 5.75439937e+03  4.63857162e+01  5.75439937e+03  1.79990810e+02
 5.79873595e+03  4.63857166e+01  5.79873595e+03  1.79990739e+02
 5.84341413e+03  4.63857173e+01  5.84341413e+03  1.79990667e+02
 5.88843655e+03  4.63857175e+01  5.88843655e+03  1.79990596e+02
 5.93380586e+03  4.63857177e+01  5.93380586e+03  1.79990523e+02
 5.97952473e+03  4.63857181e+01  5.97952473e+03  1.79990450e+02
 6.02559586e+03  4.63857187e+01  6.02559586e+03  1.79990377e+02
 6.07202196e+03  4.63857192e+01  6.07202196e+03  1.79990302e+02
 6.11880576e+03  4.63857196e+01  6.11880576e+03  1.79990228e+02
 6.16595002e+03  4.63857201e+01  6.16595002e+03  1.79990152e+02
 6.21345752e+03  4.63857205e+01  6.21345752e+03  1.79990077e+02
 6.26133105e+03  4.63857210e+01  6.26133105e+03  1.79990000e+02
 6.30957344e+03  4.63857217e+01  6.30957344e+03  1.79989923e+02
 6.35818754e+03  4.63857217e+01  6.35818754e+03  1.79989846e+02
 6.40717619e+03  4.63857224e+01  6.40717619e+03  1.79989767e+02
 6.45654229e+03  4.63857229e+01  6.45654229e+03  1.79989688e+02
 6.50628875e+03  4.63857234e+01  6.50628875e+03  1.79989609e+02
 6.55641849e+03  4.63857239e+01  6.55641849e+03  1.79989529e+02
 6.60693448e+03  4.63857242e+01  6.60693448e+03  1.79989448e+02
 6.65783968e+03  4.63857252e+01  6.65783968e+03  1.79989367e+02
 6.70913710e+03  4.63857255e+01  6.70913710e+03  1.79989285e+02
 6.76082975e+03  4.63857260e+01  6.76082975e+03  1.79989202e+02
 6.81292069e+03  4.63857266e+01  6.81292069e+03  1.79989119e+02
 6.86541298e+03  4.63857274e+01  6.86541298e+03  1.79989035e+02
 6.91830971e+03  4.63857277e+01  6.91830971e+03  1.79988951e+02
 6.97161400e+03  4.63857283e+01  6.97161400e+03  1.79988866e+02
 7.02532899e+03  4.63857286e+01  7.02532899e+03  1.79988780e+02
 7.07945784e+03  4.63857294e+01  7.07945784e+03  1.79988693e+02
 7.13400375e+03  4.63857297e+01  7.13400375e+03  1.79988606e+02
 7.18896992e+03  4.63857307e+01  7.18896992e+03  1.79988519e+02
 7.24435960e+03  4.63857313e+01  7.24435960e+03  1.79988430e+02
 7.30017605e+03  4.63857319e+01  7.30017605e+03  1.79988341e+02
 7.35642254e+03  4.63857329e+01  7.35642254e+03  1.79988251e+02
 7.41310241e+03  4.63857329e+01  7.41310241e+03  1.79988161e+02
 7.47021899e+03  4.63857339e+01  7.47021899e+03  1.79988069e+02
 7.52777564e+03  4.63857342e+01  7.52777564e+03  1.79987978e+02
 7.58577575e+03  4.63857356e+01  7.58577575e+03  1.79987885e+02
 7.64422274e+03  4.63857359e+01  7.64422274e+03  1.79987791e+02
 7.70312006e+03  4.63857366e+01  7.70312006e+03  1.79987697e+02
 7.76247117e+03  4.63857377e+01  7.76247117e+03  1.79987603e+02
 7.82227956e+03  4.63857384e+01  7.82227956e+03  1.79987507e+02
 7.88254877e+03  4.63857384e+01  7.88254877e+03  1.79987411e+02
 7.94328235e+03  4.63857391e+01  7.94328235e+03  1.79987314e+02
 8.00448386e+03  4.63857399e+01  8.00448386e+03  1.79987216e+02
 8.06615692e+03  4.63857403e+01  8.06615692e+03  1.79987118e+02
 8.12830516e+03  4.63857418e+01  8.12830516e+03  1.79987018e+02
 8.19093224e+03  4.63857430e+01  8.19093224e+03  1.79986918e+02
 8.25404185e+03  4.63857430e+01  8.25404185e+03  1.79986818e+02
 8.31763771e+03  4.63857442e+01  8.31763771e+03  1.79986716e+02
 8.38172356e+03  4.63857451e+01  8.38172356e+03  1.79986614e+02
 8.44630319e+03  4.63857459e+01  8.44630319e+03  1.79986510e+02
 8.51138038e+03  4.63857463e+01  8.51138038e+03  1.79986407e+02
 8.57695899e+03  4.63857472e+01  8.57695899e+03  1.79986302e+02
 8.64304286e+03  4.63857485e+01  8.64304286e+03  1.79986196e+02
 8.70963590e+03  4.63857499e+01  8.70963590e+03  1.79986090e+02
 8.77674203e+03  4.63857503e+01  8.77674203e+03  1.79985983e+02
 8.84436519e+03  4.63857508e+01  8.84436519e+03  1.79985875e+02
 8.91250938e+03  4.63857527e+01  8.91250938e+03  1.79985766e+02
 8.98117861e+03  4.63857532e+01  8.98117861e+03  1.79985656e+02
 9.05037692e+03  4.63857536e+01  9.05037692e+03  1.79985546e+02
 9.12010839e+03  4.63857546e+01  9.12010839e+03  1.79985434e+02
 9.19037713e+03  4.63857551e+01  9.19037713e+03  1.79985322e+02
 9.26118728e+03  4.63857571e+01  9.26118728e+03  1.79985209e+02
 9.33254301e+03  4.63857587e+01  9.33254301e+03  1.79985095e+02
 9.40444852e+03  4.63857592e+01  9.40444852e+03  1.79984980e+02
 9.47690805e+03  4.63857603e+01  9.47690805e+03  1.79984864e+02
 9.54992586e+03  4.63857613e+01  9.54992586e+03  1.79984748e+02
 9.62350626e+03  4.63857624e+01  9.62350626e+03  1.79984630e+02
 9.69765359e+03  4.63857635e+01  9.69765359e+03  1.79984512e+02
 9.77237221e+03  4.63857641e+01  9.77237221e+03  1.79984393e+02
 9.84766652e+03  4.63857658e+01  9.84766652e+03  1.79984272e+02
 9.92354096e+03  4.63857670e+01  9.92354096e+03  1.79984151e+02
 1.00000000e+04  4.63857682e+01  1.00000000e+04  1.79984029e+02
 1.00770481e+04  4.63857700e+01  1.00770481e+04  1.79983906e+02
 1.01546899e+04  4.63857712e+01  1.01546899e+04  1.79983782e+02
 1.02329299e+04  4.63857718e+01  1.02329299e+04  1.79983657e+02
 1.03117727e+04  4.63857724e+01  1.03117727e+04  1.79983531e+02
 1.03912230e+04  4.63857750e+01  1.03912230e+04  1.79983404e+02
 1.04712855e+04  4.63857757e+01  1.04712855e+04  1.79983276e+02
 1.05519648e+04  4.63857770e+01  1.05519648e+04  1.79983147e+02
 1.06332657e+04  4.63857783e+01  1.06332657e+04  1.79983018e+02
 1.07151931e+04  4.63857797e+01  1.07151931e+04  1.79982887e+02
 1.07977516e+04  4.63857817e+01  1.07977516e+04  1.79982755e+02
 1.08809463e+04  4.63857824e+01  1.08809463e+04  1.79982622e+02
 1.09647820e+04  4.63857846e+01  1.09647820e+04  1.79982488e+02
 1.10492636e+04  4.63857839e+01  1.10492636e+04  1.79982353e+02
 1.11343961e+04  4.63857868e+01  1.11343961e+04  1.79982217e+02
 1.12201845e+04  4.63857883e+01  1.12201845e+04  1.79982080e+02
 1.13066340e+04  4.63857898e+01  1.13066340e+04  1.79981942e+02
 1.13937495e+04  4.63857913e+01  1.13937495e+04  1.79981803e+02
 1.14815362e+04  4.63857937e+01  1.14815362e+04  1.79981663e+02
 1.15699993e+04  4.63857944e+01  1.15699993e+04  1.79981521e+02
 1.16591440e+04  4.63857961e+01  1.16591440e+04  1.79981379e+02
 1.17489755e+04  4.63857977e+01  1.17489755e+04  1.79981236e+02
 1.18394992e+04  4.63857993e+01  1.18394992e+04  1.79981091e+02
 1.19307204e+04  4.63858019e+01  1.19307204e+04  1.79980945e+02
 1.20226443e+04  4.63858027e+01  1.20226443e+04  1.79980798e+02
 1.21152766e+04  4.63858053e+01  1.21152766e+04  1.79980650e+02
 1.22086225e+04  4.63858062e+01  1.22086225e+04  1.79980501e+02
 1.23026877e+04  4.63858071e+01  1.23026877e+04  1.79980351e+02
 1.23974776e+04  4.63858108e+01  1.23974776e+04  1.79980200e+02
 1.24929979e+04  4.63858117e+01  1.24929979e+04  1.79980047e+02
 1.25892541e+04  4.63858136e+01  1.25892541e+04  1.79979893e+02
 1.26862520e+04  4.63858145e+01  1.26862520e+04  1.79979739e+02
 1.27839972e+04  4.63858184e+01  1.27839972e+04  1.79979582e+02
 1.28824955e+04  4.63858184e+01  1.28824955e+04  1.79979425e+02
 1.29817528e+04  4.63858203e+01  1.29817528e+04  1.79979267e+02
 1.30817747e+04  4.63858234e+01  1.30817747e+04  1.79979107e+02
 1.31825674e+04  4.63858244e+01  1.31825674e+04  1.79978946e+02
 1.32841366e+04  4.63858265e+01  1.32841366e+04  1.79978784e+02
 1.33864884e+04  4.63858296e+01  1.33864884e+04  1.79978620e+02
 1.34896288e+04  4.63858307e+01  1.34896288e+04  1.79978456e+02
 1.35935639e+04  4.63858340e+01  1.35935639e+04  1.79978289e+02
 1.36982998e+04  4.63858362e+01  1.36982998e+04  1.79978122e+02
 1.38038426e+04  4.63858373e+01  1.38038426e+04  1.79977954e+02
 1.39101987e+04  4.63858407e+01  1.39101987e+04  1.79977784e+02
 1.40173742e+04  4.63858431e+01  1.40173742e+04  1.79977612e+02
 1.41253754e+04  4.63858454e+01  1.41253754e+04  1.79977440e+02
 1.42342088e+04  4.63858478e+01  1.42342088e+04  1.79977266e+02
 1.43438808e+04  4.63858502e+01  1.43438808e+04  1.79977091e+02
 1.44543977e+04  4.63858527e+01  1.44543977e+04  1.79976914e+02
 1.45657662e+04  4.63858552e+01  1.45657662e+04  1.79976737e+02
 1.46779927e+04  4.63858578e+01  1.46779927e+04  1.79976557e+02
 1.47910839e+04  4.63858604e+01  1.47910839e+04  1.79976377e+02
 1.49050464e+04  4.63858603e+01  1.49050464e+04  1.79976195e+02
 1.50198870e+04  4.63858656e+01  1.50198870e+04  1.79976011e+02
 1.51356125e+04  4.63858711e+01  1.51356125e+04  1.79975826e+02
 1.52522296e+04  4.63858711e+01  1.52522296e+04  1.79975640e+02
 1.53697452e+04  4.63858725e+01  1.53697452e+04  1.79975453e+02
 1.54881662e+04  4.63858767e+01  1.54881662e+04  1.79975263e+02
 1.56074996e+04  4.63858796e+01  1.56074996e+04  1.79975073e+02
 1.57277525e+04  4.63858825e+01  1.57277525e+04  1.79974881e+02
 1.58489319e+04  4.63858855e+01  1.58489319e+04  1.79974687e+02
 1.59710450e+04  4.63858901e+01  1.59710450e+04  1.79974492e+02
 1.60940989e+04  4.63858916e+01  1.60940989e+04  1.79974295e+02
 1.62181010e+04  4.63858947e+01  1.62181010e+04  1.79974097e+02
 1.63430584e+04  4.63858979e+01  1.63430584e+04  1.79973898e+02
 1.64689787e+04  4.63859027e+01  1.64689787e+04  1.79973696e+02
 1.65958691e+04  4.63859043e+01  1.65958691e+04  1.79973494e+02
 1.67237372e+04  4.63859076e+01  1.67237372e+04  1.79973290e+02
 1.68525904e+04  4.63859110e+01  1.68525904e+04  1.79973084e+02
 1.69824365e+04  4.63859144e+01  1.69824365e+04  1.79972876e+02
 1.71132830e+04  4.63859214e+01  1.71132830e+04  1.79972667e+02
 1.72451377e+04  4.63859214e+01  1.72451377e+04  1.79972457e+02
 1.73780083e+04  4.63859250e+01  1.73780083e+04  1.79972245e+02
 1.75119026e+04  4.63859286e+01  1.75119026e+04  1.79972031e+02
 1.76468286e+04  4.63859323e+01  1.76468286e+04  1.79971815e+02
 1.77827941e+04  4.63859360e+01  1.77827941e+04  1.79971598e+02
 1.79198072e+04  4.63859398e+01  1.79198072e+04  1.79971379e+02
 1.80578760e+04  4.63859456e+01  1.80578760e+04  1.79971158e+02
 1.81970086e+04  4.63859456e+01  1.81970086e+04  1.79970937e+02
 1.83372132e+04  4.63859535e+01  1.83372132e+04  1.79970712e+02
 1.84784980e+04  4.63859535e+01  1.84784980e+04  1.79970487e+02
 1.86208714e+04  4.63859617e+01  1.86208714e+04  1.79970259e+02
 1.87643417e+04  4.63859659e+01  1.87643417e+04  1.79970030e+02
 1.89089175e+04  4.63859681e+01  1.89089175e+04  1.79969799e+02
 1.90546072e+04  4.63859745e+01  1.90546072e+04  1.79969566e+02
 1.92014194e+04  4.63859745e+01  1.92014194e+04  1.79969332e+02
 1.93493628e+04  4.63859789e+01  1.93493628e+04  1.79969096e+02
 1.94984460e+04  4.63859856e+01  1.94984460e+04  1.79968858e+02
 1.96486779e+04  4.63859879e+01  1.96486779e+04  1.79968618e+02
 1.98000673e+04  4.63859925e+01  1.98000673e+04  1.79968376e+02
 1.99526231e+04  4.63859972e+01  1.99526231e+04  1.79968132e+02
 2.01063544e+04  4.63860091e+01  2.01063544e+04  1.79967886e+02
 2.02612701e+04  4.63860092e+01  2.02612701e+04  1.79967639e+02
 2.04173794e+04  4.63860166e+01  2.04173794e+04  1.79967389e+02
 2.05746916e+04  4.63860166e+01  2.05746916e+04  1.79967139e+02
 2.07332157e+04  4.63860216e+01  2.07332157e+04  1.79966885e+02
 2.08929613e+04  4.63860294e+01  2.08929613e+04  1.79966630e+02
 2.10539377e+04  4.63860399e+01  2.10539377e+04  1.79966372e+02
 2.12161544e+04  4.63860372e+01  2.12161544e+04  1.79966114e+02
 2.13796209e+04  4.63860453e+01  2.13796209e+04  1.79965853e+02
 2.15443469e+04  4.63860536e+01  2.15443469e+04  1.79965589e+02
 2.17103421e+04  4.63860564e+01  2.17103421e+04  1.79965324e+02
 2.18776162e+04  4.63860592e+01  2.18776162e+04  1.79965057e+02
 2.20461792e+04  4.63860707e+01  2.20461792e+04  1.79964787e+02
 2.22160409e+04  4.63860736e+01  2.22160409e+04  1.79964516e+02
 2.23872114e+04  4.63860796e+01  2.23872114e+04  1.79964243e+02
 2.25597007e+04  4.63860856e+01  2.25597007e+04  1.79963967e+02
 2.27335190e+04  4.63860948e+01  2.27335190e+04  1.79963689e+02
 2.29086765e+04  4.63860979e+01  2.29086765e+04  1.79963410e+02
 2.30851836e+04  4.63861010e+01  2.30851836e+04  1.79963128e+02
 2.32630507e+04  4.63861106e+01  2.32630507e+04  1.79962844e+02
 2.34422882e+04  4.63861138e+01  2.34422882e+04  1.79962558e+02
 2.36229066e+04  4.63861237e+01  2.36229066e+04  1.79962269e+02
 2.38049167e+04  4.63861270e+01  2.38049167e+04  1.79961979e+02
 2.39883292e+04  4.63861338e+01  2.39883292e+04  1.79961686e+02
 2.41731548e+04  4.63861406e+01  2.41731548e+04  1.79961390e+02
 2.43594045e+04  4.63861547e+01  2.43594045e+04  1.79961092e+02
 2.45470892e+04  4.63861583e+01  2.45470892e+04  1.79960793e+02
 2.47362199e+04  4.63861691e+01  2.47362199e+04  1.79960490e+02
 2.49268079e+04  4.63861728e+01  2.49268079e+04  1.79960186e+02
 2.51188643e+04  4.63861803e+01  2.51188643e+04  1.79959879e+02
 2.53124005e+04  4.63861879e+01  2.53124005e+04  1.79959570e+02
 2.55074278e+04  4.63861917e+01  2.55074278e+04  1.79959259e+02
 2.57039578e+04  4.63862073e+01  2.57039578e+04  1.79958944e+02
 2.59020020e+04  4.63862073e+01  2.59020020e+04  1.79958628e+02
 2.61015722e+04  4.63862194e+01  2.61015722e+04  1.79958309e+02
 2.63026799e+04  4.63862234e+01  2.63026799e+04  1.79957988e+02
 2.65053372e+04  4.63862358e+01  2.65053372e+04  1.79957664e+02
 2.67095559e+04  4.63862400e+01  2.67095559e+04  1.79957338e+02
 2.69153480e+04  4.63862529e+01  2.69153480e+04  1.79957009e+02
 2.71227258e+04  4.63862572e+01  2.71227258e+04  1.79956678e+02
 2.73317014e+04  4.63862704e+01  2.73317014e+04  1.79956344e+02
 2.75422870e+04  4.63862794e+01  2.75422870e+04  1.79956007e+02
 2.77544952e+04  4.63862885e+01  2.77544952e+04  1.79955668e+02
 2.79683385e+04  4.63862977e+01  2.79683385e+04  1.79955327e+02
 2.81838293e+04  4.63863024e+01  2.81838293e+04  1.79954983e+02
 2.84009805e+04  4.63863166e+01  2.84009805e+04  1.79954636e+02
 2.86198048e+04  4.63863263e+01  2.86198048e+04  1.79954286e+02
 2.88403150e+04  4.63863362e+01  2.88403150e+04  1.79953934e+02
 2.90625243e+04  4.63863462e+01  2.90625243e+04  1.79953579e+02
 2.92864456e+04  4.63863563e+01  2.92864456e+04  1.79953221e+02
 2.95120923e+04  4.63863666e+01  2.95120923e+04  1.79952860e+02
 2.97394775e+04  4.63863770e+01  2.97394775e+04  1.79952497e+02
 2.99686146e+04  4.63863823e+01  2.99686146e+04  1.79952131e+02
 3.01995172e+04  4.63863985e+01  3.01995172e+04  1.79951762e+02
 3.04321989e+04  4.63864094e+01  3.04321989e+04  1.79951390e+02
 3.06666733e+04  4.63864205e+01  3.06666733e+04  1.79951015e+02
 3.09029543e+04  4.63864318e+01  3.09029543e+04  1.79950638e+02
 3.11410558e+04  4.63864548e+01  3.11410558e+04  1.79950256e+02
 3.13809919e+04  4.63864549e+01  3.13809919e+04  1.79949874e+02
 3.16227766e+04  4.63864668e+01  3.16227766e+04  1.79949488e+02
 3.18664242e+04  4.63864848e+01  3.18664242e+04  1.79949098e+02
 3.21119491e+04  4.63864910e+01  3.21119491e+04  1.79948706e+02
 3.23593657e+04  4.63865033e+01  3.23593657e+04  1.79948311e+02
 3.26086886e+04  4.63865096e+01  3.26086886e+04  1.79947913e+02
 3.28599325e+04  4.63865287e+01  3.28599325e+04  1.79947511e+02
 3.31131121e+04  4.63865416e+01  3.31131121e+04  1.79947106e+02
 3.33682425e+04  4.63865548e+01  3.33682425e+04  1.79946699e+02
 3.36253386e+04  4.63865749e+01  3.36253386e+04  1.79946287e+02
 3.38844156e+04  4.63865818e+01  3.38844156e+04  1.79945874e+02
 3.41454887e+04  4.63865955e+01  3.41454887e+04  1.79945457e+02
 3.44085734e+04  4.63866095e+01  3.44085734e+04  1.79945036e+02
 3.46736850e+04  4.63866238e+01  3.46736850e+04  1.79944613e+02
 3.49408393e+04  4.63866309e+01  3.49408393e+04  1.79944186e+02
 3.52100520e+04  4.63866529e+01  3.52100520e+04  1.79943756e+02
 3.54813389e+04  4.63866677e+01  3.54813389e+04  1.79943322e+02
 3.57547160e+04  4.63866752e+01  3.57547160e+04  1.79942886e+02
 3.60301995e+04  4.63866982e+01  3.60301995e+04  1.79942445e+02
 3.63078055e+04  4.63867138e+01  3.63078055e+04  1.79942001e+02
 3.65875504e+04  4.63867296e+01  3.65875504e+04  1.79941554e+02
 3.68694506e+04  4.63867457e+01  3.68694506e+04  1.79941104e+02
 3.71535229e+04  4.63867538e+01  3.71535229e+04  1.79940650e+02
 3.74397839e+04  4.63867870e+01  3.74397839e+04  1.79940191e+02
 3.77282505e+04  4.63867869e+01  3.77282505e+04  1.79939732e+02
 3.80189396e+04  4.63868211e+01  3.80189396e+04  1.79939266e+02
 3.83118685e+04  4.63868211e+01  3.83118685e+04  1.79938799e+02
 3.86070543e+04  4.63868475e+01  3.86070543e+04  1.79938327e+02
 3.89045145e+04  4.63868654e+01  3.89045145e+04  1.79937851e+02
 3.92042666e+04  4.63868836e+01  3.92042666e+04  1.79937372e+02
 3.95063281e+04  4.63869020e+01  3.95063281e+04  1.79936889e+02
 3.98107171e+04  4.63869208e+01  3.98107171e+04  1.79936403e+02
 4.01174512e+04  4.63869302e+01  4.01174512e+04  1.79935913e+02
 4.04265487e+04  4.63869494e+01  4.04265487e+04  1.79935419e+02
 4.07380278e+04  4.63869787e+01  4.07380278e+04  1.79934921e+02
 4.10519067e+04  4.63869987e+01  4.10519067e+04  1.79934419e+02
 4.13682040e+04  4.63870189e+01  4.13682040e+04  1.79933913e+02
 4.16869383e+04  4.63870395e+01  4.16869383e+04  1.79933404e+02
 4.20081285e+04  4.63870498e+01  4.20081285e+04  1.79932891e+02
 4.23317933e+04  4.63870815e+01  4.23317933e+04  1.79932373e+02
 4.26579519e+04  4.63870814e+01  4.26579519e+04  1.79931853e+02
 4.29866235e+04  4.63871139e+01  4.29866235e+04  1.79931327e+02
 4.33178274e+04  4.63871359e+01  4.33178274e+04  1.79930798e+02
 4.36515832e+04  4.63871696e+01  4.36515832e+04  1.79930263e+02
 4.39879106e+04  4.63871810e+01  4.39879106e+04  1.79929726e+02
 4.43268292e+04  4.63872158e+01  4.43268292e+04  1.79929184e+02
 4.46683592e+04  4.63872275e+01  4.46683592e+04  1.79928639e+02
 4.50125206e+04  4.63872633e+01  4.50125206e+04  1.79928088e+02
 4.53593337e+04  4.63872876e+01  4.53593337e+04  1.79927533e+02
 4.57088190e+04  4.63872999e+01  4.57088190e+04  1.79926975e+02
 4.60609969e+04  4.63873374e+01  4.60609969e+04  1.79926412e+02
 4.64158883e+04  4.63873757e+01  4.64158883e+04  1.79925843e+02
 4.67735141e+04  4.63874018e+01  4.67735141e+04  1.79925272e+02
 4.71338954e+04  4.63874151e+01  4.71338954e+04  1.79924696e+02
 4.74970533e+04  4.63874417e+01  4.74970533e+04  1.79924116e+02
 4.78630092e+04  4.63874825e+01  4.78630092e+04  1.79923530e+02
 4.82317848e+04  4.63874963e+01  4.82317848e+04  1.79922941e+02
 4.86034018e+04  4.63875243e+01  4.86034018e+04  1.79922347e+02
 4.89778819e+04  4.63875526e+01  4.89778819e+04  1.79921748e+02
 4.93552474e+04  4.63875815e+01  4.93552474e+04  1.79921145e+02
 4.97355204e+04  4.63876107e+01  4.97355204e+04  1.79920537e+02
 5.01187234e+04  4.63876404e+01  5.01187234e+04  1.79919924e+02
 5.05048788e+04  4.63876402e+01  5.05048788e+04  1.79919308e+02
 5.08940095e+04  4.63877012e+01  5.08940095e+04  1.79918684e+02
 5.12861384e+04  4.63877166e+01  5.12861384e+04  1.79918058e+02
 5.16812886e+04  4.63877798e+01  5.16812886e+04  1.79917424e+02
 5.20794833e+04  4.63877960e+01  5.20794833e+04  1.79916788e+02
 5.24807460e+04  4.63878121e+01  5.24807460e+04  1.79916147e+02
 5.28851004e+04  4.63878616e+01  5.28851004e+04  1.79915500e+02
 5.32925703e+04  4.63878952e+01  5.32925703e+04  1.79914848e+02
 5.37031796e+04  4.63879293e+01  5.37031796e+04  1.79914192e+02
 5.41169527e+04  4.63879640e+01  5.41169527e+04  1.79913530e+02
 5.45339137e+04  4.63879814e+01  5.45339137e+04  1.79912864e+02
 5.49540874e+04  4.63880528e+01  5.49540874e+04  1.79912190e+02
 5.53774984e+04  4.63880711e+01  5.53774984e+04  1.79911514e+02
 5.58041717e+04  4.63881265e+01  5.58041717e+04  1.79910830e+02
 5.62341325e+04  4.63881453e+01  5.62341325e+04  1.79910144e+02
 5.66674061e+04  4.63881642e+01  5.66674061e+04  1.79909451e+02
 5.71040179e+04  4.63882219e+01  5.71040179e+04  1.79908752e+02
 5.75439937e+04  4.63882413e+01  5.75439937e+04  1.79908049e+02
 5.79873595e+04  4.63883209e+01  5.79873595e+04  1.79907338e+02
 5.84341413e+04  4.63883615e+01  5.84341413e+04  1.79906623e+02
 5.88843655e+04  4.63883616e+01  5.88843655e+04  1.79905905e+02
 5.93380586e+04  4.63884238e+01  5.93380586e+04  1.79905178e+02
 5.97952473e+04  4.63884874e+01  5.97952473e+04  1.79904446e+02
 6.02559586e+04  4.63884875e+01  6.02559586e+04  1.79903711e+02
 6.07202196e+04  4.63885527e+01  6.07202196e+04  1.79902967e+02
 6.11880576e+04  4.63885969e+01  6.11880576e+04  1.79902218e+02
 6.16595002e+04  4.63886419e+01  6.16595002e+04  1.79901464e+02
 6.21345752e+04  4.63887106e+01  6.21345752e+04  1.79900703e+02
 6.26133105e+04  4.63887340e+01  6.26133105e+04  1.79899938e+02
 6.30957344e+04  4.63887811e+01  6.30957344e+04  1.79899166e+02
 6.35818754e+04  4.63888289e+01  6.35818754e+04  1.79898388e+02
 6.40717619e+04  4.63889019e+01  6.40717619e+04  1.79897603e+02
 6.45654229e+04  4.63889267e+01  6.45654229e+04  1.79896814e+02
 6.50628875e+04  4.63889768e+01  6.50628875e+04  1.79896018e+02
 6.55641849e+04  4.63890020e+01  6.55641849e+04  1.79895217e+02
 6.60693448e+04  4.63890793e+01  6.60693448e+04  1.79894407e+02
 6.65783968e+04  4.63891317e+01  6.65783968e+04  1.79893592e+02
 6.70913710e+04  4.63891850e+01  6.70913710e+04  1.79892771e+02
 6.76082975e+04  4.63892662e+01  6.76082975e+04  1.79891942e+02
 6.81292069e+04  4.63892940e+01  6.81292069e+04  1.79891110e+02
 6.86541298e+04  4.63893496e+01  6.86541298e+04  1.79890270e+02
 6.91830971e+04  4.63894348e+01  6.91830971e+04  1.79889422e+02
 6.97161400e+04  4.63894638e+01  6.97161400e+04  1.79888570e+02
 7.02532899e+04  4.63895222e+01  7.02532899e+04  1.79887710e+02
 7.07945784e+04  4.63896113e+01  7.07945784e+04  1.79886842e+02
 7.13400375e+04  4.63896417e+01  7.13400375e+04  1.79885970e+02
 7.18896992e+04  4.63897028e+01  7.18896992e+04  1.79885090e+02
 7.24435960e+04  4.63897648e+01  7.24435960e+04  1.79884203e+02
 7.30017605e+04  4.63897961e+01  7.30017605e+04  1.79883310e+02
 7.35642254e+04  4.63898920e+01  7.35642254e+04  1.79882409e+02
 7.41310241e+04  4.63899570e+01  7.41310241e+04  1.79881501e+02
 7.47021899e+04  4.63900230e+01  7.47021899e+04  1.79880586e+02
 7.52777564e+04  4.63901237e+01  7.52777564e+04  1.79879663e+02
 7.58577575e+04  4.63901238e+01  7.58577575e+04  1.79878737e+02
 7.64422274e+04  4.63902620e+01  7.64422274e+04  1.79877798e+02
 7.70312006e+04  4.63902974e+01  7.70312006e+04  1.79876856e+02
 7.76247117e+04  4.63904046e+01  7.76247117e+04  1.79875904e+02
 7.82227956e+04  4.63904410e+01  7.82227956e+04  1.79874948e+02
 7.88254877e+04  4.63905145e+01  7.88254877e+04  1.79873982e+02
 7.94328235e+04  4.63905891e+01  7.94328235e+04  1.79873009e+02
 8.00448386e+04  4.63906269e+01  8.00448386e+04  1.79872030e+02
 8.06615692e+04  4.63907420e+01  8.06615692e+04  1.79871041e+02
 8.12830516e+04  4.63907807e+01  8.12830516e+04  1.79870046e+02
 8.19093224e+04  4.63909394e+01  8.19093224e+04  1.79869039e+02
 8.25404185e+04  4.63909801e+01  8.25404185e+04  1.79868030e+02
 8.31763771e+04  4.63910620e+01  8.31763771e+04  1.79867011e+02
 8.38172356e+04  4.63911451e+01  8.38172356e+04  1.79865984e+02
 8.44630319e+04  4.63911444e+01  8.44630319e+04  1.79864950e+02
 8.51138038e+04  4.63913151e+01  8.51138038e+04  1.79863906e+02
 8.57695899e+04  4.63914022e+01  8.57695899e+04  1.79862855e+02
 8.64304286e+04  4.63914906e+01  8.64304286e+04  1.79861796e+02
 8.70963590e+04  4.63915351e+01  8.70963590e+04  1.79860730e+02
 8.77674203e+04  4.63916715e+01  8.77674203e+04  1.79859653e+02
 8.84436519e+04  4.63918106e+01  8.84436519e+04  1.79858566e+02
 8.91250938e+04  4.63918107e+01  8.91250938e+04  1.79857477e+02
 8.98117861e+04  4.63919054e+01  8.98117861e+04  1.79856376e+02
 9.05037692e+04  4.63920503e+01  9.05037692e+04  1.79855265e+02
 9.12010839e+04  4.63921488e+01  9.12010839e+04  1.79854147e+02
 9.19037713e+04  4.63922487e+01  9.19037713e+04  1.79853020e+02
 9.26118728e+04  4.63924013e+01  9.26118728e+04  1.79851882e+02
 9.33254301e+04  4.63925052e+01  9.33254301e+04  1.79850738e+02
 9.40444852e+04  4.63926106e+01  9.40444852e+04  1.79849584e+02
 9.47690805e+04  4.63926107e+01  9.47690805e+04  1.79848426e+02
 9.54992586e+04  4.63928265e+01  9.54992586e+04  1.79847251e+02
 9.62350626e+04  4.63928817e+01  9.62350626e+04  1.79846073e+02
 9.69765359e+04  4.63929929e+01  9.69765359e+04  1.79844883e+02
 9.77237221e+04  4.63931060e+01  9.77237221e+04  1.79843685e+02
 9.84766652e+04  4.63932207e+01  9.84766652e+04  1.79842476e+02
 9.92354096e+04  4.63933960e+01  9.92354096e+04  1.79841256e+02
 1.00000000e+05  4.63933960e+01  1.00000000e+05  1.79840033e+02
 1.00770481e+05  4.63936363e+01  1.00770481e+05  1.79838792e+02
 1.01546899e+05  4.63937592e+01  1.01546899e+05  1.79837546e+02
 1.02329299e+05  4.63938842e+01  1.02329299e+05  1.79836290e+02
 1.03117727e+05  4.63938842e+01  1.03117727e+05  1.79835029e+02
 1.03912230e+05  4.63940110e+01  1.03912230e+05  1.79833753e+02
 1.04712855e+05  4.63942051e+01  1.04712855e+05  1.79832466e+02
 1.05519648e+05  4.63943369e+01  1.05519648e+05  1.79831171e+02
 1.06332657e+05  4.63944707e+01  1.06332657e+05  1.79829865e+02
 1.07151931e+05  4.63946750e+01  1.07151931e+05  1.79828546e+02
 1.07977516e+05  4.63947446e+01  1.07977516e+05  1.79827224e+02
 1.08809463e+05  4.63948846e+01  1.08809463e+05  1.79825887e+02
 1.09647820e+05  4.63950270e+01  1.09647820e+05  1.79824540e+02
 1.10492636e+05  4.63952443e+01  1.10492636e+05  1.79823180e+02
 1.11343961e+05  4.63953182e+01  1.11343961e+05  1.79821815e+02
 1.12201845e+05  4.63954673e+01  1.12201845e+05  1.79820437e+02
 1.13066340e+05  4.63955426e+01  1.13066340e+05  1.79819049e+02
 1.13937495e+05  4.63956949e+01  1.13937495e+05  1.79817649e+02
 1.14815362e+05  4.63960069e+01  1.14815362e+05  1.79816233e+02
 1.15699993e+05  4.63961666e+01  1.15699993e+05  1.79814810e+02
 1.16591440e+05  4.63961667e+01  1.16591440e+05  1.79813383e+02
 1.17489755e+05  4.63964110e+01  1.17489755e+05  1.79811937e+02
 1.18394992e+05  4.63965771e+01  1.18394992e+05  1.79810482e+02
 1.19307204e+05  4.63966607e+01  1.19307204e+05  1.79809016e+02
 1.20226443e+05  4.63969167e+01  1.20226443e+05  1.79807536e+02
 1.21152766e+05  4.63971780e+01  1.21152766e+05  1.79806042e+02
 1.22086225e+05  4.63973557e+01  1.22086225e+05  1.79804540e+02
 1.23026877e+05  4.63974461e+01  1.23026877e+05  1.79803031e+02
 1.23974776e+05  4.63977196e+01  1.23974776e+05  1.79801501e+02
 1.24929979e+05  4.63978127e+01  1.24929979e+05  1.79799969e+02
 1.25892541e+05  4.63980005e+01  1.25892541e+05  1.79798420e+02
 1.26862520e+05  4.63981912e+01  1.26862520e+05  1.79796859e+02
 1.27839972e+05  4.63983845e+01  1.27839972e+05  1.79795285e+02
 1.28824955e+05  4.63984822e+01  1.28824955e+05  1.79793701e+02
 1.29817528e+05  4.63988809e+01  1.29817528e+05  1.79792096e+02
 1.30817747e+05  4.63989833e+01  1.30817747e+05  1.79790490e+02
 1.31825674e+05  4.63990855e+01  1.31825674e+05  1.79788868e+02
 1.32841366e+05  4.63993980e+01  1.32841366e+05  1.79787231e+02
 1.33864884e+05  4.63996102e+01  1.33864884e+05  1.79785582e+02
 1.34896288e+05  4.63998257e+01  1.34896288e+05  1.79783920e+02
 1.35935639e+05  4.64000447e+01  1.35935639e+05  1.79782245e+02
 1.36982998e+05  4.64002666e+01  1.36982998e+05  1.79780557e+02
 1.38038426e+05  4.64004924e+01  1.38038426e+05  1.79778856e+02
 1.39101987e+05  4.64007217e+01  1.39101987e+05  1.79777142e+02
 1.40173742e+05  4.64009543e+01  1.40173742e+05  1.79775414e+02
 1.41253754e+05  4.64013095e+01  1.41253754e+05  1.79773666e+02
 1.42342088e+05  4.64014306e+01  1.42342088e+05  1.79771917e+02
 1.43438808e+05  4.64016743e+01  1.43438808e+05  1.79770148e+02
 1.44543977e+05  4.64017973e+01  1.44543977e+05  1.79768366e+02
 1.45657662e+05  4.64020468e+01  1.45657662e+05  1.79766569e+02
 1.46779927e+05  4.64024282e+01  1.46779927e+05  1.79764756e+02
 1.47910839e+05  4.64026873e+01  1.47910839e+05  1.79762931e+02
 1.49050464e+05  4.64029506e+01  1.49050464e+05  1.79761091e+02
 1.50198870e+05  4.64033525e+01  1.50198870e+05  1.79759230e+02
 1.51356125e+05  4.64033530e+01  1.51356125e+05  1.79757370e+02
 1.52522296e+05  4.64037648e+01  1.52522296e+05  1.79755485e+02
 1.53697452e+05  4.64040449e+01  1.53697452e+05  1.79753586e+02
 1.54881662e+05  4.64043290e+01  1.54881662e+05  1.79751673e+02
 1.56074996e+05  4.64046176e+01  1.56074996e+05  1.79749744e+02
 1.57277525e+05  4.64050579e+01  1.57277525e+05  1.79747792e+02
 1.58489319e+05  4.64052083e+01  1.58489319e+05  1.79745842e+02
 1.59710450e+05  4.64055107e+01  1.59710450e+05  1.79743867e+02
 1.60940989e+05  4.64056631e+01  1.60940989e+05  1.79741879e+02
 1.62181010e+05  4.64061290e+01  1.62181010e+05  1.79739871e+02
 1.63430584e+05  4.64062864e+01  1.63430584e+05  1.79737851e+02
 1.64689787e+05  4.64069286e+01  1.64689787e+05  1.79735803e+02
 1.65958691e+05  4.64072578e+01  1.65958691e+05  1.79733749e+02
 1.67237372e+05  4.64074250e+01  1.67237372e+05  1.79731688e+02
 1.68525904e+05  4.64077615e+01  1.68525904e+05  1.79729602e+02
 1.69824365e+05  4.64081036e+01  1.69824365e+05  1.79727499e+02
 1.71132830e+05  4.64084506e+01  1.71132830e+05  1.79725380e+02
 1.72451377e+05  4.64088033e+01  1.72451377e+05  1.79723243e+02
 1.73780083e+05  4.64091611e+01  1.73780083e+05  1.79721090e+02
 1.75119026e+05  4.64093419e+01  1.75119026e+05  1.79718921e+02
 1.76468286e+05  4.64100793e+01  1.76468286e+05  1.79716721e+02
 1.77827941e+05  4.64102689e+01  1.77827941e+05  1.79714527e+02
 1.79198072e+05  4.64106497e+01  1.79198072e+05  1.79712305e+02
 1.80578760e+05  4.64108419e+01  1.80578760e+05  1.79710066e+02
 1.81970086e+05  4.64112316e+01  1.81970086e+05  1.79707808e+02
 1.83372132e+05  4.64118277e+01  1.83372132e+05  1.79705531e+02
 1.84784980e+05  4.64122328e+01  1.84784980e+05  1.79703237e+02
 1.86208714e+05  4.64124376e+01  1.86208714e+05  1.79700926e+02
 1.87643417e+05  4.64130616e+01  1.87643417e+05  1.79698594e+02
 1.89089175e+05  4.64130594e+01  1.89089175e+05  1.79696235e+02
 1.90546072e+05  4.64141324e+01  1.90546072e+05  1.79693863e+02
 1.92014194e+05  4.64143535e+01  1.92014194e+05  1.79691489e+02
 1.93493628e+05  4.64147977e+01  1.93493628e+05  1.79689083e+02
 1.94984460e+05  4.64150222e+01  1.94984460e+05  1.79686660e+02
 1.96486779e+05  4.64159366e+01  1.96486779e+05  1.79684199e+02
 1.98000673e+05  4.64159380e+01  1.98000673e+05  1.79681751e+02
 1.99526231e+05  4.64164067e+01  1.99526231e+05  1.79679267e+02
 2.01063544e+05  4.64171237e+01  2.01063544e+05  1.79676762e+02
 2.02612701e+05  4.64173662e+01  2.02612701e+05  1.79674240e+02
 2.04173794e+05  4.64183538e+01  2.04173794e+05  1.79671679e+02
 2.05746916e+05  4.64188598e+01  2.05746916e+05  1.79669114e+02
 2.07332157e+05  4.64193738e+01  2.07332157e+05  1.79666529e+02
 2.08929613e+05  4.64193759e+01  2.08929613e+05  1.79663941e+02
 2.10539377e+05  4.64201621e+01  2.10539377e+05  1.79661313e+02
 2.12161544e+05  4.64206960e+01  2.12161544e+05  1.79658665e+02
 2.13796209e+05  4.64209663e+01  2.13796209e+05  1.79655997e+02
 2.15443469e+05  4.64217898e+01  2.15443469e+05  1.79653306e+02
 2.17103421e+05  4.64223492e+01  2.17103421e+05  1.79650594e+02
 2.18776162e+05  4.64226324e+01  2.18776162e+05  1.79647861e+02
 2.20461792e+05  4.64234948e+01  2.20461792e+05  1.79645104e+02
 2.22160409e+05  4.64237870e+01  2.22160409e+05  1.79642326e+02
 2.23872114e+05  4.64246762e+01  2.23872114e+05  1.79639525e+02
 2.25597007e+05  4.64252805e+01  2.25597007e+05  1.79636701e+02
 2.27335190e+05  4.64258944e+01  2.27335190e+05  1.79633855e+02
 2.29086765e+05  4.64265177e+01  2.29086765e+05  1.79630986e+02
 2.30851836e+05  4.64274685e+01  2.30851836e+05  1.79628072e+02
 2.32630507e+05  4.64277937e+01  2.32630507e+05  1.79625178e+02
 2.34422882e+05  4.64284463e+01  2.34422882e+05  1.79622238e+02
 2.36229066e+05  4.64294420e+01  2.36229066e+05  1.79619252e+02
 2.38049167e+05  4.64297830e+01  2.38049167e+05  1.79616287e+02
 2.39883292e+05  4.64304663e+01  2.39883292e+05  1.79613276e+02
 2.41731548e+05  4.64308127e+01  2.41731548e+05  1.79610240e+02
 2.43594045e+05  4.64315129e+01  2.43594045e+05  1.79607179e+02
 2.45470892e+05  4.64322230e+01  2.45470892e+05  1.79604093e+02
 2.47362199e+05  4.64333094e+01  2.47362199e+05  1.79600981e+02
 2.49268079e+05  4.64340480e+01  2.49268079e+05  1.79597845e+02
 2.51188643e+05  4.64347980e+01  2.51188643e+05  1.79594683e+02
 2.53124005e+05  4.64355603e+01  2.53124005e+05  1.79591495e+02
 2.55074278e+05  4.64359453e+01  2.55074278e+05  1.79588281e+02
 2.57039578e+05  4.64375127e+01  2.57039578e+05  1.79585011e+02
 2.59020020e+05  4.64379177e+01  2.59020020e+05  1.79581773e+02
 2.61015722e+05  4.64387279e+01  2.61015722e+05  1.79578480e+02
 2.63026799e+05  4.64391380e+01  2.63026799e+05  1.79575159e+02
 2.65053372e+05  4.64399674e+01  2.65053372e+05  1.79571811e+02
 2.67095559e+05  4.64412348e+01  2.67095559e+05  1.79568435e+02
 2.69153480e+05  4.64416652e+01  2.69153480e+05  1.79565031e+02
 2.71227258e+05  4.64425333e+01  2.71227258e+05  1.79561600e+02
 2.73317014e+05  4.64438612e+01  2.73317014e+05  1.79558140e+02
 2.75422870e+05  4.64452167e+01  2.75422870e+05  1.79554617e+02
 2.77544952e+05  4.64456815e+01  2.77544952e+05  1.79551135e+02
 2.79683385e+05  4.64470774e+01  2.79683385e+05  1.79547552e+02
 2.81838293e+05  4.64470846e+01  2.81838293e+05  1.79544012e+02
 2.84009805e+05  4.64480374e+01  2.84009805e+05  1.79540406e+02
 2.86198048e+05  4.64494936e+01  2.86198048e+05  1.79536772e+02
 2.88403150e+05  4.64504848e+01  2.88403150e+05  1.79533106e+02
 2.90625243e+05  4.64514897e+01  2.90625243e+05  1.79529410e+02
 2.92864456e+05  4.64525125e+01  2.92864456e+05  1.79525683e+02
 2.95120923e+05  4.64530309e+01  2.95120923e+05  1.79521923e+02
 2.97394775e+05  4.64540755e+01  2.97394775e+05  1.79518134e+02
 2.99686146e+05  4.64556734e+01  2.99686146e+05  1.79514314e+02
 3.01995172e+05  4.64556743e+01  3.01995172e+05  1.79510411e+02
 3.04321989e+05  4.64573120e+01  3.04321989e+05  1.79506574e+02
 3.06666733e+05  4.64589843e+01  3.06666733e+05  1.79502658e+02
 3.09029543e+05  4.64601234e+01  3.09029543e+05  1.79498707e+02
 3.11410558e+05  4.64618580e+01  3.11410558e+05  1.79494673e+02
 3.13809919e+05  4.64630416e+01  3.13809919e+05  1.79490654e+02
 3.16227766e+05  4.64636467e+01  3.16227766e+05  1.79486653e+02
 3.18664242e+05  4.64648587e+01  3.18664242e+05  1.79482567e+02
 3.21119491e+05  4.64673174e+01  3.21119491e+05  1.79478281e+02
 3.23593657e+05  4.64673375e+01  3.23593657e+05  1.79474291e+02
 3.26086886e+05  4.64686072e+01  3.26086886e+05  1.79470100e+02
 3.28599325e+05  4.64698962e+01  3.28599325e+05  1.79465874e+02
 3.31131121e+05  4.64705516e+01  3.31131121e+05  1.79461609e+02
 3.33682425e+05  4.64731966e+01  3.33682425e+05  1.79457253e+02
 3.36253386e+05  4.64745576e+01  3.36253386e+05  1.79452917e+02
 3.38844156e+05  4.64738869e+01  3.38844156e+05  1.79448532e+02
 3.41454887e+05  4.64773415e+01  3.41454887e+05  1.79444132e+02
 3.44085734e+05  4.64780630e+01  3.44085734e+05  1.79439749e+02
 3.46736850e+05  4.64787823e+01  3.46736850e+05  1.79435260e+02
 3.49408393e+05  4.64809574e+01  3.49408393e+05  1.79430740e+02
 3.52100520e+05  4.64831778e+01  3.52100520e+05  1.79426106e+02
 3.54813389e+05  4.64831932e+01  3.54813389e+05  1.79421570e+02
 3.57547160e+05  4.64847096e+01  3.57547160e+05  1.79416927e+02
 3.60301995e+05  4.64862500e+01  3.60301995e+05  1.79412245e+02
 3.63078055e+05  4.64886007e+01  3.63078055e+05  1.79407527e+02
 3.65875504e+05  4.64902024e+01  3.65875504e+05  1.79402763e+02
 3.68694506e+05  4.64910192e+01  3.68694506e+05  1.79397952e+02
 3.71535229e+05  4.64934794e+01  3.71535229e+05  1.79393111e+02
 3.74397839e+05  4.64951575e+01  3.74397839e+05  1.79388222e+02
 3.77282505e+05  4.64960132e+01  3.77282505e+05  1.79383283e+02
 3.80189396e+05  4.64985924e+01  3.80189396e+05  1.79378314e+02
 3.83118685e+05  4.65012252e+01  3.83118685e+05  1.79373206e+02
 3.86070543e+05  4.65030235e+01  3.86070543e+05  1.79368141e+02
 3.89045145e+05  4.65039487e+01  3.89045145e+05  1.79363125e+02
 3.92042666e+05  4.65048738e+01  3.92042666e+05  1.79357965e+02
 3.95063281e+05  4.65076612e+01  3.95063281e+05  1.79352774e+02
 3.98107171e+05  4.65105056e+01  3.98107171e+05  1.79347430e+02
 4.01174512e+05  4.65105312e+01  4.01174512e+05  1.79342231e+02
 4.04265487e+05  4.65124765e+01  4.04265487e+05  1.79336893e+02
 4.07380278e+05  4.65154415e+01  4.07380278e+05  1.79331517e+02
 4.10519067e+05  4.65174641e+01  4.10519067e+05  1.79326083e+02
 4.13682040e+05  4.65205372e+01  4.13682040e+05  1.79320490e+02
 4.16869383e+05  4.65226394e+01  4.16869383e+05  1.79314956e+02
 4.20081285e+05  4.65237219e+01  4.20081285e+05  1.79309490e+02
 4.23317933e+05  4.65269414e+01  4.23317933e+05  1.79303740e+02
 4.26579519e+05  4.65280607e+01  4.26579519e+05  1.79298177e+02
 4.29866235e+05  4.65291804e+01  4.29866235e+05  1.79292433e+02
 4.33178274e+05  4.65325361e+01  4.33178274e+05  1.79286659e+02
 4.36515832e+05  4.65359607e+01  4.36515832e+05  1.79280692e+02
 4.39879106e+05  4.65371541e+01  4.39879106e+05  1.79274931e+02
 4.43268292e+05  4.65395175e+01  4.43268292e+05  1.79268987e+02
 4.46683592e+05  4.65419182e+01  4.46683592e+05  1.79262989e+02
 4.50125206e+05  4.65443564e+01  4.50125206e+05  1.79256935e+02
 4.53593337e+05  4.65456068e+01  4.53593337e+05  1.79250812e+02
 4.57088190e+05  4.65493493e+01  4.57088190e+05  1.79244660e+02
 4.60609969e+05  4.65519032e+01  4.60609969e+05  1.79238438e+02
 4.64158883e+05  4.65544992e+01  4.64158883e+05  1.79232159e+02
 4.67735141e+05  4.65571353e+01  4.67735141e+05  1.79225821e+02
 4.71338954e+05  4.65598126e+01  4.71338954e+05  1.79219424e+02
 4.74970533e+05  4.65611882e+01  4.74970533e+05  1.79212950e+02
 4.78630092e+05  4.65639314e+01  4.78630092e+05  1.79206433e+02
 4.82317848e+05  4.65694900e+01  4.82317848e+05  1.79199698e+02
 4.86034018e+05  4.65695459e+01  4.86034018e+05  1.79193214e+02
 4.89778819e+05  4.65738531e+01  4.89778819e+05  1.79186530e+02
 4.93552474e+05  4.65767939e+01  4.93552474e+05  1.79179764e+02
 4.97355204e+05  4.65812569e+01  4.97355204e+05  1.79172744e+02
 5.01187234e+05  4.65813231e+01  5.01187234e+05  1.79166020e+02
 5.05048788e+05  4.65859039e+01  5.05048788e+05  1.79159080e+02
 5.08940095e+05  4.65890360e+01  5.08940095e+05  1.79152053e+02
 5.12861384e+05  4.65922169e+01  5.12861384e+05  1.79144960e+02
 5.16812886e+05  4.65954508e+01  5.16812886e+05  1.79137797e+02
 5.20794833e+05  4.65987322e+01  5.20794833e+05  1.79130566e+02
 5.24807460e+05  4.66020721e+01  5.24807460e+05  1.79123265e+02
 5.28851004e+05  4.66054574e+01  5.28851004e+05  1.79115894e+02
 5.32925703e+05  4.66089015e+01  5.32925703e+05  1.79108450e+02
 5.37031796e+05  4.66123968e+01  5.37031796e+05  1.79100934e+02
 5.41169527e+05  4.66159502e+01  5.41169527e+05  1.79093344e+02
 5.45339137e+05  4.66195585e+01  5.45339137e+05  1.79085681e+02
 5.49540874e+05  4.66232232e+01  5.49540874e+05  1.79077942e+02
 5.53774984e+05  4.66269507e+01  5.53774984e+05  1.79070126e+02
 5.58041717e+05  4.66307338e+01  5.58041717e+05  1.79062233e+02
 5.62341325e+05  4.66345784e+01  5.62341325e+05  1.79054261e+02
 5.66674061e+05  4.66403964e+01  5.66674061e+05  1.79045930e+02
 5.71040179e+05  4.66405087e+01  5.71040179e+05  1.79038045e+02
 5.75439937e+05  4.66464834e+01  5.75439937e+05  1.79029864e+02
 5.79873595e+05  4.66505735e+01  5.79873595e+05  1.79021569e+02
 5.84341413e+05  4.66588006e+01  5.84341413e+05  1.79012235e+02
 5.88843655e+05  4.66589607e+01  5.88843655e+05  1.79004725e+02
 5.93380586e+05  4.66632576e+01  5.93380586e+05  1.78996173e+02
 5.97952473e+05  4.66676175e+01  5.97952473e+05  1.78987536e+02
 6.02559586e+05  4.66720461e+01  6.02559586e+05  1.78978809e+02
 6.07202196e+05  4.66765522e+01  6.07202196e+05  1.78969991e+02
 6.11880576e+05  4.66811234e+01  6.11880576e+05  1.78961085e+02
 6.16595002e+05  4.66857740e+01  6.16595002e+05  1.78952084e+02
 6.21345752e+05  4.66927966e+01  6.21345752e+05  1.78942623e+02
 6.26133105e+05  4.66952910e+01  6.26133105e+05  1.78933803e+02
 6.30957344e+05  4.66977955e+01  6.30957344e+05  1.78924472e+02
 6.35818754e+05  4.67051208e+01  6.35818754e+05  1.78915135e+02
 6.40717619e+05  4.67101518e+01  6.40717619e+05  1.78905654e+02
 6.45654229e+05  4.67127818e+01  6.45654229e+05  1.78896022e+02
 6.50628875e+05  4.67204615e+01  6.50628875e+05  1.78886387e+02
 6.55641849e+05  4.67257396e+01  6.55641849e+05  1.78876600e+02
 6.60693448e+05  4.67285045e+01  6.60693448e+05  1.78866653e+02
 6.65783968e+05  4.67365515e+01  6.65783968e+05  1.78856707e+02
 6.70913710e+05  4.67394138e+01  6.70913710e+05  1.78846544e+02
 6.76082975e+05  4.67504406e+01  6.76082975e+05  1.78835910e+02
 6.81292069e+05  4.67506674e+01  6.81292069e+05  1.78825995e+02
 6.86541298e+05  4.67592422e+01  6.86541298e+05  1.78815612e+02
 6.91830971e+05  4.67594452e+01  6.91830971e+05  1.78804363e+02
 6.97161400e+05  4.67711476e+01  6.97161400e+05  1.78794381e+02
 7.02532899e+05  4.67801788e+01  7.02532899e+05  1.78783061e+02
 7.07945784e+05  4.67834304e+01  7.07945784e+05  1.78772677e+02
 7.13400375e+05  4.67897267e+01  7.13400375e+05  1.78761642e+02
 7.18896992e+05  4.67992011e+01  7.18896992e+05  1.78749918e+02
 7.24435960e+05  4.68026197e+01  7.24435960e+05  1.78739199e+02
 7.30017605e+05  4.68060598e+01  7.30017605e+05  1.78727712e+02
 7.35642254e+05  4.68127104e+01  7.35642254e+05  1.78716168e+02
 7.41310241e+05  4.68227594e+01  7.41310241e+05  1.78704568e+02
 7.47021899e+05  4.68263686e+01  7.47021899e+05  1.78692678e+02
 7.52777564e+05  4.68367395e+01  7.52777564e+05  1.78680812e+02
 7.58577575e+05  4.68404698e+01  7.58577575e+05  1.78668643e+02
 7.64422274e+05  4.68511728e+01  7.64422274e+05  1.78656501e+02
 7.70312006e+05  4.68585653e+01  7.70312006e+05  1.78644131e+02
 7.76247117e+05  4.68696651e+01  7.76247117e+05  1.78630906e+02
 7.82227956e+05  4.68737221e+01  7.82227956e+05  1.78618951e+02
 7.88254877e+05  4.68851864e+01  7.88254877e+05  1.78605391e+02
 7.94328235e+05  4.68893717e+01  7.94328235e+05  1.78593170e+02
 8.00448386e+05  4.69012028e+01  8.00448386e+05  1.78579267e+02
 8.06615692e+05  4.69055450e+01  8.06615692e+05  1.78566764e+02
 8.12830516e+05  4.69098893e+01  8.12830516e+05  1.78553217e+02
 8.19093224e+05  4.69182506e+01  8.19093224e+05  1.78539605e+02
 8.25404185e+05  4.69308009e+01  8.25404185e+05  1.78525936e+02
 8.31763771e+05  4.69394991e+01  8.31763771e+05  1.78511991e+02
 8.38172356e+05  4.69441571e+01  8.38172356e+05  1.78497760e+02
 8.44630319e+05  4.69530813e+01  8.44630319e+05  1.78483462e+02
 8.51138038e+05  4.69707871e+01  8.51138038e+05  1.78468167e+02
 8.57695899e+05  4.69757619e+01  8.57695899e+05  1.78454449e+02
 8.64304286e+05  4.69896415e+01  8.64304286e+05  1.78438628e+02
 8.70963590e+05  4.69902749e+01  8.70963590e+05  1.78424447e+02
 8.77674203e+05  4.69999573e+01  8.77674203e+05  1.78409221e+02
 8.84436519e+05  4.70098084e+01  8.84436519e+05  1.78393797e+02
 8.91250938e+05  4.70292864e+01  8.91250938e+05  1.78377234e+02
 8.98117861e+05  4.70299975e+01  8.98117861e+05  1.78362348e+02
 9.05037692e+05  4.70452249e+01  9.05037692e+05  1.78346456e+02
 9.12010839e+05  4.70558168e+01  9.12010839e+05  1.78330214e+02
 9.19037713e+05  4.70665846e+01  9.19037713e+05  1.78313755e+02
 9.26118728e+05  4.70826427e+01  9.26118728e+05  1.78295870e+02
 9.33254301e+05  4.70886647e+01  9.33254301e+05  1.78280177e+02
 9.40444852e+05  4.70999870e+01  9.40444852e+05  1.78263047e+02
 9.47690805e+05  4.71115024e+01  9.47690805e+05  1.78245682e+02
 9.54992586e+05  4.71177744e+01  9.54992586e+05  1.78227913e+02
 9.62350626e+05  4.71351096e+01  9.62350626e+05  1.78210241e+02
 9.69765359e+05  4.71416019e+01  9.69765359e+05  1.78191975e+02
 9.77237221e+05  4.71651867e+01  9.77237221e+05  1.78172397e+02
 9.84766652e+05  4.71720161e+01  9.84766652e+05  1.78155214e+02
 9.92354096e+05  4.71847414e+01  9.92354096e+05  1.78136355e+02
 1.00000000e+06  4.71976801e+01  1.00000000e+06  1.78117228e+02
 1.00770481e+06  4.72108436e+01  1.00770481e+06  1.78097827e+02
 1.01546899e+06  4.72180753e+01  1.01546899e+06  1.78077947e+02
 1.02329299e+06  4.72378312e+01  1.02329299e+06  1.78058184e+02
 1.03117727e+06  4.72516637e+01  1.03117727e+06  1.78037931e+02
 1.03912230e+06  4.72593207e+01  1.03912230e+06  1.78017164e+02
 1.04712855e+06  4.72800640e+01  1.04712855e+06  1.77996528e+02
 1.05519648e+06  4.72946368e+01  1.05519648e+06  1.77975363e+02
 1.06332657e+06  4.73094369e+01  1.06332657e+06  1.77953885e+02
 1.07151931e+06  4.73176659e+01  1.07151931e+06  1.77931846e+02
 1.07977516e+06  4.73467655e+01  1.07977516e+06  1.77908035e+02
 1.08809463e+06  4.73483619e+01  1.08809463e+06  1.77887234e+02
 1.09647820e+06  4.73712725e+01  1.09647820e+06  1.77864666e+02
 1.10492636e+06  4.73801330e+01  1.10492636e+06  1.77841241e+02
 1.11343961e+06  4.74111876e+01  1.11343961e+06  1.77815872e+02
 1.12201845e+06  4.74205221e+01  1.12201845e+06  1.77794072e+02
 1.13066340e+06  4.74374965e+01  1.13066340e+06  1.77769801e+02
 1.13937495e+06  4.74547646e+01  1.13937495e+06  1.77745146e+02
 1.14815362e+06  4.74723609e+01  1.14815362e+06  1.77720088e+02
 1.15699993e+06  4.74902430e+01  1.15699993e+06  1.77694634e+02
 1.16591440e+06  4.75165359e+01  1.16591440e+06  1.77666345e+02
 1.17489755e+06  4.75351679e+01  1.17489755e+06  1.77640000e+02
 1.18394992e+06  4.75458171e+01  1.18394992e+06  1.77615740e+02
 1.19307204e+06  4.75734461e+01  1.19307204e+06  1.77585986e+02
 1.20226443e+06  4.75845126e+01  1.20226443e+06  1.77560941e+02
 1.21152766e+06  4.76043876e+01  1.21152766e+06  1.77532852e+02
 1.22086225e+06  4.76245909e+01  1.22086225e+06  1.77504286e+02
 1.23026877e+06  4.76451595e+01  1.23026877e+06  1.77475231e+02
 1.23974776e+06  4.76661099e+01  1.23974776e+06  1.77445672e+02
 1.24929979e+06  4.76874248e+01  1.24929979e+06  1.77415603e+02
 1.25892541e+06  4.77091261e+01  1.25892541e+06  1.77385007e+02
 1.26862520e+06  4.77216257e+01  1.26862520e+06  1.77353497e+02
 1.27839972e+06  4.77536662e+01  1.27839972e+06  1.77322194e+02
 1.28824955e+06  4.77765699e+01  1.28824955e+06  1.77289932e+02
 1.29817528e+06  4.77998654e+01  1.29817528e+06  1.77257099e+02
 1.30817747e+06  4.78337545e+01  1.30817747e+06  1.77220242e+02
 1.31825674e+06  4.78580860e+01  1.31825674e+06  1.77186104e+02
 1.32841366e+06  4.78618375e+01  1.32841366e+06  1.77154508e+02
 1.33864884e+06  4.78867331e+01  1.33864884e+06  1.77119178e+02
 1.34896288e+06  4.79228851e+01  1.34896288e+06  1.77083621e+02
 1.35935639e+06  4.79488631e+01  1.35935639e+06  1.77046955e+02
 1.36982998e+06  4.79753166e+01  1.36982998e+06  1.77009581e+02
 1.38038426e+06  4.79909157e+01  1.38038426e+06  1.76971021e+02
 1.39101987e+06  4.80066849e+01  1.39101987e+06  1.76927109e+02
 1.40173742e+06  4.80576573e+01  1.40173742e+06  1.76893060e+02
 1.41253754e+06  4.80861046e+01  1.41253754e+06  1.76852694e+02
 1.42342088e+06  4.81271597e+01  1.42342088e+06  1.76807077e+02
 1.43438808e+06  4.81568789e+01  1.43438808e+06  1.76764976e+02
 1.44543977e+06  4.81623231e+01  1.44543977e+06  1.76726134e+02
 1.45657662e+06  4.81802141e+01  1.45657662e+06  1.76676575e+02
 1.46779927e+06  4.82494767e+01  1.46779927e+06  1.76633404e+02
 1.47910839e+06  4.82554998e+01  1.47910839e+06  1.76592160e+02
 1.49050464e+06  4.83009762e+01  1.49050464e+06  1.76546177e+02
 1.50198870e+06  4.83474554e+01  1.50198870e+06  1.76493434e+02
 1.51356125e+06  4.83541447e+01  1.51356125e+06  1.76449555e+02
 1.52522296e+06  4.84021250e+01  1.52522296e+06  1.76400556e+02
 1.53697452e+06  4.84511461e+01  1.53697452e+06  1.76344304e+02
 1.54881662e+06  4.84728651e+01  1.54881662e+06  1.76298121e+02
 1.56074996e+06  4.85092627e+01  1.56074996e+06  1.76245194e+02
 1.57277525e+06  4.85463620e+01  1.57277525e+06  1.76191092e+02
 1.58489319e+06  4.85692851e+01  1.58489319e+06  1.76135124e+02
 1.59710450e+06  4.86076229e+01  1.59710450e+06  1.76078512e+02
 1.60940989e+06  4.86775002e+01  1.60940989e+06  1.76014795e+02
 1.62181010e+06  4.87022945e+01  1.62181010e+06  1.75961997e+02
 1.63430584e+06  4.87273382e+01  1.63430584e+06  1.75900675e+02
 1.64689787e+06  4.88010670e+01  1.64689787e+06  1.75832315e+02
 1.65958691e+06  4.88439080e+01  1.65958691e+06  1.75768566e+02
 1.67237372e+06  4.88710785e+01  1.67237372e+06  1.75710528e+02
 1.68525904e+06  4.89154312e+01  1.68525904e+06  1.75643810e+02
 1.69824365e+06  4.89435492e+01  1.69824365e+06  1.75574699e+02
 1.71132830e+06  4.90068891e+01  1.71132830e+06  1.75505328e+02
 1.72451377e+06  4.90716641e+01  1.72451377e+06  1.75425436e+02
 1.73780083e+06  4.91021627e+01  1.73780083e+06  1.75359755e+02
 1.75119026e+06  4.91512892e+01  1.75119026e+06  1.75284151e+02
 1.76468286e+06  4.92014420e+01  1.76468286e+06  1.75206557e+02
 1.77827941e+06  4.92526355e+01  1.77827941e+06  1.75126944e+02
 1.79198072e+06  4.92858990e+01  1.79198072e+06  1.75044376e+02
 1.80578760e+06  4.93584130e+01  1.80578760e+06  1.74961184e+02
 1.81970086e+06  4.94325420e+01  1.81970086e+06  1.74865447e+02
 1.83372132e+06  4.94687311e+01  1.83372132e+06  1.74786240e+02
 1.84784980e+06  4.95256716e+01  1.84784980e+06  1.74695114e+02
 1.86208714e+06  4.95632693e+01  1.86208714e+06  1.74600584e+02
 1.87643417e+06  4.96433655e+01  1.87643417e+06  1.74504984e+02
 1.89089175e+06  4.97041111e+01  1.89089175e+06  1.74405798e+02
 1.90546072e+06  4.97662820e+01  1.90546072e+06  1.74303675e+02
 1.92014194e+06  4.98298168e+01  1.92014194e+06  1.74198529e+02
 1.93493628e+06  4.98948005e+01  1.93493628e+06  1.74090199e+02
 1.94984460e+06  4.99612132e+01  1.94984460e+06  1.73978606e+02
 1.96486779e+06  5.00292067e+01  1.96486779e+06  1.73863532e+02
 1.98000673e+06  5.00987138e+01  1.98000673e+06  1.73744892e+02
 1.99526231e+06  5.01462211e+01  1.99526231e+06  1.73621672e+02
 2.01063544e+06  5.02426355e+01  2.01063544e+06  1.73496126e+02
 2.02612701e+06  5.03171386e+01  2.02612701e+06  1.73365678e+02
 2.04173794e+06  5.04179750e+01  2.04173794e+06  1.73217249e+02
 2.05746916e+06  5.04964770e+01  2.05746916e+06  1.73077609e+02
 2.07332157e+06  5.05259698e+01  2.07332157e+06  1.72946867e+02
 2.08929613e+06  5.06591008e+01  2.08929613e+06  1.72783954e+02
 2.10539377e+06  5.07172657e+01  2.10539377e+06  1.72644534e+02
 2.12161544e+06  5.07765680e+01  2.12161544e+06  1.72484187e+02
 2.13796209e+06  5.09182579e+01  2.13796209e+06  1.72303686e+02
 2.15443469e+06  5.09817559e+01  2.15443469e+06  1.72148120e+02
 2.17103421e+06  5.11020706e+01  2.17103421e+06  1.71953642e+02
 2.18776162e+06  5.11693099e+01  2.18776162e+06  1.71785897e+02
 2.20461792e+06  5.12667570e+01  2.20461792e+06  1.71594372e+02
 2.22160409e+06  5.13373977e+01  2.22160409e+06  1.71394875e+02
 2.23872114e+06  5.14692956e+01  2.23872114e+06  1.71188533e+02
 2.25597007e+06  5.15444346e+01  2.25597007e+06  1.70972925e+02
 2.27335190e+06  5.16826770e+01  2.27335190e+06  1.70749409e+02
 2.29086765e+06  5.18547447e+01  2.29086765e+06  1.70456301e+02
 2.30851836e+06  5.19078736e+01  2.30851836e+06  1.70272910e+02
 2.32630507e+06  5.20250703e+01  2.32630507e+06  1.70019266e+02
 2.34422882e+06  5.21456245e+01  2.34422882e+06  1.69754412e+02
 2.36229066e+06  5.23342055e+01  2.36229066e+06  1.69411647e+02
 2.38049167e+06  5.24301044e+01  2.38049167e+06  1.69165658e+02
 2.39883292e+06  5.25280408e+01  2.39883292e+06  1.68885729e+02
 2.41731548e+06  5.26283877e+01  2.41731548e+06  1.68568887e+02
 2.43594045e+06  5.27667257e+01  2.43594045e+06  1.68236559e+02
 2.45470892e+06  5.29448716e+01  2.45470892e+06  1.67887378e+02
 2.47362199e+06  5.30560585e+01  2.47362199e+06  1.67521560e+02
 2.49268079e+06  5.32804737e+01  2.49268079e+06  1.67108633e+02
 2.51188643e+06  5.34005968e+01  2.51188643e+06  1.66730026e+02
 2.53124005e+06  5.35619937e+01  2.53124005e+06  1.66302602e+02
 2.55074278e+06  5.36901385e+01  2.55074278e+06  1.65852956e+02
 2.57039578e+06  5.39388148e+01  2.57039578e+06  1.65345284e+02
 2.59020020e+06  5.41168235e+01  2.59020020e+06  1.64840549e+02
 2.61015722e+06  5.42207502e+01  2.61015722e+06  1.64340046e+02
 2.63026799e+06  5.45291408e+01  2.63026799e+06  1.63677554e+02
 2.65053372e+06  5.46454635e+01  2.65053372e+06  1.63171521e+02
 2.67095559e+06  5.48888253e+01  2.67095559e+06  1.62497743e+02
 2.69153480e+06  5.50982994e+01  2.69153480e+06  1.61815960e+02
 2.71227258e+06  5.52723325e+01  2.71227258e+06  1.61125494e+02
 2.73317014e+06  5.55389073e+01  2.73317014e+06  1.60311334e+02
 2.75422870e+06  5.57706285e+01  2.75422870e+06  1.59479227e+02
 2.77544952e+06  5.59209540e+01  2.77544952e+06  1.58631920e+02
 2.79683385e+06  5.62582434e+01  2.79683385e+06  1.57627947e+02
 2.81838293e+06  5.64229222e+01  2.81838293e+06  1.56644258e+02
 2.84009805e+06  5.66867750e+01  2.84009805e+06  1.55532668e+02
 2.86198048e+06  5.70072676e+01  2.86198048e+06  1.54324083e+02
 2.88403150e+06  5.72896040e+01  2.88403150e+06  1.53022028e+02
 2.90625243e+06  5.75809603e+01  2.90625243e+06  1.51608747e+02
 2.92864456e+06  5.78810467e+01  2.92864456e+06  1.50071780e+02
 2.95120923e+06  5.81397371e+01  2.95120923e+06  1.48406191e+02
 2.97394775e+06  5.85061725e+01  2.97394775e+06  1.46568108e+02
 2.99686146e+06  5.88296303e+01  2.99686146e+06  1.44568123e+02
 3.01995172e+06  5.91584884e+01  3.01995172e+06  1.42378033e+02
 3.04321989e+06  5.94910989e+01  3.04321989e+06  1.39976813e+02
 3.06666733e+06  5.98247006e+01  3.06666733e+06  1.37342952e+02
 3.09029543e+06  6.02077153e+01  3.09029543e+06  1.34395521e+02
 3.11410558e+06  6.05322620e+01  3.11410558e+06  1.31230374e+02
 3.13809919e+06  6.07914786e+01  3.13809919e+06  1.27830925e+02
 3.16227766e+06  6.11363287e+01  3.16227766e+06  1.24005072e+02
 3.18664242e+06  6.13473854e+01  3.18664242e+06  1.19985164e+02
 3.21119491e+06  6.15746321e+01  3.21119491e+06  1.15600197e+02
 3.23593657e+06  6.18093761e+01  3.23593657e+06  1.10877063e+02
 3.26086886e+06  6.18798687e+01  3.26086886e+06  1.06020144e+02
 3.28599325e+06  6.18840844e+01  3.28599325e+06  1.00919896e+02
 3.31131121e+06  6.19303006e+01  3.31131121e+06  9.57184783e+01
 3.33682425e+06  6.18474668e+01  3.33682425e+06  9.04880896e+01
 3.36253386e+06  6.16924202e+01  3.36253386e+06  8.53204578e+01
 3.38844156e+06  6.15284238e+01  3.38844156e+06  8.02649488e+01
 3.41454887e+06  6.11854057e+01  3.41454887e+06  7.54859388e+01
 3.44085734e+06  6.08493990e+01  3.44085734e+06  7.09382312e+01
 3.46736850e+06  6.04711213e+01  3.46736850e+06  6.66861404e+01
 3.49408393e+06  6.00598656e+01  3.49408393e+06  6.27450150e+01
 3.52100520e+06  5.96245714e+01  3.52100520e+06  5.91161795e+01
 3.54813389e+06  5.91727321e+01  3.54813389e+06  5.57905857e+01
 3.57547160e+06  5.86412301e+01  3.57547160e+06  5.27019981e+01
 3.60301995e+06  5.82442878e+01  3.60301995e+06  4.99813377e+01
 3.63078055e+06  5.77038987e+01  3.63078055e+06  4.74029362e+01
 3.65875504e+06  5.72370589e+01  3.65875504e+06  4.51002670e+01
 3.68694506e+06  5.68506217e+01  3.68694506e+06  4.30555640e+01
 3.71535229e+06  5.63959286e+01  3.71535229e+06  4.11387500e+01
 3.74397839e+06  5.58698527e+01  3.74397839e+06  3.93289634e+01
 3.77282505e+06  5.54293909e+01  3.77282505e+06  3.77227214e+01
 3.80189396e+06  5.50793301e+01  3.80189396e+06  3.63065928e+01
 3.83118685e+06  5.46576246e+01  3.83118685e+06  3.49517520e+01
 3.86070543e+06  5.43294888e+01  3.86070543e+06  3.36687359e+01
 3.89045145e+06  5.39272463e+01  3.89045145e+06  3.25146358e+01
 3.92042666e+06  5.35338999e+01  3.92042666e+06  3.14467330e+01
 3.95063281e+06  5.30604207e+01  3.95063281e+06  3.04972193e+01
 3.98107171e+06  5.26824621e+01  3.98107171e+06  2.95802992e+01
 4.01174512e+06  5.23127873e+01  4.01174512e+06  2.87275149e+01
 4.04265487e+06  5.20444027e+01  4.04265487e+06  2.78868536e+01
 4.07380278e+06  5.15968563e+01  4.07380278e+06  2.71915052e+01
 4.10519067e+06  5.13462069e+01  4.10519067e+06  2.64483062e+01
 4.13682040e+06  5.09099684e+01  4.13682040e+06  2.58499303e+01
 4.16869383e+06  5.04756705e+01  4.16869383e+06  2.51771017e+01
 4.20081285e+06  5.03509245e+01  4.20081285e+06  2.46145873e+01
 4.23317933e+06  4.99288786e+01  4.23317933e+06  2.41349196e+01
 4.26579519e+06  4.97187330e+01  4.26579519e+06  2.35691503e+01
 4.29866235e+06  4.93050481e+01  4.29866235e+06  2.31547208e+01
 4.33178274e+06  4.91095301e+01  4.33178274e+06  2.26403285e+01
 4.36515832e+06  4.85919475e+01  4.36515832e+06  2.22127277e+01
 4.39879106e+06  4.84096325e+01  4.39879106e+06  2.18823858e+01
 4.43268292e+06  4.82338671e+01  4.43268292e+06  2.14313489e+01
 4.46683592e+06  4.78368048e+01  4.46683592e+06  2.11453279e+01
 4.50125206e+06  4.76736339e+01  4.50125206e+06  2.07284007e+01
 4.53593337e+06  4.71613532e+01  4.53593337e+06  2.04085939e+01
 4.57088190e+06  4.70103661e+01  4.57088190e+06  2.01780741e+01
 4.60609969e+06  4.66187742e+01  4.60609969e+06  1.98105490e+01
 4.64158883e+06  4.67180246e+01  4.64158883e+06  1.92877688e+01
 4.67735141e+06  4.60909621e+01  4.67735141e+06  1.92701718e+01
 4.71338954e+06  4.59621881e+01  4.71338954e+06  1.91006212e+01
 4.74970533e+06  4.58386676e+01  4.74970533e+06  1.87674948e+01
 4.78630092e+06  4.55903602e+01  4.78630092e+06  1.85392047e+01
 4.82317848e+06  4.52114968e+01  4.82317848e+06  1.84219575e+01
 4.86034018e+06  4.49673341e+01  4.86034018e+06  1.82169886e+01
 4.89778819e+06  4.45856588e+01  4.89778819e+06  1.79331168e+01
 4.93552474e+06  4.44878209e+01  4.93552474e+06  1.78352057e+01
 4.97355204e+06  4.42519507e+01  4.97355204e+06  1.76574862e+01
 5.01187234e+06  4.40185824e+01  5.01187234e+06  1.74878649e+01
 5.05048788e+06  4.37878491e+01  5.05048788e+06  1.73262942e+01
 5.08940095e+06  4.35598224e+01  5.08940095e+06  1.71717569e+01
 5.12861384e+06  4.33331649e+01  5.12861384e+06  1.70248735e+01
 5.16812886e+06  4.32628075e+01  5.16812886e+06  1.67554783e+01
 5.20794833e+06  4.28878494e+01  5.20794833e+06  1.67502669e+01
 5.24807460e+06  4.25067123e+01  5.24807460e+06  1.65183896e+01
 5.28851004e+06  4.24507648e+01  5.28851004e+06  1.65004989e+01
 5.32925703e+06  4.20684172e+01  5.32925703e+06  1.62759789e+01
 5.37031796e+06  4.20214973e+01  5.37031796e+06  1.62730013e+01
 5.41169527e+06  4.21289703e+01  5.41169527e+06  1.56394161e+01
 5.45339137e+06  4.15994137e+01  5.45339137e+06  1.60668444e+01
 5.49540874e+06  4.12138525e+01  5.49540874e+06  1.58535826e+01
 5.53774984e+06  4.10041405e+01  5.53774984e+06  1.57593886e+01
 5.58041717e+06  4.09793572e+01  5.58041717e+06  1.57920178e+01
 5.62341325e+06  4.07758391e+01  5.62341325e+06  1.57090000e+01
 5.66674061e+06  4.05741153e+01  5.66674061e+06  1.56300720e+01
 5.71040179e+06  4.01818933e+01  5.71040179e+06  1.54264149e+01
 5.75439937e+06  4.01740930e+01  5.75439937e+06  1.54842419e+01
 5.79873595e+06  3.99765477e+01  5.79873595e+06  1.54172006e+01
 5.84341413e+06  3.99756007e+01  5.84341413e+06  1.51605674e+01
 5.88843655e+06  3.93811330e+01  5.88843655e+06  1.51525144e+01
 5.93380586e+06  3.93916458e+01  5.93380586e+06  1.52356203e+01
 5.97952473e+06  3.91988834e+01  5.97952473e+06  1.51821171e+01
 6.02559586e+06  3.87941525e+01  6.02559586e+06  1.49816979e+01
 6.07202196e+06  3.88173715e+01  6.07202196e+06  1.50837438e+01
 6.11880576e+06  3.88417477e+01  6.11880576e+06  1.48168192e+01
 6.16595002e+06  3.86569694e+01  6.16595002e+06  1.47700478e+01
 6.21345752e+06  3.82539292e+01  6.21345752e+06  1.49574073e+01
 6.26133105e+06  3.80676336e+01  6.26133105e+06  1.49218733e+01
 6.30957344e+06  3.78830825e+01  6.30957344e+06  1.48875351e+01
 6.35818754e+06  3.76992940e+01  6.35818754e+06  1.48561474e+01
 6.40717619e+06  3.72748573e+01  6.40717619e+06  1.46486768e+01
 6.45654229e+06  3.75715372e+01  6.45654229e+06  1.45395736e+01
 6.50628875e+06  3.71536632e+01  6.50628875e+06  1.47771018e+01
 6.55641849e+06  3.69733642e+01  6.55641849e+06  1.47551704e+01
 6.60693448e+06  3.67941872e+01  6.60693448e+06  1.47363137e+01
 6.65783968e+06  3.63546186e+01  6.65783968e+06  1.45192147e+01
 6.70913710e+06  3.66934594e+01  6.70913710e+06  1.44098872e+01
 6.76082975e+06  3.62613892e+01  6.76082975e+06  1.46906576e+01
 6.81292069e+06  3.60859501e+01  6.81292069e+06  1.46784436e+01
 6.86541298e+06  3.61774174e+01  6.86541298e+06  1.43552704e+01
 6.91830971e+06  3.57360367e+01  6.91830971e+06  1.46628119e+01
 6.97161400e+06  3.52758056e+01  6.97161400e+06  1.44292775e+01
 7.02532899e+06  3.56678392e+01  7.02532899e+06  1.43182748e+01
 7.07945784e+06  3.54998365e+01  7.07945784e+06  1.43094393e+01
 7.13400375e+06  3.47449988e+01  7.13400375e+06  1.44089172e+01
 7.18896992e+06  3.45690312e+01  7.18896992e+06  1.44053583e+01
 7.24435960e+06  3.47036177e+01  7.24435960e+06  1.46603077e+01
 7.30017605e+06  3.45337668e+01  7.30017605e+06  1.46654965e+01
 7.35642254e+06  3.43645741e+01  7.35642254e+06  1.46732281e+01
 7.41310241e+06  3.41957217e+01  7.41310241e+06  1.46827856e+01
 7.47021899e+06  3.40272679e+01  7.47021899e+06  1.46946796e+01
 7.52777564e+06  3.38601018e+01  7.52777564e+06  1.47059538e+01
 7.58577575e+06  3.36931457e+01  7.58577575e+06  1.47204987e+01
 7.64422274e+06  3.35270956e+01  7.64422274e+06  1.47354026e+01
 7.70312006e+06  3.33609199e+01  7.70312006e+06  1.47532842e+01
 7.76247117e+06  3.35336769e+01  7.76247117e+06  1.43216541e+01
 7.82227956e+06  3.26684049e+01  7.82227956e+06  1.44694396e+01
 7.88254877e+06  3.28659628e+01  7.88254877e+06  1.48145124e+01
 7.94328235e+06  3.30557282e+01  7.94328235e+06  1.43558735e+01
 8.00448386e+06  3.25386364e+01  8.00448386e+06  1.48622410e+01
 8.06615692e+06  3.23750748e+01  8.06615692e+06  1.48893240e+01
 8.12830516e+06  3.22126218e+01  8.12830516e+06  1.49170250e+01
 8.19093224e+06  3.16539695e+01  8.19093224e+06  1.45744087e+01
 8.25404185e+06  3.18881576e+01  8.25404185e+06  1.49781215e+01
 8.31763771e+06  3.17266813e+01  8.31763771e+06  1.50095138e+01
 8.38172356e+06  3.15659805e+01  8.38172356e+06  1.50433345e+01
 8.44630319e+06  3.14054795e+01  8.44630319e+06  1.50784095e+01
 8.51138038e+06  3.12446922e+01  8.51138038e+06  1.51163324e+01
 8.57695899e+06  3.10848531e+01  8.57695899e+06  1.51527067e+01
 8.64304286e+06  3.09258759e+01  8.64304286e+06  1.51916496e+01
 8.70963590e+06  3.07655583e+01  8.70963590e+06  1.52340819e+01
 8.77674203e+06  3.06066198e+01  8.77674203e+06  1.52762965e+01
 8.84436519e+06  3.04487725e+01  8.84436519e+06  1.53163238e+01
 8.91250938e+06  2.98185802e+01  8.91250938e+06  1.48771856e+01
 8.98117861e+06  3.05793953e+01  8.98117861e+06  1.47242953e+01
 9.05037692e+06  3.04284440e+01  9.05037692e+06  1.47568048e+01
 9.12010839e+06  2.98168807e+01  9.12010839e+06  1.55054456e+01
 9.19037713e+06  2.91580653e+01  9.19037713e+06  1.50208902e+01
 9.26118728e+06  2.95023438e+01  9.26118728e+06  1.56057524e+01
 9.33254301e+06  2.98275228e+01  9.33254301e+06  1.48954814e+01
 9.40444852e+06  2.82254448e+01  9.40444852e+06  1.32708688e+01
 9.47690805e+06  2.84987520e+01  9.47690805e+06  1.51813087e+01
 9.54992586e+06  2.83355452e+01  9.54992586e+06  1.52236083e+01
 9.62350626e+06  2.81699404e+01  9.62350626e+06  1.52649689e+01
 9.69765359e+06  2.80054807e+01  9.69765359e+06  1.53114947e+01
 9.77237221e+06  2.84109658e+01  9.77237221e+06  1.60052969e+01
 9.84766652e+06  2.82557403e+01  9.84766652e+06  1.60683801e+01
 9.92354096e+06  2.81008178e+01  9.92354096e+06  1.61326016e+01
 1.00000000e+07  2.84965018e+01  1.00000000e+07  1.52670601e+01
 1.00770481e+07  2.83492027e+01  1.00770481e+07  1.53146423e+01
 1.01546899e+07  2.76373051e+01  1.01546899e+07  1.63285406e+01
 1.02329299e+07  2.74830958e+01  1.02329299e+07  1.64003490e+01
 1.03117727e+07  2.66936858e+01  1.03117727e+07  1.56982176e+01
 1.03912230e+07  2.71754791e+01  1.03912230e+07  1.65432917e+01
 1.04712855e+07  2.63657026e+01  1.04712855e+07  1.58069525e+01
 1.05519648e+07  2.74776210e+01  1.05519648e+07  1.56115826e+01
 1.06332657e+07  2.73333338e+01  1.06332657e+07  1.56616071e+01
 1.07151931e+07  2.58736515e+01  1.07151931e+07  1.59741117e+01
 1.07977516e+07  2.64100079e+01  1.07977516e+07  1.69209200e+01
 1.08809463e+07  2.62565670e+01  1.08809463e+07  1.70003190e+01
 1.09647820e+07  2.72046126e+01  1.09647820e+07  1.34798307e+01
 1.10492636e+07  2.52170782e+01  1.10492636e+07  1.62079315e+01
 1.11343961e+07  2.50527183e+01  1.11343961e+07  1.62676331e+01
 1.12201845e+07  2.48871658e+01  1.12201845e+07  1.63291672e+01
 1.13066340e+07  2.47238141e+01  1.13066340e+07  1.63896883e+01
 1.13937495e+07  2.45584190e+01  1.13937495e+07  1.64523049e+01
 1.14815362e+07  2.51881379e+01  1.14815362e+07  1.76045145e+01
 1.15699993e+07  2.50372141e+01  1.15699993e+07  1.76961196e+01
 1.16591440e+07  2.48848719e+01  1.16591440e+07  1.77895950e+01
 1.17489755e+07  2.54795175e+01  1.17489755e+07  1.64250706e+01
 1.18394992e+07  2.53385864e+01  1.18394992e+07  1.64893069e+01
 1.19307204e+07  2.51974284e+01  1.19307204e+07  1.65565914e+01
 1.20226443e+07  2.42773500e+01  1.20226443e+07  1.81759543e+01
 1.21152766e+07  2.41260679e+01  1.21152766e+07  1.82754026e+01
 1.22086225e+07  2.47773443e+01  1.22086225e+07  1.67533811e+01
 1.23026877e+07  2.29025752e+01  1.23026877e+07  1.71279662e+01
 1.23974776e+07  2.27334489e+01  1.23974776e+07  1.72028390e+01
 1.24929979e+07  2.25680309e+01  1.24929979e+07  1.72735159e+01
 1.25892541e+07  2.33666461e+01  1.25892541e+07  1.88103563e+01
 1.26862520e+07  2.40785127e+01  1.26862520e+07  1.71121600e+01
 1.27839972e+07  2.30628027e+01  1.27839972e+07  1.90338526e+01
 1.28824955e+07  2.18971187e+01  1.28824955e+07  1.75714073e+01
 1.29817528e+07  2.27601518e+01  1.29817528e+07  1.92644830e+01
 1.30817747e+07  2.26093787e+01  1.30817747e+07  1.93825045e+01
 1.31825674e+07  2.33861344e+01  1.31825674e+07  1.74845532e+01
 1.32841366e+07  2.23062550e+01  1.32841366e+07  1.96228559e+01
 1.33864884e+07  2.31105662e+01  1.33864884e+07  1.76389549e+01
 1.34896288e+07  2.08811749e+01  1.34896288e+07  1.80415970e+01
 1.35935639e+07  2.28348639e+01  1.35935639e+07  1.77995449e+01
 1.36982998e+07  2.05392107e+01  1.36982998e+07  1.82055233e+01
 1.38038426e+07  2.15462753e+01  1.38038426e+07  2.02582307e+01
 1.39101987e+07  2.01955243e+01  1.39101987e+07  1.83706899e+01
 1.40173742e+07  2.00247746e+01  1.40173742e+07  1.84482645e+01
 1.41253754e+07  2.10913580e+01  1.41253754e+07  2.06596522e+01
 1.42342088e+07  2.09389969e+01  1.42342088e+07  2.08015141e+01
 1.43438808e+07  2.18779129e+01  1.43438808e+07  1.83747121e+01
 1.44543977e+07  1.93332437e+01  1.44543977e+07  1.87910383e+01
 1.45657662e+07  2.16047159e+01  1.45657662e+07  1.85576301e+01
 1.46779927e+07  2.03320819e+01  1.46779927e+07  2.13776246e+01
 1.47910839e+07  2.01792384e+01  1.47910839e+07  2.15249556e+01
 1.49050464e+07  2.00259054e+01  1.49050464e+07  2.16758649e+01
 1.50198870e+07  1.98745055e+01  1.50198870e+07  2.18300999e+01
 1.51356125e+07  2.09262893e+01  1.51356125e+07  1.90088705e+01
 1.52522296e+07  1.81014385e+01  1.52522296e+07  1.94084122e+01
 1.53697452e+07  1.94172197e+01  1.53697452e+07  2.23020493e+01
 1.54881662e+07  1.92630814e+01  1.54881662e+07  2.24653314e+01
 1.56074996e+07  2.03877941e+01  1.56074996e+07  1.93736544e+01
 1.57277525e+07  2.02524349e+01  1.57277525e+07  1.94759024e+01
 1.58489319e+07  2.01169809e+01  1.58489319e+07  1.95731680e+01
 1.59710450e+07  1.70226317e+01  1.59710450e+07  1.99576393e+01
 1.60940989e+07  1.68371754e+01  1.60940989e+07  2.00545649e+01
 1.62181010e+07  1.83454175e+01  1.62181010e+07  2.34870527e+01
 1.63430584e+07  1.81916365e+01  1.63430584e+07  2.36659007e+01
 1.64689787e+07  1.94478233e+01  1.64689787e+07  2.00659883e+01
 1.65958691e+07  1.78803362e+01  1.65958691e+07  2.40525856e+01
 1.67237372e+07  1.77254179e+01  1.67237372e+07  2.42396581e+01
 1.68525904e+07  1.90454150e+01  1.68525904e+07  2.03876326e+01
 1.69824365e+07  1.74157757e+01  1.69824365e+07  2.46267971e+01
 1.71132830e+07  1.53542081e+01  1.71132830e+07  2.08068046e+01
 1.72451377e+07  1.71077762e+01  1.72451377e+07  2.50197280e+01
 1.73780083e+07  1.69547025e+01  1.73780083e+07  2.52171581e+01
 1.75119026e+07  1.67988686e+01  1.75119026e+07  2.54298938e+01
 1.76468286e+07  1.45893697e+01  1.76468286e+07  2.12004050e+01
 1.77827941e+07  1.64896175e+01  1.77827941e+07  2.58502827e+01
 1.79198072e+07  1.42033397e+01  1.79198072e+07  2.13956031e+01
 1.80578760e+07  1.61757431e+01  1.80578760e+07  2.62852590e+01
 1.81970086e+07  1.77197807e+01  1.81970086e+07  2.14500031e+01
 1.83372132e+07  1.58605221e+01  1.83372132e+07  2.67472154e+01
 1.84784980e+07  1.57080748e+01  1.84784980e+07  2.69670632e+01
 1.86208714e+07  1.55489259e+01  1.86208714e+07  2.71918135e+01
 1.87643417e+07  1.71902166e+01  1.87643417e+07  2.19237076e+01
 1.89089175e+07  1.52362534e+01  1.89089175e+07  2.76750342e+01
 1.90546072e+07  1.69252925e+01  1.90546072e+07  2.21502648e+01
 1.92014194e+07  1.24026259e+01  1.92014194e+07  2.22753309e+01
 1.93493628e+07  1.47612276e+01  1.93493628e+07  2.84258955e+01
 1.94984460e+07  1.19879507e+01  1.94984460e+07  2.24710165e+01
 1.96486779e+07  1.17799377e+01  1.96486779e+07  2.25515753e+01
 1.98000673e+07  1.15708390e+01  1.98000673e+07  2.26454464e+01
 1.99526231e+07  1.61362553e+01  1.99526231e+07  2.28825077e+01
 2.01063544e+07  1.11405449e+01  2.01063544e+07  2.28416306e+01
 2.02612701e+07  1.09265338e+01  2.02612701e+07  2.29480494e+01
 2.04173794e+07  1.36481127e+01  2.04173794e+07  3.03190197e+01
 2.05746916e+07  1.04860618e+01  2.05746916e+07  2.31349178e+01
 2.07332157e+07  1.33254358e+01  2.07332157e+07  3.08951426e+01
 2.08929613e+07  1.31671146e+01  2.08929613e+07  3.11918509e+01
 2.10539377e+07  9.82113600e+00  2.10539377e+07  2.33849782e+01
 2.12161544e+07  1.28478329e+01  2.12161544e+07  3.17851502e+01
 2.13796209e+07  9.36364668e+00  2.13796209e+07  2.35567301e+01
 2.15443469e+07  1.48298338e+01  2.15443469e+07  2.41672870e+01
 2.17103421e+07  1.47020870e+01  2.17103421e+07  2.42966558e+01
 2.18776162e+07  1.22025278e+01  2.18776162e+07  3.30845645e+01
 2.20461792e+07  8.43310297e+00  2.20461792e+07  2.39068290e+01
 2.22160409e+07  1.18729926e+01  2.22160409e+07  3.37808850e+01
 2.23872114e+07  1.41821453e+01  2.23872114e+07  2.48419503e+01
 2.25597007e+07  7.70004092e+00  2.25597007e+07  2.41381879e+01
 2.27335190e+07  1.39240406e+01  2.27335190e+07  2.51138610e+01
 2.29086765e+07  1.12156596e+01  2.29086765e+07  3.52102449e+01
 2.30851836e+07  1.36639985e+01  2.30851836e+07  2.53926626e+01
 2.32630507e+07  6.70012986e+00  2.32630507e+07  2.44111291e+01
 2.34422882e+07  6.43175409e+00  2.34422882e+07  2.44787336e+01
 2.36229066e+07  1.05562638e+01  2.36229066e+07  3.67564787e+01
 2.38049167e+07  5.90912756e+00  2.38049167e+07  2.45821087e+01
 2.39883292e+07  1.02283926e+01  2.39883292e+07  3.75623813e+01
 2.41731548e+07  1.28873168e+01  2.41731548e+07  2.62766006e+01
 2.43594045e+07  9.89550782e+00  2.43594045e+07  3.84422164e+01
 2.45470892e+07  9.72904828e+00  2.45470892e+07  3.88473257e+01
 2.47362199e+07  9.56023778e+00  2.47362199e+07  3.92809853e+01
 2.49268079e+07  9.39397892e+00  2.49268079e+07  3.97280954e+01
 2.51188643e+07  3.93453692e+00  2.51188643e+07  2.48299114e+01
 2.53124005e+07  3.63461564e+00  2.53124005e+07  2.48564608e+01
 2.55074278e+07  3.31722184e+00  2.55074278e+07  2.48818046e+01
 2.57039578e+07  8.72602721e+00  2.57039578e+07  4.16178469e+01
 2.59020020e+07  2.70844406e+00  2.59020020e+07  2.48473104e+01
 2.61015722e+07  2.37367968e+00  2.61015722e+07  2.48281225e+01
 2.63026799e+07  1.14734209e+01  2.63026799e+07  2.79712189e+01
 2.65053372e+07  3.28250627e+00  2.65053372e+07  -1.49682754e+01
 2.67095559e+07  7.88370827e+00  2.67095559e+07  4.42360196e+01
 2.69153480e+07  7.71476862e+00  2.69153480e+07  4.47666434e+01
 2.71227258e+07  7.54831837e+00  2.71227258e+07  4.53207172e+01
 2.73317014e+07  1.08293377e+01  2.73317014e+07  2.88009776e+01
 2.75422870e+07  7.20893978e+00  2.75422870e+07  4.64400887e+01
 2.77544952e+07  -4.51184515e-01  2.77544952e+07  2.41768224e+01
 2.79683385e+07  6.86452006e+00  2.79683385e+07  4.76656776e+01
 2.81838293e+07  -1.22195278e+00  2.81838293e+07  2.38042277e+01
 2.84009805e+07  -1.62485150e+00  2.84009805e+07  2.35649190e+01
 2.86198048e+07  6.36237909e+00  2.86198048e+07  4.95245216e+01
 2.88403150e+07  -2.49066140e+00  2.88403150e+07  2.30625264e+01
 2.90625243e+07  9.81073354e+00  2.90625243e+07  3.01796230e+01
 2.92864456e+07  5.85399233e+00  2.92864456e+07  5.15846487e+01
 2.95120923e+07  5.68864419e+00  2.95120923e+07  5.22989099e+01
 2.97394775e+07  5.51922974e+00  2.97394775e+07  5.30265650e+01
 2.99686146e+07  5.35951419e+00  2.99686146e+07  5.37095589e+01
 3.01995172e+07  9.16820989e+00  3.01995172e+07  3.11128472e+01
 3.04321989e+07  5.02271210e+00  3.04321989e+07  5.52270168e+01
 3.06666733e+07  -6.62095905e+00  3.06666733e+07  1.87929267e+01
 3.09029543e+07  -7.20481107e+00  3.09029543e+07  1.78323730e+01
 3.11410558e+07  4.52277512e+00  3.11410558e+07  5.76283584e+01
 3.13809919e+07  8.53048299e+00  3.13809919e+07  3.20440262e+01
 3.16227766e+07  -9.25850487e+00  3.16227766e+07  1.39491244e+01
 3.18664242e+07  4.04334210e+00  3.18664242e+07  6.01405851e+01
 3.21119491e+07  8.71874659e+00  3.21119491e+07  1.53491775e+01
 3.23593657e+07  3.70329766e+00  3.23593657e+07  6.18830450e+01
 3.26086886e+07  3.56525525e+00  3.26086886e+07  6.27300615e+01
 3.28599325e+07  3.39358733e+00  3.28599325e+07  6.37719441e+01
 3.31131121e+07  3.24133973e+00  3.31131121e+07  6.46130432e+01
 3.33682425e+07  3.09702388e+00  3.33682425e+07  6.56512261e+01
 3.36253386e+07  2.93356494e+00  3.36253386e+07  6.67595664e+01
 3.38844156e+07  -1.69823401e+01  3.38844156e+07  -2.36383260e+01
 3.41454887e+07  -1.76703380e+01  3.41454887e+07  -3.31175186e+01
 3.44085734e+07  -1.81524542e+01  3.44085734e+07  -4.43542543e+01
 3.46736850e+07  2.35225585e+00  3.46736850e+07  7.07578987e+01
 3.49408393e+07  6.75308787e+00  3.49408393e+07  3.49403368e+01
 3.52100520e+07  -1.75213617e+01  3.52100520e+07  -7.53680732e+01
 3.54813389e+07  1.92526476e+00  3.54813389e+07  7.39855942e+01
 3.57547160e+07  1.78190013e+00  3.57547160e+07  7.51052960e+01
 3.60301995e+07  1.66213680e+00  3.60301995e+07  7.63568398e+01
 3.63078055e+07  1.51926050e+00  3.63078055e+07  7.73204936e+01
 3.65875504e+07  5.99256940e+00  3.65875504e+07  3.62386788e+01
 3.68694506e+07  1.28144830e+00  3.68694506e+07  7.98793064e+01
 3.71535229e+07  1.16640576e+00  3.71535229e+07  8.10771352e+01
 3.74397839e+07  -1.19248252e+01  3.74397839e+07  2.48015597e+02
 3.77282505e+07  9.21845238e-01  3.77282505e+07  8.33679284e+01
 3.80189396e+07  8.23795849e-01  3.80189396e+07  8.46632566e+01
 3.83118685e+07  7.03751802e-01  3.83118685e+07  8.58890726e+01
 3.86070543e+07  5.94895459e-01  3.86070543e+07  8.71428458e+01
 3.89045145e+07  4.98019789e+00  3.89045145e+07  3.82239078e+01
 3.92042666e+07  3.95580657e-01  3.92042666e+07  8.96652328e+01
 3.95063281e+07  3.22847793e-01  3.95063281e+07  9.09974690e+01
 3.98107171e+07  4.60097060e+00  3.98107171e+07  3.89597534e+01
 4.01174512e+07  1.72994986e-01  4.01174512e+07  9.35985039e+01
 4.04265487e+07  6.75382671e-02  4.04265487e+07  9.49051818e+01
 4.07380278e+07  4.22666161e+00  4.07380278e+07  3.97815959e+01
 4.10519067e+07  -6.75757036e-02  4.10519067e+07  9.74930806e+01
 4.13682040e+07  3.97075434e+00  4.13682040e+07  4.02872973e+01
 4.16869383e+07  3.84540801e+00  4.16869383e+07  4.05143748e+01
 4.20081285e+07  -2.44231630e-01  4.20081285e+07  1.01478905e+02
 4.23317933e+07  -3.13056078e-01  4.23317933e+07  1.02674796e+02
 4.26579519e+07  3.47280470e+00  4.26579519e+07  4.13733105e+01
 4.29866235e+07  -4.02445207e-01  4.29866235e+07  1.05312212e+02
 4.33178274e+07  -4.43922819e-01  4.33178274e+07  1.06608444e+02
 4.36515832e+07  -5.28359643e+00  4.36515832e+07  2.36159926e+02
 4.39879106e+07  -5.10372993e+00  4.39879106e+07  2.36096164e+02
 4.43268292e+07  -5.48304708e-01  4.43268292e+07  1.10414201e+02
 4.46683592e+07  -5.63737256e-01  4.46683592e+07  1.11738399e+02
 4.50125206e+07  -4.58783518e+00  4.50125206e+07  2.35951642e+02
 4.53593337e+07  -6.28567392e-01  4.53593337e+07  1.14194460e+02
 4.57088190e+07  2.35363772e+00  4.57088190e+07  4.41516251e+01
 4.60609969e+07  -6.08246939e-01  4.60609969e+07  1.16762821e+02
 4.64158883e+07  -6.26376686e-01  4.64158883e+07  1.17926651e+02
 4.67735141e+07  1.98616255e+00  4.67735141e+07  4.51084553e+01
 4.71338954e+07  -3.79933272e+00  4.71338954e+07  -1.23803135e+02
 4.74970533e+07  -3.70208351e+00  4.74970533e+07  -1.23791628e+02
 4.78630092e+07  1.61836050e+00  4.78630092e+07  4.60591816e+01
 4.82317848e+07  -3.45176178e+00  4.82317848e+07  -1.23671823e+02
 4.86034018e+07  -5.88436048e-01  4.86034018e+07  -2.35147112e+02
 4.89778819e+07  -5.87926699e-01  4.89778819e+07  -2.34074340e+02
 4.93552474e+07  -5.89421558e-01  4.93552474e+07  -2.33043174e+02
 4.97355204e+07  -5.45834430e-01  4.97355204e+07  -2.31876196e+02
 5.01187234e+07  -3.01331984e+00  5.01187234e+07  -1.23159565e+02
 5.05048788e+07  7.49098971e-01  5.05048788e+07  4.84428578e+01
 5.08940095e+07  -2.85747128e+00  5.08940095e+07  -1.22912927e+02
 5.12861384e+07  -4.53836562e-01  5.12861384e+07  -2.27842769e+02
 5.16812886e+07  -4.21994652e-01  5.16812886e+07  -2.26822263e+02
 5.20794833e+07  -2.60925320e+00  5.20794833e+07  -1.22548542e+02
 5.24807460e+07  -3.81394043e-01  5.24807460e+07  -2.24956296e+02
 5.28851004e+07  -3.21732441e-01  5.28851004e+07  -2.23976476e+02
 5.32925703e+07  -3.06482410e-01  5.32925703e+07  -2.23108589e+02
 5.37031796e+07  -2.77312828e-01  5.37031796e+07  -2.22226570e+02
 5.41169527e+07  -2.31919184e-01  5.41169527e+07  -2.21319953e+02
 5.45339137e+07  -4.42428414e-01  5.45339137e+07  -3.07714985e+02
 5.49540874e+07  -5.72332159e-01  5.49540874e+07  -3.07307404e+02
 5.53774984e+07  -6.78056660e-01  5.53774984e+07  -3.06870052e+02
 5.58041717e+07  -9.62741697e-02  5.58041717e+07  -2.17973031e+02
 5.62341325e+07  -9.10028590e-01  5.62341325e+07  -3.06062061e+02
 5.66674061e+07  -1.26065509e-02  5.66674061e+07  -2.16386712e+02
 5.71040179e+07  3.52874223e-03  5.71040179e+07  -2.15612585e+02
 5.75439937e+07  3.64915789e-02  5.75439937e+07  -2.14868823e+02
 5.79873595e+07  -1.37786248e+00  5.79873595e+07  -3.04321846e+02
 5.84341413e+07  -1.90704612e+00  5.84341413e+07  -4.80228311e+02
 5.88843655e+07  -1.57555472e+00  5.88843655e+07  -3.03470101e+02
 5.93380586e+07  2.22024132e-01  5.93380586e+07  -2.11967192e+02
 5.97952473e+07  -1.82773324e+00  5.97952473e+07  -1.19625501e+02
 6.02559586e+07  3.01869438e-01  6.02559586e+07  -2.10590713e+02
 6.07202196e+07  -1.78887641e+00  6.07202196e+07  -1.19319088e+02
 6.11880576e+07  4.12530002e-01  6.11880576e+07  -2.09266349e+02
 6.16595002e+07  -2.26686438e+00  6.16595002e+07  -3.00679301e+02
 6.21345752e+07  -2.37366237e+00  6.21345752e+07  -3.00198323e+02
 6.26133105e+07  -1.71544543e+00  6.26133105e+07  -4.78636879e+02
 6.30957344e+07  6.05752913e-01  6.30957344e+07  -5.66773082e+02
 6.35818754e+07  6.48306415e-01  6.35818754e+07  -5.66169357e+02
 6.40717619e+07  6.51859700e-01  6.40717619e+07  -5.65581820e+02
 6.45654229e+07  7.18944512e-01  6.45654229e+07  -5.65006316e+02
 6.50628875e+07  -3.00323151e+00  6.50628875e+07  -6.57207706e+02
 6.55641849e+07  -1.64009893e+00  6.55641849e+07  -4.77496511e+02
 6.60693448e+07  8.65849991e-01  6.60693448e+07  -5.63335242e+02
 6.65783968e+07  -3.31517663e+00  6.65783968e+07  -6.55744206e+02
 6.70913710e+07  9.52017511e-01  6.70913710e+07  -5.62263953e+02
 6.76082975e+07  9.26947777e-01  6.76082975e+07  -5.61730308e+02
 6.81292069e+07  9.95304806e-01  6.81292069e+07  -5.61212578e+02
 6.86541298e+07  1.01789381e+00  6.86541298e+07  -5.60710234e+02
 6.91830971e+07  -1.61962494e+00  6.91830971e+07  -4.76222339e+02
 6.97161400e+07  1.11047987e+00  6.97161400e+07  -5.59719495e+02
 7.02532899e+07  -1.59640045e+00  7.02532899e+07  -4.75801427e+02
 7.07945784e+07  1.18766912e+00  7.07945784e+07  -5.58769682e+02
 7.13400375e+07  1.27666940e+00  7.13400375e+07  -5.58306886e+02
 7.18896992e+07  1.24623289e+00  7.18896992e+07  -5.57826712e+02
 7.24435960e+07  -1.63103608e+00  7.24435960e+07  -4.75126851e+02
 7.30017605e+07  -4.49148827e+00  7.30017605e+07  -6.49052351e+02
 7.35642254e+07  1.44671981e+00  7.35642254e+07  -5.56521778e+02
 7.41310241e+07  1.49514501e+00  7.41310241e+07  -5.56102109e+02
 7.47021899e+07  -1.66600750e+00  7.47021899e+07  -4.74321843e+02
 7.52777564e+07  1.55873382e+00  7.52777564e+07  -5.55226385e+02
 7.58577575e+07  1.57503790e+00  7.58577575e+07  -5.54796209e+02
 7.64422274e+07  1.60297369e+00  7.64422274e+07  -5.54385691e+02
 7.70312006e+07  1.63348539e+00  7.70312006e+07  -5.53982849e+02
 7.76247117e+07  1.64899400e+00  7.76247117e+07  -5.53561525e+02
 7.82227956e+07  1.76720367e+00  7.82227956e+07  -5.53232750e+02
 7.88254877e+07  1.78674302e+00  7.88254877e+07  -5.52826293e+02
 7.94328235e+07  1.82879835e+00  7.94328235e+07  -5.52453695e+02
 8.00448386e+07  -5.43991577e+00  8.00448386e+07  -6.42266410e+02
 8.06615692e+07  1.87749178e+00  8.06615692e+07  -5.51670715e+02
 8.12830516e+07  1.88180654e+00  8.12830516e+07  -5.51301394e+02
 8.19093224e+07  -1.82811870e+00  8.19093224e+07  -4.71904727e+02
 8.25404185e+07  -1.84409889e+00  8.25404185e+07  -4.71730748e+02
 8.31763771e+07  2.01932989e+00  8.31763771e+07  -5.50229989e+02
 8.38172356e+07  -1.87757753e+00  8.38172356e+07  -4.71317839e+02
 8.44630319e+07  -5.92776643e+00  8.44630319e+07  -6.38278320e+02
 8.51138038e+07  2.10255842e+00  8.51138038e+07  -5.49224312e+02
 8.57695899e+07  2.17453783e+00  8.57695899e+07  -5.48843696e+02
 8.64304286e+07  -1.96210836e+00  8.64304286e+07  -4.70538246e+02
 8.70963590e+07  -2.00584238e+00  8.70963590e+07  -4.70571888e+02
 8.77674203e+07  -1.98876873e+00  8.77674203e+07  -4.70023243e+02
 8.84436519e+07  -6.26010243e+00  8.84436519e+07  -6.34807581e+02
 8.91250938e+07  -6.33690099e+00  8.91250938e+07  -6.34139477e+02
 8.98117861e+07  2.31569013e+00  8.98117861e+07  -5.46921071e+02
 9.05037692e+07  -1.18765658e+01  9.05037692e+07  -6.76085081e+02
 9.12010839e+07  -2.14878984e+00  9.12010839e+07  -8.29298901e+02
 9.19037713e+07  2.43621767e+00  9.19037713e+07  -9.05982759e+02
 9.26118728e+07  2.46945788e+00  9.26118728e+07  -9.05698358e+02
 9.33254301e+07  2.48446055e+00  9.33254301e+07  -9.05367824e+02
 9.40444852e+07  -6.64628603e+00  9.40444852e+07  -9.90433373e+02
 9.47690805e+07  2.61568247e+00  9.47690805e+07  -9.04799013e+02
 9.54992586e+07  2.59292680e+00  9.54992586e+07  -9.04511299e+02
 9.62350626e+07  2.63618701e+00  9.62350626e+07  -9.04236429e+02
 9.69765359e+07  -2.35979306e+00  9.69765359e+07  -8.27712302e+02
 9.77237221e+07  2.73402874e+00  9.77237221e+07  -9.03702483e+02
 9.84766652e+07  -6.93447174e+00  9.84766652e+07  -9.86952921e+02
 9.92354096e+07  2.75611249e+00  9.92354096e+07  -9.03124884e+02
 1.00000000e+08  2.82881813e+00  1.00000000e+08  -9.02919988e+02
 1.00770481e+08  2.90119106e+00  1.00770481e+08  -9.02671266e+02
 1.01546899e+08  2.95559001e+00  1.01546899e+08  -9.02392858e+02
 1.02329299e+08  2.94402332e+00  1.02329299e+08  -9.02103366e+02
 1.03117727e+08  3.02082223e+00  1.03117727e+08  -9.01882258e+02
 1.03912230e+08  -7.18697998e+00  1.03912230e+08  -9.83403427e+02
 1.04712855e+08  -2.66930699e+00  1.04712855e+08  -8.25933846e+02
 1.05519648e+08  3.01297743e+00  1.05519648e+08  -9.01097099e+02
 1.06332657e+08  3.01672766e+00  1.06332657e+08  -9.00830806e+02
 1.07151931e+08  3.11356002e+00  1.07151931e+08  -9.00633087e+02
 1.07977516e+08  3.30233397e+00  1.07977516e+08  -9.00453078e+02
 1.08809463e+08  -7.37012278e+00  1.08809463e+08  -9.80397050e+02
 1.09647820e+08  -2.88856389e+00  1.09647820e+08  -8.25051959e+02
 1.10492636e+08  3.24386443e+00  1.10492636e+08  -8.99656430e+02
 1.11343961e+08  -7.42630786e+00  1.11343961e+08  -9.79096440e+02
 1.12201845e+08  3.41216867e+00  1.12201845e+08  -8.99290375e+02
 1.13066340e+08  3.45655055e+00  1.13066340e+08  -8.99085768e+02
 1.13937495e+08  3.37963546e+00  1.13937495e+08  -8.98815862e+02
 1.14815362e+08  3.44304425e+00  1.14815362e+08  -8.98650671e+02
 1.15699993e+08  3.47072477e+00  1.15699993e+08  -8.98396745e+02
 1.16591440e+08  3.51485026e+00  1.16591440e+08  -8.98197325e+02
 1.17489755e+08  3.57836543e+00  1.17489755e+08  -8.98016009e+02
 1.18394992e+08  3.51054667e+00  1.18394992e+08  -8.97716255e+02
 1.19307204e+08  3.55957436e+00  1.19307204e+08  -8.97496717e+02
 1.20226443e+08  -3.31438139e+00  1.20226443e+08  -8.22938469e+02
 1.21152766e+08  -3.34698268e+00  1.21152766e+08  -8.22597776e+02
 1.22086225e+08  -3.39317826e+00  1.22086225e+08  -8.22460507e+02
 1.23026877e+08  -7.65403850e+00  1.23026877e+08  -9.73944274e+02
 1.23974776e+08  -7.67863354e+00  1.23974776e+08  -9.73498544e+02
 1.24929979e+08  3.92767208e+00  1.24929979e+08  -8.96509833e+02
 1.25892541e+08  -7.68854528e+00  1.25892541e+08  -9.73102720e+02
 1.26862520e+08  3.85424439e+00  1.26862520e+08  -8.96035128e+02
 1.27839972e+08  3.96885998e+00  1.27839972e+08  -8.95927163e+02
 1.28824955e+08  -1.61420531e+01  1.28824955e+08  -9.92108835e+02
 1.29817528e+08  4.02327918e+00  1.29817528e+08  -8.95475388e+02
 1.30817747e+08  -7.74763029e+00  1.30817747e+08  -9.71605404e+02
 1.31825674e+08  4.02757071e+00  1.31825674e+08  -8.95199029e+02
 1.32841366e+08  -3.81862784e+00  1.32841366e+08  -8.20949178e+02
 1.33864884e+08  3.99821532e+00  1.33864884e+08  -8.94740647e+02
 1.34896288e+08  -3.90809822e+00  1.34896288e+08  -8.20716354e+02
 1.35935639e+08  4.17222204e+00  1.35935639e+08  -8.94586106e+02
 1.36982998e+08  4.16934017e+00  1.36982998e+08  -8.94362329e+02
 1.38038426e+08  4.16448024e+00  1.38038426e+08  -8.94150696e+02
 1.39101987e+08  -7.83629675e+00  1.39101987e+08  -9.69101121e+02
 1.40173742e+08  4.34147914e+00  1.40173742e+08  -8.93866213e+02
 1.41253754e+08  4.38756844e+00  1.41253754e+08  -8.93804399e+02
 1.42342088e+08  -4.18356713e+00  1.42342088e+08  -8.19677597e+02
 1.43438808e+08  -7.86413405e+00  1.43438808e+08  -9.68277348e+02
 1.44543977e+08  4.31317816e+00  1.44543977e+08  -8.93279282e+02
 1.45657662e+08  -7.90006240e+00  1.45657662e+08  -9.67404872e+02
 1.46779927e+08  -4.36810972e+00  1.46779927e+08  -8.19586371e+02
 1.47910839e+08  -4.38249237e+00  1.47910839e+08  -8.18980800e+02
 1.49050464e+08  -4.41220633e+00  1.49050464e+08  -8.18626440e+02
 1.50198870e+08  4.55386506e+00  1.50198870e+08  -8.92685712e+02
 1.51356125e+08  4.60190661e+00  1.51356125e+08  -8.92470700e+02
 1.52522296e+08  -4.54446680e+00  1.52522296e+08  -8.18453425e+02
 1.53697452e+08  -4.58798339e+00  1.53697452e+08  -8.18389458e+02
 1.54881662e+08  4.67329633e+00  1.54881662e+08  -8.92252331e+02
 1.56074996e+08  -4.67584260e+00  1.56074996e+08  -8.18176216e+02
 1.57277525e+08  -4.71860511e+00  1.57277525e+08  -8.18110081e+02
 1.58489319e+08  -4.73878967e+00  1.58489319e+08  -8.17707756e+02
 1.59710450e+08  4.83315874e+00  1.59710450e+08  -8.91860275e+02
 1.60940989e+08  4.91803471e+00  1.60940989e+08  -8.91700827e+02
 1.62181010e+08  4.84687014e+00  1.62181010e+08  -8.91651750e+02
 1.63430584e+08  -1.58218700e+01  1.63430584e+08  -9.72531893e+02
 1.64689787e+08  5.07224566e+00  1.64689787e+08  -8.91513894e+02
 1.65958691e+08  5.20134989e+00  1.65958691e+08  -8.91498338e+02
 1.67237372e+08  -8.02189220e+00  1.67237372e+08  -9.64940919e+02
 1.68525904e+08  -5.09935884e+00  1.68525904e+08  -8.17249412e+02
 1.69824365e+08  -5.13890799e+00  1.69824365e+08  -8.17087614e+02
 1.71132830e+08  -8.03714968e+00  1.71132830e+08  -9.64904234e+02
 1.72451377e+08  -8.04491016e+00  1.72451377e+08  -9.64741783e+02
 1.73780083e+08  5.21226882e+00  1.73780083e+08  -8.91037447e+02
 1.75119026e+08  -8.07066892e+00  1.75119026e+08  -9.64404351e+02
 1.76468286e+08  -5.36421519e+00  1.76468286e+08  -8.16879322e+02
 1.77827941e+08  5.24919765e+00  1.77827941e+08  -8.90779232e+02
 1.79198072e+08  -5.43802895e+00  1.79198072e+08  -8.16515979e+02
 1.80578760e+08  5.60940972e+00  1.80578760e+08  -8.90728976e+02
 1.81970086e+08  -5.53033425e+00  1.81970086e+08  -8.16374900e+02
 1.83372132e+08  5.28467118e+00  1.83372132e+08  -8.90571941e+02
 1.84784980e+08  -8.13417943e+00  1.84784980e+08  -9.64181270e+02
 1.86208714e+08  5.69936295e+00  1.86208714e+08  -8.90543540e+02
 1.87643417e+08  -8.15772602e+00  1.87643417e+08  -9.64183673e+02
 1.89089175e+08  5.63266466e+00  1.89089175e+08  -8.90453466e+02
 1.90546072e+08  -5.78518045e+00  1.90546072e+08  -8.15656713e+02
 1.92014194e+08  -8.19463306e+00  1.92014194e+08  -9.64041173e+02
 1.93493628e+08  5.82006259e+00  1.93493628e+08  -8.90393461e+02
 1.94984460e+08  5.53092797e+00  1.94984460e+08  -8.90309823e+02
 1.96486779e+08  5.51243345e+00  1.96486779e+08  -8.90281516e+02
 1.98000673e+08  -8.25444934e+00  1.98000673e+08  -9.63708688e+02
 1.99526231e+08  -6.06479045e+00  1.99526231e+08  -8.15487838e+02
 2.01063544e+08  -8.26613509e+00  2.01063544e+08  -9.64304764e+02
 2.02612701e+08  -6.16727318e+00  2.02612701e+08  -8.15665431e+02
 2.04173794e+08  6.03993370e+00  2.04173794e+08  -8.90289540e+02
 2.05746916e+08  6.05468047e+00  2.05746916e+08  -8.90282098e+02
 2.07332157e+08  -8.32198401e+00  2.07332157e+08  -9.64614020e+02
 2.08929613e+08  -8.35262405e+00  2.08929613e+08  -9.64214613e+02
 2.10539377e+08  6.08422731e+00  2.10539377e+08  -8.90283417e+02
 2.12161544e+08  6.10868595e+00  2.12161544e+08  -8.90288967e+02
 2.13796209e+08  6.11772809e+00  2.13796209e+08  -8.90243946e+02
 2.15443469e+08  6.15398595e+00  2.15443469e+08  -8.90365118e+02
 2.17103421e+08  -8.43821400e+00  2.17103421e+08  -9.64293305e+02
 2.18776162e+08  -8.45581262e+00  2.18776162e+08  -9.64525819e+02
 2.20461792e+08  -6.68745317e+00  2.20461792e+08  -8.15151840e+02
 2.22160409e+08  -6.72245290e+00  2.22160409e+08  -8.14735874e+02
 2.23872114e+08  -6.77394999e+00  2.23872114e+08  -8.14770486e+02
 2.25597007e+08  -8.53318519e+00  2.25597007e+08  -9.64718984e+02
 2.27335190e+08  -6.88424916e+00  2.27335190e+08  -8.15195820e+02
 2.29086765e+08  -6.95301297e+00  2.29086765e+08  -8.15693488e+02
 2.30851836e+08  6.56601630e+00  2.30851836e+08  -8.90609788e+02
 2.32630507e+08  6.25035235e+00  2.32630507e+08  -8.90555070e+02
 2.34422882e+08  6.71133730e+00  2.34422882e+08  -8.90647169e+02
 2.36229066e+08  6.38416076e+00  2.36229066e+08  -8.90693799e+02
 2.38049167e+08  6.07191798e+00  2.38049167e+08  -8.90640204e+02
 2.39883292e+08  -7.26760689e+00  2.39883292e+08  -8.15826236e+02
 2.41731548e+08  6.63594246e+00  2.41731548e+08  -8.90792343e+02
 2.43594045e+08  6.31681840e+00  2.43594045e+08  -8.90803582e+02
 2.45470892e+08  -8.78946414e+00  2.45470892e+08  -9.65652304e+02
 2.47362199e+08  6.50393905e+00  2.47362199e+08  -8.90919361e+02
 2.49268079e+08  -7.51465955e+00  2.49268079e+08  -8.15261268e+02
 2.51188643e+08  -8.86490766e+00  2.51188643e+08  -9.65984730e+02
 2.53124005e+08  6.83255879e+00  2.53124005e+08  -8.91146321e+02
 2.55074278e+08  6.98219700e+00  2.55074278e+08  -8.91250889e+02
 2.57039578e+08  -8.94275503e+00  2.57039578e+08  -9.66888332e+02
 2.59020020e+08  -8.96415245e+00  2.59020020e+08  -9.67172571e+02
 2.61015722e+08  -9.00315721e+00  2.61015722e+08  -9.66993737e+02
 2.63026799e+08  -9.02414091e+00  2.63026799e+08  -9.67352675e+02
 2.65053372e+08  6.72896503e+00  2.65053372e+08  -8.91476569e+02
 2.67095559e+08  6.89965085e+00  2.67095559e+08  -8.91534705e+02
 2.69153480e+08  6.53598238e+00  2.69153480e+08  -8.91632892e+02
 2.71227258e+08  7.24509452e+00  2.71227258e+08  -8.91752939e+02
 2.73317014e+08  -9.19432696e+00  2.73317014e+08  -9.67356994e+02
 2.75422870e+08  6.54455221e+00  2.75422870e+08  -8.91837217e+02
 2.77544952e+08  6.20324739e+00  2.77544952e+08  -8.91815128e+02
 2.79683385e+08  6.90426206e+00  2.79683385e+08  -8.92043623e+02
 2.81838293e+08  7.71732636e+00  2.81838293e+08  -8.92164151e+02
 2.84009805e+08  -8.47776290e+00  2.84009805e+08  -8.15721432e+02
 2.86198048e+08  -8.53442846e+00  2.86198048e+08  -8.15601211e+02
 2.88403150e+08  7.20049033e+00  2.88403150e+08  -8.92336831e+02
 2.90625243e+08  7.43796353e+00  2.90625243e+08  -8.92411599e+02
 2.92864456e+08  6.46920850e+00  2.92864456e+08  -8.92398529e+02
 2.95120923e+08  6.70775122e+00  2.95120923e+08  -8.92461675e+02
 2.97394775e+08  6.95403108e+00  2.97394775e+08  -8.92564250e+02
 2.99686146e+08  6.56537404e+00  2.99686146e+08  -8.92691366e+02
 3.01995172e+08  -1.58725531e+01  3.01995172e+08  -9.68851907e+02
 3.04321989e+08  7.10144536e+00  3.04321989e+08  -8.92823586e+02
 3.06666733e+08  -1.46730476e+01  3.06666733e+08  -8.15617345e+02
 3.09029543e+08  7.02341705e+00  3.09029543e+08  -8.93009713e+02
 3.11410558e+08  -9.21030667e+00  3.11410558e+08  -8.15681806e+02
 3.13809919e+08  -9.29537981e+00  3.13809919e+08  -8.16201486e+02
 3.16227766e+08  -9.35119464e+00  3.16227766e+08  -8.15976147e+02
 3.18664242e+08  -9.94783160e+00  3.18664242e+08  -9.70385376e+02
 3.21119491e+08  -9.98863811e+00  3.21119491e+08  -9.70206378e+02
 3.23593657e+08  6.84939544e+00  3.23593657e+08  -8.93525680e+02
 3.26086886e+08  -1.00720458e+01  3.26086886e+08  -9.70526887e+02
 3.28599325e+08  -1.01040489e+01  3.28599325e+08  -9.71779131e+02
 3.31131121e+08  -1.01597308e+01  3.31131121e+08  -9.70920472e+02
 3.33682425e+08  7.57471202e+00  3.33682425e+08  -8.93944810e+02
 3.36253386e+08  6.42242795e+00  3.36253386e+08  -8.93911219e+02
 3.38844156e+08  6.80869095e+00  3.38844156e+08  -8.94066201e+02
 3.41454887e+08  7.21488773e+00  3.41454887e+08  -8.94064708e+02
 3.44085734e+08  -1.03856602e+01  3.44085734e+08  -9.71467031e+02
 3.46736850e+08  -1.04384400e+01  3.46736850e+08  -9.72082219e+02
 3.49408393e+08  -1.65020297e+01  3.49408393e+08  -9.71583156e+02
 3.52100520e+08  -1.02785244e+01  3.52100520e+08  -8.16351454e+02
 3.54813389e+08  -1.03450635e+01  3.54813389e+08  -8.16002330e+02
 3.57547160e+08  -1.04263447e+01  3.57547160e+08  -8.17172567e+02
 3.60301995e+08  6.99488605e+00  3.60301995e+08  -8.94719062e+02
 3.63078055e+08  -1.07145575e+01  3.63078055e+08  -9.73359759e+02
 3.65875504e+08  -1.06106601e+01  3.65875504e+08  -8.16076213e+02
 3.68694506e+08  6.73340126e+00  3.68694506e+08  -8.94917350e+02
 3.71535229e+08  6.34547948e+00  3.71535229e+08  -8.94971937e+02
 3.74397839e+08  -1.09162436e+01  3.74397839e+08  -9.73545423e+02
 3.77282505e+08  -1.08960467e+01  3.77282505e+08  -8.16067764e+02
 3.80189396e+08  8.06093841e+00  3.80189396e+08  -8.95378987e+02
 3.83118685e+08  7.61564748e+00  3.83118685e+08  -8.95394333e+02
 3.86070543e+08  7.19433707e+00  3.86070543e+08  -8.95401107e+02
 3.89045145e+08  7.87271721e+00  3.89045145e+08  -8.95592107e+02
 3.92042666e+08  7.45353686e+00  3.92042666e+08  -8.95709633e+02
 3.95063281e+08  7.02306286e+00  3.95063281e+08  -8.95640152e+02
 3.98107171e+08  -1.13288212e+01  3.98107171e+08  -9.74773463e+02
 4.01174512e+08  -1.14662478e+01  4.01174512e+08  -8.16557808e+02
 4.04265487e+08  8.02339979e+00  4.04265487e+08  -8.95946488e+02
 4.07380278e+08  7.62721201e+00  4.07380278e+08  -8.96094337e+02
 4.10519067e+08  -1.16871058e+01  4.10519067e+08  -8.16766913e+02
 4.13682040e+08  -1.17651990e+01  4.13682040e+08  -8.17099208e+02
 4.16869383e+08  -1.18460235e+01  4.16869383e+08  -8.17499247e+02
 4.20081285e+08  7.09338564e+00  4.20081285e+08  -8.96232273e+02
 4.23317933e+08  -1.19926705e+01  4.23317933e+08  -8.17278286e+02
 4.26579519e+08  -1.20529553e+01  4.26579519e+08  -8.16702226e+02
 4.29866235e+08  5.94881298e+00  4.29866235e+08  -8.96416771e+02
 4.33178274e+08  -1.19224482e+01  4.33178274e+08  -9.76747785e+02
 4.36515832e+08  7.58615004e+00  4.36515832e+08  -8.96643616e+02
 4.39879106e+08  -1.23490942e+01  4.39879106e+08  -8.17103051e+02
 4.43268292e+08  8.14076473e+00  4.43268292e+08  -8.96801985e+02
 4.46683592e+08  -1.24994199e+01  4.46683592e+08  -8.16792888e+02
 4.50125206e+08  -1.25838296e+01  4.50125206e+08  -8.17111583e+02
 4.53593337e+08  -1.26683090e+01  4.53593337e+08  -8.17453151e+02
 4.57088190e+08  6.42836020e+00  4.57088190e+08  -8.97048959e+02
 4.60609969e+08  -1.23790305e+01  4.60609969e+08  -9.77512448e+02
 4.64158883e+08  6.97712078e+00  4.64158883e+08  -8.97057404e+02
 4.67735141e+08  1.00132626e+01  4.67735141e+08  -8.97567610e+02
 4.71338954e+08  -1.30153415e+01  4.71338954e+08  -8.16975725e+02
 4.74970533e+08  8.97779088e+00  4.74970533e+08  -8.97618882e+02
 4.78630092e+08  8.45117917e+00  4.78630092e+08  -8.97582895e+02
 4.82317848e+08  5.04050918e+00  4.82317848e+08  -8.97487369e+02
 4.86034018e+08  7.56234101e+00  4.86034018e+08  -8.97671136e+02
 4.89778819e+08  5.60311471e+00  4.89778819e+08  -8.97521216e+02
 4.93552474e+08  -1.34708330e+01  4.93552474e+08  -8.16600196e+02
 4.97355204e+08  7.97108208e+00  4.97355204e+08  -8.97571561e+02
 5.01187234e+08  -1.36344264e+01  5.01187234e+08  -8.17172348e+02
 5.05048788e+08  -1.30772574e+01  5.05048788e+08  -9.79089496e+02
 5.08940095e+08  8.56271650e+00  5.08940095e+08  -8.97940885e+02
 5.12861384e+08  -1.31862856e+01  5.12861384e+08  -9.79873501e+02
 5.16812886e+08  5.88249897e+00  5.16812886e+08  -8.97861130e+02
 5.20794833e+08  7.18899346e+00  5.20794833e+08  -8.98112892e+02
 5.24807460e+08  8.85739991e+00  5.24807460e+08  -8.98500318e+02
 5.28851004e+08  -1.41565389e+01  5.28851004e+08  -8.16773648e+02
 5.32925703e+08  5.95721195e+00  5.32925703e+08  -8.98048796e+02
 5.37031796e+08  9.78613035e+00  5.37031796e+08  -8.98545948e+02
 5.41169527e+08  -1.36213360e+01  5.41169527e+08  -9.80103316e+02
 5.45339137e+08  -1.36726004e+01  5.45339137e+08  -9.81234297e+02
 5.49540874e+08  -1.45428982e+01  5.49540874e+08  -8.16754897e+02
 5.53774984e+08  7.75932788e+00  5.53774984e+08  -8.98514579e+02
 5.58041717e+08  -1.38605207e+01  5.58041717e+08  -9.79677652e+02
 5.62341325e+08  4.94520649e+00  5.62341325e+08  -8.98413562e+02
 5.66674061e+08  -1.48644573e+01  5.66674061e+08  -8.17740358e+02
 5.71040179e+08  -1.40471764e+01  5.71040179e+08  -9.80517552e+02
 5.75439937e+08  7.83922470e+00  5.75439937e+08  -8.98720219e+02
 5.79873595e+08  5.26416518e+00  5.79873595e+08  -8.98603842e+02
 5.84341413e+08  -1.42178131e+01  5.84341413e+08  -9.81415473e+02
 5.88843655e+08  6.56255103e+00  5.88843655e+08  -8.98973612e+02
 5.93380586e+08  -2.17765094e+01  5.93380586e+08  -8.17726747e+02
 5.97952473e+08  5.70463632e+00  5.97952473e+08  -8.98660617e+02
 6.02559586e+08  1.08535123e+01  6.02559586e+08  -8.99708283e+02
 6.07202196e+08  1.50995813e+01  6.07202196e+08  -9.00254883e+02
 6.11880576e+08  -1.56095397e+01  6.11880576e+08  -8.17343265e+02
 6.16595002e+08  4.25375698e+00  6.16595002e+08  -8.98944270e+02
 6.21345752e+08  -2.22975633e+01  6.21345752e+08  -8.18108537e+02
 6.26133105e+08  8.25601264e+00  6.26133105e+08  -8.99717563e+02
 6.30957344e+08  -1.59153254e+01  6.30957344e+08  -8.16808102e+02
 6.35818754e+08  -1.49157021e+01  6.35818754e+08  -9.81477496e+02
 6.40717619e+08  6.86854411e+00  6.40717619e+08  -8.99160491e+02
 6.45654229e+08  -1.50313109e+01  6.45654229e+08  -9.82702723e+02
 6.50628875e+08  -1.62315128e+01  6.50628875e+08  -8.17568731e+02
 6.55641849e+08  8.58915113e+00  6.55641849e+08  -8.99634314e+02
 6.60693448e+08  8.09159794e+00  6.60693448e+08  -8.99303980e+02
 6.65783968e+08  7.60166393e+00  6.65783968e+08  -8.99458308e+02
 6.70913710e+08  7.19697081e+00  6.70913710e+08  -8.99882230e+02
 6.76082975e+08  -1.65937175e+01  6.76082975e+08  -8.15428781e+02
 6.81292069e+08  6.33154966e+00  6.81292069e+08  -8.99573483e+02
 6.86541298e+08  9.41036132e+00  6.86541298e+08  -9.00301591e+02
 6.91830971e+08  -1.68272577e+01  6.91830971e+08  -8.15910008e+02
 6.97161400e+08  -1.56612356e+01  6.97161400e+08  -9.84606291e+02
 7.02532899e+08  -1.57154038e+01  7.02532899e+08  -9.84543896e+02
 7.07945784e+08  -1.70618974e+01  7.07945784e+08  -8.16460957e+02
 7.13400375e+08  -1.58523492e+01  7.13400375e+08  -9.84358572e+02
 7.18896992e+08  -1.59077178e+01  7.18896992e+08  -9.84230427e+02
 7.24435960e+08  -2.13738767e+01  7.24435960e+08  -9.84591080e+02
 7.30017605e+08  -1.73638438e+01  7.30017605e+08  -8.17160819e+02
 7.35642254e+08  5.40190840e+00  7.35642254e+08  -9.00125346e+02
 7.41310241e+08  8.68573986e+00  7.41310241e+08  -9.00431730e+02
 7.47021899e+08  8.17093254e+00  7.47021899e+08  -8.99623885e+02
 7.52777564e+08  -1.76659191e+01  7.52777564e+08  -8.16035076e+02
 7.58577575e+08  3.92863125e+00  7.58577575e+08  -8.99894675e+02
 7.64422274e+08  6.82623481e+00  7.64422274e+08  -9.00379779e+02
 7.70312006e+08  -1.78728805e+01  7.70312006e+08  -8.12998869e+02
 7.76247117e+08  1.08135086e+01  7.76247117e+08  -9.00500266e+02
 7.82227956e+08  1.02740999e+01  7.82227956e+08  -9.00538973e+02
 7.88254877e+08  -1.81091550e+01  7.88254877e+08  -8.15135418e+02
 7.94328235e+08  4.85912066e+00  7.94328235e+08  -8.99994890e+02
 8.00448386e+08  -1.82846565e+01  8.00448386e+08  -8.17168589e+02
 8.06615692e+08  -1.68553771e+01  8.06615692e+08  -9.86427935e+02
 8.12830516e+08  -1.84175112e+01  8.12830516e+08  -8.15622074e+02
 8.19093224e+08  7.21743495e+00  8.19093224e+08  -9.00192331e+02
 8.25404185e+08  1.33357115e+01  8.25404185e+08  -9.02064774e+02
 8.31763771e+08  -1.71081492e+01  8.31763771e+08  -9.86102639e+02
 8.38172356e+08  -1.87144371e+01  8.38172356e+08  -8.14266725e+02
 8.44630319e+08  5.56482367e+00  8.44630319e+08  -9.00023413e+02
 8.51138038e+08  5.16997878e+00  8.51138038e+08  -9.00102365e+02
 8.57695899e+08  -1.73733304e+01  8.57695899e+08  -9.85973857e+02
 8.64304286e+08  2.32209638e+01  8.64304286e+08  -9.07806121e+02
 8.70963590e+08  -1.75001037e+01  8.70963590e+08  -9.85782211e+02
 8.77674203e+08  -1.91871676e+01  8.77674203e+08  -8.16835150e+02
 8.84436519e+08  8.02997489e+00  8.84436519e+08  -9.00972272e+02
 8.91250938e+08  -1.76865956e+01  8.91250938e+08  -9.87514427e+02
 8.98117861e+08  -1.93937214e+01  8.98117861e+08  -8.15291284e+02
 9.05037692e+08  6.68229000e+00  9.05037692e+08  -9.00229294e+02
 9.12010839e+08  1.44241794e+01  9.12010839e+08  -9.02936053e+02
 9.19037713e+08  1.36423620e+01  9.19037713e+08  -9.02553526e+02
 9.26118728e+08  -1.79970437e+01  9.26118728e+08  -9.89071001e+02
 9.33254301e+08  -1.97548806e+01  9.33254301e+08  -8.13511715e+02
 9.40444852e+08  -1.81379778e+01  9.40444852e+08  -9.87145094e+02
 9.47690805e+08  1.08800201e+01  9.47690805e+08  -9.00891038e+02
 9.54992586e+08  4.00211166e+00  9.54992586e+08  -8.99859277e+02
 9.62350626e+08  9.72647663e+00  9.62350626e+08  -9.01706714e+02
 9.69765359e+08  -2.01165088e+01  9.69765359e+08  -8.11712177e+02
 9.77237221e+08  -1.84518449e+01  9.77237221e+08  -9.86738515e+02
 9.84766652e+08  8.21199459e+00  9.84766652e+08  -9.01681700e+02
 9.92354096e+08  -1.85776365e+01  9.92354096e+08  -9.88785306e+02
 1.00000000e+09  7.26885409e+00  1.00000000e+09  -9.00493044e+02
