 1.00000000e+00  4.63856906e+01  1.00000000e+00  1.79999998e+02
 1.00770481e+00  4.63856906e+01  1.00770481e+00  1.79999998e+02
 1.01546899e+00  4.63856906e+01  1.01546899e+00  1.79999998e+02
 1.02329299e+00  4.63856906e+01  1.02329299e+00  1.79999998e+02
 1.03117727e+00  4.63856906e+01  1.03117727e+00  1.79999998e+02
 1.03912230e+00  4.63856906e+01  1.03912230e+00  1.79999998e+02
 1.04712855e+00  4.63856906e+01  1.04712855e+00  1.79999998e+02
 1.05519648e+00  4.63856906e+01  1.05519648e+00  1.79999998e+02
 1.06332657e+00  4.63856906e+01  1.06332657e+00  1.79999998e+02
 1.07151931e+00  4.63856906e+01  1.07151931e+00  1.79999998e+02
 1.07977516e+00  4.63856906e+01  1.07977516e+00  1.79999998e+02
 1.08809463e+00  4.63856906e+01  1.08809463e+00  1.79999998e+02
 1.09647820e+00  4.63856906e+01  1.09647820e+00  1.79999998e+02
 1.10492636e+00  4.63856906e+01  1.10492636e+00  1.79999998e+02
 1.11343961e+00  4.63856906e+01  1.11343961e+00  1.79999998e+02
 1.12201845e+00  4.63856906e+01  1.12201845e+00  1.79999998e+02
 1.13066340e+00  4.63856906e+01  1.13066340e+00  1.79999998e+02
 1.13937495e+00  4.63856906e+01  1.13937495e+00  1.79999998e+02
 1.14815362e+00  4.63856906e+01  1.14815362e+00  1.79999998e+02
 1.15699993e+00  4.63856906e+01  1.15699993e+00  1.79999998e+02
 1.16591440e+00  4.63856906e+01  1.16591440e+00  1.79999998e+02
 1.17489755e+00  4.63856906e+01  1.17489755e+00  1.79999998e+02
 1.18394992e+00  4.63856906e+01  1.18394992e+00  1.79999998e+02
 1.19307204e+00  4.63856906e+01  1.19307204e+00  1.79999998e+02
 1.20226443e+00  4.63856906e+01  1.20226443e+00  1.79999998e+02
 1.21152766e+00  4.63856906e+01  1.21152766e+00  1.79999998e+02
 1.22086225e+00  4.63856906e+01  1.22086225e+00  1.79999998e+02
 1.23026877e+00  4.63856906e+01  1.23026877e+00  1.79999998e+02
 1.23974776e+00  4.63856906e+01  1.23974776e+00  1.79999998e+02
 1.24929979e+00  4.63856906e+01  1.24929979e+00  1.79999998e+02
 1.25892541e+00  4.63856906e+01  1.25892541e+00  1.79999998e+02
 1.26862520e+00  4.63856906e+01  1.26862520e+00  1.79999998e+02
 1.27839972e+00  4.63856906e+01  1.27839972e+00  1.79999998e+02
 1.28824955e+00  4.63856906e+01  1.28824955e+00  1.79999998e+02
 1.29817528e+00  4.63856906e+01  1.29817528e+00  1.79999998e+02
 1.30817747e+00  4.63856906e+01  1.30817747e+00  1.79999998e+02
 1.31825674e+00  4.63856906e+01  1.31825674e+00  1.79999998e+02
 1.32841366e+00  4.63856906e+01  1.32841366e+00  1.79999998e+02
 1.33864884e+00  4.63856906e+01  1.33864884e+00  1.79999998e+02
 1.34896288e+00  4.63856906e+01  1.34896288e+00  1.79999998e+02
 1.35935639e+00  4.63856906e+01  1.35935639e+00  1.79999998e+02
 1.36982998e+00  4.63856906e+01  1.36982998e+00  1.79999998e+02
 1.38038426e+00  4.63856906e+01  1.38038426e+00  1.79999998e+02
 1.39101987e+00  4.63856906e+01  1.39101987e+00  1.79999998e+02
 1.40173742e+00  4.63856906e+01  1.40173742e+00  1.79999998e+02
 1.41253754e+00  4.63856906e+01  1.41253754e+00  1.79999998e+02
 1.42342088e+00  4.63856906e+01  1.42342088e+00  1.79999998e+02
 1.43438808e+00  4.63856906e+01  1.43438808e+00  1.79999998e+02
 1.44543977e+00  4.63856906e+01  1.44543977e+00  1.79999998e+02
 1.45657662e+00  4.63856906e+01  1.45657662e+00  1.79999997e+02
 1.46779927e+00  4.63856906e+01  1.46779927e+00  1.79999997e+02
 1.47910839e+00  4.63856906e+01  1.47910839e+00  1.79999997e+02
 1.49050464e+00  4.63856906e+01  1.49050464e+00  1.79999997e+02
 1.50198870e+00  4.63856906e+01  1.50198870e+00  1.79999997e+02
 1.51356125e+00  4.63856906e+01  1.51356125e+00  1.79999997e+02
 1.52522296e+00  4.63856906e+01  1.52522296e+00  1.79999997e+02
 1.53697452e+00  4.63856906e+01  1.53697452e+00  1.79999997e+02
 1.54881662e+00  4.63856906e+01  1.54881662e+00  1.79999997e+02
 1.56074996e+00  4.63856906e+01  1.56074996e+00  1.79999997e+02
 1.57277525e+00  4.63856906e+01  1.57277525e+00  1.79999997e+02
 1.58489319e+00  4.63856906e+01  1.58489319e+00  1.79999997e+02
 1.59710450e+00  4.63856906e+01  1.59710450e+00  1.79999997e+02
 1.60940989e+00  4.63856906e+01  1.60940989e+00  1.79999997e+02
 1.62181010e+00  4.63856906e+01  1.62181010e+00  1.79999997e+02
 1.63430584e+00  4.63856906e+01  1.63430584e+00  1.79999997e+02
 1.64689787e+00  4.63856906e+01  1.64689787e+00  1.79999997e+02
 1.65958691e+00  4.63856906e+01  1.65958691e+00  1.79999997e+02
 1.67237372e+00  4.63856906e+01  1.67237372e+00  1.79999997e+02
 1.68525904e+00  4.63856906e+01  1.68525904e+00  1.79999997e+02
 1.69824365e+00  4.63856906e+01  1.69824365e+00  1.79999997e+02
 1.71132830e+00  4.63856906e+01  1.71132830e+00  1.79999997e+02
 1.72451377e+00  4.63856906e+01  1.72451377e+00  1.79999997e+02
 1.73780083e+00  4.63856906e+01  1.73780083e+00  1.79999997e+02
 1.75119026e+00  4.63856906e+01  1.75119026e+00  1.79999997e+02
 1.76468286e+00  4.63856906e+01  1.76468286e+00  1.79999997e+02
 1.77827941e+00  4.63856906e+01  1.77827941e+00  1.79999997e+02
 1.79198072e+00  4.63856906e+01  1.79198072e+00  1.79999997e+02
 1.80578760e+00  4.63856906e+01  1.80578760e+00  1.79999997e+02
 1.81970086e+00  4.63856906e+01  1.81970086e+00  1.79999997e+02
 1.83372132e+00  4.63856906e+01  1.83372132e+00  1.79999997e+02
 1.84784980e+00  4.63856906e+01  1.84784980e+00  1.79999997e+02
 1.86208714e+00  4.63856906e+01  1.86208714e+00  1.79999997e+02
 1.87643417e+00  4.63856906e+01  1.87643417e+00  1.79999997e+02
 1.89089175e+00  4.63856906e+01  1.89089175e+00  1.79999997e+02
 1.90546072e+00  4.63856906e+01  1.90546072e+00  1.79999997e+02
 1.92014194e+00  4.63856906e+01  1.92014194e+00  1.79999997e+02
 1.93493628e+00  4.63856906e+01  1.93493628e+00  1.79999997e+02
 1.94984460e+00  4.63856906e+01  1.94984460e+00  1.79999997e+02
 1.96486779e+00  4.63856906e+01  1.96486779e+00  1.79999997e+02
 1.98000673e+00  4.63856906e+01  1.98000673e+00  1.79999997e+02
 1.99526231e+00  4.63856906e+01  1.99526231e+00  1.79999997e+02
 2.01063544e+00  4.63856906e+01  2.01063544e+00  1.79999997e+02
 2.02612701e+00  4.63856906e+01  2.02612701e+00  1.79999997e+02
 2.04173794e+00  4.63856906e+01  2.04173794e+00  1.79999996e+02
 2.05746916e+00  4.63856906e+01  2.05746916e+00  1.79999996e+02
 2.07332157e+00  4.63856906e+01  2.07332157e+00  1.79999996e+02
 2.08929613e+00  4.63856906e+01  2.08929613e+00  1.79999996e+02
 2.10539377e+00  4.63856906e+01  2.10539377e+00  1.79999996e+02
 2.12161544e+00  4.63856906e+01  2.12161544e+00  1.79999996e+02
 2.13796209e+00  4.63856906e+01  2.13796209e+00  1.79999996e+02
 2.15443469e+00  4.63856906e+01  2.15443469e+00  1.79999996e+02
 2.17103421e+00  4.63856906e+01  2.17103421e+00  1.79999996e+02
 2.18776162e+00  4.63856906e+01  2.18776162e+00  1.79999996e+02
 2.20461792e+00  4.63856906e+01  2.20461792e+00  1.79999996e+02
 2.22160409e+00  4.63856906e+01  2.22160409e+00  1.79999996e+02
 2.23872114e+00  4.63856906e+01  2.23872114e+00  1.79999996e+02
 2.25597007e+00  4.63856906e+01  2.25597007e+00  1.79999996e+02
 2.27335190e+00  4.63856906e+01  2.27335190e+00  1.79999996e+02
 2.29086765e+00  4.63856906e+01  2.29086765e+00  1.79999996e+02
 2.30851836e+00  4.63856906e+01  2.30851836e+00  1.79999996e+02
 2.32630507e+00  4.63856906e+01  2.32630507e+00  1.79999996e+02
 2.34422882e+00  4.63856906e+01  2.34422882e+00  1.79999996e+02
 2.36229066e+00  4.63856906e+01  2.36229066e+00  1.79999996e+02
 2.38049167e+00  4.63856906e+01  2.38049167e+00  1.79999996e+02
 2.39883292e+00  4.63856906e+01  2.39883292e+00  1.79999996e+02
 2.41731548e+00  4.63856906e+01  2.41731548e+00  1.79999996e+02
 2.43594045e+00  4.63856906e+01  2.43594045e+00  1.79999996e+02
 2.45470892e+00  4.63856906e+01  2.45470892e+00  1.79999996e+02
 2.47362199e+00  4.63856906e+01  2.47362199e+00  1.79999996e+02
 2.49268079e+00  4.63856906e+01  2.49268079e+00  1.79999996e+02
 2.51188643e+00  4.63856906e+01  2.51188643e+00  1.79999996e+02
 2.53124005e+00  4.63856906e+01  2.53124005e+00  1.79999996e+02
 2.55074278e+00  4.63856906e+01  2.55074278e+00  1.79999996e+02
 2.57039578e+00  4.63856906e+01  2.57039578e+00  1.79999996e+02
 2.59020020e+00  4.63856906e+01  2.59020020e+00  1.79999996e+02
 2.61015722e+00  4.63856906e+01  2.61015722e+00  1.79999996e+02
 2.63026799e+00  4.63856906e+01  2.63026799e+00  1.79999995e+02
 2.65053372e+00  4.63856906e+01  2.65053372e+00  1.79999995e+02
 2.67095559e+00  4.63856906e+01  2.67095559e+00  1.79999995e+02
 2.69153480e+00  4.63856906e+01  2.69153480e+00  1.79999995e+02
 2.71227258e+00  4.63856906e+01  2.71227258e+00  1.79999995e+02
 2.73317014e+00  4.63856906e+01  2.73317014e+00  1.79999995e+02
 2.75422870e+00  4.63856906e+01  2.75422870e+00  1.79999995e+02
 2.77544952e+00  4.63856906e+01  2.77544952e+00  1.79999995e+02
 2.79683385e+00  4.63856906e+01  2.79683385e+00  1.79999995e+02
 2.81838293e+00  4.63856906e+01  2.81838293e+00  1.79999995e+02
 2.84009805e+00  4.63856906e+01  2.84009805e+00  1.79999995e+02
 2.86198048e+00  4.63856906e+01  2.86198048e+00  1.79999995e+02
 2.88403150e+00  4.63856906e+01  2.88403150e+00  1.79999995e+02
 2.90625243e+00  4.63856906e+01  2.90625243e+00  1.79999995e+02
 2.92864456e+00  4.63856906e+01  2.92864456e+00  1.79999995e+02
 2.95120923e+00  4.63856906e+01  2.95120923e+00  1.79999995e+02
 2.97394775e+00  4.63856906e+01  2.97394775e+00  1.79999995e+02
 2.99686146e+00  4.63856906e+01  2.99686146e+00  1.79999995e+02
 3.01995172e+00  4.63856906e+01  3.01995172e+00  1.79999995e+02
 3.04321989e+00  4.63856906e+01  3.04321989e+00  1.79999995e+02
 3.06666733e+00  4.63856906e+01  3.06666733e+00  1.79999995e+02
 3.09029543e+00  4.63856906e+01  3.09029543e+00  1.79999995e+02
 3.11410558e+00  4.63856906e+01  3.11410558e+00  1.79999995e+02
 3.13809919e+00  4.63856906e+01  3.13809919e+00  1.79999995e+02
 3.16227766e+00  4.63856906e+01  3.16227766e+00  1.79999995e+02
 3.18664242e+00  4.63856906e+01  3.18664242e+00  1.79999995e+02
 3.21119491e+00  4.63856906e+01  3.21119491e+00  1.79999994e+02
 3.23593657e+00  4.63856906e+01  3.23593657e+00  1.79999994e+02
 3.26086886e+00  4.63856906e+01  3.26086886e+00  1.79999994e+02
 3.28599325e+00  4.63856906e+01  3.28599325e+00  1.79999994e+02
 3.31131121e+00  4.63856906e+01  3.31131121e+00  1.79999994e+02
 3.33682425e+00  4.63856906e+01  3.33682425e+00  1.79999994e+02
 3.36253386e+00  4.63856906e+01  3.36253386e+00  1.79999994e+02
 3.38844156e+00  4.63856906e+01  3.38844156e+00  1.79999994e+02
 3.41454887e+00  4.63856906e+01  3.41454887e+00  1.79999994e+02
 3.44085734e+00  4.63856906e+01  3.44085734e+00  1.79999994e+02
 3.46736850e+00  4.63856906e+01  3.46736850e+00  1.79999994e+02
 3.49408393e+00  4.63856906e+01  3.49408393e+00  1.79999994e+02
 3.52100520e+00  4.63856906e+01  3.52100520e+00  1.79999994e+02
 3.54813389e+00  4.63856906e+01  3.54813389e+00  1.79999994e+02
 3.57547160e+00  4.63856906e+01  3.57547160e+00  1.79999994e+02
 3.60301995e+00  4.63856906e+01  3.60301995e+00  1.79999994e+02
 3.63078055e+00  4.63856906e+01  3.63078055e+00  1.79999994e+02
 3.65875504e+00  4.63856906e+01  3.65875504e+00  1.79999994e+02
 3.68694506e+00  4.63856906e+01  3.68694506e+00  1.79999994e+02
 3.71535229e+00  4.63856906e+01  3.71535229e+00  1.79999994e+02
 3.74397839e+00  4.63856906e+01  3.74397839e+00  1.79999994e+02
 3.77282505e+00  4.63856906e+01  3.77282505e+00  1.79999994e+02
 3.80189396e+00  4.63856906e+01  3.80189396e+00  1.79999993e+02
 3.83118685e+00  4.63856906e+01  3.83118685e+00  1.79999993e+02
 3.86070543e+00  4.63856906e+01  3.86070543e+00  1.79999993e+02
 3.89045145e+00  4.63856906e+01  3.89045145e+00  1.79999993e+02
 3.92042666e+00  4.63856906e+01  3.92042666e+00  1.79999993e+02
 3.95063281e+00  4.63856906e+01  3.95063281e+00  1.79999993e+02
 3.98107171e+00  4.63856906e+01  3.98107171e+00  1.79999993e+02
 4.01174512e+00  4.63856906e+01  4.01174512e+00  1.79999993e+02
 4.04265487e+00  4.63856906e+01  4.04265487e+00  1.79999993e+02
 4.07380278e+00  4.63856906e+01  4.07380278e+00  1.79999993e+02
 4.10519067e+00  4.63856906e+01  4.10519067e+00  1.79999993e+02
 4.13682040e+00  4.63856906e+01  4.13682040e+00  1.79999993e+02
 4.16869383e+00  4.63856906e+01  4.16869383e+00  1.79999993e+02
 4.20081285e+00  4.63856906e+01  4.20081285e+00  1.79999993e+02
 4.23317933e+00  4.63856906e+01  4.23317933e+00  1.79999993e+02
 4.26579519e+00  4.63856906e+01  4.26579519e+00  1.79999993e+02
 4.29866235e+00  4.63856906e+01  4.29866235e+00  1.79999993e+02
 4.33178274e+00  4.63856906e+01  4.33178274e+00  1.79999993e+02
 4.36515832e+00  4.63856906e+01  4.36515832e+00  1.79999992e+02
 4.39879106e+00  4.63856906e+01  4.39879106e+00  1.79999992e+02
 4.43268292e+00  4.63856906e+01  4.43268292e+00  1.79999992e+02
 4.46683592e+00  4.63856906e+01  4.46683592e+00  1.79999992e+02
 4.50125206e+00  4.63856906e+01  4.50125206e+00  1.79999992e+02
 4.53593337e+00  4.63856906e+01  4.53593337e+00  1.79999992e+02
 4.57088190e+00  4.63856906e+01  4.57088190e+00  1.79999992e+02
 4.60609969e+00  4.63856906e+01  4.60609969e+00  1.79999992e+02
 4.64158883e+00  4.63856906e+01  4.64158883e+00  1.79999992e+02
 4.67735141e+00  4.63856906e+01  4.67735141e+00  1.79999992e+02
 4.71338954e+00  4.63856906e+01  4.71338954e+00  1.79999992e+02
 4.74970533e+00  4.63856906e+01  4.74970533e+00  1.79999992e+02
 4.78630092e+00  4.63856906e+01  4.78630092e+00  1.79999992e+02
 4.82317848e+00  4.63856906e+01  4.82317848e+00  1.79999992e+02
 4.86034018e+00  4.63856906e+01  4.86034018e+00  1.79999992e+02
 4.89778819e+00  4.63856906e+01  4.89778819e+00  1.79999992e+02
 4.93552474e+00  4.63856906e+01  4.93552474e+00  1.79999992e+02
 4.97355204e+00  4.63856906e+01  4.97355204e+00  1.79999991e+02
 5.01187234e+00  4.63856906e+01  5.01187234e+00  1.79999991e+02
 5.05048788e+00  4.63856906e+01  5.05048788e+00  1.79999991e+02
 5.08940095e+00  4.63856906e+01  5.08940095e+00  1.79999991e+02
 5.12861384e+00  4.63856906e+01  5.12861384e+00  1.79999991e+02
 5.16812886e+00  4.63856906e+01  5.16812886e+00  1.79999991e+02
 5.20794833e+00  4.63856906e+01  5.20794833e+00  1.79999991e+02
 5.24807460e+00  4.63856906e+01  5.24807460e+00  1.79999991e+02
 5.28851004e+00  4.63856906e+01  5.28851004e+00  1.79999991e+02
 5.32925703e+00  4.63856906e+01  5.32925703e+00  1.79999991e+02
 5.37031796e+00  4.63856906e+01  5.37031796e+00  1.79999991e+02
 5.41169527e+00  4.63856906e+01  5.41169527e+00  1.79999991e+02
 5.45339137e+00  4.63856906e+01  5.45339137e+00  1.79999991e+02
 5.49540874e+00  4.63856906e+01  5.49540874e+00  1.79999991e+02
 5.53774984e+00  4.63856906e+01  5.53774984e+00  1.79999990e+02
 5.58041717e+00  4.63856906e+01  5.58041717e+00  1.79999990e+02
 5.62341325e+00  4.63856906e+01  5.62341325e+00  1.79999990e+02
 5.66674061e+00  4.63856906e+01  5.66674061e+00  1.79999990e+02
 5.71040179e+00  4.63856906e+01  5.71040179e+00  1.79999990e+02
 5.75439937e+00  4.63856906e+01  5.75439937e+00  1.79999990e+02
 5.79873595e+00  4.63856906e+01  5.79873595e+00  1.79999990e+02
 5.84341413e+00  4.63856906e+01  5.84341413e+00  1.79999990e+02
 5.88843655e+00  4.63856906e+01  5.88843655e+00  1.79999990e+02
 5.93380586e+00  4.63856906e+01  5.93380586e+00  1.79999990e+02
 5.97952473e+00  4.63856906e+01  5.97952473e+00  1.79999990e+02
 6.02559586e+00  4.63856906e+01  6.02559586e+00  1.79999990e+02
 6.07202196e+00  4.63856906e+01  6.07202196e+00  1.79999990e+02
 6.11880576e+00  4.63856906e+01  6.11880576e+00  1.79999989e+02
 6.16595002e+00  4.63856906e+01  6.16595002e+00  1.79999989e+02
 6.21345752e+00  4.63856906e+01  6.21345752e+00  1.79999989e+02
 6.26133105e+00  4.63856906e+01  6.26133105e+00  1.79999989e+02
 6.30957344e+00  4.63856906e+01  6.30957344e+00  1.79999989e+02
 6.35818754e+00  4.63856906e+01  6.35818754e+00  1.79999989e+02
 6.40717619e+00  4.63856906e+01  6.40717619e+00  1.79999989e+02
 6.45654229e+00  4.63856906e+01  6.45654229e+00  1.79999989e+02
 6.50628875e+00  4.63856906e+01  6.50628875e+00  1.79999989e+02
 6.55641849e+00  4.63856906e+01  6.55641849e+00  1.79999989e+02
 6.60693448e+00  4.63856906e+01  6.60693448e+00  1.79999989e+02
 6.65783968e+00  4.63856906e+01  6.65783968e+00  1.79999989e+02
 6.70913710e+00  4.63856906e+01  6.70913710e+00  1.79999988e+02
 6.76082975e+00  4.63856906e+01  6.76082975e+00  1.79999988e+02
 6.81292069e+00  4.63856906e+01  6.81292069e+00  1.79999988e+02
 6.86541298e+00  4.63856906e+01  6.86541298e+00  1.79999988e+02
 6.91830971e+00  4.63856906e+01  6.91830971e+00  1.79999988e+02
 6.97161400e+00  4.63856906e+01  6.97161400e+00  1.79999988e+02
 7.02532899e+00  4.63856906e+01  7.02532899e+00  1.79999988e+02
 7.07945784e+00  4.63856906e+01  7.07945784e+00  1.79999988e+02
 7.13400375e+00  4.63856906e+01  7.13400375e+00  1.79999988e+02
 7.18896992e+00  4.63856906e+01  7.18896992e+00  1.79999988e+02
 7.24435960e+00  4.63856906e+01  7.24435960e+00  1.79999988e+02
 7.30017605e+00  4.63856906e+01  7.30017605e+00  1.79999987e+02
 7.35642254e+00  4.63856906e+01  7.35642254e+00  1.79999987e+02
 7.41310241e+00  4.63856906e+01  7.41310241e+00  1.79999987e+02
 7.47021899e+00  4.63856906e+01  7.47021899e+00  1.79999987e+02
 7.52777564e+00  4.63856906e+01  7.52777564e+00  1.79999987e+02
 7.58577575e+00  4.63856906e+01  7.58577575e+00  1.79999987e+02
 7.64422274e+00  4.63856906e+01  7.64422274e+00  1.79999987e+02
 7.70312006e+00  4.63856906e+01  7.70312006e+00  1.79999987e+02
 7.76247117e+00  4.63856906e+01  7.76247117e+00  1.79999987e+02
 7.82227956e+00  4.63856906e+01  7.82227956e+00  1.79999987e+02
 7.88254877e+00  4.63856906e+01  7.88254877e+00  1.79999986e+02
 7.94328235e+00  4.63856906e+01  7.94328235e+00  1.79999986e+02
 8.00448386e+00  4.63856906e+01  8.00448386e+00  1.79999986e+02
 8.06615692e+00  4.63856906e+01  8.06615692e+00  1.79999986e+02
 8.12830516e+00  4.63856906e+01  8.12830516e+00  1.79999986e+02
 8.19093224e+00  4.63856906e+01  8.19093224e+00  1.79999986e+02
 8.25404185e+00  4.63856906e+01  8.25404185e+00  1.79999986e+02
 8.31763771e+00  4.63856906e+01  8.31763771e+00  1.79999986e+02
 8.38172356e+00  4.63856906e+01  8.38172356e+00  1.79999986e+02
 8.44630319e+00  4.63856906e+01  8.44630319e+00  1.79999985e+02
 8.51138038e+00  4.63856906e+01  8.51138038e+00  1.79999985e+02
 8.57695899e+00  4.63856906e+01  8.57695899e+00  1.79999985e+02
 8.64304286e+00  4.63856906e+01  8.64304286e+00  1.79999985e+02
 8.70963590e+00  4.63856906e+01  8.70963590e+00  1.79999985e+02
 8.77674203e+00  4.63856906e+01  8.77674203e+00  1.79999985e+02
 8.84436519e+00  4.63856906e+01  8.84436519e+00  1.79999985e+02
 8.91250938e+00  4.63856906e+01  8.91250938e+00  1.79999985e+02
 8.98117861e+00  4.63856906e+01  8.98117861e+00  1.79999985e+02
 9.05037692e+00  4.63856906e+01  9.05037692e+00  1.79999984e+02
 9.12010839e+00  4.63856906e+01  9.12010839e+00  1.79999984e+02
 9.19037713e+00  4.63856906e+01  9.19037713e+00  1.79999984e+02
 9.26118728e+00  4.63856906e+01  9.26118728e+00  1.79999984e+02
 9.33254301e+00  4.63856906e+01  9.33254301e+00  1.79999984e+02
 9.40444852e+00  4.63856906e+01  9.40444852e+00  1.79999984e+02
 9.47690805e+00  4.63856906e+01  9.47690805e+00  1.79999984e+02
 9.54992586e+00  4.63856906e+01  9.54992586e+00  1.79999984e+02
 9.62350626e+00  4.63856906e+01  9.62350626e+00  1.79999983e+02
 9.69765359e+00  4.63856906e+01  9.69765359e+00  1.79999983e+02
 9.77237221e+00  4.63856906e+01  9.77237221e+00  1.79999983e+02
 9.84766652e+00  4.63856906e+01  9.84766652e+00  1.79999983e+02
 9.92354096e+00  4.63856906e+01  9.92354096e+00  1.79999983e+02
 1.00000000e+01  4.63856906e+01  1.00000000e+01  1.79999983e+02
 1.00770481e+01  4.63856906e+01  1.00770481e+01  1.79999983e+02
 1.01546899e+01  4.63856906e+01  1.01546899e+01  1.79999983e+02
 1.02329299e+01  4.63856906e+01  1.02329299e+01  1.79999982e+02
 1.03117727e+01  4.63856906e+01  1.03117727e+01  1.79999982e+02
 1.03912230e+01  4.63856906e+01  1.03912230e+01  1.79999982e+02
 1.04712855e+01  4.63856906e+01  1.04712855e+01  1.79999982e+02
 1.05519648e+01  4.63856906e+01  1.05519648e+01  1.79999982e+02
 1.06332657e+01  4.63856906e+01  1.06332657e+01  1.79999982e+02
 1.07151931e+01  4.63856906e+01  1.07151931e+01  1.79999982e+02
 1.07977516e+01  4.63856906e+01  1.07977516e+01  1.79999981e+02
 1.08809463e+01  4.63856906e+01  1.08809463e+01  1.79999981e+02
 1.09647820e+01  4.63856906e+01  1.09647820e+01  1.79999981e+02
 1.10492636e+01  4.63856906e+01  1.10492636e+01  1.79999981e+02
 1.11343961e+01  4.63856906e+01  1.11343961e+01  1.79999981e+02
 1.12201845e+01  4.63856906e+01  1.12201845e+01  1.79999981e+02
 1.13066340e+01  4.63856906e+01  1.13066340e+01  1.79999981e+02
 1.13937495e+01  4.63856906e+01  1.13937495e+01  1.79999980e+02
 1.14815362e+01  4.63856906e+01  1.14815362e+01  1.79999980e+02
 1.15699993e+01  4.63856906e+01  1.15699993e+01  1.79999980e+02
 1.16591440e+01  4.63856906e+01  1.16591440e+01  1.79999980e+02
 1.17489755e+01  4.63856906e+01  1.17489755e+01  1.79999980e+02
 1.18394992e+01  4.63856906e+01  1.18394992e+01  1.79999980e+02
 1.19307204e+01  4.63856906e+01  1.19307204e+01  1.79999979e+02
 1.20226443e+01  4.63856906e+01  1.20226443e+01  1.79999979e+02
 1.21152766e+01  4.63856906e+01  1.21152766e+01  1.79999979e+02
 1.22086225e+01  4.63856906e+01  1.22086225e+01  1.79999979e+02
 1.23026877e+01  4.63856906e+01  1.23026877e+01  1.79999979e+02
 1.23974776e+01  4.63856906e+01  1.23974776e+01  1.79999979e+02
 1.24929979e+01  4.63856906e+01  1.24929979e+01  1.79999978e+02
 1.25892541e+01  4.63856906e+01  1.25892541e+01  1.79999978e+02
 1.26862520e+01  4.63856906e+01  1.26862520e+01  1.79999978e+02
 1.27839972e+01  4.63856906e+01  1.27839972e+01  1.79999978e+02
 1.28824955e+01  4.63856906e+01  1.28824955e+01  1.79999978e+02
 1.29817528e+01  4.63856906e+01  1.29817528e+01  1.79999978e+02
 1.30817747e+01  4.63856906e+01  1.30817747e+01  1.79999977e+02
 1.31825674e+01  4.63856906e+01  1.31825674e+01  1.79999977e+02
 1.32841366e+01  4.63856906e+01  1.32841366e+01  1.79999977e+02
 1.33864884e+01  4.63856906e+01  1.33864884e+01  1.79999977e+02
 1.34896288e+01  4.63856906e+01  1.34896288e+01  1.79999977e+02
 1.35935639e+01  4.63856906e+01  1.35935639e+01  1.79999977e+02
 1.36982998e+01  4.63856906e+01  1.36982998e+01  1.79999976e+02
 1.38038426e+01  4.63856906e+01  1.38038426e+01  1.79999976e+02
 1.39101987e+01  4.63856906e+01  1.39101987e+01  1.79999976e+02
 1.40173742e+01  4.63856906e+01  1.40173742e+01  1.79999976e+02
 1.41253754e+01  4.63856906e+01  1.41253754e+01  1.79999976e+02
 1.42342088e+01  4.63856906e+01  1.42342088e+01  1.79999975e+02
 1.43438808e+01  4.63856906e+01  1.43438808e+01  1.79999975e+02
 1.44543977e+01  4.63856906e+01  1.44543977e+01  1.79999975e+02
 1.45657662e+01  4.63856906e+01  1.45657662e+01  1.79999975e+02
 1.46779927e+01  4.63856906e+01  1.46779927e+01  1.79999975e+02
 1.47910839e+01  4.63856906e+01  1.47910839e+01  1.79999975e+02
 1.49050464e+01  4.63856906e+01  1.49050464e+01  1.79999974e+02
 1.50198870e+01  4.63856906e+01  1.50198870e+01  1.79999974e+02
 1.51356125e+01  4.63856906e+01  1.51356125e+01  1.79999974e+02
 1.52522296e+01  4.63856906e+01  1.52522296e+01  1.79999974e+02
 1.53697452e+01  4.63856906e+01  1.53697452e+01  1.79999974e+02
 1.54881662e+01  4.63856906e+01  1.54881662e+01  1.79999973e+02
 1.56074996e+01  4.63856906e+01  1.56074996e+01  1.79999973e+02
 1.57277525e+01  4.63856906e+01  1.57277525e+01  1.79999973e+02
 1.58489319e+01  4.63856906e+01  1.58489319e+01  1.79999973e+02
 1.59710450e+01  4.63856906e+01  1.59710450e+01  1.79999973e+02
 1.60940989e+01  4.63856906e+01  1.60940989e+01  1.79999972e+02
 1.62181010e+01  4.63856906e+01  1.62181010e+01  1.79999972e+02
 1.63430584e+01  4.63856906e+01  1.63430584e+01  1.79999972e+02
 1.64689787e+01  4.63856906e+01  1.64689787e+01  1.79999972e+02
 1.65958691e+01  4.63856906e+01  1.65958691e+01  1.79999971e+02
 1.67237372e+01  4.63856906e+01  1.67237372e+01  1.79999971e+02
 1.68525904e+01  4.63856906e+01  1.68525904e+01  1.79999971e+02
 1.69824365e+01  4.63856906e+01  1.69824365e+01  1.79999971e+02
 1.71132830e+01  4.63856906e+01  1.71132830e+01  1.79999971e+02
 1.72451377e+01  4.63856906e+01  1.72451377e+01  1.79999970e+02
 1.73780083e+01  4.63856906e+01  1.73780083e+01  1.79999970e+02
 1.75119026e+01  4.63856906e+01  1.75119026e+01  1.79999970e+02
 1.76468286e+01  4.63856906e+01  1.76468286e+01  1.79999970e+02
 1.77827941e+01  4.63856906e+01  1.77827941e+01  1.79999969e+02
 1.79198072e+01  4.63856906e+01  1.79198072e+01  1.79999969e+02
 1.80578760e+01  4.63856906e+01  1.80578760e+01  1.79999969e+02
 1.81970086e+01  4.63856906e+01  1.81970086e+01  1.79999969e+02
 1.83372132e+01  4.63856906e+01  1.83372132e+01  1.79999968e+02
 1.84784980e+01  4.63856906e+01  1.84784980e+01  1.79999968e+02
 1.86208714e+01  4.63856906e+01  1.86208714e+01  1.79999968e+02
 1.87643417e+01  4.63856906e+01  1.87643417e+01  1.79999968e+02
 1.89089175e+01  4.63856906e+01  1.89089175e+01  1.79999967e+02
 1.90546072e+01  4.63856906e+01  1.90546072e+01  1.79999967e+02
 1.92014194e+01  4.63856906e+01  1.92014194e+01  1.79999967e+02
 1.93493628e+01  4.63856906e+01  1.93493628e+01  1.79999967e+02
 1.94984460e+01  4.63856906e+01  1.94984460e+01  1.79999966e+02
 1.96486779e+01  4.63856906e+01  1.96486779e+01  1.79999966e+02
 1.98000673e+01  4.63856906e+01  1.98000673e+01  1.79999966e+02
 1.99526231e+01  4.63856906e+01  1.99526231e+01  1.79999966e+02
 2.01063544e+01  4.63856906e+01  2.01063544e+01  1.79999965e+02
 2.02612701e+01  4.63856906e+01  2.02612701e+01  1.79999965e+02
 2.04173794e+01  4.63856906e+01  2.04173794e+01  1.79999965e+02
 2.05746916e+01  4.63856906e+01  2.05746916e+01  1.79999965e+02
 2.07332157e+01  4.63856906e+01  2.07332157e+01  1.79999964e+02
 2.08929613e+01  4.63856906e+01  2.08929613e+01  1.79999964e+02
 2.10539377e+01  4.63856906e+01  2.10539377e+01  1.79999964e+02
 2.12161544e+01  4.63856906e+01  2.12161544e+01  1.79999963e+02
 2.13796209e+01  4.63856906e+01  2.13796209e+01  1.79999963e+02
 2.15443469e+01  4.63856906e+01  2.15443469e+01  1.79999963e+02
 2.17103421e+01  4.63856906e+01  2.17103421e+01  1.79999963e+02
 2.18776162e+01  4.63856906e+01  2.18776162e+01  1.79999962e+02
 2.20461792e+01  4.63856906e+01  2.20461792e+01  1.79999962e+02
 2.22160409e+01  4.63856906e+01  2.22160409e+01  1.79999962e+02
 2.23872114e+01  4.63856906e+01  2.23872114e+01  1.79999961e+02
 2.25597007e+01  4.63856906e+01  2.25597007e+01  1.79999961e+02
 2.27335190e+01  4.63856906e+01  2.27335190e+01  1.79999961e+02
 2.29086765e+01  4.63856906e+01  2.29086765e+01  1.79999961e+02
 2.30851836e+01  4.63856906e+01  2.30851836e+01  1.79999960e+02
 2.32630507e+01  4.63856906e+01  2.32630507e+01  1.79999960e+02
 2.34422882e+01  4.63856906e+01  2.34422882e+01  1.79999960e+02
 2.36229066e+01  4.63856906e+01  2.36229066e+01  1.79999959e+02
 2.38049167e+01  4.63856906e+01  2.38049167e+01  1.79999959e+02
 2.39883292e+01  4.63856906e+01  2.39883292e+01  1.79999959e+02
 2.41731548e+01  4.63856906e+01  2.41731548e+01  1.79999958e+02
 2.43594045e+01  4.63856906e+01  2.43594045e+01  1.79999958e+02
 2.45470892e+01  4.63856906e+01  2.45470892e+01  1.79999958e+02
 2.47362199e+01  4.63856906e+01  2.47362199e+01  1.79999957e+02
 2.49268079e+01  4.63856906e+01  2.49268079e+01  1.79999957e+02
 2.51188643e+01  4.63856906e+01  2.51188643e+01  1.79999957e+02
 2.53124005e+01  4.63856906e+01  2.53124005e+01  1.79999956e+02
 2.55074278e+01  4.63856906e+01  2.55074278e+01  1.79999956e+02
 2.57039578e+01  4.63856906e+01  2.57039578e+01  1.79999956e+02
 2.59020020e+01  4.63856906e+01  2.59020020e+01  1.79999955e+02
 2.61015722e+01  4.63856906e+01  2.61015722e+01  1.79999955e+02
 2.63026799e+01  4.63856906e+01  2.63026799e+01  1.79999955e+02
 2.65053372e+01  4.63856906e+01  2.65053372e+01  1.79999954e+02
 2.67095559e+01  4.63856906e+01  2.67095559e+01  1.79999954e+02
 2.69153480e+01  4.63856906e+01  2.69153480e+01  1.79999954e+02
 2.71227258e+01  4.63856906e+01  2.71227258e+01  1.79999953e+02
 2.73317014e+01  4.63856906e+01  2.73317014e+01  1.79999953e+02
 2.75422870e+01  4.63856906e+01  2.75422870e+01  1.79999953e+02
 2.77544952e+01  4.63856906e+01  2.77544952e+01  1.79999952e+02
 2.79683385e+01  4.63856906e+01  2.79683385e+01  1.79999952e+02
 2.81838293e+01  4.63856906e+01  2.81838293e+01  1.79999951e+02
 2.84009805e+01  4.63856906e+01  2.84009805e+01  1.79999951e+02
 2.86198048e+01  4.63856906e+01  2.86198048e+01  1.79999951e+02
 2.88403150e+01  4.63856906e+01  2.88403150e+01  1.79999950e+02
 2.90625243e+01  4.63856906e+01  2.90625243e+01  1.79999950e+02
 2.92864456e+01  4.63856906e+01  2.92864456e+01  1.79999950e+02
 2.95120923e+01  4.63856906e+01  2.95120923e+01  1.79999949e+02
 2.97394775e+01  4.63856906e+01  2.97394775e+01  1.79999949e+02
 2.99686146e+01  4.63856906e+01  2.99686146e+01  1.79999948e+02
 3.01995172e+01  4.63856906e+01  3.01995172e+01  1.79999948e+02
 3.04321989e+01  4.63856906e+01  3.04321989e+01  1.79999948e+02
 3.06666733e+01  4.63856906e+01  3.06666733e+01  1.79999947e+02
 3.09029543e+01  4.63856906e+01  3.09029543e+01  1.79999947e+02
 3.11410558e+01  4.63856906e+01  3.11410558e+01  1.79999946e+02
 3.13809919e+01  4.63856906e+01  3.13809919e+01  1.79999946e+02
 3.16227766e+01  4.63856906e+01  3.16227766e+01  1.79999946e+02
 3.18664242e+01  4.63856906e+01  3.18664242e+01  1.79999945e+02
 3.21119491e+01  4.63856906e+01  3.21119491e+01  1.79999945e+02
 3.23593657e+01  4.63856906e+01  3.23593657e+01  1.79999944e+02
 3.26086886e+01  4.63856906e+01  3.26086886e+01  1.79999944e+02
 3.28599325e+01  4.63856906e+01  3.28599325e+01  1.79999943e+02
 3.31131121e+01  4.63856906e+01  3.31131121e+01  1.79999943e+02
 3.33682425e+01  4.63856906e+01  3.33682425e+01  1.79999943e+02
 3.36253386e+01  4.63856906e+01  3.36253386e+01  1.79999942e+02
 3.38844156e+01  4.63856906e+01  3.38844156e+01  1.79999942e+02
 3.41454887e+01  4.63856906e+01  3.41454887e+01  1.79999941e+02
 3.44085734e+01  4.63856906e+01  3.44085734e+01  1.79999941e+02
 3.46736850e+01  4.63856906e+01  3.46736850e+01  1.79999940e+02
 3.49408393e+01  4.63856906e+01  3.49408393e+01  1.79999940e+02
 3.52100520e+01  4.63856906e+01  3.52100520e+01  1.79999939e+02
 3.54813389e+01  4.63856906e+01  3.54813389e+01  1.79999939e+02
 3.57547160e+01  4.63856906e+01  3.57547160e+01  1.79999938e+02
 3.60301995e+01  4.63856906e+01  3.60301995e+01  1.79999938e+02
 3.63078055e+01  4.63856906e+01  3.63078055e+01  1.79999937e+02
 3.65875504e+01  4.63856906e+01  3.65875504e+01  1.79999937e+02
 3.68694506e+01  4.63856906e+01  3.68694506e+01  1.79999937e+02
 3.71535229e+01  4.63856906e+01  3.71535229e+01  1.79999936e+02
 3.74397839e+01  4.63856906e+01  3.74397839e+01  1.79999936e+02
 3.77282505e+01  4.63856906e+01  3.77282505e+01  1.79999935e+02
 3.80189396e+01  4.63856906e+01  3.80189396e+01  1.79999935e+02
 3.83118685e+01  4.63856906e+01  3.83118685e+01  1.79999934e+02
 3.86070543e+01  4.63856906e+01  3.86070543e+01  1.79999934e+02
 3.89045145e+01  4.63856906e+01  3.89045145e+01  1.79999933e+02
 3.92042666e+01  4.63856906e+01  3.92042666e+01  1.79999933e+02
 3.95063281e+01  4.63856906e+01  3.95063281e+01  1.79999932e+02
 3.98107171e+01  4.63856906e+01  3.98107171e+01  1.79999931e+02
 4.01174512e+01  4.63856906e+01  4.01174512e+01  1.79999931e+02
 4.04265487e+01  4.63856906e+01  4.04265487e+01  1.79999930e+02
 4.07380278e+01  4.63856906e+01  4.07380278e+01  1.79999930e+02
 4.10519067e+01  4.63856906e+01  4.10519067e+01  1.79999929e+02
 4.13682040e+01  4.63856906e+01  4.13682040e+01  1.79999929e+02
 4.16869383e+01  4.63856906e+01  4.16869383e+01  1.79999928e+02
 4.20081285e+01  4.63856906e+01  4.20081285e+01  1.79999928e+02
 4.23317933e+01  4.63856906e+01  4.23317933e+01  1.79999927e+02
 4.26579519e+01  4.63856906e+01  4.26579519e+01  1.79999927e+02
 4.29866235e+01  4.63856906e+01  4.29866235e+01  1.79999926e+02
 4.33178274e+01  4.63856906e+01  4.33178274e+01  1.79999925e+02
 4.36515832e+01  4.63856906e+01  4.36515832e+01  1.79999925e+02
 4.39879106e+01  4.63856906e+01  4.39879106e+01  1.79999924e+02
 4.43268292e+01  4.63856906e+01  4.43268292e+01  1.79999924e+02
 4.46683592e+01  4.63856906e+01  4.46683592e+01  1.79999923e+02
 4.50125206e+01  4.63856906e+01  4.50125206e+01  1.79999923e+02
 4.53593337e+01  4.63856906e+01  4.53593337e+01  1.79999922e+02
 4.57088190e+01  4.63856906e+01  4.57088190e+01  1.79999921e+02
 4.60609969e+01  4.63856906e+01  4.60609969e+01  1.79999921e+02
 4.64158883e+01  4.63856906e+01  4.64158883e+01  1.79999920e+02
 4.67735141e+01  4.63856906e+01  4.67735141e+01  1.79999919e+02
 4.71338954e+01  4.63856906e+01  4.71338954e+01  1.79999919e+02
 4.74970533e+01  4.63856906e+01  4.74970533e+01  1.79999918e+02
 4.78630092e+01  4.63856906e+01  4.78630092e+01  1.79999918e+02
 4.82317848e+01  4.63856906e+01  4.82317848e+01  1.79999917e+02
 4.86034018e+01  4.63856906e+01  4.86034018e+01  1.79999916e+02
 4.89778819e+01  4.63856906e+01  4.89778819e+01  1.79999916e+02
 4.93552474e+01  4.63856906e+01  4.93552474e+01  1.79999915e+02
 4.97355204e+01  4.63856906e+01  4.97355204e+01  1.79999914e+02
 5.01187234e+01  4.63856906e+01  5.01187234e+01  1.79999914e+02
 5.05048788e+01  4.63856906e+01  5.05048788e+01  1.79999913e+02
 5.08940095e+01  4.63856906e+01  5.08940095e+01  1.79999912e+02
 5.12861384e+01  4.63856906e+01  5.12861384e+01  1.79999912e+02
 5.16812886e+01  4.63856906e+01  5.16812886e+01  1.79999911e+02
 5.20794833e+01  4.63856906e+01  5.20794833e+01  1.79999910e+02
 5.24807460e+01  4.63856906e+01  5.24807460e+01  1.79999910e+02
 5.28851004e+01  4.63856906e+01  5.28851004e+01  1.79999909e+02
 5.32925703e+01  4.63856906e+01  5.32925703e+01  1.79999908e+02
 5.37031796e+01  4.63856906e+01  5.37031796e+01  1.79999908e+02
 5.41169527e+01  4.63856906e+01  5.41169527e+01  1.79999907e+02
 5.45339137e+01  4.63856906e+01  5.45339137e+01  1.79999906e+02
 5.49540874e+01  4.63856906e+01  5.49540874e+01  1.79999905e+02
 5.53774984e+01  4.63856906e+01  5.53774984e+01  1.79999905e+02
 5.58041717e+01  4.63856906e+01  5.58041717e+01  1.79999904e+02
 5.62341325e+01  4.63856906e+01  5.62341325e+01  1.79999903e+02
 5.66674061e+01  4.63856906e+01  5.66674061e+01  1.79999902e+02
 5.71040179e+01  4.63856906e+01  5.71040179e+01  1.79999902e+02
 5.75439937e+01  4.63856906e+01  5.75439937e+01  1.79999901e+02
 5.79873595e+01  4.63856906e+01  5.79873595e+01  1.79999900e+02
 5.84341413e+01  4.63856906e+01  5.84341413e+01  1.79999899e+02
 5.88843655e+01  4.63856906e+01  5.88843655e+01  1.79999899e+02
 5.93380586e+01  4.63856906e+01  5.93380586e+01  1.79999898e+02
 5.97952473e+01  4.63856906e+01  5.97952473e+01  1.79999897e+02
 6.02559586e+01  4.63856906e+01  6.02559586e+01  1.79999896e+02
 6.07202196e+01  4.63856906e+01  6.07202196e+01  1.79999895e+02
 6.11880576e+01  4.63856906e+01  6.11880576e+01  1.79999895e+02
 6.16595002e+01  4.63856906e+01  6.16595002e+01  1.79999894e+02
 6.21345752e+01  4.63856906e+01  6.21345752e+01  1.79999893e+02
 6.26133105e+01  4.63856906e+01  6.26133105e+01  1.79999892e+02
 6.30957344e+01  4.63856906e+01  6.30957344e+01  1.79999891e+02
 6.35818754e+01  4.63856906e+01  6.35818754e+01  1.79999891e+02
 6.40717619e+01  4.63856906e+01  6.40717619e+01  1.79999890e+02
 6.45654229e+01  4.63856906e+01  6.45654229e+01  1.79999889e+02
 6.50628875e+01  4.63856906e+01  6.50628875e+01  1.79999888e+02
 6.55641849e+01  4.63856906e+01  6.55641849e+01  1.79999887e+02
 6.60693448e+01  4.63856906e+01  6.60693448e+01  1.79999886e+02
 6.65783968e+01  4.63856906e+01  6.65783968e+01  1.79999885e+02
 6.70913710e+01  4.63856906e+01  6.70913710e+01  1.79999885e+02
 6.76082975e+01  4.63856906e+01  6.76082975e+01  1.79999884e+02
 6.81292069e+01  4.63856906e+01  6.81292069e+01  1.79999883e+02
 6.86541298e+01  4.63856906e+01  6.86541298e+01  1.79999882e+02
 6.91830971e+01  4.63856906e+01  6.91830971e+01  1.79999881e+02
 6.97161400e+01  4.63856906e+01  6.97161400e+01  1.79999880e+02
 7.02532899e+01  4.63856906e+01  7.02532899e+01  1.79999879e+02
 7.07945784e+01  4.63856906e+01  7.07945784e+01  1.79999878e+02
 7.13400375e+01  4.63856906e+01  7.13400375e+01  1.79999877e+02
 7.18896992e+01  4.63856906e+01  7.18896992e+01  1.79999876e+02
 7.24435960e+01  4.63856906e+01  7.24435960e+01  1.79999875e+02
 7.30017605e+01  4.63856906e+01  7.30017605e+01  1.79999874e+02
 7.35642254e+01  4.63856906e+01  7.35642254e+01  1.79999873e+02
 7.41310241e+01  4.63856906e+01  7.41310241e+01  1.79999872e+02
 7.47021899e+01  4.63856906e+01  7.47021899e+01  1.79999871e+02
 7.52777564e+01  4.63856906e+01  7.52777564e+01  1.79999870e+02
 7.58577575e+01  4.63856906e+01  7.58577575e+01  1.79999869e+02
 7.64422274e+01  4.63856906e+01  7.64422274e+01  1.79999868e+02
 7.70312006e+01  4.63856906e+01  7.70312006e+01  1.79999867e+02
 7.76247117e+01  4.63856906e+01  7.76247117e+01  1.79999866e+02
 7.82227956e+01  4.63856906e+01  7.82227956e+01  1.79999865e+02
 7.88254877e+01  4.63856906e+01  7.88254877e+01  1.79999864e+02
 7.94328235e+01  4.63856906e+01  7.94328235e+01  1.79999863e+02
 8.00448386e+01  4.63856906e+01  8.00448386e+01  1.79999862e+02
 8.06615692e+01  4.63856906e+01  8.06615692e+01  1.79999861e+02
 8.12830516e+01  4.63856906e+01  8.12830516e+01  1.79999860e+02
 8.19093224e+01  4.63856906e+01  8.19093224e+01  1.79999859e+02
 8.25404185e+01  4.63856906e+01  8.25404185e+01  1.79999858e+02
 8.31763771e+01  4.63856906e+01  8.31763771e+01  1.79999857e+02
 8.38172356e+01  4.63856906e+01  8.38172356e+01  1.79999856e+02
 8.44630319e+01  4.63856906e+01  8.44630319e+01  1.79999855e+02
 8.51138038e+01  4.63856906e+01  8.51138038e+01  1.79999853e+02
 8.57695899e+01  4.63856906e+01  8.57695899e+01  1.79999852e+02
 8.64304286e+01  4.63856906e+01  8.64304286e+01  1.79999851e+02
 8.70963590e+01  4.63856906e+01  8.70963590e+01  1.79999850e+02
 8.77674203e+01  4.63856906e+01  8.77674203e+01  1.79999849e+02
 8.84436519e+01  4.63856906e+01  8.84436519e+01  1.79999848e+02
 8.91250938e+01  4.63856906e+01  8.91250938e+01  1.79999847e+02
 8.98117861e+01  4.63856906e+01  8.98117861e+01  1.79999845e+02
 9.05037692e+01  4.63856906e+01  9.05037692e+01  1.79999844e+02
 9.12010839e+01  4.63856906e+01  9.12010839e+01  1.79999843e+02
 9.19037713e+01  4.63856906e+01  9.19037713e+01  1.79999842e+02
 9.26118728e+01  4.63856906e+01  9.26118728e+01  1.79999841e+02
 9.33254301e+01  4.63856906e+01  9.33254301e+01  1.79999839e+02
 9.40444852e+01  4.63856906e+01  9.40444852e+01  1.79999838e+02
 9.47690805e+01  4.63856906e+01  9.47690805e+01  1.79999837e+02
 9.54992586e+01  4.63856906e+01  9.54992586e+01  1.79999836e+02
 9.62350626e+01  4.63856906e+01  9.62350626e+01  1.79999834e+02
 9.69765359e+01  4.63856906e+01  9.69765359e+01  1.79999833e+02
 9.77237221e+01  4.63856906e+01  9.77237221e+01  1.79999832e+02
 9.84766652e+01  4.63856906e+01  9.84766652e+01  1.79999830e+02
 9.92354096e+01  4.63856906e+01  9.92354096e+01  1.79999829e+02
 1.00000000e+02  4.63856906e+01  1.00000000e+02  1.79999828e+02
 1.00770481e+02  4.63856906e+01  1.00770481e+02  1.79999827e+02
 1.01546899e+02  4.63856906e+01  1.01546899e+02  1.79999825e+02
 1.02329299e+02  4.63856906e+01  1.02329299e+02  1.79999824e+02
 1.03117727e+02  4.63856906e+01  1.03117727e+02  1.79999822e+02
 1.03912230e+02  4.63856906e+01  1.03912230e+02  1.79999821e+02
 1.04712855e+02  4.63856906e+01  1.04712855e+02  1.79999820e+02
 1.05519648e+02  4.63856906e+01  1.05519648e+02  1.79999818e+02
 1.06332657e+02  4.63856906e+01  1.06332657e+02  1.79999817e+02
 1.07151931e+02  4.63856906e+01  1.07151931e+02  1.79999816e+02
 1.07977516e+02  4.63856906e+01  1.07977516e+02  1.79999814e+02
 1.08809463e+02  4.63856906e+01  1.08809463e+02  1.79999813e+02
 1.09647820e+02  4.63856906e+01  1.09647820e+02  1.79999811e+02
 1.10492636e+02  4.63856906e+01  1.10492636e+02  1.79999810e+02
 1.11343961e+02  4.63856906e+01  1.11343961e+02  1.79999808e+02
 1.12201845e+02  4.63856906e+01  1.12201845e+02  1.79999807e+02
 1.13066340e+02  4.63856906e+01  1.13066340e+02  1.79999805e+02
 1.13937495e+02  4.63856906e+01  1.13937495e+02  1.79999804e+02
 1.14815362e+02  4.63856906e+01  1.14815362e+02  1.79999802e+02
 1.15699993e+02  4.63856906e+01  1.15699993e+02  1.79999801e+02
 1.16591440e+02  4.63856906e+01  1.16591440e+02  1.79999799e+02
 1.17489755e+02  4.63856906e+01  1.17489755e+02  1.79999798e+02
 1.18394992e+02  4.63856906e+01  1.18394992e+02  1.79999796e+02
 1.19307204e+02  4.63856906e+01  1.19307204e+02  1.79999795e+02
 1.20226443e+02  4.63856906e+01  1.20226443e+02  1.79999793e+02
 1.21152766e+02  4.63856906e+01  1.21152766e+02  1.79999791e+02
 1.22086225e+02  4.63856906e+01  1.22086225e+02  1.79999790e+02
 1.23026877e+02  4.63856906e+01  1.23026877e+02  1.79999788e+02
 1.23974776e+02  4.63856906e+01  1.23974776e+02  1.79999787e+02
 1.24929979e+02  4.63856906e+01  1.24929979e+02  1.79999785e+02
 1.25892541e+02  4.63856906e+01  1.25892541e+02  1.79999783e+02
 1.26862520e+02  4.63856906e+01  1.26862520e+02  1.79999782e+02
 1.27839972e+02  4.63856906e+01  1.27839972e+02  1.79999780e+02
 1.28824955e+02  4.63856906e+01  1.28824955e+02  1.79999778e+02
 1.29817528e+02  4.63856906e+01  1.29817528e+02  1.79999777e+02
 1.30817747e+02  4.63856906e+01  1.30817747e+02  1.79999775e+02
 1.31825674e+02  4.63856906e+01  1.31825674e+02  1.79999773e+02
 1.32841366e+02  4.63856906e+01  1.32841366e+02  1.79999771e+02
 1.33864884e+02  4.63856906e+01  1.33864884e+02  1.79999770e+02
 1.34896288e+02  4.63856906e+01  1.34896288e+02  1.79999768e+02
 1.35935639e+02  4.63856906e+01  1.35935639e+02  1.79999766e+02
 1.36982998e+02  4.63856906e+01  1.36982998e+02  1.79999764e+02
 1.38038426e+02  4.63856906e+01  1.38038426e+02  1.79999762e+02
 1.39101987e+02  4.63856906e+01  1.39101987e+02  1.79999761e+02
 1.40173742e+02  4.63856906e+01  1.40173742e+02  1.79999759e+02
 1.41253754e+02  4.63856906e+01  1.41253754e+02  1.79999757e+02
 1.42342088e+02  4.63856906e+01  1.42342088e+02  1.79999755e+02
 1.43438808e+02  4.63856906e+01  1.43438808e+02  1.79999753e+02
 1.44543977e+02  4.63856906e+01  1.44543977e+02  1.79999751e+02
 1.45657662e+02  4.63856906e+01  1.45657662e+02  1.79999749e+02
 1.46779927e+02  4.63856906e+01  1.46779927e+02  1.79999747e+02
 1.47910839e+02  4.63856906e+01  1.47910839e+02  1.79999745e+02
 1.49050464e+02  4.63856906e+01  1.49050464e+02  1.79999743e+02
 1.50198870e+02  4.63856906e+01  1.50198870e+02  1.79999741e+02
 1.51356125e+02  4.63856906e+01  1.51356125e+02  1.79999739e+02
 1.52522296e+02  4.63856906e+01  1.52522296e+02  1.79999737e+02
 1.53697452e+02  4.63856906e+01  1.53697452e+02  1.79999735e+02
 1.54881662e+02  4.63856906e+01  1.54881662e+02  1.79999733e+02
 1.56074996e+02  4.63856906e+01  1.56074996e+02  1.79999731e+02
 1.57277525e+02  4.63856906e+01  1.57277525e+02  1.79999729e+02
 1.58489319e+02  4.63856906e+01  1.58489319e+02  1.79999727e+02
 1.59710450e+02  4.63856906e+01  1.59710450e+02  1.79999725e+02
 1.60940989e+02  4.63856906e+01  1.60940989e+02  1.79999723e+02
 1.62181010e+02  4.63856906e+01  1.62181010e+02  1.79999721e+02
 1.63430584e+02  4.63856906e+01  1.63430584e+02  1.79999719e+02
 1.64689787e+02  4.63856906e+01  1.64689787e+02  1.79999716e+02
 1.65958691e+02  4.63856906e+01  1.65958691e+02  1.79999714e+02
 1.67237372e+02  4.63856906e+01  1.67237372e+02  1.79999712e+02
 1.68525904e+02  4.63856906e+01  1.68525904e+02  1.79999710e+02
 1.69824365e+02  4.63856906e+01  1.69824365e+02  1.79999708e+02
 1.71132830e+02  4.63856906e+01  1.71132830e+02  1.79999705e+02
 1.72451377e+02  4.63856906e+01  1.72451377e+02  1.79999703e+02
 1.73780083e+02  4.63856906e+01  1.73780083e+02  1.79999701e+02
 1.75119026e+02  4.63856906e+01  1.75119026e+02  1.79999699e+02
 1.76468286e+02  4.63856906e+01  1.76468286e+02  1.79999696e+02
 1.77827941e+02  4.63856906e+01  1.77827941e+02  1.79999694e+02
 1.79198072e+02  4.63856906e+01  1.79198072e+02  1.79999692e+02
 1.80578760e+02  4.63856906e+01  1.80578760e+02  1.79999689e+02
 1.81970086e+02  4.63856906e+01  1.81970086e+02  1.79999687e+02
 1.83372132e+02  4.63856906e+01  1.83372132e+02  1.79999684e+02
 1.84784980e+02  4.63856906e+01  1.84784980e+02  1.79999682e+02
 1.86208714e+02  4.63856906e+01  1.86208714e+02  1.79999679e+02
 1.87643417e+02  4.63856906e+01  1.87643417e+02  1.79999677e+02
 1.89089175e+02  4.63856906e+01  1.89089175e+02  1.79999674e+02
 1.90546072e+02  4.63856906e+01  1.90546072e+02  1.79999672e+02
 1.92014194e+02  4.63856906e+01  1.92014194e+02  1.79999669e+02
 1.93493628e+02  4.63856906e+01  1.93493628e+02  1.79999667e+02
 1.94984460e+02  4.63856906e+01  1.94984460e+02  1.79999664e+02
 1.96486779e+02  4.63856906e+01  1.96486779e+02  1.79999662e+02
 1.98000673e+02  4.63856906e+01  1.98000673e+02  1.79999659e+02
 1.99526231e+02  4.63856906e+01  1.99526231e+02  1.79999657e+02
 2.01063544e+02  4.63856906e+01  2.01063544e+02  1.79999654e+02
 2.02612701e+02  4.63856906e+01  2.02612701e+02  1.79999651e+02
 2.04173794e+02  4.63856906e+01  2.04173794e+02  1.79999649e+02
 2.05746916e+02  4.63856906e+01  2.05746916e+02  1.79999646e+02
 2.07332157e+02  4.63856906e+01  2.07332157e+02  1.79999643e+02
 2.08929613e+02  4.63856906e+01  2.08929613e+02  1.79999640e+02
 2.10539377e+02  4.63856906e+01  2.10539377e+02  1.79999638e+02
 2.12161544e+02  4.63856906e+01  2.12161544e+02  1.79999635e+02
 2.13796209e+02  4.63856906e+01  2.13796209e+02  1.79999632e+02
 2.15443469e+02  4.63856906e+01  2.15443469e+02  1.79999629e+02
 2.17103421e+02  4.63856906e+01  2.17103421e+02  1.79999626e+02
 2.18776162e+02  4.63856906e+01  2.18776162e+02  1.79999623e+02
 2.20461792e+02  4.63856906e+01  2.20461792e+02  1.79999620e+02
 2.22160409e+02  4.63856906e+01  2.22160409e+02  1.79999618e+02
 2.23872114e+02  4.63856906e+01  2.23872114e+02  1.79999615e+02
 2.25597007e+02  4.63856906e+01  2.25597007e+02  1.79999612e+02
 2.27335190e+02  4.63856906e+01  2.27335190e+02  1.79999609e+02
 2.29086765e+02  4.63856906e+01  2.29086765e+02  1.79999606e+02
 2.30851836e+02  4.63856906e+01  2.30851836e+02  1.79999603e+02
 2.32630507e+02  4.63856906e+01  2.32630507e+02  1.79999600e+02
 2.34422882e+02  4.63856906e+01  2.34422882e+02  1.79999596e+02
 2.36229066e+02  4.63856906e+01  2.36229066e+02  1.79999593e+02
 2.38049167e+02  4.63856906e+01  2.38049167e+02  1.79999590e+02
 2.39883292e+02  4.63856906e+01  2.39883292e+02  1.79999587e+02
 2.41731548e+02  4.63856906e+01  2.41731548e+02  1.79999584e+02
 2.43594045e+02  4.63856906e+01  2.43594045e+02  1.79999581e+02
 2.45470892e+02  4.63856906e+01  2.45470892e+02  1.79999577e+02
 2.47362199e+02  4.63856906e+01  2.47362199e+02  1.79999574e+02
 2.49268079e+02  4.63856906e+01  2.49268079e+02  1.79999571e+02
 2.51188643e+02  4.63856906e+01  2.51188643e+02  1.79999568e+02
 2.53124005e+02  4.63856906e+01  2.53124005e+02  1.79999564e+02
 2.55074278e+02  4.63856906e+01  2.55074278e+02  1.79999561e+02
 2.57039578e+02  4.63856906e+01  2.57039578e+02  1.79999558e+02
 2.59020020e+02  4.63856906e+01  2.59020020e+02  1.79999554e+02
 2.61015722e+02  4.63856906e+01  2.61015722e+02  1.79999551e+02
 2.63026799e+02  4.63856906e+01  2.63026799e+02  1.79999547e+02
 2.65053372e+02  4.63856906e+01  2.65053372e+02  1.79999544e+02
 2.67095559e+02  4.63856906e+01  2.67095559e+02  1.79999540e+02
 2.69153480e+02  4.63856906e+01  2.69153480e+02  1.79999537e+02
 2.71227258e+02  4.63856906e+01  2.71227258e+02  1.79999533e+02
 2.73317014e+02  4.63856906e+01  2.73317014e+02  1.79999529e+02
 2.75422870e+02  4.63856906e+01  2.75422870e+02  1.79999526e+02
 2.77544952e+02  4.63856906e+01  2.77544952e+02  1.79999522e+02
 2.79683385e+02  4.63856906e+01  2.79683385e+02  1.79999519e+02
 2.81838293e+02  4.63856906e+01  2.81838293e+02  1.79999515e+02
 2.84009805e+02  4.63856906e+01  2.84009805e+02  1.79999511e+02
 2.86198048e+02  4.63856906e+01  2.86198048e+02  1.79999507e+02
 2.88403150e+02  4.63856906e+01  2.88403150e+02  1.79999504e+02
 2.90625243e+02  4.63856906e+01  2.90625243e+02  1.79999500e+02
 2.92864456e+02  4.63856906e+01  2.92864456e+02  1.79999496e+02
 2.95120923e+02  4.63856906e+01  2.95120923e+02  1.79999492e+02
 2.97394775e+02  4.63856906e+01  2.97394775e+02  1.79999488e+02
 2.99686146e+02  4.63856906e+01  2.99686146e+02  1.79999484e+02
 3.01995172e+02  4.63856906e+01  3.01995172e+02  1.79999480e+02
 3.04321989e+02  4.63856906e+01  3.04321989e+02  1.79999476e+02
 3.06666733e+02  4.63856906e+01  3.06666733e+02  1.79999472e+02
 3.09029543e+02  4.63856906e+01  3.09029543e+02  1.79999468e+02
 3.11410558e+02  4.63856906e+01  3.11410558e+02  1.79999464e+02
 3.13809919e+02  4.63856906e+01  3.13809919e+02  1.79999460e+02
 3.16227766e+02  4.63856906e+01  3.16227766e+02  1.79999456e+02
 3.18664242e+02  4.63856906e+01  3.18664242e+02  1.79999451e+02
 3.21119491e+02  4.63856906e+01  3.21119491e+02  1.79999447e+02
 3.23593657e+02  4.63856906e+01  3.23593657e+02  1.79999443e+02
 3.26086886e+02  4.63856906e+01  3.26086886e+02  1.79999439e+02
 3.28599325e+02  4.63856906e+01  3.28599325e+02  1.79999434e+02
 3.31131121e+02  4.63856906e+01  3.31131121e+02  1.79999430e+02
 3.33682425e+02  4.63856907e+01  3.33682425e+02  1.79999426e+02
 3.36253386e+02  4.63856907e+01  3.36253386e+02  1.79999421e+02
 3.38844156e+02  4.63856907e+01  3.38844156e+02  1.79999417e+02
 3.41454887e+02  4.63856907e+01  3.41454887e+02  1.79999412e+02
 3.44085734e+02  4.63856907e+01  3.44085734e+02  1.79999408e+02
 3.46736850e+02  4.63856907e+01  3.46736850e+02  1.79999403e+02
 3.49408393e+02  4.63856907e+01  3.49408393e+02  1.79999398e+02
 3.52100520e+02  4.63856907e+01  3.52100520e+02  1.79999394e+02
 3.54813389e+02  4.63856907e+01  3.54813389e+02  1.79999389e+02
 3.57547160e+02  4.63856907e+01  3.57547160e+02  1.79999384e+02
 3.60301995e+02  4.63856907e+01  3.60301995e+02  1.79999380e+02
 3.63078055e+02  4.63856907e+01  3.63078055e+02  1.79999375e+02
 3.65875504e+02  4.63856907e+01  3.65875504e+02  1.79999370e+02
 3.68694506e+02  4.63856907e+01  3.68694506e+02  1.79999365e+02
 3.71535229e+02  4.63856907e+01  3.71535229e+02  1.79999360e+02
 3.74397839e+02  4.63856907e+01  3.74397839e+02  1.79999355e+02
 3.77282505e+02  4.63856907e+01  3.77282505e+02  1.79999351e+02
 3.80189396e+02  4.63856907e+01  3.80189396e+02  1.79999345e+02
 3.83118685e+02  4.63856907e+01  3.83118685e+02  1.79999340e+02
 3.86070543e+02  4.63856907e+01  3.86070543e+02  1.79999335e+02
 3.89045145e+02  4.63856907e+01  3.89045145e+02  1.79999330e+02
 3.92042666e+02  4.63856907e+01  3.92042666e+02  1.79999325e+02
 3.95063281e+02  4.63856907e+01  3.95063281e+02  1.79999320e+02
 3.98107171e+02  4.63856907e+01  3.98107171e+02  1.79999315e+02
 4.01174512e+02  4.63856907e+01  4.01174512e+02  1.79999309e+02
 4.04265487e+02  4.63856907e+01  4.04265487e+02  1.79999304e+02
 4.07380278e+02  4.63856907e+01  4.07380278e+02  1.79999299e+02
 4.10519067e+02  4.63856907e+01  4.10519067e+02  1.79999293e+02
 4.13682040e+02  4.63856907e+01  4.13682040e+02  1.79999288e+02
 4.16869383e+02  4.63856907e+01  4.16869383e+02  1.79999282e+02
 4.20081285e+02  4.63856907e+01  4.20081285e+02  1.79999277e+02
 4.23317933e+02  4.63856907e+01  4.23317933e+02  1.79999271e+02
 4.26579519e+02  4.63856907e+01  4.26579519e+02  1.79999266e+02
 4.29866235e+02  4.63856907e+01  4.29866235e+02  1.79999260e+02
 4.33178274e+02  4.63856907e+01  4.33178274e+02  1.79999254e+02
 4.36515832e+02  4.63856907e+01  4.36515832e+02  1.79999249e+02
 4.39879106e+02  4.63856907e+01  4.39879106e+02  1.79999243e+02
 4.43268292e+02  4.63856907e+01  4.43268292e+02  1.79999237e+02
 4.46683592e+02  4.63856907e+01  4.46683592e+02  1.79999231e+02
 4.50125206e+02  4.63856907e+01  4.50125206e+02  1.79999225e+02
 4.53593337e+02  4.63856907e+01  4.53593337e+02  1.79999219e+02
 4.57088190e+02  4.63856907e+01  4.57088190e+02  1.79999213e+02
 4.60609969e+02  4.63856907e+01  4.60609969e+02  1.79999207e+02
 4.64158883e+02  4.63856907e+01  4.64158883e+02  1.79999201e+02
 4.67735141e+02  4.63856907e+01  4.67735141e+02  1.79999195e+02
 4.71338954e+02  4.63856907e+01  4.71338954e+02  1.79999189e+02
 4.74970533e+02  4.63856907e+01  4.74970533e+02  1.79999182e+02
 4.78630092e+02  4.63856907e+01  4.78630092e+02  1.79999176e+02
 4.82317848e+02  4.63856907e+01  4.82317848e+02  1.79999170e+02
 4.86034018e+02  4.63856907e+01  4.86034018e+02  1.79999163e+02
 4.89778819e+02  4.63856907e+01  4.89778819e+02  1.79999157e+02
 4.93552474e+02  4.63856908e+01  4.93552474e+02  1.79999150e+02
 4.97355204e+02  4.63856908e+01  4.97355204e+02  1.79999144e+02
 5.01187234e+02  4.63856908e+01  5.01187234e+02  1.79999137e+02
 5.05048788e+02  4.63856908e+01  5.05048788e+02  1.79999131e+02
 5.08940095e+02  4.63856908e+01  5.08940095e+02  1.79999124e+02
 5.12861384e+02  4.63856908e+01  5.12861384e+02  1.79999117e+02
 5.16812886e+02  4.63856908e+01  5.16812886e+02  1.79999110e+02
 5.20794833e+02  4.63856908e+01  5.20794833e+02  1.79999103e+02
 5.24807460e+02  4.63856908e+01  5.24807460e+02  1.79999097e+02
 5.28851004e+02  4.63856908e+01  5.28851004e+02  1.79999090e+02
 5.32925703e+02  4.63856908e+01  5.32925703e+02  1.79999083e+02
 5.37031796e+02  4.63856908e+01  5.37031796e+02  1.79999075e+02
 5.41169527e+02  4.63856908e+01  5.41169527e+02  1.79999068e+02
 5.45339137e+02  4.63856908e+01  5.45339137e+02  1.79999061e+02
 5.49540874e+02  4.63856908e+01  5.49540874e+02  1.79999054e+02
 5.53774984e+02  4.63856908e+01  5.53774984e+02  1.79999047e+02
 5.58041717e+02  4.63856908e+01  5.58041717e+02  1.79999039e+02
 5.62341325e+02  4.63856908e+01  5.62341325e+02  1.79999032e+02
 5.66674061e+02  4.63856908e+01  5.66674061e+02  1.79999024e+02
 5.71040179e+02  4.63856908e+01  5.71040179e+02  1.79999017e+02
 5.75439937e+02  4.63856908e+01  5.75439937e+02  1.79999009e+02
 5.79873595e+02  4.63856908e+01  5.79873595e+02  1.79999002e+02
 5.84341413e+02  4.63856908e+01  5.84341413e+02  1.79998994e+02
 5.88843655e+02  4.63856908e+01  5.88843655e+02  1.79998986e+02
 5.93380586e+02  4.63856908e+01  5.93380586e+02  1.79998978e+02
 5.97952473e+02  4.63856908e+01  5.97952473e+02  1.79998971e+02
 6.02559586e+02  4.63856908e+01  6.02559586e+02  1.79998963e+02
 6.07202196e+02  4.63856908e+01  6.07202196e+02  1.79998955e+02
 6.11880576e+02  4.63856909e+01  6.11880576e+02  1.79998947e+02
 6.16595002e+02  4.63856909e+01  6.16595002e+02  1.79998939e+02
 6.21345752e+02  4.63856909e+01  6.21345752e+02  1.79998930e+02
 6.26133105e+02  4.63856909e+01  6.26133105e+02  1.79998922e+02
 6.30957344e+02  4.63856909e+01  6.30957344e+02  1.79998914e+02
 6.35818754e+02  4.63856909e+01  6.35818754e+02  1.79998905e+02
 6.40717619e+02  4.63856909e+01  6.40717619e+02  1.79998897e+02
 6.45654229e+02  4.63856909e+01  6.45654229e+02  1.79998888e+02
 6.50628875e+02  4.63856909e+01  6.50628875e+02  1.79998880e+02
 6.55641849e+02  4.63856909e+01  6.55641849e+02  1.79998871e+02
 6.60693448e+02  4.63856909e+01  6.60693448e+02  1.79998863e+02
 6.65783968e+02  4.63856909e+01  6.65783968e+02  1.79998854e+02
 6.70913710e+02  4.63856909e+01  6.70913710e+02  1.79998845e+02
 6.76082975e+02  4.63856909e+01  6.76082975e+02  1.79998836e+02
 6.81292069e+02  4.63856909e+01  6.81292069e+02  1.79998827e+02
 6.86541298e+02  4.63856909e+01  6.86541298e+02  1.79998818e+02
 6.91830971e+02  4.63856909e+01  6.91830971e+02  1.79998809e+02
 6.97161400e+02  4.63856909e+01  6.97161400e+02  1.79998800e+02
 7.02532899e+02  4.63856909e+01  7.02532899e+02  1.79998791e+02
 7.07945784e+02  4.63856910e+01  7.07945784e+02  1.79998781e+02
 7.13400375e+02  4.63856910e+01  7.13400375e+02  1.79998772e+02
 7.18896992e+02  4.63856910e+01  7.18896992e+02  1.79998762e+02
 7.24435960e+02  4.63856910e+01  7.24435960e+02  1.79998753e+02
 7.30017605e+02  4.63856910e+01  7.30017605e+02  1.79998743e+02
 7.35642254e+02  4.63856910e+01  7.35642254e+02  1.79998734e+02
 7.41310241e+02  4.63856910e+01  7.41310241e+02  1.79998724e+02
 7.47021899e+02  4.63856910e+01  7.47021899e+02  1.79998714e+02
 7.52777564e+02  4.63856910e+01  7.52777564e+02  1.79998704e+02
 7.58577575e+02  4.63856910e+01  7.58577575e+02  1.79998694e+02
 7.64422274e+02  4.63856910e+01  7.64422274e+02  1.79998684e+02
 7.70312006e+02  4.63856910e+01  7.70312006e+02  1.79998674e+02
 7.76247117e+02  4.63856910e+01  7.76247117e+02  1.79998664e+02
 7.82227956e+02  4.63856910e+01  7.82227956e+02  1.79998653e+02
 7.88254877e+02  4.63856910e+01  7.88254877e+02  1.79998643e+02
 7.94328235e+02  4.63856911e+01  7.94328235e+02  1.79998633e+02
 8.00448386e+02  4.63856911e+01  8.00448386e+02  1.79998622e+02
 8.06615692e+02  4.63856911e+01  8.06615692e+02  1.79998611e+02
 8.12830516e+02  4.63856911e+01  8.12830516e+02  1.79998601e+02
 8.19093224e+02  4.63856911e+01  8.19093224e+02  1.79998590e+02
 8.25404185e+02  4.63856911e+01  8.25404185e+02  1.79998579e+02
 8.31763771e+02  4.63856911e+01  8.31763771e+02  1.79998568e+02
 8.38172356e+02  4.63856911e+01  8.38172356e+02  1.79998557e+02
 8.44630319e+02  4.63856911e+01  8.44630319e+02  1.79998546e+02
 8.51138038e+02  4.63856911e+01  8.51138038e+02  1.79998535e+02
 8.57695899e+02  4.63856911e+01  8.57695899e+02  1.79998523e+02
 8.64304286e+02  4.63856911e+01  8.64304286e+02  1.79998512e+02
 8.70963590e+02  4.63856912e+01  8.70963590e+02  1.79998501e+02
 8.77674203e+02  4.63856912e+01  8.77674203e+02  1.79998489e+02
 8.84436519e+02  4.63856912e+01  8.84436519e+02  1.79998477e+02
 8.91250938e+02  4.63856912e+01  8.91250938e+02  1.79998466e+02
 8.98117861e+02  4.63856912e+01  8.98117861e+02  1.79998454e+02
 9.05037692e+02  4.63856912e+01  9.05037692e+02  1.79998442e+02
 9.12010839e+02  4.63856912e+01  9.12010839e+02  1.79998430e+02
 9.19037713e+02  4.63856912e+01  9.19037713e+02  1.79998418e+02
 9.26118728e+02  4.63856912e+01  9.26118728e+02  1.79998406e+02
 9.33254301e+02  4.63856912e+01  9.33254301e+02  1.79998393e+02
 9.40444852e+02  4.63856912e+01  9.40444852e+02  1.79998381e+02
 9.47690805e+02  4.63856913e+01  9.47690805e+02  1.79998369e+02
 9.54992586e+02  4.63856913e+01  9.54992586e+02  1.79998356e+02
 9.62350626e+02  4.63856913e+01  9.62350626e+02  1.79998343e+02
 9.69765359e+02  4.63856913e+01  9.69765359e+02  1.79998331e+02
 9.77237221e+02  4.63856913e+01  9.77237221e+02  1.79998318e+02
 9.84766652e+02  4.63856913e+01  9.84766652e+02  1.79998305e+02
 9.92354096e+02  4.63856913e+01  9.92354096e+02  1.79998292e+02
 1.00000000e+03  4.63856913e+01  1.00000000e+03  1.79998278e+02
 1.00770481e+03  4.63856914e+01  1.00770481e+03  1.79998265e+02
 1.01546899e+03  4.63856914e+01  1.01546899e+03  1.79998252e+02
 1.02329299e+03  4.63856914e+01  1.02329299e+03  1.79998238e+02
 1.03117727e+03  4.63856914e+01  1.03117727e+03  1.79998225e+02
 1.03912230e+03  4.63856914e+01  1.03912230e+03  1.79998211e+02
 1.04712855e+03  4.63856914e+01  1.04712855e+03  1.79998197e+02
 1.05519648e+03  4.63856914e+01  1.05519648e+03  1.79998183e+02
 1.06332657e+03  4.63856914e+01  1.06332657e+03  1.79998169e+02
 1.07151931e+03  4.63856915e+01  1.07151931e+03  1.79998155e+02
 1.07977516e+03  4.63856915e+01  1.07977516e+03  1.79998141e+02
 1.08809463e+03  4.63856915e+01  1.08809463e+03  1.79998127e+02
 1.09647820e+03  4.63856915e+01  1.09647820e+03  1.79998112e+02
 1.10492636e+03  4.63856915e+01  1.10492636e+03  1.79998098e+02
 1.11343961e+03  4.63856915e+01  1.11343961e+03  1.79998083e+02
 1.12201845e+03  4.63856915e+01  1.12201845e+03  1.79998068e+02
 1.13066340e+03  4.63856916e+01  1.13066340e+03  1.79998054e+02
 1.13937495e+03  4.63856916e+01  1.13937495e+03  1.79998039e+02
 1.14815362e+03  4.63856916e+01  1.14815362e+03  1.79998023e+02
 1.15699993e+03  4.63856916e+01  1.15699993e+03  1.79998008e+02
 1.16591440e+03  4.63856916e+01  1.16591440e+03  1.79997993e+02
 1.17489755e+03  4.63856916e+01  1.17489755e+03  1.79997977e+02
 1.18394992e+03  4.63856916e+01  1.18394992e+03  1.79997962e+02
 1.19307204e+03  4.63856917e+01  1.19307204e+03  1.79997946e+02
 1.20226443e+03  4.63856917e+01  1.20226443e+03  1.79997930e+02
 1.21152766e+03  4.63856917e+01  1.21152766e+03  1.79997914e+02
 1.22086225e+03  4.63856917e+01  1.22086225e+03  1.79997898e+02
 1.23026877e+03  4.63856917e+01  1.23026877e+03  1.79997882e+02
 1.23974776e+03  4.63856918e+01  1.23974776e+03  1.79997866e+02
 1.24929979e+03  4.63856918e+01  1.24929979e+03  1.79997849e+02
 1.25892541e+03  4.63856918e+01  1.25892541e+03  1.79997833e+02
 1.26862520e+03  4.63856918e+01  1.26862520e+03  1.79997816e+02
 1.27839972e+03  4.63856918e+01  1.27839972e+03  1.79997799e+02
 1.28824955e+03  4.63856918e+01  1.28824955e+03  1.79997782e+02
 1.29817528e+03  4.63856919e+01  1.29817528e+03  1.79997765e+02
 1.30817747e+03  4.63856919e+01  1.30817747e+03  1.79997748e+02
 1.31825674e+03  4.63856919e+01  1.31825674e+03  1.79997731e+02
 1.32841366e+03  4.63856919e+01  1.32841366e+03  1.79997713e+02
 1.33864884e+03  4.63856920e+01  1.33864884e+03  1.79997695e+02
 1.34896288e+03  4.63856920e+01  1.34896288e+03  1.79997678e+02
 1.35935639e+03  4.63856920e+01  1.35935639e+03  1.79997660e+02
 1.36982998e+03  4.63856920e+01  1.36982998e+03  1.79997642e+02
 1.38038426e+03  4.63856920e+01  1.38038426e+03  1.79997624e+02
 1.39101987e+03  4.63856921e+01  1.39101987e+03  1.79997605e+02
 1.40173742e+03  4.63856921e+01  1.40173742e+03  1.79997587e+02
 1.41253754e+03  4.63856921e+01  1.41253754e+03  1.79997568e+02
 1.42342088e+03  4.63856921e+01  1.42342088e+03  1.79997550e+02
 1.43438808e+03  4.63856922e+01  1.43438808e+03  1.79997531e+02
 1.44543977e+03  4.63856922e+01  1.44543977e+03  1.79997512e+02
 1.45657662e+03  4.63856922e+01  1.45657662e+03  1.79997492e+02
 1.46779927e+03  4.63856922e+01  1.46779927e+03  1.79997473e+02
 1.47910839e+03  4.63856923e+01  1.47910839e+03  1.79997454e+02
 1.49050464e+03  4.63856923e+01  1.49050464e+03  1.79997434e+02
 1.50198870e+03  4.63856923e+01  1.50198870e+03  1.79997414e+02
 1.51356125e+03  4.63856923e+01  1.51356125e+03  1.79997394e+02
 1.52522296e+03  4.63856924e+01  1.52522296e+03  1.79997374e+02
 1.53697452e+03  4.63856924e+01  1.53697452e+03  1.79997354e+02
 1.54881662e+03  4.63856924e+01  1.54881662e+03  1.79997334e+02
 1.56074996e+03  4.63856925e+01  1.56074996e+03  1.79997313e+02
 1.57277525e+03  4.63856925e+01  1.57277525e+03  1.79997292e+02
 1.58489319e+03  4.63856925e+01  1.58489319e+03  1.79997272e+02
 1.59710450e+03  4.63856925e+01  1.59710450e+03  1.79997251e+02
 1.60940989e+03  4.63856926e+01  1.60940989e+03  1.79997229e+02
 1.62181010e+03  4.63856926e+01  1.62181010e+03  1.79997208e+02
 1.63430584e+03  4.63856926e+01  1.63430584e+03  1.79997187e+02
 1.64689787e+03  4.63856927e+01  1.64689787e+03  1.79997165e+02
 1.65958691e+03  4.63856927e+01  1.65958691e+03  1.79997143e+02
 1.67237372e+03  4.63856927e+01  1.67237372e+03  1.79997121e+02
 1.68525904e+03  4.63856928e+01  1.68525904e+03  1.79997099e+02
 1.69824365e+03  4.63856928e+01  1.69824365e+03  1.79997076e+02
 1.71132830e+03  4.63856928e+01  1.71132830e+03  1.79997054e+02
 1.72451377e+03  4.63856929e+01  1.72451377e+03  1.79997031e+02
 1.73780083e+03  4.63856929e+01  1.73780083e+03  1.79997008e+02
 1.75119026e+03  4.63856929e+01  1.75119026e+03  1.79996985e+02
 1.76468286e+03  4.63856930e+01  1.76468286e+03  1.79996962e+02
 1.77827941e+03  4.63856930e+01  1.77827941e+03  1.79996939e+02
 1.79198072e+03  4.63856931e+01  1.79198072e+03  1.79996915e+02
 1.80578760e+03  4.63856931e+01  1.80578760e+03  1.79996891e+02
 1.81970086e+03  4.63856931e+01  1.81970086e+03  1.79996867e+02
 1.83372132e+03  4.63856932e+01  1.83372132e+03  1.79996843e+02
 1.84784980e+03  4.63856932e+01  1.84784980e+03  1.79996819e+02
 1.86208714e+03  4.63856932e+01  1.86208714e+03  1.79996794e+02
 1.87643417e+03  4.63856933e+01  1.87643417e+03  1.79996770e+02
 1.89089175e+03  4.63856933e+01  1.89089175e+03  1.79996745e+02
 1.90546072e+03  4.63856934e+01  1.90546072e+03  1.79996720e+02
 1.92014194e+03  4.63856934e+01  1.92014194e+03  1.79996694e+02
 1.93493628e+03  4.63856935e+01  1.93493628e+03  1.79996669e+02
 1.94984460e+03  4.63856935e+01  1.94984460e+03  1.79996643e+02
 1.96486779e+03  4.63856936e+01  1.96486779e+03  1.79996617e+02
 1.98000673e+03  4.63856936e+01  1.98000673e+03  1.79996591e+02
 1.99526231e+03  4.63856936e+01  1.99526231e+03  1.79996565e+02
 2.01063544e+03  4.63856937e+01  2.01063544e+03  1.79996539e+02
 2.02612701e+03  4.63856937e+01  2.02612701e+03  1.79996512e+02
 2.04173794e+03  4.63856938e+01  2.04173794e+03  1.79996485e+02
 2.05746916e+03  4.63856938e+01  2.05746916e+03  1.79996458e+02
 2.07332157e+03  4.63856939e+01  2.07332157e+03  1.79996431e+02
 2.08929613e+03  4.63856939e+01  2.08929613e+03  1.79996403e+02
 2.10539377e+03  4.63856940e+01  2.10539377e+03  1.79996376e+02
 2.12161544e+03  4.63856940e+01  2.12161544e+03  1.79996348e+02
 2.13796209e+03  4.63856941e+01  2.13796209e+03  1.79996319e+02
 2.15443469e+03  4.63856942e+01  2.15443469e+03  1.79996291e+02
 2.17103421e+03  4.63856942e+01  2.17103421e+03  1.79996263e+02
 2.18776162e+03  4.63856943e+01  2.18776162e+03  1.79996234e+02
 2.20461792e+03  4.63856943e+01  2.20461792e+03  1.79996205e+02
 2.22160409e+03  4.63856944e+01  2.22160409e+03  1.79996175e+02
 2.23872114e+03  4.63856944e+01  2.23872114e+03  1.79996146e+02
 2.25597007e+03  4.63856945e+01  2.25597007e+03  1.79996116e+02
 2.27335190e+03  4.63856946e+01  2.27335190e+03  1.79996086e+02
 2.29086765e+03  4.63856946e+01  2.29086765e+03  1.79996056e+02
 2.30851836e+03  4.63856947e+01  2.30851836e+03  1.79996026e+02
 2.32630507e+03  4.63856948e+01  2.32630507e+03  1.79995995e+02
 2.34422882e+03  4.63856948e+01  2.34422882e+03  1.79995964e+02
 2.36229066e+03  4.63856949e+01  2.36229066e+03  1.79995933e+02
 2.38049167e+03  4.63856950e+01  2.38049167e+03  1.79995902e+02
 2.39883292e+03  4.63856950e+01  2.39883292e+03  1.79995870e+02
 2.41731548e+03  4.63856951e+01  2.41731548e+03  1.79995839e+02
 2.43594045e+03  4.63856952e+01  2.43594045e+03  1.79995806e+02
 2.45470892e+03  4.63856952e+01  2.45470892e+03  1.79995774e+02
 2.47362199e+03  4.63856953e+01  2.47362199e+03  1.79995742e+02
 2.49268079e+03  4.63856954e+01  2.49268079e+03  1.79995709e+02
 2.51188643e+03  4.63856954e+01  2.51188643e+03  1.79995676e+02
 2.53124005e+03  4.63856955e+01  2.53124005e+03  1.79995642e+02
 2.55074278e+03  4.63856956e+01  2.55074278e+03  1.79995609e+02
 2.57039578e+03  4.63856957e+01  2.57039578e+03  1.79995575e+02
 2.59020020e+03  4.63856958e+01  2.59020020e+03  1.79995541e+02
 2.61015722e+03  4.63856958e+01  2.61015722e+03  1.79995507e+02
 2.63026799e+03  4.63856959e+01  2.63026799e+03  1.79995472e+02
 2.65053372e+03  4.63856960e+01  2.65053372e+03  1.79995437e+02
 2.67095559e+03  4.63856961e+01  2.67095559e+03  1.79995402e+02
 2.69153480e+03  4.63856962e+01  2.69153480e+03  1.79995366e+02
 2.71227258e+03  4.63856963e+01  2.71227258e+03  1.79995331e+02
 2.73317014e+03  4.63856963e+01  2.73317014e+03  1.79995295e+02
 2.75422870e+03  4.63856964e+01  2.75422870e+03  1.79995259e+02
 2.77544952e+03  4.63856965e+01  2.77544952e+03  1.79995222e+02
 2.79683385e+03  4.63856966e+01  2.79683385e+03  1.79995185e+02
 2.81838293e+03  4.63856967e+01  2.81838293e+03  1.79995148e+02
 2.84009805e+03  4.63856968e+01  2.84009805e+03  1.79995111e+02
 2.86198048e+03  4.63856969e+01  2.86198048e+03  1.79995073e+02
 2.88403150e+03  4.63856970e+01  2.88403150e+03  1.79995035e+02
 2.90625243e+03  4.63856971e+01  2.90625243e+03  1.79994997e+02
 2.92864456e+03  4.63856972e+01  2.92864456e+03  1.79994958e+02
 2.95120923e+03  4.63856973e+01  2.95120923e+03  1.79994919e+02
 2.97394775e+03  4.63856974e+01  2.97394775e+03  1.79994880e+02
 2.99686146e+03  4.63856975e+01  2.99686146e+03  1.79994841e+02
 3.01995172e+03  4.63856976e+01  3.01995172e+03  1.79994801e+02
 3.04321989e+03  4.63856977e+01  3.04321989e+03  1.79994761e+02
 3.06666733e+03  4.63856978e+01  3.06666733e+03  1.79994721e+02
 3.09029543e+03  4.63856980e+01  3.09029543e+03  1.79994680e+02
 3.11410558e+03  4.63856981e+01  3.11410558e+03  1.79994639e+02
 3.13809919e+03  4.63856982e+01  3.13809919e+03  1.79994598e+02
 3.16227766e+03  4.63856983e+01  3.16227766e+03  1.79994556e+02
 3.18664242e+03  4.63856984e+01  3.18664242e+03  1.79994514e+02
 3.21119491e+03  4.63856985e+01  3.21119491e+03  1.79994472e+02
 3.23593657e+03  4.63856987e+01  3.23593657e+03  1.79994429e+02
 3.26086886e+03  4.63856988e+01  3.26086886e+03  1.79994386e+02
 3.28599325e+03  4.63856989e+01  3.28599325e+03  1.79994343e+02
 3.31131121e+03  4.63856991e+01  3.31131121e+03  1.79994300e+02
 3.33682425e+03  4.63856992e+01  3.33682425e+03  1.79994256e+02
 3.36253386e+03  4.63856993e+01  3.36253386e+03  1.79994211e+02
 3.38844156e+03  4.63856995e+01  3.38844156e+03  1.79994167e+02
 3.41454887e+03  4.63856996e+01  3.41454887e+03  1.79994122e+02
 3.44085734e+03  4.63856997e+01  3.44085734e+03  1.79994077e+02
 3.46736850e+03  4.63856999e+01  3.46736850e+03  1.79994031e+02
 3.49408393e+03  4.63857000e+01  3.49408393e+03  1.79993985e+02
 3.52100520e+03  4.63857002e+01  3.52100520e+03  1.79993939e+02
 3.54813389e+03  4.63857003e+01  3.54813389e+03  1.79993892e+02
 3.57547160e+03  4.63857005e+01  3.57547160e+03  1.79993845e+02
 3.60301995e+03  4.63857006e+01  3.60301995e+03  1.79993797e+02
 3.63078055e+03  4.63857008e+01  3.63078055e+03  1.79993750e+02
 3.65875504e+03  4.63857009e+01  3.65875504e+03  1.79993701e+02
 3.68694506e+03  4.63857011e+01  3.68694506e+03  1.79993653e+02
 3.71535229e+03  4.63857012e+01  3.71535229e+03  1.79993604e+02
 3.74397839e+03  4.63857014e+01  3.74397839e+03  1.79993555e+02
 3.77282505e+03  4.63857016e+01  3.77282505e+03  1.79993505e+02
 3.80189396e+03  4.63857018e+01  3.80189396e+03  1.79993455e+02
 3.83118685e+03  4.63857019e+01  3.83118685e+03  1.79993405e+02
 3.86070543e+03  4.63857021e+01  3.86070543e+03  1.79993354e+02
 3.89045145e+03  4.63857023e+01  3.89045145e+03  1.79993303e+02
 3.92042666e+03  4.63857025e+01  3.92042666e+03  1.79993251e+02
 3.95063281e+03  4.63857026e+01  3.95063281e+03  1.79993199e+02
 3.98107171e+03  4.63857028e+01  3.98107171e+03  1.79993147e+02
 4.01174512e+03  4.63857030e+01  4.01174512e+03  1.79993094e+02
 4.04265487e+03  4.63857032e+01  4.04265487e+03  1.79993041e+02
 4.07380278e+03  4.63857034e+01  4.07380278e+03  1.79992987e+02
 4.10519067e+03  4.63857036e+01  4.10519067e+03  1.79992933e+02
 4.13682040e+03  4.63857038e+01  4.13682040e+03  1.79992878e+02
 4.16869383e+03  4.63857040e+01  4.16869383e+03  1.79992824e+02
 4.20081285e+03  4.63857042e+01  4.20081285e+03  1.79992768e+02
 4.23317933e+03  4.63857044e+01  4.23317933e+03  1.79992713e+02
 4.26579519e+03  4.63857046e+01  4.26579519e+03  1.79992656e+02
 4.29866235e+03  4.63857049e+01  4.29866235e+03  1.79992600e+02
 4.33178274e+03  4.63857051e+01  4.33178274e+03  1.79992543e+02
 4.36515832e+03  4.63857053e+01  4.36515832e+03  1.79992485e+02
 4.39879106e+03  4.63857055e+01  4.39879106e+03  1.79992427e+02
 4.43268292e+03  4.63857058e+01  4.43268292e+03  1.79992369e+02
 4.46683592e+03  4.63857060e+01  4.46683592e+03  1.79992310e+02
 4.50125206e+03  4.63857062e+01  4.50125206e+03  1.79992251e+02
 4.53593337e+03  4.63857065e+01  4.53593337e+03  1.79992191e+02
 4.57088190e+03  4.63857067e+01  4.57088190e+03  1.79992131e+02
 4.60609969e+03  4.63857070e+01  4.60609969e+03  1.79992071e+02
 4.64158883e+03  4.63857072e+01  4.64158883e+03  1.79992009e+02
 4.67735141e+03  4.63857075e+01  4.67735141e+03  1.79991948e+02
 4.71338954e+03  4.63857078e+01  4.71338954e+03  1.79991886e+02
 4.74970533e+03  4.63857080e+01  4.74970533e+03  1.79991823e+02
 4.78630092e+03  4.63857083e+01  4.78630092e+03  1.79991760e+02
 4.82317848e+03  4.63857086e+01  4.82317848e+03  1.79991697e+02
 4.86034018e+03  4.63857088e+01  4.86034018e+03  1.79991633e+02
 4.89778819e+03  4.63857091e+01  4.89778819e+03  1.79991568e+02
 4.93552474e+03  4.63857094e+01  4.93552474e+03  1.79991503e+02
 4.97355204e+03  4.63857097e+01  4.97355204e+03  1.79991438e+02
 5.01187234e+03  4.63857100e+01  5.01187234e+03  1.79991372e+02
 5.05048788e+03  4.63857103e+01  5.05048788e+03  1.79991305e+02
 5.08940095e+03  4.63857106e+01  5.08940095e+03  1.79991239e+02
 5.12861384e+03  4.63857109e+01  5.12861384e+03  1.79991171e+02
 5.16812886e+03  4.63857112e+01  5.16812886e+03  1.79991103e+02
 5.20794833e+03  4.63857116e+01  5.20794833e+03  1.79991034e+02
 5.24807460e+03  4.63857119e+01  5.24807460e+03  1.79990965e+02
 5.28851004e+03  4.63857122e+01  5.28851004e+03  1.79990896e+02
 5.32925703e+03  4.63857125e+01  5.32925703e+03  1.79990826e+02
 5.37031796e+03  4.63857129e+01  5.37031796e+03  1.79990755e+02
 5.41169527e+03  4.63857132e+01  5.41169527e+03  1.79990684e+02
 5.45339137e+03  4.63857136e+01  5.45339137e+03  1.79990612e+02
 5.49540874e+03  4.63857139e+01  5.49540874e+03  1.79990540e+02
 5.53774984e+03  4.63857143e+01  5.53774984e+03  1.79990467e+02
 5.58041717e+03  4.63857147e+01  5.58041717e+03  1.79990393e+02
 5.62341325e+03  4.63857150e+01  5.62341325e+03  1.79990319e+02
 5.66674061e+03  4.63857154e+01  5.66674061e+03  1.79990245e+02
 5.71040179e+03  4.63857158e+01  5.71040179e+03  1.79990169e+02
 5.75439937e+03  4.63857162e+01  5.75439937e+03  1.79990094e+02
 5.79873595e+03  4.63857166e+01  5.79873595e+03  1.79990017e+02
 5.84341413e+03  4.63857170e+01  5.84341413e+03  1.79989940e+02
 5.88843655e+03  4.63857174e+01  5.88843655e+03  1.79989863e+02
 5.93380586e+03  4.63857178e+01  5.93380586e+03  1.79989785e+02
 5.97952473e+03  4.63857182e+01  5.97952473e+03  1.79989706e+02
 6.02559586e+03  4.63857187e+01  6.02559586e+03  1.79989627e+02
 6.07202196e+03  4.63857191e+01  6.07202196e+03  1.79989547e+02
 6.11880576e+03  4.63857195e+01  6.11880576e+03  1.79989466e+02
 6.16595002e+03  4.63857200e+01  6.16595002e+03  1.79989385e+02
 6.21345752e+03  4.63857204e+01  6.21345752e+03  1.79989303e+02
 6.26133105e+03  4.63857209e+01  6.26133105e+03  1.79989221e+02
 6.30957344e+03  4.63857214e+01  6.30957344e+03  1.79989138e+02
 6.35818754e+03  4.63857219e+01  6.35818754e+03  1.79989054e+02
 6.40717619e+03  4.63857223e+01  6.40717619e+03  1.79988970e+02
 6.45654229e+03  4.63857228e+01  6.45654229e+03  1.79988885e+02
 6.50628875e+03  4.63857233e+01  6.50628875e+03  1.79988799e+02
 6.55641849e+03  4.63857238e+01  6.55641849e+03  1.79988713e+02
 6.60693448e+03  4.63857244e+01  6.60693448e+03  1.79988626e+02
 6.65783968e+03  4.63857249e+01  6.65783968e+03  1.79988538e+02
 6.70913710e+03  4.63857254e+01  6.70913710e+03  1.79988450e+02
 6.76082975e+03  4.63857259e+01  6.76082975e+03  1.79988361e+02
 6.81292069e+03  4.63857265e+01  6.81292069e+03  1.79988271e+02
 6.86541298e+03  4.63857270e+01  6.86541298e+03  1.79988181e+02
 6.91830971e+03  4.63857276e+01  6.91830971e+03  1.79988090e+02
 6.97161400e+03  4.63857282e+01  6.97161400e+03  1.79987998e+02
 7.02532899e+03  4.63857288e+01  7.02532899e+03  1.79987906e+02
 7.07945784e+03  4.63857294e+01  7.07945784e+03  1.79987813e+02
 7.13400375e+03  4.63857300e+01  7.13400375e+03  1.79987719e+02
 7.18896992e+03  4.63857306e+01  7.18896992e+03  1.79987624e+02
 7.24435960e+03  4.63857312e+01  7.24435960e+03  1.79987529e+02
 7.30017605e+03  4.63857318e+01  7.30017605e+03  1.79987433e+02
 7.35642254e+03  4.63857325e+01  7.35642254e+03  1.79987336e+02
 7.41310241e+03  4.63857331e+01  7.41310241e+03  1.79987238e+02
 7.47021899e+03  4.63857338e+01  7.47021899e+03  1.79987140e+02
 7.52777564e+03  4.63857344e+01  7.52777564e+03  1.79987041e+02
 7.58577575e+03  4.63857351e+01  7.58577575e+03  1.79986941e+02
 7.64422274e+03  4.63857358e+01  7.64422274e+03  1.79986840e+02
 7.70312006e+03  4.63857365e+01  7.70312006e+03  1.79986739e+02
 7.76247117e+03  4.63857372e+01  7.76247117e+03  1.79986637e+02
 7.82227956e+03  4.63857379e+01  7.82227956e+03  1.79986534e+02
 7.88254877e+03  4.63857387e+01  7.88254877e+03  1.79986430e+02
 7.94328235e+03  4.63857394e+01  7.94328235e+03  1.79986325e+02
 8.00448386e+03  4.63857402e+01  8.00448386e+03  1.79986220e+02
 8.06615692e+03  4.63857409e+01  8.06615692e+03  1.79986114e+02
 8.12830516e+03  4.63857417e+01  8.12830516e+03  1.79986007e+02
 8.19093224e+03  4.63857425e+01  8.19093224e+03  1.79985899e+02
 8.25404185e+03  4.63857433e+01  8.25404185e+03  1.79985790e+02
 8.31763771e+03  4.63857441e+01  8.31763771e+03  1.79985681e+02
 8.38172356e+03  4.63857449e+01  8.38172356e+03  1.79985571e+02
 8.44630319e+03  4.63857458e+01  8.44630319e+03  1.79985459e+02
 8.51138038e+03  4.63857466e+01  8.51138038e+03  1.79985347e+02
 8.57695899e+03  4.63857475e+01  8.57695899e+03  1.79985234e+02
 8.64304286e+03  4.63857484e+01  8.64304286e+03  1.79985121e+02
 8.70963590e+03  4.63857493e+01  8.70963590e+03  1.79985006e+02
 8.77674203e+03  4.63857502e+01  8.77674203e+03  1.79984891e+02
 8.84436519e+03  4.63857511e+01  8.84436519e+03  1.79984774e+02
 8.91250938e+03  4.63857520e+01  8.91250938e+03  1.79984657e+02
 8.98117861e+03  4.63857530e+01  8.98117861e+03  1.79984539e+02
 9.05037692e+03  4.63857540e+01  9.05037692e+03  1.79984419e+02
 9.12010839e+03  4.63857549e+01  9.12010839e+03  1.79984299e+02
 9.19037713e+03  4.63857559e+01  9.19037713e+03  1.79984178e+02
 9.26118728e+03  4.63857570e+01  9.26118728e+03  1.79984057e+02
 9.33254301e+03  4.63857580e+01  9.33254301e+03  1.79983934e+02
 9.40444852e+03  4.63857590e+01  9.40444852e+03  1.79983810e+02
 9.47690805e+03  4.63857601e+01  9.47690805e+03  1.79983685e+02
 9.54992586e+03  4.63857612e+01  9.54992586e+03  1.79983559e+02
 9.62350626e+03  4.63857622e+01  9.62350626e+03  1.79983433e+02
 9.69765359e+03  4.63857634e+01  9.69765359e+03  1.79983305e+02
 9.77237221e+03  4.63857645e+01  9.77237221e+03  1.79983177e+02
 9.84766652e+03  4.63857656e+01  9.84766652e+03  1.79983047e+02
 9.92354096e+03  4.63857668e+01  9.92354096e+03  1.79982916e+02
 1.00000000e+04  4.63857680e+01  1.00000000e+04  1.79982785e+02
 1.00770481e+04  4.63857692e+01  1.00770481e+04  1.79982652e+02
 1.01546899e+04  4.63857704e+01  1.01546899e+04  1.79982518e+02
 1.02329299e+04  4.63857716e+01  1.02329299e+04  1.79982384e+02
 1.03117727e+04  4.63857729e+01  1.03117727e+04  1.79982248e+02
 1.03912230e+04  4.63857741e+01  1.03912230e+04  1.79982111e+02
 1.04712855e+04  4.63857754e+01  1.04712855e+04  1.79981973e+02
 1.05519648e+04  4.63857768e+01  1.05519648e+04  1.79981834e+02
 1.06332657e+04  4.63857781e+01  1.06332657e+04  1.79981694e+02
 1.07151931e+04  4.63857794e+01  1.07151931e+04  1.79981553e+02
 1.07977516e+04  4.63857808e+01  1.07977516e+04  1.79981411e+02
 1.08809463e+04  4.63857822e+01  1.08809463e+04  1.79981268e+02
 1.09647820e+04  4.63857836e+01  1.09647820e+04  1.79981124e+02
 1.10492636e+04  4.63857851e+01  1.10492636e+04  1.79980978e+02
 1.11343961e+04  4.63857865e+01  1.11343961e+04  1.79980832e+02
 1.12201845e+04  4.63857880e+01  1.12201845e+04  1.79980684e+02
 1.13066340e+04  4.63857895e+01  1.13066340e+04  1.79980535e+02
 1.13937495e+04  4.63857910e+01  1.13937495e+04  1.79980385e+02
 1.14815362e+04  4.63857926e+01  1.14815362e+04  1.79980234e+02
 1.15699993e+04  4.63857942e+01  1.15699993e+04  1.79980082e+02
 1.16591440e+04  4.63857958e+01  1.16591440e+04  1.79979928e+02
 1.17489755e+04  4.63857974e+01  1.17489755e+04  1.79979774e+02
 1.18394992e+04  4.63857991e+01  1.18394992e+04  1.79979618e+02
 1.19307204e+04  4.63858007e+01  1.19307204e+04  1.79979461e+02
 1.20226443e+04  4.63858024e+01  1.20226443e+04  1.79979302e+02
 1.21152766e+04  4.63858042e+01  1.21152766e+04  1.79979143e+02
 1.22086225e+04  4.63858059e+01  1.22086225e+04  1.79978982e+02
 1.23026877e+04  4.63858077e+01  1.23026877e+04  1.79978820e+02
 1.23974776e+04  4.63858095e+01  1.23974776e+04  1.79978657e+02
 1.24929979e+04  4.63858114e+01  1.24929979e+04  1.79978493e+02
 1.25892541e+04  4.63858132e+01  1.25892541e+04  1.79978327e+02
 1.26862520e+04  4.63858151e+01  1.26862520e+04  1.79978160e+02
 1.27839972e+04  4.63858171e+01  1.27839972e+04  1.79977992e+02
 1.28824955e+04  4.63858190e+01  1.28824955e+04  1.79977822e+02
 1.29817528e+04  4.63858210e+01  1.29817528e+04  1.79977651e+02
 1.30817747e+04  4.63858230e+01  1.30817747e+04  1.79977479e+02
 1.31825674e+04  4.63858251e+01  1.31825674e+04  1.79977305e+02
 1.32841366e+04  4.63858272e+01  1.32841366e+04  1.79977131e+02
 1.33864884e+04  4.63858293e+01  1.33864884e+04  1.79976954e+02
 1.34896288e+04  4.63858314e+01  1.34896288e+04  1.79976777e+02
 1.35935639e+04  4.63858336e+01  1.35935639e+04  1.79976598e+02
 1.36982998e+04  4.63858358e+01  1.36982998e+04  1.79976418e+02
 1.38038426e+04  4.63858381e+01  1.38038426e+04  1.79976236e+02
 1.39101987e+04  4.63858403e+01  1.39101987e+04  1.79976053e+02
 1.40173742e+04  4.63858427e+01  1.40173742e+04  1.79975868e+02
 1.41253754e+04  4.63858450e+01  1.41253754e+04  1.79975682e+02
 1.42342088e+04  4.63858474e+01  1.42342088e+04  1.79975495e+02
 1.43438808e+04  4.63858498e+01  1.43438808e+04  1.79975306e+02
 1.44543977e+04  4.63858523e+01  1.44543977e+04  1.79975116e+02
 1.45657662e+04  4.63858548e+01  1.45657662e+04  1.79974924e+02
 1.46779927e+04  4.63858573e+01  1.46779927e+04  1.79974731e+02
 1.47910839e+04  4.63858599e+01  1.47910839e+04  1.79974536e+02
 1.49050464e+04  4.63858625e+01  1.49050464e+04  1.79974340e+02
 1.50198870e+04  4.63858652e+01  1.50198870e+04  1.79974142e+02
 1.51356125e+04  4.63858679e+01  1.51356125e+04  1.79973943e+02
 1.52522296e+04  4.63858706e+01  1.52522296e+04  1.79973742e+02
 1.53697452e+04  4.63858734e+01  1.53697452e+04  1.79973540e+02
 1.54881662e+04  4.63858762e+01  1.54881662e+04  1.79973336e+02
 1.56074996e+04  4.63858791e+01  1.56074996e+04  1.79973131e+02
 1.57277525e+04  4.63858820e+01  1.57277525e+04  1.79972923e+02
 1.58489319e+04  4.63858850e+01  1.58489319e+04  1.79972715e+02
 1.59710450e+04  4.63858880e+01  1.59710450e+04  1.79972505e+02
 1.60940989e+04  4.63858911e+01  1.60940989e+04  1.79972293e+02
 1.62181010e+04  4.63858942e+01  1.62181010e+04  1.79972079e+02
 1.63430584e+04  4.63858973e+01  1.63430584e+04  1.79971864e+02
 1.64689787e+04  4.63859005e+01  1.64689787e+04  1.79971647e+02
 1.65958691e+04  4.63859038e+01  1.65958691e+04  1.79971429e+02
 1.67237372e+04  4.63859071e+01  1.67237372e+04  1.79971209e+02
 1.68525904e+04  4.63859104e+01  1.68525904e+04  1.79970987e+02
 1.69824365e+04  4.63859138e+01  1.69824365e+04  1.79970763e+02
 1.71132830e+04  4.63859173e+01  1.71132830e+04  1.79970538e+02
 1.72451377e+04  4.63859208e+01  1.72451377e+04  1.79970311e+02
 1.73780083e+04  4.63859243e+01  1.73780083e+04  1.79970082e+02
 1.75119026e+04  4.63859279e+01  1.75119026e+04  1.79969852e+02
 1.76468286e+04  4.63859316e+01  1.76468286e+04  1.79969619e+02
 1.77827941e+04  4.63859353e+01  1.77827941e+04  1.79969385e+02
 1.79198072e+04  4.63859391e+01  1.79198072e+04  1.79969149e+02
 1.80578760e+04  4.63859430e+01  1.80578760e+04  1.79968912e+02
 1.81970086e+04  4.63859469e+01  1.81970086e+04  1.79968672e+02
 1.83372132e+04  4.63859508e+01  1.83372132e+04  1.79968431e+02
 1.84784980e+04  4.63859549e+01  1.84784980e+04  1.79968187e+02
 1.86208714e+04  4.63859590e+01  1.86208714e+04  1.79967942e+02
 1.87643417e+04  4.63859631e+01  1.87643417e+04  1.79967695e+02
 1.89089175e+04  4.63859673e+01  1.89089175e+04  1.79967446e+02
 1.90546072e+04  4.63859716e+01  1.90546072e+04  1.79967195e+02
 1.92014194e+04  4.63859760e+01  1.92014194e+04  1.79966943e+02
 1.93493628e+04  4.63859804e+01  1.93493628e+04  1.79966688e+02
 1.94984460e+04  4.63859849e+01  1.94984460e+04  1.79966431e+02
 1.96486779e+04  4.63859894e+01  1.96486779e+04  1.79966173e+02
 1.98000673e+04  4.63859940e+01  1.98000673e+04  1.79965912e+02
 1.99526231e+04  4.63859987e+01  1.99526231e+04  1.79965649e+02
 2.01063544e+04  4.63860035e+01  2.01063544e+04  1.79965385e+02
 2.02612701e+04  4.63860083e+01  2.02612701e+04  1.79965118e+02
 2.04173794e+04  4.63860133e+01  2.04173794e+04  1.79964849e+02
 2.05746916e+04  4.63860182e+01  2.05746916e+04  1.79964578e+02
 2.07332157e+04  4.63860233e+01  2.07332157e+04  1.79964305e+02
 2.08929613e+04  4.63860285e+01  2.08929613e+04  1.79964030e+02
 2.10539377e+04  4.63860337e+01  2.10539377e+04  1.79963753e+02
 2.12161544e+04  4.63860390e+01  2.12161544e+04  1.79963474e+02
 2.13796209e+04  4.63860444e+01  2.13796209e+04  1.79963192e+02
 2.15443469e+04  4.63860499e+01  2.15443469e+04  1.79962909e+02
 2.17103421e+04  4.63860554e+01  2.17103421e+04  1.79962623e+02
 2.18776162e+04  4.63860611e+01  2.18776162e+04  1.79962335e+02
 2.20461792e+04  4.63860668e+01  2.20461792e+04  1.79962044e+02
 2.22160409e+04  4.63860726e+01  2.22160409e+04  1.79961752e+02
 2.23872114e+04  4.63860785e+01  2.23872114e+04  1.79961457e+02
 2.25597007e+04  4.63860845e+01  2.25597007e+04  1.79961160e+02
 2.27335190e+04  4.63860906e+01  2.27335190e+04  1.79960861e+02
 2.29086765e+04  4.63860968e+01  2.29086765e+04  1.79960559e+02
 2.30851836e+04  4.63861031e+01  2.30851836e+04  1.79960255e+02
 2.32630507e+04  4.63861095e+01  2.32630507e+04  1.79959949e+02
 2.34422882e+04  4.63861159e+01  2.34422882e+04  1.79959640e+02
 2.36229066e+04  4.63861225e+01  2.36229066e+04  1.79959329e+02
 2.38049167e+04  4.63861292e+01  2.38049167e+04  1.79959016e+02
 2.39883292e+04  4.63861360e+01  2.39883292e+04  1.79958700e+02
 2.41731548e+04  4.63861429e+01  2.41731548e+04  1.79958382e+02
 2.43594045e+04  4.63861499e+01  2.43594045e+04  1.79958061e+02
 2.45470892e+04  4.63861570e+01  2.45470892e+04  1.79957738e+02
 2.47362199e+04  4.63861642e+01  2.47362199e+04  1.79957412e+02
 2.49268079e+04  4.63861715e+01  2.49268079e+04  1.79957084e+02
 2.51188643e+04  4.63861790e+01  2.51188643e+04  1.79956753e+02
 2.53124005e+04  4.63861865e+01  2.53124005e+04  1.79956420e+02
 2.55074278e+04  4.63861942e+01  2.55074278e+04  1.79956084e+02
 2.57039578e+04  4.63862020e+01  2.57039578e+04  1.79955746e+02
 2.59020020e+04  4.63862099e+01  2.59020020e+04  1.79955405e+02
 2.61015722e+04  4.63862179e+01  2.61015722e+04  1.79955061e+02
 2.63026799e+04  4.63862261e+01  2.63026799e+04  1.79954715e+02
 2.65053372e+04  4.63862344e+01  2.65053372e+04  1.79954366e+02
 2.67095559e+04  4.63862428e+01  2.67095559e+04  1.79954014e+02
 2.69153480e+04  4.63862513e+01  2.69153480e+04  1.79953660e+02
 2.71227258e+04  4.63862600e+01  2.71227258e+04  1.79953303e+02
 2.73317014e+04  4.63862688e+01  2.73317014e+04  1.79952943e+02
 2.75422870e+04  4.63862778e+01  2.75422870e+04  1.79952580e+02
 2.77544952e+04  4.63862868e+01  2.77544952e+04  1.79952215e+02
 2.79683385e+04  4.63862961e+01  2.79683385e+04  1.79951847e+02
 2.81838293e+04  4.63863054e+01  2.81838293e+04  1.79951475e+02
 2.84009805e+04  4.63863149e+01  2.84009805e+04  1.79951101e+02
 2.86198048e+04  4.63863246e+01  2.86198048e+04  1.79950725e+02
 2.88403150e+04  4.63863344e+01  2.88403150e+04  1.79950345e+02
 2.90625243e+04  4.63863444e+01  2.90625243e+04  1.79949962e+02
 2.92864456e+04  4.63863545e+01  2.92864456e+04  1.79949577e+02
 2.95120923e+04  4.63863648e+01  2.95120923e+04  1.79949188e+02
 2.97394775e+04  4.63863752e+01  2.97394775e+04  1.79948796e+02
 2.99686146e+04  4.63863858e+01  2.99686146e+04  1.79948402e+02
 3.01995172e+04  4.63863965e+01  3.01995172e+04  1.79948004e+02
 3.04321989e+04  4.63864075e+01  3.04321989e+04  1.79947603e+02
 3.06666733e+04  4.63864186e+01  3.06666733e+04  1.79947199e+02
 3.09029543e+04  4.63864298e+01  3.09029543e+04  1.79946793e+02
 3.11410558e+04  4.63864412e+01  3.11410558e+04  1.79946382e+02
 3.13809919e+04  4.63864528e+01  3.13809919e+04  1.79945969e+02
 3.16227766e+04  4.63864646e+01  3.16227766e+04  1.79945553e+02
 3.18664242e+04  4.63864766e+01  3.18664242e+04  1.79945133e+02
 3.21119491e+04  4.63864888e+01  3.21119491e+04  1.79944710e+02
 3.23593657e+04  4.63865011e+01  3.23593657e+04  1.79944284e+02
 3.26086886e+04  4.63865137e+01  3.26086886e+04  1.79943855e+02
 3.28599325e+04  4.63865264e+01  3.28599325e+04  1.79943422e+02
 3.31131121e+04  4.63865393e+01  3.31131121e+04  1.79942986e+02
 3.33682425e+04  4.63865525e+01  3.33682425e+04  1.79942547e+02
 3.36253386e+04  4.63865658e+01  3.36253386e+04  1.79942104e+02
 3.38844156e+04  4.63865793e+01  3.38844156e+04  1.79941657e+02
 3.41454887e+04  4.63865931e+01  3.41454887e+04  1.79941208e+02
 3.44085734e+04  4.63866071e+01  3.44085734e+04  1.79940755e+02
 3.46736850e+04  4.63866212e+01  3.46736850e+04  1.79940298e+02
 3.49408393e+04  4.63866356e+01  3.49408393e+04  1.79939838e+02
 3.52100520e+04  4.63866502e+01  3.52100520e+04  1.79939374e+02
 3.54813389e+04  4.63866651e+01  3.54813389e+04  1.79938907e+02
 3.57547160e+04  4.63866802e+01  3.57547160e+04  1.79938436e+02
 3.60301995e+04  4.63866955e+01  3.60301995e+04  1.79937961e+02
 3.63078055e+04  4.63867110e+01  3.63078055e+04  1.79937483e+02
 3.65875504e+04  4.63867268e+01  3.65875504e+04  1.79937001e+02
 3.68694506e+04  4.63867428e+01  3.68694506e+04  1.79936516e+02
 3.71535229e+04  4.63867591e+01  3.71535229e+04  1.79936026e+02
 3.74397839e+04  4.63867756e+01  3.74397839e+04  1.79935533e+02
 3.77282505e+04  4.63867924e+01  3.77282505e+04  1.79935036e+02
 3.80189396e+04  4.63868095e+01  3.80189396e+04  1.79934536e+02
 3.83118685e+04  4.63868268e+01  3.83118685e+04  1.79934031e+02
 3.86070543e+04  4.63868443e+01  3.86070543e+04  1.79933523e+02
 3.89045145e+04  4.63868622e+01  3.89045145e+04  1.79933010e+02
 3.92042666e+04  4.63868803e+01  3.92042666e+04  1.79932494e+02
 3.95063281e+04  4.63868987e+01  3.95063281e+04  1.79931973e+02
 3.98107171e+04  4.63869174e+01  3.98107171e+04  1.79931449e+02
 4.01174512e+04  4.63869364e+01  4.01174512e+04  1.79930921e+02
 4.04265487e+04  4.63869557e+01  4.04265487e+04  1.79930388e+02
 4.07380278e+04  4.63869753e+01  4.07380278e+04  1.79929851e+02
 4.10519067e+04  4.63869951e+01  4.10519067e+04  1.79929311e+02
 4.13682040e+04  4.63870153e+01  4.13682040e+04  1.79928766e+02
 4.16869383e+04  4.63870358e+01  4.16869383e+04  1.79928217e+02
 4.20081285e+04  4.63870566e+01  4.20081285e+04  1.79927663e+02
 4.23317933e+04  4.63870777e+01  4.23317933e+04  1.79927106e+02
 4.26579519e+04  4.63870992e+01  4.26579519e+04  1.79926544e+02
 4.29866235e+04  4.63871210e+01  4.29866235e+04  1.79925977e+02
 4.33178274e+04  4.63871431e+01  4.33178274e+04  1.79925407e+02
 4.36515832e+04  4.63871656e+01  4.36515832e+04  1.79924832e+02
 4.39879106e+04  4.63871884e+01  4.39879106e+04  1.79924252e+02
 4.43268292e+04  4.63872116e+01  4.43268292e+04  1.79923668e+02
 4.46683592e+04  4.63872352e+01  4.46683592e+04  1.79923080e+02
 4.50125206e+04  4.63872590e+01  4.50125206e+04  1.79922487e+02
 4.53593337e+04  4.63872833e+01  4.53593337e+04  1.79921889e+02
 4.57088190e+04  4.63873079e+01  4.57088190e+04  1.79921287e+02
 4.60609969e+04  4.63873330e+01  4.60609969e+04  1.79920680e+02
 4.64158883e+04  4.63873584e+01  4.64158883e+04  1.79920069e+02
 4.67735141e+04  4.63873842e+01  4.67735141e+04  1.79919452e+02
 4.71338954e+04  4.63874104e+01  4.71338954e+04  1.79918831e+02
 4.74970533e+04  4.63874370e+01  4.74970533e+04  1.79918206e+02
 4.78630092e+04  4.63874640e+01  4.78630092e+04  1.79917575e+02
 4.82317848e+04  4.63874914e+01  4.82317848e+04  1.79916939e+02
 4.86034018e+04  4.63875193e+01  4.86034018e+04  1.79916299e+02
 4.89778819e+04  4.63875476e+01  4.89778819e+04  1.79915654e+02
 4.93552474e+04  4.63875763e+01  4.93552474e+04  1.79915003e+02
 4.97355204e+04  4.63876055e+01  4.97355204e+04  1.79914348e+02
 5.01187234e+04  4.63876351e+01  5.01187234e+04  1.79913687e+02
 5.05048788e+04  4.63876652e+01  5.05048788e+04  1.79913022e+02
 5.08940095e+04  4.63876957e+01  5.08940095e+04  1.79912351e+02
 5.12861384e+04  4.63877267e+01  5.12861384e+04  1.79911675e+02
 5.16812886e+04  4.63877582e+01  5.16812886e+04  1.79910994e+02
 5.20794833e+04  4.63877903e+01  5.20794833e+04  1.79910308e+02
 5.24807460e+04  4.63878228e+01  5.24807460e+04  1.79909616e+02
 5.28851004e+04  4.63878557e+01  5.28851004e+04  1.79908919e+02
 5.32925703e+04  4.63878892e+01  5.32925703e+04  1.79908217e+02
 5.37031796e+04  4.63879233e+01  5.37031796e+04  1.79907509e+02
 5.41169527e+04  4.63879578e+01  5.41169527e+04  1.79906796e+02
 5.45339137e+04  4.63879929e+01  5.45339137e+04  1.79906077e+02
 5.49540874e+04  4.63880285e+01  5.49540874e+04  1.79905353e+02
 5.53774984e+04  4.63880647e+01  5.53774984e+04  1.79904623e+02
 5.58041717e+04  4.63881014e+01  5.58041717e+04  1.79903887e+02
 5.62341325e+04  4.63881387e+01  5.62341325e+04  1.79903146e+02
 5.66674061e+04  4.63881765e+01  5.66674061e+04  1.79902399e+02
 5.71040179e+04  4.63882150e+01  5.71040179e+04  1.79901647e+02
 5.75439937e+04  4.63882540e+01  5.75439937e+04  1.79900888e+02
 5.79873595e+04  4.63882938e+01  5.79873595e+04  1.79900124e+02
 5.84341413e+04  4.63883340e+01  5.84341413e+04  1.79899353e+02
 5.88843655e+04  4.63883749e+01  5.88843655e+04  1.79898577e+02
 5.93380586e+04  4.63884164e+01  5.93380586e+04  1.79897795e+02
 5.97952473e+04  4.63884586e+01  5.97952473e+04  1.79897006e+02
 6.02559586e+04  4.63885014e+01  6.02559586e+04  1.79896212e+02
 6.07202196e+04  4.63885449e+01  6.07202196e+04  1.79895411e+02
 6.11880576e+04  4.63885891e+01  6.11880576e+04  1.79894605e+02
 6.16595002e+04  4.63886339e+01  6.16595002e+04  1.79893792e+02
 6.21345752e+04  4.63886794e+01  6.21345752e+04  1.79892972e+02
 6.26133105e+04  4.63887257e+01  6.26133105e+04  1.79892147e+02
 6.30957344e+04  4.63887727e+01  6.30957344e+04  1.79891315e+02
 6.35818754e+04  4.63888203e+01  6.35818754e+04  1.79890476e+02
 6.40717619e+04  4.63888687e+01  6.40717619e+04  1.79889632e+02
 6.45654229e+04  4.63889179e+01  6.45654229e+04  1.79888780e+02
 6.50628875e+04  4.63889679e+01  6.50628875e+04  1.79887922e+02
 6.55641849e+04  4.63890186e+01  6.55641849e+04  1.79887057e+02
 6.60693448e+04  4.63890701e+01  6.60693448e+04  1.79886186e+02
 6.65783968e+04  4.63891223e+01  6.65783968e+04  1.79885308e+02
 6.70913710e+04  4.63891754e+01  6.70913710e+04  1.79884423e+02
 6.76082975e+04  4.63892294e+01  6.76082975e+04  1.79883531e+02
 6.81292069e+04  4.63892841e+01  6.81292069e+04  1.79882633e+02
 6.86541298e+04  4.63893396e+01  6.86541298e+04  1.79881727e+02
 6.91830971e+04  4.63893961e+01  6.91830971e+04  1.79880815e+02
 6.97161400e+04  4.63894535e+01  6.97161400e+04  1.79879895e+02
 7.02532899e+04  4.63895117e+01  7.02532899e+04  1.79878968e+02
 7.07945784e+04  4.63895708e+01  7.07945784e+04  1.79878034e+02
 7.13400375e+04  4.63896310e+01  7.13400375e+04  1.79877093e+02
 7.18896992e+04  4.63896918e+01  7.18896992e+04  1.79876145e+02
 7.24435960e+04  4.63897538e+01  7.24435960e+04  1.79875189e+02
 7.30017605e+04  4.63898167e+01  7.30017605e+04  1.79874226e+02
 7.35642254e+04  4.63898804e+01  7.35642254e+04  1.79873255e+02
 7.41310241e+04  4.63899453e+01  7.41310241e+04  1.79872277e+02
 7.47021899e+04  4.63900112e+01  7.47021899e+04  1.79871291e+02
 7.52777564e+04  4.63900780e+01  7.52777564e+04  1.79870298e+02
 7.58577575e+04  4.63901458e+01  7.58577575e+04  1.79869297e+02
 7.64422274e+04  4.63902148e+01  7.64422274e+04  1.79868288e+02
 7.70312006e+04  4.63902848e+01  7.70312006e+04  1.79867271e+02
 7.76247117e+04  4.63903559e+01  7.76247117e+04  1.79866247e+02
 7.82227956e+04  4.63904281e+01  7.82227956e+04  1.79865215e+02
 7.88254877e+04  4.63905013e+01  7.88254877e+04  1.79864174e+02
 7.94328235e+04  4.63905758e+01  7.94328235e+04  1.79863126e+02
 8.00448386e+04  4.63906514e+01  8.00448386e+04  1.79862069e+02
 8.06615692e+04  4.63907281e+01  8.06615692e+04  1.79861004e+02
 8.12830516e+04  4.63908061e+01  8.12830516e+04  1.79859931e+02
 8.19093224e+04  4.63908853e+01  8.19093224e+04  1.79858850e+02
 8.25404185e+04  4.63909657e+01  8.25404185e+04  1.79857760e+02
 8.31763771e+04  4.63910473e+01  8.31763771e+04  1.79856662e+02
 8.38172356e+04  4.63911302e+01  8.38172356e+04  1.79855555e+02
 8.44630319e+04  4.63912144e+01  8.44630319e+04  1.79854440e+02
 8.51138038e+04  4.63912999e+01  8.51138038e+04  1.79853316e+02
 8.57695899e+04  4.63913866e+01  8.57695899e+04  1.79852183e+02
 8.64304286e+04  4.63914749e+01  8.64304286e+04  1.79851042e+02
 8.70963590e+04  4.63915642e+01  8.70963590e+04  1.79849891e+02
 8.77674203e+04  4.63916552e+01  8.77674203e+04  1.79848732e+02
 8.84436519e+04  4.63917474e+01  8.84436519e+04  1.79847564e+02
 8.91250938e+04  4.63918413e+01  8.91250938e+04  1.79846387e+02
 8.98117861e+04  4.63919364e+01  8.98117861e+04  1.79845200e+02
 9.05037692e+04  4.63920330e+01  9.05037692e+04  1.79844005e+02
 9.12010839e+04  4.63921312e+01  9.12010839e+04  1.79842800e+02
 9.19037713e+04  4.63922309e+01  9.19037713e+04  1.79841585e+02
 9.26118728e+04  4.63923320e+01  9.26118728e+04  1.79840362e+02
 9.33254301e+04  4.63924348e+01  9.33254301e+04  1.79839129e+02
 9.40444852e+04  4.63925392e+01  9.40444852e+04  1.79837886e+02
 9.47690805e+04  4.63926452e+01  9.47690805e+04  1.79836633e+02
 9.54992586e+04  4.63927528e+01  9.54992586e+04  1.79835371e+02
 9.62350626e+04  4.63928622e+01  9.62350626e+04  1.79834099e+02
 9.69765359e+04  4.63929730e+01  9.69765359e+04  1.79832817e+02
 9.77237221e+04  4.63930858e+01  9.77237221e+04  1.79831526e+02
 9.84766652e+04  4.63932002e+01  9.84766652e+04  1.79830224e+02
 9.92354096e+04  4.63933164e+01  9.92354096e+04  1.79828912e+02
 1.00000000e+05  4.63934346e+01  1.00000000e+05  1.79827590e+02
 1.00770481e+05  4.63935543e+01  1.00770481e+05  1.79826257e+02
 1.01546899e+05  4.63936760e+01  1.01546899e+05  1.79824914e+02
 1.02329299e+05  4.63937997e+01  1.02329299e+05  1.79823561e+02
 1.03117727e+05  4.63939251e+01  1.03117727e+05  1.79822197e+02
 1.03912230e+05  4.63940527e+01  1.03912230e+05  1.79820823e+02
 1.04712855e+05  4.63941819e+01  1.04712855e+05  1.79819438e+02
 1.05519648e+05  4.63943133e+01  1.05519648e+05  1.79818042e+02
 1.06332657e+05  4.63944468e+01  1.06332657e+05  1.79816635e+02
 1.07151931e+05  4.63945823e+01  1.07151931e+05  1.79815218e+02
 1.07977516e+05  4.63947199e+01  1.07977516e+05  1.79813789e+02
 1.08809463e+05  4.63948597e+01  1.08809463e+05  1.79812349e+02
 1.09647820e+05  4.63950014e+01  1.09647820e+05  1.79810898e+02
 1.10492636e+05  4.63951455e+01  1.10492636e+05  1.79809436e+02
 1.11343961e+05  4.63952919e+01  1.11343961e+05  1.79807962e+02
 1.12201845e+05  4.63954406e+01  1.12201845e+05  1.79806477e+02
 1.13066340e+05  4.63955917e+01  1.13066340e+05  1.79804980e+02
 1.13937495e+05  4.63957449e+01  1.13937495e+05  1.79803472e+02
 1.14815362e+05  4.63959003e+01  1.14815362e+05  1.79801952e+02
 1.15699993e+05  4.63960584e+01  1.15699993e+05  1.79800420e+02
 1.16591440e+05  4.63962190e+01  1.16591440e+05  1.79798876e+02
 1.17489755e+05  4.63963818e+01  1.17489755e+05  1.79797320e+02
 1.18394992e+05  4.63965473e+01  1.18394992e+05  1.79795751e+02
 1.19307204e+05  4.63967155e+01  1.19307204e+05  1.79794171e+02
 1.20226443e+05  4.63968861e+01  1.20226443e+05  1.79792578e+02
 1.21152766e+05  4.63970593e+01  1.21152766e+05  1.79790973e+02
 1.22086225e+05  4.63972354e+01  1.22086225e+05  1.79789355e+02
 1.23026877e+05  4.63974139e+01  1.23026877e+05  1.79787725e+02
 1.23974776e+05  4.63975955e+01  1.23974776e+05  1.79786082e+02
 1.24929979e+05  4.63977796e+01  1.24929979e+05  1.79784426e+02
 1.25892541e+05  4.63979670e+01  1.25892541e+05  1.79782757e+02
 1.26862520e+05  4.63981569e+01  1.26862520e+05  1.79781075e+02
 1.27839972e+05  4.63983499e+01  1.27839972e+05  1.79779380e+02
 1.28824955e+05  4.63985458e+01  1.28824955e+05  1.79777672e+02
 1.29817528e+05  4.63987451e+01  1.29817528e+05  1.79775950e+02
 1.30817747e+05  4.63989470e+01  1.30817747e+05  1.79774215e+02
 1.31825674e+05  4.63991523e+01  1.31825674e+05  1.79772466e+02
 1.32841366e+05  4.63993605e+01  1.32841366e+05  1.79770704e+02
 1.33864884e+05  4.63995721e+01  1.33864884e+05  1.79768928e+02
 1.34896288e+05  4.63997871e+01  1.34896288e+05  1.79767138e+02
 1.35935639e+05  4.64000054e+01  1.35935639e+05  1.79765334e+02
 1.36982998e+05  4.64002271e+01  1.36982998e+05  1.79763516e+02
 1.38038426e+05  4.64004521e+01  1.38038426e+05  1.79761683e+02
 1.39101987e+05  4.64006806e+01  1.39101987e+05  1.79759836e+02
 1.40173742e+05  4.64009128e+01  1.40173742e+05  1.79757975e+02
 1.41253754e+05  4.64011483e+01  1.41253754e+05  1.79756099e+02
 1.42342088e+05  4.64013875e+01  1.42342088e+05  1.79754208e+02
 1.43438808e+05  4.64016308e+01  1.43438808e+05  1.79752303e+02
 1.44543977e+05  4.64018774e+01  1.44543977e+05  1.79750382e+02
 1.45657662e+05  4.64021284e+01  1.45657662e+05  1.79748447e+02
 1.46779927e+05  4.64023827e+01  1.46779927e+05  1.79746496e+02
 1.47910839e+05  4.64026414e+01  1.47910839e+05  1.79744530e+02
 1.49050464e+05  4.64029038e+01  1.49050464e+05  1.79742549e+02
 1.50198870e+05  4.64031703e+01  1.50198870e+05  1.79740552e+02
 1.51356125e+05  4.64034407e+01  1.51356125e+05  1.79738539e+02
 1.52522296e+05  4.64037154e+01  1.52522296e+05  1.79736510e+02
 1.53697452e+05  4.64039946e+01  1.53697452e+05  1.79734466e+02
 1.54881662e+05  4.64042782e+01  1.54881662e+05  1.79732405e+02
 1.56074996e+05  4.64045661e+01  1.56074996e+05  1.79730328e+02
 1.57277525e+05  4.64048584e+01  1.57277525e+05  1.79728235e+02
 1.58489319e+05  4.64051546e+01  1.58489319e+05  1.79726126e+02
 1.59710450e+05  4.64054566e+01  1.59710450e+05  1.79724000e+02
 1.60940989e+05  4.64057626e+01  1.60940989e+05  1.79721856e+02
 1.62181010e+05  4.64060738e+01  1.62181010e+05  1.79719696e+02
 1.63430584e+05  4.64063893e+01  1.63430584e+05  1.79717520e+02
 1.64689787e+05  4.64067097e+01  1.64689787e+05  1.79715325e+02
 1.65958691e+05  4.64070358e+01  1.65958691e+05  1.79713114e+02
 1.67237372e+05  4.64073659e+01  1.67237372e+05  1.79710885e+02
 1.68525904e+05  4.64077016e+01  1.68525904e+05  1.79708638e+02
 1.69824365e+05  4.64080428e+01  1.69824365e+05  1.79706374e+02
 1.71132830e+05  4.64083889e+01  1.71132830e+05  1.79704092e+02
 1.72451377e+05  4.64087404e+01  1.72451377e+05  1.79701792e+02
 1.73780083e+05  4.64090973e+01  1.73780083e+05  1.79699473e+02
 1.75119026e+05  4.64094599e+01  1.75119026e+05  1.79697136e+02
 1.76468286e+05  4.64098281e+01  1.76468286e+05  1.79694781e+02
 1.77827941e+05  4.64102019e+01  1.77827941e+05  1.79692407e+02
 1.79198072e+05  4.64105816e+01  1.79198072e+05  1.79690014e+02
 1.80578760e+05  4.64109671e+01  1.80578760e+05  1.79687603e+02
 1.81970086e+05  4.64113591e+01  1.81970086e+05  1.79685172e+02
 1.83372132e+05  4.64117565e+01  1.83372132e+05  1.79682722e+02
 1.84784980e+05  4.64121604e+01  1.84784980e+05  1.79680252e+02
 1.86208714e+05  4.64125703e+01  1.86208714e+05  1.79677763e+02
 1.87643417e+05  4.64129870e+01  1.87643417e+05  1.79675254e+02
 1.89089175e+05  4.64134098e+01  1.89089175e+05  1.79672725e+02
 1.90546072e+05  4.64138398e+01  1.90546072e+05  1.79670176e+02
 1.92014194e+05  4.64142755e+01  1.92014194e+05  1.79667606e+02
 1.93493628e+05  4.64147185e+01  1.93493628e+05  1.79665017e+02
 1.94984460e+05  4.64151689e+01  1.94984460e+05  1.79662406e+02
 1.96486779e+05  4.64156246e+01  1.96486779e+05  1.79659775e+02
 1.98000673e+05  4.64160886e+01  1.98000673e+05  1.79657123e+02
 1.99526231e+05  4.64165595e+01  1.99526231e+05  1.79654449e+02
 2.01063544e+05  4.64170382e+01  2.01063544e+05  1.79651755e+02
 2.02612701e+05  4.64175234e+01  2.02612701e+05  1.79649038e+02
 2.04173794e+05  4.64180176e+01  2.04173794e+05  1.79646300e+02
 2.05746916e+05  4.64185182e+01  2.05746916e+05  1.79643541e+02
 2.07332157e+05  4.64190271e+01  2.07332157e+05  1.79640759e+02
 2.08929613e+05  4.64195440e+01  2.08929613e+05  1.79637955e+02
 2.10539377e+05  4.64200686e+01  2.10539377e+05  1.79635128e+02
 2.12161544e+05  4.64206011e+01  2.12161544e+05  1.79632279e+02
 2.13796209e+05  4.64211424e+01  2.13796209e+05  1.79629407e+02
 2.15443469e+05  4.64216912e+01  2.15443469e+05  1.79626511e+02
 2.17103421e+05  4.64222505e+01  2.17103421e+05  1.79623594e+02
 2.18776162e+05  4.64228170e+01  2.18776162e+05  1.79620652e+02
 2.20461792e+05  4.64233917e+01  2.20461792e+05  1.79617686e+02
 2.22160409e+05  4.64239767e+01  2.22160409e+05  1.79614698e+02
 2.23872114e+05  4.64245705e+01  2.23872114e+05  1.79611684e+02
 2.25597007e+05  4.64251732e+01  2.25597007e+05  1.79608646e+02
 2.27335190e+05  4.64257851e+01  2.27335190e+05  1.79605584e+02
 2.29086765e+05  4.64264069e+01  2.29086765e+05  1.79602497e+02
 2.30851836e+05  4.64270376e+01  2.30851836e+05  1.79599385e+02
 2.32630507e+05  4.64276791e+01  2.32630507e+05  1.79596249e+02
 2.34422882e+05  4.64283301e+01  2.34422882e+05  1.79593087e+02
 2.36229066e+05  4.64289917e+01  2.36229066e+05  1.79589899e+02
 2.38049167e+05  4.64296631e+01  2.38049167e+05  1.79586685e+02
 2.39883292e+05  4.64303444e+01  2.39883292e+05  1.79583446e+02
 2.41731548e+05  4.64310378e+01  2.41731548e+05  1.79580181e+02
 2.43594045e+05  4.64317405e+01  2.43594045e+05  1.79576888e+02
 2.45470892e+05  4.64324547e+01  2.45470892e+05  1.79573569e+02
 2.47362199e+05  4.64331801e+01  2.47362199e+05  1.79570223e+02
 2.49268079e+05  4.64339164e+01  2.49268079e+05  1.79566849e+02
 2.51188643e+05  4.64346648e+01  2.51188643e+05  1.79563450e+02
 2.53124005e+05  4.64354247e+01  2.53124005e+05  1.79560021e+02
 2.55074278e+05  4.64361968e+01  2.55074278e+05  1.79556564e+02
 2.57039578e+05  4.64369799e+01  2.57039578e+05  1.79553080e+02
 2.59020020e+05  4.64377746e+01  2.59020020e+05  1.79549568e+02
 2.61015722e+05  4.64385840e+01  2.61015722e+05  1.79546027e+02
 2.63026799e+05  4.64394035e+01  2.63026799e+05  1.79542456e+02
 2.65053372e+05  4.64402375e+01  2.65053372e+05  1.79538856e+02
 2.67095559e+05  4.64410844e+01  2.67095559e+05  1.79535227e+02
 2.69153480e+05  4.64419439e+01  2.69153480e+05  1.79531569e+02
 2.71227258e+05  4.64428161e+01  2.71227258e+05  1.79527879e+02
 2.73317014e+05  4.64437034e+01  2.73317014e+05  1.79524159e+02
 2.75422870e+05  4.64446049e+01  2.75422870e+05  1.79520411e+02
 2.77544952e+05  4.64455176e+01  2.77544952e+05  1.79516630e+02
 2.79683385e+05  4.64464457e+01  2.79683385e+05  1.79512817e+02
 2.81838293e+05  4.64473892e+01  2.81838293e+05  1.79508974e+02
 2.84009805e+05  4.64483471e+01  2.84009805e+05  1.79505099e+02
 2.86198048e+05  4.64493197e+01  2.86198048e+05  1.79501193e+02
 2.88403150e+05  4.64503075e+01  2.88403150e+05  1.79497253e+02
 2.90625243e+05  4.64513099e+01  2.90625243e+05  1.79493281e+02
 2.92864456e+05  4.64523302e+01  2.92864456e+05  1.79489276e+02
 2.95120923e+05  4.64533657e+01  2.95120923e+05  1.79485239e+02
 2.97394775e+05  4.64544154e+01  2.97394775e+05  1.79481168e+02
 2.99686146e+05  4.64554848e+01  2.99686146e+05  1.79477063e+02
 3.01995172e+05  4.64565681e+01  3.01995172e+05  1.79472923e+02
 3.04321989e+05  4.64576671e+01  3.04321989e+05  1.79468747e+02
 3.06666733e+05  4.64587881e+01  3.06666733e+05  1.79464541e+02
 3.09029543e+05  4.64599222e+01  3.09029543e+05  1.79460295e+02
 3.11410558e+05  4.64610751e+01  3.11410558e+05  1.79456016e+02
 3.13809919e+05  4.64622464e+01  3.13809919e+05  1.79451700e+02
 3.16227766e+05  4.64634350e+01  3.16227766e+05  1.79447348e+02
 3.18664242e+05  4.64646439e+01  3.18664242e+05  1.79442962e+02
 3.21119491e+05  4.64658707e+01  3.21119491e+05  1.79438537e+02
 3.23593657e+05  4.64671159e+01  3.23593657e+05  1.79434075e+02
 3.26086886e+05  4.64683805e+01  3.26086886e+05  1.79429574e+02
 3.28599325e+05  4.64696655e+01  3.28599325e+05  1.79425035e+02
 3.31131121e+05  4.64709720e+01  3.31131121e+05  1.79420462e+02
 3.33682425e+05  4.64722985e+01  3.33682425e+05  1.79415847e+02
 3.36253386e+05  4.64736430e+01  3.36253386e+05  1.79411191e+02
 3.38844156e+05  4.64750118e+01  3.38844156e+05  1.79406499e+02
 3.41454887e+05  4.64764011e+01  3.41454887e+05  1.79401766e+02
 3.44085734e+05  4.64778115e+01  3.44085734e+05  1.79396993e+02
 3.46736850e+05  4.64792425e+01  3.46736850e+05  1.79392179e+02
 3.49408393e+05  4.64806997e+01  3.49408393e+05  1.79387324e+02
 3.52100520e+05  4.64821758e+01  3.52100520e+05  1.79382427e+02
 3.54813389e+05  4.64836774e+01  3.54813389e+05  1.79377487e+02
 3.57547160e+05  4.64852014e+01  3.57547160e+05  1.79372507e+02
 3.60301995e+05  4.64867494e+01  3.60301995e+05  1.79367483e+02
 3.63078055e+05  4.64883221e+01  3.63078055e+05  1.79362418e+02
 3.65875504e+05  4.64899188e+01  3.65875504e+05  1.79357305e+02
 3.68694506e+05  4.64915417e+01  3.68694506e+05  1.79352153e+02
 3.71535229e+05  4.64931884e+01  3.71535229e+05  1.79346954e+02
 3.74397839e+05  4.64948611e+01  3.74397839e+05  1.79341710e+02
 3.77282505e+05  4.64965646e+01  3.77282505e+05  1.79336422e+02
 3.80189396e+05  4.64982874e+01  3.80189396e+05  1.79331086e+02
 3.83118685e+05  4.65000414e+01  3.83118685e+05  1.79325704e+02
 3.86070543e+05  4.65018181e+01  3.86070543e+05  1.79320274e+02
 3.89045145e+05  4.65036276e+01  3.89045145e+05  1.79314799e+02
 3.92042666e+05  4.65054659e+01  3.92042666e+05  1.79309279e+02
 3.95063281e+05  4.65073322e+01  3.95063281e+05  1.79303703e+02
 3.98107171e+05  4.65092263e+01  3.98107171e+05  1.79298083e+02
 4.01174512e+05  4.65111518e+01  4.01174512e+05  1.79292414e+02
 4.04265487e+05  4.65131036e+01  4.04265487e+05  1.79286693e+02
 4.07380278e+05  4.65150906e+01  4.07380278e+05  1.79280922e+02
 4.10519067e+05  4.65171093e+01  4.10519067e+05  1.79275103e+02
 4.13682040e+05  4.65191544e+01  4.13682040e+05  1.79269225e+02
 4.16869383e+05  4.65212353e+01  4.16869383e+05  1.79263301e+02
 4.20081285e+05  4.65233508e+01  4.20081285e+05  1.79257323e+02
 4.23317933e+05  4.65254981e+01  4.23317933e+05  1.79251299e+02
 4.26579519e+05  4.65276767e+01  4.26579519e+05  1.79245209e+02
 4.29866235e+05  4.65298902e+01  4.29866235e+05  1.79239071e+02
 4.33178274e+05  4.65321418e+01  4.33178274e+05  1.79232882e+02
 4.36515832e+05  4.65344223e+01  4.36515832e+05  1.79226627e+02
 4.39879106e+05  4.65367465e+01  4.39879106e+05  1.79220321e+02
 4.43268292e+05  4.65391006e+01  4.43268292e+05  1.79213958e+02
 4.46683592e+05  4.65414965e+01  4.46683592e+05  1.79207538e+02
 4.50125206e+05  4.65439295e+01  4.50125206e+05  1.79201063e+02
 4.53593337e+05  4.65463964e+01  4.53593337e+05  1.79194520e+02
 4.57088190e+05  4.65489078e+01  4.57088190e+05  1.79187924e+02
 4.60609969e+05  4.65514555e+01  4.60609969e+05  1.79181268e+02
 4.64158883e+05  4.65540440e+01  4.64158883e+05  1.79174550e+02
 4.67735141e+05  4.65566719e+01  4.67735141e+05  1.79167768e+02
 4.71338954e+05  4.65593464e+01  4.71338954e+05  1.79160926e+02
 4.74970533e+05  4.65620571e+01  4.74970533e+05  1.79154024e+02
 4.78630092e+05  4.65648121e+01  4.78630092e+05  1.79147056e+02
 4.82317848e+05  4.65676122e+01  4.82317848e+05  1.79140020e+02
 4.86034018e+05  4.65704589e+01  4.86034018e+05  1.79132925e+02
 4.89778819e+05  4.65733477e+01  4.89778819e+05  1.79125760e+02
 4.93552474e+05  4.65762759e+01  4.93552474e+05  1.79118521e+02
 4.97355204e+05  4.65792592e+01  4.97355204e+05  1.79111225e+02
 5.01187234e+05  4.65822881e+01  5.01187234e+05  1.79103859e+02
 5.05048788e+05  4.65853664e+01  5.05048788e+05  1.79096424e+02
 5.08940095e+05  4.65884842e+01  5.08940095e+05  1.79088914e+02
 5.12861384e+05  4.65916594e+01  5.12861384e+05  1.79081337e+02
 5.16812886e+05  4.65948833e+01  5.16812886e+05  1.79073685e+02
 5.20794833e+05  4.65981649e+01  5.20794833e+05  1.79065971e+02
 5.24807460e+05  4.66014893e+01  5.24807460e+05  1.79058173e+02
 5.28851004e+05  4.66048689e+01  5.28851004e+05  1.79050304e+02
 5.32925703e+05  4.66083038e+01  5.32925703e+05  1.79042361e+02
 5.37031796e+05  4.66117857e+01  5.37031796e+05  1.79034341e+02
 5.41169527e+05  4.66153283e+01  5.41169527e+05  1.79026234e+02
 5.45339137e+05  4.66189290e+01  5.45339137e+05  1.79018060e+02
 5.49540874e+05  4.66225835e+01  5.49540874e+05  1.79009803e+02
 5.53774984e+05  4.66263013e+01  5.53774984e+05  1.79001470e+02
 5.58041717e+05  4.66300791e+01  5.58041717e+05  1.78993048e+02
 5.62341325e+05  4.66339116e+01  5.62341325e+05  1.78984549e+02
 5.66674061e+05  4.66378049e+01  5.66674061e+05  1.78975961e+02
 5.71040179e+05  4.66417622e+01  5.71040179e+05  1.78967292e+02
 5.75439937e+05  4.66457816e+01  5.75439937e+05  1.78958542e+02
 5.79873595e+05  4.66498654e+01  5.79873595e+05  1.78949699e+02
 5.84341413e+05  4.66540151e+01  5.84341413e+05  1.78940770e+02
 5.88843655e+05  4.66582281e+01  5.88843655e+05  1.78931754e+02
 5.93380586e+05  4.66625136e+01  5.93380586e+05  1.78922637e+02
 5.97952473e+05  4.66668612e+01  5.97952473e+05  1.78913439e+02
 6.02559586e+05  4.66712816e+01  6.02559586e+05  1.78904145e+02
 6.07202196e+05  4.66757704e+01  6.07202196e+05  1.78894757e+02
 6.11880576e+05  4.66803379e+01  6.11880576e+05  1.78885282e+02
 6.16595002e+05  4.66849669e+01  6.16595002e+05  1.78875695e+02
 6.21345752e+05  4.66896829e+01  6.21345752e+05  1.78866027e+02
 6.26133105e+05  4.66944653e+01  6.26133105e+05  1.78856242e+02
 6.30957344e+05  4.66993259e+01  6.30957344e+05  1.78846369e+02
 6.35818754e+05  4.67042685e+01  6.35818754e+05  1.78836402e+02
 6.40717619e+05  4.67092889e+01  6.40717619e+05  1.78826318e+02
 6.45654229e+05  4.67143873e+01  6.45654229e+05  1.78816133e+02
 6.50628875e+05  4.67195691e+01  6.50628875e+05  1.78805826e+02
 6.55641849e+05  4.67248319e+01  6.55641849e+05  1.78795432e+02
 6.60693448e+05  4.67301851e+01  6.60693448e+05  1.78784920e+02
 6.65783968e+05  4.67356141e+01  6.65783968e+05  1.78774298e+02
 6.70913710e+05  4.67411448e+01  6.70913710e+05  1.78763559e+02
 6.76082975e+05  4.67467574e+01  6.76082975e+05  1.78752715e+02
 6.81292069e+05  4.67524502e+01  6.81292069e+05  1.78741744e+02
 6.86541298e+05  4.67582523e+01  6.86541298e+05  1.78730658e+02
 6.91830971e+05  4.67641396e+01  6.91830971e+05  1.78719452e+02
 6.97161400e+05  4.67701272e+01  6.97161400e+05  1.78708131e+02
 7.02532899e+05  4.67762033e+01  7.02532899e+05  1.78696684e+02
 7.07945784e+05  4.67823735e+01  7.07945784e+05  1.78685100e+02
 7.13400375e+05  4.67886597e+01  7.13400375e+05  1.78673414e+02
 7.18896992e+05  4.67950358e+01  7.18896992e+05  1.78661563e+02
 7.24435960e+05  4.68015206e+01  7.24435960e+05  1.78649613e+02
 7.30017605e+05  4.68081024e+01  7.30017605e+05  1.78637498e+02
 7.35642254e+05  4.68147990e+01  7.35642254e+05  1.78625284e+02
 7.41310241e+05  4.68216045e+01  7.41310241e+05  1.78612934e+02
 7.47021899e+05  4.68285146e+01  7.47021899e+05  1.78600417e+02
 7.52777564e+05  4.68355528e+01  7.52777564e+05  1.78587764e+02
 7.58577575e+05  4.68426886e+01  7.58577575e+05  1.78574981e+02
 7.64422274e+05  4.68499357e+01  7.64422274e+05  1.78562021e+02
 7.70312006e+05  4.68573230e+01  7.70312006e+05  1.78548959e+02
 7.76247117e+05  4.68648141e+01  7.76247117e+05  1.78535703e+02
 7.82227956e+05  4.68724332e+01  7.82227956e+05  1.78522315e+02
 7.88254877e+05  4.68801694e+01  7.88254877e+05  1.78508773e+02
 7.94328235e+05  4.68880336e+01  7.94328235e+05  1.78495050e+02
 8.00448386e+05  4.68960469e+01  8.00448386e+05  1.78481178e+02
 8.06615692e+05  4.69041780e+01  8.06615692e+05  1.78467176e+02
 8.12830516e+05  4.69124326e+01  8.12830516e+05  1.78452942e+02
 8.19093224e+05  4.69208328e+01  8.19093224e+05  1.78438589e+02
 8.25404185e+05  4.69293667e+01  8.25404185e+05  1.78424040e+02
 8.31763771e+05  4.69380443e+01  8.31763771e+05  1.78409316e+02
 8.38172356e+05  4.69468656e+01  8.38172356e+05  1.78394445e+02
 8.44630319e+05  4.69558337e+01  8.44630319e+05  1.78379345e+02
 8.51138038e+05  4.69649479e+01  8.51138038e+05  1.78364089e+02
 8.57695899e+05  4.69742136e+01  8.57695899e+05  1.78348632e+02
 8.64304286e+05  4.69836292e+01  8.64304286e+05  1.78332999e+02
 8.70963590e+05  4.69932077e+01  8.70963590e+05  1.78317179e+02
 8.77674203e+05  4.70029461e+01  8.77674203e+05  1.78301140e+02
 8.84436519e+05  4.70128243e+01  8.84436519e+05  1.78284858e+02
 8.91250938e+05  4.70228804e+01  8.91250938e+05  1.78268443e+02
 8.98117861e+05  4.70331124e+01  8.98117861e+05  1.78251773e+02
 9.05037692e+05  4.70435113e+01  9.05037692e+05  1.78234909e+02
 9.12010839e+05  4.70540786e+01  9.12010839e+05  1.78217836e+02
 9.19037713e+05  4.70648194e+01  9.19037713e+05  1.78200522e+02
 9.26118728e+05  4.70757417e+01  9.26118728e+05  1.78182994e+02
 9.33254301e+05  4.70868369e+01  9.33254301e+05  1.78165229e+02
 9.40444852e+05  4.70981402e+01  9.40444852e+05  1.78147261e+02
 9.47690805e+05  4.71096228e+01  9.47690805e+05  1.78129000e+02
 9.54992586e+05  4.71213026e+01  9.54992586e+05  1.78110546e+02
 9.62350626e+05  4.71331691e+01  9.62350626e+05  1.78091801e+02
 9.69765359e+05  4.71452352e+01  9.69765359e+05  1.78072847e+02
 9.77237221e+05  4.71575050e+01  9.77237221e+05  1.78053583e+02
 9.84766652e+05  4.71699855e+01  9.84766652e+05  1.78034019e+02
 9.92354096e+05  4.71826740e+01  9.92354096e+05  1.78014282e+02
 1.00000000e+06  4.71955926e+01  1.00000000e+06  1.77994249e+02
 1.00770481e+06  4.72086939e+01  1.00770481e+06  1.77973877e+02
 1.01546899e+06  4.72220656e+01  1.01546899e+06  1.77953309e+02
 1.02329299e+06  4.72356368e+01  1.02329299e+06  1.77932416e+02
 1.03117727e+06  4.72494481e+01  1.03117727e+06  1.77911186e+02
 1.03912230e+06  4.72634974e+01  1.03912230e+06  1.77889689e+02
 1.04712855e+06  4.72777734e+01  1.04712855e+06  1.77867927e+02
 1.05519648e+06  4.72923014e+01  1.05519648e+06  1.77845717e+02
 1.06332657e+06  4.73070746e+01  1.06332657e+06  1.77823306e+02
 1.07151931e+06  4.73221111e+01  1.07151931e+06  1.77800536e+02
 1.07977516e+06  4.73373812e+01  1.07977516e+06  1.77777434e+02
 1.08809463e+06  4.73529263e+01  1.08809463e+06  1.77753927e+02
 1.09647820e+06  4.73687396e+01  1.09647820e+06  1.77730119e+02
 1.10492636e+06  4.73848520e+01  1.10492636e+06  1.77705921e+02
 1.11343961e+06  4.74012363e+01  1.11343961e+06  1.77681432e+02
 1.12201845e+06  4.74178746e+01  1.12201845e+06  1.77656497e+02
 1.13066340e+06  4.74348207e+01  1.13066340e+06  1.77631193e+02
 1.13937495e+06  4.74520591e+01  1.13937495e+06  1.77605544e+02
 1.14815362e+06  4.74695908e+01  1.14815362e+06  1.77579379e+02
 1.15699993e+06  4.74874515e+01  1.15699993e+06  1.77552918e+02
 1.16591440e+06  4.75056094e+01  1.16591440e+06  1.77525924e+02
 1.17489755e+06  4.75240890e+01  1.17489755e+06  1.77498598e+02
 1.18394992e+06  4.75428988e+01  1.18394992e+06  1.77470859e+02
 1.19307204e+06  4.75620515e+01  1.19307204e+06  1.77442567e+02
 1.20226443e+06  4.75814996e+01  1.20226443e+06  1.77413872e+02
 1.21152766e+06  4.76013042e+01  1.21152766e+06  1.77384632e+02
 1.22086225e+06  4.76214800e+01  1.22086225e+06  1.77354994e+02
 1.23026877e+06  4.76420067e+01  1.23026877e+06  1.77324806e+02
 1.23974776e+06  4.76628967e+01  1.23974776e+06  1.77294105e+02
 1.24929979e+06  4.76841783e+01  1.24929979e+06  1.77262974e+02
 1.25892541e+06  4.77058195e+01  1.25892541e+06  1.77231203e+02
 1.26862520e+06  4.77278568e+01  1.26862520e+06  1.77199009e+02
 1.27839972e+06  4.77503010e+01  1.27839972e+06  1.77166128e+02
 1.28824955e+06  4.77731199e+01  1.28824955e+06  1.77132754e+02
 1.29817528e+06  4.77963712e+01  1.29817528e+06  1.77098643e+02
 1.30817747e+06  4.78200587e+01  1.30817747e+06  1.77064131e+02
 1.31825674e+06  4.78441729e+01  1.31825674e+06  1.77028874e+02
 1.32841366e+06  4.78686913e+01  1.32841366e+06  1.76993047e+02
 1.33864884e+06  4.78936689e+01  1.33864884e+06  1.76956479e+02
 1.34896288e+06  4.79191168e+01  1.34896288e+06  1.76919234e+02
 1.35935639e+06  4.79450357e+01  1.35935639e+06  1.76881411e+02
 1.36982998e+06  4.79714293e+01  1.36982998e+06  1.76842813e+02
 1.38038426e+06  4.79983284e+01  1.38038426e+06  1.76803577e+02
 1.39101987e+06  4.80256752e+01  1.39101987e+06  1.76763465e+02
 1.40173742e+06  4.80535454e+01  1.40173742e+06  1.76722569e+02
 1.41253754e+06  4.80819777e+01  1.41253754e+06  1.76680984e+02
 1.42342088e+06  4.81109159e+01  1.42342088e+06  1.76638541e+02
 1.43438808e+06  4.81404313e+01  1.43438808e+06  1.76595235e+02
 1.44543977e+06  4.81704402e+01  1.44543977e+06  1.76551088e+02
 1.45657662e+06  4.82010538e+01  1.45657662e+06  1.76506090e+02
 1.46779927e+06  4.82322051e+01  1.46779927e+06  1.76460151e+02
 1.47910839e+06  4.82639968e+01  1.47910839e+06  1.76413374e+02
 1.49050464e+06  4.82963929e+01  1.49050464e+06  1.76365420e+02
 1.50198870e+06  4.83294097e+01  1.50198870e+06  1.76316718e+02
 1.51356125e+06  4.83630484e+01  1.51356125e+06  1.76266894e+02
 1.52522296e+06  4.83972989e+01  1.52522296e+06  1.76215844e+02
 1.53697452e+06  4.84322684e+01  1.53697452e+06  1.76163814e+02
 1.54881662e+06  4.84679084e+01  1.54881662e+06  1.76110607e+02
 1.56074996e+06  4.85042302e+01  1.56074996e+06  1.76056362e+02
 1.57277525e+06  4.85412423e+01  1.57277525e+06  1.76000820e+02
 1.58489319e+06  4.85790324e+01  1.58489319e+06  1.75944295e+02
 1.59710450e+06  4.86175547e+01  1.59710450e+06  1.75886255e+02
 1.60940989e+06  4.86567941e+01  1.60940989e+06  1.75827057e+02
 1.62181010e+06  4.86968663e+01  1.62181010e+06  1.75766231e+02
 1.63430584e+06  4.87377191e+01  1.63430584e+06  1.75704330e+02
 1.64689787e+06  4.87794381e+01  1.64689787e+06  1.75640759e+02
 1.65958691e+06  4.88219371e+01  1.65958691e+06  1.75575679e+02
 1.67237372e+06  4.88653123e+01  1.67237372e+06  1.75509079e+02
 1.68525904e+06  4.89095945e+01  1.68525904e+06  1.75440900e+02
 1.69824365e+06  4.89548005e+01  1.69824365e+06  1.75371065e+02
 1.71132830e+06  4.90008612e+01  1.71132830e+06  1.75299618e+02
 1.72451377e+06  4.90479369e+01  1.72451377e+06  1.75226192e+02
 1.73780083e+06  4.90959990e+01  1.73780083e+06  1.75150926e+02
 1.75119026e+06  4.91450289e+01  1.75119026e+06  1.75073796e+02
 1.76468286e+06  4.91951352e+01  1.76468286e+06  1.74994686e+02
 1.77827941e+06  4.92462395e+01  1.77827941e+06  1.74913571e+02
 1.79198072e+06  4.92984422e+01  1.79198072e+06  1.74830394e+02
 1.80578760e+06  4.93517354e+01  1.80578760e+06  1.74744800e+02
 1.81970086e+06  4.94062107e+01  1.81970086e+06  1.74656988e+02
 1.83372132e+06  4.94618501e+01  1.83372132e+06  1.74566939e+02
 1.84784980e+06  4.95187327e+01  1.84784980e+06  1.74474021e+02
 1.86208714e+06  4.95768193e+01  1.86208714e+06  1.74378879e+02
 1.87643417e+06  4.96361579e+01  1.87643417e+06  1.74280811e+02
 1.89089175e+06  4.96968919e+01  1.89089175e+06  1.74180026e+02
 1.90546072e+06  4.97588990e+01  1.90546072e+06  1.74076222e+02
 1.92014194e+06  4.98223323e+01  1.92014194e+06  1.73969647e+02
 1.93493628e+06  4.98871849e+01  1.93493628e+06  1.73859636e+02
 1.94984460e+06  4.99535279e+01  1.94984460e+06  1.73746269e+02
 1.96486779e+06  5.00213423e+01  1.96486779e+06  1.73629792e+02
 1.98000673e+06  5.00908229e+01  1.98000673e+06  1.73509127e+02
 1.99526231e+06  5.01617854e+01  1.99526231e+06  1.73385364e+02
 2.01063544e+06  5.02344451e+01  2.01063544e+06  1.73257428e+02
 2.02612701e+06  5.03088237e+01  2.02612701e+06  1.73125316e+02
 2.04173794e+06  5.03849631e+01  2.04173794e+06  1.72988709e+02
 2.05746916e+06  5.04629850e+01  2.05746916e+06  1.72847621e+02
 2.07332157e+06  5.05427503e+01  2.07332157e+06  1.72702163e+02
 2.08929613e+06  5.06245732e+01  2.08929613e+06  1.72551504e+02
 2.10539377e+06  5.07083749e+01  2.10539377e+06  1.72395650e+02
 2.12161544e+06  5.07942175e+01  2.12161544e+06  1.72234261e+02
 2.13796209e+06  5.08821657e+01  2.13796209e+06  1.72067210e+02
 2.15443469e+06  5.09723509e+01  2.15443469e+06  1.71893809e+02
 2.17103421e+06  5.10648899e+01  2.17103421e+06  1.71714565e+02
 2.18776162e+06  5.11597178e+01  2.18776162e+06  1.71528378e+02
 2.20461792e+06  5.12569551e+01  2.20461792e+06  1.71335043e+02
 2.22160409e+06  5.13567745e+01  2.22160409e+06  1.71134087e+02
 2.23872114e+06  5.14592298e+01  2.23872114e+06  1.70925621e+02
 2.25597007e+06  5.15643849e+01  2.25597007e+06  1.70708639e+02
 2.27335190e+06  5.16723387e+01  2.27335190e+06  1.70483009e+02
 2.29086765e+06  5.17832763e+01  2.29086765e+06  1.70247691e+02
 2.30851836e+06  5.18971285e+01  2.30851836e+06  1.70002828e+02
 2.32630507e+06  5.20142824e+01  2.32630507e+06  1.69747279e+02
 2.34422882e+06  5.21346516e+01  2.34422882e+06  1.69480565e+02
 2.36229066e+06  5.22583998e+01  2.36229066e+06  1.69201889e+02
 2.38049167e+06  5.23856348e+01  2.38049167e+06  1.68910961e+02
 2.39883292e+06  5.25165918e+01  2.39883292e+06  1.68606214e+02
 2.41731548e+06  5.26512969e+01  2.41731548e+06  1.68287260e+02
 2.43594045e+06  5.27900312e+01  2.43594045e+06  1.67952929e+02
 2.45470892e+06  5.29329320e+01  2.45470892e+06  1.67602252e+02
 2.47362199e+06  5.30801306e+01  2.47362199e+06  1.67233807e+02
 2.49268079e+06  5.32317338e+01  2.49268079e+06  1.66846665e+02
 2.51188643e+06  5.33880758e+01  2.51188643e+06  1.66439327e+02
 2.53124005e+06  5.35493978e+01  2.53124005e+06  1.66009734e+02
 2.55074278e+06  5.37156274e+01  2.55074278e+06  1.65556971e+02
 2.57039578e+06  5.38872492e+01  2.57039578e+06  1.65078849e+02
 2.59020020e+06  5.40643520e+01  2.59020020e+06  1.64572990e+02
 2.61015722e+06  5.42473868e+01  2.61015722e+06  1.64037565e+02
 2.63026799e+06  5.44363813e+01  2.63026799e+06  1.63469760e+02
 2.65053372e+06  5.46315886e+01  2.65053372e+06  1.62867066e+02
 2.67095559e+06  5.48335071e+01  2.67095559e+06  1.62225995e+02
 2.69153480e+06  5.50421340e+01  2.69153480e+06  1.61543359e+02
 2.71227258e+06  5.52579253e+01  2.71227258e+06  1.60815099e+02
 2.73317014e+06  5.54811329e+01  2.73317014e+06  1.60036810e+02
 2.75422870e+06  5.57121287e+01  2.75422870e+06  1.59203837e+02
 2.77544952e+06  5.59510086e+01  2.77544952e+06  1.58310451e+02
 2.79683385e+06  5.61981307e+01  2.79683385e+06  1.57350911e+02
 2.81838293e+06  5.64537874e+01  2.81838293e+06  1.56317796e+02
 2.84009805e+06  5.67180647e+01  2.84009805e+06  1.55203775e+02
 2.86198048e+06  5.69912760e+01  2.86198048e+06  1.53999534e+02
 2.88403150e+06  5.72734691e+01  2.88403150e+06  1.52695307e+02
 2.90625243e+06  5.75646107e+01  2.90625243e+06  1.51279983e+02
 2.92864456e+06  5.78644400e+01  2.92864456e+06  1.49741026e+02
 2.95120923e+06  5.81728979e+01  2.95120923e+06  1.48063814e+02
 2.97394775e+06  5.84891840e+01  2.97394775e+06  1.46233071e+02
 2.99686146e+06  5.88122710e+01  2.99686146e+06  1.44231218e+02
 3.01995172e+06  5.91409790e+01  3.01995172e+06  1.42038852e+02
 3.04321989e+06  5.94733869e+01  3.04321989e+06  1.39635462e+02
 3.06666733e+06  5.98066473e+01  3.06666733e+06  1.36999532e+02
 3.09029543e+06  6.01375536e+01  3.09029543e+06  1.34108770e+02
 3.11410558e+06  6.04614068e+01  3.11410558e+06  1.30942211e+02
 3.13809919e+06  6.07727196e+01  3.13809919e+06  1.27481123e+02
 3.16227766e+06  6.10643073e+01  3.16227766e+06  1.23712501e+02
 3.18664242e+06  6.13280970e+01  3.18664242e+06  1.19631135e+02
 3.21119491e+06  6.15551307e+01  3.21119491e+06  1.15243972e+02
 3.23593657e+06  6.17354332e+01  3.23593657e+06  1.10573404e+02
 3.26086886e+06  6.18597708e+01  3.26086886e+06  1.05659646e+02
 3.28599325e+06  6.19197938e+01  3.28599325e+06  1.00561601e+02
 3.31131121e+06  6.19096857e+01  3.31131121e+06  9.53537358e+01
 3.33682425e+06  6.18265158e+01  3.33682425e+06  9.01211077e+01
 3.36253386e+06  6.16711896e+01  3.36253386e+06  8.49513044e+01
 3.38844156e+06  6.14478701e+01  3.38844156e+06  7.99257412e+01
 3.41454887e+06  6.11637117e+01  3.41454887e+06  7.51123803e+01
 3.44085734e+06  6.08274794e+01  3.44085734e+06  7.05625717e+01
 3.46736850e+06  6.04486078e+01  3.46736850e+06  6.63083373e+01
 3.49408393e+06  6.00370582e+01  3.49408393e+06  6.23649627e+01
 3.52100520e+06  5.96015312e+01  3.52100520e+06  5.87337607e+01
 3.54813389e+06  5.91494922e+01  3.54813389e+06  5.54060539e+01
 3.57547160e+06  5.86873721e+01  3.57547160e+06  5.23655693e+01
 3.60301995e+06  5.82204148e+01  3.60301995e+06  4.95925398e+01
 3.63078055e+06  5.77525149e+01  3.63078055e+06  4.70651978e+01
 3.65875504e+06  5.72868324e+01  3.65875504e+06  4.47616424e+01
 3.68694506e+06  5.68256948e+01  3.68694506e+06  4.26602956e+01
 3.71535229e+06  5.63708797e+01  3.71535229e+06  4.07413229e+01
 3.74397839e+06  5.59232520e+01  3.74397839e+06  3.89860623e+01
 3.77282505e+06  5.54839299e+01  3.77282505e+06  3.73780968e+01
 3.80189396e+06  5.50531529e+01  3.80189396e+06  3.59023538e+01
 3.83118685e+06  5.46311675e+01  3.83118685e+06  3.45451730e+01
 3.86070543e+06  5.42180515e+01  3.86070543e+06  3.32947264e+01
 3.89045145e+06  5.38142129e+01  3.89045145e+06  3.21399944e+01
 3.92042666e+06  5.34189708e+01  3.92042666e+06  3.10715524e+01
 3.95063281e+06  5.30323314e+01  3.95063281e+06  3.00821673e+01
 3.98107171e+06  5.26542990e+01  3.98107171e+06  2.91634546e+01
 4.01174512e+06  5.22839278e+01  4.01174512e+06  2.83077289e+01
 4.04265487e+06  5.19217494e+01  4.04265487e+06  2.75111843e+01
 4.07380278e+06  5.15671375e+01  4.07380278e+06  2.67674191e+01
 4.10519067e+06  5.12197977e+01  4.10519067e+06  2.60726432e+01
 4.13682040e+06  5.08794502e+01  4.13682040e+06  2.54219014e+01
 4.16869383e+06  5.05458038e+01  4.16869383e+06  2.48116977e+01
 4.20081285e+06  5.02185575e+01  4.20081285e+06  2.42387107e+01
 4.23317933e+06  4.98975034e+01  4.23317933e+06  2.37001290e+01
 4.26579519e+06  4.95822924e+01  4.26579519e+06  2.31925686e+01
 4.29866235e+06  4.92728790e+01  4.29866235e+06  2.27156267e+01
 4.33178274e+06  4.89686587e+01  4.33178274e+06  2.22639574e+01
 4.36515832e+06  4.86698629e+01  4.36515832e+06  2.18386120e+01
 4.39879106e+06  4.83758436e+01  4.39879106e+06  2.14357296e+01
 4.43268292e+06  4.80868038e+01  4.43268292e+06  2.10556751e+01
 4.46683592e+06  4.78025994e+01  4.46683592e+06  2.06949907e+01
 4.50125206e+06  4.75222774e+01  4.50125206e+06  2.03534019e+01
 4.53593337e+06  4.72464681e+01  4.53593337e+06  2.00293036e+01
 4.57088190e+06  4.69744755e+01  4.57088190e+06  1.97224734e+01
 4.60609969e+06  4.67064949e+01  4.60609969e+06  1.94291617e+01
 4.64158883e+06  4.64424242e+01  4.64158883e+06  1.91513047e+01
 4.67735141e+06  4.61815170e+01  4.67735141e+06  1.88863750e+01
 4.71338954e+06  4.59245008e+01  4.71338954e+06  1.86354181e+01
 4.74970533e+06  4.56706856e+01  4.74970533e+06  1.83956146e+01
 4.78630092e+06  4.54199865e+01  4.78630092e+06  1.81680517e+01
 4.82317848e+06  4.51724384e+01  4.82317848e+06  1.79502886e+01
 4.86034018e+06  4.49278151e+01  4.86034018e+06  1.77434304e+01
 4.89778819e+06  4.46864337e+01  4.89778819e+06  1.75463490e+01
 4.93552474e+06  4.44472107e+01  4.93552474e+06  1.73572211e+01
 4.97355204e+06  4.42108155e+01  4.97355204e+06  1.71781976e+01
 5.01187234e+06  4.39772613e+01  5.01187234e+06  1.70057361e+01
 5.05048788e+06  4.37458283e+01  5.05048788e+06  1.68434497e+01
 5.08940095e+06  4.35169761e+01  5.08940095e+06  1.66861236e+01
 5.12861384e+06  4.32905309e+01  5.12861384e+06  1.65372708e+01
 5.16812886e+06  4.30659613e+01  5.16812886e+06  1.63940727e+01
 5.20794833e+06  4.28439518e+01  5.20794833e+06  1.62598881e+01
 5.24807460e+06  4.26238585e+01  5.24807460e+06  1.61282376e+01
 5.28851004e+06  4.24058700e+01  5.28851004e+06  1.60054910e+01
 5.32925703e+06  4.21896579e+01  5.32925703e+06  1.58863519e+01
 5.37031796e+06  4.19750909e+01  5.37031796e+06  1.57739390e+01
 5.41169527e+06  4.17632061e+01  5.41169527e+06  1.56653896e+01
 5.45339137e+06  4.15521558e+01  5.45339137e+06  1.55641837e+01
 5.49540874e+06  4.13436742e+01  5.49540874e+06  1.54663492e+01
 5.53774984e+06  4.11361758e+01  5.53774984e+06  1.53722683e+01
 5.58041717e+06  4.09306860e+01  5.58041717e+06  1.52843225e+01
 5.62341325e+06  4.07263252e+01  5.62341325e+06  1.51975462e+01
 5.66674061e+06  4.05239036e+01  5.66674061e+06  1.51190098e+01
 5.71040179e+06  4.03231756e+01  5.71040179e+06  1.50414926e+01
 5.75439937e+06  4.01232979e+01  5.75439937e+06  1.49681204e+01
 5.79873595e+06  3.99247937e+01  5.79873595e+06  1.48992946e+01
 5.84341413e+06  3.97280224e+01  5.84341413e+06  1.48335906e+01
 5.88843655e+06  3.95323366e+01  5.88843655e+06  1.47718923e+01
 5.93380586e+06  3.93383323e+01  5.93380586e+06  1.47120420e+01
 5.97952473e+06  3.91450132e+01  5.97952473e+06  1.46579050e+01
 6.02559586e+06  3.89527865e+01  6.02559586e+06  1.46052333e+01
 6.07202196e+06  3.87622048e+01  6.07202196e+06  1.45564004e+01
 6.11880576e+06  3.85726892e+01  6.11880576e+06  1.45099005e+01
 6.16595002e+06  3.83841621e+01  6.16595002e+06  1.44663821e+01
 6.21345752e+06  3.81965710e+01  6.21345752e+06  1.44243603e+01
 6.26133105e+06  3.80101043e+01  6.26133105e+06  1.43878657e+01
 6.30957344e+06  3.78246024e+01  6.30957344e+06  1.43541640e+01
 6.35818754e+06  3.76403017e+01  6.35818754e+06  1.43213216e+01
 6.40717619e+06  3.74569449e+01  6.40717619e+06  1.42905844e+01
 6.45654229e+06  3.72746791e+01  6.45654229e+06  1.42622555e+01
 6.50628875e+06  3.70929942e+01  6.50628875e+06  1.42376818e+01
 6.55641849e+06  3.69124901e+01  6.55641849e+06  1.42116648e+01
 6.60693448e+06  3.67321446e+01  6.60693448e+06  1.41930008e+01
 6.65783968e+06  3.65532671e+01  6.65783968e+06  1.41721756e+01
 6.70913710e+06  3.63753853e+01  6.70913710e+06  1.41541045e+01
 6.76082975e+06  3.61978076e+01  6.76082975e+06  1.41422467e+01
 6.81292069e+06  3.60206350e+01  6.81292069e+06  1.41310859e+01
 6.86541298e+06  3.58452288e+01  6.86541298e+06  1.41211913e+01
 6.91830971e+06  3.56695375e+01  6.91830971e+06  1.41101944e+01
 6.97161400e+06  3.54959254e+01  6.97161400e+06  1.41048439e+01
 7.02532899e+06  3.53217666e+01  7.02532899e+06  1.40996099e+01
 7.07945784e+06  3.51488323e+01  7.07945784e+06  1.40987998e+01
 7.13400375e+06  3.49763950e+01  7.13400375e+06  1.40974565e+01
 7.18896992e+06  3.48044960e+01  7.18896992e+06  1.40986058e+01
 7.24435960e+06  3.46336119e+01  7.24435960e+06  1.41023548e+01
 7.30017605e+06  3.44631365e+01  7.30017605e+06  1.41060971e+01
 7.35642254e+06  3.42929677e+01  7.35642254e+06  1.41120240e+01
 7.41310241e+06  3.41233229e+01  7.41310241e+06  1.41195954e+01
 7.47021899e+06  3.39550846e+01  7.47021899e+06  1.41301747e+01
 7.52777564e+06  3.37861150e+01  7.52777564e+06  1.41416319e+01
 7.58577575e+06  3.36181505e+01  7.58577575e+06  1.41592576e+01
 7.64422274e+06  3.34514922e+01  7.64422274e+06  1.41704626e+01
 7.70312006e+06  3.32847326e+01  7.70312006e+06  1.41863070e+01
 7.76247117e+06  3.31187389e+01  7.76247117e+06  1.42015332e+01
 7.82227956e+06  3.29534878e+01  7.82227956e+06  1.42242980e+01
 7.88254877e+06  3.27879028e+01  7.88254877e+06  1.42439923e+01
 7.94328235e+06  3.26232090e+01  7.94328235e+06  1.42678877e+01
 8.00448386e+06  3.24586323e+01  8.00448386e+06  1.42963458e+01
 8.06615692e+06  3.22956513e+01  8.06615692e+06  1.43165671e+01
 8.12830516e+06  3.21318724e+01  8.12830516e+06  1.43453550e+01
 8.19093224e+06  3.19686501e+01  8.19093224e+06  1.43760638e+01
 8.25404185e+06  3.18060789e+01  8.25404185e+06  1.44067489e+01
 8.31763771e+06  3.16446342e+01  8.31763771e+06  1.44370387e+01
 8.38172356e+06  3.14823937e+01  8.38172356e+06  1.44640294e+01
 8.44630319e+06  3.13203739e+01  8.44630319e+06  1.45024461e+01
 8.51138038e+06  3.11591637e+01  8.51138038e+06  1.45393312e+01
 8.57695899e+06  3.09984798e+01  8.57695899e+06  1.45793037e+01
 8.64304286e+06  3.08384665e+01  8.64304286e+06  1.46196626e+01
 8.70963590e+06  3.06771804e+01  8.70963590e+06  1.46589999e+01
 8.77674203e+06  3.05173836e+01  8.77674203e+06  1.47007475e+01
 8.84436519e+06  3.03583593e+01  8.84436519e+06  1.47468364e+01
 8.91250938e+06  3.01994721e+01  8.91250938e+06  1.47857011e+01
 8.98117861e+06  3.00404434e+01  8.98117861e+06  1.48329912e+01
 9.05037692e+06  2.98824839e+01  9.05037692e+06  1.48791865e+01
 9.12010839e+06  2.97244684e+01  9.12010839e+06  1.49281164e+01
 9.19037713e+06  2.95669064e+01  9.19037713e+06  1.49758053e+01
 9.26118728e+06  2.94087104e+01  9.26118728e+06  1.50300558e+01
 9.33254301e+06  2.92509660e+01  9.33254301e+06  1.50815319e+01
 9.40444852e+06  2.90943867e+01  9.40444852e+06  1.51335062e+01
 9.47690805e+06  2.89365398e+01  9.47690805e+06  1.51952037e+01
 9.54992586e+06  2.87801479e+01  9.54992586e+06  1.52455693e+01
 9.62350626e+06  2.86237631e+01  9.62350626e+06  1.53105977e+01
 9.69765359e+06  2.84673741e+01  9.69765359e+06  1.53666670e+01
 9.77237221e+06  2.83110075e+01  9.77237221e+06  1.54298361e+01
 9.84766652e+06  2.81562054e+01  9.84766652e+06  1.54920133e+01
 9.92354096e+06  2.80009557e+01  9.92354096e+06  1.55446529e+01
 1.00000000e+07  2.78459737e+01  1.00000000e+07  1.56192182e+01
 1.00770481e+07  2.76896660e+01  1.00770481e+07  1.56832072e+01
 1.01546899e+07  2.75346596e+01  1.01546899e+07  1.57511492e+01
 1.02329299e+07  2.73791287e+01  1.02329299e+07  1.58201412e+01
 1.03117727e+07  2.72244989e+01  1.03117727e+07  1.58965516e+01
 1.03912230e+07  2.70699932e+01  1.03912230e+07  1.59668568e+01
 1.04712855e+07  2.69151787e+01  1.04712855e+07  1.60442074e+01
 1.05519648e+07  2.67608190e+01  1.05519648e+07  1.61163272e+01
 1.06332657e+07  2.66069027e+01  1.06332657e+07  1.61919008e+01
 1.07151931e+07  2.64523500e+01  1.07151931e+07  1.62700081e+01
 1.07977516e+07  2.62989867e+01  1.07977516e+07  1.63527877e+01
 1.08809463e+07  2.61461716e+01  1.08809463e+07  1.64306197e+01
 1.09647820e+07  2.59912456e+01  1.09647820e+07  1.65171926e+01
 1.10492636e+07  2.58393619e+01  1.10492636e+07  1.65917065e+01
 1.11343961e+07  2.56844419e+01  1.11343961e+07  1.66807690e+01
 1.12201845e+07  2.55300685e+01  1.12201845e+07  1.67694343e+01
 1.13066340e+07  2.53790237e+01  1.13066340e+07  1.68576717e+01
 1.13937495e+07  2.52236734e+01  1.13937495e+07  1.69499139e+01
 1.14815362e+07  2.50716830e+01  1.14815362e+07  1.70402312e+01
 1.15699993e+07  2.49187855e+01  1.15699993e+07  1.71298693e+01
 1.16591440e+07  2.47659680e+01  1.16591440e+07  1.72235642e+01
 1.17489755e+07  2.46129352e+01  1.17489755e+07  1.73238926e+01
 1.18394992e+07  2.44594141e+01  1.18394992e+07  1.74232810e+01
 1.19307204e+07  2.43077177e+01  1.19307204e+07  1.75175312e+01
 1.20226443e+07  2.41537824e+01  1.20226443e+07  1.76260244e+01
 1.21152766e+07  2.40041535e+01  1.21152766e+07  1.77194528e+01
 1.22086225e+07  2.38498874e+01  1.22086225e+07  1.78246812e+01
 1.23026877e+07  2.36986708e+01  1.23026877e+07  1.79248855e+01
 1.23974776e+07  2.35427389e+01  1.23974776e+07  1.80407026e+01
 1.24929979e+07  2.33914192e+01  1.24929979e+07  1.81531147e+01
 1.25892541e+07  2.32394346e+01  1.25892541e+07  1.82590199e+01
 1.26862520e+07  2.30875338e+01  1.26862520e+07  1.83650992e+01
 1.27839972e+07  2.29341021e+01  1.27839972e+07  1.84895348e+01
 1.28824955e+07  2.27822252e+01  1.28824955e+07  1.86104326e+01
 1.29817528e+07  2.26308484e+01  1.29817528e+07  1.87146346e+01
 1.30817747e+07  2.24762293e+01  1.30817747e+07  1.88458915e+01
 1.31825674e+07  2.23252543e+01  1.31825674e+07  1.89615064e+01
 1.32841366e+07  2.21741575e+01  1.32841366e+07  1.90862715e+01
 1.33864884e+07  2.20207053e+01  1.33864884e+07  1.92090317e+01
 1.34896288e+07  2.18660544e+01  1.34896288e+07  1.93323194e+01
 1.35935639e+07  2.17166600e+01  1.35935639e+07  1.94546485e+01
 1.36982998e+07  2.15621138e+01  1.36982998e+07  1.95842503e+01
 1.38038426e+07  2.14104083e+01  1.38038426e+07  1.97287296e+01
 1.39101987e+07  2.12574896e+01  1.39101987e+07  1.98594162e+01
 1.40173742e+07  2.11035088e+01  1.40173742e+07  1.99963136e+01
 1.41253754e+07  2.09518274e+01  1.41253754e+07  2.01315109e+01
 1.42342088e+07  2.07961894e+01  1.42342088e+07  2.02955051e+01
 1.43438808e+07  2.06426795e+01  1.43438808e+07  2.04139967e+01
 1.44543977e+07  2.04915657e+01  1.44543977e+07  2.05642899e+01
 1.45657662e+07  2.03415290e+01  1.45657662e+07  2.07044162e+01
 1.46779927e+07  2.01844340e+01  1.46779927e+07  2.08640133e+01
 1.47910839e+07  2.00317850e+01  1.47910839e+07  2.10088226e+01
 1.49050464e+07  1.98794991e+01  1.49050464e+07  2.11560037e+01
 1.50198870e+07  1.97262474e+01  1.50198870e+07  2.13123384e+01
 1.51356125e+07  1.95734979e+01  1.51356125e+07  2.14732300e+01
 1.52522296e+07  1.94194834e+01  1.52522296e+07  2.16318371e+01
 1.53697452e+07  1.92661441e+01  1.53697452e+07  2.17874264e+01
 1.54881662e+07  1.91113049e+01  1.54881662e+07  2.19591083e+01
 1.56074996e+07  1.89603218e+01  1.56074996e+07  2.21284464e+01
 1.57277525e+07  1.88035021e+01  1.57277525e+07  2.22981829e+01
 1.58489319e+07  1.86472793e+01  1.58489319e+07  2.24889362e+01
 1.59710450e+07  1.84984257e+01  1.59710450e+07  2.26430281e+01
 1.60940989e+07  1.83399693e+01  1.60940989e+07  2.28289733e+01
 1.62181010e+07  1.81841202e+01  1.62181010e+07  2.30159798e+01
 1.63430584e+07  1.80288826e+01  1.63430584e+07  2.32031517e+01
 1.64689787e+07  1.78786678e+01  1.64689787e+07  2.33671671e+01
 1.65958691e+07  1.77203466e+01  1.65958691e+07  2.35675923e+01
 1.67237372e+07  1.75671106e+01  1.67237372e+07  2.37565758e+01
 1.68525904e+07  1.74090056e+01  1.68525904e+07  2.39699781e+01
 1.69824365e+07  1.72520745e+01  1.69824365e+07  2.41418299e+01
 1.71132830e+07  1.70976380e+01  1.71132830e+07  2.43521294e+01
 1.72451377e+07  1.69420864e+01  1.72451377e+07  2.45532182e+01
 1.73780083e+07  1.67874291e+01  1.73780083e+07  2.47502245e+01
 1.75119026e+07  1.66299717e+01  1.75119026e+07  2.49695791e+01
 1.76468286e+07  1.64713834e+01  1.76468286e+07  2.51896222e+01
 1.77827941e+07  1.63164431e+01  1.77827941e+07  2.53948332e+01
 1.79198072e+07  1.61610188e+01  1.79198072e+07  2.56084459e+01
 1.80578760e+07  1.60048498e+01  1.80578760e+07  2.58332199e+01
 1.81970086e+07  1.58456378e+01  1.81970086e+07  2.60734904e+01
 1.83372132e+07  1.56880797e+01  1.83372132e+07  2.63024474e+01
 1.84784980e+07  1.55330724e+01  1.84784980e+07  2.65106290e+01
 1.86208714e+07  1.53760116e+01  1.86208714e+07  2.67559128e+01
 1.87643417e+07  1.52171538e+01  1.87643417e+07  2.70025185e+01
 1.89089175e+07  1.50551855e+01  1.89089175e+07  2.72625812e+01
 1.90546072e+07  1.48932866e+01  1.90546072e+07  2.75238519e+01
 1.92014194e+07  1.47364054e+01  1.92014194e+07  2.77637566e+01
 1.93493628e+07  1.45824735e+01  1.93493628e+07  2.80064275e+01
 1.94984460e+07  1.44169979e+01  1.94984460e+07  2.82978492e+01
 1.96486779e+07  1.42658245e+01  1.96486779e+07  2.85190657e+01
 1.98000673e+07  1.40960455e+01  1.98000673e+07  2.88418959e+01
 1.99526231e+07  1.39422483e+01  1.99526231e+07  2.90736716e+01
 2.01063544e+07  1.37755581e+01  2.01063544e+07  2.93734159e+01
 2.02612701e+07  1.36196033e+01  2.02612701e+07  2.96513946e+01
 2.04173794e+07  1.34600769e+01  2.04173794e+07  2.99409191e+01
 2.05746916e+07  1.32953791e+01  2.05746916e+07  3.02251342e+01
 2.07332157e+07  1.31338021e+01  2.07332157e+07  3.05508486e+01
 2.08929613e+07  1.29737423e+01  2.08929613e+07  3.08263977e+01
 2.10539377e+07  1.28105431e+01  2.10539377e+07  3.11242115e+01
 2.12161544e+07  1.26502252e+01  2.12161544e+07  3.14434510e+01
 2.13796209e+07  1.24890002e+01  2.13796209e+07  3.17886441e+01
 2.15443469e+07  1.23276691e+01  2.15443469e+07  3.20786550e+01
 2.17103421e+07  1.21557957e+01  2.17103421e+07  3.24720668e+01
 2.18776162e+07  1.19961882e+01  2.18776162e+07  3.27609086e+01
 2.20461792e+07  1.18291513e+01  2.20461792e+07  3.31057387e+01
 2.22160409e+07  1.16666898e+01  2.22160409e+07  3.34574534e+01
 2.23872114e+07  1.15055647e+01  2.23872114e+07  3.38071689e+01
 2.25597007e+07  1.13320015e+01  2.25597007e+07  3.42333622e+01
 2.27335190e+07  1.11794227e+01  2.27335190e+07  3.44897124e+01
 2.29086765e+07  1.10037884e+01  2.29086765e+07  3.49405628e+01
 2.30851836e+07  1.08395462e+01  2.30851836e+07  3.53224363e+01
 2.32630507e+07  1.06732642e+01  2.32630507e+07  3.56497811e+01
 2.34422882e+07  1.05071971e+01  2.34422882e+07  3.60415935e+01
 2.36229066e+07  1.03399256e+01  2.36229066e+07  3.64881468e+01
 2.38049167e+07  1.01736573e+01  2.38049167e+07  3.68877490e+01
 2.39883292e+07  1.00151120e+01  2.39883292e+07  3.73109463e+01
 2.41731548e+07  9.83676263e+00  2.41731548e+07  3.77684630e+01
 2.43594045e+07  9.66639812e+00  2.43594045e+07  3.82386399e+01
 2.45470892e+07  9.50637556e+00  2.45470892e+07  3.86233113e+01
 2.47362199e+07  9.33590017e+00  2.47362199e+07  3.90537469e+01
 2.49268079e+07  9.16153701e+00  2.49268079e+07  3.96221254e+01
 2.51188643e+07  8.99572460e+00  2.51188643e+07  4.00192345e+01
 2.53124005e+07  8.82560494e+00  2.53124005e+07  4.05002139e+01
 2.55074278e+07  8.65620098e+00  2.55074278e+07  4.09727449e+01
 2.57039578e+07  8.49097738e+00  2.57039578e+07  4.14239321e+01
 2.59020020e+07  8.32046513e+00  2.59020020e+07  4.19708814e+01
 2.61015722e+07  8.15091082e+00  2.61015722e+07  4.24913155e+01
 2.63026799e+07  7.97315247e+00  2.63026799e+07  4.29750479e+01
 2.65053372e+07  7.80682739e+00  2.65053372e+07  4.35469984e+01
 2.67095559e+07  7.63983136e+00  2.67095559e+07  4.40029734e+01
 2.69153480e+07  7.47327945e+00  2.69153480e+07  4.47433813e+01
 2.71227258e+07  7.30162353e+00  2.71227258e+07  4.52676990e+01
 2.73317014e+07  7.12771168e+00  2.73317014e+07  4.59400706e+01
 2.75422870e+07  6.95883319e+00  2.75422870e+07  4.64187237e+01
 2.77544952e+07  6.78703300e+00  2.77544952e+07  4.69999516e+01
 2.79683385e+07  6.62423122e+00  2.79683385e+07  4.78156156e+01
 2.81838293e+07  6.43450126e+00  2.81838293e+07  4.83306495e+01
 2.84009805e+07  6.27358775e+00  2.84009805e+07  4.88444534e+01
 2.86198048e+07  6.10692428e+00  2.86198048e+07  4.96816387e+01
 2.88403150e+07  5.94726694e+00  2.88403150e+07  5.02491528e+01
 2.90625243e+07  5.76634781e+00  2.90625243e+07  5.10125969e+01
 2.92864456e+07  5.59675178e+00  2.92864456e+07  5.16883261e+01
 2.95120923e+07  5.41843451e+00  2.95120923e+07  5.22757478e+01
 2.97394775e+07  5.25736815e+00  2.97394775e+07  5.31952461e+01
 2.99686146e+07  5.07880103e+00  2.99686146e+07  5.38397984e+01
 3.01995172e+07  4.90360736e+00  3.01995172e+07  5.46111959e+01
 3.04321989e+07  4.73813376e+00  3.04321989e+07  5.54650963e+01
 3.06666733e+07  4.58488012e+00  3.06666733e+07  5.63613185e+01
 3.09029543e+07  4.44737819e+00  3.09029543e+07  5.70009006e+01
 3.11410558e+07  4.24594144e+00  3.11410558e+07  5.78367919e+01
 3.13809919e+07  4.09851570e+00  3.13809919e+07  5.88200396e+01
 3.16227766e+07  3.90690412e+00  3.16227766e+07  5.98265313e+01
 3.18664242e+07  3.74633987e+00  3.18664242e+07  6.04865738e+01
 3.21119491e+07  3.61872583e+00  3.21119491e+07  6.15611089e+01
 3.23593657e+07  3.42644830e+00  3.23593657e+07  6.24094952e+01
 3.26086886e+07  3.30567014e+00  3.26086886e+07  6.31152289e+01
 3.28599325e+07  3.16996568e+00  3.28599325e+07  6.41680852e+01
 3.31131121e+07  2.93754368e+00  3.31131121e+07  6.52085425e+01
 3.33682425e+07  2.78491677e+00  3.33682425e+07  6.64410123e+01
 3.36253386e+07  2.64949358e+00  3.36253386e+07  6.72561328e+01
 3.38844156e+07  2.53312808e+00  3.38844156e+07  6.82122797e+01
 3.41454887e+07  2.38549762e+00  3.41454887e+07  6.88367275e+01
 3.44085734e+07  2.14434908e+00  3.44085734e+07  7.03362895e+01
 3.46736850e+07  2.08603347e+00  3.46736850e+07  7.12749123e+01
 3.49408393e+07  1.92924582e+00  3.49408393e+07  7.26826011e+01
 3.52100520e+07  1.73290019e+00  3.52100520e+07  7.36083218e+01
 3.54813389e+07  1.69454403e+00  3.54813389e+07  7.50476757e+01
 3.57547160e+07  1.48099997e+00  3.57547160e+07  7.62664518e+01
 3.60301995e+07  1.38416913e+00  3.60301995e+07  7.73883166e+01
 3.63078055e+07  1.21687125e+00  3.63078055e+07  7.82550754e+01
 3.65875504e+07  1.12896351e+00  3.65875504e+07  7.93387763e+01
 3.68694506e+07  1.09189546e+00  3.68694506e+07  8.10800462e+01
 3.71535229e+07  8.43827988e-01  3.71535229e+07  8.14241866e+01
 3.74397839e+07  6.68159652e-01  3.74397839e+07  8.30545549e+01
 3.77282505e+07  7.59966265e-01  3.77282505e+07  8.47515429e+01
 3.80189396e+07  5.88647320e-01  3.80189396e+07  8.54855491e+01
 3.83118685e+07  4.74919102e-01  3.83118685e+07  8.68314752e+01
 3.86070543e+07  3.41836251e-01  3.86070543e+07  8.89724710e+01
 3.89045145e+07  1.64929339e-01  3.89045145e+07  8.90678526e+01
 3.92042666e+07  7.75419530e-02  3.92042666e+07  9.01956926e+01
 3.95063281e+07  6.60648323e-02  3.95063281e+07  9.23162743e+01
 3.98107171e+07  -2.76395794e-02  3.98107171e+07  9.40040064e+01
 4.01174512e+07  -9.14993561e-02  4.01174512e+07  9.44860052e+01
 4.04265487e+07  -2.49800351e-01  4.04265487e+07  9.60375676e+01
 4.07380278e+07  -1.80361265e-01  4.07380278e+07  9.83664292e+01
 4.10519067e+07  -4.05257563e-01  4.10519067e+07  9.86092853e+01
 4.13682040e+07  -4.09438183e-01  4.13682040e+07  1.00441853e+02
 4.16869383e+07  -2.11630989e-01  4.16869383e+07  1.02262099e+02
 4.20081285e+07  -4.99398493e-01  4.20081285e+07  1.02723705e+02
 4.23317933e+07  -6.16945506e-01  4.23317933e+07  1.04070126e+02
 4.26579519e+07  -5.92495477e-01  4.26579519e+07  1.04260492e+02
 4.29866235e+07  -5.40737052e-01  4.29866235e+07  1.06804583e+02
 4.33178274e+07  -6.60308490e-01  4.33178274e+07  1.08710477e+02
 4.36515832e+07  -4.66590021e-01  4.36515832e+07  1.11203968e+02
 4.39879106e+07  -6.39336366e-01  4.39879106e+07  1.10268629e+02
 4.43268292e+07  -6.79591717e-01  4.43268292e+07  1.12543897e+02
 4.46683592e+07  -6.58739813e-01  4.46683592e+07  1.12934497e+02
 4.50125206e+07  -6.67669224e-01  4.50125206e+07  1.15862813e+02
 4.53593337e+07  -7.92675051e-01  4.53593337e+07  1.16588702e+02
 4.57088190e+07  -7.73880875e-01  4.57088190e+07  1.18406526e+02
 4.60609969e+07  -7.23321715e-01  4.60609969e+07  1.18053492e+02
 4.64158883e+07  -7.01758589e-01  4.64158883e+07  1.20500192e+02
 4.67735141e+07  -7.56232247e-01  4.67735141e+07  1.21190350e+02
 4.71338954e+07  -7.85354536e-01  4.71338954e+07  1.21009967e+02
 4.74970533e+07  -7.30218220e-01  4.74970533e+07  1.23007762e+02
 4.78630092e+07  -7.43742411e-01  4.78630092e+07  1.24939290e+02
 4.82317848e+07  -7.82275995e-01  4.82317848e+07  1.25431459e+02
 4.86034018e+07  -6.72631591e-01  4.86034018e+07  1.27075632e+02
 4.89778819e+07  -7.32320433e-01  4.89778819e+07  1.27807214e+02
 4.93552474e+07  -6.92298756e-01  4.93552474e+07  1.28883709e+02
 4.97355204e+07  -5.11710025e-01  4.97355204e+07  1.29991796e+02
 5.01187234e+07  -5.41096887e-01  5.01187234e+07  1.30760670e+02
 5.05048788e+07  -6.10318451e-01  5.05048788e+07  1.31129141e+02
 5.08940095e+07  -5.51167557e-01  5.08940095e+07  1.33569766e+02
 5.12861384e+07  -4.02097079e-01  5.12861384e+07  1.32194257e+02
 5.16812886e+07  -4.40237864e-01  5.16812886e+07  1.34346525e+02
 5.20794833e+07  -4.47323696e-01  5.20794833e+07  1.35198639e+02
 5.24807460e+07  -6.34127246e-01  5.24807460e+07  1.37782045e+02
 5.28851004e+07  -3.93052592e-01  5.28851004e+07  1.37559152e+02
 5.32925703e+07  -2.82846676e-01  5.32925703e+07  1.38488486e+02
 5.37031796e+07  -3.52112346e-01  5.37031796e+07  1.38310131e+02
 5.41169527e+07  -2.84662349e-01  5.41169527e+07  1.38799023e+02
 5.45339137e+07  -2.34852958e-01  5.45339137e+07  1.41378060e+02
 5.49540874e+07  -1.62920685e-01  5.49540874e+07  1.41013134e+02
 5.53774984e+07  -2.30099371e-01  5.53774984e+07  1.42718416e+02
 5.58041717e+07  -3.89057861e-02  5.58041717e+07  1.42489281e+02
 5.62341325e+07  -1.64581301e-01  5.62341325e+07  1.43386208e+02
 5.66674061e+07  -7.35970543e-02  5.66674061e+07  1.45063247e+02
 5.71040179e+07  6.50260001e-02  5.71040179e+07  1.45751256e+02
 5.75439937e+07  -1.19365529e-01  5.75439937e+07  1.46957833e+02
 5.79873595e+07  2.56387113e-02  5.79873595e+07  1.47812703e+02
 5.84341413e+07  1.89565986e-01  5.84341413e+07  1.46853231e+02
 5.88843655e+07  1.66991152e-01  5.88843655e+07  1.48546009e+02
 5.93380586e+07  3.22861518e-01  5.93380586e+07  1.49340107e+02
 5.97952473e+07  2.65428080e-01  5.97952473e+07  1.50160425e+02
 6.02559586e+07  3.66817116e-01  6.02559586e+07  1.50545799e+02
 6.07202196e+07  2.64221756e-01  6.07202196e+07  1.51296549e+02
 6.11880576e+07  3.82547332e-01  6.11880576e+07  1.51958576e+02
 6.16595002e+07  5.38237320e-01  6.16595002e+07  1.52265089e+02
 6.21345752e+07  3.96790403e-01  6.21345752e+07  1.52309125e+02
 6.26133105e+07  5.26020880e-01  6.26133105e+07  1.53248695e+02
 6.30957344e+07  5.68051929e-01  6.30957344e+07  1.54184048e+02
 6.35818754e+07  6.02099606e-01  6.35818754e+07  1.54558653e+02
 6.40717619e+07  6.49665138e-01  6.40717619e+07  1.55403847e+02
 6.45654229e+07  6.02493290e-01  6.45654229e+07  1.56298284e+02
 6.50628875e+07  6.56338609e-01  6.50628875e+07  1.56437195e+02
 6.55641849e+07  7.30674582e-01  6.55641849e+07  1.57021214e+02
 6.60693448e+07  7.52366437e-01  6.60693448e+07  1.57832161e+02
 6.65783968e+07  8.93487398e-01  6.65783968e+07  1.58228407e+02
 6.70913710e+07  8.83956513e-01  6.70913710e+07  1.58545904e+02
 6.76082975e+07  9.32651597e-01  6.76082975e+07  1.59304226e+02
 6.81292069e+07  9.46417786e-01  6.81292069e+07  1.60139711e+02
 6.86541298e+07  9.03100685e-01  6.86541298e+07  1.60405596e+02
 6.91830971e+07  1.05242160e+00  6.91830971e+07  1.60697741e+02
 6.97161400e+07  1.15559123e+00  6.97161400e+07  1.61060467e+02
 7.02532899e+07  1.03943211e+00  7.02532899e+07  1.61919742e+02
 7.07945784e+07  1.23495130e+00  7.07945784e+07  1.62095835e+02
 7.13400375e+07  1.19428995e+00  7.13400375e+07  1.63017185e+02
 7.18896992e+07  1.27949251e+00  7.18896992e+07  1.63227530e+02
 7.24435960e+07  1.41209515e+00  7.24435960e+07  1.63289093e+02
 7.30017605e+07  1.35056562e+00  7.30017605e+07  1.63938462e+02
 7.35642254e+07  1.29369287e+00  7.35642254e+07  1.64427647e+02
 7.41310241e+07  1.36855858e+00  7.41310241e+07  1.64756047e+02
 7.47021899e+07  1.44440017e+00  7.47021899e+07  1.65277312e+02
 7.52777564e+07  1.50590601e+00  7.52777564e+07  1.65137305e+02
 7.58577575e+07  1.48691168e+00  7.58577575e+07  1.66188234e+02
 7.64422274e+07  1.67316742e+00  7.64422274e+07  1.66029467e+02
 7.70312006e+07  1.68863443e+00  7.70312006e+07  1.66562061e+02
 7.76247117e+07  1.62364826e+00  7.76247117e+07  1.67097690e+02
 7.82227956e+07  1.80705442e+00  7.82227956e+07  1.67466116e+02
 7.88254877e+07  1.88974450e+00  7.88254877e+07  1.67870782e+02
 7.94328235e+07  1.79871846e+00  7.94328235e+07  1.68427764e+02
 8.00448386e+07  1.93197635e+00  8.00448386e+07  1.68705888e+02
 8.06615692e+07  1.94782508e+00  8.06615692e+07  1.69165937e+02
 8.12830516e+07  1.96341837e+00  8.12830516e+07  1.69036537e+02
 8.19093224e+07  1.84404531e+00  8.19093224e+07  1.69891736e+02
 8.25404185e+07  1.91142071e+00  8.25404185e+07  1.70589753e+02
 8.31763771e+07  2.00278385e+00  8.31763771e+07  1.70359303e+02
 8.38172356e+07  2.13944899e+00  8.38172356e+07  1.70545113e+02
 8.44630319e+07  2.00504687e+00  8.44630319e+07  1.70960634e+02
 8.51138038e+07  2.20679959e+00  8.51138038e+07  1.71138449e+02
 8.57695899e+07  2.13336195e+00  8.57695899e+07  1.71635937e+02
 8.64304286e+07  2.22093867e+00  8.64304286e+07  1.72104554e+02
 8.70963590e+07  2.20495205e+00  8.70963590e+07  1.72475171e+02
 8.77674203e+07  2.38593733e+00  8.77674203e+07  1.72731238e+02
 8.84436519e+07  2.23732178e+00  8.84436519e+07  1.73378400e+02
 8.91250938e+07  2.47845846e+00  8.91250938e+07  1.73224972e+02
 8.98117861e+07  2.50379598e+00  8.98117861e+07  1.73362272e+02
 9.05037692e+07  2.51394718e+00  9.05037692e+07  1.73871175e+02
 9.12010839e+07  2.39735431e+00  9.12010839e+07  1.74514082e+02
 9.19037713e+07  2.42604827e+00  9.19037713e+07  1.74560756e+02
 9.26118728e+07  2.42697581e+00  9.26118728e+07  1.75147311e+02
 9.33254301e+07  2.47454933e+00  9.33254301e+07  1.75413463e+02
 9.40444852e+07  2.65519709e+00  9.40444852e+07  1.75296915e+02
 9.47690805e+07  2.60630660e+00  9.47690805e+07  1.75723604e+02
 9.54992586e+07  2.63237667e+00  9.54992586e+07  1.76070588e+02
 9.62350626e+07  2.74428206e+00  9.62350626e+07  1.76137198e+02
 9.69765359e+07  2.72856943e+00  9.69765359e+07  1.76815037e+02
 9.77237221e+07  2.60940001e+00  9.77237221e+07  1.76818218e+02
 9.84766652e+07  2.96444363e+00  9.84766652e+07  1.76927081e+02
 9.92354096e+07  2.83871394e+00  9.92354096e+07  1.77108338e+02
 1.00000000e+08  2.82160196e+00  1.00000000e+08  1.77592423e+02
 1.00770481e+08  2.96068504e+00  1.00770481e+08  1.77502769e+02
 1.01546899e+08  2.74129847e+00  1.01546899e+08  1.78368685e+02
 1.02329299e+08  2.91402247e+00  1.02329299e+08  1.78576170e+02
 1.03117727e+08  3.02877938e+00  1.03117727e+08  1.78582134e+02
 1.03912230e+08  3.02671096e+00  1.03912230e+08  1.79002161e+02
 1.04712855e+08  3.15799874e+00  1.04712855e+08  1.79056537e+02
 1.05519648e+08  3.03558478e+00  1.05519648e+08  1.79388698e+02
 1.06332657e+08  3.09941181e+00  1.06332657e+08  1.79786363e+02
 1.07151931e+08  3.27727445e+00  1.07151931e+08  1.79858848e+02
 1.07977516e+08  3.15727833e+00  1.07977516e+08  1.80157850e+02
 1.08809463e+08  3.41718630e+00  1.08809463e+08  1.80151207e+02
 1.09647820e+08  3.42183074e+00  1.09647820e+08  1.80642943e+02
 1.10492636e+08  3.41904577e+00  1.10492636e+08  1.80933392e+02
 1.11343961e+08  3.20477304e+00  1.11343961e+08  1.81396032e+02
 1.12201845e+08  3.47675878e+00  1.12201845e+08  1.81243304e+02
 1.13066340e+08  3.27284972e+00  1.13066340e+08  1.81706361e+02
 1.13937495e+08  3.57260328e+00  1.13937495e+08  1.81657938e+02
 1.14815362e+08  3.56452558e+00  1.14815362e+08  1.81850790e+02
 1.15699993e+08  3.46688490e+00  1.15699993e+08  1.81921912e+02
 1.16591440e+08  3.55424234e+00  1.16591440e+08  1.82245450e+02
 1.17489755e+08  3.55165641e+00  1.17489755e+08  1.82709072e+02
 1.18394992e+08  3.65212082e+00  1.18394992e+08  1.82700997e+02
 1.19307204e+08  3.66156060e+00  1.19307204e+08  1.82911301e+02
 1.20226443e+08  3.76937658e+00  1.20226443e+08  1.83068961e+02
 1.21152766e+08  3.66926758e+00  1.21152766e+08  1.83527745e+02
 1.22086225e+08  3.68015758e+00  1.22086225e+08  1.83379464e+02
 1.23026877e+08  3.71012588e+00  1.23026877e+08  1.83811182e+02
 1.23974776e+08  3.69182882e+00  1.23974776e+08  1.84092075e+02
 1.24929979e+08  4.05715657e+00  1.24929979e+08  1.83844993e+02
 1.25892541e+08  3.82782863e+00  1.25892541e+08  1.84342798e+02
 1.26862520e+08  3.86411872e+00  1.26862520e+08  1.84199074e+02
 1.27839972e+08  4.01069533e+00  1.27839972e+08  1.84797194e+02
 1.28824955e+08  4.05056922e+00  1.28824955e+08  1.84522355e+02
 1.29817528e+08  4.19018843e+00  1.29817528e+08  1.84937871e+02
 1.30817747e+08  4.08671042e+00  1.30817747e+08  1.85100026e+02
 1.31825674e+08  3.86826509e+00  1.31825674e+08  1.85663273e+02
 1.32841366e+08  4.12658305e+00  1.32841366e+08  1.85630751e+02
 1.33864884e+08  4.05339311e+00  1.33864884e+08  1.85757557e+02
 1.34896288e+08  4.34312176e+00  1.34896288e+08  1.85577611e+02
 1.35935639e+08  4.09568984e+00  1.35935639e+08  1.85679730e+02
 1.36982998e+08  4.26172987e+00  1.36982998e+08  1.85903896e+02
 1.38038426e+08  4.31238037e+00  1.38038426e+08  1.86227633e+02
 1.39101987e+08  4.21211041e+00  1.39101987e+08  1.86498283e+02
 1.40173742e+08  4.53818623e+00  1.40173742e+08  1.86137265e+02
 1.41253754e+08  4.45957304e+00  1.41253754e+08  1.86300525e+02
 1.42342088e+08  4.06329402e+00  1.42342088e+08  1.87228752e+02
 1.43438808e+08  4.39400352e+00  1.43438808e+08  1.87282086e+02
 1.44543977e+08  4.45173627e+00  1.44543977e+08  1.86943086e+02
 1.45657662e+08  4.35026800e+00  1.45657662e+08  1.87160748e+02
 1.46779927e+08  4.41198261e+00  1.46779927e+08  1.87300433e+02
 1.47910839e+08  4.61659856e+00  1.47910839e+08  1.87422642e+02
 1.49050464e+08  4.53095133e+00  1.49050464e+08  1.87778659e+02
 1.50198870e+08  4.75782677e+00  1.50198870e+08  1.87645378e+02
 1.51356125e+08  4.83145570e+00  1.51356125e+08  1.87761743e+02
 1.52522296e+08  4.90638567e+00  1.52522296e+08  1.87933193e+02
 1.53697452e+08  4.79937952e+00  1.53697452e+08  1.87933117e+02
 1.54881662e+08  4.88329066e+00  1.54881662e+08  1.88057902e+02
 1.56074996e+08  4.78598654e+00  1.56074996e+08  1.88329112e+02
 1.57277525e+08  5.03288021e+00  1.57277525e+08  1.87947081e+02
 1.58489319e+08  4.40690784e+00  1.58489319e+08  1.88541560e+02
 1.59710450e+08  4.64834773e+00  1.59710450e+08  1.88642501e+02
 1.60940989e+08  4.95811316e+00  1.60940989e+08  1.88900651e+02
 1.62181010e+08  4.82245976e+00  1.62181010e+08  1.88848977e+02
 1.63430584e+08  4.92137025e+00  1.63430584e+08  1.88593537e+02
 1.64689787e+08  5.22383910e+00  1.64689787e+08  1.88974700e+02
 1.65958691e+08  5.12645642e+00  1.65958691e+08  1.89216329e+02
 1.67237372e+08  5.21838375e+00  1.67237372e+08  1.88984107e+02
 1.68525904e+08  5.12350976e+00  1.68525904e+08  1.89133125e+02
 1.69824365e+08  5.02869842e+00  1.69824365e+08  1.89280859e+02
 1.71132830e+08  5.34210378e+00  1.71132830e+08  1.89260025e+02
 1.72451377e+08  5.69658898e+00  1.72451377e+08  1.88937737e+02
 1.73780083e+08  5.15308350e+00  1.73780083e+08  1.89603399e+02
 1.75119026e+08  5.28037742e+00  1.75119026e+08  1.89618392e+02
 1.76468286e+08  5.39912440e+00  1.76468286e+08  1.89428571e+02
 1.77827941e+08  5.52395549e+00  1.77827941e+08  1.89806939e+02
 1.79198072e+08  5.21791397e+00  1.79198072e+08  1.89955340e+02
 1.80578760e+08  5.10674672e+00  1.80578760e+08  1.89878605e+02
 1.81970086e+08  5.23718486e+00  1.81970086e+08  1.89751216e+02
 1.83372132e+08  5.12841766e+00  1.83372132e+08  1.89891435e+02
 1.84784980e+08  5.52030569e+00  1.84784980e+08  1.89625672e+02
 1.86208714e+08  5.42835684e+00  1.86208714e+08  1.90037068e+02
 1.87643417e+08  5.56400722e+00  1.87643417e+08  1.90070820e+02
 1.89089175e+08  5.72510874e+00  1.89089175e+08  1.90072501e+02
 1.90546072e+08  5.62806421e+00  1.90546072e+08  1.90008480e+02
 1.92014194e+08  5.78990433e+00  1.92014194e+08  1.90001843e+02
 1.93493628e+08  5.97143690e+00  1.93493628e+08  1.89969607e+02
 1.94984460e+08  5.59130977e+00  1.94984460e+08  1.90019268e+02
 1.96486779e+08  6.06001405e+00  1.96486779e+08  1.90199173e+02
 1.98000673e+08  5.39568075e+00  1.98000673e+08  1.90195848e+02
 1.99526231e+08  6.13992660e+00  1.99526231e+08  1.90488898e+02
 2.01063544e+08  5.75204706e+00  2.01063544e+08  1.90014915e+02
 2.02612701e+08  5.92682245e+00  2.02612701e+08  1.90341402e+02
 2.04173794e+08  5.84099654e+00  2.04173794e+08  1.90288550e+02
 2.05746916e+08  5.44854784e+00  2.05746916e+08  1.90185430e+02
 2.07332157e+08  5.92557784e+00  2.07332157e+08  1.89863701e+02
 2.08929613e+08  6.46930209e+00  2.08929613e+08  1.89851077e+02
 2.10539377e+08  5.73591967e+00  2.10539377e+08  1.90435639e+02
 2.12161544e+08  6.26375601e+00  2.12161544e+08  1.89860753e+02
 2.13796209e+08  6.49994614e+00  2.13796209e+08  1.90045030e+02
 2.15443469e+08  5.43194716e+00  2.15443469e+08  1.90176974e+02
 2.17103421e+08  5.93670211e+00  2.17103421e+08  1.90286565e+02
 2.18776162e+08  5.86434452e+00  2.18776162e+08  1.90203006e+02
 2.20461792e+08  6.80815770e+00  2.20461792e+08  1.89695581e+02
 2.22160409e+08  6.34117633e+00  2.22160409e+08  1.89988706e+02
 2.23872114e+08  5.87915401e+00  2.23872114e+08  1.90190688e+02
 2.25597007e+08  6.14187429e+00  2.25597007e+08  1.90098584e+02
 2.27335190e+08  6.01429759e+00  2.27335190e+08  1.89859515e+02
 2.29086765e+08  6.29442139e+00  2.29086765e+08  1.89775115e+02
 2.30851836e+08  6.56443418e+00  2.30851836e+08  1.89848165e+02
 2.32630507e+08  6.06883407e+00  2.32630507e+08  1.89959958e+02
 2.34422882e+08  5.59756729e+00  2.34422882e+08  1.89995614e+02
 2.36229066e+08  6.63859498e+00  2.36229066e+08  1.90175894e+02
 2.38049167e+08  6.95595053e+00  2.38049167e+08  1.89699962e+02
 2.39883292e+08  6.02582410e+00  2.39883292e+08  1.89787844e+02
 2.41731548e+08  6.73787329e+00  2.41731548e+08  1.89394594e+02
 2.43594045e+08  6.22743925e+00  2.43594045e+08  1.89854105e+02
 2.45470892e+08  6.53259734e+00  2.45470892e+08  1.89476540e+02
 2.47362199e+08  5.59760761e+00  2.47362199e+08  1.89783298e+02
 2.49268079e+08  6.75813866e+00  2.49268079e+08  1.89313742e+02
 2.51188643e+08  5.38743756e+00  2.51188643e+08  1.89674119e+02
 2.53124005e+08  7.00406459e+00  2.53124005e+08  1.88815140e+02
 2.55074278e+08  6.42068715e+00  2.55074278e+08  1.89203692e+02
 2.57039578e+08  6.76808530e+00  2.57039578e+08  1.89189120e+02
 2.59020020e+08  6.21747297e+00  2.59020020e+08  1.89200831e+02
 2.61015722e+08  6.56708952e+00  2.61015722e+08  1.89181212e+02
 2.63026799e+08  6.44887914e+00  2.63026799e+08  1.89346060e+02
 2.65053372e+08  6.82679416e+00  2.65053372e+08  1.88895038e+02
 2.67095559e+08  6.72181889e+00  2.67095559e+08  1.89042789e+02
 2.69153480e+08  6.59968427e+00  2.69153480e+08  1.88791955e+02
 2.71227258e+08  6.48268410e+00  2.71227258e+08  1.88795553e+02
 2.73317014e+08  6.38125003e+00  2.73317014e+08  1.88745634e+02
 2.75422870e+08  6.80252865e+00  2.75422870e+08  1.88856722e+02
 2.77544952e+08  6.68003065e+00  2.77544952e+08  1.88645018e+02
 2.79683385e+08  6.56291376e+00  2.79683385e+08  1.88570615e+02
 2.81838293e+08  6.45367814e+00  2.81838293e+08  1.88635036e+02
 2.84009805e+08  6.89238509e+00  2.84009805e+08  1.88400873e+02
 2.86198048e+08  6.23519097e+00  2.86198048e+08  1.88408373e+02
 2.88403150e+08  7.25467955e+00  2.88403150e+08  1.87866350e+02
 2.90625243e+08  7.13382997e+00  2.90625243e+08  1.88293811e+02
 2.92864456e+08  7.02318527e+00  2.92864456e+08  1.88071610e+02
 2.95120923e+08  8.22878106e+00  2.95120923e+08  1.87920550e+02
 2.97394775e+08  6.80229300e+00  2.97394775e+08  1.87658445e+02
 2.99686146e+08  6.68319183e+00  2.99686146e+08  1.87793557e+02
 3.01995172e+08  7.89155168e+00  3.01995172e+08  1.87636735e+02
 3.04321989e+08  7.07602393e+00  3.04321989e+08  1.87629173e+02
 3.06666733e+08  7.63688082e+00  3.06666733e+08  1.87546680e+02
 3.09029543e+08  6.84594798e+00  3.09029543e+08  1.87340096e+02
 3.11410558e+08  7.41145035e+00  3.11410558e+08  1.87603975e+02
 3.13809919e+08  7.30136134e+00  3.13809919e+08  1.86996397e+02
 3.16227766e+08  7.91148073e+00  3.16227766e+08  1.86989440e+02
 3.18664242e+08  7.06280053e+00  3.18664242e+08  1.87229825e+02
 3.21119491e+08  6.23333529e+00  3.21119491e+08  1.87087729e+02
 3.23593657e+08  6.80690336e+00  3.23593657e+08  1.86941817e+02
 3.26086886e+08  7.42768455e+00  3.26086886e+08  1.86823927e+02
 3.28599325e+08  8.13764269e+00  3.28599325e+08  1.86825845e+02
 3.31131121e+08  8.01897093e+00  3.31131121e+08  1.86604681e+02
 3.33682425e+08  7.07118154e+00  3.33682425e+08  1.86431473e+02
 3.36253386e+08  6.93990587e+00  3.36253386e+08  1.86588683e+02
 3.38844156e+08  8.56184200e+00  3.38844156e+08  1.86350817e+02
 3.41454887e+08  7.53165290e+00  3.41454887e+08  1.86526305e+02
 3.44085734e+08  7.39831009e+00  3.44085734e+08  1.86180424e+02
 3.46736850e+08  8.19856086e+00  3.46736850e+08  1.86027188e+02
 3.49408393e+08  7.17448034e+00  3.49408393e+08  1.86270677e+02
 3.52100520e+08  7.04513216e+00  3.52100520e+08  1.86327266e+02
 3.54813389e+08  6.08780773e+00  3.54813389e+08  1.85941926e+02
 3.57547160e+08  7.68611316e+00  3.57547160e+08  1.85646731e+02
 3.60301995e+08  6.66550402e+00  3.60301995e+08  1.85893217e+02
 3.63078055e+08  7.45145999e+00  3.63078055e+08  1.85651667e+02
 3.65875504e+08  8.33311306e+00  3.65875504e+08  1.85768494e+02
 3.68694506e+08  7.18758181e+00  3.68694506e+08  1.85551483e+02
 3.71535229e+08  8.09447002e+00  3.71535229e+08  1.85400171e+02
 3.74397839e+08  7.95942956e+00  3.74397839e+08  1.85241737e+02
 3.77282505e+08  7.83739427e+00  3.77282505e+08  1.85259462e+02
 3.80189396e+08  7.70790239e+00  3.80189396e+08  1.85277111e+02
 3.83118685e+08  7.56447342e+00  3.83118685e+08  1.85122341e+02
 3.86070543e+08  8.58697939e+00  3.86070543e+08  1.85117607e+02
 3.89045145e+08  7.31718484e+00  3.89045145e+08  1.84660638e+02
 3.92042666e+08  5.26650721e+00  3.92042666e+08  1.84755047e+02
 3.95063281e+08  7.06473808e+00  3.95063281e+08  1.84802496e+02
 3.98107171e+08  6.93865406e+00  3.98107171e+08  1.84623033e+02
 4.01174512e+08  5.79866173e+00  4.01174512e+08  1.84618484e+02
 4.04265487e+08  6.67151792e+00  4.04265487e+08  1.84628889e+02
 4.07380278e+08  7.71646273e+00  4.07380278e+08  1.84465615e+02
 4.10519067e+08  8.91203146e+00  4.10519067e+08  1.84209275e+02
 4.13682040e+08  6.29117165e+00  4.13682040e+08  1.84250099e+02
 4.16869383e+08  6.17072585e+00  4.16869383e+08  1.84470454e+02
 4.20081285e+08  7.17393130e+00  4.20081285e+08  1.84257896e+02
 4.23317933e+08  8.38467227e+00  4.23317933e+08  1.83765387e+02
 4.26579519e+08  6.92724565e+00  4.26579519e+08  1.84202392e+02
 4.29866235e+08  6.80478040e+00  4.29866235e+08  1.83963949e+02
 4.33178274e+08  4.49722450e+00  4.33178274e+08  1.83856106e+02
 4.36515832e+08  7.88389132e+00  4.36515832e+08  1.84077886e+02
 4.39879106e+08  6.41319267e+00  4.39879106e+08  1.83962115e+02
 4.43268292e+08  9.18013147e+00  4.43268292e+08  1.83927710e+02
 4.46683592e+08  7.48815203e+00  4.46683592e+08  1.84012328e+02
 4.50125206e+08  8.93581743e+00  4.50125206e+08  1.83629327e+02
 4.53593337e+08  8.79502068e+00  4.53593337e+08  1.83478846e+02
 4.57088190e+08  1.05869089e+01  4.57088190e+08  1.83240627e+02
 4.60609969e+08  5.62094111e+00  4.60609969e+08  1.83614381e+02
 4.64158883e+08  6.81701970e+00  4.64158883e+08  1.83271631e+02
 4.67735141e+08  1.01914861e+01  4.67735141e+08  1.83130795e+02
 4.71338954e+08  1.00565741e+01  4.71338954e+08  1.83677665e+02
 4.74970533e+08  7.99447099e+00  4.74970533e+08  1.82875075e+02
 4.78630092e+08  4.95949676e+00  4.78630092e+08  1.82901486e+02
 4.82317848e+08  6.14853148e+00  4.82317848e+08  1.83053041e+02
 4.86034018e+08  4.69757397e+00  4.86034018e+08  1.82936726e+02
 4.89778819e+08  5.90811321e+00  4.89778819e+08  1.82849321e+02
 4.93552474e+08  9.26967388e+00  4.93552474e+08  1.82913186e+02
 4.97355204e+08  5.60072931e+00  4.97355204e+08  1.83108130e+02
 5.01187234e+08  9.00215579e+00  5.01187234e+08  1.83192039e+02
 5.05048788e+08  5.35924890e+00  5.05048788e+08  1.82793462e+02
 5.08940095e+08  8.72298912e+00  5.08940095e+08  1.82739838e+02
 5.12861384e+08  8.59175323e+00  5.12861384e+08  1.82764424e+02
 5.16812886e+08  6.52773223e+00  5.16812886e+08  1.82633765e+02
 5.20794833e+08  6.39460827e+00  5.20794833e+08  1.82568827e+02
 5.24807460e+08  8.22946905e+00  5.24807460e+08  1.82545105e+02
 5.28851004e+08  8.05977034e+00  5.28851004e+08  1.82675026e+02
 5.32925703e+08  1.04275315e+01  5.32925703e+08  1.82242321e+02
 5.37031796e+08  7.80690730e+00  5.37031796e+08  1.82453327e+02
 5.41169527e+08  1.01444517e+01  5.41169527e+08  1.82328464e+02
 5.45339137e+08  7.52701472e+00  5.45339137e+08  1.82332596e+02
 5.49540874e+08  7.39327566e+00  5.49540874e+08  1.82360026e+02
 5.53774984e+08  7.25866155e+00  5.53774984e+08  1.82341422e+02
 5.58041717e+08  1.91314866e+01  5.58041717e+08  1.83917152e+02
 5.62341325e+08  5.05991552e+00  5.62341325e+08  1.82328705e+02
 5.66674061e+08  6.86793349e+00  5.66674061e+08  1.82066942e+02
 5.71040179e+08  1.27386552e+01  5.71040179e+08  1.82398447e+02
 5.75439937e+08  9.08285277e+00  5.75439937e+08  1.81545129e+02
 5.79873595e+08  4.52928694e+00  5.79873595e+08  1.81968042e+02
 5.84341413e+08  8.81615121e+00  5.84341413e+08  1.82225492e+02
 5.88843655e+08  6.18500196e+00  5.88843655e+08  1.81780863e+02
 5.93380586e+08  6.05284268e+00  5.93380586e+08  1.81845974e+02
 5.97952473e+08  1.79286369e+01  5.97952473e+08  1.82836253e+02
 6.02559586e+08  8.27665717e+00  6.02559586e+08  1.81949851e+02
 6.07202196e+08  5.65025809e+00  6.07202196e+08  1.81491386e+02
 6.11880576e+08  1.15332154e+01  6.11880576e+08  1.81737172e+02
 6.16595002e+08  5.38016374e+00  6.16595002e+08  1.81651262e+02
 6.21345752e+08  7.74737575e+00  6.21345752e+08  1.81771940e+02
 6.26133105e+08  7.61204150e+00  6.26133105e+08  1.81661438e+02
 6.30957344e+08  1.09804887e+01  6.30957344e+08  1.81544597e+02
 6.35818754e+08  7.34618107e+00  6.35818754e+08  1.81623691e+02
 6.40717619e+08  1.07321223e+01  6.40717619e+08  1.81165126e+02
 6.45654229e+08  1.05991872e+01  6.45654229e+08  1.81569119e+02
 6.50628875e+08  1.04567936e+01  6.50628875e+08  1.81397818e+02
 6.55641849e+08  1.63245843e+01  6.55641849e+08  1.81723366e+02
 6.60693448e+08  4.18120639e+00  6.60693448e+08  1.81405207e+02
 6.65783968e+08  6.51330184e+00  6.65783968e+08  1.81434638e+02
 6.70913710e+08  9.92714038e+00  6.70913710e+08  1.81485602e+02
 6.76082975e+08  3.77069748e+00  6.76082975e+08  1.81320924e+02
 6.81292069e+08  9.63432235e+00  6.81292069e+08  1.81970434e+02
 6.86541298e+08  9.51819926e+00  6.86541298e+08  1.80906679e+02
 6.91830971e+08  9.35833912e+00  6.91830971e+08  1.81512542e+02
 6.97161400e+08  9.24082627e+00  6.97161400e+08  1.81296821e+02
 7.02532899e+08  9.10241830e+00  7.02532899e+08  1.80755604e+02
 7.07945784e+08  1.49637790e+01  7.07945784e+08  1.81658176e+02
 7.13400375e+08  8.83506482e+00  7.13400375e+08  1.81690846e+02
 7.18896992e+08  8.68975174e+00  7.18896992e+08  1.81732159e+02
 7.24435960e+08  5.02844923e+00  7.24435960e+08  1.80765623e+02
 7.30017605e+08  4.90875788e+00  7.30017605e+08  1.81180241e+02
 7.35642254e+08  1.43140299e+01  7.35642254e+08  1.81692019e+02
 7.41310241e+08  8.15615850e+00  7.41310241e+08  1.81137157e+02
 7.47021899e+08  8.02559600e+00  7.47021899e+08  1.80697910e+02
 7.52777564e+08  7.90595363e+00  7.52777564e+08  1.81239205e+02
 7.58577575e+08  7.77889613e+00  7.58577575e+08  1.81465173e+02
 7.64422274e+08  1.36378977e+01  7.64422274e+08  1.80593392e+02
 7.70312006e+08  7.47996102e+00  7.70312006e+08  1.80606501e+02
 7.76247117e+08  7.34119635e+00  7.76247117e+08  1.80329488e+02
 7.82227956e+08  7.22131953e+00  7.82227956e+08  1.80416903e+02
 7.88254877e+08  3.56114380e+00  7.88254877e+08  1.80302712e+02
 7.94328235e+08  9.38702945e-01  7.94328235e+08  1.80658048e+02
 8.00448386e+08  1.28093819e+01  8.00448386e+08  1.80010325e+02
 8.06615692e+08  6.66420396e+00  8.06615692e+08  1.80670872e+02
 8.12830516e+08  3.02242641e+00  8.12830516e+08  1.80606667e+02
 8.19093224e+08  6.40794669e+00  8.19093224e+08  1.80474310e+02
 8.25404185e+08  1.22928161e+01  8.25404185e+08  1.80857093e+02
 8.31763771e+08  1.36098294e-01  8.31763771e+08  1.80197315e+02
 8.38172356e+08  2.48612416e+00  8.38172356e+08  1.80166377e+02
 8.44630319e+08  1.18904241e+01  8.44630319e+08  1.81190715e+02
 8.51138038e+08  1.17703210e+01  8.51138038e+08  1.80373238e+02
 8.57695899e+08  2.09328657e+00  8.57695899e+08  1.79632106e+02
 8.64304286e+08  5.46788890e+00  8.64304286e+08  1.80389824e+02
 8.70963590e+08  5.31542115e+00  8.70963590e+08  1.79749253e+02
 8.77674203e+08  5.20785690e+00  8.77674203e+08  1.79554010e+02
 8.84436519e+08  5.04310720e+00  8.84436519e+08  1.80060519e+02
 8.91250938e+08  4.92588896e+00  8.91250938e+08  1.79944235e+02
 8.98117861e+08  4.78493943e+00  8.98117861e+08  1.80746886e+02
 9.05037692e+08  1.13034389e+00  9.05037692e+08  1.80329341e+02
 9.12010839e+08  4.52856907e+00  9.12010839e+08  1.81081743e+02
 9.19037713e+08  4.40263568e+00  9.19037713e+08  1.80416780e+02
 9.26118728e+08  4.97634591e+01  9.26118728e+08  2.71569860e+02
 9.33254301e+08  4.11619289e+00  9.33254301e+08  1.80645615e+02
 9.40444852e+08  4.49909819e-01  9.40444852e+08  1.79887004e+02
 9.47690805e+08  9.83079823e+00  9.47690805e+08  1.80542882e+02
 9.54992586e+08  3.73346283e+00  9.54992586e+08  1.80142977e+02
 9.62350626e+08  3.56796215e+00  9.62350626e+08  1.79581201e+02
 9.69765359e+08  9.42891335e+00  9.69765359e+08  1.78124076e+02
 9.77237221e+08  9.32773657e+00  9.77237221e+08  1.81208773e+02
 9.84766652e+08  9.18306101e+00  9.84766652e+08  1.80114806e+02
 9.92354096e+08  5.98812937e+01  9.92354096e+08  9.14390710e+01
 1.00000000e+09  8.90677516e+00  1.00000000e+09  1.79048725e+02
