 1.00000000e+00  4.65219097e+01  1.00000000e+00  1.79999998e+02
 1.00770481e+00  4.65219097e+01  1.00770481e+00  1.79999998e+02
 1.01546899e+00  4.65219097e+01  1.01546899e+00  1.79999998e+02
 1.02329299e+00  4.65219097e+01  1.02329299e+00  1.79999998e+02
 1.03117727e+00  4.65219097e+01  1.03117727e+00  1.79999998e+02
 1.03912230e+00  4.65219097e+01  1.03912230e+00  1.79999998e+02
 1.04712855e+00  4.65219097e+01  1.04712855e+00  1.79999998e+02
 1.05519648e+00  4.65219097e+01  1.05519648e+00  1.79999998e+02
 1.06332657e+00  4.65219097e+01  1.06332657e+00  1.79999998e+02
 1.07151931e+00  4.65219097e+01  1.07151931e+00  1.79999998e+02
 1.07977516e+00  4.65219097e+01  1.07977516e+00  1.79999998e+02
 1.08809463e+00  4.65219097e+01  1.08809463e+00  1.79999998e+02
 1.09647820e+00  4.65219097e+01  1.09647820e+00  1.79999998e+02
 1.10492636e+00  4.65219097e+01  1.10492636e+00  1.79999998e+02
 1.11343961e+00  4.65219097e+01  1.11343961e+00  1.79999998e+02
 1.12201845e+00  4.65219097e+01  1.12201845e+00  1.79999998e+02
 1.13066340e+00  4.65219097e+01  1.13066340e+00  1.79999998e+02
 1.13937495e+00  4.65219097e+01  1.13937495e+00  1.79999998e+02
 1.14815362e+00  4.65219097e+01  1.14815362e+00  1.79999998e+02
 1.15699993e+00  4.65219097e+01  1.15699993e+00  1.79999998e+02
 1.16591440e+00  4.65219097e+01  1.16591440e+00  1.79999998e+02
 1.17489755e+00  4.65219097e+01  1.17489755e+00  1.79999998e+02
 1.18394992e+00  4.65219097e+01  1.18394992e+00  1.79999998e+02
 1.19307204e+00  4.65219097e+01  1.19307204e+00  1.79999998e+02
 1.20226443e+00  4.65219097e+01  1.20226443e+00  1.79999998e+02
 1.21152766e+00  4.65219097e+01  1.21152766e+00  1.79999998e+02
 1.22086225e+00  4.65219097e+01  1.22086225e+00  1.79999998e+02
 1.23026877e+00  4.65219097e+01  1.23026877e+00  1.79999998e+02
 1.23974776e+00  4.65219097e+01  1.23974776e+00  1.79999998e+02
 1.24929979e+00  4.65219097e+01  1.24929979e+00  1.79999998e+02
 1.25892541e+00  4.65219097e+01  1.25892541e+00  1.79999998e+02
 1.26862520e+00  4.65219097e+01  1.26862520e+00  1.79999998e+02
 1.27839972e+00  4.65219097e+01  1.27839972e+00  1.79999998e+02
 1.28824955e+00  4.65219097e+01  1.28824955e+00  1.79999998e+02
 1.29817528e+00  4.65219097e+01  1.29817528e+00  1.79999998e+02
 1.30817747e+00  4.65219097e+01  1.30817747e+00  1.79999998e+02
 1.31825674e+00  4.65219097e+01  1.31825674e+00  1.79999998e+02
 1.32841366e+00  4.65219097e+01  1.32841366e+00  1.79999998e+02
 1.33864884e+00  4.65219097e+01  1.33864884e+00  1.79999998e+02
 1.34896288e+00  4.65219097e+01  1.34896288e+00  1.79999998e+02
 1.35935639e+00  4.65219097e+01  1.35935639e+00  1.79999998e+02
 1.36982998e+00  4.65219097e+01  1.36982998e+00  1.79999998e+02
 1.38038426e+00  4.65219097e+01  1.38038426e+00  1.79999998e+02
 1.39101987e+00  4.65219097e+01  1.39101987e+00  1.79999998e+02
 1.40173742e+00  4.65219097e+01  1.40173742e+00  1.79999998e+02
 1.41253754e+00  4.65219097e+01  1.41253754e+00  1.79999998e+02
 1.42342088e+00  4.65219097e+01  1.42342088e+00  1.79999997e+02
 1.43438808e+00  4.65219097e+01  1.43438808e+00  1.79999997e+02
 1.44543977e+00  4.65219097e+01  1.44543977e+00  1.79999997e+02
 1.45657662e+00  4.65219097e+01  1.45657662e+00  1.79999997e+02
 1.46779927e+00  4.65219097e+01  1.46779927e+00  1.79999997e+02
 1.47910839e+00  4.65219097e+01  1.47910839e+00  1.79999997e+02
 1.49050464e+00  4.65219097e+01  1.49050464e+00  1.79999997e+02
 1.50198870e+00  4.65219097e+01  1.50198870e+00  1.79999997e+02
 1.51356125e+00  4.65219097e+01  1.51356125e+00  1.79999997e+02
 1.52522296e+00  4.65219097e+01  1.52522296e+00  1.79999997e+02
 1.53697452e+00  4.65219097e+01  1.53697452e+00  1.79999997e+02
 1.54881662e+00  4.65219097e+01  1.54881662e+00  1.79999997e+02
 1.56074996e+00  4.65219097e+01  1.56074996e+00  1.79999997e+02
 1.57277525e+00  4.65219097e+01  1.57277525e+00  1.79999997e+02
 1.58489319e+00  4.65219097e+01  1.58489319e+00  1.79999997e+02
 1.59710450e+00  4.65219097e+01  1.59710450e+00  1.79999997e+02
 1.60940989e+00  4.65219097e+01  1.60940989e+00  1.79999997e+02
 1.62181010e+00  4.65219097e+01  1.62181010e+00  1.79999997e+02
 1.63430584e+00  4.65219097e+01  1.63430584e+00  1.79999997e+02
 1.64689787e+00  4.65219097e+01  1.64689787e+00  1.79999997e+02
 1.65958691e+00  4.65219097e+01  1.65958691e+00  1.79999997e+02
 1.67237372e+00  4.65219097e+01  1.67237372e+00  1.79999997e+02
 1.68525904e+00  4.65219097e+01  1.68525904e+00  1.79999997e+02
 1.69824365e+00  4.65219097e+01  1.69824365e+00  1.79999997e+02
 1.71132830e+00  4.65219097e+01  1.71132830e+00  1.79999997e+02
 1.72451377e+00  4.65219097e+01  1.72451377e+00  1.79999997e+02
 1.73780083e+00  4.65219097e+01  1.73780083e+00  1.79999997e+02
 1.75119026e+00  4.65219097e+01  1.75119026e+00  1.79999997e+02
 1.76468286e+00  4.65219097e+01  1.76468286e+00  1.79999997e+02
 1.77827941e+00  4.65219097e+01  1.77827941e+00  1.79999997e+02
 1.79198072e+00  4.65219097e+01  1.79198072e+00  1.79999997e+02
 1.80578760e+00  4.65219097e+01  1.80578760e+00  1.79999997e+02
 1.81970086e+00  4.65219097e+01  1.81970086e+00  1.79999997e+02
 1.83372132e+00  4.65219097e+01  1.83372132e+00  1.79999997e+02
 1.84784980e+00  4.65219097e+01  1.84784980e+00  1.79999997e+02
 1.86208714e+00  4.65219097e+01  1.86208714e+00  1.79999997e+02
 1.87643417e+00  4.65219097e+01  1.87643417e+00  1.79999997e+02
 1.89089175e+00  4.65219097e+01  1.89089175e+00  1.79999997e+02
 1.90546072e+00  4.65219097e+01  1.90546072e+00  1.79999997e+02
 1.92014194e+00  4.65219097e+01  1.92014194e+00  1.79999997e+02
 1.93493628e+00  4.65219097e+01  1.93493628e+00  1.79999997e+02
 1.94984460e+00  4.65219097e+01  1.94984460e+00  1.79999997e+02
 1.96486779e+00  4.65219097e+01  1.96486779e+00  1.79999997e+02
 1.98000673e+00  4.65219097e+01  1.98000673e+00  1.79999997e+02
 1.99526231e+00  4.65219097e+01  1.99526231e+00  1.79999996e+02
 2.01063544e+00  4.65219097e+01  2.01063544e+00  1.79999996e+02
 2.02612701e+00  4.65219097e+01  2.02612701e+00  1.79999996e+02
 2.04173794e+00  4.65219097e+01  2.04173794e+00  1.79999996e+02
 2.05746916e+00  4.65219097e+01  2.05746916e+00  1.79999996e+02
 2.07332157e+00  4.65219097e+01  2.07332157e+00  1.79999996e+02
 2.08929613e+00  4.65219097e+01  2.08929613e+00  1.79999996e+02
 2.10539377e+00  4.65219097e+01  2.10539377e+00  1.79999996e+02
 2.12161544e+00  4.65219097e+01  2.12161544e+00  1.79999996e+02
 2.13796209e+00  4.65219097e+01  2.13796209e+00  1.79999996e+02
 2.15443469e+00  4.65219097e+01  2.15443469e+00  1.79999996e+02
 2.17103421e+00  4.65219097e+01  2.17103421e+00  1.79999996e+02
 2.18776162e+00  4.65219097e+01  2.18776162e+00  1.79999996e+02
 2.20461792e+00  4.65219097e+01  2.20461792e+00  1.79999996e+02
 2.22160409e+00  4.65219097e+01  2.22160409e+00  1.79999996e+02
 2.23872114e+00  4.65219097e+01  2.23872114e+00  1.79999996e+02
 2.25597007e+00  4.65219097e+01  2.25597007e+00  1.79999996e+02
 2.27335190e+00  4.65219097e+01  2.27335190e+00  1.79999996e+02
 2.29086765e+00  4.65219097e+01  2.29086765e+00  1.79999996e+02
 2.30851836e+00  4.65219097e+01  2.30851836e+00  1.79999996e+02
 2.32630507e+00  4.65219097e+01  2.32630507e+00  1.79999996e+02
 2.34422882e+00  4.65219097e+01  2.34422882e+00  1.79999996e+02
 2.36229066e+00  4.65219097e+01  2.36229066e+00  1.79999996e+02
 2.38049167e+00  4.65219097e+01  2.38049167e+00  1.79999996e+02
 2.39883292e+00  4.65219097e+01  2.39883292e+00  1.79999996e+02
 2.41731548e+00  4.65219097e+01  2.41731548e+00  1.79999996e+02
 2.43594045e+00  4.65219097e+01  2.43594045e+00  1.79999996e+02
 2.45470892e+00  4.65219097e+01  2.45470892e+00  1.79999996e+02
 2.47362199e+00  4.65219097e+01  2.47362199e+00  1.79999996e+02
 2.49268079e+00  4.65219097e+01  2.49268079e+00  1.79999996e+02
 2.51188643e+00  4.65219097e+01  2.51188643e+00  1.79999996e+02
 2.53124005e+00  4.65219097e+01  2.53124005e+00  1.79999996e+02
 2.55074278e+00  4.65219097e+01  2.55074278e+00  1.79999996e+02
 2.57039578e+00  4.65219097e+01  2.57039578e+00  1.79999995e+02
 2.59020020e+00  4.65219097e+01  2.59020020e+00  1.79999995e+02
 2.61015722e+00  4.65219097e+01  2.61015722e+00  1.79999995e+02
 2.63026799e+00  4.65219097e+01  2.63026799e+00  1.79999995e+02
 2.65053372e+00  4.65219097e+01  2.65053372e+00  1.79999995e+02
 2.67095559e+00  4.65219097e+01  2.67095559e+00  1.79999995e+02
 2.69153480e+00  4.65219097e+01  2.69153480e+00  1.79999995e+02
 2.71227258e+00  4.65219097e+01  2.71227258e+00  1.79999995e+02
 2.73317014e+00  4.65219097e+01  2.73317014e+00  1.79999995e+02
 2.75422870e+00  4.65219097e+01  2.75422870e+00  1.79999995e+02
 2.77544952e+00  4.65219097e+01  2.77544952e+00  1.79999995e+02
 2.79683385e+00  4.65219097e+01  2.79683385e+00  1.79999995e+02
 2.81838293e+00  4.65219097e+01  2.81838293e+00  1.79999995e+02
 2.84009805e+00  4.65219097e+01  2.84009805e+00  1.79999995e+02
 2.86198048e+00  4.65219097e+01  2.86198048e+00  1.79999995e+02
 2.88403150e+00  4.65219097e+01  2.88403150e+00  1.79999995e+02
 2.90625243e+00  4.65219097e+01  2.90625243e+00  1.79999995e+02
 2.92864456e+00  4.65219097e+01  2.92864456e+00  1.79999995e+02
 2.95120923e+00  4.65219097e+01  2.95120923e+00  1.79999995e+02
 2.97394775e+00  4.65219097e+01  2.97394775e+00  1.79999995e+02
 2.99686146e+00  4.65219097e+01  2.99686146e+00  1.79999995e+02
 3.01995172e+00  4.65219097e+01  3.01995172e+00  1.79999995e+02
 3.04321989e+00  4.65219097e+01  3.04321989e+00  1.79999995e+02
 3.06666733e+00  4.65219097e+01  3.06666733e+00  1.79999995e+02
 3.09029543e+00  4.65219097e+01  3.09029543e+00  1.79999995e+02
 3.11410558e+00  4.65219097e+01  3.11410558e+00  1.79999995e+02
 3.13809919e+00  4.65219097e+01  3.13809919e+00  1.79999994e+02
 3.16227766e+00  4.65219097e+01  3.16227766e+00  1.79999994e+02
 3.18664242e+00  4.65219097e+01  3.18664242e+00  1.79999994e+02
 3.21119491e+00  4.65219097e+01  3.21119491e+00  1.79999994e+02
 3.23593657e+00  4.65219097e+01  3.23593657e+00  1.79999994e+02
 3.26086886e+00  4.65219097e+01  3.26086886e+00  1.79999994e+02
 3.28599325e+00  4.65219097e+01  3.28599325e+00  1.79999994e+02
 3.31131121e+00  4.65219097e+01  3.31131121e+00  1.79999994e+02
 3.33682425e+00  4.65219097e+01  3.33682425e+00  1.79999994e+02
 3.36253386e+00  4.65219097e+01  3.36253386e+00  1.79999994e+02
 3.38844156e+00  4.65219097e+01  3.38844156e+00  1.79999994e+02
 3.41454887e+00  4.65219097e+01  3.41454887e+00  1.79999994e+02
 3.44085734e+00  4.65219097e+01  3.44085734e+00  1.79999994e+02
 3.46736850e+00  4.65219097e+01  3.46736850e+00  1.79999994e+02
 3.49408393e+00  4.65219097e+01  3.49408393e+00  1.79999994e+02
 3.52100520e+00  4.65219097e+01  3.52100520e+00  1.79999994e+02
 3.54813389e+00  4.65219097e+01  3.54813389e+00  1.79999994e+02
 3.57547160e+00  4.65219097e+01  3.57547160e+00  1.79999994e+02
 3.60301995e+00  4.65219097e+01  3.60301995e+00  1.79999994e+02
 3.63078055e+00  4.65219097e+01  3.63078055e+00  1.79999994e+02
 3.65875504e+00  4.65219097e+01  3.65875504e+00  1.79999994e+02
 3.68694506e+00  4.65219097e+01  3.68694506e+00  1.79999994e+02
 3.71535229e+00  4.65219097e+01  3.71535229e+00  1.79999993e+02
 3.74397839e+00  4.65219097e+01  3.74397839e+00  1.79999993e+02
 3.77282505e+00  4.65219097e+01  3.77282505e+00  1.79999993e+02
 3.80189396e+00  4.65219097e+01  3.80189396e+00  1.79999993e+02
 3.83118685e+00  4.65219097e+01  3.83118685e+00  1.79999993e+02
 3.86070543e+00  4.65219097e+01  3.86070543e+00  1.79999993e+02
 3.89045145e+00  4.65219097e+01  3.89045145e+00  1.79999993e+02
 3.92042666e+00  4.65219097e+01  3.92042666e+00  1.79999993e+02
 3.95063281e+00  4.65219097e+01  3.95063281e+00  1.79999993e+02
 3.98107171e+00  4.65219097e+01  3.98107171e+00  1.79999993e+02
 4.01174512e+00  4.65219097e+01  4.01174512e+00  1.79999993e+02
 4.04265487e+00  4.65219097e+01  4.04265487e+00  1.79999993e+02
 4.07380278e+00  4.65219097e+01  4.07380278e+00  1.79999993e+02
 4.10519067e+00  4.65219097e+01  4.10519067e+00  1.79999993e+02
 4.13682040e+00  4.65219097e+01  4.13682040e+00  1.79999993e+02
 4.16869383e+00  4.65219097e+01  4.16869383e+00  1.79999993e+02
 4.20081285e+00  4.65219097e+01  4.20081285e+00  1.79999993e+02
 4.23317933e+00  4.65219097e+01  4.23317933e+00  1.79999993e+02
 4.26579519e+00  4.65219097e+01  4.26579519e+00  1.79999992e+02
 4.29866235e+00  4.65219097e+01  4.29866235e+00  1.79999992e+02
 4.33178274e+00  4.65219097e+01  4.33178274e+00  1.79999992e+02
 4.36515832e+00  4.65219097e+01  4.36515832e+00  1.79999992e+02
 4.39879106e+00  4.65219097e+01  4.39879106e+00  1.79999992e+02
 4.43268292e+00  4.65219097e+01  4.43268292e+00  1.79999992e+02
 4.46683592e+00  4.65219097e+01  4.46683592e+00  1.79999992e+02
 4.50125206e+00  4.65219097e+01  4.50125206e+00  1.79999992e+02
 4.53593337e+00  4.65219097e+01  4.53593337e+00  1.79999992e+02
 4.57088190e+00  4.65219097e+01  4.57088190e+00  1.79999992e+02
 4.60609969e+00  4.65219097e+01  4.60609969e+00  1.79999992e+02
 4.64158883e+00  4.65219097e+01  4.64158883e+00  1.79999992e+02
 4.67735141e+00  4.65219097e+01  4.67735141e+00  1.79999992e+02
 4.71338954e+00  4.65219097e+01  4.71338954e+00  1.79999992e+02
 4.74970533e+00  4.65219097e+01  4.74970533e+00  1.79999992e+02
 4.78630092e+00  4.65219097e+01  4.78630092e+00  1.79999992e+02
 4.82317848e+00  4.65219097e+01  4.82317848e+00  1.79999992e+02
 4.86034018e+00  4.65219097e+01  4.86034018e+00  1.79999991e+02
 4.89778819e+00  4.65219097e+01  4.89778819e+00  1.79999991e+02
 4.93552474e+00  4.65219097e+01  4.93552474e+00  1.79999991e+02
 4.97355204e+00  4.65219097e+01  4.97355204e+00  1.79999991e+02
 5.01187234e+00  4.65219097e+01  5.01187234e+00  1.79999991e+02
 5.05048788e+00  4.65219097e+01  5.05048788e+00  1.79999991e+02
 5.08940095e+00  4.65219097e+01  5.08940095e+00  1.79999991e+02
 5.12861384e+00  4.65219097e+01  5.12861384e+00  1.79999991e+02
 5.16812886e+00  4.65219097e+01  5.16812886e+00  1.79999991e+02
 5.20794833e+00  4.65219097e+01  5.20794833e+00  1.79999991e+02
 5.24807460e+00  4.65219097e+01  5.24807460e+00  1.79999991e+02
 5.28851004e+00  4.65219097e+01  5.28851004e+00  1.79999991e+02
 5.32925703e+00  4.65219097e+01  5.32925703e+00  1.79999991e+02
 5.37031796e+00  4.65219097e+01  5.37031796e+00  1.79999991e+02
 5.41169527e+00  4.65219097e+01  5.41169527e+00  1.79999990e+02
 5.45339137e+00  4.65219097e+01  5.45339137e+00  1.79999990e+02
 5.49540874e+00  4.65219097e+01  5.49540874e+00  1.79999990e+02
 5.53774984e+00  4.65219097e+01  5.53774984e+00  1.79999990e+02
 5.58041717e+00  4.65219097e+01  5.58041717e+00  1.79999990e+02
 5.62341325e+00  4.65219097e+01  5.62341325e+00  1.79999990e+02
 5.66674061e+00  4.65219097e+01  5.66674061e+00  1.79999990e+02
 5.71040179e+00  4.65219097e+01  5.71040179e+00  1.79999990e+02
 5.75439937e+00  4.65219097e+01  5.75439937e+00  1.79999990e+02
 5.79873595e+00  4.65219097e+01  5.79873595e+00  1.79999990e+02
 5.84341413e+00  4.65219097e+01  5.84341413e+00  1.79999990e+02
 5.88843655e+00  4.65219097e+01  5.88843655e+00  1.79999990e+02
 5.93380586e+00  4.65219097e+01  5.93380586e+00  1.79999990e+02
 5.97952473e+00  4.65219097e+01  5.97952473e+00  1.79999989e+02
 6.02559586e+00  4.65219097e+01  6.02559586e+00  1.79999989e+02
 6.07202196e+00  4.65219097e+01  6.07202196e+00  1.79999989e+02
 6.11880576e+00  4.65219097e+01  6.11880576e+00  1.79999989e+02
 6.16595002e+00  4.65219097e+01  6.16595002e+00  1.79999989e+02
 6.21345752e+00  4.65219097e+01  6.21345752e+00  1.79999989e+02
 6.26133105e+00  4.65219097e+01  6.26133105e+00  1.79999989e+02
 6.30957344e+00  4.65219097e+01  6.30957344e+00  1.79999989e+02
 6.35818754e+00  4.65219097e+01  6.35818754e+00  1.79999989e+02
 6.40717619e+00  4.65219097e+01  6.40717619e+00  1.79999989e+02
 6.45654229e+00  4.65219097e+01  6.45654229e+00  1.79999989e+02
 6.50628875e+00  4.65219097e+01  6.50628875e+00  1.79999989e+02
 6.55641849e+00  4.65219097e+01  6.55641849e+00  1.79999988e+02
 6.60693448e+00  4.65219097e+01  6.60693448e+00  1.79999988e+02
 6.65783968e+00  4.65219097e+01  6.65783968e+00  1.79999988e+02
 6.70913710e+00  4.65219097e+01  6.70913710e+00  1.79999988e+02
 6.76082975e+00  4.65219097e+01  6.76082975e+00  1.79999988e+02
 6.81292069e+00  4.65219097e+01  6.81292069e+00  1.79999988e+02
 6.86541298e+00  4.65219097e+01  6.86541298e+00  1.79999988e+02
 6.91830971e+00  4.65219097e+01  6.91830971e+00  1.79999988e+02
 6.97161400e+00  4.65219097e+01  6.97161400e+00  1.79999988e+02
 7.02532899e+00  4.65219097e+01  7.02532899e+00  1.79999988e+02
 7.07945784e+00  4.65219097e+01  7.07945784e+00  1.79999988e+02
 7.13400375e+00  4.65219097e+01  7.13400375e+00  1.79999987e+02
 7.18896992e+00  4.65219097e+01  7.18896992e+00  1.79999987e+02
 7.24435960e+00  4.65219097e+01  7.24435960e+00  1.79999987e+02
 7.30017605e+00  4.65219097e+01  7.30017605e+00  1.79999987e+02
 7.35642254e+00  4.65219097e+01  7.35642254e+00  1.79999987e+02
 7.41310241e+00  4.65219097e+01  7.41310241e+00  1.79999987e+02
 7.47021899e+00  4.65219097e+01  7.47021899e+00  1.79999987e+02
 7.52777564e+00  4.65219097e+01  7.52777564e+00  1.79999987e+02
 7.58577575e+00  4.65219097e+01  7.58577575e+00  1.79999987e+02
 7.64422274e+00  4.65219097e+01  7.64422274e+00  1.79999987e+02
 7.70312006e+00  4.65219097e+01  7.70312006e+00  1.79999986e+02
 7.76247117e+00  4.65219097e+01  7.76247117e+00  1.79999986e+02
 7.82227956e+00  4.65219097e+01  7.82227956e+00  1.79999986e+02
 7.88254877e+00  4.65219097e+01  7.88254877e+00  1.79999986e+02
 7.94328235e+00  4.65219097e+01  7.94328235e+00  1.79999986e+02
 8.00448386e+00  4.65219097e+01  8.00448386e+00  1.79999986e+02
 8.06615692e+00  4.65219097e+01  8.06615692e+00  1.79999986e+02
 8.12830516e+00  4.65219097e+01  8.12830516e+00  1.79999986e+02
 8.19093224e+00  4.65219097e+01  8.19093224e+00  1.79999986e+02
 8.25404185e+00  4.65219097e+01  8.25404185e+00  1.79999985e+02
 8.31763771e+00  4.65219097e+01  8.31763771e+00  1.79999985e+02
 8.38172356e+00  4.65219097e+01  8.38172356e+00  1.79999985e+02
 8.44630319e+00  4.65219097e+01  8.44630319e+00  1.79999985e+02
 8.51138038e+00  4.65219097e+01  8.51138038e+00  1.79999985e+02
 8.57695899e+00  4.65219097e+01  8.57695899e+00  1.79999985e+02
 8.64304286e+00  4.65219097e+01  8.64304286e+00  1.79999985e+02
 8.70963590e+00  4.65219097e+01  8.70963590e+00  1.79999985e+02
 8.77674203e+00  4.65219097e+01  8.77674203e+00  1.79999985e+02
 8.84436519e+00  4.65219097e+01  8.84436519e+00  1.79999984e+02
 8.91250938e+00  4.65219097e+01  8.91250938e+00  1.79999984e+02
 8.98117861e+00  4.65219097e+01  8.98117861e+00  1.79999984e+02
 9.05037692e+00  4.65219097e+01  9.05037692e+00  1.79999984e+02
 9.12010839e+00  4.65219097e+01  9.12010839e+00  1.79999984e+02
 9.19037713e+00  4.65219097e+01  9.19037713e+00  1.79999984e+02
 9.26118728e+00  4.65219097e+01  9.26118728e+00  1.79999984e+02
 9.33254301e+00  4.65219097e+01  9.33254301e+00  1.79999984e+02
 9.40444852e+00  4.65219097e+01  9.40444852e+00  1.79999983e+02
 9.47690805e+00  4.65219097e+01  9.47690805e+00  1.79999983e+02
 9.54992586e+00  4.65219097e+01  9.54992586e+00  1.79999983e+02
 9.62350626e+00  4.65219097e+01  9.62350626e+00  1.79999983e+02
 9.69765359e+00  4.65219097e+01  9.69765359e+00  1.79999983e+02
 9.77237221e+00  4.65219097e+01  9.77237221e+00  1.79999983e+02
 9.84766652e+00  4.65219097e+01  9.84766652e+00  1.79999983e+02
 9.92354096e+00  4.65219097e+01  9.92354096e+00  1.79999983e+02
 1.00000000e+01  4.65219097e+01  1.00000000e+01  1.79999982e+02
 1.00770481e+01  4.65219097e+01  1.00770481e+01  1.79999982e+02
 1.01546899e+01  4.65219097e+01  1.01546899e+01  1.79999982e+02
 1.02329299e+01  4.65219097e+01  1.02329299e+01  1.79999982e+02
 1.03117727e+01  4.65219097e+01  1.03117727e+01  1.79999982e+02
 1.03912230e+01  4.65219097e+01  1.03912230e+01  1.79999982e+02
 1.04712855e+01  4.65219097e+01  1.04712855e+01  1.79999982e+02
 1.05519648e+01  4.65219097e+01  1.05519648e+01  1.79999981e+02
 1.06332657e+01  4.65219097e+01  1.06332657e+01  1.79999981e+02
 1.07151931e+01  4.65219097e+01  1.07151931e+01  1.79999981e+02
 1.07977516e+01  4.65219097e+01  1.07977516e+01  1.79999981e+02
 1.08809463e+01  4.65219097e+01  1.08809463e+01  1.79999981e+02
 1.09647820e+01  4.65219097e+01  1.09647820e+01  1.79999981e+02
 1.10492636e+01  4.65219097e+01  1.10492636e+01  1.79999981e+02
 1.11343961e+01  4.65219097e+01  1.11343961e+01  1.79999980e+02
 1.12201845e+01  4.65219097e+01  1.12201845e+01  1.79999980e+02
 1.13066340e+01  4.65219097e+01  1.13066340e+01  1.79999980e+02
 1.13937495e+01  4.65219097e+01  1.13937495e+01  1.79999980e+02
 1.14815362e+01  4.65219097e+01  1.14815362e+01  1.79999980e+02
 1.15699993e+01  4.65219097e+01  1.15699993e+01  1.79999980e+02
 1.16591440e+01  4.65219097e+01  1.16591440e+01  1.79999979e+02
 1.17489755e+01  4.65219097e+01  1.17489755e+01  1.79999979e+02
 1.18394992e+01  4.65219097e+01  1.18394992e+01  1.79999979e+02
 1.19307204e+01  4.65219097e+01  1.19307204e+01  1.79999979e+02
 1.20226443e+01  4.65219097e+01  1.20226443e+01  1.79999979e+02
 1.21152766e+01  4.65219097e+01  1.21152766e+01  1.79999979e+02
 1.22086225e+01  4.65219097e+01  1.22086225e+01  1.79999979e+02
 1.23026877e+01  4.65219097e+01  1.23026877e+01  1.79999978e+02
 1.23974776e+01  4.65219097e+01  1.23974776e+01  1.79999978e+02
 1.24929979e+01  4.65219097e+01  1.24929979e+01  1.79999978e+02
 1.25892541e+01  4.65219097e+01  1.25892541e+01  1.79999978e+02
 1.26862520e+01  4.65219097e+01  1.26862520e+01  1.79999978e+02
 1.27839972e+01  4.65219097e+01  1.27839972e+01  1.79999978e+02
 1.28824955e+01  4.65219097e+01  1.28824955e+01  1.79999977e+02
 1.29817528e+01  4.65219097e+01  1.29817528e+01  1.79999977e+02
 1.30817747e+01  4.65219097e+01  1.30817747e+01  1.79999977e+02
 1.31825674e+01  4.65219097e+01  1.31825674e+01  1.79999977e+02
 1.32841366e+01  4.65219097e+01  1.32841366e+01  1.79999977e+02
 1.33864884e+01  4.65219097e+01  1.33864884e+01  1.79999976e+02
 1.34896288e+01  4.65219097e+01  1.34896288e+01  1.79999976e+02
 1.35935639e+01  4.65219097e+01  1.35935639e+01  1.79999976e+02
 1.36982998e+01  4.65219097e+01  1.36982998e+01  1.79999976e+02
 1.38038426e+01  4.65219097e+01  1.38038426e+01  1.79999976e+02
 1.39101987e+01  4.65219097e+01  1.39101987e+01  1.79999976e+02
 1.40173742e+01  4.65219097e+01  1.40173742e+01  1.79999975e+02
 1.41253754e+01  4.65219097e+01  1.41253754e+01  1.79999975e+02
 1.42342088e+01  4.65219097e+01  1.42342088e+01  1.79999975e+02
 1.43438808e+01  4.65219097e+01  1.43438808e+01  1.79999975e+02
 1.44543977e+01  4.65219097e+01  1.44543977e+01  1.79999975e+02
 1.45657662e+01  4.65219097e+01  1.45657662e+01  1.79999974e+02
 1.46779927e+01  4.65219097e+01  1.46779927e+01  1.79999974e+02
 1.47910839e+01  4.65219097e+01  1.47910839e+01  1.79999974e+02
 1.49050464e+01  4.65219097e+01  1.49050464e+01  1.79999974e+02
 1.50198870e+01  4.65219097e+01  1.50198870e+01  1.79999974e+02
 1.51356125e+01  4.65219097e+01  1.51356125e+01  1.79999973e+02
 1.52522296e+01  4.65219097e+01  1.52522296e+01  1.79999973e+02
 1.53697452e+01  4.65219097e+01  1.53697452e+01  1.79999973e+02
 1.54881662e+01  4.65219097e+01  1.54881662e+01  1.79999973e+02
 1.56074996e+01  4.65219097e+01  1.56074996e+01  1.79999973e+02
 1.57277525e+01  4.65219097e+01  1.57277525e+01  1.79999972e+02
 1.58489319e+01  4.65219097e+01  1.58489319e+01  1.79999972e+02
 1.59710450e+01  4.65219097e+01  1.59710450e+01  1.79999972e+02
 1.60940989e+01  4.65219097e+01  1.60940989e+01  1.79999972e+02
 1.62181010e+01  4.65219097e+01  1.62181010e+01  1.79999971e+02
 1.63430584e+01  4.65219097e+01  1.63430584e+01  1.79999971e+02
 1.64689787e+01  4.65219097e+01  1.64689787e+01  1.79999971e+02
 1.65958691e+01  4.65219097e+01  1.65958691e+01  1.79999971e+02
 1.67237372e+01  4.65219097e+01  1.67237372e+01  1.79999971e+02
 1.68525904e+01  4.65219097e+01  1.68525904e+01  1.79999970e+02
 1.69824365e+01  4.65219097e+01  1.69824365e+01  1.79999970e+02
 1.71132830e+01  4.65219097e+01  1.71132830e+01  1.79999970e+02
 1.72451377e+01  4.65219097e+01  1.72451377e+01  1.79999970e+02
 1.73780083e+01  4.65219097e+01  1.73780083e+01  1.79999969e+02
 1.75119026e+01  4.65219097e+01  1.75119026e+01  1.79999969e+02
 1.76468286e+01  4.65219097e+01  1.76468286e+01  1.79999969e+02
 1.77827941e+01  4.65219097e+01  1.77827941e+01  1.79999969e+02
 1.79198072e+01  4.65219097e+01  1.79198072e+01  1.79999968e+02
 1.80578760e+01  4.65219097e+01  1.80578760e+01  1.79999968e+02
 1.81970086e+01  4.65219097e+01  1.81970086e+01  1.79999968e+02
 1.83372132e+01  4.65219097e+01  1.83372132e+01  1.79999968e+02
 1.84784980e+01  4.65219097e+01  1.84784980e+01  1.79999968e+02
 1.86208714e+01  4.65219097e+01  1.86208714e+01  1.79999967e+02
 1.87643417e+01  4.65219097e+01  1.87643417e+01  1.79999967e+02
 1.89089175e+01  4.65219097e+01  1.89089175e+01  1.79999967e+02
 1.90546072e+01  4.65219097e+01  1.90546072e+01  1.79999966e+02
 1.92014194e+01  4.65219097e+01  1.92014194e+01  1.79999966e+02
 1.93493628e+01  4.65219097e+01  1.93493628e+01  1.79999966e+02
 1.94984460e+01  4.65219097e+01  1.94984460e+01  1.79999966e+02
 1.96486779e+01  4.65219097e+01  1.96486779e+01  1.79999965e+02
 1.98000673e+01  4.65219097e+01  1.98000673e+01  1.79999965e+02
 1.99526231e+01  4.65219097e+01  1.99526231e+01  1.79999965e+02
 2.01063544e+01  4.65219097e+01  2.01063544e+01  1.79999965e+02
 2.02612701e+01  4.65219097e+01  2.02612701e+01  1.79999964e+02
 2.04173794e+01  4.65219097e+01  2.04173794e+01  1.79999964e+02
 2.05746916e+01  4.65219097e+01  2.05746916e+01  1.79999964e+02
 2.07332157e+01  4.65219097e+01  2.07332157e+01  1.79999964e+02
 2.08929613e+01  4.65219097e+01  2.08929613e+01  1.79999963e+02
 2.10539377e+01  4.65219097e+01  2.10539377e+01  1.79999963e+02
 2.12161544e+01  4.65219097e+01  2.12161544e+01  1.79999963e+02
 2.13796209e+01  4.65219097e+01  2.13796209e+01  1.79999962e+02
 2.15443469e+01  4.65219097e+01  2.15443469e+01  1.79999962e+02
 2.17103421e+01  4.65219097e+01  2.17103421e+01  1.79999962e+02
 2.18776162e+01  4.65219097e+01  2.18776162e+01  1.79999962e+02
 2.20461792e+01  4.65219097e+01  2.20461792e+01  1.79999961e+02
 2.22160409e+01  4.65219097e+01  2.22160409e+01  1.79999961e+02
 2.23872114e+01  4.65219097e+01  2.23872114e+01  1.79999961e+02
 2.25597007e+01  4.65219097e+01  2.25597007e+01  1.79999960e+02
 2.27335190e+01  4.65219097e+01  2.27335190e+01  1.79999960e+02
 2.29086765e+01  4.65219097e+01  2.29086765e+01  1.79999960e+02
 2.30851836e+01  4.65219097e+01  2.30851836e+01  1.79999959e+02
 2.32630507e+01  4.65219097e+01  2.32630507e+01  1.79999959e+02
 2.34422882e+01  4.65219097e+01  2.34422882e+01  1.79999959e+02
 2.36229066e+01  4.65219097e+01  2.36229066e+01  1.79999958e+02
 2.38049167e+01  4.65219097e+01  2.38049167e+01  1.79999958e+02
 2.39883292e+01  4.65219097e+01  2.39883292e+01  1.79999958e+02
 2.41731548e+01  4.65219097e+01  2.41731548e+01  1.79999957e+02
 2.43594045e+01  4.65219097e+01  2.43594045e+01  1.79999957e+02
 2.45470892e+01  4.65219097e+01  2.45470892e+01  1.79999957e+02
 2.47362199e+01  4.65219097e+01  2.47362199e+01  1.79999956e+02
 2.49268079e+01  4.65219097e+01  2.49268079e+01  1.79999956e+02
 2.51188643e+01  4.65219097e+01  2.51188643e+01  1.79999956e+02
 2.53124005e+01  4.65219097e+01  2.53124005e+01  1.79999955e+02
 2.55074278e+01  4.65219097e+01  2.55074278e+01  1.79999955e+02
 2.57039578e+01  4.65219097e+01  2.57039578e+01  1.79999955e+02
 2.59020020e+01  4.65219097e+01  2.59020020e+01  1.79999954e+02
 2.61015722e+01  4.65219097e+01  2.61015722e+01  1.79999954e+02
 2.63026799e+01  4.65219097e+01  2.63026799e+01  1.79999954e+02
 2.65053372e+01  4.65219097e+01  2.65053372e+01  1.79999953e+02
 2.67095559e+01  4.65219097e+01  2.67095559e+01  1.79999953e+02
 2.69153480e+01  4.65219097e+01  2.69153480e+01  1.79999953e+02
 2.71227258e+01  4.65219097e+01  2.71227258e+01  1.79999952e+02
 2.73317014e+01  4.65219097e+01  2.73317014e+01  1.79999952e+02
 2.75422870e+01  4.65219097e+01  2.75422870e+01  1.79999952e+02
 2.77544952e+01  4.65219097e+01  2.77544952e+01  1.79999951e+02
 2.79683385e+01  4.65219097e+01  2.79683385e+01  1.79999951e+02
 2.81838293e+01  4.65219097e+01  2.81838293e+01  1.79999950e+02
 2.84009805e+01  4.65219097e+01  2.84009805e+01  1.79999950e+02
 2.86198048e+01  4.65219097e+01  2.86198048e+01  1.79999950e+02
 2.88403150e+01  4.65219097e+01  2.88403150e+01  1.79999949e+02
 2.90625243e+01  4.65219097e+01  2.90625243e+01  1.79999949e+02
 2.92864456e+01  4.65219097e+01  2.92864456e+01  1.79999948e+02
 2.95120923e+01  4.65219097e+01  2.95120923e+01  1.79999948e+02
 2.97394775e+01  4.65219097e+01  2.97394775e+01  1.79999948e+02
 2.99686146e+01  4.65219097e+01  2.99686146e+01  1.79999947e+02
 3.01995172e+01  4.65219097e+01  3.01995172e+01  1.79999947e+02
 3.04321989e+01  4.65219097e+01  3.04321989e+01  1.79999946e+02
 3.06666733e+01  4.65219097e+01  3.06666733e+01  1.79999946e+02
 3.09029543e+01  4.65219097e+01  3.09029543e+01  1.79999946e+02
 3.11410558e+01  4.65219097e+01  3.11410558e+01  1.79999945e+02
 3.13809919e+01  4.65219097e+01  3.13809919e+01  1.79999945e+02
 3.16227766e+01  4.65219097e+01  3.16227766e+01  1.79999944e+02
 3.18664242e+01  4.65219097e+01  3.18664242e+01  1.79999944e+02
 3.21119491e+01  4.65219097e+01  3.21119491e+01  1.79999944e+02
 3.23593657e+01  4.65219097e+01  3.23593657e+01  1.79999943e+02
 3.26086886e+01  4.65219097e+01  3.26086886e+01  1.79999943e+02
 3.28599325e+01  4.65219097e+01  3.28599325e+01  1.79999942e+02
 3.31131121e+01  4.65219097e+01  3.31131121e+01  1.79999942e+02
 3.33682425e+01  4.65219097e+01  3.33682425e+01  1.79999941e+02
 3.36253386e+01  4.65219097e+01  3.36253386e+01  1.79999941e+02
 3.38844156e+01  4.65219097e+01  3.38844156e+01  1.79999940e+02
 3.41454887e+01  4.65219097e+01  3.41454887e+01  1.79999940e+02
 3.44085734e+01  4.65219097e+01  3.44085734e+01  1.79999939e+02
 3.46736850e+01  4.65219097e+01  3.46736850e+01  1.79999939e+02
 3.49408393e+01  4.65219097e+01  3.49408393e+01  1.79999939e+02
 3.52100520e+01  4.65219097e+01  3.52100520e+01  1.79999938e+02
 3.54813389e+01  4.65219097e+01  3.54813389e+01  1.79999938e+02
 3.57547160e+01  4.65219097e+01  3.57547160e+01  1.79999937e+02
 3.60301995e+01  4.65219097e+01  3.60301995e+01  1.79999937e+02
 3.63078055e+01  4.65219097e+01  3.63078055e+01  1.79999936e+02
 3.65875504e+01  4.65219097e+01  3.65875504e+01  1.79999936e+02
 3.68694506e+01  4.65219097e+01  3.68694506e+01  1.79999935e+02
 3.71535229e+01  4.65219097e+01  3.71535229e+01  1.79999935e+02
 3.74397839e+01  4.65219097e+01  3.74397839e+01  1.79999934e+02
 3.77282505e+01  4.65219097e+01  3.77282505e+01  1.79999934e+02
 3.80189396e+01  4.65219097e+01  3.80189396e+01  1.79999933e+02
 3.83118685e+01  4.65219097e+01  3.83118685e+01  1.79999933e+02
 3.86070543e+01  4.65219097e+01  3.86070543e+01  1.79999932e+02
 3.89045145e+01  4.65219097e+01  3.89045145e+01  1.79999932e+02
 3.92042666e+01  4.65219097e+01  3.92042666e+01  1.79999931e+02
 3.95063281e+01  4.65219097e+01  3.95063281e+01  1.79999931e+02
 3.98107171e+01  4.65219097e+01  3.98107171e+01  1.79999930e+02
 4.01174512e+01  4.65219097e+01  4.01174512e+01  1.79999929e+02
 4.04265487e+01  4.65219097e+01  4.04265487e+01  1.79999929e+02
 4.07380278e+01  4.65219097e+01  4.07380278e+01  1.79999928e+02
 4.10519067e+01  4.65219097e+01  4.10519067e+01  1.79999928e+02
 4.13682040e+01  4.65219097e+01  4.13682040e+01  1.79999927e+02
 4.16869383e+01  4.65219097e+01  4.16869383e+01  1.79999927e+02
 4.20081285e+01  4.65219097e+01  4.20081285e+01  1.79999926e+02
 4.23317933e+01  4.65219097e+01  4.23317933e+01  1.79999926e+02
 4.26579519e+01  4.65219097e+01  4.26579519e+01  1.79999925e+02
 4.29866235e+01  4.65219097e+01  4.29866235e+01  1.79999924e+02
 4.33178274e+01  4.65219097e+01  4.33178274e+01  1.79999924e+02
 4.36515832e+01  4.65219097e+01  4.36515832e+01  1.79999923e+02
 4.39879106e+01  4.65219097e+01  4.39879106e+01  1.79999923e+02
 4.43268292e+01  4.65219097e+01  4.43268292e+01  1.79999922e+02
 4.46683592e+01  4.65219097e+01  4.46683592e+01  1.79999921e+02
 4.50125206e+01  4.65219097e+01  4.50125206e+01  1.79999921e+02
 4.53593337e+01  4.65219097e+01  4.53593337e+01  1.79999920e+02
 4.57088190e+01  4.65219097e+01  4.57088190e+01  1.79999920e+02
 4.60609969e+01  4.65219097e+01  4.60609969e+01  1.79999919e+02
 4.64158883e+01  4.65219097e+01  4.64158883e+01  1.79999918e+02
 4.67735141e+01  4.65219097e+01  4.67735141e+01  1.79999918e+02
 4.71338954e+01  4.65219097e+01  4.71338954e+01  1.79999917e+02
 4.74970533e+01  4.65219097e+01  4.74970533e+01  1.79999916e+02
 4.78630092e+01  4.65219097e+01  4.78630092e+01  1.79999916e+02
 4.82317848e+01  4.65219097e+01  4.82317848e+01  1.79999915e+02
 4.86034018e+01  4.65219097e+01  4.86034018e+01  1.79999915e+02
 4.89778819e+01  4.65219097e+01  4.89778819e+01  1.79999914e+02
 4.93552474e+01  4.65219097e+01  4.93552474e+01  1.79999913e+02
 4.97355204e+01  4.65219097e+01  4.97355204e+01  1.79999913e+02
 5.01187234e+01  4.65219097e+01  5.01187234e+01  1.79999912e+02
 5.05048788e+01  4.65219097e+01  5.05048788e+01  1.79999911e+02
 5.08940095e+01  4.65219097e+01  5.08940095e+01  1.79999910e+02
 5.12861384e+01  4.65219097e+01  5.12861384e+01  1.79999910e+02
 5.16812886e+01  4.65219097e+01  5.16812886e+01  1.79999909e+02
 5.20794833e+01  4.65219097e+01  5.20794833e+01  1.79999908e+02
 5.24807460e+01  4.65219097e+01  5.24807460e+01  1.79999908e+02
 5.28851004e+01  4.65219097e+01  5.28851004e+01  1.79999907e+02
 5.32925703e+01  4.65219097e+01  5.32925703e+01  1.79999906e+02
 5.37031796e+01  4.65219097e+01  5.37031796e+01  1.79999906e+02
 5.41169527e+01  4.65219097e+01  5.41169527e+01  1.79999905e+02
 5.45339137e+01  4.65219097e+01  5.45339137e+01  1.79999904e+02
 5.49540874e+01  4.65219097e+01  5.49540874e+01  1.79999903e+02
 5.53774984e+01  4.65219097e+01  5.53774984e+01  1.79999903e+02
 5.58041717e+01  4.65219097e+01  5.58041717e+01  1.79999902e+02
 5.62341325e+01  4.65219097e+01  5.62341325e+01  1.79999901e+02
 5.66674061e+01  4.65219097e+01  5.66674061e+01  1.79999900e+02
 5.71040179e+01  4.65219097e+01  5.71040179e+01  1.79999900e+02
 5.75439937e+01  4.65219097e+01  5.75439937e+01  1.79999899e+02
 5.79873595e+01  4.65219097e+01  5.79873595e+01  1.79999898e+02
 5.84341413e+01  4.65219097e+01  5.84341413e+01  1.79999897e+02
 5.88843655e+01  4.65219097e+01  5.88843655e+01  1.79999896e+02
 5.93380586e+01  4.65219097e+01  5.93380586e+01  1.79999896e+02
 5.97952473e+01  4.65219097e+01  5.97952473e+01  1.79999895e+02
 6.02559586e+01  4.65219097e+01  6.02559586e+01  1.79999894e+02
 6.07202196e+01  4.65219097e+01  6.07202196e+01  1.79999893e+02
 6.11880576e+01  4.65219097e+01  6.11880576e+01  1.79999892e+02
 6.16595002e+01  4.65219097e+01  6.16595002e+01  1.79999892e+02
 6.21345752e+01  4.65219097e+01  6.21345752e+01  1.79999891e+02
 6.26133105e+01  4.65219097e+01  6.26133105e+01  1.79999890e+02
 6.30957344e+01  4.65219097e+01  6.30957344e+01  1.79999889e+02
 6.35818754e+01  4.65219097e+01  6.35818754e+01  1.79999888e+02
 6.40717619e+01  4.65219097e+01  6.40717619e+01  1.79999887e+02
 6.45654229e+01  4.65219097e+01  6.45654229e+01  1.79999886e+02
 6.50628875e+01  4.65219097e+01  6.50628875e+01  1.79999886e+02
 6.55641849e+01  4.65219097e+01  6.55641849e+01  1.79999885e+02
 6.60693448e+01  4.65219097e+01  6.60693448e+01  1.79999884e+02
 6.65783968e+01  4.65219097e+01  6.65783968e+01  1.79999883e+02
 6.70913710e+01  4.65219097e+01  6.70913710e+01  1.79999882e+02
 6.76082975e+01  4.65219097e+01  6.76082975e+01  1.79999881e+02
 6.81292069e+01  4.65219097e+01  6.81292069e+01  1.79999880e+02
 6.86541298e+01  4.65219097e+01  6.86541298e+01  1.79999879e+02
 6.91830971e+01  4.65219097e+01  6.91830971e+01  1.79999878e+02
 6.97161400e+01  4.65219097e+01  6.97161400e+01  1.79999877e+02
 7.02532899e+01  4.65219097e+01  7.02532899e+01  1.79999876e+02
 7.07945784e+01  4.65219097e+01  7.07945784e+01  1.79999876e+02
 7.13400375e+01  4.65219097e+01  7.13400375e+01  1.79999875e+02
 7.18896992e+01  4.65219097e+01  7.18896992e+01  1.79999874e+02
 7.24435960e+01  4.65219097e+01  7.24435960e+01  1.79999873e+02
 7.30017605e+01  4.65219097e+01  7.30017605e+01  1.79999872e+02
 7.35642254e+01  4.65219097e+01  7.35642254e+01  1.79999871e+02
 7.41310241e+01  4.65219097e+01  7.41310241e+01  1.79999870e+02
 7.47021899e+01  4.65219097e+01  7.47021899e+01  1.79999869e+02
 7.52777564e+01  4.65219097e+01  7.52777564e+01  1.79999868e+02
 7.58577575e+01  4.65219097e+01  7.58577575e+01  1.79999867e+02
 7.64422274e+01  4.65219097e+01  7.64422274e+01  1.79999866e+02
 7.70312006e+01  4.65219097e+01  7.70312006e+01  1.79999865e+02
 7.76247117e+01  4.65219097e+01  7.76247117e+01  1.79999863e+02
 7.82227956e+01  4.65219097e+01  7.82227956e+01  1.79999862e+02
 7.88254877e+01  4.65219097e+01  7.88254877e+01  1.79999861e+02
 7.94328235e+01  4.65219097e+01  7.94328235e+01  1.79999860e+02
 8.00448386e+01  4.65219097e+01  8.00448386e+01  1.79999859e+02
 8.06615692e+01  4.65219097e+01  8.06615692e+01  1.79999858e+02
 8.12830516e+01  4.65219097e+01  8.12830516e+01  1.79999857e+02
 8.19093224e+01  4.65219097e+01  8.19093224e+01  1.79999856e+02
 8.25404185e+01  4.65219097e+01  8.25404185e+01  1.79999855e+02
 8.31763771e+01  4.65219097e+01  8.31763771e+01  1.79999854e+02
 8.38172356e+01  4.65219097e+01  8.38172356e+01  1.79999853e+02
 8.44630319e+01  4.65219097e+01  8.44630319e+01  1.79999851e+02
 8.51138038e+01  4.65219097e+01  8.51138038e+01  1.79999850e+02
 8.57695899e+01  4.65219097e+01  8.57695899e+01  1.79999849e+02
 8.64304286e+01  4.65219097e+01  8.64304286e+01  1.79999848e+02
 8.70963590e+01  4.65219097e+01  8.70963590e+01  1.79999847e+02
 8.77674203e+01  4.65219097e+01  8.77674203e+01  1.79999846e+02
 8.84436519e+01  4.65219097e+01  8.84436519e+01  1.79999844e+02
 8.91250938e+01  4.65219097e+01  8.91250938e+01  1.79999843e+02
 8.98117861e+01  4.65219097e+01  8.98117861e+01  1.79999842e+02
 9.05037692e+01  4.65219097e+01  9.05037692e+01  1.79999841e+02
 9.12010839e+01  4.65219097e+01  9.12010839e+01  1.79999840e+02
 9.19037713e+01  4.65219097e+01  9.19037713e+01  1.79999838e+02
 9.26118728e+01  4.65219097e+01  9.26118728e+01  1.79999837e+02
 9.33254301e+01  4.65219097e+01  9.33254301e+01  1.79999836e+02
 9.40444852e+01  4.65219097e+01  9.40444852e+01  1.79999835e+02
 9.47690805e+01  4.65219097e+01  9.47690805e+01  1.79999833e+02
 9.54992586e+01  4.65219097e+01  9.54992586e+01  1.79999832e+02
 9.62350626e+01  4.65219097e+01  9.62350626e+01  1.79999831e+02
 9.69765359e+01  4.65219097e+01  9.69765359e+01  1.79999829e+02
 9.77237221e+01  4.65219097e+01  9.77237221e+01  1.79999828e+02
 9.84766652e+01  4.65219097e+01  9.84766652e+01  1.79999827e+02
 9.92354096e+01  4.65219097e+01  9.92354096e+01  1.79999825e+02
 1.00000000e+02  4.65219097e+01  1.00000000e+02  1.79999824e+02
 1.00770481e+02  4.65219097e+01  1.00770481e+02  1.79999823e+02
 1.01546899e+02  4.65219097e+01  1.01546899e+02  1.79999821e+02
 1.02329299e+02  4.65219097e+01  1.02329299e+02  1.79999820e+02
 1.03117727e+02  4.65219097e+01  1.03117727e+02  1.79999819e+02
 1.03912230e+02  4.65219097e+01  1.03912230e+02  1.79999817e+02
 1.04712855e+02  4.65219097e+01  1.04712855e+02  1.79999816e+02
 1.05519648e+02  4.65219097e+01  1.05519648e+02  1.79999814e+02
 1.06332657e+02  4.65219097e+01  1.06332657e+02  1.79999813e+02
 1.07151931e+02  4.65219097e+01  1.07151931e+02  1.79999812e+02
 1.07977516e+02  4.65219097e+01  1.07977516e+02  1.79999810e+02
 1.08809463e+02  4.65219097e+01  1.08809463e+02  1.79999809e+02
 1.09647820e+02  4.65219097e+01  1.09647820e+02  1.79999807e+02
 1.10492636e+02  4.65219097e+01  1.10492636e+02  1.79999806e+02
 1.11343961e+02  4.65219097e+01  1.11343961e+02  1.79999804e+02
 1.12201845e+02  4.65219097e+01  1.12201845e+02  1.79999803e+02
 1.13066340e+02  4.65219097e+01  1.13066340e+02  1.79999801e+02
 1.13937495e+02  4.65219097e+01  1.13937495e+02  1.79999800e+02
 1.14815362e+02  4.65219097e+01  1.14815362e+02  1.79999798e+02
 1.15699993e+02  4.65219097e+01  1.15699993e+02  1.79999797e+02
 1.16591440e+02  4.65219097e+01  1.16591440e+02  1.79999795e+02
 1.17489755e+02  4.65219097e+01  1.17489755e+02  1.79999793e+02
 1.18394992e+02  4.65219097e+01  1.18394992e+02  1.79999792e+02
 1.19307204e+02  4.65219097e+01  1.19307204e+02  1.79999790e+02
 1.20226443e+02  4.65219097e+01  1.20226443e+02  1.79999789e+02
 1.21152766e+02  4.65219097e+01  1.21152766e+02  1.79999787e+02
 1.22086225e+02  4.65219097e+01  1.22086225e+02  1.79999785e+02
 1.23026877e+02  4.65219097e+01  1.23026877e+02  1.79999784e+02
 1.23974776e+02  4.65219097e+01  1.23974776e+02  1.79999782e+02
 1.24929979e+02  4.65219097e+01  1.24929979e+02  1.79999780e+02
 1.25892541e+02  4.65219097e+01  1.25892541e+02  1.79999779e+02
 1.26862520e+02  4.65219097e+01  1.26862520e+02  1.79999777e+02
 1.27839972e+02  4.65219097e+01  1.27839972e+02  1.79999775e+02
 1.28824955e+02  4.65219097e+01  1.28824955e+02  1.79999773e+02
 1.29817528e+02  4.65219097e+01  1.29817528e+02  1.79999772e+02
 1.30817747e+02  4.65219097e+01  1.30817747e+02  1.79999770e+02
 1.31825674e+02  4.65219097e+01  1.31825674e+02  1.79999768e+02
 1.32841366e+02  4.65219097e+01  1.32841366e+02  1.79999766e+02
 1.33864884e+02  4.65219097e+01  1.33864884e+02  1.79999765e+02
 1.34896288e+02  4.65219097e+01  1.34896288e+02  1.79999763e+02
 1.35935639e+02  4.65219097e+01  1.35935639e+02  1.79999761e+02
 1.36982998e+02  4.65219097e+01  1.36982998e+02  1.79999759e+02
 1.38038426e+02  4.65219097e+01  1.38038426e+02  1.79999757e+02
 1.39101987e+02  4.65219097e+01  1.39101987e+02  1.79999755e+02
 1.40173742e+02  4.65219097e+01  1.40173742e+02  1.79999753e+02
 1.41253754e+02  4.65219097e+01  1.41253754e+02  1.79999752e+02
 1.42342088e+02  4.65219097e+01  1.42342088e+02  1.79999750e+02
 1.43438808e+02  4.65219097e+01  1.43438808e+02  1.79999748e+02
 1.44543977e+02  4.65219097e+01  1.44543977e+02  1.79999746e+02
 1.45657662e+02  4.65219097e+01  1.45657662e+02  1.79999744e+02
 1.46779927e+02  4.65219097e+01  1.46779927e+02  1.79999742e+02
 1.47910839e+02  4.65219097e+01  1.47910839e+02  1.79999740e+02
 1.49050464e+02  4.65219097e+01  1.49050464e+02  1.79999738e+02
 1.50198870e+02  4.65219097e+01  1.50198870e+02  1.79999736e+02
 1.51356125e+02  4.65219097e+01  1.51356125e+02  1.79999734e+02
 1.52522296e+02  4.65219097e+01  1.52522296e+02  1.79999732e+02
 1.53697452e+02  4.65219097e+01  1.53697452e+02  1.79999730e+02
 1.54881662e+02  4.65219097e+01  1.54881662e+02  1.79999728e+02
 1.56074996e+02  4.65219097e+01  1.56074996e+02  1.79999726e+02
 1.57277525e+02  4.65219097e+01  1.57277525e+02  1.79999723e+02
 1.58489319e+02  4.65219097e+01  1.58489319e+02  1.79999721e+02
 1.59710450e+02  4.65219097e+01  1.59710450e+02  1.79999719e+02
 1.60940989e+02  4.65219097e+01  1.60940989e+02  1.79999717e+02
 1.62181010e+02  4.65219097e+01  1.62181010e+02  1.79999715e+02
 1.63430584e+02  4.65219097e+01  1.63430584e+02  1.79999713e+02
 1.64689787e+02  4.65219097e+01  1.64689787e+02  1.79999710e+02
 1.65958691e+02  4.65219097e+01  1.65958691e+02  1.79999708e+02
 1.67237372e+02  4.65219097e+01  1.67237372e+02  1.79999706e+02
 1.68525904e+02  4.65219097e+01  1.68525904e+02  1.79999704e+02
 1.69824365e+02  4.65219097e+01  1.69824365e+02  1.79999701e+02
 1.71132830e+02  4.65219097e+01  1.71132830e+02  1.79999699e+02
 1.72451377e+02  4.65219097e+01  1.72451377e+02  1.79999697e+02
 1.73780083e+02  4.65219097e+01  1.73780083e+02  1.79999694e+02
 1.75119026e+02  4.65219097e+01  1.75119026e+02  1.79999692e+02
 1.76468286e+02  4.65219097e+01  1.76468286e+02  1.79999690e+02
 1.77827941e+02  4.65219097e+01  1.77827941e+02  1.79999687e+02
 1.79198072e+02  4.65219097e+01  1.79198072e+02  1.79999685e+02
 1.80578760e+02  4.65219097e+01  1.80578760e+02  1.79999682e+02
 1.81970086e+02  4.65219097e+01  1.81970086e+02  1.79999680e+02
 1.83372132e+02  4.65219097e+01  1.83372132e+02  1.79999678e+02
 1.84784980e+02  4.65219097e+01  1.84784980e+02  1.79999675e+02
 1.86208714e+02  4.65219097e+01  1.86208714e+02  1.79999673e+02
 1.87643417e+02  4.65219097e+01  1.87643417e+02  1.79999670e+02
 1.89089175e+02  4.65219097e+01  1.89089175e+02  1.79999667e+02
 1.90546072e+02  4.65219097e+01  1.90546072e+02  1.79999665e+02
 1.92014194e+02  4.65219097e+01  1.92014194e+02  1.79999662e+02
 1.93493628e+02  4.65219097e+01  1.93493628e+02  1.79999660e+02
 1.94984460e+02  4.65219097e+01  1.94984460e+02  1.79999657e+02
 1.96486779e+02  4.65219097e+01  1.96486779e+02  1.79999654e+02
 1.98000673e+02  4.65219097e+01  1.98000673e+02  1.79999652e+02
 1.99526231e+02  4.65219097e+01  1.99526231e+02  1.79999649e+02
 2.01063544e+02  4.65219097e+01  2.01063544e+02  1.79999646e+02
 2.02612701e+02  4.65219097e+01  2.02612701e+02  1.79999644e+02
 2.04173794e+02  4.65219097e+01  2.04173794e+02  1.79999641e+02
 2.05746916e+02  4.65219097e+01  2.05746916e+02  1.79999638e+02
 2.07332157e+02  4.65219097e+01  2.07332157e+02  1.79999635e+02
 2.08929613e+02  4.65219097e+01  2.08929613e+02  1.79999633e+02
 2.10539377e+02  4.65219097e+01  2.10539377e+02  1.79999630e+02
 2.12161544e+02  4.65219097e+01  2.12161544e+02  1.79999627e+02
 2.13796209e+02  4.65219097e+01  2.13796209e+02  1.79999624e+02
 2.15443469e+02  4.65219097e+01  2.15443469e+02  1.79999621e+02
 2.17103421e+02  4.65219097e+01  2.17103421e+02  1.79999618e+02
 2.18776162e+02  4.65219097e+01  2.18776162e+02  1.79999615e+02
 2.20461792e+02  4.65219097e+01  2.20461792e+02  1.79999612e+02
 2.22160409e+02  4.65219097e+01  2.22160409e+02  1.79999609e+02
 2.23872114e+02  4.65219097e+01  2.23872114e+02  1.79999606e+02
 2.25597007e+02  4.65219097e+01  2.25597007e+02  1.79999603e+02
 2.27335190e+02  4.65219097e+01  2.27335190e+02  1.79999600e+02
 2.29086765e+02  4.65219097e+01  2.29086765e+02  1.79999597e+02
 2.30851836e+02  4.65219097e+01  2.30851836e+02  1.79999594e+02
 2.32630507e+02  4.65219097e+01  2.32630507e+02  1.79999591e+02
 2.34422882e+02  4.65219097e+01  2.34422882e+02  1.79999588e+02
 2.36229066e+02  4.65219097e+01  2.36229066e+02  1.79999585e+02
 2.38049167e+02  4.65219097e+01  2.38049167e+02  1.79999581e+02
 2.39883292e+02  4.65219097e+01  2.39883292e+02  1.79999578e+02
 2.41731548e+02  4.65219097e+01  2.41731548e+02  1.79999575e+02
 2.43594045e+02  4.65219097e+01  2.43594045e+02  1.79999572e+02
 2.45470892e+02  4.65219097e+01  2.45470892e+02  1.79999568e+02
 2.47362199e+02  4.65219097e+01  2.47362199e+02  1.79999565e+02
 2.49268079e+02  4.65219097e+01  2.49268079e+02  1.79999562e+02
 2.51188643e+02  4.65219097e+01  2.51188643e+02  1.79999558e+02
 2.53124005e+02  4.65219097e+01  2.53124005e+02  1.79999555e+02
 2.55074278e+02  4.65219097e+01  2.55074278e+02  1.79999551e+02
 2.57039578e+02  4.65219097e+01  2.57039578e+02  1.79999548e+02
 2.59020020e+02  4.65219097e+01  2.59020020e+02  1.79999544e+02
 2.61015722e+02  4.65219097e+01  2.61015722e+02  1.79999541e+02
 2.63026799e+02  4.65219097e+01  2.63026799e+02  1.79999537e+02
 2.65053372e+02  4.65219097e+01  2.65053372e+02  1.79999534e+02
 2.67095559e+02  4.65219097e+01  2.67095559e+02  1.79999530e+02
 2.69153480e+02  4.65219097e+01  2.69153480e+02  1.79999527e+02
 2.71227258e+02  4.65219097e+01  2.71227258e+02  1.79999523e+02
 2.73317014e+02  4.65219097e+01  2.73317014e+02  1.79999519e+02
 2.75422870e+02  4.65219097e+01  2.75422870e+02  1.79999516e+02
 2.77544952e+02  4.65219097e+01  2.77544952e+02  1.79999512e+02
 2.79683385e+02  4.65219097e+01  2.79683385e+02  1.79999508e+02
 2.81838293e+02  4.65219097e+01  2.81838293e+02  1.79999504e+02
 2.84009805e+02  4.65219097e+01  2.84009805e+02  1.79999501e+02
 2.86198048e+02  4.65219097e+01  2.86198048e+02  1.79999497e+02
 2.88403150e+02  4.65219097e+01  2.88403150e+02  1.79999493e+02
 2.90625243e+02  4.65219097e+01  2.90625243e+02  1.79999489e+02
 2.92864456e+02  4.65219097e+01  2.92864456e+02  1.79999485e+02
 2.95120923e+02  4.65219097e+01  2.95120923e+02  1.79999481e+02
 2.97394775e+02  4.65219097e+01  2.97394775e+02  1.79999477e+02
 2.99686146e+02  4.65219097e+01  2.99686146e+02  1.79999473e+02
 3.01995172e+02  4.65219097e+01  3.01995172e+02  1.79999469e+02
 3.04321989e+02  4.65219097e+01  3.04321989e+02  1.79999465e+02
 3.06666733e+02  4.65219097e+01  3.06666733e+02  1.79999461e+02
 3.09029543e+02  4.65219097e+01  3.09029543e+02  1.79999457e+02
 3.11410558e+02  4.65219097e+01  3.11410558e+02  1.79999452e+02
 3.13809919e+02  4.65219097e+01  3.13809919e+02  1.79999448e+02
 3.16227766e+02  4.65219097e+01  3.16227766e+02  1.79999444e+02
 3.18664242e+02  4.65219097e+01  3.18664242e+02  1.79999440e+02
 3.21119491e+02  4.65219098e+01  3.21119491e+02  1.79999435e+02
 3.23593657e+02  4.65219098e+01  3.23593657e+02  1.79999431e+02
 3.26086886e+02  4.65219098e+01  3.26086886e+02  1.79999427e+02
 3.28599325e+02  4.65219098e+01  3.28599325e+02  1.79999422e+02
 3.31131121e+02  4.65219098e+01  3.31131121e+02  1.79999418e+02
 3.33682425e+02  4.65219098e+01  3.33682425e+02  1.79999413e+02
 3.36253386e+02  4.65219098e+01  3.36253386e+02  1.79999409e+02
 3.38844156e+02  4.65219098e+01  3.38844156e+02  1.79999404e+02
 3.41454887e+02  4.65219098e+01  3.41454887e+02  1.79999400e+02
 3.44085734e+02  4.65219098e+01  3.44085734e+02  1.79999395e+02
 3.46736850e+02  4.65219098e+01  3.46736850e+02  1.79999390e+02
 3.49408393e+02  4.65219098e+01  3.49408393e+02  1.79999386e+02
 3.52100520e+02  4.65219098e+01  3.52100520e+02  1.79999381e+02
 3.54813389e+02  4.65219098e+01  3.54813389e+02  1.79999376e+02
 3.57547160e+02  4.65219098e+01  3.57547160e+02  1.79999371e+02
 3.60301995e+02  4.65219098e+01  3.60301995e+02  1.79999366e+02
 3.63078055e+02  4.65219098e+01  3.63078055e+02  1.79999362e+02
 3.65875504e+02  4.65219098e+01  3.65875504e+02  1.79999357e+02
 3.68694506e+02  4.65219098e+01  3.68694506e+02  1.79999352e+02
 3.71535229e+02  4.65219098e+01  3.71535229e+02  1.79999347e+02
 3.74397839e+02  4.65219098e+01  3.74397839e+02  1.79999342e+02
 3.77282505e+02  4.65219098e+01  3.77282505e+02  1.79999337e+02
 3.80189396e+02  4.65219098e+01  3.80189396e+02  1.79999331e+02
 3.83118685e+02  4.65219098e+01  3.83118685e+02  1.79999326e+02
 3.86070543e+02  4.65219098e+01  3.86070543e+02  1.79999321e+02
 3.89045145e+02  4.65219098e+01  3.89045145e+02  1.79999316e+02
 3.92042666e+02  4.65219098e+01  3.92042666e+02  1.79999311e+02
 3.95063281e+02  4.65219098e+01  3.95063281e+02  1.79999305e+02
 3.98107171e+02  4.65219098e+01  3.98107171e+02  1.79999300e+02
 4.01174512e+02  4.65219098e+01  4.01174512e+02  1.79999295e+02
 4.04265487e+02  4.65219098e+01  4.04265487e+02  1.79999289e+02
 4.07380278e+02  4.65219098e+01  4.07380278e+02  1.79999284e+02
 4.10519067e+02  4.65219098e+01  4.10519067e+02  1.79999278e+02
 4.13682040e+02  4.65219098e+01  4.13682040e+02  1.79999273e+02
 4.16869383e+02  4.65219098e+01  4.16869383e+02  1.79999267e+02
 4.20081285e+02  4.65219098e+01  4.20081285e+02  1.79999261e+02
 4.23317933e+02  4.65219098e+01  4.23317933e+02  1.79999256e+02
 4.26579519e+02  4.65219098e+01  4.26579519e+02  1.79999250e+02
 4.29866235e+02  4.65219098e+01  4.29866235e+02  1.79999244e+02
 4.33178274e+02  4.65219098e+01  4.33178274e+02  1.79999238e+02
 4.36515832e+02  4.65219098e+01  4.36515832e+02  1.79999232e+02
 4.39879106e+02  4.65219098e+01  4.39879106e+02  1.79999226e+02
 4.43268292e+02  4.65219098e+01  4.43268292e+02  1.79999220e+02
 4.46683592e+02  4.65219098e+01  4.46683592e+02  1.79999214e+02
 4.50125206e+02  4.65219098e+01  4.50125206e+02  1.79999208e+02
 4.53593337e+02  4.65219098e+01  4.53593337e+02  1.79999202e+02
 4.57088190e+02  4.65219098e+01  4.57088190e+02  1.79999196e+02
 4.60609969e+02  4.65219098e+01  4.60609969e+02  1.79999190e+02
 4.64158883e+02  4.65219098e+01  4.64158883e+02  1.79999184e+02
 4.67735141e+02  4.65219098e+01  4.67735141e+02  1.79999177e+02
 4.71338954e+02  4.65219098e+01  4.71338954e+02  1.79999171e+02
 4.74970533e+02  4.65219098e+01  4.74970533e+02  1.79999165e+02
 4.78630092e+02  4.65219098e+01  4.78630092e+02  1.79999158e+02
 4.82317848e+02  4.65219098e+01  4.82317848e+02  1.79999152e+02
 4.86034018e+02  4.65219099e+01  4.86034018e+02  1.79999145e+02
 4.89778819e+02  4.65219099e+01  4.89778819e+02  1.79999139e+02
 4.93552474e+02  4.65219099e+01  4.93552474e+02  1.79999132e+02
 4.97355204e+02  4.65219099e+01  4.97355204e+02  1.79999125e+02
 5.01187234e+02  4.65219099e+01  5.01187234e+02  1.79999119e+02
 5.05048788e+02  4.65219099e+01  5.05048788e+02  1.79999112e+02
 5.08940095e+02  4.65219099e+01  5.08940095e+02  1.79999105e+02
 5.12861384e+02  4.65219099e+01  5.12861384e+02  1.79999098e+02
 5.16812886e+02  4.65219099e+01  5.16812886e+02  1.79999091e+02
 5.20794833e+02  4.65219099e+01  5.20794833e+02  1.79999084e+02
 5.24807460e+02  4.65219099e+01  5.24807460e+02  1.79999077e+02
 5.28851004e+02  4.65219099e+01  5.28851004e+02  1.79999070e+02
 5.32925703e+02  4.65219099e+01  5.32925703e+02  1.79999063e+02
 5.37031796e+02  4.65219099e+01  5.37031796e+02  1.79999056e+02
 5.41169527e+02  4.65219099e+01  5.41169527e+02  1.79999048e+02
 5.45339137e+02  4.65219099e+01  5.45339137e+02  1.79999041e+02
 5.49540874e+02  4.65219099e+01  5.49540874e+02  1.79999034e+02
 5.53774984e+02  4.65219099e+01  5.53774984e+02  1.79999026e+02
 5.58041717e+02  4.65219099e+01  5.58041717e+02  1.79999019e+02
 5.62341325e+02  4.65219099e+01  5.62341325e+02  1.79999011e+02
 5.66674061e+02  4.65219099e+01  5.66674061e+02  1.79999003e+02
 5.71040179e+02  4.65219099e+01  5.71040179e+02  1.79998996e+02
 5.75439937e+02  4.65219099e+01  5.75439937e+02  1.79998988e+02
 5.79873595e+02  4.65219099e+01  5.79873595e+02  1.79998980e+02
 5.84341413e+02  4.65219099e+01  5.84341413e+02  1.79998972e+02
 5.88843655e+02  4.65219099e+01  5.88843655e+02  1.79998964e+02
 5.93380586e+02  4.65219099e+01  5.93380586e+02  1.79998956e+02
 5.97952473e+02  4.65219099e+01  5.97952473e+02  1.79998948e+02
 6.02559586e+02  4.65219099e+01  6.02559586e+02  1.79998940e+02
 6.07202196e+02  4.65219100e+01  6.07202196e+02  1.79998932e+02
 6.11880576e+02  4.65219100e+01  6.11880576e+02  1.79998924e+02
 6.16595002e+02  4.65219100e+01  6.16595002e+02  1.79998916e+02
 6.21345752e+02  4.65219100e+01  6.21345752e+02  1.79998907e+02
 6.26133105e+02  4.65219100e+01  6.26133105e+02  1.79998899e+02
 6.30957344e+02  4.65219100e+01  6.30957344e+02  1.79998890e+02
 6.35818754e+02  4.65219100e+01  6.35818754e+02  1.79998882e+02
 6.40717619e+02  4.65219100e+01  6.40717619e+02  1.79998873e+02
 6.45654229e+02  4.65219100e+01  6.45654229e+02  1.79998865e+02
 6.50628875e+02  4.65219100e+01  6.50628875e+02  1.79998856e+02
 6.55641849e+02  4.65219100e+01  6.55641849e+02  1.79998847e+02
 6.60693448e+02  4.65219100e+01  6.60693448e+02  1.79998838e+02
 6.65783968e+02  4.65219100e+01  6.65783968e+02  1.79998829e+02
 6.70913710e+02  4.65219100e+01  6.70913710e+02  1.79998820e+02
 6.76082975e+02  4.65219100e+01  6.76082975e+02  1.79998811e+02
 6.81292069e+02  4.65219100e+01  6.81292069e+02  1.79998802e+02
 6.86541298e+02  4.65219100e+01  6.86541298e+02  1.79998793e+02
 6.91830971e+02  4.65219100e+01  6.91830971e+02  1.79998783e+02
 6.97161400e+02  4.65219100e+01  6.97161400e+02  1.79998774e+02
 7.02532899e+02  4.65219100e+01  7.02532899e+02  1.79998765e+02
 7.07945784e+02  4.65219101e+01  7.07945784e+02  1.79998755e+02
 7.13400375e+02  4.65219101e+01  7.13400375e+02  1.79998745e+02
 7.18896992e+02  4.65219101e+01  7.18896992e+02  1.79998736e+02
 7.24435960e+02  4.65219101e+01  7.24435960e+02  1.79998726e+02
 7.30017605e+02  4.65219101e+01  7.30017605e+02  1.79998716e+02
 7.35642254e+02  4.65219101e+01  7.35642254e+02  1.79998706e+02
 7.41310241e+02  4.65219101e+01  7.41310241e+02  1.79998696e+02
 7.47021899e+02  4.65219101e+01  7.47021899e+02  1.79998686e+02
 7.52777564e+02  4.65219101e+01  7.52777564e+02  1.79998676e+02
 7.58577575e+02  4.65219101e+01  7.58577575e+02  1.79998666e+02
 7.64422274e+02  4.65219101e+01  7.64422274e+02  1.79998656e+02
 7.70312006e+02  4.65219101e+01  7.70312006e+02  1.79998645e+02
 7.76247117e+02  4.65219101e+01  7.76247117e+02  1.79998635e+02
 7.82227956e+02  4.65219101e+01  7.82227956e+02  1.79998624e+02
 7.88254877e+02  4.65219101e+01  7.88254877e+02  1.79998614e+02
 7.94328235e+02  4.65219102e+01  7.94328235e+02  1.79998603e+02
 8.00448386e+02  4.65219102e+01  8.00448386e+02  1.79998592e+02
 8.06615692e+02  4.65219102e+01  8.06615692e+02  1.79998582e+02
 8.12830516e+02  4.65219102e+01  8.12830516e+02  1.79998571e+02
 8.19093224e+02  4.65219102e+01  8.19093224e+02  1.79998560e+02
 8.25404185e+02  4.65219102e+01  8.25404185e+02  1.79998548e+02
 8.31763771e+02  4.65219102e+01  8.31763771e+02  1.79998537e+02
 8.38172356e+02  4.65219102e+01  8.38172356e+02  1.79998526e+02
 8.44630319e+02  4.65219102e+01  8.44630319e+02  1.79998515e+02
 8.51138038e+02  4.65219102e+01  8.51138038e+02  1.79998503e+02
 8.57695899e+02  4.65219102e+01  8.57695899e+02  1.79998492e+02
 8.64304286e+02  4.65219102e+01  8.64304286e+02  1.79998480e+02
 8.70963590e+02  4.65219102e+01  8.70963590e+02  1.79998468e+02
 8.77674203e+02  4.65219103e+01  8.77674203e+02  1.79998457e+02
 8.84436519e+02  4.65219103e+01  8.84436519e+02  1.79998445e+02
 8.91250938e+02  4.65219103e+01  8.91250938e+02  1.79998433e+02
 8.98117861e+02  4.65219103e+01  8.98117861e+02  1.79998421e+02
 9.05037692e+02  4.65219103e+01  9.05037692e+02  1.79998408e+02
 9.12010839e+02  4.65219103e+01  9.12010839e+02  1.79998396e+02
 9.19037713e+02  4.65219103e+01  9.19037713e+02  1.79998384e+02
 9.26118728e+02  4.65219103e+01  9.26118728e+02  1.79998371e+02
 9.33254301e+02  4.65219103e+01  9.33254301e+02  1.79998359e+02
 9.40444852e+02  4.65219103e+01  9.40444852e+02  1.79998346e+02
 9.47690805e+02  4.65219104e+01  9.47690805e+02  1.79998333e+02
 9.54992586e+02  4.65219104e+01  9.54992586e+02  1.79998321e+02
 9.62350626e+02  4.65219104e+01  9.62350626e+02  1.79998308e+02
 9.69765359e+02  4.65219104e+01  9.69765359e+02  1.79998295e+02
 9.77237221e+02  4.65219104e+01  9.77237221e+02  1.79998281e+02
 9.84766652e+02  4.65219104e+01  9.84766652e+02  1.79998268e+02
 9.92354096e+02  4.65219104e+01  9.92354096e+02  1.79998255e+02
 1.00000000e+03  4.65219104e+01  1.00000000e+03  1.79998241e+02
 1.00770481e+03  4.65219104e+01  1.00770481e+03  1.79998228e+02
 1.01546899e+03  4.65219105e+01  1.01546899e+03  1.79998214e+02
 1.02329299e+03  4.65219105e+01  1.02329299e+03  1.79998200e+02
 1.03117727e+03  4.65219105e+01  1.03117727e+03  1.79998187e+02
 1.03912230e+03  4.65219105e+01  1.03912230e+03  1.79998173e+02
 1.04712855e+03  4.65219105e+01  1.04712855e+03  1.79998159e+02
 1.05519648e+03  4.65219105e+01  1.05519648e+03  1.79998144e+02
 1.06332657e+03  4.65219105e+01  1.06332657e+03  1.79998130e+02
 1.07151931e+03  4.65219105e+01  1.07151931e+03  1.79998116e+02
 1.07977516e+03  4.65219106e+01  1.07977516e+03  1.79998101e+02
 1.08809463e+03  4.65219106e+01  1.08809463e+03  1.79998087e+02
 1.09647820e+03  4.65219106e+01  1.09647820e+03  1.79998072e+02
 1.10492636e+03  4.65219106e+01  1.10492636e+03  1.79998057e+02
 1.11343961e+03  4.65219106e+01  1.11343961e+03  1.79998042e+02
 1.12201845e+03  4.65219106e+01  1.12201845e+03  1.79998027e+02
 1.13066340e+03  4.65219106e+01  1.13066340e+03  1.79998012e+02
 1.13937495e+03  4.65219107e+01  1.13937495e+03  1.79997996e+02
 1.14815362e+03  4.65219107e+01  1.14815362e+03  1.79997981e+02
 1.15699993e+03  4.65219107e+01  1.15699993e+03  1.79997965e+02
 1.16591440e+03  4.65219107e+01  1.16591440e+03  1.79997950e+02
 1.17489755e+03  4.65219107e+01  1.17489755e+03  1.79997934e+02
 1.18394992e+03  4.65219107e+01  1.18394992e+03  1.79997918e+02
 1.19307204e+03  4.65219107e+01  1.19307204e+03  1.79997902e+02
 1.20226443e+03  4.65219108e+01  1.20226443e+03  1.79997886e+02
 1.21152766e+03  4.65219108e+01  1.21152766e+03  1.79997869e+02
 1.22086225e+03  4.65219108e+01  1.22086225e+03  1.79997853e+02
 1.23026877e+03  4.65219108e+01  1.23026877e+03  1.79997836e+02
 1.23974776e+03  4.65219108e+01  1.23974776e+03  1.79997820e+02
 1.24929979e+03  4.65219109e+01  1.24929979e+03  1.79997803e+02
 1.25892541e+03  4.65219109e+01  1.25892541e+03  1.79997786e+02
 1.26862520e+03  4.65219109e+01  1.26862520e+03  1.79997769e+02
 1.27839972e+03  4.65219109e+01  1.27839972e+03  1.79997752e+02
 1.28824955e+03  4.65219109e+01  1.28824955e+03  1.79997735e+02
 1.29817528e+03  4.65219109e+01  1.29817528e+03  1.79997717e+02
 1.30817747e+03  4.65219110e+01  1.30817747e+03  1.79997699e+02
 1.31825674e+03  4.65219110e+01  1.31825674e+03  1.79997682e+02
 1.32841366e+03  4.65219110e+01  1.32841366e+03  1.79997664e+02
 1.33864884e+03  4.65219110e+01  1.33864884e+03  1.79997646e+02
 1.34896288e+03  4.65219110e+01  1.34896288e+03  1.79997628e+02
 1.35935639e+03  4.65219111e+01  1.35935639e+03  1.79997609e+02
 1.36982998e+03  4.65219111e+01  1.36982998e+03  1.79997591e+02
 1.38038426e+03  4.65219111e+01  1.38038426e+03  1.79997572e+02
 1.39101987e+03  4.65219111e+01  1.39101987e+03  1.79997554e+02
 1.40173742e+03  4.65219112e+01  1.40173742e+03  1.79997535e+02
 1.41253754e+03  4.65219112e+01  1.41253754e+03  1.79997516e+02
 1.42342088e+03  4.65219112e+01  1.42342088e+03  1.79997497e+02
 1.43438808e+03  4.65219112e+01  1.43438808e+03  1.79997478e+02
 1.44543977e+03  4.65219113e+01  1.44543977e+03  1.79997458e+02
 1.45657662e+03  4.65219113e+01  1.45657662e+03  1.79997439e+02
 1.46779927e+03  4.65219113e+01  1.46779927e+03  1.79997419e+02
 1.47910839e+03  4.65219113e+01  1.47910839e+03  1.79997399e+02
 1.49050464e+03  4.65219114e+01  1.49050464e+03  1.79997379e+02
 1.50198870e+03  4.65219114e+01  1.50198870e+03  1.79997359e+02
 1.51356125e+03  4.65219114e+01  1.51356125e+03  1.79997338e+02
 1.52522296e+03  4.65219114e+01  1.52522296e+03  1.79997318e+02
 1.53697452e+03  4.65219115e+01  1.53697452e+03  1.79997297e+02
 1.54881662e+03  4.65219115e+01  1.54881662e+03  1.79997276e+02
 1.56074996e+03  4.65219115e+01  1.56074996e+03  1.79997255e+02
 1.57277525e+03  4.65219115e+01  1.57277525e+03  1.79997234e+02
 1.58489319e+03  4.65219116e+01  1.58489319e+03  1.79997213e+02
 1.59710450e+03  4.65219116e+01  1.59710450e+03  1.79997191e+02
 1.60940989e+03  4.65219116e+01  1.60940989e+03  1.79997170e+02
 1.62181010e+03  4.65219117e+01  1.62181010e+03  1.79997148e+02
 1.63430584e+03  4.65219117e+01  1.63430584e+03  1.79997126e+02
 1.64689787e+03  4.65219117e+01  1.64689787e+03  1.79997104e+02
 1.65958691e+03  4.65219118e+01  1.65958691e+03  1.79997082e+02
 1.67237372e+03  4.65219118e+01  1.67237372e+03  1.79997059e+02
 1.68525904e+03  4.65219118e+01  1.68525904e+03  1.79997036e+02
 1.69824365e+03  4.65219119e+01  1.69824365e+03  1.79997014e+02
 1.71132830e+03  4.65219119e+01  1.71132830e+03  1.79996991e+02
 1.72451377e+03  4.65219119e+01  1.72451377e+03  1.79996967e+02
 1.73780083e+03  4.65219120e+01  1.73780083e+03  1.79996944e+02
 1.75119026e+03  4.65219120e+01  1.75119026e+03  1.79996920e+02
 1.76468286e+03  4.65219120e+01  1.76468286e+03  1.79996897e+02
 1.77827941e+03  4.65219121e+01  1.77827941e+03  1.79996873e+02
 1.79198072e+03  4.65219121e+01  1.79198072e+03  1.79996849e+02
 1.80578760e+03  4.65219121e+01  1.80578760e+03  1.79996824e+02
 1.81970086e+03  4.65219122e+01  1.81970086e+03  1.79996800e+02
 1.83372132e+03  4.65219122e+01  1.83372132e+03  1.79996775e+02
 1.84784980e+03  4.65219123e+01  1.84784980e+03  1.79996750e+02
 1.86208714e+03  4.65219123e+01  1.86208714e+03  1.79996725e+02
 1.87643417e+03  4.65219123e+01  1.87643417e+03  1.79996700e+02
 1.89089175e+03  4.65219124e+01  1.89089175e+03  1.79996675e+02
 1.90546072e+03  4.65219124e+01  1.90546072e+03  1.79996649e+02
 1.92014194e+03  4.65219125e+01  1.92014194e+03  1.79996623e+02
 1.93493628e+03  4.65219125e+01  1.93493628e+03  1.79996597e+02
 1.94984460e+03  4.65219125e+01  1.94984460e+03  1.79996571e+02
 1.96486779e+03  4.65219126e+01  1.96486779e+03  1.79996545e+02
 1.98000673e+03  4.65219126e+01  1.98000673e+03  1.79996518e+02
 1.99526231e+03  4.65219127e+01  1.99526231e+03  1.79996491e+02
 2.01063544e+03  4.65219127e+01  2.01063544e+03  1.79996464e+02
 2.02612701e+03  4.65219128e+01  2.02612701e+03  1.79996437e+02
 2.04173794e+03  4.65219128e+01  2.04173794e+03  1.79996409e+02
 2.05746916e+03  4.65219129e+01  2.05746916e+03  1.79996382e+02
 2.07332157e+03  4.65219129e+01  2.07332157e+03  1.79996354e+02
 2.08929613e+03  4.65219130e+01  2.08929613e+03  1.79996326e+02
 2.10539377e+03  4.65219130e+01  2.10539377e+03  1.79996298e+02
 2.12161544e+03  4.65219131e+01  2.12161544e+03  1.79996269e+02
 2.13796209e+03  4.65219131e+01  2.13796209e+03  1.79996240e+02
 2.15443469e+03  4.65219132e+01  2.15443469e+03  1.79996211e+02
 2.17103421e+03  4.65219132e+01  2.17103421e+03  1.79996182e+02
 2.18776162e+03  4.65219133e+01  2.18776162e+03  1.79996153e+02
 2.20461792e+03  4.65219133e+01  2.20461792e+03  1.79996123e+02
 2.22160409e+03  4.65219134e+01  2.22160409e+03  1.79996093e+02
 2.23872114e+03  4.65219135e+01  2.23872114e+03  1.79996063e+02
 2.25597007e+03  4.65219135e+01  2.25597007e+03  1.79996033e+02
 2.27335190e+03  4.65219136e+01  2.27335190e+03  1.79996002e+02
 2.29086765e+03  4.65219136e+01  2.29086765e+03  1.79995971e+02
 2.30851836e+03  4.65219137e+01  2.30851836e+03  1.79995940e+02
 2.32630507e+03  4.65219138e+01  2.32630507e+03  1.79995909e+02
 2.34422882e+03  4.65219138e+01  2.34422882e+03  1.79995878e+02
 2.36229066e+03  4.65219139e+01  2.36229066e+03  1.79995846e+02
 2.38049167e+03  4.65219140e+01  2.38049167e+03  1.79995814e+02
 2.39883292e+03  4.65219140e+01  2.39883292e+03  1.79995781e+02
 2.41731548e+03  4.65219141e+01  2.41731548e+03  1.79995749e+02
 2.43594045e+03  4.65219142e+01  2.43594045e+03  1.79995716e+02
 2.45470892e+03  4.65219142e+01  2.45470892e+03  1.79995683e+02
 2.47362199e+03  4.65219143e+01  2.47362199e+03  1.79995650e+02
 2.49268079e+03  4.65219144e+01  2.49268079e+03  1.79995616e+02
 2.51188643e+03  4.65219144e+01  2.51188643e+03  1.79995583e+02
 2.53124005e+03  4.65219145e+01  2.53124005e+03  1.79995549e+02
 2.55074278e+03  4.65219146e+01  2.55074278e+03  1.79995514e+02
 2.57039578e+03  4.65219147e+01  2.57039578e+03  1.79995480e+02
 2.59020020e+03  4.65219147e+01  2.59020020e+03  1.79995445e+02
 2.61015722e+03  4.65219148e+01  2.61015722e+03  1.79995410e+02
 2.63026799e+03  4.65219149e+01  2.63026799e+03  1.79995374e+02
 2.65053372e+03  4.65219150e+01  2.65053372e+03  1.79995339e+02
 2.67095559e+03  4.65219151e+01  2.67095559e+03  1.79995303e+02
 2.69153480e+03  4.65219152e+01  2.69153480e+03  1.79995267e+02
 2.71227258e+03  4.65219152e+01  2.71227258e+03  1.79995230e+02
 2.73317014e+03  4.65219153e+01  2.73317014e+03  1.79995194e+02
 2.75422870e+03  4.65219154e+01  2.75422870e+03  1.79995156e+02
 2.77544952e+03  4.65219155e+01  2.77544952e+03  1.79995119e+02
 2.79683385e+03  4.65219156e+01  2.79683385e+03  1.79995082e+02
 2.81838293e+03  4.65219157e+01  2.81838293e+03  1.79995044e+02
 2.84009805e+03  4.65219158e+01  2.84009805e+03  1.79995005e+02
 2.86198048e+03  4.65219159e+01  2.86198048e+03  1.79994967e+02
 2.88403150e+03  4.65219160e+01  2.88403150e+03  1.79994928e+02
 2.90625243e+03  4.65219161e+01  2.90625243e+03  1.79994889e+02
 2.92864456e+03  4.65219162e+01  2.92864456e+03  1.79994850e+02
 2.95120923e+03  4.65219163e+01  2.95120923e+03  1.79994810e+02
 2.97394775e+03  4.65219164e+01  2.97394775e+03  1.79994770e+02
 2.99686146e+03  4.65219165e+01  2.99686146e+03  1.79994730e+02
 3.01995172e+03  4.65219166e+01  3.01995172e+03  1.79994689e+02
 3.04321989e+03  4.65219167e+01  3.04321989e+03  1.79994648e+02
 3.06666733e+03  4.65219168e+01  3.06666733e+03  1.79994607e+02
 3.09029543e+03  4.65219169e+01  3.09029543e+03  1.79994565e+02
 3.11410558e+03  4.65219170e+01  3.11410558e+03  1.79994524e+02
 3.13809919e+03  4.65219171e+01  3.13809919e+03  1.79994481e+02
 3.16227766e+03  4.65219172e+01  3.16227766e+03  1.79994439e+02
 3.18664242e+03  4.65219174e+01  3.18664242e+03  1.79994396e+02
 3.21119491e+03  4.65219175e+01  3.21119491e+03  1.79994353e+02
 3.23593657e+03  4.65219176e+01  3.23593657e+03  1.79994309e+02
 3.26086886e+03  4.65219177e+01  3.26086886e+03  1.79994266e+02
 3.28599325e+03  4.65219178e+01  3.28599325e+03  1.79994221e+02
 3.31131121e+03  4.65219180e+01  3.31131121e+03  1.79994177e+02
 3.33682425e+03  4.65219181e+01  3.33682425e+03  1.79994132e+02
 3.36253386e+03  4.65219182e+01  3.36253386e+03  1.79994087e+02
 3.38844156e+03  4.65219184e+01  3.38844156e+03  1.79994041e+02
 3.41454887e+03  4.65219185e+01  3.41454887e+03  1.79993995e+02
 3.44085734e+03  4.65219186e+01  3.44085734e+03  1.79993949e+02
 3.46736850e+03  4.65219188e+01  3.46736850e+03  1.79993902e+02
 3.49408393e+03  4.65219189e+01  3.49408393e+03  1.79993855e+02
 3.52100520e+03  4.65219191e+01  3.52100520e+03  1.79993808e+02
 3.54813389e+03  4.65219192e+01  3.54813389e+03  1.79993760e+02
 3.57547160e+03  4.65219193e+01  3.57547160e+03  1.79993712e+02
 3.60301995e+03  4.65219195e+01  3.60301995e+03  1.79993664e+02
 3.63078055e+03  4.65219196e+01  3.63078055e+03  1.79993615e+02
 3.65875504e+03  4.65219198e+01  3.65875504e+03  1.79993566e+02
 3.68694506e+03  4.65219200e+01  3.68694506e+03  1.79993516e+02
 3.71535229e+03  4.65219201e+01  3.71535229e+03  1.79993466e+02
 3.74397839e+03  4.65219203e+01  3.74397839e+03  1.79993416e+02
 3.77282505e+03  4.65219204e+01  3.77282505e+03  1.79993365e+02
 3.80189396e+03  4.65219206e+01  3.80189396e+03  1.79993314e+02
 3.83118685e+03  4.65219208e+01  3.83118685e+03  1.79993263e+02
 3.86070543e+03  4.65219209e+01  3.86070543e+03  1.79993211e+02
 3.89045145e+03  4.65219211e+01  3.89045145e+03  1.79993158e+02
 3.92042666e+03  4.65219213e+01  3.92042666e+03  1.79993106e+02
 3.95063281e+03  4.65219215e+01  3.95063281e+03  1.79993053e+02
 3.98107171e+03  4.65219217e+01  3.98107171e+03  1.79992999e+02
 4.01174512e+03  4.65219218e+01  4.01174512e+03  1.79992945e+02
 4.04265487e+03  4.65219220e+01  4.04265487e+03  1.79992891e+02
 4.07380278e+03  4.65219222e+01  4.07380278e+03  1.79992836e+02
 4.10519067e+03  4.65219224e+01  4.10519067e+03  1.79992781e+02
 4.13682040e+03  4.65219226e+01  4.13682040e+03  1.79992725e+02
 4.16869383e+03  4.65219228e+01  4.16869383e+03  1.79992669e+02
 4.20081285e+03  4.65219230e+01  4.20081285e+03  1.79992613e+02
 4.23317933e+03  4.65219232e+01  4.23317933e+03  1.79992556e+02
 4.26579519e+03  4.65219234e+01  4.26579519e+03  1.79992498e+02
 4.29866235e+03  4.65219237e+01  4.29866235e+03  1.79992440e+02
 4.33178274e+03  4.65219239e+01  4.33178274e+03  1.79992382e+02
 4.36515832e+03  4.65219241e+01  4.36515832e+03  1.79992324e+02
 4.39879106e+03  4.65219243e+01  4.39879106e+03  1.79992264e+02
 4.43268292e+03  4.65219245e+01  4.43268292e+03  1.79992205e+02
 4.46683592e+03  4.65219248e+01  4.46683592e+03  1.79992145e+02
 4.50125206e+03  4.65219250e+01  4.50125206e+03  1.79992084e+02
 4.53593337e+03  4.65219252e+01  4.53593337e+03  1.79992023e+02
 4.57088190e+03  4.65219255e+01  4.57088190e+03  1.79991962e+02
 4.60609969e+03  4.65219257e+01  4.60609969e+03  1.79991900e+02
 4.64158883e+03  4.65219260e+01  4.64158883e+03  1.79991837e+02
 4.67735141e+03  4.65219262e+01  4.67735141e+03  1.79991775e+02
 4.71338954e+03  4.65219265e+01  4.71338954e+03  1.79991711e+02
 4.74970533e+03  4.65219267e+01  4.74970533e+03  1.79991647e+02
 4.78630092e+03  4.65219270e+01  4.78630092e+03  1.79991583e+02
 4.82317848e+03  4.65219273e+01  4.82317848e+03  1.79991518e+02
 4.86034018e+03  4.65219275e+01  4.86034018e+03  1.79991453e+02
 4.89778819e+03  4.65219278e+01  4.89778819e+03  1.79991387e+02
 4.93552474e+03  4.65219281e+01  4.93552474e+03  1.79991321e+02
 4.97355204e+03  4.65219284e+01  4.97355204e+03  1.79991254e+02
 5.01187234e+03  4.65219287e+01  5.01187234e+03  1.79991186e+02
 5.05048788e+03  4.65219290e+01  5.05048788e+03  1.79991118e+02
 5.08940095e+03  4.65219293e+01  5.08940095e+03  1.79991050e+02
 5.12861384e+03  4.65219296e+01  5.12861384e+03  1.79990981e+02
 5.16812886e+03  4.65219299e+01  5.16812886e+03  1.79990911e+02
 5.20794833e+03  4.65219302e+01  5.20794833e+03  1.79990841e+02
 5.24807460e+03  4.65219305e+01  5.24807460e+03  1.79990771e+02
 5.28851004e+03  4.65219308e+01  5.28851004e+03  1.79990700e+02
 5.32925703e+03  4.65219312e+01  5.32925703e+03  1.79990628e+02
 5.37031796e+03  4.65219315e+01  5.37031796e+03  1.79990556e+02
 5.41169527e+03  4.65219318e+01  5.41169527e+03  1.79990483e+02
 5.45339137e+03  4.65219322e+01  5.45339137e+03  1.79990410e+02
 5.49540874e+03  4.65219325e+01  5.49540874e+03  1.79990336e+02
 5.53774984e+03  4.65219329e+01  5.53774984e+03  1.79990261e+02
 5.58041717e+03  4.65219332e+01  5.58041717e+03  1.79990186e+02
 5.62341325e+03  4.65219336e+01  5.62341325e+03  1.79990111e+02
 5.66674061e+03  4.65219340e+01  5.66674061e+03  1.79990035e+02
 5.71040179e+03  4.65219343e+01  5.71040179e+03  1.79989958e+02
 5.75439937e+03  4.65219347e+01  5.75439937e+03  1.79989880e+02
 5.79873595e+03  4.65219351e+01  5.79873595e+03  1.79989802e+02
 5.84341413e+03  4.65219355e+01  5.84341413e+03  1.79989724e+02
 5.88843655e+03  4.65219359e+01  5.88843655e+03  1.79989645e+02
 5.93380586e+03  4.65219363e+01  5.93380586e+03  1.79989565e+02
 5.97952473e+03  4.65219367e+01  5.97952473e+03  1.79989485e+02
 6.02559586e+03  4.65219371e+01  6.02559586e+03  1.79989404e+02
 6.07202196e+03  4.65219376e+01  6.07202196e+03  1.79989322e+02
 6.11880576e+03  4.65219380e+01  6.11880576e+03  1.79989240e+02
 6.16595002e+03  4.65219384e+01  6.16595002e+03  1.79989157e+02
 6.21345752e+03  4.65219389e+01  6.21345752e+03  1.79989073e+02
 6.26133105e+03  4.65219393e+01  6.26133105e+03  1.79988989e+02
 6.30957344e+03  4.65219398e+01  6.30957344e+03  1.79988904e+02
 6.35818754e+03  4.65219403e+01  6.35818754e+03  1.79988819e+02
 6.40717619e+03  4.65219407e+01  6.40717619e+03  1.79988732e+02
 6.45654229e+03  4.65219412e+01  6.45654229e+03  1.79988646e+02
 6.50628875e+03  4.65219417e+01  6.50628875e+03  1.79988558e+02
 6.55641849e+03  4.65219422e+01  6.55641849e+03  1.79988470e+02
 6.60693448e+03  4.65219427e+01  6.60693448e+03  1.79988381e+02
 6.65783968e+03  4.65219432e+01  6.65783968e+03  1.79988292e+02
 6.70913710e+03  4.65219437e+01  6.70913710e+03  1.79988201e+02
 6.76082975e+03  4.65219443e+01  6.76082975e+03  1.79988111e+02
 6.81292069e+03  4.65219448e+01  6.81292069e+03  1.79988019e+02
 6.86541298e+03  4.65219453e+01  6.86541298e+03  1.79987927e+02
 6.91830971e+03  4.65219459e+01  6.91830971e+03  1.79987834e+02
 6.97161400e+03  4.65219464e+01  6.97161400e+03  1.79987740e+02
 7.02532899e+03  4.65219470e+01  7.02532899e+03  1.79987645e+02
 7.07945784e+03  4.65219476e+01  7.07945784e+03  1.79987550e+02
 7.13400375e+03  4.65219482e+01  7.13400375e+03  1.79987454e+02
 7.18896992e+03  4.65219488e+01  7.18896992e+03  1.79987358e+02
 7.24435960e+03  4.65219494e+01  7.24435960e+03  1.79987260e+02
 7.30017605e+03  4.65219500e+01  7.30017605e+03  1.79987162e+02
 7.35642254e+03  4.65219506e+01  7.35642254e+03  1.79987063e+02
 7.41310241e+03  4.65219512e+01  7.41310241e+03  1.79986963e+02
 7.47021899e+03  4.65219519e+01  7.47021899e+03  1.79986863e+02
 7.52777564e+03  4.65219525e+01  7.52777564e+03  1.79986762e+02
 7.58577575e+03  4.65219532e+01  7.58577575e+03  1.79986660e+02
 7.64422274e+03  4.65219539e+01  7.64422274e+03  1.79986557e+02
 7.70312006e+03  4.65219546e+01  7.70312006e+03  1.79986453e+02
 7.76247117e+03  4.65219553e+01  7.76247117e+03  1.79986349e+02
 7.82227956e+03  4.65219560e+01  7.82227956e+03  1.79986244e+02
 7.88254877e+03  4.65219567e+01  7.88254877e+03  1.79986138e+02
 7.94328235e+03  4.65219574e+01  7.94328235e+03  1.79986031e+02
 8.00448386e+03  4.65219581e+01  8.00448386e+03  1.79985923e+02
 8.06615692e+03  4.65219589e+01  8.06615692e+03  1.79985815e+02
 8.12830516e+03  4.65219597e+01  8.12830516e+03  1.79985706e+02
 8.19093224e+03  4.65219604e+01  8.19093224e+03  1.79985596e+02
 8.25404185e+03  4.65219612e+01  8.25404185e+03  1.79985485e+02
 8.31763771e+03  4.65219620e+01  8.31763771e+03  1.79985373e+02
 8.38172356e+03  4.65219628e+01  8.38172356e+03  1.79985260e+02
 8.44630319e+03  4.65219636e+01  8.44630319e+03  1.79985146e+02
 8.51138038e+03  4.65219645e+01  8.51138038e+03  1.79985032e+02
 8.57695899e+03  4.65219653e+01  8.57695899e+03  1.79984917e+02
 8.64304286e+03  4.65219662e+01  8.64304286e+03  1.79984800e+02
 8.70963590e+03  4.65219671e+01  8.70963590e+03  1.79984683e+02
 8.77674203e+03  4.65219679e+01  8.77674203e+03  1.79984565e+02
 8.84436519e+03  4.65219689e+01  8.84436519e+03  1.79984446e+02
 8.91250938e+03  4.65219698e+01  8.91250938e+03  1.79984327e+02
 8.98117861e+03  4.65219707e+01  8.98117861e+03  1.79984206e+02
 9.05037692e+03  4.65219716e+01  9.05037692e+03  1.79984084e+02
 9.12010839e+03  4.65219726e+01  9.12010839e+03  1.79983961e+02
 9.19037713e+03  4.65219736e+01  9.19037713e+03  1.79983838e+02
 9.26118728e+03  4.65219746e+01  9.26118728e+03  1.79983713e+02
 9.33254301e+03  4.65219756e+01  9.33254301e+03  1.79983588e+02
 9.40444852e+03  4.65219766e+01  9.40444852e+03  1.79983461e+02
 9.47690805e+03  4.65219776e+01  9.47690805e+03  1.79983334e+02
 9.54992586e+03  4.65219787e+01  9.54992586e+03  1.79983206e+02
 9.62350626e+03  4.65219797e+01  9.62350626e+03  1.79983076e+02
 9.69765359e+03  4.65219808e+01  9.69765359e+03  1.79982946e+02
 9.77237221e+03  4.65219819e+01  9.77237221e+03  1.79982814e+02
 9.84766652e+03  4.65219830e+01  9.84766652e+03  1.79982682e+02
 9.92354096e+03  4.65219842e+01  9.92354096e+03  1.79982549e+02
 1.00000000e+04  4.65219853e+01  1.00000000e+04  1.79982414e+02
 1.00770481e+04  4.65219865e+01  1.00770481e+04  1.79982279e+02
 1.01546899e+04  4.65219877e+01  1.01546899e+04  1.79982142e+02
 1.02329299e+04  4.65219889e+01  1.02329299e+04  1.79982004e+02
 1.03117727e+04  4.65219901e+01  1.03117727e+04  1.79981866e+02
 1.03912230e+04  4.65219914e+01  1.03912230e+04  1.79981726e+02
 1.04712855e+04  4.65219926e+01  1.04712855e+04  1.79981585e+02
 1.05519648e+04  4.65219939e+01  1.05519648e+04  1.79981443e+02
 1.06332657e+04  4.65219952e+01  1.06332657e+04  1.79981300e+02
 1.07151931e+04  4.65219965e+01  1.07151931e+04  1.79981156e+02
 1.07977516e+04  4.65219979e+01  1.07977516e+04  1.79981011e+02
 1.08809463e+04  4.65219992e+01  1.08809463e+04  1.79980865e+02
 1.09647820e+04  4.65220006e+01  1.09647820e+04  1.79980717e+02
 1.10492636e+04  4.65220020e+01  1.10492636e+04  1.79980569e+02
 1.11343961e+04  4.65220035e+01  1.11343961e+04  1.79980419e+02
 1.12201845e+04  4.65220049e+01  1.12201845e+04  1.79980268e+02
 1.13066340e+04  4.65220064e+01  1.13066340e+04  1.79980116e+02
 1.13937495e+04  4.65220079e+01  1.13937495e+04  1.79979963e+02
 1.14815362e+04  4.65220094e+01  1.14815362e+04  1.79979809e+02
 1.15699993e+04  4.65220109e+01  1.15699993e+04  1.79979653e+02
 1.16591440e+04  4.65220125e+01  1.16591440e+04  1.79979496e+02
 1.17489755e+04  4.65220141e+01  1.17489755e+04  1.79979338e+02
 1.18394992e+04  4.65220157e+01  1.18394992e+04  1.79979179e+02
 1.19307204e+04  4.65220174e+01  1.19307204e+04  1.79979019e+02
 1.20226443e+04  4.65220190e+01  1.20226443e+04  1.79978857e+02
 1.21152766e+04  4.65220207e+01  1.21152766e+04  1.79978694e+02
 1.22086225e+04  4.65220224e+01  1.22086225e+04  1.79978530e+02
 1.23026877e+04  4.65220242e+01  1.23026877e+04  1.79978364e+02
 1.23974776e+04  4.65220260e+01  1.23974776e+04  1.79978198e+02
 1.24929979e+04  4.65220278e+01  1.24929979e+04  1.79978030e+02
 1.25892541e+04  4.65220296e+01  1.25892541e+04  1.79977860e+02
 1.26862520e+04  4.65220314e+01  1.26862520e+04  1.79977690e+02
 1.27839972e+04  4.65220333e+01  1.27839972e+04  1.79977518e+02
 1.28824955e+04  4.65220352e+01  1.28824955e+04  1.79977345e+02
 1.29817528e+04  4.65220372e+01  1.29817528e+04  1.79977170e+02
 1.30817747e+04  4.65220391e+01  1.30817747e+04  1.79976994e+02
 1.31825674e+04  4.65220411e+01  1.31825674e+04  1.79976817e+02
 1.32841366e+04  4.65220432e+01  1.32841366e+04  1.79976638e+02
 1.33864884e+04  4.65220452e+01  1.33864884e+04  1.79976458e+02
 1.34896288e+04  4.65220473e+01  1.34896288e+04  1.79976277e+02
 1.35935639e+04  4.65220495e+01  1.35935639e+04  1.79976094e+02
 1.36982998e+04  4.65220516e+01  1.36982998e+04  1.79975910e+02
 1.38038426e+04  4.65220538e+01  1.38038426e+04  1.79975724e+02
 1.39101987e+04  4.65220561e+01  1.39101987e+04  1.79975537e+02
 1.40173742e+04  4.65220583e+01  1.40173742e+04  1.79975349e+02
 1.41253754e+04  4.65220606e+01  1.41253754e+04  1.79975159e+02
 1.42342088e+04  4.65220630e+01  1.42342088e+04  1.79974967e+02
 1.43438808e+04  4.65220653e+01  1.43438808e+04  1.79974775e+02
 1.44543977e+04  4.65220677e+01  1.44543977e+04  1.79974580e+02
 1.45657662e+04  4.65220702e+01  1.45657662e+04  1.79974384e+02
 1.46779927e+04  4.65220727e+01  1.46779927e+04  1.79974187e+02
 1.47910839e+04  4.65220752e+01  1.47910839e+04  1.79973988e+02
 1.49050464e+04  4.65220777e+01  1.49050464e+04  1.79973788e+02
 1.50198870e+04  4.65220803e+01  1.50198870e+04  1.79973586e+02
 1.51356125e+04  4.65220830e+01  1.51356125e+04  1.79973382e+02
 1.52522296e+04  4.65220857e+01  1.52522296e+04  1.79973177e+02
 1.53697452e+04  4.65220884e+01  1.53697452e+04  1.79972970e+02
 1.54881662e+04  4.65220912e+01  1.54881662e+04  1.79972762e+02
 1.56074996e+04  4.65220940e+01  1.56074996e+04  1.79972552e+02
 1.57277525e+04  4.65220968e+01  1.57277525e+04  1.79972341e+02
 1.58489319e+04  4.65220997e+01  1.58489319e+04  1.79972128e+02
 1.59710450e+04  4.65221026e+01  1.59710450e+04  1.79971913e+02
 1.60940989e+04  4.65221056e+01  1.60940989e+04  1.79971696e+02
 1.62181010e+04  4.65221087e+01  1.62181010e+04  1.79971478e+02
 1.63430584e+04  4.65221117e+01  1.63430584e+04  1.79971258e+02
 1.64689787e+04  4.65221149e+01  1.64689787e+04  1.79971037e+02
 1.65958691e+04  4.65221180e+01  1.65958691e+04  1.79970814e+02
 1.67237372e+04  4.65221213e+01  1.67237372e+04  1.79970589e+02
 1.68525904e+04  4.65221245e+01  1.68525904e+04  1.79970362e+02
 1.69824365e+04  4.65221279e+01  1.69824365e+04  1.79970134e+02
 1.71132830e+04  4.65221312e+01  1.71132830e+04  1.79969904e+02
 1.72451377e+04  4.65221347e+01  1.72451377e+04  1.79969672e+02
 1.73780083e+04  4.65221381e+01  1.73780083e+04  1.79969438e+02
 1.75119026e+04  4.65221417e+01  1.75119026e+04  1.79969203e+02
 1.76468286e+04  4.65221453e+01  1.76468286e+04  1.79968965e+02
 1.77827941e+04  4.65221489e+01  1.77827941e+04  1.79968726e+02
 1.79198072e+04  4.65221526e+01  1.79198072e+04  1.79968485e+02
 1.80578760e+04  4.65221564e+01  1.80578760e+04  1.79968242e+02
 1.81970086e+04  4.65221602e+01  1.81970086e+04  1.79967998e+02
 1.83372132e+04  4.65221641e+01  1.83372132e+04  1.79967751e+02
 1.84784980e+04  4.65221680e+01  1.84784980e+04  1.79967503e+02
 1.86208714e+04  4.65221720e+01  1.86208714e+04  1.79967252e+02
 1.87643417e+04  4.65221761e+01  1.87643417e+04  1.79967000e+02
 1.89089175e+04  4.65221802e+01  1.89089175e+04  1.79966746e+02
 1.90546072e+04  4.65221844e+01  1.90546072e+04  1.79966489e+02
 1.92014194e+04  4.65221886e+01  1.92014194e+04  1.79966231e+02
 1.93493628e+04  4.65221929e+01  1.93493628e+04  1.79965971e+02
 1.94984460e+04  4.65221973e+01  1.94984460e+04  1.79965709e+02
 1.96486779e+04  4.65222018e+01  1.96486779e+04  1.79965444e+02
 1.98000673e+04  4.65222063e+01  1.98000673e+04  1.79965178e+02
 1.99526231e+04  4.65222109e+01  1.99526231e+04  1.79964910e+02
 2.01063544e+04  4.65222155e+01  2.01063544e+04  1.79964639e+02
 2.02612701e+04  4.65222203e+01  2.02612701e+04  1.79964367e+02
 2.04173794e+04  4.65222251e+01  2.04173794e+04  1.79964092e+02
 2.05746916e+04  4.65222299e+01  2.05746916e+04  1.79963816e+02
 2.07332157e+04  4.65222349e+01  2.07332157e+04  1.79963537e+02
 2.08929613e+04  4.65222399e+01  2.08929613e+04  1.79963256e+02
 2.10539377e+04  4.65222450e+01  2.10539377e+04  1.79962973e+02
 2.12161544e+04  4.65222502e+01  2.12161544e+04  1.79962687e+02
 2.13796209e+04  4.65222555e+01  2.13796209e+04  1.79962400e+02
 2.15443469e+04  4.65222608e+01  2.15443469e+04  1.79962110e+02
 2.17103421e+04  4.65222663e+01  2.17103421e+04  1.79961818e+02
 2.18776162e+04  4.65222718e+01  2.18776162e+04  1.79961524e+02
 2.20461792e+04  4.65222774e+01  2.20461792e+04  1.79961227e+02
 2.22160409e+04  4.65222831e+01  2.22160409e+04  1.79960929e+02
 2.23872114e+04  4.65222888e+01  2.23872114e+04  1.79960628e+02
 2.25597007e+04  4.65222947e+01  2.25597007e+04  1.79960324e+02
 2.27335190e+04  4.65223007e+01  2.27335190e+04  1.79960018e+02
 2.29086765e+04  4.65223067e+01  2.29086765e+04  1.79959710e+02
 2.30851836e+04  4.65223129e+01  2.30851836e+04  1.79959400e+02
 2.32630507e+04  4.65223191e+01  2.32630507e+04  1.79959087e+02
 2.34422882e+04  4.65223254e+01  2.34422882e+04  1.79958772e+02
 2.36229066e+04  4.65223319e+01  2.36229066e+04  1.79958454e+02
 2.38049167e+04  4.65223384e+01  2.38049167e+04  1.79958134e+02
 2.39883292e+04  4.65223450e+01  2.39883292e+04  1.79957811e+02
 2.41731548e+04  4.65223518e+01  2.41731548e+04  1.79957486e+02
 2.43594045e+04  4.65223586e+01  2.43594045e+04  1.79957159e+02
 2.45470892e+04  4.65223655e+01  2.45470892e+04  1.79956828e+02
 2.47362199e+04  4.65223726e+01  2.47362199e+04  1.79956496e+02
 2.49268079e+04  4.65223798e+01  2.49268079e+04  1.79956160e+02
 2.51188643e+04  4.65223870e+01  2.51188643e+04  1.79955823e+02
 2.53124005e+04  4.65223944e+01  2.53124005e+04  1.79955482e+02
 2.55074278e+04  4.65224019e+01  2.55074278e+04  1.79955139e+02
 2.57039578e+04  4.65224095e+01  2.57039578e+04  1.79954793e+02
 2.59020020e+04  4.65224173e+01  2.59020020e+04  1.79954445e+02
 2.61015722e+04  4.65224251e+01  2.61015722e+04  1.79954094e+02
 2.63026799e+04  4.65224331e+01  2.63026799e+04  1.79953740e+02
 2.65053372e+04  4.65224412e+01  2.65053372e+04  1.79953384e+02
 2.67095559e+04  4.65224494e+01  2.67095559e+04  1.79953024e+02
 2.69153480e+04  4.65224578e+01  2.69153480e+04  1.79952662e+02
 2.71227258e+04  4.65224662e+01  2.71227258e+04  1.79952298e+02
 2.73317014e+04  4.65224749e+01  2.73317014e+04  1.79951930e+02
 2.75422870e+04  4.65224836e+01  2.75422870e+04  1.79951560e+02
 2.77544952e+04  4.65224925e+01  2.77544952e+04  1.79951186e+02
 2.79683385e+04  4.65225015e+01  2.79683385e+04  1.79950810e+02
 2.81838293e+04  4.65225106e+01  2.81838293e+04  1.79950431e+02
 2.84009805e+04  4.65225199e+01  2.84009805e+04  1.79950049e+02
 2.86198048e+04  4.65225294e+01  2.86198048e+04  1.79949664e+02
 2.88403150e+04  4.65225389e+01  2.88403150e+04  1.79949276e+02
 2.90625243e+04  4.65225487e+01  2.90625243e+04  1.79948885e+02
 2.92864456e+04  4.65225586e+01  2.92864456e+04  1.79948491e+02
 2.95120923e+04  4.65225686e+01  2.95120923e+04  1.79948094e+02
 2.97394775e+04  4.65225788e+01  2.97394775e+04  1.79947694e+02
 2.99686146e+04  4.65225892e+01  2.99686146e+04  1.79947291e+02
 3.01995172e+04  4.65225997e+01  3.01995172e+04  1.79946885e+02
 3.04321989e+04  4.65226103e+01  3.04321989e+04  1.79946476e+02
 3.06666733e+04  4.65226212e+01  3.06666733e+04  1.79946063e+02
 3.09029543e+04  4.65226322e+01  3.09029543e+04  1.79945647e+02
 3.11410558e+04  4.65226434e+01  3.11410558e+04  1.79945228e+02
 3.13809919e+04  4.65226547e+01  3.13809919e+04  1.79944806e+02
 3.16227766e+04  4.65226662e+01  3.16227766e+04  1.79944381e+02
 3.18664242e+04  4.65226779e+01  3.18664242e+04  1.79943952e+02
 3.21119491e+04  4.65226898e+01  3.21119491e+04  1.79943520e+02
 3.23593657e+04  4.65227019e+01  3.23593657e+04  1.79943085e+02
 3.26086886e+04  4.65227142e+01  3.26086886e+04  1.79942646e+02
 3.28599325e+04  4.65227266e+01  3.28599325e+04  1.79942204e+02
 3.31131121e+04  4.65227392e+01  3.31131121e+04  1.79941759e+02
 3.33682425e+04  4.65227521e+01  3.33682425e+04  1.79941310e+02
 3.36253386e+04  4.65227651e+01  3.36253386e+04  1.79940858e+02
 3.38844156e+04  4.65227783e+01  3.38844156e+04  1.79940402e+02
 3.41454887e+04  4.65227918e+01  3.41454887e+04  1.79939942e+02
 3.44085734e+04  4.65228054e+01  3.44085734e+04  1.79939480e+02
 3.46736850e+04  4.65228193e+01  3.46736850e+04  1.79939013e+02
 3.49408393e+04  4.65228333e+01  3.49408393e+04  1.79938543e+02
 3.52100520e+04  4.65228476e+01  3.52100520e+04  1.79938069e+02
 3.54813389e+04  4.65228622e+01  3.54813389e+04  1.79937592e+02
 3.57547160e+04  4.65228769e+01  3.57547160e+04  1.79937111e+02
 3.60301995e+04  4.65228918e+01  3.60301995e+04  1.79936626e+02
 3.63078055e+04  4.65229070e+01  3.63078055e+04  1.79936138e+02
 3.65875504e+04  4.65229224e+01  3.65875504e+04  1.79935645e+02
 3.68694506e+04  4.65229381e+01  3.68694506e+04  1.79935149e+02
 3.71535229e+04  4.65229540e+01  3.71535229e+04  1.79934650e+02
 3.74397839e+04  4.65229702e+01  3.74397839e+04  1.79934146e+02
 3.77282505e+04  4.65229866e+01  3.77282505e+04  1.79933638e+02
 3.80189396e+04  4.65230033e+01  3.80189396e+04  1.79933127e+02
 3.83118685e+04  4.65230202e+01  3.83118685e+04  1.79932611e+02
 3.86070543e+04  4.65230374e+01  3.86070543e+04  1.79932092e+02
 3.89045145e+04  4.65230548e+01  3.89045145e+04  1.79931568e+02
 3.92042666e+04  4.65230725e+01  3.92042666e+04  1.79931041e+02
 3.95063281e+04  4.65230905e+01  3.95063281e+04  1.79930509e+02
 3.98107171e+04  4.65231087e+01  3.98107171e+04  1.79929974e+02
 4.01174512e+04  4.65231273e+01  4.01174512e+04  1.79929434e+02
 4.04265487e+04  4.65231462e+01  4.04265487e+04  1.79928890e+02
 4.07380278e+04  4.65231653e+01  4.07380278e+04  1.79928342e+02
 4.10519067e+04  4.65231847e+01  4.10519067e+04  1.79927789e+02
 4.13682040e+04  4.65232044e+01  4.13682040e+04  1.79927233e+02
 4.16869383e+04  4.65232245e+01  4.16869383e+04  1.79926672e+02
 4.20081285e+04  4.65232448e+01  4.20081285e+04  1.79926106e+02
 4.23317933e+04  4.65232655e+01  4.23317933e+04  1.79925537e+02
 4.26579519e+04  4.65232864e+01  4.26579519e+04  1.79924963e+02
 4.29866235e+04  4.65233077e+01  4.29866235e+04  1.79924384e+02
 4.33178274e+04  4.65233293e+01  4.33178274e+04  1.79923801e+02
 4.36515832e+04  4.65233513e+01  4.36515832e+04  1.79923214e+02
 4.39879106e+04  4.65233737e+01  4.39879106e+04  1.79922622e+02
 4.43268292e+04  4.65233963e+01  4.43268292e+04  1.79922025e+02
 4.46683592e+04  4.65234193e+01  4.46683592e+04  1.79921424e+02
 4.50125206e+04  4.65234427e+01  4.50125206e+04  1.79920819e+02
 4.53593337e+04  4.65234663e+01  4.53593337e+04  1.79920208e+02
 4.57088190e+04  4.65234904e+01  4.57088190e+04  1.79919593e+02
 4.60609969e+04  4.65235149e+01  4.60609969e+04  1.79918973e+02
 4.64158883e+04  4.65235397e+01  4.64158883e+04  1.79918348e+02
 4.67735141e+04  4.65235649e+01  4.67735141e+04  1.79917719e+02
 4.71338954e+04  4.65235906e+01  4.71338954e+04  1.79917084e+02
 4.74970533e+04  4.65236166e+01  4.74970533e+04  1.79916445e+02
 4.78630092e+04  4.65236429e+01  4.78630092e+04  1.79915801e+02
 4.82317848e+04  4.65236698e+01  4.82317848e+04  1.79915152e+02
 4.86034018e+04  4.65236970e+01  4.86034018e+04  1.79914498e+02
 4.89778819e+04  4.65237247e+01  4.89778819e+04  1.79913838e+02
 4.93552474e+04  4.65237527e+01  4.93552474e+04  1.79913174e+02
 4.97355204e+04  4.65237812e+01  4.97355204e+04  1.79912505e+02
 5.01187234e+04  4.65238102e+01  5.01187234e+04  1.79911830e+02
 5.05048788e+04  4.65238396e+01  5.05048788e+04  1.79911150e+02
 5.08940095e+04  4.65238695e+01  5.08940095e+04  1.79910465e+02
 5.12861384e+04  4.65238998e+01  5.12861384e+04  1.79909775e+02
 5.16812886e+04  4.65239306e+01  5.16812886e+04  1.79909079e+02
 5.20794833e+04  4.65239618e+01  5.20794833e+04  1.79908378e+02
 5.24807460e+04  4.65239936e+01  5.24807460e+04  1.79907671e+02
 5.28851004e+04  4.65240258e+01  5.28851004e+04  1.79906959e+02
 5.32925703e+04  4.65240586e+01  5.32925703e+04  1.79906242e+02
 5.37031796e+04  4.65240918e+01  5.37031796e+04  1.79905519e+02
 5.41169527e+04  4.65241255e+01  5.41169527e+04  1.79904790e+02
 5.45339137e+04  4.65241599e+01  5.45339137e+04  1.79904056e+02
 5.49540874e+04  4.65241947e+01  5.49540874e+04  1.79903316e+02
 5.53774984e+04  4.65242300e+01  5.53774984e+04  1.79902571e+02
 5.58041717e+04  4.65242659e+01  5.58041717e+04  1.79901819e+02
 5.62341325e+04  4.65243024e+01  5.62341325e+04  1.79901062e+02
 5.66674061e+04  4.65243394e+01  5.66674061e+04  1.79900299e+02
 5.71040179e+04  4.65243770e+01  5.71040179e+04  1.79899530e+02
 5.75439937e+04  4.65244152e+01  5.75439937e+04  1.79898755e+02
 5.79873595e+04  4.65244539e+01  5.79873595e+04  1.79897974e+02
 5.84341413e+04  4.65244933e+01  5.84341413e+04  1.79897188e+02
 5.88843655e+04  4.65245332e+01  5.88843655e+04  1.79896395e+02
 5.93380586e+04  4.65245738e+01  5.93380586e+04  1.79895595e+02
 5.97952473e+04  4.65246150e+01  5.97952473e+04  1.79894790e+02
 6.02559586e+04  4.65246569e+01  6.02559586e+04  1.79893979e+02
 6.07202196e+04  4.65246994e+01  6.07202196e+04  1.79893161e+02
 6.11880576e+04  4.65247426e+01  6.11880576e+04  1.79892337e+02
 6.16595002e+04  4.65247864e+01  6.16595002e+04  1.79891506e+02
 6.21345752e+04  4.65248309e+01  6.21345752e+04  1.79890670e+02
 6.26133105e+04  4.65248761e+01  6.26133105e+04  1.79889826e+02
 6.30957344e+04  4.65249219e+01  6.30957344e+04  1.79888976e+02
 6.35818754e+04  4.65249686e+01  6.35818754e+04  1.79888120e+02
 6.40717619e+04  4.65250159e+01  6.40717619e+04  1.79887257e+02
 6.45654229e+04  4.65250639e+01  6.45654229e+04  1.79886387e+02
 6.50628875e+04  4.65251127e+01  6.50628875e+04  1.79885511e+02
 6.55641849e+04  4.65251624e+01  6.55641849e+04  1.79884627e+02
 6.60693448e+04  4.65252127e+01  6.60693448e+04  1.79883737e+02
 6.65783968e+04  4.65252638e+01  6.65783968e+04  1.79882840e+02
 6.70913710e+04  4.65253157e+01  6.70913710e+04  1.79881936e+02
 6.76082975e+04  4.65253684e+01  6.76082975e+04  1.79881026e+02
 6.81292069e+04  4.65254218e+01  6.81292069e+04  1.79880108e+02
 6.86541298e+04  4.65254762e+01  6.86541298e+04  1.79879183e+02
 6.91830971e+04  4.65255315e+01  6.91830971e+04  1.79878250e+02
 6.97161400e+04  4.65255875e+01  6.97161400e+04  1.79877311e+02
 7.02532899e+04  4.65256443e+01  7.02532899e+04  1.79876364e+02
 7.07945784e+04  4.65257021e+01  7.07945784e+04  1.79875410e+02
 7.13400375e+04  4.65257608e+01  7.13400375e+04  1.79874449e+02
 7.18896992e+04  4.65258204e+01  7.18896992e+04  1.79873480e+02
 7.24435960e+04  4.65258809e+01  7.24435960e+04  1.79872504e+02
 7.30017605e+04  4.65259423e+01  7.30017605e+04  1.79871520e+02
 7.35642254e+04  4.65260048e+01  7.35642254e+04  1.79870528e+02
 7.41310241e+04  4.65260681e+01  7.41310241e+04  1.79869529e+02
 7.47021899e+04  4.65261324e+01  7.47021899e+04  1.79868522e+02
 7.52777564e+04  4.65261977e+01  7.52777564e+04  1.79867508e+02
 7.58577575e+04  4.65262641e+01  7.58577575e+04  1.79866485e+02
 7.64422274e+04  4.65263316e+01  7.64422274e+04  1.79865455e+02
 7.70312006e+04  4.65264000e+01  7.70312006e+04  1.79864416e+02
 7.76247117e+04  4.65264694e+01  7.76247117e+04  1.79863370e+02
 7.82227956e+04  4.65265400e+01  7.82227956e+04  1.79862315e+02
 7.88254877e+04  4.65266116e+01  7.88254877e+04  1.79861252e+02
 7.94328235e+04  4.65266843e+01  7.94328235e+04  1.79860181e+02
 8.00448386e+04  4.65267583e+01  8.00448386e+04  1.79859102e+02
 8.06615692e+04  4.65268332e+01  8.06615692e+04  1.79858014e+02
 8.12830516e+04  4.65269093e+01  8.12830516e+04  1.79856918e+02
 8.19093224e+04  4.65269868e+01  8.19093224e+04  1.79855813e+02
 8.25404185e+04  4.65270654e+01  8.25404185e+04  1.79854700e+02
 8.31763771e+04  4.65271452e+01  8.31763771e+04  1.79853579e+02
 8.38172356e+04  4.65272261e+01  8.38172356e+04  1.79852448e+02
 8.44630319e+04  4.65273084e+01  8.44630319e+04  1.79851309e+02
 8.51138038e+04  4.65273920e+01  8.51138038e+04  1.79850161e+02
 8.57695899e+04  4.65274767e+01  8.57695899e+04  1.79849004e+02
 8.64304286e+04  4.65275629e+01  8.64304286e+04  1.79847838e+02
 8.70963590e+04  4.65276504e+01  8.70963590e+04  1.79846663e+02
 8.77674203e+04  4.65277393e+01  8.77674203e+04  1.79845479e+02
 8.84436519e+04  4.65278294e+01  8.84436519e+04  1.79844285e+02
 8.91250938e+04  4.65279210e+01  8.91250938e+04  1.79843083e+02
 8.98117861e+04  4.65280141e+01  8.98117861e+04  1.79841871e+02
 9.05037692e+04  4.65281085e+01  9.05037692e+04  1.79840649e+02
 9.12010839e+04  4.65282043e+01  9.12010839e+04  1.79839419e+02
 9.19037713e+04  4.65283018e+01  9.19037713e+04  1.79838178e+02
 9.26118728e+04  4.65284009e+01  9.26118728e+04  1.79836928e+02
 9.33254301e+04  4.65285012e+01  9.33254301e+04  1.79835669e+02
 9.40444852e+04  4.65286032e+01  9.40444852e+04  1.79834399e+02
 9.47690805e+04  4.65287069e+01  9.47690805e+04  1.79833120e+02
 9.54992586e+04  4.65288120e+01  9.54992586e+04  1.79831831e+02
 9.62350626e+04  4.65289189e+01  9.62350626e+04  1.79830532e+02
 9.69765359e+04  4.65290273e+01  9.69765359e+04  1.79829222e+02
 9.77237221e+04  4.65291374e+01  9.77237221e+04  1.79827903e+02
 9.84766652e+04  4.65292494e+01  9.84766652e+04  1.79826573e+02
 9.92354096e+04  4.65293629e+01  9.92354096e+04  1.79825233e+02
 1.00000000e+05  4.65294783e+01  1.00000000e+05  1.79823882e+02
 1.00770481e+05  4.65295953e+01  1.00770481e+05  1.79822521e+02
 1.01546899e+05  4.65297144e+01  1.01546899e+05  1.79821150e+02
 1.02329299e+05  4.65298351e+01  1.02329299e+05  1.79819767e+02
 1.03117727e+05  4.65299578e+01  1.03117727e+05  1.79818374e+02
 1.03912230e+05  4.65300823e+01  1.03912230e+05  1.79816970e+02
 1.04712855e+05  4.65302088e+01  1.04712855e+05  1.79815556e+02
 1.05519648e+05  4.65303371e+01  1.05519648e+05  1.79814130e+02
 1.06332657e+05  4.65304677e+01  1.06332657e+05  1.79812693e+02
 1.07151931e+05  4.65306002e+01  1.07151931e+05  1.79811245e+02
 1.07977516e+05  4.65307346e+01  1.07977516e+05  1.79809786e+02
 1.08809463e+05  4.65308712e+01  1.08809463e+05  1.79808315e+02
 1.09647820e+05  4.65310099e+01  1.09647820e+05  1.79806833e+02
 1.10492636e+05  4.65311508e+01  1.10492636e+05  1.79805339e+02
 1.11343961e+05  4.65312938e+01  1.11343961e+05  1.79803834e+02
 1.12201845e+05  4.65314390e+01  1.12201845e+05  1.79802317e+02
 1.13066340e+05  4.65315865e+01  1.13066340e+05  1.79800788e+02
 1.13937495e+05  4.65317362e+01  1.13937495e+05  1.79799247e+02
 1.14815362e+05  4.65318884e+01  1.14815362e+05  1.79797694e+02
 1.15699993e+05  4.65320427e+01  1.15699993e+05  1.79796129e+02
 1.16591440e+05  4.65321996e+01  1.16591440e+05  1.79794552e+02
 1.17489755e+05  4.65323591e+01  1.17489755e+05  1.79792963e+02
 1.18394992e+05  4.65325205e+01  1.18394992e+05  1.79791361e+02
 1.19307204e+05  4.65326847e+01  1.19307204e+05  1.79789747e+02
 1.20226443e+05  4.65328516e+01  1.20226443e+05  1.79788120e+02
 1.21152766e+05  4.65330209e+01  1.21152766e+05  1.79786480e+02
 1.22086225e+05  4.65331930e+01  1.22086225e+05  1.79784828e+02
 1.23026877e+05  4.65333675e+01  1.23026877e+05  1.79783163e+02
 1.23974776e+05  4.65335449e+01  1.23974776e+05  1.79781485e+02
 1.24929979e+05  4.65337250e+01  1.24929979e+05  1.79779793e+02
 1.25892541e+05  4.65339082e+01  1.25892541e+05  1.79778089e+02
 1.26862520e+05  4.65340937e+01  1.26862520e+05  1.79776371e+02
 1.27839972e+05  4.65342823e+01  1.27839972e+05  1.79774639e+02
 1.28824955e+05  4.65344739e+01  1.28824955e+05  1.79772894e+02
 1.29817528e+05  4.65346682e+01  1.29817528e+05  1.79771136e+02
 1.30817747e+05  4.65348655e+01  1.30817747e+05  1.79769364e+02
 1.31825674e+05  4.65350664e+01  1.31825674e+05  1.79767578e+02
 1.32841366e+05  4.65352699e+01  1.32841366e+05  1.79765777e+02
 1.33864884e+05  4.65354769e+01  1.33864884e+05  1.79763963e+02
 1.34896288e+05  4.65356867e+01  1.34896288e+05  1.79762135e+02
 1.35935639e+05  4.65359005e+01  1.35935639e+05  1.79760292e+02
 1.36982998e+05  4.65361171e+01  1.36982998e+05  1.79758435e+02
 1.38038426e+05  4.65363369e+01  1.38038426e+05  1.79756563e+02
 1.39101987e+05  4.65365603e+01  1.39101987e+05  1.79754677e+02
 1.40173742e+05  4.65367870e+01  1.40173742e+05  1.79752776e+02
 1.41253754e+05  4.65370174e+01  1.41253754e+05  1.79750860e+02
 1.42342088e+05  4.65372510e+01  1.42342088e+05  1.79748929e+02
 1.43438808e+05  4.65374886e+01  1.43438808e+05  1.79746982e+02
 1.44543977e+05  4.65377303e+01  1.44543977e+05  1.79745021e+02
 1.45657662e+05  4.65379751e+01  1.45657662e+05  1.79743044e+02
 1.46779927e+05  4.65382235e+01  1.46779927e+05  1.79741052e+02
 1.47910839e+05  4.65384764e+01  1.47910839e+05  1.79739044e+02
 1.49050464e+05  4.65387326e+01  1.49050464e+05  1.79737020e+02
 1.50198870e+05  4.65389930e+01  1.50198870e+05  1.79734980e+02
 1.51356125e+05  4.65392579e+01  1.51356125e+05  1.79732924e+02
 1.52522296e+05  4.65395261e+01  1.52522296e+05  1.79730852e+02
 1.53697452e+05  4.65397992e+01  1.53697452e+05  1.79728764e+02
 1.54881662e+05  4.65400766e+01  1.54881662e+05  1.79726660e+02
 1.56074996e+05  4.65403572e+01  1.56074996e+05  1.79724538e+02
 1.57277525e+05  4.65406431e+01  1.57277525e+05  1.79722400e+02
 1.58489319e+05  4.65409332e+01  1.58489319e+05  1.79720246e+02
 1.59710450e+05  4.65412275e+01  1.59710450e+05  1.79718074e+02
 1.60940989e+05  4.65415270e+01  1.60940989e+05  1.79715885e+02
 1.62181010e+05  4.65418307e+01  1.62181010e+05  1.79713679e+02
 1.63430584e+05  4.65421391e+01  1.63430584e+05  1.79711456e+02
 1.64689787e+05  4.65424526e+01  1.64689787e+05  1.79709215e+02
 1.65958691e+05  4.65427704e+01  1.65958691e+05  1.79706956e+02
 1.67237372e+05  4.65430942e+01  1.67237372e+05  1.79704680e+02
 1.68525904e+05  4.65434224e+01  1.68525904e+05  1.79702385e+02
 1.69824365e+05  4.65437549e+01  1.69824365e+05  1.79700072e+02
 1.71132830e+05  4.65440933e+01  1.71132830e+05  1.79697742e+02
 1.72451377e+05  4.65444373e+01  1.72451377e+05  1.79695392e+02
 1.73780083e+05  4.65447857e+01  1.73780083e+05  1.79693024e+02
 1.75119026e+05  4.65451400e+01  1.75119026e+05  1.79690638e+02
 1.76468286e+05  4.65454998e+01  1.76468286e+05  1.79688232e+02
 1.77827941e+05  4.65458663e+01  1.77827941e+05  1.79685808e+02
 1.79198072e+05  4.65462367e+01  1.79198072e+05  1.79683364e+02
 1.80578760e+05  4.65466135e+01  1.80578760e+05  1.79680901e+02
 1.81970086e+05  4.65469960e+01  1.81970086e+05  1.79678418e+02
 1.83372132e+05  4.65473854e+01  1.83372132e+05  1.79675916e+02
 1.84784980e+05  4.65477796e+01  1.84784980e+05  1.79673394e+02
 1.86208714e+05  4.65481806e+01  1.86208714e+05  1.79670852e+02
 1.87643417e+05  4.65485870e+01  1.87643417e+05  1.79668289e+02
 1.89089175e+05  4.65490008e+01  1.89089175e+05  1.79665706e+02
 1.90546072e+05  4.65494204e+01  1.90546072e+05  1.79663103e+02
 1.92014194e+05  4.65498464e+01  1.92014194e+05  1.79660479e+02
 1.93493628e+05  4.65502793e+01  1.93493628e+05  1.79657834e+02
 1.94984460e+05  4.65507189e+01  1.94984460e+05  1.79655168e+02
 1.96486779e+05  4.65511648e+01  1.96486779e+05  1.79652481e+02
 1.98000673e+05  4.65516190e+01  1.98000673e+05  1.79649772e+02
 1.99526231e+05  4.65520791e+01  1.99526231e+05  1.79647042e+02
 2.01063544e+05  4.65525463e+01  2.01063544e+05  1.79644290e+02
 2.02612701e+05  4.65530208e+01  2.02612701e+05  1.79641516e+02
 2.04173794e+05  4.65535032e+01  2.04173794e+05  1.79638720e+02
 2.05746916e+05  4.65539923e+01  2.05746916e+05  1.79635901e+02
 2.07332157e+05  4.65544902e+01  2.07332157e+05  1.79633061e+02
 2.08929613e+05  4.65549949e+01  2.08929613e+05  1.79630197e+02
 2.10539377e+05  4.65555072e+01  2.10539377e+05  1.79627310e+02
 2.12161544e+05  4.65560284e+01  2.12161544e+05  1.79624401e+02
 2.13796209e+05  4.65565577e+01  2.13796209e+05  1.79621468e+02
 2.15443469e+05  4.65570945e+01  2.15443469e+05  1.79618511e+02
 2.17103421e+05  4.65576390e+01  2.17103421e+05  1.79615531e+02
 2.18776162e+05  4.65581936e+01  2.18776162e+05  1.79612526e+02
 2.20461792e+05  4.65587553e+01  2.20461792e+05  1.79609498e+02
 2.22160409e+05  4.65593269e+01  2.22160409e+05  1.79606446e+02
 2.23872114e+05  4.65599072e+01  2.23872114e+05  1.79603369e+02
 2.25597007e+05  4.65604965e+01  2.25597007e+05  1.79600267e+02
 2.27335190e+05  4.65610941e+01  2.27335190e+05  1.79597140e+02
 2.29086765e+05  4.65617018e+01  2.29086765e+05  1.79593987e+02
 2.30851836e+05  4.65623194e+01  2.30851836e+05  1.79590810e+02
 2.32630507e+05  4.65629452e+01  2.32630507e+05  1.79587607e+02
 2.34422882e+05  4.65635817e+01  2.34422882e+05  1.79584378e+02
 2.36229066e+05  4.65642279e+01  2.36229066e+05  1.79581123e+02
 2.38049167e+05  4.65648836e+01  2.38049167e+05  1.79577841e+02
 2.39883292e+05  4.65655505e+01  2.39883292e+05  1.79574534e+02
 2.41731548e+05  4.65662268e+01  2.41731548e+05  1.79571198e+02
 2.43594045e+05  4.65669147e+01  2.43594045e+05  1.79567837e+02
 2.45470892e+05  4.65676122e+01  2.45470892e+05  1.79564448e+02
 2.47362199e+05  4.65683213e+01  2.47362199e+05  1.79561031e+02
 2.49268079e+05  4.65690402e+01  2.49268079e+05  1.79557587e+02
 2.51188643e+05  4.65697724e+01  2.51188643e+05  1.79554114e+02
 2.53124005e+05  4.65705137e+01  2.53124005e+05  1.79550614e+02
 2.55074278e+05  4.65712681e+01  2.55074278e+05  1.79547084e+02
 2.57039578e+05  4.65720341e+01  2.57039578e+05  1.79543527e+02
 2.59020020e+05  4.65728123e+01  2.59020020e+05  1.79539940e+02
 2.61015722e+05  4.65736012e+01  2.61015722e+05  1.79536324e+02
 2.63026799e+05  4.65744035e+01  2.63026799e+05  1.79532679e+02
 2.65053372e+05  4.65752179e+01  2.65053372e+05  1.79529003e+02
 2.67095559e+05  4.65760455e+01  2.67095559e+05  1.79525297e+02
 2.69153480e+05  4.65768850e+01  2.69153480e+05  1.79521561e+02
 2.71227258e+05  4.65777381e+01  2.71227258e+05  1.79517795e+02
 2.73317014e+05  4.65786041e+01  2.73317014e+05  1.79513997e+02
 2.75422870e+05  4.65794836e+01  2.75422870e+05  1.79510169e+02
 2.77544952e+05  4.65803781e+01  2.77544952e+05  1.79506310e+02
 2.79683385e+05  4.65812851e+01  2.79683385e+05  1.79502417e+02
 2.81838293e+05  4.65822072e+01  2.81838293e+05  1.79498494e+02
 2.84009805e+05  4.65831430e+01  2.84009805e+05  1.79494538e+02
 2.86198048e+05  4.65840939e+01  2.86198048e+05  1.79490549e+02
 2.88403150e+05  4.65850588e+01  2.88403150e+05  1.79486526e+02
 2.90625243e+05  4.65860390e+01  2.90625243e+05  1.79482471e+02
 2.92864456e+05  4.65870356e+01  2.92864456e+05  1.79478382e+02
 2.95120923e+05  4.65880441e+01  2.95120923e+05  1.79474260e+02
 2.97394775e+05  4.65890732e+01  2.97394775e+05  1.79470103e+02
 2.99686146e+05  4.65901151e+01  2.99686146e+05  1.79465911e+02
 3.01995172e+05  4.65911746e+01  3.01995172e+05  1.79461685e+02
 3.04321989e+05  4.65922496e+01  3.04321989e+05  1.79457424e+02
 3.06666733e+05  4.65933433e+01  3.06666733e+05  1.79453127e+02
 3.09029543e+05  4.65944526e+01  3.09029543e+05  1.79448794e+02
 3.11410558e+05  4.65955789e+01  3.11410558e+05  1.79444427e+02
 3.13809919e+05  4.65967232e+01  3.13809919e+05  1.79440020e+02
 3.16227766e+05  4.65978866e+01  3.16227766e+05  1.79435578e+02
 3.18664242e+05  4.65990670e+01  3.18664242e+05  1.79431101e+02
 3.21119491e+05  4.66002650e+01  3.21119491e+05  1.79426583e+02
 3.23593657e+05  4.66014820e+01  3.23593657e+05  1.79422027e+02
 3.26086886e+05  4.66027196e+01  3.26086886e+05  1.79417434e+02
 3.28599325e+05  4.66039749e+01  3.28599325e+05  1.79412802e+02
 3.31131121e+05  4.66052510e+01  3.31131121e+05  1.79408130e+02
 3.33682425e+05  4.66065454e+01  3.33682425e+05  1.79403420e+02
 3.36253386e+05  4.66078622e+01  3.36253386e+05  1.79398669e+02
 3.38844156e+05  4.66091973e+01  3.38844156e+05  1.79393878e+02
 3.41454887e+05  4.66105555e+01  3.41454887e+05  1.79389048e+02
 3.44085734e+05  4.66119325e+01  3.44085734e+05  1.79384174e+02
 3.46736850e+05  4.66133338e+01  3.46736850e+05  1.79379263e+02
 3.49408393e+05  4.66147538e+01  3.49408393e+05  1.79374305e+02
 3.52100520e+05  4.66161972e+01  3.52100520e+05  1.79369308e+02
 3.54813389e+05  4.66176632e+01  3.54813389e+05  1.79364267e+02
 3.57547160e+05  4.66191544e+01  3.57547160e+05  1.79359184e+02
 3.60301995e+05  4.66206644e+01  3.60301995e+05  1.79354055e+02
 3.63078055e+05  4.66222002e+01  3.63078055e+05  1.79348883e+02
 3.65875504e+05  4.66237620e+01  3.65875504e+05  1.79343669e+02
 3.68694506e+05  4.66253471e+01  3.68694506e+05  1.79338407e+02
 3.71535229e+05  4.66269570e+01  3.71535229e+05  1.79333102e+02
 3.74397839e+05  4.66285912e+01  3.74397839e+05  1.79327750e+02
 3.77282505e+05  4.66302511e+01  3.77282505e+05  1.79322352e+02
 3.80189396e+05  4.66319373e+01  3.80189396e+05  1.79316907e+02
 3.83118685e+05  4.66336520e+01  3.83118685e+05  1.79311416e+02
 3.86070543e+05  4.66353886e+01  3.86070543e+05  1.79305873e+02
 3.89045145e+05  4.66371585e+01  3.89045145e+05  1.79300288e+02
 3.92042666e+05  4.66389515e+01  3.92042666e+05  1.79294651e+02
 3.95063281e+05  4.66407733e+01  3.95063281e+05  1.79288963e+02
 3.98107171e+05  4.66426236e+01  3.98107171e+05  1.79283228e+02
 4.01174512e+05  4.66445067e+01  4.01174512e+05  1.79277441e+02
 4.04265487e+05  4.66464149e+01  4.04265487e+05  1.79271603e+02
 4.07380278e+05  4.66483552e+01  4.07380278e+05  1.79265719e+02
 4.10519067e+05  4.66503241e+01  4.10519067e+05  1.79259774e+02
 4.13682040e+05  4.66523265e+01  4.13682040e+05  1.79253782e+02
 4.16869383e+05  4.66543571e+01  4.16869383e+05  1.79247736e+02
 4.20081285e+05  4.66564231e+01  4.20081285e+05  1.79241637e+02
 4.23317933e+05  4.66585200e+01  4.23317933e+05  1.79235483e+02
 4.26579519e+05  4.66606490e+01  4.26579519e+05  1.79229276e+02
 4.29866235e+05  4.66628152e+01  4.29866235e+05  1.79223015e+02
 4.33178274e+05  4.66650082e+01  4.33178274e+05  1.79216692e+02
 4.36515832e+05  4.66672422e+01  4.36515832e+05  1.79210318e+02
 4.39879106e+05  4.66695096e+01  4.39879106e+05  1.79203879e+02
 4.43268292e+05  4.66718112e+01  4.43268292e+05  1.79197394e+02
 4.46683592e+05  4.66741522e+01  4.46683592e+05  1.79190843e+02
 4.50125206e+05  4.66765218e+01  4.50125206e+05  1.79184228e+02
 4.53593337e+05  4.66789401e+01  4.53593337e+05  1.79177564e+02
 4.57088190e+05  4.66813900e+01  4.57088190e+05  1.79170831e+02
 4.60609969e+05  4.66838798e+01  4.60609969e+05  1.79164040e+02
 4.64158883e+05  4.66864092e+01  4.64158883e+05  1.79157188e+02
 4.67735141e+05  4.66889758e+01  4.67735141e+05  1.79150271e+02
 4.71338954e+05  4.66915842e+01  4.71338954e+05  1.79143293e+02
 4.74970533e+05  4.66942370e+01  4.74970533e+05  1.79136252e+02
 4.78630092e+05  4.66969280e+01  4.78630092e+05  1.79129141e+02
 4.82317848e+05  4.66996634e+01  4.82317848e+05  1.79121964e+02
 4.86034018e+05  4.67024393e+01  4.86034018e+05  1.79114730e+02
 4.89778819e+05  4.67052615e+01  4.89778819e+05  1.79107422e+02
 4.93552474e+05  4.67081285e+01  4.93552474e+05  1.79100047e+02
 4.97355204e+05  4.67110369e+01  4.97355204e+05  1.79092602e+02
 5.01187234e+05  4.67139999e+01  5.01187234e+05  1.79085095e+02
 5.05048788e+05  4.67170010e+01  5.05048788e+05  1.79077508e+02
 5.08940095e+05  4.67200469e+01  5.08940095e+05  1.79069855e+02
 5.12861384e+05  4.67231532e+01  5.12861384e+05  1.79062126e+02
 5.16812886e+05  4.67262985e+01  5.16812886e+05  1.79054320e+02
 5.20794833e+05  4.67294995e+01  5.20794833e+05  1.79046449e+02
 5.24807460e+05  4.67327530e+01  5.24807460e+05  1.79038505e+02
 5.28851004e+05  4.67360495e+01  5.28851004e+05  1.79030479e+02
 5.32925703e+05  4.67394036e+01  5.32925703e+05  1.79022376e+02
 5.37031796e+05  4.67428053e+01  5.37031796e+05  1.79014192e+02
 5.41169527e+05  4.67462684e+01  5.41169527e+05  1.79005937e+02
 5.45339137e+05  4.67497839e+01  5.45339137e+05  1.78997605e+02
 5.49540874e+05  4.67533553e+01  5.49540874e+05  1.78989176e+02
 5.53774984e+05  4.67569885e+01  5.53774984e+05  1.78980686e+02
 5.58041717e+05  4.67606723e+01  5.58041717e+05  1.78972099e+02
 5.62341325e+05  4.67644167e+01  5.62341325e+05  1.78963437e+02
 5.66674061e+05  4.67682177e+01  5.66674061e+05  1.78954689e+02
 5.71040179e+05  4.67720805e+01  5.71040179e+05  1.78945854e+02
 5.75439937e+05  4.67760055e+01  5.75439937e+05  1.78936924e+02
 5.79873595e+05  4.67799975e+01  5.79873595e+05  1.78927910e+02
 5.84341413e+05  4.67840472e+01  5.84341413e+05  1.78918811e+02
 5.88843655e+05  4.67881650e+01  5.88843655e+05  1.78909620e+02
 5.93380586e+05  4.67923420e+01  5.93380586e+05  1.78900337e+02
 5.97952473e+05  4.67965901e+01  5.97952473e+05  1.78890951e+02
 6.02559586e+05  4.68009105e+01  6.02559586e+05  1.78881493e+02
 6.07202196e+05  4.68052881e+01  6.07202196e+05  1.78871924e+02
 6.11880576e+05  4.68097512e+01  6.11880576e+05  1.78862261e+02
 6.16595002e+05  4.68142740e+01  6.16595002e+05  1.78852495e+02
 6.21345752e+05  4.68188722e+01  6.21345752e+05  1.78842643e+02
 6.26133105e+05  4.68235419e+01  6.26133105e+05  1.78832685e+02
 6.30957344e+05  4.68282969e+01  6.30957344e+05  1.78822621e+02
 6.35818754e+05  4.68331181e+01  6.35818754e+05  1.78812449e+02
 6.40717619e+05  4.68380230e+01  6.40717619e+05  1.78802193e+02
 6.45654229e+05  4.68429947e+01  6.45654229e+05  1.78791795e+02
 6.50628875e+05  4.68480542e+01  6.50628875e+05  1.78781311e+02
 6.55641849e+05  4.68531971e+01  6.55641849e+05  1.78770720e+02
 6.60693448e+05  4.68584195e+01  6.60693448e+05  1.78760013e+02
 6.65783968e+05  4.68637216e+01  6.65783968e+05  1.78749186e+02
 6.70913710e+05  4.68691106e+01  6.70913710e+05  1.78738262e+02
 6.76082975e+05  4.68745901e+01  6.76082975e+05  1.78727186e+02
 6.81292069e+05  4.68801520e+01  6.81292069e+05  1.78716026e+02
 6.86541298e+05  4.68858091e+01  6.86541298e+05  1.78704746e+02
 6.91830971e+05  4.68915583e+01  6.91830971e+05  1.78693339e+02
 6.97161400e+05  4.68974048e+01  6.97161400e+05  1.78681806e+02
 7.02532899e+05  4.69033348e+01  7.02532899e+05  1.78670147e+02
 7.07945784e+05  4.69093640e+01  7.07945784e+05  1.78658355e+02
 7.13400375e+05  4.69154984e+01  7.13400375e+05  1.78646458e+02
 7.18896992e+05  4.69217234e+01  7.18896992e+05  1.78634409e+02
 7.24435960e+05  4.69280409e+01  7.24435960e+05  1.78622216e+02
 7.30017605e+05  4.69344760e+01  7.30017605e+05  1.78609917e+02
 7.35642254e+05  4.69410109e+01  7.35642254e+05  1.78597463e+02
 7.41310241e+05  4.69476462e+01  7.41310241e+05  1.78584876e+02
 7.47021899e+05  4.69543979e+01  7.47021899e+05  1.78572151e+02
 7.52777564e+05  4.69612530e+01  7.52777564e+05  1.78559287e+02
 7.58577575e+05  4.69682280e+01  7.58577575e+05  1.78546256e+02
 7.64422274e+05  4.69753057e+01  7.64422274e+05  1.78533090e+02
 7.70312006e+05  4.69825010e+01  7.70312006e+05  1.78519778e+02
 7.76247117e+05  4.69898289e+01  7.76247117e+05  1.78506311e+02
 7.82227956e+05  4.69972539e+01  7.82227956e+05  1.78492676e+02
 7.88254877e+05  4.70047990e+01  7.88254877e+05  1.78478909e+02
 7.94328235e+05  4.70124959e+01  7.94328235e+05  1.78464947e+02
 8.00448386e+05  4.70202823e+01  8.00448386e+05  1.78450820e+02
 8.06615692e+05  4.70282215e+01  8.06615692e+05  1.78436562e+02
 8.12830516e+05  4.70362791e+01  8.12830516e+05  1.78422128e+02
 8.19093224e+05  4.70444820e+01  8.19093224e+05  1.78407527e+02
 8.25404185e+05  4.70528109e+01  8.25404185e+05  1.78392726e+02
 8.31763771e+05  4.70612756e+01  8.31763771e+05  1.78377776e+02
 8.38172356e+05  4.70698837e+01  8.38172356e+05  1.78362601e+02
 8.44630319e+05  4.70786260e+01  8.44630319e+05  1.78347293e+02
 8.51138038e+05  4.70875122e+01  8.51138038e+05  1.78331777e+02
 8.57695899e+05  4.70965526e+01  8.57695899e+05  1.78316063e+02
 8.64304286e+05  4.71057380e+01  8.64304286e+05  1.78300156e+02
 8.70963590e+05  4.71150763e+01  8.70963590e+05  1.78284051e+02
 8.77674203e+05  4.71245610e+01  8.77674203e+05  1.78267756e+02
 8.84436519e+05  4.71342078e+01  8.84436519e+05  1.78251256e+02
 8.91250938e+05  4.71440219e+01  8.91250938e+05  1.78234534e+02
 8.98117861e+05  4.71539956e+01  8.98117861e+05  1.78217609e+02
 9.05037692e+05  4.71641321e+01  9.05037692e+05  1.78200490e+02
 9.12010839e+05  4.71744368e+01  9.12010839e+05  1.78183151e+02
 9.19037713e+05  4.71849187e+01  9.19037713e+05  1.78165516e+02
 9.26118728e+05  4.71955666e+01  9.26118728e+05  1.78147742e+02
 9.33254301e+05  4.72063965e+01  9.33254301e+05  1.78129676e+02
 9.40444852e+05  4.72174096e+01  9.40444852e+05  1.78111429e+02
 9.47690805e+05  4.72285948e+01  9.47690805e+05  1.78092850e+02
 9.54992586e+05  4.72399900e+01  9.54992586e+05  1.78074143e+02
 9.62350626e+05  4.72515605e+01  9.62350626e+05  1.78055061e+02
 9.69765359e+05  4.72633168e+01  9.69765359e+05  1.78035823e+02
 9.77237221e+05  4.72753069e+01  9.77237221e+05  1.78016338e+02
 9.84766652e+05  4.72874581e+01  9.84766652e+05  1.77996520e+02
 9.92354096e+05  4.72998280e+01  9.92354096e+05  1.77976443e+02
 1.00000000e+06  4.73124174e+01  1.00000000e+06  1.77956090e+02
 1.00770481e+06  4.73251867e+01  1.00770481e+06  1.77935433e+02
 1.01546899e+06  4.73382177e+01  1.01546899e+06  1.77914581e+02
 1.02329299e+06  4.73514357e+01  1.02329299e+06  1.77893292e+02
 1.03117727e+06  4.73648940e+01  1.03117727e+06  1.77871875e+02
 1.03912230e+06  4.73785797e+01  1.03912230e+06  1.77850094e+02
 1.04712855e+06  4.73924938e+01  1.04712855e+06  1.77827940e+02
 1.05519648e+06  4.74066466e+01  1.05519648e+06  1.77805509e+02
 1.06332657e+06  4.74210588e+01  1.06332657e+06  1.77782698e+02
 1.07151931e+06  4.74357068e+01  1.07151931e+06  1.77759636e+02
 1.07977516e+06  4.74505715e+01  1.07977516e+06  1.77736214e+02
 1.08809463e+06  4.74657282e+01  1.08809463e+06  1.77712408e+02
 1.09647820e+06  4.74811471e+01  1.09647820e+06  1.77688341e+02
 1.10492636e+06  4.74968071e+01  1.10492636e+06  1.77663797e+02
 1.11343961e+06  4.75127772e+01  1.11343961e+06  1.77638959e+02
 1.12201845e+06  4.75289919e+01  1.12201845e+06  1.77613723e+02
 1.13066340e+06  4.75454954e+01  1.13066340e+06  1.77588085e+02
 1.13937495e+06  4.75622746e+01  1.13937495e+06  1.77562034e+02
 1.14815362e+06  4.75793502e+01  1.14815362e+06  1.77535619e+02
 1.15699993e+06  4.75967482e+01  1.15699993e+06  1.77508754e+02
 1.16591440e+06  4.76144077e+01  1.16591440e+06  1.77481419e+02
 1.17489755e+06  4.76323883e+01  1.17489755e+06  1.77453810e+02
 1.18394992e+06  4.76507009e+01  1.18394992e+06  1.77425679e+02
 1.19307204e+06  4.76693311e+01  1.19307204e+06  1.77397111e+02
 1.20226443e+06  4.76882967e+01  1.20226443e+06  1.77367984e+02
 1.21152766e+06  4.77075781e+01  1.21152766e+06  1.77338525e+02
 1.22086225e+06  4.77272219e+01  1.22086225e+06  1.77308528e+02
 1.23026877e+06  4.77471794e+01  1.23026877e+06  1.77277982e+02
 1.23974776e+06  4.77675171e+01  1.23974776e+06  1.77247025e+02
 1.24929979e+06  4.77882042e+01  1.24929979e+06  1.77215498e+02
 1.25892541e+06  4.78092697e+01  1.25892541e+06  1.77183446e+02
 1.26862520e+06  4.78307247e+01  1.26862520e+06  1.77150858e+02
 1.27839972e+06  4.78525348e+01  1.27839972e+06  1.77117696e+02
 1.28824955e+06  4.78747498e+01  1.28824955e+06  1.77083847e+02
 1.29817528e+06  4.78973480e+01  1.29817528e+06  1.77049528e+02
 1.30817747e+06  4.79203741e+01  1.30817747e+06  1.77014562e+02
 1.31825674e+06  4.79438235e+01  1.31825674e+06  1.76978948e+02
 1.32841366e+06  4.79676548e+01  1.32841366e+06  1.76942800e+02
 1.33864884e+06  4.79919596e+01  1.33864884e+06  1.76905961e+02
 1.34896288e+06  4.80167079e+01  1.34896288e+06  1.76868404e+02
 1.35935639e+06  4.80419058e+01  1.35935639e+06  1.76830103e+02
 1.36982998e+06  4.80675543e+01  1.36982998e+06  1.76791263e+02
 1.38038426e+06  4.80936583e+01  1.38038426e+06  1.76751602e+02
 1.39101987e+06  4.81202928e+01  1.39101987e+06  1.76711252e+02
 1.40173742e+06  4.81473973e+01  1.40173742e+06  1.76670051e+02
 1.41253754e+06  4.81749813e+01  1.41253754e+06  1.76628171e+02
 1.42342088e+06  4.82030801e+01  1.42342088e+06  1.76585400e+02
 1.43438808e+06  4.82317494e+01  1.43438808e+06  1.76541844e+02
 1.44543977e+06  4.82608848e+01  1.44543977e+06  1.76497341e+02
 1.45657662e+06  4.82906085e+01  1.45657662e+06  1.76452028e+02
 1.46779927e+06  4.83208874e+01  1.46779927e+06  1.76405850e+02
 1.47910839e+06  4.83517504e+01  1.47910839e+06  1.76358614e+02
 1.49050464e+06  4.83831908e+01  1.49050464e+06  1.76310522e+02
 1.50198870e+06  4.84152078e+01  1.50198870e+06  1.76261370e+02
 1.51356125e+06  4.84478667e+01  1.51356125e+06  1.76211271e+02
 1.52522296e+06  4.84811113e+01  1.52522296e+06  1.76160055e+02
 1.53697452e+06  4.85150510e+01  1.53697452e+06  1.76107911e+02
 1.54881662e+06  4.85496313e+01  1.54881662e+06  1.76054450e+02
 1.56074996e+06  4.85848449e+01  1.56074996e+06  1.76000036e+02
 1.57277525e+06  4.86207628e+01  1.57277525e+06  1.75944246e+02
 1.58489319e+06  4.86573744e+01  1.58489319e+06  1.75887285e+02
 1.59710450e+06  4.86947002e+01  1.59710450e+06  1.75829122e+02
 1.60940989e+06  4.87328300e+01  1.60940989e+06  1.75769619e+02
 1.62181010e+06  4.87716186e+01  1.62181010e+06  1.75708889e+02
 1.63430584e+06  4.88112193e+01  1.63430584e+06  1.75646690e+02
 1.64689787e+06  4.88516070e+01  1.64689787e+06  1.75583051e+02
 1.65958691e+06  4.88927869e+01  1.65958691e+06  1.75517901e+02
 1.67237372e+06  4.89348371e+01  1.67237372e+06  1.75451237e+02
 1.68525904e+06  4.89777233e+01  1.68525904e+06  1.75382841e+02
 1.69824365e+06  4.90214558e+01  1.69824365e+06  1.75313068e+02
 1.71132830e+06  4.90660395e+01  1.71132830e+06  1.75241520e+02
 1.72451377e+06  4.91115820e+01  1.72451377e+06  1.75168231e+02
 1.73780083e+06  4.91580961e+01  1.73780083e+06  1.75092887e+02
 1.75119026e+06  4.92055105e+01  1.75119026e+06  1.75016034e+02
 1.76468286e+06  4.92539716e+01  1.76468286e+06  1.74937101e+02
 1.77827941e+06  4.93034100e+01  1.77827941e+06  1.74856248e+02
 1.79198072e+06  4.93538863e+01  1.79198072e+06  1.74773151e+02
 1.80578760e+06  4.94054016e+01  1.80578760e+06  1.74687763e+02
 1.81970086e+06  4.94580856e+01  1.81970086e+06  1.74600275e+02
 1.83372132e+06  4.95117930e+01  1.83372132e+06  1.74510461e+02
 1.84784980e+06  4.95667363e+01  1.84784980e+06  1.74418181e+02
 1.86208714e+06  4.96228374e+01  1.86208714e+06  1.74323368e+02
 1.87643417e+06  4.96801298e+01  1.87643417e+06  1.74225853e+02
 1.89089175e+06  4.97386900e+01  1.89089175e+06  1.74125602e+02
 1.90546072e+06  4.97985479e+01  1.90546072e+06  1.74022669e+02
 1.92014194e+06  4.98597586e+01  1.92014194e+06  1.73916622e+02
 1.93493628e+06  4.99223270e+01  1.93493628e+06  1.73807437e+02
 1.94984460e+06  4.99862327e+01  1.94984460e+06  1.73695018e+02
 1.96486779e+06  5.00515773e+01  1.96486779e+06  1.73579571e+02
 1.98000673e+06  5.01185110e+01  1.98000673e+06  1.73460349e+02
 1.99526231e+06  5.01868982e+01  1.99526231e+06  1.73337456e+02
 2.01063544e+06  5.02568402e+01  2.01063544e+06  1.73210806e+02
 2.02612701e+06  5.03284370e+01  2.02612701e+06  1.73080357e+02
 2.04173794e+06  5.04016782e+01  2.04173794e+06  1.72945576e+02
 2.05746916e+06  5.04766891e+01  2.05746916e+06  1.72806279e+02
 2.07332157e+06  5.05534339e+01  2.07332157e+06  1.72662825e+02
 2.08929613e+06  5.06319961e+01  2.08929613e+06  1.72514191e+02
 2.10539377e+06  5.07124947e+01  2.10539377e+06  1.72360846e+02
 2.12161544e+06  5.07949704e+01  2.12161544e+06  1.72201787e+02
 2.13796209e+06  5.08793994e+01  2.13796209e+06  1.72037639e+02
 2.15443469e+06  5.09658777e+01  2.15443469e+06  1.71867537e+02
 2.17103421e+06  5.10546328e+01  2.17103421e+06  1.71691432e+02
 2.18776162e+06  5.11455407e+01  2.18776162e+06  1.71508626e+02
 2.20461792e+06  5.12386741e+01  2.20461792e+06  1.71319475e+02
 2.22160409e+06  5.13342665e+01  2.22160409e+06  1.71123293e+02
 2.23872114e+06  5.14322792e+01  2.23872114e+06  1.70919219e+02
 2.25597007e+06  5.15329549e+01  2.25597007e+06  1.70707295e+02
 2.27335190e+06  5.16361367e+01  2.27335190e+06  1.70487066e+02
 2.29086765e+06  5.17421943e+01  2.29086765e+06  1.70258124e+02
 2.30851836e+06  5.18509062e+01  2.30851836e+06  1.70019595e+02
 2.32630507e+06  5.19626757e+01  2.32630507e+06  1.69771214e+02
 2.34422882e+06  5.20773639e+01  2.34422882e+06  1.69512739e+02
 2.36229066e+06  5.21953386e+01  2.36229066e+06  1.69242637e+02
 2.38049167e+06  5.23165514e+01  2.38049167e+06  1.68961090e+02
 2.39883292e+06  5.24411051e+01  2.39883292e+06  1.68666885e+02
 2.41731548e+06  5.25693961e+01  2.41731548e+06  1.68358904e+02
 2.43594045e+06  5.27011924e+01  2.43594045e+06  1.68036848e+02
 2.45470892e+06  5.28367725e+01  2.45470892e+06  1.67699908e+02
 2.47362199e+06  5.29764829e+01  2.47362199e+06  1.67346213e+02
 2.49268079e+06  5.31202696e+01  2.49268079e+06  1.66975124e+02
 2.51188643e+06  5.32684023e+01  2.51188643e+06  1.66585411e+02
 2.53124005e+06  5.34209061e+01  2.53124005e+06  1.66175735e+02
 2.55074278e+06  5.35782206e+01  2.55074278e+06  1.65744301e+02
 2.57039578e+06  5.37404170e+01  2.57039578e+06  1.65289892e+02
 2.59020020e+06  5.39075201e+01  2.59020020e+06  1.64810476e+02
 2.61015722e+06  5.40799294e+01  2.61015722e+06  1.64304082e+02
 2.63026799e+06  5.42578822e+01  2.63026799e+06  1.63768501e+02
 2.65053372e+06  5.44415784e+01  2.65053372e+06  1.63201285e+02
 2.67095559e+06  5.46312985e+01  2.67095559e+06  1.62599601e+02
 2.69153480e+06  5.48271089e+01  2.69153480e+06  1.61961116e+02
 2.71227258e+06  5.50293786e+01  2.71227258e+06  1.61281955e+02
 2.73317014e+06  5.52384884e+01  2.73317014e+06  1.60558524e+02
 2.75422870e+06  5.54545307e+01  2.75422870e+06  1.59786579e+02
 2.77544952e+06  5.56778220e+01  2.77544952e+06  1.58961785e+02
 2.79683385e+06  5.59085914e+01  2.79683385e+06  1.58079115e+02
 2.81838293e+06  5.61469575e+01  2.81838293e+06  1.57132717e+02
 2.84009805e+06  5.63933972e+01  2.84009805e+06  1.56115876e+02
 2.86198048e+06  5.66478161e+01  2.86198048e+06  1.55021891e+02
 2.88403150e+06  5.69104280e+01  2.88403150e+06  1.53842380e+02
 2.90625243e+06  5.71813706e+01  2.90625243e+06  1.52568067e+02
 2.92864456e+06  5.74606480e+01  2.92864456e+06  1.51188859e+02
 2.95120923e+06  5.77477188e+01  2.95120923e+06  1.49693537e+02
 2.97394775e+06  5.80428235e+01  2.97394775e+06  1.48069047e+02
 2.99686146e+06  5.83450759e+01  2.99686146e+06  1.46301230e+02
 3.01995172e+06  5.86536038e+01  3.01995172e+06  1.44374632e+02
 3.04321989e+06  5.89672911e+01  3.04321989e+06  1.42272111e+02
 3.06666733e+06  5.92846063e+01  3.06666733e+06  1.39975146e+02
 3.09029543e+06  5.96028580e+01  3.09029543e+06  1.37464775e+02
 3.11410558e+06  5.99193497e+01  3.11410558e+06  1.34721360e+02
 3.13809919e+06  6.02299946e+01  3.13809919e+06  1.31725838e+02
 3.16227766e+06  6.05299272e+01  3.16227766e+06  1.28461266e+02
 3.18664242e+06  6.08133593e+01  3.18664242e+06  1.24914615e+02
 3.21119491e+06  6.10735168e+01  3.21119491e+06  1.21078794e+02
 3.23593657e+06  6.13020653e+01  3.23593657e+06  1.16957145e+02
 3.26086886e+06  6.14905197e+01  3.26086886e+06  1.12564618e+02
 3.28599325e+06  6.16306547e+01  3.28599325e+06  1.07930413e+02
 3.31131121e+06  6.17143778e+01  3.31131121e+06  1.03100712e+02
 3.33682425e+06  6.17355235e+01  3.33682425e+06  9.81359487e+01
 3.36253386e+06  6.16896990e+01  3.36253386e+06  9.31082469e+01
 3.38844156e+06  6.15766232e+01  3.38844156e+06  8.80947969e+01
 3.41454887e+06  6.13978982e+01  3.41454887e+06  8.31722951e+01
 3.44085734e+06  6.11584642e+01  3.44085734e+06  7.84090602e+01
 3.46736850e+06  6.08656359e+01  3.46736850e+06  7.38604715e+01
 3.49408393e+06  6.05271977e+01  3.49408393e+06  6.95661637e+01
 3.52100520e+06  6.01518824e+01  3.52100520e+06  6.55506167e+01
 3.54813389e+06  5.97483803e+01  3.54813389e+06  6.18239016e+01
 3.57547160e+06  5.93236762e+01  3.57547160e+06  5.83849774e+01
 3.60301995e+06  5.88849548e+01  3.60301995e+06  5.52243832e+01
 3.63078055e+06  5.84375165e+01  3.63078055e+06  5.23277108e+01
 3.65875504e+06  5.79859699e+01  3.65875504e+06  4.96764067e+01
 3.68694506e+06  5.75334025e+01  3.68694506e+06  4.72521196e+01
 3.71535229e+06  5.70831321e+01  3.71535229e+06  4.50343120e+01
 3.74397839e+06  5.66370002e+01  3.74397839e+06  4.30045890e+01
 3.77282505e+06  5.61963294e+01  3.77282505e+06  4.11445985e+01
 3.80189396e+06  5.57623966e+01  3.80189396e+06  3.94381713e+01
 3.83118685e+06  5.53359513e+01  3.83118685e+06  3.78702793e+01
 3.86070543e+06  5.49172931e+01  3.86070543e+06  3.64268420e+01
 3.89045145e+06  5.45069361e+01  3.89045145e+06  3.50963423e+01
 3.92042666e+06  5.41047764e+01  3.92042666e+06  3.38666627e+01
 3.95063281e+06  5.37106981e+01  3.95063281e+06  3.27285319e+01
 3.98107171e+06  5.33250379e+01  3.98107171e+06  3.16738623e+01
 4.01174512e+06  5.29472775e+01  4.01174512e+06  3.06942000e+01
 4.04265487e+06  5.25775858e+01  4.04265487e+06  2.97833257e+01
 4.07380278e+06  5.22151841e+01  4.07380278e+06  2.89339729e+01
 4.10519067e+06  5.18605496e+01  4.10519067e+06  2.81415393e+01
 4.13682040e+06  5.15129165e+01  4.13682040e+06  2.74000909e+01
 4.16869383e+06  5.11718905e+01  4.16869383e+06  2.67059603e+01
 4.20081285e+06  5.08376000e+01  4.20081285e+06  2.60558602e+01
 4.23317933e+06  5.05098574e+01  4.23317933e+06  2.54450425e+01
 4.26579519e+06  5.01880208e+01  4.26579519e+06  2.48706651e+01
 4.29866235e+06  4.98720655e+01  4.29866235e+06  2.43301435e+01
 4.33178274e+06  4.95617837e+01  4.33178274e+06  2.38210088e+01
 4.36515832e+06  4.92569071e+01  4.36515832e+06  2.33401322e+01
 4.39879106e+06  4.89571973e+01  4.39879106e+06  2.28865809e+01
 4.43268292e+06  4.86626948e+01  4.43268292e+06  2.24575568e+01
 4.46683592e+06  4.83725693e+01  4.46683592e+06  2.20511917e+01
 4.50125206e+06  4.80875130e+01  4.50125206e+06  2.16674387e+01
 4.53593337e+06  4.78062129e+01  4.53593337e+06  2.13032512e+01
 4.57088190e+06  4.75299250e+01  4.57088190e+06  2.09570312e+01
 4.60609969e+06  4.72573887e+01  4.60609969e+06  2.06285818e+01
 4.64158883e+06  4.69886207e+01  4.64158883e+06  2.03180815e+01
 4.67735141e+06  4.67235666e+01  4.67735141e+06  2.00199680e+01
 4.71338954e+06  4.64623725e+01  4.71338954e+06  1.97384982e+01
 4.74970533e+06  4.62049375e+01  4.74970533e+06  1.94706184e+01
 4.78630092e+06  4.59499569e+01  4.78630092e+06  1.92152199e+01
 4.82317848e+06  4.56985504e+01  4.82317848e+06  1.89717008e+01
 4.86034018e+06  4.54506614e+01  4.86034018e+06  1.87385167e+01
 4.89778819e+06  4.52057834e+01  4.89778819e+06  1.85187124e+01
 4.93552474e+06  4.49632933e+01  4.93552474e+06  1.83067561e+01
 4.97355204e+06  4.47238939e+01  4.97355204e+06  1.81049012e+01
 5.01187234e+06  4.44867294e+01  5.01187234e+06  1.79139030e+01
 5.05048788e+06  4.42526735e+01  5.05048788e+06  1.77298289e+01
 5.08940095e+06  4.40209266e+01  5.08940095e+06  1.75538171e+01
 5.12861384e+06  4.37913380e+01  5.12861384e+06  1.73856732e+01
 5.16812886e+06  4.35646689e+01  5.16812886e+06  1.72263376e+01
 5.20794833e+06  4.33398826e+01  5.20794833e+06  1.70726126e+01
 5.24807460e+06  4.31176845e+01  5.24807460e+06  1.69281636e+01
 5.28851004e+06  4.28967358e+01  5.28851004e+06  1.67877384e+01
 5.32925703e+06  4.26786120e+01  5.32925703e+06  1.66558705e+01
 5.37031796e+06  4.24621782e+01  5.37031796e+06  1.65274134e+01
 5.41169527e+06  4.22477350e+01  5.41169527e+06  1.64036385e+01
 5.45339137e+06  4.20350029e+01  5.45339137e+06  1.62902127e+01
 5.49540874e+06  4.18240203e+01  5.49540874e+06  1.61779107e+01
 5.53774984e+06  4.16150095e+01  5.53774984e+06  1.60720371e+01
 5.58041717e+06  4.14073320e+01  5.58041717e+06  1.59703413e+01
 5.62341325e+06  4.12018079e+01  5.62341325e+06  1.58735915e+01
 5.66674061e+06  4.09972412e+01  5.66674061e+06  1.57825436e+01
 5.71040179e+06  4.07941688e+01  5.71040179e+06  1.56945111e+01
 5.75439937e+06  4.05934436e+01  5.75439937e+06  1.56109254e+01
 5.79873595e+06  4.03934245e+01  5.79873595e+06  1.55311766e+01
 5.84341413e+06  4.01950262e+01  5.84341413e+06  1.54544359e+01
 5.88843655e+06  3.99981045e+01  5.88843655e+06  1.53832813e+01
 5.93380586e+06  3.98024639e+01  5.93380586e+06  1.53128736e+01
 5.97952473e+06  3.96081120e+01  5.97952473e+06  1.52483846e+01
 6.02559586e+06  3.94146337e+01  6.02559586e+06  1.51884975e+01
 6.07202196e+06  3.92231325e+01  6.07202196e+06  1.51279840e+01
 6.11880576e+06  3.90322926e+01  6.11880576e+06  1.50750621e+01
 6.16595002e+06  3.88425911e+01  6.16595002e+06  1.50219425e+01
 6.21345752e+06  3.86542019e+01  6.21345752e+06  1.49718564e+01
 6.26133105e+06  3.84663875e+01  6.26133105e+06  1.49245819e+01
 6.30957344e+06  3.82802911e+01  6.30957344e+06  1.48806774e+01
 6.35818754e+06  3.80948728e+01  6.35818754e+06  1.48417961e+01
 6.40717619e+06  3.79103566e+01  6.40717619e+06  1.48046067e+01
 6.45654229e+06  3.77274931e+01  6.45654229e+06  1.47682362e+01
 6.50628875e+06  3.75448363e+01  6.50628875e+06  1.47336517e+01
 6.55641849e+06  3.73630891e+01  6.55641849e+06  1.47045452e+01
 6.60693448e+06  3.71826864e+01  6.60693448e+06  1.46757680e+01
 6.65783968e+06  3.70030774e+01  6.65783968e+06  1.46514727e+01
 6.70913710e+06  3.68237159e+01  6.70913710e+06  1.46290637e+01
 6.76082975e+06  3.66455378e+01  6.76082975e+06  1.46062244e+01
 6.81292069e+06  3.64687788e+01  6.81292069e+06  1.45871116e+01
 6.86541298e+06  3.62921924e+01  6.86541298e+06  1.45713387e+01
 6.91830971e+06  3.61165007e+01  6.91830971e+06  1.45528548e+01
 6.97161400e+06  3.59416087e+01  6.97161400e+06  1.45413353e+01
 7.02532899e+06  3.57669674e+01  7.02532899e+06  1.45326768e+01
 7.07945784e+06  3.55938869e+01  7.07945784e+06  1.45211689e+01
 7.13400375e+06  3.54205327e+01  7.13400375e+06  1.45155156e+01
 7.18896992e+06  3.52485195e+01  7.18896992e+06  1.45091454e+01
 7.24435960e+06  3.50766594e+01  7.24435960e+06  1.45059644e+01
 7.30017605e+06  3.49056951e+01  7.30017605e+06  1.45029291e+01
 7.35642254e+06  3.47355203e+01  7.35642254e+06  1.45036113e+01
 7.41310241e+06  3.45663455e+01  7.41310241e+06  1.45059922e+01
 7.47021899e+06  3.43973289e+01  7.47021899e+06  1.45095388e+01
 7.52777564e+06  3.42294308e+01  7.52777564e+06  1.45149669e+01
 7.58577575e+06  3.40609219e+01  7.58577575e+06  1.45247976e+01
 7.64422274e+06  3.38933779e+01  7.64422274e+06  1.45314931e+01
 7.70312006e+06  3.37259179e+01  7.70312006e+06  1.45449190e+01
 7.76247117e+06  3.35607781e+01  7.76247117e+06  1.45532687e+01
 7.82227956e+06  3.33946943e+01  7.82227956e+06  1.45712387e+01
 7.88254877e+06  3.32289721e+01  7.88254877e+06  1.45838624e+01
 7.94328235e+06  3.30638230e+01  7.94328235e+06  1.46030336e+01
 8.00448386e+06  3.28999617e+01  8.00448386e+06  1.46183485e+01
 8.06615692e+06  3.27356617e+01  8.06615692e+06  1.46408118e+01
 8.12830516e+06  3.25721810e+01  8.12830516e+06  1.46614038e+01
 8.19093224e+06  3.24094148e+01  8.19093224e+06  1.46842790e+01
 8.25404185e+06  3.22470795e+01  8.25404185e+06  1.47082346e+01
 8.31763771e+06  3.20850450e+01  8.31763771e+06  1.47334141e+01
 8.38172356e+06  3.19225421e+01  8.38172356e+06  1.47608418e+01
 8.44630319e+06  3.17610287e+01  8.44630319e+06  1.47919181e+01
 8.51138038e+06  3.15996939e+01  8.51138038e+06  1.48191845e+01
 8.57695899e+06  3.14396616e+01  8.57695899e+06  1.48509022e+01
 8.64304286e+06  3.12794641e+01  8.64304286e+06  1.48840742e+01
 8.70963590e+06  3.11200317e+01  8.70963590e+06  1.49152800e+01
 8.77674203e+06  3.09592698e+01  8.77674203e+06  1.49545756e+01
 8.84436519e+06  3.07987984e+01  8.84436519e+06  1.49931096e+01
 8.91250938e+06  3.06416469e+01  8.91250938e+06  1.50306175e+01
 8.98117861e+06  3.04823213e+01  8.98117861e+06  1.50689703e+01
 9.05037692e+06  3.03238329e+01  9.05037692e+06  1.51095189e+01
 9.12010839e+06  3.01659537e+01  9.12010839e+06  1.51541703e+01
 9.19037713e+06  3.00073161e+01  9.19037713e+06  1.52017972e+01
 9.26118728e+06  2.98508846e+01  9.26118728e+06  1.52440130e+01
 9.33254301e+06  2.96934958e+01  9.33254301e+06  1.52859132e+01
 9.40444852e+06  2.95360728e+01  9.40444852e+06  1.53364214e+01
 9.47690805e+06  2.93789296e+01  9.47690805e+06  1.53882174e+01
 9.54992586e+06  2.92246025e+01  9.54992586e+06  1.54337078e+01
 9.62350626e+06  2.90669651e+01  9.62350626e+06  1.54876786e+01
 9.69765359e+06  2.89107417e+01  9.69765359e+06  1.55427813e+01
 9.77237221e+06  2.87560757e+01  9.77237221e+06  1.55916938e+01
 9.84766652e+06  2.86010804e+01  9.84766652e+06  1.56552680e+01
 9.92354096e+06  2.84440688e+01  9.92354096e+06  1.57119499e+01
 1.00000000e+07  2.82888006e+01  1.00000000e+07  1.57665843e+01
 1.00770481e+07  2.81348328e+01  1.00770481e+07  1.58295831e+01
 1.01546899e+07  2.79802120e+01  1.01546899e+07  1.58919239e+01
 1.02329299e+07  2.78236417e+01  1.02329299e+07  1.59571589e+01
 1.03117727e+07  2.76708398e+01  1.03117727e+07  1.60198663e+01
 1.03912230e+07  2.75171675e+01  1.03912230e+07  1.60842045e+01
 1.04712855e+07  2.73627722e+01  1.04712855e+07  1.61485666e+01
 1.05519648e+07  2.72081272e+01  1.05519648e+07  1.62226490e+01
 1.06332657e+07  2.70537570e+01  1.06332657e+07  1.62950830e+01
 1.07151931e+07  2.68997841e+01  1.07151931e+07  1.63622977e+01
 1.07977516e+07  2.67472044e+01  1.07977516e+07  1.64398792e+01
 1.08809463e+07  2.65936333e+01  1.08809463e+07  1.65100508e+01
 1.09647820e+07  2.64404346e+01  1.09647820e+07  1.65849079e+01
 1.10492636e+07  2.62863944e+01  1.10492636e+07  1.66617942e+01
 1.11343961e+07  2.61357311e+01  1.11343961e+07  1.67373443e+01
 1.12201845e+07  2.59818647e+01  1.12201845e+07  1.68139170e+01
 1.13066340e+07  2.58284168e+01  1.13066340e+07  1.69001516e+01
 1.13937495e+07  2.56765519e+01  1.13937495e+07  1.69785741e+01
 1.14815362e+07  2.55234341e+01  1.14815362e+07  1.70656184e+01
 1.15699993e+07  2.53709041e+01  1.15699993e+07  1.71550288e+01
 1.16591440e+07  2.52187464e+01  1.16591440e+07  1.72442989e+01
 1.17489755e+07  2.50667682e+01  1.17489755e+07  1.73242361e+01
 1.18394992e+07  2.49146229e+01  1.18394992e+07  1.74158802e+01
 1.19307204e+07  2.47626640e+01  1.19307204e+07  1.75014861e+01
 1.20226443e+07  2.46096746e+01  1.20226443e+07  1.76003660e+01
 1.21152766e+07  2.44562815e+01  1.21152766e+07  1.77013536e+01
 1.22086225e+07  2.43048871e+01  1.22086225e+07  1.77944033e+01
 1.23026877e+07  2.41524369e+01  1.23026877e+07  1.78881681e+01
 1.23974776e+07  2.40024614e+01  1.23974776e+07  1.79765108e+01
 1.24929979e+07  2.38480795e+01  1.24929979e+07  1.80901545e+01
 1.25892541e+07  2.36987361e+01  1.25892541e+07  1.81948179e+01
 1.26862520e+07  2.35459472e+01  1.26862520e+07  1.82908309e+01
 1.27839972e+07  2.33942647e+01  1.27839972e+07  1.83982905e+01
 1.28824955e+07  2.32418989e+01  1.28824955e+07  1.85079576e+01
 1.29817528e+07  2.30911056e+01  1.29817528e+07  1.86153305e+01
 1.30817747e+07  2.29394359e+01  1.30817747e+07  1.87213970e+01
 1.31825674e+07  2.27863488e+01  1.31825674e+07  1.88435415e+01
 1.32841366e+07  2.26343952e+01  1.32841366e+07  1.89502710e+01
 1.33864884e+07  2.24833402e+01  1.33864884e+07  1.90730039e+01
 1.34896288e+07  2.23291010e+01  1.34896288e+07  1.91872829e+01
 1.35935639e+07  2.21803353e+01  1.35935639e+07  1.93034161e+01
 1.36982998e+07  2.20280566e+01  1.36982998e+07  1.94184643e+01
 1.38038426e+07  2.18741390e+01  1.38038426e+07  1.95510265e+01
 1.39101987e+07  2.17250325e+01  1.39101987e+07  1.96645272e+01
 1.40173742e+07  2.15724953e+01  1.40173742e+07  1.97914536e+01
 1.41253754e+07  2.14173354e+01  1.41253754e+07  1.99162266e+01
 1.42342088e+07  2.12672296e+01  1.42342088e+07  2.00474984e+01
 1.43438808e+07  2.11122001e+01  1.43438808e+07  2.01870795e+01
 1.44543977e+07  2.09596371e+01  1.44543977e+07  2.03326188e+01
 1.45657662e+07  2.08094942e+01  1.45657662e+07  2.04600338e+01
 1.46779927e+07  2.06566319e+01  1.46779927e+07  2.05964763e+01
 1.47910839e+07  2.05047807e+01  1.47910839e+07  2.07265211e+01
 1.49050464e+07  2.03515044e+01  1.49050464e+07  2.08770148e+01
 1.50198870e+07  2.01984725e+01  1.50198870e+07  2.10303531e+01
 1.51356125e+07  2.00435339e+01  1.51356125e+07  2.11771669e+01
 1.52522296e+07  1.98941854e+01  1.52522296e+07  2.13145020e+01
 1.53697452e+07  1.97395899e+01  1.53697452e+07  2.14723849e+01
 1.54881662e+07  1.95874504e+01  1.54881662e+07  2.16230751e+01
 1.56074996e+07  1.94349806e+01  1.56074996e+07  2.17816051e+01
 1.57277525e+07  1.92785768e+01  1.57277525e+07  2.19497325e+01
 1.58489319e+07  1.91274225e+01  1.58489319e+07  2.21009586e+01
 1.59710450e+07  1.89739199e+01  1.59710450e+07  2.22857003e+01
 1.60940989e+07  1.88192390e+01  1.60940989e+07  2.24364178e+01
 1.62181010e+07  1.86641957e+01  1.62181010e+07  2.25959910e+01
 1.63430584e+07  1.85125851e+01  1.63430584e+07  2.27564433e+01
 1.64689787e+07  1.83602910e+01  1.64689787e+07  2.29326892e+01
 1.65958691e+07  1.82039620e+01  1.65958691e+07  2.31229128e+01
 1.67237372e+07  1.80472034e+01  1.67237372e+07  2.33012274e+01
 1.68525904e+07  1.78915863e+01  1.68525904e+07  2.34885674e+01
 1.69824365e+07  1.77436287e+01  1.69824365e+07  2.36426683e+01
 1.71132830e+07  1.75831457e+01  1.71132830e+07  2.38594160e+01
 1.72451377e+07  1.74304425e+01  1.72451377e+07  2.40295837e+01
 1.73780083e+07  1.72729264e+01  1.73780083e+07  2.42229452e+01
 1.75119026e+07  1.71180985e+01  1.75119026e+07  2.44311292e+01
 1.76468286e+07  1.69620593e+01  1.76468286e+07  2.46131842e+01
 1.77827941e+07  1.68090200e+01  1.77827941e+07  2.48057198e+01
 1.79198072e+07  1.66486088e+01  1.79198072e+07  2.50284295e+01
 1.80578760e+07  1.64953129e+01  1.80578760e+07  2.52309697e+01
 1.81970086e+07  1.63373586e+01  1.81970086e+07  2.54405166e+01
 1.83372132e+07  1.61820476e+01  1.83372132e+07  2.56502055e+01
 1.84784980e+07  1.60271572e+01  1.84784980e+07  2.58810677e+01
 1.86208714e+07  1.58642362e+01  1.86208714e+07  2.61001298e+01
 1.87643417e+07  1.57083081e+01  1.87643417e+07  2.63245470e+01
 1.89089175e+07  1.55532948e+01  1.89089175e+07  2.65302766e+01
 1.90546072e+07  1.53981460e+01  1.90546072e+07  2.67651499e+01
 1.92014194e+07  1.52321597e+01  1.92014194e+07  2.70070053e+01
 1.93493628e+07  1.50762300e+01  1.93493628e+07  2.72736390e+01
 1.94984460e+07  1.49197378e+01  1.94984460e+07  2.75016423e+01
 1.96486779e+07  1.47584127e+01  1.96486779e+07  2.77545109e+01
 1.98000673e+07  1.45969826e+01  1.98000673e+07  2.80230287e+01
 1.99526231e+07  1.44396494e+01  1.99526231e+07  2.82420926e+01
 2.01063544e+07  1.42821728e+01  2.01063544e+07  2.85084090e+01
 2.02612701e+07  1.41209426e+01  2.02612701e+07  2.87848651e+01
 2.04173794e+07  1.39612861e+01  2.04173794e+07  2.90437278e+01
 2.05746916e+07  1.38046879e+01  2.05746916e+07  2.93000856e+01
 2.07332157e+07  1.36390958e+01  2.07332157e+07  2.95940981e+01
 2.08929613e+07  1.34787613e+01  2.08929613e+07  2.98827377e+01
 2.10539377e+07  1.33149945e+01  2.10539377e+07  3.01867778e+01
 2.12161544e+07  1.31529527e+01  2.12161544e+07  3.04773141e+01
 2.13796209e+07  1.29979148e+01  2.13796209e+07  3.07428509e+01
 2.15443469e+07  1.28293920e+01  2.15443469e+07  3.10639654e+01
 2.17103421e+07  1.26718910e+01  2.17103421e+07  3.13460002e+01
 2.18776162e+07  1.25028126e+01  2.18776162e+07  3.16878140e+01
 2.20461792e+07  1.23440912e+01  2.20461792e+07  3.19778490e+01
 2.22160409e+07  1.21766397e+01  2.22160409e+07  3.23135700e+01
 2.23872114e+07  1.20112206e+01  2.23872114e+07  3.26746084e+01
 2.25597007e+07  1.18509132e+01  2.25597007e+07  3.29919015e+01
 2.27335190e+07  1.16852709e+01  2.27335190e+07  3.33352275e+01
 2.29086765e+07  1.15212038e+01  2.29086765e+07  3.36970209e+01
 2.30851836e+07  1.13556220e+01  2.30851836e+07  3.40336194e+01
 2.32630507e+07  1.11923345e+01  2.32630507e+07  3.43687788e+01
 2.34422882e+07  1.10225353e+01  2.34422882e+07  3.47508361e+01
 2.36229066e+07  1.08584938e+01  2.36229066e+07  3.51335218e+01
 2.38049167e+07  1.06899838e+01  2.38049167e+07  3.54993850e+01
 2.39883292e+07  1.05253258e+01  2.39883292e+07  3.58909762e+01
 2.41731548e+07  1.03542711e+01  2.41731548e+07  3.62566759e+01
 2.43594045e+07  1.01905739e+01  2.43594045e+07  3.67236926e+01
 2.45470892e+07  1.00197289e+01  2.45470892e+07  3.71163880e+01
 2.47362199e+07  9.84647141e+00  2.47362199e+07  3.75937660e+01
 2.49268079e+07  9.68504013e+00  2.49268079e+07  3.79898572e+01
 2.51188643e+07  9.51607417e+00  2.51188643e+07  3.84448856e+01
 2.53124005e+07  9.34090225e+00  2.53124005e+07  3.88925127e+01
 2.55074278e+07  9.17410712e+00  2.55074278e+07  3.93626482e+01
 2.57039578e+07  9.00567555e+00  2.57039578e+07  3.97990006e+01
 2.59020020e+07  8.83661417e+00  2.59020020e+07  4.02172097e+01
 2.61015722e+07  8.66925417e+00  2.61015722e+07  4.07187195e+01
 2.63026799e+07  8.49660482e+00  2.63026799e+07  4.12312235e+01
 2.65053372e+07  8.32873617e+00  2.65053372e+07  4.17376413e+01
 2.67095559e+07  8.15455018e+00  2.67095559e+07  4.22368128e+01
 2.69153480e+07  7.98035984e+00  2.69153480e+07  4.28034949e+01
 2.71227258e+07  7.80534197e+00  2.71227258e+07  4.33163235e+01
 2.73317014e+07  7.63209349e+00  2.73317014e+07  4.39496206e+01
 2.75422870e+07  7.46952672e+00  2.75422870e+07  4.44532755e+01
 2.77544952e+07  7.30591853e+00  2.77544952e+07  4.49387986e+01
 2.79683385e+07  7.12241361e+00  2.79683385e+07  4.55445246e+01
 2.81838293e+07  6.95037329e+00  2.81838293e+07  4.61741244e+01
 2.84009805e+07  6.78304781e+00  2.84009805e+07  4.66918352e+01
 2.86198048e+07  6.60790273e+00  2.86198048e+07  4.74621420e+01
 2.88403150e+07  6.43882657e+00  2.88403150e+07  4.80626771e+01
 2.90625243e+07  6.26266862e+00  2.90625243e+07  4.85635450e+01
 2.92864456e+07  6.09600088e+00  2.92864456e+07  4.93419968e+01
 2.95120923e+07  5.91978683e+00  2.95120923e+07  5.00734698e+01
 2.97394775e+07  5.74904915e+00  2.97394775e+07  5.06891816e+01
 2.99686146e+07  5.58538181e+00  2.99686146e+07  5.13571216e+01
 3.01995172e+07  5.40001482e+00  3.01995172e+07  5.21452694e+01
 3.04321989e+07  5.24745673e+00  3.04321989e+07  5.28622964e+01
 3.06666733e+07  5.05759285e+00  3.06666733e+07  5.34506133e+01
 3.09029543e+07  4.89436965e+00  3.09029543e+07  5.43347414e+01
 3.11410558e+07  4.72433794e+00  3.11410558e+07  5.51821807e+01
 3.13809919e+07  4.55783315e+00  3.13809919e+07  5.58658933e+01
 3.16227766e+07  4.38877838e+00  3.16227766e+07  5.65652252e+01
 3.18664242e+07  4.21889488e+00  3.18664242e+07  5.74887487e+01
 3.21119491e+07  4.05599202e+00  3.21119491e+07  5.82870850e+01
 3.23593657e+07  3.89549625e+00  3.23593657e+07  5.94339638e+01
 3.26086886e+07  3.73274897e+00  3.26086886e+07  6.00359288e+01
 3.28599325e+07  3.56544494e+00  3.28599325e+07  6.11953639e+01
 3.31131121e+07  3.40537510e+00  3.31131121e+07  6.18447724e+01
 3.33682425e+07  3.21951043e+00  3.33682425e+07  6.27700994e+01
 3.36253386e+07  3.06631919e+00  3.36253386e+07  6.39968141e+01
 3.38844156e+07  2.90876851e+00  3.38844156e+07  6.49550782e+01
 3.41454887e+07  2.75876328e+00  3.41454887e+07  6.58254956e+01
 3.44085734e+07  2.61958780e+00  3.44085734e+07  6.70168773e+01
 3.46736850e+07  2.45163557e+00  3.46736850e+07  6.78867406e+01
 3.49408393e+07  2.30870983e+00  3.49408393e+07  6.88650292e+01
 3.52100520e+07  2.15442909e+00  3.52100520e+07  7.00531260e+01
 3.54813389e+07  1.97092159e+00  3.54813389e+07  7.09202748e+01
 3.57547160e+07  1.85523877e+00  3.57547160e+07  7.22193001e+01
 3.60301995e+07  1.71178676e+00  3.60301995e+07  7.32598027e+01
 3.63078055e+07  1.56021473e+00  3.63078055e+07  7.45261716e+01
 3.65875504e+07  1.41700941e+00  3.65875504e+07  7.53699572e+01
 3.68694506e+07  1.30734094e+00  3.68694506e+07  7.69543492e+01
 3.71535229e+07  1.15791891e+00  3.71535229e+07  7.80756784e+01
 3.74397839e+07  1.01230162e+00  3.74397839e+07  7.91315732e+01
 3.77282505e+07  9.43232456e-01  3.77282505e+07  8.06585030e+01
 3.80189396e+07  7.83584792e-01  3.80189396e+07  8.17531784e+01
 3.83118685e+07  6.90221356e-01  3.83118685e+07  8.32754041e+01
 3.86070543e+07  6.02481392e-01  3.86070543e+07  8.43429735e+01
 3.89045145e+07  4.56079863e-01  3.89045145e+07  8.53550980e+01
 3.92042666e+07  3.87459169e-01  3.92042666e+07  8.69548560e+01
 3.95063281e+07  2.19213076e-01  3.95063281e+07  8.80276453e+01
 3.98107171e+07  2.12248032e-01  3.98107171e+07  8.94791614e+01
 4.01174512e+07  2.70639431e-02  4.01174512e+07  9.09485489e+01
 4.04265487e+07  -4.13086602e-02  4.04265487e+07  9.20797891e+01
 4.07380278e+07  -1.05413287e-01  4.07380278e+07  9.35123821e+01
 4.10519067e+07  -2.16074658e-01  4.10519067e+07  9.47609721e+01
 4.13682040e+07  -2.19690622e-01  4.13682040e+07  9.66268548e+01
 4.16869383e+07  -3.13927769e-01  4.16869383e+07  9.78688473e+01
 4.20081285e+07  -4.11797634e-01  4.20081285e+07  9.89788264e+01
 4.23317933e+07  -4.86809469e-01  4.23317933e+07  1.00133953e+02
 4.26579519e+07  -4.90322887e-01  4.26579519e+07  1.02082602e+02
 4.29866235e+07  -6.07333829e-01  4.29866235e+07  1.03237224e+02
 4.33178274e+07  -6.01321415e-01  4.33178274e+07  1.04872677e+02
 4.36515832e+07  -6.46842514e-01  4.36515832e+07  1.05568077e+02
 4.39879106e+07  -7.61561528e-01  4.39879106e+07  1.06758819e+02
 4.43268292e+07  -5.96322626e-01  4.43268292e+07  1.09195718e+02
 4.46683592e+07  -8.37414244e-01  4.46683592e+07  1.09508030e+02
 4.50125206e+07  -7.69681832e-01  4.50125206e+07  1.11310098e+02
 4.53593337e+07  -9.22612287e-01  4.53593337e+07  1.13185629e+02
 4.57088190e+07  -7.66691649e-01  4.57088190e+07  1.14498413e+02
 4.60609969e+07  -9.40483105e-01  4.60609969e+07  1.14769021e+02
 4.64158883e+07  -9.35080726e-01  4.64158883e+07  1.16429773e+02
 4.67735141e+07  -7.81786878e-01  4.67735141e+07  1.16738917e+02
 4.71338954e+07  -7.66021994e-01  4.71338954e+07  1.17699781e+02
 4.74970533e+07  -7.53917960e-01  4.74970533e+07  1.18400760e+02
 4.78630092e+07  -8.79053493e-01  4.78630092e+07  1.19371123e+02
 4.82317848e+07  -9.36781889e-01  4.82317848e+07  1.21801061e+02
 4.86034018e+07  -7.48886055e-01  4.86034018e+07  1.20934914e+02
 4.89778819e+07  -9.27441879e-01  4.89778819e+07  1.25736717e+02
 4.93552474e+07  -7.51480265e-01  4.93552474e+07  1.24380020e+02
 4.97355204e+07  -7.40392788e-01  4.97355204e+07  1.26822033e+02
 5.01187234e+07  -7.23686405e-01  5.01187234e+07  1.27473520e+02
 5.05048788e+07  -7.60547493e-01  5.05048788e+07  1.28101312e+02
 5.08940095e+07  -6.93063441e-01  5.08940095e+07  1.31538621e+02
 5.12861384e+07  -7.55323465e-01  5.12861384e+07  1.31321391e+02
 5.16812886e+07  -5.42592418e-01  5.16812886e+07  1.30474942e+02
 5.20794833e+07  -6.00617005e-01  5.20794833e+07  1.32987703e+02
 5.24807460e+07  -6.13172910e-01  5.24807460e+07  1.34245365e+02
 5.28851004e+07  -6.05740785e-01  5.28851004e+07  1.35416339e+02
 5.32925703e+07  -6.16836197e-01  5.32925703e+07  1.36624820e+02
 5.37031796e+07  -5.88264458e-01  5.37031796e+07  1.37020230e+02
 5.41169527e+07  -3.99433551e-01  5.41169527e+07  1.37998650e+02
 5.45339137e+07  -4.97655085e-01  5.45339137e+07  1.38617597e+02
 5.49540874e+07  -2.51341460e-01  5.49540874e+07  1.40048656e+02
 5.53774984e+07  -1.44040528e-01  5.53774984e+07  1.40406431e+02
 5.58041717e+07  -3.76811439e-01  5.58041717e+07  1.41660425e+02
 5.62341325e+07  -4.51691228e-01  5.62341325e+07  1.42544164e+02
 5.66674061e+07  -3.16303150e-01  5.66674061e+07  1.43945969e+02
 5.71040179e+07  -1.61034564e-01  5.71040179e+07  1.44244584e+02
 5.75439937e+07  -2.23645217e-01  5.75439937e+07  1.44428399e+02
 5.79873595e+07  -1.62406450e-01  5.79873595e+07  1.46416218e+02
 5.84341413e+07  7.32207383e-03  5.84341413e+07  1.46963842e+02
 5.88843655e+07  1.76262713e-02  5.88843655e+07  1.47490139e+02
 5.93380586e+07  7.79439329e-02  5.93380586e+07  1.47678187e+02
 5.97952473e+07  9.66642104e-02  5.97952473e+07  1.49214341e+02
 6.02559586e+07  7.55891741e-02  6.02559586e+07  1.49386876e+02
 6.07202196e+07  2.56069299e-01  6.07202196e+07  1.50307041e+02
 6.11880576e+07  2.29861486e-01  6.11880576e+07  1.51355878e+02
 6.16595002e+07  2.20579757e-01  6.16595002e+07  1.51001442e+02
 6.21345752e+07  2.81537834e-01  6.21345752e+07  1.51503782e+02
 6.26133105e+07  3.07988853e-01  6.26133105e+07  1.52288422e+02
 6.30957344e+07  4.95186613e-01  6.30957344e+07  1.52866195e+02
 6.35818754e+07  5.14598786e-01  6.35818754e+07  1.53198160e+02
 6.40717619e+07  3.99517659e-01  6.40717619e+07  1.53833416e+02
 6.45654229e+07  6.19118909e-01  6.45654229e+07  1.54717300e+02
 6.50628875e+07  5.85892287e-01  6.50628875e+07  1.55863626e+02
 6.55641849e+07  7.05669254e-01  6.55641849e+07  1.55996569e+02
 6.60693448e+07  6.10887531e-01  6.60693448e+07  1.57418778e+02
 6.65783968e+07  7.42123961e-01  6.65783968e+07  1.57380795e+02
 6.70913710e+07  8.06111069e-01  6.70913710e+07  1.57843672e+02
 6.76082975e+07  7.76830564e-01  6.76082975e+07  1.59285072e+02
 6.81292069e+07  9.43314605e-01  6.81292069e+07  1.59066961e+02
 6.86541298e+07  9.68144729e-01  6.86541298e+07  1.58287841e+02
 6.91830971e+07  7.66769728e-01  6.91830971e+07  1.60459907e+02
 6.97161400e+07  9.41538754e-01  6.97161400e+07  1.59983089e+02
 7.02532899e+07  9.56581694e-01  7.02532899e+07  1.60971916e+02
 7.07945784e+07  1.11184210e+00  7.07945784e+07  1.61449410e+02
 7.13400375e+07  1.14154770e+00  7.13400375e+07  1.61069745e+02
 7.18896992e+07  1.07960533e+00  7.18896992e+07  1.62470841e+02
 7.24435960e+07  1.27927552e+00  7.24435960e+07  1.62521903e+02
 7.30017605e+07  1.33662181e+00  7.30017605e+07  1.63260340e+02
 7.35642254e+07  1.24571424e+00  7.35642254e+07  1.63596333e+02
 7.41310241e+07  1.34565383e+00  7.41310241e+07  1.64359124e+02
 7.47021899e+07  1.41103937e+00  7.47021899e+07  1.64532767e+02
 7.52777564e+07  1.43329587e+00  7.52777564e+07  1.65110204e+02
 7.58577575e+07  1.55502755e+00  7.58577575e+07  1.64512147e+02
 7.64422274e+07  1.42976479e+00  7.64422274e+07  1.65862509e+02
 7.70312006e+07  1.52250823e+00  7.70312006e+07  1.66344890e+02
 7.76247117e+07  1.42783352e+00  7.76247117e+07  1.66740069e+02
 7.82227956e+07  1.76007172e+00  7.82227956e+07  1.66937963e+02
 7.88254877e+07  1.77030246e+00  7.88254877e+07  1.67165120e+02
 7.94328235e+07  1.65892890e+00  7.94328235e+07  1.67643394e+02
 8.00448386e+07  1.90398443e+00  8.00448386e+07  1.68574499e+02
 8.06615692e+07  1.78731986e+00  8.06615692e+07  1.68607882e+02
 8.12830516e+07  1.73373433e+00  8.12830516e+07  1.68983328e+02
 8.19093224e+07  1.88185658e+00  8.19093224e+07  1.69279959e+02
 8.25404185e+07  1.95214452e+00  8.25404185e+07  1.69429112e+02
 8.31763771e+07  1.84866335e+00  8.31763771e+07  1.70426731e+02
 8.38172356e+07  2.00983241e+00  8.38172356e+07  1.70414485e+02
 8.44630319e+07  2.06608990e+00  8.44630319e+07  1.70418071e+02
 8.51138038e+07  2.16282722e+00  8.51138038e+07  1.71022050e+02
 8.57695899e+07  2.11405396e+00  8.57695899e+07  1.70960956e+02
 8.64304286e+07  2.20613269e+00  8.64304286e+07  1.71392288e+02
 8.70963590e+07  2.28177747e+00  8.70963590e+07  1.71774754e+02
 8.77674203e+07  2.23533347e+00  8.77674203e+07  1.71791694e+02
 8.84436519e+07  2.31625557e+00  8.84436519e+07  1.72610010e+02
 8.91250938e+07  2.28629801e+00  8.91250938e+07  1.72921577e+02
 8.98117861e+07  2.25171355e+00  8.98117861e+07  1.72923952e+02
 9.05037692e+07  2.30346813e+00  9.05037692e+07  1.72963319e+02
 9.12010839e+07  2.35027593e+00  9.12010839e+07  1.73976530e+02
 9.19037713e+07  2.36280584e+00  9.19037713e+07  1.74298645e+02
 9.26118728e+07  2.37951886e+00  9.26118728e+07  1.74411742e+02
 9.33254301e+07  2.55045588e+00  9.33254301e+07  1.74741821e+02
 9.40444852e+07  2.51587424e+00  9.40444852e+07  1.75252305e+02
 9.47690805e+07  2.48436250e+00  9.47690805e+07  1.75547933e+02
 9.54992586e+07  2.64722950e+00  9.54992586e+07  1.76139377e+02
 9.62350626e+07  2.63874291e+00  9.62350626e+07  1.76067693e+02
 9.69765359e+07  2.59589229e+00  9.69765359e+07  1.76608507e+02
 9.77237221e+07  2.61625335e+00  9.77237221e+07  1.76342423e+02
 9.84766652e+07  2.60124534e+00  9.84766652e+07  1.76931787e+02
 9.92354096e+07  2.72240553e+00  9.92354096e+07  1.77034642e+02
 1.00000000e+08  2.80156850e+00  1.00000000e+08  1.77450120e+02
 1.00770481e+08  2.90540768e+00  1.00770481e+08  1.77543442e+02
 1.01546899e+08  2.98017533e+00  1.01546899e+08  1.77938297e+02
 1.02329299e+08  2.90305475e+00  1.02329299e+08  1.78129638e+02
 1.03117727e+08  2.81884361e+00  1.03117727e+08  1.78324471e+02
 1.03912230e+08  2.86681905e+00  1.03912230e+08  1.78360930e+02
 1.04712855e+08  2.85961833e+00  1.04712855e+08  1.78944468e+02
 1.05519648e+08  2.82667626e+00  1.05519648e+08  1.79558168e+02
 1.06332657e+08  2.97871097e+00  1.06332657e+08  1.79683091e+02
 1.07151931e+08  3.15306081e+00  1.07151931e+08  1.79428172e+02
 1.07977516e+08  3.20345169e+00  1.07977516e+08  1.79638856e+02
 1.08809463e+08  3.12305601e+00  1.08809463e+08  1.80054005e+02
 1.09647820e+08  3.26270039e+00  1.09647820e+08  1.80234699e+02
 1.10492636e+08  3.16047282e+00  1.10492636e+08  1.80649339e+02
 1.11343961e+08  3.34780183e+00  1.11343961e+08  1.80674421e+02
 1.12201845e+08  3.43038547e+00  1.12201845e+08  1.80979757e+02
 1.13066340e+08  3.43889025e+00  1.13066340e+08  1.81311159e+02
 1.13937495e+08  3.51801597e+00  1.13937495e+08  1.81246262e+02
 1.14815362e+08  3.54333442e+00  1.14815362e+08  1.81408580e+02
 1.15699993e+08  3.31885284e+00  1.15699993e+08  1.82093800e+02
 1.16591440e+08  3.32958879e+00  1.16591440e+08  1.82440547e+02
 1.17489755e+08  3.51563209e+00  1.17489755e+08  1.82548137e+02
 1.18394992e+08  3.42561469e+00  1.18394992e+08  1.82711224e+02
 1.19307204e+08  3.64205227e+00  1.19307204e+08  1.82929555e+02
 1.20226443e+08  3.64633927e+00  1.20226443e+08  1.82881215e+02
 1.21152766e+08  3.63927865e+00  1.21152766e+08  1.83486034e+02
 1.22086225e+08  3.76707328e+00  1.22086225e+08  1.83254675e+02
 1.23026877e+08  3.77832262e+00  1.23026877e+08  1.83593578e+02
 1.23974776e+08  3.66775120e+00  1.23974776e+08  1.83625615e+02
 1.24929979e+08  3.67823725e+00  1.24929979e+08  1.83769914e+02
 1.25892541e+08  3.80985658e+00  1.25892541e+08  1.83673675e+02
 1.26862520e+08  3.84587565e+00  1.26862520e+08  1.84274097e+02
 1.27839972e+08  3.86706172e+00  1.27839972e+08  1.84250130e+02
 1.28824955e+08  4.01051188e+00  1.28824955e+08  1.84405023e+02
 1.29817528e+08  3.89664693e+00  1.29817528e+08  1.84654179e+02
 1.30817747e+08  4.04936481e+00  1.30817747e+08  1.85004263e+02
 1.31825674e+08  3.95541803e+00  1.31825674e+08  1.85062124e+02
 1.32841366e+08  4.13525372e+00  1.32841366e+08  1.84972525e+02
 1.33864884e+08  4.00985913e+00  1.33864884e+08  1.85530042e+02
 1.34896288e+08  4.04758036e+00  1.34896288e+08  1.85870090e+02
 1.35935639e+08  4.09204665e+00  1.35935639e+08  1.85870004e+02
 1.36982998e+08  4.12915008e+00  1.36982998e+08  1.85944941e+02
 1.38038426e+08  4.29040628e+00  1.38038426e+08  1.86123272e+02
 1.39101987e+08  4.32554123e+00  1.39101987e+08  1.85957316e+02
 1.40173742e+08  4.23996464e+00  1.40173742e+08  1.86485016e+02
 1.41253754e+08  4.27209161e+00  1.41253754e+08  1.86432533e+02
 1.42342088e+08  4.17594783e+00  1.42342088e+08  1.86922845e+02
 1.43438808e+08  4.22899476e+00  1.43438808e+08  1.86932532e+02
 1.44543977e+08  4.73557777e+00  1.44543977e+08  1.86585411e+02
 1.45657662e+08  4.50052817e+00  1.45657662e+08  1.86935919e+02
 1.46779927e+08  4.55009486e+00  1.46779927e+08  1.86967341e+02
 1.47910839e+08  4.92182779e+00  1.47910839e+08  1.87077987e+02
 1.49050464e+08  4.84062274e+00  1.49050464e+08  1.87335037e+02
 1.50198870e+08  4.58117125e+00  1.50198870e+08  1.87275866e+02
 1.51356125e+08  4.65158458e+00  1.51356125e+08  1.87908177e+02
 1.52522296e+08  4.87846814e+00  1.52522296e+08  1.87422980e+02
 1.53697452e+08  4.79268747e+00  1.53697452e+08  1.87943126e+02
 1.54881662e+08  4.68558687e+00  1.54881662e+08  1.88121453e+02
 1.56074996e+08  4.94866012e+00  1.56074996e+08  1.88365794e+02
 1.57277525e+08  4.50026839e+00  1.57277525e+08  1.88748817e+02
 1.58489319e+08  4.93224554e+00  1.58489319e+08  1.88256472e+02
 1.59710450e+08  4.82322893e+00  1.59710450e+08  1.88557075e+02
 1.60940989e+08  4.91962497e+00  1.60940989e+08  1.88455538e+02
 1.62181010e+08  4.82492160e+00  1.62181010e+08  1.88531033e+02
 1.63430584e+08  4.72037213e+00  1.63430584e+08  1.89003386e+02
 1.64689787e+08  4.80734307e+00  1.64689787e+08  1.89074510e+02
 1.65958691e+08  5.10405651e+00  1.65958691e+08  1.89030531e+02
 1.67237372e+08  5.00557807e+00  1.67237372e+08  1.89038374e+02
 1.68525904e+08  5.11051349e+00  1.68525904e+08  1.88868436e+02
 1.69824365e+08  5.65843660e+00  1.69824365e+08  1.88741560e+02
 1.71132830e+08  5.34289266e+00  1.71132830e+08  1.89296220e+02
 1.72451377e+08  5.46833388e+00  1.72451377e+08  1.89282028e+02
 1.73780083e+08  4.94345500e+00  1.73780083e+08  1.89351730e+02
 1.75119026e+08  5.48556805e+00  1.75119026e+08  1.89235131e+02
 1.76468286e+08  5.62967242e+00  1.76468286e+08  1.89337620e+02
 1.77827941e+08  5.29683026e+00  1.77827941e+08  1.90149140e+02
 1.79198072e+08  5.19761262e+00  1.79198072e+08  1.89769044e+02
 1.80578760e+08  5.32156945e+00  1.80578760e+08  1.89786555e+02
 1.81970086e+08  5.23867287e+00  1.81970086e+08  1.90091867e+02
 1.83372132e+08  5.36433834e+00  1.83372132e+08  1.90051871e+02
 1.84784980e+08  5.50881221e+00  1.84784980e+08  1.90060901e+02
 1.86208714e+08  5.65644486e+00  1.86208714e+08  1.90120179e+02
 1.87643417e+08  5.31095895e+00  1.87643417e+08  1.90337380e+02
 1.89089175e+08  5.46275116e+00  1.89089175e+08  1.89919237e+02
 1.90546072e+08  5.61516782e+00  1.90546072e+08  1.90017128e+02
 1.92014194e+08  5.52148204e+00  1.92014194e+08  1.90153504e+02
 1.93493628e+08  5.67636016e+00  1.93493628e+08  1.89850232e+02
 1.94984460e+08  5.86605811e+00  1.94984460e+08  1.90033549e+02
 1.96486779e+08  5.74993752e+00  1.96486779e+08  1.89901455e+02
 1.98000673e+08  5.92717796e+00  1.98000673e+08  1.89629530e+02
 1.99526231e+08  5.83855987e+00  1.99526231e+08  1.90142169e+02
 2.01063544e+08  6.32200146e+00  2.01063544e+08  1.89836256e+02
 2.02612701e+08  5.63621837e+00  2.02612701e+08  1.90297832e+02
 2.04173794e+08  6.12812435e+00  2.04173794e+08  1.89731162e+02
 2.05746916e+08  6.04134580e+00  2.05746916e+08  1.90273862e+02
 2.07332157e+08  5.63198531e+00  2.07332157e+08  1.90036192e+02
 2.08929613e+08  5.83456791e+00  2.08929613e+08  1.90438485e+02
 2.10539377e+08  6.04665890e+00  2.10539377e+08  1.90160768e+02
 2.12161544e+08  6.26621552e+00  2.12161544e+08  1.90110975e+02
 2.13796209e+08  6.16127652e+00  2.13796209e+08  1.89850226e+02
 2.15443469e+08  6.06439061e+00  2.15443469e+08  1.90214602e+02
 2.17103421e+08  6.30103554e+00  2.17103421e+08  1.90123828e+02
 2.18776162e+08  5.85728699e+00  2.18776162e+08  1.90552122e+02
 2.20461792e+08  6.43933799e+00  2.20461792e+08  1.89788743e+02
 2.22160409e+08  6.71438471e+00  2.22160409e+08  1.90160969e+02
 2.23872114e+08  5.53780404e+00  2.23872114e+08  1.90032308e+02
 2.25597007e+08  6.12623985e+00  2.25597007e+08  1.89736175e+02
 2.27335190e+08  6.40555788e+00  2.27335190e+08  1.90050978e+02
 2.29086765e+08  6.30151276e+00  2.29086765e+08  1.90334832e+02
 2.30851836e+08  6.18455191e+00  2.30851836e+08  1.89727494e+02
 2.32630507e+08  6.45684849e+00  2.32630507e+08  1.89764674e+02
 2.34422882e+08  6.76594701e+00  2.34422882e+08  1.89781606e+02
 2.36229066e+08  6.24488995e+00  2.36229066e+08  1.89439281e+02
 2.38049167e+08  6.97445036e+00  2.38049167e+08  1.89725429e+02
 2.39883292e+08  6.85975327e+00  2.39883292e+08  1.89780489e+02
 2.41731548e+08  6.75575453e+00  2.41731548e+08  1.89262514e+02
 2.43594045e+08  6.64270357e+00  2.43594045e+08  1.89594741e+02
 2.45470892e+08  6.98662140e+00  2.45470892e+08  1.89259712e+02
 2.47362199e+08  6.42469539e+00  2.47362199e+08  1.90060247e+02
 2.49268079e+08  6.75863740e+00  2.49268079e+08  1.89006491e+02
 2.51188643e+08  6.23196757e+00  2.51188643e+08  1.89695114e+02
 2.53124005e+08  6.54887833e+00  2.53124005e+08  1.89491773e+02
 2.55074278e+08  5.57718819e+00  2.55074278e+08  1.89429607e+02
 2.57039578e+08  6.33862278e+00  2.57039578e+08  1.89563770e+02
 2.59020020e+08  6.69311695e+00  2.59020020e+08  1.89567550e+02
 2.61015722e+08  6.56794573e+00  2.61015722e+08  1.88941014e+02
 2.63026799e+08  6.47716788e+00  2.63026799e+08  1.89384868e+02
 2.65053372e+08  6.84549144e+00  2.65053372e+08  1.89095768e+02
 2.67095559e+08  6.24391580e+00  2.67095559e+08  1.89093022e+02
 2.69153480e+08  6.62079117e+00  2.69153480e+08  1.88557681e+02
 2.71227258e+08  6.01525620e+00  2.71227258e+08  1.89070681e+02
 2.73317014e+08  6.91078693e+00  2.73317014e+08  1.88690836e+02
 2.75422870e+08  6.81444226e+00  2.75422870e+08  1.88759217e+02
 2.77544952e+08  6.17612728e+00  2.77544952e+08  1.89149407e+02
 2.79683385e+08  6.07748928e+00  2.79683385e+08  1.88598914e+02
 2.81838293e+08  6.47487556e+00  2.81838293e+08  1.88599544e+02
 2.84009805e+08  6.36663112e+00  2.84009805e+08  1.88769342e+02
 2.86198048e+08  7.38861919e+00  2.86198048e+08  1.88350810e+02
 2.88403150e+08  7.27567584e+00  2.88403150e+08  1.88596048e+02
 2.90625243e+08  6.57388030e+00  2.90625243e+08  1.88462546e+02
 2.92864456e+08  6.45010970e+00  2.92864456e+08  1.88043282e+02
 2.95120923e+08  6.93440042e+00  2.95120923e+08  1.88168089e+02
 2.97394775e+08  6.81569481e+00  2.97394775e+08  1.87779229e+02
 2.99686146e+08  7.32115334e+00  2.99686146e+08  1.87839019e+02
 3.01995172e+08  7.22853239e+00  3.01995172e+08  1.88479660e+02
 3.04321989e+08  6.45788427e+00  3.04321989e+08  1.88078171e+02
 3.06666733e+08  6.98576797e+00  3.06666733e+08  1.87959460e+02
 3.09029543e+08  6.87149222e+00  3.09029543e+08  1.87538220e+02
 3.11410558e+08  6.73640927e+00  3.11410558e+08  1.87337616e+02
 3.13809919e+08  8.89723345e+00  3.13809919e+08  1.87537828e+02
 3.16227766e+08  7.19076282e+00  3.16227766e+08  1.87209494e+02
 3.18664242e+08  7.84307560e+00  3.18664242e+08  1.87017136e+02
 3.21119491e+08  6.95230746e+00  3.21119491e+08  1.87089272e+02
 3.23593657e+08  6.84425942e+00  3.23593657e+08  1.87243797e+02
 3.26086886e+08  7.46805149e+00  3.26086886e+08  1.86852407e+02
 3.28599325e+08  6.58879534e+00  3.28599325e+08  1.86914276e+02
 3.31131121e+08  6.46998288e+00  3.31131121e+08  1.86760910e+02
 3.33682425e+08  7.10516349e+00  3.33682425e+08  1.86659765e+02
 3.36253386e+08  6.98566605e+00  3.36253386e+08  1.86462177e+02
 3.38844156e+08  6.10784868e+00  3.38844156e+08  1.86587804e+02
 3.41454887e+08  7.55973302e+00  3.41454887e+08  1.86320299e+02
 3.44085734e+08  6.60195039e+00  3.44085734e+08  1.86230380e+02
 3.46736850e+08  6.49223357e+00  3.46736850e+08  1.86096009e+02
 3.49408393e+08  7.20358532e+00  3.49408393e+08  1.86344164e+02
 3.52100520e+08  7.07257100e+00  3.52100520e+08  1.86137725e+02
 3.54813389e+08  6.92682567e+00  3.54813389e+08  1.86041301e+02
 3.57547160e+08  6.82411065e+00  3.57547160e+08  1.86148486e+02
 3.60301995e+08  6.69361440e+00  3.60301995e+08  1.85999587e+02
 3.63078055e+08  7.47818645e+00  3.63078055e+08  1.85481996e+02
 3.65875504e+08  7.34804300e+00  3.65875504e+08  1.85930907e+02
 3.68694506e+08  9.39949102e+00  3.68694506e+08  1.85818685e+02
 3.71535229e+08  8.12927363e+00  3.71535229e+08  1.85501009e+02
 3.74397839e+08  6.97485152e+00  3.74397839e+08  1.85715875e+02
 3.77282505e+08  9.01449992e+00  3.77282505e+08  1.85500248e+02
 3.80189396e+08  7.72859448e+00  3.80189396e+08  1.85149227e+02
 3.83118685e+08  6.58232701e+00  3.83118685e+08  1.85188758e+02
 3.86070543e+08  7.48535115e+00  3.86070543e+08  1.85136535e+02
 3.89045145e+08  8.50568684e+00  3.89045145e+08  1.85049108e+02
 3.92042666e+08  7.21077724e+00  3.92042666e+08  1.84937462e+02
 3.95063281e+08  8.25164571e+00  3.95063281e+08  1.84885275e+02
 3.98107171e+08  6.96591423e+00  3.98107171e+08  1.84861915e+02
 4.01174512e+08  6.84537109e+00  4.01174512e+08  1.84704696e+02
 4.04265487e+08  6.71586663e+00  4.04265487e+08  1.84715028e+02
 4.07380278e+08  6.59499059e+00  4.07380278e+08  1.84736138e+02
 4.10519067e+08  6.45353847e+00  4.10519067e+08  1.84700759e+02
 4.13682040e+08  6.31250024e+00  4.13682040e+08  1.84573554e+02
 4.16869383e+08  6.19600209e+00  4.16869383e+08  1.84461557e+02
 4.20081285e+08  7.22533899e+00  4.20081285e+08  1.84226268e+02
 4.23317933e+08  5.93684145e+00  4.23317933e+08  1.84289584e+02
 4.26579519e+08  6.95251116e+00  4.26579519e+08  1.84070059e+02
 4.29866235e+08  6.81308973e+00  4.29866235e+08  1.84184085e+02
 4.33178274e+08  6.70946387e+00  4.33178274e+08  1.84061270e+02
 4.36515832e+08  9.47960918e+00  4.36515832e+08  1.84128302e+02
 4.39879106e+08  6.43163330e+00  4.39879106e+08  1.83910007e+02
 4.43268292e+08  6.30447172e+00  4.43268292e+08  1.84036032e+02
 4.46683592e+08  6.18545147e+00  4.46683592e+08  1.83751345e+02
 4.50125206e+08  8.95780629e+00  4.50125206e+08  1.83721606e+02
 4.53593337e+08  8.80932912e+00  4.53593337e+08  1.83746807e+02
 4.57088190e+08  8.71138960e+00  4.57088190e+08  1.83660220e+02
 4.60609969e+08  5.64149928e+00  4.60609969e+08  1.83488068e+02
 4.64158883e+08  4.37884630e+00  4.64158883e+08  1.83447460e+02
 4.67735141e+08  8.29409819e+00  4.67735141e+08  1.83812046e+02
 4.71338954e+08  6.60320594e+00  4.71338954e+08  1.83322811e+02
 4.74970533e+08  6.48420495e+00  4.74970533e+08  1.83200546e+02
 4.78630092e+08  6.34075874e+00  4.78630092e+08  1.83419897e+02
 4.82317848e+08  7.77764446e+00  4.82317848e+08  1.83268854e+02
 4.86034018e+08  7.65774015e+00  4.86034018e+08  1.83393427e+02
 4.89778819e+08  5.93690023e+00  4.89778819e+08  1.82739692e+02
 4.93552474e+08  7.37848903e+00  4.93552474e+08  1.83187196e+02
 4.97355204e+08  9.17378799e+00  4.97355204e+08  1.83172431e+02
 5.01187234e+08  9.02281947e+00  5.01187234e+08  1.83222104e+02
 5.05048788e+08  6.97792684e+00  5.05048788e+08  1.82985527e+02
 5.08940095e+08  8.75907181e+00  5.08940095e+08  1.83073863e+02
 5.12861384e+08  1.11363754e+01  5.12861384e+08  1.82373957e+02
 5.16812886e+08  8.51637561e+00  5.16812886e+08  1.82618594e+02
 5.20794833e+08  8.37188185e+00  5.20794833e+08  1.83000211e+02
 5.24807460e+08  8.22152118e+00  5.24807460e+08  1.82933556e+02
 5.28851004e+08  6.18901503e+00  5.28851004e+08  1.82508556e+02
 5.32925703e+08  6.02332326e+00  5.32925703e+08  1.82368514e+02
 5.37031796e+08  1.03351181e+01  5.37031796e+08  1.82416388e+02
 5.41169527e+08  1.01854032e+01  5.41169527e+08  1.82626247e+02
 5.45339137e+08  7.59555007e+00  5.45339137e+08  1.82230214e+02
 5.49540874e+08  5.50669065e+00  5.49540874e+08  1.82307581e+02
 5.53774984e+08  9.79054585e+00  5.53774984e+08  1.82603493e+02
 5.58041717e+08  7.18260625e+00  5.58041717e+08  1.82181897e+02
 5.62341325e+08  7.04413671e+00  5.62341325e+08  1.82295160e+02
 5.66674061e+08  1.29091627e+01  5.66674061e+08  1.82217662e+02
 5.71040179e+08  9.25915395e+00  5.71040179e+08  1.81951670e+02
 5.75439937e+08  1.26287574e+01  5.75439937e+08  1.81849061e+02
 5.79873595e+08  4.57557099e+00  5.79873595e+08  1.82169742e+02
 5.84341413e+08  4.43549550e+00  5.84341413e+08  1.81988638e+02
 5.88843655e+08  8.72505525e+00  5.88843655e+08  1.82386221e+02
 5.93380586e+08  8.59631212e+00  5.93380586e+08  1.82108910e+02
 5.97952473e+08  1.19548228e+01  5.97952473e+08  1.82064749e+02
 6.02559586e+08  1.18452400e+01  6.02559586e+08  1.81513781e+02
 6.07202196e+08  8.19348949e+00  6.07202196e+08  1.81609849e+02
 6.11880576e+08  1.15749992e+01  6.11880576e+08  1.81166086e+02
 6.16595002e+08  7.90278482e+00  6.16595002e+08  1.82204283e+02
 6.21345752e+08  7.78344398e+00  6.21345752e+08  1.81495519e+02
 6.26133105e+08  7.64065091e+00  6.26133105e+08  1.81322721e+02
 6.30957344e+08  7.50537283e+00  6.30957344e+08  1.81773286e+02
 6.35818754e+08  4.88748204e+00  6.35818754e+08  1.81736936e+02
 6.40717619e+08  1.07547436e+01  6.40717619e+08  1.81666966e+02
 6.45654229e+08  1.06151577e+01  6.45654229e+08  1.81995011e+02
 6.50628875e+08  6.97820577e+00  6.50628875e+08  1.81350566e+02
 6.55641849e+08  6.83746080e+00  6.55641849e+08  1.81264354e+02
 6.60693448e+08  6.69751646e+00  6.60693448e+08  1.81326158e+02
 6.65783968e+08  6.55950261e+00  6.65783968e+08  1.81806863e+02
 6.70913710e+08  6.43840585e+00  6.70913710e+08  1.81325536e+02
 6.76082975e+08  6.31510351e+00  6.76082975e+08  1.81189287e+02
 6.81292069e+08  9.66975773e+00  6.81292069e+08  1.81878129e+02
 6.86541298e+08  9.54273354e+00  6.86541298e+08  1.81682255e+02
 6.91830971e+08  9.40576645e+00  6.91830971e+08  1.81336383e+02
 6.97161400e+08  1.53035038e+01  6.97161400e+08  1.81387924e+02
 7.02532899e+08  9.13598681e+00  7.02532899e+08  1.81612833e+02
 7.07945784e+08  8.99870922e+00  7.07945784e+08  1.81569230e+02
 7.13400375e+08  8.86677710e+00  7.13400375e+08  1.80988359e+02
 7.18896992e+08  8.73617040e+00  7.18896992e+08  1.81037347e+02
 7.24435960e+08  8.57697403e+00  7.24435960e+08  1.81383320e+02
 7.30017605e+08  4.94264100e+00  7.30017605e+08  1.81140154e+02
 7.35642254e+08  8.33710957e+00  7.35642254e+08  1.81307531e+02
 7.41310241e+08  4.69099154e+00  7.41310241e+08  1.81068925e+02
 7.47021899e+08  1.40764167e+01  7.47021899e+08  1.82386763e+02
 7.52777564e+08  7.89661421e+00  7.52777564e+08  1.80874641e+02
 7.58577575e+08  7.79161131e+00  7.58577575e+08  1.81227470e+02
 7.64422274e+08  4.16078071e+00  7.64422274e+08  1.80747635e+02
 7.70312006e+08  7.53137355e+00  7.70312006e+08  1.80814136e+02
 7.76247117e+08  3.88613591e+00  7.76247117e+08  1.80523142e+02
 7.82227956e+08  1.32651667e+01  7.82227956e+08  1.79906332e+02
 7.88254877e+08  1.31275297e+01  7.88254877e+08  1.81467471e+02
 7.94328235e+08  3.46762296e+00  7.94328235e+08  1.80950234e+02
 8.00448386e+08  6.84704935e+00  8.00448386e+08  1.80831768e+02
 8.06615692e+08  1.27309685e+01  8.06615692e+08  1.81650212e+02
 8.12830516e+08  3.06810883e+00  8.12830516e+08  1.80560249e+02
 8.19093224e+08  6.42697813e+00  8.19093224e+08  1.81035117e+02
 8.25404185e+08  6.30604126e+00  8.25404185e+08  1.80622648e+02
 8.31763771e+08  2.66596028e+00  8.31763771e+08  1.80305469e+02
 8.38172356e+08  6.06051255e+00  8.38172356e+08  1.80004677e+02
 8.44630319e+08  5.90859792e+00  8.44630319e+08  1.80320676e+02
 8.51138038e+08  1.17780430e+01  8.51138038e+08  1.81182135e+02
 8.57695899e+08  1.16290133e+01  8.57695899e+08  1.80802434e+02
 8.64304286e+08  5.50904959e+00  8.64304286e+08  1.80367195e+02
 8.70963590e+08  5.35958972e+00  8.70963590e+08  1.80464229e+02
 8.77674203e+08  5.24226837e+00  8.77674203e+08  1.80512486e+02
 8.84436519e+08  5.10522189e+00  8.84436519e+08  1.79322506e+02
 8.91250938e+08  4.97336726e+00  8.91250938e+08  1.79810399e+02
 8.98117861e+08  4.82631066e+00  8.98117861e+08  1.80511355e+02
 9.05037692e+08  1.16420797e+00  9.05037692e+08  1.80211050e+02
 9.12010839e+08  -1.47092946e+00  9.12010839e+08  1.80151584e+02
 9.19037713e+08  4.42588108e+00  9.19037713e+08  1.80328660e+02
 9.26118728e+08  4.29049976e+00  9.26118728e+08  1.80299332e+02
 9.33254301e+08  1.01555372e+01  9.33254301e+08  1.80388062e+02
 9.40444852e+08  4.01425317e+00  9.40444852e+08  1.80288719e+02
 9.47690805e+08  9.89475274e+00  9.47690805e+08  1.79544865e+02
 9.54992586e+08  9.77116046e+00  9.54992586e+08  1.79984695e+02
 9.62350626e+08  9.61307112e+00  9.62350626e+08  1.79640610e+02
 9.69765359e+08  9.47331101e+00  9.69765359e+08  1.79679460e+02
 9.77237221e+08  9.35323435e+00  9.77237221e+08  1.80871757e+02
 9.84766652e+08  9.20705982e+00  9.84766652e+08  1.81017570e+02
 9.92354096e+08  9.08376251e+00  9.92354096e+08  1.80029048e+02
 1.00000000e+09  -5.84270054e-01  1.00000000e+09  1.79874314e+02
