 1.00000000e+00  4.63856906e+01  1.00000000e+00  1.79999998e+02
 1.00770481e+00  4.63856906e+01  1.00770481e+00  1.79999998e+02
 1.01546899e+00  4.63856906e+01  1.01546899e+00  1.79999998e+02
 1.02329299e+00  4.63856906e+01  1.02329299e+00  1.79999998e+02
 1.03117727e+00  4.63856906e+01  1.03117727e+00  1.79999998e+02
 1.03912230e+00  4.63856906e+01  1.03912230e+00  1.79999998e+02
 1.04712855e+00  4.63856906e+01  1.04712855e+00  1.79999998e+02
 1.05519648e+00  4.63856906e+01  1.05519648e+00  1.79999998e+02
 1.06332657e+00  4.63856906e+01  1.06332657e+00  1.79999998e+02
 1.07151931e+00  4.63856906e+01  1.07151931e+00  1.79999998e+02
 1.07977516e+00  4.63856906e+01  1.07977516e+00  1.79999998e+02
 1.08809463e+00  4.63856906e+01  1.08809463e+00  1.79999998e+02
 1.09647820e+00  4.63856906e+01  1.09647820e+00  1.79999998e+02
 1.10492636e+00  4.63856906e+01  1.10492636e+00  1.79999998e+02
 1.11343961e+00  4.63856906e+01  1.11343961e+00  1.79999998e+02
 1.12201845e+00  4.63856906e+01  1.12201845e+00  1.79999998e+02
 1.13066340e+00  4.63856906e+01  1.13066340e+00  1.79999998e+02
 1.13937495e+00  4.63856906e+01  1.13937495e+00  1.79999998e+02
 1.14815362e+00  4.63856906e+01  1.14815362e+00  1.79999998e+02
 1.15699993e+00  4.63856906e+01  1.15699993e+00  1.79999998e+02
 1.16591440e+00  4.63856906e+01  1.16591440e+00  1.79999998e+02
 1.17489755e+00  4.63856906e+01  1.17489755e+00  1.79999998e+02
 1.18394992e+00  4.63856906e+01  1.18394992e+00  1.79999998e+02
 1.19307204e+00  4.63856906e+01  1.19307204e+00  1.79999998e+02
 1.20226443e+00  4.63856906e+01  1.20226443e+00  1.79999998e+02
 1.21152766e+00  4.63856906e+01  1.21152766e+00  1.79999998e+02
 1.22086225e+00  4.63856906e+01  1.22086225e+00  1.79999998e+02
 1.23026877e+00  4.63856906e+01  1.23026877e+00  1.79999998e+02
 1.23974776e+00  4.63856906e+01  1.23974776e+00  1.79999998e+02
 1.24929979e+00  4.63856906e+01  1.24929979e+00  1.79999998e+02
 1.25892541e+00  4.63856906e+01  1.25892541e+00  1.79999998e+02
 1.26862520e+00  4.63856906e+01  1.26862520e+00  1.79999998e+02
 1.27839972e+00  4.63856906e+01  1.27839972e+00  1.79999998e+02
 1.28824955e+00  4.63856906e+01  1.28824955e+00  1.79999998e+02
 1.29817528e+00  4.63856906e+01  1.29817528e+00  1.79999998e+02
 1.30817747e+00  4.63856906e+01  1.30817747e+00  1.79999998e+02
 1.31825674e+00  4.63856906e+01  1.31825674e+00  1.79999998e+02
 1.32841366e+00  4.63856906e+01  1.32841366e+00  1.79999998e+02
 1.33864884e+00  4.63856906e+01  1.33864884e+00  1.79999998e+02
 1.34896288e+00  4.63856906e+01  1.34896288e+00  1.79999998e+02
 1.35935639e+00  4.63856906e+01  1.35935639e+00  1.79999998e+02
 1.36982998e+00  4.63856906e+01  1.36982998e+00  1.79999998e+02
 1.38038426e+00  4.63856906e+01  1.38038426e+00  1.79999998e+02
 1.39101987e+00  4.63856906e+01  1.39101987e+00  1.79999998e+02
 1.40173742e+00  4.63856906e+01  1.40173742e+00  1.79999998e+02
 1.41253754e+00  4.63856906e+01  1.41253754e+00  1.79999998e+02
 1.42342088e+00  4.63856906e+01  1.42342088e+00  1.79999998e+02
 1.43438808e+00  4.63856906e+01  1.43438808e+00  1.79999998e+02
 1.44543977e+00  4.63856906e+01  1.44543977e+00  1.79999998e+02
 1.45657662e+00  4.63856906e+01  1.45657662e+00  1.79999998e+02
 1.46779927e+00  4.63856906e+01  1.46779927e+00  1.79999998e+02
 1.47910839e+00  4.63856906e+01  1.47910839e+00  1.79999998e+02
 1.49050464e+00  4.63856906e+01  1.49050464e+00  1.79999998e+02
 1.50198870e+00  4.63856906e+01  1.50198870e+00  1.79999998e+02
 1.51356125e+00  4.63856906e+01  1.51356125e+00  1.79999998e+02
 1.52522296e+00  4.63856906e+01  1.52522296e+00  1.79999998e+02
 1.53697452e+00  4.63856906e+01  1.53697452e+00  1.79999998e+02
 1.54881662e+00  4.63856906e+01  1.54881662e+00  1.79999998e+02
 1.56074996e+00  4.63856906e+01  1.56074996e+00  1.79999998e+02
 1.57277525e+00  4.63856906e+01  1.57277525e+00  1.79999998e+02
 1.58489319e+00  4.63856906e+01  1.58489319e+00  1.79999998e+02
 1.59710450e+00  4.63856906e+01  1.59710450e+00  1.79999997e+02
 1.60940989e+00  4.63856906e+01  1.60940989e+00  1.79999997e+02
 1.62181010e+00  4.63856906e+01  1.62181010e+00  1.79999997e+02
 1.63430584e+00  4.63856906e+01  1.63430584e+00  1.79999997e+02
 1.64689787e+00  4.63856906e+01  1.64689787e+00  1.79999997e+02
 1.65958691e+00  4.63856906e+01  1.65958691e+00  1.79999997e+02
 1.67237372e+00  4.63856906e+01  1.67237372e+00  1.79999997e+02
 1.68525904e+00  4.63856906e+01  1.68525904e+00  1.79999997e+02
 1.69824365e+00  4.63856906e+01  1.69824365e+00  1.79999997e+02
 1.71132830e+00  4.63856906e+01  1.71132830e+00  1.79999997e+02
 1.72451377e+00  4.63856906e+01  1.72451377e+00  1.79999997e+02
 1.73780083e+00  4.63856906e+01  1.73780083e+00  1.79999997e+02
 1.75119026e+00  4.63856906e+01  1.75119026e+00  1.79999997e+02
 1.76468286e+00  4.63856906e+01  1.76468286e+00  1.79999997e+02
 1.77827941e+00  4.63856906e+01  1.77827941e+00  1.79999997e+02
 1.79198072e+00  4.63856906e+01  1.79198072e+00  1.79999997e+02
 1.80578760e+00  4.63856906e+01  1.80578760e+00  1.79999997e+02
 1.81970086e+00  4.63856906e+01  1.81970086e+00  1.79999997e+02
 1.83372132e+00  4.63856906e+01  1.83372132e+00  1.79999997e+02
 1.84784980e+00  4.63856906e+01  1.84784980e+00  1.79999997e+02
 1.86208714e+00  4.63856906e+01  1.86208714e+00  1.79999997e+02
 1.87643417e+00  4.63856906e+01  1.87643417e+00  1.79999997e+02
 1.89089175e+00  4.63856906e+01  1.89089175e+00  1.79999997e+02
 1.90546072e+00  4.63856906e+01  1.90546072e+00  1.79999997e+02
 1.92014194e+00  4.63856906e+01  1.92014194e+00  1.79999997e+02
 1.93493628e+00  4.63856906e+01  1.93493628e+00  1.79999997e+02
 1.94984460e+00  4.63856906e+01  1.94984460e+00  1.79999997e+02
 1.96486779e+00  4.63856906e+01  1.96486779e+00  1.79999997e+02
 1.98000673e+00  4.63856906e+01  1.98000673e+00  1.79999997e+02
 1.99526231e+00  4.63856906e+01  1.99526231e+00  1.79999997e+02
 2.01063544e+00  4.63856906e+01  2.01063544e+00  1.79999997e+02
 2.02612701e+00  4.63856906e+01  2.02612701e+00  1.79999997e+02
 2.04173794e+00  4.63856906e+01  2.04173794e+00  1.79999997e+02
 2.05746916e+00  4.63856906e+01  2.05746916e+00  1.79999997e+02
 2.07332157e+00  4.63856906e+01  2.07332157e+00  1.79999997e+02
 2.08929613e+00  4.63856906e+01  2.08929613e+00  1.79999997e+02
 2.10539377e+00  4.63856906e+01  2.10539377e+00  1.79999997e+02
 2.12161544e+00  4.63856906e+01  2.12161544e+00  1.79999997e+02
 2.13796209e+00  4.63856906e+01  2.13796209e+00  1.79999997e+02
 2.15443469e+00  4.63856906e+01  2.15443469e+00  1.79999997e+02
 2.17103421e+00  4.63856906e+01  2.17103421e+00  1.79999997e+02
 2.18776162e+00  4.63856906e+01  2.18776162e+00  1.79999997e+02
 2.20461792e+00  4.63856906e+01  2.20461792e+00  1.79999997e+02
 2.22160409e+00  4.63856906e+01  2.22160409e+00  1.79999996e+02
 2.23872114e+00  4.63856906e+01  2.23872114e+00  1.79999996e+02
 2.25597007e+00  4.63856906e+01  2.25597007e+00  1.79999996e+02
 2.27335190e+00  4.63856906e+01  2.27335190e+00  1.79999996e+02
 2.29086765e+00  4.63856906e+01  2.29086765e+00  1.79999996e+02
 2.30851836e+00  4.63856906e+01  2.30851836e+00  1.79999996e+02
 2.32630507e+00  4.63856906e+01  2.32630507e+00  1.79999996e+02
 2.34422882e+00  4.63856906e+01  2.34422882e+00  1.79999996e+02
 2.36229066e+00  4.63856906e+01  2.36229066e+00  1.79999996e+02
 2.38049167e+00  4.63856906e+01  2.38049167e+00  1.79999996e+02
 2.39883292e+00  4.63856906e+01  2.39883292e+00  1.79999996e+02
 2.41731548e+00  4.63856906e+01  2.41731548e+00  1.79999996e+02
 2.43594045e+00  4.63856906e+01  2.43594045e+00  1.79999996e+02
 2.45470892e+00  4.63856906e+01  2.45470892e+00  1.79999996e+02
 2.47362199e+00  4.63856906e+01  2.47362199e+00  1.79999996e+02
 2.49268079e+00  4.63856906e+01  2.49268079e+00  1.79999996e+02
 2.51188643e+00  4.63856906e+01  2.51188643e+00  1.79999996e+02
 2.53124005e+00  4.63856906e+01  2.53124005e+00  1.79999996e+02
 2.55074278e+00  4.63856906e+01  2.55074278e+00  1.79999996e+02
 2.57039578e+00  4.63856906e+01  2.57039578e+00  1.79999996e+02
 2.59020020e+00  4.63856906e+01  2.59020020e+00  1.79999996e+02
 2.61015722e+00  4.63856906e+01  2.61015722e+00  1.79999996e+02
 2.63026799e+00  4.63856906e+01  2.63026799e+00  1.79999996e+02
 2.65053372e+00  4.63856906e+01  2.65053372e+00  1.79999996e+02
 2.67095559e+00  4.63856906e+01  2.67095559e+00  1.79999996e+02
 2.69153480e+00  4.63856906e+01  2.69153480e+00  1.79999996e+02
 2.71227258e+00  4.63856906e+01  2.71227258e+00  1.79999996e+02
 2.73317014e+00  4.63856906e+01  2.73317014e+00  1.79999996e+02
 2.75422870e+00  4.63856906e+01  2.75422870e+00  1.79999996e+02
 2.77544952e+00  4.63856906e+01  2.77544952e+00  1.79999996e+02
 2.79683385e+00  4.63856906e+01  2.79683385e+00  1.79999996e+02
 2.81838293e+00  4.63856906e+01  2.81838293e+00  1.79999996e+02
 2.84009805e+00  4.63856906e+01  2.84009805e+00  1.79999996e+02
 2.86198048e+00  4.63856906e+01  2.86198048e+00  1.79999995e+02
 2.88403150e+00  4.63856906e+01  2.88403150e+00  1.79999995e+02
 2.90625243e+00  4.63856906e+01  2.90625243e+00  1.79999995e+02
 2.92864456e+00  4.63856906e+01  2.92864456e+00  1.79999995e+02
 2.95120923e+00  4.63856906e+01  2.95120923e+00  1.79999995e+02
 2.97394775e+00  4.63856906e+01  2.97394775e+00  1.79999995e+02
 2.99686146e+00  4.63856906e+01  2.99686146e+00  1.79999995e+02
 3.01995172e+00  4.63856906e+01  3.01995172e+00  1.79999995e+02
 3.04321989e+00  4.63856906e+01  3.04321989e+00  1.79999995e+02
 3.06666733e+00  4.63856906e+01  3.06666733e+00  1.79999995e+02
 3.09029543e+00  4.63856906e+01  3.09029543e+00  1.79999995e+02
 3.11410558e+00  4.63856906e+01  3.11410558e+00  1.79999995e+02
 3.13809919e+00  4.63856906e+01  3.13809919e+00  1.79999995e+02
 3.16227766e+00  4.63856906e+01  3.16227766e+00  1.79999995e+02
 3.18664242e+00  4.63856906e+01  3.18664242e+00  1.79999995e+02
 3.21119491e+00  4.63856906e+01  3.21119491e+00  1.79999995e+02
 3.23593657e+00  4.63856906e+01  3.23593657e+00  1.79999995e+02
 3.26086886e+00  4.63856906e+01  3.26086886e+00  1.79999995e+02
 3.28599325e+00  4.63856906e+01  3.28599325e+00  1.79999995e+02
 3.31131121e+00  4.63856906e+01  3.31131121e+00  1.79999995e+02
 3.33682425e+00  4.63856906e+01  3.33682425e+00  1.79999995e+02
 3.36253386e+00  4.63856906e+01  3.36253386e+00  1.79999995e+02
 3.38844156e+00  4.63856906e+01  3.38844156e+00  1.79999995e+02
 3.41454887e+00  4.63856906e+01  3.41454887e+00  1.79999995e+02
 3.44085734e+00  4.63856906e+01  3.44085734e+00  1.79999995e+02
 3.46736850e+00  4.63856906e+01  3.46736850e+00  1.79999995e+02
 3.49408393e+00  4.63856906e+01  3.49408393e+00  1.79999994e+02
 3.52100520e+00  4.63856906e+01  3.52100520e+00  1.79999994e+02
 3.54813389e+00  4.63856906e+01  3.54813389e+00  1.79999994e+02
 3.57547160e+00  4.63856906e+01  3.57547160e+00  1.79999994e+02
 3.60301995e+00  4.63856906e+01  3.60301995e+00  1.79999994e+02
 3.63078055e+00  4.63856906e+01  3.63078055e+00  1.79999994e+02
 3.65875504e+00  4.63856906e+01  3.65875504e+00  1.79999994e+02
 3.68694506e+00  4.63856906e+01  3.68694506e+00  1.79999994e+02
 3.71535229e+00  4.63856906e+01  3.71535229e+00  1.79999994e+02
 3.74397839e+00  4.63856906e+01  3.74397839e+00  1.79999994e+02
 3.77282505e+00  4.63856906e+01  3.77282505e+00  1.79999994e+02
 3.80189396e+00  4.63856906e+01  3.80189396e+00  1.79999994e+02
 3.83118685e+00  4.63856906e+01  3.83118685e+00  1.79999994e+02
 3.86070543e+00  4.63856906e+01  3.86070543e+00  1.79999994e+02
 3.89045145e+00  4.63856906e+01  3.89045145e+00  1.79999994e+02
 3.92042666e+00  4.63856906e+01  3.92042666e+00  1.79999994e+02
 3.95063281e+00  4.63856906e+01  3.95063281e+00  1.79999994e+02
 3.98107171e+00  4.63856906e+01  3.98107171e+00  1.79999994e+02
 4.01174512e+00  4.63856906e+01  4.01174512e+00  1.79999994e+02
 4.04265487e+00  4.63856906e+01  4.04265487e+00  1.79999994e+02
 4.07380278e+00  4.63856906e+01  4.07380278e+00  1.79999994e+02
 4.10519067e+00  4.63856906e+01  4.10519067e+00  1.79999994e+02
 4.13682040e+00  4.63856906e+01  4.13682040e+00  1.79999993e+02
 4.16869383e+00  4.63856906e+01  4.16869383e+00  1.79999993e+02
 4.20081285e+00  4.63856906e+01  4.20081285e+00  1.79999993e+02
 4.23317933e+00  4.63856906e+01  4.23317933e+00  1.79999993e+02
 4.26579519e+00  4.63856906e+01  4.26579519e+00  1.79999993e+02
 4.29866235e+00  4.63856906e+01  4.29866235e+00  1.79999993e+02
 4.33178274e+00  4.63856906e+01  4.33178274e+00  1.79999993e+02
 4.36515832e+00  4.63856906e+01  4.36515832e+00  1.79999993e+02
 4.39879106e+00  4.63856906e+01  4.39879106e+00  1.79999993e+02
 4.43268292e+00  4.63856906e+01  4.43268292e+00  1.79999993e+02
 4.46683592e+00  4.63856906e+01  4.46683592e+00  1.79999993e+02
 4.50125206e+00  4.63856906e+01  4.50125206e+00  1.79999993e+02
 4.53593337e+00  4.63856906e+01  4.53593337e+00  1.79999993e+02
 4.57088190e+00  4.63856906e+01  4.57088190e+00  1.79999993e+02
 4.60609969e+00  4.63856906e+01  4.60609969e+00  1.79999993e+02
 4.64158883e+00  4.63856906e+01  4.64158883e+00  1.79999993e+02
 4.67735141e+00  4.63856906e+01  4.67735141e+00  1.79999993e+02
 4.71338954e+00  4.63856906e+01  4.71338954e+00  1.79999993e+02
 4.74970533e+00  4.63856906e+01  4.74970533e+00  1.79999993e+02
 4.78630092e+00  4.63856906e+01  4.78630092e+00  1.79999992e+02
 4.82317848e+00  4.63856906e+01  4.82317848e+00  1.79999992e+02
 4.86034018e+00  4.63856906e+01  4.86034018e+00  1.79999992e+02
 4.89778819e+00  4.63856906e+01  4.89778819e+00  1.79999992e+02
 4.93552474e+00  4.63856906e+01  4.93552474e+00  1.79999992e+02
 4.97355204e+00  4.63856906e+01  4.97355204e+00  1.79999992e+02
 5.01187234e+00  4.63856906e+01  5.01187234e+00  1.79999992e+02
 5.05048788e+00  4.63856906e+01  5.05048788e+00  1.79999992e+02
 5.08940095e+00  4.63856906e+01  5.08940095e+00  1.79999992e+02
 5.12861384e+00  4.63856906e+01  5.12861384e+00  1.79999992e+02
 5.16812886e+00  4.63856906e+01  5.16812886e+00  1.79999992e+02
 5.20794833e+00  4.63856906e+01  5.20794833e+00  1.79999992e+02
 5.24807460e+00  4.63856906e+01  5.24807460e+00  1.79999992e+02
 5.28851004e+00  4.63856906e+01  5.28851004e+00  1.79999992e+02
 5.32925703e+00  4.63856906e+01  5.32925703e+00  1.79999992e+02
 5.37031796e+00  4.63856906e+01  5.37031796e+00  1.79999992e+02
 5.41169527e+00  4.63856906e+01  5.41169527e+00  1.79999991e+02
 5.45339137e+00  4.63856906e+01  5.45339137e+00  1.79999991e+02
 5.49540874e+00  4.63856906e+01  5.49540874e+00  1.79999991e+02
 5.53774984e+00  4.63856906e+01  5.53774984e+00  1.79999991e+02
 5.58041717e+00  4.63856906e+01  5.58041717e+00  1.79999991e+02
 5.62341325e+00  4.63856906e+01  5.62341325e+00  1.79999991e+02
 5.66674061e+00  4.63856906e+01  5.66674061e+00  1.79999991e+02
 5.71040179e+00  4.63856906e+01  5.71040179e+00  1.79999991e+02
 5.75439937e+00  4.63856906e+01  5.75439937e+00  1.79999991e+02
 5.79873595e+00  4.63856906e+01  5.79873595e+00  1.79999991e+02
 5.84341413e+00  4.63856906e+01  5.84341413e+00  1.79999991e+02
 5.88843655e+00  4.63856906e+01  5.88843655e+00  1.79999991e+02
 5.93380586e+00  4.63856906e+01  5.93380586e+00  1.79999991e+02
 5.97952473e+00  4.63856906e+01  5.97952473e+00  1.79999991e+02
 6.02559586e+00  4.63856906e+01  6.02559586e+00  1.79999991e+02
 6.07202196e+00  4.63856906e+01  6.07202196e+00  1.79999990e+02
 6.11880576e+00  4.63856906e+01  6.11880576e+00  1.79999990e+02
 6.16595002e+00  4.63856906e+01  6.16595002e+00  1.79999990e+02
 6.21345752e+00  4.63856906e+01  6.21345752e+00  1.79999990e+02
 6.26133105e+00  4.63856906e+01  6.26133105e+00  1.79999990e+02
 6.30957344e+00  4.63856906e+01  6.30957344e+00  1.79999990e+02
 6.35818754e+00  4.63856906e+01  6.35818754e+00  1.79999990e+02
 6.40717619e+00  4.63856906e+01  6.40717619e+00  1.79999990e+02
 6.45654229e+00  4.63856906e+01  6.45654229e+00  1.79999990e+02
 6.50628875e+00  4.63856906e+01  6.50628875e+00  1.79999990e+02
 6.55641849e+00  4.63856906e+01  6.55641849e+00  1.79999990e+02
 6.60693448e+00  4.63856906e+01  6.60693448e+00  1.79999990e+02
 6.65783968e+00  4.63856906e+01  6.65783968e+00  1.79999990e+02
 6.70913710e+00  4.63856906e+01  6.70913710e+00  1.79999989e+02
 6.76082975e+00  4.63856906e+01  6.76082975e+00  1.79999989e+02
 6.81292069e+00  4.63856906e+01  6.81292069e+00  1.79999989e+02
 6.86541298e+00  4.63856906e+01  6.86541298e+00  1.79999989e+02
 6.91830971e+00  4.63856906e+01  6.91830971e+00  1.79999989e+02
 6.97161400e+00  4.63856906e+01  6.97161400e+00  1.79999989e+02
 7.02532899e+00  4.63856906e+01  7.02532899e+00  1.79999989e+02
 7.07945784e+00  4.63856906e+01  7.07945784e+00  1.79999989e+02
 7.13400375e+00  4.63856906e+01  7.13400375e+00  1.79999989e+02
 7.18896992e+00  4.63856906e+01  7.18896992e+00  1.79999989e+02
 7.24435960e+00  4.63856906e+01  7.24435960e+00  1.79999989e+02
 7.30017605e+00  4.63856906e+01  7.30017605e+00  1.79999988e+02
 7.35642254e+00  4.63856906e+01  7.35642254e+00  1.79999988e+02
 7.41310241e+00  4.63856906e+01  7.41310241e+00  1.79999988e+02
 7.47021899e+00  4.63856906e+01  7.47021899e+00  1.79999988e+02
 7.52777564e+00  4.63856906e+01  7.52777564e+00  1.79999988e+02
 7.58577575e+00  4.63856906e+01  7.58577575e+00  1.79999988e+02
 7.64422274e+00  4.63856906e+01  7.64422274e+00  1.79999988e+02
 7.70312006e+00  4.63856906e+01  7.70312006e+00  1.79999988e+02
 7.76247117e+00  4.63856906e+01  7.76247117e+00  1.79999988e+02
 7.82227956e+00  4.63856906e+01  7.82227956e+00  1.79999988e+02
 7.88254877e+00  4.63856906e+01  7.88254877e+00  1.79999988e+02
 7.94328235e+00  4.63856906e+01  7.94328235e+00  1.79999987e+02
 8.00448386e+00  4.63856906e+01  8.00448386e+00  1.79999987e+02
 8.06615692e+00  4.63856906e+01  8.06615692e+00  1.79999987e+02
 8.12830516e+00  4.63856906e+01  8.12830516e+00  1.79999987e+02
 8.19093224e+00  4.63856906e+01  8.19093224e+00  1.79999987e+02
 8.25404185e+00  4.63856906e+01  8.25404185e+00  1.79999987e+02
 8.31763771e+00  4.63856906e+01  8.31763771e+00  1.79999987e+02
 8.38172356e+00  4.63856906e+01  8.38172356e+00  1.79999987e+02
 8.44630319e+00  4.63856906e+01  8.44630319e+00  1.79999987e+02
 8.51138038e+00  4.63856906e+01  8.51138038e+00  1.79999987e+02
 8.57695899e+00  4.63856906e+01  8.57695899e+00  1.79999986e+02
 8.64304286e+00  4.63856906e+01  8.64304286e+00  1.79999986e+02
 8.70963590e+00  4.63856906e+01  8.70963590e+00  1.79999986e+02
 8.77674203e+00  4.63856906e+01  8.77674203e+00  1.79999986e+02
 8.84436519e+00  4.63856906e+01  8.84436519e+00  1.79999986e+02
 8.91250938e+00  4.63856906e+01  8.91250938e+00  1.79999986e+02
 8.98117861e+00  4.63856906e+01  8.98117861e+00  1.79999986e+02
 9.05037692e+00  4.63856906e+01  9.05037692e+00  1.79999986e+02
 9.12010839e+00  4.63856906e+01  9.12010839e+00  1.79999986e+02
 9.19037713e+00  4.63856906e+01  9.19037713e+00  1.79999986e+02
 9.26118728e+00  4.63856906e+01  9.26118728e+00  1.79999985e+02
 9.33254301e+00  4.63856906e+01  9.33254301e+00  1.79999985e+02
 9.40444852e+00  4.63856906e+01  9.40444852e+00  1.79999985e+02
 9.47690805e+00  4.63856906e+01  9.47690805e+00  1.79999985e+02
 9.54992586e+00  4.63856906e+01  9.54992586e+00  1.79999985e+02
 9.62350626e+00  4.63856906e+01  9.62350626e+00  1.79999985e+02
 9.69765359e+00  4.63856906e+01  9.69765359e+00  1.79999985e+02
 9.77237221e+00  4.63856906e+01  9.77237221e+00  1.79999985e+02
 9.84766652e+00  4.63856906e+01  9.84766652e+00  1.79999984e+02
 9.92354096e+00  4.63856906e+01  9.92354096e+00  1.79999984e+02
 1.00000000e+01  4.63856906e+01  1.00000000e+01  1.79999984e+02
 1.00770481e+01  4.63856906e+01  1.00770481e+01  1.79999984e+02
 1.01546899e+01  4.63856906e+01  1.01546899e+01  1.79999984e+02
 1.02329299e+01  4.63856906e+01  1.02329299e+01  1.79999984e+02
 1.03117727e+01  4.63856906e+01  1.03117727e+01  1.79999984e+02
 1.03912230e+01  4.63856906e+01  1.03912230e+01  1.79999984e+02
 1.04712855e+01  4.63856906e+01  1.04712855e+01  1.79999983e+02
 1.05519648e+01  4.63856906e+01  1.05519648e+01  1.79999983e+02
 1.06332657e+01  4.63856906e+01  1.06332657e+01  1.79999983e+02
 1.07151931e+01  4.63856906e+01  1.07151931e+01  1.79999983e+02
 1.07977516e+01  4.63856906e+01  1.07977516e+01  1.79999983e+02
 1.08809463e+01  4.63856906e+01  1.08809463e+01  1.79999983e+02
 1.09647820e+01  4.63856906e+01  1.09647820e+01  1.79999983e+02
 1.10492636e+01  4.63856906e+01  1.10492636e+01  1.79999983e+02
 1.11343961e+01  4.63856906e+01  1.11343961e+01  1.79999982e+02
 1.12201845e+01  4.63856906e+01  1.12201845e+01  1.79999982e+02
 1.13066340e+01  4.63856906e+01  1.13066340e+01  1.79999982e+02
 1.13937495e+01  4.63856906e+01  1.13937495e+01  1.79999982e+02
 1.14815362e+01  4.63856906e+01  1.14815362e+01  1.79999982e+02
 1.15699993e+01  4.63856906e+01  1.15699993e+01  1.79999982e+02
 1.16591440e+01  4.63856906e+01  1.16591440e+01  1.79999982e+02
 1.17489755e+01  4.63856906e+01  1.17489755e+01  1.79999981e+02
 1.18394992e+01  4.63856906e+01  1.18394992e+01  1.79999981e+02
 1.19307204e+01  4.63856906e+01  1.19307204e+01  1.79999981e+02
 1.20226443e+01  4.63856906e+01  1.20226443e+01  1.79999981e+02
 1.21152766e+01  4.63856906e+01  1.21152766e+01  1.79999981e+02
 1.22086225e+01  4.63856906e+01  1.22086225e+01  1.79999981e+02
 1.23026877e+01  4.63856906e+01  1.23026877e+01  1.79999981e+02
 1.23974776e+01  4.63856906e+01  1.23974776e+01  1.79999980e+02
 1.24929979e+01  4.63856906e+01  1.24929979e+01  1.79999980e+02
 1.25892541e+01  4.63856906e+01  1.25892541e+01  1.79999980e+02
 1.26862520e+01  4.63856906e+01  1.26862520e+01  1.79999980e+02
 1.27839972e+01  4.63856906e+01  1.27839972e+01  1.79999980e+02
 1.28824955e+01  4.63856906e+01  1.28824955e+01  1.79999980e+02
 1.29817528e+01  4.63856906e+01  1.29817528e+01  1.79999980e+02
 1.30817747e+01  4.63856906e+01  1.30817747e+01  1.79999979e+02
 1.31825674e+01  4.63856906e+01  1.31825674e+01  1.79999979e+02
 1.32841366e+01  4.63856906e+01  1.32841366e+01  1.79999979e+02
 1.33864884e+01  4.63856906e+01  1.33864884e+01  1.79999979e+02
 1.34896288e+01  4.63856906e+01  1.34896288e+01  1.79999979e+02
 1.35935639e+01  4.63856906e+01  1.35935639e+01  1.79999979e+02
 1.36982998e+01  4.63856906e+01  1.36982998e+01  1.79999978e+02
 1.38038426e+01  4.63856906e+01  1.38038426e+01  1.79999978e+02
 1.39101987e+01  4.63856906e+01  1.39101987e+01  1.79999978e+02
 1.40173742e+01  4.63856906e+01  1.40173742e+01  1.79999978e+02
 1.41253754e+01  4.63856906e+01  1.41253754e+01  1.79999978e+02
 1.42342088e+01  4.63856906e+01  1.42342088e+01  1.79999978e+02
 1.43438808e+01  4.63856906e+01  1.43438808e+01  1.79999977e+02
 1.44543977e+01  4.63856906e+01  1.44543977e+01  1.79999977e+02
 1.45657662e+01  4.63856906e+01  1.45657662e+01  1.79999977e+02
 1.46779927e+01  4.63856906e+01  1.46779927e+01  1.79999977e+02
 1.47910839e+01  4.63856906e+01  1.47910839e+01  1.79999977e+02
 1.49050464e+01  4.63856906e+01  1.49050464e+01  1.79999977e+02
 1.50198870e+01  4.63856906e+01  1.50198870e+01  1.79999976e+02
 1.51356125e+01  4.63856906e+01  1.51356125e+01  1.79999976e+02
 1.52522296e+01  4.63856906e+01  1.52522296e+01  1.79999976e+02
 1.53697452e+01  4.63856906e+01  1.53697452e+01  1.79999976e+02
 1.54881662e+01  4.63856906e+01  1.54881662e+01  1.79999976e+02
 1.56074996e+01  4.63856906e+01  1.56074996e+01  1.79999975e+02
 1.57277525e+01  4.63856906e+01  1.57277525e+01  1.79999975e+02
 1.58489319e+01  4.63856906e+01  1.58489319e+01  1.79999975e+02
 1.59710450e+01  4.63856906e+01  1.59710450e+01  1.79999975e+02
 1.60940989e+01  4.63856906e+01  1.60940989e+01  1.79999975e+02
 1.62181010e+01  4.63856906e+01  1.62181010e+01  1.79999974e+02
 1.63430584e+01  4.63856906e+01  1.63430584e+01  1.79999974e+02
 1.64689787e+01  4.63856906e+01  1.64689787e+01  1.79999974e+02
 1.65958691e+01  4.63856906e+01  1.65958691e+01  1.79999974e+02
 1.67237372e+01  4.63856906e+01  1.67237372e+01  1.79999974e+02
 1.68525904e+01  4.63856906e+01  1.68525904e+01  1.79999973e+02
 1.69824365e+01  4.63856906e+01  1.69824365e+01  1.79999973e+02
 1.71132830e+01  4.63856906e+01  1.71132830e+01  1.79999973e+02
 1.72451377e+01  4.63856906e+01  1.72451377e+01  1.79999973e+02
 1.73780083e+01  4.63856906e+01  1.73780083e+01  1.79999973e+02
 1.75119026e+01  4.63856906e+01  1.75119026e+01  1.79999972e+02
 1.76468286e+01  4.63856906e+01  1.76468286e+01  1.79999972e+02
 1.77827941e+01  4.63856906e+01  1.77827941e+01  1.79999972e+02
 1.79198072e+01  4.63856906e+01  1.79198072e+01  1.79999972e+02
 1.80578760e+01  4.63856906e+01  1.80578760e+01  1.79999972e+02
 1.81970086e+01  4.63856906e+01  1.81970086e+01  1.79999971e+02
 1.83372132e+01  4.63856906e+01  1.83372132e+01  1.79999971e+02
 1.84784980e+01  4.63856906e+01  1.84784980e+01  1.79999971e+02
 1.86208714e+01  4.63856906e+01  1.86208714e+01  1.79999971e+02
 1.87643417e+01  4.63856906e+01  1.87643417e+01  1.79999970e+02
 1.89089175e+01  4.63856906e+01  1.89089175e+01  1.79999970e+02
 1.90546072e+01  4.63856906e+01  1.90546072e+01  1.79999970e+02
 1.92014194e+01  4.63856906e+01  1.92014194e+01  1.79999970e+02
 1.93493628e+01  4.63856906e+01  1.93493628e+01  1.79999969e+02
 1.94984460e+01  4.63856906e+01  1.94984460e+01  1.79999969e+02
 1.96486779e+01  4.63856906e+01  1.96486779e+01  1.79999969e+02
 1.98000673e+01  4.63856906e+01  1.98000673e+01  1.79999969e+02
 1.99526231e+01  4.63856906e+01  1.99526231e+01  1.79999969e+02
 2.01063544e+01  4.63856906e+01  2.01063544e+01  1.79999968e+02
 2.02612701e+01  4.63856906e+01  2.02612701e+01  1.79999968e+02
 2.04173794e+01  4.63856906e+01  2.04173794e+01  1.79999968e+02
 2.05746916e+01  4.63856906e+01  2.05746916e+01  1.79999968e+02
 2.07332157e+01  4.63856906e+01  2.07332157e+01  1.79999967e+02
 2.08929613e+01  4.63856906e+01  2.08929613e+01  1.79999967e+02
 2.10539377e+01  4.63856906e+01  2.10539377e+01  1.79999967e+02
 2.12161544e+01  4.63856906e+01  2.12161544e+01  1.79999967e+02
 2.13796209e+01  4.63856906e+01  2.13796209e+01  1.79999966e+02
 2.15443469e+01  4.63856906e+01  2.15443469e+01  1.79999966e+02
 2.17103421e+01  4.63856906e+01  2.17103421e+01  1.79999966e+02
 2.18776162e+01  4.63856906e+01  2.18776162e+01  1.79999966e+02
 2.20461792e+01  4.63856906e+01  2.20461792e+01  1.79999965e+02
 2.22160409e+01  4.63856906e+01  2.22160409e+01  1.79999965e+02
 2.23872114e+01  4.63856906e+01  2.23872114e+01  1.79999965e+02
 2.25597007e+01  4.63856906e+01  2.25597007e+01  1.79999964e+02
 2.27335190e+01  4.63856906e+01  2.27335190e+01  1.79999964e+02
 2.29086765e+01  4.63856906e+01  2.29086765e+01  1.79999964e+02
 2.30851836e+01  4.63856906e+01  2.30851836e+01  1.79999964e+02
 2.32630507e+01  4.63856906e+01  2.32630507e+01  1.79999963e+02
 2.34422882e+01  4.63856906e+01  2.34422882e+01  1.79999963e+02
 2.36229066e+01  4.63856906e+01  2.36229066e+01  1.79999963e+02
 2.38049167e+01  4.63856906e+01  2.38049167e+01  1.79999962e+02
 2.39883292e+01  4.63856906e+01  2.39883292e+01  1.79999962e+02
 2.41731548e+01  4.63856906e+01  2.41731548e+01  1.79999962e+02
 2.43594045e+01  4.63856906e+01  2.43594045e+01  1.79999962e+02
 2.45470892e+01  4.63856906e+01  2.45470892e+01  1.79999961e+02
 2.47362199e+01  4.63856906e+01  2.47362199e+01  1.79999961e+02
 2.49268079e+01  4.63856906e+01  2.49268079e+01  1.79999961e+02
 2.51188643e+01  4.63856906e+01  2.51188643e+01  1.79999960e+02
 2.53124005e+01  4.63856906e+01  2.53124005e+01  1.79999960e+02
 2.55074278e+01  4.63856906e+01  2.55074278e+01  1.79999960e+02
 2.57039578e+01  4.63856906e+01  2.57039578e+01  1.79999959e+02
 2.59020020e+01  4.63856906e+01  2.59020020e+01  1.79999959e+02
 2.61015722e+01  4.63856906e+01  2.61015722e+01  1.79999959e+02
 2.63026799e+01  4.63856906e+01  2.63026799e+01  1.79999959e+02
 2.65053372e+01  4.63856906e+01  2.65053372e+01  1.79999958e+02
 2.67095559e+01  4.63856906e+01  2.67095559e+01  1.79999958e+02
 2.69153480e+01  4.63856906e+01  2.69153480e+01  1.79999958e+02
 2.71227258e+01  4.63856906e+01  2.71227258e+01  1.79999957e+02
 2.73317014e+01  4.63856906e+01  2.73317014e+01  1.79999957e+02
 2.75422870e+01  4.63856906e+01  2.75422870e+01  1.79999957e+02
 2.77544952e+01  4.63856906e+01  2.77544952e+01  1.79999956e+02
 2.79683385e+01  4.63856906e+01  2.79683385e+01  1.79999956e+02
 2.81838293e+01  4.63856906e+01  2.81838293e+01  1.79999956e+02
 2.84009805e+01  4.63856906e+01  2.84009805e+01  1.79999955e+02
 2.86198048e+01  4.63856906e+01  2.86198048e+01  1.79999955e+02
 2.88403150e+01  4.63856906e+01  2.88403150e+01  1.79999955e+02
 2.90625243e+01  4.63856906e+01  2.90625243e+01  1.79999954e+02
 2.92864456e+01  4.63856906e+01  2.92864456e+01  1.79999954e+02
 2.95120923e+01  4.63856906e+01  2.95120923e+01  1.79999953e+02
 2.97394775e+01  4.63856906e+01  2.97394775e+01  1.79999953e+02
 2.99686146e+01  4.63856906e+01  2.99686146e+01  1.79999953e+02
 3.01995172e+01  4.63856906e+01  3.01995172e+01  1.79999952e+02
 3.04321989e+01  4.63856906e+01  3.04321989e+01  1.79999952e+02
 3.06666733e+01  4.63856906e+01  3.06666733e+01  1.79999952e+02
 3.09029543e+01  4.63856906e+01  3.09029543e+01  1.79999951e+02
 3.11410558e+01  4.63856906e+01  3.11410558e+01  1.79999951e+02
 3.13809919e+01  4.63856906e+01  3.13809919e+01  1.79999951e+02
 3.16227766e+01  4.63856906e+01  3.16227766e+01  1.79999950e+02
 3.18664242e+01  4.63856906e+01  3.18664242e+01  1.79999950e+02
 3.21119491e+01  4.63856906e+01  3.21119491e+01  1.79999949e+02
 3.23593657e+01  4.63856906e+01  3.23593657e+01  1.79999949e+02
 3.26086886e+01  4.63856906e+01  3.26086886e+01  1.79999949e+02
 3.28599325e+01  4.63856906e+01  3.28599325e+01  1.79999948e+02
 3.31131121e+01  4.63856906e+01  3.31131121e+01  1.79999948e+02
 3.33682425e+01  4.63856906e+01  3.33682425e+01  1.79999947e+02
 3.36253386e+01  4.63856906e+01  3.36253386e+01  1.79999947e+02
 3.38844156e+01  4.63856906e+01  3.38844156e+01  1.79999947e+02
 3.41454887e+01  4.63856906e+01  3.41454887e+01  1.79999946e+02
 3.44085734e+01  4.63856906e+01  3.44085734e+01  1.79999946e+02
 3.46736850e+01  4.63856906e+01  3.46736850e+01  1.79999945e+02
 3.49408393e+01  4.63856906e+01  3.49408393e+01  1.79999945e+02
 3.52100520e+01  4.63856906e+01  3.52100520e+01  1.79999944e+02
 3.54813389e+01  4.63856906e+01  3.54813389e+01  1.79999944e+02
 3.57547160e+01  4.63856906e+01  3.57547160e+01  1.79999944e+02
 3.60301995e+01  4.63856906e+01  3.60301995e+01  1.79999943e+02
 3.63078055e+01  4.63856906e+01  3.63078055e+01  1.79999943e+02
 3.65875504e+01  4.63856906e+01  3.65875504e+01  1.79999942e+02
 3.68694506e+01  4.63856906e+01  3.68694506e+01  1.79999942e+02
 3.71535229e+01  4.63856906e+01  3.71535229e+01  1.79999941e+02
 3.74397839e+01  4.63856906e+01  3.74397839e+01  1.79999941e+02
 3.77282505e+01  4.63856906e+01  3.77282505e+01  1.79999941e+02
 3.80189396e+01  4.63856906e+01  3.80189396e+01  1.79999940e+02
 3.83118685e+01  4.63856906e+01  3.83118685e+01  1.79999940e+02
 3.86070543e+01  4.63856906e+01  3.86070543e+01  1.79999939e+02
 3.89045145e+01  4.63856906e+01  3.89045145e+01  1.79999939e+02
 3.92042666e+01  4.63856906e+01  3.92042666e+01  1.79999938e+02
 3.95063281e+01  4.63856906e+01  3.95063281e+01  1.79999938e+02
 3.98107171e+01  4.63856906e+01  3.98107171e+01  1.79999937e+02
 4.01174512e+01  4.63856906e+01  4.01174512e+01  1.79999937e+02
 4.04265487e+01  4.63856906e+01  4.04265487e+01  1.79999936e+02
 4.07380278e+01  4.63856906e+01  4.07380278e+01  1.79999936e+02
 4.10519067e+01  4.63856906e+01  4.10519067e+01  1.79999935e+02
 4.13682040e+01  4.63856906e+01  4.13682040e+01  1.79999935e+02
 4.16869383e+01  4.63856906e+01  4.16869383e+01  1.79999934e+02
 4.20081285e+01  4.63856906e+01  4.20081285e+01  1.79999934e+02
 4.23317933e+01  4.63856906e+01  4.23317933e+01  1.79999933e+02
 4.26579519e+01  4.63856906e+01  4.26579519e+01  1.79999933e+02
 4.29866235e+01  4.63856906e+01  4.29866235e+01  1.79999932e+02
 4.33178274e+01  4.63856906e+01  4.33178274e+01  1.79999932e+02
 4.36515832e+01  4.63856906e+01  4.36515832e+01  1.79999931e+02
 4.39879106e+01  4.63856906e+01  4.39879106e+01  1.79999931e+02
 4.43268292e+01  4.63856906e+01  4.43268292e+01  1.79999930e+02
 4.46683592e+01  4.63856906e+01  4.46683592e+01  1.79999930e+02
 4.50125206e+01  4.63856906e+01  4.50125206e+01  1.79999929e+02
 4.53593337e+01  4.63856906e+01  4.53593337e+01  1.79999928e+02
 4.57088190e+01  4.63856906e+01  4.57088190e+01  1.79999928e+02
 4.60609969e+01  4.63856906e+01  4.60609969e+01  1.79999927e+02
 4.64158883e+01  4.63856906e+01  4.64158883e+01  1.79999927e+02
 4.67735141e+01  4.63856906e+01  4.67735141e+01  1.79999926e+02
 4.71338954e+01  4.63856906e+01  4.71338954e+01  1.79999926e+02
 4.74970533e+01  4.63856906e+01  4.74970533e+01  1.79999925e+02
 4.78630092e+01  4.63856906e+01  4.78630092e+01  1.79999925e+02
 4.82317848e+01  4.63856906e+01  4.82317848e+01  1.79999924e+02
 4.86034018e+01  4.63856906e+01  4.86034018e+01  1.79999923e+02
 4.89778819e+01  4.63856906e+01  4.89778819e+01  1.79999923e+02
 4.93552474e+01  4.63856906e+01  4.93552474e+01  1.79999922e+02
 4.97355204e+01  4.63856906e+01  4.97355204e+01  1.79999922e+02
 5.01187234e+01  4.63856906e+01  5.01187234e+01  1.79999921e+02
 5.05048788e+01  4.63856906e+01  5.05048788e+01  1.79999920e+02
 5.08940095e+01  4.63856906e+01  5.08940095e+01  1.79999920e+02
 5.12861384e+01  4.63856906e+01  5.12861384e+01  1.79999919e+02
 5.16812886e+01  4.63856906e+01  5.16812886e+01  1.79999919e+02
 5.20794833e+01  4.63856906e+01  5.20794833e+01  1.79999918e+02
 5.24807460e+01  4.63856906e+01  5.24807460e+01  1.79999917e+02
 5.28851004e+01  4.63856906e+01  5.28851004e+01  1.79999917e+02
 5.32925703e+01  4.63856906e+01  5.32925703e+01  1.79999916e+02
 5.37031796e+01  4.63856906e+01  5.37031796e+01  1.79999915e+02
 5.41169527e+01  4.63856906e+01  5.41169527e+01  1.79999915e+02
 5.45339137e+01  4.63856906e+01  5.45339137e+01  1.79999914e+02
 5.49540874e+01  4.63856906e+01  5.49540874e+01  1.79999913e+02
 5.53774984e+01  4.63856906e+01  5.53774984e+01  1.79999913e+02
 5.58041717e+01  4.63856906e+01  5.58041717e+01  1.79999912e+02
 5.62341325e+01  4.63856906e+01  5.62341325e+01  1.79999911e+02
 5.66674061e+01  4.63856906e+01  5.66674061e+01  1.79999911e+02
 5.71040179e+01  4.63856906e+01  5.71040179e+01  1.79999910e+02
 5.75439937e+01  4.63856906e+01  5.75439937e+01  1.79999909e+02
 5.79873595e+01  4.63856906e+01  5.79873595e+01  1.79999909e+02
 5.84341413e+01  4.63856906e+01  5.84341413e+01  1.79999908e+02
 5.88843655e+01  4.63856906e+01  5.88843655e+01  1.79999907e+02
 5.93380586e+01  4.63856906e+01  5.93380586e+01  1.79999906e+02
 5.97952473e+01  4.63856906e+01  5.97952473e+01  1.79999906e+02
 6.02559586e+01  4.63856906e+01  6.02559586e+01  1.79999905e+02
 6.07202196e+01  4.63856906e+01  6.07202196e+01  1.79999904e+02
 6.11880576e+01  4.63856906e+01  6.11880576e+01  1.79999904e+02
 6.16595002e+01  4.63856906e+01  6.16595002e+01  1.79999903e+02
 6.21345752e+01  4.63856906e+01  6.21345752e+01  1.79999902e+02
 6.26133105e+01  4.63856906e+01  6.26133105e+01  1.79999901e+02
 6.30957344e+01  4.63856906e+01  6.30957344e+01  1.79999901e+02
 6.35818754e+01  4.63856906e+01  6.35818754e+01  1.79999900e+02
 6.40717619e+01  4.63856906e+01  6.40717619e+01  1.79999899e+02
 6.45654229e+01  4.63856906e+01  6.45654229e+01  1.79999898e+02
 6.50628875e+01  4.63856906e+01  6.50628875e+01  1.79999897e+02
 6.55641849e+01  4.63856906e+01  6.55641849e+01  1.79999897e+02
 6.60693448e+01  4.63856906e+01  6.60693448e+01  1.79999896e+02
 6.65783968e+01  4.63856906e+01  6.65783968e+01  1.79999895e+02
 6.70913710e+01  4.63856906e+01  6.70913710e+01  1.79999894e+02
 6.76082975e+01  4.63856906e+01  6.76082975e+01  1.79999893e+02
 6.81292069e+01  4.63856906e+01  6.81292069e+01  1.79999893e+02
 6.86541298e+01  4.63856906e+01  6.86541298e+01  1.79999892e+02
 6.91830971e+01  4.63856906e+01  6.91830971e+01  1.79999891e+02
 6.97161400e+01  4.63856906e+01  6.97161400e+01  1.79999890e+02
 7.02532899e+01  4.63856906e+01  7.02532899e+01  1.79999889e+02
 7.07945784e+01  4.63856906e+01  7.07945784e+01  1.79999888e+02
 7.13400375e+01  4.63856906e+01  7.13400375e+01  1.79999888e+02
 7.18896992e+01  4.63856906e+01  7.18896992e+01  1.79999887e+02
 7.24435960e+01  4.63856906e+01  7.24435960e+01  1.79999886e+02
 7.30017605e+01  4.63856906e+01  7.30017605e+01  1.79999885e+02
 7.35642254e+01  4.63856906e+01  7.35642254e+01  1.79999884e+02
 7.41310241e+01  4.63856906e+01  7.41310241e+01  1.79999883e+02
 7.47021899e+01  4.63856906e+01  7.47021899e+01  1.79999882e+02
 7.52777564e+01  4.63856906e+01  7.52777564e+01  1.79999881e+02
 7.58577575e+01  4.63856906e+01  7.58577575e+01  1.79999880e+02
 7.64422274e+01  4.63856906e+01  7.64422274e+01  1.79999879e+02
 7.70312006e+01  4.63856906e+01  7.70312006e+01  1.79999879e+02
 7.76247117e+01  4.63856906e+01  7.76247117e+01  1.79999878e+02
 7.82227956e+01  4.63856906e+01  7.82227956e+01  1.79999877e+02
 7.88254877e+01  4.63856906e+01  7.88254877e+01  1.79999876e+02
 7.94328235e+01  4.63856906e+01  7.94328235e+01  1.79999875e+02
 8.00448386e+01  4.63856906e+01  8.00448386e+01  1.79999874e+02
 8.06615692e+01  4.63856906e+01  8.06615692e+01  1.79999873e+02
 8.12830516e+01  4.63856906e+01  8.12830516e+01  1.79999872e+02
 8.19093224e+01  4.63856906e+01  8.19093224e+01  1.79999871e+02
 8.25404185e+01  4.63856906e+01  8.25404185e+01  1.79999870e+02
 8.31763771e+01  4.63856906e+01  8.31763771e+01  1.79999869e+02
 8.38172356e+01  4.63856906e+01  8.38172356e+01  1.79999868e+02
 8.44630319e+01  4.63856906e+01  8.44630319e+01  1.79999867e+02
 8.51138038e+01  4.63856906e+01  8.51138038e+01  1.79999866e+02
 8.57695899e+01  4.63856906e+01  8.57695899e+01  1.79999865e+02
 8.64304286e+01  4.63856906e+01  8.64304286e+01  1.79999864e+02
 8.70963590e+01  4.63856906e+01  8.70963590e+01  1.79999863e+02
 8.77674203e+01  4.63856906e+01  8.77674203e+01  1.79999862e+02
 8.84436519e+01  4.63856906e+01  8.84436519e+01  1.79999861e+02
 8.91250938e+01  4.63856906e+01  8.91250938e+01  1.79999859e+02
 8.98117861e+01  4.63856906e+01  8.98117861e+01  1.79999858e+02
 9.05037692e+01  4.63856906e+01  9.05037692e+01  1.79999857e+02
 9.12010839e+01  4.63856906e+01  9.12010839e+01  1.79999856e+02
 9.19037713e+01  4.63856906e+01  9.19037713e+01  1.79999855e+02
 9.26118728e+01  4.63856906e+01  9.26118728e+01  1.79999854e+02
 9.33254301e+01  4.63856906e+01  9.33254301e+01  1.79999853e+02
 9.40444852e+01  4.63856906e+01  9.40444852e+01  1.79999852e+02
 9.47690805e+01  4.63856906e+01  9.47690805e+01  1.79999851e+02
 9.54992586e+01  4.63856906e+01  9.54992586e+01  1.79999849e+02
 9.62350626e+01  4.63856906e+01  9.62350626e+01  1.79999848e+02
 9.69765359e+01  4.63856906e+01  9.69765359e+01  1.79999847e+02
 9.77237221e+01  4.63856906e+01  9.77237221e+01  1.79999846e+02
 9.84766652e+01  4.63856906e+01  9.84766652e+01  1.79999845e+02
 9.92354096e+01  4.63856906e+01  9.92354096e+01  1.79999844e+02
 1.00000000e+02  4.63856906e+01  1.00000000e+02  1.79999842e+02
 1.00770481e+02  4.63856906e+01  1.00770481e+02  1.79999841e+02
 1.01546899e+02  4.63856906e+01  1.01546899e+02  1.79999840e+02
 1.02329299e+02  4.63856906e+01  1.02329299e+02  1.79999839e+02
 1.03117727e+02  4.63856906e+01  1.03117727e+02  1.79999837e+02
 1.03912230e+02  4.63856906e+01  1.03912230e+02  1.79999836e+02
 1.04712855e+02  4.63856906e+01  1.04712855e+02  1.79999835e+02
 1.05519648e+02  4.63856906e+01  1.05519648e+02  1.79999834e+02
 1.06332657e+02  4.63856906e+01  1.06332657e+02  1.79999832e+02
 1.07151931e+02  4.63856906e+01  1.07151931e+02  1.79999831e+02
 1.07977516e+02  4.63856906e+01  1.07977516e+02  1.79999830e+02
 1.08809463e+02  4.63856906e+01  1.08809463e+02  1.79999828e+02
 1.09647820e+02  4.63856906e+01  1.09647820e+02  1.79999827e+02
 1.10492636e+02  4.63856906e+01  1.10492636e+02  1.79999826e+02
 1.11343961e+02  4.63856906e+01  1.11343961e+02  1.79999824e+02
 1.12201845e+02  4.63856906e+01  1.12201845e+02  1.79999823e+02
 1.13066340e+02  4.63856906e+01  1.13066340e+02  1.79999822e+02
 1.13937495e+02  4.63856906e+01  1.13937495e+02  1.79999820e+02
 1.14815362e+02  4.63856906e+01  1.14815362e+02  1.79999819e+02
 1.15699993e+02  4.63856906e+01  1.15699993e+02  1.79999818e+02
 1.16591440e+02  4.63856906e+01  1.16591440e+02  1.79999816e+02
 1.17489755e+02  4.63856906e+01  1.17489755e+02  1.79999815e+02
 1.18394992e+02  4.63856906e+01  1.18394992e+02  1.79999813e+02
 1.19307204e+02  4.63856906e+01  1.19307204e+02  1.79999812e+02
 1.20226443e+02  4.63856906e+01  1.20226443e+02  1.79999810e+02
 1.21152766e+02  4.63856906e+01  1.21152766e+02  1.79999809e+02
 1.22086225e+02  4.63856906e+01  1.22086225e+02  1.79999808e+02
 1.23026877e+02  4.63856906e+01  1.23026877e+02  1.79999806e+02
 1.23974776e+02  4.63856906e+01  1.23974776e+02  1.79999805e+02
 1.24929979e+02  4.63856906e+01  1.24929979e+02  1.79999803e+02
 1.25892541e+02  4.63856906e+01  1.25892541e+02  1.79999802e+02
 1.26862520e+02  4.63856906e+01  1.26862520e+02  1.79999800e+02
 1.27839972e+02  4.63856906e+01  1.27839972e+02  1.79999798e+02
 1.28824955e+02  4.63856906e+01  1.28824955e+02  1.79999797e+02
 1.29817528e+02  4.63856906e+01  1.29817528e+02  1.79999795e+02
 1.30817747e+02  4.63856906e+01  1.30817747e+02  1.79999794e+02
 1.31825674e+02  4.63856906e+01  1.31825674e+02  1.79999792e+02
 1.32841366e+02  4.63856906e+01  1.32841366e+02  1.79999791e+02
 1.33864884e+02  4.63856906e+01  1.33864884e+02  1.79999789e+02
 1.34896288e+02  4.63856906e+01  1.34896288e+02  1.79999787e+02
 1.35935639e+02  4.63856906e+01  1.35935639e+02  1.79999786e+02
 1.36982998e+02  4.63856906e+01  1.36982998e+02  1.79999784e+02
 1.38038426e+02  4.63856906e+01  1.38038426e+02  1.79999782e+02
 1.39101987e+02  4.63856906e+01  1.39101987e+02  1.79999781e+02
 1.40173742e+02  4.63856906e+01  1.40173742e+02  1.79999779e+02
 1.41253754e+02  4.63856906e+01  1.41253754e+02  1.79999777e+02
 1.42342088e+02  4.63856906e+01  1.42342088e+02  1.79999776e+02
 1.43438808e+02  4.63856906e+01  1.43438808e+02  1.79999774e+02
 1.44543977e+02  4.63856906e+01  1.44543977e+02  1.79999772e+02
 1.45657662e+02  4.63856906e+01  1.45657662e+02  1.79999770e+02
 1.46779927e+02  4.63856906e+01  1.46779927e+02  1.79999769e+02
 1.47910839e+02  4.63856906e+01  1.47910839e+02  1.79999767e+02
 1.49050464e+02  4.63856906e+01  1.49050464e+02  1.79999765e+02
 1.50198870e+02  4.63856906e+01  1.50198870e+02  1.79999763e+02
 1.51356125e+02  4.63856906e+01  1.51356125e+02  1.79999761e+02
 1.52522296e+02  4.63856906e+01  1.52522296e+02  1.79999760e+02
 1.53697452e+02  4.63856906e+01  1.53697452e+02  1.79999758e+02
 1.54881662e+02  4.63856906e+01  1.54881662e+02  1.79999756e+02
 1.56074996e+02  4.63856906e+01  1.56074996e+02  1.79999754e+02
 1.57277525e+02  4.63856906e+01  1.57277525e+02  1.79999752e+02
 1.58489319e+02  4.63856906e+01  1.58489319e+02  1.79999750e+02
 1.59710450e+02  4.63856906e+01  1.59710450e+02  1.79999748e+02
 1.60940989e+02  4.63856906e+01  1.60940989e+02  1.79999746e+02
 1.62181010e+02  4.63856906e+01  1.62181010e+02  1.79999744e+02
 1.63430584e+02  4.63856906e+01  1.63430584e+02  1.79999742e+02
 1.64689787e+02  4.63856906e+01  1.64689787e+02  1.79999740e+02
 1.65958691e+02  4.63856906e+01  1.65958691e+02  1.79999738e+02
 1.67237372e+02  4.63856906e+01  1.67237372e+02  1.79999736e+02
 1.68525904e+02  4.63856906e+01  1.68525904e+02  1.79999734e+02
 1.69824365e+02  4.63856906e+01  1.69824365e+02  1.79999732e+02
 1.71132830e+02  4.63856906e+01  1.71132830e+02  1.79999730e+02
 1.72451377e+02  4.63856906e+01  1.72451377e+02  1.79999728e+02
 1.73780083e+02  4.63856906e+01  1.73780083e+02  1.79999726e+02
 1.75119026e+02  4.63856906e+01  1.75119026e+02  1.79999724e+02
 1.76468286e+02  4.63856906e+01  1.76468286e+02  1.79999722e+02
 1.77827941e+02  4.63856906e+01  1.77827941e+02  1.79999720e+02
 1.79198072e+02  4.63856906e+01  1.79198072e+02  1.79999718e+02
 1.80578760e+02  4.63856906e+01  1.80578760e+02  1.79999715e+02
 1.81970086e+02  4.63856906e+01  1.81970086e+02  1.79999713e+02
 1.83372132e+02  4.63856906e+01  1.83372132e+02  1.79999711e+02
 1.84784980e+02  4.63856906e+01  1.84784980e+02  1.79999709e+02
 1.86208714e+02  4.63856906e+01  1.86208714e+02  1.79999706e+02
 1.87643417e+02  4.63856906e+01  1.87643417e+02  1.79999704e+02
 1.89089175e+02  4.63856906e+01  1.89089175e+02  1.79999702e+02
 1.90546072e+02  4.63856906e+01  1.90546072e+02  1.79999700e+02
 1.92014194e+02  4.63856906e+01  1.92014194e+02  1.79999697e+02
 1.93493628e+02  4.63856906e+01  1.93493628e+02  1.79999695e+02
 1.94984460e+02  4.63856906e+01  1.94984460e+02  1.79999693e+02
 1.96486779e+02  4.63856906e+01  1.96486779e+02  1.79999690e+02
 1.98000673e+02  4.63856906e+01  1.98000673e+02  1.79999688e+02
 1.99526231e+02  4.63856906e+01  1.99526231e+02  1.79999685e+02
 2.01063544e+02  4.63856906e+01  2.01063544e+02  1.79999683e+02
 2.02612701e+02  4.63856906e+01  2.02612701e+02  1.79999681e+02
 2.04173794e+02  4.63856906e+01  2.04173794e+02  1.79999678e+02
 2.05746916e+02  4.63856906e+01  2.05746916e+02  1.79999676e+02
 2.07332157e+02  4.63856906e+01  2.07332157e+02  1.79999673e+02
 2.08929613e+02  4.63856906e+01  2.08929613e+02  1.79999671e+02
 2.10539377e+02  4.63856906e+01  2.10539377e+02  1.79999668e+02
 2.12161544e+02  4.63856906e+01  2.12161544e+02  1.79999666e+02
 2.13796209e+02  4.63856906e+01  2.13796209e+02  1.79999663e+02
 2.15443469e+02  4.63856906e+01  2.15443469e+02  1.79999660e+02
 2.17103421e+02  4.63856906e+01  2.17103421e+02  1.79999658e+02
 2.18776162e+02  4.63856906e+01  2.18776162e+02  1.79999655e+02
 2.20461792e+02  4.63856906e+01  2.20461792e+02  1.79999652e+02
 2.22160409e+02  4.63856906e+01  2.22160409e+02  1.79999650e+02
 2.23872114e+02  4.63856906e+01  2.23872114e+02  1.79999647e+02
 2.25597007e+02  4.63856906e+01  2.25597007e+02  1.79999644e+02
 2.27335190e+02  4.63856906e+01  2.27335190e+02  1.79999642e+02
 2.29086765e+02  4.63856906e+01  2.29086765e+02  1.79999639e+02
 2.30851836e+02  4.63856906e+01  2.30851836e+02  1.79999636e+02
 2.32630507e+02  4.63856906e+01  2.32630507e+02  1.79999633e+02
 2.34422882e+02  4.63856906e+01  2.34422882e+02  1.79999630e+02
 2.36229066e+02  4.63856906e+01  2.36229066e+02  1.79999628e+02
 2.38049167e+02  4.63856906e+01  2.38049167e+02  1.79999625e+02
 2.39883292e+02  4.63856906e+01  2.39883292e+02  1.79999622e+02
 2.41731548e+02  4.63856906e+01  2.41731548e+02  1.79999619e+02
 2.43594045e+02  4.63856906e+01  2.43594045e+02  1.79999616e+02
 2.45470892e+02  4.63856906e+01  2.45470892e+02  1.79999613e+02
 2.47362199e+02  4.63856906e+01  2.47362199e+02  1.79999610e+02
 2.49268079e+02  4.63856906e+01  2.49268079e+02  1.79999607e+02
 2.51188643e+02  4.63856906e+01  2.51188643e+02  1.79999604e+02
 2.53124005e+02  4.63856906e+01  2.53124005e+02  1.79999601e+02
 2.55074278e+02  4.63856906e+01  2.55074278e+02  1.79999598e+02
 2.57039578e+02  4.63856906e+01  2.57039578e+02  1.79999595e+02
 2.59020020e+02  4.63856906e+01  2.59020020e+02  1.79999592e+02
 2.61015722e+02  4.63856906e+01  2.61015722e+02  1.79999589e+02
 2.63026799e+02  4.63856906e+01  2.63026799e+02  1.79999585e+02
 2.65053372e+02  4.63856906e+01  2.65053372e+02  1.79999582e+02
 2.67095559e+02  4.63856906e+01  2.67095559e+02  1.79999579e+02
 2.69153480e+02  4.63856906e+01  2.69153480e+02  1.79999576e+02
 2.71227258e+02  4.63856906e+01  2.71227258e+02  1.79999572e+02
 2.73317014e+02  4.63856906e+01  2.73317014e+02  1.79999569e+02
 2.75422870e+02  4.63856906e+01  2.75422870e+02  1.79999566e+02
 2.77544952e+02  4.63856906e+01  2.77544952e+02  1.79999562e+02
 2.79683385e+02  4.63856906e+01  2.79683385e+02  1.79999559e+02
 2.81838293e+02  4.63856906e+01  2.81838293e+02  1.79999556e+02
 2.84009805e+02  4.63856906e+01  2.84009805e+02  1.79999552e+02
 2.86198048e+02  4.63856906e+01  2.86198048e+02  1.79999549e+02
 2.88403150e+02  4.63856906e+01  2.88403150e+02  1.79999545e+02
 2.90625243e+02  4.63856906e+01  2.90625243e+02  1.79999542e+02
 2.92864456e+02  4.63856906e+01  2.92864456e+02  1.79999538e+02
 2.95120923e+02  4.63856906e+01  2.95120923e+02  1.79999535e+02
 2.97394775e+02  4.63856906e+01  2.97394775e+02  1.79999531e+02
 2.99686146e+02  4.63856906e+01  2.99686146e+02  1.79999528e+02
 3.01995172e+02  4.63856906e+01  3.01995172e+02  1.79999524e+02
 3.04321989e+02  4.63856906e+01  3.04321989e+02  1.79999520e+02
 3.06666733e+02  4.63856906e+01  3.06666733e+02  1.79999517e+02
 3.09029543e+02  4.63856906e+01  3.09029543e+02  1.79999513e+02
 3.11410558e+02  4.63856906e+01  3.11410558e+02  1.79999509e+02
 3.13809919e+02  4.63856906e+01  3.13809919e+02  1.79999505e+02
 3.16227766e+02  4.63856906e+01  3.16227766e+02  1.79999501e+02
 3.18664242e+02  4.63856906e+01  3.18664242e+02  1.79999498e+02
 3.21119491e+02  4.63856906e+01  3.21119491e+02  1.79999494e+02
 3.23593657e+02  4.63856906e+01  3.23593657e+02  1.79999490e+02
 3.26086886e+02  4.63856906e+01  3.26086886e+02  1.79999486e+02
 3.28599325e+02  4.63856906e+01  3.28599325e+02  1.79999482e+02
 3.31131121e+02  4.63856906e+01  3.31131121e+02  1.79999478e+02
 3.33682425e+02  4.63856906e+01  3.33682425e+02  1.79999474e+02
 3.36253386e+02  4.63856906e+01  3.36253386e+02  1.79999470e+02
 3.38844156e+02  4.63856906e+01  3.38844156e+02  1.79999466e+02
 3.41454887e+02  4.63856907e+01  3.41454887e+02  1.79999462e+02
 3.44085734e+02  4.63856907e+01  3.44085734e+02  1.79999458e+02
 3.46736850e+02  4.63856907e+01  3.46736850e+02  1.79999453e+02
 3.49408393e+02  4.63856907e+01  3.49408393e+02  1.79999449e+02
 3.52100520e+02  4.63856907e+01  3.52100520e+02  1.79999445e+02
 3.54813389e+02  4.63856907e+01  3.54813389e+02  1.79999441e+02
 3.57547160e+02  4.63856907e+01  3.57547160e+02  1.79999436e+02
 3.60301995e+02  4.63856907e+01  3.60301995e+02  1.79999432e+02
 3.63078055e+02  4.63856907e+01  3.63078055e+02  1.79999428e+02
 3.65875504e+02  4.63856907e+01  3.65875504e+02  1.79999423e+02
 3.68694506e+02  4.63856907e+01  3.68694506e+02  1.79999419e+02
 3.71535229e+02  4.63856907e+01  3.71535229e+02  1.79999414e+02
 3.74397839e+02  4.63856907e+01  3.74397839e+02  1.79999410e+02
 3.77282505e+02  4.63856907e+01  3.77282505e+02  1.79999405e+02
 3.80189396e+02  4.63856907e+01  3.80189396e+02  1.79999401e+02
 3.83118685e+02  4.63856907e+01  3.83118685e+02  1.79999396e+02
 3.86070543e+02  4.63856907e+01  3.86070543e+02  1.79999391e+02
 3.89045145e+02  4.63856907e+01  3.89045145e+02  1.79999387e+02
 3.92042666e+02  4.63856907e+01  3.92042666e+02  1.79999382e+02
 3.95063281e+02  4.63856907e+01  3.95063281e+02  1.79999377e+02
 3.98107171e+02  4.63856907e+01  3.98107171e+02  1.79999372e+02
 4.01174512e+02  4.63856907e+01  4.01174512e+02  1.79999368e+02
 4.04265487e+02  4.63856907e+01  4.04265487e+02  1.79999363e+02
 4.07380278e+02  4.63856907e+01  4.07380278e+02  1.79999358e+02
 4.10519067e+02  4.63856907e+01  4.10519067e+02  1.79999353e+02
 4.13682040e+02  4.63856907e+01  4.13682040e+02  1.79999348e+02
 4.16869383e+02  4.63856907e+01  4.16869383e+02  1.79999343e+02
 4.20081285e+02  4.63856907e+01  4.20081285e+02  1.79999338e+02
 4.23317933e+02  4.63856907e+01  4.23317933e+02  1.79999333e+02
 4.26579519e+02  4.63856907e+01  4.26579519e+02  1.79999328e+02
 4.29866235e+02  4.63856907e+01  4.29866235e+02  1.79999322e+02
 4.33178274e+02  4.63856907e+01  4.33178274e+02  1.79999317e+02
 4.36515832e+02  4.63856907e+01  4.36515832e+02  1.79999312e+02
 4.39879106e+02  4.63856907e+01  4.39879106e+02  1.79999307e+02
 4.43268292e+02  4.63856907e+01  4.43268292e+02  1.79999301e+02
 4.46683592e+02  4.63856907e+01  4.46683592e+02  1.79999296e+02
 4.50125206e+02  4.63856907e+01  4.50125206e+02  1.79999290e+02
 4.53593337e+02  4.63856907e+01  4.53593337e+02  1.79999285e+02
 4.57088190e+02  4.63856907e+01  4.57088190e+02  1.79999279e+02
 4.60609969e+02  4.63856907e+01  4.60609969e+02  1.79999274e+02
 4.64158883e+02  4.63856907e+01  4.64158883e+02  1.79999268e+02
 4.67735141e+02  4.63856907e+01  4.67735141e+02  1.79999263e+02
 4.71338954e+02  4.63856907e+01  4.71338954e+02  1.79999257e+02
 4.74970533e+02  4.63856907e+01  4.74970533e+02  1.79999251e+02
 4.78630092e+02  4.63856907e+01  4.78630092e+02  1.79999245e+02
 4.82317848e+02  4.63856907e+01  4.82317848e+02  1.79999240e+02
 4.86034018e+02  4.63856907e+01  4.86034018e+02  1.79999234e+02
 4.89778819e+02  4.63856907e+01  4.89778819e+02  1.79999228e+02
 4.93552474e+02  4.63856907e+01  4.93552474e+02  1.79999222e+02
 4.97355204e+02  4.63856908e+01  4.97355204e+02  1.79999216e+02
 5.01187234e+02  4.63856908e+01  5.01187234e+02  1.79999210e+02
 5.05048788e+02  4.63856908e+01  5.05048788e+02  1.79999204e+02
 5.08940095e+02  4.63856908e+01  5.08940095e+02  1.79999198e+02
 5.12861384e+02  4.63856908e+01  5.12861384e+02  1.79999191e+02
 5.16812886e+02  4.63856908e+01  5.16812886e+02  1.79999185e+02
 5.20794833e+02  4.63856908e+01  5.20794833e+02  1.79999179e+02
 5.24807460e+02  4.63856908e+01  5.24807460e+02  1.79999173e+02
 5.28851004e+02  4.63856908e+01  5.28851004e+02  1.79999166e+02
 5.32925703e+02  4.63856908e+01  5.32925703e+02  1.79999160e+02
 5.37031796e+02  4.63856908e+01  5.37031796e+02  1.79999153e+02
 5.41169527e+02  4.63856908e+01  5.41169527e+02  1.79999147e+02
 5.45339137e+02  4.63856908e+01  5.45339137e+02  1.79999140e+02
 5.49540874e+02  4.63856908e+01  5.49540874e+02  1.79999134e+02
 5.53774984e+02  4.63856908e+01  5.53774984e+02  1.79999127e+02
 5.58041717e+02  4.63856908e+01  5.58041717e+02  1.79999120e+02
 5.62341325e+02  4.63856908e+01  5.62341325e+02  1.79999113e+02
 5.66674061e+02  4.63856908e+01  5.66674061e+02  1.79999107e+02
 5.71040179e+02  4.63856908e+01  5.71040179e+02  1.79999100e+02
 5.75439937e+02  4.63856908e+01  5.75439937e+02  1.79999093e+02
 5.79873595e+02  4.63856908e+01  5.79873595e+02  1.79999086e+02
 5.84341413e+02  4.63856908e+01  5.84341413e+02  1.79999079e+02
 5.88843655e+02  4.63856908e+01  5.88843655e+02  1.79999072e+02
 5.93380586e+02  4.63856908e+01  5.93380586e+02  1.79999065e+02
 5.97952473e+02  4.63856908e+01  5.97952473e+02  1.79999057e+02
 6.02559586e+02  4.63856908e+01  6.02559586e+02  1.79999050e+02
 6.07202196e+02  4.63856908e+01  6.07202196e+02  1.79999043e+02
 6.11880576e+02  4.63856909e+01  6.11880576e+02  1.79999035e+02
 6.16595002e+02  4.63856909e+01  6.16595002e+02  1.79999028e+02
 6.21345752e+02  4.63856909e+01  6.21345752e+02  1.79999020e+02
 6.26133105e+02  4.63856909e+01  6.26133105e+02  1.79999013e+02
 6.30957344e+02  4.63856909e+01  6.30957344e+02  1.79999005e+02
 6.35818754e+02  4.63856909e+01  6.35818754e+02  1.79998998e+02
 6.40717619e+02  4.63856909e+01  6.40717619e+02  1.79998990e+02
 6.45654229e+02  4.63856909e+01  6.45654229e+02  1.79998982e+02
 6.50628875e+02  4.63856909e+01  6.50628875e+02  1.79998974e+02
 6.55641849e+02  4.63856909e+01  6.55641849e+02  1.79998966e+02
 6.60693448e+02  4.63856909e+01  6.60693448e+02  1.79998958e+02
 6.65783968e+02  4.63856909e+01  6.65783968e+02  1.79998950e+02
 6.70913710e+02  4.63856909e+01  6.70913710e+02  1.79998942e+02
 6.76082975e+02  4.63856909e+01  6.76082975e+02  1.79998934e+02
 6.81292069e+02  4.63856909e+01  6.81292069e+02  1.79998926e+02
 6.86541298e+02  4.63856909e+01  6.86541298e+02  1.79998918e+02
 6.91830971e+02  4.63856909e+01  6.91830971e+02  1.79998909e+02
 6.97161400e+02  4.63856909e+01  6.97161400e+02  1.79998901e+02
 7.02532899e+02  4.63856909e+01  7.02532899e+02  1.79998892e+02
 7.07945784e+02  4.63856909e+01  7.07945784e+02  1.79998884e+02
 7.13400375e+02  4.63856910e+01  7.13400375e+02  1.79998875e+02
 7.18896992e+02  4.63856910e+01  7.18896992e+02  1.79998867e+02
 7.24435960e+02  4.63856910e+01  7.24435960e+02  1.79998858e+02
 7.30017605e+02  4.63856910e+01  7.30017605e+02  1.79998849e+02
 7.35642254e+02  4.63856910e+01  7.35642254e+02  1.79998840e+02
 7.41310241e+02  4.63856910e+01  7.41310241e+02  1.79998831e+02
 7.47021899e+02  4.63856910e+01  7.47021899e+02  1.79998822e+02
 7.52777564e+02  4.63856910e+01  7.52777564e+02  1.79998813e+02
 7.58577575e+02  4.63856910e+01  7.58577575e+02  1.79998804e+02
 7.64422274e+02  4.63856910e+01  7.64422274e+02  1.79998795e+02
 7.70312006e+02  4.63856910e+01  7.70312006e+02  1.79998786e+02
 7.76247117e+02  4.63856910e+01  7.76247117e+02  1.79998776e+02
 7.82227956e+02  4.63856910e+01  7.82227956e+02  1.79998767e+02
 7.88254877e+02  4.63856910e+01  7.88254877e+02  1.79998757e+02
 7.94328235e+02  4.63856911e+01  7.94328235e+02  1.79998748e+02
 8.00448386e+02  4.63856911e+01  8.00448386e+02  1.79998738e+02
 8.06615692e+02  4.63856911e+01  8.06615692e+02  1.79998728e+02
 8.12830516e+02  4.63856911e+01  8.12830516e+02  1.79998719e+02
 8.19093224e+02  4.63856911e+01  8.19093224e+02  1.79998709e+02
 8.25404185e+02  4.63856911e+01  8.25404185e+02  1.79998699e+02
 8.31763771e+02  4.63856911e+01  8.31763771e+02  1.79998689e+02
 8.38172356e+02  4.63856911e+01  8.38172356e+02  1.79998679e+02
 8.44630319e+02  4.63856911e+01  8.44630319e+02  1.79998668e+02
 8.51138038e+02  4.63856911e+01  8.51138038e+02  1.79998658e+02
 8.57695899e+02  4.63856911e+01  8.57695899e+02  1.79998648e+02
 8.64304286e+02  4.63856911e+01  8.64304286e+02  1.79998637e+02
 8.70963590e+02  4.63856911e+01  8.70963590e+02  1.79998627e+02
 8.77674203e+02  4.63856912e+01  8.77674203e+02  1.79998616e+02
 8.84436519e+02  4.63856912e+01  8.84436519e+02  1.79998606e+02
 8.91250938e+02  4.63856912e+01  8.91250938e+02  1.79998595e+02
 8.98117861e+02  4.63856912e+01  8.98117861e+02  1.79998584e+02
 9.05037692e+02  4.63856912e+01  9.05037692e+02  1.79998573e+02
 9.12010839e+02  4.63856912e+01  9.12010839e+02  1.79998562e+02
 9.19037713e+02  4.63856912e+01  9.19037713e+02  1.79998551e+02
 9.26118728e+02  4.63856912e+01  9.26118728e+02  1.79998540e+02
 9.33254301e+02  4.63856912e+01  9.33254301e+02  1.79998529e+02
 9.40444852e+02  4.63856912e+01  9.40444852e+02  1.79998517e+02
 9.47690805e+02  4.63856913e+01  9.47690805e+02  1.79998506e+02
 9.54992586e+02  4.63856913e+01  9.54992586e+02  1.79998494e+02
 9.62350626e+02  4.63856913e+01  9.62350626e+02  1.79998483e+02
 9.69765359e+02  4.63856913e+01  9.69765359e+02  1.79998471e+02
 9.77237221e+02  4.63856913e+01  9.77237221e+02  1.79998459e+02
 9.84766652e+02  4.63856913e+01  9.84766652e+02  1.79998448e+02
 9.92354096e+02  4.63856913e+01  9.92354096e+02  1.79998436e+02
 1.00000000e+03  4.63856913e+01  1.00000000e+03  1.79998424e+02
 1.00770481e+03  4.63856913e+01  1.00770481e+03  1.79998411e+02
 1.01546899e+03  4.63856914e+01  1.01546899e+03  1.79998399e+02
 1.02329299e+03  4.63856914e+01  1.02329299e+03  1.79998387e+02
 1.03117727e+03  4.63856914e+01  1.03117727e+03  1.79998374e+02
 1.03912230e+03  4.63856914e+01  1.03912230e+03  1.79998362e+02
 1.04712855e+03  4.63856914e+01  1.04712855e+03  1.79998349e+02
 1.05519648e+03  4.63856914e+01  1.05519648e+03  1.79998337e+02
 1.06332657e+03  4.63856914e+01  1.06332657e+03  1.79998324e+02
 1.07151931e+03  4.63856915e+01  1.07151931e+03  1.79998311e+02
 1.07977516e+03  4.63856915e+01  1.07977516e+03  1.79998298e+02
 1.08809463e+03  4.63856915e+01  1.08809463e+03  1.79998285e+02
 1.09647820e+03  4.63856915e+01  1.09647820e+03  1.79998271e+02
 1.10492636e+03  4.63856915e+01  1.10492636e+03  1.79998258e+02
 1.11343961e+03  4.63856915e+01  1.11343961e+03  1.79998245e+02
 1.12201845e+03  4.63856915e+01  1.12201845e+03  1.79998231e+02
 1.13066340e+03  4.63856916e+01  1.13066340e+03  1.79998218e+02
 1.13937495e+03  4.63856916e+01  1.13937495e+03  1.79998204e+02
 1.14815362e+03  4.63856916e+01  1.14815362e+03  1.79998190e+02
 1.15699993e+03  4.63856916e+01  1.15699993e+03  1.79998176e+02
 1.16591440e+03  4.63856916e+01  1.16591440e+03  1.79998162e+02
 1.17489755e+03  4.63856916e+01  1.17489755e+03  1.79998148e+02
 1.18394992e+03  4.63856916e+01  1.18394992e+03  1.79998134e+02
 1.19307204e+03  4.63856917e+01  1.19307204e+03  1.79998119e+02
 1.20226443e+03  4.63856917e+01  1.20226443e+03  1.79998105e+02
 1.21152766e+03  4.63856917e+01  1.21152766e+03  1.79998090e+02
 1.22086225e+03  4.63856917e+01  1.22086225e+03  1.79998075e+02
 1.23026877e+03  4.63856917e+01  1.23026877e+03  1.79998061e+02
 1.23974776e+03  4.63856918e+01  1.23974776e+03  1.79998046e+02
 1.24929979e+03  4.63856918e+01  1.24929979e+03  1.79998031e+02
 1.25892541e+03  4.63856918e+01  1.25892541e+03  1.79998015e+02
 1.26862520e+03  4.63856918e+01  1.26862520e+03  1.79998000e+02
 1.27839972e+03  4.63856918e+01  1.27839972e+03  1.79997985e+02
 1.28824955e+03  4.63856918e+01  1.28824955e+03  1.79997969e+02
 1.29817528e+03  4.63856919e+01  1.29817528e+03  1.79997953e+02
 1.30817747e+03  4.63856919e+01  1.30817747e+03  1.79997938e+02
 1.31825674e+03  4.63856919e+01  1.31825674e+03  1.79997922e+02
 1.32841366e+03  4.63856919e+01  1.32841366e+03  1.79997906e+02
 1.33864884e+03  4.63856920e+01  1.33864884e+03  1.79997890e+02
 1.34896288e+03  4.63856920e+01  1.34896288e+03  1.79997873e+02
 1.35935639e+03  4.63856920e+01  1.35935639e+03  1.79997857e+02
 1.36982998e+03  4.63856920e+01  1.36982998e+03  1.79997841e+02
 1.38038426e+03  4.63856920e+01  1.38038426e+03  1.79997824e+02
 1.39101987e+03  4.63856921e+01  1.39101987e+03  1.79997807e+02
 1.40173742e+03  4.63856921e+01  1.40173742e+03  1.79997790e+02
 1.41253754e+03  4.63856921e+01  1.41253754e+03  1.79997773e+02
 1.42342088e+03  4.63856921e+01  1.42342088e+03  1.79997756e+02
 1.43438808e+03  4.63856922e+01  1.43438808e+03  1.79997739e+02
 1.44543977e+03  4.63856922e+01  1.44543977e+03  1.79997721e+02
 1.45657662e+03  4.63856922e+01  1.45657662e+03  1.79997704e+02
 1.46779927e+03  4.63856922e+01  1.46779927e+03  1.79997686e+02
 1.47910839e+03  4.63856923e+01  1.47910839e+03  1.79997668e+02
 1.49050464e+03  4.63856923e+01  1.49050464e+03  1.79997650e+02
 1.50198870e+03  4.63856923e+01  1.50198870e+03  1.79997632e+02
 1.51356125e+03  4.63856923e+01  1.51356125e+03  1.79997614e+02
 1.52522296e+03  4.63856924e+01  1.52522296e+03  1.79997596e+02
 1.53697452e+03  4.63856924e+01  1.53697452e+03  1.79997577e+02
 1.54881662e+03  4.63856924e+01  1.54881662e+03  1.79997558e+02
 1.56074996e+03  4.63856925e+01  1.56074996e+03  1.79997540e+02
 1.57277525e+03  4.63856925e+01  1.57277525e+03  1.79997521e+02
 1.58489319e+03  4.63856925e+01  1.58489319e+03  1.79997501e+02
 1.59710450e+03  4.63856925e+01  1.59710450e+03  1.79997482e+02
 1.60940989e+03  4.63856926e+01  1.60940989e+03  1.79997463e+02
 1.62181010e+03  4.63856926e+01  1.62181010e+03  1.79997443e+02
 1.63430584e+03  4.63856926e+01  1.63430584e+03  1.79997424e+02
 1.64689787e+03  4.63856927e+01  1.64689787e+03  1.79997404e+02
 1.65958691e+03  4.63856927e+01  1.65958691e+03  1.79997384e+02
 1.67237372e+03  4.63856927e+01  1.67237372e+03  1.79997364e+02
 1.68525904e+03  4.63856928e+01  1.68525904e+03  1.79997343e+02
 1.69824365e+03  4.63856928e+01  1.69824365e+03  1.79997323e+02
 1.71132830e+03  4.63856928e+01  1.71132830e+03  1.79997302e+02
 1.72451377e+03  4.63856929e+01  1.72451377e+03  1.79997281e+02
 1.73780083e+03  4.63856929e+01  1.73780083e+03  1.79997260e+02
 1.75119026e+03  4.63856929e+01  1.75119026e+03  1.79997239e+02
 1.76468286e+03  4.63856930e+01  1.76468286e+03  1.79997218e+02
 1.77827941e+03  4.63856930e+01  1.77827941e+03  1.79997197e+02
 1.79198072e+03  4.63856931e+01  1.79198072e+03  1.79997175e+02
 1.80578760e+03  4.63856931e+01  1.80578760e+03  1.79997153e+02
 1.81970086e+03  4.63856931e+01  1.81970086e+03  1.79997131e+02
 1.83372132e+03  4.63856932e+01  1.83372132e+03  1.79997109e+02
 1.84784980e+03  4.63856932e+01  1.84784980e+03  1.79997087e+02
 1.86208714e+03  4.63856933e+01  1.86208714e+03  1.79997064e+02
 1.87643417e+03  4.63856933e+01  1.87643417e+03  1.79997042e+02
 1.89089175e+03  4.63856933e+01  1.89089175e+03  1.79997019e+02
 1.90546072e+03  4.63856934e+01  1.90546072e+03  1.79996996e+02
 1.92014194e+03  4.63856934e+01  1.92014194e+03  1.79996973e+02
 1.93493628e+03  4.63856935e+01  1.93493628e+03  1.79996950e+02
 1.94984460e+03  4.63856935e+01  1.94984460e+03  1.79996926e+02
 1.96486779e+03  4.63856936e+01  1.96486779e+03  1.79996902e+02
 1.98000673e+03  4.63856936e+01  1.98000673e+03  1.79996879e+02
 1.99526231e+03  4.63856937e+01  1.99526231e+03  1.79996855e+02
 2.01063544e+03  4.63856937e+01  2.01063544e+03  1.79996830e+02
 2.02612701e+03  4.63856937e+01  2.02612701e+03  1.79996806e+02
 2.04173794e+03  4.63856938e+01  2.04173794e+03  1.79996781e+02
 2.05746916e+03  4.63856938e+01  2.05746916e+03  1.79996756e+02
 2.07332157e+03  4.63856939e+01  2.07332157e+03  1.79996731e+02
 2.08929613e+03  4.63856940e+01  2.08929613e+03  1.79996706e+02
 2.10539377e+03  4.63856940e+01  2.10539377e+03  1.79996681e+02
 2.12161544e+03  4.63856941e+01  2.12161544e+03  1.79996655e+02
 2.13796209e+03  4.63856941e+01  2.13796209e+03  1.79996630e+02
 2.15443469e+03  4.63856942e+01  2.15443469e+03  1.79996604e+02
 2.17103421e+03  4.63856942e+01  2.17103421e+03  1.79996577e+02
 2.18776162e+03  4.63856943e+01  2.18776162e+03  1.79996551e+02
 2.20461792e+03  4.63856943e+01  2.20461792e+03  1.79996525e+02
 2.22160409e+03  4.63856944e+01  2.22160409e+03  1.79996498e+02
 2.23872114e+03  4.63856945e+01  2.23872114e+03  1.79996471e+02
 2.25597007e+03  4.63856945e+01  2.25597007e+03  1.79996444e+02
 2.27335190e+03  4.63856946e+01  2.27335190e+03  1.79996416e+02
 2.29086765e+03  4.63856946e+01  2.29086765e+03  1.79996389e+02
 2.30851836e+03  4.63856947e+01  2.30851836e+03  1.79996361e+02
 2.32630507e+03  4.63856948e+01  2.32630507e+03  1.79996333e+02
 2.34422882e+03  4.63856948e+01  2.34422882e+03  1.79996304e+02
 2.36229066e+03  4.63856949e+01  2.36229066e+03  1.79996276e+02
 2.38049167e+03  4.63856950e+01  2.38049167e+03  1.79996247e+02
 2.39883292e+03  4.63856950e+01  2.39883292e+03  1.79996218e+02
 2.41731548e+03  4.63856951e+01  2.41731548e+03  1.79996189e+02
 2.43594045e+03  4.63856952e+01  2.43594045e+03  1.79996160e+02
 2.45470892e+03  4.63856952e+01  2.45470892e+03  1.79996130e+02
 2.47362199e+03  4.63856953e+01  2.47362199e+03  1.79996100e+02
 2.49268079e+03  4.63856954e+01  2.49268079e+03  1.79996070e+02
 2.51188643e+03  4.63856955e+01  2.51188643e+03  1.79996040e+02
 2.53124005e+03  4.63856955e+01  2.53124005e+03  1.79996010e+02
 2.55074278e+03  4.63856956e+01  2.55074278e+03  1.79995979e+02
 2.57039578e+03  4.63856957e+01  2.57039578e+03  1.79995948e+02
 2.59020020e+03  4.63856958e+01  2.59020020e+03  1.79995917e+02
 2.61015722e+03  4.63856959e+01  2.61015722e+03  1.79995885e+02
 2.63026799e+03  4.63856959e+01  2.63026799e+03  1.79995853e+02
 2.65053372e+03  4.63856960e+01  2.65053372e+03  1.79995822e+02
 2.67095559e+03  4.63856961e+01  2.67095559e+03  1.79995789e+02
 2.69153480e+03  4.63856962e+01  2.69153480e+03  1.79995757e+02
 2.71227258e+03  4.63856963e+01  2.71227258e+03  1.79995724e+02
 2.73317014e+03  4.63856964e+01  2.73317014e+03  1.79995691e+02
 2.75422870e+03  4.63856965e+01  2.75422870e+03  1.79995658e+02
 2.77544952e+03  4.63856965e+01  2.77544952e+03  1.79995625e+02
 2.79683385e+03  4.63856966e+01  2.79683385e+03  1.79995591e+02
 2.81838293e+03  4.63856967e+01  2.81838293e+03  1.79995557e+02
 2.84009805e+03  4.63856968e+01  2.84009805e+03  1.79995523e+02
 2.86198048e+03  4.63856969e+01  2.86198048e+03  1.79995488e+02
 2.88403150e+03  4.63856970e+01  2.88403150e+03  1.79995453e+02
 2.90625243e+03  4.63856971e+01  2.90625243e+03  1.79995418e+02
 2.92864456e+03  4.63856972e+01  2.92864456e+03  1.79995383e+02
 2.95120923e+03  4.63856973e+01  2.95120923e+03  1.79995348e+02
 2.97394775e+03  4.63856974e+01  2.97394775e+03  1.79995312e+02
 2.99686146e+03  4.63856975e+01  2.99686146e+03  1.79995276e+02
 3.01995172e+03  4.63856976e+01  3.01995172e+03  1.79995239e+02
 3.04321989e+03  4.63856978e+01  3.04321989e+03  1.79995202e+02
 3.06666733e+03  4.63856979e+01  3.06666733e+03  1.79995166e+02
 3.09029543e+03  4.63856980e+01  3.09029543e+03  1.79995128e+02
 3.11410558e+03  4.63856981e+01  3.11410558e+03  1.79995091e+02
 3.13809919e+03  4.63856982e+01  3.13809919e+03  1.79995053e+02
 3.16227766e+03  4.63856983e+01  3.16227766e+03  1.79995015e+02
 3.18664242e+03  4.63856984e+01  3.18664242e+03  1.79994976e+02
 3.21119491e+03  4.63856986e+01  3.21119491e+03  1.79994938e+02
 3.23593657e+03  4.63856987e+01  3.23593657e+03  1.79994899e+02
 3.26086886e+03  4.63856988e+01  3.26086886e+03  1.79994859e+02
 3.28599325e+03  4.63856989e+01  3.28599325e+03  1.79994820e+02
 3.31131121e+03  4.63856991e+01  3.31131121e+03  1.79994780e+02
 3.33682425e+03  4.63856992e+01  3.33682425e+03  1.79994740e+02
 3.36253386e+03  4.63856993e+01  3.36253386e+03  1.79994699e+02
 3.38844156e+03  4.63856995e+01  3.38844156e+03  1.79994658e+02
 3.41454887e+03  4.63856996e+01  3.41454887e+03  1.79994617e+02
 3.44085734e+03  4.63856998e+01  3.44085734e+03  1.79994576e+02
 3.46736850e+03  4.63856999e+01  3.46736850e+03  1.79994534e+02
 3.49408393e+03  4.63857000e+01  3.49408393e+03  1.79994492e+02
 3.52100520e+03  4.63857002e+01  3.52100520e+03  1.79994449e+02
 3.54813389e+03  4.63857003e+01  3.54813389e+03  1.79994406e+02
 3.57547160e+03  4.63857005e+01  3.57547160e+03  1.79994363e+02
 3.60301995e+03  4.63857006e+01  3.60301995e+03  1.79994320e+02
 3.63078055e+03  4.63857008e+01  3.63078055e+03  1.79994276e+02
 3.65875504e+03  4.63857010e+01  3.65875504e+03  1.79994232e+02
 3.68694506e+03  4.63857011e+01  3.68694506e+03  1.79994188e+02
 3.71535229e+03  4.63857013e+01  3.71535229e+03  1.79994143e+02
 3.74397839e+03  4.63857014e+01  3.74397839e+03  1.79994098e+02
 3.77282505e+03  4.63857016e+01  3.77282505e+03  1.79994052e+02
 3.80189396e+03  4.63857018e+01  3.80189396e+03  1.79994006e+02
 3.83118685e+03  4.63857020e+01  3.83118685e+03  1.79993960e+02
 3.86070543e+03  4.63857021e+01  3.86070543e+03  1.79993914e+02
 3.89045145e+03  4.63857023e+01  3.89045145e+03  1.79993867e+02
 3.92042666e+03  4.63857025e+01  3.92042666e+03  1.79993820e+02
 3.95063281e+03  4.63857027e+01  3.95063281e+03  1.79993772e+02
 3.98107171e+03  4.63857029e+01  3.98107171e+03  1.79993724e+02
 4.01174512e+03  4.63857031e+01  4.01174512e+03  1.79993676e+02
 4.04265487e+03  4.63857032e+01  4.04265487e+03  1.79993627e+02
 4.07380278e+03  4.63857034e+01  4.07380278e+03  1.79993578e+02
 4.10519067e+03  4.63857036e+01  4.10519067e+03  1.79993528e+02
 4.13682040e+03  4.63857038e+01  4.13682040e+03  1.79993478e+02
 4.16869383e+03  4.63857041e+01  4.16869383e+03  1.79993428e+02
 4.20081285e+03  4.63857043e+01  4.20081285e+03  1.79993378e+02
 4.23317933e+03  4.63857045e+01  4.23317933e+03  1.79993327e+02
 4.26579519e+03  4.63857047e+01  4.26579519e+03  1.79993275e+02
 4.29866235e+03  4.63857049e+01  4.29866235e+03  1.79993223e+02
 4.33178274e+03  4.63857051e+01  4.33178274e+03  1.79993171e+02
 4.36515832e+03  4.63857054e+01  4.36515832e+03  1.79993118e+02
 4.39879106e+03  4.63857056e+01  4.39879106e+03  1.79993065e+02
 4.43268292e+03  4.63857058e+01  4.43268292e+03  1.79993012e+02
 4.46683592e+03  4.63857061e+01  4.46683592e+03  1.79992958e+02
 4.50125206e+03  4.63857063e+01  4.50125206e+03  1.79992904e+02
 4.53593337e+03  4.63857065e+01  4.53593337e+03  1.79992849e+02
 4.57088190e+03  4.63857068e+01  4.57088190e+03  1.79992794e+02
 4.60609969e+03  4.63857070e+01  4.60609969e+03  1.79992739e+02
 4.64158883e+03  4.63857073e+01  4.64158883e+03  1.79992683e+02
 4.67735141e+03  4.63857075e+01  4.67735141e+03  1.79992626e+02
 4.71338954e+03  4.63857078e+01  4.71338954e+03  1.79992569e+02
 4.74970533e+03  4.63857081e+01  4.74970533e+03  1.79992512e+02
 4.78630092e+03  4.63857083e+01  4.78630092e+03  1.79992455e+02
 4.82317848e+03  4.63857086e+01  4.82317848e+03  1.79992396e+02
 4.86034018e+03  4.63857089e+01  4.86034018e+03  1.79992338e+02
 4.89778819e+03  4.63857092e+01  4.89778819e+03  1.79992279e+02
 4.93552474e+03  4.63857095e+01  4.93552474e+03  1.79992219e+02
 4.97355204e+03  4.63857098e+01  4.97355204e+03  1.79992159e+02
 5.01187234e+03  4.63857101e+01  5.01187234e+03  1.79992099e+02
 5.05048788e+03  4.63857104e+01  5.05048788e+03  1.79992038e+02
 5.08940095e+03  4.63857107e+01  5.08940095e+03  1.79991977e+02
 5.12861384e+03  4.63857110e+01  5.12861384e+03  1.79991915e+02
 5.16812886e+03  4.63857113e+01  5.16812886e+03  1.79991853e+02
 5.20794833e+03  4.63857116e+01  5.20794833e+03  1.79991790e+02
 5.24807460e+03  4.63857119e+01  5.24807460e+03  1.79991727e+02
 5.28851004e+03  4.63857123e+01  5.28851004e+03  1.79991663e+02
 5.32925703e+03  4.63857126e+01  5.32925703e+03  1.79991599e+02
 5.37031796e+03  4.63857130e+01  5.37031796e+03  1.79991534e+02
 5.41169527e+03  4.63857133e+01  5.41169527e+03  1.79991469e+02
 5.45339137e+03  4.63857137e+01  5.45339137e+03  1.79991403e+02
 5.49540874e+03  4.63857140e+01  5.49540874e+03  1.79991337e+02
 5.53774984e+03  4.63857144e+01  5.53774984e+03  1.79991270e+02
 5.58041717e+03  4.63857147e+01  5.58041717e+03  1.79991203e+02
 5.62341325e+03  4.63857151e+01  5.62341325e+03  1.79991135e+02
 5.66674061e+03  4.63857155e+01  5.66674061e+03  1.79991067e+02
 5.71040179e+03  4.63857159e+01  5.71040179e+03  1.79990998e+02
 5.75439937e+03  4.63857163e+01  5.75439937e+03  1.79990928e+02
 5.79873595e+03  4.63857167e+01  5.79873595e+03  1.79990858e+02
 5.84341413e+03  4.63857171e+01  5.84341413e+03  1.79990788e+02
 5.88843655e+03  4.63857175e+01  5.88843655e+03  1.79990717e+02
 5.93380586e+03  4.63857179e+01  5.93380586e+03  1.79990646e+02
 5.97952473e+03  4.63857183e+01  5.97952473e+03  1.79990573e+02
 6.02559586e+03  4.63857188e+01  6.02559586e+03  1.79990501e+02
 6.07202196e+03  4.63857192e+01  6.07202196e+03  1.79990428e+02
 6.11880576e+03  4.63857196e+01  6.11880576e+03  1.79990354e+02
 6.16595002e+03  4.63857201e+01  6.16595002e+03  1.79990280e+02
 6.21345752e+03  4.63857205e+01  6.21345752e+03  1.79990205e+02
 6.26133105e+03  4.63857210e+01  6.26133105e+03  1.79990129e+02
 6.30957344e+03  4.63857215e+01  6.30957344e+03  1.79990053e+02
 6.35818754e+03  4.63857219e+01  6.35818754e+03  1.79989976e+02
 6.40717619e+03  4.63857224e+01  6.40717619e+03  1.79989899e+02
 6.45654229e+03  4.63857229e+01  6.45654229e+03  1.79989821e+02
 6.50628875e+03  4.63857234e+01  6.50628875e+03  1.79989743e+02
 6.55641849e+03  4.63857239e+01  6.55641849e+03  1.79989664e+02
 6.60693448e+03  4.63857245e+01  6.60693448e+03  1.79989584e+02
 6.65783968e+03  4.63857250e+01  6.65783968e+03  1.79989504e+02
 6.70913710e+03  4.63857255e+01  6.70913710e+03  1.79989423e+02
 6.76082975e+03  4.63857261e+01  6.76082975e+03  1.79989342e+02
 6.81292069e+03  4.63857266e+01  6.81292069e+03  1.79989260e+02
 6.86541298e+03  4.63857272e+01  6.86541298e+03  1.79989177e+02
 6.91830971e+03  4.63857277e+01  6.91830971e+03  1.79989093e+02
 6.97161400e+03  4.63857283e+01  6.97161400e+03  1.79989009e+02
 7.02532899e+03  4.63857289e+01  7.02532899e+03  1.79988925e+02
 7.07945784e+03  4.63857295e+01  7.07945784e+03  1.79988839e+02
 7.13400375e+03  4.63857301e+01  7.13400375e+03  1.79988753e+02
 7.18896992e+03  4.63857307e+01  7.18896992e+03  1.79988667e+02
 7.24435960e+03  4.63857313e+01  7.24435960e+03  1.79988579e+02
 7.30017605e+03  4.63857319e+01  7.30017605e+03  1.79988491e+02
 7.35642254e+03  4.63857326e+01  7.35642254e+03  1.79988403e+02
 7.41310241e+03  4.63857332e+01  7.41310241e+03  1.79988313e+02
 7.47021899e+03  4.63857339e+01  7.47021899e+03  1.79988223e+02
 7.52777564e+03  4.63857346e+01  7.52777564e+03  1.79988133e+02
 7.58577575e+03  4.63857352e+01  7.58577575e+03  1.79988041e+02
 7.64422274e+03  4.63857359e+01  7.64422274e+03  1.79987949e+02
 7.70312006e+03  4.63857366e+01  7.70312006e+03  1.79987856e+02
 7.76247117e+03  4.63857373e+01  7.76247117e+03  1.79987763e+02
 7.82227956e+03  4.63857381e+01  7.82227956e+03  1.79987668e+02
 7.88254877e+03  4.63857388e+01  7.88254877e+03  1.79987573e+02
 7.94328235e+03  4.63857396e+01  7.94328235e+03  1.79987478e+02
 8.00448386e+03  4.63857403e+01  8.00448386e+03  1.79987381e+02
 8.06615692e+03  4.63857411e+01  8.06615692e+03  1.79987284e+02
 8.12830516e+03  4.63857419e+01  8.12830516e+03  1.79987186e+02
 8.19093224e+03  4.63857427e+01  8.19093224e+03  1.79987087e+02
 8.25404185e+03  4.63857435e+01  8.25404185e+03  1.79986988e+02
 8.31763771e+03  4.63857443e+01  8.31763771e+03  1.79986887e+02
 8.38172356e+03  4.63857451e+01  8.38172356e+03  1.79986786e+02
 8.44630319e+03  4.63857460e+01  8.44630319e+03  1.79986685e+02
 8.51138038e+03  4.63857468e+01  8.51138038e+03  1.79986582e+02
 8.57695899e+03  4.63857477e+01  8.57695899e+03  1.79986479e+02
 8.64304286e+03  4.63857486e+01  8.64304286e+03  1.79986374e+02
 8.70963590e+03  4.63857495e+01  8.70963590e+03  1.79986269e+02
 8.77674203e+03  4.63857504e+01  8.77674203e+03  1.79986164e+02
 8.84436519e+03  4.63857513e+01  8.84436519e+03  1.79986057e+02
 8.91250938e+03  4.63857522e+01  8.91250938e+03  1.79985950e+02
 8.98117861e+03  4.63857532e+01  8.98117861e+03  1.79985841e+02
 9.05037692e+03  4.63857542e+01  9.05037692e+03  1.79985732e+02
 9.12010839e+03  4.63857551e+01  9.12010839e+03  1.79985622e+02
 9.19037713e+03  4.63857561e+01  9.19037713e+03  1.79985512e+02
 9.26118728e+03  4.63857572e+01  9.26118728e+03  1.79985400e+02
 9.33254301e+03  4.63857582e+01  9.33254301e+03  1.79985287e+02
 9.40444852e+03  4.63857592e+01  9.40444852e+03  1.79985174e+02
 9.47690805e+03  4.63857603e+01  9.47690805e+03  1.79985060e+02
 9.54992586e+03  4.63857614e+01  9.54992586e+03  1.79984945e+02
 9.62350626e+03  4.63857625e+01  9.62350626e+03  1.79984829e+02
 9.69765359e+03  4.63857636e+01  9.69765359e+03  1.79984712e+02
 9.77237221e+03  4.63857647e+01  9.77237221e+03  1.79984594e+02
 9.84766652e+03  4.63857659e+01  9.84766652e+03  1.79984475e+02
 9.92354096e+03  4.63857670e+01  9.92354096e+03  1.79984356e+02
 1.00000000e+04  4.63857682e+01  1.00000000e+04  1.79984235e+02
 1.00770481e+04  4.63857694e+01  1.00770481e+04  1.79984114e+02
 1.01546899e+04  4.63857706e+01  1.01546899e+04  1.79983991e+02
 1.02329299e+04  4.63857719e+01  1.02329299e+04  1.79983868e+02
 1.03117727e+04  4.63857731e+01  1.03117727e+04  1.79983744e+02
 1.03912230e+04  4.63857744e+01  1.03912230e+04  1.79983618e+02
 1.04712855e+04  4.63857757e+01  1.04712855e+04  1.79983492e+02
 1.05519648e+04  4.63857770e+01  1.05519648e+04  1.79983365e+02
 1.06332657e+04  4.63857784e+01  1.06332657e+04  1.79983237e+02
 1.07151931e+04  4.63857797e+01  1.07151931e+04  1.79983108e+02
 1.07977516e+04  4.63857811e+01  1.07977516e+04  1.79982977e+02
 1.08809463e+04  4.63857825e+01  1.08809463e+04  1.79982846e+02
 1.09647820e+04  4.63857839e+01  1.09647820e+04  1.79982714e+02
 1.10492636e+04  4.63857854e+01  1.10492636e+04  1.79982581e+02
 1.11343961e+04  4.63857868e+01  1.11343961e+04  1.79982447e+02
 1.12201845e+04  4.63857883e+01  1.12201845e+04  1.79982311e+02
 1.13066340e+04  4.63857898e+01  1.13066340e+04  1.79982175e+02
 1.13937495e+04  4.63857914e+01  1.13937495e+04  1.79982038e+02
 1.14815362e+04  4.63857929e+01  1.14815362e+04  1.79981899e+02
 1.15699993e+04  4.63857945e+01  1.15699993e+04  1.79981760e+02
 1.16591440e+04  4.63857961e+01  1.16591440e+04  1.79981619e+02
 1.17489755e+04  4.63857977e+01  1.17489755e+04  1.79981478e+02
 1.18394992e+04  4.63857994e+01  1.18394992e+04  1.79981335e+02
 1.19307204e+04  4.63858011e+01  1.19307204e+04  1.79981191e+02
 1.20226443e+04  4.63858028e+01  1.20226443e+04  1.79981046e+02
 1.21152766e+04  4.63858045e+01  1.21152766e+04  1.79980900e+02
 1.22086225e+04  4.63858063e+01  1.22086225e+04  1.79980753e+02
 1.23026877e+04  4.63858081e+01  1.23026877e+04  1.79980605e+02
 1.23974776e+04  4.63858099e+01  1.23974776e+04  1.79980455e+02
 1.24929979e+04  4.63858117e+01  1.24929979e+04  1.79980305e+02
 1.25892541e+04  4.63858136e+01  1.25892541e+04  1.79980153e+02
 1.26862520e+04  4.63858155e+01  1.26862520e+04  1.79980000e+02
 1.27839972e+04  4.63858175e+01  1.27839972e+04  1.79979846e+02
 1.28824955e+04  4.63858194e+01  1.28824955e+04  1.79979691e+02
 1.29817528e+04  4.63858214e+01  1.29817528e+04  1.79979534e+02
 1.30817747e+04  4.63858234e+01  1.30817747e+04  1.79979376e+02
 1.31825674e+04  4.63858255e+01  1.31825674e+04  1.79979218e+02
 1.32841366e+04  4.63858276e+01  1.32841366e+04  1.79979057e+02
 1.33864884e+04  4.63858297e+01  1.33864884e+04  1.79978896e+02
 1.34896288e+04  4.63858319e+01  1.34896288e+04  1.79978733e+02
 1.35935639e+04  4.63858340e+01  1.35935639e+04  1.79978570e+02
 1.36982998e+04  4.63858363e+01  1.36982998e+04  1.79978404e+02
 1.38038426e+04  4.63858385e+01  1.38038426e+04  1.79978238e+02
 1.39101987e+04  4.63858408e+01  1.39101987e+04  1.79978070e+02
 1.40173742e+04  4.63858431e+01  1.40173742e+04  1.79977901e+02
 1.41253754e+04  4.63858455e+01  1.41253754e+04  1.79977731e+02
 1.42342088e+04  4.63858479e+01  1.42342088e+04  1.79977560e+02
 1.43438808e+04  4.63858503e+01  1.43438808e+04  1.79977387e+02
 1.44543977e+04  4.63858528e+01  1.44543977e+04  1.79977212e+02
 1.45657662e+04  4.63858553e+01  1.45657662e+04  1.79977037e+02
 1.46779927e+04  4.63858578e+01  1.46779927e+04  1.79976860e+02
 1.47910839e+04  4.63858604e+01  1.47910839e+04  1.79976682e+02
 1.49050464e+04  4.63858631e+01  1.49050464e+04  1.79976502e+02
 1.50198870e+04  4.63858657e+01  1.50198870e+04  1.79976321e+02
 1.51356125e+04  4.63858684e+01  1.51356125e+04  1.79976138e+02
 1.52522296e+04  4.63858712e+01  1.52522296e+04  1.79975955e+02
 1.53697452e+04  4.63858740e+01  1.53697452e+04  1.79975769e+02
 1.54881662e+04  4.63858768e+01  1.54881662e+04  1.79975583e+02
 1.56074996e+04  4.63858797e+01  1.56074996e+04  1.79975394e+02
 1.57277525e+04  4.63858826e+01  1.57277525e+04  1.79975205e+02
 1.58489319e+04  4.63858856e+01  1.58489319e+04  1.79975014e+02
 1.59710450e+04  4.63858886e+01  1.59710450e+04  1.79974821e+02
 1.60940989e+04  4.63858917e+01  1.60940989e+04  1.79974627e+02
 1.62181010e+04  4.63858948e+01  1.62181010e+04  1.79974432e+02
 1.63430584e+04  4.63858980e+01  1.63430584e+04  1.79974235e+02
 1.64689787e+04  4.63859012e+01  1.64689787e+04  1.79974036e+02
 1.65958691e+04  4.63859044e+01  1.65958691e+04  1.79973836e+02
 1.67237372e+04  4.63859077e+01  1.67237372e+04  1.79973634e+02
 1.68525904e+04  4.63859111e+01  1.68525904e+04  1.79973431e+02
 1.69824365e+04  4.63859145e+01  1.69824365e+04  1.79973227e+02
 1.71132830e+04  4.63859180e+01  1.71132830e+04  1.79973020e+02
 1.72451377e+04  4.63859215e+01  1.72451377e+04  1.79972812e+02
 1.73780083e+04  4.63859251e+01  1.73780083e+04  1.79972603e+02
 1.75119026e+04  4.63859287e+01  1.75119026e+04  1.79972392e+02
 1.76468286e+04  4.63859324e+01  1.76468286e+04  1.79972179e+02
 1.77827941e+04  4.63859361e+01  1.77827941e+04  1.79971965e+02
 1.79198072e+04  4.63859399e+01  1.79198072e+04  1.79971749e+02
 1.80578760e+04  4.63859438e+01  1.80578760e+04  1.79971531e+02
 1.81970086e+04  4.63859477e+01  1.81970086e+04  1.79971312e+02
 1.83372132e+04  4.63859517e+01  1.83372132e+04  1.79971090e+02
 1.84784980e+04  4.63859557e+01  1.84784980e+04  1.79970868e+02
 1.86208714e+04  4.63859598e+01  1.86208714e+04  1.79970643e+02
 1.87643417e+04  4.63859640e+01  1.87643417e+04  1.79970417e+02
 1.89089175e+04  4.63859682e+01  1.89089175e+04  1.79970189e+02
 1.90546072e+04  4.63859725e+01  1.90546072e+04  1.79969959e+02
 1.92014194e+04  4.63859768e+01  1.92014194e+04  1.79969728e+02
 1.93493628e+04  4.63859813e+01  1.93493628e+04  1.79969495e+02
 1.94984460e+04  4.63859858e+01  1.94984460e+04  1.79969260e+02
 1.96486779e+04  4.63859903e+01  1.96486779e+04  1.79969023e+02
 1.98000673e+04  4.63859950e+01  1.98000673e+04  1.79968784e+02
 1.99526231e+04  4.63859997e+01  1.99526231e+04  1.79968543e+02
 2.01063544e+04  4.63860045e+01  2.01063544e+04  1.79968301e+02
 2.02612701e+04  4.63860093e+01  2.02612701e+04  1.79968057e+02
 2.04173794e+04  4.63860143e+01  2.04173794e+04  1.79967811e+02
 2.05746916e+04  4.63860193e+01  2.05746916e+04  1.79967563e+02
 2.07332157e+04  4.63860243e+01  2.07332157e+04  1.79967313e+02
 2.08929613e+04  4.63860295e+01  2.08929613e+04  1.79967061e+02
 2.10539377e+04  4.63860347e+01  2.10539377e+04  1.79966807e+02
 2.12161544e+04  4.63860401e+01  2.12161544e+04  1.79966551e+02
 2.13796209e+04  4.63860455e+01  2.13796209e+04  1.79966293e+02
 2.15443469e+04  4.63860510e+01  2.15443469e+04  1.79966034e+02
 2.17103421e+04  4.63860565e+01  2.17103421e+04  1.79965772e+02
 2.18776162e+04  4.63860622e+01  2.18776162e+04  1.79965508e+02
 2.20461792e+04  4.63860680e+01  2.20461792e+04  1.79965242e+02
 2.22160409e+04  4.63860738e+01  2.22160409e+04  1.79964974e+02
 2.23872114e+04  4.63860797e+01  2.23872114e+04  1.79964704e+02
 2.25597007e+04  4.63860857e+01  2.25597007e+04  1.79964432e+02
 2.27335190e+04  4.63860919e+01  2.27335190e+04  1.79964158e+02
 2.29086765e+04  4.63860981e+01  2.29086765e+04  1.79963882e+02
 2.30851836e+04  4.63861044e+01  2.30851836e+04  1.79963604e+02
 2.32630507e+04  4.63861108e+01  2.32630507e+04  1.79963323e+02
 2.34422882e+04  4.63861173e+01  2.34422882e+04  1.79963041e+02
 2.36229066e+04  4.63861239e+01  2.36229066e+04  1.79962756e+02
 2.38049167e+04  4.63861306e+01  2.38049167e+04  1.79962469e+02
 2.39883292e+04  4.63861374e+01  2.39883292e+04  1.79962180e+02
 2.41731548e+04  4.63861443e+01  2.41731548e+04  1.79961888e+02
 2.43594045e+04  4.63861513e+01  2.43594045e+04  1.79961595e+02
 2.45470892e+04  4.63861584e+01  2.45470892e+04  1.79961299e+02
 2.47362199e+04  4.63861657e+01  2.47362199e+04  1.79961000e+02
 2.49268079e+04  4.63861730e+01  2.49268079e+04  1.79960700e+02
 2.51188643e+04  4.63861805e+01  2.51188643e+04  1.79960397e+02
 2.53124005e+04  4.63861881e+01  2.53124005e+04  1.79960092e+02
 2.55074278e+04  4.63861958e+01  2.55074278e+04  1.79959784e+02
 2.57039578e+04  4.63862036e+01  2.57039578e+04  1.79959474e+02
 2.59020020e+04  4.63862115e+01  2.59020020e+04  1.79959162e+02
 2.61015722e+04  4.63862196e+01  2.61015722e+04  1.79958847e+02
 2.63026799e+04  4.63862278e+01  2.63026799e+04  1.79958530e+02
 2.65053372e+04  4.63862361e+01  2.65053372e+04  1.79958210e+02
 2.67095559e+04  4.63862445e+01  2.67095559e+04  1.79957888e+02
 2.69153480e+04  4.63862531e+01  2.69153480e+04  1.79957564e+02
 2.71227258e+04  4.63862618e+01  2.71227258e+04  1.79957237e+02
 2.73317014e+04  4.63862706e+01  2.73317014e+04  1.79956907e+02
 2.75422870e+04  4.63862796e+01  2.75422870e+04  1.79956575e+02
 2.77544952e+04  4.63862887e+01  2.77544952e+04  1.79956241e+02
 2.79683385e+04  4.63862980e+01  2.79683385e+04  1.79955903e+02
 2.81838293e+04  4.63863073e+01  2.81838293e+04  1.79955563e+02
 2.84009805e+04  4.63863169e+01  2.84009805e+04  1.79955221e+02
 2.86198048e+04  4.63863266e+01  2.86198048e+04  1.79954876e+02
 2.88403150e+04  4.63863364e+01  2.88403150e+04  1.79954528e+02
 2.90625243e+04  4.63863464e+01  2.90625243e+04  1.79954178e+02
 2.92864456e+04  4.63863566e+01  2.92864456e+04  1.79953824e+02
 2.95120923e+04  4.63863669e+01  2.95120923e+04  1.79953469e+02
 2.97394775e+04  4.63863773e+01  2.97394775e+04  1.79953110e+02
 2.99686146e+04  4.63863879e+01  2.99686146e+04  1.79952749e+02
 3.01995172e+04  4.63863987e+01  3.01995172e+04  1.79952384e+02
 3.04321989e+04  4.63864097e+01  3.04321989e+04  1.79952017e+02
 3.06666733e+04  4.63864208e+01  3.06666733e+04  1.79951648e+02
 3.09029543e+04  4.63864321e+01  3.09029543e+04  1.79951275e+02
 3.11410558e+04  4.63864436e+01  3.11410558e+04  1.79950899e+02
 3.13809919e+04  4.63864552e+01  3.13809919e+04  1.79950521e+02
 3.16227766e+04  4.63864670e+01  3.16227766e+04  1.79950140e+02
 3.18664242e+04  4.63864791e+01  3.18664242e+04  1.79949755e+02
 3.21119491e+04  4.63864913e+01  3.21119491e+04  1.79949368e+02
 3.23593657e+04  4.63865037e+01  3.23593657e+04  1.79948978e+02
 3.26086886e+04  4.63865162e+01  3.26086886e+04  1.79948585e+02
 3.28599325e+04  4.63865290e+01  3.28599325e+04  1.79948188e+02
 3.31131121e+04  4.63865420e+01  3.31131121e+04  1.79947789e+02
 3.33682425e+04  4.63865551e+01  3.33682425e+04  1.79947387e+02
 3.36253386e+04  4.63865685e+01  3.36253386e+04  1.79946981e+02
 3.38844156e+04  4.63865821e+01  3.38844156e+04  1.79946572e+02
 3.41454887e+04  4.63865959e+01  3.41454887e+04  1.79946161e+02
 3.44085734e+04  4.63866099e+01  3.44085734e+04  1.79945746e+02
 3.46736850e+04  4.63866241e+01  3.46736850e+04  1.79945327e+02
 3.49408393e+04  4.63866386e+01  3.49408393e+04  1.79944906e+02
 3.52100520e+04  4.63866532e+01  3.52100520e+04  1.79944481e+02
 3.54813389e+04  4.63866681e+01  3.54813389e+04  1.79944053e+02
 3.57547160e+04  4.63866832e+01  3.57547160e+04  1.79943622e+02
 3.60301995e+04  4.63866986e+01  3.60301995e+04  1.79943188e+02
 3.63078055e+04  4.63867142e+01  3.63078055e+04  1.79942750e+02
 3.65875504e+04  4.63867300e+01  3.65875504e+04  1.79942308e+02
 3.68694506e+04  4.63867461e+01  3.68694506e+04  1.79941864e+02
 3.71535229e+04  4.63867624e+01  3.71535229e+04  1.79941416e+02
 3.74397839e+04  4.63867790e+01  3.74397839e+04  1.79940964e+02
 3.77282505e+04  4.63867959e+01  3.77282505e+04  1.79940509e+02
 3.80189396e+04  4.63868129e+01  3.80189396e+04  1.79940050e+02
 3.83118685e+04  4.63868303e+01  3.83118685e+04  1.79939588e+02
 3.86070543e+04  4.63868479e+01  3.86070543e+04  1.79939122e+02
 3.89045145e+04  4.63868658e+01  3.89045145e+04  1.79938653e+02
 3.92042666e+04  4.63868840e+01  3.92042666e+04  1.79938180e+02
 3.95063281e+04  4.63869025e+01  3.95063281e+04  1.79937704e+02
 3.98107171e+04  4.63869213e+01  3.98107171e+04  1.79937223e+02
 4.01174512e+04  4.63869403e+01  4.01174512e+04  1.79936740e+02
 4.04265487e+04  4.63869596e+01  4.04265487e+04  1.79936252e+02
 4.07380278e+04  4.63869793e+01  4.07380278e+04  1.79935760e+02
 4.10519067e+04  4.63869992e+01  4.10519067e+04  1.79935265e+02
 4.13682040e+04  4.63870194e+01  4.13682040e+04  1.79934766e+02
 4.16869383e+04  4.63870400e+01  4.16869383e+04  1.79934263e+02
 4.20081285e+04  4.63870608e+01  4.20081285e+04  1.79933756e+02
 4.23317933e+04  4.63870821e+01  4.23317933e+04  1.79933246e+02
 4.26579519e+04  4.63871036e+01  4.26579519e+04  1.79932731e+02
 4.29866235e+04  4.63871255e+01  4.29866235e+04  1.79932213e+02
 4.33178274e+04  4.63871477e+01  4.33178274e+04  1.79931690e+02
 4.36515832e+04  4.63871702e+01  4.36515832e+04  1.79931163e+02
 4.39879106e+04  4.63871931e+01  4.39879106e+04  1.79930633e+02
 4.43268292e+04  4.63872164e+01  4.43268292e+04  1.79930098e+02
 4.46683592e+04  4.63872399e+01  4.46683592e+04  1.79929559e+02
 4.50125206e+04  4.63872639e+01  4.50125206e+04  1.79929016e+02
 4.53593337e+04  4.63872883e+01  4.53593337e+04  1.79928468e+02
 4.57088190e+04  4.63873130e+01  4.57088190e+04  1.79927917e+02
 4.60609969e+04  4.63873381e+01  4.60609969e+04  1.79927361e+02
 4.64158883e+04  4.63873635e+01  4.64158883e+04  1.79926801e+02
 4.67735141e+04  4.63873894e+01  4.67735141e+04  1.79926237e+02
 4.71338954e+04  4.63874157e+01  4.71338954e+04  1.79925668e+02
 4.74970533e+04  4.63874424e+01  4.74970533e+04  1.79925095e+02
 4.78630092e+04  4.63874695e+01  4.78630092e+04  1.79924517e+02
 4.82317848e+04  4.63874970e+01  4.82317848e+04  1.79923935e+02
 4.86034018e+04  4.63875250e+01  4.86034018e+04  1.79923349e+02
 4.89778819e+04  4.63875534e+01  4.89778819e+04  1.79922758e+02
 4.93552474e+04  4.63875822e+01  4.93552474e+04  1.79922162e+02
 4.97355204e+04  4.63876114e+01  4.97355204e+04  1.79921562e+02
 5.01187234e+04  4.63876412e+01  5.01187234e+04  1.79920957e+02
 5.05048788e+04  4.63876713e+01  5.05048788e+04  1.79920347e+02
 5.08940095e+04  4.63877020e+01  5.08940095e+04  1.79919733e+02
 5.12861384e+04  4.63877331e+01  5.12861384e+04  1.79919114e+02
 5.16812886e+04  4.63877647e+01  5.16812886e+04  1.79918490e+02
 5.20794833e+04  4.63877968e+01  5.20794833e+04  1.79917862e+02
 5.24807460e+04  4.63878294e+01  5.24807460e+04  1.79917228e+02
 5.28851004e+04  4.63878625e+01  5.28851004e+04  1.79916590e+02
 5.32925703e+04  4.63878961e+01  5.32925703e+04  1.79915947e+02
 5.37031796e+04  4.63879302e+01  5.37031796e+04  1.79915299e+02
 5.41169527e+04  4.63879649e+01  5.41169527e+04  1.79914645e+02
 5.45339137e+04  4.63880000e+01  5.45339137e+04  1.79913987e+02
 5.49540874e+04  4.63880358e+01  5.49540874e+04  1.79913324e+02
 5.53774984e+04  4.63880721e+01  5.53774984e+04  1.79912655e+02
 5.58041717e+04  4.63881089e+01  5.58041717e+04  1.79911982e+02
 5.62341325e+04  4.63881463e+01  5.62341325e+04  1.79911303e+02
 5.66674061e+04  4.63881843e+01  5.66674061e+04  1.79910619e+02
 5.71040179e+04  4.63882229e+01  5.71040179e+04  1.79909929e+02
 5.75439937e+04  4.63882620e+01  5.75439937e+04  1.79909234e+02
 5.79873595e+04  4.63883018e+01  5.79873595e+04  1.79908534e+02
 5.84341413e+04  4.63883422e+01  5.84341413e+04  1.79907829e+02
 5.88843655e+04  4.63883832e+01  5.88843655e+04  1.79907118e+02
 5.93380586e+04  4.63884249e+01  5.93380586e+04  1.79906401e+02
 5.97952473e+04  4.63884672e+01  5.97952473e+04  1.79905679e+02
 6.02559586e+04  4.63885101e+01  6.02559586e+04  1.79904952e+02
 6.07202196e+04  4.63885538e+01  6.07202196e+04  1.79904219e+02
 6.11880576e+04  4.63885981e+01  6.11880576e+04  1.79903480e+02
 6.16595002e+04  4.63886430e+01  6.16595002e+04  1.79902735e+02
 6.21345752e+04  4.63886888e+01  6.21345752e+04  1.79901985e+02
 6.26133105e+04  4.63887352e+01  6.26133105e+04  1.79901229e+02
 6.30957344e+04  4.63887823e+01  6.30957344e+04  1.79900466e+02
 6.35818754e+04  4.63888301e+01  6.35818754e+04  1.79899699e+02
 6.40717619e+04  4.63888786e+01  6.40717619e+04  1.79898925e+02
 6.45654229e+04  4.63889280e+01  6.45654229e+04  1.79898145e+02
 6.50628875e+04  4.63889781e+01  6.50628875e+04  1.79897359e+02
 6.55641849e+04  4.63890289e+01  6.55641849e+04  1.79896567e+02
 6.60693448e+04  4.63890806e+01  6.60693448e+04  1.79895769e+02
 6.65783968e+04  4.63891330e+01  6.65783968e+04  1.79894965e+02
 6.70913710e+04  4.63891863e+01  6.70913710e+04  1.79894154e+02
 6.76082975e+04  4.63892405e+01  6.76082975e+04  1.79893338e+02
 6.81292069e+04  4.63892953e+01  6.81292069e+04  1.79892514e+02
 6.86541298e+04  4.63893511e+01  6.86541298e+04  1.79891685e+02
 6.91830971e+04  4.63894077e+01  6.91830971e+04  1.79890849e+02
 6.97161400e+04  4.63894653e+01  6.97161400e+04  1.79890007e+02
 7.02532899e+04  4.63895236e+01  7.02532899e+04  1.79889158e+02
 7.07945784e+04  4.63895830e+01  7.07945784e+04  1.79888303e+02
 7.13400375e+04  4.63896432e+01  7.13400375e+04  1.79887440e+02
 7.18896992e+04  4.63897043e+01  7.18896992e+04  1.79886572e+02
 7.24435960e+04  4.63897664e+01  7.24435960e+04  1.79885696e+02
 7.30017605e+04  4.63898295e+01  7.30017605e+04  1.79884814e+02
 7.35642254e+04  4.63898935e+01  7.35642254e+04  1.79883925e+02
 7.41310241e+04  4.63899586e+01  7.41310241e+04  1.79883029e+02
 7.47021899e+04  4.63900245e+01  7.47021899e+04  1.79882126e+02
 7.52777564e+04  4.63900916e+01  7.52777564e+04  1.79881216e+02
 7.58577575e+04  4.63901597e+01  7.58577575e+04  1.79880299e+02
 7.64422274e+04  4.63902288e+01  7.64422274e+04  1.79879375e+02
 7.70312006e+04  4.63902992e+01  7.70312006e+04  1.79878444e+02
 7.76247117e+04  4.63903704e+01  7.76247117e+04  1.79877506e+02
 7.82227956e+04  4.63904429e+01  7.82227956e+04  1.79876560e+02
 7.88254877e+04  4.63905163e+01  7.88254877e+04  1.79875607e+02
 7.94328235e+04  4.63905911e+01  7.94328235e+04  1.79874646e+02
 8.00448386e+04  4.63906669e+01  8.00448386e+04  1.79873679e+02
 8.06615692e+04  4.63907438e+01  8.06615692e+04  1.79872703e+02
 8.12830516e+04  4.63908221e+01  8.12830516e+04  1.79871720e+02
 8.19093224e+04  4.63909014e+01  8.19093224e+04  1.79870730e+02
 8.25404185e+04  4.63909821e+01  8.25404185e+04  1.79869732e+02
 8.31763771e+04  4.63910641e+01  8.31763771e+04  1.79868726e+02
 8.38172356e+04  4.63911471e+01  8.38172356e+04  1.79867712e+02
 8.44630319e+04  4.63912316e+01  8.44630319e+04  1.79866690e+02
 8.51138038e+04  4.63913172e+01  8.51138038e+04  1.79865661e+02
 8.57695899e+04  4.63914044e+01  8.57695899e+04  1.79864623e+02
 8.64304286e+04  4.63914928e+01  8.64304286e+04  1.79863577e+02
 8.70963590e+04  4.63915824e+01  8.70963590e+04  1.79862524e+02
 8.77674203e+04  4.63916738e+01  8.77674203e+04  1.79861462e+02
 8.84436519e+04  4.63917662e+01  8.84436519e+04  1.79860392e+02
 8.91250938e+04  4.63918603e+01  8.91250938e+04  1.79859313e+02
 8.98117861e+04  4.63919558e+01  8.98117861e+04  1.79858226e+02
 9.05037692e+04  4.63920527e+01  9.05037692e+04  1.79857131e+02
 9.12010839e+04  4.63921513e+01  9.12010839e+04  1.79856027e+02
 9.19037713e+04  4.63922512e+01  9.19037713e+04  1.79854915e+02
 9.26118728e+04  4.63923527e+01  9.26118728e+04  1.79853794e+02
 9.33254301e+04  4.63924557e+01  9.33254301e+04  1.79852664e+02
 9.40444852e+04  4.63925604e+01  9.40444852e+04  1.79851526e+02
 9.47690805e+04  4.63926668e+01  9.47690805e+04  1.79850378e+02
 9.54992586e+04  4.63927747e+01  9.54992586e+04  1.79849222e+02
 9.62350626e+04  4.63928844e+01  9.62350626e+04  1.79848057e+02
 9.69765359e+04  4.63929957e+01  9.69765359e+04  1.79846882e+02
 9.77237221e+04  4.63931090e+01  9.77237221e+04  1.79845699e+02
 9.84766652e+04  4.63932236e+01  9.84766652e+04  1.79844506e+02
 9.92354096e+04  4.63933402e+01  9.92354096e+04  1.79843304e+02
 1.00000000e+05  4.63934586e+01  1.00000000e+05  1.79842093e+02
 1.00770481e+05  4.63935787e+01  1.00770481e+05  1.79840872e+02
 1.01546899e+05  4.63937009e+01  1.01546899e+05  1.79839642e+02
 1.02329299e+05  4.63938248e+01  1.02329299e+05  1.79838402e+02
 1.03117727e+05  4.63939508e+01  1.03117727e+05  1.79837153e+02
 1.03912230e+05  4.63940786e+01  1.03912230e+05  1.79835894e+02
 1.04712855e+05  4.63942083e+01  1.04712855e+05  1.79834625e+02
 1.05519648e+05  4.63943402e+01  1.05519648e+05  1.79833346e+02
 1.06332657e+05  4.63944742e+01  1.06332657e+05  1.79832057e+02
 1.07151931e+05  4.63946100e+01  1.07151931e+05  1.79830758e+02
 1.07977516e+05  4.63947480e+01  1.07977516e+05  1.79829449e+02
 1.08809463e+05  4.63948883e+01  1.08809463e+05  1.79828130e+02
 1.09647820e+05  4.63950306e+01  1.09647820e+05  1.79826800e+02
 1.10492636e+05  4.63951750e+01  1.10492636e+05  1.79825461e+02
 1.11343961e+05  4.63953220e+01  1.11343961e+05  1.79824110e+02
 1.12201845e+05  4.63954710e+01  1.12201845e+05  1.79822750e+02
 1.13066340e+05  4.63956224e+01  1.13066340e+05  1.79821378e+02
 1.13937495e+05  4.63957759e+01  1.13937495e+05  1.79819996e+02
 1.14815362e+05  4.63959323e+01  1.14815362e+05  1.79818603e+02
 1.15699993e+05  4.63960906e+01  1.15699993e+05  1.79817199e+02
 1.16591440e+05  4.63962518e+01  1.16591440e+05  1.79815785e+02
 1.17489755e+05  4.63964151e+01  1.17489755e+05  1.79814359e+02
 1.18394992e+05  4.63965810e+01  1.18394992e+05  1.79812922e+02
 1.19307204e+05  4.63967497e+01  1.19307204e+05  1.79811474e+02
 1.20226443e+05  4.63969211e+01  1.20226443e+05  1.79810014e+02
 1.21152766e+05  4.63970946e+01  1.21152766e+05  1.79808543e+02
 1.22086225e+05  4.63972714e+01  1.22086225e+05  1.79807061e+02
 1.23026877e+05  4.63974504e+01  1.23026877e+05  1.79805567e+02
 1.23974776e+05  4.63976326e+01  1.23974776e+05  1.79804061e+02
 1.24929979e+05  4.63978174e+01  1.24929979e+05  1.79802544e+02
 1.25892541e+05  4.63980051e+01  1.25892541e+05  1.79801014e+02
 1.26862520e+05  4.63981958e+01  1.26862520e+05  1.79799473e+02
 1.27839972e+05  4.63983894e+01  1.27839972e+05  1.79797920e+02
 1.28824955e+05  4.63985860e+01  1.28824955e+05  1.79796354e+02
 1.29817528e+05  4.63987855e+01  1.29817528e+05  1.79794777e+02
 1.30817747e+05  4.63989882e+01  1.30817747e+05  1.79793186e+02
 1.31825674e+05  4.63991939e+01  1.31825674e+05  1.79791584e+02
 1.32841366e+05  4.63994029e+01  1.32841366e+05  1.79789969e+02
 1.33864884e+05  4.63996156e+01  1.33864884e+05  1.79788341e+02
 1.34896288e+05  4.63998309e+01  1.34896288e+05  1.79786700e+02
 1.35935639e+05  4.64000501e+01  1.35935639e+05  1.79785047e+02
 1.36982998e+05  4.64002723e+01  1.36982998e+05  1.79783380e+02
 1.38038426e+05  4.64004982e+01  1.38038426e+05  1.79781701e+02
 1.39101987e+05  4.64007271e+01  1.39101987e+05  1.79780008e+02
 1.40173742e+05  4.64009603e+01  1.40173742e+05  1.79778302e+02
 1.41253754e+05  4.64011966e+01  1.41253754e+05  1.79776583e+02
 1.42342088e+05  4.64014368e+01  1.42342088e+05  1.79774850e+02
 1.43438808e+05  4.64016804e+01  1.43438808e+05  1.79773104e+02
 1.44543977e+05  4.64019278e+01  1.44543977e+05  1.79771344e+02
 1.45657662e+05  4.64021794e+01  1.45657662e+05  1.79769569e+02
 1.46779927e+05  4.64024347e+01  1.46779927e+05  1.79767781e+02
 1.47910839e+05  4.64026937e+01  1.47910839e+05  1.79765979e+02
 1.49050464e+05  4.64029573e+01  1.49050464e+05  1.79764163e+02
 1.50198870e+05  4.64032248e+01  1.50198870e+05  1.79762332e+02
 1.51356125e+05  4.64034961e+01  1.51356125e+05  1.79760487e+02
 1.52522296e+05  4.64037716e+01  1.52522296e+05  1.79758628e+02
 1.53697452e+05  4.64040516e+01  1.53697452e+05  1.79756754e+02
 1.54881662e+05  4.64043360e+01  1.54881662e+05  1.79754865e+02
 1.56074996e+05  4.64046248e+01  1.56074996e+05  1.79752961e+02
 1.57277525e+05  4.64049179e+01  1.57277525e+05  1.79751042e+02
 1.58489319e+05  4.64052156e+01  1.58489319e+05  1.79749108e+02
 1.59710450e+05  4.64055178e+01  1.59710450e+05  1.79747158e+02
 1.60940989e+05  4.64058248e+01  1.60940989e+05  1.79745194e+02
 1.62181010e+05  4.64061372e+01  1.62181010e+05  1.79743214e+02
 1.63430584e+05  4.64064540e+01  1.63430584e+05  1.79741218e+02
 1.64689787e+05  4.64067754e+01  1.64689787e+05  1.79739206e+02
 1.65958691e+05  4.64071021e+01  1.65958691e+05  1.79737179e+02
 1.67237372e+05  4.64074334e+01  1.67237372e+05  1.79735134e+02
 1.68525904e+05  4.64077702e+01  1.68525904e+05  1.79733075e+02
 1.69824365e+05  4.64081119e+01  1.69824365e+05  1.79730999e+02
 1.71132830e+05  4.64084597e+01  1.71132830e+05  1.79728906e+02
 1.72451377e+05  4.64088117e+01  1.72451377e+05  1.79726797e+02
 1.73780083e+05  4.64091701e+01  1.73780083e+05  1.79724671e+02
 1.75119026e+05  4.64095342e+01  1.75119026e+05  1.79722528e+02
 1.76468286e+05  4.64099029e+01  1.76468286e+05  1.79720368e+02
 1.77827941e+05  4.64102784e+01  1.77827941e+05  1.79718191e+02
 1.79198072e+05  4.64106595e+01  1.79198072e+05  1.79715997e+02
 1.80578760e+05  4.64110459e+01  1.80578760e+05  1.79713785e+02
 1.81970086e+05  4.64114383e+01  1.81970086e+05  1.79711556e+02
 1.83372132e+05  4.64118375e+01  1.83372132e+05  1.79709309e+02
 1.84784980e+05  4.64122428e+01  1.84784980e+05  1.79707044e+02
 1.86208714e+05  4.64126534e+01  1.86208714e+05  1.79704761e+02
 1.87643417e+05  4.64130719e+01  1.87643417e+05  1.79702460e+02
 1.89089175e+05  4.64134955e+01  1.89089175e+05  1.79700141e+02
 1.90546072e+05  4.64139262e+01  1.90546072e+05  1.79697802e+02
 1.92014194e+05  4.64143643e+01  1.92014194e+05  1.79695446e+02
 1.93493628e+05  4.64148090e+01  1.93493628e+05  1.79693070e+02
 1.94984460e+05  4.64152599e+01  1.94984460e+05  1.79690676e+02
 1.96486779e+05  4.64157182e+01  1.96486779e+05  1.79688262e+02
 1.98000673e+05  4.64161827e+01  1.98000673e+05  1.79685829e+02
 1.99526231e+05  4.64166561e+01  1.99526231e+05  1.79683377e+02
 2.01063544e+05  4.64171354e+01  2.01063544e+05  1.79680905e+02
 2.02612701e+05  4.64176231e+01  2.02612701e+05  1.79678413e+02
 2.04173794e+05  4.64181181e+01  2.04173794e+05  1.79675902e+02
 2.05746916e+05  4.64186204e+01  2.05746916e+05  1.79673370e+02
 2.07332157e+05  4.64191309e+01  2.07332157e+05  1.79670817e+02
 2.08929613e+05  4.64196491e+01  2.08929613e+05  1.79668244e+02
 2.10539377e+05  4.64201750e+01  2.10539377e+05  1.79665651e+02
 2.12161544e+05  4.64207095e+01  2.12161544e+05  1.79663037e+02
 2.13796209e+05  4.64212527e+01  2.13796209e+05  1.79660401e+02
 2.15443469e+05  4.64218040e+01  2.15443469e+05  1.79657745e+02
 2.17103421e+05  4.64223636e+01  2.17103421e+05  1.79655067e+02
 2.18776162e+05  4.64229320e+01  2.18776162e+05  1.79652367e+02
 2.20461792e+05  4.64235093e+01  2.20461792e+05  1.79649646e+02
 2.22160409e+05  4.64240961e+01  2.22160409e+05  1.79646903e+02
 2.23872114e+05  4.64246907e+01  2.23872114e+05  1.79644137e+02
 2.25597007e+05  4.64252957e+01  2.25597007e+05  1.79641349e+02
 2.27335190e+05  4.64259094e+01  2.27335190e+05  1.79638539e+02
 2.29086765e+05  4.64265333e+01  2.29086765e+05  1.79635705e+02
 2.30851836e+05  4.64271664e+01  2.30851836e+05  1.79632849e+02
 2.32630507e+05  4.64278090e+01  2.32630507e+05  1.79629970e+02
 2.34422882e+05  4.64284621e+01  2.34422882e+05  1.79627068e+02
 2.36229066e+05  4.64291262e+01  2.36229066e+05  1.79624141e+02
 2.38049167e+05  4.64297998e+01  2.38049167e+05  1.79621192e+02
 2.39883292e+05  4.64304839e+01  2.39883292e+05  1.79618217e+02
 2.41731548e+05  4.64311786e+01  2.41731548e+05  1.79615219e+02
 2.43594045e+05  4.64318838e+01  2.43594045e+05  1.79612196e+02
 2.45470892e+05  4.64326005e+01  2.45470892e+05  1.79609149e+02
 2.47362199e+05  4.64333274e+01  2.47362199e+05  1.79606076e+02
 2.49268079e+05  4.64340657e+01  2.49268079e+05  1.79602980e+02
 2.51188643e+05  4.64348173e+01  2.51188643e+05  1.79599857e+02
 2.53124005e+05  4.64355792e+01  2.53124005e+05  1.79596709e+02
 2.55074278e+05  4.64363534e+01  2.55074278e+05  1.79593535e+02
 2.57039578e+05  4.64371388e+01  2.57039578e+05  1.79590335e+02
 2.59020020e+05  4.64379359e+01  2.59020020e+05  1.79587109e+02
 2.61015722e+05  4.64387492e+01  2.61015722e+05  1.79583857e+02
 2.63026799e+05  4.64395707e+01  2.63026799e+05  1.79580577e+02
 2.65053372e+05  4.64404082e+01  2.65053372e+05  1.79577270e+02
 2.67095559e+05  4.64412573e+01  2.67095559e+05  1.79573938e+02
 2.69153480e+05  4.64421187e+01  2.69153480e+05  1.79570576e+02
 2.71227258e+05  4.64429939e+01  2.71227258e+05  1.79567187e+02
 2.73317014e+05  4.64438838e+01  2.73317014e+05  1.79563770e+02
 2.75422870e+05  4.64447867e+01  2.75422870e+05  1.79560324e+02
 2.77544952e+05  4.64457029e+01  2.77544952e+05  1.79556851e+02
 2.79683385e+05  4.64466351e+01  2.79683385e+05  1.79553348e+02
 2.81838293e+05  4.64475807e+01  2.81838293e+05  1.79549817e+02
 2.84009805e+05  4.64485420e+01  2.84009805e+05  1.79546257e+02
 2.86198048e+05  4.64495172e+01  2.86198048e+05  1.79542665e+02
 2.88403150e+05  4.64505095e+01  2.88403150e+05  1.79539046e+02
 2.90625243e+05  4.64515161e+01  2.90625243e+05  1.79535396e+02
 2.92864456e+05  4.64525362e+01  2.92864456e+05  1.79531712e+02
 2.95120923e+05  4.64535748e+01  2.95120923e+05  1.79528002e+02
 2.97394775e+05  4.64546286e+01  2.97394775e+05  1.79524260e+02
 2.99686146e+05  4.64557005e+01  2.99686146e+05  1.79520486e+02
 3.01995172e+05  4.64567877e+01  3.01995172e+05  1.79516681e+02
 3.04321989e+05  4.64578918e+01  3.04321989e+05  1.79512843e+02
 3.06666733e+05  4.64590125e+01  3.06666733e+05  1.79508971e+02
 3.09029543e+05  4.64601511e+01  3.09029543e+05  1.79505070e+02
 3.11410558e+05  4.64613094e+01  3.11410558e+05  1.79501136e+02
 3.13809919e+05  4.64624836e+01  3.13809919e+05  1.79497166e+02
 3.16227766e+05  4.64636790e+01  3.16227766e+05  1.79493165e+02
 3.18664242e+05  4.64648891e+01  3.18664242e+05  1.79489128e+02
 3.21119491e+05  4.64661200e+01  3.21119491e+05  1.79485058e+02
 3.23593657e+05  4.64673689e+01  3.23593657e+05  1.79480954e+02
 3.26086886e+05  4.64686378e+01  3.26086886e+05  1.79476814e+02
 3.28599325e+05  4.64699284e+01  3.28599325e+05  1.79472640e+02
 3.31131121e+05  4.64712372e+01  3.31131121e+05  1.79468430e+02
 3.33682425e+05  4.64725663e+01  3.33682425e+05  1.79464183e+02
 3.36253386e+05  4.64739169e+01  3.36253386e+05  1.79459901e+02
 3.38844156e+05  4.64752874e+01  3.38844156e+05  1.79455581e+02
 3.41454887e+05  4.64766823e+01  3.41454887e+05  1.79451227e+02
 3.44085734e+05  4.64780957e+01  3.44085734e+05  1.79446832e+02
 3.46736850e+05  4.64795346e+01  3.46736850e+05  1.79442403e+02
 3.49408393e+05  4.64809947e+01  3.49408393e+05  1.79437933e+02
 3.52100520e+05  4.64824757e+01  3.52100520e+05  1.79433425e+02
 3.54813389e+05  4.64839818e+01  3.54813389e+05  1.79428878e+02
 3.57547160e+05  4.64855108e+01  3.57547160e+05  1.79424291e+02
 3.60301995e+05  4.64870627e+01  3.60301995e+05  1.79419668e+02
 3.63078055e+05  4.64886383e+01  3.63078055e+05  1.79415000e+02
 3.65875504e+05  4.64902413e+01  3.65875504e+05  1.79410294e+02
 3.68694506e+05  4.64918692e+01  3.68694506e+05  1.79405546e+02
 3.71535229e+05  4.64935237e+01  3.71535229e+05  1.79400760e+02
 3.74397839e+05  4.64951973e+01  3.74397839e+05  1.79395924e+02
 3.77282505e+05  4.64969057e+01  3.77282505e+05  1.79391056e+02
 3.80189396e+05  4.64986350e+01  3.80189396e+05  1.79386139e+02
 3.83118685e+05  4.65003952e+01  3.83118685e+05  1.79381181e+02
 3.86070543e+05  4.65021793e+01  3.86070543e+05  1.79376176e+02
 3.89045145e+05  4.65039935e+01  3.89045145e+05  1.79371128e+02
 3.92042666e+05  4.65058346e+01  3.92042666e+05  1.79366040e+02
 3.95063281e+05  4.65077086e+01  3.95063281e+05  1.79360904e+02
 3.98107171e+05  4.65096081e+01  3.98107171e+05  1.79355719e+02
 4.01174512e+05  4.65115385e+01  4.01174512e+05  1.79350493e+02
 4.04265487e+05  4.65134992e+01  4.04265487e+05  1.79345220e+02
 4.07380278e+05  4.65154926e+01  4.07380278e+05  1.79339901e+02
 4.10519067e+05  4.65175139e+01  4.10519067e+05  1.79334531e+02
 4.13682040e+05  4.65195686e+01  4.13682040e+05  1.79329111e+02
 4.16869383e+05  4.65216561e+01  4.16869383e+05  1.79323644e+02
 4.20081285e+05  4.65237745e+01  4.20081285e+05  1.79318129e+02
 4.23317933e+05  4.65259284e+01  4.23317933e+05  1.79312569e+02
 4.26579519e+05  4.65281154e+01  4.26579519e+05  1.79306951e+02
 4.29866235e+05  4.65303345e+01  4.29866235e+05  1.79301285e+02
 4.33178274e+05  4.65325902e+01  4.33178274e+05  1.79295569e+02
 4.36515832e+05  4.65348823e+01  4.36515832e+05  1.79289799e+02
 4.39879106e+05  4.65372105e+01  4.39879106e+05  1.79283980e+02
 4.43268292e+05  4.65395733e+01  4.43268292e+05  1.79278099e+02
 4.46683592e+05  4.65419752e+01  4.46683592e+05  1.79272174e+02
 4.50125206e+05  4.65444156e+01  4.50125206e+05  1.79266191e+02
 4.53593337e+05  4.65468939e+01  4.53593337e+05  1.79260154e+02
 4.57088190e+05  4.65494084e+01  4.57088190e+05  1.79254062e+02
 4.60609969e+05  4.65519654e+01  4.60609969e+05  1.79247909e+02
 4.64158883e+05  4.65545626e+01  4.64158883e+05  1.79241701e+02
 4.67735141e+05  4.65571995e+01  4.67735141e+05  1.79235438e+02
 4.71338954e+05  4.65598790e+01  4.71338954e+05  1.79229120e+02
 4.74970533e+05  4.65625977e+01  4.74970533e+05  1.79222730e+02
 4.78630092e+05  4.65653620e+01  4.78630092e+05  1.79216287e+02
 4.82317848e+05  4.65681727e+01  4.82317848e+05  1.79209785e+02
 4.86034018e+05  4.65710249e+01  4.86034018e+05  1.79203222e+02
 4.89778819e+05  4.65739235e+01  4.89778819e+05  1.79196601e+02
 4.93552474e+05  4.65768646e+01  4.93552474e+05  1.79189912e+02
 4.97355204e+05  4.65798562e+01  4.97355204e+05  1.79183153e+02
 5.01187234e+05  4.65828881e+01  5.01187234e+05  1.79176339e+02
 5.05048788e+05  4.65859790e+01  5.05048788e+05  1.79169464e+02
 5.08940095e+05  4.65891068e+01  5.08940095e+05  1.79162509e+02
 5.12861384e+05  4.65922929e+01  5.12861384e+05  1.79155495e+02
 5.16812886e+05  4.65955271e+01  5.16812886e+05  1.79148422e+02
 5.20794833e+05  4.65988131e+01  5.20794833e+05  1.79141272e+02
 5.24807460e+05  4.66021548e+01  5.24807460e+05  1.79134053e+02
 5.28851004e+05  4.66055397e+01  5.28851004e+05  1.79126759e+02
 5.32925703e+05  4.66089825e+01  5.32925703e+05  1.79119400e+02
 5.37031796e+05  4.66124823e+01  5.37031796e+05  1.79111967e+02
 5.41169527e+05  4.66160384e+01  5.41169527e+05  1.79104465e+02
 5.45339137e+05  4.66196474e+01  5.45339137e+05  1.79096886e+02
 5.49540874e+05  4.66233115e+01  5.49540874e+05  1.79089227e+02
 5.53774984e+05  4.66270384e+01  5.53774984e+05  1.79081500e+02
 5.58041717e+05  4.66308244e+01  5.58041717e+05  1.79073696e+02
 5.62341325e+05  4.66346700e+01  5.62341325e+05  1.79065805e+02
 5.66674061e+05  4.66385772e+01  5.66674061e+05  1.79057844e+02
 5.71040179e+05  4.66425446e+01  5.71040179e+05  1.79049805e+02
 5.75439937e+05  4.66465752e+01  5.75439937e+05  1.79041685e+02
 5.79873595e+05  4.66506748e+01  5.79873595e+05  1.79033483e+02
 5.84341413e+05  4.66548371e+01  5.84341413e+05  1.79025186e+02
 5.88843655e+05  4.66590632e+01  5.88843655e+05  1.79016817e+02
 5.93380586e+05  4.66633620e+01  5.93380586e+05  1.79008354e+02
 5.97952473e+05  4.66677200e+01  5.97952473e+05  1.78999814e+02
 6.02559586e+05  4.66721528e+01  6.02559586e+05  1.78991170e+02
 6.07202196e+05  4.66766576e+01  6.07202196e+05  1.78982459e+02
 6.11880576e+05  4.66812351e+01  6.11880576e+05  1.78973635e+02
 6.16595002e+05  4.66858831e+01  6.16595002e+05  1.78964728e+02
 6.21345752e+05  4.66906098e+01  6.21345752e+05  1.78955742e+02
 6.26133105e+05  4.66954088e+01  6.26133105e+05  1.78946648e+02
 6.30957344e+05  4.67002921e+01  6.30957344e+05  1.78937469e+02
 6.35818754e+05  4.67052434e+01  6.35818754e+05  1.78928180e+02
 6.40717619e+05  4.67102737e+01  6.40717619e+05  1.78918803e+02
 6.45654229e+05  4.67153869e+01  6.45654229e+05  1.78909319e+02
 6.50628875e+05  4.67205882e+01  6.50628875e+05  1.78899733e+02
 6.55641849e+05  4.67258657e+01  6.55641849e+05  1.78890043e+02
 6.60693448e+05  4.67312327e+01  6.60693448e+05  1.78880258e+02
 6.65783968e+05  4.67366870e+01  6.65783968e+05  1.78870370e+02
 6.70913710e+05  4.67422199e+01  6.70913710e+05  1.78860352e+02
 6.76082975e+05  4.67478506e+01  6.76082975e+05  1.78850242e+02
 6.81292069e+05  4.67535713e+01  6.81292069e+05  1.78840030e+02
 6.86541298e+05  4.67593705e+01  6.86541298e+05  1.78829673e+02
 6.91830971e+05  4.67652850e+01  6.91830971e+05  1.78819246e+02
 6.97161400e+05  4.67712826e+01  6.97161400e+05  1.78808666e+02
 7.02532899e+05  4.67773868e+01  7.02532899e+05  1.78797994e+02
 7.07945784e+05  4.67835826e+01  7.07945784e+05  1.78787192e+02
 7.13400375e+05  4.67898760e+01  7.13400375e+05  1.78776263e+02
 7.18896992e+05  4.67962688e+01  7.18896992e+05  1.78765214e+02
 7.24435960e+05  4.68027796e+01  7.24435960e+05  1.78754056e+02
 7.30017605e+05  4.68093775e+01  7.30017605e+05  1.78742725e+02
 7.35642254e+05  4.68161065e+01  7.35642254e+05  1.78731315e+02
 7.41310241e+05  4.68229230e+01  7.41310241e+05  1.78719753e+02
 7.47021899e+05  4.68298520e+01  7.47021899e+05  1.78708042e+02
 7.52777564e+05  4.68369088e+01  7.52777564e+05  1.78696232e+02
 7.58577575e+05  4.68440598e+01  7.58577575e+05  1.78684244e+02
 7.64422274e+05  4.68513511e+01  7.64422274e+05  1.78672152e+02
 7.70312006e+05  4.68587410e+01  7.70312006e+05  1.78659900e+02
 7.76247117e+05  4.68662593e+01  7.76247117e+05  1.78647507e+02
 7.82227956e+05  4.68739015e+01  7.82227956e+05  1.78634950e+02
 7.88254877e+05  4.68816690e+01  7.88254877e+05  1.78622280e+02
 7.94328235e+05  4.68895479e+01  7.94328235e+05  1.78609421e+02
 8.00448386e+05  4.68975796e+01  8.00448386e+05  1.78596426e+02
 8.06615692e+05  4.69057381e+01  8.06615692e+05  1.78583251e+02
 8.12830516e+05  4.69140191e+01  8.12830516e+05  1.78569940e+02
 8.19093224e+05  4.69224456e+01  8.19093224e+05  1.78556478e+02
 8.25404185e+05  4.69309995e+01  8.25404185e+05  1.78542811e+02
 8.31763771e+05  4.69397084e+01  8.31763771e+05  1.78529010e+02
 8.38172356e+05  4.69485535e+01  8.38172356e+05  1.78515012e+02
 8.44630319e+05  4.69575382e+01  8.44630319e+05  1.78500864e+02
 8.51138038e+05  4.69666816e+01  8.51138038e+05  1.78486518e+02
 8.57695899e+05  4.69759690e+01  8.57695899e+05  1.78471992e+02
 8.64304286e+05  4.69854156e+01  8.64304286e+05  1.78457255e+02
 8.70963590e+05  4.69950128e+01  8.70963590e+05  1.78442369e+02
 8.77674203e+05  4.70047834e+01  8.77674203e+05  1.78427295e+02
 8.84436519e+05  4.70146960e+01  8.84436519e+05  1.78411994e+02
 8.91250938e+05  4.70247783e+01  8.91250938e+05  1.78396516e+02
 8.98117861e+05  4.70350391e+01  8.98117861e+05  1.78380821e+02
 9.05037692e+05  4.70454607e+01  9.05037692e+05  1.78364895e+02
 9.12010839e+05  4.70560518e+01  9.12010839e+05  1.78348828e+02
 9.19037713e+05  4.70668305e+01  9.19037713e+05  1.78332491e+02
 9.26118728e+05  4.70777844e+01  9.26118728e+05  1.78315979e+02
 9.33254301e+05  4.70889334e+01  9.33254301e+05  1.78299263e+02
 9.40444852e+05  4.71002519e+01  9.40444852e+05  1.78282223e+02
 9.47690805e+05  4.71117630e+01  9.47690805e+05  1.78265006e+02
 9.54992586e+05  4.71234834e+01  9.54992586e+05  1.78247571e+02
 9.62350626e+05  4.71353807e+01  9.62350626e+05  1.78229869e+02
 9.69765359e+05  4.71474902e+01  9.69765359e+05  1.78211938e+02
 9.77237221e+05  4.71597812e+01  9.77237221e+05  1.78193740e+02
 9.84766652e+05  4.71723008e+01  9.84766652e+05  1.78175284e+02
 9.92354096e+05  4.71850254e+01  9.92354096e+05  1.78156583e+02
 1.00000000e+06  4.71979733e+01  1.00000000e+06  1.78137595e+02
 1.00770481e+06  4.72111479e+01  1.00770481e+06  1.78118383e+02
 1.01546899e+06  4.72245166e+01  1.01546899e+06  1.78098816e+02
 1.02329299e+06  4.72381245e+01  1.02329299e+06  1.78079002e+02
 1.03117727e+06  4.72519756e+01  1.03117727e+06  1.78058884e+02
 1.03912230e+06  4.72660591e+01  1.03912230e+06  1.78038514e+02
 1.04712855e+06  4.72803897e+01  1.04712855e+06  1.78017891e+02
 1.05519648e+06  4.72949542e+01  1.05519648e+06  1.77996809e+02
 1.06332657e+06  4.73097679e+01  1.06332657e+06  1.77975505e+02
 1.07151931e+06  4.73248345e+01  1.07151931e+06  1.77953848e+02
 1.07977516e+06  4.73401757e+01  1.07977516e+06  1.77931948e+02
 1.08809463e+06  4.73557735e+01  1.08809463e+06  1.77909628e+02
 1.09647820e+06  4.73716100e+01  1.09647820e+06  1.77886919e+02
 1.10492636e+06  4.73877556e+01  1.10492636e+06  1.77863989e+02
 1.11343961e+06  4.74041818e+01  1.11343961e+06  1.77840599e+02
 1.12201845e+06  4.74208752e+01  1.12201845e+06  1.77816898e+02
 1.13066340e+06  4.74378689e+01  1.13066340e+06  1.77792777e+02
 1.13937495e+06  4.74551489e+01  1.13937495e+06  1.77768318e+02
 1.14815362e+06  4.74727309e+01  1.14815362e+06  1.77743382e+02
 1.15699993e+06  4.74906180e+01  1.15699993e+06  1.77718101e+02
 1.16591440e+06  4.75088475e+01  1.16591440e+06  1.77692443e+02
 1.17489755e+06  4.75273775e+01  1.17489755e+06  1.77666339e+02
 1.18394992e+06  4.75462029e+01  1.18394992e+06  1.77639741e+02
 1.19307204e+06  4.75653974e+01  1.19307204e+06  1.77612750e+02
 1.20226443e+06  4.75849201e+01  1.20226443e+06  1.77585342e+02
 1.21152766e+06  4.76047914e+01  1.21152766e+06  1.77557410e+02
 1.22086225e+06  4.76250152e+01  1.22086225e+06  1.77528984e+02
 1.23026877e+06  4.76455935e+01  1.23026877e+06  1.77500146e+02
 1.23974776e+06  4.76665298e+01  1.23974776e+06  1.77470809e+02
 1.24929979e+06  4.76878819e+01  1.24929979e+06  1.77440955e+02
 1.25892541e+06  4.77095887e+01  1.25892541e+06  1.77410517e+02
 1.26862520e+06  4.77316600e+01  1.26862520e+06  1.77379583e+02
 1.27839972e+06  4.77541554e+01  1.27839972e+06  1.77348022e+02
 1.28824955e+06  4.77770364e+01  1.28824955e+06  1.77315940e+02
 1.29817528e+06  4.78003740e+01  1.29817528e+06  1.77283366e+02
 1.30817747e+06  4.78240686e+01  1.30817747e+06  1.77250062e+02
 1.31825674e+06  4.78482598e+01  1.31825674e+06  1.77216225e+02
 1.32841366e+06  4.78728692e+01  1.32841366e+06  1.77181810e+02
 1.33864884e+06  4.78979075e+01  1.33864884e+06  1.77146701e+02
 1.34896288e+06  4.79234232e+01  1.34896288e+06  1.77110855e+02
 1.35935639e+06  4.79494186e+01  1.35935639e+06  1.77074358e+02
 1.36982998e+06  4.79758586e+01  1.36982998e+06  1.77037215e+02
 1.38038426e+06  4.80028028e+01  1.38038426e+06  1.76999346e+02
 1.39101987e+06  4.80302490e+01  1.39101987e+06  1.76960762e+02
 1.40173742e+06  4.80581980e+01  1.40173742e+06  1.76921318e+02
 1.41253754e+06  4.80867001e+01  1.41253754e+06  1.76881252e+02
 1.42342088e+06  4.81157094e+01  1.42342088e+06  1.76840108e+02
 1.43438808e+06  4.81452615e+01  1.43438808e+06  1.76798478e+02
 1.44543977e+06  4.81753682e+01  1.44543977e+06  1.76755706e+02
 1.45657662e+06  4.82060446e+01  1.45657662e+06  1.76712385e+02
 1.46779927e+06  4.82372860e+01  1.46779927e+06  1.76667711e+02
 1.47910839e+06  4.82691164e+01  1.47910839e+06  1.76622441e+02
 1.49050464e+06  4.83016205e+01  1.49050464e+06  1.76576149e+02
 1.50198870e+06  4.83347176e+01  1.50198870e+06  1.76528818e+02
 1.51356125e+06  4.83684130e+01  1.51356125e+06  1.76480600e+02
 1.52522296e+06  4.84027638e+01  1.52522296e+06  1.76431172e+02
 1.53697452e+06  4.84378195e+01  1.53697452e+06  1.76380821e+02
 1.54881662e+06  4.84735317e+01  1.54881662e+06  1.76329187e+02
 1.56074996e+06  4.85099182e+01  1.56074996e+06  1.76276395e+02
 1.57277525e+06  4.85470696e+01  1.57277525e+06  1.76222760e+02
 1.58489319e+06  4.85849129e+01  1.58489319e+06  1.76167640e+02
 1.59710450e+06  4.86235154e+01  1.59710450e+06  1.76111228e+02
 1.60940989e+06  4.86629041e+01  1.60940989e+06  1.76053430e+02
 1.62181010e+06  4.87030285e+01  1.62181010e+06  1.75994456e+02
 1.63430584e+06  4.87439814e+01  1.63430584e+06  1.75934086e+02
 1.64689787e+06  4.87857945e+01  1.64689787e+06  1.75872065e+02
 1.65958691e+06  4.88283959e+01  1.65958691e+06  1.75808976e+02
 1.67237372e+06  4.88718574e+01  1.67237372e+06  1.75743880e+02
 1.68525904e+06  4.89162553e+01  1.68525904e+06  1.75677464e+02
 1.69824365e+06  4.89615456e+01  1.69824365e+06  1.75609334e+02
 1.71132830e+06  4.90077087e+01  1.71132830e+06  1.75539494e+02
 1.72451377e+06  4.90548804e+01  1.72451377e+06  1.75467887e+02
 1.73780083e+06  4.91029995e+01  1.73780083e+06  1.75394364e+02
 1.75119026e+06  4.91521703e+01  1.75119026e+06  1.75319229e+02
 1.76468286e+06  4.92023212e+01  1.76468286e+06  1.75241619e+02
 1.77827941e+06  4.92535635e+01  1.77827941e+06  1.75162401e+02
 1.79198072e+06  4.93059143e+01  1.79198072e+06  1.75080887e+02
 1.80578760e+06  4.93593461e+01  1.80578760e+06  1.74996987e+02
 1.81970086e+06  4.94138905e+01  1.81970086e+06  1.74910988e+02
 1.83372132e+06  4.94696254e+01  1.83372132e+06  1.74822740e+02
 1.84784980e+06  4.95265787e+01  1.84784980e+06  1.74731733e+02
 1.86208714e+06  4.95848681e+01  1.86208714e+06  1.74638517e+02
 1.87643417e+06  4.96443032e+01  1.87643417e+06  1.74542245e+02
 1.89089175e+06  4.97050918e+01  1.89089175e+06  1.74443364e+02
 1.90546072e+06  4.97672930e+01  1.90546072e+06  1.74341567e+02
 1.92014194e+06  4.98308573e+01  1.92014194e+06  1.74236510e+02
 1.93493628e+06  4.98957945e+01  1.93493628e+06  1.74128558e+02
 1.94984460e+06  4.99623118e+01  1.94984460e+06  1.74017200e+02
 1.96486779e+06  5.00302788e+01  1.96486779e+06  1.73902482e+02
 1.98000673e+06  5.00997624e+01  1.98000673e+06  1.73784079e+02
 1.99526231e+06  5.01709688e+01  1.99526231e+06  1.73661785e+02
 2.01063544e+06  5.02437680e+01  2.01063544e+06  1.73535681e+02
 2.02612701e+06  5.03183251e+01  2.02612701e+06  1.73405713e+02
 2.04173794e+06  5.03945851e+01  2.04173794e+06  1.73271049e+02
 2.05746916e+06  5.04727109e+01  2.05746916e+06  1.73132045e+02
 2.07332157e+06  5.05526938e+01  2.07332157e+06  1.72988376e+02
 2.08929613e+06  5.06345367e+01  2.08929613e+06  1.72839650e+02
 2.10539377e+06  5.07185456e+01  2.10539377e+06  1.72685808e+02
 2.12161544e+06  5.08045130e+01  2.12161544e+06  1.72526665e+02
 2.13796209e+06  5.08926293e+01  2.13796209e+06  1.72361419e+02
 2.15443469e+06  5.09829867e+01  2.15443469e+06  1.72190453e+02
 2.17103421e+06  5.10756230e+01  2.17103421e+06  1.72012856e+02
 2.18776162e+06  5.11706284e+01  2.18776162e+06  1.71828732e+02
 2.20461792e+06  5.12680620e+01  2.20461792e+06  1.71637392e+02
 2.22160409e+06  5.13680174e+01  2.22160409e+06  1.71438929e+02
 2.23872114e+06  5.14706488e+01  2.23872114e+06  1.71232178e+02
 2.25597007e+06  5.15759458e+01  2.25597007e+06  1.71017583e+02
 2.27335190e+06  5.16841114e+01  2.27335190e+06  1.70793590e+02
 2.29086765e+06  5.17952401e+01  2.29086765e+06  1.70560467e+02
 2.30851836e+06  5.19093109e+01  2.30851836e+06  1.70317780e+02
 2.32630507e+06  5.20265801e+01  2.32630507e+06  1.70064271e+02
 2.34422882e+06  5.21469576e+01  2.34422882e+06  1.69800080e+02
 2.36229066e+06  5.22710339e+01  2.36229066e+06  1.69523327e+02
 2.38049167e+06  5.23984027e+01  2.38049167e+06  1.69234613e+02
 2.39883292e+06  5.25295620e+01  2.39883292e+06  1.68932205e+02
 2.41731548e+06  5.26644670e+01  2.41731548e+06  1.68615454e+02
 2.43594045e+06  5.28034017e+01  2.43594045e+06  1.68283363e+02
 2.45470892e+06  5.29464653e+01  2.45470892e+06  1.67934773e+02
 2.47362199e+06  5.30938876e+01  2.47362199e+06  1.67568559e+02
 2.49268079e+06  5.32456167e+01  2.49268079e+06  1.67183903e+02
 2.51188643e+06  5.34022950e+01  2.51188643e+06  1.66778212e+02
 2.53124005e+06  5.35636955e+01  2.53124005e+06  1.66351139e+02
 2.55074278e+06  5.37302090e+01  2.55074278e+06  1.65900665e+02
 2.57039578e+06  5.39020158e+01  2.57039578e+06  1.65424727e+02
 2.59020020e+06  5.40794059e+01  2.59020020e+06  1.64921387e+02
 2.61015722e+06  5.42625870e+01  2.61015722e+06  1.64388032e+02
 2.63026799e+06  5.44518182e+01  2.63026799e+06  1.63822541e+02
 2.65053372e+06  5.46472704e+01  2.65053372e+06  1.63221992e+02
 2.67095559e+06  5.48493436e+01  2.67095559e+06  1.62583463e+02
 2.69153480e+06  5.50582156e+01  2.69153480e+06  1.61902971e+02
 2.71227258e+06  5.52741657e+01  2.71227258e+06  1.61177223e+02
 2.73317014e+06  5.54977745e+01  2.73317014e+06  1.60401228e+02
 2.75422870e+06  5.57288853e+01  2.75422870e+06  1.59570745e+02
 2.77544952e+06  5.59678749e+01  2.77544952e+06  1.58679972e+02
 2.79683385e+06  5.62153478e+01  2.79683385e+06  1.57722534e+02
 2.81838293e+06  5.64712804e+01  2.81838293e+06  1.56691745e+02
 2.84009805e+06  5.67357126e+01  2.84009805e+06  1.55579987e+02
 2.86198048e+06  5.70092656e+01  2.86198048e+06  1.54378275e+02
 2.88403150e+06  5.72916931e+01  2.88403150e+06  1.53076441e+02
 2.90625243e+06  5.75832101e+01  2.90625243e+06  1.51663378e+02
 2.92864456e+06  5.78832897e+01  2.92864456e+06  1.50126851e+02
 2.95120923e+06  5.81920030e+01  2.95120923e+06  1.48452103e+02
 2.97394775e+06  5.85084157e+01  2.97394775e+06  1.46623914e+02
 2.99686146e+06  5.88319001e+01  2.99686146e+06  1.44624263e+02
 3.01995172e+06  5.91607852e+01  3.01995172e+06  1.42434649e+02
 3.04321989e+06  5.94934595e+01  3.04321989e+06  1.40033720e+02
 3.06666733e+06  5.98270434e+01  3.06666733e+06  1.37400205e+02
 3.09029543e+06  6.01583159e+01  3.09029543e+06  1.34511825e+02
 3.11410558e+06  6.04823989e+01  3.11410558e+06  1.31347722e+02
 3.13809919e+06  6.07938598e+01  3.13809919e+06  1.27889337e+02
 3.16227766e+06  6.10859152e+01  3.16227766e+06  1.24123003e+02
 3.18664242e+06  6.13501712e+01  3.18664242e+06  1.20044060e+02
 3.21119491e+06  6.15772450e+01  3.21119491e+06  1.15659482e+02
 3.23593657e+06  6.17579805e+01  3.23593657e+06  1.10991379e+02
 3.26086886e+06  6.18824800e+01  3.26086886e+06  1.06080323e+02
 3.28599325e+06  6.19429038e+01  3.28599325e+06  1.00984746e+02
 3.31131121e+06  6.19330856e+01  3.31131121e+06  9.57794310e+01
 3.33682425e+06  6.18502123e+01  3.33682425e+06  9.05494294e+01
 3.36253386e+06  6.16952343e+01  3.36253386e+06  8.53820123e+01
 3.38844156e+06  6.14721275e+01  3.38844156e+06  8.03590411e+01
 3.41454887e+06  6.11884621e+01  3.41454887e+06  7.55483085e+01
 3.44085734e+06  6.08522254e+01  3.44085734e+06  7.10009291e+01
 3.46736850e+06  6.04740922e+01  3.46736850e+06  6.67493300e+01
 3.49408393e+06  6.00629029e+01  3.49408393e+06  6.28084878e+01
 3.52100520e+06  5.96274655e+01  3.52100520e+06  5.91799301e+01
 3.54813389e+06  5.91757765e+01  3.54813389e+06  5.58546625e+01
 3.57547160e+06  5.87141759e+01  3.57547160e+06  5.28168039e+01
 3.60301995e+06  5.82473454e+01  3.60301995e+06  5.00461763e+01
 3.63078055e+06  5.77798451e+01  3.63078055e+06  4.75216689e+01
 3.65875504e+06  5.73147128e+01  3.65875504e+06  4.52205548e+01
 3.68694506e+06  5.68540248e+01  3.68694506e+06  4.31217915e+01
 3.71535229e+06  5.63992276e+01  3.71535229e+06  4.12052793e+01
 3.74397839e+06  5.59520691e+01  3.74397839e+06  3.94528613e+01
 3.77282505e+06  5.55132346e+01  3.77282505e+06  3.78477389e+01
 3.80189396e+06  5.50828533e+01  3.80189396e+06  3.63742610e+01
 3.83118685e+06  5.46611463e+01  3.83118685e+06  3.50192757e+01
 3.86070543e+06  5.42488400e+01  3.86070543e+06  3.37716622e+01
 3.89045145e+06  5.38451378e+01  3.89045145e+06  3.26198155e+01
 3.92042666e+06  5.34503398e+01  3.92042666e+06  3.15539833e+01
 3.95063281e+06  5.30640283e+01  3.95063281e+06  3.05671532e+01
 3.98107171e+06  5.26864746e+01  3.98107171e+06  2.96505353e+01
 4.01174512e+06  5.23164218e+01  4.01174512e+06  2.87980880e+01
 4.04265487e+06  5.19549567e+01  4.04265487e+06  2.80040970e+01
 4.07380278e+06  5.16004549e+01  4.07380278e+06  2.72632106e+01
 4.10519067e+06  5.12535167e+01  4.10519067e+06  2.65702251e+01
 4.13682040e+06  5.09134212e+01  4.13682040e+06  2.59219300e+01
 4.16869383e+06  5.05802345e+01  4.16869383e+06  2.53144197e+01
 4.20081285e+06  5.02537702e+01  4.20081285e+06  2.47448023e+01
 4.23317933e+06  4.99332545e+01  4.23317933e+06  2.42085966e+01
 4.26579519e+06  4.96185098e+01  4.26579519e+06  2.37033132e+01
 4.29866235e+06  4.93094310e+01  4.29866235e+06  2.32287735e+01
 4.33178274e+06  4.90056854e+01  4.33178274e+06  2.27804293e+01
 4.36515832e+06  4.87074369e+01  4.36515832e+06  2.23574799e+01
 4.39879106e+06  4.84138354e+01  4.39879106e+06  2.19575124e+01
 4.43268292e+06  4.81254136e+01  4.43268292e+06  2.15797402e+01
 4.46683592e+06  4.78412942e+01  4.46683592e+06  2.12221546e+01
 4.50125206e+06  4.75617738e+01  4.50125206e+06  2.08821128e+01
 4.53593337e+06  4.72863586e+01  4.53593337e+06  2.05605596e+01
 4.57088190e+06  4.70146538e+01  4.57088190e+06  2.02553566e+01
 4.60609969e+06  4.67473550e+01  4.60609969e+06  1.99661352e+01
 4.64158883e+06  4.64836706e+01  4.64158883e+06  1.96904919e+01
 4.67735141e+06  4.62238046e+01  4.67735141e+06  1.94296336e+01
 4.71338954e+06  4.59671005e+01  4.71338954e+06  1.91796045e+01
 4.74970533e+06  4.57136864e+01  4.74970533e+06  1.89427617e+01
 4.78630092e+06  4.54633343e+01  4.78630092e+06  1.87164721e+01
 4.82317848e+06  4.52164999e+01  4.82317848e+06  1.85026190e+01
 4.86034018e+06  4.49722472e+01  4.86034018e+06  1.82972689e+01
 4.89778819e+06  4.47313946e+01  4.89778819e+06  1.81019582e+01
 4.93552474e+06  4.44929846e+01  4.93552474e+06  1.79162377e+01
 4.97355204e+06  4.42571217e+01  4.97355204e+06  1.77396495e+01
 5.01187234e+06  4.40238654e+01  5.01187234e+06  1.75698158e+01
 5.05048788e+06  4.37930866e+01  5.05048788e+06  1.74090004e+01
 5.08940095e+06  4.35648164e+01  5.08940095e+06  1.72561101e+01
 5.12861384e+06  4.33387575e+01  5.12861384e+06  1.71089433e+01
 5.16812886e+06  4.31149959e+01  5.16812886e+06  1.69683127e+01
 5.20794833e+06  4.28936527e+01  5.20794833e+06  1.68340549e+01
 5.24807460e+06  4.26739709e+01  5.24807460e+06  1.67069343e+01
 5.28851004e+06  4.24564096e+01  5.28851004e+06  1.65868089e+01
 5.32925703e+06  4.22409764e+01  5.32925703e+06  1.64692085e+01
 5.37031796e+06  4.20272321e+01  5.37031796e+06  1.63578725e+01
 5.41169527e+06  4.18155130e+01  5.41169527e+06  1.62533312e+01
 5.45339137e+06  4.16052020e+01  5.45339137e+06  1.61528372e+01
 5.49540874e+06  4.13972893e+01  5.49540874e+06  1.60565880e+01
 5.53774984e+06  4.11904378e+01  5.53774984e+06  1.59639536e+01
 5.58041717e+06  4.09854145e+01  5.58041717e+06  1.58796150e+01
 5.62341325e+06  4.07820254e+01  5.62341325e+06  1.57974379e+01
 5.66674061e+06  4.05801291e+01  5.66674061e+06  1.57177777e+01
 5.71040179e+06  4.03796832e+01  5.71040179e+06  1.56444544e+01
 5.75439937e+06  4.01807677e+01  5.75439937e+06  1.55726860e+01
 5.79873595e+06  3.99828259e+01  5.79873595e+06  1.55064082e+01
 5.84341413e+06  3.97868239e+01  5.84341413e+06  1.54437597e+01
 5.88843655e+06  3.95917835e+01  5.88843655e+06  1.53826457e+01
 5.93380586e+06  3.93980603e+01  5.93380586e+06  1.53260985e+01
 5.97952473e+06  3.92053366e+01  5.97952473e+06  1.52719883e+01
 6.02559586e+06  3.90141930e+01  6.02559586e+06  1.52235829e+01
 6.07202196e+06  3.88243027e+01  6.07202196e+06  1.51762124e+01
 6.11880576e+06  3.86351882e+01  6.11880576e+06  1.51322050e+01
 6.16595002e+06  3.84472843e+01  6.16595002e+06  1.50922386e+01
 6.21345752e+06  3.82602771e+01  6.21345752e+06  1.50516015e+01
 6.26133105e+06  3.80750888e+01  6.26133105e+06  1.50154660e+01
 6.30957344e+06  3.78900877e+01  6.30957344e+06  1.49800733e+01
 6.35818754e+06  3.77063111e+01  6.35818754e+06  1.49514167e+01
 6.40717619e+06  3.75241141e+01  6.40717619e+06  1.49213350e+01
 6.45654229e+06  3.73422720e+01  6.45654229e+06  1.48959982e+01
 6.50628875e+06  3.71608430e+01  6.50628875e+06  1.48725006e+01
 6.55641849e+06  3.69808355e+01  6.55641849e+06  1.48520980e+01
 6.60693448e+06  3.68014680e+01  6.60693448e+06  1.48329500e+01
 6.65783968e+06  3.66237823e+01  6.65783968e+06  1.48148788e+01
 6.70913710e+06  3.64454721e+01  6.70913710e+06  1.48001248e+01
 6.76082975e+06  3.62686322e+01  6.76082975e+06  1.47891158e+01
 6.81292069e+06  3.60934376e+01  6.81292069e+06  1.47775664e+01
 6.86541298e+06  3.59180573e+01  6.86541298e+06  1.47708730e+01
 6.91830971e+06  3.57437601e+01  6.91830971e+06  1.47595325e+01
 6.97161400e+06  3.55707170e+01  6.97161400e+06  1.47582872e+01
 7.02532899e+06  3.53972135e+01  7.02532899e+06  1.47528442e+01
 7.07945784e+06  3.52247208e+01  7.07945784e+06  1.47559465e+01
 7.13400375e+06  3.50534305e+01  7.13400375e+06  1.47521421e+01
 7.18896992e+06  3.48821614e+01  7.18896992e+06  1.47579915e+01
 7.24435960e+06  3.47118119e+01  7.24435960e+06  1.47628679e+01
 7.30017605e+06  3.45421288e+01  7.30017605e+06  1.47654471e+01
 7.35642254e+06  3.43729348e+01  7.35642254e+06  1.47754396e+01
 7.41310241e+06  3.42040833e+01  7.41310241e+06  1.47863677e+01
 7.47021899e+06  3.40364731e+01  7.47021899e+06  1.47979187e+01
 7.52777564e+06  3.38691842e+01  7.52777564e+06  1.48099383e+01
 7.58577575e+06  3.37017350e+01  7.58577575e+06  1.48231331e+01
 7.64422274e+06  3.35362983e+01  7.64422274e+06  1.48376482e+01
 7.70312006e+06  3.33698141e+01  7.70312006e+06  1.48560039e+01
 7.76247117e+06  3.32050477e+01  7.76247117e+06  1.48756336e+01
 7.82227956e+06  3.30393711e+01  7.82227956e+06  1.48981118e+01
 7.88254877e+06  3.28750732e+01  7.88254877e+06  1.49221877e+01
 7.94328235e+06  3.27110168e+01  7.94328235e+06  1.49439777e+01
 8.00448386e+06  3.25468095e+01  8.00448386e+06  1.49743503e+01
 8.06615692e+06  3.23848699e+01  8.06615692e+06  1.49958214e+01
 8.12830516e+06  3.22216463e+01  8.12830516e+06  1.50223328e+01
 8.19093224e+06  3.20594200e+01  8.19093224e+06  1.50546772e+01
 8.25404185e+06  3.18969354e+01  8.25404185e+06  1.50920812e+01
 8.31763771e+06  3.17373823e+01  8.31763771e+06  1.51176289e+01
 8.38172356e+06  3.15748213e+01  8.38172356e+06  1.51540189e+01
 8.44630319e+06  3.14151837e+01  8.44630319e+06  1.51898184e+01
 8.51138038e+06  3.12542015e+01  8.51138038e+06  1.52292717e+01
 8.57695899e+06  3.10950776e+01  8.57695899e+06  1.52626676e+01
 8.64304286e+06  3.09358353e+01  8.64304286e+06  1.53013395e+01
 8.70963590e+06  3.07763225e+01  8.70963590e+06  1.53425851e+01
 8.77674203e+06  3.06168543e+01  8.77674203e+06  1.53867774e+01
 8.84436519e+06  3.04582076e+01  8.84436519e+06  1.54330690e+01
 8.91250938e+06  3.03005055e+01  8.91250938e+06  1.54711662e+01
 8.98117861e+06  3.01423880e+01  8.98117861e+06  1.55199639e+01
 9.05037692e+06  2.99841125e+01  9.05037692e+06  1.55744719e+01
 9.12010839e+06  2.98275401e+01  9.12010839e+06  1.56167327e+01
 9.19037713e+06  2.96702830e+01  9.19037713e+06  1.56693187e+01
 9.26118728e+06  2.95140071e+01  9.26118728e+06  1.57198752e+01
 9.33254301e+06  2.93568191e+01  9.33254301e+06  1.57712310e+01
 9.40444852e+06  2.91998649e+01  9.40444852e+06  1.58366848e+01
 9.47690805e+06  2.90447910e+01  9.47690805e+06  1.58873152e+01
 9.54992586e+06  2.88874978e+01  9.54992586e+06  1.59486765e+01
 9.62350626e+06  2.87325703e+01  9.62350626e+06  1.59992251e+01
 9.69765359e+06  2.85764578e+01  9.69765359e+06  1.60677950e+01
 9.77237221e+06  2.84206786e+01  9.77237221e+06  1.61273873e+01
 9.84766652e+06  2.82680904e+01  9.84766652e+06  1.61846392e+01
 9.92354096e+06  2.81125326e+01  9.92354096e+06  1.62517287e+01
 1.00000000e+07  2.79589743e+01  1.00000000e+07  1.63143638e+01
 1.00770481e+07  2.78034514e+01  1.00770481e+07  1.63833446e+01
 1.01546899e+07  2.76497053e+01  1.01546899e+07  1.64460501e+01
 1.02329299e+07  2.74948653e+01  1.02329299e+07  1.65217407e+01
 1.03117727e+07  2.73417324e+01  1.03117727e+07  1.65913698e+01
 1.03912230e+07  2.71878405e+01  1.03912230e+07  1.66649238e+01
 1.04712855e+07  2.70344998e+01  1.04712855e+07  1.67393979e+01
 1.05519648e+07  2.68808891e+01  1.05519648e+07  1.68149571e+01
 1.06332657e+07  2.67285528e+01  1.06332657e+07  1.68906846e+01
 1.07151931e+07  2.65735961e+01  1.07151931e+07  1.69699047e+01
 1.07977516e+07  2.64231202e+01  1.07977516e+07  1.70431960e+01
 1.08809463e+07  2.62692322e+01  1.08809463e+07  1.71249891e+01
 1.09647820e+07  2.61165042e+01  1.09647820e+07  1.72058536e+01
 1.10492636e+07  2.59630265e+01  1.10492636e+07  1.72924380e+01
 1.11343961e+07  2.58117029e+01  1.11343961e+07  1.73778664e+01
 1.12201845e+07  2.56584541e+01  1.12201845e+07  1.74618631e+01
 1.13066340e+07  2.55070352e+01  1.13066340e+07  1.75511725e+01
 1.13937495e+07  2.53542181e+01  1.13937495e+07  1.76397677e+01
 1.14815362e+07  2.52011200e+01  1.14815362e+07  1.77298032e+01
 1.15699993e+07  2.50506398e+01  1.15699993e+07  1.78204770e+01
 1.16591440e+07  2.48969343e+01  1.16591440e+07  1.79234864e+01
 1.17489755e+07  2.47445068e+01  1.17489755e+07  1.80199862e+01
 1.18394992e+07  2.45944166e+01  1.18394992e+07  1.81017552e+01
 1.19307204e+07  2.44420902e+01  1.19307204e+07  1.82143164e+01
 1.20226443e+07  2.42902220e+01  1.20226443e+07  1.83147355e+01
 1.21152766e+07  2.41391697e+01  1.21152766e+07  1.84045021e+01
 1.22086225e+07  2.39880745e+01  1.22086225e+07  1.85153482e+01
 1.23026877e+07  2.38355403e+01  1.23026877e+07  1.86227627e+01
 1.23974776e+07  2.36836956e+01  1.23974776e+07  1.87325275e+01
 1.24929979e+07  2.35327920e+01  1.24929979e+07  1.88353687e+01
 1.25892541e+07  2.33795379e+01  1.25892541e+07  1.89490648e+01
 1.26862520e+07  2.32303465e+01  1.26862520e+07  1.90584752e+01
 1.27839972e+07  2.30766231e+01  1.27839972e+07  1.91780145e+01
 1.28824955e+07  2.29262360e+01  1.28824955e+07  1.92849951e+01
 1.29817528e+07  2.27758196e+01  1.29817528e+07  1.94004551e+01
 1.30817747e+07  2.26238668e+01  1.30817747e+07  1.95118433e+01
 1.31825674e+07  2.24700492e+01  1.31825674e+07  1.96508105e+01
 1.32841366e+07  2.23186364e+01  1.32841366e+07  1.97650649e+01
 1.33864884e+07  2.21703828e+01  1.33864884e+07  1.98839312e+01
 1.34896288e+07  2.20167158e+01  1.34896288e+07  2.00115874e+01
 1.35935639e+07  2.18674925e+01  1.35935639e+07  2.01353389e+01
 1.36982998e+07  2.17130225e+01  1.36982998e+07  2.02739437e+01
 1.38038426e+07  2.15611539e+01  1.38038426e+07  2.04046664e+01
 1.39101987e+07  2.14102869e+01  1.39101987e+07  2.05366963e+01
 1.40173742e+07  2.12589083e+01  1.40173742e+07  2.06740351e+01
 1.41253754e+07  2.11083225e+01  1.41253754e+07  2.08087756e+01
 1.42342088e+07  2.09537286e+01  1.42342088e+07  2.09531133e+01
 1.43438808e+07  2.08022826e+01  1.43438808e+07  2.10937950e+01
 1.44543977e+07  2.06512841e+01  1.44543977e+07  2.12400453e+01
 1.45657662e+07  2.04990673e+01  1.45657662e+07  2.13831212e+01
 1.46779927e+07  2.03478552e+01  1.46779927e+07  2.15235380e+01
 1.47910839e+07  2.01959668e+01  1.47910839e+07  2.16693535e+01
 1.49050464e+07  2.00431464e+01  1.49050464e+07  2.18315214e+01
 1.50198870e+07  1.98895510e+01  1.50198870e+07  2.19855202e+01
 1.51356125e+07  1.97412456e+01  1.51356125e+07  2.21230950e+01
 1.52522296e+07  1.95843196e+01  1.52522296e+07  2.22974253e+01
 1.53697452e+07  1.94332441e+01  1.53697452e+07  2.24511436e+01
 1.54881662e+07  1.92803692e+01  1.54881662e+07  2.26220233e+01
 1.56074996e+07  1.91271392e+01  1.56074996e+07  2.27832574e+01
 1.57277525e+07  1.89727043e+01  1.57277525e+07  2.29641777e+01
 1.58489319e+07  1.88197170e+01  1.58489319e+07  2.31413870e+01
 1.59710450e+07  1.86686031e+01  1.59710450e+07  2.32941816e+01
 1.60940989e+07  1.85141779e+01  1.60940989e+07  2.34804146e+01
 1.62181010e+07  1.83611587e+01  1.62181010e+07  2.36625295e+01
 1.63430584e+07  1.82066877e+01  1.63430584e+07  2.38341427e+01
 1.64689787e+07  1.80581041e+01  1.64689787e+07  2.40013105e+01
 1.65958691e+07  1.79011348e+01  1.65958691e+07  2.42028355e+01
 1.67237372e+07  1.77436162e+01  1.67237372e+07  2.44048535e+01
 1.68525904e+07  1.75904539e+01  1.68525904e+07  2.45952153e+01
 1.69824365e+07  1.74385485e+01  1.69824365e+07  2.47915250e+01
 1.71132830e+07  1.72835883e+01  1.71132830e+07  2.49745598e+01
 1.72451377e+07  1.71252586e+01  1.72451377e+07  2.51907075e+01
 1.73780083e+07  1.69725511e+01  1.73780083e+07  2.53959400e+01
 1.75119026e+07  1.68202083e+01  1.75119026e+07  2.55915766e+01
 1.76468286e+07  1.66608091e+01  1.76468286e+07  2.58264248e+01
 1.77827941e+07  1.65060495e+01  1.77827941e+07  2.60268136e+01
 1.79198072e+07  1.63505037e+01  1.79198072e+07  2.62315157e+01
 1.80578760e+07  1.61987955e+01  1.80578760e+07  2.64402552e+01
 1.81970086e+07  1.60422977e+01  1.81970086e+07  2.66678377e+01
 1.83372132e+07  1.58866787e+01  1.83372132e+07  2.69164723e+01
 1.84784980e+07  1.57289566e+01  1.84784980e+07  2.71635840e+01
 1.86208714e+07  1.55739460e+01  1.86208714e+07  2.73517111e+01
 1.87643417e+07  1.54176321e+01  1.87643417e+07  2.75958575e+01
 1.89089175e+07  1.52553929e+01  1.89089175e+07  2.78795669e+01
 1.90546072e+07  1.50954050e+01  1.90546072e+07  2.81263697e+01
 1.92014194e+07  1.49436104e+01  1.92014194e+07  2.83423906e+01
 1.93493628e+07  1.47848496e+01  1.93493628e+07  2.86150933e+01
 1.94984460e+07  1.46237107e+01  1.94984460e+07  2.88627054e+01
 1.96486779e+07  1.44672459e+01  1.96486779e+07  2.91303386e+01
 1.98000673e+07  1.43072661e+01  1.98000673e+07  2.93920206e+01
 1.99526231e+07  1.41505038e+01  1.99526231e+07  2.96749799e+01
 2.01063544e+07  1.39961786e+01  2.01063544e+07  2.99213895e+01
 2.02612701e+07  1.38308526e+01  2.02612701e+07  3.02335649e+01
 2.04173794e+07  1.36719494e+01  2.04173794e+07  3.05299467e+01
 2.05746916e+07  1.35164367e+01  2.05746916e+07  3.07924896e+01
 2.07332157e+07  1.33545068e+01  2.07332157e+07  3.10580646e+01
 2.08929613e+07  1.31898112e+01  2.08929613e+07  3.13802046e+01
 2.10539377e+07  1.30313414e+01  2.10539377e+07  3.16930004e+01
 2.12161544e+07  1.28711342e+01  2.12161544e+07  3.20284301e+01
 2.13796209e+07  1.27093015e+01  2.13796209e+07  3.23264540e+01
 2.15443469e+07  1.25436928e+01  2.15443469e+07  3.26132655e+01
 2.17103421e+07  1.23856794e+01  2.17103421e+07  3.29535648e+01
 2.18776162e+07  1.22245887e+01  2.18776162e+07  3.33081544e+01
 2.20461792e+07  1.20593709e+01  2.20461792e+07  3.36684357e+01
 2.22160409e+07  1.18976651e+01  2.22160409e+07  3.40103606e+01
 2.23872114e+07  1.17400702e+01  2.23872114e+07  3.43272558e+01
 2.25597007e+07  1.15708815e+01  2.25597007e+07  3.47365581e+01
 2.27335190e+07  1.14127564e+01  2.27335190e+07  3.50520909e+01
 2.29086765e+07  1.12457793e+01  2.29086765e+07  3.54362108e+01
 2.30851836e+07  1.10814755e+01  2.30851836e+07  3.58076676e+01
 2.32630507e+07  1.09190145e+01  2.32630507e+07  3.61734974e+01
 2.34422882e+07  1.07591693e+01  2.34422882e+07  3.65154005e+01
 2.36229066e+07  1.05854381e+01  2.36229066e+07  3.69481989e+01
 2.38049167e+07  1.04311111e+01  2.38049167e+07  3.73406312e+01
 2.39883292e+07  1.02562740e+01  2.39883292e+07  3.78001714e+01
 2.41731548e+07  1.00908746e+01  2.41731548e+07  3.81911814e+01
 2.43594045e+07  9.92268630e+00  2.43594045e+07  3.86218403e+01
 2.45470892e+07  9.76256788e+00  2.45470892e+07  3.90577818e+01
 2.47362199e+07  9.60194514e+00  2.47362199e+07  3.94906640e+01
 2.49268079e+07  9.42477121e+00  2.49268079e+07  3.99061096e+01
 2.51188643e+07  9.25464490e+00  2.51188643e+07  4.03792597e+01
 2.53124005e+07  9.09801479e+00  2.53124005e+07  4.09476112e+01
 2.55074278e+07  8.92455418e+00  2.55074278e+07  4.13632771e+01
 2.57039578e+07  8.74949530e+00  2.57039578e+07  4.18712121e+01
 2.59020020e+07  8.59162855e+00  2.59020020e+07  4.23031988e+01
 2.61015722e+07  8.41819233e+00  2.61015722e+07  4.28670099e+01
 2.63026799e+07  8.25917766e+00  2.63026799e+07  4.33955131e+01
 2.65053372e+07  8.08606573e+00  2.65053372e+07  4.38837323e+01
 2.67095559e+07  7.90721839e+00  2.67095559e+07  4.44003070e+01
 2.69153480e+07  7.75015786e+00  2.69153480e+07  4.49806975e+01
 2.71227258e+07  7.57762786e+00  2.71227258e+07  4.55954552e+01
 2.73317014e+07  7.41721077e+00  2.73317014e+07  4.61994032e+01
 2.75422870e+07  7.26395204e+00  2.75422870e+07  4.67136309e+01
 2.77544952e+07  7.05966680e+00  2.77544952e+07  4.71987861e+01
 2.79683385e+07  6.91088503e+00  2.79683385e+07  4.79571153e+01
 2.81838293e+07  6.73837448e+00  2.81838293e+07  4.86770430e+01
 2.84009805e+07  6.57003507e+00  2.84009805e+07  4.91820387e+01
 2.86198048e+07  6.40331474e+00  2.86198048e+07  4.98377369e+01
 2.88403150e+07  6.23696289e+00  2.88403150e+07  5.03248497e+01
 2.90625243e+07  6.04809630e+00  2.90625243e+07  5.12213206e+01
 2.92864456e+07  5.89802459e+00  2.92864456e+07  5.18968377e+01
 2.95120923e+07  5.75872841e+00  2.95120923e+07  5.24957968e+01
 2.97394775e+07  5.55570211e+00  2.97394775e+07  5.32706245e+01
 2.99686146e+07  5.42981565e+00  2.99686146e+07  5.40279301e+01
 3.01995172e+07  5.23633442e+00  3.01995172e+07  5.46636957e+01
 3.04321989e+07  5.09649536e+00  3.04321989e+07  5.54916231e+01
 3.06666733e+07  4.89440995e+00  3.06666733e+07  5.63829270e+01
 3.09029543e+07  4.74863493e+00  3.09029543e+07  5.69749377e+01
 3.11410558e+07  4.57959519e+00  3.11410558e+07  5.81648350e+01
 3.13809919e+07  4.39140234e+00  3.13809919e+07  5.86339830e+01
 3.16227766e+07  4.23889927e+00  3.16227766e+07  5.91545529e+01
 3.18664242e+07  4.09032109e+00  3.18664242e+07  6.00183780e+01
 3.21119491e+07  3.95217349e+00  3.21119491e+07  6.13989113e+01
 3.23593657e+07  3.76837611e+00  3.23593657e+07  6.24036963e+01
 3.26086886e+07  3.61405548e+00  3.26086886e+07  6.32277657e+01
 3.28599325e+07  3.47335393e+00  3.28599325e+07  6.40584745e+01
 3.31131121e+07  3.34854021e+00  3.31131121e+07  6.49321518e+01
 3.33682425e+07  3.18912813e+00  3.33682425e+07  6.57072740e+01
 3.36253386e+07  2.98682866e+00  3.36253386e+07  6.69226078e+01
 3.38844156e+07  2.82683461e+00  3.38844156e+07  6.78410629e+01
 3.41454887e+07  2.69113434e+00  3.41454887e+07  6.87882059e+01
 3.44085734e+07  2.53237804e+00  3.44085734e+07  7.01102837e+01
 3.46736850e+07  2.39101950e+00  3.46736850e+07  7.11366448e+01
 3.49408393e+07  2.22082321e+00  3.49408393e+07  7.21650386e+01
 3.52100520e+07  2.11460315e+00  3.52100520e+07  7.28697923e+01
 3.54813389e+07  1.98298658e+00  3.54813389e+07  7.41621811e+01
 3.57547160e+07  1.80635876e+00  3.57547160e+07  7.52339094e+01
 3.60301995e+07  1.77579238e+00  3.60301995e+07  7.61947514e+01
 3.63078055e+07  1.56042541e+00  3.63078055e+07  7.75384328e+01
 3.65875504e+07  1.52391975e+00  3.65875504e+07  7.84515783e+01
 3.68694506e+07  1.23833638e+00  3.68694506e+07  8.00037299e+01
 3.71535229e+07  1.22426732e+00  3.71535229e+07  8.07053427e+01
 3.74397839e+07  1.19475310e+00  3.74397839e+07  8.23939416e+01
 3.77282505e+07  1.03868912e+00  3.77282505e+07  8.34846696e+01
 3.80189396e+07  8.70042664e-01  3.80189396e+07  8.47420823e+01
 3.83118685e+07  8.52692475e-01  3.83118685e+07  8.63983490e+01
 3.86070543e+07  7.41619759e-01  3.86070543e+07  8.78941016e+01
 3.89045145e+07  6.63535033e-01  3.89045145e+07  8.85624313e+01
 3.92042666e+07  4.03642279e-01  3.92042666e+07  8.98120095e+01
 3.95063281e+07  4.21134017e-01  3.95063281e+07  9.09479801e+01
 3.98107171e+07  3.46102928e-01  3.98107171e+07  9.22422564e+01
 4.01174512e+07  1.95553636e-01  4.01174512e+07  9.35173890e+01
 4.04265487e+07  1.11661282e-01  4.04265487e+07  9.50129612e+01
 4.07380278e+07  1.24064802e-02  4.07380278e+07  9.65452721e+01
 4.10519067e+07  1.56297494e-01  4.10519067e+07  9.85801712e+01
 4.13682040e+07  -1.09125600e-01  4.13682040e+07  9.82584077e+01
 4.16869383e+07  -5.15975035e-02  4.16869383e+07  1.00521635e+02
 4.20081285e+07  -1.37795059e-01  4.20081285e+07  1.01949438e+02
 4.23317933e+07  -1.59583901e-01  4.23317933e+07  1.03333266e+02
 4.26579519e+07  -3.72422214e-01  4.26579519e+07  1.03920719e+02
 4.29866235e+07  -3.83234253e-01  4.29866235e+07  1.04952697e+02
 4.33178274e+07  -3.60917702e-01  4.33178274e+07  1.07145876e+02
 4.36515832e+07  -3.76885599e-01  4.36515832e+07  1.07473014e+02
 4.39879106e+07  -4.63534144e-01  4.39879106e+07  1.08965734e+02
 4.43268292e+07  -4.44695738e-01  4.43268292e+07  1.10437958e+02
 4.46683592e+07  -4.66131179e-01  4.46683592e+07  1.11967584e+02
 4.50125206e+07  -3.86125209e-01  4.50125206e+07  1.14403917e+02
 4.53593337e+07  -4.53312544e-01  4.53593337e+07  1.14252138e+02
 4.57088190e+07  -4.03513286e-01  4.57088190e+07  1.15648180e+02
 4.60609969e+07  -5.30348223e-01  4.60609969e+07  1.17021322e+02
 4.64158883e+07  -4.93366420e-01  4.64158883e+07  1.19073401e+02
 4.67735141e+07  -5.71588826e-01  4.67735141e+07  1.18865169e+02
 4.71338954e+07  -5.70753670e-01  4.71338954e+07  1.20248852e+02
 4.74970533e+07  -7.31532099e-01  4.74970533e+07  1.23403357e+02
 4.78630092e+07  -6.40533421e-01  4.78630092e+07  1.23890309e+02
 4.82317848e+07  -6.25467288e-01  4.82317848e+07  1.22940085e+02
 4.86034018e+07  -6.08747466e-01  4.86034018e+07  1.24821479e+02
 4.89778819e+07  -4.42411742e-01  4.89778819e+07  1.25098318e+02
 4.93552474e+07  -4.66541963e-01  4.93552474e+07  1.27142831e+02
 4.97355204e+07  -4.46399530e-01  4.97355204e+07  1.26361873e+02
 5.01187234e+07  -4.00631070e-01  5.01187234e+07  1.27571758e+02
 5.05048788e+07  -3.68557999e-01  5.05048788e+07  1.28716395e+02
 5.08940095e+07  -4.02659398e-01  5.08940095e+07  1.30851326e+02
 5.12861384e+07  -4.24326508e-01  5.12861384e+07  1.31456647e+02
 5.16812886e+07  -3.30605862e-01  5.16812886e+07  1.33350198e+02
 5.20794833e+07  -4.01943863e-01  5.20794833e+07  1.34798796e+02
 5.24807460e+07  -2.88399562e-01  5.24807460e+07  1.34236202e+02
 5.28851004e+07  -3.20640410e-01  5.28851004e+07  1.36868927e+02
 5.32925703e+07  -3.06764132e-01  5.32925703e+07  1.38062740e+02
 5.37031796e+07  -2.47042777e-01  5.37031796e+07  1.37538372e+02
 5.41169527e+07  -9.59524880e-02  5.41169527e+07  1.37435604e+02
 5.45339137e+07  -1.18231788e-01  5.45339137e+07  1.39916190e+02
 5.49540874e+07  -2.23482919e-02  5.49540874e+07  1.40108555e+02
 5.53774984e+07  8.76648465e-03  5.53774984e+07  1.40881816e+02
 5.58041717e+07  1.66448954e-01  5.58041717e+07  1.41340236e+02
 5.62341325e+07  -2.26003052e-02  5.62341325e+07  1.43350902e+02
 5.66674061e+07  6.83973844e-02  5.66674061e+07  1.43073474e+02
 5.71040179e+07  7.45560972e-02  5.71040179e+07  1.44717359e+02
 5.75439937e+07  1.34634753e-01  5.75439937e+07  1.45867006e+02
 5.79873595e+07  1.02989354e-01  5.79873595e+07  1.45379178e+02
 5.84341413e+07  2.64557405e-01  5.84341413e+07  1.46498703e+02
 5.88843655e+07  1.89128596e-01  5.88843655e+07  1.47030218e+02
 5.93380586e+07  3.31960491e-01  5.93380586e+07  1.48009311e+02
 5.97952473e+07  3.20446127e-01  5.97952473e+07  1.48538215e+02
 6.02559586e+07  3.43239052e-01  6.02559586e+07  1.48671968e+02
 6.07202196e+07  3.67455355e-01  6.07202196e+07  1.49327180e+02
 6.11880576e+07  4.96637397e-01  6.11880576e+07  1.50808950e+02
 6.16595002e+07  5.03011205e-01  6.16595002e+07  1.51434516e+02
 6.21345752e+07  5.55202488e-01  6.21345752e+07  1.52118679e+02
 6.26133105e+07  4.23484006e-01  6.26133105e+07  1.52221094e+02
 6.30957344e+07  5.78908833e-01  6.30957344e+07  1.53154888e+02
 6.35818754e+07  6.31976643e-01  6.35818754e+07  1.53661931e+02
 6.40717619e+07  4.80923587e-01  6.40717619e+07  1.54780260e+02
 6.45654229e+07  7.08594339e-01  6.45654229e+07  1.54824043e+02
 6.50628875e+07  7.01397636e-01  6.50628875e+07  1.55349622e+02
 6.55641849e+07  8.14370270e-01  6.55641849e+07  1.56022650e+02
 6.60693448e+07  8.66208104e-01  6.60693448e+07  1.56526598e+02
 6.65783968e+07  9.73612025e-01  6.65783968e+07  1.56433915e+02
 6.70913710e+07  9.38057250e-01  6.70913710e+07  1.57663175e+02
 6.76082975e+07  9.84923909e-01  6.76082975e+07  1.58025112e+02
 6.81292069e+07  1.04038668e+00  6.81292069e+07  1.58576094e+02
 6.86541298e+07  1.14903036e+00  6.86541298e+07  1.59017579e+02
 6.91830971e+07  1.08607874e+00  6.91830971e+07  1.59232166e+02
 6.97161400e+07  1.09151912e+00  6.97161400e+07  1.60039744e+02
 7.02532899e+07  1.22114957e+00  7.02532899e+07  1.60430094e+02
 7.07945784e+07  1.24182596e+00  7.07945784e+07  1.60607749e+02
 7.13400375e+07  1.37172617e+00  7.13400375e+07  1.61767435e+02
 7.18896992e+07  1.34609087e+00  7.18896992e+07  1.61856426e+02
 7.24435960e+07  1.36847708e+00  7.24435960e+07  1.62281244e+02
 7.30017605e+07  1.32499743e+00  7.30017605e+07  1.62871630e+02
 7.35642254e+07  1.31702828e+00  7.35642254e+07  1.63956928e+02
 7.41310241e+07  1.49490842e+00  7.41310241e+07  1.63899467e+02
 7.47021899e+07  1.49201684e+00  7.47021899e+07  1.63770189e+02
 7.52777564e+07  1.53362846e+00  7.52777564e+07  1.64432660e+02
 7.58577575e+07  1.62250791e+00  7.58577575e+07  1.65131719e+02
 7.64422274e+07  1.52212295e+00  7.64422274e+07  1.65243065e+02
 7.70312006e+07  1.69340912e+00  7.70312006e+07  1.65802950e+02
 7.76247117e+07  1.84346167e+00  7.76247117e+07  1.65960826e+02
 7.82227956e+07  1.76597024e+00  7.82227956e+07  1.66653181e+02
 7.88254877e+07  1.87679310e+00  7.88254877e+07  1.66724626e+02
 7.94328235e+07  1.80633793e+00  7.94328235e+07  1.67310795e+02
 8.00448386e+07  1.76986584e+00  8.00448386e+07  1.68071393e+02
 8.06615692e+07  1.91568259e+00  8.06615692e+07  1.68193368e+02
 8.12830516e+07  1.97632420e+00  8.12830516e+07  1.68311970e+02
 8.19093224e+07  1.90819406e+00  8.19093224e+07  1.69027296e+02
 8.25404185e+07  2.05403364e+00  8.25404185e+07  1.69329835e+02
 8.31763771e+07  2.06950391e+00  8.31763771e+07  1.69628132e+02
 8.38172356e+07  2.11354141e+00  8.38172356e+07  1.69851139e+02
 8.44630319e+07  2.00206385e+00  8.44630319e+07  1.70708214e+02
 8.51138038e+07  2.10143094e+00  8.51138038e+07  1.71032523e+02
 8.57695899e+07  2.23026388e+00  8.57695899e+07  1.70697045e+02
 8.64304286e+07  2.26489228e+00  8.64304286e+07  1.71433540e+02
 8.70963590e+07  2.19908349e+00  8.70963590e+07  1.71863598e+02
 8.77674203e+07  2.35863141e+00  8.77674203e+07  1.71988445e+02
 8.84436519e+07  2.35716235e+00  8.84436519e+07  1.71854162e+02
 8.91250938e+07  2.31023970e+00  8.91250938e+07  1.72635185e+02
 8.98117861e+07  2.44228676e+00  8.98117861e+07  1.73125841e+02
 9.05037692e+07  2.48530805e+00  9.05037692e+07  1.73615621e+02
 9.12010839e+07  2.36218087e+00  9.12010839e+07  1.73638205e+02
 9.19037713e+07  2.59854245e+00  9.19037713e+07  1.73615386e+02
 9.26118728e+07  2.48387625e+00  9.26118728e+07  1.74472331e+02
 9.33254301e+07  2.52402307e+00  9.33254301e+07  1.74798544e+02
 9.40444852e+07  2.69853673e+00  9.40444852e+07  1.74618257e+02
 9.47690805e+07  2.61318242e+00  9.47690805e+07  1.75108475e+02
 9.54992586e+07  2.70620328e+00  9.54992586e+07  1.75424106e+02
 9.62350626e+07  2.65412872e+00  9.62350626e+07  1.75889353e+02
 9.69765359e+07  2.82409462e+00  9.69765359e+07  1.76069572e+02
 9.77237221e+07  2.63498958e+00  9.77237221e+07  1.76004918e+02
 9.84766652e+07  2.70669891e+00  9.84766652e+07  1.76727816e+02
 9.92354096e+07  2.74438377e+00  9.92354096e+07  1.76849811e+02
 1.00000000e+08  2.87322183e+00  1.00000000e+08  1.77048049e+02
 1.00770481e+08  2.82994824e+00  1.00770481e+08  1.77544377e+02
 1.01546899e+08  2.99436194e+00  1.01546899e+08  1.77540338e+02
 1.02329299e+08  2.94677673e+00  1.02329299e+08  1.77879344e+02
 1.03117727e+08  2.99206554e+00  1.03117727e+08  1.77940123e+02
 1.03912230e+08  2.90538543e+00  1.03912230e+08  1.78534112e+02
 1.04712855e+08  3.15023635e+00  1.04712855e+08  1.78695399e+02
 1.05519648e+08  3.04225925e+00  1.05519648e+08  1.79034777e+02
 1.06332657e+08  3.10384978e+00  1.06332657e+08  1.78893534e+02
 1.07151931e+08  3.17117173e+00  1.07151931e+08  1.79299617e+02
 1.07977516e+08  3.24791674e+00  1.07977516e+08  1.79527604e+02
 1.08809463e+08  3.21983867e+00  1.08809463e+08  1.79722528e+02
 1.09647820e+08  3.29615814e+00  1.09647820e+08  1.80049409e+02
 1.10492636e+08  3.19052796e+00  1.10492636e+08  1.80322627e+02
 1.11343961e+08  3.27826464e+00  1.11343961e+08  1.80650694e+02
 1.12201845e+08  3.26963573e+00  1.12201845e+08  1.80697819e+02
 1.13066340e+08  3.44321584e+00  1.13066340e+08  1.80738339e+02
 1.13937495e+08  3.35212754e+00  1.13937495e+08  1.81113778e+02
 1.14815362e+08  3.56213264e+00  1.14815362e+08  1.81146476e+02
 1.15699993e+08  3.54975654e+00  1.15699993e+08  1.81512357e+02
 1.16591440e+08  3.53202460e+00  1.16591440e+08  1.81689417e+02
 1.17489755e+08  3.53658393e+00  1.17489755e+08  1.81990154e+02
 1.18394992e+08  3.44089151e+00  1.18394992e+08  1.82296234e+02
 1.19307204e+08  3.66478119e+00  1.19307204e+08  1.82244746e+02
 1.20226443e+08  3.67311559e+00  1.20226443e+08  1.82434236e+02
 1.21152766e+08  3.65733273e+00  1.21152766e+08  1.82836111e+02
 1.22086225e+08  3.79592134e+00  1.22086225e+08  1.83237408e+02
 1.23026877e+08  3.57684308e+00  1.23026877e+08  1.83421144e+02
 1.23974776e+08  3.81571822e+00  1.23974776e+08  1.83549220e+02
 1.24929979e+08  3.94091247e+00  1.24929979e+08  1.83625673e+02
 1.25892541e+08  3.70595126e+00  1.25892541e+08  1.83735763e+02
 1.26862520e+08  3.97615491e+00  1.26862520e+08  1.84018024e+02
 1.27839972e+08  3.99726144e+00  1.27839972e+08  1.84287945e+02
 1.28824955e+08  4.03041667e+00  1.28824955e+08  1.84256135e+02
 1.29817528e+08  4.06702222e+00  1.29817528e+08  1.84429303e+02
 1.30817747e+08  4.04937346e+00  1.30817747e+08  1.84627847e+02
 1.31825674e+08  3.98885233e+00  1.31825674e+08  1.84855774e+02
 1.32841366e+08  3.99415089e+00  1.32841366e+08  1.84917234e+02
 1.33864884e+08  4.02220181e+00  1.33864884e+08  1.85127509e+02
 1.34896288e+08  4.35045996e+00  1.34896288e+08  1.85273357e+02
 1.35935639e+08  4.24630678e+00  1.35935639e+08  1.85564028e+02
 1.36982998e+08  4.26222273e+00  1.36982998e+08  1.85782828e+02
 1.38038426e+08  4.17490048e+00  1.38038426e+08  1.86232415e+02
 1.39101987e+08  4.36125608e+00  1.39101987e+08  1.85900321e+02
 1.40173742e+08  4.25494052e+00  1.40173742e+08  1.86256155e+02
 1.41253754e+08  4.58804837e+00  1.41253754e+08  1.86028403e+02
 1.42342088e+08  4.34883632e+00  1.42342088e+08  1.86582521e+02
 1.43438808e+08  4.23218403e+00  1.43438808e+08  1.86368834e+02
 1.44543977e+08  4.46842843e+00  1.44543977e+08  1.86648378e+02
 1.45657662e+08  4.52634689e+00  1.45657662e+08  1.86747119e+02
 1.46779927e+08  4.39648994e+00  1.46779927e+08  1.86882918e+02
 1.47910839e+08  4.29766641e+00  1.47910839e+08  1.87140043e+02
 1.49050464e+08  4.67263531e+00  1.49050464e+08  1.87192767e+02
 1.50198870e+08  4.91426532e+00  1.50198870e+08  1.87121788e+02
 1.51356125e+08  4.64015294e+00  1.51356125e+08  1.87303752e+02
 1.52522296e+08  4.54726517e+00  1.52522296e+08  1.87803525e+02
 1.53697452e+08  4.78069412e+00  1.53697452e+08  1.87589713e+02
 1.54881662e+08  4.87732381e+00  1.54881662e+08  1.87830342e+02
 1.56074996e+08  4.77271954e+00  1.56074996e+08  1.87998998e+02
 1.57277525e+08  4.85271043e+00  1.57277525e+08  1.87982373e+02
 1.58489319e+08  4.92950988e+00  1.58489319e+08  1.88108237e+02
 1.59710450e+08  5.03731569e+00  1.59710450e+08  1.88096464e+02
 1.60940989e+08  4.93086325e+00  1.60940989e+08  1.88582265e+02
 1.62181010e+08  4.82850886e+00  1.62181010e+08  1.88673145e+02
 1.63430584e+08  4.91322825e+00  1.63430584e+08  1.88356164e+02
 1.64689787e+08  5.00929939e+00  1.64689787e+08  1.88396258e+02
 1.65958691e+08  4.52856308e+00  1.65958691e+08  1.88665351e+02
 1.67237372e+08  5.64745577e+00  1.67237372e+08  1.88260067e+02
 1.68525904e+08  5.12286124e+00  1.68525904e+08  1.88942932e+02
 1.69824365e+08  5.43379723e+00  1.69824365e+08  1.88631720e+02
 1.71132830e+08  5.34911097e+00  1.71132830e+08  1.89069889e+02
 1.72451377e+08  5.46109311e+00  1.72451377e+08  1.88737561e+02
 1.73780083e+08  5.38060861e+00  1.73780083e+08  1.88777517e+02
 1.75119026e+08  5.05828803e+00  1.75119026e+08  1.89138500e+02
 1.76468286e+08  5.39585636e+00  1.76468286e+08  1.89181014e+02
 1.77827941e+08  5.28955670e+00  1.77827941e+08  1.89267906e+02
 1.79198072e+08  5.20911797e+00  1.79198072e+08  1.89260067e+02
 1.80578760e+08  5.56705345e+00  1.80578760e+08  1.88933505e+02
 1.81970086e+08  5.46224862e+00  1.81970086e+08  1.89365012e+02
 1.83372132e+08  5.36552690e+00  1.83372132e+08  1.89769871e+02
 1.84784980e+08  5.76992490e+00  1.84784980e+08  1.89514772e+02
 1.86208714e+08  5.65934573e+00  1.86208714e+08  1.89500604e+02
 1.87643417e+08  5.55431816e+00  1.87643417e+08  1.89362129e+02
 1.89089175e+08  5.46630365e+00  1.89089175e+08  1.89687481e+02
 1.90546072e+08  5.37311541e+00  1.90546072e+08  1.89632495e+02
 1.92014194e+08  5.25868155e+00  1.92014194e+08  1.89494807e+02
 1.93493628e+08  5.42375674e+00  1.93493628e+08  1.89880132e+02
 1.94984460e+08  5.86855484e+00  1.94984460e+08  1.89719672e+02
 1.96486779e+08  5.77546756e+00  1.96486779e+08  1.89901190e+02
 1.98000673e+08  5.94528892e+00  1.98000673e+08  1.89885612e+02
 1.99526231e+08  5.85206184e+00  1.99526231e+08  1.89663787e+02
 2.01063544e+08  5.74345013e+00  2.01063544e+08  1.89900011e+02
 2.02612701e+08  5.63408094e+00  2.02612701e+08  1.89914069e+02
 2.04173794e+08  5.84982943e+00  2.04173794e+08  1.89920202e+02
 2.05746916e+08  5.43137773e+00  2.05746916e+08  1.90045363e+02
 2.07332157e+08  5.34383158e+00  2.07332157e+08  1.89992478e+02
 2.08929613e+08  6.15026821e+00  2.08929613e+08  1.89805126e+02
 2.10539377e+08  6.03570996e+00  2.10539377e+08  1.89581208e+02
 2.12161544e+08  6.26788231e+00  2.12161544e+08  1.89792111e+02
 2.13796209e+08  6.15392622e+00  2.13796209e+08  1.89448595e+02
 2.15443469e+08  6.05674903e+00  2.15443469e+08  1.89738108e+02
 2.17103421e+08  6.63578548e+00  2.17103421e+08  1.89580279e+02
 2.18776162e+08  6.53992677e+00  2.18776162e+08  1.89595534e+02
 2.20461792e+08  5.74253089e+00  2.20461792e+08  1.90050549e+02
 2.22160409e+08  6.32927928e+00  2.22160409e+08  1.89738827e+02
 2.23872114e+08  6.23975574e+00  2.23872114e+08  1.89898433e+02
 2.25597007e+08  6.50257832e+00  2.25597007e+08  1.90052090e+02
 2.27335190e+08  6.38079854e+00  2.27335190e+08  1.89868868e+02
 2.29086765e+08  7.06494615e+00  2.29086765e+08  1.89595149e+02
 2.30851836e+08  6.18139129e+00  2.30851836e+08  1.89466624e+02
 2.32630507e+08  6.07345887e+00  2.32630507e+08  1.89599493e+02
 2.34422882e+08  5.97899041e+00  2.34422882e+08  1.89577105e+02
 2.36229066e+08  7.05988427e+00  2.36229066e+08  1.89916995e+02
 2.38049167e+08  6.14076545e+00  2.38049167e+08  1.89733092e+02
 2.39883292e+08  6.42473373e+00  2.39883292e+08  1.89577976e+02
 2.41731548e+08  6.32753088e+00  2.41731548e+08  1.89568218e+02
 2.43594045e+08  6.21228943e+00  2.43594045e+08  1.89517612e+02
 2.45470892e+08  6.52560005e+00  2.45470892e+08  1.89424331e+02
 2.47362199e+08  6.41367315e+00  2.47362199e+08  1.89576478e+02
 2.49268079e+08  6.73795070e+00  2.49268079e+08  1.88852747e+02
 2.51188643e+08  6.21064193e+00  2.51188643e+08  1.89029459e+02
 2.53124005e+08  6.99829939e+00  2.53124005e+08  1.89083790e+02
 2.55074278e+08  6.41768614e+00  2.55074278e+08  1.88958337e+02
 2.57039578e+08  6.76996409e+00  2.57039578e+08  1.88751139e+02
 2.59020020e+08  6.67191456e+00  2.59020020e+08  1.88756138e+02
 2.61015722e+08  7.57011072e+00  2.61015722e+08  1.88454783e+02
 2.63026799e+08  6.43494375e+00  2.63026799e+08  1.88853273e+02
 2.65053372e+08  7.35450369e+00  2.65053372e+08  1.88873408e+02
 2.67095559e+08  7.23421233e+00  2.67095559e+08  1.88367993e+02
 2.69153480e+08  6.61397978e+00  2.69153480e+08  1.88664534e+02
 2.71227258e+08  6.49151107e+00  2.71227258e+08  1.88630056e+02
 2.73317014e+08  6.38150387e+00  2.73317014e+08  1.88318483e+02
 2.75422870e+08  6.79913441e+00  2.75422870e+08  1.88273248e+02
 2.77544952e+08  6.15500732e+00  2.77544952e+08  1.88453426e+02
 2.79683385e+08  7.12488044e+00  2.79683385e+08  1.88050079e+02
 2.81838293e+08  7.00192222e+00  2.81838293e+08  1.88203319e+02
 2.84009805e+08  5.82455059e+00  2.84009805e+08  1.87994674e+02
 2.86198048e+08  6.78656150e+00  2.86198048e+08  1.88068703e+02
 2.88403150e+08  7.88490008e+00  2.88403150e+08  1.87956544e+02
 2.90625243e+08  6.55741279e+00  2.90625243e+08  1.87968809e+02
 2.92864456e+08  7.65455824e+00  2.92864456e+08  1.87704578e+02
 2.95120923e+08  7.55451711e+00  2.95120923e+08  1.87965683e+02
 2.97394775e+08  6.79321679e+00  2.97394775e+08  1.87623019e+02
 2.99686146e+08  6.08238161e+00  2.99686146e+08  1.87748402e+02
 3.01995172e+08  7.20454124e+00  3.01995172e+08  1.87326399e+02
 3.04321989e+08  7.06983540e+00  3.04321989e+08  1.87257570e+02
 3.06666733e+08  6.96697102e+00  3.06666733e+08  1.87438866e+02
 3.09029543e+08  7.53778048e+00  3.09029543e+08  1.86990723e+02
 3.11410558e+08  7.41979695e+00  3.11410558e+08  1.86966253e+02
 3.13809919e+08  8.04964910e+00  3.13809919e+08  1.86980827e+02
 3.16227766e+08  7.16671367e+00  3.16227766e+08  1.86921428e+02
 3.18664242e+08  7.80635037e+00  3.18664242e+08  1.86689147e+02
 3.21119491e+08  7.67187835e+00  3.21119491e+08  1.86699056e+02
 3.23593657e+08  7.54757288e+00  3.23593657e+08  1.86697604e+02
 3.26086886e+08  6.69127693e+00  3.26086886e+08  1.86505931e+02
 3.28599325e+08  7.32436330e+00  3.28599325e+08  1.86778894e+02
 3.31131121e+08  8.01433253e+00  3.31131121e+08  1.86597245e+02
 3.33682425e+08  8.81093665e+00  3.33682425e+08  1.86131346e+02
 3.36253386e+08  6.18952742e+00  3.36253386e+08  1.86226510e+02
 3.38844156e+08  7.64863898e+00  3.38844156e+08  1.86304069e+02
 3.41454887e+08  7.52851393e+00  3.41454887e+08  1.86027310e+02
 3.44085734e+08  6.57000739e+00  3.44085734e+08  1.86144330e+02
 3.46736850e+08  7.29377984e+00  3.46736850e+08  1.86120589e+02
 3.49408393e+08  8.08388300e+00  3.49408393e+08  1.86215925e+02
 3.52100520e+08  7.03499678e+00  3.52100520e+08  1.85645661e+02
 3.54813389e+08  6.09632295e+00  3.54813389e+08  1.85664483e+02
 3.57547160e+08  6.78427417e+00  3.57547160e+08  1.85970589e+02
 3.60301995e+08  7.58119166e+00  3.60301995e+08  1.85381661e+02
 3.63078055e+08  8.44357596e+00  3.63078055e+08  1.85265325e+02
 3.65875504e+08  8.33895783e+00  3.65875504e+08  1.85756229e+02
 3.68694506e+08  8.21670206e+00  3.68694506e+08  1.85047512e+02
 3.71535229e+08  8.07201341e+00  3.71535229e+08  1.85239387e+02
 3.74397839e+08  7.96847474e+00  3.74397839e+08  1.85031767e+02
 3.77282505e+08  7.85408006e+00  3.77282505e+08  1.85175163e+02
 3.80189396e+08  7.70539499e+00  3.80189396e+08  1.85025206e+02
 3.83118685e+08  6.55469569e+00  3.83118685e+08  1.84824116e+02
 3.86070543e+08  8.59540812e+00  3.86070543e+08  1.84645593e+02
 3.89045145e+08  7.30637692e+00  3.89045145e+08  1.84628332e+02
 3.92042666e+08  7.19380105e+00  3.92042666e+08  1.84404415e+02
 3.95063281e+08  6.03636792e+00  3.95063281e+08  1.84612298e+02
 3.98107171e+08  6.94191365e+00  3.98107171e+08  1.84536518e+02
 4.01174512e+08  6.79546454e+00  4.01174512e+08  1.84553087e+02
 4.04265487e+08  6.67278177e+00  4.04265487e+08  1.84545045e+02
 4.07380278e+08  6.54967710e+00  4.07380278e+08  1.84206498e+02
 4.10519067e+08  8.89746121e+00  4.10519067e+08  1.84229910e+02
 4.13682040e+08  6.29088742e+00  4.13682040e+08  1.83973014e+02
 4.16869383e+08  5.13340222e+00  4.16869383e+08  1.84154846e+02
 4.20081285e+08  7.20185980e+00  4.20081285e+08  1.84168018e+02
 4.23317933e+08  7.05308263e+00  4.23317933e+08  1.83945569e+02
 4.26579519e+08  5.76579022e+00  4.26579519e+08  1.83717078e+02
 4.29866235e+08  6.78497316e+00  4.29866235e+08  1.83949629e+02
 4.33178274e+08  8.00149904e+00  4.33178274e+08  1.84124177e+02
 4.36515832e+08  9.45128886e+00  4.36515832e+08  1.83651500e+02
 4.39879106e+08  6.42574209e+00  4.39879106e+08  1.83744124e+02
 4.43268292e+08  5.11967847e+00  4.43268292e+08  1.83592064e+02
 4.46683592e+08  6.13398257e+00  4.46683592e+08  1.83306695e+02
 4.50125206e+08  6.02052344e+00  4.50125206e+08  1.83705725e+02
 4.53593337e+08  7.20390091e+00  4.53593337e+08  1.83173887e+02
 4.57088190e+08  5.76557028e+00  4.57088190e+08  1.83179926e+02
 4.60609969e+08  6.95316678e+00  4.60609969e+08  1.83218377e+02
 4.64158883e+08  8.37925048e+00  4.64158883e+08  1.82893259e+02
 4.67735141e+08  8.24670045e+00  4.67735141e+08  1.83418026e+02
 4.71338954e+08  8.12382466e+00  4.71338954e+08  1.83108270e+02
 4.74970533e+08  6.42850994e+00  4.74970533e+08  1.82707946e+02
 4.78630092e+08  6.27576829e+00  4.78630092e+08  1.83029455e+02
 4.82317848e+08  6.15952796e+00  4.82317848e+08  1.82946918e+02
 4.86034018e+08  7.59863687e+00  4.86034018e+08  1.82850203e+02
 4.89778819e+08  5.87273129e+00  4.89778819e+08  1.82778933e+02
 4.93552474e+08  7.35489114e+00  4.93552474e+08  1.82666439e+02
 4.97355204e+08  5.62727232e+00  4.97355204e+08  1.82572992e+02
 5.01187234e+08  7.06196264e+00  5.01187234e+08  1.82657879e+02
 5.05048788e+08  6.93227980e+00  5.05048788e+08  1.82433844e+02
 5.08940095e+08  6.79814874e+00  5.08940095e+08  1.82574267e+02
 5.12861384e+08  6.64975589e+00  5.12861384e+08  1.82393800e+02
 5.16812886e+08  1.09695956e+01  5.16812886e+08  1.82910705e+02
 5.20794833e+08  6.38199641e+00  5.20794833e+08  1.82451839e+02
 5.24807460e+08  4.69535389e+00  5.24807460e+08  1.82397664e+02
 5.28851004e+08  6.14173510e+00  5.28851004e+08  1.82416884e+02
 5.32925703e+08  4.41201159e+00  5.32925703e+08  1.82490794e+02
 5.37031796e+08  7.80722193e+00  5.37031796e+08  1.82463927e+02
 5.41169527e+08  1.01589888e+01  5.41169527e+08  1.82227528e+02
 5.45339137e+08  7.52717475e+00  5.45339137e+08  1.82158917e+02
 5.49540874e+08  7.40289151e+00  5.49540874e+08  1.82437313e+02
 5.53774984e+08  7.27581650e+00  5.53774984e+08  1.82185555e+02
 5.58041717e+08  7.12940289e+00  5.58041717e+08  1.82318333e+02
 5.62341325e+08  9.48926399e+00  5.62341325e+08  1.82115222e+02
 5.66674061e+08  9.36652293e+00  5.66674061e+08  1.81525191e+02
 5.71040179e+08  9.21417356e+00  5.71040179e+08  1.82014717e+02
 5.75439937e+08  1.26068570e+01  5.75439937e+08  1.82332292e+02
 5.79873595e+08  6.45999589e+00  5.79873595e+08  1.81999082e+02
 5.84341413e+08  8.81311005e+00  5.84341413e+08  1.82171231e+02
 5.88843655e+08  6.20452127e+00  5.88843655e+08  1.81679612e+02
 5.93380586e+08  1.20537699e+01  5.93380586e+08  1.81583518e+02
 5.97952473e+08  8.41203705e+00  5.97952473e+08  1.81727249e+02
 6.02559586e+08  8.28136617e+00  6.02559586e+08  1.81510291e+02
 6.07202196e+08  1.16625146e+01  6.07202196e+08  1.81496545e+02
 6.11880576e+08  8.00643998e+00  6.11880576e+08  1.81910950e+02
 6.16595002e+08  3.45094880e+00  6.16595002e+08  1.81549007e+02
 6.21345752e+08  7.74402333e+00  6.21345752e+08  1.81366788e+02
 6.26133105e+08  7.61669608e+00  6.26133105e+08  1.81475916e+02
 6.30957344e+08  7.46878326e+00  6.30957344e+08  1.81347155e+02
 6.35818754e+08  7.34331144e+00  6.35818754e+08  1.80977953e+02
 6.40717619e+08  1.67519106e+01  6.40717619e+08  1.81916072e+02
 6.45654229e+08  1.05962304e+01  6.45654229e+08  1.81770204e+02
 6.50628875e+08  6.95175307e+00  6.50628875e+08  1.81740543e+02
 6.55641849e+08  6.79972587e+00  6.55641849e+08  1.81354753e+02
 6.60693448e+08  6.65850995e+00  6.60693448e+08  1.81362289e+02
 6.65783968e+08  1.00293149e+01  6.65783968e+08  1.81920494e+02
 6.70913710e+08  6.38458142e+00  6.70913710e+08  1.81168800e+02
 6.76082975e+08  9.77542810e+00  6.76082975e+08  1.81468988e+02
 6.81292069e+08  6.11969622e+00  6.81292069e+08  1.81114390e+02
 6.86541298e+08  9.51415608e+00  6.86541298e+08  1.81020442e+02
 6.91830971e+08  5.84555618e+00  6.91830971e+08  1.81359727e+02
 6.97161400e+08  9.23239824e+00  6.97161400e+08  1.80643381e+02
 7.02532899e+08  9.11794247e+00  7.02532899e+08  1.80735174e+02
 7.07945784e+08  1.49758743e+01  7.07945784e+08  1.82719179e+02
 7.13400375e+08  5.33529128e+00  7.13400375e+08  1.80943786e+02
 7.18896992e+08  8.70866185e+00  7.18896992e+08  1.81414803e+02
 7.24435960e+08  5.03843303e+00  7.24435960e+08  1.81000320e+02
 7.30017605e+08  8.41635533e+00  7.30017605e+08  1.81709936e+02
 7.35642254e+08  8.28359482e+00  7.35642254e+08  1.80232487e+02
 7.41310241e+08  8.14520856e+00  7.41310241e+08  1.81346288e+02
 7.47021899e+08  8.00551260e+00  7.47021899e+08  1.82198665e+02
 7.52777564e+08  1.38990719e+01  7.52777564e+08  1.79168151e+02
 7.58577575e+08  1.37761663e+01  7.58577575e+08  1.80788318e+02
 7.64422274e+08  1.36449055e+01  7.64422274e+08  1.80950648e+02
 7.70312006e+08  7.47953529e+00  7.70312006e+08  1.81212904e+02
 7.76247117e+08  1.33632316e+01  7.76247117e+08  1.80577844e+02
 7.82227956e+08  7.23401248e+00  7.82227956e+08  1.80285363e+02
 7.88254877e+08  7.07540277e+00  7.88254877e+08  1.79963491e+02
 7.94328235e+08  6.94330821e+00  7.94328235e+08  1.80777938e+02
 8.00448386e+08  7.95831849e-01  8.00448386e+08  1.80836354e+02
 8.06615692e+08  6.66091157e+00  8.06615692e+08  1.81944484e+02
 8.12830516e+08  6.53666572e+00  8.12830516e+08  1.81281467e+02
 8.19093224e+08  6.39134806e+00  8.19093224e+08  1.80810003e+02
 8.25404185e+08  2.75020157e+00  8.25404185e+08  1.80711747e+02
 8.31763771e+08  1.21702692e+01  8.31763771e+08  1.81145957e+02
 8.38172356e+08  5.99882287e+00  8.38172356e+08  1.80850804e+02
 8.44630319e+08  2.32733944e+00  8.44630319e+08  1.80457168e+02
 8.51138038e+08  5.73048486e+00  8.51138038e+08  1.81034520e+02
 8.57695899e+08  1.16090133e+01  8.57695899e+08  1.79646820e+02
 8.64304286e+08  5.46084796e+00  8.64304286e+08  1.80288379e+02
 8.70963590e+08  1.13234926e+01  8.70963590e+08  1.79697529e+02
 8.77674203e+08  5.19582917e+00  8.77674203e+08  1.79871242e+02
 8.84436519e+08  5.59738941e+01  8.84436519e+08  9.15673462e+01
 8.91250938e+08  7.76908092e+01  8.91250938e+08  2.71551540e+02
 8.98117861e+08  1.26270433e+00  8.98117861e+08  1.79760444e+02
 9.05037692e+08  1.12173400e+00  9.05037692e+08  1.80700980e+02
 9.12010839e+08  9.88430113e-01  9.12010839e+08  1.80329276e+02
 9.19037713e+08  4.37196759e+00  9.19037713e+08  1.80595962e+02
 9.26118728e+08  4.25089284e+00  9.26118728e+08  1.80043738e+02
 9.33254301e+08  4.11115248e+00  9.33254301e+08  1.80064008e+02
 9.40444852e+08  3.96432399e+00  9.40444852e+08  1.79784760e+02
 9.47690805e+08  3.83578690e+00  9.47690805e+08  1.80062506e+02
 9.54992586e+08  9.73132232e+00  9.54992586e+08  1.80497551e+02
 9.62350626e+08  9.60812265e+00  9.62350626e+08  1.79813712e+02
 9.69765359e+08  9.47539999e+00  9.69765359e+08  1.79921571e+02
 9.77237221e+08  9.31448667e+00  9.77237221e+08  1.81838352e+02
 9.84766652e+08  4.81737800e+01  9.84766652e+08  9.14469379e+01
 9.92354096e+08  9.03693312e+00  9.92354096e+08  1.80473065e+02
 1.00000000e+09  8.90602237e+00  1.00000000e+09  1.79774088e+02
