 1.00000000e+00  4.63856905e+01  1.00000000e+00  1.79999998e+02
 1.00770481e+00  4.63856905e+01  1.00770481e+00  1.79999998e+02
 1.01546899e+00  4.63856905e+01  1.01546899e+00  1.79999998e+02
 1.02329299e+00  4.63856905e+01  1.02329299e+00  1.79999998e+02
 1.03117727e+00  4.63856905e+01  1.03117727e+00  1.79999998e+02
 1.03912230e+00  4.63856905e+01  1.03912230e+00  1.79999998e+02
 1.04712855e+00  4.63856905e+01  1.04712855e+00  1.79999998e+02
 1.05519648e+00  4.63856905e+01  1.05519648e+00  1.79999998e+02
 1.06332657e+00  4.63856905e+01  1.06332657e+00  1.79999998e+02
 1.07151931e+00  4.63856905e+01  1.07151931e+00  1.79999998e+02
 1.07977516e+00  4.63856905e+01  1.07977516e+00  1.79999998e+02
 1.08809463e+00  4.63856905e+01  1.08809463e+00  1.79999998e+02
 1.09647820e+00  4.63856905e+01  1.09647820e+00  1.79999998e+02
 1.10492636e+00  4.63856905e+01  1.10492636e+00  1.79999998e+02
 1.11343961e+00  4.63856905e+01  1.11343961e+00  1.79999998e+02
 1.12201845e+00  4.63856905e+01  1.12201845e+00  1.79999998e+02
 1.13066340e+00  4.63856905e+01  1.13066340e+00  1.79999998e+02
 1.13937495e+00  4.63856905e+01  1.13937495e+00  1.79999998e+02
 1.14815362e+00  4.63856905e+01  1.14815362e+00  1.79999998e+02
 1.15699993e+00  4.63856905e+01  1.15699993e+00  1.79999998e+02
 1.16591440e+00  4.63856905e+01  1.16591440e+00  1.79999998e+02
 1.17489755e+00  4.63856905e+01  1.17489755e+00  1.79999998e+02
 1.18394992e+00  4.63856905e+01  1.18394992e+00  1.79999998e+02
 1.19307204e+00  4.63856905e+01  1.19307204e+00  1.79999998e+02
 1.20226443e+00  4.63856905e+01  1.20226443e+00  1.79999998e+02
 1.21152766e+00  4.63856905e+01  1.21152766e+00  1.79999998e+02
 1.22086225e+00  4.63856905e+01  1.22086225e+00  1.79999998e+02
 1.23026877e+00  4.63856905e+01  1.23026877e+00  1.79999998e+02
 1.23974776e+00  4.63856905e+01  1.23974776e+00  1.79999998e+02
 1.24929979e+00  4.63856905e+01  1.24929979e+00  1.79999998e+02
 1.25892541e+00  4.63856905e+01  1.25892541e+00  1.79999998e+02
 1.26862520e+00  4.63856905e+01  1.26862520e+00  1.79999998e+02
 1.27839972e+00  4.63856905e+01  1.27839972e+00  1.79999998e+02
 1.28824955e+00  4.63856905e+01  1.28824955e+00  1.79999998e+02
 1.29817528e+00  4.63856905e+01  1.29817528e+00  1.79999998e+02
 1.30817747e+00  4.63856905e+01  1.30817747e+00  1.79999998e+02
 1.31825674e+00  4.63856905e+01  1.31825674e+00  1.79999998e+02
 1.32841366e+00  4.63856905e+01  1.32841366e+00  1.79999998e+02
 1.33864884e+00  4.63856905e+01  1.33864884e+00  1.79999998e+02
 1.34896288e+00  4.63856905e+01  1.34896288e+00  1.79999998e+02
 1.35935639e+00  4.63856905e+01  1.35935639e+00  1.79999998e+02
 1.36982998e+00  4.63856905e+01  1.36982998e+00  1.79999998e+02
 1.38038426e+00  4.63856905e+01  1.38038426e+00  1.79999998e+02
 1.39101987e+00  4.63856905e+01  1.39101987e+00  1.79999998e+02
 1.40173742e+00  4.63856905e+01  1.40173742e+00  1.79999998e+02
 1.41253754e+00  4.63856905e+01  1.41253754e+00  1.79999998e+02
 1.42342088e+00  4.63856905e+01  1.42342088e+00  1.79999998e+02
 1.43438808e+00  4.63856905e+01  1.43438808e+00  1.79999998e+02
 1.44543977e+00  4.63856905e+01  1.44543977e+00  1.79999998e+02
 1.45657662e+00  4.63856905e+01  1.45657662e+00  1.79999997e+02
 1.46779927e+00  4.63856905e+01  1.46779927e+00  1.79999997e+02
 1.47910839e+00  4.63856905e+01  1.47910839e+00  1.79999997e+02
 1.49050464e+00  4.63856905e+01  1.49050464e+00  1.79999997e+02
 1.50198870e+00  4.63856905e+01  1.50198870e+00  1.79999997e+02
 1.51356125e+00  4.63856905e+01  1.51356125e+00  1.79999997e+02
 1.52522296e+00  4.63856905e+01  1.52522296e+00  1.79999997e+02
 1.53697452e+00  4.63856905e+01  1.53697452e+00  1.79999997e+02
 1.54881662e+00  4.63856905e+01  1.54881662e+00  1.79999997e+02
 1.56074996e+00  4.63856905e+01  1.56074996e+00  1.79999997e+02
 1.57277525e+00  4.63856905e+01  1.57277525e+00  1.79999997e+02
 1.58489319e+00  4.63856905e+01  1.58489319e+00  1.79999997e+02
 1.59710450e+00  4.63856905e+01  1.59710450e+00  1.79999997e+02
 1.60940989e+00  4.63856905e+01  1.60940989e+00  1.79999997e+02
 1.62181010e+00  4.63856905e+01  1.62181010e+00  1.79999997e+02
 1.63430584e+00  4.63856905e+01  1.63430584e+00  1.79999997e+02
 1.64689787e+00  4.63856905e+01  1.64689787e+00  1.79999997e+02
 1.65958691e+00  4.63856905e+01  1.65958691e+00  1.79999997e+02
 1.67237372e+00  4.63856905e+01  1.67237372e+00  1.79999997e+02
 1.68525904e+00  4.63856905e+01  1.68525904e+00  1.79999997e+02
 1.69824365e+00  4.63856905e+01  1.69824365e+00  1.79999997e+02
 1.71132830e+00  4.63856905e+01  1.71132830e+00  1.79999997e+02
 1.72451377e+00  4.63856905e+01  1.72451377e+00  1.79999997e+02
 1.73780083e+00  4.63856905e+01  1.73780083e+00  1.79999997e+02
 1.75119026e+00  4.63856905e+01  1.75119026e+00  1.79999997e+02
 1.76468286e+00  4.63856905e+01  1.76468286e+00  1.79999997e+02
 1.77827941e+00  4.63856905e+01  1.77827941e+00  1.79999997e+02
 1.79198072e+00  4.63856905e+01  1.79198072e+00  1.79999997e+02
 1.80578760e+00  4.63856905e+01  1.80578760e+00  1.79999997e+02
 1.81970086e+00  4.63856905e+01  1.81970086e+00  1.79999997e+02
 1.83372132e+00  4.63856905e+01  1.83372132e+00  1.79999997e+02
 1.84784980e+00  4.63856905e+01  1.84784980e+00  1.79999997e+02
 1.86208714e+00  4.63856905e+01  1.86208714e+00  1.79999997e+02
 1.87643417e+00  4.63856905e+01  1.87643417e+00  1.79999997e+02
 1.89089175e+00  4.63856905e+01  1.89089175e+00  1.79999997e+02
 1.90546072e+00  4.63856905e+01  1.90546072e+00  1.79999997e+02
 1.92014194e+00  4.63856905e+01  1.92014194e+00  1.79999997e+02
 1.93493628e+00  4.63856905e+01  1.93493628e+00  1.79999997e+02
 1.94984460e+00  4.63856905e+01  1.94984460e+00  1.79999997e+02
 1.96486779e+00  4.63856905e+01  1.96486779e+00  1.79999997e+02
 1.98000673e+00  4.63856905e+01  1.98000673e+00  1.79999997e+02
 1.99526231e+00  4.63856905e+01  1.99526231e+00  1.79999997e+02
 2.01063544e+00  4.63856905e+01  2.01063544e+00  1.79999997e+02
 2.02612701e+00  4.63856905e+01  2.02612701e+00  1.79999997e+02
 2.04173794e+00  4.63856905e+01  2.04173794e+00  1.79999996e+02
 2.05746916e+00  4.63856905e+01  2.05746916e+00  1.79999996e+02
 2.07332157e+00  4.63856905e+01  2.07332157e+00  1.79999996e+02
 2.08929613e+00  4.63856905e+01  2.08929613e+00  1.79999996e+02
 2.10539377e+00  4.63856905e+01  2.10539377e+00  1.79999996e+02
 2.12161544e+00  4.63856905e+01  2.12161544e+00  1.79999996e+02
 2.13796209e+00  4.63856905e+01  2.13796209e+00  1.79999996e+02
 2.15443469e+00  4.63856905e+01  2.15443469e+00  1.79999996e+02
 2.17103421e+00  4.63856905e+01  2.17103421e+00  1.79999996e+02
 2.18776162e+00  4.63856905e+01  2.18776162e+00  1.79999996e+02
 2.20461792e+00  4.63856905e+01  2.20461792e+00  1.79999996e+02
 2.22160409e+00  4.63856905e+01  2.22160409e+00  1.79999996e+02
 2.23872114e+00  4.63856905e+01  2.23872114e+00  1.79999996e+02
 2.25597007e+00  4.63856905e+01  2.25597007e+00  1.79999996e+02
 2.27335190e+00  4.63856905e+01  2.27335190e+00  1.79999996e+02
 2.29086765e+00  4.63856905e+01  2.29086765e+00  1.79999996e+02
 2.30851836e+00  4.63856905e+01  2.30851836e+00  1.79999996e+02
 2.32630507e+00  4.63856905e+01  2.32630507e+00  1.79999996e+02
 2.34422882e+00  4.63856905e+01  2.34422882e+00  1.79999996e+02
 2.36229066e+00  4.63856905e+01  2.36229066e+00  1.79999996e+02
 2.38049167e+00  4.63856905e+01  2.38049167e+00  1.79999996e+02
 2.39883292e+00  4.63856905e+01  2.39883292e+00  1.79999996e+02
 2.41731548e+00  4.63856905e+01  2.41731548e+00  1.79999996e+02
 2.43594045e+00  4.63856905e+01  2.43594045e+00  1.79999996e+02
 2.45470892e+00  4.63856905e+01  2.45470892e+00  1.79999996e+02
 2.47362199e+00  4.63856905e+01  2.47362199e+00  1.79999996e+02
 2.49268079e+00  4.63856905e+01  2.49268079e+00  1.79999996e+02
 2.51188643e+00  4.63856905e+01  2.51188643e+00  1.79999996e+02
 2.53124005e+00  4.63856905e+01  2.53124005e+00  1.79999996e+02
 2.55074278e+00  4.63856905e+01  2.55074278e+00  1.79999996e+02
 2.57039578e+00  4.63856905e+01  2.57039578e+00  1.79999996e+02
 2.59020020e+00  4.63856905e+01  2.59020020e+00  1.79999996e+02
 2.61015722e+00  4.63856905e+01  2.61015722e+00  1.79999996e+02
 2.63026799e+00  4.63856905e+01  2.63026799e+00  1.79999995e+02
 2.65053372e+00  4.63856905e+01  2.65053372e+00  1.79999995e+02
 2.67095559e+00  4.63856905e+01  2.67095559e+00  1.79999995e+02
 2.69153480e+00  4.63856905e+01  2.69153480e+00  1.79999995e+02
 2.71227258e+00  4.63856905e+01  2.71227258e+00  1.79999995e+02
 2.73317014e+00  4.63856905e+01  2.73317014e+00  1.79999995e+02
 2.75422870e+00  4.63856905e+01  2.75422870e+00  1.79999995e+02
 2.77544952e+00  4.63856905e+01  2.77544952e+00  1.79999995e+02
 2.79683385e+00  4.63856905e+01  2.79683385e+00  1.79999995e+02
 2.81838293e+00  4.63856905e+01  2.81838293e+00  1.79999995e+02
 2.84009805e+00  4.63856905e+01  2.84009805e+00  1.79999995e+02
 2.86198048e+00  4.63856905e+01  2.86198048e+00  1.79999995e+02
 2.88403150e+00  4.63856905e+01  2.88403150e+00  1.79999995e+02
 2.90625243e+00  4.63856905e+01  2.90625243e+00  1.79999995e+02
 2.92864456e+00  4.63856905e+01  2.92864456e+00  1.79999995e+02
 2.95120923e+00  4.63856905e+01  2.95120923e+00  1.79999995e+02
 2.97394775e+00  4.63856905e+01  2.97394775e+00  1.79999995e+02
 2.99686146e+00  4.63856905e+01  2.99686146e+00  1.79999995e+02
 3.01995172e+00  4.63856905e+01  3.01995172e+00  1.79999995e+02
 3.04321989e+00  4.63856905e+01  3.04321989e+00  1.79999995e+02
 3.06666733e+00  4.63856905e+01  3.06666733e+00  1.79999995e+02
 3.09029543e+00  4.63856905e+01  3.09029543e+00  1.79999995e+02
 3.11410558e+00  4.63856905e+01  3.11410558e+00  1.79999995e+02
 3.13809919e+00  4.63856905e+01  3.13809919e+00  1.79999995e+02
 3.16227766e+00  4.63856905e+01  3.16227766e+00  1.79999995e+02
 3.18664242e+00  4.63856905e+01  3.18664242e+00  1.79999995e+02
 3.21119491e+00  4.63856905e+01  3.21119491e+00  1.79999994e+02
 3.23593657e+00  4.63856905e+01  3.23593657e+00  1.79999994e+02
 3.26086886e+00  4.63856905e+01  3.26086886e+00  1.79999994e+02
 3.28599325e+00  4.63856905e+01  3.28599325e+00  1.79999994e+02
 3.31131121e+00  4.63856905e+01  3.31131121e+00  1.79999994e+02
 3.33682425e+00  4.63856905e+01  3.33682425e+00  1.79999994e+02
 3.36253386e+00  4.63856905e+01  3.36253386e+00  1.79999994e+02
 3.38844156e+00  4.63856905e+01  3.38844156e+00  1.79999994e+02
 3.41454887e+00  4.63856905e+01  3.41454887e+00  1.79999994e+02
 3.44085734e+00  4.63856905e+01  3.44085734e+00  1.79999994e+02
 3.46736850e+00  4.63856905e+01  3.46736850e+00  1.79999994e+02
 3.49408393e+00  4.63856905e+01  3.49408393e+00  1.79999994e+02
 3.52100520e+00  4.63856905e+01  3.52100520e+00  1.79999994e+02
 3.54813389e+00  4.63856905e+01  3.54813389e+00  1.79999994e+02
 3.57547160e+00  4.63856905e+01  3.57547160e+00  1.79999994e+02
 3.60301995e+00  4.63856905e+01  3.60301995e+00  1.79999994e+02
 3.63078055e+00  4.63856905e+01  3.63078055e+00  1.79999994e+02
 3.65875504e+00  4.63856905e+01  3.65875504e+00  1.79999994e+02
 3.68694506e+00  4.63856905e+01  3.68694506e+00  1.79999994e+02
 3.71535229e+00  4.63856905e+01  3.71535229e+00  1.79999994e+02
 3.74397839e+00  4.63856905e+01  3.74397839e+00  1.79999994e+02
 3.77282505e+00  4.63856905e+01  3.77282505e+00  1.79999994e+02
 3.80189396e+00  4.63856905e+01  3.80189396e+00  1.79999993e+02
 3.83118685e+00  4.63856905e+01  3.83118685e+00  1.79999993e+02
 3.86070543e+00  4.63856905e+01  3.86070543e+00  1.79999993e+02
 3.89045145e+00  4.63856905e+01  3.89045145e+00  1.79999993e+02
 3.92042666e+00  4.63856905e+01  3.92042666e+00  1.79999993e+02
 3.95063281e+00  4.63856905e+01  3.95063281e+00  1.79999993e+02
 3.98107171e+00  4.63856905e+01  3.98107171e+00  1.79999993e+02
 4.01174512e+00  4.63856905e+01  4.01174512e+00  1.79999993e+02
 4.04265487e+00  4.63856905e+01  4.04265487e+00  1.79999993e+02
 4.07380278e+00  4.63856905e+01  4.07380278e+00  1.79999993e+02
 4.10519067e+00  4.63856905e+01  4.10519067e+00  1.79999993e+02
 4.13682040e+00  4.63856905e+01  4.13682040e+00  1.79999993e+02
 4.16869383e+00  4.63856905e+01  4.16869383e+00  1.79999993e+02
 4.20081285e+00  4.63856905e+01  4.20081285e+00  1.79999993e+02
 4.23317933e+00  4.63856905e+01  4.23317933e+00  1.79999993e+02
 4.26579519e+00  4.63856905e+01  4.26579519e+00  1.79999993e+02
 4.29866235e+00  4.63856905e+01  4.29866235e+00  1.79999993e+02
 4.33178274e+00  4.63856905e+01  4.33178274e+00  1.79999993e+02
 4.36515832e+00  4.63856905e+01  4.36515832e+00  1.79999992e+02
 4.39879106e+00  4.63856905e+01  4.39879106e+00  1.79999992e+02
 4.43268292e+00  4.63856905e+01  4.43268292e+00  1.79999992e+02
 4.46683592e+00  4.63856905e+01  4.46683592e+00  1.79999992e+02
 4.50125206e+00  4.63856905e+01  4.50125206e+00  1.79999992e+02
 4.53593337e+00  4.63856905e+01  4.53593337e+00  1.79999992e+02
 4.57088190e+00  4.63856905e+01  4.57088190e+00  1.79999992e+02
 4.60609969e+00  4.63856905e+01  4.60609969e+00  1.79999992e+02
 4.64158883e+00  4.63856905e+01  4.64158883e+00  1.79999992e+02
 4.67735141e+00  4.63856905e+01  4.67735141e+00  1.79999992e+02
 4.71338954e+00  4.63856905e+01  4.71338954e+00  1.79999992e+02
 4.74970533e+00  4.63856905e+01  4.74970533e+00  1.79999992e+02
 4.78630092e+00  4.63856905e+01  4.78630092e+00  1.79999992e+02
 4.82317848e+00  4.63856905e+01  4.82317848e+00  1.79999992e+02
 4.86034018e+00  4.63856905e+01  4.86034018e+00  1.79999992e+02
 4.89778819e+00  4.63856905e+01  4.89778819e+00  1.79999992e+02
 4.93552474e+00  4.63856905e+01  4.93552474e+00  1.79999992e+02
 4.97355204e+00  4.63856905e+01  4.97355204e+00  1.79999991e+02
 5.01187234e+00  4.63856905e+01  5.01187234e+00  1.79999991e+02
 5.05048788e+00  4.63856905e+01  5.05048788e+00  1.79999991e+02
 5.08940095e+00  4.63856905e+01  5.08940095e+00  1.79999991e+02
 5.12861384e+00  4.63856905e+01  5.12861384e+00  1.79999991e+02
 5.16812886e+00  4.63856905e+01  5.16812886e+00  1.79999991e+02
 5.20794833e+00  4.63856905e+01  5.20794833e+00  1.79999991e+02
 5.24807460e+00  4.63856905e+01  5.24807460e+00  1.79999991e+02
 5.28851004e+00  4.63856905e+01  5.28851004e+00  1.79999991e+02
 5.32925703e+00  4.63856905e+01  5.32925703e+00  1.79999991e+02
 5.37031796e+00  4.63856905e+01  5.37031796e+00  1.79999991e+02
 5.41169527e+00  4.63856905e+01  5.41169527e+00  1.79999991e+02
 5.45339137e+00  4.63856905e+01  5.45339137e+00  1.79999991e+02
 5.49540874e+00  4.63856905e+01  5.49540874e+00  1.79999991e+02
 5.53774984e+00  4.63856905e+01  5.53774984e+00  1.79999990e+02
 5.58041717e+00  4.63856905e+01  5.58041717e+00  1.79999990e+02
 5.62341325e+00  4.63856905e+01  5.62341325e+00  1.79999990e+02
 5.66674061e+00  4.63856905e+01  5.66674061e+00  1.79999990e+02
 5.71040179e+00  4.63856905e+01  5.71040179e+00  1.79999990e+02
 5.75439937e+00  4.63856905e+01  5.75439937e+00  1.79999990e+02
 5.79873595e+00  4.63856905e+01  5.79873595e+00  1.79999990e+02
 5.84341413e+00  4.63856905e+01  5.84341413e+00  1.79999990e+02
 5.88843655e+00  4.63856905e+01  5.88843655e+00  1.79999990e+02
 5.93380586e+00  4.63856905e+01  5.93380586e+00  1.79999990e+02
 5.97952473e+00  4.63856905e+01  5.97952473e+00  1.79999990e+02
 6.02559586e+00  4.63856905e+01  6.02559586e+00  1.79999990e+02
 6.07202196e+00  4.63856905e+01  6.07202196e+00  1.79999990e+02
 6.11880576e+00  4.63856905e+01  6.11880576e+00  1.79999989e+02
 6.16595002e+00  4.63856905e+01  6.16595002e+00  1.79999989e+02
 6.21345752e+00  4.63856905e+01  6.21345752e+00  1.79999989e+02
 6.26133105e+00  4.63856905e+01  6.26133105e+00  1.79999989e+02
 6.30957344e+00  4.63856905e+01  6.30957344e+00  1.79999989e+02
 6.35818754e+00  4.63856905e+01  6.35818754e+00  1.79999989e+02
 6.40717619e+00  4.63856905e+01  6.40717619e+00  1.79999989e+02
 6.45654229e+00  4.63856905e+01  6.45654229e+00  1.79999989e+02
 6.50628875e+00  4.63856905e+01  6.50628875e+00  1.79999989e+02
 6.55641849e+00  4.63856905e+01  6.55641849e+00  1.79999989e+02
 6.60693448e+00  4.63856905e+01  6.60693448e+00  1.79999989e+02
 6.65783968e+00  4.63856905e+01  6.65783968e+00  1.79999989e+02
 6.70913710e+00  4.63856905e+01  6.70913710e+00  1.79999988e+02
 6.76082975e+00  4.63856905e+01  6.76082975e+00  1.79999988e+02
 6.81292069e+00  4.63856905e+01  6.81292069e+00  1.79999988e+02
 6.86541298e+00  4.63856905e+01  6.86541298e+00  1.79999988e+02
 6.91830971e+00  4.63856905e+01  6.91830971e+00  1.79999988e+02
 6.97161400e+00  4.63856905e+01  6.97161400e+00  1.79999988e+02
 7.02532899e+00  4.63856905e+01  7.02532899e+00  1.79999988e+02
 7.07945784e+00  4.63856905e+01  7.07945784e+00  1.79999988e+02
 7.13400375e+00  4.63856905e+01  7.13400375e+00  1.79999988e+02
 7.18896992e+00  4.63856905e+01  7.18896992e+00  1.79999988e+02
 7.24435960e+00  4.63856905e+01  7.24435960e+00  1.79999988e+02
 7.30017605e+00  4.63856905e+01  7.30017605e+00  1.79999987e+02
 7.35642254e+00  4.63856905e+01  7.35642254e+00  1.79999987e+02
 7.41310241e+00  4.63856905e+01  7.41310241e+00  1.79999987e+02
 7.47021899e+00  4.63856905e+01  7.47021899e+00  1.79999987e+02
 7.52777564e+00  4.63856905e+01  7.52777564e+00  1.79999987e+02
 7.58577575e+00  4.63856905e+01  7.58577575e+00  1.79999987e+02
 7.64422274e+00  4.63856905e+01  7.64422274e+00  1.79999987e+02
 7.70312006e+00  4.63856905e+01  7.70312006e+00  1.79999987e+02
 7.76247117e+00  4.63856905e+01  7.76247117e+00  1.79999987e+02
 7.82227956e+00  4.63856905e+01  7.82227956e+00  1.79999987e+02
 7.88254877e+00  4.63856905e+01  7.88254877e+00  1.79999986e+02
 7.94328235e+00  4.63856905e+01  7.94328235e+00  1.79999986e+02
 8.00448386e+00  4.63856905e+01  8.00448386e+00  1.79999986e+02
 8.06615692e+00  4.63856905e+01  8.06615692e+00  1.79999986e+02
 8.12830516e+00  4.63856905e+01  8.12830516e+00  1.79999986e+02
 8.19093224e+00  4.63856905e+01  8.19093224e+00  1.79999986e+02
 8.25404185e+00  4.63856905e+01  8.25404185e+00  1.79999986e+02
 8.31763771e+00  4.63856905e+01  8.31763771e+00  1.79999986e+02
 8.38172356e+00  4.63856905e+01  8.38172356e+00  1.79999986e+02
 8.44630319e+00  4.63856905e+01  8.44630319e+00  1.79999985e+02
 8.51138038e+00  4.63856905e+01  8.51138038e+00  1.79999985e+02
 8.57695899e+00  4.63856905e+01  8.57695899e+00  1.79999985e+02
 8.64304286e+00  4.63856905e+01  8.64304286e+00  1.79999985e+02
 8.70963590e+00  4.63856905e+01  8.70963590e+00  1.79999985e+02
 8.77674203e+00  4.63856905e+01  8.77674203e+00  1.79999985e+02
 8.84436519e+00  4.63856905e+01  8.84436519e+00  1.79999985e+02
 8.91250938e+00  4.63856905e+01  8.91250938e+00  1.79999985e+02
 8.98117861e+00  4.63856905e+01  8.98117861e+00  1.79999985e+02
 9.05037692e+00  4.63856905e+01  9.05037692e+00  1.79999984e+02
 9.12010839e+00  4.63856905e+01  9.12010839e+00  1.79999984e+02
 9.19037713e+00  4.63856905e+01  9.19037713e+00  1.79999984e+02
 9.26118728e+00  4.63856905e+01  9.26118728e+00  1.79999984e+02
 9.33254301e+00  4.63856905e+01  9.33254301e+00  1.79999984e+02
 9.40444852e+00  4.63856905e+01  9.40444852e+00  1.79999984e+02
 9.47690805e+00  4.63856905e+01  9.47690805e+00  1.79999984e+02
 9.54992586e+00  4.63856905e+01  9.54992586e+00  1.79999984e+02
 9.62350626e+00  4.63856905e+01  9.62350626e+00  1.79999983e+02
 9.69765359e+00  4.63856905e+01  9.69765359e+00  1.79999983e+02
 9.77237221e+00  4.63856905e+01  9.77237221e+00  1.79999983e+02
 9.84766652e+00  4.63856905e+01  9.84766652e+00  1.79999983e+02
 9.92354096e+00  4.63856905e+01  9.92354096e+00  1.79999983e+02
 1.00000000e+01  4.63856905e+01  1.00000000e+01  1.79999983e+02
 1.00770481e+01  4.63856905e+01  1.00770481e+01  1.79999983e+02
 1.01546899e+01  4.63856905e+01  1.01546899e+01  1.79999983e+02
 1.02329299e+01  4.63856905e+01  1.02329299e+01  1.79999982e+02
 1.03117727e+01  4.63856905e+01  1.03117727e+01  1.79999982e+02
 1.03912230e+01  4.63856905e+01  1.03912230e+01  1.79999982e+02
 1.04712855e+01  4.63856905e+01  1.04712855e+01  1.79999982e+02
 1.05519648e+01  4.63856905e+01  1.05519648e+01  1.79999982e+02
 1.06332657e+01  4.63856905e+01  1.06332657e+01  1.79999982e+02
 1.07151931e+01  4.63856905e+01  1.07151931e+01  1.79999982e+02
 1.07977516e+01  4.63856905e+01  1.07977516e+01  1.79999981e+02
 1.08809463e+01  4.63856905e+01  1.08809463e+01  1.79999981e+02
 1.09647820e+01  4.63856905e+01  1.09647820e+01  1.79999981e+02
 1.10492636e+01  4.63856905e+01  1.10492636e+01  1.79999981e+02
 1.11343961e+01  4.63856905e+01  1.11343961e+01  1.79999981e+02
 1.12201845e+01  4.63856905e+01  1.12201845e+01  1.79999981e+02
 1.13066340e+01  4.63856905e+01  1.13066340e+01  1.79999981e+02
 1.13937495e+01  4.63856905e+01  1.13937495e+01  1.79999980e+02
 1.14815362e+01  4.63856905e+01  1.14815362e+01  1.79999980e+02
 1.15699993e+01  4.63856905e+01  1.15699993e+01  1.79999980e+02
 1.16591440e+01  4.63856905e+01  1.16591440e+01  1.79999980e+02
 1.17489755e+01  4.63856905e+01  1.17489755e+01  1.79999980e+02
 1.18394992e+01  4.63856905e+01  1.18394992e+01  1.79999980e+02
 1.19307204e+01  4.63856905e+01  1.19307204e+01  1.79999979e+02
 1.20226443e+01  4.63856905e+01  1.20226443e+01  1.79999979e+02
 1.21152766e+01  4.63856905e+01  1.21152766e+01  1.79999979e+02
 1.22086225e+01  4.63856905e+01  1.22086225e+01  1.79999979e+02
 1.23026877e+01  4.63856905e+01  1.23026877e+01  1.79999979e+02
 1.23974776e+01  4.63856905e+01  1.23974776e+01  1.79999979e+02
 1.24929979e+01  4.63856905e+01  1.24929979e+01  1.79999978e+02
 1.25892541e+01  4.63856905e+01  1.25892541e+01  1.79999978e+02
 1.26862520e+01  4.63856905e+01  1.26862520e+01  1.79999978e+02
 1.27839972e+01  4.63856905e+01  1.27839972e+01  1.79999978e+02
 1.28824955e+01  4.63856905e+01  1.28824955e+01  1.79999978e+02
 1.29817528e+01  4.63856905e+01  1.29817528e+01  1.79999978e+02
 1.30817747e+01  4.63856905e+01  1.30817747e+01  1.79999977e+02
 1.31825674e+01  4.63856905e+01  1.31825674e+01  1.79999977e+02
 1.32841366e+01  4.63856905e+01  1.32841366e+01  1.79999977e+02
 1.33864884e+01  4.63856905e+01  1.33864884e+01  1.79999977e+02
 1.34896288e+01  4.63856905e+01  1.34896288e+01  1.79999977e+02
 1.35935639e+01  4.63856905e+01  1.35935639e+01  1.79999977e+02
 1.36982998e+01  4.63856905e+01  1.36982998e+01  1.79999976e+02
 1.38038426e+01  4.63856905e+01  1.38038426e+01  1.79999976e+02
 1.39101987e+01  4.63856905e+01  1.39101987e+01  1.79999976e+02
 1.40173742e+01  4.63856905e+01  1.40173742e+01  1.79999976e+02
 1.41253754e+01  4.63856905e+01  1.41253754e+01  1.79999976e+02
 1.42342088e+01  4.63856905e+01  1.42342088e+01  1.79999975e+02
 1.43438808e+01  4.63856905e+01  1.43438808e+01  1.79999975e+02
 1.44543977e+01  4.63856905e+01  1.44543977e+01  1.79999975e+02
 1.45657662e+01  4.63856905e+01  1.45657662e+01  1.79999975e+02
 1.46779927e+01  4.63856905e+01  1.46779927e+01  1.79999975e+02
 1.47910839e+01  4.63856905e+01  1.47910839e+01  1.79999975e+02
 1.49050464e+01  4.63856905e+01  1.49050464e+01  1.79999974e+02
 1.50198870e+01  4.63856905e+01  1.50198870e+01  1.79999974e+02
 1.51356125e+01  4.63856905e+01  1.51356125e+01  1.79999974e+02
 1.52522296e+01  4.63856905e+01  1.52522296e+01  1.79999974e+02
 1.53697452e+01  4.63856905e+01  1.53697452e+01  1.79999974e+02
 1.54881662e+01  4.63856905e+01  1.54881662e+01  1.79999973e+02
 1.56074996e+01  4.63856905e+01  1.56074996e+01  1.79999973e+02
 1.57277525e+01  4.63856905e+01  1.57277525e+01  1.79999973e+02
 1.58489319e+01  4.63856905e+01  1.58489319e+01  1.79999973e+02
 1.59710450e+01  4.63856905e+01  1.59710450e+01  1.79999973e+02
 1.60940989e+01  4.63856905e+01  1.60940989e+01  1.79999972e+02
 1.62181010e+01  4.63856905e+01  1.62181010e+01  1.79999972e+02
 1.63430584e+01  4.63856905e+01  1.63430584e+01  1.79999972e+02
 1.64689787e+01  4.63856905e+01  1.64689787e+01  1.79999972e+02
 1.65958691e+01  4.63856905e+01  1.65958691e+01  1.79999971e+02
 1.67237372e+01  4.63856905e+01  1.67237372e+01  1.79999971e+02
 1.68525904e+01  4.63856905e+01  1.68525904e+01  1.79999971e+02
 1.69824365e+01  4.63856905e+01  1.69824365e+01  1.79999971e+02
 1.71132830e+01  4.63856905e+01  1.71132830e+01  1.79999971e+02
 1.72451377e+01  4.63856905e+01  1.72451377e+01  1.79999970e+02
 1.73780083e+01  4.63856905e+01  1.73780083e+01  1.79999970e+02
 1.75119026e+01  4.63856905e+01  1.75119026e+01  1.79999970e+02
 1.76468286e+01  4.63856905e+01  1.76468286e+01  1.79999970e+02
 1.77827941e+01  4.63856905e+01  1.77827941e+01  1.79999969e+02
 1.79198072e+01  4.63856905e+01  1.79198072e+01  1.79999969e+02
 1.80578760e+01  4.63856905e+01  1.80578760e+01  1.79999969e+02
 1.81970086e+01  4.63856905e+01  1.81970086e+01  1.79999969e+02
 1.83372132e+01  4.63856905e+01  1.83372132e+01  1.79999968e+02
 1.84784980e+01  4.63856905e+01  1.84784980e+01  1.79999968e+02
 1.86208714e+01  4.63856905e+01  1.86208714e+01  1.79999968e+02
 1.87643417e+01  4.63856905e+01  1.87643417e+01  1.79999968e+02
 1.89089175e+01  4.63856905e+01  1.89089175e+01  1.79999967e+02
 1.90546072e+01  4.63856905e+01  1.90546072e+01  1.79999967e+02
 1.92014194e+01  4.63856905e+01  1.92014194e+01  1.79999967e+02
 1.93493628e+01  4.63856905e+01  1.93493628e+01  1.79999967e+02
 1.94984460e+01  4.63856905e+01  1.94984460e+01  1.79999966e+02
 1.96486779e+01  4.63856905e+01  1.96486779e+01  1.79999966e+02
 1.98000673e+01  4.63856905e+01  1.98000673e+01  1.79999966e+02
 1.99526231e+01  4.63856905e+01  1.99526231e+01  1.79999966e+02
 2.01063544e+01  4.63856905e+01  2.01063544e+01  1.79999965e+02
 2.02612701e+01  4.63856905e+01  2.02612701e+01  1.79999965e+02
 2.04173794e+01  4.63856905e+01  2.04173794e+01  1.79999965e+02
 2.05746916e+01  4.63856905e+01  2.05746916e+01  1.79999965e+02
 2.07332157e+01  4.63856905e+01  2.07332157e+01  1.79999964e+02
 2.08929613e+01  4.63856905e+01  2.08929613e+01  1.79999964e+02
 2.10539377e+01  4.63856905e+01  2.10539377e+01  1.79999964e+02
 2.12161544e+01  4.63856905e+01  2.12161544e+01  1.79999963e+02
 2.13796209e+01  4.63856905e+01  2.13796209e+01  1.79999963e+02
 2.15443469e+01  4.63856905e+01  2.15443469e+01  1.79999963e+02
 2.17103421e+01  4.63856905e+01  2.17103421e+01  1.79999963e+02
 2.18776162e+01  4.63856905e+01  2.18776162e+01  1.79999962e+02
 2.20461792e+01  4.63856905e+01  2.20461792e+01  1.79999962e+02
 2.22160409e+01  4.63856905e+01  2.22160409e+01  1.79999962e+02
 2.23872114e+01  4.63856905e+01  2.23872114e+01  1.79999961e+02
 2.25597007e+01  4.63856905e+01  2.25597007e+01  1.79999961e+02
 2.27335190e+01  4.63856905e+01  2.27335190e+01  1.79999961e+02
 2.29086765e+01  4.63856905e+01  2.29086765e+01  1.79999961e+02
 2.30851836e+01  4.63856905e+01  2.30851836e+01  1.79999960e+02
 2.32630507e+01  4.63856905e+01  2.32630507e+01  1.79999960e+02
 2.34422882e+01  4.63856905e+01  2.34422882e+01  1.79999960e+02
 2.36229066e+01  4.63856905e+01  2.36229066e+01  1.79999959e+02
 2.38049167e+01  4.63856905e+01  2.38049167e+01  1.79999959e+02
 2.39883292e+01  4.63856905e+01  2.39883292e+01  1.79999959e+02
 2.41731548e+01  4.63856905e+01  2.41731548e+01  1.79999958e+02
 2.43594045e+01  4.63856905e+01  2.43594045e+01  1.79999958e+02
 2.45470892e+01  4.63856905e+01  2.45470892e+01  1.79999958e+02
 2.47362199e+01  4.63856905e+01  2.47362199e+01  1.79999957e+02
 2.49268079e+01  4.63856905e+01  2.49268079e+01  1.79999957e+02
 2.51188643e+01  4.63856905e+01  2.51188643e+01  1.79999957e+02
 2.53124005e+01  4.63856905e+01  2.53124005e+01  1.79999956e+02
 2.55074278e+01  4.63856905e+01  2.55074278e+01  1.79999956e+02
 2.57039578e+01  4.63856905e+01  2.57039578e+01  1.79999956e+02
 2.59020020e+01  4.63856905e+01  2.59020020e+01  1.79999955e+02
 2.61015722e+01  4.63856905e+01  2.61015722e+01  1.79999955e+02
 2.63026799e+01  4.63856905e+01  2.63026799e+01  1.79999955e+02
 2.65053372e+01  4.63856905e+01  2.65053372e+01  1.79999954e+02
 2.67095559e+01  4.63856905e+01  2.67095559e+01  1.79999954e+02
 2.69153480e+01  4.63856905e+01  2.69153480e+01  1.79999954e+02
 2.71227258e+01  4.63856905e+01  2.71227258e+01  1.79999953e+02
 2.73317014e+01  4.63856905e+01  2.73317014e+01  1.79999953e+02
 2.75422870e+01  4.63856905e+01  2.75422870e+01  1.79999953e+02
 2.77544952e+01  4.63856905e+01  2.77544952e+01  1.79999952e+02
 2.79683385e+01  4.63856905e+01  2.79683385e+01  1.79999952e+02
 2.81838293e+01  4.63856905e+01  2.81838293e+01  1.79999951e+02
 2.84009805e+01  4.63856905e+01  2.84009805e+01  1.79999951e+02
 2.86198048e+01  4.63856905e+01  2.86198048e+01  1.79999951e+02
 2.88403150e+01  4.63856905e+01  2.88403150e+01  1.79999950e+02
 2.90625243e+01  4.63856905e+01  2.90625243e+01  1.79999950e+02
 2.92864456e+01  4.63856905e+01  2.92864456e+01  1.79999950e+02
 2.95120923e+01  4.63856905e+01  2.95120923e+01  1.79999949e+02
 2.97394775e+01  4.63856905e+01  2.97394775e+01  1.79999949e+02
 2.99686146e+01  4.63856905e+01  2.99686146e+01  1.79999948e+02
 3.01995172e+01  4.63856905e+01  3.01995172e+01  1.79999948e+02
 3.04321989e+01  4.63856905e+01  3.04321989e+01  1.79999948e+02
 3.06666733e+01  4.63856905e+01  3.06666733e+01  1.79999947e+02
 3.09029543e+01  4.63856905e+01  3.09029543e+01  1.79999947e+02
 3.11410558e+01  4.63856905e+01  3.11410558e+01  1.79999946e+02
 3.13809919e+01  4.63856905e+01  3.13809919e+01  1.79999946e+02
 3.16227766e+01  4.63856905e+01  3.16227766e+01  1.79999946e+02
 3.18664242e+01  4.63856905e+01  3.18664242e+01  1.79999945e+02
 3.21119491e+01  4.63856905e+01  3.21119491e+01  1.79999945e+02
 3.23593657e+01  4.63856905e+01  3.23593657e+01  1.79999944e+02
 3.26086886e+01  4.63856905e+01  3.26086886e+01  1.79999944e+02
 3.28599325e+01  4.63856905e+01  3.28599325e+01  1.79999943e+02
 3.31131121e+01  4.63856905e+01  3.31131121e+01  1.79999943e+02
 3.33682425e+01  4.63856905e+01  3.33682425e+01  1.79999943e+02
 3.36253386e+01  4.63856905e+01  3.36253386e+01  1.79999942e+02
 3.38844156e+01  4.63856905e+01  3.38844156e+01  1.79999942e+02
 3.41454887e+01  4.63856905e+01  3.41454887e+01  1.79999941e+02
 3.44085734e+01  4.63856905e+01  3.44085734e+01  1.79999941e+02
 3.46736850e+01  4.63856905e+01  3.46736850e+01  1.79999940e+02
 3.49408393e+01  4.63856905e+01  3.49408393e+01  1.79999940e+02
 3.52100520e+01  4.63856905e+01  3.52100520e+01  1.79999939e+02
 3.54813389e+01  4.63856905e+01  3.54813389e+01  1.79999939e+02
 3.57547160e+01  4.63856905e+01  3.57547160e+01  1.79999938e+02
 3.60301995e+01  4.63856905e+01  3.60301995e+01  1.79999938e+02
 3.63078055e+01  4.63856905e+01  3.63078055e+01  1.79999937e+02
 3.65875504e+01  4.63856905e+01  3.65875504e+01  1.79999937e+02
 3.68694506e+01  4.63856905e+01  3.68694506e+01  1.79999937e+02
 3.71535229e+01  4.63856905e+01  3.71535229e+01  1.79999936e+02
 3.74397839e+01  4.63856905e+01  3.74397839e+01  1.79999936e+02
 3.77282505e+01  4.63856905e+01  3.77282505e+01  1.79999935e+02
 3.80189396e+01  4.63856905e+01  3.80189396e+01  1.79999935e+02
 3.83118685e+01  4.63856905e+01  3.83118685e+01  1.79999934e+02
 3.86070543e+01  4.63856905e+01  3.86070543e+01  1.79999934e+02
 3.89045145e+01  4.63856905e+01  3.89045145e+01  1.79999933e+02
 3.92042666e+01  4.63856905e+01  3.92042666e+01  1.79999933e+02
 3.95063281e+01  4.63856905e+01  3.95063281e+01  1.79999932e+02
 3.98107171e+01  4.63856905e+01  3.98107171e+01  1.79999931e+02
 4.01174512e+01  4.63856905e+01  4.01174512e+01  1.79999931e+02
 4.04265487e+01  4.63856905e+01  4.04265487e+01  1.79999930e+02
 4.07380278e+01  4.63856905e+01  4.07380278e+01  1.79999930e+02
 4.10519067e+01  4.63856905e+01  4.10519067e+01  1.79999929e+02
 4.13682040e+01  4.63856905e+01  4.13682040e+01  1.79999929e+02
 4.16869383e+01  4.63856905e+01  4.16869383e+01  1.79999928e+02
 4.20081285e+01  4.63856905e+01  4.20081285e+01  1.79999928e+02
 4.23317933e+01  4.63856905e+01  4.23317933e+01  1.79999927e+02
 4.26579519e+01  4.63856905e+01  4.26579519e+01  1.79999927e+02
 4.29866235e+01  4.63856905e+01  4.29866235e+01  1.79999926e+02
 4.33178274e+01  4.63856905e+01  4.33178274e+01  1.79999925e+02
 4.36515832e+01  4.63856905e+01  4.36515832e+01  1.79999925e+02
 4.39879106e+01  4.63856905e+01  4.39879106e+01  1.79999924e+02
 4.43268292e+01  4.63856905e+01  4.43268292e+01  1.79999924e+02
 4.46683592e+01  4.63856905e+01  4.46683592e+01  1.79999923e+02
 4.50125206e+01  4.63856905e+01  4.50125206e+01  1.79999923e+02
 4.53593337e+01  4.63856905e+01  4.53593337e+01  1.79999922e+02
 4.57088190e+01  4.63856905e+01  4.57088190e+01  1.79999921e+02
 4.60609969e+01  4.63856905e+01  4.60609969e+01  1.79999921e+02
 4.64158883e+01  4.63856905e+01  4.64158883e+01  1.79999920e+02
 4.67735141e+01  4.63856905e+01  4.67735141e+01  1.79999919e+02
 4.71338954e+01  4.63856905e+01  4.71338954e+01  1.79999919e+02
 4.74970533e+01  4.63856905e+01  4.74970533e+01  1.79999918e+02
 4.78630092e+01  4.63856905e+01  4.78630092e+01  1.79999918e+02
 4.82317848e+01  4.63856905e+01  4.82317848e+01  1.79999917e+02
 4.86034018e+01  4.63856905e+01  4.86034018e+01  1.79999916e+02
 4.89778819e+01  4.63856905e+01  4.89778819e+01  1.79999916e+02
 4.93552474e+01  4.63856905e+01  4.93552474e+01  1.79999915e+02
 4.97355204e+01  4.63856905e+01  4.97355204e+01  1.79999914e+02
 5.01187234e+01  4.63856905e+01  5.01187234e+01  1.79999914e+02
 5.05048788e+01  4.63856905e+01  5.05048788e+01  1.79999913e+02
 5.08940095e+01  4.63856905e+01  5.08940095e+01  1.79999912e+02
 5.12861384e+01  4.63856905e+01  5.12861384e+01  1.79999912e+02
 5.16812886e+01  4.63856905e+01  5.16812886e+01  1.79999911e+02
 5.20794833e+01  4.63856905e+01  5.20794833e+01  1.79999910e+02
 5.24807460e+01  4.63856905e+01  5.24807460e+01  1.79999910e+02
 5.28851004e+01  4.63856905e+01  5.28851004e+01  1.79999909e+02
 5.32925703e+01  4.63856905e+01  5.32925703e+01  1.79999908e+02
 5.37031796e+01  4.63856905e+01  5.37031796e+01  1.79999908e+02
 5.41169527e+01  4.63856905e+01  5.41169527e+01  1.79999907e+02
 5.45339137e+01  4.63856905e+01  5.45339137e+01  1.79999906e+02
 5.49540874e+01  4.63856905e+01  5.49540874e+01  1.79999905e+02
 5.53774984e+01  4.63856905e+01  5.53774984e+01  1.79999905e+02
 5.58041717e+01  4.63856905e+01  5.58041717e+01  1.79999904e+02
 5.62341325e+01  4.63856905e+01  5.62341325e+01  1.79999903e+02
 5.66674061e+01  4.63856905e+01  5.66674061e+01  1.79999902e+02
 5.71040179e+01  4.63856905e+01  5.71040179e+01  1.79999902e+02
 5.75439937e+01  4.63856905e+01  5.75439937e+01  1.79999901e+02
 5.79873595e+01  4.63856905e+01  5.79873595e+01  1.79999900e+02
 5.84341413e+01  4.63856905e+01  5.84341413e+01  1.79999899e+02
 5.88843655e+01  4.63856905e+01  5.88843655e+01  1.79999899e+02
 5.93380586e+01  4.63856905e+01  5.93380586e+01  1.79999898e+02
 5.97952473e+01  4.63856905e+01  5.97952473e+01  1.79999897e+02
 6.02559586e+01  4.63856905e+01  6.02559586e+01  1.79999896e+02
 6.07202196e+01  4.63856905e+01  6.07202196e+01  1.79999895e+02
 6.11880576e+01  4.63856905e+01  6.11880576e+01  1.79999895e+02
 6.16595002e+01  4.63856905e+01  6.16595002e+01  1.79999894e+02
 6.21345752e+01  4.63856905e+01  6.21345752e+01  1.79999893e+02
 6.26133105e+01  4.63856905e+01  6.26133105e+01  1.79999892e+02
 6.30957344e+01  4.63856905e+01  6.30957344e+01  1.79999891e+02
 6.35818754e+01  4.63856905e+01  6.35818754e+01  1.79999891e+02
 6.40717619e+01  4.63856905e+01  6.40717619e+01  1.79999890e+02
 6.45654229e+01  4.63856905e+01  6.45654229e+01  1.79999889e+02
 6.50628875e+01  4.63856905e+01  6.50628875e+01  1.79999888e+02
 6.55641849e+01  4.63856905e+01  6.55641849e+01  1.79999887e+02
 6.60693448e+01  4.63856905e+01  6.60693448e+01  1.79999886e+02
 6.65783968e+01  4.63856905e+01  6.65783968e+01  1.79999885e+02
 6.70913710e+01  4.63856905e+01  6.70913710e+01  1.79999885e+02
 6.76082975e+01  4.63856905e+01  6.76082975e+01  1.79999884e+02
 6.81292069e+01  4.63856905e+01  6.81292069e+01  1.79999883e+02
 6.86541298e+01  4.63856905e+01  6.86541298e+01  1.79999882e+02
 6.91830971e+01  4.63856905e+01  6.91830971e+01  1.79999881e+02
 6.97161400e+01  4.63856905e+01  6.97161400e+01  1.79999880e+02
 7.02532899e+01  4.63856905e+01  7.02532899e+01  1.79999879e+02
 7.07945784e+01  4.63856905e+01  7.07945784e+01  1.79999878e+02
 7.13400375e+01  4.63856905e+01  7.13400375e+01  1.79999877e+02
 7.18896992e+01  4.63856905e+01  7.18896992e+01  1.79999876e+02
 7.24435960e+01  4.63856905e+01  7.24435960e+01  1.79999875e+02
 7.30017605e+01  4.63856905e+01  7.30017605e+01  1.79999874e+02
 7.35642254e+01  4.63856905e+01  7.35642254e+01  1.79999873e+02
 7.41310241e+01  4.63856905e+01  7.41310241e+01  1.79999872e+02
 7.47021899e+01  4.63856905e+01  7.47021899e+01  1.79999871e+02
 7.52777564e+01  4.63856905e+01  7.52777564e+01  1.79999870e+02
 7.58577575e+01  4.63856905e+01  7.58577575e+01  1.79999869e+02
 7.64422274e+01  4.63856905e+01  7.64422274e+01  1.79999868e+02
 7.70312006e+01  4.63856905e+01  7.70312006e+01  1.79999867e+02
 7.76247117e+01  4.63856905e+01  7.76247117e+01  1.79999866e+02
 7.82227956e+01  4.63856905e+01  7.82227956e+01  1.79999865e+02
 7.88254877e+01  4.63856906e+01  7.88254877e+01  1.79999864e+02
 7.94328235e+01  4.63856906e+01  7.94328235e+01  1.79999863e+02
 8.00448386e+01  4.63856906e+01  8.00448386e+01  1.79999862e+02
 8.06615692e+01  4.63856906e+01  8.06615692e+01  1.79999861e+02
 8.12830516e+01  4.63856906e+01  8.12830516e+01  1.79999860e+02
 8.19093224e+01  4.63856906e+01  8.19093224e+01  1.79999859e+02
 8.25404185e+01  4.63856906e+01  8.25404185e+01  1.79999858e+02
 8.31763771e+01  4.63856906e+01  8.31763771e+01  1.79999857e+02
 8.38172356e+01  4.63856906e+01  8.38172356e+01  1.79999856e+02
 8.44630319e+01  4.63856906e+01  8.44630319e+01  1.79999855e+02
 8.51138038e+01  4.63856906e+01  8.51138038e+01  1.79999853e+02
 8.57695899e+01  4.63856906e+01  8.57695899e+01  1.79999852e+02
 8.64304286e+01  4.63856906e+01  8.64304286e+01  1.79999851e+02
 8.70963590e+01  4.63856906e+01  8.70963590e+01  1.79999850e+02
 8.77674203e+01  4.63856906e+01  8.77674203e+01  1.79999849e+02
 8.84436519e+01  4.63856906e+01  8.84436519e+01  1.79999848e+02
 8.91250938e+01  4.63856906e+01  8.91250938e+01  1.79999847e+02
 8.98117861e+01  4.63856906e+01  8.98117861e+01  1.79999845e+02
 9.05037692e+01  4.63856906e+01  9.05037692e+01  1.79999844e+02
 9.12010839e+01  4.63856906e+01  9.12010839e+01  1.79999843e+02
 9.19037713e+01  4.63856906e+01  9.19037713e+01  1.79999842e+02
 9.26118728e+01  4.63856906e+01  9.26118728e+01  1.79999841e+02
 9.33254301e+01  4.63856906e+01  9.33254301e+01  1.79999839e+02
 9.40444852e+01  4.63856906e+01  9.40444852e+01  1.79999838e+02
 9.47690805e+01  4.63856906e+01  9.47690805e+01  1.79999837e+02
 9.54992586e+01  4.63856906e+01  9.54992586e+01  1.79999836e+02
 9.62350626e+01  4.63856906e+01  9.62350626e+01  1.79999834e+02
 9.69765359e+01  4.63856906e+01  9.69765359e+01  1.79999833e+02
 9.77237221e+01  4.63856906e+01  9.77237221e+01  1.79999832e+02
 9.84766652e+01  4.63856906e+01  9.84766652e+01  1.79999830e+02
 9.92354096e+01  4.63856906e+01  9.92354096e+01  1.79999829e+02
 1.00000000e+02  4.63856906e+01  1.00000000e+02  1.79999828e+02
 1.00770481e+02  4.63856906e+01  1.00770481e+02  1.79999827e+02
 1.01546899e+02  4.63856906e+01  1.01546899e+02  1.79999825e+02
 1.02329299e+02  4.63856906e+01  1.02329299e+02  1.79999824e+02
 1.03117727e+02  4.63856906e+01  1.03117727e+02  1.79999822e+02
 1.03912230e+02  4.63856906e+01  1.03912230e+02  1.79999821e+02
 1.04712855e+02  4.63856906e+01  1.04712855e+02  1.79999820e+02
 1.05519648e+02  4.63856906e+01  1.05519648e+02  1.79999818e+02
 1.06332657e+02  4.63856906e+01  1.06332657e+02  1.79999817e+02
 1.07151931e+02  4.63856906e+01  1.07151931e+02  1.79999816e+02
 1.07977516e+02  4.63856906e+01  1.07977516e+02  1.79999814e+02
 1.08809463e+02  4.63856906e+01  1.08809463e+02  1.79999813e+02
 1.09647820e+02  4.63856906e+01  1.09647820e+02  1.79999811e+02
 1.10492636e+02  4.63856906e+01  1.10492636e+02  1.79999810e+02
 1.11343961e+02  4.63856906e+01  1.11343961e+02  1.79999808e+02
 1.12201845e+02  4.63856906e+01  1.12201845e+02  1.79999807e+02
 1.13066340e+02  4.63856906e+01  1.13066340e+02  1.79999805e+02
 1.13937495e+02  4.63856906e+01  1.13937495e+02  1.79999804e+02
 1.14815362e+02  4.63856906e+01  1.14815362e+02  1.79999802e+02
 1.15699993e+02  4.63856906e+01  1.15699993e+02  1.79999801e+02
 1.16591440e+02  4.63856906e+01  1.16591440e+02  1.79999799e+02
 1.17489755e+02  4.63856906e+01  1.17489755e+02  1.79999798e+02
 1.18394992e+02  4.63856906e+01  1.18394992e+02  1.79999796e+02
 1.19307204e+02  4.63856906e+01  1.19307204e+02  1.79999795e+02
 1.20226443e+02  4.63856906e+01  1.20226443e+02  1.79999793e+02
 1.21152766e+02  4.63856906e+01  1.21152766e+02  1.79999791e+02
 1.22086225e+02  4.63856906e+01  1.22086225e+02  1.79999790e+02
 1.23026877e+02  4.63856906e+01  1.23026877e+02  1.79999788e+02
 1.23974776e+02  4.63856906e+01  1.23974776e+02  1.79999787e+02
 1.24929979e+02  4.63856906e+01  1.24929979e+02  1.79999785e+02
 1.25892541e+02  4.63856906e+01  1.25892541e+02  1.79999783e+02
 1.26862520e+02  4.63856906e+01  1.26862520e+02  1.79999782e+02
 1.27839972e+02  4.63856906e+01  1.27839972e+02  1.79999780e+02
 1.28824955e+02  4.63856906e+01  1.28824955e+02  1.79999778e+02
 1.29817528e+02  4.63856906e+01  1.29817528e+02  1.79999777e+02
 1.30817747e+02  4.63856906e+01  1.30817747e+02  1.79999775e+02
 1.31825674e+02  4.63856906e+01  1.31825674e+02  1.79999773e+02
 1.32841366e+02  4.63856906e+01  1.32841366e+02  1.79999771e+02
 1.33864884e+02  4.63856906e+01  1.33864884e+02  1.79999770e+02
 1.34896288e+02  4.63856906e+01  1.34896288e+02  1.79999768e+02
 1.35935639e+02  4.63856906e+01  1.35935639e+02  1.79999766e+02
 1.36982998e+02  4.63856906e+01  1.36982998e+02  1.79999764e+02
 1.38038426e+02  4.63856906e+01  1.38038426e+02  1.79999762e+02
 1.39101987e+02  4.63856906e+01  1.39101987e+02  1.79999761e+02
 1.40173742e+02  4.63856906e+01  1.40173742e+02  1.79999759e+02
 1.41253754e+02  4.63856906e+01  1.41253754e+02  1.79999757e+02
 1.42342088e+02  4.63856906e+01  1.42342088e+02  1.79999755e+02
 1.43438808e+02  4.63856906e+01  1.43438808e+02  1.79999753e+02
 1.44543977e+02  4.63856906e+01  1.44543977e+02  1.79999751e+02
 1.45657662e+02  4.63856906e+01  1.45657662e+02  1.79999749e+02
 1.46779927e+02  4.63856906e+01  1.46779927e+02  1.79999747e+02
 1.47910839e+02  4.63856906e+01  1.47910839e+02  1.79999745e+02
 1.49050464e+02  4.63856906e+01  1.49050464e+02  1.79999743e+02
 1.50198870e+02  4.63856906e+01  1.50198870e+02  1.79999741e+02
 1.51356125e+02  4.63856906e+01  1.51356125e+02  1.79999739e+02
 1.52522296e+02  4.63856906e+01  1.52522296e+02  1.79999737e+02
 1.53697452e+02  4.63856906e+01  1.53697452e+02  1.79999735e+02
 1.54881662e+02  4.63856906e+01  1.54881662e+02  1.79999733e+02
 1.56074996e+02  4.63856906e+01  1.56074996e+02  1.79999731e+02
 1.57277525e+02  4.63856906e+01  1.57277525e+02  1.79999729e+02
 1.58489319e+02  4.63856906e+01  1.58489319e+02  1.79999727e+02
 1.59710450e+02  4.63856906e+01  1.59710450e+02  1.79999725e+02
 1.60940989e+02  4.63856906e+01  1.60940989e+02  1.79999723e+02
 1.62181010e+02  4.63856906e+01  1.62181010e+02  1.79999721e+02
 1.63430584e+02  4.63856906e+01  1.63430584e+02  1.79999719e+02
 1.64689787e+02  4.63856906e+01  1.64689787e+02  1.79999716e+02
 1.65958691e+02  4.63856906e+01  1.65958691e+02  1.79999714e+02
 1.67237372e+02  4.63856906e+01  1.67237372e+02  1.79999712e+02
 1.68525904e+02  4.63856906e+01  1.68525904e+02  1.79999710e+02
 1.69824365e+02  4.63856906e+01  1.69824365e+02  1.79999708e+02
 1.71132830e+02  4.63856906e+01  1.71132830e+02  1.79999705e+02
 1.72451377e+02  4.63856906e+01  1.72451377e+02  1.79999703e+02
 1.73780083e+02  4.63856906e+01  1.73780083e+02  1.79999701e+02
 1.75119026e+02  4.63856906e+01  1.75119026e+02  1.79999699e+02
 1.76468286e+02  4.63856906e+01  1.76468286e+02  1.79999696e+02
 1.77827941e+02  4.63856906e+01  1.77827941e+02  1.79999694e+02
 1.79198072e+02  4.63856906e+01  1.79198072e+02  1.79999692e+02
 1.80578760e+02  4.63856906e+01  1.80578760e+02  1.79999689e+02
 1.81970086e+02  4.63856906e+01  1.81970086e+02  1.79999687e+02
 1.83372132e+02  4.63856906e+01  1.83372132e+02  1.79999684e+02
 1.84784980e+02  4.63856906e+01  1.84784980e+02  1.79999682e+02
 1.86208714e+02  4.63856906e+01  1.86208714e+02  1.79999679e+02
 1.87643417e+02  4.63856906e+01  1.87643417e+02  1.79999677e+02
 1.89089175e+02  4.63856906e+01  1.89089175e+02  1.79999674e+02
 1.90546072e+02  4.63856906e+01  1.90546072e+02  1.79999672e+02
 1.92014194e+02  4.63856906e+01  1.92014194e+02  1.79999669e+02
 1.93493628e+02  4.63856906e+01  1.93493628e+02  1.79999667e+02
 1.94984460e+02  4.63856906e+01  1.94984460e+02  1.79999664e+02
 1.96486779e+02  4.63856906e+01  1.96486779e+02  1.79999662e+02
 1.98000673e+02  4.63856906e+01  1.98000673e+02  1.79999659e+02
 1.99526231e+02  4.63856906e+01  1.99526231e+02  1.79999657e+02
 2.01063544e+02  4.63856906e+01  2.01063544e+02  1.79999654e+02
 2.02612701e+02  4.63856906e+01  2.02612701e+02  1.79999651e+02
 2.04173794e+02  4.63856906e+01  2.04173794e+02  1.79999649e+02
 2.05746916e+02  4.63856906e+01  2.05746916e+02  1.79999646e+02
 2.07332157e+02  4.63856906e+01  2.07332157e+02  1.79999643e+02
 2.08929613e+02  4.63856906e+01  2.08929613e+02  1.79999640e+02
 2.10539377e+02  4.63856906e+01  2.10539377e+02  1.79999638e+02
 2.12161544e+02  4.63856906e+01  2.12161544e+02  1.79999635e+02
 2.13796209e+02  4.63856906e+01  2.13796209e+02  1.79999632e+02
 2.15443469e+02  4.63856906e+01  2.15443469e+02  1.79999629e+02
 2.17103421e+02  4.63856906e+01  2.17103421e+02  1.79999626e+02
 2.18776162e+02  4.63856906e+01  2.18776162e+02  1.79999623e+02
 2.20461792e+02  4.63856906e+01  2.20461792e+02  1.79999620e+02
 2.22160409e+02  4.63856906e+01  2.22160409e+02  1.79999618e+02
 2.23872114e+02  4.63856906e+01  2.23872114e+02  1.79999615e+02
 2.25597007e+02  4.63856906e+01  2.25597007e+02  1.79999612e+02
 2.27335190e+02  4.63856906e+01  2.27335190e+02  1.79999609e+02
 2.29086765e+02  4.63856906e+01  2.29086765e+02  1.79999606e+02
 2.30851836e+02  4.63856906e+01  2.30851836e+02  1.79999603e+02
 2.32630507e+02  4.63856906e+01  2.32630507e+02  1.79999600e+02
 2.34422882e+02  4.63856906e+01  2.34422882e+02  1.79999596e+02
 2.36229066e+02  4.63856906e+01  2.36229066e+02  1.79999593e+02
 2.38049167e+02  4.63856906e+01  2.38049167e+02  1.79999590e+02
 2.39883292e+02  4.63856906e+01  2.39883292e+02  1.79999587e+02
 2.41731548e+02  4.63856906e+01  2.41731548e+02  1.79999584e+02
 2.43594045e+02  4.63856906e+01  2.43594045e+02  1.79999581e+02
 2.45470892e+02  4.63856906e+01  2.45470892e+02  1.79999577e+02
 2.47362199e+02  4.63856906e+01  2.47362199e+02  1.79999574e+02
 2.49268079e+02  4.63856906e+01  2.49268079e+02  1.79999571e+02
 2.51188643e+02  4.63856906e+01  2.51188643e+02  1.79999568e+02
 2.53124005e+02  4.63856906e+01  2.53124005e+02  1.79999564e+02
 2.55074278e+02  4.63856906e+01  2.55074278e+02  1.79999561e+02
 2.57039578e+02  4.63856906e+01  2.57039578e+02  1.79999558e+02
 2.59020020e+02  4.63856906e+01  2.59020020e+02  1.79999554e+02
 2.61015722e+02  4.63856906e+01  2.61015722e+02  1.79999551e+02
 2.63026799e+02  4.63856906e+01  2.63026799e+02  1.79999547e+02
 2.65053372e+02  4.63856906e+01  2.65053372e+02  1.79999544e+02
 2.67095559e+02  4.63856906e+01  2.67095559e+02  1.79999540e+02
 2.69153480e+02  4.63856906e+01  2.69153480e+02  1.79999537e+02
 2.71227258e+02  4.63856906e+01  2.71227258e+02  1.79999533e+02
 2.73317014e+02  4.63856906e+01  2.73317014e+02  1.79999529e+02
 2.75422870e+02  4.63856906e+01  2.75422870e+02  1.79999526e+02
 2.77544952e+02  4.63856906e+01  2.77544952e+02  1.79999522e+02
 2.79683385e+02  4.63856906e+01  2.79683385e+02  1.79999519e+02
 2.81838293e+02  4.63856906e+01  2.81838293e+02  1.79999515e+02
 2.84009805e+02  4.63856906e+01  2.84009805e+02  1.79999511e+02
 2.86198048e+02  4.63856906e+01  2.86198048e+02  1.79999507e+02
 2.88403150e+02  4.63856906e+01  2.88403150e+02  1.79999504e+02
 2.90625243e+02  4.63856906e+01  2.90625243e+02  1.79999500e+02
 2.92864456e+02  4.63856906e+01  2.92864456e+02  1.79999496e+02
 2.95120923e+02  4.63856906e+01  2.95120923e+02  1.79999492e+02
 2.97394775e+02  4.63856906e+01  2.97394775e+02  1.79999488e+02
 2.99686146e+02  4.63856906e+01  2.99686146e+02  1.79999484e+02
 3.01995172e+02  4.63856906e+01  3.01995172e+02  1.79999480e+02
 3.04321989e+02  4.63856906e+01  3.04321989e+02  1.79999476e+02
 3.06666733e+02  4.63856906e+01  3.06666733e+02  1.79999472e+02
 3.09029543e+02  4.63856906e+01  3.09029543e+02  1.79999468e+02
 3.11410558e+02  4.63856906e+01  3.11410558e+02  1.79999464e+02
 3.13809919e+02  4.63856906e+01  3.13809919e+02  1.79999460e+02
 3.16227766e+02  4.63856906e+01  3.16227766e+02  1.79999456e+02
 3.18664242e+02  4.63856906e+01  3.18664242e+02  1.79999451e+02
 3.21119491e+02  4.63856906e+01  3.21119491e+02  1.79999447e+02
 3.23593657e+02  4.63856906e+01  3.23593657e+02  1.79999443e+02
 3.26086886e+02  4.63856906e+01  3.26086886e+02  1.79999439e+02
 3.28599325e+02  4.63856906e+01  3.28599325e+02  1.79999434e+02
 3.31131121e+02  4.63856906e+01  3.31131121e+02  1.79999430e+02
 3.33682425e+02  4.63856906e+01  3.33682425e+02  1.79999426e+02
 3.36253386e+02  4.63856906e+01  3.36253386e+02  1.79999421e+02
 3.38844156e+02  4.63856906e+01  3.38844156e+02  1.79999417e+02
 3.41454887e+02  4.63856906e+01  3.41454887e+02  1.79999412e+02
 3.44085734e+02  4.63856906e+01  3.44085734e+02  1.79999408e+02
 3.46736850e+02  4.63856906e+01  3.46736850e+02  1.79999403e+02
 3.49408393e+02  4.63856906e+01  3.49408393e+02  1.79999398e+02
 3.52100520e+02  4.63856906e+01  3.52100520e+02  1.79999394e+02
 3.54813389e+02  4.63856906e+01  3.54813389e+02  1.79999389e+02
 3.57547160e+02  4.63856906e+01  3.57547160e+02  1.79999384e+02
 3.60301995e+02  4.63856906e+01  3.60301995e+02  1.79999380e+02
 3.63078055e+02  4.63856906e+01  3.63078055e+02  1.79999375e+02
 3.65875504e+02  4.63856906e+01  3.65875504e+02  1.79999370e+02
 3.68694506e+02  4.63856907e+01  3.68694506e+02  1.79999365e+02
 3.71535229e+02  4.63856907e+01  3.71535229e+02  1.79999360e+02
 3.74397839e+02  4.63856907e+01  3.74397839e+02  1.79999355e+02
 3.77282505e+02  4.63856907e+01  3.77282505e+02  1.79999351e+02
 3.80189396e+02  4.63856907e+01  3.80189396e+02  1.79999345e+02
 3.83118685e+02  4.63856907e+01  3.83118685e+02  1.79999340e+02
 3.86070543e+02  4.63856907e+01  3.86070543e+02  1.79999335e+02
 3.89045145e+02  4.63856907e+01  3.89045145e+02  1.79999330e+02
 3.92042666e+02  4.63856907e+01  3.92042666e+02  1.79999325e+02
 3.95063281e+02  4.63856907e+01  3.95063281e+02  1.79999320e+02
 3.98107171e+02  4.63856907e+01  3.98107171e+02  1.79999315e+02
 4.01174512e+02  4.63856907e+01  4.01174512e+02  1.79999309e+02
 4.04265487e+02  4.63856907e+01  4.04265487e+02  1.79999304e+02
 4.07380278e+02  4.63856907e+01  4.07380278e+02  1.79999299e+02
 4.10519067e+02  4.63856907e+01  4.10519067e+02  1.79999293e+02
 4.13682040e+02  4.63856907e+01  4.13682040e+02  1.79999288e+02
 4.16869383e+02  4.63856907e+01  4.16869383e+02  1.79999282e+02
 4.20081285e+02  4.63856907e+01  4.20081285e+02  1.79999277e+02
 4.23317933e+02  4.63856907e+01  4.23317933e+02  1.79999271e+02
 4.26579519e+02  4.63856907e+01  4.26579519e+02  1.79999266e+02
 4.29866235e+02  4.63856907e+01  4.29866235e+02  1.79999260e+02
 4.33178274e+02  4.63856907e+01  4.33178274e+02  1.79999254e+02
 4.36515832e+02  4.63856907e+01  4.36515832e+02  1.79999249e+02
 4.39879106e+02  4.63856907e+01  4.39879106e+02  1.79999243e+02
 4.43268292e+02  4.63856907e+01  4.43268292e+02  1.79999237e+02
 4.46683592e+02  4.63856907e+01  4.46683592e+02  1.79999231e+02
 4.50125206e+02  4.63856907e+01  4.50125206e+02  1.79999225e+02
 4.53593337e+02  4.63856907e+01  4.53593337e+02  1.79999219e+02
 4.57088190e+02  4.63856907e+01  4.57088190e+02  1.79999213e+02
 4.60609969e+02  4.63856907e+01  4.60609969e+02  1.79999207e+02
 4.64158883e+02  4.63856907e+01  4.64158883e+02  1.79999201e+02
 4.67735141e+02  4.63856907e+01  4.67735141e+02  1.79999195e+02
 4.71338954e+02  4.63856907e+01  4.71338954e+02  1.79999189e+02
 4.74970533e+02  4.63856907e+01  4.74970533e+02  1.79999182e+02
 4.78630092e+02  4.63856907e+01  4.78630092e+02  1.79999176e+02
 4.82317848e+02  4.63856907e+01  4.82317848e+02  1.79999170e+02
 4.86034018e+02  4.63856907e+01  4.86034018e+02  1.79999163e+02
 4.89778819e+02  4.63856907e+01  4.89778819e+02  1.79999157e+02
 4.93552474e+02  4.63856907e+01  4.93552474e+02  1.79999150e+02
 4.97355204e+02  4.63856907e+01  4.97355204e+02  1.79999144e+02
 5.01187234e+02  4.63856907e+01  5.01187234e+02  1.79999137e+02
 5.05048788e+02  4.63856907e+01  5.05048788e+02  1.79999131e+02
 5.08940095e+02  4.63856907e+01  5.08940095e+02  1.79999124e+02
 5.12861384e+02  4.63856907e+01  5.12861384e+02  1.79999117e+02
 5.16812886e+02  4.63856908e+01  5.16812886e+02  1.79999110e+02
 5.20794833e+02  4.63856908e+01  5.20794833e+02  1.79999103e+02
 5.24807460e+02  4.63856908e+01  5.24807460e+02  1.79999097e+02
 5.28851004e+02  4.63856908e+01  5.28851004e+02  1.79999090e+02
 5.32925703e+02  4.63856908e+01  5.32925703e+02  1.79999083e+02
 5.37031796e+02  4.63856908e+01  5.37031796e+02  1.79999075e+02
 5.41169527e+02  4.63856908e+01  5.41169527e+02  1.79999068e+02
 5.45339137e+02  4.63856908e+01  5.45339137e+02  1.79999061e+02
 5.49540874e+02  4.63856908e+01  5.49540874e+02  1.79999054e+02
 5.53774984e+02  4.63856908e+01  5.53774984e+02  1.79999047e+02
 5.58041717e+02  4.63856908e+01  5.58041717e+02  1.79999039e+02
 5.62341325e+02  4.63856908e+01  5.62341325e+02  1.79999032e+02
 5.66674061e+02  4.63856908e+01  5.66674061e+02  1.79999024e+02
 5.71040179e+02  4.63856908e+01  5.71040179e+02  1.79999017e+02
 5.75439937e+02  4.63856908e+01  5.75439937e+02  1.79999009e+02
 5.79873595e+02  4.63856908e+01  5.79873595e+02  1.79999002e+02
 5.84341413e+02  4.63856908e+01  5.84341413e+02  1.79998994e+02
 5.88843655e+02  4.63856908e+01  5.88843655e+02  1.79998986e+02
 5.93380586e+02  4.63856908e+01  5.93380586e+02  1.79998978e+02
 5.97952473e+02  4.63856908e+01  5.97952473e+02  1.79998971e+02
 6.02559586e+02  4.63856908e+01  6.02559586e+02  1.79998963e+02
 6.07202196e+02  4.63856908e+01  6.07202196e+02  1.79998955e+02
 6.11880576e+02  4.63856908e+01  6.11880576e+02  1.79998947e+02
 6.16595002e+02  4.63856908e+01  6.16595002e+02  1.79998939e+02
 6.21345752e+02  4.63856908e+01  6.21345752e+02  1.79998930e+02
 6.26133105e+02  4.63856908e+01  6.26133105e+02  1.79998922e+02
 6.30957344e+02  4.63856909e+01  6.30957344e+02  1.79998914e+02
 6.35818754e+02  4.63856909e+01  6.35818754e+02  1.79998905e+02
 6.40717619e+02  4.63856909e+01  6.40717619e+02  1.79998897e+02
 6.45654229e+02  4.63856909e+01  6.45654229e+02  1.79998889e+02
 6.50628875e+02  4.63856909e+01  6.50628875e+02  1.79998880e+02
 6.55641849e+02  4.63856909e+01  6.55641849e+02  1.79998871e+02
 6.60693448e+02  4.63856909e+01  6.60693448e+02  1.79998863e+02
 6.65783968e+02  4.63856909e+01  6.65783968e+02  1.79998854e+02
 6.70913710e+02  4.63856909e+01  6.70913710e+02  1.79998845e+02
 6.76082975e+02  4.63856909e+01  6.76082975e+02  1.79998836e+02
 6.81292069e+02  4.63856909e+01  6.81292069e+02  1.79998827e+02
 6.86541298e+02  4.63856909e+01  6.86541298e+02  1.79998818e+02
 6.91830971e+02  4.63856909e+01  6.91830971e+02  1.79998809e+02
 6.97161400e+02  4.63856909e+01  6.97161400e+02  1.79998800e+02
 7.02532899e+02  4.63856909e+01  7.02532899e+02  1.79998791e+02
 7.07945784e+02  4.63856909e+01  7.07945784e+02  1.79998781e+02
 7.13400375e+02  4.63856909e+01  7.13400375e+02  1.79998772e+02
 7.18896992e+02  4.63856909e+01  7.18896992e+02  1.79998762e+02
 7.24435960e+02  4.63856910e+01  7.24435960e+02  1.79998753e+02
 7.30017605e+02  4.63856910e+01  7.30017605e+02  1.79998743e+02
 7.35642254e+02  4.63856910e+01  7.35642254e+02  1.79998734e+02
 7.41310241e+02  4.63856910e+01  7.41310241e+02  1.79998724e+02
 7.47021899e+02  4.63856910e+01  7.47021899e+02  1.79998714e+02
 7.52777564e+02  4.63856910e+01  7.52777564e+02  1.79998704e+02
 7.58577575e+02  4.63856910e+01  7.58577575e+02  1.79998694e+02
 7.64422274e+02  4.63856910e+01  7.64422274e+02  1.79998684e+02
 7.70312006e+02  4.63856910e+01  7.70312006e+02  1.79998674e+02
 7.76247117e+02  4.63856910e+01  7.76247117e+02  1.79998664e+02
 7.82227956e+02  4.63856910e+01  7.82227956e+02  1.79998653e+02
 7.88254877e+02  4.63856910e+01  7.88254877e+02  1.79998643e+02
 7.94328235e+02  4.63856910e+01  7.94328235e+02  1.79998633e+02
 8.00448386e+02  4.63856910e+01  8.00448386e+02  1.79998622e+02
 8.06615692e+02  4.63856910e+01  8.06615692e+02  1.79998611e+02
 8.12830516e+02  4.63856911e+01  8.12830516e+02  1.79998601e+02
 8.19093224e+02  4.63856911e+01  8.19093224e+02  1.79998590e+02
 8.25404185e+02  4.63856911e+01  8.25404185e+02  1.79998579e+02
 8.31763771e+02  4.63856911e+01  8.31763771e+02  1.79998568e+02
 8.38172356e+02  4.63856911e+01  8.38172356e+02  1.79998557e+02
 8.44630319e+02  4.63856911e+01  8.44630319e+02  1.79998546e+02
 8.51138038e+02  4.63856911e+01  8.51138038e+02  1.79998535e+02
 8.57695899e+02  4.63856911e+01  8.57695899e+02  1.79998523e+02
 8.64304286e+02  4.63856911e+01  8.64304286e+02  1.79998512e+02
 8.70963590e+02  4.63856911e+01  8.70963590e+02  1.79998501e+02
 8.77674203e+02  4.63856911e+01  8.77674203e+02  1.79998489e+02
 8.84436519e+02  4.63856912e+01  8.84436519e+02  1.79998477e+02
 8.91250938e+02  4.63856912e+01  8.91250938e+02  1.79998466e+02
 8.98117861e+02  4.63856912e+01  8.98117861e+02  1.79998454e+02
 9.05037692e+02  4.63856912e+01  9.05037692e+02  1.79998442e+02
 9.12010839e+02  4.63856912e+01  9.12010839e+02  1.79998430e+02
 9.19037713e+02  4.63856912e+01  9.19037713e+02  1.79998418e+02
 9.26118728e+02  4.63856912e+01  9.26118728e+02  1.79998406e+02
 9.33254301e+02  4.63856912e+01  9.33254301e+02  1.79998393e+02
 9.40444852e+02  4.63856912e+01  9.40444852e+02  1.79998381e+02
 9.47690805e+02  4.63856912e+01  9.47690805e+02  1.79998369e+02
 9.54992586e+02  4.63856913e+01  9.54992586e+02  1.79998356e+02
 9.62350626e+02  4.63856913e+01  9.62350626e+02  1.79998343e+02
 9.69765359e+02  4.63856913e+01  9.69765359e+02  1.79998331e+02
 9.77237221e+02  4.63856913e+01  9.77237221e+02  1.79998318e+02
 9.84766652e+02  4.63856913e+01  9.84766652e+02  1.79998305e+02
 9.92354096e+02  4.63856913e+01  9.92354096e+02  1.79998292e+02
 1.00000000e+03  4.63856913e+01  1.00000000e+03  1.79998278e+02
 1.00770481e+03  4.63856913e+01  1.00770481e+03  1.79998265e+02
 1.01546899e+03  4.63856913e+01  1.01546899e+03  1.79998252e+02
 1.02329299e+03  4.63856914e+01  1.02329299e+03  1.79998238e+02
 1.03117727e+03  4.63856914e+01  1.03117727e+03  1.79998225e+02
 1.03912230e+03  4.63856914e+01  1.03912230e+03  1.79998211e+02
 1.04712855e+03  4.63856914e+01  1.04712855e+03  1.79998197e+02
 1.05519648e+03  4.63856914e+01  1.05519648e+03  1.79998183e+02
 1.06332657e+03  4.63856914e+01  1.06332657e+03  1.79998169e+02
 1.07151931e+03  4.63856914e+01  1.07151931e+03  1.79998155e+02
 1.07977516e+03  4.63856914e+01  1.07977516e+03  1.79998141e+02
 1.08809463e+03  4.63856915e+01  1.08809463e+03  1.79998127e+02
 1.09647820e+03  4.63856915e+01  1.09647820e+03  1.79998112e+02
 1.10492636e+03  4.63856915e+01  1.10492636e+03  1.79998098e+02
 1.11343961e+03  4.63856915e+01  1.11343961e+03  1.79998083e+02
 1.12201845e+03  4.63856915e+01  1.12201845e+03  1.79998068e+02
 1.13066340e+03  4.63856915e+01  1.13066340e+03  1.79998054e+02
 1.13937495e+03  4.63856915e+01  1.13937495e+03  1.79998039e+02
 1.14815362e+03  4.63856916e+01  1.14815362e+03  1.79998023e+02
 1.15699993e+03  4.63856916e+01  1.15699993e+03  1.79998008e+02
 1.16591440e+03  4.63856916e+01  1.16591440e+03  1.79997993e+02
 1.17489755e+03  4.63856916e+01  1.17489755e+03  1.79997977e+02
 1.18394992e+03  4.63856916e+01  1.18394992e+03  1.79997962e+02
 1.19307204e+03  4.63856916e+01  1.19307204e+03  1.79997946e+02
 1.20226443e+03  4.63856917e+01  1.20226443e+03  1.79997930e+02
 1.21152766e+03  4.63856917e+01  1.21152766e+03  1.79997914e+02
 1.22086225e+03  4.63856917e+01  1.22086225e+03  1.79997898e+02
 1.23026877e+03  4.63856917e+01  1.23026877e+03  1.79997882e+02
 1.23974776e+03  4.63856917e+01  1.23974776e+03  1.79997866e+02
 1.24929979e+03  4.63856918e+01  1.24929979e+03  1.79997849e+02
 1.25892541e+03  4.63856918e+01  1.25892541e+03  1.79997833e+02
 1.26862520e+03  4.63856918e+01  1.26862520e+03  1.79997816e+02
 1.27839972e+03  4.63856918e+01  1.27839972e+03  1.79997799e+02
 1.28824955e+03  4.63856918e+01  1.28824955e+03  1.79997782e+02
 1.29817528e+03  4.63856918e+01  1.29817528e+03  1.79997765e+02
 1.30817747e+03  4.63856919e+01  1.30817747e+03  1.79997748e+02
 1.31825674e+03  4.63856919e+01  1.31825674e+03  1.79997731e+02
 1.32841366e+03  4.63856919e+01  1.32841366e+03  1.79997713e+02
 1.33864884e+03  4.63856919e+01  1.33864884e+03  1.79997695e+02
 1.34896288e+03  4.63856919e+01  1.34896288e+03  1.79997678e+02
 1.35935639e+03  4.63856920e+01  1.35935639e+03  1.79997660e+02
 1.36982998e+03  4.63856920e+01  1.36982998e+03  1.79997642e+02
 1.38038426e+03  4.63856920e+01  1.38038426e+03  1.79997624e+02
 1.39101987e+03  4.63856920e+01  1.39101987e+03  1.79997605e+02
 1.40173742e+03  4.63856921e+01  1.40173742e+03  1.79997587e+02
 1.41253754e+03  4.63856921e+01  1.41253754e+03  1.79997568e+02
 1.42342088e+03  4.63856921e+01  1.42342088e+03  1.79997550e+02
 1.43438808e+03  4.63856921e+01  1.43438808e+03  1.79997531e+02
 1.44543977e+03  4.63856922e+01  1.44543977e+03  1.79997512e+02
 1.45657662e+03  4.63856922e+01  1.45657662e+03  1.79997492e+02
 1.46779927e+03  4.63856922e+01  1.46779927e+03  1.79997473e+02
 1.47910839e+03  4.63856922e+01  1.47910839e+03  1.79997454e+02
 1.49050464e+03  4.63856923e+01  1.49050464e+03  1.79997434e+02
 1.50198870e+03  4.63856923e+01  1.50198870e+03  1.79997414e+02
 1.51356125e+03  4.63856923e+01  1.51356125e+03  1.79997394e+02
 1.52522296e+03  4.63856923e+01  1.52522296e+03  1.79997374e+02
 1.53697452e+03  4.63856924e+01  1.53697452e+03  1.79997354e+02
 1.54881662e+03  4.63856924e+01  1.54881662e+03  1.79997334e+02
 1.56074996e+03  4.63856924e+01  1.56074996e+03  1.79997313e+02
 1.57277525e+03  4.63856925e+01  1.57277525e+03  1.79997292e+02
 1.58489319e+03  4.63856925e+01  1.58489319e+03  1.79997272e+02
 1.59710450e+03  4.63856925e+01  1.59710450e+03  1.79997251e+02
 1.60940989e+03  4.63856926e+01  1.60940989e+03  1.79997229e+02
 1.62181010e+03  4.63856926e+01  1.62181010e+03  1.79997208e+02
 1.63430584e+03  4.63856926e+01  1.63430584e+03  1.79997187e+02
 1.64689787e+03  4.63856927e+01  1.64689787e+03  1.79997165e+02
 1.65958691e+03  4.63856927e+01  1.65958691e+03  1.79997143e+02
 1.67237372e+03  4.63856927e+01  1.67237372e+03  1.79997121e+02
 1.68525904e+03  4.63856927e+01  1.68525904e+03  1.79997099e+02
 1.69824365e+03  4.63856928e+01  1.69824365e+03  1.79997076e+02
 1.71132830e+03  4.63856928e+01  1.71132830e+03  1.79997054e+02
 1.72451377e+03  4.63856928e+01  1.72451377e+03  1.79997031e+02
 1.73780083e+03  4.63856929e+01  1.73780083e+03  1.79997008e+02
 1.75119026e+03  4.63856929e+01  1.75119026e+03  1.79996985e+02
 1.76468286e+03  4.63856930e+01  1.76468286e+03  1.79996962e+02
 1.77827941e+03  4.63856930e+01  1.77827941e+03  1.79996939e+02
 1.79198072e+03  4.63856930e+01  1.79198072e+03  1.79996915e+02
 1.80578760e+03  4.63856931e+01  1.80578760e+03  1.79996891e+02
 1.81970086e+03  4.63856931e+01  1.81970086e+03  1.79996867e+02
 1.83372132e+03  4.63856931e+01  1.83372132e+03  1.79996843e+02
 1.84784980e+03  4.63856932e+01  1.84784980e+03  1.79996819e+02
 1.86208714e+03  4.63856932e+01  1.86208714e+03  1.79996794e+02
 1.87643417e+03  4.63856933e+01  1.87643417e+03  1.79996770e+02
 1.89089175e+03  4.63856933e+01  1.89089175e+03  1.79996745e+02
 1.90546072e+03  4.63856934e+01  1.90546072e+03  1.79996720e+02
 1.92014194e+03  4.63856934e+01  1.92014194e+03  1.79996694e+02
 1.93493628e+03  4.63856934e+01  1.93493628e+03  1.79996669e+02
 1.94984460e+03  4.63856935e+01  1.94984460e+03  1.79996643e+02
 1.96486779e+03  4.63856935e+01  1.96486779e+03  1.79996617e+02
 1.98000673e+03  4.63856936e+01  1.98000673e+03  1.79996591e+02
 1.99526231e+03  4.63856936e+01  1.99526231e+03  1.79996565e+02
 2.01063544e+03  4.63856937e+01  2.01063544e+03  1.79996539e+02
 2.02612701e+03  4.63856937e+01  2.02612701e+03  1.79996512e+02
 2.04173794e+03  4.63856937e+01  2.04173794e+03  1.79996485e+02
 2.05746916e+03  4.63856938e+01  2.05746916e+03  1.79996458e+02
 2.07332157e+03  4.63856938e+01  2.07332157e+03  1.79996431e+02
 2.08929613e+03  4.63856939e+01  2.08929613e+03  1.79996403e+02
 2.10539377e+03  4.63856940e+01  2.10539377e+03  1.79996376e+02
 2.12161544e+03  4.63856940e+01  2.12161544e+03  1.79996348e+02
 2.13796209e+03  4.63856941e+01  2.13796209e+03  1.79996319e+02
 2.15443469e+03  4.63856942e+01  2.15443469e+03  1.79996291e+02
 2.17103421e+03  4.63856942e+01  2.17103421e+03  1.79996263e+02
 2.18776162e+03  4.63856943e+01  2.18776162e+03  1.79996234e+02
 2.20461792e+03  4.63856943e+01  2.20461792e+03  1.79996205e+02
 2.22160409e+03  4.63856944e+01  2.22160409e+03  1.79996175e+02
 2.23872114e+03  4.63856944e+01  2.23872114e+03  1.79996146e+02
 2.25597007e+03  4.63856945e+01  2.25597007e+03  1.79996116e+02
 2.27335190e+03  4.63856945e+01  2.27335190e+03  1.79996086e+02
 2.29086765e+03  4.63856946e+01  2.29086765e+03  1.79996056e+02
 2.30851836e+03  4.63856946e+01  2.30851836e+03  1.79996026e+02
 2.32630507e+03  4.63856948e+01  2.32630507e+03  1.79995995e+02
 2.34422882e+03  4.63856948e+01  2.34422882e+03  1.79995964e+02
 2.36229066e+03  4.63856949e+01  2.36229066e+03  1.79995933e+02
 2.38049167e+03  4.63856949e+01  2.38049167e+03  1.79995902e+02
 2.39883292e+03  4.63856950e+01  2.39883292e+03  1.79995870e+02
 2.41731548e+03  4.63856951e+01  2.41731548e+03  1.79995839e+02
 2.43594045e+03  4.63856951e+01  2.43594045e+03  1.79995807e+02
 2.45470892e+03  4.63856952e+01  2.45470892e+03  1.79995774e+02
 2.47362199e+03  4.63856953e+01  2.47362199e+03  1.79995742e+02
 2.49268079e+03  4.63856953e+01  2.49268079e+03  1.79995709e+02
 2.51188643e+03  4.63856954e+01  2.51188643e+03  1.79995676e+02
 2.53124005e+03  4.63856955e+01  2.53124005e+03  1.79995642e+02
 2.55074278e+03  4.63856956e+01  2.55074278e+03  1.79995609e+02
 2.57039578e+03  4.63856956e+01  2.57039578e+03  1.79995575e+02
 2.59020020e+03  4.63856957e+01  2.59020020e+03  1.79995541e+02
 2.61015722e+03  4.63856958e+01  2.61015722e+03  1.79995507e+02
 2.63026799e+03  4.63856959e+01  2.63026799e+03  1.79995472e+02
 2.65053372e+03  4.63856960e+01  2.65053372e+03  1.79995437e+02
 2.67095559e+03  4.63856961e+01  2.67095559e+03  1.79995402e+02
 2.69153480e+03  4.63856961e+01  2.69153480e+03  1.79995367e+02
 2.71227258e+03  4.63856962e+01  2.71227258e+03  1.79995331e+02
 2.73317014e+03  4.63856963e+01  2.73317014e+03  1.79995295e+02
 2.75422870e+03  4.63856965e+01  2.75422870e+03  1.79995259e+02
 2.77544952e+03  4.63856965e+01  2.77544952e+03  1.79995222e+02
 2.79683385e+03  4.63856965e+01  2.79683385e+03  1.79995185e+02
 2.81838293e+03  4.63856967e+01  2.81838293e+03  1.79995148e+02
 2.84009805e+03  4.63856967e+01  2.84009805e+03  1.79995111e+02
 2.86198048e+03  4.63856969e+01  2.86198048e+03  1.79995073e+02
 2.88403150e+03  4.63856970e+01  2.88403150e+03  1.79995035e+02
 2.90625243e+03  4.63856971e+01  2.90625243e+03  1.79994997e+02
 2.92864456e+03  4.63856972e+01  2.92864456e+03  1.79994958e+02
 2.95120923e+03  4.63856973e+01  2.95120923e+03  1.79994919e+02
 2.97394775e+03  4.63856974e+01  2.97394775e+03  1.79994880e+02
 2.99686146e+03  4.63856975e+01  2.99686146e+03  1.79994841e+02
 3.01995172e+03  4.63856976e+01  3.01995172e+03  1.79994801e+02
 3.04321989e+03  4.63856978e+01  3.04321989e+03  1.79994761e+02
 3.06666733e+03  4.63856978e+01  3.06666733e+03  1.79994721e+02
 3.09029543e+03  4.63856979e+01  3.09029543e+03  1.79994680e+02
 3.11410558e+03  4.63856981e+01  3.11410558e+03  1.79994639e+02
 3.13809919e+03  4.63856981e+01  3.13809919e+03  1.79994598e+02
 3.16227766e+03  4.63856983e+01  3.16227766e+03  1.79994556e+02
 3.18664242e+03  4.63856985e+01  3.18664242e+03  1.79994514e+02
 3.21119491e+03  4.63856985e+01  3.21119491e+03  1.79994472e+02
 3.23593657e+03  4.63856986e+01  3.23593657e+03  1.79994429e+02
 3.26086886e+03  4.63856988e+01  3.26086886e+03  1.79994386e+02
 3.28599325e+03  4.63856989e+01  3.28599325e+03  1.79994343e+02
 3.31131121e+03  4.63856991e+01  3.31131121e+03  1.79994299e+02
 3.33682425e+03  4.63856992e+01  3.33682425e+03  1.79994256e+02
 3.36253386e+03  4.63856992e+01  3.36253386e+03  1.79994211e+02
 3.38844156e+03  4.63856994e+01  3.38844156e+03  1.79994167e+02
 3.41454887e+03  4.63856995e+01  3.41454887e+03  1.79994122e+02
 3.44085734e+03  4.63856996e+01  3.44085734e+03  1.79994077e+02
 3.46736850e+03  4.63856999e+01  3.46736850e+03  1.79994031e+02
 3.49408393e+03  4.63857001e+01  3.49408393e+03  1.79993985e+02
 3.52100520e+03  4.63857001e+01  3.52100520e+03  1.79993939e+02
 3.54813389e+03  4.63857004e+01  3.54813389e+03  1.79993892e+02
 3.57547160e+03  4.63857005e+01  3.57547160e+03  1.79993845e+02
 3.60301995e+03  4.63857006e+01  3.60301995e+03  1.79993797e+02
 3.63078055e+03  4.63857007e+01  3.63078055e+03  1.79993750e+02
 3.65875504e+03  4.63857008e+01  3.65875504e+03  1.79993701e+02
 3.68694506e+03  4.63857011e+01  3.68694506e+03  1.79993653e+02
 3.71535229e+03  4.63857012e+01  3.71535229e+03  1.79993604e+02
 3.74397839e+03  4.63857013e+01  3.74397839e+03  1.79993555e+02
 3.77282505e+03  4.63857016e+01  3.77282505e+03  1.79993505e+02
 3.80189396e+03  4.63857017e+01  3.80189396e+03  1.79993455e+02
 3.83118685e+03  4.63857019e+01  3.83118685e+03  1.79993405e+02
 3.86070543e+03  4.63857021e+01  3.86070543e+03  1.79993354e+02
 3.89045145e+03  4.63857024e+01  3.89045145e+03  1.79993302e+02
 3.92042666e+03  4.63857024e+01  3.92042666e+03  1.79993251e+02
 3.95063281e+03  4.63857026e+01  3.95063281e+03  1.79993199e+02
 3.98107171e+03  4.63857028e+01  3.98107171e+03  1.79993147e+02
 4.01174512e+03  4.63857029e+01  4.01174512e+03  1.79993094e+02
 4.04265487e+03  4.63857033e+01  4.04265487e+03  1.79993040e+02
 4.07380278e+03  4.63857033e+01  4.07380278e+03  1.79992987e+02
 4.10519067e+03  4.63857036e+01  4.10519067e+03  1.79992933e+02
 4.13682040e+03  4.63857038e+01  4.13682040e+03  1.79992878e+02
 4.16869383e+03  4.63857040e+01  4.16869383e+03  1.79992824e+02
 4.20081285e+03  4.63857043e+01  4.20081285e+03  1.79992768e+02
 4.23317933e+03  4.63857044e+01  4.23317933e+03  1.79992713e+02
 4.26579519e+03  4.63857045e+01  4.26579519e+03  1.79992656e+02
 4.29866235e+03  4.63857047e+01  4.29866235e+03  1.79992600e+02
 4.33178274e+03  4.63857052e+01  4.33178274e+03  1.79992543e+02
 4.36515832e+03  4.63857053e+01  4.36515832e+03  1.79992485e+02
 4.39879106e+03  4.63857055e+01  4.39879106e+03  1.79992427e+02
 4.43268292e+03  4.63857059e+01  4.43268292e+03  1.79992369e+02
 4.46683592e+03  4.63857061e+01  4.46683592e+03  1.79992310e+02
 4.50125206e+03  4.63857061e+01  4.50125206e+03  1.79992251e+02
 4.53593337e+03  4.63857065e+01  4.53593337e+03  1.79992191e+02
 4.57088190e+03  4.63857066e+01  4.57088190e+03  1.79992131e+02
 4.60609969e+03  4.63857070e+01  4.60609969e+03  1.79992071e+02
 4.64158883e+03  4.63857073e+01  4.64158883e+03  1.79992009e+02
 4.67735141e+03  4.63857072e+01  4.67735141e+03  1.79991948e+02
 4.71338954e+03  4.63857076e+01  4.71338954e+03  1.79991886e+02
 4.74970533e+03  4.63857081e+01  4.74970533e+03  1.79991823e+02
 4.78630092e+03  4.63857082e+01  4.78630092e+03  1.79991760e+02
 4.82317848e+03  4.63857084e+01  4.82317848e+03  1.79991697e+02
 4.86034018e+03  4.63857088e+01  4.86034018e+03  1.79991633e+02
 4.89778819e+03  4.63857092e+01  4.89778819e+03  1.79991568e+02
 4.93552474e+03  4.63857094e+01  4.93552474e+03  1.79991503e+02
 4.97355204e+03  4.63857096e+01  4.97355204e+03  1.79991438e+02
 5.01187234e+03  4.63857100e+01  5.01187234e+03  1.79991372e+02
 5.05048788e+03  4.63857103e+01  5.05048788e+03  1.79991305e+02
 5.08940095e+03  4.63857106e+01  5.08940095e+03  1.79991239e+02
 5.12861384e+03  4.63857112e+01  5.12861384e+03  1.79991171e+02
 5.16812886e+03  4.63857112e+01  5.16812886e+03  1.79991103e+02
 5.20794833e+03  4.63857115e+01  5.20794833e+03  1.79991034e+02
 5.24807460e+03  4.63857119e+01  5.24807460e+03  1.79990965e+02
 5.28851004e+03  4.63857123e+01  5.28851004e+03  1.79990896e+02
 5.32925703e+03  4.63857127e+01  5.32925703e+03  1.79990825e+02
 5.37031796e+03  4.63857129e+01  5.37031796e+03  1.79990755e+02
 5.41169527e+03  4.63857134e+01  5.41169527e+03  1.79990684e+02
 5.45339137e+03  4.63857134e+01  5.45339137e+03  1.79990612e+02
 5.49540874e+03  4.63857141e+01  5.49540874e+03  1.79990539e+02
 5.53774984e+03  4.63857143e+01  5.53774984e+03  1.79990467e+02
 5.58041717e+03  4.63857146e+01  5.58041717e+03  1.79990393e+02
 5.62341325e+03  4.63857150e+01  5.62341325e+03  1.79990319e+02
 5.66674061e+03  4.63857154e+01  5.66674061e+03  1.79990245e+02
 5.71040179e+03  4.63857158e+01  5.71040179e+03  1.79990169e+02
 5.75439937e+03  4.63857162e+01  5.75439937e+03  1.79990094e+02
 5.79873595e+03  4.63857166e+01  5.79873595e+03  1.79990017e+02
 5.84341413e+03  4.63857170e+01  5.84341413e+03  1.79989940e+02
 5.88843655e+03  4.63857174e+01  5.88843655e+03  1.79989863e+02
 5.93380586e+03  4.63857176e+01  5.93380586e+03  1.79989785e+02
 5.97952473e+03  4.63857182e+01  5.97952473e+03  1.79989706e+02
 6.02559586e+03  4.63857186e+01  6.02559586e+03  1.79989627e+02
 6.07202196e+03  4.63857191e+01  6.07202196e+03  1.79989547e+02
 6.11880576e+03  4.63857197e+01  6.11880576e+03  1.79989466e+02
 6.16595002e+03  4.63857202e+01  6.16595002e+03  1.79989385e+02
 6.21345752e+03  4.63857202e+01  6.21345752e+03  1.79989303e+02
 6.26133105e+03  4.63857209e+01  6.26133105e+03  1.79989221e+02
 6.30957344e+03  4.63857214e+01  6.30957344e+03  1.79989138e+02
 6.35818754e+03  4.63857216e+01  6.35818754e+03  1.79989054e+02
 6.40717619e+03  4.63857223e+01  6.40717619e+03  1.79988970e+02
 6.45654229e+03  4.63857230e+01  6.45654229e+03  1.79988885e+02
 6.50628875e+03  4.63857235e+01  6.50628875e+03  1.79988799e+02
 6.55641849e+03  4.63857238e+01  6.55641849e+03  1.79988713e+02
 6.60693448e+03  4.63857243e+01  6.60693448e+03  1.79988626e+02
 6.65783968e+03  4.63857249e+01  6.65783968e+03  1.79988538e+02
 6.70913710e+03  4.63857254e+01  6.70913710e+03  1.79988450e+02
 6.76082975e+03  4.63857259e+01  6.76082975e+03  1.79988361e+02
 6.81292069e+03  4.63857265e+01  6.81292069e+03  1.79988271e+02
 6.86541298e+03  4.63857270e+01  6.86541298e+03  1.79988181e+02
 6.91830971e+03  4.63857276e+01  6.91830971e+03  1.79988090e+02
 6.97161400e+03  4.63857282e+01  6.97161400e+03  1.79987998e+02
 7.02532899e+03  4.63857287e+01  7.02532899e+03  1.79987906e+02
 7.07945784e+03  4.63857293e+01  7.07945784e+03  1.79987813e+02
 7.13400375e+03  4.63857299e+01  7.13400375e+03  1.79987719e+02
 7.18896992e+03  4.63857303e+01  7.18896992e+03  1.79987624e+02
 7.24435960e+03  4.63857309e+01  7.24435960e+03  1.79987529e+02
 7.30017605e+03  4.63857318e+01  7.30017605e+03  1.79987433e+02
 7.35642254e+03  4.63857324e+01  7.35642254e+03  1.79987336e+02
 7.41310241e+03  4.63857334e+01  7.41310241e+03  1.79987238e+02
 7.47021899e+03  4.63857337e+01  7.47021899e+03  1.79987140e+02
 7.52777564e+03  4.63857341e+01  7.52777564e+03  1.79987041e+02
 7.58577575e+03  4.63857354e+01  7.58577575e+03  1.79986941e+02
 7.64422274e+03  4.63857358e+01  7.64422274e+03  1.79986840e+02
 7.70312006e+03  4.63857365e+01  7.70312006e+03  1.79986739e+02
 7.76247117e+03  4.63857372e+01  7.76247117e+03  1.79986637e+02
 7.82227956e+03  4.63857376e+01  7.82227956e+03  1.79986534e+02
 7.88254877e+03  4.63857386e+01  7.88254877e+03  1.79986430e+02
 7.94328235e+03  4.63857394e+01  7.94328235e+03  1.79986325e+02
 8.00448386e+03  4.63857398e+01  8.00448386e+03  1.79986220e+02
 8.06615692e+03  4.63857405e+01  8.06615692e+03  1.79986114e+02
 8.12830516e+03  4.63857417e+01  8.12830516e+03  1.79986007e+02
 8.19093224e+03  4.63857425e+01  8.19093224e+03  1.79985899e+02
 8.25404185e+03  4.63857429e+01  8.25404185e+03  1.79985791e+02
 8.31763771e+03  4.63857441e+01  8.31763771e+03  1.79985681e+02
 8.38172356e+03  4.63857445e+01  8.38172356e+03  1.79985571e+02
 8.44630319e+03  4.63857454e+01  8.44630319e+03  1.79985460e+02
 8.51138038e+03  4.63857466e+01  8.51138038e+03  1.79985347e+02
 8.57695899e+03  4.63857471e+01  8.57695899e+03  1.79985235e+02
 8.64304286e+03  4.63857484e+01  8.64304286e+03  1.79985121e+02
 8.70963590e+03  4.63857493e+01  8.70963590e+03  1.79985006e+02
 8.77674203e+03  4.63857493e+01  8.77674203e+03  1.79984891e+02
 8.84436519e+03  4.63857507e+01  8.84436519e+03  1.79984774e+02
 8.91250938e+03  4.63857520e+01  8.91250938e+03  1.79984657e+02
 8.98117861e+03  4.63857530e+01  8.98117861e+03  1.79984539e+02
 9.05037692e+03  4.63857539e+01  9.05037692e+03  1.79984419e+02
 9.12010839e+03  4.63857549e+01  9.12010839e+03  1.79984299e+02
 9.19037713e+03  4.63857564e+01  9.19037713e+03  1.79984178e+02
 9.26118728e+03  4.63857565e+01  9.26118728e+03  1.79984057e+02
 9.33254301e+03  4.63857580e+01  9.33254301e+03  1.79983934e+02
 9.40444852e+03  4.63857590e+01  9.40444852e+03  1.79983810e+02
 9.47690805e+03  4.63857601e+01  9.47690805e+03  1.79983685e+02
 9.54992586e+03  4.63857616e+01  9.54992586e+03  1.79983559e+02
 9.62350626e+03  4.63857627e+01  9.62350626e+03  1.79983433e+02
 9.69765359e+03  4.63857633e+01  9.69765359e+03  1.79983305e+02
 9.77237221e+03  4.63857650e+01  9.77237221e+03  1.79983176e+02
 9.84766652e+03  4.63857656e+01  9.84766652e+03  1.79983047e+02
 9.92354096e+03  4.63857662e+01  9.92354096e+03  1.79982916e+02
 1.00000000e+04  4.63857679e+01  1.00000000e+04  1.79982785e+02
 1.00770481e+04  4.63857691e+01  1.00770481e+04  1.79982652e+02
 1.01546899e+04  4.63857709e+01  1.01546899e+04  1.79982518e+02
 1.02329299e+04  4.63857716e+01  1.02329299e+04  1.79982384e+02
 1.03117727e+04  4.63857723e+01  1.03117727e+04  1.79982248e+02
 1.03912230e+04  4.63857747e+01  1.03912230e+04  1.79982111e+02
 1.04712855e+04  4.63857760e+01  1.04712855e+04  1.79981973e+02
 1.05519648e+04  4.63857767e+01  1.05519648e+04  1.79981834e+02
 1.06332657e+04  4.63857781e+01  1.06332657e+04  1.79981694e+02
 1.07151931e+04  4.63857788e+01  1.07151931e+04  1.79981554e+02
 1.07977516e+04  4.63857801e+01  1.07977516e+04  1.79981411e+02
 1.08809463e+04  4.63857822e+01  1.08809463e+04  1.79981268e+02
 1.09647820e+04  4.63857836e+01  1.09647820e+04  1.79981124e+02
 1.10492636e+04  4.63857850e+01  1.10492636e+04  1.79980978e+02
 1.11343961e+04  4.63857858e+01  1.11343961e+04  1.79980832e+02
 1.12201845e+04  4.63857887e+01  1.12201845e+04  1.79980684e+02
 1.13066340e+04  4.63857895e+01  1.13066340e+04  1.79980535e+02
 1.13937495e+04  4.63857910e+01  1.13937495e+04  1.79980385e+02
 1.14815362e+04  4.63857926e+01  1.14815362e+04  1.79980234e+02
 1.15699993e+04  4.63857927e+01  1.15699993e+04  1.79980082e+02
 1.16591440e+04  4.63857958e+01  1.16591440e+04  1.79979928e+02
 1.17489755e+04  4.63857974e+01  1.17489755e+04  1.79979774e+02
 1.18394992e+04  4.63857983e+01  1.18394992e+04  1.79979618e+02
 1.19307204e+04  4.63858007e+01  1.19307204e+04  1.79979461e+02
 1.20226443e+04  4.63858024e+01  1.20226443e+04  1.79979302e+02
 1.21152766e+04  4.63858050e+01  1.21152766e+04  1.79979143e+02
 1.22086225e+04  4.63858067e+01  1.22086225e+04  1.79978982e+02
 1.23026877e+04  4.63858077e+01  1.23026877e+04  1.79978820e+02
 1.23974776e+04  4.63858095e+01  1.23974776e+04  1.79978657e+02
 1.24929979e+04  4.63858114e+01  1.24929979e+04  1.79978493e+02
 1.25892541e+04  4.63858132e+01  1.25892541e+04  1.79978327e+02
 1.26862520e+04  4.63858142e+01  1.26862520e+04  1.79978160e+02
 1.27839972e+04  4.63858170e+01  1.27839972e+04  1.79977992e+02
 1.28824955e+04  4.63858199e+01  1.28824955e+04  1.79977822e+02
 1.29817528e+04  4.63858201e+01  1.29817528e+04  1.79977651e+02
 1.30817747e+04  4.63858230e+01  1.30817747e+04  1.79977479e+02
 1.31825674e+04  4.63858251e+01  1.31825674e+04  1.79977305e+02
 1.32841366e+04  4.63858271e+01  1.32841366e+04  1.79977131e+02
 1.33864884e+04  4.63858302e+01  1.33864884e+04  1.79976954e+02
 1.34896288e+04  4.63858304e+01  1.34896288e+04  1.79976777e+02
 1.35935639e+04  4.63858326e+01  1.35935639e+04  1.79976598e+02
 1.36982998e+04  4.63858358e+01  1.36982998e+04  1.79976418e+02
 1.38038426e+04  4.63858380e+01  1.38038426e+04  1.79976236e+02
 1.39101987e+04  4.63858403e+01  1.39101987e+04  1.79976053e+02
 1.40173742e+04  4.63858426e+01  1.40173742e+04  1.79975868e+02
 1.41253754e+04  4.63858450e+01  1.41253754e+04  1.79975682e+02
 1.42342088e+04  4.63858463e+01  1.42342088e+04  1.79975495e+02
 1.43438808e+04  4.63858498e+01  1.43438808e+04  1.79975306e+02
 1.44543977e+04  4.63858523e+01  1.44543977e+04  1.79975116e+02
 1.45657662e+04  4.63858548e+01  1.45657662e+04  1.79974924e+02
 1.46779927e+04  4.63858573e+01  1.46779927e+04  1.79974731e+02
 1.47910839e+04  4.63858599e+01  1.47910839e+04  1.79974536e+02
 1.49050464e+04  4.63858613e+01  1.49050464e+04  1.79974340e+02
 1.50198870e+04  4.63858639e+01  1.50198870e+04  1.79974142e+02
 1.51356125e+04  4.63858691e+01  1.51356125e+04  1.79973943e+02
 1.52522296e+04  4.63858706e+01  1.52522296e+04  1.79973742e+02
 1.53697452e+04  4.63858734e+01  1.53697452e+04  1.79973540e+02
 1.54881662e+04  4.63858762e+01  1.54881662e+04  1.79973336e+02
 1.56074996e+04  4.63858778e+01  1.56074996e+04  1.79973131e+02
 1.57277525e+04  4.63858820e+01  1.57277525e+04  1.79972923e+02
 1.58489319e+04  4.63858850e+01  1.58489319e+04  1.79972715e+02
 1.59710450e+04  4.63858880e+01  1.59710450e+04  1.79972505e+02
 1.60940989e+04  4.63858925e+01  1.60940989e+04  1.79972292e+02
 1.62181010e+04  4.63858941e+01  1.62181010e+04  1.79972079e+02
 1.63430584e+04  4.63858973e+01  1.63430584e+04  1.79971864e+02
 1.64689787e+04  4.63859020e+01  1.64689787e+04  1.79971647e+02
 1.65958691e+04  4.63859037e+01  1.65958691e+04  1.79971429e+02
 1.67237372e+04  4.63859070e+01  1.67237372e+04  1.79971209e+02
 1.68525904e+04  4.63859088e+01  1.68525904e+04  1.79970987e+02
 1.69824365e+04  4.63859122e+01  1.69824365e+04  1.79970764e+02
 1.71132830e+04  4.63859172e+01  1.71132830e+04  1.79970538e+02
 1.72451377e+04  4.63859224e+01  1.72451377e+04  1.79970311e+02
 1.73780083e+04  4.63859243e+01  1.73780083e+04  1.79970082e+02
 1.75119026e+04  4.63859296e+01  1.75119026e+04  1.79969851e+02
 1.76468286e+04  4.63859316e+01  1.76468286e+04  1.79969619e+02
 1.77827941e+04  4.63859353e+01  1.77827941e+04  1.79969385e+02
 1.79198072e+04  4.63859373e+01  1.79198072e+04  1.79969150e+02
 1.80578760e+04  4.63859430e+01  1.80578760e+04  1.79968912e+02
 1.81970086e+04  4.63859450e+01  1.81970086e+04  1.79968672e+02
 1.83372132e+04  4.63859508e+01  1.83372132e+04  1.79968431e+02
 1.84784980e+04  4.63859568e+01  1.84784980e+04  1.79968187e+02
 1.86208714e+04  4.63859609e+01  1.86208714e+04  1.79967942e+02
 1.87643417e+04  4.63859631e+01  1.87643417e+04  1.79967695e+02
 1.89089175e+04  4.63859713e+01  1.89089175e+04  1.79967446e+02
 1.90546072e+04  4.63859736e+01  1.90546072e+04  1.79967195e+02
 1.92014194e+04  4.63859739e+01  1.92014194e+04  1.79966943e+02
 1.93493628e+04  4.63859824e+01  1.93493628e+04  1.79966688e+02
 1.94984460e+04  4.63859848e+01  1.94984460e+04  1.79966431e+02
 1.96486779e+04  4.63859894e+01  1.96486779e+04  1.79966173e+02
 1.98000673e+04  4.63859940e+01  1.98000673e+04  1.79965912e+02
 1.99526231e+04  4.63859965e+01  1.99526231e+04  1.79965650e+02
 2.01063544e+04  4.63860035e+01  2.01063544e+04  1.79965385e+02
 2.02612701e+04  4.63860060e+01  2.02612701e+04  1.79965118e+02
 2.04173794e+04  4.63860155e+01  2.04173794e+04  1.79964849e+02
 2.05746916e+04  4.63860159e+01  2.05746916e+04  1.79964578e+02
 2.07332157e+04  4.63860209e+01  2.07332157e+04  1.79964306e+02
 2.08929613e+04  4.63860284e+01  2.08929613e+04  1.79964030e+02
 2.10539377e+04  4.63860312e+01  2.10539377e+04  1.79963753e+02
 2.12161544e+04  4.63860415e+01  2.12161544e+04  1.79963473e+02
 2.13796209e+04  4.63860444e+01  2.13796209e+04  1.79963192e+02
 2.15443469e+04  4.63860524e+01  2.15443469e+04  1.79962908e+02
 2.17103421e+04  4.63860554e+01  2.17103421e+04  1.79962623e+02
 2.18776162e+04  4.63860637e+01  2.18776162e+04  1.79962334e+02
 2.20461792e+04  4.63860695e+01  2.20461792e+04  1.79962044e+02
 2.22160409e+04  4.63860698e+01  2.22160409e+04  1.79961752e+02
 2.23872114e+04  4.63860785e+01  2.23872114e+04  1.79961457e+02
 2.25597007e+04  4.63860817e+01  2.25597007e+04  1.79961161e+02
 2.27335190e+04  4.63860877e+01  2.27335190e+04  1.79960861e+02
 2.29086765e+04  4.63860997e+01  2.29086765e+04  1.79960559e+02
 2.30851836e+04  4.63861060e+01  2.30851836e+04  1.79960255e+02
 2.32630507e+04  4.63861124e+01  2.32630507e+04  1.79959949e+02
 2.34422882e+04  4.63861159e+01  2.34422882e+04  1.79959640e+02
 2.36229066e+04  4.63861194e+01  2.36229066e+04  1.79959330e+02
 2.38049167e+04  4.63861292e+01  2.38049167e+04  1.79959016e+02
 2.39883292e+04  4.63861328e+01  2.39883292e+04  1.79958701e+02
 2.41731548e+04  4.63861429e+01  2.41731548e+04  1.79958382e+02
 2.43594045e+04  4.63861466e+01  2.43594045e+04  1.79958062e+02
 2.45470892e+04  4.63861603e+01  2.45470892e+04  1.79957738e+02
 2.47362199e+04  4.63861642e+01  2.47362199e+04  1.79957412e+02
 2.49268079e+04  4.63861681e+01  2.49268079e+04  1.79957085e+02
 2.51188643e+04  4.63861790e+01  2.51188643e+04  1.79956753e+02
 2.53124005e+04  4.63861865e+01  2.53124005e+04  1.79956420e+02
 2.55074278e+04  4.63861906e+01  2.55074278e+04  1.79956085e+02
 2.57039578e+04  4.63862020e+01  2.57039578e+04  1.79955746e+02
 2.59020020e+04  4.63862136e+01  2.59020020e+04  1.79955404e+02
 2.61015722e+04  4.63862179e+01  2.61015722e+04  1.79955061e+02
 2.63026799e+04  4.63862261e+01  2.63026799e+04  1.79954715e+02
 2.65053372e+04  4.63862383e+01  2.65053372e+04  1.79954365e+02
 2.67095559e+04  4.63862388e+01  2.67095559e+04  1.79954015e+02
 2.69153480e+04  4.63862513e+01  2.69153480e+04  1.79953660e+02
 2.71227258e+04  4.63862600e+01  2.71227258e+04  1.79953303e+02
 2.73317014e+04  4.63862688e+01  2.73317014e+04  1.79952943e+02
 2.75422870e+04  4.63862735e+01  2.75422870e+04  1.79952581e+02
 2.77544952e+04  4.63862868e+01  2.77544952e+04  1.79952215e+02
 2.79683385e+04  4.63862960e+01  2.79683385e+04  1.79951847e+02
 2.81838293e+04  4.63863098e+01  2.81838293e+04  1.79951475e+02
 2.84009805e+04  4.63863194e+01  2.84009805e+04  1.79951101e+02
 2.86198048e+04  4.63863246e+01  2.86198048e+04  1.79950725e+02
 2.88403150e+04  4.63863344e+01  2.88403150e+04  1.79950345e+02
 2.90625243e+04  4.63863444e+01  2.90625243e+04  1.79949962e+02
 2.92864456e+04  4.63863497e+01  2.92864456e+04  1.79949577e+02
 2.95120923e+04  4.63863647e+01  2.95120923e+04  1.79949188e+02
 2.97394775e+04  4.63863703e+01  2.97394775e+04  1.79948797e+02
 2.99686146e+04  4.63863858e+01  2.99686146e+04  1.79948402e+02
 3.01995172e+04  4.63863915e+01  3.01995172e+04  1.79948004e+02
 3.04321989e+04  4.63864177e+01  3.04321989e+04  1.79947602e+02
 3.06666733e+04  4.63864185e+01  3.06666733e+04  1.79947199e+02
 3.09029543e+04  4.63864351e+01  3.09029543e+04  1.79946792e+02
 3.11410558e+04  4.63864466e+01  3.11410558e+04  1.79946382e+02
 3.13809919e+04  4.63864583e+01  3.13809919e+04  1.79945969e+02
 3.16227766e+04  4.63864646e+01  3.16227766e+04  1.79945553e+02
 3.18664242e+04  4.63864766e+01  3.18664242e+04  1.79945133e+02
 3.21119491e+04  4.63864888e+01  3.21119491e+04  1.79944710e+02
 3.23593657e+04  4.63864953e+01  3.23593657e+04  1.79944285e+02
 3.26086886e+04  4.63865078e+01  3.26086886e+04  1.79943855e+02
 3.28599325e+04  4.63865324e+01  3.28599325e+04  1.79943421e+02
 3.31131121e+04  4.63865393e+01  3.31131121e+04  1.79942986e+02
 3.33682425e+04  4.63865586e+01  3.33682425e+04  1.79942546e+02
 3.36253386e+04  4.63865720e+01  3.36253386e+04  1.79942103e+02
 3.38844156e+04  4.63865793e+01  3.38844156e+04  1.79941657e+02
 3.41454887e+04  4.63865866e+01  3.41454887e+04  1.79941208e+02
 3.44085734e+04  4.63866136e+01  3.44085734e+04  1.79940754e+02
 3.46736850e+04  4.63866145e+01  3.46736850e+04  1.79940299e+02
 3.49408393e+04  4.63866288e+01  3.49408393e+04  1.79939838e+02
 3.52100520e+04  4.63866502e+01  3.52100520e+04  1.79939374e+02
 3.54813389e+04  4.63866651e+01  3.54813389e+04  1.79938907e+02
 3.57547160e+04  4.63866801e+01  3.57547160e+04  1.79938436e+02
 3.60301995e+04  4.63867099e+01  3.60301995e+04  1.79937960e+02
 3.63078055e+04  4.63867037e+01  3.63078055e+04  1.79937484e+02
 3.65875504e+04  4.63867268e+01  3.65875504e+04  1.79937001e+02
 3.68694506e+04  4.63867428e+01  3.68694506e+04  1.79936516e+02
 3.71535229e+04  4.63867591e+01  3.71535229e+04  1.79936026e+02
 3.74397839e+04  4.63867834e+01  3.74397839e+04  1.79935533e+02
 3.77282505e+04  4.63867845e+01  3.77282505e+04  1.79935037e+02
 3.80189396e+04  4.63868095e+01  3.80189396e+04  1.79934536e+02
 3.83118685e+04  4.63868186e+01  3.83118685e+04  1.79934032e+02
 3.86070543e+04  4.63868443e+01  3.86070543e+04  1.79933523e+02
 3.89045145e+04  4.63868622e+01  3.89045145e+04  1.79933010e+02
 3.92042666e+04  4.63868803e+01  3.92042666e+04  1.79932494e+02
 3.95063281e+04  4.63868814e+01  3.95063281e+04  1.79931974e+02
 3.98107171e+04  4.63869262e+01  3.98107171e+04  1.79931448e+02
 4.01174512e+04  4.63869453e+01  4.01174512e+04  1.79930920e+02
 4.04265487e+04  4.63869557e+01  4.04265487e+04  1.79930388e+02
 4.07380278e+04  4.63869753e+01  4.07380278e+04  1.79929851e+02
 4.10519067e+04  4.63869951e+01  4.10519067e+04  1.79929311e+02
 4.13682040e+04  4.63870248e+01  4.13682040e+04  1.79928765e+02
 4.16869383e+04  4.63870358e+01  4.16869383e+04  1.79928217e+02
 4.20081285e+04  4.63870566e+01  4.20081285e+04  1.79927663e+02
 4.23317933e+04  4.63870877e+01  4.23317933e+04  1.79927105e+02
 4.26579519e+04  4.63871093e+01  4.26579519e+04  1.79926543e+02
 4.29866235e+04  4.63871107e+01  4.29866235e+04  1.79925978e+02
 4.33178274e+04  4.63871535e+01  4.33178274e+04  1.79925406e+02
 4.36515832e+04  4.63871656e+01  4.36515832e+04  1.79924832e+02
 4.39879106e+04  4.63871992e+01  4.39879106e+04  1.79924251e+02
 4.43268292e+04  4.63872116e+01  4.43268292e+04  1.79923668e+02
 4.46683592e+04  4.63872462e+01  4.46683592e+04  1.79923079e+02
 4.50125206e+04  4.63872590e+01  4.50125206e+04  1.79922487e+02
 4.53593337e+04  4.63872833e+01  4.53593337e+04  1.79921889e+02
 4.57088190e+04  4.63873195e+01  4.57088190e+04  1.79921286e+02
 4.60609969e+04  4.63873329e+01  4.60609969e+04  1.79920680e+02
 4.64158883e+04  4.63873703e+01  4.64158883e+04  1.79920068e+02
 4.67735141e+04  4.63873842e+01  4.67735141e+04  1.79919452e+02
 4.71338954e+04  4.63874104e+01  4.71338954e+04  1.79918831e+02
 4.74970533e+04  4.63874244e+01  4.74970533e+04  1.79918206e+02
 4.78630092e+04  4.63874640e+01  4.78630092e+04  1.79917575e+02
 4.82317848e+04  4.63875043e+01  4.82317848e+04  1.79916938e+02
 4.86034018e+04  4.63875193e+01  4.86034018e+04  1.79916299e+02
 4.89778819e+04  4.63875742e+01  4.89778819e+04  1.79915652e+02
 4.93552474e+04  4.63875898e+01  4.93552474e+04  1.79915002e+02
 4.97355204e+04  4.63876055e+01  4.97355204e+04  1.79914348e+02
 5.01187234e+04  4.63876351e+01  5.01187234e+04  1.79913687e+02
 5.05048788e+04  4.63876651e+01  5.05048788e+04  1.79913022e+02
 5.08940095e+04  4.63876957e+01  5.08940095e+04  1.79912351e+02
 5.12861384e+04  4.63877267e+01  5.12861384e+04  1.79911675e+02
 5.16812886e+04  4.63877582e+01  5.16812886e+04  1.79910994e+02
 5.20794833e+04  4.63877902e+01  5.20794833e+04  1.79910308e+02
 5.24807460e+04  4.63878074e+01  5.24807460e+04  1.79909617e+02
 5.28851004e+04  4.63878557e+01  5.28851004e+04  1.79908919e+02
 5.32925703e+04  4.63878892e+01  5.32925703e+04  1.79908217e+02
 5.37031796e+04  4.63879072e+01  5.37031796e+04  1.79907510e+02
 5.41169527e+04  4.63879577e+01  5.41169527e+04  1.79906796e+02
 5.45339137e+04  4.63879928e+01  5.45339137e+04  1.79906077e+02
 5.49540874e+04  4.63880285e+01  5.49540874e+04  1.79905353e+02
 5.53774984e+04  4.63880816e+01  5.53774984e+04  1.79904622e+02
 5.58041717e+04  4.63881186e+01  5.58041717e+04  1.79903886e+02
 5.62341325e+04  4.63881386e+01  5.62341325e+04  1.79903146e+02
 5.66674061e+04  4.63881765e+01  5.66674061e+04  1.79902399e+02
 5.71040179e+04  4.63881969e+01  5.71040179e+04  1.79901647e+02
 5.75439937e+04  4.63882540e+01  5.75439937e+04  1.79900888e+02
 5.79873595e+04  4.63882937e+01  5.79873595e+04  1.79900124e+02
 5.84341413e+04  4.63883529e+01  5.84341413e+04  1.79899352e+02
 5.88843655e+04  4.63883941e+01  5.88843655e+04  1.79898576e+02
 5.93380586e+04  4.63884164e+01  5.93380586e+04  1.79897795e+02
 5.97952473e+04  4.63884784e+01  5.97952473e+04  1.79897005e+02
 6.02559586e+04  4.63884813e+01  6.02559586e+04  1.79896213e+02
 6.07202196e+04  4.63885449e+01  6.07202196e+04  1.79895411e+02
 6.11880576e+04  4.63886098e+01  6.11880576e+04  1.79894604e+02
 6.16595002e+04  4.63886128e+01  6.16595002e+04  1.79893793e+02
 6.21345752e+04  4.63887008e+01  6.21345752e+04  1.79892971e+02
 6.26133105e+04  4.63887039e+01  6.26133105e+04  1.79892148e+02
 6.30957344e+04  4.63887505e+01  6.30957344e+04  1.79891316e+02
 6.35818754e+04  4.63888203e+01  6.35818754e+04  1.79890476e+02
 6.40717619e+04  4.63888915e+01  6.40717619e+04  1.79889630e+02
 6.45654229e+04  4.63888948e+01  6.45654229e+04  1.79888781e+02
 6.50628875e+04  4.63889678e+01  6.50628875e+04  1.79887922e+02
 6.55641849e+04  4.63890186e+01  6.55641849e+04  1.79887057e+02
 6.60693448e+04  4.63890701e+01  6.60693448e+04  1.79886186e+02
 6.65783968e+04  4.63891469e+01  6.65783968e+04  1.79885307e+02
 6.70913710e+04  4.63892004e+01  6.70913710e+04  1.79884422e+02
 6.76082975e+04  4.63892547e+01  6.76082975e+04  1.79883530e+02
 6.81292069e+04  4.63892841e+01  6.81292069e+04  1.79882633e+02
 6.86541298e+04  4.63893397e+01  6.86541298e+04  1.79881727e+02
 6.91830971e+04  4.63893961e+01  6.91830971e+04  1.79880815e+02
 6.97161400e+04  4.63894535e+01  6.97161400e+04  1.79879895e+02
 7.02532899e+04  4.63895391e+01  7.02532899e+04  1.79878967e+02
 7.07945784e+04  4.63895709e+01  7.07945784e+04  1.79878034e+02
 7.13400375e+04  4.63896309e+01  7.13400375e+04  1.79877093e+02
 7.18896992e+04  4.63896918e+01  7.18896992e+04  1.79876145e+02
 7.24435960e+04  4.63897538e+01  7.24435960e+04  1.79875189e+02
 7.30017605e+04  4.63898166e+01  7.30017605e+04  1.79874226e+02
 7.35642254e+04  4.63899405e+01  7.35642254e+04  1.79873251e+02
 7.41310241e+04  4.63899148e+01  7.41310241e+04  1.79872278e+02
 7.47021899e+04  4.63899802e+01  7.47021899e+04  1.79871292e+02
 7.52777564e+04  4.63900780e+01  7.52777564e+04  1.79870298e+02
 7.58577575e+04  4.63901778e+01  7.58577575e+04  1.79869295e+02
 7.64422274e+04  4.63902473e+01  7.64422274e+04  1.79868286e+02
 7.70312006e+04  4.63902519e+01  7.70312006e+04  1.79867272e+02
 7.76247117e+04  4.63903559e+01  7.76247117e+04  1.79866247e+02
 7.82227956e+04  4.63904281e+01  7.82227956e+04  1.79865215e+02
 7.88254877e+04  4.63905014e+01  7.88254877e+04  1.79864174e+02
 7.94328235e+04  4.63905758e+01  7.94328235e+04  1.79863126e+02
 8.00448386e+04  4.63906514e+01  8.00448386e+04  1.79862069e+02
 8.06615692e+04  4.63906921e+01  8.06615692e+04  1.79861005e+02
 8.12830516e+04  4.63907694e+01  8.12830516e+04  1.79859932e+02
 8.19093224e+04  4.63908853e+01  8.19093224e+04  1.79858850e+02
 8.25404185e+04  4.63909656e+01  8.25404185e+04  1.79857760e+02
 8.31763771e+04  4.63910857e+01  8.31763771e+04  1.79856660e+02
 8.38172356e+04  4.63911302e+01  8.38172356e+04  1.79855555e+02
 8.44630319e+04  4.63912144e+01  8.44630319e+04  1.79854440e+02
 8.51138038e+04  4.63912998e+01  8.51138038e+04  1.79853316e+02
 8.57695899e+04  4.63913866e+01  8.57695899e+04  1.79852183e+02
 8.64304286e+04  4.63915162e+01  8.64304286e+04  1.79851040e+02
 8.70963590e+04  4.63916064e+01  8.70963590e+04  1.79849889e+02
 8.77674203e+04  4.63916551e+01  8.77674203e+04  1.79848732e+02
 8.84436519e+04  4.63917475e+01  8.84436519e+04  1.79847564e+02
 8.91250938e+04  4.63918853e+01  8.91250938e+04  1.79846385e+02
 8.98117861e+04  4.63919811e+01  8.98117861e+04  1.79845198e+02
 9.05037692e+04  4.63920330e+01  9.05037692e+04  1.79844005e+02
 9.12010839e+04  4.63921312e+01  9.12010839e+04  1.79842800e+02
 9.19037713e+04  4.63922308e+01  9.19037713e+04  1.79841585e+02
 9.26118728e+04  4.63923320e+01  9.26118728e+04  1.79840362e+02
 9.33254301e+04  4.63924348e+01  9.33254301e+04  1.79839129e+02
 9.40444852e+04  4.63925392e+01  9.40444852e+04  1.79837886e+02
 9.47690805e+04  4.63926452e+01  9.47690805e+04  1.79836633e+02
 9.54992586e+04  4.63928035e+01  9.54992586e+04  1.79835369e+02
 9.62350626e+04  4.63928621e+01  9.62350626e+04  1.79834099e+02
 9.69765359e+04  4.63929731e+01  9.69765359e+04  1.79832817e+02
 9.77237221e+04  4.63930857e+01  9.77237221e+04  1.79831526e+02
 9.84766652e+04  4.63932002e+01  9.84766652e+04  1.79830224e+02
 9.92354096e+04  4.63933711e+01  9.92354096e+04  1.79828909e+02
 1.00000000e+05  4.63933789e+01  1.00000000e+05  1.79827591e+02
 1.00770481e+05  4.63935543e+01  1.00770481e+05  1.79826257e+02
 1.01546899e+05  4.63936760e+01  1.01546899e+05  1.79824914e+02
 1.02329299e+05  4.63937995e+01  1.02329299e+05  1.79823561e+02
 1.03117727e+05  4.63939251e+01  1.03117727e+05  1.79822197e+02
 1.03912230e+05  4.63940525e+01  1.03912230e+05  1.79820823e+02
 1.04712855e+05  4.63941820e+01  1.04712855e+05  1.79819438e+02
 1.05519648e+05  4.63942515e+01  1.05519648e+05  1.79818043e+02
 1.06332657e+05  4.63944467e+01  1.06332657e+05  1.79816635e+02
 1.07151931e+05  4.63945823e+01  1.07151931e+05  1.79815218e+02
 1.07977516e+05  4.63947200e+01  1.07977516e+05  1.79813789e+02
 1.08809463e+05  4.63948597e+01  1.08809463e+05  1.79812349e+02
 1.09647820e+05  4.63949349e+01  1.09647820e+05  1.79810899e+02
 1.10492636e+05  4.63950780e+01  1.10492636e+05  1.79809437e+02
 1.11343961e+05  4.63952232e+01  1.11343961e+05  1.79807963e+02
 1.12201845e+05  4.63954406e+01  1.12201845e+05  1.79806477e+02
 1.13066340e+05  4.63956625e+01  1.13066340e+05  1.79804977e+02
 1.13937495e+05  4.63957448e+01  1.13937495e+05  1.79803472e+02
 1.14815362e+05  4.63959736e+01  1.14815362e+05  1.79801948e+02
 1.15699993e+05  4.63960584e+01  1.15699993e+05  1.79800420e+02
 1.16591440e+05  4.63962190e+01  1.16591440e+05  1.79798876e+02
 1.17489755e+05  4.63964584e+01  1.17489755e+05  1.79797316e+02
 1.18394992e+05  4.63966251e+01  1.18394992e+05  1.79795748e+02
 1.19307204e+05  4.63967943e+01  1.19307204e+05  1.79794167e+02
 1.20226443e+05  4.63968860e+01  1.20226443e+05  1.79792578e+02
 1.21152766e+05  4.63970594e+01  1.21152766e+05  1.79790973e+02
 1.22086225e+05  4.63973181e+01  1.22086225e+05  1.79789352e+02
 1.23026877e+05  4.63974140e+01  1.23026877e+05  1.79787725e+02
 1.23974776e+05  4.63975953e+01  1.23974776e+05  1.79786082e+02
 1.24929979e+05  4.63977797e+01  1.24929979e+05  1.79784426e+02
 1.25892541e+05  4.63979670e+01  1.25892541e+05  1.79782757e+02
 1.26862520e+05  4.63982461e+01  1.26862520e+05  1.79781071e+02
 1.27839972e+05  4.63982594e+01  1.27839972e+05  1.79779381e+02
 1.28824955e+05  4.63985459e+01  1.28824955e+05  1.79777672e+02
 1.29817528e+05  4.63987450e+01  1.29817528e+05  1.79775950e+02
 1.30817747e+05  4.63988521e+01  1.30817747e+05  1.79774216e+02
 1.31825674e+05  4.63991520e+01  1.31825674e+05  1.79772467e+02
 1.32841366e+05  4.63992627e+01  1.32841366e+05  1.79770705e+02
 1.33864884e+05  4.63995724e+01  1.33864884e+05  1.79768928e+02
 1.34896288e+05  4.63997872e+01  1.34896288e+05  1.79767138e+02
 1.35935639e+05  4.64000055e+01  1.35935639e+05  1.79765334e+02
 1.36982998e+05  4.64002270e+01  1.36982998e+05  1.79763516e+02
 1.38038426e+05  4.64004519e+01  1.38038426e+05  1.79761683e+02
 1.39101987e+05  4.64006806e+01  1.39101987e+05  1.79759836e+02
 1.40173742e+05  4.64009128e+01  1.40173742e+05  1.79757975e+02
 1.41253754e+05  4.64011484e+01  1.41253754e+05  1.79756099e+02
 1.42342088e+05  4.64013877e+01  1.42342088e+05  1.79754208e+02
 1.43438808e+05  4.64016309e+01  1.43438808e+05  1.79752303e+02
 1.44543977e+05  4.64018779e+01  1.44543977e+05  1.79750382e+02
 1.45657662e+05  4.64021283e+01  1.45657662e+05  1.79748447e+02
 1.46779927e+05  4.64022634e+01  1.46779927e+05  1.79746497e+02
 1.47910839e+05  4.64027623e+01  1.47910839e+05  1.79744525e+02
 1.49050464e+05  4.64029036e+01  1.49050464e+05  1.79742549e+02
 1.50198870e+05  4.64031703e+01  1.50198870e+05  1.79740552e+02
 1.51356125e+05  4.64034407e+01  1.51356125e+05  1.79738539e+02
 1.52522296e+05  4.64037157e+01  1.52522296e+05  1.79736511e+02
 1.53697452e+05  4.64039949e+01  1.53697452e+05  1.79734466e+02
 1.54881662e+05  4.64042782e+01  1.54881662e+05  1.79732405e+02
 1.56074996e+05  4.64045662e+01  1.56074996e+05  1.79730329e+02
 1.57277525e+05  4.64048585e+01  1.57277525e+05  1.79728235e+02
 1.58489319e+05  4.64051554e+01  1.58489319e+05  1.79726126e+02
 1.59710450e+05  4.64054568e+01  1.59710450e+05  1.79723999e+02
 1.60940989e+05  4.64056189e+01  1.60940989e+05  1.79721857e+02
 1.62181010e+05  4.64060739e+01  1.62181010e+05  1.79719696e+02
 1.63430584e+05  4.64063891e+01  1.63430584e+05  1.79717519e+02
 1.64689787e+05  4.64065593e+01  1.64689787e+05  1.79715325e+02
 1.65958691e+05  4.64073412e+01  1.65958691e+05  1.79713092e+02
 1.67237372e+05  4.64075213e+01  1.67237372e+05  1.79710877e+02
 1.68525904e+05  4.64077017e+01  1.68525904e+05  1.79708638e+02
 1.69824365e+05  4.64078826e+01  1.69824365e+05  1.79706374e+02
 1.71132830e+05  4.64083887e+01  1.71132830e+05  1.79704092e+02
 1.72451377e+05  4.64085751e+01  1.72451377e+05  1.79701791e+02
 1.73780083e+05  4.64090977e+01  1.73780083e+05  1.79699473e+02
 1.75119026e+05  4.64091194e+01  1.75119026e+05  1.79697127e+02
 1.76468286e+05  4.64098283e+01  1.76468286e+05  1.79694781e+02
 1.77827941e+05  4.64102020e+01  1.77827941e+05  1.79692407e+02
 1.79198072e+05  4.64107602e+01  1.79198072e+05  1.79690006e+02
 1.80578760e+05  4.64109673e+01  1.80578760e+05  1.79687603e+02
 1.81970086e+05  4.64115427e+01  1.81970086e+05  1.79685163e+02
 1.83372132e+05  4.64117566e+01  1.83372132e+05  1.79682722e+02
 1.84784980e+05  4.64123498e+01  1.84784980e+05  1.79680243e+02
 1.86208714e+05  4.64123781e+01  1.86208714e+05  1.79677762e+02
 1.87643417e+05  4.64131821e+01  1.87643417e+05  1.79675244e+02
 1.89089175e+05  4.64132113e+01  1.89089175e+05  1.79672724e+02
 1.90546072e+05  4.64138393e+01  1.90546072e+05  1.79670176e+02
 1.92014194e+05  4.64142756e+01  1.92014194e+05  1.79667606e+02
 1.93493628e+05  4.64147184e+01  1.93493628e+05  1.79665017e+02
 1.94984460e+05  4.64149571e+01  1.94984460e+05  1.79662405e+02
 1.96486779e+05  4.64158392e+01  1.96486779e+05  1.79659764e+02
 1.98000673e+05  4.64158715e+01  1.98000673e+05  1.79657121e+02
 1.99526231e+05  4.64167805e+01  1.99526231e+05  1.79654438e+02
 2.01063544e+05  4.64170384e+01  2.01063544e+05  1.79651755e+02
 2.02612701e+05  4.64177519e+01  2.02612701e+05  1.79649027e+02
 2.04173794e+05  4.64177862e+01  2.04173794e+05  1.79646299e+02
 2.05746916e+05  4.64185181e+01  2.05746916e+05  1.79643541e+02
 2.07332157e+05  4.64190270e+01  2.07332157e+05  1.79640759e+02
 2.08929613e+05  4.64193014e+01  2.08929613e+05  1.79637953e+02
 2.10539377e+05  4.64203142e+01  2.10539377e+05  1.79635115e+02
 2.12161544e+05  4.64206015e+01  2.12161544e+05  1.79632279e+02
 2.13796209e+05  4.64208887e+01  2.13796209e+05  1.79629405e+02
 2.15443469e+05  4.64219493e+01  2.15443469e+05  1.79626498e+02
 2.17103421e+05  4.64222501e+01  2.17103421e+05  1.79623593e+02
 2.18776162e+05  4.64228166e+01  2.18776162e+05  1.79620652e+02
 2.20461792e+05  4.64233923e+01  2.20461792e+05  1.79617686e+02
 2.22160409e+05  4.64242503e+01  2.22160409e+05  1.79614682e+02
 2.23872114e+05  4.64245699e+01  2.23872114e+05  1.79611684e+02
 2.25597007e+05  4.64251734e+01  2.25597007e+05  1.79608646e+02
 2.27335190e+05  4.64257848e+01  2.27335190e+05  1.79605584e+02
 2.29086765e+05  4.64264067e+01  2.29086765e+05  1.79602497e+02
 2.30851836e+05  4.64270377e+01  2.30851836e+05  1.79599385e+02
 2.32630507e+05  4.64276793e+01  2.32630507e+05  1.79596249e+02
 2.34422882e+05  4.64283300e+01  2.34422882e+05  1.79593086e+02
 2.36229066e+05  4.64293006e+01  2.36229066e+05  1.79589881e+02
 2.38049167e+05  4.64296628e+01  2.38049167e+05  1.79586685e+02
 2.39883292e+05  4.64303447e+01  2.39883292e+05  1.79583446e+02
 2.41731548e+05  4.64313619e+01  2.41731548e+05  1.79580162e+02
 2.43594045e+05  4.64317404e+01  2.43594045e+05  1.79576888e+02
 2.45470892e+05  4.64321205e+01  2.45470892e+05  1.79573564e+02
 2.47362199e+05  4.64335196e+01  2.47362199e+05  1.79570203e+02
 2.49268079e+05  4.64339171e+01  2.49268079e+05  1.79566850e+02
 2.51188643e+05  4.64346646e+01  2.51188643e+05  1.79563449e+02
 2.53124005e+05  4.64354247e+01  2.53124005e+05  1.79560021e+02
 2.55074278e+05  4.64361961e+01  2.55074278e+05  1.79556565e+02
 2.57039578e+05  4.64373459e+01  2.57039578e+05  1.79553059e+02
 2.59020020e+05  4.64381475e+01  2.59020020e+05  1.79549546e+02
 2.61015722e+05  4.64385839e+01  2.61015722e+05  1.79546026e+02
 2.63026799e+05  4.64394039e+01  2.63026799e+05  1.79542456e+02
 2.65053372e+05  4.64402379e+01  2.65053372e+05  1.79538856e+02
 2.67095559e+05  4.64406882e+01  2.67095559e+05  1.79535220e+02
 2.69153480e+05  4.64419440e+01  2.69153480e+05  1.79531568e+02
 2.71227258e+05  4.64424091e+01  2.71227258e+05  1.79527872e+02
 2.73317014e+05  4.64437029e+01  2.73317014e+05  1.79524160e+02
 2.75422870e+05  4.64446037e+01  2.75422870e+05  1.79520410e+02
 2.77544952e+05  4.64450908e+01  2.77544952e+05  1.79516622e+02
 2.79683385e+05  4.64468804e+01  2.79683385e+05  1.79512791e+02
 2.81838293e+05  4.64473902e+01  2.81838293e+05  1.79508975e+02
 2.84009805e+05  4.64487953e+01  2.84009805e+05  1.79505071e+02
 2.86198048e+05  4.64497750e+01  2.86198048e+05  1.79501164e+02
 2.88403150e+05  4.64503081e+01  2.88403150e+05  1.79497254e+02
 2.90625243e+05  4.64517800e+01  2.90625243e+05  1.79493252e+02
 2.92864456e+05  4.64523304e+01  2.92864456e+05  1.79489277e+02
 2.95120923e+05  4.64528818e+01  2.95120923e+05  1.79485229e+02
 2.97394775e+05  4.64539256e+01  2.97394775e+05  1.79481157e+02
 2.99686146e+05  4.64559821e+01  2.99686146e+05  1.79477029e+02
 3.01995172e+05  4.64555563e+01  3.01995172e+05  1.79472857e+02
 3.04321989e+05  4.64571553e+01  3.04321989e+05  1.79468738e+02
 3.06666733e+05  4.64587869e+01  3.06666733e+05  1.79464540e+02
 3.09029543e+05  4.64604524e+01  3.09029543e+05  1.79460260e+02
 3.11410558e+05  4.64610755e+01  3.11410558e+05  1.79456016e+02
 3.13809919e+05  4.64627924e+01  3.13809919e+05  1.79451664e+02
 3.16227766e+05  4.64634358e+01  3.16227766e+05  1.79447349e+02
 3.18664242e+05  4.64640802e+01  3.18664242e+05  1.79442948e+02
 3.21119491e+05  4.64652989e+01  3.21119491e+05  1.79438523e+02
 3.23593657e+05  4.64671164e+01  3.23593657e+05  1.79434074e+02
 3.26086886e+05  4.64683824e+01  3.26086886e+05  1.79429575e+02
 3.28599325e+05  4.64696678e+01  3.28599325e+05  1.79425037e+02
 3.31131121e+05  4.64709723e+01  3.31131121e+05  1.79420461e+02
 3.33682425e+05  4.64729169e+01  3.33682425e+05  1.79415802e+02
 3.36253386e+05  4.64742714e+01  3.36253386e+05  1.79411148e+02
 3.38844156e+05  4.64743746e+01  3.38844156e+05  1.79406483e+02
 3.41454887e+05  4.64757546e+01  3.41454887e+05  1.79401749e+02
 3.44085734e+05  4.64784682e+01  3.44085734e+05  1.79396945e+02
 3.46736850e+05  4.64792434e+01  3.46736850e+05  1.79392179e+02
 3.49408393e+05  4.64806986e+01  3.49408393e+05  1.79387324e+02
 3.52100520e+05  4.64828644e+01  3.52100520e+05  1.79382376e+02
 3.54813389e+05  4.64836763e+01  3.54813389e+05  1.79377489e+02
 3.57547160e+05  4.64852018e+01  3.57547160e+05  1.79372508e+02
 3.60301995e+05  4.64860312e+01  3.60301995e+05  1.79367464e+02
 3.63078055e+05  4.64883233e+01  3.63078055e+05  1.79362418e+02
 3.65875504e+05  4.64899196e+01  3.65875504e+05  1.79357307e+02
 3.68694506e+05  4.64907869e+01  3.68694506e+05  1.79352131e+02
 3.71535229e+05  4.64931886e+01  3.71535229e+05  1.79346954e+02
 3.74397839e+05  4.64956393e+01  3.74397839e+05  1.79341650e+02
 3.77282505e+05  4.64965624e+01  3.77282505e+05  1.79336421e+02
 3.80189396e+05  4.64982878e+01  3.80189396e+05  1.79331086e+02
 3.83118685e+05  4.65008549e+01  3.83118685e+05  1.79325640e+02
 3.86070543e+05  4.65018208e+01  3.86070543e+05  1.79320276e+02
 3.89045145e+05  4.65044690e+01  3.89045145e+05  1.79314733e+02
 3.92042666e+05  4.65046144e+01  3.92042666e+05  1.79309249e+02
 3.95063281e+05  4.65064668e+01  3.95063281e+05  1.79303677e+02
 3.98107171e+05  4.65092272e+01  3.98107171e+05  1.79298084e+02
 4.01174512e+05  4.65111510e+01  4.01174512e+05  1.79292414e+02
 4.04265487e+05  4.65131062e+01  4.04265487e+05  1.79286694e+02
 4.07380278e+05  4.65150917e+01  4.07380278e+05  1.79280923e+02
 4.10519067e+05  4.65171072e+01  4.10519067e+05  1.79275102e+02
 4.13682040e+05  4.65191566e+01  4.13682040e+05  1.79269229e+02
 4.16869383e+05  4.65212386e+01  4.16869383e+05  1.79263303e+02
 4.20081285e+05  4.65223704e+01  4.20081285e+05  1.79257291e+02
 4.23317933e+05  4.65254971e+01  4.23317933e+05  1.79251294e+02
 4.26579519e+05  4.65276765e+01  4.26579519e+05  1.79245210e+02
 4.29866235e+05  4.65298914e+01  4.29866235e+05  1.79239070e+02
 4.33178274e+05  4.65321405e+01  4.33178274e+05  1.79232876e+02
 4.36515832e+05  4.65333678e+01  4.36515832e+05  1.79226587e+02
 4.39879106e+05  4.65367453e+01  4.39879106e+05  1.79220320e+02
 4.43268292e+05  4.65391014e+01  4.43268292e+05  1.79213957e+02
 4.46683592e+05  4.65403897e+01  4.46683592e+05  1.79207494e+02
 4.50125206e+05  4.65450500e+01  4.50125206e+05  1.79200956e+02
 4.53593337e+05  4.65452566e+01  4.53593337e+05  1.79194475e+02
 4.57088190e+05  4.65500662e+01  4.57088190e+05  1.79187816e+02
 4.60609969e+05  4.65502771e+01  4.60609969e+05  1.79181219e+02
 4.64158883e+05  4.65552393e+01  4.64158883e+05  1.79174436e+02
 4.67735141e+05  4.65578870e+01  4.67735141e+05  1.79167654e+02
 4.71338954e+05  4.65581125e+01  4.71338954e+05  1.79160875e+02
 4.74970533e+05  4.65620571e+01  4.74970533e+05  1.79154021e+02
 4.78630092e+05  4.65648145e+01  4.78630092e+05  1.79147053e+02
 4.82317848e+05  4.65689044e+01  4.82317848e+05  1.79139895e+02
 4.86034018e+05  4.65691456e+01  4.86034018e+05  1.79132865e+02
 4.89778819e+05  4.65746760e+01  4.89778819e+05  1.79125627e+02
 4.93552474e+05  4.65762803e+01  4.93552474e+05  1.79118526e+02
 4.97355204e+05  4.65806339e+01  4.97355204e+05  1.79111091e+02
 5.01187234e+05  4.65836815e+01  5.01187234e+05  1.79103720e+02
 5.05048788e+05  4.65853627e+01  5.05048788e+05  1.79096423e+02
 5.08940095e+05  4.65884904e+01  5.08940095e+05  1.79088916e+02
 5.12861384e+05  4.65916594e+01  5.12861384e+05  1.79081339e+02
 5.16812886e+05  4.65963661e+01  5.16812886e+05  1.79073538e+02
 5.20794833e+05  4.65996672e+01  5.20794833e+05  1.79065812e+02
 5.24807460e+05  4.65999628e+01  5.24807460e+05  1.79058101e+02
 5.28851004e+05  4.66048705e+01  5.28851004e+05  1.79050303e+02
 5.32925703e+05  4.66067252e+01  5.32925703e+05  1.79042282e+02
 5.37031796e+05  4.66101899e+01  5.37031796e+05  1.79034259e+02
 5.41169527e+05  4.66153325e+01  5.41169527e+05  1.79026236e+02
 5.45339137e+05  4.66189317e+01  5.45339137e+05  1.79018059e+02
 5.49540874e+05  4.66225867e+01  5.49540874e+05  1.79009803e+02
 5.53774984e+05  4.66263049e+01  5.53774984e+05  1.79001465e+02
 5.58041717e+05  4.66283508e+01  5.58041717e+05  1.78992960e+02
 5.62341325e+05  4.66339131e+01  5.62341325e+05  1.78984546e+02
 5.66674061e+05  4.66378042e+01  5.66674061e+05  1.78975963e+02
 5.71040179e+05  4.66399538e+01  5.71040179e+05  1.78967200e+02
 5.75439937e+05  4.66457820e+01  5.75439937e+05  1.78958539e+02
 5.79873595e+05  4.66498666e+01  5.79873595e+05  1.78949698e+02
 5.84341413e+05  4.66559082e+01  5.84341413e+05  1.78940551e+02
 5.88843655e+05  4.66582289e+01  5.88843655e+05  1.78931751e+02
 5.93380586e+05  4.66644666e+01  5.93380586e+05  1.78922414e+02
 5.97952473e+05  4.66648774e+01  5.97952473e+05  1.78913334e+02
 6.02559586e+05  4.66712843e+01  6.02559586e+05  1.78904150e+02
 6.07202196e+05  4.66757739e+01  6.07202196e+05  1.78894763e+02
 6.11880576e+05  4.66824149e+01  6.11880576e+05  1.78885031e+02
 6.16595002e+05  4.66849740e+01  6.16595002e+05  1.78875701e+02
 6.21345752e+05  4.66896852e+01  6.21345752e+05  1.78866025e+02
 6.26133105e+05  4.66944692e+01  6.26133105e+05  1.78856249e+02
 6.30957344e+05  4.66971222e+01  6.30957344e+05  1.78846245e+02
 6.35818754e+05  4.67042715e+01  6.35818754e+05  1.78836393e+02
 6.40717619e+05  4.67070109e+01  6.40717619e+05  1.78826177e+02
 6.45654229e+05  4.67190051e+01  6.45654229e+05  1.78815112e+02
 6.50628875e+05  4.67195711e+01  6.50628875e+05  1.78805829e+02
 6.55641849e+05  4.67248319e+01  6.55641849e+05  1.78795428e+02
 6.60693448e+05  4.67326019e+01  6.60693448e+05  1.78784604e+02
 6.65783968e+05  4.67356191e+01  6.65783968e+05  1.78774293e+02
 6.70913710e+05  4.67436370e+01  6.70913710e+05  1.78763230e+02
 6.76082975e+05  4.67442220e+01  6.76082975e+05  1.78752548e+02
 6.81292069e+05  4.67524597e+01  6.81292069e+05  1.78741740e+02
 6.86541298e+05  4.67556394e+01  6.86541298e+05  1.78730489e+02
 6.91830971e+05  4.67641391e+01  6.91830971e+05  1.78719452e+02
 6.97161400e+05  4.67728169e+01  6.97161400e+05  1.78707760e+02
 7.02532899e+05  4.67789385e+01  7.02532899e+05  1.78696303e+02
 7.07945784e+05  4.67823762e+01  7.07945784e+05  1.78685103e+02
 7.13400375e+05  4.67886549e+01  7.13400375e+05  1.78673402e+02
 7.18896992e+05  4.67950391e+01  7.18896992e+05  1.78661571e+02
 7.24435960e+05  4.68015192e+01  7.24435960e+05  1.78649610e+02
 7.30017605e+05  4.68081056e+01  7.30017605e+05  1.78637516e+02
 7.35642254e+05  4.68148025e+01  7.35642254e+05  1.78625286e+02
 7.41310241e+05  4.68216094e+01  7.41310241e+05  1.78612918e+02
 7.47021899e+05  4.68285195e+01  7.47021899e+05  1.78600412e+02
 7.52777564e+05  4.68355485e+01  7.52777564e+05  1.78587764e+02
 7.58577575e+05  4.68458817e+01  7.58577575e+05  1.78574501e+02
 7.64422274e+05  4.68499460e+01  7.64422274e+05  1.78562033e+02
 7.70312006e+05  4.68507453e+01  7.70312006e+05  1.78547745e+02
 7.76247117e+05  4.68648141e+01  7.76247117e+05  1.78535708e+02
 7.82227956e+05  4.68724336e+01  7.82227956e+05  1.78522315e+02
 7.88254877e+05  4.68801801e+01  7.88254877e+05  1.78508767e+02
 7.94328235e+05  4.68845413e+01  7.94328235e+05  1.78494800e+02
 8.00448386e+05  4.68960437e+01  8.00448386e+05  1.78481192e+02
 8.06615692e+05  4.69041773e+01  8.06615692e+05  1.78467159e+02
 8.12830516e+05  4.69124375e+01  8.12830516e+05  1.78452961e+02
 8.19093224e+05  4.69245551e+01  8.19093224e+05  1.78437999e+02
 8.25404185e+05  4.69293750e+01  8.25404185e+05  1.78424049e+02
 8.31763771e+05  4.69380585e+01  8.31763771e+05  1.78409331e+02
 8.38172356e+05  4.69468748e+01  8.38172356e+05  1.78394435e+02
 8.44630319e+05  4.69518785e+01  8.44630319e+05  1.78379044e+02
 8.51138038e+05  4.69649490e+01  8.51138038e+05  1.78364095e+02
 8.57695899e+05  4.69782977e+01  8.57695899e+05  1.78347963e+02
 8.64304286e+05  4.69794880e+01  8.64304286e+05  1.78332665e+02
 8.70963590e+05  4.69974044e+01  8.70963590e+05  1.78316452e+02
 8.77674203e+05  4.70072027e+01  8.77674203e+05  1.78300399e+02
 8.84436519e+05  4.70084871e+01  8.84436519e+05  1.78284528e+02
 8.91250938e+05  4.70272911e+01  8.91250938e+05  1.78267679e+02
 8.98117861e+05  4.70286335e+01  8.98117861e+05  1.78251412e+02
 9.05037692e+05  4.70480455e+01  9.05037692e+05  1.78234122e+02
 9.12010839e+05  4.70540824e+01  9.12010839e+05  1.78217833e+02
 9.19037713e+05  4.70601291e+01  9.19037713e+05  1.78200124e+02
 9.26118728e+05  4.70804898e+01  9.26118728e+05  1.78182141e+02
 9.33254301e+05  4.70868485e+01  9.33254301e+05  1.78165231e+02
 9.40444852e+05  4.70981414e+01  9.40444852e+05  1.78147234e+02
 9.47690805e+05  4.71096137e+01  9.47690805e+05  1.78128999e+02
 9.54992586e+05  4.71263546e+01  9.54992586e+05  1.78109580e+02
 9.62350626e+05  4.71331729e+01  9.62350626e+05  1.78091788e+02
 9.69765359e+05  4.71452437e+01  9.69765359e+05  1.78072807e+02
 9.77237221e+05  4.71575228e+01  9.77237221e+05  1.78053567e+02
 9.84766652e+05  4.71699956e+01  9.84766652e+05  1.78034066e+02
 9.92354096e+05  4.71772253e+01  9.92354096e+05  1.78013788e+02
 1.00000000e+06  4.72011297e+01  1.00000000e+06  1.77993172e+02
 1.00770481e+06  4.72030800e+01  1.00770481e+06  1.77973392e+02
 1.01546899e+06  4.72220705e+01  1.01546899e+06  1.77953313e+02
 1.02329299e+06  4.72356385e+01  1.02329299e+06  1.77932410e+02
 1.03117727e+06  4.72494583e+01  1.03117727e+06  1.77911210e+02
 1.03912230e+06  4.72574987e+01  1.03912230e+06  1.77889132e+02
 1.04712855e+06  4.72716971e+01  1.04712855e+06  1.77867305e+02
 1.05519648e+06  4.72923059e+01  1.05519648e+06  1.77845769e+02
 1.06332657e+06  4.73070646e+01  1.06332657e+06  1.77823320e+02
 1.07151931e+06  4.73221037e+01  1.07151931e+06  1.77800536e+02
 1.07977516e+06  4.73374027e+01  1.07977516e+06  1.77777416e+02
 1.08809463e+06  4.73529431e+01  1.08809463e+06  1.77753956e+02
 1.09647820e+06  4.73754304e+01  1.09647820e+06  1.77728717e+02
 1.10492636e+06  4.73848538e+01  1.10492636e+06  1.77705967e+02
 1.11343961e+06  4.74080957e+01  1.11343961e+06  1.77679935e+02
 1.12201845e+06  4.74178839e+01  1.12201845e+06  1.77656508e+02
 1.13066340e+06  4.74348301e+01  1.13066340e+06  1.77631206e+02
 1.13937495e+06  4.74592592e+01  1.13937495e+06  1.77603913e+02
 1.14815362e+06  4.74696091e+01  1.14815362e+06  1.77579414e+02
 1.15699993e+06  4.74726163e+01  1.15699993e+06  1.77548854e+02
 1.16591440e+06  4.75056083e+01  1.16591440e+06  1.77525980e+02
 1.17489755e+06  4.75317378e+01  1.17489755e+06  1.77496864e+02
 1.18394992e+06  4.75351280e+01  1.18394992e+06  1.77469972e+02
 1.19307204e+06  4.75699180e+01  1.19307204e+06  1.77440729e+02
 1.20226443e+06  4.75815055e+01  1.20226443e+06  1.77413858e+02
 1.21152766e+06  4.75931682e+01  1.21152766e+06  1.77383768e+02
 1.22086225e+06  4.76297388e+01  1.22086225e+06  1.77353029e+02
 1.23026877e+06  4.76420242e+01  1.23026877e+06  1.77324838e+02
 1.23974776e+06  4.76629315e+01  1.23974776e+06  1.77294161e+02
 1.24929979e+06  4.76841689e+01  1.24929979e+06  1.77262971e+02
 1.25892541e+06  4.76970408e+01  1.25892541e+06  1.77230229e+02
 1.26862520e+06  4.77278678e+01  1.26862520e+06  1.77198965e+02
 1.27839972e+06  4.77502928e+01  1.27839972e+06  1.77166130e+02
 1.28824955e+06  4.77731220e+01  1.28824955e+06  1.77132719e+02
 1.29817528e+06  4.77963670e+01  1.29817528e+06  1.77098723e+02
 1.30817747e+06  4.78295314e+01  1.30817747e+06  1.77061666e+02
 1.31825674e+06  4.78345104e+01  1.31825674e+06  1.77027730e+02
 1.32841366e+06  4.78686855e+01  1.32841366e+06  1.76993019e+02
 1.33864884e+06  4.79035970e+01  1.33864884e+06  1.76953876e+02
 1.34896288e+06  4.79392265e+01  1.34896288e+06  1.76910050e+02
 1.35935639e+06  4.79450341e+01  1.35935639e+06  1.76881422e+02
 1.36982998e+06  4.79714389e+01  1.36982998e+06  1.76842830e+02
 1.38038426e+06  4.80088605e+01  1.38038426e+06  1.76800629e+02
 1.39101987e+06  4.80257008e+01  1.39101987e+06  1.76763443e+02
 1.40173742e+06  4.80535702e+01  1.40173742e+06  1.76722606e+02
 1.41253754e+06  4.80819907e+01  1.41253754e+06  1.76680985e+02
 1.42342088e+06  4.80996785e+01  1.42342088e+06  1.76637113e+02
 1.43438808e+06  4.81404145e+01  1.43438808e+06  1.76595266e+02
 1.44543977e+06  4.81704480e+01  1.44543977e+06  1.76551131e+02
 1.45657662e+06  4.81892795e+01  1.45657662e+06  1.76504592e+02
 1.46779927e+06  4.82441696e+01  1.46779927e+06  1.76456681e+02
 1.47910839e+06  4.82518857e+01  1.47910839e+06  1.76411720e+02
 1.49050464e+06  4.82964018e+01  1.49050464e+06  1.76365462e+02
 1.50198870e+06  4.83294153e+01  1.50198870e+06  1.76316627e+02
 1.51356125e+06  4.83630416e+01  1.51356125e+06  1.76266771e+02
 1.52522296e+06  4.83844212e+01  1.52522296e+06  1.76214136e+02
 1.53697452e+06  4.84453647e+01  1.53697452e+06  1.76159811e+02
 1.54881662e+06  4.84679063e+01  1.54881662e+06  1.76110725e+02
 1.56074996e+06  4.85042441e+01  1.56074996e+06  1.76056430e+02
 1.57277525e+06  4.85549736e+01  1.57277525e+06  1.75996619e+02
 1.58489319e+06  4.85790479e+01  1.58489319e+06  1.75944236e+02
 1.59710450e+06  4.86316611e+01  1.59710450e+06  1.75881706e+02
 1.60940989e+06  4.86568434e+01  1.60940989e+06  1.75826943e+02
 1.62181010e+06  4.87114784e+01  1.62181010e+06  1.75761487e+02
 1.63430584e+06  4.87377414e+01  1.63430584e+06  1.75704220e+02
 1.64689787e+06  4.87794387e+01  1.64689787e+06  1.75640692e+02
 1.65958691e+06  4.88219680e+01  1.65958691e+06  1.75575669e+02
 1.67237372e+06  4.88808136e+01  1.67237372e+06  1.75503838e+02
 1.68525904e+06  4.89096332e+01  1.68525904e+06  1.75440917e+02
 1.69824365e+06  4.89388126e+01  1.69824365e+06  1.75368804e+02
 1.71132830e+06  4.90009013e+01  1.71132830e+06  1.75299516e+02
 1.72451377e+06  4.90644143e+01  1.72451377e+06  1.75220360e+02
 1.73780083e+06  4.90959943e+01  1.73780083e+06  1.75150978e+02
 1.75119026e+06  4.91280309e+01  1.75119026e+06  1.75071412e+02
 1.76468286e+06  4.91778360e+01  1.76468286e+06  1.74992277e+02
 1.77827941e+06  4.92462471e+01  1.77827941e+06  1.74913614e+02
 1.79198072e+06  4.92984392e+01  1.79198072e+06  1.74830336e+02
 1.80578760e+06  4.93517690e+01  1.80578760e+06  1.74744828e+02
 1.81970086e+06  4.94062355e+01  1.81970086e+06  1.74657013e+02
 1.83372132e+06  4.94618923e+01  1.83372132e+06  1.74566792e+02
 1.84784980e+06  4.95376285e+01  1.84784980e+06  1.74466843e+02
 1.86208714e+06  4.95960252e+01  1.86208714e+06  1.74371359e+02
 1.87643417e+06  4.96361922e+01  1.87643417e+06  1.74280840e+02
 1.89089175e+06  4.96968944e+01  1.89089175e+06  1.74180042e+02
 1.90546072e+06  4.97589497e+01  1.90546072e+06  1.74076333e+02
 1.92014194e+06  4.98427354e+01  1.92014194e+06  1.73961357e+02
 1.93493628e+06  4.99079270e+01  1.93493628e+06  1.73851198e+02
 1.94984460e+06  4.99745691e+01  1.94984460e+06  1.73737751e+02
 1.96486779e+06  5.00213765e+01  1.96486779e+06  1.73629736e+02
 1.98000673e+06  5.00690364e+01  1.98000673e+06  1.73506187e+02
 1.99526231e+06  5.01397549e+01  1.99526231e+06  1.73382053e+02
 2.01063544e+06  5.02568111e+01  2.01063544e+06  1.73247766e+02
 2.02612701e+06  5.03088736e+01  2.02612701e+06  1.73125229e+02
 2.04173794e+06  5.04080197e+01  2.04173794e+06  1.72978701e+02
 2.05746916e+06  5.04629691e+01  2.05746916e+06  1.72847839e+02
 2.07332157e+06  5.05428207e+01  2.07332157e+06  1.72702133e+02
 2.08929613e+06  5.06246184e+01  2.08929613e+06  1.72551456e+02
 2.10539377e+06  5.07083662e+01  2.10539377e+06  1.72395595e+02
 2.12161544e+06  5.07692579e+01  2.12161544e+06  1.72230548e+02
 2.13796209e+06  5.08821916e+01  2.13796209e+06  1.72067169e+02
 2.15443469e+06  5.09466843e+01  2.15443469e+06  1.71890220e+02
 2.17103421e+06  5.10649004e+01  2.17103421e+06  1.71714473e+02
 2.18776162e+06  5.11861410e+01  2.18776162e+06  1.71515458e+02
 2.20461792e+06  5.12570305e+01  2.20461792e+06  1.71334940e+02
 2.22160409e+06  5.13568190e+01  2.22160409e+06  1.71134211e+02
 2.23872114e+06  5.14868958e+01  2.23872114e+06  1.70911701e+02
 2.25597007e+06  5.15644332e+01  2.25597007e+06  1.70708594e+02
 2.27335190e+06  5.16724008e+01  2.27335190e+06  1.70482826e+02
 2.29086765e+06  5.17833418e+01  2.29086765e+06  1.70247678e+02
 2.30851836e+06  5.18972663e+01  2.30851836e+06  1.70002678e+02
 2.32630507e+06  5.19842959e+01  2.32630507e+06  1.69743110e+02
 2.34422882e+06  5.21041787e+01  2.34422882e+06  1.69476437e+02
 2.36229066e+06  5.22275081e+01  2.36229066e+06  1.69197877e+02
 2.38049167e+06  5.23543446e+01  2.38049167e+06  1.68906762e+02
 2.39883292e+06  5.25481605e+01  2.39883292e+06  1.68588537e+02
 2.41731548e+06  5.26190337e+01  2.41731548e+06  1.68283187e+02
 2.43594045e+06  5.28226888e+01  2.43594045e+06  1.67934145e+02
 2.45470892e+06  5.29330187e+01  2.45470892e+06  1.67602225e+02
 2.47362199e+06  5.30463636e+01  2.47362199e+06  1.67229850e+02
 2.49268079e+06  5.32318518e+01  2.49268079e+06  1.66846625e+02
 2.51188643e+06  5.33533272e+01  2.51188643e+06  1.66435236e+02
 2.53124005e+06  5.35140432e+01  2.53124005e+06  1.66005951e+02
 2.55074278e+06  5.37513288e+01  2.55074278e+06  1.65534474e+02
 2.57039578e+06  5.39234666e+01  2.57039578e+06  1.65055545e+02
 2.59020020e+06  5.41011491e+01  2.59020020e+06  1.64549095e+02
 2.61015722e+06  5.42474946e+01  2.61015722e+06  1.64037465e+02
 2.63026799e+06  5.44364585e+01  2.63026799e+06  1.63469748e+02
 2.65053372e+06  5.45930555e+01  2.65053372e+06  1.62863833e+02
 2.67095559e+06  5.48336087e+01  2.67095559e+06  1.62225907e+02
 2.69153480e+06  5.50421550e+01  2.69153480e+06  1.61543300e+02
 2.71227258e+06  5.52580024e+01  2.71227258e+06  1.60815007e+02
 2.73317014e+06  5.55217041e+01  2.73317014e+06  1.60007087e+02
 2.75422870e+06  5.57121412e+01  2.75422870e+06  1.59203823e+02
 2.77544952e+06  5.59089165e+01  2.77544952e+06  1.58308925e+02
 2.79683385e+06  5.62403490e+01  2.79683385e+06  1.57318145e+02
 2.81838293e+06  5.64964680e+01  2.81838293e+06  1.56284102e+02
 2.84009805e+06  5.67614297e+01  2.84009805e+06  1.55168678e+02
 2.86198048e+06  5.69913834e+01  2.86198048e+06  1.53999424e+02
 2.88403150e+06  5.72734974e+01  2.88403150e+06  1.52695314e+02
 2.90625243e+06  5.75646750e+01  2.90625243e+06  1.51279952e+02
 2.92864456e+06  5.78645897e+01  2.92864456e+06  1.49740868e+02
 2.95120923e+06  5.81262809e+01  2.95120923e+06  1.48065560e+02
 2.97394775e+06  5.85804053e+01  2.97394775e+06  1.46110550e+02
 2.99686146e+06  5.88123665e+01  2.99686146e+06  1.44231106e+02
 3.01995172e+06  5.91410967e+01  3.01995172e+06  1.42038798e+02
 3.04321989e+06  5.95670997e+01  3.04321989e+06  1.39504524e+02
 3.06666733e+06  5.97576640e+01  3.06666733e+06  1.37003146e+02
 3.09029543e+06  6.01376974e+01  3.09029543e+06  1.34108714e+02
 3.11410558e+06  6.05105906e+01  3.11410558e+06  1.30894548e+02
 3.13809919e+06  6.08220624e+01  3.13809919e+06  1.27433690e+02
 3.16227766e+06  6.10139347e+01  3.16227766e+06  1.23713878e+02
 3.18664242e+06  6.12774863e+01  3.18664242e+06  1.19630751e+02
 3.21119491e+06  6.15040666e+01  3.21119491e+06  1.15241185e+02
 3.23593657e+06  6.17355709e+01  3.23593657e+06  1.10573301e+02
 3.26086886e+06  6.18597657e+01  3.26086886e+06  1.05659664e+02
 3.28599325e+06  6.19197793e+01  3.28599325e+06  1.00561555e+02
 3.31131121e+06  6.19097065e+01  3.31131121e+06  9.53536792e+01
 3.33682425e+06  6.17730559e+01  3.33682425e+06  9.00955847e+01
 3.36253386e+06  6.17253227e+01  3.36253386e+06  8.49301600e+01
 3.38844156e+06  6.15031343e+01  3.38844156e+06  7.99086485e+01
 3.41454887e+06  6.11636649e+01  3.41454887e+06  7.51124435e+01
 3.44085734e+06  6.08274104e+01  3.44085734e+06  7.05625605e+01
 3.46736850e+06  6.04488203e+01  3.46736850e+06  6.63083140e+01
 3.49408393e+06  5.99765631e+01  3.49408393e+06  6.23098626e+01
 3.52100520e+06  5.96016227e+01  3.52100520e+06  5.87339801e+01
 3.54813389e+06  5.91494772e+01  3.54813389e+06  5.54061757e+01
 3.57547160e+06  5.86873718e+01  3.57547160e+06  5.23655955e+01
 3.60301995e+06  5.82203645e+01  3.60301995e+06  4.95925527e+01
 3.63078055e+06  5.78206894e+01  3.63078055e+06  4.70609140e+01
 3.65875504e+06  5.72172942e+01  3.65875504e+06  4.46930919e+01
 3.68694506e+06  5.67546348e+01  3.68694506e+06  4.25904571e+01
 3.71535229e+06  5.64433627e+01  3.71535229e+06  4.07344534e+01
 3.74397839e+06  5.59972671e+01  3.74397839e+06  3.89782168e+01
 3.77282505e+06  5.54084930e+01  3.77282505e+06  3.73055012e+01
 3.80189396e+06  5.50530513e+01  3.80189396e+06  3.59023816e+01
 3.83118685e+06  5.46310842e+01  3.83118685e+06  3.45451758e+01
 3.86070543e+06  5.42980561e+01  3.86070543e+06  3.32813743e+01
 3.89045145e+06  5.38142600e+01  3.89045145e+06  3.21400741e+01
 3.92042666e+06  5.33364279e+01  3.92042666e+06  3.09948397e+01
 3.95063281e+06  5.30323726e+01  3.95063281e+06  3.00820578e+01
 3.98107171e+06  5.26542034e+01  3.98107171e+06  2.91629689e+01
 4.01174512e+06  5.22841607e+01  4.01174512e+06  2.83079294e+01
 4.04265487e+06  5.19219386e+01  4.04265487e+06  2.75112716e+01
 4.07380278e+06  5.15672633e+01  4.07380278e+06  2.67676997e+01
 4.10519067e+06  5.12199164e+01  4.10519067e+06  2.60724573e+01
 4.13682040e+06  5.09723186e+01  4.13682040e+06  2.53949539e+01
 4.16869383e+06  5.05457940e+01  4.16869383e+06  2.48115102e+01
 4.20081285e+06  5.03146515e+01  4.20081285e+06  2.42084679e+01
 4.23317933e+06  4.99951779e+01  4.23317933e+06  2.36683544e+01
 4.26579519e+06  4.95825602e+01  4.26579519e+06  2.31930649e+01
 4.29866235e+06  4.92728855e+01  4.29866235e+06  2.27155022e+01
 4.33178274e+06  4.89689354e+01  4.33178274e+06  2.22645442e+01
 4.36515832e+06  4.86699305e+01  4.36515832e+06  2.18389674e+01
 4.39879106e+06  4.83760006e+01  4.39879106e+06  2.14367747e+01
 4.43268292e+06  4.81943594e+01  4.43268292e+06  2.10139660e+01
 4.46683592e+06  4.78024962e+01  4.46683592e+06  2.06953278e+01
 4.50125206e+06  4.74108078e+01  4.50125206e+06  2.02550124e+01
 4.53593337e+06  4.72464584e+01  4.53593337e+06  2.00292492e+01
 4.57088190e+06  4.70890120e+01  4.57088190e+06  1.96724052e+01
 4.60609969e+06  4.67069263e+01  4.60609969e+06  1.94292704e+01
 4.64158883e+06  4.64427035e+01  4.64158883e+06  1.91511806e+01
 4.67735141e+06  4.60610421e+01  4.67735141e+06  1.87801524e+01
 4.71338954e+06  4.56857840e+01  4.71338954e+06  1.82570405e+01
 4.74970533e+06  4.56707309e+01  4.74970533e+06  1.83960999e+01
 4.78630092e+06  4.52935741e+01  4.78630092e+06  1.80556003e+01
 4.82317848e+06  4.51725524e+01  4.82317848e+06  1.79508760e+01
 4.86034018e+06  4.49281625e+01  4.86034018e+06  1.77436018e+01
 4.89778819e+06  4.46865876e+01  4.89778819e+06  1.75460313e+01
 4.93552474e+06  4.44472607e+01  4.93552474e+06  1.73577769e+01
 4.97355204e+06  4.42111108e+01  4.97355204e+06  1.71781075e+01
 5.01187234e+06  4.41151413e+01  5.01187234e+06  1.69324916e+01
 5.05048788e+06  4.38861930e+01  5.05048788e+06  1.67662122e+01
 5.08940095e+06  4.35171489e+01  5.08940095e+06  1.66865359e+01
 5.12861384e+06  4.32907723e+01  5.12861384e+06  1.65373971e+01
 5.16812886e+06  4.29180005e+01  5.16812886e+06  1.62596067e+01
 5.20794833e+06  4.28439266e+01  5.20794833e+06  1.62591294e+01
 5.24807460e+06  4.26240982e+01  5.24807460e+06  1.61293684e+01
 5.28851004e+06  4.25594567e+01  5.28851004e+06  1.59134559e+01
 5.32925703e+06  4.23457332e+01  5.32925703e+06  1.57925738e+01
 5.37031796e+06  4.19758054e+01  5.37031796e+06  1.57739537e+01
 5.41169527e+06  4.16002284e+01  5.41169527e+06  1.55142899e+01
 5.45339137e+06  4.13869983e+01  5.45339137e+06  1.54087490e+01
 5.49540874e+06  4.11754676e+01  5.49540874e+06  1.53076220e+01
 5.53774984e+06  4.09655375e+01  5.53774984e+06  1.52111144e+01
 5.58041717e+06  4.09308350e+01  5.58041717e+06  1.52834865e+01
 5.62341325e+06  4.09004160e+01  5.62341325e+06  1.50836336e+01
 5.66674061e+06  4.05242132e+01  5.66674061e+06  1.51182155e+01
 5.71040179e+06  4.03228120e+01  5.71040179e+06  1.50420483e+01
 5.75439937e+06  4.03052521e+01  5.75439937e+06  1.48438435e+01
 5.79873595e+06  3.99250070e+01  5.79873595e+06  1.49000841e+01
 5.84341413e+06  3.99157333e+01  5.84341413e+06  1.47021292e+01
 5.88843655e+06  3.95324316e+01  5.88843655e+06  1.47723452e+01
 5.93380586e+06  3.93382056e+01  5.93380586e+06  1.47135520e+01
 5.97952473e+06  3.91450501e+01  5.97952473e+06  1.46581219e+01
 6.02559586e+06  3.91526456e+01  6.02559586e+06  1.44588154e+01
 6.07202196e+06  3.87625627e+01  6.07202196e+06  1.45562701e+01
 6.11880576e+06  3.85727633e+01  6.11880576e+06  1.45099569e+01
 6.16595002e+06  3.85933621e+01  6.16595002e+06  1.43069380e+01
 6.21345752e+06  3.84091250e+01  6.21345752e+06  1.42618940e+01
 6.26133105e+06  3.80104109e+01  6.26133105e+06  1.43877551e+01
 6.30957344e+06  3.80435996e+01  6.30957344e+06  1.41802630e+01
 6.35818754e+06  3.76407037e+01  6.35818754e+06  1.43195420e+01
 6.40717619e+06  3.70180155e+01  6.40717619e+06  1.34094559e+01
 6.45654229e+06  3.75037793e+01  6.45654229e+06  1.40748519e+01
 6.50628875e+06  3.70928999e+01  6.50628875e+06  1.42358035e+01
 6.55641849e+06  3.69124093e+01  6.55641849e+06  1.42120894e+01
 6.60693448e+06  3.67325023e+01  6.60693448e+06  1.41916381e+01
 6.65783968e+06  3.63040847e+01  6.65783968e+06  1.39073891e+01
 6.70913710e+06  3.63751771e+01  6.70913710e+06  1.41563532e+01
 6.76082975e+06  3.61976719e+01  6.76082975e+06  1.41421592e+01
 6.81292069e+06  3.57597880e+01  6.81292069e+06  1.38459093e+01
 6.86541298e+06  3.61038362e+01  6.86541298e+06  1.38918866e+01
 6.91830971e+06  3.54006606e+01  6.91830971e+06  1.38152164e+01
 6.97161400e+06  3.54953418e+01  6.97161400e+06  1.41052297e+01
 7.02532899e+06  3.53221522e+01  7.02532899e+06  1.41001698e+01
 7.07945784e+06  3.54233426e+01  7.07945784e+06  1.38465977e+01
 7.13400375e+06  3.49766962e+01  7.13400375e+06  1.40975990e+01
 7.18896992e+06  3.48048479e+01  7.18896992e+06  1.40987953e+01
 7.24435960e+06  3.43372243e+01  7.24435960e+06  1.37641471e+01
 7.30017605e+06  3.44630831e+01  7.30017605e+06  1.41067022e+01
 7.35642254e+06  3.45894605e+01  7.35642254e+06  1.38285191e+01
 7.41310241e+06  3.41240284e+01  7.41310241e+06  1.41207941e+01
 7.47021899e+06  3.39551268e+01  7.47021899e+06  1.41311739e+01
 7.52777564e+06  3.37867199e+01  7.52777564e+06  1.41419841e+01
 7.58577575e+06  3.36190263e+01  7.58577575e+06  1.41553833e+01
 7.64422274e+06  3.34519303e+01  7.64422274e+06  1.41703765e+01
 7.70312006e+06  3.29491671e+01  7.70312006e+06  1.37849004e+01
 7.76247117e+06  3.31191547e+01  7.76247117e+06  1.42049254e+01
 7.82227956e+06  3.29532692e+01  7.82227956e+06  1.42252812e+01
 7.88254877e+06  3.24356770e+01  7.88254877e+06  1.38159103e+01
 7.94328235e+06  3.26233188e+01  7.94328235e+06  1.42684759e+01
 8.00448386e+06  3.24597048e+01  8.00448386e+06  1.42919771e+01
 8.06615692e+06  3.26514841e+01  8.06615692e+06  1.39362322e+01
 8.12830516e+06  3.21321299e+01  8.12830516e+06  1.43458733e+01
 8.19093224e+06  3.19686657e+01  8.19093224e+06  1.43755235e+01
 8.25404185e+06  3.18066814e+01  8.25404185e+06  1.44040836e+01
 8.31763771e+06  3.16437306e+01  8.31763771e+06  1.44377338e+01
 8.38172356e+06  3.14820201e+01  8.38172356e+06  1.44696575e+01
 8.44630319e+06  3.13203979e+01  8.44630319e+06  1.45049044e+01
 8.51138038e+06  3.11593474e+01  8.51138038e+06  1.45412917e+01
 8.57695899e+06  3.05790373e+01  8.57695899e+06  1.40285169e+01
 8.64304286e+06  3.00547764e+01  8.64304286e+06  1.25246581e+01
 8.70963590e+06  3.02454953e+01  8.70963590e+06  1.40818024e+01
 8.77674203e+06  2.97109824e+01  8.77674203e+06  1.25098982e+01
 8.84436519e+06  3.03592102e+01  8.84436519e+06  1.47418741e+01
 8.91250938e+06  2.97458307e+01  8.91250938e+06  1.41703176e+01
 8.98117861e+06  3.00418279e+01  8.98117861e+06  1.48320962e+01
 9.05037692e+06  2.98829829e+01  9.05037692e+06  1.48797754e+01
 9.12010839e+06  2.97246872e+01  9.12010839e+06  1.49283816e+01
 9.19037713e+06  2.95664564e+01  9.19037713e+06  1.49793124e+01
 9.26118728e+06  2.94089330e+01  9.26118728e+06  1.50301132e+01
 9.33254301e+06  2.92516611e+01  9.33254301e+06  1.50826307e+01
 9.40444852e+06  2.85865763e+01  9.40444852e+06  1.44150356e+01
 9.47690805e+06  2.89378331e+01  9.47690805e+06  1.51923849e+01
 9.54992586e+06  2.78328581e+01  9.54992586e+06  1.24481445e+01
 9.62350626e+06  2.86241258e+01  9.62350626e+06  1.53074990e+01
 9.69765359e+06  2.84686232e+01  9.69765359e+06  1.53672968e+01
 9.77237221e+06  2.83124381e+01  9.77237221e+06  1.54284473e+01
 9.84766652e+06  2.75965538e+01  9.84766652e+06  1.46636289e+01
 9.92354096e+06  2.80002844e+01  9.92354096e+06  1.55540949e+01
 1.00000000e+07  2.78456412e+01  1.00000000e+07  1.56189225e+01
 1.00770481e+07  2.71024833e+01  1.00770481e+07  1.48000781e+01
 1.01546899e+07  2.75348097e+01  1.01546899e+07  1.57557818e+01
 1.02329299e+07  2.73797493e+01  1.02329299e+07  1.58243940e+01
 1.03117727e+07  2.66081290e+01  1.03117727e+07  1.49465976e+01
 1.03912230e+07  2.64437559e+01  1.03912230e+07  1.49949073e+01
 1.04712855e+07  2.69168994e+01  1.04712855e+07  1.60411535e+01
 1.05519648e+07  2.61156761e+01  1.05519648e+07  1.50973208e+01
 1.06332657e+07  2.54470785e+01  1.06332657e+07  1.23502428e+01
 1.07151931e+07  2.57850888e+01  1.07151931e+07  1.52066330e+01
 1.07977516e+07  2.63004045e+01  1.07977516e+07  1.63506537e+01
 1.08809463e+07  2.61454330e+01  1.08809463e+07  1.64304850e+01
 1.09647820e+07  2.59931273e+01  1.09647820e+07  1.65125557e+01
 1.10492636e+07  2.58385050e+01  1.10492636e+07  1.65990374e+01
 1.11343961e+07  2.49599589e+01  1.11343961e+07  1.54833251e+01
 1.12201845e+07  2.47943284e+01  1.12201845e+07  1.55466708e+01
 1.13066340e+07  2.53787426e+01  1.13066340e+07  1.68579531e+01
 1.13937495e+07  2.59270708e+01  1.13937495e+07  1.58305996e+01
 1.14815362e+07  2.57862478e+01  1.14815362e+07  1.58940674e+01
 1.15699993e+07  2.49199546e+01  1.15699993e+07  1.71322407e+01
 1.16591440e+07  2.47660344e+01  1.16591440e+07  1.72280668e+01
 1.17489755e+07  2.38002253e+01  1.17489755e+07  1.59111878e+01
 1.18394992e+07  2.44607315e+01  1.18394992e+07  1.74192017e+01
 1.19307204e+07  2.43080493e+01  1.19307204e+07  1.75175877e+01
 1.20226443e+07  2.49364244e+01  1.20226443e+07  1.63002618e+01
 1.21152766e+07  2.40044160e+01  1.21152766e+07  1.77173285e+01
 1.22086225e+07  2.38501515e+01  1.22086225e+07  1.78254530e+01
 1.23026877e+07  2.27995185e+01  1.23026877e+07  1.63104532e+01
 1.23974776e+07  2.35443088e+01  1.23974776e+07  1.80418351e+01
 1.24929979e+07  2.33924694e+01  1.24929979e+07  1.81486463e+01
 1.25892541e+07  2.32412173e+01  1.25892541e+07  1.82561130e+01
 1.26862520e+07  2.30896046e+01  1.26862520e+07  1.83671156e+01
 1.27839972e+07  2.19613029e+01  1.27839972e+07  1.66601146e+01
 1.28824955e+07  2.27826127e+01  1.28824955e+07  1.86004457e+01
 1.29817528e+07  2.26308096e+01  1.29817528e+07  1.87174330e+01
 1.30817747e+07  2.24776106e+01  1.30817747e+07  1.88393081e+01
 1.31825674e+07  2.32581633e+01  1.31825674e+07  1.72126036e+01
 1.32841366e+07  2.11120427e+01  1.32841366e+07  1.70279425e+01
 1.33864884e+07  2.29811851e+01  1.33864884e+07  1.73775179e+01
 1.34896288e+07  2.18674689e+01  1.34896288e+07  1.93351590e+01
 1.35935639e+07  2.27055557e+01  1.35935639e+07  1.75447305e+01
 1.36982998e+07  2.04284125e+01  1.36982998e+07  1.73332132e+01
 1.38038426e+07  2.24313345e+01  1.38038426e+07  1.77086868e+01
 1.39101987e+07  2.00821026e+01  1.39101987e+07  1.74907904e+01
 1.40173742e+07  2.21569701e+01  1.40173742e+07  1.78853433e+01
 1.41253754e+07  2.09531483e+01  1.41253754e+07  2.01321228e+01
 1.42342088e+07  2.07998699e+01  1.42342088e+07  2.02725507e+01
 1.43438808e+07  2.17449034e+01  1.43438808e+07  1.81566728e+01
 1.44543977e+07  1.92140950e+01  1.44543977e+07  1.78900991e+01
 1.45657662e+07  2.03405847e+01  1.45657662e+07  2.07066662e+01
 1.46779927e+07  1.88618093e+01  1.46779927e+07  1.80584713e+01
 1.47910839e+07  2.00341174e+01  1.47910839e+07  2.10093745e+01
 1.49050464e+07  1.98815324e+01  1.49050464e+07  2.11622448e+01
 1.50198870e+07  2.09280953e+01  1.50198870e+07  1.87163457e+01
 1.51356125e+07  1.95743519e+01  1.51356125e+07  2.14782778e+01
 1.52522296e+07  1.94200760e+01  1.52522296e+07  2.16352644e+01
 1.53697452e+07  1.92668191e+01  1.53697452e+07  2.17976342e+01
 1.54881662e+07  1.91145424e+01  1.54881662e+07  2.19611219e+01
 1.56074996e+07  2.02523062e+01  1.56074996e+07  1.92006018e+01
 1.57277525e+07  1.88038935e+01  1.57277525e+07  2.22988006e+01
 1.58489319e+07  1.70765224e+01  1.58489319e+07  1.89007747e+01
 1.59710450e+07  1.68926025e+01  1.59710450e+07  1.89893619e+01
 1.60940989e+07  1.83422642e+01  1.60940989e+07  2.28257931e+01
 1.62181010e+07  1.95788393e+01  1.62181010e+07  1.97188609e+01
 1.63430584e+07  1.80321569e+01  1.63430584e+07  2.31860657e+01
 1.64689787e+07  1.78769294e+01  1.64689787e+07  2.33856955e+01
 1.65958691e+07  1.77236482e+01  1.65958691e+07  2.35655942e+01
 1.67237372e+07  1.75692243e+01  1.67237372e+07  2.37605756e+01
 1.68525904e+07  1.74112753e+01  1.68525904e+07  2.39526316e+01
 1.69824365e+07  1.72574379e+01  1.69824365e+07  2.41396029e+01
 1.71132830e+07  1.52161993e+01  1.71132830e+07  1.97874520e+01
 1.72451377e+07  1.69462926e+01  1.72451377e+07  2.45517672e+01
 1.73780083e+07  1.48339104e+01  1.73780083e+07  1.99669241e+01
 1.75119026e+07  1.66336935e+01  1.75119026e+07  2.49714068e+01
 1.76468286e+07  1.64767572e+01  1.76468286e+07  2.51856957e+01
 1.77827941e+07  1.63178598e+01  1.77827941e+07  2.54078136e+01
 1.79198072e+07  1.61633127e+01  1.79198072e+07  2.56208972e+01
 1.80578760e+07  1.77118804e+01  1.80578760e+07  2.12658759e+01
 1.81970086e+07  1.75772160e+01  1.81970086e+07  2.13824728e+01
 1.83372132e+07  1.56902573e+01  1.83372132e+07  2.63016745e+01
 1.84784980e+07  1.55353990e+01  1.84784980e+07  2.65258545e+01
 1.86208714e+07  1.71812563e+01  1.86208714e+07  2.17476079e+01
 1.87643417e+07  1.52146057e+01  1.87643417e+07  2.70124841e+01
 1.89089175e+07  1.26537154e+01  1.89089175e+07  2.09487317e+01
 1.90546072e+07  1.67860547e+01  1.90546072e+07  2.21076576e+01
 1.92014194e+07  1.47423190e+01  1.92014194e+07  2.77619887e+01
 1.93493628e+07  1.20381770e+01  1.93493628e+07  2.12005622e+01
 1.94984460e+07  1.44228239e+01  1.94984460e+07  2.82877759e+01
 1.96486779e+07  1.42641883e+01  1.96486779e+07  2.85406218e+01
 1.98000673e+07  1.41050326e+01  1.98000673e+07  2.88022574e+01
 1.99526231e+07  1.59970786e+01  1.99526231e+07  2.28536350e+01
 2.01063544e+07  1.37809368e+01  2.01063544e+07  2.93659348e+01
 2.02612701e+07  1.57369444e+01  2.02612701e+07  2.31246722e+01
 2.04173794e+07  1.34610411e+01  2.04173794e+07  2.99334168e+01
 2.05746916e+07  1.03232584e+01  2.05746916e+07  2.18618293e+01
 2.07332157e+07  1.53423116e+01  2.07332157e+07  2.35243784e+01
 2.08929613e+07  1.52133489e+01  2.08929613e+07  2.36529069e+01
 2.10539377e+07  1.28121449e+01  2.10539377e+07  3.11548304e+01
 2.12161544e+07  1.49506525e+01  2.12161544e+07  2.39246833e+01
 2.13796209e+07  1.48225246e+01  2.13796209e+07  2.40448245e+01
 2.15443469e+07  1.46893946e+01  2.15443469e+07  2.41982792e+01
 2.17103421e+07  1.21679410e+01  2.17103421e+07  3.24158192e+01
 2.18776162e+07  1.19976021e+01  2.18776162e+07  3.27661189e+01
 2.20461792e+07  1.43022150e+01  2.20461792e+07  2.46159255e+01
 2.22160409e+07  1.16725021e+01  2.22160409e+07  3.34347120e+01
 2.23872114e+07  1.40405290e+01  2.23872114e+07  2.49014489e+01
 2.25597007e+07  1.46898145e+01  2.25597007e+07  1.48797010e+01
 2.27335190e+07  1.37835167e+01  2.27335190e+07  2.51851127e+01
 2.29086765e+07  1.10088601e+01  2.29086765e+07  3.49170177e+01
 2.30851836e+07  1.35239006e+01  2.30851836e+07  2.54814753e+01
 2.32630507e+07  1.06770566e+01  2.32630507e+07  3.56923932e+01
 2.34422882e+07  1.32656751e+01  2.34422882e+07  2.57593186e+01
 2.36229066e+07  1.03475531e+01  2.36229066e+07  3.64786765e+01
 2.38049167e+07  5.69998925e+00  2.38049167e+07  2.29217400e+01
 2.39883292e+07  5.43722209e+00  2.39883292e+07  2.29365759e+01
 2.41731548e+07  5.14204178e+00  2.41731548e+07  2.29654864e+01
 2.43594045e+07  9.67383008e+00  2.43594045e+07  3.81757619e+01
 2.45470892e+07  9.50660173e+00  2.45470892e+07  3.86182744e+01
 2.47362199e+07  9.33807632e+00  2.47362199e+07  3.90710790e+01
 2.49268079e+07  1.22333322e+01  2.49268079e+07  2.70020877e+01
 2.51188643e+07  9.00796967e+00  2.51188643e+07  3.99744866e+01
 2.53124005e+07  8.83327042e+00  2.53124005e+07  4.04862387e+01
 2.55074278e+07  8.66224435e+00  2.55074278e+07  4.10121767e+01
 2.57039578e+07  2.78315492e+00  2.57039578e+07  2.27965306e+01
 2.59020020e+07  1.15916210e+01  2.59020020e+07  2.78060478e+01
 2.61015722e+07  2.14550599e+00  2.61015722e+07  2.26741408e+01
 2.63026799e+07  1.80286315e+00  2.63026799e+07  2.25692282e+01
 2.65053372e+07  7.81311438e+00  2.65053372e+07  4.36069562e+01
 2.67095559e+07  1.12507231e+00  2.67095559e+07  2.23593661e+01
 2.69153480e+07  7.47774201e+00  2.69153480e+07  4.46951204e+01
 2.71227258e+07  7.30397170e+00  2.71227258e+07  4.52354826e+01
 2.73317014e+07  7.13878010e+00  2.73317014e+07  4.58021276e+01
 2.75422870e+07  6.96386568e+00  2.75422870e+07  4.64255337e+01
 2.77544952e+07  -7.21548988e-01  2.77544952e+07  2.14315040e+01
 2.79683385e+07  6.61972533e+00  2.79683385e+07  4.77008159e+01
 2.81838293e+07  6.44763937e+00  2.81838293e+07  4.83675319e+01
 2.84009805e+07  6.28053379e+00  2.84009805e+07  4.89514145e+01
 2.86198048e+07  6.11292363e+00  2.86198048e+07  4.96128224e+01
 2.88403150e+07  5.93926363e+00  2.88403150e+07  5.02877017e+01
 2.90625243e+07  -3.26233204e+00  2.90625243e+07  1.92656573e+01
 2.92864456e+07  5.60023778e+00  2.92864456e+07  5.16755996e+01
 2.95120923e+07  5.43287847e+00  2.95120923e+07  5.24291862e+01
 2.97394775e+07  5.26413190e+00  2.97394775e+07  5.31384018e+01
 2.99686146e+07  5.09424652e+00  2.99686146e+07  5.38987826e+01
 3.01995172e+07  4.92381266e+00  3.01995172e+07  5.46538396e+01
 3.04321989e+07  4.75565140e+00  3.04321989e+07  5.54432041e+01
 3.06666733e+07  4.58522202e+00  3.06666733e+07  5.63103109e+01
 3.09029543e+07  4.42349493e+00  3.09029543e+07  5.70391214e+01
 3.11410558e+07  8.52858310e+00  3.11410558e+07  3.21178942e+01
 3.13809919e+07  4.09309436e+00  3.13809919e+07  5.87080094e+01
 3.16227766e+07  3.93271777e+00  3.16227766e+07  5.96587068e+01
 3.18664242e+07  -1.02308746e+01  3.18664242e+07  5.01333471e+00
 3.21119491e+07  8.01715078e+00  3.21119491e+07  3.29282926e+01
 3.23593657e+07  7.89333777e+00  3.23593657e+07  3.30695883e+01
 3.26086886e+07  3.29237410e+00  3.26086886e+07  6.31735367e+01
 3.28599325e+07  -1.34096852e+01  3.28599325e+07  -9.41040942e+00
 3.31131121e+07  7.51629174e+00  3.31131121e+07  3.37037006e+01
 3.33682425e+07  2.82084411e+00  3.33682425e+07  6.61295764e+01
 3.36253386e+07  2.66617301e+00  3.36253386e+07  6.71828425e+01
 3.38844156e+07  -1.60886442e+01  3.38844156e+07  -3.64655573e+01
 3.41454887e+07  2.36539958e+00  3.41454887e+07  6.92675173e+01
 3.44085734e+07  2.21740403e+00  3.44085734e+07  7.03839118e+01
 3.46736850e+07  2.06605714e+00  3.46736850e+07  7.14486540e+01
 3.49408393e+07  6.62840031e+00  3.49408393e+07  3.52587061e+01
 3.52100520e+07  1.79997913e+00  3.52100520e+07  7.37237283e+01
 3.54813389e+07  1.66275028e+00  3.54813389e+07  7.47423759e+01
 3.57547160e+07  -1.45053170e+01  3.57547160e+07  -9.05743340e+01
 3.60301995e+07  -1.39049240e+01  3.60301995e+07  -9.50307076e+01
 3.63078055e+07  1.25239087e+00  3.63078055e+07  7.81399523e+01
 3.65875504e+07  1.13379332e+00  3.65875504e+07  7.93669972e+01
 3.68694506e+07  -1.20966098e+01  3.68694506e+07  2.54711027e+02
 3.71535229e+07  -1.15316710e+01  3.71535229e+07  2.52171545e+02
 3.74397839e+07  5.49595891e+00  3.74397839e+07  3.97356933e+02
 3.77282505e+07  -1.05362089e+01  3.77282505e+07  2.48474336e+02
 3.80189396e+07  5.62293773e+00  3.80189396e+07  3.76223911e+02
 3.83118685e+07  4.73331188e-01  3.83118685e+07  4.47006892e+02
 3.86070543e+07  4.98897871e+00  3.86070543e+07  3.98327521e+02
 3.89045145e+07  4.86051706e+00  3.89045145e+07  3.98583799e+02
 3.92042666e+07  1.63143130e-01  3.92042666e+07  4.50870040e+02
 3.95063281e+07  9.64950885e-02  3.95063281e+07  4.52197630e+02
 3.98107171e+07  1.15356399e-02  3.98107171e+07  4.53626792e+02
 4.01174512e+07  -4.81071287e-02  4.01174512e+07  4.54968137e+02
 4.04265487e+07  -1.44949927e-01  4.04265487e+07  4.56145984e+02
 4.07380278e+07  -2.20453213e-01  4.07380278e+07  4.57491073e+02
 4.10519067e+07  -2.77456979e-01  4.10519067e+07  4.58818580e+02
 4.13682040e+07  -3.53949955e-01  4.13682040e+07  4.60131759e+02
 4.16869383e+07  3.73354100e+00  4.16869383e+07  4.00992683e+02
 4.20081285e+07  -4.37365676e-01  4.20081285e+07  4.62824254e+02
 4.23317933e+07  3.49428348e+00  4.23317933e+07  4.01509722e+02
 4.26579519e+07  3.51052035e+00  4.26579519e+07  3.76902844e+02
 4.29866235e+07  3.22757836e+00  4.29866235e+07  4.02166377e+02
 4.33178274e+07  3.22588422e+00  4.33178274e+07  3.77061519e+02
 4.36515832e+07  -6.27294685e-01  4.36515832e+07  4.69422915e+02
 4.39879106e+07  -6.58814269e-01  4.39879106e+07  4.70641938e+02
 4.43268292e+07  -6.88132274e-01  4.43268292e+07  4.71869531e+02
 4.46683592e+07  -7.13140344e-01  4.46683592e+07  4.73196150e+02
 4.50125206e+07  -4.40090675e+00  4.50125206e+07  5.97386552e+02
 4.53593337e+07  2.35684945e+00  4.53593337e+07  7.64212950e+02
 4.57088190e+07  -4.13958228e+00  4.57088190e+07  5.97321919e+02
 4.60609969e+07  -7.46933109e-01  4.60609969e+07  4.78171383e+02
 4.64158883e+07  1.99833219e+00  4.64158883e+07  4.05164164e+02
 4.67735141e+07  1.87526905e+00  4.67735141e+07  4.05519772e+02
 4.71338954e+07  -7.53613782e-01  4.71338954e+07  4.81690284e+02
 4.74970533e+07  1.62740341e+00  4.74970533e+07  4.06111635e+02
 4.78630092e+07  -3.43416652e+00  4.78630092e+07  2.37384794e+02
 4.82317848e+07  -7.01850332e-01  4.82317848e+07  1.25151794e+02
 4.86034018e+07  1.26095695e+00  4.86034018e+07  4.72299484e+01
 4.89778819e+07  -6.58751369e-01  4.89778819e+07  1.27340310e+02
 4.93552474e+07  1.00661478e+00  4.93552474e+07  4.78658214e+01
 4.97355204e+07  -6.14235935e-01  4.97355204e+07  1.29472409e+02
 5.01187234e+07  -6.02410968e-01  5.01187234e+07  1.30515626e+02
 5.05048788e+07  6.51612577e-01  5.05048788e+07  4.89245302e+01
 5.08940095e+07  -5.54679120e-01  5.08940095e+07  1.32518470e+02
 5.12861384e+07  -5.15313662e-01  5.12861384e+07  1.33515359e+02
 5.16812886e+07  3.03654789e-01  5.16812886e+07  5.00563526e+01
 5.20794833e+07  -4.73055714e-01  5.20794833e+07  1.35413788e+02
 5.24807460e+07  -4.16649360e-01  5.24807460e+07  1.36354279e+02
 5.28851004e+07  -2.47468639e+00  5.28851004e+07  2.79822338e+02
 5.32925703e+07  -3.62176484e-01  5.32925703e+07  1.38118804e+02
 5.37031796e+07  -3.40437487e-01  5.37031796e+07  1.39006088e+02
 5.41169527e+07  -2.82252730e-01  5.41169527e+07  1.39907613e+02
 5.45339137e+07  -2.34201144e-01  5.45339137e+07  1.40756659e+02
 5.49540874e+07  -6.61198962e-01  5.49540874e+07  5.32024703e+01
 5.53774984e+07  -1.41227302e-01  5.53774984e+07  1.42404735e+02
 5.58041717e+07  -1.64638878e-01  5.58041717e+07  1.43167512e+02
 5.62341325e+07  -8.31228494e-02  5.62341325e+07  1.43966405e+02
 5.66674061e+07  -3.37152245e-02  5.66674061e+07  1.44773548e+02
 5.71040179e+07  -1.94821955e+00  5.71040179e+07  2.39996037e+02
 5.75439937e+07  -1.33840629e+00  5.75439937e+07  4.15810066e+02
 5.79873595e+07  -1.46071147e+00  5.79873595e+07  4.16299650e+02
 5.84341413e+07  1.56052600e-01  5.84341413e+07  5.07716191e+02
 5.88843655e+07  1.61760400e-01  5.88843655e+07  5.08402785e+02
 5.93380586e+07  2.03582405e-01  5.93380586e+07  5.09090880e+02
 5.97952473e+07  -1.76800420e+00  5.97952473e+07  6.00918073e+02
 6.02559586e+07  -1.74257347e+00  6.02559586e+07  6.01125845e+02
 6.07202196e+07  -1.71350430e+00  6.07202196e+07  6.01273136e+02
 6.11880576e+07  -2.23296947e+00  6.11880576e+07  7.79422037e+02
 6.16595002e+07  -2.34450176e+00  6.16595002e+07  7.79987825e+02
 6.21345752e+07  -1.67832861e+00  6.21345752e+07  6.01724394e+02
 6.26133105e+07  -2.55530652e+00  6.26133105e+07  7.80866793e+02
 6.30957344e+07  -1.64389642e+00  6.30957344e+07  6.02138719e+02
 6.35818754e+07  6.36740467e-01  6.35818754e+07  5.14755218e+02
 6.40717619e+07  -2.87791751e+00  6.40717619e+07  4.22462857e+02
 6.45654229e+07  -2.97601961e+00  6.45654229e+07  4.22878854e+02
 6.50628875e+07  -3.09954989e+00  6.50628875e+07  4.23387243e+02
 6.55641849e+07  7.86455419e-01  6.55641849e+07  5.16989072e+02
 6.60693448e+07  8.52833216e-01  6.60693448e+07  5.17513542e+02
 6.65783968e+07  -3.38445431e+00  6.65783968e+07  4.24974940e+02
 6.70913710e+07  9.06224556e-01  6.70913710e+07  5.18579593e+02
 6.76082975e+07  9.24038620e-01  6.76082975e+07  5.19087644e+02
 6.81292069e+07  -1.57788122e+00  6.81292069e+07  6.03903164e+02
 6.86541298e+07  1.04882061e+00  6.86541298e+07  5.20083590e+02
 6.91830971e+07  1.09740753e+00  6.91830971e+07  5.20556494e+02
 6.97161400e+07  -3.98375555e+00  6.97161400e+07  4.28131179e+02
 7.02532899e+07  1.15950729e+00  7.02532899e+07  5.21511188e+02
 7.07945784e+07  1.25857571e+00  7.07945784e+07  5.21943321e+02
 7.13400375e+07  1.26403242e+00  7.13400375e+07  5.22426812e+02
 7.18896992e+07  1.32727919e+00  7.18896992e+07  5.22865563e+02
 7.24435960e+07  -1.59776280e+00  7.24435960e+07  6.05302948e+02
 7.30017605e+07  1.36623158e+00  7.30017605e+07  5.23783102e+02
 7.35642254e+07  -1.61224858e+00  7.35642254e+07  6.05900268e+02
 7.41310241e+07  -1.59588207e+00  7.41310241e+07  6.06098367e+02
 7.47021899e+07  -4.77682557e+00  7.47021899e+07  4.33176192e+02
 7.52777564e+07  -4.85505495e+00  7.52777564e+07  4.33741995e+02
 7.58577575e+07  1.56252791e+00  7.58577575e+07  5.25874032e+02
 7.64422274e+07  1.63268848e+00  7.64422274e+07  5.26271744e+02
 7.70312006e+07  1.67180830e+00  7.70312006e+07  5.26651083e+02
 7.76247117e+07  -1.69007157e+00  7.76247117e+07  6.07096794e+02
 7.82227956e+07  -1.70279030e+00  7.82227956e+07  6.07233841e+02
 7.88254877e+07  -5.33447072e+00  7.88254877e+07  4.37212054e+02
 7.94328235e+07  1.83186104e+00  7.94328235e+07  5.28150965e+02
 8.00448386e+07  1.82069913e+00  8.00448386e+07  5.28581992e+02
 8.06615692e+07  -4.57235532e+00  8.06615692e+07  6.32586475e+02
 8.12830516e+07  1.91792265e+00  8.12830516e+07  5.29275734e+02
 8.19093224e+07  -1.78084626e+00  8.19093224e+07  6.08549280e+02
 8.25404185e+07  2.03012283e+00  8.25404185e+07  5.29944213e+02
 8.31763771e+07  1.99546185e+00  8.31763771e+07  5.30346476e+02
 8.38172356e+07  -1.86151170e+00  8.38172356e+07  6.09004220e+02
 8.44630319e+07  -1.88162796e+00  8.44630319e+07  6.09220284e+02
 8.51138038e+07  2.15343493e+00  8.51138038e+07  5.31357881e+02
 8.57695899e+07  -6.09985405e+00  8.57695899e+07  4.43654590e+02
 8.64304286e+07  2.16274008e+00  8.64304286e+07  5.32020727e+02
 8.70963590e+07  -6.18312956e+00  8.70963590e+07  4.44704921e+02
 8.77674203e+07  -2.00498921e+00  8.77674203e+07  6.10140388e+02
 8.84436519e+07  2.37471848e+00  8.84436519e+07  5.32938896e+02
 8.91250938e+07  -6.35912289e+00  8.91250938e+07  4.46457254e+02
 8.98117861e+07  2.33960083e+00  8.98117861e+07  5.33584428e+02
 9.05037692e+07  -5.30514767e+00  9.05037692e+07  6.31894494e+02
 9.12010839e+07  -2.12139539e+00  9.12010839e+07  6.11139525e+02
 9.19037713e+07  -6.57898545e+00  9.19037713e+07  4.48902692e+02
 9.26118728e+07  -6.62942497e+00  9.26118728e+07  4.49505015e+02
 9.33254301e+07  -2.19261753e+00  9.33254301e+07  6.11659569e+02
 9.40444852e+07  -6.71291130e+00  9.40444852e+07  4.50476789e+02
 9.47690805e+07  -6.75729533e+00  9.47690805e+07  4.51035082e+02
 9.54992586e+07  2.67783197e+00  9.54992586e+07  5.35944290e+02
 9.62350626e+07  -2.31512050e+00  9.62350626e+07  6.12498354e+02
 9.69765359e+07  -2.35433993e+00  9.69765359e+07  6.12570532e+02
 9.77237221e+07  -6.92538232e+00  9.77237221e+07  4.53204395e+02
 9.84766652e+07  -6.96505819e+00  9.84766652e+07  4.53729986e+02
 9.92354096e+07  2.79556538e+00  9.92354096e+07  5.37258826e+02
 1.00000000e+08  2.83405629e+00  1.00000000e+08  5.37559980e+02
 1.00770481e+08  -6.02082035e+00  1.00770481e+08  6.31486121e+02
 1.01546899e+08  2.91785505e+00  1.01546899e+08  5.38014074e+02
 1.02329299e+08  2.94189932e+00  1.02329299e+08  5.38342451e+02
 1.03117727e+08  2.94930065e+00  1.03117727e+08  5.38585009e+02
 1.03912230e+08  -2.63158786e+00  1.03912230e+08  6.14187149e+02
 1.04712855e+08  -2.64524340e+00  1.04712855e+08  6.14504785e+02
 1.05519648e+08  3.12381903e+00  1.05519648e+08  5.39259528e+02
 1.06332657e+08  -7.27688374e+00  1.06332657e+08  4.58610552e+02
 1.07151931e+08  -7.30930519e+00  1.07151931e+08  4.59185849e+02
 1.07977516e+08  3.15008619e+00  1.07977516e+08  5.39969035e+02
 1.08809463e+08  3.25348286e+00  1.08809463e+08  5.40182141e+02
 1.09647820e+08  3.37100098e+00  1.09647820e+08  5.40362295e+02
 1.10492636e+08  3.27780109e+00  1.10492636e+08  5.40690595e+02
 1.11343961e+08  -7.44324386e+00  1.11343961e+08  4.61463243e+02
 1.12201845e+08  3.34035914e+00  1.12201845e+08  5.41110168e+02
 1.13066340e+08  3.48484576e+00  1.13066340e+08  5.41258116e+02
 1.13937495e+08  -7.51008263e+00  1.13937495e+08  4.62782675e+02
 1.14815362e+08  3.56476329e+00  1.14815362e+08  5.41664972e+02
 1.15699993e+08  -3.11361455e+00  1.15699993e+08  6.16691728e+02
 1.16591440e+08  3.52646015e+00  1.16591440e+08  5.42153035e+02
 1.17489755e+08  -3.17878435e+00  1.17489755e+08  6.17039188e+02
 1.18394992e+08  -3.22708146e+00  1.18394992e+08  6.17123163e+02
 1.19307204e+08  3.56136117e+00  1.19307204e+08  5.42881490e+02
 1.20226443e+08  -3.31212097e+00  1.20226443e+08  6.17322365e+02
 1.21152766e+08  -7.63105630e+00  1.21152766e+08  4.65797458e+02
 1.22086225e+08  -3.35962320e+00  1.22086225e+08  6.17982936e+02
 1.23026877e+08  3.86790677e+00  1.23026877e+08  5.43517968e+02
 1.23974776e+08  -7.67619824e+00  1.23974776e+08  4.66942397e+02
 1.24929979e+08  -7.67333234e+00  1.24929979e+08  4.66985582e+02
 1.25892541e+08  -7.70288313e+00  1.25892541e+08  4.67612484e+02
 1.26862520e+08  3.87251854e+00  1.26862520e+08  5.44272491e+02
 1.27839972e+08  3.98044103e+00  1.27839972e+08  5.44397079e+02
 1.28824955e+08  -7.74443452e+00  1.28824955e+08  4.68641374e+02
 1.29817528e+08  -7.74164910e+00  1.29817528e+08  4.68792793e+02
 1.30817747e+08  -3.73709157e+00  1.30817747e+08  6.18907576e+02
 1.31825674e+08  -3.76137860e+00  1.31825674e+08  6.19381913e+02
 1.32841366e+08  -3.81556249e+00  1.32841366e+08  6.19343996e+02
 1.33864884e+08  -7.78988392e+00  1.33864884e+08  4.70094995e+02
 1.34896288e+08  4.16079714e+00  1.34896288e+08  5.45599581e+02
 1.35935639e+08  -3.92022841e+00  1.35935639e+08  6.20028132e+02
 1.36982998e+08  -3.98161422e+00  1.36982998e+08  6.19759667e+02
 1.38038426e+08  4.31571740e+00  1.38038426e+08  5.46104959e+02
 1.39101987e+08  4.20532690e+00  1.39101987e+08  5.46241051e+02
 1.40173742e+08  4.37090726e+00  1.40173742e+08  5.46345500e+02
 1.41253754e+08  4.22660933e+00  1.41253754e+08  5.46612446e+02
 1.42342088e+08  4.42091923e+00  1.42342088e+08  5.46647935e+02
 1.43438808e+08  4.45207914e+00  1.43438808e+08  5.46793038e+02
 1.44543977e+08  -7.87310478e+00  1.44543977e+08  4.72524913e+02
 1.45657662e+08  -4.30104759e+00  1.45657662e+08  6.20954939e+02
 1.46779927e+08  4.57782362e+00  1.46779927e+08  5.47151985e+02
 1.47910839e+08  4.62855713e+00  1.47910839e+08  5.47267306e+02
 1.49050464e+08  -4.40354369e+00  1.49050464e+08  6.21607578e+02
 1.50198870e+08  4.39597134e+00  1.50198870e+08  5.47630010e+02
 1.51356125e+08  -7.90930607e+00  1.51356125e+08  4.73508974e+02
 1.52522296e+08  -7.91638863e+00  1.52522296e+08  4.73760380e+02
 1.53697452e+08  -4.59147244e+00  1.53697452e+08  6.21602094e+02
 1.54881662e+08  4.67525711e+00  1.54881662e+08  5.47983407e+02
 1.56074996e+08  -9.15094799e+00  1.56074996e+08  6.30477006e+02
 1.57277525e+08  -4.70655079e+00  1.57277525e+08  6.22200247e+02
 1.58489319e+08  5.11670453e+00  1.58489319e+08  5.48238869e+02
 1.59710450e+08  -7.94882363e+00  1.59710450e+08  4.74376351e+02
 1.60940989e+08  4.93710011e+00  1.60940989e+08  5.48502539e+02
 1.62181010e+08  4.85449968e+00  1.62181010e+08  5.48564172e+02
 1.63430584e+08  -4.91145339e+00  1.63430584e+08  6.22779641e+02
 1.64689787e+08  -7.98214918e+00  1.64689787e+08  4.74874229e+02
 1.65958691e+08  -4.99481463e+00  1.65958691e+08  6.23054310e+02
 1.67237372e+08  -8.01019418e+00  1.67237372e+08  4.75374511e+02
 1.68525904e+08  -8.02160702e+00  1.68525904e+08  4.75521541e+02
 1.69824365e+08  -5.12324958e+00  1.69824365e+08  6.23174956e+02
 1.71132830e+08  5.11579529e+00  1.71132830e+08  5.49189976e+02
 1.72451377e+08  -8.04159360e+00  1.72451377e+08  4.75649704e+02
 1.73780083e+08  5.21047071e+00  1.73780083e+08  5.49186838e+02
 1.75119026e+08  -8.04734289e+00  1.75119026e+08  4.75532821e+02
 1.76468286e+08  5.53172116e+00  1.76468286e+08  5.49347919e+02
 1.77827941e+08  5.25380057e+00  1.77827941e+08  5.49442221e+02
 1.79198072e+08  -5.44233438e+00  1.79198072e+08  6.23444596e+02
 1.80578760e+08  5.62083280e+00  1.80578760e+08  5.49496410e+02
 1.81970086e+08  -5.51469736e+00  1.81970086e+08  6.23965845e+02
 1.83372132e+08  -5.57274185e+00  1.83372132e+08  6.23851590e+02
 1.84784980e+08  -8.12998858e+00  1.84784980e+08  4.76120274e+02
 1.86208714e+08  5.45180511e+00  1.86208714e+08  5.49714514e+02
 1.87643417e+08  -8.14126039e+00  1.87643417e+08  4.75922017e+02
 1.89089175e+08  -8.15253614e+00  1.89089175e+08  4.75957065e+02
 1.90546072e+08  -5.78204600e+00  1.90546072e+08  6.24303790e+02
 1.92014194e+08  5.84585542e+00  1.92014194e+08  5.49838279e+02
 1.93493628e+08  -8.19694686e+00  1.93493628e+08  4.76297593e+02
 1.94984460e+08  -5.90904790e+00  1.94984460e+08  6.24805178e+02
 1.96486779e+08  5.79035956e+00  1.96486779e+08  5.49872601e+02
 1.98000673e+08  -8.23679598e+00  1.98000673e+08  4.76305187e+02
 1.99526231e+08  5.76950004e+00  1.99526231e+08  5.49976214e+02
 2.01063544e+08  -8.25243837e+00  2.01063544e+08  4.75794290e+02
 2.02612701e+08  5.75358783e+00  2.02612701e+08  5.49889265e+02
 2.04173794e+08  6.05254718e+00  2.04173794e+08  5.49909554e+02
 2.05746916e+08  5.75470347e+00  2.05746916e+08  5.49956584e+02
 2.07332157e+08  5.75603811e+00  2.07332157e+08  5.50001277e+02
 2.08929613e+08  6.06478720e+00  2.08929613e+08  5.49908151e+02
 2.10539377e+08  6.09398458e+00  2.10539377e+08  5.49899411e+02
 2.12161544e+08  -6.44122477e+00  2.12161544e+08  6.24728337e+02
 2.13796209e+08  6.12732060e+00  2.13796209e+08  5.49932756e+02
 2.15443469e+08  6.14923026e+00  2.15443469e+08  5.49821313e+02
 2.17103421e+08  6.18227780e+00  2.17103421e+08  5.49852502e+02
 2.18776162e+08  5.87481705e+00  2.18776162e+08  5.49930699e+02
 2.20461792e+08  -6.68028871e+00  2.20461792e+08  6.24865712e+02
 2.22160409e+08  6.29133668e+00  2.22160409e+08  5.49789428e+02
 2.23872114e+08  6.33943058e+00  2.23872114e+08  5.49706615e+02
 2.25597007e+08  6.03686997e+00  2.25597007e+08  5.49761267e+02
 2.27335190e+08  6.07440777e+00  2.27335190e+08  5.49733461e+02
 2.29086765e+08  -8.55690441e+00  2.29086765e+08  4.74935750e+02
 2.30851836e+08  6.19570968e+00  2.30851836e+08  5.49698532e+02
 2.32630507e+08  6.24374058e+00  2.32630507e+08  5.49567967e+02
 2.34422882e+08  6.71773588e+00  2.34422882e+08  5.49515994e+02
 2.36229066e+08  6.38134121e+00  2.36229066e+08  5.49524500e+02
 2.38049167e+08  6.08331322e+00  2.38049167e+08  5.49553374e+02
 2.39883292e+08  6.55093025e+00  2.39883292e+08  5.49366225e+02
 2.41731548e+08  6.64250453e+00  2.41731548e+08  5.49358892e+02
 2.43594045e+08  -7.35446863e+00  2.43594045e+08  6.24718239e+02
 2.45470892e+08  -7.39677626e+00  2.45470892e+08  6.25174715e+02
 2.47362199e+08  6.50524450e+00  2.47362199e+08  5.49231824e+02
 2.49268079e+08  -7.51187224e+00  2.49268079e+08  6.24731249e+02
 2.51188643e+08  6.72729131e+00  2.51188643e+08  5.49097238e+02
 2.53124005e+08  -7.60465559e+00  2.53124005e+08  6.25312543e+02
 2.55074278e+08  -7.65833681e+00  2.55074278e+08  6.25354923e+02
 2.57039578e+08  6.65188088e+00  2.57039578e+08  5.48917183e+02
 2.59020020e+08  6.32534060e+00  2.59020020e+08  5.48886400e+02
 2.61015722e+08  -8.99899858e+00  2.61015722e+08  4.73583216e+02
 2.63026799e+08  -1.54794032e+01  2.63026799e+08  4.73231792e+02
 2.65053372e+08  6.73490590e+00  2.65053372e+08  5.48703826e+02
 2.67095559e+08  6.89518572e+00  2.67095559e+08  5.48566048e+02
 2.69153480e+08  -8.06046783e+00  2.69153480e+08  6.24731376e+02
 2.71227258e+08  7.24603355e+00  2.71227258e+08  5.48394513e+02
 2.73317014e+08  -9.19306026e+00  2.73317014e+08  4.73236936e+02
 2.75422870e+08  6.52471892e+00  2.75422870e+08  5.48346261e+02
 2.77544952e+08  -9.24776083e+00  2.77544952e+08  4.72531880e+02
 2.79683385e+08  -9.27390566e+00  2.79683385e+08  4.72105352e+02
 2.81838293e+08  7.11898839e+00  2.81838293e+08  5.48038738e+02
 2.84009805e+08  7.33245696e+00  2.84009805e+08  5.47964299e+02
 2.86198048e+08  -8.53029678e+00  2.86198048e+08  6.24382809e+02
 2.88403150e+08  -8.59382722e+00  2.88403150e+08  6.24438280e+02
 2.90625243e+08  -9.44642424e+00  2.90625243e+08  4.70596870e+02
 2.92864456e+08  -8.71846412e+00  2.92864456e+08  6.24164148e+02
 2.95120923e+08  6.72131482e+00  2.95120923e+08  5.47635991e+02
 2.97394775e+08  -9.55405812e+00  2.97394775e+08  4.70611641e+02
 2.99686146e+08  7.19321050e+00  2.99686146e+08  5.47376172e+02
 3.01995172e+08  6.85927462e+00  3.01995172e+08  5.47376800e+02
 3.04321989e+08  7.11037016e+00  3.04321989e+08  5.47262745e+02
 3.06666733e+08  6.74643231e+00  3.06666733e+08  5.47186606e+02
 3.09029543e+08  -9.76471697e+00  3.09029543e+08  4.70233131e+02
 3.11410558e+08  -9.20888241e+00  3.11410558e+08  6.24291470e+02
 3.13809919e+08  -9.28660687e+00  3.13809919e+08  6.23799759e+02
 3.16227766e+08  -1.49608669e+01  3.16227766e+08  6.24395080e+02
 3.18664242e+08  7.64234012e+00  3.18664242e+08  5.46668868e+02
 3.21119491e+08  -9.96647895e+00  3.21119491e+08  4.69103388e+02
 3.23593657e+08  6.84049530e+00  3.23593657e+08  5.46616563e+02
 3.26086886e+08  -1.00676672e+01  3.26086886e+08  4.69464343e+02
 3.28599325e+08  6.82609075e+00  3.28599325e+08  5.46377243e+02
 3.31131121e+08  -1.01456564e+01  3.31131121e+08  4.69122226e+02
 3.33682425e+08  7.56225139e+00  3.33682425e+08  5.46187496e+02
 3.36253386e+08  6.43882762e+00  3.36253386e+08  5.46229031e+02
 3.38844156e+08  7.64178300e+00  3.38844156e+08  5.46015545e+02
 3.41454887e+08  -1.03306240e+01  3.41454887e+08  4.68357027e+02
 3.44085734e+08  -1.64017447e+01  3.44085734e+08  4.68833050e+02
 3.46736850e+08  -1.01354806e+01  3.46736850e+08  6.23709685e+02
 3.49408393e+08  6.87031564e+00  3.49408393e+08  5.45756280e+02
 3.52100520e+08  -1.02622619e+01  3.52100520e+08  6.23705061e+02
 3.54813389e+08  6.90687473e+00  3.54813389e+08  5.45503787e+02
 3.57547160e+08  7.41106487e+00  3.57547160e+08  5.45404327e+02
 3.60301995e+08  7.94900417e+00  3.60301995e+08  5.45284537e+02
 3.63078055e+08  -1.06957445e+01  3.63078055e+08  4.66668200e+02
 3.65875504e+08  8.06892099e+00  3.65875504e+08  5.45121679e+02
 3.68694506e+08  7.65782944e+00  3.68694506e+08  5.45118477e+02
 3.71535229e+08  7.24066300e+00  3.71535229e+08  5.45064955e+02
 3.74397839e+08  6.84674946e+00  3.74397839e+08  5.44953233e+02
 3.77282505e+08  -1.09638034e+01  3.77282505e+08  4.66650022e+02
 3.80189396e+08  -1.09857643e+01  3.80189396e+08  6.22674302e+02
 3.83118685e+08  -1.10481023e+01  3.83118685e+08  6.23122739e+02
 3.86070543e+08  -1.11042864e+01  3.86070543e+08  6.23557750e+02
 3.89045145e+08  -1.11949705e+01  3.89045145e+08  6.22369017e+02
 3.92042666e+08  -1.12394256e+01  3.92042666e+08  6.23691843e+02
 3.95063281e+08  8.16601839e+00  3.95063281e+08  5.44326371e+02
 3.98107171e+08  -1.13922604e+01  3.98107171e+08  6.22991460e+02
 4.01174512e+08  7.27350399e+00  4.01174512e+08  5.44335936e+02
 4.04265487e+08  -1.15300528e+01  4.04265487e+08  6.23915693e+02
 4.07380278e+08  8.90292177e+00  4.07380278e+08  5.43922341e+02
 4.10519067e+08  8.45053508e+00  4.10519067e+08  5.43945110e+02
 4.13682040e+08  7.98344643e+00  4.13682040e+08  5.43935243e+02
 4.16869383e+08  -1.16325571e+01  4.16869383e+08  4.63488411e+02
 4.20081285e+08  7.10520605e+00  4.20081285e+08  5.43763885e+02
 4.23317933e+08  -1.17453833e+01  4.23317933e+08  4.63759837e+02
 4.26579519e+08  -1.18127730e+01  4.26579519e+08  4.63916811e+02
 4.29866235e+08  7.14032631e+00  4.29866235e+08  5.43575763e+02
 4.33178274e+08  -1.19059513e+01  4.33178274e+08  4.63294737e+02
 4.36515832e+08  7.57759557e+00  4.36515832e+08  5.43458114e+02
 4.39879106e+08  7.16595499e+00  4.39879106e+08  5.43290316e+02
 4.43268292e+08  6.73189157e+00  4.43268292e+08  5.43313678e+02
 4.46683592e+08  -1.24916596e+01  4.46683592e+08  6.23204716e+02
 4.50125206e+08  7.24227219e+00  4.50125206e+08  5.43224960e+02
 4.53593337e+08  -1.26369355e+01  4.53593337e+08  6.23550660e+02
 4.57088190e+08  -1.27073738e+01  4.57088190e+08  6.23215707e+02
 4.60609969e+08  6.02341825e+00  4.60609969e+08  5.43000392e+02
 4.64158883e+08  8.55691338e+00  4.64158883e+08  5.42844336e+02
 4.67735141e+08  9.98954745e+00  4.67735141e+08  5.42501905e+02
 4.71338954e+08  7.66413021e+00  4.71338954e+08  5.42737469e+02
 4.74970533e+08  8.97772995e+00  4.74970533e+08  5.42454762e+02
 4.78630092e+08  6.81043500e+00  4.78630092e+08  5.42557596e+02
 4.82317848e+08  -1.27126608e+01  4.82317848e+08  4.61249881e+02
 4.86034018e+08  7.54264352e+00  4.86034018e+08  5.42614497e+02
 4.89778819e+08  5.63274209e+00  4.89778819e+08  5.42440184e+02
 4.93552474e+08  6.69977965e+00  4.93552474e+08  5.42336846e+02
 4.97355204e+08  7.97718381e+00  4.97355204e+08  5.42444908e+02
 5.01187234e+08  9.56877293e+00  5.01187234e+08  5.41865740e+02
 5.05048788e+08  5.52807450e+00  5.05048788e+08  5.42233850e+02
 5.08940095e+08  6.66136142e+00  5.08940095e+08  5.42293189e+02
 5.12861384e+08  6.25544476e+00  5.12861384e+08  5.42216020e+02
 5.16812886e+08  5.88238422e+00  5.16812886e+08  5.42184125e+02
 5.20794833e+08  -1.33067793e+01  5.20794833e+08  4.60372914e+02
 5.24807460e+08  8.81009375e+00  5.24807460e+08  5.41772247e+02
 5.28851004e+08  -1.34328182e+01  5.28851004e+08  4.60644180e+02
 5.32925703e+08  5.95711994e+00  5.32925703e+08  5.41989348e+02
 5.37031796e+08  -1.35461670e+01  5.37031796e+08  4.59688707e+02
 5.41169527e+08  -1.43930030e+01  5.41169527e+08  6.21321931e+02
 5.45339137e+08  -1.36694541e+01  5.45339137e+08  4.59901120e+02
 5.49540874e+08  -1.37334112e+01  5.49540874e+08  4.60082919e+02
 5.53774984e+08  7.75926124e+00  5.53774984e+08  5.41533057e+02
 5.58041717e+08  -1.38498734e+01  5.58041717e+08  4.60259886e+02
 5.62341325e+08  -1.47659916e+01  5.62341325e+08  6.22520174e+02
 5.66674061e+08  -1.48314398e+01  5.66674061e+08  6.23533036e+02
 5.71040179e+08  8.33137910e+00  5.71040179e+08  5.41507637e+02
 5.75439937e+08  7.83914873e+00  5.75439937e+08  5.41323247e+02
 5.79873595e+08  -1.50660669e+01  5.79873595e+08  6.22799646e+02
 5.84341413e+08  9.70512815e+00  5.84341413e+08  5.40709257e+02
 5.88843655e+08  6.56248163e+00  5.88843655e+08  5.41062678e+02
 5.93380586e+08  -1.52938798e+01  5.93380586e+08  6.23400643e+02
 5.97952473e+08  5.71549808e+00  5.97952473e+08  5.41184094e+02
 6.02559586e+08  -1.54604142e+01  6.02559586e+08  6.23072998e+02
 6.07202196e+08  1.02576812e+01  6.07202196e+08  5.40641632e+02
 6.11880576e+08  -1.45875452e+01  6.11880576e+08  4.57957941e+02
 6.16595002e+08  4.25368515e+00  6.16595002e+08  5.41072727e+02
 6.21345752e+08  8.69420340e+00  6.21345752e+08  5.40738171e+02
 6.26133105e+08  8.21804699e+00  6.26133105e+08  5.41137484e+02
 6.30957344e+08  -1.59079451e+01  6.30957344e+08  6.23261454e+02
 6.35818754e+08  7.27305093e+00  6.35818754e+08  5.40916519e+02
 6.40717619e+08  6.83757777e+00  6.40717619e+08  5.40824389e+02
 6.45654229e+08  6.40306810e+00  6.45654229e+08  5.41145612e+02
 6.50628875e+08  6.00493928e+00  6.50628875e+08  5.40900389e+02
 6.55641849e+08  -1.63020925e+01  6.55641849e+08  6.22242150e+02
 6.60693448e+08  8.10341176e+00  6.60693448e+08  5.40425498e+02
 6.65783968e+08  7.60131983e+00  6.65783968e+08  5.40505203e+02
 6.70913710e+08  -1.65143288e+01  6.70913710e+08  6.23133086e+02
 6.76082975e+08  6.74226647e+00  6.76082975e+08  5.40823729e+02
 6.81292069e+08  -1.54608364e+01  6.81292069e+08  4.56592229e+02
 6.86541298e+08  1.52809753e+01  6.86541298e+08  5.39077123e+02
 6.91830971e+08  -1.68239038e+01  6.91830971e+08  6.24043942e+02
 6.97161400e+08  8.38329810e+00  6.97161400e+08  5.40278052e+02
 7.02532899e+08  -1.69874886e+01  7.02532899e+08  6.22095037e+02
 7.07945784e+08  -1.70396123e+01  7.07945784e+08  6.23456146e+02
 7.13400375e+08  4.04821407e+00  7.13400375e+08  5.40688772e+02
 7.18896992e+08  -1.59000350e+01  7.18896992e+08  4.55724932e+02
 7.24435960e+08  1.02634117e+01  7.24435960e+08  5.40303645e+02
 7.30017605e+08  -1.73664796e+01  7.30017605e+08  6.22914635e+02
 7.35642254e+08  9.19130510e+00  7.35642254e+08  5.39453232e+02
 7.41310241e+08  -1.74838948e+01  7.41310241e+08  6.25952693e+02
 7.47021899e+08  8.18037841e+00  7.47021899e+08  5.39970419e+02
 7.52777564e+08  -1.76514843e+01  7.52777564e+08  6.25617402e+02
 7.58577575e+08  7.28607394e+00  7.58577575e+08  5.39846020e+02
 7.64422274e+08  -1.77925638e+01  7.64422274e+08  6.25362440e+02
 7.70312006e+08  -1.78738863e+01  7.70312006e+08  6.25271764e+02
 7.76247117e+08  1.08035116e+01  7.76247117e+08  5.40140153e+02
 7.82227956e+08  5.59543626e+00  7.82227956e+08  5.39702264e+02
 7.88254877e+08  -1.81005629e+01  7.88254877e+08  6.24864008e+02
 7.94328235e+08  9.16184020e+00  7.94328235e+08  5.40037629e+02
 8.00448386e+08  8.60144279e+00  8.00448386e+08  5.40686443e+02
 8.06615692e+08  8.14572139e+00  8.06615692e+08  5.39266445e+02
 8.12830516e+08  -1.69020017e+01  8.12830516e+08  4.53605102e+02
 8.19093224e+08  7.22861165e+00  8.19093224e+08  5.38838118e+02
 8.25404185e+08  -1.70401362e+01  8.25404185e+08  4.53765648e+02
 8.31763771e+08  6.36433323e+00  8.31763771e+08  5.39398292e+02
 8.38172356e+08  -1.86862348e+01  8.38172356e+08  6.25655447e+02
 8.44630319e+08  5.57300344e+00  8.44630319e+08  5.40151385e+02
 8.51138038e+08  1.06482842e+01  8.51138038e+08  5.40093020e+02
 8.57695899e+08  -1.73480037e+01  8.57695899e+08  4.52236744e+02
 8.64304286e+08  9.55557917e+00  8.64304286e+08  5.39222273e+02
 8.70963590e+08  8.98352670e+00  8.70963590e+08  5.39390579e+02
 8.77674203e+08  8.49853968e+00  8.77674203e+08  5.38891448e+02
 8.84436519e+08  8.02721317e+00  8.84436519e+08  5.39685857e+02
 8.91250938e+08  3.06277695e+00  8.91250938e+08  5.39937629e+02
 8.98117861e+08  2.72905137e+00  8.98117861e+08  5.39850663e+02
 9.05037692e+08  2.42337752e+00  9.05037692e+08  5.39946730e+02
 9.12010839e+08  -1.95397936e+01  9.12010839e+08  6.24673940e+02
 9.19037713e+08  1.36424993e+01  9.19037713e+08  5.37459804e+02
 9.26118728e+08  5.47039703e+00  9.26118728e+08  5.40105737e+02
 9.33254301e+08  5.03785933e+00  9.33254301e+08  5.38764069e+02
 9.40444852e+08  4.68392840e+00  9.40444852e+08  5.40222926e+02
 9.47690805e+08  4.33795199e+00  9.47690805e+08  5.39258166e+02
 9.54992586e+08  -1.82462967e+01  9.54992586e+08  4.52987687e+02
 9.62350626e+08  3.65557532e+00  9.62350626e+08  5.39388095e+02
 9.69765359e+08  -1.83861644e+01  9.69765359e+08  4.53140042e+02
 9.77237221e+08  -2.01779588e+01  9.77237221e+08  6.28140130e+02
 9.84766652e+08  -2.02810692e+01  9.84766652e+08  6.26026753e+02
 9.92354096e+08  -1.85751600e+01  9.92354096e+08  4.53373083e+02
 1.00000000e+09  7.24827708e+00  1.00000000e+09  5.39407221e+02
