 1.00000000e+00  4.63856906e+01  1.00000000e+00  1.79999998e+02
 1.00770481e+00  4.63856906e+01  1.00770481e+00  1.79999998e+02
 1.01546899e+00  4.63856906e+01  1.01546899e+00  1.79999998e+02
 1.02329299e+00  4.63856906e+01  1.02329299e+00  1.79999998e+02
 1.03117727e+00  4.63856906e+01  1.03117727e+00  1.79999998e+02
 1.03912230e+00  4.63856906e+01  1.03912230e+00  1.79999998e+02
 1.04712855e+00  4.63856906e+01  1.04712855e+00  1.79999998e+02
 1.05519648e+00  4.63856906e+01  1.05519648e+00  1.79999998e+02
 1.06332657e+00  4.63856906e+01  1.06332657e+00  1.79999998e+02
 1.07151931e+00  4.63856906e+01  1.07151931e+00  1.79999998e+02
 1.07977516e+00  4.63856906e+01  1.07977516e+00  1.79999998e+02
 1.08809463e+00  4.63856906e+01  1.08809463e+00  1.79999998e+02
 1.09647820e+00  4.63856906e+01  1.09647820e+00  1.79999998e+02
 1.10492636e+00  4.63856906e+01  1.10492636e+00  1.79999998e+02
 1.11343961e+00  4.63856906e+01  1.11343961e+00  1.79999998e+02
 1.12201845e+00  4.63856906e+01  1.12201845e+00  1.79999998e+02
 1.13066340e+00  4.63856906e+01  1.13066340e+00  1.79999998e+02
 1.13937495e+00  4.63856906e+01  1.13937495e+00  1.79999998e+02
 1.14815362e+00  4.63856906e+01  1.14815362e+00  1.79999998e+02
 1.15699993e+00  4.63856906e+01  1.15699993e+00  1.79999998e+02
 1.16591440e+00  4.63856906e+01  1.16591440e+00  1.79999998e+02
 1.17489755e+00  4.63856906e+01  1.17489755e+00  1.79999998e+02
 1.18394992e+00  4.63856906e+01  1.18394992e+00  1.79999998e+02
 1.19307204e+00  4.63856906e+01  1.19307204e+00  1.79999998e+02
 1.20226443e+00  4.63856906e+01  1.20226443e+00  1.79999998e+02
 1.21152766e+00  4.63856906e+01  1.21152766e+00  1.79999998e+02
 1.22086225e+00  4.63856906e+01  1.22086225e+00  1.79999998e+02
 1.23026877e+00  4.63856906e+01  1.23026877e+00  1.79999998e+02
 1.23974776e+00  4.63856906e+01  1.23974776e+00  1.79999998e+02
 1.24929979e+00  4.63856906e+01  1.24929979e+00  1.79999998e+02
 1.25892541e+00  4.63856906e+01  1.25892541e+00  1.79999998e+02
 1.26862520e+00  4.63856906e+01  1.26862520e+00  1.79999998e+02
 1.27839972e+00  4.63856906e+01  1.27839972e+00  1.79999998e+02
 1.28824955e+00  4.63856906e+01  1.28824955e+00  1.79999998e+02
 1.29817528e+00  4.63856906e+01  1.29817528e+00  1.79999998e+02
 1.30817747e+00  4.63856906e+01  1.30817747e+00  1.79999998e+02
 1.31825674e+00  4.63856906e+01  1.31825674e+00  1.79999998e+02
 1.32841366e+00  4.63856906e+01  1.32841366e+00  1.79999998e+02
 1.33864884e+00  4.63856906e+01  1.33864884e+00  1.79999998e+02
 1.34896288e+00  4.63856906e+01  1.34896288e+00  1.79999998e+02
 1.35935639e+00  4.63856906e+01  1.35935639e+00  1.79999998e+02
 1.36982998e+00  4.63856906e+01  1.36982998e+00  1.79999998e+02
 1.38038426e+00  4.63856906e+01  1.38038426e+00  1.79999998e+02
 1.39101987e+00  4.63856906e+01  1.39101987e+00  1.79999998e+02
 1.40173742e+00  4.63856906e+01  1.40173742e+00  1.79999998e+02
 1.41253754e+00  4.63856906e+01  1.41253754e+00  1.79999998e+02
 1.42342088e+00  4.63856906e+01  1.42342088e+00  1.79999998e+02
 1.43438808e+00  4.63856906e+01  1.43438808e+00  1.79999998e+02
 1.44543977e+00  4.63856906e+01  1.44543977e+00  1.79999998e+02
 1.45657662e+00  4.63856906e+01  1.45657662e+00  1.79999998e+02
 1.46779927e+00  4.63856906e+01  1.46779927e+00  1.79999998e+02
 1.47910839e+00  4.63856906e+01  1.47910839e+00  1.79999998e+02
 1.49050464e+00  4.63856906e+01  1.49050464e+00  1.79999998e+02
 1.50198870e+00  4.63856906e+01  1.50198870e+00  1.79999998e+02
 1.51356125e+00  4.63856906e+01  1.51356125e+00  1.79999998e+02
 1.52522296e+00  4.63856906e+01  1.52522296e+00  1.79999998e+02
 1.53697452e+00  4.63856906e+01  1.53697452e+00  1.79999998e+02
 1.54881662e+00  4.63856906e+01  1.54881662e+00  1.79999997e+02
 1.56074996e+00  4.63856906e+01  1.56074996e+00  1.79999997e+02
 1.57277525e+00  4.63856906e+01  1.57277525e+00  1.79999997e+02
 1.58489319e+00  4.63856906e+01  1.58489319e+00  1.79999997e+02
 1.59710450e+00  4.63856906e+01  1.59710450e+00  1.79999997e+02
 1.60940989e+00  4.63856906e+01  1.60940989e+00  1.79999997e+02
 1.62181010e+00  4.63856906e+01  1.62181010e+00  1.79999997e+02
 1.63430584e+00  4.63856906e+01  1.63430584e+00  1.79999997e+02
 1.64689787e+00  4.63856906e+01  1.64689787e+00  1.79999997e+02
 1.65958691e+00  4.63856906e+01  1.65958691e+00  1.79999997e+02
 1.67237372e+00  4.63856906e+01  1.67237372e+00  1.79999997e+02
 1.68525904e+00  4.63856906e+01  1.68525904e+00  1.79999997e+02
 1.69824365e+00  4.63856906e+01  1.69824365e+00  1.79999997e+02
 1.71132830e+00  4.63856906e+01  1.71132830e+00  1.79999997e+02
 1.72451377e+00  4.63856906e+01  1.72451377e+00  1.79999997e+02
 1.73780083e+00  4.63856906e+01  1.73780083e+00  1.79999997e+02
 1.75119026e+00  4.63856906e+01  1.75119026e+00  1.79999997e+02
 1.76468286e+00  4.63856906e+01  1.76468286e+00  1.79999997e+02
 1.77827941e+00  4.63856906e+01  1.77827941e+00  1.79999997e+02
 1.79198072e+00  4.63856906e+01  1.79198072e+00  1.79999997e+02
 1.80578760e+00  4.63856906e+01  1.80578760e+00  1.79999997e+02
 1.81970086e+00  4.63856906e+01  1.81970086e+00  1.79999997e+02
 1.83372132e+00  4.63856906e+01  1.83372132e+00  1.79999997e+02
 1.84784980e+00  4.63856906e+01  1.84784980e+00  1.79999997e+02
 1.86208714e+00  4.63856906e+01  1.86208714e+00  1.79999997e+02
 1.87643417e+00  4.63856906e+01  1.87643417e+00  1.79999997e+02
 1.89089175e+00  4.63856906e+01  1.89089175e+00  1.79999997e+02
 1.90546072e+00  4.63856906e+01  1.90546072e+00  1.79999997e+02
 1.92014194e+00  4.63856906e+01  1.92014194e+00  1.79999997e+02
 1.93493628e+00  4.63856906e+01  1.93493628e+00  1.79999997e+02
 1.94984460e+00  4.63856906e+01  1.94984460e+00  1.79999997e+02
 1.96486779e+00  4.63856906e+01  1.96486779e+00  1.79999997e+02
 1.98000673e+00  4.63856906e+01  1.98000673e+00  1.79999997e+02
 1.99526231e+00  4.63856906e+01  1.99526231e+00  1.79999997e+02
 2.01063544e+00  4.63856906e+01  2.01063544e+00  1.79999997e+02
 2.02612701e+00  4.63856906e+01  2.02612701e+00  1.79999997e+02
 2.04173794e+00  4.63856906e+01  2.04173794e+00  1.79999997e+02
 2.05746916e+00  4.63856906e+01  2.05746916e+00  1.79999997e+02
 2.07332157e+00  4.63856906e+01  2.07332157e+00  1.79999997e+02
 2.08929613e+00  4.63856906e+01  2.08929613e+00  1.79999997e+02
 2.10539377e+00  4.63856906e+01  2.10539377e+00  1.79999997e+02
 2.12161544e+00  4.63856906e+01  2.12161544e+00  1.79999997e+02
 2.13796209e+00  4.63856906e+01  2.13796209e+00  1.79999997e+02
 2.15443469e+00  4.63856906e+01  2.15443469e+00  1.79999997e+02
 2.17103421e+00  4.63856906e+01  2.17103421e+00  1.79999996e+02
 2.18776162e+00  4.63856906e+01  2.18776162e+00  1.79999996e+02
 2.20461792e+00  4.63856906e+01  2.20461792e+00  1.79999996e+02
 2.22160409e+00  4.63856906e+01  2.22160409e+00  1.79999996e+02
 2.23872114e+00  4.63856906e+01  2.23872114e+00  1.79999996e+02
 2.25597007e+00  4.63856906e+01  2.25597007e+00  1.79999996e+02
 2.27335190e+00  4.63856906e+01  2.27335190e+00  1.79999996e+02
 2.29086765e+00  4.63856906e+01  2.29086765e+00  1.79999996e+02
 2.30851836e+00  4.63856906e+01  2.30851836e+00  1.79999996e+02
 2.32630507e+00  4.63856906e+01  2.32630507e+00  1.79999996e+02
 2.34422882e+00  4.63856906e+01  2.34422882e+00  1.79999996e+02
 2.36229066e+00  4.63856906e+01  2.36229066e+00  1.79999996e+02
 2.38049167e+00  4.63856906e+01  2.38049167e+00  1.79999996e+02
 2.39883292e+00  4.63856906e+01  2.39883292e+00  1.79999996e+02
 2.41731548e+00  4.63856906e+01  2.41731548e+00  1.79999996e+02
 2.43594045e+00  4.63856906e+01  2.43594045e+00  1.79999996e+02
 2.45470892e+00  4.63856906e+01  2.45470892e+00  1.79999996e+02
 2.47362199e+00  4.63856906e+01  2.47362199e+00  1.79999996e+02
 2.49268079e+00  4.63856906e+01  2.49268079e+00  1.79999996e+02
 2.51188643e+00  4.63856906e+01  2.51188643e+00  1.79999996e+02
 2.53124005e+00  4.63856906e+01  2.53124005e+00  1.79999996e+02
 2.55074278e+00  4.63856906e+01  2.55074278e+00  1.79999996e+02
 2.57039578e+00  4.63856906e+01  2.57039578e+00  1.79999996e+02
 2.59020020e+00  4.63856906e+01  2.59020020e+00  1.79999996e+02
 2.61015722e+00  4.63856906e+01  2.61015722e+00  1.79999996e+02
 2.63026799e+00  4.63856906e+01  2.63026799e+00  1.79999996e+02
 2.65053372e+00  4.63856906e+01  2.65053372e+00  1.79999996e+02
 2.67095559e+00  4.63856906e+01  2.67095559e+00  1.79999996e+02
 2.69153480e+00  4.63856906e+01  2.69153480e+00  1.79999996e+02
 2.71227258e+00  4.63856906e+01  2.71227258e+00  1.79999996e+02
 2.73317014e+00  4.63856906e+01  2.73317014e+00  1.79999996e+02
 2.75422870e+00  4.63856906e+01  2.75422870e+00  1.79999996e+02
 2.77544952e+00  4.63856906e+01  2.77544952e+00  1.79999996e+02
 2.79683385e+00  4.63856906e+01  2.79683385e+00  1.79999995e+02
 2.81838293e+00  4.63856906e+01  2.81838293e+00  1.79999995e+02
 2.84009805e+00  4.63856906e+01  2.84009805e+00  1.79999995e+02
 2.86198048e+00  4.63856906e+01  2.86198048e+00  1.79999995e+02
 2.88403150e+00  4.63856906e+01  2.88403150e+00  1.79999995e+02
 2.90625243e+00  4.63856906e+01  2.90625243e+00  1.79999995e+02
 2.92864456e+00  4.63856906e+01  2.92864456e+00  1.79999995e+02
 2.95120923e+00  4.63856906e+01  2.95120923e+00  1.79999995e+02
 2.97394775e+00  4.63856906e+01  2.97394775e+00  1.79999995e+02
 2.99686146e+00  4.63856906e+01  2.99686146e+00  1.79999995e+02
 3.01995172e+00  4.63856906e+01  3.01995172e+00  1.79999995e+02
 3.04321989e+00  4.63856906e+01  3.04321989e+00  1.79999995e+02
 3.06666733e+00  4.63856906e+01  3.06666733e+00  1.79999995e+02
 3.09029543e+00  4.63856906e+01  3.09029543e+00  1.79999995e+02
 3.11410558e+00  4.63856906e+01  3.11410558e+00  1.79999995e+02
 3.13809919e+00  4.63856906e+01  3.13809919e+00  1.79999995e+02
 3.16227766e+00  4.63856906e+01  3.16227766e+00  1.79999995e+02
 3.18664242e+00  4.63856906e+01  3.18664242e+00  1.79999995e+02
 3.21119491e+00  4.63856906e+01  3.21119491e+00  1.79999995e+02
 3.23593657e+00  4.63856906e+01  3.23593657e+00  1.79999995e+02
 3.26086886e+00  4.63856906e+01  3.26086886e+00  1.79999995e+02
 3.28599325e+00  4.63856906e+01  3.28599325e+00  1.79999995e+02
 3.31131121e+00  4.63856906e+01  3.31131121e+00  1.79999995e+02
 3.33682425e+00  4.63856906e+01  3.33682425e+00  1.79999995e+02
 3.36253386e+00  4.63856906e+01  3.36253386e+00  1.79999995e+02
 3.38844156e+00  4.63856906e+01  3.38844156e+00  1.79999995e+02
 3.41454887e+00  4.63856906e+01  3.41454887e+00  1.79999994e+02
 3.44085734e+00  4.63856906e+01  3.44085734e+00  1.79999994e+02
 3.46736850e+00  4.63856906e+01  3.46736850e+00  1.79999994e+02
 3.49408393e+00  4.63856906e+01  3.49408393e+00  1.79999994e+02
 3.52100520e+00  4.63856906e+01  3.52100520e+00  1.79999994e+02
 3.54813389e+00  4.63856906e+01  3.54813389e+00  1.79999994e+02
 3.57547160e+00  4.63856906e+01  3.57547160e+00  1.79999994e+02
 3.60301995e+00  4.63856906e+01  3.60301995e+00  1.79999994e+02
 3.63078055e+00  4.63856906e+01  3.63078055e+00  1.79999994e+02
 3.65875504e+00  4.63856906e+01  3.65875504e+00  1.79999994e+02
 3.68694506e+00  4.63856906e+01  3.68694506e+00  1.79999994e+02
 3.71535229e+00  4.63856906e+01  3.71535229e+00  1.79999994e+02
 3.74397839e+00  4.63856906e+01  3.74397839e+00  1.79999994e+02
 3.77282505e+00  4.63856906e+01  3.77282505e+00  1.79999994e+02
 3.80189396e+00  4.63856906e+01  3.80189396e+00  1.79999994e+02
 3.83118685e+00  4.63856906e+01  3.83118685e+00  1.79999994e+02
 3.86070543e+00  4.63856906e+01  3.86070543e+00  1.79999994e+02
 3.89045145e+00  4.63856906e+01  3.89045145e+00  1.79999994e+02
 3.92042666e+00  4.63856906e+01  3.92042666e+00  1.79999994e+02
 3.95063281e+00  4.63856906e+01  3.95063281e+00  1.79999994e+02
 3.98107171e+00  4.63856906e+01  3.98107171e+00  1.79999994e+02
 4.01174512e+00  4.63856906e+01  4.01174512e+00  1.79999994e+02
 4.04265487e+00  4.63856906e+01  4.04265487e+00  1.79999993e+02
 4.07380278e+00  4.63856906e+01  4.07380278e+00  1.79999993e+02
 4.10519067e+00  4.63856906e+01  4.10519067e+00  1.79999993e+02
 4.13682040e+00  4.63856906e+01  4.13682040e+00  1.79999993e+02
 4.16869383e+00  4.63856906e+01  4.16869383e+00  1.79999993e+02
 4.20081285e+00  4.63856906e+01  4.20081285e+00  1.79999993e+02
 4.23317933e+00  4.63856906e+01  4.23317933e+00  1.79999993e+02
 4.26579519e+00  4.63856906e+01  4.26579519e+00  1.79999993e+02
 4.29866235e+00  4.63856906e+01  4.29866235e+00  1.79999993e+02
 4.33178274e+00  4.63856906e+01  4.33178274e+00  1.79999993e+02
 4.36515832e+00  4.63856906e+01  4.36515832e+00  1.79999993e+02
 4.39879106e+00  4.63856906e+01  4.39879106e+00  1.79999993e+02
 4.43268292e+00  4.63856906e+01  4.43268292e+00  1.79999993e+02
 4.46683592e+00  4.63856906e+01  4.46683592e+00  1.79999993e+02
 4.50125206e+00  4.63856906e+01  4.50125206e+00  1.79999993e+02
 4.53593337e+00  4.63856906e+01  4.53593337e+00  1.79999993e+02
 4.57088190e+00  4.63856906e+01  4.57088190e+00  1.79999993e+02
 4.60609969e+00  4.63856906e+01  4.60609969e+00  1.79999993e+02
 4.64158883e+00  4.63856906e+01  4.64158883e+00  1.79999992e+02
 4.67735141e+00  4.63856906e+01  4.67735141e+00  1.79999992e+02
 4.71338954e+00  4.63856906e+01  4.71338954e+00  1.79999992e+02
 4.74970533e+00  4.63856906e+01  4.74970533e+00  1.79999992e+02
 4.78630092e+00  4.63856906e+01  4.78630092e+00  1.79999992e+02
 4.82317848e+00  4.63856906e+01  4.82317848e+00  1.79999992e+02
 4.86034018e+00  4.63856906e+01  4.86034018e+00  1.79999992e+02
 4.89778819e+00  4.63856906e+01  4.89778819e+00  1.79999992e+02
 4.93552474e+00  4.63856906e+01  4.93552474e+00  1.79999992e+02
 4.97355204e+00  4.63856906e+01  4.97355204e+00  1.79999992e+02
 5.01187234e+00  4.63856906e+01  5.01187234e+00  1.79999992e+02
 5.05048788e+00  4.63856906e+01  5.05048788e+00  1.79999992e+02
 5.08940095e+00  4.63856906e+01  5.08940095e+00  1.79999992e+02
 5.12861384e+00  4.63856906e+01  5.12861384e+00  1.79999992e+02
 5.16812886e+00  4.63856906e+01  5.16812886e+00  1.79999992e+02
 5.20794833e+00  4.63856906e+01  5.20794833e+00  1.79999992e+02
 5.24807460e+00  4.63856906e+01  5.24807460e+00  1.79999992e+02
 5.28851004e+00  4.63856906e+01  5.28851004e+00  1.79999991e+02
 5.32925703e+00  4.63856906e+01  5.32925703e+00  1.79999991e+02
 5.37031796e+00  4.63856906e+01  5.37031796e+00  1.79999991e+02
 5.41169527e+00  4.63856906e+01  5.41169527e+00  1.79999991e+02
 5.45339137e+00  4.63856906e+01  5.45339137e+00  1.79999991e+02
 5.49540874e+00  4.63856906e+01  5.49540874e+00  1.79999991e+02
 5.53774984e+00  4.63856906e+01  5.53774984e+00  1.79999991e+02
 5.58041717e+00  4.63856906e+01  5.58041717e+00  1.79999991e+02
 5.62341325e+00  4.63856906e+01  5.62341325e+00  1.79999991e+02
 5.66674061e+00  4.63856906e+01  5.66674061e+00  1.79999991e+02
 5.71040179e+00  4.63856906e+01  5.71040179e+00  1.79999991e+02
 5.75439937e+00  4.63856906e+01  5.75439937e+00  1.79999991e+02
 5.79873595e+00  4.63856906e+01  5.79873595e+00  1.79999991e+02
 5.84341413e+00  4.63856906e+01  5.84341413e+00  1.79999991e+02
 5.88843655e+00  4.63856906e+01  5.88843655e+00  1.79999990e+02
 5.93380586e+00  4.63856906e+01  5.93380586e+00  1.79999990e+02
 5.97952473e+00  4.63856906e+01  5.97952473e+00  1.79999990e+02
 6.02559586e+00  4.63856906e+01  6.02559586e+00  1.79999990e+02
 6.07202196e+00  4.63856906e+01  6.07202196e+00  1.79999990e+02
 6.11880576e+00  4.63856906e+01  6.11880576e+00  1.79999990e+02
 6.16595002e+00  4.63856906e+01  6.16595002e+00  1.79999990e+02
 6.21345752e+00  4.63856906e+01  6.21345752e+00  1.79999990e+02
 6.26133105e+00  4.63856906e+01  6.26133105e+00  1.79999990e+02
 6.30957344e+00  4.63856906e+01  6.30957344e+00  1.79999990e+02
 6.35818754e+00  4.63856906e+01  6.35818754e+00  1.79999990e+02
 6.40717619e+00  4.63856906e+01  6.40717619e+00  1.79999990e+02
 6.45654229e+00  4.63856906e+01  6.45654229e+00  1.79999990e+02
 6.50628875e+00  4.63856906e+01  6.50628875e+00  1.79999989e+02
 6.55641849e+00  4.63856906e+01  6.55641849e+00  1.79999989e+02
 6.60693448e+00  4.63856906e+01  6.60693448e+00  1.79999989e+02
 6.65783968e+00  4.63856906e+01  6.65783968e+00  1.79999989e+02
 6.70913710e+00  4.63856906e+01  6.70913710e+00  1.79999989e+02
 6.76082975e+00  4.63856906e+01  6.76082975e+00  1.79999989e+02
 6.81292069e+00  4.63856906e+01  6.81292069e+00  1.79999989e+02
 6.86541298e+00  4.63856906e+01  6.86541298e+00  1.79999989e+02
 6.91830971e+00  4.63856906e+01  6.91830971e+00  1.79999989e+02
 6.97161400e+00  4.63856906e+01  6.97161400e+00  1.79999989e+02
 7.02532899e+00  4.63856906e+01  7.02532899e+00  1.79999989e+02
 7.07945784e+00  4.63856906e+01  7.07945784e+00  1.79999989e+02
 7.13400375e+00  4.63856906e+01  7.13400375e+00  1.79999988e+02
 7.18896992e+00  4.63856906e+01  7.18896992e+00  1.79999988e+02
 7.24435960e+00  4.63856906e+01  7.24435960e+00  1.79999988e+02
 7.30017605e+00  4.63856906e+01  7.30017605e+00  1.79999988e+02
 7.35642254e+00  4.63856906e+01  7.35642254e+00  1.79999988e+02
 7.41310241e+00  4.63856906e+01  7.41310241e+00  1.79999988e+02
 7.47021899e+00  4.63856906e+01  7.47021899e+00  1.79999988e+02
 7.52777564e+00  4.63856906e+01  7.52777564e+00  1.79999988e+02
 7.58577575e+00  4.63856906e+01  7.58577575e+00  1.79999988e+02
 7.64422274e+00  4.63856906e+01  7.64422274e+00  1.79999988e+02
 7.70312006e+00  4.63856906e+01  7.70312006e+00  1.79999988e+02
 7.76247117e+00  4.63856906e+01  7.76247117e+00  1.79999987e+02
 7.82227956e+00  4.63856906e+01  7.82227956e+00  1.79999987e+02
 7.88254877e+00  4.63856906e+01  7.88254877e+00  1.79999987e+02
 7.94328235e+00  4.63856906e+01  7.94328235e+00  1.79999987e+02
 8.00448386e+00  4.63856906e+01  8.00448386e+00  1.79999987e+02
 8.06615692e+00  4.63856906e+01  8.06615692e+00  1.79999987e+02
 8.12830516e+00  4.63856906e+01  8.12830516e+00  1.79999987e+02
 8.19093224e+00  4.63856906e+01  8.19093224e+00  1.79999987e+02
 8.25404185e+00  4.63856906e+01  8.25404185e+00  1.79999987e+02
 8.31763771e+00  4.63856906e+01  8.31763771e+00  1.79999987e+02
 8.38172356e+00  4.63856906e+01  8.38172356e+00  1.79999986e+02
 8.44630319e+00  4.63856906e+01  8.44630319e+00  1.79999986e+02
 8.51138038e+00  4.63856906e+01  8.51138038e+00  1.79999986e+02
 8.57695899e+00  4.63856906e+01  8.57695899e+00  1.79999986e+02
 8.64304286e+00  4.63856906e+01  8.64304286e+00  1.79999986e+02
 8.70963590e+00  4.63856906e+01  8.70963590e+00  1.79999986e+02
 8.77674203e+00  4.63856906e+01  8.77674203e+00  1.79999986e+02
 8.84436519e+00  4.63856906e+01  8.84436519e+00  1.79999986e+02
 8.91250938e+00  4.63856906e+01  8.91250938e+00  1.79999986e+02
 8.98117861e+00  4.63856906e+01  8.98117861e+00  1.79999985e+02
 9.05037692e+00  4.63856906e+01  9.05037692e+00  1.79999985e+02
 9.12010839e+00  4.63856906e+01  9.12010839e+00  1.79999985e+02
 9.19037713e+00  4.63856906e+01  9.19037713e+00  1.79999985e+02
 9.26118728e+00  4.63856906e+01  9.26118728e+00  1.79999985e+02
 9.33254301e+00  4.63856906e+01  9.33254301e+00  1.79999985e+02
 9.40444852e+00  4.63856906e+01  9.40444852e+00  1.79999985e+02
 9.47690805e+00  4.63856906e+01  9.47690805e+00  1.79999985e+02
 9.54992586e+00  4.63856906e+01  9.54992586e+00  1.79999985e+02
 9.62350626e+00  4.63856906e+01  9.62350626e+00  1.79999984e+02
 9.69765359e+00  4.63856906e+01  9.69765359e+00  1.79999984e+02
 9.77237221e+00  4.63856906e+01  9.77237221e+00  1.79999984e+02
 9.84766652e+00  4.63856906e+01  9.84766652e+00  1.79999984e+02
 9.92354096e+00  4.63856906e+01  9.92354096e+00  1.79999984e+02
 1.00000000e+01  4.63856906e+01  1.00000000e+01  1.79999984e+02
 1.00770481e+01  4.63856906e+01  1.00770481e+01  1.79999984e+02
 1.01546899e+01  4.63856906e+01  1.01546899e+01  1.79999984e+02
 1.02329299e+01  4.63856906e+01  1.02329299e+01  1.79999983e+02
 1.03117727e+01  4.63856906e+01  1.03117727e+01  1.79999983e+02
 1.03912230e+01  4.63856906e+01  1.03912230e+01  1.79999983e+02
 1.04712855e+01  4.63856906e+01  1.04712855e+01  1.79999983e+02
 1.05519648e+01  4.63856906e+01  1.05519648e+01  1.79999983e+02
 1.06332657e+01  4.63856906e+01  1.06332657e+01  1.79999983e+02
 1.07151931e+01  4.63856906e+01  1.07151931e+01  1.79999983e+02
 1.07977516e+01  4.63856906e+01  1.07977516e+01  1.79999983e+02
 1.08809463e+01  4.63856906e+01  1.08809463e+01  1.79999982e+02
 1.09647820e+01  4.63856906e+01  1.09647820e+01  1.79999982e+02
 1.10492636e+01  4.63856906e+01  1.10492636e+01  1.79999982e+02
 1.11343961e+01  4.63856906e+01  1.11343961e+01  1.79999982e+02
 1.12201845e+01  4.63856906e+01  1.12201845e+01  1.79999982e+02
 1.13066340e+01  4.63856906e+01  1.13066340e+01  1.79999982e+02
 1.13937495e+01  4.63856906e+01  1.13937495e+01  1.79999982e+02
 1.14815362e+01  4.63856906e+01  1.14815362e+01  1.79999981e+02
 1.15699993e+01  4.63856906e+01  1.15699993e+01  1.79999981e+02
 1.16591440e+01  4.63856906e+01  1.16591440e+01  1.79999981e+02
 1.17489755e+01  4.63856906e+01  1.17489755e+01  1.79999981e+02
 1.18394992e+01  4.63856906e+01  1.18394992e+01  1.79999981e+02
 1.19307204e+01  4.63856906e+01  1.19307204e+01  1.79999981e+02
 1.20226443e+01  4.63856906e+01  1.20226443e+01  1.79999981e+02
 1.21152766e+01  4.63856906e+01  1.21152766e+01  1.79999980e+02
 1.22086225e+01  4.63856906e+01  1.22086225e+01  1.79999980e+02
 1.23026877e+01  4.63856906e+01  1.23026877e+01  1.79999980e+02
 1.23974776e+01  4.63856906e+01  1.23974776e+01  1.79999980e+02
 1.24929979e+01  4.63856906e+01  1.24929979e+01  1.79999980e+02
 1.25892541e+01  4.63856906e+01  1.25892541e+01  1.79999980e+02
 1.26862520e+01  4.63856906e+01  1.26862520e+01  1.79999979e+02
 1.27839972e+01  4.63856906e+01  1.27839972e+01  1.79999979e+02
 1.28824955e+01  4.63856906e+01  1.28824955e+01  1.79999979e+02
 1.29817528e+01  4.63856906e+01  1.29817528e+01  1.79999979e+02
 1.30817747e+01  4.63856906e+01  1.30817747e+01  1.79999979e+02
 1.31825674e+01  4.63856906e+01  1.31825674e+01  1.79999979e+02
 1.32841366e+01  4.63856906e+01  1.32841366e+01  1.79999979e+02
 1.33864884e+01  4.63856906e+01  1.33864884e+01  1.79999978e+02
 1.34896288e+01  4.63856906e+01  1.34896288e+01  1.79999978e+02
 1.35935639e+01  4.63856906e+01  1.35935639e+01  1.79999978e+02
 1.36982998e+01  4.63856906e+01  1.36982998e+01  1.79999978e+02
 1.38038426e+01  4.63856906e+01  1.38038426e+01  1.79999978e+02
 1.39101987e+01  4.63856906e+01  1.39101987e+01  1.79999977e+02
 1.40173742e+01  4.63856906e+01  1.40173742e+01  1.79999977e+02
 1.41253754e+01  4.63856906e+01  1.41253754e+01  1.79999977e+02
 1.42342088e+01  4.63856906e+01  1.42342088e+01  1.79999977e+02
 1.43438808e+01  4.63856906e+01  1.43438808e+01  1.79999977e+02
 1.44543977e+01  4.63856906e+01  1.44543977e+01  1.79999977e+02
 1.45657662e+01  4.63856906e+01  1.45657662e+01  1.79999976e+02
 1.46779927e+01  4.63856906e+01  1.46779927e+01  1.79999976e+02
 1.47910839e+01  4.63856906e+01  1.47910839e+01  1.79999976e+02
 1.49050464e+01  4.63856906e+01  1.49050464e+01  1.79999976e+02
 1.50198870e+01  4.63856906e+01  1.50198870e+01  1.79999976e+02
 1.51356125e+01  4.63856906e+01  1.51356125e+01  1.79999976e+02
 1.52522296e+01  4.63856906e+01  1.52522296e+01  1.79999975e+02
 1.53697452e+01  4.63856906e+01  1.53697452e+01  1.79999975e+02
 1.54881662e+01  4.63856906e+01  1.54881662e+01  1.79999975e+02
 1.56074996e+01  4.63856906e+01  1.56074996e+01  1.79999975e+02
 1.57277525e+01  4.63856906e+01  1.57277525e+01  1.79999975e+02
 1.58489319e+01  4.63856906e+01  1.58489319e+01  1.79999974e+02
 1.59710450e+01  4.63856906e+01  1.59710450e+01  1.79999974e+02
 1.60940989e+01  4.63856906e+01  1.60940989e+01  1.79999974e+02
 1.62181010e+01  4.63856906e+01  1.62181010e+01  1.79999974e+02
 1.63430584e+01  4.63856906e+01  1.63430584e+01  1.79999974e+02
 1.64689787e+01  4.63856906e+01  1.64689787e+01  1.79999973e+02
 1.65958691e+01  4.63856906e+01  1.65958691e+01  1.79999973e+02
 1.67237372e+01  4.63856906e+01  1.67237372e+01  1.79999973e+02
 1.68525904e+01  4.63856906e+01  1.68525904e+01  1.79999973e+02
 1.69824365e+01  4.63856906e+01  1.69824365e+01  1.79999973e+02
 1.71132830e+01  4.63856906e+01  1.71132830e+01  1.79999972e+02
 1.72451377e+01  4.63856906e+01  1.72451377e+01  1.79999972e+02
 1.73780083e+01  4.63856906e+01  1.73780083e+01  1.79999972e+02
 1.75119026e+01  4.63856906e+01  1.75119026e+01  1.79999972e+02
 1.76468286e+01  4.63856906e+01  1.76468286e+01  1.79999971e+02
 1.77827941e+01  4.63856906e+01  1.77827941e+01  1.79999971e+02
 1.79198072e+01  4.63856906e+01  1.79198072e+01  1.79999971e+02
 1.80578760e+01  4.63856906e+01  1.80578760e+01  1.79999971e+02
 1.81970086e+01  4.63856906e+01  1.81970086e+01  1.79999971e+02
 1.83372132e+01  4.63856906e+01  1.83372132e+01  1.79999970e+02
 1.84784980e+01  4.63856906e+01  1.84784980e+01  1.79999970e+02
 1.86208714e+01  4.63856906e+01  1.86208714e+01  1.79999970e+02
 1.87643417e+01  4.63856906e+01  1.87643417e+01  1.79999970e+02
 1.89089175e+01  4.63856906e+01  1.89089175e+01  1.79999969e+02
 1.90546072e+01  4.63856906e+01  1.90546072e+01  1.79999969e+02
 1.92014194e+01  4.63856906e+01  1.92014194e+01  1.79999969e+02
 1.93493628e+01  4.63856906e+01  1.93493628e+01  1.79999969e+02
 1.94984460e+01  4.63856906e+01  1.94984460e+01  1.79999968e+02
 1.96486779e+01  4.63856906e+01  1.96486779e+01  1.79999968e+02
 1.98000673e+01  4.63856906e+01  1.98000673e+01  1.79999968e+02
 1.99526231e+01  4.63856906e+01  1.99526231e+01  1.79999968e+02
 2.01063544e+01  4.63856906e+01  2.01063544e+01  1.79999967e+02
 2.02612701e+01  4.63856906e+01  2.02612701e+01  1.79999967e+02
 2.04173794e+01  4.63856906e+01  2.04173794e+01  1.79999967e+02
 2.05746916e+01  4.63856906e+01  2.05746916e+01  1.79999967e+02
 2.07332157e+01  4.63856906e+01  2.07332157e+01  1.79999966e+02
 2.08929613e+01  4.63856906e+01  2.08929613e+01  1.79999966e+02
 2.10539377e+01  4.63856906e+01  2.10539377e+01  1.79999966e+02
 2.12161544e+01  4.63856906e+01  2.12161544e+01  1.79999966e+02
 2.13796209e+01  4.63856906e+01  2.13796209e+01  1.79999965e+02
 2.15443469e+01  4.63856906e+01  2.15443469e+01  1.79999965e+02
 2.17103421e+01  4.63856906e+01  2.17103421e+01  1.79999965e+02
 2.18776162e+01  4.63856906e+01  2.18776162e+01  1.79999965e+02
 2.20461792e+01  4.63856906e+01  2.20461792e+01  1.79999964e+02
 2.22160409e+01  4.63856906e+01  2.22160409e+01  1.79999964e+02
 2.23872114e+01  4.63856906e+01  2.23872114e+01  1.79999964e+02
 2.25597007e+01  4.63856906e+01  2.25597007e+01  1.79999964e+02
 2.27335190e+01  4.63856906e+01  2.27335190e+01  1.79999963e+02
 2.29086765e+01  4.63856906e+01  2.29086765e+01  1.79999963e+02
 2.30851836e+01  4.63856906e+01  2.30851836e+01  1.79999963e+02
 2.32630507e+01  4.63856906e+01  2.32630507e+01  1.79999962e+02
 2.34422882e+01  4.63856906e+01  2.34422882e+01  1.79999962e+02
 2.36229066e+01  4.63856906e+01  2.36229066e+01  1.79999962e+02
 2.38049167e+01  4.63856906e+01  2.38049167e+01  1.79999961e+02
 2.39883292e+01  4.63856906e+01  2.39883292e+01  1.79999961e+02
 2.41731548e+01  4.63856906e+01  2.41731548e+01  1.79999961e+02
 2.43594045e+01  4.63856906e+01  2.43594045e+01  1.79999961e+02
 2.45470892e+01  4.63856906e+01  2.45470892e+01  1.79999960e+02
 2.47362199e+01  4.63856906e+01  2.47362199e+01  1.79999960e+02
 2.49268079e+01  4.63856906e+01  2.49268079e+01  1.79999960e+02
 2.51188643e+01  4.63856906e+01  2.51188643e+01  1.79999959e+02
 2.53124005e+01  4.63856906e+01  2.53124005e+01  1.79999959e+02
 2.55074278e+01  4.63856906e+01  2.55074278e+01  1.79999959e+02
 2.57039578e+01  4.63856906e+01  2.57039578e+01  1.79999958e+02
 2.59020020e+01  4.63856906e+01  2.59020020e+01  1.79999958e+02
 2.61015722e+01  4.63856906e+01  2.61015722e+01  1.79999958e+02
 2.63026799e+01  4.63856906e+01  2.63026799e+01  1.79999957e+02
 2.65053372e+01  4.63856906e+01  2.65053372e+01  1.79999957e+02
 2.67095559e+01  4.63856906e+01  2.67095559e+01  1.79999957e+02
 2.69153480e+01  4.63856906e+01  2.69153480e+01  1.79999956e+02
 2.71227258e+01  4.63856906e+01  2.71227258e+01  1.79999956e+02
 2.73317014e+01  4.63856906e+01  2.73317014e+01  1.79999956e+02
 2.75422870e+01  4.63856906e+01  2.75422870e+01  1.79999955e+02
 2.77544952e+01  4.63856906e+01  2.77544952e+01  1.79999955e+02
 2.79683385e+01  4.63856906e+01  2.79683385e+01  1.79999955e+02
 2.81838293e+01  4.63856906e+01  2.81838293e+01  1.79999954e+02
 2.84009805e+01  4.63856906e+01  2.84009805e+01  1.79999954e+02
 2.86198048e+01  4.63856906e+01  2.86198048e+01  1.79999954e+02
 2.88403150e+01  4.63856906e+01  2.88403150e+01  1.79999953e+02
 2.90625243e+01  4.63856906e+01  2.90625243e+01  1.79999953e+02
 2.92864456e+01  4.63856906e+01  2.92864456e+01  1.79999953e+02
 2.95120923e+01  4.63856906e+01  2.95120923e+01  1.79999952e+02
 2.97394775e+01  4.63856906e+01  2.97394775e+01  1.79999952e+02
 2.99686146e+01  4.63856906e+01  2.99686146e+01  1.79999952e+02
 3.01995172e+01  4.63856906e+01  3.01995172e+01  1.79999951e+02
 3.04321989e+01  4.63856906e+01  3.04321989e+01  1.79999951e+02
 3.06666733e+01  4.63856906e+01  3.06666733e+01  1.79999950e+02
 3.09029543e+01  4.63856906e+01  3.09029543e+01  1.79999950e+02
 3.11410558e+01  4.63856906e+01  3.11410558e+01  1.79999950e+02
 3.13809919e+01  4.63856906e+01  3.13809919e+01  1.79999949e+02
 3.16227766e+01  4.63856906e+01  3.16227766e+01  1.79999949e+02
 3.18664242e+01  4.63856906e+01  3.18664242e+01  1.79999948e+02
 3.21119491e+01  4.63856906e+01  3.21119491e+01  1.79999948e+02
 3.23593657e+01  4.63856906e+01  3.23593657e+01  1.79999948e+02
 3.26086886e+01  4.63856906e+01  3.26086886e+01  1.79999947e+02
 3.28599325e+01  4.63856906e+01  3.28599325e+01  1.79999947e+02
 3.31131121e+01  4.63856906e+01  3.31131121e+01  1.79999946e+02
 3.33682425e+01  4.63856906e+01  3.33682425e+01  1.79999946e+02
 3.36253386e+01  4.63856906e+01  3.36253386e+01  1.79999946e+02
 3.38844156e+01  4.63856906e+01  3.38844156e+01  1.79999945e+02
 3.41454887e+01  4.63856906e+01  3.41454887e+01  1.79999945e+02
 3.44085734e+01  4.63856906e+01  3.44085734e+01  1.79999944e+02
 3.46736850e+01  4.63856906e+01  3.46736850e+01  1.79999944e+02
 3.49408393e+01  4.63856906e+01  3.49408393e+01  1.79999943e+02
 3.52100520e+01  4.63856906e+01  3.52100520e+01  1.79999943e+02
 3.54813389e+01  4.63856906e+01  3.54813389e+01  1.79999943e+02
 3.57547160e+01  4.63856906e+01  3.57547160e+01  1.79999942e+02
 3.60301995e+01  4.63856906e+01  3.60301995e+01  1.79999942e+02
 3.63078055e+01  4.63856906e+01  3.63078055e+01  1.79999941e+02
 3.65875504e+01  4.63856906e+01  3.65875504e+01  1.79999941e+02
 3.68694506e+01  4.63856906e+01  3.68694506e+01  1.79999940e+02
 3.71535229e+01  4.63856906e+01  3.71535229e+01  1.79999940e+02
 3.74397839e+01  4.63856906e+01  3.74397839e+01  1.79999939e+02
 3.77282505e+01  4.63856906e+01  3.77282505e+01  1.79999939e+02
 3.80189396e+01  4.63856906e+01  3.80189396e+01  1.79999938e+02
 3.83118685e+01  4.63856906e+01  3.83118685e+01  1.79999938e+02
 3.86070543e+01  4.63856906e+01  3.86070543e+01  1.79999938e+02
 3.89045145e+01  4.63856906e+01  3.89045145e+01  1.79999937e+02
 3.92042666e+01  4.63856906e+01  3.92042666e+01  1.79999937e+02
 3.95063281e+01  4.63856906e+01  3.95063281e+01  1.79999936e+02
 3.98107171e+01  4.63856906e+01  3.98107171e+01  1.79999936e+02
 4.01174512e+01  4.63856906e+01  4.01174512e+01  1.79999935e+02
 4.04265487e+01  4.63856906e+01  4.04265487e+01  1.79999935e+02
 4.07380278e+01  4.63856906e+01  4.07380278e+01  1.79999934e+02
 4.10519067e+01  4.63856906e+01  4.10519067e+01  1.79999934e+02
 4.13682040e+01  4.63856906e+01  4.13682040e+01  1.79999933e+02
 4.16869383e+01  4.63856906e+01  4.16869383e+01  1.79999933e+02
 4.20081285e+01  4.63856906e+01  4.20081285e+01  1.79999932e+02
 4.23317933e+01  4.63856906e+01  4.23317933e+01  1.79999932e+02
 4.26579519e+01  4.63856906e+01  4.26579519e+01  1.79999931e+02
 4.29866235e+01  4.63856906e+01  4.29866235e+01  1.79999930e+02
 4.33178274e+01  4.63856906e+01  4.33178274e+01  1.79999930e+02
 4.36515832e+01  4.63856906e+01  4.36515832e+01  1.79999929e+02
 4.39879106e+01  4.63856906e+01  4.39879106e+01  1.79999929e+02
 4.43268292e+01  4.63856906e+01  4.43268292e+01  1.79999928e+02
 4.46683592e+01  4.63856906e+01  4.46683592e+01  1.79999928e+02
 4.50125206e+01  4.63856906e+01  4.50125206e+01  1.79999927e+02
 4.53593337e+01  4.63856906e+01  4.53593337e+01  1.79999927e+02
 4.57088190e+01  4.63856906e+01  4.57088190e+01  1.79999926e+02
 4.60609969e+01  4.63856906e+01  4.60609969e+01  1.79999925e+02
 4.64158883e+01  4.63856906e+01  4.64158883e+01  1.79999925e+02
 4.67735141e+01  4.63856906e+01  4.67735141e+01  1.79999924e+02
 4.71338954e+01  4.63856906e+01  4.71338954e+01  1.79999924e+02
 4.74970533e+01  4.63856906e+01  4.74970533e+01  1.79999923e+02
 4.78630092e+01  4.63856906e+01  4.78630092e+01  1.79999923e+02
 4.82317848e+01  4.63856906e+01  4.82317848e+01  1.79999922e+02
 4.86034018e+01  4.63856906e+01  4.86034018e+01  1.79999921e+02
 4.89778819e+01  4.63856906e+01  4.89778819e+01  1.79999921e+02
 4.93552474e+01  4.63856906e+01  4.93552474e+01  1.79999920e+02
 4.97355204e+01  4.63856906e+01  4.97355204e+01  1.79999920e+02
 5.01187234e+01  4.63856906e+01  5.01187234e+01  1.79999919e+02
 5.05048788e+01  4.63856906e+01  5.05048788e+01  1.79999918e+02
 5.08940095e+01  4.63856906e+01  5.08940095e+01  1.79999918e+02
 5.12861384e+01  4.63856906e+01  5.12861384e+01  1.79999917e+02
 5.16812886e+01  4.63856906e+01  5.16812886e+01  1.79999916e+02
 5.20794833e+01  4.63856906e+01  5.20794833e+01  1.79999916e+02
 5.24807460e+01  4.63856906e+01  5.24807460e+01  1.79999915e+02
 5.28851004e+01  4.63856906e+01  5.28851004e+01  1.79999914e+02
 5.32925703e+01  4.63856906e+01  5.32925703e+01  1.79999914e+02
 5.37031796e+01  4.63856906e+01  5.37031796e+01  1.79999913e+02
 5.41169527e+01  4.63856906e+01  5.41169527e+01  1.79999912e+02
 5.45339137e+01  4.63856906e+01  5.45339137e+01  1.79999912e+02
 5.49540874e+01  4.63856906e+01  5.49540874e+01  1.79999911e+02
 5.53774984e+01  4.63856906e+01  5.53774984e+01  1.79999910e+02
 5.58041717e+01  4.63856906e+01  5.58041717e+01  1.79999910e+02
 5.62341325e+01  4.63856906e+01  5.62341325e+01  1.79999909e+02
 5.66674061e+01  4.63856906e+01  5.66674061e+01  1.79999908e+02
 5.71040179e+01  4.63856906e+01  5.71040179e+01  1.79999908e+02
 5.75439937e+01  4.63856906e+01  5.75439937e+01  1.79999907e+02
 5.79873595e+01  4.63856906e+01  5.79873595e+01  1.79999906e+02
 5.84341413e+01  4.63856906e+01  5.84341413e+01  1.79999905e+02
 5.88843655e+01  4.63856906e+01  5.88843655e+01  1.79999905e+02
 5.93380586e+01  4.63856906e+01  5.93380586e+01  1.79999904e+02
 5.97952473e+01  4.63856906e+01  5.97952473e+01  1.79999903e+02
 6.02559586e+01  4.63856906e+01  6.02559586e+01  1.79999903e+02
 6.07202196e+01  4.63856906e+01  6.07202196e+01  1.79999902e+02
 6.11880576e+01  4.63856906e+01  6.11880576e+01  1.79999901e+02
 6.16595002e+01  4.63856906e+01  6.16595002e+01  1.79999900e+02
 6.21345752e+01  4.63856906e+01  6.21345752e+01  1.79999899e+02
 6.26133105e+01  4.63856906e+01  6.26133105e+01  1.79999899e+02
 6.30957344e+01  4.63856906e+01  6.30957344e+01  1.79999898e+02
 6.35818754e+01  4.63856906e+01  6.35818754e+01  1.79999897e+02
 6.40717619e+01  4.63856906e+01  6.40717619e+01  1.79999896e+02
 6.45654229e+01  4.63856906e+01  6.45654229e+01  1.79999896e+02
 6.50628875e+01  4.63856906e+01  6.50628875e+01  1.79999895e+02
 6.55641849e+01  4.63856906e+01  6.55641849e+01  1.79999894e+02
 6.60693448e+01  4.63856906e+01  6.60693448e+01  1.79999893e+02
 6.65783968e+01  4.63856906e+01  6.65783968e+01  1.79999892e+02
 6.70913710e+01  4.63856906e+01  6.70913710e+01  1.79999891e+02
 6.76082975e+01  4.63856906e+01  6.76082975e+01  1.79999891e+02
 6.81292069e+01  4.63856906e+01  6.81292069e+01  1.79999890e+02
 6.86541298e+01  4.63856906e+01  6.86541298e+01  1.79999889e+02
 6.91830971e+01  4.63856906e+01  6.91830971e+01  1.79999888e+02
 6.97161400e+01  4.63856906e+01  6.97161400e+01  1.79999887e+02
 7.02532899e+01  4.63856906e+01  7.02532899e+01  1.79999886e+02
 7.07945784e+01  4.63856906e+01  7.07945784e+01  1.79999885e+02
 7.13400375e+01  4.63856906e+01  7.13400375e+01  1.79999885e+02
 7.18896992e+01  4.63856906e+01  7.18896992e+01  1.79999884e+02
 7.24435960e+01  4.63856906e+01  7.24435960e+01  1.79999883e+02
 7.30017605e+01  4.63856906e+01  7.30017605e+01  1.79999882e+02
 7.35642254e+01  4.63856906e+01  7.35642254e+01  1.79999881e+02
 7.41310241e+01  4.63856906e+01  7.41310241e+01  1.79999880e+02
 7.47021899e+01  4.63856906e+01  7.47021899e+01  1.79999879e+02
 7.52777564e+01  4.63856906e+01  7.52777564e+01  1.79999878e+02
 7.58577575e+01  4.63856906e+01  7.58577575e+01  1.79999877e+02
 7.64422274e+01  4.63856906e+01  7.64422274e+01  1.79999876e+02
 7.70312006e+01  4.63856906e+01  7.70312006e+01  1.79999875e+02
 7.76247117e+01  4.63856906e+01  7.76247117e+01  1.79999874e+02
 7.82227956e+01  4.63856906e+01  7.82227956e+01  1.79999873e+02
 7.88254877e+01  4.63856906e+01  7.88254877e+01  1.79999872e+02
 7.94328235e+01  4.63856906e+01  7.94328235e+01  1.79999871e+02
 8.00448386e+01  4.63856906e+01  8.00448386e+01  1.79999871e+02
 8.06615692e+01  4.63856906e+01  8.06615692e+01  1.79999870e+02
 8.12830516e+01  4.63856906e+01  8.12830516e+01  1.79999869e+02
 8.19093224e+01  4.63856906e+01  8.19093224e+01  1.79999867e+02
 8.25404185e+01  4.63856906e+01  8.25404185e+01  1.79999866e+02
 8.31763771e+01  4.63856906e+01  8.31763771e+01  1.79999865e+02
 8.38172356e+01  4.63856906e+01  8.38172356e+01  1.79999864e+02
 8.44630319e+01  4.63856906e+01  8.44630319e+01  1.79999863e+02
 8.51138038e+01  4.63856906e+01  8.51138038e+01  1.79999862e+02
 8.57695899e+01  4.63856906e+01  8.57695899e+01  1.79999861e+02
 8.64304286e+01  4.63856906e+01  8.64304286e+01  1.79999860e+02
 8.70963590e+01  4.63856906e+01  8.70963590e+01  1.79999859e+02
 8.77674203e+01  4.63856906e+01  8.77674203e+01  1.79999858e+02
 8.84436519e+01  4.63856906e+01  8.84436519e+01  1.79999857e+02
 8.91250938e+01  4.63856906e+01  8.91250938e+01  1.79999856e+02
 8.98117861e+01  4.63856906e+01  8.98117861e+01  1.79999855e+02
 9.05037692e+01  4.63856906e+01  9.05037692e+01  1.79999854e+02
 9.12010839e+01  4.63856906e+01  9.12010839e+01  1.79999852e+02
 9.19037713e+01  4.63856906e+01  9.19037713e+01  1.79999851e+02
 9.26118728e+01  4.63856906e+01  9.26118728e+01  1.79999850e+02
 9.33254301e+01  4.63856906e+01  9.33254301e+01  1.79999849e+02
 9.40444852e+01  4.63856906e+01  9.40444852e+01  1.79999848e+02
 9.47690805e+01  4.63856906e+01  9.47690805e+01  1.79999847e+02
 9.54992586e+01  4.63856906e+01  9.54992586e+01  1.79999846e+02
 9.62350626e+01  4.63856906e+01  9.62350626e+01  1.79999844e+02
 9.69765359e+01  4.63856906e+01  9.69765359e+01  1.79999843e+02
 9.77237221e+01  4.63856906e+01  9.77237221e+01  1.79999842e+02
 9.84766652e+01  4.63856906e+01  9.84766652e+01  1.79999841e+02
 9.92354096e+01  4.63856906e+01  9.92354096e+01  1.79999839e+02
 1.00000000e+02  4.63856906e+01  1.00000000e+02  1.79999838e+02
 1.00770481e+02  4.63856906e+01  1.00770481e+02  1.79999837e+02
 1.01546899e+02  4.63856906e+01  1.01546899e+02  1.79999836e+02
 1.02329299e+02  4.63856906e+01  1.02329299e+02  1.79999834e+02
 1.03117727e+02  4.63856906e+01  1.03117727e+02  1.79999833e+02
 1.03912230e+02  4.63856906e+01  1.03912230e+02  1.79999832e+02
 1.04712855e+02  4.63856906e+01  1.04712855e+02  1.79999831e+02
 1.05519648e+02  4.63856906e+01  1.05519648e+02  1.79999829e+02
 1.06332657e+02  4.63856906e+01  1.06332657e+02  1.79999828e+02
 1.07151931e+02  4.63856906e+01  1.07151931e+02  1.79999827e+02
 1.07977516e+02  4.63856906e+01  1.07977516e+02  1.79999825e+02
 1.08809463e+02  4.63856906e+01  1.08809463e+02  1.79999824e+02
 1.09647820e+02  4.63856906e+01  1.09647820e+02  1.79999823e+02
 1.10492636e+02  4.63856906e+01  1.10492636e+02  1.79999821e+02
 1.11343961e+02  4.63856906e+01  1.11343961e+02  1.79999820e+02
 1.12201845e+02  4.63856906e+01  1.12201845e+02  1.79999818e+02
 1.13066340e+02  4.63856906e+01  1.13066340e+02  1.79999817e+02
 1.13937495e+02  4.63856906e+01  1.13937495e+02  1.79999816e+02
 1.14815362e+02  4.63856906e+01  1.14815362e+02  1.79999814e+02
 1.15699993e+02  4.63856906e+01  1.15699993e+02  1.79999813e+02
 1.16591440e+02  4.63856906e+01  1.16591440e+02  1.79999811e+02
 1.17489755e+02  4.63856906e+01  1.17489755e+02  1.79999810e+02
 1.18394992e+02  4.63856906e+01  1.18394992e+02  1.79999808e+02
 1.19307204e+02  4.63856906e+01  1.19307204e+02  1.79999807e+02
 1.20226443e+02  4.63856906e+01  1.20226443e+02  1.79999806e+02
 1.21152766e+02  4.63856906e+01  1.21152766e+02  1.79999804e+02
 1.22086225e+02  4.63856906e+01  1.22086225e+02  1.79999802e+02
 1.23026877e+02  4.63856906e+01  1.23026877e+02  1.79999801e+02
 1.23974776e+02  4.63856906e+01  1.23974776e+02  1.79999799e+02
 1.24929979e+02  4.63856906e+01  1.24929979e+02  1.79999798e+02
 1.25892541e+02  4.63856906e+01  1.25892541e+02  1.79999796e+02
 1.26862520e+02  4.63856906e+01  1.26862520e+02  1.79999795e+02
 1.27839972e+02  4.63856906e+01  1.27839972e+02  1.79999793e+02
 1.28824955e+02  4.63856906e+01  1.28824955e+02  1.79999792e+02
 1.29817528e+02  4.63856906e+01  1.29817528e+02  1.79999790e+02
 1.30817747e+02  4.63856906e+01  1.30817747e+02  1.79999788e+02
 1.31825674e+02  4.63856906e+01  1.31825674e+02  1.79999787e+02
 1.32841366e+02  4.63856906e+01  1.32841366e+02  1.79999785e+02
 1.33864884e+02  4.63856906e+01  1.33864884e+02  1.79999783e+02
 1.34896288e+02  4.63856906e+01  1.34896288e+02  1.79999782e+02
 1.35935639e+02  4.63856906e+01  1.35935639e+02  1.79999780e+02
 1.36982998e+02  4.63856906e+01  1.36982998e+02  1.79999778e+02
 1.38038426e+02  4.63856906e+01  1.38038426e+02  1.79999777e+02
 1.39101987e+02  4.63856906e+01  1.39101987e+02  1.79999775e+02
 1.40173742e+02  4.63856906e+01  1.40173742e+02  1.79999773e+02
 1.41253754e+02  4.63856906e+01  1.41253754e+02  1.79999771e+02
 1.42342088e+02  4.63856906e+01  1.42342088e+02  1.79999770e+02
 1.43438808e+02  4.63856906e+01  1.43438808e+02  1.79999768e+02
 1.44543977e+02  4.63856906e+01  1.44543977e+02  1.79999766e+02
 1.45657662e+02  4.63856906e+01  1.45657662e+02  1.79999764e+02
 1.46779927e+02  4.63856906e+01  1.46779927e+02  1.79999763e+02
 1.47910839e+02  4.63856906e+01  1.47910839e+02  1.79999761e+02
 1.49050464e+02  4.63856906e+01  1.49050464e+02  1.79999759e+02
 1.50198870e+02  4.63856906e+01  1.50198870e+02  1.79999757e+02
 1.51356125e+02  4.63856906e+01  1.51356125e+02  1.79999755e+02
 1.52522296e+02  4.63856906e+01  1.52522296e+02  1.79999753e+02
 1.53697452e+02  4.63856906e+01  1.53697452e+02  1.79999751e+02
 1.54881662e+02  4.63856906e+01  1.54881662e+02  1.79999749e+02
 1.56074996e+02  4.63856906e+01  1.56074996e+02  1.79999748e+02
 1.57277525e+02  4.63856906e+01  1.57277525e+02  1.79999746e+02
 1.58489319e+02  4.63856906e+01  1.58489319e+02  1.79999744e+02
 1.59710450e+02  4.63856906e+01  1.59710450e+02  1.79999742e+02
 1.60940989e+02  4.63856906e+01  1.60940989e+02  1.79999740e+02
 1.62181010e+02  4.63856906e+01  1.62181010e+02  1.79999738e+02
 1.63430584e+02  4.63856906e+01  1.63430584e+02  1.79999736e+02
 1.64689787e+02  4.63856906e+01  1.64689787e+02  1.79999734e+02
 1.65958691e+02  4.63856906e+01  1.65958691e+02  1.79999732e+02
 1.67237372e+02  4.63856906e+01  1.67237372e+02  1.79999729e+02
 1.68525904e+02  4.63856906e+01  1.68525904e+02  1.79999727e+02
 1.69824365e+02  4.63856906e+01  1.69824365e+02  1.79999725e+02
 1.71132830e+02  4.63856906e+01  1.71132830e+02  1.79999723e+02
 1.72451377e+02  4.63856906e+01  1.72451377e+02  1.79999721e+02
 1.73780083e+02  4.63856906e+01  1.73780083e+02  1.79999719e+02
 1.75119026e+02  4.63856906e+01  1.75119026e+02  1.79999717e+02
 1.76468286e+02  4.63856906e+01  1.76468286e+02  1.79999715e+02
 1.77827941e+02  4.63856906e+01  1.77827941e+02  1.79999712e+02
 1.79198072e+02  4.63856906e+01  1.79198072e+02  1.79999710e+02
 1.80578760e+02  4.63856906e+01  1.80578760e+02  1.79999708e+02
 1.81970086e+02  4.63856906e+01  1.81970086e+02  1.79999706e+02
 1.83372132e+02  4.63856906e+01  1.83372132e+02  1.79999703e+02
 1.84784980e+02  4.63856906e+01  1.84784980e+02  1.79999701e+02
 1.86208714e+02  4.63856906e+01  1.86208714e+02  1.79999699e+02
 1.87643417e+02  4.63856906e+01  1.87643417e+02  1.79999696e+02
 1.89089175e+02  4.63856906e+01  1.89089175e+02  1.79999694e+02
 1.90546072e+02  4.63856906e+01  1.90546072e+02  1.79999692e+02
 1.92014194e+02  4.63856906e+01  1.92014194e+02  1.79999689e+02
 1.93493628e+02  4.63856906e+01  1.93493628e+02  1.79999687e+02
 1.94984460e+02  4.63856906e+01  1.94984460e+02  1.79999685e+02
 1.96486779e+02  4.63856906e+01  1.96486779e+02  1.79999682e+02
 1.98000673e+02  4.63856906e+01  1.98000673e+02  1.79999680e+02
 1.99526231e+02  4.63856906e+01  1.99526231e+02  1.79999677e+02
 2.01063544e+02  4.63856906e+01  2.01063544e+02  1.79999675e+02
 2.02612701e+02  4.63856906e+01  2.02612701e+02  1.79999672e+02
 2.04173794e+02  4.63856906e+01  2.04173794e+02  1.79999670e+02
 2.05746916e+02  4.63856906e+01  2.05746916e+02  1.79999667e+02
 2.07332157e+02  4.63856906e+01  2.07332157e+02  1.79999665e+02
 2.08929613e+02  4.63856906e+01  2.08929613e+02  1.79999662e+02
 2.10539377e+02  4.63856906e+01  2.10539377e+02  1.79999659e+02
 2.12161544e+02  4.63856906e+01  2.12161544e+02  1.79999657e+02
 2.13796209e+02  4.63856906e+01  2.13796209e+02  1.79999654e+02
 2.15443469e+02  4.63856906e+01  2.15443469e+02  1.79999651e+02
 2.17103421e+02  4.63856906e+01  2.17103421e+02  1.79999649e+02
 2.18776162e+02  4.63856906e+01  2.18776162e+02  1.79999646e+02
 2.20461792e+02  4.63856906e+01  2.20461792e+02  1.79999643e+02
 2.22160409e+02  4.63856906e+01  2.22160409e+02  1.79999641e+02
 2.23872114e+02  4.63856906e+01  2.23872114e+02  1.79999638e+02
 2.25597007e+02  4.63856906e+01  2.25597007e+02  1.79999635e+02
 2.27335190e+02  4.63856906e+01  2.27335190e+02  1.79999632e+02
 2.29086765e+02  4.63856906e+01  2.29086765e+02  1.79999629e+02
 2.30851836e+02  4.63856906e+01  2.30851836e+02  1.79999627e+02
 2.32630507e+02  4.63856906e+01  2.32630507e+02  1.79999624e+02
 2.34422882e+02  4.63856906e+01  2.34422882e+02  1.79999621e+02
 2.36229066e+02  4.63856906e+01  2.36229066e+02  1.79999618e+02
 2.38049167e+02  4.63856906e+01  2.38049167e+02  1.79999615e+02
 2.39883292e+02  4.63856906e+01  2.39883292e+02  1.79999612e+02
 2.41731548e+02  4.63856906e+01  2.41731548e+02  1.79999609e+02
 2.43594045e+02  4.63856906e+01  2.43594045e+02  1.79999606e+02
 2.45470892e+02  4.63856906e+01  2.45470892e+02  1.79999603e+02
 2.47362199e+02  4.63856906e+01  2.47362199e+02  1.79999600e+02
 2.49268079e+02  4.63856906e+01  2.49268079e+02  1.79999597e+02
 2.51188643e+02  4.63856906e+01  2.51188643e+02  1.79999594e+02
 2.53124005e+02  4.63856906e+01  2.53124005e+02  1.79999591e+02
 2.55074278e+02  4.63856906e+01  2.55074278e+02  1.79999587e+02
 2.57039578e+02  4.63856906e+01  2.57039578e+02  1.79999584e+02
 2.59020020e+02  4.63856906e+01  2.59020020e+02  1.79999581e+02
 2.61015722e+02  4.63856906e+01  2.61015722e+02  1.79999578e+02
 2.63026799e+02  4.63856906e+01  2.63026799e+02  1.79999574e+02
 2.65053372e+02  4.63856906e+01  2.65053372e+02  1.79999571e+02
 2.67095559e+02  4.63856906e+01  2.67095559e+02  1.79999568e+02
 2.69153480e+02  4.63856906e+01  2.69153480e+02  1.79999565e+02
 2.71227258e+02  4.63856906e+01  2.71227258e+02  1.79999561e+02
 2.73317014e+02  4.63856906e+01  2.73317014e+02  1.79999558e+02
 2.75422870e+02  4.63856906e+01  2.75422870e+02  1.79999554e+02
 2.77544952e+02  4.63856906e+01  2.77544952e+02  1.79999551e+02
 2.79683385e+02  4.63856906e+01  2.79683385e+02  1.79999548e+02
 2.81838293e+02  4.63856906e+01  2.81838293e+02  1.79999544e+02
 2.84009805e+02  4.63856906e+01  2.84009805e+02  1.79999541e+02
 2.86198048e+02  4.63856906e+01  2.86198048e+02  1.79999537e+02
 2.88403150e+02  4.63856906e+01  2.88403150e+02  1.79999533e+02
 2.90625243e+02  4.63856906e+01  2.90625243e+02  1.79999530e+02
 2.92864456e+02  4.63856906e+01  2.92864456e+02  1.79999526e+02
 2.95120923e+02  4.63856906e+01  2.95120923e+02  1.79999523e+02
 2.97394775e+02  4.63856906e+01  2.97394775e+02  1.79999519e+02
 2.99686146e+02  4.63856906e+01  2.99686146e+02  1.79999515e+02
 3.01995172e+02  4.63856906e+01  3.01995172e+02  1.79999511e+02
 3.04321989e+02  4.63856906e+01  3.04321989e+02  1.79999508e+02
 3.06666733e+02  4.63856906e+01  3.06666733e+02  1.79999504e+02
 3.09029543e+02  4.63856906e+01  3.09029543e+02  1.79999500e+02
 3.11410558e+02  4.63856906e+01  3.11410558e+02  1.79999496e+02
 3.13809919e+02  4.63856906e+01  3.13809919e+02  1.79999492e+02
 3.16227766e+02  4.63856906e+01  3.16227766e+02  1.79999488e+02
 3.18664242e+02  4.63856906e+01  3.18664242e+02  1.79999484e+02
 3.21119491e+02  4.63856906e+01  3.21119491e+02  1.79999481e+02
 3.23593657e+02  4.63856906e+01  3.23593657e+02  1.79999477e+02
 3.26086886e+02  4.63856906e+01  3.26086886e+02  1.79999472e+02
 3.28599325e+02  4.63856906e+01  3.28599325e+02  1.79999468e+02
 3.31131121e+02  4.63856906e+01  3.31131121e+02  1.79999464e+02
 3.33682425e+02  4.63856906e+01  3.33682425e+02  1.79999460e+02
 3.36253386e+02  4.63856906e+01  3.36253386e+02  1.79999456e+02
 3.38844156e+02  4.63856906e+01  3.38844156e+02  1.79999452e+02
 3.41454887e+02  4.63856906e+01  3.41454887e+02  1.79999448e+02
 3.44085734e+02  4.63856906e+01  3.44085734e+02  1.79999443e+02
 3.46736850e+02  4.63856906e+01  3.46736850e+02  1.79999439e+02
 3.49408393e+02  4.63856906e+01  3.49408393e+02  1.79999435e+02
 3.52100520e+02  4.63856906e+01  3.52100520e+02  1.79999430e+02
 3.54813389e+02  4.63856906e+01  3.54813389e+02  1.79999426e+02
 3.57547160e+02  4.63856906e+01  3.57547160e+02  1.79999422e+02
 3.60301995e+02  4.63856907e+01  3.60301995e+02  1.79999417e+02
 3.63078055e+02  4.63856907e+01  3.63078055e+02  1.79999413e+02
 3.65875504e+02  4.63856907e+01  3.65875504e+02  1.79999408e+02
 3.68694506e+02  4.63856907e+01  3.68694506e+02  1.79999404e+02
 3.71535229e+02  4.63856907e+01  3.71535229e+02  1.79999399e+02
 3.74397839e+02  4.63856907e+01  3.74397839e+02  1.79999394e+02
 3.77282505e+02  4.63856907e+01  3.77282505e+02  1.79999390e+02
 3.80189396e+02  4.63856907e+01  3.80189396e+02  1.79999385e+02
 3.83118685e+02  4.63856907e+01  3.83118685e+02  1.79999380e+02
 3.86070543e+02  4.63856907e+01  3.86070543e+02  1.79999375e+02
 3.89045145e+02  4.63856907e+01  3.89045145e+02  1.79999371e+02
 3.92042666e+02  4.63856907e+01  3.92042666e+02  1.79999366e+02
 3.95063281e+02  4.63856907e+01  3.95063281e+02  1.79999361e+02
 3.98107171e+02  4.63856907e+01  3.98107171e+02  1.79999356e+02
 4.01174512e+02  4.63856907e+01  4.01174512e+02  1.79999351e+02
 4.04265487e+02  4.63856907e+01  4.04265487e+02  1.79999346e+02
 4.07380278e+02  4.63856907e+01  4.07380278e+02  1.79999341e+02
 4.10519067e+02  4.63856907e+01  4.10519067e+02  1.79999336e+02
 4.13682040e+02  4.63856907e+01  4.13682040e+02  1.79999331e+02
 4.16869383e+02  4.63856907e+01  4.16869383e+02  1.79999326e+02
 4.20081285e+02  4.63856907e+01  4.20081285e+02  1.79999320e+02
 4.23317933e+02  4.63856907e+01  4.23317933e+02  1.79999315e+02
 4.26579519e+02  4.63856907e+01  4.26579519e+02  1.79999310e+02
 4.29866235e+02  4.63856907e+01  4.29866235e+02  1.79999305e+02
 4.33178274e+02  4.63856907e+01  4.33178274e+02  1.79999299e+02
 4.36515832e+02  4.63856907e+01  4.36515832e+02  1.79999294e+02
 4.39879106e+02  4.63856907e+01  4.39879106e+02  1.79999288e+02
 4.43268292e+02  4.63856907e+01  4.43268292e+02  1.79999283e+02
 4.46683592e+02  4.63856907e+01  4.46683592e+02  1.79999277e+02
 4.50125206e+02  4.63856907e+01  4.50125206e+02  1.79999272e+02
 4.53593337e+02  4.63856907e+01  4.53593337e+02  1.79999266e+02
 4.57088190e+02  4.63856907e+01  4.57088190e+02  1.79999261e+02
 4.60609969e+02  4.63856907e+01  4.60609969e+02  1.79999255e+02
 4.64158883e+02  4.63856907e+01  4.64158883e+02  1.79999249e+02
 4.67735141e+02  4.63856907e+01  4.67735141e+02  1.79999243e+02
 4.71338954e+02  4.63856907e+01  4.71338954e+02  1.79999238e+02
 4.74970533e+02  4.63856907e+01  4.74970533e+02  1.79999232e+02
 4.78630092e+02  4.63856907e+01  4.78630092e+02  1.79999226e+02
 4.82317848e+02  4.63856907e+01  4.82317848e+02  1.79999220e+02
 4.86034018e+02  4.63856907e+01  4.86034018e+02  1.79999214e+02
 4.89778819e+02  4.63856907e+01  4.89778819e+02  1.79999208e+02
 4.93552474e+02  4.63856907e+01  4.93552474e+02  1.79999202e+02
 4.97355204e+02  4.63856907e+01  4.97355204e+02  1.79999195e+02
 5.01187234e+02  4.63856907e+01  5.01187234e+02  1.79999189e+02
 5.05048788e+02  4.63856907e+01  5.05048788e+02  1.79999183e+02
 5.08940095e+02  4.63856908e+01  5.08940095e+02  1.79999177e+02
 5.12861384e+02  4.63856908e+01  5.12861384e+02  1.79999170e+02
 5.16812886e+02  4.63856908e+01  5.16812886e+02  1.79999164e+02
 5.20794833e+02  4.63856908e+01  5.20794833e+02  1.79999158e+02
 5.24807460e+02  4.63856908e+01  5.24807460e+02  1.79999151e+02
 5.28851004e+02  4.63856908e+01  5.28851004e+02  1.79999144e+02
 5.32925703e+02  4.63856908e+01  5.32925703e+02  1.79999138e+02
 5.37031796e+02  4.63856908e+01  5.37031796e+02  1.79999131e+02
 5.41169527e+02  4.63856908e+01  5.41169527e+02  1.79999125e+02
 5.45339137e+02  4.63856908e+01  5.45339137e+02  1.79999118e+02
 5.49540874e+02  4.63856908e+01  5.49540874e+02  1.79999111e+02
 5.53774984e+02  4.63856908e+01  5.53774984e+02  1.79999104e+02
 5.58041717e+02  4.63856908e+01  5.58041717e+02  1.79999097e+02
 5.62341325e+02  4.63856908e+01  5.62341325e+02  1.79999090e+02
 5.66674061e+02  4.63856908e+01  5.66674061e+02  1.79999083e+02
 5.71040179e+02  4.63856908e+01  5.71040179e+02  1.79999076e+02
 5.75439937e+02  4.63856908e+01  5.75439937e+02  1.79999069e+02
 5.79873595e+02  4.63856908e+01  5.79873595e+02  1.79999062e+02
 5.84341413e+02  4.63856908e+01  5.84341413e+02  1.79999055e+02
 5.88843655e+02  4.63856908e+01  5.88843655e+02  1.79999047e+02
 5.93380586e+02  4.63856908e+01  5.93380586e+02  1.79999040e+02
 5.97952473e+02  4.63856908e+01  5.97952473e+02  1.79999033e+02
 6.02559586e+02  4.63856908e+01  6.02559586e+02  1.79999025e+02
 6.07202196e+02  4.63856908e+01  6.07202196e+02  1.79999018e+02
 6.11880576e+02  4.63856908e+01  6.11880576e+02  1.79999010e+02
 6.16595002e+02  4.63856908e+01  6.16595002e+02  1.79999003e+02
 6.21345752e+02  4.63856909e+01  6.21345752e+02  1.79998995e+02
 6.26133105e+02  4.63856909e+01  6.26133105e+02  1.79998987e+02
 6.30957344e+02  4.63856909e+01  6.30957344e+02  1.79998979e+02
 6.35818754e+02  4.63856909e+01  6.35818754e+02  1.79998971e+02
 6.40717619e+02  4.63856909e+01  6.40717619e+02  1.79998963e+02
 6.45654229e+02  4.63856909e+01  6.45654229e+02  1.79998956e+02
 6.50628875e+02  4.63856909e+01  6.50628875e+02  1.79998947e+02
 6.55641849e+02  4.63856909e+01  6.55641849e+02  1.79998939e+02
 6.60693448e+02  4.63856909e+01  6.60693448e+02  1.79998931e+02
 6.65783968e+02  4.63856909e+01  6.65783968e+02  1.79998923e+02
 6.70913710e+02  4.63856909e+01  6.70913710e+02  1.79998915e+02
 6.76082975e+02  4.63856909e+01  6.76082975e+02  1.79998906e+02
 6.81292069e+02  4.63856909e+01  6.81292069e+02  1.79998898e+02
 6.86541298e+02  4.63856909e+01  6.86541298e+02  1.79998889e+02
 6.91830971e+02  4.63856909e+01  6.91830971e+02  1.79998881e+02
 6.97161400e+02  4.63856909e+01  6.97161400e+02  1.79998872e+02
 7.02532899e+02  4.63856909e+01  7.02532899e+02  1.79998864e+02
 7.07945784e+02  4.63856909e+01  7.07945784e+02  1.79998855e+02
 7.13400375e+02  4.63856909e+01  7.13400375e+02  1.79998846e+02
 7.18896992e+02  4.63856910e+01  7.18896992e+02  1.79998837e+02
 7.24435960e+02  4.63856910e+01  7.24435960e+02  1.79998828e+02
 7.30017605e+02  4.63856910e+01  7.30017605e+02  1.79998819e+02
 7.35642254e+02  4.63856910e+01  7.35642254e+02  1.79998810e+02
 7.41310241e+02  4.63856910e+01  7.41310241e+02  1.79998801e+02
 7.47021899e+02  4.63856910e+01  7.47021899e+02  1.79998792e+02
 7.52777564e+02  4.63856910e+01  7.52777564e+02  1.79998782e+02
 7.58577575e+02  4.63856910e+01  7.58577575e+02  1.79998773e+02
 7.64422274e+02  4.63856910e+01  7.64422274e+02  1.79998763e+02
 7.70312006e+02  4.63856910e+01  7.70312006e+02  1.79998754e+02
 7.76247117e+02  4.63856910e+01  7.76247117e+02  1.79998744e+02
 7.82227956e+02  4.63856910e+01  7.82227956e+02  1.79998735e+02
 7.88254877e+02  4.63856910e+01  7.88254877e+02  1.79998725e+02
 7.94328235e+02  4.63856910e+01  7.94328235e+02  1.79998715e+02
 8.00448386e+02  4.63856910e+01  8.00448386e+02  1.79998705e+02
 8.06615692e+02  4.63856911e+01  8.06615692e+02  1.79998695e+02
 8.12830516e+02  4.63856911e+01  8.12830516e+02  1.79998685e+02
 8.19093224e+02  4.63856911e+01  8.19093224e+02  1.79998675e+02
 8.25404185e+02  4.63856911e+01  8.25404185e+02  1.79998665e+02
 8.31763771e+02  4.63856911e+01  8.31763771e+02  1.79998654e+02
 8.38172356e+02  4.63856911e+01  8.38172356e+02  1.79998644e+02
 8.44630319e+02  4.63856911e+01  8.44630319e+02  1.79998634e+02
 8.51138038e+02  4.63856911e+01  8.51138038e+02  1.79998623e+02
 8.57695899e+02  4.63856911e+01  8.57695899e+02  1.79998612e+02
 8.64304286e+02  4.63856911e+01  8.64304286e+02  1.79998602e+02
 8.70963590e+02  4.63856911e+01  8.70963590e+02  1.79998591e+02
 8.77674203e+02  4.63856911e+01  8.77674203e+02  1.79998580e+02
 8.84436519e+02  4.63856912e+01  8.84436519e+02  1.79998569e+02
 8.91250938e+02  4.63856912e+01  8.91250938e+02  1.79998558e+02
 8.98117861e+02  4.63856912e+01  8.98117861e+02  1.79998547e+02
 9.05037692e+02  4.63856912e+01  9.05037692e+02  1.79998536e+02
 9.12010839e+02  4.63856912e+01  9.12010839e+02  1.79998525e+02
 9.19037713e+02  4.63856912e+01  9.19037713e+02  1.79998513e+02
 9.26118728e+02  4.63856912e+01  9.26118728e+02  1.79998502e+02
 9.33254301e+02  4.63856912e+01  9.33254301e+02  1.79998490e+02
 9.40444852e+02  4.63856912e+01  9.40444852e+02  1.79998479e+02
 9.47690805e+02  4.63856912e+01  9.47690805e+02  1.79998467e+02
 9.54992586e+02  4.63856913e+01  9.54992586e+02  1.79998455e+02
 9.62350626e+02  4.63856913e+01  9.62350626e+02  1.79998443e+02
 9.69765359e+02  4.63856913e+01  9.69765359e+02  1.79998431e+02
 9.77237221e+02  4.63856913e+01  9.77237221e+02  1.79998419e+02
 9.84766652e+02  4.63856913e+01  9.84766652e+02  1.79998407e+02
 9.92354096e+02  4.63856913e+01  9.92354096e+02  1.79998395e+02
 1.00000000e+03  4.63856913e+01  1.00000000e+03  1.79998382e+02
 1.00770481e+03  4.63856913e+01  1.00770481e+03  1.79998370e+02
 1.01546899e+03  4.63856914e+01  1.01546899e+03  1.79998357e+02
 1.02329299e+03  4.63856914e+01  1.02329299e+03  1.79998345e+02
 1.03117727e+03  4.63856914e+01  1.03117727e+03  1.79998332e+02
 1.03912230e+03  4.63856914e+01  1.03912230e+03  1.79998319e+02
 1.04712855e+03  4.63856914e+01  1.04712855e+03  1.79998306e+02
 1.05519648e+03  4.63856914e+01  1.05519648e+03  1.79998293e+02
 1.06332657e+03  4.63856914e+01  1.06332657e+03  1.79998280e+02
 1.07151931e+03  4.63856914e+01  1.07151931e+03  1.79998267e+02
 1.07977516e+03  4.63856915e+01  1.07977516e+03  1.79998253e+02
 1.08809463e+03  4.63856915e+01  1.08809463e+03  1.79998240e+02
 1.09647820e+03  4.63856915e+01  1.09647820e+03  1.79998226e+02
 1.10492636e+03  4.63856915e+01  1.10492636e+03  1.79998213e+02
 1.11343961e+03  4.63856915e+01  1.11343961e+03  1.79998199e+02
 1.12201845e+03  4.63856915e+01  1.12201845e+03  1.79998185e+02
 1.13066340e+03  4.63856916e+01  1.13066340e+03  1.79998171e+02
 1.13937495e+03  4.63856916e+01  1.13937495e+03  1.79998157e+02
 1.14815362e+03  4.63856916e+01  1.14815362e+03  1.79998143e+02
 1.15699993e+03  4.63856916e+01  1.15699993e+03  1.79998128e+02
 1.16591440e+03  4.63856916e+01  1.16591440e+03  1.79998114e+02
 1.17489755e+03  4.63856916e+01  1.17489755e+03  1.79998099e+02
 1.18394992e+03  4.63856916e+01  1.18394992e+03  1.79998085e+02
 1.19307204e+03  4.63856917e+01  1.19307204e+03  1.79998070e+02
 1.20226443e+03  4.63856917e+01  1.20226443e+03  1.79998055e+02
 1.21152766e+03  4.63856917e+01  1.21152766e+03  1.79998040e+02
 1.22086225e+03  4.63856917e+01  1.22086225e+03  1.79998025e+02
 1.23026877e+03  4.63856917e+01  1.23026877e+03  1.79998010e+02
 1.23974776e+03  4.63856917e+01  1.23974776e+03  1.79997994e+02
 1.24929979e+03  4.63856918e+01  1.24929979e+03  1.79997979e+02
 1.25892541e+03  4.63856918e+01  1.25892541e+03  1.79997963e+02
 1.26862520e+03  4.63856918e+01  1.26862520e+03  1.79997948e+02
 1.27839972e+03  4.63856918e+01  1.27839972e+03  1.79997932e+02
 1.28824955e+03  4.63856918e+01  1.28824955e+03  1.79997916e+02
 1.29817528e+03  4.63856919e+01  1.29817528e+03  1.79997900e+02
 1.30817747e+03  4.63856919e+01  1.30817747e+03  1.79997884e+02
 1.31825674e+03  4.63856919e+01  1.31825674e+03  1.79997867e+02
 1.32841366e+03  4.63856919e+01  1.32841366e+03  1.79997851e+02
 1.33864884e+03  4.63856919e+01  1.33864884e+03  1.79997834e+02
 1.34896288e+03  4.63856920e+01  1.34896288e+03  1.79997818e+02
 1.35935639e+03  4.63856920e+01  1.35935639e+03  1.79997801e+02
 1.36982998e+03  4.63856920e+01  1.36982998e+03  1.79997784e+02
 1.38038426e+03  4.63856920e+01  1.38038426e+03  1.79997767e+02
 1.39101987e+03  4.63856921e+01  1.39101987e+03  1.79997750e+02
 1.40173742e+03  4.63856921e+01  1.40173742e+03  1.79997732e+02
 1.41253754e+03  4.63856921e+01  1.41253754e+03  1.79997715e+02
 1.42342088e+03  4.63856921e+01  1.42342088e+03  1.79997697e+02
 1.43438808e+03  4.63856921e+01  1.43438808e+03  1.79997680e+02
 1.44543977e+03  4.63856922e+01  1.44543977e+03  1.79997662e+02
 1.45657662e+03  4.63856922e+01  1.45657662e+03  1.79997644e+02
 1.46779927e+03  4.63856922e+01  1.46779927e+03  1.79997625e+02
 1.47910839e+03  4.63856922e+01  1.47910839e+03  1.79997607e+02
 1.49050464e+03  4.63856923e+01  1.49050464e+03  1.79997589e+02
 1.50198870e+03  4.63856923e+01  1.50198870e+03  1.79997570e+02
 1.51356125e+03  4.63856923e+01  1.51356125e+03  1.79997551e+02
 1.52522296e+03  4.63856924e+01  1.52522296e+03  1.79997533e+02
 1.53697452e+03  4.63856924e+01  1.53697452e+03  1.79997514e+02
 1.54881662e+03  4.63856924e+01  1.54881662e+03  1.79997494e+02
 1.56074996e+03  4.63856925e+01  1.56074996e+03  1.79997475e+02
 1.57277525e+03  4.63856925e+01  1.57277525e+03  1.79997456e+02
 1.58489319e+03  4.63856925e+01  1.58489319e+03  1.79997436e+02
 1.59710450e+03  4.63856925e+01  1.59710450e+03  1.79997416e+02
 1.60940989e+03  4.63856926e+01  1.60940989e+03  1.79997396e+02
 1.62181010e+03  4.63856926e+01  1.62181010e+03  1.79997376e+02
 1.63430584e+03  4.63856926e+01  1.63430584e+03  1.79997356e+02
 1.64689787e+03  4.63856927e+01  1.64689787e+03  1.79997336e+02
 1.65958691e+03  4.63856927e+01  1.65958691e+03  1.79997315e+02
 1.67237372e+03  4.63856927e+01  1.67237372e+03  1.79997295e+02
 1.68525904e+03  4.63856928e+01  1.68525904e+03  1.79997274e+02
 1.69824365e+03  4.63856928e+01  1.69824365e+03  1.79997253e+02
 1.71132830e+03  4.63856928e+01  1.71132830e+03  1.79997232e+02
 1.72451377e+03  4.63856929e+01  1.72451377e+03  1.79997210e+02
 1.73780083e+03  4.63856929e+01  1.73780083e+03  1.79997189e+02
 1.75119026e+03  4.63856929e+01  1.75119026e+03  1.79997167e+02
 1.76468286e+03  4.63856930e+01  1.76468286e+03  1.79997145e+02
 1.77827941e+03  4.63856930e+01  1.77827941e+03  1.79997123e+02
 1.79198072e+03  4.63856930e+01  1.79198072e+03  1.79997101e+02
 1.80578760e+03  4.63856931e+01  1.80578760e+03  1.79997079e+02
 1.81970086e+03  4.63856931e+01  1.81970086e+03  1.79997056e+02
 1.83372132e+03  4.63856932e+01  1.83372132e+03  1.79997034e+02
 1.84784980e+03  4.63856932e+01  1.84784980e+03  1.79997011e+02
 1.86208714e+03  4.63856932e+01  1.86208714e+03  1.79996988e+02
 1.87643417e+03  4.63856933e+01  1.87643417e+03  1.79996964e+02
 1.89089175e+03  4.63856933e+01  1.89089175e+03  1.79996941e+02
 1.90546072e+03  4.63856934e+01  1.90546072e+03  1.79996917e+02
 1.92014194e+03  4.63856934e+01  1.92014194e+03  1.79996894e+02
 1.93493628e+03  4.63856935e+01  1.93493628e+03  1.79996870e+02
 1.94984460e+03  4.63856935e+01  1.94984460e+03  1.79996846e+02
 1.96486779e+03  4.63856935e+01  1.96486779e+03  1.79996821e+02
 1.98000673e+03  4.63856936e+01  1.98000673e+03  1.79996797e+02
 1.99526231e+03  4.63856936e+01  1.99526231e+03  1.79996772e+02
 2.01063544e+03  4.63856937e+01  2.01063544e+03  1.79996747e+02
 2.02612701e+03  4.63856937e+01  2.02612701e+03  1.79996722e+02
 2.04173794e+03  4.63856938e+01  2.04173794e+03  1.79996697e+02
 2.05746916e+03  4.63856939e+01  2.05746916e+03  1.79996672e+02
 2.07332157e+03  4.63856939e+01  2.07332157e+03  1.79996646e+02
 2.08929613e+03  4.63856940e+01  2.08929613e+03  1.79996620e+02
 2.10539377e+03  4.63856940e+01  2.10539377e+03  1.79996594e+02
 2.12161544e+03  4.63856941e+01  2.12161544e+03  1.79996568e+02
 2.13796209e+03  4.63856941e+01  2.13796209e+03  1.79996541e+02
 2.15443469e+03  4.63856941e+01  2.15443469e+03  1.79996515e+02
 2.17103421e+03  4.63856942e+01  2.17103421e+03  1.79996488e+02
 2.18776162e+03  4.63856943e+01  2.18776162e+03  1.79996461e+02
 2.20461792e+03  4.63856943e+01  2.20461792e+03  1.79996434e+02
 2.22160409e+03  4.63856943e+01  2.22160409e+03  1.79996406e+02
 2.23872114e+03  4.63856944e+01  2.23872114e+03  1.79996378e+02
 2.25597007e+03  4.63856945e+01  2.25597007e+03  1.79996350e+02
 2.27335190e+03  4.63856946e+01  2.27335190e+03  1.79996322e+02
 2.29086765e+03  4.63856946e+01  2.29086765e+03  1.79996294e+02
 2.30851836e+03  4.63856947e+01  2.30851836e+03  1.79996265e+02
 2.32630507e+03  4.63856948e+01  2.32630507e+03  1.79996237e+02
 2.34422882e+03  4.63856948e+01  2.34422882e+03  1.79996208e+02
 2.36229066e+03  4.63856949e+01  2.36229066e+03  1.79996178e+02
 2.38049167e+03  4.63856949e+01  2.38049167e+03  1.79996149e+02
 2.39883292e+03  4.63856950e+01  2.39883292e+03  1.79996119e+02
 2.41731548e+03  4.63856951e+01  2.41731548e+03  1.79996089e+02
 2.43594045e+03  4.63856952e+01  2.43594045e+03  1.79996059e+02
 2.45470892e+03  4.63856952e+01  2.45470892e+03  1.79996029e+02
 2.47362199e+03  4.63856953e+01  2.47362199e+03  1.79995998e+02
 2.49268079e+03  4.63856954e+01  2.49268079e+03  1.79995968e+02
 2.51188643e+03  4.63856955e+01  2.51188643e+03  1.79995936e+02
 2.53124005e+03  4.63856955e+01  2.53124005e+03  1.79995905e+02
 2.55074278e+03  4.63856956e+01  2.55074278e+03  1.79995874e+02
 2.57039578e+03  4.63856957e+01  2.57039578e+03  1.79995842e+02
 2.59020020e+03  4.63856958e+01  2.59020020e+03  1.79995810e+02
 2.61015722e+03  4.63856958e+01  2.61015722e+03  1.79995777e+02
 2.63026799e+03  4.63856959e+01  2.63026799e+03  1.79995745e+02
 2.65053372e+03  4.63856960e+01  2.65053372e+03  1.79995712e+02
 2.67095559e+03  4.63856961e+01  2.67095559e+03  1.79995679e+02
 2.69153480e+03  4.63856961e+01  2.69153480e+03  1.79995646e+02
 2.71227258e+03  4.63856963e+01  2.71227258e+03  1.79995612e+02
 2.73317014e+03  4.63856963e+01  2.73317014e+03  1.79995578e+02
 2.75422870e+03  4.63856964e+01  2.75422870e+03  1.79995544e+02
 2.77544952e+03  4.63856965e+01  2.77544952e+03  1.79995510e+02
 2.79683385e+03  4.63856966e+01  2.79683385e+03  1.79995475e+02
 2.81838293e+03  4.63856967e+01  2.81838293e+03  1.79995441e+02
 2.84009805e+03  4.63856969e+01  2.84009805e+03  1.79995405e+02
 2.86198048e+03  4.63856969e+01  2.86198048e+03  1.79995370e+02
 2.88403150e+03  4.63856970e+01  2.88403150e+03  1.79995334e+02
 2.90625243e+03  4.63856972e+01  2.90625243e+03  1.79995298e+02
 2.92864456e+03  4.63856973e+01  2.92864456e+03  1.79995262e+02
 2.95120923e+03  4.63856973e+01  2.95120923e+03  1.79995226e+02
 2.97394775e+03  4.63856974e+01  2.97394775e+03  1.79995189e+02
 2.99686146e+03  4.63856975e+01  2.99686146e+03  1.79995152e+02
 3.01995172e+03  4.63856977e+01  3.01995172e+03  1.79995114e+02
 3.04321989e+03  4.63856977e+01  3.04321989e+03  1.79995077e+02
 3.06666733e+03  4.63856978e+01  3.06666733e+03  1.79995039e+02
 3.09029543e+03  4.63856980e+01  3.09029543e+03  1.79995001e+02
 3.11410558e+03  4.63856981e+01  3.11410558e+03  1.79994962e+02
 3.13809919e+03  4.63856981e+01  3.13809919e+03  1.79994923e+02
 3.16227766e+03  4.63856983e+01  3.16227766e+03  1.79994884e+02
 3.18664242e+03  4.63856985e+01  3.18664242e+03  1.79994845e+02
 3.21119491e+03  4.63856986e+01  3.21119491e+03  1.79994805e+02
 3.23593657e+03  4.63856987e+01  3.23593657e+03  1.79994765e+02
 3.26086886e+03  4.63856988e+01  3.26086886e+03  1.79994725e+02
 3.28599325e+03  4.63856990e+01  3.28599325e+03  1.79994684e+02
 3.31131121e+03  4.63856991e+01  3.31131121e+03  1.79994643e+02
 3.33682425e+03  4.63856992e+01  3.33682425e+03  1.79994602e+02
 3.36253386e+03  4.63856993e+01  3.36253386e+03  1.79994560e+02
 3.38844156e+03  4.63856995e+01  3.38844156e+03  1.79994518e+02
 3.41454887e+03  4.63856995e+01  3.41454887e+03  1.79994476e+02
 3.44085734e+03  4.63856997e+01  3.44085734e+03  1.79994434e+02
 3.46736850e+03  4.63856999e+01  3.46736850e+03  1.79994391e+02
 3.49408393e+03  4.63857001e+01  3.49408393e+03  1.79994347e+02
 3.52100520e+03  4.63857002e+01  3.52100520e+03  1.79994304e+02
 3.54813389e+03  4.63857005e+01  3.54813389e+03  1.79994260e+02
 3.57547160e+03  4.63857005e+01  3.57547160e+03  1.79994216e+02
 3.60301995e+03  4.63857006e+01  3.60301995e+03  1.79994171e+02
 3.63078055e+03  4.63857007e+01  3.63078055e+03  1.79994126e+02
 3.65875504e+03  4.63857009e+01  3.65875504e+03  1.79994081e+02
 3.68694506e+03  4.63857011e+01  3.68694506e+03  1.79994036e+02
 3.71535229e+03  4.63857013e+01  3.71535229e+03  1.79993990e+02
 3.74397839e+03  4.63857013e+01  3.74397839e+03  1.79993943e+02
 3.77282505e+03  4.63857017e+01  3.77282505e+03  1.79993897e+02
 3.80189396e+03  4.63857018e+01  3.80189396e+03  1.79993849e+02
 3.83118685e+03  4.63857019e+01  3.83118685e+03  1.79993802e+02
 3.86070543e+03  4.63857021e+01  3.86070543e+03  1.79993754e+02
 3.89045145e+03  4.63857024e+01  3.89045145e+03  1.79993706e+02
 3.92042666e+03  4.63857025e+01  3.92042666e+03  1.79993658e+02
 3.95063281e+03  4.63857026e+01  3.95063281e+03  1.79993609e+02
 3.98107171e+03  4.63857028e+01  3.98107171e+03  1.79993560e+02
 4.01174512e+03  4.63857030e+01  4.01174512e+03  1.79993510e+02
 4.04265487e+03  4.63857032e+01  4.04265487e+03  1.79993460e+02
 4.07380278e+03  4.63857034e+01  4.07380278e+03  1.79993410e+02
 4.10519067e+03  4.63857036e+01  4.10519067e+03  1.79993359e+02
 4.13682040e+03  4.63857038e+01  4.13682040e+03  1.79993308e+02
 4.16869383e+03  4.63857040e+01  4.16869383e+03  1.79993256e+02
 4.20081285e+03  4.63857042e+01  4.20081285e+03  1.79993204e+02
 4.23317933e+03  4.63857046e+01  4.23317933e+03  1.79993152e+02
 4.26579519e+03  4.63857046e+01  4.26579519e+03  1.79993099e+02
 4.29866235e+03  4.63857049e+01  4.29866235e+03  1.79993046e+02
 4.33178274e+03  4.63857052e+01  4.33178274e+03  1.79992992e+02
 4.36515832e+03  4.63857052e+01  4.36515832e+03  1.79992938e+02
 4.39879106e+03  4.63857054e+01  4.39879106e+03  1.79992884e+02
 4.43268292e+03  4.63857060e+01  4.43268292e+03  1.79992829e+02
 4.46683592e+03  4.63857060e+01  4.46683592e+03  1.79992774e+02
 4.50125206e+03  4.63857061e+01  4.50125206e+03  1.79992718e+02
 4.53593337e+03  4.63857065e+01  4.53593337e+03  1.79992662e+02
 4.57088190e+03  4.63857066e+01  4.57088190e+03  1.79992606e+02
 4.60609969e+03  4.63857069e+01  4.60609969e+03  1.79992549e+02
 4.64158883e+03  4.63857073e+01  4.64158883e+03  1.79992491e+02
 4.67735141e+03  4.63857074e+01  4.67735141e+03  1.79992433e+02
 4.71338954e+03  4.63857078e+01  4.71338954e+03  1.79992375e+02
 4.74970533e+03  4.63857080e+01  4.74970533e+03  1.79992316e+02
 4.78630092e+03  4.63857083e+01  4.78630092e+03  1.79992257e+02
 4.82317848e+03  4.63857085e+01  4.82317848e+03  1.79992197e+02
 4.86034018e+03  4.63857089e+01  4.86034018e+03  1.79992137e+02
 4.89778819e+03  4.63857093e+01  4.89778819e+03  1.79992077e+02
 4.93552474e+03  4.63857094e+01  4.93552474e+03  1.79992016e+02
 4.97355204e+03  4.63857097e+01  4.97355204e+03  1.79991954e+02
 5.01187234e+03  4.63857100e+01  5.01187234e+03  1.79991892e+02
 5.05048788e+03  4.63857105e+01  5.05048788e+03  1.79991830e+02
 5.08940095e+03  4.63857106e+01  5.08940095e+03  1.79991767e+02
 5.12861384e+03  4.63857108e+01  5.12861384e+03  1.79991703e+02
 5.16812886e+03  4.63857114e+01  5.16812886e+03  1.79991639e+02
 5.20794833e+03  4.63857114e+01  5.20794833e+03  1.79991575e+02
 5.24807460e+03  4.63857121e+01  5.24807460e+03  1.79991510e+02
 5.28851004e+03  4.63857122e+01  5.28851004e+03  1.79991445e+02
 5.32925703e+03  4.63857126e+01  5.32925703e+03  1.79991379e+02
 5.37031796e+03  4.63857129e+01  5.37031796e+03  1.79991312e+02
 5.41169527e+03  4.63857133e+01  5.41169527e+03  1.79991245e+02
 5.45339137e+03  4.63857136e+01  5.45339137e+03  1.79991178e+02
 5.49540874e+03  4.63857140e+01  5.49540874e+03  1.79991110e+02
 5.53774984e+03  4.63857143e+01  5.53774984e+03  1.79991041e+02
 5.58041717e+03  4.63857143e+01  5.58041717e+03  1.79990973e+02
 5.62341325e+03  4.63857151e+01  5.62341325e+03  1.79990903e+02
 5.66674061e+03  4.63857155e+01  5.66674061e+03  1.79990833e+02
 5.71040179e+03  4.63857160e+01  5.71040179e+03  1.79990762e+02
 5.75439937e+03  4.63857162e+01  5.75439937e+03  1.79990691e+02
 5.79873595e+03  4.63857164e+01  5.79873595e+03  1.79990619e+02
 5.84341413e+03  4.63857170e+01  5.84341413e+03  1.79990547e+02
 5.88843655e+03  4.63857174e+01  5.88843655e+03  1.79990474e+02
 5.93380586e+03  4.63857177e+01  5.93380586e+03  1.79990401e+02
 5.97952473e+03  4.63857185e+01  5.97952473e+03  1.79990327e+02
 6.02559586e+03  4.63857187e+01  6.02559586e+03  1.79990252e+02
 6.07202196e+03  4.63857189e+01  6.07202196e+03  1.79990177e+02
 6.11880576e+03  4.63857196e+01  6.11880576e+03  1.79990101e+02
 6.16595002e+03  4.63857200e+01  6.16595002e+03  1.79990025e+02
 6.21345752e+03  4.63857205e+01  6.21345752e+03  1.79989948e+02
 6.26133105e+03  4.63857210e+01  6.26133105e+03  1.79989871e+02
 6.30957344e+03  4.63857214e+01  6.30957344e+03  1.79989793e+02
 6.35818754e+03  4.63857217e+01  6.35818754e+03  1.79989714e+02
 6.40717619e+03  4.63857224e+01  6.40717619e+03  1.79989635e+02
 6.45654229e+03  4.63857231e+01  6.45654229e+03  1.79989555e+02
 6.50628875e+03  4.63857234e+01  6.50628875e+03  1.79989475e+02
 6.55641849e+03  4.63857239e+01  6.55641849e+03  1.79989393e+02
 6.60693448e+03  4.63857247e+01  6.60693448e+03  1.79989312e+02
 6.65783968e+03  4.63857252e+01  6.65783968e+03  1.79989229e+02
 6.70913710e+03  4.63857255e+01  6.70913710e+03  1.79989146e+02
 6.76082975e+03  4.63857260e+01  6.76082975e+03  1.79989063e+02
 6.81292069e+03  4.63857266e+01  6.81292069e+03  1.79988978e+02
 6.86541298e+03  4.63857271e+01  6.86541298e+03  1.79988894e+02
 6.91830971e+03  4.63857274e+01  6.91830971e+03  1.79988808e+02
 6.97161400e+03  4.63857282e+01  6.97161400e+03  1.79988722e+02
 7.02532899e+03  4.63857291e+01  7.02532899e+03  1.79988635e+02
 7.07945784e+03  4.63857294e+01  7.07945784e+03  1.79988547e+02
 7.13400375e+03  4.63857297e+01  7.13400375e+03  1.79988459e+02
 7.18896992e+03  4.63857306e+01  7.18896992e+03  1.79988370e+02
 7.24435960e+03  4.63857309e+01  7.24435960e+03  1.79988281e+02
 7.30017605e+03  4.63857313e+01  7.30017605e+03  1.79988190e+02
 7.35642254e+03  4.63857325e+01  7.35642254e+03  1.79988099e+02
 7.41310241e+03  4.63857332e+01  7.41310241e+03  1.79988007e+02
 7.47021899e+03  4.63857338e+01  7.47021899e+03  1.79987915e+02
 7.52777564e+03  4.63857345e+01  7.52777564e+03  1.79987822e+02
 7.58577575e+03  4.63857352e+01  7.58577575e+03  1.79987728e+02
 7.64422274e+03  4.63857355e+01  7.64422274e+03  1.79987634e+02
 7.70312006e+03  4.63857366e+01  7.70312006e+03  1.79987538e+02
 7.76247117e+03  4.63857376e+01  7.76247117e+03  1.79987442e+02
 7.82227956e+03  4.63857380e+01  7.82227956e+03  1.79987346e+02
 7.88254877e+03  4.63857387e+01  7.88254877e+03  1.79987248e+02
 7.94328235e+03  4.63857391e+01  7.94328235e+03  1.79987150e+02
 8.00448386e+03  4.63857402e+01  8.00448386e+03  1.79987051e+02
 8.06615692e+03  4.63857406e+01  8.06615692e+03  1.79986951e+02
 8.12830516e+03  4.63857418e+01  8.12830516e+03  1.79986850e+02
 8.19093224e+03  4.63857426e+01  8.19093224e+03  1.79986749e+02
 8.25404185e+03  4.63857430e+01  8.25404185e+03  1.79986647e+02
 8.31763771e+03  4.63857442e+01  8.31763771e+03  1.79986544e+02
 8.38172356e+03  4.63857450e+01  8.38172356e+03  1.79986440e+02
 8.44630319e+03  4.63857455e+01  8.44630319e+03  1.79986336e+02
 8.51138038e+03  4.63857467e+01  8.51138038e+03  1.79986231e+02
 8.57695899e+03  4.63857476e+01  8.57695899e+03  1.79986125e+02
 8.64304286e+03  4.63857489e+01  8.64304286e+03  1.79986018e+02
 8.70963590e+03  4.63857498e+01  8.70963590e+03  1.79985910e+02
 8.77674203e+03  4.63857498e+01  8.77674203e+03  1.79985802e+02
 8.84436519e+03  4.63857512e+01  8.84436519e+03  1.79985692e+02
 8.91250938e+03  4.63857522e+01  8.91250938e+03  1.79985582e+02
 8.98117861e+03  4.63857531e+01  8.98117861e+03  1.79985471e+02
 9.05037692e+03  4.63857541e+01  9.05037692e+03  1.79985359e+02
 9.12010839e+03  4.63857551e+01  9.12010839e+03  1.79985246e+02
 9.19037713e+03  4.63857551e+01  9.19037713e+03  1.79985133e+02
 9.26118728e+03  4.63857571e+01  9.26118728e+03  1.79985018e+02
 9.33254301e+03  4.63857576e+01  9.33254301e+03  1.79984902e+02
 9.40444852e+03  4.63857586e+01  9.40444852e+03  1.79984786e+02
 9.47690805e+03  4.63857597e+01  9.47690805e+03  1.79984669e+02
 9.54992586e+03  4.63857618e+01  9.54992586e+03  1.79984550e+02
 9.62350626e+03  4.63857629e+01  9.62350626e+03  1.79984431e+02
 9.69765359e+03  4.63857635e+01  9.69765359e+03  1.79984312e+02
 9.77237221e+03  4.63857646e+01  9.77237221e+03  1.79984191e+02
 9.84766652e+03  4.63857652e+01  9.84766652e+03  1.79984069e+02
 9.92354096e+03  4.63857675e+01  9.92354096e+03  1.79983946e+02
 1.00000000e+04  4.63857675e+01  1.00000000e+04  1.79983823e+02
 1.00770481e+04  4.63857699e+01  1.00770481e+04  1.79983698e+02
 1.01546899e+04  4.63857717e+01  1.01546899e+04  1.79983572e+02
 1.02329299e+04  4.63857711e+01  1.02329299e+04  1.79983446e+02
 1.03117727e+04  4.63857724e+01  1.03117727e+04  1.79983318e+02
 1.03912230e+04  4.63857749e+01  1.03912230e+04  1.79983189e+02
 1.04712855e+04  4.63857756e+01  1.04712855e+04  1.79983060e+02
 1.05519648e+04  4.63857762e+01  1.05519648e+04  1.79982930e+02
 1.06332657e+04  4.63857782e+01  1.06332657e+04  1.79982798e+02
 1.07151931e+04  4.63857789e+01  1.07151931e+04  1.79982666e+02
 1.07977516e+04  4.63857817e+01  1.07977516e+04  1.79982532e+02
 1.08809463e+04  4.63857817e+01  1.08809463e+04  1.79982397e+02
 1.09647820e+04  4.63857838e+01  1.09647820e+04  1.79982262e+02
 1.10492636e+04  4.63857852e+01  1.10492636e+04  1.79982125e+02
 1.11343961e+04  4.63857867e+01  1.11343961e+04  1.79981987e+02
 1.12201845e+04  4.63857882e+01  1.12201845e+04  1.79981848e+02
 1.13066340e+04  4.63857889e+01  1.13066340e+04  1.79981709e+02
 1.13937495e+04  4.63857905e+01  1.13937495e+04  1.79981568e+02
 1.14815362e+04  4.63857928e+01  1.14815362e+04  1.79981426e+02
 1.15699993e+04  4.63857944e+01  1.15699993e+04  1.79981282e+02
 1.16591440e+04  4.63857960e+01  1.16591440e+04  1.79981138e+02
 1.17489755e+04  4.63857976e+01  1.17489755e+04  1.79980993e+02
 1.18394992e+04  4.63857984e+01  1.18394992e+04  1.79980847e+02
 1.19307204e+04  4.63858026e+01  1.19307204e+04  1.79980699e+02
 1.20226443e+04  4.63858027e+01  1.20226443e+04  1.79980550e+02
 1.21152766e+04  4.63858044e+01  1.21152766e+04  1.79980400e+02
 1.22086225e+04  4.63858061e+01  1.22086225e+04  1.79980249e+02
 1.23026877e+04  4.63858079e+01  1.23026877e+04  1.79980097e+02
 1.23974776e+04  4.63858107e+01  1.23974776e+04  1.79979944e+02
 1.24929979e+04  4.63858116e+01  1.24929979e+04  1.79979789e+02
 1.25892541e+04  4.63858135e+01  1.25892541e+04  1.79979633e+02
 1.26862520e+04  4.63858154e+01  1.26862520e+04  1.79979477e+02
 1.27839972e+04  4.63858173e+01  1.27839972e+04  1.79979318e+02
 1.28824955e+04  4.63858193e+01  1.28824955e+04  1.79979159e+02
 1.29817528e+04  4.63858213e+01  1.29817528e+04  1.79978998e+02
 1.30817747e+04  4.63858233e+01  1.30817747e+04  1.79978837e+02
 1.31825674e+04  4.63858253e+01  1.31825674e+04  1.79978674e+02
 1.32841366e+04  4.63858285e+01  1.32841366e+04  1.79978509e+02
 1.33864884e+04  4.63858285e+01  1.33864884e+04  1.79978344e+02
 1.34896288e+04  4.63858317e+01  1.34896288e+04  1.79978177e+02
 1.35935639e+04  4.63858339e+01  1.35935639e+04  1.79978009e+02
 1.36982998e+04  4.63858361e+01  1.36982998e+04  1.79977839e+02
 1.38038426e+04  4.63858383e+01  1.38038426e+04  1.79977668e+02
 1.39101987e+04  4.63858418e+01  1.39101987e+04  1.79977496e+02
 1.40173742e+04  4.63858429e+01  1.40173742e+04  1.79977323e+02
 1.41253754e+04  4.63858453e+01  1.41253754e+04  1.79977148e+02
 1.42342088e+04  4.63858465e+01  1.42342088e+04  1.79976972e+02
 1.43438808e+04  4.63858501e+01  1.43438808e+04  1.79976795e+02
 1.44543977e+04  4.63858526e+01  1.44543977e+04  1.79976616e+02
 1.45657662e+04  4.63858551e+01  1.45657662e+04  1.79976436e+02
 1.46779927e+04  4.63858576e+01  1.46779927e+04  1.79976254e+02
 1.47910839e+04  4.63858602e+01  1.47910839e+04  1.79976071e+02
 1.49050464e+04  4.63858615e+01  1.49050464e+04  1.79975887e+02
 1.50198870e+04  4.63858668e+01  1.50198870e+04  1.79975701e+02
 1.51356125e+04  4.63858696e+01  1.51356125e+04  1.79975514e+02
 1.52522296e+04  4.63858710e+01  1.52522296e+04  1.79975325e+02
 1.53697452e+04  4.63858738e+01  1.53697452e+04  1.79975135e+02
 1.54881662e+04  4.63858766e+01  1.54881662e+04  1.79974943e+02
 1.56074996e+04  4.63858795e+01  1.56074996e+04  1.79974750e+02
 1.57277525e+04  4.63858824e+01  1.57277525e+04  1.79974556e+02
 1.58489319e+04  4.63858868e+01  1.58489319e+04  1.79974359e+02
 1.59710450e+04  4.63858899e+01  1.59710450e+04  1.79974162e+02
 1.60940989e+04  4.63858930e+01  1.60940989e+04  1.79973963e+02
 1.62181010e+04  4.63858945e+01  1.62181010e+04  1.79973762e+02
 1.63430584e+04  4.63858993e+01  1.63430584e+04  1.79973560e+02
 1.64689787e+04  4.63859009e+01  1.64689787e+04  1.79973356e+02
 1.65958691e+04  4.63859025e+01  1.65958691e+04  1.79973151e+02
 1.67237372e+04  4.63859075e+01  1.67237372e+04  1.79972944e+02
 1.68525904e+04  4.63859091e+01  1.68525904e+04  1.79972736e+02
 1.69824365e+04  4.63859159e+01  1.69824365e+04  1.79972525e+02
 1.71132830e+04  4.63859177e+01  1.71132830e+04  1.79972314e+02
 1.72451377e+04  4.63859212e+01  1.72451377e+04  1.79972101e+02
 1.73780083e+04  4.63859265e+01  1.73780083e+04  1.79971885e+02
 1.75119026e+04  4.63859284e+01  1.75119026e+04  1.79971669e+02
 1.76468286e+04  4.63859321e+01  1.76468286e+04  1.79971451e+02
 1.77827941e+04  4.63859358e+01  1.77827941e+04  1.79971231e+02
 1.79198072e+04  4.63859415e+01  1.79198072e+04  1.79971009e+02
 1.80578760e+04  4.63859435e+01  1.80578760e+04  1.79970786e+02
 1.81970086e+04  4.63859454e+01  1.81970086e+04  1.79970561e+02
 1.83372132e+04  4.63859533e+01  1.83372132e+04  1.79970333e+02
 1.84784980e+04  4.63859574e+01  1.84784980e+04  1.79970105e+02
 1.86208714e+04  4.63859595e+01  1.86208714e+04  1.79969875e+02
 1.87643417e+04  4.63859595e+01  1.87643417e+04  1.79969643e+02
 1.89089175e+04  4.63859700e+01  1.89089175e+04  1.79969408e+02
 1.90546072e+04  4.63859721e+01  1.90546072e+04  1.79969173e+02
 1.92014194e+04  4.63859743e+01  1.92014194e+04  1.79968936e+02
 1.93493628e+04  4.63859787e+01  1.93493628e+04  1.79968696e+02
 1.94984460e+04  4.63859876e+01  1.94984460e+04  1.79968455e+02
 1.96486779e+04  4.63859877e+01  1.96486779e+04  1.79968212e+02
 1.98000673e+04  4.63859923e+01  1.98000673e+04  1.79967967e+02
 1.99526231e+04  4.63860017e+01  1.99526231e+04  1.79967720e+02
 2.01063544e+04  4.63860065e+01  2.01063544e+04  1.79967471e+02
 2.02612701e+04  4.63860041e+01  2.02612701e+04  1.79967221e+02
 2.04173794e+04  4.63860139e+01  2.04173794e+04  1.79966968e+02
 2.05746916e+04  4.63860189e+01  2.05746916e+04  1.79966713e+02
 2.07332157e+04  4.63860265e+01  2.07332157e+04  1.79966457e+02
 2.08929613e+04  4.63860265e+01  2.08929613e+04  1.79966199e+02
 2.10539377e+04  4.63860396e+01  2.10539377e+04  1.79965937e+02
 2.12161544e+04  4.63860397e+01  2.12161544e+04  1.79965676e+02
 2.13796209e+04  4.63860477e+01  2.13796209e+04  1.79965411e+02
 2.15443469e+04  4.63860533e+01  2.15443469e+04  1.79965144e+02
 2.17103421e+04  4.63860533e+01  2.17103421e+04  1.79964876e+02
 2.18776162e+04  4.63860618e+01  2.18776162e+04  1.79964605e+02
 2.20461792e+04  4.63860704e+01  2.20461792e+04  1.79964332e+02
 2.22160409e+04  4.63860733e+01  2.22160409e+04  1.79964058e+02
 2.23872114e+04  4.63860822e+01  2.23872114e+04  1.79963780e+02
 2.25597007e+04  4.63860853e+01  2.25597007e+04  1.79963502e+02
 2.27335190e+04  4.63860944e+01  2.27335190e+04  1.79963220e+02
 2.29086765e+04  4.63861007e+01  2.29086765e+04  1.79962936e+02
 2.30851836e+04  4.63861007e+01  2.30851836e+04  1.79962652e+02
 2.32630507e+04  4.63861135e+01  2.32630507e+04  1.79962363e+02
 2.34422882e+04  4.63861200e+01  2.34422882e+04  1.79962073e+02
 2.36229066e+04  4.63861234e+01  2.36229066e+04  1.79961781e+02
 2.38049167e+04  4.63861267e+01  2.38049167e+04  1.79961487e+02
 2.39883292e+04  4.63861335e+01  2.39883292e+04  1.79961190e+02
 2.41731548e+04  4.63861437e+01  2.41731548e+04  1.79960891e+02
 2.43594045e+04  4.63861508e+01  2.43594045e+04  1.79960589e+02
 2.45470892e+04  4.63861543e+01  2.45470892e+04  1.79960286e+02
 2.47362199e+04  4.63861651e+01  2.47362199e+04  1.79959980e+02
 2.49268079e+04  4.63861761e+01  2.49268079e+04  1.79959671e+02
 2.51188643e+04  4.63861799e+01  2.51188643e+04  1.79959360e+02
 2.53124005e+04  4.63861875e+01  2.53124005e+04  1.79959047e+02
 2.55074278e+04  4.63861952e+01  2.55074278e+04  1.79958732e+02
 2.57039578e+04  4.63861991e+01  2.57039578e+04  1.79958414e+02
 2.59020020e+04  4.63862109e+01  2.59020020e+04  1.79958093e+02
 2.61015722e+04  4.63862230e+01  2.61015722e+04  1.79957770e+02
 2.63026799e+04  4.63862271e+01  2.63026799e+04  1.79957445e+02
 2.65053372e+04  4.63862354e+01  2.65053372e+04  1.79957117e+02
 2.67095559e+04  4.63862438e+01  2.67095559e+04  1.79956786e+02
 2.69153480e+04  4.63862567e+01  2.69153480e+04  1.79956453e+02
 2.71227258e+04  4.63862611e+01  2.71227258e+04  1.79956118e+02
 2.73317014e+04  4.63862655e+01  2.73317014e+04  1.79955780e+02
 2.75422870e+04  4.63862789e+01  2.75422870e+04  1.79955439e+02
 2.77544952e+04  4.63862834e+01  2.77544952e+04  1.79955096e+02
 2.79683385e+04  4.63862926e+01  2.79683385e+04  1.79954750e+02
 2.81838293e+04  4.63863066e+01  2.81838293e+04  1.79954400e+02
 2.84009805e+04  4.63863161e+01  2.84009805e+04  1.79954049e+02
 2.86198048e+04  4.63863306e+01  2.86198048e+04  1.79953694e+02
 2.88403150e+04  4.63863357e+01  2.88403150e+04  1.79953338e+02
 2.90625243e+04  4.63863456e+01  2.90625243e+04  1.79952978e+02
 2.92864456e+04  4.63863507e+01  2.92864456e+04  1.79952616e+02
 2.95120923e+04  4.63863712e+01  2.95120923e+04  1.79952250e+02
 2.97394775e+04  4.63863765e+01  2.97394775e+04  1.79951883e+02
 2.99686146e+04  4.63863924e+01  2.99686146e+04  1.79951511e+02
 3.01995172e+04  4.63863979e+01  3.01995172e+04  1.79951138e+02
 3.04321989e+04  4.63864088e+01  3.04321989e+04  1.79950762e+02
 3.06666733e+04  4.63864199e+01  3.06666733e+04  1.79950382e+02
 3.09029543e+04  4.63864312e+01  3.09029543e+04  1.79950000e+02
 3.11410558e+04  4.63864427e+01  3.11410558e+04  1.79949614e+02
 3.13809919e+04  4.63864601e+01  3.13809919e+04  1.79949225e+02
 3.16227766e+04  4.63864661e+01  3.16227766e+04  1.79948835e+02
 3.18664242e+04  4.63864722e+01  3.18664242e+04  1.79948441e+02
 3.21119491e+04  4.63864903e+01  3.21119491e+04  1.79948043e+02
 3.23593657e+04  4.63864965e+01  3.23593657e+04  1.79947643e+02
 3.26086886e+04  4.63865090e+01  3.26086886e+04  1.79947239e+02
 3.28599325e+04  4.63865216e+01  3.28599325e+04  1.79946833e+02
 3.31131121e+04  4.63865474e+01  3.31131121e+04  1.79946422e+02
 3.33682425e+04  4.63865607e+01  3.33682425e+04  1.79946009e+02
 3.36253386e+04  4.63865741e+01  3.36253386e+04  1.79945593e+02
 3.38844156e+04  4.63865946e+01  3.38844156e+04  1.79945173e+02
 3.41454887e+04  4.63865948e+01  3.41454887e+04  1.79944751e+02
 3.44085734e+04  4.63866088e+01  3.44085734e+04  1.79944326e+02
 3.46736850e+04  4.63866230e+01  3.46736850e+04  1.79943897e+02
 3.49408393e+04  4.63866303e+01  3.49408393e+04  1.79943465e+02
 3.52100520e+04  4.63866448e+01  3.52100520e+04  1.79943029e+02
 3.54813389e+04  4.63866744e+01  3.54813389e+04  1.79942589e+02
 3.57547160e+04  4.63866896e+01  3.57547160e+04  1.79942146e+02
 3.60301995e+04  4.63867051e+01  3.60301995e+04  1.79941700e+02
 3.63078055e+04  4.63867130e+01  3.63078055e+04  1.79941251e+02
 3.65875504e+04  4.63867209e+01  3.65875504e+04  1.79940799e+02
 3.68694506e+04  4.63867448e+01  3.68694506e+04  1.79940342e+02
 3.71535229e+04  4.63867530e+01  3.71535229e+04  1.79939883e+02
 3.74397839e+04  4.63867860e+01  3.74397839e+04  1.79939418e+02
 3.77282505e+04  4.63867946e+01  3.77282505e+04  1.79938952e+02
 3.80189396e+04  4.63868116e+01  3.80189396e+04  1.79938481e+02
 3.83118685e+04  4.63868290e+01  3.83118685e+04  1.79938007e+02
 3.86070543e+04  4.63868642e+01  3.86070543e+04  1.79937528e+02
 3.89045145e+04  4.63868645e+01  3.89045145e+04  1.79937048e+02
 3.92042666e+04  4.63869007e+01  3.92042666e+04  1.79936561e+02
 3.95063281e+04  4.63869011e+01  3.95063281e+04  1.79936073e+02
 3.98107171e+04  4.63869198e+01  3.98107171e+04  1.79935581e+02
 4.01174512e+04  4.63869578e+01  4.01174512e+04  1.79935083e+02
 4.04265487e+04  4.63869581e+01  4.04265487e+04  1.79934584e+02
 4.07380278e+04  4.63869777e+01  4.07380278e+04  1.79934079e+02
 4.10519067e+04  4.63870076e+01  4.10519067e+04  1.79933570e+02
 4.13682040e+04  4.63870280e+01  4.13682040e+04  1.79933058e+02
 4.16869383e+04  4.63870384e+01  4.16869383e+04  1.79932543e+02
 4.20081285e+04  4.63870593e+01  4.20081285e+04  1.79932023e+02
 4.23317933e+04  4.63870804e+01  4.23317933e+04  1.79931499e+02
 4.26579519e+04  4.63871126e+01  4.26579519e+04  1.79930970e+02
 4.29866235e+04  4.63871129e+01  4.29866235e+04  1.79930439e+02
 4.33178274e+04  4.63871570e+01  4.33178274e+04  1.79929902e+02
 4.36515832e+04  4.63871572e+01  4.36515832e+04  1.79929363e+02
 4.39879106e+04  4.63871799e+01  4.39879106e+04  1.79928818e+02
 4.43268292e+04  4.63872030e+01  4.43268292e+04  1.79928269e+02
 4.46683592e+04  4.63872264e+01  4.46683592e+04  1.79927716e+02
 4.50125206e+04  4.63872621e+01  4.50125206e+04  1.79927158e+02
 4.53593337e+04  4.63872985e+01  4.53593337e+04  1.79926596e+02
 4.57088190e+04  4.63872987e+01  4.57088190e+04  1.79926031e+02
 4.60609969e+04  4.63873486e+01  4.60609969e+04  1.79925460e+02
 4.64158883e+04  4.63873743e+01  4.64158883e+04  1.79924885e+02
 4.67735141e+04  4.63873874e+01  4.67735141e+04  1.79924307e+02
 4.71338954e+04  4.63874137e+01  4.71338954e+04  1.79923723e+02
 4.74970533e+04  4.63874404e+01  4.74970533e+04  1.79923135e+02
 4.78630092e+04  4.63874809e+01  4.78630092e+04  1.79922541e+02
 4.82317848e+04  4.63874949e+01  4.82317848e+04  1.79921945e+02
 4.86034018e+04  4.63875089e+01  4.86034018e+04  1.79921344e+02
 4.89778819e+04  4.63875653e+01  4.89778819e+04  1.79920736e+02
 4.93552474e+04  4.63875943e+01  4.93552474e+04  1.79920124e+02
 4.97355204e+04  4.63876092e+01  4.97355204e+04  1.79919509e+02
 5.01187234e+04  4.63876389e+01  5.01187234e+04  1.79918889e+02
 5.05048788e+04  4.63876690e+01  5.05048788e+04  1.79918263e+02
 5.08940095e+04  4.63876996e+01  5.08940095e+04  1.79917633e+02
 5.12861384e+04  4.63877462e+01  5.12861384e+04  1.79916997e+02
 5.16812886e+04  4.63877780e+01  5.16812886e+04  1.79916357e+02
 5.20794833e+04  4.63878103e+01  5.20794833e+04  1.79915712e+02
 5.24807460e+04  4.63878268e+01  5.24807460e+04  1.79915063e+02
 5.28851004e+04  4.63878599e+01  5.28851004e+04  1.79914408e+02
 5.32925703e+04  4.63879102e+01  5.32925703e+04  1.79913747e+02
 5.37031796e+04  4.63879276e+01  5.37031796e+04  1.79913083e+02
 5.41169527e+04  4.63879621e+01  5.41169527e+04  1.79912412e+02
 5.45339137e+04  4.63880148e+01  5.45339137e+04  1.79911736e+02
 5.49540874e+04  4.63880330e+01  5.49540874e+04  1.79911056e+02
 5.53774984e+04  4.63880512e+01  5.53774984e+04  1.79910371e+02
 5.58041717e+04  4.63881060e+01  5.58041717e+04  1.79909679e+02
 5.62341325e+04  4.63881434e+01  5.62341325e+04  1.79908982e+02
 5.66674061e+04  4.63881814e+01  5.66674061e+04  1.79908280e+02
 5.71040179e+04  4.63882007e+01  5.71040179e+04  1.79907574e+02
 5.75439937e+04  4.63882590e+01  5.75439937e+04  1.79906860e+02
 5.79873595e+04  4.63882988e+01  5.79873595e+04  1.79906141e+02
 5.84341413e+04  4.63883391e+01  5.84341413e+04  1.79905417e+02
 5.88843655e+04  4.63884209e+01  5.88843655e+04  1.79904685e+02
 5.93380586e+04  4.63884217e+01  5.93380586e+04  1.79903953e+02
 5.97952473e+04  4.63884640e+01  5.97952473e+04  1.79903212e+02
 6.02559586e+04  4.63884855e+01  6.02559586e+04  1.79902466e+02
 6.07202196e+04  4.63885504e+01  6.07202196e+04  1.79901713e+02
 6.11880576e+04  4.63885946e+01  6.11880576e+04  1.79900955e+02
 6.16595002e+04  4.63886396e+01  6.16595002e+04  1.79900191e+02
 6.21345752e+04  4.63886625e+01  6.21345752e+04  1.79899422e+02
 6.26133105e+04  4.63887085e+01  6.26133105e+04  1.79898646e+02
 6.30957344e+04  4.63887786e+01  6.30957344e+04  1.79897863e+02
 6.35818754e+04  4.63888264e+01  6.35818754e+04  1.79897075e+02
 6.40717619e+04  4.63888749e+01  6.40717619e+04  1.79896281e+02
 6.45654229e+04  4.63889487e+01  6.45654229e+04  1.79895479e+02
 6.50628875e+04  4.63889742e+01  6.50628875e+04  1.79894674e+02
 6.55641849e+04  4.63889997e+01  6.55641849e+04  1.79893863e+02
 6.60693448e+04  4.63890766e+01  6.60693448e+04  1.79893043e+02
 6.65783968e+04  4.63891290e+01  6.65783968e+04  1.79892217e+02
 6.70913710e+04  4.63892087e+01  6.70913710e+04  1.79891384e+02
 6.76082975e+04  4.63892093e+01  6.76082975e+04  1.79890549e+02
 6.81292069e+04  4.63892911e+01  6.81292069e+04  1.79889703e+02
 6.86541298e+04  4.63893468e+01  6.86541298e+04  1.79888852e+02
 6.91830971e+04  4.63894034e+01  6.91830971e+04  1.79887994e+02
 6.97161400e+04  4.63894608e+01  6.97161400e+04  1.79887130e+02
 7.02532899e+04  4.63895482e+01  7.02532899e+04  1.79886257e+02
 7.07945784e+04  4.63896079e+01  7.07945784e+04  1.79885380e+02
 7.13400375e+04  4.63896385e+01  7.13400375e+04  1.79884497e+02
 7.18896992e+04  4.63896996e+01  7.18896992e+04  1.79883605e+02
 7.24435960e+04  4.63897925e+01  7.24435960e+04  1.79882705e+02
 7.30017605e+04  4.63897932e+01  7.30017605e+04  1.79881803e+02
 7.35642254e+04  4.63898886e+01  7.35642254e+04  1.79880889e+02
 7.41310241e+04  4.63899535e+01  7.41310241e+04  1.79879970e+02
 7.47021899e+04  4.63900524e+01  7.47021899e+04  1.79879042e+02
 7.52777564e+04  4.63900865e+01  7.52777564e+04  1.79878110e+02
 7.58577575e+04  4.63901884e+01  7.58577575e+04  1.79877167e+02
 7.64422274e+04  4.63902236e+01  7.64422274e+04  1.79876221e+02
 7.70312006e+04  4.63902588e+01  7.70312006e+04  1.79875267e+02
 7.76247117e+04  4.63904004e+01  7.76247117e+04  1.79874301e+02
 7.82227956e+04  4.63904373e+01  7.82227956e+04  1.79873332e+02
 7.88254877e+04  4.63905107e+01  7.88254877e+04  1.79872354e+02
 7.94328235e+04  4.63905481e+01  7.94328235e+04  1.79871370e+02
 8.00448386e+04  4.63906610e+01  8.00448386e+04  1.79870376e+02
 8.06615692e+04  4.63906996e+01  8.06615692e+04  1.79869376e+02
 8.12830516e+04  4.63907771e+01  8.12830516e+04  1.79868367e+02
 8.19093224e+04  4.63909348e+01  8.19093224e+04  1.79867348e+02
 8.25404185e+04  4.63909759e+01  8.25404185e+04  1.79866326e+02
 8.31763771e+04  4.63910983e+01  8.31763771e+04  1.79865291e+02
 8.38172356e+04  4.63911408e+01  8.38172356e+04  1.79864253e+02
 8.44630319e+04  4.63912250e+01  8.44630319e+04  1.79863205e+02
 8.51138038e+04  4.63913107e+01  8.51138038e+04  1.79862149e+02
 8.57695899e+04  4.63913544e+01  8.57695899e+04  1.79861085e+02
 8.64304286e+04  4.63914860e+01  8.64304286e+04  1.79860011e+02
 8.70963590e+04  4.63915310e+01  8.70963590e+04  1.79858931e+02
 8.77674203e+04  4.63916667e+01  8.77674203e+04  1.79857840e+02
 8.84436519e+04  4.63918053e+01  8.84436519e+04  1.79856740e+02
 8.91250938e+04  4.63918999e+01  8.91250938e+04  1.79855633e+02
 8.98117861e+04  4.63919009e+01  8.98117861e+04  1.79854522e+02
 9.05037692e+04  4.63920452e+01  9.05037692e+04  1.79853397e+02
 9.12010839e+04  4.63921436e+01  9.12010839e+04  1.79852264e+02
 9.19037713e+04  4.63921937e+01  9.19037713e+04  1.79851124e+02
 9.26118728e+04  4.63923450e+01  9.26118728e+04  1.79849972e+02
 9.33254301e+04  4.63924478e+01  9.33254301e+04  1.79848813e+02
 9.40444852e+04  4.63925524e+01  9.40444852e+04  1.79847645e+02
 9.47690805e+04  4.63926587e+01  9.47690805e+04  1.79846468e+02
 9.54992586e+04  4.63927127e+01  9.54992586e+04  1.79845283e+02
 9.62350626e+04  4.63929306e+01  9.62350626e+04  1.79844083e+02
 9.69765359e+04  4.63930426e+01  9.69765359e+04  1.79842878e+02
 9.77237221e+04  4.63930439e+01  9.77237221e+04  1.79841668e+02
 9.84766652e+04  4.63932147e+01  9.84766652e+04  1.79840443e+02
 9.92354096e+04  4.63933892e+01  9.92354096e+04  1.79839207e+02
 1.00000000e+05  4.63933905e+01  1.00000000e+05  1.79837968e+02
 1.00770481e+05  4.63936293e+01  1.00770481e+05  1.79836712e+02
 1.01546899e+05  4.63936914e+01  1.01546899e+05  1.79835452e+02
 1.02329299e+05  4.63938770e+01  1.02329299e+05  1.79834177e+02
 1.03117727e+05  4.63938783e+01  1.03117727e+05  1.79832899e+02
 1.03912230e+05  4.63940050e+01  1.03912230e+05  1.79831608e+02
 1.04712855e+05  4.63941984e+01  1.04712855e+05  1.79830304e+02
 1.05519648e+05  4.63943301e+01  1.05519648e+05  1.79828992e+02
 1.06332657e+05  4.63943972e+01  1.06332657e+05  1.79827671e+02
 1.07151931e+05  4.63945995e+01  1.07151931e+05  1.79826337e+02
 1.07977516e+05  4.63947374e+01  1.07977516e+05  1.79824994e+02
 1.08809463e+05  4.63948774e+01  1.08809463e+05  1.79823641e+02
 1.09647820e+05  4.63950196e+01  1.09647820e+05  1.79822277e+02
 1.10492636e+05  4.63951640e+01  1.10492636e+05  1.79820902e+02
 1.11343961e+05  4.63953107e+01  1.11343961e+05  1.79819517e+02
 1.12201845e+05  4.63954596e+01  1.12201845e+05  1.79818120e+02
 1.13066340e+05  4.63956108e+01  1.13066340e+05  1.79816713e+02
 1.13937495e+05  4.63957643e+01  1.13937495e+05  1.79815295e+02
 1.14815362e+05  4.63959203e+01  1.14815362e+05  1.79813866e+02
 1.15699993e+05  4.63961574e+01  1.15699993e+05  1.79812422e+02
 1.16591440e+05  4.63963194e+01  1.16591440e+05  1.79810970e+02
 1.17489755e+05  4.63964839e+01  1.17489755e+05  1.79809507e+02
 1.18394992e+05  4.63964857e+01  1.18394992e+05  1.79808038e+02
 1.19307204e+05  4.63967368e+01  1.19307204e+05  1.79806551e+02
 1.20226443e+05  4.63969076e+01  1.20226443e+05  1.79805054e+02
 1.21152766e+05  4.63971678e+01  1.21152766e+05  1.79803541e+02
 1.22086225e+05  4.63973455e+01  1.22086225e+05  1.79802020e+02
 1.23026877e+05  4.63974368e+01  1.23026877e+05  1.79800491e+02
 1.23974776e+05  4.63976185e+01  1.23974776e+05  1.79798947e+02
 1.24929979e+05  4.63978032e+01  1.24929979e+05  1.79797390e+02
 1.25892541e+05  4.63980841e+01  1.25892541e+05  1.79795816e+02
 1.26862520e+05  4.63981811e+01  1.26862520e+05  1.79794240e+02
 1.27839972e+05  4.63982782e+01  1.27839972e+05  1.79792647e+02
 1.28824955e+05  4.63985709e+01  1.28824955e+05  1.79791040e+02
 1.29817528e+05  4.63988694e+01  1.29817528e+05  1.79789416e+02
 1.30817747e+05  4.63989727e+01  1.30817747e+05  1.79787790e+02
 1.31825674e+05  4.63990758e+01  1.31825674e+05  1.79786147e+02
 1.32841366e+05  4.63993871e+01  1.32841366e+05  1.79784489e+02
 1.33864884e+05  4.63995991e+01  1.33864884e+05  1.79782819e+02
 1.34896288e+05  4.63998144e+01  1.34896288e+05  1.79781135e+02
 1.35935639e+05  4.63999244e+01  1.35935639e+05  1.79779440e+02
 1.36982998e+05  4.64002553e+01  1.36982998e+05  1.79777730e+02
 1.38038426e+05  4.64003685e+01  1.38038426e+05  1.79776008e+02
 1.39101987e+05  4.64007095e+01  1.39101987e+05  1.79774270e+02
 1.40173742e+05  4.64009422e+01  1.40173742e+05  1.79772520e+02
 1.41253754e+05  4.64011784e+01  1.41253754e+05  1.79770756e+02
 1.42342088e+05  4.64014181e+01  1.42342088e+05  1.79768978e+02
 1.43438808e+05  4.64017827e+01  1.43438808e+05  1.79767180e+02
 1.44543977e+05  4.64019089e+01  1.44543977e+05  1.79765381e+02
 1.45657662e+05  4.64021601e+01  1.45657662e+05  1.79763561e+02
 1.46779927e+05  4.64024148e+01  1.46779927e+05  1.79761727e+02
 1.47910839e+05  4.64026739e+01  1.47910839e+05  1.79759878e+02
 1.49050464e+05  4.64028061e+01  1.49050464e+05  1.79758016e+02
 1.50198870e+05  4.64032041e+01  1.50198870e+05  1.79756137e+02
 1.51356125e+05  4.64034752e+01  1.51356125e+05  1.79754244e+02
 1.52522296e+05  4.64036134e+01  1.52522296e+05  1.79752338e+02
 1.53697452e+05  4.64040304e+01  1.53697452e+05  1.79750414e+02
 1.54881662e+05  4.64041728e+01  1.54881662e+05  1.79748477e+02
 1.56074996e+05  4.64047460e+01  1.56074996e+05  1.79746515e+02
 1.57277525e+05  4.64048956e+01  1.57277525e+05  1.79744554e+02
 1.58489319e+05  4.64051928e+01  1.58489319e+05  1.79742570e+02
 1.59710450e+05  4.64054951e+01  1.59710450e+05  1.79740571e+02
 1.60940989e+05  4.64058018e+01  1.60940989e+05  1.79738555e+02
 1.62181010e+05  4.64062678e+01  1.62181010e+05  1.79736516e+02
 1.63430584e+05  4.64064290e+01  1.63430584e+05  1.79734477e+02
 1.64689787e+05  4.64065906e+01  1.64689787e+05  1.79732414e+02
 1.65958691e+05  4.64072386e+01  1.65958691e+05  1.79730324e+02
 1.67237372e+05  4.64075725e+01  1.67237372e+05  1.79728228e+02
 1.68525904e+05  4.64079115e+01  1.68525904e+05  1.79726115e+02
 1.69824365e+05  4.64080856e+01  1.69824365e+05  1.79723994e+02
 1.71132830e+05  4.64084328e+01  1.71132830e+05  1.79721848e+02
 1.72451377e+05  4.64087847e+01  1.72451377e+05  1.79719684e+02
 1.73780083e+05  4.64089648e+01  1.73780083e+05  1.79717505e+02
 1.75119026e+05  4.64095058e+01  1.75119026e+05  1.79715306e+02
 1.76468286e+05  4.64098751e+01  1.76468286e+05  1.79713090e+02
 1.77827941e+05  4.64102493e+01  1.77827941e+05  1.79710857e+02
 1.79198072e+05  4.64106300e+01  1.79198072e+05  1.79708607e+02
 1.80578760e+05  4.64110163e+01  1.80578760e+05  1.79706338e+02
 1.81970086e+05  4.64112136e+01  1.81970086e+05  1.79704052e+02
 1.83372132e+05  4.64118072e+01  1.83372132e+05  1.79701747e+02
 1.84784980e+05  4.64122116e+01  1.84784980e+05  1.79699424e+02
 1.86208714e+05  4.64124180e+01  1.86208714e+05  1.79697083e+02
 1.87643417e+05  4.64130398e+01  1.87643417e+05  1.79694722e+02
 1.89089175e+05  4.64132528e+01  1.89089175e+05  1.79692343e+02
 1.90546072e+05  4.64138939e+01  1.90546072e+05  1.79689945e+02
 1.92014194e+05  4.64143307e+01  1.92014194e+05  1.79687528e+02
 1.93493628e+05  4.64145540e+01  1.93493628e+05  1.79685092e+02
 1.94984460e+05  4.64150012e+01  1.94984460e+05  1.79682636e+02
 1.96486779e+05  4.64156828e+01  1.96486779e+05  1.79680160e+02
 1.98000673e+05  4.64161478e+01  1.98000673e+05  1.79677665e+02
 1.99526231e+05  4.64163850e+01  1.99526231e+05  1.79675150e+02
 2.01063544e+05  4.64170987e+01  2.01063544e+05  1.79672614e+02
 2.02612701e+05  4.64173433e+01  2.02612701e+05  1.79670059e+02
 2.04173794e+05  4.64183251e+01  2.04173794e+05  1.79667468e+02
 2.05746916e+05  4.64188312e+01  2.05746916e+05  1.79664871e+02
 2.07332157e+05  4.64193447e+01  2.07332157e+05  1.79662253e+02
 2.08929613e+05  4.64196091e+01  2.08929613e+05  1.79659630e+02
 2.10539377e+05  4.64201345e+01  2.10539377e+05  1.79656970e+02
 2.12161544e+05  4.64204034e+01  2.12161544e+05  1.79654289e+02
 2.13796209e+05  4.64212108e+01  2.13796209e+05  1.79651586e+02
 2.15443469e+05  4.64217614e+01  2.15443469e+05  1.79648862e+02
 2.17103421e+05  4.64223204e+01  2.17103421e+05  1.79646116e+02
 2.18776162e+05  4.64226065e+01  2.18776162e+05  1.79643347e+02
 2.20461792e+05  4.64234646e+01  2.20461792e+05  1.79640556e+02
 2.22160409e+05  4.64237598e+01  2.22160409e+05  1.79637743e+02
 2.23872114e+05  4.64246453e+01  2.23872114e+05  1.79634907e+02
 2.25597007e+05  4.64249496e+01  2.25597007e+05  1.79632048e+02
 2.27335190e+05  4.64261671e+01  2.27335190e+05  1.79629147e+02
 2.29086765e+05  4.64261760e+01  2.29086765e+05  1.79626261e+02
 2.30851836e+05  4.64274316e+01  2.30851836e+05  1.79623312e+02
 2.32630507e+05  4.64277605e+01  2.32630507e+05  1.79620380e+02
 2.34422882e+05  4.64284122e+01  2.34422882e+05  1.79617404e+02
 2.36229066e+05  4.64294038e+01  2.36229066e+05  1.79614381e+02
 2.38049167e+05  4.64297478e+01  2.38049167e+05  1.79611378e+02
 2.39883292e+05  4.64300922e+01  2.39883292e+05  1.79608328e+02
 2.41731548e+05  4.64314690e+01  2.41731548e+05  1.79605232e+02
 2.43594045e+05  4.64314800e+01  2.43594045e+05  1.79602154e+02
 2.45470892e+05  4.64325452e+01  2.45470892e+05  1.79599031e+02
 2.47362199e+05  4.64336323e+01  2.47362199e+05  1.79595856e+02
 2.49268079e+05  4.64340096e+01  2.49268079e+05  1.79592705e+02
 2.51188643e+05  4.64347595e+01  2.51188643e+05  1.79589504e+02
 2.53124005e+05  4.64355208e+01  2.53124005e+05  1.79586276e+02
 2.55074278e+05  4.64359105e+01  2.55074278e+05  1.79583021e+02
 2.57039578e+05  4.64370787e+01  2.57039578e+05  1.79579741e+02
 2.59020020e+05  4.64382715e+01  2.59020020e+05  1.79576406e+02
 2.61015722e+05  4.64386853e+01  2.61015722e+05  1.79573099e+02
 2.63026799e+05  4.64399153e+01  2.63026799e+05  1.79569708e+02
 2.65053372e+05  4.64403431e+01  2.65053372e+05  1.79566347e+02
 2.67095559e+05  4.64407706e+01  2.67095559e+05  1.79562927e+02
 2.69153480e+05  4.64420523e+01  2.69153480e+05  1.79559484e+02
 2.71227258e+05  4.64429272e+01  2.71227258e+05  1.79556010e+02
 2.73317014e+05  4.64438152e+01  2.73317014e+05  1.79552507e+02
 2.75422870e+05  4.64447172e+01  2.75422870e+05  1.79548975e+02
 2.77544952e+05  4.64456331e+01  2.77544952e+05  1.79545414e+02
 2.79683385e+05  4.64470246e+01  2.79683385e+05  1.79541790e+02
 2.81838293e+05  4.64475089e+01  2.81838293e+05  1.79538204e+02
 2.84009805e+05  4.64484689e+01  2.84009805e+05  1.79534554e+02
 2.86198048e+05  4.64494434e+01  2.86198048e+05  1.79530874e+02
 2.88403150e+05  4.64504325e+01  2.88403150e+05  1.79527163e+02
 2.90625243e+05  4.64514382e+01  2.90625243e+05  1.79523421e+02
 2.92864456e+05  4.64524588e+01  2.92864456e+05  1.79519648e+02
 2.95120923e+05  4.64534957e+01  2.95120923e+05  1.79515844e+02
 2.97394775e+05  4.64545489e+01  2.97394775e+05  1.79512008e+02
 2.99686146e+05  4.64556183e+01  2.99686146e+05  1.79508140e+02
 3.01995172e+05  4.64561670e+01  3.01995172e+05  1.79504235e+02
 3.04321989e+05  4.64578066e+01  3.04321989e+05  1.79500306e+02
 3.06666733e+05  4.64589276e+01  3.06666733e+05  1.79496340e+02
 3.09029543e+05  4.64600654e+01  3.09029543e+05  1.79492341e+02
 3.11410558e+05  4.64606494e+01  3.11410558e+05  1.79488303e+02
 3.13809919e+05  4.64629738e+01  3.13809919e+05  1.79484193e+02
 3.16227766e+05  4.64635853e+01  3.16227766e+05  1.79480139e+02
 3.18664242e+05  4.64647958e+01  3.18664242e+05  1.79476004e+02
 3.21119491e+05  4.64654180e+01  3.21119491e+05  1.79471827e+02
 3.23593657e+05  4.64672727e+01  3.23593657e+05  1.79467627e+02
 3.26086886e+05  4.64697939e+01  3.26086886e+05  1.79463221e+02
 3.28599325e+05  4.64704647e+01  3.28599325e+05  1.79459054e+02
 3.31131121e+05  4.64711365e+01  3.31131121e+05  1.79454794e+02
 3.33682425e+05  4.64724653e+01  3.33682425e+05  1.79450443e+02
 3.36253386e+05  4.64724819e+01  3.36253386e+05  1.79445977e+02
 3.38844156e+05  4.64751844e+01  3.38844156e+05  1.79441630e+02
 3.41454887e+05  4.64765760e+01  3.41454887e+05  1.79437167e+02
 3.44085734e+05  4.64779894e+01  3.44085734e+05  1.79432666e+02
 3.46736850e+05  4.64787150e+01  3.46736850e+05  1.79428118e+02
 3.49408393e+05  4.64801625e+01  3.49408393e+05  1.79423539e+02
 3.52100520e+05  4.64809018e+01  3.52100520e+05  1.79418838e+02
 3.54813389e+05  4.64838659e+01  3.54813389e+05  1.79414271e+02
 3.57547160e+05  4.64853923e+01  3.57547160e+05  1.79409573e+02
 3.60301995e+05  4.64861795e+01  3.60301995e+05  1.79404825e+02
 3.63078055e+05  4.64885195e+01  3.63078055e+05  1.79400055e+02
 3.65875504e+05  4.64901197e+01  3.65875504e+05  1.79395234e+02
 3.68694506e+05  4.64917449e+01  3.68694506e+05  1.79390372e+02
 3.71535229e+05  4.64942087e+01  3.71535229e+05  1.79385390e+02
 3.74397839e+05  4.64950717e+01  3.74397839e+05  1.79380519e+02
 3.77282505e+05  4.64959363e+01  3.77282505e+05  1.79375516e+02
 3.80189396e+05  4.64985041e+01  3.80189396e+05  1.79370493e+02
 3.83118685e+05  4.65011241e+01  3.83118685e+05  1.79365331e+02
 3.86070543e+05  4.65020450e+01  3.86070543e+05  1.79360291e+02
 3.89045145e+05  4.65038560e+01  3.89045145e+05  1.79355123e+02
 3.92042666e+05  4.65056971e+01  3.92042666e+05  1.79349909e+02
 3.95063281e+05  4.65084855e+01  3.95063281e+05  1.79344559e+02
 3.98107171e+05  4.65094640e+01  3.98107171e+05  1.79339343e+02
 4.01174512e+05  4.65113916e+01  4.01174512e+05  1.79333990e+02
 4.04265487e+05  4.65133511e+01  4.04265487e+05  1.79328589e+02
 4.07380278e+05  4.65143629e+01  4.07380278e+05  1.79323125e+02
 4.10519067e+05  4.65173598e+01  4.10519067e+05  1.79317644e+02
 4.13682040e+05  4.65194118e+01  4.13682040e+05  1.79312097e+02
 4.16869383e+05  4.65214972e+01  4.16869383e+05  1.79306501e+02
 4.20081285e+05  4.65225731e+01  4.20081285e+05  1.79300838e+02
 4.23317933e+05  4.65268196e+01  4.23317933e+05  1.79295048e+02
 4.26579519e+05  4.65279491e+01  4.26579519e+05  1.79289411e+02
 4.29866235e+05  4.65301678e+01  4.29866235e+05  1.79283611e+02
 4.33178274e+05  4.65324203e+01  4.33178274e+05  1.79277759e+02
 4.36515832e+05  4.65347095e+01  4.36515832e+05  1.79271853e+02
 4.39879106e+05  4.65370350e+01  4.39879106e+05  1.79265894e+02
 4.43268292e+05  4.65393958e+01  4.43268292e+05  1.79259881e+02
 4.46683592e+05  4.65417946e+01  4.46683592e+05  1.79253813e+02
 4.50125206e+05  4.65442309e+01  4.50125206e+05  1.79247690e+02
 4.53593337e+05  4.65467056e+01  4.53593337e+05  1.79241510e+02
 4.57088190e+05  4.65504477e+01  4.57088190e+05  1.79235136e+02
 4.60609969e+05  4.65517731e+01  4.60609969e+05  1.79228980e+02
 4.64158883e+05  4.65530966e+01  4.64158883e+05  1.79222604e+02
 4.67735141e+05  4.65570013e+01  4.67735141e+05  1.79216218e+02
 4.71338954e+05  4.65583679e+01  4.71338954e+05  1.79209721e+02
 4.74970533e+05  4.65623947e+01  4.74970533e+05  1.79203218e+02
 4.78630092e+05  4.65638053e+01  4.78630092e+05  1.79196599e+02
 4.82317848e+05  4.65665913e+01  4.82317848e+05  1.79189945e+02
 4.86034018e+05  4.65694185e+01  4.86034018e+05  1.79183230e+02
 4.89778819e+05  4.65737063e+01  4.89778819e+05  1.79176480e+02
 4.93552474e+05  4.65766438e+01  4.93552474e+05  1.79169639e+02
 4.97355204e+05  4.65810870e+01  4.97355204e+05  1.79162555e+02
 5.01187234e+05  4.65826644e+01  5.01187234e+05  1.79155760e+02
 5.05048788e+05  4.65857450e+01  5.05048788e+05  1.79148722e+02
 5.08940095e+05  4.65903999e+01  5.08940095e+05  1.79141427e+02
 5.12861384e+05  4.65920568e+01  5.12861384e+05  1.79134443e+02
 5.16812886e+05  4.65952838e+01  5.16812886e+05  1.79127201e+02
 5.20794833e+05  4.66001645e+01  5.20794833e+05  1.79119687e+02
 5.24807460e+05  4.66035235e+01  5.24807460e+05  1.79112300e+02
 5.28851004e+05  4.66036387e+01  5.28851004e+05  1.79105015e+02
 5.32925703e+05  4.66087262e+01  5.32925703e+05  1.79097529e+02
 5.37031796e+05  4.66105216e+01  5.37031796e+05  1.79089889e+02
 5.41169527e+05  4.66157701e+01  5.41169527e+05  1.79082257e+02
 5.45339137e+05  4.66193761e+01  5.45339137e+05  1.79074509e+02
 5.49540874e+05  4.66230403e+01  5.49540874e+05  1.79066685e+02
 5.53774984e+05  4.66267609e+01  5.53774984e+05  1.79058784e+02
 5.58041717e+05  4.66305425e+01  5.58041717e+05  1.79050805e+02
 5.62341325e+05  4.66343852e+01  5.62341325e+05  1.79042747e+02
 5.66674061e+05  4.66382853e+01  5.66674061e+05  1.79034608e+02
 5.71040179e+05  4.66441678e+01  5.71040179e+05  1.79026124e+02
 5.75439937e+05  4.66462762e+01  5.75439937e+05  1.79018087e+02
 5.79873595e+05  4.66503687e+01  5.79873595e+05  1.79009702e+02
 5.84341413e+05  4.66545272e+01  5.84341413e+05  1.79001233e+02
 5.88843655e+05  4.66607891e+01  5.88843655e+05  1.78992387e+02
 5.93380586e+05  4.66630400e+01  5.93380586e+05  1.78984035e+02
 5.97952473e+05  4.66673978e+01  5.97952473e+05  1.78975306e+02
 6.02559586e+05  4.66696885e+01  6.02559586e+05  1.78966427e+02
 6.07202196e+05  4.66763255e+01  6.07202196e+05  1.78957577e+02
 6.11880576e+05  4.66808960e+01  6.11880576e+05  1.78948576e+02
 6.16595002e+05  4.66877755e+01  6.16595002e+05  1.78939149e+02
 6.21345752e+05  4.66925319e+01  6.21345752e+05  1.78929952e+02
 6.26133105e+05  4.66950541e+01  6.26133105e+05  1.78921008e+02
 6.30957344e+05  4.66999248e+01  6.30957344e+05  1.78911627e+02
 6.35818754e+05  4.67072519e+01  6.35818754e+05  1.78901784e+02
 6.40717619e+05  4.67123174e+01  6.40717619e+05  1.78892196e+02
 6.45654229e+05  4.67125543e+01  6.45654229e+05  1.78882813e+02
 6.50628875e+05  4.67202011e+01  6.50628875e+05  1.78873105e+02
 6.55641849e+05  4.67229458e+01  6.55641849e+05  1.78863138e+02
 6.60693448e+05  4.67334084e+01  6.60693448e+05  1.78852815e+02
 6.65783968e+05  4.67362783e+01  6.65783968e+05  1.78843123e+02
 6.70913710e+05  4.67365126e+01  6.70913710e+05  1.78832233e+02
 6.76082975e+05  4.67501241e+01  6.76082975e+05  1.78822156e+02
 6.81292069e+05  4.67504167e+01  6.81292069e+05  1.78812072e+02
 6.86541298e+05  4.67561775e+01  6.86541298e+05  1.78801523e+02
 6.91830971e+05  4.67676707e+01  6.91830971e+05  1.78790485e+02
 6.97161400e+05  4.67708475e+01  6.97161400e+05  1.78780173e+02
 7.02532899e+05  4.67769382e+01  7.02532899e+05  1.78769274e+02
 7.07945784e+05  4.67831245e+01  7.07945784e+05  1.78758255e+02
 7.13400375e+05  4.67894193e+01  7.13400375e+05  1.78747112e+02
 7.18896992e+05  4.67927620e+01  7.18896992e+05  1.78735740e+02
 7.24435960e+05  4.68053895e+01  7.24435960e+05  1.78723914e+02
 7.30017605e+05  4.68089055e+01  7.30017605e+05  1.78712927e+02
 7.35642254e+05  4.68124200e+01  7.35642254e+05  1.78701161e+02
 7.41310241e+05  4.68256617e+01  7.41310241e+05  1.78688911e+02
 7.47021899e+05  4.68293530e+01  7.47021899e+05  1.78677563e+02
 7.52777564e+05  4.68363892e+01  7.52777564e+05  1.78665503e+02
 7.58577575e+05  4.68435459e+01  7.58577575e+05  1.78653305e+02
 7.64422274e+05  4.68508158e+01  7.64422274e+05  1.78640964e+02
 7.70312006e+05  4.68582052e+01  7.70312006e+05  1.78628478e+02
 7.76247117e+05  4.68657149e+01  7.76247117e+05  1.78615845e+02
 7.82227956e+05  4.68733472e+01  7.82227956e+05  1.78603065e+02
 7.88254877e+05  4.68811074e+01  7.88254877e+05  1.78590132e+02
 7.94328235e+05  4.68927020e+01  7.94328235e+05  1.78576339e+02
 8.00448386e+05  4.69007688e+01  8.00448386e+05  1.78563079e+02
 8.06615692e+05  4.69089747e+01  8.06615692e+05  1.78549659e+02
 8.12830516e+05  4.69095333e+01  8.12830516e+05  1.78536680e+02
 8.19093224e+05  4.69257861e+01  8.19093224e+05  1.78522328e+02
 8.25404185e+05  4.69303877e+01  8.25404185e+05  1.78509204e+02
 8.31763771e+05  4.69390756e+01  8.31763771e+05  1.78495135e+02
 8.38172356e+05  4.69479129e+01  8.38172356e+05  1.78480893e+02
 8.44630319e+05  4.69568923e+01  8.44630319e+05  1.78466472e+02
 8.51138038e+05  4.69660299e+01  8.51138038e+05  1.78451871e+02
 8.57695899e+05  4.69796321e+01  8.57695899e+05  1.78436201e+02
 8.64304286e+05  4.69847424e+01  8.64304286e+05  1.78422118e+02
 8.70963590e+05  4.69987923e+01  8.70963590e+05  1.78406028e+02
 8.77674203e+05  4.70040799e+01  8.77674203e+05  1.78391603e+02
 8.84436519e+05  4.70093849e+01  8.84436519e+05  1.78375854e+02
 8.91250938e+05  4.70240664e+01  8.91250938e+05  1.78360300e+02
 8.98117861e+05  4.70390569e+01  8.98117861e+05  1.78343325e+02
 9.05037692e+05  4.70495397e+01  9.05037692e+05  1.78327138e+02
 9.12010839e+05  4.70504217e+01  9.12010839e+05  1.78311585e+02
 9.19037713e+05  4.70660755e+01  9.19037713e+05  1.78295208e+02
 9.26118728e+05  4.70820631e+01  9.26118728e+05  1.78277276e+02
 9.33254301e+05  4.70932680e+01  9.33254301e+05  1.78260210e+02
 9.40444852e+05  4.70994609e+01  9.40444852e+05  1.78244086e+02
 9.47690805e+05  4.71056730e+01  9.47690805e+05  1.78226343e+02
 9.54992586e+05  4.71172786e+01  9.54992586e+05  1.78208595e+02
 9.62350626e+05  4.71345472e+01  9.62350626e+05  1.78190861e+02
 9.69765359e+05  4.71411018e+01  9.69765359e+05  1.78172371e+02
 9.77237221e+05  4.71589268e+01  9.77237221e+05  1.78154149e+02
 9.84766652e+05  4.71714321e+01  9.84766652e+05  1.78135406e+02
 9.92354096e+05  4.71783433e+01  9.92354096e+05  1.78116125e+02
 1.00000000e+06  4.72029632e+01  1.00000000e+06  1.78095722e+02
 1.00770481e+06  4.72042441e+01  1.00770481e+06  1.78077293e+02
 1.01546899e+06  4.72175222e+01  1.01546899e+06  1.78057461e+02
 1.02329299e+06  4.72433591e+01  1.02329299e+06  1.78036138e+02
 1.03117727e+06  4.72510357e+01  1.03117727e+06  1.78017244e+02
 1.03912230e+06  4.72650939e+01  1.03912230e+06  1.77996544e+02
 1.04712855e+06  4.72729470e+01  1.04712855e+06  1.77975213e+02
 1.05519648e+06  4.73004983e+01  1.05519648e+06  1.77952572e+02
 1.06332657e+06  4.73087477e+01  1.06332657e+06  1.77932593e+02
 1.07151931e+06  4.73238075e+01  1.07151931e+06  1.77910637e+02
 1.07977516e+06  4.73459881e+01  1.07977516e+06  1.77886573e+02
 1.08809463e+06  4.73547024e+01  1.08809463e+06  1.77865724e+02
 1.09647820e+06  4.73705495e+01  1.09647820e+06  1.77842752e+02
 1.10492636e+06  4.73866760e+01  1.10492636e+06  1.77819427e+02
 1.11343961e+06  4.74103570e+01  1.11343961e+06  1.77793793e+02
 1.12201845e+06  4.74271472e+01  1.12201845e+06  1.77769693e+02
 1.13066340e+06  4.74367239e+01  1.13066340e+06  1.77747253e+02
 1.13937495e+06  4.74387298e+01  1.13937495e+06  1.77719101e+02
 1.14815362e+06  4.74793044e+01  1.14815362e+06  1.77695084e+02
 1.15699993e+06  4.74736820e+01  1.15699993e+06  1.77668105e+02
 1.16591440e+06  4.75076365e+01  1.16591440e+06  1.77645557e+02
 1.17489755e+06  4.75261512e+01  1.17489755e+06  1.77619097e+02
 1.18394992e+06  4.75449711e+01  1.18394992e+06  1.77592208e+02
 1.19307204e+06  4.75724996e+01  1.19307204e+06  1.77562468e+02
 1.20226443e+06  4.75921453e+01  1.20226443e+06  1.77534617e+02
 1.21152766e+06  4.76034964e+01  1.21152766e+06  1.77508818e+02
 1.22086225e+06  4.76324464e+01  1.22086225e+06  1.77477507e+02
 1.23026877e+06  4.76442579e+01  1.23026877e+06  1.77450851e+02
 1.23974776e+06  4.76651887e+01  1.23974776e+06  1.77421119e+02
 1.24929979e+06  4.76864813e+01  1.24929979e+06  1.77390884e+02
 1.25892541e+06  4.77081715e+01  1.25892541e+06  1.77360109e+02
 1.26862520e+06  4.77396919e+01  1.26862520e+06  1.77325908e+02
 1.27839972e+06  4.77623086e+01  1.27839972e+06  1.77293977e+02
 1.28824955e+06  4.77755898e+01  1.28824955e+06  1.77264502e+02
 1.29817528e+06  4.77889440e+01  1.29817528e+06  1.77230892e+02
 1.30817747e+06  4.78426156e+01  1.30817747e+06  1.77187773e+02
 1.31825674e+06  4.78569309e+01  1.31825674e+06  1.77160390e+02
 1.32841366e+06  4.78712983e+01  1.32841366e+06  1.77128788e+02
 1.33864884e+06  4.79068519e+01  1.33864884e+06  1.77089873e+02
 1.34896288e+06  4.79111023e+01  1.34896288e+06  1.77056447e+02
 1.35935639e+06  4.79477666e+01  1.35935639e+06  1.77020256e+02
 1.36982998e+06  4.79742045e+01  1.36982998e+06  1.76982704e+02
 1.38038426e+06  4.79899087e+01  1.38038426e+06  1.76943724e+02
 1.39101987e+06  4.80285460e+01  1.39101987e+06  1.76905404e+02
 1.40173742e+06  4.80680172e+01  1.40173742e+06  1.76861705e+02
 1.41253754e+06  4.80731603e+01  1.41253754e+06  1.76824324e+02
 1.42342088e+06  4.81019787e+01  1.42342088e+06  1.76782939e+02
 1.43438808e+06  4.81434457e+01  1.43438808e+06  1.76741494e+02
 1.44543977e+06  4.81735078e+01  1.44543977e+06  1.76698453e+02
 1.45657662e+06  4.81916858e+01  1.45657662e+06  1.76653717e+02
 1.46779927e+06  4.82480532e+01  1.46779927e+06  1.76605167e+02
 1.47910839e+06  4.82672271e+01  1.47910839e+06  1.76563932e+02
 1.49050464e+06  4.82865770e+01  1.49050464e+06  1.76516350e+02
 1.50198870e+06  4.83459471e+01  1.50198870e+06  1.76464641e+02
 1.51356125e+06  4.83663878e+01  1.51356125e+06  1.76420770e+02
 1.52522296e+06  4.84007298e+01  1.52522296e+06  1.76370999e+02
 1.53697452e+06  4.84495982e+01  1.53697452e+06  1.76314928e+02
 1.54881662e+06  4.84714210e+01  1.54881662e+06  1.76268165e+02
 1.56074996e+06  4.85078048e+01  1.56074996e+06  1.76215040e+02
 1.57277525e+06  4.85448888e+01  1.57277525e+06  1.76160727e+02
 1.58489319e+06  4.85679217e+01  1.58489319e+06  1.76104200e+02
 1.59710450e+06  4.86362611e+01  1.59710450e+06  1.76042509e+02
 1.60940989e+06  4.86758180e+01  1.60940989e+06  1.75984269e+02
 1.62181010e+06  4.87161680e+01  1.62181010e+06  1.75924656e+02
 1.63430584e+06  4.87416653e+01  1.63430584e+06  1.75869959e+02
 1.64689787e+06  4.87993016e+01  1.64689787e+06  1.75801195e+02
 1.65958691e+06  4.88259697e+01  1.65958691e+06  1.75743866e+02
 1.67237372e+06  4.88529612e+01  1.67237372e+06  1.75677410e+02
 1.68525904e+06  4.89137680e+01  1.68525904e+06  1.75611574e+02
 1.69824365e+06  4.89589824e+01  1.69824365e+06  1.75542997e+02
 1.71132830e+06  4.90051650e+01  1.71132830e+06  1.75472694e+02
 1.72451377e+06  4.90697247e+01  1.72451377e+06  1.75393150e+02
 1.73780083e+06  4.91003971e+01  1.73780083e+06  1.75326697e+02
 1.75119026e+06  4.91495129e+01  1.75119026e+06  1.75250874e+02
 1.76468286e+06  4.91996374e+01  1.76468286e+06  1.75173068e+02
 1.77827941e+06  4.92693508e+01  1.77827941e+06  1.75085002e+02
 1.79198072e+06  4.93031131e+01  1.79198072e+06  1.75011244e+02
 1.80578760e+06  4.93756279e+01  1.80578760e+06  1.74918417e+02
 1.81970086e+06  4.94110441e+01  1.81970086e+06  1.74840553e+02
 1.83372132e+06  4.94864229e+01  1.83372132e+06  1.74742636e+02
 1.84784980e+06  4.95236954e+01  1.84784980e+06  1.74660337e+02
 1.86208714e+06  4.96221577e+01  1.86208714e+06  1.74536709e+02
 1.87643417e+06  4.96413044e+01  1.87643417e+06  1.74469769e+02
 1.89089175e+06  4.97020922e+01  1.89089175e+06  1.74370351e+02
 1.90546072e+06  4.97641770e+01  1.90546072e+06  1.74268024e+02
 1.92014194e+06  4.98276849e+01  1.92014194e+06  1.74162657e+02
 1.93493628e+06  4.98926179e+01  1.93493628e+06  1.74054124e+02
 1.94984460e+06  4.99812610e+01  1.94984460e+06  1.73931255e+02
 1.96486779e+06  5.00269615e+01  1.96486779e+06  1.73827007e+02
 1.98000673e+06  5.01193834e+01  1.98000673e+06  1.73696548e+02
 1.99526231e+06  5.01908186e+01  1.99526231e+06  1.73573623e+02
 2.01063544e+06  5.02403221e+01  2.01063544e+06  1.73458919e+02
 2.02612701e+06  5.03147902e+01  2.02612701e+06  1.73328242e+02
 2.04173794e+06  5.03665264e+01  2.04173794e+06  1.73191718e+02
 2.05746916e+06  5.04690941e+01  2.05746916e+06  1.73053754e+02
 2.07332157e+06  5.05490082e+01  2.07332157e+06  1.72909534e+02
 2.08929613e+06  5.06308947e+01  2.08929613e+06  1.72760333e+02
 2.10539377e+06  5.07406299e+01  2.10539377e+06  1.72591804e+02
 2.12161544e+06  5.08006666e+01  2.12161544e+06  1.72446130e+02
 2.13796209e+06  5.08619259e+01  2.13796209e+06  1.72278996e+02
 2.15443469e+06  5.09518091e+01  2.15443469e+06  1.72107353e+02
 2.17103421e+06  5.10991500e+01  2.17103421e+06  1.71915216e+02
 2.18776162e+06  5.11945355e+01  2.18776162e+06  1.71730086e+02
 2.20461792e+06  5.12639398e+01  2.20461792e+06  1.71554477e+02
 2.22160409e+06  5.13638955e+01  2.22160409e+06  1.71355275e+02
 2.23872114e+06  5.14370492e+01  2.23872114e+06  1.71146728e+02
 2.25597007e+06  5.15716411e+01  2.25597007e+06  1.70932803e+02
 2.27335190e+06  5.16797981e+01  2.27335190e+06  1.70708580e+02
 2.29086765e+06  5.17908718e+01  2.29086765e+06  1.70475032e+02
 2.30851836e+06  5.19358807e+01  2.30851836e+06  1.70212297e+02
 2.32630507e+06  5.19902886e+01  2.32630507e+06  1.69976488e+02
 2.34422882e+06  5.21102732e+01  2.34422882e+06  1.69711481e+02
 2.36229066e+06  5.22663846e+01  2.36229066e+06  1.69435789e+02
 2.38049167e+06  5.23937207e+01  2.38049167e+06  1.69146304e+02
 2.39883292e+06  5.25248101e+01  2.39883292e+06  1.68843326e+02
 2.41731548e+06  5.26935610e+01  2.41731548e+06  1.68503322e+02
 2.43594045e+06  5.28329728e+01  2.43594045e+06  1.68170015e+02
 2.45470892e+06  5.29415598e+01  2.45470892e+06  1.67844275e+02
 2.47362199e+06  5.30887922e+01  2.47362199e+06  1.67477654e+02
 2.49268079e+06  5.32406380e+01  2.49268079e+06  1.67092048e+02
 2.51188643e+06  5.33971142e+01  2.51188643e+06  1.66686268e+02
 2.53124005e+06  5.35584407e+01  2.53124005e+06  1.66258654e+02
 2.55074278e+06  5.36868897e+01  2.55074278e+06  1.65807404e+02
 2.57039578e+06  5.39348934e+01  2.57039578e+06  1.65302457e+02
 2.59020020e+06  5.41127267e+01  2.59020020e+06  1.64797660e+02
 2.61015722e+06  5.42570684e+01  2.61015722e+06  1.64293229e+02
 2.63026799e+06  5.44860241e+01  2.63026799e+06  1.63696217e+02
 2.65053372e+06  5.46415056e+01  2.65053372e+06  1.63126242e+02
 2.67095559e+06  5.48435391e+01  2.67095559e+06  1.62486962e+02
 2.69153480e+06  5.50524333e+01  2.69153480e+06  1.61806006e+02
 2.71227258e+06  5.52683345e+01  2.71227258e+06  1.61079604e+02
 2.73317014e+06  5.55344332e+01  2.73317014e+06  1.60267170e+02
 2.75422870e+06  5.57227320e+01  2.75422870e+06  1.59472001e+02
 2.77544952e+06  5.60057487e+01  2.77544952e+06  1.58542268e+02
 2.79683385e+06  5.62090627e+01  2.79683385e+06  1.57622736e+02
 2.81838293e+06  5.64648873e+01  2.81838293e+06  1.56591495e+02
 2.84009805e+06  5.67750962e+01  2.84009805e+06  1.55437137e+02
 2.86198048e+06  5.69556701e+01  2.86198048e+06  1.54281701e+02
 2.88403150e+06  5.72850973e+01  2.88403150e+06  1.52974449e+02
 2.90625243e+06  5.75763788e+01  2.90625243e+06  1.51560978e+02
 2.92864456e+06  5.78765392e+01  2.92864456e+06  1.50023689e+02
 2.95120923e+06  5.81851767e+01  2.95120923e+06  1.48348488e+02
 2.97394775e+06  5.85014952e+01  2.97394775e+06  1.46519666e+02
 2.99686146e+06  5.88248529e+01  2.99686146e+06  1.44519578e+02
 3.01995172e+06  5.91537531e+01  3.01995172e+06  1.42329172e+02
 3.04321989e+06  5.95369052e+01  3.04321989e+06  1.39873513e+02
 3.06666733e+06  5.98197164e+01  3.06666733e+06  1.37293741e+02
 3.09029543e+06  6.01508415e+01  3.09029543e+06  1.34404906e+02
 3.11410558e+06  6.04749319e+01  3.11410558e+06  1.31240188e+02
 3.13809919e+06  6.07330269e+01  3.13809919e+06  1.27790455e+02
 3.16227766e+06  6.10781021e+01  3.16227766e+06  1.24014447e+02
 3.18664242e+06  6.13421442e+01  3.18664242e+06  1.19935001e+02
 3.21119491e+06  6.15693050e+01  3.21119491e+06  1.15549830e+02
 3.23593657e+06  6.17497843e+01  3.23593657e+06  1.10881237e+02
 3.26086886e+06  6.18744311e+01  3.26086886e+06  1.05969434e+02
 3.28599325e+06  6.19345773e+01  3.28599325e+06  1.00873387e+02
 3.31131121e+06  6.19246931e+01  3.31131121e+06  9.56674265e+01
 3.33682425e+06  6.18417432e+01  3.33682425e+06  9.04368851e+01
 3.36253386e+06  6.16866274e+01  3.36253386e+06  8.52691092e+01
 3.38844156e+06  6.15220066e+01  3.38844156e+06  8.02169116e+01
 3.41454887e+06  6.12393330e+01  3.41454887e+06  7.54091879e+01
 3.44085734e+06  6.08434826e+01  3.44085734e+06  7.08864375e+01
 3.46736850e+06  6.04650285e+01  3.46736850e+06  6.66341615e+01
 3.49408393e+06  6.01179774e+01  3.49408393e+06  6.26744948e+01
 3.52100520e+06  5.96183120e+01  3.52100520e+06  5.90639158e+01
 3.54813389e+06  5.91664805e+01  3.54813389e+06  5.57381469e+01
 3.57547160e+06  5.87045787e+01  3.57547160e+06  5.26996672e+01
 3.60301995e+06  5.81672158e+01  3.60301995e+06  4.98732495e+01
 3.63078055e+06  5.77702062e+01  3.63078055e+06  4.74033082e+01
 3.65875504e+06  5.73047660e+01  3.65875504e+06  4.51017142e+01
 3.68694506e+06  5.68439008e+01  3.68694506e+06  4.30024327e+01
 3.71535229e+06  5.63891979e+01  3.71535229e+06  4.10856266e+01
 3.74397839e+06  5.59419619e+01  3.74397839e+06  3.93326328e+01
 3.77282505e+06  5.55028144e+01  3.77282505e+06  3.77268184e+01
 3.80189396e+06  5.51531776e+01  3.80189396e+06  3.62267951e+01
 3.83118685e+06  5.45678615e+01  3.83118685e+06  3.48353073e+01
 3.86070543e+06  5.42379203e+01  3.86070543e+06  3.36495235e+01
 3.89045145e+06  5.37484001e+01  3.89045145e+06  3.24330460e+01
 3.92042666e+06  5.34391847e+01  3.92042666e+06  3.14310094e+01
 3.95063281e+06  5.30529625e+01  3.95063281e+06  3.04432866e+01
 3.98107171e+06  5.25846350e+01  3.98107171e+06  2.94605156e+01
 4.01174512e+06  5.23052631e+01  4.01174512e+06  2.86733279e+01
 4.04265487e+06  5.19432491e+01  4.04265487e+06  2.78788116e+01
 4.07380278e+06  5.16833895e+01  4.07380278e+06  2.70946234e+01
 4.10519067e+06  5.11452037e+01  4.10519067e+06  2.63758395e+01
 4.13682040e+06  5.09991894e+01  4.13682040e+06  2.57490211e+01
 4.16869383e+06  5.05684158e+01  4.16869383e+06  2.51876664e+01
 4.20081285e+06  5.02415202e+01  4.20081285e+06  2.46168462e+01
 4.23317933e+06  5.00230623e+01  4.23317933e+06  2.40275273e+01
 4.26579519e+06  4.95007855e+01  4.26579519e+06  2.35028671e+01
 4.29866235e+06  4.92967498e+01  4.29866235e+06  2.31001323e+01
 4.33178274e+06  4.88844680e+01  4.33178274e+06  2.25768781e+01
 4.36515832e+06  4.86943781e+01  4.36515832e+06  2.22280156e+01
 4.39879106e+06  4.84008987e+01  4.39879106e+06  2.18277920e+01
 4.43268292e+06  4.82245997e+01  4.43268292e+06  2.13832903e+01
 4.46683592e+06  4.78279501e+01  4.46683592e+06  2.10907216e+01
 4.50125206e+06  4.75481489e+01  4.50125206e+06  2.07511410e+01
 4.53593337e+06  4.72725394e+01  4.53593337e+06  2.04290959e+01
 4.57088190e+06  4.68798162e+01  4.57088190e+06  2.00409140e+01
 4.60609969e+06  4.67335564e+01  4.60609969e+06  1.98334721e+01
 4.64158883e+06  4.65930403e+01  4.64158883e+06  1.94774568e+01
 4.67735141e+06  4.62094011e+01  4.67735141e+06  1.92957072e+01
 4.71338954e+06  4.59525029e+01  4.71338954e+06  1.90462785e+01
 4.74970533e+06  4.56989392e+01  4.74970533e+06  1.88089910e+01
 4.78630092e+06  4.53154868e+01  4.78630092e+06  1.84922412e+01
 4.82317848e+06  4.54578680e+01  4.82317848e+06  1.80160854e+01
 4.86034018e+06  4.49575796e+01  4.86034018e+06  1.81629337e+01
 4.89778819e+06  4.47159750e+01  4.89778819e+06  1.79675303e+01
 4.93552474e+06  4.46167470e+01  4.93552474e+06  1.76800368e+01
 4.97355204e+06  4.40974713e+01  4.97355204e+06  1.75046057e+01
 5.01187234e+06  4.41519451e+01  5.01187234e+06  1.73270191e+01
 5.05048788e+06  4.37772942e+01  5.05048788e+06  1.72728486e+01
 5.08940095e+06  4.35487966e+01  5.08940095e+06  1.71186004e+01
 5.12861384e+06  4.33227090e+01  5.12861384e+06  1.69716027e+01
 5.16812886e+06  4.32514790e+01  5.16812886e+06  1.67116067e+01
 5.20794833e+06  4.27187551e+01  5.20794833e+06  1.65865426e+01
 5.24807460e+06  4.26572175e+01  5.24807460e+06  1.65697470e+01
 5.28851004e+06  4.24395456e+01  5.28851004e+06  1.64477449e+01
 5.32925703e+06  4.22240057e+01  5.32925703e+06  1.63317734e+01
 5.37031796e+06  4.20098922e+01  5.37031796e+06  1.62208438e+01
 5.41169527e+06  4.16269322e+01  5.41169527e+06  1.59933689e+01
 5.45339137e+06  4.14141241e+01  5.45339137e+06  1.58903892e+01
 5.49540874e+06  4.12026577e+01  5.49540874e+06  1.57920835e+01
 5.53774984e+06  4.11723312e+01  5.53774984e+06  1.58277677e+01
 5.58041717e+06  4.09674510e+01  5.58041717e+06  1.57407606e+01
 5.62341325e+06  4.07638679e+01  5.62341325e+06  1.56579668e+01
 5.66674061e+06  4.07449057e+01  5.66674061e+06  1.54165266e+01
 5.71040179e+06  4.01702242e+01  5.71040179e+06  1.53649120e+01
 5.75439937e+06  4.01620087e+01  5.75439937e+06  1.54346725e+01
 5.79873595e+06  3.99642679e+01  5.79873595e+06  1.53674667e+01
 5.84341413e+06  3.99623372e+01  5.84341413e+06  1.51230201e+01
 5.88843655e+06  3.95723356e+01  5.88843655e+06  1.52439885e+01
 5.93380586e+06  3.95791253e+01  5.93380586e+06  1.49974526e+01
 5.97952473e+06  3.91858415e+01  5.97952473e+06  1.51334229e+01
 6.02559586e+06  3.89945179e+01  6.02559586e+06  1.50832216e+01
 6.07202196e+06  3.88042597e+01  6.07202196e+06  1.50360022e+01
 6.11880576e+06  3.86151134e+01  6.11880576e+06  1.49914716e+01
 6.16595002e+06  3.84272723e+01  6.16595002e+06  1.49499772e+01
 6.21345752e+06  3.84598122e+01  6.21345752e+06  1.46910892e+01
 6.26133105e+06  3.80542860e+01  6.26133105e+06  1.48748611e+01
 6.30957344e+06  3.78693828e+01  6.30957344e+06  1.48412914e+01
 6.35818754e+06  3.76852485e+01  6.35818754e+06  1.48105697e+01
 6.40717619e+06  3.75022539e+01  6.40717619e+06  1.47821813e+01
 6.45654229e+06  3.73205575e+01  6.45654229e+06  1.47556842e+01
 6.50628875e+06  3.71396293e+01  6.50628875e+06  1.47321253e+01
 6.55641849e+06  3.69592823e+01  6.55641849e+06  1.47112694e+01
 6.60693448e+06  3.67800527e+01  6.60693448e+06  1.46923890e+01
 6.65783968e+06  3.66010013e+01  6.65783968e+06  1.46755818e+01
 6.70913710e+06  3.66786879e+01  6.70913710e+06  1.43821349e+01
 6.76082975e+06  3.62467339e+01  6.76082975e+06  1.46476815e+01
 6.81292069e+06  3.60706461e+01  6.81292069e+06  1.46372861e+01
 6.86541298e+06  3.61623555e+01  6.86541298e+06  1.43291741e+01
 6.91830971e+06  3.57208724e+01  6.91830971e+06  1.46222915e+01
 6.97161400e+06  3.52611807e+01  6.97161400e+06  1.43731947e+01
 7.02532899e+06  3.53736118e+01  7.02532899e+06  1.46152047e+01
 7.07945784e+06  3.52012872e+01  7.07945784e+06  1.46139512e+01
 7.13400375e+06  3.47300200e+01  7.13400375e+06  1.43532235e+01
 7.18896992e+06  3.45538413e+01  7.18896992e+06  1.43506257e+01
 7.24435960e+06  3.46876544e+01  7.24435960e+06  1.46227554e+01
 7.30017605e+06  3.45175050e+01  7.30017605e+06  1.46284888e+01
 7.35642254e+06  3.43487293e+01  7.35642254e+06  1.46369126e+01
 7.41310241e+06  3.41797034e+01  7.41310241e+06  1.46472052e+01
 7.47021899e+06  3.40112573e+01  7.47021899e+06  1.46585941e+01
 7.52777564e+06  3.38437477e+01  7.52777564e+06  1.46713506e+01
 7.58577575e+06  3.33377988e+01  7.58577575e+06  1.43721318e+01
 7.64422274e+06  3.35101570e+01  7.64422274e+06  1.47025311e+01
 7.70312006e+06  3.33441724e+01  7.70312006e+06  1.47204458e+01
 7.76247117e+06  3.31786515e+01  7.76247117e+06  1.47405774e+01
 7.82227956e+06  3.30137338e+01  7.82227956e+06  1.47615524e+01
 7.88254877e+06  3.31976215e+01  7.88254877e+06  1.43321771e+01
 7.94328235e+06  3.26850579e+01  7.94328235e+06  1.48070059e+01
 8.00448386e+06  3.25216525e+01  8.00448386e+06  1.48339646e+01
 8.06615692e+06  3.27229419e+01  8.06615692e+06  1.43771998e+01
 8.12830516e+06  3.21953603e+01  8.12830516e+06  1.48896511e+01
 8.19093224e+06  3.20325571e+01  8.19093224e+06  1.49196535e+01
 8.25404185e+06  3.18706082e+01  8.25404185e+06  1.49507704e+01
 8.31763771e+06  3.17093239e+01  8.31763771e+06  1.49838462e+01
 8.38172356e+06  3.15482195e+01  8.38172356e+06  1.50175128e+01
 8.44630319e+06  3.13875204e+01  8.44630319e+06  1.50543675e+01
 8.51138038e+06  3.12274557e+01  8.51138038e+06  1.50904891e+01
 8.57695899e+06  3.06315823e+01  8.57695899e+06  1.46761109e+01
 8.64304286e+06  3.09072170e+01  8.64304286e+06  1.51709868e+01
 8.70963590e+06  3.11699497e+01  8.70963590e+06  1.46066086e+01
 8.77674203e+06  3.10174291e+01  8.77674203e+06  1.46360235e+01
 8.84436519e+06  3.04299696e+01  8.84436519e+06  1.52980620e+01
 8.91250938e+06  3.02716714e+01  8.91250938e+06  1.53436599e+01
 8.98117861e+06  3.01135093e+01  8.98117861e+06  1.53905504e+01
 9.05037692e+06  3.04110512e+01  9.05037692e+06  1.47612501e+01
 9.12010839e+06  3.02597121e+01  9.12010839e+06  1.47975650e+01
 9.19037713e+06  3.01095672e+01  9.19037713e+06  1.48329956e+01
 9.26118728e+06  2.89740706e+01  9.26118728e+06  1.50182348e+01
 9.33254301e+06  2.93267583e+01  9.33254301e+06  1.56447137e+01
 9.40444852e+06  2.91705637e+01  9.40444852e+06  1.57012563e+01
 9.47690805e+06  2.90145071e+01  9.47690805e+06  1.57574386e+01
 9.54992586e+06  2.83153446e+01  9.54992586e+06  1.51837188e+01
 9.62350626e+06  2.81511182e+01  9.62350626e+06  1.52280041e+01
 9.69765359e+06  2.85471593e+01  9.69765359e+06  1.59362918e+01
 9.77237221e+06  2.78225222e+01  9.77237221e+06  1.53172578e+01
 9.84766652e+06  2.82359377e+01  9.84766652e+06  1.60610666e+01
 9.92354096e+06  2.70174069e+01  9.92354096e+06  1.31943022e+01
 1.00000000e+07  2.79272855e+01  1.00000000e+07  1.61883239e+01
 1.00770481e+07  2.83324268e+01  1.00770481e+07  1.53322567e+01
 1.01546899e+07  2.70014094e+01  1.01546899e+07  1.55620093e+01
 1.02329299e+07  2.63360404e+01  1.02329299e+07  1.31828990e+01
 1.03117727e+07  2.61669984e+01  1.03117727e+07  1.31810772e+01
 1.03912230e+07  2.71567431e+01  1.03912230e+07  1.65406868e+01
 1.04712855e+07  2.70016634e+01  1.04712855e+07  1.66164712e+01
 1.05519648e+07  2.61814008e+01  1.05519648e+07  1.58289146e+01
 1.06332657e+07  2.73155693e+01  1.06332657e+07  1.56902581e+01
 1.07151931e+07  2.53143274e+01  1.07151931e+07  1.31601119e+01
 1.07977516e+07  2.63894397e+01  1.07977516e+07  1.69253416e+01
 1.08809463e+07  2.62360419e+01  1.08809463e+07  1.70079151e+01
 1.09647820e+07  2.60829658e+01  1.09647820e+07  1.70887623e+01
 1.10492636e+07  2.51952318e+01  1.10492636e+07  1.61784088e+01
 1.11343961e+07  2.64544732e+01  1.11343961e+07  1.60294147e+01
 1.12201845e+07  2.63125856e+01  1.12201845e+07  1.60881822e+01
 1.13066340e+07  2.54726897e+01  1.13066340e+07  1.74345832e+01
 1.13937495e+07  2.45373620e+01  1.13937495e+07  1.64285403e+01
 1.14815362e+07  2.51678589e+01  1.14815362e+07  1.76173658e+01
 1.15699993e+07  2.50154695e+01  1.15699993e+07  1.77076816e+01
 1.16591440e+07  2.48639884e+01  1.16591440e+07  1.78035725e+01
 1.17489755e+07  2.54616640e+01  1.17489755e+07  1.64664126e+01
 1.18394992e+07  2.45599104e+01  1.18394992e+07  1.79995335e+01
 1.19307204e+07  2.44077236e+01  1.19307204e+07  1.80961478e+01
 1.20226443e+07  2.50402914e+01  1.20226443e+07  1.66621791e+01
 1.21152766e+07  2.48993789e+01  1.21152766e+07  1.67305074e+01
 1.22086225e+07  2.47586435e+01  1.22086225e+07  1.68038492e+01
 1.23026877e+07  2.38008582e+01  1.23026877e+07  1.85079844e+01
 1.23974776e+07  2.36494718e+01  1.23974776e+07  1.86155128e+01
 1.24929979e+07  2.34971223e+01  1.24929979e+07  1.87260832e+01
 1.25892541e+07  2.33456601e+01  1.25892541e+07  1.88370744e+01
 1.26862520e+07  2.40616502e+01  1.26862520e+07  1.71624832e+01
 1.27839972e+07  2.20416730e+01  1.27839972e+07  1.74802217e+01
 1.28824955e+07  2.28903181e+01  1.28824955e+07  1.91758201e+01
 1.29817528e+07  2.27385904e+01  1.29817528e+07  1.92948281e+01
 1.30817747e+07  2.25864466e+01  1.30817747e+07  1.94158609e+01
 1.31825674e+07  2.33700235e+01  1.31825674e+07  1.75399746e+01
 1.32841366e+07  2.11963075e+01  1.32841366e+07  1.78658665e+01
 1.33864884e+07  2.21315387e+01  1.33864884e+07  1.97815674e+01
 1.34896288e+07  2.19808038e+01  1.34896288e+07  1.99112658e+01
 1.35935639e+07  2.28188113e+01  1.35935639e+07  1.78580646e+01
 1.36982998e+07  2.05152706e+01  1.36982998e+07  1.81906151e+01
 1.38038426e+07  2.25425424e+01  1.38038426e+07  1.80269176e+01
 1.39101987e+07  2.01712313e+01  1.39101987e+07  1.83583768e+01
 1.40173742e+07  2.28560819e+01  1.40173742e+07  1.40379483e+01
 1.41253754e+07  2.21331465e+01  1.41253754e+07  1.82803995e+01
 1.42342088e+07  1.96543010e+01  1.42342088e+07  1.86135087e+01
 1.43438808e+07  2.07656760e+01  1.43438808e+07  2.09880728e+01
 1.44543977e+07  2.06135877e+01  1.44543977e+07  2.11321149e+01
 1.45657662e+07  1.91328969e+01  1.45657662e+07  1.88706080e+01
 1.46779927e+07  2.03087375e+01  1.46779927e+07  2.14292774e+01
 1.47910839e+07  1.87821129e+01  1.47910839e+07  1.90461108e+01
 1.49050464e+07  2.00048004e+01  1.49050464e+07  2.17260398e+01
 1.50198870e+07  1.84289083e+01  1.50198870e+07  1.92229376e+01
 1.51356125e+07  1.82519098e+01  1.51356125e+07  1.93170562e+01
 1.52522296e+07  1.95459287e+01  1.52522296e+07  2.22011922e+01
 1.53697452e+07  1.78952796e+01  1.53697452e+07  1.94972285e+01
 1.54881662e+07  1.92404707e+01  1.54881662e+07  2.25249348e+01
 1.56074996e+07  2.03719760e+01  1.56074996e+07  1.94582681e+01
 1.57277525e+07  1.89344003e+01  1.57277525e+07  2.28607223e+01
 1.58489319e+07  2.01010442e+01  1.58489319e+07  1.96595710e+01
 1.59710450e+07  1.69923325e+01  1.59710450e+07  1.99641983e+01
 1.60940989e+07  1.84746422e+01  1.60940989e+07  2.33767943e+01
 1.62181010e+07  1.96990594e+01  1.62181010e+07  1.99504304e+01
 1.63430584e+07  1.81666347e+01  1.63430584e+07  2.37486175e+01
 1.64689787e+07  1.62589843e+01  1.64689787e+07  2.03400661e+01
 1.65958691e+07  1.78608467e+01  1.65958691e+07  2.41156365e+01
 1.67237372e+07  1.50002715e+01  1.67237372e+07  1.01485819e+01
 1.68525904e+07  1.57013769e+01  1.68525904e+07  2.06274660e+01
 1.69824365e+07  1.73972307e+01  1.69824365e+07  2.46931234e+01
 1.71132830e+07  1.72414875e+01  1.71132830e+07  2.48994404e+01
 1.72451377e+07  1.86325900e+01  1.72451377e+07  2.07878878e+01
 1.73780083e+07  1.69319276e+01  1.73780083e+07  2.53098093e+01
 1.75119026e+07  1.67747855e+01  1.75119026e+07  2.55077180e+01
 1.76468286e+07  1.66213519e+01  1.76468286e+07  2.57238909e+01
 1.77827941e+07  1.34768825e+01  1.77827941e+07  8.85679928e+00
 1.79198072e+07  1.41721495e+01  1.79198072e+07  2.14092996e+01
 1.80578760e+07  1.39736792e+01  1.80578760e+07  2.15068035e+01
 1.81970086e+07  1.77056541e+01  1.81970086e+07  2.15531145e+01
 1.83372132e+07  1.35833312e+01  1.83372132e+07  2.17050498e+01
 1.84784980e+07  1.56849215e+01  1.84784980e+07  2.70587377e+01
 1.86208714e+07  1.55258797e+01  1.86208714e+07  2.73002394e+01
 1.87643417e+07  1.53721523e+01  1.87643417e+07  2.75309304e+01
 1.89089175e+07  1.52110191e+01  1.89089175e+07  2.77878404e+01
 1.90546072e+07  1.69117407e+01  1.90546072e+07  2.22542124e+01
 1.92014194e+07  1.23687297e+01  1.92014194e+07  2.23056446e+01
 1.93493628e+07  1.13273711e+01  1.93493628e+07  6.36587586e+00
 1.94984460e+07  1.45815857e+01  1.94984460e+07  2.87832523e+01
 1.96486779e+07  1.44236373e+01  1.96486779e+07  2.90411328e+01
 1.98000673e+07  1.62560940e+01  1.98000673e+07  2.28649370e+01
 1.99526231e+07  1.61239809e+01  1.99526231e+07  2.29842575e+01
 2.01063544e+07  1.11055525e+01  2.01063544e+07  2.28623172e+01
 2.02612701e+07  1.37874275e+01  2.02612701e+07  3.01550400e+01
 2.04173794e+07  1.57346320e+01  2.04173794e+07  2.33598519e+01
 2.05746916e+07  1.04518843e+01  2.05746916e+07  2.31723893e+01
 2.07332157e+07  1.02342987e+01  2.07332157e+07  2.32404828e+01
 2.08929613e+07  1.31459064e+01  2.08929613e+07  3.13246185e+01
 2.10539377e+07  9.78202338e+00  2.10539377e+07  2.34198872e+01
 2.12161544e+07  1.50801685e+01  2.12161544e+07  2.40251824e+01
 2.13796209e+07  1.49527109e+01  2.13796209e+07  2.41405562e+01
 2.15443469e+07  1.48233572e+01  2.15443469e+07  2.42680556e+01
 2.17103421e+07  1.23374382e+01  2.17103421e+07  3.28989013e+01
 2.18776162e+07  1.21813292e+01  2.18776162e+07  3.32186904e+01
 2.20461792e+07  8.38428340e+00  2.20461792e+07  2.39465855e+01
 2.22160409e+07  1.18513055e+01  2.22160409e+07  3.39209509e+01
 2.23872114e+07  1.41734151e+01  2.23872114e+07  2.49550996e+01
 2.25597007e+07  1.15221708e+01  2.25597007e+07  3.46254242e+01
 2.27335190e+07  1.13589582e+01  2.27335190e+07  3.49898111e+01
 2.29086765e+07  1.11936665e+01  2.29086765e+07  3.53433150e+01
 2.30851836e+07  1.36536551e+01  2.30851836e+07  2.55099411e+01
 2.32630507e+07  1.35250092e+01  2.32630507e+07  2.56616280e+01
 2.34422882e+07  1.07051890e+01  2.34422882e+07  3.65028039e+01
 2.36229066e+07  6.12092822e+00  2.36229066e+07  2.45666589e+01
 2.38049167e+07  5.91860335e+00  2.38049167e+07  -5.04882556e+00
 2.39883292e+07  1.02058767e+01  2.39883292e+07  3.77018076e+01
 2.41731548e+07  5.30796880e+00  2.41731548e+07  2.47351738e+01
 2.43594045e+07  9.87442862e+00  2.43594045e+07  3.85776728e+01
 2.45470892e+07  9.70880567e+00  2.45470892e+07  3.89953653e+01
 2.47362199e+07  1.24939422e+01  2.47362199e+07  2.68424329e+01
 2.49268079e+07  4.18006990e+00  2.49268079e+07  2.48484393e+01
 2.51188643e+07  1.22335083e+01  2.51188643e+07  2.71630357e+01
 2.53124005e+07  3.57375025e+00  2.53124005e+07  2.49128880e+01
 2.55074278e+07  3.26191339e+00  2.55074278e+07  2.49341835e+01
 2.57039578e+07  8.70225637e+00  2.57039578e+07  4.18240438e+01
 2.59020020e+07  8.53572956e+00  2.59020020e+07  4.23256761e+01
 2.61015722e+07  2.31398384e+00  2.61015722e+07  2.48732834e+01
 2.63026799e+07  8.20269333e+00  2.63026799e+07  4.33691899e+01
 2.65053372e+07  8.03260574e+00  2.65053372e+07  4.38968455e+01
 2.67095559e+07  1.31972940e+00  2.67095559e+07  2.47576584e+01
 2.69153480e+07  9.65454107e-01  2.69153480e+07  2.47411696e+01
 2.71227258e+07  7.52763299e+00  2.71227258e+07  4.55314012e+01
 2.73317014e+07  1.15162348e+01  2.73317014e+07  1.51069238e+01
 2.75422870e+07  -1.26867057e-01  2.75422870e+07  2.43686263e+01
 2.77544952e+07  7.02049868e+00  2.77544952e+07  4.73104928e+01
 2.79683385e+07  6.84995440e+00  2.79683385e+07  4.78760390e+01
 2.81838293e+07  6.67895681e+00  2.81838293e+07  4.85630671e+01
 2.84009805e+07  6.51367749e+00  2.84009805e+07  4.91801861e+01
 2.86198048e+07  6.34680737e+00  2.86198048e+07  4.98485922e+01
 2.88403150e+07  9.93465573e+00  2.88403150e+07  3.01438807e+01
 2.90625243e+07  9.80318325e+00  2.90625243e+07  3.03118093e+01
 2.92864456e+07  5.83977934e+00  2.92864456e+07  5.18037331e+01
 2.95120923e+07  5.66721152e+00  2.95120923e+07  5.25603650e+01
 2.97394775e+07  5.50454301e+00  2.97394775e+07  5.32606639e+01
 2.99686146e+07  5.33872706e+00  2.99686146e+07  5.39544756e+01
 3.01995172e+07  5.17411547e+00  3.01995172e+07  5.47357591e+01
 3.04321989e+07  5.00045281e+00  3.04321989e+07  5.54705954e+01
 3.06666733e+07  4.84157750e+00  3.06666733e+07  5.63382748e+01
 3.09029543e+07  8.78512789e+00  3.09029543e+07  3.18044997e+01
 3.11410558e+07  8.65880821e+00  3.11410558e+07  3.19647843e+01
 3.13809919e+07  8.52902129e+00  3.13809919e+07  3.21666013e+01
 3.16227766e+07  4.18599889e+00  3.16227766e+07  5.96022393e+01
 3.18664242e+07  4.02470209e+00  3.18664242e+07  6.04257683e+01
 3.21119491e+07  3.86881976e+00  3.21119491e+07  6.13089712e+01
 3.23593657e+07  3.70274352e+00  3.23593657e+07  6.21977397e+01
 3.26086886e+07  3.55323464e+00  3.26086886e+07  6.31108700e+01
 3.28599325e+07  -1.35923234e+01  3.28599325e+07  3.23399057e-01
 3.31131121e+07  3.24104130e+00  3.31131121e+07  6.49848732e+01
 3.33682425e+07  3.08312064e+00  3.33682425e+07  6.59132663e+01
 3.36253386e+07  7.38957093e+00  3.36253386e+07  3.40274062e+01
 3.38844156e+07  -8.36448274e-01  3.38844156e+07  -4.68792001e+01
 3.41454887e+07  2.63690200e+00  3.41454887e+07  6.89809301e+01
 3.44085734e+07  -1.83222489e+01  3.44085734e+07  -4.66428655e+01
 3.46736850e+07  -1.83651696e+01  3.46736850e+07  -5.87780428e+01
 3.49408393e+07  2.20486756e+00  3.49408393e+07  7.21467473e+01
 3.52100520e+07  2.07330889e+00  3.52100520e+07  7.32726894e+01
 3.54813389e+07  1.93131347e+00  3.54813389e+07  7.43395991e+01
 3.57547160e+07  -1.60342096e+01  3.57547160e+07  -9.25605226e+01
 3.60301995e+07  1.66057568e+00  3.60301995e+07  7.66868013e+01
 3.63078055e+07  6.11882156e+00  3.63078055e+07  3.62266342e+01
 3.65875504e+07  5.99485748e+00  3.65875504e+07  3.64382100e+01
 3.68694506e+07  1.29491281e+00  3.68694506e+07  8.01912486e+01
 3.71535229e+07  -1.23764467e+01  3.71535229e+07  2.48856362e+02
 3.74397839e+07  1.05628926e+00  3.74397839e+07  8.25228855e+01
 3.77282505e+07  5.49583705e+00  3.77282505e+07  3.73615324e+01
 3.80189396e+07  8.25589307e-01  3.80189396e+07  8.48927748e+01
 3.83118685e+07  7.28353181e-01  3.83118685e+07  8.63093350e+01
 3.86070543e+07  6.09837008e-01  3.86070543e+07  8.74571934e+01
 3.89045145e+07  5.26110940e-01  3.89045145e+07  8.87923707e+01
 3.92042666e+07  -9.02464470e+00  3.92042666e+07  2.40363245e+02
 3.95063281e+07  3.43363013e-01  3.95063281e+07  9.13217466e+01
 3.98107171e+07  -8.26311324e+00  3.98107171e+07  2.38911292e+02
 4.01174512e+07  1.77222879e-01  4.01174512e+07  9.39634019e+01
 4.04265487e+07  -7.62888523e+00  4.04265487e+07  2.38063385e+02
 4.07380278e+07  2.44671002e-02  4.07380278e+07  9.65723049e+01
 4.10519067e+07  -4.24534787e-02  4.10519067e+07  9.78579492e+01
 4.13682040e+07  -1.18974977e-01  4.13682040e+07  9.89863532e+01
 4.16869383e+07  3.85472409e+00  4.16869383e+07  4.07435859e+01
 4.20081285e+07  -2.23731514e-01  4.20081285e+07  1.01767545e+02
 4.23317933e+07  -2.86126664e-01  4.23317933e+07  1.03031882e+02
 4.26579519e+07  3.48781481e+00  4.26579519e+07  4.15255944e+01
 4.29866235e+07  3.35072551e+00  4.29866235e+07  4.18470236e+01
 4.33178274e+07  3.30525089e+00  4.33178274e+07  1.69336265e+01
 4.36515832e+07  -5.24057929e+00  4.36515832e+07  -1.24028229e+02
 4.39879106e+07  -5.05604272e+00  4.39879106e+07  -1.24152231e+02
 4.43268292e+07  -5.06335477e-01  4.43268292e+07  -2.49266574e+02
 4.46683592e+07  -4.72229661e+00  4.46683592e+07  -1.24203699e+02
 4.50125206e+07  -4.54139881e+00  4.50125206e+07  -1.24230665e+02
 4.53593337e+07  -5.72993126e-01  4.53593337e+07  -2.45541348e+02
 4.57088190e+07  -5.48012366e-01  4.57088190e+07  -2.44247719e+02
 4.60609969e+07  -5.41888461e-01  4.60609969e+07  -2.42934538e+02
 4.64158883e+07  -5.81235586e-01  4.64158883e+07  -2.41855686e+02
 4.67735141e+07  -3.87047970e+00  4.67735141e+07  -1.24147102e+02
 4.71338954e+07  -6.23197516e-01  4.71338954e+07  -2.39533917e+02
 4.74970533e+07  1.75341302e+00  4.74970533e+07  -3.14114440e+02
 4.78630092e+07  -5.83907279e-01  4.78630092e+07  -2.37250028e+02
 4.82317848e+07  -3.42125334e+00  4.82317848e+07  -1.23821966e+02
 4.86034018e+07  1.37905296e+00  4.86034018e+07  4.68803817e+01
 4.89778819e+07  -5.00412596e-01  4.89778819e+07  1.26240606e+02
 4.93552474e+07  -5.39789422e-01  4.93552474e+07  1.27174016e+02
 4.97355204e+07  -3.04030112e+00  4.97355204e+07  2.36597501e+02
 5.01187234e+07  -4.70808936e-01  5.01187234e+07  1.29311940e+02
 5.05048788e+07  -4.53637783e-01  5.05048788e+07  1.30344416e+02
 5.08940095e+07  -4.40505467e-01  5.08940095e+07  1.31304868e+02
 5.12861384e+07  -2.74476329e+00  5.12861384e+07  2.37025945e+02
 5.16812886e+07  -2.65051570e+00  5.16812886e+07  2.37175929e+02
 5.20794833e+07  -3.59913955e-01  5.20794833e+07  1.34245020e+02
 5.24807460e+07  -3.20118941e-01  5.24807460e+07  1.35178953e+02
 5.28851004e+07  -2.83530960e-01  5.28851004e+07  1.36101920e+02
 5.32925703e+07  -2.62262322e-01  5.32925703e+07  1.37015799e+02
 5.37031796e+07  -2.24757475e-01  5.37031796e+07  1.37891571e+02
 5.41169527e+07  -2.12579898e-01  5.41169527e+07  1.38764298e+02
 5.45339137e+07  -1.89708084e-01  5.45339137e+07  1.39602220e+02
 5.49540874e+07  -1.26225079e-01  5.49540874e+07  1.40485161e+02
 5.53774984e+07  -7.47721334e-02  5.53774984e+07  1.41301195e+02
 5.58041717e+07  -8.16679164e-02  5.58041717e+07  1.42083786e+02
 5.62341325e+07  -8.80194648e-01  5.62341325e+07  5.40885087e+01
 5.66674061e+07  -2.02091712e+00  5.66674061e+07  -1.20954513e+02
 5.71040179e+07  -1.97563371e+00  5.71040179e+07  -1.20793659e+02
 5.75439937e+07  1.06392686e-01  5.75439937e+07  -2.14754268e+02
 5.79873595e+07  1.94585344e-01  5.79873595e+07  -2.14032970e+02
 5.84341413e+07  -1.89164206e+00  5.84341413e+07  -1.20319662e+02
 5.88843655e+07  2.27825108e-01  5.88843655e+07  -2.12602091e+02
 5.93380586e+07  2.65803605e-01  5.93380586e+07  -2.11910302e+02
 5.97952473e+07  -1.81256409e+00  5.97952473e+07  -1.19776886e+02
 6.02559586e+07  -1.78832509e+00  6.02559586e+07  -1.19651302e+02
 6.07202196e+07  -1.75518924e+00  6.07202196e+07  -1.19473078e+02
 6.11880576e+07  4.49327351e-01  6.11880576e+07  -2.09217938e+02
 6.16595002e+07  4.98687642e-01  6.16595002e+07  -2.08572100e+02
 6.21345752e+07  -1.70017428e+00  6.21345752e+07  -1.18892358e+02
 6.26133105e+07  -1.68740343e+00  6.26133105e+07  -1.18811613e+02
 6.30957344e+07  6.49727775e-01  6.30957344e+07  -2.06725176e+02
 6.35818754e+07  -1.66323013e+00  6.35818754e+07  -1.18351647e+02
 6.40717619e+07  6.61195893e-01  6.40717619e+07  -2.05537087e+02
 6.45654229e+07  7.51036197e-01  6.45654229e+07  -2.04988852e+02
 6.50628875e+07  -2.99720742e+00  6.50628875e+07  -2.97056558e+02
 6.55641849e+07  8.06862199e-01  6.55641849e+07  -2.03851594e+02
 6.60693448e+07  8.19167615e-01  6.60693448e+07  -2.03292430e+02
 6.65783968e+07  -3.28074334e+00  6.65783968e+07  -2.95505575e+02
 6.70913710e+07  9.77702916e-01  6.70913710e+07  -2.02268806e+02
 6.76082975e+07  9.60863286e-01  6.76082975e+07  -2.01719440e+02
 6.81292069e+07  -3.58315786e+00  6.81292069e+07  -2.94000919e+02
 6.86541298e+07  -3.69310662e+00  6.86541298e+07  -2.93353321e+02
 6.91830971e+07  1.13306329e+00  6.91830971e+07  -2.00229138e+02
 6.97161400e+07  1.12023797e+00  6.97161400e+07  -1.99712439e+02
 7.02532899e+07  1.22748636e+00  7.02532899e+07  -1.99247513e+02
 7.07945784e+07  1.29046116e+00  7.07945784e+07  -1.98784080e+02
 7.13400375e+07  1.31808189e+00  7.13400375e+07  -1.98318583e+02
 7.18896992e+07  1.30703911e+00  7.18896992e+07  -1.97832535e+02
 7.24435960e+07  -1.61601224e+00  7.24435960e+07  -1.15172148e+02
 7.30017605e+07  1.32691038e+00  7.30017605e+07  -1.96924107e+02
 7.35642254e+07  1.44467697e+00  7.35642254e+07  -1.96517301e+02
 7.41310241e+07  1.50490314e+00  7.41310241e+07  -1.96101056e+02
 7.47021899e+07  -1.63645607e+00  7.47021899e+07  -1.14371379e+02
 7.52777564e+07  -4.78083718e+00  7.52777564e+07  -2.86815263e+02
 7.58577575e+07  1.60187624e+00  7.58577575e+07  -1.94818728e+02
 7.64422274e+07  1.67971891e+00  7.64422274e+07  -1.94439214e+02
 7.70312006e+07  -1.69462820e+00  7.70312006e+07  -1.13682470e+02
 7.76247117e+07  1.74897258e+00  7.76247117e+07  -1.93639753e+02
 7.82227956e+07  1.78033399e+00  7.82227956e+07  -1.93247980e+02
 7.88254877e+07  1.78773476e+00  7.88254877e+07  -1.92823757e+02
 7.94328235e+07  -1.73283211e+00  7.94328235e+07  -1.12731586e+02
 8.00448386e+07  1.85734966e+00  8.00448386e+07  -1.92084022e+02
 8.06615692e+07  -1.76577535e+00  8.06615692e+07  -1.12415508e+02
 8.12830516e+07  -1.80036563e+00  8.12830516e+07  -1.12234238e+02
 8.19093224e+07  2.05461317e+00  8.19093224e+07  -1.91038667e+02
 8.25404185e+07  2.05242347e+00  8.25404185e+07  -1.90663083e+02
 8.31763771e+07  2.01438701e+00  8.31763771e+07  -1.90245856e+02
 8.38172356e+07  -1.87166341e+00  8.38172356e+07  -1.11484347e+02
 8.44630319e+07  -1.90517848e+00  8.44630319e+07  -1.11399455e+02
 8.51138038e+07  -1.90286018e+00  8.51138038e+07  -1.11016166e+02
 8.57695899e+07  2.11046790e+00  8.57695899e+07  -1.88842165e+02
 8.64304286e+07  2.21841004e+00  8.64304286e+07  -1.88608373e+02
 8.70963590e+07  -1.96471834e+00  8.70963590e+07  -1.10565245e+02
 8.77674203e+07  2.36034128e+00  8.77674203e+07  -1.87957112e+02
 8.84436519e+07  -6.22929221e+00  8.84436519e+07  -2.74746549e+02
 8.91250938e+07  -6.27922042e+00  8.91250938e+07  -2.74216767e+02
 8.98117861e+07  2.39342805e+00  8.98117861e+07  -1.86980087e+02
 9.05037692e+07  2.36598937e+00  9.05037692e+07  -1.86592733e+02
 9.12010839e+07  2.42043507e+00  9.12010839e+07  -1.86337065e+02
 9.19037713e+07  -2.16151490e+00  9.19037713e+07  -1.09236465e+02
 9.26118728e+07  -6.55776274e+00  9.26118728e+07  -2.71229162e+02
 9.33254301e+07  2.58648680e+00  9.33254301e+07  -1.85481069e+02
 9.40444852e+07  2.61274298e+00  9.40444852e+07  -1.85192271e+02
 9.47690805e+07  -6.71050705e+00  9.47690805e+07  -2.69486612e+02
 9.54992586e+07  2.69991483e+00  9.54992586e+07  -1.84603804e+02
 9.62350626e+07  2.74358944e+00  9.62350626e+07  -1.84362487e+02
 9.69765359e+07  -2.34813560e+00  9.69765359e+07  -1.07859585e+02
 9.77237221e+07  2.81721423e+00  9.77237221e+07  -1.83804503e+02
 9.84766652e+07  2.79664329e+00  9.84766652e+07  -1.83504072e+02
 9.92354096e+07  -2.42820376e+00  9.92354096e+07  -1.07243968e+02
 1.00000000e+08  2.92356494e+00  1.00000000e+08  -1.83024502e+02
 1.00770481e+08  2.98790200e+00  1.00770481e+08  -1.82739744e+02
 1.01546899e+08  -2.54134722e+00  1.01546899e+08  -1.06725147e+02
 1.02329299e+08  -7.10722978e+00  1.02329299e+08  -2.64033506e+02
 1.03117727e+08  3.03211618e+00  1.03117727e+08  -1.81969459e+02
 1.03912230e+08  -7.16278643e+00  1.03912230e+08  -2.63155276e+02
 1.04712855e+08  3.11764313e+00  1.04712855e+08  -1.81495664e+02
 1.05519648e+08  3.09401812e+00  1.05519648e+08  -1.81142939e+02
 1.06332657e+08  3.10586769e+00  1.06332657e+08  -1.80913401e+02
 1.07151931e+08  3.21625756e+00  1.07151931e+08  -1.80740086e+02
 1.07977516e+08  3.20768821e+00  1.07977516e+08  -1.80479397e+02
 1.08809463e+08  3.22695628e+00  1.08809463e+08  -1.80259595e+02
 1.09647820e+08  3.35456686e+00  1.09647820e+08  -1.80116083e+02
 1.10492636e+08  -2.91916727e+00  1.10492636e+08  -1.04920720e+02
 1.11343961e+08  -7.41136841e+00  1.11343961e+08  -2.58981613e+02
 1.12201845e+08  -7.40765021e+00  1.12201845e+08  -2.58786442e+02
 1.13066340e+08  3.48412191e+00  1.13066340e+08  -1.79213175e+02
 1.13937495e+08  -3.04772937e+00  1.13937495e+08  -1.04179426e+02
 1.14815362e+08  -3.07500659e+00  1.14815362e+08  -1.03935205e+02
 1.15699993e+08  3.60656137e+00  1.15699993e+08  -1.78533539e+02
 1.16591440e+08  3.50411004e+00  1.16591440e+08  -1.78234995e+02
 1.17489755e+08  3.57870317e+00  1.17489755e+08  -1.78129184e+02
 1.18394992e+08  3.62658555e+00  1.18394992e+08  -1.77886013e+02
 1.19307204e+08  -7.56708284e+00  1.19307204e+08  -2.55490012e+02
 1.20226443e+08  3.75050971e+00  1.20226443e+08  -1.77488539e+02
 1.21152766e+08  3.71292778e+00  1.21152766e+08  -1.77332055e+02
 1.22086225e+08  3.78931374e+00  1.22086225e+08  -1.77135629e+02
 1.23026877e+08  3.75005823e+00  1.23026877e+08  -1.76864124e+02
 1.23974776e+08  -7.66383412e+00  1.23974776e+08  -2.53448603e+02
 1.24929979e+08  -3.46691841e+00  1.24929979e+08  -1.01903109e+02
 1.25892541e+08  3.88367299e+00  1.25892541e+08  -1.76300643e+02
 1.26862520e+08  3.84538666e+00  1.26862520e+08  -1.76069128e+02
 1.27839972e+08  -3.59732634e+00  1.27839972e+08  -1.01648093e+02
 1.28824955e+08  -7.71668615e+00  1.28824955e+08  -2.51792485e+02
 1.29817528e+08  -7.71363652e+00  1.29817528e+08  -2.51786187e+02
 1.30817747e+08  4.05164857e+00  1.30817747e+08  -1.75492018e+02
 1.31825674e+08  4.02267150e+00  1.31825674e+08  -1.75226720e+02
 1.32841366e+08  -3.80286678e+00  1.32841366e+08  -1.00979761e+02
 1.33864884e+08  -1.61450314e+01  1.33864884e+08  -2.67976290e+02
 1.34896288e+08  4.15895211e+00  1.34896288e+08  -1.74756805e+02
 1.35935639e+08  -3.92724418e+00  1.35935639e+08  -1.00597215e+02
 1.36982998e+08  -3.95454442e+00  1.36982998e+08  -1.00323491e+02
 1.38038426e+08  4.31011751e+00  1.38038426e+08  -1.74330042e+02
 1.39101987e+08  4.18864158e+00  1.39101987e+08  -1.74127509e+02
 1.40173742e+08  -7.81894329e+00  1.40173742e+08  -2.48910844e+02
 1.41253754e+08  4.23879274e+00  1.41253754e+08  -1.73830473e+02
 1.42342088e+08  -7.83906831e+00  1.42342088e+08  -2.48408454e+02
 1.43438808e+08  -7.85071318e+00  1.43438808e+08  -2.48037760e+02
 1.44543977e+08  -7.85454768e+00  1.44543977e+08  -2.47899400e+02
 1.45657662e+08  -1.60653392e+01  1.45657662e+08  -2.60354687e+02
 1.46779927e+08  4.57025828e+00  1.46779927e+08  -1.73192493e+02
 1.47910839e+08  4.63315137e+00  1.47910839e+08  -1.73134933e+02
 1.49050464e+08  -4.39332015e+00  1.49050464e+08  -9.86739784e+01
 1.50198870e+08  4.57153700e+00  1.50198870e+08  -1.72802688e+02
 1.51356125e+08  -7.91298696e+00  1.51356125e+08  -2.46549303e+02
 1.52522296e+08  -7.92484083e+00  1.52522296e+08  -2.46294342e+02
 1.53697452e+08  4.76553929e+00  1.53697452e+08  -1.72471976e+02
 1.54881662e+08  4.83333197e+00  1.54881662e+08  -1.72320060e+02
 1.56074996e+08  -4.65763168e+00  1.56074996e+08  -9.82655983e+01
 1.57277525e+08  4.83565505e+00  1.57277525e+08  -1.72176474e+02
 1.58489319e+08  4.91809014e+00  1.58489319e+08  -1.72074733e+02
 1.59710450e+08  5.01708338e+00  1.59710450e+08  -1.71993872e+02
 1.60940989e+08  -7.95713098e+00  1.60940989e+08  -2.45763857e+02
 1.62181010e+08  5.03330511e+00  1.62181010e+08  -1.71787669e+02
 1.63430584e+08  4.95814819e+00  1.63430584e+08  -1.71734784e+02
 1.64689787e+08  -9.53551061e+00  1.64689787e+08  -8.99765022e+01
 1.65958691e+08  -5.00283301e+00  1.65958691e+08  -9.76138745e+01
 1.67237372e+08  -8.00241464e+00  1.67237372e+08  -2.45057757e+02
 1.68525904e+08  -1.57206224e+01  1.68525904e+08  -2.51172388e+02
 1.69824365e+08  -5.12405459e+00  1.69824365e+08  -9.71383176e+01
 1.71132830e+08  -8.02256109e+00  1.71132830e+08  -2.44874909e+02
 1.72451377e+08  5.25555542e+00  1.72451377e+08  -1.71112763e+02
 1.73780083e+08  -8.03167583e+00  1.73780083e+08  -2.45016024e+02
 1.75119026e+08  -8.06064663e+00  1.75119026e+08  -2.44397628e+02
 1.76468286e+08  5.30598871e+00  1.76468286e+08  -1.70988329e+02
 1.77827941e+08  5.46927647e+00  1.77827941e+08  -1.70929068e+02
 1.79198072e+08  5.42721198e+00  1.79198072e+08  -1.70901589e+02
 1.80578760e+08  5.37303334e+00  1.80578760e+08  -1.70831926e+02
 1.81970086e+08  -5.51421647e+00  1.81970086e+08  -9.63587597e+01
 1.83372132e+08  5.28283238e+00  1.83372132e+08  -1.70655205e+02
 1.84784980e+08  5.48459543e+00  1.84784980e+08  -1.70654403e+02
 1.86208714e+08  5.69691623e+00  1.86208714e+08  -1.70646880e+02
 1.87643417e+08  -5.69282483e+00  1.87643417e+08  -9.62237038e+01
 1.89089175e+08  5.37258801e+00  1.89089175e+08  -1.70504461e+02
 1.90546072e+08  -5.77116603e+00  1.90546072e+08  -9.56892356e+01
 1.92014194e+08  5.84161064e+00  1.92014194e+08  -1.70532144e+02
 1.93493628e+08  -8.19586440e+00  1.93493628e+08  -2.44191424e+02
 1.94984460e+08  -5.91018738e+00  1.94984460e+08  -9.56115396e+01
 1.96486779e+08  5.78700528e+00  1.96486779e+08  -1.70368155e+02
 1.98000673e+08  -8.24443949e+00  1.98000673e+08  -2.43738152e+02
 1.99526231e+08  -8.24650611e+00  1.99526231e+08  -2.44256552e+02
 2.01063544e+08  -8.25853846e+00  2.01063544e+08  -2.44303510e+02
 2.02612701e+08  5.75071161e+00  2.02612701e+08  -1.70357829e+02
 2.04173794e+08  5.74655217e+00  2.04173794e+08  -1.70349295e+02
 2.05746916e+08  6.04892333e+00  2.05746916e+08  -1.70390683e+02
 2.07332157e+08  5.75672692e+00  2.07332157e+08  -1.70351645e+02
 2.08929613e+08  6.06733784e+00  2.08929613e+08  -1.70386945e+02
 2.10539377e+08  6.08522472e+00  2.10539377e+08  -1.70394545e+02
 2.12161544e+08  -6.43101943e+00  2.12161544e+08  -9.53334616e+01
 2.13796209e+08  6.12795151e+00  2.13796209e+08  -1.70404112e+02
 2.15443469e+08  6.15371957e+00  2.15443469e+08  -1.70486664e+02
 2.17103421e+08  6.17824946e+00  2.17103421e+08  -1.70389485e+02
 2.18776162e+08  5.87427001e+00  2.18776162e+08  -1.70419659e+02
 2.20461792e+08  6.24543367e+00  2.20461792e+08  -1.70479167e+02
 2.22160409e+08  -6.72198012e+00  2.22160409e+08  -9.51832242e+01
 2.23872114e+08  6.33449158e+00  2.23872114e+08  -1.70534153e+02
 2.25597007e+08  6.02950327e+00  2.25597007e+08  -1.70514267e+02
 2.27335190e+08  6.43834204e+00  2.27335190e+08  -1.70602619e+02
 2.29086765e+08  6.49516748e+00  2.29086765e+08  -1.70637130e+02
 2.30851836e+08  6.56597622e+00  2.30851836e+08  -1.70674071e+02
 2.32630507e+08  -7.03405348e+00  2.32630507e+08  -9.53658961e+01
 2.34422882e+08  6.31474437e+00  2.34422882e+08  -1.70712866e+02
 2.36229066e+08  6.38892153e+00  2.36229066e+08  -1.70749226e+02
 2.38049167e+08  6.07411607e+00  2.38049167e+08  -1.70749366e+02
 2.39883292e+08  6.53730364e+00  2.39883292e+08  -1.70780921e+02
 2.41731548e+08  6.63231079e+00  2.41731548e+08  -1.70903470e+02
 2.43594045e+08  6.31830455e+00  2.43594045e+08  -1.70927379e+02
 2.45470892e+08  -7.40039973e+00  2.45470892e+08  -9.53578068e+01
 2.47362199e+08  6.50824624e+00  2.47362199e+08  -1.71051031e+02
 2.49268079e+08  6.60797098e+00  2.49268079e+08  -1.71098991e+02
 2.51188643e+08  6.28090837e+00  2.51188643e+08  -1.71048533e+02
 2.53124005e+08  -8.88898285e+00  2.53124005e+08  -2.46286173e+02
 2.55074278e+08  -7.66268989e+00  2.55074278e+08  -9.51322035e+01
 2.57039578e+08  6.62645107e+00  2.57039578e+08  -1.71329534e+02
 2.59020020e+08  -8.96974274e+00  2.59020020e+08  -2.46590471e+02
 2.61015722e+08  6.43187002e+00  2.61015722e+08  -1.71430098e+02
 2.63026799e+08  6.57728106e+00  2.63026799e+08  -1.71502213e+02
 2.65053372e+08  6.73074447e+00  2.65053372e+08  -1.71606849e+02
 2.67095559e+08  6.87852538e+00  2.67095559e+08  -1.71684062e+02
 2.69153480e+08  6.53015035e+00  2.69153480e+08  -1.71722570e+02
 2.71227258e+08  -8.12677777e+00  2.71227258e+08  -9.57647897e+01
 2.73317014e+08  -9.18692074e+00  2.73317014e+08  -2.47935938e+02
 2.75422870e+08  7.07049484e+00  2.75422870e+08  -1.71961565e+02
 2.77544952e+08  -9.25029751e+00  2.77544952e+08  -2.48130639e+02
 2.79683385e+08  6.90402973e+00  2.79683385e+08  -1.72110705e+02
 2.81838293e+08  -8.41800358e+00  2.81838293e+08  -9.58634991e+01
 2.84009805e+08  6.74976510e+00  2.84009805e+08  -1.72243293e+02
 2.86198048e+08  -8.51503764e+00  2.86198048e+08  -9.50594115e+01
 2.88403150e+08  6.61024820e+00  2.88403150e+08  -1.72410609e+02
 2.90625243e+08  -9.45654095e+00  2.90625243e+08  -2.49387039e+02
 2.92864456e+08  6.46863456e+00  2.92864456e+08  -1.72514045e+02
 2.95120923e+08  -9.54137446e+00  2.95120923e+08  -2.48980848e+02
 2.97394775e+08  6.95662103e+00  2.97394775e+08  -1.72739248e+02
 2.99686146e+08  -8.90234338e+00  2.99686146e+08  -9.59690294e+01
 3.01995172e+08  -9.65925590e+00  3.01995172e+08  -2.49035858e+02
 3.04321989e+08  7.11613044e+00  3.04321989e+08  -1.72975015e+02
 3.06666733e+08  6.73632399e+00  3.06666733e+08  -1.73038924e+02
 3.09029543e+08  7.72339456e+00  3.09029543e+08  -1.73187526e+02
 3.11410558e+08  -9.80058512e+00  3.11410558e+08  -2.50934731e+02
 3.13809919e+08  -1.48855051e+01  3.13809919e+08  -9.59282088e+01
 3.16227766e+08  -9.34307877e+00  3.16227766e+08  -9.59643374e+01
 3.18664242e+08  -9.95801808e+00  3.18664242e+08  -2.49703813e+02
 3.21119491e+08  -9.97971747e+00  3.21119491e+08  -2.50890116e+02
 3.23593657e+08  6.86387839e+00  3.23593657e+08  -1.73587539e+02
 3.26086886e+08  -1.00638100e+01  3.26086886e+08  -2.50540692e+02
 3.28599325e+08  -1.01110416e+01  3.28599325e+08  -2.51763893e+02
 3.31131121e+08  -9.73775982e+00  3.31131121e+08  -9.65765782e+01
 3.33682425e+08  7.58218318e+00  3.33682425e+08  -1.74023763e+02
 3.36253386e+08  -1.02482298e+01  3.36253386e+08  -2.51975603e+02
 3.38844156e+08  -9.94209203e+00  3.38844156e+08  -9.71210270e+01
 3.41454887e+08  7.22981194e+00  3.41454887e+08  -1.74245382e+02
 3.44085734e+08  -1.00748632e+01  3.44085734e+08  -9.65525029e+01
 3.46736850e+08  -1.01336359e+01  3.46736850e+08  -9.62782952e+01
 3.49408393e+08  -1.02063586e+01  3.49408393e+08  -9.66533980e+01
 3.52100520e+08  7.31396526e+00  3.52100520e+08  -1.74625923e+02
 3.54813389e+08  7.80547031e+00  3.54813389e+08  -1.74637859e+02
 3.57547160e+08  7.41236699e+00  3.57547160e+08  -1.74824876e+02
 3.60301995e+08  -1.04718654e+01  3.60301995e+08  -9.60336810e+01
 3.63078055e+08  -1.07174427e+01  3.63078055e+08  -2.53350823e+02
 3.65875504e+08  7.12090159e+00  3.65875504e+08  -1.75079596e+02
 3.68694506e+08  -1.08077342e+01  3.68694506e+08  -2.54614580e+02
 3.71535229e+08  7.28485265e+00  3.71535229e+08  -1.75140180e+02
 3.74397839e+08  6.81652653e+00  3.74397839e+08  -1.75171560e+02
 3.77282505e+08  7.41970767e+00  3.77282505e+08  -1.75359983e+02
 3.80189396e+08  8.04776803e+00  3.80189396e+08  -1.75511156e+02
 3.83118685e+08  7.61141468e+00  3.83118685e+08  -1.75610798e+02
 3.86070543e+08  7.22405814e+00  3.86070543e+08  -1.75573538e+02
 3.89045145e+08  6.81142172e+00  3.89045145e+08  -1.75688345e+02
 3.92042666e+08  -1.12289509e+01  3.92042666e+08  -2.54205501e+02
 3.95063281e+08  8.18073116e+00  3.95063281e+08  -1.75822157e+02
 3.98107171e+08  6.64019746e+00  3.98107171e+08  -1.75733845e+02
 4.01174512e+08  -1.14806609e+01  4.01174512e+08  -9.74122443e+01
 4.04265487e+08  8.05040783e+00  4.04265487e+08  -1.76116156e+02
 4.07380278e+08  8.93461267e+00  4.07380278e+08  -1.76403133e+02
 4.10519067e+08  -1.16956932e+01  4.10519067e+08  -9.67855044e+01
 4.13682040e+08  6.79303592e+00  4.13682040e+08  -1.76192631e+02
 4.16869383e+08  6.38954725e+00  4.16869383e+08  -1.76237557e+02
 4.20081285e+08  -1.19091977e+01  4.20081285e+08  -9.69212261e+01
 4.23317933e+08  8.00267429e+00  4.23317933e+08  -1.76563663e+02
 4.26579519e+08  6.31159467e+00  4.26579519e+08  -1.76414717e+02
 4.29866235e+08  7.14641158e+00  4.29866235e+08  -1.76626617e+02
 4.33178274e+08  -1.19323801e+01  4.33178274e+08  -2.56700132e+02
 4.36515832e+08  6.31751529e+00  4.36515832e+08  -1.76794809e+02
 4.39879106e+08  7.16001082e+00  4.39879106e+08  -1.76951928e+02
 4.43268292e+08  8.14034896e+00  4.43268292e+08  -1.76847534e+02
 4.46683592e+08  7.68240012e+00  4.46683592e+08  -1.76997908e+02
 4.50125206e+08  5.93361411e+00  4.50125206e+08  -1.76846686e+02
 4.53593337e+08  -1.26636715e+01  4.53593337e+08  -9.74326750e+01
 4.57088190e+08  -1.27263555e+01  4.57088190e+08  -9.67569485e+01
 4.60609969e+08  7.40317752e+00  4.60609969e+08  -1.77340584e+02
 4.64158883e+08  6.96857550e+00  4.64158883e+08  -1.77210269e+02
 4.67735141e+08  6.59207493e+00  4.67735141e+08  -1.77280024e+02
 4.71338954e+08  7.65387697e+00  4.71338954e+08  -1.77411275e+02
 4.74970533e+08  -1.31102172e+01  4.74970533e+08  -9.72648562e+01
 4.78630092e+08  6.80622558e+00  4.78630092e+08  -1.77584711e+02
 4.82317848e+08  6.40317429e+00  4.82317848e+08  -1.77405084e+02
 4.86034018e+08  7.55561546e+00  4.86034018e+08  -1.77754214e+02
 4.89778819e+08  -1.28414721e+01  4.89778819e+08  -2.58505587e+02
 4.93552474e+08  6.68561522e+00  4.93552474e+08  -1.77795134e+02
 4.97355204e+08  6.29224753e+00  4.97355204e+08  -1.77696609e+02
 5.01187234e+08  -1.30255113e+01  5.01187234e+08  -2.60203605e+02
 5.05048788e+08  7.13895761e+00  5.05048788e+08  -1.77985823e+02
 5.08940095e+08  6.65229631e+00  5.08940095e+08  -1.77866213e+02
 5.12861384e+08  8.13018620e+00  5.12861384e+08  -1.78031181e+02
 5.16812886e+08  -1.39529541e+01  5.16812886e+08  -9.82584814e+01
 5.20794833e+08  7.19267146e+00  5.20794833e+08  -1.78026121e+02
 5.24807460e+08  8.82165823e+00  5.24807460e+08  -1.78571998e+02
 5.28851004e+08  -1.41700364e+01  5.28851004e+08  -9.79208355e+01
 5.32925703e+08  5.92344722e+00  5.32925703e+08  -1.78142645e+02
 5.37031796e+08  -1.35618616e+01  5.37031796e+08  -2.60262184e+02
 5.41169527e+08  -1.36221233e+01  5.41169527e+08  -2.60123238e+02
 5.45339137e+08  -1.36904089e+01  5.45339137e+08  -2.60063094e+02
 5.49540874e+08  8.17545024e+00  5.49540874e+08  -1.78361576e+02
 5.53774984e+08  -1.38091510e+01  5.53774984e+08  -2.59816436e+02
 5.58041717e+08  -1.38627977e+01  5.58041717e+08  -2.60883776e+02
 5.62341325e+08  -1.47795977e+01  5.62341325e+08  -9.75012918e+01
 5.66674061e+08  -2.12526115e+01  5.66674061e+08  -9.84237065e+01
 5.71040179e+08  6.02897318e+00  5.71040179e+08  -1.78453641e+02
 5.75439937e+08  -1.41051730e+01  5.75439937e+08  -2.62844594e+02
 5.79873595e+08  5.26186742e+00  5.79873595e+08  -1.78664636e+02
 5.84341413e+08  -1.42261968e+01  5.84341413e+08  -2.61472460e+02
 5.88843655e+08  6.56601783e+00  5.88843655e+08  -1.79032147e+02
 5.93380586e+08  8.59886362e+00  5.93380586e+08  -1.78895565e+02
 5.97952473e+08  -1.44097298e+01  5.97952473e+08  -2.62386565e+02
 6.02559586e+08  -1.54693939e+01  6.02559586e+08  -9.69216753e+01
 6.07202196e+08  -1.55393320e+01  6.07202196e+08  -9.57905090e+01
 6.11880576e+08  -1.56359626e+01  6.11880576e+08  -9.73430567e+01
 6.16595002e+08  6.36544977e+00  6.16595002e+08  -1.78823979e+02
 6.21345752e+08  8.66031001e+00  6.21345752e+08  -1.79369118e+02
 6.26133105e+08  8.19755051e+00  6.26133105e+08  -1.79463057e+02
 6.30957344e+08  -1.59288836e+01  6.30957344e+08  -9.67515462e+01
 6.35818754e+08  7.27022216e+00  6.35818754e+08  -1.79171381e+02
 6.40717619e+08  4.45474266e+00  6.40717619e+08  -1.79146952e+02
 6.45654229e+08  4.08993480e+00  6.45654229e+08  -1.79321465e+02
 6.50628875e+08  3.71806276e+00  6.50628875e+08  -1.79020693e+02
 6.55641849e+08  8.57964187e+00  6.55641849e+08  -1.79703458e+02
 6.60693448e+08  5.19899219e+00  6.60693448e+08  -1.79426702e+02
 6.65783968e+08  7.60609315e+00  6.65783968e+08  -1.79279843e+02
 6.70913710e+08  7.17046765e+00  6.70913710e+08  -1.79240996e+02
 6.76082975e+08  6.72144557e+00  6.76082975e+08  -1.79891184e+02
 6.81292069e+08  -1.54760466e+01  6.81292069e+08  -2.63378120e+02
 6.86541298e+08  9.37495936e+00  6.86541298e+08  -1.79974846e+02
 6.91830971e+08  -1.68453194e+01  6.91830971e+08  -9.59732444e+01
 6.97161400e+08  1.35998828e+01  6.97161400e+08  -1.80638453e+02
 7.02532899e+08  7.90742074e+00  7.02532899e+08  -1.79884392e+02
 7.07945784e+08  -1.57878497e+01  7.07945784e+08  -2.63028335e+02
 7.13400375e+08  6.97891819e+00  7.13400375e+08  -1.79476443e+02
 7.18896992e+08  -1.59122036e+01  7.18896992e+08  -2.64345094e+02
 7.24435960e+08  6.16831081e+00  7.24435960e+08  -1.79819912e+02
 7.30017605e+08  -1.73823504e+01  7.30017605e+08  -9.71204620e+01
 7.35642254e+08  9.21589784e+00  7.35642254e+08  -1.79891381e+02
 7.41310241e+08  -1.75128250e+01  7.41310241e+08  -9.40477431e+01
 7.47021899e+08  -1.62296702e+01  7.47021899e+08  -2.65503828e+02
 7.52777564e+08  1.35180887e+01  7.52777564e+08  -1.80968817e+02
 7.58577575e+08  1.27964029e+01  7.58577575e+08  -1.80851208e+02
 7.64422274e+08  1.20790468e+01  7.64422274e+08  -1.80734292e+02
 7.70312006e+08  -1.78895613e+01  7.70312006e+08  -9.48624710e+01
 7.76247117e+08  -1.79621929e+01  7.76247117e+08  -9.48583412e+01
 7.82227956e+08  -1.80500597e+01  7.82227956e+08  -9.49267192e+01
 7.88254877e+08  9.68541613e+00  7.88254877e+08  -1.80453582e+02
 7.94328235e+08  -1.82088404e+01  7.94328235e+08  -9.70616642e+01
 8.00448386e+08  -1.67996934e+01  8.00448386e+08  -2.66575990e+02
 8.06615692e+08  8.12655269e+00  8.06615692e+08  -1.80808833e+02
 8.12830516e+08  7.68129083e+00  8.12830516e+08  -1.80393068e+02
 8.19093224e+08  1.40907137e+01  8.19093224e+08  -1.82231494e+02
 8.25404185e+08  1.33056731e+01  8.25404185e+08  -1.82012584e+02
 8.31763771e+08  6.38052727e+00  8.31763771e+08  -1.80640540e+02
 8.38172356e+08  -1.71941615e+01  8.38172356e+08  -2.64311926e+02
 8.44630319e+08  5.56602497e+00  8.44630319e+08  -1.80599834e+02
 8.51138038e+08  1.06523634e+01  8.51138038e+08  -1.80742824e+02
 8.57695899e+08  1.55100601e+00  8.57695899e+08  -1.79972733e+02
 8.64304286e+08  4.44221514e+00  8.64304286e+08  -1.80267240e+02
 8.70963590e+08  -1.75038713e+01  8.70963590e+08  -2.65751448e+02
 8.77674203e+08  8.51978554e+00  8.77674203e+08  -1.80500731e+02
 8.84436519e+08  -1.92533938e+01  8.84436519e+08  -9.50387903e+01
 8.91250938e+08  -1.76851536e+01  8.91250938e+08  -2.67366248e+02
 8.98117861e+08  -1.94024498e+01  8.98117861e+08  -9.51567566e+01
 9.05037692e+08  2.43516603e+00  9.05037692e+08  -1.80076665e+02
 9.12010839e+08  6.24586079e+00  9.12010839e+08  -1.80919275e+02
 9.19037713e+08  1.35994073e+01  9.19037713e+08  -1.82724144e+02
 9.26118728e+08  5.46524898e+00  9.26118728e+08  -1.81009059e+02
 9.33254301e+08  -1.97725535e+01  9.33254301e+08  -9.33873289e+01
 9.40444852e+08  4.69177463e+00  9.40444852e+08  -1.80248307e+02
 9.47690805e+08  1.09015471e+01  9.47690805e+08  -1.79863754e+02
 9.54992586e+08  -1.82676161e+01  9.54992586e+08  -2.67009339e+02
 9.62350626e+08  -1.83394938e+01  9.62350626e+08  -2.66888509e+02
 9.69765359e+08  -2.01301050e+01  9.69765359e+08  -9.15865088e+01
 9.77237221e+08  8.67979933e+00  9.77237221e+08  -1.80610312e+02
 9.84766652e+08  -1.85216506e+01  9.84766652e+08  -2.66659890e+02
 9.92354096e+08  7.72346990e+00  9.92354096e+08  -1.81408254e+02
 1.00000000e+09  -1.86562374e+01  1.00000000e+09  -2.66763764e+02
