 1.00000000e+00  4.63856906e+01  1.00000000e+00  1.79999998e+02
 1.00770481e+00  4.63856906e+01  1.00770481e+00  1.79999998e+02
 1.01546899e+00  4.63856906e+01  1.01546899e+00  1.79999998e+02
 1.02329299e+00  4.63856906e+01  1.02329299e+00  1.79999998e+02
 1.03117727e+00  4.63856906e+01  1.03117727e+00  1.79999998e+02
 1.03912230e+00  4.63856906e+01  1.03912230e+00  1.79999998e+02
 1.04712855e+00  4.63856906e+01  1.04712855e+00  1.79999998e+02
 1.05519648e+00  4.63856906e+01  1.05519648e+00  1.79999998e+02
 1.06332657e+00  4.63856906e+01  1.06332657e+00  1.79999998e+02
 1.07151931e+00  4.63856906e+01  1.07151931e+00  1.79999998e+02
 1.07977516e+00  4.63856906e+01  1.07977516e+00  1.79999998e+02
 1.08809463e+00  4.63856906e+01  1.08809463e+00  1.79999998e+02
 1.09647820e+00  4.63856906e+01  1.09647820e+00  1.79999998e+02
 1.10492636e+00  4.63856906e+01  1.10492636e+00  1.79999998e+02
 1.11343961e+00  4.63856906e+01  1.11343961e+00  1.79999998e+02
 1.12201845e+00  4.63856906e+01  1.12201845e+00  1.79999998e+02
 1.13066340e+00  4.63856906e+01  1.13066340e+00  1.79999998e+02
 1.13937495e+00  4.63856906e+01  1.13937495e+00  1.79999998e+02
 1.14815362e+00  4.63856906e+01  1.14815362e+00  1.79999998e+02
 1.15699993e+00  4.63856906e+01  1.15699993e+00  1.79999998e+02
 1.16591440e+00  4.63856906e+01  1.16591440e+00  1.79999998e+02
 1.17489755e+00  4.63856906e+01  1.17489755e+00  1.79999998e+02
 1.18394992e+00  4.63856906e+01  1.18394992e+00  1.79999998e+02
 1.19307204e+00  4.63856906e+01  1.19307204e+00  1.79999998e+02
 1.20226443e+00  4.63856906e+01  1.20226443e+00  1.79999998e+02
 1.21152766e+00  4.63856906e+01  1.21152766e+00  1.79999998e+02
 1.22086225e+00  4.63856906e+01  1.22086225e+00  1.79999998e+02
 1.23026877e+00  4.63856906e+01  1.23026877e+00  1.79999998e+02
 1.23974776e+00  4.63856906e+01  1.23974776e+00  1.79999998e+02
 1.24929979e+00  4.63856906e+01  1.24929979e+00  1.79999998e+02
 1.25892541e+00  4.63856906e+01  1.25892541e+00  1.79999998e+02
 1.26862520e+00  4.63856906e+01  1.26862520e+00  1.79999998e+02
 1.27839972e+00  4.63856906e+01  1.27839972e+00  1.79999998e+02
 1.28824955e+00  4.63856906e+01  1.28824955e+00  1.79999998e+02
 1.29817528e+00  4.63856906e+01  1.29817528e+00  1.79999998e+02
 1.30817747e+00  4.63856906e+01  1.30817747e+00  1.79999998e+02
 1.31825674e+00  4.63856906e+01  1.31825674e+00  1.79999998e+02
 1.32841366e+00  4.63856906e+01  1.32841366e+00  1.79999998e+02
 1.33864884e+00  4.63856906e+01  1.33864884e+00  1.79999998e+02
 1.34896288e+00  4.63856906e+01  1.34896288e+00  1.79999998e+02
 1.35935639e+00  4.63856906e+01  1.35935639e+00  1.79999998e+02
 1.36982998e+00  4.63856906e+01  1.36982998e+00  1.79999998e+02
 1.38038426e+00  4.63856906e+01  1.38038426e+00  1.79999998e+02
 1.39101987e+00  4.63856906e+01  1.39101987e+00  1.79999998e+02
 1.40173742e+00  4.63856906e+01  1.40173742e+00  1.79999998e+02
 1.41253754e+00  4.63856906e+01  1.41253754e+00  1.79999998e+02
 1.42342088e+00  4.63856906e+01  1.42342088e+00  1.79999998e+02
 1.43438808e+00  4.63856906e+01  1.43438808e+00  1.79999998e+02
 1.44543977e+00  4.63856906e+01  1.44543977e+00  1.79999998e+02
 1.45657662e+00  4.63856906e+01  1.45657662e+00  1.79999998e+02
 1.46779927e+00  4.63856906e+01  1.46779927e+00  1.79999998e+02
 1.47910839e+00  4.63856906e+01  1.47910839e+00  1.79999998e+02
 1.49050464e+00  4.63856906e+01  1.49050464e+00  1.79999998e+02
 1.50198870e+00  4.63856906e+01  1.50198870e+00  1.79999998e+02
 1.51356125e+00  4.63856906e+01  1.51356125e+00  1.79999997e+02
 1.52522296e+00  4.63856906e+01  1.52522296e+00  1.79999997e+02
 1.53697452e+00  4.63856906e+01  1.53697452e+00  1.79999997e+02
 1.54881662e+00  4.63856906e+01  1.54881662e+00  1.79999997e+02
 1.56074996e+00  4.63856906e+01  1.56074996e+00  1.79999997e+02
 1.57277525e+00  4.63856906e+01  1.57277525e+00  1.79999997e+02
 1.58489319e+00  4.63856906e+01  1.58489319e+00  1.79999997e+02
 1.59710450e+00  4.63856906e+01  1.59710450e+00  1.79999997e+02
 1.60940989e+00  4.63856906e+01  1.60940989e+00  1.79999997e+02
 1.62181010e+00  4.63856906e+01  1.62181010e+00  1.79999997e+02
 1.63430584e+00  4.63856906e+01  1.63430584e+00  1.79999997e+02
 1.64689787e+00  4.63856906e+01  1.64689787e+00  1.79999997e+02
 1.65958691e+00  4.63856906e+01  1.65958691e+00  1.79999997e+02
 1.67237372e+00  4.63856906e+01  1.67237372e+00  1.79999997e+02
 1.68525904e+00  4.63856906e+01  1.68525904e+00  1.79999997e+02
 1.69824365e+00  4.63856906e+01  1.69824365e+00  1.79999997e+02
 1.71132830e+00  4.63856906e+01  1.71132830e+00  1.79999997e+02
 1.72451377e+00  4.63856906e+01  1.72451377e+00  1.79999997e+02
 1.73780083e+00  4.63856906e+01  1.73780083e+00  1.79999997e+02
 1.75119026e+00  4.63856906e+01  1.75119026e+00  1.79999997e+02
 1.76468286e+00  4.63856906e+01  1.76468286e+00  1.79999997e+02
 1.77827941e+00  4.63856906e+01  1.77827941e+00  1.79999997e+02
 1.79198072e+00  4.63856906e+01  1.79198072e+00  1.79999997e+02
 1.80578760e+00  4.63856906e+01  1.80578760e+00  1.79999997e+02
 1.81970086e+00  4.63856906e+01  1.81970086e+00  1.79999997e+02
 1.83372132e+00  4.63856906e+01  1.83372132e+00  1.79999997e+02
 1.84784980e+00  4.63856906e+01  1.84784980e+00  1.79999997e+02
 1.86208714e+00  4.63856906e+01  1.86208714e+00  1.79999997e+02
 1.87643417e+00  4.63856906e+01  1.87643417e+00  1.79999997e+02
 1.89089175e+00  4.63856906e+01  1.89089175e+00  1.79999997e+02
 1.90546072e+00  4.63856906e+01  1.90546072e+00  1.79999997e+02
 1.92014194e+00  4.63856906e+01  1.92014194e+00  1.79999997e+02
 1.93493628e+00  4.63856906e+01  1.93493628e+00  1.79999997e+02
 1.94984460e+00  4.63856906e+01  1.94984460e+00  1.79999997e+02
 1.96486779e+00  4.63856906e+01  1.96486779e+00  1.79999997e+02
 1.98000673e+00  4.63856906e+01  1.98000673e+00  1.79999997e+02
 1.99526231e+00  4.63856906e+01  1.99526231e+00  1.79999997e+02
 2.01063544e+00  4.63856906e+01  2.01063544e+00  1.79999997e+02
 2.02612701e+00  4.63856906e+01  2.02612701e+00  1.79999997e+02
 2.04173794e+00  4.63856906e+01  2.04173794e+00  1.79999997e+02
 2.05746916e+00  4.63856906e+01  2.05746916e+00  1.79999997e+02
 2.07332157e+00  4.63856906e+01  2.07332157e+00  1.79999997e+02
 2.08929613e+00  4.63856906e+01  2.08929613e+00  1.79999997e+02
 2.10539377e+00  4.63856906e+01  2.10539377e+00  1.79999997e+02
 2.12161544e+00  4.63856906e+01  2.12161544e+00  1.79999996e+02
 2.13796209e+00  4.63856906e+01  2.13796209e+00  1.79999996e+02
 2.15443469e+00  4.63856906e+01  2.15443469e+00  1.79999996e+02
 2.17103421e+00  4.63856906e+01  2.17103421e+00  1.79999996e+02
 2.18776162e+00  4.63856906e+01  2.18776162e+00  1.79999996e+02
 2.20461792e+00  4.63856906e+01  2.20461792e+00  1.79999996e+02
 2.22160409e+00  4.63856906e+01  2.22160409e+00  1.79999996e+02
 2.23872114e+00  4.63856906e+01  2.23872114e+00  1.79999996e+02
 2.25597007e+00  4.63856906e+01  2.25597007e+00  1.79999996e+02
 2.27335190e+00  4.63856906e+01  2.27335190e+00  1.79999996e+02
 2.29086765e+00  4.63856906e+01  2.29086765e+00  1.79999996e+02
 2.30851836e+00  4.63856906e+01  2.30851836e+00  1.79999996e+02
 2.32630507e+00  4.63856906e+01  2.32630507e+00  1.79999996e+02
 2.34422882e+00  4.63856906e+01  2.34422882e+00  1.79999996e+02
 2.36229066e+00  4.63856906e+01  2.36229066e+00  1.79999996e+02
 2.38049167e+00  4.63856906e+01  2.38049167e+00  1.79999996e+02
 2.39883292e+00  4.63856906e+01  2.39883292e+00  1.79999996e+02
 2.41731548e+00  4.63856906e+01  2.41731548e+00  1.79999996e+02
 2.43594045e+00  4.63856906e+01  2.43594045e+00  1.79999996e+02
 2.45470892e+00  4.63856906e+01  2.45470892e+00  1.79999996e+02
 2.47362199e+00  4.63856906e+01  2.47362199e+00  1.79999996e+02
 2.49268079e+00  4.63856906e+01  2.49268079e+00  1.79999996e+02
 2.51188643e+00  4.63856906e+01  2.51188643e+00  1.79999996e+02
 2.53124005e+00  4.63856906e+01  2.53124005e+00  1.79999996e+02
 2.55074278e+00  4.63856906e+01  2.55074278e+00  1.79999996e+02
 2.57039578e+00  4.63856906e+01  2.57039578e+00  1.79999996e+02
 2.59020020e+00  4.63856906e+01  2.59020020e+00  1.79999996e+02
 2.61015722e+00  4.63856906e+01  2.61015722e+00  1.79999996e+02
 2.63026799e+00  4.63856906e+01  2.63026799e+00  1.79999996e+02
 2.65053372e+00  4.63856906e+01  2.65053372e+00  1.79999996e+02
 2.67095559e+00  4.63856906e+01  2.67095559e+00  1.79999996e+02
 2.69153480e+00  4.63856906e+01  2.69153480e+00  1.79999996e+02
 2.71227258e+00  4.63856906e+01  2.71227258e+00  1.79999995e+02
 2.73317014e+00  4.63856906e+01  2.73317014e+00  1.79999995e+02
 2.75422870e+00  4.63856906e+01  2.75422870e+00  1.79999995e+02
 2.77544952e+00  4.63856906e+01  2.77544952e+00  1.79999995e+02
 2.79683385e+00  4.63856906e+01  2.79683385e+00  1.79999995e+02
 2.81838293e+00  4.63856906e+01  2.81838293e+00  1.79999995e+02
 2.84009805e+00  4.63856906e+01  2.84009805e+00  1.79999995e+02
 2.86198048e+00  4.63856906e+01  2.86198048e+00  1.79999995e+02
 2.88403150e+00  4.63856906e+01  2.88403150e+00  1.79999995e+02
 2.90625243e+00  4.63856906e+01  2.90625243e+00  1.79999995e+02
 2.92864456e+00  4.63856906e+01  2.92864456e+00  1.79999995e+02
 2.95120923e+00  4.63856906e+01  2.95120923e+00  1.79999995e+02
 2.97394775e+00  4.63856906e+01  2.97394775e+00  1.79999995e+02
 2.99686146e+00  4.63856906e+01  2.99686146e+00  1.79999995e+02
 3.01995172e+00  4.63856906e+01  3.01995172e+00  1.79999995e+02
 3.04321989e+00  4.63856906e+01  3.04321989e+00  1.79999995e+02
 3.06666733e+00  4.63856906e+01  3.06666733e+00  1.79999995e+02
 3.09029543e+00  4.63856906e+01  3.09029543e+00  1.79999995e+02
 3.11410558e+00  4.63856906e+01  3.11410558e+00  1.79999995e+02
 3.13809919e+00  4.63856906e+01  3.13809919e+00  1.79999995e+02
 3.16227766e+00  4.63856906e+01  3.16227766e+00  1.79999995e+02
 3.18664242e+00  4.63856906e+01  3.18664242e+00  1.79999995e+02
 3.21119491e+00  4.63856906e+01  3.21119491e+00  1.79999995e+02
 3.23593657e+00  4.63856906e+01  3.23593657e+00  1.79999995e+02
 3.26086886e+00  4.63856906e+01  3.26086886e+00  1.79999995e+02
 3.28599325e+00  4.63856906e+01  3.28599325e+00  1.79999995e+02
 3.31131121e+00  4.63856906e+01  3.31131121e+00  1.79999995e+02
 3.33682425e+00  4.63856906e+01  3.33682425e+00  1.79999994e+02
 3.36253386e+00  4.63856906e+01  3.36253386e+00  1.79999994e+02
 3.38844156e+00  4.63856906e+01  3.38844156e+00  1.79999994e+02
 3.41454887e+00  4.63856906e+01  3.41454887e+00  1.79999994e+02
 3.44085734e+00  4.63856906e+01  3.44085734e+00  1.79999994e+02
 3.46736850e+00  4.63856906e+01  3.46736850e+00  1.79999994e+02
 3.49408393e+00  4.63856906e+01  3.49408393e+00  1.79999994e+02
 3.52100520e+00  4.63856906e+01  3.52100520e+00  1.79999994e+02
 3.54813389e+00  4.63856906e+01  3.54813389e+00  1.79999994e+02
 3.57547160e+00  4.63856906e+01  3.57547160e+00  1.79999994e+02
 3.60301995e+00  4.63856906e+01  3.60301995e+00  1.79999994e+02
 3.63078055e+00  4.63856906e+01  3.63078055e+00  1.79999994e+02
 3.65875504e+00  4.63856906e+01  3.65875504e+00  1.79999994e+02
 3.68694506e+00  4.63856906e+01  3.68694506e+00  1.79999994e+02
 3.71535229e+00  4.63856906e+01  3.71535229e+00  1.79999994e+02
 3.74397839e+00  4.63856906e+01  3.74397839e+00  1.79999994e+02
 3.77282505e+00  4.63856906e+01  3.77282505e+00  1.79999994e+02
 3.80189396e+00  4.63856906e+01  3.80189396e+00  1.79999994e+02
 3.83118685e+00  4.63856906e+01  3.83118685e+00  1.79999994e+02
 3.86070543e+00  4.63856906e+01  3.86070543e+00  1.79999994e+02
 3.89045145e+00  4.63856906e+01  3.89045145e+00  1.79999994e+02
 3.92042666e+00  4.63856906e+01  3.92042666e+00  1.79999993e+02
 3.95063281e+00  4.63856906e+01  3.95063281e+00  1.79999993e+02
 3.98107171e+00  4.63856906e+01  3.98107171e+00  1.79999993e+02
 4.01174512e+00  4.63856906e+01  4.01174512e+00  1.79999993e+02
 4.04265487e+00  4.63856906e+01  4.04265487e+00  1.79999993e+02
 4.07380278e+00  4.63856906e+01  4.07380278e+00  1.79999993e+02
 4.10519067e+00  4.63856906e+01  4.10519067e+00  1.79999993e+02
 4.13682040e+00  4.63856906e+01  4.13682040e+00  1.79999993e+02
 4.16869383e+00  4.63856906e+01  4.16869383e+00  1.79999993e+02
 4.20081285e+00  4.63856906e+01  4.20081285e+00  1.79999993e+02
 4.23317933e+00  4.63856906e+01  4.23317933e+00  1.79999993e+02
 4.26579519e+00  4.63856906e+01  4.26579519e+00  1.79999993e+02
 4.29866235e+00  4.63856906e+01  4.29866235e+00  1.79999993e+02
 4.33178274e+00  4.63856906e+01  4.33178274e+00  1.79999993e+02
 4.36515832e+00  4.63856906e+01  4.36515832e+00  1.79999993e+02
 4.39879106e+00  4.63856906e+01  4.39879106e+00  1.79999993e+02
 4.43268292e+00  4.63856906e+01  4.43268292e+00  1.79999993e+02
 4.46683592e+00  4.63856906e+01  4.46683592e+00  1.79999993e+02
 4.50125206e+00  4.63856906e+01  4.50125206e+00  1.79999993e+02
 4.53593337e+00  4.63856906e+01  4.53593337e+00  1.79999992e+02
 4.57088190e+00  4.63856906e+01  4.57088190e+00  1.79999992e+02
 4.60609969e+00  4.63856906e+01  4.60609969e+00  1.79999992e+02
 4.64158883e+00  4.63856906e+01  4.64158883e+00  1.79999992e+02
 4.67735141e+00  4.63856906e+01  4.67735141e+00  1.79999992e+02
 4.71338954e+00  4.63856906e+01  4.71338954e+00  1.79999992e+02
 4.74970533e+00  4.63856906e+01  4.74970533e+00  1.79999992e+02
 4.78630092e+00  4.63856906e+01  4.78630092e+00  1.79999992e+02
 4.82317848e+00  4.63856906e+01  4.82317848e+00  1.79999992e+02
 4.86034018e+00  4.63856906e+01  4.86034018e+00  1.79999992e+02
 4.89778819e+00  4.63856906e+01  4.89778819e+00  1.79999992e+02
 4.93552474e+00  4.63856906e+01  4.93552474e+00  1.79999992e+02
 4.97355204e+00  4.63856906e+01  4.97355204e+00  1.79999992e+02
 5.01187234e+00  4.63856906e+01  5.01187234e+00  1.79999992e+02
 5.05048788e+00  4.63856906e+01  5.05048788e+00  1.79999992e+02
 5.08940095e+00  4.63856906e+01  5.08940095e+00  1.79999992e+02
 5.12861384e+00  4.63856906e+01  5.12861384e+00  1.79999991e+02
 5.16812886e+00  4.63856906e+01  5.16812886e+00  1.79999991e+02
 5.20794833e+00  4.63856906e+01  5.20794833e+00  1.79999991e+02
 5.24807460e+00  4.63856906e+01  5.24807460e+00  1.79999991e+02
 5.28851004e+00  4.63856906e+01  5.28851004e+00  1.79999991e+02
 5.32925703e+00  4.63856906e+01  5.32925703e+00  1.79999991e+02
 5.37031796e+00  4.63856906e+01  5.37031796e+00  1.79999991e+02
 5.41169527e+00  4.63856906e+01  5.41169527e+00  1.79999991e+02
 5.45339137e+00  4.63856906e+01  5.45339137e+00  1.79999991e+02
 5.49540874e+00  4.63856906e+01  5.49540874e+00  1.79999991e+02
 5.53774984e+00  4.63856906e+01  5.53774984e+00  1.79999991e+02
 5.58041717e+00  4.63856906e+01  5.58041717e+00  1.79999991e+02
 5.62341325e+00  4.63856906e+01  5.62341325e+00  1.79999991e+02
 5.66674061e+00  4.63856906e+01  5.66674061e+00  1.79999991e+02
 5.71040179e+00  4.63856906e+01  5.71040179e+00  1.79999991e+02
 5.75439937e+00  4.63856906e+01  5.75439937e+00  1.79999990e+02
 5.79873595e+00  4.63856906e+01  5.79873595e+00  1.79999990e+02
 5.84341413e+00  4.63856906e+01  5.84341413e+00  1.79999990e+02
 5.88843655e+00  4.63856906e+01  5.88843655e+00  1.79999990e+02
 5.93380586e+00  4.63856906e+01  5.93380586e+00  1.79999990e+02
 5.97952473e+00  4.63856906e+01  5.97952473e+00  1.79999990e+02
 6.02559586e+00  4.63856906e+01  6.02559586e+00  1.79999990e+02
 6.07202196e+00  4.63856906e+01  6.07202196e+00  1.79999990e+02
 6.11880576e+00  4.63856906e+01  6.11880576e+00  1.79999990e+02
 6.16595002e+00  4.63856906e+01  6.16595002e+00  1.79999990e+02
 6.21345752e+00  4.63856906e+01  6.21345752e+00  1.79999990e+02
 6.26133105e+00  4.63856906e+01  6.26133105e+00  1.79999990e+02
 6.30957344e+00  4.63856906e+01  6.30957344e+00  1.79999990e+02
 6.35818754e+00  4.63856906e+01  6.35818754e+00  1.79999989e+02
 6.40717619e+00  4.63856906e+01  6.40717619e+00  1.79999989e+02
 6.45654229e+00  4.63856906e+01  6.45654229e+00  1.79999989e+02
 6.50628875e+00  4.63856906e+01  6.50628875e+00  1.79999989e+02
 6.55641849e+00  4.63856906e+01  6.55641849e+00  1.79999989e+02
 6.60693448e+00  4.63856906e+01  6.60693448e+00  1.79999989e+02
 6.65783968e+00  4.63856906e+01  6.65783968e+00  1.79999989e+02
 6.70913710e+00  4.63856906e+01  6.70913710e+00  1.79999989e+02
 6.76082975e+00  4.63856906e+01  6.76082975e+00  1.79999989e+02
 6.81292069e+00  4.63856906e+01  6.81292069e+00  1.79999989e+02
 6.86541298e+00  4.63856906e+01  6.86541298e+00  1.79999989e+02
 6.91830971e+00  4.63856906e+01  6.91830971e+00  1.79999989e+02
 6.97161400e+00  4.63856906e+01  6.97161400e+00  1.79999988e+02
 7.02532899e+00  4.63856906e+01  7.02532899e+00  1.79999988e+02
 7.07945784e+00  4.63856906e+01  7.07945784e+00  1.79999988e+02
 7.13400375e+00  4.63856906e+01  7.13400375e+00  1.79999988e+02
 7.18896992e+00  4.63856906e+01  7.18896992e+00  1.79999988e+02
 7.24435960e+00  4.63856906e+01  7.24435960e+00  1.79999988e+02
 7.30017605e+00  4.63856906e+01  7.30017605e+00  1.79999988e+02
 7.35642254e+00  4.63856906e+01  7.35642254e+00  1.79999988e+02
 7.41310241e+00  4.63856906e+01  7.41310241e+00  1.79999988e+02
 7.47021899e+00  4.63856906e+01  7.47021899e+00  1.79999988e+02
 7.52777564e+00  4.63856906e+01  7.52777564e+00  1.79999988e+02
 7.58577575e+00  4.63856906e+01  7.58577575e+00  1.79999987e+02
 7.64422274e+00  4.63856906e+01  7.64422274e+00  1.79999987e+02
 7.70312006e+00  4.63856906e+01  7.70312006e+00  1.79999987e+02
 7.76247117e+00  4.63856906e+01  7.76247117e+00  1.79999987e+02
 7.82227956e+00  4.63856906e+01  7.82227956e+00  1.79999987e+02
 7.88254877e+00  4.63856906e+01  7.88254877e+00  1.79999987e+02
 7.94328235e+00  4.63856906e+01  7.94328235e+00  1.79999987e+02
 8.00448386e+00  4.63856906e+01  8.00448386e+00  1.79999987e+02
 8.06615692e+00  4.63856906e+01  8.06615692e+00  1.79999987e+02
 8.12830516e+00  4.63856906e+01  8.12830516e+00  1.79999987e+02
 8.19093224e+00  4.63856906e+01  8.19093224e+00  1.79999986e+02
 8.25404185e+00  4.63856906e+01  8.25404185e+00  1.79999986e+02
 8.31763771e+00  4.63856906e+01  8.31763771e+00  1.79999986e+02
 8.38172356e+00  4.63856906e+01  8.38172356e+00  1.79999986e+02
 8.44630319e+00  4.63856906e+01  8.44630319e+00  1.79999986e+02
 8.51138038e+00  4.63856906e+01  8.51138038e+00  1.79999986e+02
 8.57695899e+00  4.63856906e+01  8.57695899e+00  1.79999986e+02
 8.64304286e+00  4.63856906e+01  8.64304286e+00  1.79999986e+02
 8.70963590e+00  4.63856906e+01  8.70963590e+00  1.79999986e+02
 8.77674203e+00  4.63856906e+01  8.77674203e+00  1.79999985e+02
 8.84436519e+00  4.63856906e+01  8.84436519e+00  1.79999985e+02
 8.91250938e+00  4.63856906e+01  8.91250938e+00  1.79999985e+02
 8.98117861e+00  4.63856906e+01  8.98117861e+00  1.79999985e+02
 9.05037692e+00  4.63856906e+01  9.05037692e+00  1.79999985e+02
 9.12010839e+00  4.63856906e+01  9.12010839e+00  1.79999985e+02
 9.19037713e+00  4.63856906e+01  9.19037713e+00  1.79999985e+02
 9.26118728e+00  4.63856906e+01  9.26118728e+00  1.79999985e+02
 9.33254301e+00  4.63856906e+01  9.33254301e+00  1.79999985e+02
 9.40444852e+00  4.63856906e+01  9.40444852e+00  1.79999984e+02
 9.47690805e+00  4.63856906e+01  9.47690805e+00  1.79999984e+02
 9.54992586e+00  4.63856906e+01  9.54992586e+00  1.79999984e+02
 9.62350626e+00  4.63856906e+01  9.62350626e+00  1.79999984e+02
 9.69765359e+00  4.63856906e+01  9.69765359e+00  1.79999984e+02
 9.77237221e+00  4.63856906e+01  9.77237221e+00  1.79999984e+02
 9.84766652e+00  4.63856906e+01  9.84766652e+00  1.79999984e+02
 9.92354096e+00  4.63856906e+01  9.92354096e+00  1.79999984e+02
 1.00000000e+01  4.63856906e+01  1.00000000e+01  1.79999983e+02
 1.00770481e+01  4.63856906e+01  1.00770481e+01  1.79999983e+02
 1.01546899e+01  4.63856906e+01  1.01546899e+01  1.79999983e+02
 1.02329299e+01  4.63856906e+01  1.02329299e+01  1.79999983e+02
 1.03117727e+01  4.63856906e+01  1.03117727e+01  1.79999983e+02
 1.03912230e+01  4.63856906e+01  1.03912230e+01  1.79999983e+02
 1.04712855e+01  4.63856906e+01  1.04712855e+01  1.79999983e+02
 1.05519648e+01  4.63856906e+01  1.05519648e+01  1.79999982e+02
 1.06332657e+01  4.63856906e+01  1.06332657e+01  1.79999982e+02
 1.07151931e+01  4.63856906e+01  1.07151931e+01  1.79999982e+02
 1.07977516e+01  4.63856906e+01  1.07977516e+01  1.79999982e+02
 1.08809463e+01  4.63856906e+01  1.08809463e+01  1.79999982e+02
 1.09647820e+01  4.63856906e+01  1.09647820e+01  1.79999982e+02
 1.10492636e+01  4.63856906e+01  1.10492636e+01  1.79999982e+02
 1.11343961e+01  4.63856906e+01  1.11343961e+01  1.79999982e+02
 1.12201845e+01  4.63856906e+01  1.12201845e+01  1.79999981e+02
 1.13066340e+01  4.63856906e+01  1.13066340e+01  1.79999981e+02
 1.13937495e+01  4.63856906e+01  1.13937495e+01  1.79999981e+02
 1.14815362e+01  4.63856906e+01  1.14815362e+01  1.79999981e+02
 1.15699993e+01  4.63856906e+01  1.15699993e+01  1.79999981e+02
 1.16591440e+01  4.63856906e+01  1.16591440e+01  1.79999981e+02
 1.17489755e+01  4.63856906e+01  1.17489755e+01  1.79999981e+02
 1.18394992e+01  4.63856906e+01  1.18394992e+01  1.79999980e+02
 1.19307204e+01  4.63856906e+01  1.19307204e+01  1.79999980e+02
 1.20226443e+01  4.63856906e+01  1.20226443e+01  1.79999980e+02
 1.21152766e+01  4.63856906e+01  1.21152766e+01  1.79999980e+02
 1.22086225e+01  4.63856906e+01  1.22086225e+01  1.79999980e+02
 1.23026877e+01  4.63856906e+01  1.23026877e+01  1.79999980e+02
 1.23974776e+01  4.63856906e+01  1.23974776e+01  1.79999979e+02
 1.24929979e+01  4.63856906e+01  1.24929979e+01  1.79999979e+02
 1.25892541e+01  4.63856906e+01  1.25892541e+01  1.79999979e+02
 1.26862520e+01  4.63856906e+01  1.26862520e+01  1.79999979e+02
 1.27839972e+01  4.63856906e+01  1.27839972e+01  1.79999979e+02
 1.28824955e+01  4.63856906e+01  1.28824955e+01  1.79999979e+02
 1.29817528e+01  4.63856906e+01  1.29817528e+01  1.79999978e+02
 1.30817747e+01  4.63856906e+01  1.30817747e+01  1.79999978e+02
 1.31825674e+01  4.63856906e+01  1.31825674e+01  1.79999978e+02
 1.32841366e+01  4.63856906e+01  1.32841366e+01  1.79999978e+02
 1.33864884e+01  4.63856906e+01  1.33864884e+01  1.79999978e+02
 1.34896288e+01  4.63856906e+01  1.34896288e+01  1.79999978e+02
 1.35935639e+01  4.63856906e+01  1.35935639e+01  1.79999977e+02
 1.36982998e+01  4.63856906e+01  1.36982998e+01  1.79999977e+02
 1.38038426e+01  4.63856906e+01  1.38038426e+01  1.79999977e+02
 1.39101987e+01  4.63856906e+01  1.39101987e+01  1.79999977e+02
 1.40173742e+01  4.63856906e+01  1.40173742e+01  1.79999977e+02
 1.41253754e+01  4.63856906e+01  1.41253754e+01  1.79999977e+02
 1.42342088e+01  4.63856906e+01  1.42342088e+01  1.79999976e+02
 1.43438808e+01  4.63856906e+01  1.43438808e+01  1.79999976e+02
 1.44543977e+01  4.63856906e+01  1.44543977e+01  1.79999976e+02
 1.45657662e+01  4.63856906e+01  1.45657662e+01  1.79999976e+02
 1.46779927e+01  4.63856906e+01  1.46779927e+01  1.79999976e+02
 1.47910839e+01  4.63856906e+01  1.47910839e+01  1.79999975e+02
 1.49050464e+01  4.63856906e+01  1.49050464e+01  1.79999975e+02
 1.50198870e+01  4.63856906e+01  1.50198870e+01  1.79999975e+02
 1.51356125e+01  4.63856906e+01  1.51356125e+01  1.79999975e+02
 1.52522296e+01  4.63856906e+01  1.52522296e+01  1.79999975e+02
 1.53697452e+01  4.63856906e+01  1.53697452e+01  1.79999974e+02
 1.54881662e+01  4.63856906e+01  1.54881662e+01  1.79999974e+02
 1.56074996e+01  4.63856906e+01  1.56074996e+01  1.79999974e+02
 1.57277525e+01  4.63856906e+01  1.57277525e+01  1.79999974e+02
 1.58489319e+01  4.63856906e+01  1.58489319e+01  1.79999974e+02
 1.59710450e+01  4.63856906e+01  1.59710450e+01  1.79999974e+02
 1.60940989e+01  4.63856906e+01  1.60940989e+01  1.79999973e+02
 1.62181010e+01  4.63856906e+01  1.62181010e+01  1.79999973e+02
 1.63430584e+01  4.63856906e+01  1.63430584e+01  1.79999973e+02
 1.64689787e+01  4.63856906e+01  1.64689787e+01  1.79999973e+02
 1.65958691e+01  4.63856906e+01  1.65958691e+01  1.79999972e+02
 1.67237372e+01  4.63856906e+01  1.67237372e+01  1.79999972e+02
 1.68525904e+01  4.63856906e+01  1.68525904e+01  1.79999972e+02
 1.69824365e+01  4.63856906e+01  1.69824365e+01  1.79999972e+02
 1.71132830e+01  4.63856906e+01  1.71132830e+01  1.79999972e+02
 1.72451377e+01  4.63856906e+01  1.72451377e+01  1.79999971e+02
 1.73780083e+01  4.63856906e+01  1.73780083e+01  1.79999971e+02
 1.75119026e+01  4.63856906e+01  1.75119026e+01  1.79999971e+02
 1.76468286e+01  4.63856906e+01  1.76468286e+01  1.79999971e+02
 1.77827941e+01  4.63856906e+01  1.77827941e+01  1.79999970e+02
 1.79198072e+01  4.63856906e+01  1.79198072e+01  1.79999970e+02
 1.80578760e+01  4.63856906e+01  1.80578760e+01  1.79999970e+02
 1.81970086e+01  4.63856906e+01  1.81970086e+01  1.79999970e+02
 1.83372132e+01  4.63856906e+01  1.83372132e+01  1.79999970e+02
 1.84784980e+01  4.63856906e+01  1.84784980e+01  1.79999969e+02
 1.86208714e+01  4.63856906e+01  1.86208714e+01  1.79999969e+02
 1.87643417e+01  4.63856906e+01  1.87643417e+01  1.79999969e+02
 1.89089175e+01  4.63856906e+01  1.89089175e+01  1.79999969e+02
 1.90546072e+01  4.63856906e+01  1.90546072e+01  1.79999968e+02
 1.92014194e+01  4.63856906e+01  1.92014194e+01  1.79999968e+02
 1.93493628e+01  4.63856906e+01  1.93493628e+01  1.79999968e+02
 1.94984460e+01  4.63856906e+01  1.94984460e+01  1.79999968e+02
 1.96486779e+01  4.63856906e+01  1.96486779e+01  1.79999967e+02
 1.98000673e+01  4.63856906e+01  1.98000673e+01  1.79999967e+02
 1.99526231e+01  4.63856906e+01  1.99526231e+01  1.79999967e+02
 2.01063544e+01  4.63856906e+01  2.01063544e+01  1.79999967e+02
 2.02612701e+01  4.63856906e+01  2.02612701e+01  1.79999966e+02
 2.04173794e+01  4.63856906e+01  2.04173794e+01  1.79999966e+02
 2.05746916e+01  4.63856906e+01  2.05746916e+01  1.79999966e+02
 2.07332157e+01  4.63856906e+01  2.07332157e+01  1.79999966e+02
 2.08929613e+01  4.63856906e+01  2.08929613e+01  1.79999965e+02
 2.10539377e+01  4.63856906e+01  2.10539377e+01  1.79999965e+02
 2.12161544e+01  4.63856906e+01  2.12161544e+01  1.79999965e+02
 2.13796209e+01  4.63856906e+01  2.13796209e+01  1.79999965e+02
 2.15443469e+01  4.63856906e+01  2.15443469e+01  1.79999964e+02
 2.17103421e+01  4.63856906e+01  2.17103421e+01  1.79999964e+02
 2.18776162e+01  4.63856906e+01  2.18776162e+01  1.79999964e+02
 2.20461792e+01  4.63856906e+01  2.20461792e+01  1.79999963e+02
 2.22160409e+01  4.63856906e+01  2.22160409e+01  1.79999963e+02
 2.23872114e+01  4.63856906e+01  2.23872114e+01  1.79999963e+02
 2.25597007e+01  4.63856906e+01  2.25597007e+01  1.79999963e+02
 2.27335190e+01  4.63856906e+01  2.27335190e+01  1.79999962e+02
 2.29086765e+01  4.63856906e+01  2.29086765e+01  1.79999962e+02
 2.30851836e+01  4.63856906e+01  2.30851836e+01  1.79999962e+02
 2.32630507e+01  4.63856906e+01  2.32630507e+01  1.79999961e+02
 2.34422882e+01  4.63856906e+01  2.34422882e+01  1.79999961e+02
 2.36229066e+01  4.63856906e+01  2.36229066e+01  1.79999961e+02
 2.38049167e+01  4.63856906e+01  2.38049167e+01  1.79999961e+02
 2.39883292e+01  4.63856906e+01  2.39883292e+01  1.79999960e+02
 2.41731548e+01  4.63856906e+01  2.41731548e+01  1.79999960e+02
 2.43594045e+01  4.63856906e+01  2.43594045e+01  1.79999960e+02
 2.45470892e+01  4.63856906e+01  2.45470892e+01  1.79999959e+02
 2.47362199e+01  4.63856906e+01  2.47362199e+01  1.79999959e+02
 2.49268079e+01  4.63856906e+01  2.49268079e+01  1.79999959e+02
 2.51188643e+01  4.63856906e+01  2.51188643e+01  1.79999958e+02
 2.53124005e+01  4.63856906e+01  2.53124005e+01  1.79999958e+02
 2.55074278e+01  4.63856906e+01  2.55074278e+01  1.79999958e+02
 2.57039578e+01  4.63856906e+01  2.57039578e+01  1.79999957e+02
 2.59020020e+01  4.63856906e+01  2.59020020e+01  1.79999957e+02
 2.61015722e+01  4.63856906e+01  2.61015722e+01  1.79999957e+02
 2.63026799e+01  4.63856906e+01  2.63026799e+01  1.79999956e+02
 2.65053372e+01  4.63856906e+01  2.65053372e+01  1.79999956e+02
 2.67095559e+01  4.63856906e+01  2.67095559e+01  1.79999956e+02
 2.69153480e+01  4.63856906e+01  2.69153480e+01  1.79999955e+02
 2.71227258e+01  4.63856906e+01  2.71227258e+01  1.79999955e+02
 2.73317014e+01  4.63856906e+01  2.73317014e+01  1.79999955e+02
 2.75422870e+01  4.63856906e+01  2.75422870e+01  1.79999954e+02
 2.77544952e+01  4.63856906e+01  2.77544952e+01  1.79999954e+02
 2.79683385e+01  4.63856906e+01  2.79683385e+01  1.79999954e+02
 2.81838293e+01  4.63856906e+01  2.81838293e+01  1.79999953e+02
 2.84009805e+01  4.63856906e+01  2.84009805e+01  1.79999953e+02
 2.86198048e+01  4.63856906e+01  2.86198048e+01  1.79999953e+02
 2.88403150e+01  4.63856906e+01  2.88403150e+01  1.79999952e+02
 2.90625243e+01  4.63856906e+01  2.90625243e+01  1.79999952e+02
 2.92864456e+01  4.63856906e+01  2.92864456e+01  1.79999951e+02
 2.95120923e+01  4.63856906e+01  2.95120923e+01  1.79999951e+02
 2.97394775e+01  4.63856906e+01  2.97394775e+01  1.79999951e+02
 2.99686146e+01  4.63856906e+01  2.99686146e+01  1.79999950e+02
 3.01995172e+01  4.63856906e+01  3.01995172e+01  1.79999950e+02
 3.04321989e+01  4.63856906e+01  3.04321989e+01  1.79999950e+02
 3.06666733e+01  4.63856906e+01  3.06666733e+01  1.79999949e+02
 3.09029543e+01  4.63856906e+01  3.09029543e+01  1.79999949e+02
 3.11410558e+01  4.63856906e+01  3.11410558e+01  1.79999948e+02
 3.13809919e+01  4.63856906e+01  3.13809919e+01  1.79999948e+02
 3.16227766e+01  4.63856906e+01  3.16227766e+01  1.79999948e+02
 3.18664242e+01  4.63856906e+01  3.18664242e+01  1.79999947e+02
 3.21119491e+01  4.63856906e+01  3.21119491e+01  1.79999947e+02
 3.23593657e+01  4.63856906e+01  3.23593657e+01  1.79999946e+02
 3.26086886e+01  4.63856906e+01  3.26086886e+01  1.79999946e+02
 3.28599325e+01  4.63856906e+01  3.28599325e+01  1.79999945e+02
 3.31131121e+01  4.63856906e+01  3.31131121e+01  1.79999945e+02
 3.33682425e+01  4.63856906e+01  3.33682425e+01  1.79999945e+02
 3.36253386e+01  4.63856906e+01  3.36253386e+01  1.79999944e+02
 3.38844156e+01  4.63856906e+01  3.38844156e+01  1.79999944e+02
 3.41454887e+01  4.63856906e+01  3.41454887e+01  1.79999943e+02
 3.44085734e+01  4.63856906e+01  3.44085734e+01  1.79999943e+02
 3.46736850e+01  4.63856906e+01  3.46736850e+01  1.79999942e+02
 3.49408393e+01  4.63856906e+01  3.49408393e+01  1.79999942e+02
 3.52100520e+01  4.63856906e+01  3.52100520e+01  1.79999942e+02
 3.54813389e+01  4.63856906e+01  3.54813389e+01  1.79999941e+02
 3.57547160e+01  4.63856906e+01  3.57547160e+01  1.79999941e+02
 3.60301995e+01  4.63856906e+01  3.60301995e+01  1.79999940e+02
 3.63078055e+01  4.63856906e+01  3.63078055e+01  1.79999940e+02
 3.65875504e+01  4.63856906e+01  3.65875504e+01  1.79999939e+02
 3.68694506e+01  4.63856906e+01  3.68694506e+01  1.79999939e+02
 3.71535229e+01  4.63856906e+01  3.71535229e+01  1.79999938e+02
 3.74397839e+01  4.63856906e+01  3.74397839e+01  1.79999938e+02
 3.77282505e+01  4.63856906e+01  3.77282505e+01  1.79999937e+02
 3.80189396e+01  4.63856906e+01  3.80189396e+01  1.79999937e+02
 3.83118685e+01  4.63856906e+01  3.83118685e+01  1.79999936e+02
 3.86070543e+01  4.63856906e+01  3.86070543e+01  1.79999936e+02
 3.89045145e+01  4.63856906e+01  3.89045145e+01  1.79999935e+02
 3.92042666e+01  4.63856906e+01  3.92042666e+01  1.79999935e+02
 3.95063281e+01  4.63856906e+01  3.95063281e+01  1.79999934e+02
 3.98107171e+01  4.63856906e+01  3.98107171e+01  1.79999934e+02
 4.01174512e+01  4.63856906e+01  4.01174512e+01  1.79999933e+02
 4.04265487e+01  4.63856906e+01  4.04265487e+01  1.79999933e+02
 4.07380278e+01  4.63856906e+01  4.07380278e+01  1.79999932e+02
 4.10519067e+01  4.63856906e+01  4.10519067e+01  1.79999932e+02
 4.13682040e+01  4.63856906e+01  4.13682040e+01  1.79999931e+02
 4.16869383e+01  4.63856906e+01  4.16869383e+01  1.79999931e+02
 4.20081285e+01  4.63856906e+01  4.20081285e+01  1.79999930e+02
 4.23317933e+01  4.63856906e+01  4.23317933e+01  1.79999930e+02
 4.26579519e+01  4.63856906e+01  4.26579519e+01  1.79999929e+02
 4.29866235e+01  4.63856906e+01  4.29866235e+01  1.79999929e+02
 4.33178274e+01  4.63856906e+01  4.33178274e+01  1.79999928e+02
 4.36515832e+01  4.63856906e+01  4.36515832e+01  1.79999928e+02
 4.39879106e+01  4.63856906e+01  4.39879106e+01  1.79999927e+02
 4.43268292e+01  4.63856906e+01  4.43268292e+01  1.79999926e+02
 4.46683592e+01  4.63856906e+01  4.46683592e+01  1.79999926e+02
 4.50125206e+01  4.63856906e+01  4.50125206e+01  1.79999925e+02
 4.53593337e+01  4.63856906e+01  4.53593337e+01  1.79999925e+02
 4.57088190e+01  4.63856906e+01  4.57088190e+01  1.79999924e+02
 4.60609969e+01  4.63856906e+01  4.60609969e+01  1.79999924e+02
 4.64158883e+01  4.63856906e+01  4.64158883e+01  1.79999923e+02
 4.67735141e+01  4.63856906e+01  4.67735141e+01  1.79999922e+02
 4.71338954e+01  4.63856906e+01  4.71338954e+01  1.79999922e+02
 4.74970533e+01  4.63856906e+01  4.74970533e+01  1.79999921e+02
 4.78630092e+01  4.63856906e+01  4.78630092e+01  1.79999921e+02
 4.82317848e+01  4.63856906e+01  4.82317848e+01  1.79999920e+02
 4.86034018e+01  4.63856906e+01  4.86034018e+01  1.79999919e+02
 4.89778819e+01  4.63856906e+01  4.89778819e+01  1.79999919e+02
 4.93552474e+01  4.63856906e+01  4.93552474e+01  1.79999918e+02
 4.97355204e+01  4.63856906e+01  4.97355204e+01  1.79999917e+02
 5.01187234e+01  4.63856906e+01  5.01187234e+01  1.79999917e+02
 5.05048788e+01  4.63856906e+01  5.05048788e+01  1.79999916e+02
 5.08940095e+01  4.63856906e+01  5.08940095e+01  1.79999916e+02
 5.12861384e+01  4.63856906e+01  5.12861384e+01  1.79999915e+02
 5.16812886e+01  4.63856906e+01  5.16812886e+01  1.79999914e+02
 5.20794833e+01  4.63856906e+01  5.20794833e+01  1.79999914e+02
 5.24807460e+01  4.63856906e+01  5.24807460e+01  1.79999913e+02
 5.28851004e+01  4.63856906e+01  5.28851004e+01  1.79999912e+02
 5.32925703e+01  4.63856906e+01  5.32925703e+01  1.79999912e+02
 5.37031796e+01  4.63856906e+01  5.37031796e+01  1.79999911e+02
 5.41169527e+01  4.63856906e+01  5.41169527e+01  1.79999910e+02
 5.45339137e+01  4.63856906e+01  5.45339137e+01  1.79999910e+02
 5.49540874e+01  4.63856906e+01  5.49540874e+01  1.79999909e+02
 5.53774984e+01  4.63856906e+01  5.53774984e+01  1.79999908e+02
 5.58041717e+01  4.63856906e+01  5.58041717e+01  1.79999907e+02
 5.62341325e+01  4.63856906e+01  5.62341325e+01  1.79999907e+02
 5.66674061e+01  4.63856906e+01  5.66674061e+01  1.79999906e+02
 5.71040179e+01  4.63856906e+01  5.71040179e+01  1.79999905e+02
 5.75439937e+01  4.63856906e+01  5.75439937e+01  1.79999905e+02
 5.79873595e+01  4.63856906e+01  5.79873595e+01  1.79999904e+02
 5.84341413e+01  4.63856906e+01  5.84341413e+01  1.79999903e+02
 5.88843655e+01  4.63856906e+01  5.88843655e+01  1.79999902e+02
 5.93380586e+01  4.63856906e+01  5.93380586e+01  1.79999902e+02
 5.97952473e+01  4.63856906e+01  5.97952473e+01  1.79999901e+02
 6.02559586e+01  4.63856906e+01  6.02559586e+01  1.79999900e+02
 6.07202196e+01  4.63856906e+01  6.07202196e+01  1.79999899e+02
 6.11880576e+01  4.63856906e+01  6.11880576e+01  1.79999898e+02
 6.16595002e+01  4.63856906e+01  6.16595002e+01  1.79999898e+02
 6.21345752e+01  4.63856906e+01  6.21345752e+01  1.79999897e+02
 6.26133105e+01  4.63856906e+01  6.26133105e+01  1.79999896e+02
 6.30957344e+01  4.63856906e+01  6.30957344e+01  1.79999895e+02
 6.35818754e+01  4.63856906e+01  6.35818754e+01  1.79999895e+02
 6.40717619e+01  4.63856906e+01  6.40717619e+01  1.79999894e+02
 6.45654229e+01  4.63856906e+01  6.45654229e+01  1.79999893e+02
 6.50628875e+01  4.63856906e+01  6.50628875e+01  1.79999892e+02
 6.55641849e+01  4.63856906e+01  6.55641849e+01  1.79999891e+02
 6.60693448e+01  4.63856906e+01  6.60693448e+01  1.79999890e+02
 6.65783968e+01  4.63856906e+01  6.65783968e+01  1.79999890e+02
 6.70913710e+01  4.63856906e+01  6.70913710e+01  1.79999889e+02
 6.76082975e+01  4.63856906e+01  6.76082975e+01  1.79999888e+02
 6.81292069e+01  4.63856906e+01  6.81292069e+01  1.79999887e+02
 6.86541298e+01  4.63856906e+01  6.86541298e+01  1.79999886e+02
 6.91830971e+01  4.63856906e+01  6.91830971e+01  1.79999885e+02
 6.97161400e+01  4.63856906e+01  6.97161400e+01  1.79999884e+02
 7.02532899e+01  4.63856906e+01  7.02532899e+01  1.79999883e+02
 7.07945784e+01  4.63856906e+01  7.07945784e+01  1.79999883e+02
 7.13400375e+01  4.63856906e+01  7.13400375e+01  1.79999882e+02
 7.18896992e+01  4.63856906e+01  7.18896992e+01  1.79999881e+02
 7.24435960e+01  4.63856906e+01  7.24435960e+01  1.79999880e+02
 7.30017605e+01  4.63856906e+01  7.30017605e+01  1.79999879e+02
 7.35642254e+01  4.63856906e+01  7.35642254e+01  1.79999878e+02
 7.41310241e+01  4.63856906e+01  7.41310241e+01  1.79999877e+02
 7.47021899e+01  4.63856906e+01  7.47021899e+01  1.79999876e+02
 7.52777564e+01  4.63856906e+01  7.52777564e+01  1.79999875e+02
 7.58577575e+01  4.63856906e+01  7.58577575e+01  1.79999874e+02
 7.64422274e+01  4.63856906e+01  7.64422274e+01  1.79999873e+02
 7.70312006e+01  4.63856906e+01  7.70312006e+01  1.79999872e+02
 7.76247117e+01  4.63856906e+01  7.76247117e+01  1.79999871e+02
 7.82227956e+01  4.63856906e+01  7.82227956e+01  1.79999870e+02
 7.88254877e+01  4.63856906e+01  7.88254877e+01  1.79999869e+02
 7.94328235e+01  4.63856906e+01  7.94328235e+01  1.79999868e+02
 8.00448386e+01  4.63856906e+01  8.00448386e+01  1.79999867e+02
 8.06615692e+01  4.63856906e+01  8.06615692e+01  1.79999866e+02
 8.12830516e+01  4.63856906e+01  8.12830516e+01  1.79999865e+02
 8.19093224e+01  4.63856906e+01  8.19093224e+01  1.79999864e+02
 8.25404185e+01  4.63856906e+01  8.25404185e+01  1.79999863e+02
 8.31763771e+01  4.63856906e+01  8.31763771e+01  1.79999862e+02
 8.38172356e+01  4.63856906e+01  8.38172356e+01  1.79999861e+02
 8.44630319e+01  4.63856906e+01  8.44630319e+01  1.79999860e+02
 8.51138038e+01  4.63856906e+01  8.51138038e+01  1.79999859e+02
 8.57695899e+01  4.63856906e+01  8.57695899e+01  1.79999858e+02
 8.64304286e+01  4.63856906e+01  8.64304286e+01  1.79999857e+02
 8.70963590e+01  4.63856906e+01  8.70963590e+01  1.79999855e+02
 8.77674203e+01  4.63856906e+01  8.77674203e+01  1.79999854e+02
 8.84436519e+01  4.63856906e+01  8.84436519e+01  1.79999853e+02
 8.91250938e+01  4.63856906e+01  8.91250938e+01  1.79999852e+02
 8.98117861e+01  4.63856906e+01  8.98117861e+01  1.79999851e+02
 9.05037692e+01  4.63856906e+01  9.05037692e+01  1.79999850e+02
 9.12010839e+01  4.63856906e+01  9.12010839e+01  1.79999849e+02
 9.19037713e+01  4.63856906e+01  9.19037713e+01  1.79999848e+02
 9.26118728e+01  4.63856906e+01  9.26118728e+01  1.79999846e+02
 9.33254301e+01  4.63856906e+01  9.33254301e+01  1.79999845e+02
 9.40444852e+01  4.63856906e+01  9.40444852e+01  1.79999844e+02
 9.47690805e+01  4.63856906e+01  9.47690805e+01  1.79999843e+02
 9.54992586e+01  4.63856906e+01  9.54992586e+01  1.79999842e+02
 9.62350626e+01  4.63856906e+01  9.62350626e+01  1.79999840e+02
 9.69765359e+01  4.63856906e+01  9.69765359e+01  1.79999839e+02
 9.77237221e+01  4.63856906e+01  9.77237221e+01  1.79999838e+02
 9.84766652e+01  4.63856906e+01  9.84766652e+01  1.79999837e+02
 9.92354096e+01  4.63856906e+01  9.92354096e+01  1.79999835e+02
 1.00000000e+02  4.63856906e+01  1.00000000e+02  1.79999834e+02
 1.00770481e+02  4.63856906e+01  1.00770481e+02  1.79999833e+02
 1.01546899e+02  4.63856906e+01  1.01546899e+02  1.79999832e+02
 1.02329299e+02  4.63856906e+01  1.02329299e+02  1.79999830e+02
 1.03117727e+02  4.63856906e+01  1.03117727e+02  1.79999829e+02
 1.03912230e+02  4.63856906e+01  1.03912230e+02  1.79999828e+02
 1.04712855e+02  4.63856906e+01  1.04712855e+02  1.79999826e+02
 1.05519648e+02  4.63856906e+01  1.05519648e+02  1.79999825e+02
 1.06332657e+02  4.63856906e+01  1.06332657e+02  1.79999824e+02
 1.07151931e+02  4.63856906e+01  1.07151931e+02  1.79999822e+02
 1.07977516e+02  4.63856906e+01  1.07977516e+02  1.79999821e+02
 1.08809463e+02  4.63856906e+01  1.08809463e+02  1.79999819e+02
 1.09647820e+02  4.63856906e+01  1.09647820e+02  1.79999818e+02
 1.10492636e+02  4.63856906e+01  1.10492636e+02  1.79999817e+02
 1.11343961e+02  4.63856906e+01  1.11343961e+02  1.79999815e+02
 1.12201845e+02  4.63856906e+01  1.12201845e+02  1.79999814e+02
 1.13066340e+02  4.63856906e+01  1.13066340e+02  1.79999812e+02
 1.13937495e+02  4.63856906e+01  1.13937495e+02  1.79999811e+02
 1.14815362e+02  4.63856906e+01  1.14815362e+02  1.79999810e+02
 1.15699993e+02  4.63856906e+01  1.15699993e+02  1.79999808e+02
 1.16591440e+02  4.63856906e+01  1.16591440e+02  1.79999807e+02
 1.17489755e+02  4.63856906e+01  1.17489755e+02  1.79999805e+02
 1.18394992e+02  4.63856906e+01  1.18394992e+02  1.79999804e+02
 1.19307204e+02  4.63856906e+01  1.19307204e+02  1.79999802e+02
 1.20226443e+02  4.63856906e+01  1.20226443e+02  1.79999801e+02
 1.21152766e+02  4.63856906e+01  1.21152766e+02  1.79999799e+02
 1.22086225e+02  4.63856906e+01  1.22086225e+02  1.79999797e+02
 1.23026877e+02  4.63856906e+01  1.23026877e+02  1.79999796e+02
 1.23974776e+02  4.63856906e+01  1.23974776e+02  1.79999794e+02
 1.24929979e+02  4.63856906e+01  1.24929979e+02  1.79999793e+02
 1.25892541e+02  4.63856906e+01  1.25892541e+02  1.79999791e+02
 1.26862520e+02  4.63856906e+01  1.26862520e+02  1.79999790e+02
 1.27839972e+02  4.63856906e+01  1.27839972e+02  1.79999788e+02
 1.28824955e+02  4.63856906e+01  1.28824955e+02  1.79999786e+02
 1.29817528e+02  4.63856906e+01  1.29817528e+02  1.79999785e+02
 1.30817747e+02  4.63856906e+01  1.30817747e+02  1.79999783e+02
 1.31825674e+02  4.63856906e+01  1.31825674e+02  1.79999781e+02
 1.32841366e+02  4.63856906e+01  1.32841366e+02  1.79999780e+02
 1.33864884e+02  4.63856906e+01  1.33864884e+02  1.79999778e+02
 1.34896288e+02  4.63856906e+01  1.34896288e+02  1.79999776e+02
 1.35935639e+02  4.63856906e+01  1.35935639e+02  1.79999774e+02
 1.36982998e+02  4.63856906e+01  1.36982998e+02  1.79999773e+02
 1.38038426e+02  4.63856906e+01  1.38038426e+02  1.79999771e+02
 1.39101987e+02  4.63856906e+01  1.39101987e+02  1.79999769e+02
 1.40173742e+02  4.63856906e+01  1.40173742e+02  1.79999767e+02
 1.41253754e+02  4.63856906e+01  1.41253754e+02  1.79999766e+02
 1.42342088e+02  4.63856906e+01  1.42342088e+02  1.79999764e+02
 1.43438808e+02  4.63856906e+01  1.43438808e+02  1.79999762e+02
 1.44543977e+02  4.63856906e+01  1.44543977e+02  1.79999760e+02
 1.45657662e+02  4.63856906e+01  1.45657662e+02  1.79999758e+02
 1.46779927e+02  4.63856906e+01  1.46779927e+02  1.79999756e+02
 1.47910839e+02  4.63856906e+01  1.47910839e+02  1.79999755e+02
 1.49050464e+02  4.63856906e+01  1.49050464e+02  1.79999753e+02
 1.50198870e+02  4.63856906e+01  1.50198870e+02  1.79999751e+02
 1.51356125e+02  4.63856906e+01  1.51356125e+02  1.79999749e+02
 1.52522296e+02  4.63856906e+01  1.52522296e+02  1.79999747e+02
 1.53697452e+02  4.63856906e+01  1.53697452e+02  1.79999745e+02
 1.54881662e+02  4.63856906e+01  1.54881662e+02  1.79999743e+02
 1.56074996e+02  4.63856906e+01  1.56074996e+02  1.79999741e+02
 1.57277525e+02  4.63856906e+01  1.57277525e+02  1.79999739e+02
 1.58489319e+02  4.63856906e+01  1.58489319e+02  1.79999737e+02
 1.59710450e+02  4.63856906e+01  1.59710450e+02  1.79999735e+02
 1.60940989e+02  4.63856906e+01  1.60940989e+02  1.79999733e+02
 1.62181010e+02  4.63856906e+01  1.62181010e+02  1.79999731e+02
 1.63430584e+02  4.63856906e+01  1.63430584e+02  1.79999729e+02
 1.64689787e+02  4.63856906e+01  1.64689787e+02  1.79999727e+02
 1.65958691e+02  4.63856906e+01  1.65958691e+02  1.79999725e+02
 1.67237372e+02  4.63856906e+01  1.67237372e+02  1.79999723e+02
 1.68525904e+02  4.63856906e+01  1.68525904e+02  1.79999720e+02
 1.69824365e+02  4.63856906e+01  1.69824365e+02  1.79999718e+02
 1.71132830e+02  4.63856906e+01  1.71132830e+02  1.79999716e+02
 1.72451377e+02  4.63856906e+01  1.72451377e+02  1.79999714e+02
 1.73780083e+02  4.63856906e+01  1.73780083e+02  1.79999712e+02
 1.75119026e+02  4.63856906e+01  1.75119026e+02  1.79999709e+02
 1.76468286e+02  4.63856906e+01  1.76468286e+02  1.79999707e+02
 1.77827941e+02  4.63856906e+01  1.77827941e+02  1.79999705e+02
 1.79198072e+02  4.63856906e+01  1.79198072e+02  1.79999703e+02
 1.80578760e+02  4.63856906e+01  1.80578760e+02  1.79999700e+02
 1.81970086e+02  4.63856906e+01  1.81970086e+02  1.79999698e+02
 1.83372132e+02  4.63856906e+01  1.83372132e+02  1.79999696e+02
 1.84784980e+02  4.63856906e+01  1.84784980e+02  1.79999693e+02
 1.86208714e+02  4.63856906e+01  1.86208714e+02  1.79999691e+02
 1.87643417e+02  4.63856906e+01  1.87643417e+02  1.79999689e+02
 1.89089175e+02  4.63856906e+01  1.89089175e+02  1.79999686e+02
 1.90546072e+02  4.63856906e+01  1.90546072e+02  1.79999684e+02
 1.92014194e+02  4.63856906e+01  1.92014194e+02  1.79999681e+02
 1.93493628e+02  4.63856906e+01  1.93493628e+02  1.79999679e+02
 1.94984460e+02  4.63856906e+01  1.94984460e+02  1.79999676e+02
 1.96486779e+02  4.63856906e+01  1.96486779e+02  1.79999674e+02
 1.98000673e+02  4.63856906e+01  1.98000673e+02  1.79999671e+02
 1.99526231e+02  4.63856906e+01  1.99526231e+02  1.79999669e+02
 2.01063544e+02  4.63856906e+01  2.01063544e+02  1.79999666e+02
 2.02612701e+02  4.63856906e+01  2.02612701e+02  1.79999664e+02
 2.04173794e+02  4.63856906e+01  2.04173794e+02  1.79999661e+02
 2.05746916e+02  4.63856906e+01  2.05746916e+02  1.79999659e+02
 2.07332157e+02  4.63856906e+01  2.07332157e+02  1.79999656e+02
 2.08929613e+02  4.63856906e+01  2.08929613e+02  1.79999653e+02
 2.10539377e+02  4.63856906e+01  2.10539377e+02  1.79999651e+02
 2.12161544e+02  4.63856906e+01  2.12161544e+02  1.79999648e+02
 2.13796209e+02  4.63856906e+01  2.13796209e+02  1.79999645e+02
 2.15443469e+02  4.63856906e+01  2.15443469e+02  1.79999643e+02
 2.17103421e+02  4.63856906e+01  2.17103421e+02  1.79999640e+02
 2.18776162e+02  4.63856906e+01  2.18776162e+02  1.79999637e+02
 2.20461792e+02  4.63856906e+01  2.20461792e+02  1.79999634e+02
 2.22160409e+02  4.63856906e+01  2.22160409e+02  1.79999631e+02
 2.23872114e+02  4.63856906e+01  2.23872114e+02  1.79999629e+02
 2.25597007e+02  4.63856906e+01  2.25597007e+02  1.79999626e+02
 2.27335190e+02  4.63856906e+01  2.27335190e+02  1.79999623e+02
 2.29086765e+02  4.63856906e+01  2.29086765e+02  1.79999620e+02
 2.30851836e+02  4.63856906e+01  2.30851836e+02  1.79999617e+02
 2.32630507e+02  4.63856906e+01  2.32630507e+02  1.79999614e+02
 2.34422882e+02  4.63856906e+01  2.34422882e+02  1.79999611e+02
 2.36229066e+02  4.63856906e+01  2.36229066e+02  1.79999608e+02
 2.38049167e+02  4.63856906e+01  2.38049167e+02  1.79999605e+02
 2.39883292e+02  4.63856906e+01  2.39883292e+02  1.79999602e+02
 2.41731548e+02  4.63856906e+01  2.41731548e+02  1.79999599e+02
 2.43594045e+02  4.63856906e+01  2.43594045e+02  1.79999596e+02
 2.45470892e+02  4.63856906e+01  2.45470892e+02  1.79999593e+02
 2.47362199e+02  4.63856906e+01  2.47362199e+02  1.79999590e+02
 2.49268079e+02  4.63856906e+01  2.49268079e+02  1.79999586e+02
 2.51188643e+02  4.63856906e+01  2.51188643e+02  1.79999583e+02
 2.53124005e+02  4.63856906e+01  2.53124005e+02  1.79999580e+02
 2.55074278e+02  4.63856906e+01  2.55074278e+02  1.79999577e+02
 2.57039578e+02  4.63856906e+01  2.57039578e+02  1.79999574e+02
 2.59020020e+02  4.63856906e+01  2.59020020e+02  1.79999570e+02
 2.61015722e+02  4.63856906e+01  2.61015722e+02  1.79999567e+02
 2.63026799e+02  4.63856906e+01  2.63026799e+02  1.79999564e+02
 2.65053372e+02  4.63856906e+01  2.65053372e+02  1.79999560e+02
 2.67095559e+02  4.63856906e+01  2.67095559e+02  1.79999557e+02
 2.69153480e+02  4.63856906e+01  2.69153480e+02  1.79999553e+02
 2.71227258e+02  4.63856906e+01  2.71227258e+02  1.79999550e+02
 2.73317014e+02  4.63856906e+01  2.73317014e+02  1.79999547e+02
 2.75422870e+02  4.63856906e+01  2.75422870e+02  1.79999543e+02
 2.77544952e+02  4.63856906e+01  2.77544952e+02  1.79999540e+02
 2.79683385e+02  4.63856906e+01  2.79683385e+02  1.79999536e+02
 2.81838293e+02  4.63856906e+01  2.81838293e+02  1.79999532e+02
 2.84009805e+02  4.63856906e+01  2.84009805e+02  1.79999529e+02
 2.86198048e+02  4.63856906e+01  2.86198048e+02  1.79999525e+02
 2.88403150e+02  4.63856906e+01  2.88403150e+02  1.79999521e+02
 2.90625243e+02  4.63856906e+01  2.90625243e+02  1.79999518e+02
 2.92864456e+02  4.63856906e+01  2.92864456e+02  1.79999514e+02
 2.95120923e+02  4.63856906e+01  2.95120923e+02  1.79999510e+02
 2.97394775e+02  4.63856906e+01  2.97394775e+02  1.79999507e+02
 2.99686146e+02  4.63856906e+01  2.99686146e+02  1.79999503e+02
 3.01995172e+02  4.63856906e+01  3.01995172e+02  1.79999499e+02
 3.04321989e+02  4.63856906e+01  3.04321989e+02  1.79999495e+02
 3.06666733e+02  4.63856906e+01  3.06666733e+02  1.79999491e+02
 3.09029543e+02  4.63856906e+01  3.09029543e+02  1.79999487e+02
 3.11410558e+02  4.63856906e+01  3.11410558e+02  1.79999483e+02
 3.13809919e+02  4.63856906e+01  3.13809919e+02  1.79999479e+02
 3.16227766e+02  4.63856906e+01  3.16227766e+02  1.79999475e+02
 3.18664242e+02  4.63856906e+01  3.18664242e+02  1.79999471e+02
 3.21119491e+02  4.63856906e+01  3.21119491e+02  1.79999467e+02
 3.23593657e+02  4.63856906e+01  3.23593657e+02  1.79999463e+02
 3.26086886e+02  4.63856906e+01  3.26086886e+02  1.79999459e+02
 3.28599325e+02  4.63856906e+01  3.28599325e+02  1.79999455e+02
 3.31131121e+02  4.63856906e+01  3.31131121e+02  1.79999451e+02
 3.33682425e+02  4.63856907e+01  3.33682425e+02  1.79999446e+02
 3.36253386e+02  4.63856907e+01  3.36253386e+02  1.79999442e+02
 3.38844156e+02  4.63856907e+01  3.38844156e+02  1.79999438e+02
 3.41454887e+02  4.63856907e+01  3.41454887e+02  1.79999433e+02
 3.44085734e+02  4.63856907e+01  3.44085734e+02  1.79999429e+02
 3.46736850e+02  4.63856907e+01  3.46736850e+02  1.79999425e+02
 3.49408393e+02  4.63856907e+01  3.49408393e+02  1.79999420e+02
 3.52100520e+02  4.63856907e+01  3.52100520e+02  1.79999416e+02
 3.54813389e+02  4.63856907e+01  3.54813389e+02  1.79999411e+02
 3.57547160e+02  4.63856907e+01  3.57547160e+02  1.79999407e+02
 3.60301995e+02  4.63856907e+01  3.60301995e+02  1.79999402e+02
 3.63078055e+02  4.63856907e+01  3.63078055e+02  1.79999398e+02
 3.65875504e+02  4.63856907e+01  3.65875504e+02  1.79999393e+02
 3.68694506e+02  4.63856907e+01  3.68694506e+02  1.79999388e+02
 3.71535229e+02  4.63856907e+01  3.71535229e+02  1.79999384e+02
 3.74397839e+02  4.63856907e+01  3.74397839e+02  1.79999379e+02
 3.77282505e+02  4.63856907e+01  3.77282505e+02  1.79999374e+02
 3.80189396e+02  4.63856907e+01  3.80189396e+02  1.79999369e+02
 3.83118685e+02  4.63856907e+01  3.83118685e+02  1.79999364e+02
 3.86070543e+02  4.63856907e+01  3.86070543e+02  1.79999359e+02
 3.89045145e+02  4.63856907e+01  3.89045145e+02  1.79999355e+02
 3.92042666e+02  4.63856907e+01  3.92042666e+02  1.79999350e+02
 3.95063281e+02  4.63856907e+01  3.95063281e+02  1.79999345e+02
 3.98107171e+02  4.63856907e+01  3.98107171e+02  1.79999339e+02
 4.01174512e+02  4.63856907e+01  4.01174512e+02  1.79999334e+02
 4.04265487e+02  4.63856907e+01  4.04265487e+02  1.79999329e+02
 4.07380278e+02  4.63856907e+01  4.07380278e+02  1.79999324e+02
 4.10519067e+02  4.63856907e+01  4.10519067e+02  1.79999319e+02
 4.13682040e+02  4.63856907e+01  4.13682040e+02  1.79999314e+02
 4.16869383e+02  4.63856907e+01  4.16869383e+02  1.79999308e+02
 4.20081285e+02  4.63856907e+01  4.20081285e+02  1.79999303e+02
 4.23317933e+02  4.63856907e+01  4.23317933e+02  1.79999298e+02
 4.26579519e+02  4.63856907e+01  4.26579519e+02  1.79999292e+02
 4.29866235e+02  4.63856907e+01  4.29866235e+02  1.79999287e+02
 4.33178274e+02  4.63856907e+01  4.33178274e+02  1.79999281e+02
 4.36515832e+02  4.63856907e+01  4.36515832e+02  1.79999276e+02
 4.39879106e+02  4.63856907e+01  4.39879106e+02  1.79999270e+02
 4.43268292e+02  4.63856907e+01  4.43268292e+02  1.79999265e+02
 4.46683592e+02  4.63856907e+01  4.46683592e+02  1.79999259e+02
 4.50125206e+02  4.63856907e+01  4.50125206e+02  1.79999253e+02
 4.53593337e+02  4.63856907e+01  4.53593337e+02  1.79999247e+02
 4.57088190e+02  4.63856907e+01  4.57088190e+02  1.79999242e+02
 4.60609969e+02  4.63856907e+01  4.60609969e+02  1.79999236e+02
 4.64158883e+02  4.63856907e+01  4.64158883e+02  1.79999230e+02
 4.67735141e+02  4.63856907e+01  4.67735141e+02  1.79999224e+02
 4.71338954e+02  4.63856907e+01  4.71338954e+02  1.79999218e+02
 4.74970533e+02  4.63856907e+01  4.74970533e+02  1.79999212e+02
 4.78630092e+02  4.63856907e+01  4.78630092e+02  1.79999206e+02
 4.82317848e+02  4.63856907e+01  4.82317848e+02  1.79999200e+02
 4.86034018e+02  4.63856907e+01  4.86034018e+02  1.79999194e+02
 4.89778819e+02  4.63856907e+01  4.89778819e+02  1.79999187e+02
 4.93552474e+02  4.63856908e+01  4.93552474e+02  1.79999181e+02
 4.97355204e+02  4.63856908e+01  4.97355204e+02  1.79999175e+02
 5.01187234e+02  4.63856908e+01  5.01187234e+02  1.79999168e+02
 5.05048788e+02  4.63856908e+01  5.05048788e+02  1.79999162e+02
 5.08940095e+02  4.63856908e+01  5.08940095e+02  1.79999156e+02
 5.12861384e+02  4.63856908e+01  5.12861384e+02  1.79999149e+02
 5.16812886e+02  4.63856908e+01  5.16812886e+02  1.79999143e+02
 5.20794833e+02  4.63856908e+01  5.20794833e+02  1.79999136e+02
 5.24807460e+02  4.63856908e+01  5.24807460e+02  1.79999129e+02
 5.28851004e+02  4.63856908e+01  5.28851004e+02  1.79999123e+02
 5.32925703e+02  4.63856908e+01  5.32925703e+02  1.79999116e+02
 5.37031796e+02  4.63856908e+01  5.37031796e+02  1.79999109e+02
 5.41169527e+02  4.63856908e+01  5.41169527e+02  1.79999102e+02
 5.45339137e+02  4.63856908e+01  5.45339137e+02  1.79999095e+02
 5.49540874e+02  4.63856908e+01  5.49540874e+02  1.79999088e+02
 5.53774984e+02  4.63856908e+01  5.53774984e+02  1.79999081e+02
 5.58041717e+02  4.63856908e+01  5.58041717e+02  1.79999074e+02
 5.62341325e+02  4.63856908e+01  5.62341325e+02  1.79999067e+02
 5.66674061e+02  4.63856908e+01  5.66674061e+02  1.79999060e+02
 5.71040179e+02  4.63856908e+01  5.71040179e+02  1.79999053e+02
 5.75439937e+02  4.63856908e+01  5.75439937e+02  1.79999045e+02
 5.79873595e+02  4.63856908e+01  5.79873595e+02  1.79999038e+02
 5.84341413e+02  4.63856908e+01  5.84341413e+02  1.79999030e+02
 5.88843655e+02  4.63856908e+01  5.88843655e+02  1.79999023e+02
 5.93380586e+02  4.63856908e+01  5.93380586e+02  1.79999015e+02
 5.97952473e+02  4.63856908e+01  5.97952473e+02  1.79999008e+02
 6.02559586e+02  4.63856908e+01  6.02559586e+02  1.79999000e+02
 6.07202196e+02  4.63856908e+01  6.07202196e+02  1.79998993e+02
 6.11880576e+02  4.63856909e+01  6.11880576e+02  1.79998985e+02
 6.16595002e+02  4.63856909e+01  6.16595002e+02  1.79998977e+02
 6.21345752e+02  4.63856909e+01  6.21345752e+02  1.79998969e+02
 6.26133105e+02  4.63856909e+01  6.26133105e+02  1.79998961e+02
 6.30957344e+02  4.63856909e+01  6.30957344e+02  1.79998953e+02
 6.35818754e+02  4.63856909e+01  6.35818754e+02  1.79998945e+02
 6.40717619e+02  4.63856909e+01  6.40717619e+02  1.79998937e+02
 6.45654229e+02  4.63856909e+01  6.45654229e+02  1.79998929e+02
 6.50628875e+02  4.63856909e+01  6.50628875e+02  1.79998921e+02
 6.55641849e+02  4.63856909e+01  6.55641849e+02  1.79998912e+02
 6.60693448e+02  4.63856909e+01  6.60693448e+02  1.79998904e+02
 6.65783968e+02  4.63856909e+01  6.65783968e+02  1.79998895e+02
 6.70913710e+02  4.63856909e+01  6.70913710e+02  1.79998887e+02
 6.76082975e+02  4.63856909e+01  6.76082975e+02  1.79998878e+02
 6.81292069e+02  4.63856909e+01  6.81292069e+02  1.79998870e+02
 6.86541298e+02  4.63856909e+01  6.86541298e+02  1.79998861e+02
 6.91830971e+02  4.63856909e+01  6.91830971e+02  1.79998852e+02
 6.97161400e+02  4.63856909e+01  6.97161400e+02  1.79998843e+02
 7.02532899e+02  4.63856909e+01  7.02532899e+02  1.79998834e+02
 7.07945784e+02  4.63856910e+01  7.07945784e+02  1.79998825e+02
 7.13400375e+02  4.63856910e+01  7.13400375e+02  1.79998816e+02
 7.18896992e+02  4.63856910e+01  7.18896992e+02  1.79998807e+02
 7.24435960e+02  4.63856910e+01  7.24435960e+02  1.79998798e+02
 7.30017605e+02  4.63856910e+01  7.30017605e+02  1.79998789e+02
 7.35642254e+02  4.63856910e+01  7.35642254e+02  1.79998779e+02
 7.41310241e+02  4.63856910e+01  7.41310241e+02  1.79998770e+02
 7.47021899e+02  4.63856910e+01  7.47021899e+02  1.79998761e+02
 7.52777564e+02  4.63856910e+01  7.52777564e+02  1.79998751e+02
 7.58577575e+02  4.63856910e+01  7.58577575e+02  1.79998741e+02
 7.64422274e+02  4.63856910e+01  7.64422274e+02  1.79998732e+02
 7.70312006e+02  4.63856910e+01  7.70312006e+02  1.79998722e+02
 7.76247117e+02  4.63856910e+01  7.76247117e+02  1.79998712e+02
 7.82227956e+02  4.63856910e+01  7.82227956e+02  1.79998702e+02
 7.88254877e+02  4.63856910e+01  7.88254877e+02  1.79998692e+02
 7.94328235e+02  4.63856911e+01  7.94328235e+02  1.79998682e+02
 8.00448386e+02  4.63856911e+01  8.00448386e+02  1.79998672e+02
 8.06615692e+02  4.63856911e+01  8.06615692e+02  1.79998662e+02
 8.12830516e+02  4.63856911e+01  8.12830516e+02  1.79998651e+02
 8.19093224e+02  4.63856911e+01  8.19093224e+02  1.79998641e+02
 8.25404185e+02  4.63856911e+01  8.25404185e+02  1.79998631e+02
 8.31763771e+02  4.63856911e+01  8.31763771e+02  1.79998620e+02
 8.38172356e+02  4.63856911e+01  8.38172356e+02  1.79998609e+02
 8.44630319e+02  4.63856911e+01  8.44630319e+02  1.79998599e+02
 8.51138038e+02  4.63856911e+01  8.51138038e+02  1.79998588e+02
 8.57695899e+02  4.63856911e+01  8.57695899e+02  1.79998577e+02
 8.64304286e+02  4.63856911e+01  8.64304286e+02  1.79998566e+02
 8.70963590e+02  4.63856912e+01  8.70963590e+02  1.79998555e+02
 8.77674203e+02  4.63856912e+01  8.77674203e+02  1.79998544e+02
 8.84436519e+02  4.63856912e+01  8.84436519e+02  1.79998533e+02
 8.91250938e+02  4.63856912e+01  8.91250938e+02  1.79998521e+02
 8.98117861e+02  4.63856912e+01  8.98117861e+02  1.79998510e+02
 9.05037692e+02  4.63856912e+01  9.05037692e+02  1.79998498e+02
 9.12010839e+02  4.63856912e+01  9.12010839e+02  1.79998487e+02
 9.19037713e+02  4.63856912e+01  9.19037713e+02  1.79998475e+02
 9.26118728e+02  4.63856912e+01  9.26118728e+02  1.79998463e+02
 9.33254301e+02  4.63856912e+01  9.33254301e+02  1.79998452e+02
 9.40444852e+02  4.63856912e+01  9.40444852e+02  1.79998440e+02
 9.47690805e+02  4.63856913e+01  9.47690805e+02  1.79998428e+02
 9.54992586e+02  4.63856913e+01  9.54992586e+02  1.79998416e+02
 9.62350626e+02  4.63856913e+01  9.62350626e+02  1.79998403e+02
 9.69765359e+02  4.63856913e+01  9.69765359e+02  1.79998391e+02
 9.77237221e+02  4.63856913e+01  9.77237221e+02  1.79998379e+02
 9.84766652e+02  4.63856913e+01  9.84766652e+02  1.79998366e+02
 9.92354096e+02  4.63856913e+01  9.92354096e+02  1.79998354e+02
 1.00000000e+03  4.63856913e+01  1.00000000e+03  1.79998341e+02
 1.00770481e+03  4.63856914e+01  1.00770481e+03  1.79998328e+02
 1.01546899e+03  4.63856914e+01  1.01546899e+03  1.79998315e+02
 1.02329299e+03  4.63856914e+01  1.02329299e+03  1.79998302e+02
 1.03117727e+03  4.63856914e+01  1.03117727e+03  1.79998289e+02
 1.03912230e+03  4.63856914e+01  1.03912230e+03  1.79998276e+02
 1.04712855e+03  4.63856914e+01  1.04712855e+03  1.79998263e+02
 1.05519648e+03  4.63856914e+01  1.05519648e+03  1.79998249e+02
 1.06332657e+03  4.63856914e+01  1.06332657e+03  1.79998236e+02
 1.07151931e+03  4.63856915e+01  1.07151931e+03  1.79998222e+02
 1.07977516e+03  4.63856915e+01  1.07977516e+03  1.79998208e+02
 1.08809463e+03  4.63856915e+01  1.08809463e+03  1.79998195e+02
 1.09647820e+03  4.63856915e+01  1.09647820e+03  1.79998181e+02
 1.10492636e+03  4.63856915e+01  1.10492636e+03  1.79998167e+02
 1.11343961e+03  4.63856915e+01  1.11343961e+03  1.79998153e+02
 1.12201845e+03  4.63856915e+01  1.12201845e+03  1.79998138e+02
 1.13066340e+03  4.63856916e+01  1.13066340e+03  1.79998124e+02
 1.13937495e+03  4.63856916e+01  1.13937495e+03  1.79998110e+02
 1.14815362e+03  4.63856916e+01  1.14815362e+03  1.79998095e+02
 1.15699993e+03  4.63856916e+01  1.15699993e+03  1.79998080e+02
 1.16591440e+03  4.63856916e+01  1.16591440e+03  1.79998066e+02
 1.17489755e+03  4.63856916e+01  1.17489755e+03  1.79998051e+02
 1.18394992e+03  4.63856916e+01  1.18394992e+03  1.79998036e+02
 1.19307204e+03  4.63856917e+01  1.19307204e+03  1.79998021e+02
 1.20226443e+03  4.63856917e+01  1.20226443e+03  1.79998005e+02
 1.21152766e+03  4.63856917e+01  1.21152766e+03  1.79997990e+02
 1.22086225e+03  4.63856917e+01  1.22086225e+03  1.79997974e+02
 1.23026877e+03  4.63856917e+01  1.23026877e+03  1.79997959e+02
 1.23974776e+03  4.63856918e+01  1.23974776e+03  1.79997943e+02
 1.24929979e+03  4.63856918e+01  1.24929979e+03  1.79997927e+02
 1.25892541e+03  4.63856918e+01  1.25892541e+03  1.79997911e+02
 1.26862520e+03  4.63856918e+01  1.26862520e+03  1.79997895e+02
 1.27839972e+03  4.63856918e+01  1.27839972e+03  1.79997879e+02
 1.28824955e+03  4.63856918e+01  1.28824955e+03  1.79997863e+02
 1.29817528e+03  4.63856919e+01  1.29817528e+03  1.79997846e+02
 1.30817747e+03  4.63856919e+01  1.30817747e+03  1.79997830e+02
 1.31825674e+03  4.63856919e+01  1.31825674e+03  1.79997813e+02
 1.32841366e+03  4.63856919e+01  1.32841366e+03  1.79997796e+02
 1.33864884e+03  4.63856920e+01  1.33864884e+03  1.79997779e+02
 1.34896288e+03  4.63856920e+01  1.34896288e+03  1.79997762e+02
 1.35935639e+03  4.63856920e+01  1.35935639e+03  1.79997745e+02
 1.36982998e+03  4.63856920e+01  1.36982998e+03  1.79997727e+02
 1.38038426e+03  4.63856920e+01  1.38038426e+03  1.79997710e+02
 1.39101987e+03  4.63856921e+01  1.39101987e+03  1.79997692e+02
 1.40173742e+03  4.63856921e+01  1.40173742e+03  1.79997674e+02
 1.41253754e+03  4.63856921e+01  1.41253754e+03  1.79997656e+02
 1.42342088e+03  4.63856921e+01  1.42342088e+03  1.79997638e+02
 1.43438808e+03  4.63856922e+01  1.43438808e+03  1.79997620e+02
 1.44543977e+03  4.63856922e+01  1.44543977e+03  1.79997602e+02
 1.45657662e+03  4.63856922e+01  1.45657662e+03  1.79997583e+02
 1.46779927e+03  4.63856922e+01  1.46779927e+03  1.79997565e+02
 1.47910839e+03  4.63856923e+01  1.47910839e+03  1.79997546e+02
 1.49050464e+03  4.63856923e+01  1.49050464e+03  1.79997527e+02
 1.50198870e+03  4.63856923e+01  1.50198870e+03  1.79997508e+02
 1.51356125e+03  4.63856923e+01  1.51356125e+03  1.79997489e+02
 1.52522296e+03  4.63856924e+01  1.52522296e+03  1.79997469e+02
 1.53697452e+03  4.63856924e+01  1.53697452e+03  1.79997450e+02
 1.54881662e+03  4.63856924e+01  1.54881662e+03  1.79997430e+02
 1.56074996e+03  4.63856925e+01  1.56074996e+03  1.79997410e+02
 1.57277525e+03  4.63856925e+01  1.57277525e+03  1.79997391e+02
 1.58489319e+03  4.63856925e+01  1.58489319e+03  1.79997370e+02
 1.59710450e+03  4.63856925e+01  1.59710450e+03  1.79997350e+02
 1.60940989e+03  4.63856926e+01  1.60940989e+03  1.79997330e+02
 1.62181010e+03  4.63856926e+01  1.62181010e+03  1.79997309e+02
 1.63430584e+03  4.63856926e+01  1.63430584e+03  1.79997288e+02
 1.64689787e+03  4.63856927e+01  1.64689787e+03  1.79997268e+02
 1.65958691e+03  4.63856927e+01  1.65958691e+03  1.79997247e+02
 1.67237372e+03  4.63856927e+01  1.67237372e+03  1.79997225e+02
 1.68525904e+03  4.63856928e+01  1.68525904e+03  1.79997204e+02
 1.69824365e+03  4.63856928e+01  1.69824365e+03  1.79997182e+02
 1.71132830e+03  4.63856928e+01  1.71132830e+03  1.79997161e+02
 1.72451377e+03  4.63856929e+01  1.72451377e+03  1.79997139e+02
 1.73780083e+03  4.63856929e+01  1.73780083e+03  1.79997117e+02
 1.75119026e+03  4.63856929e+01  1.75119026e+03  1.79997095e+02
 1.76468286e+03  4.63856930e+01  1.76468286e+03  1.79997072e+02
 1.77827941e+03  4.63856930e+01  1.77827941e+03  1.79997050e+02
 1.79198072e+03  4.63856931e+01  1.79198072e+03  1.79997027e+02
 1.80578760e+03  4.63856931e+01  1.80578760e+03  1.79997004e+02
 1.81970086e+03  4.63856931e+01  1.81970086e+03  1.79996981e+02
 1.83372132e+03  4.63856932e+01  1.83372132e+03  1.79996958e+02
 1.84784980e+03  4.63856932e+01  1.84784980e+03  1.79996934e+02
 1.86208714e+03  4.63856932e+01  1.86208714e+03  1.79996911e+02
 1.87643417e+03  4.63856933e+01  1.87643417e+03  1.79996887e+02
 1.89089175e+03  4.63856933e+01  1.89089175e+03  1.79996863e+02
 1.90546072e+03  4.63856934e+01  1.90546072e+03  1.79996839e+02
 1.92014194e+03  4.63856934e+01  1.92014194e+03  1.79996814e+02
 1.93493628e+03  4.63856935e+01  1.93493628e+03  1.79996790e+02
 1.94984460e+03  4.63856935e+01  1.94984460e+03  1.79996765e+02
 1.96486779e+03  4.63856936e+01  1.96486779e+03  1.79996740e+02
 1.98000673e+03  4.63856936e+01  1.98000673e+03  1.79996715e+02
 1.99526231e+03  4.63856936e+01  1.99526231e+03  1.79996690e+02
 2.01063544e+03  4.63856937e+01  2.01063544e+03  1.79996664e+02
 2.02612701e+03  4.63856937e+01  2.02612701e+03  1.79996638e+02
 2.04173794e+03  4.63856938e+01  2.04173794e+03  1.79996612e+02
 2.05746916e+03  4.63856938e+01  2.05746916e+03  1.79996586e+02
 2.07332157e+03  4.63856939e+01  2.07332157e+03  1.79996560e+02
 2.08929613e+03  4.63856939e+01  2.08929613e+03  1.79996534e+02
 2.10539377e+03  4.63856940e+01  2.10539377e+03  1.79996507e+02
 2.12161544e+03  4.63856940e+01  2.12161544e+03  1.79996480e+02
 2.13796209e+03  4.63856941e+01  2.13796209e+03  1.79996453e+02
 2.15443469e+03  4.63856942e+01  2.15443469e+03  1.79996425e+02
 2.17103421e+03  4.63856942e+01  2.17103421e+03  1.79996398e+02
 2.18776162e+03  4.63856943e+01  2.18776162e+03  1.79996370e+02
 2.20461792e+03  4.63856943e+01  2.20461792e+03  1.79996342e+02
 2.22160409e+03  4.63856944e+01  2.22160409e+03  1.79996314e+02
 2.23872114e+03  4.63856944e+01  2.23872114e+03  1.79996286e+02
 2.25597007e+03  4.63856945e+01  2.25597007e+03  1.79996257e+02
 2.27335190e+03  4.63856946e+01  2.27335190e+03  1.79996228e+02
 2.29086765e+03  4.63856946e+01  2.29086765e+03  1.79996199e+02
 2.30851836e+03  4.63856947e+01  2.30851836e+03  1.79996170e+02
 2.32630507e+03  4.63856948e+01  2.32630507e+03  1.79996140e+02
 2.34422882e+03  4.63856948e+01  2.34422882e+03  1.79996111e+02
 2.36229066e+03  4.63856949e+01  2.36229066e+03  1.79996081e+02
 2.38049167e+03  4.63856950e+01  2.38049167e+03  1.79996050e+02
 2.39883292e+03  4.63856950e+01  2.39883292e+03  1.79996020e+02
 2.41731548e+03  4.63856951e+01  2.41731548e+03  1.79995989e+02
 2.43594045e+03  4.63856952e+01  2.43594045e+03  1.79995958e+02
 2.45470892e+03  4.63856952e+01  2.45470892e+03  1.79995927e+02
 2.47362199e+03  4.63856953e+01  2.47362199e+03  1.79995896e+02
 2.49268079e+03  4.63856954e+01  2.49268079e+03  1.79995864e+02
 2.51188643e+03  4.63856955e+01  2.51188643e+03  1.79995832e+02
 2.53124005e+03  4.63856955e+01  2.53124005e+03  1.79995800e+02
 2.55074278e+03  4.63856956e+01  2.55074278e+03  1.79995768e+02
 2.57039578e+03  4.63856957e+01  2.57039578e+03  1.79995735e+02
 2.59020020e+03  4.63856958e+01  2.59020020e+03  1.79995702e+02
 2.61015722e+03  4.63856958e+01  2.61015722e+03  1.79995669e+02
 2.63026799e+03  4.63856959e+01  2.63026799e+03  1.79995636e+02
 2.65053372e+03  4.63856960e+01  2.65053372e+03  1.79995602e+02
 2.67095559e+03  4.63856961e+01  2.67095559e+03  1.79995568e+02
 2.69153480e+03  4.63856962e+01  2.69153480e+03  1.79995534e+02
 2.71227258e+03  4.63856963e+01  2.71227258e+03  1.79995500e+02
 2.73317014e+03  4.63856963e+01  2.73317014e+03  1.79995465e+02
 2.75422870e+03  4.63856964e+01  2.75422870e+03  1.79995430e+02
 2.77544952e+03  4.63856965e+01  2.77544952e+03  1.79995395e+02
 2.79683385e+03  4.63856966e+01  2.79683385e+03  1.79995360e+02
 2.81838293e+03  4.63856967e+01  2.81838293e+03  1.79995324e+02
 2.84009805e+03  4.63856968e+01  2.84009805e+03  1.79995288e+02
 2.86198048e+03  4.63856969e+01  2.86198048e+03  1.79995252e+02
 2.88403150e+03  4.63856970e+01  2.88403150e+03  1.79995215e+02
 2.90625243e+03  4.63856971e+01  2.90625243e+03  1.79995178e+02
 2.92864456e+03  4.63856972e+01  2.92864456e+03  1.79995141e+02
 2.95120923e+03  4.63856973e+01  2.95120923e+03  1.79995104e+02
 2.97394775e+03  4.63856974e+01  2.97394775e+03  1.79995066e+02
 2.99686146e+03  4.63856975e+01  2.99686146e+03  1.79995028e+02
 3.01995172e+03  4.63856976e+01  3.01995172e+03  1.79994989e+02
 3.04321989e+03  4.63856977e+01  3.04321989e+03  1.79994951e+02
 3.06666733e+03  4.63856978e+01  3.06666733e+03  1.79994912e+02
 3.09029543e+03  4.63856980e+01  3.09029543e+03  1.79994873e+02
 3.11410558e+03  4.63856981e+01  3.11410558e+03  1.79994833e+02
 3.13809919e+03  4.63856982e+01  3.13809919e+03  1.79994793e+02
 3.16227766e+03  4.63856983e+01  3.16227766e+03  1.79994753e+02
 3.18664242e+03  4.63856984e+01  3.18664242e+03  1.79994713e+02
 3.21119491e+03  4.63856985e+01  3.21119491e+03  1.79994672e+02
 3.23593657e+03  4.63856987e+01  3.23593657e+03  1.79994631e+02
 3.26086886e+03  4.63856988e+01  3.26086886e+03  1.79994590e+02
 3.28599325e+03  4.63856989e+01  3.28599325e+03  1.79994548e+02
 3.31131121e+03  4.63856991e+01  3.31131121e+03  1.79994506e+02
 3.33682425e+03  4.63856992e+01  3.33682425e+03  1.79994464e+02
 3.36253386e+03  4.63856993e+01  3.36253386e+03  1.79994421e+02
 3.38844156e+03  4.63856995e+01  3.38844156e+03  1.79994378e+02
 3.41454887e+03  4.63856996e+01  3.41454887e+03  1.79994335e+02
 3.44085734e+03  4.63856997e+01  3.44085734e+03  1.79994291e+02
 3.46736850e+03  4.63856999e+01  3.46736850e+03  1.79994247e+02
 3.49408393e+03  4.63857000e+01  3.49408393e+03  1.79994203e+02
 3.52100520e+03  4.63857002e+01  3.52100520e+03  1.79994158e+02
 3.54813389e+03  4.63857003e+01  3.54813389e+03  1.79994113e+02
 3.57547160e+03  4.63857005e+01  3.57547160e+03  1.79994068e+02
 3.60301995e+03  4.63857006e+01  3.60301995e+03  1.79994022e+02
 3.63078055e+03  4.63857008e+01  3.63078055e+03  1.79993976e+02
 3.65875504e+03  4.63857009e+01  3.65875504e+03  1.79993930e+02
 3.68694506e+03  4.63857011e+01  3.68694506e+03  1.79993883e+02
 3.71535229e+03  4.63857013e+01  3.71535229e+03  1.79993836e+02
 3.74397839e+03  4.63857014e+01  3.74397839e+03  1.79993788e+02
 3.77282505e+03  4.63857016e+01  3.77282505e+03  1.79993740e+02
 3.80189396e+03  4.63857018e+01  3.80189396e+03  1.79993692e+02
 3.83118685e+03  4.63857019e+01  3.83118685e+03  1.79993643e+02
 3.86070543e+03  4.63857021e+01  3.86070543e+03  1.79993595e+02
 3.89045145e+03  4.63857023e+01  3.89045145e+03  1.79993545e+02
 3.92042666e+03  4.63857025e+01  3.92042666e+03  1.79993495e+02
 3.95063281e+03  4.63857026e+01  3.95063281e+03  1.79993445e+02
 3.98107171e+03  4.63857028e+01  3.98107171e+03  1.79993395e+02
 4.01174512e+03  4.63857030e+01  4.01174512e+03  1.79993344e+02
 4.04265487e+03  4.63857032e+01  4.04265487e+03  1.79993293e+02
 4.07380278e+03  4.63857034e+01  4.07380278e+03  1.79993241e+02
 4.10519067e+03  4.63857036e+01  4.10519067e+03  1.79993189e+02
 4.13682040e+03  4.63857038e+01  4.13682040e+03  1.79993136e+02
 4.16869383e+03  4.63857040e+01  4.16869383e+03  1.79993084e+02
 4.20081285e+03  4.63857042e+01  4.20081285e+03  1.79993030e+02
 4.23317933e+03  4.63857044e+01  4.23317933e+03  1.79992977e+02
 4.26579519e+03  4.63857047e+01  4.26579519e+03  1.79992922e+02
 4.29866235e+03  4.63857049e+01  4.29866235e+03  1.79992868e+02
 4.33178274e+03  4.63857051e+01  4.33178274e+03  1.79992813e+02
 4.36515832e+03  4.63857053e+01  4.36515832e+03  1.79992758e+02
 4.39879106e+03  4.63857055e+01  4.39879106e+03  1.79992702e+02
 4.43268292e+03  4.63857058e+01  4.43268292e+03  1.79992646e+02
 4.46683592e+03  4.63857060e+01  4.46683592e+03  1.79992589e+02
 4.50125206e+03  4.63857063e+01  4.50125206e+03  1.79992532e+02
 4.53593337e+03  4.63857065e+01  4.53593337e+03  1.79992474e+02
 4.57088190e+03  4.63857067e+01  4.57088190e+03  1.79992416e+02
 4.60609969e+03  4.63857070e+01  4.60609969e+03  1.79992358e+02
 4.64158883e+03  4.63857072e+01  4.64158883e+03  1.79992299e+02
 4.67735141e+03  4.63857075e+01  4.67735141e+03  1.79992240e+02
 4.71338954e+03  4.63857078e+01  4.71338954e+03  1.79992180e+02
 4.74970533e+03  4.63857080e+01  4.74970533e+03  1.79992120e+02
 4.78630092e+03  4.63857083e+01  4.78630092e+03  1.79992059e+02
 4.82317848e+03  4.63857086e+01  4.82317848e+03  1.79991998e+02
 4.86034018e+03  4.63857089e+01  4.86034018e+03  1.79991936e+02
 4.89778819e+03  4.63857091e+01  4.89778819e+03  1.79991874e+02
 4.93552474e+03  4.63857094e+01  4.93552474e+03  1.79991811e+02
 4.97355204e+03  4.63857097e+01  4.97355204e+03  1.79991748e+02
 5.01187234e+03  4.63857100e+01  5.01187234e+03  1.79991685e+02
 5.05048788e+03  4.63857103e+01  5.05048788e+03  1.79991620e+02
 5.08940095e+03  4.63857106e+01  5.08940095e+03  1.79991556e+02
 5.12861384e+03  4.63857109e+01  5.12861384e+03  1.79991491e+02
 5.16812886e+03  4.63857112e+01  5.16812886e+03  1.79991425e+02
 5.20794833e+03  4.63857116e+01  5.20794833e+03  1.79991359e+02
 5.24807460e+03  4.63857119e+01  5.24807460e+03  1.79991293e+02
 5.28851004e+03  4.63857122e+01  5.28851004e+03  1.79991226e+02
 5.32925703e+03  4.63857126e+01  5.32925703e+03  1.79991158e+02
 5.37031796e+03  4.63857129e+01  5.37031796e+03  1.79991090e+02
 5.41169527e+03  4.63857132e+01  5.41169527e+03  1.79991021e+02
 5.45339137e+03  4.63857136e+01  5.45339137e+03  1.79990952e+02
 5.49540874e+03  4.63857140e+01  5.49540874e+03  1.79990882e+02
 5.53774984e+03  4.63857143e+01  5.53774984e+03  1.79990812e+02
 5.58041717e+03  4.63857147e+01  5.58041717e+03  1.79990741e+02
 5.62341325e+03  4.63857151e+01  5.62341325e+03  1.79990670e+02
 5.66674061e+03  4.63857154e+01  5.66674061e+03  1.79990598e+02
 5.71040179e+03  4.63857158e+01  5.71040179e+03  1.79990526e+02
 5.75439937e+03  4.63857162e+01  5.75439937e+03  1.79990453e+02
 5.79873595e+03  4.63857166e+01  5.79873595e+03  1.79990379e+02
 5.84341413e+03  4.63857170e+01  5.84341413e+03  1.79990305e+02
 5.88843655e+03  4.63857174e+01  5.88843655e+03  1.79990230e+02
 5.93380586e+03  4.63857178e+01  5.93380586e+03  1.79990155e+02
 5.97952473e+03  4.63857183e+01  5.97952473e+03  1.79990079e+02
 6.02559586e+03  4.63857187e+01  6.02559586e+03  1.79990003e+02
 6.07202196e+03  4.63857191e+01  6.07202196e+03  1.79989926e+02
 6.11880576e+03  4.63857196e+01  6.11880576e+03  1.79989848e+02
 6.16595002e+03  4.63857200e+01  6.16595002e+03  1.79989770e+02
 6.21345752e+03  4.63857205e+01  6.21345752e+03  1.79989691e+02
 6.26133105e+03  4.63857209e+01  6.26133105e+03  1.79989611e+02
 6.30957344e+03  4.63857214e+01  6.30957344e+03  1.79989531e+02
 6.35818754e+03  4.63857219e+01  6.35818754e+03  1.79989451e+02
 6.40717619e+03  4.63857224e+01  6.40717619e+03  1.79989369e+02
 6.45654229e+03  4.63857228e+01  6.45654229e+03  1.79989288e+02
 6.50628875e+03  4.63857233e+01  6.50628875e+03  1.79989205e+02
 6.55641849e+03  4.63857239e+01  6.55641849e+03  1.79989122e+02
 6.60693448e+03  4.63857244e+01  6.60693448e+03  1.79989038e+02
 6.65783968e+03  4.63857249e+01  6.65783968e+03  1.79988954e+02
 6.70913710e+03  4.63857254e+01  6.70913710e+03  1.79988868e+02
 6.76082975e+03  4.63857260e+01  6.76082975e+03  1.79988783e+02
 6.81292069e+03  4.63857265e+01  6.81292069e+03  1.79988696e+02
 6.86541298e+03  4.63857271e+01  6.86541298e+03  1.79988609e+02
 6.91830971e+03  4.63857276e+01  6.91830971e+03  1.79988521e+02
 6.97161400e+03  4.63857282e+01  6.97161400e+03  1.79988433e+02
 7.02532899e+03  4.63857288e+01  7.02532899e+03  1.79988344e+02
 7.07945784e+03  4.63857294e+01  7.07945784e+03  1.79988254e+02
 7.13400375e+03  4.63857300e+01  7.13400375e+03  1.79988164e+02
 7.18896992e+03  4.63857306e+01  7.18896992e+03  1.79988072e+02
 7.24435960e+03  4.63857312e+01  7.24435960e+03  1.79987980e+02
 7.30017605e+03  4.63857318e+01  7.30017605e+03  1.79987888e+02
 7.35642254e+03  4.63857325e+01  7.35642254e+03  1.79987795e+02
 7.41310241e+03  4.63857331e+01  7.41310241e+03  1.79987700e+02
 7.47021899e+03  4.63857338e+01  7.47021899e+03  1.79987606e+02
 7.52777564e+03  4.63857344e+01  7.52777564e+03  1.79987510e+02
 7.58577575e+03  4.63857351e+01  7.58577575e+03  1.79987414e+02
 7.64422274e+03  4.63857358e+01  7.64422274e+03  1.79987317e+02
 7.70312006e+03  4.63857365e+01  7.70312006e+03  1.79987219e+02
 7.76247117e+03  4.63857372e+01  7.76247117e+03  1.79987121e+02
 7.82227956e+03  4.63857379e+01  7.82227956e+03  1.79987022e+02
 7.88254877e+03  4.63857387e+01  7.88254877e+03  1.79986922e+02
 7.94328235e+03  4.63857394e+01  7.94328235e+03  1.79986821e+02
 8.00448386e+03  4.63857402e+01  8.00448386e+03  1.79986719e+02
 8.06615692e+03  4.63857409e+01  8.06615692e+03  1.79986617e+02
 8.12830516e+03  4.63857417e+01  8.12830516e+03  1.79986514e+02
 8.19093224e+03  4.63857425e+01  8.19093224e+03  1.79986410e+02
 8.25404185e+03  4.63857433e+01  8.25404185e+03  1.79986305e+02
 8.31763771e+03  4.63857441e+01  8.31763771e+03  1.79986200e+02
 8.38172356e+03  4.63857450e+01  8.38172356e+03  1.79986093e+02
 8.44630319e+03  4.63857458e+01  8.44630319e+03  1.79985986e+02
 8.51138038e+03  4.63857467e+01  8.51138038e+03  1.79985878e+02
 8.57695899e+03  4.63857475e+01  8.57695899e+03  1.79985769e+02
 8.64304286e+03  4.63857484e+01  8.64304286e+03  1.79985660e+02
 8.70963590e+03  4.63857493e+01  8.70963590e+03  1.79985549e+02
 8.77674203e+03  4.63857502e+01  8.77674203e+03  1.79985438e+02
 8.84436519e+03  4.63857511e+01  8.84436519e+03  1.79985326e+02
 8.91250938e+03  4.63857521e+01  8.91250938e+03  1.79985213e+02
 8.98117861e+03  4.63857530e+01  8.98117861e+03  1.79985099e+02
 9.05037692e+03  4.63857540e+01  9.05037692e+03  1.79984984e+02
 9.12010839e+03  4.63857550e+01  9.12010839e+03  1.79984868e+02
 9.19037713e+03  4.63857560e+01  9.19037713e+03  1.79984752e+02
 9.26118728e+03  4.63857570e+01  9.26118728e+03  1.79984634e+02
 9.33254301e+03  4.63857580e+01  9.33254301e+03  1.79984516e+02
 9.40444852e+03  4.63857591e+01  9.40444852e+03  1.79984396e+02
 9.47690805e+03  4.63857601e+01  9.47690805e+03  1.79984276e+02
 9.54992586e+03  4.63857612e+01  9.54992586e+03  1.79984155e+02
 9.62350626e+03  4.63857623e+01  9.62350626e+03  1.79984033e+02
 9.69765359e+03  4.63857634e+01  9.69765359e+03  1.79983910e+02
 9.77237221e+03  4.63857645e+01  9.77237221e+03  1.79983786e+02
 9.84766652e+03  4.63857657e+01  9.84766652e+03  1.79983661e+02
 9.92354096e+03  4.63857668e+01  9.92354096e+03  1.79983535e+02
 1.00000000e+04  4.63857680e+01  1.00000000e+04  1.79983408e+02
 1.00770481e+04  4.63857692e+01  1.00770481e+04  1.79983280e+02
 1.01546899e+04  4.63857704e+01  1.01546899e+04  1.79983152e+02
 1.02329299e+04  4.63857717e+01  1.02329299e+04  1.79983022e+02
 1.03117727e+04  4.63857729e+01  1.03117727e+04  1.79982891e+02
 1.03912230e+04  4.63857742e+01  1.03912230e+04  1.79982759e+02
 1.04712855e+04  4.63857755e+01  1.04712855e+04  1.79982626e+02
 1.05519648e+04  4.63857768e+01  1.05519648e+04  1.79982492e+02
 1.06332657e+04  4.63857781e+01  1.06332657e+04  1.79982358e+02
 1.07151931e+04  4.63857795e+01  1.07151931e+04  1.79982222e+02
 1.07977516e+04  4.63857808e+01  1.07977516e+04  1.79982085e+02
 1.08809463e+04  4.63857822e+01  1.08809463e+04  1.79981947e+02
 1.09647820e+04  4.63857837e+01  1.09647820e+04  1.79981807e+02
 1.10492636e+04  4.63857851e+01  1.10492636e+04  1.79981667e+02
 1.11343961e+04  4.63857866e+01  1.11343961e+04  1.79981526e+02
 1.12201845e+04  4.63857881e+01  1.12201845e+04  1.79981384e+02
 1.13066340e+04  4.63857896e+01  1.13066340e+04  1.79981240e+02
 1.13937495e+04  4.63857911e+01  1.13937495e+04  1.79981096e+02
 1.14815362e+04  4.63857926e+01  1.14815362e+04  1.79980950e+02
 1.15699993e+04  4.63857942e+01  1.15699993e+04  1.79980803e+02
 1.16591440e+04  4.63857958e+01  1.16591440e+04  1.79980655e+02
 1.17489755e+04  4.63857975e+01  1.17489755e+04  1.79980506e+02
 1.18394992e+04  4.63857991e+01  1.18394992e+04  1.79980356e+02
 1.19307204e+04  4.63858008e+01  1.19307204e+04  1.79980205e+02
 1.20226443e+04  4.63858025e+01  1.20226443e+04  1.79980052e+02
 1.21152766e+04  4.63858042e+01  1.21152766e+04  1.79979899e+02
 1.22086225e+04  4.63858060e+01  1.22086225e+04  1.79979744e+02
 1.23026877e+04  4.63858078e+01  1.23026877e+04  1.79979588e+02
 1.23974776e+04  4.63858096e+01  1.23974776e+04  1.79979430e+02
 1.24929979e+04  4.63858114e+01  1.24929979e+04  1.79979272e+02
 1.25892541e+04  4.63858133e+01  1.25892541e+04  1.79979112e+02
 1.26862520e+04  4.63858152e+01  1.26862520e+04  1.79978951e+02
 1.27839972e+04  4.63858171e+01  1.27839972e+04  1.79978789e+02
 1.28824955e+04  4.63858191e+01  1.28824955e+04  1.79978626e+02
 1.29817528e+04  4.63858211e+01  1.29817528e+04  1.79978461e+02
 1.30817747e+04  4.63858231e+01  1.30817747e+04  1.79978295e+02
 1.31825674e+04  4.63858251e+01  1.31825674e+04  1.79978128e+02
 1.32841366e+04  4.63858272e+01  1.32841366e+04  1.79977959e+02
 1.33864884e+04  4.63858293e+01  1.33864884e+04  1.79977789e+02
 1.34896288e+04  4.63858315e+01  1.34896288e+04  1.79977618e+02
 1.35935639e+04  4.63858337e+01  1.35935639e+04  1.79977446e+02
 1.36982998e+04  4.63858359e+01  1.36982998e+04  1.79977272e+02
 1.38038426e+04  4.63858381e+01  1.38038426e+04  1.79977097e+02
 1.39101987e+04  4.63858404e+01  1.39101987e+04  1.79976920e+02
 1.40173742e+04  4.63858427e+01  1.40173742e+04  1.79976742e+02
 1.41253754e+04  4.63858451e+01  1.41253754e+04  1.79976563e+02
 1.42342088e+04  4.63858475e+01  1.42342088e+04  1.79976383e+02
 1.43438808e+04  4.63858499e+01  1.43438808e+04  1.79976201e+02
 1.44543977e+04  4.63858524e+01  1.44543977e+04  1.79976017e+02
 1.45657662e+04  4.63858549e+01  1.45657662e+04  1.79975832e+02
 1.46779927e+04  4.63858574e+01  1.46779927e+04  1.79975646e+02
 1.47910839e+04  4.63858600e+01  1.47910839e+04  1.79975459e+02
 1.49050464e+04  4.63858626e+01  1.49050464e+04  1.79975269e+02
 1.50198870e+04  4.63858653e+01  1.50198870e+04  1.79975079e+02
 1.51356125e+04  4.63858680e+01  1.51356125e+04  1.79974887e+02
 1.52522296e+04  4.63858707e+01  1.52522296e+04  1.79974693e+02
 1.53697452e+04  4.63858735e+01  1.53697452e+04  1.79974498e+02
 1.54881662e+04  4.63858763e+01  1.54881662e+04  1.79974302e+02
 1.56074996e+04  4.63858792e+01  1.56074996e+04  1.79974104e+02
 1.57277525e+04  4.63858821e+01  1.57277525e+04  1.79973904e+02
 1.58489319e+04  4.63858851e+01  1.58489319e+04  1.79973703e+02
 1.59710450e+04  4.63858881e+01  1.59710450e+04  1.79973501e+02
 1.60940989e+04  4.63858911e+01  1.60940989e+04  1.79973296e+02
 1.62181010e+04  4.63858943e+01  1.62181010e+04  1.79973091e+02
 1.63430584e+04  4.63858974e+01  1.63430584e+04  1.79972883e+02
 1.64689787e+04  4.63859006e+01  1.64689787e+04  1.79972674e+02
 1.65958691e+04  4.63859038e+01  1.65958691e+04  1.79972464e+02
 1.67237372e+04  4.63859071e+01  1.67237372e+04  1.79972252e+02
 1.68525904e+04  4.63859105e+01  1.68525904e+04  1.79972038e+02
 1.69824365e+04  4.63859139e+01  1.69824365e+04  1.79971822e+02
 1.71132830e+04  4.63859174e+01  1.71132830e+04  1.79971605e+02
 1.72451377e+04  4.63859209e+01  1.72451377e+04  1.79971386e+02
 1.73780083e+04  4.63859244e+01  1.73780083e+04  1.79971166e+02
 1.75119026e+04  4.63859280e+01  1.75119026e+04  1.79970944e+02
 1.76468286e+04  4.63859317e+01  1.76468286e+04  1.79970720e+02
 1.77827941e+04  4.63859355e+01  1.77827941e+04  1.79970494e+02
 1.79198072e+04  4.63859392e+01  1.79198072e+04  1.79970267e+02
 1.80578760e+04  4.63859431e+01  1.80578760e+04  1.79970038e+02
 1.81970086e+04  4.63859470e+01  1.81970086e+04  1.79969807e+02
 1.83372132e+04  4.63859510e+01  1.83372132e+04  1.79969574e+02
 1.84784980e+04  4.63859550e+01  1.84784980e+04  1.79969340e+02
 1.86208714e+04  4.63859591e+01  1.86208714e+04  1.79969104e+02
 1.87643417e+04  4.63859632e+01  1.87643417e+04  1.79968866e+02
 1.89089175e+04  4.63859674e+01  1.89089175e+04  1.79968626e+02
 1.90546072e+04  4.63859717e+01  1.90546072e+04  1.79968384e+02
 1.92014194e+04  4.63859761e+01  1.92014194e+04  1.79968140e+02
 1.93493628e+04  4.63859805e+01  1.93493628e+04  1.79967895e+02
 1.94984460e+04  4.63859850e+01  1.94984460e+04  1.79967647e+02
 1.96486779e+04  4.63859895e+01  1.96486779e+04  1.79967398e+02
 1.98000673e+04  4.63859942e+01  1.98000673e+04  1.79967147e+02
 1.99526231e+04  4.63859989e+01  1.99526231e+04  1.79966894e+02
 2.01063544e+04  4.63860036e+01  2.01063544e+04  1.79966639e+02
 2.02612701e+04  4.63860085e+01  2.02612701e+04  1.79966381e+02
 2.04173794e+04  4.63860134e+01  2.04173794e+04  1.79966122e+02
 2.05746916e+04  4.63860184e+01  2.05746916e+04  1.79965861e+02
 2.07332157e+04  4.63860235e+01  2.07332157e+04  1.79965598e+02
 2.08929613e+04  4.63860286e+01  2.08929613e+04  1.79965333e+02
 2.10539377e+04  4.63860338e+01  2.10539377e+04  1.79965066e+02
 2.12161544e+04  4.63860391e+01  2.12161544e+04  1.79964797e+02
 2.13796209e+04  4.63860445e+01  2.13796209e+04  1.79964526e+02
 2.15443469e+04  4.63860500e+01  2.15443469e+04  1.79964252e+02
 2.17103421e+04  4.63860556e+01  2.17103421e+04  1.79963977e+02
 2.18776162e+04  4.63860612e+01  2.18776162e+04  1.79963699e+02
 2.20461792e+04  4.63860670e+01  2.20461792e+04  1.79963419e+02
 2.22160409e+04  4.63860728e+01  2.22160409e+04  1.79963138e+02
 2.23872114e+04  4.63860787e+01  2.23872114e+04  1.79962853e+02
 2.25597007e+04  4.63860847e+01  2.25597007e+04  1.79962567e+02
 2.27335190e+04  4.63860908e+01  2.27335190e+04  1.79962279e+02
 2.29086765e+04  4.63860970e+01  2.29086765e+04  1.79961988e+02
 2.30851836e+04  4.63861033e+01  2.30851836e+04  1.79961695e+02
 2.32630507e+04  4.63861097e+01  2.32630507e+04  1.79961400e+02
 2.34422882e+04  4.63861161e+01  2.34422882e+04  1.79961102e+02
 2.36229066e+04  4.63861227e+01  2.36229066e+04  1.79960803e+02
 2.38049167e+04  4.63861294e+01  2.38049167e+04  1.79960501e+02
 2.39883292e+04  4.63861362e+01  2.39883292e+04  1.79960196e+02
 2.41731548e+04  4.63861431e+01  2.41731548e+04  1.79959890e+02
 2.43594045e+04  4.63861501e+01  2.43594045e+04  1.79959580e+02
 2.45470892e+04  4.63861572e+01  2.45470892e+04  1.79959269e+02
 2.47362199e+04  4.63861644e+01  2.47362199e+04  1.79958955e+02
 2.49268079e+04  4.63861717e+01  2.49268079e+04  1.79958639e+02
 2.51188643e+04  4.63861792e+01  2.51188643e+04  1.79958320e+02
 2.53124005e+04  4.63861867e+01  2.53124005e+04  1.79957999e+02
 2.55074278e+04  4.63861944e+01  2.55074278e+04  1.79957675e+02
 2.57039578e+04  4.63862022e+01  2.57039578e+04  1.79957349e+02
 2.59020020e+04  4.63862101e+01  2.59020020e+04  1.79957020e+02
 2.61015722e+04  4.63862182e+01  2.61015722e+04  1.79956689e+02
 2.63026799e+04  4.63862263e+01  2.63026799e+04  1.79956355e+02
 2.65053372e+04  4.63862346e+01  2.65053372e+04  1.79956019e+02
 2.67095559e+04  4.63862430e+01  2.67095559e+04  1.79955680e+02
 2.69153480e+04  4.63862516e+01  2.69153480e+04  1.79955338e+02
 2.71227258e+04  4.63862602e+01  2.71227258e+04  1.79954994e+02
 2.73317014e+04  4.63862691e+01  2.73317014e+04  1.79954647e+02
 2.75422870e+04  4.63862780e+01  2.75422870e+04  1.79954298e+02
 2.77544952e+04  4.63862871e+01  2.77544952e+04  1.79953946e+02
 2.79683385e+04  4.63862963e+01  2.79683385e+04  1.79953591e+02
 2.81838293e+04  4.63863057e+01  2.81838293e+04  1.79953233e+02
 2.84009805e+04  4.63863152e+01  2.84009805e+04  1.79952873e+02
 2.86198048e+04  4.63863249e+01  2.86198048e+04  1.79952509e+02
 2.88403150e+04  4.63863347e+01  2.88403150e+04  1.79952143e+02
 2.90625243e+04  4.63863447e+01  2.90625243e+04  1.79951775e+02
 2.92864456e+04  4.63863548e+01  2.92864456e+04  1.79951403e+02
 2.95120923e+04  4.63863651e+01  2.95120923e+04  1.79951028e+02
 2.97394775e+04  4.63863755e+01  2.97394775e+04  1.79950651e+02
 2.99686146e+04  4.63863861e+01  2.99686146e+04  1.79950271e+02
 3.01995172e+04  4.63863968e+01  3.01995172e+04  1.79949887e+02
 3.04321989e+04  4.63864078e+01  3.04321989e+04  1.79949501e+02
 3.06666733e+04  4.63864189e+01  3.06666733e+04  1.79949112e+02
 3.09029543e+04  4.63864301e+01  3.09029543e+04  1.79948720e+02
 3.11410558e+04  4.63864416e+01  3.11410558e+04  1.79948325e+02
 3.13809919e+04  4.63864532e+01  3.13809919e+04  1.79947926e+02
 3.16227766e+04  4.63864650e+01  3.16227766e+04  1.79947525e+02
 3.18664242e+04  4.63864770e+01  3.18664242e+04  1.79947121e+02
 3.21119491e+04  4.63864891e+01  3.21119491e+04  1.79946713e+02
 3.23593657e+04  4.63865015e+01  3.23593657e+04  1.79946302e+02
 3.26086886e+04  4.63865140e+01  3.26086886e+04  1.79945888e+02
 3.28599325e+04  4.63865268e+01  3.28599325e+04  1.79945471e+02
 3.31131121e+04  4.63865397e+01  3.31131121e+04  1.79945051e+02
 3.33682425e+04  4.63865528e+01  3.33682425e+04  1.79944628e+02
 3.36253386e+04  4.63865662e+01  3.36253386e+04  1.79944201e+02
 3.38844156e+04  4.63865797e+01  3.38844156e+04  1.79943771e+02
 3.41454887e+04  4.63865935e+01  3.41454887e+04  1.79943337e+02
 3.44085734e+04  4.63866074e+01  3.44085734e+04  1.79942901e+02
 3.46736850e+04  4.63866216e+01  3.46736850e+04  1.79942460e+02
 3.49408393e+04  4.63866360e+01  3.49408393e+04  1.79942017e+02
 3.52100520e+04  4.63866507e+01  3.52100520e+04  1.79941570e+02
 3.54813389e+04  4.63866655e+01  3.54813389e+04  1.79941120e+02
 3.57547160e+04  4.63866806e+01  3.57547160e+04  1.79940666e+02
 3.60301995e+04  4.63866959e+01  3.60301995e+04  1.79940209e+02
 3.63078055e+04  4.63867115e+01  3.63078055e+04  1.79939748e+02
 3.65875504e+04  4.63867272e+01  3.65875504e+04  1.79939283e+02
 3.68694506e+04  4.63867433e+01  3.68694506e+04  1.79938815e+02
 3.71535229e+04  4.63867596e+01  3.71535229e+04  1.79938344e+02
 3.74397839e+04  4.63867761e+01  3.74397839e+04  1.79937868e+02
 3.77282505e+04  4.63867929e+01  3.77282505e+04  1.79937389e+02
 3.80189396e+04  4.63868100e+01  3.80189396e+04  1.79936907e+02
 3.83118685e+04  4.63868273e+01  3.83118685e+04  1.79936420e+02
 3.86070543e+04  4.63868449e+01  3.86070543e+04  1.79935930e+02
 3.89045145e+04  4.63868627e+01  3.89045145e+04  1.79935436e+02
 3.92042666e+04  4.63868808e+01  3.92042666e+04  1.79934939e+02
 3.95063281e+04  4.63868993e+01  3.95063281e+04  1.79934437e+02
 3.98107171e+04  4.63869180e+01  3.98107171e+04  1.79933932e+02
 4.01174512e+04  4.63869370e+01  4.01174512e+04  1.79933423e+02
 4.04265487e+04  4.63869562e+01  4.04265487e+04  1.79932909e+02
 4.07380278e+04  4.63869758e+01  4.07380278e+04  1.79932392e+02
 4.10519067e+04  4.63869957e+01  4.10519067e+04  1.79931871e+02
 4.13682040e+04  4.63870159e+01  4.13682040e+04  1.79931346e+02
 4.16869383e+04  4.63870364e+01  4.16869383e+04  1.79930817e+02
 4.20081285e+04  4.63870572e+01  4.20081285e+04  1.79930283e+02
 4.23317933e+04  4.63870784e+01  4.23317933e+04  1.79929746e+02
 4.26579519e+04  4.63870998e+01  4.26579519e+04  1.79929204e+02
 4.29866235e+04  4.63871216e+01  4.29866235e+04  1.79928658e+02
 4.33178274e+04  4.63871438e+01  4.33178274e+04  1.79928108e+02
 4.36515832e+04  4.63871662e+01  4.36515832e+04  1.79927554e+02
 4.39879106e+04  4.63871891e+01  4.39879106e+04  1.79926996e+02
 4.43268292e+04  4.63872123e+01  4.43268292e+04  1.79926433e+02
 4.46683592e+04  4.63872358e+01  4.46683592e+04  1.79925866e+02
 4.50125206e+04  4.63872597e+01  4.50125206e+04  1.79925294e+02
 4.53593337e+04  4.63872840e+01  4.53593337e+04  1.79924718e+02
 4.57088190e+04  4.63873086e+01  4.57088190e+04  1.79924138e+02
 4.60609969e+04  4.63873337e+01  4.60609969e+04  1.79923553e+02
 4.64158883e+04  4.63873591e+01  4.64158883e+04  1.79922963e+02
 4.67735141e+04  4.63873849e+01  4.67735141e+04  1.79922369e+02
 4.71338954e+04  4.63874111e+01  4.71338954e+04  1.79921771e+02
 4.74970533e+04  4.63874377e+01  4.74970533e+04  1.79921168e+02
 4.78630092e+04  4.63874648e+01  4.78630092e+04  1.79920560e+02
 4.82317848e+04  4.63874922e+01  4.82317848e+04  1.79919947e+02
 4.86034018e+04  4.63875201e+01  4.86034018e+04  1.79919330e+02
 4.89778819e+04  4.63875484e+01  4.89778819e+04  1.79918708e+02
 4.93552474e+04  4.63875771e+01  4.93552474e+04  1.79918081e+02
 4.97355204e+04  4.63876063e+01  4.97355204e+04  1.79917450e+02
 5.01187234e+04  4.63876359e+01  5.01187234e+04  1.79916813e+02
 5.05048788e+04  4.63876660e+01  5.05048788e+04  1.79916172e+02
 5.08940095e+04  4.63876966e+01  5.08940095e+04  1.79915525e+02
 5.12861384e+04  4.63877276e+01  5.12861384e+04  1.79914874e+02
 5.16812886e+04  4.63877591e+01  5.16812886e+04  1.79914217e+02
 5.20794833e+04  4.63877912e+01  5.20794833e+04  1.79913556e+02
 5.24807460e+04  4.63878237e+01  5.24807460e+04  1.79912889e+02
 5.28851004e+04  4.63878567e+01  5.28851004e+04  1.79912218e+02
 5.32925703e+04  4.63878901e+01  5.32925703e+04  1.79911541e+02
 5.37031796e+04  4.63879242e+01  5.37031796e+04  1.79910858e+02
 5.41169527e+04  4.63879587e+01  5.41169527e+04  1.79910171e+02
 5.45339137e+04  4.63879938e+01  5.45339137e+04  1.79909478e+02
 5.49540874e+04  4.63880295e+01  5.49540874e+04  1.79908780e+02
 5.53774984e+04  4.63880657e+01  5.53774984e+04  1.79908077e+02
 5.58041717e+04  4.63881024e+01  5.58041717e+04  1.79907368e+02
 5.62341325e+04  4.63881397e+01  5.62341325e+04  1.79906653e+02
 5.66674061e+04  4.63881776e+01  5.66674061e+04  1.79905933e+02
 5.71040179e+04  4.63882161e+01  5.71040179e+04  1.79905208e+02
 5.75439937e+04  4.63882552e+01  5.75439937e+04  1.79904477e+02
 5.79873595e+04  4.63882948e+01  5.79873595e+04  1.79903740e+02
 5.84341413e+04  4.63883351e+01  5.84341413e+04  1.79902998e+02
 5.88843655e+04  4.63883760e+01  5.88843655e+04  1.79902249e+02
 5.93380586e+04  4.63884176e+01  5.93380586e+04  1.79901495e+02
 5.97952473e+04  4.63884598e+01  5.97952473e+04  1.79900736e+02
 6.02559586e+04  4.63885026e+01  6.02559586e+04  1.79899970e+02
 6.07202196e+04  4.63885461e+01  6.07202196e+04  1.79899198e+02
 6.11880576e+04  4.63885903e+01  6.11880576e+04  1.79898421e+02
 6.16595002e+04  4.63886352e+01  6.16595002e+04  1.79897637e+02
 6.21345752e+04  4.63886807e+01  6.21345752e+04  1.79896848e+02
 6.26133105e+04  4.63887270e+01  6.26133105e+04  1.79896052e+02
 6.30957344e+04  4.63887740e+01  6.30957344e+04  1.79895250e+02
 6.35818754e+04  4.63888217e+01  6.35818754e+04  1.79894442e+02
 6.40717619e+04  4.63888701e+01  6.40717619e+04  1.79893627e+02
 6.45654229e+04  4.63889193e+01  6.45654229e+04  1.79892807e+02
 6.50628875e+04  4.63889693e+01  6.50628875e+04  1.79891980e+02
 6.55641849e+04  4.63890200e+01  6.55641849e+04  1.79891146e+02
 6.60693448e+04  4.63890715e+01  6.60693448e+04  1.79890307e+02
 6.65783968e+04  4.63891238e+01  6.65783968e+04  1.79889460e+02
 6.70913710e+04  4.63891770e+01  6.70913710e+04  1.79888607e+02
 6.76082975e+04  4.63892309e+01  6.76082975e+04  1.79887748e+02
 6.81292069e+04  4.63892857e+01  6.81292069e+04  1.79886882e+02
 6.86541298e+04  4.63893413e+01  6.86541298e+04  1.79886009e+02
 6.91830971e+04  4.63893978e+01  6.91830971e+04  1.79885129e+02
 6.97161400e+04  4.63894552e+01  6.97161400e+04  1.79884243e+02
 7.02532899e+04  4.63895134e+01  7.02532899e+04  1.79883350e+02
 7.07945784e+04  4.63895725e+01  7.07945784e+04  1.79882450e+02
 7.13400375e+04  4.63896326e+01  7.13400375e+04  1.79881542e+02
 7.18896992e+04  4.63896936e+01  7.18896992e+04  1.79880628e+02
 7.24435960e+04  4.63897555e+01  7.24435960e+04  1.79879707e+02
 7.30017605e+04  4.63898184e+01  7.30017605e+04  1.79878779e+02
 7.35642254e+04  4.63898823e+01  7.35642254e+04  1.79877843e+02
 7.41310241e+04  4.63899471e+01  7.41310241e+04  1.79876900e+02
 7.47021899e+04  4.63900130e+01  7.47021899e+04  1.79875950e+02
 7.52777564e+04  4.63900799e+01  7.52777564e+04  1.79874993e+02
 7.58577575e+04  4.63901478e+01  7.58577575e+04  1.79874028e+02
 7.64422274e+04  4.63902167e+01  7.64422274e+04  1.79873055e+02
 7.70312006e+04  4.63902868e+01  7.70312006e+04  1.79872076e+02
 7.76247117e+04  4.63903578e+01  7.76247117e+04  1.79871088e+02
 7.82227956e+04  4.63904301e+01  7.82227956e+04  1.79870093e+02
 7.88254877e+04  4.63905035e+01  7.88254877e+04  1.79869090e+02
 7.94328235e+04  4.63905780e+01  7.94328235e+04  1.79868079e+02
 8.00448386e+04  4.63906535e+01  8.00448386e+04  1.79867061e+02
 8.06615692e+04  4.63907304e+01  8.06615692e+04  1.79866035e+02
 8.12830516e+04  4.63908084e+01  8.12830516e+04  1.79865000e+02
 8.19093224e+04  4.63908875e+01  8.19093224e+04  1.79863958e+02
 8.25404185e+04  4.63909679e+01  8.25404185e+04  1.79862908e+02
 8.31763771e+04  4.63910497e+01  8.31763771e+04  1.79861849e+02
 8.38172356e+04  4.63911325e+01  8.38172356e+04  1.79860782e+02
 8.44630319e+04  4.63912167e+01  8.44630319e+04  1.79859707e+02
 8.51138038e+04  4.63913022e+01  8.51138038e+04  1.79858624e+02
 8.57695899e+04  4.63913891e+01  8.57695899e+04  1.79857532e+02
 8.64304286e+04  4.63914772e+01  8.64304286e+04  1.79856432e+02
 8.70963590e+04  4.63915668e+01  8.70963590e+04  1.79855323e+02
 8.77674203e+04  4.63916578e+01  8.77674203e+04  1.79854206e+02
 8.84436519e+04  4.63917500e+01  8.84436519e+04  1.79853080e+02
 8.91250938e+04  4.63918438e+01  8.91250938e+04  1.79851945e+02
 8.98117861e+04  4.63919391e+01  8.98117861e+04  1.79850801e+02
 9.05037692e+04  4.63920358e+01  9.05037692e+04  1.79849649e+02
 9.12010839e+04  4.63921339e+01  9.12010839e+04  1.79848488e+02
 9.19037713e+04  4.63922336e+01  9.19037713e+04  1.79847317e+02
 9.26118728e+04  4.63923348e+01  9.26118728e+04  1.79846138e+02
 9.33254301e+04  4.63924377e+01  9.33254301e+04  1.79844949e+02
 9.40444852e+04  4.63925422e+01  9.40444852e+04  1.79843751e+02
 9.47690805e+04  4.63926482e+01  9.47690805e+04  1.79842544e+02
 9.54992586e+04  4.63927559e+01  9.54992586e+04  1.79841327e+02
 9.62350626e+04  4.63928651e+01  9.62350626e+04  1.79840101e+02
 9.69765359e+04  4.63929763e+01  9.69765359e+04  1.79838865e+02
 9.77237221e+04  4.63930889e+01  9.77237221e+04  1.79837620e+02
 9.84766652e+04  4.63932035e+01  9.84766652e+04  1.79836365e+02
 9.92354096e+04  4.63933197e+01  9.92354096e+04  1.79835101e+02
 1.00000000e+05  4.63934377e+01  1.00000000e+05  1.79833826e+02
 1.00770481e+05  4.63935576e+01  1.00770481e+05  1.79832542e+02
 1.01546899e+05  4.63936795e+01  1.01546899e+05  1.79831247e+02
 1.02329299e+05  4.63938031e+01  1.02329299e+05  1.79829943e+02
 1.03117727e+05  4.63939286e+01  1.03117727e+05  1.79828628e+02
 1.03912230e+05  4.63940561e+01  1.03912230e+05  1.79827304e+02
 1.04712855e+05  4.63941855e+01  1.04712855e+05  1.79825968e+02
 1.05519648e+05  4.63943171e+01  1.05519648e+05  1.79824623e+02
 1.06332657e+05  4.63944505e+01  1.06332657e+05  1.79823267e+02
 1.07151931e+05  4.63945861e+01  1.07151931e+05  1.79821900e+02
 1.07977516e+05  4.63947238e+01  1.07977516e+05  1.79820523e+02
 1.08809463e+05  4.63948636e+01  1.08809463e+05  1.79819135e+02
 1.09647820e+05  4.63950056e+01  1.09647820e+05  1.79817737e+02
 1.10492636e+05  4.63951498e+01  1.10492636e+05  1.79816327e+02
 1.11343961e+05  4.63952961e+01  1.11343961e+05  1.79814906e+02
 1.12201845e+05  4.63954449e+01  1.12201845e+05  1.79813475e+02
 1.13066340e+05  4.63955958e+01  1.13066340e+05  1.79812032e+02
 1.13937495e+05  4.63957491e+01  1.13937495e+05  1.79810578e+02
 1.14815362e+05  4.63959047e+01  1.14815362e+05  1.79809112e+02
 1.15699993e+05  4.63960629e+01  1.15699993e+05  1.79807635e+02
 1.16591440e+05  4.63962235e+01  1.16591440e+05  1.79806147e+02
 1.17489755e+05  4.63963864e+01  1.17489755e+05  1.79804647e+02
 1.18394992e+05  4.63965520e+01  1.18394992e+05  1.79803135e+02
 1.19307204e+05  4.63967201e+01  1.19307204e+05  1.79801612e+02
 1.20226443e+05  4.63968908e+01  1.20226443e+05  1.79800076e+02
 1.21152766e+05  4.63970641e+01  1.21152766e+05  1.79798529e+02
 1.22086225e+05  4.63972404e+01  1.22086225e+05  1.79796969e+02
 1.23026877e+05  4.63974191e+01  1.23026877e+05  1.79795398e+02
 1.23974776e+05  4.63976006e+01  1.23974776e+05  1.79793814e+02
 1.24929979e+05  4.63977850e+01  1.24929979e+05  1.79792217e+02
 1.25892541e+05  4.63979724e+01  1.25892541e+05  1.79790608e+02
 1.26862520e+05  4.63981622e+01  1.26862520e+05  1.79788987e+02
 1.27839972e+05  4.63983555e+01  1.27839972e+05  1.79787353e+02
 1.28824955e+05  4.63985514e+01  1.28824955e+05  1.79785706e+02
 1.29817528e+05  4.63987507e+01  1.29817528e+05  1.79784046e+02
 1.30817747e+05  4.63989527e+01  1.30817747e+05  1.79782374e+02
 1.31825674e+05  4.63991580e+01  1.31825674e+05  1.79780688e+02
 1.32841366e+05  4.63993667e+01  1.32841366e+05  1.79778989e+02
 1.33864884e+05  4.63995781e+01  1.33864884e+05  1.79777276e+02
 1.34896288e+05  4.63997931e+01  1.34896288e+05  1.79775551e+02
 1.35935639e+05  4.64000115e+01  1.35935639e+05  1.79773811e+02
 1.36982998e+05  4.64002330e+01  1.36982998e+05  1.79772059e+02
 1.38038426e+05  4.64004582e+01  1.38038426e+05  1.79770292e+02
 1.39101987e+05  4.64006871e+01  1.39101987e+05  1.79768511e+02
 1.40173742e+05  4.64009190e+01  1.40173742e+05  1.79766717e+02
 1.41253754e+05  4.64011551e+01  1.41253754e+05  1.79764908e+02
 1.42342088e+05  4.64013945e+01  1.42342088e+05  1.79763086e+02
 1.43438808e+05  4.64016375e+01  1.43438808e+05  1.79761248e+02
 1.44543977e+05  4.64018845e+01  1.44543977e+05  1.79759397e+02
 1.45657662e+05  4.64021351e+01  1.45657662e+05  1.79757531e+02
 1.46779927e+05  4.64023900e+01  1.46779927e+05  1.79755650e+02
 1.47910839e+05  4.64026482e+01  1.47910839e+05  1.79753755e+02
 1.49050464e+05  4.64029109e+01  1.49050464e+05  1.79751844e+02
 1.50198870e+05  4.64031778e+01  1.50198870e+05  1.79749919e+02
 1.51356125e+05  4.64034484e+01  1.51356125e+05  1.79747978e+02
 1.52522296e+05  4.64037232e+01  1.52522296e+05  1.79746023e+02
 1.53697452e+05  4.64040026e+01  1.53697452e+05  1.79744051e+02
 1.54881662e+05  4.64042863e+01  1.54881662e+05  1.79742065e+02
 1.56074996e+05  4.64045741e+01  1.56074996e+05  1.79740062e+02
 1.57277525e+05  4.64048664e+01  1.57277525e+05  1.79738044e+02
 1.58489319e+05  4.64051634e+01  1.58489319e+05  1.79736010e+02
 1.59710450e+05  4.64054653e+01  1.59710450e+05  1.79733960e+02
 1.60940989e+05  4.64057714e+01  1.60940989e+05  1.79731893e+02
 1.62181010e+05  4.64060822e+01  1.62181010e+05  1.79729811e+02
 1.63430584e+05  4.64063982e+01  1.63430584e+05  1.79727712e+02
 1.64689787e+05  4.64067192e+01  1.64689787e+05  1.79725596e+02
 1.65958691e+05  4.64070446e+01  1.65958691e+05  1.79723464e+02
 1.67237372e+05  4.64073751e+01  1.67237372e+05  1.79721315e+02
 1.68525904e+05  4.64077113e+01  1.68525904e+05  1.79719148e+02
 1.69824365e+05  4.64080521e+01  1.69824365e+05  1.79716965e+02
 1.71132830e+05  4.64083985e+01  1.71132830e+05  1.79714764e+02
 1.72451377e+05  4.64087504e+01  1.72451377e+05  1.79712546e+02
 1.73780083e+05  4.64091073e+01  1.73780083e+05  1.79710311e+02
 1.75119026e+05  4.64094704e+01  1.75119026e+05  1.79708058e+02
 1.76468286e+05  4.64098385e+01  1.76468286e+05  1.79705786e+02
 1.77827941e+05  4.64102122e+01  1.77827941e+05  1.79703497e+02
 1.79198072e+05  4.64105924e+01  1.79198072e+05  1.79701190e+02
 1.80578760e+05  4.64109781e+01  1.80578760e+05  1.79698864e+02
 1.81970086e+05  4.64113698e+01  1.81970086e+05  1.79696520e+02
 1.83372132e+05  4.64117677e+01  1.83372132e+05  1.79694157e+02
 1.84784980e+05  4.64121714e+01  1.84784980e+05  1.79691776e+02
 1.86208714e+05  4.64125819e+01  1.86208714e+05  1.79689376e+02
 1.87643417e+05  4.64129986e+01  1.87643417e+05  1.79686956e+02
 1.89089175e+05  4.64134219e+01  1.89089175e+05  1.79684517e+02
 1.90546072e+05  4.64138514e+01  1.90546072e+05  1.79682059e+02
 1.92014194e+05  4.64142880e+01  1.92014194e+05  1.79679581e+02
 1.93493628e+05  4.64147306e+01  1.93493628e+05  1.79677084e+02
 1.94984460e+05  4.64151808e+01  1.94984460e+05  1.79674566e+02
 1.96486779e+05  4.64156375e+01  1.96486779e+05  1.79672029e+02
 1.98000673e+05  4.64161017e+01  1.98000673e+05  1.79669471e+02
 1.99526231e+05  4.64165728e+01  1.99526231e+05  1.79666893e+02
 2.01063544e+05  4.64170514e+01  2.01063544e+05  1.79664294e+02
 2.02612701e+05  4.64175376e+01  2.02612701e+05  1.79661674e+02
 2.04173794e+05  4.64180310e+01  2.04173794e+05  1.79659034e+02
 2.05746916e+05  4.64185324e+01  2.05746916e+05  1.79656372e+02
 2.07332157e+05  4.64190414e+01  2.07332157e+05  1.79653689e+02
 2.08929613e+05  4.64195580e+01  2.08929613e+05  1.79650984e+02
 2.10539377e+05  4.64200828e+01  2.10539377e+05  1.79648258e+02
 2.12161544e+05  4.64206161e+01  2.12161544e+05  1.79645510e+02
 2.13796209e+05  4.64211573e+01  2.13796209e+05  1.79642740e+02
 2.15443469e+05  4.64217074e+01  2.15443469e+05  1.79639948e+02
 2.17103421e+05  4.64222658e+01  2.17103421e+05  1.79637133e+02
 2.18776162e+05  4.64228326e+01  2.18776162e+05  1.79634295e+02
 2.20461792e+05  4.64234084e+01  2.20461792e+05  1.79631435e+02
 2.22160409e+05  4.64239932e+01  2.22160409e+05  1.79628552e+02
 2.23872114e+05  4.64245874e+01  2.23872114e+05  1.79625645e+02
 2.25597007e+05  4.64251898e+01  2.25597007e+05  1.79622715e+02
 2.27335190e+05  4.64258023e+01  2.27335190e+05  1.79619761e+02
 2.29086765e+05  4.64264243e+01  2.29086765e+05  1.79616784e+02
 2.30851836e+05  4.64270555e+01  2.30851836e+05  1.79613782e+02
 2.32630507e+05  4.64276972e+01  2.32630507e+05  1.79610756e+02
 2.34422882e+05  4.64283486e+01  2.34422882e+05  1.79607706e+02
 2.36229066e+05  4.64290103e+01  2.36229066e+05  1.79604631e+02
 2.38049167e+05  4.64296819e+01  2.38049167e+05  1.79601531e+02
 2.39883292e+05  4.64303635e+01  2.39883292e+05  1.79598406e+02
 2.41731548e+05  4.64310571e+01  2.41731548e+05  1.79595255e+02
 2.43594045e+05  4.64317606e+01  2.43594045e+05  1.79592079e+02
 2.45470892e+05  4.64324753e+01  2.45470892e+05  1.79588877e+02
 2.47362199e+05  4.64332009e+01  2.47362199e+05  1.79585649e+02
 2.49268079e+05  4.64339377e+01  2.49268079e+05  1.79582395e+02
 2.51188643e+05  4.64346859e+01  2.51188643e+05  1.79579114e+02
 2.53124005e+05  4.64354461e+01  2.53124005e+05  1.79575807e+02
 2.55074278e+05  4.64362177e+01  2.55074278e+05  1.79572472e+02
 2.57039578e+05  4.64370022e+01  2.57039578e+05  1.79569110e+02
 2.59020020e+05  4.64377973e+01  2.59020020e+05  1.79565721e+02
 2.61015722e+05  4.64386061e+01  2.61015722e+05  1.79562304e+02
 2.63026799e+05  4.64394269e+01  2.63026799e+05  1.79558859e+02
 2.65053372e+05  4.64402606e+01  2.65053372e+05  1.79555386e+02
 2.67095559e+05  4.64411080e+01  2.67095559e+05  1.79551884e+02
 2.69153480e+05  4.64419676e+01  2.69153480e+05  1.79548353e+02
 2.71227258e+05  4.64428410e+01  2.71227258e+05  1.79544794e+02
 2.73317014e+05  4.64437285e+01  2.73317014e+05  1.79541205e+02
 2.75422870e+05  4.64446296e+01  2.75422870e+05  1.79537586e+02
 2.77544952e+05  4.64455439e+01  2.77544952e+05  1.79533938e+02
 2.79683385e+05  4.64464727e+01  2.79683385e+05  1.79530260e+02
 2.81838293e+05  4.64474167e+01  2.81838293e+05  1.79526551e+02
 2.84009805e+05  4.64483742e+01  2.84009805e+05  1.79522811e+02
 2.86198048e+05  4.64493475e+01  2.86198048e+05  1.79519041e+02
 2.88403150e+05  4.64503363e+01  2.88403150e+05  1.79515239e+02
 2.90625243e+05  4.64513399e+01  2.90625243e+05  1.79511406e+02
 2.92864456e+05  4.64523591e+01  2.92864456e+05  1.79507541e+02
 2.95120923e+05  4.64533950e+01  2.95120923e+05  1.79503643e+02
 2.97394775e+05  4.64544454e+01  2.97394775e+05  1.79499714e+02
 2.99686146e+05  4.64555134e+01  2.99686146e+05  1.79495751e+02
 3.01995172e+05  4.64565981e+01  3.01995172e+05  1.79491756e+02
 3.04321989e+05  4.64576993e+01  3.04321989e+05  1.79487727e+02
 3.06666733e+05  4.64588179e+01  3.06666733e+05  1.79483664e+02
 3.09029543e+05  4.64599540e+01  3.09029543e+05  1.79479567e+02
 3.11410558e+05  4.64611071e+01  3.11410558e+05  1.79475436e+02
 3.13809919e+05  4.64622796e+01  3.13809919e+05  1.79471271e+02
 3.16227766e+05  4.64634695e+01  3.16227766e+05  1.79467070e+02
 3.18664242e+05  4.64646772e+01  3.18664242e+05  1.79462834e+02
 3.21119491e+05  4.64659058e+01  3.21119491e+05  1.79458562e+02
 3.23593657e+05  4.64671514e+01  3.23593657e+05  1.79454254e+02
 3.26086886e+05  4.64684175e+01  3.26086886e+05  1.79449910e+02
 3.28599325e+05  4.64697043e+01  3.28599325e+05  1.79445529e+02
 3.31131121e+05  4.64710101e+01  3.31131121e+05  1.79441111e+02
 3.33682425e+05  4.64723352e+01  3.33682425e+05  1.79436655e+02
 3.36253386e+05  4.64736831e+01  3.36253386e+05  1.79432162e+02
 3.38844156e+05  4.64750508e+01  3.38844156e+05  1.79427630e+02
 3.41454887e+05  4.64764392e+01  3.41454887e+05  1.79423060e+02
 3.44085734e+05  4.64778504e+01  3.44085734e+05  1.79418450e+02
 3.46736850e+05  4.64792845e+01  3.46736850e+05  1.79413802e+02
 3.49408393e+05  4.64807397e+01  3.49408393e+05  1.79409113e+02
 3.52100520e+05  4.64822178e+01  3.52100520e+05  1.79404384e+02
 3.54813389e+05  4.64837195e+01  3.54813389e+05  1.79399615e+02
 3.57547160e+05  4.64852448e+01  3.57547160e+05  1.79394805e+02
 3.60301995e+05  4.64867939e+01  3.60301995e+05  1.79389953e+02
 3.63078055e+05  4.64883672e+01  3.63078055e+05  1.79385059e+02
 3.65875504e+05  4.64899644e+01  3.65875504e+05  1.79380124e+02
 3.68694506e+05  4.64915858e+01  3.68694506e+05  1.79375145e+02
 3.71535229e+05  4.64932356e+01  3.71535229e+05  1.79370123e+02
 3.74397839e+05  4.64949084e+01  3.74397839e+05  1.79365058e+02
 3.77282505e+05  4.64966079e+01  3.77282505e+05  1.79359949e+02
 3.80189396e+05  4.64983354e+01  3.80189396e+05  1.79354795e+02
 3.83118685e+05  4.65000892e+01  3.83118685e+05  1.79349596e+02
 3.86070543e+05  4.65018706e+01  3.86070543e+05  1.79344351e+02
 3.89045145e+05  4.65036787e+01  3.89045145e+05  1.79339061e+02
 3.92042666e+05  4.65055180e+01  3.92042666e+05  1.79333725e+02
 3.95063281e+05  4.65073828e+01  3.95063281e+05  1.79328341e+02
 3.98107171e+05  4.65092795e+01  3.98107171e+05  1.79322910e+02
 4.01174512e+05  4.65112057e+01  4.01174512e+05  1.79317431e+02
 4.04265487e+05  4.65131609e+01  4.04265487e+05  1.79311904e+02
 4.07380278e+05  4.65151481e+01  4.07380278e+05  1.79306327e+02
 4.10519067e+05  4.65171649e+01  4.10519067e+05  1.79300701e+02
 4.13682040e+05  4.65192126e+01  4.13682040e+05  1.79295026e+02
 4.16869383e+05  4.65212953e+01  4.16869383e+05  1.79289299e+02
 4.20081285e+05  4.65234094e+01  4.20081285e+05  1.79283521e+02
 4.23317933e+05  4.65255560e+01  4.23317933e+05  1.79277692e+02
 4.26579519e+05  4.65277360e+01  4.26579519e+05  1.79271810e+02
 4.29866235e+05  4.65299524e+01  4.29866235e+05  1.79265876e+02
 4.33178274e+05  4.65322034e+01  4.33178274e+05  1.79259888e+02
 4.36515832e+05  4.65344878e+01  4.36515832e+05  1.79253846e+02
 4.39879106e+05  4.65368100e+01  4.39879106e+05  1.79247750e+02
 4.43268292e+05  4.65391674e+01  4.43268292e+05  1.79241598e+02
 4.46683592e+05  4.65415617e+01  4.46683592e+05  1.79235391e+02
 4.50125206e+05  4.65439921e+01  4.50125206e+05  1.79229127e+02
 4.53593337e+05  4.65464670e+01  4.53593337e+05  1.79222805e+02
 4.57088190e+05  4.65489767e+01  4.57088190e+05  1.79216426e+02
 4.60609969e+05  4.65515282e+01  4.60609969e+05  1.79209988e+02
 4.64158883e+05  4.65541144e+01  4.64158883e+05  1.79203492e+02
 4.67735141e+05  4.65567450e+01  4.67735141e+05  1.79196935e+02
 4.71338954e+05  4.65594189e+01  4.71338954e+05  1.79190317e+02
 4.74970533e+05  4.65621329e+01  4.74970533e+05  1.79183639e+02
 4.78630092e+05  4.65648888e+01  4.78630092e+05  1.79176899e+02
 4.82317848e+05  4.65676918e+01  4.82317848e+05  1.79170095e+02
 4.86034018e+05  4.65705343e+01  4.86034018e+05  1.79163229e+02
 4.89778819e+05  4.65734269e+01  4.89778819e+05  1.79156298e+02
 4.93552474e+05  4.65763611e+01  4.93552474e+05  1.79149302e+02
 4.97355204e+05  4.65793413e+01  4.97355204e+05  1.79142240e+02
 5.01187234e+05  4.65823693e+01  5.01187234e+05  1.79135112e+02
 5.05048788e+05  4.65854496e+01  5.05048788e+05  1.79127916e+02
 5.08940095e+05  4.65885749e+01  5.08940095e+05  1.79120652e+02
 5.12861384e+05  4.65917486e+01  5.12861384e+05  1.79113319e+02
 5.16812886e+05  4.65949757e+01  5.16812886e+05  1.79105916e+02
 5.20794833e+05  4.65982515e+01  5.20794833e+05  1.79098442e+02
 5.24807460e+05  4.66015828e+01  5.24807460e+05  1.79090897e+02
 5.28851004e+05  4.66049608e+01  5.28851004e+05  1.79083279e+02
 5.32925703e+05  4.66083977e+01  5.32925703e+05  1.79075588e+02
 5.37031796e+05  4.66118807e+01  5.37031796e+05  1.79067822e+02
 5.41169527e+05  4.66154310e+01  5.41169527e+05  1.79059981e+02
 5.45339137e+05  4.66190317e+01  5.45339137e+05  1.79052063e+02
 5.49540874e+05  4.66226890e+01  5.49540874e+05  1.79044069e+02
 5.53774984e+05  4.66264046e+01  5.53774984e+05  1.79035996e+02
 5.58041717e+05  4.66301818e+01  5.58041717e+05  1.79027844e+02
 5.62341325e+05  4.66340142e+01  5.62341325e+05  1.79019611e+02
 5.66674061e+05  4.66379124e+01  5.66674061e+05  1.79011297e+02
 5.71040179e+05  4.66418695e+01  5.71040179e+05  1.79002900e+02
 5.75439937e+05  4.66458917e+01  5.75439937e+05  1.78994420e+02
 5.79873595e+05  4.66499750e+01  5.79873595e+05  1.78985855e+02
 5.84341413e+05  4.66541295e+01  5.84341413e+05  1.78977204e+02
 5.88843655e+05  4.66583436e+01  5.88843655e+05  1.78968467e+02
 5.93380586e+05  4.66626314e+01  5.93380586e+05  1.78959641e+02
 5.97952473e+05  4.66669824e+01  5.97952473e+05  1.78950726e+02
 6.02559586e+05  4.66714051e+01  6.02559586e+05  1.78941720e+02
 6.07202196e+05  4.66758950e+01  6.07202196e+05  1.78932623e+02
 6.11880576e+05  4.66804580e+01  6.11880576e+05  1.78923433e+02
 6.16595002e+05  4.66850977e+01  6.16595002e+05  1.78914147e+02
 6.21345752e+05  4.66898145e+01  6.21345752e+05  1.78904766e+02
 6.26133105e+05  4.66946004e+01  6.26133105e+05  1.78895288e+02
 6.30957344e+05  4.66994634e+01  6.30957344e+05  1.78885712e+02
 6.35818754e+05  4.67044045e+01  6.35818754e+05  1.78876037e+02
 6.40717619e+05  4.67094231e+01  6.40717619e+05  1.78866259e+02
 6.45654229e+05  4.67145272e+01  6.45654229e+05  1.78856379e+02
 6.50628875e+05  4.67197138e+01  6.50628875e+05  1.78846395e+02
 6.55641849e+05  4.67249756e+01  6.55641849e+05  1.78836306e+02
 6.60693448e+05  4.67303280e+01  6.60693448e+05  1.78826109e+02
 6.65783968e+05  4.67357687e+01  6.65783968e+05  1.78815804e+02
 6.70913710e+05  4.67412942e+01  6.70913710e+05  1.78805387e+02
 6.76082975e+05  4.67469075e+01  6.76082975e+05  1.78794859e+02
 6.81292069e+05  4.67526139e+01  6.81292069e+05  1.78784217e+02
 6.86541298e+05  4.67584045e+01  6.86541298e+05  1.78773460e+02
 6.91830971e+05  4.67643004e+01  6.91830971e+05  1.78762585e+02
 6.97161400e+05  4.67702850e+01  6.97161400e+05  1.78751591e+02
 7.02532899e+05  4.67763617e+01  7.02532899e+05  1.78740478e+02
 7.07945784e+05  4.67825458e+01  7.07945784e+05  1.78729241e+02
 7.13400375e+05  4.67888234e+01  7.13400375e+05  1.78717879e+02
 7.18896992e+05  4.67952090e+01  7.18896992e+05  1.78706391e+02
 7.24435960e+05  4.68016937e+01  7.24435960e+05  1.78694776e+02
 7.30017605e+05  4.68082828e+01  7.30017605e+05  1.78683029e+02
 7.35642254e+05  4.68149810e+01  7.35642254e+05  1.78671149e+02
 7.41310241e+05  4.68217899e+01  7.41310241e+05  1.78659136e+02
 7.47021899e+05  4.68287070e+01  7.47021899e+05  1.78646984e+02
 7.52777564e+05  4.68357330e+01  7.52777564e+05  1.78634694e+02
 7.58577575e+05  4.68428765e+01  7.58577575e+05  1.78622264e+02
 7.64422274e+05  4.68501365e+01  7.64422274e+05  1.78609689e+02
 7.70312006e+05  4.68575221e+01  7.70312006e+05  1.78596969e+02
 7.76247117e+05  4.68650120e+01  7.76247117e+05  1.78584101e+02
 7.82227956e+05  4.68726412e+01  7.82227956e+05  1.78571080e+02
 7.88254877e+05  4.68803872e+01  7.88254877e+05  1.78557907e+02
 7.94328235e+05  4.68882640e+01  7.94328235e+05  1.78544578e+02
 8.00448386e+05  4.68962607e+01  8.00448386e+05  1.78531093e+02
 8.06615692e+05  4.69043830e+01  8.06615692e+05  1.78517445e+02
 8.12830516e+05  4.69126608e+01  8.12830516e+05  1.78503632e+02
 8.19093224e+05  4.69210618e+01  8.19093224e+05  1.78489653e+02
 8.25404185e+05  4.69295971e+01  8.25404185e+05  1.78475505e+02
 8.31763771e+05  4.69382768e+01  8.31763771e+05  1.78461182e+02
 8.38172356e+05  4.69471046e+01  8.38172356e+05  1.78446686e+02
 8.44630319e+05  4.69560785e+01  8.44630319e+05  1.78432009e+02
 8.51138038e+05  4.69651924e+01  8.51138038e+05  1.78417152e+02
 8.57695899e+05  4.69744546e+01  8.57695899e+05  1.78402109e+02
 8.64304286e+05  4.69838763e+01  8.64304286e+05  1.78386877e+02
 8.70963590e+05  4.69934610e+01  8.70963590e+05  1.78371453e+02
 8.77674203e+05  4.70031860e+01  8.77674203e+05  1.78355836e+02
 8.84436519e+05  4.70130816e+01  8.84436519e+05  1.78340018e+02
 8.91250938e+05  4.70231426e+01  8.91250938e+05  1.78323998e+02
 8.98117861e+05  4.70333709e+01  8.98117861e+05  1.78307772e+02
 9.05037692e+05  4.70437731e+01  9.05037692e+05  1.78291334e+02
 9.12010839e+05  4.70543549e+01  9.12010839e+05  1.78274682e+02
 9.19037713e+05  4.70651068e+01  9.19037713e+05  1.78257812e+02
 9.26118728e+05  4.70760169e+01  9.26118728e+05  1.78240722e+02
 9.33254301e+05  4.70871398e+01  9.33254301e+05  1.78223403e+02
 9.40444852e+05  4.70984315e+01  9.40444852e+05  1.78205853e+02
 9.47690805e+05  4.71099266e+01  9.47690805e+05  1.78188066e+02
 9.54992586e+05  4.71216107e+01  9.54992586e+05  1.78170041e+02
 9.62350626e+05  4.71334747e+01  9.62350626e+05  1.78151771e+02
 9.69765359e+05  4.71455541e+01  9.69765359e+05  1.78133252e+02
 9.77237221e+05  4.71578283e+01  9.77237221e+05  1.78114477e+02
 9.84766652e+05  4.71703094e+01  9.84766652e+05  1.78095444e+02
 9.92354096e+05  4.71830154e+01  9.92354096e+05  1.78076144e+02
 1.00000000e+06  4.71959233e+01  1.00000000e+06  1.78056576e+02
 1.00770481e+06  4.72090546e+01  1.00770481e+06  1.78036729e+02
 1.01546899e+06  4.72224177e+01  1.01546899e+06  1.78016601e+02
 1.02329299e+06  4.72359975e+01  1.02329299e+06  1.77996187e+02
 1.03117727e+06  4.72498033e+01  1.03117727e+06  1.77975480e+02
 1.03912230e+06  4.72638472e+01  1.03912230e+06  1.77954470e+02
 1.04712855e+06  4.72781437e+01  1.04712855e+06  1.77933155e+02
 1.05519648e+06  4.72926853e+01  1.05519648e+06  1.77911529e+02
 1.06332657e+06  4.73074432e+01  1.06332657e+06  1.77889587e+02
 1.07151931e+06  4.73224853e+01  1.07151931e+06  1.77867315e+02
 1.07977516e+06  4.73377837e+01  1.07977516e+06  1.77844711e+02
 1.08809463e+06  4.73533388e+01  1.08809463e+06  1.77821764e+02
 1.09647820e+06  4.73691689e+01  1.09647820e+06  1.77798473e+02
 1.10492636e+06  4.73852567e+01  1.10492636e+06  1.77774826e+02
 1.11343961e+06  4.74016379e+01  1.11343961e+06  1.77750811e+02
 1.12201845e+06  4.74182958e+01  1.12201845e+06  1.77726428e+02
 1.13066340e+06  4.74352496e+01  1.13066340e+06  1.77701667e+02
 1.13937495e+06  4.74524954e+01  1.13937495e+06  1.77676511e+02
 1.14815362e+06  4.74700380e+01  1.14815362e+06  1.77650962e+02
 1.15699993e+06  4.74878899e+01  1.15699993e+06  1.77625007e+02
 1.16591440e+06  4.75060577e+01  1.16591440e+06  1.77598628e+02
 1.17489755e+06  4.75245523e+01  1.17489755e+06  1.77571830e+02
 1.18394992e+06  4.75433836e+01  1.18394992e+06  1.77544588e+02
 1.19307204e+06  4.75625094e+01  1.19307204e+06  1.77516910e+02
 1.20226443e+06  4.75819906e+01  1.20226443e+06  1.77488770e+02
 1.21152766e+06  4.76018184e+01  1.21152766e+06  1.77460155e+02
 1.22086225e+06  4.76219787e+01  1.22086225e+06  1.77431072e+02
 1.23026877e+06  4.76425417e+01  1.23026877e+06  1.77401488e+02
 1.23974776e+06  4.76634330e+01  1.23974776e+06  1.77371407e+02
 1.24929979e+06  4.76846896e+01  1.24929979e+06  1.77340807e+02
 1.25892541e+06  4.77063491e+01  1.25892541e+06  1.77309680e+02
 1.26862520e+06  4.77284063e+01  1.26862520e+06  1.77278003e+02
 1.27839972e+06  4.77508359e+01  1.27839972e+06  1.77245776e+02
 1.28824955e+06  4.77736683e+01  1.28824955e+06  1.77212983e+02
 1.29817528e+06  4.77969390e+01  1.29817528e+06  1.77179593e+02
 1.30817747e+06  4.78206172e+01  1.30817747e+06  1.77145610e+02
 1.31825674e+06  4.78447283e+01  1.31825674e+06  1.77111002e+02
 1.32841366e+06  4.78692996e+01  1.32841366e+06  1.77075770e+02
 1.33864884e+06  4.78942718e+01  1.33864884e+06  1.77039888e+02
 1.34896288e+06  4.79197329e+01  1.34896288e+06  1.77003333e+02
 1.35935639e+06  4.79456288e+01  1.35935639e+06  1.76966102e+02
 1.36982998e+06  4.79720661e+01  1.36982998e+06  1.76928152e+02
 1.38038426e+06  4.79989339e+01  1.38038426e+06  1.76889494e+02
 1.39101987e+06  4.80263368e+01  1.39101987e+06  1.76850092e+02
 1.40173742e+06  4.80542125e+01  1.40173742e+06  1.76809921e+02
 1.41253754e+06  4.80826589e+01  1.41253754e+06  1.76768963e+02
 1.42342088e+06  4.81115944e+01  1.42342088e+06  1.76727202e+02
 1.43438808e+06  4.81410851e+01  1.43438808e+06  1.76684600e+02
 1.44543977e+06  4.81711210e+01  1.44543977e+06  1.76641157e+02
 1.45657662e+06  4.82017363e+01  1.45657662e+06  1.76596829e+02
 1.46779927e+06  4.82329600e+01  1.46779927e+06  1.76551585e+02
 1.47910839e+06  4.82647274e+01  1.47910839e+06  1.76505423e+02
 1.49050464e+06  4.82971220e+01  1.49050464e+06  1.76458291e+02
 1.50198870e+06  4.83301457e+01  1.50198870e+06  1.76410170e+02
 1.51356125e+06  4.83637915e+01  1.51356125e+06  1.76361029e+02
 1.52522296e+06  4.83981037e+01  1.52522296e+06  1.76310838e+02
 1.53697452e+06  4.84330575e+01  1.53697452e+06  1.76259563e+02
 1.54881662e+06  4.84687001e+01  1.54881662e+06  1.76207172e+02
 1.56074996e+06  4.85050376e+01  1.56074996e+06  1.76153625e+02
 1.57277525e+06  4.85420855e+01  1.57277525e+06  1.76098891e+02
 1.58489319e+06  4.85798748e+01  1.58489319e+06  1.76042917e+02
 1.59710450e+06  4.86183821e+01  1.59710450e+06  1.75985700e+02
 1.60940989e+06  4.86577063e+01  1.60940989e+06  1.75927148e+02
 1.62181010e+06  4.86977657e+01  1.62181010e+06  1.75867257e+02
 1.63430584e+06  4.87386285e+01  1.63430584e+06  1.75805972e+02
 1.64689787e+06  4.87803441e+01  1.64689787e+06  1.75743225e+02
 1.65958691e+06  4.88228867e+01  1.65958691e+06  1.75678999e+02
 1.67237372e+06  4.88662446e+01  1.67237372e+06  1.75613217e+02
 1.68525904e+06  4.89105433e+01  1.68525904e+06  1.75545827e+02
 1.69824365e+06  4.89557476e+01  1.69824365e+06  1.75476798e+02
 1.71132830e+06  4.90018491e+01  1.71132830e+06  1.75406053e+02
 1.72451377e+06  4.90489322e+01  1.72451377e+06  1.75333537e+02
 1.73780083e+06  4.90969726e+01  1.73780083e+06  1.75259155e+02
 1.75119026e+06  4.91460354e+01  1.75119026e+06  1.75182873e+02
 1.76468286e+06  4.91961129e+01  1.76468286e+06  1.75104611e+02
 1.77827941e+06  4.92472679e+01  1.77827941e+06  1.75024315e+02
 1.79198072e+06  4.92994736e+01  1.79198072e+06  1.74941872e+02
 1.80578760e+06  4.93528194e+01  1.80578760e+06  1.74857224e+02
 1.81970086e+06  4.94073008e+01  1.81970086e+06  1.74770271e+02
 1.83372132e+06  4.94629637e+01  1.83372132e+06  1.74680927e+02
 1.84784980e+06  4.95198901e+01  1.84784980e+06  1.74589091e+02
 1.86208714e+06  4.95779418e+01  1.86208714e+06  1.74494704e+02
 1.87643417e+06  4.96373367e+01  1.87643417e+06  1.74397611e+02
 1.89089175e+06  4.96980512e+01  1.89089175e+06  1.74297722e+02
 1.90546072e+06  4.97600947e+01  1.90546072e+06  1.74194919e+02
 1.92014194e+06  4.98235987e+01  1.92014194e+06  1.74089051e+02
 1.93493628e+06  4.98884178e+01  1.93493628e+06  1.73980057e+02
 1.94984460e+06  4.99547967e+01  1.94984460e+06  1.73867733e+02
 1.96486779e+06  5.00226526e+01  1.96486779e+06  1.73751979e+02
 1.98000673e+06  5.00920543e+01  1.98000673e+06  1.73632620e+02
 1.99526231e+06  5.01631197e+01  1.99526231e+06  1.73509479e+02
 2.01063544e+06  5.02357930e+01  2.01063544e+06  1.73382435e+02
 2.02612701e+06  5.03102214e+01  2.02612701e+06  1.73251266e+02
 2.04173794e+06  5.03863597e+01  2.04173794e+06  1.73115804e+02
 2.05746916e+06  5.04643752e+01  2.05746916e+06  1.72975807e+02
 2.07332157e+06  5.05442274e+01  2.07332157e+06  1.72831084e+02
 2.08929613e+06  5.06260000e+01  2.08929613e+06  1.72681421e+02
 2.10539377e+06  5.07098218e+01  2.10539377e+06  1.72526528e+02
 2.12161544e+06  5.07957008e+01  2.12161544e+06  1.72366184e+02
 2.13796209e+06  5.08836719e+01  2.13796209e+06  1.72200100e+02
 2.15443469e+06  5.09739505e+01  2.15443469e+06  1.72027962e+02
 2.17103421e+06  5.10664628e+01  2.17103421e+06  1.71849483e+02
 2.18776162e+06  5.11612961e+01  2.18776162e+06  1.71664299e+02
 2.20461792e+06  5.12585508e+01  2.20461792e+06  1.71472052e+02
 2.22160409e+06  5.13584440e+01  2.22160409e+06  1.71272336e+02
 2.23872114e+06  5.14609237e+01  2.23872114e+06  1.71064752e+02
 2.25597007e+06  5.15660592e+01  2.25597007e+06  1.70848869e+02
 2.27335190e+06  5.16740817e+01  2.27335190e+06  1.70624142e+02
 2.29086765e+06  5.17849587e+01  2.29086765e+06  1.70390117e+02
 2.30851836e+06  5.18989773e+01  2.30851836e+06  1.70146216e+02
 2.32630507e+06  5.20161035e+01  2.32630507e+06  1.69891795e+02
 2.34422882e+06  5.21364385e+01  2.34422882e+06  1.69626235e+02
 2.36229066e+06  5.22602292e+01  2.36229066e+06  1.69348830e+02
 2.38049167e+06  5.23874865e+01  2.38049167e+06  1.69058821e+02
 2.39883292e+06  5.25185216e+01  2.39883292e+06  1.68755307e+02
 2.41731548e+06  5.26532349e+01  2.41731548e+06  1.68437533e+02
 2.43594045e+06  5.27920202e+01  2.43594045e+06  1.68104333e+02
 2.45470892e+06  5.29349129e+01  2.45470892e+06  1.67754754e+02
 2.47362199e+06  5.30821930e+01  2.47362199e+06  1.67387541e+02
 2.49268079e+06  5.32338342e+01  2.49268079e+06  1.67001534e+02
 2.51188643e+06  5.33902051e+01  2.51188643e+06  1.66595211e+02
 2.53124005e+06  5.35514849e+01  2.53124005e+06  1.66167057e+02
 2.55074278e+06  5.37178524e+01  2.55074278e+06  1.65715355e+02
 2.57039578e+06  5.38895032e+01  2.57039578e+06  1.65238306e+02
 2.59020020e+06  5.40667059e+01  2.59020020e+06  1.64733818e+02
 2.61015722e+06  5.42497003e+01  2.61015722e+06  1.64199639e+02
 2.63026799e+06  5.44386402e+01  2.63026799e+06  1.63633159e+02
 2.65053372e+06  5.46340184e+01  2.65053372e+06  1.63031555e+02
 2.67095559e+06  5.48358765e+01  2.67095559e+06  1.62391825e+02
 2.69153480e+06  5.50445932e+01  2.69153480e+06  1.61710378e+02
 2.71227258e+06  5.52603884e+01  2.71227258e+06  1.60983402e+02
 2.73317014e+06  5.54836419e+01  2.73317014e+06  1.60206526e+02
 2.75422870e+06  5.57145461e+01  2.75422870e+06  1.59374891e+02
 2.77544952e+06  5.59535202e+01  2.77544952e+06  1.58482851e+02
 2.79683385e+06  5.62006835e+01  2.79683385e+06  1.57524534e+02
 2.81838293e+06  5.64563809e+01  2.81838293e+06  1.56492829e+02
 2.84009805e+06  5.67207790e+01  2.84009805e+06  1.55379955e+02
 2.86198048e+06  5.69939533e+01  2.86198048e+06  1.54177134e+02
 2.88403150e+06  5.72762363e+01  2.88403150e+06  1.52874259e+02
 2.90625243e+06  5.75675194e+01  2.90625243e+06  1.51460234e+02
 2.92864456e+06  5.78673539e+01  2.92864456e+06  1.49922599e+02
 2.95120923e+06  5.81758550e+01  2.95120923e+06  1.48246855e+02
 2.97394775e+06  5.84921158e+01  2.97394775e+06  1.46417509e+02
 2.99686146e+06  5.88152784e+01  2.99686146e+06  1.44416988e+02
 3.01995172e+06  5.91440461e+01  3.01995172e+06  1.42226138e+02
 3.04321989e+06  5.94764264e+01  3.04321989e+06  1.39824237e+02
 3.06666733e+06  5.98098078e+01  3.06666733e+06  1.37189691e+02
 3.09029543e+06  6.01408161e+01  3.09029543e+06  1.34300331e+02
 3.11410558e+06  6.04647262e+01  3.11410558e+06  1.31135282e+02
 3.13809919e+06  6.07759558e+01  3.13809919e+06  1.27675648e+02
 3.16227766e+06  6.10676015e+01  3.16227766e+06  1.23908534e+02
 3.18664242e+06  6.13315391e+01  3.18664242e+06  1.19828518e+02
 3.21119491e+06  6.15586053e+01  3.21119491e+06  1.15442914e+02
 3.23593657e+06  6.17388581e+01  3.23593657e+06  1.10773896e+02
 3.26086886e+06  6.18632663e+01  3.26086886e+06  1.05861702e+02
 3.28599325e+06  6.19234387e+01  3.28599325e+06  1.00765079e+02
 3.31131121e+06  6.19133838e+01  3.31131121e+06  9.55587172e+01
 3.33682425e+06  6.18302649e+01  3.33682425e+06  9.03277146e+01
 3.36253386e+06  6.16750257e+01  3.36253386e+06  8.51595261e+01
 3.38844156e+06  6.14516398e+01  3.38844156e+06  8.01354586e+01
 3.41454887e+06  6.11675887e+01  3.41454887e+06  7.53238661e+01
 3.44085734e+06  6.08312435e+01  3.44085734e+06  7.07755527e+01
 3.46736850e+06  6.04527453e+01  3.46736850e+06  6.65229155e+01
 3.49408393e+06  6.00412001e+01  3.49408393e+06  6.25812828e+01
 3.52100520e+06  5.96056080e+01  3.52100520e+06  5.89518103e+01
 3.54813389e+06  5.91535830e+01  3.54813389e+06  5.56255934e+01
 3.57547160e+06  5.86916210e+01  3.57547160e+06  5.25867376e+01
 3.60301995e+06  5.82246298e+01  3.60301995e+06  4.98153237e+01
 3.63078055e+06  5.77567894e+01  3.63078055e+06  4.72896744e+01
 3.65875504e+06  5.72913138e+01  3.65875504e+06  4.49877042e+01
 3.68694506e+06  5.68302020e+01  3.68694506e+06  4.28882050e+01
 3.71535229e+06  5.63752987e+01  3.71535229e+06  4.09709053e+01
 3.74397839e+06  5.59278431e+01  3.74397839e+06  3.92175363e+01
 3.77282505e+06  5.54885484e+01  3.77282505e+06  3.76114222e+01
 3.80189396e+06  5.50578039e+01  3.80189396e+06  3.61373447e+01
 3.83118685e+06  5.46360277e+01  3.83118685e+06  3.47819301e+01
 3.86070543e+06  5.42231603e+01  3.86070543e+06  3.35331615e+01
 3.89045145e+06  5.38192250e+01  3.89045145e+06  3.23803719e+01
 3.92042666e+06  5.34239534e+01  3.92042666e+06  3.13141345e+01
 3.95063281e+06  5.30374781e+01  3.95063281e+06  3.03260894e+01
 3.98107171e+06  5.26592973e+01  3.98107171e+06  2.94086506e+01
 4.01174512e+06  5.22893775e+01  4.01174512e+06  2.85554028e+01
 4.04265487e+06  5.19273201e+01  4.04265487e+06  2.77607329e+01
 4.07380278e+06  5.15728441e+01  4.07380278e+06  2.70192020e+01
 4.10519067e+06  5.12255229e+01  4.10519067e+06  2.63258549e+01
 4.13682040e+06  5.08848781e+01  4.13682040e+06  2.56770400e+01
 4.16869383e+06  5.05515431e+01  4.16869383e+06  2.50686510e+01
 4.20081285e+06  5.02243966e+01  4.20081285e+06  2.44977025e+01
 4.23317933e+06  4.99031678e+01  4.23317933e+06  2.39610304e+01
 4.26579519e+06  4.95883950e+01  4.26579519e+06  2.34560757e+01
 4.29866235e+06  4.92787233e+01  4.29866235e+06  2.29804592e+01
 4.33178274e+06  4.89748709e+01  4.33178274e+06  2.25316073e+01
 4.36515832e+06  4.86760088e+01  4.36515832e+06  2.21080798e+01
 4.39879106e+06  4.83823234e+01  4.39879106e+06  2.17075840e+01
 4.43268292e+06  4.80934628e+01  4.43268292e+06  2.13288956e+01
 4.46683592e+06  4.78091228e+01  4.46683592e+06  2.09702785e+01
 4.50125206e+06  4.75290831e+01  4.50125206e+06  2.06305798e+01
 4.53593337e+06  4.72532024e+01  4.53593337e+06  2.03086072e+01
 4.57088190e+06  4.69812367e+01  4.57088190e+06  2.00029606e+01
 4.60609969e+06  4.67136432e+01  4.60609969e+06  1.97125213e+01
 4.64158883e+06  4.64493570e+01  4.64158883e+06  1.94369237e+01
 4.67735141e+06  4.61889756e+01  4.67735141e+06  1.91747523e+01
 4.71338954e+06  4.59319120e+01  4.71338954e+06  1.89255262e+01
 4.74970533e+06  4.56784396e+01  4.74970533e+06  1.86880768e+01
 4.78630092e+06  4.54277467e+01  4.78630092e+06  1.84622578e+01
 4.82317848e+06  4.51804110e+01  4.82317848e+06  1.82472827e+01
 4.86034018e+06  4.49358758e+01  4.86034018e+06  1.80424421e+01
 4.89778819e+06  4.46941372e+01  4.89778819e+06  1.78470430e+01
 4.93552474e+06  4.44555447e+01  4.93552474e+06  1.76606720e+01
 4.97355204e+06  4.42192031e+01  4.97355204e+06  1.74831825e+01
 5.01187234e+06  4.39855727e+01  5.01187234e+06  1.73142256e+01
 5.05048788e+06  4.37544830e+01  5.05048788e+06  1.71528090e+01
 5.08940095e+06  4.35257224e+01  5.08940095e+06  1.69987098e+01
 5.12861384e+06  4.32993365e+01  5.12861384e+06  1.68519104e+01
 5.16812886e+06  4.30750465e+01  5.16812886e+06  1.67119785e+01
 5.20794833e+06  4.28529821e+01  5.20794833e+06  1.65782232e+01
 5.24807460e+06  4.26329997e+01  5.24807460e+06  1.64509568e+01
 5.28851004e+06  4.24151295e+01  5.28851004e+06  1.63292632e+01
 5.32925703e+06  4.21993350e+01  5.32925703e+06  1.62132845e+01
 5.37031796e+06  4.19849108e+01  5.37031796e+06  1.61032006e+01
 5.41169527e+06  4.17728191e+01  5.41169527e+06  1.59978261e+01
 5.45339137e+06  4.15624214e+01  5.45339137e+06  1.58972046e+01
 5.49540874e+06  4.13534325e+01  5.49540874e+06  1.58020989e+01
 5.53774984e+06  4.11464248e+01  5.53774984e+06  1.57112369e+01
 5.58041717e+06  4.09407846e+01  5.58041717e+06  1.56250356e+01
 5.62341325e+06  4.07371527e+01  5.62341325e+06  1.55424230e+01
 5.66674061e+06  4.05343225e+01  5.66674061e+06  1.54645050e+01
 5.71040179e+06  4.03338003e+01  5.71040179e+06  1.53906760e+01
 5.75439937e+06  4.01344473e+01  5.75439937e+06  1.53203927e+01
 5.79873595e+06  3.99360965e+01  5.79873595e+06  1.52541073e+01
 5.84341413e+06  3.97392389e+01  5.84341413e+06  1.51912372e+01
 5.88843655e+06  3.95438869e+01  5.88843655e+06  1.51317952e+01
 5.93380586e+06  3.93495297e+01  5.93380586e+06  1.50756319e+01
 5.97952473e+06  3.91566243e+01  5.97952473e+06  1.50225723e+01
 6.02559586e+06  3.89648289e+01  6.02559586e+06  1.49730686e+01
 6.07202196e+06  3.87746174e+01  6.07202196e+06  1.49266209e+01
 6.11880576e+06  3.85848337e+01  6.11880576e+06  1.48831509e+01
 6.16595002e+06  3.83964540e+01  6.16595002e+06  1.48421365e+01
 6.21345752e+06  3.82094669e+01  6.21345752e+06  1.48035058e+01
 6.26133105e+06  3.80229902e+01  6.26133105e+06  1.47687205e+01
 6.30957344e+06  3.78381390e+01  6.30957344e+06  1.47363164e+01
 6.35818754e+06  3.76537145e+01  6.35818754e+06  1.47058224e+01
 6.40717619e+06  3.74703988e+01  6.40717619e+06  1.46782455e+01
 6.45654229e+06  3.72883291e+01  6.45654229e+06  1.46534435e+01
 6.50628875e+06  3.71064438e+01  6.50628875e+06  1.46312817e+01
 6.55641849e+06  3.69262741e+01  6.55641849e+06  1.46105656e+01
 6.60693448e+06  3.67465070e+01  6.60693448e+06  1.45928132e+01
 6.65783968e+06  3.65677228e+01  6.65783968e+06  1.45762971e+01
 6.70913710e+06  3.63894584e+01  6.70913710e+06  1.45643122e+01
 6.76082975e+06  3.62128826e+01  6.76082975e+06  1.45517038e+01
 6.81292069e+06  3.60361957e+01  6.81292069e+06  1.45422542e+01
 6.86541298e+06  3.58611545e+01  6.86541298e+06  1.45352076e+01
 6.91830971e+06  3.56852767e+01  6.91830971e+06  1.45303018e+01
 6.97161400e+06  3.55109271e+01  6.97161400e+06  1.45270120e+01
 7.02532899e+06  3.53384258e+01  7.02532899e+06  1.45251395e+01
 7.07945784e+06  3.51651773e+01  7.07945784e+06  1.45269462e+01
 7.13400375e+06  3.49924348e+01  7.13400375e+06  1.45294850e+01
 7.18896992e+06  3.48215437e+01  7.18896992e+06  1.45328557e+01
 7.24435960e+06  3.46504588e+01  7.24435960e+06  1.45387499e+01
 7.30017605e+06  3.44807185e+01  7.30017605e+06  1.45465451e+01
 7.35642254e+06  3.43107457e+01  7.35642254e+06  1.45570787e+01
 7.41310241e+06  3.41414749e+01  7.41310241e+06  1.45681530e+01
 7.47021899e+06  3.39733322e+01  7.47021899e+06  1.45807436e+01
 7.52777564e+06  3.38049755e+01  7.52777564e+06  1.45952012e+01
 7.58577575e+06  3.36379252e+01  7.58577575e+06  1.46127426e+01
 7.64422274e+06  3.34709109e+01  7.64422274e+06  1.46304354e+01
 7.70312006e+06  3.33044941e+01  7.70312006e+06  1.46499486e+01
 7.76247117e+06  3.31390132e+01  7.76247117e+06  1.46725016e+01
 7.82227956e+06  3.29729883e+01  7.82227956e+06  1.46950000e+01
 7.88254877e+06  3.28080139e+01  7.88254877e+06  1.47186182e+01
 7.94328235e+06  3.26439284e+01  7.94328235e+06  1.47451066e+01
 8.00448386e+06  3.24794374e+01  8.00448386e+06  1.47735553e+01
 8.06615692e+06  3.23155381e+01  8.06615692e+06  1.48033015e+01
 8.12830516e+06  3.21530066e+01  8.12830516e+06  1.48319819e+01
 8.19093224e+06  3.19905514e+01  8.19093224e+06  1.48660435e+01
 8.25404185e+06  3.18281369e+01  8.25404185e+06  1.48990177e+01
 8.31763771e+06  3.16670041e+01  8.31763771e+06  1.49340832e+01
 8.38172356e+06  3.15046941e+01  8.38172356e+06  1.49708372e+01
 8.44630319e+06  3.13436697e+01  8.44630319e+06  1.50089967e+01
 8.51138038e+06  3.11835696e+01  8.51138038e+06  1.50470824e+01
 8.57695899e+06  3.10228178e+01  8.57695899e+06  1.50887558e+01
 8.64304286e+06  3.08634264e+01  8.64304286e+06  1.51313414e+01
 8.70963590e+06  3.07027594e+01  8.70963590e+06  1.51747115e+01
 8.77674203e+06  3.05432206e+01  8.77674203e+06  1.52215699e+01
 8.84436519e+06  3.03847917e+01  8.84436519e+06  1.52678698e+01
 8.91250938e+06  3.02258235e+01  8.91250938e+06  1.53150848e+01
 8.98117861e+06  3.00673964e+01  8.98117861e+06  1.53647804e+01
 9.05037692e+06  2.99100357e+01  9.05037692e+06  1.54159923e+01
 9.12010839e+06  2.97520845e+01  9.12010839e+06  1.54693371e+01
 9.19037713e+06  2.95931444e+01  9.19037713e+06  1.55225667e+01
 9.26118728e+06  2.94357923e+01  9.26118728e+06  1.55779147e+01
 9.33254301e+06  2.92796000e+01  9.33254301e+06  1.56327297e+01
 9.40444852e+06  2.91225087e+01  9.40444852e+06  1.56932297e+01
 9.47690805e+06  2.89671320e+01  9.47690805e+06  1.57521558e+01
 9.54992586e+06  2.88097238e+01  9.54992586e+06  1.58129448e+01
 9.62350626e+06  2.86534613e+01  9.62350626e+06  1.58752454e+01
 9.69765359e+06  2.84977254e+01  9.69765359e+06  1.59399700e+01
 9.77237221e+06  2.83426057e+01  9.77237221e+06  1.60039223e+01
 9.84766652e+06  2.81886520e+01  9.84766652e+06  1.60709970e+01
 9.92354096e+06  2.80329675e+01  9.92354096e+06  1.61356509e+01
 1.00000000e+07  2.78772666e+01  1.00000000e+07  1.62049552e+01
 1.00770481e+07  2.77228964e+01  1.00770481e+07  1.62785232e+01
 1.01546899e+07  2.75672475e+01  1.01546899e+07  1.63509732e+01
 1.02329299e+07  2.74120224e+01  1.02329299e+07  1.64223654e+01
 1.03117727e+07  2.72590415e+01  1.03117727e+07  1.64968913e+01
 1.03912230e+07  2.71052084e+01  1.03912230e+07  1.65770228e+01
 1.04712855e+07  2.69508032e+01  1.04712855e+07  1.66541656e+01
 1.05519648e+07  2.67984015e+01  1.05519648e+07  1.67320306e+01
 1.06332657e+07  2.66453377e+01  1.06332657e+07  1.68102200e+01
 1.07151931e+07  2.64901576e+01  1.07151931e+07  1.68936519e+01
 1.07977516e+07  2.63359276e+01  1.07977516e+07  1.69774103e+01
 1.08809463e+07  2.61851600e+01  1.08809463e+07  1.70638432e+01
 1.09647820e+07  2.60307326e+01  1.09647820e+07  1.71468266e+01
 1.10492636e+07  2.58768373e+01  1.10492636e+07  1.72391650e+01
 1.11343961e+07  2.57264003e+01  1.11343961e+07  1.73268213e+01
 1.12201845e+07  2.55721012e+01  1.12201845e+07  1.74233671e+01
 1.13066340e+07  2.54182495e+01  1.13066340e+07  1.75124977e+01
 1.13937495e+07  2.52675262e+01  1.13937495e+07  1.76064974e+01
 1.14815362e+07  2.51156814e+01  1.14815362e+07  1.77026297e+01
 1.15699993e+07  2.49633745e+01  1.15699993e+07  1.77987934e+01
 1.16591440e+07  2.48104485e+01  1.16591440e+07  1.78990255e+01
 1.17489755e+07  2.46579586e+01  1.17489755e+07  1.79982700e+01
 1.18394992e+07  2.45049639e+01  1.18394992e+07  1.80992826e+01
 1.19307204e+07  2.43548333e+01  1.19307204e+07  1.81988462e+01
 1.20226443e+07  2.42036713e+01  1.20226443e+07  1.83102550e+01
 1.21152766e+07  2.40480316e+01  1.21152766e+07  1.84183814e+01
 1.22086225e+07  2.38987770e+01  1.22086225e+07  1.85197592e+01
 1.23026877e+07  2.37471297e+01  1.23026877e+07  1.86316438e+01
 1.23974776e+07  2.35939758e+01  1.23974776e+07  1.87448317e+01
 1.24929979e+07  2.34440016e+01  1.24929979e+07  1.88530662e+01
 1.25892541e+07  2.32907431e+01  1.25892541e+07  1.89745248e+01
 1.26862520e+07  2.31380599e+01  1.26862520e+07  1.90897335e+01
 1.27839972e+07  2.29865860e+01  1.27839972e+07  1.92078828e+01
 1.28824955e+07  2.28349923e+01  1.28824955e+07  1.93301041e+01
 1.29817528e+07  2.26851322e+01  1.29817528e+07  1.94485572e+01
 1.30817747e+07  2.25348537e+01  1.30817747e+07  1.95771683e+01
 1.31825674e+07  2.23822330e+01  1.31825674e+07  1.97010902e+01
 1.32841366e+07  2.22296191e+01  1.32841366e+07  1.98332574e+01
 1.33864884e+07  2.20791352e+01  1.33864884e+07  1.99516312e+01
 1.34896288e+07  2.19256981e+01  1.34896288e+07  2.00905473e+01
 1.35935639e+07  2.17750681e+01  1.35935639e+07  2.02183558e+01
 1.36982998e+07  2.16229536e+01  1.36982998e+07  2.03521996e+01
 1.38038426e+07  2.14701604e+01  1.38038426e+07  2.04927049e+01
 1.39101987e+07  2.13203386e+01  1.39101987e+07  2.06297618e+01
 1.40173742e+07  2.11674715e+01  1.40173742e+07  2.07771006e+01
 1.41253754e+07  2.10145414e+01  1.41253754e+07  2.09132644e+01
 1.42342088e+07  2.08646793e+01  1.42342088e+07  2.10618694e+01
 1.43438808e+07  2.07095320e+01  1.43438808e+07  2.12133425e+01
 1.44543977e+07  2.05611926e+01  1.44543977e+07  2.13561807e+01
 1.45657662e+07  2.04084686e+01  1.45657662e+07  2.15147579e+01
 1.46779927e+07  2.02540812e+01  1.46779927e+07  2.16655533e+01
 1.47910839e+07  2.01061042e+01  1.47910839e+07  2.18202854e+01
 1.49050464e+07  1.99501888e+01  1.49050464e+07  2.19705411e+01
 1.50198870e+07  1.98007693e+01  1.50198870e+07  2.21382340e+01
 1.51356125e+07  1.96453731e+01  1.51356125e+07  2.22981696e+01
 1.52522296e+07  1.94933211e+01  1.52522296e+07  2.24674902e+01
 1.53697452e+07  1.93392698e+01  1.53697452e+07  2.26371114e+01
 1.54881662e+07  1.91870731e+01  1.54881662e+07  2.28000922e+01
 1.56074996e+07  1.90324420e+01  1.56074996e+07  2.29771930e+01
 1.57277525e+07  1.88811560e+01  1.57277525e+07  2.31494887e+01
 1.58489319e+07  1.87271796e+01  1.58489319e+07  2.33256623e+01
 1.59710450e+07  1.85753783e+01  1.59710450e+07  2.34992843e+01
 1.60940989e+07  1.84246499e+01  1.60940989e+07  2.36911844e+01
 1.62181010e+07  1.82702231e+01  1.62181010e+07  2.38726572e+01
 1.63430584e+07  1.81156271e+01  1.63430584e+07  2.40799946e+01
 1.64689787e+07  1.79626714e+01  1.64689787e+07  2.42551805e+01
 1.65958691e+07  1.78095580e+01  1.65958691e+07  2.44438268e+01
 1.67237372e+07  1.76550316e+01  1.67237372e+07  2.46472749e+01
 1.68525904e+07  1.75006733e+01  1.68525904e+07  2.48388895e+01
 1.69824365e+07  1.73489177e+01  1.69824365e+07  2.50453205e+01
 1.71132830e+07  1.71917239e+01  1.71132830e+07  2.52436222e+01
 1.72451377e+07  1.70381618e+01  1.72451377e+07  2.54486297e+01
 1.73780083e+07  1.68849652e+01  1.73780083e+07  2.56601070e+01
 1.75119026e+07  1.67298973e+01  1.75119026e+07  2.58777332e+01
 1.76468286e+07  1.65708966e+01  1.76468286e+07  2.61026460e+01
 1.77827941e+07  1.64211341e+01  1.77827941e+07  2.63258860e+01
 1.79198072e+07  1.62625845e+01  1.79198072e+07  2.65352517e+01
 1.80578760e+07  1.61074394e+01  1.80578760e+07  2.67721846e+01
 1.81970086e+07  1.59565589e+01  1.81970086e+07  2.69998586e+01
 1.83372132e+07  1.57992940e+01  1.83372132e+07  2.72390125e+01
 1.84784980e+07  1.56410009e+01  1.84784980e+07  2.74694210e+01
 1.86208714e+07  1.54867603e+01  1.86208714e+07  2.77256308e+01
 1.87643417e+07  1.53281092e+01  1.87643417e+07  2.79589653e+01
 1.89089175e+07  1.51704946e+01  1.89089175e+07  2.82221433e+01
 1.90546072e+07  1.50184407e+01  1.90546072e+07  2.84416320e+01
 1.92014194e+07  1.48543163e+01  1.92014194e+07  2.87077556e+01
 1.93493628e+07  1.47030094e+01  1.93493628e+07  2.89526727e+01
 1.94984460e+07  1.45434360e+01  1.94984460e+07  2.92537985e+01
 1.96486779e+07  1.43851264e+01  1.96486779e+07  2.94886768e+01
 1.98000673e+07  1.42238674e+01  1.98000673e+07  2.97797942e+01
 1.99526231e+07  1.40674869e+01  1.99526231e+07  3.00484510e+01
 2.01063544e+07  1.39119041e+01  2.01063544e+07  3.03419110e+01
 2.02612701e+07  1.37482941e+01  2.02612701e+07  3.06387852e+01
 2.04173794e+07  1.35953923e+01  2.04173794e+07  3.09478256e+01
 2.05746916e+07  1.34292116e+01  2.05746916e+07  3.12278055e+01
 2.07332157e+07  1.32739060e+01  2.07332157e+07  3.15098879e+01
 2.08929613e+07  1.31164369e+01  2.08929613e+07  3.18058428e+01
 2.10539377e+07  1.29509162e+01  2.10539377e+07  3.21064774e+01
 2.12161544e+07  1.27933121e+01  2.12161544e+07  3.24552143e+01
 2.13796209e+07  1.26290094e+01  2.13796209e+07  3.27573537e+01
 2.15443469e+07  1.24726652e+01  2.15443469e+07  3.31084337e+01
 2.17103421e+07  1.23094357e+01  2.17103421e+07  3.34687237e+01
 2.18776162e+07  1.21458924e+01  2.18776162e+07  3.37815652e+01
 2.20461792e+07  1.19873854e+01  2.20461792e+07  3.41442445e+01
 2.22160409e+07  1.18221932e+01  2.22160409e+07  3.44836613e+01
 2.23872114e+07  1.16614953e+01  2.23872114e+07  3.48250099e+01
 2.25597007e+07  1.14974027e+01  2.25597007e+07  3.51864479e+01
 2.27335190e+07  1.13365517e+01  2.27335190e+07  3.55504193e+01
 2.29086765e+07  1.11778680e+01  2.29086765e+07  3.59643806e+01
 2.30851836e+07  1.10169590e+01  2.30851836e+07  3.63241194e+01
 2.32630507e+07  1.08497875e+01  2.32630507e+07  3.67154637e+01
 2.34422882e+07  1.06850012e+01  2.34422882e+07  3.71541764e+01
 2.36229066e+07  1.05222373e+01  2.36229066e+07  3.75470051e+01
 2.38049167e+07  1.03579131e+01  2.38049167e+07  3.79408627e+01
 2.39883292e+07  1.01894968e+01  2.39883292e+07  3.83521049e+01
 2.41731548e+07  1.00288926e+01  2.41731548e+07  3.87290875e+01
 2.43594045e+07  9.86072102e+00  2.43594045e+07  3.92132186e+01
 2.45470892e+07  9.69609641e+00  2.45470892e+07  3.96289629e+01
 2.47362199e+07  9.53974751e+00  2.47362199e+07  4.01229107e+01
 2.49268079e+07  9.36772337e+00  2.49268079e+07  4.05825347e+01
 2.51188643e+07  9.19434507e+00  2.51188643e+07  4.10424149e+01
 2.53124005e+07  9.03846239e+00  2.53124005e+07  4.15062982e+01
 2.55074278e+07  8.87810392e+00  2.55074278e+07  4.19748100e+01
 2.57039578e+07  8.70988387e+00  2.57039578e+07  4.24546251e+01
 2.59020020e+07  8.54995056e+00  2.59020020e+07  4.28702283e+01
 2.61015722e+07  8.37386368e+00  2.61015722e+07  4.34043081e+01
 2.63026799e+07  8.20812358e+00  2.63026799e+07  4.39552967e+01
 2.65053372e+07  8.04509766e+00  2.65053372e+07  4.45699261e+01
 2.67095559e+07  7.87418126e+00  2.67095559e+07  4.51097499e+01
 2.69153480e+07  7.70429861e+00  2.69153480e+07  4.55736090e+01
 2.71227258e+07  7.54348265e+00  2.71227258e+07  4.62336560e+01
 2.73317014e+07  7.38155116e+00  2.73317014e+07  4.68199556e+01
 2.75422870e+07  7.20968222e+00  2.75422870e+07  4.73915562e+01
 2.77544952e+07  7.02066610e+00  2.77544952e+07  4.80053527e+01
 2.79683385e+07  6.86880401e+00  2.79683385e+07  4.85101568e+01
 2.81838293e+07  6.70786856e+00  2.81838293e+07  4.92184904e+01
 2.84009805e+07  6.54587731e+00  2.84009805e+07  4.99776910e+01
 2.86198048e+07  6.34250018e+00  2.86198048e+07  5.05977140e+01
 2.88403150e+07  6.22580867e+00  2.88403150e+07  5.12167355e+01
 2.90625243e+07  6.03646269e+00  2.90625243e+07  5.19635584e+01
 2.92864456e+07  5.86035424e+00  2.92864456e+07  5.26424759e+01
 2.95120923e+07  5.70378365e+00  2.95120923e+07  5.33356284e+01
 2.97394775e+07  5.54996112e+00  2.97394775e+07  5.40944671e+01
 2.99686146e+07  5.37851236e+00  2.99686146e+07  5.45887847e+01
 3.01995172e+07  5.21218232e+00  3.01995172e+07  5.54321303e+01
 3.04321989e+07  5.01631226e+00  3.04321989e+07  5.61154796e+01
 3.06666733e+07  4.88596807e+00  3.06666733e+07  5.71436965e+01
 3.09029543e+07  4.71182481e+00  3.09029543e+07  5.79377784e+01
 3.11410558e+07  4.55254702e+00  3.11410558e+07  5.87341565e+01
 3.13809919e+07  4.37981983e+00  3.13809919e+07  5.96406225e+01
 3.16227766e+07  4.26259093e+00  3.16227766e+07  6.03872193e+01
 3.18664242e+07  4.05916450e+00  3.18664242e+07  6.12155770e+01
 3.21119491e+07  3.96856125e+00  3.21119491e+07  6.18402642e+01
 3.23593657e+07  3.73621275e+00  3.23593657e+07  6.32716212e+01
 3.26086886e+07  3.58678443e+00  3.26086886e+07  6.36378206e+01
 3.28599325e+07  3.48454373e+00  3.28599325e+07  6.47485638e+01
 3.31131121e+07  3.26595889e+00  3.31131121e+07  6.58621819e+01
 3.33682425e+07  3.12670958e+00  3.33682425e+07  6.71936839e+01
 3.36253386e+07  2.97395617e+00  3.36253386e+07  6.79228812e+01
 3.38844156e+07  2.77877716e+00  3.38844156e+07  6.88415858e+01
 3.41454887e+07  2.75401121e+00  3.41454887e+07  6.95694280e+01
 3.44085734e+07  2.62170396e+00  3.44085734e+07  7.02476255e+01
 3.46736850e+07  2.43593870e+00  3.46736850e+07  7.19138272e+01
 3.49408393e+07  2.26862662e+00  3.49408393e+07  7.25779799e+01
 3.52100520e+07  2.23927805e+00  3.52100520e+07  7.37883991e+01
 3.54813389e+07  1.87815057e+00  3.54813389e+07  7.49387446e+01
 3.57547160e+07  1.94738705e+00  3.57547160e+07  7.60605876e+01
 3.60301995e+07  1.76258818e+00  3.60301995e+07  7.69059353e+01
 3.63078055e+07  1.62572949e+00  3.63078055e+07  7.79240499e+01
 3.65875504e+07  1.42418714e+00  3.65875504e+07  7.96232783e+01
 3.68694506e+07  1.40872641e+00  3.68694506e+07  8.10792168e+01
 3.71535229e+07  1.27089834e+00  3.71535229e+07  8.14274812e+01
 3.74397839e+07  1.11404976e+00  3.74397839e+07  8.32250736e+01
 3.77282505e+07  1.05838971e+00  3.77282505e+07  8.37290954e+01
 3.80189396e+07  8.41465187e-01  3.80189396e+07  8.50932634e+01
 3.83118685e+07  9.26406671e-01  3.83118685e+07  8.64864409e+01
 3.86070543e+07  7.82736685e-01  3.86070543e+07  8.76729612e+01
 3.89045145e+07  6.81637476e-01  3.89045145e+07  8.94013927e+01
 3.92042666e+07  5.25392425e-01  3.92042666e+07  9.11022771e+01
 3.95063281e+07  4.24072650e-01  3.95063281e+07  9.22418872e+01
 3.98107171e+07  2.95503062e-01  3.98107171e+07  9.31682686e+01
 4.01174512e+07  3.20285537e-01  4.01174512e+07  9.44649230e+01
 4.04265487e+07  3.12368401e-01  4.04265487e+07  9.53505971e+01
 4.07380278e+07  1.61571793e-01  4.07380278e+07  9.69082795e+01
 4.10519067e+07  2.77466997e-01  4.10519067e+07  9.88614133e+01
 4.13682040e+07  7.98847217e-02  4.13682040e+07  9.94312697e+01
 4.16869383e+07  -2.54880037e-01  4.16869383e+07  1.00091414e+02
 4.20081285e+07  -1.08504697e-01  4.20081285e+07  1.01685275e+02
 4.23317933e+07  -2.77318956e-01  4.23317933e+07  1.03707730e+02
 4.26579519e+07  -2.56044040e-01  4.26579519e+07  1.04161830e+02
 4.29866235e+07  -2.95333727e-01  4.29866235e+07  1.04511259e+02
 4.33178274e+07  -3.21072466e-01  4.33178274e+07  1.06730957e+02
 4.36515832e+07  -3.92861382e-01  4.36515832e+07  1.08057005e+02
 4.39879106e+07  -3.89739208e-01  4.39879106e+07  1.09482763e+02
 4.43268292e+07  -4.36352088e-01  4.43268292e+07  1.10824411e+02
 4.46683592e+07  -3.10866636e-01  4.46683592e+07  1.11785461e+02
 4.50125206e+07  -3.94514357e-01  4.50125206e+07  1.12807696e+02
 4.53593337e+07  -4.37615482e-01  4.53593337e+07  1.13687878e+02
 4.57088190e+07  -4.83343752e-01  4.57088190e+07  1.15946208e+02
 4.60609969e+07  -3.32368761e-01  4.60609969e+07  1.17513441e+02
 4.64158883e+07  -3.81644859e-01  4.64158883e+07  1.18251611e+02
 4.67735141e+07  -3.35468588e-01  4.67735141e+07  1.19032473e+02
 4.71338954e+07  -5.83683072e-01  4.71338954e+07  1.20083862e+02
 4.74970533e+07  -5.15091784e-01  4.74970533e+07  1.23200513e+02
 4.78630092e+07  -5.65456337e-01  4.78630092e+07  1.24295666e+02
 4.82317848e+07  -5.52254276e-01  4.82317848e+07  1.24375819e+02
 4.86034018e+07  -4.77242326e-01  4.86034018e+07  1.24012953e+02
 4.89778819e+07  -3.87041673e-01  4.89778819e+07  1.25272690e+02
 4.93552474e+07  -4.88597479e-01  4.93552474e+07  1.27343327e+02
 4.97355204e+07  -3.60648327e-01  4.97355204e+07  1.25752713e+02
 5.01187234e+07  -4.10759449e-01  5.01187234e+07  1.28595494e+02
 5.05048788e+07  -3.91784701e-01  5.05048788e+07  1.32226180e+02
 5.08940095e+07  -3.58264601e-01  5.08940095e+07  1.30090477e+02
 5.12861384e+07  -2.25310985e-01  5.12861384e+07  1.31673315e+02
 5.16812886e+07  -3.86357323e-01  5.16812886e+07  1.31723969e+02
 5.20794833e+07  -2.45637563e-01  5.20794833e+07  1.32749377e+02
 5.24807460e+07  -2.82322711e-01  5.24807460e+07  1.34248744e+02
 5.28851004e+07  -2.32721624e-01  5.28851004e+07  1.35504564e+02
 5.32925703e+07  -1.10359365e-01  5.32925703e+07  1.35294720e+02
 5.37031796e+07  -1.35769224e-01  5.37031796e+07  1.36980758e+02
 5.41169527e+07  -1.15580711e-01  5.41169527e+07  1.39297875e+02
 5.45339137e+07  -8.08368396e-02  5.45339137e+07  1.38542450e+02
 5.49540874e+07  -7.13664430e-02  5.49540874e+07  1.39867515e+02
 5.53774984e+07  -1.06110279e-01  5.53774984e+07  1.42423813e+02
 5.58041717e+07  -6.34851530e-02  5.58041717e+07  1.41376437e+02
 5.62341325e+07  6.63804423e-02  5.62341325e+07  1.43391691e+02
 5.66674061e+07  1.00849495e-01  5.66674061e+07  1.43363104e+02
 5.71040179e+07  1.20498627e-01  5.71040179e+07  1.44140997e+02
 5.75439937e+07  2.26140036e-01  5.75439937e+07  1.45031063e+02
 5.79873595e+07  4.89785057e-02  5.79873595e+07  1.45384825e+02
 5.84341413e+07  3.31870276e-01  5.84341413e+07  1.45673240e+02
 5.88843655e+07  1.52054630e-01  5.88843655e+07  1.47113837e+02
 5.93380586e+07  2.33569197e-01  5.93380586e+07  1.48114304e+02
 5.97952473e+07  2.38090266e-01  5.97952473e+07  1.48499805e+02
 6.02559586e+07  2.75761530e-01  6.02559586e+07  1.49256810e+02
 6.07202196e+07  3.63821569e-01  6.07202196e+07  1.49617604e+02
 6.11880576e+07  3.89347852e-01  6.11880576e+07  1.49848744e+02
 6.16595002e+07  4.11539878e-01  6.16595002e+07  1.50631547e+02
 6.21345752e+07  6.19046183e-01  6.21345752e+07  1.51187918e+02
 6.26133105e+07  6.21997635e-01  6.26133105e+07  1.52352600e+02
 6.30957344e+07  7.60976582e-01  6.30957344e+07  1.52387376e+02
 6.35818754e+07  5.20266813e-01  6.35818754e+07  1.53813035e+02
 6.40717619e+07  7.86449358e-01  6.40717619e+07  1.53881519e+02
 6.45654229e+07  6.46656309e-01  6.45654229e+07  1.54921645e+02
 6.50628875e+07  8.54860673e-01  6.50628875e+07  1.55444103e+02
 6.55641849e+07  8.63627153e-01  6.55641849e+07  1.55980926e+02
 6.60693448e+07  9.39289604e-01  6.60693448e+07  1.56361647e+02
 6.65783968e+07  1.18668268e+00  6.65783968e+07  1.56535994e+02
 6.70913710e+07  8.26699290e-01  6.70913710e+07  1.57624070e+02
 6.76082975e+07  1.00026225e+00  6.76082975e+07  1.58043345e+02
 6.81292069e+07  9.21300695e-01  6.81292069e+07  1.58726679e+02
 6.86541298e+07  1.02711473e+00  6.86541298e+07  1.59064193e+02
 6.91830971e+07  1.15387852e+00  6.91830971e+07  1.59622411e+02
 6.97161400e+07  1.11688996e+00  6.97161400e+07  1.60179420e+02
 7.02532899e+07  1.18645484e+00  7.02532899e+07  1.60607644e+02
 7.07945784e+07  1.37727119e+00  7.07945784e+07  1.60598955e+02
 7.13400375e+07  1.21172848e+00  7.13400375e+07  1.61505455e+02
 7.18896992e+07  1.34618799e+00  7.18896992e+07  1.62008320e+02
 7.24435960e+07  1.32654395e+00  7.24435960e+07  1.62065082e+02
 7.30017605e+07  1.38433067e+00  7.30017605e+07  1.62756142e+02
 7.35642254e+07  1.55467356e+00  7.35642254e+07  1.63198410e+02
 7.41310241e+07  1.46532550e+00  7.41310241e+07  1.63706066e+02
 7.47021899e+07  1.39365146e+00  7.47021899e+07  1.64734810e+02
 7.52777564e+07  1.52112254e+00  7.52777564e+07  1.64719837e+02
 7.58577575e+07  1.66404846e+00  7.58577575e+07  1.64982575e+02
 7.64422274e+07  1.54303417e+00  7.64422274e+07  1.65347533e+02
 7.70312006e+07  1.65598239e+00  7.70312006e+07  1.66181488e+02
 7.76247117e+07  1.84048766e+00  7.76247117e+07  1.66124767e+02
 7.82227956e+07  1.67599167e+00  7.82227956e+07  1.66734545e+02
 7.88254877e+07  1.83180213e+00  7.88254877e+07  1.66874129e+02
 7.94328235e+07  1.73480700e+00  7.94328235e+07  1.67127402e+02
 8.00448386e+07  1.84080631e+00  8.00448386e+07  1.67817049e+02
 8.06615692e+07  1.81776065e+00  8.06615692e+07  1.68201677e+02
 8.12830516e+07  2.11500649e+00  8.12830516e+07  1.68334989e+02
 8.19093224e+07  2.02165389e+00  8.19093224e+07  1.69057805e+02
 8.25404185e+07  1.97515563e+00  8.25404185e+07  1.68893076e+02
 8.31763771e+07  1.86899632e+00  8.31763771e+07  1.69757404e+02
 8.38172356e+07  2.03677589e+00  8.38172356e+07  1.69851293e+02
 8.44630319e+07  2.03605785e+00  8.44630319e+07  1.70484344e+02
 8.51138038e+07  2.07288564e+00  8.51138038e+07  1.70933070e+02
 8.57695899e+07  2.05263434e+00  8.57695899e+07  1.71068561e+02
 8.64304286e+07  2.14684923e+00  8.64304286e+07  1.71433923e+02
 8.70963590e+07  2.47257602e+00  8.70963590e+07  1.71370183e+02
 8.77674203e+07  2.12573757e+00  8.77674203e+07  1.72142961e+02
 8.84436519e+07  2.30464298e+00  8.84436519e+07  1.72523956e+02
 8.91250938e+07  2.37370922e+00  8.91250938e+07  1.72409647e+02
 8.98117861e+07  2.49323801e+00  8.98117861e+07  1.72809603e+02
 9.05037692e+07  2.34752361e+00  9.05037692e+07  1.73259093e+02
 9.12010839e+07  2.15602793e+00  9.12010839e+07  1.74160757e+02
 9.19037713e+07  2.44428412e+00  9.19037713e+07  1.74006925e+02
 9.26118728e+07  2.51092629e+00  9.26118728e+07  1.74311720e+02
 9.33254301e+07  2.69381153e+00  9.33254301e+07  1.74427535e+02
 9.40444852e+07  2.54491961e+00  9.40444852e+07  1.74742571e+02
 9.47690805e+07  2.67740761e+00  9.47690805e+07  1.74908220e+02
 9.54992586e+07  2.69742083e+00  9.54992586e+07  1.75307204e+02
 9.62350626e+07  2.88494434e+00  9.62350626e+07  1.75432659e+02
 9.69765359e+07  2.93304536e+00  9.69765359e+07  1.75900294e+02
 9.77237221e+07  2.68983152e+00  9.77237221e+07  1.76336258e+02
 9.84766652e+07  2.75682822e+00  9.84766652e+07  1.76769059e+02
 9.92354096e+07  2.57928495e+00  9.92354096e+07  1.76885359e+02
 1.00000000e+08  2.71360520e+00  1.00000000e+08  1.77033761e+02
 1.00770481e+08  2.92782149e+00  1.00770481e+08  1.77156985e+02
 1.01546899e+08  3.24409077e+00  1.01546899e+08  1.77408917e+02
 1.02329299e+08  2.86060816e+00  1.02329299e+08  1.77813787e+02
 1.03117727e+08  3.01651303e+00  1.03117727e+08  1.78061269e+02
 1.03912230e+08  2.89057532e+00  1.03912230e+08  1.78350282e+02
 1.04712855e+08  3.05830807e+00  1.04712855e+08  1.78637888e+02
 1.05519648e+08  3.01078308e+00  1.05519648e+08  1.78726388e+02
 1.06332657e+08  3.10278593e+00  1.06332657e+08  1.79025023e+02
 1.07151931e+08  3.07735620e+00  1.07151931e+08  1.79308265e+02
 1.07977516e+08  3.25793272e+00  1.07977516e+08  1.79327256e+02
 1.08809463e+08  2.93364572e+00  1.08809463e+08  1.80165505e+02
 1.09647820e+08  3.12999856e+00  1.09647820e+08  1.80151397e+02
 1.10492636e+08  3.27998687e+00  1.10492636e+08  1.80069822e+02
 1.11343961e+08  3.27907089e+00  1.11343961e+08  1.80452779e+02
 1.12201845e+08  3.26152374e+00  1.12201845e+08  1.80569541e+02
 1.13066340e+08  3.26820407e+00  1.13066340e+08  1.80865095e+02
 1.13937495e+08  3.35269956e+00  1.13937495e+08  1.81119202e+02
 1.14815362e+08  3.43232074e+00  1.14815362e+08  1.81349006e+02
 1.15699993e+08  3.34598616e+00  1.15699993e+08  1.81935991e+02
 1.16591440e+08  3.22361540e+00  1.16591440e+08  1.82137172e+02
 1.17489755e+08  3.54341235e+00  1.17489755e+08  1.82167588e+02
 1.18394992e+08  3.84797227e+00  1.18394992e+08  1.82079828e+02
 1.19307204e+08  3.55645495e+00  1.19307204e+08  1.82553844e+02
 1.20226443e+08  3.65344256e+00  1.20226443e+08  1.82516291e+02
 1.21152766e+08  3.67591385e+00  1.21152766e+08  1.82949333e+02
 1.22086225e+08  3.76158618e+00  1.22086225e+08  1.82979912e+02
 1.23026877e+08  3.68125117e+00  1.23026877e+08  1.83018956e+02
 1.23974776e+08  3.70756796e+00  1.23974776e+08  1.83672670e+02
 1.24929979e+08  3.81531115e+00  1.24929979e+08  1.83564792e+02
 1.25892541e+08  3.84807364e+00  1.25892541e+08  1.83782897e+02
 1.26862520e+08  3.86581234e+00  1.26862520e+08  1.84120086e+02
 1.27839972e+08  3.98936768e+00  1.27839972e+08  1.83985975e+02
 1.28824955e+08  3.78802697e+00  1.28824955e+08  1.84421731e+02
 1.29817528e+08  4.28914735e+00  1.29817528e+08  1.84617551e+02
 1.30817747e+08  4.33181051e+00  1.30817747e+08  1.84689996e+02
 1.31825674e+08  3.81562395e+00  1.31825674e+08  1.84748712e+02
 1.32841366e+08  4.12739064e+00  1.32841366e+08  1.85104831e+02
 1.33864884e+08  3.90152703e+00  1.33864884e+08  1.85396279e+02
 1.34896288e+08  4.19972238e+00  1.34896288e+08  1.84913416e+02
 1.35935639e+08  4.64812295e+00  1.35935639e+08  1.85360002e+02
 1.36982998e+08  4.14109275e+00  1.36982998e+08  1.85607322e+02
 1.38038426e+08  4.18124240e+00  1.38038426e+08  1.86022473e+02
 1.39101987e+08  4.20729806e+00  1.39101987e+08  1.85736441e+02
 1.40173742e+08  4.53008507e+00  1.40173742e+08  1.85738547e+02
 1.41253754e+08  4.58191908e+00  1.41253754e+08  1.85882388e+02
 1.42342088e+08  4.33559477e+00  1.42342088e+08  1.85987955e+02
 1.43438808e+08  4.53578863e+00  1.43438808e+08  1.86805064e+02
 1.44543977e+08  4.44513652e+00  1.44543977e+08  1.86677987e+02
 1.45657662e+08  4.81440234e+00  1.45657662e+08  1.86474976e+02
 1.46779927e+08  4.39383618e+00  1.46779927e+08  1.86718961e+02
 1.47910839e+08  4.46202942e+00  1.47910839e+08  1.86867611e+02
 1.49050464e+08  4.52615873e+00  1.49050464e+08  1.87454801e+02
 1.50198870e+08  4.58081635e+00  1.50198870e+08  1.87309457e+02
 1.51356125e+08  4.66478334e+00  1.51356125e+08  1.87687803e+02
 1.52522296e+08  4.90303456e+00  1.52522296e+08  1.87166332e+02
 1.53697452e+08  4.78990489e+00  1.53697452e+08  1.87364864e+02
 1.54881662e+08  5.23689525e+00  1.54881662e+08  1.87382227e+02
 1.56074996e+08  4.77183860e+00  1.56074996e+08  1.87770071e+02
 1.57277525e+08  4.85522181e+00  1.57277525e+08  1.87973594e+02
 1.58489319e+08  5.12844512e+00  1.58489319e+08  1.88016673e+02
 1.59710450e+08  5.21748498e+00  1.59710450e+08  1.87875419e+02
 1.60940989e+08  5.31929160e+00  1.60940989e+08  1.87816772e+02
 1.62181010e+08  5.01818917e+00  1.62181010e+08  1.88130001e+02
 1.63430584e+08  4.54552801e+00  1.63430584e+08  1.88719411e+02
 1.64689787e+08  5.01938337e+00  1.64689787e+08  1.88516277e+02
 1.65958691e+08  4.92588566e+00  1.65958691e+08  1.88645346e+02
 1.67237372e+08  4.81622232e+00  1.67237372e+08  1.88831758e+02
 1.68525904e+08  5.13195173e+00  1.68525904e+08  1.89061400e+02
 1.69824365e+08  5.46594766e+00  1.69824365e+08  1.89067967e+02
 1.71132830e+08  5.13725867e+00  1.71132830e+08  1.88969448e+02
 1.72451377e+08  4.83776385e+00  1.72451377e+08  1.89200749e+02
 1.73780083e+08  4.93749589e+00  1.73780083e+08  1.89043797e+02
 1.75119026e+08  5.05288340e+00  1.75119026e+08  1.89115842e+02
 1.76468286e+08  5.62757029e+00  1.76468286e+08  1.89201777e+02
 1.77827941e+08  5.52680898e+00  1.77827941e+08  1.89035238e+02
 1.79198072e+08  5.43417205e+00  1.79198072e+08  1.89380722e+02
 1.80578760e+08  5.33554543e+00  1.80578760e+08  1.89381933e+02
 1.81970086e+08  5.22919915e+00  1.81970086e+08  1.89381576e+02
 1.83372132e+08  5.60583183e+00  1.83372132e+08  1.89470549e+02
 1.84784980e+08  5.51324911e+00  1.84784980e+08  1.89523775e+02
 1.86208714e+08  5.66830978e+00  1.86208714e+08  1.89274252e+02
 1.87643417e+08  5.31110652e+00  1.87643417e+08  1.89809290e+02
 1.89089175e+08  5.21425795e+00  1.89089175e+08  1.89718485e+02
 1.90546072e+08  5.61368715e+00  1.90546072e+08  1.89617106e+02
 1.92014194e+08  5.78066009e+00  1.92014194e+08  1.89889833e+02
 1.93493628e+08  5.68389182e+00  1.93493628e+08  1.89616879e+02
 1.94984460e+08  5.86278022e+00  1.94984460e+08  1.89835050e+02
 1.96486779e+08  5.76242828e+00  1.96486779e+08  1.89808032e+02
 1.98000673e+08  5.65038679e+00  1.98000673e+08  1.89392225e+02
 1.99526231e+08  5.28661100e+00  1.99526231e+08  1.89856168e+02
 2.01063544e+08  5.19778259e+00  2.01063544e+08  1.90018167e+02
 2.02612701e+08  5.64873377e+00  2.02612701e+08  1.89762851e+02
 2.04173794e+08  5.54029421e+00  2.04173794e+08  1.89680092e+02
 2.05746916e+08  6.34529819e+00  2.05746916e+08  1.89972242e+02
 2.07332157e+08  5.62913924e+00  2.07332157e+08  1.90043228e+02
 2.08929613e+08  6.13661082e+00  2.08929613e+08  1.89431013e+02
 2.10539377e+08  6.03675492e+00  2.10539377e+08  1.89586346e+02
 2.12161544e+08  6.60068343e+00  2.12161544e+08  1.89276751e+02
 2.13796209e+08  6.15937921e+00  2.13796209e+08  1.89352827e+02
 2.15443469e+08  7.11721958e+00  2.15443469e+08  1.89961360e+02
 2.17103421e+08  6.29599421e+00  2.17103421e+08  1.90059665e+02
 2.18776162e+08  5.86081434e+00  2.18776162e+08  1.89749908e+02
 2.20461792e+08  5.43345931e+00  2.20461792e+08  1.89779361e+02
 2.22160409e+08  6.70224767e+00  2.22160409e+08  1.89856074e+02
 2.23872114e+08  6.23141872e+00  2.23872114e+08  1.89752807e+02
 2.25597007e+08  5.77397753e+00  2.25597007e+08  1.89454483e+02
 2.27335190e+08  6.37856071e+00  2.27335190e+08  1.88951431e+02
 2.29086765e+08  6.28915949e+00  2.29086765e+08  1.89231285e+02
 2.30851836e+08  6.55881507e+00  2.30851836e+08  1.89532153e+02
 2.32630507e+08  6.84878837e+00  2.32630507e+08  1.89068502e+02
 2.34422882e+08  7.60701238e+00  2.34422882e+08  1.89856898e+02
 2.36229066e+08  6.64113075e+00  2.36229066e+08  1.89508643e+02
 2.38049167e+08  6.95539710e+00  2.38049167e+08  1.89510778e+02
 2.39883292e+08  6.42686434e+00  2.39883292e+08  1.89955766e+02
 2.41731548e+08  7.19043391e+00  2.41731548e+08  1.89476398e+02
 2.43594045e+08  6.22114643e+00  2.43594045e+08  1.89744285e+02
 2.45470892e+08  6.97614464e+00  2.45470892e+08  1.89625909e+02
 2.47362199e+08  6.85087515e+00  2.47362199e+08  1.88916064e+02
 2.49268079e+08  7.70306863e+00  2.49268079e+08  1.89233907e+02
 2.51188643e+08  6.21542049e+00  2.51188643e+08  1.89799092e+02
 2.53124005e+08  7.00899838e+00  2.53124005e+08  1.89394997e+02
 2.55074278e+08  5.99369114e+00  2.55074278e+08  1.89141195e+02
 2.57039578e+08  6.78956360e+00  2.57039578e+08  1.88957278e+02
 2.59020020e+08  6.66809301e+00  2.59020020e+08  1.88612029e+02
 2.61015722e+08  6.56684327e+00  2.61015722e+08  1.88528122e+02
 2.63026799e+08  6.44059301e+00  2.63026799e+08  1.89054742e+02
 2.65053372e+08  6.83497825e+00  2.65053372e+08  1.89102681e+02
 2.67095559e+08  6.23062740e+00  2.67095559e+08  1.88650565e+02
 2.69153480e+08  6.61325924e+00  2.69153480e+08  1.88854438e+02
 2.71227258e+08  7.01067611e+00  2.71227258e+08  1.88459632e+02
 2.73317014e+08  6.90173852e+00  2.73317014e+08  1.88419512e+02
 2.75422870e+08  6.79589963e+00  2.75422870e+08  1.88632620e+02
 2.77544952e+08  7.23512317e+00  2.77544952e+08  1.88298724e+02
 2.79683385e+08  6.04623928e+00  2.79683385e+08  1.88633997e+02
 2.81838293e+08  6.44301056e+00  2.81838293e+08  1.88177001e+02
 2.84009805e+08  6.34005337e+00  2.84009805e+08  1.88145397e+02
 2.86198048e+08  5.69624662e+00  2.86198048e+08  1.88043168e+02
 2.88403150e+08  7.89369037e+00  2.88403150e+08  1.87680804e+02
 2.90625243e+08  7.14479805e+00  2.90625243e+08  1.87682310e+02
 2.92864456e+08  7.65807363e+00  2.92864456e+08  1.87592672e+02
 2.95120923e+08  6.90775191e+00  2.95120923e+08  1.87595756e+02
 2.97394775e+08  6.79235349e+00  2.97394775e+08  1.87449867e+02
 2.99686146e+08  6.08059426e+00  2.99686146e+08  1.87624194e+02
 3.01995172e+08  7.88446527e+00  3.01995172e+08  1.87982535e+02
 3.04321989e+08  7.07587934e+00  3.04321989e+08  1.87723293e+02
 3.06666733e+08  6.96533774e+00  3.06666733e+08  1.86939425e+02
 3.09029543e+08  6.83763631e+00  3.09029543e+08  1.87322982e+02
 3.11410558e+08  7.41696896e+00  3.11410558e+08  1.87545322e+02
 3.13809919e+08  5.96567107e+00  3.13809919e+08  1.87292795e+02
 3.16227766e+08  5.85340781e+00  3.16227766e+08  1.87160629e+02
 3.18664242e+08  5.14000967e+00  3.18664242e+08  1.86873421e+02
 3.21119491e+08  7.67757557e+00  3.21119491e+08  1.86929173e+02
 3.23593657e+08  5.48989784e+00  3.23593657e+08  1.86847841e+02
 3.26086886e+08  8.26687424e+00  3.26086886e+08  1.86493618e+02
 3.28599325e+08  6.55941590e+00  3.28599325e+08  1.86190634e+02
 3.31131121e+08  6.44741576e+00  3.31131121e+08  1.86474947e+02
 3.33682425e+08  7.90151396e+00  3.33682425e+08  1.86010263e+02
 3.36253386e+08  8.68289153e+00  3.36253386e+08  1.86456186e+02
 3.38844156e+08  6.83765080e+00  3.38844156e+08  1.86524433e+02
 3.41454887e+08  7.52566261e+00  3.41454887e+08  1.86010507e+02
 3.44085734e+08  6.56814165e+00  3.44085734e+08  1.85899406e+02
 3.46736850e+08  6.45667563e+00  3.46736850e+08  1.86122813e+02
 3.49408393e+08  9.07784352e+00  3.49408393e+08  1.86169266e+02
 3.52100520e+08  7.93791562e+00  3.52100520e+08  1.85726358e+02
 3.54813389e+08  7.81000067e+00  3.54813389e+08  1.85987493e+02
 3.57547160e+08  7.68192099e+00  3.57547160e+08  1.85647907e+02
 3.60301995e+08  7.56014621e+00  3.60301995e+08  1.85589183e+02
 3.63078055e+08  8.44654822e+00  3.63078055e+08  1.85344094e+02
 3.65875504e+08  9.48793716e+00  3.65875504e+08  1.85224407e+02
 3.68694506e+08  7.18087462e+00  3.68694506e+08  1.85368856e+02
 3.71535229e+08  7.05105687e+00  3.71535229e+08  1.85548463e+02
 3.74397839e+08  7.95080709e+00  3.74397839e+08  1.85211940e+02
 3.77282505e+08  7.82711261e+00  3.77282505e+08  1.85019443e+02
 3.80189396e+08  5.77597814e+00  3.80189396e+08  1.85027057e+02
 3.83118685e+08  7.58549080e+00  3.83118685e+08  1.84959995e+02
 3.86070543e+08  7.45487998e+00  3.86070543e+08  1.84885156e+02
 3.89045145e+08  7.30750917e+00  3.89045145e+08  1.84706160e+02
 3.92042666e+08  7.19556139e+00  3.92042666e+08  1.84667368e+02
 3.95063281e+08  7.04544024e+00  3.95063281e+08  1.84857936e+02
 3.98107171e+08  8.09595738e+00  3.98107171e+08  1.84661210e+02
 4.01174512e+08  5.78866688e+00  4.01174512e+08  1.84531462e+02
 4.04265487e+08  7.83787840e+00  4.04265487e+08  1.84305567e+02
 4.07380278e+08  6.55008378e+00  4.07380278e+08  1.84579863e+02
 4.10519067e+08  6.41872299e+00  4.10519067e+08  1.84115134e+02
 4.13682040e+08  7.43160654e+00  4.13682040e+08  1.84413176e+02
 4.16869383e+08  8.65268314e+00  4.16869383e+08  1.84326103e+02
 4.20081285e+08  6.04202296e+00  4.20081285e+08  1.83836801e+02
 4.23317933e+08  8.37796172e+00  4.23317933e+08  1.83925179e+02
 4.26579519e+08  5.76457445e+00  4.26579519e+08  1.84111359e+02
 4.29866235e+08  6.78257069e+00  4.29866235e+08  1.83996395e+02
 4.33178274e+08  9.56964514e+00  4.33178274e+08  1.83895562e+02
 4.36515832e+08  1.13706118e+01  4.36515832e+08  1.83762418e+02
 4.39879106e+08  1.12679011e+01  4.39879106e+08  1.83835363e+02
 4.43268292e+08  5.13377079e+00  4.43268292e+08  1.83611308e+02
 4.46683592e+08  6.15016292e+00  4.46683592e+08  1.83458521e+02
 4.50125206e+08  7.35345958e+00  4.50125206e+08  1.83345400e+02
 4.53593337e+08  7.20564541e+00  4.53593337e+08  1.83274897e+02
 4.57088190e+08  8.66884784e+00  4.57088190e+08  1.83144934e+02
 4.60609969e+08  8.50755773e+00  4.60609969e+08  1.83790415e+02
 4.64158883e+08  8.38286248e+00  4.64158883e+08  1.83330075e+02
 4.67735141e+08  1.02050516e+01  4.67735141e+08  1.83081106e+02
 4.71338954e+08  1.00669329e+01  4.71338954e+08  1.82958800e+02
 4.74970533e+08  6.44688827e+00  4.74970533e+08  1.82805558e+02
 4.78630092e+08  4.95645567e+00  4.78630092e+08  1.83101554e+02
 4.82317848e+08  9.66036470e+00  4.82317848e+08  1.82702597e+02
 4.86034018e+08  7.58817816e+00  4.86034018e+08  1.83317026e+02
 4.89778819e+08  5.89981382e+00  4.89778819e+08  1.82804112e+02
 4.93552474e+08  5.78261226e+00  4.93552474e+08  1.82404404e+02
 4.97355204e+08  7.19022962e+00  4.97355204e+08  1.82509323e+02
 5.01187234e+08  4.18269474e+00  5.01187234e+08  1.82361761e+02
 5.05048788e+08  8.87557258e+00  5.05048788e+08  1.82927241e+02
 5.08940095e+08  8.75182384e+00  5.08940095e+08  1.82827605e+02
 5.12861384e+08  6.67578467e+00  5.12861384e+08  1.82961579e+02
 5.16812886e+08  4.97514744e+00  5.16812886e+08  1.82089284e+02
 5.20794833e+08  6.40510142e+00  5.20794833e+08  1.82426553e+02
 5.24807460e+08  4.70360494e+00  5.24807460e+08  1.82678273e+02
 5.28851004e+08  8.06623832e+00  5.28851004e+08  1.82861467e+02
 5.32925703e+08  1.04297852e+01  5.32925703e+08  1.82804281e+02
 5.37031796e+08  7.80596699e+00  5.37031796e+08  1.82409008e+02
 5.41169527e+08  4.15664685e+00  5.41169527e+08  1.81851698e+02
 5.45339137e+08  1.00221330e+01  5.45339137e+08  1.81970572e+02
 5.49540874e+08  5.45504340e+00  5.49540874e+08  1.82000244e+02
 5.53774984e+08  9.74772090e+00  5.53774984e+08  1.82961036e+02
 5.58041717e+08  9.62774867e+00  5.58041717e+08  1.82209227e+02
 5.62341325e+08  9.48896427e+00  5.62341325e+08  1.81198198e+02
 5.66674061e+08  3.36172201e+00  5.66674061e+08  1.81498188e+02
 5.71040179e+08  1.27205643e+01  5.71040179e+08  1.83040323e+02
 5.75439937e+08  1.26087616e+01  5.75439937e+08  1.82156408e+02
 5.79873595e+08  6.47530598e+00  5.79873595e+08  1.81991548e+02
 5.84341413e+08  4.40671279e+00  5.84341413e+08  1.81894692e+02
 5.88843655e+08  8.66177644e+00  5.88843655e+08  1.81717487e+02
 5.93380586e+08  6.09484404e+00  5.93380586e+08  1.81692840e+02
 5.97952473e+08  8.41574073e+00  5.97952473e+08  1.81623609e+02
 6.02559586e+08  1.17804250e+01  6.02559586e+08  1.81348999e+02
 6.07202196e+08  3.72453218e+00  6.07202196e+08  1.81544594e+02
 6.11880576e+08  1.75267926e+01  6.11880576e+08  1.83134644e+02
 6.16595002e+08  1.13886218e+01  6.16595002e+08  1.82437156e+02
 6.21345752e+08  5.25513392e+00  6.21345752e+08  1.81380984e+02
 6.26133105e+08  7.59520950e+00  6.26133105e+08  1.81459529e+02
 6.30957344e+08  1.09837841e+01  6.30957344e+08  1.81482372e+02
 6.35818754e+08  7.33692193e+00  6.35818754e+08  1.81908829e+02
 6.40717619e+08  7.20755808e+00  6.40717619e+08  1.81126296e+02
 6.45654229e+08  7.06865971e+00  6.45654229e+08  1.81247008e+02
 6.50628875e+08  4.45734300e+00  6.50628875e+08  1.80803764e+02
 6.55641849e+08  4.31392296e+00  6.55641849e+08  1.80821984e+02
 6.60693448e+08  4.17949615e+00  6.60693448e+08  1.81121192e+02
 6.65783968e+08  6.51969641e+00  6.65783968e+08  1.81277908e+02
 6.70913710e+08  9.88999033e+00  6.70913710e+08  1.81022587e+02
 6.76082975e+08  1.57917083e+01  6.76082975e+08  1.82719147e+02
 6.81292069e+08  6.11346710e+00  6.81292069e+08  1.80782106e+02
 6.86541298e+08  1.57500353e+00  6.86541298e+08  1.80762151e+02
 6.91830971e+08  9.36324185e+00  6.91830971e+08  1.81081612e+02
 6.97161400e+08  5.73571530e+00  6.97161400e+08  1.80726943e+02
 7.02532899e+08  5.59432709e+00  7.02532899e+08  1.80722019e+02
 7.07945784e+08  2.97604585e+00  7.07945784e+08  1.80755757e+02
 7.13400375e+08  8.81480075e+00  7.13400375e+08  1.81052738e+02
 7.18896992e+08  8.69133896e+00  7.18896992e+08  1.81121626e+02
 7.24435960e+08  5.05616854e+00  7.24435960e+08  1.81202507e+02
 7.30017605e+08  4.91435314e+00  7.30017605e+08  1.80586519e+02
 7.35642254e+08  2.27313853e+00  7.35642254e+08  1.80648694e+02
 7.41310241e+08  4.62510774e+00  7.41310241e+08  1.80043072e+02
 7.47021899e+08  8.01394532e+00  7.47021899e+08  1.80247870e+02
 7.52777564e+08  1.88577714e+00  7.52777564e+08  1.80706628e+02
 7.58577575e+08  7.75549269e+00  7.58577575e+08  1.80820726e+02
 7.64422274e+08  7.59869250e+00  7.64422274e+08  1.80029916e+02
 7.70312006e+08  1.34947441e+01  7.70312006e+08  1.81775033e+02
 7.76247117e+08  4.88381779e+01  7.76247117e+08  9.18289916e+01
 7.82227956e+08  7.20897214e+00  7.82227956e+08  1.80289139e+02
 7.88254877e+08  1.31047864e+01  7.88254877e+08  1.81469453e+02
 7.94328235e+08  9.25790392e-01  7.94328235e+08  1.80461451e+02
 8.00448386e+08  3.28579975e+00  8.00448386e+08  1.80265459e+02
 8.06615692e+08  4.34323245e+01  8.06615692e+08  2.71871066e+02
 8.12830516e+08  3.02744877e+00  8.12830516e+08  1.80830078e+02
 8.19093224e+08  2.89080450e+00  8.19093224e+08  1.80755838e+02
 8.25404185e+08  2.75748839e+00  8.25404185e+08  1.79905857e+02
 8.31763771e+08  6.13220984e+00  8.31763771e+08  1.80622008e+02
 8.38172356e+08  2.48269910e+00  8.38172356e+08  1.80318691e+02
 8.44630319e+08  4.66277671e+01  8.44630319e+08  2.71711516e+02
 8.51138038e+08  -2.84320458e-01  8.51138038e+08  1.80069272e+02
 8.57695899e+08  2.10028060e+00  8.57695899e+08  1.80305007e+02
 8.64304286e+08  5.45912312e+00  8.64304286e+08  1.79742161e+02
 8.70963590e+08  5.32489461e+00  8.70963590e+08  1.80608581e+02
 8.77674203e+08  5.20288126e+00  8.77674203e+08  1.79988444e+02
 8.84436519e+08  5.05326218e+00  8.84436519e+08  1.80252704e+02
 8.91250938e+08  1.40689997e+00  8.91250938e+08  1.80129585e+02
 8.98117861e+08  -1.22820123e+00  8.98117861e+08  1.79905541e+02
 9.05037692e+08  4.64746296e+00  9.05037692e+08  1.81144106e+02
 9.12010839e+08  1.05375595e+01  9.12010839e+08  1.80825544e+02
 9.19037713e+08  4.38451163e+00  9.19037713e+08  1.80786761e+02
 9.26118728e+08  1.02383598e+01  9.26118728e+08  1.80205371e+02
 9.33254301e+08  4.11372345e+00  9.33254301e+08  1.80707562e+02
 9.40444852e+08  3.97570031e+00  9.40444852e+08  1.80786597e+02
 9.47690805e+08  9.85667613e+00  9.47690805e+08  1.81305347e+02
 9.54992586e+08  -2.30380800e+00  9.54992586e+08  1.79687380e+02
 9.62350626e+08  3.81909420e+01  9.62350626e+08  2.71484015e+02
 9.69765359e+08  -8.03704903e-02  9.69765359e+08  1.79732932e+02
 9.77237221e+08  9.32055891e+00  9.77237221e+08  1.80633709e+02
 9.84766652e+08  5.56400560e+01  9.84766652e+08  2.71556567e+02
 9.92354096e+08  9.04520864e+00  9.92354096e+08  1.79398686e+02
 1.00000000e+09  8.90957902e+00  1.00000000e+09  1.78768432e+02
