 1.00000000e+00  4.63856906e+01  1.00000000e+00  1.79999998e+02
 1.00770481e+00  4.63856906e+01  1.00770481e+00  1.79999998e+02
 1.01546899e+00  4.63856906e+01  1.01546899e+00  1.79999998e+02
 1.02329299e+00  4.63856906e+01  1.02329299e+00  1.79999998e+02
 1.03117727e+00  4.63856906e+01  1.03117727e+00  1.79999998e+02
 1.03912230e+00  4.63856906e+01  1.03912230e+00  1.79999998e+02
 1.04712855e+00  4.63856906e+01  1.04712855e+00  1.79999998e+02
 1.05519648e+00  4.63856906e+01  1.05519648e+00  1.79999998e+02
 1.06332657e+00  4.63856906e+01  1.06332657e+00  1.79999998e+02
 1.07151931e+00  4.63856906e+01  1.07151931e+00  1.79999998e+02
 1.07977516e+00  4.63856906e+01  1.07977516e+00  1.79999998e+02
 1.08809463e+00  4.63856906e+01  1.08809463e+00  1.79999998e+02
 1.09647820e+00  4.63856906e+01  1.09647820e+00  1.79999998e+02
 1.10492636e+00  4.63856906e+01  1.10492636e+00  1.79999998e+02
 1.11343961e+00  4.63856906e+01  1.11343961e+00  1.79999998e+02
 1.12201845e+00  4.63856906e+01  1.12201845e+00  1.79999998e+02
 1.13066340e+00  4.63856906e+01  1.13066340e+00  1.79999998e+02
 1.13937495e+00  4.63856906e+01  1.13937495e+00  1.79999998e+02
 1.14815362e+00  4.63856906e+01  1.14815362e+00  1.79999998e+02
 1.15699993e+00  4.63856906e+01  1.15699993e+00  1.79999998e+02
 1.16591440e+00  4.63856906e+01  1.16591440e+00  1.79999998e+02
 1.17489755e+00  4.63856906e+01  1.17489755e+00  1.79999998e+02
 1.18394992e+00  4.63856906e+01  1.18394992e+00  1.79999998e+02
 1.19307204e+00  4.63856906e+01  1.19307204e+00  1.79999998e+02
 1.20226443e+00  4.63856906e+01  1.20226443e+00  1.79999998e+02
 1.21152766e+00  4.63856906e+01  1.21152766e+00  1.79999998e+02
 1.22086225e+00  4.63856906e+01  1.22086225e+00  1.79999998e+02
 1.23026877e+00  4.63856906e+01  1.23026877e+00  1.79999998e+02
 1.23974776e+00  4.63856906e+01  1.23974776e+00  1.79999998e+02
 1.24929979e+00  4.63856906e+01  1.24929979e+00  1.79999998e+02
 1.25892541e+00  4.63856906e+01  1.25892541e+00  1.79999998e+02
 1.26862520e+00  4.63856906e+01  1.26862520e+00  1.79999998e+02
 1.27839972e+00  4.63856906e+01  1.27839972e+00  1.79999998e+02
 1.28824955e+00  4.63856906e+01  1.28824955e+00  1.79999998e+02
 1.29817528e+00  4.63856906e+01  1.29817528e+00  1.79999998e+02
 1.30817747e+00  4.63856906e+01  1.30817747e+00  1.79999998e+02
 1.31825674e+00  4.63856906e+01  1.31825674e+00  1.79999998e+02
 1.32841366e+00  4.63856906e+01  1.32841366e+00  1.79999998e+02
 1.33864884e+00  4.63856906e+01  1.33864884e+00  1.79999998e+02
 1.34896288e+00  4.63856906e+01  1.34896288e+00  1.79999998e+02
 1.35935639e+00  4.63856906e+01  1.35935639e+00  1.79999998e+02
 1.36982998e+00  4.63856906e+01  1.36982998e+00  1.79999998e+02
 1.38038426e+00  4.63856906e+01  1.38038426e+00  1.79999998e+02
 1.39101987e+00  4.63856906e+01  1.39101987e+00  1.79999998e+02
 1.40173742e+00  4.63856906e+01  1.40173742e+00  1.79999998e+02
 1.41253754e+00  4.63856906e+01  1.41253754e+00  1.79999998e+02
 1.42342088e+00  4.63856906e+01  1.42342088e+00  1.79999998e+02
 1.43438808e+00  4.63856906e+01  1.43438808e+00  1.79999998e+02
 1.44543977e+00  4.63856906e+01  1.44543977e+00  1.79999998e+02
 1.45657662e+00  4.63856906e+01  1.45657662e+00  1.79999998e+02
 1.46779927e+00  4.63856906e+01  1.46779927e+00  1.79999998e+02
 1.47910839e+00  4.63856906e+01  1.47910839e+00  1.79999998e+02
 1.49050464e+00  4.63856906e+01  1.49050464e+00  1.79999998e+02
 1.50198870e+00  4.63856906e+01  1.50198870e+00  1.79999998e+02
 1.51356125e+00  4.63856906e+01  1.51356125e+00  1.79999998e+02
 1.52522296e+00  4.63856906e+01  1.52522296e+00  1.79999998e+02
 1.53697452e+00  4.63856906e+01  1.53697452e+00  1.79999998e+02
 1.54881662e+00  4.63856906e+01  1.54881662e+00  1.79999998e+02
 1.56074996e+00  4.63856906e+01  1.56074996e+00  1.79999998e+02
 1.57277525e+00  4.63856906e+01  1.57277525e+00  1.79999998e+02
 1.58489319e+00  4.63856906e+01  1.58489319e+00  1.79999998e+02
 1.59710450e+00  4.63856906e+01  1.59710450e+00  1.79999997e+02
 1.60940989e+00  4.63856906e+01  1.60940989e+00  1.79999997e+02
 1.62181010e+00  4.63856906e+01  1.62181010e+00  1.79999997e+02
 1.63430584e+00  4.63856906e+01  1.63430584e+00  1.79999997e+02
 1.64689787e+00  4.63856906e+01  1.64689787e+00  1.79999997e+02
 1.65958691e+00  4.63856906e+01  1.65958691e+00  1.79999997e+02
 1.67237372e+00  4.63856906e+01  1.67237372e+00  1.79999997e+02
 1.68525904e+00  4.63856906e+01  1.68525904e+00  1.79999997e+02
 1.69824365e+00  4.63856906e+01  1.69824365e+00  1.79999997e+02
 1.71132830e+00  4.63856906e+01  1.71132830e+00  1.79999997e+02
 1.72451377e+00  4.63856906e+01  1.72451377e+00  1.79999997e+02
 1.73780083e+00  4.63856906e+01  1.73780083e+00  1.79999997e+02
 1.75119026e+00  4.63856906e+01  1.75119026e+00  1.79999997e+02
 1.76468286e+00  4.63856906e+01  1.76468286e+00  1.79999997e+02
 1.77827941e+00  4.63856906e+01  1.77827941e+00  1.79999997e+02
 1.79198072e+00  4.63856906e+01  1.79198072e+00  1.79999997e+02
 1.80578760e+00  4.63856906e+01  1.80578760e+00  1.79999997e+02
 1.81970086e+00  4.63856906e+01  1.81970086e+00  1.79999997e+02
 1.83372132e+00  4.63856906e+01  1.83372132e+00  1.79999997e+02
 1.84784980e+00  4.63856906e+01  1.84784980e+00  1.79999997e+02
 1.86208714e+00  4.63856906e+01  1.86208714e+00  1.79999997e+02
 1.87643417e+00  4.63856906e+01  1.87643417e+00  1.79999997e+02
 1.89089175e+00  4.63856906e+01  1.89089175e+00  1.79999997e+02
 1.90546072e+00  4.63856906e+01  1.90546072e+00  1.79999997e+02
 1.92014194e+00  4.63856906e+01  1.92014194e+00  1.79999997e+02
 1.93493628e+00  4.63856906e+01  1.93493628e+00  1.79999997e+02
 1.94984460e+00  4.63856906e+01  1.94984460e+00  1.79999997e+02
 1.96486779e+00  4.63856906e+01  1.96486779e+00  1.79999997e+02
 1.98000673e+00  4.63856906e+01  1.98000673e+00  1.79999997e+02
 1.99526231e+00  4.63856906e+01  1.99526231e+00  1.79999997e+02
 2.01063544e+00  4.63856906e+01  2.01063544e+00  1.79999997e+02
 2.02612701e+00  4.63856906e+01  2.02612701e+00  1.79999997e+02
 2.04173794e+00  4.63856906e+01  2.04173794e+00  1.79999997e+02
 2.05746916e+00  4.63856906e+01  2.05746916e+00  1.79999997e+02
 2.07332157e+00  4.63856906e+01  2.07332157e+00  1.79999997e+02
 2.08929613e+00  4.63856906e+01  2.08929613e+00  1.79999997e+02
 2.10539377e+00  4.63856906e+01  2.10539377e+00  1.79999997e+02
 2.12161544e+00  4.63856906e+01  2.12161544e+00  1.79999997e+02
 2.13796209e+00  4.63856906e+01  2.13796209e+00  1.79999997e+02
 2.15443469e+00  4.63856906e+01  2.15443469e+00  1.79999997e+02
 2.17103421e+00  4.63856906e+01  2.17103421e+00  1.79999997e+02
 2.18776162e+00  4.63856906e+01  2.18776162e+00  1.79999997e+02
 2.20461792e+00  4.63856906e+01  2.20461792e+00  1.79999997e+02
 2.22160409e+00  4.63856906e+01  2.22160409e+00  1.79999996e+02
 2.23872114e+00  4.63856906e+01  2.23872114e+00  1.79999996e+02
 2.25597007e+00  4.63856906e+01  2.25597007e+00  1.79999996e+02
 2.27335190e+00  4.63856906e+01  2.27335190e+00  1.79999996e+02
 2.29086765e+00  4.63856906e+01  2.29086765e+00  1.79999996e+02
 2.30851836e+00  4.63856906e+01  2.30851836e+00  1.79999996e+02
 2.32630507e+00  4.63856906e+01  2.32630507e+00  1.79999996e+02
 2.34422882e+00  4.63856906e+01  2.34422882e+00  1.79999996e+02
 2.36229066e+00  4.63856906e+01  2.36229066e+00  1.79999996e+02
 2.38049167e+00  4.63856906e+01  2.38049167e+00  1.79999996e+02
 2.39883292e+00  4.63856906e+01  2.39883292e+00  1.79999996e+02
 2.41731548e+00  4.63856906e+01  2.41731548e+00  1.79999996e+02
 2.43594045e+00  4.63856906e+01  2.43594045e+00  1.79999996e+02
 2.45470892e+00  4.63856906e+01  2.45470892e+00  1.79999996e+02
 2.47362199e+00  4.63856906e+01  2.47362199e+00  1.79999996e+02
 2.49268079e+00  4.63856906e+01  2.49268079e+00  1.79999996e+02
 2.51188643e+00  4.63856906e+01  2.51188643e+00  1.79999996e+02
 2.53124005e+00  4.63856906e+01  2.53124005e+00  1.79999996e+02
 2.55074278e+00  4.63856906e+01  2.55074278e+00  1.79999996e+02
 2.57039578e+00  4.63856906e+01  2.57039578e+00  1.79999996e+02
 2.59020020e+00  4.63856906e+01  2.59020020e+00  1.79999996e+02
 2.61015722e+00  4.63856906e+01  2.61015722e+00  1.79999996e+02
 2.63026799e+00  4.63856906e+01  2.63026799e+00  1.79999996e+02
 2.65053372e+00  4.63856906e+01  2.65053372e+00  1.79999996e+02
 2.67095559e+00  4.63856906e+01  2.67095559e+00  1.79999996e+02
 2.69153480e+00  4.63856906e+01  2.69153480e+00  1.79999996e+02
 2.71227258e+00  4.63856906e+01  2.71227258e+00  1.79999996e+02
 2.73317014e+00  4.63856906e+01  2.73317014e+00  1.79999996e+02
 2.75422870e+00  4.63856906e+01  2.75422870e+00  1.79999996e+02
 2.77544952e+00  4.63856906e+01  2.77544952e+00  1.79999996e+02
 2.79683385e+00  4.63856906e+01  2.79683385e+00  1.79999996e+02
 2.81838293e+00  4.63856906e+01  2.81838293e+00  1.79999996e+02
 2.84009805e+00  4.63856906e+01  2.84009805e+00  1.79999996e+02
 2.86198048e+00  4.63856906e+01  2.86198048e+00  1.79999995e+02
 2.88403150e+00  4.63856906e+01  2.88403150e+00  1.79999995e+02
 2.90625243e+00  4.63856906e+01  2.90625243e+00  1.79999995e+02
 2.92864456e+00  4.63856906e+01  2.92864456e+00  1.79999995e+02
 2.95120923e+00  4.63856906e+01  2.95120923e+00  1.79999995e+02
 2.97394775e+00  4.63856906e+01  2.97394775e+00  1.79999995e+02
 2.99686146e+00  4.63856906e+01  2.99686146e+00  1.79999995e+02
 3.01995172e+00  4.63856906e+01  3.01995172e+00  1.79999995e+02
 3.04321989e+00  4.63856906e+01  3.04321989e+00  1.79999995e+02
 3.06666733e+00  4.63856906e+01  3.06666733e+00  1.79999995e+02
 3.09029543e+00  4.63856906e+01  3.09029543e+00  1.79999995e+02
 3.11410558e+00  4.63856906e+01  3.11410558e+00  1.79999995e+02
 3.13809919e+00  4.63856906e+01  3.13809919e+00  1.79999995e+02
 3.16227766e+00  4.63856906e+01  3.16227766e+00  1.79999995e+02
 3.18664242e+00  4.63856906e+01  3.18664242e+00  1.79999995e+02
 3.21119491e+00  4.63856906e+01  3.21119491e+00  1.79999995e+02
 3.23593657e+00  4.63856906e+01  3.23593657e+00  1.79999995e+02
 3.26086886e+00  4.63856906e+01  3.26086886e+00  1.79999995e+02
 3.28599325e+00  4.63856906e+01  3.28599325e+00  1.79999995e+02
 3.31131121e+00  4.63856906e+01  3.31131121e+00  1.79999995e+02
 3.33682425e+00  4.63856906e+01  3.33682425e+00  1.79999995e+02
 3.36253386e+00  4.63856906e+01  3.36253386e+00  1.79999995e+02
 3.38844156e+00  4.63856906e+01  3.38844156e+00  1.79999995e+02
 3.41454887e+00  4.63856906e+01  3.41454887e+00  1.79999995e+02
 3.44085734e+00  4.63856906e+01  3.44085734e+00  1.79999995e+02
 3.46736850e+00  4.63856906e+01  3.46736850e+00  1.79999995e+02
 3.49408393e+00  4.63856906e+01  3.49408393e+00  1.79999994e+02
 3.52100520e+00  4.63856906e+01  3.52100520e+00  1.79999994e+02
 3.54813389e+00  4.63856906e+01  3.54813389e+00  1.79999994e+02
 3.57547160e+00  4.63856906e+01  3.57547160e+00  1.79999994e+02
 3.60301995e+00  4.63856906e+01  3.60301995e+00  1.79999994e+02
 3.63078055e+00  4.63856906e+01  3.63078055e+00  1.79999994e+02
 3.65875504e+00  4.63856906e+01  3.65875504e+00  1.79999994e+02
 3.68694506e+00  4.63856906e+01  3.68694506e+00  1.79999994e+02
 3.71535229e+00  4.63856906e+01  3.71535229e+00  1.79999994e+02
 3.74397839e+00  4.63856906e+01  3.74397839e+00  1.79999994e+02
 3.77282505e+00  4.63856906e+01  3.77282505e+00  1.79999994e+02
 3.80189396e+00  4.63856906e+01  3.80189396e+00  1.79999994e+02
 3.83118685e+00  4.63856906e+01  3.83118685e+00  1.79999994e+02
 3.86070543e+00  4.63856906e+01  3.86070543e+00  1.79999994e+02
 3.89045145e+00  4.63856906e+01  3.89045145e+00  1.79999994e+02
 3.92042666e+00  4.63856906e+01  3.92042666e+00  1.79999994e+02
 3.95063281e+00  4.63856906e+01  3.95063281e+00  1.79999994e+02
 3.98107171e+00  4.63856906e+01  3.98107171e+00  1.79999994e+02
 4.01174512e+00  4.63856906e+01  4.01174512e+00  1.79999994e+02
 4.04265487e+00  4.63856906e+01  4.04265487e+00  1.79999994e+02
 4.07380278e+00  4.63856906e+01  4.07380278e+00  1.79999994e+02
 4.10519067e+00  4.63856906e+01  4.10519067e+00  1.79999994e+02
 4.13682040e+00  4.63856906e+01  4.13682040e+00  1.79999993e+02
 4.16869383e+00  4.63856906e+01  4.16869383e+00  1.79999993e+02
 4.20081285e+00  4.63856906e+01  4.20081285e+00  1.79999993e+02
 4.23317933e+00  4.63856906e+01  4.23317933e+00  1.79999993e+02
 4.26579519e+00  4.63856906e+01  4.26579519e+00  1.79999993e+02
 4.29866235e+00  4.63856906e+01  4.29866235e+00  1.79999993e+02
 4.33178274e+00  4.63856906e+01  4.33178274e+00  1.79999993e+02
 4.36515832e+00  4.63856906e+01  4.36515832e+00  1.79999993e+02
 4.39879106e+00  4.63856906e+01  4.39879106e+00  1.79999993e+02
 4.43268292e+00  4.63856906e+01  4.43268292e+00  1.79999993e+02
 4.46683592e+00  4.63856906e+01  4.46683592e+00  1.79999993e+02
 4.50125206e+00  4.63856906e+01  4.50125206e+00  1.79999993e+02
 4.53593337e+00  4.63856906e+01  4.53593337e+00  1.79999993e+02
 4.57088190e+00  4.63856906e+01  4.57088190e+00  1.79999993e+02
 4.60609969e+00  4.63856906e+01  4.60609969e+00  1.79999993e+02
 4.64158883e+00  4.63856906e+01  4.64158883e+00  1.79999993e+02
 4.67735141e+00  4.63856906e+01  4.67735141e+00  1.79999993e+02
 4.71338954e+00  4.63856906e+01  4.71338954e+00  1.79999993e+02
 4.74970533e+00  4.63856906e+01  4.74970533e+00  1.79999993e+02
 4.78630092e+00  4.63856906e+01  4.78630092e+00  1.79999992e+02
 4.82317848e+00  4.63856906e+01  4.82317848e+00  1.79999992e+02
 4.86034018e+00  4.63856906e+01  4.86034018e+00  1.79999992e+02
 4.89778819e+00  4.63856906e+01  4.89778819e+00  1.79999992e+02
 4.93552474e+00  4.63856906e+01  4.93552474e+00  1.79999992e+02
 4.97355204e+00  4.63856906e+01  4.97355204e+00  1.79999992e+02
 5.01187234e+00  4.63856906e+01  5.01187234e+00  1.79999992e+02
 5.05048788e+00  4.63856906e+01  5.05048788e+00  1.79999992e+02
 5.08940095e+00  4.63856906e+01  5.08940095e+00  1.79999992e+02
 5.12861384e+00  4.63856906e+01  5.12861384e+00  1.79999992e+02
 5.16812886e+00  4.63856906e+01  5.16812886e+00  1.79999992e+02
 5.20794833e+00  4.63856906e+01  5.20794833e+00  1.79999992e+02
 5.24807460e+00  4.63856906e+01  5.24807460e+00  1.79999992e+02
 5.28851004e+00  4.63856906e+01  5.28851004e+00  1.79999992e+02
 5.32925703e+00  4.63856906e+01  5.32925703e+00  1.79999992e+02
 5.37031796e+00  4.63856906e+01  5.37031796e+00  1.79999992e+02
 5.41169527e+00  4.63856906e+01  5.41169527e+00  1.79999991e+02
 5.45339137e+00  4.63856906e+01  5.45339137e+00  1.79999991e+02
 5.49540874e+00  4.63856906e+01  5.49540874e+00  1.79999991e+02
 5.53774984e+00  4.63856906e+01  5.53774984e+00  1.79999991e+02
 5.58041717e+00  4.63856906e+01  5.58041717e+00  1.79999991e+02
 5.62341325e+00  4.63856906e+01  5.62341325e+00  1.79999991e+02
 5.66674061e+00  4.63856906e+01  5.66674061e+00  1.79999991e+02
 5.71040179e+00  4.63856906e+01  5.71040179e+00  1.79999991e+02
 5.75439937e+00  4.63856906e+01  5.75439937e+00  1.79999991e+02
 5.79873595e+00  4.63856906e+01  5.79873595e+00  1.79999991e+02
 5.84341413e+00  4.63856906e+01  5.84341413e+00  1.79999991e+02
 5.88843655e+00  4.63856906e+01  5.88843655e+00  1.79999991e+02
 5.93380586e+00  4.63856906e+01  5.93380586e+00  1.79999991e+02
 5.97952473e+00  4.63856906e+01  5.97952473e+00  1.79999991e+02
 6.02559586e+00  4.63856906e+01  6.02559586e+00  1.79999991e+02
 6.07202196e+00  4.63856906e+01  6.07202196e+00  1.79999990e+02
 6.11880576e+00  4.63856906e+01  6.11880576e+00  1.79999990e+02
 6.16595002e+00  4.63856906e+01  6.16595002e+00  1.79999990e+02
 6.21345752e+00  4.63856906e+01  6.21345752e+00  1.79999990e+02
 6.26133105e+00  4.63856906e+01  6.26133105e+00  1.79999990e+02
 6.30957344e+00  4.63856906e+01  6.30957344e+00  1.79999990e+02
 6.35818754e+00  4.63856906e+01  6.35818754e+00  1.79999990e+02
 6.40717619e+00  4.63856906e+01  6.40717619e+00  1.79999990e+02
 6.45654229e+00  4.63856906e+01  6.45654229e+00  1.79999990e+02
 6.50628875e+00  4.63856906e+01  6.50628875e+00  1.79999990e+02
 6.55641849e+00  4.63856906e+01  6.55641849e+00  1.79999990e+02
 6.60693448e+00  4.63856906e+01  6.60693448e+00  1.79999990e+02
 6.65783968e+00  4.63856906e+01  6.65783968e+00  1.79999990e+02
 6.70913710e+00  4.63856906e+01  6.70913710e+00  1.79999989e+02
 6.76082975e+00  4.63856906e+01  6.76082975e+00  1.79999989e+02
 6.81292069e+00  4.63856906e+01  6.81292069e+00  1.79999989e+02
 6.86541298e+00  4.63856906e+01  6.86541298e+00  1.79999989e+02
 6.91830971e+00  4.63856906e+01  6.91830971e+00  1.79999989e+02
 6.97161400e+00  4.63856906e+01  6.97161400e+00  1.79999989e+02
 7.02532899e+00  4.63856906e+01  7.02532899e+00  1.79999989e+02
 7.07945784e+00  4.63856906e+01  7.07945784e+00  1.79999989e+02
 7.13400375e+00  4.63856906e+01  7.13400375e+00  1.79999989e+02
 7.18896992e+00  4.63856906e+01  7.18896992e+00  1.79999989e+02
 7.24435960e+00  4.63856906e+01  7.24435960e+00  1.79999989e+02
 7.30017605e+00  4.63856906e+01  7.30017605e+00  1.79999988e+02
 7.35642254e+00  4.63856906e+01  7.35642254e+00  1.79999988e+02
 7.41310241e+00  4.63856906e+01  7.41310241e+00  1.79999988e+02
 7.47021899e+00  4.63856906e+01  7.47021899e+00  1.79999988e+02
 7.52777564e+00  4.63856906e+01  7.52777564e+00  1.79999988e+02
 7.58577575e+00  4.63856906e+01  7.58577575e+00  1.79999988e+02
 7.64422274e+00  4.63856906e+01  7.64422274e+00  1.79999988e+02
 7.70312006e+00  4.63856906e+01  7.70312006e+00  1.79999988e+02
 7.76247117e+00  4.63856906e+01  7.76247117e+00  1.79999988e+02
 7.82227956e+00  4.63856906e+01  7.82227956e+00  1.79999988e+02
 7.88254877e+00  4.63856906e+01  7.88254877e+00  1.79999988e+02
 7.94328235e+00  4.63856906e+01  7.94328235e+00  1.79999987e+02
 8.00448386e+00  4.63856906e+01  8.00448386e+00  1.79999987e+02
 8.06615692e+00  4.63856906e+01  8.06615692e+00  1.79999987e+02
 8.12830516e+00  4.63856906e+01  8.12830516e+00  1.79999987e+02
 8.19093224e+00  4.63856906e+01  8.19093224e+00  1.79999987e+02
 8.25404185e+00  4.63856906e+01  8.25404185e+00  1.79999987e+02
 8.31763771e+00  4.63856906e+01  8.31763771e+00  1.79999987e+02
 8.38172356e+00  4.63856906e+01  8.38172356e+00  1.79999987e+02
 8.44630319e+00  4.63856906e+01  8.44630319e+00  1.79999987e+02
 8.51138038e+00  4.63856906e+01  8.51138038e+00  1.79999987e+02
 8.57695899e+00  4.63856906e+01  8.57695899e+00  1.79999986e+02
 8.64304286e+00  4.63856906e+01  8.64304286e+00  1.79999986e+02
 8.70963590e+00  4.63856906e+01  8.70963590e+00  1.79999986e+02
 8.77674203e+00  4.63856906e+01  8.77674203e+00  1.79999986e+02
 8.84436519e+00  4.63856906e+01  8.84436519e+00  1.79999986e+02
 8.91250938e+00  4.63856906e+01  8.91250938e+00  1.79999986e+02
 8.98117861e+00  4.63856906e+01  8.98117861e+00  1.79999986e+02
 9.05037692e+00  4.63856906e+01  9.05037692e+00  1.79999986e+02
 9.12010839e+00  4.63856906e+01  9.12010839e+00  1.79999986e+02
 9.19037713e+00  4.63856906e+01  9.19037713e+00  1.79999986e+02
 9.26118728e+00  4.63856906e+01  9.26118728e+00  1.79999985e+02
 9.33254301e+00  4.63856906e+01  9.33254301e+00  1.79999985e+02
 9.40444852e+00  4.63856906e+01  9.40444852e+00  1.79999985e+02
 9.47690805e+00  4.63856906e+01  9.47690805e+00  1.79999985e+02
 9.54992586e+00  4.63856906e+01  9.54992586e+00  1.79999985e+02
 9.62350626e+00  4.63856906e+01  9.62350626e+00  1.79999985e+02
 9.69765359e+00  4.63856906e+01  9.69765359e+00  1.79999985e+02
 9.77237221e+00  4.63856906e+01  9.77237221e+00  1.79999985e+02
 9.84766652e+00  4.63856906e+01  9.84766652e+00  1.79999984e+02
 9.92354096e+00  4.63856906e+01  9.92354096e+00  1.79999984e+02
 1.00000000e+01  4.63856906e+01  1.00000000e+01  1.79999984e+02
 1.00770481e+01  4.63856906e+01  1.00770481e+01  1.79999984e+02
 1.01546899e+01  4.63856906e+01  1.01546899e+01  1.79999984e+02
 1.02329299e+01  4.63856906e+01  1.02329299e+01  1.79999984e+02
 1.03117727e+01  4.63856906e+01  1.03117727e+01  1.79999984e+02
 1.03912230e+01  4.63856906e+01  1.03912230e+01  1.79999984e+02
 1.04712855e+01  4.63856906e+01  1.04712855e+01  1.79999983e+02
 1.05519648e+01  4.63856906e+01  1.05519648e+01  1.79999983e+02
 1.06332657e+01  4.63856906e+01  1.06332657e+01  1.79999983e+02
 1.07151931e+01  4.63856906e+01  1.07151931e+01  1.79999983e+02
 1.07977516e+01  4.63856906e+01  1.07977516e+01  1.79999983e+02
 1.08809463e+01  4.63856906e+01  1.08809463e+01  1.79999983e+02
 1.09647820e+01  4.63856906e+01  1.09647820e+01  1.79999983e+02
 1.10492636e+01  4.63856906e+01  1.10492636e+01  1.79999983e+02
 1.11343961e+01  4.63856906e+01  1.11343961e+01  1.79999982e+02
 1.12201845e+01  4.63856906e+01  1.12201845e+01  1.79999982e+02
 1.13066340e+01  4.63856906e+01  1.13066340e+01  1.79999982e+02
 1.13937495e+01  4.63856906e+01  1.13937495e+01  1.79999982e+02
 1.14815362e+01  4.63856906e+01  1.14815362e+01  1.79999982e+02
 1.15699993e+01  4.63856906e+01  1.15699993e+01  1.79999982e+02
 1.16591440e+01  4.63856906e+01  1.16591440e+01  1.79999982e+02
 1.17489755e+01  4.63856906e+01  1.17489755e+01  1.79999981e+02
 1.18394992e+01  4.63856906e+01  1.18394992e+01  1.79999981e+02
 1.19307204e+01  4.63856906e+01  1.19307204e+01  1.79999981e+02
 1.20226443e+01  4.63856906e+01  1.20226443e+01  1.79999981e+02
 1.21152766e+01  4.63856906e+01  1.21152766e+01  1.79999981e+02
 1.22086225e+01  4.63856906e+01  1.22086225e+01  1.79999981e+02
 1.23026877e+01  4.63856906e+01  1.23026877e+01  1.79999981e+02
 1.23974776e+01  4.63856906e+01  1.23974776e+01  1.79999980e+02
 1.24929979e+01  4.63856906e+01  1.24929979e+01  1.79999980e+02
 1.25892541e+01  4.63856906e+01  1.25892541e+01  1.79999980e+02
 1.26862520e+01  4.63856906e+01  1.26862520e+01  1.79999980e+02
 1.27839972e+01  4.63856906e+01  1.27839972e+01  1.79999980e+02
 1.28824955e+01  4.63856906e+01  1.28824955e+01  1.79999980e+02
 1.29817528e+01  4.63856906e+01  1.29817528e+01  1.79999980e+02
 1.30817747e+01  4.63856906e+01  1.30817747e+01  1.79999979e+02
 1.31825674e+01  4.63856906e+01  1.31825674e+01  1.79999979e+02
 1.32841366e+01  4.63856906e+01  1.32841366e+01  1.79999979e+02
 1.33864884e+01  4.63856906e+01  1.33864884e+01  1.79999979e+02
 1.34896288e+01  4.63856906e+01  1.34896288e+01  1.79999979e+02
 1.35935639e+01  4.63856906e+01  1.35935639e+01  1.79999979e+02
 1.36982998e+01  4.63856906e+01  1.36982998e+01  1.79999978e+02
 1.38038426e+01  4.63856906e+01  1.38038426e+01  1.79999978e+02
 1.39101987e+01  4.63856906e+01  1.39101987e+01  1.79999978e+02
 1.40173742e+01  4.63856906e+01  1.40173742e+01  1.79999978e+02
 1.41253754e+01  4.63856906e+01  1.41253754e+01  1.79999978e+02
 1.42342088e+01  4.63856906e+01  1.42342088e+01  1.79999978e+02
 1.43438808e+01  4.63856906e+01  1.43438808e+01  1.79999977e+02
 1.44543977e+01  4.63856906e+01  1.44543977e+01  1.79999977e+02
 1.45657662e+01  4.63856906e+01  1.45657662e+01  1.79999977e+02
 1.46779927e+01  4.63856906e+01  1.46779927e+01  1.79999977e+02
 1.47910839e+01  4.63856906e+01  1.47910839e+01  1.79999977e+02
 1.49050464e+01  4.63856906e+01  1.49050464e+01  1.79999977e+02
 1.50198870e+01  4.63856906e+01  1.50198870e+01  1.79999976e+02
 1.51356125e+01  4.63856906e+01  1.51356125e+01  1.79999976e+02
 1.52522296e+01  4.63856906e+01  1.52522296e+01  1.79999976e+02
 1.53697452e+01  4.63856906e+01  1.53697452e+01  1.79999976e+02
 1.54881662e+01  4.63856906e+01  1.54881662e+01  1.79999976e+02
 1.56074996e+01  4.63856906e+01  1.56074996e+01  1.79999975e+02
 1.57277525e+01  4.63856906e+01  1.57277525e+01  1.79999975e+02
 1.58489319e+01  4.63856906e+01  1.58489319e+01  1.79999975e+02
 1.59710450e+01  4.63856906e+01  1.59710450e+01  1.79999975e+02
 1.60940989e+01  4.63856906e+01  1.60940989e+01  1.79999975e+02
 1.62181010e+01  4.63856906e+01  1.62181010e+01  1.79999974e+02
 1.63430584e+01  4.63856906e+01  1.63430584e+01  1.79999974e+02
 1.64689787e+01  4.63856906e+01  1.64689787e+01  1.79999974e+02
 1.65958691e+01  4.63856906e+01  1.65958691e+01  1.79999974e+02
 1.67237372e+01  4.63856906e+01  1.67237372e+01  1.79999974e+02
 1.68525904e+01  4.63856906e+01  1.68525904e+01  1.79999973e+02
 1.69824365e+01  4.63856906e+01  1.69824365e+01  1.79999973e+02
 1.71132830e+01  4.63856906e+01  1.71132830e+01  1.79999973e+02
 1.72451377e+01  4.63856906e+01  1.72451377e+01  1.79999973e+02
 1.73780083e+01  4.63856906e+01  1.73780083e+01  1.79999973e+02
 1.75119026e+01  4.63856906e+01  1.75119026e+01  1.79999972e+02
 1.76468286e+01  4.63856906e+01  1.76468286e+01  1.79999972e+02
 1.77827941e+01  4.63856906e+01  1.77827941e+01  1.79999972e+02
 1.79198072e+01  4.63856906e+01  1.79198072e+01  1.79999972e+02
 1.80578760e+01  4.63856906e+01  1.80578760e+01  1.79999972e+02
 1.81970086e+01  4.63856906e+01  1.81970086e+01  1.79999971e+02
 1.83372132e+01  4.63856906e+01  1.83372132e+01  1.79999971e+02
 1.84784980e+01  4.63856906e+01  1.84784980e+01  1.79999971e+02
 1.86208714e+01  4.63856906e+01  1.86208714e+01  1.79999971e+02
 1.87643417e+01  4.63856906e+01  1.87643417e+01  1.79999970e+02
 1.89089175e+01  4.63856906e+01  1.89089175e+01  1.79999970e+02
 1.90546072e+01  4.63856906e+01  1.90546072e+01  1.79999970e+02
 1.92014194e+01  4.63856906e+01  1.92014194e+01  1.79999970e+02
 1.93493628e+01  4.63856906e+01  1.93493628e+01  1.79999969e+02
 1.94984460e+01  4.63856906e+01  1.94984460e+01  1.79999969e+02
 1.96486779e+01  4.63856906e+01  1.96486779e+01  1.79999969e+02
 1.98000673e+01  4.63856906e+01  1.98000673e+01  1.79999969e+02
 1.99526231e+01  4.63856906e+01  1.99526231e+01  1.79999969e+02
 2.01063544e+01  4.63856906e+01  2.01063544e+01  1.79999968e+02
 2.02612701e+01  4.63856906e+01  2.02612701e+01  1.79999968e+02
 2.04173794e+01  4.63856906e+01  2.04173794e+01  1.79999968e+02
 2.05746916e+01  4.63856906e+01  2.05746916e+01  1.79999968e+02
 2.07332157e+01  4.63856906e+01  2.07332157e+01  1.79999967e+02
 2.08929613e+01  4.63856906e+01  2.08929613e+01  1.79999967e+02
 2.10539377e+01  4.63856906e+01  2.10539377e+01  1.79999967e+02
 2.12161544e+01  4.63856906e+01  2.12161544e+01  1.79999967e+02
 2.13796209e+01  4.63856906e+01  2.13796209e+01  1.79999966e+02
 2.15443469e+01  4.63856906e+01  2.15443469e+01  1.79999966e+02
 2.17103421e+01  4.63856906e+01  2.17103421e+01  1.79999966e+02
 2.18776162e+01  4.63856906e+01  2.18776162e+01  1.79999966e+02
 2.20461792e+01  4.63856906e+01  2.20461792e+01  1.79999965e+02
 2.22160409e+01  4.63856906e+01  2.22160409e+01  1.79999965e+02
 2.23872114e+01  4.63856906e+01  2.23872114e+01  1.79999965e+02
 2.25597007e+01  4.63856906e+01  2.25597007e+01  1.79999964e+02
 2.27335190e+01  4.63856906e+01  2.27335190e+01  1.79999964e+02
 2.29086765e+01  4.63856906e+01  2.29086765e+01  1.79999964e+02
 2.30851836e+01  4.63856906e+01  2.30851836e+01  1.79999964e+02
 2.32630507e+01  4.63856906e+01  2.32630507e+01  1.79999963e+02
 2.34422882e+01  4.63856906e+01  2.34422882e+01  1.79999963e+02
 2.36229066e+01  4.63856906e+01  2.36229066e+01  1.79999963e+02
 2.38049167e+01  4.63856906e+01  2.38049167e+01  1.79999962e+02
 2.39883292e+01  4.63856906e+01  2.39883292e+01  1.79999962e+02
 2.41731548e+01  4.63856906e+01  2.41731548e+01  1.79999962e+02
 2.43594045e+01  4.63856906e+01  2.43594045e+01  1.79999962e+02
 2.45470892e+01  4.63856906e+01  2.45470892e+01  1.79999961e+02
 2.47362199e+01  4.63856906e+01  2.47362199e+01  1.79999961e+02
 2.49268079e+01  4.63856906e+01  2.49268079e+01  1.79999961e+02
 2.51188643e+01  4.63856906e+01  2.51188643e+01  1.79999960e+02
 2.53124005e+01  4.63856906e+01  2.53124005e+01  1.79999960e+02
 2.55074278e+01  4.63856906e+01  2.55074278e+01  1.79999960e+02
 2.57039578e+01  4.63856906e+01  2.57039578e+01  1.79999959e+02
 2.59020020e+01  4.63856906e+01  2.59020020e+01  1.79999959e+02
 2.61015722e+01  4.63856906e+01  2.61015722e+01  1.79999959e+02
 2.63026799e+01  4.63856906e+01  2.63026799e+01  1.79999959e+02
 2.65053372e+01  4.63856906e+01  2.65053372e+01  1.79999958e+02
 2.67095559e+01  4.63856906e+01  2.67095559e+01  1.79999958e+02
 2.69153480e+01  4.63856906e+01  2.69153480e+01  1.79999958e+02
 2.71227258e+01  4.63856906e+01  2.71227258e+01  1.79999957e+02
 2.73317014e+01  4.63856906e+01  2.73317014e+01  1.79999957e+02
 2.75422870e+01  4.63856906e+01  2.75422870e+01  1.79999957e+02
 2.77544952e+01  4.63856906e+01  2.77544952e+01  1.79999956e+02
 2.79683385e+01  4.63856906e+01  2.79683385e+01  1.79999956e+02
 2.81838293e+01  4.63856906e+01  2.81838293e+01  1.79999956e+02
 2.84009805e+01  4.63856906e+01  2.84009805e+01  1.79999955e+02
 2.86198048e+01  4.63856906e+01  2.86198048e+01  1.79999955e+02
 2.88403150e+01  4.63856906e+01  2.88403150e+01  1.79999955e+02
 2.90625243e+01  4.63856906e+01  2.90625243e+01  1.79999954e+02
 2.92864456e+01  4.63856906e+01  2.92864456e+01  1.79999954e+02
 2.95120923e+01  4.63856906e+01  2.95120923e+01  1.79999953e+02
 2.97394775e+01  4.63856906e+01  2.97394775e+01  1.79999953e+02
 2.99686146e+01  4.63856906e+01  2.99686146e+01  1.79999953e+02
 3.01995172e+01  4.63856906e+01  3.01995172e+01  1.79999952e+02
 3.04321989e+01  4.63856906e+01  3.04321989e+01  1.79999952e+02
 3.06666733e+01  4.63856906e+01  3.06666733e+01  1.79999952e+02
 3.09029543e+01  4.63856906e+01  3.09029543e+01  1.79999951e+02
 3.11410558e+01  4.63856906e+01  3.11410558e+01  1.79999951e+02
 3.13809919e+01  4.63856906e+01  3.13809919e+01  1.79999951e+02
 3.16227766e+01  4.63856906e+01  3.16227766e+01  1.79999950e+02
 3.18664242e+01  4.63856906e+01  3.18664242e+01  1.79999950e+02
 3.21119491e+01  4.63856906e+01  3.21119491e+01  1.79999949e+02
 3.23593657e+01  4.63856906e+01  3.23593657e+01  1.79999949e+02
 3.26086886e+01  4.63856906e+01  3.26086886e+01  1.79999949e+02
 3.28599325e+01  4.63856906e+01  3.28599325e+01  1.79999948e+02
 3.31131121e+01  4.63856906e+01  3.31131121e+01  1.79999948e+02
 3.33682425e+01  4.63856906e+01  3.33682425e+01  1.79999947e+02
 3.36253386e+01  4.63856906e+01  3.36253386e+01  1.79999947e+02
 3.38844156e+01  4.63856906e+01  3.38844156e+01  1.79999947e+02
 3.41454887e+01  4.63856906e+01  3.41454887e+01  1.79999946e+02
 3.44085734e+01  4.63856906e+01  3.44085734e+01  1.79999946e+02
 3.46736850e+01  4.63856906e+01  3.46736850e+01  1.79999945e+02
 3.49408393e+01  4.63856906e+01  3.49408393e+01  1.79999945e+02
 3.52100520e+01  4.63856906e+01  3.52100520e+01  1.79999944e+02
 3.54813389e+01  4.63856906e+01  3.54813389e+01  1.79999944e+02
 3.57547160e+01  4.63856906e+01  3.57547160e+01  1.79999944e+02
 3.60301995e+01  4.63856906e+01  3.60301995e+01  1.79999943e+02
 3.63078055e+01  4.63856906e+01  3.63078055e+01  1.79999943e+02
 3.65875504e+01  4.63856906e+01  3.65875504e+01  1.79999942e+02
 3.68694506e+01  4.63856906e+01  3.68694506e+01  1.79999942e+02
 3.71535229e+01  4.63856906e+01  3.71535229e+01  1.79999941e+02
 3.74397839e+01  4.63856906e+01  3.74397839e+01  1.79999941e+02
 3.77282505e+01  4.63856906e+01  3.77282505e+01  1.79999941e+02
 3.80189396e+01  4.63856906e+01  3.80189396e+01  1.79999940e+02
 3.83118685e+01  4.63856906e+01  3.83118685e+01  1.79999940e+02
 3.86070543e+01  4.63856906e+01  3.86070543e+01  1.79999939e+02
 3.89045145e+01  4.63856906e+01  3.89045145e+01  1.79999939e+02
 3.92042666e+01  4.63856906e+01  3.92042666e+01  1.79999938e+02
 3.95063281e+01  4.63856906e+01  3.95063281e+01  1.79999938e+02
 3.98107171e+01  4.63856906e+01  3.98107171e+01  1.79999937e+02
 4.01174512e+01  4.63856906e+01  4.01174512e+01  1.79999937e+02
 4.04265487e+01  4.63856906e+01  4.04265487e+01  1.79999936e+02
 4.07380278e+01  4.63856906e+01  4.07380278e+01  1.79999936e+02
 4.10519067e+01  4.63856906e+01  4.10519067e+01  1.79999935e+02
 4.13682040e+01  4.63856906e+01  4.13682040e+01  1.79999935e+02
 4.16869383e+01  4.63856906e+01  4.16869383e+01  1.79999934e+02
 4.20081285e+01  4.63856906e+01  4.20081285e+01  1.79999934e+02
 4.23317933e+01  4.63856906e+01  4.23317933e+01  1.79999933e+02
 4.26579519e+01  4.63856906e+01  4.26579519e+01  1.79999933e+02
 4.29866235e+01  4.63856906e+01  4.29866235e+01  1.79999932e+02
 4.33178274e+01  4.63856906e+01  4.33178274e+01  1.79999932e+02
 4.36515832e+01  4.63856906e+01  4.36515832e+01  1.79999931e+02
 4.39879106e+01  4.63856906e+01  4.39879106e+01  1.79999931e+02
 4.43268292e+01  4.63856906e+01  4.43268292e+01  1.79999930e+02
 4.46683592e+01  4.63856906e+01  4.46683592e+01  1.79999930e+02
 4.50125206e+01  4.63856906e+01  4.50125206e+01  1.79999929e+02
 4.53593337e+01  4.63856906e+01  4.53593337e+01  1.79999928e+02
 4.57088190e+01  4.63856906e+01  4.57088190e+01  1.79999928e+02
 4.60609969e+01  4.63856906e+01  4.60609969e+01  1.79999927e+02
 4.64158883e+01  4.63856906e+01  4.64158883e+01  1.79999927e+02
 4.67735141e+01  4.63856906e+01  4.67735141e+01  1.79999926e+02
 4.71338954e+01  4.63856906e+01  4.71338954e+01  1.79999926e+02
 4.74970533e+01  4.63856906e+01  4.74970533e+01  1.79999925e+02
 4.78630092e+01  4.63856906e+01  4.78630092e+01  1.79999925e+02
 4.82317848e+01  4.63856906e+01  4.82317848e+01  1.79999924e+02
 4.86034018e+01  4.63856906e+01  4.86034018e+01  1.79999923e+02
 4.89778819e+01  4.63856906e+01  4.89778819e+01  1.79999923e+02
 4.93552474e+01  4.63856906e+01  4.93552474e+01  1.79999922e+02
 4.97355204e+01  4.63856906e+01  4.97355204e+01  1.79999922e+02
 5.01187234e+01  4.63856906e+01  5.01187234e+01  1.79999921e+02
 5.05048788e+01  4.63856906e+01  5.05048788e+01  1.79999920e+02
 5.08940095e+01  4.63856906e+01  5.08940095e+01  1.79999920e+02
 5.12861384e+01  4.63856906e+01  5.12861384e+01  1.79999919e+02
 5.16812886e+01  4.63856906e+01  5.16812886e+01  1.79999919e+02
 5.20794833e+01  4.63856906e+01  5.20794833e+01  1.79999918e+02
 5.24807460e+01  4.63856906e+01  5.24807460e+01  1.79999917e+02
 5.28851004e+01  4.63856906e+01  5.28851004e+01  1.79999917e+02
 5.32925703e+01  4.63856906e+01  5.32925703e+01  1.79999916e+02
 5.37031796e+01  4.63856906e+01  5.37031796e+01  1.79999915e+02
 5.41169527e+01  4.63856906e+01  5.41169527e+01  1.79999915e+02
 5.45339137e+01  4.63856906e+01  5.45339137e+01  1.79999914e+02
 5.49540874e+01  4.63856906e+01  5.49540874e+01  1.79999913e+02
 5.53774984e+01  4.63856906e+01  5.53774984e+01  1.79999913e+02
 5.58041717e+01  4.63856906e+01  5.58041717e+01  1.79999912e+02
 5.62341325e+01  4.63856906e+01  5.62341325e+01  1.79999911e+02
 5.66674061e+01  4.63856906e+01  5.66674061e+01  1.79999911e+02
 5.71040179e+01  4.63856906e+01  5.71040179e+01  1.79999910e+02
 5.75439937e+01  4.63856906e+01  5.75439937e+01  1.79999909e+02
 5.79873595e+01  4.63856906e+01  5.79873595e+01  1.79999909e+02
 5.84341413e+01  4.63856906e+01  5.84341413e+01  1.79999908e+02
 5.88843655e+01  4.63856906e+01  5.88843655e+01  1.79999907e+02
 5.93380586e+01  4.63856906e+01  5.93380586e+01  1.79999906e+02
 5.97952473e+01  4.63856906e+01  5.97952473e+01  1.79999906e+02
 6.02559586e+01  4.63856906e+01  6.02559586e+01  1.79999905e+02
 6.07202196e+01  4.63856906e+01  6.07202196e+01  1.79999904e+02
 6.11880576e+01  4.63856906e+01  6.11880576e+01  1.79999904e+02
 6.16595002e+01  4.63856906e+01  6.16595002e+01  1.79999903e+02
 6.21345752e+01  4.63856906e+01  6.21345752e+01  1.79999902e+02
 6.26133105e+01  4.63856906e+01  6.26133105e+01  1.79999901e+02
 6.30957344e+01  4.63856906e+01  6.30957344e+01  1.79999901e+02
 6.35818754e+01  4.63856906e+01  6.35818754e+01  1.79999900e+02
 6.40717619e+01  4.63856906e+01  6.40717619e+01  1.79999899e+02
 6.45654229e+01  4.63856906e+01  6.45654229e+01  1.79999898e+02
 6.50628875e+01  4.63856906e+01  6.50628875e+01  1.79999897e+02
 6.55641849e+01  4.63856906e+01  6.55641849e+01  1.79999897e+02
 6.60693448e+01  4.63856906e+01  6.60693448e+01  1.79999896e+02
 6.65783968e+01  4.63856906e+01  6.65783968e+01  1.79999895e+02
 6.70913710e+01  4.63856906e+01  6.70913710e+01  1.79999894e+02
 6.76082975e+01  4.63856906e+01  6.76082975e+01  1.79999893e+02
 6.81292069e+01  4.63856906e+01  6.81292069e+01  1.79999893e+02
 6.86541298e+01  4.63856906e+01  6.86541298e+01  1.79999892e+02
 6.91830971e+01  4.63856906e+01  6.91830971e+01  1.79999891e+02
 6.97161400e+01  4.63856906e+01  6.97161400e+01  1.79999890e+02
 7.02532899e+01  4.63856906e+01  7.02532899e+01  1.79999889e+02
 7.07945784e+01  4.63856906e+01  7.07945784e+01  1.79999888e+02
 7.13400375e+01  4.63856906e+01  7.13400375e+01  1.79999888e+02
 7.18896992e+01  4.63856906e+01  7.18896992e+01  1.79999887e+02
 7.24435960e+01  4.63856906e+01  7.24435960e+01  1.79999886e+02
 7.30017605e+01  4.63856906e+01  7.30017605e+01  1.79999885e+02
 7.35642254e+01  4.63856906e+01  7.35642254e+01  1.79999884e+02
 7.41310241e+01  4.63856906e+01  7.41310241e+01  1.79999883e+02
 7.47021899e+01  4.63856906e+01  7.47021899e+01  1.79999882e+02
 7.52777564e+01  4.63856906e+01  7.52777564e+01  1.79999881e+02
 7.58577575e+01  4.63856906e+01  7.58577575e+01  1.79999880e+02
 7.64422274e+01  4.63856906e+01  7.64422274e+01  1.79999879e+02
 7.70312006e+01  4.63856906e+01  7.70312006e+01  1.79999879e+02
 7.76247117e+01  4.63856906e+01  7.76247117e+01  1.79999878e+02
 7.82227956e+01  4.63856906e+01  7.82227956e+01  1.79999877e+02
 7.88254877e+01  4.63856906e+01  7.88254877e+01  1.79999876e+02
 7.94328235e+01  4.63856906e+01  7.94328235e+01  1.79999875e+02
 8.00448386e+01  4.63856906e+01  8.00448386e+01  1.79999874e+02
 8.06615692e+01  4.63856906e+01  8.06615692e+01  1.79999873e+02
 8.12830516e+01  4.63856906e+01  8.12830516e+01  1.79999872e+02
 8.19093224e+01  4.63856906e+01  8.19093224e+01  1.79999871e+02
 8.25404185e+01  4.63856906e+01  8.25404185e+01  1.79999870e+02
 8.31763771e+01  4.63856906e+01  8.31763771e+01  1.79999869e+02
 8.38172356e+01  4.63856906e+01  8.38172356e+01  1.79999868e+02
 8.44630319e+01  4.63856906e+01  8.44630319e+01  1.79999867e+02
 8.51138038e+01  4.63856906e+01  8.51138038e+01  1.79999866e+02
 8.57695899e+01  4.63856906e+01  8.57695899e+01  1.79999865e+02
 8.64304286e+01  4.63856906e+01  8.64304286e+01  1.79999864e+02
 8.70963590e+01  4.63856906e+01  8.70963590e+01  1.79999863e+02
 8.77674203e+01  4.63856906e+01  8.77674203e+01  1.79999862e+02
 8.84436519e+01  4.63856906e+01  8.84436519e+01  1.79999861e+02
 8.91250938e+01  4.63856906e+01  8.91250938e+01  1.79999859e+02
 8.98117861e+01  4.63856906e+01  8.98117861e+01  1.79999858e+02
 9.05037692e+01  4.63856906e+01  9.05037692e+01  1.79999857e+02
 9.12010839e+01  4.63856906e+01  9.12010839e+01  1.79999856e+02
 9.19037713e+01  4.63856906e+01  9.19037713e+01  1.79999855e+02
 9.26118728e+01  4.63856906e+01  9.26118728e+01  1.79999854e+02
 9.33254301e+01  4.63856906e+01  9.33254301e+01  1.79999853e+02
 9.40444852e+01  4.63856906e+01  9.40444852e+01  1.79999852e+02
 9.47690805e+01  4.63856906e+01  9.47690805e+01  1.79999851e+02
 9.54992586e+01  4.63856906e+01  9.54992586e+01  1.79999849e+02
 9.62350626e+01  4.63856906e+01  9.62350626e+01  1.79999848e+02
 9.69765359e+01  4.63856906e+01  9.69765359e+01  1.79999847e+02
 9.77237221e+01  4.63856906e+01  9.77237221e+01  1.79999846e+02
 9.84766652e+01  4.63856906e+01  9.84766652e+01  1.79999845e+02
 9.92354096e+01  4.63856906e+01  9.92354096e+01  1.79999844e+02
 1.00000000e+02  4.63856906e+01  1.00000000e+02  1.79999842e+02
 1.00770481e+02  4.63856906e+01  1.00770481e+02  1.79999841e+02
 1.01546899e+02  4.63856906e+01  1.01546899e+02  1.79999840e+02
 1.02329299e+02  4.63856906e+01  1.02329299e+02  1.79999839e+02
 1.03117727e+02  4.63856906e+01  1.03117727e+02  1.79999837e+02
 1.03912230e+02  4.63856906e+01  1.03912230e+02  1.79999836e+02
 1.04712855e+02  4.63856906e+01  1.04712855e+02  1.79999835e+02
 1.05519648e+02  4.63856906e+01  1.05519648e+02  1.79999834e+02
 1.06332657e+02  4.63856906e+01  1.06332657e+02  1.79999832e+02
 1.07151931e+02  4.63856906e+01  1.07151931e+02  1.79999831e+02
 1.07977516e+02  4.63856906e+01  1.07977516e+02  1.79999830e+02
 1.08809463e+02  4.63856906e+01  1.08809463e+02  1.79999828e+02
 1.09647820e+02  4.63856906e+01  1.09647820e+02  1.79999827e+02
 1.10492636e+02  4.63856906e+01  1.10492636e+02  1.79999826e+02
 1.11343961e+02  4.63856906e+01  1.11343961e+02  1.79999824e+02
 1.12201845e+02  4.63856906e+01  1.12201845e+02  1.79999823e+02
 1.13066340e+02  4.63856906e+01  1.13066340e+02  1.79999822e+02
 1.13937495e+02  4.63856906e+01  1.13937495e+02  1.79999820e+02
 1.14815362e+02  4.63856906e+01  1.14815362e+02  1.79999819e+02
 1.15699993e+02  4.63856906e+01  1.15699993e+02  1.79999818e+02
 1.16591440e+02  4.63856906e+01  1.16591440e+02  1.79999816e+02
 1.17489755e+02  4.63856906e+01  1.17489755e+02  1.79999815e+02
 1.18394992e+02  4.63856906e+01  1.18394992e+02  1.79999813e+02
 1.19307204e+02  4.63856906e+01  1.19307204e+02  1.79999812e+02
 1.20226443e+02  4.63856906e+01  1.20226443e+02  1.79999810e+02
 1.21152766e+02  4.63856906e+01  1.21152766e+02  1.79999809e+02
 1.22086225e+02  4.63856906e+01  1.22086225e+02  1.79999808e+02
 1.23026877e+02  4.63856906e+01  1.23026877e+02  1.79999806e+02
 1.23974776e+02  4.63856906e+01  1.23974776e+02  1.79999805e+02
 1.24929979e+02  4.63856906e+01  1.24929979e+02  1.79999803e+02
 1.25892541e+02  4.63856906e+01  1.25892541e+02  1.79999802e+02
 1.26862520e+02  4.63856906e+01  1.26862520e+02  1.79999800e+02
 1.27839972e+02  4.63856906e+01  1.27839972e+02  1.79999798e+02
 1.28824955e+02  4.63856906e+01  1.28824955e+02  1.79999797e+02
 1.29817528e+02  4.63856906e+01  1.29817528e+02  1.79999795e+02
 1.30817747e+02  4.63856906e+01  1.30817747e+02  1.79999794e+02
 1.31825674e+02  4.63856906e+01  1.31825674e+02  1.79999792e+02
 1.32841366e+02  4.63856906e+01  1.32841366e+02  1.79999791e+02
 1.33864884e+02  4.63856906e+01  1.33864884e+02  1.79999789e+02
 1.34896288e+02  4.63856906e+01  1.34896288e+02  1.79999787e+02
 1.35935639e+02  4.63856906e+01  1.35935639e+02  1.79999786e+02
 1.36982998e+02  4.63856906e+01  1.36982998e+02  1.79999784e+02
 1.38038426e+02  4.63856906e+01  1.38038426e+02  1.79999782e+02
 1.39101987e+02  4.63856906e+01  1.39101987e+02  1.79999781e+02
 1.40173742e+02  4.63856906e+01  1.40173742e+02  1.79999779e+02
 1.41253754e+02  4.63856906e+01  1.41253754e+02  1.79999777e+02
 1.42342088e+02  4.63856906e+01  1.42342088e+02  1.79999776e+02
 1.43438808e+02  4.63856906e+01  1.43438808e+02  1.79999774e+02
 1.44543977e+02  4.63856906e+01  1.44543977e+02  1.79999772e+02
 1.45657662e+02  4.63856906e+01  1.45657662e+02  1.79999770e+02
 1.46779927e+02  4.63856906e+01  1.46779927e+02  1.79999769e+02
 1.47910839e+02  4.63856906e+01  1.47910839e+02  1.79999767e+02
 1.49050464e+02  4.63856906e+01  1.49050464e+02  1.79999765e+02
 1.50198870e+02  4.63856906e+01  1.50198870e+02  1.79999763e+02
 1.51356125e+02  4.63856906e+01  1.51356125e+02  1.79999761e+02
 1.52522296e+02  4.63856906e+01  1.52522296e+02  1.79999760e+02
 1.53697452e+02  4.63856906e+01  1.53697452e+02  1.79999758e+02
 1.54881662e+02  4.63856906e+01  1.54881662e+02  1.79999756e+02
 1.56074996e+02  4.63856906e+01  1.56074996e+02  1.79999754e+02
 1.57277525e+02  4.63856906e+01  1.57277525e+02  1.79999752e+02
 1.58489319e+02  4.63856906e+01  1.58489319e+02  1.79999750e+02
 1.59710450e+02  4.63856906e+01  1.59710450e+02  1.79999748e+02
 1.60940989e+02  4.63856906e+01  1.60940989e+02  1.79999746e+02
 1.62181010e+02  4.63856906e+01  1.62181010e+02  1.79999744e+02
 1.63430584e+02  4.63856906e+01  1.63430584e+02  1.79999742e+02
 1.64689787e+02  4.63856906e+01  1.64689787e+02  1.79999740e+02
 1.65958691e+02  4.63856906e+01  1.65958691e+02  1.79999738e+02
 1.67237372e+02  4.63856906e+01  1.67237372e+02  1.79999736e+02
 1.68525904e+02  4.63856906e+01  1.68525904e+02  1.79999734e+02
 1.69824365e+02  4.63856906e+01  1.69824365e+02  1.79999732e+02
 1.71132830e+02  4.63856906e+01  1.71132830e+02  1.79999730e+02
 1.72451377e+02  4.63856906e+01  1.72451377e+02  1.79999728e+02
 1.73780083e+02  4.63856906e+01  1.73780083e+02  1.79999726e+02
 1.75119026e+02  4.63856906e+01  1.75119026e+02  1.79999724e+02
 1.76468286e+02  4.63856906e+01  1.76468286e+02  1.79999722e+02
 1.77827941e+02  4.63856906e+01  1.77827941e+02  1.79999720e+02
 1.79198072e+02  4.63856906e+01  1.79198072e+02  1.79999718e+02
 1.80578760e+02  4.63856906e+01  1.80578760e+02  1.79999715e+02
 1.81970086e+02  4.63856906e+01  1.81970086e+02  1.79999713e+02
 1.83372132e+02  4.63856906e+01  1.83372132e+02  1.79999711e+02
 1.84784980e+02  4.63856906e+01  1.84784980e+02  1.79999709e+02
 1.86208714e+02  4.63856906e+01  1.86208714e+02  1.79999706e+02
 1.87643417e+02  4.63856906e+01  1.87643417e+02  1.79999704e+02
 1.89089175e+02  4.63856906e+01  1.89089175e+02  1.79999702e+02
 1.90546072e+02  4.63856906e+01  1.90546072e+02  1.79999700e+02
 1.92014194e+02  4.63856906e+01  1.92014194e+02  1.79999697e+02
 1.93493628e+02  4.63856906e+01  1.93493628e+02  1.79999695e+02
 1.94984460e+02  4.63856906e+01  1.94984460e+02  1.79999693e+02
 1.96486779e+02  4.63856906e+01  1.96486779e+02  1.79999690e+02
 1.98000673e+02  4.63856906e+01  1.98000673e+02  1.79999688e+02
 1.99526231e+02  4.63856906e+01  1.99526231e+02  1.79999685e+02
 2.01063544e+02  4.63856906e+01  2.01063544e+02  1.79999683e+02
 2.02612701e+02  4.63856906e+01  2.02612701e+02  1.79999681e+02
 2.04173794e+02  4.63856906e+01  2.04173794e+02  1.79999678e+02
 2.05746916e+02  4.63856906e+01  2.05746916e+02  1.79999676e+02
 2.07332157e+02  4.63856906e+01  2.07332157e+02  1.79999673e+02
 2.08929613e+02  4.63856906e+01  2.08929613e+02  1.79999671e+02
 2.10539377e+02  4.63856906e+01  2.10539377e+02  1.79999668e+02
 2.12161544e+02  4.63856906e+01  2.12161544e+02  1.79999666e+02
 2.13796209e+02  4.63856906e+01  2.13796209e+02  1.79999663e+02
 2.15443469e+02  4.63856906e+01  2.15443469e+02  1.79999660e+02
 2.17103421e+02  4.63856906e+01  2.17103421e+02  1.79999658e+02
 2.18776162e+02  4.63856906e+01  2.18776162e+02  1.79999655e+02
 2.20461792e+02  4.63856906e+01  2.20461792e+02  1.79999652e+02
 2.22160409e+02  4.63856906e+01  2.22160409e+02  1.79999650e+02
 2.23872114e+02  4.63856906e+01  2.23872114e+02  1.79999647e+02
 2.25597007e+02  4.63856906e+01  2.25597007e+02  1.79999644e+02
 2.27335190e+02  4.63856906e+01  2.27335190e+02  1.79999642e+02
 2.29086765e+02  4.63856906e+01  2.29086765e+02  1.79999639e+02
 2.30851836e+02  4.63856906e+01  2.30851836e+02  1.79999636e+02
 2.32630507e+02  4.63856906e+01  2.32630507e+02  1.79999633e+02
 2.34422882e+02  4.63856906e+01  2.34422882e+02  1.79999630e+02
 2.36229066e+02  4.63856906e+01  2.36229066e+02  1.79999628e+02
 2.38049167e+02  4.63856906e+01  2.38049167e+02  1.79999625e+02
 2.39883292e+02  4.63856906e+01  2.39883292e+02  1.79999622e+02
 2.41731548e+02  4.63856906e+01  2.41731548e+02  1.79999619e+02
 2.43594045e+02  4.63856906e+01  2.43594045e+02  1.79999616e+02
 2.45470892e+02  4.63856906e+01  2.45470892e+02  1.79999613e+02
 2.47362199e+02  4.63856906e+01  2.47362199e+02  1.79999610e+02
 2.49268079e+02  4.63856906e+01  2.49268079e+02  1.79999607e+02
 2.51188643e+02  4.63856906e+01  2.51188643e+02  1.79999604e+02
 2.53124005e+02  4.63856906e+01  2.53124005e+02  1.79999601e+02
 2.55074278e+02  4.63856906e+01  2.55074278e+02  1.79999598e+02
 2.57039578e+02  4.63856906e+01  2.57039578e+02  1.79999595e+02
 2.59020020e+02  4.63856906e+01  2.59020020e+02  1.79999592e+02
 2.61015722e+02  4.63856906e+01  2.61015722e+02  1.79999589e+02
 2.63026799e+02  4.63856906e+01  2.63026799e+02  1.79999585e+02
 2.65053372e+02  4.63856906e+01  2.65053372e+02  1.79999582e+02
 2.67095559e+02  4.63856906e+01  2.67095559e+02  1.79999579e+02
 2.69153480e+02  4.63856906e+01  2.69153480e+02  1.79999576e+02
 2.71227258e+02  4.63856906e+01  2.71227258e+02  1.79999572e+02
 2.73317014e+02  4.63856906e+01  2.73317014e+02  1.79999569e+02
 2.75422870e+02  4.63856906e+01  2.75422870e+02  1.79999566e+02
 2.77544952e+02  4.63856906e+01  2.77544952e+02  1.79999562e+02
 2.79683385e+02  4.63856906e+01  2.79683385e+02  1.79999559e+02
 2.81838293e+02  4.63856906e+01  2.81838293e+02  1.79999556e+02
 2.84009805e+02  4.63856906e+01  2.84009805e+02  1.79999552e+02
 2.86198048e+02  4.63856906e+01  2.86198048e+02  1.79999549e+02
 2.88403150e+02  4.63856906e+01  2.88403150e+02  1.79999545e+02
 2.90625243e+02  4.63856906e+01  2.90625243e+02  1.79999542e+02
 2.92864456e+02  4.63856906e+01  2.92864456e+02  1.79999538e+02
 2.95120923e+02  4.63856906e+01  2.95120923e+02  1.79999535e+02
 2.97394775e+02  4.63856906e+01  2.97394775e+02  1.79999531e+02
 2.99686146e+02  4.63856906e+01  2.99686146e+02  1.79999528e+02
 3.01995172e+02  4.63856906e+01  3.01995172e+02  1.79999524e+02
 3.04321989e+02  4.63856906e+01  3.04321989e+02  1.79999520e+02
 3.06666733e+02  4.63856906e+01  3.06666733e+02  1.79999517e+02
 3.09029543e+02  4.63856906e+01  3.09029543e+02  1.79999513e+02
 3.11410558e+02  4.63856906e+01  3.11410558e+02  1.79999509e+02
 3.13809919e+02  4.63856906e+01  3.13809919e+02  1.79999505e+02
 3.16227766e+02  4.63856906e+01  3.16227766e+02  1.79999501e+02
 3.18664242e+02  4.63856906e+01  3.18664242e+02  1.79999498e+02
 3.21119491e+02  4.63856906e+01  3.21119491e+02  1.79999494e+02
 3.23593657e+02  4.63856906e+01  3.23593657e+02  1.79999490e+02
 3.26086886e+02  4.63856906e+01  3.26086886e+02  1.79999486e+02
 3.28599325e+02  4.63856906e+01  3.28599325e+02  1.79999482e+02
 3.31131121e+02  4.63856906e+01  3.31131121e+02  1.79999478e+02
 3.33682425e+02  4.63856906e+01  3.33682425e+02  1.79999474e+02
 3.36253386e+02  4.63856906e+01  3.36253386e+02  1.79999470e+02
 3.38844156e+02  4.63856906e+01  3.38844156e+02  1.79999466e+02
 3.41454887e+02  4.63856906e+01  3.41454887e+02  1.79999462e+02
 3.44085734e+02  4.63856906e+01  3.44085734e+02  1.79999458e+02
 3.46736850e+02  4.63856906e+01  3.46736850e+02  1.79999453e+02
 3.49408393e+02  4.63856906e+01  3.49408393e+02  1.79999449e+02
 3.52100520e+02  4.63856906e+01  3.52100520e+02  1.79999445e+02
 3.54813389e+02  4.63856906e+01  3.54813389e+02  1.79999441e+02
 3.57547160e+02  4.63856906e+01  3.57547160e+02  1.79999436e+02
 3.60301995e+02  4.63856907e+01  3.60301995e+02  1.79999432e+02
 3.63078055e+02  4.63856907e+01  3.63078055e+02  1.79999428e+02
 3.65875504e+02  4.63856907e+01  3.65875504e+02  1.79999423e+02
 3.68694506e+02  4.63856907e+01  3.68694506e+02  1.79999419e+02
 3.71535229e+02  4.63856907e+01  3.71535229e+02  1.79999414e+02
 3.74397839e+02  4.63856907e+01  3.74397839e+02  1.79999410e+02
 3.77282505e+02  4.63856907e+01  3.77282505e+02  1.79999405e+02
 3.80189396e+02  4.63856907e+01  3.80189396e+02  1.79999401e+02
 3.83118685e+02  4.63856907e+01  3.83118685e+02  1.79999396e+02
 3.86070543e+02  4.63856907e+01  3.86070543e+02  1.79999391e+02
 3.89045145e+02  4.63856907e+01  3.89045145e+02  1.79999387e+02
 3.92042666e+02  4.63856907e+01  3.92042666e+02  1.79999382e+02
 3.95063281e+02  4.63856907e+01  3.95063281e+02  1.79999377e+02
 3.98107171e+02  4.63856907e+01  3.98107171e+02  1.79999372e+02
 4.01174512e+02  4.63856907e+01  4.01174512e+02  1.79999368e+02
 4.04265487e+02  4.63856907e+01  4.04265487e+02  1.79999363e+02
 4.07380278e+02  4.63856907e+01  4.07380278e+02  1.79999358e+02
 4.10519067e+02  4.63856907e+01  4.10519067e+02  1.79999353e+02
 4.13682040e+02  4.63856907e+01  4.13682040e+02  1.79999348e+02
 4.16869383e+02  4.63856907e+01  4.16869383e+02  1.79999343e+02
 4.20081285e+02  4.63856907e+01  4.20081285e+02  1.79999338e+02
 4.23317933e+02  4.63856907e+01  4.23317933e+02  1.79999333e+02
 4.26579519e+02  4.63856907e+01  4.26579519e+02  1.79999328e+02
 4.29866235e+02  4.63856907e+01  4.29866235e+02  1.79999322e+02
 4.33178274e+02  4.63856907e+01  4.33178274e+02  1.79999317e+02
 4.36515832e+02  4.63856907e+01  4.36515832e+02  1.79999312e+02
 4.39879106e+02  4.63856907e+01  4.39879106e+02  1.79999307e+02
 4.43268292e+02  4.63856907e+01  4.43268292e+02  1.79999301e+02
 4.46683592e+02  4.63856907e+01  4.46683592e+02  1.79999296e+02
 4.50125206e+02  4.63856907e+01  4.50125206e+02  1.79999290e+02
 4.53593337e+02  4.63856907e+01  4.53593337e+02  1.79999285e+02
 4.57088190e+02  4.63856907e+01  4.57088190e+02  1.79999279e+02
 4.60609969e+02  4.63856907e+01  4.60609969e+02  1.79999274e+02
 4.64158883e+02  4.63856907e+01  4.64158883e+02  1.79999268e+02
 4.67735141e+02  4.63856907e+01  4.67735141e+02  1.79999263e+02
 4.71338954e+02  4.63856907e+01  4.71338954e+02  1.79999257e+02
 4.74970533e+02  4.63856907e+01  4.74970533e+02  1.79999251e+02
 4.78630092e+02  4.63856907e+01  4.78630092e+02  1.79999245e+02
 4.82317848e+02  4.63856907e+01  4.82317848e+02  1.79999240e+02
 4.86034018e+02  4.63856907e+01  4.86034018e+02  1.79999234e+02
 4.89778819e+02  4.63856907e+01  4.89778819e+02  1.79999228e+02
 4.93552474e+02  4.63856907e+01  4.93552474e+02  1.79999222e+02
 4.97355204e+02  4.63856907e+01  4.97355204e+02  1.79999216e+02
 5.01187234e+02  4.63856907e+01  5.01187234e+02  1.79999210e+02
 5.05048788e+02  4.63856907e+01  5.05048788e+02  1.79999204e+02
 5.08940095e+02  4.63856908e+01  5.08940095e+02  1.79999198e+02
 5.12861384e+02  4.63856908e+01  5.12861384e+02  1.79999191e+02
 5.16812886e+02  4.63856908e+01  5.16812886e+02  1.79999185e+02
 5.20794833e+02  4.63856908e+01  5.20794833e+02  1.79999179e+02
 5.24807460e+02  4.63856908e+01  5.24807460e+02  1.79999173e+02
 5.28851004e+02  4.63856908e+01  5.28851004e+02  1.79999166e+02
 5.32925703e+02  4.63856908e+01  5.32925703e+02  1.79999160e+02
 5.37031796e+02  4.63856908e+01  5.37031796e+02  1.79999153e+02
 5.41169527e+02  4.63856908e+01  5.41169527e+02  1.79999147e+02
 5.45339137e+02  4.63856908e+01  5.45339137e+02  1.79999140e+02
 5.49540874e+02  4.63856908e+01  5.49540874e+02  1.79999134e+02
 5.53774984e+02  4.63856908e+01  5.53774984e+02  1.79999127e+02
 5.58041717e+02  4.63856908e+01  5.58041717e+02  1.79999120e+02
 5.62341325e+02  4.63856908e+01  5.62341325e+02  1.79999113e+02
 5.66674061e+02  4.63856908e+01  5.66674061e+02  1.79999107e+02
 5.71040179e+02  4.63856908e+01  5.71040179e+02  1.79999100e+02
 5.75439937e+02  4.63856908e+01  5.75439937e+02  1.79999093e+02
 5.79873595e+02  4.63856908e+01  5.79873595e+02  1.79999086e+02
 5.84341413e+02  4.63856908e+01  5.84341413e+02  1.79999079e+02
 5.88843655e+02  4.63856908e+01  5.88843655e+02  1.79999072e+02
 5.93380586e+02  4.63856908e+01  5.93380586e+02  1.79999065e+02
 5.97952473e+02  4.63856908e+01  5.97952473e+02  1.79999057e+02
 6.02559586e+02  4.63856908e+01  6.02559586e+02  1.79999050e+02
 6.07202196e+02  4.63856908e+01  6.07202196e+02  1.79999043e+02
 6.11880576e+02  4.63856908e+01  6.11880576e+02  1.79999035e+02
 6.16595002e+02  4.63856908e+01  6.16595002e+02  1.79999028e+02
 6.21345752e+02  4.63856909e+01  6.21345752e+02  1.79999020e+02
 6.26133105e+02  4.63856909e+01  6.26133105e+02  1.79999013e+02
 6.30957344e+02  4.63856909e+01  6.30957344e+02  1.79999005e+02
 6.35818754e+02  4.63856909e+01  6.35818754e+02  1.79998998e+02
 6.40717619e+02  4.63856909e+01  6.40717619e+02  1.79998990e+02
 6.45654229e+02  4.63856909e+01  6.45654229e+02  1.79998982e+02
 6.50628875e+02  4.63856909e+01  6.50628875e+02  1.79998974e+02
 6.55641849e+02  4.63856909e+01  6.55641849e+02  1.79998966e+02
 6.60693448e+02  4.63856909e+01  6.60693448e+02  1.79998958e+02
 6.65783968e+02  4.63856909e+01  6.65783968e+02  1.79998950e+02
 6.70913710e+02  4.63856909e+01  6.70913710e+02  1.79998942e+02
 6.76082975e+02  4.63856909e+01  6.76082975e+02  1.79998934e+02
 6.81292069e+02  4.63856909e+01  6.81292069e+02  1.79998926e+02
 6.86541298e+02  4.63856909e+01  6.86541298e+02  1.79998918e+02
 6.91830971e+02  4.63856909e+01  6.91830971e+02  1.79998909e+02
 6.97161400e+02  4.63856909e+01  6.97161400e+02  1.79998901e+02
 7.02532899e+02  4.63856909e+01  7.02532899e+02  1.79998892e+02
 7.07945784e+02  4.63856909e+01  7.07945784e+02  1.79998884e+02
 7.13400375e+02  4.63856909e+01  7.13400375e+02  1.79998875e+02
 7.18896992e+02  4.63856910e+01  7.18896992e+02  1.79998867e+02
 7.24435960e+02  4.63856910e+01  7.24435960e+02  1.79998858e+02
 7.30017605e+02  4.63856910e+01  7.30017605e+02  1.79998849e+02
 7.35642254e+02  4.63856910e+01  7.35642254e+02  1.79998840e+02
 7.41310241e+02  4.63856910e+01  7.41310241e+02  1.79998831e+02
 7.47021899e+02  4.63856910e+01  7.47021899e+02  1.79998822e+02
 7.52777564e+02  4.63856910e+01  7.52777564e+02  1.79998813e+02
 7.58577575e+02  4.63856910e+01  7.58577575e+02  1.79998804e+02
 7.64422274e+02  4.63856910e+01  7.64422274e+02  1.79998795e+02
 7.70312006e+02  4.63856910e+01  7.70312006e+02  1.79998786e+02
 7.76247117e+02  4.63856910e+01  7.76247117e+02  1.79998776e+02
 7.82227956e+02  4.63856910e+01  7.82227956e+02  1.79998767e+02
 7.88254877e+02  4.63856910e+01  7.88254877e+02  1.79998757e+02
 7.94328235e+02  4.63856910e+01  7.94328235e+02  1.79998748e+02
 8.00448386e+02  4.63856910e+01  8.00448386e+02  1.79998738e+02
 8.06615692e+02  4.63856911e+01  8.06615692e+02  1.79998728e+02
 8.12830516e+02  4.63856911e+01  8.12830516e+02  1.79998719e+02
 8.19093224e+02  4.63856911e+01  8.19093224e+02  1.79998709e+02
 8.25404185e+02  4.63856911e+01  8.25404185e+02  1.79998699e+02
 8.31763771e+02  4.63856911e+01  8.31763771e+02  1.79998689e+02
 8.38172356e+02  4.63856911e+01  8.38172356e+02  1.79998679e+02
 8.44630319e+02  4.63856911e+01  8.44630319e+02  1.79998668e+02
 8.51138038e+02  4.63856911e+01  8.51138038e+02  1.79998658e+02
 8.57695899e+02  4.63856911e+01  8.57695899e+02  1.79998648e+02
 8.64304286e+02  4.63856911e+01  8.64304286e+02  1.79998637e+02
 8.70963590e+02  4.63856911e+01  8.70963590e+02  1.79998627e+02
 8.77674203e+02  4.63856911e+01  8.77674203e+02  1.79998616e+02
 8.84436519e+02  4.63856912e+01  8.84436519e+02  1.79998606e+02
 8.91250938e+02  4.63856912e+01  8.91250938e+02  1.79998595e+02
 8.98117861e+02  4.63856912e+01  8.98117861e+02  1.79998584e+02
 9.05037692e+02  4.63856912e+01  9.05037692e+02  1.79998573e+02
 9.12010839e+02  4.63856912e+01  9.12010839e+02  1.79998562e+02
 9.19037713e+02  4.63856912e+01  9.19037713e+02  1.79998551e+02
 9.26118728e+02  4.63856912e+01  9.26118728e+02  1.79998540e+02
 9.33254301e+02  4.63856912e+01  9.33254301e+02  1.79998529e+02
 9.40444852e+02  4.63856912e+01  9.40444852e+02  1.79998517e+02
 9.47690805e+02  4.63856912e+01  9.47690805e+02  1.79998506e+02
 9.54992586e+02  4.63856913e+01  9.54992586e+02  1.79998494e+02
 9.62350626e+02  4.63856913e+01  9.62350626e+02  1.79998483e+02
 9.69765359e+02  4.63856913e+01  9.69765359e+02  1.79998471e+02
 9.77237221e+02  4.63856913e+01  9.77237221e+02  1.79998459e+02
 9.84766652e+02  4.63856913e+01  9.84766652e+02  1.79998448e+02
 9.92354096e+02  4.63856913e+01  9.92354096e+02  1.79998436e+02
 1.00000000e+03  4.63856913e+01  1.00000000e+03  1.79998424e+02
 1.00770481e+03  4.63856913e+01  1.00770481e+03  1.79998411e+02
 1.01546899e+03  4.63856914e+01  1.01546899e+03  1.79998399e+02
 1.02329299e+03  4.63856914e+01  1.02329299e+03  1.79998387e+02
 1.03117727e+03  4.63856914e+01  1.03117727e+03  1.79998374e+02
 1.03912230e+03  4.63856914e+01  1.03912230e+03  1.79998362e+02
 1.04712855e+03  4.63856914e+01  1.04712855e+03  1.79998349e+02
 1.05519648e+03  4.63856914e+01  1.05519648e+03  1.79998337e+02
 1.06332657e+03  4.63856914e+01  1.06332657e+03  1.79998324e+02
 1.07151931e+03  4.63856914e+01  1.07151931e+03  1.79998311e+02
 1.07977516e+03  4.63856914e+01  1.07977516e+03  1.79998298e+02
 1.08809463e+03  4.63856915e+01  1.08809463e+03  1.79998285e+02
 1.09647820e+03  4.63856915e+01  1.09647820e+03  1.79998271e+02
 1.10492636e+03  4.63856915e+01  1.10492636e+03  1.79998258e+02
 1.11343961e+03  4.63856915e+01  1.11343961e+03  1.79998245e+02
 1.12201845e+03  4.63856915e+01  1.12201845e+03  1.79998231e+02
 1.13066340e+03  4.63856915e+01  1.13066340e+03  1.79998218e+02
 1.13937495e+03  4.63856916e+01  1.13937495e+03  1.79998204e+02
 1.14815362e+03  4.63856916e+01  1.14815362e+03  1.79998190e+02
 1.15699993e+03  4.63856916e+01  1.15699993e+03  1.79998176e+02
 1.16591440e+03  4.63856916e+01  1.16591440e+03  1.79998162e+02
 1.17489755e+03  4.63856916e+01  1.17489755e+03  1.79998148e+02
 1.18394992e+03  4.63856916e+01  1.18394992e+03  1.79998134e+02
 1.19307204e+03  4.63856917e+01  1.19307204e+03  1.79998119e+02
 1.20226443e+03  4.63856917e+01  1.20226443e+03  1.79998105e+02
 1.21152766e+03  4.63856917e+01  1.21152766e+03  1.79998090e+02
 1.22086225e+03  4.63856917e+01  1.22086225e+03  1.79998075e+02
 1.23026877e+03  4.63856917e+01  1.23026877e+03  1.79998061e+02
 1.23974776e+03  4.63856917e+01  1.23974776e+03  1.79998046e+02
 1.24929979e+03  4.63856918e+01  1.24929979e+03  1.79998031e+02
 1.25892541e+03  4.63856918e+01  1.25892541e+03  1.79998015e+02
 1.26862520e+03  4.63856918e+01  1.26862520e+03  1.79998000e+02
 1.27839972e+03  4.63856918e+01  1.27839972e+03  1.79997985e+02
 1.28824955e+03  4.63856918e+01  1.28824955e+03  1.79997969e+02
 1.29817528e+03  4.63856919e+01  1.29817528e+03  1.79997953e+02
 1.30817747e+03  4.63856919e+01  1.30817747e+03  1.79997938e+02
 1.31825674e+03  4.63856919e+01  1.31825674e+03  1.79997922e+02
 1.32841366e+03  4.63856919e+01  1.32841366e+03  1.79997906e+02
 1.33864884e+03  4.63856919e+01  1.33864884e+03  1.79997890e+02
 1.34896288e+03  4.63856920e+01  1.34896288e+03  1.79997873e+02
 1.35935639e+03  4.63856920e+01  1.35935639e+03  1.79997857e+02
 1.36982998e+03  4.63856920e+01  1.36982998e+03  1.79997841e+02
 1.38038426e+03  4.63856920e+01  1.38038426e+03  1.79997824e+02
 1.39101987e+03  4.63856921e+01  1.39101987e+03  1.79997807e+02
 1.40173742e+03  4.63856921e+01  1.40173742e+03  1.79997790e+02
 1.41253754e+03  4.63856921e+01  1.41253754e+03  1.79997773e+02
 1.42342088e+03  4.63856921e+01  1.42342088e+03  1.79997756e+02
 1.43438808e+03  4.63856921e+01  1.43438808e+03  1.79997739e+02
 1.44543977e+03  4.63856922e+01  1.44543977e+03  1.79997721e+02
 1.45657662e+03  4.63856922e+01  1.45657662e+03  1.79997704e+02
 1.46779927e+03  4.63856922e+01  1.46779927e+03  1.79997686e+02
 1.47910839e+03  4.63856923e+01  1.47910839e+03  1.79997668e+02
 1.49050464e+03  4.63856923e+01  1.49050464e+03  1.79997650e+02
 1.50198870e+03  4.63856923e+01  1.50198870e+03  1.79997632e+02
 1.51356125e+03  4.63856923e+01  1.51356125e+03  1.79997614e+02
 1.52522296e+03  4.63856924e+01  1.52522296e+03  1.79997596e+02
 1.53697452e+03  4.63856924e+01  1.53697452e+03  1.79997577e+02
 1.54881662e+03  4.63856924e+01  1.54881662e+03  1.79997558e+02
 1.56074996e+03  4.63856925e+01  1.56074996e+03  1.79997540e+02
 1.57277525e+03  4.63856925e+01  1.57277525e+03  1.79997521e+02
 1.58489319e+03  4.63856925e+01  1.58489319e+03  1.79997501e+02
 1.59710450e+03  4.63856925e+01  1.59710450e+03  1.79997482e+02
 1.60940989e+03  4.63856926e+01  1.60940989e+03  1.79997463e+02
 1.62181010e+03  4.63856926e+01  1.62181010e+03  1.79997443e+02
 1.63430584e+03  4.63856926e+01  1.63430584e+03  1.79997424e+02
 1.64689787e+03  4.63856927e+01  1.64689787e+03  1.79997404e+02
 1.65958691e+03  4.63856927e+01  1.65958691e+03  1.79997384e+02
 1.67237372e+03  4.63856927e+01  1.67237372e+03  1.79997364e+02
 1.68525904e+03  4.63856928e+01  1.68525904e+03  1.79997343e+02
 1.69824365e+03  4.63856928e+01  1.69824365e+03  1.79997323e+02
 1.71132830e+03  4.63856928e+01  1.71132830e+03  1.79997302e+02
 1.72451377e+03  4.63856929e+01  1.72451377e+03  1.79997281e+02
 1.73780083e+03  4.63856929e+01  1.73780083e+03  1.79997260e+02
 1.75119026e+03  4.63856929e+01  1.75119026e+03  1.79997239e+02
 1.76468286e+03  4.63856930e+01  1.76468286e+03  1.79997218e+02
 1.77827941e+03  4.63856930e+01  1.77827941e+03  1.79997197e+02
 1.79198072e+03  4.63856930e+01  1.79198072e+03  1.79997175e+02
 1.80578760e+03  4.63856931e+01  1.80578760e+03  1.79997153e+02
 1.81970086e+03  4.63856931e+01  1.81970086e+03  1.79997131e+02
 1.83372132e+03  4.63856931e+01  1.83372132e+03  1.79997109e+02
 1.84784980e+03  4.63856932e+01  1.84784980e+03  1.79997087e+02
 1.86208714e+03  4.63856932e+01  1.86208714e+03  1.79997064e+02
 1.87643417e+03  4.63856933e+01  1.87643417e+03  1.79997042e+02
 1.89089175e+03  4.63856933e+01  1.89089175e+03  1.79997019e+02
 1.90546072e+03  4.63856934e+01  1.90546072e+03  1.79996996e+02
 1.92014194e+03  4.63856934e+01  1.92014194e+03  1.79996973e+02
 1.93493628e+03  4.63856935e+01  1.93493628e+03  1.79996950e+02
 1.94984460e+03  4.63856935e+01  1.94984460e+03  1.79996926e+02
 1.96486779e+03  4.63856935e+01  1.96486779e+03  1.79996902e+02
 1.98000673e+03  4.63856936e+01  1.98000673e+03  1.79996879e+02
 1.99526231e+03  4.63856936e+01  1.99526231e+03  1.79996855e+02
 2.01063544e+03  4.63856937e+01  2.01063544e+03  1.79996830e+02
 2.02612701e+03  4.63856937e+01  2.02612701e+03  1.79996806e+02
 2.04173794e+03  4.63856938e+01  2.04173794e+03  1.79996781e+02
 2.05746916e+03  4.63856939e+01  2.05746916e+03  1.79996756e+02
 2.07332157e+03  4.63856939e+01  2.07332157e+03  1.79996732e+02
 2.08929613e+03  4.63856939e+01  2.08929613e+03  1.79996706e+02
 2.10539377e+03  4.63856940e+01  2.10539377e+03  1.79996681e+02
 2.12161544e+03  4.63856940e+01  2.12161544e+03  1.79996655e+02
 2.13796209e+03  4.63856941e+01  2.13796209e+03  1.79996630e+02
 2.15443469e+03  4.63856942e+01  2.15443469e+03  1.79996604e+02
 2.17103421e+03  4.63856942e+01  2.17103421e+03  1.79996577e+02
 2.18776162e+03  4.63856943e+01  2.18776162e+03  1.79996551e+02
 2.20461792e+03  4.63856943e+01  2.20461792e+03  1.79996525e+02
 2.22160409e+03  4.63856944e+01  2.22160409e+03  1.79996498e+02
 2.23872114e+03  4.63856944e+01  2.23872114e+03  1.79996471e+02
 2.25597007e+03  4.63856945e+01  2.25597007e+03  1.79996444e+02
 2.27335190e+03  4.63856946e+01  2.27335190e+03  1.79996416e+02
 2.29086765e+03  4.63856946e+01  2.29086765e+03  1.79996389e+02
 2.30851836e+03  4.63856947e+01  2.30851836e+03  1.79996361e+02
 2.32630507e+03  4.63856948e+01  2.32630507e+03  1.79996333e+02
 2.34422882e+03  4.63856948e+01  2.34422882e+03  1.79996304e+02
 2.36229066e+03  4.63856948e+01  2.36229066e+03  1.79996276e+02
 2.38049167e+03  4.63856950e+01  2.38049167e+03  1.79996247e+02
 2.39883292e+03  4.63856950e+01  2.39883292e+03  1.79996218e+02
 2.41731548e+03  4.63856951e+01  2.41731548e+03  1.79996189e+02
 2.43594045e+03  4.63856952e+01  2.43594045e+03  1.79996160e+02
 2.45470892e+03  4.63856953e+01  2.45470892e+03  1.79996130e+02
 2.47362199e+03  4.63856953e+01  2.47362199e+03  1.79996100e+02
 2.49268079e+03  4.63856953e+01  2.49268079e+03  1.79996070e+02
 2.51188643e+03  4.63856954e+01  2.51188643e+03  1.79996040e+02
 2.53124005e+03  4.63856955e+01  2.53124005e+03  1.79996010e+02
 2.55074278e+03  4.63856956e+01  2.55074278e+03  1.79995979e+02
 2.57039578e+03  4.63856956e+01  2.57039578e+03  1.79995948e+02
 2.59020020e+03  4.63856958e+01  2.59020020e+03  1.79995917e+02
 2.61015722e+03  4.63856958e+01  2.61015722e+03  1.79995885e+02
 2.63026799e+03  4.63856959e+01  2.63026799e+03  1.79995853e+02
 2.65053372e+03  4.63856960e+01  2.65053372e+03  1.79995822e+02
 2.67095559e+03  4.63856961e+01  2.67095559e+03  1.79995789e+02
 2.69153480e+03  4.63856962e+01  2.69153480e+03  1.79995757e+02
 2.71227258e+03  4.63856963e+01  2.71227258e+03  1.79995724e+02
 2.73317014e+03  4.63856964e+01  2.73317014e+03  1.79995691e+02
 2.75422870e+03  4.63856964e+01  2.75422870e+03  1.79995658e+02
 2.77544952e+03  4.63856965e+01  2.77544952e+03  1.79995625e+02
 2.79683385e+03  4.63856966e+01  2.79683385e+03  1.79995591e+02
 2.81838293e+03  4.63856967e+01  2.81838293e+03  1.79995557e+02
 2.84009805e+03  4.63856969e+01  2.84009805e+03  1.79995523e+02
 2.86198048e+03  4.63856969e+01  2.86198048e+03  1.79995488e+02
 2.88403150e+03  4.63856971e+01  2.88403150e+03  1.79995453e+02
 2.90625243e+03  4.63856971e+01  2.90625243e+03  1.79995418e+02
 2.92864456e+03  4.63856973e+01  2.92864456e+03  1.79995383e+02
 2.95120923e+03  4.63856974e+01  2.95120923e+03  1.79995347e+02
 2.97394775e+03  4.63856974e+01  2.97394775e+03  1.79995312e+02
 2.99686146e+03  4.63856975e+01  2.99686146e+03  1.79995276e+02
 3.01995172e+03  4.63856977e+01  3.01995172e+03  1.79995239e+02
 3.04321989e+03  4.63856978e+01  3.04321989e+03  1.79995202e+02
 3.06666733e+03  4.63856978e+01  3.06666733e+03  1.79995166e+02
 3.09029543e+03  4.63856980e+01  3.09029543e+03  1.79995128e+02
 3.11410558e+03  4.63856981e+01  3.11410558e+03  1.79995091e+02
 3.13809919e+03  4.63856981e+01  3.13809919e+03  1.79995053e+02
 3.16227766e+03  4.63856984e+01  3.16227766e+03  1.79995015e+02
 3.18664242e+03  4.63856985e+01  3.18664242e+03  1.79994976e+02
 3.21119491e+03  4.63856986e+01  3.21119491e+03  1.79994938e+02
 3.23593657e+03  4.63856987e+01  3.23593657e+03  1.79994899e+02
 3.26086886e+03  4.63856988e+01  3.26086886e+03  1.79994859e+02
 3.28599325e+03  4.63856989e+01  3.28599325e+03  1.79994820e+02
 3.31131121e+03  4.63856991e+01  3.31131121e+03  1.79994780e+02
 3.33682425e+03  4.63856992e+01  3.33682425e+03  1.79994740e+02
 3.36253386e+03  4.63856993e+01  3.36253386e+03  1.79994699e+02
 3.38844156e+03  4.63856995e+01  3.38844156e+03  1.79994658e+02
 3.41454887e+03  4.63856996e+01  3.41454887e+03  1.79994617e+02
 3.44085734e+03  4.63856997e+01  3.44085734e+03  1.79994576e+02
 3.46736850e+03  4.63856999e+01  3.46736850e+03  1.79994534e+02
 3.49408393e+03  4.63857001e+01  3.49408393e+03  1.79994492e+02
 3.52100520e+03  4.63857002e+01  3.52100520e+03  1.79994449e+02
 3.54813389e+03  4.63857004e+01  3.54813389e+03  1.79994406e+02
 3.57547160e+03  4.63857005e+01  3.57547160e+03  1.79994363e+02
 3.60301995e+03  4.63857006e+01  3.60301995e+03  1.79994320e+02
 3.63078055e+03  4.63857009e+01  3.63078055e+03  1.79994276e+02
 3.65875504e+03  4.63857009e+01  3.65875504e+03  1.79994232e+02
 3.68694506e+03  4.63857011e+01  3.68694506e+03  1.79994188e+02
 3.71535229e+03  4.63857013e+01  3.71535229e+03  1.79994143e+02
 3.74397839e+03  4.63857014e+01  3.74397839e+03  1.79994098e+02
 3.77282505e+03  4.63857016e+01  3.77282505e+03  1.79994052e+02
 3.80189396e+03  4.63857018e+01  3.80189396e+03  1.79994006e+02
 3.83118685e+03  4.63857019e+01  3.83118685e+03  1.79993960e+02
 3.86070543e+03  4.63857020e+01  3.86070543e+03  1.79993914e+02
 3.89045145e+03  4.63857023e+01  3.89045145e+03  1.79993867e+02
 3.92042666e+03  4.63857026e+01  3.92042666e+03  1.79993820e+02
 3.95063281e+03  4.63857026e+01  3.95063281e+03  1.79993772e+02
 3.98107171e+03  4.63857029e+01  3.98107171e+03  1.79993724e+02
 4.01174512e+03  4.63857031e+01  4.01174512e+03  1.79993676e+02
 4.04265487e+03  4.63857031e+01  4.04265487e+03  1.79993627e+02
 4.07380278e+03  4.63857034e+01  4.07380278e+03  1.79993578e+02
 4.10519067e+03  4.63857036e+01  4.10519067e+03  1.79993528e+02
 4.13682040e+03  4.63857037e+01  4.13682040e+03  1.79993479e+02
 4.16869383e+03  4.63857041e+01  4.16869383e+03  1.79993428e+02
 4.20081285e+03  4.63857044e+01  4.20081285e+03  1.79993377e+02
 4.23317933e+03  4.63857046e+01  4.23317933e+03  1.79993326e+02
 4.26579519e+03  4.63857046e+01  4.26579519e+03  1.79993275e+02
 4.29866235e+03  4.63857048e+01  4.29866235e+03  1.79993223e+02
 4.33178274e+03  4.63857051e+01  4.33178274e+03  1.79993171e+02
 4.36515832e+03  4.63857055e+01  4.36515832e+03  1.79993118e+02
 4.39879106e+03  4.63857055e+01  4.39879106e+03  1.79993066e+02
 4.43268292e+03  4.63857058e+01  4.43268292e+03  1.79993012e+02
 4.46683592e+03  4.63857059e+01  4.46683592e+03  1.79992958e+02
 4.50125206e+03  4.63857063e+01  4.50125206e+03  1.79992904e+02
 4.53593337e+03  4.63857064e+01  4.53593337e+03  1.79992849e+02
 4.57088190e+03  4.63857068e+01  4.57088190e+03  1.79992794e+02
 4.60609969e+03  4.63857072e+01  4.60609969e+03  1.79992739e+02
 4.64158883e+03  4.63857073e+01  4.64158883e+03  1.79992683e+02
 4.67735141e+03  4.63857074e+01  4.67735141e+03  1.79992626e+02
 4.71338954e+03  4.63857077e+01  4.71338954e+03  1.79992570e+02
 4.74970533e+03  4.63857082e+01  4.74970533e+03  1.79992512e+02
 4.78630092e+03  4.63857083e+01  4.78630092e+03  1.79992455e+02
 4.82317848e+03  4.63857083e+01  4.82317848e+03  1.79992397e+02
 4.86034018e+03  4.63857086e+01  4.86034018e+03  1.79992338e+02
 4.89778819e+03  4.63857092e+01  4.89778819e+03  1.79992279e+02
 4.93552474e+03  4.63857093e+01  4.93552474e+03  1.79992219e+02
 4.97355204e+03  4.63857096e+01  4.97355204e+03  1.79992159e+02
 5.01187234e+03  4.63857101e+01  5.01187234e+03  1.79992099e+02
 5.05048788e+03  4.63857105e+01  5.05048788e+03  1.79992038e+02
 5.08940095e+03  4.63857105e+01  5.08940095e+03  1.79991977e+02
 5.12861384e+03  4.63857113e+01  5.12861384e+03  1.79991915e+02
 5.16812886e+03  4.63857113e+01  5.16812886e+03  1.79991853e+02
 5.20794833e+03  4.63857114e+01  5.20794833e+03  1.79991790e+02
 5.24807460e+03  4.63857119e+01  5.24807460e+03  1.79991727e+02
 5.28851004e+03  4.63857124e+01  5.28851004e+03  1.79991663e+02
 5.32925703e+03  4.63857126e+01  5.32925703e+03  1.79991599e+02
 5.37031796e+03  4.63857129e+01  5.37031796e+03  1.79991534e+02
 5.41169527e+03  4.63857133e+01  5.41169527e+03  1.79991469e+02
 5.45339137e+03  4.63857135e+01  5.45339137e+03  1.79991403e+02
 5.49540874e+03  4.63857140e+01  5.49540874e+03  1.79991337e+02
 5.53774984e+03  4.63857144e+01  5.53774984e+03  1.79991270e+02
 5.58041717e+03  4.63857149e+01  5.58041717e+03  1.79991203e+02
 5.62341325e+03  4.63857149e+01  5.62341325e+03  1.79991135e+02
 5.66674061e+03  4.63857155e+01  5.66674061e+03  1.79991067e+02
 5.71040179e+03  4.63857159e+01  5.71040179e+03  1.79990998e+02
 5.75439937e+03  4.63857163e+01  5.75439937e+03  1.79990928e+02
 5.79873595e+03  4.63857167e+01  5.79873595e+03  1.79990858e+02
 5.84341413e+03  4.63857171e+01  5.84341413e+03  1.79990788e+02
 5.88843655e+03  4.63857173e+01  5.88843655e+03  1.79990717e+02
 5.93380586e+03  4.63857179e+01  5.93380586e+03  1.79990646e+02
 5.97952473e+03  4.63857183e+01  5.97952473e+03  1.79990573e+02
 6.02559586e+03  4.63857187e+01  6.02559586e+03  1.79990501e+02
 6.07202196e+03  4.63857194e+01  6.07202196e+03  1.79990428e+02
 6.11880576e+03  4.63857196e+01  6.11880576e+03  1.79990354e+02
 6.16595002e+03  4.63857201e+01  6.16595002e+03  1.79990280e+02
 6.21345752e+03  4.63857205e+01  6.21345752e+03  1.79990205e+02
 6.26133105e+03  4.63857210e+01  6.26133105e+03  1.79990129e+02
 6.30957344e+03  4.63857215e+01  6.30957344e+03  1.79990053e+02
 6.35818754e+03  4.63857219e+01  6.35818754e+03  1.79989976e+02
 6.40717619e+03  4.63857222e+01  6.40717619e+03  1.79989899e+02
 6.45654229e+03  4.63857227e+01  6.45654229e+03  1.79989822e+02
 6.50628875e+03  4.63857234e+01  6.50628875e+03  1.79989743e+02
 6.55641849e+03  4.63857239e+01  6.55641849e+03  1.79989664e+02
 6.60693448e+03  4.63857242e+01  6.60693448e+03  1.79989584e+02
 6.65783968e+03  4.63857252e+01  6.65783968e+03  1.79989504e+02
 6.70913710e+03  4.63857255e+01  6.70913710e+03  1.79989423e+02
 6.76082975e+03  4.63857260e+01  6.76082975e+03  1.79989342e+02
 6.81292069e+03  4.63857266e+01  6.81292069e+03  1.79989260e+02
 6.86541298e+03  4.63857271e+01  6.86541298e+03  1.79989177e+02
 6.91830971e+03  4.63857277e+01  6.91830971e+03  1.79989093e+02
 6.97161400e+03  4.63857283e+01  6.97161400e+03  1.79989009e+02
 7.02532899e+03  4.63857286e+01  7.02532899e+03  1.79988925e+02
 7.07945784e+03  4.63857295e+01  7.07945784e+03  1.79988839e+02
 7.13400375e+03  4.63857301e+01  7.13400375e+03  1.79988753e+02
 7.18896992e+03  4.63857304e+01  7.18896992e+03  1.79988667e+02
 7.24435960e+03  4.63857313e+01  7.24435960e+03  1.79988579e+02
 7.30017605e+03  4.63857319e+01  7.30017605e+03  1.79988491e+02
 7.35642254e+03  4.63857329e+01  7.35642254e+03  1.79988403e+02
 7.41310241e+03  4.63857332e+01  7.41310241e+03  1.79988313e+02
 7.47021899e+03  4.63857339e+01  7.47021899e+03  1.79988223e+02
 7.52777564e+03  4.63857349e+01  7.52777564e+03  1.79988133e+02
 7.58577575e+03  4.63857352e+01  7.58577575e+03  1.79988041e+02
 7.64422274e+03  4.63857363e+01  7.64422274e+03  1.79987949e+02
 7.70312006e+03  4.63857366e+01  7.70312006e+03  1.79987856e+02
 7.76247117e+03  4.63857373e+01  7.76247117e+03  1.79987763e+02
 7.82227956e+03  4.63857381e+01  7.82227956e+03  1.79987668e+02
 7.88254877e+03  4.63857384e+01  7.88254877e+03  1.79987573e+02
 7.94328235e+03  4.63857395e+01  7.94328235e+03  1.79987478e+02
 8.00448386e+03  4.63857403e+01  8.00448386e+03  1.79987381e+02
 8.06615692e+03  4.63857411e+01  8.06615692e+03  1.79987284e+02
 8.12830516e+03  4.63857415e+01  8.12830516e+03  1.79987186e+02
 8.19093224e+03  4.63857426e+01  8.19093224e+03  1.79987087e+02
 8.25404185e+03  4.63857435e+01  8.25404185e+03  1.79986988e+02
 8.31763771e+03  4.63857443e+01  8.31763771e+03  1.79986887e+02
 8.38172356e+03  4.63857451e+01  8.38172356e+03  1.79986786e+02
 8.44630319e+03  4.63857459e+01  8.44630319e+03  1.79986685e+02
 8.51138038e+03  4.63857459e+01  8.51138038e+03  1.79986582e+02
 8.57695899e+03  4.63857477e+01  8.57695899e+03  1.79986479e+02
 8.64304286e+03  4.63857486e+01  8.64304286e+03  1.79986374e+02
 8.70963590e+03  4.63857490e+01  8.70963590e+03  1.79986270e+02
 8.77674203e+03  4.63857499e+01  8.77674203e+03  1.79986164e+02
 8.84436519e+03  4.63857508e+01  8.84436519e+03  1.79986057e+02
 8.91250938e+03  4.63857532e+01  8.91250938e+03  1.79985949e+02
 8.98117861e+03  4.63857532e+01  8.98117861e+03  1.79985841e+02
 9.05037692e+03  4.63857542e+01  9.05037692e+03  1.79985732e+02
 9.12010839e+03  4.63857546e+01  9.12010839e+03  1.79985622e+02
 9.19037713e+03  4.63857551e+01  9.19037713e+03  1.79985512e+02
 9.26118728e+03  4.63857577e+01  9.26118728e+03  1.79985400e+02
 9.33254301e+03  4.63857582e+01  9.33254301e+03  1.79985287e+02
 9.40444852e+03  4.63857592e+01  9.40444852e+03  1.79985174e+02
 9.47690805e+03  4.63857603e+01  9.47690805e+03  1.79985060e+02
 9.54992586e+03  4.63857619e+01  9.54992586e+03  1.79984945e+02
 9.62350626e+03  4.63857625e+01  9.62350626e+03  1.79984829e+02
 9.69765359e+03  4.63857641e+01  9.69765359e+03  1.79984712e+02
 9.77237221e+03  4.63857653e+01  9.77237221e+03  1.79984594e+02
 9.84766652e+03  4.63857658e+01  9.84766652e+03  1.79984475e+02
 9.92354096e+03  4.63857670e+01  9.92354096e+03  1.79984356e+02
 1.00000000e+04  4.63857682e+01  1.00000000e+04  1.79984235e+02
 1.00770481e+04  4.63857700e+01  1.00770481e+04  1.79984113e+02
 1.01546899e+04  4.63857712e+01  1.01546899e+04  1.79983991e+02
 1.02329299e+04  4.63857719e+01  1.02329299e+04  1.79983868e+02
 1.03117727e+04  4.63857725e+01  1.03117727e+04  1.79983744e+02
 1.03912230e+04  4.63857731e+01  1.03912230e+04  1.79983619e+02
 1.04712855e+04  4.63857757e+01  1.04712855e+04  1.79983492e+02
 1.05519648e+04  4.63857770e+01  1.05519648e+04  1.79983365e+02
 1.06332657e+04  4.63857783e+01  1.06332657e+04  1.79983237e+02
 1.07151931e+04  4.63857797e+01  1.07151931e+04  1.79983108e+02
 1.07977516e+04  4.63857811e+01  1.07977516e+04  1.79982977e+02
 1.08809463e+04  4.63857818e+01  1.08809463e+04  1.79982846e+02
 1.09647820e+04  4.63857832e+01  1.09647820e+04  1.79982714e+02
 1.10492636e+04  4.63857861e+01  1.10492636e+04  1.79982581e+02
 1.11343961e+04  4.63857868e+01  1.11343961e+04  1.79982447e+02
 1.12201845e+04  4.63857891e+01  1.12201845e+04  1.79982311e+02
 1.13066340e+04  4.63857898e+01  1.13066340e+04  1.79982175e+02
 1.13937495e+04  4.63857906e+01  1.13937495e+04  1.79982038e+02
 1.14815362e+04  4.63857937e+01  1.14815362e+04  1.79981899e+02
 1.15699993e+04  4.63857929e+01  1.15699993e+04  1.79981760e+02
 1.16591440e+04  4.63857953e+01  1.16591440e+04  1.79981620e+02
 1.17489755e+04  4.63857986e+01  1.17489755e+04  1.79981478e+02
 1.18394992e+04  4.63857985e+01  1.18394992e+04  1.79981335e+02
 1.19307204e+04  4.63858019e+01  1.19307204e+04  1.79981191e+02
 1.20226443e+04  4.63858028e+01  1.20226443e+04  1.79981046e+02
 1.21152766e+04  4.63858045e+01  1.21152766e+04  1.79980900e+02
 1.22086225e+04  4.63858072e+01  1.22086225e+04  1.79980753e+02
 1.23026877e+04  4.63858090e+01  1.23026877e+04  1.79980605e+02
 1.23974776e+04  4.63858099e+01  1.23974776e+04  1.79980455e+02
 1.24929979e+04  4.63858117e+01  1.24929979e+04  1.79980305e+02
 1.25892541e+04  4.63858146e+01  1.25892541e+04  1.79980153e+02
 1.26862520e+04  4.63858155e+01  1.26862520e+04  1.79980000e+02
 1.27839972e+04  4.63858175e+01  1.27839972e+04  1.79979846e+02
 1.28824955e+04  4.63858184e+01  1.28824955e+04  1.79979691e+02
 1.29817528e+04  4.63858214e+01  1.29817528e+04  1.79979534e+02
 1.30817747e+04  4.63858224e+01  1.30817747e+04  1.79979377e+02
 1.31825674e+04  4.63858255e+01  1.31825674e+04  1.79979218e+02
 1.32841366e+04  4.63858286e+01  1.32841366e+04  1.79979057e+02
 1.33864884e+04  4.63858297e+01  1.33864884e+04  1.79978896e+02
 1.34896288e+04  4.63858329e+01  1.34896288e+04  1.79978733e+02
 1.35935639e+04  4.63858329e+01  1.35935639e+04  1.79978570e+02
 1.36982998e+04  4.63858363e+01  1.36982998e+04  1.79978404e+02
 1.38038426e+04  4.63858374e+01  1.38038426e+04  1.79978238e+02
 1.39101987e+04  4.63858408e+01  1.39101987e+04  1.79978070e+02
 1.40173742e+04  4.63858431e+01  1.40173742e+04  1.79977901e+02
 1.41253754e+04  4.63858467e+01  1.41253754e+04  1.79977731e+02
 1.42342088e+04  4.63858467e+01  1.42342088e+04  1.79977560e+02
 1.43438808e+04  4.63858491e+01  1.43438808e+04  1.79977387e+02
 1.44543977e+04  4.63858528e+01  1.44543977e+04  1.79977212e+02
 1.45657662e+04  4.63858566e+01  1.45657662e+04  1.79977037e+02
 1.46779927e+04  4.63858591e+01  1.46779927e+04  1.79976860e+02
 1.47910839e+04  4.63858604e+01  1.47910839e+04  1.79976682e+02
 1.49050464e+04  4.63858617e+01  1.49050464e+04  1.79976502e+02
 1.50198870e+04  4.63858630e+01  1.50198870e+04  1.79976321e+02
 1.51356125e+04  4.63858684e+01  1.51356125e+04  1.79976138e+02
 1.52522296e+04  4.63858698e+01  1.52522296e+04  1.79975955e+02
 1.53697452e+04  4.63858754e+01  1.53697452e+04  1.79975769e+02
 1.54881662e+04  4.63858783e+01  1.54881662e+04  1.79975582e+02
 1.56074996e+04  4.63858797e+01  1.56074996e+04  1.79975394e+02
 1.57277525e+04  4.63858826e+01  1.57277525e+04  1.79975205e+02
 1.58489319e+04  4.63858856e+01  1.58489319e+04  1.79975014e+02
 1.59710450e+04  4.63858886e+01  1.59710450e+04  1.79974821e+02
 1.60940989e+04  4.63858917e+01  1.60940989e+04  1.79974627e+02
 1.62181010e+04  4.63858964e+01  1.62181010e+04  1.79974431e+02
 1.63430584e+04  4.63858979e+01  1.63430584e+04  1.79974235e+02
 1.64689787e+04  4.63859012e+01  1.64689787e+04  1.79974036e+02
 1.65958691e+04  4.63859044e+01  1.65958691e+04  1.79973836e+02
 1.67237372e+04  4.63859094e+01  1.67237372e+04  1.79973634e+02
 1.68525904e+04  4.63859111e+01  1.68525904e+04  1.79973431e+02
 1.69824365e+04  4.63859145e+01  1.69824365e+04  1.79973227e+02
 1.71132830e+04  4.63859180e+01  1.71132830e+04  1.79973020e+02
 1.72451377e+04  4.63859215e+01  1.72451377e+04  1.79972812e+02
 1.73780083e+04  4.63859250e+01  1.73780083e+04  1.79972603e+02
 1.75119026e+04  4.63859287e+01  1.75119026e+04  1.79972392e+02
 1.76468286e+04  4.63859342e+01  1.76468286e+04  1.79972179e+02
 1.77827941e+04  4.63859342e+01  1.77827941e+04  1.79971965e+02
 1.79198072e+04  4.63859399e+01  1.79198072e+04  1.79971749e+02
 1.80578760e+04  4.63859438e+01  1.80578760e+04  1.79971531e+02
 1.81970086e+04  4.63859477e+01  1.81970086e+04  1.79971312e+02
 1.83372132e+04  4.63859516e+01  1.83372132e+04  1.79971090e+02
 1.84784980e+04  4.63859557e+01  1.84784980e+04  1.79970868e+02
 1.86208714e+04  4.63859598e+01  1.86208714e+04  1.79970643e+02
 1.87643417e+04  4.63859640e+01  1.87643417e+04  1.79970417e+02
 1.89089175e+04  4.63859703e+01  1.89089175e+04  1.79970189e+02
 1.90546072e+04  4.63859725e+01  1.90546072e+04  1.79969959e+02
 1.92014194e+04  4.63859768e+01  1.92014194e+04  1.79969728e+02
 1.93493628e+04  4.63859790e+01  1.93493628e+04  1.79969495e+02
 1.94984460e+04  4.63859858e+01  1.94984460e+04  1.79969260e+02
 1.96486779e+04  4.63859880e+01  1.96486779e+04  1.79969023e+02
 1.98000673e+04  4.63859950e+01  1.98000673e+04  1.79968784e+02
 1.99526231e+04  4.63859997e+01  1.99526231e+04  1.79968543e+02
 2.01063544e+04  4.63860069e+01  2.01063544e+04  1.79968301e+02
 2.02612701e+04  4.63860068e+01  2.02612701e+04  1.79968057e+02
 2.04173794e+04  4.63860142e+01  2.04173794e+04  1.79967811e+02
 2.05746916e+04  4.63860192e+01  2.05746916e+04  1.79967563e+02
 2.07332157e+04  4.63860217e+01  2.07332157e+04  1.79967313e+02
 2.08929613e+04  4.63860295e+01  2.08929613e+04  1.79967061e+02
 2.10539377e+04  4.63860347e+01  2.10539377e+04  1.79966807e+02
 2.12161544e+04  4.63860428e+01  2.12161544e+04  1.79966551e+02
 2.13796209e+04  4.63860455e+01  2.13796209e+04  1.79966293e+02
 2.15443469e+04  4.63860510e+01  2.15443469e+04  1.79966034e+02
 2.17103421e+04  4.63860537e+01  2.17103421e+04  1.79965772e+02
 2.18776162e+04  4.63860622e+01  2.18776162e+04  1.79965508e+02
 2.20461792e+04  4.63860650e+01  2.20461792e+04  1.79965243e+02
 2.22160409e+04  4.63860708e+01  2.22160409e+04  1.79964975e+02
 2.23872114e+04  4.63860797e+01  2.23872114e+04  1.79964704e+02
 2.25597007e+04  4.63860857e+01  2.25597007e+04  1.79964432e+02
 2.27335190e+04  4.63860950e+01  2.27335190e+04  1.79964158e+02
 2.29086765e+04  4.63861012e+01  2.29086765e+04  1.79963882e+02
 2.30851836e+04  4.63861044e+01  2.30851836e+04  1.79963604e+02
 2.32630507e+04  4.63861108e+01  2.32630507e+04  1.79963323e+02
 2.34422882e+04  4.63861206e+01  2.34422882e+04  1.79963040e+02
 2.36229066e+04  4.63861239e+01  2.36229066e+04  1.79962756e+02
 2.38049167e+04  4.63861340e+01  2.38049167e+04  1.79962469e+02
 2.39883292e+04  4.63861374e+01  2.39883292e+04  1.79962180e+02
 2.41731548e+04  4.63861443e+01  2.41731548e+04  1.79961888e+02
 2.43594045e+04  4.63861549e+01  2.43594045e+04  1.79961594e+02
 2.45470892e+04  4.63861584e+01  2.45470892e+04  1.79961299e+02
 2.47362199e+04  4.63861657e+01  2.47362199e+04  1.79961000e+02
 2.49268079e+04  4.63861730e+01  2.49268079e+04  1.79960700e+02
 2.51188643e+04  4.63861843e+01  2.51188643e+04  1.79960397e+02
 2.53124005e+04  4.63861842e+01  2.53124005e+04  1.79960092e+02
 2.55074278e+04  4.63861958e+01  2.55074278e+04  1.79959784e+02
 2.57039578e+04  4.63862036e+01  2.57039578e+04  1.79959474e+02
 2.59020020e+04  4.63862155e+01  2.59020020e+04  1.79959162e+02
 2.61015722e+04  4.63862237e+01  2.61015722e+04  1.79958847e+02
 2.63026799e+04  4.63862278e+01  2.63026799e+04  1.79958530e+02
 2.65053372e+04  4.63862361e+01  2.65053372e+04  1.79958210e+02
 2.67095559e+04  4.63862445e+01  2.67095559e+04  1.79957888e+02
 2.69153480e+04  4.63862531e+01  2.69153480e+04  1.79957564e+02
 2.71227258e+04  4.63862618e+01  2.71227258e+04  1.79957237e+02
 2.73317014e+04  4.63862706e+01  2.73317014e+04  1.79956907e+02
 2.75422870e+04  4.63862796e+01  2.75422870e+04  1.79956575e+02
 2.77544952e+04  4.63862887e+01  2.77544952e+04  1.79956241e+02
 2.79683385e+04  4.63863027e+01  2.79683385e+04  1.79955903e+02
 2.81838293e+04  4.63863073e+01  2.81838293e+04  1.79955563e+02
 2.84009805e+04  4.63863169e+01  2.84009805e+04  1.79955221e+02
 2.86198048e+04  4.63863315e+01  2.86198048e+04  1.79954875e+02
 2.88403150e+04  4.63863364e+01  2.88403150e+04  1.79954528e+02
 2.90625243e+04  4.63863515e+01  2.90625243e+04  1.79954177e+02
 2.92864456e+04  4.63863514e+01  2.92864456e+04  1.79953825e+02
 2.95120923e+04  4.63863669e+01  2.95120923e+04  1.79953469e+02
 2.97394775e+04  4.63863773e+01  2.97394775e+04  1.79953110e+02
 2.99686146e+04  4.63863879e+01  2.99686146e+04  1.79952749e+02
 3.01995172e+04  4.63864042e+01  3.01995172e+04  1.79952384e+02
 3.04321989e+04  4.63864041e+01  3.04321989e+04  1.79952018e+02
 3.06666733e+04  4.63864208e+01  3.06666733e+04  1.79951648e+02
 3.09029543e+04  4.63864379e+01  3.09029543e+04  1.79951274e+02
 3.11410558e+04  4.63864436e+01  3.11410558e+04  1.79950899e+02
 3.13809919e+04  4.63864552e+01  3.13809919e+04  1.79950521e+02
 3.16227766e+04  4.63864610e+01  3.16227766e+04  1.79950140e+02
 3.18664242e+04  4.63864730e+01  3.18664242e+04  1.79949756e+02
 3.21119491e+04  4.63864913e+01  3.21119491e+04  1.79949368e+02
 3.23593657e+04  4.63865036e+01  3.23593657e+04  1.79948978e+02
 3.26086886e+04  4.63865098e+01  3.26086886e+04  1.79948585e+02
 3.28599325e+04  4.63865290e+01  3.28599325e+04  1.79948188e+02
 3.31131121e+04  4.63865486e+01  3.31131121e+04  1.79947788e+02
 3.33682425e+04  4.63865619e+01  3.33682425e+04  1.79947386e+02
 3.36253386e+04  4.63865753e+01  3.36253386e+04  1.79946980e+02
 3.38844156e+04  4.63865821e+01  3.38844156e+04  1.79946572e+02
 3.41454887e+04  4.63866029e+01  3.41454887e+04  1.79946160e+02
 3.44085734e+04  4.63866170e+01  3.44085734e+04  1.79945745e+02
 3.46736850e+04  4.63866169e+01  3.46736850e+04  1.79945328e+02
 3.49408393e+04  4.63866386e+01  3.49408393e+04  1.79944906e+02
 3.52100520e+04  4.63866532e+01  3.52100520e+04  1.79944481e+02
 3.54813389e+04  4.63866681e+01  3.54813389e+04  1.79944053e+02
 3.57547160e+04  4.63866909e+01  3.57547160e+04  1.79943622e+02
 3.60301995e+04  4.63867064e+01  3.60301995e+04  1.79943187e+02
 3.63078055e+04  4.63867142e+01  3.63078055e+04  1.79942750e+02
 3.65875504e+04  4.63867381e+01  3.65875504e+04  1.79942308e+02
 3.68694506e+04  4.63867543e+01  3.68694506e+04  1.79941863e+02
 3.71535229e+04  4.63867458e+01  3.71535229e+04  1.79941417e+02
 3.74397839e+04  4.63867875e+01  3.74397839e+04  1.79940963e+02
 3.77282505e+04  4.63867958e+01  3.77282505e+04  1.79940509e+02
 3.80189396e+04  4.63868043e+01  3.80189396e+04  1.79940051e+02
 3.83118685e+04  4.63868303e+01  3.83118685e+04  1.79939588e+02
 3.86070543e+04  4.63868659e+01  3.86070543e+04  1.79939121e+02
 3.89045145e+04  4.63868658e+01  3.89045145e+04  1.79938653e+02
 3.92042666e+04  4.63868840e+01  3.92042666e+04  1.79938180e+02
 3.95063281e+04  4.63869025e+01  3.95063281e+04  1.79937704e+02
 3.98107171e+04  4.63869308e+01  3.98107171e+04  1.79937223e+02
 4.01174512e+04  4.63869500e+01  4.01174512e+04  1.79936739e+02
 4.04265487e+04  4.63869596e+01  4.04265487e+04  1.79936252e+02
 4.07380278e+04  4.63869793e+01  4.07380278e+04  1.79935760e+02
 4.10519067e+04  4.63869992e+01  4.10519067e+04  1.79935265e+02
 4.13682040e+04  4.63870298e+01  4.13682040e+04  1.79934765e+02
 4.16869383e+04  4.63870505e+01  4.16869383e+04  1.79934262e+02
 4.20081285e+04  4.63870609e+01  4.20081285e+04  1.79933756e+02
 4.23317933e+04  4.63870821e+01  4.23317933e+04  1.79933246e+02
 4.26579519e+04  4.63870926e+01  4.26579519e+04  1.79932732e+02
 4.29866235e+04  4.63871255e+01  4.29866235e+04  1.79932213e+02
 4.33178274e+04  4.63871363e+01  4.33178274e+04  1.79931691e+02
 4.36515832e+04  4.63871702e+01  4.36515832e+04  1.79931163e+02
 4.39879106e+04  4.63872047e+01  4.39879106e+04  1.79930632e+02
 4.43268292e+04  4.63872163e+01  4.43268292e+04  1.79930098e+02
 4.46683592e+04  4.63872279e+01  4.46683592e+04  1.79929559e+02
 4.50125206e+04  4.63872395e+01  4.50125206e+04  1.79929017e+02
 4.53593337e+04  4.63872883e+01  4.53593337e+04  1.79928468e+02
 4.57088190e+04  4.63873130e+01  4.57088190e+04  1.79927917e+02
 4.60609969e+04  4.63873381e+01  4.60609969e+04  1.79927361e+02
 4.64158883e+04  4.63873636e+01  4.64158883e+04  1.79926801e+02
 4.67735141e+04  4.63873894e+01  4.67735141e+04  1.79926237e+02
 4.71338954e+04  4.63874291e+01  4.71338954e+04  1.79925667e+02
 4.74970533e+04  4.63874288e+01  4.74970533e+04  1.79925095e+02
 4.78630092e+04  4.63874695e+01  4.78630092e+04  1.79924517e+02
 4.82317848e+04  4.63874830e+01  4.82317848e+04  1.79923936e+02
 4.86034018e+04  4.63875108e+01  4.86034018e+04  1.79923349e+02
 4.89778819e+04  4.63875534e+01  4.89778819e+04  1.79922758e+02
 4.93552474e+04  4.63875969e+01  4.93552474e+04  1.79922161e+02
 4.97355204e+04  4.63876263e+01  4.97355204e+04  1.79921561e+02
 5.01187234e+04  4.63876411e+01  5.01187234e+04  1.79920957e+02
 5.05048788e+04  4.63876559e+01  5.05048788e+04  1.79920348e+02
 5.08940095e+04  4.63877020e+01  5.08940095e+04  1.79919733e+02
 5.12861384e+04  4.63877490e+01  5.12861384e+04  1.79919113e+02
 5.16812886e+04  4.63877486e+01  5.16812886e+04  1.79918491e+02
 5.20794833e+04  4.63877968e+01  5.20794833e+04  1.79917862e+02
 5.24807460e+04  4.63878128e+01  5.24807460e+04  1.79917229e+02
 5.28851004e+04  4.63878456e+01  5.28851004e+04  1.79916591e+02
 5.32925703e+04  4.63878790e+01  5.32925703e+04  1.79915948e+02
 5.37031796e+04  4.63879476e+01  5.37031796e+04  1.79915298e+02
 5.41169527e+04  4.63879648e+01  5.41169527e+04  1.79914645e+02
 5.45339137e+04  4.63880000e+01  5.45339137e+04  1.79913987e+02
 5.49540874e+04  4.63880539e+01  5.49540874e+04  1.79913323e+02
 5.53774984e+04  4.63880536e+01  5.53774984e+04  1.79912656e+02
 5.58041717e+04  4.63881089e+01  5.58041717e+04  1.79911982e+02
 5.62341325e+04  4.63881463e+01  5.62341325e+04  1.79911303e+02
 5.66674061e+04  4.63881843e+01  5.66674061e+04  1.79910619e+02
 5.71040179e+04  4.63882229e+01  5.71040179e+04  1.79909929e+02
 5.75439937e+04  4.63882620e+01  5.75439937e+04  1.79909234e+02
 5.79873595e+04  4.63883221e+01  5.79873595e+04  1.79908533e+02
 5.84341413e+04  4.63883628e+01  5.84341413e+04  1.79907828e+02
 5.88843655e+04  4.63884041e+01  5.88843655e+04  1.79907117e+02
 5.93380586e+04  4.63884249e+01  5.93380586e+04  1.79906401e+02
 5.97952473e+04  4.63884672e+01  5.97952473e+04  1.79905679e+02
 6.02559586e+04  4.63885102e+01  6.02559586e+04  1.79904952e+02
 6.07202196e+04  4.63885538e+01  6.07202196e+04  1.79904219e+02
 6.11880576e+04  4.63885981e+01  6.11880576e+04  1.79903480e+02
 6.16595002e+04  4.63886202e+01  6.16595002e+04  1.79902736e+02
 6.21345752e+04  4.63886888e+01  6.21345752e+04  1.79901985e+02
 6.26133105e+04  4.63887352e+01  6.26133105e+04  1.79901229e+02
 6.30957344e+04  4.63887823e+01  6.30957344e+04  1.79900466e+02
 6.35818754e+04  4.63888301e+01  6.35818754e+04  1.79899699e+02
 6.40717619e+04  4.63888787e+01  6.40717619e+04  1.79898925e+02
 6.45654229e+04  4.63889280e+01  6.45654229e+04  1.79898145e+02
 6.50628875e+04  4.63890036e+01  6.50628875e+04  1.79897358e+02
 6.55641849e+04  4.63890289e+01  6.55641849e+04  1.79896567e+02
 6.60693448e+04  4.63890806e+01  6.60693448e+04  1.79895769e+02
 6.65783968e+04  4.63891598e+01  6.65783968e+04  1.79894963e+02
 6.70913710e+04  4.63891863e+01  6.70913710e+04  1.79894154e+02
 6.76082975e+04  4.63892404e+01  6.76082975e+04  1.79893338e+02
 6.81292069e+04  4.63892953e+01  6.81292069e+04  1.79892514e+02
 6.86541298e+04  4.63893511e+01  6.86541298e+04  1.79891685e+02
 6.91830971e+04  4.63894077e+01  6.91830971e+04  1.79890849e+02
 6.97161400e+04  4.63894653e+01  6.97161400e+04  1.79890007e+02
 7.02532899e+04  4.63895236e+01  7.02532899e+04  1.79889158e+02
 7.07945784e+04  4.63896131e+01  7.07945784e+04  1.79888301e+02
 7.13400375e+04  4.63896738e+01  7.13400375e+04  1.79887439e+02
 7.18896992e+04  4.63897354e+01  7.18896992e+04  1.79886570e+02
 7.24435960e+04  4.63897980e+01  7.24435960e+04  1.79885695e+02
 7.30017605e+04  4.63897974e+01  7.30017605e+04  1.79884815e+02
 7.35642254e+04  4.63899262e+01  7.35642254e+04  1.79883923e+02
 7.41310241e+04  4.63899585e+01  7.41310241e+04  1.79883029e+02
 7.47021899e+04  4.63900583e+01  7.47021899e+04  1.79882124e+02
 7.52777564e+04  4.63900575e+01  7.52777564e+04  1.79881217e+02
 7.58577575e+04  4.63901251e+01  7.58577575e+04  1.79880300e+02
 7.64422274e+04  4.63902289e+01  7.64422274e+04  1.79879375e+02
 7.70312006e+04  4.63902634e+01  7.70312006e+04  1.79878445e+02
 7.76247117e+04  4.63902978e+01  7.76247117e+04  1.79877507e+02
 7.82227956e+04  4.63904060e+01  7.82227956e+04  1.79876561e+02
 7.88254877e+04  4.63905538e+01  7.88254877e+04  1.79875605e+02
 7.94328235e+04  4.63905910e+01  7.94328235e+04  1.79874646e+02
 8.00448386e+04  4.63906283e+01  8.00448386e+04  1.79873680e+02
 8.06615692e+04  4.63907831e+01  8.06615692e+04  1.79872701e+02
 8.12830516e+04  4.63908619e+01  8.12830516e+04  1.79871718e+02
 8.19093224e+04  4.63909014e+01  8.19093224e+04  1.79870730e+02
 8.25404185e+04  4.63909822e+01  8.25404185e+04  1.79869732e+02
 8.31763771e+04  4.63910223e+01  8.31763771e+04  1.79868727e+02
 8.38172356e+04  4.63911895e+01  8.38172356e+04  1.79867710e+02
 8.44630319e+04  4.63911456e+01  8.44630319e+04  1.79866691e+02
 8.51138038e+04  4.63913610e+01  8.51138038e+04  1.79865658e+02
 8.57695899e+04  4.63914044e+01  8.57695899e+04  1.79864623e+02
 8.64304286e+04  4.63914929e+01  8.64304286e+04  1.79863577e+02
 8.70963590e+04  4.63916283e+01  8.70963590e+04  1.79862521e+02
 8.77674203e+04  4.63916738e+01  8.77674203e+04  1.79861462e+02
 8.84436519e+04  4.63917664e+01  8.84436519e+04  1.79860392e+02
 8.91250938e+04  4.63919083e+01  8.91250938e+04  1.79859311e+02
 8.98117861e+04  4.63919559e+01  8.98117861e+04  1.79858226e+02
 9.05037692e+04  4.63920528e+01  9.05037692e+04  1.79857131e+02
 9.12010839e+04  4.63921513e+01  9.12010839e+04  1.79856027e+02
 9.19037713e+04  4.63922512e+01  9.19037713e+04  1.79854915e+02
 9.26118728e+04  4.63924044e+01  9.26118728e+04  1.79853791e+02
 9.33254301e+04  4.63925083e+01  9.33254301e+04  1.79852661e+02
 9.40444852e+04  4.63926139e+01  9.40444852e+04  1.79851523e+02
 9.47690805e+04  4.63926128e+01  9.47690805e+04  1.79850379e+02
 9.54992586e+04  4.63928298e+01  9.54992586e+04  1.79849219e+02
 9.62350626e+04  4.63928845e+01  9.62350626e+04  1.79848057e+02
 9.69765359e+04  4.63929392e+01  9.69765359e+04  1.79846884e+02
 9.77237221e+04  4.63930513e+01  9.77237221e+04  1.79845700e+02
 9.84766652e+04  4.63932237e+01  9.84766652e+04  1.79844506e+02
 9.92354096e+04  4.63933995e+01  9.92354096e+04  1.79843301e+02
 1.00000000e+05  4.63935188e+01  1.00000000e+05  1.79842090e+02
 1.00770481e+05  4.63935176e+01  1.00770481e+05  1.79840874e+02
 1.01546899e+05  4.63937008e+01  1.01546899e+05  1.79839642e+02
 1.02329299e+05  4.63938880e+01  1.02329299e+05  1.79838399e+02
 1.03117727e+05  4.63938866e+01  1.03117727e+05  1.79837154e+02
 1.03912230e+05  4.63940786e+01  1.03912230e+05  1.79835894e+02
 1.04712855e+05  4.63942744e+01  1.04712855e+05  1.79834621e+02
 1.05519648e+05  4.63943403e+01  1.05519648e+05  1.79833346e+02
 1.06332657e+05  4.63945422e+01  1.06332657e+05  1.79832053e+02
 1.07151931e+05  4.63945408e+01  1.07151931e+05  1.79830760e+02
 1.07977516e+05  4.63947481e+01  1.07977516e+05  1.79829449e+02
 1.08809463e+05  4.63948882e+01  1.08809463e+05  1.79828130e+02
 1.09647820e+05  4.63950306e+01  1.09647820e+05  1.79826800e+02
 1.10492636e+05  4.63951751e+01  1.10492636e+05  1.79825461e+02
 1.11343961e+05  4.63953221e+01  1.11343961e+05  1.79824110e+02
 1.12201845e+05  4.63953952e+01  1.12201845e+05  1.79822751e+02
 1.13066340e+05  4.63956225e+01  1.13066340e+05  1.79821378e+02
 1.13937495e+05  4.63956980e+01  1.13937495e+05  1.79819997e+02
 1.14815362e+05  4.63959322e+01  1.14815362e+05  1.79818603e+02
 1.15699993e+05  4.63961715e+01  1.15699993e+05  1.79817195e+02
 1.16591440e+05  4.63962518e+01  1.16591440e+05  1.79815784e+02
 1.17489755e+05  4.63963320e+01  1.17489755e+05  1.79814360e+02
 1.18394992e+05  4.63965813e+01  1.18394992e+05  1.79812922e+02
 1.19307204e+05  4.63967497e+01  1.19307204e+05  1.79811474e+02
 1.20226443e+05  4.63969210e+01  1.20226443e+05  1.79810014e+02
 1.21152766e+05  4.63971832e+01  1.21152766e+05  1.79808539e+02
 1.22086225e+05  4.63973613e+01  1.22086225e+05  1.79807056e+02
 1.23026877e+05  4.63974506e+01  1.23026877e+05  1.79805567e+02
 1.23974776e+05  4.63975401e+01  1.23974776e+05  1.79804063e+02
 1.24929979e+05  4.63978173e+01  1.24929979e+05  1.79802544e+02
 1.25892541e+05  4.63980052e+01  1.25892541e+05  1.79801014e+02
 1.26862520e+05  4.63981958e+01  1.26862520e+05  1.79799473e+02
 1.27839972e+05  4.63982910e+01  1.27839972e+05  1.79797921e+02
 1.28824955e+05  4.63985859e+01  1.28824955e+05  1.79796354e+02
 1.29817528e+05  4.63988871e+01  1.29817528e+05  1.79794771e+02
 1.30817747e+05  4.63989883e+01  1.30817747e+05  1.79793186e+02
 1.31825674e+05  4.63990894e+01  1.31825674e+05  1.79791586e+02
 1.32841366e+05  4.63994034e+01  1.32841366e+05  1.79789969e+02
 1.33864884e+05  4.63996155e+01  1.33864884e+05  1.79788341e+02
 1.34896288e+05  4.63998312e+01  1.34896288e+05  1.79786700e+02
 1.35935639e+05  4.64000500e+01  1.35935639e+05  1.79785047e+02
 1.36982998e+05  4.64002724e+01  1.36982998e+05  1.79783381e+02
 1.38038426e+05  4.64004980e+01  1.38038426e+05  1.79781701e+02
 1.39101987e+05  4.64006106e+01  1.39101987e+05  1.79780010e+02
 1.40173742e+05  4.64010786e+01  1.40173742e+05  1.79778296e+02
 1.41253754e+05  4.64011967e+01  1.41253754e+05  1.79776583e+02
 1.42342088e+05  4.64014367e+01  1.42342088e+05  1.79774850e+02
 1.43438808e+05  4.64018043e+01  1.43438808e+05  1.79773097e+02
 1.44543977e+05  4.64019280e+01  1.44543977e+05  1.79771343e+02
 1.45657662e+05  4.64021796e+01  1.45657662e+05  1.79769569e+02
 1.46779927e+05  4.64024345e+01  1.46779927e+05  1.79767781e+02
 1.47910839e+05  4.64026941e+01  1.47910839e+05  1.79765979e+02
 1.49050464e+05  4.64029573e+01  1.49050464e+05  1.79764163e+02
 1.50198870e+05  4.64032246e+01  1.50198870e+05  1.79762332e+02
 1.51356125e+05  4.64033581e+01  1.51356125e+05  1.79760489e+02
 1.52522296e+05  4.64037720e+01  1.52522296e+05  1.79758628e+02
 1.53697452e+05  4.64039095e+01  1.53697452e+05  1.79756755e+02
 1.54881662e+05  4.64041915e+01  1.54881662e+05  1.79754866e+02
 1.56074996e+05  4.64047718e+01  1.56074996e+05  1.79752952e+02
 1.57277525e+05  4.64049180e+01  1.57277525e+05  1.79751042e+02
 1.58489319e+05  4.64052159e+01  1.58489319e+05  1.79749108e+02
 1.59710450e+05  4.64055184e+01  1.59710450e+05  1.79747158e+02
 1.60940989e+05  4.64056692e+01  1.60940989e+05  1.79745195e+02
 1.62181010e+05  4.64062954e+01  1.62181010e+05  1.79743204e+02
 1.63430584e+05  4.64062926e+01  1.63430584e+05  1.79741219e+02
 1.64689787e+05  4.64066115e+01  1.64689787e+05  1.79739208e+02
 1.65958691e+05  4.64072678e+01  1.65958691e+05  1.79737169e+02
 1.67237372e+05  4.64074336e+01  1.67237372e+05  1.79735135e+02
 1.68525904e+05  4.64079411e+01  1.68525904e+05  1.79733065e+02
 1.69824365e+05  4.64084596e+01  1.69824365e+05  1.79730970e+02
 1.71132830e+05  4.64086356e+01  1.71132830e+05  1.79728896e+02
 1.72451377e+05  4.64088119e+01  1.72451377e+05  1.79726797e+02
 1.73780083e+05  4.64091700e+01  1.73780083e+05  1.79724671e+02
 1.75119026e+05  4.64091640e+01  1.75119026e+05  1.79722522e+02
 1.76468286e+05  4.64100909e+01  1.76468286e+05  1.79720357e+02
 1.77827941e+05  4.64104687e+01  1.77827941e+05  1.79718180e+02
 1.79198072e+05  4.64106594e+01  1.79198072e+05  1.79715997e+02
 1.80578760e+05  4.64110463e+01  1.80578760e+05  1.79713785e+02
 1.81970086e+05  4.64114389e+01  1.81970086e+05  1.79711556e+02
 1.83372132e+05  4.64120405e+01  1.83372132e+05  1.79709297e+02
 1.84784980e+05  4.64122432e+01  1.84784980e+05  1.79707044e+02
 1.86208714e+05  4.64126541e+01  1.86208714e+05  1.79704761e+02
 1.87643417e+05  4.64130720e+01  1.87643417e+05  1.79702460e+02
 1.89089175e+05  4.64134962e+01  1.89089175e+05  1.79700141e+02
 1.90546072e+05  4.64141461e+01  1.90546072e+05  1.79697789e+02
 1.92014194e+05  4.64143645e+01  1.92014194e+05  1.79695446e+02
 1.93493628e+05  4.64148088e+01  1.93493628e+05  1.79693070e+02
 1.94984460e+05  4.64150308e+01  1.94984460e+05  1.79690678e+02
 1.96486779e+05  4.64157181e+01  1.96486779e+05  1.79688262e+02
 1.98000673e+05  4.64161835e+01  1.98000673e+05  1.79685829e+02
 1.99526231e+05  4.64168956e+01  1.99526231e+05  1.79683362e+02
 2.01063544e+05  4.64171358e+01  2.01063544e+05  1.79680905e+02
 2.02612701e+05  4.64173757e+01  2.02612701e+05  1.79678415e+02
 2.04173794e+05  4.64181175e+01  2.04173794e+05  1.79675901e+02
 2.05746916e+05  4.64186206e+01  2.05746916e+05  1.79673369e+02
 2.07332157e+05  4.64191306e+01  2.07332157e+05  1.79670817e+02
 2.08929613e+05  4.64196492e+01  2.08929613e+05  1.79668244e+02
 2.10539377e+05  4.64199081e+01  2.10539377e+05  1.79665652e+02
 2.12161544e+05  4.64204387e+01  2.12161544e+05  1.79663038e+02
 2.13796209e+05  4.64209768e+01  2.13796209e+05  1.79660403e+02
 2.15443469e+05  4.64218043e+01  2.15443469e+05  1.79657745e+02
 2.17103421e+05  4.64220794e+01  2.17103421e+05  1.79655068e+02
 2.18776162e+05  4.64229321e+01  2.18776162e+05  1.79652367e+02
 2.20461792e+05  4.64235092e+01  2.20461792e+05  1.79649646e+02
 2.22160409e+05  4.64237983e+01  2.22160409e+05  1.79646904e+02
 2.23872114e+05  4.64246912e+01  2.23872114e+05  1.79644137e+02
 2.25597007e+05  4.64249893e+01  2.25597007e+05  1.79641350e+02
 2.27335190e+05  4.64262210e+01  2.27335190e+05  1.79638517e+02
 2.29086765e+05  4.64265336e+01  2.29086765e+05  1.79635706e+02
 2.30851836e+05  4.64271664e+01  2.30851836e+05  1.79632849e+02
 2.32630507e+05  4.64278096e+01  2.32630507e+05  1.79629970e+02
 2.34422882e+05  4.64291249e+01  2.34422882e+05  1.79626998e+02
 2.36229066e+05  4.64294629e+01  2.36229066e+05  1.79624117e+02
 2.38049167e+05  4.64301413e+01  2.38049167e+05  1.79621167e+02
 2.39883292e+05  4.64304834e+01  2.39883292e+05  1.79618217e+02
 2.41731548e+05  4.64311785e+01  2.41731548e+05  1.79615219e+02
 2.43594045e+05  4.64318841e+01  2.43594045e+05  1.79612196e+02
 2.45470892e+05  4.64329635e+01  2.45470892e+05  1.79609122e+02
 2.47362199e+05  4.64333277e+01  2.47362199e+05  1.79606077e+02
 2.49268079e+05  4.64340666e+01  2.49268079e+05  1.79602980e+02
 2.51188643e+05  4.64348180e+01  2.51188643e+05  1.79599857e+02
 2.53124005e+05  4.64355794e+01  2.53124005e+05  1.79596709e+02
 2.55074278e+05  4.64359615e+01  2.55074278e+05  1.79593536e+02
 2.57039578e+05  4.64371392e+01  2.57039578e+05  1.79590335e+02
 2.59020020e+05  4.64383416e+01  2.59020020e+05  1.79587078e+02
 2.61015722e+05  4.64383377e+01  2.61015722e+05  1.79583857e+02
 2.63026799e+05  4.64391545e+01  2.63026799e+05  1.79580577e+02
 2.65053372e+05  4.64404076e+01  2.65053372e+05  1.79577270e+02
 2.67095559e+05  4.64408262e+01  2.67095559e+05  1.79573937e+02
 2.69153480e+05  4.64421177e+01  2.69153480e+05  1.79570575e+02
 2.71227258e+05  4.64429940e+01  2.71227258e+05  1.79567187e+02
 2.73317014e+05  4.64438839e+01  2.73317014e+05  1.79563770e+02
 2.75422870e+05  4.64447870e+01  2.75422870e+05  1.79560325e+02
 2.77544952e+05  4.64457036e+01  2.77544952e+05  1.79556851e+02
 2.79683385e+05  4.64466357e+01  2.79683385e+05  1.79553348e+02
 2.81838293e+05  4.64475817e+01  2.81838293e+05  1.79549817e+02
 2.84009805e+05  4.64485426e+01  2.84009805e+05  1.79546256e+02
 2.86198048e+05  4.64495174e+01  2.86198048e+05  1.79542666e+02
 2.88403150e+05  4.64505097e+01  2.88403150e+05  1.79539045e+02
 2.90625243e+05  4.64515154e+01  2.90625243e+05  1.79535395e+02
 2.92864456e+05  4.64525366e+01  2.92864456e+05  1.79531714e+02
 2.95120923e+05  4.64530494e+01  2.95120923e+05  1.79528002e+02
 2.97394775e+05  4.64551623e+01  2.97394775e+05  1.79524214e+02
 2.99686146e+05  4.64551591e+01  2.99686146e+05  1.79520485e+02
 3.01995172e+05  4.64562373e+01  3.01995172e+05  1.79516679e+02
 3.04321989e+05  4.64567759e+01  3.04321989e+05  1.79512792e+02
 3.06666733e+05  4.64590126e+01  3.06666733e+05  1.79508972e+02
 3.09029543e+05  4.64601523e+01  3.09029543e+05  1.79505070e+02
 3.11410558e+05  4.64618924e+01  3.11410558e+05  1.79501083e+02
 3.13809919e+05  4.64630775e+01  3.13809919e+05  1.79497113e+02
 3.16227766e+05  4.64630750e+01  3.16227766e+05  1.79493163e+02
 3.18664242e+05  4.64648882e+01  3.18664242e+05  1.79489128e+02
 3.21119491e+05  4.64661194e+01  3.21119491e+05  1.79485058e+02
 3.23593657e+05  4.64673688e+01  3.23593657e+05  1.79480954e+02
 3.26086886e+05  4.64699207e+01  3.26086886e+05  1.79476636e+02
 3.28599325e+05  4.64705783e+01  3.28599325e+05  1.79472579e+02
 3.31131121e+05  4.64705769e+01  3.31131121e+05  1.79468428e+02
 3.33682425e+05  4.64732367e+01  3.33682425e+05  1.79464121e+02
 3.36253386e+05  4.64739184e+01  3.36253386e+05  1.79459901e+02
 3.38844156e+05  4.64745974e+01  3.38844156e+05  1.79455580e+02
 3.41454887e+05  4.64766819e+01  3.41454887e+05  1.79451226e+02
 3.44085734e+05  4.64788107e+01  3.44085734e+05  1.79446764e+02
 3.46736850e+05  4.64795328e+01  3.46736850e+05  1.79442402e+02
 3.49408393e+05  4.64802584e+01  3.49408393e+05  1.79437930e+02
 3.52100520e+05  4.64832232e+01  3.52100520e+05  1.79433351e+02
 3.54813389e+05  4.64832222e+01  3.54813389e+05  1.79428875e+02
 3.57547160e+05  4.64855106e+01  3.57547160e+05  1.79424292e+02
 3.60301995e+05  4.64862811e+01  3.60301995e+05  1.79419663e+02
 3.63078055e+05  4.64886411e+01  3.63078055e+05  1.79415000e+02
 3.65875504e+05  4.64894350e+01  3.65875504e+05  1.79410290e+02
 3.68694506e+05  4.64918696e+01  3.68694506e+05  1.79405546e+02
 3.71535229e+05  4.64943537e+01  3.71535229e+05  1.79400672e+02
 3.74397839e+05  4.64960437e+01  3.74397839e+05  1.79395840e+02
 3.77282505e+05  4.64960473e+01  3.77282505e+05  1.79391050e+02
 3.80189396e+05  4.64977640e+01  3.80189396e+05  1.79386134e+02
 3.83118685e+05  4.65003937e+01  3.83118685e+05  1.79381180e+02
 3.86070543e+05  4.65021809e+01  3.86070543e+05  1.79376177e+02
 3.89045145e+05  4.65039939e+01  3.89045145e+05  1.79371131e+02
 3.92042666e+05  4.65058354e+01  3.92042666e+05  1.79366040e+02
 3.95063281e+05  4.65067656e+01  3.95063281e+05  1.79360898e+02
 3.98107171e+05  4.65096077e+01  3.98107171e+05  1.79355722e+02
 4.01174512e+05  4.65115385e+01  4.01174512e+05  1.79350494e+02
 4.04265487e+05  4.65125144e+01  4.04265487e+05  1.79345214e+02
 4.07380278e+05  4.65154917e+01  4.07380278e+05  1.79339898e+02
 4.10519067e+05  4.65164995e+01  4.10519067e+05  1.79334523e+02
 4.13682040e+05  4.65195681e+01  4.13682040e+05  1.79329112e+02
 4.16869383e+05  4.65216565e+01  4.16869383e+05  1.79323646e+02
 4.20081285e+05  4.65237755e+01  4.20081285e+05  1.79318132e+02
 4.23317933e+05  4.65270077e+01  4.23317933e+05  1.79312443e+02
 4.26579519e+05  4.65281154e+01  4.26579519e+05  1.79306952e+02
 4.29866235e+05  4.65303365e+01  4.29866235e+05  1.79301286e+02
 4.33178274e+05  4.65325919e+01  4.33178274e+05  1.79295569e+02
 4.36515832e+05  4.65348835e+01  4.36515832e+05  1.79289800e+02
 4.39879106e+05  4.65372102e+01  4.39879106e+05  1.79283979e+02
 4.43268292e+05  4.65395761e+01  4.43268292e+05  1.79278104e+02
 4.46683592e+05  4.65419761e+01  4.46683592e+05  1.79272175e+02
 4.50125206e+05  4.65431935e+01  4.50125206e+05  1.79266183e+02
 4.53593337e+05  4.65456527e+01  4.53593337e+05  1.79260144e+02
 4.57088190e+05  4.65506672e+01  4.57088190e+05  1.79253905e+02
 4.60609969e+05  4.65519669e+01  4.60609969e+05  1.79247910e+02
 4.64158883e+05  4.65558602e+01  4.64158883e+05  1.79241540e+02
 4.67735141e+05  4.65571995e+01  4.67735141e+05  1.79235438e+02
 4.71338954e+05  4.65598787e+01  4.71338954e+05  1.79229115e+02
 4.74970533e+05  4.65626017e+01  4.74970533e+05  1.79222732e+02
 4.78630092e+05  4.65653676e+01  4.78630092e+05  1.79216290e+02
 4.82317848e+05  4.65681736e+01  4.82317848e+05  1.79209788e+02
 4.86034018e+05  4.65724490e+01  4.86034018e+05  1.79203038e+02
 4.89778819e+05  4.65739215e+01  4.89778819e+05  1.79196598e+02
 4.93552474e+05  4.65783340e+01  4.93552474e+05  1.79189715e+02
 4.97355204e+05  4.65798570e+01  4.97355204e+05  1.79183157e+02
 5.01187234e+05  4.65828916e+01  5.01187234e+05  1.79176342e+02
 5.05048788e+05  4.65859788e+01  5.05048788e+05  1.79169460e+02
 5.08940095e+05  4.65891108e+01  5.08940095e+05  1.79162513e+02
 5.12861384e+05  4.65891239e+01  5.12861384e+05  1.79155233e+02
 5.16812886e+05  4.65955321e+01  5.16812886e+05  1.79148417e+02
 5.20794833e+05  4.66004477e+01  5.20794833e+05  1.79141040e+02
 5.24807460e+05  4.66021529e+01  5.24807460e+05  1.79134049e+02
 5.28851004e+05  4.66038550e+01  5.28851004e+05  1.79126742e+02
 5.32925703e+05  4.66072742e+01  5.32925703e+05  1.79119381e+02
 5.37031796e+05  4.66124817e+01  5.37031796e+05  1.79111968e+02
 5.41169527e+05  4.66142728e+01  5.41169527e+05  1.79104443e+02
 5.45339137e+05  4.66196487e+01  5.45339137e+05  1.79096884e+02
 5.49540874e+05  4.66233149e+01  5.49540874e+05  1.79089230e+02
 5.53774984e+05  4.66251927e+01  5.53774984e+05  1.79081479e+02
 5.58041717e+05  4.66308254e+01  5.58041717e+05  1.79073695e+02
 5.62341325e+05  4.66346729e+01  5.62341325e+05  1.79065810e+02
 5.66674061e+05  4.66405111e+01  5.66674061e+05  1.79057556e+02
 5.71040179e+05  4.66425478e+01  5.71040179e+05  1.79049805e+02
 5.75439937e+05  4.66465806e+01  5.75439937e+05  1.79041682e+02
 5.79873595e+05  4.66506752e+01  5.79873595e+05  1.79033476e+02
 5.84341413e+05  4.66568943e+01  5.84341413e+05  1.79024867e+02
 5.88843655e+05  4.66590668e+01  5.88843655e+05  1.79016813e+02
 5.93380586e+05  4.66654783e+01  5.93380586e+05  1.79008022e+02
 5.97952473e+05  4.66677263e+01  5.97952473e+05  1.78999810e+02
 6.02559586e+05  4.66743430e+01  6.02559586e+05  1.78990828e+02
 6.07202196e+05  4.66766641e+01  6.07202196e+05  1.78982455e+02
 6.11880576e+05  4.66812327e+01  6.11880576e+05  1.78973643e+02
 6.16595002e+05  4.66881796e+01  6.16595002e+05  1.78964363e+02
 6.21345752e+05  4.66906103e+01  6.21345752e+05  1.78955742e+02
 6.26133105e+05  4.66977669e+01  6.26133105e+05  1.78946260e+02
 6.30957344e+05  4.66978851e+01  6.30957344e+05  1.78937430e+02
 6.35818754e+05  4.67052411e+01  6.35818754e+05  1.78928180e+02
 6.40717619e+05  4.67102771e+01  6.40717619e+05  1.78918798e+02
 6.45654229e+05  4.67178976e+01  6.45654229e+05  1.78908888e+02
 6.50628875e+05  4.67205874e+01  6.50628875e+05  1.78899734e+02
 6.55641849e+05  4.67258700e+01  6.55641849e+05  1.78890047e+02
 6.60693448e+05  4.67338649e+01  6.60693448e+05  1.78879797e+02
 6.65783968e+05  4.67366797e+01  6.65783968e+05  1.78870362e+02
 6.70913710e+05  4.67395107e+01  6.70913710e+05  1.78860316e+02
 6.76082975e+05  4.67506048e+01  6.76082975e+05  1.78849753e+02
 6.81292069e+05  4.67535737e+01  6.81292069e+05  1.78840022e+02
 6.86541298e+05  4.67593862e+01  6.86541298e+05  1.78829686e+02
 6.91830971e+05  4.67652879e+01  6.91830971e+05  1.78819238e+02
 6.97161400e+05  4.67712902e+01  6.97161400e+05  1.78808671e+02
 7.02532899e+05  4.67773852e+01  7.02532899e+05  1.78797989e+02
 7.07945784e+05  4.67835858e+01  7.07945784e+05  1.78787185e+02
 7.13400375e+05  4.67898779e+01  7.13400375e+05  1.78776262e+02
 7.18896992e+05  4.67931599e+01  7.18896992e+05  1.78765162e+02
 7.24435960e+05  4.68059362e+01  7.24435960e+05  1.78753438e+02
 7.30017605e+05  4.68093852e+01  7.30017605e+05  1.78742742e+02
 7.35642254e+05  4.68128395e+01  7.35642254e+05  1.78731255e+02
 7.41310241e+05  4.68229229e+01  7.41310241e+05  1.78719752e+02
 7.47021899e+05  4.68264959e+01  7.47021899e+05  1.78707999e+02
 7.52777564e+05  4.68437176e+01  7.52777564e+05  1.78694138e+02
 7.58577575e+05  4.68440664e+01  7.58577575e+05  1.78684260e+02
 7.64422274e+05  4.68513446e+01  7.64422274e+05  1.78672152e+02
 7.70312006e+05  4.68551675e+01  7.70312006e+05  1.78659836e+02
 7.76247117e+05  4.68662593e+01  7.76247117e+05  1.78647505e+02
 7.82227956e+05  4.68739069e+01  7.82227956e+05  1.78634961e+02
 7.88254877e+05  4.68779247e+01  7.88254877e+05  1.78622199e+02
 7.94328235e+05  4.68857558e+01  7.94328235e+05  1.78609351e+02
 8.00448386e+05  4.68975815e+01  8.00448386e+05  1.78596424e+02
 8.06615692e+05  4.69018168e+01  8.06615692e+05  1.78583190e+02
 8.12830516e+05  4.69100416e+01  8.12830516e+05  1.78569868e+02
 8.19093224e+05  4.69264808e+01  8.19093224e+05  1.78555595e+02
 8.25404185e+05  4.69310045e+01  8.25404185e+05  1.78542817e+02
 8.31763771e+05  4.69397146e+01  8.31763771e+05  1.78528998e+02
 8.38172356e+05  4.69443261e+01  8.38172356e+05  1.78514925e+02
 8.44630319e+05  4.69532478e+01  8.44630319e+05  1.78500758e+02
 8.51138038e+05  4.69710490e+01  8.51138038e+05  1.78485525e+02
 8.57695899e+05  4.69804039e+01  8.57695899e+05  1.78470978e+02
 8.64304286e+05  4.69854259e+01  8.64304286e+05  1.78457270e+02
 8.70963590e+05  4.69950243e+01  8.70963590e+05  1.78442371e+02
 8.77674203e+05  4.70047767e+01  8.77674203e+05  1.78427284e+02
 8.84436519e+05  4.70099914e+01  8.84436519e+05  1.78411897e+02
 8.91250938e+05  4.70247868e+01  8.91250938e+05  1.78396516e+02
 8.98117861e+05  4.70301806e+01  8.98117861e+05  1.78380724e+02
 9.05037692e+05  4.70454651e+01  9.05037692e+05  1.78364937e+02
 9.12010839e+05  4.70560623e+01  9.12010839e+05  1.78348833e+02
 9.19037713e+05  4.70668382e+01  9.19037713e+05  1.78332517e+02
 9.26118728e+05  4.70777854e+01  9.26118728e+05  1.78315981e+02
 9.33254301e+05  4.70941714e+01  9.33254301e+05  1.78297932e+02
 9.40444852e+05  4.71002448e+01  9.40444852e+05  1.78282237e+02
 9.47690805e+05  4.71063595e+01  9.47690805e+05  1.78264890e+02
 9.54992586e+05  4.71179844e+01  9.54992586e+05  1.78247433e+02
 9.62350626e+05  4.71353820e+01  9.62350626e+05  1.78229865e+02
 9.69765359e+05  4.71474762e+01  9.69765359e+05  1.78211928e+02
 9.77237221e+05  4.71655360e+01  9.77237221e+05  1.78192258e+02
 9.84766652e+05  4.71723060e+01  9.84766652e+05  1.78175288e+02
 9.92354096e+05  4.71850427e+01  9.92354096e+05  1.78156577e+02
 1.00000000e+06  4.71919541e+01  1.00000000e+06  1.78137457e+02
 1.00770481e+06  4.72111395e+01  1.00770481e+06  1.78118357e+02
 1.01546899e+06  4.72245214e+01  1.01546899e+06  1.78098835e+02
 1.02329299e+06  4.72444505e+01  1.02329299e+06  1.78077323e+02
 1.03117727e+06  4.72519810e+01  1.03117727e+06  1.78058929e+02
 1.03912230e+06  4.72595505e+01  1.03912230e+06  1.78038371e+02
 1.04712855e+06  4.72803938e+01  1.04712855e+06  1.78017840e+02
 1.05519648e+06  4.72949429e+01  1.05519648e+06  1.77996841e+02
 1.06332657e+06  4.73029537e+01  1.06332657e+06  1.77975346e+02
 1.07151931e+06  4.73248255e+01  1.07151931e+06  1.77953884e+02
 1.07977516e+06  4.73541467e+01  1.07977516e+06  1.77925762e+02
 1.08809463e+06  4.73486302e+01  1.08809463e+06  1.77909420e+02
 1.09647820e+06  4.73716305e+01  1.09647820e+06  1.77886957e+02
 1.10492636e+06  4.73877598e+01  1.10492636e+06  1.77863958e+02
 1.11343961e+06  4.74116325e+01  1.11343961e+06  1.77838408e+02
 1.12201845e+06  4.74208797e+01  1.12201845e+06  1.77816871e+02
 1.13066340e+06  4.74378725e+01  1.13066340e+06  1.77792768e+02
 1.13937495e+06  4.74551591e+01  1.13937495e+06  1.77768282e+02
 1.14815362e+06  4.74727376e+01  1.14815362e+06  1.77743400e+02
 1.15699993e+06  4.74906335e+01  1.15699993e+06  1.77718120e+02
 1.16591440e+06  4.75170121e+01  1.16591440e+06  1.77689906e+02
 1.17489755e+06  4.75190527e+01  1.17489755e+06  1.77666074e+02
 1.18394992e+06  4.75462347e+01  1.18394992e+06  1.77639755e+02
 1.19307204e+06  4.75739583e+01  1.19307204e+06  1.77610069e+02
 1.20226443e+06  4.75849278e+01  1.20226443e+06  1.77585319e+02
 1.21152766e+06  4.75959699e+01  1.21152766e+06  1.77557157e+02
 1.22086225e+06  4.76250272e+01  1.22086225e+06  1.77529026e+02
 1.23026877e+06  4.76546908e+01  1.23026877e+06  1.77497201e+02
 1.23974776e+06  4.76757813e+01  1.23974776e+06  1.77467758e+02
 1.24929979e+06  4.76784883e+01  1.24929979e+06  1.77440627e+02
 1.25892541e+06  4.77095805e+01  1.25892541e+06  1.77410494e+02
 1.26862520e+06  4.77316849e+01  1.26862520e+06  1.77379542e+02
 1.27839972e+06  4.77541573e+01  1.27839972e+06  1.77348051e+02
 1.28824955e+06  4.77770470e+01  1.28824955e+06  1.77315990e+02
 1.29817528e+06  4.78003770e+01  1.29817528e+06  1.77283343e+02
 1.30817747e+06  4.78240984e+01  1.30817747e+06  1.77250096e+02
 1.31825674e+06  4.78378093e+01  1.31825674e+06  1.77215938e+02
 1.32841366e+06  4.78728721e+01  1.32841366e+06  1.77181767e+02
 1.33864884e+06  4.78871259e+01  1.33864884e+06  1.77146322e+02
 1.34896288e+06  4.79124926e+01  1.34896288e+06  1.77110522e+02
 1.35935639e+06  4.79605024e+01  1.35935639e+06  1.77070376e+02
 1.36982998e+06  4.79758628e+01  1.36982998e+06  1.77037218e+02
 1.38038426e+06  4.80142609e+01  1.38038426e+06  1.76995121e+02
 1.39101987e+06  4.80302612e+01  1.39101987e+06  1.76960702e+02
 1.40173742e+06  4.80700066e+01  1.40173742e+06  1.76916919e+02
 1.41253754e+06  4.80746758e+01  1.41253754e+06  1.76880790e+02
 1.42342088e+06  4.81035157e+01  1.42342088e+06  1.76839819e+02
 1.43438808e+06  4.81328946e+01  1.43438808e+06  1.76798010e+02
 1.44543977e+06  4.81753705e+01  1.44543977e+06  1.76755739e+02
 1.45657662e+06  4.82060411e+01  1.45657662e+06  1.76712229e+02
 1.46779927e+06  4.82502447e+01  1.46779927e+06  1.76662719e+02
 1.47910839e+06  4.82691735e+01  1.47910839e+06  1.76622444e+02
 1.49050464e+06  4.83016331e+01  1.49050464e+06  1.76576134e+02
 1.50198870e+06  4.83482535e+01  1.50198870e+06  1.76523394e+02
 1.51356125e+06  4.83684397e+01  1.51356125e+06  1.76480525e+02
 1.52522296e+06  4.84027855e+01  1.52522296e+06  1.76431179e+02
 1.53697452e+06  4.84378298e+01  1.53697452e+06  1.76380742e+02
 1.54881662e+06  4.84735244e+01  1.54881662e+06  1.76329201e+02
 1.56074996e+06  4.84952968e+01  1.56074996e+06  1.76276055e+02
 1.57277525e+06  4.85470649e+01  1.57277525e+06  1.76222618e+02
 1.58489319e+06  4.85698349e+01  1.58489319e+06  1.76167059e+02
 1.59710450e+06  4.86081932e+01  1.59710450e+06  1.76110679e+02
 1.60940989e+06  4.86473237e+01  1.60940989e+06  1.76052997e+02
 1.62181010e+06  4.87188103e+01  1.62181010e+06  1.75987549e+02
 1.63430584e+06  4.87439862e+01  1.63430584e+06  1.75934032e+02
 1.64689787e+06  4.87694703e+01  1.64689787e+06  1.75871676e+02
 1.65958691e+06  4.88284045e+01  1.65958691e+06  1.75808805e+02
 1.67237372e+06  4.88718923e+01  1.67237372e+06  1.75743923e+02
 1.68525904e+06  4.89162423e+01  1.68525904e+06  1.75677447e+02
 1.69824365e+06  4.89441558e+01  1.69824365e+06  1.75608810e+02
 1.71132830e+06  4.90077420e+01  1.71132830e+06  1.75539441e+02
 1.72451377e+06  4.90548989e+01  1.72451377e+06  1.75467828e+02
 1.73780083e+06  4.91030144e+01  1.73780083e+06  1.75394375e+02
 1.75119026e+06  4.91521673e+01  1.75119026e+06  1.75319012e+02
 1.76468286e+06  4.92023481e+01  1.76468286e+06  1.75241677e+02
 1.77827941e+06  4.92535850e+01  1.77827941e+06  1.75162286e+02
 1.79198072e+06  4.92866164e+01  1.79198072e+06  1.75080260e+02
 1.80578760e+06  4.93397631e+01  1.80578760e+06  1.74996537e+02
 1.81970086e+06  4.94139085e+01  1.81970086e+06  1.74911045e+02
 1.83372132e+06  4.94897858e+01  1.83372132e+06  1.74812529e+02
 1.84784980e+06  4.95061586e+01  1.84784980e+06  1.74731239e+02
 1.86208714e+06  4.95848559e+01  1.86208714e+06  1.74638302e+02
 1.87643417e+06  4.96443364e+01  1.87643417e+06  1.74542166e+02
 1.89089175e+06  4.97051200e+01  1.89089175e+06  1.74443247e+02
 1.90546072e+06  4.97673007e+01  1.90546072e+06  1.74341384e+02
 1.92014194e+06  4.98308389e+01  1.92014194e+06  1.74236519e+02
 1.93493628e+06  4.98958602e+01  1.93493628e+06  1.74128440e+02
 1.94984460e+06  4.99849895e+01  1.94984460e+06  1.74004862e+02
 1.96486779e+06  5.00302717e+01  1.96486779e+06  1.73902336e+02
 1.98000673e+06  5.00998045e+01  1.98000673e+06  1.73783955e+02
 1.99526231e+06  5.01709566e+01  1.99526231e+06  1.73661814e+02
 2.01063544e+06  5.02678831e+01  2.01063544e+06  1.73522215e+02
 2.02612701e+06  5.03182820e+01  2.02612701e+06  1.73405562e+02
 2.04173794e+06  5.04194274e+01  2.04173794e+06  1.73256875e+02
 2.05746916e+06  5.04726673e+01  2.05746916e+06  1.73132116e+02
 2.07332157e+06  5.05526997e+01  2.07332157e+06  1.72988350e+02
 2.08929613e+06  5.06606282e+01  2.08929613e+06  1.72824373e+02
 2.10539377e+06  5.07185050e+01  2.10539377e+06  1.72685829e+02
 2.12161544e+06  5.07506477e+01  2.12161544e+06  1.72509481e+02
 2.13796209e+06  5.09198873e+01  2.13796209e+06  1.72344906e+02
 2.15443469e+06  5.09830106e+01  2.15443469e+06  1.72190305e+02
 2.17103421e+06  5.11036782e+01  2.17103421e+06  1.71995472e+02
 2.18776162e+06  5.11706313e+01  2.18776162e+06  1.71828672e+02
 2.20461792e+06  5.12680563e+01  2.20461792e+06  1.71637444e+02
 2.22160409e+06  5.13384841e+01  2.22160409e+06  1.71438716e+02
 2.23872114e+06  5.14707002e+01  2.23872114e+06  1.71232193e+02
 2.25597007e+06  5.15760359e+01  2.25597007e+06  1.71017317e+02
 2.27335190e+06  5.16223910e+01  2.27335190e+06  1.70773700e+02
 2.29086765e+06  5.17952577e+01  2.29086765e+06  1.70560629e+02
 2.30851836e+06  5.18774351e+01  2.30851836e+06  1.70318040e+02
 2.32630507e+06  5.20265494e+01  2.32630507e+06  1.70064443e+02
 2.34422882e+06  5.21142101e+01  2.34422882e+06  1.69800362e+02
 2.36229066e+06  5.22709991e+01  2.36229066e+06  1.69523572e+02
 2.38049167e+06  5.23985116e+01  2.38049167e+06  1.69234567e+02
 2.39883292e+06  5.24951831e+01  2.39883292e+06  1.68932888e+02
 2.41731548e+06  5.25948377e+01  2.41731548e+06  1.68592859e+02
 2.43594045e+06  5.28035160e+01  2.43594045e+06  1.68283206e+02
 2.45470892e+06  5.29465508e+01  2.45470892e+06  1.67934720e+02
 2.47362199e+06  5.30939547e+01  2.47362199e+06  1.67568579e+02
 2.49268079e+06  5.32825459e+01  2.49268079e+06  1.67155692e+02
 2.51188643e+06  5.33647369e+01  2.51188643e+06  1.66779927e+02
 2.53124005e+06  5.35255728e+01  2.53124005e+06  1.66353065e+02
 2.55074278e+06  5.36914648e+01  2.55074278e+06  1.65902665e+02
 2.57039578e+06  5.39020664e+01  2.57039578e+06  1.65424678e+02
 2.59020020e+06  5.41190189e+01  2.59020020e+06  1.64889143e+02
 2.61015722e+06  5.42627606e+01  2.61015722e+06  1.64387981e+02
 2.63026799e+06  5.44518629e+01  2.63026799e+06  1.63822568e+02
 2.65053372e+06  5.46473781e+01  2.65053372e+06  1.63222106e+02
 2.67095559e+06  5.48493956e+01  2.67095559e+06  1.62583425e+02
 2.69153480e+06  5.50583216e+01  2.69153480e+06  1.61902994e+02
 2.71227258e+06  5.52743429e+01  2.71227258e+06  1.61177124e+02
 2.73317014e+06  5.55412927e+01  2.73317014e+06  1.60362131e+02
 2.75422870e+06  5.57289462e+01  2.75422870e+06  1.59570667e+02
 2.77544952e+06  5.60127999e+01  2.77544952e+06  1.58638225e+02
 2.79683385e+06  5.62154308e+01  2.79683385e+06  1.57722435e+02
 2.81838293e+06  5.64712927e+01  2.81838293e+06  1.56691858e+02
 2.84009805e+06  5.68273456e+01  2.84009805e+06  1.55452649e+02
 2.86198048e+06  5.70093596e+01  2.86198048e+06  1.54378163e+02
 2.88403150e+06  5.72431847e+01  2.88403150e+06  1.53084835e+02
 2.90625243e+06  5.75831481e+01  2.90625243e+06  1.51663494e+02
 2.92864456e+06  5.78834325e+01  2.92864456e+06  1.50126733e+02
 2.95120923e+06  5.81919863e+01  2.95120923e+06  1.48452243e+02
 2.97394775e+06  5.85084992e+01  2.97394775e+06  1.46623888e+02
 2.99686146e+06  5.88318893e+01  2.99686146e+06  1.44624386e+02
 3.01995172e+06  5.91608935e+01  3.01995172e+06  1.42434514e+02
 3.04321989e+06  5.94408874e+01  3.04321989e+06  1.40046620e+02
 3.06666733e+06  5.97740178e+01  3.06666733e+06  1.37413524e+02
 3.09029543e+06  6.01583403e+01  3.09029543e+06  1.34511870e+02
 3.11410558e+06  6.04825667e+01  3.11410558e+06  1.31347631e+02
 3.13809919e+06  6.07940443e+01  3.13809919e+06  1.27889209e+02
 3.16227766e+06  6.10859012e+01  3.16227766e+06  1.24123059e+02
 3.18664242e+06  6.13500672e+01  3.18664242e+06  1.20044151e+02
 3.21119491e+06  6.15772428e+01  3.21119491e+06  1.15659614e+02
 3.23593657e+06  6.17579922e+01  3.23593657e+06  1.10991412e+02
 3.26086886e+06  6.19903585e+01  3.26086886e+06  1.05924388e+02
 3.28599325e+06  6.19429746e+01  3.28599325e+06  1.00984628e+02
 3.31131121e+06  6.19331574e+01  3.31131121e+06  9.57793117e+01
 3.33682425e+06  6.18503306e+01  3.33682425e+06  9.05492742e+01
 3.36253386e+06  6.16360740e+01  3.36253386e+06  8.53633514e+01
 3.38844156e+06  6.14119902e+01  3.38844156e+06  8.03348689e+01
 3.41454887e+06  6.11883080e+01  3.41454887e+06  7.55482683e+01
 3.44085734e+06  6.08524471e+01  3.44085734e+06  7.10009439e+01
 3.46736850e+06  6.04098277e+01  3.46736850e+06  6.67116231e+01
 3.49408393e+06  5.99971125e+01  3.49408393e+06  6.27673773e+01
 3.52100520e+06  5.95602642e+01  3.52100520e+06  5.91360545e+01
 3.54813389e+06  5.91759518e+01  3.54813389e+06  5.58548038e+01
 3.57547160e+06  5.87141471e+01  3.57547160e+06  5.28168978e+01
 3.60301995e+06  5.82474934e+01  3.60301995e+06  5.00463092e+01
 3.63078055e+06  5.77064636e+01  3.63078055e+06  4.74702372e+01
 3.65875504e+06  5.73147171e+01  3.65875504e+06  4.52204627e+01
 3.68694506e+06  5.68539360e+01  3.68694506e+06  4.31216805e+01
 3.71535229e+06  5.63212070e+01  3.71535229e+06  4.11511843e+01
 3.74397839e+06  5.58724942e+01  3.74397839e+06  3.93979514e+01
 3.77282505e+06  5.55132364e+01  3.77282505e+06  3.78475351e+01
 3.80189396e+06  5.50000145e+01  3.80189396e+06  3.63183377e+01
 3.83118685e+06  5.46612516e+01  3.83118685e+06  3.50196242e+01
 3.86070543e+06  5.42486709e+01  3.86070543e+06  3.37716969e+01
 3.89045145e+06  5.37577693e+01  3.89045145e+06  3.25623378e+01
 3.92042666e+06  5.34503322e+01  3.92042666e+06  3.15542416e+01
 3.95063281e+06  5.29736764e+01  3.95063281e+06  3.05085680e+01
 3.98107171e+06  5.25943067e+01  3.98107171e+06  2.95914866e+01
 4.01174512e+06  5.23166288e+01  4.01174512e+06  2.87979796e+01
 4.04265487e+06  5.18596703e+01  4.04265487e+06  2.79439315e+01
 4.07380278e+06  5.15038285e+01  4.07380278e+06  2.72023974e+01
 4.10519067e+06  5.13509345e+01  4.10519067e+06  2.65164918e+01
 4.13682040e+06  5.09137721e+01  4.13682040e+06  2.59220602e+01
 4.16869383e+06  5.05805630e+01  4.16869383e+06  2.53144966e+01
 4.20081285e+06  5.03559726e+01  4.20081285e+06  2.46834790e+01
 4.23317933e+06  4.99332800e+01  4.23317933e+06  2.42080515e+01
 4.26579519e+06  4.96184614e+01  4.26579519e+06  2.37037509e+01
 4.29866235e+06  4.93093814e+01  4.29866235e+06  2.32286361e+01
 4.33178274e+06  4.90059057e+01  4.33178274e+06  2.27803076e+01
 4.36515832e+06  4.85953850e+01  4.36515832e+06  2.22905135e+01
 4.39879106e+06  4.84140861e+01  4.39879106e+06  2.19576145e+01
 4.43268292e+06  4.81252702e+01  4.43268292e+06  2.15793422e+01
 4.46683592e+06  4.78414190e+01  4.46683592e+06  2.12212648e+01
 4.50125206e+06  4.76792397e+01  4.50125206e+06  2.08002262e+01
 4.53593337e+06  4.72860625e+01  4.53593337e+06  2.05606070e+01
 4.57088190e+06  4.71364058e+01  4.57088190e+06  2.01679942e+01
 4.60609969e+06  4.67475459e+01  4.60609969e+06  1.99655411e+01
 4.64158883e+06  4.66089266e+01  4.64158883e+06  1.95975242e+01
 4.67735141e+06  4.60945754e+01  4.67735141e+06  1.93522473e+01
 4.71338954e+06  4.57105935e+01  4.71338954e+06  1.88517878e+01
 4.74970533e+06  4.57136224e+01  4.74970533e+06  1.89423891e+01
 4.78630092e+06  4.55964807e+01  4.78630092e+06  1.86136130e+01
 4.82317848e+06  4.52166191e+01  4.82317848e+06  1.85019952e+01
 4.86034018e+06  4.48331018e+01  4.86034018e+06  1.82147033e+01
 4.89778819e+06  4.47314728e+01  4.89778819e+06  1.81020512e+01
 4.93552474e+06  4.44929793e+01  4.93552474e+06  1.79163495e+01
 4.97355204e+06  4.42571728e+01  4.97355204e+06  1.77390212e+01
 5.01187234e+06  4.38752619e+01  5.01187234e+06  1.74811723e+01
 5.05048788e+06  4.39409218e+01  5.05048788e+06  1.72837477e+01
 5.08940095e+06  4.35651758e+01  5.08940095e+06  1.72546258e+01
 5.12861384e+06  4.34909891e+01  5.12861384e+06  1.69765811e+01
 5.16812886e+06  4.29567339e+01  5.16812886e+06  1.68724642e+01
 5.20794833e+06  4.30504636e+01  5.20794833e+06  1.66956167e+01
 5.24807460e+06  4.25111076e+01  5.24807460e+06  1.66076787e+01
 5.28851004e+06  4.24566885e+01  5.28851004e+06  1.65851603e+01
 5.32925703e+06  4.20729359e+01  5.32925703e+06  1.63664538e+01
 5.37031796e+06  4.20274204e+01  5.37031796e+06  1.63586959e+01
 5.41169527e+06  4.19849701e+01  5.41169527e+06  1.60955098e+01
 5.45339137e+06  4.16056054e+01  5.45339137e+06  1.61531017e+01
 5.49540874e+06  4.12184512e+01  5.49540874e+06  1.59458069e+01
 5.53774984e+06  4.11905995e+01  5.53774984e+06  1.59661918e+01
 5.58041717e+06  4.09858485e+01  5.58041717e+06  1.58797044e+01
 5.62341325e+06  4.09644877e+01  5.62341325e+06  1.56192660e+01
 5.66674061e+06  4.05803682e+01  5.66674061e+06  1.57188742e+01
 5.71040179e+06  4.01866375e+01  5.71040179e+06  1.55211189e+01
 5.75439937e+06  4.01807297e+01  5.75439937e+06  1.55739553e+01
 5.79873595e+06  3.99831417e+01  5.79873595e+06  1.55069237e+01
 5.84341413e+06  3.95844436e+01  5.84341413e+06  1.53121403e+01
 5.88843655e+06  3.97914205e+01  5.88843655e+06  1.51775571e+01
 5.93380586e+06  3.96007052e+01  5.93380586e+06  1.51160994e+01
 5.97952473e+06  3.89934142e+01  5.97952473e+06  1.51336562e+01
 6.02559586e+06  3.90144285e+01  6.02559586e+06  1.52231664e+01
 6.07202196e+06  3.88247728e+01  6.07202196e+06  1.51754791e+01
 6.11880576e+06  3.86351917e+01  6.11880576e+06  1.51321325e+01
 6.16595002e+06  3.86655430e+01  6.16595002e+06  1.48532781e+01
 6.21345752e+06  3.82610723e+01  6.21345752e+06  1.50510121e+01
 6.26133105e+06  3.78425390e+01  6.26133105e+06  1.48555507e+01
 6.30957344e+06  3.78903955e+01  6.30957344e+06  1.49816816e+01
 6.35818754e+06  3.79381150e+01  6.35818754e+06  1.46906973e+01
 6.40717619e+06  3.75241421e+01  6.40717619e+06  1.49223996e+01
 6.45654229e+06  3.73421526e+01  6.45654229e+06  1.48962254e+01
 6.50628875e+06  3.71610916e+01  6.50628875e+06  1.48728623e+01
 6.55641849e+06  3.72267830e+01  6.55641849e+06  1.45663098e+01
 6.60693448e+06  3.65430571e+01  6.60693448e+06  1.46455492e+01
 6.65783968e+06  3.63603722e+01  6.65783968e+06  1.46248314e+01
 6.70913710e+06  3.64464632e+01  6.70913710e+06  1.48003013e+01
 6.76082975e+06  3.62695926e+01  6.76082975e+06  1.47878950e+01
 6.81292069e+06  3.60937085e+01  6.81292069e+06  1.47774554e+01
 6.86541298e+06  3.59188360e+01  6.86541298e+06  1.47683435e+01
 6.91830971e+06  3.54594505e+01  6.91830971e+06  1.45483740e+01
 6.97161400e+06  3.55704132e+01  6.97161400e+06  1.47574412e+01
 7.02532899e+06  3.56779995e+01  7.02532899e+06  1.44052754e+01
 7.07945784e+06  3.52249896e+01  7.07945784e+06  1.47539302e+01
 7.13400375e+06  3.50536566e+01  7.13400375e+06  1.47541192e+01
 7.18896992e+06  3.48823172e+01  7.18896992e+06  1.47574940e+01
 7.24435960e+06  3.47123834e+01  7.24435960e+06  1.47612763e+01
 7.30017605e+06  3.48445742e+01  7.30017605e+06  1.43768194e+01
 7.35642254e+06  3.46799298e+01  7.35642254e+06  1.43753104e+01
 7.41310241e+06  3.42047730e+01  7.41310241e+06  1.47853659e+01
 7.47021899e+06  3.40370425e+01  7.47021899e+06  1.47957724e+01
 7.52777564e+06  3.38691392e+01  7.52777564e+06  1.48098282e+01
 7.58577575e+06  3.37023273e+01  7.58577575e+06  1.48238277e+01
 7.64422274e+06  3.35357038e+01  7.64422274e+06  1.48408640e+01
 7.70312006e+06  3.37051739e+01  7.70312006e+06  1.44019145e+01
 7.76247117e+06  3.32047337e+01  7.76247117e+06  1.48773840e+01
 7.82227956e+06  3.26751354e+01  7.82227956e+06  1.45873179e+01
 7.88254877e+06  3.25054445e+01  7.88254877e+06  1.46020221e+01
 7.94328235e+06  3.30673515e+01  7.94328235e+06  1.44445621e+01
 8.00448386e+06  3.29089622e+01  8.00448386e+06  1.44597940e+01
 8.06615692e+06  3.27509272e+01  8.06615692e+06  1.44758347e+01
 8.12830516e+06  3.22219827e+01  8.12830516e+06  1.50254301e+01
 8.19093224e+06  3.16599889e+01  8.19093224e+06  1.46953484e+01
 8.25404185e+06  3.18981748e+01  8.25404185e+06  1.50852497e+01
 8.31763771e+06  3.17368145e+01  8.31763771e+06  1.51182474e+01
 8.38172356e+06  3.11568942e+01  8.38172356e+06  1.47660488e+01
 8.44630319e+06  3.14158724e+01  8.44630319e+06  1.51879475e+01
 8.51138038e+06  3.12558015e+01  8.51138038e+06  1.52235774e+01
 8.57695899e+06  3.06564267e+01  8.57695899e+06  1.48487370e+01
 8.64304286e+06  3.09356270e+01  8.64304286e+06  1.53036135e+01
 8.70963590e+06  3.07767571e+01  8.70963590e+06  1.53435275e+01
 8.77674203e+06  3.06167944e+01  8.77674203e+06  1.53873929e+01
 8.84436519e+06  3.04592534e+01  8.84436519e+06  1.54302077e+01
 8.91250938e+06  2.98255309e+01  8.91250938e+06  1.50067915e+01
 8.98117861e+06  3.01423531e+01  8.98117861e+06  1.55215273e+01
 9.05037692e+06  3.04415759e+01  9.05037692e+06  1.48474515e+01
 9.12010839e+06  2.98274822e+01  9.12010839e+06  1.56185853e+01
 9.19037713e+06  2.96714433e+01  9.19037713e+06  1.56691462e+01
 9.26118728e+06  2.95135469e+01  9.26118728e+06  1.57222014e+01
 9.33254301e+06  2.93580716e+01  9.33254301e+06  1.57737088e+01
 9.40444852e+06  2.92010415e+01  9.40444852e+06  1.58291369e+01
 9.47690805e+06  2.90447482e+01  9.47690805e+06  1.58840144e+01
 9.54992586e+06  2.83423850e+01  9.54992586e+06  1.53594680e+01
 9.62350626e+06  2.87330433e+01  9.62350626e+06  1.60021302e+01
 9.69765359e+06  2.80146629e+01  9.69765359e+06  1.54478023e+01
 9.77237221e+06  2.78493182e+01  9.77237221e+06  1.54936193e+01
 9.84766652e+06  2.82686172e+01  9.84766652e+06  1.61851657e+01
 9.92354096e+06  2.86570750e+01  9.92354096e+06  1.53149247e+01
 1.00000000e+07  2.85108293e+01  1.00000000e+07  1.53586304e+01
 1.00770481e+07  2.83636997e+01  1.00770481e+07  1.54081629e+01
 1.01546899e+07  2.70298583e+01  1.01546899e+07  1.57393567e+01
 1.02329299e+07  2.74957923e+01  1.02329299e+07  1.65197660e+01
 1.03117727e+07  2.61865432e+01  1.03117727e+07  1.33966910e+01
 1.03912230e+07  2.65377746e+01  1.03912230e+07  1.58981701e+01
 1.04712855e+07  2.70343672e+01  1.04712855e+07  1.67395940e+01
 1.05519648e+07  2.79174978e+01  1.05519648e+07  1.34850644e+01
 1.06332657e+07  2.73472495e+01  1.06332657e+07  1.57595588e+01
 1.07151931e+07  2.58814952e+01  1.07151931e+07  1.61228710e+01
 1.07977516e+07  2.64225594e+01  1.07977516e+07  1.70457171e+01
 1.08809463e+07  2.62697680e+01  1.08809463e+07  1.71255239e+01
 1.09647820e+07  2.61177256e+01  1.09647820e+07  1.72064096e+01
 1.10492636e+07  2.52259090e+01  1.10492636e+07  1.63601597e+01
 1.11343961e+07  2.64888263e+01  1.11343961e+07  1.60874728e+01
 1.12201845e+07  2.48966797e+01  1.12201845e+07  1.64836670e+01
 1.13066340e+07  2.62035050e+01  1.13066340e+07  1.62077639e+01
 1.13937495e+07  2.60613533e+01  1.13937495e+07  1.62680266e+01
 1.14815362e+07  2.52024550e+01  1.14815362e+07  1.77312107e+01
 1.15699993e+07  2.50495848e+01  1.15699993e+07  1.78261346e+01
 1.16591440e+07  2.48990689e+01  1.16591440e+07  1.79145500e+01
 1.17489755e+07  2.47463882e+01  1.17489755e+07  1.80141857e+01
 1.18394992e+07  2.45942804e+01  1.18394992e+07  1.81126724e+01
 1.19307204e+07  2.44435006e+01  1.19307204e+07  1.82058702e+01
 1.20226443e+07  2.50733539e+01  1.20226443e+07  1.67163078e+01
 1.21152766e+07  2.49339760e+01  1.21152766e+07  1.67815412e+01
 1.22086225e+07  2.39877422e+01  1.22086225e+07  1.85168724e+01
 1.23026877e+07  2.38372536e+01  1.23026877e+07  1.86187555e+01
 1.23974776e+07  2.36849707e+01  1.23974776e+07  1.87259593e+01
 1.24929979e+07  2.35328026e+01  1.24929979e+07  1.88370070e+01
 1.25892541e+07  2.33814301e+01  1.25892541e+07  1.89424646e+01
 1.26862520e+07  2.40958357e+01  1.26862520e+07  1.72053877e+01
 1.27839972e+07  2.30791892e+01  1.27839972e+07  1.91700677e+01
 1.28824955e+07  2.29267436e+01  1.28824955e+07  1.92849179e+01
 1.29817528e+07  2.27750335e+01  1.29817528e+07  1.94023160e+01
 1.30817747e+07  2.26235674e+01  1.30817747e+07  1.95235491e+01
 1.31825674e+07  2.24724292e+01  1.31825674e+07  1.96399756e+01
 1.32841366e+07  2.12306861e+01  1.32841366e+07  1.80578564e+01
 1.33864884e+07  2.21698413e+01  1.33864884e+07  1.98879152e+01
 1.34896288e+07  2.08906932e+01  1.34896288e+07  1.82228377e+01
 1.35935639e+07  2.18665205e+01  1.35935639e+07  2.01379230e+01
 1.36982998e+07  1.97807628e+01  1.36982998e+07  1.27028434e+01
 1.38038426e+07  2.15632065e+01  1.38038426e+07  2.03996617e+01
 1.39101987e+07  2.02082705e+01  1.39101987e+07  1.85571748e+01
 1.40173742e+07  2.23040420e+01  1.40173742e+07  1.82231873e+01
 1.41253754e+07  2.11090337e+01  1.41253754e+07  2.08014932e+01
 1.42342088e+07  2.09563749e+01  1.42342088e+07  2.09454669e+01
 1.43438808e+07  2.08042501e+01  1.43438808e+07  2.10866200e+01
 1.44543977e+07  2.06536643e+01  1.44543977e+07  2.12311681e+01
 1.45657662e+07  2.04999120e+01  1.45657662e+07  2.13745944e+01
 1.46779927e+07  2.03483906e+01  1.46779927e+07  2.15264420e+01
 1.47910839e+07  1.88175693e+01  1.47910839e+07  1.92519493e+01
 1.49050464e+07  1.86412216e+01  1.49050464e+07  1.93424301e+01
 1.50198870e+07  1.98924526e+01  1.50198870e+07  2.19830536e+01
 1.51356125e+07  1.97398589e+01  1.51356125e+07  2.21352662e+01
 1.52522296e+07  1.95868881e+01  1.52522296e+07  2.22930108e+01
 1.53697452e+07  1.94339810e+01  1.53697452e+07  2.24576514e+01
 1.54881662e+07  1.92824110e+01  1.54881662e+07  2.26214991e+01
 1.56074996e+07  1.91278088e+01  1.56074996e+07  2.27887277e+01
 1.57277525e+07  1.89751194e+01  1.57277525e+07  2.29592610e+01
 1.58489319e+07  1.88235707e+01  1.58489319e+07  2.31228997e+01
 1.59710450e+07  1.70289389e+01  1.59710450e+07  2.01834495e+01
 1.60940989e+07  1.85172683e+01  1.60940989e+07  2.34737978e+01
 1.62181010e+07  1.83631130e+01  1.62181010e+07  2.36584692e+01
 1.63430584e+07  1.82122647e+01  1.63430584e+07  2.38257010e+01
 1.64689787e+07  1.80544940e+01  1.64689787e+07  2.40291405e+01
 1.65958691e+07  1.79014715e+01  1.65958691e+07  2.42090262e+01
 1.67237372e+07  1.59254554e+01  1.67237372e+07  2.07588412e+01
 1.68525904e+07  1.90661871e+01  1.68525904e+07  2.04795451e+01
 1.69824365e+07  1.74382526e+01  1.69824365e+07  2.47911297e+01
 1.71132830e+07  1.72847830e+01  1.71132830e+07  2.49802822e+01
 1.72451377e+07  1.71289371e+01  1.72451377e+07  2.51831644e+01
 1.73780083e+07  1.69749475e+01  1.73780083e+07  2.53847154e+01
 1.75119026e+07  1.68191689e+01  1.75119026e+07  2.55952879e+01
 1.76468286e+07  1.66633269e+01  1.76468286e+07  2.58198422e+01
 1.77827941e+07  1.44047793e+01  1.77827941e+07  2.15513823e+01
 1.79198072e+07  1.63506360e+01  1.79198072e+07  2.62512176e+01
 1.80578760e+07  1.40155989e+01  1.80578760e+07  2.17487871e+01
 1.81970086e+07  1.77388895e+01  1.81970086e+07  2.15558387e+01
 1.83372132e+07  1.58873386e+01  1.83372132e+07  2.69140091e+01
 1.84784980e+07  1.57303346e+01  1.84784980e+07  2.71386424e+01
 1.86208714e+07  1.55737863e+01  1.86208714e+07  2.73684146e+01
 1.87643417e+07  1.54158465e+01  1.87643417e+07  2.76064123e+01
 1.89089175e+07  1.28213972e+01  1.89089175e+07  2.23572470e+01
 1.90546072e+07  1.51014169e+01  1.90546072e+07  2.81006532e+01
 1.92014194e+07  1.49435701e+01  1.92014194e+07  2.83538167e+01
 1.93493628e+07  1.22036425e+01  1.93493628e+07  2.26573236e+01
 1.94984460e+07  1.19920071e+01  1.94984460e+07  2.27627284e+01
 1.96486779e+07  1.64228561e+01  1.96486779e+07  2.27373700e+01
 1.98000673e+07  1.62929406e+01  1.98000673e+07  2.28505133e+01
 1.99526231e+07  1.41540986e+01  1.99526231e+07  2.96461847e+01
 2.01063544e+07  1.11489738e+01  2.01063544e+07  2.31520567e+01
 2.02612701e+07  1.01446219e+01  2.02612701e+07  4.93383840e+00
 2.04173794e+07  1.36729408e+01  2.04173794e+07  3.05085134e+01
 2.05746916e+07  1.56376100e+01  2.05746916e+07  2.34849071e+01
 2.07332157e+07  1.33552535e+01  2.07332157e+07  3.10972267e+01
 2.08929613e+07  1.31953600e+01  2.08929613e+07  3.13842128e+01
 2.10539377e+07  9.82417859e+00  2.10539377e+07  2.37349463e+01
 2.12161544e+07  1.51165729e+01  2.12161544e+07  2.39951360e+01
 2.13796209e+07  1.49859495e+01  2.13796209e+07  2.41286734e+01
 2.15443469e+07  1.48555068e+01  2.15443469e+07  2.42504960e+01
 2.17103421e+07  8.91325610e+00  2.17103421e+07  2.40937548e+01
 2.18776162e+07  1.22296811e+01  2.18776162e+07  3.32774225e+01
 2.20461792e+07  1.44654099e+01  2.20461792e+07  2.46708304e+01
 2.22160409e+07  1.19021400e+01  2.22160409e+07  3.39826763e+01
 2.23872114e+07  1.17373892e+01  2.23872114e+07  3.43336010e+01
 2.25597007e+07  1.15775971e+01  2.25597007e+07  3.46973292e+01
 2.27335190e+07  7.11401621e+00  2.27335190e+07  -1.28300630e+00
 2.29086765e+07  1.45485387e+01  2.29086765e+07  1.48153073e+01
 2.30851836e+07  1.10838123e+01  2.30851836e+07  3.57874916e+01
 2.32630507e+07  6.70263298e+00  2.32630507e+07  2.48381734e+01
 2.34422882e+07  1.07532317e+01  2.34422882e+07  3.65549951e+01
 2.36229066e+07  1.05926214e+01  2.36229066e+07  3.69671113e+01
 2.38049167e+07  5.90907267e+00  2.38049167e+07  -4.63889301e+00
 2.39883292e+07  1.02610458e+01  2.39883292e+07  3.77661091e+01
 2.41731548e+07  5.36857776e+00  2.41731548e+07  2.51578700e+01
 2.43594045e+07  5.08620251e+00  2.43594045e+07  2.52126782e+01
 2.45470892e+07  9.76392333e+00  2.45470892e+07  3.90331944e+01
 2.47362199e+07  1.25295544e+01  2.47362199e+07  2.67980172e+01
 2.49268079e+07  9.42944781e+00  2.49268079e+07  3.99459928e+01
 2.51188643e+07  9.26769855e+00  2.51188643e+07  4.03937465e+01
 2.53124005e+07  3.64020194e+00  2.53124005e+07  2.53802219e+01
 2.55074278e+07  8.92858061e+00  2.55074278e+07  4.13892374e+01
 2.57039578e+07  3.01161617e+00  2.57039578e+07  2.54198543e+01
 2.59020020e+07  1.17557890e+01  2.59020020e+07  2.77492990e+01
 2.61015722e+07  8.43067923e+00  2.61015722e+07  4.28399580e+01
 2.63026799e+07  2.06639731e+00  2.63026799e+07  2.53803579e+01
 2.65053372e+07  1.71563894e+00  2.65053372e+07  2.53896373e+01
 2.67095559e+07  7.92704853e+00  2.67095559e+07  4.43947836e+01
 2.69153480e+07  7.75369019e+00  2.69153480e+07  4.50051600e+01
 2.71227258e+07  7.58768420e+00  2.71227258e+07  4.55609797e+01
 2.73317014e+07  7.41762783e+00  2.73317014e+07  4.61288984e+01
 2.75422870e+07  7.24772544e+00  2.75422870e+07  4.67382954e+01
 2.77544952e+07  -4.51241818e-01  2.77544952e+07  2.49171604e+01
 2.79683385e+07  6.91529669e+00  2.79683385e+07  4.79081309e+01
 2.81838293e+07  6.74576781e+00  2.81838293e+07  4.85738882e+01
 2.84009805e+07  1.02217602e+01  2.84009805e+07  2.97418804e+01
 2.86198048e+07  6.41214372e+00  2.86198048e+07  4.98177246e+01
 2.88403150e+07  6.24430693e+00  2.88403150e+07  5.04577235e+01
 2.90625243e+07  9.83706795e+00  2.90625243e+07  3.02475712e+01
 2.92864456e+07  5.90209288e+00  2.92864456e+07  5.18093656e+01
 2.95120923e+07  5.73829032e+00  2.95120923e+07  5.25604937e+01
 2.97394775e+07  -4.43674906e+00  2.97394775e+07  2.25618221e+01
 2.99686146e+07  -4.94224362e+00  2.99686146e+07  2.20366752e+01
 3.01995172e+07  5.23896934e+00  3.01995172e+07  5.47230518e+01
 3.04321989e+07  9.06889082e+00  3.04321989e+07  3.13679285e+01
 3.06666733e+07  4.90994033e+00  3.06666733e+07  5.62058375e+01
 3.09029543e+07  4.74745562e+00  3.09029543e+07  5.70390783e+01
 3.11410558e+07  8.69009040e+00  3.11410558e+07  3.19339479e+01
 3.13809919e+07  8.56935771e+00  3.13809919e+07  3.21457065e+01
 3.16227766e+07  4.25608397e+00  3.16227766e+07  5.95797506e+01
 3.18664242e+07  4.09252684e+00  3.18664242e+07  6.03500542e+01
 3.21119491e+07  3.93052960e+00  3.21119491e+07  6.11271003e+01
 3.23593657e+07  3.78524215e+00  3.23593657e+07  6.20592752e+01
 3.26086886e+07  7.93485279e+00  3.26086886e+07  3.30688098e+01
 3.28599325e+07  3.45869839e+00  3.28599325e+07  6.39415188e+01
 3.31131121e+07  7.67366353e+00  3.31131121e+07  3.34904730e+01
 3.33682425e+07  3.16205492e+00  3.33682425e+07  6.59477016e+01
 3.36253386e+07  -1.65593146e+01  3.36253386e+07  -1.33075941e+01
 3.38844156e+07  2.85168945e+00  3.38844156e+07  6.77774434e+01
 3.41454887e+07  2.70954840e+00  3.41454887e+07  6.88156276e+01
 3.44085734e+07  -1.87812692e+01  3.44085734e+07  -4.30892503e+01
 3.46736850e+07  -1.89296379e+01  3.46736850e+07  -5.60364400e+01
 3.49408393e+07  6.78860026e+00  3.49408393e+07  3.49915221e+01
 3.52100520e+07  -1.80644926e+01  3.52100520e+07  -7.69494904e+01
 3.54813389e+07  1.99791340e+00  3.54813389e+07  7.41617506e+01
 3.57547160e+07  1.87333536e+00  3.57547160e+07  7.52722039e+01
 3.60301995e+07  -1.56895697e+01  3.60301995e+07  -9.79837328e+01
 3.63078055e+07  6.14921701e+00  3.63078055e+07  3.61555890e+01
 3.65875504e+07  6.02997210e+00  3.65875504e+07  3.63433212e+01
 3.68694506e+07  -1.33629873e+01  3.68694506e+07  -1.09243532e+02
 3.71535229e+07  -1.26305678e+01  3.71535229e+07  -1.12013966e+02
 3.74397839e+07  1.13366098e+00  3.74397839e+07  -2.77602420e+02
 3.77282505e+07  -1.14912373e+01  3.77282505e+07  -1.15318586e+02
 3.80189396e+07  8.83137356e-01  3.80189396e+07  -2.75332123e+02
 3.83118685e+07  7.88213614e-01  3.83118685e+07  -2.74050439e+02
 3.86070543e+07  6.90161678e-01  3.86070543e+07  -2.72808016e+02
 3.89045145e+07  5.01842331e+00  3.89045145e+07  -3.21723532e+02
 3.92042666e+07  4.89362437e+00  3.92042666e+07  -3.21533448e+02
 3.95063281e+07  4.13658640e-01  3.95063281e+07  -2.68947925e+02
 3.98107171e+07  3.22846077e-01  3.98107171e+07  -2.67741081e+02
 4.01174512e+07  -8.03772795e+00  4.01174512e+07  -1.22262174e+02
 4.04265487e+07  4.39053394e+00  4.04265487e+07  3.95398828e+01
 4.07380278e+07  9.75581556e-02  4.07380278e+07  9.62758932e+01
 4.10519067e+07  4.32194967e+00  4.10519067e+07  1.65051446e+01
 4.13682040e+07  -6.03741410e-02  4.13682040e+07  9.87802462e+01
 4.16869383e+07  -1.38256176e-01  4.16869383e+07  9.99681060e+01
 4.20081285e+07  -6.34220701e+00  4.20081285e+07  2.35950303e+02
 4.23317933e+07  -2.31812620e-01  4.23317933e+07  1.02673412e+02
 4.26579519e+07  -2.76582997e-01  4.26579519e+07  1.03903879e+02
 4.29866235e+07  3.38929272e+00  4.29866235e+07  4.17505105e+01
 4.33178274e+07  -3.37567331e-01  4.33178274e+07  1.06567543e+02
 4.36515832e+07  -5.30417341e+00  4.36515832e+07  2.35483672e+02
 4.39879106e+07  -5.12182532e+00  4.39879106e+07  2.35450826e+02
 4.43268292e+07  -4.62534698e-01  4.43268292e+07  1.10374450e+02
 4.46683592e+07  -4.78466758e+00  4.46683592e+07  2.35403547e+02
 4.50125206e+07  2.63607401e+00  4.50125206e+07  4.03491955e+02
 4.53593337e+07  -5.56885581e-01  4.53593337e+07  4.74008793e+02
 4.57088190e+07  2.39921233e+00  4.57088190e+07  4.04124499e+02
 4.60609969e+07  -5.48863365e-01  4.60609969e+07  4.76526310e+02
 4.64158883e+07  -4.04783413e+00  4.64158883e+07  5.95527249e+02
 4.67735141e+07  2.02403842e+00  4.67735141e+07  7.65022870e+02
 4.71338954e+07  -5.40336753e-01  4.71338954e+07  8.40190237e+02
 4.74970533e+07  -5.48060976e-01  4.74970533e+07  8.41252214e+02
 4.78630092e+07  -5.53914940e-01  4.78630092e+07  8.42398687e+02
 4.82317848e+07  -5.18487310e-01  4.82317848e+07  8.43574187e+02
 4.86034018e+07  1.40296062e+00  4.86034018e+07  7.66729334e+02
 4.89778819e+07  -5.17381069e-01  4.89778819e+07  8.45700619e+02
 4.93552474e+07  -5.08403479e-01  4.93552474e+07  8.46733750e+02
 4.97355204e+07  -4.70705383e-01  4.97355204e+07  8.47863578e+02
 5.01187234e+07  -4.44123344e-01  5.01187234e+07  8.48905686e+02
 5.05048788e+07  7.84181836e-01  5.05048788e+07  7.68481736e+02
 5.08940095e+07  -4.22463059e-01  5.08940095e+07  8.50920059e+02
 5.12861384e+07  -2.76117758e+00  5.12861384e+07  9.56833778e+02
 5.16812886e+07  -3.50727310e-01  5.16812886e+07  8.52889526e+02
 5.20794833e+07  -3.51597167e-01  5.20794833e+07  8.53853340e+02
 5.24807460e+07  -3.07054587e-01  5.24807460e+07  8.54832372e+02
 5.28851004e+07  -2.50798517e-01  5.28851004e+07  8.55768680e+02
 5.32925703e+07  -3.83239560e-02  5.32925703e+07  7.71083079e+02
 5.37031796e+07  -1.65498082e-01  5.37031796e+07  7.71534394e+02
 5.41169527e+07  -1.74981275e-01  5.41169527e+07  8.58408555e+02
 5.45339137e+07  -1.29256292e-01  5.45339137e+07  8.59263997e+02
 5.49540874e+07  -5.16406390e-01  5.49540874e+07  7.72753491e+02
 5.53774984e+07  -6.29327237e-02  5.53774984e+07  8.60980832e+02
 5.58041717e+07  -5.38444702e-02  5.58041717e+07  8.61737658e+02
 5.62341325e+07  -2.09658554e-02  5.62341325e+07  8.62550015e+02
 5.66674061e+07  6.06672038e-02  5.66674061e+07  8.63373545e+02
 5.71040179e+07  -2.02166824e+00  5.71040179e+07  9.58960657e+02
 5.75439937e+07  8.55624852e-02  5.75439937e+07  8.64871439e+02
 5.79873595e+07  1.65508238e-01  5.79873595e+07  8.65615853e+02
 5.84341413e+07  2.01235126e-01  5.84341413e+07  8.66330469e+02
 5.88843655e+07  -1.55459893e+00  5.88843655e+07  7.76565261e+02
 5.93380586e+07  3.02767062e-01  5.93380586e+07  8.67767024e+02
 5.97952473e+07  -1.77884280e+00  5.97952473e+07  7.77435847e+02
 6.02559586e+07  3.22387944e-01  6.02559586e+07  8.69144572e+02
 6.07202196e+07  -1.77178030e+00  6.07202196e+07  9.60354276e+02
 6.11880576e+07  4.37400747e-01  6.11880576e+07  8.70461754e+02
 6.16595002e+07  4.56778586e-01  6.16595002e+07  8.71094695e+02
 6.21345752e+07  -2.32214719e+00  6.21345752e+07  7.79748621e+02
 6.26133105e+07  -1.71608601e+00  6.26133105e+07  6.01037641e+02
 6.30957344e+07  5.89313004e-01  6.30957344e+07  5.12963168e+02
 6.35818754e+07  6.62407151e-01  6.35818754e+07  5.13559057e+02
 6.40717619e+07  6.95944471e-01  6.40717619e+07  5.14149999e+02
 6.45654229e+07  -2.87798837e+00  6.45654229e+07  4.22310753e+02
 6.50628875e+07  7.59592014e-01  6.50628875e+07  5.15313332e+02
 6.55641849e+07  8.02247943e-01  6.55641849e+07  5.15873163e+02
 6.60693448e+07  8.76529948e-01  6.60693448e+07  5.16406109e+02
 6.65783968e+07  8.71150118e-01  6.65783968e+07  5.16976262e+02
 6.70913710e+07  -3.37423816e+00  6.70913710e+07  4.24816727e+02
 6.76082975e+07  -3.47092962e+00  6.76082975e+07  4.25340665e+02
 6.81292069e+07  1.01396008e+00  6.81292069e+07  5.18526168e+02
 6.86541298e+07  -1.60660899e+00  6.86541298e+07  6.03379009e+02
 6.91830971e+07  1.15241591e+00  6.91830971e+07  5.19508938e+02
 6.97161400e+07  -3.87081880e+00  6.97161400e+07  4.27505383e+02
 7.02532899e+07  -1.59716534e+00  7.02532899e+07  6.04038783e+02
 7.07945784e+07  1.27754505e+00  7.07945784e+07  5.20963399e+02
 7.13400375e+07  -1.62332767e+00  7.13400375e+07  6.04267282e+02
 7.18896992e+07  1.29235511e+00  7.18896992e+07  5.21902045e+02
 7.24435960e+07  -4.30342176e+00  7.24435960e+07  4.30138620e+02
 7.30017605e+07  -4.41047972e+00  7.30017605e+07  4.30696458e+02
 7.35642254e+07  1.44148468e+00  7.35642254e+07  5.23249829e+02
 7.41310241e+07  1.46787941e+00  7.41310241e+07  5.23682352e+02
 7.47021899e+07  1.48882035e+00  7.47021899e+07  5.24129580e+02
 7.52777564e+07  1.53097695e+00  7.52777564e+07  5.24563119e+02
 7.58577575e+07  1.62017453e+00  7.58577575e+07  5.24963567e+02
 7.64422274e+07  -4.90819489e+00  7.64422274e+07  4.34142724e+02
 7.70312006e+07  1.63542470e+00  7.70312006e+07  5.25787168e+02
 7.76247117e+07  -1.69341941e+00  7.76247117e+07  6.06648400e+02
 7.82227956e+07  -1.73496577e+00  7.82227956e+07  6.06658429e+02
 7.88254877e+07  -1.72883920e+00  7.88254877e+07  6.06927339e+02
 7.94328235e+07  -1.77169253e+00  7.94328235e+07  6.06962995e+02
 8.00448386e+07  -5.39160014e+00  8.00448386e+07  4.37568397e+02
 8.06615692e+07  -1.77051192e+00  8.06615692e+07  6.07553802e+02
 8.12830516e+07  -5.54088079e+00  8.12830516e+07  4.38775960e+02
 8.19093224e+07  -9.72401546e+00  8.19093224e+07  3.95659455e+02
 8.25404185e+07  2.05274401e+00  8.25404185e+07  5.29139614e+02
 8.31763771e+07  -5.74090404e+00  8.31763771e+07  4.40477923e+02
 8.38172356e+07  2.07216186e+00  8.38172356e+07  5.29883544e+02
 8.44630319e+07  -1.88999171e+00  8.44630319e+07  6.08724621e+02
 8.51138038e+07  2.15267486e+00  8.51138038e+07  5.30545508e+02
 8.57695899e+07  2.10317791e+00  8.57695899e+07  5.30985523e+02
 8.64304286e+07  2.22458634e+00  8.64304286e+07  5.31203150e+02
 8.70963590e+07  -1.97744221e+00  8.70963590e+07  6.09420219e+02
 8.77674203e+07  -1.99523227e+00  8.77674203e+07  6.09677487e+02
 8.84436519e+07  -5.17218204e+00  8.84436519e+07  6.31578042e+02
 8.91250938e+07  2.35869426e+00  8.91250938e+07  5.32542566e+02
 8.98117861e+07  2.37986395e+00  8.98117861e+07  5.32851281e+02
 9.05037692e+07  -6.43313752e+00  9.05037692e+07  4.46927604e+02
 9.12010839e+07  2.40661411e+00  9.12010839e+07  5.33491354e+02
 9.19037713e+07  -2.14981349e+00  9.19037713e+07  6.10881050e+02
 9.26118728e+07  2.53666893e+00  9.26118728e+07  5.34077425e+02
 9.33254301e+07  2.55948802e+00  9.33254301e+07  5.34391234e+02
 9.40444852e+07  2.61742734e+00  9.40444852e+07  5.34628801e+02
 9.47690805e+07  -6.69985582e+00  9.47690805e+07  4.50187920e+02
 9.54992586e+07  -6.74930701e+00  9.54992586e+07  4.50881704e+02
 9.62350626e+07  -6.78499030e+00  9.62350626e+07  4.51253219e+02
 9.69765359e+07  2.68643545e+00  9.69765359e+07  5.35825024e+02
 9.77237221e+07  2.72595854e+00  9.77237221e+07  5.36133556e+02
 9.84766652e+07  2.77197034e+00  9.84766652e+07  5.36402754e+02
 9.92354096e+07  2.86086544e+00  9.92354096e+07  5.36583335e+02
 1.00000000e+08  2.81664274e+00  1.00000000e+08  5.36945647e+02
 1.00770481e+08  -2.51603312e+00  1.00770481e+08  6.12975575e+02
 1.01546899e+08  2.97679737e+00  1.01546899e+08  5.37372113e+02
 1.02329299e+08  -7.10558172e+00  1.02329299e+08  4.55499167e+02
 1.03117727e+08  3.01680916e+00  1.03117727e+08  5.37934979e+02
 1.03912230e+08  3.01530437e+00  1.03912230e+08  5.38190758e+02
 1.04712855e+08  -2.67121581e+00  1.04712855e+08  6.14002933e+02
 1.05519648e+08  3.09607635e+00  1.05519648e+08  5.38692817e+02
 1.06332657e+08  -7.24621061e+00  1.06332657e+08  4.57917704e+02
 1.07151931e+08  -7.26681351e+00  1.07151931e+08  4.58289521e+02
 1.07977516e+08  3.21443269e+00  1.07977516e+08  5.39390900e+02
 1.08809463e+08  3.22152454e+00  1.08809463e+08  5.39654913e+02
 1.09647820e+08  3.23771223e+00  1.09647820e+08  5.39896632e+02
 1.10492636e+08  -7.37236168e+00  1.10492636e+08  4.60132325e+02
 1.11343961e+08  3.28848131e+00  1.11343961e+08  5.40355716e+02
 1.12201845e+08  3.30754070e+00  1.12201845e+08  5.40595207e+02
 1.13066340e+08  3.44483743e+00  1.13066340e+08  5.40774375e+02
 1.13937495e+08  -7.47195581e+00  1.13937495e+08  4.61987228e+02
 1.14815362e+08  3.51542499e+00  1.14815362e+08  5.41195688e+02
 1.15699993e+08  3.43923925e+00  1.15699993e+08  5.41509921e+02
 1.16591440e+08  3.48135585e+00  1.16591440e+08  5.41734331e+02
 1.17489755e+08  -3.21681843e+00  1.17489755e+08  6.16317851e+02
 1.18394992e+08  -7.56181399e+00  1.18394992e+08  4.64033944e+02
 1.19307204e+08  3.67561105e+00  1.19307204e+08  5.42252526e+02
 1.20226443e+08  3.64438362e+00  1.20226443e+08  5.42430787e+02
 1.21152766e+08  3.69412894e+00  1.21152766e+08  5.42679053e+02
 1.22086225e+08  -3.37049734e+00  1.22086225e+08  6.17454072e+02
 1.23026877e+08  -7.62837086e+00  1.23026877e+08  4.65579396e+02
 1.23974776e+08  -7.68341373e+00  1.23974776e+08  4.66582753e+02
 1.24929979e+08  3.80056351e+00  1.24929979e+08  5.43382970e+02
 1.25892541e+08  3.76290525e+00  1.25892541e+08  5.43612953e+02
 1.26862520e+08  3.97191188e+00  1.26862520e+08  5.43769499e+02
 1.27839972e+08  3.94460855e+00  1.27839972e+08  5.43973294e+02
 1.28824955e+08  -3.65477489e+00  1.28824955e+08  6.18538275e+02
 1.29817528e+08  -7.73234477e+00  1.29817528e+08  4.68105053e+02
 1.30817747e+08  -3.72586673e+00  1.30817747e+08  6.18869229e+02
 1.31825674e+08  -7.76389598e+00  1.31825674e+08  4.68897552e+02
 1.32841366e+08  -3.81224085e+00  1.32841366e+08  6.19077743e+02
 1.33864884e+08  -7.78944894e+00  1.33864884e+08  4.69646987e+02
 1.34896288e+08  4.14350666e+00  1.34896288e+08  5.45162160e+02
 1.35935639e+08  4.14393473e+00  1.35935639e+08  5.45313630e+02
 1.36982998e+08  -7.80778994e+00  1.36982998e+08  4.70249122e+02
 1.38038426e+08  4.30226094e+00  1.38038426e+08  5.45660302e+02
 1.39101987e+08  4.20084918e+00  1.39101987e+08  5.45794754e+02
 1.40173742e+08  4.35513351e+00  1.40173742e+08  5.45922117e+02
 1.41253754e+08  4.38102548e+00  1.41253754e+08  5.46062026e+02
 1.42342088e+08  4.56028514e+00  1.42342088e+08  5.46172260e+02
 1.43438808e+08  -4.21866911e+00  1.43438808e+08  6.20283579e+02
 1.44543977e+08  4.46303955e+00  1.44543977e+08  5.46534569e+02
 1.45657662e+08  -7.88059161e+00  1.45657662e+08  4.72227653e+02
 1.46779927e+08  4.54964132e+00  1.46779927e+08  5.46793470e+02
 1.47910839e+08  -4.37143542e+00  1.47910839e+08  6.20992384e+02
 1.49050464e+08  -4.40361461e+00  1.49050464e+08  6.21334411e+02
 1.50198870e+08  -7.90907502e+00  1.50198870e+08  4.72975330e+02
 1.51356125e+08  4.61719181e+00  1.51356125e+08  5.47296625e+02
 1.52522296e+08  -4.53359476e+00  1.52522296e+08  6.21523685e+02
 1.53697452e+08  4.75988353e+00  1.53697452e+08  5.47479252e+02
 1.54881662e+08  -4.63552553e+00  1.54881662e+08  6.21393548e+02
 1.56074996e+08  -4.66525755e+00  1.56074996e+08  6.21787067e+02
 1.57277525e+08  -4.70373073e+00  1.57277525e+08  6.21833310e+02
 1.58489319e+08  5.12104538e+00  1.58489319e+08  5.47774754e+02
 1.59710450e+08  -7.95700636e+00  1.59710450e+08  4.73938071e+02
 1.60940989e+08  4.91660201e+00  1.60940989e+08  5.48135564e+02
 1.62181010e+08  -4.85711018e+00  1.62181010e+08  6.22657651e+02
 1.63430584e+08  -4.91350008e+00  1.63430584e+08  6.22457200e+02
 1.64689787e+08  5.06968321e+00  1.64689787e+08  5.48336975e+02
 1.65958691e+08  5.19868376e+00  1.65958691e+08  5.48350942e+02
 1.67237372e+08  -5.03289171e+00  1.67237372e+08  6.22886199e+02
 1.68525904e+08  -8.01774093e+00  1.68525904e+08  4.74826385e+02
 1.69824365e+08  5.17410975e+00  1.69824365e+08  5.48671864e+02
 1.71132830e+08  5.10097170e+00  1.71132830e+08  5.48823008e+02
 1.72451377e+08  -8.05074844e+00  1.72451377e+08  4.75325579e+02
 1.73780083e+08  5.19819940e+00  1.73780083e+08  5.48899032e+02
 1.75119026e+08  5.13294977e+00  1.75119026e+08  5.49029445e+02
 1.76468286e+08  -5.35529715e+00  1.76468286e+08  6.23093931e+02
 1.77827941e+08  5.02261995e+00  1.77827941e+08  5.49134519e+02
 1.79198072e+08  -1.55887253e+01  1.79198072e+08  4.70788941e+02
 1.80578760e+08  -5.48495496e+00  1.80578760e+08  6.23362410e+02
 1.81970086e+08  -8.10209058e+00  1.81970086e+08  4.75188856e+02
 1.83372132e+08  -5.57451396e+00  1.83372132e+08  6.23466989e+02
 1.84784980e+08  -8.13331976e+00  1.84784980e+08  4.75819498e+02
 1.86208714e+08  5.44520257e+00  1.86208714e+08  5.49372915e+02
 1.87643417e+08  -5.70049533e+00  1.87643417e+08  6.23837793e+02
 1.89089175e+08  5.38052821e+00  1.89089175e+08  5.49460119e+02
 1.90546072e+08  5.59986749e+00  1.90546072e+08  5.49456095e+02
 1.92014194e+08  5.83923371e+00  1.92014194e+08  5.49443014e+02
 1.93493628e+08  5.54915488e+00  1.93493628e+08  5.49590334e+02
 1.94984460e+08  -8.21619350e+00  1.94984460e+08  4.75915479e+02
 1.96486779e+08  -5.96801771e+00  1.96486779e+08  6.24304778e+02
 1.98000673e+08  -8.25464530e+00  1.98000673e+08  4.76172050e+02
 1.99526231e+08  -8.25977532e+00  1.99526231e+08  4.75733998e+02
 2.01063544e+08  -6.10910205e+00  2.01063544e+08  6.24402751e+02
 2.02612701e+08  6.03816789e+00  2.02612701e+08  5.49574715e+02
 2.04173794e+08  6.03924800e+00  2.04173794e+08  5.49639483e+02
 2.05746916e+08  6.05715000e+00  2.05746916e+08  5.49589110e+02
 2.07332157e+08  6.05063323e+00  2.07332157e+08  5.49650976e+02
 2.08929613e+08  6.07749920e+00  2.08929613e+08  5.49540067e+02
 2.10539377e+08  -8.36752471e+00  2.10539377e+08  4.75631443e+02
 2.12161544e+08  6.10782003e+00  2.12161544e+08  5.49532507e+02
 2.13796209e+08  6.12584925e+00  2.13796209e+08  5.49577879e+02
 2.15443469e+08  -6.53824254e+00  2.15443469e+08  6.24577417e+02
 2.17103421e+08  6.17807699e+00  2.17103421e+08  5.49552068e+02
 2.18776162e+08  6.21155874e+00  2.18776162e+08  5.49533343e+02
 2.20461792e+08  -6.68000511e+00  2.20461792e+08  6.24902871e+02
 2.22160409e+08  6.29081679e+00  2.22160409e+08  5.49486344e+02
 2.23872114e+08  -6.78298412e+00  2.23872114e+08  6.24823877e+02
 2.25597007e+08  6.03323420e+00  2.25597007e+08  5.49476912e+02
 2.27335190e+08  6.43593993e+00  2.27335190e+08  5.49353389e+02
 2.29086765e+08  6.12499322e+00  2.29086765e+08  5.49364496e+02
 2.30851836e+08  6.57087893e+00  2.30851836e+08  5.49317622e+02
 2.32630507e+08  6.23296608e+00  2.32630507e+08  5.49346802e+02
 2.34422882e+08  6.31208439e+00  2.34422882e+08  5.49340418e+02
 2.36229066e+08  6.38535265e+00  2.36229066e+08  5.49242358e+02
 2.38049167e+08  6.06407262e+00  2.38049167e+08  5.49304209e+02
 2.39883292e+08  6.54640952e+00  2.39883292e+08  5.49133700e+02
 2.41731548e+08  -8.72973767e+00  2.41731548e+08  4.73783349e+02
 2.43594045e+08  6.30991008e+00  2.43594045e+08  5.49139579e+02
 2.45470892e+08  6.41254882e+00  2.45470892e+08  5.49008620e+02
 2.47362199e+08  6.51325079e+00  2.47362199e+08  5.48944668e+02
 2.49268079e+08  6.61549185e+00  2.49268079e+08  5.48891319e+02
 2.51188643e+08  6.73478232e+00  2.51188643e+08  5.48877183e+02
 2.53124005e+08  -7.60360236e+00  2.53124005e+08  6.25281991e+02
 2.55074278e+08  6.50881615e+00  2.55074278e+08  5.48745090e+02
 2.57039578e+08  -8.95690203e+00  2.57039578e+08  4.73665821e+02
 2.59020020e+08  -8.97611128e+00  2.59020020e+08  4.73394687e+02
 2.61015722e+08  6.45031700e+00  2.61015722e+08  5.48604440e+02
 2.63026799e+08  6.57922589e+00  2.63026799e+08  5.48496854e+02
 2.65053372e+08  6.73292873e+00  2.65053372e+08  5.48458563e+02
 2.67095559e+08  -9.08287694e+00  2.67095559e+08  4.71972397e+02
 2.69153480e+08  -8.06441971e+00  2.69153480e+08  6.24680996e+02
 2.71227258e+08  7.24404251e+00  2.71227258e+08  5.48133977e+02
 2.73317014e+08  6.36709275e+00  2.73317014e+08  5.48228225e+02
 2.75422870e+08  6.52993653e+00  2.75422870e+08  5.48097048e+02
 2.77544952e+08  6.73115626e+00  2.77544952e+08  5.47966451e+02
 2.79683385e+08  6.91066968e+00  2.79683385e+08  5.47888197e+02
 2.81838293e+08  7.10956137e+00  2.81838293e+08  5.47752146e+02
 2.84009805e+08  7.33088217e+00  2.84009805e+08  5.47718964e+02
 2.86198048e+08  -8.53470656e+00  2.86198048e+08  6.24403296e+02
 2.88403150e+08  -8.59079922e+00  2.88403150e+08  6.24516526e+02
 2.90625243e+08  -8.65844055e+00  2.90625243e+08  6.24061382e+02
 2.92864456e+08  7.06256881e+00  2.92864456e+08  5.47443828e+02
 2.95120923e+08  6.72015150e+00  2.95120923e+08  5.47419779e+02
 2.97394775e+08  -9.57660074e+00  2.97394775e+08  4.70561115e+02
 2.99686146e+08  7.21588060e+00  2.99686146e+08  5.47161389e+02
 3.01995172e+08  6.84779741e+00  3.01995172e+08  5.47131157e+02
 3.04321989e+08  -9.69016156e+00  3.04321989e+08  4.69855829e+02
 3.06666733e+08  -9.09648074e+00  3.06666733e+08  6.23908430e+02
 3.09029543e+08  7.03144715e+00  3.09029543e+08  5.46856353e+02
 3.11410558e+08  6.63811947e+00  3.11410558e+08  5.46865245e+02
 3.13809919e+08  -1.48900369e+01  3.13809919e+08  6.24067777e+02
 3.16227766e+08  8.02718090e+00  3.16227766e+08  5.46416555e+02
 3.18664242e+08  -9.94456165e+00  3.18664242e+08  4.69652937e+02
 3.21119491e+08  7.25902235e+00  3.21119491e+08  5.46432904e+02
 3.23593657e+08  6.84888611e+00  3.23593657e+08  5.46378330e+02
 3.26086886e+08  -1.00740736e+01  3.26086886e+08  4.69471169e+02
 3.28599325e+08  7.58488015e+00  3.28599325e+08  5.46146356e+02
 3.31131121e+08  -1.01642241e+01  3.31131121e+08  4.69079587e+02
 3.33682425e+08  7.59935069e+00  3.33682425e+08  5.45932499e+02
 3.36253386e+08  -1.02456246e+01  3.36253386e+08  4.68013320e+02
 3.38844156e+08  6.79867903e+00  3.38844156e+08  5.45885608e+02
 3.41454887e+08  7.21894816e+00  3.41454887e+08  5.45719018e+02
 3.44085734e+08  -1.03903141e+01  3.44085734e+08  4.68533477e+02
 3.46736850e+08  -1.58923038e+01  3.46736850e+08  6.22530444e+02
 3.49408393e+08  6.86525280e+00  3.49408393e+08  5.45528665e+02
 3.52100520e+08  7.33362857e+00  3.52100520e+08  5.45324219e+02
 3.54813389e+08  -1.03350822e+01  3.54813389e+08  6.24021896e+02
 3.57547160e+08  7.38162166e+00  3.57547160e+08  5.45216469e+02
 3.60301995e+08  7.93733172e+00  3.60301995e+08  5.45147356e+02
 3.63078055e+08  -1.07172001e+01  3.63078055e+08  4.66635339e+02
 3.65875504e+08  8.06856080e+00  3.65875504e+08  5.44921955e+02
 3.68694506e+08  7.64977736e+00  3.68694506e+08  5.44852741e+02
 3.71535229e+08  7.24040966e+00  3.71535229e+08  5.44890231e+02
 3.74397839e+08  7.84565786e+00  3.74397839e+08  5.44741663e+02
 3.77282505e+08  -1.09147644e+01  3.77282505e+08  6.23075763e+02
 3.80189396e+08  8.04063499e+00  3.80189396e+08  5.44466914e+02
 3.83118685e+08  -1.10622626e+01  3.83118685e+08  6.22365692e+02
 3.86070543e+08  -1.11165145e+01  3.86070543e+08  4.65496824e+02
 3.89045145e+08  7.86053612e+00  3.89045145e+08  5.44396922e+02
 3.92042666e+08  -1.12711505e+01  3.92042666e+08  6.22801562e+02
 3.95063281e+08  7.02452443e+00  3.95063281e+08  5.44233780e+02
 3.98107171e+08  6.60889277e+00  3.98107171e+08  5.44261770e+02
 4.01174512e+08  -1.14798263e+01  4.01174512e+08  6.22606993e+02
 4.04265487e+08  -1.15479632e+01  4.04265487e+08  6.23912035e+02
 4.07380278e+08  8.90272038e+00  4.07380278e+08  5.43729346e+02
 4.10519067e+08  7.19973252e+00  4.10519067e+08  5.43779542e+02
 4.13682040e+08  6.77439602e+00  4.13682040e+08  5.43822897e+02
 4.16869383e+08  7.55454591e+00  4.16869383e+08  5.43641441e+02
 4.20081285e+08  7.12764307e+00  4.20081285e+08  5.43605075e+02
 4.23317933e+08  -1.17625725e+01  4.23317933e+08  4.63764096e+02
 4.26579519e+08  7.50474058e+00  4.26579519e+08  5.43533797e+02
 4.29866235e+08  7.13274316e+00  4.29866235e+08  5.43275997e+02
 4.33178274e+08  -1.19323447e+01  4.33178274e+08  4.63298897e+02
 4.36515832e+08  7.59863726e+00  4.36515832e+08  5.43173526e+02
 4.39879106e+08  -1.20457138e+01  4.39879106e+08  4.62626427e+02
 4.43268292e+08  -1.20895414e+01  4.43268292e+08  4.62789470e+02
 4.46683592e+08  7.69227892e+00  4.46683592e+08  5.43008790e+02
 4.50125206e+08  7.25946283e+00  4.50125206e+08  5.42902072e+02
 4.53593337e+08  -1.26552854e+01  4.53593337e+08  6.23509598e+02
 4.57088190e+08  -1.27257061e+01  4.57088190e+08  6.23242171e+02
 4.60609969e+08  9.07734903e+00  4.60609969e+08  5.42693168e+02
 4.64158883e+08  7.02153969e+00  4.64158883e+08  5.42720172e+02
 4.67735141e+08  8.13369290e+00  4.67735141e+08  5.42488189e+02
 4.71338954e+08  6.16886249e+00  4.71338954e+08  5.42693694e+02
 4.74970533e+08  -1.26086456e+01  4.74970533e+08  4.61001093e+02
 4.78630092e+08  6.81049334e+00  4.78630092e+08  5.42422188e+02
 4.82317848e+08  8.00296968e+00  4.82317848e+08  5.42411669e+02
 4.86034018e+08  -1.28004267e+01  4.86034018e+08  4.62420328e+02
 4.89778819e+08  5.60311113e+00  4.89778819e+08  5.42416754e+02
 4.93552474e+08  6.69985871e+00  4.93552474e+08  5.42208808e+02
 4.97355204e+08  6.28276108e+00  4.97355204e+08  5.42277684e+02
 5.01187234e+08  9.58002459e+00  5.01187234e+08  5.41890907e+02
 5.05048788e+08  7.09104583e+00  5.05048788e+08  5.42167992e+02
 5.08940095e+08  6.66664108e+00  5.08940095e+08  5.42144468e+02
 5.12861384e+08  -1.31908947e+01  5.12861384e+08  4.60107420e+02
 5.16812886e+08  -1.32623672e+01  5.16812886e+08  4.60248702e+02
 5.20794833e+08  5.44465130e+00  5.20794833e+08  5.42075460e+02
 5.24807460e+08  6.77223673e+00  5.24807460e+08  5.41646150e+02
 5.28851004e+08  8.30346926e+00  5.28851004e+08  5.41473349e+02
 5.32925703e+08  -1.34904726e+01  5.32925703e+08  4.59551648e+02
 5.37031796e+08  -1.43193693e+01  5.37031796e+08  6.22723994e+02
 5.41169527e+08  6.96136113e+00  5.41169527e+08  5.41605845e+02
 5.45339137e+08  6.57873829e+00  5.45339137e+08  5.41401965e+02
 5.49540874e+08  6.10165281e+00  5.49540874e+08  5.41594917e+02
 5.53774984e+08  -1.46172145e+01  5.53774984e+08  6.22931170e+02
 5.58041717e+08  -1.38655552e+01  5.58041717e+08  4.59142119e+02
 5.62341325e+08  6.85428863e+00  5.62341325e+08  5.41667291e+02
 5.66674061e+08  -1.48664560e+01  5.66674061e+08  6.22196894e+02
 5.71040179e+08  6.03280228e+00  5.71040179e+08  5.41555835e+02
 5.75439937e+08  -1.49820170e+01  5.75439937e+08  6.24270807e+02
 5.79873595e+08  -1.41618305e+01  5.79873595e+08  4.58479645e+02
 5.84341413e+08  9.65187992e+00  5.84341413e+08  5.40900664e+02
 5.88843655e+08  6.52112508e+00  5.88843655e+08  5.41199848e+02
 5.93380586e+08  6.12148475e+00  5.93380586e+08  5.40991095e+02
 5.97952473e+08  -1.44055868e+01  5.97952473e+08  4.57645538e+02
 6.02559586e+08  1.59649712e+01  6.02559586e+08  5.39544501e+02
 6.07202196e+08  -1.55340496e+01  6.07202196e+08  6.22794935e+02
 6.11880576e+08  -1.56327485e+01  6.11880576e+08  6.22660812e+02
 6.16595002e+08  -1.46579686e+01  6.16595002e+08  4.57993248e+02
 6.21345752e+08  -2.22899731e+01  6.21345752e+08  6.21827515e+02
 6.26133105e+08  8.20801343e+00  6.26133105e+08  5.40543323e+02
 6.30957344e+08  7.70352369e+00  6.30957344e+08  5.40604924e+02
 6.35818754e+08  4.80236141e+00  6.35818754e+08  5.40890832e+02
 6.40717619e+08  -1.49748565e+01  6.40717619e+08  4.57202675e+02
 6.45654229e+08  -1.50384757e+01  6.45654229e+08  4.57300145e+02
 6.50628875e+08  3.71313759e+00  6.50628875e+08  5.40959936e+02
 6.55641849e+08  8.58908923e+00  6.55641849e+08  5.40304914e+02
 6.60693448e+08  8.09160855e+00  6.60693448e+08  5.40645609e+02
 6.65783968e+08  -1.52896769e+01  6.65783968e+08  4.54950889e+02
 6.70913710e+08  7.14149101e+00  6.70913710e+08  5.40712825e+02
 6.76082975e+08  6.70939102e+00  6.76082975e+08  5.40800421e+02
 6.81292069e+08  6.35363440e+00  6.81292069e+08  5.40615354e+02
 6.86541298e+08  -1.55324440e+01  6.86541298e+08  4.55256209e+02
 6.91830971e+08  -1.56043600e+01  6.91830971e+08  4.56738969e+02
 6.97161400e+08  8.38065559e+00  6.97161400e+08  5.40098024e+02
 7.02532899e+08  7.89193216e+00  7.02532899e+08  5.40486690e+02
 7.07945784e+08  -1.57893649e+01  7.07945784e+08  4.56974858e+02
 7.13400375e+08  6.98897853e+00  7.13400375e+08  5.40506053e+02
 7.18896992e+08  -1.59153239e+01  7.18896992e+08  4.55728639e+02
 7.24435960e+08  -1.73048416e+01  7.24435960e+08  6.22991210e+02
 7.30017605e+08  9.67146322e+00  7.30017605e+08  5.39868359e+02
 7.35642254e+08  5.37092718e+00  7.35642254e+08  5.39886728e+02
 7.41310241e+08  -1.75123109e+01  7.41310241e+08  6.25948313e+02
 7.47021899e+08  4.62228216e+00  7.47021899e+08  5.39904982e+02
 7.52777564e+08  -1.76601194e+01  7.52777564e+08  6.25741781e+02
 7.58577575e+08  -1.63555779e+01  7.58577575e+08  4.54721946e+02
 7.64422274e+08  6.82615955e+00  7.64422274e+08  5.39573534e+02
 7.70312006e+08  -1.78898622e+01  7.70312006e+08  6.25269413e+02
 7.76247117e+08  1.08034782e+01  7.76247117e+08  5.40079632e+02
 7.82227956e+08  5.58876555e+00  7.82227956e+08  5.40019792e+02
 7.88254877e+08  -1.66713961e+01  7.88254877e+08  4.53383506e+02
 7.94328235e+08  4.85198828e+00  7.94328235e+08  5.39884495e+02
 8.00448386e+08  8.63426452e+00  8.00448386e+08  5.39127684e+02
 8.06615692e+08  -1.68712596e+01  8.06615692e+08  4.55277387e+02
 8.12830516e+08  -1.69260742e+01  8.12830516e+08  4.55323515e+02
 8.19093224e+08  7.21739457e+00  8.19093224e+08  5.39772595e+02
 8.25404185e+08  3.09120727e+00  8.25404185e+08  5.40055410e+02
 8.31763771e+08  1.26189497e+01  8.31763771e+08  5.38164735e+02
 8.38172356e+08  -1.87214302e+01  8.38172356e+08  6.23773691e+02
 8.44630319e+08  1.12641419e+01  8.44630319e+08  5.39182098e+02
 8.51138038e+08  1.06540354e+01  8.51138038e+08  5.39266128e+02
 8.57695899e+08  4.79177024e+00  8.57695899e+08  5.40319841e+02
 8.64304286e+08  -1.74441381e+01  8.64304286e+08  4.54101221e+02
 8.70963590e+08  -1.75089277e+01  8.70963590e+08  4.54166477e+02
 8.77674203e+08  8.51336984e+00  8.77674203e+08  5.38927576e+02
 8.84436519e+08  -1.92483566e+01  8.84436519e+08  6.27082788e+02
 8.91250938e+08  -1.76879759e+01  8.91250938e+08  4.52609705e+02
 8.98117861e+08  7.09715187e+00  8.98117861e+08  5.40239967e+02
 9.05037692e+08  -1.94613981e+01  9.05037692e+08  6.26812028e+02
 9.12010839e+08  -1.78992716e+01  9.12010839e+08  4.54561967e+02
 9.19037713e+08  1.36419059e+01  9.19037713e+08  5.37390530e+02
 9.26118728e+08  5.43288038e+00  9.26118728e+08  5.39340904e+02
 9.33254301e+08  -1.97578226e+01  9.33254301e+08  6.26408589e+02
 9.40444852e+08  4.69911593e+00  9.40444852e+08  5.39753137e+02
 9.47690805e+08  1.09044383e+01  9.47690805e+08  5.40250477e+02
 9.54992586e+08  3.84630072e-01  9.54992586e+08  5.39767389e+02
 9.62350626e+08  9.70020315e+00  9.62350626e+08  5.38509132e+02
 9.69765359e+08  9.21711963e+00  9.69765359e+08  5.39402581e+02
 9.77237221e+08  8.68020678e+00  9.77237221e+08  5.38445820e+02
 9.84766652e+08  -1.85251848e+01  9.84766652e+08  4.53132027e+02
 9.92354096e+08  7.71871153e+00  9.92354096e+08  5.38594429e+02
 1.00000000e+09  -1.86335044e+01  1.00000000e+09  4.51280465e+02
