 1.00000000e+00  4.65219097e+01  1.00000000e+00  1.79999998e+02
 1.00770481e+00  4.65219097e+01  1.00770481e+00  1.79999998e+02
 1.01546899e+00  4.65219097e+01  1.01546899e+00  1.79999998e+02
 1.02329299e+00  4.65219097e+01  1.02329299e+00  1.79999998e+02
 1.03117727e+00  4.65219097e+01  1.03117727e+00  1.79999998e+02
 1.03912230e+00  4.65219097e+01  1.03912230e+00  1.79999998e+02
 1.04712855e+00  4.65219097e+01  1.04712855e+00  1.79999998e+02
 1.05519648e+00  4.65219097e+01  1.05519648e+00  1.79999998e+02
 1.06332657e+00  4.65219097e+01  1.06332657e+00  1.79999998e+02
 1.07151931e+00  4.65219097e+01  1.07151931e+00  1.79999998e+02
 1.07977516e+00  4.65219097e+01  1.07977516e+00  1.79999998e+02
 1.08809463e+00  4.65219097e+01  1.08809463e+00  1.79999998e+02
 1.09647820e+00  4.65219097e+01  1.09647820e+00  1.79999998e+02
 1.10492636e+00  4.65219097e+01  1.10492636e+00  1.79999998e+02
 1.11343961e+00  4.65219097e+01  1.11343961e+00  1.79999998e+02
 1.12201845e+00  4.65219097e+01  1.12201845e+00  1.79999998e+02
 1.13066340e+00  4.65219097e+01  1.13066340e+00  1.79999998e+02
 1.13937495e+00  4.65219097e+01  1.13937495e+00  1.79999998e+02
 1.14815362e+00  4.65219097e+01  1.14815362e+00  1.79999998e+02
 1.15699993e+00  4.65219097e+01  1.15699993e+00  1.79999998e+02
 1.16591440e+00  4.65219097e+01  1.16591440e+00  1.79999998e+02
 1.17489755e+00  4.65219097e+01  1.17489755e+00  1.79999998e+02
 1.18394992e+00  4.65219097e+01  1.18394992e+00  1.79999998e+02
 1.19307204e+00  4.65219097e+01  1.19307204e+00  1.79999998e+02
 1.20226443e+00  4.65219097e+01  1.20226443e+00  1.79999998e+02
 1.21152766e+00  4.65219097e+01  1.21152766e+00  1.79999998e+02
 1.22086225e+00  4.65219097e+01  1.22086225e+00  1.79999998e+02
 1.23026877e+00  4.65219097e+01  1.23026877e+00  1.79999998e+02
 1.23974776e+00  4.65219097e+01  1.23974776e+00  1.79999998e+02
 1.24929979e+00  4.65219097e+01  1.24929979e+00  1.79999998e+02
 1.25892541e+00  4.65219097e+01  1.25892541e+00  1.79999998e+02
 1.26862520e+00  4.65219097e+01  1.26862520e+00  1.79999998e+02
 1.27839972e+00  4.65219097e+01  1.27839972e+00  1.79999998e+02
 1.28824955e+00  4.65219097e+01  1.28824955e+00  1.79999998e+02
 1.29817528e+00  4.65219097e+01  1.29817528e+00  1.79999998e+02
 1.30817747e+00  4.65219097e+01  1.30817747e+00  1.79999998e+02
 1.31825674e+00  4.65219097e+01  1.31825674e+00  1.79999998e+02
 1.32841366e+00  4.65219097e+01  1.32841366e+00  1.79999998e+02
 1.33864884e+00  4.65219097e+01  1.33864884e+00  1.79999998e+02
 1.34896288e+00  4.65219097e+01  1.34896288e+00  1.79999998e+02
 1.35935639e+00  4.65219097e+01  1.35935639e+00  1.79999998e+02
 1.36982998e+00  4.65219097e+01  1.36982998e+00  1.79999998e+02
 1.38038426e+00  4.65219097e+01  1.38038426e+00  1.79999998e+02
 1.39101987e+00  4.65219097e+01  1.39101987e+00  1.79999998e+02
 1.40173742e+00  4.65219097e+01  1.40173742e+00  1.79999998e+02
 1.41253754e+00  4.65219097e+01  1.41253754e+00  1.79999998e+02
 1.42342088e+00  4.65219097e+01  1.42342088e+00  1.79999998e+02
 1.43438808e+00  4.65219097e+01  1.43438808e+00  1.79999998e+02
 1.44543977e+00  4.65219097e+01  1.44543977e+00  1.79999998e+02
 1.45657662e+00  4.65219097e+01  1.45657662e+00  1.79999998e+02
 1.46779927e+00  4.65219097e+01  1.46779927e+00  1.79999998e+02
 1.47910839e+00  4.65219097e+01  1.47910839e+00  1.79999998e+02
 1.49050464e+00  4.65219097e+01  1.49050464e+00  1.79999997e+02
 1.50198870e+00  4.65219097e+01  1.50198870e+00  1.79999997e+02
 1.51356125e+00  4.65219097e+01  1.51356125e+00  1.79999997e+02
 1.52522296e+00  4.65219097e+01  1.52522296e+00  1.79999997e+02
 1.53697452e+00  4.65219097e+01  1.53697452e+00  1.79999997e+02
 1.54881662e+00  4.65219097e+01  1.54881662e+00  1.79999997e+02
 1.56074996e+00  4.65219097e+01  1.56074996e+00  1.79999997e+02
 1.57277525e+00  4.65219097e+01  1.57277525e+00  1.79999997e+02
 1.58489319e+00  4.65219097e+01  1.58489319e+00  1.79999997e+02
 1.59710450e+00  4.65219097e+01  1.59710450e+00  1.79999997e+02
 1.60940989e+00  4.65219097e+01  1.60940989e+00  1.79999997e+02
 1.62181010e+00  4.65219097e+01  1.62181010e+00  1.79999997e+02
 1.63430584e+00  4.65219097e+01  1.63430584e+00  1.79999997e+02
 1.64689787e+00  4.65219097e+01  1.64689787e+00  1.79999997e+02
 1.65958691e+00  4.65219097e+01  1.65958691e+00  1.79999997e+02
 1.67237372e+00  4.65219097e+01  1.67237372e+00  1.79999997e+02
 1.68525904e+00  4.65219097e+01  1.68525904e+00  1.79999997e+02
 1.69824365e+00  4.65219097e+01  1.69824365e+00  1.79999997e+02
 1.71132830e+00  4.65219097e+01  1.71132830e+00  1.79999997e+02
 1.72451377e+00  4.65219097e+01  1.72451377e+00  1.79999997e+02
 1.73780083e+00  4.65219097e+01  1.73780083e+00  1.79999997e+02
 1.75119026e+00  4.65219097e+01  1.75119026e+00  1.79999997e+02
 1.76468286e+00  4.65219097e+01  1.76468286e+00  1.79999997e+02
 1.77827941e+00  4.65219097e+01  1.77827941e+00  1.79999997e+02
 1.79198072e+00  4.65219097e+01  1.79198072e+00  1.79999997e+02
 1.80578760e+00  4.65219097e+01  1.80578760e+00  1.79999997e+02
 1.81970086e+00  4.65219097e+01  1.81970086e+00  1.79999997e+02
 1.83372132e+00  4.65219097e+01  1.83372132e+00  1.79999997e+02
 1.84784980e+00  4.65219097e+01  1.84784980e+00  1.79999997e+02
 1.86208714e+00  4.65219097e+01  1.86208714e+00  1.79999997e+02
 1.87643417e+00  4.65219097e+01  1.87643417e+00  1.79999997e+02
 1.89089175e+00  4.65219097e+01  1.89089175e+00  1.79999997e+02
 1.90546072e+00  4.65219097e+01  1.90546072e+00  1.79999997e+02
 1.92014194e+00  4.65219097e+01  1.92014194e+00  1.79999997e+02
 1.93493628e+00  4.65219097e+01  1.93493628e+00  1.79999997e+02
 1.94984460e+00  4.65219097e+01  1.94984460e+00  1.79999997e+02
 1.96486779e+00  4.65219097e+01  1.96486779e+00  1.79999997e+02
 1.98000673e+00  4.65219097e+01  1.98000673e+00  1.79999997e+02
 1.99526231e+00  4.65219097e+01  1.99526231e+00  1.79999997e+02
 2.01063544e+00  4.65219097e+01  2.01063544e+00  1.79999997e+02
 2.02612701e+00  4.65219097e+01  2.02612701e+00  1.79999997e+02
 2.04173794e+00  4.65219097e+01  2.04173794e+00  1.79999997e+02
 2.05746916e+00  4.65219097e+01  2.05746916e+00  1.79999997e+02
 2.07332157e+00  4.65219097e+01  2.07332157e+00  1.79999997e+02
 2.08929613e+00  4.65219097e+01  2.08929613e+00  1.79999996e+02
 2.10539377e+00  4.65219097e+01  2.10539377e+00  1.79999996e+02
 2.12161544e+00  4.65219097e+01  2.12161544e+00  1.79999996e+02
 2.13796209e+00  4.65219097e+01  2.13796209e+00  1.79999996e+02
 2.15443469e+00  4.65219097e+01  2.15443469e+00  1.79999996e+02
 2.17103421e+00  4.65219097e+01  2.17103421e+00  1.79999996e+02
 2.18776162e+00  4.65219097e+01  2.18776162e+00  1.79999996e+02
 2.20461792e+00  4.65219097e+01  2.20461792e+00  1.79999996e+02
 2.22160409e+00  4.65219097e+01  2.22160409e+00  1.79999996e+02
 2.23872114e+00  4.65219097e+01  2.23872114e+00  1.79999996e+02
 2.25597007e+00  4.65219097e+01  2.25597007e+00  1.79999996e+02
 2.27335190e+00  4.65219097e+01  2.27335190e+00  1.79999996e+02
 2.29086765e+00  4.65219097e+01  2.29086765e+00  1.79999996e+02
 2.30851836e+00  4.65219097e+01  2.30851836e+00  1.79999996e+02
 2.32630507e+00  4.65219097e+01  2.32630507e+00  1.79999996e+02
 2.34422882e+00  4.65219097e+01  2.34422882e+00  1.79999996e+02
 2.36229066e+00  4.65219097e+01  2.36229066e+00  1.79999996e+02
 2.38049167e+00  4.65219097e+01  2.38049167e+00  1.79999996e+02
 2.39883292e+00  4.65219097e+01  2.39883292e+00  1.79999996e+02
 2.41731548e+00  4.65219097e+01  2.41731548e+00  1.79999996e+02
 2.43594045e+00  4.65219097e+01  2.43594045e+00  1.79999996e+02
 2.45470892e+00  4.65219097e+01  2.45470892e+00  1.79999996e+02
 2.47362199e+00  4.65219097e+01  2.47362199e+00  1.79999996e+02
 2.49268079e+00  4.65219097e+01  2.49268079e+00  1.79999996e+02
 2.51188643e+00  4.65219097e+01  2.51188643e+00  1.79999996e+02
 2.53124005e+00  4.65219097e+01  2.53124005e+00  1.79999996e+02
 2.55074278e+00  4.65219097e+01  2.55074278e+00  1.79999996e+02
 2.57039578e+00  4.65219097e+01  2.57039578e+00  1.79999996e+02
 2.59020020e+00  4.65219097e+01  2.59020020e+00  1.79999996e+02
 2.61015722e+00  4.65219097e+01  2.61015722e+00  1.79999996e+02
 2.63026799e+00  4.65219097e+01  2.63026799e+00  1.79999996e+02
 2.65053372e+00  4.65219097e+01  2.65053372e+00  1.79999996e+02
 2.67095559e+00  4.65219097e+01  2.67095559e+00  1.79999996e+02
 2.69153480e+00  4.65219097e+01  2.69153480e+00  1.79999995e+02
 2.71227258e+00  4.65219097e+01  2.71227258e+00  1.79999995e+02
 2.73317014e+00  4.65219097e+01  2.73317014e+00  1.79999995e+02
 2.75422870e+00  4.65219097e+01  2.75422870e+00  1.79999995e+02
 2.77544952e+00  4.65219097e+01  2.77544952e+00  1.79999995e+02
 2.79683385e+00  4.65219097e+01  2.79683385e+00  1.79999995e+02
 2.81838293e+00  4.65219097e+01  2.81838293e+00  1.79999995e+02
 2.84009805e+00  4.65219097e+01  2.84009805e+00  1.79999995e+02
 2.86198048e+00  4.65219097e+01  2.86198048e+00  1.79999995e+02
 2.88403150e+00  4.65219097e+01  2.88403150e+00  1.79999995e+02
 2.90625243e+00  4.65219097e+01  2.90625243e+00  1.79999995e+02
 2.92864456e+00  4.65219097e+01  2.92864456e+00  1.79999995e+02
 2.95120923e+00  4.65219097e+01  2.95120923e+00  1.79999995e+02
 2.97394775e+00  4.65219097e+01  2.97394775e+00  1.79999995e+02
 2.99686146e+00  4.65219097e+01  2.99686146e+00  1.79999995e+02
 3.01995172e+00  4.65219097e+01  3.01995172e+00  1.79999995e+02
 3.04321989e+00  4.65219097e+01  3.04321989e+00  1.79999995e+02
 3.06666733e+00  4.65219097e+01  3.06666733e+00  1.79999995e+02
 3.09029543e+00  4.65219097e+01  3.09029543e+00  1.79999995e+02
 3.11410558e+00  4.65219097e+01  3.11410558e+00  1.79999995e+02
 3.13809919e+00  4.65219097e+01  3.13809919e+00  1.79999995e+02
 3.16227766e+00  4.65219097e+01  3.16227766e+00  1.79999995e+02
 3.18664242e+00  4.65219097e+01  3.18664242e+00  1.79999995e+02
 3.21119491e+00  4.65219097e+01  3.21119491e+00  1.79999995e+02
 3.23593657e+00  4.65219097e+01  3.23593657e+00  1.79999995e+02
 3.26086886e+00  4.65219097e+01  3.26086886e+00  1.79999995e+02
 3.28599325e+00  4.65219097e+01  3.28599325e+00  1.79999994e+02
 3.31131121e+00  4.65219097e+01  3.31131121e+00  1.79999994e+02
 3.33682425e+00  4.65219097e+01  3.33682425e+00  1.79999994e+02
 3.36253386e+00  4.65219097e+01  3.36253386e+00  1.79999994e+02
 3.38844156e+00  4.65219097e+01  3.38844156e+00  1.79999994e+02
 3.41454887e+00  4.65219097e+01  3.41454887e+00  1.79999994e+02
 3.44085734e+00  4.65219097e+01  3.44085734e+00  1.79999994e+02
 3.46736850e+00  4.65219097e+01  3.46736850e+00  1.79999994e+02
 3.49408393e+00  4.65219097e+01  3.49408393e+00  1.79999994e+02
 3.52100520e+00  4.65219097e+01  3.52100520e+00  1.79999994e+02
 3.54813389e+00  4.65219097e+01  3.54813389e+00  1.79999994e+02
 3.57547160e+00  4.65219097e+01  3.57547160e+00  1.79999994e+02
 3.60301995e+00  4.65219097e+01  3.60301995e+00  1.79999994e+02
 3.63078055e+00  4.65219097e+01  3.63078055e+00  1.79999994e+02
 3.65875504e+00  4.65219097e+01  3.65875504e+00  1.79999994e+02
 3.68694506e+00  4.65219097e+01  3.68694506e+00  1.79999994e+02
 3.71535229e+00  4.65219097e+01  3.71535229e+00  1.79999994e+02
 3.74397839e+00  4.65219097e+01  3.74397839e+00  1.79999994e+02
 3.77282505e+00  4.65219097e+01  3.77282505e+00  1.79999994e+02
 3.80189396e+00  4.65219097e+01  3.80189396e+00  1.79999994e+02
 3.83118685e+00  4.65219097e+01  3.83118685e+00  1.79999994e+02
 3.86070543e+00  4.65219097e+01  3.86070543e+00  1.79999994e+02
 3.89045145e+00  4.65219097e+01  3.89045145e+00  1.79999993e+02
 3.92042666e+00  4.65219097e+01  3.92042666e+00  1.79999993e+02
 3.95063281e+00  4.65219097e+01  3.95063281e+00  1.79999993e+02
 3.98107171e+00  4.65219097e+01  3.98107171e+00  1.79999993e+02
 4.01174512e+00  4.65219097e+01  4.01174512e+00  1.79999993e+02
 4.04265487e+00  4.65219097e+01  4.04265487e+00  1.79999993e+02
 4.07380278e+00  4.65219097e+01  4.07380278e+00  1.79999993e+02
 4.10519067e+00  4.65219097e+01  4.10519067e+00  1.79999993e+02
 4.13682040e+00  4.65219097e+01  4.13682040e+00  1.79999993e+02
 4.16869383e+00  4.65219097e+01  4.16869383e+00  1.79999993e+02
 4.20081285e+00  4.65219097e+01  4.20081285e+00  1.79999993e+02
 4.23317933e+00  4.65219097e+01  4.23317933e+00  1.79999993e+02
 4.26579519e+00  4.65219097e+01  4.26579519e+00  1.79999993e+02
 4.29866235e+00  4.65219097e+01  4.29866235e+00  1.79999993e+02
 4.33178274e+00  4.65219097e+01  4.33178274e+00  1.79999993e+02
 4.36515832e+00  4.65219097e+01  4.36515832e+00  1.79999993e+02
 4.39879106e+00  4.65219097e+01  4.39879106e+00  1.79999993e+02
 4.43268292e+00  4.65219097e+01  4.43268292e+00  1.79999993e+02
 4.46683592e+00  4.65219097e+01  4.46683592e+00  1.79999993e+02
 4.50125206e+00  4.65219097e+01  4.50125206e+00  1.79999992e+02
 4.53593337e+00  4.65219097e+01  4.53593337e+00  1.79999992e+02
 4.57088190e+00  4.65219097e+01  4.57088190e+00  1.79999992e+02
 4.60609969e+00  4.65219097e+01  4.60609969e+00  1.79999992e+02
 4.64158883e+00  4.65219097e+01  4.64158883e+00  1.79999992e+02
 4.67735141e+00  4.65219097e+01  4.67735141e+00  1.79999992e+02
 4.71338954e+00  4.65219097e+01  4.71338954e+00  1.79999992e+02
 4.74970533e+00  4.65219097e+01  4.74970533e+00  1.79999992e+02
 4.78630092e+00  4.65219097e+01  4.78630092e+00  1.79999992e+02
 4.82317848e+00  4.65219097e+01  4.82317848e+00  1.79999992e+02
 4.86034018e+00  4.65219097e+01  4.86034018e+00  1.79999992e+02
 4.89778819e+00  4.65219097e+01  4.89778819e+00  1.79999992e+02
 4.93552474e+00  4.65219097e+01  4.93552474e+00  1.79999992e+02
 4.97355204e+00  4.65219097e+01  4.97355204e+00  1.79999992e+02
 5.01187234e+00  4.65219097e+01  5.01187234e+00  1.79999992e+02
 5.05048788e+00  4.65219097e+01  5.05048788e+00  1.79999992e+02
 5.08940095e+00  4.65219097e+01  5.08940095e+00  1.79999991e+02
 5.12861384e+00  4.65219097e+01  5.12861384e+00  1.79999991e+02
 5.16812886e+00  4.65219097e+01  5.16812886e+00  1.79999991e+02
 5.20794833e+00  4.65219097e+01  5.20794833e+00  1.79999991e+02
 5.24807460e+00  4.65219097e+01  5.24807460e+00  1.79999991e+02
 5.28851004e+00  4.65219097e+01  5.28851004e+00  1.79999991e+02
 5.32925703e+00  4.65219097e+01  5.32925703e+00  1.79999991e+02
 5.37031796e+00  4.65219097e+01  5.37031796e+00  1.79999991e+02
 5.41169527e+00  4.65219097e+01  5.41169527e+00  1.79999991e+02
 5.45339137e+00  4.65219097e+01  5.45339137e+00  1.79999991e+02
 5.49540874e+00  4.65219097e+01  5.49540874e+00  1.79999991e+02
 5.53774984e+00  4.65219097e+01  5.53774984e+00  1.79999991e+02
 5.58041717e+00  4.65219097e+01  5.58041717e+00  1.79999991e+02
 5.62341325e+00  4.65219097e+01  5.62341325e+00  1.79999991e+02
 5.66674061e+00  4.65219097e+01  5.66674061e+00  1.79999990e+02
 5.71040179e+00  4.65219097e+01  5.71040179e+00  1.79999990e+02
 5.75439937e+00  4.65219097e+01  5.75439937e+00  1.79999990e+02
 5.79873595e+00  4.65219097e+01  5.79873595e+00  1.79999990e+02
 5.84341413e+00  4.65219097e+01  5.84341413e+00  1.79999990e+02
 5.88843655e+00  4.65219097e+01  5.88843655e+00  1.79999990e+02
 5.93380586e+00  4.65219097e+01  5.93380586e+00  1.79999990e+02
 5.97952473e+00  4.65219097e+01  5.97952473e+00  1.79999990e+02
 6.02559586e+00  4.65219097e+01  6.02559586e+00  1.79999990e+02
 6.07202196e+00  4.65219097e+01  6.07202196e+00  1.79999990e+02
 6.11880576e+00  4.65219097e+01  6.11880576e+00  1.79999990e+02
 6.16595002e+00  4.65219097e+01  6.16595002e+00  1.79999990e+02
 6.21345752e+00  4.65219097e+01  6.21345752e+00  1.79999990e+02
 6.26133105e+00  4.65219097e+01  6.26133105e+00  1.79999989e+02
 6.30957344e+00  4.65219097e+01  6.30957344e+00  1.79999989e+02
 6.35818754e+00  4.65219097e+01  6.35818754e+00  1.79999989e+02
 6.40717619e+00  4.65219097e+01  6.40717619e+00  1.79999989e+02
 6.45654229e+00  4.65219097e+01  6.45654229e+00  1.79999989e+02
 6.50628875e+00  4.65219097e+01  6.50628875e+00  1.79999989e+02
 6.55641849e+00  4.65219097e+01  6.55641849e+00  1.79999989e+02
 6.60693448e+00  4.65219097e+01  6.60693448e+00  1.79999989e+02
 6.65783968e+00  4.65219097e+01  6.65783968e+00  1.79999989e+02
 6.70913710e+00  4.65219097e+01  6.70913710e+00  1.79999989e+02
 6.76082975e+00  4.65219097e+01  6.76082975e+00  1.79999989e+02
 6.81292069e+00  4.65219097e+01  6.81292069e+00  1.79999989e+02
 6.86541298e+00  4.65219097e+01  6.86541298e+00  1.79999988e+02
 6.91830971e+00  4.65219097e+01  6.91830971e+00  1.79999988e+02
 6.97161400e+00  4.65219097e+01  6.97161400e+00  1.79999988e+02
 7.02532899e+00  4.65219097e+01  7.02532899e+00  1.79999988e+02
 7.07945784e+00  4.65219097e+01  7.07945784e+00  1.79999988e+02
 7.13400375e+00  4.65219097e+01  7.13400375e+00  1.79999988e+02
 7.18896992e+00  4.65219097e+01  7.18896992e+00  1.79999988e+02
 7.24435960e+00  4.65219097e+01  7.24435960e+00  1.79999988e+02
 7.30017605e+00  4.65219097e+01  7.30017605e+00  1.79999988e+02
 7.35642254e+00  4.65219097e+01  7.35642254e+00  1.79999988e+02
 7.41310241e+00  4.65219097e+01  7.41310241e+00  1.79999988e+02
 7.47021899e+00  4.65219097e+01  7.47021899e+00  1.79999987e+02
 7.52777564e+00  4.65219097e+01  7.52777564e+00  1.79999987e+02
 7.58577575e+00  4.65219097e+01  7.58577575e+00  1.79999987e+02
 7.64422274e+00  4.65219097e+01  7.64422274e+00  1.79999987e+02
 7.70312006e+00  4.65219097e+01  7.70312006e+00  1.79999987e+02
 7.76247117e+00  4.65219097e+01  7.76247117e+00  1.79999987e+02
 7.82227956e+00  4.65219097e+01  7.82227956e+00  1.79999987e+02
 7.88254877e+00  4.65219097e+01  7.88254877e+00  1.79999987e+02
 7.94328235e+00  4.65219097e+01  7.94328235e+00  1.79999987e+02
 8.00448386e+00  4.65219097e+01  8.00448386e+00  1.79999987e+02
 8.06615692e+00  4.65219097e+01  8.06615692e+00  1.79999986e+02
 8.12830516e+00  4.65219097e+01  8.12830516e+00  1.79999986e+02
 8.19093224e+00  4.65219097e+01  8.19093224e+00  1.79999986e+02
 8.25404185e+00  4.65219097e+01  8.25404185e+00  1.79999986e+02
 8.31763771e+00  4.65219097e+01  8.31763771e+00  1.79999986e+02
 8.38172356e+00  4.65219097e+01  8.38172356e+00  1.79999986e+02
 8.44630319e+00  4.65219097e+01  8.44630319e+00  1.79999986e+02
 8.51138038e+00  4.65219097e+01  8.51138038e+00  1.79999986e+02
 8.57695899e+00  4.65219097e+01  8.57695899e+00  1.79999986e+02
 8.64304286e+00  4.65219097e+01  8.64304286e+00  1.79999985e+02
 8.70963590e+00  4.65219097e+01  8.70963590e+00  1.79999985e+02
 8.77674203e+00  4.65219097e+01  8.77674203e+00  1.79999985e+02
 8.84436519e+00  4.65219097e+01  8.84436519e+00  1.79999985e+02
 8.91250938e+00  4.65219097e+01  8.91250938e+00  1.79999985e+02
 8.98117861e+00  4.65219097e+01  8.98117861e+00  1.79999985e+02
 9.05037692e+00  4.65219097e+01  9.05037692e+00  1.79999985e+02
 9.12010839e+00  4.65219097e+01  9.12010839e+00  1.79999985e+02
 9.19037713e+00  4.65219097e+01  9.19037713e+00  1.79999985e+02
 9.26118728e+00  4.65219097e+01  9.26118728e+00  1.79999984e+02
 9.33254301e+00  4.65219097e+01  9.33254301e+00  1.79999984e+02
 9.40444852e+00  4.65219097e+01  9.40444852e+00  1.79999984e+02
 9.47690805e+00  4.65219097e+01  9.47690805e+00  1.79999984e+02
 9.54992586e+00  4.65219097e+01  9.54992586e+00  1.79999984e+02
 9.62350626e+00  4.65219097e+01  9.62350626e+00  1.79999984e+02
 9.69765359e+00  4.65219097e+01  9.69765359e+00  1.79999984e+02
 9.77237221e+00  4.65219097e+01  9.77237221e+00  1.79999984e+02
 9.84766652e+00  4.65219097e+01  9.84766652e+00  1.79999983e+02
 9.92354096e+00  4.65219097e+01  9.92354096e+00  1.79999983e+02
 1.00000000e+01  4.65219097e+01  1.00000000e+01  1.79999983e+02
 1.00770481e+01  4.65219097e+01  1.00770481e+01  1.79999983e+02
 1.01546899e+01  4.65219097e+01  1.01546899e+01  1.79999983e+02
 1.02329299e+01  4.65219097e+01  1.02329299e+01  1.79999983e+02
 1.03117727e+01  4.65219097e+01  1.03117727e+01  1.79999983e+02
 1.03912230e+01  4.65219097e+01  1.03912230e+01  1.79999983e+02
 1.04712855e+01  4.65219097e+01  1.04712855e+01  1.79999982e+02
 1.05519648e+01  4.65219097e+01  1.05519648e+01  1.79999982e+02
 1.06332657e+01  4.65219097e+01  1.06332657e+01  1.79999982e+02
 1.07151931e+01  4.65219097e+01  1.07151931e+01  1.79999982e+02
 1.07977516e+01  4.65219097e+01  1.07977516e+01  1.79999982e+02
 1.08809463e+01  4.65219097e+01  1.08809463e+01  1.79999982e+02
 1.09647820e+01  4.65219097e+01  1.09647820e+01  1.79999982e+02
 1.10492636e+01  4.65219097e+01  1.10492636e+01  1.79999981e+02
 1.11343961e+01  4.65219097e+01  1.11343961e+01  1.79999981e+02
 1.12201845e+01  4.65219097e+01  1.12201845e+01  1.79999981e+02
 1.13066340e+01  4.65219097e+01  1.13066340e+01  1.79999981e+02
 1.13937495e+01  4.65219097e+01  1.13937495e+01  1.79999981e+02
 1.14815362e+01  4.65219097e+01  1.14815362e+01  1.79999981e+02
 1.15699993e+01  4.65219097e+01  1.15699993e+01  1.79999981e+02
 1.16591440e+01  4.65219097e+01  1.16591440e+01  1.79999980e+02
 1.17489755e+01  4.65219097e+01  1.17489755e+01  1.79999980e+02
 1.18394992e+01  4.65219097e+01  1.18394992e+01  1.79999980e+02
 1.19307204e+01  4.65219097e+01  1.19307204e+01  1.79999980e+02
 1.20226443e+01  4.65219097e+01  1.20226443e+01  1.79999980e+02
 1.21152766e+01  4.65219097e+01  1.21152766e+01  1.79999980e+02
 1.22086225e+01  4.65219097e+01  1.22086225e+01  1.79999980e+02
 1.23026877e+01  4.65219097e+01  1.23026877e+01  1.79999979e+02
 1.23974776e+01  4.65219097e+01  1.23974776e+01  1.79999979e+02
 1.24929979e+01  4.65219097e+01  1.24929979e+01  1.79999979e+02
 1.25892541e+01  4.65219097e+01  1.25892541e+01  1.79999979e+02
 1.26862520e+01  4.65219097e+01  1.26862520e+01  1.79999979e+02
 1.27839972e+01  4.65219097e+01  1.27839972e+01  1.79999979e+02
 1.28824955e+01  4.65219097e+01  1.28824955e+01  1.79999978e+02
 1.29817528e+01  4.65219097e+01  1.29817528e+01  1.79999978e+02
 1.30817747e+01  4.65219097e+01  1.30817747e+01  1.79999978e+02
 1.31825674e+01  4.65219097e+01  1.31825674e+01  1.79999978e+02
 1.32841366e+01  4.65219097e+01  1.32841366e+01  1.79999978e+02
 1.33864884e+01  4.65219097e+01  1.33864884e+01  1.79999978e+02
 1.34896288e+01  4.65219097e+01  1.34896288e+01  1.79999977e+02
 1.35935639e+01  4.65219097e+01  1.35935639e+01  1.79999977e+02
 1.36982998e+01  4.65219097e+01  1.36982998e+01  1.79999977e+02
 1.38038426e+01  4.65219097e+01  1.38038426e+01  1.79999977e+02
 1.39101987e+01  4.65219097e+01  1.39101987e+01  1.79999977e+02
 1.40173742e+01  4.65219097e+01  1.40173742e+01  1.79999976e+02
 1.41253754e+01  4.65219097e+01  1.41253754e+01  1.79999976e+02
 1.42342088e+01  4.65219097e+01  1.42342088e+01  1.79999976e+02
 1.43438808e+01  4.65219097e+01  1.43438808e+01  1.79999976e+02
 1.44543977e+01  4.65219097e+01  1.44543977e+01  1.79999976e+02
 1.45657662e+01  4.65219097e+01  1.45657662e+01  1.79999976e+02
 1.46779927e+01  4.65219097e+01  1.46779927e+01  1.79999975e+02
 1.47910839e+01  4.65219097e+01  1.47910839e+01  1.79999975e+02
 1.49050464e+01  4.65219097e+01  1.49050464e+01  1.79999975e+02
 1.50198870e+01  4.65219097e+01  1.50198870e+01  1.79999975e+02
 1.51356125e+01  4.65219097e+01  1.51356125e+01  1.79999975e+02
 1.52522296e+01  4.65219097e+01  1.52522296e+01  1.79999974e+02
 1.53697452e+01  4.65219097e+01  1.53697452e+01  1.79999974e+02
 1.54881662e+01  4.65219097e+01  1.54881662e+01  1.79999974e+02
 1.56074996e+01  4.65219097e+01  1.56074996e+01  1.79999974e+02
 1.57277525e+01  4.65219097e+01  1.57277525e+01  1.79999974e+02
 1.58489319e+01  4.65219097e+01  1.58489319e+01  1.79999973e+02
 1.59710450e+01  4.65219097e+01  1.59710450e+01  1.79999973e+02
 1.60940989e+01  4.65219097e+01  1.60940989e+01  1.79999973e+02
 1.62181010e+01  4.65219097e+01  1.62181010e+01  1.79999973e+02
 1.63430584e+01  4.65219097e+01  1.63430584e+01  1.79999973e+02
 1.64689787e+01  4.65219097e+01  1.64689787e+01  1.79999972e+02
 1.65958691e+01  4.65219097e+01  1.65958691e+01  1.79999972e+02
 1.67237372e+01  4.65219097e+01  1.67237372e+01  1.79999972e+02
 1.68525904e+01  4.65219097e+01  1.68525904e+01  1.79999972e+02
 1.69824365e+01  4.65219097e+01  1.69824365e+01  1.79999971e+02
 1.71132830e+01  4.65219097e+01  1.71132830e+01  1.79999971e+02
 1.72451377e+01  4.65219097e+01  1.72451377e+01  1.79999971e+02
 1.73780083e+01  4.65219097e+01  1.73780083e+01  1.79999971e+02
 1.75119026e+01  4.65219097e+01  1.75119026e+01  1.79999971e+02
 1.76468286e+01  4.65219097e+01  1.76468286e+01  1.79999970e+02
 1.77827941e+01  4.65219097e+01  1.77827941e+01  1.79999970e+02
 1.79198072e+01  4.65219097e+01  1.79198072e+01  1.79999970e+02
 1.80578760e+01  4.65219097e+01  1.80578760e+01  1.79999970e+02
 1.81970086e+01  4.65219097e+01  1.81970086e+01  1.79999969e+02
 1.83372132e+01  4.65219097e+01  1.83372132e+01  1.79999969e+02
 1.84784980e+01  4.65219097e+01  1.84784980e+01  1.79999969e+02
 1.86208714e+01  4.65219097e+01  1.86208714e+01  1.79999969e+02
 1.87643417e+01  4.65219097e+01  1.87643417e+01  1.79999968e+02
 1.89089175e+01  4.65219097e+01  1.89089175e+01  1.79999968e+02
 1.90546072e+01  4.65219097e+01  1.90546072e+01  1.79999968e+02
 1.92014194e+01  4.65219097e+01  1.92014194e+01  1.79999968e+02
 1.93493628e+01  4.65219097e+01  1.93493628e+01  1.79999968e+02
 1.94984460e+01  4.65219097e+01  1.94984460e+01  1.79999967e+02
 1.96486779e+01  4.65219097e+01  1.96486779e+01  1.79999967e+02
 1.98000673e+01  4.65219097e+01  1.98000673e+01  1.79999967e+02
 1.99526231e+01  4.65219097e+01  1.99526231e+01  1.79999967e+02
 2.01063544e+01  4.65219097e+01  2.01063544e+01  1.79999966e+02
 2.02612701e+01  4.65219097e+01  2.02612701e+01  1.79999966e+02
 2.04173794e+01  4.65219097e+01  2.04173794e+01  1.79999966e+02
 2.05746916e+01  4.65219097e+01  2.05746916e+01  1.79999965e+02
 2.07332157e+01  4.65219097e+01  2.07332157e+01  1.79999965e+02
 2.08929613e+01  4.65219097e+01  2.08929613e+01  1.79999965e+02
 2.10539377e+01  4.65219097e+01  2.10539377e+01  1.79999965e+02
 2.12161544e+01  4.65219097e+01  2.12161544e+01  1.79999964e+02
 2.13796209e+01  4.65219097e+01  2.13796209e+01  1.79999964e+02
 2.15443469e+01  4.65219097e+01  2.15443469e+01  1.79999964e+02
 2.17103421e+01  4.65219097e+01  2.17103421e+01  1.79999964e+02
 2.18776162e+01  4.65219097e+01  2.18776162e+01  1.79999963e+02
 2.20461792e+01  4.65219097e+01  2.20461792e+01  1.79999963e+02
 2.22160409e+01  4.65219097e+01  2.22160409e+01  1.79999963e+02
 2.23872114e+01  4.65219097e+01  2.23872114e+01  1.79999962e+02
 2.25597007e+01  4.65219097e+01  2.25597007e+01  1.79999962e+02
 2.27335190e+01  4.65219097e+01  2.27335190e+01  1.79999962e+02
 2.29086765e+01  4.65219097e+01  2.29086765e+01  1.79999962e+02
 2.30851836e+01  4.65219097e+01  2.30851836e+01  1.79999961e+02
 2.32630507e+01  4.65219097e+01  2.32630507e+01  1.79999961e+02
 2.34422882e+01  4.65219097e+01  2.34422882e+01  1.79999961e+02
 2.36229066e+01  4.65219097e+01  2.36229066e+01  1.79999960e+02
 2.38049167e+01  4.65219097e+01  2.38049167e+01  1.79999960e+02
 2.39883292e+01  4.65219097e+01  2.39883292e+01  1.79999960e+02
 2.41731548e+01  4.65219097e+01  2.41731548e+01  1.79999959e+02
 2.43594045e+01  4.65219097e+01  2.43594045e+01  1.79999959e+02
 2.45470892e+01  4.65219097e+01  2.45470892e+01  1.79999959e+02
 2.47362199e+01  4.65219097e+01  2.47362199e+01  1.79999958e+02
 2.49268079e+01  4.65219097e+01  2.49268079e+01  1.79999958e+02
 2.51188643e+01  4.65219097e+01  2.51188643e+01  1.79999958e+02
 2.53124005e+01  4.65219097e+01  2.53124005e+01  1.79999958e+02
 2.55074278e+01  4.65219097e+01  2.55074278e+01  1.79999957e+02
 2.57039578e+01  4.65219097e+01  2.57039578e+01  1.79999957e+02
 2.59020020e+01  4.65219097e+01  2.59020020e+01  1.79999957e+02
 2.61015722e+01  4.65219097e+01  2.61015722e+01  1.79999956e+02
 2.63026799e+01  4.65219097e+01  2.63026799e+01  1.79999956e+02
 2.65053372e+01  4.65219097e+01  2.65053372e+01  1.79999956e+02
 2.67095559e+01  4.65219097e+01  2.67095559e+01  1.79999955e+02
 2.69153480e+01  4.65219097e+01  2.69153480e+01  1.79999955e+02
 2.71227258e+01  4.65219097e+01  2.71227258e+01  1.79999954e+02
 2.73317014e+01  4.65219097e+01  2.73317014e+01  1.79999954e+02
 2.75422870e+01  4.65219097e+01  2.75422870e+01  1.79999954e+02
 2.77544952e+01  4.65219097e+01  2.77544952e+01  1.79999953e+02
 2.79683385e+01  4.65219097e+01  2.79683385e+01  1.79999953e+02
 2.81838293e+01  4.65219097e+01  2.81838293e+01  1.79999953e+02
 2.84009805e+01  4.65219097e+01  2.84009805e+01  1.79999952e+02
 2.86198048e+01  4.65219097e+01  2.86198048e+01  1.79999952e+02
 2.88403150e+01  4.65219097e+01  2.88403150e+01  1.79999952e+02
 2.90625243e+01  4.65219097e+01  2.90625243e+01  1.79999951e+02
 2.92864456e+01  4.65219097e+01  2.92864456e+01  1.79999951e+02
 2.95120923e+01  4.65219097e+01  2.95120923e+01  1.79999950e+02
 2.97394775e+01  4.65219097e+01  2.97394775e+01  1.79999950e+02
 2.99686146e+01  4.65219097e+01  2.99686146e+01  1.79999950e+02
 3.01995172e+01  4.65219097e+01  3.01995172e+01  1.79999949e+02
 3.04321989e+01  4.65219097e+01  3.04321989e+01  1.79999949e+02
 3.06666733e+01  4.65219097e+01  3.06666733e+01  1.79999949e+02
 3.09029543e+01  4.65219097e+01  3.09029543e+01  1.79999948e+02
 3.11410558e+01  4.65219097e+01  3.11410558e+01  1.79999948e+02
 3.13809919e+01  4.65219097e+01  3.13809919e+01  1.79999947e+02
 3.16227766e+01  4.65219097e+01  3.16227766e+01  1.79999947e+02
 3.18664242e+01  4.65219097e+01  3.18664242e+01  1.79999947e+02
 3.21119491e+01  4.65219097e+01  3.21119491e+01  1.79999946e+02
 3.23593657e+01  4.65219097e+01  3.23593657e+01  1.79999946e+02
 3.26086886e+01  4.65219097e+01  3.26086886e+01  1.79999945e+02
 3.28599325e+01  4.65219097e+01  3.28599325e+01  1.79999945e+02
 3.31131121e+01  4.65219097e+01  3.31131121e+01  1.79999944e+02
 3.33682425e+01  4.65219097e+01  3.33682425e+01  1.79999944e+02
 3.36253386e+01  4.65219097e+01  3.36253386e+01  1.79999944e+02
 3.38844156e+01  4.65219097e+01  3.38844156e+01  1.79999943e+02
 3.41454887e+01  4.65219097e+01  3.41454887e+01  1.79999943e+02
 3.44085734e+01  4.65219097e+01  3.44085734e+01  1.79999942e+02
 3.46736850e+01  4.65219097e+01  3.46736850e+01  1.79999942e+02
 3.49408393e+01  4.65219097e+01  3.49408393e+01  1.79999941e+02
 3.52100520e+01  4.65219097e+01  3.52100520e+01  1.79999941e+02
 3.54813389e+01  4.65219097e+01  3.54813389e+01  1.79999940e+02
 3.57547160e+01  4.65219097e+01  3.57547160e+01  1.79999940e+02
 3.60301995e+01  4.65219097e+01  3.60301995e+01  1.79999940e+02
 3.63078055e+01  4.65219097e+01  3.63078055e+01  1.79999939e+02
 3.65875504e+01  4.65219097e+01  3.65875504e+01  1.79999939e+02
 3.68694506e+01  4.65219097e+01  3.68694506e+01  1.79999938e+02
 3.71535229e+01  4.65219097e+01  3.71535229e+01  1.79999938e+02
 3.74397839e+01  4.65219097e+01  3.74397839e+01  1.79999937e+02
 3.77282505e+01  4.65219097e+01  3.77282505e+01  1.79999937e+02
 3.80189396e+01  4.65219097e+01  3.80189396e+01  1.79999936e+02
 3.83118685e+01  4.65219097e+01  3.83118685e+01  1.79999936e+02
 3.86070543e+01  4.65219097e+01  3.86070543e+01  1.79999935e+02
 3.89045145e+01  4.65219097e+01  3.89045145e+01  1.79999935e+02
 3.92042666e+01  4.65219097e+01  3.92042666e+01  1.79999934e+02
 3.95063281e+01  4.65219097e+01  3.95063281e+01  1.79999934e+02
 3.98107171e+01  4.65219097e+01  3.98107171e+01  1.79999933e+02
 4.01174512e+01  4.65219097e+01  4.01174512e+01  1.79999933e+02
 4.04265487e+01  4.65219097e+01  4.04265487e+01  1.79999932e+02
 4.07380278e+01  4.65219097e+01  4.07380278e+01  1.79999932e+02
 4.10519067e+01  4.65219097e+01  4.10519067e+01  1.79999931e+02
 4.13682040e+01  4.65219097e+01  4.13682040e+01  1.79999931e+02
 4.16869383e+01  4.65219097e+01  4.16869383e+01  1.79999930e+02
 4.20081285e+01  4.65219097e+01  4.20081285e+01  1.79999929e+02
 4.23317933e+01  4.65219097e+01  4.23317933e+01  1.79999929e+02
 4.26579519e+01  4.65219097e+01  4.26579519e+01  1.79999928e+02
 4.29866235e+01  4.65219097e+01  4.29866235e+01  1.79999928e+02
 4.33178274e+01  4.65219097e+01  4.33178274e+01  1.79999927e+02
 4.36515832e+01  4.65219097e+01  4.36515832e+01  1.79999927e+02
 4.39879106e+01  4.65219097e+01  4.39879106e+01  1.79999926e+02
 4.43268292e+01  4.65219097e+01  4.43268292e+01  1.79999926e+02
 4.46683592e+01  4.65219097e+01  4.46683592e+01  1.79999925e+02
 4.50125206e+01  4.65219097e+01  4.50125206e+01  1.79999924e+02
 4.53593337e+01  4.65219097e+01  4.53593337e+01  1.79999924e+02
 4.57088190e+01  4.65219097e+01  4.57088190e+01  1.79999923e+02
 4.60609969e+01  4.65219097e+01  4.60609969e+01  1.79999923e+02
 4.64158883e+01  4.65219097e+01  4.64158883e+01  1.79999922e+02
 4.67735141e+01  4.65219097e+01  4.67735141e+01  1.79999921e+02
 4.71338954e+01  4.65219097e+01  4.71338954e+01  1.79999921e+02
 4.74970533e+01  4.65219097e+01  4.74970533e+01  1.79999920e+02
 4.78630092e+01  4.65219097e+01  4.78630092e+01  1.79999920e+02
 4.82317848e+01  4.65219097e+01  4.82317848e+01  1.79999919e+02
 4.86034018e+01  4.65219097e+01  4.86034018e+01  1.79999918e+02
 4.89778819e+01  4.65219097e+01  4.89778819e+01  1.79999918e+02
 4.93552474e+01  4.65219097e+01  4.93552474e+01  1.79999917e+02
 4.97355204e+01  4.65219097e+01  4.97355204e+01  1.79999917e+02
 5.01187234e+01  4.65219097e+01  5.01187234e+01  1.79999916e+02
 5.05048788e+01  4.65219097e+01  5.05048788e+01  1.79999915e+02
 5.08940095e+01  4.65219097e+01  5.08940095e+01  1.79999915e+02
 5.12861384e+01  4.65219097e+01  5.12861384e+01  1.79999914e+02
 5.16812886e+01  4.65219097e+01  5.16812886e+01  1.79999913e+02
 5.20794833e+01  4.65219097e+01  5.20794833e+01  1.79999913e+02
 5.24807460e+01  4.65219097e+01  5.24807460e+01  1.79999912e+02
 5.28851004e+01  4.65219097e+01  5.28851004e+01  1.79999911e+02
 5.32925703e+01  4.65219097e+01  5.32925703e+01  1.79999911e+02
 5.37031796e+01  4.65219097e+01  5.37031796e+01  1.79999910e+02
 5.41169527e+01  4.65219097e+01  5.41169527e+01  1.79999909e+02
 5.45339137e+01  4.65219097e+01  5.45339137e+01  1.79999908e+02
 5.49540874e+01  4.65219097e+01  5.49540874e+01  1.79999908e+02
 5.53774984e+01  4.65219097e+01  5.53774984e+01  1.79999907e+02
 5.58041717e+01  4.65219097e+01  5.58041717e+01  1.79999906e+02
 5.62341325e+01  4.65219097e+01  5.62341325e+01  1.79999906e+02
 5.66674061e+01  4.65219097e+01  5.66674061e+01  1.79999905e+02
 5.71040179e+01  4.65219097e+01  5.71040179e+01  1.79999904e+02
 5.75439937e+01  4.65219097e+01  5.75439937e+01  1.79999903e+02
 5.79873595e+01  4.65219097e+01  5.79873595e+01  1.79999903e+02
 5.84341413e+01  4.65219097e+01  5.84341413e+01  1.79999902e+02
 5.88843655e+01  4.65219097e+01  5.88843655e+01  1.79999901e+02
 5.93380586e+01  4.65219097e+01  5.93380586e+01  1.79999900e+02
 5.97952473e+01  4.65219097e+01  5.97952473e+01  1.79999900e+02
 6.02559586e+01  4.65219097e+01  6.02559586e+01  1.79999899e+02
 6.07202196e+01  4.65219097e+01  6.07202196e+01  1.79999898e+02
 6.11880576e+01  4.65219097e+01  6.11880576e+01  1.79999897e+02
 6.16595002e+01  4.65219097e+01  6.16595002e+01  1.79999896e+02
 6.21345752e+01  4.65219097e+01  6.21345752e+01  1.79999896e+02
 6.26133105e+01  4.65219097e+01  6.26133105e+01  1.79999895e+02
 6.30957344e+01  4.65219097e+01  6.30957344e+01  1.79999894e+02
 6.35818754e+01  4.65219097e+01  6.35818754e+01  1.79999893e+02
 6.40717619e+01  4.65219097e+01  6.40717619e+01  1.79999892e+02
 6.45654229e+01  4.65219097e+01  6.45654229e+01  1.79999892e+02
 6.50628875e+01  4.65219097e+01  6.50628875e+01  1.79999891e+02
 6.55641849e+01  4.65219097e+01  6.55641849e+01  1.79999890e+02
 6.60693448e+01  4.65219097e+01  6.60693448e+01  1.79999889e+02
 6.65783968e+01  4.65219097e+01  6.65783968e+01  1.79999888e+02
 6.70913710e+01  4.65219097e+01  6.70913710e+01  1.79999887e+02
 6.76082975e+01  4.65219097e+01  6.76082975e+01  1.79999886e+02
 6.81292069e+01  4.65219097e+01  6.81292069e+01  1.79999886e+02
 6.86541298e+01  4.65219097e+01  6.86541298e+01  1.79999885e+02
 6.91830971e+01  4.65219097e+01  6.91830971e+01  1.79999884e+02
 6.97161400e+01  4.65219097e+01  6.97161400e+01  1.79999883e+02
 7.02532899e+01  4.65219097e+01  7.02532899e+01  1.79999882e+02
 7.07945784e+01  4.65219097e+01  7.07945784e+01  1.79999881e+02
 7.13400375e+01  4.65219097e+01  7.13400375e+01  1.79999880e+02
 7.18896992e+01  4.65219097e+01  7.18896992e+01  1.79999879e+02
 7.24435960e+01  4.65219097e+01  7.24435960e+01  1.79999878e+02
 7.30017605e+01  4.65219097e+01  7.30017605e+01  1.79999877e+02
 7.35642254e+01  4.65219097e+01  7.35642254e+01  1.79999876e+02
 7.41310241e+01  4.65219097e+01  7.41310241e+01  1.79999876e+02
 7.47021899e+01  4.65219097e+01  7.47021899e+01  1.79999875e+02
 7.52777564e+01  4.65219097e+01  7.52777564e+01  1.79999874e+02
 7.58577575e+01  4.65219097e+01  7.58577575e+01  1.79999873e+02
 7.64422274e+01  4.65219097e+01  7.64422274e+01  1.79999872e+02
 7.70312006e+01  4.65219097e+01  7.70312006e+01  1.79999871e+02
 7.76247117e+01  4.65219097e+01  7.76247117e+01  1.79999870e+02
 7.82227956e+01  4.65219097e+01  7.82227956e+01  1.79999869e+02
 7.88254877e+01  4.65219097e+01  7.88254877e+01  1.79999868e+02
 7.94328235e+01  4.65219097e+01  7.94328235e+01  1.79999867e+02
 8.00448386e+01  4.65219097e+01  8.00448386e+01  1.79999866e+02
 8.06615692e+01  4.65219097e+01  8.06615692e+01  1.79999865e+02
 8.12830516e+01  4.65219097e+01  8.12830516e+01  1.79999864e+02
 8.19093224e+01  4.65219097e+01  8.19093224e+01  1.79999862e+02
 8.25404185e+01  4.65219097e+01  8.25404185e+01  1.79999861e+02
 8.31763771e+01  4.65219097e+01  8.31763771e+01  1.79999860e+02
 8.38172356e+01  4.65219097e+01  8.38172356e+01  1.79999859e+02
 8.44630319e+01  4.65219097e+01  8.44630319e+01  1.79999858e+02
 8.51138038e+01  4.65219097e+01  8.51138038e+01  1.79999857e+02
 8.57695899e+01  4.65219097e+01  8.57695899e+01  1.79999856e+02
 8.64304286e+01  4.65219097e+01  8.64304286e+01  1.79999855e+02
 8.70963590e+01  4.65219097e+01  8.70963590e+01  1.79999854e+02
 8.77674203e+01  4.65219097e+01  8.77674203e+01  1.79999853e+02
 8.84436519e+01  4.65219097e+01  8.84436519e+01  1.79999852e+02
 8.91250938e+01  4.65219097e+01  8.91250938e+01  1.79999850e+02
 8.98117861e+01  4.65219097e+01  8.98117861e+01  1.79999849e+02
 9.05037692e+01  4.65219097e+01  9.05037692e+01  1.79999848e+02
 9.12010839e+01  4.65219097e+01  9.12010839e+01  1.79999847e+02
 9.19037713e+01  4.65219097e+01  9.19037713e+01  1.79999846e+02
 9.26118728e+01  4.65219097e+01  9.26118728e+01  1.79999845e+02
 9.33254301e+01  4.65219097e+01  9.33254301e+01  1.79999843e+02
 9.40444852e+01  4.65219097e+01  9.40444852e+01  1.79999842e+02
 9.47690805e+01  4.65219097e+01  9.47690805e+01  1.79999841e+02
 9.54992586e+01  4.65219097e+01  9.54992586e+01  1.79999840e+02
 9.62350626e+01  4.65219097e+01  9.62350626e+01  1.79999838e+02
 9.69765359e+01  4.65219097e+01  9.69765359e+01  1.79999837e+02
 9.77237221e+01  4.65219097e+01  9.77237221e+01  1.79999836e+02
 9.84766652e+01  4.65219097e+01  9.84766652e+01  1.79999835e+02
 9.92354096e+01  4.65219097e+01  9.92354096e+01  1.79999833e+02
 1.00000000e+02  4.65219097e+01  1.00000000e+02  1.79999832e+02
 1.00770481e+02  4.65219097e+01  1.00770481e+02  1.79999831e+02
 1.01546899e+02  4.65219097e+01  1.01546899e+02  1.79999830e+02
 1.02329299e+02  4.65219097e+01  1.02329299e+02  1.79999828e+02
 1.03117727e+02  4.65219097e+01  1.03117727e+02  1.79999827e+02
 1.03912230e+02  4.65219097e+01  1.03912230e+02  1.79999826e+02
 1.04712855e+02  4.65219097e+01  1.04712855e+02  1.79999824e+02
 1.05519648e+02  4.65219097e+01  1.05519648e+02  1.79999823e+02
 1.06332657e+02  4.65219097e+01  1.06332657e+02  1.79999821e+02
 1.07151931e+02  4.65219097e+01  1.07151931e+02  1.79999820e+02
 1.07977516e+02  4.65219097e+01  1.07977516e+02  1.79999819e+02
 1.08809463e+02  4.65219097e+01  1.08809463e+02  1.79999817e+02
 1.09647820e+02  4.65219097e+01  1.09647820e+02  1.79999816e+02
 1.10492636e+02  4.65219097e+01  1.10492636e+02  1.79999815e+02
 1.11343961e+02  4.65219097e+01  1.11343961e+02  1.79999813e+02
 1.12201845e+02  4.65219097e+01  1.12201845e+02  1.79999812e+02
 1.13066340e+02  4.65219097e+01  1.13066340e+02  1.79999810e+02
 1.13937495e+02  4.65219097e+01  1.13937495e+02  1.79999809e+02
 1.14815362e+02  4.65219097e+01  1.14815362e+02  1.79999807e+02
 1.15699993e+02  4.65219097e+01  1.15699993e+02  1.79999806e+02
 1.16591440e+02  4.65219097e+01  1.16591440e+02  1.79999804e+02
 1.17489755e+02  4.65219097e+01  1.17489755e+02  1.79999803e+02
 1.18394992e+02  4.65219097e+01  1.18394992e+02  1.79999801e+02
 1.19307204e+02  4.65219097e+01  1.19307204e+02  1.79999800e+02
 1.20226443e+02  4.65219097e+01  1.20226443e+02  1.79999798e+02
 1.21152766e+02  4.65219097e+01  1.21152766e+02  1.79999797e+02
 1.22086225e+02  4.65219097e+01  1.22086225e+02  1.79999795e+02
 1.23026877e+02  4.65219097e+01  1.23026877e+02  1.79999793e+02
 1.23974776e+02  4.65219097e+01  1.23974776e+02  1.79999792e+02
 1.24929979e+02  4.65219097e+01  1.24929979e+02  1.79999790e+02
 1.25892541e+02  4.65219097e+01  1.25892541e+02  1.79999789e+02
 1.26862520e+02  4.65219097e+01  1.26862520e+02  1.79999787e+02
 1.27839972e+02  4.65219097e+01  1.27839972e+02  1.79999785e+02
 1.28824955e+02  4.65219097e+01  1.28824955e+02  1.79999784e+02
 1.29817528e+02  4.65219097e+01  1.29817528e+02  1.79999782e+02
 1.30817747e+02  4.65219097e+01  1.30817747e+02  1.79999780e+02
 1.31825674e+02  4.65219097e+01  1.31825674e+02  1.79999779e+02
 1.32841366e+02  4.65219097e+01  1.32841366e+02  1.79999777e+02
 1.33864884e+02  4.65219097e+01  1.33864884e+02  1.79999775e+02
 1.34896288e+02  4.65219097e+01  1.34896288e+02  1.79999774e+02
 1.35935639e+02  4.65219097e+01  1.35935639e+02  1.79999772e+02
 1.36982998e+02  4.65219097e+01  1.36982998e+02  1.79999770e+02
 1.38038426e+02  4.65219097e+01  1.38038426e+02  1.79999768e+02
 1.39101987e+02  4.65219097e+01  1.39101987e+02  1.79999766e+02
 1.40173742e+02  4.65219097e+01  1.40173742e+02  1.79999765e+02
 1.41253754e+02  4.65219097e+01  1.41253754e+02  1.79999763e+02
 1.42342088e+02  4.65219097e+01  1.42342088e+02  1.79999761e+02
 1.43438808e+02  4.65219097e+01  1.43438808e+02  1.79999759e+02
 1.44543977e+02  4.65219097e+01  1.44543977e+02  1.79999757e+02
 1.45657662e+02  4.65219097e+01  1.45657662e+02  1.79999755e+02
 1.46779927e+02  4.65219097e+01  1.46779927e+02  1.79999754e+02
 1.47910839e+02  4.65219097e+01  1.47910839e+02  1.79999752e+02
 1.49050464e+02  4.65219097e+01  1.49050464e+02  1.79999750e+02
 1.50198870e+02  4.65219097e+01  1.50198870e+02  1.79999748e+02
 1.51356125e+02  4.65219097e+01  1.51356125e+02  1.79999746e+02
 1.52522296e+02  4.65219097e+01  1.52522296e+02  1.79999744e+02
 1.53697452e+02  4.65219097e+01  1.53697452e+02  1.79999742e+02
 1.54881662e+02  4.65219097e+01  1.54881662e+02  1.79999740e+02
 1.56074996e+02  4.65219097e+01  1.56074996e+02  1.79999738e+02
 1.57277525e+02  4.65219097e+01  1.57277525e+02  1.79999736e+02
 1.58489319e+02  4.65219097e+01  1.58489319e+02  1.79999734e+02
 1.59710450e+02  4.65219097e+01  1.59710450e+02  1.79999732e+02
 1.60940989e+02  4.65219097e+01  1.60940989e+02  1.79999730e+02
 1.62181010e+02  4.65219097e+01  1.62181010e+02  1.79999728e+02
 1.63430584e+02  4.65219097e+01  1.63430584e+02  1.79999726e+02
 1.64689787e+02  4.65219097e+01  1.64689787e+02  1.79999724e+02
 1.65958691e+02  4.65219097e+01  1.65958691e+02  1.79999721e+02
 1.67237372e+02  4.65219097e+01  1.67237372e+02  1.79999719e+02
 1.68525904e+02  4.65219097e+01  1.68525904e+02  1.79999717e+02
 1.69824365e+02  4.65219097e+01  1.69824365e+02  1.79999715e+02
 1.71132830e+02  4.65219097e+01  1.71132830e+02  1.79999713e+02
 1.72451377e+02  4.65219097e+01  1.72451377e+02  1.79999710e+02
 1.73780083e+02  4.65219097e+01  1.73780083e+02  1.79999708e+02
 1.75119026e+02  4.65219097e+01  1.75119026e+02  1.79999706e+02
 1.76468286e+02  4.65219097e+01  1.76468286e+02  1.79999704e+02
 1.77827941e+02  4.65219097e+01  1.77827941e+02  1.79999701e+02
 1.79198072e+02  4.65219097e+01  1.79198072e+02  1.79999699e+02
 1.80578760e+02  4.65219097e+01  1.80578760e+02  1.79999697e+02
 1.81970086e+02  4.65219097e+01  1.81970086e+02  1.79999695e+02
 1.83372132e+02  4.65219097e+01  1.83372132e+02  1.79999692e+02
 1.84784980e+02  4.65219097e+01  1.84784980e+02  1.79999690e+02
 1.86208714e+02  4.65219097e+01  1.86208714e+02  1.79999687e+02
 1.87643417e+02  4.65219097e+01  1.87643417e+02  1.79999685e+02
 1.89089175e+02  4.65219097e+01  1.89089175e+02  1.79999683e+02
 1.90546072e+02  4.65219097e+01  1.90546072e+02  1.79999680e+02
 1.92014194e+02  4.65219097e+01  1.92014194e+02  1.79999678e+02
 1.93493628e+02  4.65219097e+01  1.93493628e+02  1.79999675e+02
 1.94984460e+02  4.65219097e+01  1.94984460e+02  1.79999673e+02
 1.96486779e+02  4.65219097e+01  1.96486779e+02  1.79999670e+02
 1.98000673e+02  4.65219097e+01  1.98000673e+02  1.79999668e+02
 1.99526231e+02  4.65219097e+01  1.99526231e+02  1.79999665e+02
 2.01063544e+02  4.65219097e+01  2.01063544e+02  1.79999662e+02
 2.02612701e+02  4.65219097e+01  2.02612701e+02  1.79999660e+02
 2.04173794e+02  4.65219097e+01  2.04173794e+02  1.79999657e+02
 2.05746916e+02  4.65219097e+01  2.05746916e+02  1.79999655e+02
 2.07332157e+02  4.65219097e+01  2.07332157e+02  1.79999652e+02
 2.08929613e+02  4.65219097e+01  2.08929613e+02  1.79999649e+02
 2.10539377e+02  4.65219097e+01  2.10539377e+02  1.79999647e+02
 2.12161544e+02  4.65219097e+01  2.12161544e+02  1.79999644e+02
 2.13796209e+02  4.65219097e+01  2.13796209e+02  1.79999641e+02
 2.15443469e+02  4.65219097e+01  2.15443469e+02  1.79999638e+02
 2.17103421e+02  4.65219097e+01  2.17103421e+02  1.79999636e+02
 2.18776162e+02  4.65219097e+01  2.18776162e+02  1.79999633e+02
 2.20461792e+02  4.65219097e+01  2.20461792e+02  1.79999630e+02
 2.22160409e+02  4.65219097e+01  2.22160409e+02  1.79999627e+02
 2.23872114e+02  4.65219097e+01  2.23872114e+02  1.79999624e+02
 2.25597007e+02  4.65219097e+01  2.25597007e+02  1.79999621e+02
 2.27335190e+02  4.65219097e+01  2.27335190e+02  1.79999618e+02
 2.29086765e+02  4.65219097e+01  2.29086765e+02  1.79999615e+02
 2.30851836e+02  4.65219097e+01  2.30851836e+02  1.79999612e+02
 2.32630507e+02  4.65219097e+01  2.32630507e+02  1.79999609e+02
 2.34422882e+02  4.65219097e+01  2.34422882e+02  1.79999606e+02
 2.36229066e+02  4.65219097e+01  2.36229066e+02  1.79999603e+02
 2.38049167e+02  4.65219097e+01  2.38049167e+02  1.79999600e+02
 2.39883292e+02  4.65219097e+01  2.39883292e+02  1.79999597e+02
 2.41731548e+02  4.65219097e+01  2.41731548e+02  1.79999594e+02
 2.43594045e+02  4.65219097e+01  2.43594045e+02  1.79999591e+02
 2.45470892e+02  4.65219097e+01  2.45470892e+02  1.79999588e+02
 2.47362199e+02  4.65219097e+01  2.47362199e+02  1.79999585e+02
 2.49268079e+02  4.65219097e+01  2.49268079e+02  1.79999582e+02
 2.51188643e+02  4.65219097e+01  2.51188643e+02  1.79999578e+02
 2.53124005e+02  4.65219097e+01  2.53124005e+02  1.79999575e+02
 2.55074278e+02  4.65219097e+01  2.55074278e+02  1.79999572e+02
 2.57039578e+02  4.65219097e+01  2.57039578e+02  1.79999568e+02
 2.59020020e+02  4.65219097e+01  2.59020020e+02  1.79999565e+02
 2.61015722e+02  4.65219097e+01  2.61015722e+02  1.79999562e+02
 2.63026799e+02  4.65219097e+01  2.63026799e+02  1.79999558e+02
 2.65053372e+02  4.65219097e+01  2.65053372e+02  1.79999555e+02
 2.67095559e+02  4.65219097e+01  2.67095559e+02  1.79999552e+02
 2.69153480e+02  4.65219097e+01  2.69153480e+02  1.79999548e+02
 2.71227258e+02  4.65219097e+01  2.71227258e+02  1.79999545e+02
 2.73317014e+02  4.65219097e+01  2.73317014e+02  1.79999541e+02
 2.75422870e+02  4.65219097e+01  2.75422870e+02  1.79999538e+02
 2.77544952e+02  4.65219097e+01  2.77544952e+02  1.79999534e+02
 2.79683385e+02  4.65219097e+01  2.79683385e+02  1.79999530e+02
 2.81838293e+02  4.65219097e+01  2.81838293e+02  1.79999527e+02
 2.84009805e+02  4.65219097e+01  2.84009805e+02  1.79999523e+02
 2.86198048e+02  4.65219097e+01  2.86198048e+02  1.79999520e+02
 2.88403150e+02  4.65219097e+01  2.88403150e+02  1.79999516e+02
 2.90625243e+02  4.65219097e+01  2.90625243e+02  1.79999512e+02
 2.92864456e+02  4.65219097e+01  2.92864456e+02  1.79999508e+02
 2.95120923e+02  4.65219097e+01  2.95120923e+02  1.79999505e+02
 2.97394775e+02  4.65219097e+01  2.97394775e+02  1.79999501e+02
 2.99686146e+02  4.65219097e+01  2.99686146e+02  1.79999497e+02
 3.01995172e+02  4.65219097e+01  3.01995172e+02  1.79999493e+02
 3.04321989e+02  4.65219097e+01  3.04321989e+02  1.79999489e+02
 3.06666733e+02  4.65219098e+01  3.06666733e+02  1.79999485e+02
 3.09029543e+02  4.65219098e+01  3.09029543e+02  1.79999481e+02
 3.11410558e+02  4.65219098e+01  3.11410558e+02  1.79999477e+02
 3.13809919e+02  4.65219098e+01  3.13809919e+02  1.79999473e+02
 3.16227766e+02  4.65219098e+01  3.16227766e+02  1.79999469e+02
 3.18664242e+02  4.65219098e+01  3.18664242e+02  1.79999465e+02
 3.21119491e+02  4.65219098e+01  3.21119491e+02  1.79999461e+02
 3.23593657e+02  4.65219098e+01  3.23593657e+02  1.79999457e+02
 3.26086886e+02  4.65219098e+01  3.26086886e+02  1.79999453e+02
 3.28599325e+02  4.65219098e+01  3.28599325e+02  1.79999448e+02
 3.31131121e+02  4.65219098e+01  3.31131121e+02  1.79999444e+02
 3.33682425e+02  4.65219098e+01  3.33682425e+02  1.79999440e+02
 3.36253386e+02  4.65219098e+01  3.36253386e+02  1.79999435e+02
 3.38844156e+02  4.65219098e+01  3.38844156e+02  1.79999431e+02
 3.41454887e+02  4.65219098e+01  3.41454887e+02  1.79999427e+02
 3.44085734e+02  4.65219098e+01  3.44085734e+02  1.79999422e+02
 3.46736850e+02  4.65219098e+01  3.46736850e+02  1.79999418e+02
 3.49408393e+02  4.65219098e+01  3.49408393e+02  1.79999413e+02
 3.52100520e+02  4.65219098e+01  3.52100520e+02  1.79999409e+02
 3.54813389e+02  4.65219098e+01  3.54813389e+02  1.79999404e+02
 3.57547160e+02  4.65219098e+01  3.57547160e+02  1.79999400e+02
 3.60301995e+02  4.65219098e+01  3.60301995e+02  1.79999395e+02
 3.63078055e+02  4.65219098e+01  3.63078055e+02  1.79999390e+02
 3.65875504e+02  4.65219098e+01  3.65875504e+02  1.79999386e+02
 3.68694506e+02  4.65219098e+01  3.68694506e+02  1.79999381e+02
 3.71535229e+02  4.65219098e+01  3.71535229e+02  1.79999376e+02
 3.74397839e+02  4.65219098e+01  3.74397839e+02  1.79999371e+02
 3.77282505e+02  4.65219098e+01  3.77282505e+02  1.79999367e+02
 3.80189396e+02  4.65219098e+01  3.80189396e+02  1.79999362e+02
 3.83118685e+02  4.65219098e+01  3.83118685e+02  1.79999357e+02
 3.86070543e+02  4.65219098e+01  3.86070543e+02  1.79999352e+02
 3.89045145e+02  4.65219098e+01  3.89045145e+02  1.79999347e+02
 3.92042666e+02  4.65219098e+01  3.92042666e+02  1.79999342e+02
 3.95063281e+02  4.65219098e+01  3.95063281e+02  1.79999337e+02
 3.98107171e+02  4.65219098e+01  3.98107171e+02  1.79999332e+02
 4.01174512e+02  4.65219098e+01  4.01174512e+02  1.79999326e+02
 4.04265487e+02  4.65219098e+01  4.04265487e+02  1.79999321e+02
 4.07380278e+02  4.65219098e+01  4.07380278e+02  1.79999316e+02
 4.10519067e+02  4.65219098e+01  4.10519067e+02  1.79999311e+02
 4.13682040e+02  4.65219098e+01  4.13682040e+02  1.79999305e+02
 4.16869383e+02  4.65219098e+01  4.16869383e+02  1.79999300e+02
 4.20081285e+02  4.65219098e+01  4.20081285e+02  1.79999295e+02
 4.23317933e+02  4.65219098e+01  4.23317933e+02  1.79999289e+02
 4.26579519e+02  4.65219098e+01  4.26579519e+02  1.79999284e+02
 4.29866235e+02  4.65219098e+01  4.29866235e+02  1.79999278e+02
 4.33178274e+02  4.65219098e+01  4.33178274e+02  1.79999273e+02
 4.36515832e+02  4.65219098e+01  4.36515832e+02  1.79999267e+02
 4.39879106e+02  4.65219098e+01  4.39879106e+02  1.79999262e+02
 4.43268292e+02  4.65219098e+01  4.43268292e+02  1.79999256e+02
 4.46683592e+02  4.65219098e+01  4.46683592e+02  1.79999250e+02
 4.50125206e+02  4.65219098e+01  4.50125206e+02  1.79999244e+02
 4.53593337e+02  4.65219098e+01  4.53593337e+02  1.79999238e+02
 4.57088190e+02  4.65219098e+01  4.57088190e+02  1.79999233e+02
 4.60609969e+02  4.65219098e+01  4.60609969e+02  1.79999227e+02
 4.64158883e+02  4.65219098e+01  4.64158883e+02  1.79999221e+02
 4.67735141e+02  4.65219098e+01  4.67735141e+02  1.79999215e+02
 4.71338954e+02  4.65219098e+01  4.71338954e+02  1.79999209e+02
 4.74970533e+02  4.65219099e+01  4.74970533e+02  1.79999203e+02
 4.78630092e+02  4.65219099e+01  4.78630092e+02  1.79999196e+02
 4.82317848e+02  4.65219099e+01  4.82317848e+02  1.79999190e+02
 4.86034018e+02  4.65219099e+01  4.86034018e+02  1.79999184e+02
 4.89778819e+02  4.65219099e+01  4.89778819e+02  1.79999178e+02
 4.93552474e+02  4.65219099e+01  4.93552474e+02  1.79999171e+02
 4.97355204e+02  4.65219099e+01  4.97355204e+02  1.79999165e+02
 5.01187234e+02  4.65219099e+01  5.01187234e+02  1.79999159e+02
 5.05048788e+02  4.65219099e+01  5.05048788e+02  1.79999152e+02
 5.08940095e+02  4.65219099e+01  5.08940095e+02  1.79999146e+02
 5.12861384e+02  4.65219099e+01  5.12861384e+02  1.79999139e+02
 5.16812886e+02  4.65219099e+01  5.16812886e+02  1.79999132e+02
 5.20794833e+02  4.65219099e+01  5.20794833e+02  1.79999126e+02
 5.24807460e+02  4.65219099e+01  5.24807460e+02  1.79999119e+02
 5.28851004e+02  4.65219099e+01  5.28851004e+02  1.79999112e+02
 5.32925703e+02  4.65219099e+01  5.32925703e+02  1.79999105e+02
 5.37031796e+02  4.65219099e+01  5.37031796e+02  1.79999098e+02
 5.41169527e+02  4.65219099e+01  5.41169527e+02  1.79999091e+02
 5.45339137e+02  4.65219099e+01  5.45339137e+02  1.79999084e+02
 5.49540874e+02  4.65219099e+01  5.49540874e+02  1.79999077e+02
 5.53774984e+02  4.65219099e+01  5.53774984e+02  1.79999070e+02
 5.58041717e+02  4.65219099e+01  5.58041717e+02  1.79999063e+02
 5.62341325e+02  4.65219099e+01  5.62341325e+02  1.79999056e+02
 5.66674061e+02  4.65219099e+01  5.66674061e+02  1.79999049e+02
 5.71040179e+02  4.65219099e+01  5.71040179e+02  1.79999041e+02
 5.75439937e+02  4.65219099e+01  5.75439937e+02  1.79999034e+02
 5.79873595e+02  4.65219099e+01  5.79873595e+02  1.79999026e+02
 5.84341413e+02  4.65219099e+01  5.84341413e+02  1.79999019e+02
 5.88843655e+02  4.65219099e+01  5.88843655e+02  1.79999011e+02
 5.93380586e+02  4.65219099e+01  5.93380586e+02  1.79999004e+02
 5.97952473e+02  4.65219099e+01  5.97952473e+02  1.79998996e+02
 6.02559586e+02  4.65219100e+01  6.02559586e+02  1.79998988e+02
 6.07202196e+02  4.65219100e+01  6.07202196e+02  1.79998981e+02
 6.11880576e+02  4.65219100e+01  6.11880576e+02  1.79998973e+02
 6.16595002e+02  4.65219100e+01  6.16595002e+02  1.79998965e+02
 6.21345752e+02  4.65219100e+01  6.21345752e+02  1.79998957e+02
 6.26133105e+02  4.65219100e+01  6.26133105e+02  1.79998949e+02
 6.30957344e+02  4.65219100e+01  6.30957344e+02  1.79998941e+02
 6.35818754e+02  4.65219100e+01  6.35818754e+02  1.79998933e+02
 6.40717619e+02  4.65219100e+01  6.40717619e+02  1.79998924e+02
 6.45654229e+02  4.65219100e+01  6.45654229e+02  1.79998916e+02
 6.50628875e+02  4.65219100e+01  6.50628875e+02  1.79998908e+02
 6.55641849e+02  4.65219100e+01  6.55641849e+02  1.79998899e+02
 6.60693448e+02  4.65219100e+01  6.60693448e+02  1.79998891e+02
 6.65783968e+02  4.65219100e+01  6.65783968e+02  1.79998882e+02
 6.70913710e+02  4.65219100e+01  6.70913710e+02  1.79998874e+02
 6.76082975e+02  4.65219100e+01  6.76082975e+02  1.79998865e+02
 6.81292069e+02  4.65219100e+01  6.81292069e+02  1.79998856e+02
 6.86541298e+02  4.65219100e+01  6.86541298e+02  1.79998847e+02
 6.91830971e+02  4.65219100e+01  6.91830971e+02  1.79998839e+02
 6.97161400e+02  4.65219100e+01  6.97161400e+02  1.79998830e+02
 7.02532899e+02  4.65219101e+01  7.02532899e+02  1.79998821e+02
 7.07945784e+02  4.65219101e+01  7.07945784e+02  1.79998811e+02
 7.13400375e+02  4.65219101e+01  7.13400375e+02  1.79998802e+02
 7.18896992e+02  4.65219101e+01  7.18896992e+02  1.79998793e+02
 7.24435960e+02  4.65219101e+01  7.24435960e+02  1.79998784e+02
 7.30017605e+02  4.65219101e+01  7.30017605e+02  1.79998774e+02
 7.35642254e+02  4.65219101e+01  7.35642254e+02  1.79998765e+02
 7.41310241e+02  4.65219101e+01  7.41310241e+02  1.79998755e+02
 7.47021899e+02  4.65219101e+01  7.47021899e+02  1.79998746e+02
 7.52777564e+02  4.65219101e+01  7.52777564e+02  1.79998736e+02
 7.58577575e+02  4.65219101e+01  7.58577575e+02  1.79998726e+02
 7.64422274e+02  4.65219101e+01  7.64422274e+02  1.79998717e+02
 7.70312006e+02  4.65219101e+01  7.70312006e+02  1.79998707e+02
 7.76247117e+02  4.65219101e+01  7.76247117e+02  1.79998697e+02
 7.82227956e+02  4.65219101e+01  7.82227956e+02  1.79998687e+02
 7.88254877e+02  4.65219101e+01  7.88254877e+02  1.79998677e+02
 7.94328235e+02  4.65219102e+01  7.94328235e+02  1.79998666e+02
 8.00448386e+02  4.65219102e+01  8.00448386e+02  1.79998656e+02
 8.06615692e+02  4.65219102e+01  8.06615692e+02  1.79998646e+02
 8.12830516e+02  4.65219102e+01  8.12830516e+02  1.79998635e+02
 8.19093224e+02  4.65219102e+01  8.19093224e+02  1.79998625e+02
 8.25404185e+02  4.65219102e+01  8.25404185e+02  1.79998614e+02
 8.31763771e+02  4.65219102e+01  8.31763771e+02  1.79998604e+02
 8.38172356e+02  4.65219102e+01  8.38172356e+02  1.79998593e+02
 8.44630319e+02  4.65219102e+01  8.44630319e+02  1.79998582e+02
 8.51138038e+02  4.65219102e+01  8.51138038e+02  1.79998571e+02
 8.57695899e+02  4.65219102e+01  8.57695899e+02  1.79998560e+02
 8.64304286e+02  4.65219102e+01  8.64304286e+02  1.79998549e+02
 8.70963590e+02  4.65219103e+01  8.70963590e+02  1.79998538e+02
 8.77674203e+02  4.65219103e+01  8.77674203e+02  1.79998527e+02
 8.84436519e+02  4.65219103e+01  8.84436519e+02  1.79998515e+02
 8.91250938e+02  4.65219103e+01  8.91250938e+02  1.79998504e+02
 8.98117861e+02  4.65219103e+01  8.98117861e+02  1.79998492e+02
 9.05037692e+02  4.65219103e+01  9.05037692e+02  1.79998481e+02
 9.12010839e+02  4.65219103e+01  9.12010839e+02  1.79998469e+02
 9.19037713e+02  4.65219103e+01  9.19037713e+02  1.79998457e+02
 9.26118728e+02  4.65219103e+01  9.26118728e+02  1.79998445e+02
 9.33254301e+02  4.65219103e+01  9.33254301e+02  1.79998433e+02
 9.40444852e+02  4.65219103e+01  9.40444852e+02  1.79998421e+02
 9.47690805e+02  4.65219104e+01  9.47690805e+02  1.79998409e+02
 9.54992586e+02  4.65219104e+01  9.54992586e+02  1.79998397e+02
 9.62350626e+02  4.65219104e+01  9.62350626e+02  1.79998384e+02
 9.69765359e+02  4.65219104e+01  9.69765359e+02  1.79998372e+02
 9.77237221e+02  4.65219104e+01  9.77237221e+02  1.79998359e+02
 9.84766652e+02  4.65219104e+01  9.84766652e+02  1.79998347e+02
 9.92354096e+02  4.65219104e+01  9.92354096e+02  1.79998334e+02
 1.00000000e+03  4.65219104e+01  1.00000000e+03  1.79998321e+02
 1.00770481e+03  4.65219104e+01  1.00770481e+03  1.79998308e+02
 1.01546899e+03  4.65219105e+01  1.01546899e+03  1.79998295e+02
 1.02329299e+03  4.65219105e+01  1.02329299e+03  1.79998282e+02
 1.03117727e+03  4.65219105e+01  1.03117727e+03  1.79998269e+02
 1.03912230e+03  4.65219105e+01  1.03912230e+03  1.79998255e+02
 1.04712855e+03  4.65219105e+01  1.04712855e+03  1.79998242e+02
 1.05519648e+03  4.65219105e+01  1.05519648e+03  1.79998229e+02
 1.06332657e+03  4.65219105e+01  1.06332657e+03  1.79998215e+02
 1.07151931e+03  4.65219105e+01  1.07151931e+03  1.79998201e+02
 1.07977516e+03  4.65219106e+01  1.07977516e+03  1.79998187e+02
 1.08809463e+03  4.65219106e+01  1.08809463e+03  1.79998173e+02
 1.09647820e+03  4.65219106e+01  1.09647820e+03  1.79998159e+02
 1.10492636e+03  4.65219106e+01  1.10492636e+03  1.79998145e+02
 1.11343961e+03  4.65219106e+01  1.11343961e+03  1.79998131e+02
 1.12201845e+03  4.65219106e+01  1.12201845e+03  1.79998116e+02
 1.13066340e+03  4.65219106e+01  1.13066340e+03  1.79998102e+02
 1.13937495e+03  4.65219107e+01  1.13937495e+03  1.79998087e+02
 1.14815362e+03  4.65219107e+01  1.14815362e+03  1.79998072e+02
 1.15699993e+03  4.65219107e+01  1.15699993e+03  1.79998058e+02
 1.16591440e+03  4.65219107e+01  1.16591440e+03  1.79998043e+02
 1.17489755e+03  4.65219107e+01  1.17489755e+03  1.79998028e+02
 1.18394992e+03  4.65219107e+01  1.18394992e+03  1.79998012e+02
 1.19307204e+03  4.65219108e+01  1.19307204e+03  1.79997997e+02
 1.20226443e+03  4.65219108e+01  1.20226443e+03  1.79997982e+02
 1.21152766e+03  4.65219108e+01  1.21152766e+03  1.79997966e+02
 1.22086225e+03  4.65219108e+01  1.22086225e+03  1.79997950e+02
 1.23026877e+03  4.65219108e+01  1.23026877e+03  1.79997935e+02
 1.23974776e+03  4.65219108e+01  1.23974776e+03  1.79997919e+02
 1.24929979e+03  4.65219109e+01  1.24929979e+03  1.79997903e+02
 1.25892541e+03  4.65219109e+01  1.25892541e+03  1.79997886e+02
 1.26862520e+03  4.65219109e+01  1.26862520e+03  1.79997870e+02
 1.27839972e+03  4.65219109e+01  1.27839972e+03  1.79997854e+02
 1.28824955e+03  4.65219109e+01  1.28824955e+03  1.79997837e+02
 1.29817528e+03  4.65219110e+01  1.29817528e+03  1.79997821e+02
 1.30817747e+03  4.65219110e+01  1.30817747e+03  1.79997804e+02
 1.31825674e+03  4.65219110e+01  1.31825674e+03  1.79997787e+02
 1.32841366e+03  4.65219110e+01  1.32841366e+03  1.79997770e+02
 1.33864884e+03  4.65219110e+01  1.33864884e+03  1.79997753e+02
 1.34896288e+03  4.65219111e+01  1.34896288e+03  1.79997735e+02
 1.35935639e+03  4.65219111e+01  1.35935639e+03  1.79997718e+02
 1.36982998e+03  4.65219111e+01  1.36982998e+03  1.79997700e+02
 1.38038426e+03  4.65219111e+01  1.38038426e+03  1.79997683e+02
 1.39101987e+03  4.65219111e+01  1.39101987e+03  1.79997665e+02
 1.40173742e+03  4.65219112e+01  1.40173742e+03  1.79997647e+02
 1.41253754e+03  4.65219112e+01  1.41253754e+03  1.79997629e+02
 1.42342088e+03  4.65219112e+01  1.42342088e+03  1.79997610e+02
 1.43438808e+03  4.65219112e+01  1.43438808e+03  1.79997592e+02
 1.44543977e+03  4.65219113e+01  1.44543977e+03  1.79997573e+02
 1.45657662e+03  4.65219113e+01  1.45657662e+03  1.79997555e+02
 1.46779927e+03  4.65219113e+01  1.46779927e+03  1.79997536e+02
 1.47910839e+03  4.65219113e+01  1.47910839e+03  1.79997517e+02
 1.49050464e+03  4.65219114e+01  1.49050464e+03  1.79997498e+02
 1.50198870e+03  4.65219114e+01  1.50198870e+03  1.79997478e+02
 1.51356125e+03  4.65219114e+01  1.51356125e+03  1.79997459e+02
 1.52522296e+03  4.65219114e+01  1.52522296e+03  1.79997439e+02
 1.53697452e+03  4.65219115e+01  1.53697452e+03  1.79997420e+02
 1.54881662e+03  4.65219115e+01  1.54881662e+03  1.79997400e+02
 1.56074996e+03  4.65219115e+01  1.56074996e+03  1.79997380e+02
 1.57277525e+03  4.65219116e+01  1.57277525e+03  1.79997360e+02
 1.58489319e+03  4.65219116e+01  1.58489319e+03  1.79997339e+02
 1.59710450e+03  4.65219116e+01  1.59710450e+03  1.79997319e+02
 1.60940989e+03  4.65219116e+01  1.60940989e+03  1.79997298e+02
 1.62181010e+03  4.65219117e+01  1.62181010e+03  1.79997277e+02
 1.63430584e+03  4.65219117e+01  1.63430584e+03  1.79997256e+02
 1.64689787e+03  4.65219117e+01  1.64689787e+03  1.79997235e+02
 1.65958691e+03  4.65219118e+01  1.65958691e+03  1.79997214e+02
 1.67237372e+03  4.65219118e+01  1.67237372e+03  1.79997192e+02
 1.68525904e+03  4.65219118e+01  1.68525904e+03  1.79997171e+02
 1.69824365e+03  4.65219119e+01  1.69824365e+03  1.79997149e+02
 1.71132830e+03  4.65219119e+01  1.71132830e+03  1.79997127e+02
 1.72451377e+03  4.65219119e+01  1.72451377e+03  1.79997105e+02
 1.73780083e+03  4.65219120e+01  1.73780083e+03  1.79997083e+02
 1.75119026e+03  4.65219120e+01  1.75119026e+03  1.79997060e+02
 1.76468286e+03  4.65219120e+01  1.76468286e+03  1.79997037e+02
 1.77827941e+03  4.65219121e+01  1.77827941e+03  1.79997015e+02
 1.79198072e+03  4.65219121e+01  1.79198072e+03  1.79996992e+02
 1.80578760e+03  4.65219121e+01  1.80578760e+03  1.79996968e+02
 1.81970086e+03  4.65219122e+01  1.81970086e+03  1.79996945e+02
 1.83372132e+03  4.65219122e+01  1.83372132e+03  1.79996921e+02
 1.84784980e+03  4.65219123e+01  1.84784980e+03  1.79996898e+02
 1.86208714e+03  4.65219123e+01  1.86208714e+03  1.79996874e+02
 1.87643417e+03  4.65219123e+01  1.87643417e+03  1.79996850e+02
 1.89089175e+03  4.65219124e+01  1.89089175e+03  1.79996826e+02
 1.90546072e+03  4.65219124e+01  1.90546072e+03  1.79996801e+02
 1.92014194e+03  4.65219125e+01  1.92014194e+03  1.79996776e+02
 1.93493628e+03  4.65219125e+01  1.93493628e+03  1.79996752e+02
 1.94984460e+03  4.65219126e+01  1.94984460e+03  1.79996727e+02
 1.96486779e+03  4.65219126e+01  1.96486779e+03  1.79996701e+02
 1.98000673e+03  4.65219126e+01  1.98000673e+03  1.79996676e+02
 1.99526231e+03  4.65219127e+01  1.99526231e+03  1.79996650e+02
 2.01063544e+03  4.65219127e+01  2.01063544e+03  1.79996624e+02
 2.02612701e+03  4.65219128e+01  2.02612701e+03  1.79996598e+02
 2.04173794e+03  4.65219128e+01  2.04173794e+03  1.79996572e+02
 2.05746916e+03  4.65219129e+01  2.05746916e+03  1.79996546e+02
 2.07332157e+03  4.65219129e+01  2.07332157e+03  1.79996519e+02
 2.08929613e+03  4.65219130e+01  2.08929613e+03  1.79996492e+02
 2.10539377e+03  4.65219130e+01  2.10539377e+03  1.79996465e+02
 2.12161544e+03  4.65219131e+01  2.12161544e+03  1.79996438e+02
 2.13796209e+03  4.65219131e+01  2.13796209e+03  1.79996411e+02
 2.15443469e+03  4.65219132e+01  2.15443469e+03  1.79996383e+02
 2.17103421e+03  4.65219133e+01  2.17103421e+03  1.79996355e+02
 2.18776162e+03  4.65219133e+01  2.18776162e+03  1.79996327e+02
 2.20461792e+03  4.65219134e+01  2.20461792e+03  1.79996299e+02
 2.22160409e+03  4.65219134e+01  2.22160409e+03  1.79996270e+02
 2.23872114e+03  4.65219135e+01  2.23872114e+03  1.79996242e+02
 2.25597007e+03  4.65219135e+01  2.25597007e+03  1.79996213e+02
 2.27335190e+03  4.65219136e+01  2.27335190e+03  1.79996183e+02
 2.29086765e+03  4.65219137e+01  2.29086765e+03  1.79996154e+02
 2.30851836e+03  4.65219137e+01  2.30851836e+03  1.79996124e+02
 2.32630507e+03  4.65219138e+01  2.32630507e+03  1.79996095e+02
 2.34422882e+03  4.65219138e+01  2.34422882e+03  1.79996064e+02
 2.36229066e+03  4.65219139e+01  2.36229066e+03  1.79996034e+02
 2.38049167e+03  4.65219140e+01  2.38049167e+03  1.79996004e+02
 2.39883292e+03  4.65219140e+01  2.39883292e+03  1.79995973e+02
 2.41731548e+03  4.65219141e+01  2.41731548e+03  1.79995942e+02
 2.43594045e+03  4.65219142e+01  2.43594045e+03  1.79995910e+02
 2.45470892e+03  4.65219142e+01  2.45470892e+03  1.79995879e+02
 2.47362199e+03  4.65219143e+01  2.47362199e+03  1.79995847e+02
 2.49268079e+03  4.65219144e+01  2.49268079e+03  1.79995815e+02
 2.51188643e+03  4.65219145e+01  2.51188643e+03  1.79995783e+02
 2.53124005e+03  4.65219145e+01  2.53124005e+03  1.79995750e+02
 2.55074278e+03  4.65219146e+01  2.55074278e+03  1.79995718e+02
 2.57039578e+03  4.65219147e+01  2.57039578e+03  1.79995685e+02
 2.59020020e+03  4.65219148e+01  2.59020020e+03  1.79995651e+02
 2.61015722e+03  4.65219148e+01  2.61015722e+03  1.79995618e+02
 2.63026799e+03  4.65219149e+01  2.63026799e+03  1.79995584e+02
 2.65053372e+03  4.65219150e+01  2.65053372e+03  1.79995550e+02
 2.67095559e+03  4.65219151e+01  2.67095559e+03  1.79995516e+02
 2.69153480e+03  4.65219152e+01  2.69153480e+03  1.79995481e+02
 2.71227258e+03  4.65219153e+01  2.71227258e+03  1.79995447e+02
 2.73317014e+03  4.65219153e+01  2.73317014e+03  1.79995411e+02
 2.75422870e+03  4.65219154e+01  2.75422870e+03  1.79995376e+02
 2.77544952e+03  4.65219155e+01  2.77544952e+03  1.79995340e+02
 2.79683385e+03  4.65219156e+01  2.79683385e+03  1.79995305e+02
 2.81838293e+03  4.65219157e+01  2.81838293e+03  1.79995268e+02
 2.84009805e+03  4.65219158e+01  2.84009805e+03  1.79995232e+02
 2.86198048e+03  4.65219159e+01  2.86198048e+03  1.79995195e+02
 2.88403150e+03  4.65219160e+01  2.88403150e+03  1.79995158e+02
 2.90625243e+03  4.65219161e+01  2.90625243e+03  1.79995121e+02
 2.92864456e+03  4.65219162e+01  2.92864456e+03  1.79995083e+02
 2.95120923e+03  4.65219163e+01  2.95120923e+03  1.79995045e+02
 2.97394775e+03  4.65219164e+01  2.97394775e+03  1.79995007e+02
 2.99686146e+03  4.65219165e+01  2.99686146e+03  1.79994969e+02
 3.01995172e+03  4.65219166e+01  3.01995172e+03  1.79994930e+02
 3.04321989e+03  4.65219167e+01  3.04321989e+03  1.79994891e+02
 3.06666733e+03  4.65219168e+01  3.06666733e+03  1.79994852e+02
 3.09029543e+03  4.65219169e+01  3.09029543e+03  1.79994812e+02
 3.11410558e+03  4.65219170e+01  3.11410558e+03  1.79994772e+02
 3.13809919e+03  4.65219171e+01  3.13809919e+03  1.79994732e+02
 3.16227766e+03  4.65219173e+01  3.16227766e+03  1.79994691e+02
 3.18664242e+03  4.65219174e+01  3.18664242e+03  1.79994650e+02
 3.21119491e+03  4.65219175e+01  3.21119491e+03  1.79994609e+02
 3.23593657e+03  4.65219176e+01  3.23593657e+03  1.79994567e+02
 3.26086886e+03  4.65219177e+01  3.26086886e+03  1.79994526e+02
 3.28599325e+03  4.65219179e+01  3.28599325e+03  1.79994483e+02
 3.31131121e+03  4.65219180e+01  3.31131121e+03  1.79994441e+02
 3.33682425e+03  4.65219181e+01  3.33682425e+03  1.79994398e+02
 3.36253386e+03  4.65219182e+01  3.36253386e+03  1.79994355e+02
 3.38844156e+03  4.65219184e+01  3.38844156e+03  1.79994311e+02
 3.41454887e+03  4.65219185e+01  3.41454887e+03  1.79994268e+02
 3.44085734e+03  4.65219187e+01  3.44085734e+03  1.79994223e+02
 3.46736850e+03  4.65219188e+01  3.46736850e+03  1.79994179e+02
 3.49408393e+03  4.65219189e+01  3.49408393e+03  1.79994134e+02
 3.52100520e+03  4.65219191e+01  3.52100520e+03  1.79994089e+02
 3.54813389e+03  4.65219192e+01  3.54813389e+03  1.79994043e+02
 3.57547160e+03  4.65219194e+01  3.57547160e+03  1.79993997e+02
 3.60301995e+03  4.65219195e+01  3.60301995e+03  1.79993951e+02
 3.63078055e+03  4.65219197e+01  3.63078055e+03  1.79993905e+02
 3.65875504e+03  4.65219198e+01  3.65875504e+03  1.79993858e+02
 3.68694506e+03  4.65219200e+01  3.68694506e+03  1.79993810e+02
 3.71535229e+03  4.65219201e+01  3.71535229e+03  1.79993763e+02
 3.74397839e+03  4.65219203e+01  3.74397839e+03  1.79993714e+02
 3.77282505e+03  4.65219205e+01  3.77282505e+03  1.79993666e+02
 3.80189396e+03  4.65219206e+01  3.80189396e+03  1.79993617e+02
 3.83118685e+03  4.65219208e+01  3.83118685e+03  1.79993568e+02
 3.86070543e+03  4.65219210e+01  3.86070543e+03  1.79993519e+02
 3.89045145e+03  4.65219211e+01  3.89045145e+03  1.79993469e+02
 3.92042666e+03  4.65219213e+01  3.92042666e+03  1.79993418e+02
 3.95063281e+03  4.65219215e+01  3.95063281e+03  1.79993368e+02
 3.98107171e+03  4.65219217e+01  3.98107171e+03  1.79993316e+02
 4.01174512e+03  4.65219219e+01  4.01174512e+03  1.79993265e+02
 4.04265487e+03  4.65219221e+01  4.04265487e+03  1.79993213e+02
 4.07380278e+03  4.65219223e+01  4.07380278e+03  1.79993161e+02
 4.10519067e+03  4.65219225e+01  4.10519067e+03  1.79993108e+02
 4.13682040e+03  4.65219226e+01  4.13682040e+03  1.79993055e+02
 4.16869383e+03  4.65219228e+01  4.16869383e+03  1.79993001e+02
 4.20081285e+03  4.65219231e+01  4.20081285e+03  1.79992948e+02
 4.23317933e+03  4.65219233e+01  4.23317933e+03  1.79992893e+02
 4.26579519e+03  4.65219235e+01  4.26579519e+03  1.79992838e+02
 4.29866235e+03  4.65219237e+01  4.29866235e+03  1.79992783e+02
 4.33178274e+03  4.65219239e+01  4.33178274e+03  1.79992728e+02
 4.36515832e+03  4.65219241e+01  4.36515832e+03  1.79992672e+02
 4.39879106e+03  4.65219243e+01  4.39879106e+03  1.79992615e+02
 4.43268292e+03  4.65219246e+01  4.43268292e+03  1.79992558e+02
 4.46683592e+03  4.65219248e+01  4.46683592e+03  1.79992501e+02
 4.50125206e+03  4.65219250e+01  4.50125206e+03  1.79992443e+02
 4.53593337e+03  4.65219253e+01  4.53593337e+03  1.79992385e+02
 4.57088190e+03  4.65219255e+01  4.57088190e+03  1.79992326e+02
 4.60609969e+03  4.65219258e+01  4.60609969e+03  1.79992267e+02
 4.64158883e+03  4.65219260e+01  4.64158883e+03  1.79992208e+02
 4.67735141e+03  4.65219263e+01  4.67735141e+03  1.79992147e+02
 4.71338954e+03  4.65219265e+01  4.71338954e+03  1.79992087e+02
 4.74970533e+03  4.65219268e+01  4.74970533e+03  1.79992026e+02
 4.78630092e+03  4.65219270e+01  4.78630092e+03  1.79991965e+02
 4.82317848e+03  4.65219273e+01  4.82317848e+03  1.79991903e+02
 4.86034018e+03  4.65219276e+01  4.86034018e+03  1.79991840e+02
 4.89778819e+03  4.65219279e+01  4.89778819e+03  1.79991777e+02
 4.93552474e+03  4.65219281e+01  4.93552474e+03  1.79991714e+02
 4.97355204e+03  4.65219284e+01  4.97355204e+03  1.79991650e+02
 5.01187234e+03  4.65219287e+01  5.01187234e+03  1.79991586e+02
 5.05048788e+03  4.65219290e+01  5.05048788e+03  1.79991521e+02
 5.08940095e+03  4.65219293e+01  5.08940095e+03  1.79991456e+02
 5.12861384e+03  4.65219296e+01  5.12861384e+03  1.79991390e+02
 5.16812886e+03  4.65219299e+01  5.16812886e+03  1.79991324e+02
 5.20794833e+03  4.65219302e+01  5.20794833e+03  1.79991257e+02
 5.24807460e+03  4.65219306e+01  5.24807460e+03  1.79991189e+02
 5.28851004e+03  4.65219309e+01  5.28851004e+03  1.79991121e+02
 5.32925703e+03  4.65219312e+01  5.32925703e+03  1.79991053e+02
 5.37031796e+03  4.65219315e+01  5.37031796e+03  1.79990984e+02
 5.41169527e+03  4.65219319e+01  5.41169527e+03  1.79990915e+02
 5.45339137e+03  4.65219322e+01  5.45339137e+03  1.79990845e+02
 5.49540874e+03  4.65219326e+01  5.49540874e+03  1.79990774e+02
 5.53774984e+03  4.65219329e+01  5.53774984e+03  1.79990703e+02
 5.58041717e+03  4.65219333e+01  5.58041717e+03  1.79990631e+02
 5.62341325e+03  4.65219336e+01  5.62341325e+03  1.79990559e+02
 5.66674061e+03  4.65219340e+01  5.66674061e+03  1.79990486e+02
 5.71040179e+03  4.65219344e+01  5.71040179e+03  1.79990413e+02
 5.75439937e+03  4.65219348e+01  5.75439937e+03  1.79990339e+02
 5.79873595e+03  4.65219352e+01  5.79873595e+03  1.79990265e+02
 5.84341413e+03  4.65219356e+01  5.84341413e+03  1.79990190e+02
 5.88843655e+03  4.65219360e+01  5.88843655e+03  1.79990114e+02
 5.93380586e+03  4.65219364e+01  5.93380586e+03  1.79990038e+02
 5.97952473e+03  4.65219368e+01  5.97952473e+03  1.79989961e+02
 6.02559586e+03  4.65219372e+01  6.02559586e+03  1.79989884e+02
 6.07202196e+03  4.65219376e+01  6.07202196e+03  1.79989806e+02
 6.11880576e+03  4.65219381e+01  6.11880576e+03  1.79989727e+02
 6.16595002e+03  4.65219385e+01  6.16595002e+03  1.79989648e+02
 6.21345752e+03  4.65219389e+01  6.21345752e+03  1.79989569e+02
 6.26133105e+03  4.65219394e+01  6.26133105e+03  1.79989488e+02
 6.30957344e+03  4.65219398e+01  6.30957344e+03  1.79989407e+02
 6.35818754e+03  4.65219403e+01  6.35818754e+03  1.79989326e+02
 6.40717619e+03  4.65219408e+01  6.40717619e+03  1.79989243e+02
 6.45654229e+03  4.65219413e+01  6.45654229e+03  1.79989160e+02
 6.50628875e+03  4.65219418e+01  6.50628875e+03  1.79989077e+02
 6.55641849e+03  4.65219423e+01  6.55641849e+03  1.79988993e+02
 6.60693448e+03  4.65219428e+01  6.60693448e+03  1.79988908e+02
 6.65783968e+03  4.65219433e+01  6.65783968e+03  1.79988823e+02
 6.70913710e+03  4.65219438e+01  6.70913710e+03  1.79988736e+02
 6.76082975e+03  4.65219443e+01  6.76082975e+03  1.79988650e+02
 6.81292069e+03  4.65219449e+01  6.81292069e+03  1.79988562e+02
 6.86541298e+03  4.65219454e+01  6.86541298e+03  1.79988474e+02
 6.91830971e+03  4.65219459e+01  6.91830971e+03  1.79988385e+02
 6.97161400e+03  4.65219465e+01  6.97161400e+03  1.79988296e+02
 7.02532899e+03  4.65219471e+01  7.02532899e+03  1.79988206e+02
 7.07945784e+03  4.65219477e+01  7.07945784e+03  1.79988115e+02
 7.13400375e+03  4.65219482e+01  7.13400375e+03  1.79988023e+02
 7.18896992e+03  4.65219488e+01  7.18896992e+03  1.79987931e+02
 7.24435960e+03  4.65219494e+01  7.24435960e+03  1.79987838e+02
 7.30017605e+03  4.65219501e+01  7.30017605e+03  1.79987744e+02
 7.35642254e+03  4.65219507e+01  7.35642254e+03  1.79987650e+02
 7.41310241e+03  4.65219513e+01  7.41310241e+03  1.79987555e+02
 7.47021899e+03  4.65219520e+01  7.47021899e+03  1.79987459e+02
 7.52777564e+03  4.65219526e+01  7.52777564e+03  1.79987362e+02
 7.58577575e+03  4.65219533e+01  7.58577575e+03  1.79987265e+02
 7.64422274e+03  4.65219540e+01  7.64422274e+03  1.79987167e+02
 7.70312006e+03  4.65219546e+01  7.70312006e+03  1.79987068e+02
 7.76247117e+03  4.65219553e+01  7.76247117e+03  1.79986968e+02
 7.82227956e+03  4.65219560e+01  7.82227956e+03  1.79986868e+02
 7.88254877e+03  4.65219568e+01  7.88254877e+03  1.79986766e+02
 7.94328235e+03  4.65219575e+01  7.94328235e+03  1.79986664e+02
 8.00448386e+03  4.65219582e+01  8.00448386e+03  1.79986562e+02
 8.06615692e+03  4.65219590e+01  8.06615692e+03  1.79986458e+02
 8.12830516e+03  4.65219597e+01  8.12830516e+03  1.79986354e+02
 8.19093224e+03  4.65219605e+01  8.19093224e+03  1.79986249e+02
 8.25404185e+03  4.65219613e+01  8.25404185e+03  1.79986143e+02
 8.31763771e+03  4.65219621e+01  8.31763771e+03  1.79986036e+02
 8.38172356e+03  4.65219629e+01  8.38172356e+03  1.79985928e+02
 8.44630319e+03  4.65219637e+01  8.44630319e+03  1.79985820e+02
 8.51138038e+03  4.65219646e+01  8.51138038e+03  1.79985711e+02
 8.57695899e+03  4.65219654e+01  8.57695899e+03  1.79985601e+02
 8.64304286e+03  4.65219663e+01  8.64304286e+03  1.79985490e+02
 8.70963590e+03  4.65219672e+01  8.70963590e+03  1.79985378e+02
 8.77674203e+03  4.65219681e+01  8.77674203e+03  1.79985265e+02
 8.84436519e+03  4.65219690e+01  8.84436519e+03  1.79985152e+02
 8.91250938e+03  4.65219699e+01  8.91250938e+03  1.79985037e+02
 8.98117861e+03  4.65219708e+01  8.98117861e+03  1.79984922e+02
 9.05037692e+03  4.65219717e+01  9.05037692e+03  1.79984806e+02
 9.12010839e+03  4.65219727e+01  9.12010839e+03  1.79984689e+02
 9.19037713e+03  4.65219737e+01  9.19037713e+03  1.79984571e+02
 9.26118728e+03  4.65219747e+01  9.26118728e+03  1.79984452e+02
 9.33254301e+03  4.65219757e+01  9.33254301e+03  1.79984332e+02
 9.40444852e+03  4.65219767e+01  9.40444852e+03  1.79984211e+02
 9.47690805e+03  4.65219777e+01  9.47690805e+03  1.79984090e+02
 9.54992586e+03  4.65219788e+01  9.54992586e+03  1.79983967e+02
 9.62350626e+03  4.65219799e+01  9.62350626e+03  1.79983844e+02
 9.69765359e+03  4.65219809e+01  9.69765359e+03  1.79983719e+02
 9.77237221e+03  4.65219820e+01  9.77237221e+03  1.79983594e+02
 9.84766652e+03  4.65219832e+01  9.84766652e+03  1.79983467e+02
 9.92354096e+03  4.65219843e+01  9.92354096e+03  1.79983340e+02
 1.00000000e+04  4.65219855e+01  1.00000000e+04  1.79983211e+02
 1.00770481e+04  4.65219866e+01  1.00770481e+04  1.79983082e+02
 1.01546899e+04  4.65219878e+01  1.01546899e+04  1.79982952e+02
 1.02329299e+04  4.65219890e+01  1.02329299e+04  1.79982820e+02
 1.03117727e+04  4.65219903e+01  1.03117727e+04  1.79982688e+02
 1.03912230e+04  4.65219915e+01  1.03912230e+04  1.79982555e+02
 1.04712855e+04  4.65219928e+01  1.04712855e+04  1.79982420e+02
 1.05519648e+04  4.65219941e+01  1.05519648e+04  1.79982285e+02
 1.06332657e+04  4.65219954e+01  1.06332657e+04  1.79982148e+02
 1.07151931e+04  4.65219967e+01  1.07151931e+04  1.79982011e+02
 1.07977516e+04  4.65219980e+01  1.07977516e+04  1.79981872e+02
 1.08809463e+04  4.65219994e+01  1.08809463e+04  1.79981732e+02
 1.09647820e+04  4.65220008e+01  1.09647820e+04  1.79981592e+02
 1.10492636e+04  4.65220022e+01  1.10492636e+04  1.79981450e+02
 1.11343961e+04  4.65220036e+01  1.11343961e+04  1.79981307e+02
 1.12201845e+04  4.65220051e+01  1.12201845e+04  1.79981163e+02
 1.13066340e+04  4.65220066e+01  1.13066340e+04  1.79981018e+02
 1.13937495e+04  4.65220081e+01  1.13937495e+04  1.79980871e+02
 1.14815362e+04  4.65220096e+01  1.14815362e+04  1.79980724e+02
 1.15699993e+04  4.65220111e+01  1.15699993e+04  1.79980576e+02
 1.16591440e+04  4.65220127e+01  1.16591440e+04  1.79980426e+02
 1.17489755e+04  4.65220143e+01  1.17489755e+04  1.79980275e+02
 1.18394992e+04  4.65220159e+01  1.18394992e+04  1.79980123e+02
 1.19307204e+04  4.65220175e+01  1.19307204e+04  1.79979970e+02
 1.20226443e+04  4.65220192e+01  1.20226443e+04  1.79979816e+02
 1.21152766e+04  4.65220209e+01  1.21152766e+04  1.79979660e+02
 1.22086225e+04  4.65220226e+01  1.22086225e+04  1.79979503e+02
 1.23026877e+04  4.65220244e+01  1.23026877e+04  1.79979345e+02
 1.23974776e+04  4.65220262e+01  1.23974776e+04  1.79979186e+02
 1.24929979e+04  4.65220280e+01  1.24929979e+04  1.79979026e+02
 1.25892541e+04  4.65220298e+01  1.25892541e+04  1.79978864e+02
 1.26862520e+04  4.65220316e+01  1.26862520e+04  1.79978701e+02
 1.27839972e+04  4.65220335e+01  1.27839972e+04  1.79978537e+02
 1.28824955e+04  4.65220354e+01  1.28824955e+04  1.79978372e+02
 1.29817528e+04  4.65220374e+01  1.29817528e+04  1.79978205e+02
 1.30817747e+04  4.65220394e+01  1.30817747e+04  1.79978037e+02
 1.31825674e+04  4.65220414e+01  1.31825674e+04  1.79977868e+02
 1.32841366e+04  4.65220434e+01  1.32841366e+04  1.79977698e+02
 1.33864884e+04  4.65220455e+01  1.33864884e+04  1.79977526e+02
 1.34896288e+04  4.65220476e+01  1.34896288e+04  1.79977353e+02
 1.35935639e+04  4.65220497e+01  1.35935639e+04  1.79977178e+02
 1.36982998e+04  4.65220519e+01  1.36982998e+04  1.79977002e+02
 1.38038426e+04  4.65220541e+01  1.38038426e+04  1.79976825e+02
 1.39101987e+04  4.65220563e+01  1.39101987e+04  1.79976646e+02
 1.40173742e+04  4.65220586e+01  1.40173742e+04  1.79976466e+02
 1.41253754e+04  4.65220609e+01  1.41253754e+04  1.79976285e+02
 1.42342088e+04  4.65220632e+01  1.42342088e+04  1.79976102e+02
 1.43438808e+04  4.65220656e+01  1.43438808e+04  1.79975918e+02
 1.44543977e+04  4.65220680e+01  1.44543977e+04  1.79975733e+02
 1.45657662e+04  4.65220705e+01  1.45657662e+04  1.79975546e+02
 1.46779927e+04  4.65220729e+01  1.46779927e+04  1.79975357e+02
 1.47910839e+04  4.65220755e+01  1.47910839e+04  1.79975167e+02
 1.49050464e+04  4.65220780e+01  1.49050464e+04  1.79974976e+02
 1.50198870e+04  4.65220806e+01  1.50198870e+04  1.79974783e+02
 1.51356125e+04  4.65220833e+01  1.51356125e+04  1.79974589e+02
 1.52522296e+04  4.65220860e+01  1.52522296e+04  1.79974393e+02
 1.53697452e+04  4.65220887e+01  1.53697452e+04  1.79974196e+02
 1.54881662e+04  4.65220915e+01  1.54881662e+04  1.79973997e+02
 1.56074996e+04  4.65220943e+01  1.56074996e+04  1.79973797e+02
 1.57277525e+04  4.65220971e+01  1.57277525e+04  1.79973595e+02
 1.58489319e+04  4.65221000e+01  1.58489319e+04  1.79973391e+02
 1.59710450e+04  4.65221030e+01  1.59710450e+04  1.79973186e+02
 1.60940989e+04  4.65221060e+01  1.60940989e+04  1.79972980e+02
 1.62181010e+04  4.65221090e+01  1.62181010e+04  1.79972771e+02
 1.63430584e+04  4.65221121e+01  1.63430584e+04  1.79972562e+02
 1.64689787e+04  4.65221152e+01  1.64689787e+04  1.79972350e+02
 1.65958691e+04  4.65221184e+01  1.65958691e+04  1.79972137e+02
 1.67237372e+04  4.65221216e+01  1.67237372e+04  1.79971922e+02
 1.68525904e+04  4.65221249e+01  1.68525904e+04  1.79971706e+02
 1.69824365e+04  4.65221282e+01  1.69824365e+04  1.79971488e+02
 1.71132830e+04  4.65221316e+01  1.71132830e+04  1.79971268e+02
 1.72451377e+04  4.65221350e+01  1.72451377e+04  1.79971047e+02
 1.73780083e+04  4.65221385e+01  1.73780083e+04  1.79970824e+02
 1.75119026e+04  4.65221421e+01  1.75119026e+04  1.79970599e+02
 1.76468286e+04  4.65221457e+01  1.76468286e+04  1.79970373e+02
 1.77827941e+04  4.65221493e+01  1.77827941e+04  1.79970144e+02
 1.79198072e+04  4.65221530e+01  1.79198072e+04  1.79969914e+02
 1.80578760e+04  4.65221568e+01  1.80578760e+04  1.79969682e+02
 1.81970086e+04  4.65221606e+01  1.81970086e+04  1.79969449e+02
 1.83372132e+04  4.65221645e+01  1.83372132e+04  1.79969213e+02
 1.84784980e+04  4.65221684e+01  1.84784980e+04  1.79968976e+02
 1.86208714e+04  4.65221724e+01  1.86208714e+04  1.79968737e+02
 1.87643417e+04  4.65221765e+01  1.87643417e+04  1.79968496e+02
 1.89089175e+04  4.65221806e+01  1.89089175e+04  1.79968253e+02
 1.90546072e+04  4.65221848e+01  1.90546072e+04  1.79968009e+02
 1.92014194e+04  4.65221891e+01  1.92014194e+04  1.79967762e+02
 1.93493628e+04  4.65221934e+01  1.93493628e+04  1.79967514e+02
 1.94984460e+04  4.65221978e+01  1.94984460e+04  1.79967263e+02
 1.96486779e+04  4.65222022e+01  1.96486779e+04  1.79967011e+02
 1.98000673e+04  4.65222068e+01  1.98000673e+04  1.79966757e+02
 1.99526231e+04  4.65222114e+01  1.99526231e+04  1.79966501e+02
 2.01063544e+04  4.65222160e+01  2.01063544e+04  1.79966243e+02
 2.02612701e+04  4.65222208e+01  2.02612701e+04  1.79965983e+02
 2.04173794e+04  4.65222256e+01  2.04173794e+04  1.79965720e+02
 2.05746916e+04  4.65222305e+01  2.05746916e+04  1.79965456e+02
 2.07332157e+04  4.65222354e+01  2.07332157e+04  1.79965190e+02
 2.08929613e+04  4.65222405e+01  2.08929613e+04  1.79964922e+02
 2.10539377e+04  4.65222456e+01  2.10539377e+04  1.79964652e+02
 2.12161544e+04  4.65222508e+01  2.12161544e+04  1.79964379e+02
 2.13796209e+04  4.65222561e+01  2.13796209e+04  1.79964105e+02
 2.15443469e+04  4.65222614e+01  2.15443469e+04  1.79963828e+02
 2.17103421e+04  4.65222669e+01  2.17103421e+04  1.79963549e+02
 2.18776162e+04  4.65222724e+01  2.18776162e+04  1.79963268e+02
 2.20461792e+04  4.65222780e+01  2.20461792e+04  1.79962985e+02
 2.22160409e+04  4.65222837e+01  2.22160409e+04  1.79962700e+02
 2.23872114e+04  4.65222895e+01  2.23872114e+04  1.79962413e+02
 2.25597007e+04  4.65222954e+01  2.25597007e+04  1.79962123e+02
 2.27335190e+04  4.65223013e+01  2.27335190e+04  1.79961831e+02
 2.29086765e+04  4.65223074e+01  2.29086765e+04  1.79961537e+02
 2.30851836e+04  4.65223135e+01  2.30851836e+04  1.79961241e+02
 2.32630507e+04  4.65223198e+01  2.32630507e+04  1.79960942e+02
 2.34422882e+04  4.65223261e+01  2.34422882e+04  1.79960641e+02
 2.36229066e+04  4.65223326e+01  2.36229066e+04  1.79960338e+02
 2.38049167e+04  4.65223391e+01  2.38049167e+04  1.79960032e+02
 2.39883292e+04  4.65223457e+01  2.39883292e+04  1.79959724e+02
 2.41731548e+04  4.65223525e+01  2.41731548e+04  1.79959414e+02
 2.43594045e+04  4.65223593e+01  2.43594045e+04  1.79959101e+02
 2.45470892e+04  4.65223663e+01  2.45470892e+04  1.79958786e+02
 2.47362199e+04  4.65223734e+01  2.47362199e+04  1.79958468e+02
 2.49268079e+04  4.65223805e+01  2.49268079e+04  1.79958148e+02
 2.51188643e+04  4.65223878e+01  2.51188643e+04  1.79957826e+02
 2.53124005e+04  4.65223952e+01  2.53124005e+04  1.79957500e+02
 2.55074278e+04  4.65224027e+01  2.55074278e+04  1.79957173e+02
 2.57039578e+04  4.65224104e+01  2.57039578e+04  1.79956843e+02
 2.59020020e+04  4.65224181e+01  2.59020020e+04  1.79956510e+02
 2.61015722e+04  4.65224260e+01  2.61015722e+04  1.79956175e+02
 2.63026799e+04  4.65224339e+01  2.63026799e+04  1.79955837e+02
 2.65053372e+04  4.65224421e+01  2.65053372e+04  1.79955497e+02
 2.67095559e+04  4.65224503e+01  2.67095559e+04  1.79955154e+02
 2.69153480e+04  4.65224587e+01  2.69153480e+04  1.79954809e+02
 2.71227258e+04  4.65224672e+01  2.71227258e+04  1.79954460e+02
 2.73317014e+04  4.65224758e+01  2.73317014e+04  1.79954109e+02
 2.75422870e+04  4.65224845e+01  2.75422870e+04  1.79953756e+02
 2.77544952e+04  4.65224934e+01  2.77544952e+04  1.79953399e+02
 2.79683385e+04  4.65225025e+01  2.79683385e+04  1.79953040e+02
 2.81838293e+04  4.65225116e+01  2.81838293e+04  1.79952678e+02
 2.84009805e+04  4.65225209e+01  2.84009805e+04  1.79952314e+02
 2.86198048e+04  4.65225304e+01  2.86198048e+04  1.79951946e+02
 2.88403150e+04  4.65225400e+01  2.88403150e+04  1.79951576e+02
 2.90625243e+04  4.65225498e+01  2.90625243e+04  1.79951202e+02
 2.92864456e+04  4.65225596e+01  2.92864456e+04  1.79950826e+02
 2.95120923e+04  4.65225697e+01  2.95120923e+04  1.79950447e+02
 2.97394775e+04  4.65225799e+01  2.97394775e+04  1.79950066e+02
 2.99686146e+04  4.65225903e+01  2.99686146e+04  1.79949681e+02
 3.01995172e+04  4.65226008e+01  3.01995172e+04  1.79949293e+02
 3.04321989e+04  4.65226115e+01  3.04321989e+04  1.79948902e+02
 3.06666733e+04  4.65226224e+01  3.06666733e+04  1.79948508e+02
 3.09029543e+04  4.65226334e+01  3.09029543e+04  1.79948111e+02
 3.11410558e+04  4.65226446e+01  3.11410558e+04  1.79947712e+02
 3.13809919e+04  4.65226560e+01  3.13809919e+04  1.79947309e+02
 3.16227766e+04  4.65226675e+01  3.16227766e+04  1.79946902e+02
 3.18664242e+04  4.65226792e+01  3.18664242e+04  1.79946493e+02
 3.21119491e+04  4.65226911e+01  3.21119491e+04  1.79946081e+02
 3.23593657e+04  4.65227032e+01  3.23593657e+04  1.79945665e+02
 3.26086886e+04  4.65227155e+01  3.26086886e+04  1.79945246e+02
 3.28599325e+04  4.65227280e+01  3.28599325e+04  1.79944824e+02
 3.31131121e+04  4.65227406e+01  3.31131121e+04  1.79944399e+02
 3.33682425e+04  4.65227535e+01  3.33682425e+04  1.79943971e+02
 3.36253386e+04  4.65227665e+01  3.36253386e+04  1.79943539e+02
 3.38844156e+04  4.65227798e+01  3.38844156e+04  1.79943104e+02
 3.41454887e+04  4.65227932e+01  3.41454887e+04  1.79942665e+02
 3.44085734e+04  4.65228069e+01  3.44085734e+04  1.79942223e+02
 3.46736850e+04  4.65228208e+01  3.46736850e+04  1.79941778e+02
 3.49408393e+04  4.65228349e+01  3.49408393e+04  1.79941329e+02
 3.52100520e+04  4.65228492e+01  3.52100520e+04  1.79940877e+02
 3.54813389e+04  4.65228637e+01  3.54813389e+04  1.79940421e+02
 3.57547160e+04  4.65228785e+01  3.57547160e+04  1.79939962e+02
 3.60301995e+04  4.65228935e+01  3.60301995e+04  1.79939499e+02
 3.63078055e+04  4.65229087e+01  3.63078055e+04  1.79939033e+02
 3.65875504e+04  4.65229241e+01  3.65875504e+04  1.79938563e+02
 3.68694506e+04  4.65229398e+01  3.68694506e+04  1.79938089e+02
 3.71535229e+04  4.65229558e+01  3.71535229e+04  1.79937612e+02
 3.74397839e+04  4.65229719e+01  3.74397839e+04  1.79937131e+02
 3.77282505e+04  4.65229884e+01  3.77282505e+04  1.79936647e+02
 3.80189396e+04  4.65230051e+01  3.80189396e+04  1.79936158e+02
 3.83118685e+04  4.65230220e+01  3.83118685e+04  1.79935666e+02
 3.86070543e+04  4.65230392e+01  3.86070543e+04  1.79935170e+02
 3.89045145e+04  4.65230567e+01  3.89045145e+04  1.79934670e+02
 3.92042666e+04  4.65230744e+01  3.92042666e+04  1.79934167e+02
 3.95063281e+04  4.65230924e+01  3.95063281e+04  1.79933659e+02
 3.98107171e+04  4.65231107e+01  3.98107171e+04  1.79933148e+02
 4.01174512e+04  4.65231294e+01  4.01174512e+04  1.79932633e+02
 4.04265487e+04  4.65231482e+01  4.04265487e+04  1.79932113e+02
 4.07380278e+04  4.65231674e+01  4.07380278e+04  1.79931590e+02
 4.10519067e+04  4.65231868e+01  4.10519067e+04  1.79931063e+02
 4.13682040e+04  4.65232066e+01  4.13682040e+04  1.79930531e+02
 4.16869383e+04  4.65232266e+01  4.16869383e+04  1.79929996e+02
 4.20081285e+04  4.65232470e+01  4.20081285e+04  1.79929456e+02
 4.23317933e+04  4.65232677e+01  4.23317933e+04  1.79928912e+02
 4.26579519e+04  4.65232887e+01  4.26579519e+04  1.79928364e+02
 4.29866235e+04  4.65233101e+01  4.29866235e+04  1.79927812e+02
 4.33178274e+04  4.65233317e+01  4.33178274e+04  1.79927255e+02
 4.36515832e+04  4.65233537e+01  4.36515832e+04  1.79926695e+02
 4.39879106e+04  4.65233760e+01  4.39879106e+04  1.79926129e+02
 4.43268292e+04  4.65233987e+01  4.43268292e+04  1.79925560e+02
 4.46683592e+04  4.65234218e+01  4.46683592e+04  1.79924986e+02
 4.50125206e+04  4.65234452e+01  4.50125206e+04  1.79924408e+02
 4.53593337e+04  4.65234689e+01  4.53593337e+04  1.79923825e+02
 4.57088190e+04  4.65234930e+01  4.57088190e+04  1.79923238e+02
 4.60609969e+04  4.65235176e+01  4.60609969e+04  1.79922646e+02
 4.64158883e+04  4.65235424e+01  4.64158883e+04  1.79922049e+02
 4.67735141e+04  4.65235677e+01  4.67735141e+04  1.79921448e+02
 4.71338954e+04  4.65235933e+01  4.71338954e+04  1.79920843e+02
 4.74970533e+04  4.65236194e+01  4.74970533e+04  1.79920232e+02
 4.78630092e+04  4.65236458e+01  4.78630092e+04  1.79919617e+02
 4.82317848e+04  4.65236727e+01  4.82317848e+04  1.79918998e+02
 4.86034018e+04  4.65237000e+01  4.86034018e+04  1.79918373e+02
 4.89778819e+04  4.65237277e+01  4.89778819e+04  1.79917744e+02
 4.93552474e+04  4.65237558e+01  4.93552474e+04  1.79917109e+02
 4.97355204e+04  4.65237843e+01  4.97355204e+04  1.79916470e+02
 5.01187234e+04  4.65238133e+01  5.01187234e+04  1.79915826e+02
 5.05048788e+04  4.65238428e+01  5.05048788e+04  1.79915177e+02
 5.08940095e+04  4.65238727e+01  5.08940095e+04  1.79914523e+02
 5.12861384e+04  4.65239031e+01  5.12861384e+04  1.79913864e+02
 5.16812886e+04  4.65239339e+01  5.16812886e+04  1.79913200e+02
 5.20794833e+04  4.65239652e+01  5.20794833e+04  1.79912530e+02
 5.24807460e+04  4.65239970e+01  5.24807460e+04  1.79911856e+02
 5.28851004e+04  4.65240293e+01  5.28851004e+04  1.79911176e+02
 5.32925703e+04  4.65240621e+01  5.32925703e+04  1.79910491e+02
 5.37031796e+04  4.65240954e+01  5.37031796e+04  1.79909801e+02
 5.41169527e+04  4.65241292e+01  5.41169527e+04  1.79909105e+02
 5.45339137e+04  4.65241636e+01  5.45339137e+04  1.79908404e+02
 5.49540874e+04  4.65241984e+01  5.49540874e+04  1.79907698e+02
 5.53774984e+04  4.65242338e+01  5.53774984e+04  1.79906986e+02
 5.58041717e+04  4.65242698e+01  5.58041717e+04  1.79906269e+02
 5.62341325e+04  4.65243064e+01  5.62341325e+04  1.79905546e+02
 5.66674061e+04  4.65243434e+01  5.66674061e+04  1.79904817e+02
 5.71040179e+04  4.65243810e+01  5.71040179e+04  1.79904083e+02
 5.75439937e+04  4.65244193e+01  5.75439937e+04  1.79903343e+02
 5.79873595e+04  4.65244581e+01  5.79873595e+04  1.79902598e+02
 5.84341413e+04  4.65244975e+01  5.84341413e+04  1.79901847e+02
 5.88843655e+04  4.65245375e+01  5.88843655e+04  1.79901090e+02
 5.93380586e+04  4.65245782e+01  5.93380586e+04  1.79900327e+02
 5.97952473e+04  4.65246195e+01  5.97952473e+04  1.79899558e+02
 6.02559586e+04  4.65246614e+01  6.02559586e+04  1.79898783e+02
 6.07202196e+04  4.65247040e+01  6.07202196e+04  1.79898002e+02
 6.11880576e+04  4.65247472e+01  6.11880576e+04  1.79897216e+02
 6.16595002e+04  4.65247912e+01  6.16595002e+04  1.79896423e+02
 6.21345752e+04  4.65248357e+01  6.21345752e+04  1.79895624e+02
 6.26133105e+04  4.65248810e+01  6.26133105e+04  1.79894819e+02
 6.30957344e+04  4.65249269e+01  6.30957344e+04  1.79894007e+02
 6.35818754e+04  4.65249736e+01  6.35818754e+04  1.79893189e+02
 6.40717619e+04  4.65250211e+01  6.40717619e+04  1.79892365e+02
 6.45654229e+04  4.65250691e+01  6.45654229e+04  1.79891535e+02
 6.50628875e+04  4.65251180e+01  6.50628875e+04  1.79890698e+02
 6.55641849e+04  4.65251678e+01  6.55641849e+04  1.79889855e+02
 6.60693448e+04  4.65252182e+01  6.60693448e+04  1.79889005e+02
 6.65783968e+04  4.65252692e+01  6.65783968e+04  1.79888149e+02
 6.70913710e+04  4.65253213e+01  6.70913710e+04  1.79887286e+02
 6.76082975e+04  4.65253741e+01  6.76082975e+04  1.79886416e+02
 6.81292069e+04  4.65254277e+01  6.81292069e+04  1.79885540e+02
 6.86541298e+04  4.65254821e+01  6.86541298e+04  1.79884657e+02
 6.91830971e+04  4.65255375e+01  6.91830971e+04  1.79883767e+02
 6.97161400e+04  4.65255935e+01  6.97161400e+04  1.79882870e+02
 7.02532899e+04  4.65256505e+01  7.02532899e+04  1.79881966e+02
 7.07945784e+04  4.65257084e+01  7.07945784e+04  1.79881055e+02
 7.13400375e+04  4.65257672e+01  7.13400375e+04  1.79880137e+02
 7.18896992e+04  4.65258268e+01  7.18896992e+04  1.79879212e+02
 7.24435960e+04  4.65258875e+01  7.24435960e+04  1.79878280e+02
 7.30017605e+04  4.65259490e+01  7.30017605e+04  1.79877340e+02
 7.35642254e+04  4.65260115e+01  7.35642254e+04  1.79876394e+02
 7.41310241e+04  4.65260749e+01  7.41310241e+04  1.79875440e+02
 7.47021899e+04  4.65261394e+01  7.47021899e+04  1.79874478e+02
 7.52777564e+04  4.65262049e+01  7.52777564e+04  1.79873510e+02
 7.58577575e+04  4.65262713e+01  7.58577575e+04  1.79872533e+02
 7.64422274e+04  4.65263387e+01  7.64422274e+04  1.79871549e+02
 7.70312006e+04  4.65264073e+01  7.70312006e+04  1.79870558e+02
 7.76247117e+04  4.65264768e+01  7.76247117e+04  1.79869559e+02
 7.82227956e+04  4.65265476e+01  7.82227956e+04  1.79868552e+02
 7.88254877e+04  4.65266194e+01  7.88254877e+04  1.79867537e+02
 7.94328235e+04  4.65266922e+01  7.94328235e+04  1.79866514e+02
 8.00448386e+04  4.65267663e+01  8.00448386e+04  1.79865484e+02
 8.06615692e+04  4.65268414e+01  8.06615692e+04  1.79864445e+02
 8.12830516e+04  4.65269177e+01  8.12830516e+04  1.79863399e+02
 8.19093224e+04  4.65269953e+01  8.19093224e+04  1.79862344e+02
 8.25404185e+04  4.65270738e+01  8.25404185e+04  1.79861281e+02
 8.31763771e+04  4.65271538e+01  8.31763771e+04  1.79860210e+02
 8.38172356e+04  4.65272350e+01  8.38172356e+04  1.79859131e+02
 8.44630319e+04  4.65273174e+01  8.44630319e+04  1.79858043e+02
 8.51138038e+04  4.65274011e+01  8.51138038e+04  1.79856947e+02
 8.57695899e+04  4.65274860e+01  8.57695899e+04  1.79855842e+02
 8.64304286e+04  4.65275723e+01  8.64304286e+04  1.79854729e+02
 8.70963590e+04  4.65276599e+01  8.70963590e+04  1.79853607e+02
 8.77674203e+04  4.65277489e+01  8.77674203e+04  1.79852476e+02
 8.84436519e+04  4.65278391e+01  8.84436519e+04  1.79851337e+02
 8.91250938e+04  4.65279309e+01  8.91250938e+04  1.79850189e+02
 8.98117861e+04  4.65280241e+01  8.98117861e+04  1.79849031e+02
 9.05037692e+04  4.65281187e+01  9.05037692e+04  1.79847865e+02
 9.12010839e+04  4.65282148e+01  9.12010839e+04  1.79846690e+02
 9.19037713e+04  4.65283124e+01  9.19037713e+04  1.79845506e+02
 9.26118728e+04  4.65284115e+01  9.26118728e+04  1.79844312e+02
 9.33254301e+04  4.65285121e+01  9.33254301e+04  1.79843109e+02
 9.40444852e+04  4.65286142e+01  9.40444852e+04  1.79841897e+02
 9.47690805e+04  4.65287182e+01  9.47690805e+04  1.79840676e+02
 9.54992586e+04  4.65288234e+01  9.54992586e+04  1.79839445e+02
 9.62350626e+04  4.65289303e+01  9.62350626e+04  1.79838204e+02
 9.69765359e+04  4.65290390e+01  9.69765359e+04  1.79836954e+02
 9.77237221e+04  4.65291494e+01  9.77237221e+04  1.79835694e+02
 9.84766652e+04  4.65292613e+01  9.84766652e+04  1.79834424e+02
 9.92354096e+04  4.65293752e+01  9.92354096e+04  1.79833145e+02
 1.00000000e+05  4.65294907e+01  1.00000000e+05  1.79831855e+02
 1.00770481e+05  4.65296080e+01  1.00770481e+05  1.79830555e+02
 1.01546899e+05  4.65297271e+01  1.01546899e+05  1.79829246e+02
 1.02329299e+05  4.65298482e+01  1.02329299e+05  1.79827926e+02
 1.03117727e+05  4.65299710e+01  1.03117727e+05  1.79826596e+02
 1.03912230e+05  4.65300957e+01  1.03912230e+05  1.79825255e+02
 1.04712855e+05  4.65302224e+01  1.04712855e+05  1.79823904e+02
 1.05519648e+05  4.65303510e+01  1.05519648e+05  1.79822543e+02
 1.06332657e+05  4.65304820e+01  1.06332657e+05  1.79821171e+02
 1.07151931e+05  4.65306145e+01  1.07151931e+05  1.79819788e+02
 1.07977516e+05  4.65307491e+01  1.07977516e+05  1.79818394e+02
 1.08809463e+05  4.65308860e+01  1.08809463e+05  1.79816990e+02
 1.09647820e+05  4.65310248e+01  1.09647820e+05  1.79815575e+02
 1.10492636e+05  4.65311659e+01  1.10492636e+05  1.79814148e+02
 1.11343961e+05  4.65313091e+01  1.11343961e+05  1.79812711e+02
 1.12201845e+05  4.65314546e+01  1.12201845e+05  1.79811262e+02
 1.13066340e+05  4.65316023e+01  1.13066340e+05  1.79809802e+02
 1.13937495e+05  4.65317524e+01  1.13937495e+05  1.79808331e+02
 1.14815362e+05  4.65319048e+01  1.14815362e+05  1.79806848e+02
 1.15699993e+05  4.65320597e+01  1.15699993e+05  1.79805354e+02
 1.16591440e+05  4.65322165e+01  1.16591440e+05  1.79803847e+02
 1.17489755e+05  4.65323760e+01  1.17489755e+05  1.79802330e+02
 1.18394992e+05  4.65325381e+01  1.18394992e+05  1.79800800e+02
 1.19307204e+05  4.65327026e+01  1.19307204e+05  1.79799258e+02
 1.20226443e+05  4.65328697e+01  1.20226443e+05  1.79797705e+02
 1.21152766e+05  4.65330393e+01  1.21152766e+05  1.79796139e+02
 1.22086225e+05  4.65332114e+01  1.22086225e+05  1.79794561e+02
 1.23026877e+05  4.65333863e+01  1.23026877e+05  1.79792971e+02
 1.23974776e+05  4.65335642e+01  1.23974776e+05  1.79791368e+02
 1.24929979e+05  4.65337445e+01  1.24929979e+05  1.79789753e+02
 1.25892541e+05  4.65339277e+01  1.25892541e+05  1.79788125e+02
 1.26862520e+05  4.65341136e+01  1.26862520e+05  1.79786484e+02
 1.27839972e+05  4.65343027e+01  1.27839972e+05  1.79784831e+02
 1.28824955e+05  4.65344945e+01  1.28824955e+05  1.79783164e+02
 1.29817528e+05  4.65346892e+01  1.29817528e+05  1.79781485e+02
 1.30817747e+05  4.65348872e+01  1.30817747e+05  1.79779792e+02
 1.31825674e+05  4.65350882e+01  1.31825674e+05  1.79778087e+02
 1.32841366e+05  4.65352920e+01  1.32841366e+05  1.79776367e+02
 1.33864884e+05  4.65354994e+01  1.33864884e+05  1.79774635e+02
 1.34896288e+05  4.65357093e+01  1.34896288e+05  1.79772889e+02
 1.35935639e+05  4.65359234e+01  1.35935639e+05  1.79771129e+02
 1.36982998e+05  4.65361400e+01  1.36982998e+05  1.79769355e+02
 1.38038426e+05  4.65363605e+01  1.38038426e+05  1.79767567e+02
 1.39101987e+05  4.65365840e+01  1.39101987e+05  1.79765766e+02
 1.40173742e+05  4.65368116e+01  1.40173742e+05  1.79763950e+02
 1.41253754e+05  4.65370422e+01  1.41253754e+05  1.79762120e+02
 1.42342088e+05  4.65372765e+01  1.42342088e+05  1.79760276e+02
 1.43438808e+05  4.65375144e+01  1.43438808e+05  1.79758417e+02
 1.44543977e+05  4.65377560e+01  1.44543977e+05  1.79756544e+02
 1.45657662e+05  4.65380014e+01  1.45657662e+05  1.79754655e+02
 1.46779927e+05  4.65382505e+01  1.46779927e+05  1.79752752e+02
 1.47910839e+05  4.65385034e+01  1.47910839e+05  1.79750835e+02
 1.49050464e+05  4.65387606e+01  1.49050464e+05  1.79748901e+02
 1.50198870e+05  4.65390214e+01  1.50198870e+05  1.79746953e+02
 1.51356125e+05  4.65392862e+01  1.51356125e+05  1.79744990e+02
 1.52522296e+05  4.65395552e+01  1.52522296e+05  1.79743011e+02
 1.53697452e+05  4.65398284e+01  1.53697452e+05  1.79741016e+02
 1.54881662e+05  4.65401062e+01  1.54881662e+05  1.79739006e+02
 1.56074996e+05  4.65403876e+01  1.56074996e+05  1.79736980e+02
 1.57277525e+05  4.65406743e+01  1.57277525e+05  1.79734938e+02
 1.58489319e+05  4.65409648e+01  1.58489319e+05  1.79732879e+02
 1.59710450e+05  4.65412597e+01  1.59710450e+05  1.79730805e+02
 1.60940989e+05  4.65415593e+01  1.60940989e+05  1.79728714e+02
 1.62181010e+05  4.65418634e+01  1.62181010e+05  1.79726607e+02
 1.63430584e+05  4.65421726e+01  1.63430584e+05  1.79724483e+02
 1.64689787e+05  4.65424861e+01  1.64689787e+05  1.79722342e+02
 1.65958691e+05  4.65428049e+01  1.65958691e+05  1.79720184e+02
 1.67237372e+05  4.65431284e+01  1.67237372e+05  1.79718010e+02
 1.68525904e+05  4.65434573e+01  1.68525904e+05  1.79715818e+02
 1.69824365e+05  4.65437914e+01  1.69824365e+05  1.79713609e+02
 1.71132830e+05  4.65441303e+01  1.71132830e+05  1.79711383e+02
 1.72451377e+05  4.65444741e+01  1.72451377e+05  1.79709138e+02
 1.73780083e+05  4.65448238e+01  1.73780083e+05  1.79706876e+02
 1.75119026e+05  4.65451787e+01  1.75119026e+05  1.79704596e+02
 1.76468286e+05  4.65455390e+01  1.76468286e+05  1.79702298e+02
 1.77827941e+05  4.65459046e+01  1.77827941e+05  1.79699982e+02
 1.79198072e+05  4.65462769e+01  1.79198072e+05  1.79697647e+02
 1.80578760e+05  4.65466544e+01  1.80578760e+05  1.79695294e+02
 1.81970086e+05  4.65470378e+01  1.81970086e+05  1.79692922e+02
 1.83372132e+05  4.65474266e+01  1.83372132e+05  1.79690531e+02
 1.84784980e+05  4.65478219e+01  1.84784980e+05  1.79688121e+02
 1.86208714e+05  4.65482230e+01  1.86208714e+05  1.79685692e+02
 1.87643417e+05  4.65486309e+01  1.87643417e+05  1.79683244e+02
 1.89089175e+05  4.65490453e+01  1.89089175e+05  1.79680777e+02
 1.90546072e+05  4.65494658e+01  1.90546072e+05  1.79678289e+02
 1.92014194e+05  4.65498923e+01  1.92014194e+05  1.79675782e+02
 1.93493628e+05  4.65503256e+01  1.93493628e+05  1.79673255e+02
 1.94984460e+05  4.65507655e+01  1.94984460e+05  1.79670708e+02
 1.96486779e+05  4.65512131e+01  1.96486779e+05  1.79668140e+02
 1.98000673e+05  4.65516678e+01  1.98000673e+05  1.79665552e+02
 1.99526231e+05  4.65521280e+01  1.99526231e+05  1.79662944e+02
 2.01063544e+05  4.65525963e+01  2.01063544e+05  1.79660314e+02
 2.02612701e+05  4.65530719e+01  2.02612701e+05  1.79657663e+02
 2.04173794e+05  4.65535549e+01  2.04173794e+05  1.79654992e+02
 2.05746916e+05  4.65540454e+01  2.05746916e+05  1.79652298e+02
 2.07332157e+05  4.65545437e+01  2.07332157e+05  1.79649584e+02
 2.08929613e+05  4.65550496e+01  2.08929613e+05  1.79646847e+02
 2.10539377e+05  4.65555626e+01  2.10539377e+05  1.79644089e+02
 2.12161544e+05  4.65560841e+01  2.12161544e+05  1.79641309e+02
 2.13796209e+05  4.65566143e+01  2.13796209e+05  1.79638505e+02
 2.15443469e+05  4.65571521e+01  2.15443469e+05  1.79635680e+02
 2.17103421e+05  4.65576984e+01  2.17103421e+05  1.79632832e+02
 2.18776162e+05  4.65582531e+01  2.18776162e+05  1.79629961e+02
 2.20461792e+05  4.65588171e+01  2.20461792e+05  1.79627067e+02
 2.22160409e+05  4.65593881e+01  2.22160409e+05  1.79624149e+02
 2.23872114e+05  4.65599692e+01  2.23872114e+05  1.79621208e+02
 2.25597007e+05  4.65605598e+01  2.25597007e+05  1.79618244e+02
 2.27335190e+05  4.65611581e+01  2.27335190e+05  1.79615255e+02
 2.29086765e+05  4.65617674e+01  2.29086765e+05  1.79612242e+02
 2.30851836e+05  4.65623849e+01  2.30851836e+05  1.79609205e+02
 2.32630507e+05  4.65630131e+01  2.32630507e+05  1.79606144e+02
 2.34422882e+05  4.65636500e+01  2.34422882e+05  1.79603057e+02
 2.36229066e+05  4.65642973e+01  2.36229066e+05  1.79599946e+02
 2.38049167e+05  4.65649543e+01  2.38049167e+05  1.79596808e+02
 2.39883292e+05  4.65656223e+01  2.39883292e+05  1.79593646e+02
 2.41731548e+05  4.65662998e+01  2.41731548e+05  1.79590459e+02
 2.43594045e+05  4.65669884e+01  2.43594045e+05  1.79587245e+02
 2.45470892e+05  4.65676871e+01  2.45470892e+05  1.79584006e+02
 2.47362199e+05  4.65683968e+01  2.47362199e+05  1.79580740e+02
 2.49268079e+05  4.65691188e+01  2.49268079e+05  1.79577447e+02
 2.51188643e+05  4.65698502e+01  2.51188643e+05  1.79574127e+02
 2.53124005e+05  4.65705941e+01  2.53124005e+05  1.79570780e+02
 2.55074278e+05  4.65713495e+01  2.55074278e+05  1.79567407e+02
 2.57039578e+05  4.65721167e+01  2.57039578e+05  1.79564005e+02
 2.59020020e+05  4.65728947e+01  2.59020020e+05  1.79560576e+02
 2.61015722e+05  4.65736862e+01  2.61015722e+05  1.79557119e+02
 2.63026799e+05  4.65744891e+01  2.63026799e+05  1.79553632e+02
 2.65053372e+05  4.65753060e+01  2.65053372e+05  1.79550119e+02
 2.67095559e+05  4.65761327e+01  2.67095559e+05  1.79546575e+02
 2.69153480e+05  4.65769755e+01  2.69153480e+05  1.79543004e+02
 2.71227258e+05  4.65778290e+01  2.71227258e+05  1.79539400e+02
 2.73317014e+05  4.65786963e+01  2.73317014e+05  1.79535770e+02
 2.75422870e+05  4.65795784e+01  2.75422870e+05  1.79532108e+02
 2.77544952e+05  4.65804729e+01  2.77544952e+05  1.79528418e+02
 2.79683385e+05  4.65813821e+01  2.79683385e+05  1.79524696e+02
 2.81838293e+05  4.65823051e+01  2.81838293e+05  1.79520942e+02
 2.84009805e+05  4.65832435e+01  2.84009805e+05  1.79517160e+02
 2.86198048e+05  4.65841960e+01  2.86198048e+05  1.79513345e+02
 2.88403150e+05  4.65851626e+01  2.88403150e+05  1.79509499e+02
 2.90625243e+05  4.65861441e+01  2.90625243e+05  1.79505618e+02
 2.92864456e+05  4.65871415e+01  2.92864456e+05  1.79501710e+02
 2.95120923e+05  4.65881537e+01  2.95120923e+05  1.79497765e+02
 2.97394775e+05  4.65891821e+01  2.97394775e+05  1.79493789e+02
 2.99686146e+05  4.65902276e+01  2.99686146e+05  1.79489781e+02
 3.01995172e+05  4.65912879e+01  3.01995172e+05  1.79485739e+02
 3.04321989e+05  4.65923650e+01  3.04321989e+05  1.79481662e+02
 3.06666733e+05  4.65934605e+01  3.06666733e+05  1.79477552e+02
 3.09029543e+05  4.65945716e+01  3.09029543e+05  1.79473406e+02
 3.11410558e+05  4.65957004e+01  3.11410558e+05  1.79469228e+02
 3.13809919e+05  4.65968455e+01  3.13809919e+05  1.79465011e+02
 3.16227766e+05  4.65980099e+01  3.16227766e+05  1.79460760e+02
 3.18664242e+05  4.65991926e+01  3.18664242e+05  1.79456474e+02
 3.21119491e+05  4.66003926e+01  3.21119491e+05  1.79452153e+02
 3.23593657e+05  4.66016135e+01  3.23593657e+05  1.79447795e+02
 3.26086886e+05  4.66028522e+01  3.26086886e+05  1.79443400e+02
 3.28599325e+05  4.66041086e+01  3.28599325e+05  1.79438966e+02
 3.31131121e+05  4.66053861e+01  3.31131121e+05  1.79434495e+02
 3.33682425e+05  4.66066843e+01  3.33682425e+05  1.79429989e+02
 3.36253386e+05  4.66080003e+01  3.36253386e+05  1.79425440e+02
 3.38844156e+05  4.66093391e+01  3.38844156e+05  1.79420854e+02
 3.41454887e+05  4.66107008e+01  3.41454887e+05  1.79416234e+02
 3.44085734e+05  4.66120794e+01  3.44085734e+05  1.79411570e+02
 3.46736850e+05  4.66134811e+01  3.46736850e+05  1.79406864e+02
 3.49408393e+05  4.66149042e+01  3.49408393e+05  1.79402123e+02
 3.52100520e+05  4.66163506e+01  3.52100520e+05  1.79397338e+02
 3.54813389e+05  4.66178198e+01  3.54813389e+05  1.79392511e+02
 3.57547160e+05  4.66193112e+01  3.57547160e+05  1.79387645e+02
 3.60301995e+05  4.66208271e+01  3.60301995e+05  1.79382737e+02
 3.63078055e+05  4.66223655e+01  3.63078055e+05  1.79377787e+02
 3.65875504e+05  4.66239308e+01  3.65875504e+05  1.79372794e+02
 3.68694506e+05  4.66255162e+01  3.68694506e+05  1.79367755e+02
 3.71535229e+05  4.66271290e+01  3.71535229e+05  1.79362674e+02
 3.74397839e+05  4.66287628e+01  3.74397839e+05  1.79357548e+02
 3.77282505e+05  4.66304281e+01  3.77282505e+05  1.79352381e+02
 3.80189396e+05  4.66321165e+01  3.80189396e+05  1.79347166e+02
 3.83118685e+05  4.66338340e+01  3.83118685e+05  1.79341906e+02
 3.86070543e+05  4.66355778e+01  3.86070543e+05  1.79336605e+02
 3.89045145e+05  4.66373451e+01  3.89045145e+05  1.79331250e+02
 3.92042666e+05  4.66391435e+01  3.92042666e+05  1.79325849e+02
 3.95063281e+05  4.66409686e+01  3.95063281e+05  1.79320403e+02
 3.98107171e+05  4.66428204e+01  3.98107171e+05  1.79314907e+02
 4.01174512e+05  4.66447050e+01  4.01174512e+05  1.79309368e+02
 4.04265487e+05  4.66466179e+01  4.04265487e+05  1.79303774e+02
 4.07380278e+05  4.66485629e+01  4.07380278e+05  1.79298133e+02
 4.10519067e+05  4.66505364e+01  4.10519067e+05  1.79292443e+02
 4.13682040e+05  4.66525388e+01  4.13682040e+05  1.79286698e+02
 4.16869383e+05  4.66545739e+01  4.16869383e+05  1.79280907e+02
 4.20081285e+05  4.66566437e+01  4.20081285e+05  1.79275060e+02
 4.23317933e+05  4.66587443e+01  4.23317933e+05  1.79269165e+02
 4.26579519e+05  4.66608751e+01  4.26579519e+05  1.79263210e+02
 4.29866235e+05  4.66630436e+01  4.29866235e+05  1.79257210e+02
 4.33178274e+05  4.66652419e+01  4.33178274e+05  1.79251146e+02
 4.36515832e+05  4.66674810e+01  4.36515832e+05  1.79245039e+02
 4.39879106e+05  4.66697493e+01  4.39879106e+05  1.79238869e+02
 4.43268292e+05  4.66720556e+01  4.43268292e+05  1.79232648e+02
 4.46683592e+05  4.66743991e+01  4.46683592e+05  1.79226362e+02
 4.50125206e+05  4.66767770e+01  4.50125206e+05  1.79220030e+02
 4.53593337e+05  4.66791944e+01  4.53593337e+05  1.79213637e+02
 4.57088190e+05  4.66816492e+01  4.57088190e+05  1.79207183e+02
 4.60609969e+05  4.66841437e+01  4.60609969e+05  1.79200673e+02
 4.64158883e+05  4.66866764e+01  4.64158883e+05  1.79194101e+02
 4.67735141e+05  4.66892484e+01  4.67735141e+05  1.79187462e+02
 4.71338954e+05  4.66918620e+01  4.71338954e+05  1.79180770e+02
 4.74970533e+05  4.66945149e+01  4.74970533e+05  1.79174010e+02
 4.78630092e+05  4.66972150e+01  4.78630092e+05  1.79167199e+02
 4.82317848e+05  4.66999513e+01  4.82317848e+05  1.79160316e+02
 4.86034018e+05  4.67027315e+01  4.86034018e+05  1.79153363e+02
 4.89778819e+05  4.67055585e+01  4.89778819e+05  1.79146354e+02
 4.93552474e+05  4.67084302e+01  4.93552474e+05  1.79139280e+02
 4.97355204e+05  4.67113444e+01  4.97355204e+05  1.79132134e+02
 5.01187234e+05  4.67143100e+01  5.01187234e+05  1.79124930e+02
 5.05048788e+05  4.67173152e+01  5.05048788e+05  1.79117641e+02
 5.08940095e+05  4.67203743e+01  5.08940095e+05  1.79110304e+02
 5.12861384e+05  4.67234785e+01  5.12861384e+05  1.79102881e+02
 5.16812886e+05  4.67266281e+01  5.16812886e+05  1.79095387e+02
 5.20794833e+05  4.67298368e+01  5.20794833e+05  1.79087828e+02
 5.24807460e+05  4.67330923e+01  5.24807460e+05  1.79080199e+02
 5.28851004e+05  4.67363961e+01  5.28851004e+05  1.79072494e+02
 5.32925703e+05  4.67397534e+01  5.32925703e+05  1.79064710e+02
 5.37031796e+05  4.67431656e+01  5.37031796e+05  1.79056853e+02
 5.41169527e+05  4.67466300e+01  5.41169527e+05  1.79048925e+02
 5.45339137e+05  4.67501534e+01  5.45339137e+05  1.79040918e+02
 5.49540874e+05  4.67537301e+01  5.49540874e+05  1.79032831e+02
 5.53774984e+05  4.67573642e+01  5.53774984e+05  1.79024665e+02
 5.58041717e+05  4.67610552e+01  5.58041717e+05  1.79016428e+02
 5.62341325e+05  4.67648060e+01  5.62341325e+05  1.79008093e+02
 5.66674061e+05  4.67686152e+01  5.66674061e+05  1.78999687e+02
 5.71040179e+05  4.67724876e+01  5.71040179e+05  1.78991192e+02
 5.75439937e+05  4.67764109e+01  5.75439937e+05  1.78982620e+02
 5.79873595e+05  4.67804091e+01  5.79873595e+05  1.78973956e+02
 5.84341413e+05  4.67844671e+01  5.84341413e+05  1.78965201e+02
 5.88843655e+05  4.67885962e+01  5.88843655e+05  1.78956368e+02
 5.93380586e+05  4.67927774e+01  5.93380586e+05  1.78947438e+02
 5.97952473e+05  4.67970348e+01  5.97952473e+05  1.78938423e+02
 6.02559586e+05  4.68013562e+01  6.02559586e+05  1.78929307e+02
 6.07202196e+05  4.68057546e+01  6.07202196e+05  1.78920120e+02
 6.11880576e+05  4.68102107e+01  6.11880576e+05  1.78910820e+02
 6.16595002e+05  4.68147466e+01  6.16595002e+05  1.78901423e+02
 6.21345752e+05  4.68193554e+01  6.21345752e+05  1.78891945e+02
 6.26133105e+05  4.68240291e+01  6.26133105e+05  1.78882356e+02
 6.30957344e+05  4.68287875e+01  6.30957344e+05  1.78872665e+02
 6.35818754e+05  4.68336134e+01  6.35818754e+05  1.78862876e+02
 6.40717619e+05  4.68385255e+01  6.40717619e+05  1.78852990e+02
 6.45654229e+05  4.68435114e+01  6.45654229e+05  1.78843019e+02
 6.50628875e+05  4.68485776e+01  6.50628875e+05  1.78832920e+02
 6.55641849e+05  4.68537243e+01  6.55641849e+05  1.78822710e+02
 6.60693448e+05  4.68589536e+01  6.60693448e+05  1.78812399e+02
 6.65783968e+05  4.68642748e+01  6.65783968e+05  1.78801991e+02
 6.70913710e+05  4.68696687e+01  6.70913710e+05  1.78791446e+02
 6.76082975e+05  4.68751617e+01  6.76082975e+05  1.78780804e+02
 6.81292069e+05  4.68807325e+01  6.81292069e+05  1.78770037e+02
 6.86541298e+05  4.68863911e+01  6.86541298e+05  1.78759146e+02
 6.91830971e+05  4.68921576e+01  6.91830971e+05  1.78748170e+02
 6.97161400e+05  4.68980055e+01  6.97161400e+05  1.78737048e+02
 7.02532899e+05  4.69039525e+01  7.02532899e+05  1.78725816e+02
 7.07945784e+05  4.69099856e+01  7.07945784e+05  1.78714457e+02
 7.13400375e+05  4.69161247e+01  7.13400375e+05  1.78702966e+02
 7.18896992e+05  4.69223613e+01  7.18896992e+05  1.78691343e+02
 7.24435960e+05  4.69287041e+01  7.24435960e+05  1.78679625e+02
 7.30017605e+05  4.69351373e+01  7.30017605e+05  1.78667736e+02
 7.35642254e+05  4.69416801e+01  7.35642254e+05  1.78655723e+02
 7.41310241e+05  4.69483303e+01  7.41310241e+05  1.78643573e+02
 7.47021899e+05  4.69550955e+01  7.47021899e+05  1.78631305e+02
 7.52777564e+05  4.69619551e+01  7.52777564e+05  1.78618869e+02
 7.58577575e+05  4.69689410e+01  7.58577575e+05  1.78606314e+02
 7.64422274e+05  4.69760284e+01  7.64422274e+05  1.78593602e+02
 7.70312006e+05  4.69832437e+01  7.70312006e+05  1.78580761e+02
 7.76247117e+05  4.69905648e+01  7.76247117e+05  1.78567753e+02
 7.82227956e+05  4.69980165e+01  7.82227956e+05  1.78554575e+02
 7.88254877e+05  4.70055746e+01  7.88254877e+05  1.78541272e+02
 7.94328235e+05  4.70132695e+01  7.94328235e+05  1.78527783e+02
 8.00448386e+05  4.70210840e+01  8.00448386e+05  1.78514161e+02
 8.06615692e+05  4.70290226e+01  8.06615692e+05  1.78500366e+02
 8.12830516e+05  4.70370923e+01  8.12830516e+05  1.78486401e+02
 8.19093224e+05  4.70453060e+01  8.19093224e+05  1.78472267e+02
 8.25404185e+05  4.70536473e+01  8.25404185e+05  1.78457965e+02
 8.31763771e+05  4.70621358e+01  8.31763771e+05  1.78443487e+02
 8.38172356e+05  4.70707431e+01  8.38172356e+05  1.78428842e+02
 8.44630319e+05  4.70795002e+01  8.44630319e+05  1.78414013e+02
 8.51138038e+05  4.70884001e+01  8.51138038e+05  1.78399006e+02
 8.57695899e+05  4.70974527e+01  8.57695899e+05  1.78383810e+02
 8.64304286e+05  4.71066441e+01  8.64304286e+05  1.78368407e+02
 8.70963590e+05  4.71160066e+01  8.70963590e+05  1.78352810e+02
 8.77674203e+05  4.71255050e+01  8.77674203e+05  1.78337037e+02
 8.84436519e+05  4.71351763e+01  8.84436519e+05  1.78321070e+02
 8.91250938e+05  4.71449981e+01  8.91250938e+05  1.78304912e+02
 8.98117861e+05  4.71549873e+01  8.98117861e+05  1.78288481e+02
 9.05037692e+05  4.71651432e+01  9.05037692e+05  1.78271895e+02
 9.12010839e+05  4.71754545e+01  9.12010839e+05  1.78255076e+02
 9.19037713e+05  4.71859461e+01  9.19037713e+05  1.78238022e+02
 9.26118728e+05  4.71966154e+01  9.26118728e+05  1.78220757e+02
 9.33254301e+05  4.72074686e+01  9.33254301e+05  1.78203311e+02
 9.40444852e+05  4.72184948e+01  9.40444852e+05  1.78185572e+02
 9.47690805e+05  4.72297080e+01  9.47690805e+05  1.78167641e+02
 9.54992586e+05  4.72411139e+01  9.54992586e+05  1.78149374e+02
 9.62350626e+05  4.72526935e+01  9.62350626e+05  1.78130923e+02
 9.69765359e+05  4.72644824e+01  9.69765359e+05  1.78112289e+02
 9.77237221e+05  4.72764624e+01  9.77237221e+05  1.78093319e+02
 9.84766652e+05  4.72886502e+01  9.84766652e+05  1.78074066e+02
 9.92354096e+05  4.73010440e+01  9.92354096e+05  1.78054598e+02
 1.00000000e+06  4.73136461e+01  1.00000000e+06  1.78034854e+02
 1.00770481e+06  4.73264470e+01  1.00770481e+06  1.78014804e+02
 1.01546899e+06  4.73394647e+01  1.01546899e+06  1.77994497e+02
 1.02329299e+06  4.73527353e+01  1.02329299e+06  1.77973913e+02
 1.03117727e+06  4.73662012e+01  1.03117727e+06  1.77952946e+02
 1.03912230e+06  4.73799161e+01  1.03912230e+06  1.77931804e+02
 1.04712855e+06  4.73938399e+01  1.04712855e+06  1.77910237e+02
 1.05519648e+06  4.74080173e+01  1.05519648e+06  1.77888411e+02
 1.06332657e+06  4.74224342e+01  1.06332657e+06  1.77866282e+02
 1.07151931e+06  4.74371142e+01  1.07151931e+06  1.77843845e+02
 1.07977516e+06  4.74519946e+01  1.07977516e+06  1.77820986e+02
 1.08809463e+06  4.74671763e+01  1.08809463e+06  1.77797924e+02
 1.09647820e+06  4.74826129e+01  1.09647820e+06  1.77774339e+02
 1.10492636e+06  4.74983135e+01  1.10492636e+06  1.77750540e+02
 1.11343961e+06  4.75142794e+01  1.11343961e+06  1.77726332e+02
 1.12201845e+06  4.75305134e+01  1.12201845e+06  1.77701711e+02
 1.13066340e+06  4.75470503e+01  1.13066340e+06  1.77676774e+02
 1.13937495e+06  4.75638602e+01  1.13937495e+06  1.77651415e+02
 1.14815362e+06  4.75809573e+01  1.14815362e+06  1.77625636e+02
 1.15699993e+06  4.75983891e+01  1.15699993e+06  1.77599543e+02
 1.16591440e+06  4.76160654e+01  1.16591440e+06  1.77572842e+02
 1.17489755e+06  4.76340962e+01  1.17489755e+06  1.77545864e+02
 1.18394992e+06  4.76524082e+01  1.18394992e+06  1.77518505e+02
 1.19307204e+06  4.76710725e+01  1.19307204e+06  1.77490551e+02
 1.20226443e+06  4.76900534e+01  1.20226443e+06  1.77462179e+02
 1.21152766e+06  4.77093657e+01  1.21152766e+06  1.77433341e+02
 1.22086225e+06  4.77290342e+01  1.22086225e+06  1.77404065e+02
 1.23026877e+06  4.77490438e+01  1.23026877e+06  1.77374163e+02
 1.23974776e+06  4.77694098e+01  1.23974776e+06  1.77343915e+02
 1.24929979e+06  4.77901389e+01  1.24929979e+06  1.77313223e+02
 1.25892541e+06  4.78112014e+01  1.25892541e+06  1.77281742e+02
 1.26862520e+06  4.78326695e+01  1.26862520e+06  1.77249891e+02
 1.27839972e+06  4.78545193e+01  1.27839972e+06  1.77217426e+02
 1.28824955e+06  4.78767567e+01  1.28824955e+06  1.77184455e+02
 1.29817528e+06  4.78993831e+01  1.29817528e+06  1.77150886e+02
 1.30817747e+06  4.79224611e+01  1.30817747e+06  1.77116725e+02
 1.31825674e+06  4.79459130e+01  1.31825674e+06  1.77081879e+02
 1.32841366e+06  4.79698245e+01  1.32841366e+06  1.77046330e+02
 1.33864884e+06  4.79941305e+01  1.33864884e+06  1.77010269e+02
 1.34896288e+06  4.80189164e+01  1.34896288e+06  1.76973522e+02
 1.35935639e+06  4.80441457e+01  1.35935639e+06  1.76935986e+02
 1.36982998e+06  4.80698401e+01  1.36982998e+06  1.76897923e+02
 1.38038426e+06  4.80959912e+01  1.38038426e+06  1.76859120e+02
 1.39101987e+06  4.81226104e+01  1.39101987e+06  1.76819428e+02
 1.40173742e+06  4.81497701e+01  1.40173742e+06  1.76779043e+02
 1.41253754e+06  4.81773831e+01  1.41253754e+06  1.76737933e+02
 1.42342088e+06  4.82055164e+01  1.42342088e+06  1.76696101e+02
 1.43438808e+06  4.82342015e+01  1.43438808e+06  1.76653265e+02
 1.44543977e+06  4.82634149e+01  1.44543977e+06  1.76609679e+02
 1.45657662e+06  4.82931792e+01  1.45657662e+06  1.76565144e+02
 1.46779927e+06  4.83234886e+01  1.46779927e+06  1.76519778e+02
 1.47910839e+06  4.83543861e+01  1.47910839e+06  1.76473402e+02
 1.49050464e+06  4.83858567e+01  1.49050464e+06  1.76426140e+02
 1.50198870e+06  4.84179358e+01  1.50198870e+06  1.76377823e+02
 1.51356125e+06  4.84505893e+01  1.51356125e+06  1.76328462e+02
 1.52522296e+06  4.84839287e+01  1.52522296e+06  1.76278214e+02
 1.53697452e+06  4.85178821e+01  1.53697452e+06  1.76226932e+02
 1.54881662e+06  4.85524997e+01  1.54881662e+06  1.76174197e+02
 1.56074996e+06  4.85877783e+01  1.56074996e+06  1.76120601e+02
 1.57277525e+06  4.86237250e+01  1.57277525e+06  1.76065837e+02
 1.58489319e+06  4.86604161e+01  1.58489319e+06  1.76009846e+02
 1.59710450e+06  4.86978009e+01  1.59710450e+06  1.75952475e+02
 1.60940989e+06  4.87359113e+01  1.60940989e+06  1.75893871e+02
 1.62181010e+06  4.87747725e+01  1.62181010e+06  1.75833969e+02
 1.63430584e+06  4.88144074e+01  1.63430584e+06  1.75772516e+02
 1.64689787e+06  4.88548388e+01  1.64689787e+06  1.75710043e+02
 1.65958691e+06  4.88961220e+01  1.65958691e+06  1.75645751e+02
 1.67237372e+06  4.89381820e+01  1.67237372e+06  1.75579962e+02
 1.68525904e+06  4.89810739e+01  1.68525904e+06  1.75512617e+02
 1.69824365e+06  4.90248533e+01  1.69824365e+06  1.75443941e+02
 1.71132830e+06  4.90695764e+01  1.71132830e+06  1.75373135e+02
 1.72451377e+06  4.91151359e+01  1.72451377e+06  1.75300849e+02
 1.73780083e+06  4.91616847e+01  1.73780083e+06  1.75226497e+02
 1.75119026e+06  4.92091851e+01  1.75119026e+06  1.75150505e+02
 1.76468286e+06  4.92576501e+01  1.76468286e+06  1.75072514e+02
 1.77827941e+06  4.93071527e+01  1.77827941e+06  1.74992382e+02
 1.79198072e+06  4.93576715e+01  1.79198072e+06  1.74910380e+02
 1.80578760e+06  4.94092774e+01  1.80578760e+06  1.74825913e+02
 1.81970086e+06  4.94619467e+01  1.81970086e+06  1.74739527e+02
 1.83372132e+06  4.95157527e+01  1.83372132e+06  1.74650851e+02
 1.84784980e+06  4.95707131e+01  1.84784980e+06  1.74559110e+02
 1.86208714e+06  4.96268849e+01  1.86208714e+06  1.74465551e+02
 1.87643417e+06  4.96843365e+01  1.87643417e+06  1.74368996e+02
 1.89089175e+06  4.97429045e+01  1.89089175e+06  1.74269913e+02
 1.90546072e+06  4.98028837e+01  1.90546072e+06  1.74167697e+02
 1.92014194e+06  4.98641069e+01  1.92014194e+06  1.74062755e+02
 1.93493628e+06  4.99266826e+01  1.93493628e+06  1.73954740e+02
 1.94984460e+06  4.99906961e+01  1.94984460e+06  1.73843709e+02
 1.96486779e+06  5.00561322e+01  1.96486779e+06  1.73728863e+02
 1.98000673e+06  5.01230914e+01  1.98000673e+06  1.73610695e+02
 1.99526231e+06  5.01915625e+01  1.99526231e+06  1.73489138e+02
 2.01063544e+06  5.02615834e+01  2.01063544e+06  1.73363468e+02
 2.02612701e+06  5.03332210e+01  2.02612701e+06  1.73233865e+02
 2.04173794e+06  5.04065803e+01  2.04173794e+06  1.73100150e+02
 2.05746916e+06  5.04815561e+01  2.05746916e+06  1.72962257e+02
 2.07332157e+06  5.05584409e+01  2.07332157e+06  1.72819405e+02
 2.08929613e+06  5.06371503e+01  2.08929613e+06  1.72671984e+02
 2.10539377e+06  5.07176319e+01  2.10539377e+06  1.72519876e+02
 2.12161544e+06  5.08001506e+01  2.12161544e+06  1.72362124e+02
 2.13796209e+06  5.08846582e+01  2.13796209e+06  1.72198722e+02
 2.15443469e+06  5.09712819e+01  2.15443469e+06  1.72030063e+02
 2.17103421e+06  5.10600569e+01  2.17103421e+06  1.71854840e+02
 2.18776162e+06  5.11510320e+01  2.18776162e+06  1.71673461e+02
 2.20461792e+06  5.12443094e+01  2.20461792e+06  1.71485160e+02
 2.22160409e+06  5.13400807e+01  2.22160409e+06  1.71289707e+02
 2.23872114e+06  5.14380635e+01  2.23872114e+06  1.71087041e+02
 2.25597007e+06  5.15387600e+01  2.25597007e+06  1.70876523e+02
 2.27335190e+06  5.16421601e+01  2.27335190e+06  1.70657081e+02
 2.29086765e+06  5.17481494e+01  2.29086765e+06  1.70429537e+02
 2.30851836e+06  5.18570121e+01  2.30851836e+06  1.70192396e+02
 2.32630507e+06  5.19688204e+01  2.32630507e+06  1.69945121e+02
 2.34422882e+06  5.20837186e+01  2.34422882e+06  1.69687446e+02
 2.36229066e+06  5.22017205e+01  2.36229066e+06  1.69418572e+02
 2.38049167e+06  5.23230703e+01  2.38049167e+06  1.69138162e+02
 2.39883292e+06  5.24477133e+01  2.39883292e+06  1.68845124e+02
 2.41731548e+06  5.25760826e+01  2.41731548e+06  1.68538472e+02
 2.43594045e+06  5.27079398e+01  2.43594045e+06  1.68217806e+02
 2.45470892e+06  5.28436711e+01  2.45470892e+06  1.67881584e+02
 2.47362199e+06  5.29833930e+01  2.47362199e+06  1.67529472e+02
 2.49268079e+06  5.31273914e+01  2.49268079e+06  1.67159228e+02
 2.51188643e+06  5.32755401e+01  2.51188643e+06  1.66770750e+02
 2.53124005e+06  5.34282123e+01  2.53124005e+06  1.66362428e+02
 2.55074278e+06  5.35855369e+01  2.55074278e+06  1.65932402e+02
 2.57039578e+06  5.37477928e+01  2.57039578e+06  1.65479081e+02
 2.59020020e+06  5.39149605e+01  2.59020020e+06  1.65000987e+02
 2.61015722e+06  5.40875650e+01  2.61015722e+06  1.64495919e+02
 2.63026799e+06  5.42657194e+01  2.63026799e+06  1.63961445e+02
 2.65053372e+06  5.44495129e+01  2.65053372e+06  1.63395384e+02
 2.67095559e+06  5.46392739e+01  2.67095559e+06  1.62794990e+02
 2.69153480e+06  5.48352689e+01  2.69153480e+06  1.62157685e+02
 2.71227258e+06  5.50376671e+01  2.71227258e+06  1.61479804e+02
 2.73317014e+06  5.52467893e+01  2.73317014e+06  1.60757692e+02
 2.75422870e+06  5.54629084e+01  2.75422870e+06  1.59987226e+02
 2.77544952e+06  5.56863271e+01  2.77544952e+06  1.59163810e+02
 2.79683385e+06  5.59171894e+01  2.79683385e+06  1.58282301e+02
 2.81838293e+06  5.61557705e+01  2.81838293e+06  1.57337152e+02
 2.84009805e+06  5.64023178e+01  2.84009805e+06  1.56321613e+02
 2.86198048e+06  5.66568186e+01  2.86198048e+06  1.55228861e+02
 2.88403150e+06  5.69196447e+01  2.88403150e+06  1.54050546e+02
 2.90625243e+06  5.71906841e+01  2.90625243e+06  1.52777657e+02
 2.92864456e+06  5.74699755e+01  2.92864456e+06  1.51399938e+02
 2.95120923e+06  5.77574593e+01  2.95120923e+06  1.49905637e+02
 2.97394775e+06  5.80524718e+01  2.97394775e+06  1.48282591e+02
 2.99686146e+06  5.83549375e+01  2.99686146e+06  1.46516034e+02
 3.01995172e+06  5.86636369e+01  3.01995172e+06  1.44590717e+02
 3.04321989e+06  5.89773596e+01  3.04321989e+06  1.42489667e+02
 3.06666733e+06  5.92947343e+01  3.06666733e+06  1.40194084e+02
 3.09029543e+06  5.96130626e+01  3.09029543e+06  1.37685177e+02
 3.11410558e+06  5.99296792e+01  3.11410558e+06  1.34943054e+02
 3.13809919e+06  6.02404910e+01  3.13809919e+06  1.31948856e+02
 3.16227766e+06  6.05407246e+01  3.16227766e+06  1.28685545e+02
 3.18664242e+06  6.08243588e+01  3.18664242e+06  1.25140143e+02
 3.21119491e+06  6.10845545e+01  3.21119491e+06  1.21305841e+02
 3.23593657e+06  6.13132389e+01  3.23593657e+06  1.17185560e+02
 3.26086886e+06  6.15019328e+01  3.26086886e+06  1.12794177e+02
 3.28599325e+06  6.16422223e+01  3.28599325e+06  1.08161485e+02
 3.31131121e+06  6.17260874e+01  3.31131121e+06  1.03333147e+02
 3.33682425e+06  6.17470707e+01  3.33682425e+06  9.83698224e+01
 3.36253386e+06  6.17017762e+01  3.36253386e+06  9.33433072e+01
 3.38844156e+06  6.15886184e+01  3.38844156e+06  8.83315187e+01
 3.41454887e+06  6.14100961e+01  3.41454887e+06  8.34103667e+01
 3.44085734e+06  6.11710751e+01  3.44085734e+06  7.86483911e+01
 3.46736850e+06  6.08780552e+01  3.46736850e+06  7.41012981e+01
 3.49408393e+06  6.05398672e+01  3.49408393e+06  6.98084158e+01
 3.52100520e+06  6.01648482e+01  3.52100520e+06  6.57941738e+01
 3.54813389e+06  5.97613330e+01  3.54813389e+06  6.20688377e+01
 3.57547160e+06  5.93370395e+01  3.57547160e+06  5.86312761e+01
 3.60301995e+06  5.88984390e+01  3.60301995e+06  5.54720280e+01
 3.63078055e+06  5.84510872e+01  3.63078055e+06  5.25767321e+01
 3.65875504e+06  5.79997675e+01  3.65875504e+06  4.99269683e+01
 3.68694506e+06  5.75473974e+01  3.68694506e+06  4.75039530e+01
 3.71535229e+06  5.70971847e+01  3.71535229e+06  4.52876732e+01
 3.74397839e+06  5.66512874e+01  3.74397839e+06  4.32592169e+01
 3.77282505e+06  5.62107980e+01  3.77282505e+06  4.14008765e+01
 3.80189396e+06  5.57769922e+01  3.80189396e+06  3.96958521e+01
 3.83118685e+06  5.53509101e+01  3.83118685e+06  3.81290648e+01
 3.86070543e+06  5.49323353e+01  3.86070543e+06  3.66871792e+01
 3.89045145e+06  5.45220273e+01  3.89045145e+06  3.53578443e+01
 3.92042666e+06  5.41201362e+01  3.92042666e+06  3.41299013e+01
 3.95063281e+06  5.37263833e+01  3.95063281e+06  3.29935170e+01
 3.98107171e+06  5.33407843e+01  3.98107171e+06  3.19406612e+01
 4.01174512e+06  5.29632828e+01  4.01174512e+06  3.09620161e+01
 4.04265487e+06  5.25935393e+01  4.04265487e+06  3.00520962e+01
 4.07380278e+06  5.22317654e+01  4.07380278e+06  2.92040607e+01
 4.10519067e+06  5.18770981e+01  4.10519067e+06  2.84130808e+01
 4.13682040e+06  5.15291569e+01  4.13682040e+06  2.76732156e+01
 4.16869383e+06  5.11889312e+01  4.16869383e+06  2.69806562e+01
 4.20081285e+06  5.08546682e+01  4.20081285e+06  2.63314346e+01
 4.23317933e+06  5.05271893e+01  4.23317933e+06  2.57225158e+01
 4.26579519e+06  5.02053683e+01  4.26579519e+06  2.51497557e+01
 4.29866235e+06  4.98897466e+01  4.29866235e+06  2.46107888e+01
 4.33178274e+06  4.95798081e+01  4.33178274e+06  2.41028157e+01
 4.36515832e+06  4.92752395e+01  4.36515832e+06  2.36237095e+01
 4.39879106e+06  4.89755040e+01  4.39879106e+06  2.31707828e+01
 4.43268292e+06  4.86811316e+01  4.43268292e+06  2.27431967e+01
 4.46683592e+06  4.83914860e+01  4.46683592e+06  2.23392647e+01
 4.50125206e+06  4.81063522e+01  4.50125206e+06  2.19555883e+01
 4.53593337e+06  4.78256840e+01  4.53593337e+06  2.15934518e+01
 4.57088190e+06  4.75494593e+01  4.57088190e+06  2.12485128e+01
 4.60609969e+06  4.72770725e+01  4.60609969e+06  2.09226566e+01
 4.64158883e+06  4.70084670e+01  4.64158883e+06  2.06110979e+01
 4.67735141e+06  4.67435971e+01  4.67735141e+06  2.03166614e+01
 4.71338954e+06  4.64827136e+01  4.71338954e+06  2.00362036e+01
 4.74970533e+06  4.62251152e+01  4.74970533e+06  1.97686489e+01
 4.78630092e+06  4.59707256e+01  4.78630092e+06  1.95138673e+01
 4.82317848e+06  4.57199152e+01  4.82317848e+06  1.92730046e+01
 4.86034018e+06  4.54721690e+01  4.86034018e+06  1.90423170e+01
 4.89778819e+06  4.52270435e+01  4.89778819e+06  1.88221223e+01
 4.93552474e+06  4.49850935e+01  4.93552474e+06  1.86122352e+01
 4.97355204e+06  4.47459843e+01  4.97355204e+06  1.84119974e+01
 5.01187234e+06  4.45091704e+01  5.01187234e+06  1.82217269e+01
 5.05048788e+06  4.42751200e+01  5.05048788e+06  1.80396880e+01
 5.08940095e+06  4.40435532e+01  5.08940095e+06  1.78653441e+01
 5.12861384e+06  4.38147325e+01  5.12861384e+06  1.76993437e+01
 5.16812886e+06  4.35879326e+01  5.16812886e+06  1.75401479e+01
 5.20794833e+06  4.33632164e+01  5.20794833e+06  1.73895346e+01
 5.24807460e+06  4.31409544e+01  5.24807460e+06  1.72424850e+01
 5.28851004e+06  4.29208626e+01  5.28851004e+06  1.71068365e+01
 5.32925703e+06  4.27026098e+01  5.32925703e+06  1.69756788e+01
 5.37031796e+06  4.24864046e+01  5.37031796e+06  1.68475702e+01
 5.41169527e+06  4.22721045e+01  5.41169527e+06  1.67279794e+01
 5.45339137e+06  4.20598257e+01  5.45339137e+06  1.66130678e+01
 5.49540874e+06  4.18492571e+01  5.49540874e+06  1.65027857e+01
 5.53774984e+06  4.16403265e+01  5.53774984e+06  1.63980575e+01
 5.58041717e+06  4.14332270e+01  5.58041717e+06  1.62977795e+01
 5.62341325e+06  4.12276601e+01  5.62341325e+06  1.62040402e+01
 5.66674061e+06  4.10236140e+01  5.66674061e+06  1.61129820e+01
 5.71040179e+06  4.08210843e+01  5.71040179e+06  1.60248985e+01
 5.75439937e+06  4.06205660e+01  5.75439937e+06  1.59438159e+01
 5.79873595e+06  4.04206694e+01  5.79873595e+06  1.58659797e+01
 5.84341413e+06  4.02223824e+01  5.84341413e+06  1.57903574e+01
 5.88843655e+06  4.00258901e+01  5.88843655e+06  1.57202784e+01
 5.93380586e+06  3.98306061e+01  5.93380586e+06  1.56530867e+01
 5.97952473e+06  3.96363722e+01  5.97952473e+06  1.55884003e+01
 6.02559586e+06  3.94432260e+01  6.02559586e+06  1.55299078e+01
 6.07202196e+06  3.92517140e+01  6.07202196e+06  1.54716277e+01
 6.11880576e+06  3.90612242e+01  6.11880576e+06  1.54186595e+01
 6.16595002e+06  3.88715089e+01  6.16595002e+06  1.53661446e+01
 6.21345752e+06  3.86836207e+01  6.21345752e+06  1.53193348e+01
 6.26133105e+06  3.84966465e+01  6.26133105e+06  1.52749560e+01
 6.30957344e+06  3.83101221e+01  6.30957344e+06  1.52312465e+01
 6.35818754e+06  3.81254055e+01  6.35818754e+06  1.51917754e+01
 6.40717619e+06  3.79414880e+01  6.40717619e+06  1.51565605e+01
 6.45654229e+06  3.77581152e+01  6.45654229e+06  1.51205194e+01
 6.50628875e+06  3.75760031e+01  6.50628875e+06  1.50900948e+01
 6.55641849e+06  3.73950343e+01  6.55641849e+06  1.50596719e+01
 6.60693448e+06  3.72140453e+01  6.60693448e+06  1.50333676e+01
 6.65783968e+06  3.70351309e+01  6.65783968e+06  1.50104251e+01
 6.70913710e+06  3.68569027e+01  6.70913710e+06  1.49873844e+01
 6.76082975e+06  3.66784289e+01  6.76082975e+06  1.49642291e+01
 6.81292069e+06  3.65019056e+01  6.81292069e+06  1.49478319e+01
 6.86541298e+06  3.63251209e+01  6.86541298e+06  1.49335075e+01
 6.91830971e+06  3.61500884e+01  6.91830971e+06  1.49172033e+01
 6.97161400e+06  3.59754802e+01  6.97161400e+06  1.49040627e+01
 7.02532899e+06  3.58014587e+01  7.02532899e+06  1.48972787e+01
 7.07945784e+06  3.56278416e+01  7.07945784e+06  1.48896131e+01
 7.13400375e+06  3.54557384e+01  7.13400375e+06  1.48813839e+01
 7.18896992e+06  3.52838381e+01  7.18896992e+06  1.48789127e+01
 7.24435960e+06  3.51132159e+01  7.24435960e+06  1.48737805e+01
 7.30017605e+06  3.49420806e+01  7.30017605e+06  1.48753215e+01
 7.35642254e+06  3.47719773e+01  7.35642254e+06  1.48747033e+01
 7.41310241e+06  3.46024481e+01  7.41310241e+06  1.48819641e+01
 7.47021899e+06  3.44337350e+01  7.47021899e+06  1.48860538e+01
 7.52777564e+06  3.42658746e+01  7.52777564e+06  1.48920211e+01
 7.58577575e+06  3.40973853e+01  7.58577575e+06  1.48988778e+01
 7.64422274e+06  3.39311021e+01  7.64422274e+06  1.49132012e+01
 7.70312006e+06  3.37640573e+01  7.70312006e+06  1.49238937e+01
 7.76247117e+06  3.35985653e+01  7.76247117e+06  1.49385696e+01
 7.82227956e+06  3.34326864e+01  7.82227956e+06  1.49502078e+01
 7.88254877e+06  3.32675236e+01  7.88254877e+06  1.49701185e+01
 7.94328235e+06  3.31025242e+01  7.94328235e+06  1.49867005e+01
 8.00448386e+06  3.29396180e+01  8.00448386e+06  1.50051370e+01
 8.06615692e+06  3.27753828e+01  8.06615692e+06  1.50276609e+01
 8.12830516e+06  3.26123945e+01  8.12830516e+06  1.50506213e+01
 8.19093224e+06  3.24498350e+01  8.19093224e+06  1.50736115e+01
 8.25404185e+06  3.22875707e+01  8.25404185e+06  1.50975578e+01
 8.31763771e+06  3.21252637e+01  8.31763771e+06  1.51265687e+01
 8.38172356e+06  3.19627940e+01  8.38172356e+06  1.51575867e+01
 8.44630319e+06  3.18031465e+01  8.44630319e+06  1.51830569e+01
 8.51138038e+06  3.16422707e+01  8.51138038e+06  1.52163613e+01
 8.57695899e+06  3.14820155e+01  8.57695899e+06  1.52448300e+01
 8.64304286e+06  3.13217086e+01  8.64304286e+06  1.52826591e+01
 8.70963590e+06  3.11615681e+01  8.70963590e+06  1.53165718e+01
 8.77674203e+06  3.10019812e+01  8.77674203e+06  1.53549830e+01
 8.84436519e+06  3.08441484e+01  8.84436519e+06  1.53928637e+01
 8.91250938e+06  3.06850614e+01  8.91250938e+06  1.54374472e+01
 8.98117861e+06  3.05260070e+01  8.98117861e+06  1.54775968e+01
 9.05037692e+06  3.03679646e+01  9.05037692e+06  1.55162884e+01
 9.12010839e+06  3.02113500e+01  9.12010839e+06  1.55595334e+01
 9.19037713e+06  3.00516827e+01  9.19037713e+06  1.56081280e+01
 9.26118728e+06  2.98950786e+01  9.26118728e+06  1.56536201e+01
 9.33254301e+06  2.97380688e+01  9.33254301e+06  1.57014283e+01
 9.40444852e+06  2.95824658e+01  9.40444852e+06  1.57539958e+01
 9.47690805e+06  2.94263270e+01  9.47690805e+06  1.58009074e+01
 9.54992586e+06  2.92691653e+01  9.54992586e+06  1.58522595e+01
 9.62350626e+06  2.91128591e+01  9.62350626e+06  1.59080397e+01
 9.69765359e+06  2.89576968e+01  9.69765359e+06  1.59624566e+01
 9.77237221e+06  2.88017448e+01  9.77237221e+06  1.60222906e+01
 9.84766652e+06  2.86476481e+01  9.84766652e+06  1.60754325e+01
 9.92354096e+06  2.84918506e+01  9.92354096e+06  1.61339510e+01
 1.00000000e+07  2.83369303e+01  1.00000000e+07  1.61918093e+01
 1.00770481e+07  2.81831224e+01  1.00770481e+07  1.62586013e+01
 1.01546899e+07  2.80283694e+01  1.01546899e+07  1.63205017e+01
 1.02329299e+07  2.78748193e+01  1.02329299e+07  1.63811343e+01
 1.03117727e+07  2.77199535e+01  1.03117727e+07  1.64488550e+01
 1.03912230e+07  2.75651937e+01  1.03912230e+07  1.65158857e+01
 1.04712855e+07  2.74129669e+01  1.04712855e+07  1.65797017e+01
 1.05519648e+07  2.72588703e+01  1.05519648e+07  1.66492922e+01
 1.06332657e+07  2.71054230e+01  1.06332657e+07  1.67248229e+01
 1.07151931e+07  2.69519213e+01  1.07151931e+07  1.67961621e+01
 1.07977516e+07  2.67980165e+01  1.07977516e+07  1.68742854e+01
 1.08809463e+07  2.66456536e+01  1.08809463e+07  1.69450431e+01
 1.09647820e+07  2.64941441e+01  1.09647820e+07  1.70204141e+01
 1.10492636e+07  2.63396176e+01  1.10492636e+07  1.71001423e+01
 1.11343961e+07  2.61871668e+01  1.11343961e+07  1.71840724e+01
 1.12201845e+07  2.60340346e+01  1.12201845e+07  1.72688020e+01
 1.13066340e+07  2.58812751e+01  1.13066340e+07  1.73443783e+01
 1.13937495e+07  2.57306190e+01  1.13937495e+07  1.74252037e+01
 1.14815362e+07  2.55774661e+01  1.14815362e+07  1.75082776e+01
 1.15699993e+07  2.54244543e+01  1.15699993e+07  1.76033865e+01
 1.16591440e+07  2.52734149e+01  1.16591440e+07  1.76922629e+01
 1.17489755e+07  2.51217055e+01  1.17489755e+07  1.77703972e+01
 1.18394992e+07  2.49693907e+01  1.18394992e+07  1.78653397e+01
 1.19307204e+07  2.48184555e+01  1.19307204e+07  1.79566113e+01
 1.20226443e+07  2.46651825e+01  1.20226443e+07  1.80685614e+01
 1.21152766e+07  2.45135069e+01  1.21152766e+07  1.81504829e+01
 1.22086225e+07  2.43614773e+01  1.22086225e+07  1.82547490e+01
 1.23026877e+07  2.42084068e+01  1.23026877e+07  1.83498574e+01
 1.23974776e+07  2.40578466e+01  1.23974776e+07  1.84469947e+01
 1.24929979e+07  2.39083061e+01  1.24929979e+07  1.85553378e+01
 1.25892541e+07  2.37557337e+01  1.25892541e+07  1.86573868e+01
 1.26862520e+07  2.36046846e+01  1.26862520e+07  1.87572724e+01
 1.27839972e+07  2.34530365e+01  1.27839972e+07  1.88703620e+01
 1.28824955e+07  2.33012314e+01  1.28824955e+07  1.89762736e+01
 1.29817528e+07  2.31472784e+01  1.29817528e+07  1.90980714e+01
 1.30817747e+07  2.29999160e+01  1.30817747e+07  1.91936820e+01
 1.31825674e+07  2.28467948e+01  1.31825674e+07  1.93059667e+01
 1.32841366e+07  2.26945371e+01  1.32841366e+07  1.94374313e+01
 1.33864884e+07  2.25430627e+01  1.33864884e+07  1.95549552e+01
 1.34896288e+07  2.23922506e+01  1.34896288e+07  1.96703472e+01
 1.35935639e+07  2.22408285e+01  1.35935639e+07  1.97830514e+01
 1.36982998e+07  2.20888621e+01  1.36982998e+07  1.99161479e+01
 1.38038426e+07  2.19345564e+01  1.38038426e+07  2.00457916e+01
 1.39101987e+07  2.17853561e+01  1.39101987e+07  2.01737837e+01
 1.40173742e+07  2.16345628e+01  1.40173742e+07  2.02867573e+01
 1.41253754e+07  2.14820782e+01  1.41253754e+07  2.04275110e+01
 1.42342088e+07  2.13283201e+01  1.42342088e+07  2.05531317e+01
 1.43438808e+07  2.11774321e+01  1.43438808e+07  2.06931122e+01
 1.44543977e+07  2.10248119e+01  1.44543977e+07  2.08246784e+01
 1.45657662e+07  2.08739813e+01  1.45657662e+07  2.09718849e+01
 1.46779927e+07  2.07206037e+01  1.46779927e+07  2.11022951e+01
 1.47910839e+07  2.05705610e+01  1.47910839e+07  2.12564399e+01
 1.49050464e+07  2.04206889e+01  1.49050464e+07  2.13864646e+01
 1.50198870e+07  2.02663142e+01  1.50198870e+07  2.15435067e+01
 1.51356125e+07  2.01144992e+01  1.51356125e+07  2.16881873e+01
 1.52522296e+07  1.99615653e+01  1.52522296e+07  2.18347455e+01
 1.53697452e+07  1.98079132e+01  1.53697452e+07  2.19979379e+01
 1.54881662e+07  1.96551398e+01  1.54881662e+07  2.21551111e+01
 1.56074996e+07  1.95018702e+01  1.56074996e+07  2.23133190e+01
 1.57277525e+07  1.93504070e+01  1.57277525e+07  2.24655816e+01
 1.58489319e+07  1.91959212e+01  1.58489319e+07  2.26423909e+01
 1.59710450e+07  1.90430422e+01  1.59710450e+07  2.28152811e+01
 1.60940989e+07  1.88904414e+01  1.60940989e+07  2.29704344e+01
 1.62181010e+07  1.87355742e+01  1.62181010e+07  2.31396054e+01
 1.63430584e+07  1.85829464e+01  1.63430584e+07  2.33196556e+01
 1.64689787e+07  1.84323151e+01  1.64689787e+07  2.34785646e+01
 1.65958691e+07  1.82719959e+01  1.65958691e+07  2.36820727e+01
 1.67237372e+07  1.81198687e+01  1.67237372e+07  2.38508761e+01
 1.68525904e+07  1.79700063e+01  1.68525904e+07  2.40209711e+01
 1.69824365e+07  1.78170908e+01  1.69824365e+07  2.42081363e+01
 1.71132830e+07  1.76587791e+01  1.71132830e+07  2.44115940e+01
 1.72451377e+07  1.75056972e+01  1.72451377e+07  2.46025336e+01
 1.73780083e+07  1.73494540e+01  1.73780083e+07  2.47996230e+01
 1.75119026e+07  1.71945874e+01  1.75119026e+07  2.49960428e+01
 1.76468286e+07  1.70399216e+01  1.76468286e+07  2.51885724e+01
 1.77827941e+07  1.68886924e+01  1.77827941e+07  2.53936083e+01
 1.79198072e+07  1.67279197e+01  1.79198072e+07  2.56184466e+01
 1.80578760e+07  1.65755327e+01  1.80578760e+07  2.58123925e+01
 1.81970086e+07  1.64172453e+01  1.81970086e+07  2.60326194e+01
 1.83372132e+07  1.62596346e+01  1.83372132e+07  2.62740220e+01
 1.84784980e+07  1.61089579e+01  1.84784980e+07  2.64588282e+01
 1.86208714e+07  1.59465596e+01  1.86208714e+07  2.67232948e+01
 1.87643417e+07  1.57917458e+01  1.87643417e+07  2.69194312e+01
 1.89089175e+07  1.56328944e+01  1.89089175e+07  2.71757769e+01
 1.90546072e+07  1.54762316e+01  1.90546072e+07  2.74014802e+01
 1.92014194e+07  1.53188309e+01  1.92014194e+07  2.76553549e+01
 1.93493628e+07  1.51636931e+01  1.93493628e+07  2.78681648e+01
 1.94984460e+07  1.50060958e+01  1.94984460e+07  2.81280466e+01
 1.96486779e+07  1.48467716e+01  1.96486779e+07  2.83663133e+01
 1.98000673e+07  1.46871065e+01  1.98000673e+07  2.86360040e+01
 1.99526231e+07  1.45286902e+01  1.99526231e+07  2.88763832e+01
 2.01063544e+07  1.43723262e+01  2.01063544e+07  2.91575312e+01
 2.02612701e+07  1.42117890e+01  2.02612701e+07  2.94037047e+01
 2.04173794e+07  1.40490937e+01  2.04173794e+07  2.96844514e+01
 2.05746916e+07  1.38901486e+01  2.05746916e+07  2.99990570e+01
 2.07332157e+07  1.37310198e+01  2.07332157e+07  3.02649360e+01
 2.08929613e+07  1.35738784e+01  2.08929613e+07  3.05225840e+01
 2.10539377e+07  1.34101705e+01  2.10539377e+07  3.08501019e+01
 2.12161544e+07  1.32542916e+01  2.12161544e+07  3.11181328e+01
 2.13796209e+07  1.30874539e+01  2.13796209e+07  3.14311115e+01
 2.15443469e+07  1.29279607e+01  2.15443469e+07  3.17504207e+01
 2.17103421e+07  1.27670891e+01  2.17103421e+07  3.20501807e+01
 2.18776162e+07  1.26014414e+01  2.18776162e+07  3.23280669e+01
 2.20461792e+07  1.24425575e+01  2.20461792e+07  3.26676409e+01
 2.22160409e+07  1.22784246e+01  2.22160409e+07  3.30312031e+01
 2.23872114e+07  1.21109197e+01  2.23872114e+07  3.33782834e+01
 2.25597007e+07  1.19472262e+01  2.25597007e+07  3.37483171e+01
 2.27335190e+07  1.17931256e+01  2.27335190e+07  3.40118832e+01
 2.29086765e+07  1.16265328e+01  2.29086765e+07  3.44253540e+01
 2.30851836e+07  1.14627922e+01  2.30851836e+07  3.47255254e+01
 2.32630507e+07  1.13017450e+01  2.32630507e+07  3.50999609e+01
 2.34422882e+07  1.11371810e+01  2.34422882e+07  3.55173062e+01
 2.36229066e+07  1.09638530e+01  2.36229066e+07  3.59231812e+01
 2.38049167e+07  1.08042167e+01  2.38049167e+07  3.62543112e+01
 2.39883292e+07  1.06372018e+01  2.39883292e+07  3.66440757e+01
 2.41731548e+07  1.04684705e+01  2.41731548e+07  3.71192664e+01
 2.43594045e+07  1.03009406e+01  2.43594045e+07  3.75062077e+01
 2.45470892e+07  1.01436094e+01  2.45470892e+07  3.78957137e+01
 2.47362199e+07  9.96447825e+00  2.47362199e+07  3.84043170e+01
 2.49268079e+07  9.80595804e+00  2.49268079e+07  3.87614107e+01
 2.51188643e+07  9.63561815e+00  2.51188643e+07  3.91917236e+01
 2.53124005e+07  9.47130498e+00  2.53124005e+07  3.96207701e+01
 2.55074278e+07  9.30365781e+00  2.55074278e+07  4.00851737e+01
 2.57039578e+07  9.13346618e+00  2.57039578e+07  4.05845442e+01
 2.59020020e+07  8.96996966e+00  2.59020020e+07  4.10666995e+01
 2.61015722e+07  8.80086079e+00  2.61015722e+07  4.14900657e+01
 2.63026799e+07  8.62591879e+00  2.63026799e+07  4.19547106e+01
 2.65053372e+07  8.46245541e+00  2.65053372e+07  4.25035673e+01
 2.67095559e+07  8.29477036e+00  2.67095559e+07  4.30616821e+01
 2.69153480e+07  8.12545496e+00  2.69153480e+07  4.36075570e+01
 2.71227258e+07  7.95062936e+00  2.71227258e+07  4.41362623e+01
 2.73317014e+07  7.78124386e+00  2.73317014e+07  4.46968950e+01
 2.75422870e+07  7.61283737e+00  2.75422870e+07  4.51772443e+01
 2.77544952e+07  7.44875185e+00  2.77544952e+07  4.57150944e+01
 2.79683385e+07  7.28057992e+00  2.79683385e+07  4.63295621e+01
 2.81838293e+07  7.11728243e+00  2.81838293e+07  4.69280554e+01
 2.84009805e+07  6.94108628e+00  2.84009805e+07  4.74713300e+01
 2.86198048e+07  6.76698022e+00  2.86198048e+07  4.82464336e+01
 2.88403150e+07  6.60007853e+00  2.88403150e+07  4.88862318e+01
 2.90625243e+07  6.44002331e+00  2.90625243e+07  4.94389873e+01
 2.92864456e+07  6.26743596e+00  2.92864456e+07  5.00263761e+01
 2.95120923e+07  6.09666938e+00  2.95120923e+07  5.07157533e+01
 2.97394775e+07  5.92489701e+00  2.97394775e+07  5.13149725e+01
 2.99686146e+07  5.75803601e+00  2.99686146e+07  5.21655121e+01
 3.01995172e+07  5.58493269e+00  3.01995172e+07  5.28705649e+01
 3.04321989e+07  5.41731060e+00  3.04321989e+07  5.36219314e+01
 3.06666733e+07  5.25235239e+00  3.06666733e+07  5.42780414e+01
 3.09029543e+07  5.08325819e+00  3.09029543e+07  5.51653962e+01
 3.11410558e+07  4.91661891e+00  3.11410558e+07  5.59371522e+01
 3.13809919e+07  4.76027098e+00  3.13809919e+07  5.66927375e+01
 3.16227766e+07  4.58006656e+00  3.16227766e+07  5.74684664e+01
 3.18664242e+07  4.42772730e+00  3.18664242e+07  5.83334252e+01
 3.21119491e+07  4.24651827e+00  3.21119491e+07  5.92044873e+01
 3.23593657e+07  4.10009575e+00  3.23593657e+07  6.01701872e+01
 3.26086886e+07  3.93752091e+00  3.26086886e+07  6.10100685e+01
 3.28599325e+07  3.77752360e+00  3.28599325e+07  6.17781128e+01
 3.31131121e+07  3.61800932e+00  3.31131121e+07  6.25814421e+01
 3.33682425e+07  3.46170209e+00  3.33682425e+07  6.35258995e+01
 3.36253386e+07  3.30047723e+00  3.36253386e+07  6.44616757e+01
 3.38844156e+07  3.15247466e+00  3.38844156e+07  6.57507910e+01
 3.41454887e+07  2.99459536e+00  3.41454887e+07  6.66466415e+01
 3.44085734e+07  2.83954059e+00  3.44085734e+07  6.76562469e+01
 3.46736850e+07  2.65636610e+00  3.46736850e+07  6.81257543e+01
 3.49408393e+07  2.53728550e+00  3.49408393e+07  6.95750257e+01
 3.52100520e+07  2.38385613e+00  3.52100520e+07  7.05335471e+01
 3.54813389e+07  2.22956973e+00  3.54813389e+07  7.15112379e+01
 3.57547160e+07  2.12891310e+00  3.57547160e+07  7.29048937e+01
 3.60301995e+07  1.95028696e+00  3.60301995e+07  7.36922764e+01
 3.63078055e+07  1.84289735e+00  3.63078055e+07  7.50416844e+01
 3.65875504e+07  1.70243582e+00  3.65875504e+07  7.61865313e+01
 3.68694506e+07  1.56670199e+00  3.68694506e+07  7.74748295e+01
 3.71535229e+07  1.45911635e+00  3.71535229e+07  7.84974294e+01
 3.74397839e+07  1.32652712e+00  3.74397839e+07  7.95994566e+01
 3.77282505e+07  1.18458838e+00  3.77282505e+07  8.09511877e+01
 3.80189396e+07  1.08633784e+00  3.80189396e+07  8.19679704e+01
 3.83118685e+07  9.45676573e-01  3.83118685e+07  8.32881826e+01
 3.86070543e+07  8.38986443e-01  3.86070543e+07  8.44275359e+01
 3.89045145e+07  7.85899834e-01  3.89045145e+07  8.59864031e+01
 3.92042666e+07  6.51088600e-01  3.92042666e+07  8.74064636e+01
 3.95063281e+07  4.96618346e-01  3.95063281e+07  8.78215084e+01
 3.98107171e+07  3.91086660e-01  3.98107171e+07  8.92589514e+01
 4.01174512e+07  3.56223227e-01  4.01174512e+07  9.06089019e+01
 4.04265487e+07  2.80569901e-01  4.04265487e+07  9.20627438e+01
 4.07380278e+07  1.44195848e-01  4.07380278e+07  9.32017488e+01
 4.10519067e+07  1.49754214e-01  4.10519067e+07  9.49206200e+01
 4.13682040e+07  5.83139789e-02  4.13682040e+07  9.64178313e+01
 4.16869383e+07  -3.29431777e-02  4.16869383e+07  9.75296796e+01
 4.20081285e+07  -3.44898122e-02  4.20081285e+07  9.87921897e+01
 4.23317933e+07  -1.18142022e-01  4.23317933e+07  1.00617086e+02
 4.26579519e+07  -1.72428398e-01  4.26579519e+07  1.01469826e+02
 4.29866235e+07  -2.72079675e-01  4.29866235e+07  1.02742445e+02
 4.33178274e+07  -2.74677811e-01  4.33178274e+07  1.03953299e+02
 4.36515832e+07  -4.78628534e-01  4.36515832e+07  1.05565846e+02
 4.39879106e+07  -5.25166350e-01  4.39879106e+07  1.06167737e+02
 4.43268292e+07  -3.99822895e-01  4.43268292e+07  1.07357089e+02
 4.46683592e+07  -4.57214219e-01  4.46683592e+07  1.08368659e+02
 4.50125206e+07  -4.80584447e-01  4.50125206e+07  1.10572171e+02
 4.53593337e+07  -4.45898175e-01  4.53593337e+07  1.11805609e+02
 4.57088190e+07  -5.43900093e-01  4.57088190e+07  1.12719170e+02
 4.60609969e+07  -5.50607525e-01  4.60609969e+07  1.14839461e+02
 4.64158883e+07  -6.31076645e-01  4.64158883e+07  1.15189640e+02
 4.67735141e+07  -5.38041470e-01  4.67735141e+07  1.17076699e+02
 4.71338954e+07  -6.11959469e-01  4.71338954e+07  1.18406678e+02
 4.74970533e+07  -6.21268862e-01  4.74970533e+07  1.20312076e+02
 4.78630092e+07  -5.63797023e-01  4.78630092e+07  1.18755499e+02
 4.82317848e+07  -6.55388867e-01  4.82317848e+07  1.22723518e+02
 4.86034018e+07  -5.90542950e-01  4.86034018e+07  1.23060381e+02
 4.89778819e+07  -6.84593155e-01  4.89778819e+07  1.25337055e+02
 4.93552474e+07  -5.53505118e-01  4.93552474e+07  1.24226161e+02
 4.97355204e+07  -5.79304528e-01  4.97355204e+07  1.25253017e+02
 5.01187234e+07  -4.71889943e-01  5.01187234e+07  1.26576548e+02
 5.05048788e+07  -5.16044963e-01  5.05048788e+07  1.29142038e+02
 5.08940095e+07  -5.70701244e-01  5.08940095e+07  1.30113463e+02
 5.12861384e+07  -5.48183139e-01  5.12861384e+07  1.32513529e+02
 5.16812886e+07  -4.54148031e-01  5.16812886e+07  1.30882649e+02
 5.20794833e+07  -4.01076730e-01  5.20794833e+07  1.32425746e+02
 5.24807460e+07  -3.64758894e-01  5.24807460e+07  1.33076547e+02
 5.28851004e+07  -3.16307355e-01  5.28851004e+07  1.33710414e+02
 5.32925703e+07  -1.67479693e-01  5.32925703e+07  1.35340455e+02
 5.37031796e+07  -2.24451834e-01  5.37031796e+07  1.36918185e+02
 5.41169527e+07  -1.60392422e-01  5.41169527e+07  1.38111395e+02
 5.45339137e+07  -3.02742404e-01  5.45339137e+07  1.37781805e+02
 5.49540874e+07  -2.16090878e-01  5.49540874e+07  1.39094644e+02
 5.53774984e+07  -1.15722859e-01  5.53774984e+07  1.39830454e+02
 5.58041717e+07  -1.71897333e-01  5.58041717e+07  1.39545004e+02
 5.62341325e+07  -2.96077861e-01  5.62341325e+07  1.40695939e+02
 5.66674061e+07  -1.23913803e-01  5.66674061e+07  1.41707257e+02
 5.71040179e+07  3.34157634e-02  5.71040179e+07  1.43425746e+02
 5.75439937e+07  1.27884148e-01  5.75439937e+07  1.43955428e+02
 5.79873595e+07  1.64262599e-01  5.79873595e+07  1.44547740e+02
 5.84341413e+07  1.61085220e-01  5.84341413e+07  1.45734384e+02
 5.88843655e+07  1.64334754e-01  5.88843655e+07  1.44817948e+02
 5.93380586e+07  3.86379928e-01  5.93380586e+07  1.47038218e+02
 5.97952473e+07  1.79215936e-01  5.97952473e+07  1.48439187e+02
 6.02559586e+07  3.01018623e-01  6.02559586e+07  1.48256527e+02
 6.07202196e+07  4.31129003e-01  6.07202196e+07  1.47617711e+02
 6.11880576e+07  3.45773032e-01  6.11880576e+07  1.48526142e+02
 6.16595002e+07  2.70954967e-01  6.16595002e+07  1.49761893e+02
 6.21345752e+07  3.92730011e-01  6.21345752e+07  1.51183831e+02
 6.26133105e+07  5.90959297e-01  6.26133105e+07  1.51535529e+02
 6.30957344e+07  6.08032757e-01  6.30957344e+07  1.52501818e+02
 6.35818754e+07  5.95423351e-01  6.35818754e+07  1.52307932e+02
 6.40717619e+07  6.59306319e-01  6.40717619e+07  1.54014928e+02
 6.45654229e+07  7.29035514e-01  6.45654229e+07  1.54479800e+02
 6.50628875e+07  6.03875926e-01  6.50628875e+07  1.54161638e+02
 6.55641849e+07  8.32100931e-01  6.55641849e+07  1.54693568e+02
 6.60693448e+07  7.90915719e-01  6.60693448e+07  1.55428912e+02
 6.65783968e+07  8.44729788e-01  6.65783968e+07  1.56440745e+02
 6.70913710e+07  7.61156482e-01  6.70913710e+07  1.57298180e+02
 6.76082975e+07  7.90102509e-01  6.76082975e+07  1.57958194e+02
 6.81292069e+07  9.42419094e-01  6.81292069e+07  1.58244561e+02
 6.86541298e+07  9.48487311e-01  6.86541298e+07  1.58203395e+02
 6.91830971e+07  1.08692498e+00  6.91830971e+07  1.58560023e+02
 6.97161400e+07  1.16459096e+00  6.97161400e+07  1.59711304e+02
 7.02532899e+07  1.16274925e+00  7.02532899e+07  1.60270277e+02
 7.07945784e+07  1.08562988e+00  7.07945784e+07  1.59924359e+02
 7.13400375e+07  1.22516651e+00  7.13400375e+07  1.60834587e+02
 7.18896992e+07  1.26254061e+00  7.18896992e+07  1.61153589e+02
 7.24435960e+07  1.27196161e+00  7.24435960e+07  1.61153837e+02
 7.30017605e+07  1.34224077e+00  7.30017605e+07  1.62420734e+02
 7.35642254e+07  1.57299658e+00  7.35642254e+07  1.62430737e+02
 7.41310241e+07  1.36524071e+00  7.41310241e+07  1.63727472e+02
 7.47021899e+07  1.46907936e+00  7.47021899e+07  1.63708552e+02
 7.52777564e+07  1.33520051e+00  7.52777564e+07  1.64543762e+02
 7.58577575e+07  1.51239997e+00  7.58577575e+07  1.64819023e+02
 7.64422274e+07  1.70786188e+00  7.64422274e+07  1.64741483e+02
 7.70312006e+07  1.69734153e+00  7.70312006e+07  1.65850365e+02
 7.76247117e+07  1.61319708e+00  7.76247117e+07  1.65109541e+02
 7.82227956e+07  1.90367254e+00  7.82227956e+07  1.65500367e+02
 7.88254877e+07  1.79831830e+00  7.88254877e+07  1.65681391e+02
 7.94328235e+07  1.70354828e+00  7.94328235e+07  1.67087710e+02
 8.00448386e+07  1.75889294e+00  8.00448386e+07  1.67808379e+02
 8.06615692e+07  2.06692413e+00  8.06615692e+07  1.67441767e+02
 8.12830516e+07  1.99789479e+00  8.12830516e+07  1.68733716e+02
 8.19093224e+07  1.80563881e+00  8.19093224e+07  1.68031457e+02
 8.25404185e+07  2.00839710e+00  8.25404185e+07  1.69152957e+02
 8.31763771e+07  2.02678325e+00  8.31763771e+07  1.69765716e+02
 8.38172356e+07  2.10008684e+00  8.38172356e+07  1.68787639e+02
 8.44630319e+07  2.05265237e+00  8.44630319e+07  1.70320648e+02
 8.51138038e+07  1.95262322e+00  8.51138038e+07  1.70725165e+02
 8.57695899e+07  2.12276854e+00  8.57695899e+07  1.70349890e+02
 8.64304286e+07  2.06551456e+00  8.64304286e+07  1.70877792e+02
 8.70963590e+07  2.15595976e+00  8.70963590e+07  1.71405570e+02
 8.77674203e+07  2.31330785e+00  8.77674203e+07  1.71705726e+02
 8.84436519e+07  2.32799324e+00  8.84436519e+07  1.71755089e+02
 8.91250938e+07  2.18714399e+00  8.91250938e+07  1.72885350e+02
 8.98117861e+07  2.37409141e+00  8.98117861e+07  1.72941337e+02
 9.05037692e+07  2.57147904e+00  9.05037692e+07  1.72809204e+02
 9.12010839e+07  2.30067486e+00  9.12010839e+07  1.73223094e+02
 9.19037713e+07  2.45763487e+00  9.19037713e+07  1.73211025e+02
 9.26118728e+07  2.51311280e+00  9.26118728e+07  1.73888514e+02
 9.33254301e+07  2.55761996e+00  9.33254301e+07  1.74329899e+02
 9.40444852e+07  2.66168832e+00  9.40444852e+07  1.74430294e+02
 9.47690805e+07  2.62853375e+00  9.47690805e+07  1.74626969e+02
 9.54992586e+07  2.72791946e+00  9.54992586e+07  1.74726132e+02
 9.62350626e+07  2.67147666e+00  9.62350626e+07  1.74952624e+02
 9.69765359e+07  2.73506521e+00  9.69765359e+07  1.75518158e+02
 9.77237221e+07  2.64897235e+00  9.77237221e+07  1.76016652e+02
 9.84766652e+07  2.73920582e+00  9.84766652e+07  1.76105281e+02
 9.92354096e+07  2.71253990e+00  9.92354096e+07  1.76292172e+02
 1.00000000e+08  2.83724741e+00  1.00000000e+08  1.76720289e+02
 1.00770481e+08  2.87925025e+00  1.00770481e+08  1.76899193e+02
 1.01546899e+08  2.93495603e+00  1.01546899e+08  1.77213974e+02
 1.02329299e+08  3.06205218e+00  1.02329299e+08  1.77146353e+02
 1.03117727e+08  2.96000168e+00  1.03117727e+08  1.77680499e+02
 1.03912230e+08  3.03191942e+00  1.03912230e+08  1.77943550e+02
 1.04712855e+08  3.08191371e+00  1.04712855e+08  1.78180830e+02
 1.05519648e+08  3.15695297e+00  1.05519648e+08  1.78344236e+02
 1.06332657e+08  3.14477564e+00  1.06332657e+08  1.78918800e+02
 1.07151931e+08  3.13866078e+00  1.07151931e+08  1.79063487e+02
 1.07977516e+08  3.19374613e+00  1.07977516e+08  1.79068462e+02
 1.08809463e+08  3.37779902e+00  1.08809463e+08  1.79239004e+02
 1.09647820e+08  3.27559981e+00  1.09647820e+08  1.79501413e+02
 1.10492636e+08  3.16873893e+00  1.10492636e+08  1.79855424e+02
 1.11343961e+08  3.33939058e+00  1.11343961e+08  1.80134081e+02
 1.12201845e+08  3.43662744e+00  1.12201845e+08  1.80356139e+02
 1.13066340e+08  3.31489959e+00  1.13066340e+08  1.80757052e+02
 1.13937495e+08  3.42037398e+00  1.13937495e+08  1.80610284e+02
 1.14815362e+08  3.50364427e+00  1.14815362e+08  1.81084494e+02
 1.15699993e+08  3.32532058e+00  1.15699993e+08  1.81686936e+02
 1.16591440e+08  3.52717337e+00  1.16591440e+08  1.81216785e+02
 1.17489755e+08  3.39623058e+00  1.17489755e+08  1.81893853e+02
 1.18394992e+08  3.62892316e+00  1.18394992e+08  1.81991801e+02
 1.19307204e+08  3.63228853e+00  1.19307204e+08  1.82260661e+02
 1.20226443e+08  3.50996059e+00  1.20226443e+08  1.82587505e+02
 1.21152766e+08  3.62937783e+00  1.21152766e+08  1.82466396e+02
 1.22086225e+08  3.54120210e+00  1.22086225e+08  1.82832513e+02
 1.23026877e+08  3.67560276e+00  1.23026877e+08  1.83240239e+02
 1.23974776e+08  4.01042669e+00  1.23974776e+08  1.82861018e+02
 1.24929979e+08  3.69574140e+00  1.24929979e+08  1.83446210e+02
 1.25892541e+08  3.81511718e+00  1.25892541e+08  1.83409822e+02
 1.26862520e+08  3.95728893e+00  1.26862520e+08  1.83439105e+02
 1.27839972e+08  3.96990588e+00  1.27839972e+08  1.83459999e+02
 1.28824955e+08  3.88326163e+00  1.28824955e+08  1.84043877e+02
 1.29817528e+08  4.15938437e+00  1.29817528e+08  1.84447405e+02
 1.30817747e+08  3.91989898e+00  1.30817747e+08  1.84455412e+02
 1.31825674e+08  4.33184097e+00  1.31825674e+08  1.84385789e+02
 1.32841366e+08  3.98387907e+00  1.32841366e+08  1.84886903e+02
 1.33864884e+08  4.40636050e+00  1.33864884e+08  1.84421148e+02
 1.34896288e+08  4.45005595e+00  1.34896288e+08  1.85016825e+02
 1.35935639e+08  4.20873285e+00  1.35935639e+08  1.85382346e+02
 1.36982998e+08  4.24598942e+00  1.36982998e+08  1.85135593e+02
 1.38038426e+08  4.42695828e+00  1.38038426e+08  1.85106541e+02
 1.39101987e+08  4.05430832e+00  1.39101987e+08  1.85842088e+02
 1.40173742e+08  4.52334387e+00  1.40173742e+08  1.85700015e+02
 1.41253754e+08  4.27902546e+00  1.41253754e+08  1.86177319e+02
 1.42342088e+08  4.47332131e+00  1.42342088e+08  1.86066878e+02
 1.43438808e+08  4.51503709e+00  1.43438808e+08  1.86088234e+02
 1.44543977e+08  4.58782660e+00  1.44543977e+08  1.86143914e+02
 1.45657662e+08  4.80953101e+00  1.45657662e+08  1.86102066e+02
 1.46779927e+08  4.53964866e+00  1.46779927e+08  1.86911868e+02
 1.47910839e+08  4.60461999e+00  1.47910839e+08  1.86826908e+02
 1.49050464e+08  4.65407439e+00  1.49050464e+08  1.87036292e+02
 1.50198870e+08  4.89919957e+00  1.50198870e+08  1.86637422e+02
 1.51356125e+08  4.79419843e+00  1.51356125e+08  1.87114179e+02
 1.52522296e+08  4.54096744e+00  1.52522296e+08  1.87319454e+02
 1.53697452e+08  4.94340027e+00  1.53697452e+08  1.87463543e+02
 1.54881662e+08  4.86899768e+00  1.54881662e+08  1.87395582e+02
 1.56074996e+08  4.41600434e+00  1.56074996e+08  1.88267873e+02
 1.57277525e+08  4.66631357e+00  1.57277525e+08  1.87845742e+02
 1.58489319e+08  5.10546195e+00  1.58489319e+08  1.87905559e+02
 1.59710450e+08  5.01413441e+00  1.59710450e+08  1.87889645e+02
 1.60940989e+08  5.09454474e+00  1.60940989e+08  1.87743060e+02
 1.62181010e+08  4.81467338e+00  1.62181010e+08  1.88263086e+02
 1.63430584e+08  4.90334046e+00  1.63430584e+08  1.87771722e+02
 1.64689787e+08  5.19839520e+00  1.64689787e+08  1.88184284e+02
 1.65958691e+08  4.71555751e+00  1.65958691e+08  1.89078932e+02
 1.67237372e+08  5.20529929e+00  1.67237372e+08  1.88650306e+02
 1.68525904e+08  5.33458013e+00  1.68525904e+08  1.88880211e+02
 1.69824365e+08  5.00327828e+00  1.69824365e+08  1.89010562e+02
 1.71132830e+08  5.12937588e+00  1.71132830e+08  1.88968351e+02
 1.72451377e+08  5.47002413e+00  1.72451377e+08  1.89096036e+02
 1.73780083e+08  5.35673176e+00  1.73780083e+08  1.88693358e+02
 1.75119026e+08  5.47501155e+00  1.75119026e+08  1.89065203e+02
 1.76468286e+08  5.39457291e+00  1.76468286e+08  1.89158900e+02
 1.77827941e+08  5.28446209e+00  1.77827941e+08  1.89209374e+02
 1.79198072e+08  4.96321690e+00  1.79198072e+08  1.89581713e+02
 1.80578760e+08  5.32087246e+00  1.80578760e+08  1.89035362e+02
 1.81970086e+08  5.46515588e+00  1.81970086e+08  1.89216083e+02
 1.83372132e+08  5.59715530e+00  1.83372132e+08  1.89072456e+02
 1.84784980e+08  5.26251061e+00  1.84784980e+08  1.89322920e+02
 1.86208714e+08  5.41053537e+00  1.86208714e+08  1.89585881e+02
 1.87643417e+08  5.82214073e+00  1.87643417e+08  1.89652862e+02
 1.89089175e+08  5.98375798e+00  1.89089175e+08  1.89347292e+02
 1.90546072e+08  5.36001283e+00  1.90546072e+08  1.89668966e+02
 1.92014194e+08  5.52373566e+00  1.92014194e+08  1.89729787e+02
 1.93493628e+08  5.96960432e+00  1.93493628e+08  1.89789791e+02
 1.94984460e+08  5.87023747e+00  1.94984460e+08  1.89726900e+02
 1.96486779e+08  5.74284906e+00  1.96486779e+08  1.89503216e+02
 1.98000673e+08  6.22135546e+00  1.98000673e+08  1.89270233e+02
 1.99526231e+08  6.13548288e+00  1.99526231e+08  1.89536562e+02
 2.01063544e+08  6.02533825e+00  2.01063544e+08  1.89775966e+02
 2.02612701e+08  5.93248246e+00  2.02612701e+08  1.89561860e+02
 2.04173794e+08  5.53197290e+00  2.04173794e+08  1.89936799e+02
 2.05746916e+08  5.43535150e+00  2.05746916e+08  1.90222394e+02
 2.07332157e+08  5.92923199e+00  2.07332157e+08  1.89780163e+02
 2.08929613e+08  6.14825133e+00  2.08929613e+08  1.89775367e+02
 2.10539377e+08  6.04224669e+00  2.10539377e+08  1.89696644e+02
 2.12161544e+08  6.27409721e+00  2.12161544e+08  1.89651350e+02
 2.13796209e+08  6.50527461e+00  2.13796209e+08  1.89852771e+02
 2.15443469e+08  6.05216442e+00  2.15443469e+08  1.89776833e+02
 2.17103421e+08  5.96970009e+00  2.17103421e+08  1.89567025e+02
 2.18776162e+08  6.18403262e+00  2.18776162e+08  1.89771570e+02
 2.20461792e+08  6.80017002e+00  2.20461792e+08  1.89842233e+02
 2.22160409e+08  6.70364241e+00  2.22160409e+08  1.89267085e+02
 2.23872114e+08  6.22773096e+00  2.23872114e+08  1.89474130e+02
 2.25597007e+08  7.27111319e+00  2.25597007e+08  1.89605514e+02
 2.27335190e+08  6.02527371e+00  2.27335190e+08  1.89988793e+02
 2.29086765e+08  7.07710949e+00  2.29086765e+08  1.89399392e+02
 2.30851836e+08  5.80862671e+00  2.30851836e+08  1.89700431e+02
 2.32630507e+08  6.46694373e+00  2.32630507e+08  1.89212555e+02
 2.34422882e+08  6.74773722e+00  2.34422882e+08  1.89198236e+02
 2.36229066e+08  6.64860241e+00  2.36229066e+08  1.89545410e+02
 2.38049167e+08  6.14639347e+00  2.38049167e+08  1.89213613e+02
 2.39883292e+08  6.45436870e+00  2.39883292e+08  1.89478769e+02
 2.41731548e+08  6.74854830e+00  2.41731548e+08  1.89411098e+02
 2.43594045e+08  7.08157586e+00  2.43594045e+08  1.88803756e+02
 2.45470892e+08  6.12347193e+00  2.45470892e+08  1.89339205e+02
 2.47362199e+08  6.43606950e+00  2.47362199e+08  1.89169811e+02
 2.49268079e+08  6.76064193e+00  2.49268079e+08  1.88725635e+02
 2.51188643e+08  6.65351475e+00  2.51188643e+08  1.88918946e+02
 2.53124005e+08  7.01874765e+00  2.53124005e+08  1.88568976e+02
 2.55074278e+08  6.43814173e+00  2.55074278e+08  1.88758198e+02
 2.57039578e+08  7.29441346e+00  2.57039578e+08  1.88818377e+02
 2.59020020e+08  6.22424063e+00  2.59020020e+08  1.88888145e+02
 2.61015722e+08  6.56751548e+00  2.61015722e+08  1.88878254e+02
 2.63026799e+08  6.45454455e+00  2.63026799e+08  1.88547871e+02
 2.65053372e+08  6.85113471e+00  2.65053372e+08  1.88739450e+02
 2.67095559e+08  7.25992781e+00  2.67095559e+08  1.88619691e+02
 2.69153480e+08  6.62775769e+00  2.69153480e+08  1.88942701e+02
 2.71227258e+08  6.51359121e+00  2.71227258e+08  1.88669769e+02
 2.73317014e+08  6.93144444e+00  2.73317014e+08  1.88369890e+02
 2.75422870e+08  6.28158595e+00  2.75422870e+08  1.87981783e+02
 2.77544952e+08  6.69888081e+00  2.77544952e+08  1.88644618e+02
 2.79683385e+08  7.14733940e+00  2.79683385e+08  1.88127209e+02
 2.81838293e+08  6.46893281e+00  2.81838293e+08  1.88145463e+02
 2.84009805e+08  7.50968331e+00  2.84009805e+08  1.87933075e+02
 2.86198048e+08  6.78386525e+00  2.86198048e+08  1.88116547e+02
 2.88403150e+08  7.89561498e+00  2.88403150e+08  1.87500697e+02
 2.90625243e+08  7.81028920e+00  2.90625243e+08  1.87828396e+02
 2.92864456e+08  6.46354055e+00  2.92864456e+08  1.87850363e+02
 2.95120923e+08  6.33589167e+00  2.95120923e+08  1.87371752e+02
 2.97394775e+08  7.44901177e+00  2.97394775e+08  1.87366674e+02
 2.99686146e+08  6.09763601e+00  2.99686146e+08  1.87653374e+02
 3.01995172e+08  5.99718212e+00  3.01995172e+08  1.87554832e+02
 3.04321989e+08  7.10201772e+00  3.04321989e+08  1.87015249e+02
 3.06666733e+08  7.65868682e+00  3.06666733e+08  1.87359937e+02
 3.09029543e+08  7.55091190e+00  3.09029543e+08  1.87248512e+02
 3.11410558e+08  7.43647190e+00  3.11410558e+08  1.87224157e+02
 3.13809919e+08  6.62581201e+00  3.13809919e+08  1.87365431e+02
 3.16227766e+08  6.50626775e+00  3.16227766e+08  1.87319278e+02
 3.18664242e+08  7.83993986e+00  3.18664242e+08  1.86952209e+02
 3.21119491e+08  6.92745709e+00  3.21119491e+08  1.86980410e+02
 3.23593657e+08  6.83459653e+00  3.23593657e+08  1.86334809e+02
 3.26086886e+08  7.46464129e+00  3.26086886e+08  1.86750547e+02
 3.28599325e+08  5.27852621e+00  3.28599325e+08  1.86956233e+02
 3.31131121e+08  5.78085753e+00  3.31131121e+08  1.86247772e+02
 3.33682425e+08  7.91442584e+00  3.33682425e+08  1.86421001e+02
 3.36253386e+08  6.97160532e+00  3.36253386e+08  1.86039914e+02
 3.38844156e+08  6.86711832e+00  3.38844156e+08  1.85987031e+02
 3.41454887e+08  7.54758044e+00  3.41454887e+08  1.85958665e+02
 3.44085734e+08  6.60074912e+00  3.44085734e+08  1.85876578e+02
 3.46736850e+08  7.31081810e+00  3.46736850e+08  1.86213649e+02
 3.49408393e+08  7.18333678e+00  3.49408393e+08  1.85752570e+02
 3.52100520e+08  7.04908201e+00  3.52100520e+08  1.85919618e+02
 3.54813389e+08  6.94462318e+00  3.54813389e+08  1.86314724e+02
 3.57547160e+08  6.81821669e+00  3.57547160e+08  1.85484016e+02
 3.60301995e+08  7.60222867e+00  3.60301995e+08  1.85200486e+02
 3.63078055e+08  7.48829435e+00  3.63078055e+08  1.85480340e+02
 3.65875504e+08  7.34927127e+00  3.65875504e+08  1.85736409e+02
 3.68694506e+08  7.24121695e+00  3.68694506e+08  1.84706994e+02
 3.71535229e+08  7.11233430e+00  3.71535229e+08  1.84971927e+02
 3.74397839e+08  6.97114589e+00  3.74397839e+08  1.84883889e+02
 3.77282505e+08  7.86063534e+00  3.77282505e+08  1.85309422e+02
 3.80189396e+08  6.72101444e+00  3.80189396e+08  1.85087580e+02
 3.83118685e+08  6.59520820e+00  3.83118685e+08  1.85252315e+02
 3.86070543e+08  7.47186798e+00  3.86070543e+08  1.84890564e+02
 3.89045145e+08  7.36262782e+00  3.89045145e+08  1.85214243e+02
 3.92042666e+08  6.20822797e+00  3.92042666e+08  1.84820280e+02
 3.95063281e+08  7.09547705e+00  3.95063281e+08  1.84439654e+02
 3.98107171e+08  9.46094288e+00  3.98107171e+08  1.83866480e+02
 4.01174512e+08  6.83379656e+00  4.01174512e+08  1.84269392e+02
 4.04265487e+08  6.71426168e+00  4.04265487e+08  1.84400806e+02
 4.07380278e+08  9.05932110e+00  4.07380278e+08  1.83940265e+02
 4.10519067e+08  6.45564242e+00  4.10519067e+08  1.84356224e+02
 4.13682040e+08  6.32482136e+00  4.13682040e+08  1.83787321e+02
 4.16869383e+08  8.68612129e+00  4.16869383e+08  1.83749911e+02
 4.20081285e+08  5.06338638e+00  4.20081285e+08  1.84125025e+02
 4.23317933e+08  8.41975867e+00  4.23317933e+08  1.84184235e+02
 4.26579519e+08  6.96676942e+00  4.26579519e+08  1.83735559e+02
 4.29866235e+08  8.15543770e+00  4.29866235e+08  1.83444619e+02
 4.33178274e+08  8.03374142e+00  4.33178274e+08  1.83462176e+02
 4.36515832e+08  7.89365202e+00  4.36515832e+08  1.83861945e+02
 4.39879106e+08  7.76026924e+00  4.39879106e+08  1.83262645e+02
 4.43268292e+08  5.16473574e+00  4.43268292e+08  1.83379862e+02
 4.46683592e+08  9.08798238e+00  4.46683592e+08  1.83311904e+02
 4.50125206e+08  1.08980463e+01  4.50125206e+08  1.83491542e+02
 4.53593337e+08  8.83646605e+00  4.53593337e+08  1.83949228e+02
 4.57088190e+08  1.06338512e+01  4.57088190e+08  1.83901380e+02
 4.60609969e+08  8.56928324e+00  4.60609969e+08  1.82984597e+02
 4.64158883e+08  6.86580594e+00  4.64158883e+08  1.83073039e+02
 4.67735141e+08  8.29473186e+00  4.67735141e+08  1.83295588e+02
 4.71338954e+08  6.60470076e+00  4.71338954e+08  1.83129065e+02
 4.74970533e+08  9.96864760e+00  4.74970533e+08  1.82855774e+02
 4.78630092e+08  6.32160517e+00  4.78630092e+08  1.83212246e+02
 4.82317848e+08  9.70224509e+00  4.82317848e+08  1.82640194e+02
 4.86034018e+08  7.65719056e+00  4.86034018e+08  1.82340908e+02
 4.89778819e+08  5.93643921e+00  4.89778819e+08  1.82885278e+02
 4.93552474e+08  7.37391621e+00  4.93552474e+08  1.82966139e+02
 4.97355204e+08  7.25422859e+00  4.97355204e+08  1.82332255e+02
 5.01187234e+08  7.09457048e+00  5.01187234e+08  1.82545452e+02
 5.05048788e+08  6.97508190e+00  5.05048788e+08  1.82335881e+02
 5.08940095e+08  8.76994713e+00  5.08940095e+08  1.82588446e+02
 5.12861384e+08  8.63368788e+00  5.12861384e+08  1.82515058e+02
 5.16812886e+08  6.58828490e+00  5.16812886e+08  1.82160438e+02
 5.20794833e+08  8.36597030e+00  5.20794833e+08  1.81948912e+02
 5.24807460e+08  6.32502784e+00  5.24807460e+08  1.82330900e+02
 5.28851004e+08  8.09419496e+00  5.28851004e+08  1.82378934e+02
 5.32925703e+08  1.04681907e+01  5.32925703e+08  1.82219854e+02
 5.37031796e+08  1.03309178e+01  5.37031796e+08  1.81323988e+02
 5.41169527e+08  7.69645011e+00  5.41169527e+08  1.82129925e+02
 5.45339137e+08  7.57106821e+00  5.45339137e+08  1.81255758e+02
 5.49540874e+08  7.43021325e+00  5.49540874e+08  1.82217119e+02
 5.53774984e+08  7.30356293e+00  5.53774984e+08  1.82126376e+02
 5.58041717e+08  7.17535714e+00  5.58041717e+08  1.81895848e+02
 5.62341325e+08  2.18710760e+00  5.62341325e+08  1.81608331e+02
 5.66674061e+08  6.91485233e+00  5.66674061e+08  1.81799124e+02
 5.71040179e+08  6.77333749e+00  5.71040179e+08  1.81785710e+02
 5.75439937e+08  4.71878087e+00  5.75439937e+08  1.81427940e+02
 5.79873595e+08  6.49814378e+00  5.79873595e+08  1.81931711e+02
 5.84341413e+08  2.83368251e+00  5.84341413e+08  1.81440294e+02
 5.88843655e+08  6.22616658e+00  5.88843655e+08  1.81645291e+02
 5.93380586e+08  6.09275127e+00  5.93380586e+08  1.81047997e+02
 5.97952473e+08  1.19651454e+01  5.97952473e+08  1.81306419e+02
 6.02559586e+08  8.32884042e+00  6.02559586e+08  1.81246788e+02
 6.07202196e+08  1.16923757e+01  6.07202196e+08  1.80899149e+02
 6.11880576e+08  1.75608719e+01  6.11880576e+08  1.79682197e+02
 6.16595002e+08  7.89051193e+00  6.16595002e+08  1.81635131e+02
 6.21345752e+08  7.76032527e+00  6.21345752e+08  1.81424353e+02
 6.26133105e+08  7.65441860e+00  6.26133105e+08  1.81823700e+02
 6.30957344e+08  1.10121302e+01  6.30957344e+08  1.81624225e+02
 6.35818754e+08  4.90203969e+00  6.35818754e+08  1.80969451e+02
 6.40717619e+08  7.21472184e+00  6.40717619e+08  1.81185167e+02
 6.45654229e+08  1.66369069e+01  6.45654229e+08  1.81796030e+02
 6.50628875e+08  4.49129160e+00  6.50628875e+08  1.80818507e+02
 6.55641849e+08  4.35573054e+00  6.55641849e+08  1.80884984e+02
 6.60693448e+08  6.69865980e+00  6.60693448e+08  1.81201634e+02
 6.65783968e+08  6.56004462e+00  6.65783968e+08  1.81542439e+02
 6.70913710e+08  3.93721703e+00  6.70913710e+08  1.81131409e+02
 6.76082975e+08  9.80104746e+00  6.76082975e+08  1.81653008e+02
 6.81292069e+08  9.66981277e+00  6.81292069e+08  1.81981799e+02
 6.86541298e+08  9.53745733e+00  6.86541298e+08  1.81074046e+02
 6.91830971e+08  9.39509559e+00  6.91830971e+08  1.81210260e+02
 6.97161400e+08  9.28646279e+00  6.97161400e+08  1.80943475e+02
 7.02532899e+08  9.16955946e+00  7.02532899e+08  1.80048540e+02
 7.07945784e+08  5.48956529e+00  7.07945784e+08  1.80592850e+02
 7.13400375e+08  8.87139087e+00  7.13400375e+08  1.80776944e+02
 7.18896992e+08  8.73738669e+00  7.18896992e+08  1.80743321e+02
 7.24435960e+08  1.45942304e+01  7.24435960e+08  1.82525740e+02
 7.30017605e+08  4.94762361e+00  7.30017605e+08  1.81330716e+02
 7.35642254e+08  4.80990625e+00  7.35642254e+08  1.80682349e+02
 7.41310241e+08  8.18861942e+00  7.41310241e+08  1.81250796e+02
 7.47021899e+08  4.54944410e+00  7.47021899e+08  1.80850551e+02
 7.52777564e+08  1.39290349e+01  7.52777564e+08  1.82227915e+02
 7.58577575e+08  7.79792974e+00  7.58577575e+08  1.80376474e+02
 7.64422274e+08  7.66269034e+00  7.64422274e+08  1.80284957e+02
 7.70312006e+08  7.08241104e+01  7.70312006e+08  9.19221855e+01
 7.76247117e+08  7.37716433e+00  7.76247117e+08  1.80408329e+02
 7.82227956e+08  1.32671802e+01  7.82227956e+08  1.79618913e+02
 7.88254877e+08  4.61357325e+01  7.88254877e+08  2.71835093e+02
 7.94328235e+08  3.46814261e+00  7.94328235e+08  1.80332350e+02
 8.00448386e+08  3.34716245e+00  8.00448386e+08  1.80424988e+02
 8.06615692e+08  3.20292341e+00  8.06615692e+08  1.80410030e+02
 8.12830516e+08  5.69700879e-01  8.12830516e+08  1.80030930e+02
 8.19093224e+08  1.24433837e+01  8.19093224e+08  1.80864320e+02
 8.25404185e+08  2.87733106e-01  8.25404185e+08  1.80097622e+02
 8.31763771e+08  2.68182250e+00  8.31763771e+08  1.80103586e+02
 8.38172356e+08  2.51466390e+00  8.38172356e+08  1.79591725e+02
 8.44630319e+08  5.90547311e+00  8.44630319e+08  1.79738129e+02
 8.51138038e+08  1.17688353e+01  8.51138038e+08  1.81033932e+02
 8.57695899e+08  5.65099738e+00  8.57695899e+08  1.80331609e+02
 8.64304286e+08  1.97059784e+00  8.64304286e+08  1.80193025e+02
 8.70963590e+08  5.37123348e+00  8.70963590e+08  1.80157742e+02
 8.77674203e+08  1.12504418e+01  8.77674203e+08  1.79927948e+02
 8.84436519e+08  5.10172725e+00  8.84436519e+08  1.79791915e+02
 8.91250938e+08  4.51436310e+01  8.91250938e+08  9.16275214e+01
 8.98117861e+08  4.80551894e+00  8.98117861e+08  1.79699125e+02
 9.05037692e+08  4.69428910e+00  9.05037692e+08  1.80727949e+02
 9.12010839e+08  1.05693020e+01  9.12010839e+08  1.81883577e+02
 9.19037713e+08  9.04348863e-01  9.19037713e+08  1.79880217e+02
 9.26118728e+08  4.28445205e+00  9.26118728e+08  1.79599034e+02
 9.33254301e+08  4.14983682e+00  9.33254301e+08  1.80031517e+02
 9.40444852e+08  5.03329908e-01  9.40444852e+08  1.79579423e+02
 9.47690805e+08  9.89450730e+00  9.47690805e+08  1.81410018e+02
 9.54992586e+08  9.76544017e+00  9.54992586e+08  1.79619760e+02
 9.62350626e+08  9.60879446e+00  9.62350626e+08  1.80472620e+02
 9.69765359e+08  -5.00294962e-02  9.69765359e+08  1.79669201e+02
 9.77237221e+08  9.34465055e+00  9.77237221e+08  1.80818999e+02
 9.84766652e+08  9.22283913e+00  9.84766652e+08  1.81424516e+02
 9.92354096e+08  9.08245113e+00  9.92354096e+08  1.81759418e+02
 1.00000000e+09  2.92283959e+00  1.00000000e+09  1.78936934e+02
