 1.00000000e+00  4.63856905e+01  1.00000000e+00  1.79999998e+02
 1.00770481e+00  4.63856905e+01  1.00770481e+00  1.79999998e+02
 1.01546899e+00  4.63856905e+01  1.01546899e+00  1.79999998e+02
 1.02329299e+00  4.63856905e+01  1.02329299e+00  1.79999998e+02
 1.03117727e+00  4.63856905e+01  1.03117727e+00  1.79999998e+02
 1.03912230e+00  4.63856905e+01  1.03912230e+00  1.79999998e+02
 1.04712855e+00  4.63856905e+01  1.04712855e+00  1.79999998e+02
 1.05519648e+00  4.63856905e+01  1.05519648e+00  1.79999998e+02
 1.06332657e+00  4.63856905e+01  1.06332657e+00  1.79999998e+02
 1.07151931e+00  4.63856905e+01  1.07151931e+00  1.79999998e+02
 1.07977516e+00  4.63856905e+01  1.07977516e+00  1.79999998e+02
 1.08809463e+00  4.63856905e+01  1.08809463e+00  1.79999998e+02
 1.09647820e+00  4.63856905e+01  1.09647820e+00  1.79999998e+02
 1.10492636e+00  4.63856905e+01  1.10492636e+00  1.79999998e+02
 1.11343961e+00  4.63856905e+01  1.11343961e+00  1.79999998e+02
 1.12201845e+00  4.63856905e+01  1.12201845e+00  1.79999998e+02
 1.13066340e+00  4.63856905e+01  1.13066340e+00  1.79999998e+02
 1.13937495e+00  4.63856905e+01  1.13937495e+00  1.79999998e+02
 1.14815362e+00  4.63856905e+01  1.14815362e+00  1.79999998e+02
 1.15699993e+00  4.63856905e+01  1.15699993e+00  1.79999998e+02
 1.16591440e+00  4.63856905e+01  1.16591440e+00  1.79999998e+02
 1.17489755e+00  4.63856905e+01  1.17489755e+00  1.79999998e+02
 1.18394992e+00  4.63856905e+01  1.18394992e+00  1.79999998e+02
 1.19307204e+00  4.63856905e+01  1.19307204e+00  1.79999998e+02
 1.20226443e+00  4.63856905e+01  1.20226443e+00  1.79999998e+02
 1.21152766e+00  4.63856905e+01  1.21152766e+00  1.79999998e+02
 1.22086225e+00  4.63856905e+01  1.22086225e+00  1.79999998e+02
 1.23026877e+00  4.63856905e+01  1.23026877e+00  1.79999998e+02
 1.23974776e+00  4.63856905e+01  1.23974776e+00  1.79999998e+02
 1.24929979e+00  4.63856905e+01  1.24929979e+00  1.79999998e+02
 1.25892541e+00  4.63856905e+01  1.25892541e+00  1.79999998e+02
 1.26862520e+00  4.63856905e+01  1.26862520e+00  1.79999998e+02
 1.27839972e+00  4.63856905e+01  1.27839972e+00  1.79999998e+02
 1.28824955e+00  4.63856905e+01  1.28824955e+00  1.79999998e+02
 1.29817528e+00  4.63856905e+01  1.29817528e+00  1.79999998e+02
 1.30817747e+00  4.63856905e+01  1.30817747e+00  1.79999998e+02
 1.31825674e+00  4.63856905e+01  1.31825674e+00  1.79999998e+02
 1.32841366e+00  4.63856905e+01  1.32841366e+00  1.79999998e+02
 1.33864884e+00  4.63856905e+01  1.33864884e+00  1.79999998e+02
 1.34896288e+00  4.63856905e+01  1.34896288e+00  1.79999998e+02
 1.35935639e+00  4.63856905e+01  1.35935639e+00  1.79999998e+02
 1.36982998e+00  4.63856905e+01  1.36982998e+00  1.79999998e+02
 1.38038426e+00  4.63856905e+01  1.38038426e+00  1.79999998e+02
 1.39101987e+00  4.63856905e+01  1.39101987e+00  1.79999998e+02
 1.40173742e+00  4.63856905e+01  1.40173742e+00  1.79999998e+02
 1.41253754e+00  4.63856905e+01  1.41253754e+00  1.79999998e+02
 1.42342088e+00  4.63856905e+01  1.42342088e+00  1.79999998e+02
 1.43438808e+00  4.63856905e+01  1.43438808e+00  1.79999998e+02
 1.44543977e+00  4.63856905e+01  1.44543977e+00  1.79999998e+02
 1.45657662e+00  4.63856905e+01  1.45657662e+00  1.79999998e+02
 1.46779927e+00  4.63856905e+01  1.46779927e+00  1.79999998e+02
 1.47910839e+00  4.63856905e+01  1.47910839e+00  1.79999997e+02
 1.49050464e+00  4.63856905e+01  1.49050464e+00  1.79999997e+02
 1.50198870e+00  4.63856905e+01  1.50198870e+00  1.79999997e+02
 1.51356125e+00  4.63856905e+01  1.51356125e+00  1.79999997e+02
 1.52522296e+00  4.63856905e+01  1.52522296e+00  1.79999997e+02
 1.53697452e+00  4.63856905e+01  1.53697452e+00  1.79999997e+02
 1.54881662e+00  4.63856905e+01  1.54881662e+00  1.79999997e+02
 1.56074996e+00  4.63856905e+01  1.56074996e+00  1.79999997e+02
 1.57277525e+00  4.63856905e+01  1.57277525e+00  1.79999997e+02
 1.58489319e+00  4.63856905e+01  1.58489319e+00  1.79999997e+02
 1.59710450e+00  4.63856905e+01  1.59710450e+00  1.79999997e+02
 1.60940989e+00  4.63856905e+01  1.60940989e+00  1.79999997e+02
 1.62181010e+00  4.63856905e+01  1.62181010e+00  1.79999997e+02
 1.63430584e+00  4.63856905e+01  1.63430584e+00  1.79999997e+02
 1.64689787e+00  4.63856905e+01  1.64689787e+00  1.79999997e+02
 1.65958691e+00  4.63856905e+01  1.65958691e+00  1.79999997e+02
 1.67237372e+00  4.63856905e+01  1.67237372e+00  1.79999997e+02
 1.68525904e+00  4.63856905e+01  1.68525904e+00  1.79999997e+02
 1.69824365e+00  4.63856905e+01  1.69824365e+00  1.79999997e+02
 1.71132830e+00  4.63856905e+01  1.71132830e+00  1.79999997e+02
 1.72451377e+00  4.63856905e+01  1.72451377e+00  1.79999997e+02
 1.73780083e+00  4.63856905e+01  1.73780083e+00  1.79999997e+02
 1.75119026e+00  4.63856905e+01  1.75119026e+00  1.79999997e+02
 1.76468286e+00  4.63856905e+01  1.76468286e+00  1.79999997e+02
 1.77827941e+00  4.63856905e+01  1.77827941e+00  1.79999997e+02
 1.79198072e+00  4.63856905e+01  1.79198072e+00  1.79999997e+02
 1.80578760e+00  4.63856905e+01  1.80578760e+00  1.79999997e+02
 1.81970086e+00  4.63856905e+01  1.81970086e+00  1.79999997e+02
 1.83372132e+00  4.63856905e+01  1.83372132e+00  1.79999997e+02
 1.84784980e+00  4.63856905e+01  1.84784980e+00  1.79999997e+02
 1.86208714e+00  4.63856905e+01  1.86208714e+00  1.79999997e+02
 1.87643417e+00  4.63856905e+01  1.87643417e+00  1.79999997e+02
 1.89089175e+00  4.63856905e+01  1.89089175e+00  1.79999997e+02
 1.90546072e+00  4.63856905e+01  1.90546072e+00  1.79999997e+02
 1.92014194e+00  4.63856905e+01  1.92014194e+00  1.79999997e+02
 1.93493628e+00  4.63856905e+01  1.93493628e+00  1.79999997e+02
 1.94984460e+00  4.63856905e+01  1.94984460e+00  1.79999997e+02
 1.96486779e+00  4.63856905e+01  1.96486779e+00  1.79999997e+02
 1.98000673e+00  4.63856905e+01  1.98000673e+00  1.79999997e+02
 1.99526231e+00  4.63856905e+01  1.99526231e+00  1.79999997e+02
 2.01063544e+00  4.63856905e+01  2.01063544e+00  1.79999997e+02
 2.02612701e+00  4.63856905e+01  2.02612701e+00  1.79999997e+02
 2.04173794e+00  4.63856905e+01  2.04173794e+00  1.79999997e+02
 2.05746916e+00  4.63856905e+01  2.05746916e+00  1.79999997e+02
 2.07332157e+00  4.63856905e+01  2.07332157e+00  1.79999996e+02
 2.08929613e+00  4.63856905e+01  2.08929613e+00  1.79999996e+02
 2.10539377e+00  4.63856905e+01  2.10539377e+00  1.79999996e+02
 2.12161544e+00  4.63856905e+01  2.12161544e+00  1.79999996e+02
 2.13796209e+00  4.63856905e+01  2.13796209e+00  1.79999996e+02
 2.15443469e+00  4.63856905e+01  2.15443469e+00  1.79999996e+02
 2.17103421e+00  4.63856905e+01  2.17103421e+00  1.79999996e+02
 2.18776162e+00  4.63856905e+01  2.18776162e+00  1.79999996e+02
 2.20461792e+00  4.63856905e+01  2.20461792e+00  1.79999996e+02
 2.22160409e+00  4.63856905e+01  2.22160409e+00  1.79999996e+02
 2.23872114e+00  4.63856905e+01  2.23872114e+00  1.79999996e+02
 2.25597007e+00  4.63856905e+01  2.25597007e+00  1.79999996e+02
 2.27335190e+00  4.63856905e+01  2.27335190e+00  1.79999996e+02
 2.29086765e+00  4.63856905e+01  2.29086765e+00  1.79999996e+02
 2.30851836e+00  4.63856905e+01  2.30851836e+00  1.79999996e+02
 2.32630507e+00  4.63856905e+01  2.32630507e+00  1.79999996e+02
 2.34422882e+00  4.63856905e+01  2.34422882e+00  1.79999996e+02
 2.36229066e+00  4.63856905e+01  2.36229066e+00  1.79999996e+02
 2.38049167e+00  4.63856905e+01  2.38049167e+00  1.79999996e+02
 2.39883292e+00  4.63856905e+01  2.39883292e+00  1.79999996e+02
 2.41731548e+00  4.63856905e+01  2.41731548e+00  1.79999996e+02
 2.43594045e+00  4.63856905e+01  2.43594045e+00  1.79999996e+02
 2.45470892e+00  4.63856905e+01  2.45470892e+00  1.79999996e+02
 2.47362199e+00  4.63856905e+01  2.47362199e+00  1.79999996e+02
 2.49268079e+00  4.63856905e+01  2.49268079e+00  1.79999996e+02
 2.51188643e+00  4.63856905e+01  2.51188643e+00  1.79999996e+02
 2.53124005e+00  4.63856905e+01  2.53124005e+00  1.79999996e+02
 2.55074278e+00  4.63856905e+01  2.55074278e+00  1.79999996e+02
 2.57039578e+00  4.63856905e+01  2.57039578e+00  1.79999996e+02
 2.59020020e+00  4.63856905e+01  2.59020020e+00  1.79999996e+02
 2.61015722e+00  4.63856905e+01  2.61015722e+00  1.79999996e+02
 2.63026799e+00  4.63856905e+01  2.63026799e+00  1.79999996e+02
 2.65053372e+00  4.63856905e+01  2.65053372e+00  1.79999995e+02
 2.67095559e+00  4.63856905e+01  2.67095559e+00  1.79999995e+02
 2.69153480e+00  4.63856905e+01  2.69153480e+00  1.79999995e+02
 2.71227258e+00  4.63856905e+01  2.71227258e+00  1.79999995e+02
 2.73317014e+00  4.63856905e+01  2.73317014e+00  1.79999995e+02
 2.75422870e+00  4.63856905e+01  2.75422870e+00  1.79999995e+02
 2.77544952e+00  4.63856905e+01  2.77544952e+00  1.79999995e+02
 2.79683385e+00  4.63856905e+01  2.79683385e+00  1.79999995e+02
 2.81838293e+00  4.63856905e+01  2.81838293e+00  1.79999995e+02
 2.84009805e+00  4.63856905e+01  2.84009805e+00  1.79999995e+02
 2.86198048e+00  4.63856905e+01  2.86198048e+00  1.79999995e+02
 2.88403150e+00  4.63856905e+01  2.88403150e+00  1.79999995e+02
 2.90625243e+00  4.63856905e+01  2.90625243e+00  1.79999995e+02
 2.92864456e+00  4.63856905e+01  2.92864456e+00  1.79999995e+02
 2.95120923e+00  4.63856905e+01  2.95120923e+00  1.79999995e+02
 2.97394775e+00  4.63856905e+01  2.97394775e+00  1.79999995e+02
 2.99686146e+00  4.63856905e+01  2.99686146e+00  1.79999995e+02
 3.01995172e+00  4.63856905e+01  3.01995172e+00  1.79999995e+02
 3.04321989e+00  4.63856905e+01  3.04321989e+00  1.79999995e+02
 3.06666733e+00  4.63856905e+01  3.06666733e+00  1.79999995e+02
 3.09029543e+00  4.63856905e+01  3.09029543e+00  1.79999995e+02
 3.11410558e+00  4.63856905e+01  3.11410558e+00  1.79999995e+02
 3.13809919e+00  4.63856905e+01  3.13809919e+00  1.79999995e+02
 3.16227766e+00  4.63856905e+01  3.16227766e+00  1.79999995e+02
 3.18664242e+00  4.63856905e+01  3.18664242e+00  1.79999995e+02
 3.21119491e+00  4.63856905e+01  3.21119491e+00  1.79999995e+02
 3.23593657e+00  4.63856905e+01  3.23593657e+00  1.79999994e+02
 3.26086886e+00  4.63856905e+01  3.26086886e+00  1.79999994e+02
 3.28599325e+00  4.63856905e+01  3.28599325e+00  1.79999994e+02
 3.31131121e+00  4.63856905e+01  3.31131121e+00  1.79999994e+02
 3.33682425e+00  4.63856905e+01  3.33682425e+00  1.79999994e+02
 3.36253386e+00  4.63856905e+01  3.36253386e+00  1.79999994e+02
 3.38844156e+00  4.63856905e+01  3.38844156e+00  1.79999994e+02
 3.41454887e+00  4.63856905e+01  3.41454887e+00  1.79999994e+02
 3.44085734e+00  4.63856905e+01  3.44085734e+00  1.79999994e+02
 3.46736850e+00  4.63856905e+01  3.46736850e+00  1.79999994e+02
 3.49408393e+00  4.63856905e+01  3.49408393e+00  1.79999994e+02
 3.52100520e+00  4.63856905e+01  3.52100520e+00  1.79999994e+02
 3.54813389e+00  4.63856905e+01  3.54813389e+00  1.79999994e+02
 3.57547160e+00  4.63856905e+01  3.57547160e+00  1.79999994e+02
 3.60301995e+00  4.63856905e+01  3.60301995e+00  1.79999994e+02
 3.63078055e+00  4.63856905e+01  3.63078055e+00  1.79999994e+02
 3.65875504e+00  4.63856905e+01  3.65875504e+00  1.79999994e+02
 3.68694506e+00  4.63856905e+01  3.68694506e+00  1.79999994e+02
 3.71535229e+00  4.63856905e+01  3.71535229e+00  1.79999994e+02
 3.74397839e+00  4.63856905e+01  3.74397839e+00  1.79999994e+02
 3.77282505e+00  4.63856905e+01  3.77282505e+00  1.79999994e+02
 3.80189396e+00  4.63856905e+01  3.80189396e+00  1.79999994e+02
 3.83118685e+00  4.63856905e+01  3.83118685e+00  1.79999993e+02
 3.86070543e+00  4.63856905e+01  3.86070543e+00  1.79999993e+02
 3.89045145e+00  4.63856905e+01  3.89045145e+00  1.79999993e+02
 3.92042666e+00  4.63856905e+01  3.92042666e+00  1.79999993e+02
 3.95063281e+00  4.63856905e+01  3.95063281e+00  1.79999993e+02
 3.98107171e+00  4.63856905e+01  3.98107171e+00  1.79999993e+02
 4.01174512e+00  4.63856905e+01  4.01174512e+00  1.79999993e+02
 4.04265487e+00  4.63856905e+01  4.04265487e+00  1.79999993e+02
 4.07380278e+00  4.63856905e+01  4.07380278e+00  1.79999993e+02
 4.10519067e+00  4.63856905e+01  4.10519067e+00  1.79999993e+02
 4.13682040e+00  4.63856905e+01  4.13682040e+00  1.79999993e+02
 4.16869383e+00  4.63856905e+01  4.16869383e+00  1.79999993e+02
 4.20081285e+00  4.63856905e+01  4.20081285e+00  1.79999993e+02
 4.23317933e+00  4.63856905e+01  4.23317933e+00  1.79999993e+02
 4.26579519e+00  4.63856905e+01  4.26579519e+00  1.79999993e+02
 4.29866235e+00  4.63856905e+01  4.29866235e+00  1.79999993e+02
 4.33178274e+00  4.63856905e+01  4.33178274e+00  1.79999993e+02
 4.36515832e+00  4.63856905e+01  4.36515832e+00  1.79999993e+02
 4.39879106e+00  4.63856905e+01  4.39879106e+00  1.79999993e+02
 4.43268292e+00  4.63856905e+01  4.43268292e+00  1.79999992e+02
 4.46683592e+00  4.63856905e+01  4.46683592e+00  1.79999992e+02
 4.50125206e+00  4.63856905e+01  4.50125206e+00  1.79999992e+02
 4.53593337e+00  4.63856905e+01  4.53593337e+00  1.79999992e+02
 4.57088190e+00  4.63856905e+01  4.57088190e+00  1.79999992e+02
 4.60609969e+00  4.63856905e+01  4.60609969e+00  1.79999992e+02
 4.64158883e+00  4.63856905e+01  4.64158883e+00  1.79999992e+02
 4.67735141e+00  4.63856905e+01  4.67735141e+00  1.79999992e+02
 4.71338954e+00  4.63856905e+01  4.71338954e+00  1.79999992e+02
 4.74970533e+00  4.63856905e+01  4.74970533e+00  1.79999992e+02
 4.78630092e+00  4.63856905e+01  4.78630092e+00  1.79999992e+02
 4.82317848e+00  4.63856905e+01  4.82317848e+00  1.79999992e+02
 4.86034018e+00  4.63856905e+01  4.86034018e+00  1.79999992e+02
 4.89778819e+00  4.63856905e+01  4.89778819e+00  1.79999992e+02
 4.93552474e+00  4.63856905e+01  4.93552474e+00  1.79999992e+02
 4.97355204e+00  4.63856905e+01  4.97355204e+00  1.79999992e+02
 5.01187234e+00  4.63856905e+01  5.01187234e+00  1.79999991e+02
 5.05048788e+00  4.63856905e+01  5.05048788e+00  1.79999991e+02
 5.08940095e+00  4.63856905e+01  5.08940095e+00  1.79999991e+02
 5.12861384e+00  4.63856905e+01  5.12861384e+00  1.79999991e+02
 5.16812886e+00  4.63856905e+01  5.16812886e+00  1.79999991e+02
 5.20794833e+00  4.63856905e+01  5.20794833e+00  1.79999991e+02
 5.24807460e+00  4.63856905e+01  5.24807460e+00  1.79999991e+02
 5.28851004e+00  4.63856905e+01  5.28851004e+00  1.79999991e+02
 5.32925703e+00  4.63856905e+01  5.32925703e+00  1.79999991e+02
 5.37031796e+00  4.63856905e+01  5.37031796e+00  1.79999991e+02
 5.41169527e+00  4.63856905e+01  5.41169527e+00  1.79999991e+02
 5.45339137e+00  4.63856905e+01  5.45339137e+00  1.79999991e+02
 5.49540874e+00  4.63856905e+01  5.49540874e+00  1.79999991e+02
 5.53774984e+00  4.63856905e+01  5.53774984e+00  1.79999991e+02
 5.58041717e+00  4.63856905e+01  5.58041717e+00  1.79999991e+02
 5.62341325e+00  4.63856905e+01  5.62341325e+00  1.79999990e+02
 5.66674061e+00  4.63856905e+01  5.66674061e+00  1.79999990e+02
 5.71040179e+00  4.63856905e+01  5.71040179e+00  1.79999990e+02
 5.75439937e+00  4.63856905e+01  5.75439937e+00  1.79999990e+02
 5.79873595e+00  4.63856905e+01  5.79873595e+00  1.79999990e+02
 5.84341413e+00  4.63856905e+01  5.84341413e+00  1.79999990e+02
 5.88843655e+00  4.63856905e+01  5.88843655e+00  1.79999990e+02
 5.93380586e+00  4.63856905e+01  5.93380586e+00  1.79999990e+02
 5.97952473e+00  4.63856905e+01  5.97952473e+00  1.79999990e+02
 6.02559586e+00  4.63856905e+01  6.02559586e+00  1.79999990e+02
 6.07202196e+00  4.63856905e+01  6.07202196e+00  1.79999990e+02
 6.11880576e+00  4.63856905e+01  6.11880576e+00  1.79999990e+02
 6.16595002e+00  4.63856905e+01  6.16595002e+00  1.79999990e+02
 6.21345752e+00  4.63856905e+01  6.21345752e+00  1.79999989e+02
 6.26133105e+00  4.63856905e+01  6.26133105e+00  1.79999989e+02
 6.30957344e+00  4.63856905e+01  6.30957344e+00  1.79999989e+02
 6.35818754e+00  4.63856905e+01  6.35818754e+00  1.79999989e+02
 6.40717619e+00  4.63856905e+01  6.40717619e+00  1.79999989e+02
 6.45654229e+00  4.63856905e+01  6.45654229e+00  1.79999989e+02
 6.50628875e+00  4.63856905e+01  6.50628875e+00  1.79999989e+02
 6.55641849e+00  4.63856905e+01  6.55641849e+00  1.79999989e+02
 6.60693448e+00  4.63856905e+01  6.60693448e+00  1.79999989e+02
 6.65783968e+00  4.63856905e+01  6.65783968e+00  1.79999989e+02
 6.70913710e+00  4.63856905e+01  6.70913710e+00  1.79999989e+02
 6.76082975e+00  4.63856905e+01  6.76082975e+00  1.79999989e+02
 6.81292069e+00  4.63856905e+01  6.81292069e+00  1.79999988e+02
 6.86541298e+00  4.63856905e+01  6.86541298e+00  1.79999988e+02
 6.91830971e+00  4.63856905e+01  6.91830971e+00  1.79999988e+02
 6.97161400e+00  4.63856905e+01  6.97161400e+00  1.79999988e+02
 7.02532899e+00  4.63856905e+01  7.02532899e+00  1.79999988e+02
 7.07945784e+00  4.63856905e+01  7.07945784e+00  1.79999988e+02
 7.13400375e+00  4.63856905e+01  7.13400375e+00  1.79999988e+02
 7.18896992e+00  4.63856905e+01  7.18896992e+00  1.79999988e+02
 7.24435960e+00  4.63856905e+01  7.24435960e+00  1.79999988e+02
 7.30017605e+00  4.63856905e+01  7.30017605e+00  1.79999988e+02
 7.35642254e+00  4.63856905e+01  7.35642254e+00  1.79999987e+02
 7.41310241e+00  4.63856905e+01  7.41310241e+00  1.79999987e+02
 7.47021899e+00  4.63856905e+01  7.47021899e+00  1.79999987e+02
 7.52777564e+00  4.63856905e+01  7.52777564e+00  1.79999987e+02
 7.58577575e+00  4.63856905e+01  7.58577575e+00  1.79999987e+02
 7.64422274e+00  4.63856905e+01  7.64422274e+00  1.79999987e+02
 7.70312006e+00  4.63856905e+01  7.70312006e+00  1.79999987e+02
 7.76247117e+00  4.63856905e+01  7.76247117e+00  1.79999987e+02
 7.82227956e+00  4.63856905e+01  7.82227956e+00  1.79999987e+02
 7.88254877e+00  4.63856905e+01  7.88254877e+00  1.79999987e+02
 7.94328235e+00  4.63856905e+01  7.94328235e+00  1.79999986e+02
 8.00448386e+00  4.63856905e+01  8.00448386e+00  1.79999986e+02
 8.06615692e+00  4.63856905e+01  8.06615692e+00  1.79999986e+02
 8.12830516e+00  4.63856905e+01  8.12830516e+00  1.79999986e+02
 8.19093224e+00  4.63856905e+01  8.19093224e+00  1.79999986e+02
 8.25404185e+00  4.63856905e+01  8.25404185e+00  1.79999986e+02
 8.31763771e+00  4.63856905e+01  8.31763771e+00  1.79999986e+02
 8.38172356e+00  4.63856905e+01  8.38172356e+00  1.79999986e+02
 8.44630319e+00  4.63856905e+01  8.44630319e+00  1.79999986e+02
 8.51138038e+00  4.63856905e+01  8.51138038e+00  1.79999986e+02
 8.57695899e+00  4.63856905e+01  8.57695899e+00  1.79999985e+02
 8.64304286e+00  4.63856905e+01  8.64304286e+00  1.79999985e+02
 8.70963590e+00  4.63856905e+01  8.70963590e+00  1.79999985e+02
 8.77674203e+00  4.63856905e+01  8.77674203e+00  1.79999985e+02
 8.84436519e+00  4.63856905e+01  8.84436519e+00  1.79999985e+02
 8.91250938e+00  4.63856905e+01  8.91250938e+00  1.79999985e+02
 8.98117861e+00  4.63856905e+01  8.98117861e+00  1.79999985e+02
 9.05037692e+00  4.63856905e+01  9.05037692e+00  1.79999985e+02
 9.12010839e+00  4.63856905e+01  9.12010839e+00  1.79999984e+02
 9.19037713e+00  4.63856905e+01  9.19037713e+00  1.79999984e+02
 9.26118728e+00  4.63856905e+01  9.26118728e+00  1.79999984e+02
 9.33254301e+00  4.63856905e+01  9.33254301e+00  1.79999984e+02
 9.40444852e+00  4.63856905e+01  9.40444852e+00  1.79999984e+02
 9.47690805e+00  4.63856905e+01  9.47690805e+00  1.79999984e+02
 9.54992586e+00  4.63856905e+01  9.54992586e+00  1.79999984e+02
 9.62350626e+00  4.63856905e+01  9.62350626e+00  1.79999984e+02
 9.69765359e+00  4.63856905e+01  9.69765359e+00  1.79999984e+02
 9.77237221e+00  4.63856905e+01  9.77237221e+00  1.79999983e+02
 9.84766652e+00  4.63856905e+01  9.84766652e+00  1.79999983e+02
 9.92354096e+00  4.63856905e+01  9.92354096e+00  1.79999983e+02
 1.00000000e+01  4.63856905e+01  1.00000000e+01  1.79999983e+02
 1.00770481e+01  4.63856905e+01  1.00770481e+01  1.79999983e+02
 1.01546899e+01  4.63856905e+01  1.01546899e+01  1.79999983e+02
 1.02329299e+01  4.63856905e+01  1.02329299e+01  1.79999983e+02
 1.03117727e+01  4.63856905e+01  1.03117727e+01  1.79999982e+02
 1.03912230e+01  4.63856905e+01  1.03912230e+01  1.79999982e+02
 1.04712855e+01  4.63856905e+01  1.04712855e+01  1.79999982e+02
 1.05519648e+01  4.63856905e+01  1.05519648e+01  1.79999982e+02
 1.06332657e+01  4.63856905e+01  1.06332657e+01  1.79999982e+02
 1.07151931e+01  4.63856905e+01  1.07151931e+01  1.79999982e+02
 1.07977516e+01  4.63856905e+01  1.07977516e+01  1.79999982e+02
 1.08809463e+01  4.63856905e+01  1.08809463e+01  1.79999981e+02
 1.09647820e+01  4.63856905e+01  1.09647820e+01  1.79999981e+02
 1.10492636e+01  4.63856905e+01  1.10492636e+01  1.79999981e+02
 1.11343961e+01  4.63856905e+01  1.11343961e+01  1.79999981e+02
 1.12201845e+01  4.63856905e+01  1.12201845e+01  1.79999981e+02
 1.13066340e+01  4.63856905e+01  1.13066340e+01  1.79999981e+02
 1.13937495e+01  4.63856905e+01  1.13937495e+01  1.79999981e+02
 1.14815362e+01  4.63856905e+01  1.14815362e+01  1.79999980e+02
 1.15699993e+01  4.63856905e+01  1.15699993e+01  1.79999980e+02
 1.16591440e+01  4.63856905e+01  1.16591440e+01  1.79999980e+02
 1.17489755e+01  4.63856905e+01  1.17489755e+01  1.79999980e+02
 1.18394992e+01  4.63856905e+01  1.18394992e+01  1.79999980e+02
 1.19307204e+01  4.63856905e+01  1.19307204e+01  1.79999980e+02
 1.20226443e+01  4.63856905e+01  1.20226443e+01  1.79999980e+02
 1.21152766e+01  4.63856905e+01  1.21152766e+01  1.79999979e+02
 1.22086225e+01  4.63856905e+01  1.22086225e+01  1.79999979e+02
 1.23026877e+01  4.63856905e+01  1.23026877e+01  1.79999979e+02
 1.23974776e+01  4.63856905e+01  1.23974776e+01  1.79999979e+02
 1.24929979e+01  4.63856905e+01  1.24929979e+01  1.79999979e+02
 1.25892541e+01  4.63856905e+01  1.25892541e+01  1.79999979e+02
 1.26862520e+01  4.63856905e+01  1.26862520e+01  1.79999978e+02
 1.27839972e+01  4.63856905e+01  1.27839972e+01  1.79999978e+02
 1.28824955e+01  4.63856905e+01  1.28824955e+01  1.79999978e+02
 1.29817528e+01  4.63856905e+01  1.29817528e+01  1.79999978e+02
 1.30817747e+01  4.63856905e+01  1.30817747e+01  1.79999978e+02
 1.31825674e+01  4.63856905e+01  1.31825674e+01  1.79999978e+02
 1.32841366e+01  4.63856905e+01  1.32841366e+01  1.79999977e+02
 1.33864884e+01  4.63856905e+01  1.33864884e+01  1.79999977e+02
 1.34896288e+01  4.63856905e+01  1.34896288e+01  1.79999977e+02
 1.35935639e+01  4.63856905e+01  1.35935639e+01  1.79999977e+02
 1.36982998e+01  4.63856905e+01  1.36982998e+01  1.79999977e+02
 1.38038426e+01  4.63856905e+01  1.38038426e+01  1.79999977e+02
 1.39101987e+01  4.63856905e+01  1.39101987e+01  1.79999976e+02
 1.40173742e+01  4.63856905e+01  1.40173742e+01  1.79999976e+02
 1.41253754e+01  4.63856905e+01  1.41253754e+01  1.79999976e+02
 1.42342088e+01  4.63856905e+01  1.42342088e+01  1.79999976e+02
 1.43438808e+01  4.63856905e+01  1.43438808e+01  1.79999976e+02
 1.44543977e+01  4.63856905e+01  1.44543977e+01  1.79999975e+02
 1.45657662e+01  4.63856905e+01  1.45657662e+01  1.79999975e+02
 1.46779927e+01  4.63856905e+01  1.46779927e+01  1.79999975e+02
 1.47910839e+01  4.63856905e+01  1.47910839e+01  1.79999975e+02
 1.49050464e+01  4.63856905e+01  1.49050464e+01  1.79999975e+02
 1.50198870e+01  4.63856905e+01  1.50198870e+01  1.79999974e+02
 1.51356125e+01  4.63856905e+01  1.51356125e+01  1.79999974e+02
 1.52522296e+01  4.63856905e+01  1.52522296e+01  1.79999974e+02
 1.53697452e+01  4.63856905e+01  1.53697452e+01  1.79999974e+02
 1.54881662e+01  4.63856905e+01  1.54881662e+01  1.79999974e+02
 1.56074996e+01  4.63856905e+01  1.56074996e+01  1.79999973e+02
 1.57277525e+01  4.63856905e+01  1.57277525e+01  1.79999973e+02
 1.58489319e+01  4.63856905e+01  1.58489319e+01  1.79999973e+02
 1.59710450e+01  4.63856905e+01  1.59710450e+01  1.79999973e+02
 1.60940989e+01  4.63856905e+01  1.60940989e+01  1.79999973e+02
 1.62181010e+01  4.63856905e+01  1.62181010e+01  1.79999972e+02
 1.63430584e+01  4.63856905e+01  1.63430584e+01  1.79999972e+02
 1.64689787e+01  4.63856905e+01  1.64689787e+01  1.79999972e+02
 1.65958691e+01  4.63856905e+01  1.65958691e+01  1.79999972e+02
 1.67237372e+01  4.63856905e+01  1.67237372e+01  1.79999972e+02
 1.68525904e+01  4.63856905e+01  1.68525904e+01  1.79999971e+02
 1.69824365e+01  4.63856905e+01  1.69824365e+01  1.79999971e+02
 1.71132830e+01  4.63856905e+01  1.71132830e+01  1.79999971e+02
 1.72451377e+01  4.63856905e+01  1.72451377e+01  1.79999971e+02
 1.73780083e+01  4.63856905e+01  1.73780083e+01  1.79999970e+02
 1.75119026e+01  4.63856905e+01  1.75119026e+01  1.79999970e+02
 1.76468286e+01  4.63856905e+01  1.76468286e+01  1.79999970e+02
 1.77827941e+01  4.63856905e+01  1.77827941e+01  1.79999970e+02
 1.79198072e+01  4.63856905e+01  1.79198072e+01  1.79999970e+02
 1.80578760e+01  4.63856905e+01  1.80578760e+01  1.79999969e+02
 1.81970086e+01  4.63856905e+01  1.81970086e+01  1.79999969e+02
 1.83372132e+01  4.63856905e+01  1.83372132e+01  1.79999969e+02
 1.84784980e+01  4.63856905e+01  1.84784980e+01  1.79999969e+02
 1.86208714e+01  4.63856905e+01  1.86208714e+01  1.79999968e+02
 1.87643417e+01  4.63856905e+01  1.87643417e+01  1.79999968e+02
 1.89089175e+01  4.63856905e+01  1.89089175e+01  1.79999968e+02
 1.90546072e+01  4.63856905e+01  1.90546072e+01  1.79999968e+02
 1.92014194e+01  4.63856905e+01  1.92014194e+01  1.79999967e+02
 1.93493628e+01  4.63856905e+01  1.93493628e+01  1.79999967e+02
 1.94984460e+01  4.63856905e+01  1.94984460e+01  1.79999967e+02
 1.96486779e+01  4.63856905e+01  1.96486779e+01  1.79999967e+02
 1.98000673e+01  4.63856905e+01  1.98000673e+01  1.79999966e+02
 1.99526231e+01  4.63856905e+01  1.99526231e+01  1.79999966e+02
 2.01063544e+01  4.63856905e+01  2.01063544e+01  1.79999966e+02
 2.02612701e+01  4.63856905e+01  2.02612701e+01  1.79999966e+02
 2.04173794e+01  4.63856905e+01  2.04173794e+01  1.79999965e+02
 2.05746916e+01  4.63856905e+01  2.05746916e+01  1.79999965e+02
 2.07332157e+01  4.63856905e+01  2.07332157e+01  1.79999965e+02
 2.08929613e+01  4.63856905e+01  2.08929613e+01  1.79999964e+02
 2.10539377e+01  4.63856905e+01  2.10539377e+01  1.79999964e+02
 2.12161544e+01  4.63856905e+01  2.12161544e+01  1.79999964e+02
 2.13796209e+01  4.63856905e+01  2.13796209e+01  1.79999964e+02
 2.15443469e+01  4.63856905e+01  2.15443469e+01  1.79999963e+02
 2.17103421e+01  4.63856905e+01  2.17103421e+01  1.79999963e+02
 2.18776162e+01  4.63856905e+01  2.18776162e+01  1.79999963e+02
 2.20461792e+01  4.63856905e+01  2.20461792e+01  1.79999963e+02
 2.22160409e+01  4.63856905e+01  2.22160409e+01  1.79999962e+02
 2.23872114e+01  4.63856905e+01  2.23872114e+01  1.79999962e+02
 2.25597007e+01  4.63856905e+01  2.25597007e+01  1.79999962e+02
 2.27335190e+01  4.63856905e+01  2.27335190e+01  1.79999961e+02
 2.29086765e+01  4.63856905e+01  2.29086765e+01  1.79999961e+02
 2.30851836e+01  4.63856905e+01  2.30851836e+01  1.79999961e+02
 2.32630507e+01  4.63856905e+01  2.32630507e+01  1.79999960e+02
 2.34422882e+01  4.63856905e+01  2.34422882e+01  1.79999960e+02
 2.36229066e+01  4.63856905e+01  2.36229066e+01  1.79999960e+02
 2.38049167e+01  4.63856905e+01  2.38049167e+01  1.79999960e+02
 2.39883292e+01  4.63856905e+01  2.39883292e+01  1.79999959e+02
 2.41731548e+01  4.63856905e+01  2.41731548e+01  1.79999959e+02
 2.43594045e+01  4.63856905e+01  2.43594045e+01  1.79999959e+02
 2.45470892e+01  4.63856905e+01  2.45470892e+01  1.79999958e+02
 2.47362199e+01  4.63856905e+01  2.47362199e+01  1.79999958e+02
 2.49268079e+01  4.63856905e+01  2.49268079e+01  1.79999958e+02
 2.51188643e+01  4.63856905e+01  2.51188643e+01  1.79999957e+02
 2.53124005e+01  4.63856905e+01  2.53124005e+01  1.79999957e+02
 2.55074278e+01  4.63856905e+01  2.55074278e+01  1.79999957e+02
 2.57039578e+01  4.63856905e+01  2.57039578e+01  1.79999956e+02
 2.59020020e+01  4.63856905e+01  2.59020020e+01  1.79999956e+02
 2.61015722e+01  4.63856905e+01  2.61015722e+01  1.79999956e+02
 2.63026799e+01  4.63856905e+01  2.63026799e+01  1.79999955e+02
 2.65053372e+01  4.63856905e+01  2.65053372e+01  1.79999955e+02
 2.67095559e+01  4.63856905e+01  2.67095559e+01  1.79999955e+02
 2.69153480e+01  4.63856905e+01  2.69153480e+01  1.79999954e+02
 2.71227258e+01  4.63856905e+01  2.71227258e+01  1.79999954e+02
 2.73317014e+01  4.63856905e+01  2.73317014e+01  1.79999954e+02
 2.75422870e+01  4.63856905e+01  2.75422870e+01  1.79999953e+02
 2.77544952e+01  4.63856905e+01  2.77544952e+01  1.79999953e+02
 2.79683385e+01  4.63856905e+01  2.79683385e+01  1.79999952e+02
 2.81838293e+01  4.63856905e+01  2.81838293e+01  1.79999952e+02
 2.84009805e+01  4.63856905e+01  2.84009805e+01  1.79999952e+02
 2.86198048e+01  4.63856905e+01  2.86198048e+01  1.79999951e+02
 2.88403150e+01  4.63856905e+01  2.88403150e+01  1.79999951e+02
 2.90625243e+01  4.63856905e+01  2.90625243e+01  1.79999951e+02
 2.92864456e+01  4.63856905e+01  2.92864456e+01  1.79999950e+02
 2.95120923e+01  4.63856905e+01  2.95120923e+01  1.79999950e+02
 2.97394775e+01  4.63856905e+01  2.97394775e+01  1.79999949e+02
 2.99686146e+01  4.63856905e+01  2.99686146e+01  1.79999949e+02
 3.01995172e+01  4.63856905e+01  3.01995172e+01  1.79999949e+02
 3.04321989e+01  4.63856905e+01  3.04321989e+01  1.79999948e+02
 3.06666733e+01  4.63856905e+01  3.06666733e+01  1.79999948e+02
 3.09029543e+01  4.63856905e+01  3.09029543e+01  1.79999947e+02
 3.11410558e+01  4.63856905e+01  3.11410558e+01  1.79999947e+02
 3.13809919e+01  4.63856905e+01  3.13809919e+01  1.79999947e+02
 3.16227766e+01  4.63856905e+01  3.16227766e+01  1.79999946e+02
 3.18664242e+01  4.63856905e+01  3.18664242e+01  1.79999946e+02
 3.21119491e+01  4.63856905e+01  3.21119491e+01  1.79999945e+02
 3.23593657e+01  4.63856905e+01  3.23593657e+01  1.79999945e+02
 3.26086886e+01  4.63856905e+01  3.26086886e+01  1.79999945e+02
 3.28599325e+01  4.63856905e+01  3.28599325e+01  1.79999944e+02
 3.31131121e+01  4.63856905e+01  3.31131121e+01  1.79999944e+02
 3.33682425e+01  4.63856905e+01  3.33682425e+01  1.79999943e+02
 3.36253386e+01  4.63856905e+01  3.36253386e+01  1.79999943e+02
 3.38844156e+01  4.63856905e+01  3.38844156e+01  1.79999942e+02
 3.41454887e+01  4.63856905e+01  3.41454887e+01  1.79999942e+02
 3.44085734e+01  4.63856905e+01  3.44085734e+01  1.79999941e+02
 3.46736850e+01  4.63856905e+01  3.46736850e+01  1.79999941e+02
 3.49408393e+01  4.63856905e+01  3.49408393e+01  1.79999941e+02
 3.52100520e+01  4.63856905e+01  3.52100520e+01  1.79999940e+02
 3.54813389e+01  4.63856905e+01  3.54813389e+01  1.79999940e+02
 3.57547160e+01  4.63856905e+01  3.57547160e+01  1.79999939e+02
 3.60301995e+01  4.63856905e+01  3.60301995e+01  1.79999939e+02
 3.63078055e+01  4.63856905e+01  3.63078055e+01  1.79999938e+02
 3.65875504e+01  4.63856905e+01  3.65875504e+01  1.79999938e+02
 3.68694506e+01  4.63856905e+01  3.68694506e+01  1.79999937e+02
 3.71535229e+01  4.63856905e+01  3.71535229e+01  1.79999937e+02
 3.74397839e+01  4.63856905e+01  3.74397839e+01  1.79999936e+02
 3.77282505e+01  4.63856905e+01  3.77282505e+01  1.79999936e+02
 3.80189396e+01  4.63856905e+01  3.80189396e+01  1.79999935e+02
 3.83118685e+01  4.63856905e+01  3.83118685e+01  1.79999935e+02
 3.86070543e+01  4.63856905e+01  3.86070543e+01  1.79999934e+02
 3.89045145e+01  4.63856905e+01  3.89045145e+01  1.79999934e+02
 3.92042666e+01  4.63856905e+01  3.92042666e+01  1.79999933e+02
 3.95063281e+01  4.63856905e+01  3.95063281e+01  1.79999933e+02
 3.98107171e+01  4.63856905e+01  3.98107171e+01  1.79999932e+02
 4.01174512e+01  4.63856905e+01  4.01174512e+01  1.79999932e+02
 4.04265487e+01  4.63856905e+01  4.04265487e+01  1.79999931e+02
 4.07380278e+01  4.63856905e+01  4.07380278e+01  1.79999931e+02
 4.10519067e+01  4.63856905e+01  4.10519067e+01  1.79999930e+02
 4.13682040e+01  4.63856905e+01  4.13682040e+01  1.79999930e+02
 4.16869383e+01  4.63856905e+01  4.16869383e+01  1.79999929e+02
 4.20081285e+01  4.63856905e+01  4.20081285e+01  1.79999929e+02
 4.23317933e+01  4.63856905e+01  4.23317933e+01  1.79999928e+02
 4.26579519e+01  4.63856905e+01  4.26579519e+01  1.79999927e+02
 4.29866235e+01  4.63856905e+01  4.29866235e+01  1.79999927e+02
 4.33178274e+01  4.63856905e+01  4.33178274e+01  1.79999926e+02
 4.36515832e+01  4.63856905e+01  4.36515832e+01  1.79999926e+02
 4.39879106e+01  4.63856905e+01  4.39879106e+01  1.79999925e+02
 4.43268292e+01  4.63856905e+01  4.43268292e+01  1.79999925e+02
 4.46683592e+01  4.63856905e+01  4.46683592e+01  1.79999924e+02
 4.50125206e+01  4.63856905e+01  4.50125206e+01  1.79999923e+02
 4.53593337e+01  4.63856905e+01  4.53593337e+01  1.79999923e+02
 4.57088190e+01  4.63856905e+01  4.57088190e+01  1.79999922e+02
 4.60609969e+01  4.63856905e+01  4.60609969e+01  1.79999922e+02
 4.64158883e+01  4.63856905e+01  4.64158883e+01  1.79999921e+02
 4.67735141e+01  4.63856905e+01  4.67735141e+01  1.79999920e+02
 4.71338954e+01  4.63856905e+01  4.71338954e+01  1.79999920e+02
 4.74970533e+01  4.63856905e+01  4.74970533e+01  1.79999919e+02
 4.78630092e+01  4.63856905e+01  4.78630092e+01  1.79999919e+02
 4.82317848e+01  4.63856905e+01  4.82317848e+01  1.79999918e+02
 4.86034018e+01  4.63856905e+01  4.86034018e+01  1.79999917e+02
 4.89778819e+01  4.63856905e+01  4.89778819e+01  1.79999917e+02
 4.93552474e+01  4.63856905e+01  4.93552474e+01  1.79999916e+02
 4.97355204e+01  4.63856905e+01  4.97355204e+01  1.79999915e+02
 5.01187234e+01  4.63856905e+01  5.01187234e+01  1.79999915e+02
 5.05048788e+01  4.63856905e+01  5.05048788e+01  1.79999914e+02
 5.08940095e+01  4.63856905e+01  5.08940095e+01  1.79999913e+02
 5.12861384e+01  4.63856905e+01  5.12861384e+01  1.79999913e+02
 5.16812886e+01  4.63856905e+01  5.16812886e+01  1.79999912e+02
 5.20794833e+01  4.63856905e+01  5.20794833e+01  1.79999911e+02
 5.24807460e+01  4.63856905e+01  5.24807460e+01  1.79999911e+02
 5.28851004e+01  4.63856905e+01  5.28851004e+01  1.79999910e+02
 5.32925703e+01  4.63856905e+01  5.32925703e+01  1.79999909e+02
 5.37031796e+01  4.63856905e+01  5.37031796e+01  1.79999909e+02
 5.41169527e+01  4.63856905e+01  5.41169527e+01  1.79999908e+02
 5.45339137e+01  4.63856905e+01  5.45339137e+01  1.79999907e+02
 5.49540874e+01  4.63856905e+01  5.49540874e+01  1.79999907e+02
 5.53774984e+01  4.63856905e+01  5.53774984e+01  1.79999906e+02
 5.58041717e+01  4.63856905e+01  5.58041717e+01  1.79999905e+02
 5.62341325e+01  4.63856905e+01  5.62341325e+01  1.79999904e+02
 5.66674061e+01  4.63856905e+01  5.66674061e+01  1.79999904e+02
 5.71040179e+01  4.63856905e+01  5.71040179e+01  1.79999903e+02
 5.75439937e+01  4.63856905e+01  5.75439937e+01  1.79999902e+02
 5.79873595e+01  4.63856905e+01  5.79873595e+01  1.79999901e+02
 5.84341413e+01  4.63856905e+01  5.84341413e+01  1.79999901e+02
 5.88843655e+01  4.63856905e+01  5.88843655e+01  1.79999900e+02
 5.93380586e+01  4.63856905e+01  5.93380586e+01  1.79999899e+02
 5.97952473e+01  4.63856905e+01  5.97952473e+01  1.79999898e+02
 6.02559586e+01  4.63856905e+01  6.02559586e+01  1.79999898e+02
 6.07202196e+01  4.63856905e+01  6.07202196e+01  1.79999897e+02
 6.11880576e+01  4.63856905e+01  6.11880576e+01  1.79999896e+02
 6.16595002e+01  4.63856905e+01  6.16595002e+01  1.79999895e+02
 6.21345752e+01  4.63856905e+01  6.21345752e+01  1.79999894e+02
 6.26133105e+01  4.63856905e+01  6.26133105e+01  1.79999894e+02
 6.30957344e+01  4.63856905e+01  6.30957344e+01  1.79999893e+02
 6.35818754e+01  4.63856905e+01  6.35818754e+01  1.79999892e+02
 6.40717619e+01  4.63856905e+01  6.40717619e+01  1.79999891e+02
 6.45654229e+01  4.63856905e+01  6.45654229e+01  1.79999890e+02
 6.50628875e+01  4.63856905e+01  6.50628875e+01  1.79999889e+02
 6.55641849e+01  4.63856905e+01  6.55641849e+01  1.79999888e+02
 6.60693448e+01  4.63856905e+01  6.60693448e+01  1.79999888e+02
 6.65783968e+01  4.63856905e+01  6.65783968e+01  1.79999887e+02
 6.70913710e+01  4.63856905e+01  6.70913710e+01  1.79999886e+02
 6.76082975e+01  4.63856905e+01  6.76082975e+01  1.79999885e+02
 6.81292069e+01  4.63856905e+01  6.81292069e+01  1.79999884e+02
 6.86541298e+01  4.63856905e+01  6.86541298e+01  1.79999883e+02
 6.91830971e+01  4.63856905e+01  6.91830971e+01  1.79999882e+02
 6.97161400e+01  4.63856905e+01  6.97161400e+01  1.79999881e+02
 7.02532899e+01  4.63856905e+01  7.02532899e+01  1.79999881e+02
 7.07945784e+01  4.63856905e+01  7.07945784e+01  1.79999880e+02
 7.13400375e+01  4.63856905e+01  7.13400375e+01  1.79999879e+02
 7.18896992e+01  4.63856905e+01  7.18896992e+01  1.79999878e+02
 7.24435960e+01  4.63856905e+01  7.24435960e+01  1.79999877e+02
 7.30017605e+01  4.63856905e+01  7.30017605e+01  1.79999876e+02
 7.35642254e+01  4.63856905e+01  7.35642254e+01  1.79999875e+02
 7.41310241e+01  4.63856905e+01  7.41310241e+01  1.79999874e+02
 7.47021899e+01  4.63856905e+01  7.47021899e+01  1.79999873e+02
 7.52777564e+01  4.63856905e+01  7.52777564e+01  1.79999872e+02
 7.58577575e+01  4.63856905e+01  7.58577575e+01  1.79999871e+02
 7.64422274e+01  4.63856905e+01  7.64422274e+01  1.79999870e+02
 7.70312006e+01  4.63856906e+01  7.70312006e+01  1.79999869e+02
 7.76247117e+01  4.63856906e+01  7.76247117e+01  1.79999868e+02
 7.82227956e+01  4.63856906e+01  7.82227956e+01  1.79999867e+02
 7.88254877e+01  4.63856906e+01  7.88254877e+01  1.79999866e+02
 7.94328235e+01  4.63856906e+01  7.94328235e+01  1.79999865e+02
 8.00448386e+01  4.63856906e+01  8.00448386e+01  1.79999864e+02
 8.06615692e+01  4.63856906e+01  8.06615692e+01  1.79999863e+02
 8.12830516e+01  4.63856906e+01  8.12830516e+01  1.79999862e+02
 8.19093224e+01  4.63856906e+01  8.19093224e+01  1.79999861e+02
 8.25404185e+01  4.63856906e+01  8.25404185e+01  1.79999860e+02
 8.31763771e+01  4.63856906e+01  8.31763771e+01  1.79999859e+02
 8.38172356e+01  4.63856906e+01  8.38172356e+01  1.79999857e+02
 8.44630319e+01  4.63856906e+01  8.44630319e+01  1.79999856e+02
 8.51138038e+01  4.63856906e+01  8.51138038e+01  1.79999855e+02
 8.57695899e+01  4.63856906e+01  8.57695899e+01  1.79999854e+02
 8.64304286e+01  4.63856906e+01  8.64304286e+01  1.79999853e+02
 8.70963590e+01  4.63856906e+01  8.70963590e+01  1.79999852e+02
 8.77674203e+01  4.63856906e+01  8.77674203e+01  1.79999851e+02
 8.84436519e+01  4.63856906e+01  8.84436519e+01  1.79999850e+02
 8.91250938e+01  4.63856906e+01  8.91250938e+01  1.79999848e+02
 8.98117861e+01  4.63856906e+01  8.98117861e+01  1.79999847e+02
 9.05037692e+01  4.63856906e+01  9.05037692e+01  1.79999846e+02
 9.12010839e+01  4.63856906e+01  9.12010839e+01  1.79999845e+02
 9.19037713e+01  4.63856906e+01  9.19037713e+01  1.79999844e+02
 9.26118728e+01  4.63856906e+01  9.26118728e+01  1.79999842e+02
 9.33254301e+01  4.63856906e+01  9.33254301e+01  1.79999841e+02
 9.40444852e+01  4.63856906e+01  9.40444852e+01  1.79999840e+02
 9.47690805e+01  4.63856906e+01  9.47690805e+01  1.79999839e+02
 9.54992586e+01  4.63856906e+01  9.54992586e+01  1.79999838e+02
 9.62350626e+01  4.63856906e+01  9.62350626e+01  1.79999836e+02
 9.69765359e+01  4.63856906e+01  9.69765359e+01  1.79999835e+02
 9.77237221e+01  4.63856906e+01  9.77237221e+01  1.79999834e+02
 9.84766652e+01  4.63856906e+01  9.84766652e+01  1.79999833e+02
 9.92354096e+01  4.63856906e+01  9.92354096e+01  1.79999831e+02
 1.00000000e+02  4.63856906e+01  1.00000000e+02  1.79999830e+02
 1.00770481e+02  4.63856906e+01  1.00770481e+02  1.79999829e+02
 1.01546899e+02  4.63856906e+01  1.01546899e+02  1.79999827e+02
 1.02329299e+02  4.63856906e+01  1.02329299e+02  1.79999826e+02
 1.03117727e+02  4.63856906e+01  1.03117727e+02  1.79999825e+02
 1.03912230e+02  4.63856906e+01  1.03912230e+02  1.79999823e+02
 1.04712855e+02  4.63856906e+01  1.04712855e+02  1.79999822e+02
 1.05519648e+02  4.63856906e+01  1.05519648e+02  1.79999821e+02
 1.06332657e+02  4.63856906e+01  1.06332657e+02  1.79999819e+02
 1.07151931e+02  4.63856906e+01  1.07151931e+02  1.79999818e+02
 1.07977516e+02  4.63856906e+01  1.07977516e+02  1.79999816e+02
 1.08809463e+02  4.63856906e+01  1.08809463e+02  1.79999815e+02
 1.09647820e+02  4.63856906e+01  1.09647820e+02  1.79999814e+02
 1.10492636e+02  4.63856906e+01  1.10492636e+02  1.79999812e+02
 1.11343961e+02  4.63856906e+01  1.11343961e+02  1.79999811e+02
 1.12201845e+02  4.63856906e+01  1.12201845e+02  1.79999809e+02
 1.13066340e+02  4.63856906e+01  1.13066340e+02  1.79999808e+02
 1.13937495e+02  4.63856906e+01  1.13937495e+02  1.79999806e+02
 1.14815362e+02  4.63856906e+01  1.14815362e+02  1.79999805e+02
 1.15699993e+02  4.63856906e+01  1.15699993e+02  1.79999803e+02
 1.16591440e+02  4.63856906e+01  1.16591440e+02  1.79999802e+02
 1.17489755e+02  4.63856906e+01  1.17489755e+02  1.79999800e+02
 1.18394992e+02  4.63856906e+01  1.18394992e+02  1.79999799e+02
 1.19307204e+02  4.63856906e+01  1.19307204e+02  1.79999797e+02
 1.20226443e+02  4.63856906e+01  1.20226443e+02  1.79999796e+02
 1.21152766e+02  4.63856906e+01  1.21152766e+02  1.79999794e+02
 1.22086225e+02  4.63856906e+01  1.22086225e+02  1.79999792e+02
 1.23026877e+02  4.63856906e+01  1.23026877e+02  1.79999791e+02
 1.23974776e+02  4.63856906e+01  1.23974776e+02  1.79999789e+02
 1.24929979e+02  4.63856906e+01  1.24929979e+02  1.79999788e+02
 1.25892541e+02  4.63856906e+01  1.25892541e+02  1.79999786e+02
 1.26862520e+02  4.63856906e+01  1.26862520e+02  1.79999784e+02
 1.27839972e+02  4.63856906e+01  1.27839972e+02  1.79999783e+02
 1.28824955e+02  4.63856906e+01  1.28824955e+02  1.79999781e+02
 1.29817528e+02  4.63856906e+01  1.29817528e+02  1.79999779e+02
 1.30817747e+02  4.63856906e+01  1.30817747e+02  1.79999778e+02
 1.31825674e+02  4.63856906e+01  1.31825674e+02  1.79999776e+02
 1.32841366e+02  4.63856906e+01  1.32841366e+02  1.79999774e+02
 1.33864884e+02  4.63856906e+01  1.33864884e+02  1.79999772e+02
 1.34896288e+02  4.63856906e+01  1.34896288e+02  1.79999771e+02
 1.35935639e+02  4.63856906e+01  1.35935639e+02  1.79999769e+02
 1.36982998e+02  4.63856906e+01  1.36982998e+02  1.79999767e+02
 1.38038426e+02  4.63856906e+01  1.38038426e+02  1.79999765e+02
 1.39101987e+02  4.63856906e+01  1.39101987e+02  1.79999763e+02
 1.40173742e+02  4.63856906e+01  1.40173742e+02  1.79999762e+02
 1.41253754e+02  4.63856906e+01  1.41253754e+02  1.79999760e+02
 1.42342088e+02  4.63856906e+01  1.42342088e+02  1.79999758e+02
 1.43438808e+02  4.63856906e+01  1.43438808e+02  1.79999756e+02
 1.44543977e+02  4.63856906e+01  1.44543977e+02  1.79999754e+02
 1.45657662e+02  4.63856906e+01  1.45657662e+02  1.79999752e+02
 1.46779927e+02  4.63856906e+01  1.46779927e+02  1.79999750e+02
 1.47910839e+02  4.63856906e+01  1.47910839e+02  1.79999748e+02
 1.49050464e+02  4.63856906e+01  1.49050464e+02  1.79999747e+02
 1.50198870e+02  4.63856906e+01  1.50198870e+02  1.79999745e+02
 1.51356125e+02  4.63856906e+01  1.51356125e+02  1.79999743e+02
 1.52522296e+02  4.63856906e+01  1.52522296e+02  1.79999741e+02
 1.53697452e+02  4.63856906e+01  1.53697452e+02  1.79999739e+02
 1.54881662e+02  4.63856906e+01  1.54881662e+02  1.79999737e+02
 1.56074996e+02  4.63856906e+01  1.56074996e+02  1.79999735e+02
 1.57277525e+02  4.63856906e+01  1.57277525e+02  1.79999733e+02
 1.58489319e+02  4.63856906e+01  1.58489319e+02  1.79999730e+02
 1.59710450e+02  4.63856906e+01  1.59710450e+02  1.79999728e+02
 1.60940989e+02  4.63856906e+01  1.60940989e+02  1.79999726e+02
 1.62181010e+02  4.63856906e+01  1.62181010e+02  1.79999724e+02
 1.63430584e+02  4.63856906e+01  1.63430584e+02  1.79999722e+02
 1.64689787e+02  4.63856906e+01  1.64689787e+02  1.79999720e+02
 1.65958691e+02  4.63856906e+01  1.65958691e+02  1.79999718e+02
 1.67237372e+02  4.63856906e+01  1.67237372e+02  1.79999716e+02
 1.68525904e+02  4.63856906e+01  1.68525904e+02  1.79999713e+02
 1.69824365e+02  4.63856906e+01  1.69824365e+02  1.79999711e+02
 1.71132830e+02  4.63856906e+01  1.71132830e+02  1.79999709e+02
 1.72451377e+02  4.63856906e+01  1.72451377e+02  1.79999707e+02
 1.73780083e+02  4.63856906e+01  1.73780083e+02  1.79999704e+02
 1.75119026e+02  4.63856906e+01  1.75119026e+02  1.79999702e+02
 1.76468286e+02  4.63856906e+01  1.76468286e+02  1.79999700e+02
 1.77827941e+02  4.63856906e+01  1.77827941e+02  1.79999698e+02
 1.79198072e+02  4.63856906e+01  1.79198072e+02  1.79999695e+02
 1.80578760e+02  4.63856906e+01  1.80578760e+02  1.79999693e+02
 1.81970086e+02  4.63856906e+01  1.81970086e+02  1.79999691e+02
 1.83372132e+02  4.63856906e+01  1.83372132e+02  1.79999688e+02
 1.84784980e+02  4.63856906e+01  1.84784980e+02  1.79999686e+02
 1.86208714e+02  4.63856906e+01  1.86208714e+02  1.79999683e+02
 1.87643417e+02  4.63856906e+01  1.87643417e+02  1.79999681e+02
 1.89089175e+02  4.63856906e+01  1.89089175e+02  1.79999678e+02
 1.90546072e+02  4.63856906e+01  1.90546072e+02  1.79999676e+02
 1.92014194e+02  4.63856906e+01  1.92014194e+02  1.79999673e+02
 1.93493628e+02  4.63856906e+01  1.93493628e+02  1.79999671e+02
 1.94984460e+02  4.63856906e+01  1.94984460e+02  1.79999668e+02
 1.96486779e+02  4.63856906e+01  1.96486779e+02  1.79999666e+02
 1.98000673e+02  4.63856906e+01  1.98000673e+02  1.79999663e+02
 1.99526231e+02  4.63856906e+01  1.99526231e+02  1.79999661e+02
 2.01063544e+02  4.63856906e+01  2.01063544e+02  1.79999658e+02
 2.02612701e+02  4.63856906e+01  2.02612701e+02  1.79999655e+02
 2.04173794e+02  4.63856906e+01  2.04173794e+02  1.79999653e+02
 2.05746916e+02  4.63856906e+01  2.05746916e+02  1.79999650e+02
 2.07332157e+02  4.63856906e+01  2.07332157e+02  1.79999647e+02
 2.08929613e+02  4.63856906e+01  2.08929613e+02  1.79999645e+02
 2.10539377e+02  4.63856906e+01  2.10539377e+02  1.79999642e+02
 2.12161544e+02  4.63856906e+01  2.12161544e+02  1.79999639e+02
 2.13796209e+02  4.63856906e+01  2.13796209e+02  1.79999636e+02
 2.15443469e+02  4.63856906e+01  2.15443469e+02  1.79999634e+02
 2.17103421e+02  4.63856906e+01  2.17103421e+02  1.79999631e+02
 2.18776162e+02  4.63856906e+01  2.18776162e+02  1.79999628e+02
 2.20461792e+02  4.63856906e+01  2.20461792e+02  1.79999625e+02
 2.22160409e+02  4.63856906e+01  2.22160409e+02  1.79999622e+02
 2.23872114e+02  4.63856906e+01  2.23872114e+02  1.79999619e+02
 2.25597007e+02  4.63856906e+01  2.25597007e+02  1.79999616e+02
 2.27335190e+02  4.63856906e+01  2.27335190e+02  1.79999613e+02
 2.29086765e+02  4.63856906e+01  2.29086765e+02  1.79999610e+02
 2.30851836e+02  4.63856906e+01  2.30851836e+02  1.79999607e+02
 2.32630507e+02  4.63856906e+01  2.32630507e+02  1.79999604e+02
 2.34422882e+02  4.63856906e+01  2.34422882e+02  1.79999601e+02
 2.36229066e+02  4.63856906e+01  2.36229066e+02  1.79999598e+02
 2.38049167e+02  4.63856906e+01  2.38049167e+02  1.79999595e+02
 2.39883292e+02  4.63856906e+01  2.39883292e+02  1.79999592e+02
 2.41731548e+02  4.63856906e+01  2.41731548e+02  1.79999589e+02
 2.43594045e+02  4.63856906e+01  2.43594045e+02  1.79999586e+02
 2.45470892e+02  4.63856906e+01  2.45470892e+02  1.79999583e+02
 2.47362199e+02  4.63856906e+01  2.47362199e+02  1.79999579e+02
 2.49268079e+02  4.63856906e+01  2.49268079e+02  1.79999576e+02
 2.51188643e+02  4.63856906e+01  2.51188643e+02  1.79999573e+02
 2.53124005e+02  4.63856906e+01  2.53124005e+02  1.79999570e+02
 2.55074278e+02  4.63856906e+01  2.55074278e+02  1.79999566e+02
 2.57039578e+02  4.63856906e+01  2.57039578e+02  1.79999563e+02
 2.59020020e+02  4.63856906e+01  2.59020020e+02  1.79999559e+02
 2.61015722e+02  4.63856906e+01  2.61015722e+02  1.79999556e+02
 2.63026799e+02  4.63856906e+01  2.63026799e+02  1.79999553e+02
 2.65053372e+02  4.63856906e+01  2.65053372e+02  1.79999549e+02
 2.67095559e+02  4.63856906e+01  2.67095559e+02  1.79999546e+02
 2.69153480e+02  4.63856906e+01  2.69153480e+02  1.79999542e+02
 2.71227258e+02  4.63856906e+01  2.71227258e+02  1.79999539e+02
 2.73317014e+02  4.63856906e+01  2.73317014e+02  1.79999535e+02
 2.75422870e+02  4.63856906e+01  2.75422870e+02  1.79999532e+02
 2.77544952e+02  4.63856906e+01  2.77544952e+02  1.79999528e+02
 2.79683385e+02  4.63856906e+01  2.79683385e+02  1.79999524e+02
 2.81838293e+02  4.63856906e+01  2.81838293e+02  1.79999521e+02
 2.84009805e+02  4.63856906e+01  2.84009805e+02  1.79999517e+02
 2.86198048e+02  4.63856906e+01  2.86198048e+02  1.79999513e+02
 2.88403150e+02  4.63856906e+01  2.88403150e+02  1.79999510e+02
 2.90625243e+02  4.63856906e+01  2.90625243e+02  1.79999506e+02
 2.92864456e+02  4.63856906e+01  2.92864456e+02  1.79999502e+02
 2.95120923e+02  4.63856906e+01  2.95120923e+02  1.79999498e+02
 2.97394775e+02  4.63856906e+01  2.97394775e+02  1.79999494e+02
 2.99686146e+02  4.63856906e+01  2.99686146e+02  1.79999490e+02
 3.01995172e+02  4.63856906e+01  3.01995172e+02  1.79999486e+02
 3.04321989e+02  4.63856906e+01  3.04321989e+02  1.79999482e+02
 3.06666733e+02  4.63856906e+01  3.06666733e+02  1.79999478e+02
 3.09029543e+02  4.63856906e+01  3.09029543e+02  1.79999474e+02
 3.11410558e+02  4.63856906e+01  3.11410558e+02  1.79999470e+02
 3.13809919e+02  4.63856906e+01  3.13809919e+02  1.79999466e+02
 3.16227766e+02  4.63856906e+01  3.16227766e+02  1.79999462e+02
 3.18664242e+02  4.63856906e+01  3.18664242e+02  1.79999458e+02
 3.21119491e+02  4.63856906e+01  3.21119491e+02  1.79999454e+02
 3.23593657e+02  4.63856906e+01  3.23593657e+02  1.79999450e+02
 3.26086886e+02  4.63856906e+01  3.26086886e+02  1.79999445e+02
 3.28599325e+02  4.63856906e+01  3.28599325e+02  1.79999441e+02
 3.31131121e+02  4.63856906e+01  3.31131121e+02  1.79999437e+02
 3.33682425e+02  4.63856906e+01  3.33682425e+02  1.79999433e+02
 3.36253386e+02  4.63856906e+01  3.36253386e+02  1.79999428e+02
 3.38844156e+02  4.63856906e+01  3.38844156e+02  1.79999424e+02
 3.41454887e+02  4.63856906e+01  3.41454887e+02  1.79999419e+02
 3.44085734e+02  4.63856906e+01  3.44085734e+02  1.79999415e+02
 3.46736850e+02  4.63856906e+01  3.46736850e+02  1.79999410e+02
 3.49408393e+02  4.63856906e+01  3.49408393e+02  1.79999406e+02
 3.52100520e+02  4.63856906e+01  3.52100520e+02  1.79999401e+02
 3.54813389e+02  4.63856906e+01  3.54813389e+02  1.79999397e+02
 3.57547160e+02  4.63856906e+01  3.57547160e+02  1.79999392e+02
 3.60301995e+02  4.63856906e+01  3.60301995e+02  1.79999387e+02
 3.63078055e+02  4.63856906e+01  3.63078055e+02  1.79999383e+02
 3.65875504e+02  4.63856906e+01  3.65875504e+02  1.79999378e+02
 3.68694506e+02  4.63856907e+01  3.68694506e+02  1.79999373e+02
 3.71535229e+02  4.63856907e+01  3.71535229e+02  1.79999368e+02
 3.74397839e+02  4.63856907e+01  3.74397839e+02  1.79999363e+02
 3.77282505e+02  4.63856907e+01  3.77282505e+02  1.79999358e+02
 3.80189396e+02  4.63856907e+01  3.80189396e+02  1.79999353e+02
 3.83118685e+02  4.63856907e+01  3.83118685e+02  1.79999348e+02
 3.86070543e+02  4.63856907e+01  3.86070543e+02  1.79999343e+02
 3.89045145e+02  4.63856907e+01  3.89045145e+02  1.79999338e+02
 3.92042666e+02  4.63856907e+01  3.92042666e+02  1.79999333e+02
 3.95063281e+02  4.63856907e+01  3.95063281e+02  1.79999328e+02
 3.98107171e+02  4.63856907e+01  3.98107171e+02  1.79999323e+02
 4.01174512e+02  4.63856907e+01  4.01174512e+02  1.79999318e+02
 4.04265487e+02  4.63856907e+01  4.04265487e+02  1.79999312e+02
 4.07380278e+02  4.63856907e+01  4.07380278e+02  1.79999307e+02
 4.10519067e+02  4.63856907e+01  4.10519067e+02  1.79999302e+02
 4.13682040e+02  4.63856907e+01  4.13682040e+02  1.79999296e+02
 4.16869383e+02  4.63856907e+01  4.16869383e+02  1.79999291e+02
 4.20081285e+02  4.63856907e+01  4.20081285e+02  1.79999286e+02
 4.23317933e+02  4.63856907e+01  4.23317933e+02  1.79999280e+02
 4.26579519e+02  4.63856907e+01  4.26579519e+02  1.79999275e+02
 4.29866235e+02  4.63856907e+01  4.29866235e+02  1.79999269e+02
 4.33178274e+02  4.63856907e+01  4.33178274e+02  1.79999263e+02
 4.36515832e+02  4.63856907e+01  4.36515832e+02  1.79999258e+02
 4.39879106e+02  4.63856907e+01  4.39879106e+02  1.79999252e+02
 4.43268292e+02  4.63856907e+01  4.43268292e+02  1.79999246e+02
 4.46683592e+02  4.63856907e+01  4.46683592e+02  1.79999240e+02
 4.50125206e+02  4.63856907e+01  4.50125206e+02  1.79999234e+02
 4.53593337e+02  4.63856907e+01  4.53593337e+02  1.79999229e+02
 4.57088190e+02  4.63856907e+01  4.57088190e+02  1.79999223e+02
 4.60609969e+02  4.63856907e+01  4.60609969e+02  1.79999217e+02
 4.64158883e+02  4.63856907e+01  4.64158883e+02  1.79999211e+02
 4.67735141e+02  4.63856907e+01  4.67735141e+02  1.79999205e+02
 4.71338954e+02  4.63856907e+01  4.71338954e+02  1.79999198e+02
 4.74970533e+02  4.63856907e+01  4.74970533e+02  1.79999192e+02
 4.78630092e+02  4.63856907e+01  4.78630092e+02  1.79999186e+02
 4.82317848e+02  4.63856907e+01  4.82317848e+02  1.79999180e+02
 4.86034018e+02  4.63856907e+01  4.86034018e+02  1.79999173e+02
 4.89778819e+02  4.63856907e+01  4.89778819e+02  1.79999167e+02
 4.93552474e+02  4.63856907e+01  4.93552474e+02  1.79999161e+02
 4.97355204e+02  4.63856907e+01  4.97355204e+02  1.79999154e+02
 5.01187234e+02  4.63856907e+01  5.01187234e+02  1.79999148e+02
 5.05048788e+02  4.63856907e+01  5.05048788e+02  1.79999141e+02
 5.08940095e+02  4.63856907e+01  5.08940095e+02  1.79999134e+02
 5.12861384e+02  4.63856907e+01  5.12861384e+02  1.79999128e+02
 5.16812886e+02  4.63856908e+01  5.16812886e+02  1.79999121e+02
 5.20794833e+02  4.63856908e+01  5.20794833e+02  1.79999114e+02
 5.24807460e+02  4.63856908e+01  5.24807460e+02  1.79999107e+02
 5.28851004e+02  4.63856908e+01  5.28851004e+02  1.79999101e+02
 5.32925703e+02  4.63856908e+01  5.32925703e+02  1.79999094e+02
 5.37031796e+02  4.63856908e+01  5.37031796e+02  1.79999087e+02
 5.41169527e+02  4.63856908e+01  5.41169527e+02  1.79999080e+02
 5.45339137e+02  4.63856908e+01  5.45339137e+02  1.79999073e+02
 5.49540874e+02  4.63856908e+01  5.49540874e+02  1.79999065e+02
 5.53774984e+02  4.63856908e+01  5.53774984e+02  1.79999058e+02
 5.58041717e+02  4.63856908e+01  5.58041717e+02  1.79999051e+02
 5.62341325e+02  4.63856908e+01  5.62341325e+02  1.79999044e+02
 5.66674061e+02  4.63856908e+01  5.66674061e+02  1.79999036e+02
 5.71040179e+02  4.63856908e+01  5.71040179e+02  1.79999029e+02
 5.75439937e+02  4.63856908e+01  5.75439937e+02  1.79999021e+02
 5.79873595e+02  4.63856908e+01  5.79873595e+02  1.79999014e+02
 5.84341413e+02  4.63856908e+01  5.84341413e+02  1.79999006e+02
 5.88843655e+02  4.63856908e+01  5.88843655e+02  1.79998999e+02
 5.93380586e+02  4.63856908e+01  5.93380586e+02  1.79998991e+02
 5.97952473e+02  4.63856908e+01  5.97952473e+02  1.79998983e+02
 6.02559586e+02  4.63856908e+01  6.02559586e+02  1.79998975e+02
 6.07202196e+02  4.63856908e+01  6.07202196e+02  1.79998967e+02
 6.11880576e+02  4.63856908e+01  6.11880576e+02  1.79998959e+02
 6.16595002e+02  4.63856908e+01  6.16595002e+02  1.79998951e+02
 6.21345752e+02  4.63856908e+01  6.21345752e+02  1.79998943e+02
 6.26133105e+02  4.63856908e+01  6.26133105e+02  1.79998935e+02
 6.30957344e+02  4.63856909e+01  6.30957344e+02  1.79998927e+02
 6.35818754e+02  4.63856909e+01  6.35818754e+02  1.79998919e+02
 6.40717619e+02  4.63856909e+01  6.40717619e+02  1.79998910e+02
 6.45654229e+02  4.63856909e+01  6.45654229e+02  1.79998902e+02
 6.50628875e+02  4.63856909e+01  6.50628875e+02  1.79998893e+02
 6.55641849e+02  4.63856909e+01  6.55641849e+02  1.79998885e+02
 6.60693448e+02  4.63856909e+01  6.60693448e+02  1.79998876e+02
 6.65783968e+02  4.63856909e+01  6.65783968e+02  1.79998868e+02
 6.70913710e+02  4.63856909e+01  6.70913710e+02  1.79998859e+02
 6.76082975e+02  4.63856909e+01  6.76082975e+02  1.79998850e+02
 6.81292069e+02  4.63856909e+01  6.81292069e+02  1.79998841e+02
 6.86541298e+02  4.63856909e+01  6.86541298e+02  1.79998832e+02
 6.91830971e+02  4.63856909e+01  6.91830971e+02  1.79998823e+02
 6.97161400e+02  4.63856909e+01  6.97161400e+02  1.79998814e+02
 7.02532899e+02  4.63856909e+01  7.02532899e+02  1.79998805e+02
 7.07945784e+02  4.63856909e+01  7.07945784e+02  1.79998796e+02
 7.13400375e+02  4.63856909e+01  7.13400375e+02  1.79998787e+02
 7.18896992e+02  4.63856909e+01  7.18896992e+02  1.79998777e+02
 7.24435960e+02  4.63856910e+01  7.24435960e+02  1.79998768e+02
 7.30017605e+02  4.63856910e+01  7.30017605e+02  1.79998758e+02
 7.35642254e+02  4.63856910e+01  7.35642254e+02  1.79998749e+02
 7.41310241e+02  4.63856910e+01  7.41310241e+02  1.79998739e+02
 7.47021899e+02  4.63856910e+01  7.47021899e+02  1.79998730e+02
 7.52777564e+02  4.63856910e+01  7.52777564e+02  1.79998720e+02
 7.58577575e+02  4.63856910e+01  7.58577575e+02  1.79998710e+02
 7.64422274e+02  4.63856910e+01  7.64422274e+02  1.79998700e+02
 7.70312006e+02  4.63856910e+01  7.70312006e+02  1.79998690e+02
 7.76247117e+02  4.63856910e+01  7.76247117e+02  1.79998680e+02
 7.82227956e+02  4.63856910e+01  7.82227956e+02  1.79998670e+02
 7.88254877e+02  4.63856910e+01  7.88254877e+02  1.79998659e+02
 7.94328235e+02  4.63856910e+01  7.94328235e+02  1.79998649e+02
 8.00448386e+02  4.63856910e+01  8.00448386e+02  1.79998639e+02
 8.06615692e+02  4.63856910e+01  8.06615692e+02  1.79998628e+02
 8.12830516e+02  4.63856911e+01  8.12830516e+02  1.79998618e+02
 8.19093224e+02  4.63856911e+01  8.19093224e+02  1.79998607e+02
 8.25404185e+02  4.63856911e+01  8.25404185e+02  1.79998596e+02
 8.31763771e+02  4.63856911e+01  8.31763771e+02  1.79998585e+02
 8.38172356e+02  4.63856911e+01  8.38172356e+02  1.79998575e+02
 8.44630319e+02  4.63856911e+01  8.44630319e+02  1.79998564e+02
 8.51138038e+02  4.63856911e+01  8.51138038e+02  1.79998552e+02
 8.57695899e+02  4.63856911e+01  8.57695899e+02  1.79998541e+02
 8.64304286e+02  4.63856911e+01  8.64304286e+02  1.79998530e+02
 8.70963590e+02  4.63856911e+01  8.70963590e+02  1.79998519e+02
 8.77674203e+02  4.63856911e+01  8.77674203e+02  1.79998507e+02
 8.84436519e+02  4.63856912e+01  8.84436519e+02  1.79998496e+02
 8.91250938e+02  4.63856912e+01  8.91250938e+02  1.79998484e+02
 8.98117861e+02  4.63856912e+01  8.98117861e+02  1.79998473e+02
 9.05037692e+02  4.63856912e+01  9.05037692e+02  1.79998461e+02
 9.12010839e+02  4.63856912e+01  9.12010839e+02  1.79998449e+02
 9.19037713e+02  4.63856912e+01  9.19037713e+02  1.79998437e+02
 9.26118728e+02  4.63856912e+01  9.26118728e+02  1.79998425e+02
 9.33254301e+02  4.63856912e+01  9.33254301e+02  1.79998413e+02
 9.40444852e+02  4.63856912e+01  9.40444852e+02  1.79998401e+02
 9.47690805e+02  4.63856912e+01  9.47690805e+02  1.79998388e+02
 9.54992586e+02  4.63856913e+01  9.54992586e+02  1.79998376e+02
 9.62350626e+02  4.63856913e+01  9.62350626e+02  1.79998363e+02
 9.69765359e+02  4.63856913e+01  9.69765359e+02  1.79998351e+02
 9.77237221e+02  4.63856913e+01  9.77237221e+02  1.79998338e+02
 9.84766652e+02  4.63856913e+01  9.84766652e+02  1.79998325e+02
 9.92354096e+02  4.63856913e+01  9.92354096e+02  1.79998312e+02
 1.00000000e+03  4.63856913e+01  1.00000000e+03  1.79998299e+02
 1.00770481e+03  4.63856913e+01  1.00770481e+03  1.79998286e+02
 1.01546899e+03  4.63856913e+01  1.01546899e+03  1.79998273e+02
 1.02329299e+03  4.63856914e+01  1.02329299e+03  1.79998260e+02
 1.03117727e+03  4.63856914e+01  1.03117727e+03  1.79998246e+02
 1.03912230e+03  4.63856914e+01  1.03912230e+03  1.79998233e+02
 1.04712855e+03  4.63856914e+01  1.04712855e+03  1.79998219e+02
 1.05519648e+03  4.63856914e+01  1.05519648e+03  1.79998205e+02
 1.06332657e+03  4.63856914e+01  1.06332657e+03  1.79998192e+02
 1.07151931e+03  4.63856914e+01  1.07151931e+03  1.79998178e+02
 1.07977516e+03  4.63856914e+01  1.07977516e+03  1.79998164e+02
 1.08809463e+03  4.63856915e+01  1.08809463e+03  1.79998149e+02
 1.09647820e+03  4.63856915e+01  1.09647820e+03  1.79998135e+02
 1.10492636e+03  4.63856915e+01  1.10492636e+03  1.79998121e+02
 1.11343961e+03  4.63856915e+01  1.11343961e+03  1.79998106e+02
 1.12201845e+03  4.63856915e+01  1.12201845e+03  1.79998092e+02
 1.13066340e+03  4.63856915e+01  1.13066340e+03  1.79998077e+02
 1.13937495e+03  4.63856916e+01  1.13937495e+03  1.79998062e+02
 1.14815362e+03  4.63856916e+01  1.14815362e+03  1.79998047e+02
 1.15699993e+03  4.63856916e+01  1.15699993e+03  1.79998032e+02
 1.16591440e+03  4.63856916e+01  1.16591440e+03  1.79998017e+02
 1.17489755e+03  4.63856916e+01  1.17489755e+03  1.79998002e+02
 1.18394992e+03  4.63856916e+01  1.18394992e+03  1.79997986e+02
 1.19307204e+03  4.63856916e+01  1.19307204e+03  1.79997971e+02
 1.20226443e+03  4.63856917e+01  1.20226443e+03  1.79997955e+02
 1.21152766e+03  4.63856917e+01  1.21152766e+03  1.79997940e+02
 1.22086225e+03  4.63856917e+01  1.22086225e+03  1.79997924e+02
 1.23026877e+03  4.63856917e+01  1.23026877e+03  1.79997908e+02
 1.23974776e+03  4.63856917e+01  1.23974776e+03  1.79997892e+02
 1.24929979e+03  4.63856918e+01  1.24929979e+03  1.79997875e+02
 1.25892541e+03  4.63856918e+01  1.25892541e+03  1.79997859e+02
 1.26862520e+03  4.63856918e+01  1.26862520e+03  1.79997842e+02
 1.27839972e+03  4.63856918e+01  1.27839972e+03  1.79997826e+02
 1.28824955e+03  4.63856918e+01  1.28824955e+03  1.79997809e+02
 1.29817528e+03  4.63856918e+01  1.29817528e+03  1.79997792e+02
 1.30817747e+03  4.63856919e+01  1.30817747e+03  1.79997775e+02
 1.31825674e+03  4.63856919e+01  1.31825674e+03  1.79997758e+02
 1.32841366e+03  4.63856919e+01  1.32841366e+03  1.79997741e+02
 1.33864884e+03  4.63856919e+01  1.33864884e+03  1.79997723e+02
 1.34896288e+03  4.63856920e+01  1.34896288e+03  1.79997706e+02
 1.35935639e+03  4.63856920e+01  1.35935639e+03  1.79997688e+02
 1.36982998e+03  4.63856920e+01  1.36982998e+03  1.79997670e+02
 1.38038426e+03  4.63856920e+01  1.38038426e+03  1.79997652e+02
 1.39101987e+03  4.63856920e+01  1.39101987e+03  1.79997634e+02
 1.40173742e+03  4.63856921e+01  1.40173742e+03  1.79997616e+02
 1.41253754e+03  4.63856921e+01  1.41253754e+03  1.79997598e+02
 1.42342088e+03  4.63856921e+01  1.42342088e+03  1.79997579e+02
 1.43438808e+03  4.63856921e+01  1.43438808e+03  1.79997561e+02
 1.44543977e+03  4.63856922e+01  1.44543977e+03  1.79997542e+02
 1.45657662e+03  4.63856922e+01  1.45657662e+03  1.79997523e+02
 1.46779927e+03  4.63856922e+01  1.46779927e+03  1.79997504e+02
 1.47910839e+03  4.63856922e+01  1.47910839e+03  1.79997484e+02
 1.49050464e+03  4.63856923e+01  1.49050464e+03  1.79997465e+02
 1.50198870e+03  4.63856923e+01  1.50198870e+03  1.79997446e+02
 1.51356125e+03  4.63856923e+01  1.51356125e+03  1.79997426e+02
 1.52522296e+03  4.63856923e+01  1.52522296e+03  1.79997406e+02
 1.53697452e+03  4.63856924e+01  1.53697452e+03  1.79997386e+02
 1.54881662e+03  4.63856924e+01  1.54881662e+03  1.79997366e+02
 1.56074996e+03  4.63856924e+01  1.56074996e+03  1.79997346e+02
 1.57277525e+03  4.63856925e+01  1.57277525e+03  1.79997325e+02
 1.58489319e+03  4.63856925e+01  1.58489319e+03  1.79997305e+02
 1.59710450e+03  4.63856925e+01  1.59710450e+03  1.79997284e+02
 1.60940989e+03  4.63856926e+01  1.60940989e+03  1.79997263e+02
 1.62181010e+03  4.63856926e+01  1.62181010e+03  1.79997242e+02
 1.63430584e+03  4.63856926e+01  1.63430584e+03  1.79997221e+02
 1.64689787e+03  4.63856926e+01  1.64689787e+03  1.79997199e+02
 1.65958691e+03  4.63856927e+01  1.65958691e+03  1.79997178e+02
 1.67237372e+03  4.63856927e+01  1.67237372e+03  1.79997156e+02
 1.68525904e+03  4.63856927e+01  1.68525904e+03  1.79997134e+02
 1.69824365e+03  4.63856928e+01  1.69824365e+03  1.79997112e+02
 1.71132830e+03  4.63856928e+01  1.71132830e+03  1.79997090e+02
 1.72451377e+03  4.63856928e+01  1.72451377e+03  1.79997067e+02
 1.73780083e+03  4.63856929e+01  1.73780083e+03  1.79997045e+02
 1.75119026e+03  4.63856929e+01  1.75119026e+03  1.79997022e+02
 1.76468286e+03  4.63856930e+01  1.76468286e+03  1.79996999e+02
 1.77827941e+03  4.63856930e+01  1.77827941e+03  1.79996976e+02
 1.79198072e+03  4.63856930e+01  1.79198072e+03  1.79996952e+02
 1.80578760e+03  4.63856931e+01  1.80578760e+03  1.79996929e+02
 1.81970086e+03  4.63856931e+01  1.81970086e+03  1.79996905e+02
 1.83372132e+03  4.63856931e+01  1.83372132e+03  1.79996881e+02
 1.84784980e+03  4.63856932e+01  1.84784980e+03  1.79996857e+02
 1.86208714e+03  4.63856932e+01  1.86208714e+03  1.79996833e+02
 1.87643417e+03  4.63856933e+01  1.87643417e+03  1.79996809e+02
 1.89089175e+03  4.63856933e+01  1.89089175e+03  1.79996784e+02
 1.90546072e+03  4.63856934e+01  1.90546072e+03  1.79996759e+02
 1.92014194e+03  4.63856934e+01  1.92014194e+03  1.79996734e+02
 1.93493628e+03  4.63856934e+01  1.93493628e+03  1.79996709e+02
 1.94984460e+03  4.63856935e+01  1.94984460e+03  1.79996684e+02
 1.96486779e+03  4.63856935e+01  1.96486779e+03  1.79996658e+02
 1.98000673e+03  4.63856936e+01  1.98000673e+03  1.79996633e+02
 1.99526231e+03  4.63856936e+01  1.99526231e+03  1.79996607e+02
 2.01063544e+03  4.63856937e+01  2.01063544e+03  1.79996581e+02
 2.02612701e+03  4.63856937e+01  2.02612701e+03  1.79996554e+02
 2.04173794e+03  4.63856938e+01  2.04173794e+03  1.79996528e+02
 2.05746916e+03  4.63856938e+01  2.05746916e+03  1.79996501e+02
 2.07332157e+03  4.63856939e+01  2.07332157e+03  1.79996474e+02
 2.08929613e+03  4.63856939e+01  2.08929613e+03  1.79996447e+02
 2.10539377e+03  4.63856940e+01  2.10539377e+03  1.79996419e+02
 2.12161544e+03  4.63856940e+01  2.12161544e+03  1.79996392e+02
 2.13796209e+03  4.63856941e+01  2.13796209e+03  1.79996364e+02
 2.15443469e+03  4.63856941e+01  2.15443469e+03  1.79996336e+02
 2.17103421e+03  4.63856942e+01  2.17103421e+03  1.79996308e+02
 2.18776162e+03  4.63856943e+01  2.18776162e+03  1.79996279e+02
 2.20461792e+03  4.63856943e+01  2.20461792e+03  1.79996251e+02
 2.22160409e+03  4.63856944e+01  2.22160409e+03  1.79996222e+02
 2.23872114e+03  4.63856944e+01  2.23872114e+03  1.79996193e+02
 2.25597007e+03  4.63856945e+01  2.25597007e+03  1.79996163e+02
 2.27335190e+03  4.63856945e+01  2.27335190e+03  1.79996134e+02
 2.29086765e+03  4.63856946e+01  2.29086765e+03  1.79996104e+02
 2.30851836e+03  4.63856947e+01  2.30851836e+03  1.79996074e+02
 2.32630507e+03  4.63856947e+01  2.32630507e+03  1.79996044e+02
 2.34422882e+03  4.63856948e+01  2.34422882e+03  1.79996013e+02
 2.36229066e+03  4.63856949e+01  2.36229066e+03  1.79995982e+02
 2.38049167e+03  4.63856949e+01  2.38049167e+03  1.79995952e+02
 2.39883292e+03  4.63856950e+01  2.39883292e+03  1.79995920e+02
 2.41731548e+03  4.63856951e+01  2.41731548e+03  1.79995889e+02
 2.43594045e+03  4.63856951e+01  2.43594045e+03  1.79995857e+02
 2.45470892e+03  4.63856952e+01  2.45470892e+03  1.79995825e+02
 2.47362199e+03  4.63856953e+01  2.47362199e+03  1.79995793e+02
 2.49268079e+03  4.63856954e+01  2.49268079e+03  1.79995761e+02
 2.51188643e+03  4.63856954e+01  2.51188643e+03  1.79995728e+02
 2.53124005e+03  4.63856955e+01  2.53124005e+03  1.79995695e+02
 2.55074278e+03  4.63856956e+01  2.55074278e+03  1.79995662e+02
 2.57039578e+03  4.63856957e+01  2.57039578e+03  1.79995629e+02
 2.59020020e+03  4.63856957e+01  2.59020020e+03  1.79995595e+02
 2.61015722e+03  4.63856958e+01  2.61015722e+03  1.79995561e+02
 2.63026799e+03  4.63856959e+01  2.63026799e+03  1.79995527e+02
 2.65053372e+03  4.63856960e+01  2.65053372e+03  1.79995492e+02
 2.67095559e+03  4.63856961e+01  2.67095559e+03  1.79995458e+02
 2.69153480e+03  4.63856962e+01  2.69153480e+03  1.79995423e+02
 2.71227258e+03  4.63856962e+01  2.71227258e+03  1.79995387e+02
 2.73317014e+03  4.63856963e+01  2.73317014e+03  1.79995352e+02
 2.75422870e+03  4.63856964e+01  2.75422870e+03  1.79995316e+02
 2.77544952e+03  4.63856965e+01  2.77544952e+03  1.79995280e+02
 2.79683385e+03  4.63856966e+01  2.79683385e+03  1.79995243e+02
 2.81838293e+03  4.63856967e+01  2.81838293e+03  1.79995207e+02
 2.84009805e+03  4.63856968e+01  2.84009805e+03  1.79995170e+02
 2.86198048e+03  4.63856969e+01  2.86198048e+03  1.79995133e+02
 2.88403150e+03  4.63856970e+01  2.88403150e+03  1.79995095e+02
 2.90625243e+03  4.63856971e+01  2.90625243e+03  1.79995057e+02
 2.92864456e+03  4.63856972e+01  2.92864456e+03  1.79995019e+02
 2.95120923e+03  4.63856973e+01  2.95120923e+03  1.79994981e+02
 2.97394775e+03  4.63856974e+01  2.97394775e+03  1.79994942e+02
 2.99686146e+03  4.63856975e+01  2.99686146e+03  1.79994903e+02
 3.01995172e+03  4.63856976e+01  3.01995172e+03  1.79994864e+02
 3.04321989e+03  4.63856977e+01  3.04321989e+03  1.79994824e+02
 3.06666733e+03  4.63856978e+01  3.06666733e+03  1.79994785e+02
 3.09029543e+03  4.63856979e+01  3.09029543e+03  1.79994744e+02
 3.11410558e+03  4.63856981e+01  3.11410558e+03  1.79994704e+02
 3.13809919e+03  4.63856982e+01  3.13809919e+03  1.79994663e+02
 3.16227766e+03  4.63856983e+01  3.16227766e+03  1.79994622e+02
 3.18664242e+03  4.63856984e+01  3.18664242e+03  1.79994580e+02
 3.21119491e+03  4.63856985e+01  3.21119491e+03  1.79994539e+02
 3.23593657e+03  4.63856987e+01  3.23593657e+03  1.79994497e+02
 3.26086886e+03  4.63856988e+01  3.26086886e+03  1.79994454e+02
 3.28599325e+03  4.63856989e+01  3.28599325e+03  1.79994412e+02
 3.31131121e+03  4.63856990e+01  3.31131121e+03  1.79994368e+02
 3.33682425e+03  4.63856992e+01  3.33682425e+03  1.79994325e+02
 3.36253386e+03  4.63856993e+01  3.36253386e+03  1.79994281e+02
 3.38844156e+03  4.63856994e+01  3.38844156e+03  1.79994237e+02
 3.41454887e+03  4.63856996e+01  3.41454887e+03  1.79994193e+02
 3.44085734e+03  4.63856997e+01  3.44085734e+03  1.79994148e+02
 3.46736850e+03  4.63856999e+01  3.46736850e+03  1.79994103e+02
 3.49408393e+03  4.63857000e+01  3.49408393e+03  1.79994058e+02
 3.52100520e+03  4.63857001e+01  3.52100520e+03  1.79994012e+02
 3.54813389e+03  4.63857003e+01  3.54813389e+03  1.79993966e+02
 3.57547160e+03  4.63857004e+01  3.57547160e+03  1.79993919e+02
 3.60301995e+03  4.63857006e+01  3.60301995e+03  1.79993872e+02
 3.63078055e+03  4.63857007e+01  3.63078055e+03  1.79993825e+02
 3.65875504e+03  4.63857009e+01  3.65875504e+03  1.79993778e+02
 3.68694506e+03  4.63857011e+01  3.68694506e+03  1.79993730e+02
 3.71535229e+03  4.63857012e+01  3.71535229e+03  1.79993681e+02
 3.74397839e+03  4.63857014e+01  3.74397839e+03  1.79993633e+02
 3.77282505e+03  4.63857016e+01  3.77282505e+03  1.79993584e+02
 3.80189396e+03  4.63857017e+01  3.80189396e+03  1.79993534e+02
 3.83118685e+03  4.63857019e+01  3.83118685e+03  1.79993484e+02
 3.86070543e+03  4.63857021e+01  3.86070543e+03  1.79993434e+02
 3.89045145e+03  4.63857023e+01  3.89045145e+03  1.79993384e+02
 3.92042666e+03  4.63857024e+01  3.92042666e+03  1.79993333e+02
 3.95063281e+03  4.63857026e+01  3.95063281e+03  1.79993281e+02
 3.98107171e+03  4.63857028e+01  3.98107171e+03  1.79993229e+02
 4.01174512e+03  4.63857030e+01  4.01174512e+03  1.79993177e+02
 4.04265487e+03  4.63857032e+01  4.04265487e+03  1.79993125e+02
 4.07380278e+03  4.63857034e+01  4.07380278e+03  1.79993072e+02
 4.10519067e+03  4.63857036e+01  4.10519067e+03  1.79993018e+02
 4.13682040e+03  4.63857038e+01  4.13682040e+03  1.79992965e+02
 4.16869383e+03  4.63857040e+01  4.16869383e+03  1.79992910e+02
 4.20081285e+03  4.63857042e+01  4.20081285e+03  1.79992856e+02
 4.23317933e+03  4.63857044e+01  4.23317933e+03  1.79992801e+02
 4.26579519e+03  4.63857046e+01  4.26579519e+03  1.79992745e+02
 4.29866235e+03  4.63857048e+01  4.29866235e+03  1.79992689e+02
 4.33178274e+03  4.63857051e+01  4.33178274e+03  1.79992633e+02
 4.36515832e+03  4.63857053e+01  4.36515832e+03  1.79992576e+02
 4.39879106e+03  4.63857055e+01  4.39879106e+03  1.79992519e+02
 4.43268292e+03  4.63857058e+01  4.43268292e+03  1.79992461e+02
 4.46683592e+03  4.63857060e+01  4.46683592e+03  1.79992403e+02
 4.50125206e+03  4.63857062e+01  4.50125206e+03  1.79992345e+02
 4.53593337e+03  4.63857065e+01  4.53593337e+03  1.79992286e+02
 4.57088190e+03  4.63857067e+01  4.57088190e+03  1.79992226e+02
 4.60609969e+03  4.63857070e+01  4.60609969e+03  1.79992166e+02
 4.64158883e+03  4.63857072e+01  4.64158883e+03  1.79992106e+02
 4.67735141e+03  4.63857075e+01  4.67735141e+03  1.79992045e+02
 4.71338954e+03  4.63857077e+01  4.71338954e+03  1.79991984e+02
 4.74970533e+03  4.63857080e+01  4.74970533e+03  1.79991922e+02
 4.78630092e+03  4.63857083e+01  4.78630092e+03  1.79991860e+02
 4.82317848e+03  4.63857086e+01  4.82317848e+03  1.79991797e+02
 4.86034018e+03  4.63857088e+01  4.86034018e+03  1.79991734e+02
 4.89778819e+03  4.63857091e+01  4.89778819e+03  1.79991670e+02
 4.93552474e+03  4.63857094e+01  4.93552474e+03  1.79991606e+02
 4.97355204e+03  4.63857097e+01  4.97355204e+03  1.79991541e+02
 5.01187234e+03  4.63857100e+01  5.01187234e+03  1.79991476e+02
 5.05048788e+03  4.63857103e+01  5.05048788e+03  1.79991411e+02
 5.08940095e+03  4.63857106e+01  5.08940095e+03  1.79991344e+02
 5.12861384e+03  4.63857109e+01  5.12861384e+03  1.79991278e+02
 5.16812886e+03  4.63857112e+01  5.16812886e+03  1.79991211e+02
 5.20794833e+03  4.63857115e+01  5.20794833e+03  1.79991143e+02
 5.24807460e+03  4.63857119e+01  5.24807460e+03  1.79991075e+02
 5.28851004e+03  4.63857122e+01  5.28851004e+03  1.79991006e+02
 5.32925703e+03  4.63857125e+01  5.32925703e+03  1.79990937e+02
 5.37031796e+03  4.63857129e+01  5.37031796e+03  1.79990867e+02
 5.41169527e+03  4.63857132e+01  5.41169527e+03  1.79990796e+02
 5.45339137e+03  4.63857136e+01  5.45339137e+03  1.79990725e+02
 5.49540874e+03  4.63857139e+01  5.49540874e+03  1.79990654e+02
 5.53774984e+03  4.63857143e+01  5.53774984e+03  1.79990582e+02
 5.58041717e+03  4.63857147e+01  5.58041717e+03  1.79990509e+02
 5.62341325e+03  4.63857150e+01  5.62341325e+03  1.79990436e+02
 5.66674061e+03  4.63857154e+01  5.66674061e+03  1.79990363e+02
 5.71040179e+03  4.63857158e+01  5.71040179e+03  1.79990288e+02
 5.75439937e+03  4.63857162e+01  5.75439937e+03  1.79990213e+02
 5.79873595e+03  4.63857166e+01  5.79873595e+03  1.79990138e+02
 5.84341413e+03  4.63857170e+01  5.84341413e+03  1.79990062e+02
 5.88843655e+03  4.63857174e+01  5.88843655e+03  1.79989986e+02
 5.93380586e+03  4.63857178e+01  5.93380586e+03  1.79989908e+02
 5.97952473e+03  4.63857182e+01  5.97952473e+03  1.79989831e+02
 6.02559586e+03  4.63857187e+01  6.02559586e+03  1.79989752e+02
 6.07202196e+03  4.63857191e+01  6.07202196e+03  1.79989673e+02
 6.11880576e+03  4.63857195e+01  6.11880576e+03  1.79989594e+02
 6.16595002e+03  4.63857200e+01  6.16595002e+03  1.79989514e+02
 6.21345752e+03  4.63857204e+01  6.21345752e+03  1.79989433e+02
 6.26133105e+03  4.63857209e+01  6.26133105e+03  1.79989351e+02
 6.30957344e+03  4.63857214e+01  6.30957344e+03  1.79989269e+02
 6.35818754e+03  4.63857218e+01  6.35818754e+03  1.79989187e+02
 6.40717619e+03  4.63857223e+01  6.40717619e+03  1.79989103e+02
 6.45654229e+03  4.63857228e+01  6.45654229e+03  1.79989019e+02
 6.50628875e+03  4.63857233e+01  6.50628875e+03  1.79988935e+02
 6.55641849e+03  4.63857238e+01  6.55641849e+03  1.79988849e+02
 6.60693448e+03  4.63857243e+01  6.60693448e+03  1.79988764e+02
 6.65783968e+03  4.63857249e+01  6.65783968e+03  1.79988677e+02
 6.70913710e+03  4.63857254e+01  6.70913710e+03  1.79988590e+02
 6.76082975e+03  4.63857259e+01  6.76082975e+03  1.79988502e+02
 6.81292069e+03  4.63857265e+01  6.81292069e+03  1.79988413e+02
 6.86541298e+03  4.63857270e+01  6.86541298e+03  1.79988324e+02
 6.91830971e+03  4.63857276e+01  6.91830971e+03  1.79988234e+02
 6.97161400e+03  4.63857282e+01  6.97161400e+03  1.79988143e+02
 7.02532899e+03  4.63857288e+01  7.02532899e+03  1.79988052e+02
 7.07945784e+03  4.63857293e+01  7.07945784e+03  1.79987960e+02
 7.13400375e+03  4.63857299e+01  7.13400375e+03  1.79987867e+02
 7.18896992e+03  4.63857306e+01  7.18896992e+03  1.79987774e+02
 7.24435960e+03  4.63857312e+01  7.24435960e+03  1.79987679e+02
 7.30017605e+03  4.63857318e+01  7.30017605e+03  1.79987585e+02
 7.35642254e+03  4.63857324e+01  7.35642254e+03  1.79987489e+02
 7.41310241e+03  4.63857331e+01  7.41310241e+03  1.79987392e+02
 7.47021899e+03  4.63857337e+01  7.47021899e+03  1.79987295e+02
 7.52777564e+03  4.63857344e+01  7.52777564e+03  1.79987197e+02
 7.58577575e+03  4.63857351e+01  7.58577575e+03  1.79987099e+02
 7.64422274e+03  4.63857358e+01  7.64422274e+03  1.79986999e+02
 7.70312006e+03  4.63857365e+01  7.70312006e+03  1.79986899e+02
 7.76247117e+03  4.63857372e+01  7.76247117e+03  1.79986798e+02
 7.82227956e+03  4.63857379e+01  7.82227956e+03  1.79986697e+02
 7.88254877e+03  4.63857386e+01  7.88254877e+03  1.79986594e+02
 7.94328235e+03  4.63857394e+01  7.94328235e+03  1.79986491e+02
 8.00448386e+03  4.63857401e+01  8.00448386e+03  1.79986387e+02
 8.06615692e+03  4.63857409e+01  8.06615692e+03  1.79986282e+02
 8.12830516e+03  4.63857417e+01  8.12830516e+03  1.79986176e+02
 8.19093224e+03  4.63857425e+01  8.19093224e+03  1.79986070e+02
 8.25404185e+03  4.63857433e+01  8.25404185e+03  1.79985962e+02
 8.31763771e+03  4.63857441e+01  8.31763771e+03  1.79985854e+02
 8.38172356e+03  4.63857449e+01  8.38172356e+03  1.79985745e+02
 8.44630319e+03  4.63857458e+01  8.44630319e+03  1.79985635e+02
 8.51138038e+03  4.63857466e+01  8.51138038e+03  1.79985525e+02
 8.57695899e+03  4.63857475e+01  8.57695899e+03  1.79985413e+02
 8.64304286e+03  4.63857484e+01  8.64304286e+03  1.79985301e+02
 8.70963590e+03  4.63857493e+01  8.70963590e+03  1.79985187e+02
 8.77674203e+03  4.63857502e+01  8.77674203e+03  1.79985073e+02
 8.84436519e+03  4.63857511e+01  8.84436519e+03  1.79984958e+02
 8.91250938e+03  4.63857520e+01  8.91250938e+03  1.79984842e+02
 8.98117861e+03  4.63857530e+01  8.98117861e+03  1.79984726e+02
 9.05037692e+03  4.63857540e+01  9.05037692e+03  1.79984608e+02
 9.12010839e+03  4.63857549e+01  9.12010839e+03  1.79984489e+02
 9.19037713e+03  4.63857559e+01  9.19037713e+03  1.79984370e+02
 9.26118728e+03  4.63857569e+01  9.26118728e+03  1.79984249e+02
 9.33254301e+03  4.63857580e+01  9.33254301e+03  1.79984128e+02
 9.40444852e+03  4.63857590e+01  9.40444852e+03  1.79984006e+02
 9.47690805e+03  4.63857601e+01  9.47690805e+03  1.79983882e+02
 9.54992586e+03  4.63857611e+01  9.54992586e+03  1.79983758e+02
 9.62350626e+03  4.63857622e+01  9.62350626e+03  1.79983633e+02
 9.69765359e+03  4.63857633e+01  9.69765359e+03  1.79983507e+02
 9.77237221e+03  4.63857645e+01  9.77237221e+03  1.79983380e+02
 9.84766652e+03  4.63857656e+01  9.84766652e+03  1.79983252e+02
 9.92354096e+03  4.63857668e+01  9.92354096e+03  1.79983123e+02
 1.00000000e+04  4.63857680e+01  1.00000000e+04  1.79982993e+02
 1.00770481e+04  4.63857692e+01  1.00770481e+04  1.79982862e+02
 1.01546899e+04  4.63857704e+01  1.01546899e+04  1.79982730e+02
 1.02329299e+04  4.63857716e+01  1.02329299e+04  1.79982597e+02
 1.03117727e+04  4.63857729e+01  1.03117727e+04  1.79982463e+02
 1.03912230e+04  4.63857741e+01  1.03912230e+04  1.79982327e+02
 1.04712855e+04  4.63857754e+01  1.04712855e+04  1.79982191e+02
 1.05519648e+04  4.63857767e+01  1.05519648e+04  1.79982054e+02
 1.06332657e+04  4.63857781e+01  1.06332657e+04  1.79981916e+02
 1.07151931e+04  4.63857794e+01  1.07151931e+04  1.79981776e+02
 1.07977516e+04  4.63857808e+01  1.07977516e+04  1.79981636e+02
 1.08809463e+04  4.63857822e+01  1.08809463e+04  1.79981495e+02
 1.09647820e+04  4.63857836e+01  1.09647820e+04  1.79981352e+02
 1.10492636e+04  4.63857851e+01  1.10492636e+04  1.79981208e+02
 1.11343961e+04  4.63857865e+01  1.11343961e+04  1.79981063e+02
 1.12201845e+04  4.63857880e+01  1.12201845e+04  1.79980918e+02
 1.13066340e+04  4.63857895e+01  1.13066340e+04  1.79980771e+02
 1.13937495e+04  4.63857910e+01  1.13937495e+04  1.79980622e+02
 1.14815362e+04  4.63857926e+01  1.14815362e+04  1.79980473e+02
 1.15699993e+04  4.63857942e+01  1.15699993e+04  1.79980323e+02
 1.16591440e+04  4.63857958e+01  1.16591440e+04  1.79980171e+02
 1.17489755e+04  4.63857974e+01  1.17489755e+04  1.79980018e+02
 1.18394992e+04  4.63857991e+01  1.18394992e+04  1.79979864e+02
 1.19307204e+04  4.63858007e+01  1.19307204e+04  1.79979709e+02
 1.20226443e+04  4.63858024e+01  1.20226443e+04  1.79979553e+02
 1.21152766e+04  4.63858042e+01  1.21152766e+04  1.79979395e+02
 1.22086225e+04  4.63858059e+01  1.22086225e+04  1.79979236e+02
 1.23026877e+04  4.63858077e+01  1.23026877e+04  1.79979076e+02
 1.23974776e+04  4.63858095e+01  1.23974776e+04  1.79978915e+02
 1.24929979e+04  4.63858114e+01  1.24929979e+04  1.79978753e+02
 1.25892541e+04  4.63858132e+01  1.25892541e+04  1.79978589e+02
 1.26862520e+04  4.63858151e+01  1.26862520e+04  1.79978424e+02
 1.27839972e+04  4.63858171e+01  1.27839972e+04  1.79978258e+02
 1.28824955e+04  4.63858190e+01  1.28824955e+04  1.79978090e+02
 1.29817528e+04  4.63858210e+01  1.29817528e+04  1.79977921e+02
 1.30817747e+04  4.63858230e+01  1.30817747e+04  1.79977751e+02
 1.31825674e+04  4.63858251e+01  1.31825674e+04  1.79977580e+02
 1.32841366e+04  4.63858272e+01  1.32841366e+04  1.79977407e+02
 1.33864884e+04  4.63858293e+01  1.33864884e+04  1.79977233e+02
 1.34896288e+04  4.63858314e+01  1.34896288e+04  1.79977058e+02
 1.35935639e+04  4.63858336e+01  1.35935639e+04  1.79976881e+02
 1.36982998e+04  4.63858358e+01  1.36982998e+04  1.79976703e+02
 1.38038426e+04  4.63858380e+01  1.38038426e+04  1.79976523e+02
 1.39101987e+04  4.63858403e+01  1.39101987e+04  1.79976342e+02
 1.40173742e+04  4.63858426e+01  1.40173742e+04  1.79976160e+02
 1.41253754e+04  4.63858450e+01  1.41253754e+04  1.79975976e+02
 1.42342088e+04  4.63858474e+01  1.42342088e+04  1.79975791e+02
 1.43438808e+04  4.63858498e+01  1.43438808e+04  1.79975605e+02
 1.44543977e+04  4.63858523e+01  1.44543977e+04  1.79975417e+02
 1.45657662e+04  4.63858548e+01  1.45657662e+04  1.79975227e+02
 1.46779927e+04  4.63858573e+01  1.46779927e+04  1.79975036e+02
 1.47910839e+04  4.63858599e+01  1.47910839e+04  1.79974844e+02
 1.49050464e+04  4.63858625e+01  1.49050464e+04  1.79974650e+02
 1.50198870e+04  4.63858652e+01  1.50198870e+04  1.79974455e+02
 1.51356125e+04  4.63858679e+01  1.51356125e+04  1.79974258e+02
 1.52522296e+04  4.63858706e+01  1.52522296e+04  1.79974060e+02
 1.53697452e+04  4.63858734e+01  1.53697452e+04  1.79973860e+02
 1.54881662e+04  4.63858762e+01  1.54881662e+04  1.79973658e+02
 1.56074996e+04  4.63858791e+01  1.56074996e+04  1.79973455e+02
 1.57277525e+04  4.63858820e+01  1.57277525e+04  1.79973251e+02
 1.58489319e+04  4.63858850e+01  1.58489319e+04  1.79973045e+02
 1.59710450e+04  4.63858880e+01  1.59710450e+04  1.79972837e+02
 1.60940989e+04  4.63858911e+01  1.60940989e+04  1.79972628e+02
 1.62181010e+04  4.63858942e+01  1.62181010e+04  1.79972417e+02
 1.63430584e+04  4.63858973e+01  1.63430584e+04  1.79972204e+02
 1.64689787e+04  4.63859005e+01  1.64689787e+04  1.79971990e+02
 1.65958691e+04  4.63859037e+01  1.65958691e+04  1.79971774e+02
 1.67237372e+04  4.63859070e+01  1.67237372e+04  1.79971557e+02
 1.68525904e+04  4.63859104e+01  1.68525904e+04  1.79971338e+02
 1.69824365e+04  4.63859138e+01  1.69824365e+04  1.79971117e+02
 1.71132830e+04  4.63859173e+01  1.71132830e+04  1.79970894e+02
 1.72451377e+04  4.63859208e+01  1.72451377e+04  1.79970670e+02
 1.73780083e+04  4.63859243e+01  1.73780083e+04  1.79970444e+02
 1.75119026e+04  4.63859279e+01  1.75119026e+04  1.79970216e+02
 1.76468286e+04  4.63859316e+01  1.76468286e+04  1.79969987e+02
 1.77827941e+04  4.63859353e+01  1.77827941e+04  1.79969755e+02
 1.79198072e+04  4.63859391e+01  1.79198072e+04  1.79969522e+02
 1.80578760e+04  4.63859430e+01  1.80578760e+04  1.79969288e+02
 1.81970086e+04  4.63859469e+01  1.81970086e+04  1.79969051e+02
 1.83372132e+04  4.63859508e+01  1.83372132e+04  1.79968812e+02
 1.84784980e+04  4.63859549e+01  1.84784980e+04  1.79968572e+02
 1.86208714e+04  4.63859590e+01  1.86208714e+04  1.79968330e+02
 1.87643417e+04  4.63859631e+01  1.87643417e+04  1.79968086e+02
 1.89089175e+04  4.63859673e+01  1.89089175e+04  1.79967840e+02
 1.90546072e+04  4.63859716e+01  1.90546072e+04  1.79967592e+02
 1.92014194e+04  4.63859760e+01  1.92014194e+04  1.79967342e+02
 1.93493628e+04  4.63859804e+01  1.93493628e+04  1.79967091e+02
 1.94984460e+04  4.63859848e+01  1.94984460e+04  1.79966837e+02
 1.96486779e+04  4.63859894e+01  1.96486779e+04  1.79966582e+02
 1.98000673e+04  4.63859940e+01  1.98000673e+04  1.79966324e+02
 1.99526231e+04  4.63859987e+01  1.99526231e+04  1.79966065e+02
 2.01063544e+04  4.63860035e+01  2.01063544e+04  1.79965803e+02
 2.02612701e+04  4.63860083e+01  2.02612701e+04  1.79965540e+02
 2.04173794e+04  4.63860132e+01  2.04173794e+04  1.79965274e+02
 2.05746916e+04  4.63860182e+01  2.05746916e+04  1.79965007e+02
 2.07332157e+04  4.63860233e+01  2.07332157e+04  1.79964737e+02
 2.08929613e+04  4.63860285e+01  2.08929613e+04  1.79964465e+02
 2.10539377e+04  4.63860337e+01  2.10539377e+04  1.79964191e+02
 2.12161544e+04  4.63860390e+01  2.12161544e+04  1.79963915e+02
 2.13796209e+04  4.63860444e+01  2.13796209e+04  1.79963637e+02
 2.15443469e+04  4.63860498e+01  2.15443469e+04  1.79963357e+02
 2.17103421e+04  4.63860554e+01  2.17103421e+04  1.79963075e+02
 2.18776162e+04  4.63860610e+01  2.18776162e+04  1.79962790e+02
 2.20461792e+04  4.63860668e+01  2.20461792e+04  1.79962503e+02
 2.22160409e+04  4.63860726e+01  2.22160409e+04  1.79962214e+02
 2.23872114e+04  4.63860785e+01  2.23872114e+04  1.79961923e+02
 2.25597007e+04  4.63860845e+01  2.25597007e+04  1.79961630e+02
 2.27335190e+04  4.63860906e+01  2.27335190e+04  1.79961334e+02
 2.29086765e+04  4.63860968e+01  2.29086765e+04  1.79961036e+02
 2.30851836e+04  4.63861031e+01  2.30851836e+04  1.79960736e+02
 2.32630507e+04  4.63861095e+01  2.32630507e+04  1.79960433e+02
 2.34422882e+04  4.63861159e+01  2.34422882e+04  1.79960129e+02
 2.36229066e+04  4.63861225e+01  2.36229066e+04  1.79959821e+02
 2.38049167e+04  4.63861292e+01  2.38049167e+04  1.79959512e+02
 2.39883292e+04  4.63861360e+01  2.39883292e+04  1.79959200e+02
 2.41731548e+04  4.63861429e+01  2.41731548e+04  1.79958885e+02
 2.43594045e+04  4.63861499e+01  2.43594045e+04  1.79958568e+02
 2.45470892e+04  4.63861570e+01  2.45470892e+04  1.79958249e+02
 2.47362199e+04  4.63861642e+01  2.47362199e+04  1.79957927e+02
 2.49268079e+04  4.63861715e+01  2.49268079e+04  1.79957603e+02
 2.51188643e+04  4.63861790e+01  2.51188643e+04  1.79957276e+02
 2.53124005e+04  4.63861865e+01  2.53124005e+04  1.79956947e+02
 2.55074278e+04  4.63861942e+01  2.55074278e+04  1.79956615e+02
 2.57039578e+04  4.63862020e+01  2.57039578e+04  1.79956281e+02
 2.59020020e+04  4.63862099e+01  2.59020020e+04  1.79955944e+02
 2.61015722e+04  4.63862179e+01  2.61015722e+04  1.79955605e+02
 2.63026799e+04  4.63862261e+01  2.63026799e+04  1.79955262e+02
 2.65053372e+04  4.63862344e+01  2.65053372e+04  1.79954918e+02
 2.67095559e+04  4.63862428e+01  2.67095559e+04  1.79954570e+02
 2.69153480e+04  4.63862513e+01  2.69153480e+04  1.79954220e+02
 2.71227258e+04  4.63862600e+01  2.71227258e+04  1.79953867e+02
 2.73317014e+04  4.63862688e+01  2.73317014e+04  1.79953512e+02
 2.75422870e+04  4.63862778e+01  2.75422870e+04  1.79953154e+02
 2.77544952e+04  4.63862869e+01  2.77544952e+04  1.79952793e+02
 2.79683385e+04  4.63862961e+01  2.79683385e+04  1.79952429e+02
 2.81838293e+04  4.63863055e+01  2.81838293e+04  1.79952062e+02
 2.84009805e+04  4.63863150e+01  2.84009805e+04  1.79951693e+02
 2.86198048e+04  4.63863246e+01  2.86198048e+04  1.79951320e+02
 2.88403150e+04  4.63863344e+01  2.88403150e+04  1.79950945e+02
 2.90625243e+04  4.63863444e+01  2.90625243e+04  1.79950567e+02
 2.92864456e+04  4.63863545e+01  2.92864456e+04  1.79950186e+02
 2.95120923e+04  4.63863648e+01  2.95120923e+04  1.79949802e+02
 2.97394775e+04  4.63863752e+01  2.97394775e+04  1.79949415e+02
 2.99686146e+04  4.63863858e+01  2.99686146e+04  1.79949026e+02
 3.01995172e+04  4.63863965e+01  3.01995172e+04  1.79948633e+02
 3.04321989e+04  4.63864075e+01  3.04321989e+04  1.79948237e+02
 3.06666733e+04  4.63864186e+01  3.06666733e+04  1.79947838e+02
 3.09029543e+04  4.63864298e+01  3.09029543e+04  1.79947436e+02
 3.11410558e+04  4.63864413e+01  3.11410558e+04  1.79947031e+02
 3.13809919e+04  4.63864529e+01  3.13809919e+04  1.79946623e+02
 3.16227766e+04  4.63864647e+01  3.16227766e+04  1.79946211e+02
 3.18664242e+04  4.63864766e+01  3.18664242e+04  1.79945797e+02
 3.21119491e+04  4.63864888e+01  3.21119491e+04  1.79945379e+02
 3.23593657e+04  4.63865012e+01  3.23593657e+04  1.79944958e+02
 3.26086886e+04  4.63865137e+01  3.26086886e+04  1.79944534e+02
 3.28599325e+04  4.63865264e+01  3.28599325e+04  1.79944106e+02
 3.31131121e+04  4.63865394e+01  3.31131121e+04  1.79943675e+02
 3.33682425e+04  4.63865525e+01  3.33682425e+04  1.79943241e+02
 3.36253386e+04  4.63865658e+01  3.36253386e+04  1.79942804e+02
 3.38844156e+04  4.63865794e+01  3.38844156e+04  1.79942363e+02
 3.41454887e+04  4.63865931e+01  3.41454887e+04  1.79941919e+02
 3.44085734e+04  4.63866071e+01  3.44085734e+04  1.79941471e+02
 3.46736850e+04  4.63866212e+01  3.46736850e+04  1.79941020e+02
 3.49408393e+04  4.63866356e+01  3.49408393e+04  1.79940565e+02
 3.52100520e+04  4.63866503e+01  3.52100520e+04  1.79940107e+02
 3.54813389e+04  4.63866651e+01  3.54813389e+04  1.79939646e+02
 3.57547160e+04  4.63866802e+01  3.57547160e+04  1.79939180e+02
 3.60301995e+04  4.63866955e+01  3.60301995e+04  1.79938712e+02
 3.63078055e+04  4.63867111e+01  3.63078055e+04  1.79938239e+02
 3.65875504e+04  4.63867269e+01  3.65875504e+04  1.79937763e+02
 3.68694506e+04  4.63867429e+01  3.68694506e+04  1.79937283e+02
 3.71535229e+04  4.63867592e+01  3.71535229e+04  1.79936800e+02
 3.74397839e+04  4.63867757e+01  3.74397839e+04  1.79936313e+02
 3.77282505e+04  4.63867925e+01  3.77282505e+04  1.79935822e+02
 3.80189396e+04  4.63868095e+01  3.80189396e+04  1.79935327e+02
 3.83118685e+04  4.63868268e+01  3.83118685e+04  1.79934829e+02
 3.86070543e+04  4.63868444e+01  3.86070543e+04  1.79934326e+02
 3.89045145e+04  4.63868623e+01  3.89045145e+04  1.79933820e+02
 3.92042666e+04  4.63868804e+01  3.92042666e+04  1.79933310e+02
 3.95063281e+04  4.63868988e+01  3.95063281e+04  1.79932796e+02
 3.98107171e+04  4.63869175e+01  3.98107171e+04  1.79932278e+02
 4.01174512e+04  4.63869364e+01  4.01174512e+04  1.79931756e+02
 4.04265487e+04  4.63869557e+01  4.04265487e+04  1.79931230e+02
 4.07380278e+04  4.63869753e+01  4.07380278e+04  1.79930700e+02
 4.10519067e+04  4.63869952e+01  4.10519067e+04  1.79930165e+02
 4.13682040e+04  4.63870153e+01  4.13682040e+04  1.79929627e+02
 4.16869383e+04  4.63870359e+01  4.16869383e+04  1.79929085e+02
 4.20081285e+04  4.63870567e+01  4.20081285e+04  1.79928538e+02
 4.23317933e+04  4.63870778e+01  4.23317933e+04  1.79927987e+02
 4.26579519e+04  4.63870993e+01  4.26579519e+04  1.79927432e+02
 4.29866235e+04  4.63871211e+01  4.29866235e+04  1.79926872e+02
 4.33178274e+04  4.63871432e+01  4.33178274e+04  1.79926309e+02
 4.36515832e+04  4.63871657e+01  4.36515832e+04  1.79925741e+02
 4.39879106e+04  4.63871885e+01  4.39879106e+04  1.79925168e+02
 4.43268292e+04  4.63872116e+01  4.43268292e+04  1.79924591e+02
 4.46683592e+04  4.63872352e+01  4.46683592e+04  1.79924010e+02
 4.50125206e+04  4.63872591e+01  4.50125206e+04  1.79923424e+02
 4.53593337e+04  4.63872833e+01  4.53593337e+04  1.79922834e+02
 4.57088190e+04  4.63873080e+01  4.57088190e+04  1.79922239e+02
 4.60609969e+04  4.63873330e+01  4.60609969e+04  1.79921639e+02
 4.64158883e+04  4.63873584e+01  4.64158883e+04  1.79921035e+02
 4.67735141e+04  4.63873842e+01  4.67735141e+04  1.79920426e+02
 4.71338954e+04  4.63874104e+01  4.71338954e+04  1.79919813e+02
 4.74970533e+04  4.63874371e+01  4.74970533e+04  1.79919194e+02
 4.78630092e+04  4.63874641e+01  4.78630092e+04  1.79918571e+02
 4.82317848e+04  4.63874915e+01  4.82317848e+04  1.79917943e+02
 4.86034018e+04  4.63875193e+01  4.86034018e+04  1.79917311e+02
 4.89778819e+04  4.63875477e+01  4.89778819e+04  1.79916673e+02
 4.93552474e+04  4.63875764e+01  4.93552474e+04  1.79916031e+02
 4.97355204e+04  4.63876056e+01  4.97355204e+04  1.79915383e+02
 5.01187234e+04  4.63876352e+01  5.01187234e+04  1.79914731e+02
 5.05048788e+04  4.63876652e+01  5.05048788e+04  1.79914073e+02
 5.08940095e+04  4.63876958e+01  5.08940095e+04  1.79913411e+02
 5.12861384e+04  4.63877268e+01  5.12861384e+04  1.79912743e+02
 5.16812886e+04  4.63877583e+01  5.16812886e+04  1.79912070e+02
 5.20794833e+04  4.63877903e+01  5.20794833e+04  1.79911392e+02
 5.24807460e+04  4.63878228e+01  5.24807460e+04  1.79910709e+02
 5.28851004e+04  4.63878558e+01  5.28851004e+04  1.79910020e+02
 5.32925703e+04  4.63878893e+01  5.32925703e+04  1.79909326e+02
 5.37031796e+04  4.63879233e+01  5.37031796e+04  1.79908627e+02
 5.41169527e+04  4.63879579e+01  5.41169527e+04  1.79907923e+02
 5.45339137e+04  4.63879930e+01  5.45339137e+04  1.79907213e+02
 5.49540874e+04  4.63880286e+01  5.49540874e+04  1.79906497e+02
 5.53774984e+04  4.63880647e+01  5.53774984e+04  1.79905776e+02
 5.58041717e+04  4.63881015e+01  5.58041717e+04  1.79905049e+02
 5.62341325e+04  4.63881388e+01  5.62341325e+04  1.79904317e+02
 5.66674061e+04  4.63881766e+01  5.66674061e+04  1.79903579e+02
 5.71040179e+04  4.63882152e+01  5.71040179e+04  1.79902835e+02
 5.75439937e+04  4.63882541e+01  5.75439937e+04  1.79902086e+02
 5.79873595e+04  4.63882938e+01  5.79873595e+04  1.79901331e+02
 5.84341413e+04  4.63883341e+01  5.84341413e+04  1.79900570e+02
 5.88843655e+04  4.63883750e+01  5.88843655e+04  1.79899803e+02
 5.93380586e+04  4.63884166e+01  5.93380586e+04  1.79899030e+02
 5.97952473e+04  4.63884587e+01  5.97952473e+04  1.79898251e+02
 6.02559586e+04  4.63885015e+01  6.02559586e+04  1.79897466e+02
 6.07202196e+04  4.63885450e+01  6.07202196e+04  1.79896676e+02
 6.11880576e+04  4.63885892e+01  6.11880576e+04  1.79895879e+02
 6.16595002e+04  4.63886340e+01  6.16595002e+04  1.79895075e+02
 6.21345752e+04  4.63886796e+01  6.21345752e+04  1.79894266e+02
 6.26133105e+04  4.63887258e+01  6.26133105e+04  1.79893450e+02
 6.30957344e+04  4.63887728e+01  6.30957344e+04  1.79892628e+02
 6.35818754e+04  4.63888205e+01  6.35818754e+04  1.79891800e+02
 6.40717619e+04  4.63888689e+01  6.40717619e+04  1.79890965e+02
 6.45654229e+04  4.63889181e+01  6.45654229e+04  1.79890124e+02
 6.50628875e+04  4.63889681e+01  6.50628875e+04  1.79889277e+02
 6.55641849e+04  4.63890188e+01  6.55641849e+04  1.79888422e+02
 6.60693448e+04  4.63890702e+01  6.60693448e+04  1.79887562e+02
 6.65783968e+04  4.63891225e+01  6.65783968e+04  1.79886694e+02
 6.70913710e+04  4.63891755e+01  6.70913710e+04  1.79885820e+02
 6.76082975e+04  4.63892295e+01  6.76082975e+04  1.79884939e+02
 6.81292069e+04  4.63892843e+01  6.81292069e+04  1.79884051e+02
 6.86541298e+04  4.63893399e+01  6.86541298e+04  1.79883157e+02
 6.91830971e+04  4.63893963e+01  6.91830971e+04  1.79882255e+02
 6.97161400e+04  4.63894537e+01  6.97161400e+04  1.79881346e+02
 7.02532899e+04  4.63895119e+01  7.02532899e+04  1.79880431e+02
 7.07945784e+04  4.63895711e+01  7.07945784e+04  1.79879508e+02
 7.13400375e+04  4.63896310e+01  7.13400375e+04  1.79878578e+02
 7.18896992e+04  4.63896921e+01  7.18896992e+04  1.79877641e+02
 7.24435960e+04  4.63897539e+01  7.24435960e+04  1.79876697e+02
 7.30017605e+04  4.63898168e+01  7.30017605e+04  1.79875746e+02
 7.35642254e+04  4.63898806e+01  7.35642254e+04  1.79874787e+02
 7.41310241e+04  4.63899455e+01  7.41310241e+04  1.79873820e+02
 7.47021899e+04  4.63900113e+01  7.47021899e+04  1.79872846e+02
 7.52777564e+04  4.63900782e+01  7.52777564e+04  1.79871865e+02
 7.58577575e+04  4.63901460e+01  7.58577575e+04  1.79870876e+02
 7.64422274e+04  4.63902152e+01  7.64422274e+04  1.79869880e+02
 7.70312006e+04  4.63902850e+01  7.70312006e+04  1.79868875e+02
 7.76247117e+04  4.63903561e+01  7.76247117e+04  1.79867863e+02
 7.82227956e+04  4.63904283e+01  7.82227956e+04  1.79866843e+02
 7.88254877e+04  4.63905017e+01  7.88254877e+04  1.79865815e+02
 7.94328235e+04  4.63905761e+01  7.94328235e+04  1.79864779e+02
 8.00448386e+04  4.63906517e+01  8.00448386e+04  1.79863735e+02
 8.06615692e+04  4.63907284e+01  8.06615692e+04  1.79862683e+02
 8.12830516e+04  4.63908064e+01  8.12830516e+04  1.79861623e+02
 8.19093224e+04  4.63908855e+01  8.19093224e+04  1.79860555e+02
 8.25404185e+04  4.63909660e+01  8.25404185e+04  1.79859478e+02
 8.31763771e+04  4.63910475e+01  8.31763771e+04  1.79858393e+02
 8.38172356e+04  4.63911305e+01  8.38172356e+04  1.79857300e+02
 8.44630319e+04  4.63912147e+01  8.44630319e+04  1.79856198e+02
 8.51138038e+04  4.63913001e+01  8.51138038e+04  1.79855088e+02
 8.57695899e+04  4.63913868e+01  8.57695899e+04  1.79853969e+02
 8.64304286e+04  4.63914750e+01  8.64304286e+04  1.79852841e+02
 8.70963590e+04  4.63915646e+01  8.70963590e+04  1.79851705e+02
 8.77674203e+04  4.63916554e+01  8.77674203e+04  1.79850559e+02
 8.84436519e+04  4.63917477e+01  8.84436519e+04  1.79849405e+02
 8.91250938e+04  4.63918416e+01  8.91250938e+04  1.79848242e+02
 8.98117861e+04  4.63919366e+01  8.98117861e+04  1.79847070e+02
 9.05037692e+04  4.63920334e+01  9.05037692e+04  1.79845889e+02
 9.12010839e+04  4.63921316e+01  9.12010839e+04  1.79844698e+02
 9.19037713e+04  4.63922311e+01  9.19037713e+04  1.79843499e+02
 9.26118728e+04  4.63923324e+01  9.26118728e+04  1.79842290e+02
 9.33254301e+04  4.63924350e+01  9.33254301e+04  1.79841071e+02
 9.40444852e+04  4.63925396e+01  9.40444852e+04  1.79839844e+02
 9.47690805e+04  4.63926454e+01  9.47690805e+04  1.79838606e+02
 9.54992586e+04  4.63927532e+01  9.54992586e+04  1.79837359e+02
 9.62350626e+04  4.63928625e+01  9.62350626e+04  1.79836103e+02
 9.69765359e+04  4.63929734e+01  9.69765359e+04  1.79834836e+02
 9.77237221e+04  4.63930860e+01  9.77237221e+04  1.79833560e+02
 9.84766652e+04  4.63932006e+01  9.84766652e+04  1.79832274e+02
 9.92354096e+04  4.63933168e+01  9.92354096e+04  1.79830978e+02
 1.00000000e+05  4.63934350e+01  1.00000000e+05  1.79829672e+02
 1.00770481e+05  4.63935547e+01  1.00770481e+05  1.79828355e+02
 1.01546899e+05  4.63936765e+01  1.01546899e+05  1.79827029e+02
 1.02329299e+05  4.63937999e+01  1.02329299e+05  1.79825692e+02
 1.03117727e+05  4.63939254e+01  1.03117727e+05  1.79824344e+02
 1.03912230e+05  4.63940529e+01  1.03912230e+05  1.79822986e+02
 1.04712855e+05  4.63941824e+01  1.04712855e+05  1.79821618e+02
 1.05519648e+05  4.63943137e+01  1.05519648e+05  1.79820239e+02
 1.06332657e+05  4.63944472e+01  1.06332657e+05  1.79818849e+02
 1.07151931e+05  4.63945828e+01  1.07151931e+05  1.79817449e+02
 1.07977516e+05  4.63947205e+01  1.07977516e+05  1.79816037e+02
 1.08809463e+05  4.63948602e+01  1.08809463e+05  1.79814615e+02
 1.09647820e+05  4.63950020e+01  1.09647820e+05  1.79813181e+02
 1.10492636e+05  4.63951461e+01  1.10492636e+05  1.79811736e+02
 1.11343961e+05  4.63952924e+01  1.11343961e+05  1.79810280e+02
 1.12201845e+05  4.63954411e+01  1.12201845e+05  1.79808813e+02
 1.13066340e+05  4.63955920e+01  1.13066340e+05  1.79807334e+02
 1.13937495e+05  4.63957450e+01  1.13937495e+05  1.79805844e+02
 1.14815362e+05  4.63959010e+01  1.14815362e+05  1.79804342e+02
 1.15699993e+05  4.63960589e+01  1.15699993e+05  1.79802828e+02
 1.16591440e+05  4.63962195e+01  1.16591440e+05  1.79801303e+02
 1.17489755e+05  4.63963824e+01  1.17489755e+05  1.79799766e+02
 1.18394992e+05  4.63965479e+01  1.18394992e+05  1.79798216e+02
 1.19307204e+05  4.63967161e+01  1.19307204e+05  1.79796655e+02
 1.20226443e+05  4.63968867e+01  1.20226443e+05  1.79795081e+02
 1.21152766e+05  4.63970600e+01  1.21152766e+05  1.79793495e+02
 1.22086225e+05  4.63972359e+01  1.22086225e+05  1.79791897e+02
 1.23026877e+05  4.63974146e+01  1.23026877e+05  1.79790286e+02
 1.23974776e+05  4.63975959e+01  1.23974776e+05  1.79788663e+02
 1.24929979e+05  4.63977803e+01  1.24929979e+05  1.79787027e+02
 1.25892541e+05  4.63979676e+01  1.25892541e+05  1.79785378e+02
 1.26862520e+05  4.63981577e+01  1.26862520e+05  1.79783716e+02
 1.27839972e+05  4.63983508e+01  1.27839972e+05  1.79782042e+02
 1.28824955e+05  4.63985466e+01  1.28824955e+05  1.79780354e+02
 1.29817528e+05  4.63987454e+01  1.29817528e+05  1.79778653e+02
 1.30817747e+05  4.63989478e+01  1.30817747e+05  1.79776939e+02
 1.31825674e+05  4.63991527e+01  1.31825674e+05  1.79775211e+02
 1.32841366e+05  4.63993610e+01  1.32841366e+05  1.79773470e+02
 1.33864884e+05  4.63995729e+01  1.33864884e+05  1.79771715e+02
 1.34896288e+05  4.63997877e+01  1.34896288e+05  1.79769946e+02
 1.35935639e+05  4.64000062e+01  1.35935639e+05  1.79768164e+02
 1.36982998e+05  4.64002277e+01  1.36982998e+05  1.79766367e+02
 1.38038426e+05  4.64004532e+01  1.38038426e+05  1.79764557e+02
 1.39101987e+05  4.64006813e+01  1.39101987e+05  1.79762732e+02
 1.40173742e+05  4.64009134e+01  1.40173742e+05  1.79760893e+02
 1.41253754e+05  4.64011492e+01  1.41253754e+05  1.79759040e+02
 1.42342088e+05  4.64013885e+01  1.42342088e+05  1.79757172e+02
 1.43438808e+05  4.64016315e+01  1.43438808e+05  1.79755289e+02
 1.44543977e+05  4.64018779e+01  1.44543977e+05  1.79753392e+02
 1.45657662e+05  4.64021292e+01  1.45657662e+05  1.79751479e+02
 1.46779927e+05  4.64023833e+01  1.46779927e+05  1.79749552e+02
 1.47910839e+05  4.64026421e+01  1.47910839e+05  1.79747610e+02
 1.49050464e+05  4.64029045e+01  1.49050464e+05  1.79745652e+02
 1.50198870e+05  4.64031709e+01  1.50198870e+05  1.79743679e+02
 1.51356125e+05  4.64034417e+01  1.51356125e+05  1.79741690e+02
 1.52522296e+05  4.64037165e+01  1.52522296e+05  1.79739686e+02
 1.53697452e+05  4.64039958e+01  1.53697452e+05  1.79737666e+02
 1.54881662e+05  4.64042789e+01  1.54881662e+05  1.79735630e+02
 1.56074996e+05  4.64045671e+01  1.56074996e+05  1.79733578e+02
 1.57277525e+05  4.64048597e+01  1.57277525e+05  1.79731510e+02
 1.58489319e+05  4.64051561e+01  1.58489319e+05  1.79729425e+02
 1.59710450e+05  4.64054575e+01  1.59710450e+05  1.79727324e+02
 1.60940989e+05  4.64057640e+01  1.60940989e+05  1.79725207e+02
 1.62181010e+05  4.64060746e+01  1.62181010e+05  1.79723073e+02
 1.63430584e+05  4.64063900e+01  1.63430584e+05  1.79720922e+02
 1.64689787e+05  4.64067109e+01  1.64689787e+05  1.79718754e+02
 1.65958691e+05  4.64070366e+01  1.65958691e+05  1.79716569e+02
 1.67237372e+05  4.64073670e+01  1.67237372e+05  1.79714367e+02
 1.68525904e+05  4.64077029e+01  1.68525904e+05  1.79712147e+02
 1.69824365e+05  4.64080437e+01  1.69824365e+05  1.79709910e+02
 1.71132830e+05  4.64083902e+01  1.71132830e+05  1.79707655e+02
 1.72451377e+05  4.64087421e+01  1.72451377e+05  1.79705382e+02
 1.73780083e+05  4.64090987e+01  1.73780083e+05  1.79703091e+02
 1.75119026e+05  4.64094610e+01  1.75119026e+05  1.79700782e+02
 1.76468286e+05  4.64098296e+01  1.76468286e+05  1.79698455e+02
 1.77827941e+05  4.64102032e+01  1.77827941e+05  1.79696109e+02
 1.79198072e+05  4.64105829e+01  1.79198072e+05  1.79693745e+02
 1.80578760e+05  4.64109686e+01  1.80578760e+05  1.79691362e+02
 1.81970086e+05  4.64113597e+01  1.81970086e+05  1.79688960e+02
 1.83372132e+05  4.64117581e+01  1.83372132e+05  1.79686539e+02
 1.84784980e+05  4.64121617e+01  1.84784980e+05  1.79684099e+02
 1.86208714e+05  4.64125717e+01  1.86208714e+05  1.79681639e+02
 1.87643417e+05  4.64129883e+01  1.87643417e+05  1.79679160e+02
 1.89089175e+05  4.64134110e+01  1.89089175e+05  1.79676661e+02
 1.90546072e+05  4.64138407e+01  1.90546072e+05  1.79674143e+02
 1.92014194e+05  4.64142770e+01  1.92014194e+05  1.79671604e+02
 1.93493628e+05  4.64147199e+01  1.93493628e+05  1.79669045e+02
 1.94984460e+05  4.64151695e+01  1.94984460e+05  1.79666465e+02
 1.96486779e+05  4.64156266e+01  1.96486779e+05  1.79663866e+02
 1.98000673e+05  4.64160903e+01  1.98000673e+05  1.79661245e+02
 1.99526231e+05  4.64165616e+01  1.99526231e+05  1.79658603e+02
 2.01063544e+05  4.64170396e+01  2.01063544e+05  1.79655941e+02
 2.02612701e+05  4.64175256e+01  2.02612701e+05  1.79653257e+02
 2.04173794e+05  4.64180191e+01  2.04173794e+05  1.79650551e+02
 2.05746916e+05  4.64185205e+01  2.05746916e+05  1.79647824e+02
 2.07332157e+05  4.64190288e+01  2.07332157e+05  1.79645075e+02
 2.08929613e+05  4.64195456e+01  2.08929613e+05  1.79642305e+02
 2.10539377e+05  4.64200697e+01  2.10539377e+05  1.79639511e+02
 2.12161544e+05  4.64206029e+01  2.12161544e+05  1.79636696e+02
 2.13796209e+05  4.64211441e+01  2.13796209e+05  1.79633858e+02
 2.15443469e+05  4.64216935e+01  2.15443469e+05  1.79630997e+02
 2.17103421e+05  4.64222515e+01  2.17103421e+05  1.79628113e+02
 2.18776162e+05  4.64228187e+01  2.18776162e+05  1.79625206e+02
 2.20461792e+05  4.64233940e+01  2.20461792e+05  1.79622276e+02
 2.22160409e+05  4.64239786e+01  2.22160409e+05  1.79619322e+02
 2.23872114e+05  4.64245722e+01  2.23872114e+05  1.79616345e+02
 2.25597007e+05  4.64251751e+01  2.25597007e+05  1.79613343e+02
 2.27335190e+05  4.64257865e+01  2.27335190e+05  1.79610317e+02
 2.29086765e+05  4.64264084e+01  2.29086765e+05  1.79607266e+02
 2.30851836e+05  4.64270403e+01  2.30851836e+05  1.79604192e+02
 2.32630507e+05  4.64276815e+01  2.32630507e+05  1.79601092e+02
 2.34422882e+05  4.64283317e+01  2.34422882e+05  1.79597966e+02
 2.36229066e+05  4.64289938e+01  2.36229066e+05  1.79594817e+02
 2.38049167e+05  4.64296645e+01  2.38049167e+05  1.79591641e+02
 2.39883292e+05  4.64303470e+01  2.39883292e+05  1.79588440e+02
 2.41731548e+05  4.64310397e+01  2.41731548e+05  1.79585213e+02
 2.43594045e+05  4.64317430e+01  2.43594045e+05  1.79581960e+02
 2.45470892e+05  4.64324570e+01  2.45470892e+05  1.79578679e+02
 2.47362199e+05  4.64331824e+01  2.47362199e+05  1.79575372e+02
 2.49268079e+05  4.64339195e+01  2.49268079e+05  1.79572039e+02
 2.51188643e+05  4.64346675e+01  2.51188643e+05  1.79568679e+02
 2.53124005e+05  4.64354273e+01  2.53124005e+05  1.79565291e+02
 2.55074278e+05  4.64361994e+01  2.55074278e+05  1.79561875e+02
 2.57039578e+05  4.64369826e+01  2.57039578e+05  1.79558432e+02
 2.59020020e+05  4.64377777e+01  2.59020020e+05  1.79554961e+02
 2.61015722e+05  4.64385864e+01  2.61015722e+05  1.79551460e+02
 2.63026799e+05  4.64394066e+01  2.63026799e+05  1.79547932e+02
 2.65053372e+05  4.64402412e+01  2.65053372e+05  1.79544375e+02
 2.67095559e+05  4.64410868e+01  2.67095559e+05  1.79540788e+02
 2.69153480e+05  4.64419464e+01  2.69153480e+05  1.79537171e+02
 2.71227258e+05  4.64428198e+01  2.71227258e+05  1.79533526e+02
 2.73317014e+05  4.64437062e+01  2.73317014e+05  1.79529850e+02
 2.75422870e+05  4.64446067e+01  2.75422870e+05  1.79526144e+02
 2.77544952e+05  4.64455208e+01  2.77544952e+05  1.79522408e+02
 2.79683385e+05  4.64464495e+01  2.79683385e+05  1.79518640e+02
 2.81838293e+05  4.64473942e+01  2.81838293e+05  1.79514844e+02
 2.84009805e+05  4.64483503e+01  2.84009805e+05  1.79511013e+02
 2.86198048e+05  4.64493238e+01  2.86198048e+05  1.79507152e+02
 2.88403150e+05  4.64503112e+01  2.88403150e+05  1.79503257e+02
 2.90625243e+05  4.64513146e+01  2.90625243e+05  1.79499332e+02
 2.92864456e+05  4.64523339e+01  2.92864456e+05  1.79495374e+02
 2.95120923e+05  4.64533694e+01  2.95120923e+05  1.79491383e+02
 2.97394775e+05  4.64544203e+01  2.97394775e+05  1.79487358e+02
 2.99686146e+05  4.64554867e+01  2.99686146e+05  1.79483301e+02
 3.01995172e+05  4.64565723e+01  3.01995172e+05  1.79479210e+02
 3.04321989e+05  4.64576705e+01  3.04321989e+05  1.79475083e+02
 3.06666733e+05  4.64587906e+01  3.06666733e+05  1.79470924e+02
 3.09029543e+05  4.64599233e+01  3.09029543e+05  1.79466729e+02
 3.11410558e+05  4.64610790e+01  3.11410558e+05  1.79462500e+02
 3.13809919e+05  4.64622503e+01  3.13809919e+05  1.79458234e+02
 3.16227766e+05  4.64634397e+01  3.16227766e+05  1.79453932e+02
 3.18664242e+05  4.64646483e+01  3.18664242e+05  1.79449597e+02
 3.21119491e+05  4.64658745e+01  3.21119491e+05  1.79445222e+02
 3.23593657e+05  4.64671205e+01  3.23593657e+05  1.79440811e+02
 3.26086886e+05  4.64683852e+01  3.26086886e+05  1.79436363e+02
 3.28599325e+05  4.64696710e+01  3.28599325e+05  1.79431877e+02
 3.31131121e+05  4.64709770e+01  3.31131121e+05  1.79427356e+02
 3.33682425e+05  4.64723018e+01  3.33682425e+05  1.79422793e+02
 3.36253386e+05  4.64736498e+01  3.36253386e+05  1.79418195e+02
 3.38844156e+05  4.64750175e+01  3.38844156e+05  1.79413554e+02
 3.41454887e+05  4.64764039e+01  3.41454887e+05  1.79408875e+02
 3.44085734e+05  4.64778160e+01  3.44085734e+05  1.79404156e+02
 3.46736850e+05  4.64792484e+01  3.46736850e+05  1.79399397e+02
 3.49408393e+05  4.64807051e+01  3.49408393e+05  1.79394599e+02
 3.52100520e+05  4.64821814e+01  3.52100520e+05  1.79389758e+02
 3.54813389e+05  4.64836822e+01  3.54813389e+05  1.79384876e+02
 3.57547160e+05  4.64852076e+01  3.57547160e+05  1.79379952e+02
 3.60301995e+05  4.64867555e+01  3.60301995e+05  1.79374986e+02
 3.63078055e+05  4.64883279e+01  3.63078055e+05  1.79369976e+02
 3.65875504e+05  4.64899240e+01  3.65875504e+05  1.79364924e+02
 3.68694506e+05  4.64915486e+01  3.68694506e+05  1.79359830e+02
 3.71535229e+05  4.64931951e+01  3.71535229e+05  1.79354690e+02
 3.74397839e+05  4.64948672e+01  3.74397839e+05  1.79349507e+02
 3.77282505e+05  4.64965682e+01  3.77282505e+05  1.79344277e+02
 3.80189396e+05  4.64982915e+01  3.80189396e+05  1.79339001e+02
 3.83118685e+05  4.65000458e+01  3.83118685e+05  1.79333681e+02
 3.86070543e+05  4.65018258e+01  3.86070543e+05  1.79328312e+02
 3.89045145e+05  4.65036345e+01  3.89045145e+05  1.79322899e+02
 3.92042666e+05  4.65054723e+01  3.92042666e+05  1.79317441e+02
 3.95063281e+05  4.65073361e+01  3.95063281e+05  1.79311929e+02
 3.98107171e+05  4.65092326e+01  3.98107171e+05  1.79306371e+02
 4.01174512e+05  4.65111568e+01  4.01174512e+05  1.79300767e+02
 4.04265487e+05  4.65131125e+01  4.04265487e+05  1.79295110e+02
 4.07380278e+05  4.65151013e+01  4.07380278e+05  1.79289407e+02
 4.10519067e+05  4.65171134e+01  4.10519067e+05  1.79283648e+02
 4.13682040e+05  4.65191636e+01  4.13682040e+05  1.79277841e+02
 4.16869383e+05  4.65212446e+01  4.16869383e+05  1.79271983e+02
 4.20081285e+05  4.65233561e+01  4.20081285e+05  1.79266070e+02
 4.23317933e+05  4.65255020e+01  4.23317933e+05  1.79260107e+02
 4.26579519e+05  4.65276836e+01  4.26579519e+05  1.79254091e+02
 4.29866235e+05  4.65298994e+01  4.29866235e+05  1.79248020e+02
 4.33178274e+05  4.65321477e+01  4.33178274e+05  1.79241896e+02
 4.36515832e+05  4.65344316e+01  4.36515832e+05  1.79235715e+02
 4.39879106e+05  4.65367504e+01  4.39879106e+05  1.79229475e+02
 4.43268292e+05  4.65391104e+01  4.43268292e+05  1.79223191e+02
 4.46683592e+05  4.65415021e+01  4.46683592e+05  1.79216835e+02
 4.50125206e+05  4.65439351e+01  4.50125206e+05  1.79210430e+02
 4.53593337e+05  4.65464058e+01  4.53593337e+05  1.79203970e+02
 4.57088190e+05  4.65489165e+01  4.57088190e+05  1.79197439e+02
 4.60609969e+05  4.65514649e+01  4.60609969e+05  1.79190856e+02
 4.64158883e+05  4.65540531e+01  4.64158883e+05  1.79184212e+02
 4.67735141e+05  4.65566787e+01  4.67735141e+05  1.79177506e+02
 4.71338954e+05  4.65593569e+01  4.71338954e+05  1.79170746e+02
 4.74970533e+05  4.65620667e+01  4.74970533e+05  1.79163906e+02
 4.78630092e+05  4.65648213e+01  4.78630092e+05  1.79157018e+02
 4.82317848e+05  4.65676218e+01  4.82317848e+05  1.79150058e+02
 4.86034018e+05  4.65704649e+01  4.86034018e+05  1.79143044e+02
 4.89778819e+05  4.65733553e+01  4.89778819e+05  1.79135953e+02
 4.93552474e+05  4.65762900e+01  4.93552474e+05  1.79128799e+02
 4.97355204e+05  4.65792692e+01  4.97355204e+05  1.79121582e+02
 5.01187234e+05  4.65822974e+01  5.01187234e+05  1.79114296e+02
 5.05048788e+05  4.65853789e+01  5.05048788e+05  1.79106939e+02
 5.08940095e+05  4.65884996e+01  5.08940095e+05  1.79099519e+02
 5.12861384e+05  4.65916734e+01  5.12861384e+05  1.79092016e+02
 5.16812886e+05  4.65948936e+01  5.16812886e+05  1.79084445e+02
 5.20794833e+05  4.65981717e+01  5.20794833e+05  1.79076813e+02
 5.24807460e+05  4.66014977e+01  5.24807460e+05  1.79069099e+02
 5.28851004e+05  4.66048823e+01  5.28851004e+05  1.79061317e+02
 5.32925703e+05  4.66083149e+01  5.32925703e+05  1.79053455e+02
 5.37031796e+05  4.66118010e+01  5.37031796e+05  1.79045519e+02
 5.41169527e+05  4.66153426e+01  5.41169527e+05  1.79037508e+02
 5.45339137e+05  4.66189447e+01  5.45339137e+05  1.79029417e+02
 5.49540874e+05  4.66225987e+01  5.49540874e+05  1.79021244e+02
 5.53774984e+05  4.66263135e+01  5.53774984e+05  1.79012997e+02
 5.58041717e+05  4.66300885e+01  5.58041717e+05  1.79004658e+02
 5.62341325e+05  4.66339241e+01  5.62341325e+05  1.78996257e+02
 5.66674061e+05  4.66378155e+01  5.66674061e+05  1.78987762e+02
 5.71040179e+05  4.66417752e+01  5.71040179e+05  1.78979186e+02
 5.75439937e+05  4.66457946e+01  5.75439937e+05  1.78970522e+02
 5.79873595e+05  4.66498806e+01  5.79873595e+05  1.78961773e+02
 5.84341413e+05  4.66540316e+01  5.84341413e+05  1.78952939e+02
 5.88843655e+05  4.66582468e+01  5.88843655e+05  1.78944015e+02
 5.93380586e+05  4.66625227e+01  5.93380586e+05  1.78934994e+02
 5.97952473e+05  4.66668723e+01  5.97952473e+05  1.78925876e+02
 6.02559586e+05  4.66712955e+01  6.02559586e+05  1.78916695e+02
 6.07202196e+05  4.66757899e+01  6.07202196e+05  1.78907413e+02
 6.11880576e+05  4.66803559e+01  6.11880576e+05  1.78898024e+02
 6.16595002e+05  4.66849820e+01  6.16595002e+05  1.78888540e+02
 6.21345752e+05  4.66896974e+01  6.21345752e+05  1.78878960e+02
 6.26133105e+05  4.66944821e+01  6.26133105e+05  1.78869289e+02
 6.30957344e+05  4.66993449e+01  6.30957344e+05  1.78859511e+02
 6.35818754e+05  4.67042810e+01  6.35818754e+05  1.78849630e+02
 6.40717619e+05  4.67093004e+01  6.40717619e+05  1.78839644e+02
 6.45654229e+05  4.67144015e+01  6.45654229e+05  1.78829558e+02
 6.50628875e+05  4.67195824e+01  6.50628875e+05  1.78819375e+02
 6.55641849e+05  4.67248536e+01  6.55641849e+05  1.78809077e+02
 6.60693448e+05  4.67302077e+01  6.60693448e+05  1.78798670e+02
 6.65783968e+05  4.67356351e+01  6.65783968e+05  1.78788150e+02
 6.70913710e+05  4.67411613e+01  6.70913710e+05  1.78777527e+02
 6.76082975e+05  4.67467689e+01  6.76082975e+05  1.78766778e+02
 6.81292069e+05  4.67524725e+01  6.81292069e+05  1.78755931e+02
 6.86541298e+05  4.67582690e+01  6.86541298e+05  1.78744952e+02
 6.91830971e+05  4.67641530e+01  6.91830971e+05  1.78733863e+02
 6.97161400e+05  4.67701443e+01  6.97161400e+05  1.78722643e+02
 7.02532899e+05  4.67762154e+01  7.02532899e+05  1.78711303e+02
 7.07945784e+05  4.67823906e+01  7.07945784e+05  1.78699857e+02
 7.13400375e+05  4.67886736e+01  7.13400375e+05  1.78688251e+02
 7.18896992e+05  4.67950589e+01  7.18896992e+05  1.78676545e+02
 7.24435960e+05  4.68015395e+01  7.24435960e+05  1.78664691e+02
 7.30017605e+05  4.68081276e+01  7.30017605e+05  1.78652723e+02
 7.35642254e+05  4.68148263e+01  7.35642254e+05  1.78640603e+02
 7.41310241e+05  4.68216199e+01  7.41310241e+05  1.78628357e+02
 7.47021899e+05  4.68285314e+01  7.47021899e+05  1.78615968e+02
 7.52777564e+05  4.68355742e+01  7.52777564e+05  1.78603458e+02
 7.58577575e+05  4.68427088e+01  7.58577575e+05  1.78590769e+02
 7.64422274e+05  4.68499709e+01  7.64422274e+05  1.78577957e+02
 7.70312006e+05  4.68573393e+01  7.70312006e+05  1.78564972e+02
 7.76247117e+05  4.68648420e+01  7.76247117e+05  1.78551877e+02
 7.82227956e+05  4.68724617e+01  7.82227956e+05  1.78538624e+02
 7.88254877e+05  4.68802018e+01  7.88254877e+05  1.78525184e+02
 7.94328235e+05  4.68880609e+01  7.94328235e+05  1.78511600e+02
 8.00448386e+05  4.68960630e+01  8.00448386e+05  1.78497855e+02
 8.06615692e+05  4.69041968e+01  8.06615692e+05  1.78483961e+02
 8.12830516e+05  4.69124555e+01  8.12830516e+05  1.78469879e+02
 8.19093224e+05  4.69208575e+01  8.19093224e+05  1.78455661e+02
 8.25404185e+05  4.69294011e+01  8.25404185e+05  1.78441243e+02
 8.31763771e+05  4.69380721e+01  8.31763771e+05  1.78426644e+02
 8.38172356e+05  4.69468904e+01  8.38172356e+05  1.78411869e+02
 8.44630319e+05  4.69558633e+01  8.44630319e+05  1.78396919e+02
 8.51138038e+05  4.69649670e+01  8.51138038e+05  1.78381828e+02
 8.57695899e+05  4.69742393e+01  8.57695899e+05  1.78366506e+02
 8.64304286e+05  4.69836571e+01  8.64304286e+05  1.78350978e+02
 8.70963590e+05  4.69932364e+01  8.70963590e+05  1.78335299e+02
 8.77674203e+05  4.70029713e+01  8.77674203e+05  1.78319385e+02
 8.84436519e+05  4.70128644e+01  8.84436519e+05  1.78303320e+02
 8.91250938e+05  4.70229204e+01  8.91250938e+05  1.78287010e+02
 8.98117861e+05  4.70331485e+01  8.98117861e+05  1.78270502e+02
 9.05037692e+05  4.70435438e+01  9.05037692e+05  1.78253751e+02
 9.12010839e+05  4.70540992e+01  9.12010839e+05  1.78236813e+02
 9.19037713e+05  4.70648492e+01  9.19037713e+05  1.78219694e+02
 9.26118728e+05  4.70757685e+01  9.26118728e+05  1.78202264e+02
 9.33254301e+05  4.70868707e+01  9.33254301e+05  1.78184658e+02
 9.40444852e+05  4.70981773e+01  9.40444852e+05  1.78166818e+02
 9.47690805e+05  4.71096562e+01  9.47690805e+05  1.78148737e+02
 9.54992586e+05  4.71213226e+01  9.54992586e+05  1.78130398e+02
 9.62350626e+05  4.71332124e+01  9.62350626e+05  1.78111839e+02
 9.69765359e+05  4.71452741e+01  9.69765359e+05  1.78092966e+02
 9.77237221e+05  4.71575417e+01  9.77237221e+05  1.78073905e+02
 9.84766652e+05  4.71700253e+01  9.84766652e+05  1.78054579e+02
 9.92354096e+05  4.71827286e+01  9.92354096e+05  1.78034978e+02
 1.00000000e+06  4.71956351e+01  1.00000000e+06  1.78015049e+02
 1.00770481e+06  4.72087525e+01  1.00770481e+06  1.77994906e+02
 1.01546899e+06  4.72221067e+01  1.01546899e+06  1.77974460e+02
 1.02329299e+06  4.72356785e+01  1.02329299e+06  1.77953732e+02
 1.03117727e+06  4.72494957e+01  1.03117727e+06  1.77932704e+02
 1.03912230e+06  4.72635219e+01  1.03912230e+06  1.77911362e+02
 1.04712855e+06  4.72778063e+01  1.04712855e+06  1.77889713e+02
 1.05519648e+06  4.72923462e+01  1.05519648e+06  1.77867771e+02
 1.06332657e+06  4.73071233e+01  1.06332657e+06  1.77845490e+02
 1.07151931e+06  4.73221538e+01  1.07151931e+06  1.77822852e+02
 1.07977516e+06  4.73374405e+01  1.07977516e+06  1.77799949e+02
 1.08809463e+06  4.73529977e+01  1.08809463e+06  1.77776612e+02
 1.09647820e+06  4.73687832e+01  1.09647820e+06  1.77752964e+02
 1.10492636e+06  4.73848873e+01  1.10492636e+06  1.77728964e+02
 1.11343961e+06  4.74012841e+01  1.11343961e+06  1.77704627e+02
 1.12201845e+06  4.74179215e+01  1.12201845e+06  1.77679946e+02
 1.13066340e+06  4.74348705e+01  1.13066340e+06  1.77654713e+02
 1.13937495e+06  4.74521098e+01  1.13937495e+06  1.77629270e+02
 1.14815362e+06  4.74696617e+01  1.14815362e+06  1.77603250e+02
 1.15699993e+06  4.74875099e+01  1.15699993e+06  1.77577013e+02
 1.16591440e+06  4.75056593e+01  1.16591440e+06  1.77550272e+02
 1.17489755e+06  4.75241376e+01  1.17489755e+06  1.77523064e+02
 1.18394992e+06  4.75429506e+01  1.18394992e+06  1.77495524e+02
 1.19307204e+06  4.75620859e+01  1.19307204e+06  1.77467375e+02
 1.20226443e+06  4.75815338e+01  1.20226443e+06  1.77438898e+02
 1.21152766e+06  4.76013845e+01  1.21152766e+06  1.77409903e+02
 1.22086225e+06  4.76215502e+01  1.22086225e+06  1.77380438e+02
 1.23026877e+06  4.76420800e+01  1.23026877e+06  1.77350410e+02
 1.23974776e+06  4.76629680e+01  1.23974776e+06  1.77320044e+02
 1.24929979e+06  4.76842345e+01  1.24929979e+06  1.77289083e+02
 1.25892541e+06  4.77058592e+01  1.25892541e+06  1.77257425e+02
 1.26862520e+06  4.77279127e+01  1.26862520e+06  1.77225340e+02
 1.27839972e+06  4.77503677e+01  1.27839972e+06  1.77192731e+02
 1.28824955e+06  4.77731977e+01  1.28824955e+06  1.77159497e+02
 1.29817528e+06  4.77964422e+01  1.29817528e+06  1.77125745e+02
 1.30817747e+06  4.78200959e+01  1.30817747e+06  1.77091430e+02
 1.31825674e+06  4.78442278e+01  1.31825674e+06  1.77056391e+02
 1.32841366e+06  4.78687828e+01  1.32841366e+06  1.77020674e+02
 1.33864884e+06  4.78937346e+01  1.33864884e+06  1.76984420e+02
 1.34896288e+06  4.79191774e+01  1.34896288e+06  1.76947484e+02
 1.35935639e+06  4.79451283e+01  1.35935639e+06  1.76909796e+02
 1.36982998e+06  4.79715126e+01  1.36982998e+06  1.76871404e+02
 1.38038426e+06  4.79983923e+01  1.38038426e+06  1.76832253e+02
 1.39101987e+06  4.80257633e+01  1.39101987e+06  1.76792421e+02
 1.40173742e+06  4.80536398e+01  1.40173742e+06  1.76751872e+02
 1.41253754e+06  4.80820700e+01  1.41253754e+06  1.76710479e+02
 1.42342088e+06  4.81110102e+01  1.42342088e+06  1.76668212e+02
 1.43438808e+06  4.81404848e+01  1.43438808e+06  1.76625231e+02
 1.44543977e+06  4.81705036e+01  1.44543977e+06  1.76581149e+02
 1.45657662e+06  4.82011079e+01  1.45657662e+06  1.76536426e+02
 1.46779927e+06  4.82323216e+01  1.46779927e+06  1.76490741e+02
 1.47910839e+06  4.82641088e+01  1.47910839e+06  1.76444191e+02
 1.49050464e+06  4.82964849e+01  1.49050464e+06  1.76396517e+02
 1.50198870e+06  4.83294977e+01  1.50198870e+06  1.76347885e+02
 1.51356125e+06  4.83631293e+01  1.51356125e+06  1.76298295e+02
 1.52522296e+06  4.83973998e+01  1.52522296e+06  1.76247708e+02
 1.53697452e+06  4.84323621e+01  1.53697452e+06  1.76195812e+02
 1.54881662e+06  4.84679866e+01  1.54881662e+06  1.76143035e+02
 1.56074996e+06  4.85043174e+01  1.56074996e+06  1.76088845e+02
 1.57277525e+06  4.85413398e+01  1.57277525e+06  1.76033803e+02
 1.58489319e+06  4.85791083e+01  1.58489319e+06  1.75977261e+02
 1.59710450e+06  4.86176190e+01  1.59710450e+06  1.75919567e+02
 1.60940989e+06  4.86569061e+01  1.60940989e+06  1.75860565e+02
 1.62181010e+06  4.86969916e+01  1.62181010e+06  1.75800051e+02
 1.63430584e+06  4.87378324e+01  1.63430584e+06  1.75738127e+02
 1.64689787e+06  4.87795478e+01  1.64689787e+06  1.75674925e+02
 1.65958691e+06  4.88220584e+01  1.65958691e+06  1.75610135e+02
 1.67237372e+06  4.88654458e+01  1.67237372e+06  1.75543862e+02
 1.68525904e+06  4.89097148e+01  1.68525904e+06  1.75476073e+02
 1.69824365e+06  4.89548868e+01  1.69824365e+06  1.75406471e+02
 1.71132830e+06  4.90010020e+01  1.71132830e+06  1.75335212e+02
 1.72451377e+06  4.90480780e+01  1.72451377e+06  1.75262051e+02
 1.73780083e+06  4.90961145e+01  1.73780083e+06  1.75187153e+02
 1.75119026e+06  4.91451423e+01  1.75119026e+06  1.75110522e+02
 1.76468286e+06  4.91952143e+01  1.76468286e+06  1.75031649e+02
 1.77827941e+06  4.92463322e+01  1.77827941e+06  1.74950777e+02
 1.79198072e+06  4.92985390e+01  1.79198072e+06  1.74867589e+02
 1.80578760e+06  4.93518786e+01  1.80578760e+06  1.74782601e+02
 1.81970086e+06  4.94063902e+01  1.81970086e+06  1.74694858e+02
 1.83372132e+06  4.94619905e+01  1.83372132e+06  1.74605154e+02
 1.84784980e+06  4.95188783e+01  1.84784980e+06  1.74512582e+02
 1.86208714e+06  4.95769716e+01  1.86208714e+06  1.74417595e+02
 1.87643417e+06  4.96363418e+01  1.87643417e+06  1.74319858e+02
 1.89089175e+06  4.96969899e+01  1.89089175e+06  1.74219490e+02
 1.90546072e+06  4.97590407e+01  1.90546072e+06  1.74116280e+02
 1.92014194e+06  4.98224596e+01  1.92014194e+06  1.74009697e+02
 1.93493628e+06  4.98873337e+01  1.93493628e+06  1.73900090e+02
 1.94984460e+06  4.99536889e+01  1.94984460e+06  1.73786979e+02
 1.96486779e+06  5.00215467e+01  1.96486779e+06  1.73670530e+02
 1.98000673e+06  5.00909785e+01  1.98000673e+06  1.73550642e+02
 1.99526231e+06  5.01619110e+01  1.99526231e+06  1.73427021e+02
 2.01063544e+06  5.02345871e+01  2.01063544e+06  1.73299247e+02
 2.02612701e+06  5.03090519e+01  2.02612701e+06  1.73167518e+02
 2.04173794e+06  5.03851680e+01  2.04173794e+06  1.73031191e+02
 2.05746916e+06  5.04631404e+01  2.05746916e+06  1.72890719e+02
 2.07332157e+06  5.05429546e+01  2.07332157e+06  1.72745485e+02
 2.08929613e+06  5.06247493e+01  2.08929613e+06  1.72594955e+02
 2.10539377e+06  5.07085159e+01  2.10539377e+06  1.72439332e+02
 2.12161544e+06  5.07943518e+01  2.12161544e+06  1.72278627e+02
 2.13796209e+06  5.08823567e+01  2.13796209e+06  1.72111759e+02
 2.15443469e+06  5.09725007e+01  2.15443469e+06  1.71939064e+02
 2.17103421e+06  5.10650290e+01  2.17103421e+06  1.71759919e+02
 2.18776162e+06  5.11598623e+01  2.18776162e+06  1.71573872e+02
 2.20461792e+06  5.12571499e+01  2.20461792e+06  1.71380902e+02
 2.22160409e+06  5.13569977e+01  2.22160409e+06  1.71180426e+02
 2.23872114e+06  5.14593771e+01  2.23872114e+06  1.70972427e+02
 2.25597007e+06  5.15646157e+01  2.25597007e+06  1.70755745e+02
 2.27335190e+06  5.16726154e+01  2.27335190e+06  1.70530353e+02
 2.29086765e+06  5.17834540e+01  2.29086765e+06  1.70295449e+02
 2.30851836e+06  5.18974342e+01  2.30851836e+06  1.70050965e+02
 2.32630507e+06  5.20144800e+01  2.32630507e+06  1.69795576e+02
 2.34422882e+06  5.21348463e+01  2.34422882e+06  1.69529507e+02
 2.36229066e+06  5.22585654e+01  2.36229066e+06  1.69251353e+02
 2.38049167e+06  5.23858412e+01  2.38049167e+06  1.68960589e+02
 2.39883292e+06  5.25167978e+01  2.39883292e+06  1.68656317e+02
 2.41731548e+06  5.26515179e+01  2.41731548e+06  1.68337886e+02
 2.43594045e+06  5.27902691e+01  2.43594045e+06  1.68003772e+02
 2.45470892e+06  5.29332090e+01  2.45470892e+06  1.67653428e+02
 2.47362199e+06  5.30803605e+01  2.47362199e+06  1.67285469e+02
 2.49268079e+06  5.32320349e+01  2.49268079e+06  1.66898582e+02
 2.51188643e+06  5.33884306e+01  2.51188643e+06  1.66491532e+02
 2.53124005e+06  5.35496102e+01  2.53124005e+06  1.66062658e+02
 2.55074278e+06  5.37159505e+01  2.55074278e+06  1.65610032e+02
 2.57039578e+06  5.38875914e+01  2.57039578e+06  1.65132303e+02
 2.59020020e+06  5.40646724e+01  2.59020020e+06  1.64626952e+02
 2.61015722e+06  5.42477381e+01  2.61015722e+06  1.64092033e+02
 2.63026799e+06  5.44366094e+01  2.63026799e+06  1.63524726e+02
 2.65053372e+06  5.46319743e+01  2.65053372e+06  1.62922423e+02
 2.67095559e+06  5.48337697e+01  2.67095559e+06  1.62281744e+02
 2.69153480e+06  5.50424121e+01  2.69153480e+06  1.61599566e+02
 2.71227258e+06  5.52582215e+01  2.71227258e+06  1.60871713e+02
 2.73317014e+06  5.54814337e+01  2.73317014e+06  1.60094035e+02
 2.75422870e+06  5.57122930e+01  2.75422870e+06  1.59261454e+02
 2.77544952e+06  5.59512573e+01  2.77544952e+06  1.58368662e+02
 2.79683385e+06  5.61983578e+01  2.79683385e+06  1.57409579e+02
 2.81838293e+06  5.64540758e+01  2.81838293e+06  1.56376754e+02
 2.84009805e+06  5.67183392e+01  2.84009805e+06  1.55263153e+02
 2.86198048e+06  5.69916150e+01  2.86198048e+06  1.54059220e+02
 2.88403150e+06  5.72737516e+01  2.88403150e+06  1.52755564e+02
 2.90625243e+06  5.75649954e+01  2.90625243e+06  1.51340714e+02
 2.92864456e+06  5.78648353e+01  2.92864456e+06  1.49802161e+02
 2.95120923e+06  5.81733587e+01  2.95120923e+06  1.48125363e+02
 2.97394775e+06  5.84894635e+01  2.97394775e+06  1.46295262e+02
 2.99686146e+06  5.88126604e+01  2.99686146e+06  1.44293710e+02
 3.01995172e+06  5.91414284e+01  3.01995172e+06  1.42101928e+02
 3.04321989e+06  5.94737974e+01  3.04321989e+06  1.39699083e+02
 3.06666733e+06  5.98070894e+01  3.06666733e+06  1.37063629e+02
 3.09029543e+06  6.01379470e+01  3.09029543e+06  1.34173352e+02
 3.11410558e+06  6.04618514e+01  3.11410558e+06  1.31007290e+02
 3.13809919e+06  6.07730089e+01  3.13809919e+06  1.27546899e+02
 3.16227766e+06  6.10647298e+01  3.16227766e+06  1.23778574e+02
 3.18664242e+06  6.13286202e+01  3.18664242e+06  1.19697637e+02
 3.21119491e+06  6.15555301e+01  3.21119491e+06  1.15311113e+02
 3.23593657e+06  6.17358967e+01  3.23593657e+06  1.10641094e+02
 3.26086886e+06  6.18602752e+01  3.26086886e+06  1.05727829e+02
 3.28599325e+06  6.19202247e+01  3.28599325e+06  1.00630253e+02
 3.31131121e+06  6.19100351e+01  3.31131121e+06  9.54230220e+01
 3.33682425e+06  6.18269885e+01  3.33682425e+06  9.01908976e+01
 3.36253386e+06  6.16715815e+01  3.36253386e+06  8.50216039e+01
 3.38844156e+06  6.14482734e+01  3.38844156e+06  7.99965132e+01
 3.41454887e+06  6.11641677e+01  3.41454887e+06  7.51837812e+01
 3.44085734e+06  6.08277770e+01  3.44085734e+06  7.06345903e+01
 3.46736850e+06  6.04491366e+01  3.46736850e+06  6.63808268e+01
 3.49408393e+06  6.00376133e+01  3.49408393e+06  6.24380859e+01
 3.52100520e+06  5.96019990e+01  3.52100520e+06  5.88073792e+01
 3.54813389e+06  5.91500623e+01  3.54813389e+06  5.54804547e+01
 3.57547160e+06  5.86878564e+01  3.57547160e+06  5.24404531e+01
 3.60301995e+06  5.82210506e+01  3.60301995e+06  4.96680196e+01
 3.63078055e+06  5.77532246e+01  3.63078055e+06  4.71413413e+01
 3.65875504e+06  5.72872787e+01  3.65875504e+06  4.48379472e+01
 3.68694506e+06  5.68262979e+01  3.68694506e+06  4.27374013e+01
 3.71535229e+06  5.63713753e+01  3.71535229e+06  4.08189230e+01
 3.74397839e+06  5.59237714e+01  3.74397839e+06  3.90644322e+01
 3.77282505e+06  5.54845435e+01  3.77282505e+06  3.74571333e+01
 3.80189396e+06  5.50536274e+01  3.80189396e+06  3.59818455e+01
 3.83118685e+06  5.46317552e+01  3.83118685e+06  3.46252061e+01
 3.86070543e+06  5.42187652e+01  3.86070543e+06  3.33751632e+01
 3.89045145e+06  5.38146760e+01  3.89045145e+06  3.22212643e+01
 3.92042666e+06  5.34195972e+01  3.92042666e+06  3.11544781e+01
 3.95063281e+06  5.30330470e+01  3.95063281e+06  3.01648364e+01
 3.98107171e+06  5.26548013e+01  3.98107171e+06  2.92461184e+01
 4.01174512e+06  5.22848435e+01  4.01174512e+06  2.83921021e+01
 4.04265487e+06  5.19229274e+01  4.04265487e+06  2.75962526e+01
 4.07380278e+06  5.15681036e+01  4.07380278e+06  2.68533159e+01
 4.10519067e+06  5.12207655e+01  4.10519067e+06  2.61589753e+01
 4.13682040e+06  5.08801490e+01  4.13682040e+06  2.55078020e+01
 4.16869383e+06  5.05465369e+01  4.16869383e+06  2.48986007e+01
 4.20081285e+06  5.02192988e+01  4.20081285e+06  2.43268574e+01
 4.23317933e+06  4.98981137e+01  4.23317933e+06  2.37884182e+01
 4.26579519e+06  4.95829440e+01  4.26579519e+06  2.32824061e+01
 4.29866235e+06  4.92735581e+01  4.29866235e+06  2.28051062e+01
 4.33178274e+06  4.89694408e+01  4.33178274e+06  2.23556418e+01
 4.36515832e+06  4.86705379e+01  4.36515832e+06  2.19302299e+01
 4.39879106e+06  4.83766898e+01  4.39879106e+06  2.15279964e+01
 4.43268292e+06  4.80877919e+01  4.43268292e+06  2.11487281e+01
 4.46683592e+06  4.78032601e+01  4.46683592e+06  2.07884597e+01
 4.50125206e+06  4.75230163e+01  4.50125206e+06  2.04470735e+01
 4.53593337e+06  4.72474141e+01  4.53593337e+06  2.01253042e+01
 4.57088190e+06  4.69753574e+01  4.57088190e+06  1.98184299e+01
 4.60609969e+06  4.67077033e+01  4.60609969e+06  1.95258186e+01
 4.64158883e+06  4.64432276e+01  4.64158883e+06  1.92481815e+01
 4.67735141e+06  4.61827169e+01  4.67735141e+06  1.89860758e+01
 4.71338954e+06  4.59253968e+01  4.71338954e+06  1.87351754e+01
 4.74970533e+06  4.56718450e+01  4.74970533e+06  1.84964090e+01
 4.78630092e+06  4.54211224e+01  4.78630092e+06  1.82685983e+01
 4.82317848e+06  4.51737306e+01  4.82317848e+06  1.80525234e+01
 4.86034018e+06  4.49287897e+01  4.86034018e+06  1.78456778e+01
 4.89778819e+06  4.46873128e+01  4.89778819e+06  1.76481775e+01
 4.93552474e+06  4.44482759e+01  4.93552474e+06  1.74612872e+01
 4.97355204e+06  4.42118664e+01  4.97355204e+06  1.72818089e+01
 5.01187234e+06  4.39783028e+01  5.01187234e+06  1.71110665e+01
 5.05048788e+06  4.37470932e+01  5.05048788e+06  1.69492690e+01
 5.08940095e+06  4.35183668e+01  5.08940095e+06  1.67931088e+01
 5.12861384e+06  4.32919667e+01  5.12861384e+06  1.66444472e+01
 5.16812886e+06  4.30671885e+01  5.16812886e+06  1.65034479e+01
 5.20794833e+06  4.28450223e+01  5.20794833e+06  1.63688890e+01
 5.24807460e+06  4.26249945e+01  5.24807460e+06  1.62390351e+01
 5.28851004e+06  4.24067817e+01  5.28851004e+06  1.61158905e+01
 5.32925703e+06  4.21910226e+01  5.32925703e+06  1.60007099e+01
 5.37031796e+06  4.19765549e+01  5.37031796e+06  1.58864502e+01
 5.41169527e+06  4.17641469e+01  5.41169527e+06  1.57812459e+01
 5.45339137e+06  4.15533295e+01  5.45339137e+06  1.56775767e+01
 5.49540874e+06  4.13447480e+01  5.49540874e+06  1.55819390e+01
 5.53774984e+06  4.11375384e+01  5.53774984e+06  1.54889934e+01
 5.58041717e+06  4.09321242e+01  5.58041717e+06  1.53999498e+01
 5.62341325e+06  4.07276666e+01  5.62341325e+06  1.53173448e+01
 5.66674061e+06  4.05253496e+01  5.66674061e+06  1.52363794e+01
 5.71040179e+06  4.03244032e+01  5.71040179e+06  1.51628677e+01
 5.75439937e+06  4.01249087e+01  5.75439937e+06  1.50896576e+01
 5.79873595e+06  3.99263006e+01  5.79873595e+06  1.50219680e+01
 5.84341413e+06  3.97299852e+01  5.84341413e+06  1.49571785e+01
 5.88843655e+06  3.95337237e+01  5.88843655e+06  1.48967688e+01
 5.93380586e+06  3.93396898e+01  5.93380586e+06  1.48377376e+01
 5.97952473e+06  3.91463205e+01  5.97952473e+06  1.47843636e+01
 6.02559586e+06  3.89544295e+01  6.02559586e+06  1.47343487e+01
 6.07202196e+06  3.87639784e+01  6.07202196e+06  1.46846486e+01
 6.11880576e+06  3.85744153e+01  6.11880576e+06  1.46379963e+01
 6.16595002e+06  3.83859492e+01  6.16595002e+06  1.45956698e+01
 6.21345752e+06  3.81983730e+01  6.21345752e+06  1.45568373e+01
 6.26133105e+06  3.80120611e+01  6.26133105e+06  1.45205172e+01
 6.30957344e+06  3.78263183e+01  6.30957344e+06  1.44855578e+01
 6.35818754e+06  3.76422177e+01  6.35818754e+06  1.44537256e+01
 6.40717619e+06  3.74586001e+01  6.40717619e+06  1.44261248e+01
 6.45654229e+06  3.72762284e+01  6.45654229e+06  1.44000614e+01
 6.50628875e+06  3.70948897e+01  6.50628875e+06  1.43728058e+01
 6.55641849e+06  3.69137729e+01  6.55641849e+06  1.43510764e+01
 6.60693448e+06  3.67339504e+01  6.60693448e+06  1.43325748e+01
 6.65783968e+06  3.65553310e+01  6.65783968e+06  1.43128426e+01
 6.70913710e+06  3.63768993e+01  6.70913710e+06  1.43003138e+01
 6.76082975e+06  3.61993271e+01  6.76082975e+06  1.42851641e+01
 6.81292069e+06  3.60228189e+01  6.81292069e+06  1.42745789e+01
 6.86541298e+06  3.58474947e+01  6.86541298e+06  1.42646854e+01
 6.91830971e+06  3.56716156e+01  6.91830971e+06  1.42576578e+01
 6.97161400e+06  3.54973918e+01  6.97161400e+06  1.42516990e+01
 7.02532899e+06  3.53236242e+01  7.02532899e+06  1.42500578e+01
 7.07945784e+06  3.51504740e+01  7.07945784e+06  1.42482228e+01
 7.13400375e+06  3.49784221e+01  7.13400375e+06  1.42501776e+01
 7.18896992e+06  3.48066189e+01  7.18896992e+06  1.42495211e+01
 7.24435960e+06  3.46353077e+01  7.24435960e+06  1.42586125e+01
 7.30017605e+06  3.44652664e+01  7.30017605e+06  1.42621131e+01
 7.35642254e+06  3.42947598e+01  7.35642254e+06  1.42707024e+01
 7.41310241e+06  3.41260452e+01  7.41310241e+06  1.42802460e+01
 7.47021899e+06  3.39573024e+01  7.47021899e+06  1.42888707e+01
 7.52777564e+06  3.37886211e+01  7.52777564e+06  1.43048372e+01
 7.58577575e+06  3.36215106e+01  7.58577575e+06  1.43138520e+01
 7.64422274e+06  3.34546451e+01  7.64422274e+06  1.43345079e+01
 7.70312006e+06  3.32871157e+01  7.70312006e+06  1.43534063e+01
 7.76247117e+06  3.31206766e+01  7.76247117e+06  1.43705759e+01
 7.82227956e+06  3.29553515e+01  7.82227956e+06  1.43963649e+01
 7.88254877e+06  3.27908603e+01  7.88254877e+06  1.44152711e+01
 7.94328235e+06  3.26261900e+01  7.94328235e+06  1.44366173e+01
 8.00448386e+06  3.24610994e+01  8.00448386e+06  1.44670419e+01
 8.06615692e+06  3.22986462e+01  8.06615692e+06  1.44929403e+01
 8.12830516e+06  3.21351696e+01  8.12830516e+06  1.45168808e+01
 8.19093224e+06  3.19718575e+01  8.19093224e+06  1.45474674e+01
 8.25404185e+06  3.18079986e+01  8.25404185e+06  1.45845676e+01
 8.31763771e+06  3.16469658e+01  8.31763771e+06  1.46138499e+01
 8.38172356e+06  3.14843757e+01  8.38172356e+06  1.46518042e+01
 8.44630319e+06  3.13231046e+01  8.44630319e+06  1.46868296e+01
 8.51138038e+06  3.11623536e+01  8.51138038e+06  1.47239892e+01
 8.57695899e+06  3.10014412e+01  8.57695899e+06  1.47663552e+01
 8.64304286e+06  3.08419452e+01  8.64304286e+06  1.48027837e+01
 8.70963590e+06  3.06802170e+01  8.70963590e+06  1.48457765e+01
 8.77674203e+06  3.05212839e+01  8.77674203e+06  1.48905656e+01
 8.84436519e+06  3.03627653e+01  8.84436519e+06  1.49353511e+01
 8.91250938e+06  3.02028021e+01  8.91250938e+06  1.49789890e+01
 8.98117861e+06  3.00446218e+01  8.98117861e+06  1.50242276e+01
 9.05037692e+06  2.98864686e+01  9.05037692e+06  1.50716338e+01
 9.12010839e+06  2.97275343e+01  9.12010839e+06  1.51280408e+01
 9.19037713e+06  2.95690561e+01  9.19037713e+06  1.51781375e+01
 9.26118728e+06  2.94131212e+01  9.26118728e+06  1.52242931e+01
 9.33254301e+06  2.92548238e+01  9.33254301e+06  1.52862035e+01
 9.40444852e+06  2.90984093e+01  9.40444852e+06  1.53355911e+01
 9.47690805e+06  2.89418778e+01  9.47690805e+06  1.53940447e+01
 9.54992586e+06  2.87840446e+01  9.54992586e+06  1.54535422e+01
 9.62350626e+06  2.86281279e+01  9.62350626e+06  1.55146157e+01
 9.69765359e+06  2.84713818e+01  9.69765359e+06  1.55785975e+01
 9.77237221e+06  2.83152756e+01  9.77237221e+06  1.56404656e+01
 9.84766652e+06  2.81608580e+01  9.84766652e+06  1.57067047e+01
 9.92354096e+06  2.80040934e+01  9.92354096e+06  1.57711547e+01
 1.00000000e+07  2.78495505e+01  1.00000000e+07  1.58398589e+01
 1.00770481e+07  2.76931398e+01  1.00770481e+07  1.59056671e+01
 1.01546899e+07  2.75387936e+01  1.01546899e+07  1.59746910e+01
 1.02329299e+07  2.73843415e+01  1.02329299e+07  1.60447236e+01
 1.03117727e+07  2.72299095e+01  1.03117727e+07  1.61168005e+01
 1.03912230e+07  2.70754632e+01  1.03912230e+07  1.61920147e+01
 1.04712855e+07  2.69199135e+01  1.04712855e+07  1.62695453e+01
 1.05519648e+07  2.67671850e+01  1.05519648e+07  1.63442477e+01
 1.06332657e+07  2.66121619e+01  1.06332657e+07  1.64254765e+01
 1.07151931e+07  2.64582394e+01  1.07151931e+07  1.65031693e+01
 1.07977516e+07  2.63049250e+01  1.07977516e+07  1.65853681e+01
 1.08809463e+07  2.61511797e+01  1.08809463e+07  1.66719726e+01
 1.09647820e+07  2.59971724e+01  1.09647820e+07  1.67561904e+01
 1.10492636e+07  2.58447801e+01  1.10492636e+07  1.68335585e+01
 1.11343961e+07  2.56914079e+01  1.11343961e+07  1.69266010e+01
 1.12201845e+07  2.55370116e+01  1.12201845e+07  1.70117582e+01
 1.13066340e+07  2.53836176e+01  1.13066340e+07  1.71071534e+01
 1.13937495e+07  2.52304099e+01  1.13937495e+07  1.71953174e+01
 1.14815362e+07  2.50786255e+01  1.14815362e+07  1.72870139e+01
 1.15699993e+07  2.49264526e+01  1.15699993e+07  1.73803521e+01
 1.16591440e+07  2.47713611e+01  1.16591440e+07  1.74894283e+01
 1.17489755e+07  2.46191954e+01  1.17489755e+07  1.75864476e+01
 1.18394992e+07  2.44665943e+01  1.18394992e+07  1.76805551e+01
 1.19307204e+07  2.43137919e+01  1.19307204e+07  1.77845237e+01
 1.20226443e+07  2.41622192e+01  1.20226443e+07  1.78808785e+01
 1.21152766e+07  2.40088157e+01  1.21152766e+07  1.79891175e+01
 1.22086225e+07  2.38564807e+01  1.22086225e+07  1.80920559e+01
 1.23026877e+07  2.37039400e+01  1.23026877e+07  1.82025078e+01
 1.23974776e+07  2.35516270e+01  1.23974776e+07  1.83076025e+01
 1.24929979e+07  2.33980318e+01  1.24929979e+07  1.84220745e+01
 1.25892541e+07  2.32477425e+01  1.25892541e+07  1.85327867e+01
 1.26862520e+07  2.30958771e+01  1.26862520e+07  1.86531981e+01
 1.27839972e+07  2.29415312e+01  1.27839972e+07  1.87726897e+01
 1.28824955e+07  2.27918050e+01  1.28824955e+07  1.88847151e+01
 1.29817528e+07  2.26377831e+01  1.29817528e+07  1.90105936e+01
 1.30817747e+07  2.24843092e+01  1.30817747e+07  1.91424498e+01
 1.31825674e+07  2.23315190e+01  1.31825674e+07  1.92577139e+01
 1.32841366e+07  2.21804087e+01  1.32841366e+07  1.93764929e+01
 1.33864884e+07  2.20294744e+01  1.33864884e+07  1.94975006e+01
 1.34896288e+07  2.18765580e+01  1.34896288e+07  1.96317021e+01
 1.35935639e+07  2.17247414e+01  1.35935639e+07  1.97629357e+01
 1.36982998e+07  2.15703282e+01  1.36982998e+07  1.98980723e+01
 1.38038426e+07  2.14179619e+01  1.38038426e+07  2.00371536e+01
 1.39101987e+07  2.12664889e+01  1.39101987e+07  2.01787152e+01
 1.40173742e+07  2.11153149e+01  1.40173742e+07  2.03075594e+01
 1.41253754e+07  2.09611547e+01  1.41253754e+07  2.04457927e+01
 1.42342088e+07  2.08085393e+01  1.42342088e+07  2.05912289e+01
 1.43438808e+07  2.06545598e+01  1.43438808e+07  2.07350685e+01
 1.44543977e+07  2.05050159e+01  1.44543977e+07  2.08805713e+01
 1.45657662e+07  2.03508234e+01  1.45657662e+07  2.10338061e+01
 1.46779927e+07  2.01976197e+01  1.46779927e+07  2.11950648e+01
 1.47910839e+07  2.00451886e+01  1.47910839e+07  2.13410550e+01
 1.49050464e+07  1.98903173e+01  1.49050464e+07  2.14953140e+01
 1.50198870e+07  1.97387788e+01  1.50198870e+07  2.16606682e+01
 1.51356125e+07  1.95846113e+01  1.51356125e+07  2.18313570e+01
 1.52522296e+07  1.94339509e+01  1.52522296e+07  2.19677470e+01
 1.53697452e+07  1.92758055e+01  1.53697452e+07  2.21544534e+01
 1.54881662e+07  1.91238483e+01  1.54881662e+07  2.23224749e+01
 1.56074996e+07  1.89699932e+01  1.56074996e+07  2.24820305e+01
 1.57277525e+07  1.88177706e+01  1.57277525e+07  2.26635262e+01
 1.58489319e+07  1.86629675e+01  1.58489319e+07  2.28399809e+01
 1.59710450e+07  1.85097649e+01  1.59710450e+07  2.30163861e+01
 1.60940989e+07  1.83561367e+01  1.60940989e+07  2.31903174e+01
 1.62181010e+07  1.82019238e+01  1.62181010e+07  2.33834030e+01
 1.63430584e+07  1.80443287e+01  1.63430584e+07  2.35609475e+01
 1.64689787e+07  1.78856959e+01  1.64689787e+07  2.37843869e+01
 1.65958691e+07  1.77364159e+01  1.65958691e+07  2.39346320e+01
 1.67237372e+07  1.75821617e+01  1.67237372e+07  2.41528880e+01
 1.68525904e+07  1.74294255e+01  1.68525904e+07  2.43393782e+01
 1.69824365e+07  1.72703818e+01  1.69824365e+07  2.45453420e+01
 1.71132830e+07  1.71201189e+01  1.71132830e+07  2.47280448e+01
 1.72451377e+07  1.69564420e+01  1.72451377e+07  2.49637824e+01
 1.73780083e+07  1.68038410e+01  1.73780083e+07  2.51709457e+01
 1.75119026e+07  1.66492637e+01  1.75119026e+07  2.53746746e+01
 1.76468286e+07  1.64890200e+01  1.76468286e+07  2.56047457e+01
 1.77827941e+07  1.63375332e+01  1.77827941e+07  2.58113685e+01
 1.79198072e+07  1.61801616e+01  1.79198072e+07  2.60175845e+01
 1.80578760e+07  1.60209573e+01  1.80578760e+07  2.62646893e+01
 1.81970086e+07  1.58630773e+01  1.81970086e+07  2.65037463e+01
 1.83372132e+07  1.57092200e+01  1.83372132e+07  2.67116535e+01
 1.84784980e+07  1.55531542e+01  1.84784980e+07  2.69636835e+01
 1.86208714e+07  1.53966503e+01  1.86208714e+07  2.72147888e+01
 1.87643417e+07  1.52339936e+01  1.87643417e+07  2.74655133e+01
 1.89089175e+07  1.50805432e+01  1.89089175e+07  2.77025304e+01
 1.90546072e+07  1.49148145e+01  1.90546072e+07  2.79822653e+01
 1.92014194e+07  1.47606579e+01  1.92014194e+07  2.81992282e+01
 1.93493628e+07  1.46066952e+01  1.93493628e+07  2.84732440e+01
 1.94984460e+07  1.44474534e+01  1.94984460e+07  2.87191852e+01
 1.96486779e+07  1.42797150e+01  1.96486779e+07  2.90333457e+01
 1.98000673e+07  1.41234581e+01  1.98000673e+07  2.92886784e+01
 1.99526231e+07  1.39693033e+01  1.99526231e+07  2.95411947e+01
 2.01063544e+07  1.38018801e+01  2.01063544e+07  2.98527239e+01
 2.02612701e+07  1.36472081e+01  2.02612701e+07  3.01265301e+01
 2.04173794e+07  1.34830840e+01  2.04173794e+07  3.04303124e+01
 2.05746916e+07  1.33258643e+01  2.05746916e+07  3.07016276e+01
 2.07332157e+07  1.31666276e+01  2.07332157e+07  3.10187439e+01
 2.08929613e+07  1.30037732e+01  2.08929613e+07  3.13314950e+01
 2.10539377e+07  1.28389055e+01  2.10539377e+07  3.16696854e+01
 2.12161544e+07  1.26743590e+01  2.12161544e+07  3.19771481e+01
 2.13796209e+07  1.25149871e+01  2.13796209e+07  3.22830584e+01
 2.15443469e+07  1.23573392e+01  2.15443469e+07  3.25990122e+01
 2.17103421e+07  1.21905626e+01  2.17103421e+07  3.29384837e+01
 2.18776162e+07  1.20252216e+01  2.18776162e+07  3.32943981e+01
 2.20461792e+07  1.18679184e+01  2.20461792e+07  3.36631508e+01
 2.22160409e+07  1.17028953e+01  2.22160409e+07  3.39843620e+01
 2.23872114e+07  1.15368381e+01  2.23872114e+07  3.43855364e+01
 2.25597007e+07  1.13678657e+01  2.25597007e+07  3.47513854e+01
 2.27335190e+07  1.12113049e+01  2.27335190e+07  3.51072741e+01
 2.29086765e+07  1.10441669e+01  2.29086765e+07  3.54789346e+01
 2.30851836e+07  1.08739030e+01  2.30851836e+07  3.59231664e+01
 2.32630507e+07  1.07184973e+01  2.32630507e+07  3.62601542e+01
 2.34422882e+07  1.05518948e+01  2.34422882e+07  3.66619449e+01
 2.36229066e+07  1.03827858e+01  2.36229066e+07  3.71024942e+01
 2.38049167e+07  1.02184676e+01  2.38049167e+07  3.74515317e+01
 2.39883292e+07  1.00469173e+01  2.39883292e+07  3.79492267e+01
 2.41731548e+07  9.88335128e+00  2.41731548e+07  3.83616541e+01
 2.43594045e+07  9.71894993e+00  2.43594045e+07  3.87851254e+01
 2.45470892e+07  9.55179664e+00  2.45470892e+07  3.91965606e+01
 2.47362199e+07  9.38177812e+00  2.47362199e+07  3.96575536e+01
 2.49268079e+07  9.21267460e+00  2.49268079e+07  4.01827008e+01
 2.51188643e+07  9.04996892e+00  2.51188643e+07  4.07108910e+01
 2.53124005e+07  8.89220578e+00  2.53124005e+07  4.11385398e+01
 2.55074278e+07  8.71435782e+00  2.55074278e+07  4.16811597e+01
 2.57039578e+07  8.54017226e+00  2.57039578e+07  4.21848228e+01
 2.59020020e+07  8.36369753e+00  2.59020020e+07  4.26456588e+01
 2.61015722e+07  8.20159103e+00  2.61015722e+07  4.31787224e+01
 2.63026799e+07  8.04327312e+00  2.63026799e+07  4.37076265e+01
 2.65053372e+07  7.86681539e+00  2.65053372e+07  4.41945515e+01
 2.67095559e+07  7.69935373e+00  2.67095559e+07  4.48754665e+01
 2.69153480e+07  7.52874590e+00  2.69153480e+07  4.53394939e+01
 2.71227258e+07  7.37046018e+00  2.71227258e+07  4.59873464e+01
 2.73317014e+07  7.19003538e+00  2.73317014e+07  4.65458854e+01
 2.75422870e+07  7.01401179e+00  2.75422870e+07  4.71781427e+01
 2.77544952e+07  6.84665267e+00  2.77544952e+07  4.77626283e+01
 2.79683385e+07  6.68190764e+00  2.79683385e+07  4.82972961e+01
 2.81838293e+07  6.52397298e+00  2.81838293e+07  4.89429611e+01
 2.84009805e+07  6.36127422e+00  2.84009805e+07  4.96057552e+01
 2.86198048e+07  6.18888598e+00  2.86198048e+07  5.02159079e+01
 2.88403150e+07  6.02728127e+00  2.88403150e+07  5.11024780e+01
 2.90625243e+07  5.84829587e+00  2.90625243e+07  5.17494687e+01
 2.92864456e+07  5.67423137e+00  2.92864456e+07  5.23765104e+01
 2.95120923e+07  5.54589740e+00  2.95120923e+07  5.31060210e+01
 2.97394775e+07  5.34492153e+00  2.97394775e+07  5.38865737e+01
 2.99686146e+07  5.17646333e+00  2.99686146e+07  5.48532006e+01
 3.01995172e+07  5.03515517e+00  3.01995172e+07  5.53067830e+01
 3.04321989e+07  4.80574881e+00  3.04321989e+07  5.62100580e+01
 3.06666733e+07  4.68339885e+00  3.06666733e+07  5.69794248e+01
 3.09029543e+07  4.52348806e+00  3.09029543e+07  5.77605621e+01
 3.11410558e+07  4.39241381e+00  3.11410558e+07  5.85124379e+01
 3.13809919e+07  4.19763436e+00  3.13809919e+07  5.93749064e+01
 3.16227766e+07  4.08750929e+00  3.16227766e+07  6.02692393e+01
 3.18664242e+07  3.86223928e+00  3.18664242e+07  6.12266374e+01
 3.21119491e+07  3.69354425e+00  3.21119491e+07  6.22393825e+01
 3.23593657e+07  3.55445576e+00  3.23593657e+07  6.32528492e+01
 3.26086886e+07  3.38490488e+00  3.26086886e+07  6.39786913e+01
 3.28599325e+07  3.23987086e+00  3.28599325e+07  6.49970072e+01
 3.31131121e+07  3.07501033e+00  3.31131121e+07  6.59180424e+01
 3.33682425e+07  3.03087134e+00  3.33682425e+07  6.64444152e+01
 3.36253386e+07  2.76351442e+00  3.36253386e+07  6.79278350e+01
 3.38844156e+07  2.69146300e+00  3.38844156e+07  6.86213079e+01
 3.41454887e+07  2.48258376e+00  3.41454887e+07  6.97330037e+01
 3.44085734e+07  2.29683995e+00  3.44085734e+07  7.09410481e+01
 3.46736850e+07  2.13281765e+00  3.46736850e+07  7.21597501e+01
 3.49408393e+07  2.10826625e+00  3.49408393e+07  7.31400494e+01
 3.52100520e+07  1.93634106e+00  3.52100520e+07  7.43723529e+01
 3.54813389e+07  1.77018399e+00  3.54813389e+07  7.59271002e+01
 3.57547160e+07  1.69744638e+00  3.57547160e+07  7.64834869e+01
 3.60301995e+07  1.56142129e+00  3.60301995e+07  7.70928537e+01
 3.63078055e+07  1.43489484e+00  3.63078055e+07  7.85948000e+01
 3.65875504e+07  1.22183477e+00  3.65875504e+07  8.03840632e+01
 3.68694506e+07  1.19062947e+00  3.68694506e+07  8.15169116e+01
 3.71535229e+07  1.04268987e+00  3.71535229e+07  8.26536793e+01
 3.74397839e+07  9.22350957e-01  3.74397839e+07  8.32116719e+01
 3.77282505e+07  8.57299121e-01  3.77282505e+07  8.50635688e+01
 3.80189396e+07  7.26510770e-01  3.80189396e+07  8.60323713e+01
 3.83118685e+07  6.47899462e-01  3.83118685e+07  8.75371675e+01
 3.86070543e+07  5.77907366e-01  3.86070543e+07  8.84564962e+01
 3.89045145e+07  4.30842272e-01  3.89045145e+07  8.97017591e+01
 3.92042666e+07  2.97934176e-01  3.92042666e+07  9.14677137e+01
 3.95063281e+07  2.76720921e-01  3.95063281e+07  9.24098191e+01
 3.98107171e+07  2.36558486e-01  3.98107171e+07  9.38471729e+01
 4.01174512e+07  -2.49992009e-02  4.01174512e+07  9.48666240e+01
 4.04265487e+07  5.21823790e-02  4.04265487e+07  9.69399824e+01
 4.07380278e+07  1.50993265e-03  4.07380278e+07  9.72389218e+01
 4.10519067e+07  -1.32289397e-01  4.10519067e+07  9.79158124e+01
 4.13682040e+07  -1.66353647e-01  4.13682040e+07  1.00119994e+02
 4.16869383e+07  -1.47028562e-01  4.16869383e+07  1.01982209e+02
 4.20081285e+07  -2.10402329e-01  4.20081285e+07  1.03128801e+02
 4.23317933e+07  -2.92509351e-01  4.23317933e+07  1.03787744e+02
 4.26579519e+07  -3.23508402e-01  4.26579519e+07  1.05321909e+02
 4.29866235e+07  -4.61468584e-01  4.29866235e+07  1.06754862e+02
 4.33178274e+07  -6.22872399e-01  4.33178274e+07  1.08158898e+02
 4.36515832e+07  -6.33519094e-01  4.36515832e+07  1.10173036e+02
 4.39879106e+07  -4.30631331e-01  4.39879106e+07  1.11206490e+02
 4.43268292e+07  -4.78086955e-01  4.43268292e+07  1.12348701e+02
 4.46683592e+07  -5.52930055e-01  4.46683592e+07  1.12387364e+02
 4.50125206e+07  -3.21600330e-01  4.50125206e+07  1.14483902e+02
 4.53593337e+07  -5.38504702e-01  4.53593337e+07  1.15562266e+02
 4.57088190e+07  -6.11472376e-01  4.57088190e+07  1.16613258e+02
 4.60609969e+07  -5.90169212e-01  4.60609969e+07  1.17583106e+02
 4.64158883e+07  -4.77539383e-01  4.64158883e+07  1.18901414e+02
 4.67735141e+07  -5.62708916e-01  4.67735141e+07  1.20006232e+02
 4.71338954e+07  -5.22928859e-01  4.71338954e+07  1.21682693e+02
 4.74970533e+07  -5.02167252e-01  4.74970533e+07  1.22717059e+02
 4.78630092e+07  -4.98624457e-01  4.78630092e+07  1.24082744e+02
 4.82317848e+07  -5.13697850e-01  4.82317848e+07  1.24982171e+02
 4.86034018e+07  -5.38449490e-01  4.86034018e+07  1.25562432e+02
 4.89778819e+07  -5.17977865e-01  4.89778819e+07  1.28562399e+02
 4.93552474e+07  -4.60299712e-01  4.93552474e+07  1.27188426e+02
 4.97355204e+07  -4.17317330e-01  4.97355204e+07  1.29279767e+02
 5.01187234e+07  -4.69848299e-01  5.01187234e+07  1.29880219e+02
 5.05048788e+07  -4.30479367e-01  5.05048788e+07  1.31823850e+02
 5.08940095e+07  -3.35569016e-01  5.08940095e+07  1.32878910e+02
 5.12861384e+07  -4.70083186e-01  5.12861384e+07  1.33453131e+02
 5.16812886e+07  -5.24250573e-01  5.16812886e+07  1.33936933e+02
 5.20794833e+07  -2.86365238e-01  5.20794833e+07  1.35764153e+02
 5.24807460e+07  -2.53974706e-01  5.24807460e+07  1.36460835e+02
 5.28851004e+07  -2.55457273e-01  5.28851004e+07  1.36581292e+02
 5.32925703e+07  -1.72075258e-01  5.32925703e+07  1.37456607e+02
 5.37031796e+07  -8.31381554e-02  5.37031796e+07  1.39331991e+02
 5.41169527e+07  -2.80916918e-01  5.41169527e+07  1.39160848e+02
 5.45339137e+07  -1.26089139e-01  5.45339137e+07  1.40205735e+02
 5.49540874e+07  -2.12752208e-01  5.49540874e+07  1.41923405e+02
 5.53774984e+07  -2.91584670e-02  5.53774984e+07  1.41863588e+02
 5.58041717e+07  -1.32080847e-01  5.58041717e+07  1.42876021e+02
 5.62341325e+07  6.32488600e-02  5.62341325e+07  1.42968092e+02
 5.66674061e+07  7.59285381e-02  5.66674061e+07  1.45444084e+02
 5.71040179e+07  1.21437629e-01  5.71040179e+07  1.44815055e+02
 5.75439937e+07  1.54282456e-01  5.75439937e+07  1.45031688e+02
 5.79873595e+07  2.63253107e-01  5.79873595e+07  1.46129684e+02
 5.84341413e+07  2.08967211e-01  5.84341413e+07  1.47054929e+02
 5.88843655e+07  3.45138744e-01  5.88843655e+07  1.47414688e+02
 5.93380586e+07  3.05935439e-01  5.93380586e+07  1.48772825e+02
 5.97952473e+07  3.74342459e-01  5.97952473e+07  1.49405303e+02
 6.02559586e+07  5.11352791e-01  6.02559586e+07  1.49977814e+02
 6.07202196e+07  3.87836397e-01  6.07202196e+07  1.51120901e+02
 6.11880576e+07  6.46939302e-01  6.11880576e+07  1.51020229e+02
 6.16595002e+07  5.03279447e-01  6.16595002e+07  1.51617031e+02
 6.21345752e+07  5.59388346e-01  6.21345752e+07  1.51990998e+02
 6.26133105e+07  5.88197231e-01  6.26133105e+07  1.53180757e+02
 6.30957344e+07  6.21287148e-01  6.30957344e+07  1.53972891e+02
 6.35818754e+07  7.34775029e-01  6.35818754e+07  1.54484488e+02
 6.40717619e+07  6.75691114e-01  6.40717619e+07  1.55143780e+02
 6.45654229e+07  8.51731242e-01  6.45654229e+07  1.55384620e+02
 6.50628875e+07  7.45756952e-01  6.50628875e+07  1.55655207e+02
 6.55641849e+07  8.73315118e-01  6.55641849e+07  1.56638431e+02
 6.60693448e+07  8.70070541e-01  6.60693448e+07  1.57052614e+02
 6.65783968e+07  1.11985826e+00  6.65783968e+07  1.58045573e+02
 6.70913710e+07  1.03770982e+00  6.70913710e+07  1.58381634e+02
 6.76082975e+07  9.44441073e-01  6.76082975e+07  1.58641474e+02
 6.81292069e+07  1.04988052e+00  6.81292069e+07  1.59345357e+02
 6.86541298e+07  1.12943592e+00  6.86541298e+07  1.59978024e+02
 6.91830971e+07  1.10659072e+00  6.91830971e+07  1.60275960e+02
 6.97161400e+07  1.23435066e+00  6.97161400e+07  1.60903353e+02
 7.02532899e+07  1.23331767e+00  7.02532899e+07  1.60834847e+02
 7.07945784e+07  1.27810765e+00  7.07945784e+07  1.61445959e+02
 7.13400375e+07  1.39507271e+00  7.13400375e+07  1.62330245e+02
 7.18896992e+07  1.24933953e+00  7.18896992e+07  1.62598150e+02
 7.24435960e+07  1.31761771e+00  7.24435960e+07  1.62728151e+02
 7.30017605e+07  1.45742777e+00  7.30017605e+07  1.63257442e+02
 7.35642254e+07  1.42950779e+00  7.35642254e+07  1.63686527e+02
 7.41310241e+07  1.47992338e+00  7.41310241e+07  1.64155604e+02
 7.47021899e+07  1.61247139e+00  7.47021899e+07  1.64696555e+02
 7.52777564e+07  1.62037116e+00  7.52777564e+07  1.64855633e+02
 7.58577575e+07  1.53934215e+00  7.58577575e+07  1.65721748e+02
 7.64422274e+07  1.64251075e+00  7.64422274e+07  1.65862331e+02
 7.70312006e+07  1.69398461e+00  7.70312006e+07  1.66442350e+02
 7.76247117e+07  1.73470995e+00  7.76247117e+07  1.66539030e+02
 7.82227956e+07  1.83372398e+00  7.82227956e+07  1.67046262e+02
 7.88254877e+07  1.82229200e+00  7.88254877e+07  1.67350312e+02
 7.94328235e+07  1.73276687e+00  7.94328235e+07  1.67840865e+02
 8.00448386e+07  1.90452773e+00  8.00448386e+07  1.68008814e+02
 8.06615692e+07  1.84048417e+00  8.06615692e+07  1.68743780e+02
 8.12830516e+07  2.12824404e+00  8.12830516e+07  1.68734358e+02
 8.19093224e+07  2.09014740e+00  8.19093224e+07  1.69042220e+02
 8.25404185e+07  2.05741078e+00  8.25404185e+07  1.69302752e+02
 8.31763771e+07  1.99093034e+00  8.31763771e+07  1.69902397e+02
 8.38172356e+07  2.02774403e+00  8.38172356e+07  1.70359391e+02
 8.44630319e+07  2.16292669e+00  8.44630319e+07  1.70625744e+02
 8.51138038e+07  2.24014101e+00  8.51138038e+07  1.71076372e+02
 8.57695899e+07  2.13981113e+00  8.57695899e+07  1.71660329e+02
 8.64304286e+07  2.22122398e+00  8.64304286e+07  1.71980525e+02
 8.70963590e+07  2.35656118e+00  8.70963590e+07  1.71854561e+02
 8.77674203e+07  2.37366145e+00  8.77674203e+07  1.72294733e+02
 8.84436519e+07  2.36919557e+00  8.84436519e+07  1.72734215e+02
 8.91250938e+07  2.32401937e+00  8.91250938e+07  1.72820082e+02
 8.98117861e+07  2.35457126e+00  8.98117861e+07  1.73173467e+02
 9.05037692e+07  2.49185566e+00  9.05037692e+07  1.73762144e+02
 9.12010839e+07  2.45061250e+00  9.12010839e+07  1.74277803e+02
 9.19037713e+07  2.40494138e+00  9.19037713e+07  1.74090547e+02
 9.26118728e+07  2.64664713e+00  9.26118728e+07  1.74363923e+02
 9.33254301e+07  2.66809118e+00  9.33254301e+07  1.74982770e+02
 9.40444852e+07  2.63318928e+00  9.40444852e+07  1.75122952e+02
 9.47690805e+07  2.57730558e+00  9.47690805e+07  1.75289366e+02
 9.54992586e+07  2.76696693e+00  9.54992586e+07  1.75209822e+02
 9.62350626e+07  2.67596438e+00  9.62350626e+07  1.76064462e+02
 9.69765359e+07  2.80515116e+00  9.69765359e+07  1.76148369e+02
 9.77237221e+07  2.81127706e+00  9.77237221e+07  1.76461647e+02
 9.84766652e+07  2.72805333e+00  9.84766652e+07  1.76911620e+02
 9.92354096e+07  2.83858176e+00  9.92354096e+07  1.76993156e+02
 1.00000000e+08  2.79998934e+00  1.00000000e+08  1.77223151e+02
 1.00770481e+08  2.91874746e+00  1.00770481e+08  1.77439207e+02
 1.01546899e+08  2.74090505e+00  1.01546899e+08  1.77824360e+02
 1.02329299e+08  3.01652624e+00  1.02329299e+08  1.77754351e+02
 1.03117727e+08  3.02843203e+00  1.03117727e+08  1.78393150e+02
 1.03912230e+08  2.98354606e+00  1.03912230e+08  1.78598607e+02
 1.04712855e+08  2.79053565e+00  1.04712855e+08  1.79196490e+02
 1.05519648e+08  3.23364346e+00  1.05519648e+08  1.78984047e+02
 1.06332657e+08  3.09778089e+00  1.06332657e+08  1.79231564e+02
 1.07151931e+08  3.17911787e+00  1.07151931e+08  1.79640917e+02
 1.07977516e+08  3.34103772e+00  1.07977516e+08  1.79479823e+02
 1.08809463e+08  3.12749783e+00  1.08809463e+08  1.79921492e+02
 1.09647820e+08  3.10769959e+00  1.09647820e+08  1.80344527e+02
 1.10492636e+08  3.29451606e+00  1.10492636e+08  1.80324634e+02
 1.11343961e+08  3.57534226e+00  1.11343961e+08  1.80736897e+02
 1.12201845e+08  3.56223695e+00  1.12201845e+08  1.80771486e+02
 1.13066340e+08  3.44346189e+00  1.13066340e+08  1.80919646e+02
 1.13937495e+08  3.66657226e+00  1.13937495e+08  1.80989108e+02
 1.14815362e+08  3.53623190e+00  1.14815362e+08  1.81311632e+02
 1.15699993e+08  3.65361891e+00  1.15699993e+08  1.81249807e+02
 1.16591440e+08  3.66013830e+00  1.16591440e+08  1.81812187e+02
 1.17489755e+08  3.52878733e+00  1.17489755e+08  1.81930615e+02
 1.18394992e+08  3.42599269e+00  1.18394992e+08  1.82336356e+02
 1.19307204e+08  3.55446682e+00  1.19307204e+08  1.82338367e+02
 1.20226443e+08  3.67353782e+00  1.20226443e+08  1.82463530e+02
 1.21152766e+08  3.78037014e+00  1.21152766e+08  1.82889810e+02
 1.22086225e+08  3.80867687e+00  1.22086225e+08  1.83200399e+02
 1.23026877e+08  3.91568053e+00  1.23026877e+08  1.83204029e+02
 1.23974776e+08  3.81498469e+00  1.23974776e+08  1.83446611e+02
 1.24929979e+08  3.82708487e+00  1.24929979e+08  1.83483184e+02
 1.25892541e+08  3.85481185e+00  1.25892541e+08  1.83760767e+02
 1.26862520e+08  3.85277906e+00  1.26862520e+08  1.84111298e+02
 1.27839972e+08  3.75369751e+00  1.27839972e+08  1.84482551e+02
 1.28824955e+08  4.03053161e+00  1.28824955e+08  1.84550454e+02
 1.29817528e+08  4.03822184e+00  1.29817528e+08  1.84507965e+02
 1.30817747e+08  4.07112025e+00  1.30817747e+08  1.84818748e+02
 1.31825674e+08  3.97425201e+00  1.31825674e+08  1.84911035e+02
 1.32841366e+08  4.01469825e+00  1.32841366e+08  1.85229734e+02
 1.33864884e+08  4.02674429e+00  1.33864884e+08  1.85536754e+02
 1.34896288e+08  4.05879585e+00  1.34896288e+08  1.85478143e+02
 1.35935639e+08  4.08433302e+00  1.35935639e+08  1.85741174e+02
 1.36982998e+08  4.13021473e+00  1.36982998e+08  1.85782691e+02
 1.38038426e+08  4.60069508e+00  1.38038426e+08  1.85794745e+02
 1.39101987e+08  4.35746582e+00  1.39101987e+08  1.85891504e+02
 1.40173742e+08  4.25344348e+00  1.40173742e+08  1.85947922e+02
 1.41253754e+08  4.43231498e+00  1.41253754e+08  1.86180256e+02
 1.42342088e+08  4.65943072e+00  1.42342088e+08  1.86357589e+02
 1.43438808e+08  4.38601116e+00  1.43438808e+08  1.86707946e+02
 1.44543977e+08  4.44209598e+00  1.44543977e+08  1.86783298e+02
 1.45657662e+08  4.65376780e+00  1.45657662e+08  1.86746625e+02
 1.46779927e+08  4.40771266e+00  1.46779927e+08  1.86991379e+02
 1.47910839e+08  4.47650511e+00  1.47910839e+08  1.87174621e+02
 1.49050464e+08  4.68386680e+00  1.49050464e+08  1.87383907e+02
 1.50198870e+08  4.57686994e+00  1.50198870e+08  1.87153266e+02
 1.51356125e+08  4.81194908e+00  1.51356125e+08  1.87268323e+02
 1.52522296e+08  4.72832243e+00  1.52522296e+08  1.87545109e+02
 1.53697452e+08  4.95754045e+00  1.53697452e+08  1.87475149e+02
 1.54881662e+08  4.86146391e+00  1.54881662e+08  1.87772178e+02
 1.56074996e+08  4.77547793e+00  1.56074996e+08  1.87925048e+02
 1.57277525e+08  4.67315056e+00  1.57277525e+08  1.88340799e+02
 1.58489319e+08  4.92918970e+00  1.58489319e+08  1.88008134e+02
 1.59710450e+08  4.65268701e+00  1.59710450e+08  1.88486546e+02
 1.60940989e+08  4.93851292e+00  1.60940989e+08  1.88053504e+02
 1.62181010e+08  4.83327670e+00  1.62181010e+08  1.88677768e+02
 1.63430584e+08  4.92742497e+00  1.63430584e+08  1.88560660e+02
 1.64689787e+08  4.82865828e+00  1.64689787e+08  1.88637510e+02
 1.65958691e+08  5.31725132e+00  1.65958691e+08  1.88481521e+02
 1.67237372e+08  5.03216277e+00  1.67237372e+08  1.88856394e+02
 1.68525904e+08  5.54053287e+00  1.68525904e+08  1.88254129e+02
 1.69824365e+08  5.45140151e+00  1.69824365e+08  1.88944716e+02
 1.71132830e+08  5.33896165e+00  1.71132830e+08  1.89284656e+02
 1.72451377e+08  5.25163880e+00  1.72451377e+08  1.89024822e+02
 1.73780083e+08  4.93156520e+00  1.73780083e+08  1.89231901e+02
 1.75119026e+08  5.49735464e+00  1.75119026e+08  1.88443335e+02
 1.76468286e+08  5.40227922e+00  1.76468286e+08  1.89001265e+02
 1.77827941e+08  5.53711134e+00  1.77827941e+08  1.89331717e+02
 1.79198072e+08  5.43543598e+00  1.79198072e+08  1.89291775e+02
 1.80578760e+08  5.33606609e+00  1.80578760e+08  1.89627267e+02
 1.81970086e+08  5.22787477e+00  1.81970086e+08  1.89540664e+02
 1.83372132e+08  5.61317779e+00  1.83372132e+08  1.89276396e+02
 1.84784980e+08  5.52011160e+00  1.84784980e+08  1.89682311e+02
 1.86208714e+08  5.42699232e+00  1.86208714e+08  1.89900912e+02
 1.87643417e+08  5.82222369e+00  1.87643417e+08  1.89495481e+02
 1.89089175e+08  5.72220953e+00  1.89089175e+08  1.89464441e+02
 1.90546072e+08  5.61538936e+00  1.90546072e+08  1.89403585e+02
 1.92014194e+08  5.51560437e+00  1.92014194e+08  1.89608223e+02
 1.93493628e+08  5.96662165e+00  1.93493628e+08  1.89576317e+02
 1.94984460e+08  6.14983106e+00  1.94984460e+08  1.89748083e+02
 1.96486779e+08  5.76028172e+00  1.96486779e+08  1.89432712e+02
 1.98000673e+08  5.39962452e+00  1.98000673e+08  1.90253237e+02
 1.99526231e+08  5.57186927e+00  1.99526231e+08  1.90028559e+02
 2.01063544e+08  5.46592325e+00  2.01063544e+08  1.89797238e+02
 2.02612701e+08  5.91767533e+00  2.02612701e+08  1.89642817e+02
 2.04173794e+08  6.13048512e+00  2.04173794e+08  1.89491668e+02
 2.05746916e+08  6.03496169e+00  2.05746916e+08  1.90042835e+02
 2.07332157e+08  5.93022931e+00  2.07332157e+08  1.89938027e+02
 2.08929613e+08  5.82178697e+00  2.08929613e+08  1.89658090e+02
 2.10539377e+08  6.04989542e+00  2.10539377e+08  1.90025832e+02
 2.12161544e+08  5.93360947e+00  2.12161544e+08  1.90095806e+02
 2.13796209e+08  6.15939933e+00  2.13796209e+08  1.89798991e+02
 2.15443469e+08  6.05772848e+00  2.15443469e+08  1.89801759e+02
 2.17103421e+08  6.28946461e+00  2.17103421e+08  1.89558451e+02
 2.18776162e+08  6.54290887e+00  2.18776162e+08  1.89819091e+02
 2.20461792e+08  6.44440304e+00  2.20461792e+08  1.89878582e+02
 2.22160409e+08  6.33627096e+00  2.22160409e+08  1.89649940e+02
 2.23872114e+08  5.88574449e+00  2.23872114e+08  1.90116586e+02
 2.25597007e+08  6.48828943e+00  2.25597007e+08  1.89334356e+02
 2.27335190e+08  6.02751130e+00  2.27335190e+08  1.89630352e+02
 2.29086765e+08  6.66272458e+00  2.29086765e+08  1.89629683e+02
 2.30851836e+08  6.18545436e+00  2.30851836e+08  1.89914224e+02
 2.32630507e+08  6.84254576e+00  2.32630507e+08  1.88975205e+02
 2.34422882e+08  6.74193544e+00  2.34422882e+08  1.89252204e+02
 2.36229066e+08  6.24255016e+00  2.36229066e+08  1.89334705e+02
 2.38049167e+08  6.95589080e+00  2.38049167e+08  1.89359014e+02
 2.39883292e+08  6.02501910e+00  2.39883292e+08  1.89447949e+02
 2.41731548e+08  6.32740418e+00  2.41731548e+08  1.89464185e+02
 2.43594045e+08  7.07037220e+00  2.43594045e+08  1.88806351e+02
 2.45470892e+08  6.96143989e+00  2.45470892e+08  1.89318787e+02
 2.47362199e+08  5.99849793e+00  2.47362199e+08  1.89435079e+02
 2.49268079e+08  6.75323945e+00  2.49268079e+08  1.88862449e+02
 2.51188643e+08  7.10273979e+00  2.51188643e+08  1.89079554e+02
 2.53124005e+08  7.49265420e+00  2.53124005e+08  1.89066396e+02
 2.55074278e+08  6.40912512e+00  2.55074278e+08  1.88912138e+02
 2.57039578e+08  6.77343149e+00  2.57039578e+08  1.89122258e+02
 2.59020020e+08  6.67485140e+00  2.59020020e+08  1.89007900e+02
 2.61015722e+08  6.56287307e+00  2.61015722e+08  1.88844984e+02
 2.63026799e+08  6.94682632e+00  2.63026799e+08  1.88409034e+02
 2.65053372e+08  7.34961236e+00  2.65053372e+08  1.88642943e+02
 2.67095559e+08  7.22886500e+00  2.67095559e+08  1.88410845e+02
 2.69153480e+08  6.60083511e+00  2.69153480e+08  1.88481932e+02
 2.71227258e+08  6.50265819e+00  2.71227258e+08  1.88253078e+02
 2.73317014e+08  6.37869116e+00  2.73317014e+08  1.88481837e+02
 2.75422870e+08  6.78251212e+00  2.75422870e+08  1.88330668e+02
 2.77544952e+08  7.23599052e+00  2.77544952e+08  1.88403814e+02
 2.79683385e+08  7.71046202e+00  2.79683385e+08  1.87995385e+02
 2.81838293e+08  6.45673823e+00  2.81838293e+08  1.88321526e+02
 2.84009805e+08  6.32974086e+00  2.84009805e+08  1.88349689e+02
 2.86198048e+08  6.22348975e+00  2.86198048e+08  1.88123901e+02
 2.88403150e+08  7.89426041e+00  2.88403150e+08  1.87945126e+02
 2.90625243e+08  7.76802772e+00  2.90625243e+08  1.87352412e+02
 2.92864456e+08  7.03977533e+00  2.92864456e+08  1.87959927e+02
 2.95120923e+08  6.89881554e+00  2.95120923e+08  1.87503542e+02
 2.97394775e+08  6.79577150e+00  2.97394775e+08  1.87520529e+02
 2.99686146e+08  6.07722705e+00  2.99686146e+08  1.87490679e+02
 3.01995172e+08  5.96552372e+00  3.01995172e+08  1.87673818e+02
 3.04321989e+08  7.07343092e+00  3.04321989e+08  1.87461605e+02
 3.06666733e+08  6.96252494e+00  3.06666733e+08  1.87445099e+02
 3.09029543e+08  7.52937855e+00  3.09029543e+08  1.87011950e+02
 3.11410558e+08  8.15845312e+00  3.11410558e+08  1.87132889e+02
 3.13809919e+08  7.29419357e+00  3.13809919e+08  1.87181065e+02
 3.16227766e+08  7.16662884e+00  3.16227766e+08  1.86798658e+02
 3.18664242e+08  8.62216229e+00  3.18664242e+08  1.86767563e+02
 3.21119491e+08  6.91244642e+00  3.21119491e+08  1.86561079e+02
 3.23593657e+08  7.55623004e+00  3.23593657e+08  1.86674307e+02
 3.26086886e+08  7.43680009e+00  3.26086886e+08  1.86631561e+02
 3.28599325e+08  7.32099548e+00  3.28599325e+08  1.86262019e+02
 3.31131121e+08  6.43839084e+00  3.31131121e+08  1.86555798e+02
 3.33682425e+08  7.08199033e+00  3.33682425e+08  1.85883333e+02
 3.36253386e+08  6.93292346e+00  3.36253386e+08  1.85987746e+02
 3.38844156e+08  7.66090295e+00  3.38844156e+08  1.86142710e+02
 3.41454887e+08  5.95931187e+00  3.41454887e+08  1.86227457e+02
 3.44085734e+08  6.57720850e+00  3.44085734e+08  1.86272173e+02
 3.46736850e+08  7.29044570e+00  3.46736850e+08  1.86072160e+02
 3.49408393e+08  8.07085231e+00  3.49408393e+08  1.86127714e+02
 3.52100520e+08  7.03302988e+00  3.52100520e+08  1.85532372e+02
 3.54813389e+08  6.91075125e+00  3.54813389e+08  1.85899996e+02
 3.57547160e+08  7.70006688e+00  3.57547160e+08  1.85572544e+02
 3.60301995e+08  7.56546262e+00  3.60301995e+08  1.85399790e+02
 3.63078055e+08  8.46030917e+00  3.63078055e+08  1.85024053e+02
 3.65875504e+08  8.34325442e+00  3.65875504e+08  1.85530571e+02
 3.68694506e+08  7.19750381e+00  3.68694506e+08  1.85350357e+02
 3.71535229e+08  7.06920311e+00  3.71535229e+08  1.85477873e+02
 3.74397839e+08  7.95322533e+00  3.74397839e+08  1.85075795e+02
 3.77282505e+08  7.82643351e+00  3.77282505e+08  1.85304509e+02
 3.80189396e+08  7.70078256e+00  3.80189396e+08  1.84906268e+02
 3.83118685e+08  6.55557125e+00  3.83118685e+08  1.84882873e+02
 3.86070543e+08  8.61313830e+00  3.86070543e+08  1.84862270e+02
 3.89045145e+08  7.32466987e+00  3.89045145e+08  1.84538307e+02
 3.92042666e+08  7.18817820e+00  3.92042666e+08  1.84757660e+02
 3.95063281e+08  8.21699362e+00  3.95063281e+08  1.84754107e+02
 3.98107171e+08  8.08224225e+00  3.98107171e+08  1.84256963e+02
 4.01174512e+08  6.81044937e+00  4.01174512e+08  1.84563335e+02
 4.04265487e+08  9.14169229e+00  4.04265487e+08  1.84556075e+02
 4.07380278e+08  6.53791088e+00  4.07380278e+08  1.84323378e+02
 4.10519067e+08  7.56917737e+00  4.10519067e+08  1.84028787e+02
 4.13682040e+08  7.45218972e+00  4.13682040e+08  1.84135192e+02
 4.16869383e+08  6.16342278e+00  4.16869383e+08  1.84159994e+02
 4.20081285e+08  7.16595322e+00  4.20081285e+08  1.84088409e+02
 4.23317933e+08  8.40443965e+00  4.23317933e+08  1.83923428e+02
 4.26579519e+08  6.93437477e+00  4.26579519e+08  1.84204143e+02
 4.29866235e+08  6.79611540e+00  4.29866235e+08  1.83586530e+02
 4.33178274e+08  6.65085763e+00  4.33178274e+08  1.83718089e+02
 4.36515832e+08  9.44483835e+00  4.36515832e+08  1.83564319e+02
 4.39879106e+08  1.12336033e+01  4.39879106e+08  1.83451304e+02
 4.43268292e+08  9.17723301e+00  4.43268292e+08  1.83489251e+02
 4.46683592e+08  6.12466157e+00  4.46683592e+08  1.83840610e+02
 4.50125206e+08  8.91263344e+00  4.50125206e+08  1.83594613e+02
 4.53593337e+08  7.20709725e+00  4.53593337e+08  1.83522538e+02
 4.57088190e+08  8.66106807e+00  4.57088190e+08  1.83505771e+02
 4.60609969e+08  6.94854660e+00  4.60609969e+08  1.83496972e+02
 4.64158883e+08  6.81688144e+00  4.64158883e+08  1.83256109e+02
 4.67735141e+08  6.68843903e+00  4.67735141e+08  1.83176098e+02
 4.71338954e+08  8.14827779e+00  4.71338954e+08  1.83184110e+02
 4.74970533e+08  7.97970331e+00  4.74970533e+08  1.82706070e+02
 4.78630092e+08  7.86417748e+00  4.78630092e+08  1.82833903e+02
 4.82317848e+08  7.71574599e+00  4.82317848e+08  1.82993353e+02
 4.86034018e+08  7.59788035e+00  4.86034018e+08  1.82693905e+02
 4.89778819e+08  9.37925852e+00  4.89778819e+08  1.82914970e+02
 4.93552474e+08  9.27582898e+00  4.93552474e+08  1.82670896e+02
 4.97355204e+08  7.21046002e+00  4.97355204e+08  1.83014063e+02
 5.01187234e+08  7.07396325e+00  5.01187234e+08  1.82600432e+02
 5.05048788e+08  6.93712622e+00  5.05048788e+08  1.82812361e+02
 5.08940095e+08  6.79875951e+00  5.08940095e+08  1.82571814e+02
 5.12861384e+08  6.66546239e+00  5.12861384e+08  1.82647108e+02
 5.16812886e+08  8.47344082e+00  5.16812886e+08  1.82560754e+02
 5.20794833e+08  8.32806968e+00  5.20794833e+08  1.82306228e+02
 5.24807460e+08  8.18240132e+00  5.24807460e+08  1.82747596e+02
 5.28851004e+08  8.06686264e+00  5.28851004e+08  1.82236098e+02
 5.32925703e+08  6.01610843e+00  5.32925703e+08  1.82653736e+02
 5.37031796e+08  7.80347544e+00  5.37031796e+08  1.82219241e+02
 5.41169527e+08  1.01769826e+01  5.41169527e+08  1.82132402e+02
 5.45339137e+08  7.53163141e+00  5.45339137e+08  1.81845279e+02
 5.49540874e+08  7.40272452e+00  5.49540874e+08  1.82332873e+02
 5.53774984e+08  5.32698834e+00  5.53774984e+08  1.82043959e+02
 5.58041717e+08  7.10702433e+00  5.58041717e+08  1.82371039e+02
 5.62341325e+08  9.48841974e+00  5.62341325e+08  1.81899212e+02
 5.66674061e+08  6.87316906e+00  5.66674061e+08  1.81883817e+02
 5.71040179e+08  9.23340080e+00  5.71040179e+08  1.81882744e+02
 5.75439937e+08  9.08914688e+00  5.75439937e+08  1.82226577e+02
 5.79873595e+08  8.92772108e+00  5.79873595e+08  1.82052337e+02
 5.84341413e+08  1.23166992e+01  5.84341413e+08  1.82420989e+02
 5.88843655e+08  8.66555432e+00  5.88843655e+08  1.82009778e+02
 5.93380586e+08  8.55169527e+00  5.93380586e+08  1.81718421e+02
 5.97952473e+08  5.92489307e+00  5.97952473e+08  1.81704009e+02
 6.02559586e+08  5.78147109e+00  6.02559586e+08  1.81550464e+02
 6.07202196e+08  1.16674465e+01  6.07202196e+08  1.81167171e+02
 6.11880576e+08  5.52103115e+00  6.11880576e+08  1.81501040e+02
 6.16595002e+08  1.13849359e+01  6.16595002e+08  1.81850505e+02
 6.21345752e+08  7.73833797e+00  6.21345752e+08  1.81444901e+02
 6.26133105e+08  7.58840679e+00  6.26133105e+08  1.81632905e+02
 6.30957344e+08  4.97898113e+00  6.30957344e+08  1.81590424e+02
 6.35818754e+08  1.08507225e+01  6.35818754e+08  1.81680357e+02
 6.40717619e+08  7.20829121e+00  6.40717619e+08  1.81629466e+02
 6.45654229e+08  7.07406130e+00  6.45654229e+08  1.81298363e+02
 6.50628875e+08  4.44302092e+00  6.50628875e+08  1.81390149e+02
 6.55641849e+08  1.63263192e+01  6.55641849e+08  1.81478266e+02
 6.60693448e+08  6.65325634e+00  6.60693448e+08  1.81415466e+02
 6.65783968e+08  6.51903299e+00  6.65783968e+08  1.81650431e+02
 6.70913710e+08  9.90770649e+00  6.70913710e+08  1.81854621e+02
 6.76082975e+08  6.25442020e+00  6.76082975e+08  1.81572903e+02
 6.81292069e+08  9.61990518e+00  6.81292069e+08  1.81554455e+02
 6.86541298e+08  5.97881144e+00  6.86541298e+08  1.80930392e+02
 6.91830971e+08  3.36884380e+00  6.91830971e+08  1.81198724e+02
 6.97161400e+08  1.52535495e+01  6.97161400e+08  1.81556507e+02
 7.02532899e+08  9.11497332e+00  7.02532899e+08  1.81479949e+02
 7.07945784e+08  8.94653063e+00  7.07945784e+08  1.80838197e+02
 7.13400375e+08  8.83121505e+00  7.13400375e+08  1.80533827e+02
 7.18896992e+08  8.69354895e+00  7.18896992e+08  1.81496852e+02
 7.24435960e+08  8.55967259e+00  7.24435960e+08  1.81056892e+02
 7.30017605e+08  4.88330274e+00  7.30017605e+08  1.81375374e+02
 7.35642254e+08  8.29487173e+00  7.35642254e+08  1.80701295e+02
 7.41310241e+08  4.64050967e+00  7.41310241e+08  1.81146019e+02
 7.47021899e+08  4.51361097e+00  7.47021899e+08  1.81576519e+02
 7.52777564e+08  7.88614517e+00  7.52777564e+08  1.80897078e+02
 7.58577575e+08  7.74129523e+00  7.58577575e+08  1.80910702e+02
 7.64422274e+08  7.63045351e+00  7.64422274e+08  1.80494834e+02
 7.70312006e+08  1.34953494e+01  7.70312006e+08  1.80674930e+02
 7.76247117e+08  7.36383233e+00  7.76247117e+08  1.79903013e+02
 7.82227956e+08  1.32436928e+01  7.82227956e+08  1.80746712e+02
 7.88254877e+08  7.10077962e+00  7.88254877e+08  1.80633635e+02
 7.94328235e+08  6.94251974e+00  7.94328235e+08  1.80762084e+02
 8.00448386e+08  3.28428794e+00  8.00448386e+08  1.80697566e+02
 8.06615692e+08  3.15121416e+00  8.06615692e+08  1.80676545e+02
 8.12830516e+08  6.53231952e+00  8.12830516e+08  1.80650242e+02
 8.19093224e+08  6.40437933e+00  8.19093224e+08  1.80979123e+02
 8.25404185e+08  2.76107013e+00  8.25404185e+08  1.80524448e+02
 8.31763771e+08  1.21532073e+01  8.31763771e+08  1.79859406e+02
 8.38172356e+08  5.99107502e+00  8.38172356e+08  1.80703603e+02
 8.44630319e+08  1.18672934e+01  8.44630319e+08  1.80447218e+02
 8.51138038e+08  2.20981751e+00  8.51138038e+08  1.80538805e+02
 8.57695899e+08  2.06536978e+00  8.57695899e+08  1.79860383e+02
 8.64304286e+08  1.95054857e+00  8.64304286e+08  1.79351061e+02
 8.70963590e+08  1.13441001e+01  8.70963590e+08  1.80103818e+02
 8.77674203e+08  1.12131632e+01  8.77674203e+08  1.80228270e+02
 8.84436519e+08  1.10655861e+01  8.84436519e+08  1.79699444e+02
 8.91250938e+08  7.50505106e+01  8.91250938e+08  2.71398993e+02
 8.98117861e+08  4.77726198e+00  8.98117861e+08  1.80567693e+02
 9.05037692e+08  1.06525665e+01  9.05037692e+08  1.81314884e+02
 9.12010839e+08  -1.46783797e+00  9.12010839e+08  1.80004979e+02
 9.19037713e+08  4.37041548e+00  9.19037713e+08  1.80081750e+02
 9.26118728e+08  4.23767113e+00  9.26118728e+08  1.80740728e+02
 9.33254301e+08  4.10722105e+00  9.33254301e+08  1.80501873e+02
 9.40444852e+08  3.98182668e+00  9.40444852e+08  1.80062360e+02
 9.47690805e+08  9.86988891e+00  9.47690805e+08  1.79489485e+02
 9.54992586e+08  9.73151337e+00  9.54992586e+08  1.80312687e+02
 9.62350626e+08  3.56957079e+00  9.62350626e+08  1.80283108e+02
 9.69765359e+08  9.42765426e+00  9.69765359e+08  1.81428800e+02
 9.77237221e+08  -2.25172152e-01  9.77237221e+08  1.79905850e+02
 9.84766652e+08  3.16162152e+00  9.84766652e+08  1.80484813e+02
 9.92354096e+08  3.01460728e+00  9.92354096e+08  1.80357616e+02
 1.00000000e+09  8.92730697e+00  1.00000000e+09  1.79722380e+02
