Warning: m=xx on .subckt line will override multiplier m hierarchy!


Note: Compatibility modes selected: hs a


Circuit: * sg13g2-bandgap -- bandgap_core pex (post-layout) open-loop pvt testbench

Doing analysis at TEMP = 27.000000 and TNOM = 27.000000

Using SPARSE 1.3 as Direct Linear Solver
 Reference value :  0.00000e+00
No. of Data Rows : 1
v(vref) = 1.016138e+00
v(pex_fb) = 2.880889e+00
v(sns1) = 7.024756e-01
v(sns2) = 6.980215e-01
v(cb2) = 6.477602e-01
v(cb3) = 7.032167e-01
i(vm1) = 5.105293e-06
i(vm2a) = 4.604616e-06
i(vm2b) = 5.818332e-07
i(vm3a) = 4.089910e-06
i(vm3b) = 5.798705e-07
i(vm3c) = 5.798612e-07
Doing analysis at TEMP = 27.000000 and TNOM = 27.000000

Using SPARSE 1.3 as Direct Linear Solver

No. of Data Rows : 1
	Node                                  Voltage
	----                                  -------
	----	-------
	n.xr2.nr1#flow(b_re2)            -5.18645e-06
	n.xr2.nr1#flow(b_re1)            5.186449e-06
	n.xr2.nr1#i2                     6.479938e-01
	n.xr2.nr1#i1                     6.978782e-01
	n.xr1.nr1#flow(b_re2)            -5.24964e-06
	n.xr1.nr1#flow(b_re1)            5.249641e-06
	n.xr1.nr1#i2                     7.039264e-01
	n.xr1.nr1#i1                     1.015916e+00
	n.xm0.nsg13_hv_pmos#BS           0.000000e+00
	n.xm0.nsg13_hv_pmos#BI           3.630000e+00
	n.xm0.nsg13_hv_pmos#BP           3.630000e+00
	n.xm0.nsg13_hv_pmos#DI           3.630000e+00
	n.xm0.nsg13_hv_pmos#SI           3.630000e+00
	n.xm0.nsg13_hv_pmos#GP           2.880889e+00
	n.xm0.nsg13_hv_pmos#NOI          0.000000e+00
	n.xm1.nsg13_hv_pmos#BS           0.000000e+00
	n.xm1.nsg13_hv_pmos#BI           3.630000e+00
	n.xm1.nsg13_hv_pmos#BP           3.630000e+00
	n.xm1.nsg13_hv_pmos#DI           3.630000e+00
	n.xm1.nsg13_hv_pmos#SI           3.630000e+00
	n.xm1.nsg13_hv_pmos#GP           2.880889e+00
	n.xm1.nsg13_hv_pmos#NOI          0.000000e+00
	n.xm2a.nsg13_hv_pmos#BS          0.000000e+00
	n.xm2a.nsg13_hv_pmos#BI          3.630000e+00
	n.xm2a.nsg13_hv_pmos#BP          3.630000e+00
	n.xm2a.nsg13_hv_pmos#DI          3.630000e+00
	n.xm2a.nsg13_hv_pmos#SI          3.630000e+00
	n.xm2a.nsg13_hv_pmos#GP          2.880889e+00
	n.xm2a.nsg13_hv_pmos#NOI         0.000000e+00
	n.xm2b.nsg13_hv_pmos#BS          0.000000e+00
	n.xm2b.nsg13_hv_pmos#BI          3.630000e+00
	n.xm2b.nsg13_hv_pmos#BP          3.630000e+00
	n.xm2b.nsg13_hv_pmos#DI          3.630000e+00
	n.xm2b.nsg13_hv_pmos#SI          3.630000e+00
	n.xm2b.nsg13_hv_pmos#GP          2.880889e+00
	n.xm2b.nsg13_hv_pmos#NOI         0.000000e+00
	n.xm3a.nsg13_hv_pmos#BS          0.000000e+00
	n.xm3a.nsg13_hv_pmos#BI          3.630000e+00
	n.xm3a.nsg13_hv_pmos#BP          3.630000e+00
	n.xm3a.nsg13_hv_pmos#DI          3.630000e+00
	n.xm3a.nsg13_hv_pmos#SI          3.630000e+00
	n.xm3a.nsg13_hv_pmos#GP          2.880889e+00
	n.xm3a.nsg13_hv_pmos#NOI         0.000000e+00
	n.xm3b.nsg13_hv_pmos#BS          0.000000e+00
	n.xm3b.nsg13_hv_pmos#BI          3.630000e+00
	n.xm3b.nsg13_hv_pmos#BP          3.630000e+00
	n.xm3b.nsg13_hv_pmos#DI          3.630000e+00
	n.xm3b.nsg13_hv_pmos#SI          3.630000e+00
	n.xm3b.nsg13_hv_pmos#GP          2.880889e+00
	n.xm3b.nsg13_hv_pmos#NOI         0.000000e+00
	n.xm3c.nsg13_hv_pmos#BS          0.000000e+00
	n.xm3c.nsg13_hv_pmos#BI          3.630000e+00
	n.xm3c.nsg13_hv_pmos#BP          3.630000e+00
	n.xm3c.nsg13_hv_pmos#DI          3.630000e+00
	n.xm3c.nsg13_hv_pmos#SI          3.630000e+00
	n.xm3c.nsg13_hv_pmos#GP          2.880889e+00
	n.xm3c.nsg13_hv_pmos#NOI         0.000000e+00
	q.xq1.qnpn13g2#collCI            7.020028e-01
	q.xq1.qnpn13g2#substrate         2.824180e-10
	q.xq2.qnpn13g2#collCI            6.477001e-01
	q.xq2.qnpn13g2#substrate         7.277519e-10
	q.xq3.qnpn13g2#collCI            7.027305e-01
	q.xq3.qnpn13g2#substrate         2.827129e-10
	xr1.dt                           0.000000e+00
	xr2.dt                           0.000000e+00
	xq3.t                            4.190688e-02
	xq3.s1                           2.820078e-10
	xq2.t                            5.869134e-03
	xq2.s1                           7.270908e-10
	xq1.t                            4.071162e-02
	xq1.s1                           2.817136e-10
	vss__par                         0.000000e+00
	vref                             1.016138e+00
	vref__t0                         1.016008e+00
	sns2                             6.980215e-01
	sns2__t0                         6.979690e-01
	sns1                             7.024756e-01
	cb3                              7.032167e-01
	cb3__t0                          7.038346e-01
	vsubs                            0.000000e+00
	cb2                              6.477602e-01
	cb2__t0                          6.479031e-01
	vref__t2                         1.016141e+00
	m3cs                             1.016141e+00
	vdd__t4                          3.629995e+00
	vref__t3                         1.016143e+00
	m3bs                             1.016143e+00
	vdd__t5                          3.629996e+00
	vref__t1                         1.016183e+00
	m3as                             1.016183e+00
	vdd__t3                          3.629978e+00
	sns2__t2                         6.980262e-01
	m2bs                             6.980262e-01
	vdd__t2                          3.629998e+00
	sns2__t1                         6.980441e-01
	m2as                             6.980441e-01
	vdd__t1                          3.629975e+00
	sns1__t0                         7.025529e-01
	m1s                              7.025529e-01
	vdd__t0                          3.629934e+00
	pex_fb                           2.880889e+00
	vss                              0.000000e+00
	vdd                              3.630000e+00

	Source	Current
	------	-------

	vvdd#branch                      -2.05414e-05
	vvss#branch                      2.054138e-05
	vm1#branch                       5.105293e-06
	vm2a#branch                      4.604616e-06
	vm2b#branch                      5.818332e-07
	vm3a#branch                      4.089910e-06
	vm3b#branch                      5.798705e-07
	vm3c#branch                      5.798612e-07

 Capacitor models (Fixed capacitor)
      model                     C

        cap                     0
         cj                     0
       cjsw                     0
       defw                 1e-05
       defl                     0
     narrow                     0
      short                     0
        del                     0
        tc1                     0
        tc2                     0
         di                     0
      thick                     0
     bv_max                 1e+99

 Resistor models (Simple linear resistor)
      model                     R

        rsh                     0
     narrow                     0
      short                     0
        tc1                     0
        tc2                     0
        tce                     0
       defw                 1e-05
          l                 1e-05
         kf                     0
         af                     0
          r                     0
     bv_max                 1e+99
         lf                     1
         wf                     1
         ef                     1

 VBIC models (Vertical Bipolar Inter-Company Model)
      model   xq3:npn13g2_nx_vbic   xq2:npn13g2_nx_vbic   xq1:npn13g2_nx_vbic

       type                   npn                   npn                   npn
      selft                     0                     0                     0
       tnom                    27                    27                    27
        rcx                 41.08                 5.135                 41.08
        rci                  51.6                  6.45                  51.6
         vo                   0.8                   0.8                   0.8
       gamm              2.25e-14              2.25e-14              2.25e-14
       hrcf                  1000                  1000                  1000
        rbx                 22.76               3.15673                 22.76
        rbi               72.2541               10.0214               72.2541
         re               20.8196               2.60245               20.8196
         rs                     1                     1                     1
        rbp                    22                  2.75                    22
         is           1.51515e-17           1.21212e-16           1.51515e-17
         nf                 1.018                 1.018                 1.018
         nr                  1.01                  1.01                  1.01
         fc                   0.8                   0.8                   0.8
       cbeo           2.07053e-16           1.57251e-15           2.07053e-16
        cje           1.80833e-15           1.37338e-14           1.80833e-15
         pe                  0.92                  0.92                  0.92
         me                  0.12                  0.12                  0.12
        aje                  -0.5                  -0.5                  -0.5
       cbco               5.9e-16              4.72e-15               5.9e-16
        cjc           3.32775e-16            2.6622e-15           3.32775e-16
        qco                 1e-18                 1e-18                 1e-18
       cjep             7.743e-16            6.1944e-15             7.743e-16
         pc                 0.558                 0.558                 0.558
         mc                  0.12                  0.12                  0.12
        ajc                  -0.5                  -0.5                  -0.5
       cjcp           1.33877e-15           7.06608e-15           1.33877e-15
         ps                  0.46                  0.46                  0.46
         ms                  0.23                  0.23                  0.23
        ajs                  -0.5                  -0.5                  -0.5
       ibei            3.1825e-20             2.546e-19            3.1825e-20
        wbe                     1                     1                     1
        nei                 1.066                 1.066                 1.066
       iben                 1e-16                 8e-16                 1e-16
        nen                     2                     2                     2
       ibci              3.75e-21                 3e-20              3.75e-21
        nci                 1.103                 1.103                 1.103
       ibcn               2.5e-16                 2e-15               2.5e-16
        ncn                  1.96                  1.96                  1.96
       avc1                   2.4                   2.4                   2.4
       avc2                 10.81                 10.81                 10.81
        isp                 1e-20                 8e-20                 1e-20
        wsp                     1                     1                     1
        nfp                  1.04                  1.04                  1.04
      ibeip                 1e-19                 8e-19                 1e-19
      ibenp                 5e-15                 4e-14                 5e-15
      ibcip           7.57858e-16           3.24901e-15           7.57858e-16
       ncip                     1                     1                     1
      ibcnp              1.25e-15                 1e-14              1.25e-15
       ncnp                   1.5                   1.5                   1.5
        vef                   189                   189                   189
        ver                   5.3                   5.3                   5.3
        ikf               0.00225                 0.018               0.00225
        ikr                0.0025                  0.02                0.0025
        ikp                     0                     0                     0
         tf            1.8512e-13            1.8512e-13            1.8512e-13
        qtf                 1e-18                 1e-18                 1e-18
        xtf                    10                    10                    10
        vtf                    20                    20                    20
        itf               0.14625                  1.17               0.14625
         tr               3.5e-13               3.5e-13               3.5e-13
         td                     0                     0                     0
        kfn               2.4e-08                 3e-09               2.4e-08
        afn                   1.8                   1.8                   1.8
        bfn                     1                     1                     1
        xre                 -0.42                 -0.42                 -0.42
       xrbi                     0                     0                     0
       xrci                     0                     0                     0
        xrs                   1.5                   1.5                   1.5
        xvo                   1.5                   1.5                   1.5
         ea                 1.056                 1.056                 1.056
       eaie                 1.056                 1.056                 1.056
       eaic                  1.12                  1.12                  1.12
       eais                  1.12                  1.12                  1.12
       eane                  1.12                  1.12                  1.12
       eanc                  1.12                  1.12                  1.12
       eans                  1.12                  1.12                  1.12
        xis                   2.3                   2.3                   2.3
        xii                   3.3                   3.3                   3.3
        xin                   3.3                   3.3                   3.3
        tnf               0.00015               0.00015               0.00015
       tavc              -0.00188              -0.00188              -0.00188
        rth                 11352               1746.99                 11352
        cth                 1e-12             3.091e-12                 1e-12
        vrt                     0                     0                     0
        art                   0.1                   0.1                   0.1
       ccso                     0                     0                     0
        qbm                     0                     0                     0
        nkf                   0.5                   0.5                   0.5
       xikf                     0                     0                     0
       xrcx                 0.245                 0.245                 0.245
       xrbx                   0.9                   0.9                   0.9
       xrbp                     0                     0                     0
       isrr                     1                     1                     1
       xisr                     0                     0                     0
       dear                     0                     0                     0
        eap                  1.12                  1.12                  1.12
       vbbe                     0                     0                     0
       nbbe                     1                     1                     1
       ibbe                 1e-06                 1e-06                 1e-06
     tvbbe1                     0                     0                     0
     tvbbe2                     0                     0                     0
      tnbbe                     0                     0                     0
       ebbe                     0                     0                     0
      dtemp                     0                     0                     0
       vers                   1.2                   1.2                   1.2
       vref                     0                     0                     0
    vbe_max                   1.6                   1.6                   1.6
    vbc_max                   5.1                   5.1                   5.1
    vce_max                   1.6                   1.6                   1.6
   vsub_max                 1e+99                 1e+99                 1e+99
     vbefwd                   0.2                   0.2                   0.2
     vbcfwd                   0.2                   0.2                   0.2
    vsubfwd                   0.2                   0.2                   0.2

 PSP103VA models (A simulator independent device loaded with OSDI)
      model xm3c:sg13g2_hv_pmos_p xm3b:sg13g2_hv_pmos_p xm3a:sg13g2_hv_pmos_p

      level                   104                   104                   104
       type                    -1                    -1                    -1
         tr                    27                    27                    27
      swgeo                     1                     1                     1
    swigate                     1                     1                     1
   swimpact                     1                     1                     1
     swgidl                     1                     1                     1
   swjuncap                     3                     3                     3
  swjunasym                     0                     0                     0
      swnud                     0                     0                     0
     swedge                     0                     0                     0
  swdelvtac                     0                     0                     0
      swign                     1                     1                     1
        qmc                     1                     1                     1
        vfb                    -1                    -1                    -1
      stvfb                0.0005                0.0005                0.0005
     st2vfb                     0                     0                     0
        tox                 2e-09                 2e-09                 2e-09
     epsrox                   3.9                   3.9                   3.9
       neff                 5e+23                 5e+23                 5e+23
  facneffac                     1                     1                     1
    gfacnud                     1                     1                     1
     vsbnud                     0                     0                     0
    dvsbnud                     1                     1                     1
      vnsub                     0                     0                     0
       nslp                  0.05                  0.05                  0.05
      dnsub                     0                     0                     0
      dphib                     0                     0                     0
    delvtac                     0                     0                     0
         np                 1e+26                 1e+26                 1e+26
      toxov                 2e-09                 2e-09                 2e-09
     toxovd                 2e-09                 2e-09                 2e-09
        nov                 5e+25                 5e+25                 5e+25
       novd                 5e+25                 5e+25                 5e+25
         ct                     0                     0                     0
        ctg                     0                     0                     0
        ctb                     0                     0                     0
       stct                     1                     1                     1
         cf                     0                     0                     0
        cfd                     0                     0                     0
        cfb                     0                     0                     0
       psce                     0                     0                     0
      psceb                     0                     0                     0
      psced                     0                     0                     0
       betn                  0.07                  0.07                  0.07
      stbet                     1                     1                     1
        mue                   0.5                   0.5                   0.5
      stmue                     0                     0                     0
      themu                   1.5                   1.5                   1.5
    stthemu                   1.5                   1.5                   1.5
         cs                     0                     0                     0
       stcs                     0                     0                     0
      thecs                     2                     2                     2
    stthecs                     0                     0                     0
       xcor                     0                     0                     0
     stxcor                     0                     0                     0
       feta                     1                     1                     1
         rs                    30                    30                    30
       strs                     1                     1                     1
        rsb                     0                     0                     0
        rsg                     0                     0                     0
     thesat                     1                     1                     1
   stthesat                     1                     1                     1
    thesatb                     0                     0                     0
    thesatg                     0                     0                     0
         ax                     3                     3                     3
        alp                  0.01                  0.01                  0.01
       alp1                     0                     0                     0
       alp2                     0                     0                     0
         vp                  0.05                  0.05                  0.05
         a1                     1                     1                     1
         a2                    10                    10                    10
       sta2                     0                     0                     0
         a3                     1                     1                     1
         a4                     0                     0                     0
        gco                     0                     0                     0
      iginv                     0                     0                     0
       igov                     0                     0                     0
      igovd                     0                     0                     0
       stig                     2                     2                     2
        gc2                 0.375                 0.375                 0.375
        gc3                 0.063                 0.063                 0.063
       chib                   3.1                   3.1                   3.1
      agidl                     0                     0                     0
     agidld                     0                     0                     0
      bgidl                    41                    41                    41
     bgidld                    41                    41                    41
    stbgidl                     0                     0                     0
   stbgidld                     0                     0                     0
      cgidl                     0                     0                     0
     cgidld                     0                     0                     0
        cox                 1e-14                 1e-14                 1e-14
       cgov                 1e-15                 1e-15                 1e-15
      cgovd                 1e-15                 1e-15                 1e-15
      cgbov                     0                     0                     0
        cfr                     0                     0                     0
       cfrd                     0                     0                     0
        fnt                     1                     1                     1
     fntexc                     0                     0                     0
        nfa                 8e+22                 8e+22                 8e+22
        nfb                 3e+07                 3e+07                 3e+07
        nfc                     0                     0                     0
         ef                     1                     1                     1
    vfbedge                    -1                    -1                    -1
  stvfbedge                0.0005                0.0005                0.0005
  dphibedge                     0                     0                     0
   neffedge                 5e+23                 5e+23                 5e+23
     ctedge                     0                     0                     0
   betnedge                0.0005                0.0005                0.0005
  stbetedge                     1                     1                     1
   psceedge                     0                     0                     0
  pscebedge                     0                     0                     0
  pscededge                     0                     0                     0
     cfedge                     0                     0                     0
    cfdedge                     0                     0                     0
    cfbedge                     0                     0                     0
    fntedge                     1                     1                     1
    nfaedge                 8e+22                 8e+22                 8e+22
    nfbedge                 3e+07                 3e+07                 3e+07
    nfcedge                     0                     0                     0
     efedge                     1                     1                     1
         rg                     0                     0                     0
        rse                     0                     0                     0
        rde                     0                     0                     0
      rbulk                     0                     0                     0
      rwell                     0                     0                     0
      rjuns                     0                     0                     0
      rjund                     0                     0                     0
      povfb                    -1                    -1                    -1
      plvfb                     0                     0                     0
      pwvfb                     0                     0                     0
     plwvfb                     0                     0                     0
    postvfb                0.0005                0.0005                0.0005
    plstvfb                     0                     0                     0
    pwstvfb                     0                     0                     0
   plwstvfb                     0                     0                     0
   post2vfb                     0                     0                     0
      potox                 2e-09                 2e-09                 2e-09
   poepsrox                   3.9                   3.9                   3.9
     poneff                 5e+23                 5e+23                 5e+23
     plneff                     0                     0                     0
     pwneff                     0                     0                     0
    plwneff                     0                     0                     0
pofacneffac                     1                     1                     1
plfacneffac                     0                     0                     0
pwfacneffac                     0                     0                     0
plwfacneffa                     0                     0                     0
  pogfacnud                     1                     1                     1
  plgfacnud                     0                     0                     0
  pwgfacnud                     0                     0                     0
 plwgfacnud                     0                     0                     0
   povsbnud                     0                     0                     0
  podvsbnud                     1                     1                     1
    povnsub                     0                     0                     0
     ponslp                  0.05                  0.05                  0.05
    podnsub                     0                     0                     0
    podphib                     0                     0                     0
    pldphib                     0                     0                     0
    pwdphib                     0                     0                     0
   plwdphib                     0                     0                     0
  podelvtac                     0                     0                     0
  pldelvtac                     0                     0                     0
  pwdelvtac                     0                     0                     0
 plwdelvtac                     0                     0                     0
       ponp                 1e+26                 1e+26                 1e+26
       plnp                     0                     0                     0
       pwnp                     0                     0                     0
      plwnp                     0                     0                     0
    potoxov                 2e-09                 2e-09                 2e-09
   potoxovd                 2e-09                 2e-09                 2e-09
      ponov                 5e+25                 5e+25                 5e+25
      plnov                     0                     0                     0
      pwnov                     0                     0                     0
     plwnov                     0                     0                     0
     ponovd                 5e+25                 5e+25                 5e+25
     plnovd                     0                     0                     0
     pwnovd                     0                     0                     0
    plwnovd                     0                     0                     0
       poct                     0                     0                     0
       plct                     0                     0                     0
       pwct                     0                     0                     0
      plwct                     0                     0                     0
      poctg                     0                     0                     0
      poctb                     0                     0                     0
     postct                     1                     1                     1
       pocf                     0                     0                     0
       plcf                     0                     0                     0
       pwcf                     0                     0                     0
      plwcf                     0                     0                     0
      pocfd                     0                     0                     0
      pocfb                     0                     0                     0
     popsce                     0                     0                     0
     plpsce                     0                     0                     0
     pwpsce                     0                     0                     0
    plwpsce                     0                     0                     0
    popsceb                     0                     0                     0
    popsced                     0                     0                     0
     pobetn                  0.07                  0.07                  0.07
     plbetn                     0                     0                     0
     pwbetn                     0                     0                     0
    plwbetn                     0                     0                     0
    postbet                     1                     1                     1
    plstbet                     0                     0                     0
    pwstbet                     0                     0                     0
   plwstbet                     0                     0                     0
      pomue                   0.5                   0.5                   0.5
      plmue                     0                     0                     0
      pwmue                     0                     0                     0
     plwmue                     0                     0                     0
    postmue                     0                     0                     0
    pothemu                   1.5                   1.5                   1.5
  postthemu                   1.5                   1.5                   1.5
       pocs                     0                     0                     0
       plcs                     0                     0                     0
       pwcs                     0                     0                     0
      plwcs                     0                     0                     0
     postcs                     0                     0                     0
    pothecs                     2                     2                     2
  postthecs                     0                     0                     0
     poxcor                     0                     0                     0
     plxcor                     0                     0                     0
     pwxcor                     0                     0                     0
    plwxcor                     0                     0                     0
   postxcor                     0                     0                     0
     pofeta                     1                     1                     1
       pors                    30                    30                    30
       plrs                     0                     0                     0
       pwrs                     0                     0                     0
      plwrs                     0                     0                     0
     postrs                     1                     1                     1
      porsb                     0                     0                     0
      porsg                     0                     0                     0
   pothesat                     1                     1                     1
   plthesat                     0                     0                     0
   pwthesat                     0                     0                     0
  plwthesat                     0                     0                     0
 postthesat                     1                     1                     1
 plstthesat                     0                     0                     0
 pwstthesat                     0                     0                     0
plwstthesat                     0                     0                     0
  pothesatb                     0                     0                     0
  plthesatb                     0                     0                     0
  pwthesatb                     0                     0                     0
 plwthesatb                     0                     0                     0
  pothesatg                     0                     0                     0
  plthesatg                     0                     0                     0
  pwthesatg                     0                     0                     0
 plwthesatg                     0                     0                     0
       poax                     3                     3                     3
       plax                     0                     0                     0
       pwax                     0                     0                     0
      plwax                     0                     0                     0
      poalp                  0.01                  0.01                  0.01
      plalp                     0                     0                     0
      pwalp                     0                     0                     0
     plwalp                     0                     0                     0
     poalp1                     0                     0                     0
     plalp1                     0                     0                     0
     pwalp1                     0                     0                     0
    plwalp1                     0                     0                     0
     poalp2                     0                     0                     0
     plalp2                     0                     0                     0
     pwalp2                     0                     0                     0
    plwalp2                     0                     0                     0
       povp                  0.05                  0.05                  0.05
       poa1                     1                     1                     1
       pla1                     0                     0                     0
       pwa1                     0                     0                     0
      plwa1                     0                     0                     0
       poa2                    10                    10                    10
     posta2                     0                     0                     0
       poa3                     1                     1                     1
       pla3                     0                     0                     0
       pwa3                     0                     0                     0
      plwa3                     0                     0                     0
       poa4                     0                     0                     0
       pla4                     0                     0                     0
       pwa4                     0                     0                     0
      plwa4                     0                     0                     0
      pogco                     0                     0                     0
    poiginv                     0                     0                     0
    pliginv                     0                     0                     0
    pwiginv                     0                     0                     0
   plwiginv                     0                     0                     0
     poigov                     0                     0                     0
     pligov                     0                     0                     0
     pwigov                     0                     0                     0
    plwigov                     0                     0                     0
    poigovd                     0                     0                     0
    pligovd                     0                     0                     0
    pwigovd                     0                     0                     0
   plwigovd                     0                     0                     0
     postig                     2                     2                     2
      pogc2                 0.375                 0.375                 0.375
      pogc3                 0.063                 0.063                 0.063
     pochib                   3.1                   3.1                   3.1
    poagidl                     0                     0                     0
    plagidl                     0                     0                     0
    pwagidl                     0                     0                     0
   plwagidl                     0                     0                     0
   poagidld                     0                     0                     0
   plagidld                     0                     0                     0
   pwagidld                     0                     0                     0
  plwagidld                     0                     0                     0
    pobgidl                    41                    41                    41
   pobgidld                    41                    41                    41
  postbgidl                     0                     0                     0
 postbgidld                     0                     0                     0
    pocgidl                     0                     0                     0
   pocgidld                     0                     0                     0
      pocox                 1e-14                 1e-14                 1e-14
      plcox                     0                     0                     0
      pwcox                     0                     0                     0
     plwcox                     0                     0                     0
     pocgov                 1e-15                 1e-15                 1e-15
     plcgov                     0                     0                     0
     pwcgov                     0                     0                     0
    plwcgov                     0                     0                     0
    pocgovd                 1e-15                 1e-15                 1e-15
    plcgovd                     0                     0                     0
    pwcgovd                     0                     0                     0
   plwcgovd                     0                     0                     0
    pocgbov                     0                     0                     0
    plcgbov                     0                     0                     0
    pwcgbov                     0                     0                     0
   plwcgbov                     0                     0                     0
      pocfr                     0                     0                     0
      plcfr                     0                     0                     0
      pwcfr                     0                     0                     0
     plwcfr                     0                     0                     0
     pocfrd                     0                     0                     0
     plcfrd                     0                     0                     0
     pwcfrd                     0                     0                     0
    plwcfrd                     0                     0                     0
      pofnt                     1                     1                     1
   pofntexc                     0                     0                     0
   plfntexc                     0                     0                     0
   pwfntexc                     0                     0                     0
  plwfntexc                     0                     0                     0
      ponfa                 8e+22                 8e+22                 8e+22
      plnfa                     0                     0                     0
      pwnfa                     0                     0                     0
     plwnfa                     0                     0                     0
      ponfb                 3e+07                 3e+07                 3e+07
      plnfb                     0                     0                     0
      pwnfb                     0                     0                     0
     plwnfb                     0                     0                     0
      ponfc                     0                     0                     0
      plnfc                     0                     0                     0
      pwnfc                     0                     0                     0
     plwnfc                     0                     0                     0
       poef                     1                     1                     1
  povfbedge                    -1                    -1                    -1
postvfbedge                     0                     0                     0
plstvfbedge                     0                     0                     0
pwstvfbedge                     0                     0                     0
plwstvfbedg                     0                     0                     0
podphibedge                     0                     0                     0
pldphibedge                     0                     0                     0
pwdphibedge                     0                     0                     0
plwdphibedg                     0                     0                     0
 poneffedge                 5e+23                 5e+23                 5e+23
 plneffedge                     0                     0                     0
 pwneffedge                     0                     0                     0
plwneffedge                     0                     0                     0
   poctedge                     0                     0                     0
   plctedge                     0                     0                     0
   pwctedge                     0                     0                     0
  plwctedge                     0                     0                     0
 pobetnedge                0.0005                0.0005                0.0005
 plbetnedge                     0                     0                     0
 pwbetnedge                     0                     0                     0
plwbetnedge                     0                     0                     0
postbetedge                     1                     1                     1
plstbetedge                     0                     0                     0
pwstbetedge                     0                     0                     0
plwstbetedg                     0                     0                     0
 popsceedge                     0                     0                     0
 plpsceedge                     0                     0                     0
 pwpsceedge                     0                     0                     0
plwpsceedge                     0                     0                     0
popscebedge                     0                     0                     0
popscededge                     0                     0                     0
   pocfedge                     0                     0                     0
   plcfedge                     0                     0                     0
   pwcfedge                     0                     0                     0
  plwcfedge                     0                     0                     0
  pocfdedge                     0                     0                     0
  pocfbedge                     0                     0                     0
  pofntedge                     1                     1                     1
  ponfaedge                 8e+22                 8e+22                 8e+22
  plnfaedge                     0                     0                     0
  pwnfaedge                     0                     0                     0
 plwnfaedge                     0                     0                     0
  ponfbedge                 3e+07                 3e+07                 3e+07
  plnfbedge                     0                     0                     0
  pwnfbedge                     0                     0                     0
 plwnfbedge                     0                     0                     0
  ponfcedge                     0                     0                     0
  plnfcedge                     0                     0                     0
  pwnfcedge                     0                     0                     0
 plwnfcedge                     0                     0                     0
   poefedge                     1                     1                     1
  pokvthowe                     0                     0                     0
  plkvthowe                     0                     0                     0
  pwkvthowe                     0                     0                     0
 plwkvthowe                     0                     0                     0
    pokuowe                     0                     0                     0
    plkuowe                     0                     0                     0
    pwkuowe                     0                     0                     0
   plwkuowe                     0                     0                     0
       lmin                     0                     0                     0
       lmax                     1                     1                     1
       wmin                     0                     0                     0
       wmax                     1                     1                     1
      lvaro            -1.735e-09            -1.735e-09            -1.735e-09
      lvarl                     0                     0                     0
      lvarw                     0                     0                     0
        lap             3.471e-08             3.471e-08             3.471e-08
      wvaro                     0                     0                     0
      wvarl                     0                     0                     0
      wvarw                     0                     0                     0
        wot                     0                     0                     0
        dlq             3.537e-08             3.537e-08             3.537e-08
        dwq                 3e-08                 3e-08                 3e-08
       vfbo               -1.0717               -1.0717               -1.0717
       vfbl                 -0.03                 -0.03                 -0.03
       vfbw                     0                     0                     0
      vfblw                     0                     0                     0
     stvfbo            0.00057379            0.00057379            0.00057379
     stvfbl            8.6794e-05            8.6794e-05            8.6794e-05
     stvfbw            4.9309e-05            4.9309e-05            4.9309e-05
    stvfblw           -3.6436e-05           -3.6436e-05           -3.6436e-05
    st2vfbo                     0                     0                     0
       toxo            6.6672e-09            6.6672e-09            6.6672e-09
    epsroxo                   3.9                   3.9                   3.9
      nsubo            4.2268e+23            4.2268e+23            4.2268e+23
      nsubw               0.01112               0.01112               0.01112
       wseg             5.362e-08             5.362e-08             5.362e-08
       npck            8.0711e+23            8.0711e+23            8.0711e+23
      npckw             -0.011403             -0.011403             -0.011403
      wsegp                 1e-06                 1e-06                 1e-06
       lpck            8.3733e-09            8.3733e-09            8.3733e-09
      lpckw              0.077499              0.077499              0.077499
       fol1              0.065253              0.065253              0.065253
       fol2              0.010199              0.010199              0.010199
 facneffaco                     1                     1                     1
 facneffacl                     0                     0                     0
 facneffacw                     0                     0                     0
facneffaclw                     0                     0                     0
   gfacnudo                     1                     1                     1
   gfacnudl                     0                     0                     0
gfacnudlexp                     1                     1                     1
   gfacnudw                     0                     0                     0
  gfacnudlw                     0                     0                     0
    vsbnudo                     0                     0                     0
   dvsbnudo                     1                     1                     1
     vnsubo                     0                     0                     0
      nslpo                  0.05                  0.05                  0.05
     dnsubo               0.03585               0.03585               0.03585
     dphibo            -0.0914232            -0.0914232            -0.0914232
     dphibl            0.00412958            0.00412958            0.00412958
  dphiblexp                2.1893                2.1893                2.1893
     dphibw            -0.0105876            -0.0105876            -0.0105876
    dphiblw           -0.00186389           -0.00186389           -0.00186389
   delvtaco                     0                     0                     0
   delvtacl                     0                     0                     0
delvtaclexp                     1                     1                     1
   delvtacw                     0                     0                     0
  delvtaclw                     0                     0                     0
        npo             1.092e+26             1.092e+26             1.092e+26
        npl                0.2188                0.2188                0.2188
     toxovo            6.6672e-09            6.6672e-09            6.6672e-09
    toxovdo                 2e-09                 2e-09                 2e-09
        lov             3.471e-08             3.471e-08             3.471e-08
       lovd                     0                     0                     0
       novo              1.99e+26              1.99e+26              1.99e+26
      novdo                 5e+25                 5e+25                 5e+25
        cto             -0.006328             -0.006328             -0.006328
        ctl                     0                     0                     0
     ctlexp                     1                     1                     1
        ctw                0.3006                0.3006                0.3006
       ctlw              -0.01196              -0.01196              -0.01196
       ctgo                     0                     0                     0
       ctbo                     0                     0                     0
      stcto                     1                     1                     1
        cfl            0.00045884            0.00045884            0.00045884
     cflexp                2.2055                2.2055                2.2055
        cfw               0.45909               0.45909               0.45909
       cfdo                     0                     0                     0
       cfbo                     1                     1                     1
      pscel                     0                     0                     0
   pscelexp                     2                     2                     2
      pscew                     0                     0                     0
     pscebo                     0                     0                     0
     pscedo                     0                     0                     0
         uo              0.018428              0.018428              0.018428
      fbet1               0.15952               0.15952               0.15952
     fbet1w               -2.1872               -2.1872               -2.1872
        lp1            9.9822e-08            9.9822e-08            9.9822e-08
       lp1w               -1.0871               -1.0871               -1.0871
      fbet2               -2.7066               -2.7066               -2.7066
        lp2            5.8401e-08            5.8401e-08            5.8401e-08
      betw1             -0.097534             -0.097534             -0.097534
      betw2              0.022314              0.022314              0.022314
       wbet            7.9844e-10            7.9844e-10            7.9844e-10
     stbeto                1.6489                1.6489                1.6489
     stbetl              0.029528              0.029528              0.029528
     stbetw              0.037078              0.037078              0.037078
    stbetlw              0.046991              0.046991              0.046991
       mueo               1.75935               1.75935               1.75935
       muew              -0.06367              -0.06367              -0.06367
     stmueo                1.0816                1.0816                1.0816
     themuo                1.0324                1.0324                1.0324
   stthemuo               0.26337               0.26337               0.26337
        cso               0.18648               0.18648               0.18648
        csl               0.21903               0.21903               0.21903
     cslexp                2.0917                2.0917                2.0917
        csw             0.0072837             0.0072837             0.0072837
       cslw                  0.02                  0.02                  0.02
      stcso                     2                     2                     2
     thecso                     2                     2                     2
   stthecso                     0                     0                     0
      xcoro              0.001363              0.001363              0.001363
      xcorl                     8                     8                     8
      xcorw             0.0060537             0.0060537             0.0060537
     xcorlw              0.058951              0.058951              0.058951
    stxcoro            -6.939e-18            -6.939e-18            -6.939e-18
      fetao                1.2853                1.2853                1.2853
       rsw1                  1970                  1970                  1970
       rsw2             -0.057547             -0.057547             -0.057547
      strso              -0.24812              -0.24812              -0.24812
       rsbo              0.074639              0.074639              0.074639
       rsgo              0.528811              0.528811              0.528811
    thesato            8.4917e-05            8.4917e-05            8.4917e-05
    thesatl                 0.007                 0.007                 0.007
 thesatlexp                 2.395                 2.395                 2.395
    thesatw               1.27162               1.27162               1.27162
   thesatlw                 -0.01                 -0.01                 -0.01
  stthesato                3.0405                3.0405                3.0405
  stthesatl              -0.16001              -0.16001              -0.16001
  stthesatw              -0.96988              -0.96988              -0.96988
 stthesatlw               0.36213               0.36213               0.36213
   thesatbo                   0.1                   0.1                   0.1
   thesatgo                0.6304                0.6304                0.6304
        axo                16.822                16.822                16.822
        axl                3.0092                3.0092                3.0092
       alpl             0.0058454             0.0058454             0.0058454
    alplexp               0.47562               0.47562               0.47562
       alpw             -0.065973             -0.065973             -0.065973
     alp1l1            4.4409e-16            4.4409e-16            4.4409e-16
   alp1lexp                 1.347                 1.347                 1.347
     alp1l2                     1                     1                     1
      alp1w                     2                     2                     2
     alp2l1            3.6779e-06            3.6779e-06            3.6779e-06
   alp2lexp                0.2531                0.2531                0.2531
     alp2l2            2.2204e-15            2.2204e-15            2.2204e-15
      alp2w                0.9582                0.9582                0.9582
        vpo            1.8436e-06            1.8436e-06            1.8436e-06
        a1o                47.788                47.788                47.788
        a1l              0.029145              0.029145              0.029145
        a1w               0.01435               0.01435               0.01435
        a2o                38.581                38.581                38.581
      sta2o            -0.0049931            -0.0049931            -0.0049931
        a3o                1.1753                1.1753                1.1753
        a3l             -0.069795             -0.069795             -0.069795
        a3w             0.0032538             0.0032538             0.0032538
        a4o               0.12593               0.12593               0.12593
        a4l                 -0.07                 -0.07                 -0.07
        a4w              -0.04811              -0.04811              -0.04811
       gcoo                     0                     0                     0
    iginvlw                     0                     0                     0
      igovw                     0                     0                     0
     igovdw                     0                     0                     0
      stigo                     2                     2                     2
       gc2o                 0.375                 0.375                 0.375
       gc3o                 0.063                 0.063                 0.063
      chibo                   3.1                   3.1                   3.1
     agidlw                 6e-10                 6e-10                 6e-10
    agidldw                     0                     0                     0
     bgidlo               3.17491               3.17491               3.17491
    bgidldo                    41                    41                    41
   stbgidlo            -0.0049461            -0.0049461            -0.0049461
  stbgidldo                     0                     0                     0
     cgidlo               0.23693               0.23693               0.23693
    cgidldo                     0                     0                     0
     cgbovl            -4.669e-16            -4.669e-16            -4.669e-16
       cfrw                     0                     0                     0
      cfrdw                     0                     0                     0
       fnto                     1                     1                     1
    fntexcl                     0                     0                     0
      nfalw               1.3e+25               1.3e+25               1.3e+25
      nfblw             5.289e+09             5.289e+09             5.289e+09
      nfclw                 2e-07                 2e-07                 2e-07
        efo                 1.152                 1.152                 1.152
    lintnoi               2.5e-08               2.5e-08               2.5e-08
     alpnoi                     2                     2                     2
      wedge                 1e-08                 1e-08                 1e-08
     wedgew                     0                     0                     0
   vfbedgeo                    -1                    -1                    -1
 stvfbedgeo                0.0005                0.0005                0.0005
 stvfbedgel                     0                     0                     0
 stvfbedgew                     0                     0                     0
stvfbedgelw                     0                     0                     0
 dphibedgeo                     0                     0                     0
 dphibedgel                     0                     0                     0
dphibedgele                     1                     1                     1
 dphibedgew                     0                     0                     0
dphibedgelw                     0                     0                     0
  nsubedgeo                 5e+23                 5e+23                 5e+23
  nsubedgel                     0                     0                     0
nsubedgelex                     1                     1                     1
  nsubedgew                     0                     0                     0
 nsubedgelw                     0                     0                     0
    ctedgeo                     0                     0                     0
    ctedgel                     0                     0                     0
 ctedgelexp                     1                     1                     1
   fbetedge                     0                     0                     0
     lpedge                 1e-08                 1e-08                 1e-08
   betedgew                     0                     0                     0
 stbetedgeo                     1                     1                     1
 stbetedgel                     0                     0                     0
 stbetedgew                     0                     0                     0
stbetedgelw                     0                     0                     0
  psceedgel                     0                     0                     0
psceedgelex                     2                     2                     2
  psceedgew                     0                     0                     0
 pscebedgeo                     0                     0                     0
 pscededgeo                     0                     0                     0
    cfedgel                     0                     0                     0
 cfedgelexp                     2                     2                     2
    cfedgew                     0                     0                     0
   cfdedgeo                     0                     0                     0
   cfbedgeo                     0                     0                     0
   fntedgeo                     1                     1                     1
  nfaedgelw                 8e+22                 8e+22                 8e+22
  nfbedgelw                 3e+07                 3e+07                 3e+07
  nfcedgelw                     0                     0                     0
    efedgeo                     1                     1                     1
   kvthoweo                     0                     0                     0
   kvthowel                     0                     0                     0
   kvthowew                     0                     0                     0
  kvthowelw                     0                     0                     0
     kuoweo                     0                     0                     0
     kuowel                     0                     0                     0
     kuowew                     0                     0                     0
    kuowelw                     0                     0                     0
        rgo                    15                    15                    15
       rint                     0                     0                     0
     rvpoly                     0                     0                     0
       rshg                    40                    40                    40
      dlsil                     0                     0                     0
        rsh                     0                     0                     0
       rshd                     0                     0                     0
     rbulko                  2000                  2000                   250
     rwello                  1000                  1000                   125
     rjunso                  5000                  5000                   625
     rjundo                  5000                  5000                   625
      saref                 1e-06                 1e-06                 1e-06
      sbref                 1e-06                 1e-06                 1e-06
       wlod                     0                     0                     0
        kuo                     0                     0                     0
      kvsat                     0                     0                     0
       tkuo                     0                     0                     0
       lkuo                     0                     0                     0
       wkuo                     0                     0                     0
       pkuo                     0                     0                     0
    llodkuo                     0                     0                     0
    wlodkuo                     0                     0                     0
      kvtho                     0                     0                     0
     lkvtho                     0                     0                     0
     wkvtho                     0                     0                     0
     pkvtho                     0                     0                     0
    llodvth                     0                     0                     0
    wlodvth                     0                     0                     0
     stetao                     0                     0                     0
    lodetao                     1                     1                     1
      scref                 1e-06                 1e-06                 1e-06
        web                     0                     0                     0
        wec                     0                     0                     0
      swsoa                     0                     0                     0
    vgs_max                     3                     3                     3
    vgd_max                     3                     3                     3
    vgb_max                     3                     3                     3
    vds_max                     3                     3                     3
    vdb_max                   1.6                   1.6                   1.6
    vsb_max                   1.6                   1.6                   1.6
       imax             0.0024527             0.0024527             0.0024527
        trj                    21                    21                    21
       frev                  1000                  1000                  1000
    cjorbot            0.00074474            0.00074474            0.00074474
    cjorsti           3.91764e-11           3.91764e-11           3.91764e-11
    cjorgat             2.852e-11             2.852e-11             2.852e-11
    vbirbot               0.72606               0.72606               0.72606
    vbirsti               0.69819               0.69819               0.69819
    vbirgat                 1.199                 1.199                 1.199
       pbot               0.33078               0.33078               0.33078
       psti               0.22409               0.22409               0.22409
       pgat                0.4474                0.4474                0.4474
    phigbot                1.0641                1.0641                1.0641
    phigsti                1.3946                1.3946                1.3946
    phiggat                  1.83                  1.83                  1.83
  idsatrbot            3.0606e-08            3.0606e-08            3.0606e-08
  idsatrsti            3.6127e-15            3.6127e-15            3.6127e-15
  idsatrgat                     0                     0                     0
    csrhbot                   100                   100                   100
    csrhsti                0.0001                0.0001                0.0001
    csrhgat                0.0001                0.0001                0.0001
    xjunsti              4.93e-08              4.93e-08              4.93e-08
    xjungat             7.062e-07             7.062e-07             7.062e-07
    ctatbot                   100                   100                   100
    ctatsti                0.0001                0.0001                0.0001
    ctatgat                0.0001                0.0001                0.0001
 mefftatbot                  0.25                  0.25                  0.25
 mefftatsti                  0.25                  0.25                  0.25
 mefftatgat                  0.25                  0.25                  0.25
    cbbtbot                 1e-12                 1e-12                 1e-12
    cbbtsti                 1e-21                 1e-21                 1e-21
    cbbtgat                 1e-18                 1e-18                 1e-18
   fbbtrbot                 1e+09                 1e+09                 1e+09
   fbbtrsti                 1e+09                 1e+09                 1e+09
   fbbtrgat                 1e+09                 1e+09                 1e+09
  stfbbtbot                -0.001                -0.001                -0.001
  stfbbtsti                -0.001                -0.001                -0.001
  stfbbtgat                -0.001                -0.001                -0.001
     vbrbot                    10                    10                    10
     vbrsti                    10                    10                    10
     vbrgat                    10                    10                    10
     pbrbot                     4                     4                     4
     pbrsti                     4                     4                     4
     pbrgat                     4                     4                     4
   cjorbotd                 0.001                 0.001                 0.001
   cjorstid                 1e-09                 1e-09                 1e-09
   cjorgatd                 1e-09                 1e-09                 1e-09
   vbirbotd                     1                     1                     1
   vbirstid                     1                     1                     1
   vbirgatd                     1                     1                     1
      pbotd                   0.5                   0.5                   0.5
      pstid                   0.5                   0.5                   0.5
      pgatd                   0.5                   0.5                   0.5
   phigbotd                  1.16                  1.16                  1.16
   phigstid                  1.16                  1.16                  1.16
   phiggatd                  1.16                  1.16                  1.16
 idsatrbotd                 1e-12                 1e-12                 1e-12
 idsatrstid                 1e-18                 1e-18                 1e-18
 idsatrgatd                 1e-18                 1e-18                 1e-18
   csrhbotd                   100                   100                   100
   csrhstid                0.0001                0.0001                0.0001
   csrhgatd                0.0001                0.0001                0.0001
   xjunstid                 1e-07                 1e-07                 1e-07
   xjungatd                 1e-07                 1e-07                 1e-07
   ctatbotd                   100                   100                   100
   ctatstid                0.0001                0.0001                0.0001
   ctatgatd                0.0001                0.0001                0.0001
mefftatbotd                  0.25                  0.25                  0.25
mefftatstid                  0.25                  0.25                  0.25
mefftatgatd                  0.25                  0.25                  0.25
   cbbtbotd                 1e-12                 1e-12                 1e-12
   cbbtstid                 1e-18                 1e-18                 1e-18
   cbbtgatd                 1e-18                 1e-18                 1e-18
  fbbtrbotd                 1e+09                 1e+09                 1e+09
  fbbtrstid                 1e+09                 1e+09                 1e+09
  fbbtrgatd                 1e+09                 1e+09                 1e+09
 stfbbtbotd                -0.001                -0.001                -0.001
 stfbbtstid                -0.001                -0.001                -0.001
 stfbbtgatd                -0.001                -0.001                -0.001
    vbrbotd                    10                    10                    10
    vbrstid                    10                    10                    10
    vbrgatd                    10                    10                    10
    pbrbotd                     4                     4                     4
    pbrstid                     4                     4                     4
    pbrgatd                     4                     4                     4
   swjunexp                     0                     0                     0
    vjunref                   2.5                   2.5                   2.5
      fjunq                  0.03                  0.03                  0.03
   vjunrefd                   2.5                   2.5                   2.5
     fjunqd                  0.03                  0.03                  0.03

 PSP103VA models (A simulator independent device loaded with OSDI)
      model xm2b:sg13g2_hv_pmos_p xm2a:sg13g2_hv_pmos_p xm1:sg13g2_hv_pmos_ps

      level                   104                   104                   104
       type                    -1                    -1                    -1
         tr                    27                    27                    27
      swgeo                     1                     1                     1
    swigate                     1                     1                     1
   swimpact                     1                     1                     1
     swgidl                     1                     1                     1
   swjuncap                     3                     3                     3
  swjunasym                     0                     0                     0
      swnud                     0                     0                     0
     swedge                     0                     0                     0
  swdelvtac                     0                     0                     0
      swign                     1                     1                     1
        qmc                     1                     1                     1
        vfb                    -1                    -1                    -1
      stvfb                0.0005                0.0005                0.0005
     st2vfb                     0                     0                     0
        tox                 2e-09                 2e-09                 2e-09
     epsrox                   3.9                   3.9                   3.9
       neff                 5e+23                 5e+23                 5e+23
  facneffac                     1                     1                     1
    gfacnud                     1                     1                     1
     vsbnud                     0                     0                     0
    dvsbnud                     1                     1                     1
      vnsub                     0                     0                     0
       nslp                  0.05                  0.05                  0.05
      dnsub                     0                     0                     0
      dphib                     0                     0                     0
    delvtac                     0                     0                     0
         np                 1e+26                 1e+26                 1e+26
      toxov                 2e-09                 2e-09                 2e-09
     toxovd                 2e-09                 2e-09                 2e-09
        nov                 5e+25                 5e+25                 5e+25
       novd                 5e+25                 5e+25                 5e+25
         ct                     0                     0                     0
        ctg                     0                     0                     0
        ctb                     0                     0                     0
       stct                     1                     1                     1
         cf                     0                     0                     0
        cfd                     0                     0                     0
        cfb                     0                     0                     0
       psce                     0                     0                     0
      psceb                     0                     0                     0
      psced                     0                     0                     0
       betn                  0.07                  0.07                  0.07
      stbet                     1                     1                     1
        mue                   0.5                   0.5                   0.5
      stmue                     0                     0                     0
      themu                   1.5                   1.5                   1.5
    stthemu                   1.5                   1.5                   1.5
         cs                     0                     0                     0
       stcs                     0                     0                     0
      thecs                     2                     2                     2
    stthecs                     0                     0                     0
       xcor                     0                     0                     0
     stxcor                     0                     0                     0
       feta                     1                     1                     1
         rs                    30                    30                    30
       strs                     1                     1                     1
        rsb                     0                     0                     0
        rsg                     0                     0                     0
     thesat                     1                     1                     1
   stthesat                     1                     1                     1
    thesatb                     0                     0                     0
    thesatg                     0                     0                     0
         ax                     3                     3                     3
        alp                  0.01                  0.01                  0.01
       alp1                     0                     0                     0
       alp2                     0                     0                     0
         vp                  0.05                  0.05                  0.05
         a1                     1                     1                     1
         a2                    10                    10                    10
       sta2                     0                     0                     0
         a3                     1                     1                     1
         a4                     0                     0                     0
        gco                     0                     0                     0
      iginv                     0                     0                     0
       igov                     0                     0                     0
      igovd                     0                     0                     0
       stig                     2                     2                     2
        gc2                 0.375                 0.375                 0.375
        gc3                 0.063                 0.063                 0.063
       chib                   3.1                   3.1                   3.1
      agidl                     0                     0                     0
     agidld                     0                     0                     0
      bgidl                    41                    41                    41
     bgidld                    41                    41                    41
    stbgidl                     0                     0                     0
   stbgidld                     0                     0                     0
      cgidl                     0                     0                     0
     cgidld                     0                     0                     0
        cox                 1e-14                 1e-14                 1e-14
       cgov                 1e-15                 1e-15                 1e-15
      cgovd                 1e-15                 1e-15                 1e-15
      cgbov                     0                     0                     0
        cfr                     0                     0                     0
       cfrd                     0                     0                     0
        fnt                     1                     1                     1
     fntexc                     0                     0                     0
        nfa                 8e+22                 8e+22                 8e+22
        nfb                 3e+07                 3e+07                 3e+07
        nfc                     0                     0                     0
         ef                     1                     1                     1
    vfbedge                    -1                    -1                    -1
  stvfbedge                0.0005                0.0005                0.0005
  dphibedge                     0                     0                     0
   neffedge                 5e+23                 5e+23                 5e+23
     ctedge                     0                     0                     0
   betnedge                0.0005                0.0005                0.0005
  stbetedge                     1                     1                     1
   psceedge                     0                     0                     0
  pscebedge                     0                     0                     0
  pscededge                     0                     0                     0
     cfedge                     0                     0                     0
    cfdedge                     0                     0                     0
    cfbedge                     0                     0                     0
    fntedge                     1                     1                     1
    nfaedge                 8e+22                 8e+22                 8e+22
    nfbedge                 3e+07                 3e+07                 3e+07
    nfcedge                     0                     0                     0
     efedge                     1                     1                     1
         rg                     0                     0                     0
        rse                     0                     0                     0
        rde                     0                     0                     0
      rbulk                     0                     0                     0
      rwell                     0                     0                     0
      rjuns                     0                     0                     0
      rjund                     0                     0                     0
      povfb                    -1                    -1                    -1
      plvfb                     0                     0                     0
      pwvfb                     0                     0                     0
     plwvfb                     0                     0                     0
    postvfb                0.0005                0.0005                0.0005
    plstvfb                     0                     0                     0
    pwstvfb                     0                     0                     0
   plwstvfb                     0                     0                     0
   post2vfb                     0                     0                     0
      potox                 2e-09                 2e-09                 2e-09
   poepsrox                   3.9                   3.9                   3.9
     poneff                 5e+23                 5e+23                 5e+23
     plneff                     0                     0                     0
     pwneff                     0                     0                     0
    plwneff                     0                     0                     0
pofacneffac                     1                     1                     1
plfacneffac                     0                     0                     0
pwfacneffac                     0                     0                     0
plwfacneffa                     0                     0                     0
  pogfacnud                     1                     1                     1
  plgfacnud                     0                     0                     0
  pwgfacnud                     0                     0                     0
 plwgfacnud                     0                     0                     0
   povsbnud                     0                     0                     0
  podvsbnud                     1                     1                     1
    povnsub                     0                     0                     0
     ponslp                  0.05                  0.05                  0.05
    podnsub                     0                     0                     0
    podphib                     0                     0                     0
    pldphib                     0                     0                     0
    pwdphib                     0                     0                     0
   plwdphib                     0                     0                     0
  podelvtac                     0                     0                     0
  pldelvtac                     0                     0                     0
  pwdelvtac                     0                     0                     0
 plwdelvtac                     0                     0                     0
       ponp                 1e+26                 1e+26                 1e+26
       plnp                     0                     0                     0
       pwnp                     0                     0                     0
      plwnp                     0                     0                     0
    potoxov                 2e-09                 2e-09                 2e-09
   potoxovd                 2e-09                 2e-09                 2e-09
      ponov                 5e+25                 5e+25                 5e+25
      plnov                     0                     0                     0
      pwnov                     0                     0                     0
     plwnov                     0                     0                     0
     ponovd                 5e+25                 5e+25                 5e+25
     plnovd                     0                     0                     0
     pwnovd                     0                     0                     0
    plwnovd                     0                     0                     0
       poct                     0                     0                     0
       plct                     0                     0                     0
       pwct                     0                     0                     0
      plwct                     0                     0                     0
      poctg                     0                     0                     0
      poctb                     0                     0                     0
     postct                     1                     1                     1
       pocf                     0                     0                     0
       plcf                     0                     0                     0
       pwcf                     0                     0                     0
      plwcf                     0                     0                     0
      pocfd                     0                     0                     0
      pocfb                     0                     0                     0
     popsce                     0                     0                     0
     plpsce                     0                     0                     0
     pwpsce                     0                     0                     0
    plwpsce                     0                     0                     0
    popsceb                     0                     0                     0
    popsced                     0                     0                     0
     pobetn                  0.07                  0.07                  0.07
     plbetn                     0                     0                     0
     pwbetn                     0                     0                     0
    plwbetn                     0                     0                     0
    postbet                     1                     1                     1
    plstbet                     0                     0                     0
    pwstbet                     0                     0                     0
   plwstbet                     0                     0                     0
      pomue                   0.5                   0.5                   0.5
      plmue                     0                     0                     0
      pwmue                     0                     0                     0
     plwmue                     0                     0                     0
    postmue                     0                     0                     0
    pothemu                   1.5                   1.5                   1.5
  postthemu                   1.5                   1.5                   1.5
       pocs                     0                     0                     0
       plcs                     0                     0                     0
       pwcs                     0                     0                     0
      plwcs                     0                     0                     0
     postcs                     0                     0                     0
    pothecs                     2                     2                     2
  postthecs                     0                     0                     0
     poxcor                     0                     0                     0
     plxcor                     0                     0                     0
     pwxcor                     0                     0                     0
    plwxcor                     0                     0                     0
   postxcor                     0                     0                     0
     pofeta                     1                     1                     1
       pors                    30                    30                    30
       plrs                     0                     0                     0
       pwrs                     0                     0                     0
      plwrs                     0                     0                     0
     postrs                     1                     1                     1
      porsb                     0                     0                     0
      porsg                     0                     0                     0
   pothesat                     1                     1                     1
   plthesat                     0                     0                     0
   pwthesat                     0                     0                     0
  plwthesat                     0                     0                     0
 postthesat                     1                     1                     1
 plstthesat                     0                     0                     0
 pwstthesat                     0                     0                     0
plwstthesat                     0                     0                     0
  pothesatb                     0                     0                     0
  plthesatb                     0                     0                     0
  pwthesatb                     0                     0                     0
 plwthesatb                     0                     0                     0
  pothesatg                     0                     0                     0
  plthesatg                     0                     0                     0
  pwthesatg                     0                     0                     0
 plwthesatg                     0                     0                     0
       poax                     3                     3                     3
       plax                     0                     0                     0
       pwax                     0                     0                     0
      plwax                     0                     0                     0
      poalp                  0.01                  0.01                  0.01
      plalp                     0                     0                     0
      pwalp                     0                     0                     0
     plwalp                     0                     0                     0
     poalp1                     0                     0                     0
     plalp1                     0                     0                     0
     pwalp1                     0                     0                     0
    plwalp1                     0                     0                     0
     poalp2                     0                     0                     0
     plalp2                     0                     0                     0
     pwalp2                     0                     0                     0
    plwalp2                     0                     0                     0
       povp                  0.05                  0.05                  0.05
       poa1                     1                     1                     1
       pla1                     0                     0                     0
       pwa1                     0                     0                     0
      plwa1                     0                     0                     0
       poa2                    10                    10                    10
     posta2                     0                     0                     0
       poa3                     1                     1                     1
       pla3                     0                     0                     0
       pwa3                     0                     0                     0
      plwa3                     0                     0                     0
       poa4                     0                     0                     0
       pla4                     0                     0                     0
       pwa4                     0                     0                     0
      plwa4                     0                     0                     0
      pogco                     0                     0                     0
    poiginv                     0                     0                     0
    pliginv                     0                     0                     0
    pwiginv                     0                     0                     0
   plwiginv                     0                     0                     0
     poigov                     0                     0                     0
     pligov                     0                     0                     0
     pwigov                     0                     0                     0
    plwigov                     0                     0                     0
    poigovd                     0                     0                     0
    pligovd                     0                     0                     0
    pwigovd                     0                     0                     0
   plwigovd                     0                     0                     0
     postig                     2                     2                     2
      pogc2                 0.375                 0.375                 0.375
      pogc3                 0.063                 0.063                 0.063
     pochib                   3.1                   3.1                   3.1
    poagidl                     0                     0                     0
    plagidl                     0                     0                     0
    pwagidl                     0                     0                     0
   plwagidl                     0                     0                     0
   poagidld                     0                     0                     0
   plagidld                     0                     0                     0
   pwagidld                     0                     0                     0
  plwagidld                     0                     0                     0
    pobgidl                    41                    41                    41
   pobgidld                    41                    41                    41
  postbgidl                     0                     0                     0
 postbgidld                     0                     0                     0
    pocgidl                     0                     0                     0
   pocgidld                     0                     0                     0
      pocox                 1e-14                 1e-14                 1e-14
      plcox                     0                     0                     0
      pwcox                     0                     0                     0
     plwcox                     0                     0                     0
     pocgov                 1e-15                 1e-15                 1e-15
     plcgov                     0                     0                     0
     pwcgov                     0                     0                     0
    plwcgov                     0                     0                     0
    pocgovd                 1e-15                 1e-15                 1e-15
    plcgovd                     0                     0                     0
    pwcgovd                     0                     0                     0
   plwcgovd                     0                     0                     0
    pocgbov                     0                     0                     0
    plcgbov                     0                     0                     0
    pwcgbov                     0                     0                     0
   plwcgbov                     0                     0                     0
      pocfr                     0                     0                     0
      plcfr                     0                     0                     0
      pwcfr                     0                     0                     0
     plwcfr                     0                     0                     0
     pocfrd                     0                     0                     0
     plcfrd                     0                     0                     0
     pwcfrd                     0                     0                     0
    plwcfrd                     0                     0                     0
      pofnt                     1                     1                     1
   pofntexc                     0                     0                     0
   plfntexc                     0                     0                     0
   pwfntexc                     0                     0                     0
  plwfntexc                     0                     0                     0
      ponfa                 8e+22                 8e+22                 8e+22
      plnfa                     0                     0                     0
      pwnfa                     0                     0                     0
     plwnfa                     0                     0                     0
      ponfb                 3e+07                 3e+07                 3e+07
      plnfb                     0                     0                     0
      pwnfb                     0                     0                     0
     plwnfb                     0                     0                     0
      ponfc                     0                     0                     0
      plnfc                     0                     0                     0
      pwnfc                     0                     0                     0
     plwnfc                     0                     0                     0
       poef                     1                     1                     1
  povfbedge                    -1                    -1                    -1
postvfbedge                     0                     0                     0
plstvfbedge                     0                     0                     0
pwstvfbedge                     0                     0                     0
plwstvfbedg                     0                     0                     0
podphibedge                     0                     0                     0
pldphibedge                     0                     0                     0
pwdphibedge                     0                     0                     0
plwdphibedg                     0                     0                     0
 poneffedge                 5e+23                 5e+23                 5e+23
 plneffedge                     0                     0                     0
 pwneffedge                     0                     0                     0
plwneffedge                     0                     0                     0
   poctedge                     0                     0                     0
   plctedge                     0                     0                     0
   pwctedge                     0                     0                     0
  plwctedge                     0                     0                     0
 pobetnedge                0.0005                0.0005                0.0005
 plbetnedge                     0                     0                     0
 pwbetnedge                     0                     0                     0
plwbetnedge                     0                     0                     0
postbetedge                     1                     1                     1
plstbetedge                     0                     0                     0
pwstbetedge                     0                     0                     0
plwstbetedg                     0                     0                     0
 popsceedge                     0                     0                     0
 plpsceedge                     0                     0                     0
 pwpsceedge                     0                     0                     0
plwpsceedge                     0                     0                     0
popscebedge                     0                     0                     0
popscededge                     0                     0                     0
   pocfedge                     0                     0                     0
   plcfedge                     0                     0                     0
   pwcfedge                     0                     0                     0
  plwcfedge                     0                     0                     0
  pocfdedge                     0                     0                     0
  pocfbedge                     0                     0                     0
  pofntedge                     1                     1                     1
  ponfaedge                 8e+22                 8e+22                 8e+22
  plnfaedge                     0                     0                     0
  pwnfaedge                     0                     0                     0
 plwnfaedge                     0                     0                     0
  ponfbedge                 3e+07                 3e+07                 3e+07
  plnfbedge                     0                     0                     0
  pwnfbedge                     0                     0                     0
 plwnfbedge                     0                     0                     0
  ponfcedge                     0                     0                     0
  plnfcedge                     0                     0                     0
  pwnfcedge                     0                     0                     0
 plwnfcedge                     0                     0                     0
   poefedge                     1                     1                     1
  pokvthowe                     0                     0                     0
  plkvthowe                     0                     0                     0
  pwkvthowe                     0                     0                     0
 plwkvthowe                     0                     0                     0
    pokuowe                     0                     0                     0
    plkuowe                     0                     0                     0
    pwkuowe                     0                     0                     0
   plwkuowe                     0                     0                     0
       lmin                     0                     0                     0
       lmax                     1                     1                     1
       wmin                     0                     0                     0
       wmax                     1                     1                     1
      lvaro            -1.735e-09            -1.735e-09            -1.735e-09
      lvarl                     0                     0                     0
      lvarw                     0                     0                     0
        lap             3.471e-08             3.471e-08             3.471e-08
      wvaro                     0                     0                     0
      wvarl                     0                     0                     0
      wvarw                     0                     0                     0
        wot                     0                     0                     0
        dlq             3.537e-08             3.537e-08             3.537e-08
        dwq                 3e-08                 3e-08                 3e-08
       vfbo               -1.0717               -1.0717               -1.0717
       vfbl                 -0.03                 -0.03                 -0.03
       vfbw                     0                     0                     0
      vfblw                     0                     0                     0
     stvfbo            0.00057379            0.00057379            0.00057379
     stvfbl            8.6794e-05            8.6794e-05            8.6794e-05
     stvfbw            4.9309e-05            4.9309e-05            4.9309e-05
    stvfblw           -3.6436e-05           -3.6436e-05           -3.6436e-05
    st2vfbo                     0                     0                     0
       toxo            6.6672e-09            6.6672e-09            6.6672e-09
    epsroxo                   3.9                   3.9                   3.9
      nsubo            4.2268e+23            4.2268e+23            4.2268e+23
      nsubw               0.01112               0.01112               0.01112
       wseg             5.362e-08             5.362e-08             5.362e-08
       npck            8.0711e+23            8.0711e+23            8.0711e+23
      npckw             -0.011403             -0.011403             -0.011403
      wsegp                 1e-06                 1e-06                 1e-06
       lpck            8.3733e-09            8.3733e-09            8.3733e-09
      lpckw              0.077499              0.077499              0.077499
       fol1              0.065253              0.065253              0.065253
       fol2              0.010199              0.010199              0.010199
 facneffaco                     1                     1                     1
 facneffacl                     0                     0                     0
 facneffacw                     0                     0                     0
facneffaclw                     0                     0                     0
   gfacnudo                     1                     1                     1
   gfacnudl                     0                     0                     0
gfacnudlexp                     1                     1                     1
   gfacnudw                     0                     0                     0
  gfacnudlw                     0                     0                     0
    vsbnudo                     0                     0                     0
   dvsbnudo                     1                     1                     1
     vnsubo                     0                     0                     0
      nslpo                  0.05                  0.05                  0.05
     dnsubo               0.03585               0.03585               0.03585
     dphibo            -0.0914232            -0.0914232            -0.0914232
     dphibl            0.00412958            0.00412958            0.00412958
  dphiblexp                2.1893                2.1893                2.1893
     dphibw            -0.0105876            -0.0105876            -0.0105876
    dphiblw           -0.00186389           -0.00186389           -0.00186389
   delvtaco                     0                     0                     0
   delvtacl                     0                     0                     0
delvtaclexp                     1                     1                     1
   delvtacw                     0                     0                     0
  delvtaclw                     0                     0                     0
        npo             1.092e+26             1.092e+26             1.092e+26
        npl                0.2188                0.2188                0.2188
     toxovo            6.6672e-09            6.6672e-09            6.6672e-09
    toxovdo                 2e-09                 2e-09                 2e-09
        lov             3.471e-08             3.471e-08             3.471e-08
       lovd                     0                     0                     0
       novo              1.99e+26              1.99e+26              1.99e+26
      novdo                 5e+25                 5e+25                 5e+25
        cto             -0.006328             -0.006328             -0.006328
        ctl                     0                     0                     0
     ctlexp                     1                     1                     1
        ctw                0.3006                0.3006                0.3006
       ctlw              -0.01196              -0.01196              -0.01196
       ctgo                     0                     0                     0
       ctbo                     0                     0                     0
      stcto                     1                     1                     1
        cfl            0.00045884            0.00045884            0.00045884
     cflexp                2.2055                2.2055                2.2055
        cfw               0.45909               0.45909               0.45909
       cfdo                     0                     0                     0
       cfbo                     1                     1                     1
      pscel                     0                     0                     0
   pscelexp                     2                     2                     2
      pscew                     0                     0                     0
     pscebo                     0                     0                     0
     pscedo                     0                     0                     0
         uo              0.018428              0.018428              0.018428
      fbet1               0.15952               0.15952               0.15952
     fbet1w               -2.1872               -2.1872               -2.1872
        lp1            9.9822e-08            9.9822e-08            9.9822e-08
       lp1w               -1.0871               -1.0871               -1.0871
      fbet2               -2.7066               -2.7066               -2.7066
        lp2            5.8401e-08            5.8401e-08            5.8401e-08
      betw1             -0.097534             -0.097534             -0.097534
      betw2              0.022314              0.022314              0.022314
       wbet            7.9844e-10            7.9844e-10            7.9844e-10
     stbeto                1.6489                1.6489                1.6489
     stbetl              0.029528              0.029528              0.029528
     stbetw              0.037078              0.037078              0.037078
    stbetlw              0.046991              0.046991              0.046991
       mueo               1.75935               1.75935               1.75935
       muew              -0.06367              -0.06367              -0.06367
     stmueo                1.0816                1.0816                1.0816
     themuo                1.0324                1.0324                1.0324
   stthemuo               0.26337               0.26337               0.26337
        cso               0.18648               0.18648               0.18648
        csl               0.21903               0.21903               0.21903
     cslexp                2.0917                2.0917                2.0917
        csw             0.0072837             0.0072837             0.0072837
       cslw                  0.02                  0.02                  0.02
      stcso                     2                     2                     2
     thecso                     2                     2                     2
   stthecso                     0                     0                     0
      xcoro              0.001363              0.001363              0.001363
      xcorl                     8                     8                     8
      xcorw             0.0060537             0.0060537             0.0060537
     xcorlw              0.058951              0.058951              0.058951
    stxcoro            -6.939e-18            -6.939e-18            -6.939e-18
      fetao                1.2853                1.2853                1.2853
       rsw1                  1970                  1970                  1970
       rsw2             -0.057547             -0.057547             -0.057547
      strso              -0.24812              -0.24812              -0.24812
       rsbo              0.074639              0.074639              0.074639
       rsgo              0.528811              0.528811              0.528811
    thesato            8.4917e-05            8.4917e-05            8.4917e-05
    thesatl                 0.007                 0.007                 0.007
 thesatlexp                 2.395                 2.395                 2.395
    thesatw               1.27162               1.27162               1.27162
   thesatlw                 -0.01                 -0.01                 -0.01
  stthesato                3.0405                3.0405                3.0405
  stthesatl              -0.16001              -0.16001              -0.16001
  stthesatw              -0.96988              -0.96988              -0.96988
 stthesatlw               0.36213               0.36213               0.36213
   thesatbo                   0.1                   0.1                   0.1
   thesatgo                0.6304                0.6304                0.6304
        axo                16.822                16.822                16.822
        axl                3.0092                3.0092                3.0092
       alpl             0.0058454             0.0058454             0.0058454
    alplexp               0.47562               0.47562               0.47562
       alpw             -0.065973             -0.065973             -0.065973
     alp1l1            4.4409e-16            4.4409e-16            4.4409e-16
   alp1lexp                 1.347                 1.347                 1.347
     alp1l2                     1                     1                     1
      alp1w                     2                     2                     2
     alp2l1            3.6779e-06            3.6779e-06            3.6779e-06
   alp2lexp                0.2531                0.2531                0.2531
     alp2l2            2.2204e-15            2.2204e-15            2.2204e-15
      alp2w                0.9582                0.9582                0.9582
        vpo            1.8436e-06            1.8436e-06            1.8436e-06
        a1o                47.788                47.788                47.788
        a1l              0.029145              0.029145              0.029145
        a1w               0.01435               0.01435               0.01435
        a2o                38.581                38.581                38.581
      sta2o            -0.0049931            -0.0049931            -0.0049931
        a3o                1.1753                1.1753                1.1753
        a3l             -0.069795             -0.069795             -0.069795
        a3w             0.0032538             0.0032538             0.0032538
        a4o               0.12593               0.12593               0.12593
        a4l                 -0.07                 -0.07                 -0.07
        a4w              -0.04811              -0.04811              -0.04811
       gcoo                     0                     0                     0
    iginvlw                     0                     0                     0
      igovw                     0                     0                     0
     igovdw                     0                     0                     0
      stigo                     2                     2                     2
       gc2o                 0.375                 0.375                 0.375
       gc3o                 0.063                 0.063                 0.063
      chibo                   3.1                   3.1                   3.1
     agidlw                 6e-10                 6e-10                 6e-10
    agidldw                     0                     0                     0
     bgidlo               3.17491               3.17491               3.17491
    bgidldo                    41                    41                    41
   stbgidlo            -0.0049461            -0.0049461            -0.0049461
  stbgidldo                     0                     0                     0
     cgidlo               0.23693               0.23693               0.23693
    cgidldo                     0                     0                     0
     cgbovl            -4.669e-16            -4.669e-16            -4.669e-16
       cfrw                     0                     0                     0
      cfrdw                     0                     0                     0
       fnto                     1                     1                     1
    fntexcl                     0                     0                     0
      nfalw               1.3e+25               1.3e+25               1.3e+25
      nfblw             5.289e+09             5.289e+09             5.289e+09
      nfclw                 2e-07                 2e-07                 2e-07
        efo                 1.152                 1.152                 1.152
    lintnoi               2.5e-08               2.5e-08               2.5e-08
     alpnoi                     2                     2                     2
      wedge                 1e-08                 1e-08                 1e-08
     wedgew                     0                     0                     0
   vfbedgeo                    -1                    -1                    -1
 stvfbedgeo                0.0005                0.0005                0.0005
 stvfbedgel                     0                     0                     0
 stvfbedgew                     0                     0                     0
stvfbedgelw                     0                     0                     0
 dphibedgeo                     0                     0                     0
 dphibedgel                     0                     0                     0
dphibedgele                     1                     1                     1
 dphibedgew                     0                     0                     0
dphibedgelw                     0                     0                     0
  nsubedgeo                 5e+23                 5e+23                 5e+23
  nsubedgel                     0                     0                     0
nsubedgelex                     1                     1                     1
  nsubedgew                     0                     0                     0
 nsubedgelw                     0                     0                     0
    ctedgeo                     0                     0                     0
    ctedgel                     0                     0                     0
 ctedgelexp                     1                     1                     1
   fbetedge                     0                     0                     0
     lpedge                 1e-08                 1e-08                 1e-08
   betedgew                     0                     0                     0
 stbetedgeo                     1                     1                     1
 stbetedgel                     0                     0                     0
 stbetedgew                     0                     0                     0
stbetedgelw                     0                     0                     0
  psceedgel                     0                     0                     0
psceedgelex                     2                     2                     2
  psceedgew                     0                     0                     0
 pscebedgeo                     0                     0                     0
 pscededgeo                     0                     0                     0
    cfedgel                     0                     0                     0
 cfedgelexp                     2                     2                     2
    cfedgew                     0                     0                     0
   cfdedgeo                     0                     0                     0
   cfbedgeo                     0                     0                     0
   fntedgeo                     1                     1                     1
  nfaedgelw                 8e+22                 8e+22                 8e+22
  nfbedgelw                 3e+07                 3e+07                 3e+07
  nfcedgelw                     0                     0                     0
    efedgeo                     1                     1                     1
   kvthoweo                     0                     0                     0
   kvthowel                     0                     0                     0
   kvthowew                     0                     0                     0
  kvthowelw                     0                     0                     0
     kuoweo                     0                     0                     0
     kuowel                     0                     0                     0
     kuowew                     0                     0                     0
    kuowelw                     0                     0                     0
        rgo                    15                    15                    15
       rint                     0                     0                     0
     rvpoly                     0                     0                     0
       rshg                    40                    40                    40
      dlsil                     0                     0                     0
        rsh                     0                     0                     0
       rshd                     0                     0                     0
     rbulko                  2000               222.222                   200
     rwello                  1000               111.111                   100
     rjunso                  5000               555.556                   500
     rjundo                  5000               555.556                   500
      saref                 1e-06                 1e-06                 1e-06
      sbref                 1e-06                 1e-06                 1e-06
       wlod                     0                     0                     0
        kuo                     0                     0                     0
      kvsat                     0                     0                     0
       tkuo                     0                     0                     0
       lkuo                     0                     0                     0
       wkuo                     0                     0                     0
       pkuo                     0                     0                     0
    llodkuo                     0                     0                     0
    wlodkuo                     0                     0                     0
      kvtho                     0                     0                     0
     lkvtho                     0                     0                     0
     wkvtho                     0                     0                     0
     pkvtho                     0                     0                     0
    llodvth                     0                     0                     0
    wlodvth                     0                     0                     0
     stetao                     0                     0                     0
    lodetao                     1                     1                     1
      scref                 1e-06                 1e-06                 1e-06
        web                     0                     0                     0
        wec                     0                     0                     0
      swsoa                     0                     0                     0
    vgs_max                     3                     3                     3
    vgd_max                     3                     3                     3
    vgb_max                     3                     3                     3
    vds_max                     3                     3                     3
    vdb_max                   1.6                   1.6                   1.6
    vsb_max                   1.6                   1.6                   1.6
       imax             0.0024527             0.0024527             0.0024527
        trj                    21                    21                    21
       frev                  1000                  1000                  1000
    cjorbot            0.00074474            0.00074474            0.00074474
    cjorsti           3.91764e-11           3.91764e-11           3.91764e-11
    cjorgat             2.852e-11             2.852e-11             2.852e-11
    vbirbot               0.72606               0.72606               0.72606
    vbirsti               0.69819               0.69819               0.69819
    vbirgat                 1.199                 1.199                 1.199
       pbot               0.33078               0.33078               0.33078
       psti               0.22409               0.22409               0.22409
       pgat                0.4474                0.4474                0.4474
    phigbot                1.0641                1.0641                1.0641
    phigsti                1.3946                1.3946                1.3946
    phiggat                  1.83                  1.83                  1.83
  idsatrbot            3.0606e-08            3.0606e-08            3.0606e-08
  idsatrsti            3.6127e-15            3.6127e-15            3.6127e-15
  idsatrgat                     0                     0                     0
    csrhbot                   100                   100                   100
    csrhsti                0.0001                0.0001                0.0001
    csrhgat                0.0001                0.0001                0.0001
    xjunsti              4.93e-08              4.93e-08              4.93e-08
    xjungat             7.062e-07             7.062e-07             7.062e-07
    ctatbot                   100                   100                   100
    ctatsti                0.0001                0.0001                0.0001
    ctatgat                0.0001                0.0001                0.0001
 mefftatbot                  0.25                  0.25                  0.25
 mefftatsti                  0.25                  0.25                  0.25
 mefftatgat                  0.25                  0.25                  0.25
    cbbtbot                 1e-12                 1e-12                 1e-12
    cbbtsti                 1e-21                 1e-21                 1e-21
    cbbtgat                 1e-18                 1e-18                 1e-18
   fbbtrbot                 1e+09                 1e+09                 1e+09
   fbbtrsti                 1e+09                 1e+09                 1e+09
   fbbtrgat                 1e+09                 1e+09                 1e+09
  stfbbtbot                -0.001                -0.001                -0.001
  stfbbtsti                -0.001                -0.001                -0.001
  stfbbtgat                -0.001                -0.001                -0.001
     vbrbot                    10                    10                    10
     vbrsti                    10                    10                    10
     vbrgat                    10                    10                    10
     pbrbot                     4                     4                     4
     pbrsti                     4                     4                     4
     pbrgat                     4                     4                     4
   cjorbotd                 0.001                 0.001                 0.001
   cjorstid                 1e-09                 1e-09                 1e-09
   cjorgatd                 1e-09                 1e-09                 1e-09
   vbirbotd                     1                     1                     1
   vbirstid                     1                     1                     1
   vbirgatd                     1                     1                     1
      pbotd                   0.5                   0.5                   0.5
      pstid                   0.5                   0.5                   0.5
      pgatd                   0.5                   0.5                   0.5
   phigbotd                  1.16                  1.16                  1.16
   phigstid                  1.16                  1.16                  1.16
   phiggatd                  1.16                  1.16                  1.16
 idsatrbotd                 1e-12                 1e-12                 1e-12
 idsatrstid                 1e-18                 1e-18                 1e-18
 idsatrgatd                 1e-18                 1e-18                 1e-18
   csrhbotd                   100                   100                   100
   csrhstid                0.0001                0.0001                0.0001
   csrhgatd                0.0001                0.0001                0.0001
   xjunstid                 1e-07                 1e-07                 1e-07
   xjungatd                 1e-07                 1e-07                 1e-07
   ctatbotd                   100                   100                   100
   ctatstid                0.0001                0.0001                0.0001
   ctatgatd                0.0001                0.0001                0.0001
mefftatbotd                  0.25                  0.25                  0.25
mefftatstid                  0.25                  0.25                  0.25
mefftatgatd                  0.25                  0.25                  0.25
   cbbtbotd                 1e-12                 1e-12                 1e-12
   cbbtstid                 1e-18                 1e-18                 1e-18
   cbbtgatd                 1e-18                 1e-18                 1e-18
  fbbtrbotd                 1e+09                 1e+09                 1e+09
  fbbtrstid                 1e+09                 1e+09                 1e+09
  fbbtrgatd                 1e+09                 1e+09                 1e+09
 stfbbtbotd                -0.001                -0.001                -0.001
 stfbbtstid                -0.001                -0.001                -0.001
 stfbbtgatd                -0.001                -0.001                -0.001
    vbrbotd                    10                    10                    10
    vbrstid                    10                    10                    10
    vbrgatd                    10                    10                    10
    pbrbotd                     4                     4                     4
    pbrstid                     4                     4                     4
    pbrgatd                     4                     4                     4
   swjunexp                     0                     0                     0
    vjunref                   2.5                   2.5                   2.5
      fjunq                  0.03                  0.03                  0.03
   vjunrefd                   2.5                   2.5                   2.5
     fjunqd                  0.03                  0.03                  0.03

 PSP103VA models (A simulator independent device loaded with OSDI)
      model xm0:sg13g2_hv_pmos_ps

      level                   104
       type                    -1
         tr                    27
      swgeo                     1
    swigate                     1
   swimpact                     1
     swgidl                     1
   swjuncap                     3
  swjunasym                     0
      swnud                     0
     swedge                     0
  swdelvtac                     0
      swign                     1
        qmc                     1
        vfb                    -1
      stvfb                0.0005
     st2vfb                     0
        tox                 2e-09
     epsrox                   3.9
       neff                 5e+23
  facneffac                     1
    gfacnud                     1
     vsbnud                     0
    dvsbnud                     1
      vnsub                     0
       nslp                  0.05
      dnsub                     0
      dphib                     0
    delvtac                     0
         np                 1e+26
      toxov                 2e-09
     toxovd                 2e-09
        nov                 5e+25
       novd                 5e+25
         ct                     0
        ctg                     0
        ctb                     0
       stct                     1
         cf                     0
        cfd                     0
        cfb                     0
       psce                     0
      psceb                     0
      psced                     0
       betn                  0.07
      stbet                     1
        mue                   0.5
      stmue                     0
      themu                   1.5
    stthemu                   1.5
         cs                     0
       stcs                     0
      thecs                     2
    stthecs                     0
       xcor                     0
     stxcor                     0
       feta                     1
         rs                    30
       strs                     1
        rsb                     0
        rsg                     0
     thesat                     1
   stthesat                     1
    thesatb                     0
    thesatg                     0
         ax                     3
        alp                  0.01
       alp1                     0
       alp2                     0
         vp                  0.05
         a1                     1
         a2                    10
       sta2                     0
         a3                     1
         a4                     0
        gco                     0
      iginv                     0
       igov                     0
      igovd                     0
       stig                     2
        gc2                 0.375
        gc3                 0.063
       chib                   3.1
      agidl                     0
     agidld                     0
      bgidl                    41
     bgidld                    41
    stbgidl                     0
   stbgidld                     0
      cgidl                     0
     cgidld                     0
        cox                 1e-14
       cgov                 1e-15
      cgovd                 1e-15
      cgbov                     0
        cfr                     0
       cfrd                     0
        fnt                     1
     fntexc                     0
        nfa                 8e+22
        nfb                 3e+07
        nfc                     0
         ef                     1
    vfbedge                    -1
  stvfbedge                0.0005
  dphibedge                     0
   neffedge                 5e+23
     ctedge                     0
   betnedge                0.0005
  stbetedge                     1
   psceedge                     0
  pscebedge                     0
  pscededge                     0
     cfedge                     0
    cfdedge                     0
    cfbedge                     0
    fntedge                     1
    nfaedge                 8e+22
    nfbedge                 3e+07
    nfcedge                     0
     efedge                     1
         rg                     0
        rse                     0
        rde                     0
      rbulk                     0
      rwell                     0
      rjuns                     0
      rjund                     0
      povfb                    -1
      plvfb                     0
      pwvfb                     0
     plwvfb                     0
    postvfb                0.0005
    plstvfb                     0
    pwstvfb                     0
   plwstvfb                     0
   post2vfb                     0
      potox                 2e-09
   poepsrox                   3.9
     poneff                 5e+23
     plneff                     0
     pwneff                     0
    plwneff                     0
pofacneffac                     1
plfacneffac                     0
pwfacneffac                     0
plwfacneffa                     0
  pogfacnud                     1
  plgfacnud                     0
  pwgfacnud                     0
 plwgfacnud                     0
   povsbnud                     0
  podvsbnud                     1
    povnsub                     0
     ponslp                  0.05
    podnsub                     0
    podphib                     0
    pldphib                     0
    pwdphib                     0
   plwdphib                     0
  podelvtac                     0
  pldelvtac                     0
  pwdelvtac                     0
 plwdelvtac                     0
       ponp                 1e+26
       plnp                     0
       pwnp                     0
      plwnp                     0
    potoxov                 2e-09
   potoxovd                 2e-09
      ponov                 5e+25
      plnov                     0
      pwnov                     0
     plwnov                     0
     ponovd                 5e+25
     plnovd                     0
     pwnovd                     0
    plwnovd                     0
       poct                     0
       plct                     0
       pwct                     0
      plwct                     0
      poctg                     0
      poctb                     0
     postct                     1
       pocf                     0
       plcf                     0
       pwcf                     0
      plwcf                     0
      pocfd                     0
      pocfb                     0
     popsce                     0
     plpsce                     0
     pwpsce                     0
    plwpsce                     0
    popsceb                     0
    popsced                     0
     pobetn                  0.07
     plbetn                     0
     pwbetn                     0
    plwbetn                     0
    postbet                     1
    plstbet                     0
    pwstbet                     0
   plwstbet                     0
      pomue                   0.5
      plmue                     0
      pwmue                     0
     plwmue                     0
    postmue                     0
    pothemu                   1.5
  postthemu                   1.5
       pocs                     0
       plcs                     0
       pwcs                     0
      plwcs                     0
     postcs                     0
    pothecs                     2
  postthecs                     0
     poxcor                     0
     plxcor                     0
     pwxcor                     0
    plwxcor                     0
   postxcor                     0
     pofeta                     1
       pors                    30
       plrs                     0
       pwrs                     0
      plwrs                     0
     postrs                     1
      porsb                     0
      porsg                     0
   pothesat                     1
   plthesat                     0
   pwthesat                     0
  plwthesat                     0
 postthesat                     1
 plstthesat                     0
 pwstthesat                     0
plwstthesat                     0
  pothesatb                     0
  plthesatb                     0
  pwthesatb                     0
 plwthesatb                     0
  pothesatg                     0
  plthesatg                     0
  pwthesatg                     0
 plwthesatg                     0
       poax                     3
       plax                     0
       pwax                     0
      plwax                     0
      poalp                  0.01
      plalp                     0
      pwalp                     0
     plwalp                     0
     poalp1                     0
     plalp1                     0
     pwalp1                     0
    plwalp1                     0
     poalp2                     0
     plalp2                     0
     pwalp2                     0
    plwalp2                     0
       povp                  0.05
       poa1                     1
       pla1                     0
       pwa1                     0
      plwa1                     0
       poa2                    10
     posta2                     0
       poa3                     1
       pla3                     0
       pwa3                     0
      plwa3                     0
       poa4                     0
       pla4                     0
       pwa4                     0
      plwa4                     0
      pogco                     0
    poiginv                     0
    pliginv                     0
    pwiginv                     0
   plwiginv                     0
     poigov                     0
     pligov                     0
     pwigov                     0
    plwigov                     0
    poigovd                     0
    pligovd                     0
    pwigovd                     0
   plwigovd                     0
     postig                     2
      pogc2                 0.375
      pogc3                 0.063
     pochib                   3.1
    poagidl                     0
    plagidl                     0
    pwagidl                     0
   plwagidl                     0
   poagidld                     0
   plagidld                     0
   pwagidld                     0
  plwagidld                     0
    pobgidl                    41
   pobgidld                    41
  postbgidl                     0
 postbgidld                     0
    pocgidl                     0
   pocgidld                     0
      pocox                 1e-14
      plcox                     0
      pwcox                     0
     plwcox                     0
     pocgov                 1e-15
     plcgov                     0
     pwcgov                     0
    plwcgov                     0
    pocgovd                 1e-15
    plcgovd                     0
    pwcgovd                     0
   plwcgovd                     0
    pocgbov                     0
    plcgbov                     0
    pwcgbov                     0
   plwcgbov                     0
      pocfr                     0
      plcfr                     0
      pwcfr                     0
     plwcfr                     0
     pocfrd                     0
     plcfrd                     0
     pwcfrd                     0
    plwcfrd                     0
      pofnt                     1
   pofntexc                     0
   plfntexc                     0
   pwfntexc                     0
  plwfntexc                     0
      ponfa                 8e+22
      plnfa                     0
      pwnfa                     0
     plwnfa                     0
      ponfb                 3e+07
      plnfb                     0
      pwnfb                     0
     plwnfb                     0
      ponfc                     0
      plnfc                     0
      pwnfc                     0
     plwnfc                     0
       poef                     1
  povfbedge                    -1
postvfbedge                     0
plstvfbedge                     0
pwstvfbedge                     0
plwstvfbedg                     0
podphibedge                     0
pldphibedge                     0
pwdphibedge                     0
plwdphibedg                     0
 poneffedge                 5e+23
 plneffedge                     0
 pwneffedge                     0
plwneffedge                     0
   poctedge                     0
   plctedge                     0
   pwctedge                     0
  plwctedge                     0
 pobetnedge                0.0005
 plbetnedge                     0
 pwbetnedge                     0
plwbetnedge                     0
postbetedge                     1
plstbetedge                     0
pwstbetedge                     0
plwstbetedg                     0
 popsceedge                     0
 plpsceedge                     0
 pwpsceedge                     0
plwpsceedge                     0
popscebedge                     0
popscededge                     0
   pocfedge                     0
   plcfedge                     0
   pwcfedge                     0
  plwcfedge                     0
  pocfdedge                     0
  pocfbedge                     0
  pofntedge                     1
  ponfaedge                 8e+22
  plnfaedge                     0
  pwnfaedge                     0
 plwnfaedge                     0
  ponfbedge                 3e+07
  plnfbedge                     0
  pwnfbedge                     0
 plwnfbedge                     0
  ponfcedge                     0
  plnfcedge                     0
  pwnfcedge                     0
 plwnfcedge                     0
   poefedge                     1
  pokvthowe                     0
  plkvthowe                     0
  pwkvthowe                     0
 plwkvthowe                     0
    pokuowe                     0
    plkuowe                     0
    pwkuowe                     0
   plwkuowe                     0
       lmin                     0
       lmax                     1
       wmin                     0
       wmax                     1
      lvaro            -1.735e-09
      lvarl                     0
      lvarw                     0
        lap             3.471e-08
      wvaro                     0
      wvarl                     0
      wvarw                     0
        wot                     0
        dlq             3.537e-08
        dwq                 3e-08
       vfbo               -1.0717
       vfbl                 -0.03
       vfbw                     0
      vfblw                     0
     stvfbo            0.00057379
     stvfbl            8.6794e-05
     stvfbw            4.9309e-05
    stvfblw           -3.6436e-05
    st2vfbo                     0
       toxo            6.6672e-09
    epsroxo                   3.9
      nsubo            4.2268e+23
      nsubw               0.01112
       wseg             5.362e-08
       npck            8.0711e+23
      npckw             -0.011403
      wsegp                 1e-06
       lpck            8.3733e-09
      lpckw              0.077499
       fol1              0.065253
       fol2              0.010199
 facneffaco                     1
 facneffacl                     0
 facneffacw                     0
facneffaclw                     0
   gfacnudo                     1
   gfacnudl                     0
gfacnudlexp                     1
   gfacnudw                     0
  gfacnudlw                     0
    vsbnudo                     0
   dvsbnudo                     1
     vnsubo                     0
      nslpo                  0.05
     dnsubo               0.03585
     dphibo            -0.0914232
     dphibl            0.00412958
  dphiblexp                2.1893
     dphibw            -0.0105876
    dphiblw           -0.00186389
   delvtaco                     0
   delvtacl                     0
delvtaclexp                     1
   delvtacw                     0
  delvtaclw                     0
        npo             1.092e+26
        npl                0.2188
     toxovo            6.6672e-09
    toxovdo                 2e-09
        lov             3.471e-08
       lovd                     0
       novo              1.99e+26
      novdo                 5e+25
        cto             -0.006328
        ctl                     0
     ctlexp                     1
        ctw                0.3006
       ctlw              -0.01196
       ctgo                     0
       ctbo                     0
      stcto                     1
        cfl            0.00045884
     cflexp                2.2055
        cfw               0.45909
       cfdo                     0
       cfbo                     1
      pscel                     0
   pscelexp                     2
      pscew                     0
     pscebo                     0
     pscedo                     0
         uo              0.018428
      fbet1               0.15952
     fbet1w               -2.1872
        lp1            9.9822e-08
       lp1w               -1.0871
      fbet2               -2.7066
        lp2            5.8401e-08
      betw1             -0.097534
      betw2              0.022314
       wbet            7.9844e-10
     stbeto                1.6489
     stbetl              0.029528
     stbetw              0.037078
    stbetlw              0.046991
       mueo               1.75935
       muew              -0.06367
     stmueo                1.0816
     themuo                1.0324
   stthemuo               0.26337
        cso               0.18648
        csl               0.21903
     cslexp                2.0917
        csw             0.0072837
       cslw                  0.02
      stcso                     2
     thecso                     2
   stthecso                     0
      xcoro              0.001363
      xcorl                     8
      xcorw             0.0060537
     xcorlw              0.058951
    stxcoro            -6.939e-18
      fetao                1.2853
       rsw1                  1970
       rsw2             -0.057547
      strso              -0.24812
       rsbo              0.074639
       rsgo              0.528811
    thesato            8.4917e-05
    thesatl                 0.007
 thesatlexp                 2.395
    thesatw               1.27162
   thesatlw                 -0.01
  stthesato                3.0405
  stthesatl              -0.16001
  stthesatw              -0.96988
 stthesatlw               0.36213
   thesatbo                   0.1
   thesatgo                0.6304
        axo                16.822
        axl                3.0092
       alpl             0.0058454
    alplexp               0.47562
       alpw             -0.065973
     alp1l1            4.4409e-16
   alp1lexp                 1.347
     alp1l2                     1
      alp1w                     2
     alp2l1            3.6779e-06
   alp2lexp                0.2531
     alp2l2            2.2204e-15
      alp2w                0.9582
        vpo            1.8436e-06
        a1o                47.788
        a1l              0.029145
        a1w               0.01435
        a2o                38.581
      sta2o            -0.0049931
        a3o                1.1753
        a3l             -0.069795
        a3w             0.0032538
        a4o               0.12593
        a4l                 -0.07
        a4w              -0.04811
       gcoo                     0
    iginvlw                     0
      igovw                     0
     igovdw                     0
      stigo                     2
       gc2o                 0.375
       gc3o                 0.063
      chibo                   3.1
     agidlw                 6e-10
    agidldw                     0
     bgidlo               3.17491
    bgidldo                    41
   stbgidlo            -0.0049461
  stbgidldo                     0
     cgidlo               0.23693
    cgidldo                     0
     cgbovl            -4.669e-16
       cfrw                     0
      cfrdw                     0
       fnto                     1
    fntexcl                     0
      nfalw               1.3e+25
      nfblw             5.289e+09
      nfclw                 2e-07
        efo                 1.152
    lintnoi               2.5e-08
     alpnoi                     2
      wedge                 1e-08
     wedgew                     0
   vfbedgeo                    -1
 stvfbedgeo                0.0005
 stvfbedgel                     0
 stvfbedgew                     0
stvfbedgelw                     0
 dphibedgeo                     0
 dphibedgel                     0
dphibedgele                     1
 dphibedgew                     0
dphibedgelw                     0
  nsubedgeo                 5e+23
  nsubedgel                     0
nsubedgelex                     1
  nsubedgew                     0
 nsubedgelw                     0
    ctedgeo                     0
    ctedgel                     0
 ctedgelexp                     1
   fbetedge                     0
     lpedge                 1e-08
   betedgew                     0
 stbetedgeo                     1
 stbetedgel                     0
 stbetedgew                     0
stbetedgelw                     0
  psceedgel                     0
psceedgelex                     2
  psceedgew                     0
 pscebedgeo                     0
 pscededgeo                     0
    cfedgel                     0
 cfedgelexp                     2
    cfedgew                     0
   cfdedgeo                     0
   cfbedgeo                     0
   fntedgeo                     1
  nfaedgelw                 8e+22
  nfbedgelw                 3e+07
  nfcedgelw                     0
    efedgeo                     1
   kvthoweo                     0
   kvthowel                     0
   kvthowew                     0
  kvthowelw                     0
     kuoweo                     0
     kuowel                     0
     kuowew                     0
    kuowelw                     0
        rgo                    15
       rint                     0
     rvpoly                     0
       rshg                    40
      dlsil                     0
        rsh                     0
       rshd                     0
     rbulko                   200
     rwello                   100
     rjunso                   500
     rjundo                   500
      saref                 1e-06
      sbref                 1e-06
       wlod                     0
        kuo                     0
      kvsat                     0
       tkuo                     0
       lkuo                     0
       wkuo                     0
       pkuo                     0
    llodkuo                     0
    wlodkuo                     0
      kvtho                     0
     lkvtho                     0
     wkvtho                     0
     pkvtho                     0
    llodvth                     0
    wlodvth                     0
     stetao                     0
    lodetao                     1
      scref                 1e-06
        web                     0
        wec                     0
      swsoa                     0
    vgs_max                     3
    vgd_max                     3
    vgb_max                     3
    vds_max                     3
    vdb_max                   1.6
    vsb_max                   1.6
       imax             0.0024527
        trj                    21
       frev                  1000
    cjorbot            0.00074474
    cjorsti           3.91764e-11
    cjorgat             2.852e-11
    vbirbot               0.72606
    vbirsti               0.69819
    vbirgat                 1.199
       pbot               0.33078
       psti               0.22409
       pgat                0.4474
    phigbot                1.0641
    phigsti                1.3946
    phiggat                  1.83
  idsatrbot            3.0606e-08
  idsatrsti            3.6127e-15
  idsatrgat                     0
    csrhbot                   100
    csrhsti                0.0001
    csrhgat                0.0001
    xjunsti              4.93e-08
    xjungat             7.062e-07
    ctatbot                   100
    ctatsti                0.0001
    ctatgat                0.0001
 mefftatbot                  0.25
 mefftatsti                  0.25
 mefftatgat                  0.25
    cbbtbot                 1e-12
    cbbtsti                 1e-21
    cbbtgat                 1e-18
   fbbtrbot                 1e+09
   fbbtrsti                 1e+09
   fbbtrgat                 1e+09
  stfbbtbot                -0.001
  stfbbtsti                -0.001
  stfbbtgat                -0.001
     vbrbot                    10
     vbrsti                    10
     vbrgat                    10
     pbrbot                     4
     pbrsti                     4
     pbrgat                     4
   cjorbotd                 0.001
   cjorstid                 1e-09
   cjorgatd                 1e-09
   vbirbotd                     1
   vbirstid                     1
   vbirgatd                     1
      pbotd                   0.5
      pstid                   0.5
      pgatd                   0.5
   phigbotd                  1.16
   phigstid                  1.16
   phiggatd                  1.16
 idsatrbotd                 1e-12
 idsatrstid                 1e-18
 idsatrgatd                 1e-18
   csrhbotd                   100
   csrhstid                0.0001
   csrhgatd                0.0001
   xjunstid                 1e-07
   xjungatd                 1e-07
   ctatbotd                   100
   ctatstid                0.0001
   ctatgatd                0.0001
mefftatbotd                  0.25
mefftatstid                  0.25
mefftatgatd                  0.25
   cbbtbotd                 1e-12
   cbbtstid                 1e-18
   cbbtgatd                 1e-18
  fbbtrbotd                 1e+09
  fbbtrstid                 1e+09
  fbbtrgatd                 1e+09
 stfbbtbotd                -0.001
 stfbbtstid                -0.001
 stfbbtgatd                -0.001
    vbrbotd                    10
    vbrstid                    10
    vbrgatd                    10
    pbrbotd                     4
    pbrstid                     4
    pbrgatd                     4
   swjunexp                     0
    vjunref                   2.5
      fjunq                  0.03
   vjunrefd                   2.5
     fjunqd                  0.03

 r3_cmc models (A simulator independent device loaded with OSDI)
      model          xr1:res_rppd          xr2:res_rppd

    version                     1                     1
 subversion                     1                     1
   revision                     2                     2
      level                  1003                  1003
       type                    -1                    -1
      scale                     1                     1
     shrink                     0                     0
       tmin                  -100                  -100
       tmax                   500                   500
    rthresh                 0.001                 0.001
       imax                     1                     1
       tnom                    27                    27
       lmin                     0                     0
       lmax               9.9e+09               9.9e+09
       wmin                     0                     0
       wmax               9.9e+09               9.9e+09
       jmax                   100                   100
       vmax               9.9e+09               9.9e+09
   tminclip                  -100                  -100
   tmaxclip                   500                   500
        rsh                   234                   234
         xw                 0.006                 0.006
       nwxw                     0                     0
       wexw                     0                     0
       fdrw                     1                     1
    fdxwinf                     0                     0
         xl                     0                     0
        xlw                     0                     0
     dxlsat                     0                     0
        nst                     1                     1
        ats                     0                     0
       atsl                     0                     0
      dfinf                0.0001                0.0001
        dfw                     0                     0
        dfl                     0                     0
       dfwl                     0                     0
   sw_dfgeo                     1                     1
         dp                  1000                  1000
        dpw                     0                     0
       dpwe                   0.5                   0.5
        dpl                     0                     0
       dple                     2                     2
       dpwl                     0                     0
      ecrit                  1000                  1000
      ecorn                   0.4                   0.4
   sw_vsatt                     0                     0
   sw_accpo                     0                     0
       grpo                 1e-12                 1e-12
         du                  0.02                  0.02
         rc                  17.5                  17.5
        rcw                     0                     0
         fc                   0.9                   0.9
        isa                     0                     0
         na                     1                     1
         ca                 9e-17                 9e-17
        cja                     0                     0
         pa                  0.75                  0.75
         ma                  0.33                  0.33
        aja                  -0.5                  -0.5
        isp                     0                     0
         np                     1                     1
         cp               2.5e-17               2.5e-17
        cjp                     0                     0
         pp                  0.75                  0.75
         mp                  0.33                  0.33
        ajp                  -0.5                  -0.5
        vbv                     0                     0
        ibv                 1e-06                 1e-06
        nbv                     1                     1
        kfn             4.601e-11             4.601e-11
        afn                 1.886                 1.886
        bfn                0.9963                0.9963
   sw_fngeo                     0                     0
         ea                  1.12                  1.12
        xis                     3                     3
      xvsat                     0                     0
        tc1               0.00017               0.00017
        tc2                 4e-07                 4e-07
       tc1l                     0                     0
       tc2l                     0                     0
       tc1w                     0                     0
       tc2w                     0                     0
      tc1wl                     0                     0
      tc2wl                     0                     0
      tc1rc              -0.00095              -0.00095
      tc2rc                     0                     0
      tc1dp                     0                     0
      tc2dp                     0                     0
     tc1vbv                     0                     0
     tc2vbv                     0                     0
     tc1nbv                     0                     0
     tc1kfn                     0                     0
      tegth                     0                     0
       gth0                 1e-12                 1e-12
       gthp                 2e-06                 2e-06
       gtha                 6e-06                 6e-06
       gthc                 1e-12                 1e-12
       cth0                     0                     0
       cthp                     0                     0
       ctha              5.94e-13              5.94e-13
       cthc                     0                     0
   nsig_rsh                     0                     0
     nsig_w                     0                     0
     nsig_l                     0                     0
    sig_rsh                     0                     0
      sig_w                     0                     0
      sig_l                     0                     0
    smm_rsh                   1.5                   1.5
      smm_w                  0.01                  0.01
      smm_l                  0.01                  0.01
   sw_mmgeo                     0                     0

 Capacitor: Fixed capacitor
     device            c.xq3.csub            c.xq2.csub            c.xq1.csub
      model                     C                     C                     C
capacitance              2.15e-14               1.1e-14              2.15e-14
      dtemp                     0                     0                     0
     bv_max                 1e+99                 1e+99                 1e+99
          i                     0                     0                     0
          p                     0                     0                     0

 Capacitor: Fixed capacitor
     device          ccc_vdd_vref          ccc_sns2_vdd          ccc_sns1_vss
      model                     C                     C                     C
capacitance             8.235e-18             8.235e-18            3.0251e-17
      dtemp                     0                     0                     0
     bv_max                 1e+99                 1e+99                 1e+99
          i                     0                     0                     0
          p                     0                    -0                     0

 Capacitor: Fixed capacitor
     device           ccc_cb3_vss          ccc_cb3_vref           ccc_cb3_vdd
      model                     C                     C                     C
capacitance            2.0167e-17             8.235e-18             8.235e-18
      dtemp                     0                     0                     0
     bv_max                 1e+99                 1e+99                 1e+99
          i                     0                     0                     0
          p                     0                    -0                    -0

 Capacitor: Fixed capacitor
     device           ccc_cb2_vss           ccc_cb2_vdd                  cvss
      model                     C                     C                     C
capacitance            3.0251e-17             8.235e-18           1.24911e-14
      dtemp                     0                     0                     0
     bv_max                 1e+99                 1e+99                 1e+99
          i                     0                     0                     0
          p                     0                    -0                     0

 Capacitor: Fixed capacitor
     device                 cvref                  cvdd                 csns2
      model                     C                     C                     C
capacitance           1.50146e-14           1.27644e-14           7.03619e-15
      dtemp                     0                     0                     0
     bv_max                 1e+99                 1e+99                 1e+99
          i                     0                     0                     0
          p                     0                     0                     0

 Capacitor: Fixed capacitor
     device                 csns1                  ccb3                  ccb2
      model                     C                     C                     C
capacitance           4.24414e-15           3.56737e-14           8.70493e-15
      dtemp                     0                     0                     0
     bv_max                 1e+99                 1e+99                 1e+99
          i                     0                     0                     0
          p                     0                     0                     0

 Isource: Independent current source
     device                 ibias
         dc                 5e-06
          m                     1
      acmag                     0
      pulse                     -
        sin                     -
        exp                     -
        pwl                     -
       sffm                     -
         am                     -
    trnoise                     -
   trrandom                     -
          v              -2.88089
          p           1.44044e-05
    current                 5e-06

 Resistor: Simple linear resistor
     device              r.xq3.rt            r.xq3.rsub              r.xq2.rt
      model                     R                     R                     R
 resistance                 1e+09                   400                 1e+09
         ac                 1e+09                   400                 1e+09
      dtemp                     0                     0                     0
     bv_max                 1e+99                 1e+99                 1e+99
      noisy                     1                     1                     1
          i           4.19069e-11           7.05019e-13           5.86913e-12
          p           1.75619e-12           1.98821e-22           3.44467e-14

 Resistor: Simple linear resistor
     device            r.xq2.rsub              r.xq1.rt            r.xq1.rsub
      model                     R                     R                     R
 resistance                  1100                 1e+09                   400
         ac                  1100                 1e+09                   400
      dtemp                     0                     0                     0
     bv_max                 1e+99                 1e+99                 1e+99
      noisy                     1                     1                     1
          i           6.60992e-13           4.07116e-11           7.04284e-13
          p           4.80601e-22           1.65744e-12           1.98406e-22

 Resistor: Simple linear resistor
     device          rvsubs_dctie                  rvss              rvref_t3
      model                     R                     R                     R
 resistance                 1e+12                7.5152               8.28244
         ac                 1e+12                7.5152               8.28244
      dtemp                     0                     0                     0
     bv_max                 1e+99                 1e+99                 1e+99
      noisy                     1                     1                     1
          i                     0                     0           5.79871e-07
          p                     0                     0           2.78497e-12

 Resistor: Simple linear resistor
     device              rvref_t2              rvref_t1              rvref_t0
      model                     R                     R                     R
 resistance               5.58302                11.065               24.8473
         ac               5.58302                11.065               24.8473
      dtemp                     0                     0                     0
     bv_max                 1e+99                 1e+99                 1e+99
      noisy                     1                     1                     1
          i           5.79861e-07           4.08991e-06          -5.24964e-06
          p           1.87723e-12           1.85089e-10           6.84761e-10

 Resistor: Simple linear resistor
     device               rvdd_t5               rvdd_t4               rvdd_t3
      model                     R                     R                     R
 resistance               7.30715               9.30001               5.31429
         ac               7.30715               9.30001               5.31429
      dtemp                     0                     0                     0
     bv_max                 1e+99                 1e+99                 1e+99
      noisy                     1                     1                     1
          i          -5.79854e-07          -5.79845e-07          -4.08979e-06
          p           2.45689e-12           3.12685e-12            8.8889e-11

 Resistor: Simple linear resistor
     device               rvdd_t2               rvdd_t1               rvdd_t0
      model                     R                     R                     R
 resistance                3.4875               5.48036               12.9536
         ac                3.4875               5.48036               12.9536
      dtemp                     0                     0                     0
     bv_max                 1e+99                 1e+99                 1e+99
      noisy                     1                     1                     1
          i           -5.8173e-07           -4.6038e-06          -5.10441e-06
          p           1.18021e-12           1.16156e-10           3.37506e-10

 Resistor: Simple linear resistor
     device              rsns2_t2              rsns2_t1              rsns2_t0
      model                     R                     R                     R
 resistance               8.17758               4.91815               10.1244
         ac               8.17758               4.91815               10.1244
      dtemp                     0                     0                     0
     bv_max                 1e+99                 1e+99                 1e+99
      noisy                     1                     1                     1
          i           5.81833e-07           4.60462e-06          -5.18645e-06
          p           2.76836e-12           1.04277e-10           2.72338e-10

 Resistor: Simple linear resistor
     device              rsns1_t0               rcb3_t0               rcb2_t0
      model                     R                     R                     R
 resistance               15.1283                 117.7               27.5568
         ac               15.1283                 117.7               27.5568
      dtemp                     0                     0                     0
     bv_max                 1e+99                 1e+99                 1e+99
      noisy                     1                     1                     1
          i           5.10529e-06           5.24964e-06           5.18645e-06
          p           3.94304e-10           3.24367e-09           7.41257e-10

 VBIC: Vertical Bipolar Inter-Company Model
     device        q.xq3.qnpn13g2        q.xq2.qnpn13g2        q.xq1.qnpn13g2
      model   xq3:npn13g2_nx_vbic   xq2:npn13g2_nx_vbic   xq1:npn13g2_nx_vbic
        vbe              0.703107              0.647747              0.702369
        vbc           0.000485853            5.9984e-05           0.000472492
         ic           5.24577e-06           5.18216e-06           5.10152e-06
         ib           3.87059e-09           4.28347e-09           3.76915e-09
         ie          -5.24964e-06          -5.18645e-06          -5.10529e-06
         is           7.05019e-13           6.60992e-13           7.04284e-13
          p           3.69163e-06           3.35957e-06           3.58634e-06
       beta               1355.29               1209.81                1353.5
         gm           0.000197767           0.000195757            0.00019234
         go           -2.4209e-08          -2.42589e-08          -2.35492e-08
        gpi           1.38959e-07           1.51594e-07             1.353e-07
        gmu           4.35869e-12           4.39302e-12           4.26772e-12
         gx             0.0158369              0.112758             0.0158337
        cbe           2.18736e-15           1.59308e-14           2.18548e-15
       cbex                     0                     0                     0
        cbc           3.32816e-16           2.66224e-15           3.32815e-16
       cbcx           4.41171e-31           4.35757e-31           4.40996e-31
       cbep           7.74351e-16           6.19445e-15           7.74349e-16
       cbcp            1.0816e-15            5.7729e-15           1.08176e-15

 Vsource: Independent voltage source
     device                  vm3c                  vm3b                  vm3a
         dc                     0                     0                     0
      acmag                     0                     0                     0
      pulse                     -                     -                     -
        sin                     -                     -                     -
        exp                     -                     -                     -
        pwl                     -                     -                     -
       sffm                     -                     -                     -
         am                     -                     -                     -
    trnoise                     -                     -                     -
   trrandom                     -                     -                     -
    portnum                     0                     0                     0
         z0                     0                     0                     0
        pwr                     0                     0                     0
       freq                     0                     0                     0
      phase                     0                     0                     0
          i           5.79861e-07           5.79871e-07           4.08991e-06
          p                     0                     0                     0

 Vsource: Independent voltage source
     device                  vm2b                  vm2a                   vm1
         dc                     0                     0                     0
      acmag                     0                     0                     0
      pulse                     -                     -                     -
        sin                     -                     -                     -
        exp                     -                     -                     -
        pwl                     -                     -                     -
       sffm                     -                     -                     -
         am                     -                     -                     -
    trnoise                     -                     -                     -
   trrandom                     -                     -                     -
    portnum                     0                     0                     0
         z0                     0                     0                     0
        pwr                     0                     0                     0
       freq                     0                     0                     0
      phase                     0                     0                     0
          i           5.81833e-07           4.60462e-06           5.10529e-06
          p                     0                     0                     0

 Vsource: Independent voltage source
     device                  vvss                  vvdd
         dc                     0                  3.63
      acmag                     0                     0
      pulse                     -                     -
        sin                     -                     -
        exp                     -                     -
        pwl                     -                     -
       sffm                     -                     -
         am                     -                     -
    trnoise                     -                     -
   trrandom                     -                     -
    portnum                     0                     0
         z0                     0                     0
        pwr                     0                     0
       freq                     0                     0
      phase                     0                     0
          i           2.05414e-05          -2.05414e-05
          p                     0          -7.45652e-05

 PSP103VA: A simulator independent device loaded with OSDI
     device  n.xm3c.nsg13_hv_pmos  n.xm3b.nsg13_hv_pmos  n.xm3a.nsg13_hv_pmos
      model xm3c:sg13g2_hv_pmos_p xm3b:sg13g2_hv_pmos_p xm3a:sg13g2_hv_pmos_p
   _mfactor                     1                     1                     1
          m                     1                     1                     1
          l                 1e-06                 1e-06                 1e-06
          w                 1e-06                 1e-06                 8e-06
         sa                     0                     0                     0
         sb                     0                     0                     0
         sd                     0                     0                     0
        sca                     0                     0                     0
        scb                     0                     0                     0
        scc                     0                     0                     0
         sc                     0                     0                     0
         nf                     1                     1                     1
      ngcon                     2                     2                     2
        xgw                 1e-07                 1e-07                 1e-07
        nrs                     0                     0                     0
        nrd                     0                     0                     0
         jw                 1e-06                 1e-06                 1e-06
     delvto                     0                     0                     0
     factuo                     1                     1                     1
 delvtoedge                     0                     0                     0
 factuoedge                     1                     1                     1
   absource                 1e-12                 1e-12                 1e-12
   lssource                 1e-06                 1e-06                 1e-06
   lgsource                 1e-06                 1e-06                 1e-06
    abdrain                 1e-12                 1e-12                 1e-12
    lsdrain                 1e-06                 1e-06                 1e-06
    lgdrain                 1e-06                 1e-06                 1e-06
         as                 4e-13                 4e-13               3.2e-12
         ps               2.8e-06               2.8e-06              1.68e-05
         ad                 4e-13                 4e-13               3.2e-12
         pd               2.8e-06               2.8e-06              1.68e-05
       mult                     1                     1                     1
        dta                     0                     0                     0
      ctype                    -1                    -1                    -1
      sdint                    -1                    -1                    -1
        ise          -5.79845e-07          -5.79854e-07          -4.08979e-06
        ige                     0                     0                     0
        ide           5.79861e-07           5.79871e-07           4.08991e-06
        ibe          -1.63627e-11          -1.63629e-11          -1.16312e-10
        ids           5.79845e-07           5.79854e-07           4.08979e-06
        idb           1.63627e-11           1.63629e-11           1.16312e-10
        isb           3.87979e-21           3.04595e-21           1.13935e-19
        igs                     0                     0                     0
        igd                     0                     0                     0
        igb                     0                     0                     0
     idedge                     0                     0                     0
       igcs                     0                     0                     0
       igcd                     0                     0                     0
       iavl           1.62901e-11           1.62902e-11           1.15731e-10
      igisl                     0                     0                     0
      igidl           7.19198e-14           7.19193e-14           5.75255e-13
        ijs          -3.87979e-21          -3.04595e-21          -1.13935e-19
     ijsbot          -1.78409e-22          -1.40065e-22          -5.76553e-21
     ijsgat          -2.79059e-21          -2.19084e-21          -9.01826e-20
     ijssti          -9.10797e-22          -7.15049e-22          -1.79873e-20
        ijd          -7.11776e-16          -7.11775e-16          -5.18857e-15
     ijdbot          -3.39168e-17          -3.39168e-17           -2.7133e-16
     ijdgat          -5.15358e-16          -5.15357e-16          -4.12281e-15
     ijdsti          -1.62501e-16          -1.62501e-16          -7.94436e-16
        vds               2.61385               2.61385                2.6138
        vgs              0.749105              0.749106              0.749089
        vsb           5.34348e-06           4.18799e-06           2.16907e-05
        vto              0.613442              0.613442               0.61813
        vts              0.613438              0.613438              0.618133
        vth              0.611359              0.611358              0.616626
        vgt              0.137746              0.137748              0.132463
       vdss              0.166032              0.166033              0.163785
       vsat               2.44782               2.44782               2.45001
         gm           5.46936e-06           5.46941e-06           3.95039e-05
        gmb           2.62443e-06           2.62446e-06           1.87054e-05
        gds           6.01488e-09           6.01495e-09           3.46634e-08
        gjs          -7.21637e-16          -7.21647e-16          -5.24498e-15
        gjd          -2.36435e-16          -2.36435e-16          -1.67051e-15
        cdd          -1.71936e-19          -1.71931e-19           3.69227e-19
        cdg           8.76846e-16           8.76849e-16           6.75928e-15
        cds          -1.28536e-15          -1.28536e-15          -9.86077e-15
        cdb           4.08343e-16           4.08344e-16           3.10186e-15
        cgd          -1.97152e-18          -1.97152e-18          -9.75375e-18
        cgg           3.06653e-15           3.06653e-15           2.37266e-14
        cgs           2.31422e-15           2.31423e-15           1.78797e-14
        cgb           7.54277e-16           7.54275e-16           5.85658e-15
        csd           9.43996e-19           9.43995e-19           4.77962e-18
        csg           1.38034e-15           1.38034e-15           1.06759e-14
        css           2.02633e-15           2.02633e-15           1.55965e-14
        csb           6.45047e-16           6.45049e-16           4.91575e-15
        cbd           8.55592e-19           8.55592e-19           5.34336e-18
        cbg           8.09344e-16           8.09343e-16           6.29135e-15
        cbs           9.97467e-16           9.97469e-16           7.57751e-15
        cbb           1.80767e-15           1.80767e-15           1.38742e-14
      cgsol            1.8277e-16            1.8277e-16            1.4249e-15
      cgdol           1.80782e-16           1.80782e-16            1.4094e-15
        cjs           4.05055e-16           4.05055e-16           3.01635e-15
     cjsbot           3.03897e-16           3.03897e-16           2.43115e-15
     cjsgat           2.91377e-17           2.91377e-17             2.331e-16
     cjssti           7.20206e-17           7.20206e-17           3.52099e-16
        cjd            2.4724e-16            2.4724e-16           1.82277e-15
     cjdbot           1.80308e-16           1.80308e-16           1.44247e-15
     cjdgat           1.70603e-17           1.70603e-17           1.36483e-16
     cjdsti           4.98722e-17           4.98722e-17            2.4382e-16
       weff                 1e-06                 1e-06                 8e-06
       leff           9.28845e-07           9.28845e-07           9.28845e-07
          u               909.305               909.304               1139.64
       rout           1.66254e+08           1.66253e+08           2.88489e+07
     vearly               96.4044               96.4049               117.989
       beff           6.11215e-05            6.1121e-05           0.000466182
        fug           2.53777e+08           2.53779e+08           2.36711e+08
         rg               20.3426               20.3426               43.7165
        sfl            2.4497e-20           2.44976e-20           1.57117e-19
    sqrtsff            9.0494e-07           9.04942e-07           3.17301e-07
    sqrtsfw           5.31677e-08           5.31674e-08           1.97252e-08
        sid           8.45607e-26           8.45616e-26           6.07184e-25
        sig           9.99129e-38           9.99125e-38           8.27588e-37
      cigid               0.45882              0.458819              0.460334
      fknee                289697                289701                258763
       sigs                     0                     0                     0
       sigd                     0                     0                     0
      siavl           5.22011e-30           5.22016e-30           3.70858e-29
        ssi           1.24323e-39           9.76039e-40           3.65093e-38
        sdi            2.2808e-34            2.2808e-34           1.66262e-33
    sfledge                     0                     0                     0
    sidedge                     0                     0                     0
     lp_vfb                -1.104                -1.104                -1.104
   lp_stvfb           0.000677315           0.000677315           0.000668493
  lp_st2vfb                     0                     0                     0
     lp_tox            6.6672e-09            6.6672e-09            6.6672e-09
  lp_epsrox                   3.9                   3.9                   3.9
    lp_neff           4.41295e+23           4.41295e+23           4.31175e+23
lp_facneffa                     1                     1                     1
 lp_gfacnud                     1                     1                     1
  lp_vsbnud                     0                     0                     0
 lp_dvsbnud                     1                     1                     1
   lp_vnsub                     0                     0                     0
    lp_nslp                  0.05                  0.05                  0.05
   lp_dnsub               0.03585               0.03585               0.03585
   lp_dphib            -0.0991636            -0.0991636            -0.0881436
 lp_delvtac                     0                     0                     0
      lp_np           1.34923e+26           1.34923e+26           1.34923e+26
   lp_toxov            6.6672e-09            6.6672e-09            6.6672e-09
  lp_toxovd            6.6672e-09            6.6672e-09            6.6672e-09
     lp_nov              1.99e+26              1.99e+26              1.99e+26
    lp_novd              1.99e+26              1.99e+26              1.99e+26
      lp_ct                     0                     0                     0
     lp_ctg                     0                     0                     0
     lp_ctb                     0                     0                     0
    lp_stct                     1                     1                     1
      lp_cf           0.000787852           0.000787852           0.000570947
     lp_cfd                     0                     0                     0
     lp_cfb                     1                     1                     1
    lp_psce                     0                     0                     0
   lp_psceb                     0                     0                     0
   lp_psced                     0                     0                     0
    lp_betn             0.0253828             0.0253828              0.191367
   lp_stbet               1.76836               1.76836               1.69165
     lp_mue               1.64733               1.64733               1.74535
   lp_stmue                1.0816                1.0816                1.0816
   lp_themu                1.0324                1.0324                1.0324
 lp_stthemu               0.26337               0.26337               0.26337
      lp_cs              0.454886              0.454886              0.443671
    lp_stcs                     2                     2                     2
   lp_thecs                     2                     2                     2
 lp_stthecs                     0                     0                     0
    lp_xcor             0.0140182             0.0140182             0.0132162
  lp_stxcor            -6.939e-18            -6.939e-18            -6.939e-18
    lp_feta                1.2853                1.2853                1.2853
      lp_rs               1856.63               1856.63               244.479
    lp_strs              -0.24812              -0.24812              -0.24812
     lp_rsb              0.074639              0.074639              0.074639
     lp_rsg              0.528811              0.528811              0.528811
  lp_thesat             0.0242075             0.0242075             0.0117556
lp_stthesat               2.28822               2.28822               2.79573
 lp_thesatb                   0.1                   0.1                   0.1
 lp_thesatg                0.6304                0.6304                0.6304
      lp_ax               3.96771               3.96771               3.96771
     lp_alp            0.00565484            0.00565484            0.00600433
    lp_alp1           6.72197e-16           6.72197e-16           2.80082e-16
    lp_alp2           7.33788e-06           7.33788e-06           4.19608e-06
      lp_vp            1.8436e-06            1.8436e-06            1.8436e-06
      lp_a1               49.9948               49.9948               49.3759
      lp_a2                38.581                38.581                38.581
    lp_sta2            -0.0049931            -0.0049931            -0.0049931
      lp_a3               1.09052               1.09052               1.08743
      lp_a4              0.110838              0.110838              0.115739
     lp_gco                     0                     0                     0
   lp_iginv                     0                     0                     0
    lp_igov                     0                     0                     0
   lp_igovd                     0                     0                     0
    lp_stig                     2                     2                     2
     lp_gc2                 0.375                 0.375                 0.375
     lp_gc3                 0.063                 0.063                 0.063
    lp_chib                   3.1                   3.1                   3.1
   lp_agidl            2.0826e-11            2.0826e-11           1.66608e-10
  lp_agidld            2.0826e-11            2.0826e-11           1.66608e-10
   lp_bgidl               3.17491               3.17491               3.17491
  lp_bgidld               3.17491               3.17491               3.17491
 lp_stbgidl            -0.0049461            -0.0049461            -0.0049461
lp_stbgidld            -0.0049461            -0.0049461            -0.0049461
   lp_cgidl               0.23693               0.23693               0.23693
  lp_cgidld               0.23693               0.23693               0.23693
     lp_cox           5.14376e-15           5.14376e-15           4.01014e-14
    lp_cgov           1.85166e-16           1.85166e-16           1.44358e-15
   lp_cgovd           1.85166e-16           1.85166e-16           1.44358e-15
   lp_cgbov                     0                     0                     0
     lp_cfr                     0                     0                     0
    lp_cfrd                     0                     0                     0
     lp_fnt                     1                     1                     1
  lp_fntexc                     0                     0                     0
     lp_nfa           1.56337e+25           1.56337e+25           1.95421e+24
     lp_nfb           6.36051e+09           6.36051e+09           7.95064e+08
     lp_nfc           2.40519e-07           2.40519e-07           3.00648e-08
      lp_ef                 1.152                 1.152                 1.152
 lp_vfbedge                     0                     0                     0
lp_stvfbedg                0.0005                0.0005                0.0005
lp_dphibedg                     0                     0                     0
lp_neffedge                 5e+23                 5e+23                 5e+23
  lp_ctedge                     0                     0                     0
lp_betnedge                     0                     0                     0
lp_stbetedg                     1                     1                     1
lp_psceedge                     0                     0                     0
lp_pscebedg                     0                     0                     0
lp_pscededg                     0                     0                     0
  lp_cfedge                     0                     0                     0
 lp_cfdedge                     0                     0                     0
 lp_cfbedge                     0                     0                     0
 lp_fntedge                     1                     1                     1
 lp_nfaedge           4.30642e+24           4.30642e+24           4.30642e+24
 lp_nfbedge           1.61491e+09           1.61491e+09           1.61491e+09
 lp_nfcedge                     0                     0                     0
  lp_efedge                     1                     1                     1
      lp_rg               20.3426               20.3426               43.7165
     lp_rse                     0                     0                     0
     lp_rde                     0                     0                     0
   lp_rbulk                  2000                  2000                   250
   lp_rwell                  1000                  1000                   125
   lp_rjuns                  5000                  5000                   625
   lp_rjund                  5000                  5000                   625
         tk                300.15                300.15                300.15
    cjosbot           2.99151e-16           2.99151e-16           2.39321e-15
    cjossti            7.0896e-17            7.0896e-17           3.46602e-16
    cjosgat           2.86827e-17           2.86827e-17           2.29461e-16
    vbisbot              0.716888              0.716888              0.716888
    vbissti              0.681709              0.681709              0.681709
    vbisgat               1.18385               1.18385               1.18385
  idsatsbot           3.09414e-20           3.09414e-20           2.47531e-19
  idsatssti           2.13292e-20           2.13292e-20           1.04276e-19
  idsatsgat                     0                     0                     0
   cjosbotd           2.99151e-16           2.99151e-16           2.39321e-15
   cjosstid            7.0896e-17            7.0896e-17           3.46602e-16
   cjosgatd           2.86827e-17           2.86827e-17           2.29461e-16
   vbisbotd              0.716888              0.716888              0.716888
   vbisstid              0.681709              0.681709              0.681709
   vbisgatd               1.18385               1.18385               1.18385
 idsatsbotd           3.09414e-20           3.09414e-20           2.47531e-19
 idsatsstid           2.13292e-20           2.13292e-20           1.04276e-19
 idsatsgatd                     0                     0                     0

 PSP103VA: A simulator independent device loaded with OSDI
     device  n.xm2b.nsg13_hv_pmos  n.xm2a.nsg13_hv_pmos   n.xm1.nsg13_hv_pmos
      model xm2b:sg13g2_hv_pmos_p xm2a:sg13g2_hv_pmos_p xm1:sg13g2_hv_pmos_ps
   _mfactor                     1                     1                     1
          m                     1                     1                     1
          l                 1e-06                 1e-06                 1e-06
          w                 1e-06                 9e-06                 1e-05
         sa                     0                     0                     0
         sb                     0                     0                     0
         sd                     0                     0                     0
        sca                     0                     0                     0
        scb                     0                     0                     0
        scc                     0                     0                     0
         sc                     0                     0                     0
         nf                     1                     1                     1
      ngcon                     2                     2                     2
        xgw                 1e-07                 1e-07                 1e-07
        nrs                     0                     0                     0
        nrd                     0                     0                     0
         jw                 1e-06                 1e-06                 1e-06
     delvto                     0                     0                     0
     factuo                     1                     1                     1
 delvtoedge                     0                     0                     0
 factuoedge                     1                     1                     1
   absource                 1e-12                 1e-12                 1e-12
   lssource                 1e-06                 1e-06                 1e-06
   lgsource                 1e-06                 1e-06                 1e-06
    abdrain                 1e-12                 1e-12                 1e-12
    lsdrain                 1e-06                 1e-06                 1e-06
    lgdrain                 1e-06                 1e-06                 1e-06
         as                 4e-13               3.6e-12                 4e-12
         ps               2.8e-06              1.88e-05              2.08e-05
         ad                 4e-13               3.6e-12                 4e-12
         pd               2.8e-06              1.88e-05              2.08e-05
       mult                     1                     1                     1
        dta                     0                     0                     0
      ctype                    -1                    -1                    -1
      sdint                    -1                    -1                    -1
        ise           -5.8173e-07           -4.6038e-06          -5.10441e-06
        ige                     0                     0                     0
        ide           5.81833e-07           4.60462e-06           5.10529e-06
        ibe          -1.02678e-10          -8.15492e-10          -8.83207e-10
        ids            5.8173e-07            4.6038e-06           5.10441e-06
        idb           1.02678e-10           8.15492e-10           8.83207e-10
        isb           1.39003e-21           1.48121e-19           4.31617e-19
        igs                     0                     0                     0
        igd                     0                     0                     0
        igb                     0                     0                     0
     idedge                     0                     0                     0
       igcs                     0                     0                     0
       igcd                     0                     0                     0
       iavl           1.02439e-10           8.13337e-10           8.80848e-10
      igisl                     0                     0                     0
      igidl           2.38825e-13            2.1493e-12           2.35241e-12
        ijs          -1.39003e-21          -1.48121e-19          -4.31617e-19
     ijsbot          -6.39193e-23          -7.50739e-21          -2.19037e-20
     ijsgat          -9.99794e-22          -1.17428e-19           -3.4262e-19
     ijssti          -3.26315e-22           -2.3185e-20          -6.70935e-20
        ijd          -7.87698e-16          -6.42717e-15          -7.12263e-15
     ijdbot          -3.83883e-17          -3.45493e-16          -3.83227e-16
     ijdgat          -5.63098e-16          -5.06786e-15          -5.62425e-15
     ijdsti          -1.86212e-16          -1.01381e-15          -1.11515e-15
        vds               2.93197               2.93193               2.92738
        vgs              0.749109              0.749085              0.749044
        vsb           1.72075e-06           2.49587e-05           6.58554e-05
        vto              0.613442              0.618096              0.618061
        vts              0.613436                0.6181              0.618083
        vth              0.611094              0.616413              0.616406
        vgt              0.138014              0.132673              0.132638
       vdss               0.16615              0.163878              0.163864
       vsat               2.76582               2.76805               2.76352
         gm            5.4823e-06           4.44431e-05           4.92865e-05
        gmb           2.62928e-06           2.10296e-05           2.33151e-05
        gds           6.30485e-09           4.09523e-08           4.52006e-08
        gjs          -7.21668e-16          -5.89094e-15          -6.53378e-15
        gjd          -2.41421e-16          -1.89442e-15          -2.10057e-15
        cdd          -2.33948e-19          -1.09377e-19          -8.65958e-20
        cdg           8.76181e-16           7.59383e-15           8.43419e-15
        cds          -1.28421e-15          -1.10761e-14          -1.23006e-14
        cdb           4.07795e-16           3.48213e-15           3.86634e-15
        cgd          -2.03145e-18          -1.14071e-17          -1.25744e-17
        cgg           3.06615e-15           2.66745e-14           2.96259e-14
        cgs           2.31303e-15           2.00954e-14           2.23196e-14
        cgb           7.55151e-16           6.59054e-15           7.31886e-15
        csd           9.67399e-19            5.5391e-18           6.10943e-18
        csg            1.3805e-15           1.20058e-14           1.33347e-14
        css           2.02622e-15           1.75352e-14           1.94742e-14
        csb           6.44753e-16           5.52383e-15           6.13344e-15
        cbd           8.30105e-19           5.75867e-18           6.37834e-18
        cbg           8.09463e-16           7.07482e-15             7.857e-15
        cbs           9.97406e-16           8.51591e-15           9.45527e-15
        cbb            1.8077e-15           1.55965e-14           1.73186e-14
      cgsol            1.8277e-16           1.60234e-15           1.77979e-15
      cgdol           1.80489e-16           1.58234e-15           1.75762e-15
        cjs           4.05055e-16           3.38939e-15           3.76236e-15
     cjsbot           3.03897e-16           2.73504e-15           3.03887e-15
     cjsgat           2.91377e-17           2.62237e-16           2.91369e-16
     cjssti           7.20207e-17           3.92109e-16           4.32114e-16
        cjd           2.40212e-16           1.98824e-15           2.20763e-15
     cjdbot           1.74913e-16           1.57422e-15           1.74986e-15
     cjdgat           1.64539e-17           1.48086e-16           1.64621e-16
     cjdsti           4.88449e-17           2.65934e-16           2.93152e-16
       weff                 1e-06                 9e-06                 1e-05
       leff           9.28845e-07           9.28845e-07           9.28845e-07
          u               869.536               1085.24               1090.39
       rout           1.58608e+08           2.44186e+07           2.21236e+07
     vearly               92.2834               112.438               112.947
       beff           6.10915e-05           0.000523192           0.000580381
        fug           2.54427e+08            2.3689e+08           2.36532e+08
         rg               20.3426               47.0556               50.3947
        sfl           2.46271e-20           1.76828e-19           1.95695e-19
    sqrtsff           9.05199e-07           2.99207e-07           2.83833e-07
    sqrtsfw           5.31041e-08           1.85953e-08           1.76571e-08
        sid            8.4758e-26           6.82994e-25           7.57348e-25
        sig           9.97883e-38           9.31214e-37           1.03594e-36
      cigid              0.458742               0.46027              0.460279
      fknee                290558                258902                258395
       sigs                     0                     0                     0
       sigd                     0                     0                     0
      siavl           3.28311e-29            2.6067e-28           2.82306e-28
        ssi           4.45418e-40           4.74636e-38           1.38307e-37
        sdi           2.52409e-34           2.05951e-33           2.28236e-33
    sfledge                     0                     0                     0
    sidedge                     0                     0                     0
     lp_vfb                -1.104                -1.104                -1.104
   lp_stvfb           0.000677315           0.000668353           0.000668241
  lp_st2vfb                     0                     0                     0
     lp_tox            6.6672e-09            6.6672e-09            6.6672e-09
  lp_epsrox                   3.9                   3.9                   3.9
    lp_neff           4.41295e+23           4.30919e+23           4.30708e+23
lp_facneffa                     1                     1                     1
 lp_gfacnud                     1                     1                     1
  lp_vsbnud                     0                     0                     0
 lp_dvsbnud                     1                     1                     1
   lp_vnsub                     0                     0                     0
    lp_nslp                  0.05                  0.05                  0.05
   lp_dnsub               0.03585               0.03585               0.03585
   lp_dphib            -0.0991636            -0.0879687            -0.0878288
 lp_delvtac                     0                     0                     0
      lp_np           1.34923e+26           1.34923e+26           1.34923e+26
   lp_toxov            6.6672e-09            6.6672e-09            6.6672e-09
  lp_toxovd            6.6672e-09            6.6672e-09            6.6672e-09
     lp_nov              1.99e+26              1.99e+26              1.99e+26
    lp_novd              1.99e+26              1.99e+26              1.99e+26
      lp_ct                     0                     0                     0
     lp_ctg                     0                     0                     0
     lp_ctb                     0                     0                     0
    lp_stct                     1                     1                     1
      lp_cf           0.000787852           0.000567504            0.00056475
     lp_cfd                     0                     0                     0
     lp_cfb                     1                     1                     1
    lp_psce                     0                     0                     0
   lp_psceb                     0                     0                     0
   lp_psced                     0                     0                     0
    lp_betn             0.0253828              0.214867              0.238356
   lp_stbet               1.76836               1.69043               1.68946
     lp_mue               1.64733               1.74691               1.74815
   lp_stmue                1.0816                1.0816                1.0816
   lp_themu                1.0324                1.0324                1.0324
 lp_stthemu               0.26337               0.26337               0.26337
      lp_cs              0.454886              0.443494              0.443352
    lp_stcs                     2                     2                     2
   lp_thecs                     2                     2                     2
 lp_stthecs                     0                     0                     0
    lp_xcor             0.0140182             0.0132036             0.0131934
  lp_stxcor            -6.939e-18            -6.939e-18            -6.939e-18
    lp_feta                1.2853                1.2853                1.2853
      lp_rs               1856.63               217.489               195.866
    lp_strs              -0.24812              -0.24812              -0.24812
     lp_rsb              0.074639              0.074639              0.074639
     lp_rsg              0.528811              0.528811              0.528811
  lp_thesat             0.0242075             0.0115557             0.0113958
lp_stthesat               2.28822               2.80379               2.81023
 lp_thesatb                   0.1                   0.1                   0.1
 lp_thesatg                0.6304                0.6304                0.6304
      lp_ax               3.96771               3.96771               3.96771
     lp_alp            0.00565484            0.00600988            0.00601432
    lp_alp1           6.72197e-16           2.73858e-16           2.68879e-16
    lp_alp2           7.33788e-06           4.14621e-06           4.10632e-06
      lp_vp            1.8436e-06            1.8436e-06            1.8436e-06
      lp_a1               49.9948               49.3661               49.3582
      lp_a2                38.581                38.581                38.581
    lp_sta2            -0.0049931            -0.0049931            -0.0049931
      lp_a3               1.09052               1.08738               1.08734
      lp_a4              0.110838              0.115817              0.115879
     lp_gco                     0                     0                     0
   lp_iginv                     0                     0                     0
    lp_igov                     0                     0                     0
   lp_igovd                     0                     0                     0
    lp_stig                     2                     2                     2
     lp_gc2                 0.375                 0.375                 0.375
     lp_gc3                 0.063                 0.063                 0.063
    lp_chib                   3.1                   3.1                   3.1
   lp_agidl            2.0826e-11           1.87434e-10            2.0826e-10
  lp_agidld            2.0826e-11           1.87434e-10            2.0826e-10
   lp_bgidl               3.17491               3.17491               3.17491
  lp_bgidld               3.17491               3.17491               3.17491
 lp_stbgidl            -0.0049461            -0.0049461            -0.0049461
lp_stbgidld            -0.0049461            -0.0049461            -0.0049461
   lp_cgidl               0.23693               0.23693               0.23693
  lp_cgidld               0.23693               0.23693               0.23693
     lp_cox           5.14376e-15           4.50953e-14           5.00893e-14
    lp_cgov           1.85166e-16           1.62335e-15           1.80312e-15
   lp_cgovd           1.85166e-16           1.62335e-15           1.80312e-15
   lp_cgbov                     0                     0                     0
     lp_cfr                     0                     0                     0
    lp_cfrd                     0                     0                     0
     lp_fnt                     1                     1                     1
  lp_fntexc                     0                     0                     0
     lp_nfa           1.56337e+25           1.73708e+24           1.56337e+24
     lp_nfb           6.36051e+09           7.06724e+08           6.36051e+08
     lp_nfc           2.40519e-07           2.67243e-08           2.40519e-08
      lp_ef                 1.152                 1.152                 1.152
 lp_vfbedge                     0                     0                     0
lp_stvfbedg                0.0005                0.0005                0.0005
lp_dphibedg                     0                     0                     0
lp_neffedge                 5e+23                 5e+23                 5e+23
  lp_ctedge                     0                     0                     0
lp_betnedge                     0                     0                     0
lp_stbetedg                     1                     1                     1
lp_psceedge                     0                     0                     0
lp_pscebedg                     0                     0                     0
lp_pscededg                     0                     0                     0
  lp_cfedge                     0                     0                     0
 lp_cfdedge                     0                     0                     0
 lp_cfbedge                     0                     0                     0
 lp_fntedge                     1                     1                     1
 lp_nfaedge           4.30642e+24           4.30642e+24           4.30642e+24
 lp_nfbedge           1.61491e+09           1.61491e+09           1.61491e+09
 lp_nfcedge                     0                     0                     0
  lp_efedge                     1                     1                     1
      lp_rg               20.3426               47.0556               50.3947
     lp_rse                     0                     0                     0
     lp_rde                     0                     0                     0
   lp_rbulk                  2000               222.222                   200
   lp_rwell                  1000               111.111                   100
   lp_rjuns                  5000               555.556                   500
   lp_rjund                  5000               555.556                   500
         tk                300.15                300.15                300.15
    cjosbot           2.99151e-16           2.69236e-15           2.99151e-15
    cjossti            7.0896e-17           3.85989e-16           4.25376e-16
    cjosgat           2.86827e-17           2.58144e-16           2.86827e-16
    vbisbot              0.716888              0.716888              0.716888
    vbissti              0.681709              0.681709              0.681709
    vbisgat               1.18385               1.18385               1.18385
  idsatsbot           3.09414e-20           2.78473e-19           3.09414e-19
  idsatssti           2.13292e-20           1.16126e-19           1.27975e-19
  idsatsgat                     0                     0                     0
   cjosbotd           2.99151e-16           2.69236e-15           2.99151e-15
   cjosstid            7.0896e-17           3.85989e-16           4.25376e-16
   cjosgatd           2.86827e-17           2.58144e-16           2.86827e-16
   vbisbotd              0.716888              0.716888              0.716888
   vbisstid              0.681709              0.681709              0.681709
   vbisgatd               1.18385               1.18385               1.18385
 idsatsbotd           3.09414e-20           2.78473e-19           3.09414e-19
 idsatsstid           2.13292e-20           1.16126e-19           1.27975e-19
 idsatsgatd                     0                     0                     0

 PSP103VA: A simulator independent device loaded with OSDI
     device   n.xm0.nsg13_hv_pmos
      model xm0:sg13g2_hv_pmos_ps
   _mfactor                     1
          m                     1
          l                 1e-06
          w                 1e-05
         sa                     0
         sb                     0
         sd                     0
        sca                     0
        scb                     0
        scc                     0
         sc                     0
         nf                     1
      ngcon                     2
        xgw                 1e-07
        nrs                     0
        nrd                     0
         jw                 1e-06
     delvto                     0
     factuo                     1
 delvtoedge                     0
 factuoedge                     1
   absource                 1e-12
   lssource                 1e-06
   lgsource                 1e-06
    abdrain                 1e-12
    lsdrain                 1e-06
    lgdrain                 1e-06
         as               3.4e-12
         ps             2.068e-05
         ad               3.4e-12
         pd             2.068e-05
       mult                     1
        dta                     0
      ctype                    -1
      sdint                     1
        ise                -5e-06
        ige                     0
        ide                 5e-06
        ibe          -2.32195e-15
        ids                 5e-06
        idb           2.32195e-15
        isb          -1.50745e-27
        igs                     0
        igd                     0
        igb                     0
     idedge                     0
       igcs                     0
       igcd                     0
       iavl           5.56316e-30
      igisl                     0
      igidl                     0
        ijs           1.50745e-27
     ijsbot           6.56404e-29
     ijsgat            1.2079e-27
     ijssti           2.33914e-28
        ijd          -2.32195e-15
     ijdbot          -9.32361e-17
     ijdgat          -1.91726e-15
     ijdsti          -3.11452e-16
        vds              0.749111
        vgs              0.749111
        vsb          -2.32703e-13
        vto              0.618061
        vts              0.618055
        vth              0.617667
        vgt              0.131443
       vdss              0.163344
       vsat              0.585767
         gm           4.84719e-05
        gmb           2.29923e-05
        gds           7.64473e-08
        gjs          -6.47811e-15
        gjd          -2.52342e-15
        cdd           1.70204e-17
        cdg           8.55743e-15
        cds          -1.24747e-14
        cdb           3.93426e-15
        cgd           3.95746e-18
        cgg            2.9731e-14
        cgs           2.24876e-14
        cgb           7.23938e-15
        csd          -1.89672e-19
        csg           1.33577e-14
        css           1.95194e-14
        csb           6.16187e-15
        cbd           1.32526e-17
        cbg            7.8158e-15
        cbs           9.50644e-15
        cbb           1.73355e-14
      cgsol           1.77979e-15
      cgdol           1.77505e-15
        cjs           3.30183e-15
     cjsbot           2.58313e-15
     cjsgat           2.91377e-16
     cjssti           4.27323e-16
        cjd           2.60743e-15
     cjdbot           2.01795e-15
     cjdgat           2.31571e-16
     cjdsti            3.5791e-16
       weff                 1e-05
       leff           9.28845e-07
          u               634.056
       rout           1.30809e+07
     vearly               65.4046
       beff           0.000578791
        fug           2.31767e+08
         rg               50.3947
        sfl           1.88772e-19
    sqrtsff           2.83452e-07
    sqrtsfw           1.78074e-08
        sid            7.4504e-25
        sig           1.04778e-36
      cigid              0.460533
      fknee                253371
       sigs                     0
       sigd                     0
      siavl           1.78265e-48
        ssi           4.83046e-46
        sdi           7.44043e-34
    sfledge                     0
    sidedge                     0
     lp_vfb                -1.104
   lp_stvfb           0.000668241
  lp_st2vfb                     0
     lp_tox            6.6672e-09
  lp_epsrox                   3.9
    lp_neff           4.30708e+23
lp_facneffa                     1
 lp_gfacnud                     1
  lp_vsbnud                     0
 lp_dvsbnud                     1
   lp_vnsub                     0
    lp_nslp                  0.05
   lp_dnsub               0.03585
   lp_dphib            -0.0878288
 lp_delvtac                     0
      lp_np           1.34923e+26
   lp_toxov            6.6672e-09
  lp_toxovd            6.6672e-09
     lp_nov              1.99e+26
    lp_novd              1.99e+26
      lp_ct                     0
     lp_ctg                     0
     lp_ctb                     0
    lp_stct                     1
      lp_cf            0.00056475
     lp_cfd                     0
     lp_cfb                     1
    lp_psce                     0
   lp_psceb                     0
   lp_psced                     0
    lp_betn              0.238356
   lp_stbet               1.68946
     lp_mue               1.74815
   lp_stmue                1.0816
   lp_themu                1.0324
 lp_stthemu               0.26337
      lp_cs              0.443352
    lp_stcs                     2
   lp_thecs                     2
 lp_stthecs                     0
    lp_xcor             0.0131934
  lp_stxcor            -6.939e-18
    lp_feta                1.2853
      lp_rs               195.866
    lp_strs              -0.24812
     lp_rsb              0.074639
     lp_rsg              0.528811
  lp_thesat             0.0113958
lp_stthesat               2.81023
 lp_thesatb                   0.1
 lp_thesatg                0.6304
      lp_ax               3.96771
     lp_alp            0.00601432
    lp_alp1           2.68879e-16
    lp_alp2           4.10632e-06
      lp_vp            1.8436e-06
      lp_a1               49.3582
      lp_a2                38.581
    lp_sta2            -0.0049931
      lp_a3               1.08734
      lp_a4              0.115879
     lp_gco                     0
   lp_iginv                     0
    lp_igov                     0
   lp_igovd                     0
    lp_stig                     2
     lp_gc2                 0.375
     lp_gc3                 0.063
    lp_chib                   3.1
   lp_agidl            2.0826e-10
  lp_agidld            2.0826e-10
   lp_bgidl               3.17491
  lp_bgidld               3.17491
 lp_stbgidl            -0.0049461
lp_stbgidld            -0.0049461
   lp_cgidl               0.23693
  lp_cgidld               0.23693
     lp_cox           5.00893e-14
    lp_cgov           1.80312e-15
   lp_cgovd           1.80312e-15
   lp_cgbov                     0
     lp_cfr                     0
    lp_cfrd                     0
     lp_fnt                     1
  lp_fntexc                     0
     lp_nfa           1.56337e+24
     lp_nfb           6.36051e+08
     lp_nfc           2.40519e-08
      lp_ef                 1.152
 lp_vfbedge                     0
lp_stvfbedg                0.0005
lp_dphibedg                     0
lp_neffedge                 5e+23
  lp_ctedge                     0
lp_betnedge                     0
lp_stbetedg                     1
lp_psceedge                     0
lp_pscebedg                     0
lp_pscededg                     0
  lp_cfedge                     0
 lp_cfdedge                     0
 lp_cfbedge                     0
 lp_fntedge                     1
 lp_nfaedge           4.30642e+24
 lp_nfbedge           1.61491e+09
 lp_nfcedge                     0
  lp_efedge                     1
      lp_rg               50.3947
     lp_rse                     0
     lp_rde                     0
   lp_rbulk                   200
   lp_rwell                   100
   lp_rjuns                   500
   lp_rjund                   500
         tk                300.15
    cjosbot           2.54279e-15
    cjossti           4.20649e-16
    cjosgat           2.86827e-16
    vbisbot              0.716888
    vbissti              0.681709
    vbisgat               1.18385
  idsatsbot           2.63002e-19
  idsatssti           1.26553e-19
  idsatsgat                     0
   cjosbotd           2.54279e-15
   cjosstid           4.20649e-16
   cjosgatd           2.86827e-16
   vbisbotd              0.716888
   vbisstid              0.681709
   vbisgatd               1.18385
 idsatsbotd           2.63002e-19
 idsatsstid           1.26553e-19
 idsatsgatd                     0

 r3_cmc: A simulator independent device loaded with OSDI
     device             n.xr1.nr1             n.xr2.nr1
      model          xr1:res_rppd          xr2:res_rppd
   _mfactor                     1                     1
          m                     1                     1
          w             2.006e-06             2.006e-06
          l              0.000511              8.27e-05
         wd                     0                     0
         a1            5.1186e-10             8.356e-11
         p1            0.00051386             8.556e-05
         c1                     1                     1
         a2            5.1186e-10             8.356e-11
         p2            0.00051386             8.556e-05
         c2                     1                     1
      trise                     0                     0
   nsmm_rsh                     1                     1
     nsmm_w                     1                     1
     nsmm_l                     1                     1
   sw_noise                     1                     1
      sw_et                     0                     0
     sw_lin                     0                     0
    sw_mman                     0                     0
          v             -0.312173            -0.0500659
      ibody          -5.24964e-06          -5.18645e-06
      power            1.6388e-06           2.59664e-07
    leff_um                   511                  82.7
    weff_um                 2.012                 2.012
         r0               59242.5               9587.78
       r_dc               59465.6               9653.21
       r_ac               59430.6               9618.21
        rth               121.915               749.512
        cth           6.08889e-10           9.85423e-11
      dt_et                     0                     0


Total analysis time (seconds) = 0.012991

Total elapsed time (seconds) = 0.329 

Total DRAM available = 98304.000 MB.
DRAM currently available = 66148.094 MB.
Maximum ngspice program size =   15.391 MB.
Current ngspice program size =   15.391 MB.

