point,mismatch_mode,draw_index,seed,corner_label,fit0_vref_v,fit1_vref_v,fit255_vref_v,unit_v,lin_resid_v,code_star,verify_status,vref_27c_v,vref_n40c_v,vref_125c_v,dev_27c_pct,dev_n40c_pct,dev_125c_pct,max_dev_pct,within_0p5,railed
nominal,mismatch,0,20260930,typ,7.140489e-01,7.155189e-01,1.089829e+00,0.00147364745,-3.64745e-06,228,PASS,1.050099e+00,1.001513e+00,1.120561e+00,0.009429,4.617810,6.720095,6.720095,0,0
nominal,mismatch,1,20260931,typ,7.441722e-01,7.471316e-01,1.495084e+00,0.00294475216,1.464784e-05,104,PASS,1.051510e+00,1.064964e+00,1.024525e+00,0.143810,1.425143,2.426190,2.426190,0,0
nominal,mismatch,2,20260932,typ,7.257428e-01,7.279024e-01,1.275797e+00,0.00215707529,2.52471e-06,150,PASS,1.050072e+00,1.030572e+00,1.075027e+00,0.006857,1.850286,2.383524,2.383524,0,0
nominal,mismatch,3,20260933,typ,7.314472e-01,7.338214e-01,1.325911e+00,0.00233123059,4.296941e-05,137,PASS,1.051778e+00,1.050545e+00,1.048095e+00,0.169333,0.051905,0.181429,0.181429,1,0
nominal,mismatch,4,20260934,typ,7.261799e-01,7.282732e-01,1.256199e+00,0.00207850627,1.479373e-05,156,PASS,1.051219e+00,1.043016e+00,1.058818e+00,0.116095,0.665143,0.839810,0.839810,0,0
nominal,mismatch,5,20260935,typ,7.321023e-01,7.345634e-01,1.351651e+00,0.00242960275,3.149725e-05,131,PASS,1.051043e+00,1.051039e+00,1.045275e+00,0.099333,0.098952,0.450000,0.450000,1,0
nominal,mismatch,6,20260936,typ,7.254799e-01,7.275978e-01,1.268645e+00,0.00213005922,-1.215922e-05,152,PASS,1.049924e+00,1.042711e+00,1.055667e+00,0.007238,0.694190,0.539714,0.694190,0,0
nominal,mismatch,7,20260937,typ,7.351118e-01,7.378275e-01,1.422295e+00,0.00269483608,2.086392e-05,117,PASS,1.051437e+00,1.065035e+00,1.024629e+00,0.136857,1.431905,2.416286,2.416286,0,0
nominal,mismatch,8,20260938,typ,7.359232e-01,7.384965e-01,1.386197e+00,0.00255009333,2.320667e-05,123,PASS,1.050717e+00,1.055601e+00,1.037301e+00,0.068286,0.533429,1.209429,1.209429,0,0
nominal,mismatch,9,20260939,typ,7.299505e-01,7.320495e-01,1.261636e+00,0.00208504118,1.395882e-05,153,PASS,1.049616e+00,1.034593e+00,1.067792e+00,0.036571,1.467333,1.694476,1.694476,0,0
nominal,mismatch,10,20260940,typ,7.239551e-01,7.261961e-01,1.293534e+00,0.00223364275,7.35725e-06,146,PASS,1.050682e+00,1.036656e+00,1.068412e+00,0.064952,1.270857,1.753524,1.753524,0,0
nominal,mismatch,11,20260941,typ,7.159806e-01,7.176707e-01,1.146722e+00,0.00168918196,9.1804e-07,198,PASS,1.050711e+00,1.038784e+00,1.063389e+00,0.067714,1.068190,1.275143,1.275143,0,0
nominal,mismatch,12,20260942,typ,7.462418e-01,7.495895e-01,1.595149e+00,0.00332904784,1.865216e-05,91,PASS,1.050496e+00,1.062752e+00,1.025115e+00,0.047238,1.214476,2.370000,2.370000,0,0
nominal,mismatch,13,20260943,typ,7.373793e-01,7.399441e-01,1.383151e+00,0.00253243804,3.236196e-05,123,PASS,1.049907e+00,1.053234e+00,1.039779e+00,0.008857,0.308000,0.973429,0.973429,0,0
nominal,mismatch,14,20260944,typ,7.395228e-01,7.421853e-01,1.417806e+00,0.00265993412,2.56588e-06,117,PASS,1.051831e+00,1.055128e+00,1.040658e+00,0.174381,0.488381,0.889714,0.889714,0,0
nominal,mismatch,15,20260945,typ,7.346386e-01,7.369147e-01,1.309764e+00,0.00225539373,2.070627e-05,140,PASS,1.051138e+00,1.047015e+00,1.052165e+00,0.108381,0.284286,0.206190,0.284286,1,0
nominal,mismatch,16,20260946,typ,7.248975e-01,7.269423e-01,1.239318e+00,0.00201733529,2.746471e-05,161,PASS,1.050248e+00,1.037412e+00,1.065359e+00,0.023619,1.198857,1.462762,1.462762,0,0
nominal,mismatch,17,20260947,typ,7.331924e-01,7.357523e-01,1.378446e+00,0.00253040627,2.949373e-05,125,PASS,1.050567e+00,1.049753e+00,1.046825e+00,0.054000,0.023524,0.302381,0.302381,1,0
nominal,mismatch,18,20260948,typ,7.330412e-01,7.352726e-01,1.292791e+00,0.00219509725,3.630275e-05,144,PASS,1.049772e+00,1.057472e+00,1.032673e+00,0.021714,0.711619,1.650190,1.650190,0,0
nominal,mismatch,19,20260949,typ,7.204228e-01,7.222371e-01,1.185602e+00,0.00182423216,-9.93216e-06,181,PASS,1.050969e+00,1.030280e+00,1.077258e+00,0.092286,1.878095,2.596000,2.596000,0,0
nominal,mismatch,20,20260950,typ,7.320135e-01,7.343703e-01,1.330620e+00,0.00234747647,9.32353e-06,135,PASS,1.049736e+00,1.042428e+00,1.056047e+00,0.025143,0.721143,0.575905,0.721143,0,0
nominal,mismatch,21,20260951,typ,7.265115e-01,7.288366e-01,1.312839e+00,0.00229932353,2.577647e-05,141,PASS,1.051603e+00,1.058000e+00,1.036221e+00,0.152667,0.761905,1.312286,1.312286,0,0
nominal,mismatch,22,20260952,typ,7.262817e-01,7.284134e-01,1.268596e+00,0.00212672275,4.97725e-06,152,PASS,1.050304e+00,1.036108e+00,1.067949e+00,0.028952,1.323048,1.709429,1.709429,0,0
nominal,mismatch,23,20260953,typ,7.293894e-01,7.318046e-01,1.336016e+00,0.00237892784,3.627216e-05,135,PASS,1.051509e+00,1.048627e+00,1.050081e+00,0.143714,0.130762,0.007714,0.143714,1,0
nominal,mismatch,24,20260954,typ,7.256751e-01,7.277879e-01,1.262745e+00,0.00210615647,6.64353e-06,154,PASS,1.050727e+00,1.040811e+00,1.061288e+00,0.069238,0.875143,1.075048,1.075048,0,0
nominal,mismatch,25,20260955,typ,7.463961e-01,7.490975e-01,1.430169e+00,0.00268146235,1.993765e-05,113,FAIL,,,,,,,,0,0
nominal,mismatch,26,20260956,typ,7.365279e-01,7.393158e-01,1.439295e+00,0.00275594941,3.195059e-05,114,PASS,1.051901e+00,1.058971e+00,1.036117e+00,0.181048,0.854381,1.322190,1.322190,0,0
nominal,mismatch,27,20260957,typ,7.337254e-01,7.362493e-01,1.367900e+00,0.00248695922,3.694078e-05,127,PASS,1.050323e+00,1.051337e+00,1.043722e+00,0.030762,0.127333,0.597905,0.597905,0,0
nominal,mismatch,28,20260958,typ,7.304750e-01,7.329418e-01,1.357538e+00,0.00245907059,7.72941e-06,130,PASS,1.051142e+00,1.048906e+00,1.049921e+00,0.108762,0.104190,0.007524,0.108762,1,0
nominal,mismatch,29,20260959,typ,7.247252e-01,7.268419e-01,1.265149e+00,0.00211930902,-2.60902e-06,153,PASS,1.049540e+00,1.044824e+00,1.051785e+00,0.043810,0.492952,0.170000,0.492952,1,0
nominal,mismatch,30,20260960,typ,7.291398e-01,7.314831e-01,1.321217e+00,0.00232187137,2.142863e-05,138,PASS,1.050524e+00,1.047829e+00,1.050492e+00,0.049905,0.206762,0.046857,0.206762,1,0
nominal,mismatch,31,20260961,typ,7.347504e-01,7.370918e-01,1.328946e+00,0.00233017882,1.122118e-05,135,PASS,1.050140e+00,1.042927e+00,1.055903e+00,0.013333,0.673619,0.562190,0.673619,0,0
nominal,mismatch,32,20260962,typ,7.275853e-01,7.297440e-01,1.274221e+00,0.00214366941,1.503059e-05,150,PASS,1.049678e+00,1.050399e+00,1.043052e+00,0.030667,0.038000,0.661714,0.661714,0,0
nominal,mismatch,33,20260963,typ,7.348298e-01,7.374185e-01,1.400700e+00,0.00261125569,-2.255569e-05,121,PASS,1.051780e+00,1.052988e+00,1.044321e+00,0.169524,0.284571,0.540857,0.540857,0,0
nominal,mismatch,34,20260964,typ,7.237474e-01,7.256865e-01,1.215999e+00,0.00193039843,8.70157e-06,169,PASS,1.050520e+00,1.035112e+00,1.069027e+00,0.049524,1.417905,1.812095,1.812095,0,0
nominal,mismatch,35,20260965,typ,7.174232e-01,7.193874e-01,1.216060e+00,0.00195543843,8.76157e-06,170,PASS,1.050306e+00,1.036658e+00,1.067484e+00,0.029143,1.270667,1.665143,1.665143,0,0
nominal,mismatch,36,20260966,typ,7.293429e-01,7.315651e-01,1.289795e+00,0.00219785137,2.434863e-05,146,PASS,1.050941e+00,1.046003e+00,1.053967e+00,0.089619,0.380667,0.377810,0.380667,1,0
nominal,mismatch,37,20260967,typ,7.250953e-01,7.273161e-01,1.291134e+00,0.00221975961,1.04039e-06,146,PASS,1.049902e+00,1.041312e+00,1.058436e+00,0.009333,0.827429,0.803429,0.827429,0,0
nominal,mismatch,38,20260968,typ,7.310293e-01,7.331017e-01,1.257946e+00,0.00206634,6.06e-06,154,PASS,1.049958e+00,1.037134e+00,1.065969e+00,0.004000,1.225333,1.520857,1.520857,0,0
nominal,mismatch,39,20260969,typ,7.359318e-01,7.383587e-01,1.350302e+00,0.0024092949,1.76051e-05,130,PASS,1.049979e+00,1.045442e+00,1.051899e+00,0.002000,0.434095,0.180857,0.434095,1,0
nominal,mismatch,40,20260970,typ,7.359806e-01,7.385511e-01,1.389495e+00,0.00256280157,7.69843e-06,123,PASS,1.052257e+00,1.052241e+00,1.046490e+00,0.214952,0.213429,0.334286,0.334286,1,0
nominal,mismatch,41,20260971,typ,7.375780e-01,7.402458e-01,1.415821e+00,0.00265977647,8.02353e-06,117,PASS,1.049697e+00,1.051471e+00,1.041452e+00,0.028857,0.140095,0.814095,0.814095,0,0
nominal,mismatch,42,20260972,typ,7.352291e-01,7.378697e-01,1.402715e+00,0.00261759176,2.300824e-05,120,PASS,1.050385e+00,1.052786e+00,1.040694e+00,0.036667,0.265333,0.886286,0.886286,0,0
nominal,mismatch,43,20260973,typ,7.372855e-01,7.401644e-01,1.461757e+00,0.00284106471,3.783529e-05,110,PASS,1.051108e+00,1.060303e+00,1.031153e+00,0.105524,0.981238,1.794952,1.794952,0,0
nominal,mismatch,44,20260974,typ,7.308285e-01,7.330478e-01,1.299368e+00,0.00222956667,-1.026667e-05,143,PASS,1.050399e+00,1.048260e+00,1.048717e+00,0.038000,0.165714,0.122190,0.165714,1,0
nominal,mismatch,45,20260975,typ,7.172666e-01,7.192205e-01,1.213202e+00,0.00194484471,9.05529e-06,171,PASS,1.050432e+00,1.039170e+00,1.063467e+00,0.041143,1.031429,1.282571,1.282571,0,0
nominal,mismatch,46,20260976,typ,7.335431e-01,7.359761e-01,1.349820e+00,0.00241677216,1.622784e-05,131,PASS,1.051143e+00,1.040863e+00,1.062575e+00,0.108857,0.870190,1.197619,1.197619,0,0
nominal,mismatch,47,20260977,typ,7.367189e-01,7.392972e-01,1.389888e+00,0.00256144745,1.685255e-05,122,PASS,1.050239e+00,1.055920e+00,1.035641e+00,0.022762,0.563810,1.367524,1.367524,0,0
nominal,mismatch,48,20260978,typ,7.348552e-01,7.374767e-01,1.401740e+00,0.00261523451,6.26549e-06,121,PASS,1.052384e+00,1.052297e+00,1.046957e+00,0.227048,0.218762,0.289810,0.289810,1,0
nominal,mismatch,49,20260979,typ,7.266538e-01,7.289284e-01,1.301776e+00,0.00225538118,1.921882e-05,143,PASS,1.049812e+00,1.042141e+00,1.056114e+00,0.017905,0.748476,0.582286,0.748476,0,0
nominal,mismatch,50,20260980,typ,7.437667e-01,7.465703e-01,1.449955e+00,0.00276936588,3.423412e-05,111,PASS,1.052484e+00,1.053222e+00,1.045871e+00,0.236571,0.306857,0.393238,0.393238,1,0
nominal,mismatch,51,20260981,typ,7.387485e-01,7.413603e-01,1.403572e+00,0.00260715098,4.64902e-06,119,PASS,1.050030e+00,1.052626e+00,1.041421e+00,0.002857,0.250095,0.817048,0.817048,0,0
nominal,mismatch,52,20260982,typ,7.372923e-01,7.397299e-01,1.356160e+00,0.00242693216,1.066784e-05,129,PASS,1.051277e+00,1.039316e+00,1.065286e+00,0.121619,1.017524,1.455810,1.455810,0,0
nominal,mismatch,53,20260983,typ,7.267659e-01,7.289420e-01,1.281079e+00,0.00217377686,2.32314e-06,149,PASS,1.051357e+00,1.040379e+00,1.062769e+00,0.129238,0.916286,1.216095,1.216095,0,0
nominal,mismatch,54,20260984,typ,7.370326e-01,7.396673e-01,1.408636e+00,0.00263373882,9.6118e-07,119,PASS,1.051240e+00,1.054347e+00,1.040199e+00,0.118095,0.414000,0.933429,0.933429,0,0
nominal,mismatch,55,20260985,typ,7.313900e-01,7.336731e-01,1.313001e+00,0.00228082745,2.27255e-06,140,PASS,1.051344e+00,1.047635e+00,1.052502e+00,0.128000,0.225238,0.238286,0.238286,1,0
nominal,mismatch,56,20260986,typ,7.375268e-01,7.403140e-01,1.441552e+00,0.00276088314,2.631686e-05,113,PASS,1.050474e+00,1.056187e+00,1.035205e+00,0.045143,0.589238,1.409048,1.409048,0,0
nominal,mismatch,57,20260987,typ,7.350292e-01,7.374124e-01,1.340623e+00,0.00237487765,8.32235e-06,133,PASS,1.051488e+00,1.049349e+00,1.049150e+00,0.141714,0.062000,0.080952,0.141714,1,0
nominal,mismatch,58,20260988,typ,7.367524e-01,7.395270e-01,1.439526e+00,0.0027559749,1.86251e-05,114,PASS,1.052331e+00,1.056465e+00,1.041538e+00,0.222000,0.615714,0.805905,0.805905,0,0
nominal,mismatch,59,20260989,typ,7.318891e-01,7.343239e-01,1.351476e+00,0.00242975255,5.04745e-06,131,PASS,1.051043e+00,1.052360e+00,1.044089e+00,0.099333,0.224762,0.562952,0.562952,0,0
nominal,mismatch,60,20260990,typ,7.366940e-01,7.392946e-01,1.399639e+00,0.00259978431,8.1569e-07,121,PASS,1.052366e+00,1.052793e+00,1.046008e+00,0.225333,0.266000,0.380190,0.380190,1,0
nominal,mismatch,61,20260991,typ,7.181384e-01,7.199081e-01,1.170566e+00,0.00177422588,-4.52588e-06,187,PASS,1.050208e+00,1.018905e+00,1.093372e+00,0.019810,2.961429,4.130667,4.130667,0,0
nominal,mismatch,62,20260992,typ,7.446966e-01,7.476604e-01,1.489629e+00,0.00292130353,4.249647e-05,105,PASS,1.052582e+00,1.055146e+00,1.042719e+00,0.245905,0.490095,0.693429,0.693429,0,0
nominal,mismatch,63,20260993,typ,7.430387e-01,7.458678e-01,1.464027e+00,0.0028274051,1.6949e-06,109,PASS,1.052431e+00,1.058272e+00,1.037954e+00,0.231524,0.787810,1.147238,1.147238,0,0
nominal,mismatch,64,20260994,typ,7.333385e-01,7.358924e-01,1.370887e+00,0.0025001902,5.37098e-05,127,PASS,1.052051e+00,1.050852e+00,1.048459e+00,0.195333,0.081143,0.146762,0.195333,1,0
nominal,mismatch,65,20260995,typ,7.287455e-01,7.309760e-01,1.290393e+00,0.00220253922,2.796078e-05,146,PASS,1.050912e+00,1.044583e+00,1.055447e+00,0.086857,0.515905,0.518762,0.518762,0,0
nominal,mismatch,66,20260996,typ,7.440675e-01,7.468250e-01,1.443373e+00,0.00274237451,1.512549e-05,112,PASS,1.052243e+00,1.052049e+00,1.046975e+00,0.213619,0.195143,0.288095,0.288095,1,0
nominal,mismatch,67,20260997,typ,7.381497e-01,7.410338e-01,1.469199e+00,0.00286686,1.724e-05,109,PASS,1.051834e+00,1.058539e+00,1.034960e+00,0.174667,0.813238,1.432381,1.432381,0,0
nominal,mismatch,68,20260998,typ,7.454916e-01,7.484468e-01,1.494023e+00,0.00293541725,1.978275e-05,104,PASS,1.052072e+00,1.056205e+00,1.039917e+00,0.197333,0.590952,0.960286,0.960286,0,0
nominal,mismatch,69,20260999,typ,7.269025e-01,7.289620e-01,1.251188e+00,0.00205602157,3.47843e-06,157,PASS,1.050296e+00,1.035175e+00,1.069681e+00,0.028190,1.411905,1.874381,1.874381,0,0
nominal,mismatch,70,20261000,typ,7.376746e-01,7.401153e-01,1.357210e+00,0.00242955059,1.114941e-05,129,PASS,1.051962e+00,1.048415e+00,1.052560e+00,0.186857,0.150952,0.243810,0.243810,1,0
nominal,mismatch,71,20261001,typ,7.287225e-01,7.309370e-01,1.292882e+00,0.0022123902,2.1098e-06,145,PASS,1.050210e+00,1.036822e+00,1.065775e+00,0.020000,1.255048,1.502381,1.502381,0,0
nominal,mismatch,72,20261002,typ,7.459657e-01,7.489770e-01,1.511268e+00,0.00300118549,1.011451e-05,101,PASS,1.050347e+00,1.066847e+00,1.018457e+00,0.033048,1.604476,3.004095,3.004095,0,0
nominal,mismatch,73,20261003,typ,7.401491e-01,7.431238e-01,1.491172e+00,0.00294518784,2.951216e-05,105,PASS,1.050703e+00,1.060315e+00,1.030078e+00,0.066952,0.982381,1.897333,1.897333,0,0
nominal,mismatch,74,20261004,typ,7.286237e-01,7.308366e-01,1.297818e+00,0.00223213451,-1.923451e-05,144,PASS,1.050829e+00,1.032612e+00,1.075236e+00,0.078952,1.656000,2.403429,2.403429,0,0
nominal,mismatch,75,20261005,typ,7.346809e-01,7.373255e-01,1.405536e+00,0.00263080431,1.379569e-05,120,PASS,1.051465e+00,1.049001e+00,1.050229e+00,0.139524,0.095143,0.021810,0.139524,1,0
nominal,mismatch,76,20261006,typ,7.322377e-01,7.347192e-01,1.358322e+00,0.00245523255,2.626745e-05,129,PASS,1.049806e+00,1.048685e+00,1.046348e+00,0.018476,0.125238,0.347810,0.347810,1,0
nominal,mismatch,77,20261007,typ,7.307860e-01,7.331405e-01,1.330653e+00,0.00235241961,2.08039e-06,136,PASS,1.051525e+00,1.040550e+00,1.063670e+00,0.145238,0.900000,1.301905,1.301905,0,0
nominal,mismatch,78,20261008,typ,7.231754e-01,7.250463e-01,1.198432e+00,0.00186375137,7.14863e-06,175,PASS,1.049957e+00,1.028955e+00,1.077702e+00,0.004095,2.004286,2.638286,2.638286,0,0
nominal,mismatch,79,20261009,typ,7.355025e-01,7.380259e-01,1.372843e+00,0.00249937451,2.402549e-05,126,PASS,1.051287e+00,1.053564e+00,1.042464e+00,0.122571,0.339429,0.717714,0.717714,0,0
nominal,mismatch,80,20261010,typ,7.207146e-01,7.227306e-01,1.238626e+00,0.0020310251,-1.50251e-05,162,PASS,1.050365e+00,1.033894e+00,1.070466e+00,0.034762,1.533905,1.949143,1.949143,0,0
nominal,mismatch,81,20261011,typ,7.315385e-01,7.337917e-01,1.300548e+00,0.0022314098,2.17902e-05,143,PASS,1.051431e+00,1.045994e+00,1.056160e+00,0.136286,0.381524,0.586667,0.586667,0,0
nominal,mismatch,82,20261012,typ,7.409413e-01,7.437884e-01,1.463468e+00,0.00283343804,1.366196e-05,109,PASS,1.050904e+00,1.057772e+00,1.034850e+00,0.086095,0.740190,1.442857,1.442857,0,0
nominal,mismatch,83,20261013,typ,7.336347e-01,7.362604e-01,1.398848e+00,0.00260867961,1.702039e-05,121,PASS,1.050426e+00,1.053779e+00,1.039611e+00,0.040571,0.359905,0.989429,0.989429,0,0
nominal,mismatch,84,20261014,typ,7.262621e-01,7.285281e-01,1.298987e+00,0.00224598,2.002e-05,144,PASS,1.050374e+00,1.040148e+00,1.060901e+00,0.035619,0.938286,1.038190,1.038190,0,0
nominal,mismatch,85,20261015,typ,7.237500e-01,7.259321e-01,1.270516e+00,0.00214418039,3.791961e-05,152,PASS,1.050306e+00,1.046000e+00,1.050928e+00,0.029143,0.380952,0.088381,0.380952,1,0
nominal,mismatch,86,20261016,typ,7.423146e-01,7.450276e-01,1.436528e+00,0.00272240549,-9.40549e-06,113,PASS,1.051068e+00,1.052137e+00,1.043292e+00,0.101714,0.203524,0.638857,0.638857,0,0
nominal,mismatch,87,20261017,typ,7.434560e-01,7.466286e-01,1.541564e+00,0.00312983529,4.276471e-05,98,PASS,1.051365e+00,1.062044e+00,1.029483e+00,0.130000,1.147048,1.954000,1.954000,0,0
nominal,mismatch,88,20261018,typ,7.394645e-01,7.421695e-01,1.415701e+00,0.00265190784,5.309216e-05,117,PASS,1.050798e+00,1.052929e+00,1.041810e+00,0.076000,0.278952,0.780000,0.780000,0,0
nominal,mismatch,89,20261019,typ,7.375376e-01,7.400305e-01,1.372788e+00,0.00249117804,1.72196e-06,125,PASS,1.049756e+00,1.052995e+00,1.038745e+00,0.023238,0.285238,1.071905,1.071905,0,0
nominal,mismatch,90,20261020,typ,7.311378e-01,7.334543e-01,1.314657e+00,0.00228831059,2.818941e-05,139,PASS,1.049858e+00,1.044590e+00,1.053355e+00,0.013524,0.515238,0.319524,0.515238,0,0
nominal,mismatch,91,20261021,typ,7.314245e-01,7.338752e-01,1.355318e+00,0.00244664118,4.05882e-06,130,PASS,1.050527e+00,1.047627e+00,1.050085e+00,0.050190,0.226000,0.008095,0.226000,1,0
nominal,mismatch,92,20261022,typ,7.301557e-01,7.323887e-01,1.298514e+00,0.00222885608,4.14392e-06,144,PASS,1.051842e+00,1.043706e+00,1.059153e+00,0.175429,0.599429,0.871714,0.871714,0,0
nominal,mismatch,93,20261023,typ,7.302020e-01,7.325009e-01,1.315973e+00,0.00229714118,1.75882e-06,139,PASS,1.049991e+00,1.043843e+00,1.053470e+00,0.000857,0.586381,0.330476,0.586381,0,0
nominal,mismatch,94,20261024,typ,7.518469e-01,7.549642e-01,1.545582e+00,0.00311268667,4.61333e-06,96,PASS,1.052117e+00,1.066686e+00,1.022856e+00,0.201619,1.589143,2.585143,2.585143,0,0
nominal,mismatch,95,20261025,typ,7.424841e-01,7.453141e-01,1.462692e+00,0.00282434471,5.65529e-06,109,PASS,1.051488e+00,1.050471e+00,1.047676e+00,0.141714,0.044857,0.221333,0.221333,1,0
nominal,mismatch,96,20261026,typ,7.380028e-01,7.405570e-01,1.381982e+00,0.00252540863,2.879137e-05,124,PASS,1.052086e+00,1.059669e+00,1.035161e+00,0.198667,0.920857,1.413238,1.413238,0,0
nominal,mismatch,97,20261027,typ,7.370683e-01,7.395547e-01,1.369925e+00,0.00248179098,4.60902e-06,126,PASS,1.050549e+00,1.041682e+00,1.059413e+00,0.052286,0.792190,0.896476,0.896476,0,0
nominal,mismatch,98,20261028,typ,7.414067e-01,7.440198e-01,1.404781e+00,0.00260146784,1.163216e-05,119,PASS,1.051892e+00,1.045176e+00,1.057713e+00,0.180190,0.459429,0.734571,0.734571,0,0
nominal,mismatch,99,20261029,typ,7.416449e-01,7.444581e-01,1.455782e+00,0.00280053765,1.266235e-05,110,PASS,1.050951e+00,1.052198e+00,1.043794e+00,0.090571,0.209333,0.591048,0.591048,0,0
nominal,mismatch,100,20261030,typ,7.311632e-01,7.335836e-01,1.347615e+00,0.00241745804,2.94196e-06,132,PASS,1.051085e+00,1.049764e+00,1.047544e+00,0.103333,0.022476,0.233905,0.233905,1,0
nominal,mismatch,101,20261031,typ,7.366287e-01,7.392162e-01,1.388798e+00,0.00255752667,2.997333e-05,123,PASS,1.052153e+00,1.054626e+00,1.043180e+00,0.205048,0.440571,0.649524,0.649524,0,0
nominal,mismatch,102,20261032,typ,7.456380e-01,7.485253e-01,1.475971e+00,0.00286405098,2.324902e-05,106,PASS,1.050473e+00,1.060799e+00,1.028295e+00,0.045048,1.028476,2.067143,2.067143,0,0
nominal,mismatch,103,20261033,typ,7.288214e-01,7.311190e-01,1.309786e+00,0.00227829255,1.930745e-05,141,PASS,1.050964e+00,1.048212e+00,1.049660e+00,0.091810,0.170286,0.032381,0.170286,1,0
nominal,mismatch,104,20261034,typ,7.337920e-01,7.362167e-01,1.354270e+00,0.00243324706,-8.54706e-06,130,PASS,1.051101e+00,1.050853e+00,1.045923e+00,0.104857,0.081238,0.388286,0.388286,1,0
nominal,mismatch,105,20261035,typ,7.330168e-01,7.354856e-01,1.354537e+00,0.00243733412,3.146588e-05,130,PASS,1.050658e+00,1.047220e+00,1.049583e+00,0.062667,0.264762,0.039714,0.264762,1,0
nominal,mismatch,106,20261036,typ,7.386210e-01,7.413121e-01,1.421030e+00,0.00267611373,1.498627e-05,116,PASS,1.050069e+00,1.057248e+00,1.033312e+00,0.006571,0.690286,1.589333,1.589333,0,0
nominal,mismatch,107,20261037,typ,7.281641e-01,7.302735e-01,1.268194e+00,0.00211776431,-8.36431e-06,152,PASS,1.050920e+00,1.026909e+00,1.084569e+00,0.087619,2.199143,3.292286,3.292286,0,0
nominal,mismatch,108,20261038,typ,7.457204e-01,7.487835e-01,1.515049e+00,0.0030169749,4.61251e-05,101,PASS,1.051725e+00,1.053460e+00,1.043180e+00,0.164286,0.329524,0.649524,0.649524,0,0
nominal,mismatch,109,20261039,typ,7.369979e-01,7.396742e-01,1.416071e+00,0.00266303176,1.326824e-05,118,PASS,1.052271e+00,1.059987e+00,1.035040e+00,0.216286,0.951143,1.424762,1.424762,0,0
nominal,mismatch,110,20261040,typ,7.338380e-01,7.363444e-01,1.370332e+00,0.0024960549,1.03451e-05,127,PASS,1.051812e+00,1.053780e+00,1.043298e+00,0.172571,0.360000,0.638286,0.638286,0,0
nominal,mismatch,111,20261041,typ,7.339114e-01,7.363687e-01,1.357004e+00,0.00244350039,1.379961e-05,129,PASS,1.049964e+00,1.054176e+00,1.037306e+00,0.003429,0.397714,1.208952,1.208952,0,0
nominal,mismatch,112,20261042,typ,7.262861e-01,7.284193e-01,1.266539e+00,0.00211863882,1.456118e-05,153,PASS,1.051037e+00,1.041587e+00,1.060609e+00,0.098762,0.801238,1.010381,1.010381,0,0
nominal,mismatch,113,20261043,typ,7.292292e-01,7.313455e-01,1.270856e+00,0.00212402667,-7.72667e-06,151,PASS,1.050668e+00,1.045298e+00,1.054532e+00,0.063619,0.447810,0.431619,0.447810,1,0
nominal,mismatch,114,20261044,typ,7.314862e-01,7.338287e-01,1.325521e+00,0.00232954824,1.295176e-05,137,PASS,1.051424e+00,1.039145e+00,1.064989e+00,0.135619,1.033810,1.427524,1.427524,0,0
nominal,mismatch,115,20261045,typ,7.390996e-01,7.416172e-01,1.381052e+00,0.00251746039,1.3961e-07,123,PASS,1.049667e+00,1.045536e+00,1.051137e+00,0.031714,0.425143,0.108286,0.425143,1,0
nominal,mismatch,116,20261046,typ,7.422009e-01,7.450723e-01,1.474942e+00,0.00287349451,-2.09451e-06,107,PASS,1.050871e+00,1.060383e+00,1.029860e+00,0.082952,0.988857,1.918095,1.918095,0,0
nominal,mismatch,117,20261047,typ,7.315634e-01,7.340329e-01,1.359921e+00,0.00246414745,5.35255e-06,129,PASS,1.050506e+00,1.053379e+00,1.040538e+00,0.048190,0.321810,0.901143,0.901143,0,0
nominal,mismatch,118,20261048,typ,7.265631e-01,7.288512e-01,1.299935e+00,0.00224851725,3.958275e-05,144,PASS,1.051136e+00,1.036312e+00,1.069237e+00,0.108190,1.303619,1.832095,1.832095,0,0
nominal,mismatch,119,20261049,typ,7.408209e-01,7.436957e-01,1.468573e+00,0.0028539298,2.08702e-05,108,PASS,1.050056e+00,1.056799e+00,1.033662e+00,0.005333,0.647524,1.556000,1.556000,0,0
nominal,mismatch,120,20261050,typ,7.232204e-01,7.251818e-01,1.227282e+00,0.00197671216,-1.531216e-05,165,PASS,1.050093e+00,1.029372e+00,1.077309e+00,0.008857,1.964571,2.600857,2.600857,0,0
nominal,mismatch,121,20261051,typ,7.407472e-01,7.437295e-01,1.502018e+00,0.00298537569,-3.07569e-06,104,PASS,1.052348e+00,1.066667e+00,1.023832e+00,0.223619,1.587333,2.492190,2.492190,0,0
nominal,mismatch,122,20261052,typ,7.394932e-01,7.422052e-01,1.427547e+00,0.0026982502,1.37498e-05,115,PASS,1.050583e+00,1.051417e+00,1.044335e+00,0.055524,0.134952,0.539524,0.539524,0,0
nominal,mismatch,123,20261053,typ,7.410520e-01,7.438882e-01,1.458360e+00,0.00281297255,2.322745e-05,110,PASS,1.051643e+00,1.056720e+00,1.038277e+00,0.156476,0.640000,1.116476,1.116476,0,0
nominal,mismatch,124,20261054,typ,7.354094e-01,7.379629e-01,1.387402e+00,0.00255683373,-3.33373e-06,123,PASS,1.050797e+00,1.057914e+00,1.034199e+00,0.075905,0.753714,1.504857,1.504857,0,0
nominal,mismatch,125,20261055,typ,7.392402e-01,7.419333e-01,1.422185e+00,0.0026782149,1.48851e-05,116,PASS,1.050956e+00,1.056521e+00,1.036127e+00,0.091048,0.621048,1.321238,1.321238,0,0
nominal,mismatch,126,20261056,typ,7.365841e-01,7.392189e-01,1.409468e+00,0.00263876039,-3.96039e-06,119,PASS,1.051906e+00,1.050237e+00,1.049605e+00,0.181524,0.022571,0.037619,0.181524,1,0
nominal,mismatch,127,20261057,typ,7.426496e-01,7.454155e-01,1.436377e+00,0.00272049961,4.540039e-05,113,PASS,1.051281e+00,1.058636e+00,1.034583e+00,0.122000,0.822476,1.468286,1.468286,0,0
nominal,mismatch,128,20261058,typ,7.350137e-01,7.376292e-01,1.399508e+00,0.00260586,9.64e-06,121,PASS,1.051267e+00,1.054572e+00,1.040122e+00,0.120667,0.435429,0.940762,0.940762,0,0
nominal,mismatch,129,20261059,typ,7.418613e-01,7.446054e-01,1.437612e+00,0.00272843412,1.566588e-05,113,PASS,1.051151e+00,1.060305e+00,1.031176e+00,0.109619,0.981429,1.792762,1.792762,0,0
nominal,mismatch,130,20261060,typ,7.306009e-01,7.331421e-01,1.379081e+00,0.00254305922,-1.85922e-06,126,PASS,1.051930e+00,1.053742e+00,1.043143e+00,0.183810,0.356381,0.653048,0.653048,0,0
nominal,mismatch,131,20261061,typ,7.330497e-01,7.355435e-01,1.372105e+00,0.00250609922,-1.229922e-05,126,PASS,1.049681e+00,1.048975e+00,1.045415e+00,0.030381,0.097619,0.436667,0.436667,1,0
nominal,mismatch,132,20261062,typ,7.383804e-01,7.409643e-01,1.394610e+00,0.00257344941,1.045059e-05,121,PASS,1.050951e+00,1.056643e+00,1.036586e+00,0.090571,0.632667,1.277524,1.277524,0,0
nominal,mismatch,133,20261063,typ,7.264319e-01,7.287000e-01,1.299269e+00,0.00224642,2.168e-05,144,PASS,1.050506e+00,1.043630e+00,1.056246e+00,0.048190,0.606667,0.594857,0.606667,0,0
nominal,mismatch,134,20261064,typ,7.218682e-01,7.239500e-01,1.251508e+00,0.00207701882,4.78118e-06,158,PASS,1.050771e+00,1.040275e+00,1.062361e+00,0.073429,0.926190,1.177238,1.177238,0,0
nominal,mismatch,135,20261065,typ,7.377651e-01,7.405591e-01,1.444243e+00,0.00277050157,2.349843e-05,113,PASS,1.052120e+00,1.050403e+00,1.049448e+00,0.201905,0.038381,0.052571,0.201905,1,0
nominal,mismatch,136,20261066,typ,7.336754e-01,7.360174e-01,1.335318e+00,0.00235938275,-1.738275e-05,134,PASS,1.050682e+00,1.051756e+00,1.043386e+00,0.064952,0.167238,0.629905,0.629905,0,0
nominal,mismatch,137,20261067,typ,7.236008e-01,7.258059e-01,1.284586e+00,0.00219994196,5.15804e-06,148,PASS,1.050047e+00,1.035209e+00,1.067815e+00,0.004476,1.408667,1.696667,1.696667,0,0
nominal,mismatch,138,20261068,typ,7.313903e-01,7.337747e-01,1.333051e+00,0.00235945373,2.494627e-05,135,PASS,1.050947e+00,1.043636e+00,1.057551e+00,0.090190,0.606095,0.719143,0.719143,0,0
nominal,mismatch,139,20261069,typ,7.283547e-01,7.305472e-01,1.287813e+00,0.00219395412,-1.45412e-06,147,PASS,1.051535e+00,1.050282e+00,1.048633e+00,0.146190,0.026857,0.130190,0.146190,1,0
nominal,mismatch,140,20261070,typ,7.263054e-01,7.285184e-01,1.291350e+00,0.00221586118,-2.86118e-06,146,PASS,1.050600e+00,1.048672e+00,1.047505e+00,0.057143,0.126476,0.237619,0.237619,1,0
nominal,mismatch,141,20261071,typ,7.341048e-01,7.366105e-01,1.367279e+00,0.00248303608,2.266392e-05,127,PASS,1.050365e+00,1.038571e+00,1.063048e+00,0.034762,1.088476,1.242667,1.242667,0,0
nominal,mismatch,142,20261072,typ,7.378932e-01,7.405196e-01,1.397318e+00,0.00258597961,4.042039e-05,121,PASS,1.051961e+00,1.049213e+00,1.050731e+00,0.186762,0.074952,0.069619,0.186762,1,0
nominal,mismatch,143,20261073,typ,7.316319e-01,7.338963e-01,1.304674e+00,0.00224722392,1.717608e-05,142,PASS,1.051566e+00,1.052758e+00,1.043736e+00,0.149143,0.262667,0.596571,0.596571,0,0
nominal,mismatch,144,20261074,typ,7.399353e-01,7.426102e-01,1.428580e+00,0.00270056745,-2.566745e-05,115,PASS,1.051344e+00,1.054899e+00,1.040842e+00,0.128000,0.466571,0.872190,0.872190,0,0
nominal,mismatch,145,20261075,typ,7.304669e-01,7.327960e-01,1.318424e+00,0.00230571412,2.338588e-05,139,PASS,1.051740e+00,1.047838e+00,1.052318e+00,0.165714,0.205905,0.220762,0.220762,1,0
nominal,mismatch,146,20261076,typ,7.300100e-01,7.321874e-01,1.277406e+00,0.00214665098,3.074902e-05,149,PASS,1.050522e+00,1.046648e+00,1.051239e+00,0.049714,0.319238,0.118000,0.319238,1,0
nominal,mismatch,147,20261077,typ,7.516763e-01,7.549844e-01,1.589857e+00,0.00328698314,2.111686e-05,91,PASS,1.052461e+00,1.066842e+00,1.023649e+00,0.234381,1.604000,2.509619,2.509619,0,0
nominal,mismatch,148,20261078,typ,7.222181e-01,7.242604e-01,1.232551e+00,0.00200130549,4.099451e-05,164,PASS,1.051024e+00,1.028276e+00,1.081665e+00,0.097524,2.068952,3.015714,3.015714,0,0
nominal,mismatch,149,20261079,typ,7.253371e-01,7.274798e-01,1.269786e+00,0.00213509373,7.60627e-06,152,PASS,1.050545e+00,1.043135e+00,1.057050e+00,0.051905,0.653810,0.671429,0.671429,0,0
nominal,mismatch,150,20261080,typ,7.302454e-01,7.325975e-01,1.326546e+00,0.00233843373,1.366627e-05,137,PASS,1.051466e+00,1.048615e+00,1.050704e+00,0.139619,0.131905,0.067048,0.139619,1,0
nominal,mismatch,151,20261081,typ,7.243293e-01,7.262590e-01,1.216279e+00,0.00192921451,4.8549e-07,169,PASS,1.050820e+00,1.035529e+00,1.068954e+00,0.078095,1.378190,1.805143,1.805143,0,0
nominal,mismatch,152,20261082,typ,7.333254e-01,7.358477e-01,1.372991e+00,0.00250849255,1.380745e-05,126,PASS,1.050525e+00,1.051809e+00,1.043863e+00,0.050000,0.172286,0.584476,0.584476,0,0
nominal,mismatch,153,20261083,typ,7.282031e-01,7.304132e-01,1.282964e+00,0.00217553294,3.456706e-05,148,PASS,1.051151e+00,1.041383e+00,1.061390e+00,0.109619,0.820667,1.084762,1.084762,0,0
nominal,mismatch,154,20261084,typ,7.441891e-01,7.469574e-01,1.447287e+00,0.00275724667,1.105333e-05,111,PASS,1.051315e+00,1.057708e+00,1.035863e+00,0.125238,0.734095,1.346381,1.346381,0,0
nominal,mismatch,155,20261085,typ,7.399519e-01,7.424823e-01,1.384600e+00,0.00252803176,2.36824e-06,123,PASS,1.051879e+00,1.050524e+00,1.048798e+00,0.178952,0.049905,0.114476,0.178952,1,0
nominal,mismatch,156,20261086,typ,7.267322e-01,7.288738e-01,1.269078e+00,0.00212684627,1.475373e-05,152,PASS,1.050658e+00,1.044861e+00,1.054092e+00,0.062667,0.489429,0.389714,0.489429,1,0
nominal,mismatch,157,20261087,typ,7.312519e-01,7.336698e-01,1.346776e+00,0.00241382,4.08e-06,132,PASS,1.050721e+00,1.049429e+00,1.047134e+00,0.068667,0.054381,0.272952,0.272952,1,0
nominal,mismatch,158,20261088,typ,7.370961e-01,7.396923e-01,1.400638e+00,0.0026021251,-5.9251e-06,120,PASS,1.050137e+00,1.065005e+00,1.021536e+00,0.013048,1.429048,2.710857,2.710857,0,0
nominal,mismatch,159,20261089,typ,7.195539e-01,7.216173e-01,1.240802e+00,0.0020441102,1.92898e-05,162,PASS,1.051330e+00,1.039863e+00,1.063688e+00,0.126667,0.965429,1.303619,1.303619,0,0
nominal,mismatch,160,20261090,typ,7.421664e-01,7.449468e-01,1.449024e+00,0.00277199059,8.40941e-06,111,PASS,1.050914e+00,1.048079e+00,1.049898e+00,0.087048,0.182952,0.009714,0.182952,1,0
nominal,mismatch,161,20261091,typ,7.416345e-01,7.444927e-01,1.465440e+00,0.00283845294,1.974706e-05,109,PASS,1.051840e+00,1.054628e+00,1.042319e+00,0.175238,0.440762,0.731524,0.731524,0,0
nominal,mismatch,162,20261092,typ,7.385735e-01,7.411490e-01,1.386385e+00,0.00254043725,3.506275e-05,123,PASS,1.052290e+00,1.058139e+00,1.036824e+00,0.218095,0.775143,1.254857,1.254857,0,0
nominal,mismatch,163,20261093,typ,7.358475e-01,7.385552e-01,1.418052e+00,0.00267531176,3.238824e-05,117,PASS,1.050001e+00,1.048853e+00,1.046180e+00,0.000095,0.109238,0.363810,0.363810,1,0
nominal,mismatch,164,20261094,typ,7.348343e-01,7.372775e-01,1.350100e+00,0.00241280667,3.039333e-05,131,PASS,1.051791e+00,1.057458e+00,1.037632e+00,0.170571,0.710286,1.177905,1.177905,0,0
nominal,mismatch,165,20261095,typ,7.378545e-01,7.403359e-01,1.372594e+00,0.00248917451,-7.77451e-06,125,PASS,1.049742e+00,1.047000e+00,1.048472e+00,0.024571,0.285714,0.145524,0.285714,1,0
nominal,mismatch,166,20261096,typ,7.454779e-01,7.485560e-01,1.526141e+00,0.00306142392,1.667608e-05,99,PASS,1.049978e+00,1.061279e+00,1.026471e+00,0.002095,1.074190,2.240857,2.240857,0,0
nominal,mismatch,167,20261097,typ,7.268874e-01,7.290074e-01,1.265313e+00,0.00211147294,8.52706e-06,153,PASS,1.050529e+00,1.032975e+00,1.072880e+00,0.050381,1.621429,2.179048,2.179048,0,0
nominal,mismatch,168,20261098,typ,7.313803e-01,7.337586e-01,1.334574e+00,0.00236546549,1.283451e-05,135,PASS,1.051691e+00,1.044647e+00,1.057469e+00,0.161048,0.509810,0.711333,0.711333,0,0
nominal,mismatch,169,20261099,typ,7.372469e-01,7.399797e-01,1.424207e+00,0.00269396118,3.883882e-05,116,PASS,1.050898e+00,1.051544e+00,1.045420e+00,0.085524,0.147048,0.436190,0.436190,1,0
nominal,mismatch,170,20261100,typ,7.319354e-01,7.343939e-01,1.353630e+00,0.00243801804,2.048196e-05,130,PASS,1.049941e+00,1.049135e+00,1.046042e+00,0.005619,0.082381,0.376952,0.376952,1,0
nominal,mismatch,171,20261101,typ,7.452319e-01,7.481464e-01,1.486472e+00,0.00290682392,7.67608e-06,105,PASS,1.051713e+00,1.059769e+00,1.032641e+00,0.163143,0.930381,1.653238,1.653238,0,0
nominal,mismatch,172,20261102,typ,7.321187e-01,7.345359e-01,1.351295e+00,0.00242814235,-1.094235e-05,131,PASS,1.051041e+00,1.047186e+00,1.051324e+00,0.099143,0.268000,0.126095,0.268000,1,0
nominal,mismatch,173,20261103,typ,7.415661e-01,7.442585e-01,1.424900e+00,0.00267974078,1.265922e-05,115,PASS,1.051006e+00,1.052177e+00,1.043791e+00,0.095810,0.207333,0.591333,0.591333,0,0
nominal,mismatch,174,20261104,typ,7.342567e-01,7.367780e-01,1.374874e+00,0.00251222471,9.07529e-06,126,PASS,1.051941e+00,1.050166e+00,1.049785e+00,0.184857,0.015810,0.020476,0.184857,1,0
nominal,mismatch,175,20261105,typ,7.320500e-01,7.344883e-01,1.346931e+00,0.00241129804,2.700196e-05,132,PASS,1.051273e+00,1.053286e+00,1.042658e+00,0.121238,0.312952,0.699238,0.699238,0,0
nominal,mismatch,176,20261106,typ,7.288372e-01,7.309262e-01,1.258958e+00,0.0020789051,1.00949e-05,154,PASS,1.049540e+00,1.043988e+00,1.053893e+00,0.043810,0.572571,0.370762,0.572571,0,0
nominal,mismatch,177,20261107,typ,7.311813e-01,7.335864e-01,1.339721e+00,0.0023864302,1.86698e-05,134,PASS,1.051836e+00,1.045984e+00,1.055627e+00,0.174857,0.382476,0.535905,0.535905,0,0
nominal,mismatch,178,20261108,typ,7.290489e-01,7.311556e-01,1.266773e+00,0.00210872196,-2.02196e-06,152,PASS,1.050166e+00,1.046189e+00,1.051335e+00,0.015810,0.362952,0.127143,0.362952,1,0
nominal,mismatch,179,20261109,typ,7.394802e-01,7.423097e-01,1.457259e+00,0.00281481882,1.468118e-05,110,PASS,1.050233e+00,1.061439e+00,1.026280e+00,0.022190,1.089429,2.259048,2.259048,0,0
nominal,mismatch,180,20261110,typ,7.486853e-01,7.515679e-01,1.474246e+00,0.00284533608,3.726392e-05,106,PASS,1.051539e+00,1.050984e+00,1.047521e+00,0.146571,0.093714,0.236095,0.236095,1,0
nominal,mismatch,181,20261111,typ,7.408140e-01,7.434778e-01,1.415802e+00,0.00264701176,1.678824e-05,117,PASS,1.051527e+00,1.059867e+00,1.033820e+00,0.145429,0.939714,1.540952,1.540952,0,0
nominal,mismatch,182,20261112,typ,7.292198e-01,7.314158e-01,1.285367e+00,0.00218096941,1.503059e-05,147,PASS,1.050590e+00,1.046206e+00,1.052426e+00,0.056190,0.361333,0.231048,0.361333,1,0
nominal,mismatch,183,20261113,typ,7.323169e-01,7.346378e-01,1.325691e+00,0.00232695725,-6.05725e-06,137,PASS,1.051898e+00,1.043387e+00,1.060886e+00,0.180762,0.629810,1.036762,1.036762,0,0
nominal,mismatch,184,20261114,typ,7.341723e-01,7.363574e-01,1.289515e+00,0.00217781451,7.28549e-06,145,PASS,1.050617e+00,1.039433e+00,1.062806e+00,0.058762,1.006381,1.219619,1.219619,0,0
nominal,mismatch,185,20261115,typ,7.312269e-01,7.336997e-01,1.357151e+00,0.00245460431,1.819569e-05,130,PASS,1.051206e+00,1.050162e+00,1.047298e+00,0.114857,0.015429,0.257333,0.257333,1,0
nominal,mismatch,186,20261116,typ,7.185276e-01,7.203000e-01,1.170114e+00,0.00177092706,1.47294e-06,187,PASS,1.049977e+00,1.016421e+00,1.097064e+00,0.002190,3.198000,4.482286,4.482286,0,0
nominal,mismatch,187,20261117,typ,7.319011e-01,7.341726e-01,1.307297e+00,0.00225645451,1.504549e-05,141,PASS,1.050843e+00,1.044131e+00,1.056029e+00,0.080286,0.558952,0.574190,0.574190,0,0
nominal,mismatch,188,20261118,typ,7.340912e-01,7.365876e-01,1.365968e+00,0.00247794824,1.845176e-05,127,PASS,1.049701e+00,1.052672e+00,1.038869e+00,0.028476,0.254476,1.060095,1.060095,0,0
nominal,mismatch,189,20261119,typ,7.438535e-01,7.466482e-01,1.454922e+00,0.00278850392,6.19608e-06,110,PASS,1.051459e+00,1.063136e+00,1.027358e+00,0.138952,1.251048,2.156381,2.156381,0,0
nominal,mismatch,190,20261120,typ,7.419611e-01,7.447739e-01,1.460974e+00,0.00281965843,-6.85843e-06,109,PASS,1.050216e+00,1.057687e+00,1.033124e+00,0.020571,0.732095,1.607238,1.607238,0,0
nominal,mismatch,191,20261121,typ,7.325004e-01,7.348417e-01,1.322151e+00,0.00231235529,2.894471e-05,137,PASS,1.050128e+00,1.053180e+00,1.040467e+00,0.012190,0.302857,0.907905,0.907905,0,0
nominal,mismatch,192,20261122,typ,7.338075e-01,7.363074e-01,1.374314e+00,0.0025117902,-1.18902e-05,126,PASS,1.051164e+00,1.051879e+00,1.045861e+00,0.110857,0.178952,0.394190,0.394190,1,0
nominal,mismatch,193,20261123,typ,7.487865e-01,7.517378e-01,1.496814e+00,0.00293344118,1.785882e-05,103,PASS,1.052101e+00,1.060635e+00,1.033046e+00,0.200095,1.012857,1.614667,1.614667,0,0
nominal,mismatch,194,20261124,typ,7.342298e-01,7.364707e-01,1.300700e+00,0.00222145176,1.944824e-05,142,PASS,1.050354e+00,1.042036e+00,1.058323e+00,0.033714,0.758476,0.792667,0.792667,0,0
nominal,mismatch,195,20261125,typ,7.416524e-01,7.445097e-01,1.461465e+00,0.00282279451,3.450549e-05,109,PASS,1.050586e+00,1.059667e+00,1.030750e+00,0.055810,0.920667,1.833333,1.833333,0,0
nominal,mismatch,196,20261126,typ,7.390332e-01,7.418350e-01,1.449483e+00,0.00278607765,1.572235e-05,112,PASS,1.052219e+00,1.053695e+00,1.044816e+00,0.211333,0.351905,0.493714,0.493714,1,0
nominal,mismatch,197,20261127,typ,7.265159e-01,7.287721e-01,1.303945e+00,0.00226442784,-8.22784e-06,143,PASS,1.051248e+00,1.047136e+00,1.052605e+00,0.118857,0.272762,0.248095,0.272762,1,0
nominal,mismatch,198,20261128,typ,7.345629e-01,7.371640e-01,1.385819e+00,0.00255394549,4.715451e-05,124,PASS,1.051980e+00,1.046303e+00,1.055595e+00,0.188571,0.352095,0.532857,0.532857,0,0
nominal,mismatch,199,20261129,typ,7.329653e-01,7.355770e-01,1.391242e+00,0.00258147725,3.022275e-05,123,PASS,1.051601e+00,1.053690e+00,1.043717e+00,0.152476,0.351429,0.598381,0.598381,0,0
nominal,mismatch,200,20261130,typ,7.294897e-01,7.318249e-01,1.329929e+00,0.00235466392,-1.946392e-05,136,PASS,1.050665e+00,1.047233e+00,1.050589e+00,0.063333,0.263524,0.056095,0.263524,1,0
nominal,mismatch,201,20261131,typ,7.333012e-01,7.359039e-01,1.391849e+00,0.00258254039,2.015961e-05,123,PASS,1.052014e+00,1.048020e+00,1.052570e+00,0.191810,0.188571,0.244762,0.244762,1,0
nominal,mismatch,202,20261132,typ,7.380576e-01,7.406754e-01,1.402872e+00,0.00260711529,1.068471e-05,120,PASS,1.051842e+00,1.052154e+00,1.046132e+00,0.175429,0.205143,0.368381,0.368381,1,0
nominal,mismatch,203,20261133,typ,7.260106e-01,7.283043e-01,1.303439e+00,0.0022644251,2.92749e-05,143,PASS,1.050547e+00,1.040294e+00,1.061186e+00,0.052095,0.924381,1.065333,1.065333,0,0
nominal,mismatch,204,20261134,typ,7.317243e-01,7.341857e-01,1.354794e+00,0.00244341059,1.798941e-05,130,PASS,1.050215e+00,1.055313e+00,1.036558e+00,0.020476,0.506000,1.280190,1.280190,0,0
nominal,mismatch,205,20261135,typ,7.339177e-01,7.363221e-01,1.345282e+00,0.00239750706,6.89294e-06,132,PASS,1.051458e+00,1.048345e+00,1.051478e+00,0.138857,0.157619,0.140762,0.157619,1,0
nominal,mismatch,206,20261136,typ,7.306473e-01,7.330312e-01,1.337787e+00,0.00238094,2.96e-06,134,PASS,1.050295e+00,1.049913e+00,1.045321e+00,0.028095,0.008286,0.445619,0.445619,1,0
nominal,mismatch,207,20261137,typ,7.422522e-01,7.448575e-01,1.402413e+00,0.00258886588,1.643412e-05,119,PASS,1.051277e+00,1.052710e+00,1.043682e+00,0.121619,0.258095,0.601714,0.601714,0,0
nominal,mismatch,208,20261138,typ,7.435796e-01,7.464748e-01,1.472062e+00,0.00285679373,3.840627e-05,107,PASS,1.050510e+00,1.063489e+00,1.024164e+00,0.048571,1.284667,2.460571,2.460571,0,0
nominal,mismatch,209,20261139,typ,7.422357e-01,7.450982e-01,1.465724e+00,0.00283720902,2.529098e-05,108,PASS,1.049894e+00,1.057254e+00,1.033107e+00,0.010095,0.690857,1.608857,1.608857,0,0
nominal,mismatch,210,20261140,typ,7.317783e-01,7.341589e-01,1.334441e+00,0.00236338314,1.721686e-05,135,PASS,1.051796e+00,1.049642e+00,1.050660e+00,0.171048,0.034095,0.062857,0.171048,1,0
nominal,mismatch,211,20261141,typ,7.367722e-01,7.392814e-01,1.374330e+00,0.00250022667,8.97333e-06,125,PASS,1.050166e+00,1.047223e+00,1.049129e+00,0.015810,0.264476,0.082952,0.264476,1,0
nominal,mismatch,212,20261142,typ,7.387590e-01,7.415466e-01,1.442609e+00,0.00276019608,2.740392e-05,113,PASS,1.052036e+00,1.061887e+00,1.030304e+00,0.193905,1.132095,1.875810,1.875810,0,0
nominal,mismatch,213,20261143,typ,7.283389e-01,7.305579e-01,1.291594e+00,0.00220884353,1.015647e-05,146,PASS,1.051619e+00,1.051344e+00,1.046799e+00,0.154190,0.128000,0.304857,0.304857,1,0
nominal,mismatch,214,20261144,typ,7.341680e-01,7.367741e-01,1.400167e+00,0.00261176078,-5.66078e-06,121,PASS,1.051214e+00,1.050677e+00,1.047615e+00,0.115619,0.064476,0.227143,0.227143,1,0
nominal,mismatch,215,20261145,typ,7.355329e-01,7.382438e-01,1.424338e+00,0.00270119647,9.70353e-06,116,PASS,1.049859e+00,1.056605e+00,1.033733e+00,0.013429,0.629048,1.549238,1.549238,0,0
nominal,mismatch,216,20261146,typ,7.244628e-01,7.264395e-01,1.231029e+00,0.00198653412,-9.83412e-06,164,PASS,1.050810e+00,1.025861e+00,1.086843e+00,0.077143,2.298952,3.508857,3.508857,0,0
nominal,mismatch,217,20261147,typ,7.440144e-01,7.471263e-01,1.525557e+00,0.00306487294,4.702706e-05,100,PASS,1.052044e+00,1.066008e+00,1.024116e+00,0.194667,1.524571,2.465143,2.465143,0,0
nominal,mismatch,218,20261148,typ,7.451459e-01,7.485122e-01,1.589632e+00,0.0033117102,5.45898e-05,92,PASS,1.051375e+00,1.066495e+00,1.021707e+00,0.130952,1.570952,2.694571,2.694571,0,0
nominal,mismatch,219,20261149,typ,7.290561e-01,7.312160e-01,1.269768e+00,0.00212043882,3.946118e-05,151,PASS,1.049918e+00,1.054843e+00,1.036791e+00,0.007810,0.461238,1.258000,1.258000,0,0
nominal,mismatch,220,20261150,typ,7.382055e-01,7.410567e-01,1.452857e+00,0.0028025549,4.86451e-05,111,PASS,1.050440e+00,1.054385e+00,1.038452e+00,0.041905,0.417619,1.099810,1.099810,0,0
nominal,mismatch,221,20261151,typ,7.354355e-01,7.380856e-01,1.406981e+00,0.00263351176,1.658824e-05,119,PASS,1.049642e+00,1.063257e+00,1.022049e+00,0.034095,1.262571,2.662000,2.662000,0,0
nominal,mismatch,222,20261152,typ,7.255401e-01,7.276348e-01,1.262919e+00,0.00210736824,-1.266824e-05,154,PASS,1.050767e+00,1.044298e+00,1.056135e+00,0.073048,0.543048,0.584286,0.584286,0,0
nominal,mismatch,223,20261153,typ,7.319667e-01,7.342527e-01,1.314658e+00,0.00228506392,9.3608e-07,139,PASS,1.050363e+00,1.053194e+00,1.040466e+00,0.034571,0.304190,0.908000,0.908000,0,0
nominal,mismatch,224,20261154,typ,7.226800e-01,7.246416e-01,1.222956e+00,0.00196186667,-2.6667e-07,167,PASS,1.050685e+00,1.035632e+00,1.069729e+00,0.065238,1.368381,1.878952,1.878952,0,0
nominal,mismatch,225,20261155,typ,7.443612e-01,7.474187e-01,1.522309e+00,0.00305077569,6.72431e-06,100,PASS,1.050743e+00,1.066914e+00,1.019809e+00,0.070762,1.610857,2.875333,2.875333,0,0
nominal,mismatch,226,20261156,typ,7.333370e-01,7.358428e-01,1.368680e+00,0.00249154118,1.425882e-05,127,PASS,1.050893e+00,1.058131e+00,1.034067e+00,0.085048,0.774381,1.517429,1.517429,0,0
nominal,mismatch,227,20261157,typ,7.355362e-01,7.383498e-01,1.445209e+00,0.00278303059,3.056941e-05,113,PASS,1.051207e+00,1.059482e+00,1.032797e+00,0.114952,0.903048,1.638381,1.638381,0,0
nominal,mismatch,228,20261158,typ,7.265320e-01,7.285575e-01,1.240487e+00,0.0020155098,9.9902e-06,160,PASS,1.049649e+00,1.027467e+00,1.078676e+00,0.033429,2.146000,2.731048,2.731048,0,0
nominal,mismatch,229,20261159,typ,7.364856e-01,7.390999e-01,1.398915e+00,0.00259776235,1.653765e-05,121,PASS,1.051778e+00,1.050399e+00,1.048685e+00,0.169333,0.038000,0.125238,0.169333,1,0
nominal,mismatch,230,20261160,typ,7.336683e-01,7.362326e-01,1.374935e+00,0.00251477137,4.952863e-05,126,PASS,1.051284e+00,1.058741e+00,1.033979e+00,0.122286,0.832476,1.525810,1.525810,0,0
nominal,mismatch,231,20261161,typ,7.326311e-01,7.351104e-01,1.361407e+00,0.00246578784,1.351216e-05,129,PASS,1.051569e+00,1.051071e+00,1.047178e+00,0.149429,0.102000,0.268762,0.268762,1,0
nominal,mismatch,232,20261162,typ,7.383782e-01,7.407914e-01,1.350885e+00,0.00240198745,1.121255e-05,130,PASS,1.051492e+00,1.043897e+00,1.058433e+00,0.142095,0.581238,0.803143,0.803143,0,0
nominal,mismatch,233,20261163,typ,7.442060e-01,7.471105e-01,1.483624e+00,0.00289967843,4.82157e-06,105,PASS,1.050031e+00,1.057057e+00,1.033260e+00,0.002952,0.672095,1.594286,1.594286,0,0
nominal,mismatch,234,20261164,typ,7.419161e-01,7.448749e-01,1.488879e+00,0.00292926627,2.953373e-05,105,PASS,1.050853e+00,1.063108e+00,1.025967e+00,0.081238,1.248381,2.288857,2.288857,0,0
nominal,mismatch,235,20261165,typ,7.272070e-01,7.293867e-01,1.280054e+00,0.00216802745,1.167255e-05,149,PASS,1.050835e+00,1.042339e+00,1.059107e+00,0.079524,0.729619,0.867333,0.867333,0,0
nominal,mismatch,236,20261166,typ,7.453917e-01,7.485784e-01,1.544722e+00,0.00313462863,5.207137e-05,97,PASS,1.050992e+00,1.053011e+00,1.042230e+00,0.094476,0.286762,0.740000,0.740000,0,0
nominal,mismatch,237,20261167,typ,7.386757e-01,7.413038e-01,1.405055e+00,0.00261325216,1.484784e-05,119,PASS,1.050769e+00,1.045393e+00,1.053298e+00,0.073238,0.438762,0.314095,0.438762,1,0
nominal,mismatch,238,20261168,typ,7.265080e-01,7.286773e-01,1.276683e+00,0.00215754902,1.175098e-05,150,PASS,1.050775e+00,1.037179e+00,1.066294e+00,0.073810,1.221048,1.551810,1.551810,0,0
nominal,mismatch,239,20261169,typ,7.354921e-01,7.378972e-01,1.346863e+00,0.00239753294,7.56706e-06,131,PASS,1.050387e+00,1.047483e+00,1.050017e+00,0.036857,0.239714,0.001619,0.239714,1,0
nominal,mismatch,240,20261170,typ,7.246977e-01,7.268735e-01,1.270265e+00,0.00213947961,3.632039e-05,152,PASS,1.050652e+00,1.044553e+00,1.055788e+00,0.062095,0.518762,0.551238,0.551238,0,0
nominal,mismatch,241,20261171,typ,7.207988e-01,7.228303e-01,1.234400e+00,0.00201412235,1.737765e-05,163,PASS,1.049807e+00,1.032691e+00,1.070904e+00,0.018381,1.648476,1.990857,1.990857,0,0
nominal,mismatch,242,20261172,typ,7.246309e-01,7.268283e-01,1.282046e+00,0.00218594157,1.145843e-05,149,PASS,1.051049e+00,1.038194e+00,1.065806e+00,0.099905,1.124381,1.505333,1.505333,0,0
nominal,mismatch,243,20261173,typ,7.336294e-01,7.361866e-01,1.388443e+00,0.00256789647,-1.069647e-05,123,PASS,1.050488e+00,1.051468e+00,1.043750e+00,0.046476,0.139810,0.595238,0.595238,0,0
nominal,mismatch,244,20261174,typ,7.262475e-01,7.285738e-01,1.308128e+00,0.00228188431,4.441569e-05,142,PASS,1.051079e+00,1.043088e+00,1.059086e+00,0.102762,0.658286,0.865333,0.865333,0,0
nominal,mismatch,245,20261175,typ,7.475574e-01,7.506336e-01,1.525334e+00,0.00305010431,2.609569e-05,99,PASS,1.051163e+00,1.060628e+00,1.029638e+00,0.110762,1.012190,1.939238,1.939238,0,0
nominal,mismatch,246,20261176,typ,7.397894e-01,7.424146e-01,1.404143e+00,0.00260530824,1.989176e-05,119,PASS,1.051074e+00,1.049817e+00,1.047680e+00,0.102286,0.017429,0.220952,0.220952,1,0
nominal,mismatch,247,20261177,typ,7.321679e-01,7.345273e-01,1.331461e+00,0.00235016902,9.23098e-06,135,PASS,1.050129e+00,1.041540e+00,1.058053e+00,0.012286,0.805714,0.766952,0.805714,0,0
nominal,mismatch,248,20261178,typ,7.250663e-01,7.271495e-01,1.255190e+00,0.00207891647,4.28353e-06,156,PASS,1.050003e+00,1.041749e+00,1.057883e+00,0.000286,0.785810,0.750762,0.785810,0,0
nominal,mismatch,249,20261179,typ,7.342314e-01,7.367700e-01,1.380519e+00,0.00253446118,4.13882e-06,125,PASS,1.051953e+00,1.052020e+00,1.046315e+00,0.186000,0.192381,0.350952,0.350952,1,0
nominal,mismatch,250,20261180,typ,7.321318e-01,7.347882e-01,1.402678e+00,0.00262959294,2.680706e-05,121,PASS,1.051283e+00,1.052127e+00,1.044029e+00,0.122190,0.202571,0.568667,0.568667,0,0
nominal,mismatch,251,20261181,typ,7.304458e-01,7.327532e-01,1.315651e+00,0.00229492235,1.247765e-05,139,PASS,1.050324e+00,1.044762e+00,1.053345e+00,0.030857,0.498857,0.318571,0.498857,1,0
nominal,mismatch,252,20261182,typ,7.209218e-01,7.226994e-01,1.171205e+00,0.00176581647,1.178353e-05,186,PASS,1.049885e+00,1.026888e+00,1.080761e+00,0.010952,2.201143,2.929619,2.929619,0,0
nominal,mismatch,253,20261183,typ,7.144678e-01,7.161572e-01,1.145303e+00,0.0016895498,-1.498e-07,199,PASS,1.051020e+00,1.030974e+00,1.077140e+00,0.097143,1.812000,2.584762,2.584762,0,0
nominal,mismatch,254,20261184,typ,7.330318e-01,7.355185e-01,1.361432e+00,0.00246431451,2.238549e-05,129,PASS,1.051800e+00,1.053825e+00,1.043031e+00,0.171429,0.364286,0.663714,0.663714,0,0
nominal,mismatch,255,20261185,typ,7.301855e-01,7.324803e-01,1.311922e+00,0.00228131961,1.348039e-05,140,PASS,1.050232e+00,1.042461e+00,1.057096e+00,0.022095,0.718000,0.675810,0.718000,0,0
nominal,mismatch,256,20261186,typ,7.490141e-01,7.518975e-01,1.484883e+00,0.00288576039,-2.36039e-06,104,PASS,1.050085e+00,1.063283e+00,1.024294e+00,0.008095,1.265048,2.448190,2.448190,0,0
nominal,mismatch,257,20261187,typ,7.385695e-01,7.412041e-01,1.407823e+00,0.00262452353,1.007647e-05,119,PASS,1.052015e+00,1.051364e+00,1.048630e+00,0.191905,0.129905,0.130476,0.191905,1,0
nominal,mismatch,258,20261188,typ,7.331865e-01,7.357537e-01,1.384287e+00,0.00255333529,1.386471e-05,124,PASS,1.050558e+00,1.048029e+00,1.049040e+00,0.053143,0.187714,0.091429,0.187714,1,0
nominal,mismatch,259,20261189,typ,7.356284e-01,7.381308e-01,1.364757e+00,0.00246717098,3.522902e-05,127,PASS,1.049802e+00,1.048839e+00,1.046155e+00,0.018857,0.110571,0.366190,0.366190,1,0
nominal,mismatch,260,20261190,typ,7.195976e-01,7.214383e-01,1.190951e+00,0.00184844471,-7.74471e-06,179,PASS,1.050930e+00,1.037590e+00,1.065744e+00,0.088571,1.181905,1.499429,1.499429,0,0
nominal,mismatch,261,20261191,typ,7.309944e-01,7.332993e-01,1.318592e+00,0.00230430431,5.9569e-07,138,PASS,1.049960e+00,1.048144e+00,1.047493e+00,0.003810,0.176762,0.238762,0.238762,1,0
nominal,mismatch,262,20261192,typ,7.416552e-01,7.445299e-01,1.469799e+00,0.00285546588,1.923412e-05,108,PASS,1.051369e+00,1.051376e+00,1.046386e+00,0.130381,0.131048,0.344190,0.344190,1,0
nominal,mismatch,263,20261193,typ,7.386883e-01,7.413087e-01,1.397166e+00,0.00258226549,3.813451e-05,121,PASS,1.052226e+00,1.063460e+00,1.028383e+00,0.212000,1.281905,2.058762,2.058762,0,0
nominal,mismatch,264,20261194,typ,7.309982e-01,7.334132e-01,1.346010e+00,0.00241181098,3.18902e-06,132,PASS,1.050191e+00,1.049770e+00,1.045306e+00,0.018190,0.021905,0.447048,0.447048,1,0
nominal,mismatch,265,20261195,typ,7.317921e-01,7.342538e-01,1.357844e+00,0.00245510549,6.59451e-06,130,PASS,1.051892e+00,1.051060e+00,1.048019e+00,0.180190,0.100952,0.188667,0.188667,1,0
nominal,mismatch,266,20261196,typ,7.338339e-01,7.361938e-01,1.331358e+00,0.00234323176,1.666824e-05,135,PASS,1.050722e+00,1.050990e+00,1.045062e+00,0.068762,0.094286,0.470286,0.470286,1,0
nominal,mismatch,267,20261197,typ,7.338992e-01,7.363372e-01,1.352578e+00,0.00242619137,1.180863e-05,130,PASS,1.050362e+00,1.044132e+00,1.054269e+00,0.034476,0.558857,0.406571,0.558857,0,0
nominal,mismatch,268,20261198,typ,7.449722e-01,7.481565e-01,1.548673e+00,0.00315176784,3.253216e-05,97,PASS,1.051932e+00,1.056829e+00,1.039299e+00,0.184000,0.650381,1.019143,1.019143,0,0
nominal,mismatch,269,20261199,typ,7.149737e-01,7.168720e-01,1.194660e+00,0.00188112275,1.717725e-05,178,PASS,1.050154e+00,1.024501e+00,1.085284e+00,0.014667,2.428476,3.360381,3.360381,0,0
nominal,mismatch,270,20261200,typ,7.301343e-01,7.325887e-01,1.355456e+00,0.00245224196,2.15804e-06,130,PASS,1.049832e+00,1.046315e+00,1.049991e+00,0.016000,0.350952,0.000857,0.350952,1,0
nominal,mismatch,271,20261201,typ,7.439366e-01,7.465649e-01,1.412353e+00,0.00262124078,7.05922e-06,117,PASS,1.051674e+00,1.060210e+00,1.032756e+00,0.159429,0.972381,1.642286,1.642286,0,0
nominal,mismatch,272,20261202,typ,7.427415e-01,7.456118e-01,1.466893e+00,0.0028398098,3.04902e-05,108,PASS,1.050567e+00,1.060114e+00,1.029585e+00,0.054000,0.963238,1.944286,1.944286,0,0
nominal,mismatch,273,20261203,typ,7.303733e-01,7.327339e-01,1.324112e+00,0.00232838706,3.221294e-05,137,PASS,1.050143e+00,1.053889e+00,1.038796e+00,0.013619,0.370381,1.067048,1.067048,0,0
nominal,mismatch,274,20261204,typ,7.252092e-01,7.274847e-01,1.299044e+00,0.00225033255,2.516745e-05,144,PASS,1.049916e+00,1.043660e+00,1.055037e+00,0.008000,0.603810,0.479714,0.603810,0,0
nominal,mismatch,275,20261205,typ,7.370635e-01,7.397625e-01,1.420563e+00,0.0026803902,1.86098e-05,117,PASS,1.051720e+00,1.045590e+00,1.056547e+00,0.163810,0.420000,0.623524,0.623524,0,0
nominal,mismatch,276,20261206,typ,7.253990e-01,7.276394e-01,1.298134e+00,0.00224601961,-5.61961e-06,145,PASS,1.051765e+00,1.051811e+00,1.046736e+00,0.168095,0.172476,0.310857,0.310857,1,0
nominal,mismatch,277,20261207,typ,7.391061e-01,7.416013e-01,1.368831e+00,0.00246950941,2.569059e-05,126,PASS,1.051041e+00,1.039339e+00,1.064031e+00,0.099143,1.015333,1.336286,1.336286,0,0
nominal,mismatch,278,20261208,typ,7.230497e-01,7.252296e-01,1.268794e+00,0.00214017373,3.972627e-05,153,PASS,1.051287e+00,1.037441e+00,1.068773e+00,0.122571,1.196095,1.787905,1.787905,0,0
nominal,mismatch,279,20261209,typ,7.312972e-01,7.336193e-01,1.320488e+00,0.00231055216,1.154784e-05,138,PASS,1.051138e+00,1.045843e+00,1.053189e+00,0.108381,0.395905,0.303714,0.395905,1,0
nominal,mismatch,280,20261210,typ,7.423119e-01,7.450327e-01,1.434623e+00,0.00271494549,5.85451e-06,113,PASS,1.050232e+00,1.055920e+00,1.035444e+00,0.022095,0.563810,1.386286,1.386286,0,0
nominal,mismatch,281,20261211,typ,7.320200e-01,7.343066e-01,1.313201e+00,0.00227914118,7.45882e-06,140,PASS,1.051920e+00,1.043031e+00,1.060578e+00,0.182857,0.663714,1.007429,1.007429,0,0
nominal,mismatch,282,20261212,typ,7.263642e-01,7.284838e-01,1.266308e+00,0.00211742667,2.17333e-06,153,PASS,1.051093e+00,1.047059e+00,1.052277e+00,0.104095,0.280095,0.216857,0.280095,1,0
nominal,mismatch,283,20261213,typ,7.276358e-01,7.298572e-01,1.290779e+00,0.00220840471,1.299529e-05,146,PASS,1.050761e+00,1.047716e+00,1.050305e+00,0.072476,0.217524,0.029048,0.217524,1,0
nominal,mismatch,284,20261214,typ,7.484689e-01,7.514986e-01,1.519119e+00,0.00302215725,7.54275e-06,100,PASS,1.051860e+00,1.058326e+00,1.036454e+00,0.177143,0.792952,1.290095,1.290095,0,0
nominal,mismatch,285,20261215,typ,7.350079e-01,7.376159e-01,1.396376e+00,0.00259360039,1.439961e-05,121,PASS,1.050055e+00,1.055260e+00,1.036783e+00,0.005238,0.500952,1.258762,1.258762,0,0
nominal,mismatch,286,20261216,typ,7.469147e-01,7.500396e-01,1.541733e+00,0.00311693451,7.96549e-06,97,PASS,1.050757e+00,1.061931e+00,1.027378e+00,0.072095,1.136286,2.154476,2.154476,0,0
nominal,mismatch,287,20261217,typ,7.391852e-01,7.417602e-01,1.381808e+00,0.00252008941,5.491059e-05,123,PASS,1.050171e+00,1.055792e+00,1.035963e+00,0.016286,0.551619,1.336857,1.336857,0,0
nominal,mismatch,288,20261218,typ,7.259669e-01,7.281040e-01,1.271523e+00,0.00213943569,-2.33569e-06,151,PASS,1.049535e+00,1.044148e+00,1.052113e+00,0.044286,0.557333,0.201238,0.557333,0,0
nominal,mismatch,289,20261219,typ,7.240869e-01,7.260426e-01,1.229785e+00,0.0019831298,-2.74298e-05,164,PASS,1.049810e+00,1.031261e+00,1.072360e+00,0.018095,1.784667,2.129524,2.129524,0,0
nominal,mismatch,290,20261220,typ,7.375694e-01,7.403662e-01,1.443708e+00,0.00276917098,2.762902e-05,113,PASS,1.051858e+00,1.061325e+00,1.031818e+00,0.176952,1.078571,1.731619,1.731619,0,0
nominal,mismatch,291,20261221,typ,7.386645e-01,7.412243e-01,1.400432e+00,0.00259516667,-3.536667e-05,120,PASS,1.051012e+00,1.050520e+00,1.046660e+00,0.096381,0.049524,0.318095,0.318095,1,0
nominal,mismatch,292,20261222,typ,7.276009e-01,7.298444e-01,1.295442e+00,0.00222682784,1.667216e-05,145,PASS,1.051429e+00,1.038348e+00,1.066156e+00,0.136095,1.109714,1.538667,1.538667,0,0
nominal,mismatch,293,20261223,typ,7.344890e-01,7.370544e-01,1.376298e+00,0.00251689804,4.850196e-05,125,PASS,1.050342e+00,1.055747e+00,1.036462e+00,0.032571,0.547333,1.289333,1.289333,0,0
nominal,mismatch,294,20261224,typ,7.288365e-01,7.312389e-01,1.337628e+00,0.00238741765,1.498235e-05,135,PASS,1.051875e+00,1.046387e+00,1.055446e+00,0.178571,0.344095,0.518667,0.518667,0,0
nominal,mismatch,295,20261225,typ,7.298310e-01,7.321288e-01,1.308525e+00,0.00226938824,2.841176e-05,141,PASS,1.050640e+00,1.054112e+00,1.039785e+00,0.060952,0.391619,0.972857,0.972857,0,0
nominal,mismatch,296,20261226,typ,7.275598e-01,7.298331e-01,1.297244e+00,0.00223405569,3.924431e-05,144,PASS,1.049951e+00,1.046150e+00,1.052119e+00,0.004667,0.366667,0.201810,0.366667,1,0
nominal,mismatch,297,20261227,typ,7.354312e-01,7.381619e-01,1.431314e+00,0.00272895216,1.74784e-06,115,PASS,1.050353e+00,1.061192e+00,1.027529e+00,0.033619,1.065905,2.140095,2.140095,0,0
nominal,mismatch,298,20261228,typ,7.329164e-01,7.354167e-01,1.360599e+00,0.00246150039,3.879961e-05,129,PASS,1.051289e+00,1.060283e+00,1.031656e+00,0.122762,0.979333,1.747048,1.747048,0,0
nominal,mismatch,299,20261229,typ,7.313970e-01,7.336899e-01,1.311799e+00,0.00227608627,1.681373e-05,140,PASS,1.050823e+00,1.050350e+00,1.046043e+00,0.078381,0.033333,0.376857,0.376857,1,0
negctrl,negctrl,0,20260930,typ,7.336808e-01,7.361376e-01,1.356633e+00,0.0024429498,1.38502e-05,129,PASS,1.049721e+00,1.049072e+00,1.045439e+00,0.026571,0.088381,0.434381,0.434381,1,0
negctrl,negctrl,1,20260931,typ,7.336808e-01,7.361376e-01,1.356633e+00,0.0024429498,1.38502e-05,129,PASS,1.049721e+00,1.049072e+00,1.045439e+00,0.026571,0.088381,0.434381,0.434381,1,0
negctrl,negctrl,2,20260932,typ,7.336808e-01,7.361376e-01,1.356633e+00,0.0024429498,1.38502e-05,129,PASS,1.049721e+00,1.049072e+00,1.045439e+00,0.026571,0.088381,0.434381,0.434381,1,0
negctrl,negctrl,3,20260933,typ,7.336808e-01,7.361376e-01,1.356633e+00,0.0024429498,1.38502e-05,129,PASS,1.049721e+00,1.049072e+00,1.045439e+00,0.026571,0.088381,0.434381,0.434381,1,0
negctrl,negctrl,4,20260934,typ,7.336808e-01,7.361376e-01,1.356633e+00,0.0024429498,1.38502e-05,129,PASS,1.049721e+00,1.049072e+00,1.045439e+00,0.026571,0.088381,0.434381,0.434381,1,0
negctrl,negctrl,5,20260935,typ,7.336808e-01,7.361376e-01,1.356633e+00,0.0024429498,1.38502e-05,129,PASS,1.049721e+00,1.049072e+00,1.045439e+00,0.026571,0.088381,0.434381,0.434381,1,0
negctrl,negctrl,6,20260936,typ,7.336808e-01,7.361376e-01,1.356633e+00,0.0024429498,1.38502e-05,129,PASS,1.049721e+00,1.049072e+00,1.045439e+00,0.026571,0.088381,0.434381,0.434381,1,0
negctrl,negctrl,7,20260937,typ,7.336808e-01,7.361376e-01,1.356633e+00,0.0024429498,1.38502e-05,129,PASS,1.049721e+00,1.049072e+00,1.045439e+00,0.026571,0.088381,0.434381,0.434381,1,0
negctrl,negctrl,8,20260938,typ,7.336808e-01,7.361376e-01,1.356633e+00,0.0024429498,1.38502e-05,129,PASS,1.049721e+00,1.049072e+00,1.045439e+00,0.026571,0.088381,0.434381,0.434381,1,0
negctrl,negctrl,9,20260939,typ,7.336808e-01,7.361376e-01,1.356633e+00,0.0024429498,1.38502e-05,129,PASS,1.049721e+00,1.049072e+00,1.045439e+00,0.026571,0.088381,0.434381,0.434381,1,0
negctrl,negctrl,10,20260940,typ,7.336808e-01,7.361376e-01,1.356633e+00,0.0024429498,1.38502e-05,129,PASS,1.049721e+00,1.049072e+00,1.045439e+00,0.026571,0.088381,0.434381,0.434381,1,0
negctrl,negctrl,11,20260941,typ,7.336808e-01,7.361376e-01,1.356633e+00,0.0024429498,1.38502e-05,129,PASS,1.049721e+00,1.049072e+00,1.045439e+00,0.026571,0.088381,0.434381,0.434381,1,0
negctrl,negctrl,12,20260942,typ,7.336808e-01,7.361376e-01,1.356633e+00,0.0024429498,1.38502e-05,129,PASS,1.049721e+00,1.049072e+00,1.045439e+00,0.026571,0.088381,0.434381,0.434381,1,0
negctrl,negctrl,13,20260943,typ,7.336808e-01,7.361376e-01,1.356633e+00,0.0024429498,1.38502e-05,129,PASS,1.049721e+00,1.049072e+00,1.045439e+00,0.026571,0.088381,0.434381,0.434381,1,0
negctrl,negctrl,14,20260944,typ,7.336808e-01,7.361376e-01,1.356633e+00,0.0024429498,1.38502e-05,129,PASS,1.049721e+00,1.049072e+00,1.045439e+00,0.026571,0.088381,0.434381,0.434381,1,0
negctrl,negctrl,15,20260945,typ,7.336808e-01,7.361376e-01,1.356633e+00,0.0024429498,1.38502e-05,129,PASS,1.049721e+00,1.049072e+00,1.045439e+00,0.026571,0.088381,0.434381,0.434381,1,0
negctrl,negctrl,16,20260946,typ,7.336808e-01,7.361376e-01,1.356633e+00,0.0024429498,1.38502e-05,129,PASS,1.049721e+00,1.049072e+00,1.045439e+00,0.026571,0.088381,0.434381,0.434381,1,0
negctrl,negctrl,17,20260947,typ,7.336808e-01,7.361376e-01,1.356633e+00,0.0024429498,1.38502e-05,129,PASS,1.049721e+00,1.049072e+00,1.045439e+00,0.026571,0.088381,0.434381,0.434381,1,0
negctrl,negctrl,18,20260948,typ,7.336808e-01,7.361376e-01,1.356633e+00,0.0024429498,1.38502e-05,129,PASS,1.049721e+00,1.049072e+00,1.045439e+00,0.026571,0.088381,0.434381,0.434381,1,0
negctrl,negctrl,19,20260949,typ,7.336808e-01,7.361376e-01,1.356633e+00,0.0024429498,1.38502e-05,129,PASS,1.049721e+00,1.049072e+00,1.045439e+00,0.026571,0.088381,0.434381,0.434381,1,0
negctrl,negctrl,20,20260950,typ,7.336808e-01,7.361376e-01,1.356633e+00,0.0024429498,1.38502e-05,129,PASS,1.049721e+00,1.049072e+00,1.045439e+00,0.026571,0.088381,0.434381,0.434381,1,0
negctrl,negctrl,21,20260951,typ,7.336808e-01,7.361376e-01,1.356633e+00,0.0024429498,1.38502e-05,129,PASS,1.049721e+00,1.049072e+00,1.045439e+00,0.026571,0.088381,0.434381,0.434381,1,0
negctrl,negctrl,22,20260952,typ,7.336808e-01,7.361376e-01,1.356633e+00,0.0024429498,1.38502e-05,129,PASS,1.049721e+00,1.049072e+00,1.045439e+00,0.026571,0.088381,0.434381,0.434381,1,0
negctrl,negctrl,23,20260953,typ,7.336808e-01,7.361376e-01,1.356633e+00,0.0024429498,1.38502e-05,129,PASS,1.049721e+00,1.049072e+00,1.045439e+00,0.026571,0.088381,0.434381,0.434381,1,0
negctrl,negctrl,24,20260954,typ,7.336808e-01,7.361376e-01,1.356633e+00,0.0024429498,1.38502e-05,129,PASS,1.049721e+00,1.049072e+00,1.045439e+00,0.026571,0.088381,0.434381,0.434381,1,0
negctrl,negctrl,25,20260955,typ,7.336808e-01,7.361376e-01,1.356633e+00,0.0024429498,1.38502e-05,129,PASS,1.049721e+00,1.049072e+00,1.045439e+00,0.026571,0.088381,0.434381,0.434381,1,0
negctrl,negctrl,26,20260956,typ,7.336808e-01,7.361376e-01,1.356633e+00,0.0024429498,1.38502e-05,129,PASS,1.049721e+00,1.049072e+00,1.045439e+00,0.026571,0.088381,0.434381,0.434381,1,0
negctrl,negctrl,27,20260957,typ,7.336808e-01,7.361376e-01,1.356633e+00,0.0024429498,1.38502e-05,129,PASS,1.049721e+00,1.049072e+00,1.045439e+00,0.026571,0.088381,0.434381,0.434381,1,0
negctrl,negctrl,28,20260958,typ,7.336808e-01,7.361376e-01,1.356633e+00,0.0024429498,1.38502e-05,129,PASS,1.049721e+00,1.049072e+00,1.045439e+00,0.026571,0.088381,0.434381,0.434381,1,0
negctrl,negctrl,29,20260959,typ,7.336808e-01,7.361376e-01,1.356633e+00,0.0024429498,1.38502e-05,129,PASS,1.049721e+00,1.049072e+00,1.045439e+00,0.026571,0.088381,0.434381,0.434381,1,0
negctrl,negctrl,30,20260960,typ,7.336808e-01,7.361376e-01,1.356633e+00,0.0024429498,1.38502e-05,129,PASS,1.049721e+00,1.049072e+00,1.045439e+00,0.026571,0.088381,0.434381,0.434381,1,0
negctrl,negctrl,31,20260961,typ,7.336808e-01,7.361376e-01,1.356633e+00,0.0024429498,1.38502e-05,129,PASS,1.049721e+00,1.049072e+00,1.045439e+00,0.026571,0.088381,0.434381,0.434381,1,0
negctrl,negctrl,32,20260962,typ,7.336808e-01,7.361376e-01,1.356633e+00,0.0024429498,1.38502e-05,129,PASS,1.049721e+00,1.049072e+00,1.045439e+00,0.026571,0.088381,0.434381,0.434381,1,0
negctrl,negctrl,33,20260963,typ,7.336808e-01,7.361376e-01,1.356633e+00,0.0024429498,1.38502e-05,129,PASS,1.049721e+00,1.049072e+00,1.045439e+00,0.026571,0.088381,0.434381,0.434381,1,0
negctrl,negctrl,34,20260964,typ,7.336808e-01,7.361376e-01,1.356633e+00,0.0024429498,1.38502e-05,129,PASS,1.049721e+00,1.049072e+00,1.045439e+00,0.026571,0.088381,0.434381,0.434381,1,0
negctrl,negctrl,35,20260965,typ,7.336808e-01,7.361376e-01,1.356633e+00,0.0024429498,1.38502e-05,129,PASS,1.049721e+00,1.049072e+00,1.045439e+00,0.026571,0.088381,0.434381,0.434381,1,0
negctrl,negctrl,36,20260966,typ,7.336808e-01,7.361376e-01,1.356633e+00,0.0024429498,1.38502e-05,129,PASS,1.049721e+00,1.049072e+00,1.045439e+00,0.026571,0.088381,0.434381,0.434381,1,0
negctrl,negctrl,37,20260967,typ,7.336808e-01,7.361376e-01,1.356633e+00,0.0024429498,1.38502e-05,129,PASS,1.049721e+00,1.049072e+00,1.045439e+00,0.026571,0.088381,0.434381,0.434381,1,0
negctrl,negctrl,38,20260968,typ,7.336808e-01,7.361376e-01,1.356633e+00,0.0024429498,1.38502e-05,129,PASS,1.049721e+00,1.049072e+00,1.045439e+00,0.026571,0.088381,0.434381,0.434381,1,0
negctrl,negctrl,39,20260969,typ,7.336808e-01,7.361376e-01,1.356633e+00,0.0024429498,1.38502e-05,129,PASS,1.049721e+00,1.049072e+00,1.045439e+00,0.026571,0.088381,0.434381,0.434381,1,0
negctrl,negctrl,40,20260970,typ,7.336808e-01,7.361376e-01,1.356633e+00,0.0024429498,1.38502e-05,129,PASS,1.049721e+00,1.049072e+00,1.045439e+00,0.026571,0.088381,0.434381,0.434381,1,0
negctrl,negctrl,41,20260971,typ,7.336808e-01,7.361376e-01,1.356633e+00,0.0024429498,1.38502e-05,129,PASS,1.049721e+00,1.049072e+00,1.045439e+00,0.026571,0.088381,0.434381,0.434381,1,0
negctrl,negctrl,42,20260972,typ,7.336808e-01,7.361376e-01,1.356633e+00,0.0024429498,1.38502e-05,129,PASS,1.049721e+00,1.049072e+00,1.045439e+00,0.026571,0.088381,0.434381,0.434381,1,0
negctrl,negctrl,43,20260973,typ,7.336808e-01,7.361376e-01,1.356633e+00,0.0024429498,1.38502e-05,129,PASS,1.049721e+00,1.049072e+00,1.045439e+00,0.026571,0.088381,0.434381,0.434381,1,0
negctrl,negctrl,44,20260974,typ,7.336808e-01,7.361376e-01,1.356633e+00,0.0024429498,1.38502e-05,129,PASS,1.049721e+00,1.049072e+00,1.045439e+00,0.026571,0.088381,0.434381,0.434381,1,0
negctrl,negctrl,45,20260975,typ,7.336808e-01,7.361376e-01,1.356633e+00,0.0024429498,1.38502e-05,129,PASS,1.049721e+00,1.049072e+00,1.045439e+00,0.026571,0.088381,0.434381,0.434381,1,0
negctrl,negctrl,46,20260976,typ,7.336808e-01,7.361376e-01,1.356633e+00,0.0024429498,1.38502e-05,129,PASS,1.049721e+00,1.049072e+00,1.045439e+00,0.026571,0.088381,0.434381,0.434381,1,0
negctrl,negctrl,47,20260977,typ,7.336808e-01,7.361376e-01,1.356633e+00,0.0024429498,1.38502e-05,129,PASS,1.049721e+00,1.049072e+00,1.045439e+00,0.026571,0.088381,0.434381,0.434381,1,0
negctrl,negctrl,48,20260978,typ,7.336808e-01,7.361376e-01,1.356633e+00,0.0024429498,1.38502e-05,129,PASS,1.049721e+00,1.049072e+00,1.045439e+00,0.026571,0.088381,0.434381,0.434381,1,0
negctrl,negctrl,49,20260979,typ,7.336808e-01,7.361376e-01,1.356633e+00,0.0024429498,1.38502e-05,129,PASS,1.049721e+00,1.049072e+00,1.045439e+00,0.026571,0.088381,0.434381,0.434381,1,0
negctrl,negctrl,50,20260980,typ,7.336808e-01,7.361376e-01,1.356633e+00,0.0024429498,1.38502e-05,129,PASS,1.049721e+00,1.049072e+00,1.045439e+00,0.026571,0.088381,0.434381,0.434381,1,0
negctrl,negctrl,51,20260981,typ,7.336808e-01,7.361376e-01,1.356633e+00,0.0024429498,1.38502e-05,129,PASS,1.049721e+00,1.049072e+00,1.045439e+00,0.026571,0.088381,0.434381,0.434381,1,0
negctrl,negctrl,52,20260982,typ,7.336808e-01,7.361376e-01,1.356633e+00,0.0024429498,1.38502e-05,129,PASS,1.049721e+00,1.049072e+00,1.045439e+00,0.026571,0.088381,0.434381,0.434381,1,0
negctrl,negctrl,53,20260983,typ,7.336808e-01,7.361376e-01,1.356633e+00,0.0024429498,1.38502e-05,129,PASS,1.049721e+00,1.049072e+00,1.045439e+00,0.026571,0.088381,0.434381,0.434381,1,0
negctrl,negctrl,54,20260984,typ,7.336808e-01,7.361376e-01,1.356633e+00,0.0024429498,1.38502e-05,129,PASS,1.049721e+00,1.049072e+00,1.045439e+00,0.026571,0.088381,0.434381,0.434381,1,0
negctrl,negctrl,55,20260985,typ,7.336808e-01,7.361376e-01,1.356633e+00,0.0024429498,1.38502e-05,129,PASS,1.049721e+00,1.049072e+00,1.045439e+00,0.026571,0.088381,0.434381,0.434381,1,0
negctrl,negctrl,56,20260986,typ,7.336808e-01,7.361376e-01,1.356633e+00,0.0024429498,1.38502e-05,129,PASS,1.049721e+00,1.049072e+00,1.045439e+00,0.026571,0.088381,0.434381,0.434381,1,0
negctrl,negctrl,57,20260987,typ,7.336808e-01,7.361376e-01,1.356633e+00,0.0024429498,1.38502e-05,129,PASS,1.049721e+00,1.049072e+00,1.045439e+00,0.026571,0.088381,0.434381,0.434381,1,0
negctrl,negctrl,58,20260988,typ,7.336808e-01,7.361376e-01,1.356633e+00,0.0024429498,1.38502e-05,129,PASS,1.049721e+00,1.049072e+00,1.045439e+00,0.026571,0.088381,0.434381,0.434381,1,0
negctrl,negctrl,59,20260989,typ,7.336808e-01,7.361376e-01,1.356633e+00,0.0024429498,1.38502e-05,129,PASS,1.049721e+00,1.049072e+00,1.045439e+00,0.026571,0.088381,0.434381,0.434381,1,0
negctrl,negctrl,60,20260990,typ,7.336808e-01,7.361376e-01,1.356633e+00,0.0024429498,1.38502e-05,129,PASS,1.049721e+00,1.049072e+00,1.045439e+00,0.026571,0.088381,0.434381,0.434381,1,0
negctrl,negctrl,61,20260991,typ,7.336808e-01,7.361376e-01,1.356633e+00,0.0024429498,1.38502e-05,129,PASS,1.049721e+00,1.049072e+00,1.045439e+00,0.026571,0.088381,0.434381,0.434381,1,0
negctrl,negctrl,62,20260992,typ,7.336808e-01,7.361376e-01,1.356633e+00,0.0024429498,1.38502e-05,129,PASS,1.049721e+00,1.049072e+00,1.045439e+00,0.026571,0.088381,0.434381,0.434381,1,0
negctrl,negctrl,63,20260993,typ,7.336808e-01,7.361376e-01,1.356633e+00,0.0024429498,1.38502e-05,129,PASS,1.049721e+00,1.049072e+00,1.045439e+00,0.026571,0.088381,0.434381,0.434381,1,0
negctrl,negctrl,64,20260994,typ,7.336808e-01,7.361376e-01,1.356633e+00,0.0024429498,1.38502e-05,129,PASS,1.049721e+00,1.049072e+00,1.045439e+00,0.026571,0.088381,0.434381,0.434381,1,0
negctrl,negctrl,65,20260995,typ,7.336808e-01,7.361376e-01,1.356633e+00,0.0024429498,1.38502e-05,129,PASS,1.049721e+00,1.049072e+00,1.045439e+00,0.026571,0.088381,0.434381,0.434381,1,0
negctrl,negctrl,66,20260996,typ,7.336808e-01,7.361376e-01,1.356633e+00,0.0024429498,1.38502e-05,129,PASS,1.049721e+00,1.049072e+00,1.045439e+00,0.026571,0.088381,0.434381,0.434381,1,0
negctrl,negctrl,67,20260997,typ,7.336808e-01,7.361376e-01,1.356633e+00,0.0024429498,1.38502e-05,129,PASS,1.049721e+00,1.049072e+00,1.045439e+00,0.026571,0.088381,0.434381,0.434381,1,0
negctrl,negctrl,68,20260998,typ,7.336808e-01,7.361376e-01,1.356633e+00,0.0024429498,1.38502e-05,129,PASS,1.049721e+00,1.049072e+00,1.045439e+00,0.026571,0.088381,0.434381,0.434381,1,0
negctrl,negctrl,69,20260999,typ,7.336808e-01,7.361376e-01,1.356633e+00,0.0024429498,1.38502e-05,129,PASS,1.049721e+00,1.049072e+00,1.045439e+00,0.026571,0.088381,0.434381,0.434381,1,0
negctrl,negctrl,70,20261000,typ,7.336808e-01,7.361376e-01,1.356633e+00,0.0024429498,1.38502e-05,129,PASS,1.049721e+00,1.049072e+00,1.045439e+00,0.026571,0.088381,0.434381,0.434381,1,0
negctrl,negctrl,71,20261001,typ,7.336808e-01,7.361376e-01,1.356633e+00,0.0024429498,1.38502e-05,129,PASS,1.049721e+00,1.049072e+00,1.045439e+00,0.026571,0.088381,0.434381,0.434381,1,0
negctrl,negctrl,72,20261002,typ,7.336808e-01,7.361376e-01,1.356633e+00,0.0024429498,1.38502e-05,129,PASS,1.049721e+00,1.049072e+00,1.045439e+00,0.026571,0.088381,0.434381,0.434381,1,0
negctrl,negctrl,73,20261003,typ,7.336808e-01,7.361376e-01,1.356633e+00,0.0024429498,1.38502e-05,129,PASS,1.049721e+00,1.049072e+00,1.045439e+00,0.026571,0.088381,0.434381,0.434381,1,0
negctrl,negctrl,74,20261004,typ,7.336808e-01,7.361376e-01,1.356633e+00,0.0024429498,1.38502e-05,129,PASS,1.049721e+00,1.049072e+00,1.045439e+00,0.026571,0.088381,0.434381,0.434381,1,0
negctrl,negctrl,75,20261005,typ,7.336808e-01,7.361376e-01,1.356633e+00,0.0024429498,1.38502e-05,129,PASS,1.049721e+00,1.049072e+00,1.045439e+00,0.026571,0.088381,0.434381,0.434381,1,0
negctrl,negctrl,76,20261006,typ,7.336808e-01,7.361376e-01,1.356633e+00,0.0024429498,1.38502e-05,129,PASS,1.049721e+00,1.049072e+00,1.045439e+00,0.026571,0.088381,0.434381,0.434381,1,0
negctrl,negctrl,77,20261007,typ,7.336808e-01,7.361376e-01,1.356633e+00,0.0024429498,1.38502e-05,129,PASS,1.049721e+00,1.049072e+00,1.045439e+00,0.026571,0.088381,0.434381,0.434381,1,0
negctrl,negctrl,78,20261008,typ,7.336808e-01,7.361376e-01,1.356633e+00,0.0024429498,1.38502e-05,129,PASS,1.049721e+00,1.049072e+00,1.045439e+00,0.026571,0.088381,0.434381,0.434381,1,0
negctrl,negctrl,79,20261009,typ,7.336808e-01,7.361376e-01,1.356633e+00,0.0024429498,1.38502e-05,129,PASS,1.049721e+00,1.049072e+00,1.045439e+00,0.026571,0.088381,0.434381,0.434381,1,0
negctrl,negctrl,80,20261010,typ,7.336808e-01,7.361376e-01,1.356633e+00,0.0024429498,1.38502e-05,129,PASS,1.049721e+00,1.049072e+00,1.045439e+00,0.026571,0.088381,0.434381,0.434381,1,0
negctrl,negctrl,81,20261011,typ,7.336808e-01,7.361376e-01,1.356633e+00,0.0024429498,1.38502e-05,129,PASS,1.049721e+00,1.049072e+00,1.045439e+00,0.026571,0.088381,0.434381,0.434381,1,0
negctrl,negctrl,82,20261012,typ,7.336808e-01,7.361376e-01,1.356633e+00,0.0024429498,1.38502e-05,129,PASS,1.049721e+00,1.049072e+00,1.045439e+00,0.026571,0.088381,0.434381,0.434381,1,0
negctrl,negctrl,83,20261013,typ,7.336808e-01,7.361376e-01,1.356633e+00,0.0024429498,1.38502e-05,129,PASS,1.049721e+00,1.049072e+00,1.045439e+00,0.026571,0.088381,0.434381,0.434381,1,0
negctrl,negctrl,84,20261014,typ,7.336808e-01,7.361376e-01,1.356633e+00,0.0024429498,1.38502e-05,129,PASS,1.049721e+00,1.049072e+00,1.045439e+00,0.026571,0.088381,0.434381,0.434381,1,0
negctrl,negctrl,85,20261015,typ,7.336808e-01,7.361376e-01,1.356633e+00,0.0024429498,1.38502e-05,129,PASS,1.049721e+00,1.049072e+00,1.045439e+00,0.026571,0.088381,0.434381,0.434381,1,0
negctrl,negctrl,86,20261016,typ,7.336808e-01,7.361376e-01,1.356633e+00,0.0024429498,1.38502e-05,129,PASS,1.049721e+00,1.049072e+00,1.045439e+00,0.026571,0.088381,0.434381,0.434381,1,0
negctrl,negctrl,87,20261017,typ,7.336808e-01,7.361376e-01,1.356633e+00,0.0024429498,1.38502e-05,129,PASS,1.049721e+00,1.049072e+00,1.045439e+00,0.026571,0.088381,0.434381,0.434381,1,0
negctrl,negctrl,88,20261018,typ,7.336808e-01,7.361376e-01,1.356633e+00,0.0024429498,1.38502e-05,129,PASS,1.049721e+00,1.049072e+00,1.045439e+00,0.026571,0.088381,0.434381,0.434381,1,0
negctrl,negctrl,89,20261019,typ,7.336808e-01,7.361376e-01,1.356633e+00,0.0024429498,1.38502e-05,129,PASS,1.049721e+00,1.049072e+00,1.045439e+00,0.026571,0.088381,0.434381,0.434381,1,0
negctrl,negctrl,90,20261020,typ,7.336808e-01,7.361376e-01,1.356633e+00,0.0024429498,1.38502e-05,129,PASS,1.049721e+00,1.049072e+00,1.045439e+00,0.026571,0.088381,0.434381,0.434381,1,0
negctrl,negctrl,91,20261021,typ,7.336808e-01,7.361376e-01,1.356633e+00,0.0024429498,1.38502e-05,129,PASS,1.049721e+00,1.049072e+00,1.045439e+00,0.026571,0.088381,0.434381,0.434381,1,0
negctrl,negctrl,92,20261022,typ,7.336808e-01,7.361376e-01,1.356633e+00,0.0024429498,1.38502e-05,129,PASS,1.049721e+00,1.049072e+00,1.045439e+00,0.026571,0.088381,0.434381,0.434381,1,0
negctrl,negctrl,93,20261023,typ,7.336808e-01,7.361376e-01,1.356633e+00,0.0024429498,1.38502e-05,129,PASS,1.049721e+00,1.049072e+00,1.045439e+00,0.026571,0.088381,0.434381,0.434381,1,0
negctrl,negctrl,94,20261024,typ,7.336808e-01,7.361376e-01,1.356633e+00,0.0024429498,1.38502e-05,129,PASS,1.049721e+00,1.049072e+00,1.045439e+00,0.026571,0.088381,0.434381,0.434381,1,0
negctrl,negctrl,95,20261025,typ,7.336808e-01,7.361376e-01,1.356633e+00,0.0024429498,1.38502e-05,129,PASS,1.049721e+00,1.049072e+00,1.045439e+00,0.026571,0.088381,0.434381,0.434381,1,0
negctrl,negctrl,96,20261026,typ,7.336808e-01,7.361376e-01,1.356633e+00,0.0024429498,1.38502e-05,129,PASS,1.049721e+00,1.049072e+00,1.045439e+00,0.026571,0.088381,0.434381,0.434381,1,0
negctrl,negctrl,97,20261027,typ,7.336808e-01,7.361376e-01,1.356633e+00,0.0024429498,1.38502e-05,129,PASS,1.049721e+00,1.049072e+00,1.045439e+00,0.026571,0.088381,0.434381,0.434381,1,0
negctrl,negctrl,98,20261028,typ,7.336808e-01,7.361376e-01,1.356633e+00,0.0024429498,1.38502e-05,129,PASS,1.049721e+00,1.049072e+00,1.045439e+00,0.026571,0.088381,0.434381,0.434381,1,0
negctrl,negctrl,99,20261029,typ,7.336808e-01,7.361376e-01,1.356633e+00,0.0024429498,1.38502e-05,129,PASS,1.049721e+00,1.049072e+00,1.045439e+00,0.026571,0.088381,0.434381,0.434381,1,0
negctrl,negctrl,100,20261030,typ,7.336808e-01,7.361376e-01,1.356633e+00,0.0024429498,1.38502e-05,129,PASS,1.049721e+00,1.049072e+00,1.045439e+00,0.026571,0.088381,0.434381,0.434381,1,0
negctrl,negctrl,101,20261031,typ,7.336808e-01,7.361376e-01,1.356633e+00,0.0024429498,1.38502e-05,129,PASS,1.049721e+00,1.049072e+00,1.045439e+00,0.026571,0.088381,0.434381,0.434381,1,0
negctrl,negctrl,102,20261032,typ,7.336808e-01,7.361376e-01,1.356633e+00,0.0024429498,1.38502e-05,129,PASS,1.049721e+00,1.049072e+00,1.045439e+00,0.026571,0.088381,0.434381,0.434381,1,0
negctrl,negctrl,103,20261033,typ,7.336808e-01,7.361376e-01,1.356633e+00,0.0024429498,1.38502e-05,129,PASS,1.049721e+00,1.049072e+00,1.045439e+00,0.026571,0.088381,0.434381,0.434381,1,0
negctrl,negctrl,104,20261034,typ,7.336808e-01,7.361376e-01,1.356633e+00,0.0024429498,1.38502e-05,129,PASS,1.049721e+00,1.049072e+00,1.045439e+00,0.026571,0.088381,0.434381,0.434381,1,0
negctrl,negctrl,105,20261035,typ,7.336808e-01,7.361376e-01,1.356633e+00,0.0024429498,1.38502e-05,129,PASS,1.049721e+00,1.049072e+00,1.045439e+00,0.026571,0.088381,0.434381,0.434381,1,0
negctrl,negctrl,106,20261036,typ,7.336808e-01,7.361376e-01,1.356633e+00,0.0024429498,1.38502e-05,129,PASS,1.049721e+00,1.049072e+00,1.045439e+00,0.026571,0.088381,0.434381,0.434381,1,0
negctrl,negctrl,107,20261037,typ,7.336808e-01,7.361376e-01,1.356633e+00,0.0024429498,1.38502e-05,129,PASS,1.049721e+00,1.049072e+00,1.045439e+00,0.026571,0.088381,0.434381,0.434381,1,0
negctrl,negctrl,108,20261038,typ,7.336808e-01,7.361376e-01,1.356633e+00,0.0024429498,1.38502e-05,129,PASS,1.049721e+00,1.049072e+00,1.045439e+00,0.026571,0.088381,0.434381,0.434381,1,0
negctrl,negctrl,109,20261039,typ,7.336808e-01,7.361376e-01,1.356633e+00,0.0024429498,1.38502e-05,129,PASS,1.049721e+00,1.049072e+00,1.045439e+00,0.026571,0.088381,0.434381,0.434381,1,0
negctrl,negctrl,110,20261040,typ,7.336808e-01,7.361376e-01,1.356633e+00,0.0024429498,1.38502e-05,129,PASS,1.049721e+00,1.049072e+00,1.045439e+00,0.026571,0.088381,0.434381,0.434381,1,0
negctrl,negctrl,111,20261041,typ,7.336808e-01,7.361376e-01,1.356633e+00,0.0024429498,1.38502e-05,129,PASS,1.049721e+00,1.049072e+00,1.045439e+00,0.026571,0.088381,0.434381,0.434381,1,0
negctrl,negctrl,112,20261042,typ,7.336808e-01,7.361376e-01,1.356633e+00,0.0024429498,1.38502e-05,129,PASS,1.049721e+00,1.049072e+00,1.045439e+00,0.026571,0.088381,0.434381,0.434381,1,0
negctrl,negctrl,113,20261043,typ,7.336808e-01,7.361376e-01,1.356633e+00,0.0024429498,1.38502e-05,129,PASS,1.049721e+00,1.049072e+00,1.045439e+00,0.026571,0.088381,0.434381,0.434381,1,0
negctrl,negctrl,114,20261044,typ,7.336808e-01,7.361376e-01,1.356633e+00,0.0024429498,1.38502e-05,129,PASS,1.049721e+00,1.049072e+00,1.045439e+00,0.026571,0.088381,0.434381,0.434381,1,0
negctrl,negctrl,115,20261045,typ,7.336808e-01,7.361376e-01,1.356633e+00,0.0024429498,1.38502e-05,129,PASS,1.049721e+00,1.049072e+00,1.045439e+00,0.026571,0.088381,0.434381,0.434381,1,0
negctrl,negctrl,116,20261046,typ,7.336808e-01,7.361376e-01,1.356633e+00,0.0024429498,1.38502e-05,129,PASS,1.049721e+00,1.049072e+00,1.045439e+00,0.026571,0.088381,0.434381,0.434381,1,0
negctrl,negctrl,117,20261047,typ,7.336808e-01,7.361376e-01,1.356633e+00,0.0024429498,1.38502e-05,129,PASS,1.049721e+00,1.049072e+00,1.045439e+00,0.026571,0.088381,0.434381,0.434381,1,0
negctrl,negctrl,118,20261048,typ,7.336808e-01,7.361376e-01,1.356633e+00,0.0024429498,1.38502e-05,129,PASS,1.049721e+00,1.049072e+00,1.045439e+00,0.026571,0.088381,0.434381,0.434381,1,0
negctrl,negctrl,119,20261049,typ,7.336808e-01,7.361376e-01,1.356633e+00,0.0024429498,1.38502e-05,129,PASS,1.049721e+00,1.049072e+00,1.045439e+00,0.026571,0.088381,0.434381,0.434381,1,0
negctrl,negctrl,120,20261050,typ,7.336808e-01,7.361376e-01,1.356633e+00,0.0024429498,1.38502e-05,129,PASS,1.049721e+00,1.049072e+00,1.045439e+00,0.026571,0.088381,0.434381,0.434381,1,0
negctrl,negctrl,121,20261051,typ,7.336808e-01,7.361376e-01,1.356633e+00,0.0024429498,1.38502e-05,129,PASS,1.049721e+00,1.049072e+00,1.045439e+00,0.026571,0.088381,0.434381,0.434381,1,0
negctrl,negctrl,122,20261052,typ,7.336808e-01,7.361376e-01,1.356633e+00,0.0024429498,1.38502e-05,129,PASS,1.049721e+00,1.049072e+00,1.045439e+00,0.026571,0.088381,0.434381,0.434381,1,0
negctrl,negctrl,123,20261053,typ,7.336808e-01,7.361376e-01,1.356633e+00,0.0024429498,1.38502e-05,129,PASS,1.049721e+00,1.049072e+00,1.045439e+00,0.026571,0.088381,0.434381,0.434381,1,0
negctrl,negctrl,124,20261054,typ,7.336808e-01,7.361376e-01,1.356633e+00,0.0024429498,1.38502e-05,129,PASS,1.049721e+00,1.049072e+00,1.045439e+00,0.026571,0.088381,0.434381,0.434381,1,0
negctrl,negctrl,125,20261055,typ,7.336808e-01,7.361376e-01,1.356633e+00,0.0024429498,1.38502e-05,129,PASS,1.049721e+00,1.049072e+00,1.045439e+00,0.026571,0.088381,0.434381,0.434381,1,0
negctrl,negctrl,126,20261056,typ,7.336808e-01,7.361376e-01,1.356633e+00,0.0024429498,1.38502e-05,129,PASS,1.049721e+00,1.049072e+00,1.045439e+00,0.026571,0.088381,0.434381,0.434381,1,0
negctrl,negctrl,127,20261057,typ,7.336808e-01,7.361376e-01,1.356633e+00,0.0024429498,1.38502e-05,129,PASS,1.049721e+00,1.049072e+00,1.045439e+00,0.026571,0.088381,0.434381,0.434381,1,0
negctrl,negctrl,128,20261058,typ,7.336808e-01,7.361376e-01,1.356633e+00,0.0024429498,1.38502e-05,129,PASS,1.049721e+00,1.049072e+00,1.045439e+00,0.026571,0.088381,0.434381,0.434381,1,0
negctrl,negctrl,129,20261059,typ,7.336808e-01,7.361376e-01,1.356633e+00,0.0024429498,1.38502e-05,129,PASS,1.049721e+00,1.049072e+00,1.045439e+00,0.026571,0.088381,0.434381,0.434381,1,0
negctrl,negctrl,130,20261060,typ,7.336808e-01,7.361376e-01,1.356633e+00,0.0024429498,1.38502e-05,129,PASS,1.049721e+00,1.049072e+00,1.045439e+00,0.026571,0.088381,0.434381,0.434381,1,0
negctrl,negctrl,131,20261061,typ,7.336808e-01,7.361376e-01,1.356633e+00,0.0024429498,1.38502e-05,129,PASS,1.049721e+00,1.049072e+00,1.045439e+00,0.026571,0.088381,0.434381,0.434381,1,0
negctrl,negctrl,132,20261062,typ,7.336808e-01,7.361376e-01,1.356633e+00,0.0024429498,1.38502e-05,129,PASS,1.049721e+00,1.049072e+00,1.045439e+00,0.026571,0.088381,0.434381,0.434381,1,0
negctrl,negctrl,133,20261063,typ,7.336808e-01,7.361376e-01,1.356633e+00,0.0024429498,1.38502e-05,129,PASS,1.049721e+00,1.049072e+00,1.045439e+00,0.026571,0.088381,0.434381,0.434381,1,0
negctrl,negctrl,134,20261064,typ,7.336808e-01,7.361376e-01,1.356633e+00,0.0024429498,1.38502e-05,129,PASS,1.049721e+00,1.049072e+00,1.045439e+00,0.026571,0.088381,0.434381,0.434381,1,0
negctrl,negctrl,135,20261065,typ,7.336808e-01,7.361376e-01,1.356633e+00,0.0024429498,1.38502e-05,129,PASS,1.049721e+00,1.049072e+00,1.045439e+00,0.026571,0.088381,0.434381,0.434381,1,0
negctrl,negctrl,136,20261066,typ,7.336808e-01,7.361376e-01,1.356633e+00,0.0024429498,1.38502e-05,129,PASS,1.049721e+00,1.049072e+00,1.045439e+00,0.026571,0.088381,0.434381,0.434381,1,0
negctrl,negctrl,137,20261067,typ,7.336808e-01,7.361376e-01,1.356633e+00,0.0024429498,1.38502e-05,129,PASS,1.049721e+00,1.049072e+00,1.045439e+00,0.026571,0.088381,0.434381,0.434381,1,0
negctrl,negctrl,138,20261068,typ,7.336808e-01,7.361376e-01,1.356633e+00,0.0024429498,1.38502e-05,129,PASS,1.049721e+00,1.049072e+00,1.045439e+00,0.026571,0.088381,0.434381,0.434381,1,0
negctrl,negctrl,139,20261069,typ,7.336808e-01,7.361376e-01,1.356633e+00,0.0024429498,1.38502e-05,129,PASS,1.049721e+00,1.049072e+00,1.045439e+00,0.026571,0.088381,0.434381,0.434381,1,0
negctrl,negctrl,140,20261070,typ,7.336808e-01,7.361376e-01,1.356633e+00,0.0024429498,1.38502e-05,129,PASS,1.049721e+00,1.049072e+00,1.045439e+00,0.026571,0.088381,0.434381,0.434381,1,0
negctrl,negctrl,141,20261071,typ,7.336808e-01,7.361376e-01,1.356633e+00,0.0024429498,1.38502e-05,129,PASS,1.049721e+00,1.049072e+00,1.045439e+00,0.026571,0.088381,0.434381,0.434381,1,0
negctrl,negctrl,142,20261072,typ,7.336808e-01,7.361376e-01,1.356633e+00,0.0024429498,1.38502e-05,129,PASS,1.049721e+00,1.049072e+00,1.045439e+00,0.026571,0.088381,0.434381,0.434381,1,0
negctrl,negctrl,143,20261073,typ,7.336808e-01,7.361376e-01,1.356633e+00,0.0024429498,1.38502e-05,129,PASS,1.049721e+00,1.049072e+00,1.045439e+00,0.026571,0.088381,0.434381,0.434381,1,0
negctrl,negctrl,144,20261074,typ,7.336808e-01,7.361376e-01,1.356633e+00,0.0024429498,1.38502e-05,129,PASS,1.049721e+00,1.049072e+00,1.045439e+00,0.026571,0.088381,0.434381,0.434381,1,0
negctrl,negctrl,145,20261075,typ,7.336808e-01,7.361376e-01,1.356633e+00,0.0024429498,1.38502e-05,129,PASS,1.049721e+00,1.049072e+00,1.045439e+00,0.026571,0.088381,0.434381,0.434381,1,0
negctrl,negctrl,146,20261076,typ,7.336808e-01,7.361376e-01,1.356633e+00,0.0024429498,1.38502e-05,129,PASS,1.049721e+00,1.049072e+00,1.045439e+00,0.026571,0.088381,0.434381,0.434381,1,0
negctrl,negctrl,147,20261077,typ,7.336808e-01,7.361376e-01,1.356633e+00,0.0024429498,1.38502e-05,129,PASS,1.049721e+00,1.049072e+00,1.045439e+00,0.026571,0.088381,0.434381,0.434381,1,0
negctrl,negctrl,148,20261078,typ,7.336808e-01,7.361376e-01,1.356633e+00,0.0024429498,1.38502e-05,129,PASS,1.049721e+00,1.049072e+00,1.045439e+00,0.026571,0.088381,0.434381,0.434381,1,0
negctrl,negctrl,149,20261079,typ,7.336808e-01,7.361376e-01,1.356633e+00,0.0024429498,1.38502e-05,129,PASS,1.049721e+00,1.049072e+00,1.045439e+00,0.026571,0.088381,0.434381,0.434381,1,0
negctrl,negctrl,150,20261080,typ,7.336808e-01,7.361376e-01,1.356633e+00,0.0024429498,1.38502e-05,129,PASS,1.049721e+00,1.049072e+00,1.045439e+00,0.026571,0.088381,0.434381,0.434381,1,0
negctrl,negctrl,151,20261081,typ,7.336808e-01,7.361376e-01,1.356633e+00,0.0024429498,1.38502e-05,129,PASS,1.049721e+00,1.049072e+00,1.045439e+00,0.026571,0.088381,0.434381,0.434381,1,0
negctrl,negctrl,152,20261082,typ,7.336808e-01,7.361376e-01,1.356633e+00,0.0024429498,1.38502e-05,129,PASS,1.049721e+00,1.049072e+00,1.045439e+00,0.026571,0.088381,0.434381,0.434381,1,0
negctrl,negctrl,153,20261083,typ,7.336808e-01,7.361376e-01,1.356633e+00,0.0024429498,1.38502e-05,129,PASS,1.049721e+00,1.049072e+00,1.045439e+00,0.026571,0.088381,0.434381,0.434381,1,0
negctrl,negctrl,154,20261084,typ,7.336808e-01,7.361376e-01,1.356633e+00,0.0024429498,1.38502e-05,129,PASS,1.049721e+00,1.049072e+00,1.045439e+00,0.026571,0.088381,0.434381,0.434381,1,0
negctrl,negctrl,155,20261085,typ,7.336808e-01,7.361376e-01,1.356633e+00,0.0024429498,1.38502e-05,129,PASS,1.049721e+00,1.049072e+00,1.045439e+00,0.026571,0.088381,0.434381,0.434381,1,0
negctrl,negctrl,156,20261086,typ,7.336808e-01,7.361376e-01,1.356633e+00,0.0024429498,1.38502e-05,129,PASS,1.049721e+00,1.049072e+00,1.045439e+00,0.026571,0.088381,0.434381,0.434381,1,0
negctrl,negctrl,157,20261087,typ,7.336808e-01,7.361376e-01,1.356633e+00,0.0024429498,1.38502e-05,129,PASS,1.049721e+00,1.049072e+00,1.045439e+00,0.026571,0.088381,0.434381,0.434381,1,0
negctrl,negctrl,158,20261088,typ,7.336808e-01,7.361376e-01,1.356633e+00,0.0024429498,1.38502e-05,129,PASS,1.049721e+00,1.049072e+00,1.045439e+00,0.026571,0.088381,0.434381,0.434381,1,0
negctrl,negctrl,159,20261089,typ,7.336808e-01,7.361376e-01,1.356633e+00,0.0024429498,1.38502e-05,129,PASS,1.049721e+00,1.049072e+00,1.045439e+00,0.026571,0.088381,0.434381,0.434381,1,0
negctrl,negctrl,160,20261090,typ,7.336808e-01,7.361376e-01,1.356633e+00,0.0024429498,1.38502e-05,129,PASS,1.049721e+00,1.049072e+00,1.045439e+00,0.026571,0.088381,0.434381,0.434381,1,0
negctrl,negctrl,161,20261091,typ,7.336808e-01,7.361376e-01,1.356633e+00,0.0024429498,1.38502e-05,129,PASS,1.049721e+00,1.049072e+00,1.045439e+00,0.026571,0.088381,0.434381,0.434381,1,0
negctrl,negctrl,162,20261092,typ,7.336808e-01,7.361376e-01,1.356633e+00,0.0024429498,1.38502e-05,129,PASS,1.049721e+00,1.049072e+00,1.045439e+00,0.026571,0.088381,0.434381,0.434381,1,0
negctrl,negctrl,163,20261093,typ,7.336808e-01,7.361376e-01,1.356633e+00,0.0024429498,1.38502e-05,129,PASS,1.049721e+00,1.049072e+00,1.045439e+00,0.026571,0.088381,0.434381,0.434381,1,0
negctrl,negctrl,164,20261094,typ,7.336808e-01,7.361376e-01,1.356633e+00,0.0024429498,1.38502e-05,129,PASS,1.049721e+00,1.049072e+00,1.045439e+00,0.026571,0.088381,0.434381,0.434381,1,0
negctrl,negctrl,165,20261095,typ,7.336808e-01,7.361376e-01,1.356633e+00,0.0024429498,1.38502e-05,129,PASS,1.049721e+00,1.049072e+00,1.045439e+00,0.026571,0.088381,0.434381,0.434381,1,0
negctrl,negctrl,166,20261096,typ,7.336808e-01,7.361376e-01,1.356633e+00,0.0024429498,1.38502e-05,129,PASS,1.049721e+00,1.049072e+00,1.045439e+00,0.026571,0.088381,0.434381,0.434381,1,0
negctrl,negctrl,167,20261097,typ,7.336808e-01,7.361376e-01,1.356633e+00,0.0024429498,1.38502e-05,129,PASS,1.049721e+00,1.049072e+00,1.045439e+00,0.026571,0.088381,0.434381,0.434381,1,0
negctrl,negctrl,168,20261098,typ,7.336808e-01,7.361376e-01,1.356633e+00,0.0024429498,1.38502e-05,129,PASS,1.049721e+00,1.049072e+00,1.045439e+00,0.026571,0.088381,0.434381,0.434381,1,0
negctrl,negctrl,169,20261099,typ,7.336808e-01,7.361376e-01,1.356633e+00,0.0024429498,1.38502e-05,129,PASS,1.049721e+00,1.049072e+00,1.045439e+00,0.026571,0.088381,0.434381,0.434381,1,0
negctrl,negctrl,170,20261100,typ,7.336808e-01,7.361376e-01,1.356633e+00,0.0024429498,1.38502e-05,129,PASS,1.049721e+00,1.049072e+00,1.045439e+00,0.026571,0.088381,0.434381,0.434381,1,0
negctrl,negctrl,171,20261101,typ,7.336808e-01,7.361376e-01,1.356633e+00,0.0024429498,1.38502e-05,129,PASS,1.049721e+00,1.049072e+00,1.045439e+00,0.026571,0.088381,0.434381,0.434381,1,0
negctrl,negctrl,172,20261102,typ,7.336808e-01,7.361376e-01,1.356633e+00,0.0024429498,1.38502e-05,129,PASS,1.049721e+00,1.049072e+00,1.045439e+00,0.026571,0.088381,0.434381,0.434381,1,0
negctrl,negctrl,173,20261103,typ,7.336808e-01,7.361376e-01,1.356633e+00,0.0024429498,1.38502e-05,129,PASS,1.049721e+00,1.049072e+00,1.045439e+00,0.026571,0.088381,0.434381,0.434381,1,0
negctrl,negctrl,174,20261104,typ,7.336808e-01,7.361376e-01,1.356633e+00,0.0024429498,1.38502e-05,129,PASS,1.049721e+00,1.049072e+00,1.045439e+00,0.026571,0.088381,0.434381,0.434381,1,0
negctrl,negctrl,175,20261105,typ,7.336808e-01,7.361376e-01,1.356633e+00,0.0024429498,1.38502e-05,129,PASS,1.049721e+00,1.049072e+00,1.045439e+00,0.026571,0.088381,0.434381,0.434381,1,0
negctrl,negctrl,176,20261106,typ,7.336808e-01,7.361376e-01,1.356633e+00,0.0024429498,1.38502e-05,129,PASS,1.049721e+00,1.049072e+00,1.045439e+00,0.026571,0.088381,0.434381,0.434381,1,0
negctrl,negctrl,177,20261107,typ,7.336808e-01,7.361376e-01,1.356633e+00,0.0024429498,1.38502e-05,129,PASS,1.049721e+00,1.049072e+00,1.045439e+00,0.026571,0.088381,0.434381,0.434381,1,0
negctrl,negctrl,178,20261108,typ,7.336808e-01,7.361376e-01,1.356633e+00,0.0024429498,1.38502e-05,129,PASS,1.049721e+00,1.049072e+00,1.045439e+00,0.026571,0.088381,0.434381,0.434381,1,0
negctrl,negctrl,179,20261109,typ,7.336808e-01,7.361376e-01,1.356633e+00,0.0024429498,1.38502e-05,129,PASS,1.049721e+00,1.049072e+00,1.045439e+00,0.026571,0.088381,0.434381,0.434381,1,0
negctrl,negctrl,180,20261110,typ,7.336808e-01,7.361376e-01,1.356633e+00,0.0024429498,1.38502e-05,129,PASS,1.049721e+00,1.049072e+00,1.045439e+00,0.026571,0.088381,0.434381,0.434381,1,0
negctrl,negctrl,181,20261111,typ,7.336808e-01,7.361376e-01,1.356633e+00,0.0024429498,1.38502e-05,129,PASS,1.049721e+00,1.049072e+00,1.045439e+00,0.026571,0.088381,0.434381,0.434381,1,0
negctrl,negctrl,182,20261112,typ,7.336808e-01,7.361376e-01,1.356633e+00,0.0024429498,1.38502e-05,129,PASS,1.049721e+00,1.049072e+00,1.045439e+00,0.026571,0.088381,0.434381,0.434381,1,0
negctrl,negctrl,183,20261113,typ,7.336808e-01,7.361376e-01,1.356633e+00,0.0024429498,1.38502e-05,129,PASS,1.049721e+00,1.049072e+00,1.045439e+00,0.026571,0.088381,0.434381,0.434381,1,0
negctrl,negctrl,184,20261114,typ,7.336808e-01,7.361376e-01,1.356633e+00,0.0024429498,1.38502e-05,129,PASS,1.049721e+00,1.049072e+00,1.045439e+00,0.026571,0.088381,0.434381,0.434381,1,0
negctrl,negctrl,185,20261115,typ,7.336808e-01,7.361376e-01,1.356633e+00,0.0024429498,1.38502e-05,129,PASS,1.049721e+00,1.049072e+00,1.045439e+00,0.026571,0.088381,0.434381,0.434381,1,0
negctrl,negctrl,186,20261116,typ,7.336808e-01,7.361376e-01,1.356633e+00,0.0024429498,1.38502e-05,129,PASS,1.049721e+00,1.049072e+00,1.045439e+00,0.026571,0.088381,0.434381,0.434381,1,0
negctrl,negctrl,187,20261117,typ,7.336808e-01,7.361376e-01,1.356633e+00,0.0024429498,1.38502e-05,129,PASS,1.049721e+00,1.049072e+00,1.045439e+00,0.026571,0.088381,0.434381,0.434381,1,0
negctrl,negctrl,188,20261118,typ,7.336808e-01,7.361376e-01,1.356633e+00,0.0024429498,1.38502e-05,129,PASS,1.049721e+00,1.049072e+00,1.045439e+00,0.026571,0.088381,0.434381,0.434381,1,0
negctrl,negctrl,189,20261119,typ,7.336808e-01,7.361376e-01,1.356633e+00,0.0024429498,1.38502e-05,129,PASS,1.049721e+00,1.049072e+00,1.045439e+00,0.026571,0.088381,0.434381,0.434381,1,0
negctrl,negctrl,190,20261120,typ,7.336808e-01,7.361376e-01,1.356633e+00,0.0024429498,1.38502e-05,129,PASS,1.049721e+00,1.049072e+00,1.045439e+00,0.026571,0.088381,0.434381,0.434381,1,0
negctrl,negctrl,191,20261121,typ,7.336808e-01,7.361376e-01,1.356633e+00,0.0024429498,1.38502e-05,129,PASS,1.049721e+00,1.049072e+00,1.045439e+00,0.026571,0.088381,0.434381,0.434381,1,0
negctrl,negctrl,192,20261122,typ,7.336808e-01,7.361376e-01,1.356633e+00,0.0024429498,1.38502e-05,129,PASS,1.049721e+00,1.049072e+00,1.045439e+00,0.026571,0.088381,0.434381,0.434381,1,0
negctrl,negctrl,193,20261123,typ,7.336808e-01,7.361376e-01,1.356633e+00,0.0024429498,1.38502e-05,129,PASS,1.049721e+00,1.049072e+00,1.045439e+00,0.026571,0.088381,0.434381,0.434381,1,0
negctrl,negctrl,194,20261124,typ,7.336808e-01,7.361376e-01,1.356633e+00,0.0024429498,1.38502e-05,129,PASS,1.049721e+00,1.049072e+00,1.045439e+00,0.026571,0.088381,0.434381,0.434381,1,0
negctrl,negctrl,195,20261125,typ,7.336808e-01,7.361376e-01,1.356633e+00,0.0024429498,1.38502e-05,129,PASS,1.049721e+00,1.049072e+00,1.045439e+00,0.026571,0.088381,0.434381,0.434381,1,0
negctrl,negctrl,196,20261126,typ,7.336808e-01,7.361376e-01,1.356633e+00,0.0024429498,1.38502e-05,129,PASS,1.049721e+00,1.049072e+00,1.045439e+00,0.026571,0.088381,0.434381,0.434381,1,0
negctrl,negctrl,197,20261127,typ,7.336808e-01,7.361376e-01,1.356633e+00,0.0024429498,1.38502e-05,129,PASS,1.049721e+00,1.049072e+00,1.045439e+00,0.026571,0.088381,0.434381,0.434381,1,0
negctrl,negctrl,198,20261128,typ,7.336808e-01,7.361376e-01,1.356633e+00,0.0024429498,1.38502e-05,129,PASS,1.049721e+00,1.049072e+00,1.045439e+00,0.026571,0.088381,0.434381,0.434381,1,0
negctrl,negctrl,199,20261129,typ,7.336808e-01,7.361376e-01,1.356633e+00,0.0024429498,1.38502e-05,129,PASS,1.049721e+00,1.049072e+00,1.045439e+00,0.026571,0.088381,0.434381,0.434381,1,0
negctrl,negctrl,200,20261130,typ,7.336808e-01,7.361376e-01,1.356633e+00,0.0024429498,1.38502e-05,129,PASS,1.049721e+00,1.049072e+00,1.045439e+00,0.026571,0.088381,0.434381,0.434381,1,0
negctrl,negctrl,201,20261131,typ,7.336808e-01,7.361376e-01,1.356633e+00,0.0024429498,1.38502e-05,129,PASS,1.049721e+00,1.049072e+00,1.045439e+00,0.026571,0.088381,0.434381,0.434381,1,0
negctrl,negctrl,202,20261132,typ,7.336808e-01,7.361376e-01,1.356633e+00,0.0024429498,1.38502e-05,129,PASS,1.049721e+00,1.049072e+00,1.045439e+00,0.026571,0.088381,0.434381,0.434381,1,0
negctrl,negctrl,203,20261133,typ,7.336808e-01,7.361376e-01,1.356633e+00,0.0024429498,1.38502e-05,129,PASS,1.049721e+00,1.049072e+00,1.045439e+00,0.026571,0.088381,0.434381,0.434381,1,0
negctrl,negctrl,204,20261134,typ,7.336808e-01,7.361376e-01,1.356633e+00,0.0024429498,1.38502e-05,129,PASS,1.049721e+00,1.049072e+00,1.045439e+00,0.026571,0.088381,0.434381,0.434381,1,0
negctrl,negctrl,205,20261135,typ,7.336808e-01,7.361376e-01,1.356633e+00,0.0024429498,1.38502e-05,129,PASS,1.049721e+00,1.049072e+00,1.045439e+00,0.026571,0.088381,0.434381,0.434381,1,0
negctrl,negctrl,206,20261136,typ,7.336808e-01,7.361376e-01,1.356633e+00,0.0024429498,1.38502e-05,129,PASS,1.049721e+00,1.049072e+00,1.045439e+00,0.026571,0.088381,0.434381,0.434381,1,0
negctrl,negctrl,207,20261137,typ,7.336808e-01,7.361376e-01,1.356633e+00,0.0024429498,1.38502e-05,129,PASS,1.049721e+00,1.049072e+00,1.045439e+00,0.026571,0.088381,0.434381,0.434381,1,0
negctrl,negctrl,208,20261138,typ,7.336808e-01,7.361376e-01,1.356633e+00,0.0024429498,1.38502e-05,129,PASS,1.049721e+00,1.049072e+00,1.045439e+00,0.026571,0.088381,0.434381,0.434381,1,0
negctrl,negctrl,209,20261139,typ,7.336808e-01,7.361376e-01,1.356633e+00,0.0024429498,1.38502e-05,129,PASS,1.049721e+00,1.049072e+00,1.045439e+00,0.026571,0.088381,0.434381,0.434381,1,0
negctrl,negctrl,210,20261140,typ,7.336808e-01,7.361376e-01,1.356633e+00,0.0024429498,1.38502e-05,129,PASS,1.049721e+00,1.049072e+00,1.045439e+00,0.026571,0.088381,0.434381,0.434381,1,0
negctrl,negctrl,211,20261141,typ,7.336808e-01,7.361376e-01,1.356633e+00,0.0024429498,1.38502e-05,129,PASS,1.049721e+00,1.049072e+00,1.045439e+00,0.026571,0.088381,0.434381,0.434381,1,0
negctrl,negctrl,212,20261142,typ,7.336808e-01,7.361376e-01,1.356633e+00,0.0024429498,1.38502e-05,129,PASS,1.049721e+00,1.049072e+00,1.045439e+00,0.026571,0.088381,0.434381,0.434381,1,0
negctrl,negctrl,213,20261143,typ,7.336808e-01,7.361376e-01,1.356633e+00,0.0024429498,1.38502e-05,129,PASS,1.049721e+00,1.049072e+00,1.045439e+00,0.026571,0.088381,0.434381,0.434381,1,0
negctrl,negctrl,214,20261144,typ,7.336808e-01,7.361376e-01,1.356633e+00,0.0024429498,1.38502e-05,129,PASS,1.049721e+00,1.049072e+00,1.045439e+00,0.026571,0.088381,0.434381,0.434381,1,0
negctrl,negctrl,215,20261145,typ,7.336808e-01,7.361376e-01,1.356633e+00,0.0024429498,1.38502e-05,129,PASS,1.049721e+00,1.049072e+00,1.045439e+00,0.026571,0.088381,0.434381,0.434381,1,0
negctrl,negctrl,216,20261146,typ,7.336808e-01,7.361376e-01,1.356633e+00,0.0024429498,1.38502e-05,129,PASS,1.049721e+00,1.049072e+00,1.045439e+00,0.026571,0.088381,0.434381,0.434381,1,0
negctrl,negctrl,217,20261147,typ,7.336808e-01,7.361376e-01,1.356633e+00,0.0024429498,1.38502e-05,129,PASS,1.049721e+00,1.049072e+00,1.045439e+00,0.026571,0.088381,0.434381,0.434381,1,0
negctrl,negctrl,218,20261148,typ,7.336808e-01,7.361376e-01,1.356633e+00,0.0024429498,1.38502e-05,129,PASS,1.049721e+00,1.049072e+00,1.045439e+00,0.026571,0.088381,0.434381,0.434381,1,0
negctrl,negctrl,219,20261149,typ,7.336808e-01,7.361376e-01,1.356633e+00,0.0024429498,1.38502e-05,129,PASS,1.049721e+00,1.049072e+00,1.045439e+00,0.026571,0.088381,0.434381,0.434381,1,0
negctrl,negctrl,220,20261150,typ,7.336808e-01,7.361376e-01,1.356633e+00,0.0024429498,1.38502e-05,129,PASS,1.049721e+00,1.049072e+00,1.045439e+00,0.026571,0.088381,0.434381,0.434381,1,0
negctrl,negctrl,221,20261151,typ,7.336808e-01,7.361376e-01,1.356633e+00,0.0024429498,1.38502e-05,129,PASS,1.049721e+00,1.049072e+00,1.045439e+00,0.026571,0.088381,0.434381,0.434381,1,0
negctrl,negctrl,222,20261152,typ,7.336808e-01,7.361376e-01,1.356633e+00,0.0024429498,1.38502e-05,129,PASS,1.049721e+00,1.049072e+00,1.045439e+00,0.026571,0.088381,0.434381,0.434381,1,0
negctrl,negctrl,223,20261153,typ,7.336808e-01,7.361376e-01,1.356633e+00,0.0024429498,1.38502e-05,129,PASS,1.049721e+00,1.049072e+00,1.045439e+00,0.026571,0.088381,0.434381,0.434381,1,0
negctrl,negctrl,224,20261154,typ,7.336808e-01,7.361376e-01,1.356633e+00,0.0024429498,1.38502e-05,129,PASS,1.049721e+00,1.049072e+00,1.045439e+00,0.026571,0.088381,0.434381,0.434381,1,0
negctrl,negctrl,225,20261155,typ,7.336808e-01,7.361376e-01,1.356633e+00,0.0024429498,1.38502e-05,129,PASS,1.049721e+00,1.049072e+00,1.045439e+00,0.026571,0.088381,0.434381,0.434381,1,0
negctrl,negctrl,226,20261156,typ,7.336808e-01,7.361376e-01,1.356633e+00,0.0024429498,1.38502e-05,129,PASS,1.049721e+00,1.049072e+00,1.045439e+00,0.026571,0.088381,0.434381,0.434381,1,0
negctrl,negctrl,227,20261157,typ,7.336808e-01,7.361376e-01,1.356633e+00,0.0024429498,1.38502e-05,129,PASS,1.049721e+00,1.049072e+00,1.045439e+00,0.026571,0.088381,0.434381,0.434381,1,0
negctrl,negctrl,228,20261158,typ,7.336808e-01,7.361376e-01,1.356633e+00,0.0024429498,1.38502e-05,129,PASS,1.049721e+00,1.049072e+00,1.045439e+00,0.026571,0.088381,0.434381,0.434381,1,0
negctrl,negctrl,229,20261159,typ,7.336808e-01,7.361376e-01,1.356633e+00,0.0024429498,1.38502e-05,129,PASS,1.049721e+00,1.049072e+00,1.045439e+00,0.026571,0.088381,0.434381,0.434381,1,0
negctrl,negctrl,230,20261160,typ,7.336808e-01,7.361376e-01,1.356633e+00,0.0024429498,1.38502e-05,129,PASS,1.049721e+00,1.049072e+00,1.045439e+00,0.026571,0.088381,0.434381,0.434381,1,0
negctrl,negctrl,231,20261161,typ,7.336808e-01,7.361376e-01,1.356633e+00,0.0024429498,1.38502e-05,129,PASS,1.049721e+00,1.049072e+00,1.045439e+00,0.026571,0.088381,0.434381,0.434381,1,0
negctrl,negctrl,232,20261162,typ,7.336808e-01,7.361376e-01,1.356633e+00,0.0024429498,1.38502e-05,129,PASS,1.049721e+00,1.049072e+00,1.045439e+00,0.026571,0.088381,0.434381,0.434381,1,0
negctrl,negctrl,233,20261163,typ,7.336808e-01,7.361376e-01,1.356633e+00,0.0024429498,1.38502e-05,129,PASS,1.049721e+00,1.049072e+00,1.045439e+00,0.026571,0.088381,0.434381,0.434381,1,0
negctrl,negctrl,234,20261164,typ,7.336808e-01,7.361376e-01,1.356633e+00,0.0024429498,1.38502e-05,129,PASS,1.049721e+00,1.049072e+00,1.045439e+00,0.026571,0.088381,0.434381,0.434381,1,0
negctrl,negctrl,235,20261165,typ,7.336808e-01,7.361376e-01,1.356633e+00,0.0024429498,1.38502e-05,129,PASS,1.049721e+00,1.049072e+00,1.045439e+00,0.026571,0.088381,0.434381,0.434381,1,0
negctrl,negctrl,236,20261166,typ,7.336808e-01,7.361376e-01,1.356633e+00,0.0024429498,1.38502e-05,129,PASS,1.049721e+00,1.049072e+00,1.045439e+00,0.026571,0.088381,0.434381,0.434381,1,0
negctrl,negctrl,237,20261167,typ,7.336808e-01,7.361376e-01,1.356633e+00,0.0024429498,1.38502e-05,129,PASS,1.049721e+00,1.049072e+00,1.045439e+00,0.026571,0.088381,0.434381,0.434381,1,0
negctrl,negctrl,238,20261168,typ,7.336808e-01,7.361376e-01,1.356633e+00,0.0024429498,1.38502e-05,129,PASS,1.049721e+00,1.049072e+00,1.045439e+00,0.026571,0.088381,0.434381,0.434381,1,0
negctrl,negctrl,239,20261169,typ,7.336808e-01,7.361376e-01,1.356633e+00,0.0024429498,1.38502e-05,129,PASS,1.049721e+00,1.049072e+00,1.045439e+00,0.026571,0.088381,0.434381,0.434381,1,0
negctrl,negctrl,240,20261170,typ,7.336808e-01,7.361376e-01,1.356633e+00,0.0024429498,1.38502e-05,129,PASS,1.049721e+00,1.049072e+00,1.045439e+00,0.026571,0.088381,0.434381,0.434381,1,0
negctrl,negctrl,241,20261171,typ,7.336808e-01,7.361376e-01,1.356633e+00,0.0024429498,1.38502e-05,129,PASS,1.049721e+00,1.049072e+00,1.045439e+00,0.026571,0.088381,0.434381,0.434381,1,0
negctrl,negctrl,242,20261172,typ,7.336808e-01,7.361376e-01,1.356633e+00,0.0024429498,1.38502e-05,129,PASS,1.049721e+00,1.049072e+00,1.045439e+00,0.026571,0.088381,0.434381,0.434381,1,0
negctrl,negctrl,243,20261173,typ,7.336808e-01,7.361376e-01,1.356633e+00,0.0024429498,1.38502e-05,129,PASS,1.049721e+00,1.049072e+00,1.045439e+00,0.026571,0.088381,0.434381,0.434381,1,0
negctrl,negctrl,244,20261174,typ,7.336808e-01,7.361376e-01,1.356633e+00,0.0024429498,1.38502e-05,129,PASS,1.049721e+00,1.049072e+00,1.045439e+00,0.026571,0.088381,0.434381,0.434381,1,0
negctrl,negctrl,245,20261175,typ,7.336808e-01,7.361376e-01,1.356633e+00,0.0024429498,1.38502e-05,129,PASS,1.049721e+00,1.049072e+00,1.045439e+00,0.026571,0.088381,0.434381,0.434381,1,0
negctrl,negctrl,246,20261176,typ,7.336808e-01,7.361376e-01,1.356633e+00,0.0024429498,1.38502e-05,129,PASS,1.049721e+00,1.049072e+00,1.045439e+00,0.026571,0.088381,0.434381,0.434381,1,0
negctrl,negctrl,247,20261177,typ,7.336808e-01,7.361376e-01,1.356633e+00,0.0024429498,1.38502e-05,129,PASS,1.049721e+00,1.049072e+00,1.045439e+00,0.026571,0.088381,0.434381,0.434381,1,0
negctrl,negctrl,248,20261178,typ,7.336808e-01,7.361376e-01,1.356633e+00,0.0024429498,1.38502e-05,129,PASS,1.049721e+00,1.049072e+00,1.045439e+00,0.026571,0.088381,0.434381,0.434381,1,0
negctrl,negctrl,249,20261179,typ,7.336808e-01,7.361376e-01,1.356633e+00,0.0024429498,1.38502e-05,129,PASS,1.049721e+00,1.049072e+00,1.045439e+00,0.026571,0.088381,0.434381,0.434381,1,0
negctrl,negctrl,250,20261180,typ,7.336808e-01,7.361376e-01,1.356633e+00,0.0024429498,1.38502e-05,129,PASS,1.049721e+00,1.049072e+00,1.045439e+00,0.026571,0.088381,0.434381,0.434381,1,0
negctrl,negctrl,251,20261181,typ,7.336808e-01,7.361376e-01,1.356633e+00,0.0024429498,1.38502e-05,129,PASS,1.049721e+00,1.049072e+00,1.045439e+00,0.026571,0.088381,0.434381,0.434381,1,0
negctrl,negctrl,252,20261182,typ,7.336808e-01,7.361376e-01,1.356633e+00,0.0024429498,1.38502e-05,129,PASS,1.049721e+00,1.049072e+00,1.045439e+00,0.026571,0.088381,0.434381,0.434381,1,0
negctrl,negctrl,253,20261183,typ,7.336808e-01,7.361376e-01,1.356633e+00,0.0024429498,1.38502e-05,129,PASS,1.049721e+00,1.049072e+00,1.045439e+00,0.026571,0.088381,0.434381,0.434381,1,0
negctrl,negctrl,254,20261184,typ,7.336808e-01,7.361376e-01,1.356633e+00,0.0024429498,1.38502e-05,129,PASS,1.049721e+00,1.049072e+00,1.045439e+00,0.026571,0.088381,0.434381,0.434381,1,0
negctrl,negctrl,255,20261185,typ,7.336808e-01,7.361376e-01,1.356633e+00,0.0024429498,1.38502e-05,129,PASS,1.049721e+00,1.049072e+00,1.045439e+00,0.026571,0.088381,0.434381,0.434381,1,0
negctrl,negctrl,256,20261186,typ,7.336808e-01,7.361376e-01,1.356633e+00,0.0024429498,1.38502e-05,129,PASS,1.049721e+00,1.049072e+00,1.045439e+00,0.026571,0.088381,0.434381,0.434381,1,0
negctrl,negctrl,257,20261187,typ,7.336808e-01,7.361376e-01,1.356633e+00,0.0024429498,1.38502e-05,129,PASS,1.049721e+00,1.049072e+00,1.045439e+00,0.026571,0.088381,0.434381,0.434381,1,0
negctrl,negctrl,258,20261188,typ,7.336808e-01,7.361376e-01,1.356633e+00,0.0024429498,1.38502e-05,129,PASS,1.049721e+00,1.049072e+00,1.045439e+00,0.026571,0.088381,0.434381,0.434381,1,0
negctrl,negctrl,259,20261189,typ,7.336808e-01,7.361376e-01,1.356633e+00,0.0024429498,1.38502e-05,129,PASS,1.049721e+00,1.049072e+00,1.045439e+00,0.026571,0.088381,0.434381,0.434381,1,0
negctrl,negctrl,260,20261190,typ,7.336808e-01,7.361376e-01,1.356633e+00,0.0024429498,1.38502e-05,129,PASS,1.049721e+00,1.049072e+00,1.045439e+00,0.026571,0.088381,0.434381,0.434381,1,0
negctrl,negctrl,261,20261191,typ,7.336808e-01,7.361376e-01,1.356633e+00,0.0024429498,1.38502e-05,129,PASS,1.049721e+00,1.049072e+00,1.045439e+00,0.026571,0.088381,0.434381,0.434381,1,0
negctrl,negctrl,262,20261192,typ,7.336808e-01,7.361376e-01,1.356633e+00,0.0024429498,1.38502e-05,129,PASS,1.049721e+00,1.049072e+00,1.045439e+00,0.026571,0.088381,0.434381,0.434381,1,0
negctrl,negctrl,263,20261193,typ,7.336808e-01,7.361376e-01,1.356633e+00,0.0024429498,1.38502e-05,129,PASS,1.049721e+00,1.049072e+00,1.045439e+00,0.026571,0.088381,0.434381,0.434381,1,0
negctrl,negctrl,264,20261194,typ,7.336808e-01,7.361376e-01,1.356633e+00,0.0024429498,1.38502e-05,129,PASS,1.049721e+00,1.049072e+00,1.045439e+00,0.026571,0.088381,0.434381,0.434381,1,0
negctrl,negctrl,265,20261195,typ,7.336808e-01,7.361376e-01,1.356633e+00,0.0024429498,1.38502e-05,129,PASS,1.049721e+00,1.049072e+00,1.045439e+00,0.026571,0.088381,0.434381,0.434381,1,0
negctrl,negctrl,266,20261196,typ,7.336808e-01,7.361376e-01,1.356633e+00,0.0024429498,1.38502e-05,129,PASS,1.049721e+00,1.049072e+00,1.045439e+00,0.026571,0.088381,0.434381,0.434381,1,0
negctrl,negctrl,267,20261197,typ,7.336808e-01,7.361376e-01,1.356633e+00,0.0024429498,1.38502e-05,129,PASS,1.049721e+00,1.049072e+00,1.045439e+00,0.026571,0.088381,0.434381,0.434381,1,0
negctrl,negctrl,268,20261198,typ,7.336808e-01,7.361376e-01,1.356633e+00,0.0024429498,1.38502e-05,129,PASS,1.049721e+00,1.049072e+00,1.045439e+00,0.026571,0.088381,0.434381,0.434381,1,0
negctrl,negctrl,269,20261199,typ,7.336808e-01,7.361376e-01,1.356633e+00,0.0024429498,1.38502e-05,129,PASS,1.049721e+00,1.049072e+00,1.045439e+00,0.026571,0.088381,0.434381,0.434381,1,0
negctrl,negctrl,270,20261200,typ,7.336808e-01,7.361376e-01,1.356633e+00,0.0024429498,1.38502e-05,129,PASS,1.049721e+00,1.049072e+00,1.045439e+00,0.026571,0.088381,0.434381,0.434381,1,0
negctrl,negctrl,271,20261201,typ,7.336808e-01,7.361376e-01,1.356633e+00,0.0024429498,1.38502e-05,129,PASS,1.049721e+00,1.049072e+00,1.045439e+00,0.026571,0.088381,0.434381,0.434381,1,0
negctrl,negctrl,272,20261202,typ,7.336808e-01,7.361376e-01,1.356633e+00,0.0024429498,1.38502e-05,129,PASS,1.049721e+00,1.049072e+00,1.045439e+00,0.026571,0.088381,0.434381,0.434381,1,0
negctrl,negctrl,273,20261203,typ,7.336808e-01,7.361376e-01,1.356633e+00,0.0024429498,1.38502e-05,129,PASS,1.049721e+00,1.049072e+00,1.045439e+00,0.026571,0.088381,0.434381,0.434381,1,0
negctrl,negctrl,274,20261204,typ,7.336808e-01,7.361376e-01,1.356633e+00,0.0024429498,1.38502e-05,129,PASS,1.049721e+00,1.049072e+00,1.045439e+00,0.026571,0.088381,0.434381,0.434381,1,0
negctrl,negctrl,275,20261205,typ,7.336808e-01,7.361376e-01,1.356633e+00,0.0024429498,1.38502e-05,129,PASS,1.049721e+00,1.049072e+00,1.045439e+00,0.026571,0.088381,0.434381,0.434381,1,0
negctrl,negctrl,276,20261206,typ,7.336808e-01,7.361376e-01,1.356633e+00,0.0024429498,1.38502e-05,129,PASS,1.049721e+00,1.049072e+00,1.045439e+00,0.026571,0.088381,0.434381,0.434381,1,0
negctrl,negctrl,277,20261207,typ,7.336808e-01,7.361376e-01,1.356633e+00,0.0024429498,1.38502e-05,129,PASS,1.049721e+00,1.049072e+00,1.045439e+00,0.026571,0.088381,0.434381,0.434381,1,0
negctrl,negctrl,278,20261208,typ,7.336808e-01,7.361376e-01,1.356633e+00,0.0024429498,1.38502e-05,129,PASS,1.049721e+00,1.049072e+00,1.045439e+00,0.026571,0.088381,0.434381,0.434381,1,0
negctrl,negctrl,279,20261209,typ,7.336808e-01,7.361376e-01,1.356633e+00,0.0024429498,1.38502e-05,129,PASS,1.049721e+00,1.049072e+00,1.045439e+00,0.026571,0.088381,0.434381,0.434381,1,0
negctrl,negctrl,280,20261210,typ,7.336808e-01,7.361376e-01,1.356633e+00,0.0024429498,1.38502e-05,129,PASS,1.049721e+00,1.049072e+00,1.045439e+00,0.026571,0.088381,0.434381,0.434381,1,0
negctrl,negctrl,281,20261211,typ,7.336808e-01,7.361376e-01,1.356633e+00,0.0024429498,1.38502e-05,129,PASS,1.049721e+00,1.049072e+00,1.045439e+00,0.026571,0.088381,0.434381,0.434381,1,0
negctrl,negctrl,282,20261212,typ,7.336808e-01,7.361376e-01,1.356633e+00,0.0024429498,1.38502e-05,129,PASS,1.049721e+00,1.049072e+00,1.045439e+00,0.026571,0.088381,0.434381,0.434381,1,0
negctrl,negctrl,283,20261213,typ,7.336808e-01,7.361376e-01,1.356633e+00,0.0024429498,1.38502e-05,129,PASS,1.049721e+00,1.049072e+00,1.045439e+00,0.026571,0.088381,0.434381,0.434381,1,0
negctrl,negctrl,284,20261214,typ,7.336808e-01,7.361376e-01,1.356633e+00,0.0024429498,1.38502e-05,129,PASS,1.049721e+00,1.049072e+00,1.045439e+00,0.026571,0.088381,0.434381,0.434381,1,0
negctrl,negctrl,285,20261215,typ,7.336808e-01,7.361376e-01,1.356633e+00,0.0024429498,1.38502e-05,129,PASS,1.049721e+00,1.049072e+00,1.045439e+00,0.026571,0.088381,0.434381,0.434381,1,0
negctrl,negctrl,286,20261216,typ,7.336808e-01,7.361376e-01,1.356633e+00,0.0024429498,1.38502e-05,129,PASS,1.049721e+00,1.049072e+00,1.045439e+00,0.026571,0.088381,0.434381,0.434381,1,0
negctrl,negctrl,287,20261217,typ,7.336808e-01,7.361376e-01,1.356633e+00,0.0024429498,1.38502e-05,129,PASS,1.049721e+00,1.049072e+00,1.045439e+00,0.026571,0.088381,0.434381,0.434381,1,0
negctrl,negctrl,288,20261218,typ,7.336808e-01,7.361376e-01,1.356633e+00,0.0024429498,1.38502e-05,129,PASS,1.049721e+00,1.049072e+00,1.045439e+00,0.026571,0.088381,0.434381,0.434381,1,0
negctrl,negctrl,289,20261219,typ,7.336808e-01,7.361376e-01,1.356633e+00,0.0024429498,1.38502e-05,129,PASS,1.049721e+00,1.049072e+00,1.045439e+00,0.026571,0.088381,0.434381,0.434381,1,0
negctrl,negctrl,290,20261220,typ,7.336808e-01,7.361376e-01,1.356633e+00,0.0024429498,1.38502e-05,129,PASS,1.049721e+00,1.049072e+00,1.045439e+00,0.026571,0.088381,0.434381,0.434381,1,0
negctrl,negctrl,291,20261221,typ,7.336808e-01,7.361376e-01,1.356633e+00,0.0024429498,1.38502e-05,129,PASS,1.049721e+00,1.049072e+00,1.045439e+00,0.026571,0.088381,0.434381,0.434381,1,0
negctrl,negctrl,292,20261222,typ,7.336808e-01,7.361376e-01,1.356633e+00,0.0024429498,1.38502e-05,129,PASS,1.049721e+00,1.049072e+00,1.045439e+00,0.026571,0.088381,0.434381,0.434381,1,0
negctrl,negctrl,293,20261223,typ,7.336808e-01,7.361376e-01,1.356633e+00,0.0024429498,1.38502e-05,129,PASS,1.049721e+00,1.049072e+00,1.045439e+00,0.026571,0.088381,0.434381,0.434381,1,0
negctrl,negctrl,294,20261224,typ,7.336808e-01,7.361376e-01,1.356633e+00,0.0024429498,1.38502e-05,129,PASS,1.049721e+00,1.049072e+00,1.045439e+00,0.026571,0.088381,0.434381,0.434381,1,0
negctrl,negctrl,295,20261225,typ,7.336808e-01,7.361376e-01,1.356633e+00,0.0024429498,1.38502e-05,129,PASS,1.049721e+00,1.049072e+00,1.045439e+00,0.026571,0.088381,0.434381,0.434381,1,0
negctrl,negctrl,296,20261226,typ,7.336808e-01,7.361376e-01,1.356633e+00,0.0024429498,1.38502e-05,129,PASS,1.049721e+00,1.049072e+00,1.045439e+00,0.026571,0.088381,0.434381,0.434381,1,0
negctrl,negctrl,297,20261227,typ,7.336808e-01,7.361376e-01,1.356633e+00,0.0024429498,1.38502e-05,129,PASS,1.049721e+00,1.049072e+00,1.045439e+00,0.026571,0.088381,0.434381,0.434381,1,0
negctrl,negctrl,298,20261228,typ,7.336808e-01,7.361376e-01,1.356633e+00,0.0024429498,1.38502e-05,129,PASS,1.049721e+00,1.049072e+00,1.045439e+00,0.026571,0.088381,0.434381,0.434381,1,0
negctrl,negctrl,299,20261229,typ,7.336808e-01,7.361376e-01,1.356633e+00,0.0024429498,1.38502e-05,129,PASS,1.049721e+00,1.049072e+00,1.045439e+00,0.026571,0.088381,0.434381,0.434381,1,0
bcs,mismatch,0,20260930,bcs,7.106519e-01,7.121311e-01,1.088772e+00,0.00148282392,-3.62392e-06,229,PASS,1.050263e+00,1.001242e+00,1.121262e+00,0.025048,4.643619,6.786857,6.786857,0,0
bcs,mismatch,1,20260931,bcs,7.409166e-01,7.439035e-01,1.498827e+00,0.00297219765,1.470235e-05,104,PASS,1.051115e+00,1.065040e+00,1.023244e+00,0.106190,1.432381,2.548190,2.548190,0,0
bcs,mismatch,2,20260932,bcs,7.224483e-01,7.246264e-01,1.277232e+00,0.00217562235,2.47765e-06,151,PASS,1.051728e+00,1.031882e+00,1.077060e+00,0.164571,1.725524,2.577143,2.577143,0,0
bcs,mismatch,3,20260933,bcs,7.281638e-01,7.305588e-01,1.327894e+00,0.00235188314,4.311686e-05,137,PASS,1.051327e+00,1.050495e+00,1.046862e+00,0.126381,0.047143,0.298857,0.298857,1,0
bcs,mismatch,4,20260934,bcs,7.229147e-01,7.250274e-01,1.257846e+00,0.0020977698,1.49302e-05,156,PASS,1.050963e+00,1.043101e+00,1.057881e+00,0.091714,0.657048,0.750571,0.750571,0,0
bcs,mismatch,5,20260935,bcs,7.288619e-01,7.313465e-01,1.354395e+00,0.00245307098,3.152902e-05,131,PASS,1.050882e+00,1.051254e+00,1.044339e+00,0.084000,0.119429,0.539143,0.539143,0,0
bcs,mismatch,6,20260936,bcs,7.221127e-01,7.242458e-01,1.269132e+00,0.00214517373,-1.207373e-05,153,PASS,1.050976e+00,1.043620e+00,1.056753e+00,0.092952,0.607619,0.643143,0.643143,0,0
bcs,mismatch,7,20260937,bcs,7.319324e-01,7.346770e-01,1.426461e+00,0.00272364157,2.095843e-05,117,PASS,1.051637e+00,1.065702e+00,1.023958e+00,0.155905,1.495429,2.480190,2.480190,0,0
bcs,mismatch,8,20260938,bcs,7.326445e-01,7.352406e-01,1.388725e+00,0.00257286471,2.323529e-05,123,PASS,1.050244e+00,1.055563e+00,1.036005e+00,0.023238,0.529810,1.332857,1.332857,0,0
bcs,mismatch,9,20260939,bcs,7.265312e-01,7.286429e-01,1.261461e+00,0.00209776392,1.393608e-05,154,PASS,1.050202e+00,1.034947e+00,1.068593e+00,0.019238,1.433619,1.770762,1.770762,0,0
bcs,mismatch,10,20260940,bcs,7.207461e-01,7.230102e-01,1.296179e+00,0.00225659961,7.50039e-06,146,PASS,1.050829e+00,1.037042e+00,1.068058e+00,0.078952,1.234095,1.719810,1.719810,0,0
bcs,mismatch,11,20260941,bcs,7.126324e-01,7.143349e-01,1.146563e+00,0.00170168863,8.1137e-07,198,PASS,1.049840e+00,1.038202e+00,1.061903e+00,0.015238,1.123619,1.133619,1.133619,0,0
bcs,mismatch,12,20260942,bcs,7.429039e-01,7.462776e-01,1.598422e+00,0.00335497294,1.872706e-05,92,PASS,1.052877e+00,1.065025e+00,1.027458e+00,0.274000,1.430952,2.146857,2.146857,0,0
bcs,mismatch,13,20260943,bcs,7.340346e-01,7.366189e-01,1.384780e+00,0.00255194275,3.235725e-05,124,PASS,1.051482e+00,1.054739e+00,1.041315e+00,0.141143,0.451333,0.827143,0.827143,0,0
bcs,mismatch,14,20260944,bcs,7.362534e-01,7.389402e-01,1.420721e+00,0.00268418667,2.61333e-06,117,PASS,1.051405e+00,1.055107e+00,1.039432e+00,0.133810,0.486381,1.006476,1.006476,0,0
bcs,mismatch,15,20260945,bcs,7.313763e-01,7.336738e-01,1.311908e+00,0.0022765949,2.09051e-05,140,PASS,1.050849e+00,1.047062e+00,1.051204e+00,0.080857,0.279810,0.114667,0.279810,1,0
bcs,mismatch,16,20260946,bcs,7.215478e-01,7.236077e-01,1.239812e+00,0.00203240863,2.749137e-05,162,PASS,1.051353e+00,1.038290e+00,1.066662e+00,0.128857,1.115238,1.586857,1.586857,0,0
bcs,mismatch,17,20260947,bcs,7.299049e-01,7.324868e-01,1.380777e+00,0.00255243961,2.946039e-05,125,PASS,1.050038e+00,1.049616e+00,1.045549e+00,0.003619,0.036571,0.423905,0.423905,1,0
bcs,mismatch,18,20260948,bcs,7.298259e-01,7.320803e-01,1.295383e+00,0.00221787098,3.652902e-05,144,PASS,1.049841e+00,1.057967e+00,1.031957e+00,0.015143,0.758762,1.718381,1.718381,0,0
bcs,mismatch,19,20260949,bcs,7.170730e-01,7.189009e-01,1.185706e+00,0.00183777647,-9.87647e-06,181,FAIL,,,,,,,,0,0
bcs,mismatch,20,20260950,bcs,7.285790e-01,7.309495e-01,1.330690e+00,0.00236121961,9.28039e-06,136,PASS,1.050588e+00,1.043078e+00,1.057040e+00,0.056000,0.659238,0.670476,0.670476,0,0
bcs,mismatch,21,20260951,bcs,7.232886e-01,7.256368e-01,1.315476e+00,0.00232230353,2.589647e-05,141,FAIL,,,,,,,,0,0
bcs,mismatch,22,20260952,bcs,7.230663e-01,7.252198e-01,1.270953e+00,0.00214857529,4.92471e-06,152,PASS,1.050416e+00,1.036478e+00,1.067488e+00,0.039619,1.287810,1.665524,1.665524,0,0
bcs,mismatch,23,20260953,bcs,7.260468e-01,7.284801e-01,1.337297e+00,0.00239705961,3.624039e-05,135,FAIL,,,,,,,,0,0
bcs,mismatch,24,20260954,bcs,7.223471e-01,7.244766e-01,1.263673e+00,0.00212284667,6.65333e-06,154,FAIL,,,,,,,,0,0
bcs,mismatch,25,20260955,bcs,7.430273e-01,7.457486e-01,1.431886e+00,0.00270140667,1.989333e-05,114,PASS,1.052022e+00,1.055457e+00,1.041029e+00,0.192571,0.519714,0.854381,0.854381,0,0
bcs,mismatch,26,20260956,bcs,7.331647e-01,7.359727e-01,1.441055e+00,0.00277604039,3.195961e-05,114,PASS,1.050830e+00,1.058394e+00,1.034190e+00,0.079048,0.799429,1.505714,1.505714,0,0
bcs,mismatch,27,20260957,bcs,7.304380e-01,7.329837e-01,1.370161e+00,0.00250871765,3.698235e-05,127,PASS,1.049803e+00,1.051202e+00,1.042468e+00,0.018762,0.114476,0.717333,0.717333,0,0
bcs,mismatch,28,20260958,bcs,7.272174e-01,7.297070e-01,1.360098e+00,0.00248188471,7.71529e-06,130,FAIL,,,,,,,,0,0
bcs,mismatch,29,20260959,bcs,7.212959e-01,7.234248e-01,1.264846e+00,0.00213156902,-2.66902e-06,154,FAIL,,,,,,,,0,0
bcs,mismatch,30,20260960,bcs,7.258261e-01,7.281884e-01,1.322762e+00,0.0023409251,2.13749e-05,138,FAIL,,,,,,,,0,0
bcs,mismatch,31,20260961,bcs,7.314324e-01,7.337930e-01,1.330523e+00,0.0023493749,1.12251e-05,136,PASS,1.051760e+00,1.044322e+00,1.057673e+00,0.167619,0.540762,0.730762,0.730762,0,0
bcs,mismatch,32,20260962,bcs,7.243177e-01,7.264962e-01,1.275984e+00,0.00216339725,1.510275e-05,151,FAIL,,,,,,,,0,0
bcs,mismatch,33,20260963,bcs,7.315530e-01,7.341650e-01,1.403354e+00,0.00263451373,-2.251373e-05,121,PASS,1.051322e+00,1.052918e+00,1.043113e+00,0.125905,0.277905,0.655905,0.655905,0,0
bcs,mismatch,34,20260964,bcs,7.204798e-01,7.224368e-01,1.217284e+00,0.00194825176,8.74824e-06,169,PASS,1.050273e+00,1.035147e+00,1.068240e+00,0.026000,1.414571,1.737143,1.737143,0,0
bcs,mismatch,35,20260965,bcs,7.141818e-01,7.161651e-01,1.217656e+00,0.00197440863,8.89137e-06,170,PASS,1.050293e+00,1.036885e+00,1.066996e+00,0.027905,1.249048,1.618667,1.618667,0,0
bcs,mismatch,36,20260966,bcs,7.259891e-01,7.282276e-01,1.290610e+00,0.00221419961,2.430039e-05,146,PASS,1.049975e+00,1.045425e+00,1.052294e+00,0.002381,0.435714,0.218476,0.435714,1,0
bcs,mismatch,37,20260967,bcs,7.219389e-01,7.241851e-01,1.294426e+00,0.00224504745,1.15255e-06,146,PASS,1.050445e+00,1.042134e+00,1.058383e+00,0.042381,0.749143,0.798381,0.798381,0,0
bcs,mismatch,38,20260968,bcs,7.277131e-01,7.298027e-01,1.259004e+00,0.00208349373,6.10627e-06,155,PASS,1.051362e+00,1.038318e+00,1.067601e+00,0.129714,1.112571,1.676286,1.676286,0,0
bcs,mismatch,39,20260969,bcs,7.326425e-01,7.350907e-01,1.352420e+00,0.0024305,1.77e-05,131,PASS,1.051884e+00,1.047133e+00,1.053930e+00,0.179429,0.273048,0.374286,0.374286,1,0
bcs,mismatch,40,20260970,bcs,7.325694e-01,7.351563e-01,1.390268e+00,0.0025792102,7.6898e-06,123,PASS,1.050864e+00,1.051247e+00,1.044340e+00,0.082286,0.118762,0.539048,0.539048,0,0
bcs,mismatch,41,20260971,bcs,7.343674e-01,7.370624e-01,1.419518e+00,0.0026868651,8.1349e-06,117,PASS,1.049663e+00,1.051812e+00,1.040683e+00,0.032095,0.172571,0.887333,0.887333,0,0
bcs,mismatch,42,20260972,bcs,7.320327e-01,7.347008e-01,1.406482e+00,0.00264489922,2.320078e-05,120,PASS,1.050473e+00,1.053280e+00,1.039983e+00,0.045048,0.312381,0.954000,0.954000,0,0
bcs,mismatch,43,20260973,bcs,7.338465e-01,7.367422e-01,1.462603e+00,0.00285786863,3.783137e-05,111,PASS,1.052396e+00,1.061522e+00,1.032370e+00,0.228190,1.097333,1.679048,1.679048,0,0
bcs,mismatch,44,20260974,bcs,7.274218e-01,7.296554e-01,1.299590e+00,0.00224379686,-1.019686e-05,144,PASS,1.051285e+00,1.049064e+00,1.049585e+00,0.122381,0.089143,0.039524,0.122381,1,0
bcs,mismatch,45,20260975,bcs,7.140793e-01,7.160544e-01,1.215410e+00,0.00196600275,9.09725e-06,171,FAIL,,,,,,,,0,0
bcs,mismatch,46,20260976,bcs,7.302955e-01,7.327516e-01,1.352462e+00,0.00243986863,1.623137e-05,131,PASS,1.050926e+00,1.040940e+00,1.061781e+00,0.088190,0.862857,1.122000,1.122000,0,0
bcs,mismatch,47,20260977,bcs,7.334413e-01,7.360427e-01,1.392464e+00,0.00258440275,1.699725e-05,122,PASS,1.049767e+00,1.055854e+00,1.034384e+00,0.022190,0.557524,1.487238,1.487238,0,0
bcs,mismatch,48,20260978,bcs,7.315023e-01,7.341434e-01,1.403374e+00,0.00263479098,6.30902e-06,121,PASS,1.051400e+00,1.051725e+00,1.045196e+00,0.133333,0.164286,0.457524,0.457524,1,0
bcs,mismatch,49,20260979,bcs,7.232698e-01,7.255596e-01,1.302279e+00,0.00227062431,1.917569e-05,144,PASS,1.050899e+00,1.043040e+00,1.057309e+00,0.085619,0.662857,0.696095,0.696095,0,0
bcs,mismatch,50,20260980,bcs,7.404563e-01,7.432832e-01,1.452587e+00,0.00279266941,3.423059e-05,111,PASS,1.051764e+00,1.052919e+00,1.044370e+00,0.168000,0.278000,0.536190,0.536190,0,0
bcs,mismatch,51,20260981,bcs,7.354701e-01,7.381054e-01,1.406254e+00,0.0026305251,4.7749e-06,120,PASS,1.052149e+00,1.054596e+00,1.043614e+00,0.204667,0.437714,0.608190,0.608190,0,0
bcs,mismatch,52,20260982,bcs,7.339005e-01,7.363547e-01,1.356985e+00,0.00244346863,1.073137e-05,129,FAIL,,,,,,,,0,0
bcs,mismatch,53,20260983,bcs,7.233817e-01,7.255725e-01,1.281443e+00,0.00218847569,2.32431e-06,149,PASS,1.050164e+00,1.039501e+00,1.060952e+00,0.015619,0.999905,1.043048,1.043048,0,0
bcs,mismatch,54,20260984,bcs,7.337068e-01,7.363627e-01,1.410699e+00,0.00265487137,1.02863e-06,119,PASS,1.050432e+00,1.053938e+00,1.038595e+00,0.041143,0.375048,1.086190,1.086190,0,0
bcs,mismatch,55,20260985,bcs,7.280584e-01,7.303596e-01,1.314270e+00,0.00229886902,2.33098e-06,140,PASS,1.050541e+00,1.047199e+00,1.051000e+00,0.051524,0.266762,0.095238,0.266762,1,0
bcs,mismatch,56,20260986,bcs,7.343255e-01,7.371412e-01,1.445588e+00,0.00278926471,2.643529e-05,113,PASS,1.050487e+00,1.056609e+00,1.034398e+00,0.046381,0.629429,1.485905,1.485905,0,0
bcs,mismatch,57,20260987,bcs,7.316687e-01,7.340694e-01,1.341735e+00,0.00239241686,8.28314e-06,133,PASS,1.050463e+00,1.048713e+00,1.047370e+00,0.044095,0.122571,0.250476,0.250476,1,0
bcs,mismatch,58,20260988,bcs,7.334221e-01,7.362185e-01,1.441742e+00,0.0027777251,1.86749e-05,114,PASS,1.051483e+00,1.056038e+00,1.039946e+00,0.141238,0.575048,0.957524,0.957524,0,0
bcs,mismatch,59,20260989,bcs,7.286105e-01,7.310670e-01,1.353718e+00,0.00245140196,5.09804e-06,131,PASS,1.050605e+00,1.052303e+00,1.042922e+00,0.057619,0.219333,0.674095,0.674095,0,0
bcs,mismatch,60,20260990,bcs,7.334496e-01,7.360752e-01,1.402738e+00,0.00262466039,9.3961e-07,121,PASS,1.052138e+00,1.052964e+00,1.044987e+00,0.203619,0.282286,0.477429,0.477429,1,0
bcs,mismatch,61,20260991,bcs,7.146819e-01,7.164604e-01,1.169364e+00,0.00178306706,-4.56706e-06,188,PASS,1.050205e+00,1.018597e+00,1.093706e+00,0.019524,2.990762,4.162476,4.162476,0,0
bcs,mismatch,62,20260992,bcs,7.414089e-01,7.443984e-01,1.492877e+00,0.00294693373,4.256627e-05,105,PASS,1.051991e+00,1.055009e+00,1.041276e+00,0.189619,0.477048,0.830857,0.830857,0,0
bcs,mismatch,63,20260993,bcs,7.396720e-01,7.425219e-01,1.465959e+00,0.00284818431,1.71569e-06,109,PASS,1.051331e+00,1.057647e+00,1.035987e+00,0.126762,0.728286,1.334571,1.334571,0,0
bcs,mismatch,64,20260994,bcs,7.299354e-01,7.325054e-01,1.371629e+00,0.00251644549,5.355451e-05,127,PASS,1.050712e+00,1.049950e+00,1.046293e+00,0.067810,0.004762,0.353048,0.353048,1,0
bcs,mismatch,65,20260995,bcs,7.253560e-01,7.276012e-01,1.290762e+00,0.00221727843,2.792157e-05,146,PASS,1.049676e+00,1.043739e+00,1.053464e+00,0.030857,0.596286,0.329905,0.596286,0,0
bcs,mismatch,66,20260996,bcs,7.408204e-01,7.436042e-01,1.446836e+00,0.00276868863,1.511137e-05,112,PASS,1.051950e+00,1.052148e+00,1.045913e+00,0.185714,0.204571,0.389238,0.389238,1,0
bcs,mismatch,67,20260997,bcs,7.347390e-01,7.376415e-01,1.470500e+00,0.00288533725,1.716275e-05,109,PASS,1.050438e+00,1.057643e+00,1.032633e+00,0.041714,0.727905,1.654000,1.654000,0,0
bcs,mismatch,68,20260998,bcs,7.422348e-01,7.452175e-01,1.497751e+00,0.00296280863,1.989137e-05,104,PASS,1.051671e+00,1.056239e+00,1.038678e+00,0.159143,0.594190,1.078286,1.078286,0,0
bcs,mismatch,69,20260999,bcs,7.236457e-01,7.257247e-01,1.252897e+00,0.00207549529,3.50471e-06,157,PASS,1.050100e+00,1.035258e+00,1.068936e+00,0.009524,1.404000,1.803429,1.803429,0,0
bcs,mismatch,70,20261000,bcs,7.344758e-01,7.369424e-01,1.360577e+00,0.00245529882,1.130118e-05,129,PASS,1.052092e+00,1.048893e+00,1.052011e+00,0.199238,0.105429,0.191524,0.199238,1,0
bcs,mismatch,71,20261001,bcs,7.254901e-01,7.277266e-01,1.295235e+00,0.00223429373,2.20627e-06,145,PASS,1.050159e+00,1.037015e+00,1.065199e+00,0.015143,1.236667,1.447524,1.447524,0,0
bcs,mismatch,72,20261002,bcs,7.426961e-01,7.457348e-01,1.514951e+00,0.00302845059,1.024941e-05,101,PASS,1.049838e+00,1.066855e+00,1.016994e+00,0.015429,1.605238,3.143429,3.143429,0,0
bcs,mismatch,73,20261003,bcs,7.368607e-01,7.398609e-01,1.494375e+00,0.00297064431,2.955569e-05,105,PASS,1.050094e+00,1.060183e+00,1.028594e+00,0.008952,0.969810,2.038667,2.038667,0,0
bcs,mismatch,74,20261004,bcs,7.253155e-01,7.275470e-01,1.299260e+00,0.00225076275,-1.926275e-05,144,PASS,1.050206e+00,1.032265e+00,1.074098e+00,0.019619,1.689048,2.295048,2.295048,0,0
bcs,mismatch,75,20261005,bcs,7.313281e-01,7.339924e-01,1.407194e+00,0.00265045451,1.384549e-05,120,PASS,1.050473e+00,1.048421e+00,1.048470e+00,0.045048,0.150381,0.145714,0.150381,1,0
bcs,mismatch,76,20261006,bcs,7.290231e-01,7.315298e-01,1.361464e+00,0.00248016039,2.653961e-05,129,PASS,1.049813e+00,1.049049e+00,1.045666e+00,0.017810,0.090571,0.412762,0.412762,1,0
bcs,mismatch,77,20261007,bcs,7.275176e-01,7.298936e-01,1.332861e+00,0.00237389569,2.10431e-06,136,PASS,1.051181e+00,1.040519e+00,1.062701e+00,0.112476,0.902952,1.209619,1.209619,0,0
bcs,mismatch,78,20261008,bcs,7.197973e-01,7.216811e-01,1.198306e+00,0.00187650471,7.29529e-06,176,PASS,1.050644e+00,1.029401e+00,1.078633e+00,0.061333,1.961810,2.726952,2.726952,0,0
bcs,mismatch,79,20261009,bcs,7.322205e-01,7.347661e-01,1.375222e+00,0.00252157451,2.402549e-05,126,PASS,1.050807e+00,1.053480e+00,1.041234e+00,0.076857,0.331429,0.834857,0.834857,0,0
bcs,mismatch,80,20261010,bcs,7.172303e-01,7.192556e-01,1.237488e+00,0.00204022627,-1.492627e-05,163,PASS,1.050382e+00,1.033694e+00,1.070659e+00,0.036381,1.552952,1.967524,1.967524,0,0
bcs,mismatch,81,20261011,bcs,7.283001e-01,7.305753e-01,1.302899e+00,0.00225332902,2.187098e-05,143,PASS,1.051332e+00,1.046241e+00,1.055422e+00,0.126857,0.358000,0.516381,0.516381,0,0
bcs,mismatch,82,20261012,bcs,7.376136e-01,7.404834e-01,1.465922e+00,0.00285611137,1.368863e-05,109,PASS,1.050051e+00,1.057391e+00,1.033142e+00,0.004857,0.703905,1.605524,1.605524,0,0
bcs,mismatch,83,20261013,bcs,7.303014e-01,7.329475e-01,1.400715e+00,0.00262907294,1.702706e-05,122,PASS,1.052189e+00,1.055425e+00,1.041374e+00,0.208476,0.516667,0.821524,0.821524,0,0
bcs,mismatch,84,20261014,bcs,7.229581e-01,7.252429e-01,1.300480e+00,0.00226479176,2.000824e-05,144,PASS,1.049781e+00,1.039864e+00,1.059674e+00,0.020857,0.965333,0.921333,0.965333,0,0
bcs,mismatch,85,20261015,bcs,7.204986e-01,7.227010e-01,1.272438e+00,0.00216446824,3.793176e-05,152,PASS,1.050142e+00,1.046174e+00,1.050057e+00,0.013524,0.364381,0.005429,0.364381,1,0
bcs,mismatch,86,20261016,bcs,7.389155e-01,7.416469e-01,1.437818e+00,0.00274079412,-9.39412e-06,114,PASS,1.052512e+00,1.053417e+00,1.044782e+00,0.239238,0.325429,0.496952,0.496952,1,0
bcs,mismatch,87,20261017,bcs,7.401647e-01,7.433642e-01,1.545121e+00,0.00315669137,4.280863e-05,98,PASS,1.050712e+00,1.061867e+00,1.027976e+00,0.067810,1.130190,2.097524,2.097524,0,0
bcs,mismatch,88,20261018,bcs,7.361524e-01,7.388796e-01,1.418018e+00,0.00267398275,5.321725e-05,117,PASS,1.050073e+00,1.052603e+00,1.040324e+00,0.006952,0.247905,0.921524,0.921524,0,0
bcs,mismatch,89,20261019,bcs,7.341822e-01,7.366938e-01,1.374208e+00,0.0025099051,1.6949e-06,126,PASS,1.051275e+00,1.054439e+00,1.040169e+00,0.121429,0.422762,0.936286,0.936286,0,0
bcs,mismatch,90,20261020,bcs,7.279643e-01,7.303063e-01,1.317952e+00,0.00231367725,2.832275e-05,139,PASS,1.050216e+00,1.045249e+00,1.053089e+00,0.020571,0.452476,0.294190,0.452476,1,0
bcs,mismatch,91,20261021,bcs,7.279682e-01,7.304321e-01,1.355245e+00,0.00245990902,3.99098e-06,131,PASS,1.051244e+00,1.048199e+00,1.050869e+00,0.118476,0.171524,0.082762,0.171524,1,0
bcs,mismatch,92,20261022,bcs,7.267437e-01,7.289907e-01,1.298659e+00,0.0022428051,4.1949e-06,144,PASS,1.050438e+00,1.042650e+00,1.057077e+00,0.041714,0.700000,0.674000,0.700000,0,0
bcs,mismatch,93,20261023,bcs,7.268588e-01,7.291752e-01,1.317108e+00,0.00231470275,1.69725e-06,140,FAIL,,,,,,,,0,0
bcs,mismatch,94,20261024,bcs,7.485579e-01,7.517028e-01,1.549308e+00,0.00314019647,4.70353e-06,96,FAIL,,,,,,,,0,0
bcs,mismatch,95,20261025,bcs,7.391212e-01,7.419721e-01,1.464664e+00,0.00284526588,5.63412e-06,109,PASS,1.050408e+00,1.049826e+00,1.045800e+00,0.038857,0.016571,0.400000,0.400000,1,0
bcs,mismatch,96,20261026,bcs,7.346312e-01,7.372036e-01,1.383252e+00,0.00254361098,2.878902e-05,124,FAIL,,,,,,,,0,0
bcs,mismatch,97,20261027,bcs,7.338008e-01,7.363102e-01,1.372484e+00,0.00250464,4.76e-06,126,PASS,1.050166e+00,1.041615e+00,1.058400e+00,0.015810,0.798571,0.800000,0.800000,0,0
bcs,mismatch,98,20261028,bcs,7.381587e-01,7.407969e-01,1.407910e+00,0.00262647569,1.172431e-05,119,FAIL,,,,,,,,0,0
bcs,mismatch,99,20261029,bcs,7.384397e-01,7.412818e-01,1.459908e+00,0.00282928745,1.281255e-05,110,FAIL,,,,,,,,0,0
bcs,mismatch,100,20261030,bcs,7.278660e-01,7.303071e-01,1.349576e+00,0.00243807843,3.02157e-06,132,PASS,1.050514e+00,1.049569e+00,1.046220e+00,0.048952,0.041048,0.360000,0.360000,1,0
bcs,mismatch,101,20261031,bcs,7.333706e-01,7.359820e-01,1.391630e+00,0.00258140941,2.999059e-05,123,PASS,1.051838e+00,1.054718e+00,1.042103e+00,0.175048,0.449333,0.752095,0.752095,0,0
bcs,mismatch,102,20261032,bcs,7.423770e-01,7.452911e-01,1.479507e+00,0.00289070588,2.339412e-05,106,FAIL,,,,,,,,0,0
bcs,mismatch,103,20261033,bcs,7.254453e-01,7.277588e-01,1.310451e+00,0.00229414,1.936e-05,141,PASS,1.049823e+00,1.047440e+00,1.047802e+00,0.016857,0.243810,0.209333,0.243810,1,0
bcs,mismatch,104,20261034,bcs,7.305296e-01,7.329769e-01,1.356755e+00,0.00245578588,-8.48588e-06,130,PASS,1.050774e+00,1.050886e+00,1.044881e+00,0.073714,0.084381,0.487524,0.487524,1,0
bcs,mismatch,105,20261035,bcs,7.296398e-01,7.321256e-01,1.355512e+00,0.00245440078,3.139922e-05,131,PASS,1.051973e+00,1.048329e+00,1.051000e+00,0.187905,0.159143,0.095238,0.187905,1,0
bcs,mismatch,106,20261036,bcs,7.352876e-01,7.379999e-01,1.423089e+00,0.00269726039,1.503961e-05,117,PASS,1.051889e+00,1.058977e+00,1.035092e+00,0.179905,0.854952,1.419810,1.419810,0,0
bcs,mismatch,107,20261037,bcs,7.248576e-01,7.269848e-01,1.269430e+00,0.00213557804,-8.37804e-06,152,FAIL,,,,,,,,0,0
bcs,mismatch,108,20261038,bcs,7.424008e-01,7.454887e-01,1.518030e+00,0.00304168314,4.621686e-05,101,FAIL,,,,,,,,0,0
bcs,mismatch,109,20261039,bcs,7.336387e-01,7.363347e-01,1.417730e+00,0.00268271098,1.328902e-05,118,PASS,1.051236e+00,1.059435e+00,1.033145e+00,0.117714,0.898571,1.605238,1.605238,0,0
bcs,mismatch,110,20261040,bcs,7.305759e-01,7.331054e-01,1.372949e+00,0.0025191102,1.03898e-05,127,PASS,1.051482e+00,1.053856e+00,1.042194e+00,0.141143,0.367238,0.743429,0.743429,0,0
bcs,mismatch,111,20261041,bcs,7.304972e-01,7.329698e-01,1.357512e+00,0.00245888157,1.371843e-05,130,PASS,1.051021e+00,1.055168e+00,1.038270e+00,0.097238,0.492190,1.117143,1.117143,0,0
bcs,mismatch,112,20261042,bcs,7.229297e-01,7.250784e-01,1.267146e+00,0.00213418157,1.451843e-05,153,PASS,1.050060e+00,1.040955e+00,1.058970e+00,0.005714,0.861429,0.854286,0.861429,0,0
bcs,mismatch,113,20261043,bcs,7.259519e-01,7.280875e-01,1.272477e+00,0.00214323569,-7.63569e-06,151,PASS,1.050295e+00,1.045277e+00,1.053510e+00,0.028095,0.449810,0.334286,0.449810,1,0
bcs,mismatch,114,20261044,bcs,7.281520e-01,7.305128e-01,1.326847e+00,0.00234782353,1.297647e-05,137,PASS,1.050596e+00,1.038631e+00,1.063548e+00,0.056762,1.082762,1.290286,1.290286,0,0
bcs,mismatch,115,20261045,bcs,7.358247e-01,7.383653e-01,1.383616e+00,0.00254035804,2.4196e-07,124,FAIL,,,,,,,,0,0
bcs,mismatch,116,20261046,bcs,7.389939e-01,7.418947e-01,1.479199e+00,0.0029027651,-1.9651e-06,107,PASS,1.050804e+00,1.060757e+00,1.028951e+00,0.076571,1.024476,2.004667,2.004667,0,0
bcs,mismatch,117,20261047,bcs,7.282576e-01,7.307477e-01,1.361866e+00,0.00248473882,5.36118e-06,129,FAIL,,,,,,,,0,0
bcs,mismatch,118,20261048,bcs,7.231319e-01,7.254330e-01,1.299832e+00,0.00226156902,3.953098e-05,145,FAIL,,,,,,,,0,0
bcs,mismatch,119,20261049,bcs,7.375767e-01,7.404787e-01,1.472240e+00,0.00288103255,2.096745e-05,108,PASS,1.049746e+00,1.056921e+00,1.032526e+00,0.024190,0.659143,1.664190,1.664190,0,0
bcs,mismatch,120,20261050,bcs,7.197946e-01,7.217676e-01,1.226783e+00,0.0019881898,-1.51898e-05,166,FAIL,,,,,,,,0,0
bcs,mismatch,121,20261051,bcs,7.375973e-01,7.406128e-01,1.507303e+00,0.00301845373,-2.95373e-06,103,PASS,1.049614e+00,1.064970e+00,1.019381e+00,0.036762,1.425714,2.916095,2.916095,0,0
bcs,mismatch,122,20261052,bcs,7.361791e-01,7.389135e-01,1.429925e+00,0.00272057216,1.382784e-05,115,PASS,1.049840e+00,1.051080e+00,1.042859e+00,0.015238,0.102857,0.680095,0.680095,0,0
bcs,mismatch,123,20261053,bcs,7.376927e-01,7.405498e-01,1.460336e+00,0.00283389529,2.320471e-05,110,PASS,1.050588e+00,1.056124e+00,1.036379e+00,0.056000,0.583238,1.297238,1.297238,0,0
bcs,mismatch,124,20261054,bcs,7.321346e-01,7.347111e-01,1.389987e+00,0.00257981333,-3.31333e-06,123,PASS,1.050353e+00,1.057931e+00,1.032896e+00,0.033619,0.755333,1.628952,1.628952,0,0
bcs,mismatch,125,20261055,bcs,7.359426e-01,7.386588e-01,1.424750e+00,0.00270120549,1.499451e-05,116,PASS,1.050329e+00,1.056325e+00,1.034666e+00,0.031333,0.602381,1.460381,1.460381,0,0
bcs,mismatch,126,20261056,bcs,7.332060e-01,7.358594e-01,1.410820e+00,0.0026573098,-3.9098e-06,119,PASS,1.050736e+00,1.049481e+00,1.047680e+00,0.070095,0.049429,0.220952,0.220952,1,0
bcs,mismatch,127,20261057,bcs,7.393124e-01,7.420999e-01,1.438526e+00,0.00274201412,4.548588e-05,113,FAIL,,,,,,,,0,0
bcs,mismatch,128,20261058,bcs,7.317755e-01,7.344162e-01,1.402678e+00,0.0026309902,9.7098e-06,121,PASS,1.051075e+00,1.054795e+00,1.039111e+00,0.102381,0.456667,1.037048,1.037048,0,0
bcs,mismatch,129,20261059,bcs,7.385933e-01,7.413624e-01,1.440720e+00,0.00275343804,1.566196e-05,113,PASS,1.050714e+00,1.060337e+00,1.029874e+00,0.068000,0.984476,1.916762,1.916762,0,0
bcs,mismatch,130,20261060,bcs,7.271439e-01,7.296989e-01,1.379139e+00,0.00255684353,-1.84353e-06,126,PASS,1.050209e+00,1.052492e+00,1.040542e+00,0.019905,0.237333,0.900762,0.900762,0,0
bcs,mismatch,131,20261061,bcs,7.297580e-01,7.322735e-01,1.374336e+00,0.00252775686,-1.225686e-05,127,PASS,1.051623e+00,1.050754e+00,1.047421e+00,0.154571,0.071810,0.245619,0.245619,1,0
bcs,mismatch,132,20261062,bcs,7.350946e-01,7.377013e-01,1.397118e+00,0.0025961702,1.05298e-05,121,PASS,1.050419e+00,1.056553e+00,1.035220e+00,0.039905,0.624095,1.407619,1.407619,0,0
bcs,mismatch,133,20261063,bcs,7.231274e-01,7.254144e-01,1.300762e+00,0.00226523373,2.176627e-05,144,PASS,1.049913e+00,1.043370e+00,1.055004e+00,0.008286,0.631429,0.476571,0.631429,0,0
bcs,mismatch,134,20261064,bcs,7.185380e-01,7.206361e-01,1.252318e+00,0.0020932549,4.8451e-06,158,FAIL,,,,,,,,0,0
bcs,mismatch,135,20261065,bcs,7.344348e-01,7.372507e-01,1.446500e+00,0.00279241255,2.348745e-05,113,PASS,1.051270e+00,1.049944e+00,1.047846e+00,0.120952,0.005333,0.205143,0.205143,1,0
bcs,mismatch,136,20261066,bcs,7.303694e-01,7.327313e-01,1.337089e+00,0.00237929255,-1.739255e-05,134,PASS,1.050048e+00,1.051512e+00,1.041992e+00,0.004571,0.144000,0.762667,0.762667,0,0
bcs,mismatch,137,20261067,bcs,7.203386e-01,7.225639e-01,1.286488e+00,0.00222019373,5.10627e-06,148,PASS,1.049786e+00,1.035187e+00,1.067015e+00,0.020381,1.410762,1.620476,1.620476,0,0
bcs,mismatch,138,20261068,bcs,7.282010e-01,7.306108e-01,1.336306e+00,0.00238472549,2.507451e-05,135,PASS,1.051176e+00,1.044164e+00,1.057175e+00,0.112000,0.555810,0.683333,0.683333,0,0
bcs,mismatch,139,20261069,bcs,7.250996e-01,7.273129e-01,1.289841e+00,0.00221467216,-1.37216e-06,147,FAIL,,,,,,,,0,0
bcs,mismatch,140,20261070,bcs,7.229986e-01,7.252301e-01,1.292753e+00,0.00223433098,-2.83098e-06,146,PASS,1.049993e+00,1.048439e+00,1.046135e+00,0.000667,0.148667,0.368095,0.368095,1,0
bcs,mismatch,141,20261071,bcs,7.308265e-01,7.333545e-01,1.369656e+00,0.00250521373,2.278627e-05,127,PASS,1.049907e+00,1.038408e+00,1.061981e+00,0.008857,1.104000,1.141048,1.141048,0,0
bcs,mismatch,142,20261072,bcs,7.345196e-01,7.371645e-01,1.398662e+00,0.00260448,4.042e-05,121,PASS,1.050827e+00,1.048481e+00,1.048842e+00,0.078762,0.144667,0.110286,0.144667,1,0
bcs,mismatch,143,20261073,bcs,7.282589e-01,7.305392e-01,1.305360e+00,0.00226314157,1.715843e-05,142,PASS,1.050454e+00,1.052044e+00,1.041853e+00,0.043238,0.194667,0.775905,0.775905,0,0
bcs,mismatch,144,20261074,bcs,7.367212e-01,7.394235e-01,1.432352e+00,0.00272796392,-2.566392e-05,115,PASS,1.051288e+00,1.055275e+00,1.039977e+00,0.122667,0.502381,0.954571,0.954571,0,0
bcs,mismatch,145,20261075,bcs,7.272318e-01,7.295837e-01,1.320959e+00,0.00232834196,2.355804e-05,139,PASS,1.051655e+00,1.048078e+00,1.051549e+00,0.157619,0.183048,0.147524,0.183048,1,0
bcs,mismatch,146,20261076,bcs,7.266216e-01,7.288134e-01,1.277708e+00,0.00216112314,3.067686e-05,150,PASS,1.051419e+00,1.047439e+00,1.052127e+00,0.135143,0.243905,0.202571,0.243905,1,0
bcs,mismatch,147,20261077,bcs,7.484079e-01,7.517460e-01,1.594204e+00,0.00331684745,2.125255e-05,91,PASS,1.051918e+00,1.066817e+00,1.022165e+00,0.182667,1.601619,2.650952,2.650952,0,0
bcs,mismatch,148,20261078,bcs,7.189626e-01,7.210238e-01,1.234115e+00,0.00202020549,4.099451e-05,164,PASS,1.050871e+00,1.028334e+00,1.081049e+00,0.082952,2.063429,2.957048,2.957048,0,0
bcs,mismatch,149,20261079,bcs,7.221123e-01,7.242766e-01,1.272037e+00,0.00215656745,7.73255e-06,152,PASS,1.050588e+00,1.043498e+00,1.056446e+00,0.056000,0.619238,0.613905,0.619238,0,0
bcs,mismatch,150,20261080,bcs,7.269434e-01,7.293153e-01,1.328284e+00,0.00235819843,1.370157e-05,137,PASS,1.050875e+00,1.048368e+00,1.049438e+00,0.083333,0.155429,0.053524,0.155429,1,0
bcs,mismatch,151,20261081,bcs,7.209427e-01,7.228852e-01,1.216173e+00,0.00194207961,4.2039e-07,169,PASS,1.049608e+00,1.034596e+00,1.067142e+00,0.037333,1.467048,1.632571,1.632571,0,0
bcs,mismatch,152,20261082,bcs,7.300705e-01,7.326164e-01,1.375725e+00,0.00253197843,1.392157e-05,126,PASS,1.050235e+00,1.051882e+00,1.042911e+00,0.022381,0.179238,0.675143,0.675143,0,0
bcs,mismatch,153,20261083,bcs,7.248273e-01,7.270525e-01,1.283453e+00,0.00219068902,3.451098e-05,148,PASS,1.050019e+00,1.040597e+00,1.059590e+00,0.001810,0.895524,0.913333,0.913333,0,0
bcs,mismatch,154,20261084,bcs,7.408702e-01,7.436613e-01,1.449784e+00,0.00278005412,1.104588e-05,111,FAIL,,,,,,,,0,0
bcs,mismatch,155,20261085,bcs,7.367009e-01,7.392555e-01,1.387515e+00,0.00255221216,2.38784e-06,123,PASS,1.051608e+00,1.050645e+00,1.047769e+00,0.153143,0.061429,0.212476,0.212476,1,0
bcs,mismatch,156,20261086,bcs,7.233114e-01,7.254658e-01,1.268912e+00,0.0021396102,1.47898e-05,153,FAIL,,,,,,,,0,0
bcs,mismatch,157,20261087,bcs,7.279364e-01,7.303741e-01,1.348495e+00,0.00243356314,4.13686e-06,132,PASS,1.050014e+00,1.049107e+00,1.045700e+00,0.001333,0.085048,0.409524,0.409524,1,0
bcs,mismatch,158,20261088,bcs,7.337876e-01,7.364056e-01,1.402879e+00,0.00262388784,-5.88784e-06,121,PASS,1.052047e+00,1.066966e+00,1.023205e+00,0.194952,1.615810,2.551905,2.551905,0,0
bcs,mismatch,159,20261089,bcs,7.161761e-01,7.182533e-01,1.240954e+00,0.00205795255,1.924745e-05,162,PASS,1.050195e+00,1.039045e+00,1.061911e+00,0.018571,1.043333,1.134381,1.134381,0,0
bcs,mismatch,160,20261090,bcs,7.388410e-01,7.416440e-01,1.451421e+00,0.00279443137,8.56863e-06,111,PASS,1.050084e+00,1.047655e+00,1.048286e+00,0.008000,0.223333,0.163238,0.223333,1,0
bcs,mismatch,161,20261091,bcs,7.383760e-01,7.412605e-01,1.468894e+00,0.00286477647,1.972353e-05,109,PASS,1.051457e+00,1.054642e+00,1.041181e+00,0.138762,0.442095,0.839905,0.839905,0,0
bcs,mismatch,162,20261092,bcs,7.351446e-01,7.377356e-01,1.386920e+00,0.00255598196,3.501804e-05,123,PASS,1.050771e+00,1.057107e+00,1.034392e+00,0.073429,0.676857,1.486476,1.486476,0,0
bcs,mismatch,163,20261093,bcs,7.324556e-01,7.351814e-01,1.419267e+00,0.00269337804,3.242196e-05,118,PASS,1.051400e+00,1.050057e+00,1.047703e+00,0.133333,0.005429,0.218762,0.218762,1,0
bcs,mismatch,164,20261094,bcs,7.315883e-01,7.340548e-01,1.352775e+00,0.00243602627,3.047373e-05,131,PASS,1.051593e+00,1.057653e+00,1.036667e+00,0.151714,0.728857,1.269810,1.269810,0,0
bcs,mismatch,165,20261095,bcs,7.345383e-01,7.370403e-01,1.374534e+00,0.00250978706,-7.78706e-06,126,PASS,1.051546e+00,1.048602e+00,1.050391e+00,0.147238,0.133143,0.037238,0.147238,1,0
bcs,mismatch,166,20261096,bcs,7.422421e-01,7.453498e-01,1.530416e+00,0.00309087804,1.682196e-05,100,FAIL,,,,,,,,0,0
bcs,mismatch,167,20261097,bcs,7.236270e-01,7.257669e-01,1.267092e+00,0.00213123529,8.66471e-06,153,PASS,1.050296e+00,1.032988e+00,1.072122e+00,0.028190,1.620190,2.106857,2.106857,0,0
bcs,mismatch,168,20261098,bcs,7.280226e-01,7.304183e-01,1.335659e+00,0.00238288784,1.281216e-05,135,PASS,1.050687e+00,1.043993e+00,1.055810e+00,0.065429,0.572095,0.553333,0.572095,0,0
bcs,mismatch,169,20261099,bcs,7.339412e-01,7.366966e-01,1.426658e+00,0.00271653647,3.886353e-05,116,PASS,1.050216e+00,1.051248e+00,1.044039e+00,0.020571,0.118857,0.567714,0.567714,0,0
bcs,mismatch,170,20261100,bcs,7.287462e-01,7.312308e-01,1.357067e+00,0.00246400314,2.059686e-05,130,PASS,1.050137e+00,1.049688e+00,1.045518e+00,0.013048,0.029714,0.426857,0.426857,1,0
bcs,mismatch,171,20261101,bcs,7.419319e-01,7.448714e-01,1.489525e+00,0.00293173765,7.76235e-06,105,PASS,1.051034e+00,1.059552e+00,1.031078e+00,0.098476,0.909714,1.802095,1.802095,0,0
bcs,mismatch,172,20261102,bcs,7.288001e-01,7.312371e-01,1.353011e+00,0.00244788588,-1.088588e-05,131,PASS,1.050312e+00,1.046803e+00,1.049898e+00,0.029714,0.304476,0.009714,0.304476,1,0
bcs,mismatch,173,20261103,bcs,7.382946e-01,7.410115e-01,1.427859e+00,0.00270417412,1.272588e-05,115,FAIL,,,,,,,,0,0
bcs,mismatch,174,20261104,bcs,7.308918e-01,7.334313e-01,1.376156e+00,0.00253044784,9.05216e-06,126,PASS,1.050874e+00,1.049522e+00,1.047938e+00,0.083238,0.045524,0.196381,0.196381,1,0
bcs,mismatch,175,20261105,bcs,7.288316e-01,7.312944e-01,1.349923e+00,0.00243565255,2.714745e-05,132,PASS,1.051276e+00,1.053683e+00,1.041891e+00,0.121524,0.350762,0.772286,0.772286,0,0
bcs,mismatch,176,20261106,bcs,7.255449e-01,7.276521e-01,1.260304e+00,0.00209709451,1.010549e-05,155,PASS,1.051147e+00,1.045445e+00,1.055605e+00,0.109238,0.433810,0.533810,0.533810,0,0
bcs,mismatch,177,20261107,bcs,7.278631e-01,7.302876e-01,1.341353e+00,0.00240584275,1.865725e-05,134,FAIL,,,,,,,,0,0
bcs,mismatch,178,20261108,bcs,7.257541e-01,7.278791e-01,1.268147e+00,0.00212703098,-2.03098e-06,152,PASS,1.049657e+00,1.046058e+00,1.050082e+00,0.032667,0.375429,0.007810,0.375429,1,0
bcs,mismatch,179,20261109,bcs,7.360597e-01,7.389069e-01,1.458358e+00,0.00283254235,1.465765e-05,111,PASS,1.051594e+00,1.062770e+00,1.027480e+00,0.151810,1.216190,2.144762,2.144762,0,0
bcs,mismatch,180,20261110,bcs,7.452918e-01,7.481944e-01,1.475938e+00,0.00286527922,3.732078e-05,106,PASS,1.050261e+00,1.050158e+00,1.045433e+00,0.024857,0.015048,0.434952,0.434952,1,0
bcs,mismatch,181,20261111,bcs,7.375869e-01,7.402772e-01,1.419291e+00,0.00267334941,1.695059e-05,117,FAIL,,,,,,,,0,0
bcs,mismatch,182,20261112,bcs,7.259133e-01,7.281277e-01,1.286739e+00,0.00219931647,1.508353e-05,147,PASS,1.049983e+00,1.045968e+00,1.051096e+00,0.001619,0.384000,0.104381,0.384000,1,0
bcs,mismatch,183,20261113,bcs,7.290104e-01,7.313510e-01,1.327380e+00,0.00234654745,-5.94745e-06,137,PASS,1.051279e+00,1.043112e+00,1.059623e+00,0.121810,0.656000,0.916476,0.916476,0,0
bcs,mismatch,184,20261114,bcs,7.309073e-01,7.331130e-01,1.291465e+00,0.00219826549,7.43451e-06,145,PASS,1.050321e+00,1.039424e+00,1.061917e+00,0.030571,1.007238,1.134952,1.134952,0,0
bcs,mismatch,185,20261115,bcs,7.279055e-01,7.303981e-01,1.358868e+00,0.00247436275,1.823725e-05,130,PASS,1.050456e+00,1.049809e+00,1.045783e+00,0.043429,0.018190,0.401619,0.401619,1,0
bcs,mismatch,186,20261116,bcs,7.152126e-01,7.169995e-01,1.170494e+00,0.00178541725,1.48275e-06,188,FAIL,,,,,,,,0,0
bcs,mismatch,187,20261117,bcs,7.285364e-01,7.308243e-01,1.308108e+00,0.0022728298,1.50702e-05,141,PASS,1.049788e+00,1.043432e+00,1.054294e+00,0.020190,0.625524,0.408952,0.625524,0,0
bcs,mismatch,188,20261118,bcs,7.306406e-01,7.331508e-01,1.366049e+00,0.00249179765,1.840235e-05,128,PASS,1.050525e+00,1.053428e+00,1.039603e+00,0.050000,0.326476,0.990190,0.990190,0,0
bcs,mismatch,189,20261119,bcs,7.405946e-01,7.434154e-01,1.458308e+00,0.00281456235,6.23765e-06,110,PASS,1.051072e+00,1.063224e+00,1.026083e+00,0.102095,1.259429,2.277810,2.277810,0,0
bcs,mismatch,190,20261120,bcs,7.386135e-01,7.414480e-01,1.463144e+00,0.00284129608,-6.79608e-06,110,PASS,1.052093e+00,1.059449e+00,1.034999e+00,0.199333,0.899905,1.428667,1.428667,0,0
bcs,mismatch,191,20261121,bcs,7.292645e-01,7.316286e-01,1.324713e+00,0.00233509216,2.900784e-05,137,PASS,1.050011e+00,1.053471e+00,1.039590e+00,0.001048,0.330571,0.991429,0.991429,0,0
bcs,mismatch,192,20261122,bcs,7.305828e-01,7.331077e-01,1.377458e+00,0.00253676549,-1.186549e-05,126,PASS,1.051092e+00,1.052186e+00,1.045105e+00,0.104000,0.208190,0.466190,0.466190,1,0
bcs,mismatch,193,20261123,bcs,7.454713e-01,7.484473e-01,1.499770e+00,0.00295803412,1.796588e-05,103,PASS,1.051324e+00,1.060331e+00,1.031392e+00,0.126095,0.983905,1.772190,1.772190,0,0
bcs,mismatch,194,20261124,bcs,7.309351e-01,7.331956e-01,1.302360e+00,0.00224088196,1.961804e-05,142,PASS,1.049822e+00,1.041835e+00,1.057154e+00,0.016952,0.777619,0.681333,0.777619,0,0
bcs,mismatch,195,20261125,bcs,7.383845e-01,7.412677e-01,1.464754e+00,0.00284850784,3.469216e-05,109,PASS,1.050127e+00,1.059657e+00,1.029438e+00,0.012095,0.919714,1.958286,1.958286,0,0
bcs,mismatch,196,20261126,bcs,7.358126e-01,7.386422e-01,1.453324e+00,0.0028137702,1.58298e-05,112,PASS,1.052108e+00,1.053986e+00,1.043940e+00,0.200762,0.379619,0.577143,0.577143,0,0
bcs,mismatch,197,20261127,bcs,7.231635e-01,7.254364e-01,1.304859e+00,0.00228115882,-8.25882e-06,143,PASS,1.050290e+00,1.046563e+00,1.050941e+00,0.027619,0.327333,0.089619,0.327333,1,0
bcs,mismatch,198,20261128,bcs,7.312124e-01,7.338327e-01,1.387371e+00,0.00257317098,4.712902e-05,124,PASS,1.051016e+00,1.045722e+00,1.053887e+00,0.096762,0.407429,0.370190,0.407429,1,0
bcs,mismatch,199,20261129,bcs,7.296942e-01,7.323292e-01,1.393891e+00,0.00260469333,3.030667e-05,123,PASS,1.051191e+00,1.053668e+00,1.042584e+00,0.113429,0.349333,0.706286,0.706286,0,0
bcs,mismatch,200,20261130,bcs,7.261606e-01,7.285145e-01,1.331342e+00,0.00237326039,-1.936039e-05,136,PASS,1.049868e+00,1.046809e+00,1.049058e+00,0.012571,0.303905,0.089714,0.303905,1,0
bcs,mismatch,201,20261131,bcs,7.299934e-01,7.326176e-01,1.394006e+00,0.00260397098,2.022902e-05,123,PASS,1.051346e+00,1.047722e+00,1.051161e+00,0.128190,0.216952,0.110571,0.216952,1,0
bcs,mismatch,202,20261132,bcs,7.347569e-01,7.373970e-01,1.405241e+00,0.00262934941,1.075059e-05,120,PASS,1.051214e+00,1.051946e+00,1.044709e+00,0.115619,0.185333,0.503905,0.503905,0,0
bcs,mismatch,203,20261133,bcs,7.227393e-01,7.250535e-01,1.305380e+00,0.00228486549,2.933451e-05,143,PASS,1.050203e+00,1.040244e+00,1.060207e+00,0.019333,0.929143,0.972095,0.972095,0,0
bcs,mismatch,204,20261134,bcs,7.284220e-01,7.309041e-01,1.356749e+00,0.00246402745,1.807255e-05,131,PASS,1.052064e+00,1.057067e+00,1.038357e+00,0.196571,0.673048,1.108857,1.108857,0,0
bcs,mismatch,205,20261135,bcs,7.306926e-01,7.331211e-01,1.348184e+00,0.0024215349,6.9651e-06,132,PASS,1.051411e+00,1.048658e+00,1.050731e+00,0.134381,0.127810,0.069619,0.134381,1,0
bcs,mismatch,206,20261136,bcs,7.273512e-01,7.297555e-01,1.339685e+00,0.00240130902,2.99098e-06,134,PASS,1.049732e+00,1.049746e+00,1.043990e+00,0.025524,0.024190,0.572381,0.572381,0,0
bcs,mismatch,207,20261137,bcs,7.389459e-01,7.415734e-01,1.404740e+00,0.00261095725,1.654275e-05,119,FAIL,,,,,,,,0,0
bcs,mismatch,208,20261138,bcs,7.402449e-01,7.431629e-01,1.474507e+00,0.00287945922,3.854078e-05,108,PASS,1.052434e+00,1.065378e+00,1.025937e+00,0.231810,1.464571,2.291714,2.291714,0,0
bcs,mismatch,209,20261139,bcs,7.389323e-01,7.418189e-01,1.468553e+00,0.00286125765,2.534235e-05,109,PASS,1.052064e+00,1.059299e+00,1.035298e+00,0.196571,0.885619,1.400190,1.400190,0,0
bcs,mismatch,210,20261140,bcs,7.284728e-01,7.308733e-01,1.336198e+00,0.00238323608,1.726392e-05,135,PASS,1.051174e+00,1.049403e+00,1.049342e+00,0.111810,0.056857,0.062667,0.111810,1,0
bcs,mismatch,211,20261141,bcs,7.334685e-01,7.359989e-01,1.376441e+00,0.00252146078,8.93922e-06,126,PASS,1.052040e+00,1.048878e+00,1.051142e+00,0.194286,0.106857,0.108762,0.194286,1,0
bcs,mismatch,212,20261142,bcs,7.354628e-01,7.382741e-01,1.445340e+00,0.00278383216,2.746784e-05,113,PASS,1.051416e+00,1.061744e+00,1.028779e+00,0.134857,1.118476,2.021048,2.021048,0,0
bcs,mismatch,213,20261143,bcs,7.249349e-01,7.271679e-01,1.291780e+00,0.00222292196,1.007804e-05,146,FAIL,,,,,,,,0,0
bcs,mismatch,214,20261144,bcs,7.309130e-01,7.335435e-01,1.403113e+00,0.00263607843,-5.57843e-06,121,PASS,1.050907e+00,1.050757e+00,1.046599e+00,0.086381,0.072095,0.323905,0.323905,1,0
bcs,mismatch,215,20261145,bcs,7.322009e-01,7.349330e-01,1.426414e+00,0.00272240431,9.69569e-06,117,PASS,1.051708e+00,1.058348e+00,1.035560e+00,0.162667,0.795048,1.375238,1.375238,0,0
bcs,mismatch,216,20261146,bcs,7.211974e-01,7.231926e-01,1.232466e+00,0.0020049749,-9.7749e-06,164,FAIL,,,,,,,,0,0
bcs,mismatch,217,20261147,bcs,7.407631e-01,7.439037e-01,1.529591e+00,0.00309344275,4.715725e-05,100,PASS,1.051658e+00,1.066122e+00,1.022805e+00,0.157905,1.535429,2.590000,2.590000,0,0
bcs,mismatch,218,20261148,bcs,7.418675e-01,7.452629e-01,1.593746e+00,0.0033407,5.47e-05,92,PASS,1.050771e+00,1.066421e+00,1.020151e+00,0.073429,1.563905,2.842762,2.842762,0,0
bcs,mismatch,219,20261149,bcs,7.257692e-01,7.279480e-01,1.271264e+00,0.00213919529,3.960471e-05,152,PASS,1.051563e+00,1.056451e+00,1.038310e+00,0.148857,0.614381,1.113333,1.113333,0,0
bcs,mismatch,220,20261150,bcs,7.348691e-01,7.377422e-01,1.455092e+00,0.00282440353,4.869647e-05,112,PASS,1.052306e+00,1.056106e+00,1.040344e+00,0.219619,0.581524,0.919619,0.919619,0,0
bcs,mismatch,221,20261151,bcs,7.322195e-01,7.348962e-01,1.410521e+00,0.00266000588,1.669412e-05,119,PASS,1.049585e+00,1.063680e+00,1.021076e+00,0.039524,1.302857,2.754667,2.754667,0,0
bcs,mismatch,222,20261152,bcs,7.223422e-01,7.244594e-01,1.265441e+00,0.00212979922,-1.259922e-05,154,FAIL,,,,,,,,0,0
bcs,mismatch,223,20261153,bcs,7.286453e-01,7.309499e-01,1.316071e+00,0.0023036302,9.698e-07,139,PASS,1.049624e+00,1.052873e+00,1.038936e+00,0.035810,0.273619,1.053714,1.053714,0,0
bcs,mismatch,224,20261154,bcs,7.194737e-01,7.214560e-01,1.225022e+00,0.00198254235,-2.4235e-07,167,FAIL,,,,,,,,0,0
bcs,mismatch,225,20261155,bcs,7.410923e-01,7.441774e-01,1.526061e+00,0.00307830863,6.79137e-06,100,FAIL,,,,,,,,0,0
bcs,mismatch,226,20261156,bcs,7.300652e-01,7.325935e-01,1.371149e+00,0.00251405412,1.424588e-05,127,PASS,1.050485e+00,1.058183e+00,1.032810e+00,0.046190,0.779333,1.637143,1.637143,0,0
bcs,mismatch,227,20261157,bcs,7.322806e-01,7.351200e-01,1.448503e+00,0.00280871529,3.068471e-05,113,PASS,1.050860e+00,1.059598e+00,1.031588e+00,0.081905,0.914095,1.753524,1.753524,0,0
bcs,mismatch,228,20261158,bcs,7.231761e-01,7.252165e-01,1.240922e+00,0.00203037608,1.002392e-05,161,PASS,1.050701e+00,1.028191e+00,1.080067e+00,0.066762,2.077048,2.863524,2.863524,0,0
bcs,mismatch,229,20261159,bcs,7.331859e-01,7.358224e-01,1.401258e+00,0.00261989059,1.660941e-05,121,PASS,1.051160e+00,1.050154e+00,1.047348e+00,0.110476,0.014667,0.252571,0.252571,1,0
bcs,mismatch,230,20261160,bcs,7.304336e-01,7.330226e-01,1.377953e+00,0.00253929176,4.970824e-05,126,PASS,1.051145e+00,1.059026e+00,1.033029e+00,0.109048,0.859619,1.616286,1.616286,0,0
bcs,mismatch,231,20261161,bcs,7.292564e-01,7.317530e-01,1.362458e+00,0.00248314353,1.345647e-05,129,PASS,1.050434e+00,1.050371e+00,1.045240e+00,0.041333,0.035333,0.453333,0.453333,1,0
bcs,mismatch,232,20261162,bcs,7.350388e-01,7.374710e-01,1.352367e+00,0.0024208949,1.13051e-05,130,PASS,1.050613e+00,1.043378e+00,1.056890e+00,0.058381,0.630667,0.656190,0.656190,0,0
bcs,mismatch,233,20261163,bcs,7.409111e-01,7.438407e-01,1.486718e+00,0.00292473294,4.86706e-06,106,PASS,1.052341e+00,1.059226e+00,1.035592e+00,0.222952,0.878667,1.372190,1.372190,0,0
bcs,mismatch,234,20261164,bcs,7.386933e-01,7.416811e-01,1.493026e+00,0.00295816745,2.963255e-05,105,PASS,1.050673e+00,1.063415e+00,1.024881e+00,0.064095,1.277619,2.392286,2.392286,0,0
bcs,mismatch,235,20261165,bcs,7.239518e-01,7.261521e-01,1.282019e+00,0.00218849882,1.180118e-05,149,FAIL,,,,,,,,0,0
bcs,mismatch,236,20261166,bcs,7.420365e-01,7.452468e-01,1.547386e+00,0.00315823333,5.206667e-05,98,PASS,1.053052e+00,1.054845e+00,1.044442e+00,0.290667,0.461429,0.529333,0.529333,0,0
bcs,mismatch,237,20261167,bcs,7.353871e-01,7.380382e-01,1.407612e+00,0.00263617608,1.492392e-05,119,PASS,1.050212e+00,1.045185e+00,1.052024e+00,0.020190,0.458571,0.192762,0.458571,1,0
bcs,mismatch,238,20261168,bcs,7.231895e-01,7.253764e-01,1.277834e+00,0.00217507647,1.182353e-05,150,FAIL,,,,,,,,0,0
bcs,mismatch,239,20261169,bcs,7.321152e-01,7.345373e-01,1.347807e+00,0.00241447765,7.62235e-06,132,PASS,1.051599e+00,1.048532e+00,1.051358e+00,0.152286,0.139810,0.129333,0.152286,1,0
bcs,mismatch,240,20261170,bcs,7.213157e-01,7.235059e-01,1.270577e+00,0.00215396588,3.623412e-05,153,PASS,1.051649e+00,1.045434e+00,1.056837e+00,0.157048,0.434857,0.651143,0.651143,0,0
bcs,mismatch,241,20261171,bcs,7.174974e-01,7.195459e-01,1.235425e+00,0.00203108863,1.741137e-05,164,PASS,1.051347e+00,1.033921e+00,1.072731e+00,0.128286,1.531333,2.164857,2.164857,0,0
bcs,mismatch,242,20261172,bcs,7.213434e-01,7.235598e-01,1.283615e+00,0.00220498667,1.141333e-05,149,PASS,1.050602e+00,1.038009e+00,1.064778e+00,0.057333,1.142000,1.407429,1.407429,0,0
bcs,mismatch,243,20261173,bcs,7.303221e-01,7.329006e-01,1.390587e+00,0.00258927412,-1.077412e-05,123,PASS,1.049813e+00,1.051211e+00,1.042289e+00,0.017810,0.115333,0.734381,0.734381,0,0
bcs,mismatch,244,20261174,bcs,7.229306e-01,7.252754e-01,1.309529e+00,0.00230038588,4.441412e-05,142,PASS,1.050392e+00,1.042764e+00,1.057712e+00,0.037333,0.689143,0.734476,0.734476,0,0
bcs,mismatch,245,20261175,bcs,7.442976e-01,7.474022e-01,1.529278e+00,0.00307835451,2.624549e-05,99,PASS,1.050708e+00,1.060648e+00,1.028275e+00,0.067429,1.014095,2.069048,2.069048,0,0
bcs,mismatch,246,20261176,bcs,7.364479e-01,7.390934e-01,1.405985e+00,0.00262563569,1.986431e-05,119,FAIL,,,,,,,,0,0
bcs,mismatch,247,20261177,bcs,7.287644e-01,7.311390e-01,1.331937e+00,0.00236538275,9.21725e-06,136,PASS,1.051217e+00,1.042405e+00,1.059310e+00,0.115905,0.723333,0.886667,0.886667,0,0
bcs,mismatch,248,20261178,bcs,7.216366e-01,7.237318e-01,1.254826e+00,0.00209093882,4.26118e-06,157,FAIL,,,,,,,,0,0
bcs,mismatch,249,20261179,bcs,7.308061e-01,7.333601e-01,1.381031e+00,0.00254990157,4.09843e-06,125,PASS,1.050458e+00,1.050950e+00,1.044031e+00,0.043619,0.090476,0.568476,0.568476,0,0
bcs,mismatch,250,20261180,bcs,7.288470e-01,7.315263e-01,1.405223e+00,0.0026524549,2.68451e-05,121,FAIL,,,,,,,,0,0
bcs,mismatch,251,20261181,bcs,7.272210e-01,7.295516e-01,1.318297e+00,0.0023179451,1.26549e-05,139,PASS,1.050305e+00,1.045069e+00,1.052638e+00,0.029048,0.469619,0.251238,0.469619,1,0
bcs,mismatch,252,20261182,bcs,7.176890e-01,7.194845e-01,1.172514e+00,0.00178362745,1.187255e-05,186,PASS,1.049968e+00,1.027128e+00,1.080423e+00,0.003048,2.178286,2.897429,2.897429,0,0
bcs,mismatch,253,20261183,bcs,7.112123e-01,7.129179e-01,1.146145e+00,0.00170561843,-1.84300001e-08,199,FAIL,,,,,,,,0,0
bcs,mismatch,254,20261184,bcs,7.297506e-01,7.322593e-01,1.363721e+00,0.00248615843,2.254157e-05,129,PASS,1.051341e+00,1.053772e+00,1.041807e+00,0.127714,0.359238,0.780286,0.780286,0,0
bcs,mismatch,255,20261185,bcs,7.268534e-01,7.291662e-01,1.313171e+00,0.00229928471,1.351529e-05,141,FAIL,,,,,,,,0,0
bcs,mismatch,256,20261186,bcs,7.458380e-01,7.487530e-01,1.489732e+00,0.00291723137,-2.23137e-06,104,PASS,1.050192e+00,1.063862e+00,1.023541e+00,0.018286,1.320190,2.519905,2.519905,0,0
bcs,mismatch,257,20261187,bcs,7.352459e-01,7.379018e-01,1.409921e+00,0.00264578471,1.011529e-05,119,PASS,1.051225e+00,1.050994e+00,1.047099e+00,0.116667,0.094667,0.276286,0.276286,1,0
bcs,mismatch,258,20261188,bcs,7.298795e-01,7.324680e-01,1.386406e+00,0.00257461373,1.388627e-05,124,PASS,1.049893e+00,1.047726e+00,1.047664e+00,0.010190,0.216571,0.222476,0.222476,1,0
bcs,mismatch,259,20261189,bcs,7.323064e-01,7.348289e-01,1.366546e+00,0.00248721412,3.528588e-05,128,PASS,1.051666e+00,1.050500e+00,1.048167e+00,0.158667,0.047619,0.174571,0.174571,1,0
bcs,mismatch,260,20261190,bcs,7.161925e-01,7.180447e-01,1.190460e+00,0.00185987255,-7.67255e-06,179,PASS,1.049571e+00,1.036544e+00,1.063729e+00,0.040857,1.281524,1.307524,1.307524,0,0
bcs,mismatch,261,20261191,bcs,7.276908e-01,7.300152e-01,1.320255e+00,0.00232378118,6.1882e-07,139,PASS,1.051658e+00,1.049704e+00,1.049224e+00,0.157905,0.028190,0.073905,0.157905,1,0
bcs,mismatch,262,20261192,bcs,7.383338e-01,7.412317e-01,1.472395e+00,0.00287867137,1.922863e-05,108,PASS,1.050558e+00,1.050980e+00,1.044815e+00,0.053143,0.093333,0.493810,0.493810,1,0
bcs,mismatch,263,20261193,bcs,7.353793e-01,7.380215e-01,1.399388e+00,0.00260395569,3.824431e-05,121,PASS,1.051545e+00,1.063251e+00,1.026801e+00,0.147143,1.262000,2.209429,2.209429,0,0
bcs,mismatch,264,20261194,bcs,7.276991e-01,7.301346e-01,1.347939e+00,0.00243231333,3.18667e-06,133,FAIL,,,,,,,,0,0
bcs,mismatch,265,20261195,bcs,7.284827e-01,7.309648e-01,1.359727e+00,0.00247546784,6.63216e-06,130,PASS,1.051232e+00,1.050797e+00,1.046598e+00,0.117333,0.075905,0.324000,0.324000,1,0
bcs,mismatch,266,20261196,bcs,7.305718e-01,7.329536e-01,1.333669e+00,0.00236508706,1.671294e-05,135,PASS,1.050415e+00,1.051066e+00,1.044026e+00,0.039524,0.101524,0.568952,0.568952,0,0
bcs,mismatch,267,20261197,bcs,7.305034e-01,7.329576e-01,1.353303e+00,0.00244235137,1.184863e-05,131,PASS,1.051507e+00,1.045071e+00,1.055514e+00,0.143524,0.469429,0.525143,0.525143,0,0
bcs,mismatch,268,20261198,bcs,7.417437e-01,7.449586e-01,1.553222e+00,0.00318226784,3.263216e-05,97,PASS,1.051670e+00,1.057004e+00,1.038230e+00,0.159048,0.667048,1.120952,1.120952,0,0
bcs,mismatch,269,20261199,bcs,7.116471e-01,7.135601e-01,1.195086e+00,0.00189583882,1.716118e-05,178,FAIL,,,,,,,,0,0
bcs,mismatch,270,20261200,bcs,7.269216e-01,7.294010e-01,1.358591e+00,0.0024771349,2.2651e-06,130,PASS,1.049862e+00,1.046665e+00,1.049367e+00,0.013143,0.317619,0.060286,0.317619,1,0
bcs,mismatch,271,20261201,bcs,7.407129e-01,7.433678e-01,1.415891e+00,0.00264775725,7.14275e-06,117,PASS,1.051560e+00,1.060511e+00,1.031859e+00,0.148571,1.001048,1.727714,1.727714,0,0
bcs,mismatch,272,20261202,bcs,7.394709e-01,7.423670e-01,1.470191e+00,0.00286556902,3.053098e-05,108,PASS,1.050085e+00,1.060096e+00,1.028218e+00,0.008095,0.961524,2.074476,2.074476,0,0
bcs,mismatch,273,20261203,bcs,7.270769e-01,7.294575e-01,1.325904e+00,0.00234834157,3.225843e-05,138,PASS,1.051945e+00,1.055615e+00,1.040528e+00,0.185238,0.534762,0.902095,0.902095,0,0
bcs,mismatch,274,20261204,bcs,7.219601e-01,7.242571e-01,1.301231e+00,0.00227165059,2.534941e-05,144,PASS,1.049741e+00,1.043814e+00,1.054211e+00,0.024667,0.589143,0.401048,0.589143,0,0
bcs,mismatch,275,20261205,bcs,7.336753e-01,7.363926e-01,1.421851e+00,0.00269872824,1.857176e-05,117,PASS,1.050478e+00,1.044741e+00,1.054591e+00,0.045524,0.500857,0.437238,0.500857,0,0
bcs,mismatch,276,20261206,bcs,7.221293e-01,7.243902e-01,1.300053e+00,0.00226636745,-5.46745e-06,145,FAIL,,,,,,,,0,0
bcs,mismatch,277,20261207,bcs,7.357937e-01,7.383097e-01,1.370802e+00,0.00249022863,2.577137e-05,126,FAIL,,,,,,,,0,0
bcs,mismatch,278,20261208,bcs,7.196374e-01,7.218303e-01,1.268716e+00,0.00215324941,3.965059e-05,153,PASS,1.049875e+00,1.036382e+00,1.066747e+00,0.011905,1.296952,1.594952,1.594952,0,0
bcs,mismatch,279,20261209,bcs,7.278784e-01,7.302148e-01,1.320693e+00,0.00232476314,1.163686e-05,139,PASS,1.052003e+00,1.046539e+00,1.054095e+00,0.190762,0.329619,0.390000,0.390000,1,0
bcs,mismatch,280,20261210,bcs,7.390284e-01,7.417735e-01,1.437498e+00,0.00273909647,6.00353e-06,114,FAIL,,,,,,,,0,0
bcs,mismatch,281,20261211,bcs,7.286659e-01,7.309696e-01,1.314190e+00,0.00229617294,7.52706e-06,140,PASS,1.050952e+00,1.042405e+00,1.058961e+00,0.090667,0.723333,0.853429,0.853429,0,0
bcs,mismatch,282,20261212,bcs,7.230590e-01,7.251964e-01,1.267539e+00,0.00213521569,2.18431e-06,153,FAIL,,,,,,,,0,0
bcs,mismatch,283,20261213,bcs,7.242463e-01,7.264824e-01,1.291145e+00,0.00222313216,1.296784e-05,147,FAIL,,,,,,,,0,0
bcs,mismatch,284,20261214,bcs,7.449725e-01,7.480178e-01,1.519603e+00,0.00303776667,7.53333e-06,100,FAIL,,,,,,,,0,0
bcs,mismatch,285,20261215,bcs,7.317850e-01,7.344189e-01,1.399734e+00,0.00261940784,1.449216e-05,121,PASS,1.049962e+00,1.055556e+00,1.035947e+00,0.003619,0.529143,1.338381,1.338381,0,0
bcs,mismatch,286,20261216,bcs,7.436946e-01,7.468504e-01,1.546375e+00,0.00314776627,8.03373e-06,97,FAIL,,,,,,,,0,0
bcs,mismatch,287,20261217,bcs,7.358812e-01,7.384779e-01,1.383992e+00,0.00254161098,5.508902e-05,124,FAIL,,,,,,,,0,0
bcs,mismatch,288,20261218,bcs,7.226454e-01,7.247997e-01,1.272594e+00,0.00215666118,-2.36118e-06,152,FAIL,,,,,,,,0,0
bcs,mismatch,289,20261219,bcs,7.207066e-01,7.226759e-01,1.229844e+00,0.00199661725,-2.731725e-05,165,PASS,1.050600e+00,1.031781e+00,1.073319e+00,0.057143,1.735143,2.220857,2.220857,0,0
bcs,mismatch,290,20261220,bcs,7.341685e-01,7.369836e-01,1.444973e+00,0.00278746863,2.763137e-05,113,PASS,1.050525e+00,1.060486e+00,1.029606e+00,0.050000,0.998667,1.942286,1.942286,0,0
bcs,mismatch,291,20261221,bcs,7.354060e-01,7.379901e-01,1.403362e+00,0.00261943529,-3.533529e-05,120,PASS,1.050671e+00,1.050571e+00,1.045584e+00,0.063905,0.054381,0.420571,0.420571,1,0
bcs,mismatch,292,20261222,bcs,7.243524e-01,7.266172e-01,1.297613e+00,0.00224808078,1.671922e-05,145,PASS,1.051267e+00,1.038452e+00,1.065385e+00,0.120667,1.099810,1.465238,1.465238,0,0
bcs,mismatch,293,20261223,bcs,7.312476e-01,7.338374e-01,1.379239e+00,0.00254114275,4.865725e-05,125,PASS,1.050137e+00,1.055979e+00,1.035448e+00,0.013048,0.569429,1.385905,1.385905,0,0
bcs,mismatch,294,20261224,bcs,7.254797e-01,7.278995e-01,1.338730e+00,0.00240490314,1.489686e-05,135,PASS,1.050880e+00,1.045780e+00,1.053715e+00,0.083810,0.401905,0.353810,0.401905,1,0
bcs,mismatch,295,20261225,bcs,7.263435e-01,7.286519e-01,1.307771e+00,0.00228010784,2.829216e-05,142,FAIL,,,,,,,,0,0
bcs,mismatch,296,20261226,bcs,7.243042e-01,7.265985e-01,1.299338e+00,0.00225503451,3.926549e-05,144,FAIL,,,,,,,,0,0
bcs,mismatch,297,20261227,bcs,7.322222e-01,7.349806e-01,1.435146e+00,0.00275656392,1.83608e-06,115,PASS,1.050327e+00,1.061614e+00,1.026655e+00,0.031143,1.106095,2.223333,2.223333,0,0
bcs,mismatch,298,20261228,bcs,7.296388e-01,7.321612e-01,1.362931e+00,0.00248349882,3.890118e-05,129,PASS,1.050853e+00,1.060279e+00,1.030407e+00,0.081238,0.978952,1.866000,1.866000,0,0
bcs,mismatch,299,20261229,bcs,7.280802e-01,7.303918e-01,1.313249e+00,0.00229477961,1.682039e-05,140,PASS,1.050126e+00,1.050046e+00,1.044589e+00,0.012000,0.004381,0.515333,0.515333,0,0
wcs,mismatch,0,20260930,wcs,7.195097e-01,7.209711e-01,1.093117e+00,0.00146512667,-3.72667e-06,226,PASS,1.050707e+00,1.002467e+00,1.121262e+00,0.067333,4.526952,6.786857,6.786857,0,0
wcs,mismatch,1,20260931,wcs,7.495164e-01,7.524517e-01,1.494328e+00,0.0029208298,1.44702e-05,103,PASS,1.051579e+00,1.064546e+00,1.025500e+00,0.150381,1.385333,2.333333,2.333333,0,0
wcs,mismatch,2,20260932,wcs,7.311117e-01,7.332545e-01,1.276892e+00,0.0021403149,2.4851e-06,149,PASS,1.050781e+00,1.031041e+00,1.076220e+00,0.074381,1.805619,2.497143,2.497143,0,0
wcs,mismatch,3,20260933,wcs,7.368407e-01,7.391979e-01,1.326972e+00,0.00231424039,4.295961e-05,135,PASS,1.050153e+00,1.049031e+00,1.046484e+00,0.014571,0.092286,0.334857,0.334857,1,0
wcs,mismatch,4,20260934,wcs,7.315385e-01,7.336151e-01,1.257301e+00,0.00206181373,1.478627e-05,154,PASS,1.049843e+00,1.041746e+00,1.057454e+00,0.014952,0.786095,0.709905,0.786095,0,0
wcs,mismatch,5,20260935,wcs,7.374492e-01,7.398904e-01,1.351947e+00,0.00240979529,3.140471e-05,130,PASS,1.051363e+00,1.050983e+00,1.046354e+00,0.129810,0.093619,0.347238,0.347238,1,0
wcs,mismatch,6,20260936,wcs,7.309419e-01,7.330472e-01,1.270919e+00,0.00211755725,-1.225725e-05,151,PASS,1.051382e+00,1.043748e+00,1.057919e+00,0.131619,0.595429,0.754190,0.754190,0,0
wcs,mismatch,7,20260937,wcs,7.404019e-01,7.430930e-01,1.421336e+00,0.0026703298,2.07702e-05,116,PASS,1.051176e+00,1.064279e+00,1.025279e+00,0.112000,1.359905,2.354381,2.354381,0,0
wcs,mismatch,8,20260938,wcs,7.413040e-01,7.438580e-01,1.386693e+00,0.00253093725,2.306275e-05,122,PASS,1.051197e+00,1.055638e+00,1.038611e+00,0.114000,0.536952,1.084667,1.084667,0,0
wcs,mismatch,9,20260939,wcs,7.354417e-01,7.375295e-01,1.264283e+00,0.00207388745,1.391255e-05,152,PASS,1.051325e+00,1.035965e+00,1.070121e+00,0.126190,1.336667,1.916286,1.916286,0,0
wcs,mismatch,10,20260940,wcs,7.292473e-01,7.314677e-01,1.293566e+00,0.00221301451,7.38549e-06,145,PASS,1.050764e+00,1.036500e+00,1.068979e+00,0.072762,1.285714,1.807524,1.807524,0,0
wcs,mismatch,11,20260941,wcs,7.214077e-01,7.230866e-01,1.149324e+00,0.00167810314,7.9686e-07,196,PASS,1.050587e+00,1.038651e+00,1.064535e+00,0.055905,1.080857,1.384286,1.384286,0,0
wcs,mismatch,12,20260942,wcs,7.516760e-01,7.550020e-01,1.595078e+00,0.00330745882,1.854118e-05,90,PASS,1.050652e+00,1.062482e+00,1.026072e+00,0.062095,1.188762,2.278857,2.278857,0,0
wcs,mismatch,13,20260943,wcs,7.428182e-01,7.453666e-01,1.384426e+00,0.00251610902,3.229098e-05,122,PASS,1.050800e+00,1.053650e+00,1.041502e+00,0.076190,0.347619,0.809333,0.809333,0,0
wcs,mismatch,14,20260944,wcs,7.448981e-01,7.475403e-01,1.418013e+00,0.00263966627,2.53373e-06,116,PASS,1.052202e+00,1.055109e+00,1.041798e+00,0.209714,0.486571,0.781143,0.781143,0,0
wcs,mismatch,15,20260945,wcs,7.399914e-01,7.422490e-01,1.310404e+00,0.00223691216,2.068784e-05,139,PASS,1.051695e+00,1.047194e+00,1.053459e+00,0.161429,0.267238,0.329429,0.329429,1,0
wcs,mismatch,16,20260946,wcs,7.303273e-01,7.323589e-01,1.241379e+00,0.00200412431,2.747569e-05,160,PASS,1.051530e+00,1.038348e+00,1.067343e+00,0.145714,1.109714,1.651714,1.651714,0,0
wcs,mismatch,17,20260947,wcs,7.385751e-01,7.411161e-01,1.379033e+00,0.00251159961,2.940039e-05,124,PASS,1.051068e+00,1.049881e+00,1.048027e+00,0.101714,0.011333,0.187905,0.187905,1,0
wcs,mismatch,18,20260948,wcs,7.383528e-01,7.405643e-01,1.293043e+00,0.00217525569,3.624431e-05,143,PASS,1.050105e+00,1.057263e+00,1.033966e+00,0.010000,0.691714,1.527048,1.527048,0,0
wcs,mismatch,19,20260949,wcs,7.258340e-01,7.276357e-01,1.187787e+00,0.00181158039,-9.88039e-06,179,PASS,1.050502e+00,1.030011e+00,1.076644e+00,0.047810,1.903714,2.537524,2.537524,0,0
wcs,mismatch,20,20260950,wcs,7.375401e-01,7.398858e-01,1.333344e+00,0.00233648588,9.21412e-06,134,PASS,1.051447e+00,1.043759e+00,1.058463e+00,0.137810,0.594381,0.806000,0.806000,0,0
wcs,mismatch,21,20260951,wcs,7.318441e-01,7.341498e-01,1.313232e+00,0.00227995255,2.574745e-05,140,PASS,1.051907e+00,1.057819e+00,1.037430e+00,0.181619,0.744667,1.197143,1.197143,0,0
wcs,mismatch,22,20260952,wcs,7.316056e-01,7.337187e-01,1.269194e+00,0.0021081898,4.9102e-06,151,PASS,1.050615e+00,1.036161e+00,1.068826e+00,0.058571,1.318000,1.792952,1.792952,0,0
wcs,mismatch,23,20260953,wcs,7.348298e-01,7.372298e-01,1.337622e+00,0.00236389098,3.610902e-05,133,PASS,1.050179e+00,1.047451e+00,1.048700e+00,0.017048,0.242762,0.123810,0.242762,1,0
wcs,mismatch,24,20260954,wcs,7.310872e-01,7.331855e-01,1.264449e+00,0.0020916149,6.6851e-06,152,PASS,1.049736e+00,1.039960e+00,1.060216e+00,0.025143,0.956190,0.972952,0.972952,0,0
wcs,mismatch,25,20260955,wcs,7.518682e-01,7.545534e-01,1.431543e+00,0.00266539137,1.980863e-05,112,PASS,1.051425e+00,1.054548e+00,1.041223e+00,0.135714,0.433143,0.835905,0.835905,0,0
wcs,mismatch,26,20260956,wcs,7.419768e-01,7.447476e-01,1.440388e+00,0.00273886745,3.193255e-05,112,PASS,1.049924e+00,1.057066e+00,1.034149e+00,0.007238,0.672952,1.509619,1.509619,0,0
wcs,mismatch,27,20260957,wcs,7.391002e-01,7.416050e-01,1.368443e+00,0.00246801098,3.678902e-05,126,PASS,1.050796e+00,1.051423e+00,1.044919e+00,0.075810,0.135524,0.483905,0.483905,1,0
wcs,mismatch,28,20260958,wcs,7.358240e-01,7.382709e-01,1.357825e+00,0.00243921961,7.68039e-06,129,PASS,1.051446e+00,1.048851e+00,1.050899e+00,0.137714,0.109429,0.085619,0.137714,1,0
wcs,mismatch,29,20260959,wcs,7.302247e-01,7.323306e-01,1.267900e+00,0.00210853059,-2.63059e-06,152,PASS,1.051297e+00,1.046105e+00,1.054521e+00,0.123524,0.370952,0.430571,0.430571,1,0
wcs,mismatch,30,20260960,wcs,7.345372e-01,7.368637e-01,1.322367e+00,0.0023052149,2.12851e-05,137,PASS,1.051311e+00,1.048206e+00,1.052000e+00,0.124857,0.170857,0.190476,0.190476,1,0
wcs,mismatch,31,20260961,wcs,7.401498e-01,7.424743e-01,1.330048e+00,0.00231332627,1.117373e-05,134,PASS,1.050949e+00,1.043401e+00,1.057385e+00,0.090381,0.628476,0.703333,0.703333,0,0
wcs,mismatch,32,20260962,wcs,7.329682e-01,7.351108e-01,1.275494e+00,0.00212755216,1.504784e-05,149,PASS,1.050513e+00,1.050758e+00,1.044795e+00,0.048857,0.072190,0.495714,0.495714,1,0
wcs,mismatch,33,20260963,wcs,7.402027e-01,7.427715e-01,1.401007e+00,0.00259138941,-2.258941e-05,120,PASS,1.052189e+00,1.053016e+00,1.045460e+00,0.208476,0.287238,0.432381,0.432381,1,0
wcs,mismatch,34,20260964,wcs,7.290800e-01,7.310024e-01,1.217082e+00,0.00191373333,8.66667e-06,168,PASS,1.051122e+00,1.035353e+00,1.070345e+00,0.106857,1.394952,1.937619,1.937619,0,0
wcs,mismatch,35,20260965,wcs,7.227399e-01,7.246867e-01,1.216954e+00,0.00193809451,8.70549e-06,169,PASS,1.050721e+00,1.036758e+00,1.068566e+00,0.068667,1.261143,1.768190,1.768190,0,0
wcs,mismatch,36,20260966,wcs,7.347733e-01,7.369810e-01,1.291547e+00,0.00218342627,2.427373e-05,144,PASS,1.049888e+00,1.045031e+00,1.052904e+00,0.010667,0.473238,0.276571,0.473238,1,0
wcs,mismatch,37,20260967,wcs,7.303549e-01,7.325536e-01,1.290775e+00,0.00219772588,9.7412e-07,145,PASS,1.049738e+00,1.040846e+00,1.058884e+00,0.024952,0.871810,0.846095,0.871810,0,0
wcs,mismatch,38,20260968,wcs,7.364140e-01,7.384707e-01,1.259334e+00,0.00205066667,6.03333e-06,153,PASS,1.050853e+00,1.037681e+00,1.067480e+00,0.081238,1.173238,1.664762,1.664762,0,0
wcs,mismatch,39,20260969,wcs,7.413156e-01,7.437244e-01,1.351065e+00,0.00239117412,1.762588e-05,129,PASS,1.050639e+00,1.045756e+00,1.053250e+00,0.060857,0.404190,0.309524,0.404190,1,0
wcs,mismatch,40,20260970,wcs,7.414794e-01,7.440363e-01,1.391535e+00,0.00254923765,7.66235e-06,121,FAIL,,,,,,,,0,0
wcs,mismatch,41,20260971,wcs,7.428949e-01,7.455395e-01,1.415258e+00,0.00263671804,7.88196e-06,116,PASS,1.049679e+00,1.051104e+00,1.042118e+00,0.030571,0.105143,0.750667,0.750667,0,0
wcs,mismatch,42,20260972,wcs,7.405414e-01,7.431590e-01,1.402194e+00,0.00259471608,2.288392e-05,119,PASS,1.050396e+00,1.052399e+00,1.041481e+00,0.037714,0.228476,0.811333,0.811333,0,0
wcs,mismatch,43,20260973,wcs,7.428153e-01,7.456808e-01,1.463846e+00,0.00282757137,3.792863e-05,109,PASS,1.052302e+00,1.061024e+00,1.033202e+00,0.219238,1.049905,1.599810,1.599810,0,0
wcs,mismatch,44,20260974,wcs,7.363118e-01,7.385188e-01,1.301715e+00,0.00221726745,-1.026745e-05,141,PASS,1.049701e+00,1.047582e+00,1.048112e+00,0.028476,0.230286,0.179810,0.230286,1,0
wcs,mismatch,45,20260975,wcs,7.225582e-01,7.244937e-01,1.213829e+00,0.00192655216,8.94784e-06,170,PASS,1.050668e+00,1.039066e+00,1.064391e+00,0.063619,1.041333,1.370571,1.370571,0,0
wcs,mismatch,46,20260976,wcs,7.388717e-01,7.412840e-01,1.349885e+00,0.00239613059,1.616941e-05,130,PASS,1.051363e+00,1.040816e+00,1.063314e+00,0.129810,0.874667,1.268000,1.268000,0,0
wcs,mismatch,47,20260977,wcs,7.420979e-01,7.446569e-01,1.390332e+00,0.00254209451,1.690549e-05,121,PASS,1.050734e+00,1.055990e+00,1.036944e+00,0.069905,0.570476,1.243429,1.243429,0,0
wcs,mismatch,48,20260978,wcs,7.402975e-01,7.429024e-01,1.402964e+00,0.00259869216,6.20784e-06,119,PASS,1.050588e+00,1.050698e+00,1.045021e+00,0.056000,0.066476,0.474190,0.474190,1,0
wcs,mismatch,49,20260979,wcs,7.321209e-01,7.343825e-01,1.303925e+00,0.00224236902,1.923098e-05,142,PASS,1.051169e+00,1.043115e+00,1.058203e+00,0.111333,0.655714,0.781238,0.781238,0,0
wcs,mismatch,50,20260980,wcs,7.491662e-01,7.519496e-01,1.450251e+00,0.00274935216,3.404784e-05,109,PASS,1.050132e+00,1.051125e+00,1.043300e+00,0.012571,0.107143,0.638095,0.638095,0,0
wcs,mismatch,51,20260981,wcs,7.441111e-01,7.467023e-01,1.403700e+00,0.00258662314,4.57686e-06,118,PASS,1.050367e+00,1.052560e+00,1.042485e+00,0.034952,0.243810,0.715714,0.715714,0,0
wcs,mismatch,52,20260982,wcs,7.427554e-01,7.451783e-01,1.357902e+00,0.00241233961,1.056039e-05,127,PASS,1.049979e+00,1.038358e+00,1.063583e+00,0.002000,1.108762,1.293619,1.293619,0,0
wcs,mismatch,53,20260983,wcs,7.322241e-01,7.343872e-01,1.283234e+00,0.00216082314,2.27686e-06,147,PASS,1.050550e+00,1.039778e+00,1.061795e+00,0.052381,0.973524,1.123333,1.123333,0,0
wcs,mismatch,54,20260984,wcs,7.424567e-01,7.450737e-01,1.409568e+00,0.00261612275,8.7725e-07,118,PASS,1.051962e+00,1.054685e+00,1.041692e+00,0.186857,0.446190,0.791238,0.791238,0,0
wcs,mismatch,55,20260985,wcs,7.368121e-01,7.390798e-01,1.314504e+00,0.00226545843,2.24157e-06,138,PASS,1.050072e+00,1.046500e+00,1.051162e+00,0.006857,0.333333,0.110667,0.333333,1,0
wcs,mismatch,56,20260986,wcs,7.428455e-01,7.456090e-01,1.440840e+00,0.00273723333,2.626667e-05,112,PASS,1.050364e+00,1.055701e+00,1.035860e+00,0.034667,0.542952,1.346667,1.346667,0,0
wcs,mismatch,57,20260987,wcs,7.404900e-01,7.428588e-01,1.342436e+00,0.00236057255,8.22745e-06,131,PASS,1.050316e+00,1.048317e+00,1.047941e+00,0.030095,0.160286,0.196095,0.196095,1,0
wcs,mismatch,58,20260988,wcs,7.421643e-01,7.449199e-01,1.440111e+00,0.00273704588,1.855412e-05,112,PASS,1.050094e+00,1.054409e+00,1.039134e+00,0.008952,0.419905,1.034857,1.034857,0,0
wcs,mismatch,59,20260989,wcs,7.372602e-01,7.396762e-01,1.352087e+00,0.00241108549,4.91451e-06,130,PASS,1.051562e+00,1.052474e+00,1.045372e+00,0.148762,0.235619,0.440762,0.440762,1,0
wcs,mismatch,60,20260990,wcs,7.420518e-01,7.446318e-01,1.399740e+00,0.00257916941,8.3059e-07,119,PASS,1.050027e+00,1.050659e+00,1.043552e+00,0.002571,0.062762,0.614095,0.614095,0,0
wcs,mismatch,61,20260991,wcs,7.236636e-01,7.254255e-01,1.174108e+00,0.00176644863,-4.54863e-06,185,PASS,1.050755e+00,1.019695e+00,1.093667e+00,0.071905,2.886190,4.158762,4.158762,0,0
wcs,mismatch,62,20260992,wcs,7.500945e-01,7.530372e-01,1.489660e+00,0.00290025686,4.244314e-05,103,FAIL,,,,,,,,0,0
wcs,mismatch,63,20260993,wcs,7.484958e-01,7.513074e-01,1.465045e+00,0.00280999686,1.60314e-06,107,PASS,1.050386e+00,1.056373e+00,1.035852e+00,0.036762,0.606952,1.347429,1.347429,0,0
wcs,mismatch,64,20260994,wcs,7.388446e-01,7.413857e-01,1.373136e+00,0.00248741725,5.368275e-05,125,PASS,1.050961e+00,1.049900e+00,1.047331e+00,0.091524,0.009524,0.254190,0.254190,1,0
wcs,mismatch,65,20260995,wcs,7.342191e-01,7.364371e-01,1.292678e+00,0.0021900349,2.79651e-05,144,PASS,1.050215e+00,1.043976e+00,1.054760e+00,0.020476,0.573714,0.453333,0.573714,0,0
wcs,mismatch,66,20260996,wcs,7.494108e-01,7.521455e-01,1.442942e+00,0.0027197302,1.49698e-05,111,PASS,1.052320e+00,1.051795e+00,1.047718e+00,0.220952,0.170952,0.217333,0.220952,1,0
wcs,mismatch,67,20260997,wcs,7.436590e-01,7.465283e-01,1.470955e+00,0.00285214118,1.715882e-05,107,PASS,1.049956e+00,1.056809e+00,1.033060e+00,0.004190,0.648476,1.613333,1.613333,0,0
wcs,mismatch,68,20260998,wcs,7.508578e-01,7.537900e-01,1.493575e+00,0.00291261647,1.958353e-05,103,PASS,1.052156e+00,1.055934e+00,1.040709e+00,0.205333,0.565143,0.884857,0.884857,0,0
wcs,mismatch,69,20260999,wcs,7.322482e-01,7.342906e-01,1.252169e+00,0.0020389051,3.4949e-06,156,PASS,1.050921e+00,1.035478e+00,1.070903e+00,0.087714,1.383048,1.990762,1.990762,0,0
wcs,mismatch,70,20261000,wcs,7.429705e-01,7.453887e-01,1.356783e+00,0.00240710784,1.109216e-05,128,FAIL,,,,,,,,0,0
wcs,mismatch,71,20261001,wcs,7.340294e-01,7.362239e-01,1.293095e+00,0.00219241412,2.08588e-06,144,FAIL,,,,,,,,0,0
wcs,mismatch,72,20261002,wcs,7.513392e-01,7.543276e-01,1.510811e+00,0.00297832078,1.007922e-05,100,PASS,1.050432e+00,1.066423e+00,1.019486e+00,0.041143,1.564095,2.906095,2.906095,0,0
wcs,mismatch,73,20261003,wcs,7.455347e-01,7.484877e-01,1.491058e+00,0.00292362078,2.937922e-05,104,PASS,1.050882e+00,1.060058e+00,1.031060e+00,0.084000,0.957905,1.803810,1.803810,0,0
wcs,mismatch,74,20261004,wcs,7.340077e-01,7.362039e-01,1.298949e+00,0.00221545608,-1.925608e-05,143,PASS,1.051542e+00,1.033080e+00,1.076398e+00,0.146857,1.611429,2.514095,2.514095,0,0
wcs,mismatch,75,20261005,wcs,7.401205e-01,7.427484e-01,1.406706e+00,0.00261406078,1.383922e-05,119,PASS,1.052262e+00,1.049438e+00,1.051698e+00,0.215429,0.053524,0.161714,0.215429,1,0
wcs,mismatch,76,20261006,wcs,7.375415e-01,7.400010e-01,1.358013e+00,0.00243322157,2.627843e-05,128,PASS,1.049818e+00,1.048340e+00,1.047039e+00,0.017333,0.158095,0.282000,0.282000,1,0
wcs,mismatch,77,20261007,wcs,7.361374e-01,7.384728e-01,1.331151e+00,0.00233338667,2.01333e-06,135,PASS,1.051897e+00,1.040643e+00,1.064599e+00,0.180667,0.891143,1.390381,1.390381,0,0
wcs,mismatch,78,20261008,wcs,7.286191e-01,7.304784e-01,1.200902e+00,0.0018520898,7.2102e-06,174,FAIL,,,,,,,,0,0
wcs,mismatch,79,20261009,wcs,7.408785e-01,7.433827e-01,1.373363e+00,0.00248033137,2.386863e-05,125,PASS,1.051816e+00,1.053675e+00,1.043765e+00,0.172952,0.350000,0.593810,0.593810,0,0
wcs,mismatch,80,20261010,wcs,7.262658e-01,7.282738e-01,1.242141e+00,0.00202304,-1.504e-05,160,PASS,1.050603e+00,1.034308e+00,1.070580e+00,0.057429,1.494476,1.960000,1.960000,0,0
wcs,mismatch,81,20261011,wcs,7.368704e-01,7.391044e-01,1.301008e+00,0.00221230431,2.169569e-05,142,PASS,1.051804e+00,1.045985e+00,1.057220e+00,0.171810,0.382381,0.687619,0.687619,0,0
wcs,mismatch,82,20261012,wcs,7.463719e-01,7.492003e-01,1.464143e+00,0.00281478863,1.361137e-05,108,PASS,1.051484e+00,1.057917e+00,1.036222e+00,0.141333,0.754000,1.312190,1.312190,0,0
wcs,mismatch,83,20261013,wcs,7.390718e-01,7.416807e-01,1.400031e+00,0.00259199686,1.690314e-05,120,PASS,1.051248e+00,1.054164e+00,1.041233e+00,0.118857,0.396571,0.834952,0.834952,0,0
wcs,mismatch,84,20261014,wcs,7.316562e-01,7.339060e-01,1.300246e+00,0.00222976392,2.003608e-05,143,PASS,1.051248e+00,1.040692e+00,1.062443e+00,0.118857,0.886476,1.185048,1.185048,0,0
wcs,mismatch,85,20261015,wcs,7.291104e-01,7.312754e-01,1.271550e+00,0.00212721412,3.778588e-05,151,PASS,1.050894e+00,1.046203e+00,1.052289e+00,0.085143,0.361619,0.218000,0.361619,1,0
wcs,mismatch,86,20261016,wcs,7.478075e-01,7.505055e-01,1.438198e+00,0.00270741373,-9.41373e-06,112,FAIL,,,,,,,,0,0
wcs,mismatch,87,20261017,wcs,7.488349e-01,7.519841e-01,1.541022e+00,0.00310661608,4.258392e-05,97,PASS,1.051355e+00,1.061618e+00,1.030228e+00,0.129048,1.106476,1.883048,1.883048,0,0
wcs,mismatch,88,20261018,wcs,7.448663e-01,7.475523e-01,1.416275e+00,0.00263297529,5.302471e-05,116,PASS,1.051309e+00,1.053071e+00,1.043029e+00,0.124667,0.292476,0.663905,0.663905,0,0
wcs,mismatch,89,20261019,wcs,7.430046e-01,7.454827e-01,1.374488e+00,0.00247640549,1.69451e-06,124,PASS,1.050910e+00,1.053673e+00,1.040788e+00,0.086667,0.349810,0.877333,0.877333,0,0
wcs,mismatch,90,20261020,wcs,7.364104e-01,7.387045e-01,1.314273e+00,0.00226612784,2.797216e-05,138,PASS,1.049760e+00,1.044177e+00,1.053884e+00,0.022857,0.554571,0.369905,0.554571,0,0
wcs,mismatch,91,20261021,wcs,7.369650e-01,7.394048e-01,1.358107e+00,0.00243585098,3.94902e-06,129,PASS,1.052217e+00,1.048904e+00,1.052515e+00,0.211143,0.104381,0.239524,0.239524,1,0
wcs,mismatch,92,20261022,wcs,7.356467e-01,7.378678e-01,1.300965e+00,0.00221693451,4.16549e-06,142,PASS,1.051162e+00,1.043201e+00,1.058355e+00,0.110667,0.647524,0.795714,0.795714,0,0
wcs,mismatch,93,20261023,wcs,7.356353e-01,7.379192e-01,1.317603e+00,0.00228222627,1.67373e-06,138,PASS,1.051078e+00,1.044560e+00,1.055299e+00,0.102667,0.518095,0.504667,0.518095,0,0
wcs,mismatch,94,20261024,wcs,7.572506e-01,7.603454e-01,1.545287e+00,0.00309033882,4.46118e-06,95,PASS,1.052194e+00,1.066292e+00,1.023819e+00,0.208952,1.551619,2.493429,2.493429,0,0
wcs,mismatch,95,20261025,wcs,7.479418e-01,7.507544e-01,1.463730e+00,0.00280701255,5.58745e-06,108,PASS,1.052257e+00,1.050878e+00,1.049114e+00,0.214952,0.083619,0.084381,0.214952,1,0
wcs,mismatch,96,20261026,wcs,7.434604e-01,7.459992e-01,1.383504e+00,0.0025099749,2.88251e-05,122,PASS,1.050602e+00,1.058175e+00,1.033823e+00,0.057333,0.778571,1.540667,1.540667,0,0
wcs,mismatch,97,20261027,wcs,7.424225e-01,7.448889e-01,1.370171e+00,0.00246175882,4.64118e-06,125,PASS,1.050868e+00,1.041739e+00,1.060261e+00,0.082667,0.786762,0.977238,0.977238,0,0
wcs,mismatch,98,20261028,wcs,7.467284e-01,7.493188e-01,1.404333e+00,0.00257884157,1.155843e-05,118,PASS,1.051939e+00,1.044941e+00,1.058296e+00,0.184667,0.481810,0.790095,0.790095,0,0
wcs,mismatch,99,20261029,wcs,7.469464e-01,7.497345e-01,1.454711e+00,0.00277554745,1.255255e-05,109,PASS,1.050730e+00,1.051664e+00,1.044194e+00,0.069524,0.158476,0.552952,0.552952,0,0
wcs,mismatch,100,20261030,wcs,7.365612e-01,7.389643e-01,1.348603e+00,0.00240016392,2.93608e-06,131,PASS,1.051767e+00,1.050069e+00,1.048965e+00,0.168286,0.006571,0.098571,0.168286,1,0
wcs,mismatch,101,20261031,wcs,7.419760e-01,7.445425e-01,1.388827e+00,0.00253667059,2.982941e-05,121,PASS,1.049894e+00,1.052495e+00,1.040876e+00,0.010095,0.237619,0.868952,0.868952,0,0
wcs,mismatch,102,20261032,wcs,7.510052e-01,7.538701e-01,1.475646e+00,0.00284172863,2.317137e-05,105,PASS,1.050621e+00,1.060506e+00,1.029285e+00,0.059143,1.000571,1.972857,1.972857,0,0
wcs,mismatch,103,20261033,wcs,7.342830e-01,7.365672e-01,1.311815e+00,0.00226483137,1.936863e-05,139,PASS,1.049919e+00,1.047304e+00,1.048579e+00,0.007714,0.256762,0.135333,0.256762,1,0
wcs,mismatch,104,20261034,wcs,7.391426e-01,7.415474e-01,1.354589e+00,0.00241351529,-8.71529e-06,129,PASS,1.051430e+00,1.050816e+00,1.046962e+00,0.136190,0.077714,0.289333,0.289333,1,0
wcs,mismatch,105,20261035,wcs,7.384878e-01,7.409425e-01,1.356418e+00,0.00242325569,3.144431e-05,129,PASS,1.051891e+00,1.048084e+00,1.051543e+00,0.180095,0.182476,0.146952,0.182476,1,0
wcs,mismatch,106,20261036,wcs,7.440501e-01,7.467235e-01,1.421946e+00,0.00265841529,1.498471e-05,115,PASS,1.050790e+00,1.057511e+00,1.034870e+00,0.075238,0.715333,1.440952,1.440952,0,0
wcs,mismatch,107,20261037,wcs,7.335349e-01,7.356278e-01,1.269360e+00,0.0021012749,-8.3749e-06,151,PASS,1.051716e+00,1.027477e+00,1.085798e+00,0.163429,2.145048,3.409333,3.409333,0,0
wcs,mismatch,108,20261038,wcs,7.511538e-01,7.541970e-01,1.515427e+00,0.0029971498,4.60502e-05,100,PASS,1.052124e+00,1.053520e+00,1.044255e+00,0.202286,0.335238,0.547143,0.547143,0,0
wcs,mismatch,109,20261039,wcs,7.424483e-01,7.451080e-01,1.417313e+00,0.00264652824,1.317176e-05,116,PASS,1.050498e+00,1.058248e+00,1.033355e+00,0.047429,0.785524,1.585238,1.585238,0,0
wcs,mismatch,110,20261040,wcs,7.391947e-01,7.416811e-01,1.370622e+00,0.00247618549,1.021451e-05,126,PASS,1.052167e+00,1.053718e+00,1.044437e+00,0.206381,0.354095,0.529810,0.529810,0,0
wcs,mismatch,111,20261041,wcs,7.394223e-01,7.418672e-01,1.359384e+00,0.00243122235,1.367765e-05,128,PASS,1.051460e+00,1.055178e+00,1.039701e+00,0.139048,0.493143,0.980857,0.980857,0,0
wcs,mismatch,112,20261042,wcs,7.317144e-01,7.338335e-01,1.268414e+00,0.00210470431,1.439569e-05,151,PASS,1.050146e+00,1.040825e+00,1.059694e+00,0.013905,0.873810,0.923238,0.923238,0,0
wcs,mismatch,113,20261043,wcs,7.345887e-01,7.366878e-01,1.271862e+00,0.00210695412,-7.85412e-06,150,PASS,1.051359e+00,1.045564e+00,1.056008e+00,0.129429,0.422476,0.572190,0.572190,0,0
wcs,mismatch,114,20261044,wcs,7.368979e-01,7.392241e-01,1.326816e+00,0.00231340431,1.279569e-05,135,PASS,1.050121e+00,1.038105e+00,1.063428e+00,0.011524,1.132857,1.278857,1.278857,0,0
wcs,mismatch,115,20261045,wcs,7.444673e-01,7.469652e-01,1.381389e+00,0.00249773216,1.6784e-07,122,PASS,1.050119e+00,1.045641e+00,1.052247e+00,0.011333,0.415143,0.214000,0.415143,1,0
wcs,mismatch,116,20261046,wcs,7.475164e-01,7.503629e-01,1.473934e+00,0.00284869647,-2.19647e-06,106,PASS,1.050693e+00,1.059790e+00,1.030487e+00,0.066000,0.932381,1.858381,1.858381,0,0
wcs,mismatch,117,20261047,wcs,7.369826e-01,7.394354e-01,1.361104e+00,0.0024475349,5.2651e-06,128,PASS,1.051340e+00,1.053773e+00,1.042206e+00,0.127619,0.359333,0.742286,0.742286,0,0
wcs,mismatch,118,20261048,wcs,7.320678e-01,7.343447e-01,1.302563e+00,0.00223723608,3.966392e-05,142,PASS,1.050429e+00,1.035889e+00,1.068208e+00,0.040857,1.343905,1.734095,1.734095,0,0
wcs,mismatch,119,20261049,wcs,7.461651e-01,7.490166e-01,1.468017e+00,0.00283079176,2.070824e-05,107,PASS,1.050120e+00,1.056462e+00,1.034500e+00,0.011429,0.615429,1.476190,1.476190,0,0
wcs,mismatch,120,20261050,wcs,7.287094e-01,7.306604e-01,1.230114e+00,0.00196629255,-1.529255e-05,163,PASS,1.049917e+00,1.029406e+00,1.076923e+00,0.007905,1.961333,2.564095,2.564095,0,0
wcs,mismatch,121,20261051,wcs,7.460196e-01,7.489741e-01,1.500228e+00,0.00295768,-3.18e-06,103,PASS,1.051756e+00,1.065612e+00,1.024120e+00,0.167238,1.486857,2.464762,2.464762,0,0
wcs,mismatch,122,20261052,wcs,7.448764e-01,7.475682e-01,1.427795e+00,0.00267811216,1.368784e-05,114,PASS,1.050968e+00,1.051434e+00,1.045386e+00,0.092190,0.136571,0.439429,0.439429,1,0
wcs,mismatch,123,20261053,wcs,7.465012e-01,7.493197e-01,1.459321e+00,0.00279537176,2.312824e-05,109,PASS,1.052356e+00,1.057012e+00,1.039762e+00,0.224381,0.667810,0.975048,0.975048,0,0
wcs,mismatch,124,20261054,wcs,7.407921e-01,7.433265e-01,1.387919e+00,0.00253775255,-3.35255e-06,122,PASS,1.051308e+00,1.057936e+00,1.035599e+00,0.124571,0.755810,1.371524,1.371524,0,0
wcs,mismatch,125,20261055,wcs,7.446447e-01,7.473188e-01,1.422755e+00,0.00265925608,1.484392e-05,115,PASS,1.051463e+00,1.056615e+00,1.037433e+00,0.139333,0.630000,1.196857,1.196857,0,0
wcs,mismatch,126,20261056,wcs,7.420431e-01,7.446620e-01,1.410867e+00,0.00262283882,-3.93882e-06,117,PASS,1.050205e+00,1.048761e+00,1.047693e+00,0.019524,0.118000,0.219714,0.219714,1,0
wcs,mismatch,127,20261057,wcs,7.480893e-01,7.508375e-01,1.437318e+00,0.00270285765,4.534235e-05,112,PASS,1.051990e+00,1.058856e+00,1.036148e+00,0.189524,0.843429,1.319238,1.319238,0,0
wcs,mismatch,128,20261058,wcs,7.403711e-01,7.429659e-01,1.399613e+00,0.00258526235,9.53765e-06,120,PASS,1.051546e+00,1.054450e+00,1.041192e+00,0.147238,0.423810,0.838857,0.838857,0,0
wcs,mismatch,129,20261059,wcs,7.472145e-01,7.499365e-01,1.437372e+00,0.0027065,1.55e-05,112,PASS,1.051312e+00,1.059997e+00,1.032195e+00,0.124952,0.952095,1.695714,1.695714,0,0
wcs,mismatch,130,20261060,wcs,7.361581e-01,7.386888e-01,1.381977e+00,0.00253262314,-1.92314e-06,124,PASS,1.051116e+00,1.053017e+00,1.042373e+00,0.106286,0.287333,0.726381,0.726381,0,0
wcs,mismatch,131,20261061,wcs,7.384499e-01,7.409259e-01,1.372959e+00,0.00248827098,-1.227098e-05,125,PASS,1.050292e+00,1.049208e+00,1.046746e+00,0.027810,0.075429,0.309905,0.309905,1,0
wcs,mismatch,132,20261062,wcs,7.437631e-01,7.463277e-01,1.395068e+00,0.00255413686,1.046314e-05,120,FAIL,,,,,,,,0,0
wcs,mismatch,133,20261063,wcs,7.318220e-01,7.340737e-01,1.300472e+00,0.00223,2.17e-05,143,PASS,1.051288e+00,1.044054e+00,1.057698e+00,0.122667,0.566286,0.733143,0.733143,0,0
wcs,mismatch,134,20261064,wcs,7.272901e-01,7.293581e-01,1.253408e+00,0.00206320745,4.79255e-06,156,PASS,1.049901e+00,1.039571e+00,1.061389e+00,0.009429,0.993238,1.084667,1.084667,0,0
wcs,mismatch,135,20261065,wcs,7.431862e-01,7.459616e-01,1.444918e+00,0.00275188941,2.351059e-05,111,PASS,1.049969e+00,1.048551e+00,1.047008e+00,0.002952,0.138000,0.284952,0.284952,1,0
wcs,mismatch,136,20261066,wcs,7.390667e-01,7.413913e-01,1.336285e+00,0.00234203255,-1.743255e-05,133,PASS,1.051363e+00,1.052021e+00,1.044869e+00,0.129810,0.192476,0.488667,0.488667,1,0
wcs,mismatch,137,20261067,wcs,7.289338e-01,7.311203e-01,1.285187e+00,0.0021813851,5.1149e-06,147,PASS,1.050432e+00,1.035365e+00,1.068705e+00,0.041143,1.393810,1.781429,1.781429,0,0
wcs,mismatch,138,20261068,wcs,7.366684e-01,7.390301e-01,1.332595e+00,0.00233696706,2.473294e-05,134,PASS,1.050834e+00,1.043225e+00,1.058020e+00,0.079429,0.645238,0.763810,0.763810,0,0
wcs,mismatch,139,20261069,wcs,7.337125e-01,7.358874e-01,1.288688e+00,0.00217637451,-1.47451e-06,145,PASS,1.049929e+00,1.048743e+00,1.047107e+00,0.006762,0.119714,0.275524,0.275524,1,0
wcs,mismatch,140,20261070,wcs,7.317176e-01,7.339153e-01,1.292877e+00,0.0022006251,-2.9251e-06,145,PASS,1.051544e+00,1.049200e+00,1.049283e+00,0.147048,0.076190,0.068286,0.147048,1,0
wcs,mismatch,141,20261071,wcs,7.394691e-01,7.419553e-01,1.367690e+00,0.00246361137,2.258863e-05,126,PASS,1.050785e+00,1.038763e+00,1.063968e+00,0.074762,1.070190,1.330286,1.330286,0,0
wcs,mismatch,142,20261072,wcs,7.433568e-01,7.459677e-01,1.398836e+00,0.00257050667,4.039333e-05,119,PASS,1.050409e+00,1.047886e+00,1.048994e+00,0.038952,0.201333,0.095810,0.201333,1,0
wcs,mismatch,143,20261073,wcs,7.370921e-01,7.393430e-01,1.306699e+00,0.00223375255,1.714745e-05,140,PASS,1.050648e+00,1.051872e+00,1.042959e+00,0.061714,0.178286,0.670571,0.670571,0,0
wcs,mismatch,144,20261074,wcs,7.452517e-01,7.479031e-01,1.427907e+00,0.00267707961,-2.567961e-05,114,PASS,1.051316e+00,1.054456e+00,1.041580e+00,0.125333,0.424381,0.801905,0.801905,0,0
wcs,mismatch,145,20261075,wcs,7.357965e-01,7.381059e-01,1.318734e+00,0.00228602941,2.337059e-05,137,PASS,1.049784e+00,1.046068e+00,1.050279e+00,0.020571,0.374476,0.026571,0.374476,1,0
wcs,mismatch,146,20261076,wcs,7.354763e-01,7.376411e-01,1.279669e+00,0.00213408902,3.071098e-05,147,PASS,1.049847e+00,1.046026e+00,1.050644e+00,0.014571,0.378476,0.061333,0.378476,1,0
wcs,mismatch,147,20261077,wcs,7.570528e-01,7.603360e-01,1.588908e+00,0.00326217725,2.102275e-05,90,PASS,1.052305e+00,1.066236e+00,1.024337e+00,0.219524,1.546286,2.444095,2.444095,0,0
wcs,mismatch,148,20261078,wcs,7.275535e-01,7.295786e-01,1.233546e+00,0.00198428431,4.081569e-05,163,PASS,1.051683e+00,1.028669e+00,1.082870e+00,0.160286,2.031524,3.130476,3.130476,0,0
wcs,mismatch,149,20261079,wcs,7.306560e-01,7.327799e-01,1.270314e+00,0.00211630588,7.59412e-06,151,PASS,1.050909e+00,1.043122e+00,1.058140e+00,0.086571,0.655048,0.775238,0.775238,0,0
wcs,mismatch,150,20261080,wcs,7.356284e-01,7.379630e-01,1.327477e+00,0.0023209749,1.36251e-05,135,PASS,1.049684e+00,1.047031e+00,1.048778e+00,0.030095,0.282762,0.116381,0.282762,1,0
wcs,mismatch,151,20261081,wcs,7.298073e-01,7.317263e-01,1.219039e+00,0.00191855569,4.4431e-07,167,PASS,1.050728e+00,1.035578e+00,1.068934e+00,0.069333,1.373524,1.803238,1.803238,0,0
wcs,mismatch,152,20261082,wcs,7.386484e-01,7.411490e-01,1.372819e+00,0.00248694353,1.365647e-05,125,PASS,1.050619e+00,1.051523e+00,1.044629e+00,0.058952,0.145048,0.511524,0.511524,0,0
wcs,mismatch,153,20261083,wcs,7.336645e-01,7.358617e-01,1.285142e+00,0.00216265686,3.454314e-05,146,PASS,1.050375e+00,1.040772e+00,1.060508e+00,0.035714,0.878857,1.000762,1.000762,0,0
wcs,mismatch,154,20261084,wcs,7.496017e-01,7.523506e-01,1.447779e+00,0.0027379502,1.09498e-05,110,PASS,1.051847e+00,1.057806e+00,1.037195e+00,0.175905,0.743429,1.219524,1.219524,0,0
wcs,mismatch,155,20261085,wcs,7.453086e-01,7.478186e-01,1.384765e+00,0.00250767216,2.32784e-06,122,PASS,1.052229e+00,1.050496e+00,1.049868e+00,0.212286,0.047238,0.012571,0.212286,1,0
wcs,mismatch,156,20261086,wcs,7.322348e-01,7.343657e-01,1.271841e+00,0.00211610275,1.479725e-05,150,PASS,1.050377e+00,1.044651e+00,1.054008e+00,0.035905,0.509429,0.381714,0.509429,0,0
wcs,mismatch,157,20261087,wcs,7.366605e-01,7.390616e-01,1.347905e+00,0.00239703725,4.06275e-06,131,PASS,1.051510e+00,1.049813e+00,1.048668e+00,0.143810,0.017810,0.126857,0.143810,1,0
wcs,mismatch,158,20261088,wcs,7.424961e-01,7.450736e-01,1.401292e+00,0.00258351333,-6.01333e-06,119,PASS,1.050744e+00,1.065026e+00,1.023171e+00,0.070857,1.431048,2.555143,2.555143,0,0
wcs,mismatch,159,20261089,wcs,7.250202e-01,7.270719e-01,1.243299e+00,0.00203246588,1.923412e-05,160,PASS,1.050855e+00,1.039530e+00,1.063182e+00,0.081429,0.997143,1.255429,1.255429,0,0
wcs,mismatch,160,20261090,wcs,7.475869e-01,7.503484e-01,1.449634e+00,0.00275312588,8.37412e-06,110,PASS,1.051490e+00,1.048334e+00,1.051113e+00,0.141905,0.158667,0.106000,0.158667,1,0
wcs,mismatch,161,20261091,wcs,7.469829e-01,7.498180e-01,1.464952e+00,0.0028155651,1.95349e-05,108,PASS,1.051867e+00,1.054322e+00,1.042997e+00,0.177810,0.411619,0.666952,0.666952,0,0
wcs,mismatch,162,20261092,wcs,7.441055e-01,7.466691e-01,1.388863e+00,0.00252846078,3.513922e-05,121,PASS,1.051309e+00,1.057176e+00,1.036049e+00,0.124667,0.683429,1.328667,1.328667,0,0
wcs,mismatch,163,20261093,wcs,7.413222e-01,7.440146e-01,1.419619e+00,0.00265998745,3.241255e-05,116,PASS,1.051004e+00,1.049496e+00,1.047862e+00,0.095619,0.048000,0.203619,0.203619,1,0
wcs,mismatch,164,20261094,wcs,7.401778e-01,7.426010e-01,1.350350e+00,0.00239283216,3.036784e-05,129,PASS,1.049702e+00,1.055433e+00,1.035653e+00,0.028381,0.517429,1.366381,1.366381,0,0
wcs,mismatch,165,20261095,wcs,7.432670e-01,7.457310e-01,1.373579e+00,0.00247181176,-7.81176e-06,124,PASS,1.050530e+00,1.047424e+00,1.049972e+00,0.050476,0.245333,0.002667,0.245333,1,0
wcs,mismatch,166,20261096,wcs,7.508150e-01,7.538680e-01,1.525078e+00,0.00303632549,1.667451e-05,99,PASS,1.052822e+00,1.063108e+00,1.030979e+00,0.268762,1.248381,1.811524,1.811524,0,0
wcs,mismatch,167,20261097,wcs,7.322301e-01,7.343325e-01,1.266161e+00,0.00209384667,8.55333e-06,152,PASS,1.051081e+00,1.033269e+00,1.073959e+00,0.102952,1.593429,2.281810,2.281810,0,0
wcs,mismatch,168,20261098,wcs,7.368093e-01,7.391720e-01,1.336034e+00,0.00234990078,1.279922e-05,133,PASS,1.050339e+00,1.043503e+00,1.055929e+00,0.032286,0.618762,0.564667,0.618762,0,0
wcs,mismatch,169,20261099,wcs,7.426227e-01,7.453350e-01,1.424390e+00,0.00267359725,3.870275e-05,115,PASS,1.051214e+00,1.051509e+00,1.046362e+00,0.115619,0.143714,0.346476,0.346476,1,0
wcs,mismatch,170,20261100,wcs,7.372284e-01,7.396644e-01,1.353211e+00,0.00241561804,2.038196e-05,129,PASS,1.049927e+00,1.048755e+00,1.046746e+00,0.006952,0.118571,0.309905,0.309905,1,0
wcs,mismatch,171,20261101,wcs,7.506437e-01,7.535378e-01,1.486714e+00,0.0028865502,7.5498e-06,104,PASS,1.052113e+00,1.059755e+00,1.033849e+00,0.201238,0.929048,1.538190,1.538190,0,0
wcs,mismatch,172,20261102,wcs,7.375134e-01,7.399130e-01,1.352212e+00,0.00241058275,-1.098275e-05,130,PASS,1.051745e+00,1.047546e+00,1.052711e+00,0.166190,0.233714,0.258190,0.258190,1,0
wcs,mismatch,173,20261103,wcs,7.469373e-01,7.496089e-01,1.424989e+00,0.00265902627,1.257373e-05,114,PASS,1.051332e+00,1.052125e+00,1.044838e+00,0.126857,0.202381,0.491619,0.491619,1,0
wcs,mismatch,174,20261104,wcs,7.397165e-01,7.422226e-01,1.376489e+00,0.00249714706,8.95294e-06,124,PASS,1.050525e+00,1.048906e+00,1.048276e+00,0.050000,0.104190,0.164190,0.164190,1,0
wcs,mismatch,175,20261105,wcs,7.373722e-01,7.397895e-01,1.346941e+00,0.00239046588,2.683412e-05,131,PASS,1.051468e+00,1.053053e+00,1.043660e+00,0.139810,0.290762,0.603810,0.603810,0,0
wcs,mismatch,176,20261106,wcs,7.342069e-01,7.362794e-01,1.260165e+00,0.00206258078,9.91922e-06,153,PASS,1.050338e+00,1.044360e+00,1.055428e+00,0.032190,0.537143,0.516952,0.537143,0,0
wcs,mismatch,177,20261107,wcs,7.365845e-01,7.389726e-01,1.340823e+00,0.00236956275,1.853725e-05,132,PASS,1.050243e+00,1.044609e+00,1.053859e+00,0.023143,0.513429,0.367524,0.513429,0,0
wcs,mismatch,178,20261108,wcs,7.344437e-01,7.365349e-01,1.268234e+00,0.00209329529,-2.09529e-06,151,PASS,1.050959e+00,1.046578e+00,1.052911e+00,0.091333,0.325905,0.277238,0.325905,1,0
wcs,mismatch,179,20261109,wcs,7.449951e-01,7.478104e-01,1.459144e+00,0.00280058392,1.471608e-05,109,PASS,1.051398e+00,1.062090e+00,1.028388e+00,0.133143,1.151429,2.058286,2.058286,0,0
wcs,mismatch,180,20261110,wcs,7.541571e-01,7.570226e-01,1.475356e+00,0.00282823098,3.726902e-05,105,PASS,1.052386e+00,1.051457e+00,1.049044e+00,0.227238,0.138762,0.091048,0.227238,1,0
wcs,mismatch,181,20261111,wcs,7.461304e-01,7.487709e-01,1.415218e+00,0.00262387294,1.662706e-05,116,PASS,1.051503e+00,1.059369e+00,1.034619e+00,0.143143,0.892286,1.464857,1.464857,0,0
wcs,mismatch,182,20261112,wcs,7.346176e-01,7.367977e-01,1.286746e+00,0.00216520941,1.489059e-05,146,PASS,1.051501e+00,1.046704e+00,1.054122e+00,0.142952,0.313905,0.392571,0.392571,1,0
wcs,mismatch,183,20261113,wcs,7.377017e-01,7.400052e-01,1.326640e+00,0.00230956196,-6.06196e-06,135,PASS,1.050234e+00,1.041957e+00,1.058980e+00,0.022286,0.766000,0.855238,0.855238,0,0
wcs,mismatch,184,20261114,wcs,7.395182e-01,7.416850e-01,1.290206e+00,0.00215956,7.24e-06,144,PASS,1.051157e+00,1.039662e+00,1.064013e+00,0.110190,0.984571,1.334571,1.334571,0,0
wcs,mismatch,185,20261115,wcs,7.366427e-01,7.390988e-01,1.358310e+00,0.00243791098,1.818902e-05,129,PASS,1.052040e+00,1.050592e+00,1.048896e+00,0.194286,0.056381,0.105143,0.194286,1,0
wcs,mismatch,186,20261116,wcs,7.239247e-01,7.256842e-01,1.172242e+00,0.00175810706,1.39294e-06,185,PASS,1.049435e+00,1.016259e+00,1.096092e+00,0.053810,3.213429,4.389714,4.389714,0,0
wcs,mismatch,187,20261117,wcs,7.373430e-01,7.396002e-01,1.309078e+00,0.00224209804,1.510196e-05,139,PASS,1.049767e+00,1.043223e+00,1.054845e+00,0.022190,0.645429,0.461429,0.645429,0,0
wcs,mismatch,188,20261118,wcs,7.396376e-01,7.421233e-01,1.368769e+00,0.00246718196,1.851804e-05,126,PASS,1.051410e+00,1.053893e+00,1.041469e+00,0.134286,0.370762,0.812476,0.812476,0,0
wcs,mismatch,189,20261119,wcs,7.492142e-01,7.519867e-01,1.454658e+00,0.00276644627,6.05373e-06,109,PASS,1.051625e+00,1.062825e+00,1.028412e+00,0.154762,1.221429,2.056000,2.056000,0,0
wcs,mismatch,190,20261120,wcs,7.473951e-01,7.501894e-01,1.461701e+00,0.00280119961,-6.89961e-06,108,PASS,1.050855e+00,1.057884e+00,1.034572e+00,0.081429,0.750857,1.469333,1.469333,0,0
wcs,mismatch,191,20261121,wcs,7.378352e-01,7.401568e-01,1.322495e+00,0.00229278353,2.881647e-05,136,PASS,1.050467e+00,1.053065e+00,1.041636e+00,0.044476,0.291905,0.796571,0.796571,0,0
wcs,mismatch,192,20261122,wcs,7.391122e-01,7.415896e-01,1.373897e+00,0.00248935216,-1.195216e-05,125,PASS,1.051111e+00,1.051445e+00,1.046481e+00,0.105810,0.137619,0.335143,0.335143,1,0
wcs,mismatch,193,20261123,wcs,7.542013e-01,7.571321e-01,1.497000e+00,0.00291293608,1.786392e-05,102,PASS,1.052483e+00,1.060589e+00,1.034232e+00,0.236476,1.008476,1.501714,1.501714,0,0
wcs,mismatch,194,20261124,wcs,7.396055e-01,7.418292e-01,1.301687e+00,0.00220424118,1.945882e-05,141,PASS,1.051093e+00,1.042414e+00,1.059738e+00,0.104095,0.722476,0.927429,0.927429,0,0
wcs,mismatch,195,20261125,wcs,7.470254e-01,7.498611e-01,1.461347e+00,0.00280126118,3.443882e-05,108,PASS,1.050785e+00,1.059444e+00,1.031754e+00,0.074762,0.899429,1.737714,1.737714,0,0
wcs,mismatch,196,20261126,wcs,7.443522e-01,7.471300e-01,1.448712e+00,0.00276219529,1.560471e-05,111,PASS,1.051931e+00,1.053099e+00,1.045138e+00,0.183905,0.295143,0.463048,0.463048,1,0
wcs,mismatch,197,20261127,wcs,7.319437e-01,7.341850e-01,1.305593e+00,0.0022496051,-8.3051e-06,141,PASS,1.050098e+00,1.046083e+00,1.051433e+00,0.009333,0.373048,0.136476,0.373048,1,0
wcs,mismatch,198,20261128,wcs,7.399991e-01,7.425837e-01,1.387059e+00,0.0025374898,4.71102e-05,122,PASS,1.050324e+00,1.044910e+00,1.053705e+00,0.030857,0.484762,0.352857,0.484762,1,0
wcs,mismatch,199,20261129,wcs,7.383184e-01,7.409094e-01,1.391352e+00,0.00256091608,3.008392e-05,122,PASS,1.051843e+00,1.053550e+00,1.044657e+00,0.175524,0.338095,0.508857,0.508857,0,0
wcs,mismatch,200,20261130,wcs,7.349071e-01,7.372263e-01,1.331278e+00,0.00233870941,-1.950941e-05,135,PASS,1.051525e+00,1.047718e+00,1.052168e+00,0.145238,0.217333,0.206476,0.217333,1,0
wcs,mismatch,201,20261131,wcs,7.387003e-01,7.412846e-01,1.392569e+00,0.00256419098,2.010902e-05,121,PASS,1.050018e+00,1.046305e+00,1.050337e+00,0.001714,0.351905,0.032095,0.351905,1,0
wcs,mismatch,202,20261132,wcs,7.434630e-01,7.460623e-01,1.403581e+00,0.00258869804,1.060196e-05,118,PASS,1.049839e+00,1.050333e+00,1.044015e+00,0.015333,0.031714,0.570000,0.570000,0,0
wcs,mismatch,203,20261133,wcs,7.313766e-01,7.336527e-01,1.304317e+00,0.0022468251,2.92749e-05,142,PASS,1.051131e+00,1.040587e+00,1.062376e+00,0.107714,0.896476,1.178667,1.178667,0,0
wcs,mismatch,204,20261134,wcs,7.371236e-01,7.395675e-01,1.355751e+00,0.0024259898,1.79102e-05,129,PASS,1.050929e+00,1.055572e+00,1.038123e+00,0.088476,0.530667,1.131143,1.131143,0,0
wcs,mismatch,205,20261135,wcs,7.392333e-01,7.416165e-01,1.345209e+00,0.00237637529,6.82471e-06,131,PASS,1.051564e+00,1.048095e+00,1.052261e+00,0.148952,0.181429,0.215333,0.215333,1,0
wcs,mismatch,206,20261136,wcs,7.360420e-01,7.384086e-01,1.338796e+00,0.00236374118,2.85882e-06,133,PASS,1.051007e+00,1.050216e+00,1.046828e+00,0.095905,0.020571,0.302095,0.302095,1,0
wcs,mismatch,207,20261137,wcs,7.476525e-01,7.502390e-01,1.403027e+00,0.00257009608,1.640392e-05,118,PASS,1.051867e+00,1.052896e+00,1.045026e+00,0.177810,0.275810,0.473714,0.473714,1,0
wcs,mismatch,208,20261138,wcs,7.490162e-01,7.518928e-01,1.472747e+00,0.00283816,3.844e-05,106,PASS,1.051088e+00,1.063582e+00,1.025644e+00,0.103619,1.293524,2.319619,2.319619,0,0
wcs,mismatch,209,20261139,wcs,7.476360e-01,7.504781e-01,1.465950e+00,0.00281691765,2.518235e-05,107,PASS,1.050350e+00,1.057274e+00,1.034359e+00,0.033333,0.692762,1.489619,1.489619,0,0
wcs,mismatch,210,20261140,wcs,7.371546e-01,7.395172e-01,1.335232e+00,0.00234540157,1.719843e-05,133,PASS,1.050082e+00,1.048049e+00,1.048875e+00,0.007810,0.185810,0.107143,0.185810,1,0
wcs,mismatch,211,20261141,wcs,7.421616e-01,7.446522e-01,1.375008e+00,0.00248175059,8.84941e-06,124,PASS,1.050764e+00,1.047475e+00,1.050407e+00,0.072762,0.240476,0.038762,0.240476,1,0
wcs,mismatch,212,20261142,wcs,7.441564e-01,7.469242e-01,1.442960e+00,0.00274040627,2.739373e-05,112,PASS,1.052439e+00,1.061822e+00,1.031596e+00,0.232286,1.125905,1.752762,1.752762,0,0
wcs,mismatch,213,20261143,wcs,7.338218e-01,7.360287e-01,1.293994e+00,0.00219675373,1.014627e-05,144,PASS,1.050969e+00,1.050701e+00,1.046284e+00,0.092286,0.066762,0.353905,0.353905,1,0
wcs,mismatch,214,20261144,wcs,7.395023e-01,7.420867e-01,1.399961e+00,0.00259003412,-5.63412e-06,120,PASS,1.051343e+00,1.050439e+00,1.048407e+00,0.127905,0.041810,0.151714,0.151714,1,0
wcs,mismatch,215,20261145,wcs,7.409575e-01,7.436504e-01,1.425193e+00,0.00268327647,9.62353e-06,115,PASS,1.050519e+00,1.056825e+00,1.035205e+00,0.049429,0.650000,1.409048,1.409048,0,0
wcs,mismatch,216,20261146,wcs,7.298031e-01,7.317631e-01,1.232093e+00,0.00196976431,-9.76431e-06,163,PASS,1.051464e+00,1.026282e+00,1.087918e+00,0.139429,2.258857,3.611238,3.611238,0,0
wcs,mismatch,217,20261147,wcs,7.493683e-01,7.524559e-01,1.524747e+00,0.00304070078,4.689922e-05,99,PASS,1.051955e+00,1.065450e+00,1.024903e+00,0.186190,1.471429,2.390190,2.390190,0,0
wcs,mismatch,218,20261148,wcs,7.505260e-01,7.538678e-01,1.588804e+00,0.00328736471,5.443529e-05,91,PASS,1.051300e+00,1.065948e+00,1.022502e+00,0.123810,1.518857,2.618857,2.618857,0,0
wcs,mismatch,219,20261149,wcs,7.344326e-01,7.365762e-01,1.270988e+00,0.00210413882,3.946118e-05,150,PASS,1.050699e+00,1.055122e+00,1.038485e+00,0.066571,0.487810,1.096667,1.096667,0,0
wcs,mismatch,220,20261150,wcs,7.436392e-01,7.464721e-01,1.453655e+00,0.00278437569,4.852431e-05,110,PASS,1.051035e+00,1.054590e+00,1.039791e+00,0.098571,0.437143,0.972286,0.972286,0,0
wcs,mismatch,221,20261151,wcs,7.407651e-01,7.433930e-01,1.406659e+00,0.00261134863,1.655137e-05,118,PASS,1.049714e+00,1.062815e+00,1.023088e+00,0.027238,1.220476,2.563048,2.563048,0,0
wcs,mismatch,222,20261152,wcs,7.308379e-01,7.329131e-01,1.263244e+00,0.00208786706,-1.266706e-05,153,PASS,1.050948e+00,1.044138e+00,1.057012e+00,0.090286,0.558286,0.667810,0.667810,0,0
wcs,mismatch,223,20261153,wcs,7.373758e-01,7.396458e-01,1.315985e+00,0.00226905569,9.4431e-07,138,PASS,1.051287e+00,1.053640e+00,1.042259e+00,0.122571,0.346667,0.737238,0.737238,0,0
wcs,mismatch,224,20261154,wcs,7.279687e-01,7.299116e-01,1.223478e+00,0.00194317373,-2.7373e-07,166,PASS,1.050917e+00,1.035521e+00,1.070586e+00,0.087333,1.378952,1.960571,1.960571,0,0
wcs,mismatch,225,20261155,wcs,7.497275e-01,7.527614e-01,1.521697e+00,0.00302733137,6.56863e-06,99,PASS,1.050632e+00,1.066308e+00,1.020591e+00,0.060190,1.553143,2.800857,2.800857,0,0
wcs,mismatch,226,20261156,wcs,7.387055e-01,7.411920e-01,1.369141e+00,0.00247229608,1.420392e-05,126,PASS,1.051340e+00,1.058079e+00,1.035409e+00,0.127619,0.769429,1.389619,1.389619,0,0
wcs,mismatch,227,20261157,wcs,7.408982e-01,7.436901e-01,1.445077e+00,0.00276148549,3.041451e-05,112,PASS,1.051352e+00,1.059185e+00,1.033763e+00,0.128762,0.874762,1.546381,1.546381,0,0
wcs,mismatch,228,20261158,wcs,7.319632e-01,7.339755e-01,1.242550e+00,0.00200230118,9.99882e-06,159,PASS,1.050917e+00,1.028488e+00,1.080455e+00,0.087333,2.048762,2.900476,2.900476,0,0
wcs,mismatch,229,20261159,wcs,7.418774e-01,7.444728e-01,1.399476e+00,0.00257881804,1.658196e-05,119,PASS,1.049776e+00,1.048621e+00,1.046501e+00,0.021333,0.131333,0.333238,0.333238,1,0
wcs,mismatch,230,20261160,wcs,7.390016e-01,7.415447e-01,1.374888e+00,0.00249367216,4.942784e-05,125,PASS,1.051521e+00,1.058505e+00,1.035098e+00,0.144857,0.810000,1.419238,1.419238,0,0
wcs,mismatch,231,20261161,wcs,7.380903e-01,7.405548e-01,1.363098e+00,0.00245101059,1.348941e-05,127,PASS,1.050349e+00,1.049938e+00,1.045979e+00,0.033238,0.005905,0.382952,0.382952,1,0
wcs,mismatch,232,20261162,wcs,7.437924e-01,7.461888e-01,1.352023e+00,0.00238521804,1.118196e-05,128,PASS,1.049971e+00,1.042603e+00,1.056682e+00,0.002762,0.704476,0.636381,0.704476,0,0
wcs,mismatch,233,20261163,wcs,7.496039e-01,7.524874e-01,1.483697e+00,0.00287879647,4.70353e-06,104,PASS,1.050362e+00,1.056976e+00,1.034374e+00,0.034476,0.664381,1.488190,1.488190,0,0
wcs,mismatch,234,20261164,wcs,7.472475e-01,7.501818e-01,1.487998e+00,0.00290490392,2.939608e-05,104,PASS,1.050699e+00,1.062497e+00,1.026673e+00,0.066571,1.190190,2.221619,2.221619,0,0
wcs,mismatch,235,20261165,wcs,7.325445e-01,7.347059e-01,1.280731e+00,0.00214975098,1.164902e-05,148,PASS,1.051297e+00,1.042454e+00,1.060233e+00,0.123524,0.718667,0.974571,0.974571,0,0
wcs,mismatch,236,20261166,wcs,7.508423e-01,7.540094e-01,1.545183e+00,0.00311506157,5.203843e-05,96,PASS,1.051390e+00,1.053103e+00,1.043241e+00,0.132381,0.295524,0.643714,0.643714,0,0
wcs,mismatch,237,20261167,wcs,7.440596e-01,7.466681e-01,1.405455e+00,0.00259370745,1.479255e-05,118,PASS,1.051228e+00,1.045562e+00,1.054370e+00,0.116952,0.422667,0.416190,0.422667,1,0
wcs,mismatch,238,20261168,wcs,7.318960e-01,7.340493e-01,1.278004e+00,0.0021416,1.17e-05,149,PASS,1.051627e+00,1.037760e+00,1.067863e+00,0.154952,1.165714,1.701238,1.701238,0,0
wcs,mismatch,239,20261169,wcs,7.409293e-01,7.433189e-01,1.348336e+00,0.00238198706,7.61294e-06,130,PASS,1.051409e+00,1.048103e+00,1.051740e+00,0.134190,0.180667,0.165714,0.180667,1,0
wcs,mismatch,240,20261170,wcs,7.301691e-01,7.323328e-01,1.272646e+00,0.00212736039,3.633961e-05,150,PASS,1.050055e+00,1.043995e+00,1.055238e+00,0.005238,0.571905,0.498857,0.571905,0,0
wcs,mismatch,241,20261171,wcs,7.261880e-01,7.282046e-01,1.236021e+00,0.0019993451,1.72549e-05,162,PASS,1.050780e+00,1.033384e+00,1.072469e+00,0.074286,1.582476,2.139905,2.139905,0,0
wcs,mismatch,242,20261172,wcs,7.300133e-01,7.321943e-01,1.283268e+00,0.00216962627,1.137373e-05,147,PASS,1.049642e+00,1.037080e+00,1.064146e+00,0.034095,1.230476,1.347238,1.347238,0,0
wcs,mismatch,243,20261173,wcs,7.390335e-01,7.415725e-01,1.389246e+00,0.00254985294,-1.085294e-05,122,PASS,1.051144e+00,1.051719e+00,1.045162e+00,0.108952,0.163714,0.460762,0.460762,1,0
wcs,mismatch,244,20261174,wcs,7.316580e-01,7.339686e-01,1.309531e+00,0.00226616863,4.443137e-05,140,PASS,1.049731e+00,1.041921e+00,1.057589e+00,0.025619,0.769429,0.722762,0.769429,0,0
wcs,mismatch,245,20261175,wcs,7.529309e-01,7.559837e-01,1.524776e+00,0.00302684353,2.595647e-05,98,PASS,1.051190e+00,1.060249e+00,1.030469e+00,0.113333,0.976095,1.860095,1.860095,0,0
wcs,mismatch,246,20261176,wcs,7.452146e-01,7.478222e-01,1.405096e+00,0.0025877702,1.98298e-05,118,PASS,1.051815e+00,1.050165e+00,1.049149e+00,0.172857,0.015714,0.081048,0.172857,1,0
wcs,mismatch,247,20261177,wcs,7.376590e-01,7.400057e-01,1.333729e+00,0.00233752941,9.17059e-06,134,PASS,1.051579e+00,1.042621e+00,1.060192e+00,0.150381,0.702762,0.970667,0.970667,0,0
wcs,mismatch,248,20261178,wcs,7.305755e-01,7.326485e-01,1.258106e+00,0.00206874706,4.25294e-06,154,PASS,1.049784e+00,1.041583e+00,1.057787e+00,0.020571,0.801619,0.741619,0.801619,0,0
wcs,mismatch,249,20261179,wcs,7.397363e-01,7.422619e-01,1.382699e+00,0.00252142235,4.17765e-06,123,PASS,1.050789e+00,1.050996e+00,1.045093e+00,0.075143,0.094857,0.467333,0.467333,1,0
wcs,mismatch,250,20261180,wcs,7.375124e-01,7.401493e-01,1.403089e+00,0.00261010431,2.679569e-05,120,PASS,1.051678e+00,1.052181e+00,1.045117e+00,0.159810,0.207714,0.465048,0.465048,1,0
wcs,mismatch,251,20261181,wcs,7.357758e-01,7.380636e-01,1.315982e+00,0.00227531843,1.248157e-05,138,PASS,1.050649e+00,1.044749e+00,1.054367e+00,0.061810,0.500095,0.415905,0.500095,0,0
wcs,mismatch,252,20261182,wcs,7.262466e-01,7.280085e-01,1.172529e+00,0.00175012706,1.177294e-05,185,PASS,1.050569e+00,1.027334e+00,1.082615e+00,0.054190,2.158667,3.106190,3.106190,0,0
wcs,mismatch,253,20261183,wcs,7.198124e-01,7.214876e-01,1.147027e+00,0.00167535137,-1.5137e-07,197,PASS,1.050187e+00,1.030298e+00,1.076726e+00,0.017810,1.876381,2.545333,2.545333,0,0
wcs,mismatch,254,20261184,wcs,7.384124e-01,7.408806e-01,1.362096e+00,0.00244581804,2.238196e-05,127,PASS,1.050001e+00,1.052111e+00,1.041279e+00,0.000095,0.201048,0.830571,0.830571,0,0
wcs,mismatch,255,20261185,wcs,7.355989e-01,7.378779e-01,1.313327e+00,0.00226560039,1.339961e-05,139,PASS,1.051183e+00,1.043037e+00,1.058744e+00,0.112667,0.663143,0.832762,0.832762,0,0
wcs,mismatch,256,20261186,wcs,7.542838e-01,7.571395e-01,1.483109e+00,0.00285813804,-2.43804e-06,103,PASS,1.049674e+00,1.062390e+00,1.024753e+00,0.031048,1.180000,2.404476,2.404476,0,0
wcs,mismatch,257,20261187,wcs,7.439637e-01,7.465791e-01,1.408347e+00,0.00260542471,9.97529e-06,117,PASS,1.049918e+00,1.049459e+00,1.046346e+00,0.007810,0.051524,0.348000,0.348000,1,0
wcs,mismatch,258,20261188,wcs,7.385809e-01,7.411296e-01,1.384987e+00,0.00253492588,1.377412e-05,123,PASS,1.051188e+00,1.048310e+00,1.050346e+00,0.113143,0.160952,0.032952,0.160952,1,0
wcs,mismatch,259,20261189,wcs,7.410275e-01,7.435121e-01,1.365628e+00,0.00244941373,3.518627e-05,126,PASS,1.050472e+00,1.049121e+00,1.047541e+00,0.044952,0.083714,0.234190,0.234190,1,0
wcs,mismatch,260,20261190,wcs,7.250864e-01,7.269174e-01,1.193978e+00,0.00183879059,-7.79059e-06,177,PASS,1.051033e+00,1.037755e+00,1.066155e+00,0.098381,1.166190,1.538571,1.538571,0,0
wcs,mismatch,261,20261191,wcs,7.363828e-01,7.386706e-01,1.319638e+00,0.00228727529,5.2471e-07,137,PASS,1.050697e+00,1.048462e+00,1.049005e+00,0.066381,0.146476,0.094762,0.146476,1,0
wcs,mismatch,262,20261192,wcs,7.470602e-01,7.499147e-01,1.470074e+00,0.00283534824,1.915176e-05,107,PASS,1.051693e+00,1.051378e+00,1.047315e+00,0.161238,0.131238,0.255714,0.255714,1,0
wcs,mismatch,263,20261193,wcs,7.440979e-01,7.467001e-01,1.397960e+00,0.0025641651,3.80349e-05,119,PASS,1.050213e+00,1.061448e+00,1.026584e+00,0.020286,1.090286,2.230095,2.230095,0,0
wcs,mismatch,264,20261194,wcs,7.363849e-01,7.387821e-01,1.346859e+00,0.00239401608,3.18392e-06,131,PASS,1.050853e+00,1.050027e+00,1.046726e+00,0.081238,0.002571,0.311810,0.311810,1,0
wcs,mismatch,265,20261195,wcs,7.372029e-01,7.396477e-01,1.358931e+00,0.00243814941,6.65059e-06,128,PASS,1.050217e+00,1.049534e+00,1.046280e+00,0.020667,0.044381,0.354286,0.354286,1,0
wcs,mismatch,266,20261196,wcs,7.391856e-01,7.415263e-01,1.331843e+00,0.00232414667,1.655333e-05,134,PASS,1.051166e+00,1.051012e+00,1.046278e+00,0.111048,0.096381,0.354476,0.354476,1,0
wcs,mismatch,267,20261197,wcs,7.393890e-01,7.418138e-01,1.354707e+00,0.00241301176,1.178824e-05,129,PASS,1.051719e+00,1.045140e+00,1.056326e+00,0.163714,0.462857,0.602476,0.602476,0,0
wcs,mismatch,268,20261198,wcs,7.503040e-01,7.534623e-01,1.547393e+00,0.00312583922,3.246078e-05,96,PASS,1.051598e+00,1.056181e+00,1.039582e+00,0.152190,0.588667,0.992190,0.992190,0,0
wcs,mismatch,269,20261199,wcs,7.203983e-01,7.222842e-01,1.196947e+00,0.00186881843,1.708157e-05,176,PASS,1.049654e+00,1.024311e+00,1.084490e+00,0.032952,2.446571,3.284762,3.284762,0,0
wcs,mismatch,270,20261200,wcs,7.354442e-01,7.378769e-01,1.355252e+00,0.00243061882,2.08118e-06,129,PASS,1.049890e+00,1.046062e+00,1.050675e+00,0.010476,0.375048,0.064286,0.375048,1,0
wcs,mismatch,271,20261201,wcs,7.492519e-01,7.518569e-01,1.411751e+00,0.00259803569,6.96431e-06,116,PASS,1.051676e+00,1.059771e+00,1.033578e+00,0.159619,0.930571,1.564000,1.564000,0,0
wcs,mismatch,272,20261202,wcs,7.481182e-01,7.509668e-01,1.466787e+00,0.00281830902,3.029098e-05,107,PASS,1.050762e+00,1.059879e+00,1.030609e+00,0.072571,0.940857,1.846762,1.846762,0,0
wcs,mismatch,273,20261203,wcs,7.357691e-01,7.381128e-01,1.325222e+00,0.00231158,3.212e-05,136,PASS,1.050902e+00,1.054172e+00,1.040435e+00,0.085905,0.397333,0.910952,0.910952,0,0
wcs,mismatch,274,20261204,wcs,7.305517e-01,7.328086e-01,1.299659e+00,0.00223179333,2.510667e-05,143,PASS,1.050425e+00,1.043797e+00,1.056245e+00,0.040476,0.590762,0.594762,0.594762,0,0
wcs,mismatch,275,20261205,wcs,7.425270e-01,7.452100e-01,1.421957e+00,0.00266443137,1.856863e-05,115,PASS,1.050018e+00,1.044202e+00,1.054487e+00,0.001714,0.552190,0.427333,0.552190,0,0
wcs,mismatch,276,20261206,wcs,7.307788e-01,7.330023e-01,1.299220e+00,0.00222918118,-5.68118e-06,143,PASS,1.050163e+00,1.050282e+00,1.045196e+00,0.015524,0.026857,0.457524,0.457524,1,0
wcs,mismatch,277,20261207,wcs,7.445028e-01,7.469799e-01,1.369628e+00,0.00245147137,2.562863e-05,125,PASS,1.051741e+00,1.039762e+00,1.065285e+00,0.165810,0.975048,1.455714,1.455714,0,0
wcs,mismatch,278,20261208,wcs,7.285348e-01,7.307033e-01,1.271358e+00,0.00212871843,3.978157e-05,151,PASS,1.050758e+00,1.037087e+00,1.068058e+00,0.072190,1.229810,1.719810,1.719810,0,0
wcs,mismatch,279,20261209,wcs,7.368090e-01,7.391198e-01,1.323081e+00,0.00229910588,1.169412e-05,136,PASS,1.050494e+00,1.045350e+00,1.052516e+00,0.047048,0.442857,0.239619,0.442857,1,0
wcs,mismatch,280,20261210,wcs,7.477003e-01,7.504010e-01,1.434879e+00,0.00269481843,5.88157e-06,112,PASS,1.050655e+00,1.055941e+00,1.036645e+00,0.062381,0.565810,1.271905,1.271905,0,0
wcs,mismatch,281,20261211,wcs,7.374373e-01,7.397083e-01,1.314636e+00,0.00226352431,7.47569e-06,138,PASS,1.050622e+00,1.041941e+00,1.059102e+00,0.059238,0.767524,0.866857,0.866857,0,0
wcs,mismatch,282,20261212,wcs,7.317520e-01,7.338558e-01,1.267697e+00,0.0021017451,2.0549e-06,151,PASS,1.049889e+00,1.045924e+00,1.051134e+00,0.010571,0.388190,0.108000,0.388190,1,0
wcs,mismatch,283,20261213,wcs,7.330932e-01,7.353013e-01,1.292867e+00,0.00219519137,1.290863e-05,144,PASS,1.049865e+00,1.046910e+00,1.049414e+00,0.012857,0.294286,0.055810,0.294286,1,0
wcs,mismatch,284,20261214,wcs,7.540308e-01,7.570472e-01,1.521280e+00,0.00300882039,7.57961e-06,98,PASS,1.050127e+00,1.056761e+00,1.034598e+00,0.012095,0.643905,1.466857,1.466857,0,0
wcs,mismatch,285,20261215,wcs,7.403275e-01,7.429131e-01,1.395995e+00,0.0025712451,1.43549e-05,120,PASS,1.050091e+00,1.054899e+00,1.037565e+00,0.008667,0.466571,1.184286,1.184286,0,0
wcs,mismatch,286,20261216,wcs,7.522598e-01,7.553594e-01,1.540670e+00,0.00309180471,7.79529e-06,96,PASS,1.050572e+00,1.061323e+00,1.028011e+00,0.054476,1.078381,2.094190,2.094190,0,0
wcs,mismatch,287,20261217,wcs,7.445941e-01,7.471513e-01,1.382679e+00,0.00250229373,5.490627e-05,122,PASS,1.050844e+00,1.055986e+00,1.037504e+00,0.080381,0.570095,1.190095,1.190095,0,0
wcs,mismatch,288,20261218,wcs,7.313623e-01,7.334838e-01,1.272970e+00,0.00212395176,-2.45176e-06,150,PASS,1.050481e+00,1.044708e+00,1.053793e+00,0.045810,0.504000,0.361238,0.504000,0,0
wcs,mismatch,289,20261219,wcs,7.295640e-01,7.315087e-01,1.232461e+00,0.0019721451,-2.74451e-05,162,PASS,1.049570e+00,1.031256e+00,1.071984e+00,0.040952,1.785143,2.093714,2.093714,0,0
wcs,mismatch,290,20261220,wcs,7.430559e-01,7.458374e-01,1.445291e+00,0.00275386314,2.763686e-05,111,PASS,1.050070e+00,1.059589e+00,1.030093e+00,0.006667,0.913238,1.895905,1.895905,0,0
wcs,mismatch,291,20261221,wcs,7.440126e-01,7.465512e-01,1.400385e+00,0.00257400941,-3.540941e-05,119,PASS,1.051280e+00,1.050409e+00,1.047629e+00,0.121905,0.038952,0.225810,0.225810,1,0
wcs,mismatch,292,20261222,wcs,7.329571e-01,7.351826e-01,1.296247e+00,0.00220898,1.652e-05,144,PASS,1.051981e+00,1.038633e+00,1.067297e+00,0.188667,1.082571,1.647333,1.647333,0,0
wcs,mismatch,293,20261223,wcs,7.398380e-01,7.423829e-01,1.376445e+00,0.00249649804,4.840196e-05,124,PASS,1.050604e+00,1.055557e+00,1.037554e+00,0.057524,0.529238,1.185333,1.185333,0,0
wcs,mismatch,294,20261224,wcs,7.342854e-01,7.366731e-01,1.339339e+00,0.00237275922,1.494078e-05,133,PASS,1.050606e+00,1.045297e+00,1.054051e+00,0.057714,0.447905,0.385810,0.447905,1,0
wcs,mismatch,295,20261225,wcs,7.354050e-01,7.376944e-01,1.311968e+00,0.00226103137,2.836863e-05,139,PASS,1.050563e+00,1.053931e+00,1.039996e+00,0.053619,0.374381,0.952762,0.952762,0,0
wcs,mismatch,296,20261226,wcs,7.328994e-01,7.351539e-01,1.297831e+00,0.00221541804,3.908196e-05,143,PASS,1.050375e+00,1.046146e+00,1.053289e+00,0.035714,0.367048,0.313238,0.367048,1,0
wcs,mismatch,297,20261227,wcs,7.407456e-01,7.434527e-01,1.430622e+00,0.00270539765,1.70235e-06,114,PASS,1.050259e+00,1.060638e+00,1.028299e+00,0.024667,1.013143,2.066762,2.066762,0,0
wcs,mismatch,298,20261228,wcs,7.382789e-01,7.407598e-01,1.361033e+00,0.00244217294,3.872706e-05,128,PASS,1.051686e+00,1.060197e+00,1.032945e+00,0.160571,0.971143,1.624286,1.624286,0,0
wcs,mismatch,299,20261229,wcs,7.368069e-01,7.390838e-01,1.313154e+00,0.00226018471,1.671529e-05,139,PASS,1.051714e+00,1.050813e+00,1.047733e+00,0.163238,0.077429,0.215905,0.215905,1,0
