
Note: No compatibility mode selected!


Circuit: * klt sim -- generated corner deck, do not edit

Doing analysis at TEMP = 125.000000 and TNOM = 27.000000

Using SPARSE 1.3 as Direct Linear Solver
Warning: singular matrix:  check nodes n.xru228.nr1#i2 and t229__t0

Note: Starting dynamic gmin stepping
OSDI(debug) n.xru255.nr1: WARNING: V(i1,c) voltage is greater than specified by vmax
OSDI(debug) n.xru255.nr1: WARNING: V(i2,c) voltage is greater than specified by vmax
OSDI(debug) n.xru250.nr1: WARNING: V(i1,c) voltage is greater than specified by vmax
OSDI(debug) n.xru250.nr1: WARNING: V(i2,c) voltage is greater than specified by vmax
OSDI(debug) n.xru249.nr1: WARNING: V(i1,c) voltage is greater than specified by vmax
OSDI(debug) n.xru249.nr1: WARNING: V(i2,c) voltage is greater than specified by vmax
OSDI(debug) n.xru254.nr1: WARNING: V(i1,c) voltage is greater than specified by vmax
OSDI(debug) n.xru254.nr1: WARNING: V(i2,c) voltage is greater than specified by vmax
OSDI(debug) n.xru248.nr1: WARNING: V(i1,c) voltage is greater than specified by vmax
OSDI(debug) n.xru246.nr1: OSDI(debug) n.xru248.nr1: WARNING: V(i2,c) voltage is greater than specified by vmax
OSDI(debug) n.xru247.nr1: WARNING: V(i1,c) voltage is greater than specified by vmax
OSDI(debug) n.xru247.nr1: WARNING: V(i2,c) voltage is greater than specified by vmax
OSDI(debug) n.xru244.nr1: WARNING: V(i1,c) voltage is greater than specified by vmax
OSDI(debug) n.xru244.nr1: WARNING: V(i2,c) voltage is greater than specified by vmax
OSDI(debug) n.xru243.nr1: WARNING: V(i1,c) voltage is greater than specified by vmax
OSDI(debug) n.xru243.nr1: WARNING: V(i2,c) voltage is greater than specified by vmax
OSDI(debug) n.xru242.nr1: WARNING: V(i1,c) voltage is greater than specified by vmax
OSDI(debug) n.xru242.nr1: WARNING: V(i2,c) voltage is greater than specified by vmax
OSDI(debug) n.xru241.nr1: WARNING: V(i1,c) voltage is greater than specified by vmax
OSDI(debug) n.xru241.nr1: WARNING: V(i2,c) voltage is greater than specified by vmax
OSDI(debug) n.xru239.nr1: WARNING: V(i1,c) voltage is greater than specified by vmax
OSDI(debug) n.xru239.nr1: WARNING: V(i2,c) voltage is greater than specified by vmax
OSDI(debug) n.xru238.nr1: WARNING: V(i1,c) voltage is greater than specified by vmax
OSDI(debug) n.xru238.nr1: WARNING: V(i2,c) voltage is greater than specified by vmax
OSDI(debug) n.xru237.nr1: WARNING: V(i1,c) voltage is greater than specified by vmax
OSDI(debug) n.xru237.nr1: WARNING: V(i2,c) voltage is greater than specified by vmax
OSDI(debug) n.xru236.nr1: WARNING: V(i1,c) voltage is greater than specified by vmax
OSDI(debug) n.xru236.nr1: WARNING: V(i2,c) voltage is greater than specified by vmax
OSDI(debug) n.xru235.nr1: WARNING: V(i1,c) voltage is greater than specified by vmax
OSDI(debug) n.xru235.nr1: WARNING: V(i2,c) voltage is greater than specified by vmax
OSDI(debug) n.xru234.nr1: WARNING: V(i1,c) voltage is greater than specified by vmax
OSDI(debug) n.xru234.nr1: WARNING: V(i2,c) voltage is greater than specified by vmax
OSDI(debug) n.xru233.nr1: WARNING: V(i1,c) voltage is greater than specified by vmax
OSDI(debug) n.xru233.nr1: WARNING: V(i2,c) voltage is greater than specified by vmax
OSDI(debug) n.xru232.nr1: WARNING: V(i1,c) voltage is greater than specified by vmax
OSDI(debug) n.xru232.nr1: WARNING: V(i2,c) voltage is greater than specified by vmax
OSDI(debug) n.xru231.nr1: WARNING: V(i1,c) voltage is greater than specified by vmax
OSDI(debug) n.xru231.nr1: WARNING: V(i2,c) voltage is greater than specified by vmax
OSDI(debug) n.xru230.nr1: WARNING: V(i1,c) voltage is greater than specified by vmax
OSDI(debug) n.xru230.nr1: WARNING: V(i2,c) voltage is greater than specified by vmax
OSDI(debug) n.xru229.nr1: WARNING: V(i1,c) voltage is greater than specified by vmax
OSDI(debug) n.xru229.nr1: WARNING: V(i2,c) voltage is greater than specified by vmax
OSDI(debug) n.xru228.nr1: WARNING: V(i1,c) voltage is greater than specified by vmax
OSDI(debug) n.xru228.nr1: WARNING: V(i2,c) voltage is greater than specified by vmax
OSDI(debug) n.xru227.nr1: WARNING: V(i1,c) voltage is greater than specified by vmax
OSDI(debug) n.xru227.nr1: WARNING: V(i2,c) voltage is greater than specified by vmax
OSDI(debug) n.xru226.nr1: WARNING: V(i1,c) voltage is greater than specified by vmax
OSDI(debug) n.xru226.nr1: WARNING: V(i2,c) voltage is greater than specified by vmax
OSDI(debug) n.xru225.nr1: WARNING: V(i1,c) voltage is greater than specified by vmax
OSDI(debug) n.xru225.nr1: WARNING: V(i2,c) voltage is greater than specified by vmax
OSDI(debug) n.xru224.nr1: WARNING: V(i1,c) voltage is greater than specified by vmax
OSDI(debug) n.xru224.nr1: WARNING: V(i2,c) voltage is greater than specified by vmax
OSDI(debug) n.xru223.nr1: WARNING: V(i1,c) voltage is greater than specified by vmax
OSDI(debug) n.xru223.nr1: WARNING: V(i2,c) voltage is greater than specified by vmax
OSDI(debug) n.xru222.nr1: WARNING: V(i1,c) voltage is greater than specified by vmax
OSDI(debug) n.xru222.nr1: WARNING: V(i2,c) voltage is greater than specified by vmax
OSDI(debug) n.xru221.nr1: WARNING: V(i1,c) voltage is greater than specified by vmax
OSDI(debug) n.xru221.nr1: WARNING: V(i2,c) voltage is greater than specified by vmax
OSDI(debug) n.xru220.nr1: WARNING: V(i1,c) voltage is greater than specified by vmax
OSDI(debug) n.xru220.nr1: WARNING: V(i2,c) voltage is greater than specified by vmax
OSDI(debug) n.xru219.nr1: WARNING: V(i1,c) voltage is greater than specified by vmax
OSDI(debug) n.xru219.nr1: WARNING: V(i2,c) voltage is greater than specified by vmax
OSDI(debug) n.xru218.nr1: WARNING: V(i1,c) voltage is greater than specified by vmax
OSDI(debug) n.xru218.nr1: WARNING: V(i2,c) voltage is greater than specified by vmax
OSDI(debug) n.xru217.nr1: WARNING: V(i1,c) voltage is greater than specified by vmax
OSDI(debug) n.xru217.nr1: WARNING: V(i2,c) voltage is greater than specified by vmax
OSDI(debug) n.xru216.nr1: WARNING: V(i1,c) voltage is greater than specified by vmax
OSDI(debug) n.xru216.nr1: WARNING: V(i2,c) voltage is greater than specified by vmax
OSDI(debug) n.xru215.nr1: WARNING: V(i1,c) voltage is greater than specified by vmax
OSDI(debug) n.xru215.nr1: WARNING: V(i2,c) voltage is greater than specified by vmax
OSDI(debug) n.xru214.nr1: WARNING: V(i1,c) voltage is greater than specified by vmax
OSDI(debug) n.xru214.nr1: WARNING: V(i2,c) voltage is greater than specified by vmax
OSDI(debug) n.xru213.nr1: WARNING: V(i1,c) voltage is greater than specified by vmax
OSDI(debug) n.xru213.nr1: WARNING: V(i2,c) voltage is greater than specified by vmax
OSDI(debug) n.xru212.nr1: WARNING: V(i1,c) voltage is greater than specified by vmax
OSDI(debug) n.xru212.nr1: WARNING: V(i2,c) voltage is greater than specified by vmax
OSDI(debug) n.xru211.nr1: WARNING: V(i1,c) voltage is greater than specified by vmax
OSDI(debug) n.xru211.nr1: WARNING: V(i2,c) voltage is greater than specified by vmax
OSDI(debug) n.xru210.nr1: WARNING: V(i1,c) voltage is greater than specified by vmax
OSDI(debug) n.xru210.nr1: WARNING: V(i2,c) voltage is greater than specified by vmax
OSDI(debug) n.xru209.nr1: WARNING: V(i1,c) voltage is greater than specified by vmax
OSDI(debug) n.xru209.nr1: WARNING: V(i2,c) voltage is greater than specified by vmax
OSDI(debug) n.xru208.nr1: WARNING: V(i1,c) voltage is greater than specified by vmax
OSDI(debug) n.xru208.nr1: WARNING: V(i2,c) voltage is greater than specified by vmax
OSDI(debug) n.xru207.nr1: WARNING: V(i1,c) voltage is greater than specified by vmax
OSDI(debug) n.xru207.nr1: WARNING: V(i2,c) voltage is greater than specified by vmax
OSDI(debug) n.xru206.nr1: WARNING: V(i1,c) voltage is greater than specified by vmax
OSDI(debug) n.xru206.nr1: WARNING: V(i2,c) voltage is greater than specified by vmax
OSDI(debug) n.xru205.nr1: WARNING: V(i1,c) voltage is greater than specified by vmax
OSDI(debug) n.xru205.nr1: WARNING: V(i2,c) voltage is greater than specified by vmax
OSDI(debug) n.xru204.nr1: WARNING: V(i1,c) voltage is greater than specified by vmax
OSDI(debug) n.xru204.nr1: WARNING: V(i2,c) voltage is greater than specified by vmax
OSDI(debug) n.xru203.nr1: WARNING: V(i1,c) voltage is greater than specified by vmax
OSDI(debug) n.xru203.nr1: WARNING: V(i2,c) voltage is greater than specified by vmax
OSDI(debug) n.xru202.nr1: WARNING: V(i1,c) voltage is greater than specified by vmax
OSDI(debug) n.xru202.nr1: WARNING: V(i2,c) voltage is greater than specified by vmax
OSDI(debug) n.xru201.nr1: WARNING: V(i1,c) voltage is greater than specified by vmax
OSDI(debug) n.xru201.nr1: WARNING: V(i2,c) voltage is greater than specified by vmax
OSDI(debug) n.xru200.nr1: WARNING: V(i1,c) voltage is greater than specified by vmax
OSDI(debug) n.xru200.nr1: WARNING: V(i2,c) voltage is greater than specified by vmax
OSDI(debug) n.xru199.nr1: WARNING: V(i1,c) voltage is greater than specified by vmax
OSDI(debug) n.xru199.nr1: WARNING: V(i2,c) voltage is greater than specified by vmax
OSDI(debug) n.xru198.nr1: WARNING: V(i1,c) voltage is greater than specified by vmax
OSDI(debug) n.xru198.nr1: WARNING: V(i2,c) voltage is greater than specified by vmax
OSDI(debug) n.xru197.nr1: WARNING: V(i1,c) voltage is greater than specified by vmax
OSDI(debug) n.xru197.nr1: WARNING: V(i2,c) voltage is greater than specified by vmax
OSDI(debug) n.xru196.nr1: WARNING: V(i1,c) voltage is greater than specified by vmax
OSDI(debug) n.xru196.nr1: WARNING: V(i2,c) voltage is greater than specified by vmax
OSDI(debug) n.xru195.nr1: WARNING: V(i1,c) voltage is greater than specified by vmax
OSDI(debug) n.xru195.nr1: WARNING: V(i2,c) voltage is greater than specified by vmax
OSDI(debug) n.xru194.nr1: WARNING: V(i1,c) voltage is greater than specified by vmax
OSDI(debug) n.xru194.nr1: WARNING: V(i2,c) voltage is greater than specified by vmax
OSDI(debug) n.xru193.nr1: WARNING: V(i1,c) voltage is greater than specified by vmax
OSDI(debug) n.xru193.nr1: WARNING: V(i2,c) voltage is greater than specified by vmax
OSDI(debug) n.xru192.nr1: WARNING: V(i1,c) voltage is greater than specified by vmax
OSDI(debug) n.xru192.nr1: WARNING: V(i2,c) voltage is greater than specified by vmax
OSDI(debug) n.xru191.nr1: WARNING: V(i1,c) voltage is greater than specified by vmax
OSDI(debug) n.xru191.nr1: WARNING: V(i2,c) voltage is greater than specified by vmax
OSDI(debug) n.xru190.nr1: WARNING: V(i1,c) voltage is greater than specified by vmax
OSDI(debug) n.xru190.nr1: WARNING: V(i2,c) voltage is greater than specified by vmax
OSDI(debug) n.xru189.nr1: WARNING: V(i1,c) voltage is greater than specified by vmax
OSDI(debug) n.xru189.nr1: WARNING: V(i2,c) voltage is greater than specified by vmax
OSDI(debug) n.xru188.nr1: WARNING: V(i1,c) voltage is greater than specified by vmax
OSDI(debug) n.xru188.nr1: WARNING: V(i2,c) voltage is greater than specified by vmax
OSDI(debug) n.xru187.nr1: WARNING: V(i1,c) voltage is greater than specified by vmax
OSDI(debug) n.xru187.nr1: WARNING: V(i2,c) voltage is greater than specified by vmax
OSDI(debug) n.xru186.nr1: WARNING: V(i1,c) voltage is greater than specified by vmax
OSDI(debug) n.xru186.nr1: WARNING: V(i2,c) voltage is greater than specified by vmax
OSDI(debug) n.xru185.nr1: WARNING: V(i1,c) voltage is greater than specified by vmax
OSDI(debug) n.xru185.nr1: WARNING: V(i2,c) voltage is greater than specified by vmax
OSDI(debug) n.xru184.nr1: WARNING: V(i1,c) voltage is greater than specified by vmax
OSDI(debug) n.xru184.nr1: WARNING: V(i2,c) voltage is greater than specified by vmax
OSDI(debug) n.xru183.nr1: WARNING: V(i1,c) voltage is greater than specified by vmax
OSDI(debug) n.xru183.nr1: WARNING: V(i2,c) voltage is greater than specified by vmax
OSDI(debug) n.xru182.nr1: WARNING: V(i1,c) voltage is greater than specified by vmax
OSDI(debug) n.xru182.nr1: WARNING: V(i2,c) voltage is greater than specified by vmax
OSDI(debug) n.xru181.nr1: WARNING: V(i1,c) voltage is greater than specified by vmax
OSDI(debug) n.xru181.nr1: WARNING: V(i2,c) voltage is greater than specified by vmax
OSDI(debug) n.xru180.nr1: WARNING: V(i1,c) voltage is greater than specified by vmax
OSDI(debug) n.xru180.nr1: WARNING: V(i2,c) voltage is greater than specified by vmax
OSDI(debug) n.xru179.nr1: WARNING: V(i1,c) voltage is greater than specified by vmax
OSDI(debug) n.xru179.nr1: WARNING: V(i2,c) voltage is greater than specified by vmax
OSDI(debug) n.xru178.nr1: WARNING: V(i1,c) voltage is greater than specified by vmax
OSDI(debug) n.xru178.nr1: WARNING: V(i2,c) voltage is greater than specified by vmax
OSDI(debug) n.xru177.nr1: WARNING: V(i1,c) voltage is greater than specified by vmax
OSDI(debug) n.xru177.nr1: WARNING: V(i2,c) voltage is greater than specified by vmax
OSDI(debug) n.xru176.nr1: WARNING: V(i1,c) voltage is greater than specified by vmax
OSDI(debug) n.xru176.nr1: WARNING: V(i2,c) voltage is greater than specified by vmax
OSDI(debug) n.xru175.nr1: WARNING: V(i1,c) voltage is greater than specified by vmax
OSDI(debug) n.xru175.nr1: WARNING: V(i2,c) voltage is greater than specified by vmax
OSDI(debug) n.xru174.nr1: WARNING: V(i1,c) voltage is greater than specified by vmax
OSDI(debug) n.xru174.nr1: WARNING: V(i2,c) voltage is greater than specified by vmax
OSDI(debug) n.xru173.nr1: WARNING: V(i1,c) voltage is greater than specified by vmax
OSDI(debug) n.xru173.nr1: WARNING: V(i2,c) voltage is greater than specified by vmax
OSDI(debug) n.xru172.nr1: WARNING: V(i1,c) voltage is greater than specified by vmax
OSDI(debug) n.xru172.nr1: WARNING: V(i2,c) voltage is greater than specified by vmax
OSDI(debug) n.xru171.nr1: WARNING: V(i1,c) voltage is greater than specified by vmax
OSDI(debug) n.xru171.nr1: WARNING: V(i2,c) voltage is greater than specified by vmax
OSDI(debug) n.xru170.nr1: WARNING: V(i1,c) voltage is greater than specified by vmax
OSDI(debug) n.xru170.nr1: WARNING: V(i2,c) voltage is greater than specified by vmax
OSDI(debug) n.xru169.nr1: WARNING: V(i1,c) voltage is greater than specified by vmax
OSDI(debug) n.xru169.nr1: WARNING: V(i2,c) voltage is greater than specified by vmax
OSDI(debug) n.xru168.nr1: WARNING: V(i1,c) voltage is greater than specified by vmax
OSDI(debug) n.xru168.nr1: WARNING: V(i2,c) voltage is greater than specified by vmax
OSDI(debug) n.xru167.nr1: WARNING: V(i1,c) voltage is greater than specified by vmax
OSDI(debug) n.xru167.nr1: WARNING: V(i2,c) voltage is greater than specified by vmax
OSDI(debug) n.xru166.nr1: WARNING: V(i1,c) voltage is greater than specified by vmax
OSDI(debug) n.xru166.nr1: WARNING: V(i2,c) voltage is greater than specified by vmax
OSDI(debug) n.xru165.nr1: WARNING: V(i1,c) voltage is greater than specified by vmax
OSDI(debug) n.xru165.nr1: WARNING: V(i2,c) voltage is greater than specified by vmax
OSDI(debug) n.xru164.nr1: WARNING: V(i1,c) voltage is greater than specified by vmax
OSDI(debug) n.xru164.nr1: WARNING: V(i2,c) voltage is greater than specified by vmax
OSDI(debug) n.xru163.nr1: WARNING: V(i1,c) voltage is greater than specified by vmax
OSDI(debug) n.xru163.nr1: WARNING: V(i2,c) voltage is greater than specified by vmax
OSDI(debug) n.xru162.nr1: WARNING: V(i1,c) voltage is greater than specified by vmax
OSDI(debug) n.xru162.nr1: WARNING: V(i2,c) voltage is greater than specified by vmax
OSDI(debug) n.xru161.nr1: WARNING: V(i1,c) voltage is greater than specified by vmax
OSDI(debug) n.xru161.nr1: WARNING: V(i2,c) voltage is greater than specified by vmax
OSDI(debug) n.xru160.nr1: WARNING: V(i1,c) voltage is greater than specified by vmax
OSDI(debug) n.xru160.nr1: WARNING: V(i2,c) voltage is greater than specified by vmax
OSDI(debug) n.xru159.nr1: WARNING: V(i1,c) voltage is greater than specified by vmax
OSDI(debug) n.xru159.nr1: WARNING: V(i2,c) voltage is greater than specified by vmax
OSDI(debug) n.xru158.nr1: WARNING: V(i1,c) voltage is greater than specified by vmax
OSDI(debug) n.xru158.nr1: WARNING: V(i2,c) voltage is greater than specified by vmax
OSDI(debug) n.xru157.nr1: WARNING: V(i1,c) voltage is greater than specified by vmax
OSDI(debug) n.xru157.nr1: WARNING: V(i2,c) voltage is greater than specified by vmax
OSDI(debug) n.xru156.nr1: WARNING: V(i1,c) voltage is greater than specified by vmax
OSDI(debug) n.xru156.nr1: WARNING: V(i2,c) voltage is greater than specified by vmax
OSDI(debug) n.xru155.nr1: WARNING: V(i1,c) voltage is greater than specified by vmax
OSDI(debug) n.xru155.nr1: WARNING: V(i2,c) voltage is greater than specified by vmax
OSDI(debug) n.xru154.nr1: WARNING: V(i1,c) voltage is greater than specified by vmax
OSDI(debug) n.xru154.nr1: WARNING: V(i2,c) voltage is greater than specified by vmax
OSDI(debug) n.xru153.nr1: WARNING: V(i1,c) voltage is greater than specified by vmax
OSDI(debug) n.xru153.nr1: WARNING: V(i2,c) voltage is greater than specified by vmax
OSDI(debug) n.xru152.nr1: WARNING: V(i1,c) voltage is greater than specified by vmax
OSDI(debug) n.xru152.nr1: WARNING: V(i2,c) voltage is greater than specified by vmax
OSDI(debug) n.xru151.nr1: WARNING: V(i1,c) voltage is greater than specified by vmax
OSDI(debug) n.xru151.nr1: WARNING: V(i2,c) voltage is greater than specified by vmax
OSDI(debug) n.xru150.nr1: WARNING: V(i1,c) voltage is greater than specified by vmax
OSDI(debug) n.xru150.nr1: WARNING: V(i2,c) voltage is greater than specified by vmax
OSDI(debug) n.xru149.nr1: WARNING: V(i1,c) voltage is greater than specified by vmax
OSDI(debug) n.xru149.nr1: WARNING: V(i2,c) voltage is greater than specified by vmax
OSDI(debug) n.xru148.nr1: WARNING: V(i1,c) voltage is greater than specified by vmax
OSDI(debug) n.xru148.nr1: WARNING: V(i2,c) voltage is greater than specified by vmax
OSDI(debug) n.xru147.nr1: WARNING: V(i1,c) voltage is greater than specified by vmax
OSDI(debug) n.xru147.nr1: WARNING: V(i2,c) voltage is greater than specified by vmax
OSDI(debug) n.xru146.nr1: WARNING: V(i1,c) voltage is greater than specified by vmax
OSDI(debug) n.xru146.nr1: WARNING: V(i2,c) voltage is greater than specified by vmax
OSDI(debug) n.xru145.nr1: WARNING: V(i1,c) voltage is greater than specified by vmax
OSDI(debug) n.xru145.nr1: WARNING: V(i2,c) voltage is greater than specified by vmax
OSDI(debug) n.xru144.nr1: WARNING: V(i1,c) voltage is greater than specified by vmax
OSDI(debug) n.xru144.nr1: WARNING: V(i2,c) voltage is greater than specified by vmax
OSDI(debug) n.xru143.nr1: WARNING: V(i1,c) voltage is greater than specified by vmax
OSDI(debug) n.xru143.nr1: WARNING: V(i2,c) voltage is greater than specified by vmax
OSDI(debug) n.xru142.nr1: WARNING: V(i1,c) voltage is greater than specified by vmax
OSDI(debug) n.xru142.nr1: WARNING: V(i2,c) voltage is greater than specified by vmax
OSDI(debug) n.xru141.nr1: WARNING: V(i1,c) voltage is greater than specified by vmax
OSDI(debug) n.xru141.nr1: WARNING: V(i2,c) voltage is greater than specified by vmax
OSDI(debug) n.xru140.nr1: WARNING: V(i1,c) voltage is greater than specified by vmax
OSDI(debug) n.xru140.nr1: WARNING: V(i2,c) voltage is greater than specified by vmax
OSDI(debug) n.xru139.nr1: WARNING: V(i1,c) voltage is greater than specified by vmax
OSDI(debug) n.xru139.nr1: WARNING: V(i2,c) voltage is greater than specified by vmax
OSDI(debug) n.xru138.nr1: WARNING: V(i1,c) voltage is greater than specified by vmax
OSDI(debug) n.xru138.nr1: WARNING: V(i2,c) voltage is greater than specified by vmax
OSDI(debug) n.xru137.nr1: WARNING: V(i1,c) voltage is greater than specified by vmax
OSDI(debug) n.xru137.nr1: WARNING: V(i2,c) voltage is greater than specified by vmax
OSDI(debug) n.xru136.nr1: WARNING: V(i1,c) voltage is greater than specified by vmax
OSDI(debug) n.xru136.nr1: WARNING: V(i2,c) voltage is greater than specified by vmax
OSDI(debug) n.xru135.nr1: WARNING: V(i1,c) voltage is greater than specified by vmax
OSDI(debug) n.xru135.nr1: WARNING: V(i2,c) voltage is greater than specified by vmax
OSDI(debug) n.xru134.nr1: WARNING: V(i1,c) voltage is greater than specified by vmax
OSDI(debug) n.xru134.nr1: WARNING: V(i2,c) voltage is greater than specified by vmax
OSDI(debug) n.xru133.nr1: WARNING: V(i1,c) voltage is greater than specified by vmax
OSDI(debug) n.xru133.nr1: WARNING: V(i2,c) voltage is greater than specified by vmax
OSDI(debug) n.xru132.nr1: WARNING: V(i1,c) voltage is greater than specified by vmax
OSDI(debug) n.xru132.nr1: WARNING: V(i2,c) voltage is greater than specified by vmax
OSDI(debug) n.xru131.nr1: WARNING: V(i1,c) voltage is greater than specified by vmax
OSDI(debug) n.xru131.nr1: WARNING: V(i2,c) voltage is greater than specified by vmax
OSDI(debug) n.xru130.nr1: WARNING: V(i1,c) voltage is greater than specified by vmax
OSDI(debug) n.xru130.nr1: WARNING: V(i2,c) voltage is greater than specified by vmax
OSDI(debug) n.xru129.nr1: WARNING: V(i1,c) voltage is greater than specified by vmax
OSDI(debug) n.xru129.nr1: WARNING: V(i2,c) voltage is greater than specified by vmax
OSDI(debug) n.xru128.nr1: WARNING: V(i1,c) voltage is greater than specified by vmax
OSDI(debug) n.xru128.nr1: WARNING: V(i2,c) voltage is greater than specified by vmax
OSDI(debug) n.xru127.nr1: WARNING: V(i1,c) voltage is greater than specified by vmax
OSDI(debug) n.xru127.nr1: WARNING: V(i2,c) voltage is greater than specified by vmax
OSDI(debug) n.xru126.nr1: WARNING: V(i1,c) voltage is greater than specified by vmax
OSDI(debug) n.xru126.nr1: WARNING: V(i2,c) voltage is greater than specified by vmax
OSDI(debug) n.xru125.nr1: WARNING: V(i1,c) voltage is greater than specified by vmax
OSDI(debug) n.xru125.nr1: WARNING: V(i2,c) voltage is greater than specified by vmax
OSDI(debug) n.xru124.nr1: WARNING: V(i1,c) voltage is greater than specified by vmax
OSDI(debug) n.xru124.nr1: WARNING: V(i2,c) voltage is greater than specified by vmax
OSDI(debug) n.xru123.nr1: WARNING: V(i1,c) voltage is greater than specified by vmax
OSDI(debug) n.xru123.nr1: WARNING: V(i2,c) voltage is greater than specified by vmax
OSDI(debug) n.xru122.nr1: WARNING: V(i1,c) voltage is greater than specified by vmax
OSDI(debug) n.xru122.nr1: WARNING: V(i2,c) voltage is greater than specified by vmax
OSDI(debug) n.xru121.nr1: WARNING: V(i1,c) voltage is greater than specified by vmax
OSDI(debug) n.xru121.nr1: WARNING: V(i2,c) voltage is greater than specified by vmax
OSDI(debug) n.xru120.nr1: WARNING: V(i1,c) voltage is greater than specified by vmax
OSDI(debug) n.xru120.nr1: WARNING: V(i2,c) voltage is greater than specified by vmax
OSDI(debug) n.xru119.nr1: WARNING: V(i1,c) voltage is greater than specified by vmax
OSDI(debug) n.xru119.nr1: WARNING: V(i2,c) voltage is greater than specified by vmax
OSDI(debug) n.xru118.nr1: WARNING: V(i1,c) voltage is greater than specified by vmax
OSDI(debug) n.xru118.nr1: WARNING: V(i2,c) voltage is greater than specified by vmax
OSDI(debug) n.xru117.nr1: WARNING: V(i1,c) voltage is greater than specified by vmax
OSDI(debug) n.xru117.nr1: WARNING: V(i2,c) voltage is greater than specified by vmax
OSDI(debug) n.xru116.nr1: WARNING: V(i1,c) voltage is greater than specified by vmax
OSDI(debug) n.xru116.nr1: WARNING: V(i2,c) voltage is greater than specified by vmax
OSDI(debug) n.xru115.nr1: WARNING: V(i1,c) voltage is greater than specified by vmax
OSDI(debug) n.xru115.nr1: WARNING: V(i2,c) voltage is greater than specified by vmax
OSDI(debug) n.xru114.nr1: WARNING: V(i1,c) voltage is greater than specified by vmax
OSDI(debug) n.xru114.nr1: WARNING: V(i2,c) voltage is greater than specified by vmax
OSDI(debug) n.xru113.nr1: WARNING: V(i1,c) voltage is greater than specified by vmax
OSDI(debug) n.xru113.nr1: WARNING: V(i2,c) voltage is greater than specified by vmax
OSDI(debug) n.xru112.nr1: WARNING: V(i1,c) voltage is greater than specified by vmax
OSDI(debug) n.xru112.nr1: WARNING: V(i2,c) voltage is greater than specified by vmax
OSDI(debug) n.xru111.nr1: WARNING: V(i1,c) voltage is greater than specified by vmax
OSDI(debug) n.xru111.nr1: WARNING: V(i2,c) voltage is greater than specified by vmax
OSDI(debug) n.xru110.nr1: WARNING: V(i1,c) voltage is greater than specified by vmax
OSDI(debug) n.xru110.nr1: WARNING: V(i2,c) voltage is greater than specified by vmax
OSDI(debug) n.xru109.nr1: WARNING: V(i1,c) voltage is greater than specified by vmax
OSDI(debug) n.xru109.nr1: WARNING: V(i2,c) voltage is greater than specified by vmax
OSDI(debug) n.xru108.nr1: WARNING: V(i1,c) voltage is greater than specified by vmax
OSDI(debug) n.xru108.nr1: WARNING: V(i2,c) voltage is greater than specified by vmax
OSDI(debug) n.xru107.nr1: WARNING: V(i1,c) voltage is greater than specified by vmax
OSDI(debug) n.xru107.nr1: WARNING: V(i2,c) voltage is greater than specified by vmax
OSDI(debug) n.xru106.nr1: WARNING: V(i1,c) voltage is greater than specified by vmax
OSDI(debug) n.xru106.nr1: WARNING: V(i2,c) voltage is greater than specified by vmax
OSDI(debug) n.xru105.nr1: WARNING: V(i1,c) voltage is greater than specified by vmax
OSDI(debug) n.xru105.nr1: WARNING: V(i2,c) voltage is greater than specified by vmax
OSDI(debug) n.xru104.nr1: WARNING: V(i1,c) voltage is greater than specified by vmax
OSDI(debug) n.xru104.nr1: WARNING: V(i2,c) voltage is greater than specified by vmax
OSDI(debug) n.xru103.nr1: WARNING: V(i1,c) voltage is greater than specified by vmax
OSDI(debug) n.xru103.nr1: WARNING: V(i2,c) voltage is greater than specified by vmax
OSDI(debug) n.xru102.nr1: WARNING: V(i1,c) voltage is greater than specified by vmax
OSDI(debug) n.xru102.nr1: WARNING: V(i2,c) voltage is greater than specified by vmax
OSDI(debug) n.xru101.nr1: WARNING: V(i1,c) voltage is greater than specified by vmax
OSDI(debug) n.xru101.nr1: WARNING: V(i2,c) voltage is greater than specified by vmax
OSDI(debug) n.xru100.nr1: WARNING: V(i1,c) voltage is greater than specified by vmax
OSDI(debug) n.xru100.nr1: WARNING: V(i2,c) voltage is greater than specified by vmax
OSDI(debug) n.xru91.nr1: WARNING: V(i1,c) voltage is greater than specified by vmax
OSDI(debug) n.xru91.nr1: WARNING: V(i2,c) voltage is greater than specified by vmax
OSDI(debug) n.xru90.nr1: WARNING: V(i1,c) voltage is greater than specified by vmax
OSDI(debug) n.xru90.nr1: WARNING: V(i2,c) voltage is greater than specified by vmax
OSDI(debug) n.xru89.nr1: WARNING: V(i1,c) voltage is greater than specified by vmax
OSDI(debug) n.xru89.nr1: WARNING: V(i2,c) voltage is greater than specified by vmax
OSDI(debug) n.xru88.nr1: WARNING: V(i1,c) voltage is greater than specified by vmax
OSDI(debug) n.xru88.nr1: WARNING: V(i2,c) voltage is greater than specified by vmax
OSDI(debug) n.xru87.nr1: WARNING: V(i1,c) voltage is greater than specified by vmax
OSDI(debug) n.xru87.nr1: WARNING: V(i2,c) voltage is greater than specified by vmax
OSDI(debug) n.xru86.nr1: WARNING: V(i1,c) voltage is greater than specified by vmax
OSDI(debug) n.xru86.nr1: WARNING: V(i2,c) voltage is greater than specified by vmax
OSDI(debug) n.xru85.nr1: WARNING: V(i1,c) voltage is greater than specified by vmax
OSDI(debug) n.xru85.nr1: WARNING: V(i2,c) voltage is greater than specified by vmax
OSDI(debug) n.xru84.nr1: WARNING: V(i1,c) voltage is greater than specified by vmax
OSDI(debug) n.xru84.nr1: WARNING: V(i2,c) voltage is greater than specified by vmax
OSDI(debug) n.xru83.nr1: WARNING: V(i1,c) voltage is greater than specified by vmax
OSDI(debug) n.xru83.nr1: WARNING: V(i2,c) voltage is greater than specified by vmax
OSDI(debug) n.xru82.nr1: WARNING: V(i1,c) voltage is greater than specified by vmax
OSDI(debug) n.xru82.nr1: WARNING: V(i2,c) voltage is greater than specified by vmax
OSDI(debug) n.xru81.nr1: WARNING: V(i1,c) voltage is greater than specified by vmax
OSDI(debug) n.xru81.nr1: WARNING: V(i2,c) voltage is greater than specified by vmax
OSDI(debug) n.xru80.nr1: WARNING: V(i1,c) voltage is greater than specified by vmax
OSDI(debug) n.xru80.nr1: WARNING: V(i2,c) voltage is greater than specified by vmax
OSDI(debug) n.xru79.nr1: WARNING: V(i1,c) voltage is greater than specified by vmax
OSDI(debug) n.xru79.nr1: WARNING: V(i2,c) voltage is greater than specified by vmax
OSDI(debug) n.xru78.nr1: WARNING: V(i1,c) voltage is greater than specified by vmax
OSDI(debug) n.xru78.nr1: WARNING: V(i2,c) voltage is greater than specified by vmax
OSDI(debug) n.xru77.nr1: WARNING: V(i1,c) voltage is greater than specified by vmax
OSDI(debug) n.xru77.nr1: WARNING: V(i2,c) voltage is greater than specified by vmax
OSDI(debug) n.xru76.nr1: WARNING: V(i1,c) voltage is greater than specified by vmax
OSDI(debug) n.xru76.nr1: WARNING: V(i2,c) voltage is greater than specified by vmax
OSDI(debug) n.xru75.nr1: WARNING: V(i1,c) voltage is greater than specified by vmax
OSDI(debug) n.xru75.nr1: WARNING: V(i2,c) voltage is greater than specified by vmax
OSDI(debug) n.xru74.nr1: WARNING: V(i1,c) voltage is greater than specified by vmax
OSDI(debug) n.xru74.nr1: WARNING: V(i2,c) voltage is greater than specified by vmax
OSDI(debug) n.xru73.nr1: WARNING: V(i1,c) voltage is greater than specified by vmax
OSDI(debug) n.xru73.nr1: WARNING: V(i2,c) voltage is greater than specified by vmax
OSDI(debug) n.xru72.nr1: WARNING: V(i1,c) voltage is greater than specified by vmax
OSDI(debug) n.xru72.nr1: WARNING: V(i2,c) voltage is greater than specified by vmax
OSDI(debug) n.xru71.nr1: WARNING: V(i1,c) voltage is greater than specified by vmax
OSDI(debug) n.xru71.nr1: WARNING: V(i2,c) voltage is greater than specified by vmax
OSDI(debug) n.xru70.nr1: WARNING: V(i1,c) voltage is greater than specified by vmax
OSDI(debug) n.xru70.nr1: WARNING: V(i2,c) voltage is greater than specified by vmax
OSDI(debug) n.xru69.nr1: WARNING: V(i1,c) voltage is greater than specified by vmax
OSDI(debug) n.xru69.nr1: WARNING: V(i2,c) voltage is greater than specified by vmax
OSDI(debug) n.xru68.nr1: WARNING: V(i1,c) voltage is greater than specified by vmax
OSDI(debug) n.xru68.nr1: WARNING: V(i2,c) voltage is greater than specified by vmax
OSDI(debug) n.xru67.nr1: WARNING: V(i1,c) voltage is greater than specified by vmax
OSDI(debug) n.xru67.nr1: WARNING: V(i2,c) voltage is greater than specified by vmax
OSDI(debug) n.xru66.nr1: WARNING: V(i1,c) voltage is greater than specified by vmax
OSDI(debug) n.xru66.nr1: WARNING: V(i2,c) voltage is greater than specified by vmax
OSDI(debug) n.xru65.nr1: WARNING: V(i1,c) voltage is greater than specified by vmax
OSDI(debug) n.xru65.nr1: WARNING: V(i2,c) voltage is greater than specified by vmax
OSDI(debug) n.xru64.nr1: WARNING: V(i1,c) voltage is greater than specified by vmax
OSDI(debug) n.xru64.nr1: WARNING: V(i2,c) voltage is greater than specified by vmax
OSDI(debug) n.xru63.nr1: WARNING: V(i1,c) voltage is greater than specified by vmax
OSDI(debug) n.xru63.nr1: WARNING: V(i2,c) voltage is greater than specified by vmax
OSDI(debug) n.xru62.nr1: WARNING: V(i1,c) voltage is greater than specified by vmax
OSDI(debug) n.xru62.nr1: WARNING: V(i2,c) voltage is greater than specified by vmax
OSDI(debug) n.xru61.nr1: WARNING: V(i1,c) voltage is greater than specified by vmax
OSDI(debug) n.xru61.nr1: WARNING: V(i2,c) voltage is greater than specified by vmax
OSDI(debug) n.xru60.nr1: WARNING: V(i1,c) voltage is greater than specified by vmax
OSDI(debug) n.xru60.nr1: WARNING: V(i2,c) voltage is greater than specified by vmax
OSDI(debug) n.xru59.nr1: WARNING: V(i1,c) voltage is greater than specified by vmax
OSDI(debug) n.xru59.nr1: WARNING: V(i2,c) voltage is greater than specified by vmax
OSDI(debug) n.xru58.nr1: WARNING: V(i1,c) voltage is greater than specified by vmax
OSDI(debug) n.xru58.nr1: WARNING: V(i2,c) voltage is greater than specified by vmax
OSDI(debug) n.xru57.nr1: WARNING: V(i1,c) voltage is greater than specified by vmax
OSDI(debug) n.xru57.nr1: WARNING: V(i2,c) voltage is greater than specified by vmax
OSDI(debug) n.xru56.nr1: WARNING: V(i1,c) voltage is greater than specified by vmax
OSDI(debug) n.xru56.nr1: WARNING: V(i2,c) voltage is greater than specified by vmax
OSDI(debug) n.xru55.nr1: WARNING: V(i1,c) voltage is greater than specified by vmax
OSDI(debug) n.xru55.nr1: WARNING: V(i2,c) voltage is greater than specified by vmax
OSDI(debug) n.xru54.nr1: WARNING: V(i1,c) voltage is greater than specified by vmax
OSDI(debug) n.xru54.nr1: WARNING: V(i2,c) voltage is greater than specified by vmax
OSDI(debug) n.xru53.nr1: WARNING: V(i1,c) voltage is greater than specified by vmax
OSDI(debug) n.xru53.nr1: WARNING: V(i2,c) voltage is greater than specified by vmax
OSDI(debug) n.xru52.nr1: WARNING: V(i1,c) voltage is greater than specified by vmax
OSDI(debug) n.xru52.nr1: WARNING: V(i2,c) voltage is greater than specified by vmax
OSDI(debug) n.xru51.nr1: WARNING: V(i1,c) voltage is greater than specified by vmax
OSDI(debug) n.xru51.nr1: WARNING: V(i2,c) voltage is greater than specified by vmax
OSDI(debug) n.xru50.nr1: WARNING: V(i1,c) voltage is greater than specified by vmax
OSDI(debug) n.xru50.nr1: WARNING: V(i2,c) voltage is greater than specified by vmax
OSDI(debug) n.xru49.nr1: WARNING: V(i1,c) voltage is greater than specified by vmax
OSDI(debug) n.xru49.nr1: WARNING: V(i2,c) voltage is greater than specified by vmax
OSDI(debug) n.xru48.nr1: WARNING: V(i1,c) voltage is greater than specified by vmax
OSDI(debug) n.xru48.nr1: WARNING: V(i2,c) voltage is greater than specified by vmax
OSDI(debug) n.xru47.nr1: WARNING: V(i1,c) voltage is greater than specified by vmax
OSDI(debug) n.xru47.nr1: WARNING: V(i2,c) voltage is greater than specified by vmax
OSDI(debug) n.xru46.nr1: WARNING: V(i1,c) voltage is greater than specified by vmax
OSDI(debug) n.xru46.nr1: WARNING: V(i2,c) voltage is greater than specified by vmax
OSDI(debug) n.xru45.nr1: WARNING: V(i1,c) voltage is greater than specified by vmax
OSDI(debug) n.xru45.nr1: WARNING: V(i2,c) voltage is greater than specified by vmax
OSDI(debug) n.xru44.nr1: WARNING: V(i1,c) voltage is greater than specified by vmax
OSDI(debug) n.xru44.nr1: WARNING: V(i2,c) voltage is greater than specified by vmax
OSDI(debug) n.xru43.nr1: WARNING: V(i1,c) voltage is greater than specified by vmax
OSDI(debug) n.xru43.nr1: WARNING: V(i2,c) voltage is greater than specified by vmax
OSDI(debug) n.xru42.nr1: WARNING: V(i1,c) voltage is greater than specified by vmax
OSDI(debug) n.xru42.nr1: WARNING: V(i2,c) voltage is greater than specified by vmax
OSDI(debug) n.xru41.nr1: WARNING: V(i1,c) voltage is greater than specified by vmax
OSDI(debug) n.xru41.nr1: WARNING: V(i2,c) voltage is greater than specified by vmax
OSDI(debug) n.xru40.nr1: WARNING: V(i1,c) voltage is greater than specified by vmax
OSDI(debug) n.xru40.nr1: WARNING: V(i2,c) voltage is greater than specified by vmax
OSDI(debug) n.xru39.nr1: WARNING: V(i1,c) voltage is greater than specified by vmax
OSDI(debug) n.xru39.nr1: WARNING: V(i2,c) voltage is greater than specified by vmax
OSDI(debug) n.xru38.nr1: WARNING: V(i1,c) voltage is greater than specified by vmax
OSDI(debug) n.xru38.nr1: WARNING: V(i2,c) voltage is greater than specified by vmax
OSDI(debug) n.xru37.nr1: WARNING: V(i1,c) voltage is greater than specified by vmax
OSDI(debug) n.xru37.nr1: WARNING: V(i2,c) voltage is greater than specified by vmax
OSDI(debug) n.xru36.nr1: WARNING: V(i1,c) voltage is greater than specified by vmax
OSDI(debug) n.xru36.nr1: WARNING: V(i2,c) voltage is greater than specified by vmax
OSDI(debug) n.xru35.nr1: WARNING: V(i1,c) voltage is greater than specified by vmax
OSDI(debug) n.xru35.nr1: WARNING: V(i2,c) voltage is greater than specified by vmax
OSDI(debug) n.xru34.nr1: WARNING: V(i1,c) voltage is greater than specified by vmax
OSDI(debug) n.xru34.nr1: WARNING: V(i2,c) voltage is greater than specified by vmax
OSDI(debug) n.xru33.nr1: WARNING: V(i1,c) voltage is greater than specified by vmax
OSDI(debug) n.xru33.nr1: WARNING: V(i2,c) voltage is greater than specified by vmax
OSDI(debug) n.xru32.nr1: WARNING: V(i1,c) voltage is greater than specified by vmax
OSDI(debug) n.xru32.nr1: WARNING: V(i2,c) voltage is greater than specified by vmax
OSDI(debug) n.xru31.nr1: WARNING: V(i1,c) voltage is greater than specified by vmax
OSDI(debug) n.xru31.nr1: WARNING: V(i2,c) voltage is greater than specified by vmax
OSDI(debug) n.xru30.nr1: WARNING: V(i1,c) voltage is greater than specified by vmax
OSDI(debug) n.xru30.nr1: WARNING: V(i2,c) voltage is greater than specified by vmax
OSDI(debug) n.xru29.nr1: WARNING: V(i1,c) voltage is greater than specified by vmax
OSDI(debug) n.xru29.nr1: WARNING: V(i2,c) voltage is greater than specified by vmax
OSDI(debug) n.xru28.nr1: WARNING: V(i1,c) voltage is greater than specified by vmax
OSDI(debug) n.xru28.nr1: WARNING: V(i2,c) voltage is greater than specified by vmax
OSDI(debug) n.xru27.nr1: WARNING: V(i1,c) voltage is greater than specified by vmax
OSDI(debug) n.xru27.nr1: WARNING: V(i2,c) voltage is greater than specified by vmax
OSDI(debug) n.xru26.nr1: WARNING: V(i1,c) voltage is greater than specified by vmax
OSDI(debug) n.xru26.nr1: WARNING: V(i2,c) voltage is greater than specified by vmax
OSDI(debug) n.xru25.nr1: WARNING: V(i1,c) voltage is greater than specified by vmax
OSDI(debug) n.xru25.nr1: WARNING: V(i2,c) voltage is greater than specified by vmax
OSDI(debug) n.xru24.nr1: WARNING: V(i1,c) voltage is greater than specified by vmax
OSDI(debug) n.xru24.nr1: WARNING: V(i2,c) voltage is greater than specified by vmax
OSDI(debug) n.xru23.nr1: WARNING: V(i1,c) voltage is greater than specified by vmax
OSDI(debug) n.xru23.nr1: WARNING: V(i2,c) voltage is greater than specified by vmax
OSDI(debug) n.xru22.nr1: WARNING: V(i1,c) voltage is greater than specified by vmax
OSDI(debug) n.xru22.nr1: WARNING: V(i2,c) voltage is greater than specified by vmax
OSDI(debug) n.xru21.nr1: WARNING: V(i1,c) voltage is greater than specified by vmax
OSDI(debug) n.xru21.nr1: WARNING: V(i2,c) voltage is greater than specified by vmax
OSDI(debug) n.xru20.nr1: WARNING: V(i1,c) voltage is greater than specified by vmax
OSDI(debug) n.xru20.nr1: WARNING: V(i2,c) voltage is greater than specified by vmax
OSDI(debug) n.xru19.nr1: WARNING: V(i1,c) voltage is greater than specified by vmax
OSDI(debug) n.xru19.nr1: WARNING: V(i2,c) voltage is greater than specified by vmax
OSDI(debug) n.xru18.nr1: WARNING: V(i1,c) voltage is greater than specified by vmax
OSDI(debug) n.xru18.nr1: WARNING: V(i2,c) voltage is greater than specified by vmax
OSDI(debug) n.xru17.nr1: WARNING: V(i1,c) voltage is greater than specified by vmax
OSDI(debug) n.xru17.nr1: WARNING: V(i2,c) voltage is greater than specified by vmax
OSDI(debug) n.xru16.nr1: WARNING: V(i1,c) voltage is greater than specified by vmax
OSDI(debug) n.xru16.nr1: WARNING: V(i2,c) voltage is greater than specified by vmax
OSDI(debug) n.xru15.nr1: WARNING: V(i1,c) voltage is greater than specified by vmax
OSDI(debug) n.xru15.nr1: WARNING: V(i2,c) voltage is greater than specified by vmax
OSDI(debug) n.xru14.nr1: WARNING: V(i1,c) voltage is greater than specified by vmax
OSDI(debug) n.xru14.nr1: WARNING: V(i2,c) voltage is greater than specified by vmax
OSDI(debug) n.xru13.nr1: WARNING: V(i1,c) voltage is greater than specified by vmax
OSDI(debug) n.xru13.nr1: WARNING: V(i2,c) voltage is greater than specified by vmax
OSDI(debug) n.xru12.nr1: WARNING: V(i1,c) voltage is greater than specified by vmax
OSDI(debug) n.xru12.nr1: WARNING: V(i2,c) voltage is greater than specified by vmax
OSDI(debug) n.xru11.nr1: WARNING: V(i1,c) voltage is greater than specified by vmax
OSDI(debug) n.xru11.nr1: WARNING: V(i2,c) voltage is greater than specified by vmax
OSDI(debug) n.xru10.nr1: WARNING: V(i1,c) voltage is greater than specified by vmax
OSDI(debug) n.xru10.nr1: WARNING: V(i2,c) voltage is greater than specified by vmax
OSDI(debug) n.xru9.nr1: WARNING: V(i1,c) voltage is greater than specified by vmax
OSDI(debug) n.xru9.nr1: WARNING: V(i2,c) voltage is greater than specified by vmax
OSDI(debug) n.xru8.nr1: WARNING: V(i1,c) voltage is greater than specified by vmax
OSDI(debug) n.xru8.nr1: WARNING: V(i2,c) voltage is greater than specified by vmax
OSDI(debug) n.xru7.nr1: WARNING: V(i1,c) voltage is greater than specified by vmax
OSDI(debug) n.xru7.nr1: WARNING: V(i2,c) voltage is greater than specified by vmax
OSDI(debug) n.xru6.nr1: WARNING: V(i1,c) voltage is greater than specified by vmax
OSDI(debug) n.xru6.nr1: WARNING: V(i2,c) voltage is greater than specified by vmax
OSDI(debug) n.xru5.nr1: WARNING: V(i1,c) voltage is greater than specified by vmax
OSDI(debug) n.xru5.nr1: WARNING: V(i2,c) voltage is greater than specified by vmax
OSDI(debug) n.xru4.nr1: WARNING: V(i1,c) voltage is greater than specified by vmax
OSDI(debug) n.xru4.nr1: WARNING: V(i2,c) voltage is greater than specified by vmax
OSDI(debug) n.xru3.nr1: WARNING: V(i1,c) voltage is greater than specified by vmax
OSDI(debug) n.xru3.nr1: WARNING: V(i2,c) voltage is greater than specified by vmax
OSDI(debug) n.xru2.nr1: WARNING: V(i1,c) voltage is greater than specified by vmax
OSDI(debug) n.xru2.nr1: WARNING: V(i2,c) voltage is greater than specified by vmax
OSDI(debug) n.xru1.nr1: WARNING: V(i1,c) voltage is greater than specified by vmax
OSDI(debug) n.xru1.nr1: WARNING: V(i2,c) voltage is greater than specified by vmax
OSDI(debug) n.xr1.nr1: WARNING: V(i1,c) voltage is greater than specified by vmax
OSDI(debug) n.xr1.nr1: WARNING: V(i2,c) voltage is greater than specified by vmax
OSDI(debug) n.xru251.nr1: WARNING: V(i1,c) voltage is greater than specified by vmax
OSDI(debug) n.xru251.nr1: WARNING: V(i2,c) voltage is greater than specified by vmax
OSDI(debug) n.xru240.nr1: WARNING: V(i1,c) voltage is greater than specified by vmax
OSDI(debug) n.xru240.nr1: WARNING: V(i2,c) voltage is greater than specified by vmax
OSDI(debug) n.xru253.nr1: OSDI(debug) n.xru245.nr1: WARNING: V(i1,c) voltage is greater than specified by vmax
OSDI(debug) n.xru245.nr1: WARNING: V(i2,c) voltage is greater than specified by vmax
OSDI(debug) n.xru252.nr1: WARNING: V(i1,c) voltage is greater than specified by vmax
OSDI(debug) n.xru252.nr1: WARNING: V(i1,c) voltage is greater than specified by vmax
OSDI(debug) n.xru253.nr1: WARNING: V(i2,c) voltage is greater than specified by vmax
WARNING: V(i2,c) voltage is greater than specified by vmax
WARNING: V(i1,c) voltage is greater than specified by vmax
OSDI(debug) n.xru246.nr1: WARNING: V(i2,c) voltage is greater than specified by vmax
OSDI(debug) n.xru255.nr1: OSDI(debug) n.xru254.nr1: WARNING: V(i1,c) voltage is greater than specified by vmax
OSDI(debug) n.xru255.nr1: WARNING: V(i2,c) voltage is greater than specified by vmax
OSDI(debug) n.xru250.nr1: WARNING: V(i1,c) voltage is greater than specified by vmax
OSDI(debug) n.xru250.nr1: WARNING: V(i2,c) voltage is greater than specified by vmax
WARNING: V(i1,c) voltage is greater than specified by vmax
OSDI(debug) n.xru254.nr1: WARNING: V(i2,c) voltage is greater than specified by vmax
OSDI(debug) n.xru248.nr1: WARNING: V(i1,c) voltage is greater than specified by vmax
OSDI(debug) n.xru248.nr1: WARNING: V(i2,c) voltage is greater than specified by vmax
OSDI(debug) n.xru247.nr1: WARNING: V(i1,c) voltage is greater than specified by vmax
OSDI(debug) n.xru247.nr1: WARNING: V(i2,c) voltage is greater than specified by vmax
OSDI(debug) n.xru246.nr1: WARNING: V(i1,c) voltage is greater than specified by vmax
OSDI(debug) n.xru246.nr1: WARNING: V(i2,c) voltage is greater than specified by vmax
OSDI(debug) n.xru242.nr1: WARNING: V(i1,c) voltage is greater than specified by vmax
OSDI(debug) n.xru242.nr1: WARNING: V(i2,c) voltage is greater than specified by vmax
OSDI(debug) n.xru241.nr1: WARNING: V(i1,c) voltage is greater than specified by vmax
OSDI(debug) n.xru241.nr1: WARNING: V(i2,c) voltage is greater than specified by vmax
OSDI(debug) n.xru240.nr1: WARNING: V(i1,c) voltage is greater than specified by vmax
OSDI(debug) n.xru240.nr1: WARNING: V(i2,c) voltage is greater than specified by vmax
OSDI(debug) n.xru239.nr1: WARNING: V(i1,c) voltage is greater than specified by vmax
OSDI(debug) n.xru239.nr1: WARNING: V(i2,c) voltage is greater than specified by vmax
OSDI(debug) n.xru238.nr1: WARNING: V(i1,c) voltage is greater than specified by vmax
OSDI(debug) n.xru238.nr1: WARNING: V(i2,c) voltage is greater than specified by vmax
OSDI(debug) n.xru237.nr1: WARNING: V(i1,c) voltage is greater than specified by vmax
OSDI(debug) n.xru237.nr1: WARNING: V(i2,c) voltage is greater than specified by vmax
OSDI(debug) n.xru236.nr1: WARNING: V(i1,c) voltage is greater than specified by vmax
OSDI(debug) n.xru236.nr1: WARNING: V(i2,c) voltage is greater than specified by vmax
OSDI(debug) n.xru235.nr1: WARNING: V(i1,c) voltage is greater than specified by vmax
OSDI(debug) n.xru235.nr1: WARNING: V(i2,c) voltage is greater than specified by vmax
OSDI(debug) n.xru234.nr1: WARNING: V(i1,c) voltage is greater than specified by vmax
OSDI(debug) n.xru234.nr1: WARNING: V(i2,c) voltage is greater than specified by vmax
OSDI(debug) n.xru233.nr1: WARNING: V(i1,c) voltage is greater than specified by vmax
OSDI(debug) n.xru233.nr1: WARNING: V(i2,c) voltage is greater than specified by vmax
OSDI(debug) n.xru232.nr1: WARNING: V(i1,c) voltage is greater than specified by vmax
OSDI(debug) n.xru232.nr1: WARNING: V(i2,c) voltage is greater than specified by vmax
OSDI(debug) n.xru231.nr1: WARNING: V(i1,c) voltage is greater than specified by vmax
OSDI(debug) n.xru231.nr1: WARNING: V(i2,c) voltage is greater than specified by vmax
OSDI(debug) n.xru230.nr1: WARNING: V(i1,c) voltage is greater than specified by vmax
OSDI(debug) n.xru230.nr1: WARNING: V(i2,c) voltage is greater than specified by vmax
OSDI(debug) n.xru229.nr1: WARNING: V(i1,c) voltage is greater than specified by vmax
OSDI(debug) n.xru229.nr1: WARNING: V(i2,c) voltage is greater than specified by vmax
OSDI(debug) n.xru228.nr1: WARNING: V(i1,c) voltage is greater than specified by vmax
OSDI(debug) n.xru228.nr1: WARNING: V(i2,c) voltage is greater than specified by vmax
OSDI(debug) n.xru227.nr1: WARNING: V(i1,c) voltage is greater than specified by vmax
OSDI(debug) n.xru227.nr1: WARNING: V(i2,c) voltage is greater than specified by vmax
OSDI(debug) n.xru226.nr1: WARNING: V(i1,c) voltage is greater than specified by vmax
OSDI(debug) n.xru226.nr1: WARNING: V(i2,c) voltage is greater than specified by vmax
OSDI(debug) n.xru225.nr1: WARNING: V(i1,c) voltage is greater than specified by vmax
OSDI(debug) n.xru225.nr1: WARNING: V(i2,c) voltage is greater than specified by vmax
OSDI(debug) n.xru224.nr1: WARNING: V(i1,c) voltage is greater than specified by vmax
OSDI(debug) n.xru224.nr1: WARNING: V(i2,c) voltage is greater than specified by vmax
OSDI(debug) n.xru223.nr1: WARNING: V(i1,c) voltage is greater than specified by vmax
OSDI(debug) n.xru223.nr1: WARNING: V(i2,c) voltage is greater than specified by vmax
OSDI(debug) n.xru222.nr1: WARNING: V(i1,c) voltage is greater than specified by vmax
OSDI(debug) n.xru222.nr1: WARNING: V(i2,c) voltage is greater than specified by vmax
OSDI(debug) n.xru221.nr1: WARNING: V(i1,c) voltage is greater than specified by vmax
OSDI(debug) n.xru221.nr1: WARNING: V(i2,c) voltage is greater than specified by vmax
OSDI(debug) n.xru220.nr1: WARNING: V(i1,c) voltage is greater than specified by vmax
OSDI(debug) n.xru220.nr1: WARNING: V(i2,c) voltage is greater than specified by vmax
OSDI(debug) n.xru219.nr1: WARNING: V(i1,c) voltage is greater than specified by vmax
OSDI(debug) n.xru219.nr1: WARNING: V(i2,c) voltage is greater than specified by vmax
OSDI(debug) n.xru218.nr1: WARNING: V(i1,c) voltage is greater than specified by vmax
OSDI(debug) n.xru218.nr1: WARNING: V(i2,c) voltage is greater than specified by vmax
OSDI(debug) n.xru217.nr1: WARNING: V(i1,c) voltage is greater than specified by vmax
OSDI(debug) n.xru217.nr1: WARNING: V(i2,c) voltage is greater than specified by vmax
OSDI(debug) n.xru216.nr1: WARNING: V(i1,c) voltage is greater than specified by vmax
OSDI(debug) n.xru216.nr1: WARNING: V(i2,c) voltage is greater than specified by vmax
OSDI(debug) n.xru215.nr1: WARNING: V(i1,c) voltage is greater than specified by vmax
OSDI(debug) n.xru215.nr1: WARNING: V(i2,c) voltage is greater than specified by vmax
OSDI(debug) n.xru214.nr1: WARNING: V(i1,c) voltage is greater than specified by vmax
OSDI(debug) n.xru214.nr1: WARNING: V(i2,c) voltage is greater than specified by vmax
OSDI(debug) n.xru213.nr1: WARNING: V(i1,c) voltage is greater than specified by vmax
OSDI(debug) n.xru213.nr1: WARNING: V(i2,c) voltage is greater than specified by vmax
OSDI(debug) n.xru212.nr1: WARNING: V(i1,c) voltage is greater than specified by vmax
OSDI(debug) n.xru212.nr1: WARNING: V(i2,c) voltage is greater than specified by vmax
OSDI(debug) n.xru211.nr1: WARNING: V(i1,c) voltage is greater than specified by vmax
OSDI(debug) n.xru211.nr1: WARNING: V(i2,c) voltage is greater than specified by vmax
OSDI(debug) n.xru210.nr1: WARNING: V(i1,c) voltage is greater than specified by vmax
OSDI(debug) n.xru210.nr1: WARNING: V(i2,c) voltage is greater than specified by vmax
OSDI(debug) n.xru209.nr1: WARNING: V(i1,c) voltage is greater than specified by vmax
OSDI(debug) n.xru209.nr1: WARNING: V(i2,c) voltage is greater than specified by vmax
OSDI(debug) n.xru208.nr1: WARNING: V(i1,c) voltage is greater than specified by vmax
OSDI(debug) n.xru208.nr1: WARNING: V(i2,c) voltage is greater than specified by vmax
OSDI(debug) n.xru207.nr1: WARNING: V(i1,c) voltage is greater than specified by vmax
OSDI(debug) n.xru207.nr1: WARNING: V(i2,c) voltage is greater than specified by vmax
OSDI(debug) n.xru206.nr1: WARNING: V(i1,c) voltage is greater than specified by vmax
OSDI(debug) n.xru206.nr1: WARNING: V(i2,c) voltage is greater than specified by vmax
OSDI(debug) n.xru205.nr1: WARNING: V(i1,c) voltage is greater than specified by vmax
OSDI(debug) n.xru205.nr1: WARNING: V(i2,c) voltage is greater than specified by vmax
OSDI(debug) n.xru204.nr1: WARNING: V(i1,c) voltage is greater than specified by vmax
OSDI(debug) n.xru204.nr1: WARNING: V(i2,c) voltage is greater than specified by vmax
OSDI(debug) n.xru203.nr1: WARNING: V(i1,c) voltage is greater than specified by vmax
OSDI(debug) n.xru203.nr1: WARNING: V(i2,c) voltage is greater than specified by vmax
OSDI(debug) n.xru202.nr1: WARNING: V(i1,c) voltage is greater than specified by vmax
OSDI(debug) n.xru202.nr1: WARNING: V(i2,c) voltage is greater than specified by vmax
OSDI(debug) n.xru201.nr1: WARNING: V(i1,c) voltage is greater than specified by vmax
OSDI(debug) n.xru201.nr1: WARNING: V(i2,c) voltage is greater than specified by vmax
OSDI(debug) n.xru200.nr1: WARNING: V(i1,c) voltage is greater than specified by vmax
OSDI(debug) n.xru200.nr1: WARNING: V(i2,c) voltage is greater than specified by vmax
OSDI(debug) n.xru199.nr1: WARNING: V(i1,c) voltage is greater than specified by vmax
OSDI(debug) n.xru199.nr1: WARNING: V(i2,c) voltage is greater than specified by vmax
OSDI(debug) n.xru198.nr1: WARNING: V(i1,c) voltage is greater than specified by vmax
OSDI(debug) n.xru198.nr1: WARNING: V(i2,c) voltage is greater than specified by vmax
OSDI(debug) n.xru197.nr1: WARNING: V(i1,c) voltage is greater than specified by vmax
OSDI(debug) n.xru197.nr1: WARNING: V(i2,c) voltage is greater than specified by vmax
OSDI(debug) n.xru196.nr1: WARNING: V(i1,c) voltage is greater than specified by vmax
OSDI(debug) n.xru196.nr1: WARNING: V(i2,c) voltage is greater than specified by vmax
OSDI(debug) n.xru195.nr1: WARNING: V(i1,c) voltage is greater than specified by vmax
OSDI(debug) n.xru195.nr1: WARNING: V(i2,c) voltage is greater than specified by vmax
OSDI(debug) n.xru194.nr1: WARNING: V(i1,c) voltage is greater than specified by vmax
OSDI(debug) n.xru194.nr1: WARNING: V(i2,c) voltage is greater than specified by vmax
OSDI(debug) n.xru193.nr1: WARNING: V(i1,c) voltage is greater than specified by vmax
OSDI(debug) n.xru193.nr1: WARNING: V(i2,c) voltage is greater than specified by vmax
OSDI(debug) n.xru192.nr1: WARNING: V(i1,c) voltage is greater than specified by vmax
OSDI(debug) n.xru192.nr1: WARNING: V(i2,c) voltage is greater than specified by vmax
OSDI(debug) n.xru191.nr1: WARNING: V(i1,c) voltage is greater than specified by vmax
OSDI(debug) n.xru191.nr1: WARNING: V(i2,c) voltage is greater than specified by vmax
OSDI(debug) n.xru190.nr1: WARNING: V(i1,c) voltage is greater than specified by vmax
OSDI(debug) n.xru190.nr1: WARNING: V(i2,c) voltage is greater than specified by vmax
OSDI(debug) n.xru189.nr1: WARNING: V(i1,c) voltage is greater than specified by vmax
OSDI(debug) n.xru189.nr1: WARNING: V(i2,c) voltage is greater than specified by vmax
OSDI(debug) n.xru188.nr1: WARNING: V(i1,c) voltage is greater than specified by vmax
OSDI(debug) n.xru188.nr1: WARNING: V(i2,c) voltage is greater than specified by vmax
OSDI(debug) n.xru187.nr1: WARNING: V(i1,c) voltage is greater than specified by vmax
OSDI(debug) n.xru187.nr1: WARNING: V(i2,c) voltage is greater than specified by vmax
OSDI(debug) n.xru186.nr1: WARNING: V(i1,c) voltage is greater than specified by vmax
OSDI(debug) n.xru186.nr1: WARNING: V(i2,c) voltage is greater than specified by vmax
OSDI(debug) n.xru185.nr1: WARNING: V(i1,c) voltage is greater than specified by vmax
OSDI(debug) n.xru185.nr1: WARNING: V(i2,c) voltage is greater than specified by vmax
OSDI(debug) n.xru184.nr1: WARNING: V(i1,c) voltage is greater than specified by vmax
OSDI(debug) n.xru184.nr1: WARNING: V(i2,c) voltage is greater than specified by vmax
OSDI(debug) n.xru183.nr1: WARNING: V(i1,c) voltage is greater than specified by vmax
OSDI(debug) n.xru183.nr1: WARNING: V(i2,c) voltage is greater than specified by vmax
OSDI(debug) n.xru182.nr1: WARNING: V(i1,c) voltage is greater than specified by vmax
OSDI(debug) n.xru182.nr1: WARNING: V(i2,c) voltage is greater than specified by vmax
OSDI(debug) n.xru181.nr1: WARNING: V(i1,c) voltage is greater than specified by vmax
OSDI(debug) n.xru181.nr1: WARNING: V(i2,c) voltage is greater than specified by vmax
OSDI(debug) n.xru180.nr1: WARNING: V(i1,c) voltage is greater than specified by vmax
OSDI(debug) n.xru180.nr1: WARNING: V(i2,c) voltage is greater than specified by vmax
OSDI(debug) n.xru179.nr1: WARNING: V(i1,c) voltage is greater than specified by vmax
OSDI(debug) n.xru179.nr1: WARNING: V(i2,c) voltage is greater than specified by vmax
OSDI(debug) n.xru178.nr1: WARNING: V(i1,c) voltage is greater than specified by vmax
OSDI(debug) n.xru178.nr1: WARNING: V(i2,c) voltage is greater than specified by vmax
OSDI(debug) n.xru177.nr1: WARNING: V(i1,c) voltage is greater than specified by vmax
OSDI(debug) n.xru177.nr1: WARNING: V(i2,c) voltage is greater than specified by vmax
OSDI(debug) n.xru176.nr1: WARNING: V(i1,c) voltage is greater than specified by vmax
OSDI(debug) n.xru176.nr1: WARNING: V(i2,c) voltage is greater than specified by vmax
OSDI(debug) n.xru175.nr1: WARNING: V(i1,c) voltage is greater than specified by vmax
OSDI(debug) n.xru175.nr1: WARNING: V(i2,c) voltage is greater than specified by vmax
OSDI(debug) n.xru174.nr1: WARNING: V(i1,c) voltage is greater than specified by vmax
OSDI(debug) n.xru174.nr1: WARNING: V(i2,c) voltage is greater than specified by vmax
OSDI(debug) n.xru173.nr1: WARNING: V(i1,c) voltage is greater than specified by vmax
OSDI(debug) n.xru173.nr1: WARNING: V(i2,c) voltage is greater than specified by vmax
OSDI(debug) n.xru172.nr1: WARNING: V(i1,c) voltage is greater than specified by vmax
OSDI(debug) n.xru172.nr1: WARNING: V(i2,c) voltage is greater than specified by vmax
OSDI(debug) n.xru171.nr1: WARNING: V(i1,c) voltage is greater than specified by vmax
OSDI(debug) n.xru171.nr1: WARNING: V(i2,c) voltage is greater than specified by vmax
OSDI(debug) n.xru170.nr1: WARNING: V(i1,c) voltage is greater than specified by vmax
OSDI(debug) n.xru170.nr1: WARNING: V(i2,c) voltage is greater than specified by vmax
OSDI(debug) n.xru169.nr1: WARNING: V(i1,c) voltage is greater than specified by vmax
OSDI(debug) n.xru169.nr1: WARNING: V(i2,c) voltage is greater than specified by vmax
OSDI(debug) n.xru168.nr1: WARNING: V(i1,c) voltage is greater than specified by vmax
OSDI(debug) n.xru168.nr1: WARNING: V(i2,c) voltage is greater than specified by vmax
OSDI(debug) n.xru167.nr1: WARNING: V(i1,c) voltage is greater than specified by vmax
OSDI(debug) n.xru167.nr1: WARNING: V(i2,c) voltage is greater than specified by vmax
OSDI(debug) n.xru166.nr1: WARNING: V(i1,c) voltage is greater than specified by vmax
OSDI(debug) n.xru166.nr1: WARNING: V(i2,c) voltage is greater than specified by vmax
OSDI(debug) n.xru165.nr1: WARNING: V(i1,c) voltage is greater than specified by vmax
OSDI(debug) n.xru165.nr1: WARNING: V(i2,c) voltage is greater than specified by vmax
OSDI(debug) n.xru164.nr1: WARNING: V(i1,c) voltage is greater than specified by vmax
OSDI(debug) n.xru164.nr1: WARNING: V(i2,c) voltage is greater than specified by vmax
OSDI(debug) n.xru163.nr1: WARNING: V(i1,c) voltage is greater than specified by vmax
OSDI(debug) n.xru163.nr1: WARNING: V(i2,c) voltage is greater than specified by vmax
OSDI(debug) n.xru162.nr1: WARNING: V(i1,c) voltage is greater than specified by vmax
OSDI(debug) n.xru162.nr1: WARNING: V(i2,c) voltage is greater than specified by vmax
OSDI(debug) n.xru161.nr1: WARNING: V(i1,c) voltage is greater than specified by vmax
OSDI(debug) n.xru161.nr1: WARNING: V(i2,c) voltage is greater than specified by vmax
OSDI(debug) n.xru160.nr1: WARNING: V(i1,c) voltage is greater than specified by vmax
OSDI(debug) n.xru160.nr1: WARNING: V(i2,c) voltage is greater than specified by vmax
OSDI(debug) n.xru159.nr1: WARNING: V(i1,c) voltage is greater than specified by vmax
OSDI(debug) n.xru159.nr1: WARNING: V(i2,c) voltage is greater than specified by vmax
OSDI(debug) n.xru158.nr1: WARNING: V(i1,c) voltage is greater than specified by vmax
OSDI(debug) n.xru158.nr1: WARNING: V(i2,c) voltage is greater than specified by vmax
OSDI(debug) n.xru157.nr1: WARNING: V(i1,c) voltage is greater than specified by vmax
OSDI(debug) n.xru157.nr1: WARNING: V(i2,c) voltage is greater than specified by vmax
OSDI(debug) n.xru156.nr1: WARNING: V(i1,c) voltage is greater than specified by vmax
OSDI(debug) n.xru156.nr1: WARNING: V(i2,c) voltage is greater than specified by vmax
OSDI(debug) n.xru155.nr1: WARNING: V(i1,c) voltage is greater than specified by vmax
OSDI(debug) n.xru155.nr1: WARNING: V(i2,c) voltage is greater than specified by vmax
OSDI(debug) n.xru154.nr1: WARNING: V(i1,c) voltage is greater than specified by vmax
OSDI(debug) n.xru154.nr1: WARNING: V(i2,c) voltage is greater than specified by vmax
OSDI(debug) n.xru153.nr1: WARNING: V(i1,c) voltage is greater than specified by vmax
OSDI(debug) n.xru153.nr1: WARNING: V(i2,c) voltage is greater than specified by vmax
OSDI(debug) n.xru152.nr1: WARNING: V(i1,c) voltage is greater than specified by vmax
OSDI(debug) n.xru152.nr1: WARNING: V(i2,c) voltage is greater than specified by vmax
OSDI(debug) n.xru151.nr1: WARNING: V(i1,c) voltage is greater than specified by vmax
OSDI(debug) n.xru151.nr1: WARNING: V(i2,c) voltage is greater than specified by vmax
OSDI(debug) n.xru150.nr1: WARNING: V(i1,c) voltage is greater than specified by vmax
OSDI(debug) n.xru150.nr1: WARNING: V(i2,c) voltage is greater than specified by vmax
OSDI(debug) n.xru149.nr1: WARNING: V(i1,c) voltage is greater than specified by vmax
OSDI(debug) n.xru149.nr1: WARNING: V(i2,c) voltage is greater than specified by vmax
OSDI(debug) n.xru148.nr1: WARNING: V(i1,c) voltage is greater than specified by vmax
OSDI(debug) n.xru148.nr1: WARNING: V(i2,c) voltage is greater than specified by vmax
OSDI(debug) n.xru147.nr1: WARNING: V(i1,c) voltage is greater than specified by vmax
OSDI(debug) n.xru147.nr1: WARNING: V(i2,c) voltage is greater than specified by vmax
OSDI(debug) n.xru146.nr1: WARNING: V(i1,c) voltage is greater than specified by vmax
OSDI(debug) n.xru146.nr1: WARNING: V(i2,c) voltage is greater than specified by vmax
OSDI(debug) n.xru145.nr1: WARNING: V(i1,c) voltage is greater than specified by vmax
OSDI(debug) n.xru145.nr1: WARNING: V(i2,c) voltage is greater than specified by vmax
OSDI(debug) n.xru144.nr1: WARNING: V(i1,c) voltage is greater than specified by vmax
OSDI(debug) n.xru144.nr1: WARNING: V(i2,c) voltage is greater than specified by vmax
OSDI(debug) n.xru143.nr1: WARNING: V(i1,c) voltage is greater than specified by vmax
OSDI(debug) n.xru143.nr1: WARNING: V(i2,c) voltage is greater than specified by vmax
OSDI(debug) n.xru142.nr1: WARNING: V(i1,c) voltage is greater than specified by vmax
OSDI(debug) n.xru142.nr1: WARNING: V(i2,c) voltage is greater than specified by vmax
OSDI(debug) n.xru141.nr1: WARNING: V(i1,c) voltage is greater than specified by vmax
OSDI(debug) n.xru141.nr1: WARNING: V(i2,c) voltage is greater than specified by vmax
OSDI(debug) n.xru140.nr1: WARNING: V(i1,c) voltage is greater than specified by vmax
OSDI(debug) n.xru140.nr1: WARNING: V(i2,c) voltage is greater than specified by vmax
OSDI(debug) n.xru139.nr1: WARNING: V(i1,c) voltage is greater than specified by vmax
OSDI(debug) n.xru139.nr1: WARNING: V(i2,c) voltage is greater than specified by vmax
OSDI(debug) n.xru138.nr1: WARNING: V(i1,c) voltage is greater than specified by vmax
OSDI(debug) n.xru138.nr1: WARNING: V(i2,c) voltage is greater than specified by vmax
OSDI(debug) n.xru137.nr1: WARNING: V(i1,c) voltage is greater than specified by vmax
OSDI(debug) n.xru137.nr1: WARNING: V(i2,c) voltage is greater than specified by vmax
OSDI(debug) n.xru136.nr1: WARNING: V(i1,c) voltage is greater than specified by vmax
OSDI(debug) n.xru136.nr1: WARNING: V(i2,c) voltage is greater than specified by vmax
OSDI(debug) n.xru135.nr1: WARNING: V(i1,c) voltage is greater than specified by vmax
OSDI(debug) n.xru135.nr1: WARNING: V(i2,c) voltage is greater than specified by vmax
OSDI(debug) n.xru134.nr1: WARNING: V(i1,c) voltage is greater than specified by vmax
OSDI(debug) n.xru134.nr1: WARNING: V(i2,c) voltage is greater than specified by vmax
OSDI(debug) n.xru133.nr1: WARNING: V(i1,c) voltage is greater than specified by vmax
OSDI(debug) n.xru133.nr1: WARNING: V(i2,c) voltage is greater than specified by vmax
OSDI(debug) n.xru132.nr1: WARNING: V(i1,c) voltage is greater than specified by vmax
OSDI(debug) n.xru132.nr1: WARNING: V(i2,c) voltage is greater than specified by vmax
OSDI(debug) n.xru131.nr1: WARNING: V(i1,c) voltage is greater than specified by vmax
OSDI(debug) n.xru131.nr1: WARNING: V(i2,c) voltage is greater than specified by vmax
OSDI(debug) n.xru130.nr1: WARNING: V(i1,c) voltage is greater than specified by vmax
OSDI(debug) n.xru130.nr1: WARNING: V(i2,c) voltage is greater than specified by vmax
OSDI(debug) n.xru129.nr1: WARNING: V(i1,c) voltage is greater than specified by vmax
OSDI(debug) n.xru129.nr1: WARNING: V(i2,c) voltage is greater than specified by vmax
OSDI(debug) n.xru128.nr1: WARNING: V(i1,c) voltage is greater than specified by vmax
OSDI(debug) n.xru128.nr1: WARNING: V(i2,c) voltage is greater than specified by vmax
OSDI(debug) n.xru127.nr1: WARNING: V(i1,c) voltage is greater than specified by vmax
OSDI(debug) n.xru127.nr1: WARNING: V(i2,c) voltage is greater than specified by vmax
OSDI(debug) n.xru126.nr1: WARNING: V(i1,c) voltage is greater than specified by vmax
OSDI(debug) n.xru126.nr1: WARNING: V(i2,c) voltage is greater than specified by vmax
OSDI(debug) n.xru125.nr1: WARNING: V(i1,c) voltage is greater than specified by vmax
OSDI(debug) n.xru125.nr1: WARNING: V(i2,c) voltage is greater than specified by vmax
OSDI(debug) n.xru124.nr1: WARNING: V(i1,c) voltage is greater than specified by vmax
OSDI(debug) n.xru124.nr1: WARNING: V(i2,c) voltage is greater than specified by vmax
OSDI(debug) n.xru123.nr1: WARNING: V(i1,c) voltage is greater than specified by vmax
OSDI(debug) n.xru123.nr1: WARNING: V(i2,c) voltage is greater than specified by vmax
OSDI(debug) n.xru122.nr1: WARNING: V(i1,c) voltage is greater than specified by vmax
OSDI(debug) n.xru122.nr1: WARNING: V(i2,c) voltage is greater than specified by vmax
OSDI(debug) n.xru121.nr1: WARNING: V(i1,c) voltage is greater than specified by vmax
OSDI(debug) n.xru121.nr1: WARNING: V(i2,c) voltage is greater than specified by vmax
OSDI(debug) n.xru120.nr1: WARNING: V(i1,c) voltage is greater than specified by vmax
OSDI(debug) n.xru120.nr1: WARNING: V(i2,c) voltage is greater than specified by vmax
OSDI(debug) n.xru119.nr1: WARNING: V(i1,c) voltage is greater than specified by vmax
OSDI(debug) n.xru119.nr1: WARNING: V(i2,c) voltage is greater than specified by vmax
OSDI(debug) n.xru118.nr1: WARNING: V(i1,c) voltage is greater than specified by vmax
OSDI(debug) n.xru118.nr1: WARNING: V(i2,c) voltage is greater than specified by vmax
OSDI(debug) n.xru117.nr1: WARNING: V(i1,c) voltage is greater than specified by vmax
OSDI(debug) n.xru117.nr1: WARNING: V(i2,c) voltage is greater than specified by vmax
OSDI(debug) n.xru116.nr1: WARNING: V(i1,c) voltage is greater than specified by vmax
OSDI(debug) n.xru116.nr1: WARNING: V(i2,c) voltage is greater than specified by vmax
OSDI(debug) n.xru115.nr1: WARNING: V(i1,c) voltage is greater than specified by vmax
OSDI(debug) n.xru115.nr1: WARNING: V(i2,c) voltage is greater than specified by vmax
OSDI(debug) n.xru114.nr1: WARNING: V(i1,c) voltage is greater than specified by vmax
OSDI(debug) n.xru114.nr1: WARNING: V(i2,c) voltage is greater than specified by vmax
OSDI(debug) n.xru113.nr1: WARNING: V(i1,c) voltage is greater than specified by vmax
OSDI(debug) n.xru113.nr1: WARNING: V(i2,c) voltage is greater than specified by vmax
OSDI(debug) n.xru112.nr1: WARNING: V(i1,c) voltage is greater than specified by vmax
OSDI(debug) n.xru112.nr1: WARNING: V(i2,c) voltage is greater than specified by vmax
OSDI(debug) n.xru111.nr1: WARNING: V(i1,c) voltage is greater than specified by vmax
OSDI(debug) n.xru111.nr1: WARNING: V(i2,c) voltage is greater than specified by vmax
OSDI(debug) n.xru110.nr1: WARNING: V(i1,c) voltage is greater than specified by vmax
OSDI(debug) n.xru110.nr1: WARNING: V(i2,c) voltage is greater than specified by vmax
OSDI(debug) n.xru109.nr1: WARNING: V(i1,c) voltage is greater than specified by vmax
OSDI(debug) n.xru109.nr1: WARNING: V(i2,c) voltage is greater than specified by vmax
OSDI(debug) n.xru108.nr1: WARNING: V(i1,c) voltage is greater than specified by vmax
OSDI(debug) n.xru108.nr1: WARNING: V(i2,c) voltage is greater than specified by vmax
OSDI(debug) n.xru107.nr1: WARNING: V(i1,c) voltage is greater than specified by vmax
OSDI(debug) n.xru107.nr1: WARNING: V(i2,c) voltage is greater than specified by vmax
OSDI(debug) n.xru106.nr1: WARNING: V(i1,c) voltage is greater than specified by vmax
OSDI(debug) n.xru106.nr1: WARNING: V(i2,c) voltage is greater than specified by vmax
OSDI(debug) n.xru105.nr1: WARNING: V(i1,c) voltage is greater than specified by vmax
OSDI(debug) n.xru105.nr1: WARNING: V(i2,c) voltage is greater than specified by vmax
OSDI(debug) n.xru104.nr1: WARNING: V(i1,c) voltage is greater than specified by vmax
OSDI(debug) n.xru104.nr1: WARNING: V(i2,c) voltage is greater than specified by vmax
OSDI(debug) n.xru103.nr1: WARNING: V(i1,c) voltage is greater than specified by vmax
OSDI(debug) n.xru103.nr1: WARNING: V(i2,c) voltage is greater than specified by vmax
OSDI(debug) n.xru102.nr1: WARNING: V(i1,c) voltage is greater than specified by vmax
OSDI(debug) n.xru102.nr1: WARNING: V(i2,c) voltage is greater than specified by vmax
OSDI(debug) n.xru101.nr1: WARNING: V(i1,c) voltage is greater than specified by vmax
OSDI(debug) n.xru101.nr1: WARNING: V(i2,c) voltage is greater than specified by vmax
OSDI(debug) n.xru100.nr1: WARNING: V(i1,c) voltage is greater than specified by vmax
OSDI(debug) n.xru100.nr1: WARNING: V(i2,c) voltage is greater than specified by vmax
OSDI(debug) n.xru91.nr1: WARNING: V(i1,c) voltage is greater than specified by vmax
OSDI(debug) n.xru91.nr1: WARNING: V(i2,c) voltage is greater than specified by vmax
OSDI(debug) n.xru90.nr1: WARNING: V(i1,c) voltage is greater than specified by vmax
OSDI(debug) n.xru90.nr1: WARNING: V(i2,c) voltage is greater than specified by vmax
OSDI(debug) n.xru89.nr1: WARNING: V(i1,c) voltage is greater than specified by vmax
OSDI(debug) n.xru89.nr1: WARNING: V(i2,c) voltage is greater than specified by vmax
OSDI(debug) n.xru88.nr1: WARNING: V(i1,c) voltage is greater than specified by vmax
OSDI(debug) n.xru88.nr1: WARNING: V(i2,c) voltage is greater than specified by vmax
OSDI(debug) n.xru87.nr1: WARNING: V(i1,c) voltage is greater than specified by vmax
OSDI(debug) n.xru87.nr1: WARNING: V(i2,c) voltage is greater than specified by vmax
OSDI(debug) n.xru86.nr1: WARNING: V(i1,c) voltage is greater than specified by vmax
OSDI(debug) n.xru86.nr1: WARNING: V(i2,c) voltage is greater than specified by vmax
OSDI(debug) n.xru85.nr1: WARNING: V(i1,c) voltage is greater than specified by vmax
OSDI(debug) n.xru85.nr1: WARNING: V(i2,c) voltage is greater than specified by vmax
OSDI(debug) n.xru84.nr1: WARNING: V(i1,c) voltage is greater than specified by vmax
OSDI(debug) n.xru84.nr1: WARNING: V(i2,c) voltage is greater than specified by vmax
OSDI(debug) n.xru83.nr1: WARNING: V(i1,c) voltage is greater than specified by vmax
OSDI(debug) n.xru83.nr1: WARNING: V(i2,c) voltage is greater than specified by vmax
OSDI(debug) n.xru82.nr1: WARNING: V(i1,c) voltage is greater than specified by vmax
OSDI(debug) n.xru82.nr1: WARNING: V(i2,c) voltage is greater than specified by vmax
OSDI(debug) n.xru81.nr1: WARNING: V(i1,c) voltage is greater than specified by vmax
OSDI(debug) n.xru81.nr1: WARNING: V(i2,c) voltage is greater than specified by vmax
OSDI(debug) n.xru80.nr1: WARNING: V(i1,c) voltage is greater than specified by vmax
OSDI(debug) n.xru80.nr1: WARNING: V(i2,c) voltage is greater than specified by vmax
OSDI(debug) n.xru79.nr1: WARNING: V(i1,c) voltage is greater than specified by vmax
OSDI(debug) n.xru79.nr1: WARNING: V(i2,c) voltage is greater than specified by vmax
OSDI(debug) n.xru78.nr1: WARNING: V(i1,c) voltage is greater than specified by vmax
OSDI(debug) n.xru78.nr1: WARNING: V(i2,c) voltage is greater than specified by vmax
OSDI(debug) n.xru77.nr1: WARNING: V(i1,c) voltage is greater than specified by vmax
OSDI(debug) n.xru77.nr1: WARNING: V(i2,c) voltage is greater than specified by vmax
OSDI(debug) n.xru76.nr1: WARNING: V(i1,c) voltage is greater than specified by vmax
OSDI(debug) n.xru76.nr1: WARNING: V(i2,c) voltage is greater than specified by vmax
OSDI(debug) n.xru75.nr1: WARNING: V(i1,c) voltage is greater than specified by vmax
OSDI(debug) n.xru75.nr1: WARNING: V(i2,c) voltage is greater than specified by vmax
OSDI(debug) n.xru74.nr1: WARNING: V(i1,c) voltage is greater than specified by vmax
OSDI(debug) n.xru74.nr1: WARNING: V(i2,c) voltage is greater than specified by vmax
OSDI(debug) n.xru73.nr1: WARNING: V(i1,c) voltage is greater than specified by vmax
OSDI(debug) n.xru73.nr1: WARNING: V(i2,c) voltage is greater than specified by vmax
OSDI(debug) n.xru72.nr1: WARNING: V(i1,c) voltage is greater than specified by vmax
OSDI(debug) n.xru72.nr1: WARNING: V(i2,c) voltage is greater than specified by vmax
OSDI(debug) n.xru71.nr1: WARNING: V(i1,c) voltage is greater than specified by vmax
OSDI(debug) n.xru71.nr1: WARNING: V(i2,c) voltage is greater than specified by vmax
OSDI(debug) n.xru70.nr1: WARNING: V(i1,c) voltage is greater than specified by vmax
OSDI(debug) n.xru70.nr1: WARNING: V(i2,c) voltage is greater than specified by vmax
OSDI(debug) n.xru69.nr1: WARNING: V(i1,c) voltage is greater than specified by vmax
OSDI(debug) n.xru69.nr1: WARNING: V(i2,c) voltage is greater than specified by vmax
OSDI(debug) n.xru68.nr1: WARNING: V(i1,c) voltage is greater than specified by vmax
OSDI(debug) n.xru68.nr1: WARNING: V(i2,c) voltage is greater than specified by vmax
OSDI(debug) n.xru67.nr1: WARNING: V(i1,c) voltage is greater than specified by vmax
OSDI(debug) n.xru67.nr1: WARNING: V(i2,c) voltage is greater than specified by vmax
OSDI(debug) n.xru66.nr1: WARNING: V(i1,c) voltage is greater than specified by vmax
OSDI(debug) n.xru66.nr1: WARNING: V(i2,c) voltage is greater than specified by vmax
OSDI(debug) n.xru65.nr1: WARNING: V(i1,c) voltage is greater than specified by vmax
OSDI(debug) n.xru65.nr1: WARNING: V(i2,c) voltage is greater than specified by vmax
OSDI(debug) n.xru64.nr1: WARNING: V(i1,c) voltage is greater than specified by vmax
OSDI(debug) n.xru64.nr1: WARNING: V(i2,c) voltage is greater than specified by vmax
OSDI(debug) n.xru63.nr1: WARNING: V(i1,c) voltage is greater than specified by vmax
OSDI(debug) n.xru63.nr1: WARNING: V(i2,c) voltage is greater than specified by vmax
OSDI(debug) n.xru62.nr1: WARNING: V(i1,c) voltage is greater than specified by vmax
OSDI(debug) n.xru62.nr1: WARNING: V(i2,c) voltage is greater than specified by vmax
OSDI(debug) n.xru61.nr1: WARNING: V(i1,c) voltage is greater than specified by vmax
OSDI(debug) n.xru61.nr1: WARNING: V(i2,c) voltage is greater than specified by vmax
OSDI(debug) n.xru60.nr1: WARNING: V(i1,c) voltage is greater than specified by vmax
OSDI(debug) n.xru60.nr1: WARNING: V(i2,c) voltage is greater than specified by vmax
OSDI(debug) n.xru59.nr1: WARNING: V(i1,c) voltage is greater than specified by vmax
OSDI(debug) n.xru59.nr1: WARNING: V(i2,c) voltage is greater than specified by vmax
OSDI(debug) n.xru58.nr1: WARNING: V(i1,c) voltage is greater than specified by vmax
OSDI(debug) n.xru58.nr1: WARNING: V(i2,c) voltage is greater than specified by vmax
OSDI(debug) n.xru57.nr1: WARNING: V(i1,c) voltage is greater than specified by vmax
OSDI(debug) n.xru57.nr1: WARNING: V(i2,c) voltage is greater than specified by vmax
OSDI(debug) n.xru56.nr1: WARNING: V(i1,c) voltage is greater than specified by vmax
OSDI(debug) n.xru56.nr1: WARNING: V(i2,c) voltage is greater than specified by vmax
OSDI(debug) n.xru55.nr1: WARNING: V(i1,c) voltage is greater than specified by vmax
OSDI(debug) n.xru55.nr1: WARNING: V(i2,c) voltage is greater than specified by vmax
OSDI(debug) n.xru54.nr1: WARNING: V(i1,c) voltage is greater than specified by vmax
OSDI(debug) n.xru54.nr1: WARNING: V(i2,c) voltage is greater than specified by vmax
OSDI(debug) n.xru53.nr1: WARNING: V(i1,c) voltage is greater than specified by vmax
OSDI(debug) n.xru53.nr1: WARNING: V(i2,c) voltage is greater than specified by vmax
OSDI(debug) n.xru52.nr1: WARNING: V(i1,c) voltage is greater than specified by vmax
OSDI(debug) n.xru52.nr1: WARNING: V(i2,c) voltage is greater than specified by vmax
OSDI(debug) n.xru51.nr1: WARNING: V(i1,c) voltage is greater than specified by vmax
OSDI(debug) n.xru51.nr1: WARNING: V(i2,c) voltage is greater than specified by vmax
OSDI(debug) n.xru50.nr1: WARNING: V(i1,c) voltage is greater than specified by vmax
OSDI(debug) n.xru50.nr1: WARNING: V(i2,c) voltage is greater than specified by vmax
OSDI(debug) n.xru49.nr1: WARNING: V(i1,c) voltage is greater than specified by vmax
OSDI(debug) n.xru49.nr1: WARNING: V(i2,c) voltage is greater than specified by vmax
OSDI(debug) n.xru48.nr1: WARNING: V(i1,c) voltage is greater than specified by vmax
OSDI(debug) n.xru48.nr1: WARNING: V(i2,c) voltage is greater than specified by vmax
OSDI(debug) n.xru47.nr1: WARNING: V(i1,c) voltage is greater than specified by vmax
OSDI(debug) n.xru47.nr1: WARNING: V(i2,c) voltage is greater than specified by vmax
OSDI(debug) n.xru46.nr1: WARNING: V(i1,c) voltage is greater than specified by vmax
OSDI(debug) n.xru46.nr1: WARNING: V(i2,c) voltage is greater than specified by vmax
OSDI(debug) n.xru45.nr1: WARNING: V(i1,c) voltage is greater than specified by vmax
OSDI(debug) n.xru45.nr1: WARNING: V(i2,c) voltage is greater than specified by vmax
OSDI(debug) n.xru44.nr1: WARNING: V(i1,c) voltage is greater than specified by vmax
OSDI(debug) n.xru44.nr1: WARNING: V(i2,c) voltage is greater than specified by vmax
OSDI(debug) n.xru43.nr1: WARNING: V(i1,c) voltage is greater than specified by vmax
OSDI(debug) n.xru43.nr1: WARNING: V(i2,c) voltage is greater than specified by vmax
OSDI(debug) n.xru42.nr1: WARNING: V(i1,c) voltage is greater than specified by vmax
OSDI(debug) n.xru42.nr1: WARNING: V(i2,c) voltage is greater than specified by vmax
OSDI(debug) n.xru41.nr1: WARNING: V(i1,c) voltage is greater than specified by vmax
OSDI(debug) n.xru41.nr1: WARNING: V(i2,c) voltage is greater than specified by vmax
OSDI(debug) n.xru40.nr1: WARNING: V(i1,c) voltage is greater than specified by vmax
OSDI(debug) n.xru40.nr1: WARNING: V(i2,c) voltage is greater than specified by vmax
OSDI(debug) n.xru39.nr1: WARNING: V(i1,c) voltage is greater than specified by vmax
OSDI(debug) n.xru39.nr1: WARNING: V(i2,c) voltage is greater than specified by vmax
OSDI(debug) n.xru38.nr1: WARNING: V(i1,c) voltage is greater than specified by vmax
OSDI(debug) n.xru38.nr1: WARNING: V(i2,c) voltage is greater than specified by vmax
OSDI(debug) n.xru37.nr1: WARNING: V(i1,c) voltage is greater than specified by vmax
OSDI(debug) n.xru37.nr1: WARNING: V(i2,c) voltage is greater than specified by vmax
OSDI(debug) n.xru36.nr1: WARNING: V(i1,c) voltage is greater than specified by vmax
OSDI(debug) n.xru36.nr1: WARNING: V(i2,c) voltage is greater than specified by vmax
OSDI(debug) n.xru35.nr1: WARNING: V(i1,c) voltage is greater than specified by vmax
OSDI(debug) n.xru35.nr1: WARNING: V(i2,c) voltage is greater than specified by vmax
OSDI(debug) n.xru34.nr1: WARNING: V(i1,c) voltage is greater than specified by vmax
OSDI(debug) n.xru34.nr1: WARNING: V(i2,c) voltage is greater than specified by vmax
OSDI(debug) n.xru33.nr1: WARNING: V(i1,c) voltage is greater than specified by vmax
OSDI(debug) n.xru33.nr1: WARNING: V(i2,c) voltage is greater than specified by vmax
OSDI(debug) n.xru32.nr1: WARNING: V(i1,c) voltage is greater than specified by vmax
OSDI(debug) n.xru32.nr1: WARNING: V(i2,c) voltage is greater than specified by vmax
OSDI(debug) n.xru31.nr1: WARNING: V(i1,c) voltage is greater than specified by vmax
OSDI(debug) n.xru31.nr1: WARNING: V(i2,c) voltage is greater than specified by vmax
OSDI(debug) n.xru30.nr1: WARNING: V(i1,c) voltage is greater than specified by vmax
OSDI(debug) n.xru30.nr1: WARNING: V(i2,c) voltage is greater than specified by vmax
OSDI(debug) n.xru29.nr1: WARNING: V(i1,c) voltage is greater than specified by vmax
OSDI(debug) n.xru29.nr1: WARNING: V(i2,c) voltage is greater than specified by vmax
OSDI(debug) n.xru28.nr1: WARNING: V(i1,c) voltage is greater than specified by vmax
OSDI(debug) n.xru28.nr1: WARNING: V(i2,c) voltage is greater than specified by vmax
OSDI(debug) n.xru27.nr1: WARNING: V(i1,c) voltage is greater than specified by vmax
OSDI(debug) n.xru27.nr1: WARNING: V(i2,c) voltage is greater than specified by vmax
OSDI(debug) n.xru26.nr1: WARNING: V(i1,c) voltage is greater than specified by vmax
OSDI(debug) n.xru26.nr1: WARNING: V(i2,c) voltage is greater than specified by vmax
OSDI(debug) n.xru25.nr1: WARNING: V(i1,c) voltage is greater than specified by vmax
OSDI(debug) n.xru25.nr1: WARNING: V(i2,c) voltage is greater than specified by vmax
OSDI(debug) n.xru24.nr1: WARNING: V(i1,c) voltage is greater than specified by vmax
OSDI(debug) n.xru24.nr1: WARNING: V(i2,c) voltage is greater than specified by vmax
OSDI(debug) n.xru23.nr1: WARNING: V(i1,c) voltage is greater than specified by vmax
OSDI(debug) n.xru23.nr1: WARNING: V(i2,c) voltage is greater than specified by vmax
OSDI(debug) n.xru22.nr1: WARNING: V(i1,c) voltage is greater than specified by vmax
OSDI(debug) n.xru22.nr1: WARNING: V(i2,c) voltage is greater than specified by vmax
OSDI(debug) n.xru21.nr1: WARNING: V(i1,c) voltage is greater than specified by vmax
OSDI(debug) n.xru21.nr1: WARNING: V(i2,c) voltage is greater than specified by vmax
OSDI(debug) n.xru20.nr1: WARNING: V(i1,c) voltage is greater than specified by vmax
OSDI(debug) n.xru20.nr1: WARNING: V(i2,c) voltage is greater than specified by vmax
OSDI(debug) n.xru19.nr1: WARNING: V(i1,c) voltage is greater than specified by vmax
OSDI(debug) n.xru19.nr1: WARNING: V(i2,c) voltage is greater than specified by vmax
OSDI(debug) n.xru18.nr1: WARNING: V(i1,c) voltage is greater than specified by vmax
OSDI(debug) n.xru18.nr1: WARNING: V(i2,c) voltage is greater than specified by vmax
OSDI(debug) n.xru17.nr1: WARNING: V(i1,c) voltage is greater than specified by vmax
OSDI(debug) n.xru17.nr1: WARNING: V(i2,c) voltage is greater than specified by vmax
OSDI(debug) n.xru16.nr1: WARNING: V(i1,c) voltage is greater than specified by vmax
OSDI(debug) n.xru16.nr1: WARNING: V(i2,c) voltage is greater than specified by vmax
OSDI(debug) n.xru15.nr1: WARNING: V(i1,c) voltage is greater than specified by vmax
OSDI(debug) n.xru15.nr1: WARNING: V(i2,c) voltage is greater than specified by vmax
OSDI(debug) n.xru14.nr1: WARNING: V(i1,c) voltage is greater than specified by vmax
OSDI(debug) n.xru14.nr1: WARNING: V(i2,c) voltage is greater than specified by vmax
OSDI(debug) n.xru13.nr1: WARNING: V(i1,c) voltage is greater than specified by vmax
OSDI(debug) n.xru13.nr1: WARNING: V(i2,c) voltage is greater than specified by vmax
OSDI(debug) n.xru12.nr1: WARNING: V(i1,c) voltage is greater than specified by vmax
OSDI(debug) n.xru12.nr1: WARNING: V(i2,c) voltage is greater than specified by vmax
OSDI(debug) n.xru11.nr1: WARNING: V(i1,c) voltage is greater than specified by vmax
OSDI(debug) n.xru11.nr1: WARNING: V(i2,c) voltage is greater than specified by vmax
OSDI(debug) n.xru10.nr1: WARNING: V(i1,c) voltage is greater than specified by vmax
OSDI(debug) n.xru10.nr1: WARNING: V(i2,c) voltage is greater than specified by vmax
OSDI(debug) n.xru9.nr1: WARNING: V(i1,c) voltage is greater than specified by vmax
OSDI(debug) n.xru9.nr1: WARNING: V(i2,c) voltage is greater than specified by vmax
OSDI(debug) n.xru8.nr1: WARNING: V(i1,c) voltage is greater than specified by vmax
OSDI(debug) n.xru8.nr1: WARNING: V(i2,c) voltage is greater than specified by vmax
OSDI(debug) n.xru7.nr1: WARNING: V(i1,c) voltage is greater than specified by vmax
OSDI(debug) n.xru7.nr1: WARNING: V(i2,c) voltage is greater than specified by vmax
OSDI(debug) n.xru6.nr1: WARNING: V(i1,c) voltage is greater than specified by vmax
OSDI(debug) n.xru6.nr1: WARNING: V(i2,c) voltage is greater than specified by vmax
OSDI(debug) n.xru5.nr1: WARNING: V(i1,c) voltage is greater than specified by vmax
OSDI(debug) n.xru5.nr1: WARNING: V(i2,c) voltage is greater than specified by vmax
OSDI(debug) n.xru4.nr1: WARNING: V(i1,c) voltage is greater than specified by vmax
OSDI(debug) n.xru4.nr1: WARNING: V(i2,c) voltage is greater than specified by vmax
OSDI(debug) n.xru3.nr1: WARNING: V(i1,c) voltage is greater than specified by vmax
OSDI(debug) n.xru3.nr1: WARNING: V(i2,c) voltage is greater than specified by vmax
OSDI(debug) n.xru2.nr1: WARNING: V(i1,c) voltage is greater than specified by vmax
OSDI(debug) n.xru2.nr1: WARNING: V(i2,c) voltage is greater than specified by vmax
OSDI(debug) n.xru1.nr1: WARNING: V(i1,c) voltage is greater than specified by vmax
OSDI(debug) n.xru1.nr1: WARNING: V(i2,c) voltage is greater than specified by vmax
OSDI(debug) n.xr1.nr1: WARNING: V(i1,c) voltage is greater than specified by vmax
OSDI(debug) n.xr1.nr1: WARNING: V(i2,c) voltage is greater than specified by vmax
OSDI(debug) n.xru253.nr1: OSDI(debug) n.xru252.nr1: WARNING: V(i1,c) voltage is greater than specified by vmax
OSDI(debug) n.xru251.nr1: OSDI(debug) n.xru253.nr1: WARNING: V(i2,c) voltage is greater than specified by vmax
WARNING: V(i1,c) voltage is greater than specified by vmax
OSDI(debug) n.xru251.nr1: WARNING: V(i2,c) voltage is greater than specified by vmax
OSDI(debug) n.xru244.nr1: WARNING: V(i1,c) voltage is greater than specified by vmax
OSDI(debug) n.xru244.nr1: WARNING: V(i2,c) voltage is greater than specified by vmax
OSDI(debug) n.xru249.nr1: WARNING: V(i1,c) voltage is greater than specified by vmax
OSDI(debug) n.xru249.nr1: WARNING: V(i2,c) voltage is greater than specified by vmax
WARNING: V(i1,c) voltage is greater than specified by vmax
OSDI(debug) n.xru252.nr1: WARNING: V(i2,c) voltage is greater than specified by vmax
OSDI(debug) n.xru243.nr1: WARNING: V(i1,c) voltage is greater than specified by vmax
OSDI(debug) n.xru243.nr1: WARNING: V(i2,c) voltage is greater than specified by vmax
OSDI(debug) n.xru245.nr1: WARNING: V(i1,c) voltage is greater than specified by vmax
OSDI(debug) n.xru245.nr1: WARNING: V(i2,c) voltage is greater than specified by vmax
OSDI(debug) n.xru255.nr1: OSDI(debug) n.xru253.nr1: WARNING: V(i1,c) voltage is greater than specified by vmax
OSDI(debug) n.xru253.nr1: WARNING: V(i2,c) voltage is greater than specified by vmax
OSDI(debug) n.xru252.nr1: WARNING: V(i1,c) voltage is greater than specified by vmax
OSDI(debug) n.xru252.nr1: WARNING: V(i2,c) voltage is greater than specified by vmax
OSDI(debug) n.xru250.nr1: WARNING: V(i1,c) voltage is greater than specified by vmax
OSDI(debug) n.xru251.nr1: WARNING: V(i1,c) voltage is greater than specified by vmax
OSDI(debug) n.xru251.nr1: WARNING: V(i2,c) voltage is greater than specified by vmax
OSDI(debug) n.xru249.nr1: WARNING: V(i1,c) voltage is greater than specified by vmax
OSDI(debug) n.xru249.nr1: WARNING: V(i2,c) voltage is greater than specified by vmax
OSDI(debug) n.xru248.nr1: WARNING: V(i1,c) voltage is greater than specified by vmax
OSDI(debug) n.xru248.nr1: WARNING: V(i2,c) voltage is greater than specified by vmax
OSDI(debug) n.xru247.nr1: WARNING: V(i1,c) voltage is greater than specified by vmax
OSDI(debug) n.xru247.nr1: WARNING: V(i2,c) voltage is greater than specified by vmax
OSDI(debug) n.xru246.nr1: WARNING: V(i1,c) voltage is greater than specified by vmax
OSDI(debug) n.xru246.nr1: WARNING: V(i2,c) voltage is greater than specified by vmax
OSDI(debug) n.xru245.nr1: WARNING: V(i1,c) voltage is greater than specified by vmax
OSDI(debug) n.xru245.nr1: WARNING: V(i2,c) voltage is greater than specified by vmax
OSDI(debug) n.xru244.nr1: WARNING: V(i1,c) voltage is greater than specified by vmax
OSDI(debug) n.xru244.nr1: WARNING: V(i2,c) voltage is greater than specified by vmax
OSDI(debug) n.xru243.nr1: WARNING: V(i1,c) voltage is greater than specified by vmax
OSDI(debug) n.xru243.nr1: WARNING: V(i2,c) voltage is greater than specified by vmax
OSDI(debug) n.xru242.nr1: WARNING: V(i1,c) voltage is greater than specified by vmax
OSDI(debug) n.xru242.nr1: WARNING: V(i2,c) voltage is greater than specified by vmax
OSDI(debug) n.xru241.nr1: WARNING: V(i1,c) voltage is greater than specified by vmax
OSDI(debug) n.xru241.nr1: WARNING: V(i2,c) voltage is greater than specified by vmax
OSDI(debug) n.xru240.nr1: WARNING: V(i1,c) voltage is greater than specified by vmax
OSDI(debug) n.xru240.nr1: WARNING: V(i2,c) voltage is greater than specified by vmax
OSDI(debug) n.xru238.nr1: WARNING: V(i1,c) voltage is greater than specified by vmax
OSDI(debug) n.xru238.nr1: WARNING: V(i2,c) voltage is greater than specified by vmax
OSDI(debug) n.xru237.nr1: WARNING: V(i1,c) voltage is greater than specified by vmax
OSDI(debug) n.xru237.nr1: WARNING: V(i2,c) voltage is greater than specified by vmax
OSDI(debug) n.xru236.nr1: WARNING: V(i1,c) voltage is greater than specified by vmax
OSDI(debug) n.xru236.nr1: WARNING: V(i2,c) voltage is greater than specified by vmax
OSDI(debug) n.xru235.nr1: WARNING: V(i1,c) voltage is greater than specified by vmax
OSDI(debug) n.xru235.nr1: WARNING: V(i2,c) voltage is greater than specified by vmax
OSDI(debug) n.xru234.nr1: WARNING: V(i1,c) voltage is greater than specified by vmax
OSDI(debug) n.xru234.nr1: WARNING: V(i2,c) voltage is greater than specified by vmax
OSDI(debug) n.xru233.nr1: WARNING: V(i1,c) voltage is greater than specified by vmax
OSDI(debug) n.xru233.nr1: WARNING: V(i2,c) voltage is greater than specified by vmax
OSDI(debug) n.xru232.nr1: WARNING: V(i1,c) voltage is greater than specified by vmax
OSDI(debug) n.xru232.nr1: WARNING: V(i2,c) voltage is greater than specified by vmax
OSDI(debug) n.xru231.nr1: WARNING: V(i1,c) voltage is greater than specified by vmax
OSDI(debug) n.xru231.nr1: WARNING: V(i2,c) voltage is greater than specified by vmax
OSDI(debug) n.xru230.nr1: WARNING: V(i1,c) voltage is greater than specified by vmax
OSDI(debug) n.xru230.nr1: WARNING: V(i2,c) voltage is greater than specified by vmax
OSDI(debug) n.xru229.nr1: WARNING: V(i1,c) voltage is greater than specified by vmax
OSDI(debug) n.xru229.nr1: WARNING: V(i2,c) voltage is greater than specified by vmax
OSDI(debug) n.xru227.nr1: OSDI(debug) n.xru228.nr1: WARNING: V(i1,c) voltage is greater than specified by vmax
OSDI(debug) n.xru227.nr1: WARNING: V(i2,c) voltage is greater than specified by vmax
OSDI(debug) n.xru226.nr1: WARNING: V(i1,c) voltage is greater than specified by vmax
OSDI(debug) n.xru226.nr1: WARNING: V(i2,c) voltage is greater than specified by vmax
OSDI(debug) n.xru225.nr1: WARNING: V(i1,c) voltage is greater than specified by vmax
OSDI(debug) n.xru225.nr1: WARNING: V(i2,c) voltage is greater than specified by vmax
OSDI(debug) n.xru224.nr1: WARNING: V(i1,c) voltage is greater than specified by vmax
OSDI(debug) n.xru224.nr1: WARNING: V(i2,c) voltage is greater than specified by vmax
OSDI(debug) n.xru223.nr1: WARNING: V(i1,c) voltage is greater than specified by vmax
OSDI(debug) n.xru223.nr1: WARNING: V(i2,c) voltage is greater than specified by vmax
OSDI(debug) n.xru222.nr1: WARNING: V(i1,c) voltage is greater than specified by vmax
OSDI(debug) n.xru222.nr1: WARNING: V(i2,c) voltage is greater than specified by vmax
OSDI(debug) n.xru221.nr1: WARNING: V(i1,c) voltage is greater than specified by vmax
OSDI(debug) n.xru221.nr1: WARNING: V(i2,c) voltage is greater than specified by vmax
OSDI(debug) n.xru220.nr1: WARNING: V(i1,c) voltage is greater than specified by vmax
OSDI(debug) n.xru220.nr1: WARNING: V(i2,c) voltage is greater than specified by vmax
OSDI(debug) n.xru219.nr1: WARNING: V(i1,c) voltage is greater than specified by vmax
OSDI(debug) n.xru219.nr1: WARNING: V(i2,c) voltage is greater than specified by vmax
OSDI(debug) n.xru218.nr1: WARNING: V(i1,c) voltage is greater than specified by vmax
OSDI(debug) n.xru218.nr1: WARNING: V(i2,c) voltage is greater than specified by vmax
OSDI(debug) n.xru217.nr1: WARNING: V(i1,c) voltage is greater than specified by vmax
OSDI(debug) n.xru217.nr1: WARNING: V(i2,c) voltage is greater than specified by vmax
OSDI(debug) n.xru216.nr1: WARNING: V(i1,c) voltage is greater than specified by vmax
OSDI(debug) n.xru216.nr1: WARNING: V(i2,c) voltage is greater than specified by vmax
OSDI(debug) n.xru215.nr1: WARNING: V(i1,c) voltage is greater than specified by vmax
OSDI(debug) n.xru215.nr1: WARNING: V(i2,c) voltage is greater than specified by vmax
OSDI(debug) n.xru214.nr1: WARNING: V(i1,c) voltage is greater than specified by vmax
OSDI(debug) n.xru214.nr1: WARNING: V(i2,c) voltage is greater than specified by vmax
OSDI(debug) n.xru213.nr1: WARNING: V(i1,c) voltage is greater than specified by vmax
OSDI(debug) n.xru213.nr1: WARNING: V(i2,c) voltage is greater than specified by vmax
OSDI(debug) n.xru212.nr1: WARNING: V(i1,c) voltage is greater than specified by vmax
OSDI(debug) n.xru212.nr1: WARNING: V(i2,c) voltage is greater than specified by vmax
OSDI(debug) n.xru211.nr1: WARNING: V(i1,c) voltage is greater than specified by vmax
OSDI(debug) n.xru211.nr1: WARNING: V(i2,c) voltage is greater than specified by vmax
OSDI(debug) n.xru210.nr1: WARNING: V(i1,c) voltage is greater than specified by vmax
OSDI(debug) n.xru210.nr1: WARNING: V(i2,c) voltage is greater than specified by vmax
OSDI(debug) n.xru209.nr1: WARNING: V(i1,c) voltage is greater than specified by vmax
OSDI(debug) n.xru209.nr1: WARNING: V(i2,c) voltage is greater than specified by vmax
OSDI(debug) n.xru208.nr1: WARNING: V(i1,c) voltage is greater than specified by vmax
OSDI(debug) n.xru208.nr1: WARNING: V(i2,c) voltage is greater than specified by vmax
OSDI(debug) n.xru207.nr1: WARNING: V(i1,c) voltage is greater than specified by vmax
OSDI(debug) n.xru207.nr1: WARNING: V(i2,c) voltage is greater than specified by vmax
OSDI(debug) n.xru206.nr1: WARNING: V(i1,c) voltage is greater than specified by vmax
OSDI(debug) n.xru206.nr1: WARNING: V(i2,c) voltage is greater than specified by vmax
OSDI(debug) n.xru205.nr1: WARNING: V(i1,c) voltage is greater than specified by vmax
OSDI(debug) n.xru205.nr1: WARNING: V(i2,c) voltage is greater than specified by vmax
OSDI(debug) n.xru204.nr1: WARNING: V(i1,c) voltage is greater than specified by vmax
OSDI(debug) n.xru204.nr1: WARNING: V(i2,c) voltage is greater than specified by vmax
OSDI(debug) n.xru203.nr1: WARNING: V(i1,c) voltage is greater than specified by vmax
OSDI(debug) n.xru203.nr1: WARNING: V(i2,c) voltage is greater than specified by vmax
OSDI(debug) n.xru202.nr1: WARNING: V(i1,c) voltage is greater than specified by vmax
OSDI(debug) n.xru202.nr1: WARNING: V(i2,c) voltage is greater than specified by vmax
OSDI(debug) n.xru201.nr1: WARNING: V(i1,c) voltage is greater than specified by vmax
OSDI(debug) n.xru201.nr1: WARNING: V(i2,c) voltage is greater than specified by vmax
OSDI(debug) n.xru200.nr1: WARNING: V(i1,c) voltage is greater than specified by vmax
OSDI(debug) n.xru200.nr1: WARNING: V(i2,c) voltage is greater than specified by vmax
OSDI(debug) n.xru199.nr1: WARNING: V(i1,c) voltage is greater than specified by vmax
OSDI(debug) n.xru199.nr1: WARNING: V(i2,c) voltage is greater than specified by vmax
OSDI(debug) n.xru198.nr1: WARNING: V(i1,c) voltage is greater than specified by vmax
OSDI(debug) n.xru198.nr1: WARNING: V(i2,c) voltage is greater than specified by vmax
OSDI(debug) n.xru197.nr1: WARNING: V(i1,c) voltage is greater than specified by vmax
OSDI(debug) n.xru197.nr1: WARNING: V(i2,c) voltage is greater than specified by vmax
OSDI(debug) n.xru196.nr1: WARNING: V(i1,c) voltage is greater than specified by vmax
OSDI(debug) n.xru196.nr1: WARNING: V(i2,c) voltage is greater than specified by vmax
OSDI(debug) n.xru195.nr1: WARNING: V(i1,c) voltage is greater than specified by vmax
OSDI(debug) n.xru195.nr1: WARNING: V(i2,c) voltage is greater than specified by vmax
OSDI(debug) n.xru194.nr1: WARNING: V(i1,c) voltage is greater than specified by vmax
OSDI(debug) n.xru194.nr1: WARNING: V(i2,c) voltage is greater than specified by vmax
OSDI(debug) n.xru193.nr1: WARNING: V(i1,c) voltage is greater than specified by vmax
OSDI(debug) n.xru193.nr1: WARNING: V(i2,c) voltage is greater than specified by vmax
OSDI(debug) n.xru192.nr1: WARNING: V(i1,c) voltage is greater than specified by vmax
OSDI(debug) n.xru192.nr1: WARNING: V(i2,c) voltage is greater than specified by vmax
OSDI(debug) n.xru191.nr1: WARNING: V(i1,c) voltage is greater than specified by vmax
OSDI(debug) n.xru191.nr1: WARNING: V(i2,c) voltage is greater than specified by vmax
OSDI(debug) n.xru190.nr1: WARNING: V(i1,c) voltage is greater than specified by vmax
OSDI(debug) n.xru190.nr1: WARNING: V(i2,c) voltage is greater than specified by vmax
OSDI(debug) n.xru189.nr1: WARNING: V(i1,c) voltage is greater than specified by vmax
OSDI(debug) n.xru189.nr1: WARNING: V(i2,c) voltage is greater than specified by vmax
OSDI(debug) n.xru188.nr1: WARNING: V(i1,c) voltage is greater than specified by vmax
OSDI(debug) n.xru188.nr1: WARNING: V(i2,c) voltage is greater than specified by vmax
OSDI(debug) n.xru187.nr1: WARNING: V(i1,c) voltage is greater than specified by vmax
OSDI(debug) n.xru187.nr1: WARNING: V(i2,c) voltage is greater than specified by vmax
OSDI(debug) n.xru186.nr1: WARNING: V(i1,c) voltage is greater than specified by vmax
OSDI(debug) n.xru186.nr1: WARNING: V(i2,c) voltage is greater than specified by vmax
OSDI(debug) n.xru185.nr1: WARNING: V(i1,c) voltage is greater than specified by vmax
OSDI(debug) n.xru185.nr1: WARNING: V(i2,c) voltage is greater than specified by vmax
OSDI(debug) n.xru184.nr1: WARNING: V(i1,c) voltage is greater than specified by vmax
OSDI(debug) n.xru184.nr1: WARNING: V(i2,c) voltage is greater than specified by vmax
OSDI(debug) n.xru183.nr1: WARNING: V(i1,c) voltage is greater than specified by vmax
OSDI(debug) n.xru183.nr1: WARNING: V(i2,c) voltage is greater than specified by vmax
OSDI(debug) n.xru182.nr1: WARNING: V(i1,c) voltage is greater than specified by vmax
OSDI(debug) n.xru182.nr1: WARNING: V(i2,c) voltage is greater than specified by vmax
OSDI(debug) n.xru181.nr1: WARNING: V(i1,c) voltage is greater than specified by vmax
OSDI(debug) n.xru181.nr1: WARNING: V(i2,c) voltage is greater than specified by vmax
WARNING: V(i1,c) voltage is greater than specified by vmax
OSDI(debug) n.xru179.nr1: OSDI(debug) n.xru228.nr1: WARNING: V(i1,c) voltage is greater than specified by vmax
OSDI(debug) n.xru179.nr1: WARNING: V(i2,c) voltage is greater than specified by vmax
OSDI(debug) n.xru178.nr1: WARNING: V(i1,c) voltage is greater than specified by vmax
OSDI(debug) n.xru178.nr1: WARNING: V(i2,c) voltage is greater than specified by vmax
OSDI(debug) n.xru177.nr1: WARNING: V(i1,c) voltage is greater than specified by vmax
OSDI(debug) n.xru177.nr1: WARNING: V(i2,c) voltage is greater than specified by vmax
OSDI(debug) n.xru176.nr1: WARNING: V(i1,c) voltage is greater than specified by vmax
OSDI(debug) n.xru176.nr1: WARNING: V(i2,c) voltage is greater than specified by vmax
OSDI(debug) n.xru175.nr1: WARNING: V(i1,c) voltage is greater than specified by vmax
OSDI(debug) n.xru175.nr1: WARNING: V(i2,c) voltage is greater than specified by vmax
OSDI(debug) n.xru174.nr1: WARNING: V(i1,c) voltage is greater than specified by vmax
OSDI(debug) n.xru174.nr1: WARNING: V(i2,c) voltage is greater than specified by vmax
OSDI(debug) n.xru173.nr1: WARNING: V(i1,c) voltage is greater than specified by vmax
OSDI(debug) n.xru173.nr1: WARNING: V(i2,c) voltage is greater than specified by vmax
OSDI(debug) n.xru172.nr1: WARNING: V(i1,c) voltage is greater than specified by vmax
OSDI(debug) n.xru172.nr1: WARNING: V(i2,c) voltage is greater than specified by vmax
OSDI(debug) n.xru171.nr1: WARNING: V(i1,c) voltage is greater than specified by vmax
OSDI(debug) n.xru171.nr1: WARNING: V(i2,c) voltage is greater than specified by vmax
OSDI(debug) n.xru170.nr1: WARNING: V(i1,c) voltage is greater than specified by vmax
OSDI(debug) n.xru170.nr1: WARNING: V(i2,c) voltage is greater than specified by vmax
OSDI(debug) n.xru169.nr1: WARNING: V(i1,c) voltage is greater than specified by vmax
OSDI(debug) n.xru169.nr1: WARNING: V(i2,c) voltage is greater than specified by vmax
OSDI(debug) n.xru168.nr1: WARNING: V(i1,c) voltage is greater than specified by vmax
OSDI(debug) n.xru168.nr1: WARNING: V(i2,c) voltage is greater than specified by vmax
OSDI(debug) n.xru167.nr1: WARNING: V(i1,c) voltage is greater than specified by vmax
OSDI(debug) n.xru167.nr1: WARNING: V(i2,c) voltage is greater than specified by vmax
OSDI(debug) n.xru166.nr1: WARNING: V(i1,c) voltage is greater than specified by vmax
OSDI(debug) n.xru166.nr1: WARNING: V(i2,c) voltage is greater than specified by vmax
OSDI(debug) n.xru165.nr1: WARNING: V(i1,c) voltage is greater than specified by vmax
OSDI(debug) n.xru165.nr1: WARNING: V(i2,c) voltage is greater than specified by vmax
OSDI(debug) n.xru164.nr1: WARNING: V(i1,c) voltage is greater than specified by vmax
OSDI(debug) n.xru164.nr1: WARNING: V(i2,c) voltage is greater than specified by vmax
OSDI(debug) n.xru163.nr1: WARNING: V(i1,c) voltage is greater than specified by vmax
OSDI(debug) n.xru163.nr1: WARNING: V(i2,c) voltage is greater than specified by vmax
OSDI(debug) n.xru162.nr1: WARNING: V(i1,c) voltage is greater than specified by vmax
OSDI(debug) n.xru162.nr1: WARNING: V(i2,c) voltage is greater than specified by vmax
OSDI(debug) n.xru161.nr1: WARNING: V(i1,c) voltage is greater than specified by vmax
OSDI(debug) n.xru161.nr1: WARNING: V(i2,c) voltage is greater than specified by vmax
OSDI(debug) n.xru160.nr1: WARNING: V(i1,c) voltage is greater than specified by vmax
OSDI(debug) n.xru160.nr1: WARNING: V(i2,c) voltage is greater than specified by vmax
OSDI(debug) n.xru159.nr1: WARNING: V(i1,c) voltage is greater than specified by vmax
OSDI(debug) n.xru159.nr1: WARNING: V(i2,c) voltage is greater than specified by vmax
OSDI(debug) n.xru158.nr1: WARNING: V(i1,c) voltage is greater than specified by vmax
OSDI(debug) n.xru158.nr1: WARNING: V(i2,c) voltage is greater than specified by vmax
OSDI(debug) n.xru157.nr1: WARNING: V(i1,c) voltage is greater than specified by vmax
OSDI(debug) n.xru157.nr1: WARNING: V(i2,c) voltage is greater than specified by vmax
OSDI(debug) n.xru156.nr1: WARNING: V(i1,c) voltage is greater than specified by vmax
OSDI(debug) n.xru156.nr1: WARNING: V(i2,c) voltage is greater than specified by vmax
OSDI(debug) n.xru155.nr1: WARNING: V(i1,c) voltage is greater than specified by vmax
OSDI(debug) n.xru155.nr1: WARNING: V(i2,c) voltage is greater than specified by vmax
OSDI(debug) n.xru154.nr1: WARNING: V(i1,c) voltage is greater than specified by vmax
OSDI(debug) n.xru154.nr1: WARNING: V(i2,c) voltage is greater than specified by vmax
OSDI(debug) n.xru153.nr1: WARNING: V(i1,c) voltage is greater than specified by vmax
OSDI(debug) n.xru153.nr1: WARNING: V(i2,c) voltage is greater than specified by vmax
OSDI(debug) n.xru152.nr1: WARNING: V(i1,c) voltage is greater than specified by vmax
OSDI(debug) n.xru152.nr1: WARNING: V(i2,c) voltage is greater than specified by vmax
OSDI(debug) n.xru151.nr1: WARNING: V(i1,c) voltage is greater than specified by vmax
OSDI(debug) n.xru151.nr1: WARNING: V(i2,c) voltage is greater than specified by vmax
OSDI(debug) n.xru150.nr1: WARNING: V(i1,c) voltage is greater than specified by vmax
OSDI(debug) n.xru150.nr1: WARNING: V(i2,c) voltage is greater than specified by vmax
OSDI(debug) n.xru149.nr1: WARNING: V(i1,c) voltage is greater than specified by vmax
OSDI(debug) n.xru149.nr1: WARNING: V(i2,c) voltage is greater than specified by vmax
OSDI(debug) n.xru148.nr1: WARNING: V(i1,c) voltage is greater than specified by vmax
OSDI(debug) n.xru148.nr1: WARNING: V(i2,c) voltage is greater than specified by vmax
OSDI(debug) n.xru147.nr1: WARNING: V(i1,c) voltage is greater than specified by vmax
OSDI(debug) n.xru147.nr1: WARNING: V(i2,c) voltage is greater than specified by vmax
OSDI(debug) n.xru146.nr1: WARNING: V(i1,c) voltage is greater than specified by vmax
OSDI(debug) n.xru146.nr1: WARNING: V(i2,c) voltage is greater than specified by vmax
OSDI(debug) n.xru145.nr1: WARNING: V(i1,c) voltage is greater than specified by vmax
OSDI(debug) n.xru145.nr1: WARNING: V(i2,c) voltage is greater than specified by vmax
OSDI(debug) n.xru144.nr1: WARNING: V(i1,c) voltage is greater than specified by vmax
OSDI(debug) n.xru144.nr1: WARNING: V(i2,c) voltage is greater than specified by vmax
OSDI(debug) n.xru143.nr1: WARNING: V(i1,c) voltage is greater than specified by vmax
OSDI(debug) n.xru143.nr1: WARNING: V(i2,c) voltage is greater than specified by vmax
OSDI(debug) n.xru142.nr1: WARNING: V(i1,c) voltage is greater than specified by vmax
OSDI(debug) n.xru142.nr1: WARNING: V(i2,c) voltage is greater than specified by vmax
OSDI(debug) n.xru141.nr1: WARNING: V(i1,c) voltage is greater than specified by vmax
OSDI(debug) n.xru141.nr1: WARNING: V(i2,c) voltage is greater than specified by vmax
OSDI(debug) n.xru140.nr1: WARNING: V(i1,c) voltage is greater than specified by vmax
OSDI(debug) n.xru140.nr1: WARNING: V(i2,c) voltage is greater than specified by vmax
OSDI(debug) n.xru139.nr1: WARNING: V(i1,c) voltage is greater than specified by vmax
OSDI(debug) n.xru139.nr1: WARNING: V(i2,c) voltage is greater than specified by vmax
OSDI(debug) n.xru138.nr1: WARNING: V(i1,c) voltage is greater than specified by vmax
OSDI(debug) n.xru138.nr1: WARNING: V(i2,c) voltage is greater than specified by vmax
OSDI(debug) n.xru137.nr1: WARNING: V(i1,c) voltage is greater than specified by vmax
OSDI(debug) n.xru137.nr1: WARNING: V(i2,c) voltage is greater than specified by vmax
OSDI(debug) n.xru136.nr1: WARNING: V(i1,c) voltage is greater than specified by vmax
OSDI(debug) n.xru136.nr1: WARNING: V(i2,c) voltage is greater than specified by vmax
OSDI(debug) n.xru135.nr1: WARNING: V(i1,c) voltage is greater than specified by vmax
OSDI(debug) n.xru135.nr1: WARNING: V(i2,c) voltage is greater than specified by vmax
OSDI(debug) n.xru134.nr1: WARNING: V(i1,c) voltage is greater than specified by vmax
OSDI(debug) n.xru134.nr1: WARNING: V(i2,c) voltage is greater than specified by vmax
OSDI(debug) n.xru133.nr1: WARNING: V(i1,c) voltage is greater than specified by vmax
OSDI(debug) n.xru133.nr1: WARNING: V(i2,c) voltage is greater than specified by vmax
OSDI(debug) n.xru132.nr1: WARNING: V(i1,c) voltage is greater than specified by vmax
OSDI(debug) n.xru132.nr1: WARNING: V(i2,c) voltage is greater than specified by vmax
OSDI(debug) n.xru131.nr1: WARNING: V(i1,c) voltage is greater than specified by vmax
OSDI(debug) n.xru131.nr1: WARNING: V(i2,c) voltage is greater than specified by vmax
OSDI(debug) n.xru130.nr1: WARNING: V(i1,c) voltage is greater than specified by vmax
OSDI(debug) n.xru130.nr1: WARNING: V(i2,c) voltage is greater than specified by vmax
OSDI(debug) n.xru129.nr1: WARNING: V(i1,c) voltage is greater than specified by vmax
OSDI(debug) n.xru129.nr1: WARNING: V(i2,c) voltage is greater than specified by vmax
OSDI(debug) n.xru128.nr1: WARNING: V(i1,c) voltage is greater than specified by vmax
OSDI(debug) n.xru128.nr1: WARNING: V(i2,c) voltage is greater than specified by vmax
OSDI(debug) n.xru127.nr1: WARNING: V(i2,c) voltage is greater than specified by vmax
OSDI(debug) n.xru126.nr1: WARNING: V(i2,c) voltage is greater than specified by vmax
OSDI(debug) n.xru66.nr1: WARNING: V(i1,c) voltage is greater than specified by vmax
OSDI(debug) n.xru65.nr1: WARNING: V(i1,c) voltage is greater than specified by vmax
OSDI(debug) n.xru64.nr1: WARNING: V(i1,c) voltage is greater than specified by vmax
OSDI(debug) n.xru63.nr1: WARNING: V(i1,c) voltage is greater than specified by vmax
OSDI(debug) n.xru63.nr1: WARNING: V(i2,c) voltage is greater than specified by vmax
OSDI(debug) n.xru62.nr1: WARNING: V(i2,c) voltage is greater than specified by vmax
OSDI(debug) n.xru61.nr1: WARNING: V(i2,c) voltage is greater than specified by vmax
OSDI(debug) n.xru34.nr1: WARNING: V(i1,c) voltage is greater than specified by vmax
OSDI(debug) n.xru33.nr1: WARNING: V(i1,c) voltage is greater than specified by vmax
OSDI(debug) n.xru32.nr1: WARNING: V(i1,c) voltage is greater than specified by vmax
OSDI(debug) n.xru32.nr1: WARNING: V(i2,c) voltage is greater than specified by vmax
OSDI(debug) n.xru31.nr1: WARNING: V(i1,c) voltage is greater than specified by vmax
OSDI(debug) n.xru31.nr1: WARNING: V(i2,c) voltage is greater than specified by vmax
OSDI(debug) n.xru30.nr1: WARNING: V(i2,c) voltage is greater than specified by vmax
OSDI(debug) n.xru17.nr1: WARNING: V(i1,c) voltage is greater than specified by vmax
OSDI(debug) n.xru16.nr1: WARNING: V(i1,c) voltage is greater than specified by vmax
OSDI(debug) n.xru16.nr1: WARNING: V(i2,c) voltage is greater than specified by vmax
OSDI(debug) n.xru15.nr1: WARNING: V(i1,c) voltage is greater than specified by vmax
OSDI(debug) n.xru15.nr1: WARNING: V(i2,c) voltage is greater than specified by vmax
OSDI(debug) n.xru14.nr1: WARNING: V(i1,c) voltage is greater than specified by vmax
OSDI(debug) n.xru14.nr1: WARNING: V(i2,c) voltage is greater than specified by vmax
OSDI(debug) n.xru13.nr1: WARNING: V(i2,c) voltage is greater than specified by vmax
OSDI(debug) n.xru10.nr1: WARNING: V(i1,c) voltage is greater than specified by vmax
OSDI(debug) n.xru9.nr1: WARNING: V(i1,c) voltage is greater than specified by vmax
OSDI(debug) n.xru8.nr1: WARNING: V(i1,c) voltage is greater than specified by vmax
OSDI(debug) n.xru7.nr1: WARNING: V(i1,c) voltage is greater than specified by vmax
OSDI(debug) n.xru7.nr1: WARNING: V(i2,c) voltage is greater than specified by vmax
OSDI(debug) n.xru6.nr1: WARNING: V(i1,c) voltage is greater than specified by vmax
OSDI(debug) n.xru6.nr1: WARNING: V(i2,c) voltage is greater than specified by vmax
OSDI(debug) n.xru5.nr1: WARNING: V(i1,c) voltage is greater than specified by vmax
OSDI(debug) n.xru4.nr1: WARNING: V(i1,c) voltage is greater than specified by vmax
OSDI(debug) n.xru4.nr1: WARNING: V(i2,c) voltage is greater than specified by vmax
OSDI(debug) n.xru3.nr1: WARNING: V(i1,c) voltage is greater than specified by vmax
OSDI(debug) n.xru3.nr1: WARNING: V(i2,c) voltage is greater than specified by vmax
OSDI(debug) n.xru2.nr1: WARNING: V(i1,c) voltage is greater than specified by vmax
OSDI(debug) n.xru2.nr1: WARNING: V(i2,c) voltage is greater than specified by vmax
OSDI(debug) n.xru1.nr1: WARNING: V(i1,c) voltage is greater than specified by vmax
OSDI(debug) n.xru1.nr1: WARNING: V(i2,c) voltage is greater than specified by vmax
OSDI(debug) n.xr1.nr1: WARNING: V(i2,c) voltage is greater than specified by vmax
WARNING: V(i2,c) voltage is greater than specified by vmax
OSDI(debug) n.xru250.nr1: WARNING: V(i2,c) voltage is greater than specified by vmax
WARNING: V(i1,c) voltage is greater than specified by vmax
OSDI(debug) n.xru255.nr1: WARNING: V(i2,c) voltage is greater than specified by vmax
OSDI(debug) n.xru180.nr1: WARNING: V(i1,c) voltage is greater than specified by vmax
OSDI(debug) n.xru180.nr1: WARNING: V(i2,c) voltage is greater than specified by vmax
OSDI(debug) n.xru254.nr1: OSDI(debug) n.xru239.nr1: WARNING: V(i1,c) voltage is greater than specified by vmax
OSDI(debug) n.xru254.nr1: WARNING: V(i2,c) voltage is greater than specified by vmax
WARNING: V(i1,c) voltage is greater than specified by vmax
OSDI(debug) n.xru239.nr1: WARNING: V(i2,c) voltage is greater than specified by vmax


The temperature limiting function received NaN.
Please check your power dissipation and improve your heat sink Rth!
    This message will be shown only once.

OSDI(debug) n.xr2.nr1: WARNING: V(i2,c) voltage is greater than specified by vmax
OSDI(debug) n.xr2.nr1: WARNING: V(i2,c) voltage is greater than specified by vmax
OSDI(debug) n.xr2.nr1: WARNING: V(i2,c) voltage is greater than specified by vmax
OSDI(debug) n.xr2.nr1: WARNING: V(i2,c) voltage is greater than specified by vmax
OSDI(debug) n.xr2.nr1: WARNING: V(i2,c) voltage is greater than specified by vmax
OSDI(debug) n.xr2.nr1: WARNING: V(i2,c) voltage is greater than specified by vmax
OSDI(debug) n.xr2.nr1: WARNING: V(i2,c) voltage is greater than specified by vmax
OSDI(debug) n.xr2.nr1: WARNING: V(i2,c) voltage is greater than specified by vmax
OSDI(debug) n.xr2.nr1: WARNING: V(i2,c) voltage is greater than specified by vmax
OSDI(debug) n.xr2.nr1: WARNING: V(i2,c) voltage is greater than specified by vmax
OSDI(debug) n.xr2.nr1: WARNING: V(i2,c) voltage is greater than specified by vmax
OSDI(debug) n.xr2.nr1: WARNING: V(i2,c) voltage is greater than specified by vmax
OSDI(debug) n.xr2.nr1: WARNING: V(i2,c) voltage is greater than specified by vmax
OSDI(debug) n.xr2.nr1: WARNING: V(i2,c) voltage is greater than specified by vmax
OSDI(debug) n.xr2.nr1: WARNING: V(i2,c) voltage is greater than specified by vmax
OSDI(debug) n.xr2.nr1: WARNING: V(i2,c) voltage is greater than specified by vmax
OSDI(debug) n.xr2.nr1: WARNING: V(i2,c) voltage is greater than specified by vmax
OSDI(debug) n.xr2.nr1: WARNING: V(i2,c) voltage is greater than specified by vmax
OSDI(debug) n.xr2.nr1: WARNING: V(i2,c) voltage is greater than specified by vmax
OSDI(debug) n.xr2.nr1: WARNING: V(i2,c) voltage is greater than specified by vmax
Warning: singular matrix:  check node t101__t1

Warning: Dynamic gmin stepping failed
Note: Starting true gmin stepping
Warning: singular matrix:  check nodes n.xru215.nr1#i2 and n.xru252.nr1#i2

OSDI(debug) n.xru255.nr1: WARNING: V(i1,c) voltage is greater than specified by vmax
OSDI(debug) n.xru255.nr1: WARNING: V(i2,c) voltage is greater than specified by vmax
OSDI(debug) n.xru248.nr1: WARNING: V(i1,c) voltage is greater than specified by vmax
OSDI(debug) n.xru248.nr1: WARNING: V(i2,c) voltage is greater than specified by vmax
OSDI(debug) n.xru247.nr1: WARNING: V(i1,c) voltage is greater than specified by vmax
OSDI(debug) n.xru247.nr1: WARNING: V(i2,c) voltage is greater than specified by vmax
OSDI(debug) n.xru246.nr1: WARNING: V(i1,c) voltage is greater than specified by vmax
OSDI(debug) n.xru246.nr1: WARNING: V(i2,c) voltage is greater than specified by vmax
OSDI(debug) n.xru254.nr1: WARNING: V(i1,c) voltage is greater than specified by vmax
OSDI(debug) n.xru254.nr1: WARNING: V(i2,c) voltage is greater than specified by vmax
OSDI(debug) n.xru244.nr1: WARNING: V(i1,c) voltage is greater than specified by vmax
OSDI(debug) n.xru244.nr1: WARNING: V(i2,c) voltage is greater than specified by vmax
OSDI(debug) n.xru243.nr1: WARNING: V(i1,c) voltage is greater than specified by vmax
OSDI(debug) n.xru243.nr1: WARNING: V(i2,c) voltage is greater than specified by vmax
OSDI(debug) n.xru245.nr1: OSDI(debug) n.xru242.nr1: WARNING: V(i1,c) voltage is greater than specified by vmax
OSDI(debug) n.xru245.nr1: WARNING: V(i2,c) voltage is greater than specified by vmax
OSDI(debug) n.xru241.nr1: WARNING: V(i1,c) voltage is greater than specified by vmax
OSDI(debug) n.xru241.nr1: WARNING: V(i2,c) voltage is greater than specified by vmax
OSDI(debug) n.xru239.nr1: WARNING: V(i1,c) voltage is greater than specified by vmax
OSDI(debug) n.xru239.nr1: WARNING: V(i2,c) voltage is greater than specified by vmax
OSDI(debug) n.xru238.nr1: WARNING: V(i1,c) voltage is greater than specified by vmax
OSDI(debug) n.xru238.nr1: WARNING: V(i2,c) voltage is greater than specified by vmax
OSDI(debug) n.xru237.nr1: WARNING: V(i1,c) voltage is greater than specified by vmax
OSDI(debug) n.xru237.nr1: WARNING: V(i2,c) voltage is greater than specified by vmax
OSDI(debug) n.xru236.nr1: WARNING: V(i1,c) voltage is greater than specified by vmax
OSDI(debug) n.xru236.nr1: WARNING: V(i2,c) voltage is greater than specified by vmax
OSDI(debug) n.xru235.nr1: WARNING: V(i1,c) voltage is greater than specified by vmax
OSDI(debug) n.xru235.nr1: WARNING: V(i2,c) voltage is greater than specified by vmax
OSDI(debug) n.xru251.nr1: WARNING: V(i1,c) voltage is greater than specified by vmax
OSDI(debug) n.xru251.nr1: WARNING: V(i2,c) voltage is greater than specified by vmax
OSDI(debug) n.xru233.nr1: WARNING: V(i1,c) voltage is greater than specified by vmax
OSDI(debug) n.xru233.nr1: WARNING: V(i2,c) voltage is greater than specified by vmax
OSDI(debug) n.xru232.nr1: WARNING: V(i1,c) voltage is greater than specified by vmax
OSDI(debug) n.xru232.nr1: WARNING: V(i2,c) voltage is greater than specified by vmax
OSDI(debug) n.xru231.nr1: WARNING: V(i1,c) voltage is greater than specified by vmax
OSDI(debug) n.xru231.nr1: WARNING: V(i2,c) voltage is greater than specified by vmax
OSDI(debug) n.xru230.nr1: WARNING: V(i1,c) voltage is greater than specified by vmax
OSDI(debug) n.xru230.nr1: WARNING: V(i2,c) voltage is greater than specified by vmax
OSDI(debug) n.xru229.nr1: WARNING: V(i1,c) voltage is greater than specified by vmax
OSDI(debug) n.xru229.nr1: WARNING: V(i2,c) voltage is greater than specified by vmax
OSDI(debug) n.xru228.nr1: WARNING: V(i1,c) voltage is greater than specified by vmax
OSDI(debug) n.xru228.nr1: WARNING: V(i2,c) voltage is greater than specified by vmax
OSDI(debug) n.xru227.nr1: WARNING: V(i1,c) voltage is greater than specified by vmax
OSDI(debug) n.xru227.nr1: WARNING: V(i2,c) voltage is greater than specified by vmax
OSDI(debug) n.xru226.nr1: WARNING: V(i1,c) voltage is greater than specified by vmax
OSDI(debug) n.xru226.nr1: WARNING: V(i2,c) voltage is greater than specified by vmax
OSDI(debug) n.xru225.nr1: WARNING: V(i1,c) voltage is greater than specified by vmax
OSDI(debug) n.xru225.nr1: WARNING: V(i2,c) voltage is greater than specified by vmax
OSDI(debug) n.xru224.nr1: WARNING: V(i1,c) voltage is greater than specified by vmax
OSDI(debug) n.xru224.nr1: WARNING: V(i2,c) voltage is greater than specified by vmax
OSDI(debug) n.xru223.nr1: WARNING: V(i1,c) voltage is greater than specified by vmax
OSDI(debug) n.xru223.nr1: WARNING: V(i2,c) voltage is greater than specified by vmax
OSDI(debug) n.xru222.nr1: WARNING: V(i1,c) voltage is greater than specified by vmax
OSDI(debug) n.xru222.nr1: WARNING: V(i2,c) voltage is greater than specified by vmax
OSDI(debug) n.xru221.nr1: WARNING: V(i1,c) voltage is greater than specified by vmax
OSDI(debug) n.xru221.nr1: WARNING: V(i2,c) voltage is greater than specified by vmax
OSDI(debug) n.xru220.nr1: WARNING: V(i1,c) voltage is greater than specified by vmax
OSDI(debug) n.xru220.nr1: WARNING: V(i2,c) voltage is greater than specified by vmax
OSDI(debug) n.xru219.nr1: WARNING: V(i1,c) voltage is greater than specified by vmax
OSDI(debug) n.xru219.nr1: WARNING: V(i2,c) voltage is greater than specified by vmax
OSDI(debug) n.xru218.nr1: WARNING: V(i1,c) voltage is greater than specified by vmax
OSDI(debug) n.xru218.nr1: WARNING: V(i2,c) voltage is greater than specified by vmax
OSDI(debug) n.xru217.nr1: WARNING: V(i1,c) voltage is greater than specified by vmax
OSDI(debug) n.xru217.nr1: WARNING: V(i2,c) voltage is greater than specified by vmax
OSDI(debug) n.xru216.nr1: WARNING: V(i1,c) voltage is greater than specified by vmax
OSDI(debug) n.xru216.nr1: WARNING: V(i2,c) voltage is greater than specified by vmax
OSDI(debug) n.xru215.nr1: WARNING: V(i1,c) voltage is greater than specified by vmax
OSDI(debug) n.xru215.nr1: WARNING: V(i2,c) voltage is greater than specified by vmax
OSDI(debug) n.xru214.nr1: WARNING: V(i1,c) voltage is greater than specified by vmax
OSDI(debug) n.xru214.nr1: WARNING: V(i2,c) voltage is greater than specified by vmax
OSDI(debug) n.xru213.nr1: WARNING: V(i1,c) voltage is greater than specified by vmax
OSDI(debug) n.xru213.nr1: WARNING: V(i2,c) voltage is greater than specified by vmax
OSDI(debug) n.xru212.nr1: WARNING: V(i1,c) voltage is greater than specified by vmax
OSDI(debug) n.xru212.nr1: WARNING: V(i2,c) voltage is greater than specified by vmax
OSDI(debug) n.xru211.nr1: WARNING: V(i1,c) voltage is greater than specified by vmax
OSDI(debug) n.xru211.nr1: WARNING: V(i2,c) voltage is greater than specified by vmax
OSDI(debug) n.xru210.nr1: WARNING: V(i1,c) voltage is greater than specified by vmax
OSDI(debug) n.xru210.nr1: WARNING: V(i2,c) voltage is greater than specified by vmax
OSDI(debug) n.xru209.nr1: WARNING: V(i1,c) voltage is greater than specified by vmax
OSDI(debug) n.xru209.nr1: WARNING: V(i2,c) voltage is greater than specified by vmax
OSDI(debug) n.xru208.nr1: WARNING: V(i1,c) voltage is greater than specified by vmax
OSDI(debug) n.xru208.nr1: WARNING: V(i2,c) voltage is greater than specified by vmax
OSDI(debug) n.xru207.nr1: WARNING: V(i1,c) voltage is greater than specified by vmax
OSDI(debug) n.xru207.nr1: WARNING: V(i2,c) voltage is greater than specified by vmax
OSDI(debug) n.xru206.nr1: WARNING: V(i1,c) voltage is greater than specified by vmax
OSDI(debug) n.xru206.nr1: WARNING: V(i2,c) voltage is greater than specified by vmax
OSDI(debug) n.xru205.nr1: WARNING: V(i1,c) voltage is greater than specified by vmax
OSDI(debug) n.xru205.nr1: WARNING: V(i2,c) voltage is greater than specified by vmax
OSDI(debug) n.xru204.nr1: WARNING: V(i1,c) voltage is greater than specified by vmax
OSDI(debug) n.xru204.nr1: WARNING: V(i2,c) voltage is greater than specified by vmax
OSDI(debug) n.xru203.nr1: WARNING: V(i1,c) voltage is greater than specified by vmax
OSDI(debug) n.xru203.nr1: WARNING: V(i2,c) voltage is greater than specified by vmax
OSDI(debug) n.xru202.nr1: WARNING: V(i1,c) voltage is greater than specified by vmax
OSDI(debug) n.xru202.nr1: WARNING: V(i2,c) voltage is greater than specified by vmax
OSDI(debug) n.xru201.nr1: WARNING: V(i1,c) voltage is greater than specified by vmax
OSDI(debug) n.xru201.nr1: WARNING: V(i2,c) voltage is greater than specified by vmax
OSDI(debug) n.xru200.nr1: WARNING: V(i1,c) voltage is greater than specified by vmax
OSDI(debug) n.xru200.nr1: WARNING: V(i2,c) voltage is greater than specified by vmax
OSDI(debug) n.xru199.nr1: WARNING: V(i1,c) voltage is greater than specified by vmax
OSDI(debug) n.xru199.nr1: WARNING: V(i2,c) voltage is greater than specified by vmax
OSDI(debug) n.xru198.nr1: WARNING: V(i1,c) voltage is greater than specified by vmax
OSDI(debug) n.xru198.nr1: WARNING: V(i2,c) voltage is greater than specified by vmax
OSDI(debug) n.xru197.nr1: WARNING: V(i1,c) voltage is greater than specified by vmax
OSDI(debug) n.xru197.nr1: WARNING: V(i2,c) voltage is greater than specified by vmax
OSDI(debug) n.xru196.nr1: WARNING: V(i1,c) voltage is greater than specified by vmax
OSDI(debug) n.xru196.nr1: WARNING: V(i2,c) voltage is greater than specified by vmax
OSDI(debug) n.xru195.nr1: WARNING: V(i1,c) voltage is greater than specified by vmax
OSDI(debug) n.xru195.nr1: WARNING: V(i2,c) voltage is greater than specified by vmax
OSDI(debug) n.xru194.nr1: WARNING: V(i1,c) voltage is greater than specified by vmax
OSDI(debug) n.xru194.nr1: WARNING: V(i2,c) voltage is greater than specified by vmax
OSDI(debug) n.xru193.nr1: WARNING: V(i1,c) voltage is greater than specified by vmax
OSDI(debug) n.xru193.nr1: WARNING: V(i2,c) voltage is greater than specified by vmax
OSDI(debug) n.xru192.nr1: WARNING: V(i1,c) voltage is greater than specified by vmax
OSDI(debug) n.xru192.nr1: WARNING: V(i2,c) voltage is greater than specified by vmax
OSDI(debug) n.xru191.nr1: WARNING: V(i1,c) voltage is greater than specified by vmax
OSDI(debug) n.xru191.nr1: WARNING: V(i2,c) voltage is greater than specified by vmax
OSDI(debug) n.xru190.nr1: WARNING: V(i1,c) voltage is greater than specified by vmax
OSDI(debug) n.xru190.nr1: WARNING: V(i2,c) voltage is greater than specified by vmax
OSDI(debug) n.xru189.nr1: WARNING: V(i1,c) voltage is greater than specified by vmax
OSDI(debug) n.xru189.nr1: WARNING: V(i2,c) voltage is greater than specified by vmax
OSDI(debug) n.xru188.nr1: WARNING: V(i1,c) voltage is greater than specified by vmax
OSDI(debug) n.xru188.nr1: WARNING: V(i2,c) voltage is greater than specified by vmax
OSDI(debug) n.xru187.nr1: WARNING: V(i1,c) voltage is greater than specified by vmax
OSDI(debug) n.xru187.nr1: WARNING: V(i2,c) voltage is greater than specified by vmax
OSDI(debug) n.xru186.nr1: WARNING: V(i1,c) voltage is greater than specified by vmax
OSDI(debug) n.xru186.nr1: WARNING: V(i2,c) voltage is greater than specified by vmax
OSDI(debug) n.xru185.nr1: WARNING: V(i1,c) voltage is greater than specified by vmax
OSDI(debug) n.xru185.nr1: WARNING: V(i2,c) voltage is greater than specified by vmax
OSDI(debug) n.xru184.nr1: WARNING: V(i1,c) voltage is greater than specified by vmax
OSDI(debug) n.xru184.nr1: WARNING: V(i2,c) voltage is greater than specified by vmax
OSDI(debug) n.xru183.nr1: WARNING: V(i1,c) voltage is greater than specified by vmax
OSDI(debug) n.xru183.nr1: WARNING: V(i2,c) voltage is greater than specified by vmax
OSDI(debug) n.xru182.nr1: WARNING: V(i1,c) voltage is greater than specified by vmax
OSDI(debug) n.xru182.nr1: WARNING: V(i2,c) voltage is greater than specified by vmax
OSDI(debug) n.xru181.nr1: WARNING: V(i1,c) voltage is greater than specified by vmax
OSDI(debug) n.xru181.nr1: WARNING: V(i2,c) voltage is greater than specified by vmax
OSDI(debug) n.xru180.nr1: WARNING: V(i1,c) voltage is greater than specified by vmax
OSDI(debug) n.xru180.nr1: WARNING: V(i2,c) voltage is greater than specified by vmax
OSDI(debug) n.xru179.nr1: WARNING: V(i1,c) voltage is greater than specified by vmax
OSDI(debug) n.xru179.nr1: WARNING: V(i2,c) voltage is greater than specified by vmax
OSDI(debug) n.xru178.nr1: WARNING: V(i1,c) voltage is greater than specified by vmax
OSDI(debug) n.xru178.nr1: WARNING: V(i2,c) voltage is greater than specified by vmax
OSDI(debug) n.xru177.nr1: WARNING: V(i1,c) voltage is greater than specified by vmax
OSDI(debug) n.xru177.nr1: WARNING: V(i2,c) voltage is greater than specified by vmax
OSDI(debug) n.xru176.nr1: WARNING: V(i1,c) voltage is greater than specified by vmax
OSDI(debug) n.xru176.nr1: WARNING: V(i2,c) voltage is greater than specified by vmax
OSDI(debug) n.xru175.nr1: WARNING: V(i1,c) voltage is greater than specified by vmax
OSDI(debug) n.xru175.nr1: WARNING: V(i2,c) voltage is greater than specified by vmax
OSDI(debug) n.xru174.nr1: WARNING: V(i1,c) voltage is greater than specified by vmax
OSDI(debug) n.xru174.nr1: WARNING: V(i2,c) voltage is greater than specified by vmax
OSDI(debug) n.xru173.nr1: WARNING: V(i1,c) voltage is greater than specified by vmax
OSDI(debug) n.xru173.nr1: WARNING: V(i2,c) voltage is greater than specified by vmax
OSDI(debug) n.xru172.nr1: WARNING: V(i1,c) voltage is greater than specified by vmax
OSDI(debug) n.xru172.nr1: WARNING: V(i2,c) voltage is greater than specified by vmax
OSDI(debug) n.xru171.nr1: WARNING: V(i1,c) voltage is greater than specified by vmax
OSDI(debug) n.xru171.nr1: WARNING: V(i2,c) voltage is greater than specified by vmax
OSDI(debug) n.xru170.nr1: WARNING: V(i1,c) voltage is greater than specified by vmax
OSDI(debug) n.xru170.nr1: WARNING: V(i2,c) voltage is greater than specified by vmax
OSDI(debug) n.xru169.nr1: WARNING: V(i1,c) voltage is greater than specified by vmax
OSDI(debug) n.xru169.nr1: WARNING: V(i2,c) voltage is greater than specified by vmax
OSDI(debug) n.xru168.nr1: WARNING: V(i1,c) voltage is greater than specified by vmax
OSDI(debug) n.xru168.nr1: WARNING: V(i2,c) voltage is greater than specified by vmax
OSDI(debug) n.xru167.nr1: WARNING: V(i1,c) voltage is greater than specified by vmax
OSDI(debug) n.xru167.nr1: WARNING: V(i2,c) voltage is greater than specified by vmax
OSDI(debug) n.xru166.nr1: WARNING: V(i1,c) voltage is greater than specified by vmax
OSDI(debug) n.xru166.nr1: WARNING: V(i2,c) voltage is greater than specified by vmax
OSDI(debug) n.xru165.nr1: WARNING: V(i1,c) voltage is greater than specified by vmax
OSDI(debug) n.xru165.nr1: WARNING: V(i2,c) voltage is greater than specified by vmax
OSDI(debug) n.xru164.nr1: WARNING: V(i1,c) voltage is greater than specified by vmax
OSDI(debug) n.xru164.nr1: WARNING: V(i2,c) voltage is greater than specified by vmax
OSDI(debug) n.xru163.nr1: WARNING: V(i1,c) voltage is greater than specified by vmax
OSDI(debug) n.xru163.nr1: WARNING: V(i2,c) voltage is greater than specified by vmax
OSDI(debug) n.xru162.nr1: WARNING: V(i1,c) voltage is greater than specified by vmax
OSDI(debug) n.xru162.nr1: WARNING: V(i2,c) voltage is greater than specified by vmax
OSDI(debug) n.xru161.nr1: WARNING: V(i1,c) voltage is greater than specified by vmax
OSDI(debug) n.xru161.nr1: WARNING: V(i2,c) voltage is greater than specified by vmax
OSDI(debug) n.xru160.nr1: WARNING: V(i1,c) voltage is greater than specified by vmax
OSDI(debug) n.xru160.nr1: WARNING: V(i2,c) voltage is greater than specified by vmax
OSDI(debug) n.xru159.nr1: WARNING: V(i1,c) voltage is greater than specified by vmax
OSDI(debug) n.xru159.nr1: WARNING: V(i2,c) voltage is greater than specified by vmax
OSDI(debug) n.xru158.nr1: WARNING: V(i1,c) voltage is greater than specified by vmax
OSDI(debug) n.xru158.nr1: WARNING: V(i2,c) voltage is greater than specified by vmax
OSDI(debug) n.xru157.nr1: WARNING: V(i1,c) voltage is greater than specified by vmax
OSDI(debug) n.xru157.nr1: WARNING: V(i2,c) voltage is greater than specified by vmax
OSDI(debug) n.xru156.nr1: WARNING: V(i1,c) voltage is greater than specified by vmax
OSDI(debug) n.xru156.nr1: WARNING: V(i2,c) voltage is greater than specified by vmax
OSDI(debug) n.xru155.nr1: WARNING: V(i1,c) voltage is greater than specified by vmax
OSDI(debug) n.xru155.nr1: WARNING: V(i2,c) voltage is greater than specified by vmax
OSDI(debug) n.xru154.nr1: WARNING: V(i1,c) voltage is greater than specified by vmax
OSDI(debug) n.xru154.nr1: WARNING: V(i2,c) voltage is greater than specified by vmax
OSDI(debug) n.xru153.nr1: WARNING: V(i1,c) voltage is greater than specified by vmax
OSDI(debug) n.xru153.nr1: WARNING: V(i2,c) voltage is greater than specified by vmax
OSDI(debug) n.xru152.nr1: WARNING: V(i1,c) voltage is greater than specified by vmax
OSDI(debug) n.xru152.nr1: WARNING: V(i2,c) voltage is greater than specified by vmax
OSDI(debug) n.xru151.nr1: WARNING: V(i1,c) voltage is greater than specified by vmax
OSDI(debug) n.xru151.nr1: WARNING: V(i2,c) voltage is greater than specified by vmax
OSDI(debug) n.xru150.nr1: WARNING: V(i1,c) voltage is greater than specified by vmax
OSDI(debug) n.xru150.nr1: WARNING: V(i2,c) voltage is greater than specified by vmax
OSDI(debug) n.xru149.nr1: WARNING: V(i1,c) voltage is greater than specified by vmax
OSDI(debug) n.xru149.nr1: WARNING: V(i2,c) voltage is greater than specified by vmax
OSDI(debug) n.xru148.nr1: WARNING: V(i1,c) voltage is greater than specified by vmax
OSDI(debug) n.xru148.nr1: WARNING: V(i2,c) voltage is greater than specified by vmax
OSDI(debug) n.xru147.nr1: WARNING: V(i1,c) voltage is greater than specified by vmax
OSDI(debug) n.xru147.nr1: WARNING: V(i2,c) voltage is greater than specified by vmax
OSDI(debug) n.xru146.nr1: WARNING: V(i1,c) voltage is greater than specified by vmax
OSDI(debug) n.xru146.nr1: WARNING: V(i2,c) voltage is greater than specified by vmax
OSDI(debug) n.xru145.nr1: WARNING: V(i1,c) voltage is greater than specified by vmax
OSDI(debug) n.xru145.nr1: WARNING: V(i2,c) voltage is greater than specified by vmax
OSDI(debug) n.xru144.nr1: WARNING: V(i1,c) voltage is greater than specified by vmax
OSDI(debug) n.xru144.nr1: WARNING: V(i2,c) voltage is greater than specified by vmax
OSDI(debug) n.xru143.nr1: WARNING: V(i1,c) voltage is greater than specified by vmax
OSDI(debug) n.xru143.nr1: WARNING: V(i2,c) voltage is greater than specified by vmax
OSDI(debug) n.xru142.nr1: WARNING: V(i1,c) voltage is greater than specified by vmax
OSDI(debug) n.xru142.nr1: WARNING: V(i2,c) voltage is greater than specified by vmax
OSDI(debug) n.xru141.nr1: WARNING: V(i1,c) voltage is greater than specified by vmax
OSDI(debug) n.xru141.nr1: WARNING: V(i2,c) voltage is greater than specified by vmax
OSDI(debug) n.xru140.nr1: WARNING: V(i1,c) voltage is greater than specified by vmax
OSDI(debug) n.xru140.nr1: WARNING: V(i2,c) voltage is greater than specified by vmax
OSDI(debug) n.xru139.nr1: WARNING: V(i1,c) voltage is greater than specified by vmax
OSDI(debug) n.xru139.nr1: WARNING: V(i2,c) voltage is greater than specified by vmax
OSDI(debug) n.xru138.nr1: WARNING: V(i1,c) voltage is greater than specified by vmax
OSDI(debug) n.xru138.nr1: WARNING: V(i2,c) voltage is greater than specified by vmax
OSDI(debug) n.xru137.nr1: WARNING: V(i1,c) voltage is greater than specified by vmax
OSDI(debug) n.xru137.nr1: WARNING: V(i2,c) voltage is greater than specified by vmax
OSDI(debug) n.xru136.nr1: WARNING: V(i1,c) voltage is greater than specified by vmax
OSDI(debug) n.xru136.nr1: WARNING: V(i2,c) voltage is greater than specified by vmax
OSDI(debug) n.xru135.nr1: WARNING: V(i1,c) voltage is greater than specified by vmax
OSDI(debug) n.xru135.nr1: WARNING: V(i2,c) voltage is greater than specified by vmax
OSDI(debug) n.xru134.nr1: WARNING: V(i1,c) voltage is greater than specified by vmax
OSDI(debug) n.xru134.nr1: WARNING: V(i2,c) voltage is greater than specified by vmax
OSDI(debug) n.xru133.nr1: WARNING: V(i1,c) voltage is greater than specified by vmax
OSDI(debug) n.xru133.nr1: WARNING: V(i2,c) voltage is greater than specified by vmax
OSDI(debug) n.xru132.nr1: WARNING: V(i1,c) voltage is greater than specified by vmax
OSDI(debug) n.xru132.nr1: WARNING: V(i2,c) voltage is greater than specified by vmax
OSDI(debug) n.xru131.nr1: WARNING: V(i1,c) voltage is greater than specified by vmax
OSDI(debug) n.xru131.nr1: WARNING: V(i2,c) voltage is greater than specified by vmax
OSDI(debug) n.xru130.nr1: WARNING: V(i1,c) voltage is greater than specified by vmax
OSDI(debug) n.xru130.nr1: WARNING: V(i2,c) voltage is greater than specified by vmax
OSDI(debug) n.xru129.nr1: WARNING: V(i1,c) voltage is greater than specified by vmax
OSDI(debug) n.xru129.nr1: WARNING: V(i2,c) voltage is greater than specified by vmax
OSDI(debug) n.xru128.nr1: WARNING: V(i1,c) voltage is greater than specified by vmax
OSDI(debug) n.xru128.nr1: WARNING: V(i2,c) voltage is greater than specified by vmax
OSDI(debug) n.xru127.nr1: WARNING: V(i1,c) voltage is greater than specified by vmax
OSDI(debug) n.xru127.nr1: WARNING: V(i2,c) voltage is greater than specified by vmax
OSDI(debug) n.xru126.nr1: WARNING: V(i1,c) voltage is greater than specified by vmax
OSDI(debug) n.xru126.nr1: WARNING: V(i2,c) voltage is greater than specified by vmax
OSDI(debug) n.xru125.nr1: WARNING: V(i1,c) voltage is greater than specified by vmax
OSDI(debug) n.xru125.nr1: WARNING: V(i2,c) voltage is greater than specified by vmax
OSDI(debug) n.xru124.nr1: WARNING: V(i1,c) voltage is greater than specified by vmax
OSDI(debug) n.xru124.nr1: WARNING: V(i2,c) voltage is greater than specified by vmax
OSDI(debug) n.xru123.nr1: WARNING: V(i1,c) voltage is greater than specified by vmax
OSDI(debug) n.xru123.nr1: WARNING: V(i2,c) voltage is greater than specified by vmax
OSDI(debug) n.xru122.nr1: WARNING: V(i1,c) voltage is greater than specified by vmax
OSDI(debug) n.xru122.nr1: WARNING: V(i2,c) voltage is greater than specified by vmax
OSDI(debug) n.xru121.nr1: WARNING: V(i1,c) voltage is greater than specified by vmax
OSDI(debug) n.xru121.nr1: WARNING: V(i2,c) voltage is greater than specified by vmax
OSDI(debug) n.xru120.nr1: WARNING: V(i1,c) voltage is greater than specified by vmax
OSDI(debug) n.xru120.nr1: WARNING: V(i2,c) voltage is greater than specified by vmax
OSDI(debug) n.xru119.nr1: WARNING: V(i1,c) voltage is greater than specified by vmax
OSDI(debug) n.xru119.nr1: WARNING: V(i2,c) voltage is greater than specified by vmax
OSDI(debug) n.xru118.nr1: WARNING: V(i1,c) voltage is greater than specified by vmax
OSDI(debug) n.xru118.nr1: WARNING: V(i2,c) voltage is greater than specified by vmax
OSDI(debug) n.xru252.nr1: WARNING: V(i1,c) voltage is greater than specified by vmax
OSDI(debug) n.xru252.nr1: WARNING: V(i2,c) voltage is greater than specified by vmax
OSDI(debug) n.xru116.nr1: WARNING: V(i1,c) voltage is greater than specified by vmax
OSDI(debug) n.xru116.nr1: WARNING: V(i2,c) voltage is greater than specified by vmax
OSDI(debug) n.xru115.nr1: WARNING: V(i1,c) voltage is greater than specified by vmax
OSDI(debug) n.xru115.nr1: WARNING: V(i2,c) voltage is greater than specified by vmax
OSDI(debug) n.xru114.nr1: WARNING: V(i1,c) voltage is greater than specified by vmax
OSDI(debug) n.xru114.nr1: WARNING: V(i2,c) voltage is greater than specified by vmax
OSDI(debug) n.xru113.nr1: WARNING: V(i1,c) voltage is greater than specified by vmax
OSDI(debug) n.xru113.nr1: WARNING: V(i2,c) voltage is greater than specified by vmax
OSDI(debug) n.xru112.nr1: WARNING: V(i1,c) voltage is greater than specified by vmax
OSDI(debug) n.xru112.nr1: WARNING: V(i2,c) voltage is greater than specified by vmax
OSDI(debug) n.xru111.nr1: WARNING: V(i1,c) voltage is greater than specified by vmax
OSDI(debug) n.xru111.nr1: WARNING: V(i2,c) voltage is greater than specified by vmax
OSDI(debug) n.xru110.nr1: WARNING: V(i1,c) voltage is greater than specified by vmax
OSDI(debug) n.xru110.nr1: WARNING: V(i2,c) voltage is greater than specified by vmax
OSDI(debug) n.xru109.nr1: WARNING: V(i1,c) voltage is greater than specified by vmax
OSDI(debug) n.xru109.nr1: WARNING: V(i2,c) voltage is greater than specified by vmax
OSDI(debug) n.xru108.nr1: WARNING: V(i1,c) voltage is greater than specified by vmax
OSDI(debug) n.xru108.nr1: WARNING: V(i2,c) voltage is greater than specified by vmax
OSDI(debug) n.xru107.nr1: WARNING: V(i1,c) voltage is greater than specified by vmax
OSDI(debug) n.xru107.nr1: WARNING: V(i2,c) voltage is greater than specified by vmax
OSDI(debug) n.xru106.nr1: WARNING: V(i1,c) voltage is greater than specified by vmax
OSDI(debug) n.xru106.nr1: WARNING: V(i2,c) voltage is greater than specified by vmax
OSDI(debug) n.xru105.nr1: WARNING: V(i1,c) voltage is greater than specified by vmax
OSDI(debug) n.xru105.nr1: WARNING: V(i2,c) voltage is greater than specified by vmax
OSDI(debug) n.xru104.nr1: WARNING: V(i1,c) voltage is greater than specified by vmax
OSDI(debug) n.xru104.nr1: WARNING: V(i2,c) voltage is greater than specified by vmax
OSDI(debug) n.xru103.nr1: WARNING: V(i1,c) voltage is greater than specified by vmax
OSDI(debug) n.xru103.nr1: WARNING: V(i2,c) voltage is greater than specified by vmax
OSDI(debug) n.xru102.nr1: WARNING: V(i1,c) voltage is greater than specified by vmax
OSDI(debug) n.xru102.nr1: WARNING: V(i2,c) voltage is greater than specified by vmax
OSDI(debug) n.xru101.nr1: WARNING: V(i1,c) voltage is greater than specified by vmax
OSDI(debug) n.xru101.nr1: WARNING: V(i2,c) voltage is greater than specified by vmax
OSDI(debug) n.xru100.nr1: WARNING: V(i1,c) voltage is greater than specified by vmax
OSDI(debug) n.xru100.nr1: WARNING: V(i2,c) voltage is greater than specified by vmax
OSDI(debug) n.xru99.nr1: WARNING: V(i1,c) voltage is greater than specified by vmax
OSDI(debug) n.xru99.nr1: WARNING: V(i2,c) voltage is greater than specified by vmax
OSDI(debug) n.xru98.nr1: WARNING: V(i1,c) voltage is greater than specified by vmax
OSDI(debug) n.xru98.nr1: WARNING: V(i2,c) voltage is greater than specified by vmax
OSDI(debug) n.xru97.nr1: WARNING: V(i1,c) voltage is greater than specified by vmax
OSDI(debug) n.xru97.nr1: OSDI(debug) n.xru250.nr1: OSDI(debug) n.xru249.nr1: WARNING: V(i1,c) voltage is greater than specified by vmax
OSDI(debug) n.xru250.nr1: WARNING: V(i2,c) voltage is greater than specified by vmax
OSDI(debug) n.xru96.nr1: WARNING: V(i1,c) voltage is greater than specified by vmax
OSDI(debug) n.xru96.nr1: WARNING: V(i2,c) voltage is greater than specified by vmax
OSDI(debug) n.xru95.nr1: WARNING: V(i1,c) voltage is greater than specified by vmax
OSDI(debug) n.xru95.nr1: WARNING: V(i2,c) voltage is greater than specified by vmax
OSDI(debug) n.xru94.nr1: WARNING: V(i1,c) voltage is greater than specified by vmax
OSDI(debug) n.xru94.nr1: WARNING: V(i2,c) voltage is greater than specified by vmax
OSDI(debug) n.xru93.nr1: WARNING: V(i1,c) voltage is greater than specified by vmax
OSDI(debug) n.xru93.nr1: WARNING: V(i2,c) voltage is greater than specified by vmax
OSDI(debug) n.xru92.nr1: WARNING: V(i1,c) voltage is greater than specified by vmax
OSDI(debug) n.xru92.nr1: WARNING: V(i2,c) voltage is greater than specified by vmax
OSDI(debug) n.xru91.nr1: WARNING: V(i1,c) voltage is greater than specified by vmax
WARNING: V(i2,c) voltage is greater than specified by vmax
OSDI(debug) n.xru90.nr1: WARNING: V(i1,c) voltage is greater than specified by vmax
OSDI(debug) n.xru117.nr1: WARNING: V(i1,c) voltage is greater than specified by vmax
OSDI(debug) n.xru117.nr1: WARNING: V(i2,c) voltage is greater than specified by vmax
OSDI(debug) n.xru89.nr1: WARNING: V(i1,c) voltage is greater than specified by vmax
OSDI(debug) n.xru89.nr1: WARNING: V(i2,c) voltage is greater than specified by vmax
OSDI(debug) n.xru88.nr1: WARNING: V(i1,c) voltage is greater than specified by vmax
OSDI(debug) n.xru88.nr1: WARNING: V(i2,c) voltage is greater than specified by vmax
OSDI(debug) n.xru87.nr1: WARNING: V(i1,c) voltage is greater than specified by vmax
OSDI(debug) n.xru87.nr1: WARNING: V(i2,c) voltage is greater than specified by vmax
OSDI(debug) n.xru91.nr1: WARNING: V(i2,c) voltage is greater than specified by vmax
WARNING: V(i1,c) voltage is greater than specified by vmax
OSDI(debug) n.xru242.nr1: WARNING: V(i2,c) voltage is greater than specified by vmax
OSDI(debug) n.xru86.nr1: WARNING: V(i1,c) voltage is greater than specified by vmax
OSDI(debug) n.xru86.nr1: WARNING: V(i2,c) voltage is greater than specified by vmax
OSDI(debug) n.xru84.nr1: OSDI(debug) n.xru83.nr1: WARNING: V(i1,c) voltage is greater than specified by vmax
OSDI(debug) n.xru83.nr1: WARNING: V(i2,c) voltage is greater than specified by vmax
OSDI(debug) n.xru82.nr1: WARNING: V(i1,c) voltage is greater than specified by vmax
OSDI(debug) n.xru82.nr1: WARNING: V(i2,c) voltage is greater than specified by vmax
WARNING: V(i1,c) voltage is greater than specified by vmax
OSDI(debug) n.xru84.nr1: WARNING: V(i2,c) voltage is greater than specified by vmax
OSDI(debug) n.xru80.nr1: WARNING: V(i1,c) voltage is greater than specified by vmax
OSDI(debug) n.xru80.nr1: WARNING: V(i2,c) voltage is greater than specified by vmax
OSDI(debug) n.xru79.nr1: WARNING: V(i1,c) voltage is greater than specified by vmax
OSDI(debug) n.xru81.nr1: OSDI(debug) n.xru79.nr1: WARNING: V(i1,c) voltage is greater than specified by vmax
OSDI(debug) n.xru81.nr1: WARNING: V(i2,c) voltage is greater than specified by vmax
OSDI(debug) n.xru78.nr1: WARNING: V(i1,c) voltage is greater than specified by vmax
OSDI(debug) n.xru78.nr1: WARNING: V(i2,c) voltage is greater than specified by vmax
OSDI(debug) n.xru77.nr1: WARNING: V(i1,c) voltage is greater than specified by vmax
OSDI(debug) n.xru77.nr1: WARNING: V(i2,c) voltage is greater than specified by vmax
OSDI(debug) n.xru76.nr1: WARNING: V(i1,c) voltage is greater than specified by vmax
OSDI(debug) n.xru76.nr1: WARNING: V(i2,c) voltage is greater than specified by vmax
OSDI(debug) n.xru75.nr1: WARNING: V(i1,c) voltage is greater than specified by vmax
OSDI(debug) n.xru75.nr1: WARNING: V(i2,c) voltage is greater than specified by vmax
OSDI(debug) n.xru74.nr1: WARNING: V(i1,c) voltage is greater than specified by vmax
OSDI(debug) n.xru74.nr1: WARNING: V(i2,c) voltage is greater than specified by vmax
OSDI(debug) n.xru73.nr1: WARNING: V(i1,c) voltage is greater than specified by vmax
OSDI(debug) n.xru73.nr1: WARNING: V(i2,c) voltage is greater than specified by vmax
OSDI(debug) n.xru72.nr1: WARNING: V(i1,c) voltage is greater than specified by vmax
OSDI(debug) n.xru72.nr1: WARNING: V(i2,c) voltage is greater than specified by vmax
OSDI(debug) n.xru71.nr1: WARNING: V(i1,c) voltage is greater than specified by vmax
OSDI(debug) n.xru71.nr1: WARNING: V(i2,c) voltage is greater than specified by vmax
OSDI(debug) n.xru70.nr1: WARNING: V(i1,c) voltage is greater than specified by vmax
OSDI(debug) n.xru70.nr1: WARNING: V(i2,c) voltage is greater than specified by vmax
WARNING: V(i2,c) voltage is greater than specified by vmax
OSDI(debug) n.xru234.nr1: WARNING: V(i1,c) voltage is greater than specified by vmax
OSDI(debug) n.xru69.nr1: OSDI(debug) n.xru234.nr1: WARNING: V(i2,c) voltage is greater than specified by vmax
OSDI(debug) n.xru68.nr1: WARNING: V(i1,c) voltage is greater than specified by vmax
OSDI(debug) n.xru68.nr1: WARNING: V(i2,c) voltage is greater than specified by vmax
OSDI(debug) n.xru240.nr1: WARNING: V(i1,c) voltage is greater than specified by vmax
OSDI(debug) n.xru240.nr1: WARNING: V(i2,c) voltage is greater than specified by vmax
WARNING: V(i1,c) voltage is greater than specified by vmax
OSDI(debug) n.xru69.nr1: WARNING: V(i2,c) voltage is greater than specified by vmax
OSDI(debug) n.xru64.nr1: WARNING: V(i1,c) voltage is greater than specified by vmax
OSDI(debug) n.xru64.nr1: WARNING: V(i2,c) voltage is greater than specified by vmax
OSDI(debug) n.xru63.nr1: WARNING: V(i1,c) voltage is greater than specified by vmax
OSDI(debug) n.xru63.nr1: WARNING: V(i2,c) voltage is greater than specified by vmax
OSDI(debug) n.xru62.nr1: WARNING: V(i1,c) voltage is greater than specified by vmax
OSDI(debug) n.xru62.nr1: WARNING: V(i2,c) voltage is greater than specified by vmax
OSDI(debug) n.xru61.nr1: WARNING: V(i1,c) voltage is greater than specified by vmax
OSDI(debug) n.xru61.nr1: WARNING: V(i2,c) voltage is greater than specified by vmax
OSDI(debug) n.xru60.nr1: WARNING: V(i1,c) voltage is greater than specified by vmax
OSDI(debug) n.xru60.nr1: WARNING: V(i2,c) voltage is greater than specified by vmax
OSDI(debug) n.xru59.nr1: WARNING: V(i1,c) voltage is greater than specified by vmax
OSDI(debug) n.xru59.nr1: WARNING: V(i2,c) voltage is greater than specified by vmax
OSDI(debug) n.xru58.nr1: WARNING: V(i1,c) voltage is greater than specified by vmax
OSDI(debug) n.xru58.nr1: WARNING: V(i2,c) voltage is greater than specified by vmax
OSDI(debug) n.xru57.nr1: WARNING: V(i1,c) voltage is greater than specified by vmax
OSDI(debug) n.xru57.nr1: WARNING: V(i2,c) voltage is greater than specified by vmax
OSDI(debug) n.xru56.nr1: WARNING: V(i1,c) voltage is greater than specified by vmax
OSDI(debug) n.xru56.nr1: WARNING: V(i2,c) voltage is greater than specified by vmax
OSDI(debug) n.xru55.nr1: WARNING: V(i1,c) voltage is greater than specified by vmax
OSDI(debug) n.xru55.nr1: WARNING: V(i2,c) voltage is greater than specified by vmax
OSDI(debug) n.xru54.nr1: WARNING: V(i1,c) voltage is greater than specified by vmax
OSDI(debug) n.xru54.nr1: WARNING: V(i2,c) voltage is greater than specified by vmax
OSDI(debug) n.xru53.nr1: WARNING: V(i1,c) voltage is greater than specified by vmax
OSDI(debug) n.xru53.nr1: WARNING: V(i2,c) voltage is greater than specified by vmax
OSDI(debug) n.xru52.nr1: WARNING: V(i1,c) voltage is greater than specified by vmax
OSDI(debug) n.xru52.nr1: WARNING: V(i2,c) voltage is greater than specified by vmax
OSDI(debug) n.xru51.nr1: WARNING: V(i1,c) voltage is greater than specified by vmax
OSDI(debug) n.xru51.nr1: WARNING: V(i2,c) voltage is greater than specified by vmax
OSDI(debug) n.xru50.nr1: WARNING: V(i1,c) voltage is greater than specified by vmax
OSDI(debug) n.xru50.nr1: WARNING: V(i2,c) voltage is greater than specified by vmax
OSDI(debug) n.xru49.nr1: WARNING: V(i1,c) voltage is greater than specified by vmax
OSDI(debug) n.xru49.nr1: WARNING: V(i2,c) voltage is greater than specified by vmax
OSDI(debug) n.xru48.nr1: WARNING: V(i1,c) voltage is greater than specified by vmax
OSDI(debug) n.xru48.nr1: WARNING: V(i2,c) voltage is greater than specified by vmax
OSDI(debug) n.xru47.nr1: WARNING: V(i1,c) voltage is greater than specified by vmax
OSDI(debug) n.xru47.nr1: WARNING: V(i2,c) voltage is greater than specified by vmax
OSDI(debug) n.xru46.nr1: WARNING: V(i1,c) voltage is greater than specified by vmax
OSDI(debug) n.xru46.nr1: WARNING: V(i2,c) voltage is greater than specified by vmax
OSDI(debug) n.xru45.nr1: WARNING: V(i1,c) voltage is greater than specified by vmax
OSDI(debug) n.xru45.nr1: WARNING: V(i2,c) voltage is greater than specified by vmax
OSDI(debug) n.xru44.nr1: WARNING: V(i1,c) voltage is greater than specified by vmax
OSDI(debug) n.xru44.nr1: WARNING: V(i2,c) voltage is greater than specified by vmax
OSDI(debug) n.xru43.nr1: WARNING: V(i1,c) voltage is greater than specified by vmax
OSDI(debug) n.xru43.nr1: WARNING: V(i2,c) voltage is greater than specified by vmax
OSDI(debug) n.xru42.nr1: WARNING: V(i1,c) voltage is greater than specified by vmax
OSDI(debug) n.xru42.nr1: WARNING: V(i2,c) voltage is greater than specified by vmax
OSDI(debug) n.xru41.nr1: WARNING: V(i1,c) voltage is greater than specified by vmax
OSDI(debug) n.xru41.nr1: WARNING: V(i2,c) voltage is greater than specified by vmax
OSDI(debug) n.xru40.nr1: WARNING: V(i1,c) voltage is greater than specified by vmax
OSDI(debug) n.xru40.nr1: WARNING: V(i2,c) voltage is greater than specified by vmax
OSDI(debug) n.xru39.nr1: WARNING: V(i1,c) voltage is greater than specified by vmax
OSDI(debug) n.xru39.nr1: WARNING: V(i2,c) voltage is greater than specified by vmax
OSDI(debug) n.xru38.nr1: WARNING: V(i1,c) voltage is greater than specified by vmax
OSDI(debug) n.xru38.nr1: WARNING: V(i2,c) voltage is greater than specified by vmax
OSDI(debug) n.xru37.nr1: WARNING: V(i1,c) voltage is greater than specified by vmax
OSDI(debug) n.xru37.nr1: WARNING: V(i2,c) voltage is greater than specified by vmax
OSDI(debug) n.xru36.nr1: WARNING: V(i1,c) voltage is greater than specified by vmax
OSDI(debug) n.xru36.nr1: WARNING: V(i2,c) voltage is greater than specified by vmax
OSDI(debug) n.xru35.nr1: WARNING: V(i1,c) voltage is greater than specified by vmax
OSDI(debug) n.xru35.nr1: WARNING: V(i2,c) voltage is greater than specified by vmax
OSDI(debug) n.xru34.nr1: WARNING: V(i1,c) voltage is greater than specified by vmax
OSDI(debug) n.xru34.nr1: WARNING: V(i2,c) voltage is greater than specified by vmax
OSDI(debug) n.xru33.nr1: WARNING: V(i1,c) voltage is greater than specified by vmax
OSDI(debug) n.xru33.nr1: WARNING: V(i2,c) voltage is greater than specified by vmax
OSDI(debug) n.xru32.nr1: WARNING: V(i1,c) voltage is greater than specified by vmax
OSDI(debug) n.xru32.nr1: WARNING: V(i2,c) voltage is greater than specified by vmax
OSDI(debug) n.xru31.nr1: WARNING: V(i1,c) voltage is greater than specified by vmax
OSDI(debug) n.xru31.nr1: WARNING: V(i2,c) voltage is greater than specified by vmax
OSDI(debug) n.xru30.nr1: WARNING: V(i1,c) voltage is greater than specified by vmax
OSDI(debug) n.xru30.nr1: WARNING: V(i2,c) voltage is greater than specified by vmax
OSDI(debug) n.xru29.nr1: WARNING: V(i1,c) voltage is greater than specified by vmax
OSDI(debug) n.xru29.nr1: WARNING: V(i2,c) voltage is greater than specified by vmax
OSDI(debug) n.xru28.nr1: WARNING: V(i1,c) voltage is greater than specified by vmax
OSDI(debug) n.xru28.nr1: WARNING: V(i2,c) voltage is greater than specified by vmax
OSDI(debug) n.xru27.nr1: WARNING: V(i1,c) voltage is greater than specified by vmax
OSDI(debug) n.xru27.nr1: WARNING: V(i2,c) voltage is greater than specified by vmax
OSDI(debug) n.xru26.nr1: WARNING: V(i1,c) voltage is greater than specified by vmax
OSDI(debug) n.xru26.nr1: WARNING: V(i2,c) voltage is greater than specified by vmax
OSDI(debug) n.xru25.nr1: WARNING: V(i1,c) voltage is greater than specified by vmax
OSDI(debug) n.xru25.nr1: WARNING: V(i2,c) voltage is greater than specified by vmax
OSDI(debug) n.xru24.nr1: WARNING: V(i1,c) voltage is greater than specified by vmax
OSDI(debug) n.xru24.nr1: WARNING: V(i2,c) voltage is greater than specified by vmax
OSDI(debug) n.xru23.nr1: WARNING: V(i1,c) voltage is greater than specified by vmax
OSDI(debug) n.xru23.nr1: WARNING: V(i2,c) voltage is greater than specified by vmax
OSDI(debug) n.xru22.nr1: WARNING: V(i1,c) voltage is greater than specified by vmax
OSDI(debug) n.xru22.nr1: WARNING: V(i2,c) voltage is greater than specified by vmax
OSDI(debug) n.xru21.nr1: WARNING: V(i1,c) voltage is greater than specified by vmax
OSDI(debug) n.xru21.nr1: WARNING: V(i2,c) voltage is greater than specified by vmax
OSDI(debug) n.xru20.nr1: WARNING: V(i1,c) voltage is greater than specified by vmax
OSDI(debug) n.xru20.nr1: WARNING: V(i2,c) voltage is greater than specified by vmax
OSDI(debug) n.xru19.nr1: WARNING: V(i1,c) voltage is greater than specified by vmax
OSDI(debug) n.xru19.nr1: WARNING: V(i2,c) voltage is greater than specified by vmax
OSDI(debug) n.xru18.nr1: WARNING: V(i1,c) voltage is greater than specified by vmax
OSDI(debug) n.xru18.nr1: WARNING: V(i2,c) voltage is greater than specified by vmax
OSDI(debug) n.xru17.nr1: WARNING: V(i1,c) voltage is greater than specified by vmax
OSDI(debug) n.xru17.nr1: WARNING: V(i2,c) voltage is greater than specified by vmax
OSDI(debug) n.xru16.nr1: WARNING: V(i1,c) voltage is greater than specified by vmax
OSDI(debug) n.xru16.nr1: WARNING: V(i2,c) voltage is greater than specified by vmax
OSDI(debug) n.xru15.nr1: WARNING: V(i1,c) voltage is greater than specified by vmax
OSDI(debug) n.xru15.nr1: WARNING: V(i2,c) voltage is greater than specified by vmax
OSDI(debug) n.xru14.nr1: WARNING: V(i1,c) voltage is greater than specified by vmax
OSDI(debug) n.xru14.nr1: WARNING: V(i2,c) voltage is greater than specified by vmax
OSDI(debug) n.xru13.nr1: WARNING: V(i1,c) voltage is greater than specified by vmax
OSDI(debug) n.xru13.nr1: WARNING: V(i2,c) voltage is greater than specified by vmax
OSDI(debug) n.xru12.nr1: WARNING: V(i1,c) voltage is greater than specified by vmax
OSDI(debug) n.xru12.nr1: WARNING: V(i2,c) voltage is greater than specified by vmax
OSDI(debug) n.xru253.nr1: WARNING: V(i1,c) voltage is greater than specified by vmax
OSDI(debug) n.xru253.nr1: WARNING: V(i2,c) voltage is greater than specified by vmax
OSDI(debug) n.xru11.nr1: OSDI(debug) n.xru10.nr1: WARNING: V(i1,c) voltage is greater than specified by vmax
OSDI(debug) n.xru10.nr1: WARNING: V(i2,c) voltage is greater than specified by vmax
OSDI(debug) n.xru9.nr1: WARNING: V(i1,c) voltage is greater than specified by vmax
OSDI(debug) n.xru9.nr1: WARNING: V(i2,c) voltage is greater than specified by vmax
WARNING: V(i1,c) voltage is greater than specified by vmax
OSDI(debug) n.xru11.nr1: WARNING: V(i2,c) voltage is greater than specified by vmax
OSDI(debug) n.xru7.nr1: WARNING: V(i1,c) voltage is greater than specified by vmax
OSDI(debug) n.xru7.nr1: WARNING: V(i2,c) voltage is greater than specified by vmax
OSDI(debug) n.xru6.nr1: WARNING: V(i1,c) voltage is greater than specified by vmax
OSDI(debug) n.xru6.nr1: WARNING: V(i2,c) voltage is greater than specified by vmax
OSDI(debug) n.xru5.nr1: WARNING: V(i1,c) voltage is greater than specified by vmax
OSDI(debug) n.xru5.nr1: WARNING: V(i2,c) voltage is greater than specified by vmax
OSDI(debug) n.xru4.nr1: OSDI(debug) n.xru66.nr1: WARNING: V(i1,c) voltage is greater than specified by vmax
OSDI(debug) n.xru66.nr1: WARNING: V(i2,c) voltage is greater than specified by vmax
OSDI(debug) n.xru3.nr1: WARNING: V(i1,c) voltage is greater than specified by vmax
WARNING: V(i1,c) voltage is greater than specified by vmax
OSDI(debug) n.xru4.nr1: WARNING: V(i2,c) voltage is greater than specified by vmax
OSDI(debug) n.xru3.nr1: OSDI(debug) n.xru2.nr1: WARNING: V(i1,c) voltage is greater than specified by vmax
OSDI(debug) n.xru249.nr1: WARNING: V(i2,c) voltage is greater than specified by vmax
OSDI(debug) n.xru1.nr1: WARNING: V(i1,c) voltage is greater than specified by vmax
OSDI(debug) n.xru1.nr1: WARNING: V(i2,c) voltage is greater than specified by vmax
OSDI(debug) n.xr1.nr1: WARNING: V(i1,c) voltage is greater than specified by vmax
OSDI(debug) n.xr1.nr1: WARNING: V(i2,c) voltage is greater than specified by vmax
OSDI(debug) n.xru8.nr1: WARNING: V(i1,c) voltage is greater than specified by vmax
OSDI(debug) n.xru8.nr1: WARNING: V(i2,c) voltage is greater than specified by vmax
WARNING: V(i1,c) voltage is greater than specified by vmax
OSDI(debug) n.xru2.nr1: WARNING: V(i2,c) voltage is greater than specified by vmax
WARNING: V(i2,c) voltage is greater than specified by vmax
OSDI(debug) n.xru90.nr1: WARNING: V(i2,c) voltage is greater than specified by vmax
OSDI(debug) n.xru85.nr1: WARNING: V(i1,c) voltage is greater than specified by vmax
OSDI(debug) n.xru85.nr1: WARNING: V(i2,c) voltage is greater than specified by vmax
OSDI(debug) n.xru65.nr1: WARNING: V(i1,c) voltage is greater than specified by vmax
OSDI(debug) n.xru65.nr1: WARNING: V(i2,c) voltage is greater than specified by vmax
OSDI(debug) n.xru67.nr1: WARNING: V(i1,c) voltage is greater than specified by vmax
OSDI(debug) n.xru67.nr1: WARNING: V(i2,c) voltage is greater than specified by vmax
OSDI(debug) n.xru255.nr1: WARNING: V(i1,c) voltage is greater than specified by vmax
OSDI(debug) n.xru255.nr1: OSDI(debug) n.xru253.nr1: OSDI(debug) n.xru252.nr1: WARNING: V(i1,c) voltage is greater than specified by vmax
WARNING: V(i1,c) voltage is greater than specified by vmax
OSDI(debug) n.xru253.nr1: OSDI(debug) n.xru249.nr1: WARNING: V(i2,c) voltage is greater than specified by vmax
OSDI(debug) n.xru252.nr1: OSDI(debug) n.xru250.nr1: OSDI(debug) n.xru254.nr1: OSDI(debug) n.xru251.nr1: WARNING: V(i1,c) voltage is greater than specified by vmax
WARNING: V(i1,c) voltage is greater than specified by vmax
WARNING: V(i2,c) voltage is greater than specified by vmax
WARNING: V(i2,c) voltage is greater than specified by vmax
OSDI(debug) n.xru247.nr1: WARNING: V(i1,c) voltage is greater than specified by vmax
WARNING: V(i1,c) voltage is greater than specified by vmax
OSDI(debug) n.xru254.nr1: WARNING: V(i1,c) voltage is greater than specified by vmax
OSDI(debug) n.xru248.nr1: OSDI(debug) n.xru250.nr1: WARNING: V(i1,c) voltage is greater than specified by vmax
OSDI(debug) n.xru248.nr1: WARNING: V(i2,c) voltage is greater than specified by vmax
OSDI(debug) n.xru245.nr1: WARNING: V(i1,c) voltage is greater than specified by vmax
OSDI(debug) n.xru245.nr1: WARNING: V(i2,c) voltage is greater than specified by vmax
OSDI(debug) n.xru244.nr1: WARNING: V(i1,c) voltage is greater than specified by vmax
OSDI(debug) n.xru244.nr1: WARNING: V(i2,c) voltage is greater than specified by vmax
OSDI(debug) n.xru243.nr1: WARNING: V(i1,c) voltage is greater than specified by vmax
OSDI(debug) n.xru243.nr1: WARNING: V(i2,c) voltage is greater than specified by vmax
OSDI(debug) n.xru241.nr1: WARNING: V(i1,c) voltage is greater than specified by vmax
OSDI(debug) n.xru241.nr1: WARNING: V(i2,c) voltage is greater than specified by vmax
OSDI(debug) n.xru240.nr1: WARNING: V(i1,c) voltage is greater than specified by vmax
OSDI(debug) n.xru240.nr1: WARNING: V(i2,c) voltage is greater than specified by vmax
OSDI(debug) n.xru239.nr1: WARNING: V(i1,c) voltage is greater than specified by vmax
OSDI(debug) n.xru239.nr1: WARNING: V(i2,c) voltage is greater than specified by vmax
OSDI(debug) n.xru238.nr1: WARNING: V(i1,c) voltage is greater than specified by vmax
OSDI(debug) n.xru238.nr1: WARNING: V(i2,c) voltage is greater than specified by vmax
OSDI(debug) n.xru237.nr1: WARNING: V(i1,c) voltage is greater than specified by vmax
OSDI(debug) n.xru237.nr1: WARNING: V(i2,c) voltage is greater than specified by vmax
OSDI(debug) n.xru236.nr1: WARNING: V(i1,c) voltage is greater than specified by vmax
OSDI(debug) n.xru236.nr1: WARNING: V(i2,c) voltage is greater than specified by vmax
OSDI(debug) n.xru235.nr1: WARNING: V(i1,c) voltage is greater than specified by vmax
OSDI(debug) n.xru235.nr1: WARNING: V(i2,c) voltage is greater than specified by vmax
OSDI(debug) n.xru234.nr1: WARNING: V(i1,c) voltage is greater than specified by vmax
OSDI(debug) n.xru234.nr1: WARNING: V(i2,c) voltage is greater than specified by vmax
OSDI(debug) n.xru233.nr1: WARNING: V(i1,c) voltage is greater than specified by vmax
OSDI(debug) n.xru233.nr1: WARNING: V(i2,c) voltage is greater than specified by vmax
OSDI(debug) n.xru232.nr1: WARNING: V(i1,c) voltage is greater than specified by vmax
OSDI(debug) n.xru232.nr1: WARNING: V(i2,c) voltage is greater than specified by vmax
OSDI(debug) n.xru231.nr1: WARNING: V(i1,c) voltage is greater than specified by vmax
OSDI(debug) n.xru231.nr1: WARNING: V(i2,c) voltage is greater than specified by vmax
OSDI(debug) n.xru230.nr1: WARNING: V(i1,c) voltage is greater than specified by vmax
OSDI(debug) n.xru230.nr1: WARNING: V(i2,c) voltage is greater than specified by vmax
OSDI(debug) n.xru229.nr1: WARNING: V(i1,c) voltage is greater than specified by vmax
OSDI(debug) n.xru229.nr1: WARNING: V(i2,c) voltage is greater than specified by vmax
OSDI(debug) n.xru228.nr1: WARNING: V(i1,c) voltage is greater than specified by vmax
OSDI(debug) n.xru228.nr1: WARNING: V(i2,c) voltage is greater than specified by vmax
OSDI(debug) n.xru227.nr1: WARNING: V(i1,c) voltage is greater than specified by vmax
OSDI(debug) n.xru227.nr1: WARNING: V(i2,c) voltage is greater than specified by vmax
OSDI(debug) n.xru226.nr1: WARNING: V(i1,c) voltage is greater than specified by vmax
OSDI(debug) n.xru226.nr1: WARNING: V(i2,c) voltage is greater than specified by vmax
OSDI(debug) n.xru225.nr1: WARNING: V(i1,c) voltage is greater than specified by vmax
OSDI(debug) n.xru225.nr1: WARNING: V(i2,c) voltage is greater than specified by vmax
OSDI(debug) n.xru224.nr1: WARNING: V(i1,c) voltage is greater than specified by vmax
OSDI(debug) n.xru224.nr1: WARNING: V(i2,c) voltage is greater than specified by vmax
OSDI(debug) n.xru223.nr1: WARNING: V(i1,c) voltage is greater than specified by vmax
OSDI(debug) n.xru223.nr1: WARNING: V(i2,c) voltage is greater than specified by vmax
OSDI(debug) n.xru222.nr1: WARNING: V(i1,c) voltage is greater than specified by vmax
OSDI(debug) n.xru222.nr1: WARNING: V(i2,c) voltage is greater than specified by vmax
OSDI(debug) n.xru221.nr1: WARNING: V(i1,c) voltage is greater than specified by vmax
OSDI(debug) n.xru221.nr1: WARNING: V(i2,c) voltage is greater than specified by vmax
OSDI(debug) n.xru220.nr1: WARNING: V(i1,c) voltage is greater than specified by vmax
OSDI(debug) n.xru220.nr1: WARNING: V(i2,c) voltage is greater than specified by vmax
OSDI(debug) n.xru219.nr1: WARNING: V(i1,c) voltage is greater than specified by vmax
OSDI(debug) n.xru219.nr1: WARNING: V(i2,c) voltage is greater than specified by vmax
OSDI(debug) n.xru218.nr1: WARNING: V(i1,c) voltage is greater than specified by vmax
OSDI(debug) n.xru218.nr1: WARNING: V(i2,c) voltage is greater than specified by vmax
OSDI(debug) n.xru217.nr1: WARNING: V(i1,c) voltage is greater than specified by vmax
OSDI(debug) n.xru217.nr1: WARNING: V(i2,c) voltage is greater than specified by vmax
OSDI(debug) n.xru216.nr1: WARNING: V(i1,c) voltage is greater than specified by vmax
OSDI(debug) n.xru216.nr1: WARNING: V(i2,c) voltage is greater than specified by vmax
OSDI(debug) n.xru215.nr1: WARNING: V(i1,c) voltage is greater than specified by vmax
OSDI(debug) n.xru215.nr1: WARNING: V(i2,c) voltage is greater than specified by vmax
OSDI(debug) n.xru214.nr1: WARNING: V(i1,c) voltage is greater than specified by vmax
OSDI(debug) n.xru214.nr1: WARNING: V(i2,c) voltage is greater than specified by vmax
OSDI(debug) n.xru213.nr1: WARNING: V(i1,c) voltage is greater than specified by vmax
OSDI(debug) n.xru213.nr1: WARNING: V(i2,c) voltage is greater than specified by vmax
OSDI(debug) n.xru212.nr1: WARNING: V(i1,c) voltage is greater than specified by vmax
OSDI(debug) n.xru212.nr1: WARNING: V(i2,c) voltage is greater than specified by vmax
OSDI(debug) n.xru211.nr1: WARNING: V(i1,c) voltage is greater than specified by vmax
OSDI(debug) n.xru211.nr1: WARNING: V(i2,c) voltage is greater than specified by vmax
OSDI(debug) n.xru210.nr1: WARNING: V(i1,c) voltage is greater than specified by vmax
OSDI(debug) n.xru210.nr1: WARNING: V(i2,c) voltage is greater than specified by vmax
OSDI(debug) n.xru209.nr1: WARNING: V(i1,c) voltage is greater than specified by vmax
OSDI(debug) n.xru209.nr1: WARNING: V(i2,c) voltage is greater than specified by vmax
OSDI(debug) n.xru208.nr1: WARNING: V(i1,c) voltage is greater than specified by vmax
OSDI(debug) n.xru208.nr1: WARNING: V(i2,c) voltage is greater than specified by vmax
OSDI(debug) n.xru207.nr1: WARNING: V(i1,c) voltage is greater than specified by vmax
OSDI(debug) n.xru207.nr1: WARNING: V(i2,c) voltage is greater than specified by vmax
OSDI(debug) n.xru206.nr1: WARNING: V(i1,c) voltage is greater than specified by vmax
OSDI(debug) n.xru206.nr1: WARNING: V(i2,c) voltage is greater than specified by vmax
OSDI(debug) n.xru205.nr1: WARNING: V(i1,c) voltage is greater than specified by vmax
OSDI(debug) n.xru205.nr1: WARNING: V(i2,c) voltage is greater than specified by vmax
OSDI(debug) n.xru204.nr1: WARNING: V(i1,c) voltage is greater than specified by vmax
OSDI(debug) n.xru204.nr1: WARNING: V(i2,c) voltage is greater than specified by vmax
OSDI(debug) n.xru203.nr1: WARNING: V(i1,c) voltage is greater than specified by vmax
OSDI(debug) n.xru203.nr1: WARNING: V(i2,c) voltage is greater than specified by vmax
OSDI(debug) n.xru202.nr1: WARNING: V(i1,c) voltage is greater than specified by vmax
OSDI(debug) n.xru202.nr1: WARNING: V(i2,c) voltage is greater than specified by vmax
OSDI(debug) n.xru201.nr1: WARNING: V(i1,c) voltage is greater than specified by vmax
OSDI(debug) n.xru201.nr1: WARNING: V(i2,c) voltage is greater than specified by vmax
OSDI(debug) n.xru200.nr1: WARNING: V(i1,c) voltage is greater than specified by vmax
OSDI(debug) n.xru200.nr1: WARNING: V(i2,c) voltage is greater than specified by vmax
OSDI(debug) n.xru199.nr1: WARNING: V(i1,c) voltage is greater than specified by vmax
OSDI(debug) n.xru199.nr1: WARNING: V(i2,c) voltage is greater than specified by vmax
OSDI(debug) n.xru198.nr1: WARNING: V(i1,c) voltage is greater than specified by vmax
OSDI(debug) n.xru198.nr1: WARNING: V(i2,c) voltage is greater than specified by vmax
OSDI(debug) n.xru197.nr1: WARNING: V(i1,c) voltage is greater than specified by vmax
OSDI(debug) n.xru197.nr1: WARNING: V(i2,c) voltage is greater than specified by vmax
OSDI(debug) n.xru196.nr1: WARNING: V(i1,c) voltage is greater than specified by vmax
OSDI(debug) n.xru196.nr1: WARNING: V(i2,c) voltage is greater than specified by vmax
OSDI(debug) n.xru195.nr1: WARNING: V(i1,c) voltage is greater than specified by vmax
OSDI(debug) n.xru195.nr1: WARNING: V(i2,c) voltage is greater than specified by vmax
OSDI(debug) n.xru194.nr1: WARNING: V(i1,c) voltage is greater than specified by vmax
OSDI(debug) n.xru194.nr1: WARNING: V(i2,c) voltage is greater than specified by vmax
OSDI(debug) n.xru193.nr1: WARNING: V(i1,c) voltage is greater than specified by vmax
OSDI(debug) n.xru193.nr1: WARNING: V(i2,c) voltage is greater than specified by vmax
OSDI(debug) n.xru192.nr1: WARNING: V(i1,c) voltage is greater than specified by vmax
OSDI(debug) n.xru192.nr1: WARNING: V(i2,c) voltage is greater than specified by vmax
OSDI(debug) n.xru191.nr1: WARNING: V(i1,c) voltage is greater than specified by vmax
OSDI(debug) n.xru191.nr1: WARNING: V(i2,c) voltage is greater than specified by vmax
OSDI(debug) n.xru190.nr1: WARNING: V(i1,c) voltage is greater than specified by vmax
OSDI(debug) n.xru190.nr1: WARNING: V(i2,c) voltage is greater than specified by vmax
OSDI(debug) n.xru189.nr1: WARNING: V(i1,c) voltage is greater than specified by vmax
OSDI(debug) n.xru189.nr1: WARNING: V(i2,c) voltage is greater than specified by vmax
OSDI(debug) n.xru188.nr1: WARNING: V(i1,c) voltage is greater than specified by vmax
OSDI(debug) n.xru188.nr1: WARNING: V(i2,c) voltage is greater than specified by vmax
OSDI(debug) n.xru187.nr1: WARNING: V(i1,c) voltage is greater than specified by vmax
OSDI(debug) n.xru187.nr1: WARNING: V(i2,c) voltage is greater than specified by vmax
OSDI(debug) n.xru186.nr1: WARNING: V(i1,c) voltage is greater than specified by vmax
OSDI(debug) n.xru186.nr1: WARNING: V(i2,c) voltage is greater than specified by vmax
OSDI(debug) n.xru185.nr1: WARNING: V(i1,c) voltage is greater than specified by vmax
OSDI(debug) n.xru185.nr1: WARNING: V(i2,c) voltage is greater than specified by vmax
OSDI(debug) n.xru184.nr1: WARNING: V(i1,c) voltage is greater than specified by vmax
OSDI(debug) n.xru184.nr1: WARNING: V(i2,c) voltage is greater than specified by vmax
OSDI(debug) n.xru183.nr1: WARNING: V(i1,c) voltage is greater than specified by vmax
OSDI(debug) n.xru183.nr1: WARNING: V(i2,c) voltage is greater than specified by vmax
OSDI(debug) n.xru182.nr1: WARNING: V(i1,c) voltage is greater than specified by vmax
OSDI(debug) n.xru182.nr1: WARNING: V(i2,c) voltage is greater than specified by vmax
OSDI(debug) n.xru181.nr1: WARNING: V(i1,c) voltage is greater than specified by vmax
OSDI(debug) n.xru181.nr1: WARNING: V(i2,c) voltage is greater than specified by vmax
OSDI(debug) n.xru180.nr1: WARNING: V(i1,c) voltage is greater than specified by vmax
OSDI(debug) n.xru180.nr1: WARNING: V(i2,c) voltage is greater than specified by vmax
OSDI(debug) n.xru179.nr1: WARNING: V(i1,c) voltage is greater than specified by vmax
OSDI(debug) n.xru179.nr1: WARNING: V(i2,c) voltage is greater than specified by vmax
OSDI(debug) n.xru178.nr1: WARNING: V(i1,c) voltage is greater than specified by vmax
OSDI(debug) n.xru178.nr1: WARNING: V(i2,c) voltage is greater than specified by vmax
OSDI(debug) n.xru177.nr1: WARNING: V(i1,c) voltage is greater than specified by vmax
OSDI(debug) n.xru177.nr1: WARNING: V(i2,c) voltage is greater than specified by vmax
OSDI(debug) n.xru176.nr1: WARNING: V(i1,c) voltage is greater than specified by vmax
OSDI(debug) n.xru176.nr1: WARNING: V(i2,c) voltage is greater than specified by vmax
OSDI(debug) n.xru175.nr1: WARNING: V(i1,c) voltage is greater than specified by vmax
OSDI(debug) n.xru175.nr1: WARNING: V(i2,c) voltage is greater than specified by vmax
OSDI(debug) n.xru174.nr1: WARNING: V(i1,c) voltage is greater than specified by vmax
OSDI(debug) n.xru174.nr1: WARNING: V(i2,c) voltage is greater than specified by vmax
OSDI(debug) n.xru173.nr1: WARNING: V(i1,c) voltage is greater than specified by vmax
OSDI(debug) n.xru173.nr1: WARNING: V(i2,c) voltage is greater than specified by vmax
OSDI(debug) n.xru172.nr1: WARNING: V(i1,c) voltage is greater than specified by vmax
OSDI(debug) n.xru172.nr1: WARNING: V(i2,c) voltage is greater than specified by vmax
OSDI(debug) n.xru171.nr1: WARNING: V(i1,c) voltage is greater than specified by vmax
OSDI(debug) n.xru171.nr1: WARNING: V(i2,c) voltage is greater than specified by vmax
OSDI(debug) n.xru170.nr1: WARNING: V(i1,c) voltage is greater than specified by vmax
OSDI(debug) n.xru170.nr1: WARNING: V(i2,c) voltage is greater than specified by vmax
OSDI(debug) n.xru169.nr1: WARNING: V(i1,c) voltage is greater than specified by vmax
OSDI(debug) n.xru169.nr1: WARNING: V(i2,c) voltage is greater than specified by vmax
OSDI(debug) n.xru168.nr1: WARNING: V(i1,c) voltage is greater than specified by vmax
OSDI(debug) n.xru168.nr1: WARNING: V(i2,c) voltage is greater than specified by vmax
OSDI(debug) n.xru167.nr1: WARNING: V(i1,c) voltage is greater than specified by vmax
OSDI(debug) n.xru167.nr1: WARNING: V(i2,c) voltage is greater than specified by vmax
OSDI(debug) n.xru166.nr1: WARNING: V(i1,c) voltage is greater than specified by vmax
OSDI(debug) n.xru166.nr1: WARNING: V(i2,c) voltage is greater than specified by vmax
OSDI(debug) n.xru165.nr1: WARNING: V(i1,c) voltage is greater than specified by vmax
OSDI(debug) n.xru165.nr1: WARNING: V(i2,c) voltage is greater than specified by vmax
OSDI(debug) n.xru164.nr1: WARNING: V(i1,c) voltage is greater than specified by vmax
OSDI(debug) n.xru164.nr1: WARNING: V(i2,c) voltage is greater than specified by vmax
OSDI(debug) n.xru163.nr1: WARNING: V(i1,c) voltage is greater than specified by vmax
OSDI(debug) n.xru163.nr1: WARNING: V(i2,c) voltage is greater than specified by vmax
OSDI(debug) n.xru162.nr1: WARNING: V(i1,c) voltage is greater than specified by vmax
OSDI(debug) n.xru162.nr1: WARNING: V(i2,c) voltage is greater than specified by vmax
OSDI(debug) n.xru161.nr1: WARNING: V(i1,c) voltage is greater than specified by vmax
OSDI(debug) n.xru161.nr1: WARNING: V(i2,c) voltage is greater than specified by vmax
OSDI(debug) n.xru160.nr1: WARNING: V(i1,c) voltage is greater than specified by vmax
OSDI(debug) n.xru160.nr1: WARNING: V(i2,c) voltage is greater than specified by vmax
OSDI(debug) n.xru159.nr1: WARNING: V(i1,c) voltage is greater than specified by vmax
OSDI(debug) n.xru159.nr1: WARNING: V(i2,c) voltage is greater than specified by vmax
OSDI(debug) n.xru158.nr1: WARNING: V(i1,c) voltage is greater than specified by vmax
OSDI(debug) n.xru158.nr1: WARNING: V(i2,c) voltage is greater than specified by vmax
OSDI(debug) n.xru157.nr1: WARNING: V(i1,c) voltage is greater than specified by vmax
OSDI(debug) n.xru157.nr1: WARNING: V(i2,c) voltage is greater than specified by vmax
OSDI(debug) n.xru156.nr1: WARNING: V(i1,c) voltage is greater than specified by vmax
OSDI(debug) n.xru156.nr1: WARNING: V(i2,c) voltage is greater than specified by vmax
OSDI(debug) n.xru155.nr1: WARNING: V(i1,c) voltage is greater than specified by vmax
OSDI(debug) n.xru155.nr1: WARNING: V(i2,c) voltage is greater than specified by vmax
OSDI(debug) n.xru154.nr1: WARNING: V(i1,c) voltage is greater than specified by vmax
OSDI(debug) n.xru154.nr1: WARNING: V(i2,c) voltage is greater than specified by vmax
OSDI(debug) n.xru153.nr1: WARNING: V(i1,c) voltage is greater than specified by vmax
OSDI(debug) n.xru153.nr1: WARNING: V(i2,c) voltage is greater than specified by vmax
OSDI(debug) n.xru152.nr1: WARNING: V(i1,c) voltage is greater than specified by vmax
OSDI(debug) n.xru152.nr1: WARNING: V(i2,c) voltage is greater than specified by vmax
OSDI(debug) n.xru151.nr1: WARNING: V(i1,c) voltage is greater than specified by vmax
OSDI(debug) n.xru151.nr1: WARNING: V(i2,c) voltage is greater than specified by vmax
OSDI(debug) n.xru150.nr1: WARNING: V(i1,c) voltage is greater than specified by vmax
OSDI(debug) n.xru150.nr1: WARNING: V(i2,c) voltage is greater than specified by vmax
OSDI(debug) n.xru149.nr1: WARNING: V(i1,c) voltage is greater than specified by vmax
OSDI(debug) n.xru149.nr1: WARNING: V(i2,c) voltage is greater than specified by vmax
OSDI(debug) n.xru148.nr1: WARNING: V(i1,c) voltage is greater than specified by vmax
OSDI(debug) n.xru148.nr1: WARNING: V(i2,c) voltage is greater than specified by vmax
OSDI(debug) n.xru147.nr1: WARNING: V(i1,c) voltage is greater than specified by vmax
OSDI(debug) n.xru147.nr1: WARNING: V(i2,c) voltage is greater than specified by vmax
OSDI(debug) n.xru146.nr1: WARNING: V(i1,c) voltage is greater than specified by vmax
OSDI(debug) n.xru146.nr1: WARNING: V(i2,c) voltage is greater than specified by vmax
OSDI(debug) n.xru145.nr1: WARNING: V(i1,c) voltage is greater than specified by vmax
OSDI(debug) n.xru145.nr1: WARNING: V(i2,c) voltage is greater than specified by vmax
OSDI(debug) n.xru144.nr1: WARNING: V(i1,c) voltage is greater than specified by vmax
OSDI(debug) n.xru144.nr1: WARNING: V(i2,c) voltage is greater than specified by vmax
OSDI(debug) n.xru143.nr1: WARNING: V(i1,c) voltage is greater than specified by vmax
OSDI(debug) n.xru143.nr1: WARNING: V(i2,c) voltage is greater than specified by vmax
OSDI(debug) n.xru142.nr1: WARNING: V(i1,c) voltage is greater than specified by vmax
OSDI(debug) n.xru142.nr1: WARNING: V(i2,c) voltage is greater than specified by vmax
OSDI(debug) n.xru141.nr1: WARNING: V(i1,c) voltage is greater than specified by vmax
OSDI(debug) n.xru141.nr1: WARNING: V(i2,c) voltage is greater than specified by vmax
OSDI(debug) n.xru140.nr1: WARNING: V(i1,c) voltage is greater than specified by vmax
OSDI(debug) n.xru140.nr1: WARNING: V(i2,c) voltage is greater than specified by vmax
OSDI(debug) n.xru139.nr1: WARNING: V(i1,c) voltage is greater than specified by vmax
OSDI(debug) n.xru139.nr1: WARNING: V(i2,c) voltage is greater than specified by vmax
OSDI(debug) n.xru138.nr1: WARNING: V(i1,c) voltage is greater than specified by vmax
OSDI(debug) n.xru138.nr1: WARNING: V(i2,c) voltage is greater than specified by vmax
OSDI(debug) n.xru137.nr1: WARNING: V(i1,c) voltage is greater than specified by vmax
OSDI(debug) n.xru137.nr1: WARNING: V(i2,c) voltage is greater than specified by vmax
OSDI(debug) n.xru136.nr1: WARNING: V(i1,c) voltage is greater than specified by vmax
OSDI(debug) n.xru136.nr1: WARNING: V(i2,c) voltage is greater than specified by vmax
OSDI(debug) n.xru135.nr1: WARNING: V(i1,c) voltage is greater than specified by vmax
OSDI(debug) n.xru135.nr1: WARNING: V(i2,c) voltage is greater than specified by vmax
OSDI(debug) n.xru134.nr1: WARNING: V(i1,c) voltage is greater than specified by vmax
OSDI(debug) n.xru134.nr1: WARNING: V(i2,c) voltage is greater than specified by vmax
OSDI(debug) n.xru133.nr1: WARNING: V(i1,c) voltage is greater than specified by vmax
OSDI(debug) n.xru133.nr1: WARNING: V(i2,c) voltage is greater than specified by vmax
OSDI(debug) n.xru132.nr1: WARNING: V(i1,c) voltage is greater than specified by vmax
OSDI(debug) n.xru132.nr1: WARNING: V(i2,c) voltage is greater than specified by vmax
OSDI(debug) n.xru131.nr1: WARNING: V(i1,c) voltage is greater than specified by vmax
OSDI(debug) n.xru131.nr1: WARNING: V(i2,c) voltage is greater than specified by vmax
OSDI(debug) n.xru130.nr1: WARNING: V(i1,c) voltage is greater than specified by vmax
OSDI(debug) n.xru130.nr1: WARNING: V(i2,c) voltage is greater than specified by vmax
OSDI(debug) n.xru129.nr1: WARNING: V(i1,c) voltage is greater than specified by vmax
OSDI(debug) n.xru129.nr1: WARNING: V(i2,c) voltage is greater than specified by vmax
OSDI(debug) n.xru128.nr1: WARNING: V(i1,c) voltage is greater than specified by vmax
OSDI(debug) n.xru128.nr1: WARNING: V(i2,c) voltage is greater than specified by vmax
OSDI(debug) n.xru127.nr1: WARNING: V(i1,c) voltage is greater than specified by vmax
OSDI(debug) n.xru127.nr1: WARNING: V(i2,c) voltage is greater than specified by vmax
OSDI(debug) n.xru126.nr1: WARNING: V(i1,c) voltage is greater than specified by vmax
OSDI(debug) n.xru126.nr1: WARNING: V(i2,c) voltage is greater than specified by vmax
OSDI(debug) n.xru125.nr1: WARNING: V(i1,c) voltage is greater than specified by vmax
OSDI(debug) n.xru125.nr1: WARNING: V(i2,c) voltage is greater than specified by vmax
OSDI(debug) n.xru124.nr1: WARNING: V(i1,c) voltage is greater than specified by vmax
OSDI(debug) n.xru124.nr1: WARNING: V(i2,c) voltage is greater than specified by vmax
OSDI(debug) n.xru123.nr1: WARNING: V(i1,c) voltage is greater than specified by vmax
OSDI(debug) n.xru123.nr1: WARNING: V(i2,c) voltage is greater than specified by vmax
OSDI(debug) n.xru122.nr1: WARNING: V(i1,c) voltage is greater than specified by vmax
OSDI(debug) n.xru122.nr1: WARNING: V(i2,c) voltage is greater than specified by vmax
OSDI(debug) n.xru121.nr1: WARNING: V(i1,c) voltage is greater than specified by vmax
OSDI(debug) n.xru121.nr1: WARNING: V(i2,c) voltage is greater than specified by vmax
OSDI(debug) n.xru120.nr1: WARNING: V(i1,c) voltage is greater than specified by vmax
OSDI(debug) n.xru120.nr1: WARNING: V(i2,c) voltage is greater than specified by vmax
OSDI(debug) n.xru119.nr1: WARNING: V(i1,c) voltage is greater than specified by vmax
OSDI(debug) n.xru119.nr1: WARNING: V(i2,c) voltage is greater than specified by vmax
OSDI(debug) n.xru118.nr1: WARNING: V(i1,c) voltage is greater than specified by vmax
OSDI(debug) n.xru118.nr1: WARNING: V(i2,c) voltage is greater than specified by vmax
OSDI(debug) n.xru117.nr1: WARNING: V(i1,c) voltage is greater than specified by vmax
OSDI(debug) n.xru117.nr1: WARNING: V(i2,c) voltage is greater than specified by vmax
OSDI(debug) n.xru116.nr1: WARNING: V(i1,c) voltage is greater than specified by vmax
OSDI(debug) n.xru116.nr1: WARNING: V(i2,c) voltage is greater than specified by vmax
OSDI(debug) n.xru115.nr1: WARNING: V(i1,c) voltage is greater than specified by vmax
OSDI(debug) n.xru115.nr1: WARNING: V(i2,c) voltage is greater than specified by vmax
OSDI(debug) n.xru114.nr1: WARNING: V(i1,c) voltage is greater than specified by vmax
OSDI(debug) n.xru114.nr1: WARNING: V(i2,c) voltage is greater than specified by vmax
OSDI(debug) n.xru113.nr1: WARNING: V(i1,c) voltage is greater than specified by vmax
OSDI(debug) n.xru113.nr1: WARNING: V(i2,c) voltage is greater than specified by vmax
OSDI(debug) n.xru112.nr1: WARNING: V(i1,c) voltage is greater than specified by vmax
OSDI(debug) n.xru112.nr1: WARNING: V(i2,c) voltage is greater than specified by vmax
OSDI(debug) n.xru111.nr1: WARNING: V(i1,c) voltage is greater than specified by vmax
OSDI(debug) n.xru111.nr1: WARNING: V(i2,c) voltage is greater than specified by vmax
OSDI(debug) n.xru110.nr1: WARNING: V(i1,c) voltage is greater than specified by vmax
OSDI(debug) n.xru110.nr1: WARNING: V(i2,c) voltage is greater than specified by vmax
OSDI(debug) n.xru109.nr1: WARNING: V(i1,c) voltage is greater than specified by vmax
OSDI(debug) n.xru109.nr1: WARNING: V(i2,c) voltage is greater than specified by vmax
OSDI(debug) n.xru108.nr1: WARNING: V(i1,c) voltage is greater than specified by vmax
OSDI(debug) n.xru108.nr1: WARNING: V(i2,c) voltage is greater than specified by vmax
OSDI(debug) n.xru107.nr1: WARNING: V(i1,c) voltage is greater than specified by vmax
OSDI(debug) n.xru107.nr1: WARNING: V(i2,c) voltage is greater than specified by vmax
OSDI(debug) n.xru106.nr1: WARNING: V(i1,c) voltage is greater than specified by vmax
OSDI(debug) n.xru106.nr1: WARNING: V(i2,c) voltage is greater than specified by vmax
OSDI(debug) n.xru105.nr1: WARNING: V(i1,c) voltage is greater than specified by vmax
OSDI(debug) n.xru105.nr1: WARNING: V(i2,c) voltage is greater than specified by vmax
OSDI(debug) n.xru104.nr1: WARNING: V(i1,c) voltage is greater than specified by vmax
OSDI(debug) n.xru104.nr1: WARNING: V(i2,c) voltage is greater than specified by vmax
OSDI(debug) n.xru103.nr1: WARNING: V(i1,c) voltage is greater than specified by vmax
OSDI(debug) n.xru103.nr1: WARNING: V(i2,c) voltage is greater than specified by vmax
OSDI(debug) n.xru102.nr1: WARNING: V(i1,c) voltage is greater than specified by vmax
OSDI(debug) n.xru102.nr1: WARNING: V(i2,c) voltage is greater than specified by vmax
OSDI(debug) n.xru101.nr1: WARNING: V(i1,c) voltage is greater than specified by vmax
OSDI(debug) n.xru101.nr1: WARNING: V(i2,c) voltage is greater than specified by vmax
OSDI(debug) n.xru100.nr1: WARNING: V(i1,c) voltage is greater than specified by vmax
OSDI(debug) n.xru100.nr1: WARNING: V(i2,c) voltage is greater than specified by vmax
OSDI(debug) n.xru246.nr1: WARNING: V(i1,c) voltage is greater than specified by vmax
OSDI(debug) n.xru246.nr1: WARNING: V(i2,c) voltage is greater than specified by vmax
OSDI(debug) n.xru98.nr1: WARNING: V(i1,c) voltage is greater than specified by vmax
OSDI(debug) n.xru98.nr1: WARNING: V(i2,c) voltage is greater than specified by vmax
OSDI(debug) n.xru97.nr1: WARNING: V(i1,c) voltage is greater than specified by vmax
OSDI(debug) n.xru97.nr1: WARNING: V(i2,c) voltage is greater than specified by vmax
OSDI(debug) n.xru96.nr1: WARNING: V(i1,c) voltage is greater than specified by vmax
OSDI(debug) n.xru96.nr1: WARNING: V(i2,c) voltage is greater than specified by vmax
OSDI(debug) n.xru95.nr1: WARNING: V(i1,c) voltage is greater than specified by vmax
OSDI(debug) n.xru95.nr1: WARNING: V(i2,c) voltage is greater than specified by vmax
OSDI(debug) n.xru94.nr1: WARNING: V(i1,c) voltage is greater than specified by vmax
OSDI(debug) n.xru94.nr1: WARNING: V(i2,c) voltage is greater than specified by vmax
OSDI(debug) n.xru93.nr1: WARNING: V(i1,c) voltage is greater than specified by vmax
OSDI(debug) n.xru93.nr1: WARNING: V(i2,c) voltage is greater than specified by vmax
OSDI(debug) n.xru92.nr1: WARNING: V(i1,c) voltage is greater than specified by vmax
OSDI(debug) n.xru92.nr1: WARNING: V(i2,c) voltage is greater than specified by vmax
OSDI(debug) n.xru91.nr1: WARNING: V(i1,c) voltage is greater than specified by vmax
OSDI(debug) n.xru91.nr1: WARNING: V(i2,c) voltage is greater than specified by vmax
OSDI(debug) n.xru90.nr1: WARNING: V(i1,c) voltage is greater than specified by vmax
OSDI(debug) n.xru90.nr1: WARNING: V(i2,c) voltage is greater than specified by vmax
OSDI(debug) n.xru89.nr1: WARNING: V(i1,c) voltage is greater than specified by vmax
OSDI(debug) n.xru89.nr1: WARNING: V(i2,c) voltage is greater than specified by vmax
OSDI(debug) n.xru88.nr1: WARNING: V(i1,c) voltage is greater than specified by vmax
OSDI(debug) n.xru88.nr1: WARNING: V(i2,c) voltage is greater than specified by vmax
OSDI(debug) n.xru87.nr1: WARNING: V(i1,c) voltage is greater than specified by vmax
OSDI(debug) n.xru87.nr1: WARNING: V(i2,c) voltage is greater than specified by vmax
OSDI(debug) n.xru86.nr1: WARNING: V(i1,c) voltage is greater than specified by vmax
OSDI(debug) n.xru86.nr1: WARNING: V(i2,c) voltage is greater than specified by vmax
OSDI(debug) n.xru85.nr1: WARNING: V(i1,c) voltage is greater than specified by vmax
OSDI(debug) n.xru85.nr1: WARNING: V(i2,c) voltage is greater than specified by vmax
OSDI(debug) n.xru84.nr1: WARNING: V(i1,c) voltage is greater than specified by vmax
OSDI(debug) n.xru84.nr1: WARNING: V(i2,c) voltage is greater than specified by vmax
OSDI(debug) n.xru83.nr1: WARNING: V(i1,c) voltage is greater than specified by vmax
OSDI(debug) n.xru83.nr1: WARNING: V(i2,c) voltage is greater than specified by vmax
OSDI(debug) n.xru82.nr1: WARNING: V(i1,c) voltage is greater than specified by vmax
OSDI(debug) n.xru82.nr1: WARNING: V(i2,c) voltage is greater than specified by vmax
OSDI(debug) n.xru81.nr1: WARNING: V(i1,c) voltage is greater than specified by vmax
OSDI(debug) n.xru81.nr1: WARNING: V(i2,c) voltage is greater than specified by vmax
OSDI(debug) n.xru80.nr1: WARNING: V(i1,c) voltage is greater than specified by vmax
OSDI(debug) n.xru80.nr1: WARNING: V(i2,c) voltage is greater than specified by vmax
OSDI(debug) n.xru79.nr1: WARNING: V(i1,c) voltage is greater than specified by vmax
OSDI(debug) n.xru79.nr1: WARNING: V(i2,c) voltage is greater than specified by vmax
OSDI(debug) n.xru78.nr1: WARNING: V(i1,c) voltage is greater than specified by vmax
OSDI(debug) n.xru78.nr1: WARNING: V(i2,c) voltage is greater than specified by vmax
OSDI(debug) n.xru77.nr1: WARNING: V(i1,c) voltage is greater than specified by vmax
OSDI(debug) n.xru77.nr1: WARNING: V(i2,c) voltage is greater than specified by vmax
OSDI(debug) n.xru251.nr1: WARNING: V(i2,c) voltage is greater than specified by vmax
OSDI(debug) n.xru249.nr1: WARNING: V(i2,c) voltage is greater than specified by vmax
OSDI(debug) n.xru75.nr1: WARNING: V(i1,c) voltage is greater than specified by vmax
OSDI(debug) n.xru75.nr1: WARNING: V(i2,c) voltage is greater than specified by vmax
OSDI(debug) n.xru76.nr1: OSDI(debug) n.xru73.nr1: WARNING: V(i1,c) voltage is greater than specified by vmax
OSDI(debug) n.xru76.nr1: WARNING: V(i2,c) voltage is greater than specified by vmax
OSDI(debug) n.xru99.nr1: WARNING: V(i1,c) voltage is greater than specified by vmax
WARNING: V(i1,c) voltage is greater than specified by vmax
OSDI(debug) n.xru73.nr1: WARNING: V(i2,c) voltage is greater than specified by vmax
OSDI(debug) n.xru74.nr1: WARNING: V(i1,c) voltage is greater than specified by vmax
OSDI(debug) n.xru74.nr1: WARNING: V(i2,c) voltage is greater than specified by vmax
OSDI(debug) n.xru70.nr1: WARNING: V(i1,c) voltage is greater than specified by vmax
OSDI(debug) n.xru70.nr1: WARNING: V(i2,c) voltage is greater than specified by vmax
OSDI(debug) n.xru69.nr1: WARNING: V(i1,c) voltage is greater than specified by vmax
OSDI(debug) n.xru69.nr1: WARNING: V(i2,c) voltage is greater than specified by vmax
OSDI(debug) n.xru68.nr1: WARNING: V(i1,c) voltage is greater than specified by vmax
OSDI(debug) n.xru72.nr1: OSDI(debug) n.xru99.nr1: WARNING: V(i2,c) voltage is greater than specified by vmax
OSDI(debug) n.xru68.nr1: OSDI(debug) n.xru71.nr1: WARNING: V(i1,c) voltage is greater than specified by vmax
OSDI(debug) n.xru67.nr1: WARNING: V(i1,c) voltage is greater than specified by vmax
OSDI(debug) n.xru71.nr1: OSDI(debug) n.xru67.nr1: WARNING: V(i2,c) voltage is greater than specified by vmax
WARNING: V(i2,c) voltage is greater than specified by vmax
WARNING: V(i2,c) voltage is greater than specified by vmax
OSDI(debug) n.xru64.nr1: WARNING: V(i1,c) voltage is greater than specified by vmax
OSDI(debug) n.xru64.nr1: WARNING: V(i2,c) voltage is greater than specified by vmax
OSDI(debug) n.xru63.nr1: WARNING: V(i1,c) voltage is greater than specified by vmax
OSDI(debug) n.xru63.nr1: WARNING: V(i2,c) voltage is greater than specified by vmax
OSDI(debug) n.xru62.nr1: WARNING: V(i1,c) voltage is greater than specified by vmax
OSDI(debug) n.xru66.nr1: OSDI(debug) n.xru62.nr1: WARNING: V(i2,c) voltage is greater than specified by vmax
WARNING: V(i1,c) voltage is greater than specified by vmax
OSDI(debug) n.xru66.nr1: WARNING: V(i2,c) voltage is greater than specified by vmax
OSDI(debug) n.xru60.nr1: WARNING: V(i1,c) voltage is greater than specified by vmax
OSDI(debug) n.xru60.nr1: WARNING: V(i2,c) voltage is greater than specified by vmax
OSDI(debug) n.xru59.nr1: WARNING: V(i1,c) voltage is greater than specified by vmax
OSDI(debug) n.xru59.nr1: WARNING: V(i2,c) voltage is greater than specified by vmax
OSDI(debug) n.xru58.nr1: WARNING: V(i1,c) voltage is greater than specified by vmax
OSDI(debug) n.xru58.nr1: WARNING: V(i2,c) voltage is greater than specified by vmax
OSDI(debug) n.xru57.nr1: WARNING: V(i1,c) voltage is greater than specified by vmax
OSDI(debug) n.xru57.nr1: WARNING: V(i2,c) voltage is greater than specified by vmax
OSDI(debug) n.xru56.nr1: WARNING: V(i1,c) voltage is greater than specified by vmax
OSDI(debug) n.xru56.nr1: WARNING: V(i2,c) voltage is greater than specified by vmax
OSDI(debug) n.xru55.nr1: WARNING: V(i1,c) voltage is greater than specified by vmax
OSDI(debug) n.xru55.nr1: WARNING: V(i2,c) voltage is greater than specified by vmax
OSDI(debug) n.xru54.nr1: WARNING: V(i1,c) voltage is greater than specified by vmax
OSDI(debug) n.xru54.nr1: WARNING: V(i2,c) voltage is greater than specified by vmax
OSDI(debug) n.xru53.nr1: OSDI(debug) n.xru65.nr1: WARNING: V(i1,c) voltage is greater than specified by vmax
OSDI(debug) n.xru65.nr1: WARNING: V(i2,c) voltage is greater than specified by vmax
OSDI(debug) n.xru242.nr1: WARNING: V(i1,c) voltage is greater than specified by vmax
OSDI(debug) n.xru242.nr1: WARNING: V(i2,c) voltage is greater than specified by vmax
OSDI(debug) n.xru51.nr1: WARNING: V(i1,c) voltage is greater than specified by vmax
OSDI(debug) n.xru51.nr1: WARNING: V(i2,c) voltage is greater than specified by vmax
OSDI(debug) n.xru50.nr1: WARNING: V(i1,c) voltage is greater than specified by vmax
OSDI(debug) n.xru50.nr1: WARNING: V(i2,c) voltage is greater than specified by vmax
OSDI(debug) n.xru49.nr1: WARNING: V(i1,c) voltage is greater than specified by vmax
OSDI(debug) n.xru49.nr1: WARNING: V(i2,c) voltage is greater than specified by vmax
OSDI(debug) n.xru48.nr1: WARNING: V(i1,c) voltage is greater than specified by vmax
WARNING: V(i1,c) voltage is greater than specified by vmax
OSDI(debug) n.xru53.nr1: WARNING: V(i2,c) voltage is greater than specified by vmax
OSDI(debug) n.xru47.nr1: WARNING: V(i1,c) voltage is greater than specified by vmax
OSDI(debug) n.xru47.nr1: WARNING: V(i2,c) voltage is greater than specified by vmax
OSDI(debug) n.xru46.nr1: WARNING: V(i1,c) voltage is greater than specified by vmax
OSDI(debug) n.xru46.nr1: WARNING: V(i2,c) voltage is greater than specified by vmax
OSDI(debug) n.xru61.nr1: WARNING: V(i1,c) voltage is greater than specified by vmax
OSDI(debug) n.xru61.nr1: WARNING: V(i2,c) voltage is greater than specified by vmax
OSDI(debug) n.xru44.nr1: WARNING: V(i1,c) voltage is greater than specified by vmax
OSDI(debug) n.xru44.nr1: WARNING: V(i2,c) voltage is greater than specified by vmax
OSDI(debug) n.xru43.nr1: OSDI(debug) n.xru52.nr1: WARNING: V(i1,c) voltage is greater than specified by vmax
OSDI(debug) n.xru43.nr1: WARNING: V(i2,c) voltage is greater than specified by vmax
OSDI(debug) n.xru42.nr1: WARNING: V(i1,c) voltage is greater than specified by vmax
OSDI(debug) n.xru42.nr1: WARNING: V(i2,c) voltage is greater than specified by vmax
OSDI(debug) n.xru41.nr1: WARNING: V(i1,c) voltage is greater than specified by vmax
OSDI(debug) n.xru41.nr1: WARNING: V(i2,c) voltage is greater than specified by vmax
OSDI(debug) n.xru48.nr1: OSDI(debug) n.xru40.nr1: WARNING: V(i2,c) voltage is greater than specified by vmax
OSDI(debug) n.xru45.nr1: WARNING: V(i1,c) voltage is greater than specified by vmax
WARNING: V(i1,c) voltage is greater than specified by vmax
OSDI(debug) n.xru45.nr1: WARNING: V(i2,c) voltage is greater than specified by vmax
WARNING: V(i1,c) voltage is greater than specified by vmax
OSDI(debug) n.xru52.nr1: WARNING: V(i2,c) voltage is greater than specified by vmax
OSDI(debug) n.xru39.nr1: OSDI(debug) n.xru37.nr1: WARNING: V(i1,c) voltage is greater than specified by vmax
OSDI(debug) n.xru39.nr1: WARNING: V(i2,c) voltage is greater than specified by vmax
WARNING: V(i1,c) voltage is greater than specified by vmax
OSDI(debug) n.xru37.nr1: WARNING: V(i2,c) voltage is greater than specified by vmax
OSDI(debug) n.xru35.nr1: WARNING: V(i1,c) voltage is greater than specified by vmax
OSDI(debug) n.xru35.nr1: WARNING: V(i2,c) voltage is greater than specified by vmax
OSDI(debug) n.xru34.nr1: WARNING: V(i1,c) voltage is greater than specified by vmax
OSDI(debug) n.xru34.nr1: WARNING: V(i2,c) voltage is greater than specified by vmax
OSDI(debug) n.xru40.nr1: OSDI(debug) n.xru33.nr1: WARNING: V(i2,c) voltage is greater than specified by vmax
OSDI(debug) n.xru32.nr1: WARNING: V(i1,c) voltage is greater than specified by vmax
OSDI(debug) n.xru32.nr1: WARNING: V(i2,c) voltage is greater than specified by vmax
OSDI(debug) n.xru38.nr1: OSDI(debug) n.xru31.nr1: WARNING: V(i1,c) voltage is greater than specified by vmax
OSDI(debug) n.xru38.nr1: WARNING: V(i2,c) voltage is greater than specified by vmax
OSDI(debug) n.xru30.nr1: WARNING: V(i1,c) voltage is greater than specified by vmax
OSDI(debug) n.xru36.nr1: OSDI(debug) n.xru31.nr1: WARNING: V(i1,c) voltage is greater than specified by vmax
OSDI(debug) n.xru36.nr1: WARNING: V(i2,c) voltage is greater than specified by vmax
WARNING: V(i1,c) voltage is greater than specified by vmax
OSDI(debug) n.xru33.nr1: WARNING: V(i2,c) voltage is greater than specified by vmax
OSDI(debug) n.xru28.nr1: WARNING: V(i1,c) voltage is greater than specified by vmax
OSDI(debug) n.xru28.nr1: WARNING: V(i2,c) voltage is greater than specified by vmax
OSDI(debug) n.xru27.nr1: WARNING: V(i1,c) voltage is greater than specified by vmax
OSDI(debug) n.xru27.nr1: WARNING: V(i2,c) voltage is greater than specified by vmax
OSDI(debug) n.xru26.nr1: WARNING: V(i1,c) voltage is greater than specified by vmax
OSDI(debug) n.xru26.nr1: WARNING: V(i2,c) voltage is greater than specified by vmax
OSDI(debug) n.xru25.nr1: WARNING: V(i1,c) voltage is greater than specified by vmax
OSDI(debug) n.xru25.nr1: WARNING: V(i2,c) voltage is greater than specified by vmax
WARNING: V(i2,c) voltage is greater than specified by vmax
OSDI(debug) n.xru24.nr1: WARNING: V(i1,c) voltage is greater than specified by vmax
OSDI(debug) n.xru24.nr1: WARNING: V(i2,c) voltage is greater than specified by vmax
OSDI(debug) n.xru22.nr1: WARNING: V(i1,c) voltage is greater than specified by vmax
OSDI(debug) n.xru29.nr1: OSDI(debug) n.xru22.nr1: WARNING: V(i1,c) voltage is greater than specified by vmax
OSDI(debug) n.xru29.nr1: WARNING: V(i2,c) voltage is greater than specified by vmax
OSDI(debug) n.xru21.nr1: WARNING: V(i1,c) voltage is greater than specified by vmax
OSDI(debug) n.xru21.nr1: WARNING: V(i2,c) voltage is greater than specified by vmax
OSDI(debug) n.xru20.nr1: WARNING: V(i1,c) voltage is greater than specified by vmax
OSDI(debug) n.xru20.nr1: WARNING: V(i2,c) voltage is greater than specified by vmax
OSDI(debug) n.xru19.nr1: WARNING: V(i1,c) voltage is greater than specified by vmax
OSDI(debug) n.xru19.nr1: WARNING: V(i2,c) voltage is greater than specified by vmax
OSDI(debug) n.xru18.nr1: WARNING: V(i1,c) voltage is greater than specified by vmax
OSDI(debug) n.xru18.nr1: WARNING: V(i2,c) voltage is greater than specified by vmax
OSDI(debug) n.xru17.nr1: WARNING: V(i1,c) voltage is greater than specified by vmax
OSDI(debug) n.xru17.nr1: WARNING: V(i2,c) voltage is greater than specified by vmax
OSDI(debug) n.xru23.nr1: OSDI(debug) n.xru16.nr1: WARNING: V(i1,c) voltage is greater than specified by vmax
OSDI(debug) n.xru16.nr1: WARNING: V(i2,c) voltage is greater than specified by vmax
WARNING: V(i2,c) voltage is greater than specified by vmax
OSDI(debug) n.xru14.nr1: WARNING: V(i1,c) voltage is greater than specified by vmax
WARNING: V(i1,c) voltage is greater than specified by vmax
WARNING: V(i1,c) voltage is greater than specified by vmax
OSDI(debug) n.xru23.nr1: WARNING: V(i2,c) voltage is greater than specified by vmax
OSDI(debug) n.xru13.nr1: WARNING: V(i1,c) voltage is greater than specified by vmax
OSDI(debug) n.xru14.nr1: OSDI(debug) n.xru15.nr1: WARNING: V(i2,c) voltage is greater than specified by vmax
WARNING: V(i2,c) voltage is greater than specified by vmax
WARNING: V(i1,c) voltage is greater than specified by vmax
OSDI(debug) n.xru15.nr1: WARNING: V(i2,c) voltage is greater than specified by vmax
OSDI(debug) n.xru10.nr1: WARNING: V(i1,c) voltage is greater than specified by vmax
OSDI(debug) n.xru10.nr1: WARNING: V(i2,c) voltage is greater than specified by vmax
OSDI(debug) n.xru9.nr1: WARNING: V(i1,c) voltage is greater than specified by vmax
OSDI(debug) n.xru9.nr1: WARNING: V(i2,c) voltage is greater than specified by vmax
OSDI(debug) n.xru8.nr1: OSDI(debug) n.xru247.nr1: OSDI(debug) n.xru12.nr1: WARNING: V(i1,c) voltage is greater than specified by vmax
OSDI(debug) n.xru13.nr1: WARNING: V(i2,c) voltage is greater than specified by vmax
OSDI(debug) n.xru12.nr1: WARNING: V(i2,c) voltage is greater than specified by vmax
OSDI(debug) n.xru7.nr1: WARNING: V(i1,c) voltage is greater than specified by vmax
OSDI(debug) n.xru7.nr1: WARNING: V(i2,c) voltage is greater than specified by vmax
OSDI(debug) n.xru6.nr1: WARNING: V(i1,c) voltage is greater than specified by vmax
OSDI(debug) n.xru6.nr1: WARNING: V(i2,c) voltage is greater than specified by vmax
WARNING: V(i2,c) voltage is greater than specified by vmax
OSDI(debug) n.xru11.nr1: WARNING: V(i1,c) voltage is greater than specified by vmax
OSDI(debug) n.xru30.nr1: WARNING: V(i2,c) voltage is greater than specified by vmax
OSDI(debug) n.xru4.nr1: OSDI(debug) n.xru5.nr1: WARNING: V(i1,c) voltage is greater than specified by vmax
OSDI(debug) n.xru4.nr1: WARNING: V(i2,c) voltage is greater than specified by vmax
OSDI(debug) n.xru3.nr1: WARNING: V(i2,c) voltage is greater than specified by vmax
OSDI(debug) n.xru2.nr1: OSDI(debug) n.xru72.nr1: WARNING: V(i2,c) voltage is greater than specified by vmax
WARNING: V(i1,c) voltage is greater than specified by vmax
WARNING: V(i1,c) voltage is greater than specified by vmax
OSDI(debug) n.xru3.nr1: WARNING: V(i2,c) voltage is greater than specified by vmax
WARNING: V(i1,c) voltage is greater than specified by vmax
OSDI(debug) n.xru11.nr1: WARNING: V(i2,c) voltage is greater than specified by vmax
WARNING: V(i1,c) voltage is greater than specified by vmax
OSDI(debug) n.xru2.nr1: WARNING: V(i2,c) voltage is greater than specified by vmax
WARNING: V(i1,c) voltage is greater than specified by vmax
OSDI(debug) n.xru5.nr1: WARNING: V(i2,c) voltage is greater than specified by vmax
OSDI(debug) n.xr1.nr1: WARNING: V(i1,c) voltage is greater than specified by vmax
OSDI(debug) n.xr1.nr1: WARNING: V(i2,c) voltage is greater than specified by vmax
OSDI(debug) n.xru8.nr1: WARNING: V(i2,c) voltage is greater than specified by vmax
OSDI(debug) n.xru1.nr1: WARNING: V(i1,c) voltage is greater than specified by vmax
OSDI(debug) n.xru1.nr1: WARNING: V(i2,c) voltage is greater than specified by vmax
Note: True gmin stepping completed

No. of Data Rows : 1

  Measurements for AC Analysis


v(fb) = 2.556428e+00
v(sns1) = 5.897561e-01
v(sns2) = 5.890893e-01
v(vref) = 1.040698e+00
v(det) = 2.615144e-02
i(vmkfb) = 5.219239e-11
Doing analysis at TEMP = 125.000000 and TNOM = 27.000000

Using SPARSE 1.3 as Direct Linear Solver
Warning: singular matrix:  check nodes n.xru228.nr1#i2 and t229__t0

Note: Starting dynamic gmin stepping
OSDI(debug) n.xru255.nr1: WARNING: V(i1,c) voltage is greater than specified by vmax
OSDI(debug) n.xru255.nr1: WARNING: V(i2,c) voltage is greater than specified by vmax
OSDI(debug) n.xru248.nr1: WARNING: V(i1,c) voltage is greater than specified by vmax
OSDI(debug) n.xru248.nr1: WARNING: V(i2,c) voltage is greater than specified by vmax
OSDI(debug) n.xru247.nr1: WARNING: V(i1,c) voltage is greater than specified by vmax
OSDI(debug) n.xru247.nr1: WARNING: V(i2,c) voltage is greater than specified by vmax
OSDI(debug) n.xru246.nr1: WARNING: V(i1,c) voltage is greater than specified by vmax
OSDI(debug) n.xru246.nr1: WARNING: V(i2,c) voltage is greater than specified by vmax
OSDI(debug) n.xru245.nr1: WARNING: V(i1,c) voltage is greater than specified by vmax
OSDI(debug) n.xru245.nr1: WARNING: V(i2,c) voltage is greater than specified by vmax
OSDI(debug) n.xru244.nr1: WARNING: V(i1,c) voltage is greater than specified by vmax
OSDI(debug) n.xru244.nr1: WARNING: V(i2,c) voltage is greater than specified by vmax
OSDI(debug) n.xru243.nr1: WARNING: V(i1,c) voltage is greater than specified by vmax
OSDI(debug) n.xru243.nr1: WARNING: V(i2,c) voltage is greater than specified by vmax
OSDI(debug) n.xru242.nr1: WARNING: V(i1,c) voltage is greater than specified by vmax
OSDI(debug) n.xru242.nr1: WARNING: V(i2,c) voltage is greater than specified by vmax
OSDI(debug) n.xru241.nr1: WARNING: V(i1,c) voltage is greater than specified by vmax
OSDI(debug) n.xru241.nr1: WARNING: V(i2,c) voltage is greater than specified by vmax
OSDI(debug) n.xru240.nr1: WARNING: V(i1,c) voltage is greater than specified by vmax
OSDI(debug) n.xru240.nr1: WARNING: V(i2,c) voltage is greater than specified by vmax
OSDI(debug) n.xru239.nr1: WARNING: V(i1,c) voltage is greater than specified by vmax
OSDI(debug) n.xru239.nr1: WARNING: V(i2,c) voltage is greater than specified by vmax
OSDI(debug) n.xru238.nr1: WARNING: V(i1,c) voltage is greater than specified by vmax
OSDI(debug) n.xru238.nr1: WARNING: V(i2,c) voltage is greater than specified by vmax
OSDI(debug) n.xru237.nr1: WARNING: V(i1,c) voltage is greater than specified by vmax
OSDI(debug) n.xru237.nr1: WARNING: V(i2,c) voltage is greater than specified by vmax
OSDI(debug) n.xru236.nr1: WARNING: V(i1,c) voltage is greater than specified by vmax
OSDI(debug) n.xru236.nr1: WARNING: V(i2,c) voltage is greater than specified by vmax
OSDI(debug) n.xru234.nr1: WARNING: V(i1,c) voltage is greater than specified by vmax
OSDI(debug) n.xru234.nr1: WARNING: V(i2,c) voltage is greater than specified by vmax
OSDI(debug) n.xru233.nr1: WARNING: V(i1,c) voltage is greater than specified by vmax
OSDI(debug) n.xru233.nr1: WARNING: V(i2,c) voltage is greater than specified by vmax
OSDI(debug) n.xru232.nr1: WARNING: V(i1,c) voltage is greater than specified by vmax
OSDI(debug) n.xru232.nr1: WARNING: V(i2,c) voltage is greater than specified by vmax
OSDI(debug) n.xru231.nr1: WARNING: V(i1,c) voltage is greater than specified by vmax
OSDI(debug) n.xru231.nr1: WARNING: V(i2,c) voltage is greater than specified by vmax
OSDI(debug) n.xru230.nr1: WARNING: V(i1,c) voltage is greater than specified by vmax
OSDI(debug) n.xru230.nr1: WARNING: V(i2,c) voltage is greater than specified by vmax
OSDI(debug) n.xru229.nr1: WARNING: V(i1,c) voltage is greater than specified by vmax
OSDI(debug) n.xru229.nr1: WARNING: V(i2,c) voltage is greater than specified by vmax
OSDI(debug) n.xru228.nr1: WARNING: V(i1,c) voltage is greater than specified by vmax
OSDI(debug) n.xru228.nr1: WARNING: V(i2,c) voltage is greater than specified by vmax
OSDI(debug) n.xru227.nr1: WARNING: V(i1,c) voltage is greater than specified by vmax
OSDI(debug) n.xru227.nr1: WARNING: V(i2,c) voltage is greater than specified by vmax
OSDI(debug) n.xru226.nr1: WARNING: V(i1,c) voltage is greater than specified by vmax
OSDI(debug) n.xru226.nr1: WARNING: V(i2,c) voltage is greater than specified by vmax
OSDI(debug) n.xru225.nr1: WARNING: V(i1,c) voltage is greater than specified by vmax
OSDI(debug) n.xru225.nr1: WARNING: V(i2,c) voltage is greater than specified by vmax
OSDI(debug) n.xru224.nr1: WARNING: V(i1,c) voltage is greater than specified by vmax
OSDI(debug) n.xru224.nr1: WARNING: V(i2,c) voltage is greater than specified by vmax
OSDI(debug) n.xru223.nr1: WARNING: V(i1,c) voltage is greater than specified by vmax
OSDI(debug) n.xru223.nr1: WARNING: V(i2,c) voltage is greater than specified by vmax
OSDI(debug) n.xru222.nr1: WARNING: V(i1,c) voltage is greater than specified by vmax
OSDI(debug) n.xru222.nr1: WARNING: V(i2,c) voltage is greater than specified by vmax
OSDI(debug) n.xru221.nr1: WARNING: V(i1,c) voltage is greater than specified by vmax
OSDI(debug) n.xru221.nr1: WARNING: V(i2,c) voltage is greater than specified by vmax
OSDI(debug) n.xru220.nr1: WARNING: V(i1,c) voltage is greater than specified by vmax
OSDI(debug) n.xru220.nr1: WARNING: V(i2,c) voltage is greater than specified by vmax
OSDI(debug) n.xru219.nr1: WARNING: V(i1,c) voltage is greater than specified by vmax
OSDI(debug) n.xru219.nr1: WARNING: V(i2,c) voltage is greater than specified by vmax
OSDI(debug) n.xru218.nr1: WARNING: V(i1,c) voltage is greater than specified by vmax
OSDI(debug) n.xru218.nr1: WARNING: V(i2,c) voltage is greater than specified by vmax
OSDI(debug) n.xru217.nr1: WARNING: V(i1,c) voltage is greater than specified by vmax
OSDI(debug) n.xru217.nr1: WARNING: V(i2,c) voltage is greater than specified by vmax
OSDI(debug) n.xru216.nr1: WARNING: V(i1,c) voltage is greater than specified by vmax
OSDI(debug) n.xru216.nr1: WARNING: V(i2,c) voltage is greater than specified by vmax
OSDI(debug) n.xru215.nr1: WARNING: V(i1,c) voltage is greater than specified by vmax
OSDI(debug) n.xru215.nr1: WARNING: V(i2,c) voltage is greater than specified by vmax
OSDI(debug) n.xru214.nr1: WARNING: V(i1,c) voltage is greater than specified by vmax
OSDI(debug) n.xru214.nr1: WARNING: V(i2,c) voltage is greater than specified by vmax
OSDI(debug) n.xru213.nr1: WARNING: V(i1,c) voltage is greater than specified by vmax
OSDI(debug) n.xru213.nr1: WARNING: V(i2,c) voltage is greater than specified by vmax
OSDI(debug) n.xru212.nr1: WARNING: V(i1,c) voltage is greater than specified by vmax
OSDI(debug) n.xru212.nr1: WARNING: V(i2,c) voltage is greater than specified by vmax
OSDI(debug) n.xru211.nr1: WARNING: V(i1,c) voltage is greater than specified by vmax
OSDI(debug) n.xru211.nr1: WARNING: V(i2,c) voltage is greater than specified by vmax
OSDI(debug) n.xru210.nr1: WARNING: V(i1,c) voltage is greater than specified by vmax
OSDI(debug) n.xru210.nr1: WARNING: V(i2,c) voltage is greater than specified by vmax
OSDI(debug) n.xru209.nr1: WARNING: V(i1,c) voltage is greater than specified by vmax
OSDI(debug) n.xru209.nr1: WARNING: V(i2,c) voltage is greater than specified by vmax
OSDI(debug) n.xru208.nr1: WARNING: V(i1,c) voltage is greater than specified by vmax
OSDI(debug) n.xru208.nr1: WARNING: V(i2,c) voltage is greater than specified by vmax
OSDI(debug) n.xru207.nr1: WARNING: V(i1,c) voltage is greater than specified by vmax
OSDI(debug) n.xru207.nr1: WARNING: V(i2,c) voltage is greater than specified by vmax
OSDI(debug) n.xru206.nr1: WARNING: V(i1,c) voltage is greater than specified by vmax
OSDI(debug) n.xru206.nr1: WARNING: V(i2,c) voltage is greater than specified by vmax
OSDI(debug) n.xru205.nr1: WARNING: V(i1,c) voltage is greater than specified by vmax
OSDI(debug) n.xru205.nr1: WARNING: V(i2,c) voltage is greater than specified by vmax
OSDI(debug) n.xru204.nr1: WARNING: V(i1,c) voltage is greater than specified by vmax
OSDI(debug) n.xru204.nr1: WARNING: V(i2,c) voltage is greater than specified by vmax
OSDI(debug) n.xru203.nr1: WARNING: V(i1,c) voltage is greater than specified by vmax
OSDI(debug) n.xru203.nr1: WARNING: V(i2,c) voltage is greater than specified by vmax
OSDI(debug) n.xru202.nr1: WARNING: V(i1,c) voltage is greater than specified by vmax
OSDI(debug) n.xru202.nr1: WARNING: V(i2,c) voltage is greater than specified by vmax
OSDI(debug) n.xru201.nr1: WARNING: V(i1,c) voltage is greater than specified by vmax
OSDI(debug) n.xru201.nr1: WARNING: V(i2,c) voltage is greater than specified by vmax
OSDI(debug) n.xru200.nr1: WARNING: V(i1,c) voltage is greater than specified by vmax
OSDI(debug) n.xru200.nr1: WARNING: V(i2,c) voltage is greater than specified by vmax
OSDI(debug) n.xru199.nr1: WARNING: V(i1,c) voltage is greater than specified by vmax
OSDI(debug) n.xru199.nr1: WARNING: V(i2,c) voltage is greater than specified by vmax
OSDI(debug) n.xru198.nr1: WARNING: V(i1,c) voltage is greater than specified by vmax
OSDI(debug) n.xru198.nr1: WARNING: V(i2,c) voltage is greater than specified by vmax
OSDI(debug) n.xru197.nr1: WARNING: V(i1,c) voltage is greater than specified by vmax
OSDI(debug) n.xru197.nr1: WARNING: V(i2,c) voltage is greater than specified by vmax
OSDI(debug) n.xru196.nr1: WARNING: V(i1,c) voltage is greater than specified by vmax
OSDI(debug) n.xru196.nr1: WARNING: V(i2,c) voltage is greater than specified by vmax
OSDI(debug) n.xru195.nr1: WARNING: V(i1,c) voltage is greater than specified by vmax
OSDI(debug) n.xru195.nr1: WARNING: V(i2,c) voltage is greater than specified by vmax
OSDI(debug) n.xru194.nr1: WARNING: V(i1,c) voltage is greater than specified by vmax
OSDI(debug) n.xru194.nr1: WARNING: V(i2,c) voltage is greater than specified by vmax
OSDI(debug) n.xru193.nr1: WARNING: V(i1,c) voltage is greater than specified by vmax
OSDI(debug) n.xru193.nr1: WARNING: V(i2,c) voltage is greater than specified by vmax
OSDI(debug) n.xru192.nr1: WARNING: V(i1,c) voltage is greater than specified by vmax
OSDI(debug) n.xru192.nr1: WARNING: V(i2,c) voltage is greater than specified by vmax
OSDI(debug) n.xru191.nr1: WARNING: V(i1,c) voltage is greater than specified by vmax
OSDI(debug) n.xru191.nr1: WARNING: V(i2,c) voltage is greater than specified by vmax
OSDI(debug) n.xru190.nr1: WARNING: V(i1,c) voltage is greater than specified by vmax
OSDI(debug) n.xru190.nr1: WARNING: V(i2,c) voltage is greater than specified by vmax
OSDI(debug) n.xru189.nr1: WARNING: V(i1,c) voltage is greater than specified by vmax
OSDI(debug) n.xru189.nr1: WARNING: V(i2,c) voltage is greater than specified by vmax
OSDI(debug) n.xru188.nr1: WARNING: V(i1,c) voltage is greater than specified by vmax
OSDI(debug) n.xru188.nr1: WARNING: V(i2,c) voltage is greater than specified by vmax
OSDI(debug) n.xru187.nr1: WARNING: V(i1,c) voltage is greater than specified by vmax
OSDI(debug) n.xru187.nr1: WARNING: V(i2,c) voltage is greater than specified by vmax
OSDI(debug) n.xru186.nr1: WARNING: V(i1,c) voltage is greater than specified by vmax
OSDI(debug) n.xru186.nr1: WARNING: V(i2,c) voltage is greater than specified by vmax
OSDI(debug) n.xru185.nr1: WARNING: V(i1,c) voltage is greater than specified by vmax
OSDI(debug) n.xru185.nr1: WARNING: V(i2,c) voltage is greater than specified by vmax
OSDI(debug) n.xru184.nr1: WARNING: V(i1,c) voltage is greater than specified by vmax
OSDI(debug) n.xru184.nr1: WARNING: V(i2,c) voltage is greater than specified by vmax
OSDI(debug) n.xru183.nr1: WARNING: V(i1,c) voltage is greater than specified by vmax
OSDI(debug) n.xru183.nr1: WARNING: V(i2,c) voltage is greater than specified by vmax
OSDI(debug) n.xru182.nr1: WARNING: V(i1,c) voltage is greater than specified by vmax
OSDI(debug) n.xru182.nr1: WARNING: V(i2,c) voltage is greater than specified by vmax
OSDI(debug) n.xru181.nr1: WARNING: V(i1,c) voltage is greater than specified by vmax
OSDI(debug) n.xru181.nr1: WARNING: V(i2,c) voltage is greater than specified by vmax
OSDI(debug) n.xru180.nr1: WARNING: V(i1,c) voltage is greater than specified by vmax
OSDI(debug) n.xru180.nr1: WARNING: V(i2,c) voltage is greater than specified by vmax
OSDI(debug) n.xru179.nr1: WARNING: V(i1,c) voltage is greater than specified by vmax
OSDI(debug) n.xru179.nr1: WARNING: V(i2,c) voltage is greater than specified by vmax
OSDI(debug) n.xru178.nr1: WARNING: V(i1,c) voltage is greater than specified by vmax
OSDI(debug) n.xru178.nr1: WARNING: V(i2,c) voltage is greater than specified by vmax
OSDI(debug) n.xru177.nr1: WARNING: V(i1,c) voltage is greater than specified by vmax
OSDI(debug) n.xru177.nr1: WARNING: V(i2,c) voltage is greater than specified by vmax
OSDI(debug) n.xru176.nr1: WARNING: V(i1,c) voltage is greater than specified by vmax
OSDI(debug) n.xru176.nr1: WARNING: V(i2,c) voltage is greater than specified by vmax
OSDI(debug) n.xru175.nr1: WARNING: V(i1,c) voltage is greater than specified by vmax
OSDI(debug) n.xru175.nr1: WARNING: V(i2,c) voltage is greater than specified by vmax
OSDI(debug) n.xru174.nr1: WARNING: V(i1,c) voltage is greater than specified by vmax
OSDI(debug) n.xru174.nr1: WARNING: V(i2,c) voltage is greater than specified by vmax
OSDI(debug) n.xru173.nr1: WARNING: V(i1,c) voltage is greater than specified by vmax
OSDI(debug) n.xru173.nr1: WARNING: V(i2,c) voltage is greater than specified by vmax
OSDI(debug) n.xru172.nr1: WARNING: V(i1,c) voltage is greater than specified by vmax
OSDI(debug) n.xru172.nr1: WARNING: V(i2,c) voltage is greater than specified by vmax
OSDI(debug) n.xru171.nr1: WARNING: V(i1,c) voltage is greater than specified by vmax
OSDI(debug) n.xru171.nr1: WARNING: V(i2,c) voltage is greater than specified by vmax
OSDI(debug) n.xru170.nr1: WARNING: V(i1,c) voltage is greater than specified by vmax
OSDI(debug) n.xru170.nr1: WARNING: V(i2,c) voltage is greater than specified by vmax
OSDI(debug) n.xru169.nr1: WARNING: V(i1,c) voltage is greater than specified by vmax
OSDI(debug) n.xru169.nr1: WARNING: V(i2,c) voltage is greater than specified by vmax
OSDI(debug) n.xru168.nr1: WARNING: V(i1,c) voltage is greater than specified by vmax
OSDI(debug) n.xru168.nr1: WARNING: V(i2,c) voltage is greater than specified by vmax
OSDI(debug) n.xru167.nr1: WARNING: V(i1,c) voltage is greater than specified by vmax
OSDI(debug) n.xru167.nr1: WARNING: V(i2,c) voltage is greater than specified by vmax
OSDI(debug) n.xru166.nr1: WARNING: V(i1,c) voltage is greater than specified by vmax
OSDI(debug) n.xru166.nr1: WARNING: V(i2,c) voltage is greater than specified by vmax
OSDI(debug) n.xru165.nr1: WARNING: V(i1,c) voltage is greater than specified by vmax
OSDI(debug) n.xru165.nr1: WARNING: V(i2,c) voltage is greater than specified by vmax
OSDI(debug) n.xru164.nr1: WARNING: V(i1,c) voltage is greater than specified by vmax
OSDI(debug) n.xru164.nr1: WARNING: V(i2,c) voltage is greater than specified by vmax
OSDI(debug) n.xru163.nr1: WARNING: V(i1,c) voltage is greater than specified by vmax
OSDI(debug) n.xru163.nr1: WARNING: V(i2,c) voltage is greater than specified by vmax
OSDI(debug) n.xru162.nr1: WARNING: V(i1,c) voltage is greater than specified by vmax
OSDI(debug) n.xru162.nr1: WARNING: V(i2,c) voltage is greater than specified by vmax
OSDI(debug) n.xru161.nr1: WARNING: V(i1,c) voltage is greater than specified by vmax
OSDI(debug) n.xru161.nr1: WARNING: V(i2,c) voltage is greater than specified by vmax
OSDI(debug) n.xru160.nr1: WARNING: V(i1,c) voltage is greater than specified by vmax
OSDI(debug) n.xru160.nr1: WARNING: V(i2,c) voltage is greater than specified by vmax
OSDI(debug) n.xru159.nr1: WARNING: V(i1,c) voltage is greater than specified by vmax
OSDI(debug) n.xru159.nr1: WARNING: V(i2,c) voltage is greater than specified by vmax
OSDI(debug) n.xru158.nr1: WARNING: V(i1,c) voltage is greater than specified by vmax
OSDI(debug) n.xru158.nr1: WARNING: V(i2,c) voltage is greater than specified by vmax
OSDI(debug) n.xru157.nr1: WARNING: V(i1,c) voltage is greater than specified by vmax
OSDI(debug) n.xru157.nr1: WARNING: V(i2,c) voltage is greater than specified by vmax
OSDI(debug) n.xru156.nr1: WARNING: V(i1,c) voltage is greater than specified by vmax
OSDI(debug) n.xru156.nr1: WARNING: V(i2,c) voltage is greater than specified by vmax
OSDI(debug) n.xru155.nr1: WARNING: V(i1,c) voltage is greater than specified by vmax
OSDI(debug) n.xru155.nr1: WARNING: V(i2,c) voltage is greater than specified by vmax
OSDI(debug) n.xru154.nr1: WARNING: V(i1,c) voltage is greater than specified by vmax
OSDI(debug) n.xru154.nr1: WARNING: V(i2,c) voltage is greater than specified by vmax
OSDI(debug) n.xru153.nr1: WARNING: V(i1,c) voltage is greater than specified by vmax
OSDI(debug) n.xru153.nr1: WARNING: V(i2,c) voltage is greater than specified by vmax
OSDI(debug) n.xru152.nr1: WARNING: V(i1,c) voltage is greater than specified by vmax
OSDI(debug) n.xru152.nr1: WARNING: V(i2,c) voltage is greater than specified by vmax
OSDI(debug) n.xru151.nr1: WARNING: V(i1,c) voltage is greater than specified by vmax
OSDI(debug) n.xru151.nr1: WARNING: V(i2,c) voltage is greater than specified by vmax
OSDI(debug) n.xru150.nr1: WARNING: V(i1,c) voltage is greater than specified by vmax
OSDI(debug) n.xru150.nr1: WARNING: V(i2,c) voltage is greater than specified by vmax
OSDI(debug) n.xru149.nr1: WARNING: V(i1,c) voltage is greater than specified by vmax
OSDI(debug) n.xru149.nr1: WARNING: V(i2,c) voltage is greater than specified by vmax
OSDI(debug) n.xru148.nr1: WARNING: V(i1,c) voltage is greater than specified by vmax
OSDI(debug) n.xru148.nr1: WARNING: V(i2,c) voltage is greater than specified by vmax
OSDI(debug) n.xru147.nr1: WARNING: V(i1,c) voltage is greater than specified by vmax
OSDI(debug) n.xru147.nr1: WARNING: V(i2,c) voltage is greater than specified by vmax
OSDI(debug) n.xru146.nr1: WARNING: V(i1,c) voltage is greater than specified by vmax
OSDI(debug) n.xru146.nr1: WARNING: V(i2,c) voltage is greater than specified by vmax
OSDI(debug) n.xru145.nr1: WARNING: V(i1,c) voltage is greater than specified by vmax
OSDI(debug) n.xru145.nr1: WARNING: V(i2,c) voltage is greater than specified by vmax
OSDI(debug) n.xru144.nr1: WARNING: V(i1,c) voltage is greater than specified by vmax
OSDI(debug) n.xru144.nr1: WARNING: V(i2,c) voltage is greater than specified by vmax
OSDI(debug) n.xru143.nr1: WARNING: V(i1,c) voltage is greater than specified by vmax
OSDI(debug) n.xru143.nr1: WARNING: V(i2,c) voltage is greater than specified by vmax
OSDI(debug) n.xru142.nr1: WARNING: V(i1,c) voltage is greater than specified by vmax
OSDI(debug) n.xru142.nr1: WARNING: V(i2,c) voltage is greater than specified by vmax
OSDI(debug) n.xru141.nr1: WARNING: V(i1,c) voltage is greater than specified by vmax
OSDI(debug) n.xru141.nr1: WARNING: V(i2,c) voltage is greater than specified by vmax
OSDI(debug) n.xru140.nr1: WARNING: V(i1,c) voltage is greater than specified by vmax
OSDI(debug) n.xru140.nr1: WARNING: V(i2,c) voltage is greater than specified by vmax
OSDI(debug) n.xru139.nr1: WARNING: V(i1,c) voltage is greater than specified by vmax
OSDI(debug) n.xru139.nr1: WARNING: V(i2,c) voltage is greater than specified by vmax
OSDI(debug) n.xru138.nr1: WARNING: V(i1,c) voltage is greater than specified by vmax
OSDI(debug) n.xru138.nr1: WARNING: V(i2,c) voltage is greater than specified by vmax
OSDI(debug) n.xru137.nr1: WARNING: V(i1,c) voltage is greater than specified by vmax
OSDI(debug) n.xru137.nr1: WARNING: V(i2,c) voltage is greater than specified by vmax
OSDI(debug) n.xru136.nr1: WARNING: V(i1,c) voltage is greater than specified by vmax
OSDI(debug) n.xru136.nr1: WARNING: V(i2,c) voltage is greater than specified by vmax
OSDI(debug) n.xru135.nr1: WARNING: V(i1,c) voltage is greater than specified by vmax
OSDI(debug) n.xru135.nr1: WARNING: V(i2,c) voltage is greater than specified by vmax
OSDI(debug) n.xru134.nr1: WARNING: V(i1,c) voltage is greater than specified by vmax
OSDI(debug) n.xru134.nr1: WARNING: V(i2,c) voltage is greater than specified by vmax
OSDI(debug) n.xru133.nr1: WARNING: V(i1,c) voltage is greater than specified by vmax
OSDI(debug) n.xru133.nr1: WARNING: V(i2,c) voltage is greater than specified by vmax
OSDI(debug) n.xru132.nr1: WARNING: V(i1,c) voltage is greater than specified by vmax
OSDI(debug) n.xru132.nr1: WARNING: V(i2,c) voltage is greater than specified by vmax
OSDI(debug) n.xru131.nr1: WARNING: V(i1,c) voltage is greater than specified by vmax
OSDI(debug) n.xru131.nr1: WARNING: V(i2,c) voltage is greater than specified by vmax
OSDI(debug) n.xru130.nr1: WARNING: V(i1,c) voltage is greater than specified by vmax
OSDI(debug) n.xru130.nr1: WARNING: V(i2,c) voltage is greater than specified by vmax
OSDI(debug) n.xru129.nr1: WARNING: V(i1,c) voltage is greater than specified by vmax
OSDI(debug) n.xru129.nr1: WARNING: V(i2,c) voltage is greater than specified by vmax
OSDI(debug) n.xru128.nr1: WARNING: V(i1,c) voltage is greater than specified by vmax
OSDI(debug) n.xru128.nr1: WARNING: V(i2,c) voltage is greater than specified by vmax
OSDI(debug) n.xru127.nr1: WARNING: V(i1,c) voltage is greater than specified by vmax
OSDI(debug) n.xru127.nr1: WARNING: V(i2,c) voltage is greater than specified by vmax
OSDI(debug) n.xru126.nr1: WARNING: V(i1,c) voltage is greater than specified by vmax
OSDI(debug) n.xru126.nr1: WARNING: V(i2,c) voltage is greater than specified by vmax
OSDI(debug) n.xru125.nr1: WARNING: V(i1,c) voltage is greater than specified by vmax
OSDI(debug) n.xru125.nr1: WARNING: V(i2,c) voltage is greater than specified by vmax
OSDI(debug) n.xru124.nr1: WARNING: V(i1,c) voltage is greater than specified by vmax
OSDI(debug) n.xru124.nr1: WARNING: V(i2,c) voltage is greater than specified by vmax
OSDI(debug) n.xru123.nr1: WARNING: V(i1,c) voltage is greater than specified by vmax
OSDI(debug) n.xru123.nr1: WARNING: V(i2,c) voltage is greater than specified by vmax
OSDI(debug) n.xru122.nr1: WARNING: V(i1,c) voltage is greater than specified by vmax
OSDI(debug) n.xru122.nr1: WARNING: V(i2,c) voltage is greater than specified by vmax
OSDI(debug) n.xru121.nr1: WARNING: V(i1,c) voltage is greater than specified by vmax
OSDI(debug) n.xru121.nr1: WARNING: V(i2,c) voltage is greater than specified by vmax
OSDI(debug) n.xru120.nr1: WARNING: V(i1,c) voltage is greater than specified by vmax
OSDI(debug) n.xru120.nr1: WARNING: V(i2,c) voltage is greater than specified by vmax
OSDI(debug) n.xru119.nr1: WARNING: V(i1,c) voltage is greater than specified by vmax
OSDI(debug) n.xru119.nr1: WARNING: V(i2,c) voltage is greater than specified by vmax
OSDI(debug) n.xru118.nr1: WARNING: V(i1,c) voltage is greater than specified by vmax
OSDI(debug) n.xru118.nr1: WARNING: V(i2,c) voltage is greater than specified by vmax
OSDI(debug) n.xru117.nr1: WARNING: V(i1,c) voltage is greater than specified by vmax
OSDI(debug) n.xru117.nr1: WARNING: V(i2,c) voltage is greater than specified by vmax
OSDI(debug) n.xru116.nr1: WARNING: V(i1,c) voltage is greater than specified by vmax
OSDI(debug) n.xru116.nr1: WARNING: V(i2,c) voltage is greater than specified by vmax
OSDI(debug) n.xru115.nr1: WARNING: V(i1,c) voltage is greater than specified by vmax
OSDI(debug) n.xru115.nr1: WARNING: V(i2,c) voltage is greater than specified by vmax
OSDI(debug) n.xru114.nr1: WARNING: V(i1,c) voltage is greater than specified by vmax
OSDI(debug) n.xru114.nr1: WARNING: V(i2,c) voltage is greater than specified by vmax
OSDI(debug) n.xru113.nr1: WARNING: V(i1,c) voltage is greater than specified by vmax
OSDI(debug) n.xru113.nr1: WARNING: V(i2,c) voltage is greater than specified by vmax
OSDI(debug) n.xru112.nr1: WARNING: V(i1,c) voltage is greater than specified by vmax
OSDI(debug) n.xru112.nr1: WARNING: V(i2,c) voltage is greater than specified by vmax
OSDI(debug) n.xru111.nr1: WARNING: V(i1,c) voltage is greater than specified by vmax
OSDI(debug) n.xru111.nr1: WARNING: V(i2,c) voltage is greater than specified by vmax
OSDI(debug) n.xru110.nr1: WARNING: V(i1,c) voltage is greater than specified by vmax
OSDI(debug) n.xru110.nr1: WARNING: V(i2,c) voltage is greater than specified by vmax
OSDI(debug) n.xru109.nr1: WARNING: V(i1,c) voltage is greater than specified by vmax
OSDI(debug) n.xru109.nr1: WARNING: V(i2,c) voltage is greater than specified by vmax
OSDI(debug) n.xru108.nr1: WARNING: V(i1,c) voltage is greater than specified by vmax
OSDI(debug) n.xru108.nr1: WARNING: V(i2,c) voltage is greater than specified by vmax
OSDI(debug) n.xru107.nr1: WARNING: V(i1,c) voltage is greater than specified by vmax
OSDI(debug) n.xru107.nr1: WARNING: V(i2,c) voltage is greater than specified by vmax
OSDI(debug) n.xru106.nr1: WARNING: V(i1,c) voltage is greater than specified by vmax
OSDI(debug) n.xru106.nr1: WARNING: V(i2,c) voltage is greater than specified by vmax
OSDI(debug) n.xru105.nr1: WARNING: V(i1,c) voltage is greater than specified by vmax
OSDI(debug) n.xru105.nr1: WARNING: V(i2,c) voltage is greater than specified by vmax
OSDI(debug) n.xru253.nr1: OSDI(debug) n.xru254.nr1: WARNING: V(i1,c) voltage is greater than specified by vmax
OSDI(debug) n.xru253.nr1: WARNING: V(i2,c) voltage is greater than specified by vmax
OSDI(debug) n.xru103.nr1: WARNING: V(i1,c) voltage is greater than specified by vmax
OSDI(debug) n.xru103.nr1: WARNING: V(i2,c) voltage is greater than specified by vmax
OSDI(debug) n.xru102.nr1: WARNING: V(i1,c) voltage is greater than specified by vmax
OSDI(debug) n.xru102.nr1: WARNING: V(i2,c) voltage is greater than specified by vmax
OSDI(debug) n.xru101.nr1: WARNING: V(i1,c) voltage is greater than specified by vmax
OSDI(debug) n.xru101.nr1: WARNING: V(i2,c) voltage is greater than specified by vmax
OSDI(debug) n.xru100.nr1: WARNING: V(i1,c) voltage is greater than specified by vmax
OSDI(debug) n.xru100.nr1: WARNING: V(i2,c) voltage is greater than specified by vmax
OSDI(debug) n.xru91.nr1: WARNING: V(i1,c) voltage is greater than specified by vmax
OSDI(debug) n.xru91.nr1: WARNING: V(i2,c) voltage is greater than specified by vmax
OSDI(debug) n.xru90.nr1: WARNING: V(i1,c) voltage is greater than specified by vmax
OSDI(debug) n.xru90.nr1: WARNING: V(i2,c) voltage is greater than specified by vmax
OSDI(debug) n.xru89.nr1: WARNING: V(i1,c) voltage is greater than specified by vmax
OSDI(debug) n.xru89.nr1: WARNING: V(i2,c) voltage is greater than specified by vmax
OSDI(debug) n.xru88.nr1: WARNING: V(i1,c) voltage is greater than specified by vmax
OSDI(debug) n.xru88.nr1: WARNING: V(i2,c) voltage is greater than specified by vmax
OSDI(debug) n.xru87.nr1: WARNING: V(i1,c) voltage is greater than specified by vmax
OSDI(debug) n.xru87.nr1: WARNING: V(i2,c) voltage is greater than specified by vmax
OSDI(debug) n.xru86.nr1: WARNING: V(i1,c) voltage is greater than specified by vmax
OSDI(debug) n.xru86.nr1: WARNING: V(i2,c) voltage is greater than specified by vmax
OSDI(debug) n.xru85.nr1: WARNING: V(i1,c) voltage is greater than specified by vmax
OSDI(debug) n.xru85.nr1: WARNING: V(i2,c) voltage is greater than specified by vmax
OSDI(debug) n.xru84.nr1: WARNING: V(i1,c) voltage is greater than specified by vmax
OSDI(debug) n.xru84.nr1: WARNING: V(i2,c) voltage is greater than specified by vmax
OSDI(debug) n.xru83.nr1: WARNING: V(i1,c) voltage is greater than specified by vmax
OSDI(debug) n.xru83.nr1: WARNING: V(i2,c) voltage is greater than specified by vmax
OSDI(debug) n.xru82.nr1: WARNING: V(i1,c) voltage is greater than specified by vmax
OSDI(debug) n.xru82.nr1: WARNING: V(i2,c) voltage is greater than specified by vmax
OSDI(debug) n.xru81.nr1: WARNING: V(i1,c) voltage is greater than specified by vmax
OSDI(debug) n.xru81.nr1: WARNING: V(i2,c) voltage is greater than specified by vmax
OSDI(debug) n.xru80.nr1: WARNING: V(i1,c) voltage is greater than specified by vmax
OSDI(debug) n.xru80.nr1: WARNING: V(i2,c) voltage is greater than specified by vmax
OSDI(debug) n.xru79.nr1: WARNING: V(i1,c) voltage is greater than specified by vmax
OSDI(debug) n.xru79.nr1: WARNING: V(i2,c) voltage is greater than specified by vmax
OSDI(debug) n.xru78.nr1: WARNING: V(i1,c) voltage is greater than specified by vmax
OSDI(debug) n.xru78.nr1: WARNING: V(i2,c) voltage is greater than specified by vmax
OSDI(debug) n.xru77.nr1: WARNING: V(i1,c) voltage is greater than specified by vmax
OSDI(debug) n.xru77.nr1: WARNING: V(i2,c) voltage is greater than specified by vmax
OSDI(debug) n.xru76.nr1: WARNING: V(i1,c) voltage is greater than specified by vmax
OSDI(debug) n.xru76.nr1: WARNING: V(i2,c) voltage is greater than specified by vmax
OSDI(debug) n.xru75.nr1: WARNING: V(i1,c) voltage is greater than specified by vmax
OSDI(debug) n.xru75.nr1: WARNING: V(i2,c) voltage is greater than specified by vmax
OSDI(debug) n.xru74.nr1: WARNING: V(i1,c) voltage is greater than specified by vmax
OSDI(debug) n.xru74.nr1: WARNING: V(i2,c) voltage is greater than specified by vmax
OSDI(debug) n.xru73.nr1: WARNING: V(i1,c) voltage is greater than specified by vmax
OSDI(debug) n.xru73.nr1: WARNING: V(i2,c) voltage is greater than specified by vmax
OSDI(debug) n.xru72.nr1: WARNING: V(i1,c) voltage is greater than specified by vmax
OSDI(debug) n.xru72.nr1: WARNING: V(i2,c) voltage is greater than specified by vmax
OSDI(debug) n.xru71.nr1: WARNING: V(i1,c) voltage is greater than specified by vmax
OSDI(debug) n.xru71.nr1: WARNING: V(i2,c) voltage is greater than specified by vmax
OSDI(debug) n.xru70.nr1: WARNING: V(i1,c) voltage is greater than specified by vmax
OSDI(debug) n.xru70.nr1: WARNING: V(i2,c) voltage is greater than specified by vmax
OSDI(debug) n.xru69.nr1: WARNING: V(i1,c) voltage is greater than specified by vmax
OSDI(debug) n.xru69.nr1: WARNING: V(i2,c) voltage is greater than specified by vmax
OSDI(debug) n.xru68.nr1: WARNING: V(i1,c) voltage is greater than specified by vmax
OSDI(debug) n.xru68.nr1: WARNING: V(i2,c) voltage is greater than specified by vmax
OSDI(debug) n.xru67.nr1: WARNING: V(i1,c) voltage is greater than specified by vmax
OSDI(debug) n.xru67.nr1: WARNING: V(i2,c) voltage is greater than specified by vmax
OSDI(debug) n.xru66.nr1: WARNING: V(i1,c) voltage is greater than specified by vmax
OSDI(debug) n.xru66.nr1: WARNING: V(i2,c) voltage is greater than specified by vmax
OSDI(debug) n.xru65.nr1: WARNING: V(i1,c) voltage is greater than specified by vmax
OSDI(debug) n.xru65.nr1: WARNING: V(i2,c) voltage is greater than specified by vmax
OSDI(debug) n.xru64.nr1: WARNING: V(i1,c) voltage is greater than specified by vmax
OSDI(debug) n.xru64.nr1: WARNING: V(i2,c) voltage is greater than specified by vmax
OSDI(debug) n.xru63.nr1: WARNING: V(i1,c) voltage is greater than specified by vmax
OSDI(debug) n.xru63.nr1: WARNING: V(i2,c) voltage is greater than specified by vmax
OSDI(debug) n.xru62.nr1: WARNING: V(i1,c) voltage is greater than specified by vmax
OSDI(debug) n.xru62.nr1: WARNING: V(i2,c) voltage is greater than specified by vmax
OSDI(debug) n.xru61.nr1: WARNING: V(i1,c) voltage is greater than specified by vmax
OSDI(debug) n.xru61.nr1: WARNING: V(i2,c) voltage is greater than specified by vmax
OSDI(debug) n.xru60.nr1: WARNING: V(i1,c) voltage is greater than specified by vmax
OSDI(debug) n.xru60.nr1: WARNING: V(i2,c) voltage is greater than specified by vmax
OSDI(debug) n.xru59.nr1: WARNING: V(i1,c) voltage is greater than specified by vmax
OSDI(debug) n.xru59.nr1: WARNING: V(i2,c) voltage is greater than specified by vmax
OSDI(debug) n.xru58.nr1: WARNING: V(i1,c) voltage is greater than specified by vmax
OSDI(debug) n.xru58.nr1: WARNING: V(i2,c) voltage is greater than specified by vmax
OSDI(debug) n.xru57.nr1: WARNING: V(i1,c) voltage is greater than specified by vmax
OSDI(debug) n.xru57.nr1: WARNING: V(i2,c) voltage is greater than specified by vmax
OSDI(debug) n.xru56.nr1: WARNING: V(i1,c) voltage is greater than specified by vmax
OSDI(debug) n.xru56.nr1: WARNING: V(i2,c) voltage is greater than specified by vmax
OSDI(debug) n.xru55.nr1: WARNING: V(i1,c) voltage is greater than specified by vmax
OSDI(debug) n.xru55.nr1: WARNING: V(i2,c) voltage is greater than specified by vmax
OSDI(debug) n.xru54.nr1: WARNING: V(i1,c) voltage is greater than specified by vmax
OSDI(debug) n.xru54.nr1: WARNING: V(i2,c) voltage is greater than specified by vmax
OSDI(debug) n.xru53.nr1: WARNING: V(i1,c) voltage is greater than specified by vmax
OSDI(debug) n.xru53.nr1: WARNING: V(i2,c) voltage is greater than specified by vmax
OSDI(debug) n.xru52.nr1: WARNING: V(i1,c) voltage is greater than specified by vmax
OSDI(debug) n.xru52.nr1: WARNING: V(i2,c) voltage is greater than specified by vmax
OSDI(debug) n.xru51.nr1: WARNING: V(i1,c) voltage is greater than specified by vmax
OSDI(debug) n.xru51.nr1: WARNING: V(i2,c) voltage is greater than specified by vmax
OSDI(debug) n.xru50.nr1: WARNING: V(i1,c) voltage is greater than specified by vmax
OSDI(debug) n.xru50.nr1: WARNING: V(i2,c) voltage is greater than specified by vmax
OSDI(debug) n.xru49.nr1: WARNING: V(i1,c) voltage is greater than specified by vmax
OSDI(debug) n.xru49.nr1: WARNING: V(i2,c) voltage is greater than specified by vmax
OSDI(debug) n.xru48.nr1: WARNING: V(i1,c) voltage is greater than specified by vmax
OSDI(debug) n.xru48.nr1: WARNING: V(i2,c) voltage is greater than specified by vmax
OSDI(debug) n.xru252.nr1: OSDI(debug) n.xru235.nr1: WARNING: V(i1,c) voltage is greater than specified by vmax
OSDI(debug) n.xru235.nr1: WARNING: V(i2,c) voltage is greater than specified by vmax
OSDI(debug) n.xru104.nr1: OSDI(debug) n.xru47.nr1: OSDI(debug) n.xru46.nr1: WARNING: V(i1,c) voltage is greater than specified by vmax
WARNING: V(i1,c) voltage is greater than specified by vmax
OSDI(debug) n.xru252.nr1: WARNING: V(i2,c) voltage is greater than specified by vmax
OSDI(debug) n.xru45.nr1: WARNING: V(i1,c) voltage is greater than specified by vmax
OSDI(debug) n.xru45.nr1: WARNING: V(i2,c) voltage is greater than specified by vmax
OSDI(debug) n.xru44.nr1: WARNING: V(i1,c) voltage is greater than specified by vmax
OSDI(debug) n.xru44.nr1: WARNING: V(i2,c) voltage is greater than specified by vmax
OSDI(debug) n.xru43.nr1: WARNING: V(i1,c) voltage is greater than specified by vmax
OSDI(debug) n.xru43.nr1: WARNING: V(i2,c) voltage is greater than specified by vmax
OSDI(debug) n.xru42.nr1: WARNING: V(i1,c) voltage is greater than specified by vmax
OSDI(debug) n.xru42.nr1: WARNING: V(i2,c) voltage is greater than specified by vmax
OSDI(debug) n.xru41.nr1: WARNING: V(i1,c) voltage is greater than specified by vmax
OSDI(debug) n.xru41.nr1: WARNING: V(i2,c) voltage is greater than specified by vmax
WARNING: V(i1,c) voltage is greater than specified by vmax
OSDI(debug) n.xru47.nr1: WARNING: V(i2,c) voltage is greater than specified by vmax
OSDI(debug) n.xru39.nr1: WARNING: V(i1,c) voltage is greater than specified by vmax
OSDI(debug) n.xru39.nr1: WARNING: V(i2,c) voltage is greater than specified by vmax
OSDI(debug) n.xru38.nr1: WARNING: V(i1,c) voltage is greater than specified by vmax
OSDI(debug) n.xru38.nr1: WARNING: V(i2,c) voltage is greater than specified by vmax
OSDI(debug) n.xru37.nr1: WARNING: V(i1,c) voltage is greater than specified by vmax
OSDI(debug) n.xru37.nr1: WARNING: V(i2,c) voltage is greater than specified by vmax
OSDI(debug) n.xru36.nr1: WARNING: V(i1,c) voltage is greater than specified by vmax
OSDI(debug) n.xru36.nr1: WARNING: V(i2,c) voltage is greater than specified by vmax
OSDI(debug) n.xru35.nr1: WARNING: V(i1,c) voltage is greater than specified by vmax
OSDI(debug) n.xru35.nr1: WARNING: V(i2,c) voltage is greater than specified by vmax
OSDI(debug) n.xru34.nr1: WARNING: V(i1,c) voltage is greater than specified by vmax
OSDI(debug) n.xru34.nr1: WARNING: V(i2,c) voltage is greater than specified by vmax
OSDI(debug) n.xru33.nr1: WARNING: V(i1,c) voltage is greater than specified by vmax
WARNING: V(i1,c) voltage is greater than specified by vmax
OSDI(debug) n.xru250.nr1: OSDI(debug) n.xru251.nr1: WARNING: V(i1,c) voltage is greater than specified by vmax
OSDI(debug) n.xru104.nr1: OSDI(debug) n.xru250.nr1: WARNING: V(i2,c) voltage is greater than specified by vmax
WARNING: V(i2,c) voltage is greater than specified by vmax
OSDI(debug) n.xru249.nr1: OSDI(debug) n.xru46.nr1: WARNING: V(i2,c) voltage is greater than specified by vmax
WARNING: V(i1,c) voltage is greater than specified by vmax
OSDI(debug) n.xru249.nr1: WARNING: V(i2,c) voltage is greater than specified by vmax
OSDI(debug) n.xru40.nr1: OSDI(debug) n.xru29.nr1: WARNING: V(i1,c) voltage is greater than specified by vmax
OSDI(debug) n.xru29.nr1: WARNING: V(i2,c) voltage is greater than specified by vmax
OSDI(debug) n.xru31.nr1: OSDI(debug) n.xru32.nr1: OSDI(debug) n.xru28.nr1: WARNING: V(i1,c) voltage is greater than specified by vmax
OSDI(debug) n.xru33.nr1: OSDI(debug) n.xru32.nr1: WARNING: V(i2,c) voltage is greater than specified by vmax
WARNING: V(i1,c) voltage is greater than specified by vmax
OSDI(debug) n.xru27.nr1: WARNING: V(i1,c) voltage is greater than specified by vmax
OSDI(debug) n.xru31.nr1: WARNING: V(i2,c) voltage is greater than specified by vmax
OSDI(debug) n.xru26.nr1: WARNING: V(i1,c) voltage is greater than specified by vmax
OSDI(debug) n.xru26.nr1: WARNING: V(i2,c) voltage is greater than specified by vmax
OSDI(debug) n.xru25.nr1: WARNING: V(i1,c) voltage is greater than specified by vmax
OSDI(debug) n.xru25.nr1: WARNING: V(i2,c) voltage is greater than specified by vmax
WARNING: V(i2,c) voltage is greater than specified by vmax
OSDI(debug) n.xru23.nr1: WARNING: V(i1,c) voltage is greater than specified by vmax
OSDI(debug) n.xru23.nr1: WARNING: V(i2,c) voltage is greater than specified by vmax
OSDI(debug) n.xru22.nr1: WARNING: V(i1,c) voltage is greater than specified by vmax
OSDI(debug) n.xru22.nr1: WARNING: V(i2,c) voltage is greater than specified by vmax
OSDI(debug) n.xru21.nr1: WARNING: V(i1,c) voltage is greater than specified by vmax
OSDI(debug) n.xru21.nr1: WARNING: V(i2,c) voltage is greater than specified by vmax
OSDI(debug) n.xru20.nr1: WARNING: V(i1,c) voltage is greater than specified by vmax
OSDI(debug) n.xru20.nr1: WARNING: V(i2,c) voltage is greater than specified by vmax
OSDI(debug) n.xru19.nr1: WARNING: V(i1,c) voltage is greater than specified by vmax
OSDI(debug) n.xru19.nr1: WARNING: V(i2,c) voltage is greater than specified by vmax
OSDI(debug) n.xru18.nr1: WARNING: V(i1,c) voltage is greater than specified by vmax
OSDI(debug) n.xru18.nr1: OSDI(debug) n.xru30.nr1: WARNING: V(i2,c) voltage is greater than specified by vmax
OSDI(debug) n.xru17.nr1: WARNING: V(i1,c) voltage is greater than specified by vmax
OSDI(debug) n.xru17.nr1: WARNING: V(i2,c) voltage is greater than specified by vmax
OSDI(debug) n.xru16.nr1: WARNING: V(i1,c) voltage is greater than specified by vmax
OSDI(debug) n.xru27.nr1: WARNING: V(i1,c) voltage is greater than specified by vmax
WARNING: V(i2,c) voltage is greater than specified by vmax
OSDI(debug) n.xru40.nr1: WARNING: V(i2,c) voltage is greater than specified by vmax
WARNING: V(i1,c) voltage is greater than specified by vmax
OSDI(debug) n.xru251.nr1: WARNING: V(i2,c) voltage is greater than specified by vmax
OSDI(debug) n.xru16.nr1: OSDI(debug) n.xru13.nr1: WARNING: V(i1,c) voltage is greater than specified by vmax
OSDI(debug) n.xru13.nr1: WARNING: V(i2,c) voltage is greater than specified by vmax
OSDI(debug) n.xru12.nr1: WARNING: V(i1,c) voltage is greater than specified by vmax
OSDI(debug) n.xru12.nr1: WARNING: V(i2,c) voltage is greater than specified by vmax
WARNING: V(i1,c) voltage is greater than specified by vmax
OSDI(debug) n.xru15.nr1: OSDI(debug) n.xru28.nr1: WARNING: V(i2,c) voltage is greater than specified by vmax
OSDI(debug) n.xru10.nr1: WARNING: V(i1,c) voltage is greater than specified by vmax
OSDI(debug) n.xru10.nr1: WARNING: V(i2,c) voltage is greater than specified by vmax
OSDI(debug) n.xru9.nr1: WARNING: V(i1,c) voltage is greater than specified by vmax
OSDI(debug) n.xru9.nr1: WARNING: V(i2,c) voltage is greater than specified by vmax
OSDI(debug) n.xru8.nr1: WARNING: V(i1,c) voltage is greater than specified by vmax
OSDI(debug) n.xru8.nr1: WARNING: V(i2,c) voltage is greater than specified by vmax
OSDI(debug) n.xru7.nr1: WARNING: V(i1,c) voltage is greater than specified by vmax
WARNING: V(i1,c) voltage is greater than specified by vmax
OSDI(debug) n.xru30.nr1: WARNING: V(i2,c) voltage is greater than specified by vmax
OSDI(debug) n.xru6.nr1: WARNING: V(i1,c) voltage is greater than specified by vmax
WARNING: V(i2,c) voltage is greater than specified by vmax
OSDI(debug) n.xru11.nr1: OSDI(debug) n.xru5.nr1: WARNING: V(i1,c) voltage is greater than specified by vmax
OSDI(debug) n.xru14.nr1: OSDI(debug) n.xru11.nr1: WARNING: V(i1,c) voltage is greater than specified by vmax
OSDI(debug) n.xru7.nr1: OSDI(debug) n.xru14.nr1: WARNING: V(i2,c) voltage is greater than specified by vmax
WARNING: V(i2,c) voltage is greater than specified by vmax
OSDI(debug) n.xru24.nr1: OSDI(debug) n.xru3.nr1: WARNING: V(i1,c) voltage is greater than specified by vmax
WARNING: V(i1,c) voltage is greater than specified by vmax
OSDI(debug) n.xru3.nr1: WARNING: V(i2,c) voltage is greater than specified by vmax
OSDI(debug) n.xru24.nr1: OSDI(debug) n.xru4.nr1: WARNING: V(i2,c) voltage is greater than specified by vmax
OSDI(debug) n.xru2.nr1: WARNING: V(i1,c) voltage is greater than specified by vmax
WARNING: V(i1,c) voltage is greater than specified by vmax
OSDI(debug) n.xru4.nr1: WARNING: V(i2,c) voltage is greater than specified by vmax
OSDI(debug) n.xru1.nr1: OSDI(debug) n.xru5.nr1: WARNING: V(i2,c) voltage is greater than specified by vmax
WARNING: V(i1,c) voltage is greater than specified by vmax
OSDI(debug) n.xr1.nr1: WARNING: V(i1,c) voltage is greater than specified by vmax
WARNING: V(i2,c) voltage is greater than specified by vmax
WARNING: V(i1,c) voltage is greater than specified by vmax
OSDI(debug) n.xru254.nr1: WARNING: V(i2,c) voltage is greater than specified by vmax
WARNING: V(i1,c) voltage is greater than specified by vmax
OSDI(debug) n.xr1.nr1: WARNING: V(i2,c) voltage is greater than specified by vmax
OSDI(debug) n.xru6.nr1: WARNING: V(i2,c) voltage is greater than specified by vmax
WARNING: V(i1,c) voltage is greater than specified by vmax
OSDI(debug) n.xru2.nr1: WARNING: V(i2,c) voltage is greater than specified by vmax
OSDI(debug) n.xru15.nr1: WARNING: V(i2,c) voltage is greater than specified by vmax
OSDI(debug) n.xru1.nr1: WARNING: V(i2,c) voltage is greater than specified by vmax
OSDI(debug) n.xru255.nr1: WARNING: V(i1,c) voltage is greater than specified by vmax
OSDI(debug) n.xru251.nr1: OSDI(debug) n.xru250.nr1: OSDI(debug) n.xru255.nr1: WARNING: V(i1,c) voltage is greater than specified by vmax
OSDI(debug) n.xru254.nr1: OSDI(debug) n.xru251.nr1: WARNING: V(i2,c) voltage is greater than specified by vmax
OSDI(debug) n.xru253.nr1: OSDI(debug) n.xru249.nr1: OSDI(debug) n.xru248.nr1: WARNING: V(i1,c) voltage is greater than specified by vmax
WARNING: V(i2,c) voltage is greater than specified by vmax
OSDI(debug) n.xru248.nr1: WARNING: V(i1,c) voltage is greater than specified by vmax
OSDI(debug) n.xru252.nr1: WARNING: V(i2,c) voltage is greater than specified by vmax
WARNING: V(i1,c) voltage is greater than specified by vmax
OSDI(debug) n.xru252.nr1: WARNING: V(i2,c) voltage is greater than specified by vmax
WARNING: V(i1,c) voltage is greater than specified by vmax
OSDI(debug) n.xru245.nr1: WARNING: V(i1,c) voltage is greater than specified by vmax
OSDI(debug) n.xru245.nr1: WARNING: V(i2,c) voltage is greater than specified by vmax
OSDI(debug) n.xru254.nr1: OSDI(debug) n.xru246.nr1: OSDI(debug) n.xru244.nr1: WARNING: V(i1,c) voltage is greater than specified by vmax
OSDI(debug) n.xru250.nr1: WARNING: V(i2,c) voltage is greater than specified by vmax
OSDI(debug) n.xru242.nr1: WARNING: V(i1,c) voltage is greater than specified by vmax
OSDI(debug) n.xru242.nr1: WARNING: V(i2,c) voltage is greater than specified by vmax
OSDI(debug) n.xru241.nr1: WARNING: V(i1,c) voltage is greater than specified by vmax
OSDI(debug) n.xru241.nr1: WARNING: V(i2,c) voltage is greater than specified by vmax
OSDI(debug) n.xru240.nr1: WARNING: V(i1,c) voltage is greater than specified by vmax
OSDI(debug) n.xru240.nr1: WARNING: V(i2,c) voltage is greater than specified by vmax
OSDI(debug) n.xru239.nr1: WARNING: V(i1,c) voltage is greater than specified by vmax
OSDI(debug) n.xru246.nr1: WARNING: V(i2,c) voltage is greater than specified by vmax
OSDI(debug) n.xru238.nr1: WARNING: V(i1,c) voltage is greater than specified by vmax
WARNING: V(i1,c) voltage is greater than specified by vmax
OSDI(debug) n.xru244.nr1: WARNING: V(i2,c) voltage is greater than specified by vmax
OSDI(debug) n.xru243.nr1: OSDI(debug) n.xru237.nr1: WARNING: V(i1,c) voltage is greater than specified by vmax
WARNING: V(i2,c) voltage is greater than specified by vmax
OSDI(debug) n.xru247.nr1: OSDI(debug) n.xru249.nr1: WARNING: V(i1,c) voltage is greater than specified by vmax
WARNING: V(i2,c) voltage is greater than specified by vmax
WARNING: V(i1,c) voltage is greater than specified by vmax
OSDI(debug) n.xru236.nr1: OSDI(debug) n.xru239.nr1: WARNING: V(i1,c) voltage is greater than specified by vmax
OSDI(debug) n.xru238.nr1: OSDI(debug) n.xru237.nr1: OSDI(debug) n.xru243.nr1: WARNING: V(i2,c) voltage is greater than specified by vmax
WARNING: V(i2,c) voltage is greater than specified by vmax
WARNING: V(i2,c) voltage is greater than specified by vmax
WARNING: V(i2,c) voltage is greater than specified by vmax
OSDI(debug) n.xru247.nr1: OSDI(debug) n.xru233.nr1: WARNING: V(i1,c) voltage is greater than specified by vmax
OSDI(debug) n.xru232.nr1: OSDI(debug) n.xru233.nr1: WARNING: V(i2,c) voltage is greater than specified by vmax
WARNING: V(i1,c) voltage is greater than specified by vmax
OSDI(debug) n.xru230.nr1: WARNING: V(i2,c) voltage is greater than specified by vmax
WARNING: V(i1,c) voltage is greater than specified by vmax
OSDI(debug) n.xru229.nr1: WARNING: V(i1,c) voltage is greater than specified by vmax
OSDI(debug) n.xru232.nr1: OSDI(debug) n.xru229.nr1: WARNING: V(i2,c) voltage is greater than specified by vmax
OSDI(debug) n.xru253.nr1: OSDI(debug) n.xru228.nr1: WARNING: V(i1,c) voltage is greater than specified by vmax
OSDI(debug) n.xru228.nr1: WARNING: V(i2,c) voltage is greater than specified by vmax
WARNING: V(i2,c) voltage is greater than specified by vmax
WARNING: V(i1,c) voltage is greater than specified by vmax
WARNING: V(i1,c) voltage is greater than specified by vmax
OSDI(debug) n.xru235.nr1: OSDI(debug) n.xru236.nr1: WARNING: V(i2,c) voltage is greater than specified by vmax
WARNING: V(i1,c) voltage is greater than specified by vmax
OSDI(debug) n.xru235.nr1: WARNING: V(i2,c) voltage is greater than specified by vmax
OSDI(debug) n.xru224.nr1: OSDI(debug) n.xru227.nr1: WARNING: V(i2,c) voltage is greater than specified by vmax
WARNING: V(i1,c) voltage is greater than specified by vmax
OSDI(debug) n.xru230.nr1: OSDI(debug) n.xru223.nr1: OSDI(debug) n.xru227.nr1: WARNING: V(i1,c) voltage is greater than specified by vmax
OSDI(debug) n.xru231.nr1: OSDI(debug) n.xru234.nr1: OSDI(debug) n.xru226.nr1: WARNING: V(i1,c) voltage is greater than specified by vmax
WARNING: V(i1,c) voltage is greater than specified by vmax
WARNING: V(i2,c) voltage is greater than specified by vmax
OSDI(debug) n.xru223.nr1: WARNING: V(i2,c) voltage is greater than specified by vmax
OSDI(debug) n.xru222.nr1: WARNING: V(i1,c) voltage is greater than specified by vmax
OSDI(debug) n.xru222.nr1: WARNING: V(i2,c) voltage is greater than specified by vmax
OSDI(debug) n.xru220.nr1: WARNING: V(i1,c) voltage is greater than specified by vmax
OSDI(debug) n.xru220.nr1: WARNING: V(i2,c) voltage is greater than specified by vmax
OSDI(debug) n.xru219.nr1: WARNING: V(i1,c) voltage is greater than specified by vmax
OSDI(debug) n.xru219.nr1: WARNING: V(i2,c) voltage is greater than specified by vmax
OSDI(debug) n.xru218.nr1: WARNING: V(i1,c) voltage is greater than specified by vmax
OSDI(debug) n.xru218.nr1: WARNING: V(i2,c) voltage is greater than specified by vmax
WARNING: V(i2,c) voltage is greater than specified by vmax
OSDI(debug) n.xru217.nr1: WARNING: V(i1,c) voltage is greater than specified by vmax
OSDI(debug) n.xru217.nr1: WARNING: V(i2,c) voltage is greater than specified by vmax
OSDI(debug) n.xru216.nr1: OSDI(debug) n.xru215.nr1: WARNING: V(i1,c) voltage is greater than specified by vmax
WARNING: V(i1,c) voltage is greater than specified by vmax
OSDI(debug) n.xru234.nr1: WARNING: V(i2,c) voltage is greater than specified by vmax
OSDI(debug) n.xru221.nr1: OSDI(debug) n.xru226.nr1: OSDI(debug) n.xru225.nr1: OSDI(debug) n.xru214.nr1: WARNING: V(i1,c) voltage is greater than specified by vmax
WARNING: V(i1,c) voltage is greater than specified by vmax
OSDI(debug) n.xru225.nr1: WARNING: V(i2,c) voltage is greater than specified by vmax
WARNING: V(i1,c) voltage is greater than specified by vmax
OSDI(debug) n.xru221.nr1: WARNING: V(i2,c) voltage is greater than specified by vmax
WARNING: V(i2,c) voltage is greater than specified by vmax
OSDI(debug) n.xru211.nr1: WARNING: V(i1,c) voltage is greater than specified by vmax
OSDI(debug) n.xru211.nr1: WARNING: V(i2,c) voltage is greater than specified by vmax
OSDI(debug) n.xru216.nr1: OSDI(debug) n.xru214.nr1: WARNING: V(i2,c) voltage is greater than specified by vmax
WARNING: V(i2,c) voltage is greater than specified by vmax
OSDI(debug) n.xru209.nr1: WARNING: V(i1,c) voltage is greater than specified by vmax
WARNING: V(i1,c) voltage is greater than specified by vmax
OSDI(debug) n.xru231.nr1: OSDI(debug) n.xru224.nr1: WARNING: V(i2,c) voltage is greater than specified by vmax
WARNING: V(i2,c) voltage is greater than specified by vmax
OSDI(debug) n.xru213.nr1: WARNING: V(i1,c) voltage is greater than specified by vmax
OSDI(debug) n.xru213.nr1: WARNING: V(i2,c) voltage is greater than specified by vmax
OSDI(debug) n.xru212.nr1: WARNING: V(i1,c) voltage is greater than specified by vmax
OSDI(debug) n.xru205.nr1: OSDI(debug) n.xru208.nr1: OSDI(debug) n.xru212.nr1: WARNING: V(i2,c) voltage is greater than specified by vmax
WARNING: V(i1,c) voltage is greater than specified by vmax
OSDI(debug) n.xru206.nr1: WARNING: V(i1,c) voltage is greater than specified by vmax
OSDI(debug) n.xru209.nr1: OSDI(debug) n.xru205.nr1: WARNING: V(i2,c) voltage is greater than specified by vmax
OSDI(debug) n.xru208.nr1: OSDI(debug) n.xru203.nr1: WARNING: V(i1,c) voltage is greater than specified by vmax
WARNING: V(i2,c) voltage is greater than specified by vmax
OSDI(debug) n.xru210.nr1: OSDI(debug) n.xru207.nr1: WARNING: V(i1,c) voltage is greater than specified by vmax
WARNING: V(i1,c) voltage is greater than specified by vmax
OSDI(debug) n.xru210.nr1: OSDI(debug) n.xru215.nr1: WARNING: V(i2,c) voltage is greater than specified by vmax
OSDI(debug) n.xru202.nr1: WARNING: V(i2,c) voltage is greater than specified by vmax
OSDI(debug) n.xru201.nr1: WARNING: V(i1,c) voltage is greater than specified by vmax
WARNING: V(i1,c) voltage is greater than specified by vmax
WARNING: V(i1,c) voltage is greater than specified by vmax
WARNING: V(i1,c) voltage is greater than specified by vmax
OSDI(debug) n.xru200.nr1: WARNING: V(i2,c) voltage is greater than specified by vmax
WARNING: V(i1,c) voltage is greater than specified by vmax
OSDI(debug) n.xru204.nr1: OSDI(debug) n.xru200.nr1: WARNING: V(i2,c) voltage is greater than specified by vmax
OSDI(debug) n.xru202.nr1: WARNING: V(i2,c) voltage is greater than specified by vmax
OSDI(debug) n.xru198.nr1: WARNING: V(i1,c) voltage is greater than specified by vmax
OSDI(debug) n.xru198.nr1: WARNING: V(i2,c) voltage is greater than specified by vmax
OSDI(debug) n.xru196.nr1: WARNING: V(i1,c) voltage is greater than specified by vmax
OSDI(debug) n.xru199.nr1: OSDI(debug) n.xru196.nr1: WARNING: V(i1,c) voltage is greater than specified by vmax
OSDI(debug) n.xru201.nr1: OSDI(debug) n.xru199.nr1: WARNING: V(i2,c) voltage is greater than specified by vmax
OSDI(debug) n.xru195.nr1: WARNING: V(i1,c) voltage is greater than specified by vmax
OSDI(debug) n.xru195.nr1: WARNING: V(i2,c) voltage is greater than specified by vmax
OSDI(debug) n.xru194.nr1: WARNING: V(i1,c) voltage is greater than specified by vmax
OSDI(debug) n.xru194.nr1: WARNING: V(i2,c) voltage is greater than specified by vmax
OSDI(debug) n.xru193.nr1: WARNING: V(i1,c) voltage is greater than specified by vmax
WARNING: V(i2,c) voltage is greater than specified by vmax
OSDI(debug) n.xru192.nr1: WARNING: V(i1,c) voltage is greater than specified by vmax
OSDI(debug) n.xru192.nr1: WARNING: V(i2,c) voltage is greater than specified by vmax
OSDI(debug) n.xru191.nr1: WARNING: V(i1,c) voltage is greater than specified by vmax
OSDI(debug) n.xru191.nr1: WARNING: V(i2,c) voltage is greater than specified by vmax
OSDI(debug) n.xru190.nr1: WARNING: V(i1,c) voltage is greater than specified by vmax
OSDI(debug) n.xru190.nr1: WARNING: V(i2,c) voltage is greater than specified by vmax
OSDI(debug) n.xru189.nr1: WARNING: V(i1,c) voltage is greater than specified by vmax
OSDI(debug) n.xru189.nr1: WARNING: V(i2,c) voltage is greater than specified by vmax
OSDI(debug) n.xru188.nr1: WARNING: V(i1,c) voltage is greater than specified by vmax
OSDI(debug) n.xru188.nr1: WARNING: V(i2,c) voltage is greater than specified by vmax
OSDI(debug) n.xru187.nr1: WARNING: V(i1,c) voltage is greater than specified by vmax
OSDI(debug) n.xru187.nr1: WARNING: V(i2,c) voltage is greater than specified by vmax
WARNING: V(i1,c) voltage is greater than specified by vmax
OSDI(debug) n.xru204.nr1: WARNING: V(i2,c) voltage is greater than specified by vmax
OSDI(debug) n.xru203.nr1: OSDI(debug) n.xru185.nr1: WARNING: V(i2,c) voltage is greater than specified by vmax
OSDI(debug) n.xru184.nr1: WARNING: V(i1,c) voltage is greater than specified by vmax
OSDI(debug) n.xru197.nr1: OSDI(debug) n.xru184.nr1: OSDI(debug) n.xru206.nr1: WARNING: V(i1,c) voltage is greater than specified by vmax
WARNING: V(i2,c) voltage is greater than specified by vmax
OSDI(debug) n.xru197.nr1: WARNING: V(i2,c) voltage is greater than specified by vmax
OSDI(debug) n.xru193.nr1: OSDI(debug) n.xru183.nr1: OSDI(debug) n.xru182.nr1: WARNING: V(i2,c) voltage is greater than specified by vmax
OSDI(debug) n.xru186.nr1: WARNING: V(i2,c) voltage is greater than specified by vmax
OSDI(debug) n.xru180.nr1: WARNING: V(i1,c) voltage is greater than specified by vmax
OSDI(debug) n.xru180.nr1: WARNING: V(i2,c) voltage is greater than specified by vmax
OSDI(debug) n.xru179.nr1: WARNING: V(i1,c) voltage is greater than specified by vmax
OSDI(debug) n.xru179.nr1: WARNING: V(i2,c) voltage is greater than specified by vmax
OSDI(debug) n.xru178.nr1: WARNING: V(i1,c) voltage is greater than specified by vmax
OSDI(debug) n.xru178.nr1: WARNING: V(i2,c) voltage is greater than specified by vmax
WARNING: V(i1,c) voltage is greater than specified by vmax
OSDI(debug) n.xru177.nr1: WARNING: V(i1,c) voltage is greater than specified by vmax
OSDI(debug) n.xru177.nr1: WARNING: V(i2,c) voltage is greater than specified by vmax
OSDI(debug) n.xru183.nr1: WARNING: V(i2,c) voltage is greater than specified by vmax
OSDI(debug) n.xru207.nr1: OSDI(debug) n.xru175.nr1: WARNING: V(i2,c) voltage is greater than specified by vmax
WARNING: V(i1,c) voltage is greater than specified by vmax
OSDI(debug) n.xru174.nr1: WARNING: V(i1,c) voltage is greater than specified by vmax
OSDI(debug) n.xru175.nr1: WARNING: V(i1,c) voltage is greater than specified by vmax
WARNING: V(i1,c) voltage is greater than specified by vmax
OSDI(debug) n.xru182.nr1: WARNING: V(i2,c) voltage is greater than specified by vmax
OSDI(debug) n.xru176.nr1: OSDI(debug) n.xru173.nr1: WARNING: V(i1,c) voltage is greater than specified by vmax
WARNING: V(i1,c) voltage is greater than specified by vmax
OSDI(debug) n.xru181.nr1: OSDI(debug) n.xru173.nr1: WARNING: V(i1,c) voltage is greater than specified by vmax
OSDI(debug) n.xru176.nr1: WARNING: V(i2,c) voltage is greater than specified by vmax
OSDI(debug) n.xru172.nr1: WARNING: V(i1,c) voltage is greater than specified by vmax
OSDI(debug) n.xru186.nr1: OSDI(debug) n.xru172.nr1: WARNING: V(i2,c) voltage is greater than specified by vmax
OSDI(debug) n.xru171.nr1: WARNING: V(i1,c) voltage is greater than specified by vmax
OSDI(debug) n.xru171.nr1: WARNING: V(i2,c) voltage is greater than specified by vmax
WARNING: V(i2,c) voltage is greater than specified by vmax
OSDI(debug) n.xru185.nr1: OSDI(debug) n.xru169.nr1: OSDI(debug) n.xru174.nr1: WARNING: V(i2,c) voltage is greater than specified by vmax
WARNING: V(i2,c) voltage is greater than specified by vmax
OSDI(debug) n.xru168.nr1: WARNING: V(i1,c) voltage is greater than specified by vmax
WARNING: V(i2,c) voltage is greater than specified by vmax
OSDI(debug) n.xru181.nr1: WARNING: V(i2,c) voltage is greater than specified by vmax
OSDI(debug) n.xru170.nr1: OSDI(debug) n.xru166.nr1: WARNING: V(i1,c) voltage is greater than specified by vmax
WARNING: V(i1,c) voltage is greater than specified by vmax
OSDI(debug) n.xru166.nr1: WARNING: V(i2,c) voltage is greater than specified by vmax
OSDI(debug) n.xru170.nr1: OSDI(debug) n.xru165.nr1: OSDI(debug) n.xru164.nr1: WARNING: V(i2,c) voltage is greater than specified by vmax
WARNING: V(i1,c) voltage is greater than specified by vmax
OSDI(debug) n.xru167.nr1: OSDI(debug) n.xru168.nr1: OSDI(debug) n.xru163.nr1: WARNING: V(i2,c) voltage is greater than specified by vmax
WARNING: V(i1,c) voltage is greater than specified by vmax
WARNING: V(i1,c) voltage is greater than specified by vmax
WARNING: V(i1,c) voltage is greater than specified by vmax
WARNING: V(i1,c) voltage is greater than specified by vmax
OSDI(debug) n.xru163.nr1: OSDI(debug) n.xru164.nr1: WARNING: V(i2,c) voltage is greater than specified by vmax
WARNING: V(i2,c) voltage is greater than specified by vmax
WARNING: V(i1,c) voltage is greater than specified by vmax
OSDI(debug) n.xru167.nr1: WARNING: V(i2,c) voltage is greater than specified by vmax
OSDI(debug) n.xru162.nr1: OSDI(debug) n.xru159.nr1: WARNING: V(i1,c) voltage is greater than specified by vmax
WARNING: V(i2,c) voltage is greater than specified by vmax
OSDI(debug) n.xru158.nr1: WARNING: V(i1,c) voltage is greater than specified by vmax
OSDI(debug) n.xru161.nr1: OSDI(debug) n.xru158.nr1: WARNING: V(i2,c) voltage is greater than specified by vmax
WARNING: V(i1,c) voltage is greater than specified by vmax
WARNING: V(i1,c) voltage is greater than specified by vmax
OSDI(debug) n.xru169.nr1: OSDI(debug) n.xru160.nr1: OSDI(debug) n.xru162.nr1: WARNING: V(i2,c) voltage is greater than specified by vmax
WARNING: V(i2,c) voltage is greater than specified by vmax
OSDI(debug) n.xru161.nr1: OSDI(debug) n.xru156.nr1: OSDI(debug) n.xru159.nr1: OSDI(debug) n.xru165.nr1: WARNING: V(i1,c) voltage is greater than specified by vmax
OSDI(debug) n.xru157.nr1: WARNING: V(i2,c) voltage is greater than specified by vmax
WARNING: V(i2,c) voltage is greater than specified by vmax
OSDI(debug) n.xru154.nr1: WARNING: V(i1,c) voltage is greater than specified by vmax
OSDI(debug) n.xru153.nr1: WARNING: V(i1,c) voltage is greater than specified by vmax
OSDI(debug) n.xru154.nr1: OSDI(debug) n.xru153.nr1: WARNING: V(i2,c) voltage is greater than specified by vmax
WARNING: V(i1,c) voltage is greater than specified by vmax
OSDI(debug) n.xru152.nr1: OSDI(debug) n.xru157.nr1: WARNING: V(i2,c) voltage is greater than specified by vmax
WARNING: V(i2,c) voltage is greater than specified by vmax
WARNING: V(i2,c) voltage is greater than specified by vmax
OSDI(debug) n.xru150.nr1: WARNING: V(i1,c) voltage is greater than specified by vmax
WARNING: V(i1,c) voltage is greater than specified by vmax
OSDI(debug) n.xru149.nr1: WARNING: V(i2,c) voltage is greater than specified by vmax
WARNING: V(i1,c) voltage is greater than specified by vmax
OSDI(debug) n.xru156.nr1: OSDI(debug) n.xru148.nr1: WARNING: V(i1,c) voltage is greater than specified by vmax
OSDI(debug) n.xru150.nr1: WARNING: V(i1,c) voltage is greater than specified by vmax
OSDI(debug) n.xru152.nr1: OSDI(debug) n.xru149.nr1: OSDI(debug) n.xru151.nr1: OSDI(debug) n.xru160.nr1: WARNING: V(i2,c) voltage is greater than specified by vmax
OSDI(debug) n.xru147.nr1: WARNING: V(i1,c) voltage is greater than specified by vmax
OSDI(debug) n.xru147.nr1: WARNING: V(i2,c) voltage is greater than specified by vmax
OSDI(debug) n.xru146.nr1: WARNING: V(i1,c) voltage is greater than specified by vmax
OSDI(debug) n.xru146.nr1: WARNING: V(i2,c) voltage is greater than specified by vmax
OSDI(debug) n.xru155.nr1: WARNING: V(i1,c) voltage is greater than specified by vmax
WARNING: V(i2,c) voltage is greater than specified by vmax
OSDI(debug) n.xru144.nr1: WARNING: V(i1,c) voltage is greater than specified by vmax
OSDI(debug) n.xru144.nr1: WARNING: V(i2,c) voltage is greater than specified by vmax
OSDI(debug) n.xru143.nr1: WARNING: V(i1,c) voltage is greater than specified by vmax
OSDI(debug) n.xru143.nr1: WARNING: V(i2,c) voltage is greater than specified by vmax
OSDI(debug) n.xru148.nr1: OSDI(debug) n.xru142.nr1: WARNING: V(i1,c) voltage is greater than specified by vmax
OSDI(debug) n.xru142.nr1: WARNING: V(i2,c) voltage is greater than specified by vmax
WARNING: V(i2,c) voltage is greater than specified by vmax
OSDI(debug) n.xru141.nr1: WARNING: V(i1,c) voltage is greater than specified by vmax
WARNING: V(i2,c) voltage is greater than specified by vmax
OSDI(debug) n.xru145.nr1: WARNING: V(i1,c) voltage is greater than specified by vmax
WARNING: V(i1,c) voltage is greater than specified by vmax
WARNING: V(i2,c) voltage is greater than specified by vmax
OSDI(debug) n.xru138.nr1: WARNING: V(i1,c) voltage is greater than specified by vmax
OSDI(debug) n.xru138.nr1: WARNING: V(i2,c) voltage is greater than specified by vmax
OSDI(debug) n.xru137.nr1: WARNING: V(i1,c) voltage is greater than specified by vmax
OSDI(debug) n.xru137.nr1: WARNING: V(i2,c) voltage is greater than specified by vmax
OSDI(debug) n.xru140.nr1: OSDI(debug) n.xru136.nr1: WARNING: V(i1,c) voltage is greater than specified by vmax
OSDI(debug) n.xru136.nr1: WARNING: V(i2,c) voltage is greater than specified by vmax
OSDI(debug) n.xru139.nr1: OSDI(debug) n.xru135.nr1: WARNING: V(i1,c) voltage is greater than specified by vmax
OSDI(debug) n.xru135.nr1: WARNING: V(i2,c) voltage is greater than specified by vmax
WARNING: V(i1,c) voltage is greater than specified by vmax
OSDI(debug) n.xru139.nr1: WARNING: V(i2,c) voltage is greater than specified by vmax
OSDI(debug) n.xru133.nr1: OSDI(debug) n.xru151.nr1: OSDI(debug) n.xru145.nr1: WARNING: V(i1,c) voltage is greater than specified by vmax
OSDI(debug) n.xru133.nr1: WARNING: V(i2,c) voltage is greater than specified by vmax
OSDI(debug) n.xru155.nr1: OSDI(debug) n.xru132.nr1: WARNING: V(i1,c) voltage is greater than specified by vmax
WARNING: V(i1,c) voltage is greater than specified by vmax
WARNING: V(i2,c) voltage is greater than specified by vmax
OSDI(debug) n.xru131.nr1: WARNING: V(i1,c) voltage is greater than specified by vmax
OSDI(debug) n.xru131.nr1: WARNING: V(i2,c) voltage is greater than specified by vmax
OSDI(debug) n.xru130.nr1: WARNING: V(i1,c) voltage is greater than specified by vmax
OSDI(debug) n.xru130.nr1: WARNING: V(i2,c) voltage is greater than specified by vmax
OSDI(debug) n.xru129.nr1: WARNING: V(i1,c) voltage is greater than specified by vmax
OSDI(debug) n.xru129.nr1: WARNING: V(i2,c) voltage is greater than specified by vmax
OSDI(debug) n.xru128.nr1: WARNING: V(i1,c) voltage is greater than specified by vmax
OSDI(debug) n.xru128.nr1: WARNING: V(i2,c) voltage is greater than specified by vmax
OSDI(debug) n.xru127.nr1: WARNING: V(i1,c) voltage is greater than specified by vmax
OSDI(debug) n.xru127.nr1: WARNING: V(i2,c) voltage is greater than specified by vmax
OSDI(debug) n.xru126.nr1: WARNING: V(i1,c) voltage is greater than specified by vmax
OSDI(debug) n.xru141.nr1: WARNING: V(i2,c) voltage is greater than specified by vmax
OSDI(debug) n.xru125.nr1: WARNING: V(i1,c) voltage is greater than specified by vmax
OSDI(debug) n.xru125.nr1: WARNING: V(i2,c) voltage is greater than specified by vmax
OSDI(debug) n.xru132.nr1: OSDI(debug) n.xru124.nr1: WARNING: V(i1,c) voltage is greater than specified by vmax
OSDI(debug) n.xru124.nr1: WARNING: V(i2,c) voltage is greater than specified by vmax
WARNING: V(i2,c) voltage is greater than specified by vmax
OSDI(debug) n.xru123.nr1: WARNING: V(i1,c) voltage is greater than specified by vmax
OSDI(debug) n.xru123.nr1: WARNING: V(i2,c) voltage is greater than specified by vmax
OSDI(debug) n.xru122.nr1: WARNING: V(i1,c) voltage is greater than specified by vmax
WARNING: V(i2,c) voltage is greater than specified by vmax
OSDI(debug) n.xru126.nr1: WARNING: V(i2,c) voltage is greater than specified by vmax
WARNING: V(i2,c) voltage is greater than specified by vmax
OSDI(debug) n.xru119.nr1: WARNING: V(i1,c) voltage is greater than specified by vmax
OSDI(debug) n.xru118.nr1: WARNING: V(i1,c) voltage is greater than specified by vmax
OSDI(debug) n.xru119.nr1: WARNING: V(i2,c) voltage is greater than specified by vmax
OSDI(debug) n.xru134.nr1: OSDI(debug) n.xru120.nr1: WARNING: V(i1,c) voltage is greater than specified by vmax
OSDI(debug) n.xru140.nr1: OSDI(debug) n.xru118.nr1: WARNING: V(i2,c) voltage is greater than specified by vmax
OSDI(debug) n.xru117.nr1: WARNING: V(i2,c) voltage is greater than specified by vmax
WARNING: V(i1,c) voltage is greater than specified by vmax
OSDI(debug) n.xru115.nr1: WARNING: V(i1,c) voltage is greater than specified by vmax
OSDI(debug) n.xru120.nr1: OSDI(debug) n.xru121.nr1: OSDI(debug) n.xru116.nr1: OSDI(debug) n.xru122.nr1: WARNING: V(i1,c) voltage is greater than specified by vmax
WARNING: V(i2,c) voltage is greater than specified by vmax
OSDI(debug) n.xru121.nr1: WARNING: V(i2,c) voltage is greater than specified by vmax
WARNING: V(i2,c) voltage is greater than specified by vmax
OSDI(debug) n.xru113.nr1: WARNING: V(i1,c) voltage is greater than specified by vmax
OSDI(debug) n.xru115.nr1: OSDI(debug) n.xru113.nr1: WARNING: V(i2,c) voltage is greater than specified by vmax
WARNING: V(i2,c) voltage is greater than specified by vmax
WARNING: V(i2,c) voltage is greater than specified by vmax
WARNING: V(i1,c) voltage is greater than specified by vmax
OSDI(debug) n.xru111.nr1: WARNING: V(i1,c) voltage is greater than specified by vmax
OSDI(debug) n.xru110.nr1: OSDI(debug) n.xru116.nr1: OSDI(debug) n.xru112.nr1: OSDI(debug) n.xru117.nr1: WARNING: V(i2,c) voltage is greater than specified by vmax
WARNING: V(i1,c) voltage is greater than specified by vmax
OSDI(debug) n.xru114.nr1: OSDI(debug) n.xru134.nr1: WARNING: V(i2,c) voltage is greater than specified by vmax
WARNING: V(i1,c) voltage is greater than specified by vmax
WARNING: V(i2,c) voltage is greater than specified by vmax
OSDI(debug) n.xru112.nr1: WARNING: V(i2,c) voltage is greater than specified by vmax
OSDI(debug) n.xru108.nr1: WARNING: V(i1,c) voltage is greater than specified by vmax
OSDI(debug) n.xru105.nr1: WARNING: V(i1,c) voltage is greater than specified by vmax
OSDI(debug) n.xru110.nr1: OSDI(debug) n.xru109.nr1: WARNING: V(i2,c) voltage is greater than specified by vmax
OSDI(debug) n.xru107.nr1: OSDI(debug) n.xru106.nr1: WARNING: V(i1,c) voltage is greater than specified by vmax
WARNING: V(i1,c) voltage is greater than specified by vmax
OSDI(debug) n.xru107.nr1: WARNING: V(i2,c) voltage is greater than specified by vmax
OSDI(debug) n.xru103.nr1: WARNING: V(i1,c) voltage is greater than specified by vmax
OSDI(debug) n.xru104.nr1: WARNING: V(i1,c) voltage is greater than specified by vmax
WARNING: V(i1,c) voltage is greater than specified by vmax
WARNING: V(i1,c) voltage is greater than specified by vmax
OSDI(debug) n.xru108.nr1: OSDI(debug) n.xru111.nr1: WARNING: V(i2,c) voltage is greater than specified by vmax
WARNING: V(i2,c) voltage is greater than specified by vmax
OSDI(debug) n.xru114.nr1: OSDI(debug) n.xru102.nr1: WARNING: V(i1,c) voltage is greater than specified by vmax
OSDI(debug) n.xru101.nr1: WARNING: V(i1,c) voltage is greater than specified by vmax
OSDI(debug) n.xru102.nr1: WARNING: V(i2,c) voltage is greater than specified by vmax
OSDI(debug) n.xru101.nr1: OSDI(debug) n.xru105.nr1: WARNING: V(i1,c) voltage is greater than specified by vmax
OSDI(debug) n.xru104.nr1: WARNING: V(i2,c) voltage is greater than specified by vmax
WARNING: V(i2,c) voltage is greater than specified by vmax
OSDI(debug) n.xru91.nr1: WARNING: V(i1,c) voltage is greater than specified by vmax
OSDI(debug) n.xru91.nr1: WARNING: V(i2,c) voltage is greater than specified by vmax
OSDI(debug) n.xru89.nr1: WARNING: V(i1,c) voltage is greater than specified by vmax
OSDI(debug) n.xru89.nr1: WARNING: V(i2,c) voltage is greater than specified by vmax
WARNING: V(i2,c) voltage is greater than specified by vmax
OSDI(debug) n.xru88.nr1: WARNING: V(i1,c) voltage is greater than specified by vmax
OSDI(debug) n.xru87.nr1: OSDI(debug) n.xru88.nr1: WARNING: V(i2,c) voltage is greater than specified by vmax
OSDI(debug) n.xru109.nr1: OSDI(debug) n.xru106.nr1: OSDI(debug) n.xru100.nr1: OSDI(debug) n.xru86.nr1: WARNING: V(i2,c) voltage is greater than specified by vmax
WARNING: V(i1,c) voltage is greater than specified by vmax
WARNING: V(i1,c) voltage is greater than specified by vmax
WARNING: V(i2,c) voltage is greater than specified by vmax
WARNING: V(i2,c) voltage is greater than specified by vmax
OSDI(debug) n.xru85.nr1: OSDI(debug) n.xru103.nr1: OSDI(debug) n.xru90.nr1: WARNING: V(i2,c) voltage is greater than specified by vmax
OSDI(debug) n.xru100.nr1: WARNING: V(i2,c) voltage is greater than specified by vmax
OSDI(debug) n.xru84.nr1: WARNING: V(i1,c) voltage is greater than specified by vmax
WARNING: V(i1,c) voltage is greater than specified by vmax
OSDI(debug) n.xru84.nr1: WARNING: V(i2,c) voltage is greater than specified by vmax
OSDI(debug) n.xru90.nr1: WARNING: V(i2,c) voltage is greater than specified by vmax
OSDI(debug) n.xru83.nr1: OSDI(debug) n.xru82.nr1: OSDI(debug) n.xru81.nr1: WARNING: V(i1,c) voltage is greater than specified by vmax
OSDI(debug) n.xru79.nr1: WARNING: V(i1,c) voltage is greater than specified by vmax
OSDI(debug) n.xru80.nr1: OSDI(debug) n.xru87.nr1: OSDI(debug) n.xru81.nr1: WARNING: V(i2,c) voltage is greater than specified by vmax
OSDI(debug) n.xru85.nr1: WARNING: V(i1,c) voltage is greater than specified by vmax
WARNING: V(i1,c) voltage is greater than specified by vmax
OSDI(debug) n.xru78.nr1: WARNING: V(i1,c) voltage is greater than specified by vmax
WARNING: V(i1,c) voltage is greater than specified by vmax
WARNING: V(i2,c) voltage is greater than specified by vmax
OSDI(debug) n.xru78.nr1: WARNING: V(i1,c) voltage is greater than specified by vmax
WARNING: V(i1,c) voltage is greater than specified by vmax
OSDI(debug) n.xru86.nr1: OSDI(debug) n.xru83.nr1: WARNING: V(i2,c) voltage is greater than specified by vmax
WARNING: V(i2,c) voltage is greater than specified by vmax
OSDI(debug) n.xru76.nr1: WARNING: V(i1,c) voltage is greater than specified by vmax
OSDI(debug) n.xru76.nr1: WARNING: V(i2,c) voltage is greater than specified by vmax
OSDI(debug) n.xru74.nr1: WARNING: V(i1,c) voltage is greater than specified by vmax
OSDI(debug) n.xru74.nr1: WARNING: V(i2,c) voltage is greater than specified by vmax
OSDI(debug) n.xru82.nr1: OSDI(debug) n.xru80.nr1: OSDI(debug) n.xru79.nr1: WARNING: V(i2,c) voltage is greater than specified by vmax
WARNING: V(i2,c) voltage is greater than specified by vmax
OSDI(debug) n.xru72.nr1: WARNING: V(i1,c) voltage is greater than specified by vmax
OSDI(debug) n.xru72.nr1: WARNING: V(i2,c) voltage is greater than specified by vmax
OSDI(debug) n.xru73.nr1: WARNING: V(i2,c) voltage is greater than specified by vmax
WARNING: V(i2,c) voltage is greater than specified by vmax
OSDI(debug) n.xru69.nr1: OSDI(debug) n.xru75.nr1: WARNING: V(i1,c) voltage is greater than specified by vmax
OSDI(debug) n.xru68.nr1: WARNING: V(i1,c) voltage is greater than specified by vmax
WARNING: V(i1,c) voltage is greater than specified by vmax
OSDI(debug) n.xru69.nr1: OSDI(debug) n.xru77.nr1: WARNING: V(i2,c) voltage is greater than specified by vmax
OSDI(debug) n.xru71.nr1: WARNING: V(i1,c) voltage is greater than specified by vmax
OSDI(debug) n.xru68.nr1: WARNING: V(i2,c) voltage is greater than specified by vmax
OSDI(debug) n.xru77.nr1: WARNING: V(i1,c) voltage is greater than specified by vmax
OSDI(debug) n.xru66.nr1: OSDI(debug) n.xru71.nr1: WARNING: V(i1,c) voltage is greater than specified by vmax
OSDI(debug) n.xru66.nr1: WARNING: V(i2,c) voltage is greater than specified by vmax
OSDI(debug) n.xru65.nr1: WARNING: V(i1,c) voltage is greater than specified by vmax
OSDI(debug) n.xru65.nr1: WARNING: V(i2,c) voltage is greater than specified by vmax
WARNING: V(i1,c) voltage is greater than specified by vmax
OSDI(debug) n.xru70.nr1: OSDI(debug) n.xru75.nr1: WARNING: V(i1,c) voltage is greater than specified by vmax
OSDI(debug) n.xru73.nr1: OSDI(debug) n.xru70.nr1: WARNING: V(i2,c) voltage is greater than specified by vmax
WARNING: V(i2,c) voltage is greater than specified by vmax
OSDI(debug) n.xru63.nr1: WARNING: V(i1,c) voltage is greater than specified by vmax
WARNING: V(i2,c) voltage is greater than specified by vmax
OSDI(debug) n.xru64.nr1: WARNING: V(i1,c) voltage is greater than specified by vmax
WARNING: V(i2,c) voltage is greater than specified by vmax
OSDI(debug) n.xru60.nr1: WARNING: V(i1,c) voltage is greater than specified by vmax
OSDI(debug) n.xru60.nr1: WARNING: V(i2,c) voltage is greater than specified by vmax
OSDI(debug) n.xru59.nr1: WARNING: V(i1,c) voltage is greater than specified by vmax
OSDI(debug) n.xru59.nr1: WARNING: V(i2,c) voltage is greater than specified by vmax
OSDI(debug) n.xru67.nr1: WARNING: V(i2,c) voltage is greater than specified by vmax
OSDI(debug) n.xru63.nr1: WARNING: V(i2,c) voltage is greater than specified by vmax
OSDI(debug) n.xru57.nr1: WARNING: V(i1,c) voltage is greater than specified by vmax
OSDI(debug) n.xru56.nr1: WARNING: V(i1,c) voltage is greater than specified by vmax
OSDI(debug) n.xru58.nr1: OSDI(debug) n.xru56.nr1: OSDI(debug) n.xru61.nr1: WARNING: V(i1,c) voltage is greater than specified by vmax
WARNING: V(i1,c) voltage is greater than specified by vmax
OSDI(debug) n.xru58.nr1: WARNING: V(i2,c) voltage is greater than specified by vmax
OSDI(debug) n.xru55.nr1: WARNING: V(i1,c) voltage is greater than specified by vmax
OSDI(debug) n.xru55.nr1: WARNING: V(i2,c) voltage is greater than specified by vmax
OSDI(debug) n.xru64.nr1: WARNING: V(i2,c) voltage is greater than specified by vmax
OSDI(debug) n.xru53.nr1: WARNING: V(i1,c) voltage is greater than specified by vmax
OSDI(debug) n.xru53.nr1: WARNING: V(i2,c) voltage is greater than specified by vmax
OSDI(debug) n.xru52.nr1: WARNING: V(i1,c) voltage is greater than specified by vmax
OSDI(debug) n.xru52.nr1: WARNING: V(i2,c) voltage is greater than specified by vmax
OSDI(debug) n.xru61.nr1: OSDI(debug) n.xru51.nr1: WARNING: V(i1,c) voltage is greater than specified by vmax
OSDI(debug) n.xru51.nr1: WARNING: V(i2,c) voltage is greater than specified by vmax
OSDI(debug) n.xru57.nr1: OSDI(debug) n.xru50.nr1: WARNING: V(i2,c) voltage is greater than specified by vmax
WARNING: V(i1,c) voltage is greater than specified by vmax
OSDI(debug) n.xru49.nr1: WARNING: V(i1,c) voltage is greater than specified by vmax
OSDI(debug) n.xru49.nr1: WARNING: V(i2,c) voltage is greater than specified by vmax
OSDI(debug) n.xru48.nr1: WARNING: V(i1,c) voltage is greater than specified by vmax
OSDI(debug) n.xru48.nr1: WARNING: V(i2,c) voltage is greater than specified by vmax
OSDI(debug) n.xru54.nr1: OSDI(debug) n.xru47.nr1: WARNING: V(i1,c) voltage is greater than specified by vmax
WARNING: V(i1,c) voltage is greater than specified by vmax
OSDI(debug) n.xru47.nr1: WARNING: V(i2,c) voltage is greater than specified by vmax
WARNING: V(i2,c) voltage is greater than specified by vmax
OSDI(debug) n.xru46.nr1: OSDI(debug) n.xru62.nr1: OSDI(debug) n.xru45.nr1: OSDI(debug) n.xru67.nr1: OSDI(debug) n.xru54.nr1: WARNING: V(i2,c) voltage is greater than specified by vmax
WARNING: V(i1,c) voltage is greater than specified by vmax
WARNING: V(i1,c) voltage is greater than specified by vmax
WARNING: V(i1,c) voltage is greater than specified by vmax
OSDI(debug) n.xru44.nr1: WARNING: V(i1,c) voltage is greater than specified by vmax
OSDI(debug) n.xru50.nr1: WARNING: V(i2,c) voltage is greater than specified by vmax
OSDI(debug) n.xru62.nr1: OSDI(debug) n.xru46.nr1: WARNING: V(i1,c) voltage is greater than specified by vmax
OSDI(debug) n.xru44.nr1: WARNING: V(i2,c) voltage is greater than specified by vmax
OSDI(debug) n.xru42.nr1: WARNING: V(i1,c) voltage is greater than specified by vmax
WARNING: V(i2,c) voltage is greater than specified by vmax
OSDI(debug) n.xru42.nr1: WARNING: V(i2,c) voltage is greater than specified by vmax
OSDI(debug) n.xru41.nr1: WARNING: V(i1,c) voltage is greater than specified by vmax
WARNING: V(i2,c) voltage is greater than specified by vmax
OSDI(debug) n.xru45.nr1: WARNING: V(i2,c) voltage is greater than specified by vmax
WARNING: V(i2,c) voltage is greater than specified by vmax
OSDI(debug) n.xru38.nr1: WARNING: V(i1,c) voltage is greater than specified by vmax
WARNING: V(i2,c) voltage is greater than specified by vmax
OSDI(debug) n.xru38.nr1: WARNING: V(i2,c) voltage is greater than specified by vmax
OSDI(debug) n.xru36.nr1: OSDI(debug) n.xru35.nr1: WARNING: V(i2,c) voltage is greater than specified by vmax
WARNING: V(i1,c) voltage is greater than specified by vmax
OSDI(debug) n.xru41.nr1: OSDI(debug) n.xru35.nr1: WARNING: V(i2,c) voltage is greater than specified by vmax
WARNING: V(i1,c) voltage is greater than specified by vmax
OSDI(debug) n.xru33.nr1: WARNING: V(i1,c) voltage is greater than specified by vmax
OSDI(debug) n.xru33.nr1: OSDI(debug) n.xru34.nr1: WARNING: V(i2,c) voltage is greater than specified by vmax
OSDI(debug) n.xru39.nr1: OSDI(debug) n.xru37.nr1: WARNING: V(i1,c) voltage is greater than specified by vmax
WARNING: V(i1,c) voltage is greater than specified by vmax
OSDI(debug) n.xru39.nr1: WARNING: V(i2,c) voltage is greater than specified by vmax
WARNING: V(i2,c) voltage is greater than specified by vmax
OSDI(debug) n.xru31.nr1: WARNING: V(i1,c) voltage is greater than specified by vmax
OSDI(debug) n.xru43.nr1: OSDI(debug) n.xru31.nr1: OSDI(debug) n.xru30.nr1: WARNING: V(i1,c) voltage is greater than specified by vmax
OSDI(debug) n.xru40.nr1: OSDI(debug) n.xru32.nr1: OSDI(debug) n.xru34.nr1: OSDI(debug) n.xru30.nr1: WARNING: V(i2,c) voltage is greater than specified by vmax
WARNING: V(i1,c) voltage is greater than specified by vmax
WARNING: V(i2,c) voltage is greater than specified by vmax
OSDI(debug) n.xru36.nr1: OSDI(debug) n.xru40.nr1: WARNING: V(i1,c) voltage is greater than specified by vmax
WARNING: V(i2,c) voltage is greater than specified by vmax
WARNING: V(i2,c) voltage is greater than specified by vmax
WARNING: V(i2,c) voltage is greater than specified by vmax
OSDI(debug) n.xru26.nr1: WARNING: V(i1,c) voltage is greater than specified by vmax
OSDI(debug) n.xru26.nr1: WARNING: V(i2,c) voltage is greater than specified by vmax
OSDI(debug) n.xru25.nr1: OSDI(debug) n.xru29.nr1: WARNING: V(i1,c) voltage is greater than specified by vmax
OSDI(debug) n.xru29.nr1: WARNING: V(i1,c) voltage is greater than specified by vmax
OSDI(debug) n.xru32.nr1: WARNING: V(i2,c) voltage is greater than specified by vmax
OSDI(debug) n.xru27.nr1: OSDI(debug) n.xru23.nr1: WARNING: V(i1,c) voltage is greater than specified by vmax
OSDI(debug) n.xru23.nr1: WARNING: V(i2,c) voltage is greater than specified by vmax
OSDI(debug) n.xru22.nr1: WARNING: V(i1,c) voltage is greater than specified by vmax
OSDI(debug) n.xru28.nr1: WARNING: V(i1,c) voltage is greater than specified by vmax
OSDI(debug) n.xru37.nr1: OSDI(debug) n.xru24.nr1: WARNING: V(i2,c) voltage is greater than specified by vmax
OSDI(debug) n.xru21.nr1: WARNING: V(i1,c) voltage is greater than specified by vmax
OSDI(debug) n.xru21.nr1: WARNING: V(i2,c) voltage is greater than specified by vmax
OSDI(debug) n.xru22.nr1: OSDI(debug) n.xru20.nr1: WARNING: V(i1,c) voltage is greater than specified by vmax
WARNING: V(i2,c) voltage is greater than specified by vmax
WARNING: V(i1,c) voltage is greater than specified by vmax
WARNING: V(i1,c) voltage is greater than specified by vmax
WARNING: V(i2,c) voltage is greater than specified by vmax
OSDI(debug) n.xru43.nr1: OSDI(debug) n.xru25.nr1: WARNING: V(i2,c) voltage is greater than specified by vmax
OSDI(debug) n.xru27.nr1: WARNING: V(i2,c) voltage is greater than specified by vmax
OSDI(debug) n.xru16.nr1: WARNING: V(i1,c) voltage is greater than specified by vmax
OSDI(debug) n.xru16.nr1: WARNING: V(i2,c) voltage is greater than specified by vmax
OSDI(debug) n.xru15.nr1: WARNING: V(i1,c) voltage is greater than specified by vmax
OSDI(debug) n.xru15.nr1: WARNING: V(i2,c) voltage is greater than specified by vmax
OSDI(debug) n.xru14.nr1: WARNING: V(i1,c) voltage is greater than specified by vmax
OSDI(debug) n.xru14.nr1: OSDI(debug) n.xru24.nr1: WARNING: V(i2,c) voltage is greater than specified by vmax
OSDI(debug) n.xru13.nr1: WARNING: V(i1,c) voltage is greater than specified by vmax
OSDI(debug) n.xru19.nr1: OSDI(debug) n.xru13.nr1: WARNING: V(i2,c) voltage is greater than specified by vmax
WARNING: V(i1,c) voltage is greater than specified by vmax
OSDI(debug) n.xru18.nr1: WARNING: V(i2,c) voltage is greater than specified by vmax
OSDI(debug) n.xru11.nr1: WARNING: V(i1,c) voltage is greater than specified by vmax
OSDI(debug) n.xru11.nr1: WARNING: V(i2,c) voltage is greater than specified by vmax
WARNING: V(i1,c) voltage is greater than specified by vmax
WARNING: V(i2,c) voltage is greater than specified by vmax
OSDI(debug) n.xru9.nr1: WARNING: V(i1,c) voltage is greater than specified by vmax
WARNING: V(i1,c) voltage is greater than specified by vmax
WARNING: V(i1,c) voltage is greater than specified by vmax
OSDI(debug) n.xru17.nr1: OSDI(debug) n.xru18.nr1: WARNING: V(i2,c) voltage is greater than specified by vmax
WARNING: V(i1,c) voltage is greater than specified by vmax
OSDI(debug) n.xru10.nr1: OSDI(debug) n.xru17.nr1: WARNING: V(i2,c) voltage is greater than specified by vmax
OSDI(debug) n.xru20.nr1: WARNING: V(i1,c) voltage is greater than specified by vmax
OSDI(debug) n.xru12.nr1: OSDI(debug) n.xru9.nr1: OSDI(debug) n.xru10.nr1: WARNING: V(i2,c) voltage is greater than specified by vmax
OSDI(debug) n.xru28.nr1: OSDI(debug) n.xru7.nr1: OSDI(debug) n.xru19.nr1: WARNING: V(i2,c) voltage is greater than specified by vmax
OSDI(debug) n.xru5.nr1: WARNING: V(i1,c) voltage is greater than specified by vmax
OSDI(debug) n.xru5.nr1: WARNING: V(i2,c) voltage is greater than specified by vmax
WARNING: V(i1,c) voltage is greater than specified by vmax
WARNING: V(i2,c) voltage is greater than specified by vmax
OSDI(debug) n.xru7.nr1: WARNING: V(i2,c) voltage is greater than specified by vmax
OSDI(debug) n.xru6.nr1: WARNING: V(i1,c) voltage is greater than specified by vmax
OSDI(debug) n.xru2.nr1: OSDI(debug) n.xru8.nr1: WARNING: V(i1,c) voltage is greater than specified by vmax
WARNING: V(i1,c) voltage is greater than specified by vmax
OSDI(debug) n.xru2.nr1: WARNING: V(i1,c) voltage is greater than specified by vmax
WARNING: V(i2,c) voltage is greater than specified by vmax
OSDI(debug) n.xru4.nr1: OSDI(debug) n.xru6.nr1: WARNING: V(i2,c) voltage is greater than specified by vmax
OSDI(debug) n.xru3.nr1: WARNING: V(i1,c) voltage is greater than specified by vmax
OSDI(debug) n.xru12.nr1: OSDI(debug) n.xru3.nr1: WARNING: V(i2,c) voltage is greater than specified by vmax
WARNING: V(i2,c) voltage is greater than specified by vmax
OSDI(debug) n.xru1.nr1: WARNING: V(i1,c) voltage is greater than specified by vmax
WARNING: V(i1,c) voltage is greater than specified by vmax
OSDI(debug) n.xru4.nr1: WARNING: V(i2,c) voltage is greater than specified by vmax
WARNING: V(i2,c) voltage is greater than specified by vmax
OSDI(debug) n.xru8.nr1: WARNING: V(i2,c) voltage is greater than specified by vmax
OSDI(debug) n.xr1.nr1: WARNING: V(i1,c) voltage is greater than specified by vmax
WARNING: V(i2,c) voltage is greater than specified by vmax
OSDI(debug) n.xru1.nr1: WARNING: V(i2,c) voltage is greater than specified by vmax
OSDI(debug) n.xr1.nr1: WARNING: V(i2,c) voltage is greater than specified by vmax
OSDI(debug) n.xru255.nr1: WARNING: V(i1,c) voltage is greater than specified by vmax
OSDI(debug) n.xru251.nr1: OSDI(debug) n.xru249.nr1: WARNING: V(i1,c) voltage is greater than specified by vmax
OSDI(debug) n.xru252.nr1: WARNING: V(i1,c) voltage is greater than specified by vmax
OSDI(debug) n.xru252.nr1: WARNING: V(i2,c) voltage is greater than specified by vmax
OSDI(debug) n.xru247.nr1: WARNING: V(i1,c) voltage is greater than specified by vmax
OSDI(debug) n.xru247.nr1: WARNING: V(i2,c) voltage is greater than specified by vmax
OSDI(debug) n.xru246.nr1: WARNING: V(i1,c) voltage is greater than specified by vmax
OSDI(debug) n.xru246.nr1: WARNING: V(i2,c) voltage is greater than specified by vmax
OSDI(debug) n.xru245.nr1: WARNING: V(i1,c) voltage is greater than specified by vmax
OSDI(debug) n.xru245.nr1: WARNING: V(i2,c) voltage is greater than specified by vmax
OSDI(debug) n.xru244.nr1: WARNING: V(i1,c) voltage is greater than specified by vmax
OSDI(debug) n.xru244.nr1: WARNING: V(i2,c) voltage is greater than specified by vmax
OSDI(debug) n.xru243.nr1: WARNING: V(i1,c) voltage is greater than specified by vmax
OSDI(debug) n.xru243.nr1: WARNING: V(i2,c) voltage is greater than specified by vmax
OSDI(debug) n.xru242.nr1: WARNING: V(i1,c) voltage is greater than specified by vmax
OSDI(debug) n.xru242.nr1: WARNING: V(i2,c) voltage is greater than specified by vmax
OSDI(debug) n.xru241.nr1: WARNING: V(i1,c) voltage is greater than specified by vmax
OSDI(debug) n.xru241.nr1: WARNING: V(i2,c) voltage is greater than specified by vmax
OSDI(debug) n.xru240.nr1: WARNING: V(i1,c) voltage is greater than specified by vmax
OSDI(debug) n.xru240.nr1: WARNING: V(i2,c) voltage is greater than specified by vmax
OSDI(debug) n.xru239.nr1: WARNING: V(i1,c) voltage is greater than specified by vmax
OSDI(debug) n.xru239.nr1: WARNING: V(i2,c) voltage is greater than specified by vmax
OSDI(debug) n.xru238.nr1: WARNING: V(i1,c) voltage is greater than specified by vmax
OSDI(debug) n.xru238.nr1: WARNING: V(i2,c) voltage is greater than specified by vmax
OSDI(debug) n.xru237.nr1: WARNING: V(i1,c) voltage is greater than specified by vmax
OSDI(debug) n.xru237.nr1: WARNING: V(i2,c) voltage is greater than specified by vmax
OSDI(debug) n.xru236.nr1: WARNING: V(i1,c) voltage is greater than specified by vmax
OSDI(debug) n.xru236.nr1: WARNING: V(i2,c) voltage is greater than specified by vmax
OSDI(debug) n.xru235.nr1: WARNING: V(i1,c) voltage is greater than specified by vmax
OSDI(debug) n.xru235.nr1: WARNING: V(i2,c) voltage is greater than specified by vmax
OSDI(debug) n.xru234.nr1: WARNING: V(i1,c) voltage is greater than specified by vmax
OSDI(debug) n.xru234.nr1: WARNING: V(i2,c) voltage is greater than specified by vmax
OSDI(debug) n.xru233.nr1: WARNING: V(i1,c) voltage is greater than specified by vmax
OSDI(debug) n.xru233.nr1: WARNING: V(i2,c) voltage is greater than specified by vmax
OSDI(debug) n.xru232.nr1: WARNING: V(i1,c) voltage is greater than specified by vmax
OSDI(debug) n.xru232.nr1: WARNING: V(i2,c) voltage is greater than specified by vmax
OSDI(debug) n.xru231.nr1: WARNING: V(i1,c) voltage is greater than specified by vmax
OSDI(debug) n.xru231.nr1: WARNING: V(i2,c) voltage is greater than specified by vmax
OSDI(debug) n.xru230.nr1: WARNING: V(i1,c) voltage is greater than specified by vmax
OSDI(debug) n.xru230.nr1: WARNING: V(i2,c) voltage is greater than specified by vmax
OSDI(debug) n.xru229.nr1: WARNING: V(i1,c) voltage is greater than specified by vmax
OSDI(debug) n.xru229.nr1: WARNING: V(i2,c) voltage is greater than specified by vmax
OSDI(debug) n.xru228.nr1: WARNING: V(i1,c) voltage is greater than specified by vmax
OSDI(debug) n.xru228.nr1: WARNING: V(i2,c) voltage is greater than specified by vmax
OSDI(debug) n.xru227.nr1: WARNING: V(i1,c) voltage is greater than specified by vmax
OSDI(debug) n.xru227.nr1: WARNING: V(i2,c) voltage is greater than specified by vmax
OSDI(debug) n.xru226.nr1: WARNING: V(i1,c) voltage is greater than specified by vmax
OSDI(debug) n.xru226.nr1: WARNING: V(i2,c) voltage is greater than specified by vmax
OSDI(debug) n.xru225.nr1: WARNING: V(i1,c) voltage is greater than specified by vmax
OSDI(debug) n.xru225.nr1: WARNING: V(i2,c) voltage is greater than specified by vmax
OSDI(debug) n.xru224.nr1: WARNING: V(i1,c) voltage is greater than specified by vmax
OSDI(debug) n.xru224.nr1: WARNING: V(i2,c) voltage is greater than specified by vmax
OSDI(debug) n.xru223.nr1: WARNING: V(i1,c) voltage is greater than specified by vmax
OSDI(debug) n.xru223.nr1: WARNING: V(i2,c) voltage is greater than specified by vmax
OSDI(debug) n.xru222.nr1: WARNING: V(i1,c) voltage is greater than specified by vmax
OSDI(debug) n.xru222.nr1: WARNING: V(i2,c) voltage is greater than specified by vmax
OSDI(debug) n.xru221.nr1: WARNING: V(i1,c) voltage is greater than specified by vmax
OSDI(debug) n.xru221.nr1: WARNING: V(i2,c) voltage is greater than specified by vmax
OSDI(debug) n.xru220.nr1: WARNING: V(i1,c) voltage is greater than specified by vmax
OSDI(debug) n.xru220.nr1: WARNING: V(i2,c) voltage is greater than specified by vmax
OSDI(debug) n.xru219.nr1: WARNING: V(i1,c) voltage is greater than specified by vmax
OSDI(debug) n.xru219.nr1: WARNING: V(i2,c) voltage is greater than specified by vmax
OSDI(debug) n.xru218.nr1: WARNING: V(i1,c) voltage is greater than specified by vmax
OSDI(debug) n.xru218.nr1: WARNING: V(i2,c) voltage is greater than specified by vmax
OSDI(debug) n.xru217.nr1: WARNING: V(i1,c) voltage is greater than specified by vmax
OSDI(debug) n.xru217.nr1: WARNING: V(i2,c) voltage is greater than specified by vmax
OSDI(debug) n.xru216.nr1: WARNING: V(i1,c) voltage is greater than specified by vmax
OSDI(debug) n.xru216.nr1: WARNING: V(i2,c) voltage is greater than specified by vmax
OSDI(debug) n.xru215.nr1: WARNING: V(i1,c) voltage is greater than specified by vmax
OSDI(debug) n.xru215.nr1: WARNING: V(i2,c) voltage is greater than specified by vmax
OSDI(debug) n.xru214.nr1: WARNING: V(i1,c) voltage is greater than specified by vmax
OSDI(debug) n.xru214.nr1: WARNING: V(i2,c) voltage is greater than specified by vmax
OSDI(debug) n.xru213.nr1: WARNING: V(i1,c) voltage is greater than specified by vmax
OSDI(debug) n.xru213.nr1: WARNING: V(i2,c) voltage is greater than specified by vmax
OSDI(debug) n.xru212.nr1: WARNING: V(i1,c) voltage is greater than specified by vmax
OSDI(debug) n.xru212.nr1: WARNING: V(i2,c) voltage is greater than specified by vmax
OSDI(debug) n.xru211.nr1: WARNING: V(i1,c) voltage is greater than specified by vmax
OSDI(debug) n.xru211.nr1: WARNING: V(i2,c) voltage is greater than specified by vmax
OSDI(debug) n.xru210.nr1: WARNING: V(i1,c) voltage is greater than specified by vmax
OSDI(debug) n.xru210.nr1: WARNING: V(i2,c) voltage is greater than specified by vmax
OSDI(debug) n.xru209.nr1: WARNING: V(i1,c) voltage is greater than specified by vmax
OSDI(debug) n.xru209.nr1: WARNING: V(i2,c) voltage is greater than specified by vmax
OSDI(debug) n.xru208.nr1: WARNING: V(i1,c) voltage is greater than specified by vmax
OSDI(debug) n.xru208.nr1: WARNING: V(i2,c) voltage is greater than specified by vmax
OSDI(debug) n.xru207.nr1: WARNING: V(i1,c) voltage is greater than specified by vmax
OSDI(debug) n.xru207.nr1: WARNING: V(i2,c) voltage is greater than specified by vmax
OSDI(debug) n.xru206.nr1: WARNING: V(i1,c) voltage is greater than specified by vmax
OSDI(debug) n.xru206.nr1: WARNING: V(i2,c) voltage is greater than specified by vmax
OSDI(debug) n.xru205.nr1: WARNING: V(i1,c) voltage is greater than specified by vmax
OSDI(debug) n.xru205.nr1: WARNING: V(i2,c) voltage is greater than specified by vmax
OSDI(debug) n.xru204.nr1: WARNING: V(i1,c) voltage is greater than specified by vmax
OSDI(debug) n.xru204.nr1: WARNING: V(i2,c) voltage is greater than specified by vmax
OSDI(debug) n.xru203.nr1: WARNING: V(i1,c) voltage is greater than specified by vmax
OSDI(debug) n.xru203.nr1: WARNING: V(i2,c) voltage is greater than specified by vmax
OSDI(debug) n.xru202.nr1: WARNING: V(i1,c) voltage is greater than specified by vmax
OSDI(debug) n.xru202.nr1: WARNING: V(i2,c) voltage is greater than specified by vmax
OSDI(debug) n.xru201.nr1: WARNING: V(i1,c) voltage is greater than specified by vmax
OSDI(debug) n.xru201.nr1: WARNING: V(i2,c) voltage is greater than specified by vmax
OSDI(debug) n.xru200.nr1: WARNING: V(i1,c) voltage is greater than specified by vmax
OSDI(debug) n.xru200.nr1: WARNING: V(i2,c) voltage is greater than specified by vmax
OSDI(debug) n.xru199.nr1: WARNING: V(i1,c) voltage is greater than specified by vmax
OSDI(debug) n.xru199.nr1: WARNING: V(i2,c) voltage is greater than specified by vmax
OSDI(debug) n.xru198.nr1: WARNING: V(i1,c) voltage is greater than specified by vmax
OSDI(debug) n.xru198.nr1: WARNING: V(i2,c) voltage is greater than specified by vmax
OSDI(debug) n.xru197.nr1: WARNING: V(i1,c) voltage is greater than specified by vmax
OSDI(debug) n.xru197.nr1: WARNING: V(i2,c) voltage is greater than specified by vmax
OSDI(debug) n.xru196.nr1: WARNING: V(i1,c) voltage is greater than specified by vmax
OSDI(debug) n.xru196.nr1: WARNING: V(i2,c) voltage is greater than specified by vmax
OSDI(debug) n.xru195.nr1: WARNING: V(i1,c) voltage is greater than specified by vmax
OSDI(debug) n.xru195.nr1: WARNING: V(i2,c) voltage is greater than specified by vmax
OSDI(debug) n.xru194.nr1: WARNING: V(i1,c) voltage is greater than specified by vmax
OSDI(debug) n.xru194.nr1: WARNING: V(i2,c) voltage is greater than specified by vmax
OSDI(debug) n.xru193.nr1: WARNING: V(i1,c) voltage is greater than specified by vmax
OSDI(debug) n.xru193.nr1: WARNING: V(i2,c) voltage is greater than specified by vmax
OSDI(debug) n.xru192.nr1: WARNING: V(i1,c) voltage is greater than specified by vmax
OSDI(debug) n.xru192.nr1: WARNING: V(i2,c) voltage is greater than specified by vmax
OSDI(debug) n.xru191.nr1: WARNING: V(i1,c) voltage is greater than specified by vmax
OSDI(debug) n.xru191.nr1: WARNING: V(i2,c) voltage is greater than specified by vmax
OSDI(debug) n.xru190.nr1: WARNING: V(i1,c) voltage is greater than specified by vmax
OSDI(debug) n.xru190.nr1: WARNING: V(i2,c) voltage is greater than specified by vmax
OSDI(debug) n.xru189.nr1: WARNING: V(i1,c) voltage is greater than specified by vmax
OSDI(debug) n.xru189.nr1: WARNING: V(i2,c) voltage is greater than specified by vmax
OSDI(debug) n.xru188.nr1: WARNING: V(i1,c) voltage is greater than specified by vmax
OSDI(debug) n.xru188.nr1: WARNING: V(i2,c) voltage is greater than specified by vmax
OSDI(debug) n.xru187.nr1: WARNING: V(i1,c) voltage is greater than specified by vmax
OSDI(debug) n.xru187.nr1: WARNING: V(i2,c) voltage is greater than specified by vmax
OSDI(debug) n.xru186.nr1: WARNING: V(i1,c) voltage is greater than specified by vmax
OSDI(debug) n.xru186.nr1: WARNING: V(i2,c) voltage is greater than specified by vmax
OSDI(debug) n.xru185.nr1: WARNING: V(i1,c) voltage is greater than specified by vmax
OSDI(debug) n.xru185.nr1: WARNING: V(i2,c) voltage is greater than specified by vmax
OSDI(debug) n.xru184.nr1: WARNING: V(i1,c) voltage is greater than specified by vmax
OSDI(debug) n.xru184.nr1: WARNING: V(i2,c) voltage is greater than specified by vmax
OSDI(debug) n.xru183.nr1: WARNING: V(i1,c) voltage is greater than specified by vmax
OSDI(debug) n.xru183.nr1: WARNING: V(i2,c) voltage is greater than specified by vmax
OSDI(debug) n.xru182.nr1: WARNING: V(i1,c) voltage is greater than specified by vmax
OSDI(debug) n.xru182.nr1: WARNING: V(i2,c) voltage is greater than specified by vmax
OSDI(debug) n.xru181.nr1: WARNING: V(i1,c) voltage is greater than specified by vmax
OSDI(debug) n.xru181.nr1: WARNING: V(i2,c) voltage is greater than specified by vmax
OSDI(debug) n.xru180.nr1: WARNING: V(i1,c) voltage is greater than specified by vmax
OSDI(debug) n.xru180.nr1: WARNING: V(i2,c) voltage is greater than specified by vmax
OSDI(debug) n.xru179.nr1: WARNING: V(i1,c) voltage is greater than specified by vmax
OSDI(debug) n.xru179.nr1: WARNING: V(i2,c) voltage is greater than specified by vmax
OSDI(debug) n.xru178.nr1: WARNING: V(i1,c) voltage is greater than specified by vmax
OSDI(debug) n.xru178.nr1: WARNING: V(i2,c) voltage is greater than specified by vmax
OSDI(debug) n.xru177.nr1: WARNING: V(i1,c) voltage is greater than specified by vmax
OSDI(debug) n.xru177.nr1: WARNING: V(i2,c) voltage is greater than specified by vmax
OSDI(debug) n.xru176.nr1: WARNING: V(i1,c) voltage is greater than specified by vmax
OSDI(debug) n.xru176.nr1: WARNING: V(i2,c) voltage is greater than specified by vmax
OSDI(debug) n.xru175.nr1: WARNING: V(i1,c) voltage is greater than specified by vmax
OSDI(debug) n.xru175.nr1: WARNING: V(i2,c) voltage is greater than specified by vmax
OSDI(debug) n.xru174.nr1: WARNING: V(i1,c) voltage is greater than specified by vmax
OSDI(debug) n.xru174.nr1: WARNING: V(i2,c) voltage is greater than specified by vmax
OSDI(debug) n.xru173.nr1: WARNING: V(i1,c) voltage is greater than specified by vmax
OSDI(debug) n.xru173.nr1: WARNING: V(i2,c) voltage is greater than specified by vmax
OSDI(debug) n.xru172.nr1: WARNING: V(i1,c) voltage is greater than specified by vmax
OSDI(debug) n.xru172.nr1: WARNING: V(i2,c) voltage is greater than specified by vmax
OSDI(debug) n.xru171.nr1: WARNING: V(i1,c) voltage is greater than specified by vmax
OSDI(debug) n.xru171.nr1: WARNING: V(i2,c) voltage is greater than specified by vmax
OSDI(debug) n.xru170.nr1: WARNING: V(i1,c) voltage is greater than specified by vmax
OSDI(debug) n.xru170.nr1: WARNING: V(i2,c) voltage is greater than specified by vmax
OSDI(debug) n.xru169.nr1: WARNING: V(i1,c) voltage is greater than specified by vmax
OSDI(debug) n.xru169.nr1: WARNING: V(i2,c) voltage is greater than specified by vmax
OSDI(debug) n.xru168.nr1: WARNING: V(i1,c) voltage is greater than specified by vmax
OSDI(debug) n.xru168.nr1: WARNING: V(i2,c) voltage is greater than specified by vmax
OSDI(debug) n.xru167.nr1: WARNING: V(i1,c) voltage is greater than specified by vmax
OSDI(debug) n.xru167.nr1: WARNING: V(i2,c) voltage is greater than specified by vmax
OSDI(debug) n.xru166.nr1: WARNING: V(i1,c) voltage is greater than specified by vmax
OSDI(debug) n.xru166.nr1: WARNING: V(i2,c) voltage is greater than specified by vmax
OSDI(debug) n.xru165.nr1: WARNING: V(i1,c) voltage is greater than specified by vmax
OSDI(debug) n.xru165.nr1: WARNING: V(i2,c) voltage is greater than specified by vmax
OSDI(debug) n.xru164.nr1: WARNING: V(i1,c) voltage is greater than specified by vmax
OSDI(debug) n.xru164.nr1: WARNING: V(i2,c) voltage is greater than specified by vmax
OSDI(debug) n.xru163.nr1: WARNING: V(i1,c) voltage is greater than specified by vmax
OSDI(debug) n.xru163.nr1: WARNING: V(i2,c) voltage is greater than specified by vmax
OSDI(debug) n.xru162.nr1: WARNING: V(i1,c) voltage is greater than specified by vmax
OSDI(debug) n.xru162.nr1: WARNING: V(i2,c) voltage is greater than specified by vmax
OSDI(debug) n.xru161.nr1: WARNING: V(i1,c) voltage is greater than specified by vmax
OSDI(debug) n.xru161.nr1: WARNING: V(i2,c) voltage is greater than specified by vmax
OSDI(debug) n.xru160.nr1: WARNING: V(i1,c) voltage is greater than specified by vmax
OSDI(debug) n.xru160.nr1: WARNING: V(i2,c) voltage is greater than specified by vmax
OSDI(debug) n.xru159.nr1: WARNING: V(i1,c) voltage is greater than specified by vmax
OSDI(debug) n.xru159.nr1: WARNING: V(i2,c) voltage is greater than specified by vmax
OSDI(debug) n.xru158.nr1: WARNING: V(i1,c) voltage is greater than specified by vmax
OSDI(debug) n.xru158.nr1: WARNING: V(i2,c) voltage is greater than specified by vmax
OSDI(debug) n.xru157.nr1: WARNING: V(i1,c) voltage is greater than specified by vmax
OSDI(debug) n.xru157.nr1: WARNING: V(i2,c) voltage is greater than specified by vmax
OSDI(debug) n.xru156.nr1: WARNING: V(i1,c) voltage is greater than specified by vmax
OSDI(debug) n.xru156.nr1: WARNING: V(i2,c) voltage is greater than specified by vmax
OSDI(debug) n.xru155.nr1: WARNING: V(i1,c) voltage is greater than specified by vmax
OSDI(debug) n.xru155.nr1: WARNING: V(i2,c) voltage is greater than specified by vmax
OSDI(debug) n.xru154.nr1: WARNING: V(i1,c) voltage is greater than specified by vmax
OSDI(debug) n.xru154.nr1: WARNING: V(i2,c) voltage is greater than specified by vmax
OSDI(debug) n.xru153.nr1: WARNING: V(i1,c) voltage is greater than specified by vmax
OSDI(debug) n.xru153.nr1: WARNING: V(i2,c) voltage is greater than specified by vmax
OSDI(debug) n.xru152.nr1: WARNING: V(i1,c) voltage is greater than specified by vmax
OSDI(debug) n.xru152.nr1: WARNING: V(i2,c) voltage is greater than specified by vmax
OSDI(debug) n.xru151.nr1: WARNING: V(i1,c) voltage is greater than specified by vmax
OSDI(debug) n.xru151.nr1: WARNING: V(i2,c) voltage is greater than specified by vmax
OSDI(debug) n.xru150.nr1: WARNING: V(i1,c) voltage is greater than specified by vmax
OSDI(debug) n.xru150.nr1: WARNING: V(i2,c) voltage is greater than specified by vmax
OSDI(debug) n.xru149.nr1: WARNING: V(i1,c) voltage is greater than specified by vmax
OSDI(debug) n.xru149.nr1: WARNING: V(i2,c) voltage is greater than specified by vmax
OSDI(debug) n.xru148.nr1: WARNING: V(i1,c) voltage is greater than specified by vmax
OSDI(debug) n.xru148.nr1: WARNING: V(i2,c) voltage is greater than specified by vmax
OSDI(debug) n.xru147.nr1: WARNING: V(i1,c) voltage is greater than specified by vmax
OSDI(debug) n.xru147.nr1: WARNING: V(i2,c) voltage is greater than specified by vmax
OSDI(debug) n.xru146.nr1: WARNING: V(i1,c) voltage is greater than specified by vmax
OSDI(debug) n.xru146.nr1: WARNING: V(i2,c) voltage is greater than specified by vmax
OSDI(debug) n.xru145.nr1: WARNING: V(i1,c) voltage is greater than specified by vmax
OSDI(debug) n.xru145.nr1: WARNING: V(i2,c) voltage is greater than specified by vmax
OSDI(debug) n.xru144.nr1: WARNING: V(i1,c) voltage is greater than specified by vmax
OSDI(debug) n.xru144.nr1: WARNING: V(i2,c) voltage is greater than specified by vmax
OSDI(debug) n.xru143.nr1: WARNING: V(i1,c) voltage is greater than specified by vmax
OSDI(debug) n.xru143.nr1: WARNING: V(i2,c) voltage is greater than specified by vmax
OSDI(debug) n.xru142.nr1: WARNING: V(i1,c) voltage is greater than specified by vmax
OSDI(debug) n.xru142.nr1: WARNING: V(i2,c) voltage is greater than specified by vmax
OSDI(debug) n.xru141.nr1: WARNING: V(i1,c) voltage is greater than specified by vmax
OSDI(debug) n.xru141.nr1: WARNING: V(i2,c) voltage is greater than specified by vmax
OSDI(debug) n.xru140.nr1: WARNING: V(i1,c) voltage is greater than specified by vmax
OSDI(debug) n.xru140.nr1: WARNING: V(i2,c) voltage is greater than specified by vmax
OSDI(debug) n.xru139.nr1: WARNING: V(i1,c) voltage is greater than specified by vmax
OSDI(debug) n.xru139.nr1: WARNING: V(i2,c) voltage is greater than specified by vmax
OSDI(debug) n.xru138.nr1: WARNING: V(i1,c) voltage is greater than specified by vmax
OSDI(debug) n.xru138.nr1: WARNING: V(i2,c) voltage is greater than specified by vmax
OSDI(debug) n.xru137.nr1: WARNING: V(i1,c) voltage is greater than specified by vmax
OSDI(debug) n.xru137.nr1: WARNING: V(i2,c) voltage is greater than specified by vmax
OSDI(debug) n.xru136.nr1: WARNING: V(i1,c) voltage is greater than specified by vmax
OSDI(debug) n.xru136.nr1: WARNING: V(i2,c) voltage is greater than specified by vmax
OSDI(debug) n.xru135.nr1: WARNING: V(i1,c) voltage is greater than specified by vmax
OSDI(debug) n.xru135.nr1: WARNING: V(i2,c) voltage is greater than specified by vmax
OSDI(debug) n.xru134.nr1: WARNING: V(i1,c) voltage is greater than specified by vmax
OSDI(debug) n.xru134.nr1: WARNING: V(i2,c) voltage is greater than specified by vmax
OSDI(debug) n.xru133.nr1: WARNING: V(i1,c) voltage is greater than specified by vmax
OSDI(debug) n.xru133.nr1: WARNING: V(i2,c) voltage is greater than specified by vmax
OSDI(debug) n.xru132.nr1: WARNING: V(i1,c) voltage is greater than specified by vmax
OSDI(debug) n.xru132.nr1: WARNING: V(i2,c) voltage is greater than specified by vmax
OSDI(debug) n.xru131.nr1: WARNING: V(i1,c) voltage is greater than specified by vmax
OSDI(debug) n.xru131.nr1: WARNING: V(i2,c) voltage is greater than specified by vmax
OSDI(debug) n.xru130.nr1: WARNING: V(i1,c) voltage is greater than specified by vmax
OSDI(debug) n.xru130.nr1: WARNING: V(i2,c) voltage is greater than specified by vmax
OSDI(debug) n.xru129.nr1: WARNING: V(i1,c) voltage is greater than specified by vmax
OSDI(debug) n.xru129.nr1: WARNING: V(i2,c) voltage is greater than specified by vmax
OSDI(debug) n.xru128.nr1: WARNING: V(i1,c) voltage is greater than specified by vmax
OSDI(debug) n.xru128.nr1: WARNING: V(i2,c) voltage is greater than specified by vmax
OSDI(debug) n.xru127.nr1: WARNING: V(i2,c) voltage is greater than specified by vmax
OSDI(debug) n.xru126.nr1: WARNING: V(i2,c) voltage is greater than specified by vmax
OSDI(debug) n.xru66.nr1: WARNING: V(i1,c) voltage is greater than specified by vmax
OSDI(debug) n.xru65.nr1: WARNING: V(i1,c) voltage is greater than specified by vmax
OSDI(debug) n.xru64.nr1: WARNING: V(i1,c) voltage is greater than specified by vmax
OSDI(debug) n.xru63.nr1: WARNING: V(i1,c) voltage is greater than specified by vmax
OSDI(debug) n.xru63.nr1: WARNING: V(i2,c) voltage is greater than specified by vmax
OSDI(debug) n.xru62.nr1: WARNING: V(i2,c) voltage is greater than specified by vmax
OSDI(debug) n.xru61.nr1: WARNING: V(i2,c) voltage is greater than specified by vmax
OSDI(debug) n.xru34.nr1: WARNING: V(i1,c) voltage is greater than specified by vmax
OSDI(debug) n.xru33.nr1: WARNING: V(i1,c) voltage is greater than specified by vmax
OSDI(debug) n.xru32.nr1: WARNING: V(i1,c) voltage is greater than specified by vmax
OSDI(debug) n.xru32.nr1: WARNING: V(i2,c) voltage is greater than specified by vmax
OSDI(debug) n.xru31.nr1: WARNING: V(i1,c) voltage is greater than specified by vmax
OSDI(debug) n.xru31.nr1: WARNING: V(i2,c) voltage is greater than specified by vmax
OSDI(debug) n.xru30.nr1: WARNING: V(i2,c) voltage is greater than specified by vmax
WARNING: V(i1,c) voltage is greater than specified by vmax
OSDI(debug) n.xru249.nr1: WARNING: V(i2,c) voltage is greater than specified by vmax
OSDI(debug) n.xru16.nr1: WARNING: V(i1,c) voltage is greater than specified by vmax
OSDI(debug) n.xru16.nr1: WARNING: V(i2,c) voltage is greater than specified by vmax
OSDI(debug) n.xru15.nr1: WARNING: V(i1,c) voltage is greater than specified by vmax
OSDI(debug) n.xru15.nr1: WARNING: V(i2,c) voltage is greater than specified by vmax
OSDI(debug) n.xru14.nr1: WARNING: V(i1,c) voltage is greater than specified by vmax
OSDI(debug) n.xru14.nr1: WARNING: V(i2,c) voltage is greater than specified by vmax
OSDI(debug) n.xru13.nr1: WARNING: V(i2,c) voltage is greater than specified by vmax
OSDI(debug) n.xru10.nr1: WARNING: V(i1,c) voltage is greater than specified by vmax
OSDI(debug) n.xru9.nr1: WARNING: V(i1,c) voltage is greater than specified by vmax
OSDI(debug) n.xru8.nr1: WARNING: V(i1,c) voltage is greater than specified by vmax
OSDI(debug) n.xru7.nr1: WARNING: V(i1,c) voltage is greater than specified by vmax
OSDI(debug) n.xru7.nr1: WARNING: V(i2,c) voltage is greater than specified by vmax
OSDI(debug) n.xru6.nr1: WARNING: V(i1,c) voltage is greater than specified by vmax
OSDI(debug) n.xru6.nr1: WARNING: V(i2,c) voltage is greater than specified by vmax
OSDI(debug) n.xru5.nr1: WARNING: V(i1,c) voltage is greater than specified by vmax
OSDI(debug) n.xru4.nr1: WARNING: V(i1,c) voltage is greater than specified by vmax
OSDI(debug) n.xru4.nr1: WARNING: V(i2,c) voltage is greater than specified by vmax
OSDI(debug) n.xru3.nr1: WARNING: V(i1,c) voltage is greater than specified by vmax
OSDI(debug) n.xru3.nr1: WARNING: V(i2,c) voltage is greater than specified by vmax
OSDI(debug) n.xru2.nr1: WARNING: V(i1,c) voltage is greater than specified by vmax
OSDI(debug) n.xru2.nr1: WARNING: V(i2,c) voltage is greater than specified by vmax
OSDI(debug) n.xru1.nr1: WARNING: V(i1,c) voltage is greater than specified by vmax
OSDI(debug) n.xru1.nr1: WARNING: V(i2,c) voltage is greater than specified by vmax
OSDI(debug) n.xr1.nr1: WARNING: V(i2,c) voltage is greater than specified by vmax
OSDI(debug) n.xru253.nr1: WARNING: V(i1,c) voltage is greater than specified by vmax
OSDI(debug) n.xru253.nr1: WARNING: V(i2,c) voltage is greater than specified by vmax
OSDI(debug) n.xru254.nr1: WARNING: V(i1,c) voltage is greater than specified by vmax
OSDI(debug) n.xru254.nr1: WARNING: V(i2,c) voltage is greater than specified by vmax
OSDI(debug) n.xru251.nr1: WARNING: V(i2,c) voltage is greater than specified by vmax
OSDI(debug) n.xru250.nr1: WARNING: V(i1,c) voltage is greater than specified by vmax
OSDI(debug) n.xru248.nr1: OSDI(debug) n.xru250.nr1: WARNING: V(i2,c) voltage is greater than specified by vmax
OSDI(debug) n.xru255.nr1: WARNING: V(i2,c) voltage is greater than specified by vmax
WARNING: V(i1,c) voltage is greater than specified by vmax
OSDI(debug) n.xru248.nr1: WARNING: V(i2,c) voltage is greater than specified by vmax
OSDI(debug) n.xru17.nr1: WARNING: V(i1,c) voltage is greater than specified by vmax
OSDI(debug) n.xr2.nr1: WARNING: V(i2,c) voltage is greater than specified by vmax
OSDI(debug) n.xr2.nr1: WARNING: V(i2,c) voltage is greater than specified by vmax
OSDI(debug) n.xr2.nr1: WARNING: V(i2,c) voltage is greater than specified by vmax
OSDI(debug) n.xr2.nr1: WARNING: V(i2,c) voltage is greater than specified by vmax
OSDI(debug) n.xr2.nr1: WARNING: V(i2,c) voltage is greater than specified by vmax
OSDI(debug) n.xr2.nr1: WARNING: V(i2,c) voltage is greater than specified by vmax
OSDI(debug) n.xr2.nr1: WARNING: V(i2,c) voltage is greater than specified by vmax
OSDI(debug) n.xr2.nr1: WARNING: V(i2,c) voltage is greater than specified by vmax
OSDI(debug) n.xr2.nr1: WARNING: V(i2,c) voltage is greater than specified by vmax
OSDI(debug) n.xr2.nr1: WARNING: V(i2,c) voltage is greater than specified by vmax
OSDI(debug) n.xr2.nr1: WARNING: V(i2,c) voltage is greater than specified by vmax
OSDI(debug) n.xr2.nr1: WARNING: V(i2,c) voltage is greater than specified by vmax
OSDI(debug) n.xr2.nr1: WARNING: V(i2,c) voltage is greater than specified by vmax
OSDI(debug) n.xr2.nr1: WARNING: V(i2,c) voltage is greater than specified by vmax
OSDI(debug) n.xr2.nr1: WARNING: V(i2,c) voltage is greater than specified by vmax
OSDI(debug) n.xr2.nr1: WARNING: V(i2,c) voltage is greater than specified by vmax
OSDI(debug) n.xr2.nr1: WARNING: V(i2,c) voltage is greater than specified by vmax
OSDI(debug) n.xr2.nr1: WARNING: V(i2,c) voltage is greater than specified by vmax
OSDI(debug) n.xr2.nr1: WARNING: V(i2,c) voltage is greater than specified by vmax
OSDI(debug) n.xr2.nr1: WARNING: V(i2,c) voltage is greater than specified by vmax
Warning: singular matrix:  check node t101__t1

Warning: Dynamic gmin stepping failed
Note: Starting true gmin stepping
Warning: singular matrix:  check nodes n.xru215.nr1#i2 and n.xru252.nr1#i2

OSDI(debug) n.xru255.nr1: WARNING: V(i1,c) voltage is greater than specified by vmax
OSDI(debug) n.xru250.nr1: OSDI(debug) n.xru249.nr1: WARNING: V(i1,c) voltage is greater than specified by vmax
OSDI(debug) n.xru250.nr1: WARNING: V(i2,c) voltage is greater than specified by vmax
OSDI(debug) n.xru248.nr1: WARNING: V(i1,c) voltage is greater than specified by vmax
OSDI(debug) n.xru248.nr1: WARNING: V(i2,c) voltage is greater than specified by vmax
OSDI(debug) n.xru247.nr1: WARNING: V(i1,c) voltage is greater than specified by vmax
OSDI(debug) n.xru247.nr1: WARNING: V(i2,c) voltage is greater than specified by vmax
OSDI(debug) n.xru246.nr1: WARNING: V(i1,c) voltage is greater than specified by vmax
OSDI(debug) n.xru246.nr1: WARNING: V(i2,c) voltage is greater than specified by vmax
OSDI(debug) n.xru244.nr1: WARNING: V(i1,c) voltage is greater than specified by vmax
OSDI(debug) n.xru245.nr1: OSDI(debug) n.xru244.nr1: WARNING: V(i1,c) voltage is greater than specified by vmax
OSDI(debug) n.xru245.nr1: WARNING: V(i2,c) voltage is greater than specified by vmax
OSDI(debug) n.xru243.nr1: WARNING: V(i1,c) voltage is greater than specified by vmax
OSDI(debug) n.xru243.nr1: WARNING: V(i2,c) voltage is greater than specified by vmax
OSDI(debug) n.xru242.nr1: WARNING: V(i1,c) voltage is greater than specified by vmax
OSDI(debug) n.xru242.nr1: WARNING: V(i2,c) voltage is greater than specified by vmax
OSDI(debug) n.xru241.nr1: WARNING: V(i1,c) voltage is greater than specified by vmax
OSDI(debug) n.xru241.nr1: WARNING: V(i2,c) voltage is greater than specified by vmax
OSDI(debug) n.xru240.nr1: WARNING: V(i1,c) voltage is greater than specified by vmax
OSDI(debug) n.xru240.nr1: WARNING: V(i2,c) voltage is greater than specified by vmax
OSDI(debug) n.xru239.nr1: WARNING: V(i1,c) voltage is greater than specified by vmax
OSDI(debug) n.xru239.nr1: WARNING: V(i2,c) voltage is greater than specified by vmax
OSDI(debug) n.xru238.nr1: WARNING: V(i1,c) voltage is greater than specified by vmax
OSDI(debug) n.xru238.nr1: WARNING: V(i2,c) voltage is greater than specified by vmax
OSDI(debug) n.xru237.nr1: WARNING: V(i1,c) voltage is greater than specified by vmax
OSDI(debug) n.xru237.nr1: WARNING: V(i2,c) voltage is greater than specified by vmax
OSDI(debug) n.xru236.nr1: WARNING: V(i1,c) voltage is greater than specified by vmax
OSDI(debug) n.xru236.nr1: WARNING: V(i2,c) voltage is greater than specified by vmax
OSDI(debug) n.xru235.nr1: WARNING: V(i1,c) voltage is greater than specified by vmax
OSDI(debug) n.xru235.nr1: WARNING: V(i2,c) voltage is greater than specified by vmax
OSDI(debug) n.xru234.nr1: WARNING: V(i1,c) voltage is greater than specified by vmax
OSDI(debug) n.xru234.nr1: WARNING: V(i2,c) voltage is greater than specified by vmax
OSDI(debug) n.xru233.nr1: WARNING: V(i1,c) voltage is greater than specified by vmax
OSDI(debug) n.xru233.nr1: WARNING: V(i2,c) voltage is greater than specified by vmax
OSDI(debug) n.xru232.nr1: WARNING: V(i1,c) voltage is greater than specified by vmax
OSDI(debug) n.xru232.nr1: WARNING: V(i2,c) voltage is greater than specified by vmax
OSDI(debug) n.xru231.nr1: WARNING: V(i1,c) voltage is greater than specified by vmax
OSDI(debug) n.xru231.nr1: WARNING: V(i2,c) voltage is greater than specified by vmax
OSDI(debug) n.xru230.nr1: WARNING: V(i1,c) voltage is greater than specified by vmax
OSDI(debug) n.xru230.nr1: WARNING: V(i2,c) voltage is greater than specified by vmax
OSDI(debug) n.xru229.nr1: WARNING: V(i1,c) voltage is greater than specified by vmax
OSDI(debug) n.xru229.nr1: WARNING: V(i2,c) voltage is greater than specified by vmax
OSDI(debug) n.xru228.nr1: WARNING: V(i1,c) voltage is greater than specified by vmax
OSDI(debug) n.xru228.nr1: WARNING: V(i2,c) voltage is greater than specified by vmax
OSDI(debug) n.xru227.nr1: WARNING: V(i1,c) voltage is greater than specified by vmax
OSDI(debug) n.xru227.nr1: WARNING: V(i2,c) voltage is greater than specified by vmax
OSDI(debug) n.xru226.nr1: WARNING: V(i1,c) voltage is greater than specified by vmax
OSDI(debug) n.xru226.nr1: WARNING: V(i2,c) voltage is greater than specified by vmax
OSDI(debug) n.xru225.nr1: WARNING: V(i1,c) voltage is greater than specified by vmax
OSDI(debug) n.xru225.nr1: WARNING: V(i2,c) voltage is greater than specified by vmax
OSDI(debug) n.xru224.nr1: WARNING: V(i1,c) voltage is greater than specified by vmax
OSDI(debug) n.xru224.nr1: WARNING: V(i2,c) voltage is greater than specified by vmax
OSDI(debug) n.xru223.nr1: WARNING: V(i1,c) voltage is greater than specified by vmax
OSDI(debug) n.xru223.nr1: WARNING: V(i2,c) voltage is greater than specified by vmax
OSDI(debug) n.xru222.nr1: WARNING: V(i1,c) voltage is greater than specified by vmax
OSDI(debug) n.xru222.nr1: WARNING: V(i2,c) voltage is greater than specified by vmax
OSDI(debug) n.xru221.nr1: WARNING: V(i1,c) voltage is greater than specified by vmax
OSDI(debug) n.xru221.nr1: WARNING: V(i2,c) voltage is greater than specified by vmax
OSDI(debug) n.xru220.nr1: WARNING: V(i1,c) voltage is greater than specified by vmax
OSDI(debug) n.xru220.nr1: WARNING: V(i2,c) voltage is greater than specified by vmax
OSDI(debug) n.xru219.nr1: WARNING: V(i1,c) voltage is greater than specified by vmax
OSDI(debug) n.xru219.nr1: WARNING: V(i2,c) voltage is greater than specified by vmax
OSDI(debug) n.xru218.nr1: WARNING: V(i1,c) voltage is greater than specified by vmax
OSDI(debug) n.xru218.nr1: WARNING: V(i2,c) voltage is greater than specified by vmax
OSDI(debug) n.xru217.nr1: WARNING: V(i1,c) voltage is greater than specified by vmax
OSDI(debug) n.xru217.nr1: WARNING: V(i2,c) voltage is greater than specified by vmax
OSDI(debug) n.xru216.nr1: WARNING: V(i1,c) voltage is greater than specified by vmax
OSDI(debug) n.xru216.nr1: WARNING: V(i2,c) voltage is greater than specified by vmax
OSDI(debug) n.xru215.nr1: WARNING: V(i1,c) voltage is greater than specified by vmax
OSDI(debug) n.xru215.nr1: WARNING: V(i2,c) voltage is greater than specified by vmax
OSDI(debug) n.xru214.nr1: WARNING: V(i1,c) voltage is greater than specified by vmax
OSDI(debug) n.xru214.nr1: WARNING: V(i2,c) voltage is greater than specified by vmax
OSDI(debug) n.xru213.nr1: WARNING: V(i1,c) voltage is greater than specified by vmax
OSDI(debug) n.xru213.nr1: WARNING: V(i2,c) voltage is greater than specified by vmax
OSDI(debug) n.xru212.nr1: WARNING: V(i1,c) voltage is greater than specified by vmax
OSDI(debug) n.xru212.nr1: WARNING: V(i2,c) voltage is greater than specified by vmax
OSDI(debug) n.xru211.nr1: WARNING: V(i1,c) voltage is greater than specified by vmax
OSDI(debug) n.xru211.nr1: WARNING: V(i2,c) voltage is greater than specified by vmax
OSDI(debug) n.xru210.nr1: WARNING: V(i1,c) voltage is greater than specified by vmax
OSDI(debug) n.xru210.nr1: WARNING: V(i2,c) voltage is greater than specified by vmax
OSDI(debug) n.xru209.nr1: WARNING: V(i1,c) voltage is greater than specified by vmax
OSDI(debug) n.xru209.nr1: WARNING: V(i2,c) voltage is greater than specified by vmax
OSDI(debug) n.xru208.nr1: WARNING: V(i1,c) voltage is greater than specified by vmax
OSDI(debug) n.xru208.nr1: WARNING: V(i2,c) voltage is greater than specified by vmax
OSDI(debug) n.xru207.nr1: WARNING: V(i1,c) voltage is greater than specified by vmax
OSDI(debug) n.xru207.nr1: WARNING: V(i2,c) voltage is greater than specified by vmax
OSDI(debug) n.xru206.nr1: WARNING: V(i1,c) voltage is greater than specified by vmax
OSDI(debug) n.xru206.nr1: WARNING: V(i2,c) voltage is greater than specified by vmax
OSDI(debug) n.xru205.nr1: WARNING: V(i1,c) voltage is greater than specified by vmax
OSDI(debug) n.xru205.nr1: WARNING: V(i2,c) voltage is greater than specified by vmax
OSDI(debug) n.xru204.nr1: WARNING: V(i1,c) voltage is greater than specified by vmax
OSDI(debug) n.xru204.nr1: WARNING: V(i2,c) voltage is greater than specified by vmax
OSDI(debug) n.xru203.nr1: WARNING: V(i1,c) voltage is greater than specified by vmax
OSDI(debug) n.xru203.nr1: WARNING: V(i2,c) voltage is greater than specified by vmax
OSDI(debug) n.xru202.nr1: WARNING: V(i1,c) voltage is greater than specified by vmax
OSDI(debug) n.xru202.nr1: WARNING: V(i2,c) voltage is greater than specified by vmax
OSDI(debug) n.xru201.nr1: WARNING: V(i1,c) voltage is greater than specified by vmax
OSDI(debug) n.xru201.nr1: WARNING: V(i2,c) voltage is greater than specified by vmax
OSDI(debug) n.xru200.nr1: WARNING: V(i1,c) voltage is greater than specified by vmax
OSDI(debug) n.xru200.nr1: WARNING: V(i2,c) voltage is greater than specified by vmax
OSDI(debug) n.xru199.nr1: WARNING: V(i1,c) voltage is greater than specified by vmax
OSDI(debug) n.xru199.nr1: WARNING: V(i2,c) voltage is greater than specified by vmax
OSDI(debug) n.xru198.nr1: WARNING: V(i1,c) voltage is greater than specified by vmax
OSDI(debug) n.xru198.nr1: WARNING: V(i2,c) voltage is greater than specified by vmax
OSDI(debug) n.xru197.nr1: WARNING: V(i1,c) voltage is greater than specified by vmax
OSDI(debug) n.xru197.nr1: WARNING: V(i2,c) voltage is greater than specified by vmax
OSDI(debug) n.xru196.nr1: WARNING: V(i1,c) voltage is greater than specified by vmax
OSDI(debug) n.xru196.nr1: WARNING: V(i2,c) voltage is greater than specified by vmax
OSDI(debug) n.xru195.nr1: WARNING: V(i1,c) voltage is greater than specified by vmax
OSDI(debug) n.xru195.nr1: WARNING: V(i2,c) voltage is greater than specified by vmax
OSDI(debug) n.xru194.nr1: WARNING: V(i1,c) voltage is greater than specified by vmax
OSDI(debug) n.xru194.nr1: WARNING: V(i2,c) voltage is greater than specified by vmax
OSDI(debug) n.xru193.nr1: WARNING: V(i1,c) voltage is greater than specified by vmax
OSDI(debug) n.xru193.nr1: WARNING: V(i2,c) voltage is greater than specified by vmax
OSDI(debug) n.xru192.nr1: WARNING: V(i1,c) voltage is greater than specified by vmax
OSDI(debug) n.xru192.nr1: WARNING: V(i2,c) voltage is greater than specified by vmax
OSDI(debug) n.xru191.nr1: WARNING: V(i1,c) voltage is greater than specified by vmax
OSDI(debug) n.xru191.nr1: WARNING: V(i2,c) voltage is greater than specified by vmax
OSDI(debug) n.xru190.nr1: WARNING: V(i1,c) voltage is greater than specified by vmax
OSDI(debug) n.xru190.nr1: WARNING: V(i2,c) voltage is greater than specified by vmax
OSDI(debug) n.xru189.nr1: WARNING: V(i1,c) voltage is greater than specified by vmax
OSDI(debug) n.xru189.nr1: WARNING: V(i2,c) voltage is greater than specified by vmax
OSDI(debug) n.xru188.nr1: WARNING: V(i1,c) voltage is greater than specified by vmax
OSDI(debug) n.xru188.nr1: WARNING: V(i2,c) voltage is greater than specified by vmax
OSDI(debug) n.xru187.nr1: WARNING: V(i1,c) voltage is greater than specified by vmax
OSDI(debug) n.xru187.nr1: WARNING: V(i2,c) voltage is greater than specified by vmax
OSDI(debug) n.xru186.nr1: WARNING: V(i1,c) voltage is greater than specified by vmax
OSDI(debug) n.xru186.nr1: WARNING: V(i2,c) voltage is greater than specified by vmax
OSDI(debug) n.xru185.nr1: WARNING: V(i1,c) voltage is greater than specified by vmax
OSDI(debug) n.xru185.nr1: WARNING: V(i2,c) voltage is greater than specified by vmax
OSDI(debug) n.xru184.nr1: WARNING: V(i1,c) voltage is greater than specified by vmax
OSDI(debug) n.xru184.nr1: WARNING: V(i2,c) voltage is greater than specified by vmax
OSDI(debug) n.xru183.nr1: WARNING: V(i1,c) voltage is greater than specified by vmax
OSDI(debug) n.xru183.nr1: WARNING: V(i2,c) voltage is greater than specified by vmax
OSDI(debug) n.xru182.nr1: WARNING: V(i1,c) voltage is greater than specified by vmax
OSDI(debug) n.xru182.nr1: WARNING: V(i2,c) voltage is greater than specified by vmax
OSDI(debug) n.xru181.nr1: WARNING: V(i1,c) voltage is greater than specified by vmax
OSDI(debug) n.xru181.nr1: WARNING: V(i2,c) voltage is greater than specified by vmax
OSDI(debug) n.xru180.nr1: WARNING: V(i1,c) voltage is greater than specified by vmax
OSDI(debug) n.xru180.nr1: WARNING: V(i2,c) voltage is greater than specified by vmax
OSDI(debug) n.xru179.nr1: WARNING: V(i1,c) voltage is greater than specified by vmax
OSDI(debug) n.xru179.nr1: WARNING: V(i2,c) voltage is greater than specified by vmax
OSDI(debug) n.xru178.nr1: WARNING: V(i1,c) voltage is greater than specified by vmax
OSDI(debug) n.xru178.nr1: WARNING: V(i2,c) voltage is greater than specified by vmax
OSDI(debug) n.xru177.nr1: WARNING: V(i1,c) voltage is greater than specified by vmax
OSDI(debug) n.xru177.nr1: WARNING: V(i2,c) voltage is greater than specified by vmax
OSDI(debug) n.xru176.nr1: WARNING: V(i1,c) voltage is greater than specified by vmax
OSDI(debug) n.xru176.nr1: WARNING: V(i2,c) voltage is greater than specified by vmax
OSDI(debug) n.xru175.nr1: WARNING: V(i1,c) voltage is greater than specified by vmax
OSDI(debug) n.xru175.nr1: WARNING: V(i2,c) voltage is greater than specified by vmax
OSDI(debug) n.xru174.nr1: WARNING: V(i1,c) voltage is greater than specified by vmax
OSDI(debug) n.xru174.nr1: WARNING: V(i2,c) voltage is greater than specified by vmax
OSDI(debug) n.xru173.nr1: WARNING: V(i1,c) voltage is greater than specified by vmax
OSDI(debug) n.xru173.nr1: WARNING: V(i2,c) voltage is greater than specified by vmax
OSDI(debug) n.xru172.nr1: WARNING: V(i1,c) voltage is greater than specified by vmax
OSDI(debug) n.xru172.nr1: WARNING: V(i2,c) voltage is greater than specified by vmax
OSDI(debug) n.xru171.nr1: WARNING: V(i1,c) voltage is greater than specified by vmax
OSDI(debug) n.xru171.nr1: WARNING: V(i2,c) voltage is greater than specified by vmax
OSDI(debug) n.xru170.nr1: WARNING: V(i1,c) voltage is greater than specified by vmax
OSDI(debug) n.xru170.nr1: WARNING: V(i2,c) voltage is greater than specified by vmax
OSDI(debug) n.xru169.nr1: WARNING: V(i1,c) voltage is greater than specified by vmax
OSDI(debug) n.xru169.nr1: WARNING: V(i2,c) voltage is greater than specified by vmax
OSDI(debug) n.xru168.nr1: WARNING: V(i1,c) voltage is greater than specified by vmax
OSDI(debug) n.xru168.nr1: WARNING: V(i2,c) voltage is greater than specified by vmax
OSDI(debug) n.xru167.nr1: WARNING: V(i1,c) voltage is greater than specified by vmax
OSDI(debug) n.xru167.nr1: WARNING: V(i2,c) voltage is greater than specified by vmax
OSDI(debug) n.xru166.nr1: WARNING: V(i1,c) voltage is greater than specified by vmax
OSDI(debug) n.xru166.nr1: WARNING: V(i2,c) voltage is greater than specified by vmax
OSDI(debug) n.xru165.nr1: WARNING: V(i1,c) voltage is greater than specified by vmax
OSDI(debug) n.xru165.nr1: WARNING: V(i2,c) voltage is greater than specified by vmax
OSDI(debug) n.xru164.nr1: WARNING: V(i1,c) voltage is greater than specified by vmax
OSDI(debug) n.xru164.nr1: WARNING: V(i2,c) voltage is greater than specified by vmax
OSDI(debug) n.xru163.nr1: WARNING: V(i1,c) voltage is greater than specified by vmax
OSDI(debug) n.xru163.nr1: WARNING: V(i2,c) voltage is greater than specified by vmax
OSDI(debug) n.xru162.nr1: WARNING: V(i1,c) voltage is greater than specified by vmax
OSDI(debug) n.xru162.nr1: WARNING: V(i2,c) voltage is greater than specified by vmax
OSDI(debug) n.xru161.nr1: WARNING: V(i1,c) voltage is greater than specified by vmax
OSDI(debug) n.xru161.nr1: WARNING: V(i2,c) voltage is greater than specified by vmax
OSDI(debug) n.xru160.nr1: WARNING: V(i1,c) voltage is greater than specified by vmax
OSDI(debug) n.xru160.nr1: WARNING: V(i2,c) voltage is greater than specified by vmax
OSDI(debug) n.xru159.nr1: WARNING: V(i1,c) voltage is greater than specified by vmax
OSDI(debug) n.xru159.nr1: WARNING: V(i2,c) voltage is greater than specified by vmax
OSDI(debug) n.xru158.nr1: WARNING: V(i1,c) voltage is greater than specified by vmax
OSDI(debug) n.xru158.nr1: WARNING: V(i2,c) voltage is greater than specified by vmax
OSDI(debug) n.xru157.nr1: WARNING: V(i1,c) voltage is greater than specified by vmax
OSDI(debug) n.xru157.nr1: WARNING: V(i2,c) voltage is greater than specified by vmax
OSDI(debug) n.xru156.nr1: WARNING: V(i1,c) voltage is greater than specified by vmax
OSDI(debug) n.xru156.nr1: WARNING: V(i2,c) voltage is greater than specified by vmax
OSDI(debug) n.xru155.nr1: WARNING: V(i1,c) voltage is greater than specified by vmax
OSDI(debug) n.xru155.nr1: WARNING: V(i2,c) voltage is greater than specified by vmax
OSDI(debug) n.xru154.nr1: WARNING: V(i1,c) voltage is greater than specified by vmax
OSDI(debug) n.xru154.nr1: WARNING: V(i2,c) voltage is greater than specified by vmax
OSDI(debug) n.xru153.nr1: WARNING: V(i1,c) voltage is greater than specified by vmax
OSDI(debug) n.xru153.nr1: WARNING: V(i2,c) voltage is greater than specified by vmax
OSDI(debug) n.xru152.nr1: WARNING: V(i1,c) voltage is greater than specified by vmax
OSDI(debug) n.xru152.nr1: WARNING: V(i2,c) voltage is greater than specified by vmax
OSDI(debug) n.xru151.nr1: WARNING: V(i1,c) voltage is greater than specified by vmax
OSDI(debug) n.xru151.nr1: WARNING: V(i2,c) voltage is greater than specified by vmax
OSDI(debug) n.xru150.nr1: WARNING: V(i1,c) voltage is greater than specified by vmax
OSDI(debug) n.xru150.nr1: WARNING: V(i2,c) voltage is greater than specified by vmax
OSDI(debug) n.xru149.nr1: WARNING: V(i1,c) voltage is greater than specified by vmax
OSDI(debug) n.xru149.nr1: WARNING: V(i2,c) voltage is greater than specified by vmax
OSDI(debug) n.xru148.nr1: WARNING: V(i1,c) voltage is greater than specified by vmax
OSDI(debug) n.xru148.nr1: WARNING: V(i2,c) voltage is greater than specified by vmax
OSDI(debug) n.xru147.nr1: WARNING: V(i1,c) voltage is greater than specified by vmax
OSDI(debug) n.xru147.nr1: WARNING: V(i2,c) voltage is greater than specified by vmax
OSDI(debug) n.xru146.nr1: WARNING: V(i1,c) voltage is greater than specified by vmax
OSDI(debug) n.xru146.nr1: WARNING: V(i2,c) voltage is greater than specified by vmax
OSDI(debug) n.xru145.nr1: WARNING: V(i1,c) voltage is greater than specified by vmax
OSDI(debug) n.xru145.nr1: WARNING: V(i2,c) voltage is greater than specified by vmax
OSDI(debug) n.xru144.nr1: WARNING: V(i1,c) voltage is greater than specified by vmax
OSDI(debug) n.xru144.nr1: WARNING: V(i2,c) voltage is greater than specified by vmax
OSDI(debug) n.xru143.nr1: WARNING: V(i1,c) voltage is greater than specified by vmax
OSDI(debug) n.xru143.nr1: WARNING: V(i2,c) voltage is greater than specified by vmax
OSDI(debug) n.xru142.nr1: WARNING: V(i1,c) voltage is greater than specified by vmax
OSDI(debug) n.xru142.nr1: WARNING: V(i2,c) voltage is greater than specified by vmax
OSDI(debug) n.xru141.nr1: WARNING: V(i1,c) voltage is greater than specified by vmax
OSDI(debug) n.xru141.nr1: WARNING: V(i2,c) voltage is greater than specified by vmax
OSDI(debug) n.xru140.nr1: WARNING: V(i1,c) voltage is greater than specified by vmax
OSDI(debug) n.xru140.nr1: WARNING: V(i2,c) voltage is greater than specified by vmax
OSDI(debug) n.xru139.nr1: WARNING: V(i1,c) voltage is greater than specified by vmax
OSDI(debug) n.xru139.nr1: WARNING: V(i2,c) voltage is greater than specified by vmax
OSDI(debug) n.xru138.nr1: WARNING: V(i1,c) voltage is greater than specified by vmax
OSDI(debug) n.xru138.nr1: WARNING: V(i2,c) voltage is greater than specified by vmax
OSDI(debug) n.xru137.nr1: WARNING: V(i1,c) voltage is greater than specified by vmax
OSDI(debug) n.xru137.nr1: WARNING: V(i2,c) voltage is greater than specified by vmax
OSDI(debug) n.xru136.nr1: WARNING: V(i1,c) voltage is greater than specified by vmax
OSDI(debug) n.xru136.nr1: WARNING: V(i2,c) voltage is greater than specified by vmax
OSDI(debug) n.xru135.nr1: WARNING: V(i1,c) voltage is greater than specified by vmax
OSDI(debug) n.xru135.nr1: WARNING: V(i2,c) voltage is greater than specified by vmax
OSDI(debug) n.xru134.nr1: WARNING: V(i1,c) voltage is greater than specified by vmax
OSDI(debug) n.xru134.nr1: WARNING: V(i2,c) voltage is greater than specified by vmax
OSDI(debug) n.xru133.nr1: WARNING: V(i1,c) voltage is greater than specified by vmax
OSDI(debug) n.xru133.nr1: WARNING: V(i2,c) voltage is greater than specified by vmax
OSDI(debug) n.xru132.nr1: WARNING: V(i1,c) voltage is greater than specified by vmax
OSDI(debug) n.xru132.nr1: WARNING: V(i2,c) voltage is greater than specified by vmax
OSDI(debug) n.xru131.nr1: WARNING: V(i1,c) voltage is greater than specified by vmax
OSDI(debug) n.xru131.nr1: WARNING: V(i2,c) voltage is greater than specified by vmax
OSDI(debug) n.xru130.nr1: WARNING: V(i1,c) voltage is greater than specified by vmax
OSDI(debug) n.xru130.nr1: WARNING: V(i2,c) voltage is greater than specified by vmax
OSDI(debug) n.xru129.nr1: WARNING: V(i1,c) voltage is greater than specified by vmax
OSDI(debug) n.xru129.nr1: WARNING: V(i2,c) voltage is greater than specified by vmax
OSDI(debug) n.xru128.nr1: WARNING: V(i1,c) voltage is greater than specified by vmax
OSDI(debug) n.xru128.nr1: WARNING: V(i2,c) voltage is greater than specified by vmax
OSDI(debug) n.xru127.nr1: WARNING: V(i1,c) voltage is greater than specified by vmax
OSDI(debug) n.xru127.nr1: WARNING: V(i2,c) voltage is greater than specified by vmax
OSDI(debug) n.xru126.nr1: WARNING: V(i1,c) voltage is greater than specified by vmax
OSDI(debug) n.xru126.nr1: WARNING: V(i2,c) voltage is greater than specified by vmax
OSDI(debug) n.xru125.nr1: WARNING: V(i1,c) voltage is greater than specified by vmax
OSDI(debug) n.xru125.nr1: WARNING: V(i2,c) voltage is greater than specified by vmax
OSDI(debug) n.xru124.nr1: WARNING: V(i1,c) voltage is greater than specified by vmax
OSDI(debug) n.xru124.nr1: WARNING: V(i2,c) voltage is greater than specified by vmax
OSDI(debug) n.xru123.nr1: WARNING: V(i1,c) voltage is greater than specified by vmax
OSDI(debug) n.xru123.nr1: WARNING: V(i2,c) voltage is greater than specified by vmax
OSDI(debug) n.xru122.nr1: WARNING: V(i1,c) voltage is greater than specified by vmax
OSDI(debug) n.xru122.nr1: WARNING: V(i2,c) voltage is greater than specified by vmax
OSDI(debug) n.xru121.nr1: WARNING: V(i1,c) voltage is greater than specified by vmax
OSDI(debug) n.xru121.nr1: WARNING: V(i2,c) voltage is greater than specified by vmax
OSDI(debug) n.xru120.nr1: WARNING: V(i1,c) voltage is greater than specified by vmax
OSDI(debug) n.xru120.nr1: WARNING: V(i2,c) voltage is greater than specified by vmax
OSDI(debug) n.xru119.nr1: WARNING: V(i1,c) voltage is greater than specified by vmax
OSDI(debug) n.xru119.nr1: WARNING: V(i2,c) voltage is greater than specified by vmax
OSDI(debug) n.xru118.nr1: WARNING: V(i1,c) voltage is greater than specified by vmax
OSDI(debug) n.xru118.nr1: WARNING: V(i2,c) voltage is greater than specified by vmax
OSDI(debug) n.xru117.nr1: WARNING: V(i1,c) voltage is greater than specified by vmax
OSDI(debug) n.xru117.nr1: WARNING: V(i2,c) voltage is greater than specified by vmax
OSDI(debug) n.xru116.nr1: WARNING: V(i1,c) voltage is greater than specified by vmax
OSDI(debug) n.xru116.nr1: WARNING: V(i2,c) voltage is greater than specified by vmax
OSDI(debug) n.xru115.nr1: WARNING: V(i1,c) voltage is greater than specified by vmax
OSDI(debug) n.xru115.nr1: WARNING: V(i2,c) voltage is greater than specified by vmax
OSDI(debug) n.xru114.nr1: WARNING: V(i1,c) voltage is greater than specified by vmax
OSDI(debug) n.xru114.nr1: WARNING: V(i2,c) voltage is greater than specified by vmax
OSDI(debug) n.xru113.nr1: WARNING: V(i1,c) voltage is greater than specified by vmax
OSDI(debug) n.xru113.nr1: WARNING: V(i2,c) voltage is greater than specified by vmax
OSDI(debug) n.xru112.nr1: WARNING: V(i1,c) voltage is greater than specified by vmax
OSDI(debug) n.xru112.nr1: WARNING: V(i2,c) voltage is greater than specified by vmax
OSDI(debug) n.xru111.nr1: WARNING: V(i1,c) voltage is greater than specified by vmax
OSDI(debug) n.xru111.nr1: WARNING: V(i2,c) voltage is greater than specified by vmax
OSDI(debug) n.xru110.nr1: WARNING: V(i1,c) voltage is greater than specified by vmax
OSDI(debug) n.xru110.nr1: WARNING: V(i2,c) voltage is greater than specified by vmax
OSDI(debug) n.xru109.nr1: WARNING: V(i1,c) voltage is greater than specified by vmax
OSDI(debug) n.xru109.nr1: WARNING: V(i2,c) voltage is greater than specified by vmax
OSDI(debug) n.xru108.nr1: WARNING: V(i1,c) voltage is greater than specified by vmax
OSDI(debug) n.xru108.nr1: WARNING: V(i2,c) voltage is greater than specified by vmax
OSDI(debug) n.xru107.nr1: WARNING: V(i1,c) voltage is greater than specified by vmax
OSDI(debug) n.xru107.nr1: WARNING: V(i2,c) voltage is greater than specified by vmax
OSDI(debug) n.xru106.nr1: WARNING: V(i1,c) voltage is greater than specified by vmax
OSDI(debug) n.xru106.nr1: WARNING: V(i2,c) voltage is greater than specified by vmax
OSDI(debug) n.xru105.nr1: WARNING: V(i1,c) voltage is greater than specified by vmax
OSDI(debug) n.xru105.nr1: WARNING: V(i2,c) voltage is greater than specified by vmax
OSDI(debug) n.xru104.nr1: WARNING: V(i1,c) voltage is greater than specified by vmax
OSDI(debug) n.xru104.nr1: WARNING: V(i2,c) voltage is greater than specified by vmax
OSDI(debug) n.xru103.nr1: WARNING: V(i1,c) voltage is greater than specified by vmax
OSDI(debug) n.xru103.nr1: WARNING: V(i2,c) voltage is greater than specified by vmax
OSDI(debug) n.xru102.nr1: WARNING: V(i1,c) voltage is greater than specified by vmax
OSDI(debug) n.xru102.nr1: WARNING: V(i2,c) voltage is greater than specified by vmax
OSDI(debug) n.xru101.nr1: WARNING: V(i1,c) voltage is greater than specified by vmax
OSDI(debug) n.xru101.nr1: WARNING: V(i2,c) voltage is greater than specified by vmax
OSDI(debug) n.xru100.nr1: WARNING: V(i1,c) voltage is greater than specified by vmax
OSDI(debug) n.xru100.nr1: WARNING: V(i2,c) voltage is greater than specified by vmax
OSDI(debug) n.xru99.nr1: WARNING: V(i1,c) voltage is greater than specified by vmax
OSDI(debug) n.xru99.nr1: WARNING: V(i2,c) voltage is greater than specified by vmax
OSDI(debug) n.xru98.nr1: WARNING: V(i1,c) voltage is greater than specified by vmax
OSDI(debug) n.xru98.nr1: WARNING: V(i2,c) voltage is greater than specified by vmax
OSDI(debug) n.xru97.nr1: WARNING: V(i1,c) voltage is greater than specified by vmax
OSDI(debug) n.xru97.nr1: WARNING: V(i2,c) voltage is greater than specified by vmax
OSDI(debug) n.xru96.nr1: WARNING: V(i1,c) voltage is greater than specified by vmax
OSDI(debug) n.xru96.nr1: WARNING: V(i2,c) voltage is greater than specified by vmax
OSDI(debug) n.xru95.nr1: WARNING: V(i1,c) voltage is greater than specified by vmax
OSDI(debug) n.xru95.nr1: WARNING: V(i2,c) voltage is greater than specified by vmax
OSDI(debug) n.xru94.nr1: WARNING: V(i1,c) voltage is greater than specified by vmax
OSDI(debug) n.xru94.nr1: WARNING: V(i2,c) voltage is greater than specified by vmax
OSDI(debug) n.xru93.nr1: WARNING: V(i1,c) voltage is greater than specified by vmax
OSDI(debug) n.xru93.nr1: WARNING: V(i2,c) voltage is greater than specified by vmax
OSDI(debug) n.xru92.nr1: WARNING: V(i1,c) voltage is greater than specified by vmax
OSDI(debug) n.xru92.nr1: WARNING: V(i2,c) voltage is greater than specified by vmax
OSDI(debug) n.xru91.nr1: WARNING: V(i1,c) voltage is greater than specified by vmax
OSDI(debug) n.xru91.nr1: WARNING: V(i2,c) voltage is greater than specified by vmax
OSDI(debug) n.xru90.nr1: WARNING: V(i1,c) voltage is greater than specified by vmax
OSDI(debug) n.xru90.nr1: WARNING: V(i2,c) voltage is greater than specified by vmax
OSDI(debug) n.xru89.nr1: WARNING: V(i1,c) voltage is greater than specified by vmax
OSDI(debug) n.xru89.nr1: WARNING: V(i2,c) voltage is greater than specified by vmax
OSDI(debug) n.xru88.nr1: WARNING: V(i1,c) voltage is greater than specified by vmax
OSDI(debug) n.xru88.nr1: WARNING: V(i2,c) voltage is greater than specified by vmax
OSDI(debug) n.xru87.nr1: WARNING: V(i1,c) voltage is greater than specified by vmax
OSDI(debug) n.xru87.nr1: WARNING: V(i2,c) voltage is greater than specified by vmax
OSDI(debug) n.xru86.nr1: WARNING: V(i1,c) voltage is greater than specified by vmax
OSDI(debug) n.xru86.nr1: WARNING: V(i2,c) voltage is greater than specified by vmax
OSDI(debug) n.xru85.nr1: WARNING: V(i1,c) voltage is greater than specified by vmax
OSDI(debug) n.xru85.nr1: WARNING: V(i2,c) voltage is greater than specified by vmax
OSDI(debug) n.xru84.nr1: WARNING: V(i1,c) voltage is greater than specified by vmax
OSDI(debug) n.xru84.nr1: WARNING: V(i2,c) voltage is greater than specified by vmax
OSDI(debug) n.xru83.nr1: WARNING: V(i1,c) voltage is greater than specified by vmax
OSDI(debug) n.xru83.nr1: WARNING: V(i2,c) voltage is greater than specified by vmax
OSDI(debug) n.xru82.nr1: WARNING: V(i1,c) voltage is greater than specified by vmax
OSDI(debug) n.xru82.nr1: WARNING: V(i2,c) voltage is greater than specified by vmax
OSDI(debug) n.xru81.nr1: WARNING: V(i1,c) voltage is greater than specified by vmax
OSDI(debug) n.xru81.nr1: WARNING: V(i2,c) voltage is greater than specified by vmax
OSDI(debug) n.xru80.nr1: WARNING: V(i1,c) voltage is greater than specified by vmax
OSDI(debug) n.xru80.nr1: WARNING: V(i2,c) voltage is greater than specified by vmax
OSDI(debug) n.xru79.nr1: WARNING: V(i1,c) voltage is greater than specified by vmax
OSDI(debug) n.xru79.nr1: WARNING: V(i2,c) voltage is greater than specified by vmax
OSDI(debug) n.xru78.nr1: WARNING: V(i1,c) voltage is greater than specified by vmax
OSDI(debug) n.xru78.nr1: WARNING: V(i2,c) voltage is greater than specified by vmax
OSDI(debug) n.xru77.nr1: WARNING: V(i1,c) voltage is greater than specified by vmax
OSDI(debug) n.xru77.nr1: WARNING: V(i2,c) voltage is greater than specified by vmax
OSDI(debug) n.xru76.nr1: WARNING: V(i1,c) voltage is greater than specified by vmax
OSDI(debug) n.xru76.nr1: WARNING: V(i2,c) voltage is greater than specified by vmax
OSDI(debug) n.xru75.nr1: WARNING: V(i1,c) voltage is greater than specified by vmax
OSDI(debug) n.xru75.nr1: WARNING: V(i2,c) voltage is greater than specified by vmax
OSDI(debug) n.xru74.nr1: WARNING: V(i1,c) voltage is greater than specified by vmax
OSDI(debug) n.xru74.nr1: WARNING: V(i2,c) voltage is greater than specified by vmax
OSDI(debug) n.xru73.nr1: WARNING: V(i1,c) voltage is greater than specified by vmax
OSDI(debug) n.xru73.nr1: WARNING: V(i2,c) voltage is greater than specified by vmax
OSDI(debug) n.xru72.nr1: WARNING: V(i1,c) voltage is greater than specified by vmax
OSDI(debug) n.xru72.nr1: WARNING: V(i2,c) voltage is greater than specified by vmax
OSDI(debug) n.xru71.nr1: WARNING: V(i1,c) voltage is greater than specified by vmax
OSDI(debug) n.xru71.nr1: WARNING: V(i2,c) voltage is greater than specified by vmax
OSDI(debug) n.xru70.nr1: WARNING: V(i1,c) voltage is greater than specified by vmax
OSDI(debug) n.xru70.nr1: WARNING: V(i2,c) voltage is greater than specified by vmax
OSDI(debug) n.xru69.nr1: WARNING: V(i1,c) voltage is greater than specified by vmax
OSDI(debug) n.xru69.nr1: WARNING: V(i2,c) voltage is greater than specified by vmax
OSDI(debug) n.xru68.nr1: WARNING: V(i1,c) voltage is greater than specified by vmax
OSDI(debug) n.xru255.nr1: WARNING: V(i1,c) voltage is greater than specified by vmax
OSDI(debug) n.xru68.nr1: WARNING: V(i2,c) voltage is greater than specified by vmax
OSDI(debug) n.xru249.nr1: WARNING: V(i2,c) voltage is greater than specified by vmax
OSDI(debug) n.xru66.nr1: WARNING: V(i1,c) voltage is greater than specified by vmax
OSDI(debug) n.xru66.nr1: WARNING: V(i2,c) voltage is greater than specified by vmax
OSDI(debug) n.xru65.nr1: WARNING: V(i1,c) voltage is greater than specified by vmax
OSDI(debug) n.xru65.nr1: WARNING: V(i2,c) voltage is greater than specified by vmax
OSDI(debug) n.xru64.nr1: WARNING: V(i1,c) voltage is greater than specified by vmax
OSDI(debug) n.xru64.nr1: WARNING: V(i2,c) voltage is greater than specified by vmax
OSDI(debug) n.xru63.nr1: WARNING: V(i1,c) voltage is greater than specified by vmax
OSDI(debug) n.xru63.nr1: WARNING: V(i2,c) voltage is greater than specified by vmax
OSDI(debug) n.xru62.nr1: WARNING: V(i1,c) voltage is greater than specified by vmax
OSDI(debug) n.xru62.nr1: WARNING: V(i2,c) voltage is greater than specified by vmax
OSDI(debug) n.xru61.nr1: WARNING: V(i1,c) voltage is greater than specified by vmax
OSDI(debug) n.xru61.nr1: WARNING: V(i2,c) voltage is greater than specified by vmax
OSDI(debug) n.xru60.nr1: WARNING: V(i1,c) voltage is greater than specified by vmax
OSDI(debug) n.xru60.nr1: WARNING: V(i2,c) voltage is greater than specified by vmax
OSDI(debug) n.xru59.nr1: WARNING: V(i1,c) voltage is greater than specified by vmax
OSDI(debug) n.xru59.nr1: WARNING: V(i2,c) voltage is greater than specified by vmax
OSDI(debug) n.xru58.nr1: WARNING: V(i1,c) voltage is greater than specified by vmax
OSDI(debug) n.xru58.nr1: WARNING: V(i2,c) voltage is greater than specified by vmax
OSDI(debug) n.xru57.nr1: WARNING: V(i1,c) voltage is greater than specified by vmax
OSDI(debug) n.xru57.nr1: WARNING: V(i2,c) voltage is greater than specified by vmax
OSDI(debug) n.xru56.nr1: WARNING: V(i1,c) voltage is greater than specified by vmax
OSDI(debug) n.xru56.nr1: WARNING: V(i2,c) voltage is greater than specified by vmax
OSDI(debug) n.xru55.nr1: WARNING: V(i1,c) voltage is greater than specified by vmax
OSDI(debug) n.xru55.nr1: WARNING: V(i2,c) voltage is greater than specified by vmax
OSDI(debug) n.xru54.nr1: WARNING: V(i1,c) voltage is greater than specified by vmax
OSDI(debug) n.xru54.nr1: WARNING: V(i2,c) voltage is greater than specified by vmax
OSDI(debug) n.xru53.nr1: WARNING: V(i1,c) voltage is greater than specified by vmax
OSDI(debug) n.xru53.nr1: WARNING: V(i2,c) voltage is greater than specified by vmax
OSDI(debug) n.xru52.nr1: WARNING: V(i1,c) voltage is greater than specified by vmax
OSDI(debug) n.xru52.nr1: WARNING: V(i2,c) voltage is greater than specified by vmax
OSDI(debug) n.xru51.nr1: WARNING: V(i1,c) voltage is greater than specified by vmax
OSDI(debug) n.xru51.nr1: WARNING: V(i2,c) voltage is greater than specified by vmax
OSDI(debug) n.xru50.nr1: WARNING: V(i1,c) voltage is greater than specified by vmax
OSDI(debug) n.xru50.nr1: WARNING: V(i2,c) voltage is greater than specified by vmax
OSDI(debug) n.xru49.nr1: WARNING: V(i1,c) voltage is greater than specified by vmax
OSDI(debug) n.xru49.nr1: WARNING: V(i2,c) voltage is greater than specified by vmax
OSDI(debug) n.xru48.nr1: WARNING: V(i1,c) voltage is greater than specified by vmax
OSDI(debug) n.xru48.nr1: WARNING: V(i2,c) voltage is greater than specified by vmax
OSDI(debug) n.xru47.nr1: WARNING: V(i1,c) voltage is greater than specified by vmax
OSDI(debug) n.xru47.nr1: WARNING: V(i2,c) voltage is greater than specified by vmax
OSDI(debug) n.xru46.nr1: WARNING: V(i1,c) voltage is greater than specified by vmax
OSDI(debug) n.xru46.nr1: WARNING: V(i2,c) voltage is greater than specified by vmax
OSDI(debug) n.xru45.nr1: WARNING: V(i1,c) voltage is greater than specified by vmax
OSDI(debug) n.xru45.nr1: WARNING: V(i2,c) voltage is greater than specified by vmax
OSDI(debug) n.xru44.nr1: WARNING: V(i1,c) voltage is greater than specified by vmax
OSDI(debug) n.xru44.nr1: OSDI(debug) n.xru252.nr1: WARNING: V(i1,c) voltage is greater than specified by vmax
OSDI(debug) n.xru252.nr1: WARNING: V(i2,c) voltage is greater than specified by vmax
OSDI(debug) n.xru67.nr1: WARNING: V(i1,c) voltage is greater than specified by vmax
OSDI(debug) n.xru67.nr1: WARNING: V(i2,c) voltage is greater than specified by vmax
OSDI(debug) n.xru42.nr1: WARNING: V(i1,c) voltage is greater than specified by vmax
OSDI(debug) n.xru42.nr1: WARNING: V(i2,c) voltage is greater than specified by vmax
OSDI(debug) n.xru41.nr1: WARNING: V(i1,c) voltage is greater than specified by vmax
OSDI(debug) n.xru41.nr1: WARNING: V(i2,c) voltage is greater than specified by vmax
OSDI(debug) n.xru43.nr1: OSDI(debug) n.xru40.nr1: WARNING: V(i1,c) voltage is greater than specified by vmax
WARNING: V(i2,c) voltage is greater than specified by vmax
OSDI(debug) n.xru40.nr1: WARNING: V(i2,c) voltage is greater than specified by vmax
WARNING: V(i1,c) voltage is greater than specified by vmax
OSDI(debug) n.xru38.nr1: OSDI(debug) n.xru43.nr1: WARNING: V(i2,c) voltage is greater than specified by vmax
WARNING: V(i1,c) voltage is greater than specified by vmax
OSDI(debug) n.xru38.nr1: WARNING: V(i2,c) voltage is greater than specified by vmax
OSDI(debug) n.xru36.nr1: WARNING: V(i1,c) voltage is greater than specified by vmax
OSDI(debug) n.xru36.nr1: WARNING: V(i2,c) voltage is greater than specified by vmax
OSDI(debug) n.xru35.nr1: WARNING: V(i1,c) voltage is greater than specified by vmax
OSDI(debug) n.xru35.nr1: WARNING: V(i2,c) voltage is greater than specified by vmax
OSDI(debug) n.xru39.nr1: WARNING: V(i1,c) voltage is greater than specified by vmax
OSDI(debug) n.xru39.nr1: WARNING: V(i2,c) voltage is greater than specified by vmax
OSDI(debug) n.xru251.nr1: WARNING: V(i2,c) voltage is greater than specified by vmax
OSDI(debug) n.xru32.nr1: WARNING: V(i1,c) voltage is greater than specified by vmax
OSDI(debug) n.xru32.nr1: WARNING: V(i2,c) voltage is greater than specified by vmax
OSDI(debug) n.xru31.nr1: WARNING: V(i1,c) voltage is greater than specified by vmax
OSDI(debug) n.xru31.nr1: WARNING: V(i2,c) voltage is greater than specified by vmax
OSDI(debug) n.xru30.nr1: WARNING: V(i1,c) voltage is greater than specified by vmax
OSDI(debug) n.xru30.nr1: WARNING: V(i2,c) voltage is greater than specified by vmax
OSDI(debug) n.xru29.nr1: WARNING: V(i1,c) voltage is greater than specified by vmax
OSDI(debug) n.xru29.nr1: WARNING: V(i2,c) voltage is greater than specified by vmax
OSDI(debug) n.xru28.nr1: WARNING: V(i1,c) voltage is greater than specified by vmax
OSDI(debug) n.xru28.nr1: WARNING: V(i2,c) voltage is greater than specified by vmax
OSDI(debug) n.xru27.nr1: WARNING: V(i1,c) voltage is greater than specified by vmax
OSDI(debug) n.xru27.nr1: WARNING: V(i2,c) voltage is greater than specified by vmax
OSDI(debug) n.xru26.nr1: WARNING: V(i1,c) voltage is greater than specified by vmax
OSDI(debug) n.xru26.nr1: WARNING: V(i2,c) voltage is greater than specified by vmax
OSDI(debug) n.xru25.nr1: WARNING: V(i1,c) voltage is greater than specified by vmax
OSDI(debug) n.xru25.nr1: WARNING: V(i2,c) voltage is greater than specified by vmax
OSDI(debug) n.xru24.nr1: WARNING: V(i1,c) voltage is greater than specified by vmax
OSDI(debug) n.xru24.nr1: WARNING: V(i2,c) voltage is greater than specified by vmax
OSDI(debug) n.xru23.nr1: WARNING: V(i1,c) voltage is greater than specified by vmax
OSDI(debug) n.xru23.nr1: WARNING: V(i2,c) voltage is greater than specified by vmax
OSDI(debug) n.xru22.nr1: WARNING: V(i1,c) voltage is greater than specified by vmax
OSDI(debug) n.xru22.nr1: WARNING: V(i2,c) voltage is greater than specified by vmax
OSDI(debug) n.xru21.nr1: WARNING: V(i1,c) voltage is greater than specified by vmax
OSDI(debug) n.xru21.nr1: WARNING: V(i2,c) voltage is greater than specified by vmax
OSDI(debug) n.xru20.nr1: WARNING: V(i1,c) voltage is greater than specified by vmax
OSDI(debug) n.xru20.nr1: WARNING: V(i2,c) voltage is greater than specified by vmax
OSDI(debug) n.xru19.nr1: WARNING: V(i1,c) voltage is greater than specified by vmax
OSDI(debug) n.xru19.nr1: WARNING: V(i2,c) voltage is greater than specified by vmax
OSDI(debug) n.xru18.nr1: WARNING: V(i1,c) voltage is greater than specified by vmax
OSDI(debug) n.xru18.nr1: WARNING: V(i2,c) voltage is greater than specified by vmax
OSDI(debug) n.xru17.nr1: WARNING: V(i1,c) voltage is greater than specified by vmax
OSDI(debug) n.xru17.nr1: WARNING: V(i2,c) voltage is greater than specified by vmax
OSDI(debug) n.xru16.nr1: WARNING: V(i1,c) voltage is greater than specified by vmax
OSDI(debug) n.xru16.nr1: WARNING: V(i2,c) voltage is greater than specified by vmax
OSDI(debug) n.xru15.nr1: WARNING: V(i1,c) voltage is greater than specified by vmax
OSDI(debug) n.xru15.nr1: WARNING: V(i2,c) voltage is greater than specified by vmax
OSDI(debug) n.xru14.nr1: WARNING: V(i1,c) voltage is greater than specified by vmax
OSDI(debug) n.xru14.nr1: WARNING: V(i2,c) voltage is greater than specified by vmax
OSDI(debug) n.xru13.nr1: WARNING: V(i1,c) voltage is greater than specified by vmax
OSDI(debug) n.xru13.nr1: WARNING: V(i2,c) voltage is greater than specified by vmax
OSDI(debug) n.xru12.nr1: WARNING: V(i1,c) voltage is greater than specified by vmax
OSDI(debug) n.xru12.nr1: WARNING: V(i2,c) voltage is greater than specified by vmax
OSDI(debug) n.xru11.nr1: WARNING: V(i1,c) voltage is greater than specified by vmax
OSDI(debug) n.xru11.nr1: WARNING: V(i2,c) voltage is greater than specified by vmax
OSDI(debug) n.xru10.nr1: WARNING: V(i1,c) voltage is greater than specified by vmax
OSDI(debug) n.xru10.nr1: WARNING: V(i2,c) voltage is greater than specified by vmax
OSDI(debug) n.xru9.nr1: WARNING: V(i1,c) voltage is greater than specified by vmax
OSDI(debug) n.xru9.nr1: WARNING: V(i2,c) voltage is greater than specified by vmax
OSDI(debug) n.xru8.nr1: WARNING: V(i1,c) voltage is greater than specified by vmax
OSDI(debug) n.xru8.nr1: WARNING: V(i2,c) voltage is greater than specified by vmax
OSDI(debug) n.xru7.nr1: WARNING: V(i1,c) voltage is greater than specified by vmax
OSDI(debug) n.xru7.nr1: WARNING: V(i2,c) voltage is greater than specified by vmax
OSDI(debug) n.xru6.nr1: WARNING: V(i1,c) voltage is greater than specified by vmax
OSDI(debug) n.xru6.nr1: WARNING: V(i2,c) voltage is greater than specified by vmax
OSDI(debug) n.xru5.nr1: WARNING: V(i1,c) voltage is greater than specified by vmax
OSDI(debug) n.xru5.nr1: WARNING: V(i2,c) voltage is greater than specified by vmax
OSDI(debug) n.xru4.nr1: WARNING: V(i1,c) voltage is greater than specified by vmax
OSDI(debug) n.xru4.nr1: WARNING: V(i2,c) voltage is greater than specified by vmax
OSDI(debug) n.xru3.nr1: WARNING: V(i1,c) voltage is greater than specified by vmax
OSDI(debug) n.xru3.nr1: WARNING: V(i2,c) voltage is greater than specified by vmax
OSDI(debug) n.xru2.nr1: WARNING: V(i1,c) voltage is greater than specified by vmax
OSDI(debug) n.xru2.nr1: WARNING: V(i2,c) voltage is greater than specified by vmax
OSDI(debug) n.xru1.nr1: WARNING: V(i1,c) voltage is greater than specified by vmax
OSDI(debug) n.xru1.nr1: WARNING: V(i2,c) voltage is greater than specified by vmax
OSDI(debug) n.xr1.nr1: WARNING: V(i1,c) voltage is greater than specified by vmax
OSDI(debug) n.xr1.nr1: WARNING: V(i2,c) voltage is greater than specified by vmax
OSDI(debug) n.xru254.nr1: WARNING: V(i1,c) voltage is greater than specified by vmax
OSDI(debug) n.xru254.nr1: WARNING: V(i2,c) voltage is greater than specified by vmax
WARNING: V(i2,c) voltage is greater than specified by vmax
WARNING: V(i1,c) voltage is greater than specified by vmax
OSDI(debug) n.xru251.nr1: WARNING: V(i2,c) voltage is greater than specified by vmax
OSDI(debug) n.xru34.nr1: WARNING: V(i1,c) voltage is greater than specified by vmax
OSDI(debug) n.xru34.nr1: WARNING: V(i2,c) voltage is greater than specified by vmax
OSDI(debug) n.xru37.nr1: WARNING: V(i1,c) voltage is greater than specified by vmax
OSDI(debug) n.xru37.nr1: WARNING: V(i2,c) voltage is greater than specified by vmax
OSDI(debug) n.xru253.nr1: WARNING: V(i1,c) voltage is greater than specified by vmax
OSDI(debug) n.xru253.nr1: WARNING: V(i2,c) voltage is greater than specified by vmax
OSDI(debug) n.xru33.nr1: WARNING: V(i1,c) voltage is greater than specified by vmax
OSDI(debug) n.xru33.nr1: WARNING: V(i2,c) voltage is greater than specified by vmax
OSDI(debug) n.xru255.nr1: WARNING: V(i1,c) voltage is greater than specified by vmax
OSDI(debug) n.xru252.nr1: OSDI(debug) n.xru255.nr1: OSDI(debug) n.xru251.nr1: WARNING: V(i2,c) voltage is greater than specified by vmax
OSDI(debug) n.xru249.nr1: OSDI(debug) n.xru254.nr1: WARNING: V(i1,c) voltage is greater than specified by vmax
OSDI(debug) n.xru254.nr1: WARNING: V(i2,c) voltage is greater than specified by vmax
OSDI(debug) n.xru248.nr1: WARNING: V(i1,c) voltage is greater than specified by vmax
OSDI(debug) n.xru247.nr1: OSDI(debug) n.xru253.nr1: OSDI(debug) n.xru248.nr1: WARNING: V(i2,c) voltage is greater than specified by vmax
WARNING: V(i1,c) voltage is greater than specified by vmax
OSDI(debug) n.xru250.nr1: OSDI(debug) n.xru246.nr1: WARNING: V(i1,c) voltage is greater than specified by vmax
OSDI(debug) n.xru251.nr1: WARNING: V(i2,c) voltage is greater than specified by vmax
WARNING: V(i1,c) voltage is greater than specified by vmax
OSDI(debug) n.xru245.nr1: WARNING: V(i1,c) voltage is greater than specified by vmax
OSDI(debug) n.xru253.nr1: OSDI(debug) n.xru247.nr1: OSDI(debug) n.xru245.nr1: WARNING: V(i2,c) voltage is greater than specified by vmax
WARNING: V(i2,c) voltage is greater than specified by vmax
OSDI(debug) n.xru243.nr1: WARNING: V(i1,c) voltage is greater than specified by vmax
OSDI(debug) n.xru242.nr1: OSDI(debug) n.xru243.nr1: WARNING: V(i1,c) voltage is greater than specified by vmax
WARNING: V(i2,c) voltage is greater than specified by vmax
OSDI(debug) n.xru242.nr1: WARNING: V(i2,c) voltage is greater than specified by vmax
WARNING: V(i1,c) voltage is greater than specified by vmax
OSDI(debug) n.xru240.nr1: WARNING: V(i1,c) voltage is greater than specified by vmax
OSDI(debug) n.xru241.nr1: WARNING: V(i1,c) voltage is greater than specified by vmax
WARNING: V(i2,c) voltage is greater than specified by vmax
OSDI(debug) n.xru244.nr1: WARNING: V(i1,c) voltage is greater than specified by vmax
OSDI(debug) n.xru244.nr1: WARNING: V(i2,c) voltage is greater than specified by vmax
OSDI(debug) n.xru238.nr1: WARNING: V(i1,c) voltage is greater than specified by vmax
OSDI(debug) n.xru246.nr1: WARNING: V(i2,c) voltage is greater than specified by vmax
OSDI(debug) n.xru237.nr1: WARNING: V(i1,c) voltage is greater than specified by vmax
OSDI(debug) n.xru237.nr1: WARNING: V(i2,c) voltage is greater than specified by vmax
OSDI(debug) n.xru236.nr1: WARNING: V(i1,c) voltage is greater than specified by vmax
OSDI(debug) n.xru236.nr1: WARNING: V(i2,c) voltage is greater than specified by vmax
OSDI(debug) n.xru235.nr1: WARNING: V(i1,c) voltage is greater than specified by vmax
OSDI(debug) n.xru235.nr1: WARNING: V(i2,c) voltage is greater than specified by vmax
OSDI(debug) n.xru234.nr1: WARNING: V(i1,c) voltage is greater than specified by vmax
OSDI(debug) n.xru234.nr1: WARNING: V(i2,c) voltage is greater than specified by vmax
OSDI(debug) n.xru233.nr1: WARNING: V(i1,c) voltage is greater than specified by vmax
OSDI(debug) n.xru233.nr1: WARNING: V(i2,c) voltage is greater than specified by vmax
OSDI(debug) n.xru232.nr1: WARNING: V(i1,c) voltage is greater than specified by vmax
OSDI(debug) n.xru232.nr1: WARNING: V(i2,c) voltage is greater than specified by vmax
OSDI(debug) n.xru231.nr1: WARNING: V(i1,c) voltage is greater than specified by vmax
OSDI(debug) n.xru231.nr1: WARNING: V(i2,c) voltage is greater than specified by vmax
OSDI(debug) n.xru230.nr1: WARNING: V(i1,c) voltage is greater than specified by vmax
OSDI(debug) n.xru230.nr1: WARNING: V(i2,c) voltage is greater than specified by vmax
OSDI(debug) n.xru229.nr1: WARNING: V(i1,c) voltage is greater than specified by vmax
OSDI(debug) n.xru229.nr1: WARNING: V(i2,c) voltage is greater than specified by vmax
OSDI(debug) n.xru228.nr1: WARNING: V(i1,c) voltage is greater than specified by vmax
OSDI(debug) n.xru228.nr1: WARNING: V(i2,c) voltage is greater than specified by vmax
OSDI(debug) n.xru227.nr1: WARNING: V(i1,c) voltage is greater than specified by vmax
OSDI(debug) n.xru227.nr1: WARNING: V(i2,c) voltage is greater than specified by vmax
OSDI(debug) n.xru226.nr1: WARNING: V(i1,c) voltage is greater than specified by vmax
OSDI(debug) n.xru226.nr1: WARNING: V(i2,c) voltage is greater than specified by vmax
OSDI(debug) n.xru225.nr1: WARNING: V(i1,c) voltage is greater than specified by vmax
OSDI(debug) n.xru225.nr1: WARNING: V(i2,c) voltage is greater than specified by vmax
OSDI(debug) n.xru224.nr1: WARNING: V(i1,c) voltage is greater than specified by vmax
OSDI(debug) n.xru224.nr1: WARNING: V(i2,c) voltage is greater than specified by vmax
OSDI(debug) n.xru223.nr1: WARNING: V(i1,c) voltage is greater than specified by vmax
OSDI(debug) n.xru223.nr1: WARNING: V(i2,c) voltage is greater than specified by vmax
OSDI(debug) n.xru222.nr1: WARNING: V(i1,c) voltage is greater than specified by vmax
OSDI(debug) n.xru222.nr1: WARNING: V(i2,c) voltage is greater than specified by vmax
OSDI(debug) n.xru221.nr1: WARNING: V(i1,c) voltage is greater than specified by vmax
OSDI(debug) n.xru221.nr1: WARNING: V(i2,c) voltage is greater than specified by vmax
OSDI(debug) n.xru220.nr1: WARNING: V(i1,c) voltage is greater than specified by vmax
OSDI(debug) n.xru220.nr1: WARNING: V(i2,c) voltage is greater than specified by vmax
OSDI(debug) n.xru219.nr1: WARNING: V(i1,c) voltage is greater than specified by vmax
OSDI(debug) n.xru219.nr1: WARNING: V(i2,c) voltage is greater than specified by vmax
OSDI(debug) n.xru218.nr1: WARNING: V(i1,c) voltage is greater than specified by vmax
OSDI(debug) n.xru218.nr1: WARNING: V(i2,c) voltage is greater than specified by vmax
OSDI(debug) n.xru217.nr1: WARNING: V(i1,c) voltage is greater than specified by vmax
OSDI(debug) n.xru217.nr1: WARNING: V(i2,c) voltage is greater than specified by vmax
OSDI(debug) n.xru216.nr1: WARNING: V(i1,c) voltage is greater than specified by vmax
OSDI(debug) n.xru216.nr1: WARNING: V(i2,c) voltage is greater than specified by vmax
OSDI(debug) n.xru215.nr1: WARNING: V(i1,c) voltage is greater than specified by vmax
OSDI(debug) n.xru215.nr1: WARNING: V(i2,c) voltage is greater than specified by vmax
OSDI(debug) n.xru214.nr1: WARNING: V(i1,c) voltage is greater than specified by vmax
OSDI(debug) n.xru214.nr1: WARNING: V(i2,c) voltage is greater than specified by vmax
OSDI(debug) n.xru213.nr1: WARNING: V(i1,c) voltage is greater than specified by vmax
OSDI(debug) n.xru213.nr1: WARNING: V(i2,c) voltage is greater than specified by vmax
OSDI(debug) n.xru212.nr1: WARNING: V(i1,c) voltage is greater than specified by vmax
OSDI(debug) n.xru212.nr1: WARNING: V(i2,c) voltage is greater than specified by vmax
OSDI(debug) n.xru211.nr1: WARNING: V(i1,c) voltage is greater than specified by vmax
OSDI(debug) n.xru211.nr1: WARNING: V(i2,c) voltage is greater than specified by vmax
OSDI(debug) n.xru210.nr1: WARNING: V(i1,c) voltage is greater than specified by vmax
OSDI(debug) n.xru210.nr1: WARNING: V(i2,c) voltage is greater than specified by vmax
OSDI(debug) n.xru209.nr1: WARNING: V(i1,c) voltage is greater than specified by vmax
OSDI(debug) n.xru209.nr1: WARNING: V(i2,c) voltage is greater than specified by vmax
OSDI(debug) n.xru208.nr1: WARNING: V(i1,c) voltage is greater than specified by vmax
OSDI(debug) n.xru208.nr1: WARNING: V(i2,c) voltage is greater than specified by vmax
OSDI(debug) n.xru207.nr1: WARNING: V(i1,c) voltage is greater than specified by vmax
OSDI(debug) n.xru207.nr1: WARNING: V(i2,c) voltage is greater than specified by vmax
OSDI(debug) n.xru206.nr1: WARNING: V(i1,c) voltage is greater than specified by vmax
OSDI(debug) n.xru206.nr1: WARNING: V(i2,c) voltage is greater than specified by vmax
OSDI(debug) n.xru205.nr1: WARNING: V(i1,c) voltage is greater than specified by vmax
OSDI(debug) n.xru205.nr1: WARNING: V(i2,c) voltage is greater than specified by vmax
OSDI(debug) n.xru204.nr1: WARNING: V(i1,c) voltage is greater than specified by vmax
OSDI(debug) n.xru204.nr1: WARNING: V(i2,c) voltage is greater than specified by vmax
OSDI(debug) n.xru203.nr1: WARNING: V(i1,c) voltage is greater than specified by vmax
OSDI(debug) n.xru203.nr1: WARNING: V(i2,c) voltage is greater than specified by vmax
OSDI(debug) n.xru202.nr1: WARNING: V(i1,c) voltage is greater than specified by vmax
OSDI(debug) n.xru202.nr1: WARNING: V(i2,c) voltage is greater than specified by vmax
OSDI(debug) n.xru201.nr1: WARNING: V(i1,c) voltage is greater than specified by vmax
OSDI(debug) n.xru201.nr1: WARNING: V(i2,c) voltage is greater than specified by vmax
OSDI(debug) n.xru200.nr1: WARNING: V(i1,c) voltage is greater than specified by vmax
OSDI(debug) n.xru200.nr1: WARNING: V(i2,c) voltage is greater than specified by vmax
OSDI(debug) n.xru199.nr1: WARNING: V(i1,c) voltage is greater than specified by vmax
OSDI(debug) n.xru199.nr1: WARNING: V(i2,c) voltage is greater than specified by vmax
OSDI(debug) n.xru198.nr1: WARNING: V(i1,c) voltage is greater than specified by vmax
OSDI(debug) n.xru198.nr1: WARNING: V(i2,c) voltage is greater than specified by vmax
OSDI(debug) n.xru197.nr1: WARNING: V(i1,c) voltage is greater than specified by vmax
OSDI(debug) n.xru197.nr1: WARNING: V(i2,c) voltage is greater than specified by vmax
OSDI(debug) n.xru196.nr1: WARNING: V(i1,c) voltage is greater than specified by vmax
OSDI(debug) n.xru196.nr1: WARNING: V(i2,c) voltage is greater than specified by vmax
OSDI(debug) n.xru195.nr1: WARNING: V(i1,c) voltage is greater than specified by vmax
OSDI(debug) n.xru195.nr1: WARNING: V(i2,c) voltage is greater than specified by vmax
OSDI(debug) n.xru194.nr1: WARNING: V(i1,c) voltage is greater than specified by vmax
OSDI(debug) n.xru194.nr1: WARNING: V(i2,c) voltage is greater than specified by vmax
OSDI(debug) n.xru193.nr1: WARNING: V(i1,c) voltage is greater than specified by vmax
OSDI(debug) n.xru193.nr1: WARNING: V(i2,c) voltage is greater than specified by vmax
OSDI(debug) n.xru192.nr1: WARNING: V(i1,c) voltage is greater than specified by vmax
OSDI(debug) n.xru192.nr1: WARNING: V(i2,c) voltage is greater than specified by vmax
OSDI(debug) n.xru191.nr1: WARNING: V(i1,c) voltage is greater than specified by vmax
OSDI(debug) n.xru191.nr1: WARNING: V(i2,c) voltage is greater than specified by vmax
OSDI(debug) n.xru190.nr1: WARNING: V(i1,c) voltage is greater than specified by vmax
OSDI(debug) n.xru190.nr1: WARNING: V(i2,c) voltage is greater than specified by vmax
OSDI(debug) n.xru189.nr1: WARNING: V(i1,c) voltage is greater than specified by vmax
OSDI(debug) n.xru189.nr1: WARNING: V(i2,c) voltage is greater than specified by vmax
OSDI(debug) n.xru188.nr1: WARNING: V(i1,c) voltage is greater than specified by vmax
OSDI(debug) n.xru188.nr1: WARNING: V(i2,c) voltage is greater than specified by vmax
OSDI(debug) n.xru187.nr1: WARNING: V(i1,c) voltage is greater than specified by vmax
OSDI(debug) n.xru187.nr1: WARNING: V(i2,c) voltage is greater than specified by vmax
OSDI(debug) n.xru186.nr1: WARNING: V(i1,c) voltage is greater than specified by vmax
OSDI(debug) n.xru186.nr1: WARNING: V(i2,c) voltage is greater than specified by vmax
OSDI(debug) n.xru185.nr1: WARNING: V(i1,c) voltage is greater than specified by vmax
OSDI(debug) n.xru185.nr1: WARNING: V(i2,c) voltage is greater than specified by vmax
OSDI(debug) n.xru184.nr1: WARNING: V(i1,c) voltage is greater than specified by vmax
OSDI(debug) n.xru184.nr1: WARNING: V(i2,c) voltage is greater than specified by vmax
OSDI(debug) n.xru183.nr1: WARNING: V(i1,c) voltage is greater than specified by vmax
OSDI(debug) n.xru183.nr1: WARNING: V(i2,c) voltage is greater than specified by vmax
OSDI(debug) n.xru182.nr1: WARNING: V(i1,c) voltage is greater than specified by vmax
OSDI(debug) n.xru182.nr1: WARNING: V(i2,c) voltage is greater than specified by vmax
OSDI(debug) n.xru181.nr1: WARNING: V(i1,c) voltage is greater than specified by vmax
OSDI(debug) n.xru181.nr1: WARNING: V(i2,c) voltage is greater than specified by vmax
OSDI(debug) n.xru180.nr1: WARNING: V(i1,c) voltage is greater than specified by vmax
OSDI(debug) n.xru180.nr1: WARNING: V(i2,c) voltage is greater than specified by vmax
OSDI(debug) n.xru179.nr1: WARNING: V(i1,c) voltage is greater than specified by vmax
OSDI(debug) n.xru179.nr1: WARNING: V(i2,c) voltage is greater than specified by vmax
OSDI(debug) n.xru178.nr1: WARNING: V(i1,c) voltage is greater than specified by vmax
OSDI(debug) n.xru178.nr1: WARNING: V(i2,c) voltage is greater than specified by vmax
OSDI(debug) n.xru177.nr1: WARNING: V(i1,c) voltage is greater than specified by vmax
OSDI(debug) n.xru177.nr1: WARNING: V(i2,c) voltage is greater than specified by vmax
OSDI(debug) n.xru176.nr1: WARNING: V(i1,c) voltage is greater than specified by vmax
OSDI(debug) n.xru176.nr1: WARNING: V(i2,c) voltage is greater than specified by vmax
OSDI(debug) n.xru175.nr1: WARNING: V(i1,c) voltage is greater than specified by vmax
OSDI(debug) n.xru175.nr1: WARNING: V(i2,c) voltage is greater than specified by vmax
OSDI(debug) n.xru174.nr1: WARNING: V(i1,c) voltage is greater than specified by vmax
OSDI(debug) n.xru174.nr1: WARNING: V(i2,c) voltage is greater than specified by vmax
OSDI(debug) n.xru173.nr1: WARNING: V(i1,c) voltage is greater than specified by vmax
OSDI(debug) n.xru173.nr1: WARNING: V(i2,c) voltage is greater than specified by vmax
OSDI(debug) n.xru172.nr1: WARNING: V(i1,c) voltage is greater than specified by vmax
OSDI(debug) n.xru172.nr1: WARNING: V(i2,c) voltage is greater than specified by vmax
OSDI(debug) n.xru171.nr1: WARNING: V(i1,c) voltage is greater than specified by vmax
OSDI(debug) n.xru171.nr1: WARNING: V(i2,c) voltage is greater than specified by vmax
OSDI(debug) n.xru170.nr1: WARNING: V(i1,c) voltage is greater than specified by vmax
OSDI(debug) n.xru170.nr1: WARNING: V(i2,c) voltage is greater than specified by vmax
OSDI(debug) n.xru169.nr1: WARNING: V(i1,c) voltage is greater than specified by vmax
OSDI(debug) n.xru169.nr1: WARNING: V(i2,c) voltage is greater than specified by vmax
OSDI(debug) n.xru168.nr1: WARNING: V(i1,c) voltage is greater than specified by vmax
OSDI(debug) n.xru168.nr1: WARNING: V(i2,c) voltage is greater than specified by vmax
OSDI(debug) n.xru167.nr1: WARNING: V(i1,c) voltage is greater than specified by vmax
OSDI(debug) n.xru167.nr1: WARNING: V(i2,c) voltage is greater than specified by vmax
OSDI(debug) n.xru166.nr1: WARNING: V(i1,c) voltage is greater than specified by vmax
OSDI(debug) n.xru166.nr1: WARNING: V(i2,c) voltage is greater than specified by vmax
OSDI(debug) n.xru165.nr1: WARNING: V(i1,c) voltage is greater than specified by vmax
OSDI(debug) n.xru165.nr1: WARNING: V(i2,c) voltage is greater than specified by vmax
OSDI(debug) n.xru164.nr1: WARNING: V(i1,c) voltage is greater than specified by vmax
OSDI(debug) n.xru164.nr1: WARNING: V(i2,c) voltage is greater than specified by vmax
OSDI(debug) n.xru163.nr1: WARNING: V(i1,c) voltage is greater than specified by vmax
OSDI(debug) n.xru163.nr1: WARNING: V(i2,c) voltage is greater than specified by vmax
OSDI(debug) n.xru162.nr1: WARNING: V(i1,c) voltage is greater than specified by vmax
OSDI(debug) n.xru162.nr1: WARNING: V(i2,c) voltage is greater than specified by vmax
OSDI(debug) n.xru161.nr1: WARNING: V(i1,c) voltage is greater than specified by vmax
OSDI(debug) n.xru161.nr1: WARNING: V(i2,c) voltage is greater than specified by vmax
OSDI(debug) n.xru160.nr1: WARNING: V(i1,c) voltage is greater than specified by vmax
OSDI(debug) n.xru160.nr1: WARNING: V(i2,c) voltage is greater than specified by vmax
OSDI(debug) n.xru159.nr1: WARNING: V(i1,c) voltage is greater than specified by vmax
OSDI(debug) n.xru159.nr1: WARNING: V(i2,c) voltage is greater than specified by vmax
OSDI(debug) n.xru158.nr1: WARNING: V(i1,c) voltage is greater than specified by vmax
OSDI(debug) n.xru158.nr1: WARNING: V(i2,c) voltage is greater than specified by vmax
OSDI(debug) n.xru157.nr1: WARNING: V(i1,c) voltage is greater than specified by vmax
OSDI(debug) n.xru157.nr1: WARNING: V(i2,c) voltage is greater than specified by vmax
OSDI(debug) n.xru156.nr1: WARNING: V(i1,c) voltage is greater than specified by vmax
OSDI(debug) n.xru156.nr1: WARNING: V(i2,c) voltage is greater than specified by vmax
OSDI(debug) n.xru155.nr1: WARNING: V(i1,c) voltage is greater than specified by vmax
OSDI(debug) n.xru155.nr1: WARNING: V(i2,c) voltage is greater than specified by vmax
OSDI(debug) n.xru154.nr1: WARNING: V(i1,c) voltage is greater than specified by vmax
OSDI(debug) n.xru154.nr1: WARNING: V(i2,c) voltage is greater than specified by vmax
OSDI(debug) n.xru153.nr1: WARNING: V(i1,c) voltage is greater than specified by vmax
OSDI(debug) n.xru153.nr1: WARNING: V(i2,c) voltage is greater than specified by vmax
OSDI(debug) n.xru152.nr1: WARNING: V(i1,c) voltage is greater than specified by vmax
OSDI(debug) n.xru152.nr1: WARNING: V(i2,c) voltage is greater than specified by vmax
OSDI(debug) n.xru151.nr1: WARNING: V(i1,c) voltage is greater than specified by vmax
OSDI(debug) n.xru151.nr1: WARNING: V(i2,c) voltage is greater than specified by vmax
OSDI(debug) n.xru150.nr1: WARNING: V(i1,c) voltage is greater than specified by vmax
OSDI(debug) n.xru150.nr1: WARNING: V(i2,c) voltage is greater than specified by vmax
OSDI(debug) n.xru149.nr1: WARNING: V(i1,c) voltage is greater than specified by vmax
OSDI(debug) n.xru149.nr1: WARNING: V(i2,c) voltage is greater than specified by vmax
OSDI(debug) n.xru148.nr1: WARNING: V(i1,c) voltage is greater than specified by vmax
OSDI(debug) n.xru148.nr1: WARNING: V(i2,c) voltage is greater than specified by vmax
OSDI(debug) n.xru147.nr1: WARNING: V(i1,c) voltage is greater than specified by vmax
OSDI(debug) n.xru147.nr1: WARNING: V(i2,c) voltage is greater than specified by vmax
OSDI(debug) n.xru146.nr1: WARNING: V(i1,c) voltage is greater than specified by vmax
OSDI(debug) n.xru146.nr1: WARNING: V(i2,c) voltage is greater than specified by vmax
OSDI(debug) n.xru145.nr1: WARNING: V(i1,c) voltage is greater than specified by vmax
OSDI(debug) n.xru145.nr1: WARNING: V(i2,c) voltage is greater than specified by vmax
OSDI(debug) n.xru144.nr1: WARNING: V(i1,c) voltage is greater than specified by vmax
OSDI(debug) n.xru144.nr1: WARNING: V(i2,c) voltage is greater than specified by vmax
OSDI(debug) n.xru143.nr1: WARNING: V(i1,c) voltage is greater than specified by vmax
OSDI(debug) n.xru143.nr1: WARNING: V(i2,c) voltage is greater than specified by vmax
OSDI(debug) n.xru142.nr1: WARNING: V(i1,c) voltage is greater than specified by vmax
OSDI(debug) n.xru142.nr1: WARNING: V(i2,c) voltage is greater than specified by vmax
OSDI(debug) n.xru141.nr1: WARNING: V(i1,c) voltage is greater than specified by vmax
OSDI(debug) n.xru141.nr1: WARNING: V(i2,c) voltage is greater than specified by vmax
OSDI(debug) n.xru140.nr1: WARNING: V(i1,c) voltage is greater than specified by vmax
OSDI(debug) n.xru140.nr1: WARNING: V(i2,c) voltage is greater than specified by vmax
OSDI(debug) n.xru139.nr1: WARNING: V(i1,c) voltage is greater than specified by vmax
OSDI(debug) n.xru139.nr1: WARNING: V(i2,c) voltage is greater than specified by vmax
OSDI(debug) n.xru138.nr1: WARNING: V(i1,c) voltage is greater than specified by vmax
OSDI(debug) n.xru138.nr1: WARNING: V(i2,c) voltage is greater than specified by vmax
OSDI(debug) n.xru137.nr1: WARNING: V(i1,c) voltage is greater than specified by vmax
OSDI(debug) n.xru137.nr1: WARNING: V(i2,c) voltage is greater than specified by vmax
OSDI(debug) n.xru136.nr1: WARNING: V(i1,c) voltage is greater than specified by vmax
OSDI(debug) n.xru136.nr1: WARNING: V(i2,c) voltage is greater than specified by vmax
OSDI(debug) n.xru135.nr1: WARNING: V(i1,c) voltage is greater than specified by vmax
OSDI(debug) n.xru135.nr1: WARNING: V(i2,c) voltage is greater than specified by vmax
OSDI(debug) n.xru134.nr1: WARNING: V(i1,c) voltage is greater than specified by vmax
OSDI(debug) n.xru134.nr1: WARNING: V(i2,c) voltage is greater than specified by vmax
OSDI(debug) n.xru133.nr1: WARNING: V(i1,c) voltage is greater than specified by vmax
OSDI(debug) n.xru133.nr1: WARNING: V(i2,c) voltage is greater than specified by vmax
OSDI(debug) n.xru132.nr1: WARNING: V(i1,c) voltage is greater than specified by vmax
OSDI(debug) n.xru132.nr1: WARNING: V(i2,c) voltage is greater than specified by vmax
OSDI(debug) n.xru131.nr1: WARNING: V(i1,c) voltage is greater than specified by vmax
OSDI(debug) n.xru131.nr1: WARNING: V(i2,c) voltage is greater than specified by vmax
OSDI(debug) n.xru130.nr1: WARNING: V(i1,c) voltage is greater than specified by vmax
OSDI(debug) n.xru130.nr1: WARNING: V(i2,c) voltage is greater than specified by vmax
OSDI(debug) n.xru129.nr1: WARNING: V(i1,c) voltage is greater than specified by vmax
OSDI(debug) n.xru129.nr1: WARNING: V(i2,c) voltage is greater than specified by vmax
OSDI(debug) n.xru128.nr1: WARNING: V(i1,c) voltage is greater than specified by vmax
OSDI(debug) n.xru128.nr1: WARNING: V(i2,c) voltage is greater than specified by vmax
OSDI(debug) n.xru127.nr1: WARNING: V(i1,c) voltage is greater than specified by vmax
OSDI(debug) n.xru127.nr1: WARNING: V(i2,c) voltage is greater than specified by vmax
OSDI(debug) n.xru126.nr1: WARNING: V(i1,c) voltage is greater than specified by vmax
OSDI(debug) n.xru126.nr1: WARNING: V(i2,c) voltage is greater than specified by vmax
OSDI(debug) n.xru125.nr1: WARNING: V(i1,c) voltage is greater than specified by vmax
OSDI(debug) n.xru125.nr1: WARNING: V(i2,c) voltage is greater than specified by vmax
OSDI(debug) n.xru124.nr1: WARNING: V(i1,c) voltage is greater than specified by vmax
OSDI(debug) n.xru124.nr1: WARNING: V(i2,c) voltage is greater than specified by vmax
OSDI(debug) n.xru123.nr1: WARNING: V(i1,c) voltage is greater than specified by vmax
OSDI(debug) n.xru123.nr1: WARNING: V(i2,c) voltage is greater than specified by vmax
OSDI(debug) n.xru122.nr1: WARNING: V(i1,c) voltage is greater than specified by vmax
OSDI(debug) n.xru122.nr1: WARNING: V(i2,c) voltage is greater than specified by vmax
OSDI(debug) n.xru121.nr1: WARNING: V(i1,c) voltage is greater than specified by vmax
OSDI(debug) n.xru121.nr1: WARNING: V(i2,c) voltage is greater than specified by vmax
OSDI(debug) n.xru120.nr1: WARNING: V(i1,c) voltage is greater than specified by vmax
OSDI(debug) n.xru120.nr1: WARNING: V(i2,c) voltage is greater than specified by vmax
OSDI(debug) n.xru119.nr1: WARNING: V(i1,c) voltage is greater than specified by vmax
OSDI(debug) n.xru119.nr1: WARNING: V(i2,c) voltage is greater than specified by vmax
OSDI(debug) n.xru118.nr1: WARNING: V(i1,c) voltage is greater than specified by vmax
OSDI(debug) n.xru118.nr1: WARNING: V(i2,c) voltage is greater than specified by vmax
OSDI(debug) n.xru117.nr1: WARNING: V(i1,c) voltage is greater than specified by vmax
OSDI(debug) n.xru117.nr1: WARNING: V(i2,c) voltage is greater than specified by vmax
OSDI(debug) n.xru116.nr1: WARNING: V(i1,c) voltage is greater than specified by vmax
OSDI(debug) n.xru116.nr1: WARNING: V(i2,c) voltage is greater than specified by vmax
OSDI(debug) n.xru115.nr1: WARNING: V(i1,c) voltage is greater than specified by vmax
OSDI(debug) n.xru115.nr1: WARNING: V(i2,c) voltage is greater than specified by vmax
OSDI(debug) n.xru114.nr1: WARNING: V(i1,c) voltage is greater than specified by vmax
OSDI(debug) n.xru114.nr1: WARNING: V(i2,c) voltage is greater than specified by vmax
OSDI(debug) n.xru113.nr1: WARNING: V(i1,c) voltage is greater than specified by vmax
OSDI(debug) n.xru113.nr1: WARNING: V(i2,c) voltage is greater than specified by vmax
OSDI(debug) n.xru250.nr1: OSDI(debug) n.xru252.nr1: WARNING: V(i2,c) voltage is greater than specified by vmax
WARNING: V(i1,c) voltage is greater than specified by vmax
OSDI(debug) n.xru240.nr1: WARNING: V(i2,c) voltage is greater than specified by vmax
OSDI(debug) n.xru112.nr1: WARNING: V(i1,c) voltage is greater than specified by vmax
OSDI(debug) n.xru112.nr1: WARNING: V(i2,c) voltage is greater than specified by vmax
OSDI(debug) n.xru109.nr1: WARNING: V(i1,c) voltage is greater than specified by vmax
OSDI(debug) n.xru109.nr1: WARNING: V(i2,c) voltage is greater than specified by vmax
OSDI(debug) n.xru108.nr1: WARNING: V(i1,c) voltage is greater than specified by vmax
OSDI(debug) n.xru108.nr1: WARNING: V(i2,c) voltage is greater than specified by vmax
OSDI(debug) n.xru107.nr1: WARNING: V(i1,c) voltage is greater than specified by vmax
OSDI(debug) n.xru107.nr1: WARNING: V(i2,c) voltage is greater than specified by vmax
OSDI(debug) n.xru106.nr1: WARNING: V(i1,c) voltage is greater than specified by vmax
OSDI(debug) n.xru106.nr1: WARNING: V(i2,c) voltage is greater than specified by vmax
OSDI(debug) n.xru105.nr1: WARNING: V(i1,c) voltage is greater than specified by vmax
OSDI(debug) n.xru105.nr1: WARNING: V(i2,c) voltage is greater than specified by vmax
OSDI(debug) n.xru104.nr1: WARNING: V(i1,c) voltage is greater than specified by vmax
OSDI(debug) n.xru104.nr1: WARNING: V(i2,c) voltage is greater than specified by vmax
OSDI(debug) n.xru103.nr1: WARNING: V(i1,c) voltage is greater than specified by vmax
OSDI(debug) n.xru103.nr1: WARNING: V(i2,c) voltage is greater than specified by vmax
OSDI(debug) n.xru102.nr1: WARNING: V(i1,c) voltage is greater than specified by vmax
OSDI(debug) n.xru102.nr1: WARNING: V(i2,c) voltage is greater than specified by vmax
OSDI(debug) n.xru101.nr1: WARNING: V(i1,c) voltage is greater than specified by vmax
OSDI(debug) n.xru101.nr1: WARNING: V(i2,c) voltage is greater than specified by vmax
OSDI(debug) n.xru100.nr1: WARNING: V(i1,c) voltage is greater than specified by vmax
OSDI(debug) n.xru100.nr1: WARNING: V(i2,c) voltage is greater than specified by vmax
OSDI(debug) n.xru99.nr1: WARNING: V(i1,c) voltage is greater than specified by vmax
OSDI(debug) n.xru99.nr1: WARNING: V(i2,c) voltage is greater than specified by vmax
OSDI(debug) n.xru98.nr1: WARNING: V(i1,c) voltage is greater than specified by vmax
OSDI(debug) n.xru98.nr1: WARNING: V(i2,c) voltage is greater than specified by vmax
OSDI(debug) n.xru97.nr1: WARNING: V(i1,c) voltage is greater than specified by vmax
OSDI(debug) n.xru97.nr1: WARNING: V(i2,c) voltage is greater than specified by vmax
OSDI(debug) n.xru96.nr1: WARNING: V(i1,c) voltage is greater than specified by vmax
OSDI(debug) n.xru96.nr1: WARNING: V(i2,c) voltage is greater than specified by vmax
OSDI(debug) n.xru95.nr1: WARNING: V(i1,c) voltage is greater than specified by vmax
OSDI(debug) n.xru95.nr1: WARNING: V(i2,c) voltage is greater than specified by vmax
OSDI(debug) n.xru94.nr1: WARNING: V(i1,c) voltage is greater than specified by vmax
OSDI(debug) n.xru94.nr1: WARNING: V(i2,c) voltage is greater than specified by vmax
OSDI(debug) n.xru93.nr1: WARNING: V(i1,c) voltage is greater than specified by vmax
OSDI(debug) n.xru93.nr1: WARNING: V(i2,c) voltage is greater than specified by vmax
OSDI(debug) n.xru92.nr1: WARNING: V(i1,c) voltage is greater than specified by vmax
OSDI(debug) n.xru92.nr1: WARNING: V(i2,c) voltage is greater than specified by vmax
OSDI(debug) n.xru91.nr1: WARNING: V(i1,c) voltage is greater than specified by vmax
OSDI(debug) n.xru91.nr1: WARNING: V(i2,c) voltage is greater than specified by vmax
OSDI(debug) n.xru90.nr1: WARNING: V(i1,c) voltage is greater than specified by vmax
OSDI(debug) n.xru90.nr1: WARNING: V(i2,c) voltage is greater than specified by vmax
OSDI(debug) n.xru89.nr1: WARNING: V(i1,c) voltage is greater than specified by vmax
OSDI(debug) n.xru89.nr1: WARNING: V(i2,c) voltage is greater than specified by vmax
OSDI(debug) n.xru88.nr1: WARNING: V(i1,c) voltage is greater than specified by vmax
OSDI(debug) n.xru88.nr1: WARNING: V(i2,c) voltage is greater than specified by vmax
OSDI(debug) n.xru239.nr1: OSDI(debug) n.xru238.nr1: WARNING: V(i2,c) voltage is greater than specified by vmax
OSDI(debug) n.xru86.nr1: WARNING: V(i1,c) voltage is greater than specified by vmax
OSDI(debug) n.xru86.nr1: WARNING: V(i2,c) voltage is greater than specified by vmax
OSDI(debug) n.xru87.nr1: OSDI(debug) n.xru85.nr1: WARNING: V(i1,c) voltage is greater than specified by vmax
WARNING: V(i1,c) voltage is greater than specified by vmax
OSDI(debug) n.xru87.nr1: WARNING: V(i2,c) voltage is greater than specified by vmax
OSDI(debug) n.xru85.nr1: WARNING: V(i2,c) voltage is greater than specified by vmax
OSDI(debug) n.xru84.nr1: WARNING: V(i1,c) voltage is greater than specified by vmax
OSDI(debug) n.xru84.nr1: WARNING: V(i2,c) voltage is greater than specified by vmax
OSDI(debug) n.xru82.nr1: WARNING: V(i1,c) voltage is greater than specified by vmax
OSDI(debug) n.xru82.nr1: WARNING: V(i2,c) voltage is greater than specified by vmax
WARNING: V(i1,c) voltage is greater than specified by vmax
OSDI(debug) n.xru239.nr1: WARNING: V(i2,c) voltage is greater than specified by vmax
OSDI(debug) n.xru80.nr1: WARNING: V(i1,c) voltage is greater than specified by vmax
OSDI(debug) n.xru80.nr1: WARNING: V(i2,c) voltage is greater than specified by vmax
OSDI(debug) n.xru79.nr1: WARNING: V(i1,c) voltage is greater than specified by vmax
OSDI(debug) n.xru79.nr1: WARNING: V(i2,c) voltage is greater than specified by vmax
OSDI(debug) n.xru78.nr1: WARNING: V(i1,c) voltage is greater than specified by vmax
WARNING: V(i1,c) voltage is greater than specified by vmax
WARNING: V(i1,c) voltage is greater than specified by vmax
OSDI(debug) n.xru241.nr1: WARNING: V(i2,c) voltage is greater than specified by vmax
OSDI(debug) n.xru78.nr1: WARNING: V(i2,c) voltage is greater than specified by vmax
OSDI(debug) n.xru77.nr1: WARNING: V(i1,c) voltage is greater than specified by vmax
OSDI(debug) n.xru77.nr1: WARNING: V(i2,c) voltage is greater than specified by vmax
OSDI(debug) n.xru75.nr1: WARNING: V(i1,c) voltage is greater than specified by vmax
OSDI(debug) n.xru75.nr1: WARNING: V(i2,c) voltage is greater than specified by vmax
OSDI(debug) n.xru74.nr1: WARNING: V(i1,c) voltage is greater than specified by vmax
OSDI(debug) n.xru74.nr1: WARNING: V(i2,c) voltage is greater than specified by vmax
OSDI(debug) n.xru83.nr1: OSDI(debug) n.xru73.nr1: OSDI(debug) n.xru76.nr1: WARNING: V(i1,c) voltage is greater than specified by vmax
OSDI(debug) n.xru76.nr1: WARNING: V(i2,c) voltage is greater than specified by vmax
OSDI(debug) n.xru72.nr1: WARNING: V(i1,c) voltage is greater than specified by vmax
OSDI(debug) n.xru72.nr1: WARNING: V(i2,c) voltage is greater than specified by vmax
WARNING: V(i1,c) voltage is greater than specified by vmax
OSDI(debug) n.xru83.nr1: WARNING: V(i2,c) voltage is greater than specified by vmax
OSDI(debug) n.xru71.nr1: WARNING: V(i1,c) voltage is greater than specified by vmax
OSDI(debug) n.xru71.nr1: WARNING: V(i2,c) voltage is greater than specified by vmax
OSDI(debug) n.xru69.nr1: WARNING: V(i1,c) voltage is greater than specified by vmax
OSDI(debug) n.xru69.nr1: WARNING: V(i2,c) voltage is greater than specified by vmax
OSDI(debug) n.xru70.nr1: OSDI(debug) n.xru68.nr1: WARNING: V(i1,c) voltage is greater than specified by vmax
OSDI(debug) n.xru73.nr1: WARNING: V(i2,c) voltage is greater than specified by vmax
OSDI(debug) n.xru67.nr1: WARNING: V(i1,c) voltage is greater than specified by vmax
OSDI(debug) n.xru67.nr1: WARNING: V(i2,c) voltage is greater than specified by vmax
OSDI(debug) n.xru66.nr1: WARNING: V(i1,c) voltage is greater than specified by vmax
OSDI(debug) n.xru66.nr1: WARNING: V(i2,c) voltage is greater than specified by vmax
OSDI(debug) n.xru65.nr1: WARNING: V(i1,c) voltage is greater than specified by vmax
WARNING: V(i1,c) voltage is greater than specified by vmax
OSDI(debug) n.xru70.nr1: WARNING: V(i2,c) voltage is greater than specified by vmax
OSDI(debug) n.xru64.nr1: WARNING: V(i1,c) voltage is greater than specified by vmax
OSDI(debug) n.xru64.nr1: WARNING: V(i2,c) voltage is greater than specified by vmax
WARNING: V(i1,c) voltage is greater than specified by vmax
OSDI(debug) n.xru68.nr1: WARNING: V(i2,c) voltage is greater than specified by vmax
OSDI(debug) n.xru65.nr1: OSDI(debug) n.xru63.nr1: OSDI(debug) n.xru62.nr1: WARNING: V(i1,c) voltage is greater than specified by vmax
OSDI(debug) n.xru62.nr1: WARNING: V(i2,c) voltage is greater than specified by vmax
WARNING: V(i1,c) voltage is greater than specified by vmax
OSDI(debug) n.xru63.nr1: WARNING: V(i2,c) voltage is greater than specified by vmax
OSDI(debug) n.xru60.nr1: WARNING: V(i1,c) voltage is greater than specified by vmax
WARNING: V(i2,c) voltage is greater than specified by vmax
OSDI(debug) n.xru61.nr1: WARNING: V(i1,c) voltage is greater than specified by vmax
OSDI(debug) n.xru61.nr1: WARNING: V(i2,c) voltage is greater than specified by vmax
OSDI(debug) n.xru58.nr1: WARNING: V(i1,c) voltage is greater than specified by vmax
OSDI(debug) n.xru58.nr1: WARNING: V(i2,c) voltage is greater than specified by vmax
OSDI(debug) n.xru57.nr1: WARNING: V(i1,c) voltage is greater than specified by vmax
OSDI(debug) n.xru57.nr1: WARNING: V(i2,c) voltage is greater than specified by vmax
OSDI(debug) n.xru59.nr1: OSDI(debug) n.xru56.nr1: WARNING: V(i1,c) voltage is greater than specified by vmax
OSDI(debug) n.xru59.nr1: WARNING: V(i2,c) voltage is greater than specified by vmax
OSDI(debug) n.xru55.nr1: WARNING: V(i1,c) voltage is greater than specified by vmax
OSDI(debug) n.xru55.nr1: WARNING: V(i2,c) voltage is greater than specified by vmax
WARNING: V(i1,c) voltage is greater than specified by vmax
OSDI(debug) n.xru111.nr1: OSDI(debug) n.xru110.nr1: WARNING: V(i1,c) voltage is greater than specified by vmax
OSDI(debug) n.xru111.nr1: WARNING: V(i2,c) voltage is greater than specified by vmax
WARNING: V(i2,c) voltage is greater than specified by vmax
OSDI(debug) n.xru60.nr1: WARNING: V(i2,c) voltage is greater than specified by vmax
OSDI(debug) n.xru56.nr1: OSDI(debug) n.xru51.nr1: WARNING: V(i1,c) voltage is greater than specified by vmax
WARNING: V(i2,c) voltage is greater than specified by vmax
OSDI(debug) n.xru51.nr1: WARNING: V(i2,c) voltage is greater than specified by vmax
OSDI(debug) n.xru54.nr1: OSDI(debug) n.xru50.nr1: WARNING: V(i1,c) voltage is greater than specified by vmax
OSDI(debug) n.xru49.nr1: OSDI(debug) n.xru50.nr1: WARNING: V(i1,c) voltage is greater than specified by vmax
OSDI(debug) n.xru49.nr1: WARNING: V(i2,c) voltage is greater than specified by vmax
OSDI(debug) n.xru52.nr1: OSDI(debug) n.xru48.nr1: WARNING: V(i1,c) voltage is greater than specified by vmax
OSDI(debug) n.xru48.nr1: WARNING: V(i1,c) voltage is greater than specified by vmax
WARNING: V(i2,c) voltage is greater than specified by vmax
OSDI(debug) n.xru54.nr1: WARNING: V(i2,c) voltage is greater than specified by vmax
WARNING: V(i2,c) voltage is greater than specified by vmax
OSDI(debug) n.xru53.nr1: WARNING: V(i1,c) voltage is greater than specified by vmax
WARNING: V(i1,c) voltage is greater than specified by vmax
OSDI(debug) n.xru45.nr1: OSDI(debug) n.xru52.nr1: OSDI(debug) n.xru46.nr1: WARNING: V(i2,c) voltage is greater than specified by vmax
OSDI(debug) n.xru47.nr1: WARNING: V(i1,c) voltage is greater than specified by vmax
WARNING: V(i1,c) voltage is greater than specified by vmax
WARNING: V(i1,c) voltage is greater than specified by vmax
OSDI(debug) n.xru110.nr1: WARNING: V(i2,c) voltage is greater than specified by vmax
OSDI(debug) n.xru47.nr1: OSDI(debug) n.xru44.nr1: WARNING: V(i1,c) voltage is greater than specified by vmax
OSDI(debug) n.xru44.nr1: WARNING: V(i2,c) voltage is greater than specified by vmax
OSDI(debug) n.xru43.nr1: WARNING: V(i1,c) voltage is greater than specified by vmax
WARNING: V(i2,c) voltage is greater than specified by vmax
OSDI(debug) n.xru41.nr1: WARNING: V(i1,c) voltage is greater than specified by vmax
OSDI(debug) n.xru41.nr1: WARNING: V(i2,c) voltage is greater than specified by vmax
OSDI(debug) n.xru40.nr1: OSDI(debug) n.xru45.nr1: WARNING: V(i2,c) voltage is greater than specified by vmax
OSDI(debug) n.xru39.nr1: WARNING: V(i1,c) voltage is greater than specified by vmax
OSDI(debug) n.xru39.nr1: WARNING: V(i2,c) voltage is greater than specified by vmax
OSDI(debug) n.xru38.nr1: WARNING: V(i1,c) voltage is greater than specified by vmax
OSDI(debug) n.xru43.nr1: OSDI(debug) n.xru46.nr1: WARNING: V(i2,c) voltage is greater than specified by vmax
WARNING: V(i2,c) voltage is greater than specified by vmax
OSDI(debug) n.xru37.nr1: WARNING: V(i1,c) voltage is greater than specified by vmax
OSDI(debug) n.xru36.nr1: OSDI(debug) n.xru37.nr1: WARNING: V(i2,c) voltage is greater than specified by vmax
WARNING: V(i1,c) voltage is greater than specified by vmax
OSDI(debug) n.xru53.nr1: OSDI(debug) n.xru36.nr1: OSDI(debug) n.xru35.nr1: WARNING: V(i2,c) voltage is greater than specified by vmax
OSDI(debug) n.xru34.nr1: WARNING: V(i1,c) voltage is greater than specified by vmax
WARNING: V(i2,c) voltage is greater than specified by vmax
OSDI(debug) n.xru249.nr1: OSDI(debug) n.xru33.nr1: WARNING: V(i1,c) voltage is greater than specified by vmax
OSDI(debug) n.xru33.nr1: WARNING: V(i1,c) voltage is greater than specified by vmax
WARNING: V(i2,c) voltage is greater than specified by vmax
OSDI(debug) n.xru81.nr1: WARNING: V(i1,c) voltage is greater than specified by vmax
OSDI(debug) n.xru81.nr1: WARNING: V(i2,c) voltage is greater than specified by vmax
WARNING: V(i1,c) voltage is greater than specified by vmax
OSDI(debug) n.xru31.nr1: WARNING: V(i1,c) voltage is greater than specified by vmax
OSDI(debug) n.xru31.nr1: WARNING: V(i2,c) voltage is greater than specified by vmax
OSDI(debug) n.xru42.nr1: WARNING: V(i1,c) voltage is greater than specified by vmax
OSDI(debug) n.xru34.nr1: OSDI(debug) n.xru42.nr1: WARNING: V(i2,c) voltage is greater than specified by vmax
OSDI(debug) n.xru29.nr1: WARNING: V(i1,c) voltage is greater than specified by vmax
OSDI(debug) n.xru29.nr1: WARNING: V(i2,c) voltage is greater than specified by vmax
OSDI(debug) n.xru28.nr1: WARNING: V(i1,c) voltage is greater than specified by vmax
OSDI(debug) n.xru28.nr1: WARNING: V(i2,c) voltage is greater than specified by vmax
OSDI(debug) n.xru35.nr1: OSDI(debug) n.xru27.nr1: WARNING: V(i1,c) voltage is greater than specified by vmax
OSDI(debug) n.xru27.nr1: WARNING: V(i2,c) voltage is greater than specified by vmax
OSDI(debug) n.xru26.nr1: WARNING: V(i1,c) voltage is greater than specified by vmax
OSDI(debug) n.xru26.nr1: WARNING: V(i2,c) voltage is greater than specified by vmax
OSDI(debug) n.xru25.nr1: WARNING: V(i1,c) voltage is greater than specified by vmax
OSDI(debug) n.xru25.nr1: WARNING: V(i2,c) voltage is greater than specified by vmax
OSDI(debug) n.xru38.nr1: OSDI(debug) n.xru24.nr1: WARNING: V(i2,c) voltage is greater than specified by vmax
WARNING: V(i1,c) voltage is greater than specified by vmax
OSDI(debug) n.xru24.nr1: WARNING: V(i2,c) voltage is greater than specified by vmax
OSDI(debug) n.xru23.nr1: WARNING: V(i1,c) voltage is greater than specified by vmax
OSDI(debug) n.xru23.nr1: WARNING: V(i2,c) voltage is greater than specified by vmax
OSDI(debug) n.xru22.nr1: WARNING: V(i1,c) voltage is greater than specified by vmax
WARNING: V(i2,c) voltage is greater than specified by vmax
WARNING: V(i2,c) voltage is greater than specified by vmax
OSDI(debug) n.xru20.nr1: WARNING: V(i1,c) voltage is greater than specified by vmax
OSDI(debug) n.xru21.nr1: WARNING: V(i1,c) voltage is greater than specified by vmax
OSDI(debug) n.xru22.nr1: OSDI(debug) n.xru21.nr1: WARNING: V(i2,c) voltage is greater than specified by vmax
WARNING: V(i2,c) voltage is greater than specified by vmax
WARNING: V(i2,c) voltage is greater than specified by vmax
WARNING: V(i1,c) voltage is greater than specified by vmax
OSDI(debug) n.xru16.nr1: WARNING: V(i1,c) voltage is greater than specified by vmax
OSDI(debug) n.xru40.nr1: WARNING: V(i2,c) voltage is greater than specified by vmax
OSDI(debug) n.xru17.nr1: OSDI(debug) n.xru15.nr1: WARNING: V(i1,c) voltage is greater than specified by vmax
WARNING: V(i1,c) voltage is greater than specified by vmax
OSDI(debug) n.xru17.nr1: WARNING: V(i2,c) voltage is greater than specified by vmax
OSDI(debug) n.xru18.nr1: OSDI(debug) n.xru14.nr1: WARNING: V(i1,c) voltage is greater than specified by vmax
OSDI(debug) n.xru16.nr1: OSDI(debug) n.xru18.nr1: OSDI(debug) n.xru20.nr1: WARNING: V(i2,c) voltage is greater than specified by vmax
WARNING: V(i2,c) voltage is greater than specified by vmax
OSDI(debug) n.xru15.nr1: OSDI(debug) n.xru13.nr1: OSDI(debug) n.xru12.nr1: WARNING: V(i1,c) voltage is greater than specified by vmax
WARNING: V(i2,c) voltage is greater than specified by vmax
WARNING: V(i2,c) voltage is greater than specified by vmax
WARNING: V(i1,c) voltage is greater than specified by vmax
OSDI(debug) n.xru14.nr1: WARNING: V(i2,c) voltage is greater than specified by vmax
WARNING: V(i1,c) voltage is greater than specified by vmax
OSDI(debug) n.xru12.nr1: WARNING: V(i2,c) voltage is greater than specified by vmax
OSDI(debug) n.xru8.nr1: WARNING: V(i1,c) voltage is greater than specified by vmax
OSDI(debug) n.xru8.nr1: WARNING: V(i2,c) voltage is greater than specified by vmax
OSDI(debug) n.xru19.nr1: WARNING: V(i1,c) voltage is greater than specified by vmax
OSDI(debug) n.xru19.nr1: WARNING: V(i2,c) voltage is greater than specified by vmax
OSDI(debug) n.xru6.nr1: WARNING: V(i1,c) voltage is greater than specified by vmax
OSDI(debug) n.xru6.nr1: WARNING: V(i2,c) voltage is greater than specified by vmax
OSDI(debug) n.xru5.nr1: WARNING: V(i1,c) voltage is greater than specified by vmax
OSDI(debug) n.xru5.nr1: WARNING: V(i2,c) voltage is greater than specified by vmax
OSDI(debug) n.xru4.nr1: WARNING: V(i1,c) voltage is greater than specified by vmax
OSDI(debug) n.xru4.nr1: WARNING: V(i2,c) voltage is greater than specified by vmax
OSDI(debug) n.xru3.nr1: WARNING: V(i1,c) voltage is greater than specified by vmax
OSDI(debug) n.xru3.nr1: WARNING: V(i2,c) voltage is greater than specified by vmax
OSDI(debug) n.xru2.nr1: WARNING: V(i1,c) voltage is greater than specified by vmax
OSDI(debug) n.xru2.nr1: WARNING: V(i2,c) voltage is greater than specified by vmax
OSDI(debug) n.xru1.nr1: WARNING: V(i1,c) voltage is greater than specified by vmax
OSDI(debug) n.xru1.nr1: WARNING: V(i2,c) voltage is greater than specified by vmax
OSDI(debug) n.xr1.nr1: WARNING: V(i1,c) voltage is greater than specified by vmax
OSDI(debug) n.xr1.nr1: WARNING: V(i2,c) voltage is greater than specified by vmax
OSDI(debug) n.xru10.nr1: WARNING: V(i1,c) voltage is greater than specified by vmax
OSDI(debug) n.xru10.nr1: WARNING: V(i2,c) voltage is greater than specified by vmax
OSDI(debug) n.xru9.nr1: OSDI(debug) n.xru7.nr1: WARNING: V(i1,c) voltage is greater than specified by vmax
OSDI(debug) n.xru9.nr1: WARNING: V(i2,c) voltage is greater than specified by vmax
WARNING: V(i1,c) voltage is greater than specified by vmax
OSDI(debug) n.xru7.nr1: WARNING: V(i2,c) voltage is greater than specified by vmax
OSDI(debug) n.xru13.nr1: WARNING: V(i2,c) voltage is greater than specified by vmax
OSDI(debug) n.xru11.nr1: WARNING: V(i1,c) voltage is greater than specified by vmax
OSDI(debug) n.xru11.nr1: WARNING: V(i2,c) voltage is greater than specified by vmax
OSDI(debug) n.xru32.nr1: WARNING: V(i1,c) voltage is greater than specified by vmax
OSDI(debug) n.xru32.nr1: WARNING: V(i2,c) voltage is greater than specified by vmax
OSDI(debug) n.xru30.nr1: WARNING: V(i1,c) voltage is greater than specified by vmax
OSDI(debug) n.xru30.nr1: WARNING: V(i2,c) voltage is greater than specified by vmax
Note: True gmin stepping completed

No. of Data Rows : 271

  Measurements for AC Analysis

psrr_dc_lin         =  1.67086e-04
psrr_1khz_lin       =  1.68456e-04
psrr_100khz_lin     =  2.15043e-03
psrr_1mhz_lin       =  2.13231e-02

                * klt sim -- generated corner deck, do not edit
                AC Analysis  Sun Oct  4 01:53:59  2026
--------------------------------------------------------------------------------
Index   frequency       psrr_db         
--------------------------------------------------------------------------------
0	1.000000e+00	7.554118e+01	
1	1.079775e+00	7.554118e+01	
2	1.165914e+00	7.554118e+01	
3	1.258925e+00	7.554118e+01	
4	1.359356e+00	7.554118e+01	
5	1.467799e+00	7.554118e+01	
6	1.584893e+00	7.554118e+01	
7	1.711328e+00	7.554118e+01	
8	1.847850e+00	7.554118e+01	
9	1.995262e+00	7.554118e+01	
10	2.154435e+00	7.554118e+01	
11	2.326305e+00	7.554118e+01	
12	2.511886e+00	7.554118e+01	
13	2.712273e+00	7.554118e+01	
14	2.928645e+00	7.554118e+01	
15	3.162278e+00	7.554118e+01	
16	3.414549e+00	7.554118e+01	
17	3.686945e+00	7.554118e+01	
18	3.981072e+00	7.554118e+01	
19	4.298662e+00	7.554118e+01	
20	4.641589e+00	7.554118e+01	
21	5.011872e+00	7.554118e+01	
22	5.411695e+00	7.554118e+01	
23	5.843414e+00	7.554118e+01	
24	6.309573e+00	7.554118e+01	
25	6.812921e+00	7.554118e+01	
26	7.356423e+00	7.554118e+01	
27	7.943282e+00	7.554117e+01	
28	8.576959e+00	7.554117e+01	
29	9.261187e+00	7.554117e+01	
30	1.000000e+01	7.554117e+01	
31	1.079775e+01	7.554117e+01	
32	1.165914e+01	7.554117e+01	
33	1.258925e+01	7.554117e+01	
34	1.359356e+01	7.554117e+01	
35	1.467799e+01	7.554116e+01	
36	1.584893e+01	7.554116e+01	
37	1.711328e+01	7.554116e+01	
38	1.847850e+01	7.554115e+01	
39	1.995262e+01	7.554115e+01	
40	2.154435e+01	7.554115e+01	
41	2.326305e+01	7.554114e+01	
42	2.511886e+01	7.554113e+01	
43	2.712273e+01	7.554113e+01	
44	2.928645e+01	7.554112e+01	
45	3.162278e+01	7.554111e+01	
46	3.414549e+01	7.554110e+01	
47	3.686945e+01	7.554108e+01	
48	3.981072e+01	7.554107e+01	
49	4.298662e+01	7.554105e+01	
50	4.641589e+01	7.554103e+01	
51	5.011872e+01	7.554100e+01	
52	5.411695e+01	7.554097e+01	
53	5.843414e+01	7.554094e+01	
54	6.309573e+01	7.554089e+01	

Index   frequency       psrr_db         
--------------------------------------------------------------------------------
55	6.812921e+01	7.554085e+01	
56	7.356423e+01	7.554079e+01	
57	7.943282e+01	7.554073e+01	
58	8.576959e+01	7.554065e+01	
59	9.261187e+01	7.554057e+01	
60	1.000000e+02	7.554046e+01	
61	1.079775e+02	7.554035e+01	
62	1.165914e+02	7.554021e+01	
63	1.258925e+02	7.554005e+01	
64	1.359356e+02	7.553986e+01	
65	1.467799e+02	7.553964e+01	
66	1.584893e+02	7.553938e+01	
67	1.711328e+02	7.553909e+01	
68	1.847850e+02	7.553874e+01	
69	1.995262e+02	7.553833e+01	
70	2.154435e+02	7.553786e+01	
71	2.326305e+02	7.553731e+01	
72	2.511886e+02	7.553667e+01	
73	2.712273e+02	7.553592e+01	
74	2.928645e+02	7.553505e+01	
75	3.162278e+02	7.553403e+01	
76	3.414549e+02	7.553285e+01	
77	3.686945e+02	7.553147e+01	
78	3.981072e+02	7.552986e+01	
79	4.298662e+02	7.552799e+01	
80	4.641589e+02	7.552580e+01	
81	5.011872e+02	7.552325e+01	
82	5.411695e+02	7.552029e+01	
83	5.843414e+02	7.551683e+01	
84	6.309573e+02	7.551280e+01	
85	6.812921e+02	7.550811e+01	
86	7.356423e+02	7.550265e+01	
87	7.943282e+02	7.549629e+01	
88	8.576959e+02	7.548889e+01	
89	9.261187e+02	7.548027e+01	
90	1.000000e+03	7.547025e+01	
91	1.079775e+03	7.545859e+01	
92	1.165914e+03	7.544504e+01	
93	1.258925e+03	7.542930e+01	
94	1.359356e+03	7.541101e+01	
95	1.467799e+03	7.538978e+01	
96	1.584893e+03	7.536517e+01	
97	1.711328e+03	7.533664e+01	
98	1.847850e+03	7.530362e+01	
99	1.995262e+03	7.526543e+01	
100	2.154435e+03	7.522133e+01	
101	2.326305e+03	7.517046e+01	
102	2.511886e+03	7.511191e+01	
103	2.712273e+03	7.504461e+01	
104	2.928645e+03	7.496745e+01	
105	3.162278e+03	7.487919e+01	
106	3.414549e+03	7.477849e+01	
107	3.686945e+03	7.466396e+01	
108	3.981072e+03	7.453413e+01	
109	4.298662e+03	7.438751e+01	
110	4.641589e+03	7.422259e+01	
111	5.011872e+03	7.403789e+01	
112	5.411695e+03	7.383202e+01	

Index   frequency       psrr_db         
--------------------------------------------------------------------------------
113	5.843414e+03	7.360370e+01	
114	6.309573e+03	7.335182e+01	
115	6.812921e+03	7.307549e+01	
116	7.356423e+03	7.277405e+01	
117	7.943282e+03	7.244714e+01	
118	8.576959e+03	7.209468e+01	
119	9.261187e+03	7.171690e+01	
120	1.000000e+04	7.131429e+01	
121	1.079775e+04	7.088765e+01	
122	1.165914e+04	7.043798e+01	
123	1.258925e+04	6.996648e+01	
124	1.359356e+04	6.947450e+01	
125	1.467799e+04	6.896346e+01	
126	1.584893e+04	6.843487e+01	
127	1.711328e+04	6.789023e+01	
128	1.847850e+04	6.733103e+01	
129	1.995262e+04	6.675871e+01	
130	2.154435e+04	6.617463e+01	
131	2.326305e+04	6.558006e+01	
132	2.511886e+04	6.497621e+01	
133	2.712273e+04	6.436415e+01	
134	2.928645e+04	6.374488e+01	
135	3.162278e+04	6.311928e+01	
136	3.414549e+04	6.248815e+01	
137	3.686945e+04	6.185220e+01	
138	3.981072e+04	6.121206e+01	
139	4.298662e+04	6.056827e+01	
140	4.641589e+04	5.992133e+01	
141	5.011872e+04	5.927166e+01	
142	5.411695e+04	5.861962e+01	
143	5.843414e+04	5.796555e+01	
144	6.309573e+04	5.730973e+01	
145	6.812921e+04	5.665239e+01	
146	7.356423e+04	5.599375e+01	
147	7.943282e+04	5.533399e+01	
148	8.576959e+04	5.467327e+01	
149	9.261187e+04	5.401173e+01	
150	1.000000e+05	5.334948e+01	
151	1.079775e+05	5.268662e+01	
152	1.165914e+05	5.202325e+01	
153	1.258925e+05	5.135944e+01	
154	1.359356e+05	5.069527e+01	
155	1.467799e+05	5.003077e+01	
156	1.584893e+05	4.936602e+01	
157	1.711328e+05	4.870104e+01	
158	1.847850e+05	4.803589e+01	
159	1.995262e+05	4.737060e+01	
160	2.154435e+05	4.670519e+01	
161	2.326305e+05	4.603971e+01	
162	2.511886e+05	4.537417e+01	
163	2.712273e+05	4.470860e+01	
164	2.928645e+05	4.404304e+01	
165	3.162278e+05	4.337750e+01	
166	3.414549e+05	4.271201e+01	
167	3.686945e+05	4.204660e+01	
168	3.981072e+05	4.138130e+01	
169	4.298662e+05	4.071615e+01	
170	4.641589e+05	4.005116e+01	

Index   frequency       psrr_db         
--------------------------------------------------------------------------------
171	5.011872e+05	3.938640e+01	
172	5.411695e+05	3.872189e+01	
173	5.843414e+05	3.805769e+01	
174	6.309573e+05	3.739386e+01	
175	6.812921e+05	3.673047e+01	
176	7.356423e+05	3.606758e+01	
177	7.943282e+05	3.540528e+01	
178	8.576959e+05	3.474367e+01	
179	9.261187e+05	3.408287e+01	
180	1.000000e+06	3.342301e+01	
181	1.079775e+06	3.276423e+01	
182	1.165914e+06	3.210671e+01	
183	1.258925e+06	3.145064e+01	
184	1.359356e+06	3.079625e+01	
185	1.467799e+06	3.014380e+01	
186	1.584893e+06	2.949357e+01	
187	1.711328e+06	2.884588e+01	
188	1.847850e+06	2.820111e+01	
189	1.995262e+06	2.755965e+01	
190	2.154435e+06	2.692196e+01	
191	2.326305e+06	2.628851e+01	
192	2.511886e+06	2.565984e+01	
193	2.712273e+06	2.503650e+01	
194	2.928645e+06	2.441906e+01	
195	3.162278e+06	2.380811e+01	
196	3.414549e+06	2.320423e+01	
197	3.686945e+06	2.260794e+01	
198	3.981072e+06	2.201969e+01	
199	4.298662e+06	2.143981e+01	
200	4.641589e+06	2.086847e+01	
201	5.011872e+06	2.030559e+01	
202	5.411695e+06	1.975078e+01	
203	5.843414e+06	1.920330e+01	
204	6.309573e+06	1.866193e+01	
205	6.812921e+06	1.812493e+01	
206	7.356423e+06	1.758999e+01	
207	7.943282e+06	1.705410e+01	
208	8.576959e+06	1.651356e+01	
209	9.261187e+06	1.596394e+01	
210	1.000000e+07	1.540003e+01	
211	1.079775e+07	1.481587e+01	
212	1.165914e+07	1.420479e+01	
213	1.258925e+07	1.355954e+01	
214	1.359356e+07	1.287248e+01	
215	1.467799e+07	1.213612e+01	
216	1.584893e+07	1.134410e+01	
217	1.711328e+07	1.049333e+01	
218	1.847850e+07	9.588143e+00	
219	1.995262e+07	8.648362e+00	
220	2.154435e+07	7.723141e+00	
221	2.326305e+07	6.908957e+00	
222	2.511886e+07	6.355438e+00	
223	2.712273e+07	6.221567e+00	
224	2.928645e+07	6.575440e+00	
225	3.162278e+07	7.337109e+00	
226	3.414549e+07	8.343808e+00	
227	3.686945e+07	9.447926e+00	
228	3.981072e+07	1.055552e+01	

Index   frequency       psrr_db         
--------------------------------------------------------------------------------
229	4.298662e+07	1.161831e+01	
230	4.641589e+07	1.261571e+01	
231	5.011872e+07	1.354144e+01	
232	5.411695e+07	1.439596e+01	
233	5.843414e+07	1.518250e+01	
234	6.309573e+07	1.590523e+01	
235	6.812921e+07	1.656838e+01	
236	7.356423e+07	1.717591e+01	
237	7.943282e+07	1.773144e+01	
238	8.576959e+07	1.823825e+01	
239	9.261187e+07	1.869936e+01	
240	1.000000e+08	1.911767e+01	
241	1.079775e+08	1.949607e+01	
242	1.165914e+08	1.983749e+01	
243	1.258925e+08	2.014501e+01	
244	1.359356e+08	2.042190e+01	
245	1.467799e+08	2.067154e+01	
246	1.584893e+08	2.089740e+01	
247	1.711328e+08	2.110282e+01	
248	1.847850e+08	2.129093e+01	
249	1.995262e+08	2.146445e+01	
250	2.154435e+08	2.162556e+01	
251	2.326305e+08	2.177589e+01	
252	2.511886e+08	2.191647e+01	
253	2.712273e+08	2.204783e+01	
254	2.928645e+08	2.217006e+01	
255	3.162278e+08	2.228298e+01	
256	3.414549e+08	2.238617e+01	
257	3.686945e+08	2.247913e+01	
258	3.981072e+08	2.256126e+01	
259	4.298662e+08	2.263198e+01	
260	4.641589e+08	2.269070e+01	
261	5.011872e+08	2.273684e+01	
262	5.411695e+08	2.276985e+01	
263	5.843414e+08	2.278920e+01	
264	6.309573e+08	2.279438e+01	
265	6.812921e+08	2.278497e+01	
266	7.356423e+08	2.276061e+01	
267	7.943282e+08	2.272108e+01	
268	8.576959e+08	2.266634e+01	
269	9.261187e+08	2.259655e+01	
270	1.000000e+09	2.251218e+01	
Doing analysis at TEMP = 125.000000 and TNOM = 27.000000

Using SPARSE 1.3 as Direct Linear Solver
Warning: singular matrix:  check nodes n.xru228.nr1#i2 and t229__t0

Note: Starting dynamic gmin stepping
OSDI(debug) n.xru255.nr1: OSDI(debug) n.xru253.nr1: OSDI(debug) n.xru252.nr1: OSDI(debug) n.xru251.nr1: OSDI(debug) n.xru250.nr1: WARNING: V(i1,c) voltage is greater than specified by vmax
OSDI(debug) n.xru251.nr1: WARNING: V(i2,c) voltage is greater than specified by vmax
OSDI(debug) n.xru247.nr1: WARNING: V(i1,c) voltage is greater than specified by vmax
OSDI(debug) n.xru247.nr1: WARNING: V(i2,c) voltage is greater than specified by vmax
OSDI(debug) n.xru246.nr1: WARNING: V(i1,c) voltage is greater than specified by vmax
OSDI(debug) n.xru246.nr1: WARNING: V(i2,c) voltage is greater than specified by vmax
OSDI(debug) n.xru245.nr1: WARNING: V(i1,c) voltage is greater than specified by vmax
OSDI(debug) n.xru245.nr1: WARNING: V(i2,c) voltage is greater than specified by vmax
OSDI(debug) n.xru244.nr1: WARNING: V(i1,c) voltage is greater than specified by vmax
OSDI(debug) n.xru244.nr1: WARNING: V(i2,c) voltage is greater than specified by vmax
OSDI(debug) n.xru243.nr1: WARNING: V(i1,c) voltage is greater than specified by vmax
OSDI(debug) n.xru243.nr1: WARNING: V(i2,c) voltage is greater than specified by vmax
OSDI(debug) n.xru242.nr1: WARNING: V(i1,c) voltage is greater than specified by vmax
OSDI(debug) n.xru242.nr1: WARNING: V(i2,c) voltage is greater than specified by vmax
OSDI(debug) n.xru241.nr1: WARNING: V(i1,c) voltage is greater than specified by vmax
OSDI(debug) n.xru241.nr1: WARNING: V(i2,c) voltage is greater than specified by vmax
OSDI(debug) n.xru240.nr1: WARNING: V(i1,c) voltage is greater than specified by vmax
OSDI(debug) n.xru240.nr1: WARNING: V(i2,c) voltage is greater than specified by vmax
OSDI(debug) n.xru239.nr1: WARNING: V(i1,c) voltage is greater than specified by vmax
OSDI(debug) n.xru239.nr1: WARNING: V(i2,c) voltage is greater than specified by vmax
OSDI(debug) n.xru238.nr1: WARNING: V(i1,c) voltage is greater than specified by vmax
OSDI(debug) n.xru238.nr1: WARNING: V(i2,c) voltage is greater than specified by vmax
OSDI(debug) n.xru237.nr1: WARNING: V(i1,c) voltage is greater than specified by vmax
OSDI(debug) n.xru237.nr1: WARNING: V(i2,c) voltage is greater than specified by vmax
OSDI(debug) n.xru236.nr1: WARNING: V(i1,c) voltage is greater than specified by vmax
OSDI(debug) n.xru236.nr1: WARNING: V(i2,c) voltage is greater than specified by vmax
OSDI(debug) n.xru235.nr1: WARNING: V(i1,c) voltage is greater than specified by vmax
OSDI(debug) n.xru235.nr1: WARNING: V(i2,c) voltage is greater than specified by vmax
OSDI(debug) n.xru234.nr1: WARNING: V(i1,c) voltage is greater than specified by vmax
OSDI(debug) n.xru234.nr1: WARNING: V(i2,c) voltage is greater than specified by vmax
OSDI(debug) n.xru233.nr1: WARNING: V(i1,c) voltage is greater than specified by vmax
OSDI(debug) n.xru233.nr1: WARNING: V(i2,c) voltage is greater than specified by vmax
OSDI(debug) n.xru232.nr1: WARNING: V(i1,c) voltage is greater than specified by vmax
OSDI(debug) n.xru232.nr1: WARNING: V(i2,c) voltage is greater than specified by vmax
OSDI(debug) n.xru231.nr1: WARNING: V(i1,c) voltage is greater than specified by vmax
OSDI(debug) n.xru231.nr1: WARNING: V(i2,c) voltage is greater than specified by vmax
OSDI(debug) n.xru230.nr1: WARNING: V(i1,c) voltage is greater than specified by vmax
OSDI(debug) n.xru230.nr1: WARNING: V(i2,c) voltage is greater than specified by vmax
OSDI(debug) n.xru229.nr1: WARNING: V(i1,c) voltage is greater than specified by vmax
OSDI(debug) n.xru229.nr1: WARNING: V(i2,c) voltage is greater than specified by vmax
OSDI(debug) n.xru228.nr1: WARNING: V(i1,c) voltage is greater than specified by vmax
OSDI(debug) n.xru228.nr1: WARNING: V(i2,c) voltage is greater than specified by vmax
OSDI(debug) n.xru227.nr1: WARNING: V(i1,c) voltage is greater than specified by vmax
OSDI(debug) n.xru227.nr1: WARNING: V(i2,c) voltage is greater than specified by vmax
OSDI(debug) n.xru226.nr1: WARNING: V(i1,c) voltage is greater than specified by vmax
OSDI(debug) n.xru226.nr1: WARNING: V(i2,c) voltage is greater than specified by vmax
OSDI(debug) n.xru225.nr1: WARNING: V(i1,c) voltage is greater than specified by vmax
OSDI(debug) n.xru225.nr1: WARNING: V(i2,c) voltage is greater than specified by vmax
OSDI(debug) n.xru224.nr1: WARNING: V(i1,c) voltage is greater than specified by vmax
OSDI(debug) n.xru224.nr1: WARNING: V(i2,c) voltage is greater than specified by vmax
OSDI(debug) n.xru223.nr1: WARNING: V(i1,c) voltage is greater than specified by vmax
OSDI(debug) n.xru223.nr1: WARNING: V(i2,c) voltage is greater than specified by vmax
OSDI(debug) n.xru222.nr1: WARNING: V(i1,c) voltage is greater than specified by vmax
OSDI(debug) n.xru222.nr1: WARNING: V(i2,c) voltage is greater than specified by vmax
OSDI(debug) n.xru221.nr1: WARNING: V(i1,c) voltage is greater than specified by vmax
OSDI(debug) n.xru221.nr1: WARNING: V(i2,c) voltage is greater than specified by vmax
OSDI(debug) n.xru220.nr1: WARNING: V(i1,c) voltage is greater than specified by vmax
OSDI(debug) n.xru220.nr1: WARNING: V(i2,c) voltage is greater than specified by vmax
OSDI(debug) n.xru219.nr1: WARNING: V(i1,c) voltage is greater than specified by vmax
OSDI(debug) n.xru219.nr1: WARNING: V(i2,c) voltage is greater than specified by vmax
OSDI(debug) n.xru218.nr1: WARNING: V(i1,c) voltage is greater than specified by vmax
OSDI(debug) n.xru218.nr1: WARNING: V(i2,c) voltage is greater than specified by vmax
OSDI(debug) n.xru217.nr1: WARNING: V(i1,c) voltage is greater than specified by vmax
OSDI(debug) n.xru217.nr1: WARNING: V(i2,c) voltage is greater than specified by vmax
OSDI(debug) n.xru216.nr1: WARNING: V(i1,c) voltage is greater than specified by vmax
OSDI(debug) n.xru216.nr1: WARNING: V(i2,c) voltage is greater than specified by vmax
OSDI(debug) n.xru215.nr1: WARNING: V(i1,c) voltage is greater than specified by vmax
OSDI(debug) n.xru215.nr1: WARNING: V(i2,c) voltage is greater than specified by vmax
OSDI(debug) n.xru214.nr1: WARNING: V(i1,c) voltage is greater than specified by vmax
OSDI(debug) n.xru214.nr1: WARNING: V(i2,c) voltage is greater than specified by vmax
OSDI(debug) n.xru213.nr1: WARNING: V(i1,c) voltage is greater than specified by vmax
OSDI(debug) n.xru213.nr1: WARNING: V(i2,c) voltage is greater than specified by vmax
OSDI(debug) n.xru212.nr1: WARNING: V(i1,c) voltage is greater than specified by vmax
OSDI(debug) n.xru212.nr1: WARNING: V(i2,c) voltage is greater than specified by vmax
OSDI(debug) n.xru211.nr1: WARNING: V(i1,c) voltage is greater than specified by vmax
OSDI(debug) n.xru211.nr1: WARNING: V(i2,c) voltage is greater than specified by vmax
OSDI(debug) n.xru210.nr1: WARNING: V(i1,c) voltage is greater than specified by vmax
OSDI(debug) n.xru210.nr1: WARNING: V(i2,c) voltage is greater than specified by vmax
OSDI(debug) n.xru209.nr1: WARNING: V(i1,c) voltage is greater than specified by vmax
OSDI(debug) n.xru209.nr1: WARNING: V(i2,c) voltage is greater than specified by vmax
OSDI(debug) n.xru208.nr1: WARNING: V(i1,c) voltage is greater than specified by vmax
OSDI(debug) n.xru208.nr1: WARNING: V(i2,c) voltage is greater than specified by vmax
OSDI(debug) n.xru207.nr1: WARNING: V(i1,c) voltage is greater than specified by vmax
OSDI(debug) n.xru207.nr1: WARNING: V(i2,c) voltage is greater than specified by vmax
OSDI(debug) n.xru206.nr1: WARNING: V(i1,c) voltage is greater than specified by vmax
OSDI(debug) n.xru206.nr1: WARNING: V(i2,c) voltage is greater than specified by vmax
OSDI(debug) n.xru205.nr1: WARNING: V(i1,c) voltage is greater than specified by vmax
OSDI(debug) n.xru205.nr1: WARNING: V(i2,c) voltage is greater than specified by vmax
OSDI(debug) n.xru204.nr1: WARNING: V(i1,c) voltage is greater than specified by vmax
OSDI(debug) n.xru204.nr1: WARNING: V(i2,c) voltage is greater than specified by vmax
OSDI(debug) n.xru203.nr1: WARNING: V(i1,c) voltage is greater than specified by vmax
OSDI(debug) n.xru203.nr1: WARNING: V(i2,c) voltage is greater than specified by vmax
OSDI(debug) n.xru202.nr1: WARNING: V(i1,c) voltage is greater than specified by vmax
OSDI(debug) n.xru202.nr1: WARNING: V(i2,c) voltage is greater than specified by vmax
OSDI(debug) n.xru201.nr1: WARNING: V(i1,c) voltage is greater than specified by vmax
OSDI(debug) n.xru201.nr1: WARNING: V(i2,c) voltage is greater than specified by vmax
OSDI(debug) n.xru200.nr1: WARNING: V(i1,c) voltage is greater than specified by vmax
OSDI(debug) n.xru200.nr1: WARNING: V(i2,c) voltage is greater than specified by vmax
OSDI(debug) n.xru199.nr1: WARNING: V(i1,c) voltage is greater than specified by vmax
OSDI(debug) n.xru199.nr1: WARNING: V(i2,c) voltage is greater than specified by vmax
OSDI(debug) n.xru198.nr1: WARNING: V(i1,c) voltage is greater than specified by vmax
OSDI(debug) n.xru198.nr1: WARNING: V(i2,c) voltage is greater than specified by vmax
OSDI(debug) n.xru197.nr1: WARNING: V(i1,c) voltage is greater than specified by vmax
OSDI(debug) n.xru197.nr1: WARNING: V(i2,c) voltage is greater than specified by vmax
OSDI(debug) n.xru196.nr1: WARNING: V(i1,c) voltage is greater than specified by vmax
OSDI(debug) n.xru196.nr1: WARNING: V(i2,c) voltage is greater than specified by vmax
OSDI(debug) n.xru195.nr1: WARNING: V(i1,c) voltage is greater than specified by vmax
OSDI(debug) n.xru195.nr1: WARNING: V(i2,c) voltage is greater than specified by vmax
OSDI(debug) n.xru194.nr1: WARNING: V(i1,c) voltage is greater than specified by vmax
OSDI(debug) n.xru194.nr1: WARNING: V(i2,c) voltage is greater than specified by vmax
OSDI(debug) n.xru193.nr1: WARNING: V(i1,c) voltage is greater than specified by vmax
OSDI(debug) n.xru193.nr1: WARNING: V(i2,c) voltage is greater than specified by vmax
OSDI(debug) n.xru192.nr1: WARNING: V(i1,c) voltage is greater than specified by vmax
OSDI(debug) n.xru192.nr1: WARNING: V(i2,c) voltage is greater than specified by vmax
OSDI(debug) n.xru191.nr1: WARNING: V(i1,c) voltage is greater than specified by vmax
OSDI(debug) n.xru191.nr1: WARNING: V(i2,c) voltage is greater than specified by vmax
OSDI(debug) n.xru190.nr1: WARNING: V(i1,c) voltage is greater than specified by vmax
OSDI(debug) n.xru190.nr1: WARNING: V(i2,c) voltage is greater than specified by vmax
OSDI(debug) n.xru189.nr1: WARNING: V(i1,c) voltage is greater than specified by vmax
OSDI(debug) n.xru189.nr1: WARNING: V(i2,c) voltage is greater than specified by vmax
OSDI(debug) n.xru188.nr1: WARNING: V(i1,c) voltage is greater than specified by vmax
OSDI(debug) n.xru188.nr1: WARNING: V(i2,c) voltage is greater than specified by vmax
OSDI(debug) n.xru187.nr1: WARNING: V(i1,c) voltage is greater than specified by vmax
OSDI(debug) n.xru187.nr1: WARNING: V(i2,c) voltage is greater than specified by vmax
OSDI(debug) n.xru186.nr1: WARNING: V(i1,c) voltage is greater than specified by vmax
OSDI(debug) n.xru186.nr1: WARNING: V(i2,c) voltage is greater than specified by vmax
OSDI(debug) n.xru185.nr1: WARNING: V(i1,c) voltage is greater than specified by vmax
OSDI(debug) n.xru185.nr1: WARNING: V(i2,c) voltage is greater than specified by vmax
OSDI(debug) n.xru184.nr1: WARNING: V(i1,c) voltage is greater than specified by vmax
OSDI(debug) n.xru184.nr1: WARNING: V(i2,c) voltage is greater than specified by vmax
OSDI(debug) n.xru183.nr1: WARNING: V(i1,c) voltage is greater than specified by vmax
OSDI(debug) n.xru183.nr1: WARNING: V(i2,c) voltage is greater than specified by vmax
OSDI(debug) n.xru182.nr1: WARNING: V(i1,c) voltage is greater than specified by vmax
OSDI(debug) n.xru182.nr1: WARNING: V(i2,c) voltage is greater than specified by vmax
OSDI(debug) n.xru181.nr1: WARNING: V(i1,c) voltage is greater than specified by vmax
OSDI(debug) n.xru181.nr1: WARNING: V(i2,c) voltage is greater than specified by vmax
OSDI(debug) n.xru180.nr1: WARNING: V(i1,c) voltage is greater than specified by vmax
OSDI(debug) n.xru180.nr1: WARNING: V(i2,c) voltage is greater than specified by vmax
OSDI(debug) n.xru179.nr1: WARNING: V(i1,c) voltage is greater than specified by vmax
OSDI(debug) n.xru179.nr1: WARNING: V(i2,c) voltage is greater than specified by vmax
OSDI(debug) n.xru178.nr1: WARNING: V(i1,c) voltage is greater than specified by vmax
OSDI(debug) n.xru178.nr1: WARNING: V(i2,c) voltage is greater than specified by vmax
OSDI(debug) n.xru177.nr1: WARNING: V(i1,c) voltage is greater than specified by vmax
OSDI(debug) n.xru177.nr1: WARNING: V(i2,c) voltage is greater than specified by vmax
OSDI(debug) n.xru176.nr1: WARNING: V(i1,c) voltage is greater than specified by vmax
OSDI(debug) n.xru176.nr1: WARNING: V(i2,c) voltage is greater than specified by vmax
OSDI(debug) n.xru175.nr1: WARNING: V(i1,c) voltage is greater than specified by vmax
OSDI(debug) n.xru175.nr1: WARNING: V(i2,c) voltage is greater than specified by vmax
OSDI(debug) n.xru174.nr1: WARNING: V(i1,c) voltage is greater than specified by vmax
OSDI(debug) n.xru174.nr1: WARNING: V(i2,c) voltage is greater than specified by vmax
OSDI(debug) n.xru173.nr1: WARNING: V(i1,c) voltage is greater than specified by vmax
OSDI(debug) n.xru173.nr1: WARNING: V(i2,c) voltage is greater than specified by vmax
OSDI(debug) n.xru172.nr1: WARNING: V(i1,c) voltage is greater than specified by vmax
OSDI(debug) n.xru172.nr1: WARNING: V(i2,c) voltage is greater than specified by vmax
OSDI(debug) n.xru171.nr1: WARNING: V(i1,c) voltage is greater than specified by vmax
OSDI(debug) n.xru171.nr1: WARNING: V(i2,c) voltage is greater than specified by vmax
OSDI(debug) n.xru170.nr1: WARNING: V(i1,c) voltage is greater than specified by vmax
OSDI(debug) n.xru170.nr1: WARNING: V(i2,c) voltage is greater than specified by vmax
OSDI(debug) n.xru169.nr1: WARNING: V(i1,c) voltage is greater than specified by vmax
OSDI(debug) n.xru169.nr1: WARNING: V(i2,c) voltage is greater than specified by vmax
OSDI(debug) n.xru168.nr1: WARNING: V(i1,c) voltage is greater than specified by vmax
OSDI(debug) n.xru168.nr1: WARNING: V(i2,c) voltage is greater than specified by vmax
OSDI(debug) n.xru167.nr1: WARNING: V(i1,c) voltage is greater than specified by vmax
OSDI(debug) n.xru167.nr1: WARNING: V(i2,c) voltage is greater than specified by vmax
OSDI(debug) n.xru166.nr1: WARNING: V(i1,c) voltage is greater than specified by vmax
OSDI(debug) n.xru166.nr1: WARNING: V(i2,c) voltage is greater than specified by vmax
OSDI(debug) n.xru165.nr1: WARNING: V(i1,c) voltage is greater than specified by vmax
OSDI(debug) n.xru165.nr1: WARNING: V(i2,c) voltage is greater than specified by vmax
OSDI(debug) n.xru164.nr1: WARNING: V(i1,c) voltage is greater than specified by vmax
OSDI(debug) n.xru164.nr1: WARNING: V(i2,c) voltage is greater than specified by vmax
OSDI(debug) n.xru163.nr1: WARNING: V(i1,c) voltage is greater than specified by vmax
OSDI(debug) n.xru163.nr1: WARNING: V(i2,c) voltage is greater than specified by vmax
OSDI(debug) n.xru162.nr1: WARNING: V(i1,c) voltage is greater than specified by vmax
OSDI(debug) n.xru162.nr1: WARNING: V(i2,c) voltage is greater than specified by vmax
OSDI(debug) n.xru161.nr1: WARNING: V(i1,c) voltage is greater than specified by vmax
OSDI(debug) n.xru161.nr1: WARNING: V(i2,c) voltage is greater than specified by vmax
OSDI(debug) n.xru160.nr1: WARNING: V(i1,c) voltage is greater than specified by vmax
OSDI(debug) n.xru160.nr1: WARNING: V(i2,c) voltage is greater than specified by vmax
OSDI(debug) n.xru159.nr1: WARNING: V(i1,c) voltage is greater than specified by vmax
OSDI(debug) n.xru159.nr1: WARNING: V(i2,c) voltage is greater than specified by vmax
OSDI(debug) n.xru158.nr1: WARNING: V(i1,c) voltage is greater than specified by vmax
OSDI(debug) n.xru158.nr1: WARNING: V(i2,c) voltage is greater than specified by vmax
OSDI(debug) n.xru157.nr1: WARNING: V(i1,c) voltage is greater than specified by vmax
OSDI(debug) n.xru157.nr1: WARNING: V(i2,c) voltage is greater than specified by vmax
OSDI(debug) n.xru156.nr1: WARNING: V(i1,c) voltage is greater than specified by vmax
OSDI(debug) n.xru156.nr1: WARNING: V(i2,c) voltage is greater than specified by vmax
OSDI(debug) n.xru155.nr1: WARNING: V(i1,c) voltage is greater than specified by vmax
OSDI(debug) n.xru155.nr1: WARNING: V(i2,c) voltage is greater than specified by vmax
OSDI(debug) n.xru154.nr1: WARNING: V(i1,c) voltage is greater than specified by vmax
OSDI(debug) n.xru154.nr1: WARNING: V(i2,c) voltage is greater than specified by vmax
OSDI(debug) n.xru153.nr1: WARNING: V(i1,c) voltage is greater than specified by vmax
OSDI(debug) n.xru153.nr1: WARNING: V(i2,c) voltage is greater than specified by vmax
OSDI(debug) n.xru152.nr1: WARNING: V(i1,c) voltage is greater than specified by vmax
OSDI(debug) n.xru152.nr1: WARNING: V(i2,c) voltage is greater than specified by vmax
OSDI(debug) n.xru151.nr1: WARNING: V(i1,c) voltage is greater than specified by vmax
OSDI(debug) n.xru151.nr1: WARNING: V(i2,c) voltage is greater than specified by vmax
OSDI(debug) n.xru150.nr1: WARNING: V(i1,c) voltage is greater than specified by vmax
OSDI(debug) n.xru150.nr1: WARNING: V(i2,c) voltage is greater than specified by vmax
OSDI(debug) n.xru149.nr1: WARNING: V(i1,c) voltage is greater than specified by vmax
OSDI(debug) n.xru149.nr1: WARNING: V(i2,c) voltage is greater than specified by vmax
OSDI(debug) n.xru148.nr1: WARNING: V(i1,c) voltage is greater than specified by vmax
OSDI(debug) n.xru148.nr1: WARNING: V(i2,c) voltage is greater than specified by vmax
OSDI(debug) n.xru147.nr1: WARNING: V(i1,c) voltage is greater than specified by vmax
OSDI(debug) n.xru147.nr1: WARNING: V(i2,c) voltage is greater than specified by vmax
OSDI(debug) n.xru146.nr1: WARNING: V(i1,c) voltage is greater than specified by vmax
OSDI(debug) n.xru146.nr1: WARNING: V(i2,c) voltage is greater than specified by vmax
OSDI(debug) n.xru145.nr1: WARNING: V(i1,c) voltage is greater than specified by vmax
OSDI(debug) n.xru145.nr1: WARNING: V(i2,c) voltage is greater than specified by vmax
OSDI(debug) n.xru144.nr1: WARNING: V(i1,c) voltage is greater than specified by vmax
OSDI(debug) n.xru144.nr1: WARNING: V(i2,c) voltage is greater than specified by vmax
OSDI(debug) n.xru143.nr1: WARNING: V(i1,c) voltage is greater than specified by vmax
OSDI(debug) n.xru143.nr1: WARNING: V(i2,c) voltage is greater than specified by vmax
OSDI(debug) n.xru142.nr1: WARNING: V(i1,c) voltage is greater than specified by vmax
OSDI(debug) n.xru142.nr1: WARNING: V(i2,c) voltage is greater than specified by vmax
OSDI(debug) n.xru141.nr1: WARNING: V(i1,c) voltage is greater than specified by vmax
OSDI(debug) n.xru141.nr1: WARNING: V(i2,c) voltage is greater than specified by vmax
OSDI(debug) n.xru140.nr1: WARNING: V(i1,c) voltage is greater than specified by vmax
OSDI(debug) n.xru140.nr1: WARNING: V(i2,c) voltage is greater than specified by vmax
OSDI(debug) n.xru139.nr1: WARNING: V(i1,c) voltage is greater than specified by vmax
OSDI(debug) n.xru139.nr1: WARNING: V(i2,c) voltage is greater than specified by vmax
OSDI(debug) n.xru138.nr1: WARNING: V(i1,c) voltage is greater than specified by vmax
OSDI(debug) n.xru138.nr1: WARNING: V(i2,c) voltage is greater than specified by vmax
OSDI(debug) n.xru137.nr1: WARNING: V(i1,c) voltage is greater than specified by vmax
OSDI(debug) n.xru137.nr1: WARNING: V(i2,c) voltage is greater than specified by vmax
OSDI(debug) n.xru136.nr1: WARNING: V(i1,c) voltage is greater than specified by vmax
OSDI(debug) n.xru136.nr1: WARNING: V(i2,c) voltage is greater than specified by vmax
OSDI(debug) n.xru135.nr1: WARNING: V(i1,c) voltage is greater than specified by vmax
OSDI(debug) n.xru135.nr1: WARNING: V(i2,c) voltage is greater than specified by vmax
OSDI(debug) n.xru134.nr1: WARNING: V(i1,c) voltage is greater than specified by vmax
OSDI(debug) n.xru134.nr1: WARNING: V(i2,c) voltage is greater than specified by vmax
OSDI(debug) n.xru133.nr1: WARNING: V(i1,c) voltage is greater than specified by vmax
OSDI(debug) n.xru133.nr1: WARNING: V(i2,c) voltage is greater than specified by vmax
OSDI(debug) n.xru132.nr1: WARNING: V(i1,c) voltage is greater than specified by vmax
OSDI(debug) n.xru132.nr1: WARNING: V(i2,c) voltage is greater than specified by vmax
OSDI(debug) n.xru131.nr1: WARNING: V(i1,c) voltage is greater than specified by vmax
OSDI(debug) n.xru131.nr1: WARNING: V(i2,c) voltage is greater than specified by vmax
OSDI(debug) n.xru130.nr1: WARNING: V(i1,c) voltage is greater than specified by vmax
OSDI(debug) n.xru130.nr1: WARNING: V(i2,c) voltage is greater than specified by vmax
OSDI(debug) n.xru129.nr1: WARNING: V(i1,c) voltage is greater than specified by vmax
OSDI(debug) n.xru129.nr1: WARNING: V(i2,c) voltage is greater than specified by vmax
OSDI(debug) n.xru128.nr1: WARNING: V(i1,c) voltage is greater than specified by vmax
OSDI(debug) n.xru128.nr1: WARNING: V(i2,c) voltage is greater than specified by vmax
OSDI(debug) n.xru127.nr1: WARNING: V(i1,c) voltage is greater than specified by vmax
OSDI(debug) n.xru127.nr1: WARNING: V(i2,c) voltage is greater than specified by vmax
OSDI(debug) n.xru126.nr1: WARNING: V(i1,c) voltage is greater than specified by vmax
OSDI(debug) n.xru126.nr1: WARNING: V(i2,c) voltage is greater than specified by vmax
OSDI(debug) n.xru125.nr1: WARNING: V(i1,c) voltage is greater than specified by vmax
OSDI(debug) n.xru125.nr1: WARNING: V(i2,c) voltage is greater than specified by vmax
OSDI(debug) n.xru124.nr1: WARNING: V(i1,c) voltage is greater than specified by vmax
OSDI(debug) n.xru124.nr1: WARNING: V(i2,c) voltage is greater than specified by vmax
OSDI(debug) n.xru123.nr1: WARNING: V(i1,c) voltage is greater than specified by vmax
OSDI(debug) n.xru123.nr1: WARNING: V(i2,c) voltage is greater than specified by vmax
OSDI(debug) n.xru122.nr1: WARNING: V(i1,c) voltage is greater than specified by vmax
OSDI(debug) n.xru122.nr1: WARNING: V(i2,c) voltage is greater than specified by vmax
OSDI(debug) n.xru121.nr1: WARNING: V(i1,c) voltage is greater than specified by vmax
OSDI(debug) n.xru121.nr1: WARNING: V(i2,c) voltage is greater than specified by vmax
OSDI(debug) n.xru120.nr1: WARNING: V(i1,c) voltage is greater than specified by vmax
OSDI(debug) n.xru120.nr1: WARNING: V(i2,c) voltage is greater than specified by vmax
OSDI(debug) n.xru119.nr1: WARNING: V(i1,c) voltage is greater than specified by vmax
OSDI(debug) n.xru119.nr1: WARNING: V(i2,c) voltage is greater than specified by vmax
OSDI(debug) n.xru118.nr1: WARNING: V(i1,c) voltage is greater than specified by vmax
OSDI(debug) n.xru118.nr1: WARNING: V(i2,c) voltage is greater than specified by vmax
OSDI(debug) n.xru117.nr1: WARNING: V(i1,c) voltage is greater than specified by vmax
OSDI(debug) n.xru117.nr1: WARNING: V(i2,c) voltage is greater than specified by vmax
OSDI(debug) n.xru116.nr1: WARNING: V(i1,c) voltage is greater than specified by vmax
OSDI(debug) n.xru116.nr1: WARNING: V(i2,c) voltage is greater than specified by vmax
OSDI(debug) n.xru115.nr1: WARNING: V(i1,c) voltage is greater than specified by vmax
OSDI(debug) n.xru115.nr1: WARNING: V(i2,c) voltage is greater than specified by vmax
OSDI(debug) n.xru114.nr1: WARNING: V(i1,c) voltage is greater than specified by vmax
OSDI(debug) n.xru114.nr1: WARNING: V(i2,c) voltage is greater than specified by vmax
OSDI(debug) n.xru113.nr1: WARNING: V(i1,c) voltage is greater than specified by vmax
OSDI(debug) n.xru113.nr1: WARNING: V(i2,c) voltage is greater than specified by vmax
OSDI(debug) n.xru112.nr1: WARNING: V(i1,c) voltage is greater than specified by vmax
OSDI(debug) n.xru112.nr1: WARNING: V(i2,c) voltage is greater than specified by vmax
OSDI(debug) n.xru111.nr1: WARNING: V(i1,c) voltage is greater than specified by vmax
OSDI(debug) n.xru111.nr1: WARNING: V(i2,c) voltage is greater than specified by vmax
OSDI(debug) n.xru110.nr1: WARNING: V(i1,c) voltage is greater than specified by vmax
OSDI(debug) n.xru110.nr1: WARNING: V(i2,c) voltage is greater than specified by vmax
OSDI(debug) n.xru109.nr1: WARNING: V(i1,c) voltage is greater than specified by vmax
OSDI(debug) n.xru109.nr1: WARNING: V(i2,c) voltage is greater than specified by vmax
OSDI(debug) n.xru108.nr1: WARNING: V(i1,c) voltage is greater than specified by vmax
OSDI(debug) n.xru108.nr1: WARNING: V(i2,c) voltage is greater than specified by vmax
OSDI(debug) n.xru107.nr1: WARNING: V(i1,c) voltage is greater than specified by vmax
OSDI(debug) n.xru107.nr1: WARNING: V(i2,c) voltage is greater than specified by vmax
OSDI(debug) n.xru106.nr1: WARNING: V(i1,c) voltage is greater than specified by vmax
OSDI(debug) n.xru106.nr1: WARNING: V(i2,c) voltage is greater than specified by vmax
OSDI(debug) n.xru105.nr1: WARNING: V(i1,c) voltage is greater than specified by vmax
OSDI(debug) n.xru105.nr1: WARNING: V(i2,c) voltage is greater than specified by vmax
OSDI(debug) n.xru104.nr1: WARNING: V(i1,c) voltage is greater than specified by vmax
OSDI(debug) n.xru104.nr1: WARNING: V(i2,c) voltage is greater than specified by vmax
OSDI(debug) n.xru103.nr1: WARNING: V(i1,c) voltage is greater than specified by vmax
OSDI(debug) n.xru103.nr1: WARNING: V(i2,c) voltage is greater than specified by vmax
OSDI(debug) n.xru102.nr1: WARNING: V(i1,c) voltage is greater than specified by vmax
OSDI(debug) n.xru102.nr1: WARNING: V(i2,c) voltage is greater than specified by vmax
OSDI(debug) n.xru101.nr1: WARNING: V(i1,c) voltage is greater than specified by vmax
OSDI(debug) n.xru101.nr1: WARNING: V(i2,c) voltage is greater than specified by vmax
OSDI(debug) n.xru100.nr1: WARNING: V(i1,c) voltage is greater than specified by vmax
OSDI(debug) n.xru100.nr1: WARNING: V(i2,c) voltage is greater than specified by vmax
OSDI(debug) n.xru91.nr1: WARNING: V(i1,c) voltage is greater than specified by vmax
OSDI(debug) n.xru91.nr1: WARNING: V(i2,c) voltage is greater than specified by vmax
OSDI(debug) n.xru90.nr1: WARNING: V(i1,c) voltage is greater than specified by vmax
OSDI(debug) n.xru90.nr1: WARNING: V(i2,c) voltage is greater than specified by vmax
OSDI(debug) n.xru89.nr1: WARNING: V(i1,c) voltage is greater than specified by vmax
OSDI(debug) n.xru89.nr1: WARNING: V(i2,c) voltage is greater than specified by vmax
OSDI(debug) n.xru88.nr1: WARNING: V(i1,c) voltage is greater than specified by vmax
OSDI(debug) n.xru88.nr1: WARNING: V(i2,c) voltage is greater than specified by vmax
OSDI(debug) n.xru87.nr1: WARNING: V(i1,c) voltage is greater than specified by vmax
OSDI(debug) n.xru87.nr1: WARNING: V(i2,c) voltage is greater than specified by vmax
OSDI(debug) n.xru86.nr1: WARNING: V(i1,c) voltage is greater than specified by vmax
OSDI(debug) n.xru86.nr1: WARNING: V(i2,c) voltage is greater than specified by vmax
OSDI(debug) n.xru85.nr1: WARNING: V(i1,c) voltage is greater than specified by vmax
OSDI(debug) n.xru85.nr1: WARNING: V(i2,c) voltage is greater than specified by vmax
OSDI(debug) n.xru254.nr1: WARNING: V(i1,c) voltage is greater than specified by vmax
OSDI(debug) n.xru254.nr1: WARNING: V(i2,c) voltage is greater than specified by vmax
OSDI(debug) n.xru83.nr1: WARNING: V(i1,c) voltage is greater than specified by vmax
OSDI(debug) n.xru83.nr1: WARNING: V(i2,c) voltage is greater than specified by vmax
OSDI(debug) n.xru82.nr1: WARNING: V(i1,c) voltage is greater than specified by vmax
OSDI(debug) n.xru82.nr1: WARNING: V(i2,c) voltage is greater than specified by vmax
OSDI(debug) n.xru81.nr1: WARNING: V(i1,c) voltage is greater than specified by vmax
OSDI(debug) n.xru81.nr1: WARNING: V(i2,c) voltage is greater than specified by vmax
OSDI(debug) n.xru80.nr1: WARNING: V(i1,c) voltage is greater than specified by vmax
OSDI(debug) n.xru80.nr1: WARNING: V(i2,c) voltage is greater than specified by vmax
OSDI(debug) n.xru79.nr1: WARNING: V(i1,c) voltage is greater than specified by vmax
OSDI(debug) n.xru79.nr1: WARNING: V(i2,c) voltage is greater than specified by vmax
OSDI(debug) n.xru78.nr1: WARNING: V(i1,c) voltage is greater than specified by vmax
OSDI(debug) n.xru78.nr1: WARNING: V(i2,c) voltage is greater than specified by vmax
OSDI(debug) n.xru77.nr1: WARNING: V(i1,c) voltage is greater than specified by vmax
OSDI(debug) n.xru77.nr1: WARNING: V(i2,c) voltage is greater than specified by vmax
OSDI(debug) n.xru76.nr1: WARNING: V(i1,c) voltage is greater than specified by vmax
OSDI(debug) n.xru76.nr1: WARNING: V(i2,c) voltage is greater than specified by vmax
OSDI(debug) n.xru75.nr1: WARNING: V(i1,c) voltage is greater than specified by vmax
OSDI(debug) n.xru75.nr1: WARNING: V(i2,c) voltage is greater than specified by vmax
OSDI(debug) n.xru74.nr1: WARNING: V(i1,c) voltage is greater than specified by vmax
OSDI(debug) n.xru74.nr1: WARNING: V(i2,c) voltage is greater than specified by vmax
OSDI(debug) n.xru73.nr1: WARNING: V(i1,c) voltage is greater than specified by vmax
OSDI(debug) n.xru73.nr1: WARNING: V(i2,c) voltage is greater than specified by vmax
OSDI(debug) n.xru72.nr1: WARNING: V(i1,c) voltage is greater than specified by vmax
OSDI(debug) n.xru72.nr1: WARNING: V(i2,c) voltage is greater than specified by vmax
OSDI(debug) n.xru71.nr1: WARNING: V(i1,c) voltage is greater than specified by vmax
OSDI(debug) n.xru71.nr1: WARNING: V(i2,c) voltage is greater than specified by vmax
OSDI(debug) n.xru70.nr1: WARNING: V(i1,c) voltage is greater than specified by vmax
OSDI(debug) n.xru70.nr1: WARNING: V(i2,c) voltage is greater than specified by vmax
OSDI(debug) n.xru69.nr1: WARNING: V(i1,c) voltage is greater than specified by vmax
OSDI(debug) n.xru69.nr1: WARNING: V(i2,c) voltage is greater than specified by vmax
OSDI(debug) n.xru68.nr1: WARNING: V(i1,c) voltage is greater than specified by vmax
OSDI(debug) n.xru68.nr1: WARNING: V(i2,c) voltage is greater than specified by vmax
OSDI(debug) n.xru67.nr1: WARNING: V(i1,c) voltage is greater than specified by vmax
OSDI(debug) n.xru67.nr1: WARNING: V(i2,c) voltage is greater than specified by vmax
OSDI(debug) n.xru66.nr1: WARNING: V(i1,c) voltage is greater than specified by vmax
OSDI(debug) n.xru66.nr1: WARNING: V(i2,c) voltage is greater than specified by vmax
OSDI(debug) n.xru65.nr1: WARNING: V(i1,c) voltage is greater than specified by vmax
OSDI(debug) n.xru65.nr1: WARNING: V(i2,c) voltage is greater than specified by vmax
OSDI(debug) n.xru64.nr1: WARNING: V(i1,c) voltage is greater than specified by vmax
OSDI(debug) n.xru64.nr1: WARNING: V(i2,c) voltage is greater than specified by vmax
OSDI(debug) n.xru63.nr1: WARNING: V(i1,c) voltage is greater than specified by vmax
OSDI(debug) n.xru63.nr1: WARNING: V(i2,c) voltage is greater than specified by vmax
OSDI(debug) n.xru62.nr1: WARNING: V(i1,c) voltage is greater than specified by vmax
OSDI(debug) n.xru62.nr1: WARNING: V(i2,c) voltage is greater than specified by vmax
OSDI(debug) n.xru61.nr1: WARNING: V(i1,c) voltage is greater than specified by vmax
OSDI(debug) n.xru61.nr1: WARNING: V(i2,c) voltage is greater than specified by vmax
OSDI(debug) n.xru60.nr1: WARNING: V(i1,c) voltage is greater than specified by vmax
OSDI(debug) n.xru60.nr1: WARNING: V(i2,c) voltage is greater than specified by vmax
OSDI(debug) n.xru59.nr1: WARNING: V(i1,c) voltage is greater than specified by vmax
OSDI(debug) n.xru59.nr1: WARNING: V(i2,c) voltage is greater than specified by vmax
OSDI(debug) n.xru58.nr1: WARNING: V(i1,c) voltage is greater than specified by vmax
OSDI(debug) n.xru58.nr1: WARNING: V(i2,c) voltage is greater than specified by vmax
OSDI(debug) n.xru57.nr1: WARNING: V(i1,c) voltage is greater than specified by vmax
OSDI(debug) n.xru57.nr1: WARNING: V(i2,c) voltage is greater than specified by vmax
OSDI(debug) n.xru56.nr1: WARNING: V(i1,c) voltage is greater than specified by vmax
OSDI(debug) n.xru56.nr1: WARNING: V(i2,c) voltage is greater than specified by vmax
OSDI(debug) n.xru55.nr1: WARNING: V(i1,c) voltage is greater than specified by vmax
OSDI(debug) n.xru55.nr1: WARNING: V(i2,c) voltage is greater than specified by vmax
OSDI(debug) n.xru54.nr1: WARNING: V(i1,c) voltage is greater than specified by vmax
OSDI(debug) n.xru54.nr1: WARNING: V(i2,c) voltage is greater than specified by vmax
OSDI(debug) n.xru53.nr1: WARNING: V(i1,c) voltage is greater than specified by vmax
OSDI(debug) n.xru53.nr1: WARNING: V(i2,c) voltage is greater than specified by vmax
OSDI(debug) n.xru52.nr1: WARNING: V(i1,c) voltage is greater than specified by vmax
OSDI(debug) n.xru52.nr1: WARNING: V(i2,c) voltage is greater than specified by vmax
OSDI(debug) n.xru51.nr1: WARNING: V(i1,c) voltage is greater than specified by vmax
OSDI(debug) n.xru51.nr1: WARNING: V(i2,c) voltage is greater than specified by vmax
OSDI(debug) n.xru50.nr1: WARNING: V(i1,c) voltage is greater than specified by vmax
OSDI(debug) n.xru50.nr1: WARNING: V(i2,c) voltage is greater than specified by vmax
OSDI(debug) n.xru49.nr1: WARNING: V(i1,c) voltage is greater than specified by vmax
OSDI(debug) n.xru49.nr1: WARNING: V(i2,c) voltage is greater than specified by vmax
OSDI(debug) n.xru48.nr1: WARNING: V(i1,c) voltage is greater than specified by vmax
OSDI(debug) n.xru48.nr1: WARNING: V(i2,c) voltage is greater than specified by vmax
OSDI(debug) n.xru47.nr1: WARNING: V(i1,c) voltage is greater than specified by vmax
OSDI(debug) n.xru47.nr1: WARNING: V(i2,c) voltage is greater than specified by vmax
OSDI(debug) n.xru46.nr1: WARNING: V(i1,c) voltage is greater than specified by vmax
OSDI(debug) n.xru46.nr1: WARNING: V(i2,c) voltage is greater than specified by vmax
OSDI(debug) n.xru45.nr1: WARNING: V(i1,c) voltage is greater than specified by vmax
OSDI(debug) n.xru45.nr1: WARNING: V(i2,c) voltage is greater than specified by vmax
OSDI(debug) n.xru44.nr1: WARNING: V(i1,c) voltage is greater than specified by vmax
OSDI(debug) n.xru44.nr1: WARNING: V(i2,c) voltage is greater than specified by vmax
OSDI(debug) n.xru43.nr1: WARNING: V(i1,c) voltage is greater than specified by vmax
OSDI(debug) n.xru43.nr1: WARNING: V(i2,c) voltage is greater than specified by vmax
OSDI(debug) n.xru42.nr1: WARNING: V(i1,c) voltage is greater than specified by vmax
OSDI(debug) n.xru42.nr1: WARNING: V(i2,c) voltage is greater than specified by vmax
OSDI(debug) n.xru41.nr1: WARNING: V(i1,c) voltage is greater than specified by vmax
OSDI(debug) n.xru41.nr1: WARNING: V(i2,c) voltage is greater than specified by vmax
OSDI(debug) n.xru40.nr1: WARNING: V(i1,c) voltage is greater than specified by vmax
OSDI(debug) n.xru40.nr1: WARNING: V(i2,c) voltage is greater than specified by vmax
OSDI(debug) n.xru39.nr1: WARNING: V(i1,c) voltage is greater than specified by vmax
OSDI(debug) n.xru39.nr1: WARNING: V(i2,c) voltage is greater than specified by vmax
OSDI(debug) n.xru38.nr1: WARNING: V(i1,c) voltage is greater than specified by vmax
OSDI(debug) n.xru38.nr1: WARNING: V(i2,c) voltage is greater than specified by vmax
OSDI(debug) n.xru37.nr1: WARNING: V(i1,c) voltage is greater than specified by vmax
OSDI(debug) n.xru37.nr1: WARNING: V(i2,c) voltage is greater than specified by vmax
OSDI(debug) n.xru36.nr1: WARNING: V(i1,c) voltage is greater than specified by vmax
OSDI(debug) n.xru36.nr1: WARNING: V(i2,c) voltage is greater than specified by vmax
OSDI(debug) n.xru35.nr1: WARNING: V(i1,c) voltage is greater than specified by vmax
OSDI(debug) n.xru35.nr1: WARNING: V(i2,c) voltage is greater than specified by vmax
OSDI(debug) n.xru34.nr1: WARNING: V(i1,c) voltage is greater than specified by vmax
OSDI(debug) n.xru34.nr1: WARNING: V(i2,c) voltage is greater than specified by vmax
OSDI(debug) n.xru33.nr1: WARNING: V(i1,c) voltage is greater than specified by vmax
OSDI(debug) n.xru33.nr1: WARNING: V(i2,c) voltage is greater than specified by vmax
OSDI(debug) n.xru32.nr1: WARNING: V(i1,c) voltage is greater than specified by vmax
OSDI(debug) n.xru32.nr1: WARNING: V(i2,c) voltage is greater than specified by vmax
OSDI(debug) n.xru31.nr1: WARNING: V(i1,c) voltage is greater than specified by vmax
OSDI(debug) n.xru31.nr1: WARNING: V(i2,c) voltage is greater than specified by vmax
OSDI(debug) n.xru30.nr1: WARNING: V(i1,c) voltage is greater than specified by vmax
OSDI(debug) n.xru30.nr1: WARNING: V(i2,c) voltage is greater than specified by vmax
OSDI(debug) n.xru29.nr1: WARNING: V(i1,c) voltage is greater than specified by vmax
OSDI(debug) n.xru29.nr1: WARNING: V(i2,c) voltage is greater than specified by vmax
OSDI(debug) n.xru28.nr1: WARNING: V(i1,c) voltage is greater than specified by vmax
OSDI(debug) n.xru28.nr1: WARNING: V(i2,c) voltage is greater than specified by vmax
OSDI(debug) n.xru27.nr1: WARNING: V(i1,c) voltage is greater than specified by vmax
OSDI(debug) n.xru27.nr1: WARNING: V(i2,c) voltage is greater than specified by vmax
OSDI(debug) n.xru249.nr1: WARNING: V(i1,c) voltage is greater than specified by vmax
OSDI(debug) n.xru249.nr1: WARNING: V(i2,c) voltage is greater than specified by vmax
OSDI(debug) n.xru25.nr1: WARNING: V(i1,c) voltage is greater than specified by vmax
OSDI(debug) n.xru25.nr1: WARNING: V(i2,c) voltage is greater than specified by vmax
OSDI(debug) n.xru24.nr1: WARNING: V(i1,c) voltage is greater than specified by vmax
OSDI(debug) n.xru24.nr1: WARNING: V(i2,c) voltage is greater than specified by vmax
OSDI(debug) n.xru23.nr1: WARNING: V(i1,c) voltage is greater than specified by vmax
OSDI(debug) n.xru23.nr1: WARNING: V(i2,c) voltage is greater than specified by vmax
OSDI(debug) n.xru22.nr1: WARNING: V(i1,c) voltage is greater than specified by vmax
OSDI(debug) n.xru22.nr1: WARNING: V(i2,c) voltage is greater than specified by vmax
OSDI(debug) n.xru21.nr1: WARNING: V(i1,c) voltage is greater than specified by vmax
OSDI(debug) n.xru21.nr1: WARNING: V(i2,c) voltage is greater than specified by vmax
OSDI(debug) n.xru20.nr1: WARNING: V(i1,c) voltage is greater than specified by vmax
OSDI(debug) n.xru20.nr1: WARNING: V(i2,c) voltage is greater than specified by vmax
OSDI(debug) n.xru19.nr1: WARNING: V(i1,c) voltage is greater than specified by vmax
OSDI(debug) n.xru19.nr1: WARNING: V(i2,c) voltage is greater than specified by vmax
OSDI(debug) n.xru18.nr1: WARNING: V(i1,c) voltage is greater than specified by vmax
OSDI(debug) n.xru18.nr1: WARNING: V(i2,c) voltage is greater than specified by vmax
OSDI(debug) n.xru17.nr1: WARNING: V(i1,c) voltage is greater than specified by vmax
OSDI(debug) n.xru17.nr1: WARNING: V(i2,c) voltage is greater than specified by vmax
OSDI(debug) n.xru16.nr1: WARNING: V(i1,c) voltage is greater than specified by vmax
OSDI(debug) n.xru16.nr1: WARNING: V(i2,c) voltage is greater than specified by vmax
OSDI(debug) n.xru15.nr1: WARNING: V(i1,c) voltage is greater than specified by vmax
OSDI(debug) n.xru15.nr1: WARNING: V(i2,c) voltage is greater than specified by vmax
OSDI(debug) n.xru14.nr1: WARNING: V(i1,c) voltage is greater than specified by vmax
OSDI(debug) n.xru14.nr1: WARNING: V(i2,c) voltage is greater than specified by vmax
OSDI(debug) n.xru13.nr1: WARNING: V(i1,c) voltage is greater than specified by vmax
OSDI(debug) n.xru13.nr1: WARNING: V(i2,c) voltage is greater than specified by vmax
OSDI(debug) n.xru12.nr1: WARNING: V(i1,c) voltage is greater than specified by vmax
OSDI(debug) n.xru12.nr1: WARNING: V(i2,c) voltage is greater than specified by vmax
OSDI(debug) n.xru11.nr1: WARNING: V(i1,c) voltage is greater than specified by vmax
OSDI(debug) n.xru11.nr1: WARNING: V(i2,c) voltage is greater than specified by vmax
OSDI(debug) n.xru10.nr1: WARNING: V(i1,c) voltage is greater than specified by vmax
OSDI(debug) n.xru10.nr1: WARNING: V(i2,c) voltage is greater than specified by vmax
OSDI(debug) n.xru9.nr1: WARNING: V(i1,c) voltage is greater than specified by vmax
OSDI(debug) n.xru9.nr1: WARNING: V(i2,c) voltage is greater than specified by vmax
OSDI(debug) n.xru8.nr1: WARNING: V(i1,c) voltage is greater than specified by vmax
OSDI(debug) n.xru8.nr1: WARNING: V(i2,c) voltage is greater than specified by vmax
OSDI(debug) n.xru7.nr1: WARNING: V(i1,c) voltage is greater than specified by vmax
OSDI(debug) n.xru7.nr1: WARNING: V(i2,c) voltage is greater than specified by vmax
OSDI(debug) n.xru6.nr1: WARNING: V(i1,c) voltage is greater than specified by vmax
OSDI(debug) n.xru6.nr1: WARNING: V(i2,c) voltage is greater than specified by vmax
OSDI(debug) n.xru5.nr1: WARNING: V(i1,c) voltage is greater than specified by vmax
OSDI(debug) n.xru5.nr1: WARNING: V(i2,c) voltage is greater than specified by vmax
OSDI(debug) n.xru4.nr1: WARNING: V(i1,c) voltage is greater than specified by vmax
OSDI(debug) n.xru4.nr1: WARNING: V(i2,c) voltage is greater than specified by vmax
OSDI(debug) n.xru3.nr1: WARNING: V(i1,c) voltage is greater than specified by vmax
OSDI(debug) n.xru3.nr1: WARNING: V(i2,c) voltage is greater than specified by vmax
OSDI(debug) n.xru2.nr1: WARNING: V(i1,c) voltage is greater than specified by vmax
OSDI(debug) n.xru2.nr1: WARNING: V(i2,c) voltage is greater than specified by vmax
OSDI(debug) n.xru1.nr1: WARNING: V(i1,c) voltage is greater than specified by vmax
OSDI(debug) n.xru1.nr1: WARNING: V(i2,c) voltage is greater than specified by vmax
OSDI(debug) n.xr1.nr1: WARNING: V(i1,c) voltage is greater than specified by vmax
OSDI(debug) n.xr1.nr1: WARNING: V(i2,c) voltage is greater than specified by vmax
WARNING: V(i1,c) voltage is greater than specified by vmax
OSDI(debug) n.xru250.nr1: WARNING: V(i2,c) voltage is greater than specified by vmax
WARNING: V(i1,c) voltage is greater than specified by vmax
OSDI(debug) n.xru255.nr1: WARNING: V(i2,c) voltage is greater than specified by vmax
WARNING: V(i1,c) voltage is greater than specified by vmax
OSDI(debug) n.xru253.nr1: WARNING: V(i2,c) voltage is greater than specified by vmax
WARNING: V(i1,c) voltage is greater than specified by vmax
OSDI(debug) n.xru252.nr1: WARNING: V(i2,c) voltage is greater than specified by vmax
OSDI(debug) n.xru248.nr1: WARNING: V(i1,c) voltage is greater than specified by vmax
OSDI(debug) n.xru248.nr1: WARNING: V(i2,c) voltage is greater than specified by vmax
OSDI(debug) n.xru84.nr1: WARNING: V(i1,c) voltage is greater than specified by vmax
OSDI(debug) n.xru84.nr1: WARNING: V(i2,c) voltage is greater than specified by vmax
OSDI(debug) n.xru26.nr1: WARNING: V(i1,c) voltage is greater than specified by vmax
OSDI(debug) n.xru26.nr1: WARNING: V(i2,c) voltage is greater than specified by vmax
OSDI(debug) n.xru255.nr1: WARNING: V(i1,c) voltage is greater than specified by vmax
OSDI(debug) n.xru253.nr1: WARNING: V(i1,c) voltage is greater than specified by vmax
OSDI(debug) n.xru251.nr1: WARNING: V(i1,c) voltage is greater than specified by vmax
OSDI(debug) n.xru254.nr1: OSDI(debug) n.xru255.nr1: OSDI(debug) n.xru251.nr1: WARNING: V(i2,c) voltage is greater than specified by vmax
WARNING: V(i1,c) voltage is greater than specified by vmax
OSDI(debug) n.xru254.nr1: WARNING: V(i2,c) voltage is greater than specified by vmax
OSDI(debug) n.xru248.nr1: WARNING: V(i1,c) voltage is greater than specified by vmax
OSDI(debug) n.xru247.nr1: WARNING: V(i1,c) voltage is greater than specified by vmax
OSDI(debug) n.xru249.nr1: WARNING: V(i2,c) voltage is greater than specified by vmax
WARNING: V(i1,c) voltage is greater than specified by vmax
OSDI(debug) n.xru249.nr1: OSDI(debug) n.xru250.nr1: WARNING: V(i2,c) voltage is greater than specified by vmax
WARNING: V(i1,c) voltage is greater than specified by vmax
OSDI(debug) n.xru245.nr1: OSDI(debug) n.xru247.nr1: OSDI(debug) n.xru250.nr1: WARNING: V(i1,c) voltage is greater than specified by vmax
OSDI(debug) n.xru244.nr1: OSDI(debug) n.xru246.nr1: OSDI(debug) n.xru245.nr1: OSDI(debug) n.xru253.nr1: WARNING: V(i2,c) voltage is greater than specified by vmax
WARNING: V(i2,c) voltage is greater than specified by vmax
OSDI(debug) n.xru252.nr1: OSDI(debug) n.xru243.nr1: WARNING: V(i2,c) voltage is greater than specified by vmax
WARNING: V(i1,c) voltage is greater than specified by vmax
OSDI(debug) n.xru241.nr1: OSDI(debug) n.xru248.nr1: WARNING: V(i2,c) voltage is greater than specified by vmax
WARNING: V(i2,c) voltage is greater than specified by vmax
WARNING: V(i1,c) voltage is greater than specified by vmax
OSDI(debug) n.xru239.nr1: OSDI(debug) n.xru242.nr1: OSDI(debug) n.xru246.nr1: WARNING: V(i1,c) voltage is greater than specified by vmax
OSDI(debug) n.xru252.nr1: OSDI(debug) n.xru241.nr1: WARNING: V(i2,c) voltage is greater than specified by vmax
WARNING: V(i2,c) voltage is greater than specified by vmax
OSDI(debug) n.xru240.nr1: OSDI(debug) n.xru237.nr1: WARNING: V(i1,c) voltage is greater than specified by vmax
OSDI(debug) n.xru237.nr1: WARNING: V(i1,c) voltage is greater than specified by vmax
OSDI(debug) n.xru244.nr1: WARNING: V(i2,c) voltage is greater than specified by vmax
WARNING: V(i2,c) voltage is greater than specified by vmax
OSDI(debug) n.xru235.nr1: WARNING: V(i1,c) voltage is greater than specified by vmax
OSDI(debug) n.xru238.nr1: WARNING: V(i2,c) voltage is greater than specified by vmax
OSDI(debug) n.xru234.nr1: WARNING: V(i1,c) voltage is greater than specified by vmax
OSDI(debug) n.xru234.nr1: WARNING: V(i2,c) voltage is greater than specified by vmax
OSDI(debug) n.xru236.nr1: WARNING: V(i1,c) voltage is greater than specified by vmax
OSDI(debug) n.xru243.nr1: WARNING: V(i1,c) voltage is greater than specified by vmax
WARNING: V(i1,c) voltage is greater than specified by vmax
WARNING: V(i1,c) voltage is greater than specified by vmax
OSDI(debug) n.xru233.nr1: OSDI(debug) n.xru236.nr1: WARNING: V(i1,c) voltage is greater than specified by vmax
OSDI(debug) n.xru235.nr1: OSDI(debug) n.xru233.nr1: WARNING: V(i2,c) voltage is greater than specified by vmax
WARNING: V(i2,c) voltage is greater than specified by vmax
OSDI(debug) n.xru231.nr1: WARNING: V(i1,c) voltage is greater than specified by vmax
OSDI(debug) n.xru238.nr1: OSDI(debug) n.xru239.nr1: WARNING: V(i2,c) voltage is greater than specified by vmax
OSDI(debug) n.xru232.nr1: WARNING: V(i1,c) voltage is greater than specified by vmax
OSDI(debug) n.xru232.nr1: WARNING: V(i2,c) voltage is greater than specified by vmax
WARNING: V(i2,c) voltage is greater than specified by vmax
WARNING: V(i2,c) voltage is greater than specified by vmax
OSDI(debug) n.xru228.nr1: OSDI(debug) n.xru227.nr1: WARNING: V(i1,c) voltage is greater than specified by vmax
OSDI(debug) n.xru229.nr1: OSDI(debug) n.xru231.nr1: WARNING: V(i1,c) voltage is greater than specified by vmax
WARNING: V(i1,c) voltage is greater than specified by vmax
OSDI(debug) n.xru229.nr1: WARNING: V(i2,c) voltage is greater than specified by vmax
WARNING: V(i2,c) voltage is greater than specified by vmax
OSDI(debug) n.xru227.nr1: OSDI(debug) n.xru226.nr1: WARNING: V(i2,c) voltage is greater than specified by vmax
WARNING: V(i1,c) voltage is greater than specified by vmax
OSDI(debug) n.xru230.nr1: OSDI(debug) n.xru225.nr1: OSDI(debug) n.xru228.nr1: WARNING: V(i2,c) voltage is greater than specified by vmax
OSDI(debug) n.xru226.nr1: OSDI(debug) n.xru224.nr1: WARNING: V(i2,c) voltage is greater than specified by vmax
WARNING: V(i1,c) voltage is greater than specified by vmax
WARNING: V(i1,c) voltage is greater than specified by vmax
OSDI(debug) n.xru230.nr1: WARNING: V(i2,c) voltage is greater than specified by vmax
WARNING: V(i1,c) voltage is greater than specified by vmax
OSDI(debug) n.xru222.nr1: OSDI(debug) n.xru224.nr1: OSDI(debug) n.xru221.nr1: OSDI(debug) n.xru223.nr1: WARNING: V(i2,c) voltage is greater than specified by vmax
WARNING: V(i1,c) voltage is greater than specified by vmax
WARNING: V(i1,c) voltage is greater than specified by vmax
WARNING: V(i1,c) voltage is greater than specified by vmax
WARNING: V(i1,c) voltage is greater than specified by vmax
OSDI(debug) n.xru220.nr1: OSDI(debug) n.xru221.nr1: WARNING: V(i2,c) voltage is greater than specified by vmax
OSDI(debug) n.xru225.nr1: OSDI(debug) n.xru240.nr1: OSDI(debug) n.xru222.nr1: OSDI(debug) n.xru223.nr1: WARNING: V(i2,c) voltage is greater than specified by vmax
WARNING: V(i2,c) voltage is greater than specified by vmax
WARNING: V(i2,c) voltage is greater than specified by vmax
OSDI(debug) n.xru218.nr1: WARNING: V(i1,c) voltage is greater than specified by vmax
OSDI(debug) n.xru218.nr1: WARNING: V(i2,c) voltage is greater than specified by vmax
OSDI(debug) n.xru216.nr1: WARNING: V(i1,c) voltage is greater than specified by vmax
OSDI(debug) n.xru216.nr1: WARNING: V(i2,c) voltage is greater than specified by vmax
OSDI(debug) n.xru214.nr1: OSDI(debug) n.xru219.nr1: WARNING: V(i1,c) voltage is greater than specified by vmax
WARNING: V(i1,c) voltage is greater than specified by vmax
WARNING: V(i2,c) voltage is greater than specified by vmax
OSDI(debug) n.xru219.nr1: WARNING: V(i2,c) voltage is greater than specified by vmax
OSDI(debug) n.xru215.nr1: OSDI(debug) n.xru213.nr1: OSDI(debug) n.xru212.nr1: OSDI(debug) n.xru217.nr1: WARNING: V(i1,c) voltage is greater than specified by vmax
WARNING: V(i1,c) voltage is greater than specified by vmax
OSDI(debug) n.xru212.nr1: WARNING: V(i1,c) voltage is greater than specified by vmax
WARNING: V(i2,c) voltage is greater than specified by vmax
OSDI(debug) n.xru214.nr1: WARNING: V(i1,c) voltage is greater than specified by vmax
OSDI(debug) n.xru217.nr1: OSDI(debug) n.xru213.nr1: WARNING: V(i2,c) voltage is greater than specified by vmax
OSDI(debug) n.xru211.nr1: WARNING: V(i2,c) voltage is greater than specified by vmax
OSDI(debug) n.xru210.nr1: WARNING: V(i1,c) voltage is greater than specified by vmax
WARNING: V(i1,c) voltage is greater than specified by vmax
WARNING: V(i1,c) voltage is greater than specified by vmax
OSDI(debug) n.xru211.nr1: WARNING: V(i2,c) voltage is greater than specified by vmax
OSDI(debug) n.xru209.nr1: OSDI(debug) n.xru208.nr1: WARNING: V(i1,c) voltage is greater than specified by vmax
WARNING: V(i1,c) voltage is greater than specified by vmax
WARNING: V(i2,c) voltage is greater than specified by vmax
OSDI(debug) n.xru210.nr1: OSDI(debug) n.xru207.nr1: WARNING: V(i2,c) voltage is greater than specified by vmax
OSDI(debug) n.xru215.nr1: OSDI(debug) n.xru208.nr1: WARNING: V(i2,c) voltage is greater than specified by vmax
OSDI(debug) n.xru220.nr1: WARNING: V(i1,c) voltage is greater than specified by vmax
WARNING: V(i2,c) voltage is greater than specified by vmax
WARNING: V(i2,c) voltage is greater than specified by vmax
OSDI(debug) n.xru204.nr1: WARNING: V(i1,c) voltage is greater than specified by vmax
OSDI(debug) n.xru203.nr1: WARNING: V(i1,c) voltage is greater than specified by vmax
OSDI(debug) n.xru204.nr1: WARNING: V(i2,c) voltage is greater than specified by vmax
OSDI(debug) n.xru206.nr1: OSDI(debug) n.xru209.nr1: OSDI(debug) n.xru202.nr1: WARNING: V(i1,c) voltage is greater than specified by vmax
OSDI(debug) n.xru203.nr1: OSDI(debug) n.xru207.nr1: OSDI(debug) n.xru206.nr1: WARNING: V(i2,c) voltage is greater than specified by vmax
OSDI(debug) n.xru205.nr1: WARNING: V(i1,c) voltage is greater than specified by vmax
WARNING: V(i1,c) voltage is greater than specified by vmax
OSDI(debug) n.xru202.nr1: WARNING: V(i2,c) voltage is greater than specified by vmax
OSDI(debug) n.xru205.nr1: OSDI(debug) n.xru201.nr1: WARNING: V(i2,c) voltage is greater than specified by vmax
WARNING: V(i2,c) voltage is greater than specified by vmax
OSDI(debug) n.xru199.nr1: WARNING: V(i1,c) voltage is greater than specified by vmax
OSDI(debug) n.xru198.nr1: WARNING: V(i1,c) voltage is greater than specified by vmax
OSDI(debug) n.xru198.nr1: WARNING: V(i2,c) voltage is greater than specified by vmax
WARNING: V(i2,c) voltage is greater than specified by vmax
OSDI(debug) n.xru197.nr1: WARNING: V(i1,c) voltage is greater than specified by vmax
OSDI(debug) n.xru200.nr1: OSDI(debug) n.xru197.nr1: OSDI(debug) n.xru196.nr1: OSDI(debug) n.xru199.nr1: WARNING: V(i1,c) voltage is greater than specified by vmax
WARNING: V(i1,c) voltage is greater than specified by vmax
WARNING: V(i2,c) voltage is greater than specified by vmax
WARNING: V(i2,c) voltage is greater than specified by vmax
OSDI(debug) n.xru195.nr1: WARNING: V(i2,c) voltage is greater than specified by vmax
OSDI(debug) n.xru200.nr1: WARNING: V(i1,c) voltage is greater than specified by vmax
OSDI(debug) n.xru193.nr1: OSDI(debug) n.xru194.nr1: OSDI(debug) n.xru201.nr1: WARNING: V(i1,c) voltage is greater than specified by vmax
OSDI(debug) n.xru196.nr1: OSDI(debug) n.xru193.nr1: WARNING: V(i2,c) voltage is greater than specified by vmax
WARNING: V(i2,c) voltage is greater than specified by vmax
OSDI(debug) n.xru192.nr1: WARNING: V(i1,c) voltage is greater than specified by vmax
OSDI(debug) n.xru191.nr1: OSDI(debug) n.xru192.nr1: WARNING: V(i1,c) voltage is greater than specified by vmax
WARNING: V(i2,c) voltage is greater than specified by vmax
OSDI(debug) n.xru191.nr1: WARNING: V(i2,c) voltage is greater than specified by vmax
WARNING: V(i2,c) voltage is greater than specified by vmax
OSDI(debug) n.xru189.nr1: WARNING: V(i1,c) voltage is greater than specified by vmax
OSDI(debug) n.xru188.nr1: WARNING: V(i1,c) voltage is greater than specified by vmax
WARNING: V(i1,c) voltage is greater than specified by vmax
OSDI(debug) n.xru194.nr1: WARNING: V(i2,c) voltage is greater than specified by vmax
WARNING: V(i2,c) voltage is greater than specified by vmax
WARNING: V(i1,c) voltage is greater than specified by vmax
OSDI(debug) n.xru242.nr1: WARNING: V(i2,c) voltage is greater than specified by vmax
WARNING: V(i1,c) voltage is greater than specified by vmax
OSDI(debug) n.xru188.nr1: WARNING: V(i2,c) voltage is greater than specified by vmax
OSDI(debug) n.xru184.nr1: WARNING: V(i1,c) voltage is greater than specified by vmax
OSDI(debug) n.xru187.nr1: OSDI(debug) n.xru184.nr1: WARNING: V(i2,c) voltage is greater than specified by vmax
OSDI(debug) n.xru183.nr1: WARNING: V(i1,c) voltage is greater than specified by vmax
OSDI(debug) n.xru183.nr1: WARNING: V(i2,c) voltage is greater than specified by vmax
OSDI(debug) n.xru195.nr1: OSDI(debug) n.xru182.nr1: WARNING: V(i1,c) voltage is greater than specified by vmax
WARNING: V(i2,c) voltage is greater than specified by vmax
OSDI(debug) n.xru189.nr1: WARNING: V(i2,c) voltage is greater than specified by vmax
WARNING: V(i1,c) voltage is greater than specified by vmax
OSDI(debug) n.xru180.nr1: WARNING: V(i1,c) voltage is greater than specified by vmax
OSDI(debug) n.xru186.nr1: OSDI(debug) n.xru180.nr1: OSDI(debug) n.xru182.nr1: WARNING: V(i2,c) voltage is greater than specified by vmax
OSDI(debug) n.xru190.nr1: OSDI(debug) n.xru187.nr1: WARNING: V(i1,c) voltage is greater than specified by vmax
OSDI(debug) n.xru179.nr1: WARNING: V(i2,c) voltage is greater than specified by vmax
OSDI(debug) n.xru190.nr1: WARNING: V(i1,c) voltage is greater than specified by vmax
WARNING: V(i1,c) voltage is greater than specified by vmax
OSDI(debug) n.xru179.nr1: WARNING: V(i2,c) voltage is greater than specified by vmax
OSDI(debug) n.xru185.nr1: OSDI(debug) n.xru177.nr1: WARNING: V(i1,c) voltage is greater than specified by vmax
OSDI(debug) n.xru177.nr1: WARNING: V(i2,c) voltage is greater than specified by vmax
WARNING: V(i1,c) voltage is greater than specified by vmax
OSDI(debug) n.xru186.nr1: WARNING: V(i2,c) voltage is greater than specified by vmax
WARNING: V(i2,c) voltage is greater than specified by vmax
OSDI(debug) n.xru175.nr1: WARNING: V(i1,c) voltage is greater than specified by vmax
OSDI(debug) n.xru175.nr1: WARNING: V(i2,c) voltage is greater than specified by vmax
OSDI(debug) n.xru174.nr1: WARNING: V(i1,c) voltage is greater than specified by vmax
OSDI(debug) n.xru173.nr1: WARNING: V(i1,c) voltage is greater than specified by vmax
OSDI(debug) n.xru176.nr1: OSDI(debug) n.xru173.nr1: WARNING: V(i2,c) voltage is greater than specified by vmax
WARNING: V(i2,c) voltage is greater than specified by vmax
OSDI(debug) n.xru171.nr1: WARNING: V(i1,c) voltage is greater than specified by vmax
OSDI(debug) n.xru174.nr1: OSDI(debug) n.xru185.nr1: WARNING: V(i1,c) voltage is greater than specified by vmax
WARNING: V(i2,c) voltage is greater than specified by vmax
OSDI(debug) n.xru171.nr1: OSDI(debug) n.xru170.nr1: WARNING: V(i1,c) voltage is greater than specified by vmax
OSDI(debug) n.xru170.nr1: WARNING: V(i2,c) voltage is greater than specified by vmax
WARNING: V(i2,c) voltage is greater than specified by vmax
WARNING: V(i2,c) voltage is greater than specified by vmax
OSDI(debug) n.xru167.nr1: WARNING: V(i1,c) voltage is greater than specified by vmax
OSDI(debug) n.xru176.nr1: OSDI(debug) n.xru167.nr1: WARNING: V(i2,c) voltage is greater than specified by vmax
WARNING: V(i2,c) voltage is greater than specified by vmax
OSDI(debug) n.xru166.nr1: WARNING: V(i1,c) voltage is greater than specified by vmax
OSDI(debug) n.xru172.nr1: OSDI(debug) n.xru178.nr1: OSDI(debug) n.xru168.nr1: WARNING: V(i1,c) voltage is greater than specified by vmax
OSDI(debug) n.xru165.nr1: OSDI(debug) n.xru166.nr1: OSDI(debug) n.xru178.nr1: WARNING: V(i2,c) voltage is greater than specified by vmax
OSDI(debug) n.xru181.nr1: WARNING: V(i1,c) voltage is greater than specified by vmax
OSDI(debug) n.xru164.nr1: WARNING: V(i1,c) voltage is greater than specified by vmax
OSDI(debug) n.xru164.nr1: WARNING: V(i2,c) voltage is greater than specified by vmax
WARNING: V(i2,c) voltage is greater than specified by vmax
WARNING: V(i1,c) voltage is greater than specified by vmax
OSDI(debug) n.xru181.nr1: WARNING: V(i1,c) voltage is greater than specified by vmax
OSDI(debug) n.xru163.nr1: OSDI(debug) n.xru172.nr1: WARNING: V(i2,c) voltage is greater than specified by vmax
WARNING: V(i1,c) voltage is greater than specified by vmax
WARNING: V(i2,c) voltage is greater than specified by vmax
OSDI(debug) n.xru160.nr1: WARNING: V(i1,c) voltage is greater than specified by vmax
OSDI(debug) n.xru160.nr1: WARNING: V(i2,c) voltage is greater than specified by vmax
OSDI(debug) n.xru159.nr1: WARNING: V(i1,c) voltage is greater than specified by vmax
OSDI(debug) n.xru162.nr1: WARNING: V(i1,c) voltage is greater than specified by vmax
WARNING: V(i1,c) voltage is greater than specified by vmax
OSDI(debug) n.xru162.nr1: WARNING: V(i2,c) voltage is greater than specified by vmax
OSDI(debug) n.xru168.nr1: OSDI(debug) n.xru158.nr1: WARNING: V(i1,c) voltage is greater than specified by vmax
OSDI(debug) n.xru159.nr1: OSDI(debug) n.xru163.nr1: OSDI(debug) n.xru161.nr1: WARNING: V(i2,c) voltage is greater than specified by vmax
OSDI(debug) n.xru165.nr1: OSDI(debug) n.xru158.nr1: WARNING: V(i2,c) voltage is greater than specified by vmax
WARNING: V(i2,c) voltage is greater than specified by vmax
WARNING: V(i2,c) voltage is greater than specified by vmax
OSDI(debug) n.xru157.nr1: OSDI(debug) n.xru155.nr1: WARNING: V(i1,c) voltage is greater than specified by vmax
WARNING: V(i1,c) voltage is greater than specified by vmax
OSDI(debug) n.xru154.nr1: WARNING: V(i2,c) voltage is greater than specified by vmax
OSDI(debug) n.xru157.nr1: WARNING: V(i2,c) voltage is greater than specified by vmax
WARNING: V(i1,c) voltage is greater than specified by vmax
OSDI(debug) n.xru155.nr1: WARNING: V(i2,c) voltage is greater than specified by vmax
OSDI(debug) n.xru156.nr1: OSDI(debug) n.xru151.nr1: WARNING: V(i1,c) voltage is greater than specified by vmax
OSDI(debug) n.xru161.nr1: OSDI(debug) n.xru153.nr1: OSDI(debug) n.xru152.nr1: WARNING: V(i1,c) voltage is greater than specified by vmax
WARNING: V(i1,c) voltage is greater than specified by vmax
WARNING: V(i2,c) voltage is greater than specified by vmax
OSDI(debug) n.xru154.nr1: WARNING: V(i1,c) voltage is greater than specified by vmax
OSDI(debug) n.xru153.nr1: OSDI(debug) n.xru156.nr1: WARNING: V(i2,c) voltage is greater than specified by vmax
WARNING: V(i2,c) voltage is greater than specified by vmax
WARNING: V(i1,c) voltage is greater than specified by vmax
WARNING: V(i2,c) voltage is greater than specified by vmax
OSDI(debug) n.xru150.nr1: WARNING: V(i1,c) voltage is greater than specified by vmax
OSDI(debug) n.xru150.nr1: WARNING: V(i2,c) voltage is greater than specified by vmax
WARNING: V(i2,c) voltage is greater than specified by vmax
OSDI(debug) n.xru147.nr1: WARNING: V(i1,c) voltage is greater than specified by vmax
OSDI(debug) n.xru148.nr1: OSDI(debug) n.xru147.nr1: WARNING: V(i1,c) voltage is greater than specified by vmax
WARNING: V(i2,c) voltage is greater than specified by vmax
OSDI(debug) n.xru148.nr1: OSDI(debug) n.xru146.nr1: WARNING: V(i2,c) voltage is greater than specified by vmax
OSDI(debug) n.xru149.nr1: OSDI(debug) n.xru143.nr1: WARNING: V(i1,c) voltage is greater than specified by vmax
OSDI(debug) n.xru145.nr1: WARNING: V(i1,c) voltage is greater than specified by vmax
OSDI(debug) n.xru152.nr1: OSDI(debug) n.xru146.nr1: WARNING: V(i2,c) voltage is greater than specified by vmax
WARNING: V(i2,c) voltage is greater than specified by vmax
WARNING: V(i1,c) voltage is greater than specified by vmax
OSDI(debug) n.xru141.nr1: WARNING: V(i1,c) voltage is greater than specified by vmax
OSDI(debug) n.xru143.nr1: WARNING: V(i2,c) voltage is greater than specified by vmax
OSDI(debug) n.xru151.nr1: WARNING: V(i2,c) voltage is greater than specified by vmax
OSDI(debug) n.xru149.nr1: OSDI(debug) n.xru139.nr1: OSDI(debug) n.xru141.nr1: WARNING: V(i1,c) voltage is greater than specified by vmax
WARNING: V(i1,c) voltage is greater than specified by vmax
OSDI(debug) n.xru142.nr1: WARNING: V(i2,c) voltage is greater than specified by vmax
OSDI(debug) n.xru139.nr1: WARNING: V(i1,c) voltage is greater than specified by vmax
OSDI(debug) n.xru138.nr1: WARNING: V(i1,c) voltage is greater than specified by vmax
OSDI(debug) n.xru138.nr1: WARNING: V(i2,c) voltage is greater than specified by vmax
WARNING: V(i2,c) voltage is greater than specified by vmax
OSDI(debug) n.xru145.nr1: WARNING: V(i2,c) voltage is greater than specified by vmax
OSDI(debug) n.xru142.nr1: OSDI(debug) n.xru140.nr1: OSDI(debug) n.xru137.nr1: WARNING: V(i1,c) voltage is greater than specified by vmax
OSDI(debug) n.xru137.nr1: WARNING: V(i2,c) voltage is greater than specified by vmax
OSDI(debug) n.xru144.nr1: WARNING: V(i2,c) voltage is greater than specified by vmax
OSDI(debug) n.xru135.nr1: WARNING: V(i1,c) voltage is greater than specified by vmax
OSDI(debug) n.xru136.nr1: WARNING: V(i1,c) voltage is greater than specified by vmax
WARNING: V(i2,c) voltage is greater than specified by vmax
OSDI(debug) n.xru136.nr1: WARNING: V(i1,c) voltage is greater than specified by vmax
OSDI(debug) n.xru133.nr1: OSDI(debug) n.xru140.nr1: WARNING: V(i1,c) voltage is greater than specified by vmax
WARNING: V(i2,c) voltage is greater than specified by vmax
OSDI(debug) n.xru132.nr1: OSDI(debug) n.xru135.nr1: WARNING: V(i1,c) voltage is greater than specified by vmax
OSDI(debug) n.xru134.nr1: OSDI(debug) n.xru133.nr1: OSDI(debug) n.xru132.nr1: WARNING: V(i1,c) voltage is greater than specified by vmax
WARNING: V(i2,c) voltage is greater than specified by vmax
WARNING: V(i2,c) voltage is greater than specified by vmax
WARNING: V(i2,c) voltage is greater than specified by vmax
OSDI(debug) n.xru129.nr1: WARNING: V(i1,c) voltage is greater than specified by vmax
OSDI(debug) n.xru134.nr1: OSDI(debug) n.xru129.nr1: WARNING: V(i2,c) voltage is greater than specified by vmax
OSDI(debug) n.xru130.nr1: WARNING: V(i2,c) voltage is greater than specified by vmax
OSDI(debug) n.xru128.nr1: WARNING: V(i2,c) voltage is greater than specified by vmax
WARNING: V(i1,c) voltage is greater than specified by vmax
WARNING: V(i1,c) voltage is greater than specified by vmax
OSDI(debug) n.xru127.nr1: OSDI(debug) n.xru169.nr1: OSDI(debug) n.xru130.nr1: WARNING: V(i2,c) voltage is greater than specified by vmax
OSDI(debug) n.xru126.nr1: WARNING: V(i1,c) voltage is greater than specified by vmax
OSDI(debug) n.xru169.nr1: WARNING: V(i2,c) voltage is greater than specified by vmax
WARNING: V(i1,c) voltage is greater than specified by vmax
OSDI(debug) n.xru126.nr1: WARNING: V(i2,c) voltage is greater than specified by vmax
OSDI(debug) n.xru123.nr1: WARNING: V(i1,c) voltage is greater than specified by vmax
OSDI(debug) n.xru123.nr1: WARNING: V(i2,c) voltage is greater than specified by vmax
OSDI(debug) n.xru121.nr1: WARNING: V(i1,c) voltage is greater than specified by vmax
OSDI(debug) n.xru121.nr1: WARNING: V(i2,c) voltage is greater than specified by vmax
OSDI(debug) n.xru120.nr1: WARNING: V(i1,c) voltage is greater than specified by vmax
WARNING: V(i1,c) voltage is greater than specified by vmax
OSDI(debug) n.xru125.nr1: OSDI(debug) n.xru127.nr1: WARNING: V(i2,c) voltage is greater than specified by vmax
OSDI(debug) n.xru128.nr1: OSDI(debug) n.xru119.nr1: WARNING: V(i1,c) voltage is greater than specified by vmax
OSDI(debug) n.xru122.nr1: OSDI(debug) n.xru124.nr1: OSDI(debug) n.xru119.nr1: WARNING: V(i1,c) voltage is greater than specified by vmax
WARNING: V(i1,c) voltage is greater than specified by vmax
WARNING: V(i2,c) voltage is greater than specified by vmax
WARNING: V(i1,c) voltage is greater than specified by vmax
OSDI(debug) n.xru118.nr1: WARNING: V(i1,c) voltage is greater than specified by vmax
OSDI(debug) n.xru122.nr1: OSDI(debug) n.xru118.nr1: WARNING: V(i2,c) voltage is greater than specified by vmax
OSDI(debug) n.xru125.nr1: OSDI(debug) n.xru117.nr1: WARNING: V(i1,c) voltage is greater than specified by vmax
WARNING: V(i2,c) voltage is greater than specified by vmax
OSDI(debug) n.xru120.nr1: WARNING: V(i2,c) voltage is greater than specified by vmax
WARNING: V(i2,c) voltage is greater than specified by vmax
OSDI(debug) n.xru115.nr1: OSDI(debug) n.xru131.nr1: WARNING: V(i1,c) voltage is greater than specified by vmax
WARNING: V(i1,c) voltage is greater than specified by vmax
OSDI(debug) n.xru115.nr1: WARNING: V(i2,c) voltage is greater than specified by vmax
OSDI(debug) n.xru124.nr1: WARNING: V(i2,c) voltage is greater than specified by vmax
OSDI(debug) n.xru117.nr1: OSDI(debug) n.xru114.nr1: OSDI(debug) n.xru116.nr1: OSDI(debug) n.xru112.nr1: WARNING: V(i1,c) voltage is greater than specified by vmax
OSDI(debug) n.xru112.nr1: WARNING: V(i2,c) voltage is greater than specified by vmax
OSDI(debug) n.xru111.nr1: WARNING: V(i1,c) voltage is greater than specified by vmax
WARNING: V(i2,c) voltage is greater than specified by vmax
OSDI(debug) n.xru131.nr1: OSDI(debug) n.xru110.nr1: WARNING: V(i2,c) voltage is greater than specified by vmax
WARNING: V(i1,c) voltage is greater than specified by vmax
WARNING: V(i2,c) voltage is greater than specified by vmax
OSDI(debug) n.xru111.nr1: OSDI(debug) n.xru108.nr1: WARNING: V(i1,c) voltage is greater than specified by vmax
OSDI(debug) n.xru113.nr1: WARNING: V(i1,c) voltage is greater than specified by vmax
OSDI(debug) n.xru109.nr1: OSDI(debug) n.xru116.nr1: OSDI(debug) n.xru110.nr1: WARNING: V(i1,c) voltage is greater than specified by vmax
OSDI(debug) n.xru108.nr1: WARNING: V(i1,c) voltage is greater than specified by vmax
WARNING: V(i2,c) voltage is greater than specified by vmax
WARNING: V(i2,c) voltage is greater than specified by vmax
OSDI(debug) n.xru107.nr1: WARNING: V(i1,c) voltage is greater than specified by vmax
OSDI(debug) n.xru106.nr1: WARNING: V(i1,c) voltage is greater than specified by vmax
OSDI(debug) n.xru106.nr1: WARNING: V(i2,c) voltage is greater than specified by vmax
OSDI(debug) n.xru105.nr1: WARNING: V(i1,c) voltage is greater than specified by vmax
OSDI(debug) n.xru113.nr1: WARNING: V(i2,c) voltage is greater than specified by vmax
WARNING: V(i2,c) voltage is greater than specified by vmax
OSDI(debug) n.xru104.nr1: WARNING: V(i1,c) voltage is greater than specified by vmax
OSDI(debug) n.xru109.nr1: OSDI(debug) n.xru104.nr1: WARNING: V(i2,c) voltage is greater than specified by vmax
OSDI(debug) n.xru107.nr1: OSDI(debug) n.xru103.nr1: WARNING: V(i1,c) voltage is greater than specified by vmax
OSDI(debug) n.xru105.nr1: WARNING: V(i2,c) voltage is greater than specified by vmax
OSDI(debug) n.xru103.nr1: OSDI(debug) n.xru102.nr1: WARNING: V(i2,c) voltage is greater than specified by vmax
WARNING: V(i1,c) voltage is greater than specified by vmax
OSDI(debug) n.xru100.nr1: WARNING: V(i1,c) voltage is greater than specified by vmax
OSDI(debug) n.xru102.nr1: WARNING: V(i2,c) voltage is greater than specified by vmax
WARNING: V(i2,c) voltage is greater than specified by vmax
WARNING: V(i2,c) voltage is greater than specified by vmax
WARNING: V(i2,c) voltage is greater than specified by vmax
OSDI(debug) n.xru101.nr1: WARNING: V(i1,c) voltage is greater than specified by vmax
OSDI(debug) n.xru91.nr1: OSDI(debug) n.xru101.nr1: WARNING: V(i1,c) voltage is greater than specified by vmax
OSDI(debug) n.xru88.nr1: WARNING: V(i2,c) voltage is greater than specified by vmax
OSDI(debug) n.xru100.nr1: OSDI(debug) n.xru90.nr1: OSDI(debug) n.xru87.nr1: OSDI(debug) n.xru91.nr1: WARNING: V(i1,c) voltage is greater than specified by vmax
OSDI(debug) n.xru89.nr1: OSDI(debug) n.xru88.nr1: WARNING: V(i1,c) voltage is greater than specified by vmax
WARNING: V(i1,c) voltage is greater than specified by vmax
WARNING: V(i2,c) voltage is greater than specified by vmax
WARNING: V(i2,c) voltage is greater than specified by vmax
OSDI(debug) n.xru86.nr1: WARNING: V(i2,c) voltage is greater than specified by vmax
OSDI(debug) n.xru89.nr1: WARNING: V(i1,c) voltage is greater than specified by vmax
OSDI(debug) n.xru144.nr1: WARNING: V(i2,c) voltage is greater than specified by vmax
OSDI(debug) n.xru87.nr1: WARNING: V(i2,c) voltage is greater than specified by vmax
WARNING: V(i2,c) voltage is greater than specified by vmax
OSDI(debug) n.xru81.nr1: WARNING: V(i1,c) voltage is greater than specified by vmax
OSDI(debug) n.xru81.nr1: WARNING: V(i2,c) voltage is greater than specified by vmax
OSDI(debug) n.xru80.nr1: WARNING: V(i1,c) voltage is greater than specified by vmax
OSDI(debug) n.xru80.nr1: WARNING: V(i2,c) voltage is greater than specified by vmax
OSDI(debug) n.xru79.nr1: WARNING: V(i1,c) voltage is greater than specified by vmax
OSDI(debug) n.xru79.nr1: WARNING: V(i2,c) voltage is greater than specified by vmax
OSDI(debug) n.xru78.nr1: WARNING: V(i1,c) voltage is greater than specified by vmax
OSDI(debug) n.xru78.nr1: WARNING: V(i2,c) voltage is greater than specified by vmax
OSDI(debug) n.xru77.nr1: WARNING: V(i1,c) voltage is greater than specified by vmax
OSDI(debug) n.xru77.nr1: WARNING: V(i2,c) voltage is greater than specified by vmax
OSDI(debug) n.xru76.nr1: WARNING: V(i1,c) voltage is greater than specified by vmax
OSDI(debug) n.xru76.nr1: WARNING: V(i2,c) voltage is greater than specified by vmax
OSDI(debug) n.xru85.nr1: OSDI(debug) n.xru75.nr1: WARNING: V(i1,c) voltage is greater than specified by vmax
OSDI(debug) n.xru82.nr1: OSDI(debug) n.xru85.nr1: WARNING: V(i2,c) voltage is greater than specified by vmax
WARNING: V(i1,c) voltage is greater than specified by vmax
OSDI(debug) n.xru74.nr1: OSDI(debug) n.xru83.nr1: WARNING: V(i1,c) voltage is greater than specified by vmax
OSDI(debug) n.xru74.nr1: WARNING: V(i1,c) voltage is greater than specified by vmax
OSDI(debug) n.xru84.nr1: OSDI(debug) n.xru90.nr1: WARNING: V(i1,c) voltage is greater than specified by vmax
WARNING: V(i2,c) voltage is greater than specified by vmax
OSDI(debug) n.xru84.nr1: WARNING: V(i1,c) voltage is greater than specified by vmax
WARNING: V(i2,c) voltage is greater than specified by vmax
WARNING: V(i1,c) voltage is greater than specified by vmax
OSDI(debug) n.xru75.nr1: WARNING: V(i2,c) voltage is greater than specified by vmax
OSDI(debug) n.xru83.nr1: WARNING: V(i2,c) voltage is greater than specified by vmax
OSDI(debug) n.xru73.nr1: OSDI(debug) n.xru71.nr1: WARNING: V(i1,c) voltage is greater than specified by vmax
OSDI(debug) n.xru70.nr1: WARNING: V(i1,c) voltage is greater than specified by vmax
OSDI(debug) n.xru71.nr1: WARNING: V(i1,c) voltage is greater than specified by vmax
OSDI(debug) n.xru82.nr1: OSDI(debug) n.xru86.nr1: WARNING: V(i2,c) voltage is greater than specified by vmax
WARNING: V(i1,c) voltage is greater than specified by vmax
OSDI(debug) n.xru72.nr1: OSDI(debug) n.xru69.nr1: OSDI(debug) n.xru73.nr1: WARNING: V(i2,c) voltage is greater than specified by vmax
WARNING: V(i1,c) voltage is greater than specified by vmax
WARNING: V(i2,c) voltage is greater than specified by vmax
WARNING: V(i2,c) voltage is greater than specified by vmax
OSDI(debug) n.xru67.nr1: WARNING: V(i1,c) voltage is greater than specified by vmax
OSDI(debug) n.xru67.nr1: WARNING: V(i2,c) voltage is greater than specified by vmax
OSDI(debug) n.xru69.nr1: OSDI(debug) n.xru66.nr1: OSDI(debug) n.xru65.nr1: WARNING: V(i1,c) voltage is greater than specified by vmax
OSDI(debug) n.xru70.nr1: WARNING: V(i2,c) voltage is greater than specified by vmax
OSDI(debug) n.xru66.nr1: WARNING: V(i2,c) voltage is greater than specified by vmax
OSDI(debug) n.xru64.nr1: OSDI(debug) n.xru63.nr1: WARNING: V(i1,c) voltage is greater than specified by vmax
WARNING: V(i1,c) voltage is greater than specified by vmax
OSDI(debug) n.xru72.nr1: WARNING: V(i1,c) voltage is greater than specified by vmax
WARNING: V(i2,c) voltage is greater than specified by vmax
OSDI(debug) n.xru68.nr1: WARNING: V(i2,c) voltage is greater than specified by vmax
WARNING: V(i1,c) voltage is greater than specified by vmax
OSDI(debug) n.xru64.nr1: OSDI(debug) n.xru65.nr1: WARNING: V(i2,c) voltage is greater than specified by vmax
OSDI(debug) n.xru62.nr1: WARNING: V(i1,c) voltage is greater than specified by vmax
WARNING: V(i2,c) voltage is greater than specified by vmax
OSDI(debug) n.xru63.nr1: WARNING: V(i1,c) voltage is greater than specified by vmax
WARNING: V(i2,c) voltage is greater than specified by vmax
OSDI(debug) n.xru58.nr1: WARNING: V(i1,c) voltage is greater than specified by vmax
OSDI(debug) n.xru61.nr1: WARNING: V(i1,c) voltage is greater than specified by vmax
OSDI(debug) n.xru61.nr1: WARNING: V(i2,c) voltage is greater than specified by vmax
OSDI(debug) n.xru57.nr1: WARNING: V(i1,c) voltage is greater than specified by vmax
OSDI(debug) n.xru57.nr1: WARNING: V(i2,c) voltage is greater than specified by vmax
OSDI(debug) n.xru56.nr1: WARNING: V(i1,c) voltage is greater than specified by vmax
OSDI(debug) n.xru56.nr1: WARNING: V(i2,c) voltage is greater than specified by vmax
OSDI(debug) n.xru55.nr1: WARNING: V(i1,c) voltage is greater than specified by vmax
OSDI(debug) n.xru55.nr1: WARNING: V(i2,c) voltage is greater than specified by vmax
OSDI(debug) n.xru59.nr1: OSDI(debug) n.xru54.nr1: WARNING: V(i1,c) voltage is greater than specified by vmax
OSDI(debug) n.xru54.nr1: WARNING: V(i2,c) voltage is greater than specified by vmax
OSDI(debug) n.xru53.nr1: WARNING: V(i1,c) voltage is greater than specified by vmax
OSDI(debug) n.xru53.nr1: WARNING: V(i2,c) voltage is greater than specified by vmax
WARNING: V(i1,c) voltage is greater than specified by vmax
WARNING: V(i2,c) voltage is greater than specified by vmax
OSDI(debug) n.xru62.nr1: WARNING: V(i2,c) voltage is greater than specified by vmax
OSDI(debug) n.xru51.nr1: WARNING: V(i1,c) voltage is greater than specified by vmax
OSDI(debug) n.xru51.nr1: WARNING: V(i2,c) voltage is greater than specified by vmax
OSDI(debug) n.xru49.nr1: WARNING: V(i1,c) voltage is greater than specified by vmax
OSDI(debug) n.xru49.nr1: WARNING: V(i2,c) voltage is greater than specified by vmax
WARNING: V(i1,c) voltage is greater than specified by vmax
OSDI(debug) n.xru48.nr1: WARNING: V(i1,c) voltage is greater than specified by vmax
OSDI(debug) n.xru52.nr1: OSDI(debug) n.xru68.nr1: OSDI(debug) n.xru48.nr1: WARNING: V(i2,c) voltage is greater than specified by vmax
WARNING: V(i2,c) voltage is greater than specified by vmax
OSDI(debug) n.xru50.nr1: OSDI(debug) n.xru58.nr1: OSDI(debug) n.xru46.nr1: OSDI(debug) n.xru59.nr1: WARNING: V(i2,c) voltage is greater than specified by vmax
WARNING: V(i1,c) voltage is greater than specified by vmax
OSDI(debug) n.xru45.nr1: WARNING: V(i1,c) voltage is greater than specified by vmax
OSDI(debug) n.xru45.nr1: WARNING: V(i2,c) voltage is greater than specified by vmax
OSDI(debug) n.xru44.nr1: WARNING: V(i1,c) voltage is greater than specified by vmax
OSDI(debug) n.xru47.nr1: WARNING: V(i1,c) voltage is greater than specified by vmax
WARNING: V(i1,c) voltage is greater than specified by vmax
OSDI(debug) n.xru60.nr1: OSDI(debug) n.xru47.nr1: WARNING: V(i1,c) voltage is greater than specified by vmax
OSDI(debug) n.xru52.nr1: WARNING: V(i2,c) voltage is greater than specified by vmax
WARNING: V(i1,c) voltage is greater than specified by vmax
OSDI(debug) n.xru43.nr1: WARNING: V(i1,c) voltage is greater than specified by vmax
OSDI(debug) n.xru44.nr1: OSDI(debug) n.xru43.nr1: WARNING: V(i2,c) voltage is greater than specified by vmax
OSDI(debug) n.xru42.nr1: WARNING: V(i1,c) voltage is greater than specified by vmax
OSDI(debug) n.xru42.nr1: WARNING: V(i2,c) voltage is greater than specified by vmax
OSDI(debug) n.xru41.nr1: WARNING: V(i1,c) voltage is greater than specified by vmax
OSDI(debug) n.xru60.nr1: OSDI(debug) n.xru41.nr1: WARNING: V(i2,c) voltage is greater than specified by vmax
WARNING: V(i2,c) voltage is greater than specified by vmax
WARNING: V(i2,c) voltage is greater than specified by vmax
OSDI(debug) n.xru46.nr1: WARNING: V(i2,c) voltage is greater than specified by vmax
OSDI(debug) n.xru40.nr1: OSDI(debug) n.xru37.nr1: OSDI(debug) n.xru39.nr1: WARNING: V(i1,c) voltage is greater than specified by vmax
WARNING: V(i1,c) voltage is greater than specified by vmax
OSDI(debug) n.xru39.nr1: WARNING: V(i2,c) voltage is greater than specified by vmax
OSDI(debug) n.xru36.nr1: WARNING: V(i1,c) voltage is greater than specified by vmax
OSDI(debug) n.xru36.nr1: WARNING: V(i2,c) voltage is greater than specified by vmax
OSDI(debug) n.xru35.nr1: WARNING: V(i1,c) voltage is greater than specified by vmax
OSDI(debug) n.xru35.nr1: WARNING: V(i2,c) voltage is greater than specified by vmax
OSDI(debug) n.xru34.nr1: WARNING: V(i1,c) voltage is greater than specified by vmax
OSDI(debug) n.xru34.nr1: WARNING: V(i2,c) voltage is greater than specified by vmax
OSDI(debug) n.xru33.nr1: WARNING: V(i1,c) voltage is greater than specified by vmax
OSDI(debug) n.xru33.nr1: WARNING: V(i2,c) voltage is greater than specified by vmax
OSDI(debug) n.xru32.nr1: WARNING: V(i1,c) voltage is greater than specified by vmax
OSDI(debug) n.xru32.nr1: WARNING: V(i2,c) voltage is greater than specified by vmax
WARNING: V(i1,c) voltage is greater than specified by vmax
OSDI(debug) n.xru40.nr1: WARNING: V(i2,c) voltage is greater than specified by vmax
OSDI(debug) n.xru30.nr1: WARNING: V(i1,c) voltage is greater than specified by vmax
OSDI(debug) n.xru30.nr1: WARNING: V(i2,c) voltage is greater than specified by vmax
OSDI(debug) n.xru50.nr1: OSDI(debug) n.xru29.nr1: WARNING: V(i1,c) voltage is greater than specified by vmax
OSDI(debug) n.xru37.nr1: OSDI(debug) n.xru29.nr1: WARNING: V(i2,c) voltage is greater than specified by vmax
WARNING: V(i2,c) voltage is greater than specified by vmax
WARNING: V(i2,c) voltage is greater than specified by vmax
OSDI(debug) n.xru38.nr1: OSDI(debug) n.xru31.nr1: WARNING: V(i1,c) voltage is greater than specified by vmax
OSDI(debug) n.xru28.nr1: OSDI(debug) n.xru26.nr1: OSDI(debug) n.xru38.nr1: OSDI(debug) n.xru27.nr1: WARNING: V(i1,c) voltage is greater than specified by vmax
WARNING: V(i1,c) voltage is greater than specified by vmax
OSDI(debug) n.xru26.nr1: WARNING: V(i2,c) voltage is greater than specified by vmax
WARNING: V(i2,c) voltage is greater than specified by vmax
WARNING: V(i2,c) voltage is greater than specified by vmax
OSDI(debug) n.xru25.nr1: WARNING: V(i2,c) voltage is greater than specified by vmax
OSDI(debug) n.xru23.nr1: WARNING: V(i1,c) voltage is greater than specified by vmax
OSDI(debug) n.xru22.nr1: WARNING: V(i1,c) voltage is greater than specified by vmax
OSDI(debug) n.xru24.nr1: WARNING: V(i1,c) voltage is greater than specified by vmax
OSDI(debug) n.xru27.nr1: OSDI(debug) n.xru23.nr1: WARNING: V(i1,c) voltage is greater than specified by vmax
OSDI(debug) n.xru24.nr1: OSDI(debug) n.xru28.nr1: WARNING: V(i2,c) voltage is greater than specified by vmax
WARNING: V(i1,c) voltage is greater than specified by vmax
OSDI(debug) n.xru21.nr1: WARNING: V(i1,c) voltage is greater than specified by vmax
OSDI(debug) n.xru25.nr1: WARNING: V(i2,c) voltage is greater than specified by vmax
WARNING: V(i2,c) voltage is greater than specified by vmax
WARNING: V(i1,c) voltage is greater than specified by vmax
OSDI(debug) n.xru19.nr1: OSDI(debug) n.xru22.nr1: WARNING: V(i2,c) voltage is greater than specified by vmax
WARNING: V(i2,c) voltage is greater than specified by vmax
OSDI(debug) n.xru18.nr1: WARNING: V(i1,c) voltage is greater than specified by vmax
OSDI(debug) n.xru31.nr1: OSDI(debug) n.xru18.nr1: WARNING: V(i2,c) voltage is greater than specified by vmax
WARNING: V(i2,c) voltage is greater than specified by vmax
OSDI(debug) n.xru16.nr1: WARNING: V(i1,c) voltage is greater than specified by vmax
WARNING: V(i2,c) voltage is greater than specified by vmax
OSDI(debug) n.xru16.nr1: OSDI(debug) n.xru17.nr1: WARNING: V(i1,c) voltage is greater than specified by vmax
OSDI(debug) n.xru14.nr1: WARNING: V(i1,c) voltage is greater than specified by vmax
OSDI(debug) n.xru15.nr1: OSDI(debug) n.xru20.nr1: WARNING: V(i1,c) voltage is greater than specified by vmax
WARNING: V(i1,c) voltage is greater than specified by vmax
OSDI(debug) n.xru15.nr1: WARNING: V(i2,c) voltage is greater than specified by vmax
OSDI(debug) n.xru20.nr1: WARNING: V(i1,c) voltage is greater than specified by vmax
OSDI(debug) n.xru13.nr1: OSDI(debug) n.xru17.nr1: OSDI(debug) n.xru14.nr1: WARNING: V(i1,c) voltage is greater than specified by vmax
WARNING: V(i2,c) voltage is greater than specified by vmax
WARNING: V(i2,c) voltage is greater than specified by vmax
OSDI(debug) n.xru12.nr1: WARNING: V(i1,c) voltage is greater than specified by vmax
OSDI(debug) n.xru12.nr1: WARNING: V(i2,c) voltage is greater than specified by vmax
WARNING: V(i2,c) voltage is greater than specified by vmax
OSDI(debug) n.xru10.nr1: WARNING: V(i1,c) voltage is greater than specified by vmax
OSDI(debug) n.xru10.nr1: OSDI(debug) n.xru9.nr1: OSDI(debug) n.xru13.nr1: OSDI(debug) n.xru21.nr1: WARNING: V(i1,c) voltage is greater than specified by vmax
OSDI(debug) n.xru11.nr1: WARNING: V(i2,c) voltage is greater than specified by vmax
OSDI(debug) n.xru9.nr1: WARNING: V(i1,c) voltage is greater than specified by vmax
OSDI(debug) n.xru11.nr1: WARNING: V(i2,c) voltage is greater than specified by vmax
OSDI(debug) n.xru7.nr1: WARNING: V(i2,c) voltage is greater than specified by vmax
OSDI(debug) n.xru8.nr1: OSDI(debug) n.xru6.nr1: WARNING: V(i1,c) voltage is greater than specified by vmax
WARNING: V(i2,c) voltage is greater than specified by vmax
OSDI(debug) n.xru19.nr1: WARNING: V(i2,c) voltage is greater than specified by vmax
OSDI(debug) n.xru4.nr1: WARNING: V(i1,c) voltage is greater than specified by vmax
OSDI(debug) n.xru4.nr1: WARNING: V(i2,c) voltage is greater than specified by vmax
OSDI(debug) n.xru3.nr1: WARNING: V(i1,c) voltage is greater than specified by vmax
OSDI(debug) n.xru3.nr1: WARNING: V(i2,c) voltage is greater than specified by vmax
WARNING: V(i2,c) voltage is greater than specified by vmax
OSDI(debug) n.xru2.nr1: WARNING: V(i1,c) voltage is greater than specified by vmax
OSDI(debug) n.xru2.nr1: WARNING: V(i2,c) voltage is greater than specified by vmax
OSDI(debug) n.xru1.nr1: WARNING: V(i1,c) voltage is greater than specified by vmax
OSDI(debug) n.xr1.nr1: WARNING: V(i2,c) voltage is greater than specified by vmax
WARNING: V(i1,c) voltage is greater than specified by vmax
OSDI(debug) n.xru114.nr1: OSDI(debug) n.xru5.nr1: WARNING: V(i1,c) voltage is greater than specified by vmax
OSDI(debug) n.xru1.nr1: OSDI(debug) n.xru5.nr1: WARNING: V(i2,c) voltage is greater than specified by vmax
WARNING: V(i2,c) voltage is greater than specified by vmax
OSDI(debug) n.xru6.nr1: OSDI(debug) n.xru8.nr1: WARNING: V(i2,c) voltage is greater than specified by vmax
WARNING: V(i1,c) voltage is greater than specified by vmax
WARNING: V(i2,c) voltage is greater than specified by vmax
WARNING: V(i2,c) voltage is greater than specified by vmax
OSDI(debug) n.xru7.nr1: WARNING: V(i2,c) voltage is greater than specified by vmax
WARNING: V(i1,c) voltage is greater than specified by vmax
OSDI(debug) n.xr1.nr1: WARNING: V(i2,c) voltage is greater than specified by vmax
OSDI(debug) n.xru255.nr1: WARNING: V(i1,c) voltage is greater than specified by vmax
OSDI(debug) n.xru253.nr1: WARNING: V(i1,c) voltage is greater than specified by vmax
OSDI(debug) n.xru253.nr1: WARNING: V(i2,c) voltage is greater than specified by vmax
OSDI(debug) n.xru248.nr1: WARNING: V(i1,c) voltage is greater than specified by vmax
OSDI(debug) n.xru255.nr1: OSDI(debug) n.xru248.nr1: WARNING: V(i2,c) voltage is greater than specified by vmax
OSDI(debug) n.xru247.nr1: WARNING: V(i1,c) voltage is greater than specified by vmax
OSDI(debug) n.xru247.nr1: WARNING: V(i2,c) voltage is greater than specified by vmax
OSDI(debug) n.xru246.nr1: WARNING: V(i1,c) voltage is greater than specified by vmax
OSDI(debug) n.xru246.nr1: WARNING: V(i2,c) voltage is greater than specified by vmax
OSDI(debug) n.xru254.nr1: OSDI(debug) n.xru251.nr1: WARNING: V(i1,c) voltage is greater than specified by vmax
OSDI(debug) n.xru251.nr1: WARNING: V(i2,c) voltage is greater than specified by vmax
OSDI(debug) n.xru244.nr1: WARNING: V(i1,c) voltage is greater than specified by vmax
OSDI(debug) n.xru244.nr1: WARNING: V(i2,c) voltage is greater than specified by vmax
OSDI(debug) n.xru243.nr1: WARNING: V(i1,c) voltage is greater than specified by vmax
OSDI(debug) n.xru243.nr1: WARNING: V(i2,c) voltage is greater than specified by vmax
OSDI(debug) n.xru242.nr1: WARNING: V(i1,c) voltage is greater than specified by vmax
OSDI(debug) n.xru242.nr1: WARNING: V(i2,c) voltage is greater than specified by vmax
OSDI(debug) n.xru240.nr1: WARNING: V(i1,c) voltage is greater than specified by vmax
OSDI(debug) n.xru240.nr1: WARNING: V(i2,c) voltage is greater than specified by vmax
OSDI(debug) n.xru239.nr1: WARNING: V(i1,c) voltage is greater than specified by vmax
OSDI(debug) n.xru239.nr1: WARNING: V(i2,c) voltage is greater than specified by vmax
OSDI(debug) n.xru238.nr1: WARNING: V(i1,c) voltage is greater than specified by vmax
OSDI(debug) n.xru238.nr1: WARNING: V(i2,c) voltage is greater than specified by vmax
OSDI(debug) n.xru237.nr1: WARNING: V(i1,c) voltage is greater than specified by vmax
OSDI(debug) n.xru237.nr1: WARNING: V(i2,c) voltage is greater than specified by vmax
OSDI(debug) n.xru236.nr1: WARNING: V(i1,c) voltage is greater than specified by vmax
OSDI(debug) n.xru236.nr1: WARNING: V(i2,c) voltage is greater than specified by vmax
OSDI(debug) n.xru235.nr1: WARNING: V(i1,c) voltage is greater than specified by vmax
OSDI(debug) n.xru235.nr1: WARNING: V(i2,c) voltage is greater than specified by vmax
OSDI(debug) n.xru234.nr1: WARNING: V(i1,c) voltage is greater than specified by vmax
OSDI(debug) n.xru234.nr1: WARNING: V(i2,c) voltage is greater than specified by vmax
OSDI(debug) n.xru233.nr1: WARNING: V(i1,c) voltage is greater than specified by vmax
OSDI(debug) n.xru233.nr1: WARNING: V(i2,c) voltage is greater than specified by vmax
OSDI(debug) n.xru232.nr1: WARNING: V(i1,c) voltage is greater than specified by vmax
OSDI(debug) n.xru232.nr1: WARNING: V(i2,c) voltage is greater than specified by vmax
OSDI(debug) n.xru231.nr1: WARNING: V(i1,c) voltage is greater than specified by vmax
OSDI(debug) n.xru231.nr1: WARNING: V(i2,c) voltage is greater than specified by vmax
OSDI(debug) n.xru230.nr1: WARNING: V(i1,c) voltage is greater than specified by vmax
OSDI(debug) n.xru230.nr1: WARNING: V(i2,c) voltage is greater than specified by vmax
OSDI(debug) n.xru229.nr1: WARNING: V(i1,c) voltage is greater than specified by vmax
OSDI(debug) n.xru229.nr1: WARNING: V(i2,c) voltage is greater than specified by vmax
OSDI(debug) n.xru228.nr1: WARNING: V(i1,c) voltage is greater than specified by vmax
OSDI(debug) n.xru228.nr1: WARNING: V(i2,c) voltage is greater than specified by vmax
OSDI(debug) n.xru227.nr1: WARNING: V(i1,c) voltage is greater than specified by vmax
OSDI(debug) n.xru227.nr1: WARNING: V(i2,c) voltage is greater than specified by vmax
OSDI(debug) n.xru226.nr1: WARNING: V(i1,c) voltage is greater than specified by vmax
OSDI(debug) n.xru226.nr1: WARNING: V(i2,c) voltage is greater than specified by vmax
OSDI(debug) n.xru225.nr1: WARNING: V(i1,c) voltage is greater than specified by vmax
OSDI(debug) n.xru225.nr1: WARNING: V(i2,c) voltage is greater than specified by vmax
OSDI(debug) n.xru224.nr1: WARNING: V(i1,c) voltage is greater than specified by vmax
OSDI(debug) n.xru224.nr1: WARNING: V(i2,c) voltage is greater than specified by vmax
OSDI(debug) n.xru223.nr1: WARNING: V(i1,c) voltage is greater than specified by vmax
OSDI(debug) n.xru223.nr1: WARNING: V(i2,c) voltage is greater than specified by vmax
OSDI(debug) n.xru222.nr1: WARNING: V(i1,c) voltage is greater than specified by vmax
OSDI(debug) n.xru222.nr1: WARNING: V(i2,c) voltage is greater than specified by vmax
OSDI(debug) n.xru221.nr1: WARNING: V(i1,c) voltage is greater than specified by vmax
OSDI(debug) n.xru221.nr1: WARNING: V(i2,c) voltage is greater than specified by vmax
OSDI(debug) n.xru220.nr1: WARNING: V(i1,c) voltage is greater than specified by vmax
OSDI(debug) n.xru220.nr1: WARNING: V(i2,c) voltage is greater than specified by vmax
OSDI(debug) n.xru219.nr1: WARNING: V(i1,c) voltage is greater than specified by vmax
OSDI(debug) n.xru219.nr1: WARNING: V(i2,c) voltage is greater than specified by vmax
OSDI(debug) n.xru218.nr1: WARNING: V(i1,c) voltage is greater than specified by vmax
OSDI(debug) n.xru218.nr1: WARNING: V(i2,c) voltage is greater than specified by vmax
OSDI(debug) n.xru217.nr1: WARNING: V(i1,c) voltage is greater than specified by vmax
OSDI(debug) n.xru217.nr1: WARNING: V(i2,c) voltage is greater than specified by vmax
OSDI(debug) n.xru216.nr1: WARNING: V(i1,c) voltage is greater than specified by vmax
OSDI(debug) n.xru216.nr1: WARNING: V(i2,c) voltage is greater than specified by vmax
OSDI(debug) n.xru215.nr1: WARNING: V(i1,c) voltage is greater than specified by vmax
OSDI(debug) n.xru215.nr1: WARNING: V(i2,c) voltage is greater than specified by vmax
OSDI(debug) n.xru214.nr1: WARNING: V(i1,c) voltage is greater than specified by vmax
OSDI(debug) n.xru214.nr1: WARNING: V(i2,c) voltage is greater than specified by vmax
OSDI(debug) n.xru213.nr1: WARNING: V(i1,c) voltage is greater than specified by vmax
OSDI(debug) n.xru213.nr1: WARNING: V(i2,c) voltage is greater than specified by vmax
OSDI(debug) n.xru212.nr1: WARNING: V(i1,c) voltage is greater than specified by vmax
OSDI(debug) n.xru212.nr1: WARNING: V(i2,c) voltage is greater than specified by vmax
OSDI(debug) n.xru211.nr1: WARNING: V(i1,c) voltage is greater than specified by vmax
OSDI(debug) n.xru211.nr1: WARNING: V(i2,c) voltage is greater than specified by vmax
OSDI(debug) n.xru210.nr1: WARNING: V(i1,c) voltage is greater than specified by vmax
OSDI(debug) n.xru210.nr1: WARNING: V(i2,c) voltage is greater than specified by vmax
OSDI(debug) n.xru209.nr1: WARNING: V(i1,c) voltage is greater than specified by vmax
OSDI(debug) n.xru209.nr1: WARNING: V(i2,c) voltage is greater than specified by vmax
OSDI(debug) n.xru208.nr1: WARNING: V(i1,c) voltage is greater than specified by vmax
OSDI(debug) n.xru208.nr1: WARNING: V(i2,c) voltage is greater than specified by vmax
OSDI(debug) n.xru207.nr1: WARNING: V(i1,c) voltage is greater than specified by vmax
OSDI(debug) n.xru207.nr1: WARNING: V(i2,c) voltage is greater than specified by vmax
OSDI(debug) n.xru206.nr1: WARNING: V(i1,c) voltage is greater than specified by vmax
OSDI(debug) n.xru206.nr1: WARNING: V(i2,c) voltage is greater than specified by vmax
OSDI(debug) n.xru205.nr1: WARNING: V(i1,c) voltage is greater than specified by vmax
OSDI(debug) n.xru205.nr1: WARNING: V(i2,c) voltage is greater than specified by vmax
OSDI(debug) n.xru204.nr1: WARNING: V(i1,c) voltage is greater than specified by vmax
OSDI(debug) n.xru204.nr1: WARNING: V(i2,c) voltage is greater than specified by vmax
OSDI(debug) n.xru203.nr1: WARNING: V(i1,c) voltage is greater than specified by vmax
OSDI(debug) n.xru203.nr1: WARNING: V(i2,c) voltage is greater than specified by vmax
OSDI(debug) n.xru202.nr1: WARNING: V(i1,c) voltage is greater than specified by vmax
OSDI(debug) n.xru202.nr1: WARNING: V(i2,c) voltage is greater than specified by vmax
OSDI(debug) n.xru201.nr1: WARNING: V(i1,c) voltage is greater than specified by vmax
OSDI(debug) n.xru201.nr1: WARNING: V(i2,c) voltage is greater than specified by vmax
OSDI(debug) n.xru200.nr1: WARNING: V(i1,c) voltage is greater than specified by vmax
OSDI(debug) n.xru200.nr1: WARNING: V(i2,c) voltage is greater than specified by vmax
OSDI(debug) n.xru199.nr1: WARNING: V(i1,c) voltage is greater than specified by vmax
OSDI(debug) n.xru199.nr1: WARNING: V(i2,c) voltage is greater than specified by vmax
OSDI(debug) n.xru198.nr1: WARNING: V(i1,c) voltage is greater than specified by vmax
OSDI(debug) n.xru198.nr1: WARNING: V(i2,c) voltage is greater than specified by vmax
OSDI(debug) n.xru197.nr1: WARNING: V(i1,c) voltage is greater than specified by vmax
OSDI(debug) n.xru197.nr1: WARNING: V(i2,c) voltage is greater than specified by vmax
OSDI(debug) n.xru196.nr1: WARNING: V(i1,c) voltage is greater than specified by vmax
OSDI(debug) n.xru196.nr1: WARNING: V(i2,c) voltage is greater than specified by vmax
OSDI(debug) n.xru195.nr1: WARNING: V(i1,c) voltage is greater than specified by vmax
OSDI(debug) n.xru195.nr1: WARNING: V(i2,c) voltage is greater than specified by vmax
OSDI(debug) n.xru194.nr1: WARNING: V(i1,c) voltage is greater than specified by vmax
OSDI(debug) n.xru194.nr1: WARNING: V(i2,c) voltage is greater than specified by vmax
OSDI(debug) n.xru193.nr1: WARNING: V(i1,c) voltage is greater than specified by vmax
OSDI(debug) n.xru193.nr1: WARNING: V(i2,c) voltage is greater than specified by vmax
OSDI(debug) n.xru192.nr1: WARNING: V(i1,c) voltage is greater than specified by vmax
OSDI(debug) n.xru192.nr1: WARNING: V(i2,c) voltage is greater than specified by vmax
OSDI(debug) n.xru191.nr1: WARNING: V(i1,c) voltage is greater than specified by vmax
OSDI(debug) n.xru191.nr1: WARNING: V(i2,c) voltage is greater than specified by vmax
OSDI(debug) n.xru190.nr1: WARNING: V(i1,c) voltage is greater than specified by vmax
OSDI(debug) n.xru190.nr1: WARNING: V(i2,c) voltage is greater than specified by vmax
OSDI(debug) n.xru189.nr1: WARNING: V(i1,c) voltage is greater than specified by vmax
OSDI(debug) n.xru189.nr1: WARNING: V(i2,c) voltage is greater than specified by vmax
OSDI(debug) n.xru188.nr1: WARNING: V(i1,c) voltage is greater than specified by vmax
OSDI(debug) n.xru188.nr1: WARNING: V(i2,c) voltage is greater than specified by vmax
OSDI(debug) n.xru187.nr1: WARNING: V(i1,c) voltage is greater than specified by vmax
OSDI(debug) n.xru187.nr1: WARNING: V(i2,c) voltage is greater than specified by vmax
OSDI(debug) n.xru186.nr1: WARNING: V(i1,c) voltage is greater than specified by vmax
OSDI(debug) n.xru186.nr1: WARNING: V(i2,c) voltage is greater than specified by vmax
OSDI(debug) n.xru185.nr1: WARNING: V(i1,c) voltage is greater than specified by vmax
OSDI(debug) n.xru185.nr1: WARNING: V(i2,c) voltage is greater than specified by vmax
OSDI(debug) n.xru184.nr1: WARNING: V(i1,c) voltage is greater than specified by vmax
OSDI(debug) n.xru184.nr1: WARNING: V(i2,c) voltage is greater than specified by vmax
OSDI(debug) n.xru183.nr1: WARNING: V(i1,c) voltage is greater than specified by vmax
OSDI(debug) n.xru183.nr1: WARNING: V(i2,c) voltage is greater than specified by vmax
OSDI(debug) n.xru182.nr1: WARNING: V(i1,c) voltage is greater than specified by vmax
OSDI(debug) n.xru182.nr1: WARNING: V(i2,c) voltage is greater than specified by vmax
OSDI(debug) n.xru181.nr1: WARNING: V(i1,c) voltage is greater than specified by vmax
OSDI(debug) n.xru181.nr1: WARNING: V(i2,c) voltage is greater than specified by vmax
OSDI(debug) n.xru180.nr1: WARNING: V(i1,c) voltage is greater than specified by vmax
OSDI(debug) n.xru180.nr1: WARNING: V(i2,c) voltage is greater than specified by vmax
OSDI(debug) n.xru179.nr1: WARNING: V(i1,c) voltage is greater than specified by vmax
OSDI(debug) n.xru179.nr1: WARNING: V(i2,c) voltage is greater than specified by vmax
OSDI(debug) n.xru178.nr1: WARNING: V(i1,c) voltage is greater than specified by vmax
OSDI(debug) n.xru178.nr1: WARNING: V(i2,c) voltage is greater than specified by vmax
OSDI(debug) n.xru177.nr1: WARNING: V(i1,c) voltage is greater than specified by vmax
OSDI(debug) n.xru177.nr1: WARNING: V(i2,c) voltage is greater than specified by vmax
OSDI(debug) n.xru176.nr1: WARNING: V(i1,c) voltage is greater than specified by vmax
OSDI(debug) n.xru176.nr1: WARNING: V(i2,c) voltage is greater than specified by vmax
OSDI(debug) n.xru175.nr1: WARNING: V(i1,c) voltage is greater than specified by vmax
OSDI(debug) n.xru175.nr1: WARNING: V(i2,c) voltage is greater than specified by vmax
OSDI(debug) n.xru174.nr1: WARNING: V(i1,c) voltage is greater than specified by vmax
OSDI(debug) n.xru174.nr1: WARNING: V(i2,c) voltage is greater than specified by vmax
OSDI(debug) n.xru173.nr1: WARNING: V(i1,c) voltage is greater than specified by vmax
OSDI(debug) n.xru173.nr1: WARNING: V(i2,c) voltage is greater than specified by vmax
OSDI(debug) n.xru172.nr1: WARNING: V(i1,c) voltage is greater than specified by vmax
OSDI(debug) n.xru172.nr1: WARNING: V(i2,c) voltage is greater than specified by vmax
OSDI(debug) n.xru171.nr1: WARNING: V(i1,c) voltage is greater than specified by vmax
OSDI(debug) n.xru171.nr1: WARNING: V(i2,c) voltage is greater than specified by vmax
OSDI(debug) n.xru170.nr1: WARNING: V(i1,c) voltage is greater than specified by vmax
OSDI(debug) n.xru170.nr1: WARNING: V(i2,c) voltage is greater than specified by vmax
OSDI(debug) n.xru169.nr1: WARNING: V(i1,c) voltage is greater than specified by vmax
OSDI(debug) n.xru169.nr1: WARNING: V(i2,c) voltage is greater than specified by vmax
OSDI(debug) n.xru168.nr1: WARNING: V(i1,c) voltage is greater than specified by vmax
OSDI(debug) n.xru168.nr1: WARNING: V(i2,c) voltage is greater than specified by vmax
OSDI(debug) n.xru167.nr1: WARNING: V(i1,c) voltage is greater than specified by vmax
OSDI(debug) n.xru167.nr1: WARNING: V(i2,c) voltage is greater than specified by vmax
OSDI(debug) n.xru166.nr1: WARNING: V(i1,c) voltage is greater than specified by vmax
OSDI(debug) n.xru166.nr1: WARNING: V(i2,c) voltage is greater than specified by vmax
OSDI(debug) n.xru165.nr1: WARNING: V(i1,c) voltage is greater than specified by vmax
OSDI(debug) n.xru165.nr1: WARNING: V(i2,c) voltage is greater than specified by vmax
OSDI(debug) n.xru164.nr1: WARNING: V(i1,c) voltage is greater than specified by vmax
OSDI(debug) n.xru164.nr1: WARNING: V(i2,c) voltage is greater than specified by vmax
OSDI(debug) n.xru163.nr1: WARNING: V(i1,c) voltage is greater than specified by vmax
OSDI(debug) n.xru163.nr1: WARNING: V(i2,c) voltage is greater than specified by vmax
OSDI(debug) n.xru162.nr1: WARNING: V(i1,c) voltage is greater than specified by vmax
OSDI(debug) n.xru162.nr1: WARNING: V(i2,c) voltage is greater than specified by vmax
OSDI(debug) n.xru161.nr1: WARNING: V(i1,c) voltage is greater than specified by vmax
OSDI(debug) n.xru161.nr1: WARNING: V(i2,c) voltage is greater than specified by vmax
OSDI(debug) n.xru160.nr1: WARNING: V(i1,c) voltage is greater than specified by vmax
OSDI(debug) n.xru160.nr1: WARNING: V(i2,c) voltage is greater than specified by vmax
OSDI(debug) n.xru159.nr1: WARNING: V(i1,c) voltage is greater than specified by vmax
OSDI(debug) n.xru159.nr1: WARNING: V(i2,c) voltage is greater than specified by vmax
OSDI(debug) n.xru158.nr1: WARNING: V(i1,c) voltage is greater than specified by vmax
OSDI(debug) n.xru158.nr1: WARNING: V(i2,c) voltage is greater than specified by vmax
OSDI(debug) n.xru157.nr1: WARNING: V(i1,c) voltage is greater than specified by vmax
OSDI(debug) n.xru157.nr1: WARNING: V(i2,c) voltage is greater than specified by vmax
OSDI(debug) n.xru156.nr1: WARNING: V(i1,c) voltage is greater than specified by vmax
OSDI(debug) n.xru156.nr1: WARNING: V(i2,c) voltage is greater than specified by vmax
OSDI(debug) n.xru155.nr1: WARNING: V(i1,c) voltage is greater than specified by vmax
OSDI(debug) n.xru155.nr1: WARNING: V(i2,c) voltage is greater than specified by vmax
OSDI(debug) n.xru154.nr1: WARNING: V(i1,c) voltage is greater than specified by vmax
OSDI(debug) n.xru154.nr1: WARNING: V(i2,c) voltage is greater than specified by vmax
OSDI(debug) n.xru153.nr1: WARNING: V(i1,c) voltage is greater than specified by vmax
OSDI(debug) n.xru153.nr1: WARNING: V(i2,c) voltage is greater than specified by vmax
OSDI(debug) n.xru152.nr1: WARNING: V(i1,c) voltage is greater than specified by vmax
OSDI(debug) n.xru152.nr1: WARNING: V(i2,c) voltage is greater than specified by vmax
OSDI(debug) n.xru151.nr1: WARNING: V(i1,c) voltage is greater than specified by vmax
OSDI(debug) n.xru151.nr1: WARNING: V(i2,c) voltage is greater than specified by vmax
OSDI(debug) n.xru150.nr1: WARNING: V(i1,c) voltage is greater than specified by vmax
OSDI(debug) n.xru150.nr1: WARNING: V(i2,c) voltage is greater than specified by vmax
OSDI(debug) n.xru149.nr1: WARNING: V(i1,c) voltage is greater than specified by vmax
OSDI(debug) n.xru149.nr1: WARNING: V(i2,c) voltage is greater than specified by vmax
OSDI(debug) n.xru148.nr1: WARNING: V(i1,c) voltage is greater than specified by vmax
OSDI(debug) n.xru148.nr1: WARNING: V(i2,c) voltage is greater than specified by vmax
OSDI(debug) n.xru147.nr1: WARNING: V(i1,c) voltage is greater than specified by vmax
OSDI(debug) n.xru147.nr1: WARNING: V(i2,c) voltage is greater than specified by vmax
OSDI(debug) n.xru146.nr1: WARNING: V(i1,c) voltage is greater than specified by vmax
OSDI(debug) n.xru146.nr1: WARNING: V(i2,c) voltage is greater than specified by vmax
OSDI(debug) n.xru145.nr1: WARNING: V(i1,c) voltage is greater than specified by vmax
OSDI(debug) n.xru145.nr1: WARNING: V(i2,c) voltage is greater than specified by vmax
OSDI(debug) n.xru144.nr1: WARNING: V(i1,c) voltage is greater than specified by vmax
OSDI(debug) n.xru144.nr1: WARNING: V(i2,c) voltage is greater than specified by vmax
OSDI(debug) n.xru143.nr1: WARNING: V(i1,c) voltage is greater than specified by vmax
OSDI(debug) n.xru143.nr1: WARNING: V(i2,c) voltage is greater than specified by vmax
OSDI(debug) n.xru142.nr1: WARNING: V(i1,c) voltage is greater than specified by vmax
OSDI(debug) n.xru142.nr1: WARNING: V(i2,c) voltage is greater than specified by vmax
OSDI(debug) n.xru141.nr1: WARNING: V(i1,c) voltage is greater than specified by vmax
OSDI(debug) n.xru141.nr1: WARNING: V(i2,c) voltage is greater than specified by vmax
OSDI(debug) n.xru140.nr1: WARNING: V(i1,c) voltage is greater than specified by vmax
OSDI(debug) n.xru140.nr1: WARNING: V(i2,c) voltage is greater than specified by vmax
OSDI(debug) n.xru139.nr1: WARNING: V(i1,c) voltage is greater than specified by vmax
OSDI(debug) n.xru139.nr1: WARNING: V(i2,c) voltage is greater than specified by vmax
OSDI(debug) n.xru138.nr1: WARNING: V(i1,c) voltage is greater than specified by vmax
OSDI(debug) n.xru138.nr1: WARNING: V(i2,c) voltage is greater than specified by vmax
OSDI(debug) n.xru137.nr1: WARNING: V(i1,c) voltage is greater than specified by vmax
OSDI(debug) n.xru137.nr1: WARNING: V(i2,c) voltage is greater than specified by vmax
OSDI(debug) n.xru136.nr1: WARNING: V(i1,c) voltage is greater than specified by vmax
OSDI(debug) n.xru136.nr1: WARNING: V(i2,c) voltage is greater than specified by vmax
OSDI(debug) n.xru135.nr1: WARNING: V(i1,c) voltage is greater than specified by vmax
OSDI(debug) n.xru135.nr1: WARNING: V(i2,c) voltage is greater than specified by vmax
OSDI(debug) n.xru134.nr1: WARNING: V(i1,c) voltage is greater than specified by vmax
OSDI(debug) n.xru134.nr1: WARNING: V(i2,c) voltage is greater than specified by vmax
OSDI(debug) n.xru133.nr1: WARNING: V(i1,c) voltage is greater than specified by vmax
OSDI(debug) n.xru133.nr1: WARNING: V(i2,c) voltage is greater than specified by vmax
OSDI(debug) n.xru132.nr1: WARNING: V(i1,c) voltage is greater than specified by vmax
OSDI(debug) n.xru132.nr1: WARNING: V(i2,c) voltage is greater than specified by vmax
OSDI(debug) n.xru131.nr1: WARNING: V(i1,c) voltage is greater than specified by vmax
OSDI(debug) n.xru131.nr1: WARNING: V(i2,c) voltage is greater than specified by vmax
OSDI(debug) n.xru130.nr1: WARNING: V(i1,c) voltage is greater than specified by vmax
OSDI(debug) n.xru130.nr1: WARNING: V(i2,c) voltage is greater than specified by vmax
OSDI(debug) n.xru129.nr1: WARNING: V(i1,c) voltage is greater than specified by vmax
OSDI(debug) n.xru129.nr1: WARNING: V(i2,c) voltage is greater than specified by vmax
OSDI(debug) n.xru128.nr1: WARNING: V(i1,c) voltage is greater than specified by vmax
OSDI(debug) n.xru128.nr1: WARNING: V(i2,c) voltage is greater than specified by vmax
OSDI(debug) n.xru127.nr1: WARNING: V(i2,c) voltage is greater than specified by vmax
OSDI(debug) n.xru126.nr1: WARNING: V(i2,c) voltage is greater than specified by vmax
OSDI(debug) n.xru250.nr1: WARNING: V(i1,c) voltage is greater than specified by vmax
OSDI(debug) n.xru66.nr1: WARNING: V(i1,c) voltage is greater than specified by vmax
OSDI(debug) n.xru65.nr1: WARNING: V(i1,c) voltage is greater than specified by vmax
OSDI(debug) n.xru64.nr1: WARNING: V(i1,c) voltage is greater than specified by vmax
OSDI(debug) n.xru63.nr1: WARNING: V(i1,c) voltage is greater than specified by vmax
OSDI(debug) n.xru63.nr1: WARNING: V(i2,c) voltage is greater than specified by vmax
OSDI(debug) n.xru62.nr1: WARNING: V(i2,c) voltage is greater than specified by vmax
OSDI(debug) n.xru61.nr1: WARNING: V(i2,c) voltage is greater than specified by vmax
OSDI(debug) n.xru34.nr1: WARNING: V(i1,c) voltage is greater than specified by vmax
OSDI(debug) n.xru33.nr1: WARNING: V(i1,c) voltage is greater than specified by vmax
OSDI(debug) n.xru32.nr1: WARNING: V(i1,c) voltage is greater than specified by vmax
OSDI(debug) n.xru32.nr1: WARNING: V(i2,c) voltage is greater than specified by vmax
OSDI(debug) n.xru31.nr1: WARNING: V(i1,c) voltage is greater than specified by vmax
OSDI(debug) n.xru31.nr1: WARNING: V(i2,c) voltage is greater than specified by vmax
OSDI(debug) n.xru30.nr1: WARNING: V(i2,c) voltage is greater than specified by vmax
OSDI(debug) n.xru17.nr1: WARNING: V(i1,c) voltage is greater than specified by vmax
OSDI(debug) n.xru16.nr1: WARNING: V(i1,c) voltage is greater than specified by vmax
OSDI(debug) n.xru16.nr1: WARNING: V(i2,c) voltage is greater than specified by vmax
OSDI(debug) n.xru15.nr1: WARNING: V(i1,c) voltage is greater than specified by vmax
OSDI(debug) n.xru15.nr1: WARNING: V(i2,c) voltage is greater than specified by vmax
OSDI(debug) n.xru14.nr1: WARNING: V(i1,c) voltage is greater than specified by vmax
OSDI(debug) n.xru14.nr1: WARNING: V(i2,c) voltage is greater than specified by vmax
OSDI(debug) n.xru13.nr1: WARNING: V(i2,c) voltage is greater than specified by vmax
OSDI(debug) n.xru10.nr1: WARNING: V(i1,c) voltage is greater than specified by vmax
OSDI(debug) n.xru9.nr1: WARNING: V(i1,c) voltage is greater than specified by vmax
OSDI(debug) n.xru8.nr1: WARNING: V(i1,c) voltage is greater than specified by vmax
OSDI(debug) n.xru7.nr1: WARNING: V(i1,c) voltage is greater than specified by vmax
OSDI(debug) n.xru7.nr1: WARNING: V(i2,c) voltage is greater than specified by vmax
OSDI(debug) n.xru6.nr1: WARNING: V(i1,c) voltage is greater than specified by vmax
OSDI(debug) n.xru6.nr1: WARNING: V(i2,c) voltage is greater than specified by vmax
OSDI(debug) n.xru5.nr1: WARNING: V(i1,c) voltage is greater than specified by vmax
OSDI(debug) n.xru4.nr1: WARNING: V(i1,c) voltage is greater than specified by vmax
OSDI(debug) n.xru4.nr1: WARNING: V(i2,c) voltage is greater than specified by vmax
OSDI(debug) n.xru3.nr1: WARNING: V(i1,c) voltage is greater than specified by vmax
OSDI(debug) n.xru3.nr1: WARNING: V(i2,c) voltage is greater than specified by vmax
OSDI(debug) n.xru245.nr1: OSDI(debug) n.xru2.nr1: WARNING: V(i1,c) voltage is greater than specified by vmax
OSDI(debug) n.xru245.nr1: WARNING: V(i2,c) voltage is greater than specified by vmax
WARNING: V(i2,c) voltage is greater than specified by vmax
WARNING: V(i1,c) voltage is greater than specified by vmax
OSDI(debug) n.xru2.nr1: WARNING: V(i2,c) voltage is greater than specified by vmax
OSDI(debug) n.xru1.nr1: WARNING: V(i1,c) voltage is greater than specified by vmax
OSDI(debug) n.xru1.nr1: WARNING: V(i2,c) voltage is greater than specified by vmax
OSDI(debug) n.xr1.nr1: WARNING: V(i2,c) voltage is greater than specified by vmax
OSDI(debug) n.xru252.nr1: WARNING: V(i1,c) voltage is greater than specified by vmax
OSDI(debug) n.xru252.nr1: WARNING: V(i2,c) voltage is greater than specified by vmax
WARNING: V(i1,c) voltage is greater than specified by vmax
OSDI(debug) n.xru241.nr1: OSDI(debug) n.xru254.nr1: WARNING: V(i2,c) voltage is greater than specified by vmax
WARNING: V(i1,c) voltage is greater than specified by vmax
OSDI(debug) n.xru241.nr1: WARNING: V(i2,c) voltage is greater than specified by vmax
OSDI(debug) n.xru250.nr1: WARNING: V(i2,c) voltage is greater than specified by vmax
OSDI(debug) n.xru249.nr1: WARNING: V(i1,c) voltage is greater than specified by vmax
OSDI(debug) n.xru249.nr1: WARNING: V(i2,c) voltage is greater than specified by vmax
OSDI(debug) n.xr2.nr1: WARNING: V(i2,c) voltage is greater than specified by vmax
OSDI(debug) n.xr2.nr1: WARNING: V(i2,c) voltage is greater than specified by vmax
OSDI(debug) n.xr2.nr1: WARNING: V(i2,c) voltage is greater than specified by vmax
OSDI(debug) n.xr2.nr1: WARNING: V(i2,c) voltage is greater than specified by vmax
OSDI(debug) n.xr2.nr1: WARNING: V(i2,c) voltage is greater than specified by vmax
OSDI(debug) n.xr2.nr1: WARNING: V(i2,c) voltage is greater than specified by vmax
OSDI(debug) n.xr2.nr1: WARNING: V(i2,c) voltage is greater than specified by vmax
OSDI(debug) n.xr2.nr1: WARNING: V(i2,c) voltage is greater than specified by vmax
OSDI(debug) n.xr2.nr1: WARNING: V(i2,c) voltage is greater than specified by vmax
OSDI(debug) n.xr2.nr1: WARNING: V(i2,c) voltage is greater than specified by vmax
OSDI(debug) n.xr2.nr1: WARNING: V(i2,c) voltage is greater than specified by vmax
OSDI(debug) n.xr2.nr1: WARNING: V(i2,c) voltage is greater than specified by vmax
OSDI(debug) n.xr2.nr1: WARNING: V(i2,c) voltage is greater than specified by vmax
OSDI(debug) n.xr2.nr1: WARNING: V(i2,c) voltage is greater than specified by vmax
OSDI(debug) n.xr2.nr1: WARNING: V(i2,c) voltage is greater than specified by vmax
OSDI(debug) n.xr2.nr1: WARNING: V(i2,c) voltage is greater than specified by vmax
OSDI(debug) n.xr2.nr1: WARNING: V(i2,c) voltage is greater than specified by vmax
OSDI(debug) n.xr2.nr1: WARNING: V(i2,c) voltage is greater than specified by vmax
OSDI(debug) n.xr2.nr1: WARNING: V(i2,c) voltage is greater than specified by vmax
OSDI(debug) n.xr2.nr1: WARNING: V(i2,c) voltage is greater than specified by vmax
Warning: singular matrix:  check node t101__t1

Warning: Dynamic gmin stepping failed
Note: Starting true gmin stepping
Warning: singular matrix:  check nodes n.xru215.nr1#i2 and n.xru252.nr1#i2

OSDI(debug) n.xru255.nr1: WARNING: V(i1,c) voltage is greater than specified by vmax
OSDI(debug) n.xru250.nr1: OSDI(debug) n.xru249.nr1: OSDI(debug) n.xru255.nr1: WARNING: V(i1,c) voltage is greater than specified by vmax
OSDI(debug) n.xru250.nr1: WARNING: V(i2,c) voltage is greater than specified by vmax
OSDI(debug) n.xru248.nr1: WARNING: V(i1,c) voltage is greater than specified by vmax
OSDI(debug) n.xru248.nr1: WARNING: V(i2,c) voltage is greater than specified by vmax
OSDI(debug) n.xru247.nr1: WARNING: V(i1,c) voltage is greater than specified by vmax
OSDI(debug) n.xru247.nr1: WARNING: V(i2,c) voltage is greater than specified by vmax
OSDI(debug) n.xru245.nr1: WARNING: V(i2,c) voltage is greater than specified by vmax
OSDI(debug) n.xru244.nr1: WARNING: V(i1,c) voltage is greater than specified by vmax
OSDI(debug) n.xru244.nr1: WARNING: V(i2,c) voltage is greater than specified by vmax
OSDI(debug) n.xru243.nr1: WARNING: V(i1,c) voltage is greater than specified by vmax
OSDI(debug) n.xru243.nr1: WARNING: V(i2,c) voltage is greater than specified by vmax
OSDI(debug) n.xru242.nr1: WARNING: V(i1,c) voltage is greater than specified by vmax
OSDI(debug) n.xru242.nr1: WARNING: V(i2,c) voltage is greater than specified by vmax
OSDI(debug) n.xru241.nr1: WARNING: V(i1,c) voltage is greater than specified by vmax
OSDI(debug) n.xru241.nr1: WARNING: V(i2,c) voltage is greater than specified by vmax
OSDI(debug) n.xru240.nr1: WARNING: V(i1,c) voltage is greater than specified by vmax
OSDI(debug) n.xru240.nr1: WARNING: V(i2,c) voltage is greater than specified by vmax
OSDI(debug) n.xru239.nr1: WARNING: V(i1,c) voltage is greater than specified by vmax
OSDI(debug) n.xru239.nr1: WARNING: V(i2,c) voltage is greater than specified by vmax
OSDI(debug) n.xru238.nr1: WARNING: V(i1,c) voltage is greater than specified by vmax
OSDI(debug) n.xru238.nr1: WARNING: V(i2,c) voltage is greater than specified by vmax
OSDI(debug) n.xru237.nr1: WARNING: V(i1,c) voltage is greater than specified by vmax
OSDI(debug) n.xru237.nr1: WARNING: V(i2,c) voltage is greater than specified by vmax
OSDI(debug) n.xru236.nr1: WARNING: V(i1,c) voltage is greater than specified by vmax
OSDI(debug) n.xru236.nr1: WARNING: V(i2,c) voltage is greater than specified by vmax
OSDI(debug) n.xru235.nr1: WARNING: V(i1,c) voltage is greater than specified by vmax
OSDI(debug) n.xru235.nr1: WARNING: V(i2,c) voltage is greater than specified by vmax
OSDI(debug) n.xru234.nr1: WARNING: V(i1,c) voltage is greater than specified by vmax
OSDI(debug) n.xru234.nr1: WARNING: V(i2,c) voltage is greater than specified by vmax
OSDI(debug) n.xru233.nr1: WARNING: V(i1,c) voltage is greater than specified by vmax
OSDI(debug) n.xru233.nr1: WARNING: V(i2,c) voltage is greater than specified by vmax
OSDI(debug) n.xru232.nr1: WARNING: V(i1,c) voltage is greater than specified by vmax
OSDI(debug) n.xru232.nr1: WARNING: V(i2,c) voltage is greater than specified by vmax
OSDI(debug) n.xru231.nr1: WARNING: V(i1,c) voltage is greater than specified by vmax
OSDI(debug) n.xru231.nr1: WARNING: V(i2,c) voltage is greater than specified by vmax
OSDI(debug) n.xru230.nr1: WARNING: V(i1,c) voltage is greater than specified by vmax
OSDI(debug) n.xru230.nr1: WARNING: V(i2,c) voltage is greater than specified by vmax
OSDI(debug) n.xru229.nr1: WARNING: V(i1,c) voltage is greater than specified by vmax
OSDI(debug) n.xru229.nr1: WARNING: V(i2,c) voltage is greater than specified by vmax
OSDI(debug) n.xru228.nr1: WARNING: V(i1,c) voltage is greater than specified by vmax
OSDI(debug) n.xru228.nr1: WARNING: V(i2,c) voltage is greater than specified by vmax
OSDI(debug) n.xru227.nr1: WARNING: V(i1,c) voltage is greater than specified by vmax
OSDI(debug) n.xru227.nr1: WARNING: V(i2,c) voltage is greater than specified by vmax
OSDI(debug) n.xru226.nr1: WARNING: V(i1,c) voltage is greater than specified by vmax
OSDI(debug) n.xru226.nr1: WARNING: V(i2,c) voltage is greater than specified by vmax
OSDI(debug) n.xru225.nr1: WARNING: V(i1,c) voltage is greater than specified by vmax
OSDI(debug) n.xru225.nr1: WARNING: V(i2,c) voltage is greater than specified by vmax
OSDI(debug) n.xru224.nr1: WARNING: V(i1,c) voltage is greater than specified by vmax
OSDI(debug) n.xru224.nr1: WARNING: V(i2,c) voltage is greater than specified by vmax
OSDI(debug) n.xru223.nr1: WARNING: V(i1,c) voltage is greater than specified by vmax
OSDI(debug) n.xru223.nr1: WARNING: V(i2,c) voltage is greater than specified by vmax
OSDI(debug) n.xru222.nr1: WARNING: V(i1,c) voltage is greater than specified by vmax
OSDI(debug) n.xru222.nr1: WARNING: V(i2,c) voltage is greater than specified by vmax
OSDI(debug) n.xru221.nr1: WARNING: V(i1,c) voltage is greater than specified by vmax
OSDI(debug) n.xru221.nr1: WARNING: V(i2,c) voltage is greater than specified by vmax
OSDI(debug) n.xru220.nr1: WARNING: V(i1,c) voltage is greater than specified by vmax
OSDI(debug) n.xru220.nr1: WARNING: V(i2,c) voltage is greater than specified by vmax
OSDI(debug) n.xru219.nr1: WARNING: V(i1,c) voltage is greater than specified by vmax
OSDI(debug) n.xru219.nr1: WARNING: V(i2,c) voltage is greater than specified by vmax
OSDI(debug) n.xru218.nr1: WARNING: V(i1,c) voltage is greater than specified by vmax
OSDI(debug) n.xru218.nr1: WARNING: V(i2,c) voltage is greater than specified by vmax
OSDI(debug) n.xru217.nr1: WARNING: V(i1,c) voltage is greater than specified by vmax
OSDI(debug) n.xru217.nr1: WARNING: V(i2,c) voltage is greater than specified by vmax
OSDI(debug) n.xru216.nr1: WARNING: V(i1,c) voltage is greater than specified by vmax
OSDI(debug) n.xru216.nr1: WARNING: V(i2,c) voltage is greater than specified by vmax
OSDI(debug) n.xru215.nr1: WARNING: V(i1,c) voltage is greater than specified by vmax
OSDI(debug) n.xru215.nr1: WARNING: V(i2,c) voltage is greater than specified by vmax
OSDI(debug) n.xru214.nr1: WARNING: V(i1,c) voltage is greater than specified by vmax
OSDI(debug) n.xru214.nr1: WARNING: V(i2,c) voltage is greater than specified by vmax
OSDI(debug) n.xru213.nr1: WARNING: V(i1,c) voltage is greater than specified by vmax
OSDI(debug) n.xru213.nr1: WARNING: V(i2,c) voltage is greater than specified by vmax
OSDI(debug) n.xru212.nr1: WARNING: V(i1,c) voltage is greater than specified by vmax
OSDI(debug) n.xru212.nr1: WARNING: V(i2,c) voltage is greater than specified by vmax
OSDI(debug) n.xru211.nr1: WARNING: V(i1,c) voltage is greater than specified by vmax
OSDI(debug) n.xru211.nr1: WARNING: V(i2,c) voltage is greater than specified by vmax
OSDI(debug) n.xru210.nr1: WARNING: V(i1,c) voltage is greater than specified by vmax
OSDI(debug) n.xru210.nr1: WARNING: V(i2,c) voltage is greater than specified by vmax
OSDI(debug) n.xru209.nr1: WARNING: V(i1,c) voltage is greater than specified by vmax
OSDI(debug) n.xru209.nr1: WARNING: V(i2,c) voltage is greater than specified by vmax
OSDI(debug) n.xru208.nr1: WARNING: V(i1,c) voltage is greater than specified by vmax
OSDI(debug) n.xru208.nr1: WARNING: V(i2,c) voltage is greater than specified by vmax
OSDI(debug) n.xru207.nr1: WARNING: V(i1,c) voltage is greater than specified by vmax
OSDI(debug) n.xru207.nr1: WARNING: V(i2,c) voltage is greater than specified by vmax
OSDI(debug) n.xru206.nr1: WARNING: V(i1,c) voltage is greater than specified by vmax
OSDI(debug) n.xru206.nr1: WARNING: V(i2,c) voltage is greater than specified by vmax
OSDI(debug) n.xru205.nr1: WARNING: V(i1,c) voltage is greater than specified by vmax
OSDI(debug) n.xru205.nr1: WARNING: V(i2,c) voltage is greater than specified by vmax
OSDI(debug) n.xru204.nr1: WARNING: V(i1,c) voltage is greater than specified by vmax
OSDI(debug) n.xru204.nr1: WARNING: V(i2,c) voltage is greater than specified by vmax
OSDI(debug) n.xru203.nr1: WARNING: V(i1,c) voltage is greater than specified by vmax
OSDI(debug) n.xru203.nr1: WARNING: V(i2,c) voltage is greater than specified by vmax
OSDI(debug) n.xru202.nr1: WARNING: V(i1,c) voltage is greater than specified by vmax
OSDI(debug) n.xru202.nr1: WARNING: V(i2,c) voltage is greater than specified by vmax
OSDI(debug) n.xru201.nr1: WARNING: V(i1,c) voltage is greater than specified by vmax
OSDI(debug) n.xru201.nr1: WARNING: V(i2,c) voltage is greater than specified by vmax
OSDI(debug) n.xru200.nr1: WARNING: V(i1,c) voltage is greater than specified by vmax
OSDI(debug) n.xru200.nr1: WARNING: V(i2,c) voltage is greater than specified by vmax
OSDI(debug) n.xru199.nr1: WARNING: V(i1,c) voltage is greater than specified by vmax
OSDI(debug) n.xru199.nr1: WARNING: V(i2,c) voltage is greater than specified by vmax
OSDI(debug) n.xru198.nr1: WARNING: V(i1,c) voltage is greater than specified by vmax
OSDI(debug) n.xru198.nr1: WARNING: V(i2,c) voltage is greater than specified by vmax
OSDI(debug) n.xru197.nr1: WARNING: V(i1,c) voltage is greater than specified by vmax
OSDI(debug) n.xru197.nr1: WARNING: V(i2,c) voltage is greater than specified by vmax
OSDI(debug) n.xru196.nr1: WARNING: V(i1,c) voltage is greater than specified by vmax
OSDI(debug) n.xru196.nr1: WARNING: V(i2,c) voltage is greater than specified by vmax
OSDI(debug) n.xru195.nr1: WARNING: V(i1,c) voltage is greater than specified by vmax
OSDI(debug) n.xru195.nr1: WARNING: V(i2,c) voltage is greater than specified by vmax
OSDI(debug) n.xru194.nr1: WARNING: V(i1,c) voltage is greater than specified by vmax
OSDI(debug) n.xru194.nr1: WARNING: V(i2,c) voltage is greater than specified by vmax
OSDI(debug) n.xru193.nr1: WARNING: V(i1,c) voltage is greater than specified by vmax
OSDI(debug) n.xru193.nr1: WARNING: V(i2,c) voltage is greater than specified by vmax
OSDI(debug) n.xru192.nr1: WARNING: V(i1,c) voltage is greater than specified by vmax
OSDI(debug) n.xru192.nr1: WARNING: V(i2,c) voltage is greater than specified by vmax
OSDI(debug) n.xru191.nr1: WARNING: V(i1,c) voltage is greater than specified by vmax
OSDI(debug) n.xru191.nr1: WARNING: V(i2,c) voltage is greater than specified by vmax
OSDI(debug) n.xru190.nr1: WARNING: V(i1,c) voltage is greater than specified by vmax
OSDI(debug) n.xru190.nr1: WARNING: V(i2,c) voltage is greater than specified by vmax
OSDI(debug) n.xru189.nr1: WARNING: V(i1,c) voltage is greater than specified by vmax
OSDI(debug) n.xru189.nr1: WARNING: V(i2,c) voltage is greater than specified by vmax
OSDI(debug) n.xru188.nr1: WARNING: V(i1,c) voltage is greater than specified by vmax
OSDI(debug) n.xru188.nr1: WARNING: V(i2,c) voltage is greater than specified by vmax
OSDI(debug) n.xru187.nr1: WARNING: V(i1,c) voltage is greater than specified by vmax
OSDI(debug) n.xru187.nr1: WARNING: V(i2,c) voltage is greater than specified by vmax
OSDI(debug) n.xru186.nr1: WARNING: V(i1,c) voltage is greater than specified by vmax
OSDI(debug) n.xru186.nr1: WARNING: V(i2,c) voltage is greater than specified by vmax
OSDI(debug) n.xru185.nr1: WARNING: V(i1,c) voltage is greater than specified by vmax
OSDI(debug) n.xru185.nr1: WARNING: V(i2,c) voltage is greater than specified by vmax
OSDI(debug) n.xru184.nr1: WARNING: V(i1,c) voltage is greater than specified by vmax
OSDI(debug) n.xru184.nr1: WARNING: V(i2,c) voltage is greater than specified by vmax
OSDI(debug) n.xru183.nr1: WARNING: V(i1,c) voltage is greater than specified by vmax
OSDI(debug) n.xru183.nr1: WARNING: V(i2,c) voltage is greater than specified by vmax
OSDI(debug) n.xru182.nr1: WARNING: V(i1,c) voltage is greater than specified by vmax
OSDI(debug) n.xru182.nr1: WARNING: V(i2,c) voltage is greater than specified by vmax
OSDI(debug) n.xru181.nr1: WARNING: V(i1,c) voltage is greater than specified by vmax
OSDI(debug) n.xru181.nr1: WARNING: V(i2,c) voltage is greater than specified by vmax
OSDI(debug) n.xru180.nr1: WARNING: V(i1,c) voltage is greater than specified by vmax
OSDI(debug) n.xru180.nr1: WARNING: V(i2,c) voltage is greater than specified by vmax
OSDI(debug) n.xru179.nr1: WARNING: V(i1,c) voltage is greater than specified by vmax
OSDI(debug) n.xru179.nr1: WARNING: V(i2,c) voltage is greater than specified by vmax
OSDI(debug) n.xru178.nr1: WARNING: V(i1,c) voltage is greater than specified by vmax
OSDI(debug) n.xru178.nr1: WARNING: V(i2,c) voltage is greater than specified by vmax
OSDI(debug) n.xru177.nr1: WARNING: V(i1,c) voltage is greater than specified by vmax
OSDI(debug) n.xru177.nr1: WARNING: V(i2,c) voltage is greater than specified by vmax
OSDI(debug) n.xru176.nr1: WARNING: V(i1,c) voltage is greater than specified by vmax
OSDI(debug) n.xru176.nr1: WARNING: V(i2,c) voltage is greater than specified by vmax
OSDI(debug) n.xru175.nr1: WARNING: V(i1,c) voltage is greater than specified by vmax
OSDI(debug) n.xru175.nr1: WARNING: V(i2,c) voltage is greater than specified by vmax
OSDI(debug) n.xru174.nr1: WARNING: V(i1,c) voltage is greater than specified by vmax
OSDI(debug) n.xru174.nr1: WARNING: V(i2,c) voltage is greater than specified by vmax
OSDI(debug) n.xru173.nr1: WARNING: V(i1,c) voltage is greater than specified by vmax
OSDI(debug) n.xru173.nr1: WARNING: V(i2,c) voltage is greater than specified by vmax
OSDI(debug) n.xru172.nr1: WARNING: V(i1,c) voltage is greater than specified by vmax
OSDI(debug) n.xru172.nr1: WARNING: V(i2,c) voltage is greater than specified by vmax
OSDI(debug) n.xru171.nr1: WARNING: V(i1,c) voltage is greater than specified by vmax
OSDI(debug) n.xru171.nr1: WARNING: V(i2,c) voltage is greater than specified by vmax
OSDI(debug) n.xru170.nr1: WARNING: V(i1,c) voltage is greater than specified by vmax
OSDI(debug) n.xru170.nr1: WARNING: V(i2,c) voltage is greater than specified by vmax
OSDI(debug) n.xru169.nr1: WARNING: V(i1,c) voltage is greater than specified by vmax
OSDI(debug) n.xru169.nr1: WARNING: V(i2,c) voltage is greater than specified by vmax
OSDI(debug) n.xru168.nr1: WARNING: V(i1,c) voltage is greater than specified by vmax
OSDI(debug) n.xru168.nr1: WARNING: V(i2,c) voltage is greater than specified by vmax
OSDI(debug) n.xru167.nr1: WARNING: V(i1,c) voltage is greater than specified by vmax
OSDI(debug) n.xru167.nr1: WARNING: V(i2,c) voltage is greater than specified by vmax
OSDI(debug) n.xru166.nr1: WARNING: V(i1,c) voltage is greater than specified by vmax
OSDI(debug) n.xru166.nr1: WARNING: V(i2,c) voltage is greater than specified by vmax
OSDI(debug) n.xru165.nr1: WARNING: V(i1,c) voltage is greater than specified by vmax
OSDI(debug) n.xru165.nr1: WARNING: V(i2,c) voltage is greater than specified by vmax
OSDI(debug) n.xru164.nr1: WARNING: V(i1,c) voltage is greater than specified by vmax
OSDI(debug) n.xru164.nr1: WARNING: V(i2,c) voltage is greater than specified by vmax
OSDI(debug) n.xru163.nr1: WARNING: V(i1,c) voltage is greater than specified by vmax
OSDI(debug) n.xru163.nr1: WARNING: V(i2,c) voltage is greater than specified by vmax
OSDI(debug) n.xru162.nr1: WARNING: V(i1,c) voltage is greater than specified by vmax
OSDI(debug) n.xru162.nr1: WARNING: V(i2,c) voltage is greater than specified by vmax
OSDI(debug) n.xru161.nr1: WARNING: V(i1,c) voltage is greater than specified by vmax
OSDI(debug) n.xru161.nr1: WARNING: V(i2,c) voltage is greater than specified by vmax
OSDI(debug) n.xru160.nr1: WARNING: V(i1,c) voltage is greater than specified by vmax
OSDI(debug) n.xru160.nr1: WARNING: V(i2,c) voltage is greater than specified by vmax
OSDI(debug) n.xru159.nr1: WARNING: V(i1,c) voltage is greater than specified by vmax
OSDI(debug) n.xru159.nr1: WARNING: V(i2,c) voltage is greater than specified by vmax
OSDI(debug) n.xru158.nr1: WARNING: V(i1,c) voltage is greater than specified by vmax
OSDI(debug) n.xru158.nr1: WARNING: V(i2,c) voltage is greater than specified by vmax
OSDI(debug) n.xru157.nr1: WARNING: V(i1,c) voltage is greater than specified by vmax
OSDI(debug) n.xru157.nr1: WARNING: V(i2,c) voltage is greater than specified by vmax
OSDI(debug) n.xru156.nr1: WARNING: V(i1,c) voltage is greater than specified by vmax
OSDI(debug) n.xru156.nr1: WARNING: V(i2,c) voltage is greater than specified by vmax
OSDI(debug) n.xru155.nr1: WARNING: V(i1,c) voltage is greater than specified by vmax
OSDI(debug) n.xru155.nr1: WARNING: V(i2,c) voltage is greater than specified by vmax
OSDI(debug) n.xru154.nr1: WARNING: V(i1,c) voltage is greater than specified by vmax
OSDI(debug) n.xru154.nr1: WARNING: V(i2,c) voltage is greater than specified by vmax
OSDI(debug) n.xru153.nr1: WARNING: V(i1,c) voltage is greater than specified by vmax
OSDI(debug) n.xru153.nr1: WARNING: V(i2,c) voltage is greater than specified by vmax
OSDI(debug) n.xru152.nr1: WARNING: V(i1,c) voltage is greater than specified by vmax
OSDI(debug) n.xru152.nr1: WARNING: V(i2,c) voltage is greater than specified by vmax
OSDI(debug) n.xru151.nr1: WARNING: V(i1,c) voltage is greater than specified by vmax
OSDI(debug) n.xru151.nr1: WARNING: V(i2,c) voltage is greater than specified by vmax
OSDI(debug) n.xru150.nr1: WARNING: V(i1,c) voltage is greater than specified by vmax
OSDI(debug) n.xru150.nr1: WARNING: V(i2,c) voltage is greater than specified by vmax
OSDI(debug) n.xru149.nr1: WARNING: V(i1,c) voltage is greater than specified by vmax
OSDI(debug) n.xru149.nr1: WARNING: V(i2,c) voltage is greater than specified by vmax
OSDI(debug) n.xru148.nr1: WARNING: V(i1,c) voltage is greater than specified by vmax
OSDI(debug) n.xru148.nr1: WARNING: V(i2,c) voltage is greater than specified by vmax
OSDI(debug) n.xru147.nr1: WARNING: V(i1,c) voltage is greater than specified by vmax
OSDI(debug) n.xru147.nr1: WARNING: V(i2,c) voltage is greater than specified by vmax
OSDI(debug) n.xru146.nr1: WARNING: V(i1,c) voltage is greater than specified by vmax
OSDI(debug) n.xru146.nr1: WARNING: V(i2,c) voltage is greater than specified by vmax
OSDI(debug) n.xru145.nr1: WARNING: V(i1,c) voltage is greater than specified by vmax
OSDI(debug) n.xru145.nr1: WARNING: V(i2,c) voltage is greater than specified by vmax
OSDI(debug) n.xru144.nr1: WARNING: V(i1,c) voltage is greater than specified by vmax
OSDI(debug) n.xru144.nr1: WARNING: V(i2,c) voltage is greater than specified by vmax
OSDI(debug) n.xru143.nr1: WARNING: V(i1,c) voltage is greater than specified by vmax
OSDI(debug) n.xru143.nr1: WARNING: V(i2,c) voltage is greater than specified by vmax
OSDI(debug) n.xru142.nr1: WARNING: V(i1,c) voltage is greater than specified by vmax
OSDI(debug) n.xru142.nr1: WARNING: V(i2,c) voltage is greater than specified by vmax
OSDI(debug) n.xru141.nr1: WARNING: V(i1,c) voltage is greater than specified by vmax
OSDI(debug) n.xru141.nr1: WARNING: V(i2,c) voltage is greater than specified by vmax
OSDI(debug) n.xru140.nr1: WARNING: V(i1,c) voltage is greater than specified by vmax
OSDI(debug) n.xru140.nr1: WARNING: V(i2,c) voltage is greater than specified by vmax
OSDI(debug) n.xru139.nr1: WARNING: V(i1,c) voltage is greater than specified by vmax
OSDI(debug) n.xru139.nr1: WARNING: V(i2,c) voltage is greater than specified by vmax
OSDI(debug) n.xru138.nr1: WARNING: V(i1,c) voltage is greater than specified by vmax
OSDI(debug) n.xru138.nr1: WARNING: V(i2,c) voltage is greater than specified by vmax
OSDI(debug) n.xru137.nr1: WARNING: V(i1,c) voltage is greater than specified by vmax
OSDI(debug) n.xru137.nr1: WARNING: V(i2,c) voltage is greater than specified by vmax
OSDI(debug) n.xru136.nr1: WARNING: V(i1,c) voltage is greater than specified by vmax
OSDI(debug) n.xru136.nr1: WARNING: V(i2,c) voltage is greater than specified by vmax
OSDI(debug) n.xru135.nr1: WARNING: V(i1,c) voltage is greater than specified by vmax
OSDI(debug) n.xru135.nr1: WARNING: V(i2,c) voltage is greater than specified by vmax
OSDI(debug) n.xru134.nr1: WARNING: V(i1,c) voltage is greater than specified by vmax
OSDI(debug) n.xru134.nr1: WARNING: V(i2,c) voltage is greater than specified by vmax
OSDI(debug) n.xru133.nr1: WARNING: V(i1,c) voltage is greater than specified by vmax
OSDI(debug) n.xru133.nr1: WARNING: V(i2,c) voltage is greater than specified by vmax
OSDI(debug) n.xru132.nr1: WARNING: V(i1,c) voltage is greater than specified by vmax
OSDI(debug) n.xru132.nr1: WARNING: V(i2,c) voltage is greater than specified by vmax
OSDI(debug) n.xru131.nr1: WARNING: V(i1,c) voltage is greater than specified by vmax
OSDI(debug) n.xru131.nr1: WARNING: V(i2,c) voltage is greater than specified by vmax
OSDI(debug) n.xru130.nr1: WARNING: V(i1,c) voltage is greater than specified by vmax
OSDI(debug) n.xru130.nr1: WARNING: V(i2,c) voltage is greater than specified by vmax
OSDI(debug) n.xru129.nr1: WARNING: V(i1,c) voltage is greater than specified by vmax
OSDI(debug) n.xru129.nr1: WARNING: V(i2,c) voltage is greater than specified by vmax
OSDI(debug) n.xru128.nr1: WARNING: V(i1,c) voltage is greater than specified by vmax
OSDI(debug) n.xru128.nr1: WARNING: V(i2,c) voltage is greater than specified by vmax
OSDI(debug) n.xru127.nr1: WARNING: V(i1,c) voltage is greater than specified by vmax
OSDI(debug) n.xru127.nr1: WARNING: V(i2,c) voltage is greater than specified by vmax
OSDI(debug) n.xru126.nr1: WARNING: V(i1,c) voltage is greater than specified by vmax
OSDI(debug) n.xru126.nr1: WARNING: V(i2,c) voltage is greater than specified by vmax
OSDI(debug) n.xru125.nr1: WARNING: V(i1,c) voltage is greater than specified by vmax
OSDI(debug) n.xru125.nr1: WARNING: V(i2,c) voltage is greater than specified by vmax
OSDI(debug) n.xru124.nr1: WARNING: V(i1,c) voltage is greater than specified by vmax
OSDI(debug) n.xru124.nr1: WARNING: V(i2,c) voltage is greater than specified by vmax
OSDI(debug) n.xru123.nr1: WARNING: V(i1,c) voltage is greater than specified by vmax
OSDI(debug) n.xru123.nr1: WARNING: V(i2,c) voltage is greater than specified by vmax
OSDI(debug) n.xru122.nr1: WARNING: V(i1,c) voltage is greater than specified by vmax
OSDI(debug) n.xru122.nr1: WARNING: V(i2,c) voltage is greater than specified by vmax
OSDI(debug) n.xru121.nr1: WARNING: V(i1,c) voltage is greater than specified by vmax
OSDI(debug) n.xru121.nr1: WARNING: V(i2,c) voltage is greater than specified by vmax
OSDI(debug) n.xru120.nr1: WARNING: V(i1,c) voltage is greater than specified by vmax
OSDI(debug) n.xru120.nr1: WARNING: V(i2,c) voltage is greater than specified by vmax
OSDI(debug) n.xru119.nr1: WARNING: V(i1,c) voltage is greater than specified by vmax
OSDI(debug) n.xru119.nr1: WARNING: V(i2,c) voltage is greater than specified by vmax
OSDI(debug) n.xru118.nr1: WARNING: V(i1,c) voltage is greater than specified by vmax
OSDI(debug) n.xru118.nr1: WARNING: V(i2,c) voltage is greater than specified by vmax
OSDI(debug) n.xru117.nr1: WARNING: V(i1,c) voltage is greater than specified by vmax
OSDI(debug) n.xru117.nr1: WARNING: V(i2,c) voltage is greater than specified by vmax
OSDI(debug) n.xru116.nr1: WARNING: V(i1,c) voltage is greater than specified by vmax
OSDI(debug) n.xru116.nr1: WARNING: V(i2,c) voltage is greater than specified by vmax
OSDI(debug) n.xru115.nr1: WARNING: V(i1,c) voltage is greater than specified by vmax
OSDI(debug) n.xru115.nr1: WARNING: V(i2,c) voltage is greater than specified by vmax
OSDI(debug) n.xru114.nr1: WARNING: V(i1,c) voltage is greater than specified by vmax
OSDI(debug) n.xru114.nr1: WARNING: V(i2,c) voltage is greater than specified by vmax
OSDI(debug) n.xru113.nr1: WARNING: V(i1,c) voltage is greater than specified by vmax
OSDI(debug) n.xru113.nr1: WARNING: V(i2,c) voltage is greater than specified by vmax
OSDI(debug) n.xru112.nr1: WARNING: V(i1,c) voltage is greater than specified by vmax
OSDI(debug) n.xru112.nr1: WARNING: V(i2,c) voltage is greater than specified by vmax
OSDI(debug) n.xru111.nr1: WARNING: V(i1,c) voltage is greater than specified by vmax
OSDI(debug) n.xru111.nr1: WARNING: V(i2,c) voltage is greater than specified by vmax
OSDI(debug) n.xru110.nr1: WARNING: V(i1,c) voltage is greater than specified by vmax
OSDI(debug) n.xru110.nr1: WARNING: V(i2,c) voltage is greater than specified by vmax
OSDI(debug) n.xru109.nr1: WARNING: V(i1,c) voltage is greater than specified by vmax
OSDI(debug) n.xru109.nr1: WARNING: V(i2,c) voltage is greater than specified by vmax
OSDI(debug) n.xru108.nr1: WARNING: V(i1,c) voltage is greater than specified by vmax
OSDI(debug) n.xru108.nr1: WARNING: V(i2,c) voltage is greater than specified by vmax
OSDI(debug) n.xru107.nr1: WARNING: V(i1,c) voltage is greater than specified by vmax
OSDI(debug) n.xru107.nr1: WARNING: V(i2,c) voltage is greater than specified by vmax
OSDI(debug) n.xru106.nr1: WARNING: V(i1,c) voltage is greater than specified by vmax
OSDI(debug) n.xru106.nr1: WARNING: V(i2,c) voltage is greater than specified by vmax
OSDI(debug) n.xru105.nr1: WARNING: V(i1,c) voltage is greater than specified by vmax
OSDI(debug) n.xru105.nr1: WARNING: V(i2,c) voltage is greater than specified by vmax
OSDI(debug) n.xru104.nr1: WARNING: V(i1,c) voltage is greater than specified by vmax
OSDI(debug) n.xru104.nr1: WARNING: V(i2,c) voltage is greater than specified by vmax
OSDI(debug) n.xru103.nr1: WARNING: V(i1,c) voltage is greater than specified by vmax
OSDI(debug) n.xru103.nr1: WARNING: V(i2,c) voltage is greater than specified by vmax
OSDI(debug) n.xru102.nr1: WARNING: V(i1,c) voltage is greater than specified by vmax
OSDI(debug) n.xru102.nr1: WARNING: V(i2,c) voltage is greater than specified by vmax
OSDI(debug) n.xru101.nr1: WARNING: V(i1,c) voltage is greater than specified by vmax
OSDI(debug) n.xru101.nr1: WARNING: V(i2,c) voltage is greater than specified by vmax
OSDI(debug) n.xru100.nr1: WARNING: V(i1,c) voltage is greater than specified by vmax
OSDI(debug) n.xru100.nr1: WARNING: V(i2,c) voltage is greater than specified by vmax
OSDI(debug) n.xru99.nr1: WARNING: V(i1,c) voltage is greater than specified by vmax
OSDI(debug) n.xru99.nr1: WARNING: V(i2,c) voltage is greater than specified by vmax
OSDI(debug) n.xru98.nr1: WARNING: V(i1,c) voltage is greater than specified by vmax
OSDI(debug) n.xru98.nr1: WARNING: V(i2,c) voltage is greater than specified by vmax
OSDI(debug) n.xru97.nr1: WARNING: V(i1,c) voltage is greater than specified by vmax
OSDI(debug) n.xru254.nr1: WARNING: V(i1,c) voltage is greater than specified by vmax
OSDI(debug) n.xru254.nr1: WARNING: V(i2,c) voltage is greater than specified by vmax
OSDI(debug) n.xru96.nr1: WARNING: V(i1,c) voltage is greater than specified by vmax
OSDI(debug) n.xru96.nr1: WARNING: V(i2,c) voltage is greater than specified by vmax
OSDI(debug) n.xru95.nr1: WARNING: V(i1,c) voltage is greater than specified by vmax
OSDI(debug) n.xru95.nr1: WARNING: V(i2,c) voltage is greater than specified by vmax
OSDI(debug) n.xru94.nr1: WARNING: V(i1,c) voltage is greater than specified by vmax
OSDI(debug) n.xru94.nr1: WARNING: V(i2,c) voltage is greater than specified by vmax
OSDI(debug) n.xru93.nr1: WARNING: V(i1,c) voltage is greater than specified by vmax
OSDI(debug) n.xru93.nr1: WARNING: V(i2,c) voltage is greater than specified by vmax
OSDI(debug) n.xru92.nr1: WARNING: V(i1,c) voltage is greater than specified by vmax
OSDI(debug) n.xru92.nr1: WARNING: V(i2,c) voltage is greater than specified by vmax
OSDI(debug) n.xru91.nr1: WARNING: V(i1,c) voltage is greater than specified by vmax
OSDI(debug) n.xru91.nr1: WARNING: V(i2,c) voltage is greater than specified by vmax
OSDI(debug) n.xru90.nr1: WARNING: V(i1,c) voltage is greater than specified by vmax
OSDI(debug) n.xru90.nr1: WARNING: V(i2,c) voltage is greater than specified by vmax
OSDI(debug) n.xru89.nr1: WARNING: V(i1,c) voltage is greater than specified by vmax
OSDI(debug) n.xru89.nr1: WARNING: V(i2,c) voltage is greater than specified by vmax
OSDI(debug) n.xru88.nr1: WARNING: V(i1,c) voltage is greater than specified by vmax
OSDI(debug) n.xru88.nr1: WARNING: V(i2,c) voltage is greater than specified by vmax
OSDI(debug) n.xru87.nr1: WARNING: V(i1,c) voltage is greater than specified by vmax
OSDI(debug) n.xru87.nr1: WARNING: V(i2,c) voltage is greater than specified by vmax
OSDI(debug) n.xru86.nr1: WARNING: V(i1,c) voltage is greater than specified by vmax
OSDI(debug) n.xru86.nr1: WARNING: V(i2,c) voltage is greater than specified by vmax
OSDI(debug) n.xru85.nr1: WARNING: V(i1,c) voltage is greater than specified by vmax
OSDI(debug) n.xru85.nr1: WARNING: V(i2,c) voltage is greater than specified by vmax
OSDI(debug) n.xru84.nr1: WARNING: V(i1,c) voltage is greater than specified by vmax
OSDI(debug) n.xru84.nr1: WARNING: V(i2,c) voltage is greater than specified by vmax
OSDI(debug) n.xru83.nr1: WARNING: V(i1,c) voltage is greater than specified by vmax
OSDI(debug) n.xru83.nr1: WARNING: V(i2,c) voltage is greater than specified by vmax
OSDI(debug) n.xru82.nr1: WARNING: V(i1,c) voltage is greater than specified by vmax
OSDI(debug) n.xru82.nr1: WARNING: V(i2,c) voltage is greater than specified by vmax
OSDI(debug) n.xru81.nr1: WARNING: V(i1,c) voltage is greater than specified by vmax
OSDI(debug) n.xru81.nr1: WARNING: V(i2,c) voltage is greater than specified by vmax
OSDI(debug) n.xru80.nr1: WARNING: V(i1,c) voltage is greater than specified by vmax
OSDI(debug) n.xru80.nr1: WARNING: V(i2,c) voltage is greater than specified by vmax
OSDI(debug) n.xru79.nr1: WARNING: V(i1,c) voltage is greater than specified by vmax
OSDI(debug) n.xru79.nr1: WARNING: V(i2,c) voltage is greater than specified by vmax
OSDI(debug) n.xru78.nr1: WARNING: V(i1,c) voltage is greater than specified by vmax
OSDI(debug) n.xru78.nr1: WARNING: V(i2,c) voltage is greater than specified by vmax
OSDI(debug) n.xru77.nr1: WARNING: V(i1,c) voltage is greater than specified by vmax
OSDI(debug) n.xru77.nr1: WARNING: V(i2,c) voltage is greater than specified by vmax
OSDI(debug) n.xru76.nr1: WARNING: V(i1,c) voltage is greater than specified by vmax
OSDI(debug) n.xru76.nr1: WARNING: V(i2,c) voltage is greater than specified by vmax
OSDI(debug) n.xru75.nr1: WARNING: V(i1,c) voltage is greater than specified by vmax
OSDI(debug) n.xru75.nr1: WARNING: V(i2,c) voltage is greater than specified by vmax
OSDI(debug) n.xru74.nr1: WARNING: V(i1,c) voltage is greater than specified by vmax
OSDI(debug) n.xru74.nr1: WARNING: V(i2,c) voltage is greater than specified by vmax
OSDI(debug) n.xru73.nr1: WARNING: V(i1,c) voltage is greater than specified by vmax
OSDI(debug) n.xru73.nr1: WARNING: V(i2,c) voltage is greater than specified by vmax
OSDI(debug) n.xru72.nr1: WARNING: V(i1,c) voltage is greater than specified by vmax
OSDI(debug) n.xru72.nr1: WARNING: V(i2,c) voltage is greater than specified by vmax
OSDI(debug) n.xru71.nr1: WARNING: V(i1,c) voltage is greater than specified by vmax
WARNING: V(i1,c) voltage is greater than specified by vmax
OSDI(debug) n.xru249.nr1: WARNING: V(i2,c) voltage is greater than specified by vmax
OSDI(debug) n.xru70.nr1: WARNING: V(i1,c) voltage is greater than specified by vmax
OSDI(debug) n.xru70.nr1: WARNING: V(i2,c) voltage is greater than specified by vmax
OSDI(debug) n.xru69.nr1: WARNING: V(i1,c) voltage is greater than specified by vmax
OSDI(debug) n.xru69.nr1: WARNING: V(i2,c) voltage is greater than specified by vmax
OSDI(debug) n.xru68.nr1: WARNING: V(i1,c) voltage is greater than specified by vmax
OSDI(debug) n.xru68.nr1: WARNING: V(i2,c) voltage is greater than specified by vmax
OSDI(debug) n.xru67.nr1: WARNING: V(i1,c) voltage is greater than specified by vmax
OSDI(debug) n.xru67.nr1: WARNING: V(i2,c) voltage is greater than specified by vmax
OSDI(debug) n.xru66.nr1: WARNING: V(i1,c) voltage is greater than specified by vmax
OSDI(debug) n.xru66.nr1: WARNING: V(i2,c) voltage is greater than specified by vmax
OSDI(debug) n.xru65.nr1: WARNING: V(i1,c) voltage is greater than specified by vmax
OSDI(debug) n.xru65.nr1: WARNING: V(i2,c) voltage is greater than specified by vmax
OSDI(debug) n.xru64.nr1: WARNING: V(i1,c) voltage is greater than specified by vmax
OSDI(debug) n.xru64.nr1: WARNING: V(i2,c) voltage is greater than specified by vmax
OSDI(debug) n.xru63.nr1: WARNING: V(i1,c) voltage is greater than specified by vmax
OSDI(debug) n.xru63.nr1: WARNING: V(i2,c) voltage is greater than specified by vmax
OSDI(debug) n.xru62.nr1: WARNING: V(i1,c) voltage is greater than specified by vmax
OSDI(debug) n.xru62.nr1: WARNING: V(i2,c) voltage is greater than specified by vmax
OSDI(debug) n.xru61.nr1: WARNING: V(i1,c) voltage is greater than specified by vmax
OSDI(debug) n.xru61.nr1: WARNING: V(i2,c) voltage is greater than specified by vmax
OSDI(debug) n.xru60.nr1: WARNING: V(i1,c) voltage is greater than specified by vmax
OSDI(debug) n.xru60.nr1: WARNING: V(i2,c) voltage is greater than specified by vmax
OSDI(debug) n.xru59.nr1: WARNING: V(i1,c) voltage is greater than specified by vmax
OSDI(debug) n.xru59.nr1: WARNING: V(i2,c) voltage is greater than specified by vmax
OSDI(debug) n.xru58.nr1: WARNING: V(i1,c) voltage is greater than specified by vmax
OSDI(debug) n.xru58.nr1: WARNING: V(i2,c) voltage is greater than specified by vmax
OSDI(debug) n.xru57.nr1: WARNING: V(i1,c) voltage is greater than specified by vmax
OSDI(debug) n.xru57.nr1: WARNING: V(i2,c) voltage is greater than specified by vmax
OSDI(debug) n.xru56.nr1: WARNING: V(i1,c) voltage is greater than specified by vmax
OSDI(debug) n.xru56.nr1: WARNING: V(i2,c) voltage is greater than specified by vmax
OSDI(debug) n.xru55.nr1: WARNING: V(i1,c) voltage is greater than specified by vmax
OSDI(debug) n.xru55.nr1: WARNING: V(i2,c) voltage is greater than specified by vmax
OSDI(debug) n.xru54.nr1: WARNING: V(i1,c) voltage is greater than specified by vmax
OSDI(debug) n.xru54.nr1: WARNING: V(i2,c) voltage is greater than specified by vmax
OSDI(debug) n.xru53.nr1: WARNING: V(i1,c) voltage is greater than specified by vmax
OSDI(debug) n.xru53.nr1: WARNING: V(i2,c) voltage is greater than specified by vmax
OSDI(debug) n.xru52.nr1: WARNING: V(i1,c) voltage is greater than specified by vmax
OSDI(debug) n.xru52.nr1: WARNING: V(i2,c) voltage is greater than specified by vmax
OSDI(debug) n.xru51.nr1: WARNING: V(i1,c) voltage is greater than specified by vmax
OSDI(debug) n.xru51.nr1: WARNING: V(i2,c) voltage is greater than specified by vmax
OSDI(debug) n.xru50.nr1: WARNING: V(i1,c) voltage is greater than specified by vmax
OSDI(debug) n.xru50.nr1: WARNING: V(i2,c) voltage is greater than specified by vmax
OSDI(debug) n.xru49.nr1: WARNING: V(i1,c) voltage is greater than specified by vmax
OSDI(debug) n.xru49.nr1: WARNING: V(i2,c) voltage is greater than specified by vmax
OSDI(debug) n.xru48.nr1: WARNING: V(i1,c) voltage is greater than specified by vmax
OSDI(debug) n.xru48.nr1: WARNING: V(i2,c) voltage is greater than specified by vmax
OSDI(debug) n.xru47.nr1: WARNING: V(i1,c) voltage is greater than specified by vmax
OSDI(debug) n.xru47.nr1: WARNING: V(i2,c) voltage is greater than specified by vmax
OSDI(debug) n.xru46.nr1: WARNING: V(i1,c) voltage is greater than specified by vmax
OSDI(debug) n.xru46.nr1: WARNING: V(i2,c) voltage is greater than specified by vmax
OSDI(debug) n.xru45.nr1: WARNING: V(i1,c) voltage is greater than specified by vmax
OSDI(debug) n.xru45.nr1: WARNING: V(i2,c) voltage is greater than specified by vmax
OSDI(debug) n.xru44.nr1: WARNING: V(i1,c) voltage is greater than specified by vmax
OSDI(debug) n.xru44.nr1: WARNING: V(i2,c) voltage is greater than specified by vmax
OSDI(debug) n.xru43.nr1: WARNING: V(i1,c) voltage is greater than specified by vmax
OSDI(debug) n.xru43.nr1: WARNING: V(i2,c) voltage is greater than specified by vmax
OSDI(debug) n.xru42.nr1: WARNING: V(i1,c) voltage is greater than specified by vmax
OSDI(debug) n.xru42.nr1: WARNING: V(i2,c) voltage is greater than specified by vmax
OSDI(debug) n.xru41.nr1: WARNING: V(i1,c) voltage is greater than specified by vmax
OSDI(debug) n.xru41.nr1: WARNING: V(i2,c) voltage is greater than specified by vmax
OSDI(debug) n.xru251.nr1: WARNING: V(i1,c) voltage is greater than specified by vmax
OSDI(debug) n.xru251.nr1: WARNING: V(i2,c) voltage is greater than specified by vmax
OSDI(debug) n.xru39.nr1: WARNING: V(i1,c) voltage is greater than specified by vmax
OSDI(debug) n.xru39.nr1: WARNING: V(i2,c) voltage is greater than specified by vmax
OSDI(debug) n.xru38.nr1: WARNING: V(i1,c) voltage is greater than specified by vmax
OSDI(debug) n.xru38.nr1: WARNING: V(i2,c) voltage is greater than specified by vmax
OSDI(debug) n.xru37.nr1: WARNING: V(i1,c) voltage is greater than specified by vmax
OSDI(debug) n.xru37.nr1: WARNING: V(i2,c) voltage is greater than specified by vmax
OSDI(debug) n.xru36.nr1: WARNING: V(i1,c) voltage is greater than specified by vmax
OSDI(debug) n.xru36.nr1: WARNING: V(i2,c) voltage is greater than specified by vmax
OSDI(debug) n.xru35.nr1: WARNING: V(i1,c) voltage is greater than specified by vmax
OSDI(debug) n.xru35.nr1: WARNING: V(i2,c) voltage is greater than specified by vmax
OSDI(debug) n.xru34.nr1: WARNING: V(i1,c) voltage is greater than specified by vmax
OSDI(debug) n.xru34.nr1: WARNING: V(i2,c) voltage is greater than specified by vmax
OSDI(debug) n.xru33.nr1: WARNING: V(i1,c) voltage is greater than specified by vmax
OSDI(debug) n.xru33.nr1: WARNING: V(i2,c) voltage is greater than specified by vmax
OSDI(debug) n.xru32.nr1: WARNING: V(i1,c) voltage is greater than specified by vmax
OSDI(debug) n.xru32.nr1: WARNING: V(i2,c) voltage is greater than specified by vmax
OSDI(debug) n.xru31.nr1: WARNING: V(i1,c) voltage is greater than specified by vmax
OSDI(debug) n.xru31.nr1: WARNING: V(i2,c) voltage is greater than specified by vmax
OSDI(debug) n.xru30.nr1: WARNING: V(i1,c) voltage is greater than specified by vmax
OSDI(debug) n.xru30.nr1: WARNING: V(i2,c) voltage is greater than specified by vmax
OSDI(debug) n.xru29.nr1: WARNING: V(i1,c) voltage is greater than specified by vmax
OSDI(debug) n.xru29.nr1: WARNING: V(i2,c) voltage is greater than specified by vmax
OSDI(debug) n.xru28.nr1: WARNING: V(i1,c) voltage is greater than specified by vmax
OSDI(debug) n.xru28.nr1: WARNING: V(i2,c) voltage is greater than specified by vmax
OSDI(debug) n.xru27.nr1: WARNING: V(i1,c) voltage is greater than specified by vmax
OSDI(debug) n.xru27.nr1: WARNING: V(i2,c) voltage is greater than specified by vmax
OSDI(debug) n.xru26.nr1: WARNING: V(i1,c) voltage is greater than specified by vmax
OSDI(debug) n.xru26.nr1: WARNING: V(i2,c) voltage is greater than specified by vmax
OSDI(debug) n.xru25.nr1: WARNING: V(i1,c) voltage is greater than specified by vmax
OSDI(debug) n.xru25.nr1: WARNING: V(i2,c) voltage is greater than specified by vmax
OSDI(debug) n.xru24.nr1: WARNING: V(i1,c) voltage is greater than specified by vmax
OSDI(debug) n.xru24.nr1: WARNING: V(i2,c) voltage is greater than specified by vmax
OSDI(debug) n.xru23.nr1: WARNING: V(i1,c) voltage is greater than specified by vmax
OSDI(debug) n.xru23.nr1: WARNING: V(i2,c) voltage is greater than specified by vmax
OSDI(debug) n.xru22.nr1: WARNING: V(i1,c) voltage is greater than specified by vmax
OSDI(debug) n.xru22.nr1: WARNING: V(i2,c) voltage is greater than specified by vmax
OSDI(debug) n.xru21.nr1: WARNING: V(i1,c) voltage is greater than specified by vmax
OSDI(debug) n.xru21.nr1: WARNING: V(i2,c) voltage is greater than specified by vmax
OSDI(debug) n.xru20.nr1: WARNING: V(i1,c) voltage is greater than specified by vmax
OSDI(debug) n.xru20.nr1: WARNING: V(i2,c) voltage is greater than specified by vmax
OSDI(debug) n.xru19.nr1: WARNING: V(i1,c) voltage is greater than specified by vmax
OSDI(debug) n.xru19.nr1: WARNING: V(i2,c) voltage is greater than specified by vmax
OSDI(debug) n.xru18.nr1: WARNING: V(i1,c) voltage is greater than specified by vmax
OSDI(debug) n.xru18.nr1: WARNING: V(i2,c) voltage is greater than specified by vmax
OSDI(debug) n.xru17.nr1: WARNING: V(i1,c) voltage is greater than specified by vmax
OSDI(debug) n.xru17.nr1: WARNING: V(i2,c) voltage is greater than specified by vmax
OSDI(debug) n.xru16.nr1: WARNING: V(i1,c) voltage is greater than specified by vmax
OSDI(debug) n.xru16.nr1: WARNING: V(i2,c) voltage is greater than specified by vmax
OSDI(debug) n.xru15.nr1: WARNING: V(i1,c) voltage is greater than specified by vmax
OSDI(debug) n.xru15.nr1: WARNING: V(i2,c) voltage is greater than specified by vmax
OSDI(debug) n.xru14.nr1: WARNING: V(i1,c) voltage is greater than specified by vmax
OSDI(debug) n.xru14.nr1: WARNING: V(i2,c) voltage is greater than specified by vmax
OSDI(debug) n.xru13.nr1: WARNING: V(i1,c) voltage is greater than specified by vmax
OSDI(debug) n.xru13.nr1: WARNING: V(i2,c) voltage is greater than specified by vmax
OSDI(debug) n.xru12.nr1: WARNING: V(i1,c) voltage is greater than specified by vmax
OSDI(debug) n.xru12.nr1: WARNING: V(i2,c) voltage is greater than specified by vmax
OSDI(debug) n.xru11.nr1: WARNING: V(i1,c) voltage is greater than specified by vmax
OSDI(debug) n.xru11.nr1: WARNING: V(i2,c) voltage is greater than specified by vmax
OSDI(debug) n.xru10.nr1: WARNING: V(i1,c) voltage is greater than specified by vmax
OSDI(debug) n.xru10.nr1: WARNING: V(i2,c) voltage is greater than specified by vmax
OSDI(debug) n.xru9.nr1: WARNING: V(i1,c) voltage is greater than specified by vmax
OSDI(debug) n.xru9.nr1: WARNING: V(i2,c) voltage is greater than specified by vmax
OSDI(debug) n.xru8.nr1: WARNING: V(i1,c) voltage is greater than specified by vmax
OSDI(debug) n.xru8.nr1: WARNING: V(i2,c) voltage is greater than specified by vmax
OSDI(debug) n.xru7.nr1: WARNING: V(i1,c) voltage is greater than specified by vmax
OSDI(debug) n.xru7.nr1: WARNING: V(i2,c) voltage is greater than specified by vmax
OSDI(debug) n.xru6.nr1: WARNING: V(i1,c) voltage is greater than specified by vmax
OSDI(debug) n.xru6.nr1: WARNING: V(i2,c) voltage is greater than specified by vmax
OSDI(debug) n.xru5.nr1: WARNING: V(i1,c) voltage is greater than specified by vmax
OSDI(debug) n.xru5.nr1: WARNING: V(i2,c) voltage is greater than specified by vmax
OSDI(debug) n.xru4.nr1: WARNING: V(i1,c) voltage is greater than specified by vmax
OSDI(debug) n.xru4.nr1: WARNING: V(i2,c) voltage is greater than specified by vmax
OSDI(debug) n.xru3.nr1: WARNING: V(i1,c) voltage is greater than specified by vmax
OSDI(debug) n.xru3.nr1: WARNING: V(i2,c) voltage is greater than specified by vmax
OSDI(debug) n.xru2.nr1: WARNING: V(i1,c) voltage is greater than specified by vmax
OSDI(debug) n.xru2.nr1: WARNING: V(i2,c) voltage is greater than specified by vmax
OSDI(debug) n.xru1.nr1: WARNING: V(i1,c) voltage is greater than specified by vmax
OSDI(debug) n.xru1.nr1: WARNING: V(i2,c) voltage is greater than specified by vmax
OSDI(debug) n.xr1.nr1: WARNING: V(i1,c) voltage is greater than specified by vmax
OSDI(debug) n.xr1.nr1: WARNING: V(i2,c) voltage is greater than specified by vmax
OSDI(debug) n.xru252.nr1: WARNING: V(i1,c) voltage is greater than specified by vmax
OSDI(debug) n.xru252.nr1: WARNING: V(i2,c) voltage is greater than specified by vmax
WARNING: V(i1,c) voltage is greater than specified by vmax
OSDI(debug) n.xru253.nr1: OSDI(debug) n.xru245.nr1: WARNING: V(i2,c) voltage is greater than specified by vmax
OSDI(debug) n.xru246.nr1: WARNING: V(i1,c) voltage is greater than specified by vmax
OSDI(debug) n.xru246.nr1: WARNING: V(i2,c) voltage is greater than specified by vmax
WARNING: V(i1,c) voltage is greater than specified by vmax
OSDI(debug) n.xru253.nr1: WARNING: V(i2,c) voltage is greater than specified by vmax
OSDI(debug) n.xru97.nr1: WARNING: V(i2,c) voltage is greater than specified by vmax
OSDI(debug) n.xru71.nr1: WARNING: V(i2,c) voltage is greater than specified by vmax
OSDI(debug) n.xru40.nr1: WARNING: V(i1,c) voltage is greater than specified by vmax
OSDI(debug) n.xru40.nr1: WARNING: V(i2,c) voltage is greater than specified by vmax
OSDI(debug) n.xru255.nr1: WARNING: V(i1,c) voltage is greater than specified by vmax
OSDI(debug) n.xru252.nr1: OSDI(debug) n.xru251.nr1: OSDI(debug) n.xru255.nr1: WARNING: V(i1,c) voltage is greater than specified by vmax
OSDI(debug) n.xru250.nr1: OSDI(debug) n.xru252.nr1: WARNING: V(i2,c) voltage is greater than specified by vmax
WARNING: V(i1,c) voltage is greater than specified by vmax
OSDI(debug) n.xru250.nr1: WARNING: V(i2,c) voltage is greater than specified by vmax
OSDI(debug) n.xru248.nr1: WARNING: V(i1,c) voltage is greater than specified by vmax
WARNING: V(i2,c) voltage is greater than specified by vmax
OSDI(debug) n.xru249.nr1: OSDI(debug) n.xru246.nr1: WARNING: V(i1,c) voltage is greater than specified by vmax
OSDI(debug) n.xru251.nr1: WARNING: V(i2,c) voltage is greater than specified by vmax
OSDI(debug) n.xru245.nr1: WARNING: V(i1,c) voltage is greater than specified by vmax
OSDI(debug) n.xru245.nr1: WARNING: V(i2,c) voltage is greater than specified by vmax
WARNING: V(i1,c) voltage is greater than specified by vmax
OSDI(debug) n.xru247.nr1: OSDI(debug) n.xru246.nr1: WARNING: V(i2,c) voltage is greater than specified by vmax
OSDI(debug) n.xru243.nr1: WARNING: V(i1,c) voltage is greater than specified by vmax
OSDI(debug) n.xru243.nr1: WARNING: V(i2,c) voltage is greater than specified by vmax
OSDI(debug) n.xru242.nr1: WARNING: V(i1,c) voltage is greater than specified by vmax
OSDI(debug) n.xru242.nr1: WARNING: V(i2,c) voltage is greater than specified by vmax
OSDI(debug) n.xru240.nr1: WARNING: V(i1,c) voltage is greater than specified by vmax
OSDI(debug) n.xru240.nr1: WARNING: V(i2,c) voltage is greater than specified by vmax
OSDI(debug) n.xru239.nr1: WARNING: V(i1,c) voltage is greater than specified by vmax
OSDI(debug) n.xru239.nr1: WARNING: V(i2,c) voltage is greater than specified by vmax
OSDI(debug) n.xru238.nr1: WARNING: V(i1,c) voltage is greater than specified by vmax
OSDI(debug) n.xru238.nr1: WARNING: V(i2,c) voltage is greater than specified by vmax
OSDI(debug) n.xru237.nr1: WARNING: V(i1,c) voltage is greater than specified by vmax
OSDI(debug) n.xru237.nr1: WARNING: V(i2,c) voltage is greater than specified by vmax
OSDI(debug) n.xru236.nr1: WARNING: V(i1,c) voltage is greater than specified by vmax
OSDI(debug) n.xru236.nr1: WARNING: V(i2,c) voltage is greater than specified by vmax
OSDI(debug) n.xru235.nr1: WARNING: V(i1,c) voltage is greater than specified by vmax
OSDI(debug) n.xru235.nr1: WARNING: V(i2,c) voltage is greater than specified by vmax
OSDI(debug) n.xru234.nr1: WARNING: V(i1,c) voltage is greater than specified by vmax
OSDI(debug) n.xru234.nr1: WARNING: V(i2,c) voltage is greater than specified by vmax
OSDI(debug) n.xru233.nr1: WARNING: V(i1,c) voltage is greater than specified by vmax
OSDI(debug) n.xru233.nr1: WARNING: V(i2,c) voltage is greater than specified by vmax
OSDI(debug) n.xru232.nr1: WARNING: V(i1,c) voltage is greater than specified by vmax
OSDI(debug) n.xru232.nr1: WARNING: V(i2,c) voltage is greater than specified by vmax
OSDI(debug) n.xru231.nr1: WARNING: V(i1,c) voltage is greater than specified by vmax
OSDI(debug) n.xru231.nr1: WARNING: V(i2,c) voltage is greater than specified by vmax
OSDI(debug) n.xru230.nr1: WARNING: V(i1,c) voltage is greater than specified by vmax
OSDI(debug) n.xru230.nr1: WARNING: V(i2,c) voltage is greater than specified by vmax
OSDI(debug) n.xru229.nr1: WARNING: V(i1,c) voltage is greater than specified by vmax
OSDI(debug) n.xru229.nr1: WARNING: V(i2,c) voltage is greater than specified by vmax
OSDI(debug) n.xru228.nr1: WARNING: V(i1,c) voltage is greater than specified by vmax
OSDI(debug) n.xru228.nr1: WARNING: V(i2,c) voltage is greater than specified by vmax
OSDI(debug) n.xru227.nr1: WARNING: V(i1,c) voltage is greater than specified by vmax
OSDI(debug) n.xru227.nr1: WARNING: V(i2,c) voltage is greater than specified by vmax
OSDI(debug) n.xru226.nr1: WARNING: V(i1,c) voltage is greater than specified by vmax
OSDI(debug) n.xru226.nr1: WARNING: V(i2,c) voltage is greater than specified by vmax
OSDI(debug) n.xru225.nr1: WARNING: V(i1,c) voltage is greater than specified by vmax
OSDI(debug) n.xru225.nr1: WARNING: V(i2,c) voltage is greater than specified by vmax
OSDI(debug) n.xru224.nr1: WARNING: V(i1,c) voltage is greater than specified by vmax
OSDI(debug) n.xru224.nr1: WARNING: V(i2,c) voltage is greater than specified by vmax
OSDI(debug) n.xru223.nr1: WARNING: V(i1,c) voltage is greater than specified by vmax
OSDI(debug) n.xru223.nr1: WARNING: V(i2,c) voltage is greater than specified by vmax
OSDI(debug) n.xru222.nr1: WARNING: V(i1,c) voltage is greater than specified by vmax
OSDI(debug) n.xru222.nr1: WARNING: V(i2,c) voltage is greater than specified by vmax
OSDI(debug) n.xru221.nr1: WARNING: V(i1,c) voltage is greater than specified by vmax
OSDI(debug) n.xru221.nr1: WARNING: V(i2,c) voltage is greater than specified by vmax
OSDI(debug) n.xru220.nr1: WARNING: V(i1,c) voltage is greater than specified by vmax
OSDI(debug) n.xru220.nr1: WARNING: V(i2,c) voltage is greater than specified by vmax
OSDI(debug) n.xru219.nr1: WARNING: V(i1,c) voltage is greater than specified by vmax
OSDI(debug) n.xru219.nr1: WARNING: V(i2,c) voltage is greater than specified by vmax
OSDI(debug) n.xru218.nr1: WARNING: V(i1,c) voltage is greater than specified by vmax
OSDI(debug) n.xru218.nr1: WARNING: V(i2,c) voltage is greater than specified by vmax
OSDI(debug) n.xru217.nr1: WARNING: V(i1,c) voltage is greater than specified by vmax
OSDI(debug) n.xru217.nr1: WARNING: V(i2,c) voltage is greater than specified by vmax
OSDI(debug) n.xru216.nr1: WARNING: V(i1,c) voltage is greater than specified by vmax
OSDI(debug) n.xru216.nr1: WARNING: V(i2,c) voltage is greater than specified by vmax
OSDI(debug) n.xru215.nr1: WARNING: V(i1,c) voltage is greater than specified by vmax
OSDI(debug) n.xru215.nr1: WARNING: V(i2,c) voltage is greater than specified by vmax
OSDI(debug) n.xru214.nr1: WARNING: V(i1,c) voltage is greater than specified by vmax
OSDI(debug) n.xru214.nr1: WARNING: V(i2,c) voltage is greater than specified by vmax
OSDI(debug) n.xru213.nr1: WARNING: V(i1,c) voltage is greater than specified by vmax
OSDI(debug) n.xru213.nr1: WARNING: V(i2,c) voltage is greater than specified by vmax
OSDI(debug) n.xru212.nr1: WARNING: V(i1,c) voltage is greater than specified by vmax
OSDI(debug) n.xru212.nr1: WARNING: V(i2,c) voltage is greater than specified by vmax
OSDI(debug) n.xru211.nr1: WARNING: V(i1,c) voltage is greater than specified by vmax
OSDI(debug) n.xru211.nr1: WARNING: V(i2,c) voltage is greater than specified by vmax
OSDI(debug) n.xru210.nr1: WARNING: V(i1,c) voltage is greater than specified by vmax
OSDI(debug) n.xru210.nr1: WARNING: V(i2,c) voltage is greater than specified by vmax
OSDI(debug) n.xru209.nr1: WARNING: V(i1,c) voltage is greater than specified by vmax
OSDI(debug) n.xru209.nr1: WARNING: V(i2,c) voltage is greater than specified by vmax
OSDI(debug) n.xru208.nr1: WARNING: V(i1,c) voltage is greater than specified by vmax
OSDI(debug) n.xru208.nr1: WARNING: V(i2,c) voltage is greater than specified by vmax
OSDI(debug) n.xru207.nr1: WARNING: V(i1,c) voltage is greater than specified by vmax
OSDI(debug) n.xru207.nr1: WARNING: V(i2,c) voltage is greater than specified by vmax
OSDI(debug) n.xru206.nr1: WARNING: V(i1,c) voltage is greater than specified by vmax
OSDI(debug) n.xru206.nr1: WARNING: V(i2,c) voltage is greater than specified by vmax
OSDI(debug) n.xru205.nr1: WARNING: V(i1,c) voltage is greater than specified by vmax
OSDI(debug) n.xru205.nr1: WARNING: V(i2,c) voltage is greater than specified by vmax
OSDI(debug) n.xru204.nr1: WARNING: V(i1,c) voltage is greater than specified by vmax
OSDI(debug) n.xru204.nr1: WARNING: V(i2,c) voltage is greater than specified by vmax
OSDI(debug) n.xru203.nr1: WARNING: V(i1,c) voltage is greater than specified by vmax
OSDI(debug) n.xru203.nr1: WARNING: V(i2,c) voltage is greater than specified by vmax
OSDI(debug) n.xru202.nr1: WARNING: V(i1,c) voltage is greater than specified by vmax
OSDI(debug) n.xru202.nr1: WARNING: V(i2,c) voltage is greater than specified by vmax
OSDI(debug) n.xru201.nr1: WARNING: V(i1,c) voltage is greater than specified by vmax
OSDI(debug) n.xru201.nr1: WARNING: V(i2,c) voltage is greater than specified by vmax
OSDI(debug) n.xru200.nr1: WARNING: V(i1,c) voltage is greater than specified by vmax
OSDI(debug) n.xru200.nr1: WARNING: V(i2,c) voltage is greater than specified by vmax
OSDI(debug) n.xru199.nr1: WARNING: V(i1,c) voltage is greater than specified by vmax
OSDI(debug) n.xru199.nr1: WARNING: V(i2,c) voltage is greater than specified by vmax
OSDI(debug) n.xru198.nr1: WARNING: V(i1,c) voltage is greater than specified by vmax
OSDI(debug) n.xru198.nr1: WARNING: V(i2,c) voltage is greater than specified by vmax
OSDI(debug) n.xru197.nr1: WARNING: V(i1,c) voltage is greater than specified by vmax
OSDI(debug) n.xru197.nr1: WARNING: V(i2,c) voltage is greater than specified by vmax
OSDI(debug) n.xru196.nr1: WARNING: V(i1,c) voltage is greater than specified by vmax
OSDI(debug) n.xru196.nr1: WARNING: V(i2,c) voltage is greater than specified by vmax
OSDI(debug) n.xru195.nr1: WARNING: V(i1,c) voltage is greater than specified by vmax
OSDI(debug) n.xru195.nr1: WARNING: V(i2,c) voltage is greater than specified by vmax
OSDI(debug) n.xru194.nr1: WARNING: V(i1,c) voltage is greater than specified by vmax
OSDI(debug) n.xru194.nr1: WARNING: V(i2,c) voltage is greater than specified by vmax
OSDI(debug) n.xru193.nr1: WARNING: V(i1,c) voltage is greater than specified by vmax
OSDI(debug) n.xru193.nr1: WARNING: V(i2,c) voltage is greater than specified by vmax
OSDI(debug) n.xru192.nr1: WARNING: V(i1,c) voltage is greater than specified by vmax
OSDI(debug) n.xru192.nr1: WARNING: V(i2,c) voltage is greater than specified by vmax
OSDI(debug) n.xru191.nr1: WARNING: V(i1,c) voltage is greater than specified by vmax
OSDI(debug) n.xru191.nr1: WARNING: V(i2,c) voltage is greater than specified by vmax
OSDI(debug) n.xru190.nr1: WARNING: V(i1,c) voltage is greater than specified by vmax
OSDI(debug) n.xru190.nr1: WARNING: V(i2,c) voltage is greater than specified by vmax
OSDI(debug) n.xru189.nr1: WARNING: V(i1,c) voltage is greater than specified by vmax
OSDI(debug) n.xru189.nr1: WARNING: V(i2,c) voltage is greater than specified by vmax
OSDI(debug) n.xru188.nr1: WARNING: V(i1,c) voltage is greater than specified by vmax
OSDI(debug) n.xru188.nr1: WARNING: V(i2,c) voltage is greater than specified by vmax
OSDI(debug) n.xru187.nr1: WARNING: V(i1,c) voltage is greater than specified by vmax
OSDI(debug) n.xru187.nr1: WARNING: V(i2,c) voltage is greater than specified by vmax
OSDI(debug) n.xru186.nr1: WARNING: V(i1,c) voltage is greater than specified by vmax
OSDI(debug) n.xru186.nr1: WARNING: V(i2,c) voltage is greater than specified by vmax
OSDI(debug) n.xru185.nr1: WARNING: V(i1,c) voltage is greater than specified by vmax
OSDI(debug) n.xru185.nr1: WARNING: V(i2,c) voltage is greater than specified by vmax
OSDI(debug) n.xru184.nr1: WARNING: V(i1,c) voltage is greater than specified by vmax
OSDI(debug) n.xru184.nr1: WARNING: V(i2,c) voltage is greater than specified by vmax
OSDI(debug) n.xru183.nr1: WARNING: V(i1,c) voltage is greater than specified by vmax
OSDI(debug) n.xru183.nr1: WARNING: V(i2,c) voltage is greater than specified by vmax
OSDI(debug) n.xru182.nr1: WARNING: V(i1,c) voltage is greater than specified by vmax
OSDI(debug) n.xru182.nr1: WARNING: V(i2,c) voltage is greater than specified by vmax
OSDI(debug) n.xru181.nr1: WARNING: V(i1,c) voltage is greater than specified by vmax
OSDI(debug) n.xru181.nr1: WARNING: V(i2,c) voltage is greater than specified by vmax
OSDI(debug) n.xru180.nr1: WARNING: V(i1,c) voltage is greater than specified by vmax
OSDI(debug) n.xru180.nr1: WARNING: V(i2,c) voltage is greater than specified by vmax
OSDI(debug) n.xru179.nr1: WARNING: V(i1,c) voltage is greater than specified by vmax
OSDI(debug) n.xru179.nr1: WARNING: V(i2,c) voltage is greater than specified by vmax
OSDI(debug) n.xru178.nr1: WARNING: V(i1,c) voltage is greater than specified by vmax
OSDI(debug) n.xru178.nr1: WARNING: V(i2,c) voltage is greater than specified by vmax
OSDI(debug) n.xru177.nr1: WARNING: V(i1,c) voltage is greater than specified by vmax
OSDI(debug) n.xru177.nr1: WARNING: V(i2,c) voltage is greater than specified by vmax
OSDI(debug) n.xru176.nr1: WARNING: V(i1,c) voltage is greater than specified by vmax
OSDI(debug) n.xru176.nr1: WARNING: V(i2,c) voltage is greater than specified by vmax
OSDI(debug) n.xru175.nr1: WARNING: V(i1,c) voltage is greater than specified by vmax
OSDI(debug) n.xru175.nr1: WARNING: V(i2,c) voltage is greater than specified by vmax
OSDI(debug) n.xru174.nr1: WARNING: V(i1,c) voltage is greater than specified by vmax
OSDI(debug) n.xru174.nr1: WARNING: V(i2,c) voltage is greater than specified by vmax
OSDI(debug) n.xru173.nr1: WARNING: V(i1,c) voltage is greater than specified by vmax
OSDI(debug) n.xru173.nr1: WARNING: V(i2,c) voltage is greater than specified by vmax
OSDI(debug) n.xru172.nr1: WARNING: V(i1,c) voltage is greater than specified by vmax
OSDI(debug) n.xru172.nr1: WARNING: V(i2,c) voltage is greater than specified by vmax
OSDI(debug) n.xru171.nr1: WARNING: V(i1,c) voltage is greater than specified by vmax
OSDI(debug) n.xru171.nr1: WARNING: V(i2,c) voltage is greater than specified by vmax
OSDI(debug) n.xru170.nr1: WARNING: V(i1,c) voltage is greater than specified by vmax
OSDI(debug) n.xru170.nr1: WARNING: V(i2,c) voltage is greater than specified by vmax
OSDI(debug) n.xru169.nr1: WARNING: V(i1,c) voltage is greater than specified by vmax
OSDI(debug) n.xru169.nr1: WARNING: V(i2,c) voltage is greater than specified by vmax
OSDI(debug) n.xru168.nr1: WARNING: V(i1,c) voltage is greater than specified by vmax
OSDI(debug) n.xru168.nr1: WARNING: V(i2,c) voltage is greater than specified by vmax
OSDI(debug) n.xru167.nr1: WARNING: V(i1,c) voltage is greater than specified by vmax
OSDI(debug) n.xru167.nr1: WARNING: V(i2,c) voltage is greater than specified by vmax
OSDI(debug) n.xru166.nr1: WARNING: V(i1,c) voltage is greater than specified by vmax
OSDI(debug) n.xru166.nr1: WARNING: V(i2,c) voltage is greater than specified by vmax
OSDI(debug) n.xru165.nr1: WARNING: V(i1,c) voltage is greater than specified by vmax
OSDI(debug) n.xru165.nr1: WARNING: V(i2,c) voltage is greater than specified by vmax
OSDI(debug) n.xru164.nr1: WARNING: V(i1,c) voltage is greater than specified by vmax
OSDI(debug) n.xru164.nr1: WARNING: V(i2,c) voltage is greater than specified by vmax
OSDI(debug) n.xru163.nr1: WARNING: V(i1,c) voltage is greater than specified by vmax
OSDI(debug) n.xru163.nr1: WARNING: V(i2,c) voltage is greater than specified by vmax
OSDI(debug) n.xru162.nr1: WARNING: V(i1,c) voltage is greater than specified by vmax
OSDI(debug) n.xru162.nr1: WARNING: V(i2,c) voltage is greater than specified by vmax
OSDI(debug) n.xru161.nr1: WARNING: V(i1,c) voltage is greater than specified by vmax
OSDI(debug) n.xru161.nr1: WARNING: V(i2,c) voltage is greater than specified by vmax
OSDI(debug) n.xru160.nr1: WARNING: V(i1,c) voltage is greater than specified by vmax
OSDI(debug) n.xru160.nr1: WARNING: V(i2,c) voltage is greater than specified by vmax
OSDI(debug) n.xru159.nr1: WARNING: V(i1,c) voltage is greater than specified by vmax
OSDI(debug) n.xru159.nr1: WARNING: V(i2,c) voltage is greater than specified by vmax
OSDI(debug) n.xru158.nr1: WARNING: V(i1,c) voltage is greater than specified by vmax
OSDI(debug) n.xru158.nr1: WARNING: V(i2,c) voltage is greater than specified by vmax
OSDI(debug) n.xru157.nr1: WARNING: V(i1,c) voltage is greater than specified by vmax
OSDI(debug) n.xru157.nr1: WARNING: V(i2,c) voltage is greater than specified by vmax
OSDI(debug) n.xru156.nr1: WARNING: V(i1,c) voltage is greater than specified by vmax
OSDI(debug) n.xru156.nr1: WARNING: V(i2,c) voltage is greater than specified by vmax
OSDI(debug) n.xru155.nr1: WARNING: V(i1,c) voltage is greater than specified by vmax
OSDI(debug) n.xru155.nr1: WARNING: V(i2,c) voltage is greater than specified by vmax
OSDI(debug) n.xru154.nr1: WARNING: V(i1,c) voltage is greater than specified by vmax
OSDI(debug) n.xru154.nr1: WARNING: V(i2,c) voltage is greater than specified by vmax
OSDI(debug) n.xru153.nr1: WARNING: V(i1,c) voltage is greater than specified by vmax
OSDI(debug) n.xru153.nr1: WARNING: V(i2,c) voltage is greater than specified by vmax
OSDI(debug) n.xru152.nr1: WARNING: V(i1,c) voltage is greater than specified by vmax
OSDI(debug) n.xru152.nr1: WARNING: V(i2,c) voltage is greater than specified by vmax
OSDI(debug) n.xru151.nr1: WARNING: V(i1,c) voltage is greater than specified by vmax
OSDI(debug) n.xru151.nr1: WARNING: V(i2,c) voltage is greater than specified by vmax
OSDI(debug) n.xru150.nr1: WARNING: V(i1,c) voltage is greater than specified by vmax
OSDI(debug) n.xru150.nr1: WARNING: V(i2,c) voltage is greater than specified by vmax
OSDI(debug) n.xru149.nr1: WARNING: V(i1,c) voltage is greater than specified by vmax
OSDI(debug) n.xru149.nr1: WARNING: V(i2,c) voltage is greater than specified by vmax
OSDI(debug) n.xru148.nr1: WARNING: V(i1,c) voltage is greater than specified by vmax
OSDI(debug) n.xru148.nr1: WARNING: V(i2,c) voltage is greater than specified by vmax
OSDI(debug) n.xru147.nr1: WARNING: V(i1,c) voltage is greater than specified by vmax
OSDI(debug) n.xru147.nr1: WARNING: V(i2,c) voltage is greater than specified by vmax
OSDI(debug) n.xru146.nr1: WARNING: V(i1,c) voltage is greater than specified by vmax
OSDI(debug) n.xru146.nr1: WARNING: V(i2,c) voltage is greater than specified by vmax
OSDI(debug) n.xru145.nr1: WARNING: V(i1,c) voltage is greater than specified by vmax
OSDI(debug) n.xru145.nr1: WARNING: V(i2,c) voltage is greater than specified by vmax
OSDI(debug) n.xru144.nr1: WARNING: V(i1,c) voltage is greater than specified by vmax
OSDI(debug) n.xru144.nr1: WARNING: V(i2,c) voltage is greater than specified by vmax
OSDI(debug) n.xru143.nr1: WARNING: V(i1,c) voltage is greater than specified by vmax
OSDI(debug) n.xru143.nr1: WARNING: V(i2,c) voltage is greater than specified by vmax
OSDI(debug) n.xru142.nr1: WARNING: V(i1,c) voltage is greater than specified by vmax
OSDI(debug) n.xru142.nr1: WARNING: V(i2,c) voltage is greater than specified by vmax
OSDI(debug) n.xru141.nr1: WARNING: V(i1,c) voltage is greater than specified by vmax
OSDI(debug) n.xru141.nr1: WARNING: V(i2,c) voltage is greater than specified by vmax
OSDI(debug) n.xru140.nr1: WARNING: V(i1,c) voltage is greater than specified by vmax
OSDI(debug) n.xru140.nr1: WARNING: V(i2,c) voltage is greater than specified by vmax
OSDI(debug) n.xru139.nr1: WARNING: V(i1,c) voltage is greater than specified by vmax
OSDI(debug) n.xru139.nr1: WARNING: V(i2,c) voltage is greater than specified by vmax
OSDI(debug) n.xru138.nr1: WARNING: V(i1,c) voltage is greater than specified by vmax
OSDI(debug) n.xru138.nr1: WARNING: V(i2,c) voltage is greater than specified by vmax
OSDI(debug) n.xru137.nr1: WARNING: V(i1,c) voltage is greater than specified by vmax
OSDI(debug) n.xru137.nr1: WARNING: V(i2,c) voltage is greater than specified by vmax
OSDI(debug) n.xru136.nr1: WARNING: V(i1,c) voltage is greater than specified by vmax
OSDI(debug) n.xru136.nr1: WARNING: V(i2,c) voltage is greater than specified by vmax
OSDI(debug) n.xru135.nr1: WARNING: V(i1,c) voltage is greater than specified by vmax
OSDI(debug) n.xru135.nr1: WARNING: V(i2,c) voltage is greater than specified by vmax
OSDI(debug) n.xru134.nr1: WARNING: V(i1,c) voltage is greater than specified by vmax
OSDI(debug) n.xru134.nr1: WARNING: V(i2,c) voltage is greater than specified by vmax
OSDI(debug) n.xru133.nr1: WARNING: V(i1,c) voltage is greater than specified by vmax
OSDI(debug) n.xru133.nr1: WARNING: V(i2,c) voltage is greater than specified by vmax
OSDI(debug) n.xru132.nr1: WARNING: V(i1,c) voltage is greater than specified by vmax
OSDI(debug) n.xru132.nr1: WARNING: V(i2,c) voltage is greater than specified by vmax
OSDI(debug) n.xru131.nr1: WARNING: V(i1,c) voltage is greater than specified by vmax
OSDI(debug) n.xru131.nr1: WARNING: V(i2,c) voltage is greater than specified by vmax
OSDI(debug) n.xru130.nr1: WARNING: V(i1,c) voltage is greater than specified by vmax
OSDI(debug) n.xru130.nr1: WARNING: V(i2,c) voltage is greater than specified by vmax
OSDI(debug) n.xru129.nr1: WARNING: V(i1,c) voltage is greater than specified by vmax
OSDI(debug) n.xru129.nr1: WARNING: V(i2,c) voltage is greater than specified by vmax
OSDI(debug) n.xru128.nr1: WARNING: V(i1,c) voltage is greater than specified by vmax
OSDI(debug) n.xru128.nr1: WARNING: V(i2,c) voltage is greater than specified by vmax
OSDI(debug) n.xru127.nr1: WARNING: V(i1,c) voltage is greater than specified by vmax
OSDI(debug) n.xru127.nr1: WARNING: V(i2,c) voltage is greater than specified by vmax
OSDI(debug) n.xru126.nr1: WARNING: V(i1,c) voltage is greater than specified by vmax
OSDI(debug) n.xru126.nr1: WARNING: V(i2,c) voltage is greater than specified by vmax
OSDI(debug) n.xru125.nr1: WARNING: V(i1,c) voltage is greater than specified by vmax
OSDI(debug) n.xru125.nr1: WARNING: V(i2,c) voltage is greater than specified by vmax
OSDI(debug) n.xru124.nr1: WARNING: V(i1,c) voltage is greater than specified by vmax
OSDI(debug) n.xru124.nr1: WARNING: V(i2,c) voltage is greater than specified by vmax
OSDI(debug) n.xru123.nr1: WARNING: V(i1,c) voltage is greater than specified by vmax
OSDI(debug) n.xru123.nr1: WARNING: V(i2,c) voltage is greater than specified by vmax
OSDI(debug) n.xru122.nr1: WARNING: V(i1,c) voltage is greater than specified by vmax
OSDI(debug) n.xru122.nr1: WARNING: V(i2,c) voltage is greater than specified by vmax
OSDI(debug) n.xru121.nr1: WARNING: V(i1,c) voltage is greater than specified by vmax
OSDI(debug) n.xru121.nr1: WARNING: V(i2,c) voltage is greater than specified by vmax
OSDI(debug) n.xru120.nr1: WARNING: V(i1,c) voltage is greater than specified by vmax
OSDI(debug) n.xru120.nr1: WARNING: V(i2,c) voltage is greater than specified by vmax
OSDI(debug) n.xru119.nr1: WARNING: V(i1,c) voltage is greater than specified by vmax
OSDI(debug) n.xru119.nr1: WARNING: V(i2,c) voltage is greater than specified by vmax
OSDI(debug) n.xru118.nr1: WARNING: V(i1,c) voltage is greater than specified by vmax
OSDI(debug) n.xru118.nr1: WARNING: V(i2,c) voltage is greater than specified by vmax
OSDI(debug) n.xru117.nr1: WARNING: V(i1,c) voltage is greater than specified by vmax
OSDI(debug) n.xru117.nr1: WARNING: V(i2,c) voltage is greater than specified by vmax
OSDI(debug) n.xru116.nr1: WARNING: V(i1,c) voltage is greater than specified by vmax
OSDI(debug) n.xru116.nr1: WARNING: V(i2,c) voltage is greater than specified by vmax
OSDI(debug) n.xru115.nr1: WARNING: V(i1,c) voltage is greater than specified by vmax
OSDI(debug) n.xru115.nr1: WARNING: V(i2,c) voltage is greater than specified by vmax
OSDI(debug) n.xru114.nr1: WARNING: V(i1,c) voltage is greater than specified by vmax
OSDI(debug) n.xru114.nr1: OSDI(debug) n.xru253.nr1: OSDI(debug) n.xru254.nr1: WARNING: V(i1,c) voltage is greater than specified by vmax
OSDI(debug) n.xru254.nr1: WARNING: V(i2,c) voltage is greater than specified by vmax
OSDI(debug) n.xru113.nr1: WARNING: V(i1,c) voltage is greater than specified by vmax
OSDI(debug) n.xru113.nr1: WARNING: V(i2,c) voltage is greater than specified by vmax
OSDI(debug) n.xru112.nr1: WARNING: V(i1,c) voltage is greater than specified by vmax
OSDI(debug) n.xru112.nr1: WARNING: V(i2,c) voltage is greater than specified by vmax
OSDI(debug) n.xru111.nr1: WARNING: V(i1,c) voltage is greater than specified by vmax
OSDI(debug) n.xru111.nr1: WARNING: V(i2,c) voltage is greater than specified by vmax
OSDI(debug) n.xru110.nr1: WARNING: V(i1,c) voltage is greater than specified by vmax
OSDI(debug) n.xru110.nr1: WARNING: V(i2,c) voltage is greater than specified by vmax
OSDI(debug) n.xru109.nr1: WARNING: V(i1,c) voltage is greater than specified by vmax
OSDI(debug) n.xru109.nr1: WARNING: V(i2,c) voltage is greater than specified by vmax
OSDI(debug) n.xru108.nr1: WARNING: V(i1,c) voltage is greater than specified by vmax
OSDI(debug) n.xru108.nr1: WARNING: V(i2,c) voltage is greater than specified by vmax
OSDI(debug) n.xru107.nr1: WARNING: V(i1,c) voltage is greater than specified by vmax
OSDI(debug) n.xru107.nr1: WARNING: V(i2,c) voltage is greater than specified by vmax
OSDI(debug) n.xru106.nr1: WARNING: V(i1,c) voltage is greater than specified by vmax
OSDI(debug) n.xru106.nr1: WARNING: V(i2,c) voltage is greater than specified by vmax
OSDI(debug) n.xru105.nr1: WARNING: V(i1,c) voltage is greater than specified by vmax
OSDI(debug) n.xru105.nr1: WARNING: V(i2,c) voltage is greater than specified by vmax
OSDI(debug) n.xru104.nr1: WARNING: V(i1,c) voltage is greater than specified by vmax
OSDI(debug) n.xru104.nr1: WARNING: V(i2,c) voltage is greater than specified by vmax
OSDI(debug) n.xru103.nr1: WARNING: V(i1,c) voltage is greater than specified by vmax
OSDI(debug) n.xru103.nr1: WARNING: V(i2,c) voltage is greater than specified by vmax
OSDI(debug) n.xru102.nr1: WARNING: V(i1,c) voltage is greater than specified by vmax
OSDI(debug) n.xru102.nr1: WARNING: V(i2,c) voltage is greater than specified by vmax
OSDI(debug) n.xru101.nr1: WARNING: V(i1,c) voltage is greater than specified by vmax
OSDI(debug) n.xru101.nr1: WARNING: V(i2,c) voltage is greater than specified by vmax
OSDI(debug) n.xru100.nr1: WARNING: V(i1,c) voltage is greater than specified by vmax
OSDI(debug) n.xru100.nr1: WARNING: V(i2,c) voltage is greater than specified by vmax
OSDI(debug) n.xru99.nr1: WARNING: V(i1,c) voltage is greater than specified by vmax
OSDI(debug) n.xru99.nr1: WARNING: V(i2,c) voltage is greater than specified by vmax
OSDI(debug) n.xru98.nr1: WARNING: V(i1,c) voltage is greater than specified by vmax
OSDI(debug) n.xru98.nr1: WARNING: V(i2,c) voltage is greater than specified by vmax
OSDI(debug) n.xru97.nr1: WARNING: V(i1,c) voltage is greater than specified by vmax
OSDI(debug) n.xru97.nr1: WARNING: V(i2,c) voltage is greater than specified by vmax
OSDI(debug) n.xru96.nr1: WARNING: V(i1,c) voltage is greater than specified by vmax
OSDI(debug) n.xru96.nr1: WARNING: V(i2,c) voltage is greater than specified by vmax
OSDI(debug) n.xru95.nr1: WARNING: V(i1,c) voltage is greater than specified by vmax
OSDI(debug) n.xru95.nr1: WARNING: V(i2,c) voltage is greater than specified by vmax
OSDI(debug) n.xru94.nr1: WARNING: V(i1,c) voltage is greater than specified by vmax
OSDI(debug) n.xru94.nr1: WARNING: V(i2,c) voltage is greater than specified by vmax
OSDI(debug) n.xru93.nr1: WARNING: V(i1,c) voltage is greater than specified by vmax
OSDI(debug) n.xru93.nr1: WARNING: V(i2,c) voltage is greater than specified by vmax
OSDI(debug) n.xru92.nr1: WARNING: V(i1,c) voltage is greater than specified by vmax
OSDI(debug) n.xru92.nr1: WARNING: V(i2,c) voltage is greater than specified by vmax
OSDI(debug) n.xru91.nr1: WARNING: V(i1,c) voltage is greater than specified by vmax
OSDI(debug) n.xru91.nr1: WARNING: V(i2,c) voltage is greater than specified by vmax
OSDI(debug) n.xru90.nr1: WARNING: V(i1,c) voltage is greater than specified by vmax
OSDI(debug) n.xru90.nr1: WARNING: V(i2,c) voltage is greater than specified by vmax
OSDI(debug) n.xru248.nr1: OSDI(debug) n.xru89.nr1: WARNING: V(i1,c) voltage is greater than specified by vmax
OSDI(debug) n.xru89.nr1: WARNING: V(i2,c) voltage is greater than specified by vmax
OSDI(debug) n.xru88.nr1: WARNING: V(i1,c) voltage is greater than specified by vmax
OSDI(debug) n.xru88.nr1: WARNING: V(i2,c) voltage is greater than specified by vmax
OSDI(debug) n.xru87.nr1: WARNING: V(i1,c) voltage is greater than specified by vmax
OSDI(debug) n.xru87.nr1: WARNING: V(i2,c) voltage is greater than specified by vmax
OSDI(debug) n.xru86.nr1: WARNING: V(i1,c) voltage is greater than specified by vmax
OSDI(debug) n.xru86.nr1: WARNING: V(i2,c) voltage is greater than specified by vmax
OSDI(debug) n.xru85.nr1: WARNING: V(i1,c) voltage is greater than specified by vmax
OSDI(debug) n.xru85.nr1: WARNING: V(i2,c) voltage is greater than specified by vmax
OSDI(debug) n.xru84.nr1: WARNING: V(i1,c) voltage is greater than specified by vmax
OSDI(debug) n.xru84.nr1: WARNING: V(i2,c) voltage is greater than specified by vmax
OSDI(debug) n.xru83.nr1: WARNING: V(i1,c) voltage is greater than specified by vmax
OSDI(debug) n.xru83.nr1: WARNING: V(i2,c) voltage is greater than specified by vmax
OSDI(debug) n.xru82.nr1: WARNING: V(i1,c) voltage is greater than specified by vmax
OSDI(debug) n.xru82.nr1: WARNING: V(i2,c) voltage is greater than specified by vmax
OSDI(debug) n.xru81.nr1: WARNING: V(i1,c) voltage is greater than specified by vmax
OSDI(debug) n.xru81.nr1: WARNING: V(i2,c) voltage is greater than specified by vmax
OSDI(debug) n.xru80.nr1: WARNING: V(i1,c) voltage is greater than specified by vmax
OSDI(debug) n.xru80.nr1: WARNING: V(i2,c) voltage is greater than specified by vmax
OSDI(debug) n.xru79.nr1: WARNING: V(i1,c) voltage is greater than specified by vmax
OSDI(debug) n.xru79.nr1: WARNING: V(i2,c) voltage is greater than specified by vmax
OSDI(debug) n.xru78.nr1: WARNING: V(i1,c) voltage is greater than specified by vmax
OSDI(debug) n.xru78.nr1: WARNING: V(i2,c) voltage is greater than specified by vmax
OSDI(debug) n.xru77.nr1: WARNING: V(i1,c) voltage is greater than specified by vmax
OSDI(debug) n.xru77.nr1: WARNING: V(i2,c) voltage is greater than specified by vmax
OSDI(debug) n.xru76.nr1: WARNING: V(i1,c) voltage is greater than specified by vmax
OSDI(debug) n.xru76.nr1: WARNING: V(i2,c) voltage is greater than specified by vmax
OSDI(debug) n.xru75.nr1: WARNING: V(i1,c) voltage is greater than specified by vmax
OSDI(debug) n.xru75.nr1: WARNING: V(i2,c) voltage is greater than specified by vmax
OSDI(debug) n.xru74.nr1: WARNING: V(i1,c) voltage is greater than specified by vmax
OSDI(debug) n.xru74.nr1: WARNING: V(i2,c) voltage is greater than specified by vmax
OSDI(debug) n.xru73.nr1: WARNING: V(i1,c) voltage is greater than specified by vmax
OSDI(debug) n.xru73.nr1: WARNING: V(i2,c) voltage is greater than specified by vmax
OSDI(debug) n.xru72.nr1: WARNING: V(i1,c) voltage is greater than specified by vmax
OSDI(debug) n.xru72.nr1: WARNING: V(i2,c) voltage is greater than specified by vmax
OSDI(debug) n.xru71.nr1: WARNING: V(i1,c) voltage is greater than specified by vmax
OSDI(debug) n.xru71.nr1: WARNING: V(i2,c) voltage is greater than specified by vmax
OSDI(debug) n.xru70.nr1: WARNING: V(i1,c) voltage is greater than specified by vmax
OSDI(debug) n.xru70.nr1: WARNING: V(i2,c) voltage is greater than specified by vmax
OSDI(debug) n.xru69.nr1: WARNING: V(i1,c) voltage is greater than specified by vmax
OSDI(debug) n.xru69.nr1: WARNING: V(i2,c) voltage is greater than specified by vmax
OSDI(debug) n.xru68.nr1: WARNING: V(i1,c) voltage is greater than specified by vmax
OSDI(debug) n.xru68.nr1: WARNING: V(i2,c) voltage is greater than specified by vmax
OSDI(debug) n.xru67.nr1: WARNING: V(i1,c) voltage is greater than specified by vmax
OSDI(debug) n.xru67.nr1: WARNING: V(i2,c) voltage is greater than specified by vmax
OSDI(debug) n.xru66.nr1: WARNING: V(i1,c) voltage is greater than specified by vmax
OSDI(debug) n.xru66.nr1: WARNING: V(i2,c) voltage is greater than specified by vmax
OSDI(debug) n.xru65.nr1: WARNING: V(i1,c) voltage is greater than specified by vmax
OSDI(debug) n.xru65.nr1: WARNING: V(i2,c) voltage is greater than specified by vmax
OSDI(debug) n.xru64.nr1: WARNING: V(i1,c) voltage is greater than specified by vmax
OSDI(debug) n.xru64.nr1: WARNING: V(i2,c) voltage is greater than specified by vmax
OSDI(debug) n.xru63.nr1: WARNING: V(i1,c) voltage is greater than specified by vmax
OSDI(debug) n.xru63.nr1: WARNING: V(i2,c) voltage is greater than specified by vmax
OSDI(debug) n.xru62.nr1: WARNING: V(i1,c) voltage is greater than specified by vmax
OSDI(debug) n.xru62.nr1: WARNING: V(i2,c) voltage is greater than specified by vmax
OSDI(debug) n.xru61.nr1: WARNING: V(i1,c) voltage is greater than specified by vmax
OSDI(debug) n.xru61.nr1: WARNING: V(i2,c) voltage is greater than specified by vmax
OSDI(debug) n.xru60.nr1: WARNING: V(i1,c) voltage is greater than specified by vmax
OSDI(debug) n.xru60.nr1: WARNING: V(i2,c) voltage is greater than specified by vmax
OSDI(debug) n.xru59.nr1: WARNING: V(i1,c) voltage is greater than specified by vmax
OSDI(debug) n.xru59.nr1: WARNING: V(i2,c) voltage is greater than specified by vmax
OSDI(debug) n.xru58.nr1: WARNING: V(i1,c) voltage is greater than specified by vmax
OSDI(debug) n.xru58.nr1: WARNING: V(i2,c) voltage is greater than specified by vmax
OSDI(debug) n.xru57.nr1: WARNING: V(i1,c) voltage is greater than specified by vmax
OSDI(debug) n.xru57.nr1: WARNING: V(i2,c) voltage is greater than specified by vmax
OSDI(debug) n.xru56.nr1: WARNING: V(i1,c) voltage is greater than specified by vmax
OSDI(debug) n.xru56.nr1: WARNING: V(i2,c) voltage is greater than specified by vmax
OSDI(debug) n.xru55.nr1: WARNING: V(i1,c) voltage is greater than specified by vmax
OSDI(debug) n.xru55.nr1: WARNING: V(i2,c) voltage is greater than specified by vmax
OSDI(debug) n.xru54.nr1: WARNING: V(i1,c) voltage is greater than specified by vmax
OSDI(debug) n.xru54.nr1: WARNING: V(i2,c) voltage is greater than specified by vmax
OSDI(debug) n.xru53.nr1: WARNING: V(i1,c) voltage is greater than specified by vmax
OSDI(debug) n.xru53.nr1: WARNING: V(i2,c) voltage is greater than specified by vmax
OSDI(debug) n.xru52.nr1: WARNING: V(i1,c) voltage is greater than specified by vmax
OSDI(debug) n.xru52.nr1: WARNING: V(i2,c) voltage is greater than specified by vmax
OSDI(debug) n.xru51.nr1: WARNING: V(i1,c) voltage is greater than specified by vmax
OSDI(debug) n.xru51.nr1: WARNING: V(i2,c) voltage is greater than specified by vmax
OSDI(debug) n.xru50.nr1: WARNING: V(i1,c) voltage is greater than specified by vmax
OSDI(debug) n.xru50.nr1: WARNING: V(i2,c) voltage is greater than specified by vmax
OSDI(debug) n.xru49.nr1: WARNING: V(i1,c) voltage is greater than specified by vmax
OSDI(debug) n.xru49.nr1: WARNING: V(i2,c) voltage is greater than specified by vmax
OSDI(debug) n.xru48.nr1: WARNING: V(i1,c) voltage is greater than specified by vmax
OSDI(debug) n.xru48.nr1: WARNING: V(i2,c) voltage is greater than specified by vmax
OSDI(debug) n.xru47.nr1: WARNING: V(i1,c) voltage is greater than specified by vmax
OSDI(debug) n.xru47.nr1: WARNING: V(i2,c) voltage is greater than specified by vmax
OSDI(debug) n.xru46.nr1: WARNING: V(i1,c) voltage is greater than specified by vmax
OSDI(debug) n.xru46.nr1: WARNING: V(i2,c) voltage is greater than specified by vmax
OSDI(debug) n.xru45.nr1: WARNING: V(i1,c) voltage is greater than specified by vmax
OSDI(debug) n.xru45.nr1: WARNING: V(i2,c) voltage is greater than specified by vmax
OSDI(debug) n.xru44.nr1: WARNING: V(i1,c) voltage is greater than specified by vmax
OSDI(debug) n.xru44.nr1: WARNING: V(i2,c) voltage is greater than specified by vmax
OSDI(debug) n.xru43.nr1: WARNING: V(i1,c) voltage is greater than specified by vmax
OSDI(debug) n.xru43.nr1: WARNING: V(i2,c) voltage is greater than specified by vmax
OSDI(debug) n.xru42.nr1: WARNING: V(i1,c) voltage is greater than specified by vmax
OSDI(debug) n.xru42.nr1: WARNING: V(i2,c) voltage is greater than specified by vmax
OSDI(debug) n.xru41.nr1: WARNING: V(i1,c) voltage is greater than specified by vmax
OSDI(debug) n.xru41.nr1: WARNING: V(i2,c) voltage is greater than specified by vmax
OSDI(debug) n.xru40.nr1: WARNING: V(i1,c) voltage is greater than specified by vmax
OSDI(debug) n.xru40.nr1: WARNING: V(i2,c) voltage is greater than specified by vmax
OSDI(debug) n.xru39.nr1: WARNING: V(i1,c) voltage is greater than specified by vmax
OSDI(debug) n.xru39.nr1: WARNING: V(i2,c) voltage is greater than specified by vmax
OSDI(debug) n.xru38.nr1: WARNING: V(i1,c) voltage is greater than specified by vmax
OSDI(debug) n.xru38.nr1: WARNING: V(i2,c) voltage is greater than specified by vmax
OSDI(debug) n.xru37.nr1: WARNING: V(i1,c) voltage is greater than specified by vmax
OSDI(debug) n.xru37.nr1: WARNING: V(i2,c) voltage is greater than specified by vmax
OSDI(debug) n.xru36.nr1: WARNING: V(i1,c) voltage is greater than specified by vmax
OSDI(debug) n.xru36.nr1: WARNING: V(i2,c) voltage is greater than specified by vmax
OSDI(debug) n.xru35.nr1: WARNING: V(i1,c) voltage is greater than specified by vmax
OSDI(debug) n.xru35.nr1: WARNING: V(i2,c) voltage is greater than specified by vmax
OSDI(debug) n.xru34.nr1: WARNING: V(i1,c) voltage is greater than specified by vmax
OSDI(debug) n.xru34.nr1: WARNING: V(i2,c) voltage is greater than specified by vmax
OSDI(debug) n.xru33.nr1: WARNING: V(i1,c) voltage is greater than specified by vmax
OSDI(debug) n.xru33.nr1: WARNING: V(i2,c) voltage is greater than specified by vmax
OSDI(debug) n.xru32.nr1: WARNING: V(i1,c) voltage is greater than specified by vmax
OSDI(debug) n.xru32.nr1: WARNING: V(i2,c) voltage is greater than specified by vmax
OSDI(debug) n.xru31.nr1: WARNING: V(i1,c) voltage is greater than specified by vmax
OSDI(debug) n.xru31.nr1: WARNING: V(i2,c) voltage is greater than specified by vmax
OSDI(debug) n.xru30.nr1: WARNING: V(i1,c) voltage is greater than specified by vmax
OSDI(debug) n.xru30.nr1: WARNING: V(i2,c) voltage is greater than specified by vmax
OSDI(debug) n.xru29.nr1: WARNING: V(i1,c) voltage is greater than specified by vmax
OSDI(debug) n.xru29.nr1: WARNING: V(i2,c) voltage is greater than specified by vmax
OSDI(debug) n.xru28.nr1: WARNING: V(i1,c) voltage is greater than specified by vmax
OSDI(debug) n.xru28.nr1: WARNING: V(i2,c) voltage is greater than specified by vmax
OSDI(debug) n.xru27.nr1: WARNING: V(i1,c) voltage is greater than specified by vmax
OSDI(debug) n.xru27.nr1: WARNING: V(i2,c) voltage is greater than specified by vmax
OSDI(debug) n.xru26.nr1: WARNING: V(i1,c) voltage is greater than specified by vmax
WARNING: V(i1,c) voltage is greater than specified by vmax
OSDI(debug) n.xru247.nr1: WARNING: V(i2,c) voltage is greater than specified by vmax
OSDI(debug) n.xru25.nr1: WARNING: V(i1,c) voltage is greater than specified by vmax
OSDI(debug) n.xru25.nr1: WARNING: V(i2,c) voltage is greater than specified by vmax
OSDI(debug) n.xru24.nr1: WARNING: V(i1,c) voltage is greater than specified by vmax
OSDI(debug) n.xru24.nr1: WARNING: V(i2,c) voltage is greater than specified by vmax
OSDI(debug) n.xru23.nr1: WARNING: V(i1,c) voltage is greater than specified by vmax
OSDI(debug) n.xru23.nr1: WARNING: V(i2,c) voltage is greater than specified by vmax
OSDI(debug) n.xru22.nr1: WARNING: V(i1,c) voltage is greater than specified by vmax
OSDI(debug) n.xru22.nr1: WARNING: V(i2,c) voltage is greater than specified by vmax
OSDI(debug) n.xru21.nr1: WARNING: V(i1,c) voltage is greater than specified by vmax
OSDI(debug) n.xru21.nr1: WARNING: V(i2,c) voltage is greater than specified by vmax
OSDI(debug) n.xru20.nr1: WARNING: V(i1,c) voltage is greater than specified by vmax
OSDI(debug) n.xru20.nr1: WARNING: V(i2,c) voltage is greater than specified by vmax
OSDI(debug) n.xru19.nr1: WARNING: V(i1,c) voltage is greater than specified by vmax
OSDI(debug) n.xru19.nr1: WARNING: V(i2,c) voltage is greater than specified by vmax
OSDI(debug) n.xru18.nr1: WARNING: V(i1,c) voltage is greater than specified by vmax
OSDI(debug) n.xru18.nr1: WARNING: V(i2,c) voltage is greater than specified by vmax
OSDI(debug) n.xru17.nr1: WARNING: V(i1,c) voltage is greater than specified by vmax
OSDI(debug) n.xru17.nr1: WARNING: V(i2,c) voltage is greater than specified by vmax
OSDI(debug) n.xru16.nr1: WARNING: V(i1,c) voltage is greater than specified by vmax
OSDI(debug) n.xru16.nr1: WARNING: V(i2,c) voltage is greater than specified by vmax
OSDI(debug) n.xru15.nr1: WARNING: V(i1,c) voltage is greater than specified by vmax
OSDI(debug) n.xru15.nr1: WARNING: V(i2,c) voltage is greater than specified by vmax
OSDI(debug) n.xru14.nr1: WARNING: V(i1,c) voltage is greater than specified by vmax
OSDI(debug) n.xru14.nr1: WARNING: V(i2,c) voltage is greater than specified by vmax
OSDI(debug) n.xru13.nr1: WARNING: V(i1,c) voltage is greater than specified by vmax
OSDI(debug) n.xru13.nr1: WARNING: V(i2,c) voltage is greater than specified by vmax
OSDI(debug) n.xru12.nr1: WARNING: V(i1,c) voltage is greater than specified by vmax
OSDI(debug) n.xru12.nr1: WARNING: V(i2,c) voltage is greater than specified by vmax
OSDI(debug) n.xru11.nr1: WARNING: V(i1,c) voltage is greater than specified by vmax
OSDI(debug) n.xru11.nr1: WARNING: V(i2,c) voltage is greater than specified by vmax
OSDI(debug) n.xru10.nr1: WARNING: V(i1,c) voltage is greater than specified by vmax
OSDI(debug) n.xru10.nr1: WARNING: V(i2,c) voltage is greater than specified by vmax
OSDI(debug) n.xru9.nr1: WARNING: V(i1,c) voltage is greater than specified by vmax
OSDI(debug) n.xru9.nr1: WARNING: V(i2,c) voltage is greater than specified by vmax
OSDI(debug) n.xru8.nr1: WARNING: V(i1,c) voltage is greater than specified by vmax
OSDI(debug) n.xru8.nr1: WARNING: V(i2,c) voltage is greater than specified by vmax
OSDI(debug) n.xru7.nr1: WARNING: V(i1,c) voltage is greater than specified by vmax
OSDI(debug) n.xru7.nr1: WARNING: V(i2,c) voltage is greater than specified by vmax
OSDI(debug) n.xru6.nr1: WARNING: V(i1,c) voltage is greater than specified by vmax
OSDI(debug) n.xru6.nr1: WARNING: V(i2,c) voltage is greater than specified by vmax
OSDI(debug) n.xru244.nr1: OSDI(debug) n.xru241.nr1: OSDI(debug) n.xru5.nr1: OSDI(debug) n.xru26.nr1: WARNING: V(i1,c) voltage is greater than specified by vmax
OSDI(debug) n.xru241.nr1: WARNING: V(i2,c) voltage is greater than specified by vmax
WARNING: V(i1,c) voltage is greater than specified by vmax
OSDI(debug) n.xru244.nr1: WARNING: V(i2,c) voltage is greater than specified by vmax
OSDI(debug) n.xru3.nr1: WARNING: V(i1,c) voltage is greater than specified by vmax
OSDI(debug) n.xru5.nr1: WARNING: V(i2,c) voltage is greater than specified by vmax
WARNING: V(i2,c) voltage is greater than specified by vmax
OSDI(debug) n.xru4.nr1: OSDI(debug) n.xru1.nr1: WARNING: V(i1,c) voltage is greater than specified by vmax
OSDI(debug) n.xru1.nr1: WARNING: V(i2,c) voltage is greater than specified by vmax
WARNING: V(i1,c) voltage is greater than specified by vmax
OSDI(debug) n.xru2.nr1: WARNING: V(i1,c) voltage is greater than specified by vmax
WARNING: V(i1,c) voltage is greater than specified by vmax
OSDI(debug) n.xru3.nr1: OSDI(debug) n.xru4.nr1: WARNING: V(i1,c) voltage is greater than specified by vmax
OSDI(debug) n.xru253.nr1: WARNING: V(i2,c) voltage is greater than specified by vmax
WARNING: V(i2,c) voltage is greater than specified by vmax
WARNING: V(i2,c) voltage is greater than specified by vmax
WARNING: V(i2,c) voltage is greater than specified by vmax
OSDI(debug) n.xr1.nr1: WARNING: V(i1,c) voltage is greater than specified by vmax
OSDI(debug) n.xr1.nr1: WARNING: V(i2,c) voltage is greater than specified by vmax
OSDI(debug) n.xru2.nr1: WARNING: V(i2,c) voltage is greater than specified by vmax
WARNING: V(i1,c) voltage is greater than specified by vmax
OSDI(debug) n.xru249.nr1: WARNING: V(i2,c) voltage is greater than specified by vmax
WARNING: V(i2,c) voltage is greater than specified by vmax
Note: True gmin stepping completed

No. of Data Rows : 271

  Measurements for AC Analysis

psrr_dc_lin         =  1.67086e-04
psrr_1khz_lin       =  1.68456e-04
psrr_100khz_lin     =  2.15043e-03
psrr_1mhz_lin       =  2.13231e-02

ngspice-46 done
