point,mismatch_mode,draw_index,seed,corner_label,hbt_section,mos_section,res_section,temp_c,vdd_v,msense_w,status,fb_v,sns1_v,sns2_v,det_v,i_mkfb_a,dvsns_v,vref_v
nominal,mismatch,0,20260909,typ,hbt_typ_mismatch,mos_tt_mismatch,res_typ_mismatch,27,3.30,10u,PASS,2.495168e+00,7.126157e-01,7.062653e-01,8.262510e-03,8.886740e-14,0.0063504,1.051133e+00
nominal,mismatch,1,20260910,typ,hbt_typ_mismatch,mos_tt_mismatch,res_typ_mismatch,27,3.30,10u,PASS,2.502832e+00,7.013155e-01,7.021770e-01,9.101975e-03,1.250368e-13,0.0008615,1.020032e+00
nominal,mismatch,2,20260911,typ,hbt_typ_mismatch,mos_tt_mismatch,res_typ_mismatch,27,3.30,10u,PASS,2.487387e+00,7.102319e-01,7.147144e-01,7.748098e-03,8.615550e-14,0.0044825,1.084036e+00
nominal,mismatch,3,20260912,typ,hbt_typ_mismatch,mos_tt_mismatch,res_typ_mismatch,27,3.30,10u,PASS,2.499614e+00,7.079155e-01,7.059628e-01,9.044736e-03,8.332289e-14,0.0019527,1.042757e+00
nominal,mismatch,4,20260913,typ,hbt_typ_mismatch,mos_tt_mismatch,res_typ_mismatch,27,3.30,10u,PASS,2.500057e+00,7.096501e-01,7.069366e-01,8.210839e-03,8.319781e-14,0.0027135,1.033720e+00
nominal,mismatch,5,20260914,typ,hbt_typ_mismatch,mos_tt_mismatch,res_typ_mismatch,27,3.30,10u,PASS,2.484030e+00,7.117884e-01,7.194407e-01,8.012231e-03,7.832965e-14,0.0076523,1.090076e+00
nominal,mismatch,6,20260915,typ,hbt_typ_mismatch,mos_tt_mismatch,res_typ_mismatch,27,3.30,10u,PASS,2.510246e+00,7.054498e-01,7.011249e-01,9.073704e-03,1.006235e-13,0.0043249,1.000706e+00
nominal,mismatch,7,20260916,typ,hbt_typ_mismatch,mos_tt_mismatch,res_typ_mismatch,27,3.30,10u,PASS,2.497647e+00,7.117036e-01,7.080871e-01,8.133200e-03,1.024539e-13,0.0036165,1.051631e+00
nominal,mismatch,8,20260917,typ,hbt_typ_mismatch,mos_tt_mismatch,res_typ_mismatch,27,3.30,10u,PASS,2.472980e+00,7.144533e-01,7.264753e-01,8.055242e-03,9.761992e-14,0.012022,1.141932e+00
nominal,mismatch,9,20260918,typ,hbt_typ_mismatch,mos_tt_mismatch,res_typ_mismatch,27,3.30,10u,PASS,2.486507e+00,7.109283e-01,7.153560e-01,8.491763e-03,7.400583e-14,0.0044277,1.081742e+00
nominal,mismatch,10,20260919,typ,hbt_typ_mismatch,mos_tt_mismatch,res_typ_mismatch,27,3.30,10u,PASS,2.497245e+00,7.096229e-01,7.077550e-01,9.296495e-03,8.754158e-14,0.0018679,1.057589e+00
nominal,mismatch,11,20260920,typ,hbt_typ_mismatch,mos_tt_mismatch,res_typ_mismatch,27,3.30,10u,PASS,2.512404e+00,7.006870e-01,7.015355e-01,9.256987e-03,9.551462e-14,0.0008485,9.992919e-01
nominal,mismatch,12,20260921,typ,hbt_typ_mismatch,mos_tt_mismatch,res_typ_mismatch,27,3.30,10u,PASS,2.500055e+00,7.077059e-01,7.049134e-01,7.992804e-03,8.044868e-14,0.0027925,1.038274e+00
nominal,mismatch,13,20260922,typ,hbt_typ_mismatch,mos_tt_mismatch,res_typ_mismatch,27,3.30,10u,PASS,2.511284e+00,7.055373e-01,6.918872e-01,8.617796e-03,1.214168e-13,0.0136501,9.984078e-01
nominal,mismatch,14,20260923,typ,hbt_typ_mismatch,mos_tt_mismatch,res_typ_mismatch,27,3.30,10u,PASS,2.497599e+00,7.059940e-01,7.106820e-01,8.482267e-03,6.379005e-14,0.004688,1.031831e+00
nominal,mismatch,15,20260924,typ,hbt_typ_mismatch,mos_tt_mismatch,res_typ_mismatch,27,3.30,10u,PASS,2.477221e+00,7.168858e-01,7.225850e-01,7.681283e-03,1.143191e-13,0.0056992,1.115153e+00
nominal,mismatch,16,20260925,typ,hbt_typ_mismatch,mos_tt_mismatch,res_typ_mismatch,27,3.30,10u,PASS,2.498957e+00,7.124043e-01,7.066004e-01,8.127603e-03,9.911643e-14,0.0058039,1.051945e+00
nominal,mismatch,17,20260926,typ,hbt_typ_mismatch,mos_tt_mismatch,res_typ_mismatch,27,3.30,10u,PASS,2.480563e+00,7.110785e-01,7.182078e-01,8.406316e-03,8.284265e-14,0.0071293,1.111587e+00
nominal,mismatch,18,20260927,typ,hbt_typ_mismatch,mos_tt_mismatch,res_typ_mismatch,27,3.30,10u,PASS,2.504995e+00,7.035480e-01,6.962779e-01,8.534040e-03,9.042837e-14,0.0072701,1.017767e+00
nominal,mismatch,19,20260928,typ,hbt_typ_mismatch,mos_tt_mismatch,res_typ_mismatch,27,3.30,10u,PASS,2.496154e+00,7.082930e-01,7.095370e-01,8.113586e-03,7.371267e-14,0.001244,1.055730e+00
nominal,mismatch,20,20260929,typ,hbt_typ_mismatch,mos_tt_mismatch,res_typ_mismatch,27,3.30,10u,PASS,2.525570e+00,6.945205e-01,6.902454e-01,1.033941e-02,1.073899e-13,0.0042751,9.521175e-01
nominal,mismatch,21,20260930,typ,hbt_typ_mismatch,mos_tt_mismatch,res_typ_mismatch,27,3.30,10u,PASS,2.510565e+00,7.004521e-01,6.967559e-01,1.051892e-02,1.103190e-13,0.0036962,1.002201e+00
nominal,mismatch,22,20260931,typ,hbt_typ_mismatch,mos_tt_mismatch,res_typ_mismatch,27,3.30,10u,PASS,2.480341e+00,7.131410e-01,7.204596e-01,8.236382e-03,1.291411e-13,0.0073186,1.113025e+00
nominal,mismatch,23,20260932,typ,hbt_typ_mismatch,mos_tt_mismatch,res_typ_mismatch,27,3.30,10u,PASS,2.510722e+00,7.043384e-01,6.934571e-01,8.440455e-03,8.926470e-14,0.0108813,1.007652e+00
nominal,mismatch,24,20260933,typ,hbt_typ_mismatch,mos_tt_mismatch,res_typ_mismatch,27,3.30,10u,PASS,2.504407e+00,7.064553e-01,7.062899e-01,8.813072e-03,1.018208e-13,0.0001654,1.010000e+00
nominal,mismatch,25,20260934,typ,hbt_typ_mismatch,mos_tt_mismatch,res_typ_mismatch,27,3.30,10u,PASS,2.512211e+00,7.011634e-01,6.981762e-01,9.418965e-03,1.231176e-13,0.0029872,9.929748e-01
nominal,mismatch,26,20260935,typ,hbt_typ_mismatch,mos_tt_mismatch,res_typ_mismatch,27,3.30,10u,PASS,2.498878e+00,7.073467e-01,7.093636e-01,8.751667e-03,1.051021e-13,0.0020169,1.039324e+00
nominal,mismatch,27,20260936,typ,hbt_typ_mismatch,mos_tt_mismatch,res_typ_mismatch,27,3.30,10u,PASS,2.504607e+00,7.037115e-01,7.034963e-01,9.242039e-03,8.051905e-14,0.0002152,1.026465e+00
nominal,mismatch,28,20260937,typ,hbt_typ_mismatch,mos_tt_mismatch,res_typ_mismatch,27,3.30,10u,PASS,2.483951e+00,7.084794e-01,7.204256e-01,8.214268e-03,1.173613e-13,0.0119462,1.087538e+00
nominal,mismatch,29,20260938,typ,hbt_typ_mismatch,mos_tt_mismatch,res_typ_mismatch,27,3.30,10u,PASS,2.486595e+00,7.127797e-01,7.200970e-01,8.956169e-03,7.527597e-14,0.0073173,1.084139e+00
nominal,mismatch,30,20260939,typ,hbt_typ_mismatch,mos_tt_mismatch,res_typ_mismatch,27,3.30,10u,PASS,2.500699e+00,7.074934e-01,7.041744e-01,8.622864e-03,9.240380e-14,0.003319,1.036970e+00
nominal,mismatch,31,20260940,typ,hbt_typ_mismatch,mos_tt_mismatch,res_typ_mismatch,27,3.30,10u,PASS,2.493467e+00,7.104939e-01,7.096590e-01,8.325546e-03,7.111354e-14,0.0008349,1.053569e+00
nominal,mismatch,32,20260941,typ,hbt_typ_mismatch,mos_tt_mismatch,res_typ_mismatch,27,3.30,10u,PASS,2.502318e+00,7.039811e-01,7.121240e-01,8.940079e-03,1.107193e-13,0.0081429,1.037847e+00
nominal,mismatch,33,20260942,typ,hbt_typ_mismatch,mos_tt_mismatch,res_typ_mismatch,27,3.30,10u,PASS,2.477092e+00,7.167458e-01,7.173640e-01,7.658984e-03,9.262868e-14,0.0006182,1.117752e+00
nominal,mismatch,34,20260943,typ,hbt_typ_mismatch,mos_tt_mismatch,res_typ_mismatch,27,3.30,10u,PASS,2.504205e+00,7.083463e-01,7.061504e-01,9.022545e-03,9.550911e-14,0.0021959,1.025279e+00
nominal,mismatch,35,20260944,typ,hbt_typ_mismatch,mos_tt_mismatch,res_typ_mismatch,27,3.30,10u,PASS,2.485700e+00,7.077643e-01,7.121399e-01,9.029788e-03,1.000767e-13,0.0043756,1.083232e+00
nominal,mismatch,36,20260945,typ,hbt_typ_mismatch,mos_tt_mismatch,res_typ_mismatch,27,3.30,10u,PASS,2.508051e+00,7.033212e-01,7.006789e-01,9.000839e-03,1.030091e-13,0.0026423,1.010220e+00
nominal,mismatch,37,20260946,typ,hbt_typ_mismatch,mos_tt_mismatch,res_typ_mismatch,27,3.30,10u,PASS,2.498023e+00,7.036587e-01,7.063914e-01,9.154443e-03,1.041851e-13,0.0027327,1.044722e+00
nominal,mismatch,38,20260947,typ,hbt_typ_mismatch,mos_tt_mismatch,res_typ_mismatch,27,3.30,10u,PASS,2.481188e+00,7.105532e-01,7.169575e-01,8.518834e-03,8.231712e-14,0.0064043,1.092982e+00
nominal,mismatch,39,20260948,typ,hbt_typ_mismatch,mos_tt_mismatch,res_typ_mismatch,27,3.30,10u,PASS,2.511593e+00,7.035806e-01,7.063635e-01,9.204846e-03,1.081951e-13,0.0027829,9.916610e-01
nominal,mismatch,40,20260949,typ,hbt_typ_mismatch,mos_tt_mismatch,res_typ_mismatch,27,3.30,10u,PASS,2.520041e+00,6.999712e-01,6.928204e-01,9.102176e-03,9.284810e-14,0.0071508,9.876479e-01
nominal,mismatch,41,20260950,typ,hbt_typ_mismatch,mos_tt_mismatch,res_typ_mismatch,27,3.30,10u,PASS,2.487536e+00,7.120099e-01,7.147016e-01,7.933715e-03,1.228422e-13,0.0026917,1.075806e+00
nominal,mismatch,42,20260951,typ,hbt_typ_mismatch,mos_tt_mismatch,res_typ_mismatch,27,3.30,10u,PASS,2.536814e+00,6.931468e-01,6.839494e-01,1.023782e-02,1.219787e-13,0.0091974,9.176218e-01
nominal,mismatch,43,20260952,typ,hbt_typ_mismatch,mos_tt_mismatch,res_typ_mismatch,27,3.30,10u,PASS,2.510802e+00,7.033940e-01,6.994549e-01,8.927000e-03,1.021453e-13,0.0039391,9.983228e-01
nominal,mismatch,44,20260953,typ,hbt_typ_mismatch,mos_tt_mismatch,res_typ_mismatch,27,3.30,10u,PASS,2.478327e+00,7.112962e-01,7.208572e-01,7.666714e-03,8.544331e-14,0.009561,1.106137e+00
nominal,mismatch,45,20260954,typ,hbt_typ_mismatch,mos_tt_mismatch,res_typ_mismatch,27,3.30,10u,PASS,2.511128e+00,7.054274e-01,7.006283e-01,8.862744e-03,7.976466e-14,0.0047991,9.985040e-01
nominal,mismatch,46,20260955,typ,hbt_typ_mismatch,mos_tt_mismatch,res_typ_mismatch,27,3.30,10u,PASS,2.491295e+00,7.083090e-01,7.103000e-01,8.168355e-03,1.123965e-13,0.001991,1.072232e+00
nominal,mismatch,47,20260956,typ,hbt_typ_mismatch,mos_tt_mismatch,res_typ_mismatch,27,3.30,10u,PASS,2.485342e+00,7.089677e-01,7.119724e-01,7.995865e-03,9.736760e-14,0.0030047,1.082838e+00
nominal,mismatch,48,20260957,typ,hbt_typ_mismatch,mos_tt_mismatch,res_typ_mismatch,27,3.30,10u,PASS,2.515596e+00,7.021094e-01,6.934571e-01,8.622669e-03,1.202704e-13,0.0086523,9.886728e-01
nominal,mismatch,49,20260958,typ,hbt_typ_mismatch,mos_tt_mismatch,res_typ_mismatch,27,3.30,10u,PASS,2.476686e+00,7.109733e-01,7.210034e-01,8.586144e-03,7.470477e-14,0.0100301,1.115644e+00
nominal,mismatch,50,20260959,typ,hbt_typ_mismatch,mos_tt_mismatch,res_typ_mismatch,27,3.30,10u,PASS,2.512318e+00,7.002461e-01,6.953610e-01,9.520585e-03,7.878496e-14,0.0048851,1.002170e+00
nominal,mismatch,51,20260960,typ,hbt_typ_mismatch,mos_tt_mismatch,res_typ_mismatch,27,3.30,10u,PASS,2.514211e+00,7.044217e-01,6.972108e-01,8.725026e-03,8.777171e-14,0.0072109,9.860471e-01
nominal,mismatch,52,20260961,typ,hbt_typ_mismatch,mos_tt_mismatch,res_typ_mismatch,27,3.30,10u,PASS,2.492097e+00,7.081249e-01,7.080559e-01,8.225680e-03,7.125291e-14,6.9e-05,1.063180e+00
nominal,mismatch,53,20260962,typ,hbt_typ_mismatch,mos_tt_mismatch,res_typ_mismatch,27,3.30,10u,PASS,2.530575e+00,6.965910e-01,6.905554e-01,1.069773e-02,1.139105e-13,0.0060356,9.367768e-01
nominal,mismatch,54,20260963,typ,hbt_typ_mismatch,mos_tt_mismatch,res_typ_mismatch,27,3.30,10u,PASS,2.486757e+00,7.100085e-01,7.128283e-01,8.302587e-03,9.029256e-14,0.0028198,1.086561e+00
nominal,mismatch,55,20260964,typ,hbt_typ_mismatch,mos_tt_mismatch,res_typ_mismatch,27,3.30,10u,PASS,2.498396e+00,7.057522e-01,7.082315e-01,8.980305e-03,7.258889e-14,0.0024793,1.049784e+00
nominal,mismatch,56,20260965,typ,hbt_typ_mismatch,mos_tt_mismatch,res_typ_mismatch,27,3.30,10u,PASS,2.492983e+00,7.046364e-01,7.113165e-01,8.887372e-03,9.773990e-14,0.0066801,1.064329e+00
nominal,mismatch,57,20260966,typ,hbt_typ_mismatch,mos_tt_mismatch,res_typ_mismatch,27,3.30,10u,PASS,2.493484e+00,7.110415e-01,7.132685e-01,8.126950e-03,9.865299e-14,0.002227,1.044396e+00
nominal,mismatch,58,20260967,typ,hbt_typ_mismatch,mos_tt_mismatch,res_typ_mismatch,27,3.30,10u,PASS,2.492383e+00,7.109567e-01,7.159577e-01,8.506036e-03,7.565109e-14,0.005001,1.058607e+00
nominal,mismatch,59,20260968,typ,hbt_typ_mismatch,mos_tt_mismatch,res_typ_mismatch,27,3.30,10u,PASS,2.519177e+00,7.017469e-01,6.918741e-01,9.697625e-03,1.099513e-13,0.0098728,9.713027e-01
nominal,mismatch,60,20260969,typ,hbt_typ_mismatch,mos_tt_mismatch,res_typ_mismatch,27,3.30,10u,PASS,2.493742e+00,7.080045e-01,7.088084e-01,8.552359e-03,9.523737e-14,0.0008039,1.053069e+00
nominal,mismatch,61,20260970,typ,hbt_typ_mismatch,mos_tt_mismatch,res_typ_mismatch,27,3.30,10u,PASS,2.507849e+00,7.063738e-01,6.985383e-01,8.688770e-03,9.365441e-14,0.0078355,1.018046e+00
nominal,mismatch,62,20260971,typ,hbt_typ_mismatch,mos_tt_mismatch,res_typ_mismatch,27,3.30,10u,PASS,2.507774e+00,7.060954e-01,6.984824e-01,8.532854e-03,7.783478e-14,0.007613,1.008962e+00
nominal,mismatch,63,20260972,typ,hbt_typ_mismatch,mos_tt_mismatch,res_typ_mismatch,27,3.30,10u,PASS,2.494387e+00,7.068581e-01,7.073660e-01,8.667464e-03,1.379475e-13,0.0005079,1.045632e+00
nominal,mismatch,64,20260973,typ,hbt_typ_mismatch,mos_tt_mismatch,res_typ_mismatch,27,3.30,10u,PASS,2.493231e+00,7.097746e-01,7.089038e-01,8.415801e-03,8.931151e-14,0.0008708,1.058174e+00
nominal,mismatch,65,20260974,typ,hbt_typ_mismatch,mos_tt_mismatch,res_typ_mismatch,27,3.30,10u,PASS,2.497624e+00,7.098025e-01,7.110924e-01,8.387066e-03,9.067436e-14,0.0012899,1.049645e+00
nominal,mismatch,66,20260975,typ,hbt_typ_mismatch,mos_tt_mismatch,res_typ_mismatch,27,3.30,10u,PASS,2.501426e+00,7.016672e-01,7.071052e-01,9.267662e-03,9.388739e-14,0.005438,1.020215e+00
nominal,mismatch,67,20260976,typ,hbt_typ_mismatch,mos_tt_mismatch,res_typ_mismatch,27,3.30,10u,PASS,2.503865e+00,7.047061e-01,6.959019e-01,8.643700e-03,8.471226e-14,0.0088042,1.019555e+00
nominal,mismatch,68,20260977,typ,hbt_typ_mismatch,mos_tt_mismatch,res_typ_mismatch,27,3.30,10u,PASS,2.509555e+00,7.023657e-01,6.976596e-01,8.779600e-03,1.047877e-13,0.0047061,1.002617e+00
nominal,mismatch,69,20260978,typ,hbt_typ_mismatch,mos_tt_mismatch,res_typ_mismatch,27,3.30,10u,PASS,2.511722e+00,7.049041e-01,6.936013e-01,8.700155e-03,1.094602e-13,0.0113028,1.001338e+00
nominal,mismatch,70,20260979,typ,hbt_typ_mismatch,mos_tt_mismatch,res_typ_mismatch,27,3.30,10u,PASS,2.492321e+00,7.075624e-01,7.095479e-01,9.007865e-03,8.232011e-14,0.0019855,1.063502e+00
nominal,mismatch,71,20260980,typ,hbt_typ_mismatch,mos_tt_mismatch,res_typ_mismatch,27,3.30,10u,PASS,2.497633e+00,7.115839e-01,7.053364e-01,8.472394e-03,1.028837e-13,0.0062475,1.047539e+00
nominal,mismatch,72,20260981,typ,hbt_typ_mismatch,mos_tt_mismatch,res_typ_mismatch,27,3.30,10u,PASS,2.502613e+00,7.063343e-01,7.013965e-01,8.600176e-03,9.191476e-14,0.0049378,1.026973e+00
nominal,mismatch,73,20260982,typ,hbt_typ_mismatch,mos_tt_mismatch,res_typ_mismatch,27,3.30,10u,PASS,2.476843e+00,7.225383e-01,7.250924e-01,6.919557e-03,9.150639e-14,0.0025541,1.119842e+00
nominal,mismatch,74,20260983,typ,hbt_typ_mismatch,mos_tt_mismatch,res_typ_mismatch,27,3.30,10u,PASS,2.498631e+00,7.104297e-01,7.095443e-01,7.815463e-03,1.014954e-13,0.0008854,1.051878e+00
nominal,mismatch,75,20260984,typ,hbt_typ_mismatch,mos_tt_mismatch,res_typ_mismatch,27,3.30,10u,PASS,2.484643e+00,7.085466e-01,7.144976e-01,7.934478e-03,7.882387e-14,0.005951,1.104175e+00
nominal,mismatch,76,20260985,typ,hbt_typ_mismatch,mos_tt_mismatch,res_typ_mismatch,27,3.30,10u,PASS,2.504488e+00,7.084166e-01,7.074803e-01,8.198599e-03,8.999779e-14,0.0009363,1.027264e+00
nominal,mismatch,77,20260986,typ,hbt_typ_mismatch,mos_tt_mismatch,res_typ_mismatch,27,3.30,10u,PASS,2.487963e+00,7.105425e-01,7.142899e-01,7.762336e-03,9.979653e-14,0.0037474,1.070920e+00
nominal,mismatch,78,20260987,typ,hbt_typ_mismatch,mos_tt_mismatch,res_typ_mismatch,27,3.30,10u,PASS,2.500279e+00,7.083554e-01,7.083730e-01,8.636230e-03,9.264565e-14,1.76e-05,1.035362e+00
nominal,mismatch,79,20260988,typ,hbt_typ_mismatch,mos_tt_mismatch,res_typ_mismatch,27,3.30,10u,PASS,2.488188e+00,7.097760e-01,7.091952e-01,8.496598e-03,6.555558e-14,0.0005808,1.075160e+00
nominal,mismatch,80,20260989,typ,hbt_typ_mismatch,mos_tt_mismatch,res_typ_mismatch,27,3.30,10u,PASS,2.493569e+00,7.073238e-01,7.109642e-01,8.653899e-03,9.368871e-14,0.0036404,1.058624e+00
nominal,mismatch,81,20260990,typ,hbt_typ_mismatch,mos_tt_mismatch,res_typ_mismatch,27,3.30,10u,PASS,2.499341e+00,7.090306e-01,7.079235e-01,8.373086e-03,9.623953e-14,0.0011071,1.041818e+00
nominal,mismatch,82,20260991,typ,hbt_typ_mismatch,mos_tt_mismatch,res_typ_mismatch,27,3.30,10u,PASS,2.499669e+00,7.063764e-01,7.054614e-01,8.754028e-03,8.944467e-14,0.000915,1.044264e+00
nominal,mismatch,83,20260992,typ,hbt_typ_mismatch,mos_tt_mismatch,res_typ_mismatch,27,3.30,10u,PASS,2.471843e+00,7.173323e-01,7.233279e-01,7.939341e-03,9.676457e-14,0.0059956,1.117535e+00
nominal,mismatch,84,20260993,typ,hbt_typ_mismatch,mos_tt_mismatch,res_typ_mismatch,27,3.30,10u,PASS,2.490684e+00,7.170520e-01,7.161812e-01,7.319876e-03,7.596279e-14,0.0008708,1.066461e+00
nominal,mismatch,85,20260994,typ,hbt_typ_mismatch,mos_tt_mismatch,res_typ_mismatch,27,3.30,10u,PASS,2.499146e+00,7.043441e-01,7.031854e-01,9.164644e-03,1.053882e-13,0.0011587,1.031323e+00
nominal,mismatch,86,20260995,typ,hbt_typ_mismatch,mos_tt_mismatch,res_typ_mismatch,27,3.30,10u,PASS,2.495273e+00,7.070485e-01,7.089696e-01,7.938221e-03,8.807699e-14,0.0019211,1.047706e+00
nominal,mismatch,87,20260996,typ,hbt_typ_mismatch,mos_tt_mismatch,res_typ_mismatch,27,3.30,10u,PASS,2.487818e+00,7.123226e-01,7.116210e-01,8.743110e-03,1.045746e-13,0.0007016,1.078737e+00
nominal,mismatch,88,20260997,typ,hbt_typ_mismatch,mos_tt_mismatch,res_typ_mismatch,27,3.30,10u,PASS,2.472192e+00,7.128010e-01,7.211420e-01,7.569927e-03,1.189945e-13,0.008341,1.138124e+00
nominal,mismatch,89,20260998,typ,hbt_typ_mismatch,mos_tt_mismatch,res_typ_mismatch,27,3.30,10u,PASS,2.469650e+00,7.163989e-01,7.256950e-01,7.696824e-03,8.830564e-14,0.0092961,1.138560e+00
nominal,mismatch,90,20260999,typ,hbt_typ_mismatch,mos_tt_mismatch,res_typ_mismatch,27,3.30,10u,PASS,2.503711e+00,7.045795e-01,7.032726e-01,8.590601e-03,9.405788e-14,0.0013069,1.021315e+00
nominal,mismatch,91,20261000,typ,hbt_typ_mismatch,mos_tt_mismatch,res_typ_mismatch,27,3.30,10u,PASS,2.513053e+00,7.071403e-01,6.989548e-01,8.637695e-03,9.793196e-14,0.0081855,9.930278e-01
nominal,mismatch,92,20261001,typ,hbt_typ_mismatch,mos_tt_mismatch,res_typ_mismatch,27,3.30,10u,PASS,2.483866e+00,7.150573e-01,7.191074e-01,7.859470e-03,7.381400e-14,0.0040501,1.098572e+00
nominal,mismatch,93,20261002,typ,hbt_typ_mismatch,mos_tt_mismatch,res_typ_mismatch,27,3.30,10u,PASS,2.520944e+00,6.987736e-01,6.884815e-01,9.590115e-03,1.111213e-13,0.0102921,9.782041e-01
nominal,mismatch,94,20261003,typ,hbt_typ_mismatch,mos_tt_mismatch,res_typ_mismatch,27,3.30,10u,PASS,2.487350e+00,7.142688e-01,7.156987e-01,7.643161e-03,9.510697e-14,0.0014299,1.078163e+00
nominal,mismatch,95,20261004,typ,hbt_typ_mismatch,mos_tt_mismatch,res_typ_mismatch,27,3.30,10u,PASS,2.476100e+00,7.176009e-01,7.229160e-01,7.761837e-03,1.055077e-13,0.0053151,1.121765e+00
nominal,mismatch,96,20261005,typ,hbt_typ_mismatch,mos_tt_mismatch,res_typ_mismatch,27,3.30,10u,PASS,2.493270e+00,7.145516e-01,7.118322e-01,8.136316e-03,9.414074e-14,0.0027194,1.067326e+00
nominal,mismatch,97,20261006,typ,hbt_typ_mismatch,mos_tt_mismatch,res_typ_mismatch,27,3.30,10u,PASS,2.506175e+00,7.085516e-01,7.043785e-01,8.525252e-03,9.008953e-14,0.0041731,1.021518e+00
nominal,mismatch,98,20261007,typ,hbt_typ_mismatch,mos_tt_mismatch,res_typ_mismatch,27,3.30,10u,PASS,2.500196e+00,7.090030e-01,7.046365e-01,8.028278e-03,8.483595e-14,0.0043665,1.041159e+00
nominal,mismatch,99,20261008,typ,hbt_typ_mismatch,mos_tt_mismatch,res_typ_mismatch,27,3.30,10u,PASS,2.508791e+00,7.030643e-01,6.999951e-01,9.296135e-03,1.040194e-13,0.0030692,1.014575e+00
nominal,mismatch,100,20261009,typ,hbt_typ_mismatch,mos_tt_mismatch,res_typ_mismatch,27,3.30,10u,PASS,2.513719e+00,7.041147e-01,6.967924e-01,9.651896e-03,1.392019e-13,0.0073223,9.917136e-01
nominal,mismatch,101,20261010,typ,hbt_typ_mismatch,mos_tt_mismatch,res_typ_mismatch,27,3.30,10u,PASS,2.498993e+00,7.072315e-01,7.043293e-01,8.530384e-03,1.008943e-13,0.0029022,1.044987e+00
nominal,mismatch,102,20261011,typ,hbt_typ_mismatch,mos_tt_mismatch,res_typ_mismatch,27,3.30,10u,PASS,2.492737e+00,7.033013e-01,7.086980e-01,9.075515e-03,8.137013e-14,0.0053967,1.051753e+00
nominal,mismatch,103,20261012,typ,hbt_typ_mismatch,mos_tt_mismatch,res_typ_mismatch,27,3.30,10u,PASS,2.484839e+00,7.128176e-01,7.173773e-01,8.120092e-03,8.996499e-14,0.0045597,1.092105e+00
nominal,mismatch,104,20261013,typ,hbt_typ_mismatch,mos_tt_mismatch,res_typ_mismatch,27,3.30,10u,PASS,2.498128e+00,7.108760e-01,7.097163e-01,7.915710e-03,9.002167e-14,0.0011597,1.042300e+00
nominal,mismatch,105,20261014,typ,hbt_typ_mismatch,mos_tt_mismatch,res_typ_mismatch,27,3.30,10u,PASS,2.506904e+00,7.055476e-01,7.000012e-01,8.715003e-03,9.039754e-14,0.0055464,1.013255e+00
nominal,mismatch,106,20261015,typ,hbt_typ_mismatch,mos_tt_mismatch,res_typ_mismatch,27,3.30,10u,PASS,2.550235e+00,6.916522e-01,6.752097e-01,1.157898e-02,1.013372e-13,0.0164425,8.858399e-01
nominal,mismatch,107,20261016,typ,hbt_typ_mismatch,mos_tt_mismatch,res_typ_mismatch,27,3.30,10u,PASS,2.496601e+00,7.149444e-01,7.093437e-01,7.672412e-03,7.108136e-14,0.0056007,1.049182e+00
nominal,mismatch,108,20261017,typ,hbt_typ_mismatch,mos_tt_mismatch,res_typ_mismatch,27,3.30,10u,PASS,2.501074e+00,7.105699e-01,7.006843e-01,8.685755e-03,8.146217e-14,0.0098856,1.029426e+00
nominal,mismatch,109,20261018,typ,hbt_typ_mismatch,mos_tt_mismatch,res_typ_mismatch,27,3.30,10u,PASS,2.495713e+00,7.112944e-01,7.097039e-01,7.952288e-03,8.543248e-14,0.0015905,1.057972e+00
nominal,mismatch,110,20261019,typ,hbt_typ_mismatch,mos_tt_mismatch,res_typ_mismatch,27,3.30,10u,PASS,2.507928e+00,7.025375e-01,6.997115e-01,8.749872e-03,9.783458e-14,0.002826,1.009478e+00
nominal,mismatch,111,20261020,typ,hbt_typ_mismatch,mos_tt_mismatch,res_typ_mismatch,27,3.30,10u,PASS,2.493689e+00,7.095924e-01,7.135722e-01,7.863116e-03,8.873812e-14,0.0039798,1.052943e+00
nominal,mismatch,112,20261021,typ,hbt_typ_mismatch,mos_tt_mismatch,res_typ_mismatch,27,3.30,10u,PASS,2.497782e+00,7.108535e-01,7.092684e-01,7.870320e-03,1.059496e-13,0.0015851,1.053129e+00
nominal,mismatch,113,20261022,typ,hbt_typ_mismatch,mos_tt_mismatch,res_typ_mismatch,27,3.30,10u,PASS,2.505091e+00,7.080995e-01,7.027793e-01,8.602614e-03,9.962964e-14,0.0053202,1.017984e+00
nominal,mismatch,114,20261023,typ,hbt_typ_mismatch,mos_tt_mismatch,res_typ_mismatch,27,3.30,10u,PASS,2.492938e+00,7.083023e-01,7.109283e-01,8.748031e-03,9.859101e-14,0.002626,1.068755e+00
nominal,mismatch,115,20261024,typ,hbt_typ_mismatch,mos_tt_mismatch,res_typ_mismatch,27,3.30,10u,PASS,2.494945e+00,7.089215e-01,7.093970e-01,8.113127e-03,1.215348e-13,0.0004755,1.063630e+00
nominal,mismatch,116,20261025,typ,hbt_typ_mismatch,mos_tt_mismatch,res_typ_mismatch,27,3.30,10u,PASS,2.470554e+00,7.192892e-01,7.257990e-01,7.327215e-03,9.804140e-14,0.0065098,1.149710e+00
nominal,mismatch,117,20261026,typ,hbt_typ_mismatch,mos_tt_mismatch,res_typ_mismatch,27,3.30,10u,PASS,2.499331e+00,7.082731e-01,7.087839e-01,8.462845e-03,1.213423e-13,0.0005108,1.035771e+00
nominal,mismatch,118,20261027,typ,hbt_typ_mismatch,mos_tt_mismatch,res_typ_mismatch,27,3.30,10u,PASS,2.479195e+00,7.145236e-01,7.191315e-01,7.844892e-03,9.902544e-14,0.0046079,1.115824e+00
nominal,mismatch,119,20261028,typ,hbt_typ_mismatch,mos_tt_mismatch,res_typ_mismatch,27,3.30,10u,PASS,2.470925e+00,7.175756e-01,7.228728e-01,8.163839e-03,7.314344e-14,0.0052972,1.138433e+00
nominal,mismatch,120,20261029,typ,hbt_typ_mismatch,mos_tt_mismatch,res_typ_mismatch,27,3.30,10u,PASS,2.488607e+00,7.131464e-01,7.118235e-01,8.808379e-03,9.701965e-14,0.0013229,1.077060e+00
nominal,mismatch,121,20261030,typ,hbt_typ_mismatch,mos_tt_mismatch,res_typ_mismatch,27,3.30,10u,PASS,2.511403e+00,7.026486e-01,6.966292e-01,8.770562e-03,7.075583e-14,0.0060194,1.000752e+00
nominal,mismatch,122,20261031,typ,hbt_typ_mismatch,mos_tt_mismatch,res_typ_mismatch,27,3.30,10u,PASS,2.493837e+00,7.093102e-01,7.100338e-01,7.687381e-03,6.554184e-14,0.0007236,1.056999e+00
nominal,mismatch,123,20261032,typ,hbt_typ_mismatch,mos_tt_mismatch,res_typ_mismatch,27,3.30,10u,PASS,2.509610e+00,7.037788e-01,6.971326e-01,8.883385e-03,9.365265e-14,0.0066462,1.004293e+00
nominal,mismatch,124,20261033,typ,hbt_typ_mismatch,mos_tt_mismatch,res_typ_mismatch,27,3.30,10u,PASS,2.493592e+00,7.080218e-01,7.109117e-01,8.832347e-03,1.327302e-13,0.0028899,1.055964e+00
nominal,mismatch,125,20261034,typ,hbt_typ_mismatch,mos_tt_mismatch,res_typ_mismatch,27,3.30,10u,PASS,2.486147e+00,7.064976e-01,7.133347e-01,9.916183e-03,1.119599e-13,0.0068371,1.098542e+00
nominal,mismatch,126,20261035,typ,hbt_typ_mismatch,mos_tt_mismatch,res_typ_mismatch,27,3.30,10u,PASS,2.498712e+00,7.074977e-01,7.040587e-01,8.998827e-03,7.347215e-14,0.003439,1.041539e+00
nominal,mismatch,127,20261036,typ,hbt_typ_mismatch,mos_tt_mismatch,res_typ_mismatch,27,3.30,10u,PASS,2.486790e+00,7.114713e-01,7.168256e-01,7.856923e-03,9.687973e-14,0.0053543,1.084166e+00
nominal,mismatch,128,20261037,typ,hbt_typ_mismatch,mos_tt_mismatch,res_typ_mismatch,27,3.30,10u,PASS,2.490112e+00,7.141297e-01,7.104141e-01,7.753417e-03,1.236756e-13,0.0037156,1.062708e+00
nominal,mismatch,129,20261038,typ,hbt_typ_mismatch,mos_tt_mismatch,res_typ_mismatch,27,3.30,10u,PASS,2.495663e+00,7.148958e-01,7.068241e-01,7.722793e-03,1.312733e-13,0.0080717,1.041093e+00
nominal,mismatch,130,20261039,typ,hbt_typ_mismatch,mos_tt_mismatch,res_typ_mismatch,27,3.30,10u,PASS,2.492724e+00,7.058410e-01,7.075243e-01,9.267647e-03,8.418493e-14,0.0016833,1.062419e+00
nominal,mismatch,131,20261040,typ,hbt_typ_mismatch,mos_tt_mismatch,res_typ_mismatch,27,3.30,10u,PASS,2.490774e+00,7.087172e-01,7.119173e-01,8.443698e-03,8.825573e-14,0.0032001,1.066205e+00
nominal,mismatch,132,20261041,typ,hbt_typ_mismatch,mos_tt_mismatch,res_typ_mismatch,27,3.30,10u,PASS,2.486996e+00,7.083824e-01,7.149692e-01,8.872277e-03,1.404262e-13,0.0065868,1.080928e+00
nominal,mismatch,133,20261042,typ,hbt_typ_mismatch,mos_tt_mismatch,res_typ_mismatch,27,3.30,10u,PASS,2.516863e+00,7.001383e-01,6.911528e-01,8.762951e-03,7.803226e-14,0.0089855,9.826071e-01
nominal,mismatch,134,20261043,typ,hbt_typ_mismatch,mos_tt_mismatch,res_typ_mismatch,27,3.30,10u,PASS,2.494093e+00,7.043245e-01,7.115638e-01,8.693380e-03,9.988812e-14,0.0072393,1.069537e+00
nominal,mismatch,135,20261044,typ,hbt_typ_mismatch,mos_tt_mismatch,res_typ_mismatch,27,3.30,10u,PASS,2.479375e+00,7.144208e-01,7.192250e-01,7.526755e-03,1.198480e-13,0.0048042,1.117877e+00
nominal,mismatch,136,20261045,typ,hbt_typ_mismatch,mos_tt_mismatch,res_typ_mismatch,27,3.30,10u,PASS,2.487983e+00,7.111095e-01,7.129540e-01,8.641069e-03,7.248346e-14,0.0018445,1.080020e+00
nominal,mismatch,137,20261046,typ,hbt_typ_mismatch,mos_tt_mismatch,res_typ_mismatch,27,3.30,10u,PASS,2.481636e+00,7.096218e-01,7.153876e-01,8.476930e-03,9.921132e-14,0.0057658,1.094665e+00
nominal,mismatch,138,20261047,typ,hbt_typ_mismatch,mos_tt_mismatch,res_typ_mismatch,27,3.30,10u,PASS,2.534791e+00,6.961900e-01,6.823959e-01,9.109958e-03,1.316322e-13,0.0137941,9.249467e-01
nominal,mismatch,139,20261048,typ,hbt_typ_mismatch,mos_tt_mismatch,res_typ_mismatch,27,3.30,10u,PASS,2.493273e+00,7.090731e-01,7.052829e-01,7.640384e-03,6.205143e-14,0.0037902,1.056627e+00
nominal,mismatch,140,20261049,typ,hbt_typ_mismatch,mos_tt_mismatch,res_typ_mismatch,27,3.30,10u,PASS,2.506080e+00,7.070601e-01,6.997904e-01,8.814749e-03,1.062923e-13,0.0072697,1.021687e+00
nominal,mismatch,141,20261050,typ,hbt_typ_mismatch,mos_tt_mismatch,res_typ_mismatch,27,3.30,10u,PASS,2.510808e+00,7.039907e-01,6.960700e-01,9.383985e-03,8.735342e-14,0.0079207,1.012435e+00
nominal,mismatch,142,20261051,typ,hbt_typ_mismatch,mos_tt_mismatch,res_typ_mismatch,27,3.30,10u,PASS,2.490762e+00,7.099259e-01,7.154692e-01,8.446711e-03,8.450442e-14,0.0055433,1.072258e+00
nominal,mismatch,143,20261052,typ,hbt_typ_mismatch,mos_tt_mismatch,res_typ_mismatch,27,3.30,10u,PASS,2.502456e+00,7.130712e-01,7.038291e-01,8.076556e-03,8.740614e-14,0.0092421,1.036695e+00
nominal,mismatch,144,20261053,typ,hbt_typ_mismatch,mos_tt_mismatch,res_typ_mismatch,27,3.30,10u,PASS,2.493451e+00,7.100952e-01,7.076112e-01,7.726494e-03,7.157838e-14,0.002484,1.062712e+00
nominal,mismatch,145,20261054,typ,hbt_typ_mismatch,mos_tt_mismatch,res_typ_mismatch,27,3.30,10u,PASS,2.498295e+00,7.066618e-01,7.086359e-01,9.039978e-03,6.899434e-14,0.0019741,1.035175e+00
nominal,mismatch,146,20261055,typ,hbt_typ_mismatch,mos_tt_mismatch,res_typ_mismatch,27,3.30,10u,PASS,2.488752e+00,7.116413e-01,7.167114e-01,8.556328e-03,1.063206e-13,0.0050701,1.082323e+00
nominal,mismatch,147,20261056,typ,hbt_typ_mismatch,mos_tt_mismatch,res_typ_mismatch,27,3.30,10u,PASS,2.482383e+00,7.155519e-01,7.184931e-01,8.082544e-03,8.748708e-14,0.0029412,1.111713e+00
nominal,mismatch,148,20261057,typ,hbt_typ_mismatch,mos_tt_mismatch,res_typ_mismatch,27,3.30,10u,PASS,2.503422e+00,7.088068e-01,7.054679e-01,8.961884e-03,9.293313e-14,0.0033389,1.019437e+00
nominal,mismatch,149,20261058,typ,hbt_typ_mismatch,mos_tt_mismatch,res_typ_mismatch,27,3.30,10u,PASS,2.497183e+00,7.055713e-01,7.062196e-01,8.405574e-03,1.365830e-13,0.0006483,1.038387e+00
nominal,mismatch,150,20261059,typ,hbt_typ_mismatch,mos_tt_mismatch,res_typ_mismatch,27,3.30,10u,PASS,2.507699e+00,7.057517e-01,6.998480e-01,8.939186e-03,1.015076e-13,0.0059037,1.014395e+00
nominal,mismatch,151,20261060,typ,hbt_typ_mismatch,mos_tt_mismatch,res_typ_mismatch,27,3.30,10u,PASS,2.495439e+00,7.081046e-01,7.086548e-01,8.659292e-03,9.488186e-14,0.0005502,1.061944e+00
nominal,mismatch,152,20261061,typ,hbt_typ_mismatch,mos_tt_mismatch,res_typ_mismatch,27,3.30,10u,PASS,2.473306e+00,7.146366e-01,7.271711e-01,7.182874e-03,1.119055e-13,0.0125345,1.132248e+00
nominal,mismatch,153,20261062,typ,hbt_typ_mismatch,mos_tt_mismatch,res_typ_mismatch,27,3.30,10u,PASS,2.495564e+00,7.102802e-01,7.125734e-01,7.760601e-03,8.089958e-14,0.0022932,1.048575e+00
nominal,mismatch,154,20261063,typ,hbt_typ_mismatch,mos_tt_mismatch,res_typ_mismatch,27,3.30,10u,PASS,2.497619e+00,7.073802e-01,7.091542e-01,9.595281e-03,1.074002e-13,0.001774,1.055356e+00
nominal,mismatch,155,20261064,typ,hbt_typ_mismatch,mos_tt_mismatch,res_typ_mismatch,27,3.30,10u,PASS,2.500006e+00,7.075673e-01,7.088774e-01,8.654694e-03,9.742755e-14,0.0013101,1.030761e+00
nominal,mismatch,156,20261065,typ,hbt_typ_mismatch,mos_tt_mismatch,res_typ_mismatch,27,3.30,10u,PASS,2.486246e+00,7.158937e-01,7.140197e-01,7.498027e-03,1.148994e-13,0.001874,1.085633e+00
nominal,mismatch,157,20261066,typ,hbt_typ_mismatch,mos_tt_mismatch,res_typ_mismatch,27,3.30,10u,PASS,2.485232e+00,7.091925e-01,7.163310e-01,7.995467e-03,9.235991e-14,0.0071385,1.090224e+00
nominal,mismatch,158,20261067,typ,hbt_typ_mismatch,mos_tt_mismatch,res_typ_mismatch,27,3.30,10u,PASS,2.500038e+00,7.128217e-01,7.078705e-01,8.097145e-03,1.094143e-13,0.0049512,1.037177e+00
nominal,mismatch,159,20261068,typ,hbt_typ_mismatch,mos_tt_mismatch,res_typ_mismatch,27,3.30,10u,PASS,2.491249e+00,7.093058e-01,7.102872e-01,8.874856e-03,1.149564e-13,0.0009814,1.058612e+00
nominal,mismatch,160,20261069,typ,hbt_typ_mismatch,mos_tt_mismatch,res_typ_mismatch,27,3.30,10u,PASS,2.528287e+00,6.938572e-01,6.864138e-01,1.071992e-02,1.125920e-13,0.0074434,9.491295e-01
nominal,mismatch,161,20261070,typ,hbt_typ_mismatch,mos_tt_mismatch,res_typ_mismatch,27,3.30,10u,PASS,2.505422e+00,7.048488e-01,7.066805e-01,8.878965e-03,1.111899e-13,0.0018317,1.028759e+00
nominal,mismatch,162,20261071,typ,hbt_typ_mismatch,mos_tt_mismatch,res_typ_mismatch,27,3.30,10u,PASS,2.490603e+00,7.132729e-01,7.101615e-01,8.339442e-03,8.956801e-14,0.0031114,1.079828e+00
nominal,mismatch,163,20261072,typ,hbt_typ_mismatch,mos_tt_mismatch,res_typ_mismatch,27,3.30,10u,PASS,2.489924e+00,7.146845e-01,7.129427e-01,7.878443e-03,7.553196e-14,0.0017418,1.065194e+00
nominal,mismatch,164,20261073,typ,hbt_typ_mismatch,mos_tt_mismatch,res_typ_mismatch,27,3.30,10u,PASS,2.492943e+00,7.080796e-01,7.145085e-01,8.850237e-03,9.943884e-14,0.0064289,1.062575e+00
nominal,mismatch,165,20261074,typ,hbt_typ_mismatch,mos_tt_mismatch,res_typ_mismatch,27,3.30,10u,PASS,2.485294e+00,7.087185e-01,7.135835e-01,8.402154e-03,9.231649e-14,0.004865,1.090200e+00
nominal,mismatch,166,20261075,typ,hbt_typ_mismatch,mos_tt_mismatch,res_typ_mismatch,27,3.30,10u,PASS,2.495102e+00,7.093740e-01,7.124811e-01,7.913923e-03,1.173784e-13,0.0031071,1.051875e+00
nominal,mismatch,167,20261076,typ,hbt_typ_mismatch,mos_tt_mismatch,res_typ_mismatch,27,3.30,10u,PASS,2.515287e+00,7.005575e-01,6.951825e-01,9.972885e-03,1.143746e-13,0.005375,9.858750e-01
nominal,mismatch,168,20261077,typ,hbt_typ_mismatch,mos_tt_mismatch,res_typ_mismatch,27,3.30,10u,PASS,2.467400e+00,7.158979e-01,7.257233e-01,7.726498e-03,8.511790e-14,0.0098254,1.152241e+00
nominal,mismatch,169,20261078,typ,hbt_typ_mismatch,mos_tt_mismatch,res_typ_mismatch,27,3.30,10u,PASS,2.489358e+00,7.087910e-01,7.121646e-01,8.157156e-03,8.223296e-14,0.0033736,1.071421e+00
nominal,mismatch,170,20261079,typ,hbt_typ_mismatch,mos_tt_mismatch,res_typ_mismatch,27,3.30,10u,PASS,2.505486e+00,7.038244e-01,7.029690e-01,8.802870e-03,1.150342e-13,0.0008554,1.011847e+00
nominal,mismatch,171,20261080,typ,hbt_typ_mismatch,mos_tt_mismatch,res_typ_mismatch,27,3.30,10u,PASS,2.506422e+00,7.034660e-01,6.990319e-01,8.426630e-03,1.159009e-13,0.0044341,1.018294e+00
nominal,mismatch,172,20261081,typ,hbt_typ_mismatch,mos_tt_mismatch,res_typ_mismatch,27,3.30,10u,PASS,2.493091e+00,7.053392e-01,7.119786e-01,9.018333e-03,9.389147e-14,0.0066394,1.061665e+00
nominal,mismatch,173,20261082,typ,hbt_typ_mismatch,mos_tt_mismatch,res_typ_mismatch,27,3.30,10u,PASS,2.512064e+00,7.024789e-01,6.929863e-01,8.973359e-03,1.120787e-13,0.0094926,1.002186e+00
nominal,mismatch,174,20261083,typ,hbt_typ_mismatch,mos_tt_mismatch,res_typ_mismatch,27,3.30,10u,PASS,2.502983e+00,7.045580e-01,7.023433e-01,9.863587e-03,1.086417e-13,0.0022147,1.024011e+00
nominal,mismatch,175,20261084,typ,hbt_typ_mismatch,mos_tt_mismatch,res_typ_mismatch,27,3.30,10u,PASS,2.509875e+00,7.041915e-01,6.973071e-01,9.142692e-03,8.046777e-14,0.0068844,1.012379e+00
nominal,mismatch,176,20261085,typ,hbt_typ_mismatch,mos_tt_mismatch,res_typ_mismatch,27,3.30,10u,PASS,2.489979e+00,7.099748e-01,7.120333e-01,8.673123e-03,8.771223e-14,0.0020585,1.059777e+00
nominal,mismatch,177,20261086,typ,hbt_typ_mismatch,mos_tt_mismatch,res_typ_mismatch,27,3.30,10u,PASS,2.518260e+00,6.970873e-01,6.911631e-01,1.005636e-02,9.854476e-14,0.0059242,9.845956e-01
nominal,mismatch,178,20261087,typ,hbt_typ_mismatch,mos_tt_mismatch,res_typ_mismatch,27,3.30,10u,PASS,2.497073e+00,7.130862e-01,7.126587e-01,7.846778e-03,9.238443e-14,0.0004275,1.046656e+00
nominal,mismatch,179,20261088,typ,hbt_typ_mismatch,mos_tt_mismatch,res_typ_mismatch,27,3.30,10u,PASS,2.510958e+00,6.999865e-01,6.980812e-01,9.471687e-03,1.270926e-13,0.0019053,1.001415e+00
nominal,mismatch,180,20261089,typ,hbt_typ_mismatch,mos_tt_mismatch,res_typ_mismatch,27,3.30,10u,PASS,2.545675e+00,6.911620e-01,6.739247e-01,1.051921e-02,8.862088e-14,0.0172373,9.051770e-01
nominal,mismatch,181,20261090,typ,hbt_typ_mismatch,mos_tt_mismatch,res_typ_mismatch,27,3.30,10u,PASS,2.491599e+00,7.125561e-01,7.073406e-01,7.893736e-03,8.361701e-14,0.0052155,1.062873e+00
nominal,mismatch,182,20261091,typ,hbt_typ_mismatch,mos_tt_mismatch,res_typ_mismatch,27,3.30,10u,PASS,2.504584e+00,7.100356e-01,6.995239e-01,8.436228e-03,1.023656e-13,0.0105117,1.017465e+00
nominal,mismatch,183,20261092,typ,hbt_typ_mismatch,mos_tt_mismatch,res_typ_mismatch,27,3.30,10u,PASS,2.524332e+00,6.970245e-01,6.867265e-01,1.019652e-02,1.311843e-13,0.010298,9.599191e-01
nominal,mismatch,184,20261093,typ,hbt_typ_mismatch,mos_tt_mismatch,res_typ_mismatch,27,3.30,10u,PASS,2.488165e+00,7.116533e-01,7.093027e-01,8.039726e-03,9.079062e-14,0.0023506,1.079305e+00
nominal,mismatch,185,20261094,typ,hbt_typ_mismatch,mos_tt_mismatch,res_typ_mismatch,27,3.30,10u,PASS,2.503415e+00,7.016414e-01,7.043400e-01,9.332948e-03,1.048426e-13,0.0026986,1.029509e+00
nominal,mismatch,186,20261095,typ,hbt_typ_mismatch,mos_tt_mismatch,res_typ_mismatch,27,3.30,10u,PASS,2.505997e+00,7.083641e-01,7.028093e-01,9.320611e-03,1.083075e-13,0.0055548,1.027512e+00
nominal,mismatch,187,20261096,typ,hbt_typ_mismatch,mos_tt_mismatch,res_typ_mismatch,27,3.30,10u,PASS,2.495704e+00,7.082331e-01,7.045033e-01,9.258259e-03,1.176183e-13,0.0037298,1.049575e+00
nominal,mismatch,188,20261097,typ,hbt_typ_mismatch,mos_tt_mismatch,res_typ_mismatch,27,3.30,10u,PASS,2.480485e+00,7.154908e-01,7.227954e-01,8.124550e-03,1.131862e-13,0.0073046,1.102810e+00
nominal,mismatch,189,20261098,typ,hbt_typ_mismatch,mos_tt_mismatch,res_typ_mismatch,27,3.30,10u,PASS,2.492656e+00,7.108929e-01,7.098508e-01,8.558620e-03,9.102034e-14,0.0010421,1.070474e+00
nominal,mismatch,190,20261099,typ,hbt_typ_mismatch,mos_tt_mismatch,res_typ_mismatch,27,3.30,10u,PASS,2.482578e+00,7.130335e-01,7.142316e-01,7.585512e-03,9.815293e-14,0.0011981,1.103399e+00
nominal,mismatch,191,20261100,typ,hbt_typ_mismatch,mos_tt_mismatch,res_typ_mismatch,27,3.30,10u,PASS,2.524442e+00,7.009042e-01,6.906132e-01,9.722596e-03,1.435567e-13,0.010291,9.617050e-01
nominal,mismatch,192,20261101,typ,hbt_typ_mismatch,mos_tt_mismatch,res_typ_mismatch,27,3.30,10u,PASS,2.478880e+00,7.139566e-01,7.202028e-01,8.298051e-03,1.020067e-13,0.0062462,1.105708e+00
nominal,mismatch,193,20261102,typ,hbt_typ_mismatch,mos_tt_mismatch,res_typ_mismatch,27,3.30,10u,PASS,2.493026e+00,7.092549e-01,7.077731e-01,9.225337e-03,1.026502e-13,0.0014818,1.063464e+00
nominal,mismatch,194,20261103,typ,hbt_typ_mismatch,mos_tt_mismatch,res_typ_mismatch,27,3.30,10u,PASS,2.494518e+00,7.106077e-01,7.090566e-01,8.875600e-03,8.728980e-14,0.0015511,1.053159e+00
nominal,mismatch,195,20261104,typ,hbt_typ_mismatch,mos_tt_mismatch,res_typ_mismatch,27,3.30,10u,PASS,2.492380e+00,7.109311e-01,7.126041e-01,8.499126e-03,1.011177e-13,0.001673,1.063669e+00
nominal,mismatch,196,20261105,typ,hbt_typ_mismatch,mos_tt_mismatch,res_typ_mismatch,27,3.30,10u,PASS,2.500839e+00,7.040880e-01,7.053210e-01,9.071300e-03,8.501480e-14,0.001233,1.029279e+00
nominal,mismatch,197,20261106,typ,hbt_typ_mismatch,mos_tt_mismatch,res_typ_mismatch,27,3.30,10u,PASS,2.528950e+00,7.009437e-01,6.908952e-01,1.014350e-02,9.800177e-14,0.0100485,9.466177e-01
nominal,mismatch,198,20261107,typ,hbt_typ_mismatch,mos_tt_mismatch,res_typ_mismatch,27,3.30,10u,PASS,2.489030e+00,7.128662e-01,7.142062e-01,7.909438e-03,9.196256e-14,0.00134,1.070059e+00
nominal,mismatch,199,20261108,typ,hbt_typ_mismatch,mos_tt_mismatch,res_typ_mismatch,27,3.30,10u,PASS,2.517106e+00,6.984444e-01,6.944758e-01,1.012813e-02,1.023243e-13,0.0039686,9.713397e-01
nominal,mismatch,200,20261109,typ,hbt_typ_mismatch,mos_tt_mismatch,res_typ_mismatch,27,3.30,10u,PASS,2.524105e+00,6.989043e-01,6.855148e-01,9.953813e-03,1.214972e-13,0.0133895,9.741499e-01
nominal,mismatch,201,20261110,typ,hbt_typ_mismatch,mos_tt_mismatch,res_typ_mismatch,27,3.30,10u,PASS,2.473620e+00,7.188880e-01,7.225616e-01,7.425237e-03,9.907614e-14,0.0036736,1.135865e+00
nominal,mismatch,202,20261111,typ,hbt_typ_mismatch,mos_tt_mismatch,res_typ_mismatch,27,3.30,10u,PASS,2.513886e+00,7.031747e-01,6.961374e-01,9.532674e-03,6.806043e-14,0.0070373,9.956325e-01
nominal,mismatch,203,20261112,typ,hbt_typ_mismatch,mos_tt_mismatch,res_typ_mismatch,27,3.30,10u,PASS,2.504228e+00,7.046747e-01,7.047487e-01,9.051707e-03,7.470520e-14,7.4e-05,1.015823e+00
nominal,mismatch,204,20261113,typ,hbt_typ_mismatch,mos_tt_mismatch,res_typ_mismatch,27,3.30,10u,PASS,2.500198e+00,7.094111e-01,7.040287e-01,8.684217e-03,9.090138e-14,0.0053824,1.030763e+00
nominal,mismatch,205,20261114,typ,hbt_typ_mismatch,mos_tt_mismatch,res_typ_mismatch,27,3.30,10u,PASS,2.488461e+00,7.052109e-01,7.082874e-01,9.046128e-03,8.622778e-14,0.0030765,1.073468e+00
nominal,mismatch,206,20261115,typ,hbt_typ_mismatch,mos_tt_mismatch,res_typ_mismatch,27,3.30,10u,PASS,2.491775e+00,7.094332e-01,7.115147e-01,8.318410e-03,8.692297e-14,0.0020815,1.062993e+00
nominal,mismatch,207,20261116,typ,hbt_typ_mismatch,mos_tt_mismatch,res_typ_mismatch,27,3.30,10u,PASS,2.510473e+00,7.008076e-01,6.959710e-01,9.029884e-03,1.086562e-13,0.0048366,1.009609e+00
nominal,mismatch,208,20261117,typ,hbt_typ_mismatch,mos_tt_mismatch,res_typ_mismatch,27,3.30,10u,PASS,2.502927e+00,7.073744e-01,7.048108e-01,9.293207e-03,1.238186e-13,0.0025636,1.034177e+00
nominal,mismatch,209,20261118,typ,hbt_typ_mismatch,mos_tt_mismatch,res_typ_mismatch,27,3.30,10u,PASS,2.505132e+00,7.050049e-01,7.006888e-01,8.712376e-03,1.220566e-13,0.0043161,1.014606e+00
nominal,mismatch,210,20261119,typ,hbt_typ_mismatch,mos_tt_mismatch,res_typ_mismatch,27,3.30,10u,PASS,2.525830e+00,7.019817e-01,6.908409e-01,8.997109e-03,8.335710e-14,0.0111408,9.598760e-01
nominal,mismatch,211,20261120,typ,hbt_typ_mismatch,mos_tt_mismatch,res_typ_mismatch,27,3.30,10u,PASS,2.498707e+00,7.072924e-01,7.026828e-01,8.174629e-03,1.119166e-13,0.0046096,1.046377e+00
nominal,mismatch,212,20261121,typ,hbt_typ_mismatch,mos_tt_mismatch,res_typ_mismatch,27,3.30,10u,PASS,2.494369e+00,7.044769e-01,7.121108e-01,8.830039e-03,8.279456e-14,0.0076339,1.053580e+00
nominal,mismatch,213,20261122,typ,hbt_typ_mismatch,mos_tt_mismatch,res_typ_mismatch,27,3.30,10u,PASS,2.476236e+00,7.150955e-01,7.236376e-01,7.535749e-03,8.338736e-14,0.0085421,1.115045e+00
nominal,mismatch,214,20261123,typ,hbt_typ_mismatch,mos_tt_mismatch,res_typ_mismatch,27,3.30,10u,PASS,2.481271e+00,7.150162e-01,7.212611e-01,7.845889e-03,7.422157e-14,0.0062449,1.112329e+00
nominal,mismatch,215,20261124,typ,hbt_typ_mismatch,mos_tt_mismatch,res_typ_mismatch,27,3.30,10u,PASS,2.514895e+00,7.016048e-01,6.926101e-01,8.832216e-03,1.025176e-13,0.0089947,9.832405e-01
nominal,mismatch,216,20261125,typ,hbt_typ_mismatch,mos_tt_mismatch,res_typ_mismatch,27,3.30,10u,PASS,2.504709e+00,7.034743e-01,6.988347e-01,9.145973e-03,1.197750e-13,0.0046396,1.019383e+00
nominal,mismatch,217,20261126,typ,hbt_typ_mismatch,mos_tt_mismatch,res_typ_mismatch,27,3.30,10u,PASS,2.483301e+00,7.170534e-01,7.185132e-01,7.922762e-03,9.715898e-14,0.0014598,1.085117e+00
nominal,mismatch,218,20261127,typ,hbt_typ_mismatch,mos_tt_mismatch,res_typ_mismatch,27,3.30,10u,PASS,2.488186e+00,7.138784e-01,7.196021e-01,7.561844e-03,8.811927e-14,0.0057237,1.088799e+00
nominal,mismatch,219,20261128,typ,hbt_typ_mismatch,mos_tt_mismatch,res_typ_mismatch,27,3.30,10u,PASS,2.492067e+00,7.126506e-01,7.089168e-01,7.732623e-03,6.450478e-14,0.0037338,1.058784e+00
nominal,mismatch,220,20261129,typ,hbt_typ_mismatch,mos_tt_mismatch,res_typ_mismatch,27,3.30,10u,PASS,2.498849e+00,7.102084e-01,7.081926e-01,8.099966e-03,9.533304e-14,0.0020158,1.044279e+00
nominal,mismatch,221,20261130,typ,hbt_typ_mismatch,mos_tt_mismatch,res_typ_mismatch,27,3.30,10u,PASS,2.493910e+00,7.087851e-01,7.106741e-01,8.513491e-03,1.078557e-13,0.001889,1.065508e+00
nominal,mismatch,222,20261131,typ,hbt_typ_mismatch,mos_tt_mismatch,res_typ_mismatch,27,3.30,10u,PASS,2.505619e+00,7.064789e-01,6.976316e-01,9.075311e-03,1.312543e-13,0.0088473,1.018881e+00
nominal,mismatch,223,20261132,typ,hbt_typ_mismatch,mos_tt_mismatch,res_typ_mismatch,27,3.30,10u,PASS,2.499308e+00,7.071833e-01,7.046481e-01,8.707956e-03,1.263389e-13,0.0025352,1.035116e+00
nominal,mismatch,224,20261133,typ,hbt_typ_mismatch,mos_tt_mismatch,res_typ_mismatch,27,3.30,10u,PASS,2.501379e+00,7.063614e-01,7.030207e-01,9.116632e-03,6.389016e-14,0.0033407,1.025353e+00
nominal,mismatch,225,20261134,typ,hbt_typ_mismatch,mos_tt_mismatch,res_typ_mismatch,27,3.30,10u,PASS,2.496080e+00,7.095550e-01,7.123981e-01,8.597141e-03,9.561666e-14,0.0028431,1.040975e+00
nominal,mismatch,226,20261135,typ,hbt_typ_mismatch,mos_tt_mismatch,res_typ_mismatch,27,3.30,10u,PASS,2.488900e+00,7.118575e-01,7.161290e-01,7.856752e-03,8.458881e-14,0.0042715,1.077739e+00
nominal,mismatch,227,20261136,typ,hbt_typ_mismatch,mos_tt_mismatch,res_typ_mismatch,27,3.30,10u,PASS,2.486464e+00,7.080623e-01,7.148400e-01,9.378809e-03,8.558601e-14,0.0067777,1.075607e+00
nominal,mismatch,228,20261137,typ,hbt_typ_mismatch,mos_tt_mismatch,res_typ_mismatch,27,3.30,10u,PASS,2.488267e+00,7.105534e-01,7.133167e-01,8.320823e-03,9.509178e-14,0.0027633,1.075514e+00
nominal,mismatch,229,20261138,typ,hbt_typ_mismatch,mos_tt_mismatch,res_typ_mismatch,27,3.30,10u,PASS,2.501516e+00,7.048679e-01,7.030432e-01,8.948263e-03,8.796184e-14,0.0018247,1.030572e+00
nominal,mismatch,230,20261139,typ,hbt_typ_mismatch,mos_tt_mismatch,res_typ_mismatch,27,3.30,10u,PASS,2.480523e+00,7.137926e-01,7.195079e-01,7.940711e-03,9.513879e-14,0.0057153,1.105900e+00
nominal,mismatch,231,20261140,typ,hbt_typ_mismatch,mos_tt_mismatch,res_typ_mismatch,27,3.30,10u,PASS,2.488330e+00,7.093240e-01,7.126684e-01,7.889561e-03,1.194688e-13,0.0033444,1.075114e+00
nominal,mismatch,232,20261141,typ,hbt_typ_mismatch,mos_tt_mismatch,res_typ_mismatch,27,3.30,10u,PASS,2.487445e+00,7.091482e-01,7.106591e-01,7.954758e-03,7.579180e-14,0.0015109,1.086783e+00
nominal,mismatch,233,20261142,typ,hbt_typ_mismatch,mos_tt_mismatch,res_typ_mismatch,27,3.30,10u,PASS,2.499112e+00,7.089752e-01,7.083868e-01,8.789621e-03,6.446389e-14,0.0005884,1.041009e+00
nominal,mismatch,234,20261143,typ,hbt_typ_mismatch,mos_tt_mismatch,res_typ_mismatch,27,3.30,10u,PASS,2.496159e+00,7.072731e-01,7.116195e-01,9.180107e-03,1.253915e-13,0.0043464,1.055778e+00
nominal,mismatch,235,20261144,typ,hbt_typ_mismatch,mos_tt_mismatch,res_typ_mismatch,27,3.30,10u,PASS,2.476088e+00,7.177049e-01,7.261197e-01,7.290037e-03,7.237287e-14,0.0084148,1.135308e+00
nominal,mismatch,236,20261145,typ,hbt_typ_mismatch,mos_tt_mismatch,res_typ_mismatch,27,3.30,10u,PASS,2.508444e+00,7.056151e-01,6.978082e-01,8.783265e-03,1.134205e-13,0.0078069,1.008149e+00
nominal,mismatch,237,20261146,typ,hbt_typ_mismatch,mos_tt_mismatch,res_typ_mismatch,27,3.30,10u,PASS,2.491614e+00,7.099331e-01,7.104572e-01,7.999787e-03,7.660283e-14,0.0005241,1.056637e+00
nominal,mismatch,238,20261147,typ,hbt_typ_mismatch,mos_tt_mismatch,res_typ_mismatch,27,3.30,10u,PASS,2.501057e+00,7.113218e-01,7.062077e-01,8.710401e-03,1.281977e-13,0.0051141,1.027313e+00
nominal,mismatch,239,20261148,typ,hbt_typ_mismatch,mos_tt_mismatch,res_typ_mismatch,27,3.30,10u,PASS,2.471751e+00,7.157579e-01,7.226140e-01,8.306344e-03,8.665846e-14,0.0068561,1.135323e+00
nominal,mismatch,240,20261149,typ,hbt_typ_mismatch,mos_tt_mismatch,res_typ_mismatch,27,3.30,10u,PASS,2.540460e+00,6.955560e-01,6.850729e-01,9.568308e-03,8.320740e-14,0.0104831,9.096865e-01
nominal,mismatch,241,20261150,typ,hbt_typ_mismatch,mos_tt_mismatch,res_typ_mismatch,27,3.30,10u,PASS,2.493882e+00,7.074176e-01,7.034405e-01,8.622674e-03,1.091506e-13,0.0039771,1.050312e+00
nominal,mismatch,242,20261151,typ,hbt_typ_mismatch,mos_tt_mismatch,res_typ_mismatch,27,3.30,10u,PASS,2.514902e+00,7.010701e-01,6.987891e-01,9.363126e-03,1.231844e-13,0.002281,9.903373e-01
nominal,mismatch,243,20261152,typ,hbt_typ_mismatch,mos_tt_mismatch,res_typ_mismatch,27,3.30,10u,PASS,2.540285e+00,6.932434e-01,6.792133e-01,1.074664e-02,8.114888e-14,0.0140301,9.102244e-01
nominal,mismatch,244,20261153,typ,hbt_typ_mismatch,mos_tt_mismatch,res_typ_mismatch,27,3.30,10u,PASS,2.494338e+00,7.064360e-01,7.119365e-01,8.433481e-03,8.835614e-14,0.0055005,1.053926e+00
nominal,mismatch,245,20261154,typ,hbt_typ_mismatch,mos_tt_mismatch,res_typ_mismatch,27,3.30,10u,PASS,2.502479e+00,7.063415e-01,7.075198e-01,8.283005e-03,7.782897e-14,0.0011783,1.029593e+00
nominal,mismatch,246,20261155,typ,hbt_typ_mismatch,mos_tt_mismatch,res_typ_mismatch,27,3.30,10u,PASS,2.510784e+00,7.044268e-01,6.970744e-01,8.396481e-03,1.176691e-13,0.0073524,1.009015e+00
nominal,mismatch,247,20261156,typ,hbt_typ_mismatch,mos_tt_mismatch,res_typ_mismatch,27,3.30,10u,PASS,2.498153e+00,7.085329e-01,7.113301e-01,8.460112e-03,8.645101e-14,0.0027972,1.039955e+00
nominal,mismatch,248,20261157,typ,hbt_typ_mismatch,mos_tt_mismatch,res_typ_mismatch,27,3.30,10u,PASS,2.491768e+00,7.108038e-01,7.138006e-01,8.703651e-03,1.039640e-13,0.0029968,1.064570e+00
nominal,mismatch,249,20261158,typ,hbt_typ_mismatch,mos_tt_mismatch,res_typ_mismatch,27,3.30,10u,PASS,2.517355e+00,7.044037e-01,6.918553e-01,8.464488e-03,7.554278e-14,0.0125484,9.813041e-01
nominal,mismatch,250,20261159,typ,hbt_typ_mismatch,mos_tt_mismatch,res_typ_mismatch,27,3.30,10u,PASS,2.487444e+00,7.116800e-01,7.127440e-01,7.880866e-03,7.935190e-14,0.001064,1.080093e+00
nominal,mismatch,251,20261160,typ,hbt_typ_mismatch,mos_tt_mismatch,res_typ_mismatch,27,3.30,10u,PASS,2.510371e+00,7.015206e-01,6.978072e-01,9.180521e-03,1.126523e-13,0.0037134,9.901461e-01
nominal,mismatch,252,20261161,typ,hbt_typ_mismatch,mos_tt_mismatch,res_typ_mismatch,27,3.30,10u,PASS,2.497992e+00,7.066207e-01,7.057132e-01,8.716265e-03,1.036734e-13,0.0009075,1.048792e+00
nominal,mismatch,253,20261162,typ,hbt_typ_mismatch,mos_tt_mismatch,res_typ_mismatch,27,3.30,10u,PASS,2.481875e+00,7.148215e-01,7.185481e-01,8.102363e-03,8.059833e-14,0.0037266,1.103806e+00
nominal,mismatch,254,20261163,typ,hbt_typ_mismatch,mos_tt_mismatch,res_typ_mismatch,27,3.30,10u,PASS,2.495798e+00,7.100355e-01,7.053925e-01,7.868235e-03,1.090418e-13,0.004643,1.039206e+00
nominal,mismatch,255,20261164,typ,hbt_typ_mismatch,mos_tt_mismatch,res_typ_mismatch,27,3.30,10u,PASS,2.488898e+00,7.087346e-01,7.129795e-01,8.749830e-03,8.509986e-14,0.0042449,1.070423e+00
nominal,mismatch,256,20261165,typ,hbt_typ_mismatch,mos_tt_mismatch,res_typ_mismatch,27,3.30,10u,PASS,2.487111e+00,7.101401e-01,7.169233e-01,8.942788e-03,8.726351e-14,0.0067832,1.084970e+00
nominal,mismatch,257,20261166,typ,hbt_typ_mismatch,mos_tt_mismatch,res_typ_mismatch,27,3.30,10u,PASS,2.488970e+00,7.178289e-01,7.093620e-01,7.347598e-03,1.173351e-13,0.0084669,1.071214e+00
nominal,mismatch,258,20261167,typ,hbt_typ_mismatch,mos_tt_mismatch,res_typ_mismatch,27,3.30,10u,PASS,2.481323e+00,7.139423e-01,7.162752e-01,8.193770e-03,1.237152e-13,0.0023329,1.104907e+00
nominal,mismatch,259,20261168,typ,hbt_typ_mismatch,mos_tt_mismatch,res_typ_mismatch,27,3.30,10u,PASS,2.488538e+00,7.071256e-01,7.098979e-01,7.849512e-03,9.831970e-14,0.0027723,1.082426e+00
nominal,mismatch,260,20261169,typ,hbt_typ_mismatch,mos_tt_mismatch,res_typ_mismatch,27,3.30,10u,PASS,2.491200e+00,7.087206e-01,7.081726e-01,8.547413e-03,1.331804e-13,0.000548,1.074043e+00
nominal,mismatch,261,20261170,typ,hbt_typ_mismatch,mos_tt_mismatch,res_typ_mismatch,27,3.30,10u,PASS,2.493076e+00,7.079088e-01,7.132331e-01,9.120820e-03,8.612300e-14,0.0053243,1.049200e+00
nominal,mismatch,262,20261171,typ,hbt_typ_mismatch,mos_tt_mismatch,res_typ_mismatch,27,3.30,10u,PASS,2.504709e+00,7.034750e-01,7.016712e-01,8.287586e-03,7.915006e-14,0.0018038,1.022003e+00
nominal,mismatch,263,20261172,typ,hbt_typ_mismatch,mos_tt_mismatch,res_typ_mismatch,27,3.30,10u,PASS,2.490940e+00,7.103619e-01,7.135878e-01,8.127585e-03,9.368008e-14,0.0032259,1.061647e+00
nominal,mismatch,264,20261173,typ,hbt_typ_mismatch,mos_tt_mismatch,res_typ_mismatch,27,3.30,10u,PASS,2.480258e+00,7.150300e-01,7.239127e-01,7.705344e-03,1.408648e-13,0.0088827,1.117660e+00
nominal,mismatch,265,20261174,typ,hbt_typ_mismatch,mos_tt_mismatch,res_typ_mismatch,27,3.30,10u,PASS,2.504151e+00,7.099419e-01,7.076913e-01,8.117655e-03,1.096792e-13,0.0022506,1.019663e+00
nominal,mismatch,266,20261175,typ,hbt_typ_mismatch,mos_tt_mismatch,res_typ_mismatch,27,3.30,10u,PASS,2.483923e+00,7.149704e-01,7.174011e-01,8.242095e-03,1.037423e-13,0.0024307,1.089589e+00
nominal,mismatch,267,20261176,typ,hbt_typ_mismatch,mos_tt_mismatch,res_typ_mismatch,27,3.30,10u,PASS,2.494043e+00,7.134848e-01,7.107212e-01,8.305843e-03,8.002408e-14,0.0027636,1.062266e+00
nominal,mismatch,268,20261177,typ,hbt_typ_mismatch,mos_tt_mismatch,res_typ_mismatch,27,3.30,10u,PASS,2.503835e+00,7.087376e-01,7.022751e-01,9.032548e-03,1.029988e-13,0.0064625,1.026672e+00
nominal,mismatch,269,20261178,typ,hbt_typ_mismatch,mos_tt_mismatch,res_typ_mismatch,27,3.30,10u,PASS,2.512801e+00,7.016618e-01,6.968064e-01,8.778774e-03,8.929511e-14,0.0048554,9.990839e-01
nominal,mismatch,270,20261179,typ,hbt_typ_mismatch,mos_tt_mismatch,res_typ_mismatch,27,3.30,10u,PASS,2.492865e+00,7.077312e-01,7.064537e-01,9.023909e-03,8.243734e-14,0.0012775,1.066279e+00
nominal,mismatch,271,20261180,typ,hbt_typ_mismatch,mos_tt_mismatch,res_typ_mismatch,27,3.30,10u,PASS,2.501816e+00,7.075317e-01,7.021174e-01,8.674313e-03,9.963676e-14,0.0054143,1.029046e+00
nominal,mismatch,272,20261181,typ,hbt_typ_mismatch,mos_tt_mismatch,res_typ_mismatch,27,3.30,10u,PASS,2.497731e+00,7.057215e-01,7.076794e-01,8.678249e-03,9.402146e-14,0.0019579,1.042205e+00
nominal,mismatch,273,20261182,typ,hbt_typ_mismatch,mos_tt_mismatch,res_typ_mismatch,27,3.30,10u,PASS,2.497739e+00,7.040926e-01,7.114167e-01,8.775528e-03,8.648389e-14,0.0073241,1.044666e+00
nominal,mismatch,274,20261183,typ,hbt_typ_mismatch,mos_tt_mismatch,res_typ_mismatch,27,3.30,10u,PASS,2.508077e+00,7.011732e-01,7.050938e-01,9.673139e-03,9.148520e-14,0.0039206,1.011793e+00
nominal,mismatch,275,20261184,typ,hbt_typ_mismatch,mos_tt_mismatch,res_typ_mismatch,27,3.30,10u,PASS,2.495876e+00,7.041668e-01,7.066246e-01,8.675586e-03,1.087478e-13,0.0024578,1.054516e+00
nominal,mismatch,276,20261185,typ,hbt_typ_mismatch,mos_tt_mismatch,res_typ_mismatch,27,3.30,10u,PASS,2.503092e+00,7.056532e-01,7.032542e-01,8.474712e-03,8.005805e-14,0.002399,1.038472e+00
nominal,mismatch,277,20261186,typ,hbt_typ_mismatch,mos_tt_mismatch,res_typ_mismatch,27,3.30,10u,PASS,2.493144e+00,7.078066e-01,7.091014e-01,9.472453e-03,7.713058e-14,0.0012948,1.055423e+00
nominal,mismatch,278,20261187,typ,hbt_typ_mismatch,mos_tt_mismatch,res_typ_mismatch,27,3.30,10u,PASS,2.481337e+00,7.145175e-01,7.178890e-01,7.917383e-03,7.185368e-14,0.0033715,1.109936e+00
nominal,mismatch,279,20261188,typ,hbt_typ_mismatch,mos_tt_mismatch,res_typ_mismatch,27,3.30,10u,PASS,2.472829e+00,7.179114e-01,7.268139e-01,7.455779e-03,1.175638e-13,0.0089025,1.133759e+00
nominal,mismatch,280,20261189,typ,hbt_typ_mismatch,mos_tt_mismatch,res_typ_mismatch,27,3.30,10u,PASS,2.497887e+00,7.064824e-01,7.039781e-01,8.235140e-03,1.033609e-13,0.0025043,1.044451e+00
nominal,mismatch,281,20261190,typ,hbt_typ_mismatch,mos_tt_mismatch,res_typ_mismatch,27,3.30,10u,PASS,2.505968e+00,7.024631e-01,7.043433e-01,9.770914e-03,1.346128e-13,0.0018802,1.023856e+00
nominal,mismatch,282,20261191,typ,hbt_typ_mismatch,mos_tt_mismatch,res_typ_mismatch,27,3.30,10u,PASS,2.512215e+00,7.013384e-01,6.953575e-01,8.615259e-03,7.304544e-14,0.0059809,9.999328e-01
nominal,mismatch,283,20261192,typ,hbt_typ_mismatch,mos_tt_mismatch,res_typ_mismatch,27,3.30,10u,PASS,2.489026e+00,7.166821e-01,7.121256e-01,7.609458e-03,8.499314e-14,0.0045565,1.080394e+00
nominal,mismatch,284,20261193,typ,hbt_typ_mismatch,mos_tt_mismatch,res_typ_mismatch,27,3.30,10u,PASS,2.514187e+00,7.032403e-01,6.995332e-01,8.833761e-03,1.009407e-13,0.0037071,9.921056e-01
nominal,mismatch,285,20261194,typ,hbt_typ_mismatch,mos_tt_mismatch,res_typ_mismatch,27,3.30,10u,PASS,2.483414e+00,7.145178e-01,7.220909e-01,7.961381e-03,9.714579e-14,0.0075731,1.099074e+00
nominal,mismatch,286,20261195,typ,hbt_typ_mismatch,mos_tt_mismatch,res_typ_mismatch,27,3.30,10u,PASS,2.504771e+00,7.076963e-01,7.044230e-01,7.892956e-03,8.051958e-14,0.0032733,1.016562e+00
nominal,mismatch,287,20261196,typ,hbt_typ_mismatch,mos_tt_mismatch,res_typ_mismatch,27,3.30,10u,PASS,2.491471e+00,7.093775e-01,7.147558e-01,8.447662e-03,7.337978e-14,0.0053783,1.066251e+00
nominal,mismatch,288,20261197,typ,hbt_typ_mismatch,mos_tt_mismatch,res_typ_mismatch,27,3.30,10u,PASS,2.506643e+00,7.073434e-01,6.990389e-01,8.599815e-03,6.958805e-14,0.0083045,1.010696e+00
nominal,mismatch,289,20261198,typ,hbt_typ_mismatch,mos_tt_mismatch,res_typ_mismatch,27,3.30,10u,PASS,2.478298e+00,7.173242e-01,7.179213e-01,7.580186e-03,1.045937e-13,0.0005971,1.106817e+00
nominal,mismatch,290,20261199,typ,hbt_typ_mismatch,mos_tt_mismatch,res_typ_mismatch,27,3.30,10u,PASS,2.513852e+00,7.069967e-01,7.010035e-01,9.043785e-03,9.687766e-14,0.0059932,9.833049e-01
nominal,mismatch,291,20261200,typ,hbt_typ_mismatch,mos_tt_mismatch,res_typ_mismatch,27,3.30,10u,PASS,2.490816e+00,7.111788e-01,7.136563e-01,8.530676e-03,8.386547e-14,0.0024775,1.070721e+00
nominal,mismatch,292,20261201,typ,hbt_typ_mismatch,mos_tt_mismatch,res_typ_mismatch,27,3.30,10u,PASS,2.502086e+00,7.066489e-01,7.055079e-01,8.719575e-03,8.628856e-14,0.001141,1.030764e+00
nominal,mismatch,293,20261202,typ,hbt_typ_mismatch,mos_tt_mismatch,res_typ_mismatch,27,3.30,10u,PASS,2.497521e+00,7.139875e-01,7.138968e-01,7.901294e-03,1.097459e-13,9.07e-05,1.050183e+00
nominal,mismatch,294,20261203,typ,hbt_typ_mismatch,mos_tt_mismatch,res_typ_mismatch,27,3.30,10u,PASS,2.508176e+00,7.006726e-01,7.004548e-01,9.342734e-03,7.831144e-14,0.0002178,1.006689e+00
nominal,mismatch,295,20261204,typ,hbt_typ_mismatch,mos_tt_mismatch,res_typ_mismatch,27,3.30,10u,PASS,2.500317e+00,7.075024e-01,7.079574e-01,8.372802e-03,7.444499e-14,0.000455,1.031403e+00
nominal,mismatch,296,20261205,typ,hbt_typ_mismatch,mos_tt_mismatch,res_typ_mismatch,27,3.30,10u,PASS,2.474621e+00,7.223425e-01,7.230360e-01,7.303719e-03,8.546346e-14,0.0006935,1.116721e+00
nominal,mismatch,297,20261206,typ,hbt_typ_mismatch,mos_tt_mismatch,res_typ_mismatch,27,3.30,10u,PASS,2.502502e+00,7.050562e-01,7.089807e-01,8.954687e-03,6.976317e-14,0.0039245,1.022468e+00
nominal,mismatch,298,20261207,typ,hbt_typ_mismatch,mos_tt_mismatch,res_typ_mismatch,27,3.30,10u,PASS,2.481622e+00,7.171180e-01,7.185549e-01,7.980890e-03,1.003198e-13,0.0014369,1.103273e+00
nominal,mismatch,299,20261208,typ,hbt_typ_mismatch,mos_tt_mismatch,res_typ_mismatch,27,3.30,10u,PASS,2.480703e+00,7.139944e-01,7.204566e-01,7.927495e-03,1.215362e-13,0.0064622,1.094155e+00
negctrl,negctrl,0,20260909,typ,hbt_typ,mos_tt,res_typ,27,3.30,10u,PASS,2.496820e+00,7.081423e-01,7.077483e-01,8.540006e-03,9.682206e-14,0.000394,1.047339e+00
negctrl,negctrl,1,20260910,typ,hbt_typ,mos_tt,res_typ,27,3.30,10u,PASS,2.496820e+00,7.081423e-01,7.077483e-01,8.540006e-03,9.682206e-14,0.000394,1.047339e+00
negctrl,negctrl,2,20260911,typ,hbt_typ,mos_tt,res_typ,27,3.30,10u,PASS,2.496820e+00,7.081423e-01,7.077483e-01,8.540006e-03,9.682206e-14,0.000394,1.047339e+00
negctrl,negctrl,3,20260912,typ,hbt_typ,mos_tt,res_typ,27,3.30,10u,PASS,2.496820e+00,7.081423e-01,7.077483e-01,8.540006e-03,9.682206e-14,0.000394,1.047339e+00
negctrl,negctrl,4,20260913,typ,hbt_typ,mos_tt,res_typ,27,3.30,10u,PASS,2.496820e+00,7.081423e-01,7.077483e-01,8.540006e-03,9.682206e-14,0.000394,1.047339e+00
negctrl,negctrl,5,20260914,typ,hbt_typ,mos_tt,res_typ,27,3.30,10u,PASS,2.496820e+00,7.081423e-01,7.077483e-01,8.540006e-03,9.682206e-14,0.000394,1.047339e+00
negctrl,negctrl,6,20260915,typ,hbt_typ,mos_tt,res_typ,27,3.30,10u,PASS,2.496820e+00,7.081423e-01,7.077483e-01,8.540006e-03,9.682206e-14,0.000394,1.047339e+00
negctrl,negctrl,7,20260916,typ,hbt_typ,mos_tt,res_typ,27,3.30,10u,PASS,2.496820e+00,7.081423e-01,7.077483e-01,8.540006e-03,9.682206e-14,0.000394,1.047339e+00
negctrl,negctrl,8,20260917,typ,hbt_typ,mos_tt,res_typ,27,3.30,10u,PASS,2.496820e+00,7.081423e-01,7.077483e-01,8.540006e-03,9.682206e-14,0.000394,1.047339e+00
negctrl,negctrl,9,20260918,typ,hbt_typ,mos_tt,res_typ,27,3.30,10u,PASS,2.496820e+00,7.081423e-01,7.077483e-01,8.540006e-03,9.682206e-14,0.000394,1.047339e+00
negctrl,negctrl,10,20260919,typ,hbt_typ,mos_tt,res_typ,27,3.30,10u,PASS,2.496820e+00,7.081423e-01,7.077483e-01,8.540006e-03,9.682206e-14,0.000394,1.047339e+00
negctrl,negctrl,11,20260920,typ,hbt_typ,mos_tt,res_typ,27,3.30,10u,PASS,2.496820e+00,7.081423e-01,7.077483e-01,8.540006e-03,9.682206e-14,0.000394,1.047339e+00
negctrl,negctrl,12,20260921,typ,hbt_typ,mos_tt,res_typ,27,3.30,10u,PASS,2.496820e+00,7.081423e-01,7.077483e-01,8.540006e-03,9.682206e-14,0.000394,1.047339e+00
negctrl,negctrl,13,20260922,typ,hbt_typ,mos_tt,res_typ,27,3.30,10u,PASS,2.496820e+00,7.081423e-01,7.077483e-01,8.540006e-03,9.682206e-14,0.000394,1.047339e+00
negctrl,negctrl,14,20260923,typ,hbt_typ,mos_tt,res_typ,27,3.30,10u,PASS,2.496820e+00,7.081423e-01,7.077483e-01,8.540006e-03,9.682206e-14,0.000394,1.047339e+00
negctrl,negctrl,15,20260924,typ,hbt_typ,mos_tt,res_typ,27,3.30,10u,PASS,2.496820e+00,7.081423e-01,7.077483e-01,8.540006e-03,9.682206e-14,0.000394,1.047339e+00
negctrl,negctrl,16,20260925,typ,hbt_typ,mos_tt,res_typ,27,3.30,10u,PASS,2.496820e+00,7.081423e-01,7.077483e-01,8.540006e-03,9.682206e-14,0.000394,1.047339e+00
negctrl,negctrl,17,20260926,typ,hbt_typ,mos_tt,res_typ,27,3.30,10u,PASS,2.496820e+00,7.081423e-01,7.077483e-01,8.540006e-03,9.682206e-14,0.000394,1.047339e+00
negctrl,negctrl,18,20260927,typ,hbt_typ,mos_tt,res_typ,27,3.30,10u,PASS,2.496820e+00,7.081423e-01,7.077483e-01,8.540006e-03,9.682206e-14,0.000394,1.047339e+00
negctrl,negctrl,19,20260928,typ,hbt_typ,mos_tt,res_typ,27,3.30,10u,PASS,2.496820e+00,7.081423e-01,7.077483e-01,8.540006e-03,9.682206e-14,0.000394,1.047339e+00
negctrl,negctrl,20,20260929,typ,hbt_typ,mos_tt,res_typ,27,3.30,10u,PASS,2.496820e+00,7.081423e-01,7.077483e-01,8.540006e-03,9.682206e-14,0.000394,1.047339e+00
negctrl,negctrl,21,20260930,typ,hbt_typ,mos_tt,res_typ,27,3.30,10u,PASS,2.496820e+00,7.081423e-01,7.077483e-01,8.540006e-03,9.682206e-14,0.000394,1.047339e+00
negctrl,negctrl,22,20260931,typ,hbt_typ,mos_tt,res_typ,27,3.30,10u,PASS,2.496820e+00,7.081423e-01,7.077483e-01,8.540006e-03,9.682206e-14,0.000394,1.047339e+00
negctrl,negctrl,23,20260932,typ,hbt_typ,mos_tt,res_typ,27,3.30,10u,PASS,2.496820e+00,7.081423e-01,7.077483e-01,8.540006e-03,9.682206e-14,0.000394,1.047339e+00
negctrl,negctrl,24,20260933,typ,hbt_typ,mos_tt,res_typ,27,3.30,10u,PASS,2.496820e+00,7.081423e-01,7.077483e-01,8.540006e-03,9.682206e-14,0.000394,1.047339e+00
negctrl,negctrl,25,20260934,typ,hbt_typ,mos_tt,res_typ,27,3.30,10u,PASS,2.496820e+00,7.081423e-01,7.077483e-01,8.540006e-03,9.682206e-14,0.000394,1.047339e+00
negctrl,negctrl,26,20260935,typ,hbt_typ,mos_tt,res_typ,27,3.30,10u,PASS,2.496820e+00,7.081423e-01,7.077483e-01,8.540006e-03,9.682206e-14,0.000394,1.047339e+00
negctrl,negctrl,27,20260936,typ,hbt_typ,mos_tt,res_typ,27,3.30,10u,PASS,2.496820e+00,7.081423e-01,7.077483e-01,8.540006e-03,9.682206e-14,0.000394,1.047339e+00
negctrl,negctrl,28,20260937,typ,hbt_typ,mos_tt,res_typ,27,3.30,10u,PASS,2.496820e+00,7.081423e-01,7.077483e-01,8.540006e-03,9.682206e-14,0.000394,1.047339e+00
negctrl,negctrl,29,20260938,typ,hbt_typ,mos_tt,res_typ,27,3.30,10u,PASS,2.496820e+00,7.081423e-01,7.077483e-01,8.540006e-03,9.682206e-14,0.000394,1.047339e+00
negctrl,negctrl,30,20260939,typ,hbt_typ,mos_tt,res_typ,27,3.30,10u,PASS,2.496820e+00,7.081423e-01,7.077483e-01,8.540006e-03,9.682206e-14,0.000394,1.047339e+00
negctrl,negctrl,31,20260940,typ,hbt_typ,mos_tt,res_typ,27,3.30,10u,PASS,2.496820e+00,7.081423e-01,7.077483e-01,8.540006e-03,9.682206e-14,0.000394,1.047339e+00
negctrl,negctrl,32,20260941,typ,hbt_typ,mos_tt,res_typ,27,3.30,10u,PASS,2.496820e+00,7.081423e-01,7.077483e-01,8.540006e-03,9.682206e-14,0.000394,1.047339e+00
negctrl,negctrl,33,20260942,typ,hbt_typ,mos_tt,res_typ,27,3.30,10u,PASS,2.496820e+00,7.081423e-01,7.077483e-01,8.540006e-03,9.682206e-14,0.000394,1.047339e+00
negctrl,negctrl,34,20260943,typ,hbt_typ,mos_tt,res_typ,27,3.30,10u,PASS,2.496820e+00,7.081423e-01,7.077483e-01,8.540006e-03,9.682206e-14,0.000394,1.047339e+00
negctrl,negctrl,35,20260944,typ,hbt_typ,mos_tt,res_typ,27,3.30,10u,PASS,2.496820e+00,7.081423e-01,7.077483e-01,8.540006e-03,9.682206e-14,0.000394,1.047339e+00
negctrl,negctrl,36,20260945,typ,hbt_typ,mos_tt,res_typ,27,3.30,10u,PASS,2.496820e+00,7.081423e-01,7.077483e-01,8.540006e-03,9.682206e-14,0.000394,1.047339e+00
negctrl,negctrl,37,20260946,typ,hbt_typ,mos_tt,res_typ,27,3.30,10u,PASS,2.496820e+00,7.081423e-01,7.077483e-01,8.540006e-03,9.682206e-14,0.000394,1.047339e+00
negctrl,negctrl,38,20260947,typ,hbt_typ,mos_tt,res_typ,27,3.30,10u,PASS,2.496820e+00,7.081423e-01,7.077483e-01,8.540006e-03,9.682206e-14,0.000394,1.047339e+00
negctrl,negctrl,39,20260948,typ,hbt_typ,mos_tt,res_typ,27,3.30,10u,PASS,2.496820e+00,7.081423e-01,7.077483e-01,8.540006e-03,9.682206e-14,0.000394,1.047339e+00
negctrl,negctrl,40,20260949,typ,hbt_typ,mos_tt,res_typ,27,3.30,10u,PASS,2.496820e+00,7.081423e-01,7.077483e-01,8.540006e-03,9.682206e-14,0.000394,1.047339e+00
negctrl,negctrl,41,20260950,typ,hbt_typ,mos_tt,res_typ,27,3.30,10u,PASS,2.496820e+00,7.081423e-01,7.077483e-01,8.540006e-03,9.682206e-14,0.000394,1.047339e+00
negctrl,negctrl,42,20260951,typ,hbt_typ,mos_tt,res_typ,27,3.30,10u,PASS,2.496820e+00,7.081423e-01,7.077483e-01,8.540006e-03,9.682206e-14,0.000394,1.047339e+00
negctrl,negctrl,43,20260952,typ,hbt_typ,mos_tt,res_typ,27,3.30,10u,PASS,2.496820e+00,7.081423e-01,7.077483e-01,8.540006e-03,9.682206e-14,0.000394,1.047339e+00
negctrl,negctrl,44,20260953,typ,hbt_typ,mos_tt,res_typ,27,3.30,10u,PASS,2.496820e+00,7.081423e-01,7.077483e-01,8.540006e-03,9.682206e-14,0.000394,1.047339e+00
negctrl,negctrl,45,20260954,typ,hbt_typ,mos_tt,res_typ,27,3.30,10u,PASS,2.496820e+00,7.081423e-01,7.077483e-01,8.540006e-03,9.682206e-14,0.000394,1.047339e+00
negctrl,negctrl,46,20260955,typ,hbt_typ,mos_tt,res_typ,27,3.30,10u,PASS,2.496820e+00,7.081423e-01,7.077483e-01,8.540006e-03,9.682206e-14,0.000394,1.047339e+00
negctrl,negctrl,47,20260956,typ,hbt_typ,mos_tt,res_typ,27,3.30,10u,PASS,2.496820e+00,7.081423e-01,7.077483e-01,8.540006e-03,9.682206e-14,0.000394,1.047339e+00
negctrl,negctrl,48,20260957,typ,hbt_typ,mos_tt,res_typ,27,3.30,10u,PASS,2.496820e+00,7.081423e-01,7.077483e-01,8.540006e-03,9.682206e-14,0.000394,1.047339e+00
negctrl,negctrl,49,20260958,typ,hbt_typ,mos_tt,res_typ,27,3.30,10u,PASS,2.496820e+00,7.081423e-01,7.077483e-01,8.540006e-03,9.682206e-14,0.000394,1.047339e+00
negctrl,negctrl,50,20260959,typ,hbt_typ,mos_tt,res_typ,27,3.30,10u,PASS,2.496820e+00,7.081423e-01,7.077483e-01,8.540006e-03,9.682206e-14,0.000394,1.047339e+00
negctrl,negctrl,51,20260960,typ,hbt_typ,mos_tt,res_typ,27,3.30,10u,PASS,2.496820e+00,7.081423e-01,7.077483e-01,8.540006e-03,9.682206e-14,0.000394,1.047339e+00
negctrl,negctrl,52,20260961,typ,hbt_typ,mos_tt,res_typ,27,3.30,10u,PASS,2.496820e+00,7.081423e-01,7.077483e-01,8.540006e-03,9.682206e-14,0.000394,1.047339e+00
negctrl,negctrl,53,20260962,typ,hbt_typ,mos_tt,res_typ,27,3.30,10u,PASS,2.496820e+00,7.081423e-01,7.077483e-01,8.540006e-03,9.682206e-14,0.000394,1.047339e+00
negctrl,negctrl,54,20260963,typ,hbt_typ,mos_tt,res_typ,27,3.30,10u,PASS,2.496820e+00,7.081423e-01,7.077483e-01,8.540006e-03,9.682206e-14,0.000394,1.047339e+00
negctrl,negctrl,55,20260964,typ,hbt_typ,mos_tt,res_typ,27,3.30,10u,PASS,2.496820e+00,7.081423e-01,7.077483e-01,8.540006e-03,9.682206e-14,0.000394,1.047339e+00
negctrl,negctrl,56,20260965,typ,hbt_typ,mos_tt,res_typ,27,3.30,10u,PASS,2.496820e+00,7.081423e-01,7.077483e-01,8.540006e-03,9.682206e-14,0.000394,1.047339e+00
negctrl,negctrl,57,20260966,typ,hbt_typ,mos_tt,res_typ,27,3.30,10u,PASS,2.496820e+00,7.081423e-01,7.077483e-01,8.540006e-03,9.682206e-14,0.000394,1.047339e+00
negctrl,negctrl,58,20260967,typ,hbt_typ,mos_tt,res_typ,27,3.30,10u,PASS,2.496820e+00,7.081423e-01,7.077483e-01,8.540006e-03,9.682206e-14,0.000394,1.047339e+00
negctrl,negctrl,59,20260968,typ,hbt_typ,mos_tt,res_typ,27,3.30,10u,PASS,2.496820e+00,7.081423e-01,7.077483e-01,8.540006e-03,9.682206e-14,0.000394,1.047339e+00
negctrl,negctrl,60,20260969,typ,hbt_typ,mos_tt,res_typ,27,3.30,10u,PASS,2.496820e+00,7.081423e-01,7.077483e-01,8.540006e-03,9.682206e-14,0.000394,1.047339e+00
negctrl,negctrl,61,20260970,typ,hbt_typ,mos_tt,res_typ,27,3.30,10u,PASS,2.496820e+00,7.081423e-01,7.077483e-01,8.540006e-03,9.682206e-14,0.000394,1.047339e+00
negctrl,negctrl,62,20260971,typ,hbt_typ,mos_tt,res_typ,27,3.30,10u,PASS,2.496820e+00,7.081423e-01,7.077483e-01,8.540006e-03,9.682206e-14,0.000394,1.047339e+00
negctrl,negctrl,63,20260972,typ,hbt_typ,mos_tt,res_typ,27,3.30,10u,PASS,2.496820e+00,7.081423e-01,7.077483e-01,8.540006e-03,9.682206e-14,0.000394,1.047339e+00
negctrl,negctrl,64,20260973,typ,hbt_typ,mos_tt,res_typ,27,3.30,10u,PASS,2.496820e+00,7.081423e-01,7.077483e-01,8.540006e-03,9.682206e-14,0.000394,1.047339e+00
negctrl,negctrl,65,20260974,typ,hbt_typ,mos_tt,res_typ,27,3.30,10u,PASS,2.496820e+00,7.081423e-01,7.077483e-01,8.540006e-03,9.682206e-14,0.000394,1.047339e+00
negctrl,negctrl,66,20260975,typ,hbt_typ,mos_tt,res_typ,27,3.30,10u,PASS,2.496820e+00,7.081423e-01,7.077483e-01,8.540006e-03,9.682206e-14,0.000394,1.047339e+00
negctrl,negctrl,67,20260976,typ,hbt_typ,mos_tt,res_typ,27,3.30,10u,PASS,2.496820e+00,7.081423e-01,7.077483e-01,8.540006e-03,9.682206e-14,0.000394,1.047339e+00
negctrl,negctrl,68,20260977,typ,hbt_typ,mos_tt,res_typ,27,3.30,10u,PASS,2.496820e+00,7.081423e-01,7.077483e-01,8.540006e-03,9.682206e-14,0.000394,1.047339e+00
negctrl,negctrl,69,20260978,typ,hbt_typ,mos_tt,res_typ,27,3.30,10u,PASS,2.496820e+00,7.081423e-01,7.077483e-01,8.540006e-03,9.682206e-14,0.000394,1.047339e+00
negctrl,negctrl,70,20260979,typ,hbt_typ,mos_tt,res_typ,27,3.30,10u,PASS,2.496820e+00,7.081423e-01,7.077483e-01,8.540006e-03,9.682206e-14,0.000394,1.047339e+00
negctrl,negctrl,71,20260980,typ,hbt_typ,mos_tt,res_typ,27,3.30,10u,PASS,2.496820e+00,7.081423e-01,7.077483e-01,8.540006e-03,9.682206e-14,0.000394,1.047339e+00
negctrl,negctrl,72,20260981,typ,hbt_typ,mos_tt,res_typ,27,3.30,10u,PASS,2.496820e+00,7.081423e-01,7.077483e-01,8.540006e-03,9.682206e-14,0.000394,1.047339e+00
negctrl,negctrl,73,20260982,typ,hbt_typ,mos_tt,res_typ,27,3.30,10u,PASS,2.496820e+00,7.081423e-01,7.077483e-01,8.540006e-03,9.682206e-14,0.000394,1.047339e+00
negctrl,negctrl,74,20260983,typ,hbt_typ,mos_tt,res_typ,27,3.30,10u,PASS,2.496820e+00,7.081423e-01,7.077483e-01,8.540006e-03,9.682206e-14,0.000394,1.047339e+00
negctrl,negctrl,75,20260984,typ,hbt_typ,mos_tt,res_typ,27,3.30,10u,PASS,2.496820e+00,7.081423e-01,7.077483e-01,8.540006e-03,9.682206e-14,0.000394,1.047339e+00
negctrl,negctrl,76,20260985,typ,hbt_typ,mos_tt,res_typ,27,3.30,10u,PASS,2.496820e+00,7.081423e-01,7.077483e-01,8.540006e-03,9.682206e-14,0.000394,1.047339e+00
negctrl,negctrl,77,20260986,typ,hbt_typ,mos_tt,res_typ,27,3.30,10u,PASS,2.496820e+00,7.081423e-01,7.077483e-01,8.540006e-03,9.682206e-14,0.000394,1.047339e+00
negctrl,negctrl,78,20260987,typ,hbt_typ,mos_tt,res_typ,27,3.30,10u,PASS,2.496820e+00,7.081423e-01,7.077483e-01,8.540006e-03,9.682206e-14,0.000394,1.047339e+00
negctrl,negctrl,79,20260988,typ,hbt_typ,mos_tt,res_typ,27,3.30,10u,PASS,2.496820e+00,7.081423e-01,7.077483e-01,8.540006e-03,9.682206e-14,0.000394,1.047339e+00
negctrl,negctrl,80,20260989,typ,hbt_typ,mos_tt,res_typ,27,3.30,10u,PASS,2.496820e+00,7.081423e-01,7.077483e-01,8.540006e-03,9.682206e-14,0.000394,1.047339e+00
negctrl,negctrl,81,20260990,typ,hbt_typ,mos_tt,res_typ,27,3.30,10u,PASS,2.496820e+00,7.081423e-01,7.077483e-01,8.540006e-03,9.682206e-14,0.000394,1.047339e+00
negctrl,negctrl,82,20260991,typ,hbt_typ,mos_tt,res_typ,27,3.30,10u,PASS,2.496820e+00,7.081423e-01,7.077483e-01,8.540006e-03,9.682206e-14,0.000394,1.047339e+00
negctrl,negctrl,83,20260992,typ,hbt_typ,mos_tt,res_typ,27,3.30,10u,PASS,2.496820e+00,7.081423e-01,7.077483e-01,8.540006e-03,9.682206e-14,0.000394,1.047339e+00
negctrl,negctrl,84,20260993,typ,hbt_typ,mos_tt,res_typ,27,3.30,10u,PASS,2.496820e+00,7.081423e-01,7.077483e-01,8.540006e-03,9.682206e-14,0.000394,1.047339e+00
negctrl,negctrl,85,20260994,typ,hbt_typ,mos_tt,res_typ,27,3.30,10u,PASS,2.496820e+00,7.081423e-01,7.077483e-01,8.540006e-03,9.682206e-14,0.000394,1.047339e+00
negctrl,negctrl,86,20260995,typ,hbt_typ,mos_tt,res_typ,27,3.30,10u,PASS,2.496820e+00,7.081423e-01,7.077483e-01,8.540006e-03,9.682206e-14,0.000394,1.047339e+00
negctrl,negctrl,87,20260996,typ,hbt_typ,mos_tt,res_typ,27,3.30,10u,PASS,2.496820e+00,7.081423e-01,7.077483e-01,8.540006e-03,9.682206e-14,0.000394,1.047339e+00
negctrl,negctrl,88,20260997,typ,hbt_typ,mos_tt,res_typ,27,3.30,10u,PASS,2.496820e+00,7.081423e-01,7.077483e-01,8.540006e-03,9.682206e-14,0.000394,1.047339e+00
negctrl,negctrl,89,20260998,typ,hbt_typ,mos_tt,res_typ,27,3.30,10u,PASS,2.496820e+00,7.081423e-01,7.077483e-01,8.540006e-03,9.682206e-14,0.000394,1.047339e+00
negctrl,negctrl,90,20260999,typ,hbt_typ,mos_tt,res_typ,27,3.30,10u,PASS,2.496820e+00,7.081423e-01,7.077483e-01,8.540006e-03,9.682206e-14,0.000394,1.047339e+00
negctrl,negctrl,91,20261000,typ,hbt_typ,mos_tt,res_typ,27,3.30,10u,PASS,2.496820e+00,7.081423e-01,7.077483e-01,8.540006e-03,9.682206e-14,0.000394,1.047339e+00
negctrl,negctrl,92,20261001,typ,hbt_typ,mos_tt,res_typ,27,3.30,10u,PASS,2.496820e+00,7.081423e-01,7.077483e-01,8.540006e-03,9.682206e-14,0.000394,1.047339e+00
negctrl,negctrl,93,20261002,typ,hbt_typ,mos_tt,res_typ,27,3.30,10u,PASS,2.496820e+00,7.081423e-01,7.077483e-01,8.540006e-03,9.682206e-14,0.000394,1.047339e+00
negctrl,negctrl,94,20261003,typ,hbt_typ,mos_tt,res_typ,27,3.30,10u,PASS,2.496820e+00,7.081423e-01,7.077483e-01,8.540006e-03,9.682206e-14,0.000394,1.047339e+00
negctrl,negctrl,95,20261004,typ,hbt_typ,mos_tt,res_typ,27,3.30,10u,PASS,2.496820e+00,7.081423e-01,7.077483e-01,8.540006e-03,9.682206e-14,0.000394,1.047339e+00
negctrl,negctrl,96,20261005,typ,hbt_typ,mos_tt,res_typ,27,3.30,10u,PASS,2.496820e+00,7.081423e-01,7.077483e-01,8.540006e-03,9.682206e-14,0.000394,1.047339e+00
negctrl,negctrl,97,20261006,typ,hbt_typ,mos_tt,res_typ,27,3.30,10u,PASS,2.496820e+00,7.081423e-01,7.077483e-01,8.540006e-03,9.682206e-14,0.000394,1.047339e+00
negctrl,negctrl,98,20261007,typ,hbt_typ,mos_tt,res_typ,27,3.30,10u,PASS,2.496820e+00,7.081423e-01,7.077483e-01,8.540006e-03,9.682206e-14,0.000394,1.047339e+00
negctrl,negctrl,99,20261008,typ,hbt_typ,mos_tt,res_typ,27,3.30,10u,PASS,2.496820e+00,7.081423e-01,7.077483e-01,8.540006e-03,9.682206e-14,0.000394,1.047339e+00
negctrl,negctrl,100,20261009,typ,hbt_typ,mos_tt,res_typ,27,3.30,10u,PASS,2.496820e+00,7.081423e-01,7.077483e-01,8.540006e-03,9.682206e-14,0.000394,1.047339e+00
negctrl,negctrl,101,20261010,typ,hbt_typ,mos_tt,res_typ,27,3.30,10u,PASS,2.496820e+00,7.081423e-01,7.077483e-01,8.540006e-03,9.682206e-14,0.000394,1.047339e+00
negctrl,negctrl,102,20261011,typ,hbt_typ,mos_tt,res_typ,27,3.30,10u,PASS,2.496820e+00,7.081423e-01,7.077483e-01,8.540006e-03,9.682206e-14,0.000394,1.047339e+00
negctrl,negctrl,103,20261012,typ,hbt_typ,mos_tt,res_typ,27,3.30,10u,PASS,2.496820e+00,7.081423e-01,7.077483e-01,8.540006e-03,9.682206e-14,0.000394,1.047339e+00
negctrl,negctrl,104,20261013,typ,hbt_typ,mos_tt,res_typ,27,3.30,10u,PASS,2.496820e+00,7.081423e-01,7.077483e-01,8.540006e-03,9.682206e-14,0.000394,1.047339e+00
negctrl,negctrl,105,20261014,typ,hbt_typ,mos_tt,res_typ,27,3.30,10u,PASS,2.496820e+00,7.081423e-01,7.077483e-01,8.540006e-03,9.682206e-14,0.000394,1.047339e+00
negctrl,negctrl,106,20261015,typ,hbt_typ,mos_tt,res_typ,27,3.30,10u,PASS,2.496820e+00,7.081423e-01,7.077483e-01,8.540006e-03,9.682206e-14,0.000394,1.047339e+00
negctrl,negctrl,107,20261016,typ,hbt_typ,mos_tt,res_typ,27,3.30,10u,PASS,2.496820e+00,7.081423e-01,7.077483e-01,8.540006e-03,9.682206e-14,0.000394,1.047339e+00
negctrl,negctrl,108,20261017,typ,hbt_typ,mos_tt,res_typ,27,3.30,10u,PASS,2.496820e+00,7.081423e-01,7.077483e-01,8.540006e-03,9.682206e-14,0.000394,1.047339e+00
negctrl,negctrl,109,20261018,typ,hbt_typ,mos_tt,res_typ,27,3.30,10u,PASS,2.496820e+00,7.081423e-01,7.077483e-01,8.540006e-03,9.682206e-14,0.000394,1.047339e+00
negctrl,negctrl,110,20261019,typ,hbt_typ,mos_tt,res_typ,27,3.30,10u,PASS,2.496820e+00,7.081423e-01,7.077483e-01,8.540006e-03,9.682206e-14,0.000394,1.047339e+00
negctrl,negctrl,111,20261020,typ,hbt_typ,mos_tt,res_typ,27,3.30,10u,PASS,2.496820e+00,7.081423e-01,7.077483e-01,8.540006e-03,9.682206e-14,0.000394,1.047339e+00
negctrl,negctrl,112,20261021,typ,hbt_typ,mos_tt,res_typ,27,3.30,10u,PASS,2.496820e+00,7.081423e-01,7.077483e-01,8.540006e-03,9.682206e-14,0.000394,1.047339e+00
negctrl,negctrl,113,20261022,typ,hbt_typ,mos_tt,res_typ,27,3.30,10u,PASS,2.496820e+00,7.081423e-01,7.077483e-01,8.540006e-03,9.682206e-14,0.000394,1.047339e+00
negctrl,negctrl,114,20261023,typ,hbt_typ,mos_tt,res_typ,27,3.30,10u,PASS,2.496820e+00,7.081423e-01,7.077483e-01,8.540006e-03,9.682206e-14,0.000394,1.047339e+00
negctrl,negctrl,115,20261024,typ,hbt_typ,mos_tt,res_typ,27,3.30,10u,PASS,2.496820e+00,7.081423e-01,7.077483e-01,8.540006e-03,9.682206e-14,0.000394,1.047339e+00
negctrl,negctrl,116,20261025,typ,hbt_typ,mos_tt,res_typ,27,3.30,10u,PASS,2.496820e+00,7.081423e-01,7.077483e-01,8.540006e-03,9.682206e-14,0.000394,1.047339e+00
negctrl,negctrl,117,20261026,typ,hbt_typ,mos_tt,res_typ,27,3.30,10u,PASS,2.496820e+00,7.081423e-01,7.077483e-01,8.540006e-03,9.682206e-14,0.000394,1.047339e+00
negctrl,negctrl,118,20261027,typ,hbt_typ,mos_tt,res_typ,27,3.30,10u,PASS,2.496820e+00,7.081423e-01,7.077483e-01,8.540006e-03,9.682206e-14,0.000394,1.047339e+00
negctrl,negctrl,119,20261028,typ,hbt_typ,mos_tt,res_typ,27,3.30,10u,PASS,2.496820e+00,7.081423e-01,7.077483e-01,8.540006e-03,9.682206e-14,0.000394,1.047339e+00
negctrl,negctrl,120,20261029,typ,hbt_typ,mos_tt,res_typ,27,3.30,10u,PASS,2.496820e+00,7.081423e-01,7.077483e-01,8.540006e-03,9.682206e-14,0.000394,1.047339e+00
negctrl,negctrl,121,20261030,typ,hbt_typ,mos_tt,res_typ,27,3.30,10u,PASS,2.496820e+00,7.081423e-01,7.077483e-01,8.540006e-03,9.682206e-14,0.000394,1.047339e+00
negctrl,negctrl,122,20261031,typ,hbt_typ,mos_tt,res_typ,27,3.30,10u,PASS,2.496820e+00,7.081423e-01,7.077483e-01,8.540006e-03,9.682206e-14,0.000394,1.047339e+00
negctrl,negctrl,123,20261032,typ,hbt_typ,mos_tt,res_typ,27,3.30,10u,PASS,2.496820e+00,7.081423e-01,7.077483e-01,8.540006e-03,9.682206e-14,0.000394,1.047339e+00
negctrl,negctrl,124,20261033,typ,hbt_typ,mos_tt,res_typ,27,3.30,10u,PASS,2.496820e+00,7.081423e-01,7.077483e-01,8.540006e-03,9.682206e-14,0.000394,1.047339e+00
negctrl,negctrl,125,20261034,typ,hbt_typ,mos_tt,res_typ,27,3.30,10u,PASS,2.496820e+00,7.081423e-01,7.077483e-01,8.540006e-03,9.682206e-14,0.000394,1.047339e+00
negctrl,negctrl,126,20261035,typ,hbt_typ,mos_tt,res_typ,27,3.30,10u,PASS,2.496820e+00,7.081423e-01,7.077483e-01,8.540006e-03,9.682206e-14,0.000394,1.047339e+00
negctrl,negctrl,127,20261036,typ,hbt_typ,mos_tt,res_typ,27,3.30,10u,PASS,2.496820e+00,7.081423e-01,7.077483e-01,8.540006e-03,9.682206e-14,0.000394,1.047339e+00
negctrl,negctrl,128,20261037,typ,hbt_typ,mos_tt,res_typ,27,3.30,10u,PASS,2.496820e+00,7.081423e-01,7.077483e-01,8.540006e-03,9.682206e-14,0.000394,1.047339e+00
negctrl,negctrl,129,20261038,typ,hbt_typ,mos_tt,res_typ,27,3.30,10u,PASS,2.496820e+00,7.081423e-01,7.077483e-01,8.540006e-03,9.682206e-14,0.000394,1.047339e+00
negctrl,negctrl,130,20261039,typ,hbt_typ,mos_tt,res_typ,27,3.30,10u,PASS,2.496820e+00,7.081423e-01,7.077483e-01,8.540006e-03,9.682206e-14,0.000394,1.047339e+00
negctrl,negctrl,131,20261040,typ,hbt_typ,mos_tt,res_typ,27,3.30,10u,PASS,2.496820e+00,7.081423e-01,7.077483e-01,8.540006e-03,9.682206e-14,0.000394,1.047339e+00
negctrl,negctrl,132,20261041,typ,hbt_typ,mos_tt,res_typ,27,3.30,10u,PASS,2.496820e+00,7.081423e-01,7.077483e-01,8.540006e-03,9.682206e-14,0.000394,1.047339e+00
negctrl,negctrl,133,20261042,typ,hbt_typ,mos_tt,res_typ,27,3.30,10u,PASS,2.496820e+00,7.081423e-01,7.077483e-01,8.540006e-03,9.682206e-14,0.000394,1.047339e+00
negctrl,negctrl,134,20261043,typ,hbt_typ,mos_tt,res_typ,27,3.30,10u,PASS,2.496820e+00,7.081423e-01,7.077483e-01,8.540006e-03,9.682206e-14,0.000394,1.047339e+00
negctrl,negctrl,135,20261044,typ,hbt_typ,mos_tt,res_typ,27,3.30,10u,PASS,2.496820e+00,7.081423e-01,7.077483e-01,8.540006e-03,9.682206e-14,0.000394,1.047339e+00
negctrl,negctrl,136,20261045,typ,hbt_typ,mos_tt,res_typ,27,3.30,10u,PASS,2.496820e+00,7.081423e-01,7.077483e-01,8.540006e-03,9.682206e-14,0.000394,1.047339e+00
negctrl,negctrl,137,20261046,typ,hbt_typ,mos_tt,res_typ,27,3.30,10u,PASS,2.496820e+00,7.081423e-01,7.077483e-01,8.540006e-03,9.682206e-14,0.000394,1.047339e+00
negctrl,negctrl,138,20261047,typ,hbt_typ,mos_tt,res_typ,27,3.30,10u,PASS,2.496820e+00,7.081423e-01,7.077483e-01,8.540006e-03,9.682206e-14,0.000394,1.047339e+00
negctrl,negctrl,139,20261048,typ,hbt_typ,mos_tt,res_typ,27,3.30,10u,PASS,2.496820e+00,7.081423e-01,7.077483e-01,8.540006e-03,9.682206e-14,0.000394,1.047339e+00
negctrl,negctrl,140,20261049,typ,hbt_typ,mos_tt,res_typ,27,3.30,10u,PASS,2.496820e+00,7.081423e-01,7.077483e-01,8.540006e-03,9.682206e-14,0.000394,1.047339e+00
negctrl,negctrl,141,20261050,typ,hbt_typ,mos_tt,res_typ,27,3.30,10u,PASS,2.496820e+00,7.081423e-01,7.077483e-01,8.540006e-03,9.682206e-14,0.000394,1.047339e+00
negctrl,negctrl,142,20261051,typ,hbt_typ,mos_tt,res_typ,27,3.30,10u,PASS,2.496820e+00,7.081423e-01,7.077483e-01,8.540006e-03,9.682206e-14,0.000394,1.047339e+00
negctrl,negctrl,143,20261052,typ,hbt_typ,mos_tt,res_typ,27,3.30,10u,PASS,2.496820e+00,7.081423e-01,7.077483e-01,8.540006e-03,9.682206e-14,0.000394,1.047339e+00
negctrl,negctrl,144,20261053,typ,hbt_typ,mos_tt,res_typ,27,3.30,10u,PASS,2.496820e+00,7.081423e-01,7.077483e-01,8.540006e-03,9.682206e-14,0.000394,1.047339e+00
negctrl,negctrl,145,20261054,typ,hbt_typ,mos_tt,res_typ,27,3.30,10u,PASS,2.496820e+00,7.081423e-01,7.077483e-01,8.540006e-03,9.682206e-14,0.000394,1.047339e+00
negctrl,negctrl,146,20261055,typ,hbt_typ,mos_tt,res_typ,27,3.30,10u,PASS,2.496820e+00,7.081423e-01,7.077483e-01,8.540006e-03,9.682206e-14,0.000394,1.047339e+00
negctrl,negctrl,147,20261056,typ,hbt_typ,mos_tt,res_typ,27,3.30,10u,PASS,2.496820e+00,7.081423e-01,7.077483e-01,8.540006e-03,9.682206e-14,0.000394,1.047339e+00
negctrl,negctrl,148,20261057,typ,hbt_typ,mos_tt,res_typ,27,3.30,10u,PASS,2.496820e+00,7.081423e-01,7.077483e-01,8.540006e-03,9.682206e-14,0.000394,1.047339e+00
negctrl,negctrl,149,20261058,typ,hbt_typ,mos_tt,res_typ,27,3.30,10u,PASS,2.496820e+00,7.081423e-01,7.077483e-01,8.540006e-03,9.682206e-14,0.000394,1.047339e+00
negctrl,negctrl,150,20261059,typ,hbt_typ,mos_tt,res_typ,27,3.30,10u,PASS,2.496820e+00,7.081423e-01,7.077483e-01,8.540006e-03,9.682206e-14,0.000394,1.047339e+00
negctrl,negctrl,151,20261060,typ,hbt_typ,mos_tt,res_typ,27,3.30,10u,PASS,2.496820e+00,7.081423e-01,7.077483e-01,8.540006e-03,9.682206e-14,0.000394,1.047339e+00
negctrl,negctrl,152,20261061,typ,hbt_typ,mos_tt,res_typ,27,3.30,10u,PASS,2.496820e+00,7.081423e-01,7.077483e-01,8.540006e-03,9.682206e-14,0.000394,1.047339e+00
negctrl,negctrl,153,20261062,typ,hbt_typ,mos_tt,res_typ,27,3.30,10u,PASS,2.496820e+00,7.081423e-01,7.077483e-01,8.540006e-03,9.682206e-14,0.000394,1.047339e+00
negctrl,negctrl,154,20261063,typ,hbt_typ,mos_tt,res_typ,27,3.30,10u,PASS,2.496820e+00,7.081423e-01,7.077483e-01,8.540006e-03,9.682206e-14,0.000394,1.047339e+00
negctrl,negctrl,155,20261064,typ,hbt_typ,mos_tt,res_typ,27,3.30,10u,PASS,2.496820e+00,7.081423e-01,7.077483e-01,8.540006e-03,9.682206e-14,0.000394,1.047339e+00
negctrl,negctrl,156,20261065,typ,hbt_typ,mos_tt,res_typ,27,3.30,10u,PASS,2.496820e+00,7.081423e-01,7.077483e-01,8.540006e-03,9.682206e-14,0.000394,1.047339e+00
negctrl,negctrl,157,20261066,typ,hbt_typ,mos_tt,res_typ,27,3.30,10u,PASS,2.496820e+00,7.081423e-01,7.077483e-01,8.540006e-03,9.682206e-14,0.000394,1.047339e+00
negctrl,negctrl,158,20261067,typ,hbt_typ,mos_tt,res_typ,27,3.30,10u,PASS,2.496820e+00,7.081423e-01,7.077483e-01,8.540006e-03,9.682206e-14,0.000394,1.047339e+00
negctrl,negctrl,159,20261068,typ,hbt_typ,mos_tt,res_typ,27,3.30,10u,PASS,2.496820e+00,7.081423e-01,7.077483e-01,8.540006e-03,9.682206e-14,0.000394,1.047339e+00
negctrl,negctrl,160,20261069,typ,hbt_typ,mos_tt,res_typ,27,3.30,10u,PASS,2.496820e+00,7.081423e-01,7.077483e-01,8.540006e-03,9.682206e-14,0.000394,1.047339e+00
negctrl,negctrl,161,20261070,typ,hbt_typ,mos_tt,res_typ,27,3.30,10u,PASS,2.496820e+00,7.081423e-01,7.077483e-01,8.540006e-03,9.682206e-14,0.000394,1.047339e+00
negctrl,negctrl,162,20261071,typ,hbt_typ,mos_tt,res_typ,27,3.30,10u,PASS,2.496820e+00,7.081423e-01,7.077483e-01,8.540006e-03,9.682206e-14,0.000394,1.047339e+00
negctrl,negctrl,163,20261072,typ,hbt_typ,mos_tt,res_typ,27,3.30,10u,PASS,2.496820e+00,7.081423e-01,7.077483e-01,8.540006e-03,9.682206e-14,0.000394,1.047339e+00
negctrl,negctrl,164,20261073,typ,hbt_typ,mos_tt,res_typ,27,3.30,10u,PASS,2.496820e+00,7.081423e-01,7.077483e-01,8.540006e-03,9.682206e-14,0.000394,1.047339e+00
negctrl,negctrl,165,20261074,typ,hbt_typ,mos_tt,res_typ,27,3.30,10u,PASS,2.496820e+00,7.081423e-01,7.077483e-01,8.540006e-03,9.682206e-14,0.000394,1.047339e+00
negctrl,negctrl,166,20261075,typ,hbt_typ,mos_tt,res_typ,27,3.30,10u,PASS,2.496820e+00,7.081423e-01,7.077483e-01,8.540006e-03,9.682206e-14,0.000394,1.047339e+00
negctrl,negctrl,167,20261076,typ,hbt_typ,mos_tt,res_typ,27,3.30,10u,PASS,2.496820e+00,7.081423e-01,7.077483e-01,8.540006e-03,9.682206e-14,0.000394,1.047339e+00
negctrl,negctrl,168,20261077,typ,hbt_typ,mos_tt,res_typ,27,3.30,10u,PASS,2.496820e+00,7.081423e-01,7.077483e-01,8.540006e-03,9.682206e-14,0.000394,1.047339e+00
negctrl,negctrl,169,20261078,typ,hbt_typ,mos_tt,res_typ,27,3.30,10u,PASS,2.496820e+00,7.081423e-01,7.077483e-01,8.540006e-03,9.682206e-14,0.000394,1.047339e+00
negctrl,negctrl,170,20261079,typ,hbt_typ,mos_tt,res_typ,27,3.30,10u,PASS,2.496820e+00,7.081423e-01,7.077483e-01,8.540006e-03,9.682206e-14,0.000394,1.047339e+00
negctrl,negctrl,171,20261080,typ,hbt_typ,mos_tt,res_typ,27,3.30,10u,PASS,2.496820e+00,7.081423e-01,7.077483e-01,8.540006e-03,9.682206e-14,0.000394,1.047339e+00
negctrl,negctrl,172,20261081,typ,hbt_typ,mos_tt,res_typ,27,3.30,10u,PASS,2.496820e+00,7.081423e-01,7.077483e-01,8.540006e-03,9.682206e-14,0.000394,1.047339e+00
negctrl,negctrl,173,20261082,typ,hbt_typ,mos_tt,res_typ,27,3.30,10u,PASS,2.496820e+00,7.081423e-01,7.077483e-01,8.540006e-03,9.682206e-14,0.000394,1.047339e+00
negctrl,negctrl,174,20261083,typ,hbt_typ,mos_tt,res_typ,27,3.30,10u,PASS,2.496820e+00,7.081423e-01,7.077483e-01,8.540006e-03,9.682206e-14,0.000394,1.047339e+00
negctrl,negctrl,175,20261084,typ,hbt_typ,mos_tt,res_typ,27,3.30,10u,PASS,2.496820e+00,7.081423e-01,7.077483e-01,8.540006e-03,9.682206e-14,0.000394,1.047339e+00
negctrl,negctrl,176,20261085,typ,hbt_typ,mos_tt,res_typ,27,3.30,10u,PASS,2.496820e+00,7.081423e-01,7.077483e-01,8.540006e-03,9.682206e-14,0.000394,1.047339e+00
negctrl,negctrl,177,20261086,typ,hbt_typ,mos_tt,res_typ,27,3.30,10u,PASS,2.496820e+00,7.081423e-01,7.077483e-01,8.540006e-03,9.682206e-14,0.000394,1.047339e+00
negctrl,negctrl,178,20261087,typ,hbt_typ,mos_tt,res_typ,27,3.30,10u,PASS,2.496820e+00,7.081423e-01,7.077483e-01,8.540006e-03,9.682206e-14,0.000394,1.047339e+00
negctrl,negctrl,179,20261088,typ,hbt_typ,mos_tt,res_typ,27,3.30,10u,PASS,2.496820e+00,7.081423e-01,7.077483e-01,8.540006e-03,9.682206e-14,0.000394,1.047339e+00
negctrl,negctrl,180,20261089,typ,hbt_typ,mos_tt,res_typ,27,3.30,10u,PASS,2.496820e+00,7.081423e-01,7.077483e-01,8.540006e-03,9.682206e-14,0.000394,1.047339e+00
negctrl,negctrl,181,20261090,typ,hbt_typ,mos_tt,res_typ,27,3.30,10u,PASS,2.496820e+00,7.081423e-01,7.077483e-01,8.540006e-03,9.682206e-14,0.000394,1.047339e+00
negctrl,negctrl,182,20261091,typ,hbt_typ,mos_tt,res_typ,27,3.30,10u,PASS,2.496820e+00,7.081423e-01,7.077483e-01,8.540006e-03,9.682206e-14,0.000394,1.047339e+00
negctrl,negctrl,183,20261092,typ,hbt_typ,mos_tt,res_typ,27,3.30,10u,PASS,2.496820e+00,7.081423e-01,7.077483e-01,8.540006e-03,9.682206e-14,0.000394,1.047339e+00
negctrl,negctrl,184,20261093,typ,hbt_typ,mos_tt,res_typ,27,3.30,10u,PASS,2.496820e+00,7.081423e-01,7.077483e-01,8.540006e-03,9.682206e-14,0.000394,1.047339e+00
negctrl,negctrl,185,20261094,typ,hbt_typ,mos_tt,res_typ,27,3.30,10u,PASS,2.496820e+00,7.081423e-01,7.077483e-01,8.540006e-03,9.682206e-14,0.000394,1.047339e+00
negctrl,negctrl,186,20261095,typ,hbt_typ,mos_tt,res_typ,27,3.30,10u,PASS,2.496820e+00,7.081423e-01,7.077483e-01,8.540006e-03,9.682206e-14,0.000394,1.047339e+00
negctrl,negctrl,187,20261096,typ,hbt_typ,mos_tt,res_typ,27,3.30,10u,PASS,2.496820e+00,7.081423e-01,7.077483e-01,8.540006e-03,9.682206e-14,0.000394,1.047339e+00
negctrl,negctrl,188,20261097,typ,hbt_typ,mos_tt,res_typ,27,3.30,10u,PASS,2.496820e+00,7.081423e-01,7.077483e-01,8.540006e-03,9.682206e-14,0.000394,1.047339e+00
negctrl,negctrl,189,20261098,typ,hbt_typ,mos_tt,res_typ,27,3.30,10u,PASS,2.496820e+00,7.081423e-01,7.077483e-01,8.540006e-03,9.682206e-14,0.000394,1.047339e+00
negctrl,negctrl,190,20261099,typ,hbt_typ,mos_tt,res_typ,27,3.30,10u,PASS,2.496820e+00,7.081423e-01,7.077483e-01,8.540006e-03,9.682206e-14,0.000394,1.047339e+00
negctrl,negctrl,191,20261100,typ,hbt_typ,mos_tt,res_typ,27,3.30,10u,PASS,2.496820e+00,7.081423e-01,7.077483e-01,8.540006e-03,9.682206e-14,0.000394,1.047339e+00
negctrl,negctrl,192,20261101,typ,hbt_typ,mos_tt,res_typ,27,3.30,10u,PASS,2.496820e+00,7.081423e-01,7.077483e-01,8.540006e-03,9.682206e-14,0.000394,1.047339e+00
negctrl,negctrl,193,20261102,typ,hbt_typ,mos_tt,res_typ,27,3.30,10u,PASS,2.496820e+00,7.081423e-01,7.077483e-01,8.540006e-03,9.682206e-14,0.000394,1.047339e+00
negctrl,negctrl,194,20261103,typ,hbt_typ,mos_tt,res_typ,27,3.30,10u,PASS,2.496820e+00,7.081423e-01,7.077483e-01,8.540006e-03,9.682206e-14,0.000394,1.047339e+00
negctrl,negctrl,195,20261104,typ,hbt_typ,mos_tt,res_typ,27,3.30,10u,PASS,2.496820e+00,7.081423e-01,7.077483e-01,8.540006e-03,9.682206e-14,0.000394,1.047339e+00
negctrl,negctrl,196,20261105,typ,hbt_typ,mos_tt,res_typ,27,3.30,10u,PASS,2.496820e+00,7.081423e-01,7.077483e-01,8.540006e-03,9.682206e-14,0.000394,1.047339e+00
negctrl,negctrl,197,20261106,typ,hbt_typ,mos_tt,res_typ,27,3.30,10u,PASS,2.496820e+00,7.081423e-01,7.077483e-01,8.540006e-03,9.682206e-14,0.000394,1.047339e+00
negctrl,negctrl,198,20261107,typ,hbt_typ,mos_tt,res_typ,27,3.30,10u,PASS,2.496820e+00,7.081423e-01,7.077483e-01,8.540006e-03,9.682206e-14,0.000394,1.047339e+00
negctrl,negctrl,199,20261108,typ,hbt_typ,mos_tt,res_typ,27,3.30,10u,PASS,2.496820e+00,7.081423e-01,7.077483e-01,8.540006e-03,9.682206e-14,0.000394,1.047339e+00
negctrl,negctrl,200,20261109,typ,hbt_typ,mos_tt,res_typ,27,3.30,10u,PASS,2.496820e+00,7.081423e-01,7.077483e-01,8.540006e-03,9.682206e-14,0.000394,1.047339e+00
negctrl,negctrl,201,20261110,typ,hbt_typ,mos_tt,res_typ,27,3.30,10u,PASS,2.496820e+00,7.081423e-01,7.077483e-01,8.540006e-03,9.682206e-14,0.000394,1.047339e+00
negctrl,negctrl,202,20261111,typ,hbt_typ,mos_tt,res_typ,27,3.30,10u,PASS,2.496820e+00,7.081423e-01,7.077483e-01,8.540006e-03,9.682206e-14,0.000394,1.047339e+00
negctrl,negctrl,203,20261112,typ,hbt_typ,mos_tt,res_typ,27,3.30,10u,PASS,2.496820e+00,7.081423e-01,7.077483e-01,8.540006e-03,9.682206e-14,0.000394,1.047339e+00
negctrl,negctrl,204,20261113,typ,hbt_typ,mos_tt,res_typ,27,3.30,10u,PASS,2.496820e+00,7.081423e-01,7.077483e-01,8.540006e-03,9.682206e-14,0.000394,1.047339e+00
negctrl,negctrl,205,20261114,typ,hbt_typ,mos_tt,res_typ,27,3.30,10u,PASS,2.496820e+00,7.081423e-01,7.077483e-01,8.540006e-03,9.682206e-14,0.000394,1.047339e+00
negctrl,negctrl,206,20261115,typ,hbt_typ,mos_tt,res_typ,27,3.30,10u,PASS,2.496820e+00,7.081423e-01,7.077483e-01,8.540006e-03,9.682206e-14,0.000394,1.047339e+00
negctrl,negctrl,207,20261116,typ,hbt_typ,mos_tt,res_typ,27,3.30,10u,PASS,2.496820e+00,7.081423e-01,7.077483e-01,8.540006e-03,9.682206e-14,0.000394,1.047339e+00
negctrl,negctrl,208,20261117,typ,hbt_typ,mos_tt,res_typ,27,3.30,10u,PASS,2.496820e+00,7.081423e-01,7.077483e-01,8.540006e-03,9.682206e-14,0.000394,1.047339e+00
negctrl,negctrl,209,20261118,typ,hbt_typ,mos_tt,res_typ,27,3.30,10u,PASS,2.496820e+00,7.081423e-01,7.077483e-01,8.540006e-03,9.682206e-14,0.000394,1.047339e+00
negctrl,negctrl,210,20261119,typ,hbt_typ,mos_tt,res_typ,27,3.30,10u,PASS,2.496820e+00,7.081423e-01,7.077483e-01,8.540006e-03,9.682206e-14,0.000394,1.047339e+00
negctrl,negctrl,211,20261120,typ,hbt_typ,mos_tt,res_typ,27,3.30,10u,PASS,2.496820e+00,7.081423e-01,7.077483e-01,8.540006e-03,9.682206e-14,0.000394,1.047339e+00
negctrl,negctrl,212,20261121,typ,hbt_typ,mos_tt,res_typ,27,3.30,10u,PASS,2.496820e+00,7.081423e-01,7.077483e-01,8.540006e-03,9.682206e-14,0.000394,1.047339e+00
negctrl,negctrl,213,20261122,typ,hbt_typ,mos_tt,res_typ,27,3.30,10u,PASS,2.496820e+00,7.081423e-01,7.077483e-01,8.540006e-03,9.682206e-14,0.000394,1.047339e+00
negctrl,negctrl,214,20261123,typ,hbt_typ,mos_tt,res_typ,27,3.30,10u,PASS,2.496820e+00,7.081423e-01,7.077483e-01,8.540006e-03,9.682206e-14,0.000394,1.047339e+00
negctrl,negctrl,215,20261124,typ,hbt_typ,mos_tt,res_typ,27,3.30,10u,PASS,2.496820e+00,7.081423e-01,7.077483e-01,8.540006e-03,9.682206e-14,0.000394,1.047339e+00
negctrl,negctrl,216,20261125,typ,hbt_typ,mos_tt,res_typ,27,3.30,10u,PASS,2.496820e+00,7.081423e-01,7.077483e-01,8.540006e-03,9.682206e-14,0.000394,1.047339e+00
negctrl,negctrl,217,20261126,typ,hbt_typ,mos_tt,res_typ,27,3.30,10u,PASS,2.496820e+00,7.081423e-01,7.077483e-01,8.540006e-03,9.682206e-14,0.000394,1.047339e+00
negctrl,negctrl,218,20261127,typ,hbt_typ,mos_tt,res_typ,27,3.30,10u,PASS,2.496820e+00,7.081423e-01,7.077483e-01,8.540006e-03,9.682206e-14,0.000394,1.047339e+00
negctrl,negctrl,219,20261128,typ,hbt_typ,mos_tt,res_typ,27,3.30,10u,PASS,2.496820e+00,7.081423e-01,7.077483e-01,8.540006e-03,9.682206e-14,0.000394,1.047339e+00
negctrl,negctrl,220,20261129,typ,hbt_typ,mos_tt,res_typ,27,3.30,10u,PASS,2.496820e+00,7.081423e-01,7.077483e-01,8.540006e-03,9.682206e-14,0.000394,1.047339e+00
negctrl,negctrl,221,20261130,typ,hbt_typ,mos_tt,res_typ,27,3.30,10u,PASS,2.496820e+00,7.081423e-01,7.077483e-01,8.540006e-03,9.682206e-14,0.000394,1.047339e+00
negctrl,negctrl,222,20261131,typ,hbt_typ,mos_tt,res_typ,27,3.30,10u,PASS,2.496820e+00,7.081423e-01,7.077483e-01,8.540006e-03,9.682206e-14,0.000394,1.047339e+00
negctrl,negctrl,223,20261132,typ,hbt_typ,mos_tt,res_typ,27,3.30,10u,PASS,2.496820e+00,7.081423e-01,7.077483e-01,8.540006e-03,9.682206e-14,0.000394,1.047339e+00
negctrl,negctrl,224,20261133,typ,hbt_typ,mos_tt,res_typ,27,3.30,10u,PASS,2.496820e+00,7.081423e-01,7.077483e-01,8.540006e-03,9.682206e-14,0.000394,1.047339e+00
negctrl,negctrl,225,20261134,typ,hbt_typ,mos_tt,res_typ,27,3.30,10u,PASS,2.496820e+00,7.081423e-01,7.077483e-01,8.540006e-03,9.682206e-14,0.000394,1.047339e+00
negctrl,negctrl,226,20261135,typ,hbt_typ,mos_tt,res_typ,27,3.30,10u,PASS,2.496820e+00,7.081423e-01,7.077483e-01,8.540006e-03,9.682206e-14,0.000394,1.047339e+00
negctrl,negctrl,227,20261136,typ,hbt_typ,mos_tt,res_typ,27,3.30,10u,PASS,2.496820e+00,7.081423e-01,7.077483e-01,8.540006e-03,9.682206e-14,0.000394,1.047339e+00
negctrl,negctrl,228,20261137,typ,hbt_typ,mos_tt,res_typ,27,3.30,10u,PASS,2.496820e+00,7.081423e-01,7.077483e-01,8.540006e-03,9.682206e-14,0.000394,1.047339e+00
negctrl,negctrl,229,20261138,typ,hbt_typ,mos_tt,res_typ,27,3.30,10u,PASS,2.496820e+00,7.081423e-01,7.077483e-01,8.540006e-03,9.682206e-14,0.000394,1.047339e+00
negctrl,negctrl,230,20261139,typ,hbt_typ,mos_tt,res_typ,27,3.30,10u,PASS,2.496820e+00,7.081423e-01,7.077483e-01,8.540006e-03,9.682206e-14,0.000394,1.047339e+00
negctrl,negctrl,231,20261140,typ,hbt_typ,mos_tt,res_typ,27,3.30,10u,PASS,2.496820e+00,7.081423e-01,7.077483e-01,8.540006e-03,9.682206e-14,0.000394,1.047339e+00
negctrl,negctrl,232,20261141,typ,hbt_typ,mos_tt,res_typ,27,3.30,10u,PASS,2.496820e+00,7.081423e-01,7.077483e-01,8.540006e-03,9.682206e-14,0.000394,1.047339e+00
negctrl,negctrl,233,20261142,typ,hbt_typ,mos_tt,res_typ,27,3.30,10u,PASS,2.496820e+00,7.081423e-01,7.077483e-01,8.540006e-03,9.682206e-14,0.000394,1.047339e+00
negctrl,negctrl,234,20261143,typ,hbt_typ,mos_tt,res_typ,27,3.30,10u,PASS,2.496820e+00,7.081423e-01,7.077483e-01,8.540006e-03,9.682206e-14,0.000394,1.047339e+00
negctrl,negctrl,235,20261144,typ,hbt_typ,mos_tt,res_typ,27,3.30,10u,PASS,2.496820e+00,7.081423e-01,7.077483e-01,8.540006e-03,9.682206e-14,0.000394,1.047339e+00
negctrl,negctrl,236,20261145,typ,hbt_typ,mos_tt,res_typ,27,3.30,10u,PASS,2.496820e+00,7.081423e-01,7.077483e-01,8.540006e-03,9.682206e-14,0.000394,1.047339e+00
negctrl,negctrl,237,20261146,typ,hbt_typ,mos_tt,res_typ,27,3.30,10u,PASS,2.496820e+00,7.081423e-01,7.077483e-01,8.540006e-03,9.682206e-14,0.000394,1.047339e+00
negctrl,negctrl,238,20261147,typ,hbt_typ,mos_tt,res_typ,27,3.30,10u,PASS,2.496820e+00,7.081423e-01,7.077483e-01,8.540006e-03,9.682206e-14,0.000394,1.047339e+00
negctrl,negctrl,239,20261148,typ,hbt_typ,mos_tt,res_typ,27,3.30,10u,PASS,2.496820e+00,7.081423e-01,7.077483e-01,8.540006e-03,9.682206e-14,0.000394,1.047339e+00
negctrl,negctrl,240,20261149,typ,hbt_typ,mos_tt,res_typ,27,3.30,10u,PASS,2.496820e+00,7.081423e-01,7.077483e-01,8.540006e-03,9.682206e-14,0.000394,1.047339e+00
negctrl,negctrl,241,20261150,typ,hbt_typ,mos_tt,res_typ,27,3.30,10u,PASS,2.496820e+00,7.081423e-01,7.077483e-01,8.540006e-03,9.682206e-14,0.000394,1.047339e+00
negctrl,negctrl,242,20261151,typ,hbt_typ,mos_tt,res_typ,27,3.30,10u,PASS,2.496820e+00,7.081423e-01,7.077483e-01,8.540006e-03,9.682206e-14,0.000394,1.047339e+00
negctrl,negctrl,243,20261152,typ,hbt_typ,mos_tt,res_typ,27,3.30,10u,PASS,2.496820e+00,7.081423e-01,7.077483e-01,8.540006e-03,9.682206e-14,0.000394,1.047339e+00
negctrl,negctrl,244,20261153,typ,hbt_typ,mos_tt,res_typ,27,3.30,10u,PASS,2.496820e+00,7.081423e-01,7.077483e-01,8.540006e-03,9.682206e-14,0.000394,1.047339e+00
negctrl,negctrl,245,20261154,typ,hbt_typ,mos_tt,res_typ,27,3.30,10u,PASS,2.496820e+00,7.081423e-01,7.077483e-01,8.540006e-03,9.682206e-14,0.000394,1.047339e+00
negctrl,negctrl,246,20261155,typ,hbt_typ,mos_tt,res_typ,27,3.30,10u,PASS,2.496820e+00,7.081423e-01,7.077483e-01,8.540006e-03,9.682206e-14,0.000394,1.047339e+00
negctrl,negctrl,247,20261156,typ,hbt_typ,mos_tt,res_typ,27,3.30,10u,PASS,2.496820e+00,7.081423e-01,7.077483e-01,8.540006e-03,9.682206e-14,0.000394,1.047339e+00
negctrl,negctrl,248,20261157,typ,hbt_typ,mos_tt,res_typ,27,3.30,10u,PASS,2.496820e+00,7.081423e-01,7.077483e-01,8.540006e-03,9.682206e-14,0.000394,1.047339e+00
negctrl,negctrl,249,20261158,typ,hbt_typ,mos_tt,res_typ,27,3.30,10u,PASS,2.496820e+00,7.081423e-01,7.077483e-01,8.540006e-03,9.682206e-14,0.000394,1.047339e+00
negctrl,negctrl,250,20261159,typ,hbt_typ,mos_tt,res_typ,27,3.30,10u,PASS,2.496820e+00,7.081423e-01,7.077483e-01,8.540006e-03,9.682206e-14,0.000394,1.047339e+00
negctrl,negctrl,251,20261160,typ,hbt_typ,mos_tt,res_typ,27,3.30,10u,PASS,2.496820e+00,7.081423e-01,7.077483e-01,8.540006e-03,9.682206e-14,0.000394,1.047339e+00
negctrl,negctrl,252,20261161,typ,hbt_typ,mos_tt,res_typ,27,3.30,10u,PASS,2.496820e+00,7.081423e-01,7.077483e-01,8.540006e-03,9.682206e-14,0.000394,1.047339e+00
negctrl,negctrl,253,20261162,typ,hbt_typ,mos_tt,res_typ,27,3.30,10u,PASS,2.496820e+00,7.081423e-01,7.077483e-01,8.540006e-03,9.682206e-14,0.000394,1.047339e+00
negctrl,negctrl,254,20261163,typ,hbt_typ,mos_tt,res_typ,27,3.30,10u,PASS,2.496820e+00,7.081423e-01,7.077483e-01,8.540006e-03,9.682206e-14,0.000394,1.047339e+00
negctrl,negctrl,255,20261164,typ,hbt_typ,mos_tt,res_typ,27,3.30,10u,PASS,2.496820e+00,7.081423e-01,7.077483e-01,8.540006e-03,9.682206e-14,0.000394,1.047339e+00
negctrl,negctrl,256,20261165,typ,hbt_typ,mos_tt,res_typ,27,3.30,10u,PASS,2.496820e+00,7.081423e-01,7.077483e-01,8.540006e-03,9.682206e-14,0.000394,1.047339e+00
negctrl,negctrl,257,20261166,typ,hbt_typ,mos_tt,res_typ,27,3.30,10u,PASS,2.496820e+00,7.081423e-01,7.077483e-01,8.540006e-03,9.682206e-14,0.000394,1.047339e+00
negctrl,negctrl,258,20261167,typ,hbt_typ,mos_tt,res_typ,27,3.30,10u,PASS,2.496820e+00,7.081423e-01,7.077483e-01,8.540006e-03,9.682206e-14,0.000394,1.047339e+00
negctrl,negctrl,259,20261168,typ,hbt_typ,mos_tt,res_typ,27,3.30,10u,PASS,2.496820e+00,7.081423e-01,7.077483e-01,8.540006e-03,9.682206e-14,0.000394,1.047339e+00
negctrl,negctrl,260,20261169,typ,hbt_typ,mos_tt,res_typ,27,3.30,10u,PASS,2.496820e+00,7.081423e-01,7.077483e-01,8.540006e-03,9.682206e-14,0.000394,1.047339e+00
negctrl,negctrl,261,20261170,typ,hbt_typ,mos_tt,res_typ,27,3.30,10u,PASS,2.496820e+00,7.081423e-01,7.077483e-01,8.540006e-03,9.682206e-14,0.000394,1.047339e+00
negctrl,negctrl,262,20261171,typ,hbt_typ,mos_tt,res_typ,27,3.30,10u,PASS,2.496820e+00,7.081423e-01,7.077483e-01,8.540006e-03,9.682206e-14,0.000394,1.047339e+00
negctrl,negctrl,263,20261172,typ,hbt_typ,mos_tt,res_typ,27,3.30,10u,PASS,2.496820e+00,7.081423e-01,7.077483e-01,8.540006e-03,9.682206e-14,0.000394,1.047339e+00
negctrl,negctrl,264,20261173,typ,hbt_typ,mos_tt,res_typ,27,3.30,10u,PASS,2.496820e+00,7.081423e-01,7.077483e-01,8.540006e-03,9.682206e-14,0.000394,1.047339e+00
negctrl,negctrl,265,20261174,typ,hbt_typ,mos_tt,res_typ,27,3.30,10u,PASS,2.496820e+00,7.081423e-01,7.077483e-01,8.540006e-03,9.682206e-14,0.000394,1.047339e+00
negctrl,negctrl,266,20261175,typ,hbt_typ,mos_tt,res_typ,27,3.30,10u,PASS,2.496820e+00,7.081423e-01,7.077483e-01,8.540006e-03,9.682206e-14,0.000394,1.047339e+00
negctrl,negctrl,267,20261176,typ,hbt_typ,mos_tt,res_typ,27,3.30,10u,PASS,2.496820e+00,7.081423e-01,7.077483e-01,8.540006e-03,9.682206e-14,0.000394,1.047339e+00
negctrl,negctrl,268,20261177,typ,hbt_typ,mos_tt,res_typ,27,3.30,10u,PASS,2.496820e+00,7.081423e-01,7.077483e-01,8.540006e-03,9.682206e-14,0.000394,1.047339e+00
negctrl,negctrl,269,20261178,typ,hbt_typ,mos_tt,res_typ,27,3.30,10u,PASS,2.496820e+00,7.081423e-01,7.077483e-01,8.540006e-03,9.682206e-14,0.000394,1.047339e+00
negctrl,negctrl,270,20261179,typ,hbt_typ,mos_tt,res_typ,27,3.30,10u,PASS,2.496820e+00,7.081423e-01,7.077483e-01,8.540006e-03,9.682206e-14,0.000394,1.047339e+00
negctrl,negctrl,271,20261180,typ,hbt_typ,mos_tt,res_typ,27,3.30,10u,PASS,2.496820e+00,7.081423e-01,7.077483e-01,8.540006e-03,9.682206e-14,0.000394,1.047339e+00
negctrl,negctrl,272,20261181,typ,hbt_typ,mos_tt,res_typ,27,3.30,10u,PASS,2.496820e+00,7.081423e-01,7.077483e-01,8.540006e-03,9.682206e-14,0.000394,1.047339e+00
negctrl,negctrl,273,20261182,typ,hbt_typ,mos_tt,res_typ,27,3.30,10u,PASS,2.496820e+00,7.081423e-01,7.077483e-01,8.540006e-03,9.682206e-14,0.000394,1.047339e+00
negctrl,negctrl,274,20261183,typ,hbt_typ,mos_tt,res_typ,27,3.30,10u,PASS,2.496820e+00,7.081423e-01,7.077483e-01,8.540006e-03,9.682206e-14,0.000394,1.047339e+00
negctrl,negctrl,275,20261184,typ,hbt_typ,mos_tt,res_typ,27,3.30,10u,PASS,2.496820e+00,7.081423e-01,7.077483e-01,8.540006e-03,9.682206e-14,0.000394,1.047339e+00
negctrl,negctrl,276,20261185,typ,hbt_typ,mos_tt,res_typ,27,3.30,10u,PASS,2.496820e+00,7.081423e-01,7.077483e-01,8.540006e-03,9.682206e-14,0.000394,1.047339e+00
negctrl,negctrl,277,20261186,typ,hbt_typ,mos_tt,res_typ,27,3.30,10u,PASS,2.496820e+00,7.081423e-01,7.077483e-01,8.540006e-03,9.682206e-14,0.000394,1.047339e+00
negctrl,negctrl,278,20261187,typ,hbt_typ,mos_tt,res_typ,27,3.30,10u,PASS,2.496820e+00,7.081423e-01,7.077483e-01,8.540006e-03,9.682206e-14,0.000394,1.047339e+00
negctrl,negctrl,279,20261188,typ,hbt_typ,mos_tt,res_typ,27,3.30,10u,PASS,2.496820e+00,7.081423e-01,7.077483e-01,8.540006e-03,9.682206e-14,0.000394,1.047339e+00
negctrl,negctrl,280,20261189,typ,hbt_typ,mos_tt,res_typ,27,3.30,10u,PASS,2.496820e+00,7.081423e-01,7.077483e-01,8.540006e-03,9.682206e-14,0.000394,1.047339e+00
negctrl,negctrl,281,20261190,typ,hbt_typ,mos_tt,res_typ,27,3.30,10u,PASS,2.496820e+00,7.081423e-01,7.077483e-01,8.540006e-03,9.682206e-14,0.000394,1.047339e+00
negctrl,negctrl,282,20261191,typ,hbt_typ,mos_tt,res_typ,27,3.30,10u,PASS,2.496820e+00,7.081423e-01,7.077483e-01,8.540006e-03,9.682206e-14,0.000394,1.047339e+00
negctrl,negctrl,283,20261192,typ,hbt_typ,mos_tt,res_typ,27,3.30,10u,PASS,2.496820e+00,7.081423e-01,7.077483e-01,8.540006e-03,9.682206e-14,0.000394,1.047339e+00
negctrl,negctrl,284,20261193,typ,hbt_typ,mos_tt,res_typ,27,3.30,10u,PASS,2.496820e+00,7.081423e-01,7.077483e-01,8.540006e-03,9.682206e-14,0.000394,1.047339e+00
negctrl,negctrl,285,20261194,typ,hbt_typ,mos_tt,res_typ,27,3.30,10u,PASS,2.496820e+00,7.081423e-01,7.077483e-01,8.540006e-03,9.682206e-14,0.000394,1.047339e+00
negctrl,negctrl,286,20261195,typ,hbt_typ,mos_tt,res_typ,27,3.30,10u,PASS,2.496820e+00,7.081423e-01,7.077483e-01,8.540006e-03,9.682206e-14,0.000394,1.047339e+00
negctrl,negctrl,287,20261196,typ,hbt_typ,mos_tt,res_typ,27,3.30,10u,PASS,2.496820e+00,7.081423e-01,7.077483e-01,8.540006e-03,9.682206e-14,0.000394,1.047339e+00
negctrl,negctrl,288,20261197,typ,hbt_typ,mos_tt,res_typ,27,3.30,10u,PASS,2.496820e+00,7.081423e-01,7.077483e-01,8.540006e-03,9.682206e-14,0.000394,1.047339e+00
negctrl,negctrl,289,20261198,typ,hbt_typ,mos_tt,res_typ,27,3.30,10u,PASS,2.496820e+00,7.081423e-01,7.077483e-01,8.540006e-03,9.682206e-14,0.000394,1.047339e+00
negctrl,negctrl,290,20261199,typ,hbt_typ,mos_tt,res_typ,27,3.30,10u,PASS,2.496820e+00,7.081423e-01,7.077483e-01,8.540006e-03,9.682206e-14,0.000394,1.047339e+00
negctrl,negctrl,291,20261200,typ,hbt_typ,mos_tt,res_typ,27,3.30,10u,PASS,2.496820e+00,7.081423e-01,7.077483e-01,8.540006e-03,9.682206e-14,0.000394,1.047339e+00
negctrl,negctrl,292,20261201,typ,hbt_typ,mos_tt,res_typ,27,3.30,10u,PASS,2.496820e+00,7.081423e-01,7.077483e-01,8.540006e-03,9.682206e-14,0.000394,1.047339e+00
negctrl,negctrl,293,20261202,typ,hbt_typ,mos_tt,res_typ,27,3.30,10u,PASS,2.496820e+00,7.081423e-01,7.077483e-01,8.540006e-03,9.682206e-14,0.000394,1.047339e+00
negctrl,negctrl,294,20261203,typ,hbt_typ,mos_tt,res_typ,27,3.30,10u,PASS,2.496820e+00,7.081423e-01,7.077483e-01,8.540006e-03,9.682206e-14,0.000394,1.047339e+00
negctrl,negctrl,295,20261204,typ,hbt_typ,mos_tt,res_typ,27,3.30,10u,PASS,2.496820e+00,7.081423e-01,7.077483e-01,8.540006e-03,9.682206e-14,0.000394,1.047339e+00
negctrl,negctrl,296,20261205,typ,hbt_typ,mos_tt,res_typ,27,3.30,10u,PASS,2.496820e+00,7.081423e-01,7.077483e-01,8.540006e-03,9.682206e-14,0.000394,1.047339e+00
negctrl,negctrl,297,20261206,typ,hbt_typ,mos_tt,res_typ,27,3.30,10u,PASS,2.496820e+00,7.081423e-01,7.077483e-01,8.540006e-03,9.682206e-14,0.000394,1.047339e+00
negctrl,negctrl,298,20261207,typ,hbt_typ,mos_tt,res_typ,27,3.30,10u,PASS,2.496820e+00,7.081423e-01,7.077483e-01,8.540006e-03,9.682206e-14,0.000394,1.047339e+00
negctrl,negctrl,299,20261208,typ,hbt_typ,mos_tt,res_typ,27,3.30,10u,PASS,2.496820e+00,7.081423e-01,7.077483e-01,8.540006e-03,9.682206e-14,0.000394,1.047339e+00
bcs_n40,mismatch,0,20260909,bcs,hbt_bcs_mismatch,mos_ff_mismatch,res_bcs_mismatch,-40,3.30,10u,PASS,2.516814e+00,7.846038e-01,7.785301e-01,2.925576e-03,3.895617e-15,0.0060737,1.036655e+00
bcs_n40,mismatch,1,20260910,bcs,hbt_bcs_mismatch,mos_ff_mismatch,res_bcs_mismatch,-40,3.30,10u,PASS,2.518963e+00,7.767040e-01,7.777614e-01,3.048888e-03,4.633376e-15,0.0010574,1.024337e+00
bcs_n40,mismatch,2,20260911,bcs,hbt_bcs_mismatch,mos_ff_mismatch,res_bcs_mismatch,-40,3.30,10u,PASS,2.505675e+00,7.838488e-01,7.885109e-01,2.792885e-03,3.852977e-15,0.0046621,1.079360e+00
bcs_n40,mismatch,3,20260912,bcs,hbt_bcs_mismatch,mos_ff_mismatch,res_bcs_mismatch,-40,3.30,10u,PASS,2.518537e+00,7.813792e-01,7.795153e-01,3.070177e-03,3.775148e-15,0.0018639,1.037074e+00
bcs_n40,mismatch,4,20260913,bcs,hbt_bcs_mismatch,mos_ff_mismatch,res_bcs_mismatch,-40,3.30,10u,PASS,2.518750e+00,7.826805e-01,7.800801e-01,2.909573e-03,3.799639e-15,0.0026004,1.029348e+00
bcs_n40,mismatch,5,20260914,bcs,hbt_bcs_mismatch,mos_ff_mismatch,res_bcs_mismatch,-40,3.30,10u,PASS,2.502197e+00,7.851572e-01,7.928133e-01,2.894676e-03,3.699800e-15,0.0076561,1.085334e+00
bcs_n40,mismatch,6,20260915,bcs,hbt_bcs_mismatch,mos_ff_mismatch,res_bcs_mismatch,-40,3.30,10u,PASS,2.527683e+00,7.794072e-01,7.752228e-01,3.122388e-03,4.098759e-15,0.0041844,1.000715e+00
bcs_n40,mismatch,7,20260916,bcs,hbt_bcs_mismatch,mos_ff_mismatch,res_bcs_mismatch,-40,3.30,10u,PASS,2.517916e+00,7.839099e-01,7.803437e-01,2.927654e-03,4.229646e-15,0.0035662,1.040714e+00
bcs_n40,mismatch,8,20260917,bcs,hbt_bcs_mismatch,mos_ff_mismatch,res_bcs_mismatch,-40,3.30,10u,PASS,2.490941e+00,7.878375e-01,7.998199e-01,2.892676e-03,4.058442e-15,0.0119824,1.137150e+00
bcs_n40,mismatch,9,20260918,bcs,hbt_bcs_mismatch,mos_ff_mismatch,res_bcs_mismatch,-40,3.30,10u,PASS,2.503650e+00,7.848418e-01,7.894220e-01,3.001304e-03,3.575103e-15,0.0045802,1.082540e+00
bcs_n40,mismatch,10,20260919,bcs,hbt_bcs_mismatch,mos_ff_mismatch,res_bcs_mismatch,-40,3.30,10u,PASS,2.516169e+00,7.827147e-01,7.809395e-01,3.177472e-03,3.835662e-15,0.0017752,1.049884e+00
bcs_n40,mismatch,11,20260920,bcs,hbt_bcs_mismatch,mos_ff_mismatch,res_bcs_mismatch,-40,3.30,10u,PASS,2.527581e+00,7.761073e-01,7.771108e-01,3.094248e-03,4.079565e-15,0.0010035,1.006716e+00
bcs_n40,mismatch,12,20260921,bcs,hbt_bcs_mismatch,mos_ff_mismatch,res_bcs_mismatch,-40,3.30,10u,PASS,2.518399e+00,7.813939e-01,7.787891e-01,2.860870e-03,3.746275e-15,0.0026048,1.035058e+00
bcs_n40,mismatch,13,20260922,bcs,hbt_bcs_mismatch,mos_ff_mismatch,res_bcs_mismatch,-40,3.30,10u,PASS,2.533208e+00,7.779908e-01,7.645640e-01,2.995583e-03,4.673211e-15,0.0134268,9.853809e-01
bcs_n40,mismatch,14,20260923,bcs,hbt_bcs_mismatch,mos_ff_mismatch,res_bcs_mismatch,-40,3.30,10u,PASS,2.513372e+00,7.806854e-01,7.854567e-01,2.945580e-03,3.415196e-15,0.0047713,1.038698e+00
bcs_n40,mismatch,15,20260924,bcs,hbt_bcs_mismatch,mos_ff_mismatch,res_bcs_mismatch,-40,3.30,10u,PASS,2.496871e+00,7.891242e-01,7.949238e-01,2.842885e-03,4.432320e-15,0.0057996,1.104146e+00
bcs_n40,mismatch,16,20260925,bcs,hbt_bcs_mismatch,mos_ff_mismatch,res_bcs_mismatch,-40,3.30,10u,PASS,2.519171e+00,7.845063e-01,7.788569e-01,2.956366e-03,4.141998e-15,0.0056494,1.041852e+00
bcs_n40,mismatch,17,20260926,bcs,hbt_bcs_mismatch,mos_ff_mismatch,res_bcs_mismatch,-40,3.30,10u,PASS,2.498971e+00,7.847375e-01,7.918742e-01,2.996421e-03,3.754594e-15,0.0071367,1.105714e+00
bcs_n40,mismatch,18,20260927,bcs,hbt_bcs_mismatch,mos_ff_mismatch,res_bcs_mismatch,-40,3.30,10u,PASS,2.524392e+00,7.775674e-01,7.704971e-01,3.001205e-03,3.947911e-15,0.0070703,1.011131e+00
bcs_n40,mismatch,19,20260928,bcs,hbt_bcs_mismatch,mos_ff_mismatch,res_bcs_mismatch,-40,3.30,10u,PASS,2.514274e+00,7.819653e-01,7.834143e-01,2.846144e-03,3.607919e-15,0.001449,1.052294e+00
bcs_n40,mismatch,20,20260929,bcs,hbt_bcs_mismatch,mos_ff_mismatch,res_bcs_mismatch,-40,3.30,10u,PASS,2.539539e+00,7.708316e-01,7.667863e-01,3.252747e-03,4.184785e-15,0.0040453,9.648434e-01
bcs_n40,mismatch,21,20260930,bcs,hbt_bcs_mismatch,mos_ff_mismatch,res_bcs_mismatch,-40,3.30,10u,PASS,2.527970e+00,7.754282e-01,7.717951e-01,3.327484e-03,4.294101e-15,0.0036331,1.002439e+00
bcs_n40,mismatch,22,20260931,bcs,hbt_bcs_mismatch,mos_ff_mismatch,res_bcs_mismatch,-40,3.30,10u,PASS,2.498364e+00,7.865360e-01,7.938395e-01,2.913671e-03,4.763532e-15,0.0073035,1.108877e+00
bcs_n40,mismatch,23,20260932,bcs,hbt_bcs_mismatch,mos_ff_mismatch,res_bcs_mismatch,-40,3.30,10u,PASS,2.531548e+00,7.774174e-01,7.667553e-01,2.974743e-03,3.907573e-15,0.0106621,9.973378e-01
bcs_n40,mismatch,24,20260933,bcs,hbt_bcs_mismatch,mos_ff_mismatch,res_bcs_mismatch,-40,3.30,10u,PASS,2.521753e+00,7.802793e-01,7.802225e-01,3.061915e-03,4.169141e-15,5.68e-05,1.011761e+00
bcs_n40,mismatch,25,20260934,bcs,hbt_bcs_mismatch,mos_ff_mismatch,res_bcs_mismatch,-40,3.30,10u,PASS,2.528935e+00,7.760642e-01,7.731725e-01,3.146919e-03,4.547717e-15,0.0028917,9.962832e-01
bcs_n40,mismatch,26,20260935,bcs,hbt_bcs_mismatch,mos_ff_mismatch,res_bcs_mismatch,-40,3.30,10u,PASS,2.516704e+00,7.811159e-01,7.832422e-01,2.994726e-03,4.191284e-15,0.0021263,1.037804e+00
bcs_n40,mismatch,27,20260936,bcs,hbt_bcs_mismatch,mos_ff_mismatch,res_bcs_mismatch,-40,3.30,10u,PASS,2.521646e+00,7.784065e-01,7.783039e-01,3.064644e-03,3.717178e-15,0.0001026,1.026345e+00
bcs_n40,mismatch,28,20260937,bcs,hbt_bcs_mismatch,mos_ff_mismatch,res_bcs_mismatch,-40,3.30,10u,PASS,2.499872e+00,7.831084e-01,7.950775e-01,2.926451e-03,4.517420e-15,0.0119691,1.091638e+00
bcs_n40,mismatch,29,20260938,bcs,hbt_bcs_mismatch,mos_ff_mismatch,res_bcs_mismatch,-40,3.30,10u,PASS,2.503638e+00,7.862054e-01,7.936926e-01,3.102850e-03,3.617600e-15,0.0074872,1.084131e+00
bcs_n40,mismatch,30,20260939,bcs,hbt_bcs_mismatch,mos_ff_mismatch,res_bcs_mismatch,-40,3.30,10u,PASS,2.519211e+00,7.811067e-01,7.778542e-01,2.974415e-03,3.953769e-15,0.0032525,1.032701e+00
bcs_n40,mismatch,31,20260940,bcs,hbt_bcs_mismatch,mos_ff_mismatch,res_bcs_mismatch,-40,3.30,10u,PASS,2.513039e+00,7.835287e-01,7.827797e-01,2.972656e-03,3.567547e-15,0.000749,1.045151e+00
bcs_n40,mismatch,32,20260941,bcs,hbt_bcs_mismatch,mos_ff_mismatch,res_bcs_mismatch,-40,3.30,10u,PASS,2.515334e+00,7.797970e-01,7.879660e-01,2.991181e-03,4.374385e-15,0.008169,1.050629e+00
bcs_n40,mismatch,33,20260942,bcs,hbt_bcs_mismatch,mos_ff_mismatch,res_bcs_mismatch,-40,3.30,10u,PASS,2.498489e+00,7.887448e-01,7.895322e-01,2.837965e-03,3.999131e-15,0.0007874,1.101476e+00
bcs_n40,mismatch,34,20260943,bcs,hbt_bcs_mismatch,mos_ff_mismatch,res_bcs_mismatch,-40,3.30,10u,PASS,2.522355e+00,7.816894e-01,7.796324e-01,3.062041e-03,4.002899e-15,0.002057,1.023849e+00
bcs_n40,mismatch,35,20260944,bcs,hbt_bcs_mismatch,mos_ff_mismatch,res_bcs_mismatch,-40,3.30,10u,PASS,2.503781e+00,7.820060e-01,7.865882e-01,3.086096e-03,4.098076e-15,0.0045822,1.079123e+00
bcs_n40,mismatch,36,20260945,bcs,hbt_bcs_mismatch,mos_ff_mismatch,res_bcs_mismatch,-40,3.30,10u,PASS,2.525197e+00,7.777879e-01,7.754377e-01,3.049168e-03,4.215824e-15,0.0023502,1.012199e+00
bcs_n40,mismatch,37,20260946,bcs,hbt_bcs_mismatch,mos_ff_mismatch,res_bcs_mismatch,-40,3.30,10u,PASS,2.515214e+00,7.785689e-01,7.811669e-01,3.092276e-03,4.190203e-15,0.002598,1.044865e+00
bcs_n40,mismatch,38,20260947,bcs,hbt_bcs_mismatch,mos_ff_mismatch,res_bcs_mismatch,-40,3.30,10u,PASS,2.500137e+00,7.841958e-01,7.905849e-01,3.022634e-03,3.757177e-15,0.0063891,1.086622e+00
bcs_n40,mismatch,39,20260948,bcs,hbt_bcs_mismatch,mos_ff_mismatch,res_bcs_mismatch,-40,3.30,10u,PASS,2.525237e+00,7.788182e-01,7.816758e-01,3.072893e-03,4.244019e-15,0.0028576,1.005473e+00
bcs_n40,mismatch,40,20260949,bcs,hbt_bcs_mismatch,mos_ff_mismatch,res_bcs_mismatch,-40,3.30,10u,PASS,2.536677e+00,7.746843e-01,7.677704e-01,3.066520e-03,3.966423e-15,0.0069139,9.904630e-01
bcs_n40,mismatch,41,20260950,bcs,hbt_bcs_mismatch,mos_ff_mismatch,res_bcs_mismatch,-40,3.30,10u,PASS,2.506573e+00,7.850415e-01,7.878600e-01,2.888534e-03,4.710246e-15,0.0028185,1.068400e+00
bcs_n40,mismatch,42,20260951,bcs,hbt_bcs_mismatch,mos_ff_mismatch,res_bcs_mismatch,-40,3.30,10u,PASS,2.553158e+00,7.684002e-01,7.593427e-01,3.296558e-03,4.552136e-15,0.0090575,9.266689e-01
bcs_n40,mismatch,43,20260952,bcs,hbt_bcs_mismatch,mos_ff_mismatch,res_bcs_mismatch,-40,3.30,10u,PASS,2.529372e+00,7.772396e-01,7.734405e-01,3.010538e-03,4.218051e-15,0.0037991,9.951539e-01
bcs_n40,mismatch,44,20260953,bcs,hbt_bcs_mismatch,mos_ff_mismatch,res_bcs_mismatch,-40,3.30,10u,PASS,2.496146e+00,7.852672e-01,7.948647e-01,2.775798e-03,3.856500e-15,0.0095975,1.103511e+00
bcs_n40,mismatch,45,20260954,bcs,hbt_bcs_mismatch,mos_ff_mismatch,res_bcs_mismatch,-40,3.30,10u,PASS,2.528615e+00,7.790848e-01,7.744900e-01,3.043179e-03,3.709459e-15,0.0045948,9.993705e-01
bcs_n40,mismatch,46,20260955,bcs,hbt_bcs_mismatch,mos_ff_mismatch,res_bcs_mismatch,-40,3.30,10u,PASS,2.509992e+00,7.820588e-01,7.841458e-01,2.901190e-03,4.426619e-15,0.002087,1.065736e+00
bcs_n40,mismatch,47,20260956,bcs,hbt_bcs_mismatch,mos_ff_mismatch,res_bcs_mismatch,-40,3.30,10u,PASS,2.504093e+00,7.829230e-01,7.859030e-01,2.847952e-03,4.091402e-15,0.00298,1.076918e+00
bcs_n40,mismatch,48,20260957,bcs,hbt_bcs_mismatch,mos_ff_mismatch,res_bcs_mismatch,-40,3.30,10u,PASS,2.534774e+00,7.758779e-01,7.673221e-01,2.954350e-03,4.538515e-15,0.0085558,9.850898e-01
bcs_n40,mismatch,49,20260958,bcs,hbt_bcs_mismatch,mos_ff_mismatch,res_bcs_mismatch,-40,3.30,10u,PASS,2.495135e+00,7.848700e-01,7.949834e-01,2.991599e-03,3.597216e-15,0.0101134,1.109854e+00
bcs_n40,mismatch,50,20260959,bcs,hbt_bcs_mismatch,mos_ff_mismatch,res_bcs_mismatch,-40,3.30,10u,PASS,2.528917e+00,7.754059e-01,7.707319e-01,3.120992e-03,3.691119e-15,0.004674,1.005056e+00
bcs_n40,mismatch,51,20260960,bcs,hbt_bcs_mismatch,mos_ff_mismatch,res_bcs_mismatch,-40,3.30,10u,PASS,2.532669e+00,7.779770e-01,7.708540e-01,3.036453e-03,3.911433e-15,0.007123,9.846421e-01
bcs_n40,mismatch,52,20260961,bcs,hbt_bcs_mismatch,mos_ff_mismatch,res_bcs_mismatch,-40,3.30,10u,PASS,2.511378e+00,7.817549e-01,7.817676e-01,2.959134e-03,3.550504e-15,1.27e-05,1.055579e+00
bcs_n40,mismatch,53,20260962,bcs,hbt_bcs_mismatch,mos_ff_mismatch,res_bcs_mismatch,-40,3.30,10u,PASS,2.546168e+00,7.717679e-01,7.660138e-01,3.319862e-03,4.335121e-15,0.0057541,9.465072e-01
bcs_n40,mismatch,54,20260963,bcs,hbt_bcs_mismatch,mos_ff_mismatch,res_bcs_mismatch,-40,3.30,10u,PASS,2.505609e+00,7.835527e-01,7.863667e-01,2.944161e-03,3.917636e-15,0.002814,1.078747e+00
bcs_n40,mismatch,55,20260964,bcs,hbt_bcs_mismatch,mos_ff_mismatch,res_bcs_mismatch,-40,3.30,10u,PASS,2.514415e+00,7.803950e-01,7.830463e-01,3.085934e-03,3.571609e-15,0.0026513,1.053913e+00
bcs_n40,mismatch,56,20260965,bcs,hbt_bcs_mismatch,mos_ff_mismatch,res_bcs_mismatch,-40,3.30,10u,PASS,2.508988e+00,7.799230e-01,7.866858e-01,3.031687e-03,4.040233e-15,0.0067628,1.067695e+00
bcs_n40,mismatch,57,20260966,bcs,hbt_bcs_mismatch,mos_ff_mismatch,res_bcs_mismatch,-40,3.30,10u,PASS,2.510750e+00,7.844572e-01,7.866769e-01,2.877467e-03,4.127865e-15,0.0022197,1.045226e+00
bcs_n40,mismatch,58,20260967,bcs,hbt_bcs_mismatch,mos_ff_mismatch,res_bcs_mismatch,-40,3.30,10u,PASS,2.509814e+00,7.843557e-01,7.895302e-01,3.001183e-03,3.648171e-15,0.0051745,1.057172e+00
bcs_n40,mismatch,59,20260968,bcs,hbt_bcs_mismatch,mos_ff_mismatch,res_bcs_mismatch,-40,3.30,10u,PASS,2.537931e+00,7.753517e-01,7.657518e-01,3.224943e-03,4.287562e-15,0.0095999,9.698413e-01
bcs_n40,mismatch,60,20260969,bcs,hbt_bcs_mismatch,mos_ff_mismatch,res_bcs_mismatch,-40,3.30,10u,PASS,2.512858e+00,7.815838e-01,7.825348e-01,3.066364e-03,4.042962e-15,0.000951,1.046876e+00
bcs_n40,mismatch,61,20260970,bcs,hbt_bcs_mismatch,mos_ff_mismatch,res_bcs_mismatch,-40,3.30,10u,PASS,2.527066e+00,7.796360e-01,7.720173e-01,3.067296e-03,4.022380e-15,0.0076187,1.011944e+00
bcs_n40,mismatch,62,20260971,bcs,hbt_bcs_mismatch,mos_ff_mismatch,res_bcs_mismatch,-40,3.30,10u,PASS,2.527567e+00,7.792186e-01,7.718006e-01,3.009250e-03,3.715487e-15,0.007418,1.001763e+00
bcs_n40,mismatch,63,20260972,bcs,hbt_bcs_mismatch,mos_ff_mismatch,res_bcs_mismatch,-40,3.30,10u,PASS,2.512794e+00,7.809521e-01,7.816640e-01,2.973105e-03,4.931192e-15,0.0007119,1.041593e+00
bcs_n40,mismatch,64,20260973,bcs,hbt_bcs_mismatch,mos_ff_mismatch,res_bcs_mismatch,-40,3.30,10u,PASS,2.512132e+00,7.831350e-01,7.824252e-01,2.969732e-03,3.883284e-15,0.0007098,1.052891e+00
bcs_n40,mismatch,65,20260974,bcs,hbt_bcs_mismatch,mos_ff_mismatch,res_bcs_mismatch,-40,3.30,10u,PASS,2.514315e+00,7.835021e-01,7.849915e-01,2.943679e-03,3.914629e-15,0.0014894,1.050173e+00
bcs_n40,mismatch,66,20260975,bcs,hbt_bcs_mismatch,mos_ff_mismatch,res_bcs_mismatch,-40,3.30,10u,PASS,2.517145e+00,7.771651e-01,7.826631e-01,3.102449e-03,3.943443e-15,0.005498,1.026061e+00
bcs_n40,mismatch,67,20260976,bcs,hbt_bcs_mismatch,mos_ff_mismatch,res_bcs_mismatch,-40,3.30,10u,PASS,2.524840e+00,7.780732e-01,7.693004e-01,2.994793e-03,3.872966e-15,0.0087728,1.008429e+00
bcs_n40,mismatch,68,20260977,bcs,hbt_bcs_mismatch,mos_ff_mismatch,res_bcs_mismatch,-40,3.30,10u,PASS,2.527388e+00,7.769319e-01,7.723016e-01,3.000357e-03,4.286320e-15,0.0046303,1.002053e+00
bcs_n40,mismatch,69,20260978,bcs,hbt_bcs_mismatch,mos_ff_mismatch,res_bcs_mismatch,-40,3.30,10u,PASS,2.531904e+00,7.779981e-01,7.670379e-01,3.034829e-03,4.333824e-15,0.0109602,9.934653e-01
bcs_n40,mismatch,70,20260979,bcs,hbt_bcs_mismatch,mos_ff_mismatch,res_bcs_mismatch,-40,3.30,10u,PASS,2.510304e+00,7.816084e-01,7.837907e-01,3.114333e-03,3.752338e-15,0.0021823,1.060685e+00
bcs_n40,mismatch,71,20260980,bcs,hbt_bcs_mismatch,mos_ff_mismatch,res_bcs_mismatch,-40,3.30,10u,PASS,2.518531e+00,7.836394e-01,7.776069e-01,2.995672e-03,4.214175e-15,0.0060325,1.035196e+00
bcs_n40,mismatch,72,20260981,bcs,hbt_bcs_mismatch,mos_ff_mismatch,res_bcs_mismatch,-40,3.30,10u,PASS,2.521940e+00,7.798231e-01,7.750467e-01,2.979536e-03,3.988185e-15,0.0047764,1.020199e+00
bcs_n40,mismatch,73,20260982,bcs,hbt_bcs_mismatch,mos_ff_mismatch,res_bcs_mismatch,-40,3.30,10u,PASS,2.497745e+00,7.932616e-01,7.959486e-01,2.676894e-03,3.999821e-15,0.002687,1.104182e+00
bcs_n40,mismatch,74,20260983,bcs,hbt_bcs_mismatch,mos_ff_mismatch,res_bcs_mismatch,-40,3.30,10u,PASS,2.516630e+00,7.834436e-01,7.826590e-01,2.866312e-03,4.209476e-15,0.0007846,1.048480e+00
bcs_n40,mismatch,75,20260984,bcs,hbt_bcs_mismatch,mos_ff_mismatch,res_bcs_mismatch,-40,3.30,10u,PASS,2.502579e+00,7.827331e-01,7.889394e-01,2.852100e-03,3.697772e-15,0.0062063,1.099635e+00
bcs_n40,mismatch,76,20260985,bcs,hbt_bcs_mismatch,mos_ff_mismatch,res_bcs_mismatch,-40,3.30,10u,PASS,2.522075e+00,7.816981e-01,7.808788e-01,2.920395e-03,3.968979e-15,0.0008193,1.025487e+00
bcs_n40,mismatch,77,20260986,bcs,hbt_bcs_mismatch,mos_ff_mismatch,res_bcs_mismatch,-40,3.30,10u,PASS,2.506482e+00,7.840459e-01,7.878661e-01,2.799703e-03,4.182868e-15,0.0038202,1.066028e+00
bcs_n40,mismatch,78,20260987,bcs,hbt_bcs_mismatch,mos_ff_mismatch,res_bcs_mismatch,-40,3.30,10u,PASS,2.518414e+00,7.818525e-01,7.818805e-01,2.997696e-03,3.989832e-15,2.8e-05,1.032811e+00
bcs_n40,mismatch,79,20260988,bcs,hbt_bcs_mismatch,mos_ff_mismatch,res_bcs_mismatch,-40,3.30,10u,PASS,2.507727e+00,7.831554e-01,7.826064e-01,2.948859e-03,3.432095e-15,0.000549,1.066690e+00
bcs_n40,mismatch,80,20260989,bcs,hbt_bcs_mismatch,mos_ff_mismatch,res_bcs_mismatch,-40,3.30,10u,PASS,2.510840e+00,7.815031e-01,7.852428e-01,2.999744e-03,3.980318e-15,0.0037397,1.057540e+00
bcs_n40,mismatch,81,20260990,bcs,hbt_bcs_mismatch,mos_ff_mismatch,res_bcs_mismatch,-40,3.30,10u,PASS,2.518391e+00,7.822801e-01,7.813070e-01,2.951428e-03,4.028612e-15,0.0009731,1.034949e+00
bcs_n40,mismatch,82,20260991,bcs,hbt_bcs_mismatch,mos_ff_mismatch,res_bcs_mismatch,-40,3.30,10u,PASS,2.517702e+00,7.803017e-01,7.794395e-01,3.037154e-03,3.925009e-15,0.0008622,1.040748e+00
bcs_n40,mismatch,83,20260992,bcs,hbt_bcs_mismatch,mos_ff_mismatch,res_bcs_mismatch,-40,3.30,10u,PASS,2.492619e+00,7.895809e-01,7.956608e-01,2.884511e-03,4.087173e-15,0.0060799,1.103860e+00
bcs_n40,mismatch,84,20260993,bcs,hbt_bcs_mismatch,mos_ff_mismatch,res_bcs_mismatch,-40,3.30,10u,PASS,2.510565e+00,7.884788e-01,7.877077e-01,2.797046e-03,3.701498e-15,0.0007711,1.056130e+00
bcs_n40,mismatch,85,20260994,bcs,hbt_bcs_mismatch,mos_ff_mismatch,res_bcs_mismatch,-40,3.30,10u,PASS,2.518378e+00,7.783896e-01,7.773037e-01,3.097241e-03,4.214220e-15,0.0010859,1.026547e+00
bcs_n40,mismatch,86,20260995,bcs,hbt_bcs_mismatch,mos_ff_mismatch,res_bcs_mismatch,-40,3.30,10u,PASS,2.512931e+00,7.811312e-01,7.831556e-01,2.861241e-03,3.901787e-15,0.0020244,1.046691e+00
bcs_n40,mismatch,87,20260996,bcs,hbt_bcs_mismatch,mos_ff_mismatch,res_bcs_mismatch,-40,3.30,10u,PASS,2.508253e+00,7.849353e-01,7.843879e-01,3.069595e-03,4.215332e-15,0.0005474,1.066470e+00
bcs_n40,mismatch,88,20260997,bcs,hbt_bcs_mismatch,mos_ff_mismatch,res_bcs_mismatch,-40,3.30,10u,PASS,2.491939e+00,7.862035e-01,7.945772e-01,2.765962e-03,4.597295e-15,0.0083737,1.127105e+00
bcs_n40,mismatch,89,20260998,bcs,hbt_bcs_mismatch,mos_ff_mismatch,res_bcs_mismatch,-40,3.30,10u,PASS,2.489952e+00,7.888640e-01,7.982898e-01,2.799553e-03,3.895207e-15,0.0094258,1.125032e+00
bcs_n40,mismatch,90,20260999,bcs,hbt_bcs_mismatch,mos_ff_mismatch,res_bcs_mismatch,-40,3.30,10u,PASS,2.521404e+00,7.787503e-01,7.776441e-01,2.985573e-03,4.028284e-15,0.0011062,1.020268e+00
bcs_n40,mismatch,91,20261000,bcs,hbt_bcs_mismatch,mos_ff_mismatch,res_bcs_mismatch,-40,3.30,10u,PASS,2.532384e+00,7.798861e-01,7.718417e-01,3.046485e-03,4.101472e-15,0.0080444,9.875479e-01
bcs_n40,mismatch,92,20261001,bcs,hbt_bcs_mismatch,mos_ff_mismatch,res_bcs_mismatch,-40,3.30,10u,PASS,2.502745e+00,7.876453e-01,7.916707e-01,2.841961e-03,3.631807e-15,0.0040254,1.090909e+00
bcs_n40,mismatch,93,20261002,bcs,hbt_bcs_mismatch,mos_ff_mismatch,res_bcs_mismatch,-40,3.30,10u,PASS,2.539723e+00,7.730656e-01,7.629660e-01,3.135392e-03,4.356544e-15,0.0100996,9.753863e-01
bcs_n40,mismatch,94,20261003,bcs,hbt_bcs_mismatch,mos_ff_mismatch,res_bcs_mismatch,-40,3.30,10u,PASS,2.506594e+00,7.867589e-01,7.883505e-01,2.842664e-03,4.086629e-15,0.0015916,1.070816e+00
bcs_n40,mismatch,95,20261004,bcs,hbt_bcs_mismatch,mos_ff_mismatch,res_bcs_mismatch,-40,3.30,10u,PASS,2.496038e+00,7.897018e-01,7.951140e-01,2.859933e-03,4.276071e-15,0.0054122,1.108979e+00
bcs_n40,mismatch,96,20261005,bcs,hbt_bcs_mismatch,mos_ff_mismatch,res_bcs_mismatch,-40,3.30,10u,PASS,2.513960e+00,7.862916e-01,7.836902e-01,2.921403e-03,4.023720e-15,0.0026014,1.054327e+00
bcs_n40,mismatch,97,20261006,bcs,hbt_bcs_mismatch,mos_ff_mismatch,res_bcs_mismatch,-40,3.30,10u,PASS,2.524638e+00,7.815277e-01,7.776361e-01,2.981042e-03,3.977915e-15,0.0038916,1.018558e+00
bcs_n40,mismatch,98,20261007,bcs,hbt_bcs_mismatch,mos_ff_mismatch,res_bcs_mismatch,-40,3.30,10u,PASS,2.520107e+00,7.818455e-01,7.777318e-01,2.893237e-03,3.843486e-15,0.0041137,1.032267e+00
bcs_n40,mismatch,99,20261008,bcs,hbt_bcs_mismatch,mos_ff_mismatch,res_bcs_mismatch,-40,3.30,10u,PASS,2.525923e+00,7.775212e-01,7.746550e-01,3.130927e-03,4.172713e-15,0.0028662,1.015621e+00
bcs_n40,mismatch,100,20261009,bcs,hbt_bcs_mismatch,mos_ff_mismatch,res_bcs_mismatch,-40,3.30,10u,PASS,2.531857e+00,7.778356e-01,7.707634e-01,3.203423e-03,4.923371e-15,0.0070722,9.908901e-01
bcs_n40,mismatch,101,20261010,bcs,hbt_bcs_mismatch,mos_ff_mismatch,res_bcs_mismatch,-40,3.30,10u,PASS,2.517255e+00,7.809795e-01,7.781911e-01,3.009205e-03,4.110413e-15,0.0027884,1.040074e+00
bcs_n40,mismatch,102,20261011,bcs,hbt_bcs_mismatch,mos_ff_mismatch,res_bcs_mismatch,-40,3.30,10u,PASS,2.509819e+00,7.784901e-01,7.840409e-01,3.078601e-03,3.745075e-15,0.0055508,1.052739e+00
bcs_n40,mismatch,103,20261012,bcs,hbt_bcs_mismatch,mos_ff_mismatch,res_bcs_mismatch,-40,3.30,10u,PASS,2.503859e+00,7.858302e-01,7.905711e-01,2.903387e-03,3.920687e-15,0.0047409,1.085008e+00
bcs_n40,mismatch,104,20261013,bcs,hbt_bcs_mismatch,mos_ff_mismatch,res_bcs_mismatch,-40,3.30,10u,PASS,2.516448e+00,7.838147e-01,7.828387e-01,2.911027e-03,3.926085e-15,0.000976,1.038465e+00
bcs_n40,mismatch,105,20261014,bcs,hbt_bcs_mismatch,mos_ff_mismatch,res_bcs_mismatch,-40,3.30,10u,PASS,2.525862e+00,7.791942e-01,7.737929e-01,3.047191e-03,3.926618e-15,0.0054013,1.009201e+00
bcs_n40,mismatch,106,20261015,bcs,hbt_bcs_mismatch,mos_ff_mismatch,res_bcs_mismatch,-40,3.30,10u,PASS,2.568849e+00,7.654927e-01,7.494652e-01,3.528585e-03,4.049300e-15,0.0160275,8.925962e-01
bcs_n40,mismatch,107,20261016,bcs,hbt_bcs_mismatch,mos_ff_mismatch,res_bcs_mismatch,-40,3.30,10u,PASS,2.517451e+00,7.864672e-01,7.808672e-01,2.835661e-03,3.617920e-15,0.0056,1.036331e+00
bcs_n40,mismatch,108,20261017,bcs,hbt_bcs_mismatch,mos_ff_mismatch,res_bcs_mismatch,-40,3.30,10u,PASS,2.521974e+00,7.828806e-01,7.732299e-01,3.027071e-03,3.773104e-15,0.0096507,1.018271e+00
bcs_n40,mismatch,109,20261018,bcs,hbt_bcs_mismatch,mos_ff_mismatch,res_bcs_mismatch,-40,3.30,10u,PASS,2.514664e+00,7.842460e-01,7.827741e-01,2.888843e-03,3.877548e-15,0.0014719,1.052274e+00
bcs_n40,mismatch,110,20261019,bcs,hbt_bcs_mismatch,mos_ff_mismatch,res_bcs_mismatch,-40,3.30,10u,PASS,2.525915e+00,7.769267e-01,7.742502e-01,2.974536e-03,4.093413e-15,0.0026765,1.007653e+00
bcs_n40,mismatch,111,20261020,bcs,hbt_bcs_mismatch,mos_ff_mismatch,res_bcs_mismatch,-40,3.30,10u,PASS,2.511387e+00,7.831609e-01,7.871873e-01,2.836355e-03,3.926709e-15,0.0040264,1.051121e+00
bcs_n40,mismatch,112,20261021,bcs,hbt_bcs_mismatch,mos_ff_mismatch,res_bcs_mismatch,-40,3.30,10u,PASS,2.517011e+00,7.835138e-01,7.819181e-01,2.836068e-03,4.261774e-15,0.0015957,1.045426e+00
bcs_n40,mismatch,113,20261022,bcs,hbt_bcs_mismatch,mos_ff_mismatch,res_bcs_mismatch,-40,3.30,10u,PASS,2.523158e+00,7.814454e-01,7.763393e-01,2.987836e-03,4.100664e-15,0.0051061,1.015972e+00
bcs_n40,mismatch,114,20261023,bcs,hbt_bcs_mismatch,mos_ff_mismatch,res_bcs_mismatch,-40,3.30,10u,PASS,2.511009e+00,7.822126e-01,7.850049e-01,3.052343e-03,4.048692e-15,0.0027923,1.065162e+00
bcs_n40,mismatch,115,20261024,bcs,hbt_bcs_mismatch,mos_ff_mismatch,res_bcs_mismatch,-40,3.30,10u,PASS,2.513335e+00,7.825049e-01,7.830894e-01,2.865713e-03,4.579118e-15,0.0005845,1.058529e+00
bcs_n40,mismatch,116,20261025,bcs,hbt_bcs_mismatch,mos_ff_mismatch,res_bcs_mismatch,-40,3.30,10u,PASS,2.491606e+00,7.909781e-01,7.975619e-01,2.746335e-03,4.098452e-15,0.0065838,1.133250e+00
bcs_n40,mismatch,117,20261026,bcs,hbt_bcs_mismatch,mos_ff_mismatch,res_bcs_mismatch,-40,3.30,10u,PASS,2.516026e+00,7.821381e-01,7.826087e-01,2.926087e-03,4.601071e-15,0.0004706,1.038096e+00
bcs_n40,mismatch,118,20261027,bcs,hbt_bcs_mismatch,mos_ff_mismatch,res_bcs_mismatch,-40,3.30,10u,PASS,2.499455e+00,7.870777e-01,7.917703e-01,2.876684e-03,4.113356e-15,0.0046926,1.103073e+00
bcs_n40,mismatch,119,20261028,bcs,hbt_bcs_mismatch,mos_ff_mismatch,res_bcs_mismatch,-40,3.30,10u,PASS,2.491766e+00,7.896866e-01,7.950451e-01,2.960208e-03,3.595334e-15,0.0053585,1.123532e+00
bcs_n40,mismatch,120,20261029,bcs,hbt_bcs_mismatch,mos_ff_mismatch,res_bcs_mismatch,-40,3.30,10u,PASS,2.509329e+00,7.854456e-01,7.841725e-01,3.063162e-03,4.015863e-15,0.0012731,1.063858e+00
bcs_n40,mismatch,121,20261030,bcs,hbt_bcs_mismatch,mos_ff_mismatch,res_bcs_mismatch,-40,3.30,10u,PASS,2.529656e+00,7.768001e-01,7.710436e-01,3.049173e-03,3.544426e-15,0.0057565,9.982260e-01
bcs_n40,mismatch,122,20261031,bcs,hbt_bcs_mismatch,mos_ff_mismatch,res_bcs_mismatch,-40,3.30,10u,PASS,2.511966e+00,7.830482e-01,7.839635e-01,2.783294e-03,3.461575e-15,0.0009153,1.053635e+00
bcs_n40,mismatch,123,20261032,bcs,hbt_bcs_mismatch,mos_ff_mismatch,res_bcs_mismatch,-40,3.30,10u,PASS,2.528683e+00,7.774213e-01,7.709223e-01,3.050834e-03,3.996563e-15,0.006499,9.999743e-01
bcs_n40,mismatch,124,20261033,bcs,hbt_bcs_mismatch,mos_ff_mismatch,res_bcs_mismatch,-40,3.30,10u,PASS,2.510813e+00,7.821028e-01,7.849893e-01,2.998421e-03,4.894847e-15,0.0028865,1.055980e+00
bcs_n40,mismatch,125,20261034,bcs,hbt_bcs_mismatch,mos_ff_mismatch,res_bcs_mismatch,-40,3.30,10u,PASS,2.503925e+00,7.811445e-01,7.879243e-01,3.276570e-03,4.295460e-15,0.0067798,1.094530e+00
bcs_n40,mismatch,126,20261035,bcs,hbt_bcs_mismatch,mos_ff_mismatch,res_bcs_mismatch,-40,3.30,10u,PASS,2.517331e+00,7.811296e-01,7.778630e-01,3.119745e-03,3.577683e-15,0.0032666,1.036860e+00
bcs_n40,mismatch,127,20261036,bcs,hbt_bcs_mismatch,mos_ff_mismatch,res_bcs_mismatch,-40,3.30,10u,PASS,2.504598e+00,7.849896e-01,7.904056e-01,2.839251e-03,4.066943e-15,0.005416,1.081643e+00
bcs_n40,mismatch,128,20261037,bcs,hbt_bcs_mismatch,mos_ff_mismatch,res_bcs_mismatch,-40,3.30,10u,PASS,2.510861e+00,7.861931e-01,7.827395e-01,2.841217e-03,4.675251e-15,0.0034536,1.049840e+00
bcs_n40,mismatch,129,20261038,bcs,hbt_bcs_mismatch,mos_ff_mismatch,res_bcs_mismatch,-40,3.30,10u,PASS,2.518366e+00,7.859650e-01,7.781959e-01,2.863836e-03,4.900955e-15,0.0077691,1.023731e+00
bcs_n40,mismatch,130,20261039,bcs,hbt_bcs_mismatch,mos_ff_mismatch,res_bcs_mismatch,-40,3.30,10u,PASS,2.510517e+00,7.803588e-01,7.820896e-01,3.127195e-03,3.760878e-15,0.0017308,1.059886e+00
bcs_n40,mismatch,131,20261040,bcs,hbt_bcs_mismatch,mos_ff_mismatch,res_bcs_mismatch,-40,3.30,10u,PASS,2.508540e+00,7.826904e-01,7.859554e-01,2.949060e-03,3.882909e-15,0.003265,1.063510e+00
bcs_n40,mismatch,132,20261041,bcs,hbt_bcs_mismatch,mos_ff_mismatch,res_bcs_mismatch,-40,3.30,10u,PASS,2.503711e+00,7.828706e-01,7.895069e-01,3.051394e-03,4.961388e-15,0.0066363,1.081922e+00
bcs_n40,mismatch,133,20261042,bcs,hbt_bcs_mismatch,mos_ff_mismatch,res_bcs_mismatch,-40,3.30,10u,PASS,2.534918e+00,7.746803e-01,7.659784e-01,3.004211e-03,3.705739e-15,0.0087019,9.822957e-01
bcs_n40,mismatch,134,20261043,bcs,hbt_bcs_mismatch,mos_ff_mismatch,res_bcs_mismatch,-40,3.30,10u,PASS,2.510131e+00,7.796445e-01,7.869004e-01,2.985223e-03,4.130617e-15,0.0072559,1.072865e+00
bcs_n40,mismatch,135,20261044,bcs,hbt_bcs_mismatch,mos_ff_mismatch,res_bcs_mismatch,-40,3.30,10u,PASS,2.499160e+00,7.870830e-01,7.917919e-01,2.779946e-03,4.604624e-15,0.0047089,1.106913e+00
bcs_n40,mismatch,136,20261045,bcs,hbt_bcs_mismatch,mos_ff_mismatch,res_bcs_mismatch,-40,3.30,10u,PASS,2.507348e+00,7.842436e-01,7.862644e-01,2.992784e-03,3.555622e-15,0.0020208,1.071049e+00
bcs_n40,mismatch,137,20261046,bcs,hbt_bcs_mismatch,mos_ff_mismatch,res_bcs_mismatch,-40,3.30,10u,PASS,2.499864e+00,7.836064e-01,7.895031e-01,2.972667e-03,4.077179e-15,0.0058967,1.090120e+00
bcs_n40,mismatch,138,20261047,bcs,hbt_bcs_mismatch,mos_ff_mismatch,res_bcs_mismatch,-40,3.30,10u,PASS,2.553844e+00,7.701259e-01,7.566443e-01,3.094615e-03,4.868479e-15,0.0134816,9.260655e-01
bcs_n40,mismatch,139,20261048,bcs,hbt_bcs_mismatch,mos_ff_mismatch,res_bcs_mismatch,-40,3.30,10u,PASS,2.512880e+00,7.823771e-01,7.788181e-01,2.791810e-03,3.408854e-15,0.003559,1.048819e+00
bcs_n40,mismatch,140,20261049,bcs,hbt_bcs_mismatch,mos_ff_mismatch,res_bcs_mismatch,-40,3.30,10u,PASS,2.526229e+00,7.799312e-01,7.728150e-01,3.049226e-03,4.302758e-15,0.0071162,1.013076e+00
bcs_n40,mismatch,141,20261050,bcs,hbt_bcs_mismatch,mos_ff_mismatch,res_bcs_mismatch,-40,3.30,10u,PASS,2.530080e+00,7.776787e-01,7.698817e-01,3.184709e-03,3.858080e-15,0.007797,1.006202e+00
bcs_n40,mismatch,142,20261051,bcs,hbt_bcs_mismatch,mos_ff_mismatch,res_bcs_mismatch,-40,3.30,10u,PASS,2.508468e+00,7.835011e-01,7.890332e-01,3.000144e-03,3.840966e-15,0.0055321,1.068805e+00
bcs_n40,mismatch,143,20261052,bcs,hbt_bcs_mismatch,mos_ff_mismatch,res_bcs_mismatch,-40,3.30,10u,PASS,2.523278e+00,7.846717e-01,7.756337e-01,2.938793e-03,3.893468e-15,0.009038,1.025048e+00
bcs_n40,mismatch,144,20261053,bcs,hbt_bcs_mismatch,mos_ff_mismatch,res_bcs_mismatch,-40,3.30,10u,PASS,2.513076e+00,7.831875e-01,7.808752e-01,2.802535e-03,3.573507e-15,0.0023123,1.053892e+00
bcs_n40,mismatch,145,20261054,bcs,hbt_bcs_mismatch,mos_ff_mismatch,res_bcs_mismatch,-40,3.30,10u,PASS,2.514879e+00,7.809135e-01,7.830342e-01,3.041831e-03,3.507844e-15,0.0021207,1.036897e+00
bcs_n40,mismatch,146,20261055,bcs,hbt_bcs_mismatch,mos_ff_mismatch,res_bcs_mismatch,-40,3.30,10u,PASS,2.506528e+00,7.850720e-01,7.903419e-01,2.987939e-03,4.213273e-15,0.0052699,1.079584e+00
bcs_n40,mismatch,147,20261056,bcs,hbt_bcs_mismatch,mos_ff_mismatch,res_bcs_mismatch,-40,3.30,10u,PASS,2.502465e+00,7.877070e-01,7.906856e-01,2.932539e-03,3.900258e-15,0.0029786,1.098890e+00
bcs_n40,mismatch,148,20261057,bcs,hbt_bcs_mismatch,mos_ff_mismatch,res_bcs_mismatch,-40,3.30,10u,PASS,2.521506e+00,7.820358e-01,7.788669e-01,3.072086e-03,4.016518e-15,0.0031689,1.018063e+00
bcs_n40,mismatch,149,20261058,bcs,hbt_bcs_mismatch,mos_ff_mismatch,res_bcs_mismatch,-40,3.30,10u,PASS,2.515294e+00,7.798393e-01,7.806297e-01,2.929563e-03,4.901954e-15,0.0007904,1.035357e+00
bcs_n40,mismatch,150,20261059,bcs,hbt_bcs_mismatch,mos_ff_mismatch,res_bcs_mismatch,-40,3.30,10u,PASS,2.526301e+00,7.792928e-01,7.734804e-01,3.067602e-03,4.198267e-15,0.0058124,1.010516e+00
bcs_n40,mismatch,151,20261060,bcs,hbt_bcs_mismatch,mos_ff_mismatch,res_bcs_mismatch,-40,3.30,10u,PASS,2.514242e+00,7.817261e-01,7.823911e-01,2.996534e-03,3.984990e-15,0.000665,1.054809e+00
bcs_n40,mismatch,152,20261061,bcs,hbt_bcs_mismatch,mos_ff_mismatch,res_bcs_mismatch,-40,3.30,10u,PASS,2.491535e+00,7.878498e-01,8.004356e-01,2.671598e-03,4.447830e-15,0.0125858,1.126432e+00
bcs_n40,mismatch,153,20261062,bcs,hbt_bcs_mismatch,mos_ff_mismatch,res_bcs_mismatch,-40,3.30,10u,PASS,2.513319e+00,7.836761e-01,7.859799e-01,2.815112e-03,3.744690e-15,0.0023038,1.047004e+00
bcs_n40,mismatch,154,20261063,bcs,hbt_bcs_mismatch,mos_ff_mismatch,res_bcs_mismatch,-40,3.30,10u,PASS,2.515355e+00,7.812999e-01,7.831518e-01,3.198409e-03,4.222862e-15,0.0018519,1.053271e+00
bcs_n40,mismatch,155,20261064,bcs,hbt_bcs_mismatch,mos_ff_mismatch,res_bcs_mismatch,-40,3.30,10u,PASS,2.516775e+00,7.816242e-01,7.830946e-01,2.997878e-03,4.093935e-15,0.0014704,1.032107e+00
bcs_n40,mismatch,156,20261065,bcs,hbt_bcs_mismatch,mos_ff_mismatch,res_bcs_mismatch,-40,3.30,10u,PASS,2.507149e+00,7.877173e-01,7.861715e-01,2.794255e-03,4.468664e-15,0.0015458,1.071454e+00
bcs_n40,mismatch,157,20261066,bcs,hbt_bcs_mismatch,mos_ff_mismatch,res_bcs_mismatch,-40,3.30,10u,PASS,2.502130e+00,7.835113e-01,7.906574e-01,2.859459e-03,3.959368e-15,0.0071461,1.089120e+00
bcs_n40,mismatch,158,20261067,bcs,hbt_bcs_mismatch,mos_ff_mismatch,res_bcs_mismatch,-40,3.30,10u,PASS,2.520117e+00,7.847438e-01,7.798433e-01,2.945746e-03,4.346607e-15,0.0049005,1.027589e+00
bcs_n40,mismatch,159,20261068,bcs,hbt_bcs_mismatch,mos_ff_mismatch,res_bcs_mismatch,-40,3.30,10u,PASS,2.510116e+00,7.829035e-01,7.839700e-01,3.041907e-03,4.432785e-15,0.0010665,1.053421e+00
bcs_n40,mismatch,160,20261069,bcs,hbt_bcs_mismatch,mos_ff_mismatch,res_bcs_mismatch,-40,3.30,10u,PASS,2.545507e+00,7.692627e-01,7.618290e-01,3.354651e-03,4.296727e-15,0.0074337,9.529936e-01
bcs_n40,mismatch,161,20261070,bcs,hbt_bcs_mismatch,mos_ff_mismatch,res_bcs_mismatch,-40,3.30,10u,PASS,2.521573e+00,7.793700e-01,7.812893e-01,3.061401e-03,4.402204e-15,0.0019193,1.031629e+00
bcs_n40,mismatch,162,20261071,bcs,hbt_bcs_mismatch,mos_ff_mismatch,res_bcs_mismatch,-40,3.30,10u,PASS,2.511911e+00,7.852743e-01,7.823136e-01,2.995712e-03,3.913310e-15,0.0029607,1.064289e+00
bcs_n40,mismatch,163,20261072,bcs,hbt_bcs_mismatch,mos_ff_mismatch,res_bcs_mismatch,-40,3.30,10u,PASS,2.509950e+00,7.868752e-01,7.851759e-01,2.861729e-03,3.635663e-15,0.0016993,1.055279e+00
bcs_n40,mismatch,164,20261073,bcs,hbt_bcs_mismatch,mos_ff_mismatch,res_bcs_mismatch,-40,3.30,10u,PASS,2.508984e+00,7.824201e-01,7.887447e-01,3.052335e-03,4.061669e-15,0.0063246,1.066832e+00
bcs_n40,mismatch,165,20261074,bcs,hbt_bcs_mismatch,mos_ff_mismatch,res_bcs_mismatch,-40,3.30,10u,PASS,2.504479e+00,7.825313e-01,7.874046e-01,2.926900e-03,3.894819e-15,0.0048733,1.081023e+00
bcs_n40,mismatch,166,20261075,bcs,hbt_bcs_mismatch,mos_ff_mismatch,res_bcs_mismatch,-40,3.30,10u,PASS,2.512763e+00,7.830759e-01,7.862123e-01,2.833987e-03,4.538806e-15,0.0031364,1.050127e+00
bcs_n40,mismatch,167,20261076,bcs,hbt_bcs_mismatch,mos_ff_mismatch,res_bcs_mismatch,-40,3.30,10u,PASS,2.532030e+00,7.754998e-01,7.703142e-01,3.225672e-03,4.406652e-15,0.0051856,9.895476e-01
bcs_n40,mismatch,168,20261077,bcs,hbt_bcs_mismatch,mos_ff_mismatch,res_bcs_mismatch,-40,3.30,10u,PASS,2.486752e+00,7.888339e-01,7.987717e-01,2.852765e-03,3.817534e-15,0.0099378,1.142710e+00
bcs_n40,mismatch,169,20261078,bcs,hbt_bcs_mismatch,mos_ff_mismatch,res_bcs_mismatch,-40,3.30,10u,PASS,2.507991e+00,7.825975e-01,7.860226e-01,2.864393e-03,3.746303e-15,0.0034251,1.066835e+00
bcs_n40,mismatch,170,20261079,bcs,hbt_bcs_mismatch,mos_ff_mismatch,res_bcs_mismatch,-40,3.30,10u,PASS,2.522349e+00,7.784505e-01,7.777042e-01,3.013046e-03,4.391058e-15,0.0007463,1.013771e+00
bcs_n40,mismatch,171,20261080,bcs,hbt_bcs_mismatch,mos_ff_mismatch,res_bcs_mismatch,-40,3.30,10u,PASS,2.524474e+00,7.777054e-01,7.733635e-01,2.924813e-03,4.517957e-15,0.0043419,1.015761e+00
bcs_n40,mismatch,172,20261081,bcs,hbt_bcs_mismatch,mos_ff_mismatch,res_bcs_mismatch,-40,3.30,10u,PASS,2.509453e+00,7.803862e-01,7.869523e-01,3.043437e-03,3.972109e-15,0.0065661,1.064030e+00
bcs_n40,mismatch,173,20261082,bcs,hbt_bcs_mismatch,mos_ff_mismatch,res_bcs_mismatch,-40,3.30,10u,PASS,2.530591e+00,7.766220e-01,7.673961e-01,3.070810e-03,4.366797e-15,0.0092259,9.997140e-01
bcs_n40,mismatch,174,20261083,bcs,hbt_bcs_mismatch,mos_ff_mismatch,res_bcs_mismatch,-40,3.30,10u,PASS,2.520576e+00,7.788777e-01,7.769696e-01,3.279524e-03,4.261604e-15,0.0019081,1.023881e+00
bcs_n40,mismatch,175,20261084,bcs,hbt_bcs_mismatch,mos_ff_mismatch,res_bcs_mismatch,-40,3.30,10u,PASS,2.528824e+00,7.779014e-01,7.713999e-01,3.118271e-03,3.752740e-15,0.0065015,1.008014e+00
bcs_n40,mismatch,176,20261085,bcs,hbt_bcs_mismatch,mos_ff_mismatch,res_bcs_mismatch,-40,3.30,10u,PASS,2.508665e+00,7.834177e-01,7.856014e-01,3.003706e-03,3.859533e-15,0.0021837,1.054133e+00
bcs_n40,mismatch,177,20261086,bcs,hbt_bcs_mismatch,mos_ff_mismatch,res_bcs_mismatch,-40,3.30,10u,PASS,2.535312e+00,7.725149e-01,7.667139e-01,3.246011e-03,4.054911e-15,0.005801,9.876543e-01
bcs_n40,mismatch,178,20261087,bcs,hbt_bcs_mismatch,mos_ff_mismatch,res_bcs_mismatch,-40,3.30,10u,PASS,2.514754e+00,7.858586e-01,7.855705e-01,2.888767e-03,3.972911e-15,0.0002881,1.045049e+00
bcs_n40,mismatch,179,20261088,bcs,hbt_bcs_mismatch,mos_ff_mismatch,res_bcs_mismatch,-40,3.30,10u,PASS,2.526376e+00,7.755860e-01,7.738657e-01,3.090320e-03,4.704086e-15,0.0017203,1.007733e+00
bcs_n40,mismatch,180,20261089,bcs,hbt_bcs_mismatch,mos_ff_mismatch,res_bcs_mismatch,-40,3.30,10u,PASS,2.566105e+00,7.648457e-01,7.477948e-01,3.340996e-03,3.874672e-15,0.0170509,9.048798e-01
bcs_n40,mismatch,181,20261090,bcs,hbt_bcs_mismatch,mos_ff_mismatch,res_bcs_mismatch,-40,3.30,10u,PASS,2.513614e+00,7.844846e-01,7.794046e-01,2.903448e-03,3.811397e-15,0.00508,1.045841e+00
bcs_n40,mismatch,182,20261091,bcs,hbt_bcs_mismatch,mos_ff_mismatch,res_bcs_mismatch,-40,3.30,10u,PASS,2.526181e+00,7.819546e-01,7.715920e-01,2.977906e-03,4.209985e-15,0.0103626,1.004202e+00
bcs_n40,mismatch,183,20261092,bcs,hbt_bcs_mismatch,mos_ff_mismatch,res_bcs_mismatch,-40,3.30,10u,PASS,2.543051e+00,7.714723e-01,7.612838e-01,3.269276e-03,4.674345e-15,0.0101885,9.594073e-01
bcs_n40,mismatch,184,20261093,bcs,hbt_bcs_mismatch,mos_ff_mismatch,res_bcs_mismatch,-40,3.30,10u,PASS,2.508524e+00,7.842992e-01,7.821242e-01,2.911464e-03,3.946035e-15,0.002175,1.068318e+00
bcs_n40,mismatch,185,20261094,bcs,hbt_bcs_mismatch,mos_ff_mismatch,res_bcs_mismatch,-40,3.30,10u,PASS,2.519311e+00,7.772053e-01,7.799619e-01,3.107409e-03,4.173375e-15,0.0027566,1.033968e+00
bcs_n40,mismatch,186,20261095,bcs,hbt_bcs_mismatch,mos_ff_mismatch,res_bcs_mismatch,-40,3.30,10u,PASS,2.525699e+00,7.810384e-01,7.755783e-01,3.168911e-03,4.296179e-15,0.0054601,1.018502e+00
bcs_n40,mismatch,187,20261096,bcs,hbt_bcs_mismatch,mos_ff_mismatch,res_bcs_mismatch,-40,3.30,10u,PASS,2.515852e+00,7.814762e-01,7.778492e-01,3.152270e-03,4.459745e-15,0.003627,1.039926e+00
bcs_n40,mismatch,188,20261097,bcs,hbt_bcs_mismatch,mos_ff_mismatch,res_bcs_mismatch,-40,3.30,10u,PASS,2.499378e+00,7.880860e-01,7.954171e-01,2.923736e-03,4.408127e-15,0.0073311,1.095641e+00
bcs_n40,mismatch,189,20261098,bcs,hbt_bcs_mismatch,mos_ff_mismatch,res_bcs_mismatch,-40,3.30,10u,PASS,2.511312e+00,7.840791e-01,7.832311e-01,3.008961e-03,3.900282e-15,0.000848,1.064271e+00
bcs_n40,mismatch,190,20261099,bcs,hbt_bcs_mismatch,mos_ff_mismatch,res_bcs_mismatch,-40,3.30,10u,PASS,2.502442e+00,7.858093e-01,7.871400e-01,2.827878e-03,4.079579e-15,0.0013307,1.092484e+00
bcs_n40,mismatch,191,20261100,bcs,hbt_bcs_mismatch,mos_ff_mismatch,res_bcs_mismatch,-40,3.30,10u,PASS,2.543793e+00,7.743101e-01,7.642423e-01,3.213783e-03,5.019602e-15,0.0100678,9.592538e-01
bcs_n40,mismatch,192,20261101,bcs,hbt_bcs_mismatch,mos_ff_mismatch,res_bcs_mismatch,-40,3.30,10u,PASS,2.497854e+00,7.869680e-01,7.933504e-01,2.965318e-03,4.153901e-15,0.0063824,1.097757e+00
bcs_n40,mismatch,193,20261102,bcs,hbt_bcs_mismatch,mos_ff_mismatch,res_bcs_mismatch,-40,3.30,10u,PASS,2.512272e+00,7.825778e-01,7.811022e-01,3.146648e-03,4.174956e-15,0.0014756,1.055379e+00
bcs_n40,mismatch,194,20261103,bcs,hbt_bcs_mismatch,mos_ff_mismatch,res_bcs_mismatch,-40,3.30,10u,PASS,2.514039e+00,7.836022e-01,7.822287e-01,3.105033e-03,3.871599e-15,0.0013735,1.045239e+00
bcs_n40,mismatch,195,20261104,bcs,hbt_bcs_mismatch,mos_ff_mismatch,res_bcs_mismatch,-40,3.30,10u,PASS,2.511370e+00,7.840717e-01,7.858968e-01,2.949352e-03,4.136645e-15,0.0018251,1.057536e+00
bcs_n40,mismatch,196,20261105,bcs,hbt_bcs_mismatch,mos_ff_mismatch,res_bcs_mismatch,-40,3.30,10u,PASS,2.517780e+00,7.788444e-01,7.801984e-01,3.048666e-03,3.791819e-15,0.001354,1.030997e+00
bcs_n40,mismatch,197,20261106,bcs,hbt_bcs_mismatch,mos_ff_mismatch,res_bcs_mismatch,-40,3.30,10u,PASS,2.545888e+00,7.749494e-01,7.651129e-01,3.323515e-03,4.099673e-15,0.0098365,9.517500e-01
bcs_n40,mismatch,198,20261107,bcs,hbt_bcs_mismatch,mos_ff_mismatch,res_bcs_mismatch,-40,3.30,10u,PASS,2.507841e+00,7.856728e-01,7.870890e-01,2.826413e-03,3.968505e-15,0.0014162,1.064268e+00
bcs_n40,mismatch,199,20261108,bcs,hbt_bcs_mismatch,mos_ff_mismatch,res_bcs_mismatch,-40,3.30,10u,PASS,2.533582e+00,7.737439e-01,7.698809e-01,3.250563e-03,4.106785e-15,0.003863,9.764756e-01
bcs_n40,mismatch,200,20261109,bcs,hbt_bcs_mismatch,mos_ff_mismatch,res_bcs_mismatch,-40,3.30,10u,PASS,2.543367e+00,7.728873e-01,7.598282e-01,3.307265e-03,4.526453e-15,0.0130591,9.704905e-01
bcs_n40,mismatch,201,20261110,bcs,hbt_bcs_mismatch,mos_ff_mismatch,res_bcs_mismatch,-40,3.30,10u,PASS,2.495088e+00,7.903457e-01,7.940769e-01,2.821000e-03,4.125328e-15,0.0037312,1.118444e+00
bcs_n40,mismatch,202,20261111,bcs,hbt_bcs_mismatch,mos_ff_mismatch,res_bcs_mismatch,-40,3.30,10u,PASS,2.531210e+00,7.774371e-01,7.707215e-01,3.117143e-03,3.474270e-15,0.0067156,9.965223e-01
bcs_n40,mismatch,203,20261112,bcs,hbt_bcs_mismatch,mos_ff_mismatch,res_bcs_mismatch,-40,3.30,10u,PASS,2.521222e+00,7.790169e-01,7.791623e-01,3.065779e-03,3.574324e-15,0.0001454,1.017364e+00
bcs_n40,mismatch,204,20261113,bcs,hbt_bcs_mismatch,mos_ff_mismatch,res_bcs_mismatch,-40,3.30,10u,PASS,2.519568e+00,7.824214e-01,7.772835e-01,3.017617e-03,3.888853e-15,0.0051379,1.023344e+00
bcs_n40,mismatch,205,20261114,bcs,hbt_bcs_mismatch,mos_ff_mismatch,res_bcs_mismatch,-40,3.30,10u,PASS,2.506320e+00,7.801351e-01,7.833477e-01,3.087332e-03,3.848269e-15,0.0032126,1.070041e+00
bcs_n40,mismatch,206,20261115,bcs,hbt_bcs_mismatch,mos_ff_mismatch,res_bcs_mismatch,-40,3.30,10u,PASS,2.509856e+00,7.831295e-01,7.854177e-01,2.944079e-03,3.864074e-15,0.0022882,1.059461e+00
bcs_n40,mismatch,207,20261116,bcs,hbt_bcs_mismatch,mos_ff_mismatch,res_bcs_mismatch,-40,3.30,10u,PASS,2.528602e+00,7.754516e-01,7.708906e-01,3.028971e-03,4.339033e-15,0.004561,1.006962e+00
bcs_n40,mismatch,208,20261117,bcs,hbt_bcs_mismatch,mos_ff_mismatch,res_bcs_mismatch,-40,3.30,10u,PASS,2.521305e+00,7.807895e-01,7.783159e-01,3.122942e-03,4.658390e-15,0.0024736,1.030376e+00
bcs_n40,mismatch,209,20261118,bcs,hbt_bcs_mismatch,mos_ff_mismatch,res_bcs_mismatch,-40,3.30,10u,PASS,2.523013e+00,7.791851e-01,7.750203e-01,2.982653e-03,4.595338e-15,0.0041648,1.013516e+00
bcs_n40,mismatch,210,20261119,bcs,hbt_bcs_mismatch,mos_ff_mismatch,res_bcs_mismatch,-40,3.30,10u,PASS,2.544533e+00,7.754106e-01,7.644554e-01,3.089085e-03,3.802044e-15,0.0109552,9.591164e-01
bcs_n40,mismatch,211,20261120,bcs,hbt_bcs_mismatch,mos_ff_mismatch,res_bcs_mismatch,-40,3.30,10u,PASS,2.518278e+00,7.806682e-01,7.761253e-01,2.912231e-03,4.371544e-15,0.0045429,1.037650e+00
bcs_n40,mismatch,212,20261121,bcs,hbt_bcs_mismatch,mos_ff_mismatch,res_bcs_mismatch,-40,3.30,10u,PASS,2.510250e+00,7.797337e-01,7.874629e-01,2.981977e-03,3.779302e-15,0.0077292,1.058463e+00
bcs_n40,mismatch,213,20261122,bcs,hbt_bcs_mismatch,mos_ff_mismatch,res_bcs_mismatch,-40,3.30,10u,PASS,2.494087e+00,7.882395e-01,7.969604e-01,2.762653e-03,3.783018e-15,0.0087209,1.111074e+00
bcs_n40,mismatch,214,20261123,bcs,hbt_bcs_mismatch,mos_ff_mismatch,res_bcs_mismatch,-40,3.30,10u,PASS,2.500298e+00,7.876518e-01,7.940689e-01,2.847267e-03,3.631797e-15,0.0064171,1.104714e+00
bcs_n40,mismatch,215,20261124,bcs,hbt_bcs_mismatch,mos_ff_mismatch,res_bcs_mismatch,-40,3.30,10u,PASS,2.533593e+00,7.756542e-01,7.668160e-01,3.016309e-03,4.192792e-15,0.0088382,9.815752e-01
bcs_n40,mismatch,216,20261125,bcs,hbt_bcs_mismatch,mos_ff_mismatch,res_bcs_mismatch,-40,3.30,10u,PASS,2.523836e+00,7.774761e-01,7.729000e-01,3.088665e-03,4.521203e-15,0.0045761,1.013982e+00
bcs_n40,mismatch,217,20261126,bcs,hbt_bcs_mismatch,mos_ff_mismatch,res_bcs_mismatch,-40,3.30,10u,PASS,2.503608e+00,7.887335e-01,7.903158e-01,2.907563e-03,4.115079e-15,0.0015823,1.073469e+00
bcs_n40,mismatch,218,20261127,bcs,hbt_bcs_mismatch,mos_ff_mismatch,res_bcs_mismatch,-40,3.30,10u,PASS,2.505280e+00,7.868678e-01,7.927774e-01,2.774922e-03,3.916889e-15,0.0059096,1.087625e+00
bcs_n40,mismatch,219,20261128,bcs,hbt_bcs_mismatch,mos_ff_mismatch,res_bcs_mismatch,-40,3.30,10u,PASS,2.512806e+00,7.849253e-01,7.813829e-01,2.805800e-03,3.467011e-15,0.0035424,1.046574e+00
bcs_n40,mismatch,220,20261129,bcs,hbt_bcs_mismatch,mos_ff_mismatch,res_bcs_mismatch,-40,3.30,10u,PASS,2.517503e+00,7.831843e-01,7.813284e-01,2.913186e-03,4.047596e-15,0.0018559,1.039486e+00
bcs_n40,mismatch,221,20261130,bcs,hbt_bcs_mismatch,mos_ff_mismatch,res_bcs_mismatch,-40,3.30,10u,PASS,2.512077e+00,7.825214e-01,7.844244e-01,3.004674e-03,4.321325e-15,0.001903,1.060323e+00
bcs_n40,mismatch,222,20261131,bcs,hbt_bcs_mismatch,mos_ff_mismatch,res_bcs_mismatch,-40,3.30,10u,PASS,2.526864e+00,7.792143e-01,7.705858e-01,3.119775e-03,4.806422e-15,0.0086285,1.007106e+00
bcs_n40,mismatch,223,20261132,bcs,hbt_bcs_mismatch,mos_ff_mismatch,res_bcs_mismatch,-40,3.30,10u,PASS,2.518764e+00,7.805962e-01,7.781618e-01,3.043220e-03,4.714507e-15,0.0024344,1.028128e+00
bcs_n40,mismatch,224,20261133,bcs,hbt_bcs_mismatch,mos_ff_mismatch,res_bcs_mismatch,-40,3.30,10u,PASS,2.520452e+00,7.800973e-01,7.769683e-01,3.104083e-03,3.416267e-15,0.003129,1.020156e+00
bcs_n40,mismatch,225,20261134,bcs,hbt_bcs_mismatch,mos_ff_mismatch,res_bcs_mismatch,-40,3.30,10u,PASS,2.512579e+00,7.833995e-01,7.863543e-01,2.954108e-03,4.042852e-15,0.0029548,1.043218e+00
bcs_n40,mismatch,226,20261135,bcs,hbt_bcs_mismatch,mos_ff_mismatch,res_bcs_mismatch,-40,3.30,10u,PASS,2.507102e+00,7.849312e-01,7.892759e-01,2.859807e-03,3.822101e-15,0.0043447,1.072688e+00
bcs_n40,mismatch,227,20261136,bcs,hbt_bcs_mismatch,mos_ff_mismatch,res_bcs_mismatch,-40,3.30,10u,PASS,2.503720e+00,7.825054e-01,7.894101e-01,3.183933e-03,3.815200e-15,0.0069047,1.074561e+00
bcs_n40,mismatch,228,20261137,bcs,hbt_bcs_mismatch,mos_ff_mismatch,res_bcs_mismatch,-40,3.30,10u,PASS,2.506841e+00,7.839147e-01,7.868367e-01,2.946845e-03,3.981153e-15,0.002922,1.070253e+00
bcs_n40,mismatch,229,20261138,bcs,hbt_bcs_mismatch,mos_ff_mismatch,res_bcs_mismatch,-40,3.30,10u,PASS,2.519194e+00,7.792426e-01,7.775459e-01,3.058663e-03,3.871012e-15,0.0016967,1.029812e+00
bcs_n40,mismatch,230,20261139,bcs,hbt_bcs_mismatch,mos_ff_mismatch,res_bcs_mismatch,-40,3.30,10u,PASS,2.499269e+00,7.868815e-01,7.927635e-01,2.870583e-03,4.043899e-15,0.005882,1.098477e+00
bcs_n40,mismatch,231,20261140,bcs,hbt_bcs_mismatch,mos_ff_mismatch,res_bcs_mismatch,-40,3.30,10u,PASS,2.506234e+00,7.833416e-01,7.867314e-01,2.845856e-03,4.627937e-15,0.0033898,1.072267e+00
bcs_n40,mismatch,232,20261141,bcs,hbt_bcs_mismatch,mos_ff_mismatch,res_bcs_mismatch,-40,3.30,10u,PASS,2.506428e+00,7.830203e-01,7.846559e-01,2.849135e-03,3.629242e-15,0.0016356,1.078872e+00
bcs_n40,mismatch,233,20261142,bcs,hbt_bcs_mismatch,mos_ff_mismatch,res_bcs_mismatch,-40,3.30,10u,PASS,2.516795e+00,7.825671e-01,7.822651e-01,3.043383e-03,3.436823e-15,0.000302,1.040029e+00
bcs_n40,mismatch,234,20261143,bcs,hbt_bcs_mismatch,mos_ff_mismatch,res_bcs_mismatch,-40,3.30,10u,PASS,2.512000e+00,7.817666e-01,7.861424e-01,3.095411e-03,4.570354e-15,0.0043758,1.060517e+00
bcs_n40,mismatch,235,20261144,bcs,hbt_bcs_mismatch,mos_ff_mismatch,res_bcs_mismatch,-40,3.30,10u,PASS,2.495316e+00,7.898474e-01,7.983937e-01,2.733193e-03,3.584431e-15,0.0085463,1.125553e+00
bcs_n40,mismatch,236,20261145,bcs,hbt_bcs_mismatch,mos_ff_mismatch,res_bcs_mismatch,-40,3.30,10u,PASS,2.527385e+00,7.791567e-01,7.715380e-01,3.024084e-03,4.444573e-15,0.0076187,1.003271e+00
bcs_n40,mismatch,237,20261146,bcs,hbt_bcs_mismatch,mos_ff_mismatch,res_bcs_mismatch,-40,3.30,10u,PASS,2.511087e+00,7.830700e-01,7.837067e-01,2.852909e-03,3.679140e-15,0.0006367,1.047864e+00
bcs_n40,mismatch,238,20261147,bcs,hbt_bcs_mismatch,mos_ff_mismatch,res_bcs_mismatch,-40,3.30,10u,PASS,2.520237e+00,7.837871e-01,7.787895e-01,3.020465e-03,4.767773e-15,0.0049976,1.021696e+00
bcs_n40,mismatch,239,20261148,bcs,hbt_bcs_mismatch,mos_ff_mismatch,res_bcs_mismatch,-40,3.30,10u,PASS,2.491544e+00,7.885131e-01,7.954813e-01,2.930456e-03,3.843331e-15,0.0069682,1.124541e+00
bcs_n40,mismatch,240,20261149,bcs,hbt_bcs_mismatch,mos_ff_mismatch,res_bcs_mismatch,-40,3.30,10u,PASS,2.556028e+00,7.702113e-01,7.597749e-01,3.168358e-03,3.795756e-15,0.0104364,9.213110e-01
bcs_n40,mismatch,241,20261150,bcs,hbt_bcs_mismatch,mos_ff_mismatch,res_bcs_mismatch,-40,3.30,10u,PASS,2.513918e+00,7.809477e-01,7.770825e-01,2.984521e-03,4.314154e-15,0.0038652,1.041349e+00
bcs_n40,mismatch,242,20261151,bcs,hbt_bcs_mismatch,mos_ff_mismatch,res_bcs_mismatch,-40,3.30,10u,PASS,2.530915e+00,7.760204e-01,7.738798e-01,3.137947e-03,4.517171e-15,0.0021406,9.956513e-01
bcs_n40,mismatch,243,20261152,bcs,hbt_bcs_mismatch,mos_ff_mismatch,res_bcs_mismatch,-40,3.30,10u,PASS,2.559341e+00,7.673248e-01,7.534477e-01,3.368761e-03,3.735652e-15,0.0138771,9.119525e-01
bcs_n40,mismatch,244,20261153,bcs,hbt_bcs_mismatch,mos_ff_mismatch,res_bcs_mismatch,-40,3.30,10u,PASS,2.510278e+00,7.811582e-01,7.866755e-01,2.929160e-03,3.877618e-15,0.0055173,1.057798e+00
bcs_n40,mismatch,245,20261154,bcs,hbt_bcs_mismatch,mos_ff_mismatch,res_bcs_mismatch,-40,3.30,10u,PASS,2.519015e+00,7.804401e-01,7.817468e-01,2.919767e-03,3.704694e-15,0.0013067,1.031711e+00
bcs_n40,mismatch,246,20261155,bcs,hbt_bcs_mismatch,mos_ff_mismatch,res_bcs_mismatch,-40,3.30,10u,PASS,2.529375e+00,7.781165e-01,7.709493e-01,2.944310e-03,4.481082e-15,0.0071672,1.005393e+00
bcs_n40,mismatch,247,20261156,bcs,hbt_bcs_mismatch,mos_ff_mismatch,res_bcs_mismatch,-40,3.30,10u,PASS,2.514631e+00,7.825886e-01,7.854938e-01,2.952534e-03,3.866642e-15,0.0029052,1.042842e+00
bcs_n40,mismatch,248,20261157,bcs,hbt_bcs_mismatch,mos_ff_mismatch,res_bcs_mismatch,-40,3.30,10u,PASS,2.510048e+00,7.840735e-01,7.872212e-01,3.063924e-03,4.160378e-15,0.0031477,1.061149e+00
bcs_n40,mismatch,249,20261158,bcs,hbt_bcs_mismatch,mos_ff_mismatch,res_bcs_mismatch,-40,3.30,10u,PASS,2.537497e+00,7.774177e-01,7.650693e-01,2.934362e-03,3.679430e-15,0.0123484,9.746515e-01
bcs_n40,mismatch,250,20261159,bcs,hbt_bcs_mismatch,mos_ff_mismatch,res_bcs_mismatch,-40,3.30,10u,PASS,2.506841e+00,7.848320e-01,7.859631e-01,2.814546e-03,3.734580e-15,0.0011311,1.071554e+00
bcs_n40,mismatch,251,20261160,bcs,hbt_bcs_mismatch,mos_ff_mismatch,res_bcs_mismatch,-40,3.30,10u,PASS,2.527169e+00,7.763885e-01,7.728166e-01,3.052939e-03,4.391400e-15,0.0035719,9.948545e-01
bcs_n40,mismatch,252,20261161,bcs,hbt_bcs_mismatch,mos_ff_mismatch,res_bcs_mismatch,-40,3.30,10u,PASS,2.516332e+00,7.804930e-01,7.798685e-01,2.998533e-03,4.186598e-15,0.0006245,1.044640e+00
bcs_n40,mismatch,253,20261162,bcs,hbt_bcs_mismatch,mos_ff_mismatch,res_bcs_mismatch,-40,3.30,10u,PASS,2.501180e+00,7.875160e-01,7.912535e-01,2.896425e-03,3.710569e-15,0.0037375,1.094812e+00
bcs_n40,mismatch,254,20261163,bcs,hbt_bcs_mismatch,mos_ff_mismatch,res_bcs_mismatch,-40,3.30,10u,PASS,2.515802e+00,7.828167e-01,7.783644e-01,2.887906e-03,4.357278e-15,0.0044523,1.030453e+00
bcs_n40,mismatch,255,20261164,bcs,hbt_bcs_mismatch,mos_ff_mismatch,res_bcs_mismatch,-40,3.30,10u,PASS,2.507135e+00,7.827272e-01,7.870791e-01,3.013015e-03,3.794979e-15,0.0043519,1.066730e+00
bcs_n40,mismatch,256,20261165,bcs,hbt_bcs_mismatch,mos_ff_mismatch,res_bcs_mismatch,-40,3.30,10u,PASS,2.504484e+00,7.840537e-01,7.908665e-01,3.042331e-03,3.839879e-15,0.0068128,1.083290e+00
bcs_n40,mismatch,257,20261166,bcs,hbt_bcs_mismatch,mos_ff_mismatch,res_bcs_mismatch,-40,3.30,10u,PASS,2.512720e+00,7.884019e-01,7.801023e-01,2.777904e-03,4.577264e-15,0.0082996,1.048672e+00
bcs_n40,mismatch,258,20261167,bcs,hbt_bcs_mismatch,mos_ff_mismatch,res_bcs_mismatch,-40,3.30,10u,PASS,2.502010e+00,7.865592e-01,7.888736e-01,2.941195e-03,4.681216e-15,0.0023144,1.090795e+00
bcs_n40,mismatch,259,20261168,bcs,hbt_bcs_mismatch,mos_ff_mismatch,res_bcs_mismatch,-40,3.30,10u,PASS,2.506883e+00,7.813620e-01,7.842157e-01,2.856913e-03,4.128106e-15,0.0028537,1.077296e+00
bcs_n40,mismatch,260,20261169,bcs,hbt_bcs_mismatch,mos_ff_mismatch,res_bcs_mismatch,-40,3.30,10u,PASS,2.509673e+00,7.825440e-01,7.820638e-01,2.936088e-03,4.841100e-15,0.0004802,1.068973e+00
bcs_n40,mismatch,261,20261170,bcs,hbt_bcs_mismatch,mos_ff_mismatch,res_bcs_mismatch,-40,3.30,10u,PASS,2.509741e+00,7.821345e-01,7.874322e-01,3.082481e-03,3.793091e-15,0.0052977,1.051993e+00
bcs_n40,mismatch,262,20261171,bcs,hbt_bcs_mismatch,mos_ff_mismatch,res_bcs_mismatch,-40,3.30,10u,PASS,2.522386e+00,7.778158e-01,7.761981e-01,2.914928e-03,3.680602e-15,0.0016177,1.021432e+00
bcs_n40,mismatch,263,20261172,bcs,hbt_bcs_mismatch,mos_ff_mismatch,res_bcs_mismatch,-40,3.30,10u,PASS,2.509568e+00,7.836773e-01,7.868597e-01,2.916845e-03,3.944602e-15,0.0031824,1.056456e+00
bcs_n40,mismatch,264,20261173,bcs,hbt_bcs_mismatch,mos_ff_mismatch,res_bcs_mismatch,-40,3.30,10u,PASS,2.498886e+00,7.877871e-01,7.967555e-01,2.825360e-03,5.081839e-15,0.0089684,1.109958e+00
bcs_n40,mismatch,265,20261174,bcs,hbt_bcs_mismatch,mos_ff_mismatch,res_bcs_mismatch,-40,3.30,10u,PASS,2.522955e+00,7.826365e-01,7.805326e-01,2.884037e-03,4.339877e-15,0.0021039,1.016240e+00
bcs_n40,mismatch,266,20261175,bcs,hbt_bcs_mismatch,mos_ff_mismatch,res_bcs_mismatch,-40,3.30,10u,PASS,2.503596e+00,7.873665e-01,7.899091e-01,2.960140e-03,4.219660e-15,0.0025426,1.080306e+00
bcs_n40,mismatch,267,20261176,bcs,hbt_bcs_mismatch,mos_ff_mismatch,res_bcs_mismatch,-40,3.30,10u,PASS,2.514131e+00,7.856202e-01,7.829899e-01,2.989713e-03,3.735627e-15,0.0026303,1.052325e+00
bcs_n40,mismatch,268,20261177,bcs,hbt_bcs_mismatch,mos_ff_mismatch,res_bcs_mismatch,-40,3.30,10u,PASS,2.523621e+00,7.814788e-01,7.751629e-01,3.138158e-03,4.179651e-15,0.0063159,1.018392e+00
bcs_n40,mismatch,269,20261178,bcs,hbt_bcs_mismatch,mos_ff_mismatch,res_bcs_mismatch,-40,3.30,10u,PASS,2.529886e+00,7.763679e-01,7.716281e-01,2.980626e-03,3.901952e-15,0.0047398,1.000670e+00
bcs_n40,mismatch,270,20261179,bcs,hbt_bcs_mismatch,mos_ff_mismatch,res_bcs_mismatch,-40,3.30,10u,PASS,2.511746e+00,7.815523e-01,7.803857e-01,3.066806e-03,3.751204e-15,0.0011666,1.059497e+00
bcs_n40,mismatch,271,20261180,bcs,hbt_bcs_mismatch,mos_ff_mismatch,res_bcs_mismatch,-40,3.30,10u,PASS,2.521624e+00,7.806275e-01,7.753008e-01,2.983640e-03,4.135839e-15,0.0053267,1.021127e+00
bcs_n40,mismatch,272,20261181,bcs,hbt_bcs_mismatch,mos_ff_mismatch,res_bcs_mismatch,-40,3.30,10u,PASS,2.515557e+00,7.800141e-01,7.820802e-01,2.993848e-03,4.004409e-15,0.0020661,1.040500e+00
bcs_n40,mismatch,273,20261182,bcs,hbt_bcs_mismatch,mos_ff_mismatch,res_bcs_mismatch,-40,3.30,10u,PASS,2.513756e+00,7.790480e-01,7.864408e-01,2.961217e-03,3.825153e-15,0.0073928,1.048734e+00
bcs_n40,mismatch,274,20261183,bcs,hbt_bcs_mismatch,mos_ff_mismatch,res_bcs_mismatch,-40,3.30,10u,PASS,2.522272e+00,7.768871e-01,7.809445e-01,3.160664e-03,3.924523e-15,0.0040574,1.021782e+00
bcs_n40,mismatch,275,20261184,bcs,hbt_bcs_mismatch,mos_ff_mismatch,res_bcs_mismatch,-40,3.30,10u,PASS,2.513183e+00,7.789601e-01,7.815423e-01,3.003166e-03,4.279153e-15,0.0025822,1.054042e+00
bcs_n40,mismatch,276,20261185,bcs,hbt_bcs_mismatch,mos_ff_mismatch,res_bcs_mismatch,-40,3.30,10u,PASS,2.521396e+00,7.794541e-01,7.773272e-01,2.953432e-03,3.717495e-15,0.0021269,1.035010e+00
bcs_n40,mismatch,277,20261186,bcs,hbt_bcs_mismatch,mos_ff_mismatch,res_bcs_mismatch,-40,3.30,10u,PASS,2.510825e+00,7.818349e-01,7.831823e-01,3.210812e-03,3.628638e-15,0.0013474,1.052926e+00
bcs_n40,mismatch,278,20261187,bcs,hbt_bcs_mismatch,mos_ff_mismatch,res_bcs_mismatch,-40,3.30,10u,PASS,2.501384e+00,7.871242e-01,7.904398e-01,2.848351e-03,3.599092e-15,0.0033156,1.098153e+00
bcs_n40,mismatch,279,20261188,bcs,hbt_bcs_mismatch,mos_ff_mismatch,res_bcs_mismatch,-40,3.30,10u,PASS,2.492178e+00,7.901227e-01,7.990521e-01,2.738558e-03,4.573976e-15,0.0089294,1.124467e+00
bcs_n40,mismatch,280,20261189,bcs,hbt_bcs_mismatch,mos_ff_mismatch,res_bcs_mismatch,-40,3.30,10u,PASS,2.516726e+00,7.802383e-01,7.778646e-01,2.888325e-03,4.240974e-15,0.0023737,1.039743e+00
bcs_n40,mismatch,281,20261190,bcs,hbt_bcs_mismatch,mos_ff_mismatch,res_bcs_mismatch,-40,3.30,10u,PASS,2.521156e+00,7.777004e-01,7.796464e-01,3.205651e-03,4.796407e-15,0.001946,1.029862e+00
bcs_n40,mismatch,282,20261191,bcs,hbt_bcs_mismatch,mos_ff_mismatch,res_bcs_mismatch,-40,3.30,10u,PASS,2.530110e+00,7.758433e-01,7.699505e-01,2.967914e-03,3.611443e-15,0.0058928,9.984211e-01
bcs_n40,mismatch,283,20261192,bcs,hbt_bcs_mismatch,mos_ff_mismatch,res_bcs_mismatch,-40,3.30,10u,PASS,2.510904e+00,7.879384e-01,7.834480e-01,2.818608e-03,3.870068e-15,0.0044904,1.063067e+00
bcs_n40,mismatch,284,20261193,bcs,hbt_bcs_mismatch,mos_ff_mismatch,res_bcs_mismatch,-40,3.30,10u,PASS,2.530403e+00,7.776453e-01,7.741006e-01,3.025026e-03,4.203687e-15,0.0035447,9.973511e-01
bcs_n40,mismatch,285,20261194,bcs,hbt_bcs_mismatch,mos_ff_mismatch,res_bcs_mismatch,-40,3.30,10u,PASS,2.500961e+00,7.874774e-01,7.951218e-01,2.891005e-03,4.018572e-15,0.0076444,1.096691e+00
bcs_n40,mismatch,286,20261195,bcs,hbt_bcs_mismatch,mos_ff_mismatch,res_bcs_mismatch,-40,3.30,10u,PASS,2.522866e+00,7.811038e-01,7.781628e-01,2.844693e-03,3.751598e-15,0.002941,1.014628e+00
bcs_n40,mismatch,287,20261196,bcs,hbt_bcs_mismatch,mos_ff_mismatch,res_bcs_mismatch,-40,3.30,10u,PASS,2.508133e+00,7.834450e-01,7.889394e-01,2.942315e-03,3.593744e-15,0.0054944,1.067623e+00
bcs_n40,mismatch,288,20261197,bcs,hbt_bcs_mismatch,mos_ff_mismatch,res_bcs_mismatch,-40,3.30,10u,PASS,2.526786e+00,7.802386e-01,7.721634e-01,3.006156e-03,3.538505e-15,0.0080752,1.002115e+00
bcs_n40,mismatch,289,20261198,bcs,hbt_bcs_mismatch,mos_ff_mismatch,res_bcs_mismatch,-40,3.30,10u,PASS,2.500467e+00,7.888596e-01,7.896546e-01,2.840011e-03,4.286799e-15,0.000795,1.087799e+00
bcs_n40,mismatch,290,20261199,bcs,hbt_bcs_mismatch,mos_ff_mismatch,res_bcs_mismatch,-40,3.30,10u,PASS,2.532724e+00,7.797981e-01,7.739226e-01,3.143051e-03,4.067658e-15,0.0058755,9.808971e-01
bcs_n40,mismatch,291,20261200,bcs,hbt_bcs_mismatch,mos_ff_mismatch,res_bcs_mismatch,-40,3.30,10u,PASS,2.509315e+00,7.844173e-01,7.870747e-01,2.960929e-03,3.807312e-15,0.0026574,1.065568e+00
bcs_n40,mismatch,292,20261201,bcs,hbt_bcs_mismatch,mos_ff_mismatch,res_bcs_mismatch,-40,3.30,10u,PASS,2.519255e+00,7.806650e-01,7.795032e-01,2.982002e-03,3.878468e-15,0.0011618,1.031184e+00
bcs_n40,mismatch,293,20261202,bcs,hbt_bcs_mismatch,mos_ff_mismatch,res_bcs_mismatch,-40,3.30,10u,PASS,2.516008e+00,7.860925e-01,7.862060e-01,2.918454e-03,4.390866e-15,0.0001135,1.045953e+00
bcs_n40,mismatch,294,20261203,bcs,hbt_bcs_mismatch,mos_ff_mismatch,res_bcs_mismatch,-40,3.30,10u,PASS,2.524275e+00,7.761532e-01,7.760666e-01,3.092629e-03,3.704085e-15,8.66e-05,1.012035e+00
bcs_n40,mismatch,295,20261204,bcs,hbt_bcs_mismatch,mos_ff_mismatch,res_bcs_mismatch,-40,3.30,10u,PASS,2.518206e+00,7.810780e-01,7.816294e-01,2.944823e-03,3.598191e-15,0.0005514,1.030209e+00
bcs_n40,mismatch,296,20261205,bcs,hbt_bcs_mismatch,mos_ff_mismatch,res_bcs_mismatch,-40,3.30,10u,PASS,2.496506e+00,7.928892e-01,7.936516e-01,2.787764e-03,3.858059e-15,0.0007624,1.098817e+00
bcs_n40,mismatch,297,20261206,bcs,hbt_bcs_mismatch,mos_ff_mismatch,res_bcs_mismatch,-40,3.30,10u,PASS,2.518957e+00,7.794796e-01,7.833758e-01,3.050363e-03,3.530552e-15,0.0038962,1.024848e+00
bcs_n40,mismatch,298,20261207,bcs,hbt_bcs_mismatch,mos_ff_mismatch,res_bcs_mismatch,-40,3.30,10u,PASS,2.502534e+00,7.888760e-01,7.905036e-01,2.921643e-03,4.122524e-15,0.0016276,1.089480e+00
bcs_n40,mismatch,299,20261208,bcs,hbt_bcs_mismatch,mos_ff_mismatch,res_bcs_mismatch,-40,3.30,10u,PASS,2.499132e+00,7.870669e-01,7.935671e-01,2.877305e-03,4.605420e-15,0.0065002,1.090040e+00
bcs_125,mismatch,0,20260909,bcs,hbt_bcs_mismatch,mos_ff_mismatch,res_bcs_mismatch,125,3.30,10u,PASS,2.589892e+00,5.922640e-01,5.854115e-01,1.541088e-02,1.456665e-10,0.0068525,1.061232e+00
bcs_125,mismatch,1,20260910,bcs,hbt_bcs_mismatch,mos_ff_mismatch,res_bcs_mismatch,125,3.30,10u,PASS,2.606940e+00,5.758354e-01,5.762381e-01,1.777146e-02,1.950016e-10,0.0004027,1.000708e+00
bcs_125,mismatch,2,20260911,bcs,hbt_bcs_mismatch,mos_ff_mismatch,res_bcs_mismatch,125,3.30,10u,PASS,2.586688e+00,5.874608e-01,5.915107e-01,1.499367e-02,1.433676e-10,0.0040499,1.078775e+00
bcs_125,mismatch,3,20260912,bcs,hbt_bcs_mismatch,mos_ff_mismatch,res_bcs_mismatch,125,3.30,10u,PASS,2.599087e+00,5.853231e-01,5.830501e-01,1.708006e-02,1.414323e-10,0.002273,1.038116e+00
bcs_125,mismatch,4,20260913,bcs,hbt_bcs_mismatch,mos_ff_mismatch,res_bcs_mismatch,125,3.30,10u,PASS,2.599743e+00,5.877565e-01,5.848566e-01,1.562331e-02,1.406616e-10,0.0028999,1.028348e+00
bcs_125,mismatch,5,20260914,bcs,hbt_bcs_mismatch,mos_ff_mismatch,res_bcs_mismatch,125,3.30,10u,PASS,2.583574e+00,5.893331e-01,5.966928e-01,1.548435e-02,1.342626e-10,0.0073597,1.084306e+00
bcs_125,mismatch,6,20260915,bcs,hbt_bcs_mismatch,mos_ff_mismatch,res_bcs_mismatch,125,3.30,10u,PASS,2.612098e+00,5.822270e-01,5.779716e-01,1.741603e-02,1.644764e-10,0.0042554,9.907776e-01
bcs_125,mismatch,7,20260916,bcs,hbt_bcs_mismatch,mos_ff_mismatch,res_bcs_mismatch,125,3.30,10u,PASS,2.594259e+00,5.911928e-01,5.876155e-01,1.532849e-02,1.643098e-10,0.0035773,1.057562e+00
bcs_125,mismatch,8,20260917,bcs,hbt_bcs_mismatch,mos_ff_mismatch,res_bcs_mismatch,125,3.30,10u,PASS,2.573235e+00,5.916102e-01,6.029112e-01,1.558750e-02,1.586179e-10,0.011301,1.131509e+00
bcs_125,mismatch,9,20260918,bcs,hbt_bcs_mismatch,mos_ff_mismatch,res_bcs_mismatch,125,3.30,10u,PASS,2.588125e+00,5.874535e-01,5.914864e-01,1.649258e-02,1.286425e-10,0.0040329,1.065983e+00
bcs_125,mismatch,10,20260919,bcs,hbt_bcs_mismatch,mos_ff_mismatch,res_bcs_mismatch,125,3.30,10u,PASS,2.596734e+00,5.875721e-01,5.853587e-01,1.751913e-02,1.479345e-10,0.0022134,1.055267e+00
bcs_125,mismatch,11,20260920,bcs,hbt_bcs_mismatch,mos_ff_mismatch,res_bcs_mismatch,125,3.30,10u,PASS,2.618076e+00,5.752629e-01,5.757787e-01,1.807100e-02,1.628916e-10,0.0005158,9.764172e-01
bcs_125,mismatch,12,20260921,bcs,hbt_bcs_mismatch,mos_ff_mismatch,res_bcs_mismatch,125,3.30,10u,PASS,2.600365e+00,5.847666e-01,5.815747e-01,1.546751e-02,1.366731e-10,0.0031919,1.030117e+00
bcs_125,mismatch,13,20260922,bcs,hbt_bcs_mismatch,mos_ff_mismatch,res_bcs_mismatch,125,3.30,10u,PASS,2.606940e+00,5.844896e-01,5.707071e-01,1.609719e-02,1.888158e-10,0.0137825,1.007781e+00
bcs_125,mismatch,14,20260923,bcs,hbt_bcs_mismatch,mos_ff_mismatch,res_bcs_mismatch,125,3.30,10u,PASS,2.601551e+00,5.816273e-01,5.860721e-01,1.653082e-02,1.152785e-10,0.0044448,1.009428e+00
bcs_125,mismatch,15,20260924,bcs,hbt_bcs_mismatch,mos_ff_mismatch,res_bcs_mismatch,125,3.30,10u,PASS,2.573481e+00,5.962222e-01,6.017866e-01,1.467054e-02,1.757855e-10,0.0055644,1.120717e+00
bcs_125,mismatch,16,20260925,bcs,hbt_bcs_mismatch,mos_ff_mismatch,res_bcs_mismatch,125,3.30,10u,PASS,2.596030e+00,5.919727e-01,5.859864e-01,1.537999e-02,1.599503e-10,0.0059863,1.054927e+00
bcs_125,mismatch,17,20260926,bcs,hbt_bcs_mismatch,mos_ff_mismatch,res_bcs_mismatch,125,3.30,10u,PASS,2.579454e+00,5.881921e-01,5.950377e-01,1.626835e-02,1.401717e-10,0.0068456,1.106916e+00
bcs_125,mismatch,18,20260927,bcs,hbt_bcs_mismatch,mos_ff_mismatch,res_bcs_mismatch,125,3.30,10u,PASS,2.604261e+00,5.801235e-01,5.725248e-01,1.653730e-02,1.515123e-10,0.0075987,1.015596e+00
bcs_125,mismatch,19,20260928,bcs,hbt_bcs_mismatch,mos_ff_mismatch,res_bcs_mismatch,125,3.30,10u,PASS,2.596252e+00,5.854989e-01,5.862520e-01,1.552991e-02,1.282072e-10,0.0007531,1.048789e+00
bcs_125,mismatch,20,20260929,bcs,hbt_bcs_mismatch,mos_ff_mismatch,res_bcs_mismatch,125,3.30,10u,PASS,2.633771e+00,5.678784e-01,5.634858e-01,2.012024e-02,1.772657e-10,0.0043926,9.229644e-01
bcs_125,mismatch,21,20260930,bcs,hbt_bcs_mismatch,mos_ff_mismatch,res_bcs_mismatch,125,3.30,10u,PASS,2.613109e+00,5.756038e-01,5.717196e-01,2.000192e-02,1.816830e-10,0.0038842,9.896662e-01
bcs_125,mismatch,22,20260931,bcs,hbt_bcs_mismatch,mos_ff_mismatch,res_bcs_mismatch,125,3.30,10u,PASS,2.579554e+00,5.906561e-01,5.979945e-01,1.577732e-02,1.956276e-10,0.0073384,1.106541e+00
bcs_125,mismatch,23,20260932,bcs,hbt_bcs_mismatch,mos_ff_mismatch,res_bcs_mismatch,125,3.30,10u,PASS,2.607270e+00,5.825392e-01,5.717475e-01,1.602697e-02,1.475334e-10,0.0107917,1.013716e+00
bcs_125,mismatch,24,20260933,bcs,hbt_bcs_mismatch,mos_ff_mismatch,res_bcs_mismatch,125,3.30,10u,PASS,2.606092e+00,5.834952e-01,5.831682e-01,1.690891e-02,1.663083e-10,0.000327,9.968829e-01
bcs_125,mismatch,25,20260934,bcs,hbt_bcs_mismatch,mos_ff_mismatch,res_bcs_mismatch,125,3.30,10u,PASS,2.615439e+00,5.765657e-01,5.734508e-01,1.820070e-02,1.925308e-10,0.0031149,9.776013e-01
bcs_125,mismatch,26,20260935,bcs,hbt_bcs_mismatch,mos_ff_mismatch,res_bcs_mismatch,125,3.30,10u,PASS,2.599234e+00,5.845115e-01,5.863782e-01,1.662519e-02,1.682750e-10,0.0018667,1.031094e+00
bcs_125,mismatch,27,20260936,bcs,hbt_bcs_mismatch,mos_ff_mismatch,res_bcs_mismatch,125,3.30,10u,PASS,2.606527e+00,5.794573e-01,5.792132e-01,1.767641e-02,1.394124e-10,0.0002441,1.016513e+00
bcs_125,mismatch,28,20260937,bcs,hbt_bcs_mismatch,mos_ff_mismatch,res_bcs_mismatch,125,3.30,10u,PASS,2.587253e+00,5.840246e-01,5.955129e-01,1.618957e-02,1.850537e-10,0.0114883,1.067631e+00
bcs_125,mismatch,29,20260938,bcs,hbt_bcs_mismatch,mos_ff_mismatch,res_bcs_mismatch,125,3.30,10u,PASS,2.587459e+00,5.903073e-01,5.974177e-01,1.705657e-02,1.318865e-10,0.0071104,1.073038e+00
bcs_125,mismatch,30,20260939,bcs,hbt_bcs_mismatch,mos_ff_mismatch,res_bcs_mismatch,125,3.30,10u,PASS,2.600704e+00,5.847136e-01,5.813630e-01,1.641526e-02,1.520084e-10,0.0033506,1.031285e+00
bcs_125,mismatch,31,20260940,bcs,hbt_bcs_mismatch,mos_ff_mismatch,res_bcs_mismatch,125,3.30,10u,PASS,2.590621e+00,5.887431e-01,5.879807e-01,1.589383e-02,1.246284e-10,0.0007624,1.056615e+00
bcs_125,mismatch,32,20260941,bcs,hbt_bcs_mismatch,mos_ff_mismatch,res_bcs_mismatch,125,3.30,10u,PASS,2.611670e+00,5.775743e-01,5.852415e-01,1.762957e-02,1.810457e-10,0.0076672,1.003805e+00
bcs_125,mismatch,33,20260942,bcs,hbt_bcs_mismatch,mos_ff_mismatch,res_bcs_mismatch,125,3.30,10u,PASS,2.570942e+00,5.963579e-01,5.966358e-01,1.458465e-02,1.504583e-10,0.0002779,1.129519e+00
bcs_125,mismatch,34,20260943,bcs,hbt_bcs_mismatch,mos_ff_mismatch,res_bcs_mismatch,125,3.30,10u,PASS,2.604868e+00,5.859900e-01,5.834769e-01,1.698132e-02,1.563250e-10,0.0025131,1.015483e+00
bcs_125,mismatch,35,20260944,bcs,hbt_bcs_mismatch,mos_ff_mismatch,res_bcs_mismatch,125,3.30,10u,PASS,2.585216e+00,5.840888e-01,5.880480e-01,1.736846e-02,1.642647e-10,0.0039592,1.077449e+00
bcs_125,mismatch,36,20260945,bcs,hbt_bcs_mismatch,mos_ff_mismatch,res_bcs_mismatch,125,3.30,10u,PASS,2.610114e+00,5.794221e-01,5.765062e-01,1.728942e-02,1.696114e-10,0.0029159,9.963756e-01
bcs_125,mismatch,37,20260946,bcs,hbt_bcs_mismatch,mos_ff_mismatch,res_bcs_mismatch,125,3.30,10u,PASS,2.600025e+00,5.789144e-01,5.816307e-01,1.777829e-02,1.703042e-10,0.0027163,1.031299e+00
bcs_125,mismatch,38,20260947,bcs,hbt_bcs_mismatch,mos_ff_mismatch,res_bcs_mismatch,125,3.30,10u,PASS,2.578910e+00,5.877712e-01,5.941190e-01,1.644308e-02,1.403307e-10,0.0063478,1.090963e+00
bcs_125,mismatch,39,20260948,bcs,hbt_bcs_mismatch,mos_ff_mismatch,res_bcs_mismatch,125,3.30,10u,PASS,2.620025e+00,5.782602e-01,5.807712e-01,1.791440e-02,1.747294e-10,0.002511,9.583134e-01
bcs_125,mismatch,40,20260949,bcs,hbt_bcs_mismatch,mos_ff_mismatch,res_bcs_mismatch,125,3.30,10u,PASS,2.624888e+00,5.754001e-01,5.677490e-01,1.759730e-02,1.553257e-10,0.0076511,9.690950e-01
bcs_125,mismatch,41,20260950,bcs,hbt_bcs_mismatch,mos_ff_mismatch,res_bcs_mismatch,125,3.30,10u,PASS,2.586017e+00,5.900424e-01,5.923107e-01,1.529250e-02,1.898014e-10,0.0022683,1.074020e+00
bcs_125,mismatch,42,20260951,bcs,hbt_bcs_mismatch,mos_ff_mismatch,res_bcs_mismatch,125,3.30,10u,PASS,2.642826e+00,5.678367e-01,5.585400e-01,1.973991e-02,1.955528e-10,0.0092967,8.936609e-01
bcs_125,mismatch,43,20260952,bcs,hbt_bcs_mismatch,mos_ff_mismatch,res_bcs_mismatch,125,3.30,10u,PASS,2.610893e+00,5.804530e-01,5.762978e-01,1.687651e-02,1.681885e-10,0.0041552,9.937535e-01
bcs_125,mismatch,44,20260953,bcs,hbt_bcs_mismatch,mos_ff_mismatch,res_bcs_mismatch,125,3.30,10u,PASS,2.578333e+00,5.877648e-01,5.968459e-01,1.499318e-02,1.435576e-10,0.0090811,1.096031e+00
bcs_125,mismatch,45,20260954,bcs,hbt_bcs_mismatch,mos_ff_mismatch,res_bcs_mismatch,125,3.30,10u,PASS,2.613031e+00,5.827125e-01,5.778013e-01,1.685366e-02,1.372268e-10,0.0049112,9.870345e-01
bcs_125,mismatch,46,20260955,bcs,hbt_bcs_mismatch,mos_ff_mismatch,res_bcs_mismatch,125,3.30,10u,PASS,2.590256e+00,5.853721e-01,5.870813e-01,1.576815e-02,1.776320e-10,0.0017092,1.069769e+00
bcs_125,mismatch,47,20260956,bcs,hbt_bcs_mismatch,mos_ff_mismatch,res_bcs_mismatch,125,3.30,10u,PASS,2.584506e+00,5.855100e-01,5.881492e-01,1.553219e-02,1.586463e-10,0.0026392,1.077462e+00
bcs_125,mismatch,48,20260957,bcs,hbt_bcs_mismatch,mos_ff_mismatch,res_bcs_mismatch,125,3.30,10u,PASS,2.615115e+00,5.792623e-01,5.708112e-01,1.637979e-02,1.855066e-10,0.0084511,9.839721e-01
bcs_125,mismatch,49,20260958,bcs,hbt_bcs_mismatch,mos_ff_mismatch,res_bcs_mismatch,125,3.30,10u,PASS,2.575841e+00,5.875472e-01,5.968390e-01,1.655748e-02,1.301995e-10,0.0092918,1.109568e+00
bcs_125,mismatch,50,20260959,bcs,hbt_bcs_mismatch,mos_ff_mismatch,res_bcs_mismatch,125,3.30,10u,PASS,2.616188e+00,5.751224e-01,5.699708e-01,1.835924e-02,1.384375e-10,0.0051516,9.852057e-01
bcs_125,mismatch,51,20260960,bcs,hbt_bcs_mismatch,mos_ff_mismatch,res_bcs_mismatch,125,3.30,10u,PASS,2.615383e+00,5.817199e-01,5.743808e-01,1.667880e-02,1.477587e-10,0.0073391,9.767516e-01
bcs_125,mismatch,52,20260961,bcs,hbt_bcs_mismatch,mos_ff_mismatch,res_bcs_mismatch,125,3.30,10u,PASS,2.590951e+00,5.851921e-01,5.845957e-01,1.597915e-02,1.244814e-10,0.0005964,1.060198e+00
bcs_125,mismatch,53,20260962,bcs,hbt_bcs_mismatch,mos_ff_mismatch,res_bcs_mismatch,125,3.30,10u,PASS,2.636541e+00,5.716407e-01,5.653735e-01,2.020770e-02,1.853342e-10,0.0062672,9.132007e-01
bcs_125,mismatch,54,20260963,bcs,hbt_bcs_mismatch,mos_ff_mismatch,res_bcs_mismatch,125,3.30,10u,PASS,2.585097e+00,5.873801e-01,5.901414e-01,1.596486e-02,1.495689e-10,0.0027613,1.086588e+00
bcs_125,mismatch,55,20260964,bcs,hbt_bcs_mismatch,mos_ff_mismatch,res_bcs_mismatch,125,3.30,10u,PASS,2.602395e+00,5.813685e-01,5.833600e-01,1.747839e-02,1.286700e-10,0.0019915,1.029579e+00
bcs_125,mismatch,56,20260965,bcs,hbt_bcs_mismatch,mos_ff_mismatch,res_bcs_mismatch,125,3.30,10u,PASS,2.596718e+00,5.791846e-01,5.853483e-01,1.746802e-02,1.614269e-10,0.0061637,1.045473e+00
bcs_125,mismatch,57,20260966,bcs,hbt_bcs_mismatch,mos_ff_mismatch,res_bcs_mismatch,125,3.30,10u,PASS,2.594616e+00,5.885988e-01,5.909946e-01,1.556081e-02,1.603982e-10,0.0023958,1.032100e+00
bcs_125,mismatch,58,20260967,bcs,hbt_bcs_mismatch,mos_ff_mismatch,res_bcs_mismatch,125,3.30,10u,PASS,2.593643e+00,5.884667e-01,5.927503e-01,1.630491e-02,1.315690e-10,0.0042836,1.048145e+00
bcs_125,mismatch,59,20260968,bcs,hbt_bcs_mismatch,mos_ff_mismatch,res_bcs_mismatch,125,3.30,10u,PASS,2.619811e+00,5.790960e-01,5.691363e-01,1.822434e-02,1.762025e-10,0.0099597,9.637653e-01
bcs_125,mismatch,60,20260969,bcs,hbt_bcs_mismatch,mos_ff_mismatch,res_bcs_mismatch,125,3.30,10u,PASS,2.591855e+00,5.854402e-01,5.859427e-01,1.655499e-02,1.572708e-10,0.0005025,1.051758e+00
bcs_125,mismatch,61,20260970,bcs,hbt_bcs_mismatch,mos_ff_mismatch,res_bcs_mismatch,125,3.30,10u,PASS,2.607566e+00,5.840578e-01,5.758790e-01,1.664109e-02,1.558609e-10,0.0081788,1.014118e+00
bcs_125,mismatch,62,20260971,bcs,hbt_bcs_mismatch,mos_ff_mismatch,res_bcs_mismatch,125,3.30,10u,PASS,2.606928e+00,5.839263e-01,5.757842e-01,1.628303e-02,1.346885e-10,0.0081421,1.006669e+00
bcs_125,mismatch,63,20260972,bcs,hbt_bcs_mismatch,mos_ff_mismatch,res_bcs_mismatch,125,3.30,10u,PASS,2.593464e+00,5.835274e-01,5.838605e-01,1.658622e-02,2.065687e-10,0.0003331,1.042559e+00
bcs_125,mismatch,64,20260973,bcs,hbt_bcs_mismatch,mos_ff_mismatch,res_bcs_mismatch,125,3.30,10u,PASS,2.592199e+00,5.873406e-01,5.861776e-01,1.611035e-02,1.476361e-10,0.001163,1.053238e+00
bcs_125,mismatch,65,20260974,bcs,hbt_bcs_mismatch,mos_ff_mismatch,res_bcs_mismatch,125,3.30,10u,PASS,2.600096e+00,5.868874e-01,5.878856e-01,1.611319e-02,1.495962e-10,0.0009982,1.037044e+00
bcs_125,mismatch,66,20260975,bcs,hbt_bcs_mismatch,mos_ff_mismatch,res_bcs_mismatch,125,3.30,10u,PASS,2.605480e+00,5.761627e-01,5.813528e-01,1.812925e-02,1.571174e-10,0.0051901,1.000438e+00
bcs_125,mismatch,67,20260976,bcs,hbt_bcs_mismatch,mos_ff_mismatch,res_bcs_mismatch,125,3.30,10u,PASS,2.600355e+00,5.823337e-01,5.736039e-01,1.640907e-02,1.449996e-10,0.0087298,1.025228e+00
bcs_125,mismatch,68,20260977,bcs,hbt_bcs_mismatch,mos_ff_mismatch,res_bcs_mismatch,125,3.30,10u,PASS,2.610765e+00,5.782604e-01,5.737164e-01,1.695619e-02,1.722553e-10,0.004544,9.929180e-01
bcs_125,mismatch,69,20260978,bcs,hbt_bcs_mismatch,mos_ff_mismatch,res_bcs_mismatch,125,3.30,10u,PASS,2.609511e+00,5.830302e-01,5.716596e-01,1.647508e-02,1.729567e-10,0.0113706,1.003350e+00
bcs_125,mismatch,70,20260979,bcs,hbt_bcs_mismatch,mos_ff_mismatch,res_bcs_mismatch,125,3.30,10u,PASS,2.591807e+00,5.843351e-01,5.862254e-01,1.732827e-02,1.416771e-10,0.0018903,1.057616e+00
bcs_125,mismatch,71,20260980,bcs,hbt_bcs_mismatch,mos_ff_mismatch,res_bcs_mismatch,125,3.30,10u,PASS,2.593413e+00,5.912789e-01,5.848820e-01,1.580630e-02,1.653694e-10,0.0063969,1.055263e+00
bcs_125,mismatch,72,20260981,bcs,hbt_bcs_mismatch,mos_ff_mismatch,res_bcs_mismatch,125,3.30,10u,PASS,2.601952e+00,5.836631e-01,5.782678e-01,1.638024e-02,1.533225e-10,0.0053953,1.024214e+00
bcs_125,mismatch,73,20260982,bcs,hbt_bcs_mismatch,mos_ff_mismatch,res_bcs_mismatch,125,3.30,10u,PASS,2.571532e+00,6.040321e-01,6.062436e-01,1.312659e-02,1.477594e-10,0.0022115,1.130523e+00
bcs_125,mismatch,74,20260983,bcs,hbt_bcs_mismatch,mos_ff_mismatch,res_bcs_mismatch,125,3.30,10u,PASS,2.599912e+00,5.884277e-01,5.870464e-01,1.511128e-02,1.627697e-10,0.0013813,1.041947e+00
bcs_125,mismatch,75,20260984,bcs,hbt_bcs_mismatch,mos_ff_mismatch,res_bcs_mismatch,125,3.30,10u,PASS,2.584594e+00,5.848628e-01,5.901659e-01,1.552681e-02,1.342182e-10,0.0053031,1.097152e+00
bcs_125,mismatch,76,20260985,bcs,hbt_bcs_mismatch,mos_ff_mismatch,res_bcs_mismatch,125,3.30,10u,PASS,2.606377e+00,5.861373e-01,5.847793e-01,1.571934e-02,1.498140e-10,0.001358,1.017079e+00
bcs_125,mismatch,77,20260986,bcs,hbt_bcs_mismatch,mos_ff_mismatch,res_bcs_mismatch,125,3.30,10u,PASS,2.586841e+00,5.879680e-01,5.915397e-01,1.498961e-02,1.625752e-10,0.0035717,1.067083e+00
bcs_125,mismatch,78,20260987,bcs,hbt_bcs_mismatch,mos_ff_mismatch,res_bcs_mismatch,125,3.30,10u,PASS,2.600511e+00,5.858226e-01,5.859273e-01,1.644613e-02,1.536819e-10,0.0001047,1.028126e+00
bcs_125,mismatch,79,20260988,bcs,hbt_bcs_mismatch,mos_ff_mismatch,res_bcs_mismatch,125,3.30,10u,PASS,2.585544e+00,5.874184e-01,5.869214e-01,1.612301e-02,1.161789e-10,0.000497,1.075793e+00
bcs_125,mismatch,80,20260989,bcs,hbt_bcs_mismatch,mos_ff_mismatch,res_bcs_mismatch,125,3.30,10u,PASS,2.594908e+00,5.837246e-01,5.871165e-01,1.670161e-02,1.553399e-10,0.0033919,1.048200e+00
bcs_125,mismatch,81,20260990,bcs,hbt_bcs_mismatch,mos_ff_mismatch,res_bcs_mismatch,125,3.30,10u,PASS,2.598399e+00,5.867984e-01,5.852461e-01,1.597679e-02,1.556701e-10,0.0015523,1.040103e+00
bcs_125,mismatch,82,20260991,bcs,hbt_bcs_mismatch,mos_ff_mismatch,res_bcs_mismatch,125,3.30,10u,PASS,2.600659e+00,5.830835e-01,5.818277e-01,1.684540e-02,1.509968e-10,0.0012558,1.036338e+00
bcs_125,mismatch,83,20260992,bcs,hbt_bcs_mismatch,mos_ff_mismatch,res_bcs_mismatch,125,3.30,10u,PASS,2.566065e+00,5.965690e-01,6.023561e-01,1.505887e-02,1.569708e-10,0.0057871,1.127301e+00
bcs_125,mismatch,84,20260993,bcs,hbt_bcs_mismatch,mos_ff_mismatch,res_bcs_mismatch,125,3.30,10u,PASS,2.587686e+00,5.976238e-01,5.966367e-01,1.397128e-02,1.297704e-10,0.0009871,1.070772e+00
bcs_125,mismatch,85,20260994,bcs,hbt_bcs_mismatch,mos_ff_mismatch,res_bcs_mismatch,125,3.30,10u,PASS,2.597567e+00,5.811018e-01,5.797910e-01,1.744959e-02,1.707025e-10,0.0013108,1.027524e+00
bcs_125,mismatch,86,20260995,bcs,hbt_bcs_mismatch,mos_ff_mismatch,res_bcs_mismatch,125,3.30,10u,PASS,2.595809e+00,5.836788e-01,5.855707e-01,1.549767e-02,1.476521e-10,0.0018919,1.038199e+00
bcs_125,mismatch,87,20260996,bcs,hbt_bcs_mismatch,mos_ff_mismatch,res_bcs_mismatch,125,3.30,10u,PASS,2.583510e+00,5.911831e-01,5.902538e-01,1.645290e-02,1.680250e-10,0.0009293,1.086475e+00
bcs_125,mismatch,88,20260997,bcs,hbt_bcs_mismatch,mos_ff_mismatch,res_bcs_mismatch,125,3.30,10u,PASS,2.567639e+00,5.904629e-01,5.989081e-01,1.465637e-02,1.835994e-10,0.0084452,1.144232e+00
bcs_125,mismatch,89,20260998,bcs,hbt_bcs_mismatch,mos_ff_mismatch,res_bcs_mismatch,125,3.30,10u,PASS,2.564269e+00,5.954120e-01,6.044448e-01,1.463058e-02,1.453071e-10,0.0090328,1.148185e+00
bcs_125,mismatch,90,20260999,bcs,hbt_bcs_mismatch,mos_ff_mismatch,res_bcs_mismatch,125,3.30,10u,PASS,2.604802e+00,5.811127e-01,5.794950e-01,1.656995e-02,1.566772e-10,0.0016177,1.012490e+00
bcs_125,mismatch,91,20261000,bcs,hbt_bcs_mismatch,mos_ff_mismatch,res_bcs_mismatch,125,3.30,10u,PASS,2.613358e+00,5.854777e-01,5.768429e-01,1.638389e-02,1.599960e-10,0.0086348,9.884262e-01
bcs_125,mismatch,92,20261001,bcs,hbt_bcs_mismatch,mos_ff_mismatch,res_bcs_mismatch,125,3.30,10u,PASS,2.581947e+00,5.938268e-01,5.978581e-01,1.495453e-02,1.277218e-10,0.0040313,1.097985e+00
bcs_125,mismatch,93,20261002,bcs,hbt_bcs_mismatch,mos_ff_mismatch,res_bcs_mismatch,125,3.30,10u,PASS,2.621978e+00,5.749994e-01,5.645895e-01,1.812737e-02,1.794349e-10,0.0104099,9.708739e-01
bcs_125,mismatch,94,20261003,bcs,hbt_bcs_mismatch,mos_ff_mismatch,res_bcs_mismatch,125,3.30,10u,PASS,2.585150e+00,5.931805e-01,5.943530e-01,1.470540e-02,1.552352e-10,0.0011725,1.077281e+00
bcs_125,mismatch,95,20261004,bcs,hbt_bcs_mismatch,mos_ff_mismatch,res_bcs_mismatch,125,3.30,10u,PASS,2.572223e+00,5.970314e-01,6.019823e-01,1.477558e-02,1.672986e-10,0.0049509,1.128448e+00
bcs_125,mismatch,96,20261005,bcs,hbt_bcs_mismatch,mos_ff_mismatch,res_bcs_mismatch,125,3.30,10u,PASS,2.589650e+00,5.945492e-01,5.913845e-01,1.520437e-02,1.533100e-10,0.0031647,1.073590e+00
bcs_125,mismatch,97,20261006,bcs,hbt_bcs_mismatch,mos_ff_mismatch,res_bcs_mismatch,125,3.30,10u,PASS,2.606691e+00,5.867423e-01,5.820655e-01,1.612494e-02,1.510620e-10,0.0046768,1.013257e+00
bcs_125,mismatch,98,20261007,bcs,hbt_bcs_mismatch,mos_ff_mismatch,res_bcs_mismatch,125,3.30,10u,PASS,2.597159e+00,5.876204e-01,5.832059e-01,1.529945e-02,1.417506e-10,0.0044145,1.045463e+00
bcs_125,mismatch,99,20261008,bcs,hbt_bcs_mismatch,mos_ff_mismatch,res_bcs_mismatch,125,3.30,10u,PASS,2.611785e+00,5.789812e-01,5.754525e-01,1.788201e-02,1.696777e-10,0.0035287,9.996859e-01
bcs_125,mismatch,100,20261009,bcs,hbt_bcs_mismatch,mos_ff_mismatch,res_bcs_mismatch,125,3.30,10u,PASS,2.614930e+00,5.812683e-01,5.737366e-01,1.816301e-02,2.104892e-10,0.0075317,9.823348e-01
bcs_125,mismatch,101,20261010,bcs,hbt_bcs_mismatch,mos_ff_mismatch,res_bcs_mismatch,125,3.30,10u,PASS,2.599300e+00,5.842620e-01,5.812286e-01,1.645768e-02,1.624882e-10,0.0030334,1.039938e+00
bcs_125,mismatch,102,20261011,bcs,hbt_bcs_mismatch,mos_ff_mismatch,res_bcs_mismatch,125,3.30,10u,PASS,2.594244e+00,5.782066e-01,5.831668e-01,1.773909e-02,1.418371e-10,0.0049602,1.038484e+00
bcs_125,mismatch,103,20261012,bcs,hbt_bcs_mismatch,mos_ff_mismatch,res_bcs_mismatch,125,3.30,10u,PASS,2.582704e+00,5.909667e-01,5.951520e-01,1.550627e-02,1.487071e-10,0.0041853,1.090699e+00
bcs_125,mismatch,104,20261013,bcs,hbt_bcs_mismatch,mos_ff_mismatch,res_bcs_mismatch,125,3.30,10u,PASS,2.597884e+00,5.892053e-01,5.878078e-01,1.527961e-02,1.478307e-10,0.0013975,1.036944e+00
bcs_125,mismatch,105,20261014,bcs,hbt_bcs_mismatch,mos_ff_mismatch,res_bcs_mismatch,125,3.30,10u,PASS,2.606627e+00,5.827265e-01,5.769151e-01,1.672609e-02,1.503410e-10,0.0058114,1.007335e+00
bcs_125,mismatch,106,20261015,bcs,hbt_bcs_mismatch,mos_ff_mismatch,res_bcs_mismatch,125,3.30,10u,PASS,2.654518e+00,5.680611e-01,5.512690e-01,2.132670e-02,1.685716e-10,0.0167921,8.647000e-01
bcs_125,mismatch,107,20261016,bcs,hbt_bcs_mismatch,mos_ff_mismatch,res_bcs_mismatch,125,3.30,10u,PASS,2.592849e+00,5.952662e-01,5.896869e-01,1.446491e-02,1.242331e-10,0.0055793,1.056312e+00
bcs_125,mismatch,108,20261017,bcs,hbt_bcs_mismatch,mos_ff_mismatch,res_bcs_mismatch,125,3.30,10u,PASS,2.597526e+00,5.897172e-01,5.796315e-01,1.621069e-02,1.383279e-10,0.0100857,1.034282e+00
bcs_125,mismatch,109,20261018,bcs,hbt_bcs_mismatch,mos_ff_mismatch,res_bcs_mismatch,125,3.30,10u,PASS,2.594814e+00,5.894457e-01,5.875032e-01,1.528718e-02,1.438188e-10,0.0019425,1.053146e+00
bcs_125,mismatch,110,20261019,bcs,hbt_bcs_mismatch,mos_ff_mismatch,res_bcs_mismatch,125,3.30,10u,PASS,2.609460e+00,5.785672e-01,5.752552e-01,1.681234e-02,1.603463e-10,0.003312,1.000142e+00
bcs_125,mismatch,111,20261020,bcs,hbt_bcs_mismatch,mos_ff_mismatch,res_bcs_mismatch,125,3.30,10u,PASS,2.594307e+00,5.869230e-01,5.906525e-01,1.521462e-02,1.477495e-10,0.0037295,1.044174e+00
bcs_125,mismatch,112,20261021,bcs,hbt_bcs_mismatch,mos_ff_mismatch,res_bcs_mismatch,125,3.30,10u,PASS,2.596132e+00,5.896332e-01,5.881256e-01,1.495232e-02,1.664658e-10,0.0015076,1.053480e+00
bcs_125,mismatch,113,20261022,bcs,hbt_bcs_mismatch,mos_ff_mismatch,res_bcs_mismatch,125,3.30,10u,PASS,2.605981e+00,5.857643e-01,5.802796e-01,1.633927e-02,1.608847e-10,0.0054847,1.009255e+00
bcs_125,mismatch,114,20261023,bcs,hbt_bcs_mismatch,mos_ff_mismatch,res_bcs_mismatch,125,3.30,10u,PASS,2.592547e+00,5.851779e-01,5.875943e-01,1.684895e-02,1.609265e-10,0.0024164,1.063139e+00
bcs_125,mismatch,115,20261024,bcs,hbt_bcs_mismatch,mos_ff_mismatch,res_bcs_mismatch,125,3.30,10u,PASS,2.594330e+00,5.862946e-01,5.866413e-01,1.555362e-02,1.859255e-10,0.0003467,1.059760e+00
bcs_125,mismatch,116,20261025,bcs,hbt_bcs_mismatch,mos_ff_mismatch,res_bcs_mismatch,125,3.30,10u,PASS,2.565081e+00,5.992102e-01,6.050293e-01,1.395217e-02,1.561486e-10,0.0058191,1.159304e+00
bcs_125,mismatch,117,20261026,bcs,hbt_bcs_mismatch,mos_ff_mismatch,res_bcs_mismatch,125,3.30,10u,PASS,2.602178e+00,5.850794e-01,5.856902e-01,1.619991e-02,1.889820e-10,0.0006108,1.019877e+00
bcs_125,mismatch,118,20261027,bcs,hbt_bcs_mismatch,mos_ff_mismatch,res_bcs_mismatch,125,3.30,10u,PASS,2.574938e+00,5.933355e-01,5.975704e-01,1.502094e-02,1.584336e-10,0.0042349,1.122105e+00
bcs_125,mismatch,119,20261028,bcs,hbt_bcs_mismatch,mos_ff_mismatch,res_bcs_mismatch,125,3.30,10u,PASS,2.565233e+00,5.969905e-01,6.020913e-01,1.545150e-02,1.269080e-10,0.0051008,1.148212e+00
bcs_125,mismatch,120,20261029,bcs,hbt_bcs_mismatch,mos_ff_mismatch,res_bcs_mismatch,125,3.30,10u,PASS,2.583897e+00,5.924760e-01,5.911752e-01,1.639679e-02,1.567681e-10,0.0013008,1.086155e+00
bcs_125,mismatch,121,20261030,bcs,hbt_bcs_mismatch,mos_ff_mismatch,res_bcs_mismatch,125,3.30,10u,PASS,2.611937e+00,5.792399e-01,5.730886e-01,1.693086e-02,1.246201e-10,0.0061513,9.950343e-01
bcs_125,mismatch,122,20261031,bcs,hbt_bcs_mismatch,mos_ff_mismatch,res_bcs_mismatch,125,3.30,10u,PASS,2.593757e+00,5.863542e-01,5.867651e-01,1.493700e-02,1.155769e-10,0.0004109,1.050373e+00
bcs_125,mismatch,123,20261032,bcs,hbt_bcs_mismatch,mos_ff_mismatch,res_bcs_mismatch,125,3.30,10u,PASS,2.610405e+00,5.807624e-01,5.735110e-01,1.695132e-02,1.545901e-10,0.0072514,9.959919e-01
bcs_125,mismatch,124,20261033,bcs,hbt_bcs_mismatch,mos_ff_mismatch,res_bcs_mismatch,125,3.30,10u,PASS,2.595319e+00,5.844729e-01,5.872605e-01,1.686989e-02,2.040680e-10,0.0027876,1.042796e+00
bcs_125,mismatch,125,20261034,bcs,hbt_bcs_mismatch,mos_ff_mismatch,res_bcs_mismatch,125,3.30,10u,PASS,2.586126e+00,5.822049e-01,5.889452e-01,1.904264e-02,1.808135e-10,0.0067403,1.091891e+00
bcs_125,mismatch,126,20261035,bcs,hbt_bcs_mismatch,mos_ff_mismatch,res_bcs_mismatch,125,3.30,10u,PASS,2.598517e+00,5.846823e-01,5.809946e-01,1.722853e-02,1.288906e-10,0.0036877,1.035810e+00
bcs_125,mismatch,127,20261036,bcs,hbt_bcs_mismatch,mos_ff_mismatch,res_bcs_mismatch,125,3.30,10u,PASS,2.586848e+00,5.888069e-01,5.939435e-01,1.521300e-02,1.569555e-10,0.0051366,1.075370e+00
bcs_125,mismatch,128,20261037,bcs,hbt_bcs_mismatch,mos_ff_mismatch,res_bcs_mismatch,125,3.30,10u,PASS,2.585904e+00,5.936806e-01,5.895248e-01,1.469767e-02,1.875739e-10,0.0041558,1.071198e+00
bcs_125,mismatch,129,20261038,bcs,hbt_bcs_mismatch,mos_ff_mismatch,res_bcs_mismatch,125,3.30,10u,PASS,2.588477e+00,5.960358e-01,5.875216e-01,1.444854e-02,1.956927e-10,0.0085142,1.057486e+00
bcs_125,mismatch,130,20261039,bcs,hbt_bcs_mismatch,mos_ff_mismatch,res_bcs_mismatch,125,3.30,10u,PASS,2.593401e+00,5.816594e-01,5.831594e-01,1.786460e-02,1.439934e-10,0.0015,1.053344e+00
bcs_125,mismatch,131,20261040,bcs,hbt_bcs_mismatch,mos_ff_mismatch,res_bcs_mismatch,125,3.30,10u,PASS,2.591071e+00,5.854240e-01,5.884916e-01,1.626763e-02,1.475251e-10,0.0030676,1.058807e+00
bcs_125,mismatch,132,20261041,bcs,hbt_bcs_mismatch,mos_ff_mismatch,res_bcs_mismatch,125,3.30,10u,PASS,2.588755e+00,5.842410e-01,5.906953e-01,1.720407e-02,2.120528e-10,0.0064543,1.067172e+00
bcs_125,mismatch,133,20261042,bcs,hbt_bcs_mismatch,mos_ff_mismatch,res_bcs_mismatch,125,3.30,10u,PASS,2.618451e+00,5.760270e-01,5.668830e-01,1.694858e-02,1.353308e-10,0.009144,9.727224e-01
bcs_125,mismatch,134,20261043,bcs,hbt_bcs_mismatch,mos_ff_mismatch,res_bcs_mismatch,125,3.30,10u,PASS,2.597784e+00,5.788299e-01,5.856590e-01,1.712350e-02,1.657334e-10,0.0068291,1.050145e+00
bcs_125,mismatch,135,20261044,bcs,hbt_bcs_mismatch,mos_ff_mismatch,res_bcs_mismatch,125,3.30,10u,PASS,2.575947e+00,5.930620e-01,5.978142e-01,1.446638e-02,1.839892e-10,0.0047522,1.121042e+00
bcs_125,mismatch,136,20261045,bcs,hbt_bcs_mismatch,mos_ff_mismatch,res_bcs_mismatch,125,3.30,10u,PASS,2.585658e+00,5.890940e-01,5.904750e-01,1.632151e-02,1.259367e-10,0.001381,1.081831e+00
bcs_125,mismatch,137,20261046,bcs,hbt_bcs_mismatch,mos_ff_mismatch,res_bcs_mismatch,125,3.30,10u,PASS,2.580845e+00,5.862589e-01,5.916950e-01,1.638047e-02,1.610260e-10,0.0054361,1.088919e+00
bcs_125,mismatch,138,20261047,bcs,hbt_bcs_mismatch,mos_ff_mismatch,res_bcs_mismatch,125,3.30,10u,PASS,2.636335e+00,5.728744e-01,5.589366e-01,1.739075e-02,2.030922e-10,0.0139378,9.143556e-01
bcs_125,mismatch,139,20261048,bcs,hbt_bcs_mismatch,mos_ff_mismatch,res_bcs_mismatch,125,3.30,10u,PASS,2.591215e+00,5.867387e-01,5.825799e-01,1.479393e-02,1.110875e-10,0.0041588,1.055740e+00
bcs_125,mismatch,140,20261049,bcs,hbt_bcs_mismatch,mos_ff_mismatch,res_bcs_mismatch,125,3.30,10u,PASS,2.603562e+00,5.855245e-01,5.782100e-01,1.655591e-02,1.713874e-10,0.0073145,1.023944e+00
bcs_125,mismatch,141,20261050,bcs,hbt_bcs_mismatch,mos_ff_mismatch,res_bcs_mismatch,125,3.30,10u,PASS,2.610405e+00,5.811072e-01,5.730304e-01,1.783669e-02,1.478313e-10,0.0080768,1.009986e+00
bcs_125,mismatch,142,20261051,bcs,hbt_bcs_mismatch,mos_ff_mismatch,res_bcs_mismatch,125,3.30,10u,PASS,2.590775e+00,5.873511e-01,5.929189e-01,1.626515e-02,1.440882e-10,0.0055678,1.067079e+00
bcs_125,mismatch,143,20261052,bcs,hbt_bcs_mismatch,mos_ff_mismatch,res_bcs_mismatch,125,3.30,10u,PASS,2.599240e+00,5.932827e-01,5.837998e-01,1.515572e-02,1.445147e-10,0.0094829,1.041074e+00
bcs_125,mismatch,144,20261053,bcs,hbt_bcs_mismatch,mos_ff_mismatch,res_bcs_mismatch,125,3.30,10u,PASS,2.590796e+00,5.882117e-01,5.856488e-01,1.483565e-02,1.242832e-10,0.0025629,1.064839e+00
bcs_125,mismatch,145,20261054,bcs,hbt_bcs_mismatch,mos_ff_mismatch,res_bcs_mismatch,125,3.30,10u,PASS,2.600631e+00,5.830701e-01,5.849376e-01,1.723433e-02,1.235894e-10,0.0018675,1.022641e+00
bcs_125,mismatch,146,20261055,bcs,hbt_bcs_mismatch,mos_ff_mismatch,res_bcs_mismatch,125,3.30,10u,PASS,2.589129e+00,5.890740e-01,5.935903e-01,1.633671e-02,1.686219e-10,0.0045163,1.073240e+00
bcs_125,mismatch,147,20261056,bcs,hbt_bcs_mismatch,mos_ff_mismatch,res_bcs_mismatch,125,3.30,10u,PASS,2.579052e+00,5.948845e-01,5.973837e-01,1.531040e-02,1.456713e-10,0.0024992,1.116590e+00
bcs_125,mismatch,148,20261057,bcs,hbt_bcs_mismatch,mos_ff_mismatch,res_bcs_mismatch,125,3.30,10u,PASS,2.604479e+00,5.865610e-01,5.828147e-01,1.692071e-02,1.562281e-10,0.0037463,1.009187e+00
bcs_125,mismatch,149,20261058,bcs,hbt_bcs_mismatch,mos_ff_mismatch,res_bcs_mismatch,125,3.30,10u,PASS,2.597557e+00,5.818410e-01,5.820148e-01,1.626714e-02,2.049318e-10,0.0001738,1.031183e+00
bcs_125,mismatch,150,20261059,bcs,hbt_bcs_mismatch,mos_ff_mismatch,res_bcs_mismatch,125,3.30,10u,PASS,2.607187e+00,5.833045e-01,5.777290e-01,1.694493e-02,1.658089e-10,0.0055755,1.010985e+00
bcs_125,mismatch,151,20261060,bcs,hbt_bcs_mismatch,mos_ff_mismatch,res_bcs_mismatch,125,3.30,10u,PASS,2.594336e+00,5.854033e-01,5.857241e-01,1.650456e-02,1.544329e-10,0.0003208,1.060984e+00
bcs_125,mismatch,152,20261061,bcs,hbt_bcs_mismatch,mos_ff_mismatch,res_bcs_mismatch,125,3.30,10u,PASS,2.571890e+00,5.923787e-01,6.045759e-01,1.397504e-02,1.746390e-10,0.0121972,1.128640e+00
bcs_125,mismatch,153,20261062,bcs,hbt_bcs_mismatch,mos_ff_mismatch,res_bcs_mismatch,125,3.30,10u,PASS,2.596513e+00,5.877838e-01,5.898138e-01,1.501104e-02,1.361905e-10,0.00203,1.038153e+00
bcs_125,mismatch,154,20261063,bcs,hbt_bcs_mismatch,mos_ff_mismatch,res_bcs_mismatch,125,3.30,10u,PASS,2.598167e+00,5.842721e-01,5.859219e-01,1.815923e-02,1.730744e-10,0.0016498,1.047353e+00
bcs_125,mismatch,155,20261064,bcs,hbt_bcs_mismatch,mos_ff_mismatch,res_bcs_mismatch,125,3.30,10u,PASS,2.602175e+00,5.842378e-01,5.854326e-01,1.664091e-02,1.607863e-10,0.0011948,1.018732e+00
bcs_125,mismatch,156,20261065,bcs,hbt_bcs_mismatch,mos_ff_mismatch,res_bcs_mismatch,125,3.30,10u,PASS,2.580942e+00,5.959147e-01,5.937741e-01,1.424167e-02,1.757278e-10,0.0021406,1.096688e+00
bcs_125,mismatch,157,20261066,bcs,hbt_bcs_mismatch,mos_ff_mismatch,res_bcs_mismatch,125,3.30,10u,PASS,2.587068e+00,5.851975e-01,5.920389e-01,1.567084e-02,1.526081e-10,0.0068414,1.078309e+00
bcs_125,mismatch,158,20261067,bcs,hbt_bcs_mismatch,mos_ff_mismatch,res_bcs_mismatch,125,3.30,10u,PASS,2.598198e+00,5.924475e-01,5.871334e-01,1.530088e-02,1.712328e-10,0.0053141,1.037946e+00
bcs_125,mismatch,159,20261068,bcs,hbt_bcs_mismatch,mos_ff_mismatch,res_bcs_mismatch,125,3.30,10u,PASS,2.590145e+00,5.864991e-01,5.871852e-01,1.687233e-02,1.806962e-10,0.0006861,1.053943e+00
bcs_125,mismatch,160,20261069,bcs,hbt_bcs_mismatch,mos_ff_mismatch,res_bcs_mismatch,125,3.30,10u,PASS,2.632631e+00,5.682817e-01,5.606912e-01,2.052679e-02,1.839888e-10,0.0075905,9.313364e-01
bcs_125,mismatch,161,20261070,bcs,hbt_bcs_mismatch,mos_ff_mismatch,res_bcs_mismatch,125,3.30,10u,PASS,2.609023e+00,5.808163e-01,5.824515e-01,1.722262e-02,1.794435e-10,0.0016352,1.013239e+00
bcs_125,mismatch,162,20261071,bcs,hbt_bcs_mismatch,mos_ff_mismatch,res_bcs_mismatch,125,3.30,10u,PASS,2.584823e+00,5.931282e-01,5.899789e-01,1.564563e-02,1.476362e-10,0.0031493,1.093019e+00
bcs_125,mismatch,163,20261072,bcs,hbt_bcs_mismatch,mos_ff_mismatch,res_bcs_mismatch,125,3.30,10u,PASS,2.587619e+00,5.938398e-01,5.916179e-01,1.494388e-02,1.288162e-10,0.0022219,1.065403e+00
bcs_125,mismatch,164,20261073,bcs,hbt_bcs_mismatch,mos_ff_mismatch,res_bcs_mismatch,125,3.30,10u,PASS,2.596747e+00,5.840683e-01,5.903371e-01,1.714937e-02,1.619219e-10,0.0062688,1.041732e+00
bcs_125,mismatch,165,20261074,bcs,hbt_bcs_mismatch,mos_ff_mismatch,res_bcs_mismatch,125,3.30,10u,PASS,2.582447e+00,5.858455e-01,5.907217e-01,1.608008e-02,1.497192e-10,0.0048762,1.094316e+00
bcs_125,mismatch,166,20261075,bcs,hbt_bcs_mismatch,mos_ff_mismatch,res_bcs_mismatch,125,3.30,10u,PASS,2.595711e+00,5.865108e-01,5.894534e-01,1.529899e-02,1.821791e-10,0.0029426,1.043261e+00
bcs_125,mismatch,167,20261076,bcs,hbt_bcs_mismatch,mos_ff_mismatch,res_bcs_mismatch,125,3.30,10u,PASS,2.619394e+00,5.756755e-01,5.698567e-01,1.910275e-02,1.849686e-10,0.0058188,9.673288e-01
bcs_125,mismatch,168,20261077,bcs,hbt_bcs_mismatch,mos_ff_mismatch,res_bcs_mismatch,125,3.30,10u,PASS,2.564588e+00,5.938805e-01,6.030634e-01,1.497882e-02,1.419778e-10,0.0091829,1.151027e+00
bcs_125,mismatch,169,20261078,bcs,hbt_bcs_mismatch,mos_ff_mismatch,res_bcs_mismatch,125,3.30,10u,PASS,2.588062e+00,5.857904e-01,5.889777e-01,1.566812e-02,1.378582e-10,0.0031873,1.067005e+00
bcs_125,mismatch,170,20261079,bcs,hbt_bcs_mismatch,mos_ff_mismatch,res_bcs_mismatch,125,3.30,10u,PASS,2.608220e+00,5.795764e-01,5.784825e-01,1.704871e-02,1.809635e-10,0.0010939,9.980154e-01
bcs_125,mismatch,171,20261080,bcs,hbt_bcs_mismatch,mos_ff_mismatch,res_bcs_mismatch,125,3.30,10u,PASS,2.607910e+00,5.797249e-01,5.750209e-01,1.627574e-02,1.835052e-10,0.004704,1.008916e+00
bcs_125,mismatch,172,20261081,bcs,hbt_bcs_mismatch,mos_ff_mismatch,res_bcs_mismatch,125,3.30,10u,PASS,2.595739e+00,5.803765e-01,5.870101e-01,1.753641e-02,1.567516e-10,0.0066336,1.046028e+00
bcs_125,mismatch,173,20261082,bcs,hbt_bcs_mismatch,mos_ff_mismatch,res_bcs_mismatch,125,3.30,10u,PASS,2.613150e+00,5.788290e-01,5.690172e-01,1.725450e-02,1.784551e-10,0.0098118,9.929263e-01
bcs_125,mismatch,174,20261083,bcs,hbt_bcs_mismatch,mos_ff_mismatch,res_bcs_mismatch,125,3.30,10u,PASS,2.604487e+00,5.807844e-01,5.780102e-01,1.885525e-02,1.771962e-10,0.0027742,1.012291e+00
bcs_125,mismatch,175,20261084,bcs,hbt_bcs_mismatch,mos_ff_mismatch,res_bcs_mismatch,125,3.30,10u,PASS,2.609931e+00,5.812614e-01,5.737976e-01,1.740245e-02,1.397839e-10,0.0074638,1.006633e+00
bcs_125,mismatch,176,20261085,bcs,hbt_bcs_mismatch,mos_ff_mismatch,res_bcs_mismatch,125,3.30,10u,PASS,2.588653e+00,5.875619e-01,5.893603e-01,1.647379e-02,1.464198e-10,0.0017984,1.057875e+00
bcs_125,mismatch,177,20261086,bcs,hbt_bcs_mismatch,mos_ff_mismatch,res_bcs_mismatch,125,3.30,10u,PASS,2.621200e+00,5.717277e-01,5.659214e-01,1.940626e-02,1.652460e-10,0.0058063,9.691508e-01
bcs_125,mismatch,178,20261087,bcs,hbt_bcs_mismatch,mos_ff_mismatch,res_bcs_mismatch,125,3.30,10u,PASS,2.598425e+00,5.914531e-01,5.906287e-01,1.513187e-02,1.507063e-10,0.0008244,1.035788e+00
bcs_125,mismatch,179,20261088,bcs,hbt_bcs_mismatch,mos_ff_mismatch,res_bcs_mismatch,125,3.30,10u,PASS,2.616593e+00,5.741700e-01,5.719013e-01,1.838948e-02,2.000972e-10,0.0022687,9.793312e-01
bcs_125,mismatch,180,20261089,bcs,hbt_bcs_mismatch,mos_ff_mismatch,res_bcs_mismatch,125,3.30,10u,PASS,2.647360e+00,5.676421e-01,5.503673e-01,1.961712e-02,1.511828e-10,0.0172748,8.938827e-01
bcs_125,mismatch,181,20261090,bcs,hbt_bcs_mismatch,mos_ff_mismatch,res_bcs_mismatch,125,3.30,10u,PASS,2.584600e+00,5.925892e-01,5.875721e-01,1.492605e-02,1.390472e-10,0.0050171,1.080340e+00
bcs_125,mismatch,182,20261091,bcs,hbt_bcs_mismatch,mos_ff_mismatch,res_bcs_mismatch,125,3.30,10u,PASS,2.600227e+00,5.897967e-01,5.792182e-01,1.569977e-02,1.636814e-10,0.0105785,1.026310e+00
bcs_125,mismatch,183,20261092,bcs,hbt_bcs_mismatch,mos_ff_mismatch,res_bcs_mismatch,125,3.30,10u,PASS,2.625696e+00,5.730069e-01,5.628256e-01,1.923924e-02,2.022161e-10,0.0101813,9.499349e-01
bcs_125,mismatch,184,20261093,bcs,hbt_bcs_mismatch,mos_ff_mismatch,res_bcs_mismatch,125,3.30,10u,PASS,2.584275e+00,5.904439e-01,5.878763e-01,1.532473e-02,1.487471e-10,0.0025676,1.083392e+00
bcs_125,mismatch,185,20261094,bcs,hbt_bcs_mismatch,mos_ff_mismatch,res_bcs_mismatch,125,3.30,10u,PASS,2.607615e+00,5.758975e-01,5.783675e-01,1.827236e-02,1.714003e-10,0.00247,1.010319e+00
bcs_125,mismatch,186,20261095,bcs,hbt_bcs_mismatch,mos_ff_mismatch,res_bcs_mismatch,125,3.30,10u,PASS,2.604053e+00,5.871731e-01,5.815728e-01,1.732222e-02,1.738599e-10,0.0056003,1.030555e+00
bcs_125,mismatch,187,20261096,bcs,hbt_bcs_mismatch,mos_ff_mismatch,res_bcs_mismatch,125,3.30,10u,PASS,2.592646e+00,5.860657e-01,5.822365e-01,1.744041e-02,1.845681e-10,0.0038292,1.052606e+00
bcs_125,mismatch,188,20261097,bcs,hbt_bcs_mismatch,mos_ff_mismatch,res_bcs_mismatch,125,3.30,10u,PASS,2.578283e+00,5.942369e-01,6.013964e-01,1.544381e-02,1.764890e-10,0.0071595,1.101777e+00
bcs_125,mismatch,189,20261098,bcs,hbt_bcs_mismatch,mos_ff_mismatch,res_bcs_mismatch,125,3.30,10u,PASS,2.591798e+00,5.887447e-01,5.875243e-01,1.630866e-02,1.498088e-10,0.0012204,1.067550e+00
bcs_125,mismatch,190,20261099,bcs,hbt_bcs_mismatch,mos_ff_mismatch,res_bcs_mismatch,125,3.30,10u,PASS,2.579201e+00,5.915374e-01,5.925378e-01,1.467772e-02,1.559666e-10,0.0010004,1.106850e+00
bcs_125,mismatch,191,20261100,bcs,hbt_bcs_mismatch,mos_ff_mismatch,res_bcs_mismatch,125,3.30,10u,PASS,2.624142e+00,5.786200e-01,5.682668e-01,1.812462e-02,2.142890e-10,0.0103532,9.566245e-01
bcs_125,mismatch,192,20261101,bcs,hbt_bcs_mismatch,mos_ff_mismatch,res_bcs_mismatch,125,3.30,10u,PASS,2.576955e+00,5.919817e-01,5.977384e-01,1.587881e-02,1.635738e-10,0.0057567,1.104248e+00
bcs_125,mismatch,193,20261102,bcs,hbt_bcs_mismatch,mos_ff_mismatch,res_bcs_mismatch,125,3.30,10u,PASS,2.591245e+00,5.869786e-01,5.855556e-01,1.741887e-02,1.678079e-10,0.001423,1.063268e+00
bcs_125,mismatch,194,20261103,bcs,hbt_bcs_mismatch,mos_ff_mismatch,res_bcs_mismatch,125,3.30,10u,PASS,2.592054e+00,5.888577e-01,5.871493e-01,1.681879e-02,1.474682e-10,0.0017084,1.054689e+00
bcs_125,mismatch,195,20261104,bcs,hbt_bcs_mismatch,mos_ff_mismatch,res_bcs_mismatch,125,3.30,10u,PASS,2.591367e+00,5.887698e-01,5.898006e-01,1.608115e-02,1.627145e-10,0.0010308,1.059326e+00
bcs_125,mismatch,196,20261105,bcs,hbt_bcs_mismatch,mos_ff_mismatch,res_bcs_mismatch,125,3.30,10u,PASS,2.603050e+00,5.796447e-01,5.805857e-01,1.748851e-02,1.450963e-10,0.000941,1.015214e+00
bcs_125,mismatch,197,20261106,bcs,hbt_bcs_mismatch,mos_ff_mismatch,res_bcs_mismatch,125,3.30,10u,PASS,2.633634e+00,5.774422e-01,5.671186e-01,1.920002e-02,1.658321e-10,0.0103236,9.270946e-01
bcs_125,mismatch,198,20261107,bcs,hbt_bcs_mismatch,mos_ff_mismatch,res_bcs_mismatch,125,3.30,10u,PASS,2.587668e+00,5.912991e-01,5.924861e-01,1.502625e-02,1.503343e-10,0.001187,1.066635e+00
bcs_125,mismatch,199,20261108,bcs,hbt_bcs_mismatch,mos_ff_mismatch,res_bcs_mismatch,125,3.30,10u,PASS,2.620917e+00,5.732660e-01,5.692656e-01,1.944549e-02,1.691497e-10,0.0040004,9.541645e-01
bcs_125,mismatch,200,20261109,bcs,hbt_bcs_mismatch,mos_ff_mismatch,res_bcs_mismatch,125,3.30,10u,PASS,2.624770e+00,5.755153e-01,5.619342e-01,1.892509e-02,1.919281e-10,0.0135811,9.680131e-01
bcs_125,mismatch,201,20261110,bcs,hbt_bcs_mismatch,mos_ff_mismatch,res_bcs_mismatch,125,3.30,10u,PASS,2.566825e+00,5.994272e-01,6.029906e-01,1.414346e-02,1.574564e-10,0.0035634,1.150543e+00
bcs_125,mismatch,202,20261111,bcs,hbt_bcs_mismatch,mos_ff_mismatch,res_bcs_mismatch,125,3.30,10u,PASS,2.617162e+00,5.792740e-01,5.715923e-01,1.803553e-02,1.216516e-10,0.0076817,9.806323e-01
bcs_125,mismatch,203,20261112,bcs,hbt_bcs_mismatch,mos_ff_mismatch,res_bcs_mismatch,125,3.30,10u,PASS,2.606230e+00,5.809847e-01,5.811009e-01,1.734376e-02,1.295693e-10,0.0001162,1.003714e+00
bcs_125,mismatch,204,20261113,bcs,hbt_bcs_mismatch,mos_ff_mismatch,res_bcs_mismatch,125,3.30,10u,PASS,2.598679e+00,5.875680e-01,5.819464e-01,1.639937e-02,1.489525e-10,0.0056216,1.031170e+00
bcs_125,mismatch,205,20261114,bcs,hbt_bcs_mismatch,mos_ff_mismatch,res_bcs_mismatch,125,3.30,10u,PASS,2.589119e+00,5.803021e-01,5.828357e-01,1.767645e-02,1.483900e-10,0.0025336,1.064809e+00
bcs_125,mismatch,206,20261115,bcs,hbt_bcs_mismatch,mos_ff_mismatch,res_bcs_mismatch,125,3.30,10u,PASS,2.592224e+00,5.864181e-01,5.878357e-01,1.605562e-02,1.457761e-10,0.0014176,1.054524e+00
bcs_125,mismatch,207,20261116,bcs,hbt_bcs_mismatch,mos_ff_mismatch,res_bcs_mismatch,125,3.30,10u,PASS,2.611604e+00,5.765436e-01,5.712586e-01,1.734355e-02,1.758916e-10,0.005285,1.001938e+00
bcs_125,mismatch,208,20261117,bcs,hbt_bcs_mismatch,mos_ff_mismatch,res_bcs_mismatch,125,3.30,10u,PASS,2.603288e+00,5.849404e-01,5.821879e-01,1.745215e-02,1.930809e-10,0.0027525,1.027232e+00
bcs_125,mismatch,209,20261118,bcs,hbt_bcs_mismatch,mos_ff_mismatch,res_bcs_mismatch,125,3.30,10u,PASS,2.606460e+00,5.813306e-01,5.768564e-01,1.672859e-02,1.892749e-10,0.0044742,1.004383e+00
bcs_125,mismatch,210,20261119,bcs,hbt_bcs_mismatch,mos_ff_mismatch,res_bcs_mismatch,125,3.30,10u,PASS,2.627710e+00,5.793089e-01,5.679015e-01,1.709938e-02,1.423287e-10,0.0114074,9.489159e-01
bcs_125,mismatch,211,20261120,bcs,hbt_bcs_mismatch,mos_ff_mismatch,res_bcs_mismatch,125,3.30,10u,PASS,2.596714e+00,5.849662e-01,5.804568e-01,1.568465e-02,1.752854e-10,0.0045094,1.047937e+00
bcs_125,mismatch,212,20261121,bcs,hbt_bcs_mismatch,mos_ff_mismatch,res_bcs_mismatch,125,3.30,10u,PASS,2.597828e+00,5.792112e-01,5.865459e-01,1.721977e-02,1.433509e-10,0.0073347,1.034229e+00
bcs_125,mismatch,213,20261122,bcs,hbt_bcs_mismatch,mos_ff_mismatch,res_bcs_mismatch,125,3.30,10u,PASS,2.575495e+00,5.929178e-01,6.011537e-01,1.457305e-02,1.387267e-10,0.0082359,1.109053e+00
bcs_125,mismatch,214,20261123,bcs,hbt_bcs_mismatch,mos_ff_mismatch,res_bcs_mismatch,125,3.30,10u,PASS,2.578856e+00,5.937448e-01,5.995377e-01,1.496383e-02,1.283168e-10,0.0057929,1.111061e+00
bcs_125,mismatch,215,20261124,bcs,hbt_bcs_mismatch,mos_ff_mismatch,res_bcs_mismatch,125,3.30,10u,PASS,2.616234e+00,5.780269e-01,5.686317e-01,1.692748e-02,1.662223e-10,0.0093952,9.725762e-01
bcs_125,mismatch,216,20261125,bcs,hbt_bcs_mismatch,mos_ff_mismatch,res_bcs_mismatch,125,3.30,10u,PASS,2.603550e+00,5.803180e-01,5.757860e-01,1.738236e-02,1.868579e-10,0.004532,1.017226e+00
bcs_125,mismatch,217,20261126,bcs,hbt_bcs_mismatch,mos_ff_mismatch,res_bcs_mismatch,125,3.30,10u,PASS,2.578853e+00,5.973067e-01,5.986678e-01,1.491506e-02,1.573775e-10,0.0013611,1.092358e+00
bcs_125,mismatch,218,20261127,bcs,hbt_bcs_mismatch,mos_ff_mismatch,res_bcs_mismatch,125,3.30,10u,PASS,2.589561e+00,5.920074e-01,5.972817e-01,1.458192e-02,1.462228e-10,0.0052743,1.077227e+00
bcs_125,mismatch,219,20261128,bcs,hbt_bcs_mismatch,mos_ff_mismatch,res_bcs_mismatch,125,3.30,10u,PASS,2.587475e+00,5.920233e-01,5.881904e-01,1.462169e-02,1.149876e-10,0.0038329,1.067232e+00
bcs_125,mismatch,220,20261129,bcs,hbt_bcs_mismatch,mos_ff_mismatch,res_bcs_mismatch,125,3.30,10u,PASS,2.598130e+00,5.885040e-01,5.863585e-01,1.548776e-02,1.551988e-10,0.0021455,1.039945e+00
bcs_125,mismatch,221,20261130,bcs,hbt_bcs_mismatch,mos_ff_mismatch,res_bcs_mismatch,125,3.30,10u,PASS,2.594370e+00,5.857060e-01,5.872273e-01,1.644387e-02,1.737338e-10,0.0015213,1.059493e+00
bcs_125,mismatch,222,20261131,bcs,hbt_bcs_mismatch,mos_ff_mismatch,res_bcs_mismatch,125,3.30,10u,PASS,2.601342e+00,5.851790e-01,5.762480e-01,1.696686e-02,1.989352e-10,0.008931,1.026628e+00
bcs_125,mismatch,223,20261132,bcs,hbt_bcs_mismatch,mos_ff_mismatch,res_bcs_mismatch,125,3.30,10u,PASS,2.597398e+00,5.848316e-01,5.821251e-01,1.660916e-02,1.948696e-10,0.0027065,1.034946e+00
bcs_125,mismatch,224,20261133,bcs,hbt_bcs_mismatch,mos_ff_mismatch,res_bcs_mismatch,125,3.30,10u,PASS,2.600044e+00,5.835315e-01,5.800255e-01,1.731723e-02,1.154907e-10,0.003506,1.023246e+00
bcs_125,mismatch,225,20261134,bcs,hbt_bcs_mismatch,mos_ff_mismatch,res_bcs_mismatch,125,3.30,10u,PASS,2.598738e+00,5.864220e-01,5.891127e-01,1.640418e-02,1.572788e-10,0.0026907,1.026061e+00
bcs_125,mismatch,226,20261135,bcs,hbt_bcs_mismatch,mos_ff_mismatch,res_bcs_mismatch,125,3.30,10u,PASS,2.588205e+00,5.900077e-01,5.940886e-01,1.511734e-02,1.418038e-10,0.0040809,1.074264e+00
bcs_125,mismatch,227,20261136,bcs,hbt_bcs_mismatch,mos_ff_mismatch,res_bcs_mismatch,125,3.30,10u,PASS,2.587338e+00,5.840072e-01,5.904500e-01,1.812031e-02,1.477567e-10,0.0064428,1.065541e+00
bcs_125,mismatch,228,20261137,bcs,hbt_bcs_mismatch,mos_ff_mismatch,res_bcs_mismatch,125,3.30,10u,PASS,2.586641e+00,5.883604e-01,5.910847e-01,1.590710e-02,1.543765e-10,0.0027243,1.073226e+00
bcs_125,mismatch,229,20261138,bcs,hbt_bcs_mismatch,mos_ff_mismatch,res_bcs_mismatch,125,3.30,10u,PASS,2.602093e+00,5.811496e-01,5.794321e-01,1.722006e-02,1.484317e-10,0.0017175,1.021672e+00
bcs_125,mismatch,230,20261139,bcs,hbt_bcs_mismatch,mos_ff_mismatch,res_bcs_mismatch,125,3.30,10u,PASS,2.578563e+00,5.917742e-01,5.972130e-01,1.526093e-02,1.553701e-10,0.0054388,1.105327e+00
bcs_125,mismatch,231,20261140,bcs,hbt_bcs_mismatch,mos_ff_mismatch,res_bcs_mismatch,125,3.30,10u,PASS,2.588697e+00,5.858031e-01,5.888523e-01,1.542520e-02,1.870283e-10,0.0030492,1.065847e+00
bcs_125,mismatch,232,20261141,bcs,hbt_bcs_mismatch,mos_ff_mismatch,res_bcs_mismatch,125,3.30,10u,PASS,2.585559e+00,5.859838e-01,5.872796e-01,1.544240e-02,1.301470e-10,0.0012958,1.086420e+00
bcs_125,mismatch,233,20261142,bcs,hbt_bcs_mismatch,mos_ff_mismatch,res_bcs_mismatch,125,3.30,10u,PASS,2.599935e+00,5.862937e-01,5.853296e-01,1.676712e-02,1.163930e-10,0.0009641,1.030995e+00
bcs_125,mismatch,234,20261143,bcs,hbt_bcs_mismatch,mos_ff_mismatch,res_bcs_mismatch,125,3.30,10u,PASS,2.599818e+00,5.831921e-01,5.875442e-01,1.765437e-02,1.936999e-10,0.0043521,1.036423e+00
bcs_125,mismatch,235,20261144,bcs,hbt_bcs_mismatch,mos_ff_mismatch,res_bcs_mismatch,125,3.30,10u,PASS,2.572844e+00,5.971950e-01,6.053565e-01,1.396271e-02,1.235019e-10,0.0081615,1.138332e+00
bcs_125,mismatch,236,20261145,bcs,hbt_bcs_mismatch,mos_ff_mismatch,res_bcs_mismatch,125,3.30,10u,PASS,2.608358e+00,5.829519e-01,5.749634e-01,1.669792e-02,1.794355e-10,0.0079885,1.004057e+00
bcs_125,mismatch,237,20261146,bcs,hbt_bcs_mismatch,mos_ff_mismatch,res_bcs_mismatch,125,3.30,10u,PASS,2.589537e+00,5.879052e-01,5.880534e-01,1.527824e-02,1.316855e-10,0.0001482,1.058457e+00
bcs_125,mismatch,238,20261147,bcs,hbt_bcs_mismatch,mos_ff_mismatch,res_bcs_mismatch,125,3.30,10u,PASS,2.600207e+00,5.902504e-01,5.849997e-01,1.626157e-02,1.955043e-10,0.0052507,1.023556e+00
bcs_125,mismatch,239,20261148,bcs,hbt_bcs_mismatch,mos_ff_mismatch,res_bcs_mismatch,125,3.30,10u,PASS,2.567859e+00,5.941671e-01,6.007022e-01,1.571390e-02,1.447379e-10,0.0065351,1.138659e+00
bcs_125,mismatch,240,20261149,bcs,hbt_bcs_mismatch,mos_ff_mismatch,res_bcs_mismatch,125,3.30,10u,PASS,2.648766e+00,5.709152e-01,5.603221e-01,1.841819e-02,1.445736e-10,0.0105931,8.792249e-01
bcs_125,mismatch,241,20261150,bcs,hbt_bcs_mismatch,mos_ff_mismatch,res_bcs_mismatch,125,3.30,10u,PASS,2.591572e+00,5.846609e-01,5.802807e-01,1.643516e-02,1.732094e-10,0.0043802,1.050244e+00
bcs_125,mismatch,242,20261151,bcs,hbt_bcs_mismatch,mos_ff_mismatch,res_bcs_mismatch,125,3.30,10u,PASS,2.619032e+00,5.764690e-01,5.741750e-01,1.811665e-02,1.913903e-10,0.002294,9.723513e-01
bcs_125,mismatch,243,20261152,bcs,hbt_bcs_mismatch,mos_ff_mismatch,res_bcs_mismatch,125,3.30,10u,PASS,2.643098e+00,5.694167e-01,5.552290e-01,2.004296e-02,1.427695e-10,0.0141877,8.974325e-01
bcs_125,mismatch,244,20261153,bcs,hbt_bcs_mismatch,mos_ff_mismatch,res_bcs_mismatch,125,3.30,10u,PASS,2.597521e+00,5.820589e-01,5.876259e-01,1.643483e-02,1.482634e-10,0.005567,1.037050e+00
bcs_125,mismatch,245,20261154,bcs,hbt_bcs_mismatch,mos_ff_mismatch,res_bcs_mismatch,125,3.30,10u,PASS,2.605680e+00,5.828798e-01,5.836534e-01,1.605085e-02,1.350915e-10,0.0007736,1.014356e+00
bcs_125,mismatch,246,20261155,bcs,hbt_bcs_mismatch,mos_ff_mismatch,res_bcs_mismatch,125,3.30,10u,PASS,2.611642e+00,5.814930e-01,5.738174e-01,1.612673e-02,1.818351e-10,0.0076756,1.001556e+00
bcs_125,mismatch,247,20261156,bcs,hbt_bcs_mismatch,mos_ff_mismatch,res_bcs_mismatch,125,3.30,10u,PASS,2.601700e+00,5.848782e-01,5.871835e-01,1.636192e-02,1.461003e-10,0.0023053,1.021526e+00
bcs_125,mismatch,248,20261157,bcs,hbt_bcs_mismatch,mos_ff_mismatch,res_bcs_mismatch,125,3.30,10u,PASS,2.591158e+00,5.886376e-01,5.913658e-01,1.662143e-02,1.665510e-10,0.0027282,1.058306e+00
bcs_125,mismatch,249,20261158,bcs,hbt_bcs_mismatch,mos_ff_mismatch,res_bcs_mismatch,125,3.30,10u,PASS,2.615860e+00,5.825255e-01,5.700220e-01,1.594853e-02,1.309454e-10,0.0125035,9.813710e-01
bcs_125,mismatch,250,20261159,bcs,hbt_bcs_mismatch,mos_ff_mismatch,res_bcs_mismatch,125,3.30,10u,PASS,2.585541e+00,5.894777e-01,5.900297e-01,1.508066e-02,1.351418e-10,0.000552,1.078881e+00
bcs_125,mismatch,251,20261160,bcs,hbt_bcs_mismatch,mos_ff_mismatch,res_bcs_mismatch,125,3.30,10u,PASS,2.613958e+00,5.768085e-01,5.727726e-01,1.767926e-02,1.807557e-10,0.0040359,9.706271e-01
bcs_125,mismatch,252,20261161,bcs,hbt_bcs_mismatch,mos_ff_mismatch,res_bcs_mismatch,125,3.30,10u,PASS,2.597332e+00,5.836873e-01,5.825016e-01,1.662556e-02,1.671065e-10,0.0011857,1.044871e+00
bcs_125,mismatch,253,20261162,bcs,hbt_bcs_mismatch,mos_ff_mismatch,res_bcs_mismatch,125,3.30,10u,PASS,2.579849e+00,5.932388e-01,5.965999e-01,1.540706e-02,1.357068e-10,0.0033611,1.102879e+00
bcs_125,mismatch,254,20261163,bcs,hbt_bcs_mismatch,mos_ff_mismatch,res_bcs_mismatch,125,3.30,10u,PASS,2.592907e+00,5.886242e-01,5.838289e-01,1.511973e-02,1.717761e-10,0.0047953,1.041674e+00
bcs_125,mismatch,255,20261164,bcs,hbt_bcs_mismatch,mos_ff_mismatch,res_bcs_mismatch,125,3.30,10u,PASS,2.587779e+00,5.855165e-01,5.896846e-01,1.676045e-02,1.429708e-10,0.0041681,1.065968e+00
bcs_125,mismatch,256,20261165,bcs,hbt_bcs_mismatch,mos_ff_mismatch,res_bcs_mismatch,125,3.30,10u,PASS,2.587660e+00,5.869512e-01,5.936172e-01,1.703616e-02,1.471375e-10,0.006666,1.075694e+00
bcs_125,mismatch,257,20261166,bcs,hbt_bcs_mismatch,mos_ff_mismatch,res_bcs_mismatch,125,3.30,10u,PASS,2.580258e+00,5.995321e-01,5.907691e-01,1.376501e-02,1.785557e-10,0.008763,1.093087e+00
bcs_125,mismatch,258,20261167,bcs,hbt_bcs_mismatch,mos_ff_mismatch,res_bcs_mismatch,125,3.30,10u,PASS,2.576389e+00,5.926614e-01,5.949441e-01,1.556722e-02,1.901647e-10,0.0022827,1.114877e+00
bcs_125,mismatch,259,20261168,bcs,hbt_bcs_mismatch,mos_ff_mismatch,res_bcs_mismatch,125,3.30,10u,PASS,2.588292e+00,5.833482e-01,5.857356e-01,1.546332e-02,1.605139e-10,0.0023874,1.075958e+00
bcs_125,mismatch,260,20261169,bcs,hbt_bcs_mismatch,mos_ff_mismatch,res_bcs_mismatch,125,3.30,10u,PASS,2.590568e+00,5.856122e-01,5.850559e-01,1.629726e-02,2.012715e-10,0.0005563,1.068505e+00
bcs_125,mismatch,261,20261170,bcs,hbt_bcs_mismatch,mos_ff_mismatch,res_bcs_mismatch,125,3.30,10u,PASS,2.595625e+00,5.841535e-01,5.893531e-01,1.746946e-02,1.455534e-10,0.0051996,1.032424e+00
bcs_125,mismatch,262,20261171,bcs,hbt_bcs_mismatch,mos_ff_mismatch,res_bcs_mismatch,125,3.30,10u,PASS,2.606052e+00,5.797550e-01,5.775954e-01,1.609981e-02,1.342576e-10,0.0021596,1.011186e+00
bcs_125,mismatch,263,20261172,bcs,hbt_bcs_mismatch,mos_ff_mismatch,res_bcs_mismatch,125,3.30,10u,PASS,2.589620e+00,5.881528e-01,5.915183e-01,1.562419e-02,1.515109e-10,0.0033655,1.059051e+00
bcs_125,mismatch,264,20261173,bcs,hbt_bcs_mismatch,mos_ff_mismatch,res_bcs_mismatch,125,3.30,10u,PASS,2.579009e+00,5.934054e-01,6.016752e-01,1.481582e-02,2.072747e-10,0.0082698,1.115228e+00
bcs_125,mismatch,265,20261174,bcs,hbt_bcs_mismatch,mos_ff_mismatch,res_bcs_mismatch,125,3.30,10u,PASS,2.603559e+00,5.886614e-01,5.862082e-01,1.534276e-02,1.721052e-10,0.0024532,1.014198e+00
bcs_125,mismatch,266,20261175,bcs,hbt_bcs_mismatch,mos_ff_mismatch,res_bcs_mismatch,125,3.30,10u,PASS,2.580895e+00,5.940122e-01,5.961638e-01,1.560475e-02,1.662180e-10,0.0021516,1.091477e+00
bcs_125,mismatch,267,20261176,bcs,hbt_bcs_mismatch,mos_ff_mismatch,res_bcs_mismatch,125,3.30,10u,PASS,2.590862e+00,5.929961e-01,5.900924e-01,1.566023e-02,1.357168e-10,0.0029037,1.065514e+00
bcs_125,mismatch,268,20261177,bcs,hbt_bcs_mismatch,mos_ff_mismatch,res_bcs_mismatch,125,3.30,10u,PASS,2.602160e+00,5.872779e-01,5.805850e-01,1.700449e-02,1.662383e-10,0.0066929,1.027109e+00
bcs_125,mismatch,269,20261178,bcs,hbt_bcs_mismatch,mos_ff_mismatch,res_bcs_mismatch,125,3.30,10u,PASS,2.615182e+00,5.774410e-01,5.727072e-01,1.692668e-02,1.501158e-10,0.0047338,9.869461e-01
bcs_125,mismatch,270,20261179,bcs,hbt_bcs_mismatch,mos_ff_mismatch,res_bcs_mismatch,125,3.30,10u,PASS,2.591280e+00,5.847581e-01,5.835848e-01,1.714597e-02,1.407195e-10,0.0011733,1.065496e+00
bcs_125,mismatch,271,20261180,bcs,hbt_bcs_mismatch,mos_ff_mismatch,res_bcs_mismatch,125,3.30,10u,PASS,2.599274e+00,5.857556e-01,5.805157e-01,1.628525e-02,1.619996e-10,0.0052399,1.031212e+00
bcs_125,mismatch,272,20261181,bcs,hbt_bcs_mismatch,mos_ff_mismatch,res_bcs_mismatch,125,3.30,10u,PASS,2.597839e+00,5.821012e-01,5.840157e-01,1.672282e-02,1.563213e-10,0.0019145,1.034994e+00
bcs_125,mismatch,273,20261182,bcs,hbt_bcs_mismatch,mos_ff_mismatch,res_bcs_mismatch,125,3.30,10u,PASS,2.600661e+00,5.795293e-01,5.867447e-01,1.694662e-02,1.458513e-10,0.0072154,1.028304e+00
bcs_125,mismatch,274,20261183,bcs,hbt_bcs_mismatch,mos_ff_mismatch,res_bcs_mismatch,125,3.30,10u,PASS,2.615158e+00,5.752638e-01,5.788259e-01,1.886148e-02,1.565256e-10,0.0035621,9.849083e-01
bcs_125,mismatch,275,20261184,bcs,hbt_bcs_mismatch,mos_ff_mismatch,res_bcs_mismatch,125,3.30,10u,PASS,2.596854e+00,5.797934e-01,5.821970e-01,1.691504e-02,1.735611e-10,0.0024036,1.044513e+00
bcs_125,mismatch,276,20261185,bcs,hbt_bcs_mismatch,mos_ff_mismatch,res_bcs_mismatch,125,3.30,10u,PASS,2.602898e+00,5.828290e-01,5.801247e-01,1.622221e-02,1.362386e-10,0.0027043,1.033108e+00
bcs_125,mismatch,277,20261186,bcs,hbt_bcs_mismatch,mos_ff_mismatch,res_bcs_mismatch,125,3.30,10u,PASS,2.595027e+00,5.841543e-01,5.847862e-01,1.818742e-02,1.348873e-10,0.0006319,1.043726e+00
bcs_125,mismatch,278,20261187,bcs,hbt_bcs_mismatch,mos_ff_mismatch,res_bcs_mismatch,125,3.30,10u,PASS,2.577529e+00,5.932077e-01,5.965076e-01,1.504201e-02,1.260404e-10,0.0032999,1.114883e+00
bcs_125,mismatch,279,20261188,bcs,hbt_bcs_mismatch,mos_ff_mismatch,res_bcs_mismatch,125,3.30,10u,PASS,2.570134e+00,5.970831e-01,6.054586e-01,1.419157e-02,1.808897e-10,0.0083755,1.133101e+00
bcs_125,mismatch,280,20261189,bcs,hbt_bcs_mismatch,mos_ff_mismatch,res_bcs_mismatch,125,3.30,10u,PASS,2.597224e+00,5.835273e-01,5.807804e-01,1.580637e-02,1.659826e-10,0.0027469,1.038936e+00
bcs_125,mismatch,281,20261190,bcs,hbt_bcs_mismatch,mos_ff_mismatch,res_bcs_mismatch,125,3.30,10u,PASS,2.610888e+00,5.774167e-01,5.794048e-01,1.888118e-02,2.076011e-10,0.0019881,1.004440e+00
bcs_125,mismatch,282,20261191,bcs,hbt_bcs_mismatch,mos_ff_mismatch,res_bcs_mismatch,125,3.30,10u,PASS,2.613490e+00,5.773757e-01,5.715562e-01,1.665731e-02,1.285277e-10,0.0058195,9.925865e-01
bcs_125,mismatch,283,20261192,bcs,hbt_bcs_mismatch,mos_ff_mismatch,res_bcs_mismatch,125,3.30,10u,PASS,2.582710e+00,5.975221e-01,5.929836e-01,1.427176e-02,1.416655e-10,0.0045385,1.095203e+00
bcs_125,mismatch,284,20261193,bcs,hbt_bcs_mismatch,mos_ff_mismatch,res_bcs_mismatch,125,3.30,10u,PASS,2.618542e+00,5.793228e-01,5.754716e-01,1.704075e-02,1.670576e-10,0.0038512,9.722420e-01
bcs_125,mismatch,285,20261194,bcs,hbt_bcs_mismatch,mos_ff_mismatch,res_bcs_mismatch,125,3.30,10u,PASS,2.583836e+00,5.926435e-01,5.998823e-01,1.530693e-02,1.558374e-10,0.0072388,1.089406e+00
bcs_125,mismatch,286,20261195,bcs,hbt_bcs_mismatch,mos_ff_mismatch,res_bcs_mismatch,125,3.30,10u,PASS,2.605136e+00,5.854028e-01,5.818111e-01,1.520285e-02,1.363901e-10,0.0035917,1.009392e+00
bcs_125,mismatch,287,20261196,bcs,hbt_bcs_mismatch,mos_ff_mismatch,res_bcs_mismatch,125,3.30,10u,PASS,2.593625e+00,5.858761e-01,5.909565e-01,1.629440e-02,1.283162e-10,0.0050804,1.051990e+00
bcs_125,mismatch,288,20261197,bcs,hbt_bcs_mismatch,mos_ff_mismatch,res_bcs_mismatch,125,3.30,10u,PASS,2.604195e+00,5.857429e-01,5.773611e-01,1.623303e-02,1.224845e-10,0.0083818,1.014110e+00
bcs_125,mismatch,289,20261198,bcs,hbt_bcs_mismatch,mos_ff_mismatch,res_bcs_mismatch,125,3.30,10u,PASS,2.570492e+00,5.977896e-01,5.981483e-01,1.436311e-02,1.656159e-10,0.0003587,1.125368e+00
bcs_125,mismatch,290,20261199,bcs,hbt_bcs_mismatch,mos_ff_mismatch,res_bcs_mismatch,125,3.30,10u,PASS,2.613636e+00,5.856168e-01,5.796114e-01,1.702124e-02,1.591251e-10,0.0060054,9.779109e-01
bcs_125,mismatch,291,20261200,bcs,hbt_bcs_mismatch,mos_ff_mismatch,res_bcs_mismatch,125,3.30,10u,PASS,2.589656e+00,5.890544e-01,5.912869e-01,1.614495e-02,1.419847e-10,0.0022325,1.067504e+00
bcs_125,mismatch,292,20261201,bcs,hbt_bcs_mismatch,mos_ff_mismatch,res_bcs_mismatch,125,3.30,10u,PASS,2.604660e+00,5.831738e-01,5.819253e-01,1.668829e-02,1.470664e-10,0.0012485,1.016281e+00
bcs_125,mismatch,293,20261202,bcs,hbt_bcs_mismatch,mos_ff_mismatch,res_bcs_mismatch,125,3.30,10u,PASS,2.596792e+00,5.936303e-01,5.932801e-01,1.504315e-02,1.729162e-10,0.0003502,1.045528e+00
bcs_125,mismatch,294,20261203,bcs,hbt_bcs_mismatch,mos_ff_mismatch,res_bcs_mismatch,125,3.30,10u,PASS,2.612697e+00,5.749991e-01,5.743206e-01,1.821663e-02,1.389529e-10,0.0006785,9.855112e-01
bcs_125,mismatch,295,20261204,bcs,hbt_bcs_mismatch,mos_ff_mismatch,res_bcs_mismatch,125,3.30,10u,PASS,2.600624e+00,5.850164e-01,5.854430e-01,1.602052e-02,1.278327e-10,0.0004266,1.023280e+00
bcs_125,mismatch,296,20261205,bcs,hbt_bcs_mismatch,mos_ff_mismatch,res_bcs_mismatch,125,3.30,10u,PASS,2.567480e+00,6.041826e-01,6.048670e-01,1.372401e-02,1.405238e-10,0.0006844,1.132033e+00
bcs_125,mismatch,297,20261206,bcs,hbt_bcs_mismatch,mos_ff_mismatch,res_bcs_mismatch,125,3.30,10u,PASS,2.605548e+00,5.811951e-01,5.849368e-01,1.723424e-02,1.245504e-10,0.0037417,1.008030e+00
bcs_125,mismatch,298,20261207,bcs,hbt_bcs_mismatch,mos_ff_mismatch,res_bcs_mismatch,125,3.30,10u,PASS,2.576485e+00,5.971190e-01,5.980479e-01,1.505377e-02,1.594381e-10,0.0009289,1.111491e+00
bcs_125,mismatch,299,20261208,bcs,hbt_bcs_mismatch,mos_ff_mismatch,res_bcs_mismatch,125,3.30,10u,PASS,2.579835e+00,5.918563e-01,5.979425e-01,1.528255e-02,1.863053e-10,0.0060862,1.086472e+00
wcs_n40,mismatch,0,20260909,wcs,hbt_wcs_mismatch,mos_ss_mismatch,res_wcs_mismatch,-40,3.30,10u,PASS,2.420224e+00,7.916420e-01,7.856207e-01,6.666126e-03,2.670083e-15,0.0060213,1.043145e+00
wcs_n40,mismatch,1,20260910,wcs,hbt_wcs_mismatch,mos_ss_mismatch,res_wcs_mismatch,-40,3.30,10u,PASS,2.422104e+00,7.837423e-01,7.848543e-01,7.061975e-03,2.682093e-15,0.001112,1.031227e+00
wcs_n40,mismatch,2,20260911,wcs,hbt_wcs_mismatch,mos_ss_mismatch,res_wcs_mismatch,-40,3.30,10u,PASS,2.409672e+00,7.908027e-01,7.953998e-01,5.980281e-03,2.654876e-15,0.0045971,1.085060e+00
wcs_n40,mismatch,3,20260912,wcs,hbt_wcs_mismatch,mos_ss_mismatch,res_wcs_mismatch,-40,3.30,10u,PASS,2.421741e+00,7.884296e-01,7.866519e-01,7.260176e-03,2.670572e-15,0.0017777,1.044220e+00
wcs_n40,mismatch,4,20260913,wcs,hbt_wcs_mismatch,mos_ss_mismatch,res_wcs_mismatch,-40,3.30,10u,PASS,2.421865e+00,7.897534e-01,7.872390e-01,6.465183e-03,2.670608e-15,0.0025144,1.036444e+00
wcs_n40,mismatch,5,20260914,wcs,hbt_wcs_mismatch,mos_ss_mismatch,res_wcs_mismatch,-40,3.30,10u,PASS,2.406222e+00,7.921236e-01,7.997288e-01,6.179180e-03,2.648200e-15,0.0076052,1.091161e+00
wcs_n40,mismatch,6,20260915,wcs,hbt_wcs_mismatch,mos_ss_mismatch,res_wcs_mismatch,-40,3.30,10u,PASS,2.430780e+00,7.864380e-01,7.821712e-01,7.106984e-03,2.687260e-15,0.0042668,1.006788e+00
wcs_n40,mismatch,7,20260916,wcs,hbt_wcs_mismatch,mos_ss_mismatch,res_wcs_mismatch,-40,3.30,10u,PASS,2.421472e+00,7.908666e-01,7.872530e-01,6.446681e-03,2.675111e-15,0.0036136,1.046490e+00
wcs_n40,mismatch,8,20260917,wcs,hbt_wcs_mismatch,mos_ss_mismatch,res_wcs_mismatch,-40,3.30,10u,PASS,2.394853e+00,7.949344e-01,8.071243e-01,6.229741e-03,2.637899e-15,0.0121899,1.145279e+00
wcs_n40,mismatch,9,20260918,wcs,hbt_wcs_mismatch,mos_ss_mismatch,res_wcs_mismatch,-40,3.30,10u,PASS,2.407271e+00,7.919413e-01,7.965561e-01,6.544848e-03,2.648590e-15,0.0046148,1.090026e+00
wcs_n40,mismatch,10,20260919,wcs,hbt_wcs_mismatch,mos_ss_mismatch,res_wcs_mismatch,-40,3.30,10u,PASS,2.419244e+00,7.898049e-01,7.881846e-01,7.448681e-03,2.668157e-15,0.0016203,1.057768e+00
wcs_n40,mismatch,11,20260920,wcs,hbt_wcs_mismatch,mos_ss_mismatch,res_wcs_mismatch,-40,3.30,10u,PASS,2.430754e+00,7.830866e-01,7.840999e-01,7.185003e-03,2.685407e-15,0.0010133,1.012977e+00
wcs_n40,mismatch,12,20260921,wcs,hbt_wcs_mismatch,mos_ss_mismatch,res_wcs_mismatch,-40,3.30,10u,PASS,2.421543e+00,7.884737e-01,7.859865e-01,6.164819e-03,2.669503e-15,0.0024872,1.042450e+00
wcs_n40,mismatch,13,20260922,wcs,hbt_wcs_mismatch,mos_ss_mismatch,res_wcs_mismatch,-40,3.30,10u,PASS,2.435927e+00,7.850243e-01,7.716625e-01,6.967744e-03,2.700020e-15,0.0133618,9.920317e-01
wcs_n40,mismatch,14,20260923,wcs,hbt_wcs_mismatch,mos_ss_mismatch,res_wcs_mismatch,-40,3.30,10u,PASS,2.417063e+00,7.876256e-01,7.923312e-01,6.544926e-03,2.659371e-15,0.0047056,1.044493e+00
wcs_n40,mismatch,15,20260924,wcs,hbt_wcs_mismatch,mos_ss_mismatch,res_wcs_mismatch,-40,3.30,10u,PASS,2.401198e+00,7.960733e-01,8.017604e-01,5.966351e-03,2.651206e-15,0.0056871,1.109421e+00
wcs_n40,mismatch,16,20260925,wcs,hbt_wcs_mismatch,mos_ss_mismatch,res_wcs_mismatch,-40,3.30,10u,PASS,2.422602e+00,7.914829e-01,7.858094e-01,6.392498e-03,2.675798e-15,0.0056735,1.048243e+00
wcs_n40,mismatch,17,20260926,wcs,hbt_wcs_mismatch,mos_ss_mismatch,res_wcs_mismatch,-40,3.30,10u,PASS,2.403086e+00,7.917033e-01,7.988344e-01,6.486280e-03,2.645175e-15,0.0071311,1.111990e+00
wcs_n40,mismatch,18,20260927,wcs,hbt_wcs_mismatch,mos_ss_mismatch,res_wcs_mismatch,-40,3.30,10u,PASS,2.427248e+00,7.846407e-01,7.776581e-01,6.590153e-03,2.679686e-15,0.0069826,1.018235e+00
wcs_n40,mismatch,19,20260928,wcs,hbt_wcs_mismatch,mos_ss_mismatch,res_wcs_mismatch,-40,3.30,10u,PASS,2.417706e+00,7.889764e-01,7.905515e-01,6.372561e-03,2.662606e-15,0.0015751,1.059088e+00
wcs_n40,mismatch,20,20260929,wcs,hbt_wcs_mismatch,mos_ss_mismatch,res_wcs_mismatch,-40,3.30,10u,PASS,2.442501e+00,7.777420e-01,7.735527e-01,8.181701e-03,2.705020e-15,0.0041893,9.702624e-01
wcs_n40,mismatch,21,20260930,wcs,hbt_wcs_mismatch,mos_ss_mismatch,res_wcs_mismatch,-40,3.30,10u,PASS,2.430789e+00,7.824980e-01,7.789582e-01,8.518259e-03,2.689677e-15,0.0035398,1.009492e+00
wcs_n40,mismatch,22,20260931,wcs,hbt_wcs_mismatch,mos_ss_mismatch,res_wcs_mismatch,-40,3.30,10u,PASS,2.402520e+00,7.935137e-01,8.007344e-01,6.448744e-03,2.657034e-15,0.0072207,1.115187e+00
wcs_n40,mismatch,23,20260932,wcs,hbt_wcs_mismatch,mos_ss_mismatch,res_wcs_mismatch,-40,3.30,10u,PASS,2.434778e+00,7.843363e-01,7.735491e-01,6.666221e-03,2.689936e-15,0.0107872,1.003006e+00
wcs_n40,mismatch,24,20260933,wcs,hbt_wcs_mismatch,mos_ss_mismatch,res_wcs_mismatch,-40,3.30,10u,PASS,2.425113e+00,7.872452e-01,7.871704e-01,6.893769e-03,2.679736e-15,7.48e-05,1.017588e+00
wcs_n40,mismatch,25,20260934,wcs,hbt_wcs_mismatch,mos_ss_mismatch,res_wcs_mismatch,-40,3.30,10u,PASS,2.432027e+00,7.830412e-01,7.801645e-01,7.386671e-03,2.695183e-15,0.0028767,1.002157e+00
wcs_n40,mismatch,26,20260935,wcs,hbt_wcs_mismatch,mos_ss_mismatch,res_wcs_mismatch,-40,3.30,10u,PASS,2.420333e+00,7.880577e-01,7.901520e-01,6.962294e-03,2.674352e-15,0.0020943,1.043547e+00
wcs_n40,mismatch,27,20260936,wcs,hbt_wcs_mismatch,mos_ss_mismatch,res_wcs_mismatch,-40,3.30,10u,PASS,2.425222e+00,7.853336e-01,7.851047e-01,7.360628e-03,2.674470e-15,0.0002289,1.031638e+00
wcs_n40,mismatch,28,20260937,wcs,hbt_wcs_mismatch,mos_ss_mismatch,res_wcs_mismatch,-40,3.30,10u,PASS,2.403861e+00,7.900972e-01,8.021104e-01,6.222243e-03,2.655096e-15,0.0120132,1.097926e+00
wcs_n40,mismatch,29,20260938,wcs,hbt_wcs_mismatch,mos_ss_mismatch,res_wcs_mismatch,-40,3.30,10u,PASS,2.407809e+00,7.931492e-01,8.004920e-01,7.078003e-03,2.649553e-15,0.0073428,1.089393e+00
wcs_n40,mismatch,30,20260939,wcs,hbt_wcs_mismatch,mos_ss_mismatch,res_wcs_mismatch,-40,3.30,10u,PASS,2.422534e+00,7.881237e-01,7.848152e-01,6.836858e-03,2.673996e-15,0.0033085,1.039074e+00
wcs_n40,mismatch,31,20260940,wcs,hbt_wcs_mismatch,mos_ss_mismatch,res_wcs_mismatch,-40,3.30,10u,PASS,2.416879e+00,7.904716e-01,7.896022e-01,6.513314e-03,2.660893e-15,0.0008694,1.050461e+00
wcs_n40,mismatch,32,20260941,wcs,hbt_wcs_mismatch,mos_ss_mismatch,res_wcs_mismatch,-40,3.30,10u,PASS,2.418624e+00,7.868607e-01,7.951328e-01,6.893624e-03,2.672972e-15,0.0082721,1.057737e+00
wcs_n40,mismatch,33,20260942,wcs,hbt_wcs_mismatch,mos_ss_mismatch,res_wcs_mismatch,-40,3.30,10u,PASS,2.402534e+00,7.957623e-01,7.965493e-01,5.969443e-03,2.647039e-15,0.000787,1.107983e+00
wcs_n40,mismatch,34,20260943,wcs,hbt_wcs_mismatch,mos_ss_mismatch,res_wcs_mismatch,-40,3.30,10u,PASS,2.425630e+00,7.887046e-01,7.866795e-01,7.271935e-03,2.679073e-15,0.0020251,1.030215e+00
wcs_n40,mismatch,35,20260944,wcs,hbt_wcs_mismatch,mos_ss_mismatch,res_wcs_mismatch,-40,3.30,10u,PASS,2.407735e+00,7.889626e-01,7.935143e-01,7.082022e-03,2.655758e-15,0.0045517,1.085045e+00
wcs_n40,mismatch,36,20260945,wcs,hbt_wcs_mismatch,mos_ss_mismatch,res_wcs_mismatch,-40,3.30,10u,PASS,2.428591e+00,7.847263e-01,7.822597e-01,7.085973e-03,2.684658e-15,0.0024666,1.018064e+00
wcs_n40,mismatch,37,20260946,wcs,hbt_wcs_mismatch,mos_ss_mismatch,res_wcs_mismatch,-40,3.30,10u,PASS,2.418597e+00,7.855810e-01,7.882429e-01,7.128690e-03,2.671548e-15,0.0026619,1.051750e+00
wcs_n40,mismatch,38,20260947,wcs,hbt_wcs_mismatch,mos_ss_mismatch,res_wcs_mismatch,-40,3.30,10u,PASS,2.404314e+00,7.911498e-01,7.974692e-01,6.593671e-03,2.646604e-15,0.0063194,1.092233e+00
wcs_n40,mismatch,39,20260948,wcs,hbt_wcs_mismatch,mos_ss_mismatch,res_wcs_mismatch,-40,3.30,10u,PASS,2.428250e+00,7.858726e-01,7.887801e-01,7.180109e-03,2.685820e-15,0.0029075,1.012156e+00
wcs_n40,mismatch,40,20260949,wcs,hbt_wcs_mismatch,mos_ss_mismatch,res_wcs_mismatch,-40,3.30,10u,PASS,2.438913e+00,7.818411e-01,7.750985e-01,7.123712e-03,2.696337e-15,0.0067426,9.988228e-01
wcs_n40,mismatch,41,20260950,wcs,hbt_wcs_mismatch,mos_ss_mismatch,res_wcs_mismatch,-40,3.30,10u,PASS,2.410177e+00,7.920895e-01,7.949859e-01,6.122024e-03,2.665242e-15,0.0028964,1.075237e+00
wcs_n40,mismatch,42,20260951,wcs,hbt_wcs_mismatch,mos_ss_mismatch,res_wcs_mismatch,-40,3.30,10u,PASS,2.455351e+00,7.754361e-01,7.663753e-01,8.129451e-03,2.726714e-15,0.0090608,9.329868e-01
wcs_n40,mismatch,43,20260952,wcs,hbt_wcs_mismatch,mos_ss_mismatch,res_wcs_mismatch,-40,3.30,10u,PASS,2.432505e+00,7.841980e-01,7.804545e-01,7.170671e-03,2.689814e-15,0.0037435,1.000906e+00
wcs_n40,mismatch,44,20260953,wcs,hbt_wcs_mismatch,mos_ss_mismatch,res_wcs_mismatch,-40,3.30,10u,PASS,2.400289e+00,7.922784e-01,8.018998e-01,5.852454e-03,2.641963e-15,0.0096214,1.109690e+00
wcs_n40,mismatch,45,20260954,wcs,hbt_wcs_mismatch,mos_ss_mismatch,res_wcs_mismatch,-40,3.30,10u,PASS,2.431653e+00,7.860923e-01,7.814700e-01,7.029920e-03,2.683094e-15,0.0046223,1.005498e+00
wcs_n40,mismatch,46,20260955,wcs,hbt_wcs_mismatch,mos_ss_mismatch,res_wcs_mismatch,-40,3.30,10u,PASS,2.413597e+00,7.890623e-01,7.912076e-01,6.327944e-03,2.667010e-15,0.0021453,1.072319e+00
wcs_n40,mismatch,47,20260956,wcs,hbt_wcs_mismatch,mos_ss_mismatch,res_wcs_mismatch,-40,3.30,10u,PASS,2.407694e+00,7.899839e-01,7.930996e-01,6.159611e-03,2.655034e-15,0.0031157,1.084007e+00
wcs_n40,mismatch,48,20260957,wcs,hbt_wcs_mismatch,mos_ss_mismatch,res_wcs_mismatch,-40,3.30,10u,PASS,2.437861e+00,7.828024e-01,7.741145e-01,6.867729e-03,2.702636e-15,0.0086879,9.909336e-01
wcs_n40,mismatch,49,20260958,wcs,hbt_wcs_mismatch,mos_ss_mismatch,res_wcs_mismatch,-40,3.30,10u,PASS,2.399237e+00,7.918815e-01,8.020715e-01,6.706946e-03,2.637949e-15,0.01019,1.116203e+00
wcs_n40,mismatch,50,20260959,wcs,hbt_wcs_mismatch,mos_ss_mismatch,res_wcs_mismatch,-40,3.30,10u,PASS,2.431727e+00,7.824719e-01,7.778193e-01,7.527975e-03,2.682865e-15,0.0046526,1.012251e+00
wcs_n40,mismatch,51,20260960,wcs,hbt_wcs_mismatch,mos_ss_mismatch,res_wcs_mismatch,-40,3.30,10u,PASS,2.435408e+00,7.850240e-01,7.779523e-01,6.855590e-03,2.690232e-15,0.0070717,9.913211e-01
wcs_n40,mismatch,52,20260961,wcs,hbt_wcs_mismatch,mos_ss_mismatch,res_wcs_mismatch,-40,3.30,10u,PASS,2.414577e+00,7.888509e-01,7.890628e-01,6.301714e-03,2.657826e-15,0.0002119,1.063316e+00
wcs_n40,mismatch,53,20260962,wcs,hbt_wcs_mismatch,mos_ss_mismatch,res_wcs_mismatch,-40,3.30,10u,PASS,2.448871e+00,7.787080e-01,7.728832e-01,8.784933e-03,2.715709e-15,0.0058248,9.519720e-01
wcs_n40,mismatch,54,20260963,wcs,hbt_wcs_mismatch,mos_ss_mismatch,res_wcs_mismatch,-40,3.30,10u,PASS,2.409499e+00,7.905247e-01,7.933142e-01,6.459545e-03,2.655700e-15,0.0027895,1.084641e+00
wcs_n40,mismatch,55,20260964,wcs,hbt_wcs_mismatch,mos_ss_mismatch,res_wcs_mismatch,-40,3.30,10u,PASS,2.417806e+00,7.874060e-01,7.901006e-01,6.943692e-03,2.662418e-15,0.0026946,1.060946e+00
wcs_n40,mismatch,56,20260965,wcs,hbt_wcs_mismatch,mos_ss_mismatch,res_wcs_mismatch,-40,3.30,10u,PASS,2.412672e+00,7.869295e-01,7.937399e-01,6.826849e-03,2.661836e-15,0.0068104,1.074037e+00
wcs_n40,mismatch,57,20260966,wcs,hbt_wcs_mismatch,mos_ss_mismatch,res_wcs_mismatch,-40,3.30,10u,PASS,2.414457e+00,7.914503e-01,7.935630e-01,6.365664e-03,2.664527e-15,0.0021127,1.051157e+00
wcs_n40,mismatch,58,20260967,wcs,hbt_wcs_mismatch,mos_ss_mismatch,res_wcs_mismatch,-40,3.30,10u,PASS,2.413379e+00,7.913695e-01,7.967248e-01,6.648930e-03,2.657163e-15,0.0053553,1.063652e+00
wcs_n40,mismatch,59,20260968,wcs,hbt_wcs_mismatch,mos_ss_mismatch,res_wcs_mismatch,-40,3.30,10u,PASS,2.440749e+00,7.823215e-01,7.726417e-01,7.849623e-03,2.703585e-15,0.0096798,9.758450e-01
wcs_n40,mismatch,60,20260969,wcs,hbt_wcs_mismatch,mos_ss_mismatch,res_wcs_mismatch,-40,3.30,10u,PASS,2.416779e+00,7.884752e-01,7.893475e-01,6.569837e-03,2.666717e-15,0.0008723,1.051940e+00
wcs_n40,mismatch,61,20260970,wcs,hbt_wcs_mismatch,mos_ss_mismatch,res_wcs_mismatch,-40,3.30,10u,PASS,2.429916e+00,7.867122e-01,7.791492e-01,6.784514e-03,2.684156e-15,0.007563,1.019297e+00
wcs_n40,mismatch,62,20260971,wcs,hbt_wcs_mismatch,mos_ss_mismatch,res_wcs_mismatch,-40,3.30,10u,PASS,2.430152e+00,7.863503e-01,7.791373e-01,6.697150e-03,2.680528e-15,0.007213,1.009539e+00
wcs_n40,mismatch,63,20260972,wcs,hbt_wcs_mismatch,mos_ss_mismatch,res_wcs_mismatch,-40,3.30,10u,PASS,2.416522e+00,7.879026e-01,7.885726e-01,6.835173e-03,2.678521e-15,0.00067,1.046843e+00
wcs_n40,mismatch,64,20260973,wcs,hbt_wcs_mismatch,mos_ss_mismatch,res_wcs_mismatch,-40,3.30,10u,PASS,2.415531e+00,7.901931e-01,7.895227e-01,6.586043e-03,2.663706e-15,0.0006704,1.060034e+00
wcs_n40,mismatch,65,20260974,wcs,hbt_wcs_mismatch,mos_ss_mismatch,res_wcs_mismatch,-40,3.30,10u,PASS,2.417833e+00,7.905129e-01,7.919705e-01,6.556671e-03,2.667153e-15,0.0014576,1.056382e+00
wcs_n40,mismatch,66,20260975,wcs,hbt_wcs_mismatch,mos_ss_mismatch,res_wcs_mismatch,-40,3.30,10u,PASS,2.420754e+00,7.840959e-01,7.895763e-01,7.172843e-03,2.671762e-15,0.0054804,1.031620e+00
wcs_n40,mismatch,67,20260976,wcs,hbt_wcs_mismatch,mos_ss_mismatch,res_wcs_mismatch,-40,3.30,10u,PASS,2.427835e+00,7.851039e-01,7.763721e-01,6.861668e-03,2.678959e-15,0.0087318,1.015152e+00
wcs_n40,mismatch,68,20260977,wcs,hbt_wcs_mismatch,mos_ss_mismatch,res_wcs_mismatch,-40,3.30,10u,PASS,2.430613e+00,7.839106e-01,7.791512e-01,6.858847e-03,2.687786e-15,0.0047594,1.008086e+00
wcs_n40,mismatch,69,20260978,wcs,hbt_wcs_mismatch,mos_ss_mismatch,res_wcs_mismatch,-40,3.30,10u,PASS,2.434899e+00,7.849845e-01,7.739238e-01,6.904284e-03,2.695484e-15,0.0110607,9.996734e-01
wcs_n40,mismatch,70,20260979,wcs,hbt_wcs_mismatch,mos_ss_mismatch,res_wcs_mismatch,-40,3.30,10u,PASS,2.414337e+00,7.885002e-01,7.905103e-01,7.032783e-03,2.660087e-15,0.0020101,1.065755e+00
wcs_n40,mismatch,71,20260980,wcs,hbt_wcs_mismatch,mos_ss_mismatch,res_wcs_mismatch,-40,3.30,10u,PASS,2.421978e+00,7.906117e-01,7.845278e-01,6.822647e-03,2.675941e-15,0.0060839,1.041334e+00
wcs_n40,mismatch,72,20260981,wcs,hbt_wcs_mismatch,mos_ss_mismatch,res_wcs_mismatch,-40,3.30,10u,PASS,2.424688e+00,7.869546e-01,7.823984e-01,6.801708e-03,2.676595e-15,0.0045562,1.028045e+00
wcs_n40,mismatch,73,20260982,wcs,hbt_wcs_mismatch,mos_ss_mismatch,res_wcs_mismatch,-40,3.30,10u,PASS,2.401747e+00,8.003064e-01,8.030272e-01,5.370452e-03,2.645659e-15,0.0027208,1.110870e+00
wcs_n40,mismatch,74,20260983,wcs,hbt_wcs_mismatch,mos_ss_mismatch,res_wcs_mismatch,-40,3.30,10u,PASS,2.419541e+00,7.905729e-01,7.900124e-01,5.994712e-03,2.672230e-15,0.0005605,1.056934e+00
wcs_n40,mismatch,75,20260984,wcs,hbt_wcs_mismatch,mos_ss_mismatch,res_wcs_mismatch,-40,3.30,10u,PASS,2.406610e+00,7.896872e-01,7.958400e-01,6.049539e-03,2.648910e-15,0.0061528,1.105849e+00
wcs_n40,mismatch,76,20260985,wcs,hbt_wcs_mismatch,mos_ss_mismatch,res_wcs_mismatch,-40,3.30,10u,PASS,2.425161e+00,7.887296e-01,7.880170e-01,6.394555e-03,2.676761e-15,0.0007126,1.032430e+00
wcs_n40,mismatch,77,20260986,wcs,hbt_wcs_mismatch,mos_ss_mismatch,res_wcs_mismatch,-40,3.30,10u,PASS,2.410392e+00,7.910134e-01,7.947844e-01,5.998477e-03,2.659172e-15,0.003771,1.071621e+00
wcs_n40,mismatch,78,20260987,wcs,hbt_wcs_mismatch,mos_ss_mismatch,res_wcs_mismatch,-40,3.30,10u,PASS,2.422028e+00,7.888070e-01,7.886720e-01,6.833423e-03,2.673227e-15,0.000135,1.038290e+00
wcs_n40,mismatch,79,20260988,wcs,hbt_wcs_mismatch,mos_ss_mismatch,res_wcs_mismatch,-40,3.30,10u,PASS,2.411479e+00,7.901398e-01,7.895140e-01,6.749982e-03,2.652362e-15,0.0006258,1.073179e+00
wcs_n40,mismatch,80,20260989,wcs,hbt_wcs_mismatch,mos_ss_mismatch,res_wcs_mismatch,-40,3.30,10u,PASS,2.414490e+00,7.884913e-01,7.922204e-01,6.743556e-03,2.663241e-15,0.0037291,1.063746e+00
wcs_n40,mismatch,81,20260990,wcs,hbt_wcs_mismatch,mos_ss_mismatch,res_wcs_mismatch,-40,3.30,10u,PASS,2.421622e+00,7.893276e-01,7.885031e-01,6.581001e-03,2.673846e-15,0.0008245,1.041818e+00
wcs_n40,mismatch,82,20260991,wcs,hbt_wcs_mismatch,mos_ss_mismatch,res_wcs_mismatch,-40,3.30,10u,PASS,2.420844e+00,7.873602e-01,7.866346e-01,6.839281e-03,2.670677e-15,0.0007256,1.047854e+00
wcs_n40,mismatch,83,20260992,wcs,hbt_wcs_mismatch,mos_ss_mismatch,res_wcs_mismatch,-40,3.30,10u,PASS,2.397151e+00,7.965448e-01,8.025114e-01,6.249646e-03,2.640776e-15,0.0059666,1.108684e+00
wcs_n40,mismatch,84,20260993,wcs,hbt_wcs_mismatch,mos_ss_mismatch,res_wcs_mismatch,-40,3.30,10u,PASS,2.414291e+00,7.954620e-01,7.946139e-01,5.641445e-03,2.658548e-15,0.0008481,1.061961e+00
wcs_n40,mismatch,85,20260994,wcs,hbt_wcs_mismatch,mos_ss_mismatch,res_wcs_mismatch,-40,3.30,10u,PASS,2.421785e+00,7.853435e-01,7.843053e-01,7.286883e-03,2.676270e-15,0.0010382,1.032874e+00
wcs_n40,mismatch,86,20260995,wcs,hbt_wcs_mismatch,mos_ss_mismatch,res_wcs_mismatch,-40,3.30,10u,PASS,2.416617e+00,7.880949e-01,7.900151e-01,6.046729e-03,2.664603e-15,0.0019202,1.052620e+00
wcs_n40,mismatch,87,20260996,wcs,hbt_wcs_mismatch,mos_ss_mismatch,res_wcs_mismatch,-40,3.30,10u,PASS,2.412201e+00,7.918680e-01,7.912650e-01,6.975195e-03,2.663074e-15,0.000603,1.071919e+00
wcs_n40,mismatch,88,20260997,wcs,hbt_wcs_mismatch,mos_ss_mismatch,res_wcs_mismatch,-40,3.30,10u,PASS,2.396715e+00,7.930707e-01,8.011912e-01,5.820107e-03,2.646226e-15,0.0081205,1.131602e+00
wcs_n40,mismatch,89,20260998,wcs,hbt_wcs_mismatch,mos_ss_mismatch,res_wcs_mismatch,-40,3.30,10u,PASS,2.394782e+00,7.957531e-01,8.049745e-01,6.048680e-03,2.635445e-15,0.0092214,1.129312e+00
wcs_n40,mismatch,90,20260999,wcs,hbt_wcs_mismatch,mos_ss_mismatch,res_wcs_mismatch,-40,3.30,10u,PASS,2.424825e+00,7.856987e-01,7.845725e-01,6.689328e-03,2.677278e-15,0.0011262,1.025900e+00
wcs_n40,mismatch,91,20261000,wcs,hbt_wcs_mismatch,mos_ss_mismatch,res_wcs_mismatch,-40,3.30,10u,PASS,2.434731e+00,7.870656e-01,7.792526e-01,6.823645e-03,2.691976e-15,0.007813,9.954666e-01
wcs_n40,mismatch,92,20261001,wcs,hbt_wcs_mismatch,mos_ss_mismatch,res_wcs_mismatch,-40,3.30,10u,PASS,2.406771e+00,7.946215e-01,7.985998e-01,6.173387e-03,2.647898e-15,0.0039783,1.096856e+00
wcs_n40,mismatch,93,20261002,wcs,hbt_wcs_mismatch,mos_ss_mismatch,res_wcs_mismatch,-40,3.30,10u,PASS,2.442350e+00,7.800728e-01,7.699697e-01,7.767464e-03,2.705917e-15,0.0101031,9.822069e-01
wcs_n40,mismatch,94,20261003,wcs,hbt_wcs_mismatch,mos_ss_mismatch,res_wcs_mismatch,-40,3.30,10u,PASS,2.410482e+00,7.937488e-01,7.952501e-01,5.879398e-03,2.658176e-15,0.0015013,1.076679e+00
wcs_n40,mismatch,95,20261004,wcs,hbt_wcs_mismatch,mos_ss_mismatch,res_wcs_mismatch,-40,3.30,10u,PASS,2.400264e+00,7.966919e-01,8.020871e-01,6.060747e-03,2.647263e-15,0.0053952,1.114840e+00
wcs_n40,mismatch,96,20261005,wcs,hbt_wcs_mismatch,mos_ss_mismatch,res_wcs_mismatch,-40,3.30,10u,PASS,2.417265e+00,7.933506e-01,7.908852e-01,6.519689e-03,2.667292e-15,0.0024654,1.061568e+00
wcs_n40,mismatch,97,20261006,wcs,hbt_wcs_mismatch,mos_ss_mismatch,res_wcs_mismatch,-40,3.30,10u,PASS,2.427589e+00,7.885910e-01,7.847891e-01,6.776426e-03,2.680044e-15,0.0038019,1.025889e+00
wcs_n40,mismatch,98,20261007,wcs,hbt_wcs_mismatch,mos_ss_mismatch,res_wcs_mismatch,-40,3.30,10u,PASS,2.423827e+00,7.887436e-01,7.844371e-01,6.281380e-03,2.673762e-15,0.0043065,1.037201e+00
wcs_n40,mismatch,99,20261008,wcs,hbt_wcs_mismatch,mos_ss_mismatch,res_wcs_mismatch,-40,3.30,10u,PASS,2.428708e+00,7.846049e-01,7.818632e-01,7.311006e-03,2.685276e-15,0.0027417,1.023173e+00
wcs_n40,mismatch,100,20261009,wcs,hbt_wcs_mismatch,mos_ss_mismatch,res_wcs_mismatch,-40,3.30,10u,PASS,2.434777e+00,7.848444e-01,7.777668e-01,7.806898e-03,2.703748e-15,0.0070776,9.972292e-01
wcs_n40,mismatch,101,20261010,wcs,hbt_wcs_mismatch,mos_ss_mismatch,res_wcs_mismatch,-40,3.30,10u,PASS,2.420569e+00,7.880034e-01,7.851974e-01,6.613228e-03,2.673556e-15,0.002806,1.046834e+00
wcs_n40,mismatch,102,20261011,wcs,hbt_wcs_mismatch,mos_ss_mismatch,res_wcs_mismatch,-40,3.30,10u,PASS,2.413546e+00,7.854608e-01,7.910469e-01,7.004599e-03,2.658674e-15,0.0055861,1.058804e+00
wcs_n40,mismatch,103,20261012,wcs,hbt_wcs_mismatch,mos_ss_mismatch,res_wcs_mismatch,-40,3.30,10u,PASS,2.407833e+00,7.928140e-01,7.975341e-01,6.361408e-03,2.653364e-15,0.0047201,1.091170e+00
wcs_n40,mismatch,104,20261013,wcs,hbt_wcs_mismatch,mos_ss_mismatch,res_wcs_mismatch,-40,3.30,10u,PASS,2.420070e+00,7.907767e-01,7.897337e-01,6.073435e-03,2.670015e-15,0.001043,1.044261e+00
wcs_n40,mismatch,105,20261014,wcs,hbt_wcs_mismatch,mos_ss_mismatch,res_wcs_mismatch,-40,3.30,10u,PASS,2.428953e+00,7.862182e-01,7.808523e-01,6.808027e-03,2.682144e-15,0.0053659,1.015861e+00
wcs_n40,mismatch,106,20261015,wcs,hbt_wcs_mismatch,mos_ss_mismatch,res_wcs_mismatch,-40,3.30,10u,PASS,2.470434e+00,7.725771e-01,7.565828e-01,9.901379e-03,2.742710e-15,0.0159943,8.996135e-01
wcs_n40,mismatch,107,20261016,wcs,hbt_wcs_mismatch,mos_ss_mismatch,res_wcs_mismatch,-40,3.30,10u,PASS,2.420771e+00,7.935105e-01,7.878877e-01,6.050843e-03,2.666105e-15,0.0056228,1.042948e+00
wcs_n40,mismatch,108,20261017,wcs,hbt_wcs_mismatch,mos_ss_mismatch,res_wcs_mismatch,-40,3.30,10u,PASS,2.425075e+00,7.899408e-01,7.802941e-01,7.020807e-03,2.674609e-15,0.0096467,1.025196e+00
wcs_n40,mismatch,109,20261018,wcs,hbt_wcs_mismatch,mos_ss_mismatch,res_wcs_mismatch,-40,3.30,10u,PASS,2.417959e+00,7.913197e-01,7.899698e-01,6.152381e-03,2.665786e-15,0.0013499,1.059634e+00
wcs_n40,mismatch,110,20261019,wcs,hbt_wcs_mismatch,mos_ss_mismatch,res_wcs_mismatch,-40,3.30,10u,PASS,2.428656e+00,7.840330e-01,7.815818e-01,6.886321e-03,2.683674e-15,0.0024512,1.015010e+00
wcs_n40,mismatch,111,20261020,wcs,hbt_wcs_mismatch,mos_ss_mismatch,res_wcs_mismatch,-40,3.30,10u,PASS,2.415153e+00,7.901209e-01,7.941270e-01,6.059545e-03,2.662835e-15,0.0040061,1.056701e+00
wcs_n40,mismatch,112,20261021,wcs,hbt_wcs_mismatch,mos_ss_mismatch,res_wcs_mismatch,-40,3.30,10u,PASS,2.420590e+00,7.904671e-01,7.888017e-01,6.192280e-03,2.675085e-15,0.0016654,1.051281e+00
wcs_n40,mismatch,113,20261022,wcs,hbt_wcs_mismatch,mos_ss_mismatch,res_wcs_mismatch,-40,3.30,10u,PASS,2.426383e+00,7.884464e-01,7.832596e-01,6.824803e-03,2.681167e-15,0.0051868,1.022386e+00
wcs_n40,mismatch,114,20261023,wcs,hbt_wcs_mismatch,mos_ss_mismatch,res_wcs_mismatch,-40,3.30,10u,PASS,2.414848e+00,7.891724e-01,7.918992e-01,6.811411e-03,2.665070e-15,0.0027268,1.070879e+00
wcs_n40,mismatch,115,20261024,wcs,hbt_wcs_mismatch,mos_ss_mismatch,res_wcs_mismatch,-40,3.30,10u,PASS,2.417200e+00,7.894208e-01,7.898689e-01,6.355811e-03,2.674786e-15,0.0004481,1.063987e+00
wcs_n40,mismatch,116,20261025,wcs,hbt_wcs_mismatch,mos_ss_mismatch,res_wcs_mismatch,-40,3.30,10u,PASS,2.395735e+00,7.980353e-01,8.047781e-01,5.708182e-03,2.639346e-15,0.0067428,1.140402e+00
wcs_n40,mismatch,117,20261026,wcs,hbt_wcs_mismatch,mos_ss_mismatch,res_wcs_mismatch,-40,3.30,10u,PASS,2.419591e+00,7.891135e-01,7.894160e-01,6.678872e-03,2.677649e-15,0.0003025,1.043799e+00
wcs_n40,mismatch,118,20261027,wcs,hbt_wcs_mismatch,mos_ss_mismatch,res_wcs_mismatch,-40,3.30,10u,PASS,2.403594e+00,7.940505e-01,7.987408e-01,6.088652e-03,2.650146e-15,0.0046903,1.109210e+00
wcs_n40,mismatch,119,20261028,wcs,hbt_wcs_mismatch,mos_ss_mismatch,res_wcs_mismatch,-40,3.30,10u,PASS,2.396044e+00,7.967081e-01,8.020576e-01,6.432805e-03,2.633289e-15,0.0053495,1.129875e+00
wcs_n40,mismatch,120,20261029,wcs,hbt_wcs_mismatch,mos_ss_mismatch,res_wcs_mismatch,-40,3.30,10u,PASS,2.413218e+00,7.923911e-01,7.910290e-01,7.137426e-03,2.662725e-15,0.0013621,1.069482e+00
wcs_n40,mismatch,121,20261030,wcs,hbt_wcs_mismatch,mos_ss_mismatch,res_wcs_mismatch,-40,3.30,10u,PASS,2.432834e+00,7.837599e-01,7.779226e-01,6.811267e-03,2.682560e-15,0.0058373,1.003966e+00
wcs_n40,mismatch,122,20261031,wcs,hbt_wcs_mismatch,mos_ss_mismatch,res_wcs_mismatch,-40,3.30,10u,PASS,2.415601e+00,7.900468e-01,7.909477e-01,5.896692e-03,2.657879e-15,0.0009009,1.059817e+00
wcs_n40,mismatch,123,20261032,wcs,hbt_wcs_mismatch,mos_ss_mismatch,res_wcs_mismatch,-40,3.30,10u,PASS,2.431132e+00,7.845605e-01,7.782784e-01,7.028292e-03,2.686014e-15,0.0062821,1.008185e+00
wcs_n40,mismatch,124,20261033,wcs,hbt_wcs_mismatch,mos_ss_mismatch,res_wcs_mismatch,-40,3.30,10u,PASS,2.414288e+00,7.891431e-01,7.920357e-01,7.009367e-03,2.673555e-15,0.0028926,1.062822e+00
wcs_n40,mismatch,125,20261034,wcs,hbt_wcs_mismatch,mos_ss_mismatch,res_wcs_mismatch,-40,3.30,10u,PASS,2.407874e+00,7.881026e-01,7.949054e-01,7.848390e-03,2.659149e-15,0.0068028,1.100875e+00
wcs_n40,mismatch,126,20261035,wcs,hbt_wcs_mismatch,mos_ss_mismatch,res_wcs_mismatch,-40,3.30,10u,PASS,2.420643e+00,7.881561e-01,7.848684e-01,7.058702e-03,2.666538e-15,0.0032877,1.043680e+00
wcs_n40,mismatch,127,20261036,wcs,hbt_wcs_mismatch,mos_ss_mismatch,res_wcs_mismatch,-40,3.30,10u,PASS,2.408611e+00,7.919545e-01,7.972905e-01,6.053704e-03,2.656228e-15,0.005336,1.087482e+00
wcs_n40,mismatch,128,20261037,wcs,hbt_wcs_mismatch,mos_ss_mismatch,res_wcs_mismatch,-40,3.30,10u,PASS,2.414277e+00,7.932585e-01,7.899068e-01,6.081987e-03,2.671375e-15,0.0033517,1.056320e+00
wcs_n40,mismatch,129,20261038,wcs,hbt_wcs_mismatch,mos_ss_mismatch,res_wcs_mismatch,-40,3.30,10u,PASS,2.421787e+00,7.929693e-01,7.852866e-01,6.130769e-03,2.683819e-15,0.0076827,1.029904e+00
wcs_n40,mismatch,130,20261039,wcs,hbt_wcs_mismatch,mos_ss_mismatch,res_wcs_mismatch,-40,3.30,10u,PASS,2.414193e+00,7.873542e-01,7.890336e-01,7.279877e-03,2.660411e-15,0.0016794,1.066097e+00
wcs_n40,mismatch,131,20261040,wcs,hbt_wcs_mismatch,mos_ss_mismatch,res_wcs_mismatch,-40,3.30,10u,PASS,2.412326e+00,7.896680e-01,7.928905e-01,6.586000e-03,2.658964e-15,0.0032225,1.069305e+00
wcs_n40,mismatch,132,20261041,wcs,hbt_wcs_mismatch,mos_ss_mismatch,res_wcs_mismatch,-40,3.30,10u,PASS,2.407636e+00,7.898614e-01,7.964655e-01,6.891645e-03,2.666904e-15,0.0066041,1.088081e+00
wcs_n40,mismatch,133,20261042,wcs,hbt_wcs_mismatch,mos_ss_mismatch,res_wcs_mismatch,-40,3.30,10u,PASS,2.437661e+00,7.817222e-01,7.730020e-01,6.821324e-03,2.690881e-15,0.0087202,9.887755e-01
wcs_n40,mismatch,134,20261043,wcs,hbt_wcs_mismatch,mos_ss_mismatch,res_wcs_mismatch,-40,3.30,10u,PASS,2.413743e+00,7.866670e-01,7.939945e-01,6.649182e-03,2.663609e-15,0.0073275,1.079823e+00
wcs_n40,mismatch,135,20261044,wcs,hbt_wcs_mismatch,mos_ss_mismatch,res_wcs_mismatch,-40,3.30,10u,PASS,2.403174e+00,7.940776e-01,7.988233e-01,5.811762e-03,2.655135e-15,0.0047457,1.113620e+00
wcs_n40,mismatch,136,20261045,wcs,hbt_wcs_mismatch,mos_ss_mismatch,res_wcs_mismatch,-40,3.30,10u,PASS,2.411010e+00,7.912576e-01,7.933979e-01,6.900264e-03,2.653339e-15,0.0021403,1.077479e+00
wcs_n40,mismatch,137,20261046,wcs,hbt_wcs_mismatch,mos_ss_mismatch,res_wcs_mismatch,-40,3.30,10u,PASS,2.403988e+00,7.905605e-01,7.963623e-01,6.584234e-03,2.650618e-15,0.0058018,1.095839e+00
wcs_n40,mismatch,138,20261047,wcs,hbt_wcs_mismatch,mos_ss_mismatch,res_wcs_mismatch,-40,3.30,10u,PASS,2.456353e+00,7.770507e-01,7.634649e-01,7.232152e-03,2.731004e-15,0.0135858,9.316505e-01
wcs_n40,mismatch,139,20261048,wcs,hbt_wcs_mismatch,mos_ss_mismatch,res_wcs_mismatch,-40,3.30,10u,PASS,2.416303e+00,7.894127e-01,7.858626e-01,5.865850e-03,2.657972e-15,0.0035501,1.055563e+00
wcs_n40,mismatch,140,20261049,wcs,hbt_wcs_mismatch,mos_ss_mismatch,res_wcs_mismatch,-40,3.30,10u,PASS,2.429324e+00,7.869381e-01,7.798422e-01,7.075066e-03,2.686747e-15,0.0070959,1.019670e+00
wcs_n40,mismatch,141,20261050,wcs,hbt_wcs_mismatch,mos_ss_mismatch,res_wcs_mismatch,-40,3.30,10u,PASS,2.433083e+00,7.846767e-01,7.768644e-01,7.463144e-03,2.686983e-15,0.0078123,1.012526e+00
wcs_n40,mismatch,142,20261051,wcs,hbt_wcs_mismatch,mos_ss_mismatch,res_wcs_mismatch,-40,3.30,10u,PASS,2.412395e+00,7.904388e-01,7.959153e-01,6.550410e-03,2.657936e-15,0.0054765,1.074204e+00
wcs_n40,mismatch,143,20261052,wcs,hbt_wcs_mismatch,mos_ss_mismatch,res_wcs_mismatch,-40,3.30,10u,PASS,2.426237e+00,7.917454e-01,7.827683e-01,6.416022e-03,2.677751e-15,0.0089771,1.032645e+00
wcs_n40,mismatch,144,20261053,wcs,hbt_wcs_mismatch,mos_ss_mismatch,res_wcs_mismatch,-40,3.30,10u,PASS,2.416678e+00,7.901786e-01,7.878160e-01,5.995430e-03,2.660744e-15,0.0023626,1.060246e+00
wcs_n40,mismatch,145,20261054,wcs,hbt_wcs_mismatch,mos_ss_mismatch,res_wcs_mismatch,-40,3.30,10u,PASS,2.418516e+00,7.878631e-01,7.899106e-01,7.194374e-03,2.662541e-15,0.0020475,1.042293e+00
wcs_n40,mismatch,146,20261055,wcs,hbt_wcs_mismatch,mos_ss_mismatch,res_wcs_mismatch,-40,3.30,10u,PASS,2.410241e+00,7.920960e-01,7.974407e-01,6.743015e-03,2.661102e-15,0.0053447,1.086381e+00
wcs_n40,mismatch,147,20261056,wcs,hbt_wcs_mismatch,mos_ss_mismatch,res_wcs_mismatch,-40,3.30,10u,PASS,2.406123e+00,7.947667e-01,7.979133e-01,6.360591e-03,2.650421e-15,0.0031466,1.106429e+00
wcs_n40,mismatch,148,20261057,wcs,hbt_wcs_mismatch,mos_ss_mismatch,res_wcs_mismatch,-40,3.30,10u,PASS,2.424635e+00,7.890830e-01,7.859783e-01,7.175526e-03,2.676700e-15,0.0031047,1.024642e+00
wcs_n40,mismatch,149,20261058,wcs,hbt_wcs_mismatch,mos_ss_mismatch,res_wcs_mismatch,-40,3.30,10u,PASS,2.418708e+00,7.868426e-01,7.877498e-01,6.528218e-03,2.681018e-15,0.0009072,1.041702e+00
wcs_n40,mismatch,150,20261059,wcs,hbt_wcs_mismatch,mos_ss_mismatch,res_wcs_mismatch,-40,3.30,10u,PASS,2.429888e+00,7.861849e-01,7.801238e-01,7.118749e-03,2.686249e-15,0.0060611,1.015472e+00
wcs_n40,mismatch,151,20261060,wcs,hbt_wcs_mismatch,mos_ss_mismatch,res_wcs_mismatch,-40,3.30,10u,PASS,2.417912e+00,7.886825e-01,7.893035e-01,6.850648e-03,2.668474e-15,0.000621,1.060796e+00
wcs_n40,mismatch,152,20261061,wcs,hbt_wcs_mismatch,mos_ss_mismatch,res_wcs_mismatch,-40,3.30,10u,PASS,2.396106e+00,7.947829e-01,8.072612e-01,5.480735e-03,2.643375e-15,0.0124783,1.131456e+00
wcs_n40,mismatch,153,20261062,wcs,hbt_wcs_mismatch,mos_ss_mismatch,res_wcs_mismatch,-40,3.30,10u,PASS,2.416736e+00,7.907129e-01,7.931128e-01,5.973343e-03,2.663156e-15,0.0023999,1.053778e+00
wcs_n40,mismatch,154,20261063,wcs,hbt_wcs_mismatch,mos_ss_mismatch,res_wcs_mismatch,-40,3.30,10u,PASS,2.419030e+00,7.882400e-01,7.900426e-01,7.706735e-03,2.673187e-15,0.0018026,1.058942e+00
wcs_n40,mismatch,155,20261064,wcs,hbt_wcs_mismatch,mos_ss_mismatch,res_wcs_mismatch,-40,3.30,10u,PASS,2.420423e+00,7.885655e-01,7.899176e-01,6.771851e-03,2.672179e-15,0.0013521,1.037283e+00
wcs_n40,mismatch,156,20261065,wcs,hbt_wcs_mismatch,mos_ss_mismatch,res_wcs_mismatch,-40,3.30,10u,PASS,2.411047e+00,7.947085e-01,7.930734e-01,5.848875e-03,2.664696e-15,0.0016351,1.077306e+00
wcs_n40,mismatch,157,20261066,wcs,hbt_wcs_mismatch,mos_ss_mismatch,res_wcs_mismatch,-40,3.30,10u,PASS,2.406027e+00,7.905165e-01,7.976612e-01,6.095498e-03,2.651450e-15,0.0071447,1.095345e+00
wcs_n40,mismatch,158,20261067,wcs,hbt_wcs_mismatch,mos_ss_mismatch,res_wcs_mismatch,-40,3.30,10u,PASS,2.422902e+00,7.918940e-01,7.872240e-01,6.378696e-03,2.679125e-15,0.00467,1.035590e+00
wcs_n40,mismatch,159,20261068,wcs,hbt_wcs_mismatch,mos_ss_mismatch,res_wcs_mismatch,-40,3.30,10u,PASS,2.413732e+00,7.899264e-01,7.910078e-01,7.056513e-03,2.668086e-15,0.0010814,1.059786e+00
wcs_n40,mismatch,160,20261069,wcs,hbt_wcs_mismatch,mos_ss_mismatch,res_wcs_mismatch,-40,3.30,10u,PASS,2.447643e+00,7.763715e-01,7.690921e-01,8.641902e-03,2.713613e-15,0.0072794,9.603490e-01
wcs_n40,mismatch,161,20261070,wcs,hbt_wcs_mismatch,mos_ss_mismatch,res_wcs_mismatch,-40,3.30,10u,PASS,2.425034e+00,7.863136e-01,7.881995e-01,6.881144e-03,2.682004e-15,0.0018859,1.037314e+00
wcs_n40,mismatch,162,20261071,wcs,hbt_wcs_mismatch,mos_ss_mismatch,res_wcs_mismatch,-40,3.30,10u,PASS,2.415924e+00,7.921694e-01,7.890589e-01,6.641705e-03,2.664293e-15,0.0031105,1.069439e+00
wcs_n40,mismatch,163,20261072,wcs,hbt_wcs_mismatch,mos_ss_mismatch,res_wcs_mismatch,-40,3.30,10u,PASS,2.413045e+00,7.940234e-01,7.925826e-01,6.196787e-03,2.656850e-15,0.0014408,1.063485e+00
wcs_n40,mismatch,164,20261073,wcs,hbt_wcs_mismatch,mos_ss_mismatch,res_wcs_mismatch,-40,3.30,10u,PASS,2.412533e+00,7.894450e-01,7.958091e-01,6.878452e-03,2.662235e-15,0.0063641,1.073827e+00
wcs_n40,mismatch,165,20261074,wcs,hbt_wcs_mismatch,mos_ss_mismatch,res_wcs_mismatch,-40,3.30,10u,PASS,2.408711e+00,7.894163e-01,7.941972e-01,6.608064e-03,2.655460e-15,0.0047809,1.085808e+00
wcs_n40,mismatch,166,20261075,wcs,hbt_wcs_mismatch,mos_ss_mismatch,res_wcs_mismatch,-40,3.30,10u,PASS,2.416604e+00,7.900160e-01,7.930919e-01,6.119725e-03,2.672603e-15,0.0030759,1.055438e+00
wcs_n40,mismatch,167,20261076,wcs,hbt_wcs_mismatch,mos_ss_mismatch,res_wcs_mismatch,-40,3.30,10u,PASS,2.434610e+00,7.826133e-01,7.775670e-01,7.970655e-03,2.696100e-15,0.0050463,9.970403e-01
wcs_n40,mismatch,168,20261077,wcs,hbt_wcs_mismatch,mos_ss_mismatch,res_wcs_mismatch,-40,3.30,10u,PASS,2.390943e+00,7.958914e-01,8.059358e-01,5.914929e-03,2.629475e-15,0.0100444,1.150098e+00
wcs_n40,mismatch,169,20261078,wcs,hbt_wcs_mismatch,mos_ss_mismatch,res_wcs_mismatch,-40,3.30,10u,PASS,2.411926e+00,7.895471e-01,7.929379e-01,6.383604e-03,2.657042e-15,0.0033908,1.072362e+00
wcs_n40,mismatch,170,20261079,wcs,hbt_wcs_mismatch,mos_ss_mismatch,res_wcs_mismatch,-40,3.30,10u,PASS,2.425545e+00,7.854583e-01,7.847658e-01,6.851620e-03,2.684124e-15,0.0006925,1.019906e+00
wcs_n40,mismatch,171,20261080,wcs,hbt_wcs_mismatch,mos_ss_mismatch,res_wcs_mismatch,-40,3.30,10u,PASS,2.427214e+00,7.847934e-01,7.806119e-01,6.562975e-03,2.686336e-15,0.0041815,1.023541e+00
wcs_n40,mismatch,172,20261081,wcs,hbt_wcs_mismatch,mos_ss_mismatch,res_wcs_mismatch,-40,3.30,10u,PASS,2.413312e+00,7.873522e-01,7.938568e-01,7.024273e-03,2.661678e-15,0.0065046,1.069770e+00
wcs_n40,mismatch,173,20261082,wcs,hbt_wcs_mismatch,mos_ss_mismatch,res_wcs_mismatch,-40,3.30,10u,PASS,2.433116e+00,7.837576e-01,7.746492e-01,7.031698e-03,2.693557e-15,0.0091084,1.007632e+00
wcs_n40,mismatch,174,20261083,wcs,hbt_wcs_mismatch,mos_ss_mismatch,res_wcs_mismatch,-40,3.30,10u,PASS,2.423856e+00,7.858657e-01,7.839964e-01,7.823162e-03,2.679811e-15,0.0018693,1.030276e+00
wcs_n40,mismatch,175,20261084,wcs,hbt_wcs_mismatch,mos_ss_mismatch,res_wcs_mismatch,-40,3.30,10u,PASS,2.431570e+00,7.849881e-01,7.785815e-01,7.246957e-03,2.683058e-15,0.0064066,1.015397e+00
wcs_n40,mismatch,176,20261085,wcs,hbt_wcs_mismatch,mos_ss_mismatch,res_wcs_mismatch,-40,3.30,10u,PASS,2.412442e+00,7.903781e-01,7.925844e-01,6.879715e-03,2.659077e-15,0.0022063,1.059723e+00
wcs_n40,mismatch,177,20261086,wcs,hbt_wcs_mismatch,mos_ss_mismatch,res_wcs_mismatch,-40,3.30,10u,PASS,2.438381e+00,7.794595e-01,7.735029e-01,7.968398e-03,2.697024e-15,0.0059566,9.936180e-01
wcs_n40,mismatch,178,20261087,wcs,hbt_wcs_mismatch,mos_ss_mismatch,res_wcs_mismatch,-40,3.30,10u,PASS,2.418023e+00,7.929338e-01,7.927275e-01,6.030824e-03,2.667833e-15,0.0002063,1.052094e+00
wcs_n40,mismatch,179,20261088,wcs,hbt_wcs_mismatch,mos_ss_mismatch,res_wcs_mismatch,-40,3.30,10u,PASS,2.429332e+00,7.826398e-01,7.809624e-01,7.453286e-03,2.692297e-15,0.0016774,1.014563e+00
wcs_n40,mismatch,180,20261089,wcs,hbt_wcs_mismatch,mos_ss_mismatch,res_wcs_mismatch,-40,3.30,10u,PASS,2.467714e+00,7.719449e-01,7.549206e-01,8.779087e-03,2.735395e-15,0.0170243,9.119744e-01
wcs_n40,mismatch,181,20261090,wcs,hbt_wcs_mismatch,mos_ss_mismatch,res_wcs_mismatch,-40,3.30,10u,PASS,2.417587e+00,7.913633e-01,7.860891e-01,6.197007e-03,2.665050e-15,0.0052742,1.050527e+00
wcs_n40,mismatch,182,20261091,wcs,hbt_wcs_mismatch,mos_ss_mismatch,res_wcs_mismatch,-40,3.30,10u,PASS,2.429057e+00,7.890221e-01,7.787195e-01,6.817004e-03,2.685578e-15,0.0103026,1.011283e+00
wcs_n40,mismatch,183,20261092,wcs,hbt_wcs_mismatch,mos_ss_mismatch,res_wcs_mismatch,-40,3.30,10u,PASS,2.445535e+00,7.784915e-01,7.682640e-01,8.308857e-03,2.716316e-15,0.0102275,9.660526e-01
wcs_n40,mismatch,184,20261093,wcs,hbt_wcs_mismatch,mos_ss_mismatch,res_wcs_mismatch,-40,3.30,10u,PASS,2.412288e+00,7.912544e-01,7.890301e-01,6.284800e-03,2.659682e-15,0.0022243,1.074785e+00
wcs_n40,mismatch,185,20261094,wcs,hbt_wcs_mismatch,mos_ss_mismatch,res_wcs_mismatch,-40,3.30,10u,PASS,2.422593e+00,7.842326e-01,7.870417e-01,7.230422e-03,2.677133e-15,0.0028091,1.040626e+00
wcs_n40,mismatch,186,20261095,wcs,hbt_wcs_mismatch,mos_ss_mismatch,res_wcs_mismatch,-40,3.30,10u,PASS,2.429027e+00,7.879741e-01,7.824949e-01,7.599964e-03,2.686967e-15,0.0054792,1.024474e+00
wcs_n40,mismatch,187,20261096,wcs,hbt_wcs_mismatch,mos_ss_mismatch,res_wcs_mismatch,-40,3.30,10u,PASS,2.419293e+00,7.884916e-01,7.848597e-01,7.431720e-03,2.676363e-15,0.0036319,1.046387e+00
wcs_n40,mismatch,188,20261097,wcs,hbt_wcs_mismatch,mos_ss_mismatch,res_wcs_mismatch,-40,3.30,10u,PASS,2.403718e+00,7.950238e-01,8.021993e-01,6.387616e-03,2.654111e-15,0.0071755,1.100752e+00
wcs_n40,mismatch,189,20261098,wcs,hbt_wcs_mismatch,mos_ss_mismatch,res_wcs_mismatch,-40,3.30,10u,PASS,2.414982e+00,7.910841e-01,7.901047e-01,6.739994e-03,2.663423e-15,0.0009794,1.070397e+00
wcs_n40,mismatch,190,20261099,wcs,hbt_wcs_mismatch,mos_ss_mismatch,res_wcs_mismatch,-40,3.30,10u,PASS,2.406460e+00,7.927741e-01,7.939864e-01,5.794103e-03,2.653866e-15,0.0012123,1.098683e+00
wcs_n40,mismatch,191,20261100,wcs,hbt_wcs_mismatch,mos_ss_mismatch,res_wcs_mismatch,-40,3.30,10u,PASS,2.446691e+00,7.812071e-01,7.711023e-01,7.965909e-03,2.721637e-15,0.0101048,9.648558e-01
wcs_n40,mismatch,192,20261101,wcs,hbt_wcs_mismatch,mos_ss_mismatch,res_wcs_mismatch,-40,3.30,10u,PASS,2.401889e+00,7.939698e-01,8.003668e-01,6.486261e-03,2.648583e-15,0.006397,1.104114e+00
wcs_n40,mismatch,193,20261102,wcs,hbt_wcs_mismatch,mos_ss_mismatch,res_wcs_mismatch,-40,3.30,10u,PASS,2.415910e+00,7.895496e-01,7.879933e-01,7.389300e-03,2.667481e-15,0.0015563,1.061799e+00
wcs_n40,mismatch,194,20261103,wcs,hbt_wcs_mismatch,mos_ss_mismatch,res_wcs_mismatch,-40,3.30,10u,PASS,2.417743e+00,7.905728e-01,7.891160e-01,7.025399e-03,2.665940e-15,0.0014568,1.050826e+00
wcs_n40,mismatch,195,20261104,wcs,hbt_wcs_mismatch,mos_ss_mismatch,res_wcs_mismatch,-40,3.30,10u,PASS,2.414676e+00,7.911592e-01,7.932090e-01,6.779711e-03,2.665647e-15,0.0020498,1.065013e+00
wcs_n40,mismatch,196,20261105,wcs,hbt_wcs_mismatch,mos_ss_mismatch,res_wcs_mismatch,-40,3.30,10u,PASS,2.421333e+00,7.858072e-01,7.871416e-01,7.135966e-03,2.670309e-15,0.0013344,1.036778e+00
wcs_n40,mismatch,197,20261106,wcs,hbt_wcs_mismatch,mos_ss_mismatch,res_wcs_mismatch,-40,3.30,10u,PASS,2.448103e+00,7.820710e-01,7.723063e-01,8.172137e-03,2.710094e-15,0.0097647,9.588942e-01
wcs_n40,mismatch,198,20261107,wcs,hbt_wcs_mismatch,mos_ss_mismatch,res_wcs_mismatch,-40,3.30,10u,PASS,2.411742e+00,7.926452e-01,7.939516e-01,6.247627e-03,2.659273e-15,0.0013064,1.070000e+00
wcs_n40,mismatch,199,20261108,wcs,hbt_wcs_mismatch,mos_ss_mismatch,res_wcs_mismatch,-40,3.30,10u,PASS,2.436736e+00,7.806786e-01,7.767088e-01,8.088446e-03,2.695884e-15,0.0039698,9.816488e-01
wcs_n40,mismatch,200,20261109,wcs,hbt_wcs_mismatch,mos_ss_mismatch,res_wcs_mismatch,-40,3.30,10u,PASS,2.445845e+00,7.799188e-01,7.668098e-01,7.953126e-03,2.713650e-15,0.013109,9.772288e-01
wcs_n40,mismatch,201,20261110,wcs,hbt_wcs_mismatch,mos_ss_mismatch,res_wcs_mismatch,-40,3.30,10u,PASS,2.399363e+00,7.973188e-01,8.010195e-01,5.741718e-03,2.644479e-15,0.0037007,1.124338e+00
wcs_n40,mismatch,202,20261111,wcs,hbt_wcs_mismatch,mos_ss_mismatch,res_wcs_mismatch,-40,3.30,10u,PASS,2.433766e+00,7.845643e-01,7.779830e-01,7.719115e-03,2.683262e-15,0.0065813,1.004258e+00
wcs_n40,mismatch,203,20261112,wcs,hbt_wcs_mismatch,mos_ss_mismatch,res_wcs_mismatch,-40,3.30,10u,PASS,2.424753e+00,7.859428e-01,7.859727e-01,7.144086e-03,2.672550e-15,2.99e-05,1.022645e+00
wcs_n40,mismatch,204,20261113,wcs,hbt_wcs_mismatch,mos_ss_mismatch,res_wcs_mismatch,-40,3.30,10u,PASS,2.422796e+00,7.894682e-01,7.843341e-01,6.928010e-03,2.674105e-15,0.0051341,1.029801e+00
wcs_n40,mismatch,205,20261114,wcs,hbt_wcs_mismatch,mos_ss_mismatch,res_wcs_mismatch,-40,3.30,10u,PASS,2.409870e+00,7.871954e-01,7.905217e-01,6.978925e-03,2.654900e-15,0.0033263,1.077014e+00
wcs_n40,mismatch,206,20261115,wcs,hbt_wcs_mismatch,mos_ss_mismatch,res_wcs_mismatch,-40,3.30,10u,PASS,2.413398e+00,7.901606e-01,7.925214e-01,6.456213e-03,2.660053e-15,0.0023608,1.066217e+00
wcs_n40,mismatch,207,20261116,wcs,hbt_wcs_mismatch,mos_ss_mismatch,res_wcs_mismatch,-40,3.30,10u,PASS,2.431613e+00,7.824632e-01,7.779396e-01,7.134212e-03,2.690416e-15,0.0045236,1.013576e+00
wcs_n40,mismatch,208,20261117,wcs,hbt_wcs_mismatch,mos_ss_mismatch,res_wcs_mismatch,-40,3.30,10u,PASS,2.424406e+00,7.878276e-01,7.854253e-01,7.516812e-03,2.684947e-15,0.0024023,1.037597e+00
wcs_n40,mismatch,209,20261118,wcs,hbt_wcs_mismatch,mos_ss_mismatch,res_wcs_mismatch,-40,3.30,10u,PASS,2.426010e+00,7.862720e-01,7.821359e-01,6.850391e-03,2.686716e-15,0.0041361,1.020468e+00
wcs_n40,mismatch,210,20261119,wcs,hbt_wcs_mismatch,mos_ss_mismatch,res_wcs_mismatch,-40,3.30,10u,PASS,2.446766e+00,7.825378e-01,7.716786e-01,7.143646e-03,2.704770e-15,0.0108592,9.664714e-01
wcs_n40,mismatch,211,20261120,wcs,hbt_wcs_mismatch,mos_ss_mismatch,res_wcs_mismatch,-40,3.30,10u,PASS,2.421613e+00,7.876747e-01,7.830838e-01,6.366607e-03,2.677953e-15,0.0045909,1.044301e+00
wcs_n40,mismatch,212,20261121,wcs,hbt_wcs_mismatch,mos_ss_mismatch,res_wcs_mismatch,-40,3.30,10u,PASS,2.414120e+00,7.866879e-01,7.943482e-01,6.861684e-03,2.659821e-15,0.0076603,1.064094e+00
wcs_n40,mismatch,213,20261122,wcs,hbt_wcs_mismatch,mos_ss_mismatch,res_wcs_mismatch,-40,3.30,10u,PASS,2.398472e+00,7.952207e-01,8.038239e-01,5.799805e-03,2.639171e-15,0.0086032,1.116544e+00
wcs_n40,mismatch,214,20261123,wcs,hbt_wcs_mismatch,mos_ss_mismatch,res_wcs_mismatch,-40,3.30,10u,PASS,2.404432e+00,7.946156e-01,8.010558e-01,6.138578e-03,2.644824e-15,0.0064402,1.111085e+00
wcs_n40,mismatch,215,20261124,wcs,hbt_wcs_mismatch,mos_ss_mismatch,res_wcs_mismatch,-40,3.30,10u,PASS,2.435932e+00,7.828098e-01,7.741901e-01,6.961746e-03,2.694865e-15,0.0086197,9.895738e-01
wcs_n40,mismatch,216,20261125,wcs,hbt_wcs_mismatch,mos_ss_mismatch,res_wcs_mismatch,-40,3.30,10u,PASS,2.427243e+00,7.843914e-01,7.797253e-01,7.288444e-03,2.687840e-15,0.0046661,1.019752e+00
wcs_n40,mismatch,217,20261126,wcs,hbt_wcs_mismatch,mos_ss_mismatch,res_wcs_mismatch,-40,3.30,10u,PASS,2.407605e+00,7.957019e-01,7.972300e-01,6.254170e-03,2.654915e-15,0.0015281,1.079101e+00
wcs_n40,mismatch,218,20261127,wcs,hbt_wcs_mismatch,mos_ss_mismatch,res_wcs_mismatch,-40,3.30,10u,PASS,2.409134e+00,7.938511e-01,7.997440e-01,5.831509e-03,2.654571e-15,0.0058929,1.094189e+00
wcs_n40,mismatch,219,20261128,wcs,hbt_wcs_mismatch,mos_ss_mismatch,res_wcs_mismatch,-40,3.30,10u,PASS,2.416634e+00,7.918693e-01,7.882028e-01,6.107367e-03,2.658928e-15,0.0036665,1.051891e+00
wcs_n40,mismatch,220,20261129,wcs,hbt_wcs_mismatch,mos_ss_mismatch,res_wcs_mismatch,-40,3.30,10u,PASS,2.421000e+00,7.901587e-01,7.882433e-01,6.320513e-03,2.672632e-15,0.0019154,1.045841e+00
wcs_n40,mismatch,221,20261130,wcs,hbt_wcs_mismatch,mos_ss_mismatch,res_wcs_mismatch,-40,3.30,10u,PASS,2.415478e+00,7.895767e-01,7.915885e-01,6.597188e-03,2.668202e-15,0.0020118,1.067336e+00
wcs_n40,mismatch,222,20261131,wcs,hbt_wcs_mismatch,mos_ss_mismatch,res_wcs_mismatch,-40,3.30,10u,PASS,2.430077e+00,7.861657e-01,7.774929e-01,7.333778e-03,2.695133e-15,0.0086728,1.013175e+00
wcs_n40,mismatch,223,20261132,wcs,hbt_wcs_mismatch,mos_ss_mismatch,res_wcs_mismatch,-40,3.30,10u,PASS,2.422233e+00,7.875648e-01,7.851428e-01,6.849916e-03,2.682662e-15,0.002422,1.034101e+00
wcs_n40,mismatch,224,20261133,wcs,hbt_wcs_mismatch,mos_ss_mismatch,res_wcs_mismatch,-40,3.30,10u,PASS,2.423872e+00,7.870759e-01,7.838986e-01,7.250425e-03,2.668705e-15,0.0031773,1.026010e+00
wcs_n40,mismatch,225,20261134,wcs,hbt_wcs_mismatch,mos_ss_mismatch,res_wcs_mismatch,-40,3.30,10u,PASS,2.416104e+00,7.904212e-01,7.933629e-01,6.805509e-03,2.665958e-15,0.0029417,1.049546e+00
wcs_n40,mismatch,226,20261135,wcs,hbt_wcs_mismatch,mos_ss_mismatch,res_wcs_mismatch,-40,3.30,10u,PASS,2.411034e+00,7.918713e-01,7.961876e-01,6.072717e-03,2.656274e-15,0.0043163,1.078246e+00
wcs_n40,mismatch,227,20261136,wcs,hbt_wcs_mismatch,mos_ss_mismatch,res_wcs_mismatch,-40,3.30,10u,PASS,2.407797e+00,7.894576e-01,7.962790e-01,7.332091e-03,2.651942e-15,0.0068214,1.079818e+00
wcs_n40,mismatch,228,20261137,wcs,hbt_wcs_mismatch,mos_ss_mismatch,res_wcs_mismatch,-40,3.30,10u,PASS,2.410937e+00,7.908050e-01,7.935494e-01,6.514760e-03,2.659050e-15,0.0027444,1.075380e+00
wcs_n40,mismatch,229,20261138,wcs,hbt_wcs_mismatch,mos_ss_mismatch,res_wcs_mismatch,-40,3.30,10u,PASS,2.422854e+00,7.861604e-01,7.843086e-01,7.007971e-03,2.673135e-15,0.0018518,1.035298e+00
wcs_n40,mismatch,230,20261139,wcs,hbt_wcs_mismatch,mos_ss_mismatch,res_wcs_mismatch,-40,3.30,10u,PASS,2.403486e+00,7.938523e-01,7.996227e-01,6.163627e-03,2.648817e-15,0.0057704,1.103972e+00
wcs_n40,mismatch,231,20261140,wcs,hbt_wcs_mismatch,mos_ss_mismatch,res_wcs_mismatch,-40,3.30,10u,PASS,2.409891e+00,7.903875e-01,7.938358e-01,6.013467e-03,2.663774e-15,0.0034483,1.079109e+00
wcs_n40,mismatch,232,20261141,wcs,hbt_wcs_mismatch,mos_ss_mismatch,res_wcs_mismatch,-40,3.30,10u,PASS,2.410215e+00,7.900327e-01,7.916938e-01,6.118485e-03,2.653013e-15,0.0016611,1.085531e+00
wcs_n40,mismatch,233,20261142,wcs,hbt_wcs_mismatch,mos_ss_mismatch,res_wcs_mismatch,-40,3.30,10u,PASS,2.420292e+00,7.895618e-01,7.892252e-01,6.936444e-03,2.663939e-15,0.0003366,1.046290e+00
wcs_n40,mismatch,234,20261143,wcs,hbt_wcs_mismatch,mos_ss_mismatch,res_wcs_mismatch,-40,3.30,10u,PASS,2.415826e+00,7.886988e-01,7.929056e-01,7.237980e-03,2.673899e-15,0.0042068,1.066147e+00
wcs_n40,mismatch,235,20261144,wcs,hbt_wcs_mismatch,mos_ss_mismatch,res_wcs_mismatch,-40,3.30,10u,PASS,2.399772e+00,7.967822e-01,8.052263e-01,5.638245e-03,2.638234e-15,0.0084441,1.131001e+00
wcs_n40,mismatch,236,20261145,wcs,hbt_wcs_mismatch,mos_ss_mismatch,res_wcs_mismatch,-40,3.30,10u,PASS,2.430255e+00,7.862174e-01,7.786486e-01,6.967411e-03,2.690041e-15,0.0075688,1.010189e+00
wcs_n40,mismatch,237,20261146,wcs,hbt_wcs_mismatch,mos_ss_mismatch,res_wcs_mismatch,-40,3.30,10u,PASS,2.414573e+00,7.900898e-01,7.908256e-01,6.270747e-03,2.659082e-15,0.0007358,1.054181e+00
wcs_n40,mismatch,238,20261147,wcs,hbt_wcs_mismatch,mos_ss_mismatch,res_wcs_mismatch,-40,3.30,10u,PASS,2.423377e+00,7.908383e-01,7.858451e-01,7.047069e-03,2.684976e-15,0.0049932,1.028540e+00
wcs_n40,mismatch,239,20261148,wcs,hbt_wcs_mismatch,mos_ss_mismatch,res_wcs_mismatch,-40,3.30,10u,PASS,2.395871e+00,7.955162e-01,8.024481e-01,6.609089e-03,2.636462e-15,0.0069319,1.130610e+00
wcs_n40,mismatch,240,20261149,wcs,hbt_wcs_mismatch,mos_ss_mismatch,res_wcs_mismatch,-40,3.30,10u,PASS,2.457669e+00,7.773804e-01,7.670449e-01,7.565726e-03,2.719721e-15,0.0103355,9.289138e-01
wcs_n40,mismatch,241,20261150,wcs,hbt_wcs_mismatch,mos_ss_mismatch,res_wcs_mismatch,-40,3.30,10u,PASS,2.417000e+00,7.880610e-01,7.843821e-01,6.818232e-03,2.670928e-15,0.0036789,1.049062e+00
wcs_n40,mismatch,242,20261151,wcs,hbt_wcs_mismatch,mos_ss_mismatch,res_wcs_mismatch,-40,3.30,10u,PASS,2.434198e+00,7.829471e-01,7.806790e-01,7.322592e-03,2.698286e-15,0.0022681,1.001117e+00
wcs_n40,mismatch,243,20261152,wcs,hbt_wcs_mismatch,mos_ss_mismatch,res_wcs_mismatch,-40,3.30,10u,PASS,2.461194e+00,7.744019e-01,7.606113e-01,8.963803e-03,2.724267e-15,0.0137906,9.186755e-01
wcs_n40,mismatch,244,20261153,wcs,hbt_wcs_mismatch,mos_ss_mismatch,res_wcs_mismatch,-40,3.30,10u,PASS,2.414197e+00,7.880824e-01,7.934318e-01,6.507413e-03,2.661452e-15,0.0053494,1.063057e+00
wcs_n40,mismatch,245,20261154,wcs,hbt_wcs_mismatch,mos_ss_mismatch,res_wcs_mismatch,-40,3.30,10u,PASS,2.422265e+00,7.874468e-01,7.888524e-01,6.401447e-03,2.669699e-15,0.0014056,1.038209e+00
wcs_n40,mismatch,246,20261155,wcs,hbt_wcs_mismatch,mos_ss_mismatch,res_wcs_mismatch,-40,3.30,10u,PASS,2.432069e+00,7.852040e-01,7.781521e-01,6.559334e-03,2.693944e-15,0.0070519,1.012925e+00
wcs_n40,mismatch,247,20261156,wcs,hbt_wcs_mismatch,mos_ss_mismatch,res_wcs_mismatch,-40,3.30,10u,PASS,2.417808e+00,7.896960e-01,7.927189e-01,6.575255e-03,2.665856e-15,0.0030229,1.050182e+00
wcs_n40,mismatch,248,20261157,wcs,hbt_wcs_mismatch,mos_ss_mismatch,res_wcs_mismatch,-40,3.30,10u,PASS,2.413869e+00,7.910257e-01,7.941215e-01,6.825253e-03,2.665298e-15,0.0030958,1.066935e+00
wcs_n40,mismatch,249,20261158,wcs,hbt_wcs_mismatch,mos_ss_mismatch,res_wcs_mismatch,-40,3.30,10u,PASS,2.440277e+00,7.844420e-01,7.720346e-01,6.789456e-03,2.693926e-15,0.0124074,9.809003e-01
wcs_n40,mismatch,250,20261159,wcs,hbt_wcs_mismatch,mos_ss_mismatch,res_wcs_mismatch,-40,3.30,10u,PASS,2.410363e+00,7.918954e-01,7.932268e-01,6.174782e-03,2.654112e-15,0.0013314,1.078932e+00
wcs_n40,mismatch,251,20261160,wcs,hbt_wcs_mismatch,mos_ss_mismatch,res_wcs_mismatch,-40,3.30,10u,PASS,2.430031e+00,7.834499e-01,7.799451e-01,7.253614e-03,2.689413e-15,0.0035048,1.001723e+00
wcs_n40,mismatch,252,20261161,wcs,hbt_wcs_mismatch,mos_ss_mismatch,res_wcs_mismatch,-40,3.30,10u,PASS,2.420022e+00,7.874114e-01,7.867267e-01,6.889791e-03,2.673486e-15,0.0006847,1.050300e+00
wcs_n40,mismatch,253,20261162,wcs,hbt_wcs_mismatch,mos_ss_mismatch,res_wcs_mismatch,-40,3.30,10u,PASS,2.404915e+00,7.945870e-01,7.984239e-01,6.385717e-03,2.647185e-15,0.0038369,1.101983e+00
wcs_n40,mismatch,254,20261163,wcs,hbt_wcs_mismatch,mos_ss_mismatch,res_wcs_mismatch,-40,3.30,10u,PASS,2.419244e+00,7.898059e-01,7.853356e-01,6.067120e-03,2.673884e-15,0.0044703,1.036726e+00
wcs_n40,mismatch,255,20261164,wcs,hbt_wcs_mismatch,mos_ss_mismatch,res_wcs_mismatch,-40,3.30,10u,PASS,2.411286e+00,7.896426e-01,7.938682e-01,6.886864e-03,2.656880e-15,0.0042256,1.071649e+00
wcs_n40,mismatch,256,20261165,wcs,hbt_wcs_mismatch,mos_ss_mismatch,res_wcs_mismatch,-40,3.30,10u,PASS,2.408630e+00,7.909689e-01,7.976603e-01,7.114313e-03,2.653719e-15,0.0066914,1.088632e+00
wcs_n40,mismatch,257,20261166,wcs,hbt_wcs_mismatch,mos_ss_mismatch,res_wcs_mismatch,-40,3.30,10u,PASS,2.415952e+00,7.955293e-01,7.873782e-01,5.806363e-03,2.671968e-15,0.0081511,1.056122e+00
wcs_n40,mismatch,258,20261167,wcs,hbt_wcs_mismatch,mos_ss_mismatch,res_wcs_mismatch,-40,3.30,10u,PASS,2.406081e+00,7.935478e-01,7.958205e-01,6.442445e-03,2.660081e-15,0.0022727,1.096269e+00
wcs_n40,mismatch,259,20261168,wcs,hbt_wcs_mismatch,mos_ss_mismatch,res_wcs_mismatch,-40,3.30,10u,PASS,2.410542e+00,7.883713e-01,7.912591e-01,5.916654e-03,2.659038e-15,0.0028878,1.084278e+00
wcs_n40,mismatch,260,20261169,wcs,hbt_wcs_mismatch,mos_ss_mismatch,res_wcs_mismatch,-40,3.30,10u,PASS,2.413196e+00,7.895865e-01,7.890960e-01,6.777584e-03,2.672583e-15,0.0004905,1.076292e+00
wcs_n40,mismatch,261,20261170,wcs,hbt_wcs_mismatch,mos_ss_mismatch,res_wcs_mismatch,-40,3.30,10u,PASS,2.413251e+00,7.891644e-01,7.944871e-01,7.214145e-03,2.659704e-15,0.0053227,1.058544e+00
wcs_n40,mismatch,262,20261171,wcs,hbt_wcs_mismatch,mos_ss_mismatch,res_wcs_mismatch,-40,3.30,10u,PASS,2.425627e+00,7.847784e-01,7.832160e-01,6.386204e-03,2.674856e-15,0.0015624,1.027932e+00
wcs_n40,mismatch,263,20261172,wcs,hbt_wcs_mismatch,mos_ss_mismatch,res_wcs_mismatch,-40,3.30,10u,PASS,2.413488e+00,7.906129e-01,7.936663e-01,6.305892e-03,2.662186e-15,0.0030534,1.061687e+00
wcs_n40,mismatch,264,20261173,wcs,hbt_wcs_mismatch,mos_ss_mismatch,res_wcs_mismatch,-40,3.30,10u,PASS,2.402880e+00,7.948059e-01,8.038648e-01,5.961417e-03,2.660955e-15,0.0090589,1.116492e+00
wcs_n40,mismatch,265,20261174,wcs,hbt_wcs_mismatch,mos_ss_mismatch,res_wcs_mismatch,-40,3.30,10u,PASS,2.426174e+00,7.896453e-01,7.875736e-01,6.440023e-03,2.683624e-15,0.0020717,1.022543e+00
wcs_n40,mismatch,266,20261175,wcs,hbt_wcs_mismatch,mos_ss_mismatch,res_wcs_mismatch,-40,3.30,10u,PASS,2.407548e+00,7.943577e-01,7.968657e-01,6.505928e-03,2.656567e-15,0.002508,1.086214e+00
wcs_n40,mismatch,267,20261176,wcs,hbt_wcs_mismatch,mos_ss_mismatch,res_wcs_mismatch,-40,3.30,10u,PASS,2.417676e+00,7.926281e-01,7.899838e-01,6.574319e-03,2.664203e-15,0.0026443,1.058806e+00
wcs_n40,mismatch,268,20261177,wcs,hbt_wcs_mismatch,mos_ss_mismatch,res_wcs_mismatch,-40,3.30,10u,PASS,2.426510e+00,7.885673e-01,7.823894e-01,7.210927e-03,2.682168e-15,0.0061779,1.025842e+00
wcs_n40,mismatch,269,20261178,wcs,hbt_wcs_mismatch,mos_ss_mismatch,res_wcs_mismatch,-40,3.30,10u,PASS,2.433156e+00,7.832876e-01,7.784121e-01,6.881799e-03,2.687517e-15,0.0048755,1.006081e+00
wcs_n40,mismatch,270,20261179,wcs,hbt_wcs_mismatch,mos_ss_mismatch,res_wcs_mismatch,-40,3.30,10u,PASS,2.415652e+00,7.884773e-01,7.870812e-01,7.192330e-03,2.662051e-15,0.0013961,1.064844e+00
wcs_n40,mismatch,271,20261180,wcs,hbt_wcs_mismatch,mos_ss_mismatch,res_wcs_mismatch,-40,3.30,10u,PASS,2.425172e+00,7.875310e-01,7.820587e-01,6.990255e-03,2.679407e-15,0.0054723,1.026572e+00
wcs_n40,mismatch,272,20261181,wcs,hbt_wcs_mismatch,mos_ss_mismatch,res_wcs_mismatch,-40,3.30,10u,PASS,2.419411e+00,7.869253e-01,7.888525e-01,6.781930e-03,2.669953e-15,0.0019272,1.045472e+00
wcs_n40,mismatch,273,20261182,wcs,hbt_wcs_mismatch,mos_ss_mismatch,res_wcs_mismatch,-40,3.30,10u,PASS,2.417816e+00,7.858829e-01,7.931002e-01,6.891840e-03,2.665977e-15,0.0072173,1.053364e+00
wcs_n40,mismatch,274,20261183,wcs,hbt_wcs_mismatch,mos_ss_mismatch,res_wcs_mismatch,-40,3.30,10u,PASS,2.425524e+00,7.838759e-01,7.879657e-01,7.563950e-03,2.677457e-15,0.0040898,1.028008e+00
wcs_n40,mismatch,275,20261184,wcs,hbt_wcs_mismatch,mos_ss_mismatch,res_wcs_mismatch,-40,3.30,10u,PASS,2.417035e+00,7.858593e-01,7.882847e-01,6.681449e-03,2.670757e-15,0.0024254,1.059350e+00
wcs_n40,mismatch,276,20261185,wcs,hbt_wcs_mismatch,mos_ss_mismatch,res_wcs_mismatch,-40,3.30,10u,PASS,2.424954e+00,7.863603e-01,7.841748e-01,6.654932e-03,2.674116e-15,0.0021855,1.040656e+00
wcs_n40,mismatch,277,20261186,wcs,hbt_wcs_mismatch,mos_ss_mismatch,res_wcs_mismatch,-40,3.30,10u,PASS,2.413782e+00,7.889844e-01,7.906399e-01,7.454580e-03,2.658109e-15,0.0016555,1.061234e+00
wcs_n40,mismatch,278,20261187,wcs,hbt_wcs_mismatch,mos_ss_mismatch,res_wcs_mismatch,-40,3.30,10u,PASS,2.405430e+00,7.941280e-01,7.974367e-01,6.237346e-03,2.645490e-15,0.0033087,1.104382e+00
wcs_n40,mismatch,279,20261188,wcs,hbt_wcs_mismatch,mos_ss_mismatch,res_wcs_mismatch,-40,3.30,10u,PASS,2.396445e+00,7.971145e-01,8.060721e-01,5.848467e-03,2.645565e-15,0.0089576,1.130809e+00
wcs_n40,mismatch,280,20261189,wcs,hbt_wcs_mismatch,mos_ss_mismatch,res_wcs_mismatch,-40,3.30,10u,PASS,2.419964e+00,7.872777e-01,7.849742e-01,6.441651e-03,2.673316e-15,0.0023035,1.046858e+00
wcs_n40,mismatch,281,20261190,wcs,hbt_wcs_mismatch,mos_ss_mismatch,res_wcs_mismatch,-40,3.30,10u,PASS,2.424805e+00,7.845892e-01,7.863247e-01,7.700873e-03,2.688539e-15,0.0017355,1.034882e+00
wcs_n40,mismatch,282,20261191,wcs,hbt_wcs_mismatch,mos_ss_mismatch,res_wcs_mismatch,-40,3.30,10u,PASS,2.433227e+00,7.828079e-01,7.768158e-01,6.708104e-03,2.683577e-15,0.0059921,1.004068e+00
wcs_n40,mismatch,283,20261192,wcs,hbt_wcs_mismatch,mos_ss_mismatch,res_wcs_mismatch,-40,3.30,10u,PASS,2.414588e+00,7.949358e-01,7.904114e-01,6.031510e-03,2.661214e-15,0.0045244,1.069304e+00
wcs_n40,mismatch,284,20261193,wcs,hbt_wcs_mismatch,mos_ss_mismatch,res_wcs_mismatch,-40,3.30,10u,PASS,2.433352e+00,7.846579e-01,7.810684e-01,6.903953e-03,2.690587e-15,0.0035895,1.003971e+00
wcs_n40,mismatch,285,20261194,wcs,hbt_wcs_mismatch,mos_ss_mismatch,res_wcs_mismatch,-40,3.30,10u,PASS,2.404910e+00,7.944855e-01,8.021528e-01,6.167159e-03,2.651496e-15,0.0076673,1.103230e+00
wcs_n40,mismatch,286,20261195,wcs,hbt_wcs_mismatch,mos_ss_mismatch,res_wcs_mismatch,-40,3.30,10u,PASS,2.426289e+00,7.880454e-01,7.850038e-01,6.109050e-03,2.676011e-15,0.0030416,1.020320e+00
wcs_n40,mismatch,287,20261196,wcs,hbt_wcs_mismatch,mos_ss_mismatch,res_wcs_mismatch,-40,3.30,10u,PASS,2.411900e+00,7.904440e-01,7.959333e-01,6.590364e-03,2.654637e-15,0.0054893,1.073728e+00
wcs_n40,mismatch,288,20261197,wcs,hbt_wcs_mismatch,mos_ss_mismatch,res_wcs_mismatch,-40,3.30,10u,PASS,2.429954e+00,7.872310e-01,7.790853e-01,6.853798e-03,2.678376e-15,0.0081457,1.007939e+00
wcs_n40,mismatch,289,20261198,wcs,hbt_wcs_mismatch,mos_ss_mismatch,res_wcs_mismatch,-40,3.30,10u,PASS,2.404598e+00,7.958391e-01,7.966181e-01,5.914311e-03,2.652893e-15,0.000779,1.093504e+00
wcs_n40,mismatch,290,20261199,wcs,hbt_wcs_mismatch,mos_ss_mismatch,res_wcs_mismatch,-40,3.30,10u,PASS,2.435936e+00,7.867151e-01,7.807544e-01,7.227617e-03,2.693385e-15,0.0059607,9.862000e-01
wcs_n40,mismatch,291,20261200,wcs,hbt_wcs_mismatch,mos_ss_mismatch,res_wcs_mismatch,-40,3.30,10u,PASS,2.413344e+00,7.913449e-01,7.938638e-01,6.802926e-03,2.659250e-15,0.0025189,1.070747e+00
wcs_n40,mismatch,292,20261201,wcs,hbt_wcs_mismatch,mos_ss_mismatch,res_wcs_mismatch,-40,3.30,10u,PASS,2.422393e+00,7.877199e-01,7.865860e-01,6.892489e-03,2.671966e-15,0.0011339,1.038394e+00
wcs_n40,mismatch,293,20261202,wcs,hbt_wcs_mismatch,mos_ss_mismatch,res_wcs_mismatch,-40,3.30,10u,PASS,2.419660e+00,7.930495e-01,7.931166e-01,6.149553e-03,2.674581e-15,6.71e-05,1.051881e+00
wcs_n40,mismatch,294,20261203,wcs,hbt_wcs_mismatch,mos_ss_mismatch,res_wcs_mismatch,-40,3.30,10u,PASS,2.427281e+00,7.832084e-01,7.832192e-01,7.287569e-03,2.676530e-15,1.08e-05,1.018993e+00
wcs_n40,mismatch,295,20261204,wcs,hbt_wcs_mismatch,mos_ss_mismatch,res_wcs_mismatch,-40,3.30,10u,PASS,2.421931e+00,7.879590e-01,7.883730e-01,6.563665e-03,2.668671e-15,0.000414,1.035250e+00
wcs_n40,mismatch,296,20261205,wcs,hbt_wcs_mismatch,mos_ss_mismatch,res_wcs_mismatch,-40,3.30,10u,PASS,2.400590e+00,7.999094e-01,8.005971e-01,5.734901e-03,2.642636e-15,0.0006877,1.105003e+00
wcs_n40,mismatch,297,20261206,wcs,hbt_wcs_mismatch,mos_ss_mismatch,res_wcs_mismatch,-40,3.30,10u,PASS,2.422448e+00,7.864111e-01,7.903512e-01,7.027254e-03,2.668054e-15,0.0039401,1.030468e+00
wcs_n40,mismatch,298,20261207,wcs,hbt_wcs_mismatch,mos_ss_mismatch,res_wcs_mismatch,-40,3.30,10u,PASS,2.406448e+00,7.958931e-01,7.975948e-01,6.295051e-03,2.654452e-15,0.0017017,1.095976e+00
wcs_n40,mismatch,299,20261208,wcs,hbt_wcs_mismatch,mos_ss_mismatch,res_wcs_mismatch,-40,3.30,10u,PASS,2.403071e+00,7.941086e-01,8.006489e-01,6.128779e-03,2.655563e-15,0.0065403,1.096705e+00
wcs_125,mismatch,0,20260909,wcs,hbt_wcs_mismatch,mos_ss_mismatch,res_wcs_mismatch,125,3.30,10u,PASS,2.506782e+00,6.043555e-01,5.975990e-01,6.524409e-02,2.864725e-11,0.0067565,1.073178e+00
wcs_125,mismatch,1,20260910,wcs,hbt_wcs_mismatch,mos_ss_mismatch,res_wcs_mismatch,125,3.30,10u,PASS,2.523054e+00,5.879198e-01,5.884149e-01,1.303009e-01,1.223183e-10,0.0004951,1.012940e+00
wcs_125,mismatch,2,20260911,wcs,hbt_wcs_mismatch,mos_ss_mismatch,res_wcs_mismatch,125,3.30,10u,PASS,2.503902e+00,5.994655e-01,6.034816e-01,5.773255e-02,2.457385e-11,0.0040161,1.089925e+00
wcs_125,mismatch,3,20260912,wcs,hbt_wcs_mismatch,mos_ss_mismatch,res_wcs_mismatch,125,3.30,10u,PASS,2.515536e+00,5.974161e-01,5.952723e-01,1.032943e-01,5.398409e-11,0.0021438,1.050619e+00
wcs_125,mismatch,4,20260913,wcs,hbt_wcs_mismatch,mos_ss_mismatch,res_wcs_mismatch,125,3.30,10u,PASS,2.516074e+00,5.998767e-01,5.971062e-01,6.617330e-02,2.760911e-11,0.0027705,1.040859e+00
wcs_125,mismatch,5,20260914,wcs,hbt_wcs_mismatch,mos_ss_mismatch,res_wcs_mismatch,125,3.30,10u,PASS,2.500812e+00,6.013493e-01,6.086847e-01,5.949451e-02,2.338551e-11,0.0073354,1.095549e+00
wcs_125,mismatch,6,20260915,wcs,hbt_wcs_mismatch,mos_ss_mismatch,res_wcs_mismatch,125,3.30,10u,PASS,2.528313e+00,5.942960e-01,5.899781e-01,9.640469e-02,5.555717e-11,0.0043179,1.002076e+00
wcs_125,mismatch,7,20260916,wcs,hbt_wcs_mismatch,mos_ss_mismatch,res_wcs_mismatch,125,3.30,10u,PASS,2.511216e+00,6.031924e-01,5.995999e-01,5.956809e-02,2.818270e-11,0.0035925,1.068639e+00
wcs_125,mismatch,8,20260917,wcs,hbt_wcs_mismatch,mos_ss_mismatch,res_wcs_mismatch,125,3.30,10u,PASS,2.490225e+00,6.037893e-01,6.153719e-01,6.214017e-02,2.910680e-11,0.0115826,1.145348e+00
wcs_125,mismatch,9,20260918,wcs,hbt_wcs_mismatch,mos_ss_mismatch,res_wcs_mismatch,125,3.30,10u,PASS,2.504795e+00,5.996228e-01,6.037331e-01,7.338388e-02,2.924030e-11,0.0041103,1.079005e+00
wcs_125,mismatch,10,20260919,wcs,hbt_wcs_mismatch,mos_ss_mismatch,res_wcs_mismatch,125,3.30,10u,PASS,2.513023e+00,5.997134e-01,5.977110e-01,1.025004e-01,5.541673e-11,0.0020024,1.068561e+00
wcs_125,mismatch,11,20260920,wcs,hbt_wcs_mismatch,mos_ss_mismatch,res_wcs_mismatch,125,3.30,10u,PASS,2.534111e+00,5.872914e-01,5.878475e-01,1.404760e-01,1.161695e-10,0.0005561,9.880705e-01
wcs_125,mismatch,12,20260921,wcs,hbt_wcs_mismatch,mos_ss_mismatch,res_wcs_mismatch,125,3.30,10u,PASS,2.516674e+00,5.968983e-01,5.938758e-01,6.202244e-02,2.514209e-11,0.0030225,1.042912e+00
wcs_125,mismatch,13,20260922,wcs,hbt_wcs_mismatch,mos_ss_mismatch,res_wcs_mismatch,125,3.30,10u,PASS,2.523098e+00,5.965618e-01,5.829111e-01,7.753518e-02,4.356816e-11,0.0136507,1.019836e+00
wcs_125,mismatch,14,20260923,wcs,hbt_wcs_mismatch,mos_ss_mismatch,res_wcs_mismatch,125,3.30,10u,PASS,2.518222e+00,5.936095e-01,5.980131e-01,8.255299e-02,3.058377e-11,0.0044036,1.020602e+00
wcs_125,mismatch,15,20260924,wcs,hbt_wcs_mismatch,mos_ss_mismatch,res_wcs_mismatch,125,3.30,10u,PASS,2.491232e+00,6.082115e-01,6.136792e-01,4.989092e-02,2.635885e-11,0.0054677,1.131303e+00
wcs_125,mismatch,16,20260925,wcs,hbt_wcs_mismatch,mos_ss_mismatch,res_wcs_mismatch,125,3.30,10u,PASS,2.512838e+00,6.039914e-01,5.980073e-01,5.693642e-02,2.643650e-11,0.0059841,1.066634e+00
wcs_125,mismatch,17,20260926,wcs,hbt_wcs_mismatch,mos_ss_mismatch,res_wcs_mismatch,125,3.30,10u,PASS,2.496814e+00,6.002072e-01,6.070821e-01,6.840839e-02,2.878121e-11,0.0068749,1.118614e+00
wcs_125,mismatch,18,20260927,wcs,hbt_wcs_mismatch,mos_ss_mismatch,res_wcs_mismatch,125,3.30,10u,PASS,2.520366e+00,5.922372e-01,5.847715e-01,7.572541e-02,3.462415e-11,0.0074657,1.028073e+00
wcs_125,mismatch,19,20260928,wcs,hbt_wcs_mismatch,mos_ss_mismatch,res_wcs_mismatch,125,3.30,10u,PASS,2.512840e+00,5.975640e-01,5.984943e-01,6.953870e-02,2.699454e-11,0.0009303,1.061046e+00
wcs_125,mismatch,20,20260929,wcs,hbt_wcs_mismatch,mos_ss_mismatch,res_wcs_mismatch,125,3.30,10u,PASS,2.549011e+00,5.799609e-01,5.756580e-01,3.470856e-01,8.048042e-09,0.0043029,9.350285e-01
wcs_125,mismatch,21,20260930,wcs,hbt_wcs_mismatch,mos_ss_mismatch,res_wcs_mismatch,125,3.30,10u,PASS,2.528739e+00,5.877824e-01,5.841548e-01,3.214344e-01,4.649124e-09,0.0036276,1.002863e+00
wcs_125,mismatch,22,20260931,wcs,hbt_wcs_mismatch,mos_ss_mismatch,res_wcs_mismatch,125,3.30,10u,PASS,2.496945e+00,6.026792e-01,6.099562e-01,6.798689e-02,3.939986e-11,0.007277,1.118218e+00
wcs_125,mismatch,23,20260932,wcs,hbt_wcs_mismatch,mos_ss_mismatch,res_wcs_mismatch,125,3.30,10u,PASS,2.523888e+00,5.945007e-01,5.836094e-01,7.091901e-02,3.188426e-11,0.0108913,1.024662e+00
wcs_125,mismatch,24,20260933,wcs,hbt_wcs_mismatch,mos_ss_mismatch,res_wcs_mismatch,125,3.30,10u,PASS,2.522548e+00,5.955068e-01,5.951936e-01,8.471878e-02,4.442836e-11,0.0003132,1.008096e+00
wcs_125,mismatch,25,20260934,wcs,hbt_wcs_mismatch,mos_ss_mismatch,res_wcs_mismatch,125,3.30,10u,PASS,2.531553e+00,5.885828e-01,5.855114e-01,1.431171e-01,1.560228e-10,0.0030714,9.887677e-01
wcs_125,mismatch,26,20260935,wcs,hbt_wcs_mismatch,mos_ss_mismatch,res_wcs_mismatch,125,3.30,10u,PASS,2.516058e+00,5.964920e-01,5.983500e-01,9.166956e-02,5.278271e-11,0.001858,1.042105e+00
wcs_125,mismatch,27,20260936,wcs,hbt_wcs_mismatch,mos_ss_mismatch,res_wcs_mismatch,125,3.30,10u,PASS,2.523215e+00,5.914198e-01,5.910608e-01,1.430617e-01,1.109538e-10,0.000359,1.027044e+00
wcs_125,mismatch,28,20260937,wcs,hbt_wcs_mismatch,mos_ss_mismatch,res_wcs_mismatch,125,3.30,10u,PASS,2.504210e+00,5.960731e-01,6.076478e-01,6.814451e-02,3.667241e-11,0.0115747,1.079407e+00
wcs_125,mismatch,29,20260938,wcs,hbt_wcs_mismatch,mos_ss_mismatch,res_wcs_mismatch,125,3.30,10u,PASS,2.504798e+00,6.022893e-01,6.092653e-01,8.813999e-02,3.767858e-11,0.006976,1.083574e+00
wcs_125,mismatch,30,20260939,wcs,hbt_wcs_mismatch,mos_ss_mismatch,res_wcs_mismatch,125,3.30,10u,PASS,2.517273e+00,5.967650e-01,5.933779e-01,8.469629e-02,4.193607e-11,0.0033871,1.042879e+00
wcs_125,mismatch,31,20260940,wcs,hbt_wcs_mismatch,mos_ss_mismatch,res_wcs_mismatch,125,3.30,10u,PASS,2.507860e+00,6.007201e-01,5.998490e-01,6.538078e-02,2.404155e-11,0.0008711,1.067062e+00
wcs_125,mismatch,32,20260941,wcs,hbt_wcs_mismatch,mos_ss_mismatch,res_wcs_mismatch,125,3.30,10u,PASS,2.527581e+00,5.897073e-01,5.975183e-01,1.321956e-01,1.135152e-10,0.007811,1.016433e+00
wcs_125,mismatch,33,20260942,wcs,hbt_wcs_mismatch,mos_ss_mismatch,res_wcs_mismatch,125,3.30,10u,PASS,2.488526e+00,6.084258e-01,6.087380e-01,4.933673e-02,2.211618e-11,0.0003122,1.141485e+00
wcs_125,mismatch,34,20260943,wcs,hbt_wcs_mismatch,mos_ss_mismatch,res_wcs_mismatch,125,3.30,10u,PASS,2.521305e+00,5.980517e-01,5.955987e-01,1.021433e-01,5.912823e-11,0.002453,1.027231e+00
wcs_125,mismatch,35,20260944,wcs,hbt_wcs_mismatch,mos_ss_mismatch,res_wcs_mismatch,125,3.30,10u,PASS,2.502391e+00,5.960905e-01,6.000478e-01,1.016941e-01,6.010504e-11,0.0039573,1.088723e+00
wcs_125,mismatch,36,20260945,wcs,hbt_wcs_mismatch,mos_ss_mismatch,res_wcs_mismatch,125,3.30,10u,PASS,2.526622e+00,5.913950e-01,5.883780e-01,1.086439e-01,6.884891e-11,0.003017,1.007449e+00
wcs_125,mismatch,37,20260946,wcs,hbt_wcs_mismatch,mos_ss_mismatch,res_wcs_mismatch,125,3.30,10u,PASS,2.516481e+00,5.909755e-01,5.937933e-01,1.203392e-01,8.772851e-11,0.0028178,1.043546e+00
wcs_125,mismatch,38,20260947,wcs,hbt_wcs_mismatch,mos_ss_mismatch,res_wcs_mismatch,125,3.30,10u,PASS,2.496422e+00,5.997684e-01,6.060617e-01,7.126159e-02,2.985496e-11,0.0062933,1.101900e+00
wcs_125,mismatch,39,20260948,wcs,hbt_wcs_mismatch,mos_ss_mismatch,res_wcs_mismatch,125,3.30,10u,PASS,2.535756e+00,5.903679e-01,5.929639e-01,1.390897e-01,1.310944e-10,0.002596,9.704152e-01
wcs_125,mismatch,40,20260949,wcs,hbt_wcs_mismatch,mos_ss_mismatch,res_wcs_mismatch,125,3.30,10u,PASS,2.540052e+00,5.876000e-01,5.801837e-01,1.190443e-01,7.917956e-11,0.0074163,9.828816e-01
wcs_125,mismatch,41,20260950,wcs,hbt_wcs_mismatch,mos_ss_mismatch,res_wcs_mismatch,125,3.30,10u,PASS,2.502890e+00,6.021438e-01,6.045309e-01,5.645574e-02,3.030604e-11,0.0023871,1.086282e+00
wcs_125,mismatch,42,20260951,wcs,hbt_wcs_mismatch,mos_ss_mismatch,res_wcs_mismatch,125,3.30,10u,PASS,2.557823e+00,5.799245e-01,5.707134e-01,2.703671e-01,1.829642e-09,0.0092111,9.054706e-01
wcs_125,mismatch,43,20260952,wcs,hbt_wcs_mismatch,mos_ss_mismatch,res_wcs_mismatch,125,3.30,10u,PASS,2.527234e+00,5.924481e-01,5.883843e-01,1.067659e-01,6.569891e-11,0.0040638,1.004731e+00
wcs_125,mismatch,44,20260953,wcs,hbt_wcs_mismatch,mos_ss_mismatch,res_wcs_mismatch,125,3.30,10u,PASS,2.495638e+00,5.998339e-01,6.089758e-01,5.669118e-02,2.369496e-11,0.0091419,1.107701e+00
wcs_125,mismatch,45,20260954,wcs,hbt_wcs_mismatch,mos_ss_mismatch,res_wcs_mismatch,125,3.30,10u,PASS,2.529187e+00,5.947565e-01,5.898420e-01,9.192830e-02,4.283600e-11,0.0049145,9.984071e-01
wcs_125,mismatch,46,20260955,wcs,hbt_wcs_mismatch,mos_ss_mismatch,res_wcs_mismatch,125,3.30,10u,PASS,2.507108e+00,5.974239e-01,5.992316e-01,6.645995e-02,3.434222e-11,0.0018077,1.081724e+00
wcs_125,mismatch,47,20260956,wcs,hbt_wcs_mismatch,mos_ss_mismatch,res_wcs_mismatch,125,3.30,10u,PASS,2.501295e+00,5.976357e-01,6.004617e-01,6.414782e-02,2.982529e-11,0.002826,1.090105e+00
wcs_125,mismatch,48,20260957,wcs,hbt_wcs_mismatch,mos_ss_mismatch,res_wcs_mismatch,125,3.30,10u,PASS,2.531461e+00,5.912177e-01,5.826539e-01,8.873989e-02,5.531465e-11,0.0085638,9.949591e-01
wcs_125,mismatch,49,20260958,wcs,hbt_wcs_mismatch,mos_ss_mismatch,res_wcs_mismatch,125,3.30,10u,PASS,2.493150e+00,5.996186e-01,6.090333e-01,8.115552e-02,3.339675e-11,0.0094147,1.121492e+00
wcs_125,mismatch,50,20260959,wcs,hbt_wcs_mismatch,mos_ss_mismatch,res_wcs_mismatch,125,3.30,10u,PASS,2.531967e+00,5.872368e-01,5.821458e-01,1.813395e-01,2.250538e-10,0.005091,9.978431e-01
wcs_125,mismatch,51,20260960,wcs,hbt_wcs_mismatch,mos_ss_mismatch,res_wcs_mismatch,125,3.30,10u,PASS,2.531271e+00,5.938042e-01,5.865606e-01,8.172830e-02,3.734824e-11,0.0072436,9.887456e-01
wcs_125,mismatch,52,20260961,wcs,hbt_wcs_mismatch,mos_ss_mismatch,res_wcs_mismatch,125,3.30,10u,PASS,2.507387e+00,5.973446e-01,5.970108e-01,6.324742e-02,2.354854e-11,0.0003338,1.073478e+00
wcs_125,mismatch,53,20260962,wcs,hbt_wcs_mismatch,mos_ss_mismatch,res_wcs_mismatch,125,3.30,10u,PASS,2.551190e+00,5.838789e-01,5.779954e-01,3.767076e-01,1.512757e-08,0.0058835,9.266556e-01
wcs_125,mismatch,54,20260963,wcs,hbt_wcs_mismatch,mos_ss_mismatch,res_wcs_mismatch,125,3.30,10u,PASS,2.502298e+00,5.993929e-01,6.021537e-01,6.820183e-02,3.049933e-11,0.0027608,1.097789e+00
wcs_125,mismatch,55,20260964,wcs,hbt_wcs_mismatch,mos_ss_mismatch,res_wcs_mismatch,125,3.30,10u,PASS,2.518736e+00,5.934329e-01,5.955038e-01,9.902379e-02,4.500073e-11,0.0020709,1.042072e+00
wcs_125,mismatch,56,20260965,wcs,hbt_wcs_mismatch,mos_ss_mismatch,res_wcs_mismatch,125,3.30,10u,PASS,2.513371e+00,5.912448e-01,5.974941e-01,1.062042e-01,6.506572e-11,0.0062493,1.057232e+00
wcs_125,mismatch,57,20260966,wcs,hbt_wcs_mismatch,mos_ss_mismatch,res_wcs_mismatch,125,3.30,10u,PASS,2.511457e+00,6.006382e-01,6.029434e-01,6.639114e-02,3.119530e-11,0.0023052,1.043404e+00
wcs_125,mismatch,58,20260967,wcs,hbt_wcs_mismatch,mos_ss_mismatch,res_wcs_mismatch,125,3.30,10u,PASS,2.510252e+00,6.005489e-01,6.050779e-01,7.257025e-02,2.853661e-11,0.004529,1.060264e+00
wcs_125,mismatch,59,20260968,wcs,hbt_wcs_mismatch,mos_ss_mismatch,res_wcs_mismatch,125,3.30,10u,PASS,2.535815e+00,5.910986e-01,5.810919e-01,1.477503e-01,1.542405e-10,0.0100067,9.749990e-01
wcs_125,mismatch,60,20260969,wcs,hbt_wcs_mismatch,mos_ss_mismatch,res_wcs_mismatch,125,3.30,10u,PASS,2.509119e+00,5.973646e-01,5.978080e-01,6.778614e-02,3.098424e-11,0.0004434,1.061992e+00
wcs_125,mismatch,61,20260970,wcs,hbt_wcs_mismatch,mos_ss_mismatch,res_wcs_mismatch,125,3.30,10u,PASS,2.523661e+00,5.961714e-01,5.880891e-01,7.453629e-02,3.449578e-11,0.0080823,1.026745e+00
wcs_125,mismatch,62,20260971,wcs,hbt_wcs_mismatch,mos_ss_mismatch,res_wcs_mismatch,125,3.30,10u,PASS,2.522767e+00,5.960997e-01,5.882296e-01,7.228709e-02,2.884070e-11,0.0078701,1.019896e+00
wcs_125,mismatch,63,20260972,wcs,hbt_wcs_mismatch,mos_ss_mismatch,res_wcs_mismatch,125,3.30,10u,PASS,2.510447e+00,5.955176e-01,5.958304e-01,8.978038e-02,6.195030e-11,0.0003128,1.053107e+00
wcs_125,mismatch,64,20260973,wcs,hbt_wcs_mismatch,mos_ss_mismatch,res_wcs_mismatch,125,3.30,10u,PASS,2.508845e+00,5.994495e-01,5.983643e-01,7.100703e-02,3.207341e-11,0.0010852,1.065772e+00
wcs_125,mismatch,65,20260974,wcs,hbt_wcs_mismatch,mos_ss_mismatch,res_wcs_mismatch,125,3.30,10u,PASS,2.516682e+00,5.989427e-01,5.999313e-01,7.381963e-02,3.413147e-11,0.0009886,1.048593e+00
wcs_125,mismatch,66,20260975,wcs,hbt_wcs_mismatch,mos_ss_mismatch,res_wcs_mismatch,125,3.30,10u,PASS,2.522047e+00,5.881395e-01,5.933370e-01,1.392780e-01,1.181558e-10,0.0051975,1.011364e+00
wcs_125,mismatch,67,20260976,wcs,hbt_wcs_mismatch,mos_ss_mismatch,res_wcs_mismatch,125,3.30,10u,PASS,2.516749e+00,5.944047e-01,5.857621e-01,8.207981e-02,3.607619e-11,0.0086426,1.037317e+00
wcs_125,mismatch,68,20260977,wcs,hbt_wcs_mismatch,mos_ss_mismatch,res_wcs_mismatch,125,3.30,10u,PASS,2.527176e+00,5.902668e-01,5.856040e-01,9.702556e-02,5.584836e-11,0.0046628,1.004041e+00
wcs_125,mismatch,69,20260978,wcs,hbt_wcs_mismatch,mos_ss_mismatch,res_wcs_mismatch,125,3.30,10u,PASS,2.525843e+00,5.950532e-01,5.836140e-01,7.882644e-02,4.229814e-11,0.0114392,1.014859e+00
wcs_125,mismatch,70,20260979,wcs,hbt_wcs_mismatch,mos_ss_mismatch,res_wcs_mismatch,125,3.30,10u,PASS,2.509065e+00,5.962680e-01,5.979992e-01,9.229759e-02,4.360543e-11,0.0017312,1.068003e+00
wcs_125,mismatch,71,20260980,wcs,hbt_wcs_mismatch,mos_ss_mismatch,res_wcs_mismatch,125,3.30,10u,PASS,2.510325e+00,6.032900e-01,5.968688e-01,6.817877e-02,3.305354e-11,0.0064212,1.066683e+00
wcs_125,mismatch,72,20260981,wcs,hbt_wcs_mismatch,mos_ss_mismatch,res_wcs_mismatch,125,3.30,10u,PASS,2.517912e+00,5.958464e-01,5.907380e-01,8.172337e-02,3.875378e-11,0.0051084,1.037552e+00
wcs_125,mismatch,73,20260982,wcs,hbt_wcs_mismatch,mos_ss_mismatch,res_wcs_mismatch,125,3.30,10u,PASS,2.489025e+00,6.161299e-01,6.184128e-01,3.739713e-02,1.795287e-11,0.0022829,1.142630e+00
wcs_125,mismatch,74,20260983,wcs,hbt_wcs_mismatch,mos_ss_mismatch,res_wcs_mismatch,125,3.30,10u,PASS,2.515895e+00,6.006221e-01,5.995303e-01,5.360150e-02,2.536199e-11,0.0010918,1.055967e+00
wcs_125,mismatch,75,20260984,wcs,hbt_wcs_mismatch,mos_ss_mismatch,res_wcs_mismatch,125,3.30,10u,PASS,2.501829e+00,5.968611e-01,6.021428e-01,6.140396e-02,2.453973e-11,0.0052817,1.108696e+00
wcs_125,mismatch,76,20260985,wcs,hbt_wcs_mismatch,mos_ss_mismatch,res_wcs_mismatch,125,3.30,10u,PASS,2.522551e+00,5.982167e-01,5.970158e-01,6.512480e-02,2.826641e-11,0.0012009,1.029363e+00
wcs_125,mismatch,77,20260986,wcs,hbt_wcs_mismatch,mos_ss_mismatch,res_wcs_mismatch,125,3.30,10u,PASS,2.504018e+00,5.999788e-01,6.035257e-01,5.737179e-02,2.666909e-11,0.0035469,1.078005e+00
wcs_125,mismatch,78,20260987,wcs,hbt_wcs_mismatch,mos_ss_mismatch,res_wcs_mismatch,125,3.30,10u,PASS,2.517368e+00,5.978084e-01,5.977543e-01,8.178107e-02,3.916029e-11,5.41e-05,1.038760e+00
wcs_125,mismatch,79,20260988,wcs,hbt_wcs_mismatch,mos_ss_mismatch,res_wcs_mismatch,125,3.30,10u,PASS,2.502677e+00,5.994396e-01,5.988851e-01,7.867248e-02,2.927082e-11,0.0005545,1.087545e+00
wcs_125,mismatch,80,20260989,wcs,hbt_wcs_mismatch,mos_ss_mismatch,res_wcs_mismatch,125,3.30,10u,PASS,2.511682e+00,5.957589e-01,5.991704e-01,8.472891e-02,4.218869e-11,0.0034115,1.059730e+00
wcs_125,mismatch,81,20260990,wcs,hbt_wcs_mismatch,mos_ss_mismatch,res_wcs_mismatch,125,3.30,10u,PASS,2.514844e+00,5.989009e-01,5.975523e-01,7.058137e-02,3.365353e-11,0.0013486,1.052443e+00
wcs_125,mismatch,82,20260991,wcs,hbt_wcs_mismatch,mos_ss_mismatch,res_wcs_mismatch,125,3.30,10u,PASS,2.516898e+00,5.952017e-01,5.941377e-01,8.548254e-02,4.068758e-11,0.001064,1.049005e+00
wcs_125,mismatch,83,20260992,wcs,hbt_wcs_mismatch,mos_ss_mismatch,res_wcs_mismatch,125,3.30,10u,PASS,2.484135e+00,6.085760e-01,6.142653e-01,5.601569e-02,2.545178e-11,0.0056893,1.137454e+00
wcs_125,mismatch,84,20260993,wcs,hbt_wcs_mismatch,mos_ss_mismatch,res_wcs_mismatch,125,3.30,10u,PASS,2.504808e+00,6.096485e-01,6.085993e-01,4.163885e-02,1.661120e-11,0.0010492,1.081844e+00
wcs_125,mismatch,85,20260994,wcs,hbt_wcs_mismatch,mos_ss_mismatch,res_wcs_mismatch,125,3.30,10u,PASS,2.514259e+00,5.930970e-01,5.918696e-01,1.133077e-01,7.761170e-11,0.0012274,1.039201e+00
wcs_125,mismatch,86,20260995,wcs,hbt_wcs_mismatch,mos_ss_mismatch,res_wcs_mismatch,125,3.30,10u,PASS,2.512676e+00,5.956832e-01,5.974779e-01,5.991284e-02,2.581178e-11,0.0017947,1.049435e+00
wcs_125,mismatch,87,20260996,wcs,hbt_wcs_mismatch,mos_ss_mismatch,res_wcs_mismatch,125,3.30,10u,PASS,2.500928e+00,6.031529e-01,6.021924e-01,7.549963e-02,3.829613e-11,0.0009605,1.097171e+00
wcs_125,mismatch,88,20260997,wcs,hbt_wcs_mismatch,mos_ss_mismatch,res_wcs_mismatch,125,3.30,10u,PASS,2.485933e+00,6.023520e-01,6.105385e-01,5.275158e-02,2.808445e-11,0.0081865,1.153935e+00
wcs_125,mismatch,89,20260998,wcs,hbt_wcs_mismatch,mos_ss_mismatch,res_wcs_mismatch,125,3.30,10u,PASS,2.482626e+00,6.073382e-01,6.161801e-01,5.368994e-02,2.312484e-11,0.0088419,1.157721e+00
wcs_125,mismatch,90,20260999,wcs,hbt_wcs_mismatch,mos_ss_mismatch,res_wcs_mismatch,125,3.30,10u,PASS,2.521366e+00,5.931028e-01,5.914938e-01,8.189561e-02,3.965582e-11,0.001609,1.023456e+00
wcs_125,mismatch,91,20261000,wcs,hbt_wcs_mismatch,mos_ss_mismatch,res_wcs_mismatch,125,3.30,10u,PASS,2.528868e+00,5.977066e-01,5.893741e-01,7.295832e-02,3.493598e-11,0.0083325,1.001845e+00
wcs_125,mismatch,92,20261001,wcs,hbt_wcs_mismatch,mos_ss_mismatch,res_wcs_mismatch,125,3.30,10u,PASS,2.499297e+00,6.058438e-01,6.098512e-01,5.670671e-02,2.112980e-11,0.0040074,1.109212e+00
wcs_125,mismatch,93,20261002,wcs,hbt_wcs_mismatch,mos_ss_mismatch,res_wcs_mismatch,125,3.30,10u,PASS,2.537744e+00,5.870441e-01,5.766771e-01,1.788076e-01,2.782519e-10,0.010367,9.830329e-01
wcs_125,mismatch,94,20261003,wcs,hbt_wcs_mismatch,mos_ss_mismatch,res_wcs_mismatch,125,3.30,10u,PASS,2.502375e+00,6.052152e-01,6.063138e-01,4.900360e-02,2.217664e-11,0.0010986,1.088454e+00
wcs_125,mismatch,95,20261004,wcs,hbt_wcs_mismatch,mos_ss_mismatch,res_wcs_mismatch,125,3.30,10u,PASS,2.489855e+00,6.090719e-01,6.140372e-01,5.128229e-02,2.509490e-11,0.0049653,1.139741e+00
wcs_125,mismatch,96,20261005,wcs,hbt_wcs_mismatch,mos_ss_mismatch,res_wcs_mismatch,125,3.30,10u,PASS,2.506335e+00,6.066634e-01,6.036942e-01,5.945576e-02,2.673375e-11,0.0029692,1.086375e+00
wcs_125,mismatch,97,20261006,wcs,hbt_wcs_mismatch,mos_ss_mismatch,res_wcs_mismatch,125,3.30,10u,PASS,2.522801e+00,5.988544e-01,5.943145e-01,7.483258e-02,3.331795e-11,0.0045399,1.026052e+00
wcs_125,mismatch,98,20261007,wcs,hbt_wcs_mismatch,mos_ss_mismatch,res_wcs_mismatch,125,3.30,10u,PASS,2.514280e+00,5.995545e-01,5.949534e-01,5.903649e-02,2.460937e-11,0.0046011,1.055606e+00
wcs_125,mismatch,99,20261008,wcs,hbt_wcs_mismatch,mos_ss_mismatch,res_wcs_mismatch,125,3.30,10u,PASS,2.527593e+00,5.911125e-01,5.877609e-01,1.242845e-01,9.506552e-11,0.0033516,1.012669e+00
wcs_125,mismatch,100,20261009,wcs,hbt_wcs_mismatch,mos_ss_mismatch,res_wcs_mismatch,125,3.30,10u,PASS,2.530997e+00,5.933141e-01,5.858220e-01,1.499548e-01,1.922310e-10,0.0074921,9.939564e-01
wcs_125,mismatch,101,20261010,wcs,hbt_wcs_mismatch,mos_ss_mismatch,res_wcs_mismatch,125,3.30,10u,PASS,2.515799e+00,5.963312e-01,5.933089e-01,7.364940e-02,3.690334e-11,0.0030223,1.052022e+00
wcs_125,mismatch,102,20261011,wcs,hbt_wcs_mismatch,mos_ss_mismatch,res_wcs_mismatch,125,3.30,10u,PASS,2.511066e+00,5.902269e-01,5.952569e-01,1.144802e-01,6.460824e-11,0.00503,1.049975e+00
wcs_125,mismatch,103,20261012,wcs,hbt_wcs_mismatch,mos_ss_mismatch,res_wcs_mismatch,125,3.30,10u,PASS,2.499989e+00,6.029984e-01,6.071953e-01,6.276824e-02,2.756606e-11,0.0041969,1.102276e+00
wcs_125,mismatch,104,20261013,wcs,hbt_wcs_mismatch,mos_ss_mismatch,res_wcs_mismatch,125,3.30,10u,PASS,2.514710e+00,6.012152e-01,5.997757e-01,5.375401e-02,2.369016e-11,0.0014395,1.048058e+00
wcs_125,mismatch,105,20261014,wcs,hbt_wcs_mismatch,mos_ss_mismatch,res_wcs_mismatch,125,3.30,10u,PASS,2.522925e+00,5.947967e-01,5.890673e-01,7.973797e-02,3.743869e-11,0.0057294,1.019374e+00
wcs_125,mismatch,106,20261015,wcs,hbt_wcs_mismatch,mos_ss_mismatch,res_wcs_mismatch,125,3.30,10u,PASS,2.565267e+00,5.812896e-01,5.661399e-01,4.385064e-01,4.936817e-08,0.0151497,8.877440e-01
wcs_125,mismatch,107,20261016,wcs,hbt_wcs_mismatch,mos_ss_mismatch,res_wcs_mismatch,125,3.30,10u,PASS,2.509623e+00,6.073479e-01,6.017694e-01,4.933841e-02,1.785026e-11,0.0055785,1.068189e+00
wcs_125,mismatch,108,20261017,wcs,hbt_wcs_mismatch,mos_ss_mismatch,res_wcs_mismatch,125,3.30,10u,PASS,2.514043e+00,6.018194e-01,5.917766e-01,7.722019e-02,3.259944e-11,0.0100428,1.046570e+00
wcs_125,mismatch,109,20261018,wcs,hbt_wcs_mismatch,mos_ss_mismatch,res_wcs_mismatch,125,3.30,10u,PASS,2.511348e+00,6.015708e-01,5.997999e-01,5.677614e-02,2.348425e-11,0.0017709,1.065913e+00
wcs_125,mismatch,110,20261019,wcs,hbt_wcs_mismatch,mos_ss_mismatch,res_wcs_mismatch,125,3.30,10u,PASS,2.525290e+00,5.907244e-01,5.877005e-01,9.898419e-02,5.613739e-11,0.0030239,1.012990e+00
wcs_125,mismatch,111,20261020,wcs,hbt_wcs_mismatch,mos_ss_mismatch,res_wcs_mismatch,125,3.30,10u,PASS,2.511264e+00,5.989219e-01,6.026519e-01,5.851043e-02,2.517833e-11,0.00373,1.055010e+00
wcs_125,mismatch,112,20261021,wcs,hbt_wcs_mismatch,mos_ss_mismatch,res_wcs_mismatch,125,3.30,10u,PASS,2.513028e+00,6.016256e-01,6.000689e-01,5.747905e-02,2.851693e-11,0.0015567,1.064602e+00
wcs_125,mismatch,113,20261022,wcs,hbt_wcs_mismatch,mos_ss_mismatch,res_wcs_mismatch,125,3.30,10u,PASS,2.522378e+00,5.978037e-01,5.922652e-01,8.036795e-02,4.105187e-11,0.0055385,1.020902e+00
wcs_125,mismatch,114,20261023,wcs,hbt_wcs_mismatch,mos_ss_mismatch,res_wcs_mismatch,125,3.30,10u,PASS,2.509613e+00,5.971805e-01,5.995505e-01,8.215702e-02,4.231840e-11,0.00237,1.074186e+00
wcs_125,mismatch,115,20261024,wcs,hbt_wcs_mismatch,mos_ss_mismatch,res_wcs_mismatch,125,3.30,10u,PASS,2.511485e+00,5.982391e-01,5.984506e-01,6.754101e-02,3.786304e-11,0.0002115,1.070364e+00
wcs_125,mismatch,116,20261025,wcs,hbt_wcs_mismatch,mos_ss_mismatch,res_wcs_mismatch,125,3.30,10u,PASS,2.482648e+00,6.113377e-01,6.173843e-01,4.479092e-02,2.156023e-11,0.0060466,1.172178e+00
wcs_125,mismatch,117,20261026,wcs,hbt_wcs_mismatch,mos_ss_mismatch,res_wcs_mismatch,125,3.30,10u,PASS,2.518841e+00,5.970874e-01,5.975292e-01,8.211783e-02,4.854196e-11,0.0004418,1.030767e+00
wcs_125,mismatch,118,20261027,wcs,hbt_wcs_mismatch,mos_ss_mismatch,res_wcs_mismatch,125,3.30,10u,PASS,2.492519e+00,6.053547e-01,6.096185e-01,5.341234e-02,2.506865e-11,0.0042638,1.133631e+00
wcs_125,mismatch,119,20261028,wcs,hbt_wcs_mismatch,mos_ss_mismatch,res_wcs_mismatch,125,3.30,10u,PASS,2.483022e+00,6.090643e-01,6.141897e-01,5.829358e-02,2.156671e-11,0.0051254,1.159993e+00
wcs_125,mismatch,120,20261029,wcs,hbt_wcs_mismatch,mos_ss_mismatch,res_wcs_mismatch,125,3.30,10u,PASS,2.501286e+00,6.044583e-01,6.030869e-01,7.960142e-02,3.976757e-11,0.0013714,1.096976e+00
wcs_125,mismatch,121,20261030,wcs,hbt_wcs_mismatch,mos_ss_mismatch,res_wcs_mismatch,125,3.30,10u,PASS,2.528304e+00,5.912351e-01,5.850268e-01,8.472073e-02,3.438023e-11,0.0062083,1.005954e+00
wcs_125,mismatch,122,20261031,wcs,hbt_wcs_mismatch,mos_ss_mismatch,res_wcs_mismatch,125,3.30,10u,PASS,2.510593e+00,5.983973e-01,5.988218e-01,5.621419e-02,1.960322e-11,0.0004245,1.061928e+00
wcs_125,mismatch,123,20261032,wcs,hbt_wcs_mismatch,mos_ss_mismatch,res_wcs_mismatch,125,3.30,10u,PASS,2.526014e+00,5.929440e-01,5.859753e-01,9.299712e-02,4.875294e-11,0.0069687,1.009683e+00
wcs_125,mismatch,124,20261033,wcs,hbt_wcs_mismatch,mos_ss_mismatch,res_wcs_mismatch,125,3.30,10u,PASS,2.511887e+00,5.965645e-01,5.993920e-01,1.011511e-01,7.208182e-11,0.0028275,1.054975e+00
wcs_125,mismatch,125,20261034,wcs,hbt_wcs_mismatch,mos_ss_mismatch,res_wcs_mismatch,125,3.30,10u,PASS,2.503260e+00,5.942095e-01,6.010088e-01,1.838861e-01,3.120825e-10,0.0067993,1.103621e+00
wcs_125,mismatch,126,20261035,wcs,hbt_wcs_mismatch,mos_ss_mismatch,res_wcs_mismatch,125,3.30,10u,PASS,2.515032e+00,5.967571e-01,5.930821e-01,8.902922e-02,3.811580e-11,0.003675,1.047972e+00
wcs_125,mismatch,127,20261036,wcs,hbt_wcs_mismatch,mos_ss_mismatch,res_wcs_mismatch,125,3.30,10u,PASS,2.504071e+00,6.008136e-01,6.058899e-01,5.821256e-02,2.698689e-11,0.0050763,1.086528e+00
wcs_125,mismatch,128,20261037,wcs,hbt_wcs_mismatch,mos_ss_mismatch,res_wcs_mismatch,125,3.30,10u,PASS,2.502735e+00,6.057997e-01,6.017960e-01,5.191217e-02,2.872531e-11,0.0040037,1.083146e+00
wcs_125,mismatch,129,20261038,wcs,hbt_wcs_mismatch,mos_ss_mismatch,res_wcs_mismatch,125,3.30,10u,PASS,2.505477e+00,6.080947e-01,5.997250e-01,4.851935e-02,2.789232e-11,0.0083697,1.069082e+00
wcs_125,mismatch,130,20261039,wcs,hbt_wcs_mismatch,mos_ss_mismatch,res_wcs_mismatch,125,3.30,10u,PASS,2.510236e+00,5.937028e-01,5.951810e-01,1.228663e-01,7.910525e-11,0.0014782,1.064926e+00
wcs_125,mismatch,131,20261040,wcs,hbt_wcs_mismatch,mos_ss_mismatch,res_wcs_mismatch,125,3.30,10u,PASS,2.508066e+00,5.974396e-01,6.004816e-01,7.710652e-02,3.504293e-11,0.003042,1.069879e+00
wcs_125,mismatch,132,20261041,wcs,hbt_wcs_mismatch,mos_ss_mismatch,res_wcs_mismatch,125,3.30,10u,PASS,2.505776e+00,5.962780e-01,6.027235e-01,9.518288e-02,6.942146e-11,0.0064455,1.078674e+00
wcs_125,mismatch,133,20261042,wcs,hbt_wcs_mismatch,mos_ss_mismatch,res_wcs_mismatch,125,3.30,10u,PASS,2.534310e+00,5.881070e-01,5.789849e-01,9.381806e-02,4.308041e-11,0.0091221,9.845241e-01
wcs_125,mismatch,134,20261043,wcs,hbt_wcs_mismatch,mos_ss_mismatch,res_wcs_mismatch,125,3.30,10u,PASS,2.514343e+00,5.909130e-01,5.978570e-01,9.577993e-02,5.363756e-11,0.006944,1.062614e+00
wcs_125,mismatch,135,20261044,wcs,hbt_wcs_mismatch,mos_ss_mismatch,res_wcs_mismatch,125,3.30,10u,PASS,2.493335e+00,6.051077e-01,6.099306e-01,4.936761e-02,2.677625e-11,0.0048229,1.133202e+00
wcs_125,mismatch,136,20261045,wcs,hbt_wcs_mismatch,mos_ss_mismatch,res_wcs_mismatch,125,3.30,10u,PASS,2.502608e+00,6.011642e-01,6.027141e-01,8.124711e-02,3.292075e-11,0.0015499,1.093773e+00
wcs_125,mismatch,137,20261046,wcs,hbt_wcs_mismatch,mos_ss_mismatch,res_wcs_mismatch,125,3.30,10u,PASS,2.498231e+00,5.982533e-01,6.036142e-01,7.610905e-02,3.787201e-11,0.0053609,1.099935e+00
wcs_125,mismatch,138,20261047,wcs,hbt_wcs_mismatch,mos_ss_mismatch,res_wcs_mismatch,125,3.30,10u,PASS,2.551984e+00,5.848263e-01,5.708151e-01,1.081783e-01,8.214420e-11,0.0140112,9.249559e-01
wcs_125,mismatch,139,20261048,wcs,hbt_wcs_mismatch,mos_ss_mismatch,res_wcs_mismatch,125,3.30,10u,PASS,2.507961e+00,5.988197e-01,5.947023e-01,5.316912e-02,1.773815e-11,0.0041174,1.067844e+00
wcs_125,mismatch,140,20261049,wcs,hbt_wcs_mismatch,mos_ss_mismatch,res_wcs_mismatch,125,3.30,10u,PASS,2.520009e+00,5.975709e-01,5.903169e-01,8.381571e-02,4.442916e-11,0.007254,1.035865e+00
wcs_125,mismatch,141,20261050,wcs,hbt_wcs_mismatch,mos_ss_mismatch,res_wcs_mismatch,125,3.30,10u,PASS,2.526654e+00,5.931410e-01,5.850835e-01,1.143802e-01,6.833747e-11,0.0080575,1.021622e+00
wcs_125,mismatch,142,20261051,wcs,hbt_wcs_mismatch,mos_ss_mismatch,res_wcs_mismatch,125,3.30,10u,PASS,2.507910e+00,5.993297e-01,6.048599e-01,6.960000e-02,2.907632e-11,0.0055302,1.077777e+00
wcs_125,mismatch,143,20261052,wcs,hbt_wcs_mismatch,mos_ss_mismatch,res_wcs_mismatch,125,3.30,10u,PASS,2.515586e+00,6.054009e-01,5.960269e-01,5.577521e-02,2.375817e-11,0.009374,1.054117e+00
wcs_125,mismatch,144,20261053,wcs,hbt_wcs_mismatch,mos_ss_mismatch,res_wcs_mismatch,125,3.30,10u,PASS,2.507747e+00,6.002471e-01,5.976588e-01,5.513637e-02,2.053799e-11,0.0025883,1.076527e+00
wcs_125,mismatch,145,20261054,wcs,hbt_wcs_mismatch,mos_ss_mismatch,res_wcs_mismatch,125,3.30,10u,PASS,2.517341e+00,5.950614e-01,5.968782e-01,1.145691e-01,5.756695e-11,0.0018168,1.033334e+00
wcs_125,mismatch,146,20261055,wcs,hbt_wcs_mismatch,mos_ss_mismatch,res_wcs_mismatch,125,3.30,10u,PASS,2.505981e+00,6.011550e-01,6.057924e-01,7.773439e-02,4.126695e-11,0.0046374,1.085543e+00
wcs_125,mismatch,147,20261056,wcs,hbt_wcs_mismatch,mos_ss_mismatch,res_wcs_mismatch,125,3.30,10u,PASS,2.496048e+00,6.070069e-01,6.097337e-01,5.728598e-02,2.409551e-11,0.0027268,1.129703e+00
wcs_125,mismatch,148,20261057,wcs,hbt_wcs_mismatch,mos_ss_mismatch,res_wcs_mismatch,125,3.30,10u,PASS,2.520738e+00,5.986584e-01,5.950166e-01,9.359943e-02,4.786905e-11,0.0036418,1.021175e+00
wcs_125,mismatch,149,20261058,wcs,hbt_wcs_mismatch,mos_ss_mismatch,res_wcs_mismatch,125,3.30,10u,PASS,2.514133e+00,5.938931e-01,5.942289e-01,7.825632e-02,5.011742e-11,0.0003358,1.042894e+00
wcs_125,mismatch,150,20261059,wcs,hbt_wcs_mismatch,mos_ss_mismatch,res_wcs_mismatch,125,3.30,10u,PASS,2.524012e+00,5.952377e-01,5.894093e-01,9.340455e-02,5.104806e-11,0.0058284,1.021132e+00
wcs_125,mismatch,151,20261060,wcs,hbt_wcs_mismatch,mos_ss_mismatch,res_wcs_mismatch,125,3.30,10u,PASS,2.511282e+00,5.974000e-01,5.976999e-01,8.409825e-02,4.254124e-11,0.0002999,1.072250e+00
wcs_125,mismatch,152,20261061,wcs,hbt_wcs_mismatch,mos_ss_mismatch,res_wcs_mismatch,125,3.30,10u,PASS,2.489759e+00,6.043503e-01,6.164606e-01,4.627078e-02,2.408822e-11,0.0121103,1.139042e+00
wcs_125,mismatch,153,20261062,wcs,hbt_wcs_mismatch,mos_ss_mismatch,res_wcs_mismatch,125,3.30,10u,PASS,2.513063e+00,5.998714e-01,6.020384e-01,5.585191e-02,2.282595e-11,0.002167,1.050356e+00
wcs_125,mismatch,154,20261063,wcs,hbt_wcs_mismatch,mos_ss_mismatch,res_wcs_mismatch,125,3.30,10u,PASS,2.515036e+00,5.962480e-01,5.978727e-01,1.441215e-01,1.411448e-10,0.0016247,1.058297e+00
wcs_125,mismatch,155,20261064,wcs,hbt_wcs_mismatch,mos_ss_mismatch,res_wcs_mismatch,125,3.30,10u,PASS,2.518939e+00,5.962111e-01,5.973007e-01,8.451568e-02,4.260518e-11,0.0010896,1.029055e+00
wcs_125,mismatch,156,20261065,wcs,hbt_wcs_mismatch,mos_ss_mismatch,res_wcs_mismatch,125,3.30,10u,PASS,2.498364e+00,6.079474e-01,6.057378e-01,4.679970e-02,2.504995e-11,0.0022096,1.107785e+00
wcs_125,mismatch,157,20261066,wcs,hbt_wcs_mismatch,mos_ss_mismatch,res_wcs_mismatch,125,3.30,10u,PASS,2.504051e+00,5.972532e-01,6.041228e-01,6.382149e-02,2.889716e-11,0.0068696,1.089912e+00
wcs_125,mismatch,158,20261067,wcs,hbt_wcs_mismatch,mos_ss_mismatch,res_wcs_mismatch,125,3.30,10u,PASS,2.514271e+00,6.046511e-01,5.996368e-01,5.642147e-02,2.836898e-11,0.0050143,1.051471e+00
wcs_125,mismatch,159,20261068,wcs,hbt_wcs_mismatch,mos_ss_mismatch,res_wcs_mismatch,125,3.30,10u,PASS,2.507015e+00,5.985721e-01,5.993040e-01,9.350453e-02,5.718507e-11,0.0007319,1.065698e+00
wcs_125,mismatch,160,20261069,wcs,hbt_wcs_mismatch,mos_ss_mismatch,res_wcs_mismatch,125,3.30,10u,PASS,2.547005e+00,5.806264e-01,5.735809e-01,3.671899e-01,1.241298e-08,0.0070455,9.462834e-01
wcs_125,mismatch,161,20261070,wcs,hbt_wcs_mismatch,mos_ss_mismatch,res_wcs_mismatch,125,3.30,10u,PASS,2.525500e+00,5.927977e-01,5.944162e-01,9.343081e-02,5.486410e-11,0.0016185,1.024164e+00
wcs_125,mismatch,162,20261071,wcs,hbt_wcs_mismatch,mos_ss_mismatch,res_wcs_mismatch,125,3.30,10u,PASS,2.502394e+00,6.050614e-01,6.017704e-01,6.185674e-02,2.693237e-11,0.003291,1.103367e+00
wcs_125,mismatch,163,20261072,wcs,hbt_wcs_mismatch,mos_ss_mismatch,res_wcs_mismatch,125,3.30,10u,PASS,2.503997e+00,6.060516e-01,6.041545e-01,5.523192e-02,2.142073e-11,0.0018971,1.079201e+00
wcs_125,mismatch,164,20261073,wcs,hbt_wcs_mismatch,mos_ss_mismatch,res_wcs_mismatch,125,3.30,10u,PASS,2.513275e+00,5.961447e-01,6.024873e-01,9.263069e-02,5.155402e-11,0.0063426,1.054140e+00
wcs_125,mismatch,165,20261074,wcs,hbt_wcs_mismatch,mos_ss_mismatch,res_wcs_mismatch,125,3.30,10u,PASS,2.500069e+00,5.977631e-01,6.025551e-01,7.695050e-02,3.742354e-11,0.004792,1.104354e+00
wcs_125,mismatch,166,20261075,wcs,hbt_wcs_mismatch,mos_ss_mismatch,res_wcs_mismatch,125,3.30,10u,PASS,2.512743e+00,5.984880e-01,6.013868e-01,6.121445e-02,3.250592e-11,0.0028988,1.053775e+00
wcs_125,mismatch,167,20261076,wcs,hbt_wcs_mismatch,mos_ss_mismatch,res_wcs_mismatch,125,3.30,10u,PASS,2.534867e+00,5.878550e-01,5.822529e-01,2.354790e-01,8.589268e-10,0.0056021,9.804115e-01
wcs_125,mismatch,168,20261077,wcs,hbt_wcs_mismatch,mos_ss_mismatch,res_wcs_mismatch,125,3.30,10u,PASS,2.482056e+00,6.060090e-01,6.153587e-01,5.175767e-02,2.185361e-11,0.0093497,1.164061e+00
wcs_125,mismatch,169,20261078,wcs,hbt_wcs_mismatch,mos_ss_mismatch,res_wcs_mismatch,125,3.30,10u,PASS,2.505279e+00,5.977818e-01,6.009593e-01,7.031108e-02,2.993035e-11,0.0031775,1.077887e+00
wcs_125,mismatch,170,20261079,wcs,hbt_wcs_mismatch,mos_ss_mismatch,res_wcs_mismatch,125,3.30,10u,PASS,2.524434e+00,5.916347e-01,5.906302e-01,9.673196e-02,6.231677e-11,0.0010045,1.009566e+00
wcs_125,mismatch,171,20261080,wcs,hbt_wcs_mismatch,mos_ss_mismatch,res_wcs_mismatch,125,3.30,10u,PASS,2.523737e+00,5.918632e-01,5.873798e-01,8.024354e-02,4.487336e-11,0.0044834,1.022151e+00
wcs_125,mismatch,172,20261081,wcs,hbt_wcs_mismatch,mos_ss_mismatch,res_wcs_mismatch,125,3.30,10u,PASS,2.512640e+00,5.923895e-01,5.989885e-01,1.176588e-01,7.750864e-11,0.006599,1.057119e+00
wcs_125,mismatch,173,20261082,wcs,hbt_wcs_mismatch,mos_ss_mismatch,res_wcs_mismatch,125,3.30,10u,PASS,2.528796e+00,5.910116e-01,5.813785e-01,9.878267e-02,6.235825e-11,0.0096331,1.006319e+00
wcs_125,mismatch,174,20261083,wcs,hbt_wcs_mismatch,mos_ss_mismatch,res_wcs_mismatch,125,3.30,10u,PASS,2.520877e+00,5.928168e-01,5.901222e-01,1.641547e-01,2.064201e-10,0.0026946,1.024064e+00
wcs_125,mismatch,175,20261084,wcs,hbt_wcs_mismatch,mos_ss_mismatch,res_wcs_mismatch,125,3.30,10u,PASS,2.525847e+00,5.933974e-01,5.860907e-01,1.028196e-01,5.123359e-11,0.0073067,1.019520e+00
wcs_125,mismatch,176,20261085,wcs,hbt_wcs_mismatch,mos_ss_mismatch,res_wcs_mismatch,125,3.30,10u,PASS,2.505690e+00,5.995681e-01,6.014250e-01,8.276723e-02,3.866343e-11,0.0018569,1.068819e+00
wcs_125,mismatch,177,20261086,wcs,hbt_wcs_mismatch,mos_ss_mismatch,res_wcs_mismatch,125,3.30,10u,PASS,2.537287e+00,5.837171e-01,5.777967e-01,2.528870e-01,1.093390e-09,0.0059204,9.804484e-01
wcs_125,mismatch,178,20261087,wcs,hbt_wcs_mismatch,mos_ss_mismatch,res_wcs_mismatch,125,3.30,10u,PASS,2.514790e+00,6.035847e-01,6.028880e-01,5.284031e-02,2.379341e-11,0.0006967,1.048333e+00
wcs_125,mismatch,179,20261088,wcs,hbt_wcs_mismatch,mos_ss_mismatch,res_wcs_mismatch,125,3.30,10u,PASS,2.532415e+00,5.862763e-01,5.840906e-01,1.952980e-01,4.258216e-10,0.0021857,9.915430e-01
wcs_125,mismatch,180,20261089,wcs,hbt_wcs_mismatch,mos_ss_mismatch,res_wcs_mismatch,125,3.30,10u,PASS,2.561916e+00,5.798009e-01,5.627160e-01,3.042741e-01,2.806740e-09,0.0170849,9.068983e-01
wcs_125,mismatch,181,20261090,wcs,hbt_wcs_mismatch,mos_ss_mismatch,res_wcs_mismatch,125,3.30,10u,PASS,2.502190e+00,6.045076e-01,5.993023e-01,5.221028e-02,2.164607e-11,0.0052053,1.090181e+00
wcs_125,mismatch,182,20261091,wcs,hbt_wcs_mismatch,mos_ss_mismatch,res_wcs_mismatch,125,3.30,10u,PASS,2.516560e+00,6.019043e-01,5.914362e-01,6.789348e-02,3.277660e-11,0.0104681,1.038690e+00
wcs_125,mismatch,183,20261092,wcs,hbt_wcs_mismatch,mos_ss_mismatch,res_wcs_mismatch,125,3.30,10u,PASS,2.541257e+00,5.850730e-01,5.749274e-01,2.605607e-01,1.643862e-09,0.0101456,9.620619e-01
wcs_125,mismatch,184,20261093,wcs,hbt_wcs_mismatch,mos_ss_mismatch,res_wcs_mismatch,125,3.30,10u,PASS,2.501474e+00,6.024395e-01,5.998468e-01,5.797696e-02,2.544541e-11,0.0025927,1.095175e+00
wcs_125,mismatch,185,20261094,wcs,hbt_wcs_mismatch,mos_ss_mismatch,res_wcs_mismatch,125,3.30,10u,PASS,2.523850e+00,5.879740e-01,5.905397e-01,1.515865e-01,1.615377e-10,0.0025657,1.022306e+00
wcs_125,mismatch,186,20261095,wcs,hbt_wcs_mismatch,mos_ss_mismatch,res_wcs_mismatch,125,3.30,10u,PASS,2.520691e+00,5.991515e-01,5.935631e-01,1.041914e-01,6.601822e-11,0.0055884,1.041768e+00
wcs_125,mismatch,187,20261096,wcs,hbt_wcs_mismatch,mos_ss_mismatch,res_wcs_mismatch,125,3.30,10u,PASS,2.509474e+00,5.981234e-01,5.943149e-01,1.050372e-01,7.229436e-11,0.0038085,1.064423e+00
wcs_125,mismatch,188,20261097,wcs,hbt_wcs_mismatch,mos_ss_mismatch,res_wcs_mismatch,125,3.30,10u,PASS,2.495978e+00,6.062122e-01,6.132202e-01,6.039451e-02,3.123828e-11,0.007008,1.112177e+00
wcs_125,mismatch,189,20261098,wcs,hbt_wcs_mismatch,mos_ss_mismatch,res_wcs_mismatch,125,3.30,10u,PASS,2.508740e+00,6.007914e-01,5.994526e-01,7.412878e-02,3.457769e-11,0.0013388,1.078964e+00
wcs_125,mismatch,190,20261099,wcs,hbt_wcs_mismatch,mos_ss_mismatch,res_wcs_mismatch,125,3.30,10u,PASS,2.496640e+00,6.035411e-01,6.044351e-01,4.836000e-02,2.310240e-11,0.000894,1.118272e+00
wcs_125,mismatch,191,20261100,wcs,hbt_wcs_mismatch,mos_ss_mismatch,res_wcs_mismatch,125,3.30,10u,PASS,2.540231e+00,5.905612e-01,5.802159e-01,1.558868e-01,2.211238e-10,0.0103453,9.674595e-01
wcs_125,mismatch,192,20261101,wcs,hbt_wcs_mismatch,mos_ss_mismatch,res_wcs_mismatch,125,3.30,10u,PASS,2.494291e+00,6.040319e-01,6.098421e-01,6.517432e-02,3.154265e-11,0.0058102,1.116002e+00
wcs_125,mismatch,193,20261102,wcs,hbt_wcs_mismatch,mos_ss_mismatch,res_wcs_mismatch,125,3.30,10u,PASS,2.508191e+00,5.989930e-01,5.975146e-01,1.039103e-01,6.297065e-11,0.0014784,1.074992e+00
wcs_125,mismatch,194,20261103,wcs,hbt_wcs_mismatch,mos_ss_mismatch,res_wcs_mismatch,125,3.30,10u,PASS,2.509113e+00,6.008691e-01,5.990939e-01,8.005002e-02,3.613573e-11,0.0017752,1.065556e+00
wcs_125,mismatch,195,20261104,wcs,hbt_wcs_mismatch,mos_ss_mismatch,res_wcs_mismatch,125,3.30,10u,PASS,2.507852e+00,6.009264e-01,6.022573e-01,7.839359e-02,3.984722e-11,0.0013309,1.072478e+00
wcs_125,mismatch,196,20261105,wcs,hbt_wcs_mismatch,mos_ss_mismatch,res_wcs_mismatch,125,3.30,10u,PASS,2.519677e+00,5.916521e-01,5.926014e-01,1.209881e-01,7.704789e-11,0.0009493,1.026326e+00
wcs_125,mismatch,197,20261106,wcs,hbt_wcs_mismatch,mos_ss_mismatch,res_wcs_mismatch,125,3.30,10u,PASS,2.548768e+00,5.896092e-01,5.794249e-01,2.038422e-01,3.999591e-10,0.0101843,9.396668e-01
wcs_125,mismatch,198,20261107,wcs,hbt_wcs_mismatch,mos_ss_mismatch,res_wcs_mismatch,125,3.30,10u,PASS,2.504869e+00,6.033136e-01,6.044054e-01,6.046457e-02,2.700761e-11,0.0010918,1.077644e+00
wcs_125,mismatch,199,20261108,wcs,hbt_wcs_mismatch,mos_ss_mismatch,res_wcs_mismatch,125,3.30,10u,PASS,2.537012e+00,5.852547e-01,5.812022e-01,2.687677e-01,1.565805e-09,0.0040525,9.647475e-01
wcs_125,mismatch,200,20261109,wcs,hbt_wcs_mismatch,mos_ss_mismatch,res_wcs_mismatch,125,3.30,10u,PASS,2.540399e+00,5.875853e-01,5.740070e-01,1.685625e-01,2.475513e-10,0.0135783,9.801775e-01
wcs_125,mismatch,201,20261110,wcs,hbt_wcs_mismatch,mos_ss_mismatch,res_wcs_mismatch,125,3.30,10u,PASS,2.484679e+00,6.114487e-01,6.150062e-01,4.308675e-02,2.099515e-11,0.0035575,1.161835e+00
wcs_125,mismatch,202,20261111,wcs,hbt_wcs_mismatch,mos_ss_mismatch,res_wcs_mismatch,125,3.30,10u,PASS,2.532693e+00,5.914582e-01,5.839741e-01,1.763144e-01,1.864599e-10,0.0074841,9.939231e-01
wcs_125,mismatch,203,20261112,wcs,hbt_wcs_mismatch,mos_ss_mismatch,res_wcs_mismatch,125,3.30,10u,PASS,2.522858e+00,5.929499e-01,5.929654e-01,1.094026e-01,5.748616e-11,1.55e-05,1.014209e+00
wcs_125,mismatch,204,20261113,wcs,hbt_wcs_mismatch,mos_ss_mismatch,res_wcs_mismatch,125,3.30,10u,PASS,2.515194e+00,5.996603e-01,5.940788e-01,8.041090e-02,3.895509e-11,0.0055815,1.042995e+00
wcs_125,mismatch,205,20261114,wcs,hbt_wcs_mismatch,mos_ss_mismatch,res_wcs_mismatch,125,3.30,10u,PASS,2.505780e+00,5.924254e-01,5.951247e-01,1.074799e-01,5.889693e-11,0.0026993,1.077315e+00
wcs_125,mismatch,206,20261115,wcs,hbt_wcs_mismatch,mos_ss_mismatch,res_wcs_mismatch,125,3.30,10u,PASS,2.508910e+00,5.985056e-01,6.000411e-01,6.980372e-02,3.036136e-11,0.0015355,1.066743e+00
wcs_125,mismatch,207,20261116,wcs,hbt_wcs_mismatch,mos_ss_mismatch,res_wcs_mismatch,125,3.30,10u,PASS,2.527761e+00,5.885949e-01,5.833853e-01,1.203090e-01,8.918045e-11,0.0052096,1.013850e+00
wcs_125,mismatch,208,20261117,wcs,hbt_wcs_mismatch,mos_ss_mismatch,res_wcs_mismatch,125,3.30,10u,PASS,2.519560e+00,5.970257e-01,5.943855e-01,1.182120e-01,9.405417e-11,0.0026402,1.039872e+00
wcs_125,mismatch,209,20261118,wcs,hbt_wcs_mismatch,mos_ss_mismatch,res_wcs_mismatch,125,3.30,10u,PASS,2.522577e+00,5.934660e-01,5.890590e-01,9.269305e-02,5.938274e-11,0.004407,1.016721e+00
wcs_125,mismatch,210,20261119,wcs,hbt_wcs_mismatch,mos_ss_mismatch,res_wcs_mismatch,125,3.30,10u,PASS,2.543049e+00,5.914705e-01,5.802220e-01,9.438556e-02,4.588307e-11,0.0112485,9.616625e-01
wcs_125,mismatch,211,20261120,wcs,hbt_wcs_mismatch,mos_ss_mismatch,res_wcs_mismatch,125,3.30,10u,PASS,2.513388e+00,5.970100e-01,5.924682e-01,6.482518e-02,3.388773e-11,0.0045418,1.059864e+00
wcs_125,mismatch,212,20261121,wcs,hbt_wcs_mismatch,mos_ss_mismatch,res_wcs_mismatch,125,3.30,10u,PASS,2.514705e+00,5.912099e-01,5.984950e-01,1.123449e-01,6.318805e-11,0.0072851,1.045205e+00
wcs_125,mismatch,213,20261122,wcs,hbt_wcs_mismatch,mos_ss_mismatch,res_wcs_mismatch,125,3.30,10u,PASS,2.493121e+00,6.049448e-01,6.130808e-01,5.155011e-02,2.164227e-11,0.008136,1.119888e+00
wcs_125,mismatch,214,20261123,wcs,hbt_wcs_mismatch,mos_ss_mismatch,res_wcs_mismatch,125,3.30,10u,PASS,2.496305e+00,6.057577e-01,6.116148e-01,5.579273e-02,2.096460e-11,0.0058571,1.122871e+00
wcs_125,mismatch,215,20261124,wcs,hbt_wcs_mismatch,mos_ss_mismatch,res_wcs_mismatch,125,3.30,10u,PASS,2.531686e+00,5.902267e-01,5.811233e-01,9.674754e-02,5.578899e-11,0.0091034,9.860468e-01
wcs_125,mismatch,216,20261125,wcs,hbt_wcs_mismatch,mos_ss_mismatch,res_wcs_mismatch,125,3.30,10u,PASS,2.520286e+00,5.922567e-01,5.876483e-01,1.126693e-01,8.466553e-11,0.0046084,1.028054e+00
wcs_125,mismatch,217,20261126,wcs,hbt_wcs_mismatch,mos_ss_mismatch,res_wcs_mismatch,125,3.30,10u,PASS,2.496313e+00,6.093183e-01,6.106442e-01,5.254636e-02,2.390913e-11,0.0013259,1.103286e+00
wcs_125,mismatch,218,20261127,wcs,hbt_wcs_mismatch,mos_ss_mismatch,res_wcs_mismatch,125,3.30,10u,PASS,2.506528e+00,6.040386e-01,6.093203e-01,5.131374e-02,2.213063e-11,0.0052817,1.089180e+00
wcs_125,mismatch,219,20261128,wcs,hbt_wcs_mismatch,mos_ss_mismatch,res_wcs_mismatch,125,3.30,10u,PASS,2.504793e+00,6.040055e-01,6.000626e-01,5.405170e-02,1.829620e-11,0.0039429,1.077749e+00
wcs_125,mismatch,220,20261129,wcs,hbt_wcs_mismatch,mos_ss_mismatch,res_wcs_mismatch,125,3.30,10u,PASS,2.514888e+00,6.005171e-01,5.983289e-01,6.084201e-02,2.774912e-11,0.0021882,1.051536e+00
wcs_125,mismatch,221,20261130,wcs,hbt_wcs_mismatch,mos_ss_mismatch,res_wcs_mismatch,125,3.30,10u,PASS,2.510914e+00,5.978187e-01,5.994941e-01,7.342061e-02,3.753609e-11,0.0016754,1.071984e+00
wcs_125,mismatch,222,20261131,wcs,hbt_wcs_mismatch,mos_ss_mismatch,res_wcs_mismatch,125,3.30,10u,PASS,2.518021e+00,5.971645e-01,5.882220e-01,9.201565e-02,6.111079e-11,0.0089425,1.037935e+00
wcs_125,mismatch,223,20261132,wcs,hbt_wcs_mismatch,mos_ss_mismatch,res_wcs_mismatch,125,3.30,10u,PASS,2.514190e+00,5.968402e-01,5.941732e-01,7.907448e-02,4.692261e-11,0.002667,1.046212e+00
wcs_125,mismatch,224,20261133,wcs,hbt_wcs_mismatch,mos_ss_mismatch,res_wcs_mismatch,125,3.30,10u,PASS,2.516754e+00,5.955481e-01,5.920174e-01,1.036440e-01,4.446272e-11,0.0035307,1.034359e+00
wcs_125,mismatch,225,20261134,wcs,hbt_wcs_mismatch,mos_ss_mismatch,res_wcs_mismatch,125,3.30,10u,PASS,2.515288e+00,5.984969e-01,6.012069e-01,8.663876e-02,4.393394e-11,0.00271,1.037752e+00
wcs_125,mismatch,226,20261135,wcs,hbt_wcs_mismatch,mos_ss_mismatch,res_wcs_mismatch,125,3.30,10u,PASS,2.505381e+00,6.019904e-01,6.060653e-01,5.557930e-02,2.327211e-11,0.0040749,1.085120e+00
wcs_125,mismatch,227,20261136,wcs,hbt_wcs_mismatch,mos_ss_mismatch,res_wcs_mismatch,125,3.30,10u,PASS,2.504575e+00,5.960013e-01,6.023760e-01,1.201901e-01,7.424394e-11,0.0063747,1.076110e+00
wcs_125,mismatch,228,20261137,wcs,hbt_wcs_mismatch,mos_ss_mismatch,res_wcs_mismatch,125,3.30,10u,PASS,2.504053e+00,6.002839e-01,6.028377e-01,6.826929e-02,3.225413e-11,0.0025538,1.083561e+00
wcs_125,mismatch,229,20261138,wcs,hbt_wcs_mismatch,mos_ss_mismatch,res_wcs_mismatch,125,3.30,10u,PASS,2.518962e+00,5.930968e-01,5.912382e-01,9.953289e-02,5.246958e-11,0.0018586,1.032313e+00
wcs_125,mismatch,230,20261139,wcs,hbt_wcs_mismatch,mos_ss_mismatch,res_wcs_mismatch,125,3.30,10u,PASS,2.496104e+00,6.037868e-01,6.091355e-01,5.821109e-02,2.633620e-11,0.0053487,1.116086e+00
wcs_125,mismatch,231,20261140,wcs,hbt_wcs_mismatch,mos_ss_mismatch,res_wcs_mismatch,125,3.30,10u,PASS,2.505514e+00,5.979030e-01,6.010460e-01,5.966317e-02,3.156421e-11,0.003143,1.078122e+00
wcs_125,mismatch,232,20261141,wcs,hbt_wcs_mismatch,mos_ss_mismatch,res_wcs_mismatch,125,3.30,10u,PASS,2.502629e+00,5.980469e-01,5.994048e-01,6.188628e-02,2.427052e-11,0.0013579,1.098446e+00
wcs_125,mismatch,233,20261142,wcs,hbt_wcs_mismatch,mos_ss_mismatch,res_wcs_mismatch,125,3.30,10u,PASS,2.516585e+00,5.983325e-01,5.973631e-01,8.585670e-02,3.222558e-11,0.0009694,1.042600e+00
wcs_125,mismatch,234,20261143,wcs,hbt_wcs_mismatch,mos_ss_mismatch,res_wcs_mismatch,125,3.30,10u,PASS,2.516711e+00,5.951485e-01,5.993311e-01,1.207401e-01,1.044595e-10,0.0041826,1.047190e+00
wcs_125,mismatch,235,20261144,wcs,hbt_wcs_mismatch,mos_ss_mismatch,res_wcs_mismatch,125,3.30,10u,PASS,2.490679e+00,6.091741e-01,6.172563e-01,4.480080e-02,1.727514e-11,0.0080822,1.149186e+00
wcs_125,mismatch,236,20261145,wcs,hbt_wcs_mismatch,mos_ss_mismatch,res_wcs_mismatch,125,3.30,10u,PASS,2.524463e+00,5.950469e-01,5.871414e-01,8.831832e-02,5.101766e-11,0.0079055,1.016186e+00
wcs_125,mismatch,237,20261146,wcs,hbt_wcs_mismatch,mos_ss_mismatch,res_wcs_mismatch,125,3.30,10u,PASS,2.506318e+00,5.999764e-01,6.002691e-01,6.213262e-02,2.406040e-11,0.0002927,1.070193e+00
wcs_125,mismatch,238,20261147,wcs,hbt_wcs_mismatch,mos_ss_mismatch,res_wcs_mismatch,125,3.30,10u,PASS,2.516630e+00,6.023396e-01,5.971164e-01,8.002632e-02,4.808700e-11,0.0052232,1.035650e+00
wcs_125,mismatch,239,20261148,wcs,hbt_wcs_mismatch,mos_ss_mismatch,res_wcs_mismatch,125,3.30,10u,PASS,2.485590e+00,6.062211e-01,6.127531e-01,6.891383e-02,2.975901e-11,0.006532,1.150183e+00
wcs_125,mismatch,240,20261149,wcs,hbt_wcs_mismatch,mos_ss_mismatch,res_wcs_mismatch,125,3.30,10u,PASS,2.563187e+00,5.831053e-01,5.726781e-01,1.633103e-01,1.664784e-10,0.0104272,8.921598e-01
wcs_125,mismatch,241,20261150,wcs,hbt_wcs_mismatch,mos_ss_mismatch,res_wcs_mismatch,125,3.30,10u,PASS,2.507968e+00,5.968268e-01,5.926889e-01,8.280513e-02,4.546161e-11,0.0041379,1.063450e+00
wcs_125,mismatch,242,20261151,wcs,hbt_wcs_mismatch,mos_ss_mismatch,res_wcs_mismatch,125,3.30,10u,PASS,2.535342e+00,5.884215e-01,5.860016e-01,1.361527e-01,1.387670e-10,0.0024199,9.829099e-01
wcs_125,mismatch,243,20261152,wcs,hbt_wcs_mismatch,mos_ss_mismatch,res_wcs_mismatch,125,3.30,10u,PASS,2.557605e+00,5.816297e-01,5.677765e-01,3.470154e-01,6.117504e-09,0.0138532,9.105512e-01
wcs_125,mismatch,244,20261153,wcs,hbt_wcs_mismatch,mos_ss_mismatch,res_wcs_mismatch,125,3.30,10u,PASS,2.514483e+00,5.940192e-01,5.994275e-01,8.155769e-02,3.827125e-11,0.0054083,1.047580e+00
wcs_125,mismatch,245,20261154,wcs,hbt_wcs_mismatch,mos_ss_mismatch,res_wcs_mismatch,125,3.30,10u,PASS,2.521921e+00,5.949395e-01,5.958536e-01,7.129859e-02,2.860687e-11,0.0009141,1.026319e+00
wcs_125,mismatch,246,20261155,wcs,hbt_wcs_mismatch,mos_ss_mismatch,res_wcs_mismatch,125,3.30,10u,PASS,2.527457e+00,5.936314e-01,5.861299e-01,7.384347e-02,4.155691e-11,0.0075015,1.014634e+00
wcs_125,mismatch,247,20261156,wcs,hbt_wcs_mismatch,mos_ss_mismatch,res_wcs_mismatch,125,3.30,10u,PASS,2.517821e+00,5.970539e-01,5.995260e-01,7.810410e-02,3.486229e-11,0.0024721,1.034453e+00
wcs_125,mismatch,248,20261157,wcs,hbt_wcs_mismatch,mos_ss_mismatch,res_wcs_mismatch,125,3.30,10u,PASS,2.508223e+00,6.006308e-01,6.033298e-01,7.578448e-02,3.912997e-11,0.002699,1.069400e+00
wcs_125,mismatch,249,20261158,wcs,hbt_wcs_mismatch,mos_ss_mismatch,res_wcs_mismatch,125,3.30,10u,PASS,2.531931e+00,5.945881e-01,5.820586e-01,7.803277e-02,3.139949e-11,0.0125295,9.928629e-01
wcs_125,mismatch,250,20261159,wcs,hbt_wcs_mismatch,mos_ss_mismatch,res_wcs_mismatch,125,3.30,10u,PASS,2.502345e+00,6.015958e-01,6.024084e-01,6.084369e-02,2.414098e-11,0.0008126,1.091742e+00
wcs_125,mismatch,251,20261160,wcs,hbt_wcs_mismatch,mos_ss_mismatch,res_wcs_mismatch,125,3.30,10u,PASS,2.529821e+00,5.889145e-01,5.849893e-01,1.393807e-01,1.328178e-10,0.0039252,9.828579e-01
wcs_125,mismatch,252,20261161,wcs,hbt_wcs_mismatch,mos_ss_mismatch,res_wcs_mismatch,125,3.30,10u,PASS,2.514246e+00,5.956492e-01,5.944278e-01,8.827003e-02,4.855041e-11,0.0012214,1.055867e+00
wcs_125,mismatch,253,20261162,wcs,hbt_wcs_mismatch,mos_ss_mismatch,res_wcs_mismatch,125,3.30,10u,PASS,2.496855e+00,6.053717e-01,6.088808e-01,6.227413e-02,2.552560e-11,0.0035091,1.115591e+00
wcs_125,mismatch,254,20261163,wcs,hbt_wcs_mismatch,mos_ss_mismatch,res_wcs_mismatch,125,3.30,10u,PASS,2.509723e+00,6.006542e-01,5.958697e-01,5.335993e-02,2.675409e-11,0.0047845,1.053260e+00
wcs_125,mismatch,255,20261164,wcs,hbt_wcs_mismatch,mos_ss_mismatch,res_wcs_mismatch,125,3.30,10u,PASS,2.505236e+00,5.974627e-01,6.015097e-01,8.929971e-02,4.282128e-11,0.004047,1.076023e+00
wcs_125,mismatch,256,20261165,wcs,hbt_wcs_mismatch,mos_ss_mismatch,res_wcs_mismatch,125,3.30,10u,PASS,2.504997e+00,5.989010e-01,6.054578e-01,1.019454e-01,5.465203e-11,0.0065568,1.086323e+00
wcs_125,mismatch,257,20261166,wcs,hbt_wcs_mismatch,mos_ss_mismatch,res_wcs_mismatch,125,3.30,10u,PASS,2.497193e+00,6.117099e-01,6.031501e-01,4.269445e-02,2.337658e-11,0.0085598,1.105971e+00
wcs_125,mismatch,258,20261167,wcs,hbt_wcs_mismatch,mos_ss_mismatch,res_wcs_mismatch,125,3.30,10u,PASS,2.493953e+00,6.046938e-01,6.069578e-01,6.163312e-02,3.365239e-11,0.002264,1.125675e+00
wcs_125,mismatch,259,20261168,wcs,hbt_wcs_mismatch,mos_ss_mismatch,res_wcs_mismatch,125,3.30,10u,PASS,2.505169e+00,5.954036e-01,5.978548e-01,5.735533e-02,2.655140e-11,0.0024512,1.088258e+00
wcs_125,mismatch,260,20261169,wcs,hbt_wcs_mismatch,mos_ss_mismatch,res_wcs_mismatch,125,3.30,10u,PASS,2.507326e+00,5.977016e-01,5.971621e-01,8.622967e-02,5.634080e-11,0.0005395,1.081183e+00
wcs_125,mismatch,261,20261170,wcs,hbt_wcs_mismatch,mos_ss_mismatch,res_wcs_mismatch,125,3.30,10u,PASS,2.512157e+00,5.962404e-01,6.015007e-01,1.137109e-01,6.825714e-11,0.0052603,1.044480e+00
wcs_125,mismatch,262,20261171,wcs,hbt_wcs_mismatch,mos_ss_mismatch,res_wcs_mismatch,125,3.30,10u,PASS,2.522410e+00,5.917605e-01,5.896962e-01,7.243010e-02,3.054945e-11,0.0020643,1.023041e+00
wcs_125,mismatch,263,20261172,wcs,hbt_wcs_mismatch,mos_ss_mismatch,res_wcs_mismatch,125,3.30,10u,PASS,2.506839e+00,6.001258e-01,6.033723e-01,6.210235e-02,2.884081e-11,0.0032465,1.069495e+00
wcs_125,mismatch,264,20261173,wcs,hbt_wcs_mismatch,mos_ss_mismatch,res_wcs_mismatch,125,3.30,10u,PASS,2.496216e+00,6.054879e-01,6.139007e-01,5.252770e-02,3.184209e-11,0.0084128,1.127343e+00
wcs_125,mismatch,265,20261174,wcs,hbt_wcs_mismatch,mos_ss_mismatch,res_wcs_mismatch,125,3.30,10u,PASS,2.519999e+00,6.007179e-01,5.983360e-01,6.367635e-02,3.259783e-11,0.0023819,1.025893e+00
wcs_125,mismatch,266,20261175,wcs,hbt_wcs_mismatch,mos_ss_mismatch,res_wcs_mismatch,125,3.30,10u,PASS,2.498230e+00,6.060476e-01,6.081906e-01,6.177961e-02,2.980260e-11,0.002143,1.102708e+00
wcs_125,mismatch,267,20261176,wcs,hbt_wcs_mismatch,mos_ss_mismatch,res_wcs_mismatch,125,3.30,10u,PASS,2.507795e+00,6.050489e-01,6.021577e-01,6.129463e-02,2.443931e-11,0.0028912,1.077358e+00
wcs_125,mismatch,268,20261177,wcs,hbt_wcs_mismatch,mos_ss_mismatch,res_wcs_mismatch,125,3.30,10u,PASS,2.518308e+00,5.994199e-01,5.929264e-01,8.517451e-02,4.515057e-11,0.0064935,1.040113e+00
wcs_125,mismatch,269,20261178,wcs,hbt_wcs_mismatch,mos_ss_mismatch,res_wcs_mismatch,125,3.30,10u,PASS,2.531541e+00,5.893934e-01,5.845373e-01,1.015867e-01,5.566020e-11,0.0048561,9.975732e-01
wcs_125,mismatch,270,20261179,wcs,hbt_wcs_mismatch,mos_ss_mismatch,res_wcs_mismatch,125,3.30,10u,PASS,2.508541e+00,5.967099e-01,5.952994e-01,1.039197e-01,5.423983e-11,0.0014105,1.075943e+00
wcs_125,mismatch,271,20261180,wcs,hbt_wcs_mismatch,mos_ss_mismatch,res_wcs_mismatch,125,3.30,10u,PASS,2.516210e+00,5.976887e-01,5.923132e-01,8.507235e-02,4.390561e-11,0.0053755,1.041747e+00
wcs_125,mismatch,272,20261181,wcs,hbt_wcs_mismatch,mos_ss_mismatch,res_wcs_mismatch,125,3.30,10u,PASS,2.514918e+00,5.940466e-01,5.958279e-01,8.803360e-02,4.463648e-11,0.0017813,1.045135e+00
wcs_125,mismatch,273,20261182,wcs,hbt_wcs_mismatch,mos_ss_mismatch,res_wcs_mismatch,125,3.30,10u,PASS,2.517809e+00,5.913890e-01,5.984283e-01,1.087170e-01,6.225870e-11,0.0070393,1.038050e+00
wcs_125,mismatch,274,20261183,wcs,hbt_wcs_mismatch,mos_ss_mismatch,res_wcs_mismatch,125,3.30,10u,PASS,2.531191e+00,5.873040e-01,5.909388e-01,2.068933e-01,4.151391e-10,0.0036348,9.965609e-01
wcs_125,mismatch,275,20261184,wcs,hbt_wcs_mismatch,mos_ss_mismatch,res_wcs_mismatch,125,3.30,10u,PASS,2.513885e+00,5.917236e-01,5.939770e-01,8.759884e-02,4.999926e-11,0.0022534,1.055035e+00
wcs_125,mismatch,276,20261185,wcs,hbt_wcs_mismatch,mos_ss_mismatch,res_wcs_mismatch,125,3.30,10u,PASS,2.519663e+00,5.947770e-01,5.920389e-01,7.766619e-02,3.324575e-11,0.0027381,1.044087e+00
wcs_125,mismatch,277,20261186,wcs,hbt_wcs_mismatch,mos_ss_mismatch,res_wcs_mismatch,125,3.30,10u,PASS,2.510998e+00,5.963776e-01,5.973977e-01,1.218516e-01,7.216620e-11,0.0010201,1.057721e+00
wcs_125,mismatch,278,20261187,wcs,hbt_wcs_mismatch,mos_ss_mismatch,res_wcs_mismatch,125,3.30,10u,PASS,2.494979e+00,6.052627e-01,6.085813e-01,5.844702e-02,2.125234e-11,0.0033186,1.126520e+00
wcs_125,mismatch,279,20261188,wcs,hbt_wcs_mismatch,mos_ss_mismatch,res_wcs_mismatch,125,3.30,10u,PASS,2.487720e+00,6.091301e-01,6.175789e-01,4.968269e-02,2.635124e-11,0.0084488,1.144957e+00
wcs_125,mismatch,280,20261189,wcs,hbt_wcs_mismatch,mos_ss_mismatch,res_wcs_mismatch,125,3.30,10u,PASS,2.513675e+00,5.956184e-01,5.929925e-01,7.140236e-02,3.512753e-11,0.0026259,1.051519e+00
wcs_125,mismatch,281,20261190,wcs,hbt_wcs_mismatch,mos_ss_mismatch,res_wcs_mismatch,125,3.30,10u,PASS,2.527496e+00,5.893366e-01,5.911229e-01,1.968512e-01,4.671817e-10,0.0017863,1.014666e+00
wcs_125,mismatch,282,20261191,wcs,hbt_wcs_mismatch,mos_ss_mismatch,res_wcs_mismatch,125,3.30,10u,PASS,2.529753e+00,5.893758e-01,5.834762e-01,8.804115e-02,3.692647e-11,0.0058996,1.003466e+00
wcs_125,mismatch,283,20261192,wcs,hbt_wcs_mismatch,mos_ss_mismatch,res_wcs_mismatch,125,3.30,10u,PASS,2.499965e+00,6.095639e-01,6.050221e-01,4.806342e-02,2.019207e-11,0.0045418,1.106792e+00
wcs_125,mismatch,284,20261193,wcs,hbt_wcs_mismatch,mos_ss_mismatch,res_wcs_mismatch,125,3.30,10u,PASS,2.534486e+00,5.913690e-01,5.874977e-01,9.626356e-02,5.349027e-11,0.0038713,9.840703e-01
wcs_125,mismatch,285,20261194,wcs,hbt_wcs_mismatch,mos_ss_mismatch,res_wcs_mismatch,125,3.30,10u,PASS,2.500912e+00,6.047110e-01,6.120130e-01,5.718230e-02,2.707024e-11,0.007302,1.101449e+00
wcs_125,mismatch,286,20261195,wcs,hbt_wcs_mismatch,mos_ss_mismatch,res_wcs_mismatch,125,3.30,10u,PASS,2.521762e+00,5.973800e-01,5.937036e-01,5.868079e-02,2.377432e-11,0.0036764,1.020287e+00
wcs_125,mismatch,287,20261196,wcs,hbt_wcs_mismatch,mos_ss_mismatch,res_wcs_mismatch,125,3.30,10u,PASS,2.510441e+00,5.979295e-01,6.030342e-01,7.885394e-02,3.153592e-11,0.0051047,1.063508e+00
wcs_125,mismatch,288,20261197,wcs,hbt_wcs_mismatch,mos_ss_mismatch,res_wcs_mismatch,125,3.30,10u,PASS,2.520727e+00,5.977710e-01,5.893494e-01,7.617598e-02,2.880474e-11,0.0084216,1.025121e+00
wcs_125,mismatch,289,20261198,wcs,hbt_wcs_mismatch,mos_ss_mismatch,res_wcs_mismatch,125,3.30,10u,PASS,2.488272e+00,6.098151e-01,6.101895e-01,4.621678e-02,2.266784e-11,0.0003744,1.136399e+00
wcs_125,mismatch,290,20261199,wcs,hbt_wcs_mismatch,mos_ss_mismatch,res_wcs_mismatch,125,3.30,10u,PASS,2.530087e+00,5.975694e-01,5.914996e-01,8.572773e-02,4.346925e-11,0.0060698,9.883242e-01
wcs_125,mismatch,291,20261200,wcs,hbt_wcs_mismatch,mos_ss_mismatch,res_wcs_mismatch,125,3.30,10u,PASS,2.506982e+00,6.010181e-01,6.031194e-01,7.911554e-02,3.468638e-11,0.0021013,1.077876e+00
wcs_125,mismatch,292,20261201,wcs,hbt_wcs_mismatch,mos_ss_mismatch,res_wcs_mismatch,125,3.30,10u,PASS,2.520872e+00,5.952722e-01,5.940826e-01,9.345158e-02,4.548885e-11,0.0011896,1.028768e+00
wcs_125,mismatch,293,20261202,wcs,hbt_wcs_mismatch,mos_ss_mismatch,res_wcs_mismatch,125,3.30,10u,PASS,2.513711e+00,6.056270e-01,6.052455e-01,5.184600e-02,2.596492e-11,0.0003815,1.056638e+00
wcs_125,mismatch,294,20261203,wcs,hbt_wcs_mismatch,mos_ss_mismatch,res_wcs_mismatch,125,3.30,10u,PASS,2.528621e+00,5.871086e-01,5.865792e-01,1.606612e-01,1.483874e-10,0.0005294,9.979591e-01
wcs_125,mismatch,295,20261204,wcs,hbt_wcs_mismatch,mos_ss_mismatch,res_wcs_mismatch,125,3.30,10u,PASS,2.517579e+00,5.969261e-01,5.972179e-01,7.201253e-02,2.870689e-11,0.0002918,1.033456e+00
wcs_125,mismatch,296,20261205,wcs,hbt_wcs_mismatch,mos_ss_mismatch,res_wcs_mismatch,125,3.30,10u,PASS,2.485191e+00,6.162481e-01,6.168736e-01,4.105925e-02,1.813356e-11,0.0006255,1.143533e+00
wcs_125,mismatch,297,20261206,wcs,hbt_wcs_mismatch,mos_ss_mismatch,res_wcs_mismatch,125,3.30,10u,PASS,2.522070e+00,5.931675e-01,5.969888e-01,1.031455e-01,4.691823e-11,0.0038213,1.018968e+00
wcs_125,mismatch,298,20261207,wcs,hbt_wcs_mismatch,mos_ss_mismatch,res_wcs_mismatch,125,3.30,10u,PASS,2.493863e+00,6.091912e-01,6.102409e-01,5.381417e-02,2.561891e-11,0.0010497,1.123497e+00
wcs_125,mismatch,299,20261208,wcs,hbt_wcs_mismatch,mos_ss_mismatch,res_wcs_mismatch,125,3.30,10u,PASS,2.496973e+00,6.039614e-01,6.101302e-01,5.726506e-02,3.116658e-11,0.0061688,1.098670e+00
